1 308 2314 887 193 494 560 189 1207 187 1204 1448 1701 2254 485 178 2417 479 176 472 167 1011 165 464 1290 159 2488 1289 927 157 152 802 148 503 1160 779 289 2056 1742 925 279 1045 275 1239 270 2052 529 2377 854 260 1165 949 2544 2197 564 1025 247 237 736 1089 562 1351 508 507 713 301 458 1781 2481 50 48 47 823 1103 553 1255 409 408 1810 407 39 2494 31 3195 25 23 2001 1381 579 1122 2674 1627 1078 959 1119 2088 6 51 142 3196 877 450 128 1692 634 1061 444 108 107 913 1822 1057 1757 2363 1271 1749 78 76 75 1132 3262 2512 63 60 2170 59 57 2166 3035 1805 3160 1416 395 309 218 377 376 375 374 373 372 371 370 369 368 367 181 366 365 364 172 363 362 361 360 359 358 357 356 355 354 220 353 221 379 0 394 300 393 392 391 288 390 281 389 268 263 261 388 387 386 253 250 385 243 384 383 382 381 235 380 231 378 352 246 351 329 328 327 49 326 325 324 46 323 322 321 320 319 318 37 28 317 315 314 313 312 311 310 5 2 158 1 54 330 316 332 349 331 350 141 348 347 346 124 344 343 120 118 342 112 345 340 333 334 341 336 79 85 337 335 91 338 102
2 537 538 539 281 540 541 283 390 543 536 291 544 547 545 546 292 293 542 535 526 533 521 548 522 523 524 525 257 258 262 261 260 527 528 529 530 531 532 270 275 534 549 102 295 3049 137 1037 1632 95 966 1227 335 799 46 10 397 3 2 396 1 395 520 322 2390 802 888 296 394 551 552 399 398 1363 305 779 1220 854 252 564 246 243 241 384 1089 225 550 254 400 247 451 131 452 453 454 455 139 450 456 457 142 458 459 150 460 155 141 156 347 449 441 442 443 108 444 340 445 128 111 447 116 342 117 119 448 126 446 98 157 158 476 477 364 478 479 480 481 475 482 483 484 181 485 486 487 183 179 461 176 473 462 162 463 358 464 465 359 474 466 468 469 360 361 470 471 472 467 440 96 439 42 408 409 320 410 323 411 40 47 327 328 412 413 414 415 416 49 417 407 406 8 11 12 14 18 313 403 319 21 404 315 25 316 28 35 405 22 331 418 419 76 429 78 430 431 432 84 428 433 89 90 434 435 436 437 438 337 488 489 74 420 56 57 421 62 63 422 423 66 424 67 425 71 72 426 336 427 519 402 401 492 372 504 503 502 501 500 499 202 198 497 496 495 494 370 493 367 189 188 491 187 490 505 374 498 375 518 517 506 238 237 516 235 234 233 515 514 244 512 513 211 507 223 215 509 510
4 336 187 1001 1005 348 1147 1115 1614 1553 623 1588 275 622 552 551 394 790 326 208 31 109 621 297 77 612 613 614 84 86 615 616 90 439 617 98 555 100 102 618 619 620 106 789 774 788 773 772 771 770 769 768 767 766 429 280 108 764 763 762 278 761 760 759 538 296 283 285 787 786 785 784 292 783 782 781 390 780 544 778 391 289 290 777 776 775 779 76 416 610 579 313 580 581 582 583 584 585 578 586 21 587 22 23 25 588 589 590 403 34 17 576 309 567 568 569 570 0 1 571 577 2 572 573 398 574 401 575 10 15 5 611 405 43 602 603 604 57 605 58 421 422 601 423 65 424 607 67 608 609 73 74 606 39 600 276 591 409 322 411 592 593 46 47 599 49 53 594 413 595 415 596 597 598 50 758 765 757 471 679 678 677 360 676 675 467 674 673 672 671 680 670 669 668 165 465 667 666 665 664 663 662 161 661 466 681 682 473 698 188 697 696 695 183 694 182 693 181 692 691 690 689 178 688 177 687 686 481 685 684 475 176 474 170 683 353 699 352 659 638 450 637 345 636 119 635 634 117 342 633 632 133 115 630 629 628 447 113 112 627 626 625 341 111 445 631 639 135 640 156 155 658 657 656 152 151 150 655 654 653 652 145 651 650 649 141 648 139 647 646 645 644 643 642 454 641 660 273 700 702 564 743 742 741 740 739 738 737 244 241 238 236 736 735 383 734 234 733 732 731 730 729 515 744 232 249 252 756 755 530 268 754 753 752 267 751 529 750 264 749 526 258 257 387 525 748 256 255 747 746 745 701 207 717 223 722 721 720 719 211 718 709 716 222 624 714 505 713 372 712 504 711 503 710 715 508 723 230 189 191 703 367 368 704 705 493 193 706 707 495 198 708 199 202 728 727 726 725 724
5 3107 893 1842 2351 434 341 121 336 158 376 226 230 251 532 2423 3194 1810 2804 157 559 522 149 152 349 350 354 463 667 798 466 469 799 170 474 364 365 800 801 802 803 375 804 218 805 458 797 796 135 310 311 312 792 308 315 793 25 320 322 46 507 328 335 794 79 82 85 795 102 342 344 345 452 417 806 367 227 810 531 811 275 812 814 269 815 783 293 300 394 817 807 816 268 813 260 379 263 231 380 243 518 246 808 519 791 809 388
7 439 620 630 716 107 443 108 879 882 881 642 643 796 665 216 649 880 239 71 527 465 616 878 598 877 327 325 872 20 875 309 874 770 435 766 873 876 177 883 884 263 260 261 262 809 258 257 387 525 748 523 256 1590 1834 238 384 237 383 562 234 514 1368 807 721 1586 215 213 264 529 1171 277 5 669 1755 1596 296 295 550 566 548 1947 293 292 546 212 783 781 1175 2070 390 284 541 925 281 2119 2838 761 1651 759 2186 908 211 208 1151 476 2131 1829 680 905 471 799 360 675 840 466 892 2417 891 283 252 890 889 508 888 710 498 199 887 886 885 699 291 206 688 365 1042 205 1156 848 495 193 370 493 982 369 368 560 191 689 189 906 1701 490 845 1493 183 844 843 842 366 1385 483 2914 907 871 83 484 432 90 436 438 92 95 555 82 969 102 103 618 913 105 2447 1305 101 2363 2025 903 57 2223 60 62 606 428 610 922 76 77 1270 78 932 79 80 1271 431 1483 894 112 633 2296 142 145 146 458 147 654 835 975 150 152 153 1275 157 461 661 2779 141 603 1257 1140 342 1037 117 118 119 120 121 343 122 344 123 124 125 345 126 1995 1139 128 419 55 1033 395 308 818 1 2362 7 2470 8 9 1078 1032 310 311 10 312 13 792 798 1298 399 575 869 676 674 359 868 867 106 866 865 864 422 61 38 37 14 12 11 570 870 1473 576 409 1577 821 553 320 322 45 323 411 46 47 326 48 50 51 53 1426 1125 960 1685 1810 16 313 19 403 21 23 25 31 1299 590 820 1111 34 405 406 36 40 41 401 2 2081 1015 559 1550 2578 1017 367 198 200 203 202 204 802 500 501 1449 711 504 372 2084 505 373 1018 1019 207 375 2579 507 222 223 224 503 492 697 187 358 1849 1011 165 1065 1066 467 683 170 174 474 475 176 684 364 478 1067 1732 696 1293 186 1097 801 225 2279 182 181 485 1014 178 1266 486 464 1619 957 855 531 756 389 3156 1739 274 958 2423 275 1028 535 1070 1269 1107 815 289 290 391 779 1788 1073 1395 394 790 300 817 305 1363 552 860 269 268 2052 509 806 228 1117 1864 581 379 510 2173 1555 512 515 232 241 243 244 737 522 520 254 251 249 1025 226 564 246 245 1231 1456 808 518 739 1199 851 1009 331 2483 602 2512 423 828 998 335 67 2039 68 69 1001 1323 599 72 336 427 84 2226 2137 1055 337 1604 1056 910 91 1759 833 2192 73 600 597 416 1334 926 586 587 404 954 24 2308 26 316 1952 29 1050 1599 1658 30 33 596 415 595 330 413 594 2205 996 49 1715 1183 1600 324 955 328 1847 166 1189 348 453 2576 136 645 1781 139 140 2458 797 144 155 135 350 1289 927 158 352 354 1076 161 1008 663 1333 1290 1760 660 1725 349 1287 1114 134 2193 1762 2008 340 341 111 445 626 2731 2214 1374 629 346 1061 638 1063 1764 450 637 1724 347 132 2323
9 1407 998 2513 1057 622 1093 2044 2039 1094 321 28 579 586 49 1537 823 314 315 593 1103 412 1892 362 881 1107 250 740 518 242 513 187 478 1411 951 131 392 358 357 160 355 158 927 2124 1006 643 348 172 5 2510 547 114 1485 1691 62 1081 1111 820 961 18 310 395 899 318 900 382 4 901 251 532 565 876 1274 121 112 351 393 1570 782 541 540 1090 1045 2109 1239 236 1089 766 235 1402 1830 985 506 374 982 560 562
14 486 485 1546 170 1012 1288 355 158 1095 1061 1373 1668 1200 187 928 559 1553 512 1983 1231 250 253 522 1005 756 534 860 1100 1395 697 336 205 994 378 1575 1627 31 1785 326 55 921 431 1486 1633 1257 167 1383 328 681 1582 844 193 1040 1585 506 208 1438 529 1090 541 545 783 579 842 968 518 310 941 911 942 939 478 363 346 938 937 940 278 321 930 932 933 931 934 935
15 342 120 975 844 150 661 680 681 365 180 842 845 871 369 705 493 205 208 934 383 915 1089 736 237 191 618 45 968 943 559 485 2966 1 7 959 310 1473 313 22 25 318 41 1577 320 256 323 326 55 1129 57 864 431 86 617 748 393 809 663 665 464 165 474 478 1610 1611 486 187 3145 367 886 202 1208 373 207 375 512 944 518 941 742 1218 275 289 778 1008 387 158 140 261 260 1396 529 759 1046 522 548 581 2308 29 321 937 328 414 596 416 1093 1001 336 435 439 1723 340 447 131 796 797
17 961 952 581 953 954 33 955 49 341 346 133 951 645 956 178 225 957 726 243 958 275 276 1130 158 2 684 541 969 293 1112 146 2029 842 600 2578 1 18 638 947 948 183 562 748 949 261 946
18 987 529 267 752 988 278 769 539 528 925 540 989 775 279 986 208 261 984 990 495 983 506 206 985 728 234 562 736 748 258 809 526 260 861 825 783 824 599 847 998 999 69 1000 1001 1002 336 1003 88 434 437 439 997 545 413 995 547 548 296 2 5 991 399 579 314 316 29 992 993 593 994 996 370 157 982 821 411 965 333 61 966 430 967 86 90 968 617 969 970 103 409 106 964 37 2528 1619 2529 818 1 959 9 14 960 18 21 31 961 962 963 41 493 112 904 678 471 978 979 916 980 693 842 487 844 845 489 981 191 368 977 971 674 976 122 972 973 126 141 974 458 654 655 975 150 156 341 461 661 359 1004 857 879 385 244 242 944 1023 232 1022 512 1021 510 1020 375 1019 1018 505 517 941 1024 740 1005 544 392 860 543 776 534 373 1028 270 389 1027 1026 746 250 1025 272 498 538 198 464 1010 463 1009 663 1008 462 158 1007 155 139 348 347 346 202 165 1011 1006 362 1012 1017 1016 188 1015 696 187 559 485 474 186 478 480 367 1014
21 1117 1619 802 2749 486 478 1737 1971 358 1284 896 1063 1062 2144 298 242 244 941 1025 273 1460 394 863 779 1100 533 1842 250 241 1326 484 1053 1098 1789 310 553 44 2882 900 1790 121 122 1636 835 153 1637 433 1258 1997 196 216 2220 1879 266 278 1047 294 1240 2709 1656 1229 822 184 380 1099 723 562 1089 387 854 1090 540 541 782 951 579 1091 994 720 1092 998 607 1094 1057 1059 340 348 1095 140 350 927 1007 1093 462 1088 374 395 568 959 1077 1078 10 960 18 1079 821 50 1080 506 1081 98 114 147 1082 1083 167 1084 1085 1086 693 1087 193 57 379 2591 200 367 187 1097 1096
22 172 877 1093 607 131 348 1105 1104 362 325 1106 250 1006 1103 562 586 581 1107 720 193 1102 693 351 157 1101 418 553 395 28 855 1239 876 314 2820 1176 187 1793 192 961 18 939 1625 392 863
24 553 326 373 512 518 1231 941 1867 269 1217 275 288 942 322 851 187 900 486 202 498 478 452 1064 78 341 1842 794 585 547 545 854 1310 157 142 1822 795 559 827 1117 1112 1113 878 83 336 775 473 147 364 969 46 1111 510 246 1025 531 532 389 1114 1116 1115 552
27 1 310 893 25 1684 1299 40 320 322 1473 2 1232 959 1233 1234 22 37 323 46 1080 1129 1227 1235 45 1236 326 921 260 854 528 529 267 1045 2070 293 566 549 296 1596 389 1564 958 275 565 779 1808 394 2302 261 57 256 370 79 431 1822 100 2161 120 344 345 458 835 150 1637 1922 471 841 842 1792 844 183 489 1643 562 932 982 102 373 715 375 507 957 850 1863 1351 512 242 243 518 940 941 246 1809 756 1252 815 1251 269 372 522 187 478 82 955 321 822 1953 3042 328 413 998 1282 88 91 107 1374 346 347 130 158 1334 464 165 1613 1025 341 1249 829 336 937 1242 1241 1240 783 539 537 857 1239 263 262 1238 502 1237 157 152 915 1250 618 447 834 935 1243 1599 1098 1063 1248 944 713 1016 559 1203 1247 486 367 1246 485 1244 135 1008 355 469 474
28 208 256 1501 209 1585 1310 1368 1587 1935 383 1647 560 238 1780 1504 844 1143 365 1141 835 748 459 150 1488 1275 157 839 1083 167 1695 1383 916 1150 2989 1937 4 854 2634 5 2635 1369 2162 1522 583 1242 28 33 1526 49 327 147 328 1315 1165 2432 875 529 1651 536 1652 540 541 1312 2900 775 546 547 548 549 295 569 571 146 318 1228 1898 23 25 31 1111 1785 1381 407 409 821 553 323 46 2680 1125 19 580 313 1092 395 1679 1575 3118 2222 1626 9 1789 2020 1473 960 18 1122 1423 47 326 2910 50 830 1399 2883 632 2448 1274 1037 636 1634 124 973 345 126 128 3024 102 142 969 617 1905 57 1131 334 921 76 2146 1478 900 81 3278 431 612 432 87 2964 1320 524 1321 1251 286 1359 289 1377 565 1294 1297 1395 891 394 817 1804 1569 824 1464 3043 534 246 1354 2243 1025 253 2660 1987 928 1459 532 270 1564 272 275 756 552 2225 1253 1103 417 1264 1265 1061 1266 1263 223 1267 241 300 1269 760 1268 1116 1262 539 1261 16 1254 1255 322 53 426 1256 116 121 1257 1258 1259 493 382 1260 1866 243 779 1557 341 625 2786 1373 1539 130 3069 896 135 640 453 643 644 1193 452 1286 1409 2193 66 1094 1001 1322 336 1324 829 1406 2923 1113 1536 89 1057 622 1114 1542 742 242 559 2012 158 2743 486 485 178 1613 2139 176 467 165 464 2125 665 1291 2650 355 353 837 187 1449 1607 504 373 1553 507 226 2284 1736 850 509 512 510
30 322 46 341 807 433 941 269 389 157 1 1866 2756 1641 1258 1143 1638 1637 147 127 122 1642 121 967 932 78 44 1630 1123 13 310 1790 1997 196 212 713 1420 1671 2749 665 353 641 130 347 2157 2728 1326 1661 822 1656 1653 1937 1646 214
36 543 1253 1008 355 353 158 1007 660 657 1727 1726 2458 139 1193 645 348 133 1063 1963 2436 346 1540 879 161 1290 162 1334 478 364 684 1730 2010 475 176 175 474 171 1962 1666 469 467 1065 1011 165 1970 358 463 1728 665 1798 1266 1573 1005 72 1001 71 1279 69 1094 67 335 424 66 998 423 599 597 596 415 2717 413 996 328 327 1323 829 1265 1003 2786 341 445 109 1763 1723 108 1797 107 1417 1373 622 1057 2514 2326 2042 1056 1720 85 433 2156 83 620 178 1014 485 1218 389 532 2395 756 928 2052 754 1215 522 521 1809 253 250 564 1025 2467 248 246 941 1231 272 274 2400 275 395 1141 969 1108 552 1768 1363 305 394 300 1866 1074 544 565 778 291 1676 1377 542 283 1251 534 779 738 737 243 503 1860 1347 500 802 499 1452 202 2078 199 504 198 367 559 1550 698 188 1419 187 2234 182 486 496 49 1617 373 244 241 1558 726 1557 512 1556 510 851 2441 713 889 3082 2917 1861 225 508 507 805 2557 375 505 1351 324 223 592 2093 441 3395 1112 102 101 2446 555 97 95 1822 438 436 2497 612 900 76 1748 1132 426 921 1632 2178 1884 621 2689 1636 458 1038 1779 142 1257 451 128 126 422 123 636 119 117 342 2026 915 628 894 2883 1399 1634 1131 59 57 961 1123 588 25 22 21 403 313 1122 18 405 577 893 10 575 959 7 1 2222 568 593 1679 16 147 39 408 1129 965 56 604 603 419 1033 1903 53 326 407 47 46 410 322 1578 320 553 1255 1577 2851 409 1128 835 411 152 1110 539 1277 279 536 1511 278 761 1239 2418 540 1650 529 986 264 854 2035 263 261 262 1165 748 2118 523 1312 1048 33 1103 150 29 26 316 586 1405 579 991 1944 5 2 2432 1178 0 550 294 547 293 393 292 1774 1780 2322 238 1493 183 1792 3079 2169 366 1491 483 841 978 1886 2609 1084 468 671 466 166 661 1505 351 1637 153 360 701 905 560 1588 1833 189 729 514 2305 2258 1752 1160 376 561 721 211 1497 506 1089 1585 236 895 1102
37 1331 1606 797 349 158 462 352 356 353 1765 796 837 138 452 137 2009 1892 130 160 132 2323 646 896 135 640 1965 642 643 644 1064 2793 685 464 187 696 2436 486 485 691 179 178 1611 482 1338 2139 1610 478 364 684 2740 165 1011 1066 467 469 170 1334 362 1666 474 174 176 1609 475 1115 347 336 1573 2725 2005 2724 2723 1281 2137 2226 433 84 3122 83 72 1002 1718 1957 1001 3121 69 68 2927 2811 2167 1094 67 335 424 938 65 697 64 1814 2726 1055 2727 447 1373 625 341 111 445 1328 340 110 2008 109 1763 1891 1114 1723 1189 108 1604 1796 1056 88 89 2552 346 620 1845 2728 2157 2420 1059 1890 107 492 1363 1550 551 1804 945 817 394 300 297 816 779 565 778 391 288 289 552 290 543 777 1222 815 286 285 1221 283 1251 534 533 276 275 1028 860 776 911 1422 2002 959 37 1130 333 1271 615 1367 119 1412 1413 674 1149 481 506 733 1414 564 1249 1421 230 225 1420 272 1419 1417 1326 1315 1416 1415 257 1418 188 273 1218 1351 227 226 1619 224 378 223 507 221 220 218 2579 375 207 889 373 372 504 503 803 501 500 802 498 202 201 199 198 367 559 713 1117 379 851 1217 270 389 532 269 1107 268 2052 522 255 1809 254 251 2785 250 1025 1738 231 510 380 512 513 241 1739 242 243 385 1866 1231 246 247 244 423 195 824 831 2352 105 104 618 1823 103 2161 1112 969 98 1631 95 338 1632 438 436 968 1134 90 795 432 82 431 900 80 79 430 932 78 1479 2178 1884 112 676 675 671 466 661 157 1275 1637 153 152 150 655 835 147 1636 458 146 2684 915 342 1037 117 121 3226 122 126 1139 128 141 457 142 123 428 426 606 1124 820 962 590 588 31 25 23 22 313 18 16 1473 1298 14 13 312 395 308 1 1029 7 8 899 1077 1078 310 311 893 11 12 9 360 963 38 827 421 826 58 57 1129 55 1426 53 50 48 326 47 46 411 323 45 318 319 912 407 40 41 405 417 409 821 553 320 1126 322 1125 905 1301 681 549 680 2187 547 1838 784 293 393 292 546 783 1048 1403 2625 284 540 281 854 1438 1795 1508 528 987 295 529 857 764 1277 537 539 767 1045 263 296 2 416 597 1956 1805 413 594 996 328 327 49 1600 324 1817 321 1318 33 1229 573 991 579 1316 584 1656 1596 586 404 1951 1756 316 28 29 20 260 102 809 906 907 189 191 368 493 370 193 983 1584 495 2255 1585 196 197 701 2876 1886 489 169 1998 1151 688 689 365 1385 261 366 484 842 843 487 844 183 1492 2169 473 979 211 908 376 208 1434 1877 374 1310 719 807 1646 1368 1043 1504 233 1999 1753 562 237 384 239 1590 256 748 525 387 2702 258
39 683 1469 353 335 1467 584 764 261 1449 1465 681 474 667 82 333 1131 559 322 803 518 1468 269 615 1466 532 776 1581 1086 147 145 128 124 913 97 779 1749 1270 76 75 60 1033 51 50 48 46 821 42 31 23 10 1078 1077 568 689 193 1271 215 272 564 213 242 380 379 723 373 486 178 175 1011 161 248 1289 350 1781 2890 340 1055 73 1051 2879 954 988
42 2908 513 1021 1340 2334 698 491 2785 2173 520 535 531 2445 533 534 289 392 816 1768 482 2110 2577 1931 1881 1228 157 461 840 473 979 689 843 487 183 369 2822 707 1041 924 2867 2619 1876 235 141 624 1423 580 902 1127 326 2404 63 864 1748 932 615 438 338 2177 2161 1305 1690 971 1044 1509 759 2171 433 337 2331 2415 1417 2372 130 1243 453 2163 349 158 356 1333 175 176 1815 1093 54 413 278 2037 3137 2570 781 546 293 2800 478 2187 2846 2121 1755 1369 926 315 2082 2123 295 912 490 83 331 602 423 335 67 1094 69 70 1000 1001 72 73 336 427 1532 1003 101 1603 1055 1604 1056 89 1057 91 437 439 1605 825 107 601 600 1242 316 26 1598 28 29 992 1599 1182 33 593 324 1600 994 1183 49 1601 328 412 996 594 595 414 1602 596 597 416 417 404 109 445 1008 161 663 665 463 1199 464 1608 165 1011 1065 1066 1335 467 469 474 1609 475 684 364 480 1610 1338 1611 1612 1613 178 357 340 352 660 111 341 625 447 629 1374 634 637 1191 133 348 454 136 1095 645 1193 1006 796 139 1195 1606 1607 797 657 155 350 659 1007 179 314 583 1382 671 360 471 680 681 1581 1490 365 842 1582 844 1583 845 489 191 368 982 493 370 1584 1585 1156 506 1042 208 561 661 908 351 150 618 1036 1580 1366 446 342 117 118 119 904 120 636 343 124 345 126 128 451 456 457 142 1038 458 835 459 1570 975 152 586 213 1586 1513 1046 769 281 925 540 541 774 390 775 1175 1594 782 545 547 549 1595 296 0 1596 2 1416 1597 3 397 5 1405 536 1310 857 1592 728 935 1043 1504 234 1587 382 1588 1089 736 237 1589 238 1506 1590 523 748 525 387 809 262 261 260 1591 528 987 529 1593 1546 691 1014 81 79 430 78 1478 77 76 606 62 827 60 57 1129 419 55 395 103 431 51 612 86 1625 391 778 1296 544 779 1073 300 394 817 551 555 95 617 436 968 1134 82 50 48 47 25 23 22 21 18 576 1473 14 312 12 10 1031 1576 7 1 818 1575 820 1111 34 963 46 411 1579 323 45 322 1578 320 290 553 1255 1577 409 1125 408 41 40 318 821 543 1033 287 802 501 503 711 504 1617 372 373 375 1618 218 221 507 222 224 225 1619 202 939 1616 886 485 1624 486 182 186 1614 1293 1204 957 187 697 492 1015 1615 559 1017 367 704 696 1351 102 1117 522 1622 1623 756 270 889 1218 273 274 958 1028 275 1566 760 538 1251 285 254 250 1564 247 379 564 851 231 510 380 1620 232 515 512 241 244 243 1621 808 1456 739
43 1059 2075 1193 644 1373 2729 1055 584 1001 998 1672 328 995 49 994 336 151 754 467 1839 255 564 1231 850 226 375 1553 802 202 1420 367 1419 486 1730 173 1012 1065 3330 344 541 428 1131 1905 326 1128 46 323 969 1425 2592 1079 1111 31 1684 1298 1679 407 103 104 1750 539 1172 2530 2403 376 1434 205 1998 2255 1704 190 1925 180 473 681 1885 835 549 395 1662 1626 1661 83 1113 1536 1057 1189 1406 109 625 130 1664 796 1607 1665 1663 918 1441 1660 1277 280 858 540 1047 1653 1654 309 1655 1656 1657 28 1658 1659 1321 158 1011 1066 1666 1564 270 928 1675 1674 253 1025 242 512 510 1351 1116 224 1673 505 274 1652 1251 1377 174 1667 1203 1668 187 883 1669 559 1670 1226 1678 779 565 1677 1676 288 1459 1512 1650 78 932 900 967 431 82 921 87 1631 830 913 105 1632 112 1134 63 44 409 9 11 1627 13 1473 18 580 1628 1381 23 1123 1629 1630 1300 1424 1274 1037 121 636 1642 1643 1644 1585 208 1645 212 214 1310 807 1646 1368 1647 1648 1649 1641 1651 1640 483 1633 122 1634 127 128 1635 1636 147 1141 153 1637 1638 1639 1306 1085 844 532 824 1739 1422 1464 2017 1988 1359 1671 1222 1221 2055
48 188 696 486 1014 179 475 176 665 797 139 796 2157 625 559 337 1324 336 2844 424 64 331 415 594 626 199 372 504 1783 1632 1784 854 987 583 512 394 816 289 1987 202 275 268 522 255 564 246 1231 510 218 375 373 993 389 20 364 15 119 635 342 633 2026 102 98 795 431 81 2374 57 326 46 323 409 407 585 25 22 1381 313 14 12 1 904 2783 90 975 1315 783 774 541 261 525 748 459 237 1999 1043 495 1040 208 703 845 461 1697 481 3144 1147 360 1829 680
50 504 802 373 218 507 510 187 512 2312 1201 1418 2310 2309 1850 1202 479 364 243 176 2311 1866 394 246 474 157 112 921 57 31 395 551 1363 1360 779 289 534 275 532 269 268 253 251 1231 161 346 60 150 123 636 119 1112 102 1822 1365 348 603 46 323 45 322 553 1424 1747 25 313 1122 18 7 1627 152 799 344 473 341 1057 1604 1055 1842 878 335 998 905 327 49 324 328 1180 549 566 536 261 262 562 848 584
51 723 226 2284 2906 2580 1117 224 850 222 1868 898 373 713 504 2049 803 3147 202 1420 1671 2441 507 379 1623 231 1894 255 853 1809 251 2785 250 564 1354 246 1231 1456 1866 808 3190 243 242 2349 3004 512 511 2782 510 2442 2749 162 559 838 837 149 1727 1726 2075 1606 1542 796 1193 644 642 896 1243 834 346 1541 2786 341 110 1286 1762 1189 355 1616 160 662 1669 697 1342 187 3224 2817 1668 1097 1418 2011 1667 486 1014 1339 478 3175 684 1337 1666 1012 467 464 665 1332 2325 1300 2052 278 1047 1369 954 1441 1661 1443 1796 1797 130 641 1011 1798 178 1350 228 1799 1800 1801 1251 1802 1803 1804 1172 552 1795 388 1789 108 1125 50 63 1235 78 99 1790 112 1791 127 458 1275 1639 799 1792 1642 193 1793 196 1794 935 749 754 2534 2913 1376 1222 815 286 2016 1269 1871 2087 283 1987 534 2400 272 1739 1217 1565 1422 270 532 1459 2238 269 1782 1359 1569 288 3215 2018 1361 303 862 817 2057 942 1226 2365 394 300 2672 891 1395 2949 1746 779 1989 1297 1225 565 1677 391 1377 1846 3264 107 1481 1112 102 969 1136 2897 866 95 1429 617 1304 830 1134 432 1428 1365 903 431 1271 2604 900 80 1478 2024 87 1823 104 1580 1636 1919 146 145 142 141 1257 451 128 1995 973 123 1634 122 121 119 1037 1430 113 832 1884 1750 1632 1284 831 333 147 2170 1131 899 1684 2893 1254 1898 1381 1628 19 580 313 1423 1079 1122 1298 11 893 310 1077 1 568 1575 1679 1253 395 18 2592 1899 1785 2597 1398 3401 605 965 1905 1033 47 1128 46 323 322 44 2777 2022 1126 320 553 2145 2851 409 1425 2895 1364 407 2223 1141 1366 150 4 2 1178 791 0 875 309 3330 2431 566 547 785 546 2229 3240 540 764 1512 279 536 1510 1261 835 260 261 936 2153 1466 1414 2635 240 579 20 622 1057 1055 1957 878 1720 85 2226 84 83 829 1814 70 1442 998 2405 1321 3031 996 328 49 994 1600 324 1318 1439 993 2878 1242 584 2620 263 845 844 183 488 2339 2147 3242 180 190 1102 370 2148 1585 506 717 703 1434 2885 1385 2290 157 1143 1828 466 167 2611 1084 471 2503 1086 473 169 477 1695 209 1402 2258 1368 728 1933 1043 234 562 1647 237
53 1546 1266 478 467 1061 837 130 1552 355 373 1251 243 756 389 1005 286 543 289 565 1395 817 552 3017 109 2 260 1031 1473 1310 1111 912 1301 409 1577 1126 322 323 921 932 617 832 150 681 982 1502 2710 566 541 771 336 748 391 18 532 1809 253 1627 187 1065 639 341 1231 761 142 1037 112 50 46 31
57 1441 2424 1324 83 1962 1286 341 1961 130 1113 1321 1522 2287 994 2862 1439 2710 583 896 2 2945 1948 1278 1011 512 486 552 1464 394 860 815 1251 1987 1564 270 389 532 269 268 251 2785 242 1795 510 1117 1863 226 222 1668 1246 1506 779 735 31 1898 313 9 740 187 462 1007 1095 643 1057 28 1090 278 1089 1500 374 196 193 1 351 18 1647 899 37 1814 821 376 407 1585 1496 1641 1383 1885 157 1637 152 655 146 1382 128 553 78 932 967 431 827 121 1633
61 1851 684 1546 178 1611 1850 1202 685 480 478 364 1609 1849 175 173 474 1115 170 1012 1066 1065 165 465 464 691 176 1014 1858 486 498 202 200 1010 199 1857 1856 198 1855 1854 886 1853 485 1852 559 700 492 1449 697 883 491 696 187 1204 801 185 1392 358 1607 665 454 135 348 1287 134 452 896 638 1191 450 1724 637 1539 1061 447 625 341 111 340 109 1763 1762 1723 1722 1452 1193 1390 796 1848 1333 1290 161 356 355 159 1765 838 354 353 352 158 463 1289 350 155 349 154 151 148 1726 144 797 1606 882 1542 927 802 530 710 542 285 1870 283 1251 1294 538 534 1268 275 1028 958 274 272 273 1220 1217 856 389 756 1357 531 855 269 1107 1871 286 776 815 830 536 1244 512 940 268 1569 552 1768 551 1363 1874 443 394 1873 1568 780 779 778 392 391 288 290 860 1872 1222 300 1869 1868 1623 1863 850 806 1862 1861 225 224 222 223 221 898 220 1864 805 375 1553 1733 715 505 373 372 1617 504 711 503 1860 218 1859 1117 851 520 255 853 1809 251 250 564 1025 1867 741 246 739 379 941 1866 1621 243 242 241 232 513 1865 1230 380 231 230 1231 1847 507 1845 1824 1036 913 105 1632 621 1825 1823 894 1274 342 117 118 119 1826 120 112 121 103 102 86 615 795 90 1134 968 1821 1112 436 617 1822 1631 98 99 555 969 438 122 344 125 466 670 671 675 676 168 360 359 799 471 905 680 978 681 473 1829 1383 1639 1828 157 973 126 1139 127 128 1257 1827 142 1412 974 458 147 1141 654 835 152 656 865 1581 432 1271 25 1684 31 1299 588 1818 1111 23 899 405 1424 318 407 40 1810 1364 35 43 22 18 395 1253 308 818 1 7 8 403 9 310 311 10 893 312 14 16 1078 409 821 553 827 63 426 428 1132 75 76 421 1819 1270 1820 78 932 1749 79 900 77 826 58 1130 1126 1578 322 45 1846 411 46 1127 1128 47 326 50 55 603 604 1129 57 612 916 323 366 398 1369 400 579 1713 583 585 20 404 1756 315 29 33 1388 822 593 324 1600 994 1839 5 2 309 857 1836 537 766 767 769 814 540 541 1840 990 546 292 1837 1838 547 548 566 549 295 783 49 328 1278 1265 1003 83 84 554 1282 1842 1389 1604 1324 1056 1057 1283 434 91 620 622 1844 107 689 1843 1511 1264 73 996 54 1092 595 414 415 1320 597 1841 336 824 331 423 65 335 67 1094 1441 69 1001 1321 1592 594 1158 506 1497 1434 208 1830 211 212 1831 719 1832 871 1368 233 382 1260 1588 1089 735 736 1647 237 1044 1833 384 196 495 484 693 1582 487 844 183 845 490 1642 701 1585 702 191 560 1702 368 1102 982 493 370 195 1040 189 238 180 1835 748 525 387 258 259 262 854 1168 1787
64 348 135 1965 641 1664 640 452 129 896 881 1892 1963 454 1191 450 1964 643 1006 646 350 1665 836 1968 650 1726 797 644 1967 648 1195 1966 139 1532 1390 1193 140 1003 1957 614 1328 445 341 625 626 1961 1005 110 447 629 1374 1573 1061 1962 631 879 659 83 1960 834 433 1407 1720 1958 616 1408 1057 1723 94 1959 622 107 1846 1797 443 1059 620 691 474 158 884 1615 1392 1976 1017 367 1551 1854 1344 1616 897 198 1106 199 1977 1669 1449 696 187 1546 1545 179 1611 687 1338 686 802 1067 364 1203 1974 1097 1668 186 1975 1973 1007 1978 1265 1199 1969 665 1334 163 1009 1198 663 1008 1076 1893 160 1331 355 353 358 1970 1010 465 711 475 176 1972 174 172 486 503 1666 1971 1798 469 467 1066 1065 165 1115 829 1948 1001 769 767 537 762 1942 1592 1172 1941 1651 759 1239 988 942 1029 1030 770 540 773 541 550 566 548 294 547 1947 784 310 1946 782 1653 1945 1944 390 1312 1943 292 787 960 1122 130 1063 642 363 478 1850 1863 1351 732 242 518 941 246 1393 504 346 1189 1053 412 37 168 1792 1832 562 2427 266 2289 278 1313 309 3366 1317 1229 822 937 282 788 296 1049 1841 597 1320 1956 1889 414 413 594 996 1527 328 995 49 1955 1954 416 1717 600 601 425 69 918 1094 608 67 1530 325 607 66 1093 64 423 602 331 825 424 823 1953 1103 584 583 1180 1316 579 578 17 1656 1369 573 5 4 397 3 1597 1755 1949 336 585 1950 1182 32 1658 30 29 1050 1598 586 1952 1714 1242 315 1951 1241 314 20 316 372 619 373 117 1915 121 636 122 448 1634 125 973 128 1916 456 141 457 1917 142 1918 867 146 1038 1919 1037 342 633 1274 1909 1910 1911 969 100 1912 102 830 618 104 147 105 1825 832 1137 628 1913 915 115 632 116 1914 1632 96 653 655 681 682 473 1149 1829 1581 1489 1490 481 365 1491 180 484 1697 692 693 1698 1924 842 1465 844 978 680 905 1923 975 150 152 1488 156 157 461 1920 1143 1400 459 666 976 1306 798 1083 840 1922 167 360 558 1885 1921 1492 1822 617 22 25 588 590 962 820 1111 34 1300 1899 318 912 407 41 1364 43 1301 409 1577 821 553 21 1254 1898 1628 1252 1896 395 568 570 818 1 1680 1118 1031 320 9 10 893 12 792 1473 576 18 313 1897 1475 1032 1908 1578 322 1819 1769 932 900 81 431 612 432 865 86 615 87 1906 795 90 1134 968 1304 1907 1479 92 1235 75 422 63 45 323 411 46 326 53 1900 1901 1902 1080 44 1903 1904 1905 1477 604 1129 57 1130 58 826 827 1081 713 1308 489 1070 1987 760 534 275 273 1986 1217 1422 389 532 1985 531 269 1107 754 1355 1069 1026 1623 522 765 1251 283 1460 1378 1989 1297 1745 544 1100 1225 565 778 391 255 1988 288 289 1359 860 543 1222 815 776 286 285 1377 1990 853 1809 851 1981 1117 1980 850 226 1116 224 223 898 1979 218 217 1618 1554 375 207 1553 715 714 505 230 724 510 1230 250 744 742 1213 563 740 1354 1231 244 1984 746 241 1023 232 1558 727 1983 1557 512 1555 1982 725 1267 1925 779 1788 1929 211 561 1158 1930 213 214 719 720 216 1586 721 1931 807 1646 1368 728 935 1932 1933 729 209 1088 208 1500 1642 1926 702 191 703 369 493 370 193 1644 1043 1927 1928 1704 1040 1585 196 1156 1238 1497 1498 716 707 780 1504 1934 260 527 1507 854 986 1938 1939 1940 552 1464 1804 1362 304 862 394 300 1568 1360 1992 816 1991 261 262 526 388 234 1935 1587 1936 383 1588 1089 736 236 1647 733 1754 1589 238 1506 1590 748 1879 525 258 1937 809 237
76 966 130 637 346 880 879 1573 1374 131 447 339 1060 1723 1284 88 337 1603 445 614 1243 645 1608 464 358 2208 1009 663 1076 1664 2144 1807 797 1606 1288 139 796 2163 158 165 1265 2171 996 328 994 593 937 321 1263 415 2082 1659 1658 29 1050 315 404 1241 993 427 597 599 336 73 72 609 794 1718 1001 416 69 67 607 423 2512 602 331 417 2039 1011 1066 467 2354 533 1566 275 958 272 389 534 756 1107 1623 522 250 941 1231 518 1985 517 760 538 932 242 1507 1505 310 1990 544 535 1100 1296 778 392 860 543 776 1767 565 385 232 1558 491 187 486 1013 1546 1544 1851 698 1611 1610 480 478 474 363 683 469 482 1550 1343 367 513 1068 512 2173 1981 226 221 2557 375 207 1733 505 373 372 710 204 1616 581 578 1063 401 1082 458 1038 2478 142 457 1876 459 141 448 342 2026 618 2161 100 1480 1257 617 150 461 844 1582 843 842 1696 1491 365 156 1581 681 978 680 471 360 167 661 1149 438 1479 968 1111 931 37 40 409 821 320 820 45 46 326 1129 58 2023 610 1236 411 1299 31 25 1134 90 86 865 1575 568 1 959 9 1032 792 1473 960 2289 19 2162 23 183 1493 21 845 1175 541 769 539 2378 762 278 1176 1787 751 529 987 527 260 261 262 267 526 781 783 5 2291 397 1597 399 870 1755 545 1596 788 295 547 2071 2547 784 1313 296 809 548 748 2376 208 985 506 849 502 1041 211 984 495 191 1879 370 982 1102 369 1585 377 1584 490 1586 2220 237 1089 1588 1587 235 1044 256 1931 234 514 729 736 1043
77 1006 1095 881 346 1284 1408 554 614 336 348 545 607 877 412 328 593 1103 321 1229 1405 581 579 1774 1404 0 1531 49 1296 659 802 1048 713 373 1863 512 242 385 1621 518 1231 941 138 740 1393 1766 945 1546 478 1411 172 362 1104 358 462 158 2105 775 1116 278 1809 2658 201 1331 1607 3047 626 341 1948 990 260 1497 286 844 835 894 2093 1790 1112 969 1749 932 63 1080 46 559 157 541 1359 568 1592 1396 386 1505 562 1500 374 193 493 560 693 167 395 1083 122 1485 446 431 326 409 31 25 18 960 959 1
78 1381 566 1042 211 721 854 2118 1090 473 858 571 2 1599 49 1805 2226 541 681 655 119 323 2089 1298 18 1299 1994 1747 1424 40 409 53 63 921 2340 617 2008 341 799 1373 754 625 289 1395 565 2087 283 1739 270 2052 253 564 1025 243 1377 1023 645 2385 1061 132 1014 187 1065 504 957 227 510
82 1014 3357 478 364 684 181 1105 1337 475 1115 172 474 2361 170 1798 2102 467 486 1066 176 2279 1552 186 1065 198 2292 203 2657 897 802 501 1344 2242 886 367 1392 559 1015 492 1449 883 696 187 704 1011 341 1009 130 450 1061 1374 629 1373 2796 445 1775 1243 1060 1722 1371 107 622 3398 1055 2007 1282 1326 108 165 896 1664 161 1332 355 1765 2144 353 462 352 350 1287 836 149 797 1776 796 138 1390 644 640 135 154 504 2443 505 288 289 290 1359 860 543 1376 1222 776 391 286 1269 285 2087 283 1251 765 276 275 1220 2016 1219 778 779 1772 1158 2031 1417 1666 1247 1324 552 2534 2560 551 1362 817 942 2365 394 1463 297 1395 2670 1363 373 1739 1422 231 851 1799 889 227 1454 850 1453 226 510 957 723 224 222 2756 507 218 2285 375 207 2232 1218 380 1865 389 532 928 531 268 2052 754 1778 522 512 255 2198 251 1738 852 741 246 2233 1023 232 1809 2171 1433 1001 104 105 831 619 1366 1632 830 1884 628 115 632 633 342 1037 113 117 1481 100 432 336 615 2351 795 90 1112 1821 1822 3005 2446 1480 1136 969 438 82 119 122 2062 1382 976 1639 166 466 1921 671 1258 1383 905 680 681 473 360 121 2779 157 1257 141 1228 142 1770 145 351 146 2029 147 654 835 150 152 2270 1149 431 900 22 23 25 31 588 34 1381 1300 2593 37 407 41 1364 1425 405 1125 1423 1474 395 1575 308 1470 568 570 1122 818 8 9 310 311 1627 1473 1 81 409 320 60 827 63 2024 426 428 58 1132 1235 76 1769 78 932 80 1748 821 3385 57 1126 322 45 323 411 46 605 1128 48 50 53 2882 1904 603 47 1581 86 483 781 292 2626 1177 548 566 550 774 1948 2432 2 3 1774 4 5 572 309 541 773 282 263 264 1509 759 1651 278 857 536 2967 1512 764 1090 767 769 1110 540 1773 991 260 15 581 997 2879 595 1528 597 331 602 877 423 65 607 335 67 1094 365 69 2002 413 594 1527 1316 1180 582 583 584 926 20 28 29 1658 992 1387 2531 324 49 1601 328 1179 261 2844 749 842 2065 1582 2359 1039 1699 1583 845 489 722 721 1586 216 720 719 2537 208 3242 206 849 1238 1998 196 1585 1040 2148 195 2064 1771 692 1697 526 388 809 1162 748 256 2108 1590 1506 1706 237 2700 1935 1495 2184 233 1043 2619 1933 1932 1646 807 690 1165 1385 180
83 261 549 328 316 394 286 275 1809 251 246 1799 2141 1351 802 464 107 85 335 2142 1581 507 344 848 900 1689 2056 243 939 341 1954 1739 586 396 2036 193 844 1103 610 1128 961 18 893 959 11 322
88 226 225 378 508 223 712 373 372 500 1860 501 207 1351 1098 379 231 380 513 242 244 243 2233 204 1231 941 739 246 247 1117 498 475 1671 564 136 796 139 797 149 151 158 353 1331 1332 665 464 165 202 1011 467 1115 2736 474 176 364 1338 1340 691 1014 485 188 559 1552 1335 251 592 1809 162 644 1191 20 536 854 260 1238 1038 86 932 1218 756 227 1608 594 547 258 197 843 680 150 835 121 2146 1810 1111 310 1725 478 1553 507 851 853 268 928 532 389 1993 270 1564 273 272 534 1251 286 2129 252 1359 391 1676 1297 892 394 817 305 1362 551 552 303 255 250 518 288 452 1227 450 906 844 484 481 978 671 359 661 351 147 457 1257 128 973 122 2477 103 189 102 195 196 909 292 1708 3006 770 767 2378 809 257 525 523 735 234 1043 514 719 211 495 436 432 967 406 963 899 588 31 25 23 22 21 313 1683 18 1298 13 893 10 9 407 40 409 320 900 430 1749 78 77 76 921 63 550 827 826 57 55 53 47 411 45 1126 333 2174 295 875 1220 1623 522 521 253 2785 1024 1457 512 1021 510 850 224 2658 217 375 715 275 802 535 1742 553 35 14 12 1030 8 1 1464 862 300 1808 1788 290 543 815 2016 1269 2199 2334 697 187 107 1417 2331 84 83 1324 1002 423 1715 1183 1600 28 1242 315 398 5 2 1284 1722 1060 341 486 482 1972 174 465 358 2125 1009 309 357 1193 645 2554 137 348 130 637 347 355 395 133 2025 849 506 208 804 908 1158 238 239 872 748 936 1163 1166 261 193 1795 1168 1172 1593 537 769 925 540 1047 548 400 579 29 33 1318 528 370 183 979 322 46 1303 1035 2496 62 428 431 87 2497 90 617 95 2161 117 119 120 472 471 799 1084 674 157 593 152 145 142 1140 1139 126 345 2270 49 1164 328 879 1005 1328 340 109 1114 1057 1056 1957 2137 2043 336 412 2156 998 335 413 1185 72 73
89 409 333 2223 57 1427 50 48 2145 1569 25 313 18 310 3384 2079 395 2224 37 426 1257 2176 514 213 211 1786 195 1309 483 166 156 2607 1297 128 116 632 2178 101 436 432 78 2146 250 89 511 746 740 2013 198 1193 131 70 1310 290 1495 1382 457 612 76 63 326 406 1043 466 8 12 14 500 1669 686 510 172 665 462 108 1057 330 1103 314 1090 235 233 1274 617 1134 428 564 525 512 262 536 1787 1168 1396 260 936 1879 238 537 237 1089 733 935 720 215 506 1238 192 236 281 540 579 1844 2513 1604 433 427 67 335 2405 1321 597 1527 328 49 1953 593 316 954 586 1405 703 111 1582 473 42 405 35 3412 959 1 2365 1808 2422 1568 289 2016 1269 283 275 1354 3190 517 297 408 1255 2022 458 974 1165 345 119 117 342 112 932 1478 1235 62 332 419 1033 1128 46 410 322 842 450 1139 643 626 346 130 881 348 2873 355 1105 341 486 375 1363 779 565 392 859 1251 1294 187 339 1417 2320 2009 750 2109 1045 2410 2625 546 566 550 2 2839 28 1600 1840 415 824 829 83 84 270 268 2225 255 1614 1668 1097 478 364 474 1115 1012 165 464 1728 1290 161 1289 927 148 1726 139 1674 2313 559 1798 202 1231 3302 254 518 385 243 244 1865 1351 241 218 226 498 223 507 220 805
90 548 2162 583 433 417 545 331 33 1787 1038 1089 1158 1582 842 681 674 655 2161 1912 1961 237 1005 1217 1962 1569 1100 778 533 615 531 513 1981 889 1553 447 1552 1851 1266 1611 364 2164 467 462 1606 139 2163 1014 1129 1526 1032 256 1504 1930 493 701 490 978 680 661 147 457 1257 1477 53 45 1578 37 1111 588 22 551 2159 1592 762 1048 7 2057 1991 289 290 1223 285 1218 1623 742 553 850 1616 1610 1010 356 137 1572 443 1182 5 547 2160 47 529 176 478 845 172 1335 1066 165 464 665 837 158 450 1057 336 1001 1000 69 335 998 328 49 823 593 1103 485 1204 559 367 817 394 779 1296 391 860 534 389 269 255 250 586 246 385 243 241 851 1351 223 507 373 372 504 202 1231 1363 584 541 756 1354 512 375 187 486 179 362 469 357 355 348 341 1723 107 2805 84 1324 1602 324 28 2 875 275 12 2676 1424 540 536 260 261 748 982 1044 235 233 208 506 579 374 473 157 152 142 119 342 431 421 1128 46 322 192 750 1402 25 844 693 365 351 835 832 621 105 1824 98 436 612 900 418 326 57 1301 320 18 1122 313 395 318 407
93 1381 1097 1011 674 1284 2169 2017 565 1251 242 684 2674 927 432 1632 123 973 1235 1637 211 334 807 423 341 158 348 187 1354 275 278 57 146 44 593 109 139 326 986 1507 261 1089 2710 842 409 37 313 235 10
97 1051 415 824 414 997 594 1184 2484 598 423 324 1526 1183 1600 2889 2971 592 992 30 1229 28 2434 1598 2871 1317 1715 2380 2226 2872 1060 2193 1723 1722 443 107 1417 1058 1759 620 2332 1605 88 2191 2165 1113 1842 1054 85 84 614 83 1003 613 2263 70 1721 1553 1523 1027 532 2763 270 856 1422 1217 1986 1739 273 272 958 2400 1028 533 534 765 1216 1459 928 1357 252 254 1809 1214 255 1622 3111 1355 538 1778 1869 2052 268 1107 269 855 1562 531 754 1251 1221 542 1072 2772 298 892 2017 394 2920 817 779 945 1362 1569 1363 2371 551 2019 552 395 2018 1575 544 3414 2428 1222 1376 1624 2129 1359 288 2282 1100 1099 1676 291 3078 1677 778 1296 565 1225 391 251 1714 587 969 102 1112 103 441 1823 104 555 1790 105 1580 2352 831 619 1632 1750 913 98 97 947 2602 3211 76 78 1749 900 967 1271 612 903 1365 432 436 1479 92 338 1631 2178 426 621 3168 1919 147 653 835 150 1637 1638 3383 1275 661 1400 2779 1921 2062 667 1382 351 146 2180 457 3129 1791 915 1486 632 1914 633 635 1826 121 636 122 123 125 973 1995 128 627 864 921 63 403 21 23 25 31 1299 588 2090 2590 961 1629 962 820 1630 34 2591 1123 313 1683 1122 308 2089 2470 1120 1078 310 311 10 893 1627 312 13 1682 1298 960 577 18 963 2059 2408 2592 2983 2984 2882 1080 1903 55 418 1081 1477 965 57 2936 1131 2223 2170 333 60 53 669 51 326 1899 37 318 407 40 1364 43 2350 409 821 320 1126 1578 44 45 411 47 50 166 839 466 2780 1045 762 857 2297 764 539 1511 767 1708 773 3022 775 1175 1176 990 770 278 761 759 256 525 257 258 259 809 949 526 1165 527 2035 1438 2868 2159 1510 2364 1169 781 2625 1403 2038 571 1075 2121 2 1597 5 951 1949 398 399 574 3050 3221 1656 2001 926 3413 875 1589 569 309 783 1313 546 292 393 293 909 785 2097 1838 547 566 550 295 1711 788 1948 567 1242 736 1588 1150 1151 2417 688 365 483 1385 481 366 484 693 694 2065 487 844 1493 180 477 476 682 1145 670 671 1146 1147 675 468 676 360 1258 1885 679 1085 1148 680 978 1086 1583 845 489 184 1585 196 1156 197 2616 206 1435 1929 211 1310 719 1586 2258 807 514 1043 1504 2255 735 848 2842 1700 490 1886 701 2183 189 191 368 3086 493 1495 847 706 1496 195 2148 1704 495 744 2529 1025 1657 316 1952 29 33 1318 1263 2308 321 822 1103 1954 994 49 327 328 1817 20 586 584 1596 396 2708 2141 1755 1416 3 397 4 1369 15 578 579 581 1405 1180 583 1527 1178 412 329 1001 1531 1186 1718 794 72 336 69 427 433 1326 2040 554 2956 1758 2004 1053 2003 1441 2039 413 54 330 2879 1889 597 331 2275 2512 2002 65 66 424 335 67 1094 2833 996 2007 791 549 382 2220 236 1647 237 384 238 1587 1506 872 2108 3007 748 1162 387 1163 239 1753 1999 233 717 208 1830 908 2537 1158 376 1160 215 720 721 2136 1646 1368 3126 2305 728 388 1595 1164 1166 2036 536 2967 537 280 281 2037 1172 814 282 541 284 390 2707 782 548 540 758 1787 1168 261 260 1396 263 1167 1507 854 986 1795 528 1938 987 529 266 751 267 2118 749 3113 1055 1604 1730 684 364 478 479 480 686 475 1338 1611 956 1266 1545 691 1014 1547 687 2462 1411 176 464 1849 165 1011 1065 1066 467 1200 1798 1012 363 1115 171 474 172 1336 175 485 463 185 1203 2392 1346 371 500 3105 501 503 498 2049 504 2050 1617 372 713 373 1733 711 202 2078 2314 1097 695 1732 2464 491 1015 1207 698 1550 559 1016 1017 367 1854 3025 897 199 3123 665 163 1290 1004 1005 2337 447 629 1573 1061 625 879 3038 834 1724 450 1191 129 1062 634 111 1328 340 1056 2326 89 1057 91 2406 2387 622 1188 623 1371 108 1662 1114 1762 1190 109 638 2389 2009 896 836 658 2083 659 927 1289 1807 158 837 2295 2412 462 353 838 159 1076 161 3201 985 2517 151 133 1192 452 134 135 1725 136 644 646 796 1195 140 1606 1607 797 148 149 154 849 374 205 2655 1670 2334 3268 1616 887 198 697 2292 203 802 2013 803 505 375 1618 201 1342 696 1293 170 362 1666 1972 2010 2437 3357 1610 685 482 177 1612 2383 1546 486 2011 1974 224 683 2160 850 253 746 522 755 756 2973 1218 745 1220 275 3165 1566 760 283 1870 1871 274 249 743 742 227 230 510 512 1352 1068 515 1023 2293 944 1984 1421 517 741 519 563 852 1862 469 465 164 1865 1557 2758 2173 380 231 851 513 379 1117 1799 889 1351 226 1116 378 1981 232 241 242 218 1213 248 247 246 739 941 1231 1249 1098 1866 738 2233 737 385 243 244 223 507 221 220 1194 1966 882 144 350 2647 352 354 356 1008 2793 1333 1009 664 1199 1970 1010 2645 1269 1006 645 1763 2008 445 341 2342 1374 346 347 2300 130 1064 1287 348 453 641 642 137 1781 564 815 1462 904 120 343 1634 344 972 124 119 2398 3217 126 1139 141 142 1918 1779 345 118 117 342 968 438 617 1822 3280 2161 618 1305 2807 1483 1137 1691 112 113 628 2500 114 2239 1134 145 2270 805 2064 1792 183 1640 2339 1154 2914 702 192 369 1109 370 193 871 502 703 980 841 1581 458 652 2029 1141 1082 655 1570 152 157 1306 674 799 471 905 2503 681 473 1038 90 795 2497 7 1119 959 8 1032 12 1473 402 1423 1994 2678 1124 2304 35 1747 405 580 1029 1 568 543 1743 290 289 1224 2560 1990 1788 1395 1360 297 1568 1074 300 2365 862 2673 2831 36 1424 1785 1398 2843 421 1227 428 1132 1748 1235 1811 1769 932 79 81 431 86 615 2351 1130 777 605 604 38 39 41 42 2895 1577 1255 553 2022 322 410 323 46 1128 1303 1034 603 1129 690 1253 461 520 657 2214 595 861 971 816 1767 902 492 404 2213 2187 768 924
100 510 84 2483 495 206 323 60 874 119 161 49 597 37 665 475 1014 272 268 564 562 738 204 2206 31 83 112 1795 752 1055 340 1011
103 889 1863 928 507 242 1619 243 518 1231 389 1564 251 534 1294 1251 860 269 1225 394 942 1379 1363 2225 1738 246 1297 533 45 912 471 979 374 935 562 2153 281 2037 413 54 998 335 91 927 559 220 513 1025 552 458 344 2161 1424 407 320 1126 373 47 1901 826 430 150 310 365 1239 296 2 2331 1009 469 170 850 275 983 202 1726 478 1102 982 1836 539 547 83 341 1374 346 347 454 1777 355 1291 1246 486 187 510 512 1354 367 845 756 844 835 395 2222 1627 18 313 25 1684 31 820 37 821 1080 57 2223 2170 2224 921 78 900 973 457 351 1679 253 959 568 579 585 1599 994 995 328 1278 416 541 1321 1406 1282 1389 1057 796 665 1011 1012 1730 417 540 549 1795 322 46 1128 1235 1819 932 79 528 90 112 795 152 854 260 117 506 261 1584 193 473
110 389 481 1520 1523 854 856 512 1308 510 253 46 87 112 142 1383 541 1011 1420 2285 226 1351 851 1231 269 532 1564 1217 286 1226 187 341 875 407 832 104 1112 969 432 900 921 326 31
115 2428 394 2746 367 542 945 272 518 269 1107 2394 941 1363 531 1850 187 478 2674 1 275 1867 310 16 313 25 1684 821 411 612 1365 1136 150 211 949 2035 393 293 2262 1374 1064 1255 517 1034 932 2463 2520 2739 2462 474 2518 3256 2517 433 335 328 937 791 986 854 261 733 1832 506 183 458 344 2161 1129 1202 1706 1204 223 382 2306 934 2305 1752 502 2307 361 152 1570 1132 421 964 2304 2303 1142 959 586 2308 2310 2309 1201 479 1730 172 363 314 880 444 108 329 412 49 1103 321 1004 2311 862 1223 2109 2033 736 383 848 494 1703 1045 981 2296 418 912 318 2021 1122 1682 477 2302 1173 2297 2301 803 802 1334 348 881 131 279 2300 346 88 2299 70 938 26 2298 347 2312 1351 246 1205 2318 1872 1025 247 513 231 1619 2316 2317 503 2315 1859 499 2314 2143 1207 2313
120 2284 1102 683 179 940 180 568 580 322 46 395 289 1575 832 318 411 326 1131 432 102 104 1366 844 1235 636 360 1695 25 841 462 703 394 778 1677 391 1359 1222 1460 538 532 255 251 808 243 232 1619 507 373 202 367 1195 1371 416 49 529 237 1089 382 183 365 1953 733 1396 1596 363 385 518 941
122 2056 736 1363 394 779 860 389 531 2052 251 564 247 305 275 1220 2111 1165 1239 2109 26 28 324 824 70 2638 107 1723 1763 341 2324 358 486 187 492 802 2441 519 246 2492 244 381 237 473 471 157 458 1692 344 120 95 261 79 1128 46 322 1255 7 2493 862 2057 891 2321 260 263 529 511 851 1799 1351 508 507 373 2392 474 1332 1726 91 433 336 335 66 328 49 316 1316 284 241 1402 149 1385 1441 72 2347 1957 1283 109 340 1328 2167 1005 634 1243 896 135 140 1606 158 162 447 2346 67 1321 936 1937 749 854 528 987 266 536 537 1046 2037 545 579 581 584 1103 1278 413 1889 2348 560 464 364 313 319 407 47 326 827 63 900 18 432 436 102 621 128 147 835 150 466 1821 11 10 310 886 504 1553 218 2172 222 225 1117 2349 243 1231 1809 1564 534 1377 551 1768 395 2088 173 2345 562 522 2344 1877 208 746 345 323 410 553 1030 959 2343 1361 300 1991 575 1627 1122 25 1684 374 31 370 842 124 119 118 117 1485 2161 1822 617 87 2024 62 1033 141 152 799 681 979 1581 1696 705 318 126 1364 1861 1452 496 1546 177 132 2342 2341 88 1600 926 2 510 309 547 293 292 1048 770 750 719 1310 197 1382 365 912 295 512 783 78 333 2340 821 48 612 1689 103 123 973 411 57 1426
123 327 49 586 541 1089 193 1582 740 375 328 394 416 796 158 665 364 485 507 243 1231 246 911 779 486 348 835 1588 748 733 2351 615 1 1208 1970 566 383 619 1723 2350 53 1180 310 960 25 31 409 326 103 961 1400
127 2022 39 323 322 1381 756 1576 1373 341 2008 1060 2331 1603 83 824 997 594 1840 324 992 28 26 24 315 1175 990 783 546 292 293 131 784 2187 295 296 2 401 404 1314 137 354 355 1218 1220 275 760 535 1767 522 1269 300 2365 1679 818 1 7 816 19 2198 515 469 170 482 1546 486 187 519 697 1853 2334 802 803 375 2557 492 2323 1698 1128 1726 1606 796 644 135 634 2214 340 434 1283 89 433 427 148 336 72 69 67 335 66 331 417 595 328 49 994 822 1318 1323 33 149 154 559 698 491 1614 485 181 1014 1340 178 2577 480 478 364 151 1609 474 171 363 165 464 463 2518 162 1290 159 838 462 1289 175 316 954 585 979 681 905 471 799 840 157 152 459 458 1038 141 345 1581 344 904 119 342 112 1690 2161 95 438 1134 79 1034 419 1033 120 767 1154 369 581 579 578 400 549 545 390 925 281 277 1787 1168 267 751 987 528 263 260 261 2069 936 387 237 215 1238 1041 193 370 1109 46 539 792 262 1216 389 533 534 538 391 778 779 1469 394 817 305 1363 1768 254 367 158 2207 447 531 2337 855 268 380 2173 513 1895 241 244 243 518 2528 246 247 248 1738 2529 564 250 1622 1355 2052 269 2372 439 337 709 645 1182 926 399 857 809 1589 736 1588 493 1926 476 839 661 461 2180 864 1575 505 512 1352 1566 2171 1000 413 993 284 2037 1046 537 536 851 2118 382 183 1876 451 446 2269 618 1032 2354 1089 379 1231 509 619 913 103 102 101 97 338 92 1479 2363 1271 1749 76 426 827 2170 2223 57 55 51 50 48 326 1037 121 128 457 525 234 514 1310 213 983 1309 368 490 845 844 47 487 365 680 360 3049 466 359 156 1275 150 835 146 366 889 886 37 45 320 821 409 1810 407 319 318 1627 2091 820 31 25 23 313 411 1127 10 311 806 957 225 378 222 507 220 1017 218 372 504 1346 202 395 9 1078
132 2394 931 464 1251 1460 911 935 1582 932 966 1236 1235 2404 3352 131 701 661 1901 37 1098 1294 1303 269
139 471 472 681 1581 841 1698 183 369 1028 1087 193 707 1040 1041 374 1042 717 370 799 157 152 344 124 345 126 1139 1140 451 840 455 1876 145 1038 458 652 459 655 141 120 208 376 528 751 1168 536 537 769 2037 3102 540 3137 284 390 2570 545 3 397 4 1167 263 260 261 215 721 233 1753 562 1705 2220 236 908 237 238 872 1834 3188 387 1163 1164 1166 384 119 117 991 1767 1870 285 1269 543 290 289 2130 816 1360 297 300 2386 1 1118 7 8 763 1233 535 275 743 249 745 253 2559 746 521 3114 522 530 810 755 3120 756 2663 1218 1220 760 1032 12 14 922 1748 2025 2114 90 1134 438 2498 440 2161 442 2093 624 446 112 114 342 428 2024 606 422 1381 35 405 2895 1255 553 3006 322 118 323 1128 419 2092 1303 603 604 1129 1130 46 400 581 852 1765 161 163 665 463 464 1849 165 1011 1065 467 1200 363 171 474 172 1411 353 475 462 927 2278 136 643 1390 2163 796 139 1288 1606 797 1726 149 151 154 155 660 2124 158 684 1881 364 704 886 199 202 498 204 500 1860 711 504 712 372 2416 373 888 2579 2126 367 885 559 1550 478 480 178 1851 1340 691 1014 181 135 485 186 1614 2464 883 884 188 698 699 800 579 134 634 996 413 54 330 595 596 597 416 417 331 65 998 424 607 335 67 1094 412 2039 1527 327 1405 584 586 20 1952 317 29 1599 33 1439 1318 321 822 1103 1091 994 49 328 2003 68 1185 1057 1283 434 94 2205 108 1760 1761 340 111 625 1004 2214 2337 447 629 879 89 1843 2514 2326 1000 71 1001 609 72 1323 73 336 450 2171 2204 433 1326 1055 1389 1604 1056 2513 427 519 944 551 409 821 320 45 411 47 326 50 53 1426 56 57 63 921 864 426 75 1810 76 40 318 16 313 403 21 22 23 25 1684 31 588 3128 820 34 963 902 406 37 319 960 77 900 654 835 150 156 351 461 661 166 359 466 671 1146 3049 675 676 360 470 2180 78 457 1995 903 436 338 866 98 102 103 2178 627 3129 1037 635 1826 121 636 448 125 128 792 312 311 549 541 925 854 936 2419 748 192 343 966 1033 408 39 1031 959 1119 274 583 517 1181 1657 1739 1217 385 851 1351 501 1669 176 175 1066 1290 1289 140 644 129 109 593 314 496 1781 1095 1271 60 333 2223 48 18 1682 10 395 1575 308 570 2373 9 1078 575 310 1479 555 101 1639 2323 2165 1407 938 1229 28 1050 2038 680 1592 525 1402 1310 212 494 560 2417 218 2418 1456 978 481 341 347 131 1064 1287 348 454 642 137 2045 1194 648 882 649 349 352 2488 2193 354 443 1417 594 415 598 824 423 74 83 614 84 2550 1603 85 1054 2190 2331 616 620 107 1715 356 1333 700 198 709 802 2439 803 505 375 2557 224 2917 228 510 512 1352 515 1023 492 357 697 187 1009 1334 2125 358 465 469 170 1972 2010 685 2195 482 2489 2196 179 1546 486 696 1840 1600 324 377 924 1931 514 234 735 736 523 257 258 259 809 526 262 527 264 1438 211 2868 196 495 1151 688 689 365 483 484 487 844 845 489 490 906 189 191 368 493 195 848 1045 762 279 296 309 2 5 398 399 401 926 404 315 24 26 2434 30 992 1182 2123 787 2431 295 550 764 768 874 1110 773 1175 1048 783 2181 546 293 909 784 1314 785 547 294 2187 292 805 767 221 2128 911 538 1741 534 533 958 272 270 389 1027 2395 928 1357 531 855 269 2212 268 860 929 220 1768 1363 945 2468 817 1816 394 790 298 2107 2582 779 778 392 391 1625 2129 1355 544 1622 2908 1353 513 511 2104 380 231 379 1117 507 509 957 1619 1116 508 222 1215 232 241 889 243 520 244 1214 254 252 250 564 1025 1738 251 247 246 890 739 941 245 737
141 371 1619 1981 242 941 518 250 911 939 392 385 559 433 2820 158 1007 927 1243 1408 1326 336 998 1527 328 49 478 1257 29 1310 593 389 1231 889 711 464 434 1265 937 1044 733 728 982 208 842 841 681 1038 142 86 756 486 1546 2193 5 1597 205 1103 760 321 355 1006 453 348 131 130 347 346 1417 938 28 315 362 951 278 1500 560 844 351 921 326 37 961 18 310 822 1404 1972 1045 1106 314 187 586 1405 581 579 549 782 540 536 238 1089 934 506 541 1238 944 374 959 322 966 512 1691 932 446 112
142 717 1999 748 193 261 233 2037 49 548 991 584 828 66 1581 998 541 473 603 157 553 1001 322 323 46 604 79 799 90 894 117 118 120 344 124 345 95 1055 241 2420 507 2172 225 1619 1117 1 244 218 243 245 564 2052 270 286 1624 778 518 504 186 1014 1762 625 1963 836 927 1289 158 2295 159 165 1011 474 175 1609 478 178 691 439 289 324 543 1271 432 92 1112 103 913 105 1749 1632 915 632 121 128 147 661 466 627 671 76 2340 544 395 310 10 2289 18 313 75 23 326 48 50 51 57 60 63 409 481 844 719 132 645 1781 352 486 696 198 341 224 510 512 2293 519 756 283 285 724 445 107 1759 807 730 525 258 1165 767 295 309 2 926 1183 594 70 83 84 2226 878 290 779 855 1363 1424 35 1032 1119 862 300 275 742 740 2022 375 482 685 170 1334 1009 356 350 144 648 505 346 1129 59 1160 376 908 369 192 681 905 656 152 1130 2029 145 126 1634 343 342 112 618 1134 615 652 721 620 1600 146 123 1750 2352 441 102 969 53 47 835 45 37 2591 31 25 22 21 1122 960 311 320 1003 675 1085 296 550 566 292 546 394 750 264 526 360 809 1588 211 191 1385 365 688 1151 682 978 257 562 1171 237 372 503 500 498 202 367 220 1017 1449 1204 181 1266 956 364 559 221 223 226 1089 817 565 1296 3156 269 1107 520 1025 246 941 1621 242 232 379 173 1798 389 462 597 54 413 328 327 994 416 1103 954 1180 390 1168 260 1065 321 331 752 607 2083 2002 657 797 136 1725 135 1162 1724 1063 1323 1758 629 608
144 686 181 2012 372 367 886 1344 478 897 199 202 504 1851 1669 218 1018 805 220 221 507 222 1673 508 378 806 1864 364 1117 379 373 2172 797 176 109 851 880 450 1191 129 1892 1063 2009 452 135 640 136 644 684 646 148 149 657 462 353 1765 1893 1332 165 1011 467 363 1115 1336 1606 1230 1296 1621 779 394 302 1226 1362 1363 1768 552 13 1810 45 50 2248 333 1378 78 213 807 1196 274 1870 408 2022 193 579 474 242 1098 2423 444 2255 243 391 288 808 245 1231 941 246 1738 2243 564 251 1809 1869 2052 268 1107 1377 269 531 532 389 1993 270 1422 1217 1739 273 538 286 1222 1376 860 855 1891 817 1189 798 166 1639 669 1144 1143 661 835 147 1636 466 1919 457 128 1995 125 122 1662 121 1037 632 1884 146 671 360 1258 289 1360 297 1568 300 568 7 959 8 12 1898 1124 1300 1747 405 36 1255 553 688 1151 481 680 1885 1632 105 104 1823 1126 409 1125 1301 407 1899 2592 931 820 1123 25 22 313 577 1298 1682 2935 11 893 10 9 308 2235 44 290 411 53 830 103 102 98 1631 96 93 82 903 967 2176 1820 322 2340 63 827 2801 826 57 1905 1081 1080 1900 326 815 1269 285 809 526 1171 2530 1110 1048 546 293 1177 296 309 875 2000 2 1315 3050 1656 926 26 592 324 1600 594 259 824 258 2621 366 180 2402 1308 1641 184 1700 1432 189 560 1704 1997 848 196 197 211 212 2941 719 216 1932 1043 240 525 395 64 1324 1293 187 2438 200 203 1452 803 375 1349 224 1862 227 510 1737 512 746 810 1218 1220 275 535 283 1767 801 70 486 1666 83 1757 84 2226 85 1842 2101 107 339 341 130 131 132 137 352 354 356 1198 1375 1010 469 170 2333 174 365 689 117 905 681 473 1149 842 702 703 369 370 1040 374 471 1042 376 1159 1160 1646 1368 562 1044 384 238 1162 388 1877 749 799 157 323 46 603 332 428 1235 932 86 795 90 438 1306 113 2500 342 119 120 344 124 2687 2239 145 1141 152 628 260 345 854 1954 2274 329 54 330 595 825 331 1093 424 335 1103 2833 1814 336 2005 1957 2727 1056 1057 622 1797 108 263 1441 29 67 2399 528 317 265 267 277 1172 2838 2119 280 814 282 541 2229 858 548 1888 4 586 581 1316 20 583 2081 584
145 1327 898 373 208 328 478 1114 158 896 1891 585 1383 336 353 932 389 844 552 286 583 1217 1459 269 512 251 1231 1117 1351 226 326 55 246 1316 105 858 1575 13 18 313 1810 827 900 1366 832 1037 121 541 122 1995 636 2148 854 142 46 835 2016 2087 322 355 346 341 1324 767
147 864 961 1080 2133 37 899 25 878 1234 11 930 310 2584 395 900 18 2296 461 150 2708 549 782 541 540 281 1046 3425 1090 1311 1396 388 936 2702 1089 562 2991 935 506 1405 374 586 2711 1958 1806 1053 72 1531 2039 1094 335 1815 1321 1092 412 328 593 2862 1103 822 321 316 2510 471 1083 345 803 1345 492 1342 187 2011 177 3143 362 1104 1006 2947 346 341 445 1537 1286 107 2849 1248 2659 940 2445 344 118 1274 948 114 1485 446 933 79 1057 932 2024 2404 2995 3352 322 1233 959 2672 274 1235 835 1283 634 1736 2221 1062 2424 912 2848 2484 1602 324 1229 28 2189 3366 951 2 295 1654 351 1324 671 560 2425 1500 1863 1088 2619 262 1239 1592 278 1045 1402 880 1093 1460 1675 911 392 942 863 1098 518 2349 1351 1619 1397 2752 1247 2055 1251 474 464 1332 2413 2144 2412 158 1007 1726 140 643 136
150 75 436 76 1631 98 1136 101 830 913 2178 1486 116 2176 612 123 1995 1784 1257 457 146 2115 2429 351 1382 166 125 633 1193 670 1723 1284 107 1417 620 616 83 74 2098 70 601 600 598 2342 2435 1050 2434 1598 1317 1523 2433 1950 401 1521 574 1839 951 5 28 1597 626 1540 709 198 496 2438 697 486 1546 179 1612 2437 2010 362 170 1374 469 2411 2125 1009 1008 160 1848 647 2224 1781 645 639 2436 637 1608 466 2432 2431 1310 561 211 196 1786 1704 1927 195 493 191 189 2183 701 377 981 2063 180 1491 483 481 680 679 470 360 1694 468 1922 671 489 1049 514 1043 550 566 547 785 393 783 781 773 770 767 1174 761 1510 1933 1650 526 259 258 2430 525 523 1648 383 734 1935 234 1934 1504 527 63 883 55 681 152 1038 1487 142 3024 1140 112 968 932 3426 408 580 12 1804 473 3062 1582 895 2862 822 1316 2992 1946 1047 774 289 541 1277 1937 3293 1368 208 506 374 540 994 746 512 1242 309 775 279 1045 278 1590 1402 213 1998 1585 2148 844 2169 1977 1815 1324 84 1054 2284 1452 1342 696 187 2011 1292 253 1666 641 348 130 2300 347 1663 2912 1334 328 825 3000 1122 577 16 2373 2174 2222 395 552 394 565 3215 286 534 2015 1564 313 403 21 22 53 50 326 45 1578 409 1364 532 40 406 899 34 961 589 25 23 407 1562 269 255 3248 1011 464 161 1765 1289 2075 467 1606 896 1005 1057 89 2513 1957 1406 646 58 2390 478 853 251 248 941 2233 242 3017 364 851 1351 1863 2126 373 202 1204 1097 889 802 128 2013 1338 686 480 479 2463 684 2462 176 175 1115 2361 2461 1798 1065 165 687 178 1547 181 498 2078 199 1551 367 1392 559 2208 1550 2465 2464 1549 186 2242 185 485 1615 665 163 662 108 1059 2457 2406 94 439 2456 1891 1370 2326 1056 1055 2007 2100 1720 1758 1408 499 444 625 159 2368 837 158 927 2460 2459 111 2458 2138 638 450 880 1573 629 447 1390 500 501 2466 31 1628 18 1298 1575 551 1362 1111 2468 779 1297 544 1296 392 1377 2129 303 2128 318 44 153 973 636 632 102 555 866 1810 2439 900 921 1131 57 1904 51 48 432 2455 287 1221 1865 1230 1981 1117 957 2232 225 232 723 805 718 372 504 711 2049 1860 223 542 732 385 765 533 276 757 2395 928 1985 241 1809 252 744 564 1025 2467 1231 738 254 433 1449 1719 1686 603 419 1033 323 410 2113 604 2022 591 1302 2422 41 39 35 2304 1255 1381 1129 59 114 628 624 1483 2447 2446 95 605 1822 1907 1134 90 86 1819 1235 421 617 2448 8 1119 2445 2086 2444 530 1468 2454 2443 1220 742 1211 2442 2441 2440 375 2084 710 852 959 275 1070 1470 862 2057 1568 297 1395 1991 1566 1788 543 815 776 1871 285 283 2199 290 117 2198 451 327 49 1103 955 2453 1657 2452 412 586 1405 578 1369 991 573 3 1416 2451 2450 996 597 119 1265 2204 336 1280 1323 71 329 918 2039 608 67 424 65 2405 602 1442 2449 1001 771 1492 692 1696 2271 1581 799 167 488 1083 157 1082 652 145 974 917 141 976 849 458 1158 1795 985 260 261 536 748 238 237 986 1647 720 1646 382 529 236
153 211 258 257 736 383 234 1043 206 1586 1310 213 2479 259 807 1402 2377 526 292 773 2256 1773 1110 2297 949 279 1045 2109 1592 2035 527 1165 762 848 2169 1298 824 393 997 1656 5 309 767 262 525 735 197 196 1432 1700 489 844 2821 1578 326 57 80 900 612 893 98 1037 121 128 146 147 835 1112 293 84 547 70 1407 878 2299 2331 2485 616 88 435 2101 2486 1759 1058 1417 443 2193 2008 83 552 391 765 534 1869 2380 251 637 347 346 630 2342 341 130 784 1052 938 550 295 787 0 1049 2 951 2480 398 952 404 315 24 2189 1714 26 28 423 2483 601 415 1805 2482 2484 2481 592 2123 1659 992 30 1229 1600 2226 22 486 430 1749 78 2474 77 76 75 1271 2473 921 63 60 2023 56 420 418 426 2363 2475 436 2478 1101 457 448 122 116 2477 1750 1632 913 2476 102 101 2251 97 1631 92 53 143 51 48 313 1122 18 2289 577 960 792 21 1682 311 310 1120 2470 2088 570 395 10 23 25 31 47 411 409 43 1364 319 318 37 406 963 2058 34 2472 590 2021 1299 2471 50 2643 2180 654 416 67 69 1001 336 1406 1055 1951 89 665 464 1011 176 1669 559 207 1114 1316 549 1047 224 510 512 756 760 285 289 3193 553 141 142 1038 473 842 208 1368 238 1116 1693 1351 851 1151 477 2181 679 360 676 923 2417 1922 671 667 661 351 156 1275 150 672 365 483 1385 495 1704 195 494 982 368 1703 560 191 189 2183 906 981 845 487 484 366 889 1521 320 2323 1289 927 660 155 2517 2459 797 140 139 796 643 2278 135 134 2277 2516 1764 1724 880 629 2214 1004 625 111 340 109 444 1760 108 1807 1007 158 2412 1201 479 478 364 2463 684 2520 475 1609 2462 1411 175 2077 172 2205 474 363 2519 1798 467 1335 165 463 2518 163 1290 161 159 2368 353 171 94 91 2515 329 412 328 327 49 994 325 823 593 1103 822 1817 33 1952 877 2511 954 1756 314 2510 586 1405 581 579 400 991 573 2509 1416 2450 2308 1202 54 417 1057 2514 2513 1056 1604 1389 337 1758 1326 433 1053 2454 1719 73 597 2073 71 2039 2167 1094 335 607 424 998 828 1093 2512 1529 602 331 72 1596 1067 687 1219 389 2395 928 531 1766 2394 268 1778 2522 1355 1215 524 254 252 250 564 1025 2327 247 246 890 245 1098 738 518 385 243 244 272 958 276 533 131 1363 945 817 394 790 2017 299 298 1073 1469 779 544 2318 242 1071 392 1625 2526 2525 288 2524 2129 2281 2523 2370 911 1251 1741 2054 291 241 381 232 498 202 199 704 367 1392 1550 699 2521 1015 2313 491 1206 1732 204 1205 1204 1614 2312 186 1097 182 181 1014 691 1731 178 1266 956 2309 2047 1338 2392 500 513 2104 379 957 1619 225 378 508 2369 223 507 221 220 805 499 218 1020 1733 713 372 1617 2051 2050 504 711 2049 503 1860 2315 1859 1210 789 2371 2307 8 959 1119 1576 7 1029 1118 1680 1 818 1804 2493 300 1360 1395 816 1991 543 1223 815 1767 2492 283 763 1070 275 274 1220 2491 1031 12 14 19 421 2496 59 1035 604 1686 603 1034 1303 2166 2092 419 1033 46 2325 1579 410 322 2022 1255 964 408 1685 39 2495 2494 1424 405 35 2200 323 2490 522 2127 187 2489 177 685 1972 170 1104 2102 469 358 2125 1009 357 355 696 2488 649 2487 2074 1006 1193 1781 645 137 642 348 1287 1410 548 1064 352 332 697 497 2198 2197 253 249 1867 852 519 517 944 515 1211 230 228 2160 496 375 710 2013 2439 802 1452 709 2218 1858 1857 1106 1856 198 887 943 2084 62 41 606 1506 237 236 516 1089 382 422 235 233 733 2508 729 935 2306 239 728 1832 721 215 1752 1160 376 804 1497 506 374 2116 1238 2507 2506 2305 707 872 2108 782 390 1709 541 772 540 771 925 281 1513 536 2036 752 1168 1834 2118 751 1938 528 1795 1167 263 260 261 1166 1164 1163 387 1879 748 267 1584 562 370 343 120 119 117 342 115 114 2500 112 446 1483 1825 1036 2161 2501 1912 440 2499 95 2498 438 1134 90 193 865 79 932 966 1819 1235 100 344 2497 1692 124 705 192 190 2505 1701 2504 183 1698 681 472 2503 471 799 361 2066 674 167 126 1140 2502 1413 1109 1139 655 666 458 1142 345
154 95 932 1235 1 818 253 187 348 878 2 323 104 262 1258 1144 147 973 1426 821 961 18 1627 2807 279 506 1551 1795 394 1363 392 1251 269 2110 564 1098 518 242 1619 1368 2752 1011 165 2144 158 1965 640 1005 1951 586 579 2397 172 779 1997 1738 341 347 130 2284 510 275 322 2320 46 157 183 502 1158 562 237 261 458 260 829 1239 2529 1575 310 1298 25 1899 53 2528 2319 1632 835 150 2402 1585 2527 2258 969 541 326 66 328 1736 226 1014 480 1866 474 2288 149 634
156 372 1392 2578 367 886 204 711 712 1617 888 373 1553 207 1020 1363 2579 2126 221 508 2416 885 1449 698 480 2577 1338 1266 1851 1340 691 1014 181 699 185 186 1549 1614 491 883 957 1015 884 188 1668 2580 2581 1981 2582 544 565 1296 392 929 2129 1355 860 475 2212 538 1741 533 958 272 1564 389 1027 1107 2128 889 790 305 1230 2173 513 1353 1895 381 244 243 1231 303 739 250 252 254 1214 520 2110 1215 2225 1569 247 172 2375 1798 2348 1362 1575 1005 1120 310 10 11 13 1682 1298 313 1254 821 44 1127 1426 418 1477 163 663 1076 462 2575 2337 447 1061 879 880 634 2576 2163 57 796 1195 2458 140 1606 1607 797 1726 657 660 139 2223 827 63 671 483 1385 3079 693 1153 2254 560 1704 166 2425 722 1402 464 1849 165 1011 1065 1335 467 2615 474 2779 835 2473 610 80 900 432 2319 1821 436 96 661 99 830 105 2178 1884 632 1037 121 123 2478 101 817 1747 2017 932 3428 3068 1033 1128 323 322 408 2494 1124 1030 959 87 1679 2057 2365 289 1462 815 1269 2056 763 1070 274 1220 1458 2302 2105 1906 894 388 2034 1879 239 2220 3101 720 1751 2840 804 1042 374 95 502 1490 473 167 3314 2502 1139 345 124 344 2501 118 112 1087 1457 1456 940 85 70 1183 1600 324 1659 992 1229 28 2001 401 5 878 1404 550 1837 909 292 2038 1945 1045 278 1592 759 750 1961 788 2006 2805 1417 517 2301 510 224 803 802 1106 801 685 362 1104 3013 1196 354 352 2487 647 1095 454 881 2323 2972 2342 341 1723 2192 107 749 394 263 925 509 226 1619 1116 723 222 507 1019 504 1397 1347 498 1351 202 704 559 1732 695 2280 2279 686 478 684 1411 176 2820 939 363 1799 380 299 779 1625 2770 1377 288 286 2523 1221 1251 1028 1739 379 811 1766 2052 255 251 564 246 890 808 518 1621 385 242 1985 665 162 161 1094 335 2512 1440 2879 329 49 325 823 593 1103 321 2167 317 1756 1951 314 20 1181 2081 1316 3300 2708 1596 2307 540 2713 2039 2003 71 1332 2295 158 927 2124 2460 659 155 2517 154 2338 151 2459 149 148 2828 138 136 1725 1963 1724 1573 2812 1760 2515 1958 554 2118 1004 1527 111 2549 1526 997 414 415 598 824 600 2483 423 1002 74 2550 2551 1603 1054 2190 2331 616 2552 435 1847 443 2553 2044 2193 1060 2082 445 1658 2434 2259 2070 1175 781 2186 1048 783 546 293 2546 2547 2071 547 294 2187 295 787 296 2548 1049 2 399 926 587 404 315 26 1050 1943 626 2324 482 177 2489 2196 179 1546 486 187 696 697 492 700 1852 1853 2334 1616 887 198 709 2439 710 505 715 375 1209 2557 1618 2195 131 2437 683 1287 348 453 642 137 2554 2045 1194 648 2555 1542 882 2074 649 2488 355 356 357 1333 664 1375 358 1010 164 465 469 2102 2556 724 874 768 2175 864 426 77 430 1479 1689 338 103 441 619 2539 116 448 973 457 1101 143 2180 654 150 156 351 461 2540 1382 839 61 359 2170 1904 570 575 792 577 18 1683 403 21 22 23 25 31 589 962 820 2059 902 406 40 43 409 1578 45 411 326 53 55 58 770 676 2541 1931 514 1933 1043 1504 234 1754 1590 256 525 2544 258 809 526 262 527 1591 264 2545 1239 1651 1511 2109 1942 762 857 2080 924 360 377 2543 680 2181 689 365 484 1697 2063 843 487 845 489 490 1155 2542 368 982 494 706 983 1927 1928 1585 1156 1500 209 211 561 1310 625 2033 2025 867 1412 1876 451 1140 126 120 904 117 342 1274 2356 971 446 624 2269 1690 1305 1036 442 618 2161 100 617 2498 458 2564 655 666 908 1830 1401 208 506 2116 2566 2565 2506 871 1040 370 438 369 1696 980 841 1581 979 681 472 471 678 674 840 1083 183 721 1134 865 543 776 1767 535 760 1566 1268 275 1218 1358 756 1468 1623 522 521 746 2559 253 2558 1867 740 515 1352 512 1021 2560 780 2130 1991 431 79 1748 606 62 2092 2563 410 1476 1577 41 2495 90 1785 1473 14 8 7 1680 1 818 1804 2562 2561 1568 816 19 2567 459 235 67 607 66 998 1093 1529 602 901 331 417 599 416 69 597 595 330 54 413 996 1278 1165 328 995 1263 1318 33 596 29 728 609 340 444 2205 623 94 439 91 434 2415 1283 1057 89 1001 1408 2513 337 1406 1265 2204 427 2171 336 2574 73 1323 72 2514 316 425 953 1046 766 1513 536 2569 1593 1787 267 751 529 1940 1938 769 528 260 261 2069 387 1834 1506 238 237 1260 562 1587 2573 2568 281 987 1369 2510 2037 586 581 579 578 15 400 991 573 397 876 1755 1416 2572 772 541 390 2570 782 2571 545 549 789
159 645 1781 1665 357 355 1009 5 187 1616 887 453 510 358 2858 572 630 445 2193 443 88 2331 2483 415 1714 952 399 293 519 348 275 1109 2533 193 393 1087 369 183 690 681 152 458 1038 126 2500 112 1767 446 2807 2093 618 2161 2499 95 606 422 2321 2022 41 1576 7 2269 539 341 857 2170 51 50 48 47 411 1126 43 318 406 1630 1299 31 60 25 22 21 735 906 870 1493 150 102 57 326 899 310 2506 23 279 76 78 762 759 526 736 1931 3148 213 984 495 706 560 191 490 77 845 2181 360 661 1275 654 1693 2478 2251 92 2319 2363 1271 1749 2417 2122 2507 208 1363 945 790 1469 1296 538 2054 250 1231 242 957 2126 713 2048 182 1014 178 956 364 475 1609 1768 354 2649 1233 1042 2 394 269 1107 243 1340 478 158 151 175 340 261 2775 1437 2697 1492 157 1913 90 46 322 1657 363 1817 1011 33 29 2511 954 586 400 1709 925 2037 769 955 752 748 238 237 2220 382 235 729 721 215 467 267 1103 579 1289 2208 463 1290 159 2828 139 879 2367 2205 439 1055 1441 67 828 3001 417 597 54 413 329 328
160 541 537 987 260 322 323 905 126 382 1581 1698 728 396 117 328 911 417 270 531 524 1981 373 367 559 1233 478 779 837 158 1573 433 72 54 1 547 375 318 31 313 960 394 364 326 176 473 46 275 802 102 57 584 432 285 365 486 351 482 346 83 2 875 566 348 857 1589 736 1926 493
163 1114 2786 1351 1117 1214 251 269 1459 273 2346 286 244 1889 1349 854 2150 87 2343 2785 512 174 341 1324 844 147 893 565 541 552 272 1463 1812 733 261 260 1596 1369 2144 1332 684 478 202 498 231 941 1251 2017 1226 506 1822 937 1235 1575 9 932 310 2408 1080 1632 211 949 978 70 591 547 1804 275 1 187
164 191 466 671 675 168 1151 688 195 1110 1498 1932 1043 234 256 262 798 495 2779 980 835 773 792 18 37 1364 326 53 3130 1426 2601 1749 436 97 830 633 128 58 1175 909 1837 175 686 181 485 185 1418 2012 462 1344 1397 714 207 805 222 1455 232 199 241 927 129 1238 1158 233 1753 516 2705 15 659 17 583 327 607 67 554 1720 1845 2816 808 248 2467 198 685 1104 2793 2266 1763 1759 201 2264 938 414 1600 992 1597 550 2071 1003 1452 2532 940 1422 860 544 863 618 615 86 932 1235 1129 419 1747 780 742 563 741 1457 1918 170 245 379 1946 2229 390 1047 282 540 925 769 2791 1172 267 548 529 263 260 261 1166 749 1164 388 1163 936 1649 872 1167 4 578 581 336 72 1001 69 1441 602 825 416 330 54 413 996 328 49 593 822 321 1599 29 2713 1657 793 954 1181 584 239 1758 1044 1368 1134 90 431 79 1033 46 323 322 1785 19 580 438 2674 8 818 1464 300 1568 1360 289 543 815 776 1269 1032 95 342 118 1646 376 208 1584 1087 370 369 192 190 183 842 690 1581 473 681 905 167 157 152 459 142 124 344 120 119 562 1871 1408 622 269 268 754 255 251 250 564 1025 1738 246 941 1562 1231 1621 243 244 380 231 851 1117 806 957 1116 1673 518 532 389 1993 552 307 551 1363 305 1252 817 302 2017 892 1073 779 565 391 2770 288 1222 911 276 1028 2423 272 273 1986 856 221 91 220 1019 838 353 837 158 1289 657 797 1606 796 646 644 1765 136 135 452 2009 638 1892 447 1328 109 1762 1189 108 1725 161 1290 663 373 372 504 503 498 202 897 367 559 1015 1449 1668 1014 178 956 1611 478 364 684 176 474 171 1011 165 463 218 285 937 535 147 146 457 1995 123 122 121 1915 975 915 1750 1632 1366 913 104 441 1112 102 1884 101 150 360 493 907 906 701 490 845 1493 844 166 843 1385 365 689 169 978 680 2230 1885 180 555 96 432 409 1810 40 407 1111 962 1299 23 821 22 2289 312 11 893 10 9 395 1767 313 320 1126 44 82 1271 80 78 76 75 827 60 826 57 56 1081 55 1080 50 48 47 411 45 1704 1997 1125 1156 482 1666 469 1010 358 1334 1009 1196 2196 1542 645 348 1287 1064 637 1374 2789 341 1006 179 801 2790 275 196 756 1623 522 740 512 2237 510 227 1861 224 1209 375 505 802 1977 1106 1670 445 2008 486 1722 292 783 2038 1944 2070 278 1592 988 293 264 1466 1590 736 807 719 1723 197 1500 258 566 770 83 1842 107 296 2788 2787 2263 64 324 1658 2434 594 5 1948 2 1242 952 2640 404
165 224 83 1600 688 404 309 258 689 882 395 675 669 667 1144 57 47 25 1220 21 1151 275 1363 79 394 817 310 1323 504 532 474 135 879 39 91 335 49 126 345 124 344 343 120 118
166 233 733 261 218 541 1115 474 176 684 364 1611 178 485 186 559 367 199 202 501 503 372 373 220 507 1066 260 1011 464 29 1599 49 328 996 416 335 336 1957 108 447 1061 133 1606 148 837 353 1765 665 165 208 1118 183 274 756 522 519 512 227 2160 803 802 187 486 1334 2436 341 1723 423 594 5 2 231 547 275 283 285 289 842 473 905 142 141 345 119 628 112 968 703 2497 1227 421 46 323 322 2022 12 7 1 1395 431 241 783 246 915 621 102 432 78 333 57 1477 55 326 45 821 409 40 588 25 23 313 18 1231 242 478 1643 130 292 146 1382 395 680 466 532 1459 268 754 389 1739 542 1222 391 565 779 394 247 1363 303 365 180 701 493 844 719 1043 1165 764
167 592 401 2868 2000 550 1314 990 857 1301 669 1144 150 18 930 16 84 680 833 69 1847 1363 565 778 533 1216 242 378 202 897 2280 2192 2279 1001 1318 1599 388 568 763 756 1457 515 2553 1323 1046 1122 1575 157 471 905 681 473 1581 370 193 374 985 1158 728 233 1999 562 237 2108 387 749 261 263 1167 854 528 987 267 1168 1787 858 152 282 655 458 38 408 553 322 410 323 46 1128 603 59 421 428 79 431 795 1134 438 95 2161 112 342 117 119 120 344 124 345 1139 145 459 545 400 17 467 1115 474 172 576 176 1337 364 1338 1014 1669 559 367 199 1346 501 1860 504 372 713 218 805 220 898 221 507 223 222 225 165 464 463 665 584 1181 586 793 29 993 49 597 65 335 67 2137 89 108 405 340 634 450 452 135 644 796 139 149 151 154 158 353 1765 1332 111 1124 12 8 835 351 2779 667 798 466 671 672 477 481 365 1385 844 845 701 1926 189 982 983 195 495 848 196 1156 197 1433 807 736 240 457 128 635 832 313 403 25 31 820 406 318 1810 409 821 320 411 47 326 525 418 57 826 333 827 2175 2602 82 432 98 102 1824 105 2178 621 56 1116 258 1165 801 187 198 203 2013 803 375 224 850 230 510 512 1456 563 522 810 1220 274 275 283 1269 815 543 290 289 297 1074 300 1 486 1546 482 1610 761 762 764 767 2625 783 292 784 1838 1177 309 26 395 594 809 423 2008 130 2792 454 350 352 354 1196 355 2793 1198 1334 469 170 83 806 324 1117 531 532 389 856 1739 272 534 542 855 1222 391 779 394 945 1351 310 308 9 860 269 312 268 231 1455 1107 851 380 513 243 808 1231 379 247 1025 564 250 251 254 1869 246
171 24 1714 1387 2123 1407 341 346 357 1334 187 404 445 2 360 278 523 383 907 906 701 375 3020 77 326 411 310 570 393 756 208 1029 1073 941 518 378 367 2578 485 478 1881 1011 660 2205 336 413 325 321 29 586 1755 549 541 925 260 707 370 183 1698 681 361 275 67 1411 945 21 31 982 495 735 293 2484 1303 2161 112 674 790 400 748 779 389 2395 739 911 178 158 328
175 296 592 315 587 1179 399 2187 1654 293 2625 783 938 1175 2530 1177 346 354 131 2016 535 3165 1220 810 522 519 347 227 801 179 170 759 352 350 349 375 809 2841 1931 47 411 320 1810 40 319 902 820 313 792 13 312 311 308 395 333 807 426 82 982 368 845 2254 366 365 476 466 815 166 667 461 128 441 102 2602 798 295 1 222 220 805 218 372 367 698 1015 491 378 2817 181 478 364 363 462 797 1725 135 452 800 225 226 806 1363 299 860 2768 538 533 811 389 531 855 269 268 1738 941 808 518 1621 2173 380 231 379 340 2372 337 2137 369 190 183 1307 905 471 799 3288 157 152 459 343 904 342 446 1305 2161 438 1748 323 1032 370 300 1158 1160 2844 2512 331 330 2274 994 793 1755 390 814 1046 2967 1168 267 528 260 387 1162 384 1044 934 376 816 546 2583 502 871 193 705 1792 1581 458 1876 141 804 451 124 344 120 118 117 894 617 79 1235 345 562 237 238 316 586 581 579 991 3 2708 1596 549 548 541 2037 281 2119 529 1795 263 261 749 388 1879 1033 328 1128 322 445 107 620 435 2165 2041 2299 878 2814 341 85 70 2637 824 1715 1600 324 26 926 2 2804 881 453 1375 2494 19 959 7 543 1269 2056 275 274 253 940 517 803 802 198 492 2088 187 2815 177 358 46 2142 696 596 489 191 494 2425 848 1402 1043 523 525 1385 258 1165 262 770 1708 1768 305 301 394 2017 949 477 671 839 413 2089 2584 1120 310 10 11 25 31 409 1904 57 921 864 900 436 103 835 150 661 1382 892 779 1821 272 154 2338 151 149 796 136 1063 834 880 439 91 1057 2171 72 1001 2167 67 335 1093 1624 599 1332 464 427 1011 928 1739 165 2052 1809 251 246 243 244 241 2349 247 1351 1619 507 1065 939 186 1014 474
177 328 1441 68 1814 1001 2727 2005 1796 2157 1059 994 1114 1189 2137 1316 473 1047 1910 1328 1304 112 1274 152 2708 157 1396 854 266 1593 537 541 2696 129 928 1243 945 87 817 1378 288 1222 286 273 1217 532 1459 269 1025 2243 1738 246 1231 896 644 151 927 158 1011 1892 467 2242 559 713 507 226 1117 1667 323 1112 553 121 1037 832 1884 1632 831 105 104 1823 830 102 969 82 900 921 57 1126 1362 1253 9 1627 1122 1684 122 31 1899 912 407 1301 409 821 820 322 128 147 1424 1124 1994 1464 289 815 1870 253 940 512 510 2658 174 1666 341 1759 1757 153 1637 1885 844 2254 2148 1636 2096 807 1652 1653 1656 1324 83 212 552 978 235 1248 944 505 1343 187 486 1610 1608 1010 557 1542 1193 1095 641 1964 2323 130 346 1284 1984 517 1623 1026 1483 1912 968 86 431 932 1235 1129 1577 88 1785 1031 959 818 568 1470 1808 760 756 1393 1473 1691 1532 824 1088 1585 1102 1925 2065 680 1382 1257 1479 58 55 1080 326 45 1578 37 1111 1474 960 209 211 561 1930 1526 2549 1658 1524 5 1404 788 547 2071 1815 393 781 775 2080 1045 278 1651 256 1933 1310 1048 1913 1228 142 242 518 1098 941 1561 1778 389 1564 1294 1251 1460 911 565 1100 1297 1252 863 464 2144 1895 1558 1736 2232 363 2820 478 1973 1611 1247 185 1668 1614 1007 1449 939 1978 1397 711 373 1553 207 378 1619 1552 1807 796 1063 2704 529 987 260 748 1044 1012 935 208 1312 1434 205 1644 1582 842 681 167 1038 974 1487 506 310 1596 29 1539 1061 447 625 2819 1536 1326 1053 336 2818 2574 608 416 996 412 995 937 822 321 1263 69
179 1725 748 261 260 529 1513 541 545 548 991 579 583 954 1599 49 996 1841 1717 607 1001 336 1604 910 1061 1505 450 237 728 81 90 1134 968 617 95 1481 618 1483 1137 112 119 344 345 141 1228 655 167 681 1582 1644 205 1499 562 646 1390 2828 957 889 241 243 2233 1231 564 251 254 754 1782 532 389 1564 1217 1739 1222 391 1677 2829 565 779 394 225 207 373 1617 836 158 353 663 665 464 165 1065 1115 176 478 79 1611 1266 178 1014 485 185 1097 1449 1392 1552 501 504 1543 428 235 604 421 1864 918 2305 383 1632 481 366 180 1493 2254 680 189 495 1585 209 213 1586 807 1043 1935 256 525 809 191 1708 1147 466 16 1122 313 1254 23 31 1810 2145 320 45 326 671 50 57 58 2248 612 1429 102 104 831 1633 128 1488 1904 775 1557 1945 1454 227 512 741 283 543 289 1745 1788 300 2562 1464 1679 1470 1119 1031 2827 1381 2022 322 323 46 1033 850 1453 603 1050 566 788 875 1597 5 1712 375 28 992 1324 616 83 1723 1286 341 626 1373 1777 160 1334 486 187
180 370 208 502 703 1090 842 841 473 471 1158 183 1160 536 2032 562 2832 936 388 261 987 529 267 1168 167 728 157 1398 458 815 1568 300 862 568 19 35 2831 36 553 322 152 46 1130 79 615 795 894 118 119 344 124 345 126 1129 537 2845 1596 910 91 439 622 1190 1005 447 211 834 1892 1063 1057 452 1725 2834 138 796 1607 1726 1727 148 151 154 2016 135 554 1053 72 397 1316 1180 583 584 1181 20 2714 955 321 1103 937 593 49 995 328 595 1320 335 1094 2833 1441 69 1000 1531 1946 760 9 756 98 102 830 1826 973 128 2296 1101 1919 835 150 1429 1400 680 481 365 2169 844 1308 1493 845 982 847 848 1921 2255 1821 82 395 836 310 893 13 792 18 1122 313 25 961 1272 820 1301 821 45 47 326 1426 914 1131 333 827 864 1111 275 1156 1043 347 130 881 1064 454 1095 2830 362 486 801 187 341 802 505 375 224 850 510 512 731 1354 519 2785 810 803 1157 1722 107 383 1466 1165 262 1239 761 278 857 2038 783 292 2553 293 2379 295 788 309 2629 1955 594 1602 824 1324 2320 909 1807 634 158 1255 41 1994 1473 289 543 274 2014 1559 563 1023 227 323 696 2411 557 1009 355 1848 1373 2008 443 938 600 1526 1714 2076 2978 1034 605 1390 629 625 607 602 412 822 1599 541 2838 854 260 604 387 721 720 192 2064 681 361 976 145 1483 1482 2161 81 748 659 1597 567 1125 409 411 53 75 555 1366 1399 632 116 1273 1915 40 636 125 146 654 156 466 1147 1086 2181 1385 1583 191 560 123 571 22 394 566 526 1932 216 268 269 855 531 389 1564 1007 273 551 1028 1251 1221 1222 860 288 391 1676 1677 778 565 1378 779 2835 463 1739 1065 1553 218 507 226 806 1117 851 165 243 518 1231 941 246 251 1809 853 255 373 524 713 503 462 1893 162 665 1115 474 1336 2820 364 478 686 2279 1097 559 1854 202 2796 504 2052 1708 552 1362 1377 286 276 232 957 2232 718 754 367 1547 1266 687 2221 1337
183 815 275 2198 1781 170 354 1295 375 300 347 323 46 1995 606 112 344 124 131 1 130 150 85 965 2223 75 1270 1749 1271 82 92 97 102 152 1275 798 213 2 315 2839 2341 193 2203 2840 218 379 380 248 928 389 272 2054 832 1112 969 37 1298 1627 893 310 9 372 804 1017 178 215 1044 387 261 267 925 50 953 328 1057 1059 340 346 2368 159 1290 474 182 47 149 31 409 1117 226 478 363 158 1965 1063 1062 1328 1441 1657 1951 260 1164 473 681 1141 142 932 322 2022 553 253 510 242 243 2092 246 1025 1564 911 518 860 341 83 1324 2848 938 1222 278 1805 25 23 308 395 1684 835
187 141 1063 450 108 1371 335 328 321 29 1596 2153 86 748 1238 473 157 152 603 431 541 158 246 1115 501 771 275 180 552 551 779 391 273 1739 389 269 268 46 941 202 1973 478 1337 176 1336 665 289 896 187 512 18 313 409 326 57 104 832 1143 466 1885 1496 703 525 1043 170 346 341 1417 486 594 2291 1404
191 697 346 525 845 326 31 478 322 2001 735 234 409 802 323 842 205 748 29 328 1001 336 165 1011 1611 1230 389 275 579
193 316 1570 1485 1691 1036 1482 2859 1032 2105 1009 2858 1664 1712 1774 1682 792 2593 2133 610 78 360 2065 2856 1583 560 1928 206 1492 237 387 1938 2862 2202 593 413 2512 607 1586 2863 573 2043 462 172 2861 2820 392 2132 2860 782 861 772 766 1936 2857 1655 752 267 1250 1408 490 1503 2651 1008 355 2648 1777 1848 1193 1781 1095 348 1964 130 3047 346 1373 2234 187 1343 2218 191 1808 2445 2086 756 1393 2443 1372 852 1984 2659 1248 944 512 3011 375 1421 445 1060 443 549 3330 1240 579 586 2711 314 548 1241 1952 955 321 822 1103 1525 1953 954 3250 3029 390 1284 1058 1759 2341 1533 1322 529 545 1311 1277 537 1513 769 540 541 1312 1090 2672 2140 818 1154 1643 192 370 193 3231 895 1582 1584 1040 374 506 1497 208 1501 215 1644 721 842 692 2448 1274 3431 141 1228 142 1412 2064 1487 1083 167 558 1383 681 1581 1696 976 994 2697 934 2093 1912 2446 1688 1134 431 81 112 932 1235 46 2676 1473 1031 959 1029 1478 728 987 986 935 733 235 382 1089 1647 1044 528 1505 748 2153 936 1937 2241 261 1396 386 114 328 1278 3192 1045 278 1592 1651 1239 262 1043 1933 1436 1310 561 209 1500 196 857 1652 1514 1945 1714 952 3366 5 1404 1597 2 847 2630 1049 0 2627 547 293 393 781 2628 982 1102 1702 1080 965 947 1633 2296 457 2884 1901 150 1491 2611 1697 844 1493 1039 1699 680 1523 53 320 310 930 1627 1234 1681 960 1474 50 18 31 1111 2058 37 318 912 409 1684 1524 1229 1658 158 2412 2144 1245 1065 1012 363 1007 2361 2741 478 1611 178 1014 1247 367 2221 2747 927 1243 3031 1660 66 1530 67 1094 918 643 2424 433 1326 1282 1536 1057 1062 1063 1001 1527 2752 1617 1251 2055 1460 911 1099 565 2772 1294 945 1379 2484 938 1528 1716 2435 1387 863 1397 2053 389 373 1554 2369 378 1619 3048 1895 1564 242 518 941 250 2761 2762 3432 1675
195 394 122 893 395 9 978 1374 113 488 911 1342 375 2782 3190 522 815 323 46 932 795 112 18 344 313 407 1324 1602 2189 951 783 807 1402 1585 560 844 180 365 1258 187 1272 967 409 1425 1301 25 2332 157 905 158 1332 1011 474 172 691 373 723 379 231 380 243 246 255 269 855 531 288 544 796 471 643 452 1087 193 720 235 562 925 540 541 1047 579 584 586 822 325 994 49 998 1057 622
198 860 963 766 782 1388 877 1320 1717 607 1283 1960 1573 879 1445 751 475 1449 1015 699 712 2907 1733 888 1983 2908 739 252 533 2242 291 2153 370 411 426 1488 360 470 682 495 730 527 2109 296 1602 935 598 2125 469 2196 700 709 2130 2896 1769 124 141 666 980 649 2073 1185 1253 1439 1318 1103 2862 593 994 49 995 2274 327 328 996 330 595 1841 416 1321 825 331 2405 2002 65 66 33 424 1599 316 917 282 541 1312 548 549 1416 3 4 991 1369 15 1316 583 2081 584 1181 585 2452 20 953 1951 1657 29 540 335 2346 1057 622 1844 1845 1846 1797 1059 108 1760 1662 1761 1114 1891 109 110 1328 111 625 2729 1004 1961 1005 447 89 67 2514 1389 1094 2719 1441 2003 1442 918 69 425 1000 1001 794 336 1406 2722 1325 2156 1443 433 2956 2004 2005 2007 1055 1796 858 769 537 117 119 1634 344 345 126 974 2239 867 145 2270 458 652 1141 152 157 2691 1431 1083 167 471 905 472 1274 473 114 894 59 2321 606 1227 428 1235 932 431 1428 615 2351 87 2497 795 90 1304 1822 440 2446 1256 1036 1137 2151 628 1149 1581 841 728 233 1999 1260 1089 516 1437 237 1506 239 1649 748 936 388 261 260 263 854 987 267 2118 1172 536 2952 2345 1368 1646 916 2228 2914 1792 183 488 702 2152 703 705 2426 1539 374 2344 1877 717 1501 1645 908 2537 1158 720 721 2136 849 1130 1962 1724 808 1866 1249 1231 941 246 247 1738 2243 2529 1025 564 250 251 254 1809 853 255 1868 1215 754 1869 1782 2233 268 243 241 218 898 2172 223 222 378 1116 226 806 1351 889 1864 1117 379 851 231 1455 380 1555 1557 513 232 2349 244 1554 1107 855 1677 778 1296 565 3414 1100 544 1297 779 1463 298 394 1226 2920 817 303 1362 1569 551 2019 552 2225 395 1676 269 392 1377 531 1459 532 389 270 856 1217 1739 273 272 1028 276 534 1987 1294 1251 3018 286 1222 1376 2281 1359 288 391 207 373 713 1007 158 837 353 1765 1331 1893 1332 161 662 665 1728 464 165 1011 467 1798 1012 2361 1115 172 1336 176 658 1730 154 149 450 1191 1963 896 452 135 3149 640 1965 136 644 646 1390 138 796 139 1195 2458 1606 1607 797 1726 1727 151 684 3175 364 1550 559 1016 1392 367 1854 1344 1855 199 1894 2750 1671 2751 202 498 204 1346 500 501 2796 1860 2049 504 188 1669 2745 2744 478 2139 686 1266 1613 178 1545 691 181 485 1548 834 1667 3123 2743 1203 1097 1446 1668 2817 186 3224 2012 1204 2279 605 1753 604 1638 156 351 1920 1143 2779 1144 667 669 166 466 1147 1258 1885 2609 1085 680 978 1086 2094 869 481 688 1637 365 153 975 1037 3220 1915 1826 121 636 122 448 123 125 973 1995 128 1257 457 146 1919 3241 1636 1129 147 653 835 150 483 1491 1385 1433 1929 1157 561 212 719 216 807 1932 1043 383 735 736 1780 2620 240 256 525 257 258 809 526 262 206 1998 197 1585 180 484 1924 694 2837 844 1493 2254 489 1432 1642 633 1886 189 982 493 983 195 1793 1704 1997 2231 2425 2255 2886 1438 632 1791 1111 899 2591 406 1899 37 318 407 40 1810 1364 1301 2594 1125 409 821 1126 1578 44 45 47 326 53 820 1426 1629 1123 2235 1575 570 2222 2088 2089 2236 1077 1121 1789 893 930 11 1627 312 13 1298 18 1122 313 21 22 25 590 3204 2215 1080 436 338 1883 866 98 555 3005 969 2216 102 1112 830 1823 104 105 2135 619 1632 1884 621 106 627 1367 1821 2319 432 82 1081 1904 1905 56 57 2596 826 2597 1131 60 827 1486 63 2340 2601 2146 1820 2176 1749 80 900 967 612 903 2224 2868 1693 1651 1023 940 1456 1457 1354 519 563 249 253 920 3436 746 521 522 1560 2238 756 274 1801 275 2354 760 1567 512 283 1737 510 1293 187 696 1342 697 1343 1616 198 200 203 803 375 1349 217 1979 2658 224 1453 2284 850 1454 227 230 1211 2790 285 815 1124 1300 35 1510 405 36 1424 1785 38 2895 1302 591 1255 553 1476 3006 322 410 323 46 1128 2166 603 1994 1269 1898 14 777 1462 543 290 289 1988 1788 1395 1360 297 1803 1568 300 2057 2562 1804 1464 1679 2343 568 1 1119 12 580 486 1747 1612 401 1656 2001 1242 1523 1317 2839 28 2549 819 592 324 1184 3309 2481 594 997 1805 415 1528 824 64 3051 398 2 2631 571 1546 1511 762 857 2528 764 539 767 874 990 781 70 1048 1313 546 292 1838 547 566 550 309 567 569 875 783 2217 1262 829 641 454 642 1848 1542 2487 2931 349 350 354 355 356 1198 1334 465 170 3351 174 1105 2653 1324 1610 177 348 1664 1666 130 83 132 1661 2226 3154 84 2006 1842 1113 2946 616 3234 878 341 2332 1374 1663 1890 2643 443 3289 1284
205 1063 1762 1963 834 634 880 2812 1093 72 91 1057 554 1531 1000 335 599 66 622 896 158 135 1014 480 1321 478 364 172 474 464 162 1332 2144 2412 1007 154 2338 151 149 1726 796 452 1320 1787 49 528 854 263 260 261 749 936 2419 529 1706 237 1089 562 235 935 728 1668 720 1044 266 536 537 593 937 1103 822 321 317 316 20 586 585 1405 1316 2816 1596 549 545 390 541 281 328 1204 1221 491 1362 817 394 299 779 1296 392 391 1363 288 1222 286 1251 534 533 1739 1217 1564 1624 9 40 104 506 851 1347 939 1243 1053 336 918 1522 932 959 1029 1679 1393 517 83 547 262 116 270 2047 389 531 1799 1351 806 1619 225 222 507 220 1117 805 504 503 202 1854 367 559 1015 1669 713 379 231 380 855 269 1107 268 2052 255 251 250 564 1738 246 941 1231 808 518 243 241 381 513 532 374 1286 871 857 278 1239 1165 809 1402 719 211 1708 1500 494 982 1102 844 1385 365 671 839 848 2625 1048 783 341 2008 1723 1722 2044 107 2165 878 85 829 1324 824 1602 1528 1600 324 2 309 295 1921 346 150 147 310 10 18 1122 313 25 1684 1299 2089 899 319 407 1301 409 47 326 418 2778 318 1575 1253 395 128 915 102 96 436 1821 432 900 430 864 63 827 333 2223 1131 826 57 1081 1238 835 347 1229 131 894 446 130 95 438 1304 795 431 79 1235 1227 2024 1398 1033 1128 46 323 322 553 342 42 118 120 705 369 190 488 183 842 1581 979 473 905 471 799 157 152 458 142 345 124 344 119 1785 2161 1381 350 1777 354 355 160 357 1198 1375 358 1546 486 187 1852 496 1424 802 803 224 227 1006 348 1095 815 7 19 1 2057 2365 300 776 1269 1119 2056 275 274 519 1354 940 512 510
207 310 893 394 1252 11 779 18 2655 2146 2924 268 808 222 2280 1726 796 328 1277 1172 2914 652 145 120 62 1679 815 1456 1737 437 2923 1659 2922 122 1633 1632 432 2921 1225 158 533 959 275 512 375 187 341 107 2847 2 1592 262 844 365 322 669 121 1112 900 57 326 45 1126 320 821 37 31 25 860 835 1128 847 342 251 79 246 243 851 1799 1351 2232 1619 559 474 464 151 367 1958 344 1063 369 502 562 237 261 142 263 529 336
211 337 1326 433 336 1001 1093 998 595 1321 597 1408 67 340 353 447 629 450 1063 135 796 149 2124 1007 158 837 665 54 1005 413 936 996 1044 238 464 261 260 263 987 529 267 537 541 390 2336 548 396 400 579 581 583 584 586 314 317 29 1103 937 325 49 328 329 165 221 467 242 243 518 1231 941 246 250 254 928 532 389 1217 272 232 1028 765 538 2994 860 1297 779 394 1363 551 1294 974 940 237 534 513 379 957 1012 363 474 172 176 475 364 478 1611 178 1340 1014 181 485 1097 186 559 1017 367 202 501 504 372 373 2126 218 805 220 507 1065 562 994 935 539 278 1592 1239 809 258 525 1043 730 211 1088 1500 494 560 490 3040 844 487 843 767 483 775 2186 829 423 594 324 1229 26 315 926 399 5 1404 2 2432 0 295 1314 293 783 1048 1175 365 481 978 411 320 821 409 235 37 1111 820 2021 31 25 313 1122 18 16 792 1627 9 395 47 326 55 57 680 360 675 661 351 156 150 1101 457 83 1257 103 102 98 432 612 430 921 2170 58 2178 84 318 2331 446 438 1134 90 795 431 932 62 421 1129 46 323 114 322 1423 14 12 1030 8 959 1 1804 300 1074 1395 816 1785 289 342 119 721 1407 376 2840 208 506 374 370 369 183 1582 842 117 1581 681 905 471 799 152 655 459 458 1038 142 141 126 979 285 904 517 275 1220 756 746 253 944 2293 515 375 802 1106 187 486 179 482 198 469 2044 1723 1104 341 346 347 445 131 348 144 357
213 276 175 1826 150 2 721 439 911 945 272 173 1895 913 123 128 1275 347 1064 1 1029 2022 865 145 2251 652 215 1368 925 109 1063 941 2412 161 1290 363 171 502 1271 1289 178 182 1619 478 684 23 310 50 60 75
219 1389 1282 1806 1957 1604 1606 1408 1057 554 1370 1796 433 1442 336 1001 2144 69 918 2388 1441 2844 2039 1094 67 1053 109 1892 1061 1607 797 659 2460 1289 1807 1007 158 2412 462 140 1390 643 1965 640 353 135 896 1243 2389 1063 335 129 2516 834 1005 607 579 66 584 2081 583 1180 1405 1316 581 578 1369 1240 1596 549 1765 1947 529 266 2036 537 280 925 540 541 1047 782 545 585 424 586 314 1093 2512 416 1841 1320 877 329 996 412 1527 328 49 994 1091 823 1953 593 937 1103 822 321 1599 29 1657 793 20 1330 255 1893 2994 1987 2400 272 1564 389 532 531 1766 269 2394 1356 754 2762 2522 1069 250 564 1025 248 246 941 1231 1098 518 911 1621 286 288 552 551 1251 1294 1675 932 1303 959 1393 912 37 1795 863 1362 945 817 394 779 1378 1297 2318 392 3146 391 1099 1359 1331 385 242 1204 2242 485 178 478 364 684 475 176 2820 1336 474 1115 363 1012 467 1066 1065 1011 165 464 665 1245 1290 161 1449 243 559 367 732 2908 1555 1230 1117 889 1351 1863 226 1619 1116 225 378 507 220 218 1553 373 713 711 503 2210 2752 202 1854 1016 1396 28 2153 2837 844 1641 1700 701 189 560 493 495 848 196 197 1500 2376 211 561 1310 693 719 180 1150 146 1636 147 835 1637 1638 1143 1400 1382 468 1258 1085 2230 680 978 1086 481 365 2884 2258 2619 875 0 2945 1774 572 951 1656 315 1242 1182 824 2484 1815 70 2262 1324 829 1948 807 787 1177 1648 1590 1466 256 525 258 812 1651 1592 278 1045 2080 539 2186 783 393 2547 566 83 1101 2296 2058 931 2592 2982 318 407 1810 1364 1301 409 45 47 326 48 50 51 53 1630 2983 1111 1629 260 395 310 893 930 3127 1682 960 18 1122 313 25 1684 31 2590 1123 961 820 1917 2882 55 104 1790 913 105 1366 1632 1884 1791 116 633 121 636 122 123 973 1995 128 830 1080 1112 101 1904 57 58 1131 60 75 1270 78 1749 967 1271 612 1365 82 432 98 969 102 614 1901 878 1256 3298 1691 446 894 112 628 1913 114 948 1274 119 1634 344 2398 345 1916 1912 141 95 617 46 1128 1033 603 3056 1130 2404 59 1132 1235 1236 1478 966 79 615 1134 968 1822 323 142 1779 849 506 208 1501 720 1646 935 1812 733 235 1089 1647 1044 1407 1505 386 2702 374 1487 205 1040 145 1038 1141 152 157 167 905 681 473 841 842 183 1643 703 192 193 1584 1238 322 502 553 144 1777 557 358 1104 362 3143 174 1972 1610 486 2234 187 1106 200 802 1348 1006 375 1781 348 1417 1058 2485 107 2022 1284 2044 1722 1409 341 2890 1373 346 130 881 1064 1964 1095 224 1374 1423 1568 1808 850 2302 862 1361 568 1 1029 580 1300 964 591 39 1424 1785 2925 1395 1788 300 1990 228 510 512 944 1984 517 940 1354 740 1421 289 522 274 776 275 760
221 705 145 1038 458 690 157 473 2271 1109 183 652 867 2716 142 344 117 115 628 112 1483 2807 1305 2093 370 2499 95 1918 193 528 205 1954 2498 29 954 1756 586 2081 573 1596 549 545 540 769 766 529 1795 1507 261 749 1506 238 562 235 1368 721 720 908 208 1499 707 968 1802 87 1360 1395 1788 780 815 776 2016 1269 1871 275 2086 2198 253 1421 1984 1023 512 510 228 1862 224 375 802 709 200 696 1293 328 3023 300 1134 862 1679 86 2366 431 932 1235 1748 428 62 2874 1034 1303 2092 419 1128 46 323 410 322 2022 39 2495 1747 35 1381 2675 1031 8 1119 1 3441 1527 1116 996 254 251 564 1025 1738 248 2919 245 738 518 737 243 242 255 241 957 225 207 1553 504 2754 711 2315 1859 499 2752 202 1894 1555 2749 268 1027 2652 307 551 1363 1252 2920 394 299 779 544 1100 1625 1099 269 1377 2281 1624 911 2994 1251 276 2400 1219 1739 271 270 1993 532 2282 1854 1551 559 638 879 2214 1005 109 3063 1662 1059 1057 3399 1056 337 1055 136 2007 1326 1053 336 1323 1531 1001 71 607 2512 1529 596 2879 413 554 643 644 139 884 1669 181 1547 687 364 684 475 176 175 173 474 171 1066 1065 1011 165 464 163 162 1290 161 1765 158 1289 927 155 657 1607 412 683 178 357 969 555 866 1631 338 1821 432 82 2970 612 102 3066 1749 2176 1270 76 75 63 827 2248 58 57 900 965 1112 1790 146 2028 2180 2296 1257 127 1995 973 125 123 1823 636 1915 1037 1914 116 2477 2987 106 832 1632 2352 121 1904 55 51 310 9 1575 2370 1619 2412 1063 822 692 1570 10 1576 1064 347 1417 2291 870 1086 2230 903 56 358 1295 2245 1627 2246 50 48 326 47 44 1126 409 1125 1810 37 963 34 590 1299 31 23 21 1254 18 16 576 1474 960 147 654 321 150 423 2483 601 3309 1715 1183 1600 324 32 1387 829 30 926 401 952 398 5 1597 2 787 1517 566 2434 1661 83 1054 1723 2008 1663 445 341 626 2890 1374 346 637 1287 348 641 642 137 648 2555 2487 1777 835 2912 1847 1284 547 2071 1714 292 196 495 1997 1704 153 1637 1275 156 1400 1639 785 466 1922 2609 2610 869 1385 487 1641 184 490 701 191 1998 493 211 1586 546 2186 1945 279 2109 759 988 264 1591 527 213 262 523 3305 1754 736 2184 1934 1043 514 807
222 1044 1505 991 748 237 33 954 314 586 1405 579 397 1416 2108 1755 769 1046 766 2118 751 529 2568 260 261 390 1089 275 235 932 1236 59 1129 1686 419 553 1577 39 14 1032 959 1 300 1223 321 1421 944 515 431 86 90 971 935 728 721 908 374 369 183 1582 842 382 1698 361 167 674 459 1038 456 455 126 117 2131 1103 175 325 1230 2104 1117 508 713 2416 372 711 1017 559 188 182 485 1014 178 232 1611 241 385 552 945 778 2128 389 1027 269 1107 2522 564 248 739 941 1231 518 244 593 478 475 625 111 1057 433 1053 1265 336 1001 2039 67 597 54 413 329 328 879 2463 1063 643 1609 176 375 1066 165 1849 463 663 158 1007 1289 2124 155 1606 139 896 505 221 187 411 47 326 48 50 53 57 2023 60 75 76 45 78 2251 102 913 1037 2180 156 351 360 844 981 1926 1271 409 912 318 198 551 392 2210 462 1243 1005 537 512 661 1080 22 395 575 1682 960 23 25 31 588 961 962 1111 406 37 191 560 157 494 28 414 415 601 83 1407 620 1417 443 1409 1374 2323 348 648 357 1008 1334 2125 358 465 362 685 177 486 493 2871 398 1104 1404 5 206 377 495 2117 1043 234 383 1588 735 736 258 1586 278 526 788 293 393 2186 784 279 857 762 1045
227 549 579 537 548 390 541 925 858 281 1046 854 2118 529 528 260 261 388 1649 238 1044 1593 1316 329 314 1442 237 1094 67 998 331 599 416 597 596 413 328 1601 49 994 593 1103 33 29 316 1951 20 1647 145 1368 141 451 126 345 124 344 343 120 119 118 117 342 112 894 1036 1304 1134 90 87 79 918 1038 562 458 656 1646 376 908 208 1877 506 205 1041 1584 705 183 1582 842 1581 979 681 905 471 167 1083 157 152 68 1351 72 254 251 250 564 1025 1738 246 1231 1249 1866 243 244 242 241 851 379 1117 889 932 957 507 853 2126 520 1766 552 1768 551 1363 1362 305 942 394 779 391 288 860 286 1251 534 272 273 1217 270 389 531 269 373 713 504 158 1289 2124 149 2828 140 643 640 135 880 447 2337 625 2812 1114 439 91 1057 1796 427 336 161 464 165 1011 2750 1855 1344 1854 886 2048 559 1669 186 485 1001 691 178 1266 2577 478 364 175 172 474 467 1066 1340 46 815 322 2296 128 1995 125 123 122 121 1636 1915 1884 1632 830 103 1112 102 969 1037 147 835 150 212 561 1500 1998 196 1585 560 844 365 477 978 680 2540 661 351 1275 153 1631 436 2319 82 25 323 313 18 792 13 312 893 10 311 310 575 1253 395 586 398 318 1684 1310 31 1111 900 80 78 76 864 63 60 57 50 48 326 47 45 44 409 1125 912 2021 1402 23 1043 492 696 187 486 174 1666 358 357 354 352 350 1781 1095 642 454 453 348 2334 132 1616 375 553 1300 959 807 7 300 285 1567 275 756 522 852 512 1737 510 2284 224 802 346 826 341 5 2 2548 788 295 547 1048 781 1653 770 2080 2185 279 258 1165 262 278 1656 926 546 28 2193 107 435 26 1113 1842 445 1603 1407 1373 1661 1324 70 2889 1602 52
229 1064 1714 5 495 191 150 23 748 21 1474 1271 208 581 779 2125 22 681 50 261 721 178 475 467 165 2752 1057 67 597 412
232 117 1596 3102 2036 266 260 2419 238 729 894 7 617 2092 1882 8 1576 937 1029 1 1295 2085 2093 67 136 111 2774 389 268 246 941 245 1098 518 243 242 507 1553 1019 1015 485 478 175 165 158 944 879 447 625 1057 512 645 492 436 1749 56 326 409 135 406 1111 31 25 975 23 310 2088 1063 46 70 2291 689 688 1151 675 2289 510 150 365 482 1194 1781 642 348 1287 1064 131 347 346 360 341 1759 938 415 1805 1387 1050 26 572 309 487
234 58 9 1061 629 1005 625 1114 108 439 91 1283 1057 1408 2171 336 880 72 71 918 608 67 335 66 998 599 597 596 413 2142 996 1001 834 450 1892 480 684 1730 176 474 1115 1012 467 1066 1065 1011 165 464 1332 1076 838 353 462 158 154 151 149 148 139 646 640 135 452 1063 328 2577 995 994 388 748 1506 1505 237 236 1089 562 233 1833 935 728 208 749 205 502 370 703 1643 1792 1582 842 1581 1149 473 681 905 471 1238 261 260 263 937 822 321 1599 29 316 314 20 585 584 1316 2162 1596 791 549 548 1946 545 2336 282 540 281 1046 1513 537 536 267 529 854 49 799 686 1851 879 797 665 172 364 478 800 1204 855 538 1624 779 395 109 552 1363 817 394 544 1100 565 1677 392 391 1377 288 860 1222 1768 427 73 1319 1575 864 147 1400 1771 1402 988 546 64 346 349 350 354 1375 358 492 2334 740 1424 59 438 342 120 458 908 1158 390 2571 1241 1251 1266 1739 1422 1619 1116 225 223 507 220 218 207 1553 373 713 372 504 226 503 498 202 199 897 886 367 1017 2048 559 2047 186 181 1014 501 806 1799 1117 1564 1993 389 532 531 268 2052 524 255 1809 251 250 1025 1738 246 941 1231 1621 243 244 242 241 2349 381 232 513 1865 851 379 1986 152 256 142 209 196 1585 495 195 983 847 493 191 490 845 1493 2402 211 844 1153 693 1385 365 481 477 1885 360 671 466 166 667 1144 487 1931 807 234 926 401 5 2 2072 309 296 788 295 550 566 547 2626 909 293 292 783 2070 773 770 767 764 857 1171 750 262 526 809 1590 1143 1242 150 835 53 47 1127 411 45 1126 320 821 409 947 1810 40 407 1080 34 1299 31 25 22 21 313 1122 18 792 13 11 893 10 1111 1904 56 57 146 143 457 128 636 121 632 627 832 1632 105 103 1112 102 98 311 459 1429 1689 436 1821 1272 82 900 426 63 827 333 826 975 3356 310 30 112 2448 117 118 119 904 343 344 124 345 126 141 1876 894 2434 780 289 290 815 2016 1269 2056 2087 1767 283 1567 275 274 816 1305 617 968 300 568 1 7 959 8 1473 1423 1785 41 553 322 1395 323 46 1128 1033 605 428 932 79 431 86 615 1568 2351 795 90 1134 1220 1218 543 810 130 2324 1664 453 454 352 1196 1333 1009 1334 465 170 174 482 756 1246 486 637 2046 1374 445 992 324 1600 1183 594 997 1602 600 3051 1003 84 85 1054 107 443 2044 1722 341 187 177 697 696 715 375 224 850 510 1208 512 940 563 852 742 746 2014 1023 803 505 1852 198
235 615 1140 126 1692 124 120 118 115 114 628 90 1484 624 1483 2093 2161 451 95 617 2498 438 1134 1783 79 81 1875 1228 370 974 1401 1501 985 1042 1497 871 707 193 1087 1769 705 369 1770 192 183 1696 1490 473 681 471 799 666 157 656 1082 458 1701 1819 275 606 1375 2411 164 469 362 685 177 179 1342 2655 1334 1343 1616 198 802 505 715 1209 1453 1454 724 510 2334 1068 1008 2645 600 2098 1532 1533 1003 614 88 620 1284 443 354 2044 445 1374 131 2323 881 1287 348 454 642 645 339 1811 1023 1354 1029 1119 8 1031 2675 19 41 42 2895 1255 1 553 322 323 46 1128 1129 605 1130 2843 62 422 2022 2385 818 2386 852 742 746 522 530 2086 1218 908 1566 2354 1679 760 2979 1767 2087 289 1788 1991 1395 1568 2365 1361 535 215 581 1368 1544 1545 691 1014 485 1548 182 1247 185 1549 178 2047 884 698 1550 1392 1017 367 886 2078 204 2392 1015 1346 1613 1611 2828 2075 155 927 2963 1076 1290 2734 463 2208 1266 464 1445 1798 1012 474 2820 475 364 480 1973 687 1065 1288 1397 1617 1985 1459 532 1739 757 533 538 1294 1251 1460 1357 1359 2929 1677 778 565 1225 544 779 1746 394 305 391 504 269 754 372 1733 1553 207 221 507 723 2232 957 226 1107 379 1865 513 1558 232 244 739 1250 251 254 524 1555 721 1390 643 925 774 390 782 549 1416 397 4 573 2202 281 991 2816 824 1405 586 2510 2711 314 1241 954 1952 1369 29 769 537 935 235 562 382 1089 1647 237 1044 1506 1834 1513 2153 261 1507 986 1795 1938 529 267 2118 1593 536 2069 646 993 822 2171 1534 1536 1408 89 2515 434 439 94 1189 2574 1114 1961 1005 2337 447 629 634 1062 1243 452 135 2367 955 73 72 1103 593 325 412 1278 996 413 54 595 2962 2073 1956 416 599 602 828 66 607 608 2039 918 1001 1440 992 383 1050 1492 1040 502 1238 205 506 3246 208 733 2108 748 936 260 1396 528 987 540 541 545 1792 1947 1582 690 1478 966 932 431 86 968 1910 1305 112 1274 342 117 141 142 1038 1083 167 1383 841 842 1596 396 579 1604 1057 2388 625 1061 1539 1063 1229 1965 138 796 1606 1607 1007 158 2144 1893 165 1011 1055 1282 1326 433 1599 321 994 995 328 1320 1841 1717 1321 1236 331 67 1094 1442 69 1531 336 1264 1325 1053 335 1235 332 1303 146 835 1382 844 560 1102 1495 209 211 561 1310 1933 1504 257 1651 278 1045 539 775 1257 1884 104 2146 1575 310 1234 960 18 25 1684 31 37 1048 912 409 821 1126 326 50 1080 55 58 334 40 1066 783 1404 187 375 1556 512 517 940 1623 1393 756 1269 543 1808 568 959 1473 1475 1381 1785 39 486 1010 355 1777 5 2847 1242 1317 28 1658 1528 938 1324 547 829 107 1373 346 347 130 641 1095 1193 1542 1759 467 640 2361 981 1926 191 368 1309 493 494 2148 495 1585 1500 1503 1930 213 377 1586 1043 234 1935 845 1588 1493 693 150 1488 1637 1275 156 351 661 839 670 675 360 363 679 680 1086 682 365 1491 1697 1771 736 2033 1466 1516 2547 294 295 787 788 0 1520 571 2 1597 1774 2978 952 926 404 315 1523 1598 784 909 293 292 256 525 2544 526 262 527 264 1239 759 147 761 762 279 2080 2070 990 1514 1945 781 546 1511 651 1258 1995 1809 1561 1562 531 389 272 1028 457 2055 911 860 1100 1297 942 303 945 395 2222 1077 250 564 941 1231 478 2139 1340 1668 1449 559 1016 1552 1671 1078 939 373 378 1619 1980 1351 1557 242 385 518 2752 10 534 577 826 333 827 2224 77 1270 430 80 612 1272 1682 831 1366 1632 1486 116 1273 633 973 965 53 1479 411 1127 1122 2090 403 22 23 1299 589 590 21 34 899 318 407 43 1125 320 1578
236 532 1217 391 779 817 1100 305 394 1296 778 531 1569 860 1424 2744 665 353 644 583 703 905 322 83 566 1402 832 218 1376 524 542 86 2114 865 2366 2025 431 79 1811 606 421 2843 2496 605 1129 323 410 1255 2895 19 1473 14 1032 8 615 1119 87 1134 451 126 2398 904 118 117 342 115 114 2500 112 1875 1036 618 2161 1912 100 440 1822 2498 438 1304 968 90 456 7 1118 741 740 517 515 512 1737 850 1618 2557 375 505 803 3263 2353 802 709 943 3108 496 700 492 696 187 2105 402 519 742 1680 1 818 568 289 1223 776 2016 2492 283 760 1566 275 3373 274 1218 3110 2973 2111 756 2014 1026 522 1867 1876 145 1038 3 2708 1595 2932 2307 545 782 390 541 771 925 2037 281 769 1046 766 537 536 2569 1787 752 267 529 397 1940 991 581 66 828 1093 2002 331 599 596 595 413 329 412 328 49 823 593 1103 955 33 1599 29 2308 586 1405 17 987 1795 854 707 1584 193 370 369 192 190 1701 183 1792 841 681 471 1383 361 674 840 1083 666 1142 459 652 458 205 1497 985 208 260 261 749 2153 387 3188 748 1706 238 237 1089 1293 382 1833 733 2306 934 2305 1832 721 720 215 1160 908 562 2046 486 179 360 676 1147 2821 359 839 166 1400 661 461 156 1275 150 835 653 128 973 448 632 2539 106 1750 619 680 2352 978 365 561 211 206 1156 984 1585 848 495 2425 706 494 493 982 368 1703 560 1926 490 489 845 1493 844 1465 682 913 103 338 409 43 40 319 318 406 961 1299 31 25 23 22 21 313 1122 18 792 1682 893 575 2776 2584 2088 821 320 2777 45 1689 1479 432 1365 903 1271 78 77 429 76 75 377 610 60 58 965 2778 418 55 50 48 326 1127 411 426 607 1586 1043 348 1287 131 130 346 1374 341 445 2008 1723 443 1847 620 88 616 2331 2165 1407 1003 613 1532 70 824 453 1051 454 137 2196 2383 177 482 685 362 170 469 465 1608 1970 358 1375 2125 1334 1009 1008 356 648 1006 2045 1193 645 1095 415 414 1184 2297 279 857 762 2780 759 1239 988 2377 2035 262 1165 526 258 257 525 736 735 1588 383 734 2184 234 874 1110 773 783 324 1659 30 3356 26 1523 24 315 926 399 398 1931 1949 5 2 296 788 295 294 547 784 293 393 546 951 2428 335 1000 2048 1017 367 886 202 498 204 711 2050 712 2051 372 373 1018 1019 559 699 2143 188 1611 2310 1266 1731 691 1014 181 1553 485 2311 2312 2465 2313 2746 1015 884 182 2309 2579 221 520 754 268 1107 1985 2395 389 69 1422 1028 276 534 1740 1741 538 254 564 1025 1213 507 223 508 723 957 889 511 1554 513 244 243 737 1621 518 246 247 381 1850 1201 1202 2214 2337 447 1573 879 880 834 2009 452 138 796 1195 1288 140 797 2575 1004 340 109 337 1534 427 2171 336 73 1001 2517 1067 1283 2043 91 439 2205 108 444 1057 3201 139 1289 3112 474 2737 2460 175 2738 2462 1012 475 2520 684 2463 364 478 479 480 2739 467 2820 1011 2368 1065 838 159 1007 1076 462 161 163 2518 2208 464 1849 165
239 139 111 353 879 1336 1599 373 1231 739 273 391 691 721 21 157 978 202 1830 1564 409 844 231 187 512 1473 580
241 966 1029 1235 3056 410 12 2859 959 1788 746 543 283 275 1393 932 940 1421 512 375 1616 697 696 289 81 141 1912 187 238 237 2220 235 733 2991 935 934 208 506 1238 502 1040 1087 1109 1582 841 473 681 974 142 456 117 112 1134 486 899 362 2030 1585 195 1495 493 489 844 978 457 1257 636 1310 436 1270 76 1904 1080 50 37 2108 23 18 930 310 1749 1972 1043 278 2645 1781 454 1064 2323 130 347 346 1284 1417 1759 262 3154 1052 997 1229 1242 1597 0 547 2120 393 781 1045 84 748 1607 936 373 504 711 371 202 199 367 559 883 182 1014 478 684 176 2361 363 467 378 1011 957 889 588 2062 1 2022 183 261 945 1359 911 272 389 1879 250 941 518 385 242 1863 165 255 2144 822 1817 321 29 2081 579 1596 548 937 774 540 464 925 537 529 987 528 1795 541 49 1251 1527 133 328 643 155 927 1007 158 1063 450 2124 1057 89 1326 433 1053 1001 597
243 938 1815 435 1759 177 130 803 940 546 1284 2033 44 848 1385 839 121 555 2319 2087 912 37 1299 575 377 289 124 2365 2772 911 1294 385 1351 1619 378 220 363 1332 148 1005 2039 66 54 20 2816 748 935 502 871 1040 705 192 473 120 932 1128 2057 1744 321 2305 485 3297 562 2965 1705 237 936 388 261 260 263 854 986 1795 528 529 733 1168 2136 1158 472 681 1581 842 183 1154 369 370 193 205 374 506 1042 208 908 721 277 873 2838 299 779 565 2929 392 391 860 542 538 534 1028 958 272 270 389 2017 394 817 945 2119 2036 536 537 1046 769 281 905 2037 540 541 390 2336 1768 1363 305 925 471 799 840 959 8 1233 12 19 1381 1124 405 1424 39 1255 553 2022 322 323 7 1 300 1395 517 740 519 253 2198 746 756 1579 1218 274 275 283 2056 1871 1269 290 1220 532 46 1596 119 904 344 345 126 1139 451 141 1876 1413 1038 458 459 152 157 118 117 112 1305 1034 603 62 2024 428 79 81 1033 431 2497 90 1134 617 95 2499 2161 87 944 531 2052 1061 629 447 340 108 1846 91 2515 1283 1057 337 1055 1326 433 1719 880 427 450 1063 353 462 837 158 1007 927 154 151 149 1726 797 1607 796 136 135 129 336 73 1323 994 937 1103 33 993 1599 29 316 586 581 579 991 397 1416 396 49 328 413 595 72 1441 67 335 998 828 2512 162 602 825 417 599 1321 416 597 596 331 665 463 464 2104 851 379 1117 889 509 226 957 1116 225 222 223 507 805 218 2173 513 1353 381 520 255 251 250 564 2243 1738 2126 247 1231 518 243 244 242 241 2349 246 269 207 713 1613 1611 480 478 364 1730 475 176 172 474 1012 467 1066 1011 165 178 1731 1340 1014 372 504 499 204 498 202 939 373 886 559 1015 491 186 1418 545 181 367 1023 419 1352 515 461 351 150 835 147 2180 457 1257 128 973 116 2178 105 103 102 98 338 92 436 432 661 671 3049 360 1310 213 211 495 1928 195 494 493 982 560 900 490 845 3040 844 487 843 365 688 2417 481 477 489 730 78 426 820 3128 588 31 1684 25 23 22 1122 18 577 16 960 792 1682 1627 10 310 2966 1575 395 406 318 319 407 864 2224 334 60 333 2170 2223 57 55 50 76 48 47 411 45 1126 320 821 409 1301 1810 40 326 1043 549 383 324 1840 594 423 70 83 2123 84 1603 85 878 616 88 1417 2550 28 2839 26 875 0 2432 2 1404 2122 5 399 401 3142 2001 926 404 315 24 107 309 234 341 2010 482 486 187 697 198 1666 1452 1348 375 224 227 510 512 802 362 170 469 346 347 637 131 1064 454 1095 645 1781 648 352 355 1009 1334 164 2008 296 2044 767 988 1239 759 1592 278 279 1652 539 1165 874 1175 2625 1048 783 292 293 1314 547 2187 550 295 809 525 736
244 2401 1994 552 1362 303 1463 1300 31 912 326 1053 1062 1243 363 478 1096 336 373 385 1249 1250 1561 2994 945 242 593 822 321 844 278 1815 1284 347 130 198 1 1380 1235 932 1228 935 936 1396 391 286 930 532 1498 1699 2254 2182 835 832 46 1911 334 1131 2597 826 1810 18 96 13 1935 1839 389 1462 815 2016 2087 1454 240 2658 187 486 132 341 1757 1322 1343 1128 1423 431 452 556 1965 1007 353 665 1066 1337 1553 378 1863 1351 851 531 81 896 1892 212 1846 834 1485 1487 488 702 506 2899 1304 282 2336 585 20 937 2862
248 596 413 316 1316 579 2709 284 549 263 749 1647 1440 2572 1260 1726 828 305 1377 2994 1251 765 520 2349 1018 1419 1042 140 2516 1061 439 73 599 506 19 1581 575 310 1684 1299 963 37 912 864 1689 2180 150 978 1239 295 2299 435 2101 2027 142 606 1035 2995 959 502 2672 709 2334 492 645 881 445 275 2044 262 1077 2039 71 1001 336 2171 433 1326 1720 1389 2513 1408 1057 2406 2976 625 1005 1243 896 1965 643 1390 796 2075 67 424 998 331 854 751 536 769 925 540 3137 541 1709 1947 548 2124 991 586 2711 20 314 1952 2453 822 328 1527 412 597 585 1396 158 2413 372 2907 225 1619 1351 3290 1249 247 250 251 255 2522 531 276 1294 1460 286 544 1297 779 1252 945 863 2959 504 258 2392 1290 162 665 463 464 165 1011 1065 467 1798 172 2412 176 1014 1547 181 485 186 883 559 1976 2578 704 199 478 551 261 386 130 2323 348 454 642 1193 2045 2487 2488 1777 355 2793 2125 1546 486 3023 187 696 198 710 1982 512 852 347 2890 341 2193 278 762 3192 279 773 2038 547 1517 2 398 28 746 1229 997 1805 1051 3055 1052 2331 616 1417 107 443 1723 1387 2153 3114 1871 894 112 2448 1274 117 141 1038 458 652 167 1698 2064 703 1087 1238 374 985 208 721 728 935 235 562 1483 1825 2807 2499 1395 1808 1074 1361 2961 1031 580 1381 2495 553 323 2086 1128 1303 603 604 605 1235 1819 932 90 1134 617 95 419 552 2049 2178 1043 830 1112 1365 612 1271 900 76 1884 965 1902 53 48 326 409 1810 34 1111 55 2987 1791 116 210 197 191 1039 844 1697 484 481 672 3130 661 835 654 457 2296 1257 1995 636 121 1818 561 31 1122 23 1648 1078 1310 930 18
250 1672 853 251 246 1231 231 1855 893 255 226 222 898 218 713 379 1351 1782 268 552 2019 551 1362 2018 1359 860 2128 286 273 1739 270 532 855 1107 754 269 10 2089 2016 1119 968 190 1587 20 2002 1001 175 176 181 223 806 272 276 187 2196 594 28 18 1125 45 47 827 93 3005 1854 2216 671 1793 2258 1402 2625 875 2001 835 2280 851 478 844 1308 701 2409 561 1310 807 1165 262 1651 788 309 2628 1153 1805 83 1757 878 2279 1842 130 685 801 375 1349 850 510 512 829 180 481 1147 1789 11 1298 1123 406 2592 40 1810 1425 57 1131 2340 78 80 967 82 96 830 104 105 1884 1367 632 635 122 146 150 1400 1921 1354 741 2041 2087 585 1439 1103 328 1321 918 68 2156 275 1057 622 1846 1189 1316 1662 834 1892 896 452 640 1606 149 151 154 158 665 165 364 3038 4 554 3240 1788 300 1994 3 1747 3151 322 1128 2166 1478 615 617 2398 2686 428 157 1172 1779 260 936 233 935 854 376 506 703 183
253 822 937 1063 2733 378 478 242 518 321 363 502 941 1029 1 1393 1972 347 1284 1417 2291 1045 310 959 863 1959 1066 1383 205 528 541 545 2854 29 327 328 1320 1841 1717 336 1406 1057 2075 1726 860 286 911 1251 534 1564 142 389 1116 2881 373 1894 559 158 1231 112 994 3250 1878 1496 1102 844 1633 921 1652 1478 326 37 931 2058 31 18 2836 1658 1080 1324 1528 1567 1565 253 512 187 486 1246 375 2830 1373 3069 1286
261 897 491 698 2048 367 886 1854 1015 1894 373 503 504 2050 2051 372 713 1019 1614 218 202 2312 70 1418 220 1798 3112 474 176 1730 2520 364 478 1850 1338 1266 178 1851 1731 1340 691 181 485 1097 221 1069 222 247 248 1025 250 251 1214 255 520 246 2110 2052 1782 268 1107 269 531 532 389 1200 941 1231 1621 225 1116 957 226 806 509 1351 1117 2173 1557 513 1558 1353 2908 232 241 244 243 737 507 467 434 1065 328 413 54 595 596 599 417 331 49 602 998 424 335 67 2346 2167 68 69 1093 994 955 33 549 1178 1596 2708 2141 1755 397 400 581 1316 583 585 20 954 2308 316 317 29 993 1001 609 72 1323 1965 136 796 139 1195 2207 1606 797 148 149 151 154 657 158 462 1765 162 463 464 135 1066 452 634 336 2171 427 1265 1325 1758 1957 337 910 2400 91 439 622 109 340 1005 2214 447 880 1063 533 78 538 517 1456 740 742 285 543 290 1990 724 2949 862 2493 818 35 38 41 1302 1255 2365 2160 1209 505 88 1605 620 2044 626 348 1008 664 1970 164 1610 2195 177 2489 1013 3023 2655 1616 2353 2166 2299 1686 2496 1160 721 2305 748 1507 536 1513 771 985 772 782 2571 548 789 991 2816 586 2510 1880 2565 369 690 2950 81 1428 615 617 618 1256 1875 112 114 2026 2398 3024 1918 145 1038 674 979 2914 1129 1003 1532 414 589 1629 2591 2592 1364 48 53 3019 22 429 96 830 3020 1914 635 1826 121 143 925 577 2088 570 1221 286 287 1222 2128 860 288 391 1676 565 1100 779 394 817 1363 551 1768 552 1575 146 156 667 669 264 2377 1592 762 857 3022 781 1313 546 788 1520 571 398 1714 1050 28 1229 594 1805 2035 534 258 525 1571 180 1697 1886 560 493 494 2822 195 1928 495 984 1998 3021 212 514 234 383 736 257 2037 842 1046 2147 368 982 983 1997 848 1585 196 490 1156 211 561 213 1310 719 216 1586 2867 197 489 2841 2402 3049 675 360 1258 2541 680 476 477 1151 2417 688 689 365 483 366 1771 843 487 844 1931 1146 1402 2033 566 2187 295 296 1948 875 2 5 547 952 926 404 315 26 2082 819 324 1600 1656 784 909 293 2621 1590 523 809 949 526 1165 262 2418 2109 279 2528 539 2259 1175 1176 1048 783 292 1504 1922 671 466 1810 1301 1125 409 821 320 1126 44 40 45 1127 47 326 50 1426 57 826 2223 411 319 318 1111 395 2089 9 1078 310 10 893 11 13 792 1122 313 23 25 1684 31 1299 1123 820 2170 333 827 63 632 1037 122 128 1257 1101 2180 1636 147 835 150 153 2375 461 661 1144 166 839 359 832 1840 1884 1580 864 426 2473 1820 430 80 900 82 1821 436 1429 98 969 102 1112 103 441 104 105 1632 281 1183 824 119 904 120 343 1634 344 124 345 118 3217 1139 1140 1916 141 1876 2270 458 2564 126 117 2328 342 46 1128 1033 419 1034 606 1132 1748 1819 79 431 795 90 438 95 2161 1305 446 894 1141 323 459 656 237 1044 1706 387 388 749 261 260 1089 263 528 987 529 267 1168 1593 2036 537 854 1705 215 908 157 799 471 905 681 473 1581 841 1241 183 3316 370 193 707 871 502 2116 506 2784 152 322 553 1685 1009 1334 358 1608 469 683 1104 170 1333 482 1546 486 187 492 1852 2334 802 2439 179 3013 356 1781 64 1002 1324 1603 85 1113 107 833 1722 1723 2008 445 341 346 637 131 453 454 645 715 375 2557 224 816 300 1679 2343 1 7 1119 8 1032 12 2674 14 1473 19 1475 1994 1124 1424 1785 1991 1715 289 815 850 510 512 1352 1354 519 746 522 1623 756 1218 1220 274 275 535 283 1767 2056 1269 1223 953 1637 1103 2317 1733 2316 1617 1860 499 2392 207 498 3025 559 188 884 2209 1549 1446 2078 1210 223 1619 1263 303 301 1297 1296 778 1028 958 273 856 1459 254 2243 739 1249 511 1981 1014 1613 851 687 1004 1761 108 1797 623 554 433 1719 1717 416 1841 1320 329 996 327 593 1611 1961 1573 1000 1962 2139 1539 480 475 2820 363 165 2348 2734 1011 161 1332 353 2517 1727 646
265 2722 2156 1443 452 622 158 1606 336 1282 67 2064 987 2153 1437 1089 2697 208 506 681 478 905 1710 2743 288 202 157 2018 942 1676 392 860 534 1739 1217 3225 559 531 1107 251 2243 1231 1249 851 1351 1736 373 2466 269 3465 1905 795 561 982 3242 844 835 1914 2216 2604 900 921 57 1569 1080 3282 326 1301 1899 313 18 893 310 2528 1836 2909 1262 1428 932 2680 46 2894 1994 1898 2850 568 275 3464 756 1453 3014 1735 486 355 3229 2320 1324 2922 547 1454 1363 187 1582 1434 2990 935 260 854 541 2966 3029 2816 1316 586 66 2786 2288 1332 2741 1667 2748 1347 1738 2529 250 389 1294 945 2152 1792 545 2150 1789 899 912 821 1126 142 2319 1824 1257 2546 1322 2923 1444 432 2659 512 3028 966 1129 3027 2893 1478 1679 2534 253
271 1431 212 1079 132 2006 1656 2847 1435 967 1636 121 1037 1112 1126 13 1866 2231 2243 68 147 1491 1877 122 1823 900 1298 893 1443 1891 1854 222 1117 1217 779
272 347 132 348 641 1193 2645 648 1542 350 357 1008 1198 1009 1334 1374 522 510 1373 290 543 1462 777 815 1871 285 2087 283 275 358 274 2238 107 1284 443 1722 1723 1763 341 626 2890 756 1970 486 746 2658 224 1453 850 1454 289 228 230 249 1559 852 563 741 740 1023 731 512 1349 375 505 1208 170 1666 920 174 1105 1546 724 2790 1010 1293 696 2655 1852 200 201 203 1452 802 187 1808 125 2534 1827 141 1139 344 1634 120 119 117 142 115 628 113 112 2151 1137 1484 2807 1482 114 1909 145 152 193 703 2359 1792 1582 842 690 841 1141 1581 681 2503 905 1383 558 1083 1306 157 473 1135 968 795 323 322 620 553 1255 591 1785 1424 46 405 1381 580 1423 1031 8 1119 568 2673 1124 1128 2166 603 87 2351 615 86 431 81 2355 932 1478 1769 611 2950 1227 59 1398 1130 605 1129 604 1464 2332 875 1113 1823 104 105 2135 1632 832 627 1367 830 632 633 1037 1915 635 121 636 1633 122 116 1432 1112 969 197 196 1585 495 1997 1704 195 493 102 1102 191 189 701 1642 1631 1644 98 555 560 1998 490 489 671 466 166 1639 1382 668 1143 1637 1147 153 653 147 1636 1919 146 1257 128 1995 835 184 1258 1085 845 1641 844 2065 694 693 180 2169 1885 1385 1150 481 169 2610 1086 978 680 2230 365 616 1088 561 2481 1600 32 1387 992 1658 1229 28 594 27 1714 1242 1950 1656 1521 1839 5 1774 1317 1597 1805 1528 1842 878 2226 84 614 1757 83 1661 3035 613 1324 2098 70 1815 3131 64 601 600 829 211 2432 123 1438 264 1165 949 258 256 1466 1590 812 1935 1932 807 1402 2258 1586 719 1310 212 1504 0 759 1592 309 788 787 550 566 547 2379 292 1651 2038 1653 775 773 1110 1708 767 764 278 1048 1040 2732 506 255 853 1809 254 564 1025 2211 248 1561 246 1621 737 385 243 242 241 232 1558 1231 919 754 269 288 1359 1376 286 534 276 2400 2423 268 273 271 1422 1564 270 389 532 928 1766 1217 1377 380 851 501 500 202 1671 199 897 1552 367 503 1017 1016 559 1669 1449 883 186 1447 1668 1392 231 504 713 379 1117 1799 1864 2232 1116 723 1673 372 223 507 898 220 218 2285 1553 714 373 2756 485 391 291 57 56 1905 418 2983 1900 53 50 58 48 47 411 45 44 1126 821 409 1125 326 1301 1131 334 93 552 551 1569 1362 1252 436 612 827 967 80 1749 78 1820 2146 76 921 63 900 392 43 40 1077 308 1575 1253 395 817 1226 394 1078 2017 779 2924 1378 544 1100 565 1296 1677 1072 1364 311 1627 407 2591 34 962 590 1123 31 25 10 23 313 1122 18 16 1298 792 1682 13 22 1238 691 1611 321 2714 1599 29 1657 1951 314 585 822 584 1316 581 17 991 2202 4 3 876 2081 1178 1103 593 2003 1441 2844 2039 608 67 607 424 937 1093 597 996 328 49 3317 994 3194 823 2002 1185 548 782 562 235 233 1833 935 2305 1368 1646 1089 721 1159 2975 376 1830 1501 208 1499 1877 720 1947 516 1647 2229 390 1047 541 282 540 280 1277 236 1090 529 854 263 260 261 748 1506 238 2838 1266 71 336 1765 353 837 158 1007 1289 659 2083 1331 658 151 2459 149 797 1607 1606 2458 1288 657 138 1893 163 687 686 478 364 684 176 1336 172 161 474 2957 467 1066 1065 1011 165 464 665 1115 1001 1390 644 622 1057 1408 1056 1389 2727 1055 1535 1846 1957 2725 2007 2005 2724 2004 554 1326 2137 3113 646 1797 108 1965 640 556 135 452 896 1063 1892 1059 1963 1061 447 2214 1005 625 109 1662 1189 834 96 253 20 423 2294 74 2099 1054 1664 2487 649 349 2650 2102 685 1616 198 709 1767 297 1473 2676 606 428 1819 90 415 1822 1598 909 903 82 866 1790 619 106 127 1829 483 484 1697 2916 3021 722 1043 234 734 525 809 762 2080 874 783 1516 1270 100 2270 2278 796 155 662 1849 475 1014 1550 204 2392 1397 1860 2754 207 3037 244 738 739 250 958 533 1071 301 638 1779 1062 631 652 976 471 705 849 1999 752 2569 536 537 769 1312 545 1240 573 1369 15 1952 1718 2073 2956 1720 629 450 2599 2263 2864 60 570 403 21 2373 37 1578 2921
273 928 532 270 286 552 473 268 1117 1231 242 2349 1066 3145 182 178 658 1025 1055 326 18 1128 46 322 510 341 1113 27 547 1316 211 128 1273 105 63 827 836 821 313 147 1408 779 336 512 2655 187 1293 486 2411 2324 2323 84 83 952 2 2432 294 1275 1112 97 432 76 921 57 406 1298 1627 395 1758 731 1158 253 330 954 925 193 841 119 932 323 39
275 987 529 277 873 1163 536 925 541 528 2838 1167 774 263 936 872 239 2220 749 1753 233 1401 1166 374 2426 369 841 1581 1149 979 799 458 1412 261 260 1164 1497 1029 486 410 323 1303 332 62 1235 966 451 964 932 1134 2161 112 117 118 119 126 545 431 39 959 1119 2234 187 1342 803 375 510 512 253 746 1393 2491 756 3296 1220 275 1268 1269 2365 1804 1546 1596 2432 1416 1231 1098 518 242 513 2173 1619 247 225 2126 2392 498 202 559 491 1418 378 1738 250 251 2225 945 303 779 287 1741 534 533 1028 272 1739 270 928 1985 269 268 2052 485 478 1411 474 2007 1719 336 1280 72 794 335 66 65 1321 330 328 321 1599 953 586 579 1055 396 1604 89 363 356 1011 165 464 1332 927 155 1726 1288 796 643 1962 1539 1061 625 2387 1056 355 130 2324 1385 978 671 150 103 436 900 3040 2170 1080 2215 1127 23 11 1077 1575 57 523 1592 295 1 274 1358 519 224 492 358 352 341 339 2044 2299 1603 3041 26 926 2 2222 575 310 10 2821 1146 468 487 560 1495 1585 211 1310 2031 1043 735 525 262 1239 857 454 1275 7 835 1257 1627 16 18 25 1684 31 1299 34 37 912 409 821 2223 334 921 97 555 457 322 309 1033 509 851 241 244 243 246 520 1294 1251 1625 863 1363 1768 5 324 1600 1183 1715 824 423 938 70 1532 1417 1284 346 347 131 1128 507 939 28 2048 281 316 237 562 1584 183 471 1770 345 124 344 343 897 549 540 91 2024 154 2167 151 2171 427 1053 1283 79 2337 880 634
277 927 553 262 753 2 392 418 1500 28 1229 187 802 167 18 586 720 1103 593 412 1057
280 1275 2375 1637 147 835 1636 2180 150 351 667 1144 166 839 359 798 143 466 671 672 1400 1101 121 1257 103 441 104 913 105 619 1632 2178 106 457 915 116 1037 635 676 636 122 448 123 973 2477 168 514 470 1704 2231 2425 495 848 1585 196 197 211 195 213 1586 1931 1402 1112 1043 1934 234 383 736 1310 494 493 368 2609 978 476 477 481 2417 365 483 180 1771 694 2837 844 845 489 981 490 1926 189 191 560 360 102 1127 969 22 23 25 31 1299 3461 590 2472 820 21 1111 406 1899 318 319 40 1810 1364 43 1301 963 1125 403 1122 1754 395 1253 1575 570 2089 1078 575 310 313 311 893 312 2585 1682 792 1298 16 577 18 10 101 409 320 3355 2601 76 77 1270 2374 78 1749 80 426 900 1271 612 2363 82 432 2475 436 92 1689 967 821 921 334 1126 44 45 411 47 326 50 51 53 63 1426 55 418 2778 56 57 826 333 827 61 1080 1627 1 256 2812 340 111 625 1004 1005 2214 2337 110 447 879 880 634 834 450 1063 2009 1243 629 444 1891 3063 1758 1957 1055 1604 1056 89 1057 2515 439 94 2387 2728 1797 1059 108 1189 1662 1761 1114 896 433 133 1965 161 1290 663 162 665 463 464 1849 1076 165 1065 3456 467 1798 171 474 172 2737 1011 159 353 462 644 646 796 139 2207 140 1606 1607 2828 797 151 154 2517 657 155 660 927 1007 158 452 2204 427 2171 2307 548 549 791 1596 1416 3 397 2706 400 581 1316 2081 1181 586 20 314 1756 579 390 284 1047 260 263 1167 1507 2568 854 528 987 529 2118 752 1787 536 1046 769 2037 925 540 541 954 316 29 33 331 602 1093 65 998 424 335 67 2346 1094 2167 2003 68 69 1001 609 72 73 336 417 175 599 416 1318 955 1103 593 823 49 327 328 1527 412 996 329 413 877 54 595 1956 596 597 1321 2738 176 475 1809 1214 853 255 520 1622 2110 1215 254 1355 2394 1107 269 531 1985 928 1459 1216 754 252 251 250 381 2349 241 242 244 243 1621 518 1866 1231 941 739 246 247 248 2467 2529 1025 564 1027 532 2763 389 778 565 779 1073 790 394 817 304 303 945 305 1362 863 1569 1363 551 1768 552 2225 1676 232 392 391 270 2764 1564 1217 273 272 958 1028 276 533 534 1740 765 538 542 2428 929 2526 1377 3146 261 1353 1557 1448 1204 1205 1732 491 1669 1015 884 3185 188 2521 698 699 559 2048 885 1392 1017 1207 800 185 485 2390 1730 2520 364 478 2577 1201 2799 1202 1067 1338 1266 178 1851 1545 1731 691 1014 181 367 886 1552 897 805 220 221 507 2172 223 378 225 1116 1619 957 226 806 509 1351 379 851 2104 2173 218 513 207 2393 2750 202 498 204 499 500 1859 501 2315 1860 503 711 504 2050 2051 1617 372 713 373 1553 1590 2069 1164 453 641 642 1095 137 2554 645 2045 348 1542 144 350 352 1777 356 357 1008 1333 2074 1664 1287 132 1054 878 2299 616 88 2101 620 1759 1058 107 443 445 341 2644 346 347 637 130 131 1334 85 1375 358 803 710 2084 505 375 224 2160 850 2353 510 1352 515 2659 940 1354 742 253 746 512 2439 802 1452 1970 465 469 170 1666 174 1610 685 2195 482 177 1612 1546 486 187 696 492 2334 198 1199 1603 3107 2226 767 768 770 1943 775 1175 1944 2186 539 1048 546 393 293 784 2071 547 1177 550 2038 2528 2297 279 525 2430 257 258 259 809 949 526 1165 262 264 750 2159 759 278 1511 2780 762 1173 295 788 296 309 592 324 1600 1183 2481 1805 3035 415 824 600 601 2294 70 1002 829 74 1532 83 84 2123 521 992 30 0 2 1597 5 398 399 952 401 3070 3221 2001 926 587 404 24 1714 26 1050 28 1658 522 1623 1468 458 2564 1141 459 152 656 1142 157 2270 674 361 799 471 905 472 473 979 1581 167 1038 145 2239 1256 442 1690 894 112 114 2026 342 117 119 1692 126 451 141 1228 142 1412 2502 1413 1490 1698 842 1582 728 1833 235 562 382 1089 236 237 1044 384 238 239 872 1834 748 387 2153 936 1163 2305 618 2136 721 183 1701 2066 192 369 370 193 1584 707 374 849 506 1877 716 208 908 1158 376 215 1832 1166 2161 1480 1074 300 862 2493 2562 1464 2534 1680 3136 1118 1119 959 8 1031 1032 12 14 1473 7 1395 816 1991 2325 756 1218 1220 275 1566 535 283 1742 285 1871 1269 776 815 1223 543 290 289 780 1423 580 35 405 1227 428 1132 1748 1819 932 2355 81 431 87 2497 90 1134 968 1304 438 2498 1822 95 422 100 62 421 1424 1785 2494 1685 408 1255 553 3006 2022 322 323 46 1128 1033 419 1034 603 1130 59 2321 1589 128 37 1323 1442 66 330 994 937 337 2510 396 545 861 537 2036 1168 1755 135 1726 149 902 1816 860 286 1739 1357 268 231 2312 1340 2310 1850 479 1336 1289 986 2419 1249 935 1715 3050 1404 2109 761 2033 706 1495 982 487 3049 669 1884 98 1260 2804 2191 1086 1374 1238 2193 502 205 2093 2025 410 681 517 725 354 217 2557 2046
284 11 49 2713 1657 20 1047 1946 541 395 10 893 4 328 439 2512 2002 335 91 108 109 834 450 138 836 18 1289 2405 1122 63 23 158 913 441 1112 102 969 1631 96 432 82 78 76 1131 57 2882 50 48 326 411 45 44 409 407 2591 588 31 25 22 353 1868 1290 564 251 255 105 754 2052 268 532 270 1422 272 2400 276 534 911 286 1376 1359 288 1377 778 1297 779 394 1362 1363 1768 248 161 246 1866 162 474 173 1336 176 1337 684 1266 178 559 202 1553 218 220 221 507 723 1864 1117 379 919 513 232 243 737 1621 2233 1231 2135 949 832 46 323 322 2022 1424 1 2365 300 289 543 815 1269 2087 275 2238 741 512 510 228 2284 2658 375 802 1452 200 1342 187 1128 1293 605 87 2118 987 263 749 2153 1162 1506 1368 1646 721 720 1160 376 703 2339 183 1307 1581 799 167 458 145 124 344 120 118 617 431 1366 486 170 211 2255 1997 191 1926 2147 1432 844 366 1385 365 1151 1086 675 671 466 1143 1637 835 1636 128 127 123 122 121 1915 1037 561 179 1402 1935 1009 355 352 341 1286 1723 107 878 83 613 70 1955 324 1597 567 309 296 547 784 546 783 775 1165 526 552 2622 240 807 1168 1172 2762 579 2816 581 1316 1405 585 586 314 317 321 822 1103 593 1240 823 995 412 877 1092 1093 607 3000 67 2039 336 1053 2005 1055 325 1408 1596 548 119 141 142 974 152 2691 1083 1087 193 1584 2426 2952 235 791 562 1505 386 936 1396 1795 1277 537 766 925 540 2707 782 545 1089 114 1057 2205 504 2369 1619 1736 2759 385 518 1098 250 2522 1778 1356 2394 1397 1675 531 1217 1294 3034 1460 3018 2770 1071 544 1463 790 1226 945 1766 2415 1420 1671 1062 1965 643 1607 2288 659 1807 1007 2412 462 3058 1332 665 939 165 1065 467 363 1115 172 364 1973 1613 1097 1669 1392 1450 2749 1011 1485 2704 446 2613 2183 706 2148 1704 1998 1878 2376 2527 2067 2403 730 2619 1043 525 1592 278 1511 1045 764 1945 2909 2186 393 2546 1039 693 1695 1693 1253 3053 310 1298 2021 961 1818 2091 37 912 2145 1901 875 1080 77 2603 2604 612 93 98 3005 830 632 2296 1101 112 1081 0 146 1404 290 1988 2219 1295 2140 2673 1576 1030 1233 2020 1747 964 1303 2995 603 3056 332 1235 3057 1236 966 933 1134 2807 571 1462 2661 553 740 3054 253 315 1805 824 3055 1815 614 1759 2044 1373 346 131 84 881 1984 1106 2948 1104 358 224 357 1006 348
286 336 260 541 579 584 316 1441 416 68 910 89 748 328 208 431 842 681 905 157 1142 656 152 1038 117 2448 547 46 1371 323 1701 151 269 165 322 1231 250 251 389 270 534 288 394 817 551 552 1218 243 851 379 1117 226 222 507 373 202 559 485 478 364 176 474 1066 837 2343 335 1623 104 1112 102 82 921 827 2170 55 326 47 1257 320 409 40 25 313 310 9 2088 395 103 760 821 457 1126 844 253 2779 510 375 802 187 801 1546 637 1373 341 1060 486 107 262 309 5 315 324 566 1324 2226
288 1596 73 336 2039 67 998 328 49 586 584 579 536 145 387 237 1089 235 1497 506 1584 895 842 473 142 1057 1396 138 1251 353 394 37 286 119 270 928 255 1809 254 250 941 242 158 1895 723 218 504 202 691 478 475 1411 176 1115 665 1332 889 117 525 1134 1914 830 98 63 418 326 409 912 313 18 16 10 310 1077 351 415 824 1 1128 114 374 545 1243 172 559 617 973 636 457 932 323 568 289 285 746 740 510 198 697 187 1257 1006 486 130 1829 481 1500 348 764 1043 309 2432 28 84
290 64 1790 1157 85 714 132 1128 428 1478 932 617 2150 628 119 145 458 152 666 1431 1306 167 681 473 1149 3062 1696 1582 488 2339 702 703 322 1040 1785 1300 1453 850 227 2782 512 1023 1354 563 2785 920 746 1623 275 283 285 815 543 289 1568 300 1464 2673 8 1473 1994 405 224 1497 2537 327 1278 825 2405 2002 424 68 69 1814 1001 1796 1057 622 1846 1761 109 625 1004 629 1191 452 556 640 644 646 49 717 3042 1103 1158 376 720 2952 2032 233 1753 562 236 2775 260 1508 529 536 280 2900 548 3 4 17 581 584 316 2714 1318 3008 217 1349 1977 555 830 104 2178 832 915 632 633 1915 121 1633 973 128 457 2884 146 1919 147 653 835 150 153 351 1143 1382 98 466 866 900 395 1077 893 1298 18 313 962 407 1364 1425 1125 409 2145 44 45 1426 56 57 58 2597 1131 827 63 2600 80 432 671 360 1885 1656 28 594 415 1528 1602 824 601 83 878 620 107 1286 1373 1964 454 645 358 685 2011 187 696 198 200 709 2847 875 309 788 481 1385 180 1697 1704 2231 196 1929 211 213 1310 1586 796 1931 1043 1588 1780 525 258 3061 1651 278 546 292 547 566 1932 1606 551 1607 1359 1376 2768 286 1987 276 273 1377 532 855 2052 1561 1674 2993 255 853 1459 1677 565 1100 1284 1463 1251 270 243 20 2397 323 2225 552 2019 2538 1226 2772 1072 779 1297 251 246 1866 244 2743 485 1337 176 1336 172 467 1097 1066 1011 165 2348 1728 1765 2233 1727 1065 1669 1332 1894 1855 851 1864 242 1351 226 1116 723 241 510 2172 507 1617 504 500 202
292 324 1598 1714 398 951 5 550 0 295 393 292 770 1600 1597 278 1374 1715 756 1165 187 486 170 1104 2125 354 2436 346 1373 445 443 88 83 1183 523 1112 1310 903 76 57 53 47 411 969 37 1122 2289 960 1682 310 300 2091 101 102 635 211 495 493 982 560 191 483 477 679 669 667 1144 661 457 1257 1586 2302 396 1031 1617 504 182 178 1611 478 467 372 165 1807 1062 1720 71 607 66 998 158 713 2316 2317 276 1028 389 250 941 385 243 242 232 513 851 509 957 225 378 2369 223 417 1 597 329 1582 690 799 2270 1038 1413 1770 506 126 446 86 932 966 46 322 1255 119 908 721 728 328 327 49 33 1405 549 541 1513 1168 987 260 2702 387 748 238 235 733 413 533 291 779 1103 321 586 752 2118 2397 936 382 934 1499 937 183 361 1141 458 117 2161 1235 419 2913 289 1223 681 2862 412 433 863 942 1251 272 564 248 739 518 241 1230 485 1609 2361 1011 1290 159 2144 2368 1289 340 2515 89 1326 940 2926 275 2074 75 60 715 2223 1080 51 50 48 326 2176 912 1111 23 577 1627 395 534 544 1363 394 318 78 2023 913 348 130 341 1284 103 2123 1229 24 404 952 1757 293 279 2109 383 494 368 2 128
293 322 87 152 157 2019 552 389 1025 246 336 486 1665 897 309 2006 445 1181 373 243 326 187 1810 63 844
296 1860 1351 957 1116 378 207 218 2754 504 1117 220 851 245 241 244 243 385 500 739 890 247 248 1738 564 232 371 884 2752 660 158 462 2368 2144 159 161 464 1849 1011 172 175 176 475 684 956 178 1014 181 185 186 250 885 367 202 498 3111 1217 269 2348 665 1290 111 157 971 2321 1424 1381 512 2101 214 2183 365 153 147 1632 1112 900 1126 1899 1298 552 155 1363 478 687 559 1855 3156 389 911 2370 929 288 391 392 1100 779 1072 1073 268 298 790 942 1252 2468 305 551 518 242 2349 222 373 372 2017 643 1764 135 0 309 550 566 2071 292 1945 874 770 768 2185 2 809 234 2257 197 196 1704 195 368 189 870 844 487 734 5 401 1656 356 355 648 348 347 346 630 626 341 1284 1058 616 2190 614 83 938 423 594 2123 1658 1229 28 24 404 926 180 680 360 168 51 50 48 411 320 409 1810 34 1111 590 588 31 23 21 18 312 11 2245 10 310 575 9 2362 1253 395 55 2125 965 826 150 835 128 123 121 1826 1037 1884 913 103 102 969 2251 338 92 436 82 1271 80 1270 77 76 75 827 60 57 170 1972 2489 1318 29 581 3 789 549 390 1047 769 752 529 260 261 387 1834 238 237 1089 1753 233 1368 1646 208 506 374 321 205 937 49 1063 1892 1062 109 1662 1760 108 2205 1604 337 1055 336 73 1718 71 2039 2167 66 998 602 331 413 996 412 328 325 136 2506 370 39 1124 1031 959 1029 1 300 297 1395 2130 815 275 756 522 521 852 740 940 1021 510 375 203 198 887 696 553 193 2022 323 369 183 1582 842 3172 1581 471 678 2270 145 974 142 2026 112 1483 1256 2114 2025 932 966 922 606 1035 2092 46
307 463 305 2044 341 346 347 130 131 349 107 350 354 469 170 482 177 179 2046 352 801 2331 85 2 926 587 404 315 26 324 2165 1600 1183 1715 423 70 1002 2550 1603 1840 187 492 2334 322 323 46 1033 2024 932 79 19 795 2161 1690 2269 624 342 118 120 438 7 1 2365 943 802 803 375 217 227 1021 1352 515 519 1218 1220 275 1269 815 1745 300 295 343 1177 293 57 2223 2170 333 426 2602 430 47 967 436 1883 102 103 2352 1632 636 1821 835 1127 320 1789 3409 310 311 10 11 312 44 792 25 588 820 902 37 319 409 313 150 461 667 211 719 1402 523 809 1165 262 1156 2035 857 2528 539 2625 2038 783 546 1438 848 847 494 166 359 466 1145 671 360 365 1385 366 694 843 487 2182 845 2612 490 368 547 1363 344 345 186 1204 491 1669 1015 559 2048 800 367 202 498 711 372 1210 218 805 886 220 181 1338 151 2338 154 158 462 1332 464 1731 1200 474 2739 1730 684 364 480 2577 1012 221 507 222 2052 268 855 531 389 1739 272 1355 538 287 1624 860 892 299 2017 394 1221 524 1809 251 378 957 806 1351 379 231 380 2173 513 2349 241 244 243 246 247 1738 2529 149 124 148 796 376 562 237 384 1162 387 388 1751 749 263 528 751 267 1168 281 2037 261 814 871 705 126 1139 1140 451 1876 458 459 370 152 799 471 905 1581 1792 1154 369 840 284 2571 549 335 67 72 2171 427 1053 1758 998 337 91 2812 340 2337 1063 135 136 1283 1093 331 417 1596 397 1369 400 581 316 993 321 822 1319 994 2274 328 412 54 595 596 797 1078 274 308 1120 2428 225 89 1056 1604 1325 65 586 3068 39 443 1055 1317 1575 28 1122 457 680 973 906 907
318 829 423 70 2098 1229 1532 1373 1759 1284 1409 1374 346 1242 614 315 949 1774 2432 0 787 550 566 2186 278 262 130 807 211 1500 560 572 131 1852 348 2824 1030 959 1 1395 289 763 760 1268 275 1393 1867 740 1354 2323 1984 228 227 224 375 1432 187 685 358 357 160 355 1777 1006 1095 512 844 636 1086 820 961 25 18 960 9 2088 395 551 1363 1569 817 394 779 37 1297 1225 778 391 860 1222 911 1294 765 2423 1217 1422 389 532 1459 1100 318 319 912 978 1258 2779 351 1637 835 146 1101 123 122 2674 121 116 632 915 1632 1366 409 821 44 45 326 1080 365 334 75 2474 78 1365 1631 969 921 1473 112 36 1850 1202 478 364 2463 684 2520 2739 2462 172 467 1065 2518 1332 181 2144 158 1007 927 659 1606 140 138 452 1243 1063 1892 834 1061 109 2412 485 2746 559 1252 1296 392 1099 287 2428 286 542 534 533 1028 272 1564 1766 1025 2529 941 367 1552 939 202 498 503 1891 713 507 222 1619 242 244 518 1019 1189 622 1057 235 1368 1646 720 1751 506 374 1584 193 1087 192 183 842 681 167 1083 1141 591 2022 323 922 932 431 562 1822 1691 928 1485 2684 114 1274 1483 1381 1089 386 1408 433 1053 3121 2811 607 998 416 595 412 328 994 1091 937 822 321 1756 261 260 854 1090 537 925 1505 540 1596 3 1369 2081 586 314 541 269 1117 1782 2858 1964 626 1763 1060 2193 107 88 84 83 64 824 1528 414 641 594 32 1387 992 1050 1598 27 5 1597 2 875 788 2071 1838 292 819 642 137 1542 1423 1031 818 568 1804 1074 1568 1295 290 1871 285 756 1026 1623 741 1023 510 1968 557 1199 1010 1608 174 783 1246 3087 1343 1616 201 850 1454 486 580 1048 775 147 2180 457 128 633 1486 1367 2987 1399 1884 104 555 947 82 153 903 426 826 58 1477 55 50 48 1301 1111 1818 962 313 576 863 612 1275 360 1695 2070 1651 258 256 1590 240 1935 1504 1933 722 1586 1310 1930 209 1498 2616 197 1885 2541 680 2169 2065 1493 781 701 982 847 495 1585 984 196 3086 35 1785 2895 163 1290 161 1765 2368 353 837 1289 836 2828 1288 796 646 644 665 1965 135 447 1005 1961 625 1328 1114 1371 2157 2728 1845 91 1796 1389 640 1445 1066 3088 754 1778 1355 3089 251 1231 1895 1558 1555 1981 957 220 218 207 1553 373 1617 1798 1971 2309 2310 1266 1613 1535 691 1668 1449 188 1615 1894 2049 1247 1957 2725 2005 205 1386 1644 703 2989 1490 799 2692 157 458 1038 142 1228 1916 118 948 1137 1577 1255 553 322 1303 604 717 605 1478 81 968 438 617 618 1235 1107 208 1647 1720 1265 336 1531 1001 1814 69 608 424 2002 825 1717 1841 1440 1320 996 995 1044 748 2153 529 266 1593 935 1047 1946 548 549 1316 29 1599 2336
319 31 822 586 579 541 1089 1260 506 325 1584 1490 603 1853 187 1104 357 348 193 341 49 2512 2223 392 533 250 243 2104 559 3106 478 165 665 158 1007 1057 89 1958 172 28 956 2628 606 2022 959 1352 492 1781 130 126 347 952 2930 2478 457 2251 315 430 3046 908 487 954 215 1592 560 1310 351 2170 47 23 2417 395 1353 1558 182 927 999 995
320 1785 1381 12 959 402 1 2493 568 2365 300 891 1568 818 591 1129 2022 322 323 46 1128 603 1132 1235 966 932 81 86 1745 1134 553 289 1862 543 968 362 486 801 2790 187 696 1342 697 1977 802 1348 375 1349 850 227 510 512 517 1457 1354 249 745 1393 275 1268 760 2016 815 290 617 261 1910 1647 748 469 260 854 529 536 537 1513 769 282 541 1047 284 562 3 1369 2162 579 584 1181 586 20 1951 1657 1318 321 937 1091 994 4 1909 733 1646 1912 112 119 1634 344 972 1139 141 1918 1038 1141 152 656 157 935 840 167 473 841 842 183 488 702 369 193 205 506 208 1832 2567 3115 1608 783 1334 75 900 338 947 98 969 1112 830 104 105 1632 2178 832 915 633 1915 2606 121 128 1257 457 147 653 835 1921 1145 675 1885 680 63 827 1131 826 1120 9 310 960 16 18 313 1897 21 22 25 31 588 1111 978 1630 37 1810 409 821 320 1126 44 45 47 326 1901 1080 1905 57 2059 2125 1086 688 5 572 1839 1050 28 30 1658 324 1600 1183 1526 997 423 64 1054 1842 1113 1759 1058 107 1722 1723 341 1374 2642 347 130 160 1198 2 875 309 566 689 365 1385 844 493 196 197 1998 1435 209 561 212 214 1310 1151 807 1648 240 258 262 2159 1510 1651 761 278 767 775 49 1314 547 1504 995 583 996 447 1005 622 1408 1389 1055 1406 1001 607 1093 416 823 593 1103 450 29 316 793 314 2510 1405 1596 1947 545 774 540 1089 235 720 1159 317 1501 138 140 765 328 1028 273 1986 1217 270 1766 1782 1069 255 518 1621 385 796 379 1553 504 503 501 939 1449 691 1545 172 2736 464 462 2124 659 806 1251 374 1582 83 1602 1229 315 1404 393 1592 1402 1997 494 845 1153 2169 481 1417 2779 636 632 1367 102 93 1479 418 1301 318 961 23 1122 1682 395 351 703 1409 131 681 905 1082 118 628 446 1137 431 605 1255 1424 580 1808 1395 346 1269 522 740 940 1984 224 1106 1104 357 356 355 2487 1006 1781 348 285 1100 533 373 1249 243 513 231 851 1117 889 1231 1351 1116 507 805 218 625 713 1617 226 941 246 247 288 1222 911 534 272 757 1739 389 532 531 269 268 1778 251 250 564 1025 498 391 202 897 1066 1011 165 463 2518 665 2144 363 353 158 836 151 148 2458 646 2576 837 1115 474 1336 1854 367 559 2746 1668 2279 485 181 1731 1611 686 1202 478 364 2463 684 176 1894 1296 544 779 135 998 424 335 67 1094 69 336 1264 1053 433 1057 1063 945 94 1662 109 2225 552 551 1569 434 817
321 353 880 1332 462 2518 2390 1011 1115 474 837 464 149 136 1606 1288 646 684 1965 896 1243 1063 1892 450 1541 634 148 2139 1668 1613 381 232 1558 1865 919 231 1117 1799 1351 226 1116 2172 373 372 498 202 1552 1392 559 1550 1449 1014 691 1545 1544 1339 3147 272 2349 2017 394 1226 942 1363 2019 892 552 748 1379 1561 507 1672 154 2225 2772 1746 779 533 534 1987 538 2835 1251 286 1222 1376 860 1359 1377 391 1676 565 1958 273 2711 1994 1674 1868 520 251 1025 2243 2052 1738 1231 1866 2233 243 244 241 246 1562 531 1985 1119 1848 764 667 1275 2178 82 333 1127 1739 811 1564 270 389 532 1082 1961 237 2729 1462 1743 2057 1464 2673 7 1475 1898 1269 2678 322 323 46 1128 2166 2321 62 2024 553 1227 2056 275 177 486 1292 2815 187 1616 200 802 2087 803 2284 230 510 2782 1556 512 563 1218 1349 1811 1819 932 167 3315 1084 1383 471 2503 681 473 1083 183 705 370 506 1497 985 208 1501 804 369 157 152 1141 1885 79 431 1428 87 968 1304 1822 2060 114 117 120 344 345 451 141 1876 142 458 1972 2537 174 1608 514 1043 240 2621 1414 525 949 1165 807 262 278 2857 990 2625 1262 783 547 295 1239 2431 2609 1930 2700 978 1385 844 1583 2613 560 1102 1402 493 1928 2148 2231 2425 848 1500 209 211 983 788 309 2 2044 1722 1723 445 341 1373 1374 346 107 2300 1287 348 453 1193 1542 355 160 1334 881 3234 88 2041 1597 5 2847 1656 926 26 28 324 1805 1528 824 70 2217 2098 84 2226 3107 85 878 469 1751 1431 562 893 1789 1120 2089 2088 1575 936 388 11 261 263 1795 987 529 751 2703 2036 536 260 1046 13 728 1131 2801 57 1080 1426 53 326 1126 1298 409 912 1899 3260 961 1123 25 313 1122 407 281 540 541 1260 1717 1321 599 2405 66 335 69 416 72 2156 1758 1408 1283 91 1371 1114 109 427 1841 1320 1956 1946 548 549 1596 4 579 1316 314 316 29 1439 2714 2862 593 3042 49 328 996 413 864 1820 18 967 900 2965 1695 661 150 835 147 2028 1101 457 1257 973 2786 1037 121 2319 1821 1689 969 432 1823 104 1632
324 1243 2407 2361 3091 2741 478 1397 713 269 1863 242 433 1294 863 1886 930 310 1619 2711 1584 396 1404 1417 346 130 1064 1776 1198 1105 585 2441 1361 2913 1 1079 966 157 935 386 2401 2140 2031 2055 1251 243 974 932 1235 959 1029 278 2102 2648 121 1080 912
326 1231 737 243 241 381 232 508 957 723 507 221 220 247 513 534 250 254 538 911 542 2428 287 1099 391 392 291 778 1071 2582 299 276 394 305 1768 1028 1422 389 2763 1216 1766 855 268 2052 2110 251 1739 1588 575 3101 2508 1044 528 1940 267 752 2569 3102 3103 1880 1832 861 2800 2307 789 876 6 953 29 823 325 329 596 545 1830 985 871 1748 79 2025 2114 90 438 2498 1480 618 1305 1690 971 2501 126 1876 1412 674 678 681 2875 1581 1698 1701 705 707 599 331 1529 2512 1340 1014 1015 698 1615 2048 885 204 2392 2315 712 2317 2579 739 252 1215 1355 1562 272 1872 2212 2526 3078 565 544 480 922 2463 1411 607 2039 72 73 2171 427 1719 1843 1408 1283 2415 2515 91 439 2387 2575 2337 629 879 880 657 659 2460 462 1011 1881 570 422 1035 191 1703 982 495 1310 377 1586 924 1931 734 383 1926 805 262 527 264 2109 762 768 874 293 2187 3098 2122 2033 981 489 843 792 403 23 31 1299 961 1111 34 40 50 61 2175 2374 441 619 2539 1826 2296 2478 1693 839 1922 689 1697 693 398 926 24 28 497 943 1856 2439 505 715 2301 740 2105 1867 742 2197 2559 521 522 530 3100 2665 1223 543 780 816 7 1032 1473 2334 62 187 1546 2262 1002 1407 2550 1603 2299 2191 1605 1847 2553 131 453 642 137 645 882 3060 649 3012 1009 1970 1104 362 3099 2489 3023 218 2051 1018 1287 348 454 1006 648 144 356 160 357 1008 1333 1334 2125 1375 358 683 170 802 709 201 1106 198 887 1064 3076 697 696 486 179 177 482 492 637 346 1374 2971 592 2082 1658 30 26 1600 315 3221 1521 951 3045 5 2 587 3263 1183 414 445 2008 1409 443 620 437 594 435 2331 83 2872 3254 423 415 88 803 375 2160 322 2113 207 408 3170 1685 323 41 35 19 14 12 3200 2303 405 1031 46 1686 112 446 1825 1036 617 1134 1033 86 1819 606 421 3068 1129 604 932 1049 1030 402 3120 2491 1458 755 2127 745 756 249 519 517 515 1352 512 230 852 1119 2973 1218 1118 1 2493 862 300 777 3072 1269 283 2199 535 275 274 1220 1767 296 295 550 3129 3168 621 2352 103 98 1367 947 436 432 2363 1365 2602 610 1479 426 1791 2477 669 1144 1400 461 351 156 915 150 653 2940 457 1257 636 3220 975 166 864 2170 25 22 21 1122 18 577 590 576 1078 1077 1120 2222 308 395 10 333 963 37 420 418 1080 53 326 47 406 411 1578 320 821 409 319 318 45 2500 466 1146 1045 2780 1592 1169 2868 1438 279 2035 526 809 258 257 2430 525 1165 523 2185 767 3109 566 547 1838 785 1837 2298 784 393 292 783 2625 1110 770 909 671 256 1589 845 844 487 484 366 365 490 688 481 477 682 680 360 468 1151 1590 701 907 736 234 514 213 211 2376 906 1500 848 706 494 493 368 560 1498 114 1577 342 1063 643 2163 796 139 1195 140 1606 797 1726 450 148 151 154 2517 3201 2083 927 158 353 1076 663 2459 634 1061 447 828 65 998 335 67 71 1001 609 1323 554 1758 1720 2007 337 89 1057 3063 444 1190 340 111 625 2214 2518 1093 464 165 1731 178 2310 1611 2309 687 1338 1850 1202 1201 181 364 1730 2739 475 2462 176 1336 172 474 3077 1798 2520 186 2311 2312 1065 467 1200 2026 373 372 2050 504 711 503 1860 500 498 202 199 886 367 1017 1550 2313 1206 1205 2047 1849 2002 1094 597 369 193 1041 374 208 1159 721 2305 934 2306 729 233 235 562 1705 382 1089 516 602 236 237 384 238 2066 239 183 690 117 119 904 120 343 344 124 1692 345 1139 1140 451 141 1413 458 652 459 655 1142 840 799 471 905 842 748 1706 1163 400 579 586 314 1756 2308 316 1952 993 33 955 321 1103 937 593 994 49 327 328 1527 412 413 54 330 595 991 387 397 549 1164 1166 261 260 1167 987 1416 1168 536 1046 529 281 925 771 814 782 390 284 769
327 37 365 1081 409 1125 1366 1818 860 310 1842 896 559 1116 180 18 1500 942 278 541 49 2002 67 2844 1531 336 554 1408 1063 138 796 158 462 665 1011 1065 478 1043 373 226 518 941 1675 1217 1251 911 266 1795 1973 2108 1396 0 938 2848 2265 2912 346 1777 187 1452 1862 512 1421 940 1409 1395 1089 1393 1040 142 932 1235 431 322 553 1233 2913
330 935 1501 1606 235 540 336 1662 1005 2828 1025 162 665 2749 713 389 270 208 2400 2075 167 1829 1134 817 395 48 58 102 1037 493 212 1483 262 788 824 341 510 512 1395 322 87 783 551 1580 207 953 397 548 390 284 541 925 954 280 263 260 238 236 1089 728 1368 1513 721 1657 29 2454 1718 1001 1000 425 2039 1094 316 607 331 416 597 54 412 49 822 998 215 374 193 932 603 1034 46 323 1255 591 2025 41 36 405 1031 1576 2961 1029 818 39 90 617 95 842 692 690 681 799 361 674 656 652 145 2502 142 141 119 115 2093 100 1326 1957 1056 1057 957 225 508 2369 1553 373 1617 1117 504 1859 2392 204 202 367 1017 1392 1860 851 1230 919 790 1071 778 291 1251 765 534 276 272 757 1107 255 254 564 248 242 232 699 297 2464 182 1195 646 1965 2278 1243 631 1061 140 629 109 108 1059 2420 1797 2728 94 625 1967 1289 158 485 181 178 1266 684 1411 176 175 172 467 663 1290 161 1076 159 1765 837 186 289 586 747 2180 128 127 1995 125 123 636 146 1915 2178 2135 913 1112 969 555 866 2539 654 835 153 1432 870 1493 844 1697 366 483 2181 1086 978 680 2230 679 466 1639 1275 1488 1631 2183 436 1271 3128 3461 31 25 23 1122 18 590 792 11 10 310 3409 2776 1077 570 3127 2472 34 2091 1749 78 76 75 60 57 965 55 1902 53 51 50 326 411 535 912 37 612 560 409 1997 1777 882 1193 1781 641 2858 1287 355 2323 1060 443 1058 620 2640 2264 437 130 1197 1008 2125 1495 746 2385 515 725 224 375 1670 697 696 187 2437 3475 174 2102 358 1375 88 616 1972 83 2530 759 2159 259 257 523 736 383 1936 722 1310 214 2479 211 1156 84 984 762 857 2619 770 2263 767 2099 74 601 600 594 952 574 1598 1774 2 1049 296 3045
333 1938 183 370 374 506 1158 261 238 471 562 235 674 117 126 345 344 343 120 118 2974 446 442 2037 2161 79 1134 142 782 1001 579 1726 927 62 629 340 89 1408 2513 1758 427 72 67 1596 335 1093 599 597 54 413 49 1103 33 1756 953 586 581 998 322 661 8 706 1703 560 191 489 477 351 156 102 333 1902 47 495 45 320 409 319 406 588 31 313 1682 10 310 395 158 2777 527 1239 1592 959 1 275 519 740 517 187 358 357 1006 1095 348 346 2912 2044 2552 1002 598 415 28 315 398 296 293 393 1045 2109 19 162 762 474 165 2416 46 642 18 544 929 1294 272 252 250 247 518 1215 244 1014 699 939 243 1340 2126 372 1619 957 513 242
335 792 893 960 315 395 1165 262 577 308 18 1578 313 22 25 820 2593 318 40 409 821 320 264 45 47 326 1122 759 393 1045 399 1949 3366 951 5 1404 1597 2 2846 571 1049 875 296 787 1592 566 547 2071 784 293 53 292 546 783 990 2869 770 767 2528 857 1177 1080 947 57 487 844 845 489 981 490 1926 189 191 1702 368 493 847 983 1928 1156 1500 561 1310 719 1586 1504 383 735 736 1590 256 525 258 843 2063 1491 365 58 526 2223 2170 426 430 612 436 1479 102 103 831 619 1367 2778 915 636 1995 1257 975 150 1400 466 360 1885 1148 680 978 682 481 633 1714 179 26 66 424 335 608 69 1000 1001 609 72 2073 336 602 2454 1534 1057 1190 1005 2575 447 629 1573 880 634 1063 554 331 825 1321 1405 1180 583 584 586 1241 2712 316 29 1599 993 33 321 1103 593 994 3042 49 1601 328 413 54 595 596 416 135 1965 1195 1606 491 1550 559 1392 367 704 1552 1344 939 202 2752 2392 1346 501 2796 504 372 713 373 714 1733 2317 207 218 220 485 2202 691 1611 836 659 927 1007 158 837 462 353 1076 663 665 463 165 1066 1798 1115 474 172 1336 2820 176 475 364 1338 687 1266 1523 4 549 7 959 1032 12 1473 580 1577 1255 553 322 323 1 46 1129 421 1811 1236 431 615 2497 1134 1912 618 1483 603 818 300 1568 1546 2234 187 696 802 375 724 725 512 1352 731 1984 1421 517 740 522 1218 1220 275 760 283 285 1223 543 289 446 342 119 904 208 728 733 382 1089 237 1506 748 387 260 1507 528 987 529 267 2118 1787 537 1513 1046 540 541 1312 861 782 849 397 205 370 120 344 345 126 1139 3177 1038 458 459 152 157 840 167 799 905 681 1581 2131 841 690 842 1582 183 1701 369 707 507 221 508 350 1008 1333 1334 2125 1199 358 2411 469 648 683 362 1729 482 310 964 935 478 223 551 170 1363 1006 131 1598 1050 28 1229 1658 32 1182 1526 594 1064 1528 616 443 1723 445 341 346 347 637 130 938 394 211 565 1355 754 1782 1107 269 1675 855 1562 531 2110 532 757 958 1028 533 534 538 1460 1872 392 389 255 391 250 778 251 225 957 889 1981 851 1555 1557 513 779 732 232 1738 1213 246 2529 1231 243
337 670 675 1829 1151 688 689 483 180 694 490 807 466 1934 525 257 809 2035 767 1943 781 1495 514 146 1639 305 1363 292 395 10 313 23 912 53 166 826 75 947 1136 1367 915 632 633 128 654 2248 627 296 309 171 1115 2361 462 2295 1289 135 2389 474 638 91 1053 72 67 65 2512 1601 1103 94 684 686 2465 817 299 2282 2281 2055 855 268 255 252 1213 385 2173 380 378 508 223 507 501 202 822 1599 573 284 568 253 852 1023 228 227 2160 802 198 2645 3047 2192 833 616 2165 1317 404 1950 1597 1 3109 8 39 281 872 239 237 720 1401 1040 692 652 458 145 113 446 1305 2161 932 1398 604 2166 1032 1424 389 2119 384 386 387 936 1163 1164 1044 749 261 1396 263 1167 986 1938 1166 236 562 1753 193 871 1238 205 849 208 1159 1752 215 721 2305 935 1833 233 1999 529 370 266 1787 2861 579 581 583 584 586 2202 954 1952 33 321 593 49 995 316 3 396 789 873 2838 1512 2810 1277 537 769 2037 814 540 541 1047 545 548 549 1168 2274 705 703 428 1748 1235 1819 79 86 606 615 1906 795 90 1134 968 617 2351 2321 332 605 12 14 19 35 405 1685 1255 553 322 410 323 46 1033 603 2681 95 369 894 115 1142 666 976 1083 167 799 656 471 979 1581 690 1696 842 183 473 152 1570 655 2448 117 118 119 120 343 344 124 345 126 455 456 141 142 1413 114 1119 327 1278 218 805 220 221 225 1619 1018 806 379 231 513 232 241 244 509 1733 372 504 2928 2012 1205 491 883 698 1550 559 367 1551 199 2392 500 1860 503 243 485 738 1025 1624 1359 1625 1296 565 779 1222 394 303 945 863 551 552 2225 2920 3018 2994 1251 564 251 1809 1355 2052 1782 1675 1459 532 1993 270 2053 1422 757 276 1098 328 1544 1611 1534 1957 1055 1057 1283 439 554 2388 1371 108 3063 109 629 1724 2728 433 427 336 54 1092 596 416 602 828 998 66 335 608 1441 3392 918 71 1001 450 178 1243 134 1765 665 463 165 1065 172 353 175 475 1337 2221 364 478 480 176 837 158 1007 1725 640 136 644 1390 138 796 1288 797 149 151 154 657 155 2733 133 7 905 818 906 701 845 1697 484 2169 1385 365 481 680 1885 676 671 1145 1382 156 150 835 143 457 1995 125 448 122 636 121 1826 116 2477 907 189 191 368 764 279 3192 1592 761 988 2159 264 262 1165 526 258 523 736 832 1588 234 1504 1043 1310 1831 213 211 1503 196 848 1704 195 1102 1309 2184 770 2178 104 2797 320 821 409 43 1364 37 2593 34 25 22 21 1122 18 577 16 960 792 2247 13 312 311 310 575 1078 1077 1120 2244 308 1578 45 411 47 830 103 102 101 98 97 92 436 82 1365 903 1680 1271 900 105 1270 3478 426 864 2224 63 60 333 2170 57 56 1080 50 48 326 76 1708 612 1945 224 375 505 710 709 203 201 696 187 1293 801 486 179 177 174 2102 1010 2411 1009 1008 357 160 356 355 354 1777 352 350 3479 230 349 510 515 990 1361 2057 300 1074 1808 1568 1803 1395 2560 289 290 543 1269 1871 285 1767 283 2199 275 274 1220 1218 756 2238 530 742 517 1248 512 1542 170 1049 592 2549 1182 32 30 2625 1050 1714 1521 2978 951 5 1774 2 2846 1776 0 875 2072 550 566 294 1838 785 1837 784 546 783 2038 324 1600 28 1183 1006 1193 2554 1095 454 348 131 1840 341 339 1663 2008 1409 1763 2193 130 84 1715 594 423 83 1603 2044 88 1759 1417 107 1284
338 112 46 152 213 39 193 370 1119 5 1334 1781 346 878 1805 2482 2291 710 321 286 2879 560 779 1025 247 246 518 242 49 713 1204 178 478 927 1063 1055 2844 1015 184 877 128 1053 1103 266 192 1398 1 138 802 1402 848 693 418 961 477 358 504 1396 941 78 63 1621 31 22
343 1381 1421 940 740 852 2197 2127 2086 543 1395 1808 1361 1679 959 2795 1984 1303 322 964 2678 1473 515 355 1454 130 881 1064 454 1095 1193 1006 1848 648 2194 512 1777 1334 1291 2125 1104 362 2651 2234 187 696 2218 1235 1819 1485 1478 842 1582 192 1087 1644 1040 2506 1238 374 346 506 1499 208 720 552 559 176 363 1243 1320 1170 2064 681 1383 167 932 431 90 1134 968 617 1910 2807 1483 446 1236 114 117 1139 141 142 1038 655 1570 157 976 1083 1274 2890 2136 1409 37 409 326 53 1080 1427 334 2146 2970 555 104 915 116 1633 128 457 153 1400 1697 2183 191 34 560 1111 961 341 1775 1058 1174 197 844 121 55 2133 1453 1 854 1575 1471 310 930 960 18 22 31 2021 1818 1102 493 1585 1049 1404 951 2847 1839 1713 2433 1229 30 992 1387 1602 600 423 2484 1815 1661 614 1054 616 2044 0 783 1514 775 1500 1502 2376 2030 3369 1310 2031 2960 1933 2619 1663 1043 1934 234 735 256 258 3325 761 1592 278 1045 1504 1029 1358 269 1550 883 186 1014 691 1545 1973 475 2077 172 2361 1798 467 1065 1011 165 662 2963 462 2412 158 1007 659 2075 1288 796 138 1390 556 1392 2752 2796 2049 2673 551 1252 942 299 1297 544 2829 392 911 1460 2994 1251 534 2516 389 1356 1778 254 251 1250 518 3017 232 1981 889 1863 2369 373 372 1675 1061 478 2205 321 29 1952 314 586 1522 581 1369 991 3 3481 1947 3029 545 822 782 541 540 1090 529 629 1396 261 2702 238 1089 562 235 935 1368 2449 1103 1795 1953 2039 69 1001 73 1280 336 1094 1264 1326 1389 1408 1057 593 2388 1053 998 433 1660 49 995 2715 329 325 2717 328 1092 597 1841 416
345 193 1042 208 233 562 748 749 261 370 260 390 1507 1168 769 541 328 548 581 1181 29 369 54 263 192 553 842 331 275 283 285 2016 290 289 300 1 1473 183 322 1128 603 428 618 342 117 119 2564 459 167 46 2512 399 1001 255 251 941 518 243 244 242 232 379 957 268 222 221 220 218 372 1617 504 559 1015 491 756 223 389 270 1739 336 337 450 135 138 796 149 151 658 158 837 462 353 1765 464 165 1065 1115 176 364 551 394 1222 607 563 478 230 759 1592 278 767 1175 546 293 2187 309 2 206 5 401 587 1575 9 411 57 432 1633 1101 661 1014 360 368 844 308 25 31 820 1111 43 1125 320 45 47 191 53 333 2602 102 830 654 150 166 466 680 365 1131 783 296 1714 855 1459 510 778 552 601 423 70 246 435 1722 341 346 131 453 170 486 187 1284 1231 532 475 681 237 2534 241 742 325 2105 375 505 347 614 1003 413 629 644 2348 172
346 1362 394 779 1071 1377 288 1376 286 1363 276 478 18 593 1103 581 579 782 541 1513 562 1368 994 1646 1584 193 681 558 167 114 112 323 1124 720 49 412 1092 552 754 1866 1621 939 2749 1337 2820 467 1065 665 462 158 2124 659 138 1061 1189 1057 607 2512 1473 1395 289 283 214 1500 1583 844 1086 1258 146 1995 125 123 122 121 1915 632 1366 2352 1790 555 1631 409 1125 807 395 1932 1592 563 802 187 1104 160 355 1006 1095 348 881 346 443 2265 1407 614 3035 315 951 0 566 278 1239 1739 2017 270 815 543 300 1 7 36 41 2016 322 603 604 605 2024 1748 79 795 46 1269 535 275 352 1196 356 1009 170 696 2655 700 2658 224 850 228 230 1023 940 1354 1422 1134 144 1304 1483 1238 1158 376 1160 721 2136 728 1040 233 236 237 748 387 261 260 263 1753 370 192 703 894 115 117 118 120 343 344 124 345 141 145 652 1141 473 1307 183 2339 1822 649 648 454 93 98 102 1823 105 1632 1884 82 627 1037 635 128 2940 653 835 150 633 1365 967 900 1253 9 310 893 313 22 25 31 34 1364 43 45 411 53 965 57 78 668 1639 166 466 295 309 2627 2 1597 1656 2330 324 1600 1183 594 598 70 107 2008 341 1664 292 1172 773 767 671 1147 2230 169 481 180 1697 1641 1432 191 1997 495 2255 1043 735 526 1165 874 281 1220 17 2049 2754 504 372 2285 218 220 221 507 2756 723 226 1351 498 919 232 241 242 268 390 244 243 737 246 251 1809 255 2052 1865 202 231 1266 67 199 20 585 584 2081 1316 425 1001 1053 3113 1056 54 94 91 109 686 1067 684 176 474 161 151 796 646 1063 631 625
347 661 494 560 495 445 736 2109 293 295 926 88 150 348 730 318 839 25 577 1682 575 395 477 1703 131 357 492 119 458 2571 453 961 2105 328 275 593 49 599 2512 72 2171 427 2387 1103 2337 158 165 1204 513 518 246 251 389 880 1218 586 782 1991 1035 1036 446 1692 1876 3207 471 579 183 562 237 261 529 766 1046 2037 925 374 828 1690 474 1014 520 2054
349 703 1134 795 1428 79 932 1128 2166 446 46 322 553 1124 1898 1687 112 141 342 935 728 215 376 1158 1877 114 193 471 1431 157 152 458 142 473 2676 1464 2673 132 131 347 346 341 107 348 88 2804 614 83 2294 3131 824 878 2650 358 362 300 275 756 2785 1456 512 510 850 375 200 1342 1293 2815 1292 486 568 235 388 237 270 1739 286 2768 1296 565 269 779 394 1362 552 2796 367 3209 892 268 1809 251 1619 806 1351 1799 851 3004 241 242 243 808 415 1866 1738 564 250 1448 562 1446 364 20 1316 3 549 541 1277 1951 2791 1172 987 854 263 261 749 536 29 328 1321 1411 175 474 1012 165 1332 2124 1727 796 136 1061 1796 336 1001 2039 1014 1805 2285 2481 31 820 406 407 409 821 320 45 326 57 1131 2170 827 63 76 25 313 18 893 594 222 272 1895 1063 1584 488 2146 959 1102 37 1789 2966 9 310 311 773 80 11 1271 365 844 845 560 2425 848 807 978 736 988 1177 309 875 900 2839 324 750 680 561 969 432 1272 360 2319 96 102 1112 830 82 835 121 122 128 147 105
355 42 177 355 982 2839 213 408 341 1619 328 112 183 260 925 579 151 165 2223 322 1684 31 2 242 395 310 792 406 821 320 921 25 82 150 839 798 843 493 857 293 295 1101 243 1441 389 416 66 67 2171 927 158 464 478 181 485 3123 372 507 957 1738 2243 1025 250 520 531 928 1028 391 413 537 261 237 817 2122 131 469 1546 187 224 227 510 512 519 251 253 283 2016 959 19 1035 606 2161 142 458 840 370
358 838 1253 2233 524 268 531 389 856 1740 860 391 817 668 2375 2884 128 121 513 395 851 957 1057 623 109 1192 1606 148 478 2242 367 1854 713 373 1733 507 223 1351 328 832 1824 18 11 9 2844 1000 1264 433 1408 447 634 834 452 836 466 158 1122 105 2408 1301 1112 1365 903 1270 63 2023 1131 826 57 1080 1426 45 1126 320 409 1810 2287 823 937 1334 1104 1729 801 1293 187 696 200 1349 515 1023 741 563 756 1566 88 543 594 1075 671 168 679 1148 560 982 847 983 1928 2425 1310 736 857 2379 1948 1714 1360 1679 1680 1307 374 506 2698 2305 1833 1089 1506 2036 858 1880 2336 1596 396 314 1431 152 2686 345 1118 7 1119 959 1032 1424 1785 2225 3125 1811 966 1304 1912 1484 118 972 1132 2018 798 392 936 562 235 2339 2359 2240 842 473 471 1083 157 1141 2029 458 2239 2398 1822 1354 746 522 274 275 2056 388 1269 862 568 1898 1994 322 1128 815 1456 261 987 243 1455 222 503 1346 1894 1016 559 1203 2280 485 181 1730 1336 474 3112 1012 529 536 537 390 549 397 854 585 1103 994 1321 66 2346 464 1951 808 512 1342 262 1157 1500 848 493 845 1308 844 1153 693 365 978 680 839 351 150 835 893 820 899 1899 821 44 764 326 900 969 621 1826 122 1636 864 850 990 2802 486 1546 362 469 1375 160 355 1196 1006 881 2342 341 1286 1722 2044 107 1605 1656 315 1242 28 1229 997 550 1602 1324 829 1757 85 878 2805 70 1225 1866 1231 941 246 1025 251 1107 269 1739 273
360 224 803 492 170 3013 88 341 2008 107 510 70 348 512 2365 1268 1269 1395 300 423 959 12 14 39 322 410 323 46 275 1600 1310 28 395 2088 2244 18 31 588 409 326 1131 63 2473 612 432 436 92 99 102 2352 619 621 457 147 835 150 365 2254 196 604 2 324 1129 2497 79 1076 463 464 2139 188 204 373 2285 225 243 518 1025 254 1215 2052 268 532 389 270 1739 272 287 1624 778 1296 779 394 1363 551 159 606 158 154 615 1134 617 618 117 118 120 343 344 458 183 208 238 261 529 281 579 586 1756 1103 328 72 336 427 89 91 1764 136 149 2083 1033 403 1077 327 1527 1278 54 597 65 71 73 1758 49 1055 1056 1846 2205 108 1760 1762 1724 450 134 1604 321 991 769 126 145 2470 674 471 1584 849 506 1042 1368 3126 728 233 239 872 2108 1163 1164 1166 1167 1593 135 119 139 2368 508 851 241 244 245 890 246 564 255 223 855 958 276 1251 391 291 790 817 945 1379 1422 221 220 805 161 165 1115 171 474 173 175 176 475 684 364 478 178 1014 485 202 500 501 1860 504 218 1289 114 460 95 105 1632 2178 627 128 661 166 671 2181 913 481 688 689 483 870 189 1704 112 213 514 1151 2476 1272 903 9 310 1122 21 22 23 25 590 961 406 912 47 48 57 333 75 76 77 1270 900 1271 234 525 206 1509 745 2127 527 756 283 290 289 1808 818 1023 8 36 38 603 422 2024 2950 2025 87 90 405 228 755 2655 279 767 292 293 909 201 309 0 1183 1715 550 598 594 187 685 645 1287 885 346 339 2552
368 47 430 1257 2180 675 1151 688 689 1108 196 1155 165 1849 464 2518 665 162 1290 161 159 2295 158 1289 2083 155 154 2338 151 149 148 140 1725 134 133 1243 2277 1063 638 1011 1066 467 171 1617 2051 2050 504 503 501 500 202 367 885 559 182 1504 129 1014 956 480 478 684 2520 2739 475 1609 2462 176 175 173 474 178 450 1724 3038 49 593 937 321 993 954 1756 314 586 584 1405 581 579 327 991 1416 548 284 1709 2037 281 769 536 277 752 987 263 260 397 372 328 413 880 1061 1005 2367 625 1762 1760 2205 91 1408 2326 1056 1604 1278 1055 1265 336 73 72 794 1718 1000 2167 67 424 417 597 54 2956 261 713 1020 1044 237 1260 2784 208 842 2064 681 446 968 2114 81 1748 606 580 2365 1074 780 1461 275 170 1373 445 107 85 1532 592 873 2838 1593 2119 551 565 268 1622 246 889 378 1449 491 185 1611 1067 1881 1598 463 658 2163 643 135 2513 2171 1001 2512 330 996 955 29 1047 353 1521 5 788 564 1025 248 890 1231 245 1249 738 518 243 242 241 232 250 513 2104 851 1981 1117 1351 957 225 508 223 221 220 218 2126 1230 373 251 1107 1944 262 2371 305 945 303 817 394 790 298 1469 779 544 1782 1100 291 391 287 538 534 533 272 1739 270 389 928 531 269 1296 749 485 235 1495 560 191 189 1926 907 906 490 489 845 1493 844 366 481 978 360 676 671 798 1275 150 654 146 457 128 2939 636 1156 1500 211 212 70 423 600 824 28 1050 926 2 0 875 296 547 785 635 784 773 770 539 857 761 257 525 736 234 1043 1402 1310 213 783 116 106 2178 48 326 320 409 43 37 1111 961 590 589 588 1299 31 50 25 1089 313 1122 577 576 792 2247 1627 10 310 575 2373 395 23 83 51 55 1750 2352 913 2476 102 99 98 97 2177 92 1479 432 2363 53 612 1749 78 1270 77 76 75 426 864 60 2248 57 56 1905 1271 1757 21 88 119 118 117 2328 2807 2093 2161 100 2499 95 617 2498 1134 120 2497 79 932 966 1819 2321 421 59 1398 604 1686 603 1034 2092 431 419 343 124 878 934 2305 720 215 1497 374 193 370 1109 369 703 3423 344 488 1698 1581 471 799 840 157 458 1038 867 141 1140 1139 345 183 1033 1584 46 510 227 1861 375 198 697 187 486 179 177 685 1666 469 512 358 357 648 1006 642 454 1287 130 637 347 2890 341 1128 2008 1334 517 346 253 519 323 2022 322 1255 408 42 39 2495 2494 35 14 1233 8 553 1576 959 1220 2199 1870 289 1395 274 300 1680 1 2198
369 1278 335 67 66 1094 602 1321 2879 1092 996 2002 1953 995 49 994 3194 1954 822 2878 1599 316 1951 2854 20 328 69 834 1531 836 586 2338 151 149 1727 1607 1606 796 1390 643 452 2009 1063 450 1061 629 1961 625 109 108 91 1057 2724 2574 1001 585 749 584 387 748 2775 1647 1089 562 233 935 1368 721 215 936 376 1501 506 1238 1040 1644 895 3231 193 369 703 927 1751 388 261 260 579 17 991 2141 2708 396 549 548 1047 541 540 2037 537 1090 2967 2119 2838 1172 873 277 1168 987 528 1795 263 1181 1007 231 1332 1459 855 268 2052 1869 1561 1674 255 1809 251 564 532 2243 1866 808 243 242 232 1865 1230 380 851 379 1799 246 389 1993 1217 912 1143 2399 3147 1297 551 1362 942 301 394 2017 892 779 544 565 1359 1624 287 286 1221 1251 1294 534 272 1739 1351 158 1863 1736 1266 687 686 478 364 684 2739 475 176 1336 2077 178 173 1115 467 1066 1445 1065 1011 165 1849 464 463 665 474 485 2279 2280 957 1673 222 223 507 207 1553 373 372 504 711 2049 503 202 1894 2749 1854 1552 1392 559 1550 186 1668 1446 1203 806 2064 473 395 1456 1457 1354 519 522 756 275 283 2087 2056 1269 2016 815 290 289 1788 1395 1808 300 2365 862 1804 1679 1023 512 510 227 1777 354 355 2650 1334 1375 486 3087 2234 1292 2815 818 187 492 1343 200 1452 802 2353 803 375 2658 224 2284 696 1 1119 959 1822 1910 2161 1483 112 114 1274 342 117 118 120 617 344 141 142 145 2270 458 652 459 152 1431 1083 167 345 352 90 81 1031 1473 19 1994 1124 2831 1785 2494 39 41 1255 431 322 46 1128 1033 1034 604 2843 2024 1235 1478 932 79 323 799 350 349 1102 1704 1997 2425 848 1585 196 211 561 212 2403 213 214 1586 1436 1933 1043 1780 525 258 949 1165 262 560 191 2147 1700 835 1637 1275 156 351 2779 667 839 671 168 1151 988 688 1385 180 484 2837 487 844 3040 2254 1699 1641 2612 483 761 278 857 83 614 85 878 616 88 620 2849 107 1284 443 1532 1722 341 2890 1372 1373 347 130 1964 348 641 1095 1781 2008 1665 829 70 764 539 767 2625 783 547 309 0 2628 2 1712 1324 1839 1714 26 1658 32 324 1600 1526 1955 594 824 601 1242 681 842 50 146 147 653 326 45 44 1126 821 409 1425 1301 407 406 34 1629 31 1684 1253 2088 2584 310 311 893 457 930 1234 18 1122 1254 22 25 11 128 47 636 1749 78 76 127 63 60 612 2170 826 57 1904 2778 418 55 2223 432 864 1821 121 2319 1486 915 1632 105 633 1823 104 1631 866 1903 1112
370 105 10 31 1810 409 326 57 900 432 96 102 37 275 351 910 336 1441 998 2512 597 328 1063 49 581 1596 284 925 766 261 1834 321 133 1725 927 945 779 391 860 911 1251 389 268 564 941 518 226 1619 378 478 165 158 562 2478 733 1584 348 347 346 341 1722 1759 83 645 415 1592 525 1831 495 2841 844 461 2 357 1972 726 1087 369 183 842 157 112 2161 1908 79 932 606 46 322 2022 1 1220 940 208 106 487 2091 876 586 29 33 955 413 1326 2205 1062 644 139 155 549 660 498 711 504 851 2104 241 242 244 1098 532 790 23 202 3102 888 752 47 873 830 147 156 360 560 213 309 3045 2433 107 445 887 2417 300 1109 705 193 1698 126 1582 922 1795 1424 14
373 1134 2161 446 112 157 3485 842 502 562 374 208 733 782 1089 936 260 933 529 205 932 1104 19 346 1596 131 881 348 2858 355 357 606 486 1106 709 802 375 512 517 275 959 187 579 165 584 659 158 462 341 363 172 2820 478 1014 485 2210 518 250 2052 2394 389 534 911 2318 643 581 879 336 586 314 29 321 1103 593 823 325 1091 994 328 412 329 1093 828 998 1094 2039 1531 1057 2044 820 1324 79 1305 117 451 1038 655 681 1581 41 369 1417 985 1046 549 331 364 1015 559 2116 886 1 453 931 318 912 320 77 441 1826 457 2125 493 514 525 1045 547 1714 1526 415 107 3148 221 506 1239 25 835 351 693 844 560 494 1682 719 1592 278 2109 2433 1176 2 1404 254 310 2484
374 961 37 319 40 1810 409 320 411 1299 53 418 57 333 60 827 63 47 1127 426 1367 610 2602 77 900 967 1271 82 93 864 96 102 441 830 2476 105 1632 1884 627 866 31 324 21 1836 770 1175 546 784 296 926 179 375 522 1305 904 451 955 937 794 337 490 103 45 1037 313 1683 18 792 312 11 893 10 25 311 1078 2373 1120 2244 2088 2362 308 395 310 956 1826 125 1844 1188 622 2406 91 1055 554 427 73 72 425 1059 69 2039 67 335 607 66 1093 331 825 417 597 595 918 1760 1762 444 158 2124 154 151 149 148 797 140 1288 139 796 138 136 1725 135 134 452 1063 1764 1724 634 2214 1004 625 340 330 54 413 328 873 277 1787 752 1168 267 529 263 260 261 749 388 1162 748 384 1044 237 2201 1089 1705 562 235 728 720 1160 2119 462 2967 281 49 1091 823 1103 33 316 793 20 586 585 2081 582 1316 581 579 3 549 548 782 861 390 541 540 814 2037 1046 1331 1332 161 531 855 269 1107 268 2052 1869 2110 520 853 1809 251 564 1738 2467 247 2919 246 245 738 808 518 1621 243 244 1357 241 1216 389 1363 1362 305 303 817 1226 394 2017 298 779 1296 778 1377 288 2129 860 911 1251 538 1741 533 1219 1739 811 270 2763 1158 2349 513 883 181 1014 691 1545 1338 686 480 478 364 2463 1881 684 1730 475 173 172 474 171 1012 1200 165 464 463 663 1015 232 698 699 2173 511 380 231 379 1864 1351 806 226 225 222 507 221 220 805 218 1018 372 712 504 711 498 202 367 1392 1615 122 1751 1645 938 1183 1840 1600 592 992 30 1229 28 24 404 70 1179 951 2122 2 0 309 1177 293 292 783 2625 768 401 1757 614 85 1009 1333 357 1196 354 352 350 1848 1006 645 137 454 348 1664 1287 1064 131 630 341 445 2265 107 620 2805 878 762 1592 761 1591 844 487 693 1385 365 688 1151 1086 360 675 671 466 798 166 669 667 1144 661 461 150 975 835 146 2028 143 906 358 907 560 2035 262 1165 526 949 809 257 525 1754 234 514 807 1402 924 211 1502 1500 206 1585 2255 848 495 2425 1704 494 191 683 170 482 1139 126 345 124 972 344 343 120 119 118 117 342 894 446 1875 624 2161 1822 438 1134 90 795 87 79 932 1140 966 455 145 1499 1042 374 707 193 1087 370 369 190 2359 183 1307 1581 979 905 799 678 1083 976 157 1142 656 152 459 458 141 908 606 1035 746 519 740 940 1023 515 510 227 3082 850 1861 224 710 803 802 203 200 198 2334 492 696 187 801 2046 177 810 2843 1220 275 1034 1128 46 1579 322 3006 964 36 19 2674 1030 8 568 1804 300 816 1788 2560 815 2016 1269 2056 1767 283 535 274
381 1258 64 594 992 764 762 1043 2403 210 495 191 180 671 156 457 635 627 866 1998 1997 1704 847 3153 1641 70 844 1086 1085 22 407 1364 53 483 211 696 12 1422 1993 1869 255 853 232 511 504 1392 475 176 1065 646 625 108 622 1055 14 428 90 2448 141 976 289 769 579 584 424 67 1001 2724 991 1377 234 546 825 1114 1892 452 838 1331 161 663 467 1336 684 485 559 1854 1671 2756 2759 835 1677 288 286 2400 273 2716 1357 1809 251 564 1231 1866 243 855 1511 2399 2081 2379 1656 824 2226 341 1095 486 187 1670 2658 224 1354 815 1788 1360 1568 1994 1316 549 541 1172 987 1795 20 260 1089 728 1646 1877 2239 1130 261 544 165 1253 44 1131 63 1820 967 969 1112 1823 1790 105 1632 632 1037 122 1636 2797 409 1126 1899 2592 1629 31 313 893
386 97 338 92 436 921 426 75 1749 1270 78 900 1271 2363 2251 76 102 103 1750 924 1931 523 526 1438 2185 783 546 213 2187 3098 2122 404 24 2123 324 1600 1715 2 2822 907 906 128 2478 2180 835 150 461 669 166 466 3049 675 2417 688 689 365 1385 366 870 490 60 333 2569 2223 254 941 1098 1621 737 244 242 241 232 513 511 1864 957 255 1619 723 508 223 888 1018 2416 712 504 711 500 204 202 199 225 2170 2052 1741 57 51 50 48 47 411 320 406 1299 31 1051 1684 23 276 21 312 10 311 575 2373 308 395 2468 1073 291 1625 2281 2128 2289 2483 938 70 284 390 1755 579 581 1756 954 993 33 955 328 413 596 331 1093 1709 828 925 1168 707 871 804 1830 908 376 215 384 1834 749 261 260 945 263 528 281 335 72 73 148 154 657 927 1289 2295 462 2368 159 161 1290 463 1200 171 474 797 136 1725 135 2171 427 1758 1055 337 1604 1056 1584 2326 2415 91 3063 1762 340 2214 1724 1283 886 190 979 179 492 2334 3108 802 803 375 1861 519 253 2335 1218 1220 274 1870 2196 1742 482 683 2550 85 2331 2341 107 341 346 347 453 349 350 352 354 356 358 170 2056 1269 1295 112 971 118 120 343 344 345 126 451 1876 459 152 799 471 905 894 1690 2161 95 300 1 7 1576 1030 39 1685 183 408 1033 419 606 2024 1748 79 2025 322 367 363 699 2554 645 2045 882 649 160 2793 465 1972 685 177 2489 187 696 198 203 709 275 746 249 1024 940 517 642 944 1021 510 230 2284 2013 2439 515 535 348 630 770 874 1110 773 2038 292 293 909 3109 550 295 952 926 26 28 1183 594 339 2008 443 620 2552 616 1287 2190 614 83 1002 2872 423 415 84 768 2199 1767 141 145 458 652 655 666 674 472 473 1581 1698 502 1752 720 729 235 562 752 529 1938 1167 1166 1164 455 1163 239 238 236 2201 516 1705 872 283 1139 119 2130 786 8 12 14 19 35 405 38 323 46 2092 1034 603 1035 62 428 117 342 2093 442 100 2499 124 1908 438 1134 90 2497 865 922 2498 2048 767 762 2100 1720 2956 2455 2204 1323 71 1185 999 67 424 2002 602 599 1321 597 1956 3102 2571 789 2450 876 991 910 316 325 49 327 173 54 330 1318 769 439 108 188 884 1669 186 485 1014 686 478 2463 475 176 2036 1798 467 165 665 1807 111 625 1004 879 450 1764 1844 129 2278 643 139 140 151 155 638 279 766 570 156 661 868 359 671 672 1146 923 676 483 484 487 189 368 195 495 211 2418 2868 527 262 1165 809 2028 259 257 525 734 234 514 377 258 536 143 632 2362 2244 1077 1078 310 1627 16 313 22 25 588 590 34 407 43 409 45 2477 3129 627 2178 105 913 448 98 2475 903 63 56 53 1127 93 175 77 1881 248 564 251 520 268 855 531 1357 928 272 247 958 2523 779 2017 394 817 305 1363 2371 1768 1609 538 246 1739 245 364 739 480 178 1340 181 698 885 372 218 805 220 498 1353 507 1673 378 509 231 380 2104 2173
389 830 116 635 448 1920 1995 1488 461 612 973 426 576 1426 326 411 45 821 409 406 22 21 2090 679 1904 180 3309 1925 415 1789 1950 1179 550 2071 546 783 775 874 770 1697 988 258 525 234 3468 3369 211 209 3419 2231 191 1155 809 552 1621 1072 806 226 1116 898 220 218 713 504 1860 501 202 1117 1671 2813 1451 897 1854 1669 2745 1204 1331 1765 838 353 2750 851 1455 919 779 1677 1676 288 1624 1222 286 2400 273 1217 811 532 531 269 268 255 853 251 1025 246 1249 1866 824 243 2758 2538 1842 81 1722 178 475 3077 1971 467 1066 1011 165 158 927 797 691 1607 139 1390 640 629 447 1961 1004 625 2727 3113 2956 1606 336 1014 1203 1362 1359 389 1562 1107 739 1231 232 2908 1983 1555 485 1230 372 711 2049 2751 1855 1392 559 188 884 1449 2464 373 1531 1001 69 1482 646 2896 1302 14 1 1568 1788 2918 2662 522 115 746 512 724 198 696 187 1546 177 164 1008 626 1775 1457 126 141 458 918 1321 595 996 593 29 316 15 3 282 752 529 1795 388 1647 1830 205 871 1040 1494 2064 980 841 471 459 616 644 2557 135 671 798 1639 1400 1143 1638 835 147 1636 128 125 122 121 1915 1037 168 633 470 1885 212 197 196 2425 1704 194 1996 1642 1432 184 484 869 2094 1086 1085 1258 214 632 1632 826 2985 57 1081 2882 2984 2983 47 44 1126 2145 1301 1364 1810 2982 827 1884 63 2986 105 1790 1112 102 2216 969 555 866 1883 1631 96 93 436 900 80 2340 2592 719 2258 2087 283 274 810 563 1737 510 228 850 224 201 1670 801 1666 1196 2056 1665 285 815 2166 46 322 553 38 1124 2894 1994 1423 12 2343 300 1990 1224 290 1871 216 1664 2436 324 27 1317 2001 1656 309 566 1110 812 1171 259 1414 2621 1932 807 1600 132 2481 3160 2643 341 1284 107 2946 1113 2006 878 2804 83 2294 3161 64 3035 1805 594 1478 2591 1629 854 263 748 1368 2698 1160 376 1158 1877 702 1792 1582 905 1083 1306 157 152 1141 2029 145 2239 974 2398 1634 119 266 2791 858 1047 452 896 1892 1191 450 834 1114 1845 1796 2726 1957 2725 971 2005 2156 71 1814 68 1954 1951 585 583 1316 4 791 1946 2724 1630 87 1965 1896 395 2088 2089 9 2235 11 1298 1122
392 358 784 295 2 315 1002 469 260 179 492 375 522 1943 275 482 526 487 1156 792 25 820 40 320 411 809 430 461 365 816 845 368 982 150 1 19 79 1338 474 462 387 340 91 72 998 1093 331 595 413 328 400 397 390 281 267 528 181 261 491 698 438 458 459 979 183 369 370 1041 237 533 389 3156 1107 1355 1622 957 221 372 367 1015 796 904 49 46 1686 59 2161 1413 1701 376 1832 2306 382 6 1255 2510 1103 823 1719 433 2515 2387 444 2812 880 2338 1731 2308 1448 7 1223 577 1122 318 2023 477 560 494 848 736 1165 750 1680 279 26 88 1723 341 2342 131 2074 1334 497 943 2665 293 2047 108 1733 503 542 538 2395 247 392 246 513 511
394 415 28 1839 5 1315 262 1043 525 234 1324 1045 83 21 310 10 313 1310 23 1111 37 318 912 407 47 48 395 495 351 844 50 1627 16 18 1122 25 31 899 319 409 326 57 982 61 900 432 969 102 973 128 457 2115 147 365 1697 487 921 107 51 60 159 1289 796 452 129 340 109 2326 1056 1604 336 1001 331 416 549 545 536 854 263 260 1260 233 1042 506 1584 690 1581 1290 162 463 171 551 2371 394 1073 1469 779 1251 2054 534 533 272 531 269 799 3272 564 248 247 1231 243 1619 225 504 202 178 478 1609 175 2052 333 157 142 1171 988 257 735 206 493 2417 2181 978 680 661 1275 150 636 1750 913 104 97 92 1271 1749 78 1270 77 76 75 63 539 1314 547 309 119 342 2161 95 1134 932 966 606 419 2022 553 408 39 1038 283 2198 512 1861 1546 2488 645 2483 592 24 315 404 3073 2 1220 341 161 137 172 467 1011 165 464 665 158 927 643 111 176 1057 1055 1094 67 66 998 597 328 49 994 20 89 586 364 485 130 817 1100 1677 2129 1217 389 928 268 254 1014 251 518 242 1117 889 1351 1020 713 367 559 1204 250 583 373 991 62 1033 1128 46 323 410 322 12 8 1808 285 756 253 510 2441 375 1452 1853 187 486 1334 579 355 1481 112 275 117 774 540 971 537 528 261 1834 238 237 235 733 935 1044 208 374 141 502 458 842 681
397 277 1368 2952 1089 237 260 1787 529 1170 280 536 1646 873 854 720 183 1158 1141 2029 1431 281 2270 799 215 905 703 705 193 1584 506 1042 702 858 68 284 1441 2927 1442 69 1814 72 2811 1325 552 307 1768 145 551 2371 2137 2719 424 2002 2229 2273 1946 1888 4 579 1316 583 20 1657 413 1889 1320 1841 599 3164 343 512 118 1862 850 817 563 2198 810 1979 1220 283 1870 285 2016 1462 290 275 217 201 1670 445 341 453 1095 645 1781 352 358 170 1666 174 2652 486 801 1343 289 120 1744 2365 322 323 46 2910 1033 1034 2022 1304 2499 2150 1137 894 113 628 95 553 408 42 2534 1679 2343 7 1576 1473 1423 580 19 1994 2894 1300 1424 39 1685 1788 301 245 892 1331 159 1765 2368 353 2295 161 837 1289 927 2288 138 644 1965 158 2278 1290 1011 2048 559 1447 1668 3123 2242 162 182 480 684 1609 175 173 171 178 640 135 134 2728 1846 91 2326 1056 1796 2157 1604 2726 1957 2005 2724 2008 2723 1055 1059 108 1189 452 896 2277 638 1892 129 1764 1191 1724 110 109 1762 1891 1114 1760 1854 299 1855 503 2370 1221 534 276 2400 1281 287 272 1986 1217 271 1422 1993 389 273 532 1222 1624 1469 779 1378 565 1676 391 1376 1625 2282 2525 288 2524 860 2281 1377 1459 531 269 380 231 851 379 1117 806 1895 226 225 2172 898 218 373 504 1116 241 242 244 268 1782 2052 754 520 853 2327 2243 1738 248 2919 1231 1866 738 2233 1671 1722 1636 2265 157 152 142 345 124 344 473 119 87 79 59 2166 1128 38 112 1747 1581 376 1951 2399 585 1181 2816 791 1877 549 1172 263 261 749 388 562 541 1124 1381 2057 2599 63 827 57 1426 1126 2340 409 319 318 1899 1890 25 1122 2594 80 900 432 815 1269 1456 510 2441 227 224 2658 1633 1037 105 913 1823 96 2319 49 18 328 2346 70 2226 85 2006 107 132 1805 2266 1362 305 1226 1816 394 2017 1363 1677 2481 1656 835 671 1258 2094 477 844 324 1641 2147 1997 1998 1157 262 295 1642 1359 2769 286 2749 1669 1204 2280 474 464 1420 663 1726 136 634 622 1057 3121 154 713 507 2756 1294 1028 1739 270 1809 251 564 1025 247 246 808 243 2349 1351 222 335 1298 1629 893 2610 169 366 2254 2841 1700 1086 1432 3065 982 493 1793 1704 2231 1886 2255 1085 1885 146 147 11 150 153 1637 2609 1638 661 1143 166 798 1146 1695 1275 1585 197 1435 572 926 26 1600 1183 1715 2 52 83 1054 1842 1113 2486 2320 64 2432 309 566 2409 212 213 216 2258 807 1932 240 1414 523 2418 812 773 2909 1838 128 127 975 125 2591 1810 1364 1301 1425 1125 1123 2145 45 47 326 1995 50 51 44 1900 31 313 1253 395 187 122 2235 2470 23 2244 575 1789 10 2246 13 2585 9 2882 48 2801 1112 830 826 104 2252 1366 102 1632 1884 621 832 632 121 123 1750 101 2476 99 1131 60 969 75 76 1820 78 2601 1271 1749 97 1631 802 436 82
398 1621 351 1402 0 823 2039 554 138 2338 693 467 2392 1274 2807 2161 1910 1822 2498 87 2355 932 966 1235 1255 405 1381 2913 141 1808 3166 974 529 260 261 1937 936 237 562 935 1646 720 506 2503 167 1083 458 142 266 1803 1268 88 616 1842 1661 1324 70 824 1602 2433 2 2432 295 547 293 1653 1284 1743 1723 130 275 1393 2325 253 563 940 1737 1862 802 187 358 1334 1196 1777 1193 347 279 1172 766 1671 1894 2047 1447 1097 1247 691 478 684 474 1011 464 1245 662 1332 202 2144 1397 231 305 1226 779 1100 1296 1251 532 928 251 250 248 1231 1866 242 3048 1863 1090 1007 1288 328 49 593 2862 1103 321 316 314 586 549 548 782 1047 774 541 329 1607 1321 66 796 643 1243 634 447 2157 622 1057 1796 433 2902 1406 73 1094 67 2002 1045 341 278 80 78 864 921 2224 2597 1904 418 1080 2133 2836 50 44 967 409 319 37 25 21 313 18 1682 13 930 310 1077 2088 2109 912 1631 51 2252 949 1790 1043 211 1585 1997 1786 494 1102 1642 184 981 1641 870 3079 736 477 1491 121 122 973 457 1636 1430 1400 1639 1258
406 238 382 733 935 506 707 1066 353 462 752 158 374 537 1103 782 586 317 321 593 412 996 474 1956 597 1094 69 1001 658 540 1606 2025 135 431 73 615 342 126 157 842 183 370 208 908 934 235 562 796 237 748 261 987 584 29 33 49 328 595 998 427 340 1063 1243 1044 336 739 2204 534 538 1377 778 565 844 544 1297 679 945 394 1251 958 389 255 250 941 385 231 1018 373 372 1617 501 500 202 367 691 405 3033 2171 1562 254 2515 1961 447 1573 880 643 139 2124 1245 1849 165 467 172 478 186 559 204 888 221 1980 889 1865 513 2908 241 244 518 1231 564 269 1 689 275 106 156 351 258 526 2109 619 762 857 279 768 964 784 398 568 926 77 2175 560 983 1928 984 1310 514 610 1043 735 310 899 318 45 53 383 870 28 598 492 696 187 2196 2383 362 2334 683 465 1970 357 356 2045 348 469 415 198 517 1407 2552 620 1417 1302 14 709 8 1029 285 535 530 742 940 959 1287 1723 681 968 438 112 114 117 1692 451 141 458 674 471 489 841 365 18 25 31 1111 409 320 411 326 57 103 150 1134 932 422 1129 522 512 224 375 715 1616 486 482 358 130 341 5 676 2 296 295 547 293 783 257 525 211 189 906 2113 1303
416 1065 467 1011 161 158 1607 1606 684 1005 1057 336 1001 69 389 1094 417 691 485 186 559 1392 367 1553 2126 889 250 67 447 1697 23 1395 1473 1381 1129 81 86 1134 968 112 141 1038 167 681 842 760 1582 193 374 506 208 237 238 748 1090 541 545 548 579 593 1100 369 275 756 1623 25 31 820 1111 409 50 58 555 123 973 1257 982 1502 1310 1043 736 256 522 512 198 1616 697 696 792 355 1324 28 547 2071 781 525 1193 996 416 269 157 1368 854 1316 20 33 1114 896 640 713 373 226 1351 1117 242 1231 246 2243 1025 532 1217 273 286 288 552 152 1256 452 932 9 893 18 326 87 57 900 105 1884 1037 128 146 1143 55 368 844 46 322 1423 289 2659 553 187 486 174
417 1025 433 1094 1226 1359 1739 1107 251 2844 246 503 2349 1351 373 713 1854 367 108 593 622 1866 659 1089 478 585 329 1083 446 1398 959 187 1104 1095 2342 1602 28 2433 1239 982 560 1101 1080 961 562 518 462 2141 1405 2706 1656 2631 1253 326 1998 2708 2088 893 11 18 1629 848 2148 1641 2094 839 122 1632 900 827 57 2001 2481 2592 2294 1805 357 2931 512 1354 2335 1424 3151 1132 1822 87 1141 152 707 1646 854 878 1172 83
418 755 535 1220 1840 1468 249 745 1715 594 833 445 453 356 358 683 522 170 492 802 375 227 230 740 519 563 179 469 7 1767 1600 126 345 124 344 343 120 119 342 112 446 624 440 438 2497 2114 604 1269 289 297 300 1 19 283 35 1685 322 323 46 419 603 405 592 792 926 150 636 635 632 2178 441 103 102 436 903 612 76 2602 461 334 47 411 320 40 25 313 451 10 1078 2236 2089 2088 308 57 1144 669 166 550 1177 785 909 293 292 546 2625 773 767 764 759 526 809 1931 368 907 906 490 180 366 365 689 688 1151 481 360 1146 671 404 458 1579 1142 220 218 372 202 652 886 367 1017 1614 181 1340 1067 364 1881 176 1115 1200 463 665 657 154 507 223 957 241 466 844 1498 341 628 1768 1363 817 301 394 151 2017 911 958 1422 389 1357 855 268 1355 255 243 291 797 199 646 2037 281 1046 261 387 872 239 384 237 236 390 1999 717 707 370 369 796 703 183 905 471 799 233 581 504 33 584 91 108 3063 450 2415 1758 427 2171 1323 72 340 335 71 327 413 54 328 602 2002 424
419 1385 166 869 1829 671 466 1915 1382 143 635 2605 632 366 1639 180 210 2402 1654 773 1110 767 764 279 762 527 484 525 1043 1932 2255 495 1704 191 1700 184 2620 292 324 1575 1149 976 974 141 451 345 124 343 120 119 118 117 114 100 440 617 90 79 1235 1307 428 2064 183 548 2273 774 540 769 749 239 1260 562 1753 1999 720 717 849 205 193 370 703 2339 1792 604 603 405 1862 224 217 198 309 1009 1196 1848 645 2643 2008 620 84 1757 64 423 997 3309 1600 850 230 3243 1352 1747 35 14 12 1 1464 1788 1745 543 1369 1269 283 535 274 1220 2014 1393 852 519 515 1767 401 17 582 903 436 1883 103 1366 1750 305 303 302 2017 544 958 2423 1219 1739 2763 255 564 245 77 1621 429 75 2088 1120 10 13 21 22 31 407 1364 43 821 320 44 45 411 53 57 2224 2601 76 2349 232 805 134 896 1963 450 1724 340 1760 91 1758 1001 425 67 424 2002 330 413 49 1954 2081 136 643 1288 1607 372 504 2049 498 199 1344 1550 884 1015 1316 181 172 1115 467 1065 665 1332 1331 155 797 176 696 263 2019 1054 878 2006 2041 1842 1113 2805 107 833 1284 2192 2265 1723 1663 341 347 130 2792 641 2266 1542 349 1665 350 352 354 3081 85 2804 83 2099 2623 258 809 1169 1171 812 2530 278 1942 2080 539 1708 775 1198 2379 566 550 295 569 2000 1597 5 1656 1050 1658 592 594 824 1177 240 1334 1666 920 2127 522 756 2268 275 2087 2056 285 2016 815 1462 1744 1360 1568 300 1804 1470 2343 568 818 8 2020 1475 1381 1994 1124 253 249 563 1354 174 2652 1610 482 486 1292 2011 801 2790 187 1852 1670 201 1608 203 1348 375 1349 2658 1735 2103 2284 228 510 2237 512 1023 940 803 234 807 3158 326 48 50 51 1426 1900 1901 1080 1081 826 914 1131 333 827 63 921 2340 78 80 900 967 1271 612 82 432 1272 93 1126 2797 409 1125 1896 395 1253 2235 1077 9 1789 311 893 11 312 792 1298 96 2289 1122 313 23 25 1123 1630 34 2408 1899 40 1810 1301 1425 18 1631 866 555 978 1086 169 365 2169 844 2254 1641 845 1642 1996 982 847 680 2421 2148 1997 2231 2425 1585 196 2257 1929 211 212 1831 719 2258 1793 1300 168 1143 969 102 1112 830 1823 104 913 105 1632 1884 832 915 1430 798 1037 122 123 125 128 457 146 1919 1636 147 653 835 150 1638 121 552 1079 38 1203 186 1669 699 559 1392 367 886 1854 1855 2813 1894 2750 1671 202 373 2907 1553 218 220 898 221 507 2172 222 1673 1116 2242 485 1014 1613 1191 1892 638 1063 452 640 644 646 796 1606 1727 148 149 226 151 2144 838 1765 161 1290 464 165 1066 1798 474 1336 684 364 353 834 806 1799 2015 273 2400 1028 534 286 1222 1376 860 1359 288 391 1676 1677 565 1225 1100 1378 779 1072 394 1226 817 2018 1362 1569 1363 811 856 1564 270 1117 379 851 231 380 1557 2759 242 243 1866 1231 246 248 1351 1025 1809 853 1561 2052 268 855 531 928 1459 1216 532 389 1993 251 1061 447 2729 681 473 1581 2808 2271 702 2426 208 2537 1158 376 2698 1646 1368 935 233 237 1649 748 1162 388 261 1486 854 528 987 529 905 471 1383 167 553 322 323 46 1128 2910 1130 1687 2024 2535 86 87 2497 1172 795 968 1483 342 344 2398 2239 2270 2029 1141 152 157 1431 1306 1134 536 2967 537 416 1717 825 2405 335 2811 2844 1441 68 336 1325 2137 2724 1841 2005 1055 2727 1057 622 1845 1846 2157 1059 1189 1114 109 110 1328 1957 1424 1320 2142 858 282 541 3164 1047 2229 1946 2708 4 1180 584 585 20 1889 2399 793 1657 2713 1952 29 321 937 994 2716 2287 2274 328 996
423 195 1301 759 1651 761 278 279 764 767 773 1945 783 292 293 784 262 785 566 550 295 296 309 567 875 2 5 315 1242 28 2549 547 592 1165 258 1385 2169 180 484 843 844 1493 845 981 701 906 560 368 809 982 1495 209 211 561 1310 719 1933 1043 383 736 1590 523 525 493 324 1600 1183 696 697 1616 198 803 375 510 512 515 1421 517 940 740 187 741 756 1220 274 275 760 283 285 1871 543 289 22 1074 300 522 2790 486 179 594 824 70 1324 83 84 88 107 2044 1763 445 341 1374 346 2436 130 1964 453 454 1193 352 355 1334 2411 1608 469 683 170 177 365 2057 1151 682 1595 1880 1787 263 1089 935 728 985 2064 361 1083 145 456 1180 118 1822 2498 932 59 1033 2113 959 862 816 1990 290 1218 530 2446 2127 586 2002 298 544 1225 778 1377 1251 1740 276 757 269 255 744 1267 2712 1981 503 467 165 663 462 149 1195 1764 1061 625 623 2387 65 713 742 850 217 76 900 612 903 432 436 98 102 1632 2178 627 633 636 426 973 150 351 461 661 1144 667 669 166 466 671 1694 360 680 1257 1131 57 56 505 1970 1199 395 1077 1078 310 10 893 792 18 313 1254 23 25 31 820 1111 899 318 912 407 409 821 320 411 47 326 1080 481 1464 297 818 1338 1266 691 1014 485 1097 559 1017 367 1552 199 202 500 480 501 372 373 1733 1553 218 220 507 223 957 806 1351 889 1799 504 513 478 176 880 634 2534 3179 452 135 1965 644 796 1288 1606 797 148 364 658 158 353 1332 662 665 463 464 1011 1065 1066 1798 1115 474 1007 241 243 385 829 414 819 1598 546 857 2109 264 526 1588 1936 1930 1928 1003 1926 693 688 468 675 670 1921 1400 835 915 619 1136 555 63 1771 1417 443 1006 518 1231 941 564 250 251 1809 1869 268 1107 531 532 389 270 1217 1739 272 533 534 538 391 565 1297 779 394 945 1363 551 1008 447 1005 450 108 904 120 344 126 1139 141 142 458 459 152 157 799 471 119 905 473 1581 842 1582 183 488 1701 703 369 340 1040 205 506 681 117 342 440 1 1680 1032 1473 2676 580 405 1785 1255 553 322 323 46 1128 603 604 1129 605 1398 428 1235 79 81 431 86 795 1134 438 617 208 908 370 233 1103 593 720 328 996 596 416 1321 417 331 66 424 335 1439 67 2003 918 69 1185 1001 72 336 427 554 1055 1057 91 439 1094 33 49 316 235 562 236 237 1044 238 239 748 387 1599 260 854 1795 987 261 267 584 529 579 400 1755 390 583 1312 774 536 537 1697 540
424 22 23 1299 2021 590 962 1818 34 1108 1684 72 395 313 1122 18 577 16 576 1474 792 1682 3127 2247 930 10 310 575 1078 2373 1077 2174 2362 570 37 912 21 409 880 1724 638 2277 1243 133 1192 134 1965 2576 643 1390 2206 796 139 1195 140 1967 2075 155 660 2124 1289 631 1007 1061 1005 1720 2004 2100 337 1389 1056 2326 1843 1408 89 1057 2415 434 91 439 94 2205 2976 1760 109 2812 111 625 1573 2454 2412 159 480 1067 1338 687 956 691 1014 1547 181 485 182 1549 1419 491 883 552 551 304 1073 779 1071 911 958 1881 353 684 1609 2413 1076 1332 161 663 1245 162 163 665 464 1849 165 1011 1065 673 1798 1115 171 172 173 2820 175 176 475 255 2204 2171 1938 265 529 751 536 537 1513 769 281 925 3102 540 3137 772 3103 1047 284 390 782 1947 2571 548 1596 950 2450 986 263 43 1497 985 716 208 1830 908 215 721 729 562 382 1260 2201 1647 237 2108 386 748 2153 749 260 1396 854 427 2572 3 996 413 3247 2962 596 597 599 331 602 1529 2512 828 998 424 607 67 2039 918 71 1531 1323 73 336 412 1755 1527 994 397 573 2202 991 1369 400 2162 578 579 1316 2451 586 2711 954 316 1952 317 2453 955 321 1103 823 325 49 251 250 564 367 3203 704 1551 886 199 204 2392 499 500 2466 1397 711 2959 712 372 2416 2907 1018 1553 207 888 223 2578 508 885 1615 561 1500 3086 191 1699 1493 844 2065 676 670 1257 128 106 830 2474 48 47 318 1111 31 2236 884 188 559 2543 1116 1351 765 538 1294 2994 1460 286 929 1625 3146 3492 291 565 544 1297 1469 2582 790 302 1252 945 305 3205 863 276 1619 757 2395 1117 1981 1230 511 1983 232 1267 2349 241 244 738 247 248 252 254 520 1069 3111 1355 2522 2762 531 1985 389 1510 1045 783 1326 433 403 1001 328 822 33 953 314 20 585 876 549 2307 861 541 3180 261 1089 235 935 934 728 2513 1499 2406 629 739 1249 1098 732 2173 225 718 1617 2049 2752 1976 1550 186 178 1611 478 467 463 1290 158 2083 896 879 1662 506 2116 192 170 1008 144 642 1287 130 630 2890 341 2193 620 2191 1052 30 1229 926 398 3045 2 787 547 2547 393 1666 187 696 2084 842 2064 167 1038 1228 115 1484 2161 1480 968 431 374 79 606 553 591 1576 300 1808 1871 275 747 2926 1211 932 205 849 2565 257 258 259 2068 526 262 527 1591 264 2377 2159 988 1239 1171 759 1592 278 1942 762 3192 279 767 768 525 770 256 1648 1156 197 206 1498 2376 210 211 3021 213 1310 719 722 1931 514 2619 1043 234 734 1936 383 735 736 3044 1590 196 773 1176 2189 1714 2433 1598 1050 28 1387 1659 2123 324 1600 1183 997 1805 1051 598 3055 2483 2380 2872 74 1238 84 24 1943 1242 3142 1945 781 2625 2186 2038 546 293 1516 2097 2071 1517 295 1518 296 0 1049 1597 1774 5 951 1949 952 1521 404 1407 495 1927 612 903 1365 2363 946 1479 92 1689 99 555 2251 1112 103 441 2476 913 2178 1884 1399 2987 1791 116 633 1271 121 3066 1749 320 1578 411 326 50 53 1902 1080 55 1904 1477 56 965 57 58 60 864 426 610 75 76 77 2176 900 1786 636 448 1829 476 477 481 1491 2169 484 1697 1039 870 981 490 701 906 907 2183 189 1155 560 1309 493 494 195 978 122 680 360 1995 2179 3186 2296 457 1917 143 2180 2028 2115 654 835 150 156 661 3130 868 839 1145 671 672 1922 1146 679 1054 83 2485 603 604 1035 605 59 422 428 1235 1819 1769 2025 2366 865 86 1906 90 1134 2498 617 95 2499 100 1912 2995 618 1303 419 1361 2331 1118 2961 959 8 1031 1032 580 19 1381 2200 35 2495 41 408 1577 1255 2113 1882 323 1579 1128 2092 2672 1256 1036 655 1570 1083 840 674 1084 361 681 1581 1490 3172 690 692 1582 183 2066 369 3030 370 1087 193 707 2506 652 442 458 2027 2093 2447 2807 1825 1483 624 894 112 1485 114 2448 2026 1274 117 119 904 2501 126 1916 456 141 142 1487 145 1074 1 786 2045 647 648 882 3060 2487 649 2194 1777 355 1197 160 357 2793 2125 1199 358 1608 2102 683 362 1568 2010 1193 645 2554 137 616 88 435 2101 1605 107 833 443 2044 2912 1060 2437 1663 3377 626 2891 347 2436 2323 881 1664 2858 453 454 445 177 1729 179 746 2489 2490 1468 530 756 2086 274 1268 1566 760 1567 535 1070 2199 283 776 1223 1295 2560 780 816 1395 2127 2198 521 743 1546 2654 486 3023 492 2334 1616 2197 709 1452 2439 198 505 742 852 710 1421 515 740 1982 725 375
425 372 346 1396 2005 941 255 2416 713 2563 504 949 809 258 257 525 1590 1414 736 1588 734 234 1504 1043 514 1402 1931 3163 1586 1310 526 213 527 278 571 0 309 296 566 294 2823 784 393 546 783 1048 781 874 1708 768 767 279 1045 750 2 211 196 1085 1258 360 676 675 3049 359 839 868 1143 461 351 156 1275 2375 1637 153 150 835 2541 1500 680 1086 2425 2231 494 493 982 368 560 191 2183 1926 981 870 1153 1771 365 689 477 2181 682 978 3098 1404 1774 712 352 349 144 649 2074 882 647 1006 645 1095 453 348 1287 1064 130 2300 637 1374 356 341 357 1334 3090 486 179 2196 2489 1246 177 482 2195 685 1610 1666 362 1104 469 465 164 1608 358 1198 1723 443 1847 414 1805 2481 324 2123 1659 30 28 24 404 2001 1179 401 952 574 572 5 2291 2122 3035 415 1051 598 1284 107 1759 620 435 2552 88 878 85 147 1407 614 1003 74 2872 70 2294 3131 423 824 84 146 128 973 272 757 1739 1217 532 531 1766 269 268 1355 1215 3111 1622 520 1809 254 252 250 744 2400 564 1028 2054 305 301 394 790 2017 1296 778 1676 392 1625 2526 929 1624 1872 2428 542 538 1741 1740 534 1025 247 246 1351 1116 222 223 221 218 2126 2579 1210 888 1020 207 1553 1019 2317 1733 2316 714 373 1981 379 851 231 890 739 1231 245 1866 738 1621 243 244 395 242 1212 232 1353 513 1983 2173 511 1230 380 2349 1293 1253 2088 2363 1271 900 1749 78 77 429 610 2473 426 63 2023 826 57 1905 55 2882 2983 51 432 50 93 97 448 122 121 1826 1915 2539 627 1632 2252 619 104 2476 441 103 1112 102 969 99 98 96 48 326 1127 25 22 21 403 313 18 577 16 576 960 1682 893 575 9 2373 2244 3181 2089 2583 31 1299 588 2590 411 45 44 320 821 409 1301 43 40 2362 319 37 1899 2592 406 2591 34 1629 961 1123 318 187 2488 697 424 998 828 1093 1529 331 599 597 596 330 54 413 329 412 1527 328 49 325 823 607 593 67 2167 1283 1057 89 1843 433 1443 1053 1719 1265 427 2171 336 73 1323 72 1718 425 69 68 608 1103 321 33 1046 536 2119 2838 277 1787 752 2118 267 529 987 528 1795 854 263 260 261 749 387 771 541 3103 774 954 314 586 585 581 579 578 991 3 2515 2708 791 548 2307 1946 782 2336 2706 390 3085 1596 1879 91 1797 1731 178 956 1067 2799 480 1881 475 176 175 173 172 474 171 1115 1012 467 1011 1849 1340 464 1014 182 2315 1859 2392 204 886 1551 367 1017 885 559 699 1207 1015 883 2047 1204 1448 3185 1446 485 2208 665 663 450 1724 880 879 631 1962 1573 629 447 2575 1004 625 2812 109 444 1762 1114 1761 1760 1764 129 638 1063 1290 1076 353 462 158 2124 2460 155 2338 1844 151 797 2828 1606 139 2163 644 135 452 896 149 748 1047 2108 553 1255 2895 42 39 2495 1424 1124 1994 19 14 2674 8 1680 1 568 2562 2302 1568 2272 1395 2022 322 2114 2355 79 3036 1819 1132 2024 62 2321 59 1130 1035 1129 1686 2166 1128 46 323 410 2113 1906 1788 3182 1737 2926 510 3082 1861 224 375 715 505 1977 1452 709 203 198 943 1616 497 2334 1852 1982 780 512 1023 289 290 1223 535 1566 275 2665 1218 3100 756 2491 810 530 1026 522 2198 743 742 517 515 795 3006 968 208 1042 849 374 1238 502 871 707 193 1087 370 1109 705 369 2066 703 190 1701 183 3183 3184 804 1830 2427 1506 238 237 2220 382 2965 562 235 842 729 934 1832 215 1160 376 1158 1751 2537 90 2306 1698 908 1581 120 119 118 117 342 971 2500 112 446 2269 2093 1036 618 2499 1822 1908 2498 438 980 1634 972 1691 1916 473 2398 681 905 2692 678 361 157 656 152 1431 1141 458 2270 2239 1779 2502 142
428 540 473 1141 119 12 323 1464 289 579 603 2081 251 622 1191 1332 665 176 1097 1669 202 255 253 1219 584 563 407 224 286 1298 16 18 313 319 1364 57 2597 63 612 510 432 2178 636 1919 481 180 1585 764 875 83 130 200 105 303 270 226 250 1231 385 242 1860 559 1668 353 158 1007 1057 2956 1326 1320 1647 1243 167 899 409 326 506 555 844 1102 921 187 512 1233 966 932
432 847 982 368 490 461 82 102 78 864 809 2180 1171 904 546 293 784 295 399 926 26 324 1600 613 1603 334 783 47 513 320 182 1096 1203 2012 1016 202 2752 2049 1619 2104 341 242 243 518 1296 860 542 1251 276 272 2211 941 308 1684 820 411 453 446 802 993 994 328 413 54 331 1093 796 797 1012 474 364 480 1338 367 372 218 220 507 2173 246 389 538 394 817 581 355 1755 2037 375 227 1220 275 535 815 816 300 1 7 19 323 46 1748 1731 342 126 458 152 471 183 369 370 237 260 814 178 928 684 2895 39 1785 959 253 944 198 187 801 408 1781 2858 2323 130 346 1374 1759 3046 1815 2483 1095 2022 322 419 1841 1320 1953 321 954 579 541 540 925 1396 261 215 1830 506 193 157 112 1822 932 1235 2092 1528 952 2922 572 60 2170 478 1131 965 51 50 48 409 912 31 25 23 21 313 18 1627 310 9 1575 395 921 828 76 2176 2432 2628 547 278 1043 213 211 984 365 2417 1275 128 123 831 913 2251 97 92 2363 1271 1749 2146 1406 2223 1846 171 1011 165 1290 161 159 108 1289 927 1606 1965 1541
433 457 654 156 351 676 365 191 189 2296 196 206 211 1582 2183 128 63 441 570 313 403 21 22 23 1632 588 40 258 320 326 57 903 406 409 1586 278 187 696 198 224 746 1566 290 289 959 685 12 1819 86 90 114 342 117 145 655 674 322 1651 358 357 292 547 550 1404 5 951 32 415 423 1333 2484 616 443 2193 341 1374 1287 348 649 2488 1407 526 705 370 220 218 1553 372 504 711 1860 500 204 498 202 367 188 2692 186 178 1266 221 2369 1555 232 243 1762 872 932 735 37 551 394 364 779 276 389 1215 3111 255 252 1025 248 544 475 1449 467 29 316 586 176 2162 573 1416 769 327 536 748 238 236 733 208 374 1238 707 266 1527 583 329 1065 165 665 663 1765 353 412 2295 139 905 111 877 54 625 67 1185 73 331
434 78 102 832 63 334 2023 333 2778 420 2603 99 560 2025 295 787 2432 3366 26 1387 324 1600 3254 70 2299 2165 88 1759 1284 1723 341 346 130 293 2323 783 2625 981 2611 366 1094 466 3383 848 196 2376 383 736 809 1080 949 1165 2035 2377 279 539 2186 348 1095 1334 1029 402 7 1119 2303 1424 3170 2895 1255 322 323 1303 3125 1686 59 2496 2843 421 79 1118 1680 862 116 1375 358 469 170 2013 375 2160 1453 227 494 517 522 2665 275 776 1223 1990 1803 3136 300 519 2133 365 2777 167 1083 157 114 1485 112 932 1235 1398 46 1087 959 740 1354 940 1421 944 510 802 1106 187 2234 1393 193 1584 502 412 49 1103 321 317 314 586 579 1596 782 541 540 925 1090 266 1396 1879 386 1089 562 935 720 374 3143 362 1104 357 1081 418 326 961 3191 18 960 310 1575 395 795 577 1122 313 25 1684 820 3260 37 318 912 40 1425 57 47 61 1632 355 1777 881 1417 2484 1229 28 315 951 1774 0 547 393 3192 1045 278 1239 211 1500 693 1400 351 2296 101 440 2050 113 513 243 246 247 1025 1675 511 855 533 542 860 394 942 817 389 1252 508 507 1207 367 2314 1859 503 1092 223 2051 713 2316 1733 2285 218 220 372 1363 2039 2424 2752 1619 242 385 1621 518 202 2529 272 1251 1359 1296 945 1691 1766 1545 478 684 433 1326 554 1057 2406 1063 2834 138 2338 2124 927 158 2412 462 172 2465 491 607 1204 237 1044 1706 936 260 263 382 2118 1947 2307 1240 822 937 994 2838 1833 2306 2305 342 344 124 345 1570 152 656 1142 361 799 905 1701 369 506 1160 327 1205 6 2460 1282 1408 2387 108 880 634 3038 556 796 797 149 2459 151 2517 2083 485 1007 2518 463 1012 3112 474 2462 2739 1730 364 181 1806 336 1053 1531 335
436 624 2161 79 323 322 2561 33 446 1021 54 596 335 1220 1024 2564 459 979 871 237 387 260 528 1168 1046 281 2037 390 549 999 126 72 394 2518 286 958 389 1214 1738 246 808 518 243 513 919 509 957 222 1057 507 805 218 372 367 698 1418 1340 480 2739 2284 1363 474 467 463 220 2160 1297 187 490 487 461 636 430 426 320 409 902 907 963 1684 25 18 579 1396 1473 489 406 375 820 1585 328 561 170 469 130 347 341 211 179 833 1603 938 1002 28 26 315 2 2846 296 1177 547
437 146 318 783 389 375 323 46 748 1947 1267 981 355 560 183 393 736 511 508 223 2050 503 499 479 1025 880 823 1103 382 1701 152 421 1424
438 2127 253 510 515 512 1560 731 275 2057 2199 2056 1269 290 289 3193 375 862 1 1268 505 1546 1616 1680 1287 348 454 137 645 1193 664 1334 198 358 685 177 179 486 1293 187 696 697 700 465 8 120 14 344 124 1692 345 126 2783 458 2689 157 131 678 471 473 1581 841 692 1582 370 1584 374 799 904 119 117 405 553 2022 322 410 323 46 1033 603 604 1398 2496 422 79 81 1134 968 617 1910 2447 112 12 341 734 1723 75 429 1270 78 1749 612 436 947 969 102 1112 103 619 1273 1826 121 128 1257 2940 921 2023 58 57 395 570 10 1627 1122 403 21 23 31 147 588 406 318 319 409 1578 1127 47 326 56 1111 150 1488 351 857 874 775 990 781 546 784 547 0 262 2 401 404 28 415 598 233 84 435 107 5 1060 258 525 359 670 2821 682 481 2417 365 1697 489 257 490 493 1704 495 211 1310 1586 514 234 736 1155 844 423 575 665 463 165 467 1115 176 475 158 2390 1014 181 485 1668 1669 188 1392 178 2083 797 1606 1280 336 1055 1056 2042 89 1057 91 439 108 111 625 1961 1005 879 134 139 367 2078 202 498 255 1215 268 1107 269 531 928 270 1739 272 534 291 565 544 1297 305 1401 251 73 564 247 504 1617 372 888 218 220 221 226 1351 1117 2104 1895 241 242 244 243 245 1025 72 2567 66 1128 606 932 2025 95 118 343 408 145 239 586 424 335 71 1604 1283 908 35 300 1220 67 18 2248 432 621 661 671 195 719 924 2033 523 770 292 594 200 709 1765 1799 1119 250 548 789 991 584 1756 29 49 995 327 328 996 413 54 1321 1098 901 599 390 772 33 540 1363 235 1753 562 382 779 238 1834 749 237 261 529 1261 536 537 1513
439 20 49 412 996 424 2039 1001 1406 158 109 629 140 155 1289 1765 353 1369 1055 991 1875 397 159 617 1483 112 114 342 119 345 681 183 703 1646 1089 238 261 260 774 284 782 573 1290 779 165 221 513 241 243 246 1025 269 532 1422 272 287 2129 1297 90 2582 2773 394 551 552 218 665 373 372 1011 1065 1066 467 172 176 2739 2463 691 1014 186 188 1550 559 704 202 498 711 504 713 428 292 603 101 102 830 636 123 125 128 146 432 835 680 1432 195 495 196 1998 211 256 1639 78 76 75 395 1575 2236 1627 1122 313 403 22 25 588 406 409 45 326 50 51 53 60 63 525 604 258 2035 198 375 224 510 253 283 1870 290 697 289 1395 8 12 591 2022 322 323 46 1745 187 486 358 1045 762 1048 783 566 2630 951 28 992 824 423 70 83 341 1374 2642 346 130 2125 949 23 31 1452
442 1269 543 290 1074 300 568 1680 1380 8 12 285 2674 35 39 1685 42 408 1255 322 1031 1566 275 1218 696 697 492 1616 198 200 709 1452 802 375 224 227 510 512 515 2385 742 2198 746 323 46 1128 1033 117 118 119 120 343 344 124 345 126 141 1228 142 145 1038 458 655 152 157 1084 342 187 115 2269 419 1034 603 1686 604 1129 421 2321 2024 428 79 615 90 1134 438 95 2499 2161 2447 114 3095 2654 799 234 736 523 525 257 258 526 2159 2418 761 278 857 279 539 1110 1175 2186 783 546 1504 292 1043 1310 481 2417 844 490 701 1926 560 982 1495 847 1793 1928 1786 196 1433 209 210 211 212 719 784 547 566 620 1723 2008 339 341 1373 1540 637 130 137 645 1193 355 358 469 683 1104 2010 1546 88 1603 614 1533 309 2 1597 5 1712 404 24 28 30 486 2123 1183 1715 2481 2482 997 1805 415 824 70 324 471 681 477 884 1550 559 1016 367 1397 503 504 1617 713 373 218 223 723 225 957 226 509 1351 186 889 485 178 158 353 3058 161 162 665 463 464 165 467 1115 3112 474 172 175 176 684 364 480 1014 851 1455 513 534 1294 286 392 778 1296 565 1297 779 1072 394 817 305 1363 2371 551 1768 552 2225 533 276 1028 272 1353 232 241 244 243 2467 1025 564 250 1289 251 254 524 1355 754 2052 531 1985 2395 1459 252 472 2460 148 1312 782 545 548 549 1595 396 2708 397 6 2162 579 586 316 1599 2878 1103 823 49 541 327 540 536 473 1581 841 183 488 1087 849 985 208 1158 376 720 382 1260 238 387 261 854 1261 771 328 1527 412 439 2387 110 340 111 1961 1962 880 634 450 129 1243 1192 643 1195 2458 140 1606 1726 434 1057 89 2513 329 1841 1717 2155 66 424 335 67 1094 657 2167 1442 68 69 425 794 336 1264 1265 433 2039 1695 109 468 318 40 1301 409 821 2777 45 406 47 48 50 51 53 1905 57 2248 326 963 25 23 3296 2404 932 974 733 986 360 395 2236 1120 310 10 11 1298 577 18 313 63 75 912 78 457 2180 146 654 835 2608 150 1275 351 76 1922 671 670 466 1382 2540 461 1257 128 147 122 2363 969 101 900 102 123 612 913 103 621 1399 2883 1749 116 121 636
443 553 322 323 1128 1424 90 2446 1274 126 142 1898 1038 932 290 1229 756 1082 1780 547 875 5 28 30 824 1324 83 84 341 348 1293 697 224 2441 510 2782 815 152 273 488 464 1011 1097 1669 559 202 2126 898 158 1351 213 243 1866 1249 1738 564 250 2052 889 643 1057 2156 1040 374 235 238 2153 1795 537 1405 585 586 33 1103 593 49 412 998 66 2167 336 157 561 320 493 987 854 1158 506 471 141 117 87 1428 62 2321 959 512 1342 187 486 137 536 454 540 549 1025 246 1231 851 1117 2172 373 2390 165 896 634 1325 1264 996 328 20 1316 1312 130 1723 1279 1905 57 1131 1272 436 1112 1037 636 2115 153 351 2609 1085 481 1385 560 982 1427 48 326 47 415 262 1165 835 147 969 900 1782 211 318 1789 9 893 1122 1684 1818 1899 37 18 270 389 1217 251 1564 551 1100 1676 1296 392 391
444 3194 536 769 548 29 2714 995 1957 424 67 1001 260 1057 1371 625 1005 2901 261 1159 1089 617 618 113 628 142 655 167 905 681 842 1582 703 717 208 447 728 562 1044 556 796 646 232 1231 2243 254 754 1562 531 532 389 1217 1222 391 565 1378 779 817 551 220 1965 218 373 1390 138 968 1606 837 353 663 665 165 1065 467 1337 1611 1014 1097 2012 1392 207 90 322 81 1382 1885 978 1926 1585 209 719 2779 216 1466 525 258 259 767 781 783 1935 351 457 636 18 313 22 31 1111 409 45 326 1081 1905 1477 58 1131 432 104 831 832 2546 566 0 5 227 512 741 563 1623 274 760 285 543 1464 8 1031 1423 580 1381 62 1478 1349 431 505 1852 30 1658 992 1602 824 620 1373 1287 454 1095 1542 1010 486 2790 187 696 2655 198 1500 633 931 37 1080 959 964 1235 932
445 64 1132 1819 1783 79 2355 1134 87 795 90 428 2025 606 1130 2321 421 59 617 2681 1035 604 1686 2166 419 1033 62 1822 894 440 152 1570 655 2358 1141 2029 458 2239 1413 142 141 451 345 1692 124 344 343 120 119 117 114 112 1128 446 1691 95 323 408 322 2056 1870 275 2665 1220 2111 2335 746 2198 253 2085 1269 2558 519 740 2293 510 2160 224 2658 803 2353 2013 802 563 815 1223 543 1255 591 656 2806 2422 39 2495 2494 1785 1424 2831 1747 2674 3200 1032 2303 1119 7 402 1 568 1788 3182 290 1743 410 1142 2503 167 2229 2706 390 284 541 540 925 2037 1046 1090 536 782 2036 2838 1172 873 277 1787 752 2118 529 1795 263 260 2119 545 549 1596 593 937 1103 822 321 955 316 2308 1756 2399 314 20 2510 586 585 584 1316 581 579 1369 397 3 876 2708 396 261 1083 749 2419 804 1401 1877 1042 506 374 1238 502 871 1040 1584 2840 193 705 703 1701 183 1792 2064 1581 473 1106 471 1383 1087 1751 376 1160 2702 387 1879 2108 1834 1706 1505 2701 237 1089 1260 382 2965 562 235 1833 733 1812 729 2305 1646 2567 1832 215 1752 388 496 696 1670 706 2148 1704 1997 848 1585 2616 1500 2376 211 213 494 214 2619 1043 383 736 3044 523 525 258 949 1165 262 1402 493 1703 560 351 661 1400 1639 839 466 671 672 1258 2230 1086 477 481 2417 483 1385 366 2063 844 870 1641 981 1432 1642 2147 2035 2290 2377 2418 926 2261 315 3195 26 1598 28 1229 30 1387 1659 2001 324 1183 1715 2481 2482 3196 3160 997 1805 3035 824 423 1600 1656 401 952 1239 761 1592 278 1511 1045 279 2185 2298 767 1708 773 2625 2038 393 293 547 295 309 875 2432 2 1404 951 2480 750 150 975 835 1064 131 130 2300 347 346 2342 341 445 1723 2912 1410 443 107 620 435 88 2165 2041 878 2814 85 1603 3107 2265 348 453 1095 492 697 823 187 3199 1975 2815 3198 486 3019 1729 1972 170 1104 358 1334 1008 357 160 355 2488 352 2194 2074 1193 2804 1407 2226 84 99 969 1112 103 830 1823 2476 913 105 2352 1632 2178 1884 915 632 1037 1915 636 122 125 973 1784 128 1919 1636 98 2334 97 1689 614 83 1661 1002 70 2637 2294 3197 3131 3161 938 76 77 1270 1820 78 1749 900 967 1271 612 2363 432 1821 436 93 325 177 1091 334 826 58 326 47 45 1578 2797 40 1111 1123 82 22 75 395 1253 1575 2362 2088 2583 2089 3181 2236 2373 9 1883 555 1790 719 1310 212 561 209 197 196 1926 1700 2612 489 1039 2169 978 680 1085 1885 798 1637 153 146 123 121 621 2135 310 807 10 11 1127 48 50 51 53 418 420 1904 57 2223 2170 44 60 921 864 2019 2371 1363 1362 305 303 1226 1816 301 63 2777 1126 409 1682 1298 16 577 18 1122 1683 313 23 25 31 1299 588 2021 1629 34 2058 2591 2592 1899 318 319 407 1364 2594 893 812 1651 857 1344 1668 1337 1012 665 1765 1606 644 135 452 896 1894 447 1891 1189 1059 1797 1796 336 1814 69 1441 2811 1889 109 372 373 218 552 551 1569 817 1072 1100 565 1676 391 860 1222 533 273 1564 389 1459 1394 269 1738 1231 851 1117 1116 2756 898 996 994 1263 29 1461 283 760 1268 274 756 1354 228 1348 1452 201 801 1546 2652 1666 1542 1113 2380 1242 1839 5 566 1653 1945 2080 289 394 1395 553 583 1888 2707 1047 282 858 987 854 936 748 1368 1501 208 205 488 1582 842 1307 841 681 905 1431 157 431 81 2534 2017 2774 892 462 2412 158 1007 1807 927 836 3201 2517 154 2338 2144 2459 148 1607 140 796 1390 643 136 134 2277 1063 638 149 1331 1893 1076 178 956 480 479 478 2463 684 2520 1730 2739 2462 176 175 172 474 3112 467 1065 1011 165 464 463 2518 1290 161 1892 1062 2516 450 1001 918 2844 2039 2167 2346 67 335 424 998 828 1093 2002 2512 417 599 596 413 329 412 328 327 995 49 2716 72 1731 73 427 1724 634 880 1004 625 2812 1762 1761 1760 2205 622 2387 91 2515 2415 1057 1408 2326 1056 1604 1055 1326 433 1053 1719 2171 1954 182 3185 2052 1869 754 3111 520 255 1809 251 250 564 1025 268 248 246 890 941 245 1866 738 518 1621 385 243 244 247 928 2395 1993 2773 1073 1746 1469 779 1297 544 1296 1071 778 1677 1099 1377 288 2281 2769 1624 287 286 542 1221 2400 272 1739 270 242 241 2349 232 2392 498 2752 202 1671 2749 3009 1854 1552 704 367 2521 2746 1669 2313 2465 1206 1732 1205 2744 2047 1204 2312 1448 186 499 1418 371 501 513 919 2104 231 1799 889 1351 509 957 1619 225 508 2369 223 507 220 1018 1733 713 2051 2050 504 711 503 2315
446 858 575 1627 13 1298 18 25 1629 893 2592 407 1810 1364 1301 821 1126 1899 44 9 1575 1055 2724 1053 336 1814 68 2236 2405 49 3008 1316 3294 2229 1253 995 326 57 60 1632 2178 1884 832 632 1037 2135 1915 636 1633 122 125 1995 128 121 105 1823 830 827 63 921 2340 78 900 967 1365 432 93 96 866 3005 969 1112 1846 108 1114 110 270 1993 532 928 268 255 1217 853 251 1025 2243 1738 246 1231 1809 1219 272 534 774 552 1362 817 1226 394 2017 892 1677 1377 288 1359 860 1222 286 1866 146 242 1455 2745 186 1668 686 684 1115 559 1065 1332 1331 646 452 896 2729 161 1854 1855 897 231 851 1117 1864 889 1351 226 1116 218 373 504 202 1420 1671 2749 919 1919 1820 147 703 1040 506 1877 2136 1646 2339 2952 261 260 1636 243 691 1798 562 183 1383 1431 1747 553 322 323 46 1478 431 87 795 1483 119 142 152 157 2691 467 2020 1011 1607 1193 454 1060 824 926 525 1848 1043 1102 1382 457 82 409 31 1585 187 697 1788 1288 796 1057 1001 67 3 541 540 1795 193 141 112 617 1381 568 165 1029 1251 2343 197 1998 211 212 2403 214 1997 2258 2621 767 309 875 2432 1656 1932 1658 1704 2147 835 153 1638 1 1695 1086 2148 2094 180 844 2402 2254 1432 1642 481 1805 1639 70 228 510 731 1354 253 2127 746 810 275 543 289 1988 1804 1464 64 2284 1862 1990 2658 224 83 2226 1113 341 1374 84 130 803 2300 200 829 174
448 471 998 828 33 581 579 1596 2570 748 908 705 343 2571 387 1340 154 665 363 1881 503 711 957 379 231 520 2052 958 971 2054 72 1690 770 1029 911 308 1078 311 312 411 47 430 102 103 2178 360 487 906 368 293 952 401 926 404 107 346 349 350 352 354 227 300 1 46 779 907 2198 2323 630 341 445 1417 2101 2485 84 83 348 2483 1229 398 5 2122 2 296 909 292 857 1600 1592 2858 2554 408 41 39 1031 1576 2365 2560 1295 1269 642 3176 940 510 1106 887 177 2125 160 1781 645 275 2022 759 234 57 51 50 48 326 45 409 406 1108 60 1299 1684 23 21 313 16 576 1682 10 310 31 262 75 78 213 2256 495 490 489 483 2417 661 156 76 1275 835 913 2251 97 92 436 2363 1271 1749 150 322 419 2092 956 687 684 1609 176 175 1011 165 1076 178 159 158 1289 660 155 151 149 139 1725 2367 2295 111 885 939 2371 305 790 298 287 538 270 564 243 3203 244 1353 2104 380 1619 1553 2907 204 498 202 241 340 2205 439 183 674 655 458 141 126 345 124 344 193 2501 119 118 117 112 894 2093 95 79 606 120 2506 205 1042 91 413 328 325 321 316 954 548 782 390 3102 925 281 529 261 2069 238 237 562 215 208 575
449 940 423 824 415 1658 1229 1242 398 5 550 547 909 393 292 775 857 1438 256 383 561 211 1929 206 1585 195 191 489 844 689 688 1324 2417 83 1284 1087 842 473 681 472 471 167 674 1083 157 1038 867 974 1412 697 187 486 1546 465 1008 357 355 1777 1194 1095 454 348 130 341 84 1151 978 675 959 1032 12 14 553 410 1035 1235 1819 966 932 90 1134 2498 1875 1274 117 119 126 141 142 2375 1694 1403 1714 639 1326 1243 660 1788 289 543 2354 156 975 143 338 436 610 1080 326 47 515 821 409 1364 318 1276 37 1111 820 588 18 893 10 310 570 1354 2785 745 746 755 756 2059 1238 361 849 2126 373 504 2049 501 498 202 1392 559 188 883 485 478 364 2390 172 2736 1012 467 1066 1011 1245 374 158 1007 927 1607 1606 139 1863 889 1981 513 512 375 198 887 1362 942 394 1100 778 291 1359 286 911 534 796 272 389 532 269 1107 1215 255 254 250 941 1231 1249 518 242 241 1217 135 663 450 548 545 390 541 540 769 1191 536 1787 529 854 1167 260 261 936 239 238 1044 1089 1260 382 1753 235 233 733 935 908 208 506 396 397 537 1316 625 111 439 1057 433 336 579 1001 71 1000 425 918 2039 1094 67 1718 998 586 2711 33 1319 325 994 335 49 327 328 1278 996
450 1326 932 2956 1390 1324 373 1243 2848 310 2866 1919 57 1080 37 576 818 242 278 1294 727 942 1501 46 553 1251 2481 107
453 322 405 1473 1074 543 522 1767 535 275 1220 756 755 777 249 515 230 375 801 179 174 170 683 160 356 354 352 130 745 46 79 438 239 384 236 516 1753 733 2032 2345 1368 2344 369 183 2808 1581 979 905 2692 2691 157 152 459 652 145 451 1140 344 347 606 342 346 445 653 146 128 123 121 3220 3129 3168 1750 105 104 1823 102 338 150 903 78 1270 426 333 826 47 1127 411 40 25 312 311 9 308 900 156 1400 1144 2263 1002 1600 324 315 2 1177 785 1837 784 909 293 546 783 1171 2868 526 667 1382 669 798 1146 1147 341 168 1151 365 694 487 807 809 360 350 1604 1028 1997 1704 195 493 560 189 1642 845 484 180 872 481 2094 1086 1085 2609 671 466 166 1585 1998 1043 525 2195 685 1008 348 132 2226 84 83 415 2779 594 309 550 566 2379 292 1708 767 764 1511 875 351 975 122 1426 326 45 44 1126 821 409 1364 1810 3204 407 2591 31 23 313 16 1298 310 1575 395 37 203 2882 2936 636 635 1037 633 632 1884 1632 830 1112 57 969 436 432 612 1820 76 2340 921 63 827 98 778 1209 850 172 1115 1011 665 836 450 834 108 1056 1055 3113 1326 1001 69 67 424 65 596 2274 1336 176 181 559 389 928 268 255 1025 890 244 242 241 49 851 220 805 218 1019 373 504 501 500 202 223 321 1756 1951 112 795 87 431 428 603 1303 323 1747 119 1124 300 297 289 815 283 810 253 1456 512 1 224 1139 974 20 1181 584 1180 581 991 2229 390 541 142 540 238 562 233 728 1877 1040 703 1149 473 536 1834 592 1163 231 379 806 226 1673 222 221 380 372 498 199 367 188 1669 1203 178 1860 480 243 2211 1363 817 394 1296 291 391 911 518 1251 387 276 811 1357 531 855 269 538 478 246 3175 335 416 328 327 1599 2308 281 2003 758 528 1167 260 261 1166 1164 364 1168 1185 858 72 684 71 474 165 1290 1076 462 452 1063 135 1758 109 1114 1662 1188 91
457 558 1644 506 748 2153 935 2852 208 1306 322 974 142 431 932 2321 46 323 936 1898 157 1937 1328 854 2673 1726 447 910 1057 1536 1264 336 335 260 1717 1320 1092 29 585 545 541 282 537 536 416 1464 25 512 636 121 104 900 827 55 326 1126 821 1301 912 820 158 313 1474 893 310 9 1575 2884 147 835 365 2658 1349 187 486 1546 170 355 1848 347 1218 341 2006 2549 278 262 196 2231 493 982 844 1842 1066 1841 176 342 120 344 124 345 458 905 1643 376 261 1439 328 794 634 1063 135 149 151 462 795 79 816 1991 2361 792 1683 320 333 82 102 150 845 478 762 784 295 2 324 130 469 2651 375 810 539 367 438 372 779 391 534 389 1459 269 251 1738 246 1231 1117 1351 226 373 559 2049 485 1362 552 185 1107 268 220 855 531 942 1569 1363 941
459 473 345 193 1834 344 120 119 117 114 2093 145 1087 1055 1795 529 541 2273 991 579 954 49 995 2879 424 3001 73 431 428 323 3125 341 107 620 83 1781 224 1861 510 2926 2198 275 283 603 70 543 290 76 1360 1804 39 2022 322 348 1128 419 2092 1870 1604 251 622 242 243 245 246 248 564 255 270 2370 60 1469 2371 232 2248 53 51 50 48 409 407 31 23 22 21 2373 1051 57 1057 1230 218 108 1760 2367 629 450 133 1725 1390 2338 1289 2295 159 805 161 665 1011 1065 467 171 175 1609 475 178 182 186 1018 1290 594 779 2432 128 1037 913 97 92 432 1271 1749 78 1833 1103 176 479 1859 503 504 223 928 1377 59 952 2494 1381 63 395 1122 313 318 105 848 1402 293 1334 3099 2353 2160 253 1395 1118 402 1119 2674 1424 1270 75 1275 988 258 1043 206 1697 180 481
462 226 806 1351 379 286 231 2759 957 851 378 373 222 507 220 243 372 202 367 559 1673 518 251 246 2017 1100 565 778 391 1377 288 860 1231 534 270 389 531 269 255 1669 1025 1738 533 684 158 663 858 536 1787 263 260 261 237 1368 541 1646 376 208 205 369 842 979 473 905 2698 1245 793 2274 1332 462 394 151 1195 796 452 1114 29 1846 1796 336 68 335 825 417 416 328 622 1226 2724 111 258 1239 2530 762 279 28 824 423 1043 1002 443 131 454 1193 1196 469 696 198 2006 224 3124 1585 312 21 22 409 45 1426 2250 429 1157 80 1486 461 360 1153 489 191 1704 495 82 625 227 1023 769 540 548 579 581 1181 586 2452 238 20 2713 597 331 2844 1001 471 89 2276 1951 1021 562 374 1456 1457 746 522 275 1991 1747 795 235 90 2161 1139 458 655 2064 370 193 1040 617 674 1116 152 883 800 2280 2279 181 1014 478 364 475 172 474 157 1065 165 3074 218 380 232 808 150 975 835 147 122 121 2606 149 1037 1632 303 544 1028 1993 268 247 832 798 643 1253 320 44 47 826 827 63 430 900 967 432 93 96 969 102 1823 821 1125 1301 1810 1575 2088 2089 2236 9 311 893 135 792 18 313 25 31 820 1899 40 1298 168 105 802 70 83 2226 85 878 1842 2805 1959 107 2265 341 2792 2333 486 801 594 187 3206 1656 1998 2258 2425 1997 807 736 1258 809 949 1165 812 2070 783 547 295 315 211 212 1349 87 438 1822 342 344 982 907 2147 1642 1432 845 2254 844 487 365 431 375 46 322 510 512 515 756 2148 1358 323 815 1988 300 1804 818 1 12 1124
470 90 932 25 1078 475 364 202 498 1860 218 220 723 242 243 385 890 176 250 1251 779 394 945 187 375 227 230 944 405 322 1129 531 158 154 796 10 37 409 57 98 1144 667 481 688 844 1043 292 992 423 833 350 354 170 261 260 284 2081 584 49 73 1056 450 1238 380 856 1807 1068 1456 1457 810 815 1576 79 438 342 117 681 1581 1582 208 733 748 267 1172 1596 991 581 1181 585 1599 54 331 1760 512 224 486 1546 1830 905 21 23 820 1810 1125 45 47 326 58 826 92 452 93 105 2779 168 680 365 234 525 2868 278 550 594 1334 1972 947 1195 141 389 161 778 391 288 1028 1231 245 808 518 851 379 806 244 221 165 467 478 222 178 1611 2279 2280 1019
472 548 165 2714 1390 139 155 158 1065 544 478 1014 242 941 254 860 536 475 1089 844 117 18 21 406 921 365 191 982 721 210 527 415 348 375 746 1473 431 257 778 389 1103 373 501 559 176 2144 336 1001 328 208 1040 2339 142 275 512 565 187 1043 189 2065 156
473 464 838 353 658 139 1606 796 1390 138 2828 646 1854 165 1965 640 135 452 129 1061 629 1328 1114 644 1065 559 1115 1018 372 1617 504 2049 503 501 500 498 1552 467 367 1761 1550 1449 1732 186 691 1266 686 1411 1336 1392 1189 2002 1057 582 15 1369 3 782 2707 2336 541 540 536 1172 752 986 854 387 1506 238 516 1999 2698 721 584 585 586 20 89 1796 1055 336 1001 69 3392 2833 608 1553 622 825 416 1841 597 596 412 2274 49 593 822 29 417 507 232 225 1158 2359 145 46 300 275 1220 1454 179 1666 170 352 350 952 296 546 768 539 368 1275 153 1160 215 384 749 394 1222 538 276 1217 268 754 246 1673 2392 102 182 1067 474 462 154 340 109 1662 996 33 2037 178 78 25 311 928 855 1675 269 1782 1215 255 254 251 1866 1459 243 720 1865 1557 919 1230 889 806 226 957 2232 3017 723 532 270 308 552 2019 863 1362 303 2158 2771 779 544 389 565 778 1676 1377 288 1359 2400 273 1739 1422 856 2829 376 1607 193 180 1491 1151 481 2094 1829 168 675 466 844 166 1143 1488 150 835 147 1257 128 122 121 1144 1996 2886 701 788 550 292 2625 773 1708 767 762 761 1651 264 527 258 525 1932 807 1310 1998 1585 1997 191 1915 1037 632 1486 53 326 47 45 44 1126 409 1125 1364 1810 40 318 23 1254 313 1122 1298 893 9 1232 395 965 309 57 334 2883 1632 208 1366 619 831 105 830 1112 969 555 97 96 436 432 82 967 900 1820 2601 63 1131 2260 143 1597 428 1748 1235 1769 87 90 617 1481 1483 1130 117 152 157 1383 681 1581 1490 563 1023 1352 119 512 603 322 283 2087 2 285 1871 776 815 289 1788 323 1395 253 818 1 1473 580 1381 2895 591 553 1679 1737 473 724 341 1409 2193 443 107 510 616 83 1533 2098 70 64 601 600 824 415 703 594 592 1656 1179 1373 347 88 645 227 1453 348 980 1452 697 187 801 486 1105 224 2125 174 647 702 1542 1848 355 1009
476 564 2807 49 473 141 117 815 84 850 224 1196 309 466 1429 268 510 270 395 263 243 202 684 585 261 1649 157 342 14 553 70 423 24 982 701 25
479 29 541 1090 529 1369 579 1001 1404 625 1061 1007 260 1065 1011 336 2108 1040 193 1060 443 2484 1387 1242 18 1010 1578 1477 680 191 256 258 278 326 187 696 512 1582 681 1083 142 141 431 932 1227 2495 1473 1233 568 756 1393 1026 5 86 1014 389 271 54 2427 1564 1778 250 1231 373 232 615 1132 1218 844 180
482 260 1139 604 748 1951 779 2276 896 1456 1765 1601 187 53 1196 2972 32 762 191 1086 75 165 45 1125 504 170 2280 686 222 394 1222 1986 1810 47 57 98 102 105 128 2254 2841 373 807 719 1840 808 552 288 364 292 474 1609 905 152 322 249 224 341
488 1025 1596 326 912 1063 937 982 1493 1385 150 1080 1901 40 37 416 1243 165 478 373 518 941 389 911 2526 2412 1404 2376 1815 822 321 267 854 471 3439 1236 1229 964 1235 1030 818 756 2659 1068 1334 1064
490 1575 978 478 149 310 1269 300 1 1032 19 39 322 46 606 79 795 438 95 446 342 119 1139 458 656 157 905 979 183 283 535 275 1220 1110 2625 783 296 2 926 404 613 107 2044 341 370 347 1781 350 358 170 1975 709 802 375 517 253 522 1064 908 237 748 182 1015 367 202 711 504 805 220 222 1619 243 178 246 1213 564 251 2052 389 272 538 1625 779 394 1363 2919 2035 480 474 1162 261 260 528 267 2037 2336 400 954 316 317 364 328 1093 335 72 336 2171 427 1758 439 135 463 464 413 262 684 1043 47 57 526 820 1299 31 25 23 313 2223 411 334 921 864 333 76 1402 211 490 489 2417 671 466 667 426 320 661 150 835
494 1596 782 396 1416 579 549 545 873 541 282 540 536 2119 2838 1316 277 1787 751 987 1312 1405 994 586 2004 1758 1326 433 336 72 1001 1185 2039 1094 67 335 424 998 65 1093 1321 54 328 49 854 593 937 1103 321 317 1952 316 20 583 260 233 936 145 1140 1139 126 345 119 117 114 95 617 1134 90 2497 79 932 966 1235 428 604 603 1033 1128 46 323 410 322 405 35 1423 1038 458 1570 152 239 384 1044 237 562 1753 235 2347 935 2305 720 1158 208 506 261 849 502 1040 193 703 183 1582 842 841 1581 473 681 905 674 157 374 1055 140 1057 1117 1981 1865 513 232 241 242 244 243 385 518 1231 889 941 247 2243 1025 564 250 251 254 255 1869 2052 268 1107 246 1351 957 1619 1097 2817 1204 1669 188 559 897 202 498 499 1860 503 711 504 372 713 373 1210 2126 218 805 220 221 507 223 378 225 269 855 1766 531 165 464 2518 665 162 353 462 837 158 1007 149 148 797 1606 139 796 643 135 1063 2516 450 834 634 880 1005 111 340 1066 89 467 474 14 389 270 272 276 534 286 288 391 1296 565 779 1873 394 817 945 1363 552 485 1014 1851 478 364 2463 2739 176 2820 1115 12 733 1 845 844 484 483 481 2181 978 680 489 675 466 1382 351 156 835 1257 973 1273 671 116 701 494 1165 257 525 736 735 234 1504 1043 189 514 1310 211 1502 1435 206 1585 495 195 1402 832 621 2178 25 313 1122 18 16 310 1078 395 588 1011 112 696 1972 1403 1693 457 31 959 1795 590 820 912 1632 105 104 102 1479 436 432 612 900 333 57 1901 326 47 45 320 821 409 1301 527 750 150 1592 1984 1023 515 512 510 224 375 802 517 198 1853 492 187 486 1546 362 1104 465 887 563 249 2785 2354 535 283 2087 285 815 543 289 1568 761 300 1566 275 274 1220 1218 2111 1393 2197 358 1375 1454 357 324 992 1229 315 1404 2 875 309 2125 295 550 547 292 1313 767 279 857 762 278 1600 594 28 423 356 350 1006 1193 348 415 160 1064 130 352 355 341 2193 1284 107 2552
495 1587 720 908 208 721 934 1089 1647 237 1044 1506 387 748 506 936 707 1490 370 905 1383 261 681 979 1581 1644 841 2064 842 1582 1492 488 369 1696 260 3031 854 3495 586 1241 29 1599 993 33 937 1953 2716 328 996 595 596 416 1321 417 976 825 584 1507 1405 2162 528 987 267 1787 1170 536 537 1513 769 281 2037 540 541 782 1946 548 1888 1369 400 579 157 1623 1082 7 959 8 1032 12 14 1473 1 1423 591 964 1577 553 322 46 603 580 568 300 1568 517 940 522 331 1026 530 1218 275 1566 283 1871 290 289 2667 1745 1991 816 604 1129 606 611 1274 342 120 343 344 345 126 1916 456 141 1228 142 3202 145 2270 458 2564 1875 459 2269 1256 1478 966 932 79 81 431 86 1906 795 90 1134 968 617 100 1912 2161 618 1305 66 886 69 392 860 911 1460 1251 538 534 3078 533 958 757 1564 389 531 1766 269 1028 778 565 1225 367 1551 1552 1854 897 199 1346 2796 551 1569 1362 942 394 779 1378 544 1100 1107 1017 268 3089 723 378 507 220 218 1210 207 957 1553 1019 714 373 372 2855 504 1984 2393 1863 889 1981 1622 250 941 1231 1249 808 518 385 243 244 1212 732 513 1865 2173 231 851 1069 1016 559 698 879 634 1764 1063 1243 896 1192 447 452 640 644 138 140 1606 1607 797 135 2575 1005 625 1001 609 1323 336 427 1265 1053 337 1408 2819 1057 434 439 2372 1371 1114 340 657 1007 158 837 480 2577 1611 1266 1340 691 1014 1547 181 485 1548 1203 3224 1549 491 884 188 478 67 364 475 462 353 2144 1765 662 663 1245 665 463 464 165 1065 467 1012 1115 474 176 2390 1023 1838 1352 128 2884 1636 975 661 166 1995 466 1147 675 360 1148 680 978 671 1037 632 1367 58 827 864 426 610 76 80 1479 2177 98 969 970 102 1884 832 682 2181 481 365 191 560 1702 368 982 493 1495 2822 847 983 196 1156 1500 209 211 907 2595 906 490 1491 2611 2169 180 484 693 2063 843 487 844 1493 1039 1925 845 2612 701 1080 1900 3282 152 374 390 49 2002 335 2073 836 659 1336 695 1204 2465 503 1617 615 223 2134 746 515 912 411 121 653 461 1165 3152 2072 1655 1950 938 88 170 724 1680 1930 232 246 37 318 40 1810 1301 1125 409 821 320 1578 45 1127 47 326 53 902 737 2059 1111 524 1993 276 945 1575 2222 1077 9 792 1474 18 313 22 25 590 34 3369 1081 719 1373 1374 346 347 637 1664 1095 645 1006 2645 3223 1777 355 356 1008 626 2382 341 1723 423 1324 829 1532 1533 1003 614 1603 3234 2552 620 1417 1284 443 1890 1763 600 1333 2650 2790 187 3085 696 492 1343 1616 198 201 203 505 375 1349 850 512 486 1198 1013 179 1009 1199 1970 2830 164 1310 469 683 362 3143 1666 174 1610 482 2196 1546 414 3267 2070 1239 1509 1586 262 526 809 258 256 1590 240 736 1588 1935 234 1504 1651 1592 278 547 2869 2259 762 775 1175 1176 1945 1043 1048 1313 546 292 909 784 1516 961 783 1933 807 722 1714 1523 27 1598 1050 28 1229 1242 1658 2082 819 324 1600 1840 1526 1715 992 770 587 399 594 566 574 787 788 2187 2627 1404 2122 951 1839
498 238 1506 748 261 260 282 854 1961 625 89 1055 1053 336 1001 69 67 597 54 996 263 593 314 20 584 583 1180 579 991 4 540 536 266 529 29 237 2113 233 1875 618 1822 1134 90 2497 615 428 421 2843 59 1129 603 46 322 628 117 119 344 733 2305 208 374 205 842 447 235 473 905 1306 157 152 655 145 141 681 834 372 1063 564 1025 246 1231 518 241 255 513 231 851 379 226 507 220 380 268 269 531 551 1363 779 1100 565 1296 778 288 542 534 533 272 270 389 532 218 207 373 713 463 665 353 158 155 836 151 149 1607 1606 1195 796 640 135 452 464 450 165 474 501 202 199 367 559 1204 186 178 1266 1611 686 364 475 176 172 1798 553 25 1577 60 827 63 1749 900 612 432 98 102 1112 2178 621 128 1257 457 146 147 211 197 1996 489 844 1771 57 693 481 680 676 1147 669 351 365 53 326 45 358 802 114 720 1089 766 357 586 1103 325 49 2459 478 250 2510 1310 1006 1400 1578 409 1125 1301 1255 23 348 18 312 10 311 9 308 395 16 1043 318 1590 1334 469 170 1666 174 486 187 696 1616 203 2013 505 217 224 2160 850 230 736 1302 41 580 12 1119 1198 862 543 285 742 519 1354 512 300 354 510 350 1179 2 1075 875 309 295 1050 1838 761 1165 258 257 352 256 767 28 547 992 454 1658 130 341 1723 1842 84 107 83 1324 2217 1279 824
501 157 541 1089 374 586 193 473 579 553 2496 1398 323 322 1423 289 20 512 112 314 1231 49 510 1222 270 269 250 1621 385 851 1103 1117 202 478 1625 1011 158 622 554 412 373 187 834 355 57 1905 418 409 31 960 310 395 896 336 585 1888 3190 2300 1112 969 326 63 432 101 121 348 346 341 83 1229 28 309 393 358 1402 196 560 2169 351 835 147 2940 128 212
505 1222 353 46 322 566 1385 481 636 832 2936 57 407 1122 391 394 531 364 251 289 278 243 638 733 1582 601 493 130
506 969 844 1112 1636 915 1723 1854 893 2591 1903 967 122 1258 493 665 1190 373 1866 2400 778 69 1172 615 1129 663 1670 296 2148 983
507 1130 1354 1729 355 641 131 1235 703 552 1376 765 251 246 1116 1373 507 202 2743 836 1288 139 2156 504 2628 146 807 966 932 2150 1634 157 936 2229 1466 1251 1515 844 825 1810 1080 1636 568 122 2230 893 1789
508 845 2088 1120 18 820 680 978 844 1926 1103 736 1323 634 1012 1702 559 939 221 1620 513 1231 1107 533 1225 2773 353 388 617 438 7 1354 592 587 180 794 54 485 33 131 1229 1404 2944 994 546 1942 1592 1610 1546 881 486 512 1032 126 1581 192 728 987 1787 537 1241
510 1111 47 411 45 2145 1125 1364 311 310 1232 51 1846 125 102 1653 775 1708 539 764 2528 278 1651 1414 240 547 1504 2258 719 214 212 1157 1435 2096 1998 197 196 807 1585 566 875 151 149 644 1965 452 896 1892 834 1541 1061 309 1005 1328 110 109 1891 1114 1189 2329 2157 5 571 2729 2231 1997 1704 1995 973 2778 123 122 1633 636 121 1915 1037 127 1273 832 1884 1632 1366 105 1790 104 1823 830 1112 632 128 146 1919 2148 1793 983 1996 845 1641 2254 844 180 365 1086 1923 1085 1258 1695 798 1143 1638 1637 153 835 147 1636 969 58 1700 2248 1888 2081 316 1103 49 995 2274 996 331 66 335 1047 1531 1958 1327 108 1539 1062 1063 135 640 136 1390 1726 1957 1727 814 1170 458 655 1306 471 905 1581 842 1582 1792 369 370 1172 193 1040 1501 2698 562 1647 237 2702 936 388 263 528 3231 148 154 927 380 243 1621 1213 564 250 853 1561 268 1564 811 1799 1986 958 533 1251 911 2523 1376 860 1363 2225 622 2728 1739 957 1619 220 1289 462 1765 1331 1728 1011 363 1337 478 1338 1266 181 1667 2279 3123 1418 367 1552 1344 3025 504 372 713 1018 805 1827 1139 344 2161 2147 560 847 2425 2255 211 2067 2403 1310 1402 1436 158 1043 262 2530 1175 1945 783 546 293 295 2000 1242 27 949 184 487 1153 333 75 76 1820 1271 82 103 913 831 2135 2938 2606 1257 461 466 671 675 1885 680 2094 169 477 2417 2885 2169 992 2170 324 2481 741 2785 810 274 283 2056 543 1991 1 7 1119 940 2494 59 1227 428 1132 1478 79 3278 1428 86 617 2150 2166 2782 2441 1454 2636 3251 1002 85 2332 346 347 1781 1776 1542 2931 160 1969 469 801 2790 1293 201 1452 1977 802 1979 2658 224 2284 1600 837 1432 1893 1431 157 152 1141 1038 141 119 628 112 1691 1481 1083 1822 968 1134 87 431 81 2355 932 2321 1128 46 323 1304 167 558 473 1593 2838 873 277 3214 529 1795 854 260 261 1089 2952 1368 1646 376 1158 208 1877 506 703 702 488 353 183 979 322 2119 2022 1785 522 253 3213 563 1354 1456 512 2237 510 850 1453 1623 1349 200 1345 1670 1343 697 1342 187 2011 1292 486 1246 375 2238 756 275 1424 1747 1079 1300 1124 1994 1898 1381 1475 580 1423 1473 12 568 2343 1464 1395 1988 1744 289 815 2016 285 2087 2354 553 174 1090 537 1301 409 821 1126 44 326 48 1426 1900 55 1081 1810 1905 57 826 1131 827 63 2340 3211 2146 78 80 900 1477 40 407 319 1896 395 1253 2089 9 1789 893 11 1627 13 1298 18 1122 313 1628 1254 25 31 2588 588 1123 1629 1630 2592 1899 967 1277 612 2319 2716 3008 994 29 1657 1951 2399 20 585 584 583 328 1316 549 548 1946 545 2336 2229 284 541 917 858 280 4 1320 1841 1717 93 96 1631 1883 98 555 3005 1057 1796 2727 2005 2137 1443 2156 1325 336 794 1814 69 68 1442 1441 607 2405 1321 432 1666 1492 355 531 269 1107 754 1868 255 1809 251 1025 2529 2243 1459 1738 246 1231 1866 808 2233 242 2349 1558 513 2759 1555 248 919 532 1993 1378 1100 565 1677 1676 391 2770 1377 288 1359 2129 389 1222 2428 286 542 534 2400 272 273 1217 271 856 270 2768 1455 231 851 1016 1334 1669 1449 3209 1447 1203 846 2904 2280 364 1854 684 1336 474 1012 467 1065 464 665 1290 662 161 1332 2740 1855 897 1451 379 1117 1864 889 1351 806 226 1116 1350 222 2756 2172 507 898 218 2285 1210 1553 373 2754 498 202 1420 1671 2749 779 1072 559 2017 1890 107 1113 1842 2006 878 2923 2226 1757 83 1661 1324 1722 70 423 824 1528 1805 997 2549 1658 3212 28 1656 2847 892 64 341 1286 130 394 301 1226 942 817 1362 1569 552 1374 1665
513 355 3215 552 534 2112 45 1491 1043 736 1297 373 1392 1539 783 1001 2718 208 142 2847 269 1071 2211 250 3024 1478 2680 1473 1679 275 2785 512 187 1975 1292 486 2651 1193 1286 1651 1310 2231 844 978 1257 2146 58 326 318 37 792 1575 854 917 1089 1320 714 559 328 1668 485 1266 1066 1065 2740 1606 447 910 1264 918 67 1530 1717
515 1884 1086 807 1043 309 341 1464 1226 1809 2749 376 141 322 224 132 1362 102 87 900 2599 212 809 112 388 243 286 165 96 395 1298 31
518 565 1487 185 1613 353 336 260 276 142 1668 1324 553 1396 1815 1633 2752 561 1933
523 568 2534 2384 815 1566 742 563 1354 512 510 724 1224 187 1349 375 505 3328 801 486 1008 1095 639 1723 1722 2006 1473 850 2676 1792 1785 584 2081 1947 2336 537 536 260 748 728 208 985 506 1643 1124 585 842 473 1141 2029 1779 1918 2351 615 86 431 1227 1130 1129 1582 83 2258 414 832 1884 1750 1632 105 1112 969 96 827 1131 914 2801 58 1081 2882 326 45 44 821 1125 2592 820 961 18 792 893 9 1915 829 146 1400 1955 1242 1518 566 2379 783 1048 2624 1651 526 258 525 1466 1590 3369 561 211 2421 982 1309 1926 1493 2402 844 180 1258 1695 1920 2510 1757 2716 2766 534 2400 757 271 389 855 860 268 1025 246 941 2757 226 507 218 1355 373 288 392 3026 1188 937 1103 934 1255 1118 1377 1680 1110 847 365 593 2018 565 778 1334 1855 1993 1016 1965 452 2389 834 1854 1005 1797 434 433 336 72 1531 1001 1000 918 2833 1321 796 836 1539 462 559 158 1097 2242 485 1266 1338 1336 2736 1012 1065 464 1449 663 838
524 888 207 1019 373 1617 247 204 886 367 2048 1015 186 221 508 513 182 1353 1895 244 243 739 272 1027 1766 1215 520 254 1865 181 1001 956 1283 89 2171 336 73 2073 72 958 2415 67 828 602 417 597 596 330 54 413 607 91 2372 2205 480 1881 474 3112 165 464 158 660 1606 139 2206 133 880 879 1573 1005 1004 340 2812 1340 1028 1324 1741 834 1662 1055 1441 328 49 925 1368 376 1581 905 157 112 46 322 837 1747 178 218 394 1072 779 391 389 531 269 268 251 518 242 1117 806 1673 507 713 534 1991 253 104 82 80 827 57 326 409 1122 1768 3205 305 304 790 544 778 121 289 123 1639 510 850 224 1105 355 130 341 1842 84 83 593 5 212 211 680 835 955 79 33 430 2251 103 441 1580 619 2478 2176 150 351 661 670 3049 676 360 1491 156 2374 1270 77 1375 570 576 1683 23 25 961 1108 963 40 45 1127 50 3385 58 2170 61 487 1583 845 560 1603 2299 2190 2193 339 445 637 881 1287 348 453 645 1781 356 357 2125 1318 2123 358 32 1714 982 494 1156 206 213 734 736 257 759 1592 762 857 293 295 2 2802 926 1050 685 1928 177 1834 562 729 215 908 208 985 1042 871 705 369 2504 183 842 1698 690 471 674 458 748 1413 2069 260 482 29 316 954 586 579 789 2571 2800 782 390 541 3102 2037 281 751 529 528 1507 261 1412 238 451 2130 776 535 1218 756 2491 521 2127 515 715 709 492 993 141 486 1 8 726 19 1692 14 117 342 120 2807 1305 2093 2026 2161 2498 2114 865
525 1336 474 1065 836 663 1289 1290 159 2295 165 364 886 178 1014 1547 485 2242 1552 897 372 218 154 507 220 1266 151 109 148 439 1673 336 73 72 413 328 2274 995 1599 3283 954 625 2367 1963 1892 133 452 135 1725 2278 136 796 797 1727 149 957 892 806 859 1359 288 391 1677 778 565 779 2017 817 1362 1363 552 585 2146 1585 1842 1666 142 4 896 644 532 1217 1222 286 226 1221 273 1799 379 231 1555 2349 241 242 244 243 245 246 2919 248 251 1809 853 754 2052 268 269 855 928 1459 389 1993 276 17 91 858 2148 1432 2254 844 1385 365 1258 671 466 1997 1637 835 146 128 1995 125 123 122 636 121 150 632 2255 213 435 878 70 1600 324 1656 1597 2 875 211 309 292 783 2625 2070 770 539 278 1466 807 566 107 915 1632 47 411 45 320 409 2350 1301 1810 40 326 1299 25 313 18 312 893 10 9 1575 395 31 832 48 51 1366 105 1112 102 541 555 1429 82 1271 50 967 1749 78 76 75 921 63 60 1131 57 900 443 969 445 124 344 120 119 118 112 1483 431 81 345 79 2092 419 46 323 322 553 408 42 1685 1034 126 655 152 2008 281 2119 1172 263 260 261 749 1089 562 1368 1646 193 190 1792 1582 1581 681 905 799 157 41 39 594 1381 375 1208 803 802 1452 696 1546 482 2102 724 557 1196 354 352 645 130 1374 1373 341 35 1009 512 1375 563 1031 1473 940 7 1 1464 2365 1395 289 1743 543 1992 815 253 2198 1220 275 756 283 2016
527 1180 2956 336 2007 71 2003 327 20 585 583 17 1142 1178 2336 758 1168 236 2305 717 1307 652 124 1957 4 3179 276 1965 299 288 286 1221 2684 270 2763 532 1216 1782 1809 640 2211 723 805 499 1205 1201 3175 1765 353 2083 2459 148 2104 795 2192 615 785 1110 2780 2418 523 719 906 1151 1146 166 669 1838 668 633 1367 3168 1429 903 826 56 418 409 16 1077 1144 2351 2379 309 421 605 553 2304 580 402 1118 1074 777 285 2492 566 274 741 510 203 201 2790 1105 2436 2008 833 1840 1317 755 1136 178 395 413 328 49 994 822 1599 954 1181 584 581 400 3103 1312 2967 536 2119 2838 873 277 529 1795 597 416 331 2002 658 836 154 151 149 797 796 646 136 135 263 450 625 340 108 622 91 1758 69 335 424 65 629 260 261 2702 905 157 656 152 655 459 458 1140 1139 126 681 345 120 119 118 342 112 618 95 617 438 968 344 1289 473 1581 387 748 239 237 516 1753 1999 233 720 1160 1149 376 804 205 193 370 703 190 2359 183 842 690 1751 2497 158 1290 255 254 251 250 564 1025 248 246 1231 808 518 1621 737 243 241 2349 232 2173 380 1455 231 2052 268 269 855 1768 551 1363 817 394 779 1296 778 291 391 851 2523 538 533 1028 958 1739 811 1422 2764 531 1562 542 379 1981 1799 698 1204 2817 846 2280 2279 485 1014 1340 2577 559 479 364 176 1336 474 1115 1065 1011 165 464 665 478 2295 367 202 889 806 957 225 222 223 507 221 220 218 199 207 714 373 713 372 504 711 503 1860 501 500 1019 86 799 79 493 368 189 907 844 694 484 1385 365 481 195 680 468 675 1147 671 466 667 2779 1400 150 835 360 653 2425 1878 546 783 2625 781 2070 773 767 764 279 857 848 759 1438 1165 809 258 256 2033 736 1402 1310 431 750 292 2180 636 411 45 1578 320 821 1301 1810 40 319 318 47 820 31 25 23 22 313 312 11 10 1078 308 1299 128 326 50 121 635 3220 116 1791 2178 102 98 436 1821 48 612 78 76 2473 63 333 1131 57 1426 53 51 1749 909 211 1177 862 300 297 1360 289 290 543 815 1269 283 275 1220 1218 522 249 563 740 1456 230 227 850 784 1 1680 7 1132 428 2024 606 59 604 603 1034 1128 46 224 323 1255 1577 1685 41 2494 405 35 19 1473 1119 322 375 568 2353 88 878 84 83 613 1324 70 824 594 2481 620 1183 324 592 1658 28 26 1179 399 875 567 505 1600 107 550 1847 3289 802 709 3108 486 179 177 685 170 469 358 2013 354 352 350 349 1781 645 1374 341 2553
528 1093 329 1091 1089 586 261 516 1215 1103 2039 1411 462 665 172 2820 478 1116 385 246 1069 905 622 932 2260 959 1296 395 1682 2021 961 37 1902 418 693 494 405 1500 1045 1404 2433 2044 348 357 358 1106 249 1464 1402 1227 59 205 593 49 328 996 416 65 424 335 67 1094 69 1001 336 1264 433 2004 2007 1055 1604 1057 834 450 1063 896 452 135 1965 646 1390 321 29 20 584 342 117 141 142 145 1038 656 157 681 473 842 1582 2359 1040 796 506 208 1158 934 233 2220 237 1044 260 854 540 282 541 1312 2708 717 927 158 353 379 851 231 1455 241 1621 518 1231 941 1025 250 255 268 269 889 531 389 1217 1739 1028 533 534 1222 391 565 779 394 817 1363 552 532 112 806 218 161 464 165 1065 1066 1335 467 1115 474 176 684 364 178 485 222 3185 559 367 1344 897 199 202 500 501 711 504 372 713 373 207 1204 2446 152 795 1334 355 354 350 1848 130 2436 341 1723 443 107 1417 84 83 1010 1324 1600 324 28 27 1839 5 875 309 547 1134 781 278 262 258 594 525 1608 1610 1129 604 603 46 322 553 1424 12 1233 568 862 300 289 290 1972 815 522 1354 517 512 510 230 227 375 2013 802 201 187 486 1246 756 256 546 1043 50 326 45 320 821 1504 1301 1810 40 407 912 318 1123 31 25 23 22 313 1122 18 16 960 893 1235 81 431 86 615 2497 53 2778 409 57 719 1310 211 196 493 560 189 1477 365 1151 481 978 675 466 150 844 63 835 1429 98 969 1112 105 104 627 1367 636 1257 2028
529 464 336 158 796 1063 433 328 239 321 29 397 1596 549 529 165 937 485 310 499 237 1417 941 713 939 478 363 959 517 565 389 250 1231 243 1981 559 733 844 208 187 486 1064 130 1658 773 505 256 680 320 1111 25 792 934 493 375 365 742 512 369 681 1038 502 617 968 618 431 46 41 760 275
532 243 223 508 806 919 851 232 244 1799 220 2050 207 2317 2316 373 713 712 504 711 1860 808 501 218 739 270 1025 1222 2428 286 2523 534 1028 2400 1219 1739 1217 202 389 532 1394 1357 531 1782 1869 255 853 1809 251 564 246 199 467 1344 148 797 138 644 2576 136 1725 452 133 2009 450 834 1761 439 1057 1957 1758 336 71 1185 2003 2927 67 154 708 155 158 885 698 2012 1448 2242 2279 1611 364 475 176 474 363 1872 1011 165 464 665 1290 1332 1331 1765 353 837 2083 860 1432 1377 47 326 2215 1903 2595 965 57 826 1131 333 411 60 334 63 426 2340 75 2602 76 80 900 432 827 45 320 821 335 395 308 2470 2244 9 1078 313 403 21 22 23 25 1123 962 820 406 3219 407 40 1810 1364 1301 1821 93 96 98 671 468 168 360 481 365 483 1153 2254 551 1363 1362 817 1226 301 394 2017 892 2107 779 565 1677 391 466 288 798 166 102 1112 105 621 627 3129 1367 632 633 3220 635 973 128 143 146 147 835 150 156 461 1400 1144 667 839 65 2710 2275 802 203 2292 198 697 801 2046 170 469 355 1196 3223 144 1006 453 132 2436 3222 341 339 1060 1723 107 2353 505 375 1349 1568 780 289 290 777 815 1269 285 283 274 1220 2320 2111 249 742 519 741 1457 512 510 2441 227 850 224 521 1074 88 878 764 761 1165 949 258 257 525 256 1590 1588 1043 2619 807 1931 216 719 2887 2257 2615 197 848 1997 2148 768 773 2857 781 85 84 1757 613 1324 70 414 1715 1840 1600 324 2165 2434 3221 3070 2632 875 309 550 566 1177 784 292 1048 315 300 818 1680 277 1168 267 529 263 260 261 2069 388 1163 2034 748 3007 2272 2427 1649 239 2701 237 233 2345 720 1159 873 2838 2119 769 331 416 596 1527 2274 1103 793 953 20 586 585 376 1181 701 583 582 1180 579 15 1416 1596 282 540 814 2081 1158 804 871 2114 431 79 1132 422 2321 1035 1129 604 603 1128 86 46 3006 1255 36 405 580 12 1030 2997 402 1029 1118 322 2002 615 1822 370 703 190 183 1792 842 1307 690 1581 473 905 90 471 2691 1142 655 145 1139 344 119 117 342 114 440 1306 620 189 121 95 438 1304 795 2497 932 3057 428 2024 2499 59 1686 1034 2166 2092 323 2022 553 1685 39 605 2161 624 894 1584 1087 192 2228 681 799 3288 674 840 157 656 152 459 141 451 126 345 124 343 120 118 2494 2344 38 19 3014 1618 715 803 709 200 2334 492 1293 2160 486 177 482 174 1666 465 358 1334 357 354 179 1862 230 1737 2674 8 1119 7 1 1679 862 297 1360 2219 2016 2056 1870 1767 275 1218 3110 2014 2198 1867 1456 35 2696 908 1751 1340 1014 485 182 185 2280 1097 2817 1204 178 1207 367 886 897 498 108 622 91 1037 1720 2048 686 480 479 1762 111 879 880 1764 134 135 796 139 149 151 657 1893 161 1849 1065 1115 173 1336 1337 2463 2137 3274 427 2171 537 3015 2967 854 1167 1166 749 1164 2419 1162 872 1506 238 384 236 1705 1999 1833 2305 1368 1160 1046 352 281 925 72 1001 2167 424 599 597 877 413 49 33 29 2308 584 1316 991 4 2706 636 284 1709 541 2037 350 349 2074 250 1215 2052 268 269 1675 855 1422 811 2529 273 538 1460 542 2128 1376 1624 1625 778 1873 272 890 1231 245 500 503 372 1733 805 507 2172 222 225 1116 957 1351 379 231 380 2104 3037 2349 241 737 1621 1874 1768 552 2779 409 319 3260 963 590 588 1299 31 1122 1298 2247 312 11 893 10 311 575 2089 2088 2079 1575 50 499 53 55 661 2180 2539 2252 2476 1823 103 969 1689 195 436 903 1271 1749 2603 3211 2601 2473 2986 56 2778 3204 1114 204 669 3035 1805 3160 3196 594 2482 2481 1955 1183 415 592 26 3195 3206 404 3150 2261 926 2001 3054 2839 423 3161 3131 645 642 454 348 1287 637 445 2265 2639 2638 2299 2814 1603 3107 2550 2804 3408 2637 2294 3262 3197 3050 1179 952 3366 3499 1402 377 211 2527 1435 1704 494 1102 1309 2183 981 845 2841 484 180 1385 688 2181 680 1885 514 1921 1932 240 2 296 909 293 3308 546 2038 1403 770 767 1652 2528 279 762 812 750 2035 527 526 809 523
535 21 792 416 331 424 607 335 67 69 1001 609 72 73 336 337 597 91 340 629 634 450 138 796 1195 797 158 462 353 663 665 109 463 54 328 369 370 193 208 1159 720 733 235 562 237 748 749 261 413 260 987 267 769 541 548 1316 1180 584 585 586 20 33 49 854 703 165 1065 1621 518 1231 941 246 1025 251 255 268 1107 269 855 1357 243 532 538 286 1222 288 391 544 779 394 817 552 982 458 1040 389 1011 244 1865 1066 1115 474 172 1336 176 475 1337 364 478 1338 181 485 242 186 367 886 199 202 501 504 372 373 207 218 221 507 225 883 1792 1581 681 180 844 368 495 1585 206 1500 1043 1504 234 525 258 809 1491 526 278 762 767 783 292 566 295 309 875 571 2 315 26 1592 28 365 680 960 22 25 31 961 820 1111 43 409 821 1126 45 411 481 47 53 57 63 432 104 128 147 150 1382 466 1147 360 1885 326 324 594 824 7 1424 41 553 322 323 46 604 1129 431 615 90 438 1 617 112 342 117 120 344 345 126 141 142 459 152 157 905 2161 568 300 816 601 1054 437 620 1723 445 341 1006 1008 2102 362 482 179 486 187 696 198 375 512 522 1560 1218 274 275 283 285 815 543 289
541 2093 353 1280 599 596 954 541 3102 752 1939 1795 261 748 2427 193 1087 1383 117 342 112 1483 340 615 625 1061 1765 665 165 1011 1065 475 1668 367 1617 207 957 2104 232 1895 1621 1459 532 298 551 629 178 657 21 621 633 1275 166 365 1493 701 1500 213 604 2022 580 155 1 1871 285 275 527 988 759 762 783 788 1366 571 594 1528 626 81 348 641 952 258 831 53 100 1769 922 606 2199 198 721 685 1043 495 870 676 2028 77 768 2512 2205 444 50 45 31 1684 25 23 22 1474 544 958 244 188 467 1849
543 552 921 268 1810 320 1362 128 783 309 70 850 510 253 1128 1304 157 2427 261 1946 995 452 135 1266 373 242 1738 270 394 559 286 844 1308 2231 1585 1043 1780 835 2528 52 2320 1286 1373 1292 217 1514 2658 1037 1632 1122 25 2593 2594 1126 1131 832 63 967 1272 96 98 102 830 2340 2284 512 815 1331 1332 1115 3224 1016 202 837 957 2349 1809 255 389 1564 534 1351 1892 450 1001 289 553 46 428 86 1912 2974 142 152 473 1040 720 1888 29 1103
546 2983 893 1001 69 1441 2811 67 424 416 1889 3247 3031 996 328 1599 29 316 1531 336 2156 2724 1727 1606 1288 1390 136 556 452 1657 896 1061 1114 622 1057 1796 1055 2725 834 954 20 1181 261 1505 562 3299 1368 1646 2698 260 208 205 369 703 842 979 473 1383 1877 151 854 529 584 2081 579 4 3 549 1946 987 2229 282 917 858 537 1090 1172 1170 541 927 158 837 928 269 268 754 255 251 250 1459 1025 1231 1866 808 242 1557 919 851 246 889 532 1993 1362 394 1469 779 1100 565 1677 389 860 1222 286 534 1028 272 1739 1217 1376 167 806 714 1337 1609 1336 474 1115 467 1335 1730 1065 165 464 1728 1290 161 1765 353 1011 1553 684 1338 373 2754 1854 1552 559 1449 1614 686 2012 1668 1097 1203 1418 2279 485 178 186 1431 157 1141 212 209 1435 48 1998 197 196 1310 1585 1704 493 844 2065 180 2169 365 848 1150 2258 1590 1805 2481 28 5 1597 788 547 1043 783 1944 775 770 2528 278 1651 525 2186 1528 481 1258 92 2469 1272 432 612 1271 900 93 1749 2146 921 334 827 2597 826 1905 78 1086 555 1790 1382 1638 1637 153 147 1919 146 104 1257 973 122 636 121 1915 1884 1632 128 551 1324 878 1424 1381 580 1423 1119 568 1464 1785 862 1744 2087 283 756 810 522 2198 2130 253 553 1128 2357 2270 142 1634 904 628 113 322 617 90 87 615 431 81 428 1130 1134 829 563 1457 1334 1196 1542 1781 641 132 131 1608 1373 1060 1722 443 107 2332 1113 1842 341 1354 1666 486 512 1454 224 1349 375 1348 802 1546 1977 1670 1343 697 1342 187 2790 801 200 1575 2916 25 1125 1425 1810 318 2592 2591 1111 409 1629 31 23 313 18 13 312 1627 1123 821 1301 45 552 44 109 323 289 510 1671 807 1995 1366 50
547 224 375 200 2010 1006 107 807 196 278 764 309 510 64 512 341 810 285 815 1747 553 322 323 46 90 189 112 193 748 2034 563 1829 51 923 518 242 1 2291 395 9 1298 31 1810 409 45 48 50 858 57 63 75 1271 92 93 98 1112 105 1632 121 122 128 146 835 680 583 347 937 504 207 806 232 1621 248 853 268 389 1993 273 1222 288 779 552 1344 1669 564 172 178 49 330 607 1001 336 129 2009 896 20 1011 644 1289 353 161
548 662 695 1671 1569 269 3000 3225 565 3017 1320 1848 1523 346 253 290 1 157 1415 2153 921 2697 2712 579 844 901 134 154
551 331 529 1090 281 2037 541 1047 2336 583 791 396 263 586 20 954 549 260 748 388 439 91 1283 1057 376 720 261 721 1368 2305 562 237 1657 387 1646 1660 316 1103 140 1288 1390 644 136 2002 129 880 1061 2337 1005 625 340 109 1760 108 1797 148 2083 927 1289 49 327 328 329 413 597 1056 1604 29 1055 2171 72 1001 68 335 607 2295 158 427 1725 367 1765 855 2052 520 255 254 250 564 248 2395 247 246 890 245 243 244 242 241 232 2919 389 270 2053 551 1363 863 305 945 2017 1072 779 565 778 288 1624 2055 538 2400 272 273 757 1739 1353 353 1558 2759 178 1611 480 478 684 176 175 173 485 474 467 1065 1011 165 463 665 1290 161 171 182 1419 559 1230 231 379 806 226 1619 222 223 507 1553 373 713 372 1617 504 503 202 208 1017 513 193 103 473 191 1996 184 2254 483 365 477 1086 1146 671 670 150 835 1636 146 128 1784 1995 125 123 122 121 1826 116 1632 560 1366 368 2425 1110 279 278 2035 262 1165 526 949 525 523 240 2033 1588 383 1043 807 1931 216 1310 213 212 2067 211 1998 196 494 773 2135 105 51 53 2882 57 2170 60 827 75 76 1270 78 1749 1271 612 903 436 1631 866 98 99 555 969 101 102 1112 50 2352 48 411 395 1575 2089 9 310 10 11 577 18 313 1628 22 23 25 1684 31 588 34 318 40 1810 409 320 44 45 326 183 2038 2322 604 1686 603 1033 46 323 322 2022 1255 39 2494 1424 36 1124 1381 1031 7 1118 1 2493 913 300 815 1269 283 1129 1566 59 865 471 558 167 652 458 2270 145 1140 1139 345 124 344 343 120 119 118 117 342 112 894 618 2161 440 1134 90 79 293 1268 274 878 84 1757 83 70 2637 3501 64 594 1715 1183 1600 324 992 28 26 3150 1950 926 2001 5 2 295 550 547 2299 275 2165 107 1358 2111 515 510 228 227 375 802 2334 696 1292 486 1546 1666 170 469 358 355 352 1542 881 341 445 2008 2912 2101 2365 85 47
552 779 193 374 720 540 541 586 1103 593 49 877 1092 2039 622 643 158 462 250 1083 1527 1634 408 395 18 555 122 1400 719 216 785 1274 28 1759 107 445 346 1095 355 358 187 324 313 1575 641 231 202 1449 485 478 1332 1005 1057 25 44 826 969 1112 1632 832 1367 147 1165 547 2 263 512 1354 12 1255 112 628 157 1584 1558 261 242 391 1868
553 1705 1324 107 341 486 2234 187 203 375 510 512 2785 275 290 568 322 323 90 617 1910 1828 473 183 374 720 562 2034 553 336 261 1392 367 889 243 1231 250 255 270 559 273 288 565 1100 1378 942 1362 1363 2087 534 824 475 1065 1795 987 1168 584 585 586 20 29 474 593 328 1321 622 1761 796 1727 353 1011 49 1528 1607 875 44 409 1364 25 1342 128 1632 47 893 1222 1359 552 4 834 28 2284 286 1905 1695 105 1948 278 525 1780 1043 612 1585 844 1402 632 365 680 667 1144 636
554 703 282 769 1172 854 260 1646 1368 721 541 215 849 1276 562 2229 1814 991 1057 1796 1957 2915 2724 2156 336 1001 2152 4 1442 424 996 49 1103 29 584 1316 15 1369 1441 702 1909 2240 1747 2894 2678 1381 1475 580 14 8 2343 1470 1464 1804 1568 1788 1988 289 543 1785 553 322 323 167 1431 1141 2270 141 119 628 112 2339 1137 1846 617 968 90 795 87 428 46 618 1059 837 1114 273 272 1251 286 1359 288 1377 1676 565 1378 779 817 1362 552 1864 1351 226 1564 1116 270 1459 1117 379 380 919 1555 1557 232 242 1738 2243 1025 1809 853 255 754 928 285 1993 1662 507 1553 1765 353 2288 1607 1606 1288 139 138 1390 640 1191 1061 1961 1328 110 109 1891 1331 718 662 1011 373 2049 1671 1392 188 1669 1449 1097 1014 1266 1611 1337 475 1798 467 1066 1065 165 2087 214 274 334 2801 826 58 326 47 45 44 1126 2797 2145 409 1125 1425 1364 407 1111 63 1123 921 78 122 121 1037 633 632 1884 1632 1366 105 104 1823 830 2216 2979 96 2319 900 2601 31 23 18 118 79 2024 2494 283 275 510 352 878 324 1165 2425 2094 150 436 57 25 120 344 124 345 1298 13 11 1363 394 2017 251 246 123 243 504 91 335 66 281 529 263 388 1799 1995 1631 128 2890 341 127 2320 616 1113 64 423 824 1528 594 992 1656 5 1315 2432 875 2643 641 454 1542 2238 746 253 741 2284 224 2658 1979 567 1349 1452 200 696 1293 2790 1292 3087 174 2532 309 107 783 180 1385 1086 680 1085 1885 1258 1639 1382 1637 2290 153 835 788 1636 1919 146 2254 1432 147 2148 1653 2147 1651 258 1466 2621 240 234 807 278 212 1435 1998 197 196 1997
556 375 2169 180 1926 767 309 70 1528 824 83 341 201 1977 365 5 481 57 1257 224 313 25 31 1364 409 671 47 2921 1131 63 1112 635 122 326 510 1604 285 3 2202 424 135 1065 1615 559 218 1251 274 552 394 1422 532 269 1581 268 157 1305 22 632 1037 675 1151 688 689 844 1997 292 1715 107 177 512 12 117 754 272 243 328 996 65 1001 336 622 450 158 1332 1011 1066 1115 176 251 364 49 20 353 579 584 223 373 501 367 543 289 1449 323 46 615 795 799 703
557 2752 1895 1116 218 204 373 247 2393 250 304 532 276 911 929 551 305 779 1297 367 1675 485 71 474 1755 33 955 602 2054 1957 1604 439 1004 1005 879 1243 133 643 660 1289 2412 1290 1798 175 2400 711 389 687 1881 684 1609 2820 171 467 1011 165 665 163 162 161 159 2368 462 2295 158 2124 956 958 178 182 252 564 248 941 518 737 243 232 1117 957 225 221 207 1617 504 1947 885 186 1097 181 390 1698 766 196 213 3148 1931 734 383 525 258 526 262 264 1592 278 1944 2186 1048 1404 1051 2483 495 1926 870 1493 2174 960 403 23 318 326 48 55 1749 2484 946 947 441 973 457 146 147 1637 360 1771 1631 541 70 1759 618 2093 2684 361 155 1582 369 1584 1497 908 935 235 382 1089 1834 1396 986 536 537 2499 95 431 932 2912 2193 346 348 641 1009 465 179 187 2101 228 512 2198 530 1295 1 1576 2200 323 419 510 1967 111 1725 787 295 909 293 393 292 770 2185 759 988 296 1754 2184 377 561 209 1498 984 706 493 368 560 735 0 2 5 645 1287 630 2890 626 341 445 443 88 1407 829 415 1183 1600 324 1387 926 3142 1521 952 398 3228 951 191 907 906 701 76 75 63 60 2248 53 51 50 411 1108 34 590 2021 1299 31 21 792 1682 10 575 2236 2362 395 1270 1781 2176 1271 490 2841 487 483 365 1922 661 1275 150 1101 2296 128 1784 106 913 103 102 2251 97 92 1479 2363 1365 78 648 882 3060 925 1940 1938 950 260 261 387 748 238 237 721 215 1830 208 1499 374 205 2566 193 370 705 192 183 3103 1490 1047 573 129 109 1536 336 73 72 2039 607 828 1093 1529 54 413 329 412 823 1103 321 29 954 1756 953 581 1709 2576 1489 472 300 780 2560 289 1871 285 275 2197 2105 740 1421 726 3082 1861 375 715 1452 697 1104 358 1008 357 144 1032 681 1473 39 674 656 152 1570 145 126 971 115 114 112 1480 865 79 611 606 422 59 1035 46 1882 322 2022 1577 2495 1657
562 540 545 586 593 1953 1527 412 1278 1057 450 643 1007 536 363 242 385 1249 250 269 2428 1872 1296 565 1301 433 1546 559 854 912 506 310 18 235 961 37 432 844 278 547 309 1417 130 1064 2960 486 167 348 157 1570 849 117 142 966 1128 512 510
566 822 49 597 416 1321 67 1057 1001 433 89 91 321 2039 29 238 586 991 1240 541 540 281 751 987 260 261 2069 625 1812 935 316 447 1014 1539 242 657 510 3012 1043 552 945 817 1987 534 389 1778 889 373 202 1344 559 506 363 467 1066 165 665 161 462 2412 1606 1288 1063 1573 374 176 1582 1528 415 594 28 1242 5 2 292 1945 278 196 189 844 351 147 1101 1257 18 9 1040 23 31 37 614 409 57 900 102 1366 1632 636 411 443 407 348 471 130 842 142 124 344 343 120 117 112 1134 2497 79 932 62 345 46 1095 486 187 1303 1345 512 253 681 300 553 2895 756 1464
570 1386 1644 260 261 749 388 387 1162 748 2427 238 384 1089 382 562 263 233 935 728 1584 2136 1158 1501 506 374 707 1646 207 2009 159 705 171 175 1609 478 956 182 185 3123 2817 1448 1507 1204 1018 2172 2104 1555 242 2919 269 2054 1378 1072 790 2018 199 703 617 1792 968 90 615 79 1769 922 2950 428 421 1398 604 1686 438 419 323 322 2022 553 1577 408 42 41 39 38 1424 1289 1033 1822 95 100 1582 2271 2989 1581 674 1306 157 152 652 145 1779 142 1228 141 345 124 344 343 120 119 118 115 2500 628 113 894 1256 702 927 3206 1725 1043 2418 1651 775 292 0 1049 2 952 1747 1183 1715 3162 1051 1532 84 1842 2101 2890 358 1972 198 224 1861 850 3082 824 213 212 2425 1078 13 2247 406 37 1126 50 826 1631 97 98 830 1790 913 1750 632 1995 127 1275 661 2169 1153 2841 1641 184 1700 701 227 139 2237 2785 1368 986 281 1709 579 1522 2399 2713 33 955 321 822 720 2405 73 2137 1846 1059 1662 3063 1762 340 1005 1061 450 1764 828 1160 376 908 1742 290 300 8 19 1124 36 46 2092 59 2321 2024 87 2499 1483 1137 112 117 2061 126 1141 1083 167 799 183 193 2507 742 1300 2848 1475 1639 156 1637 150 835 147 146 2028 457 2296 128 1784 125 123 1633 121 1915 1037 633 915 1884 1632 2352 105 104 103 1112 166 102 466 1146 1503 1498 206 197 196 2255 1704 2148 195 1495 493 191 1996 1886 489 2254 2402 844 2253 366 1385 483 365 169 1085 1258 923 671 969 555 866 43 1810 961 590 588 31 1684 25 23 22 21 1254 2090 313 18 312 11 893 10 311 575 9 2373 2089 308 395 1896 1125 409 44 45 93 436 82 1365 612 1271 900 1749 78 77 76 75 2601 211 610 827 60 333 2223 914 58 57 56 55 53 51 48 47 63 2678 561 216 201 2292 1670 696 1293 1974 2011 486 1546 174 1666 469 164 356 355 354 352 350 349 144 2074 2555 648 1006 1095 348 1664 203 2644 505 1862 1031 7 1 2057 2365 1395 2560 2219 289 815 2016 1269 1871 285 283 3165 275 274 2198 563 2105 940 1421 512 510 724 228 3014 626 341 2008 1597 2628 309 566 909 783 1048 781 773 1708 767 764 1652 279 812 527 526 809 1466 240 734 234 1932 514 807 1931 1586 5 401 587 3362 2044 107 3234 1113 2006 1054 85 1757 1003 2099 74 70 1815 1930 64 601 600 415 414 594 1600 324 2549 2531 1387 30 1229 1714 423 27 638 532 504 1617 713 714 1553 218 507 223 222 1673 723 1116 226 806 1799 1117 379 231 380 1230 511 204 202 897 1344 165 1011 467 1798 1115 1336 176 475 684 364 2173 178 1547 181 1446 1549 2977 2047 1449 1669 1615 367 1014 1022 1558 232 2400 276 538 1294 286 287 1222 288 392 1100 958 779 2283 892 2017 394 305 1363 551 2019 1768 552 2106 2208 2423 273 241 244 243 737 1621 245 246 248 1025 564 272 251 255 2052 1782 1459 1795 3156 271 1986 1739 1219 254 665 220 663 1001 1000 69 1441 2039 424 66 602 1889 2717 72 54 412 1527 328 327 49 937 1439 1599 29 316 996 1657 2005 1055 1892 1963 129 1724 879 629 2575 625 1328 110 1957 109 108 1371 2205 1797 439 163 1283 910 1057 1604 1761 2308 91 2854 135 640 2278 1965 136 644 646 138 2828 797 134 1727 155 158 353 838 1765 1893 1076 161 1290 954 149 452 154 133 20 1192 586 2081 1316 581 2162 1596 548 1047 541 4 280 1513 2119 896 1787 3329 529 1938
572 562 733 934 720 215 374 193 502 458 1235 261 966 90 1238 541 158 581 513 385 323 939 188 363 579 1408 2039 998 49 823 937 321 1758 2022 211 12 28 0 2109 1402 560 351 423 418 310 18 313 25 961 247 395 14 70 347 959 1029 2302 1767 2354 275 878 940 1104 358 357 356 348 131 1546 272 326 542 911 255 2392 3302 117 2092 419 625 429 16 319 303 299 392
574 379 226 225 223 222 507 231 508 1230 739 1267 241 243 737 518 941 246 248 232 221 218 805 467 1200 171 474 1609 475 364 478 1067 1338 687 1611 178 691 220 1014 182 186 1015 188 698 559 199 202 711 504 1617 372 373 207 181 1782 183 665 1089 236 237 238 239 872 748 387 2069 261 260 1507 1795 528 529 267 1168 1787 1593 537 281 925 1047 2900 2570 782 573 562 578 1753 728 1139 1140 141 142 459 655 1570 152 656 674 167 799 905 681 473 979 1490 916 1307 564 369 370 193 205 506 208 908 233 1066 583 317 111 2575 629 1573 631 879 129 1063 896 133 135 1725 2576 796 139 1195 2207 1606 657 155 2124 462 353 838 1076 663 162 340 1952 3063 91 29 1599 33 593 49 327 413 54 2879 597 416 417 331 602 1093 65 335 67 999 69 71 73 336 427 1758 1957 1055 108 250 1595 2052 375 802 198 469 1199 1334 664 1008 1209 354 1006 453 348 637 833 437 88 2165 350 878 224 1068 795 615 932 421 1129 2495 2494 7 512 402 543 815 1269 1871 743 742 519 940 816 1003 1805 324 672 457 106 441 612 2374 610 418 1922 53 318 37 899 1122 18 16 570 308 821 843 487 845 2123 1182 32 30 1714 1049 2071 1838 909 293 1048 750 809 1590 1588 383 1156 493 560 440 446 894 117 713 503 501 500 499 498 367 485 714 2463 2520 2739 2462 176 2736 363 1011 165 684 1019 957 806 855 389 1739 538 1222 1296 544 779 1072 394 1363 551 1768 778 291 1028 1355 244 380 2518 1069 161 158 541 772 2037 936 384 1044 934 2305 390 721 502 2565 871 707 1087 842 690 471 374 126 1596 400 154 797 138 450 2976 1371 623 94 439 1056 1604 1389 337 825 595 996 328 314 584 837 345 689 344 191 189 907 906 701 490 1493 844 365 1151 682 680 360 676 675 671 466 166 669 667 1144 661 461 1275 150 368 706 495 848 875 309 296 787 550 785 784 292 546 1110 770 1942 835 1592 262 526 258 525 523 234 1586 719 211 1500 206 196 264 2 654 128 590 820 1111 34 2593 40 409 320 411 47 326 48 50 51 57 124 58 826 60 827 63 426 75 78 1749 588 1299 31 25 973 636 619 104 102 98 947 1429 92 1479 436 903 143 1271 395 2470 1078 310 311 10 312 2247 313 21 22 23 430 5 688 399 1577 398 405 1124 19 14 12 1032 1030 1 818 2386 2022 300 780 289 290 776 285 283 535 760 275 1220 1218 756 1074 1468 2113 323 343 120 904 119 118 342 628 112 1483 2807 618 95 322 617 968 90 86 2025 431 81 79 2950 428 1398 1033 46 438 522 41 515 84 616 620 443 1763 445 83 341 346 645 648 649 144 650 1374 74 1324 1002 952 2198 315 1242 27 1658 592 1600 1183 1526 1715 594 415 600 423 352 356 404 1009 1333 725 510 230 850 505 1452 201 492 696 187 1293 486 482 685 1861
575 788 847 560 1886 365 169 1885 1637 147 2478 123 122 121 1037 116 632 832 2148 197 1590 256 566 1714 443 341 1542 349 354 1198 309 801 1452 1632 505 375 783 224 1048 809 201 104 50 1429 11 565 1677 1676 1377 2129 1376 1028 13 958 1993 389 532 255 251 1025 850 551 272 1112 960 1122 80 78 76 63 827 57 53 48 18 326 821 409 1301 1810 2091 1111 31 25 45 510 288 742 1738 1422 276 919 1351 226 1116 218 207 373 202 559 1015 800 512 684 475 176 1065 1011 165 665 162 182 178 1066 644 246 23 318 60 75 2176 128 1275 844 1432 807 161 1358 36 932 145 1172 925 396 1316 336 108 1114 2009 1124 353 478 640 780 818 42 408 1577 553 797 537 205 1582 799 152 289 1770 1140 344 1137 90 86 431 1227 1130 2092 419 1033 323 141 322 815 822 625 1328 109 1846 1057 1055 1531 335 424 416 49 3194 760 2022 1599 29 20 1181 584 1946 1047
576 49 33 793 541 224 1796 283 1269 289 1224 1988 19 1747 553 322 46 2024 152 1646 562 1220 136 222 151 945 302 779 1739 1993 389 251 246 243 797 226 225 801 1018 373 1015 364 1065 162 353 1116 179 202 341 2592 1108 25 9 1252 941 518 485 478 1899 363 1 517 346 2008 278 214 1997 310 1666 822 407 321 409 107 1810 878 1051 2 770 1998 196 466 147 807 1823 830 103 1429 1271 75 334 1915
577 413 20 314 33 2714 49 1103 823 328 585 321 583 545 1316 579 1369 991 4 3 1596 549 548 2707 774 2705 54 1180 596 1371 1321 450 879 629 447 1005 625 340 772 622 94 439 910 1957 1282 1758 1053 427 336 1185 69 2003 1094 67 335 998 65 331 416 814 562 536 717 985 374 1238 193 369 703 183 1582 842 1307 1698 208 841 473 681 905 1383 1306 157 152 1570 655 1038 145 142 979 2305 728 934 2838 1787 529 987 854 263 1396 260 261 749 2702 387 748 384 237 1647 236 516 1089 1260 1243 1753 1999 235 233 733 935 537 896 1115 644 1869 1356 754 255 251 250 2529 2243 1738 246 1231 1098 518 243 244 241 232 1558 513 1800 1557 511 851 1117 889 1351 226 1782 1116 268 1675 552 1363 1569 945 2468 817 394 779 1378 544 565 391 288 1222 286 2055 538 1987 534 533 1217 270 389 532 1216 531 855 269 135 507 220 475 1411 176 1336 172 474 451 1066 1065 1011 165 464 665 1332 1331 158 155 658 836 154 151 149 797 1607 139 796 1390 684 221 364 479 805 218 1553 373 713 372 504 1860 501 500 498 202 939 199 1344 367 1392 559 698 188 883 186 1418 485 181 178 686 478 904 189 117 1785 591 964 553 322 46 1128 603 1129 605 2496 422 405 1227 966 81 431 795 90 1134 968 112 342 1147 671 466 428 1747 1898 1473 2127 522 2490 1220 275 535 283 1767 2087 285 777 543 290 289 2560 1360 300 2534 568 818 1 1029 959 8 1233 12 14 166 669 1382 667 821 409 1301 1364 1810 407 912 37 1111 820 31 1684 25 23 22 403 313 1122 18 1474 893 311 9 308 1575 395 675 320 2785 1126 326 1144 1400 661 351 457 1257 636 633 632 1791 1367 627 1632 105 2476 1112 102 98 432 612 430 2601 63 333 1131 57 53 47 563 1354 1421 1590 525 257 258 809 262 1438 2868 278 1045 762 857 2080 2528 764 539 767 1708 783 293 909 1838 2071 547 788 1948 309 736 875 1504 1310 360 1695 1885 680 978 477 1151 688 365 1491 1385 2169 1697 487 844 2866 845 489 701 906 368 495 1585 206 1500 561 213 1043 119 2 2433 1008 1198 1009 1334 1199 465 469 170 177 486 187 696 1343 198 1106 203 802 2013 803 505 375 224 1453 2284 850 510 512 160 5 356 1006 1182 592 1600 1183 594 414 415 1528 824 70 1324 613 614 84 1417 1284 443 1723 445 341 1373 346 347 130 348 1095 2045 355 676 1926 1080 310 960 961 899 931 1058 517 740 2913 932 674 1040 937 242 385 1619 941 1251
579 769 281 937 1103 321 953 1241 314 586 579 782 861 925 1046 2037 529 348 261 459 840 674 361 1698 1582 369 705 193 985 208 823 237 1044 748 260 328 337 413 372 507 1351 241 244 243 939 518 246 250 1739 778 565 779 941 478 172 474 597 1093 607 335 67 72 1323 1326 142 2514 1057 91 462 161 464 329 117 512 2161 57 432 1479 128 481 487 50 191 493 1500 2376 1586 383 736 368 525 326 25 186 158 593 652 145 119 31 323 453 1715 2028 310 792 18 357 257 1165 262 346 645 1006 362 187 394 1374 519 1 1029 1032 322 79 431 275 341 445 107 759 1592 278 2187 295 296 2 5 1949 926 324 1600 1183 1815 88 446
580 748 2385 1393 1473 1478 932 142 681 208 721 1089 187 1505 1240 314 2819 478 373 1231 1107 269 389 779 1835 3087 586 348 486 820 37 1374 1612 289 733 1396 1336 2012 941 3231 250 881 744 1242 547 1102 965 831 326 961
583 2517 434 433 2338 2515 3201 467 665 2518 1065 176 67 2462 158 597 345 328 2739 1822 2161 118 361 1832 329 2305 382 748 987 2118 2307 1103 733 2520 1025 479 544 1071 1872 2428 542 534 270 2394 2355 247 246 513 225 507 713 2315 1859 1201 1202 2309 2310 1731 1204 2463 1205 2313 1669 2746 1207 2521 499 1206 932 496 1132 2297 279 857 1173 2780 750 2377 735 383 1402 1310 494 1703 981 487 481 477 3409 2585 1682 18 318 319 393 409 418 2778 612 621 457 2609 326 3438 926 1805 62 421 2496 1686 1128 2304 2674 3208 1119 1223 2492 3100 2491 1458 1867 2301 510 3254 70 1417 1723 1775 1663 28 486 1816 1858 3249 2013 3263 2160 187 945 1850 2 243
586 2302 1063 665 243 518 1053 328 1107 1236 1396 478 941 321 236 261 1041 1303 952 278 457 619 960 37
589 618 117 617 251 1679 756 512 375 505 1038 187 568 1696 545 193 506 237 2153 260 986 987 1787 541 486 586 1582 469 326 3047 255 792 18 23 31 1111 37 40 409 821 45 1334 29 680 844 209 256 525 1651 762 5 1658 107 1723 2541 994 854 67 431 1128 323 198 130 547 809 1134 416 57 407 318 313 531 534 1222 102 1916 681 473 507 373 165 353 151 796 433 1094 328 49 584 1596 936 733 208 374 842 391 817 1039 158 1611 2462 1798 1066 1065 1011 485 464 1007 1606 447 1053 336 1001 665 559 178 2126 1231 254 389 1028 392 565
590 889 2129 286 272 3017 244 532 389 250 754 1675 928 2282 248 1377 1326 565 433 822 573 932 275 130 1296 2226 37 242 378 552 551 1297 278 718 140 372 761 1592 546 293 788 951 2261 28 824 3251 614 1373 881 1410 348 645 1777 373 39 1381 959 1395 289 1998 253 510 187 685 358 357 355 741 494 1102 844 50 48 2797 409 407 319 2248 2021 1254 2090 313 18 1627 310 23 322 827 921 180 466 147 146 1995 1633 63 636 2178 1366 913 101 612 76 121 323 553 604 2039 1001 72 336 1055 1604 91 108 1891 1061 136 1390 796 2075 1007 1765 161 2210 500 202 1552 559 1669 603 181 178 363 467 1011 665 1290 1545 67 1094 424 1584 193 1696 799 1084 1083 607 141 119 114 1134 87 1235 422 126 721 374 1260 413 412 29 317 586 562 541 782 1277 1090 260 386 236
597 344 150 118 343 345 688 802 1617 373 507 226 1351 2349 244 243 1866 246 564 251 2052 1739 272 565 779 305 552 894 2807 185 95 162 1289 458 471 1581 193 1368 748 388 749 529 541 1756 954 995 328 335 72 1055 1604 1056 135 136 161 79 2024 1033 1491 10 23 31 1299 55 57 2248 1270 78 900 1271 97 101 121 122 128 835 671 675 1151 1385 2409 213 689 1128 323 322 553 1473 1269 2056 275 274 512 124 230 352 645 341 107 85 70 2 0 783
602 3047 1572 1382 1512 1238 3233 692 1570 2060 802 131 1789 2179 835 975 668 1571 2230 2254 1699 807 2379 2188 2433 2972 146 1240 136 1147 278 2238 506 733 1442 221 1197 130 553 1582 1288
603 1675 754 1561 254 1025 714 928 246 532 389 757 276 1251 286 1222 860 288 391 565 1100 531 1231 889 243 373 372 2796 1552 718 367 559 1550 1449 186 1668 544 1547 1014 898 723 226 851 232 732 242 385 394 1498 552 258 526 264 1651 761 278 691 2429 2888 525 852 935 562 986 65 607 2039 1007 941 1297 2558 256 1648 1588 654 150 1488 661 1382 466 1147 360 2611 1697 844 191 560 1927 1786 495 1585 211 213 1310 1043 1569 178 1125 687 505 2656 697 696 187 486 2102 2076 1334 2488 649 1542 648 1193 454 130 637 346 1373 626 1663 3235 443 1417 1058 620 88 616 601 375 600 2284 1023 1747 1381 1473 2020 1031 1119 1 568 1470 1464 1804 1568 786 1802 2560 289 543 815 2087 283 760 2198 2197 253 249 743 741 940 2659 512 41 824 594 1136 900 76 921 2224 63 58 1904 53 326 45 1126 821 409 1301 43 318 37 34 31 25 22 21 18 1627 893 1575 775 863 1366 415 915 116 592 992 30 1229 28 1598 1839 1712 951 5 1404 1597 1049 875 309 787 547 2071 2546 783 147 146 2028 128 1995 973 636 121 635 632 2895 2422 1302 622 2406 1370 1057 89 1536 2007 1282 1326 336 1531 1001 918 1094 608 67 2002 1660 602 825 416 597 3106 996 1527 328 995 994 321 109 1599 625 629 478 1337 475 363 1798 467 1065 1011 165 464 463 163 662 2412 158 657 148 2075 797 1607 1606 139 796 138 1390 643 896 631 1061 1005 29 586 17 655 974 141 1916 2448 948 114 1484 1483 1825 617 1134 90 615 2114 81 932 1769 1819 1235 605 1129 604 46 323 410 322 553 591 976 1083 977 681 1369 2202 573 548 2336 774 1312 541 772 540 769 1787 260 261 1266 748 238 721 720 1501 2116 1238 1040 2339 488 1582 2064 692 1581 473 1506
604 178 837 158 1289 659 836 154 2338 151 2295 149 1727 797 796 646 644 135 452 3179 148 1191 462 838 364 1730 1337 176 1336 172 474 1115 353 3077 1011 165 464 463 665 163 663 1076 2957 478 450 3038 2002 331 825 416 595 996 328 327 65 49 3194 33 1599 29 793 1951 1241 586 994 834 424 2844 1539 629 447 625 340 108 1371 622 335 1057 1604 2007 1758 554 336 1001 69 2003 89 585 480 224 600 3161 3131 3262 2294 70 2217 1002 824 1324 1003 83 84 616 1605 2332 620 1722 613 1723 3035 3160 550 295 1519 309 875 2631 2 5 1805 2480 3070 592 2971 324 1840 2481 594 3196 1179 2160 2008 346 187 696 1342 492 3076 2267 3108 198 3133 201 2013 2353 803 505 375 2557 1618 2658 802 341 486 179 347 2436 2300 130 1781 2074 352 354 1546 1196 1334 358 469 683 170 1610 482 1612 1008 566 1181 583 1424 2831 405 1747 35 1124 1994 14 41 2674 1119 7 940 932 1326 911 1252 402 12 1118 1577 322 615 431 2355 1748 1132 428 421 2843 1255 59 1129 604 603 1034 2166 1128 46 323 605 2351 1 862 746 253 249 742 563 519 740 1354 522 1024 1456 1352 512 1021 725 510 227 850 1457 568 3359 810 300 297 1360 1991 1224 289 543 815 2335 285 283 760 1566 275 274 1220 1218 756 2087 584 795 438 749 388 2702 387 748 3007 239 1706 260 384 516 1753 1999 233 1833 733 2032 2305 237 720 263 528 1180 581 579 2992 400 3 1178 791 854 548 540 814 537 1172 873 277 1168 987 1946 1134 1159 908 152 459 1038 141 451 1140 1139 126 656 344 342 113 112 1875 618 440 3171 617 119 376 157 471 208 717 985 2426 205 1238 1584 193 799 370 2359 842 1307 1149 979 473 681 905 703 1177 1014 2379 532 389 270 856 811 1739 273 1028 533 534 538 1221 542 531 2523 1222 1359 288 391 1677 565 1100 779 394 301 817 1362 1569 286 855 269 1107 226 806 889 379 1455 1865 513 241 242 244 243 385 1621 808 246 247 248 1213 2529 1025 250 251 1809 1214 255 1622 754 1782 268 1363 957 551 1479 1810 40 407 319 318 1111 820 1123 31 25 23 313 1122 43 18 792 1627 893 311 1078 9 1077 1120 2089 308 1575 395 547 16 409 821 320 432 1365 612 967 900 80 430 1749 76 2602 426 921 63 827 60 333 1131 57 2778 418 2836 1426 51 50 48 326 47 45 1126 1768 723 1231 223 680 978 1086 476 481 1151 360 688 689 365 366 2169 180 484 2286 675 1147 672 975 150 1275 2779 1838 1144 667 668 2071 222 1382 166 466 670 671 693 653 487 701 1438 1592 762 2528 764 539 1165 767 1175 781 2625 292 293 909 1110 949 809 258 906 189 368 195 848 1585 1156 206 1433 1435 211 1310 719 1402 1466 844 147 1921 2940 1448 3209 1204 2744 2465 1015 559 1919 367 3009 897 199 202 498 3224 499 501 1860 503 711 504 372 713 373 1733 207 218 805 220 507 1347 2817 1016 1203 128 636 121 633 632 915 1097 621 105 1112 1367 846 800 2280 2279 485 181
609 1229 681 690 1584 733 1089 1396 854 1513 925 541 782 545 167 157 1 90 348 1597 355 469 1104 1464 112 362 187 1618 740 278 2922 959 486 1592 191 560 1064 517 1029 1255 1236 932 1387 1701 579 321 336 1063 911 1252 935 1045 262 360 121 57 1080 1901 326 409 37 2021 31 1122 18 960 10 310 396 1102 586 1006 1103 363 478 713 714 242 243 1245 941 1107 314 1766 392 779 945 250 158 269 927 1007 937 593 328 329 1320 1841 49 335 2424 1053 433 1326 1282
616 157 1316 336 1447 532 1738 273 942 411 1117 63 1349 1632 121 147 212 812 341 187 512 8 553 46 432 2911 1687 893 1112 896 898
617 3116 409 326 973 975 1102 1495 1585 197 783 775 1111 3235 1373 454 187 1381 1590 18 157 854 121 561 1945 2846 1284 341 355 328 486 512 522 959 323 1128 152 1785 375 1326 2851 431 1379 945 817 394 389 336 531 269 2243 246 941 243 242 713 478 364 1337 1012 135 552 1819 863 565 615 142 1643 506 1647 541 579 1278 1057 1390 1092 1007 353 464 1065 467 244 564 1564 1297
619 310 328 593 581 267 263 260 261 387 237 370 369 183 905 471 840 157 152 458 342 446 1128 46 322 964 1473 308 851 413 389 331 1323 1351 1363 817 394 391 860 531 269 1107 251 246 941 518 507 373 372 9 698 478 364 474 363 165 464 462 1063 340 1093 243 367 1053 365 843 845 368 982 807 526 1239 759 293 295 296 2 399 315 360 26 1144 461 25 1266 820 1301 411 326 826 900 82 102 121 1101 146 835 150 661 324 1220 2044 594 208 192 1582 2226 938 278 959 300 1596 1698 740 517 801 170 469 354 347 346 341
622 1582 1698 361 458 932 187 2675 1464 289 1095 130 1238 1381 721 135 854 391 754 518 559 158 829 2241 336 1240 2037 1090 1787 1168 529 328 1839 473 566 0 373 2752 478 1282 1953 822 486 1474 2934 40 409 326 334 1699 1366 2603 1310 1102 2146 844 383 688 689 669 1144 1151
625 374 1070 1029 1031 38 1255 1484 342 120 370 586 935 235 772 743 94 450 1547 367 1617 372 716 1982 250 187 2184 1 748 2406 21 31 47 326 1427 57 725 636 487 495 278 1175 997 415 1775 130 2645 3090 156
626 79 1758 72 66 529 261 183 1581 120 112 615 275 940 512 2226 926 2 25 242 244 328 518 967 1632 278 423 243 1079 193 506 12 684 391 1252
627 593 1103 321 33 1599 29 1755 316 584 325 1369 991 586 1952 328 690 413 595 597 416 331 607 67 2039 1441 1596 69 1001 72 336 996 548 1089 925 1078 1077 1575 395 1582 369 707 1040 205 208 721 728 562 427 541 237 238 1506 872 748 387 261 260 854 1938 987 529 267 537 281 1044 2137 625 910 254 250 564 1025 941 1231 518 385 243 244 242 380 231 379 889 226 957 507 221 1622 218 754 270 692 37 932 935 552 551 817 394 544 1100 1225 565 778 391 1251 538 534 1028 272 532 207 1553 1019 463 663 1076 1765 462 158 797 1195 796 1390 644 135 1063 1061 629 310 340 439 91 464 165 1011 1065 373 372 204 367 559 1615 188 1449 485 1057 181 178 1611 687 478 364 684 475 474 467 1014 311 951 792 375 1209 224 2284 510 512 940 740 852 505 742 1623 756 275 760 285 2016 776 815 289 522 198 1852 187 1374 346 1287 348 1193 1006 1542 649 349 354 355 356 2125 557 1199 1608 469 685 482 1546 486 1990 1373 816 568 1825 1483 112 114 312 1149 681 905 167 2093 152 141 126 345 124 344 120 117 342 115 655 618 2161 617 818 1 1029 8 12 14 1473 1423 1381 41 1577 322 323 46 1235 79 2351 795 90 1134 438 300 341 725 443 103 104 915 1037 2028 147 150 461 2779 98 360 978 1829 365 487 844 489 490 191 560 680 333 58 57 18 21 22 23 25 31 590 820 34 318 40 409 821 320 45 339 47 326 50 53 965 1702 368 411 493 571 2 5 842 398 399 1242 2433 1050 309 28 992 1182 594 414 415 982 601 315 1003 1229 614 295 783 1585 206 561 1310 1043 1504 234 383 1588 736 258 809 526 262 264 759 1592 278 762 1708
629 211 2080 783 1893 121 1231 898 897 1854 829 896 336 3000 827 854 603 322 553 3236 512 1836 835 128 1304 1193 1083 174 622 2329 1005 452 640 1965 1727 996 837 851 532 389 856 817 2019 269 1351 1278 20 1888 1974 1343 2441 2238 1462 568 1423 580 1300 968 617 142 1306 488 703 987 1593 1198 276 702 1301 1125 326 1900 636 1257 146 1143
630 1343 187 486 355 3237 2923 137 2320 2292 1322 1528 594 2074 2441 547 1801 1462 1464 2847 568 1473 580 553 2680 2321 81 968 1256 2898 512 2534 209 1652 1633 2909 2990 748 498 1789 893 1122 25 1301 45 326 2596 2801 1313 914 900 969 1257 2607 835 1488 1695 489 1102 982 2421 1484 211 561 1131 157 121 1434 222 2232 851 1455 1557 808 1231 1738 250 2993 1782 269 531 532 1564 856 534 860 391 1676 1296 394 303 552 2152 2855 3238 2768 2012 1158 559 1368 1647 2775 1312 2336 545 2816 1439 2717 1320 69 854 2819 1265 1266 1066 3175 1728 353 1011 1606 796 896
631 541 2336 281 1513 537 2119 2838 873 260 1168 529 263 261 2069 749 1657 2034 277 316 375 328 1506 1542 649 1334 170 177 486 802 29 1454 512 1023 67 335 607 416 2717 413 510 382 81 1751 1484 1483 617 431 79 1034 323 322 628 36 1030 8 1395 289 1867 2979 1269 1223 1124 720 342 119 804 842 690 2385 1581 473 681 799 118 152 145 456 345 1692 124 344 343 120 652 2627 373 2833 739 243 244 241 513 1351 806 957 2232 1673 507 2317 2316 645 713 504 202 367 1016 246 559 2919 2467 552 1363 817 394 1378 544 391 1624 1376 286 276 757 1219 1422 268 2052 754 251 1025 247 608 1449 1547 138 136 1965 634 1061 629 109 1662 108 1371 1846 622 439 91 1283 1281 2137 336 72 140 485 797 154 1266 956 480 364 684 175 173 474 171 467 1065 165 464 463 162 1290 353 158 341 149 1374 836 445 1611 2139 1115 640 2009 450 1204 1724 599 955 876 752 728 1040 1957 840 699 255 53 50 326 2797 320 409 511 43 313 10 395 306 945 2283 25 1083 624 2807 57 2146 78 1365 1144 1382 1901 2255 1043 1165 292 1516 296 1373 2132 47 1125 1299 605 1577 19 959 1 300 780 724 187 164 1009 352 1064 881 2222 965 333 393 75 1402 1586 1310 211 1308 844 365 169 2610 1086 807 680 1885 671 166 668 150 835 146 123 636 121 2230 1935 258 809 2008 1722 616 2006 85 1532 70 324 1242 926 2001 2 0 309 788 787 761 1651 759 1169 1591 2035 949 116 832 526 1366 2251 555 99 866 97 1631 93 436 2363 903 612 80 621 334 105 913
632 1044 1087 193 1584 3246 769 1787 529 854 1507 192 215 721 387 208 167 925 1008 486 187 1343 724 253 1393 275 290 300 2534 818 8 1031 1473 580 322 95 112 342 972 1228 142 867 157 692 917 69 314 379 957 218 373 559 485 1014 478 364 242 684 1066 1011 165 162 1765 837 158 1007 2517 172 541 243 246 954 49 877 331 607 2039 625 1061 640 357 796 551 945 394 779 778 389 928 1025 248 1606 348 462 2323 1424 959 517 347 1637 2882 2983 411 22 1129 310 18 23 25 1684 31 961 2591 2592 37 1627 1130 79 904 1287 2400 269 1107 507 367 1728 340 91 416 548 281 237 2029 2270 456 124 344 1634 343 120 47 326 2504 53 736 759 1592 278 781 2794 0 2 5 807 1714 1002 1533 83 88 443 341 626 346 50 938 1310 1774 211 921 213 3385 92 969 102 1112 104 121 122 128 1632 493 1275 1086 693 2065 487 844 560
636 739 941 1231 737 518 1621 246 738 247 255 2211 1738 1025 564 250 251 254 853 1622 385 248 243 957 242 1116 524 226 806 1980 509 1351 889 1864 1799 1117 379 851 231 380 1230 1557 513 232 2349 241 244 1561 533 754 1624 288 1377 1625 391 392 1296 565 544 779 1222 1746 394 817 303 305 1569 1363 2371 551 1768 552 299 1069 542 911 1869 2052 268 855 531 1985 928 1459 1216 532 1221 389 1564 1739 757 272 958 2400 1028 276 225 534 270 723 498 223 165 1011 1065 1066 467 1200 3088 1798 1012 171 474 173 175 176 2462 475 2739 2390 684 364 478 464 463 665 162 2075 1726 148 149 151 154 657 2460 1289 1007 479 158 2412 353 2368 1765 1331 1076 1332 161 1290 663 837 508 480 1067 204 499 500 1347 2796 1397 2049 504 1617 372 373 1733 1019 1553 2905 2126 218 805 220 221 507 202 199 1552 367 686 1338 687 178 691 1014 181 485 182 185 1201 1097 1448 1204 883 2465 1449 1669 1015 1550 559 1392 2817 1611 795 1288 262 527 264 2159 2418 1171 1651 761 1511 764 1836 539 768 770 1110 1175 1944 1165 526 949 809 1310 1586 2258 1402 807 514 1043 1504 1048 735 1590 256 523 525 2430 257 258 259 736 783 546 292 1317 27 1598 28 1658 992 1182 2549 2433 324 1183 1715 594 414 824 600 423 829 1600 213 1714 315 293 909 784 2626 2071 547 550 295 1242 787 309 2432 2 1597 1404 5 1839 3142 788 83 561 1435 457 2028 146 147 835 150 1488 1637 156 351 1400 1144 669 166 359 798 466 1257 128 973 125 555 2251 102 1112 103 913 105 1632 671 1750 915 116 633 1037 121 636 1633 123 2178 672 1146 923 2254 490 1432 1996 701 906 907 189 844 560 195 1704 495 1585 196 1998 2616 206 493 211 1924 1491 675 1694 360 470 1258 679 2609 1085 2169 2541 978 682 169 481 1151 688 365 483 680 1757 614 84 1991 1395 1568 300 2365 862 1804 1464 2534 1679 1470 1 1680 1029 1119 959 8 780 289 290 543 2111 3110 1218 1220 274 275 1566 760 1030 535 1767 1870 1461 285 1871 1269 776 815 283 12 1473 1423 1686 1129 605 1398 2496 421 62 2024 603 1227 2950 1478 79 431 2025 86 2497 140 428 756 419 1128 2304 35 405 36 1424 1785 39 42 1033 2895 1577 1255 553 2022 322 410 323 46 408 810 521 746 137 645 1781 1193 2045 648 649 1968 1287 350 1777 354 355 356 160 2793 1334 358 352 164 130 1540 1603 1054 878 2190 616 88 620 1417 637 107 443 2044 1722 1723 341 2890 1373 1374 1847 98 465 2102 802 803 710 505 375 2557 850 230 1977 510 515 731 1023 1457 1354 519 249 253 512 469 709 198 683 170 1666 174 1972 177 179 1546 200 1013 2234 1293 187 696 1852 2334 1616 887 486 866 390 436 769 1277 536 1261 751 266 529 987 528 854 263 260 261 749 388 1162 748 2037 3102 814 540 584 2081 1405 579 578 2162 991 2202 1506 573 549 548 1946 545 2229 1134 541 282 1596 237 236 1260 895 193 370 703 183 1792 1582 842 3508 980 473 681 905 471 799 167 1083 976 1581 585 1040 1238 562 1587 1753 233 935 2306 728 2305 871 1368 721 376 908 804 3183 208 374 2116 1646 157 586 2399 1761 108 439 91 434 1283 1057 89 1408 1055 1957 1758 554 1326 2137 433 1053 109 110 340 111 139 796 138 1390 644 136 2278 1725 1719 135 2009 638 129 450 880 1061 1961 625 134 1265 2204 1264 413 996 1278 412 328 327 995 49 1320 1091 822 2714 1439 33 993 29 316 1657 593 20 596 1841 2171 336 1280 1001 71 69 1442 1441 597 1094 67 335 424 66 998 417 1321 1717 608 1142 2136 152 31 1299 588 1123 820 1111 34 656 406 318 319 407 40 1810 1125 409 821 1684 25 23 22 311 10 893 11 1627 312 2247 792 320 960 16 577 18 1122 313 1254 403 21 576 1126 1578 44 63 2175 426 2601 75 76 429 77 827 78 967 1271 612 903 1365 82 432 2475 900 310 60 2170 45 411 47 326 48 50 53 2882 333 55 1905 1477 56 57 58 914 1131 2223 418 575 963 1077 118 117 342 2026 114 112 1483 119 618 440 95 1822 617 438 921 969 100 120 343 1634 1141 458 2270 1038 145 2502 142 141 451 9 3024 1140 1139 126 345 124 344 1809 1251 1916 395 308 92
638 471 2914 183 804 2840 1751 376 215 562 474 388 749 261 260 263 529 2119 281 814 579 584 799 157 458 345 2365 568 1030 19 42 553 322 323 46 1128 1033 586 1398 79 446 894 342 2328 117 118 119 343 344 124 62 316 49 325 255 251 564 2243 246 243 242 2349 379 1799 289 806 226 1619 218 504 202 1669 478 364 158 162 1011 2052 593 268 269 176 328 998 336 1055 340 644 797 148 149 151 154 1363 817 394 779 860 1222 1739 270 389 1459 531 1107 1269 824 275 295 1165 949 523 1146 661 128 75 57 326 893 2089 2583 395 310 11 1298 1628 25 407 40 409 45 2839 2223 3107 2638 2056 2017 2774 1624 520 1809 507 480 91 2167 599 413 1596 2571 536 237 451 120 512 1293 352 2300 445 85 2170 871 63 926 70 83 84 878 107 2008 341 131 2324 348 453 1006 177 1342 200 802 224 227 510 333 2335 519 2 309 170 1171 82 612 293 900 432 1821 436 104 105 621 121 122 102 150 262 809 2425 835 180 1385 844 351
639 390 545 1946 586 548 1178 1369 579 581 1241 1405 584 585 1416 3137 1940 769 261 953 260 263 1167 854 528 987 529 751 1168 1787 277 2119 536 540 1756 1001 317 1185 71 609 336 2171 2956 1758 1957 1055 337 1604 1056 1843 89 2069 425 69 1094 67 29 33 1318 1263 1103 937 593 316 325 327 328 996 413 1956 597 335 49 1166 652 2702 141 145 1038 458 1057 152 656 1142 157 674 471 905 681 473 1149 456 841 1139 345 2498 440 100 2161 618 2269 624 894 112 342 117 118 119 343 344 126 1163 2914 1698 720 721 1368 2305 233 235 1753 2220 236 237 384 239 872 748 387 1159 690 376 208 2064 1582 183 488 703 369 370 1087 707 871 1238 374 506 985 717 1158 439 2462 2205 218 220 898 221 223 508 378 723 225 1116 806 1980 509 1351 889 2126 1117 1020 1553 2078 202 498 204 499 1978 500 501 1860 503 2050 372 713 373 714 207 199 1981 511 269 531 1027 532 389 270 1217 276 533 534 1251 911 1222 2128 391 1107 851 268 1215 513 232 241 244 243 385 1231 941 739 246 247 1025 564 250 254 1869 1844 367 559 1063 896 135 1965 138 139 140 1606 797 148 154 658 158 837 1765 638 1331 1963 1191 108 1761 444 1190 111 625 447 1573 1061 1539 1962 879 634 1724 450 1764 1392 665 2518 1201 1202 1338 1611 1851 1014 485 1097 2817 1614 1205 2313 884 188 1550 480 2734 479 364 463 464 1849 165 1011 1066 467 363 474 175 176 438 475 2520 684 478 1134 2444 2497 1151 2417 688 689 2169 180 484 1493 845 489 701 906 907 189 191 481 560 682 360 150 2375 156 351 661 1144 667 2540 669 466 671 1146 675 468 676 978 835 982 195 761 1592 278 2780 762 857 764 539 767 768 773 990 781 783 1313 2868 1495 949 257 2231 495 984 1500 209 561 1310 719 377 1931 234 383 736 256 523 258 546 457 128 588 589 590 961 820 1111 902 406 318 912 1301 1125 409 1578 45 31 411 25 21 395 308 2222 2470 2244 1077 1078 575 310 10 576 18 1122 313 403 22 1257 47 418 432 436 1479 338 98 102 3020 619 2178 621 627 3129 635 448 973 903 326 612 430 1905 56 965 57 58 1131 2023 827 2175 426 610 75 76 77 1749 900 90 292 784 745 2127 1623 756 1220 275 1566 2354 535 283 1767 285 1269 777 290 3340 289 249 563 1106 2292 200 203 375 224 1861 3082 2440 230 510 1737 512 515 741 743 1616 2130 1991 1128 1303 603 604 605 421 62 606 1227 2950 1819 79 81 431 86 46 2949 410 3006 1074 300 2386 402 1576 8 3200 12 2674 14 1898 405 41 1685 553 322 909 697 486 324 1600 1840 1183 1715 594 415 824 423 70 1532 2263 614 84 85 1229 2190 28 3221 1838 547 294 550 296 1519 309 875 1520 571 1075 2 5 398 1179 404 187 2165 2552 356 1334 358 1608 465 469 683 1104 1666 174 1105 1610 685 482 1546 2488 88 144 137 1417 833 1284 2192 443 2193 1763 1286 341 1572 630 346 130 348 454 649 2223 291 392 37 1296 1378 779 1873 790 394 778 945 1363 551 552 1874 932 3104 1327 2039
640 512 802 198 887 1343 492 187 1546 685 482 362 1009 358 515 2102 683 1104 170 179 944 275 2197 19 14 12 959 1029 1 2130 289 740 543 535 357 3373 274 1220 1218 3114 2127 1767 356 453 2045 423 601 600 824 1602 1528 415 594 1183 1600 992 938 1229 1714 2189 315 926 1179 399 398 951 1404 1597 2 28 3012 1052 1532 645 642 38 348 881 130 637 347 346 630 1374 74 445 443 833 1417 2849 620 435 88 616 2190 1603 614 2044 2495 865 323 1046 766 2036 529 986 263 2153 748 2108 238 237 2201 1089 562 233 733 934 721 215 908 506 2037 1238 925 772 54 413 329 49 994 1103 33 1952 2308 586 584 581 579 400 573 397 396 1596 782 390 541 771 1882 871 370 119 118 117 114 2684 446 1690 1825 2447 100 438 90 2114 2846 2025 1769 1748 606 605 419 1579 120 193 343 124 705 192 183 1582 842 1698 690 1581 681 471 674 152 655 459 145 142 1876 455 451 1140 126 344 1049 546 309 367 364 474 151 797 135 1063 2387 433 1719 335 328 327 260 261 387 1706 2965 2305 1752 1160 2315 369 503 713 1682 10 310 575 1077 570 395 1363 817 394 1872 2428 542 389 268 246 513 508 223 507 2317 2050 1701 905 656 293 783 2377 2033 736 494 981 365 477 466 102 82 333 47 320 40 318 820 25 1122 792 295 26 324 1002 458 345 342 2161 79 1235 2496 1686 46 322 21 1255 300 1223 2301 2160 375 2074 2342 341 1723 2299 7 22 31 1299 1586 2376 1500 206 1156 1585 495 195 368 191 906 490 1699 2841 870 843 1697 689 688 1151 481 1931 1402 2619 234 296 2187 566 294 784 292 595 1110 762 2780 476 278 761 759 1239 527 262 809 258 257 525 523 1592 2627 679 675 92 77 76 75 864 2175 57 965 53 1127 411 45 409 43 406 34 961 590 2021 589 588 1689 2177 103 441 839 166 1144 661 461 351 156 150 654 1693 360 146 457 448 636 1826 635 633 915 106 619 1580 143 596 281 599 957 1619 225 221 220 218 2579 718 1553 1018 372 1617 504 499 204 886 1017 2578 885 188 884 1015 491 181 1547 1014 691 889 1340 2908 381 597 552 945 2468 303 779 544 565 291 391 2525 2128 538 1741 958 1766 1215 2110 255 251 250 2327 739 941 243 244 241 232 1266 276 478 340 94 439 91 1843 2514 337 1055 1758 1053 2204 427 1323 72 609 1001 2039 1094 67 607 424 66 1093 602 331 417 480 111 625 608 447 475 176 2337 175 172 1115 1065 1011 165 464 463 161 2144 462 467 158 1061 629 879 634 136 2576 450 796 139 1606 657
641 541 1416 2002 1180 583 29 49 328 1185 424 335 1094 135 1001 336 1758 1762 814 450 65 537 157 854 628 1606 118 119 344 124 345 1139 145 1168 152 681 842 374 208 2305 1753 238 2108 260 799 658 1869 158 564 250 268 269 531 532 389 270 534 738 1222 391 779 394 1363 551 1497 431 850 95 1624 385 243 241 353 1765 464 1200 171 173 176 479 485 1097 559 199 501 713 373 218 805 220 507 223 1351 1007 795 236 615 1144 669 466 671 1151 365 483 2169 844 1257 906 493 195 1585 719 523 1165 988 767 1110 907 636 627 102 395 2470 2244 2497 1077 310 16 1122 313 25 31 409 821 47 326 57 333 2473 612 436 99 773 909 837 309 249 755 1220 283 285 290 2493 959 12 35 405 553 2113 322 46 419 421 59 1398 1838 603 1421 512 323 1861 324 28 1317 5 1600 1183 594 70 83 1417 1324 341 170 486 187 198 201 203 375 224
645 640 328 608 1053 1326 2309 646 2144 2413 165 474 364 478 1119 485 1965 586 681 3 713 959 1303 605 1235 1236 966 446 118 142 157 488 506 935 545 15 1251 1351 778 559 363 1332 158 836 135 1243 1057 433 794 918 2039 994 321 536 261 1089 202 498 218 1380 544 394 945 1362 565 391 1377 286 911 1357 1766 855 1869 853 1809 250 941 242 531 1568 409 1871 932 46 591 14 2674 12 1029 615 1 1767 1566 275 755 530 512 803 1808 1822 114 152 720 310 37 912 320 326 1080 78 612 832 2180 1919 1159 193 183 1582 842 198 289 2334 107 1122 147 719 525 262 988 278 313 293 875 1229 130 2102 362 510 2127 1948 25 830 1367 70 1597 2 547 785 764 1165 1310 1930 211 1502 1585 493 1926 978 150 457 187
656 581 974 2783 1412 141 456 1140 1139 126 344 1038 119 342 2500 618 2161 438 1134 90 795 615 117 86 458 157 1159 908 208 1772 985 506 1041 871 370 152 369 1698 841 1581 473 681 905 471 361 167 842 431 81 932 1568 297 1360 1991 1990 543 1223 815 1871 1808 535 1566 275 1220 1218 2086 756 810 1468 522 760 1074 300 2493 1236 1235 59 1129 46 410 322 2113 553 1255 1577 1785 1747 14 12 2859 1032 8 1 818 1804 721 2127 935 235 596 54 413 329 996 1278 328 327 49 597 994 1103 822 321 1263 33 2878 29 316 314 593 20 416 417 3178 1758 1326 1053 1264 336 794 1001 69 599 918 1094 67 335 424 998 828 1093 331 825 2844 586 585 584 987 528 986 854 260 261 3509 2241 936 529 1879 2108 1044 237 516 1089 1260 382 562 1587 748 267 2118 1787 2081 1405 1316 579 400 397 396 1596 548 2571 390 774 282 772 540 925 2037 769 1046 537 536 733 337 742 740 365 688 2417 978 680 839 1382 667 2779 1697 661 156 2375 150 147 457 1257 973 2939 122 351 1037 693 487 1310 1930 1500 1156 1585 848 495 195 983 843 493 368 560 189 1926 1996 981 489 845 844 982 915 1884 105 912 318 37 2059 1111 820 961 31 25 1810 23 1122 18 16 960 792 893 10 310 9 22 409 821 1126 102 98 1479 436 903 2603 76 2602 426 864 827 1131 826 58 57 56 1080 326 47 1127 45 1586 852 1043 383 362 1104 469 1010 1199 1008 356 1193 454 1729 453 130 2642 1374 341 1060 1723 1722 107 1417 881 1605 1610 177 1354 517 515 512 850 2557 375 505 802 482 198 1852 492 696 187 2234 486 1546 179 1612 1616 88 83 1003 546 781 990 1175 775 2070 767 764 857 393 762 1592 2159 262 809 258 525 1648 1589 736 278 293 784 296 829 2380 824 594 1184 1526 592 2549 1182 992 1658 30 28 26 315 587 926 2 1075 309 1519 1504 1077 1389 89 199 364 927 660 155 836 1192 879 111 444 94 1408 204 1720 1265 2204 73 2039 607 2512 325 823 1369 991 3 545 1406 238 712 713 538 911 288 391 778 565 1100 394 817 1569 1363 1768 2416 2225 945 942 2318 1251 1215 1069 252 739 511 378 1020 2881 2513 2220 1042 849 415 414 997 1600 1229 2871 398 1049 1177 294 2109 761 423 527 191 2181 676 448 633 619 53 1301 406 21 313 930 257 3251 2190 1284 374 502 1582 692 674 655 1485 591 35 959 2961 7 2490 746 940 944 224 2196 465 1009 357 348 131 630 1663 2044 443 534 533 395 1028 221 220 805 218 1554 1019 373 372 504 2049 1860 501 507 500 939 250 2078 897 367 1017 1392 559 1015 883 1203 2279 499 485 223 225 276 744 564 1025 2529 246 941 1231 1249 1098 518 385 508 243 241 1212 1895 1558 513 1983 1557 851 1981 889 1351 806 244 1014 1854 1851 1892 450 834 634 1962 447 1005 1961 691 1371 622 2387 434 1057 251 1214 1355 1778 268 1107 269 531 389 856 1217 273 272 896 452 1114 1390 178 1611 1338 1965 475 176 474 1012 467 1066 165 464 478 665 463 796 139 1606 1607 797 1195 158 353 1893
658 563 1457 2087 522 810 2238 274 275 283 285 2379 836 1190 91 2008 1708 366 103 10 552 512 2052 510 802 2284 555 830 105 831 1366 1632 2178 1884 832 627 1367 632 1430 636 2939 835 1920 1143 1921 466 671 1695 1885 680 481 2286 365 98 93 1479 432 1896 2235 9 310 893 792 16 313 1299 820 407 40 1364 844 1125 45 411 47 1903 1905 57 2597 1131 827 63 2602 612 82 320 845 1886 1996 70 83 2006 1842 2332 107 1722 341 637 355 3081 1198 1666 1600 1610 486 1341 2790 187 1670 201 203 1977 803 1349 2658 224 1453 1546 850 315 875 1926 1309 1102 982 847 983 195 1786 1585 2257 1435 1157 1310 2 719 809 1165 278 857 2528 539 767 990 783 566 296 1948 309 1932 180 551 628 452 135 1965 644 796 797 1726 1727 896 148 151 154 657 462 353 838 1765 1332 149 161 638 450 1442 794 72 2574 336 427 433 537 1191 2004 622 1846 1371 108 1189 1114 340 834 1957 1094 665 474 220 507 1350 1351 1799 1117 851 511 218 241 2233 1249 1231 246 1738 564 250 251 243 1115 1553 713 176 1337 478 686 1014 485 2279 1669 373 559 1344 897 202 1346 1347 501 504 372 1854 1809 335 998 488 183 1792 841 1581 1149 473 157 2339 152 145 142 126 345 124 344 120 119 458 342 702 369 536 1261 987 854 263 260 261 388 703 387 562 728 1159 1158 1434 717 506 1644 1044 424 545 1134 1360 289 290 1269 2816 1316 582 583 1568 584 20 994 2716 49 1278 413 595 2405 585 1304 2140 568 795 431 2355 79 932 428 59 1128 1464 323 553 39 1124 1994 580 1423 12 1 322 255 858 754 1359 288 1377 391 1677 779 860 298 817 305 1362 1569 1363 1561 942 1376 394 286 1222 1107 269 531 268 389 270 532 1217 1986 1739 273 533 534
659 854 1089 1647 1044 1835 1506 936 1505 1260 3511 728 721 1160 208 1434 205 1040 1644 986 935 266 2711 1311 2716 994 822 1388 316 2152 2710 1522 1316 536 2162 1946 3240 774 1312 282 540 537 1277 1090 1240 702 617 842 59 46 553 1785 2925 1079 1300 580 2674 1132 959 2673 2913 1788 1744 2016 2087 756 522 2785 568 1582 1235 966 2951 473 681 2503 1383 1083 157 152 1141 1478 974 2150 1910 1822 328 1304 86 431 81 932 141 1278 2819 1320 1025 2243 246 1231 1249 1866 242 3004 1557 851 1351 1863 226 1350 898 373 713 2796 1855 564 250 1868 1355 859 860 1377 3215 1676 565 1297 1378 942 1344 1362 1294 534 533 1028 1217 389 531 269 2762 2225 1552 559 2745 1061 1005 2786 1846 1057 1248 1958 433 2156 1541 1325 1264 336 1531 918 1442 1094 1321 1717 1841 2721 1092 1243 556 1204 1668 2742 485 1339 1266 2740 1012 1066 896 1011 1728 1893 2144 158 1007 1607 138 646 1965 165 512 1286 510 1077 893 18 1122 313 31 2934 899 318 912 1301 2145 1253 1126 1080 914 1131 827 63 2224 2146 555 1632 1884 832 915 326 1737 863 392 930 1081 2296 351 560 1095 355 362 1354 1130 446 1274 167 1084 506 235 541 321 1103 593 2424 554 140 836 172 478 2748 636 973 1251 1257 1229 1658 2549 824 70 1322 1324 878 128 107 1284 1723 3235 28 286 2300 130 1193 3223 174 1610 486 1974 187 1343 1208 850 2441 1373 1317 2320 1143 875 547 775 539 240 736 1504 807 561 1157 2628 2030 1495 1102 844 3080 1694 675 1382 835 147 1636 1585 2922 1514
663 2070 770 1592 761 759 264 906 693 487 870 809 1583 489 490 1944 526 907 368 258 257 525 1048 523 734 191 234 212 211 206 495 706 2845 1586 566 339 295 415 1051 824 600 601 3257 1715 1532 83 616 88 107 1374 1763 613 3109 1183 592 787 0 2 3098 5 398 1600 401 1373 346 26 1050 1658 992 1714 1060 313 2436 1181 1599 33 49 328 877 54 330 595 597 331 602 1529 2512 66 424 1001 583 72 581 15 237 384 238 387 261 260 528 529 1513 281 925 3102 541 3103 789 1596 876 579 336 427 1055 796 140 1607 2828 148 657 155 2124 1289 353 1765 159 162 163 665 1849 165 2576 1725 134 133 1408 91 439 2205 1371 1760 1762 109 2032 340 111 625 447 629 879 1724 129 638 1328 1065 215 1830 543 815 535 275 274 2086 746 2198 741 1456 726 512 227 3082 1453 1861 224 780 1209 2130 1568 2874 1398 605 1033 46 322 408 41 39 1124 19 14 7 1029 1 300 1074 1395 375 715 802 458 652 655 1142 799 471 681 473 692 1698 842 183 370 193 707 871 208 1140 126 124 344 1977 1452 62 79 81 1134 438 617 908 95 624 1484 113 628 342 117 120 343 2093 637 1066 172 92 82 2363 1365 1271 430 1749 1270 77 429 426 2175 333 58 55 53 51 338 50 96 99 661 1275 150 146 2028 2180 128 448 636 116 1750 619 104 2476 441 102 1136 97 326 47 411 170 683 465 358 1199 357 356 352 144 2487 1542 1006 2045 645 453 348 131 1972 685 482 2196 45 320 821 409 40 406 1108 34 1400 1111 590 588 1299 31 25 22 21 179 820 474 1144 1382 1019 1553 207 218 220 221 507 222 508 723 225 957 1117 1230 1555 232 242 373 244 2416 1617 1609 475 364 478 480 2799 178 181 2280 186 1015 1550 885 1017 367 704 204 372 243 737 518 298 790 394 817 304 303 3205 551 552 1616 365 688 1151 680 470 359 669 1072 779 544 929 808 738 739 890 248 564 252 254 667 1069 1782 928 1459 532 198 958 276 538 754 389 366 10 308 570 2470 1078 575 310 450 2245 2247 576 1963 2517 3201 2083 1627 1662 108 1056 239 872 1163 1164 1166 1167 953 327 2002 65 395 2003 71 1720 1604 1332 161 663 2518 1860 2169 503 504 2050 805 223 241 255 268 542 2428 291 778 2880 501 236 500 498 1115 176 2520 479 1201 1202 1850 2309 2310 2311 2312 2465 2746 199 202 499 516 1758 1999 484 481 1753 1146 671 466 166 835 653 123 2178 98 436 432 76 189 75 1165 253 767 1708 1110 292 909 785 2379 550 594 70 84 1970 230 510 1737 1438 921 57 56 604 2496 421 428 2950 2497 795 119 1139 145 2914 1582 717 2305 233 603 764 419 2831 418 48 44 283 289 323 297 1360 402 3200 12 35 405
665 1310 211 1585 487 493 383 432 1689 969 102 1112 103 1632 122 128 1257 457 835 975 150 661 839 466 2609 680 365 366 844 845 981 1496 736 850 523 510 612 375 802 187 486 512 1546 170 469 358 1008 355 2074 179 1354 519 852 1255 408 1785 1424 1032 1 1679 300 1269 275 274 1220 522 746 253 1193 1648 645 1329 951 572 5 2 295 293 401 783 857 1239 262 1165 809 258 770 1242 28 324 2342 445 1663 1723 2044 107 1759 88 83 1532 824 997 1715 1183 1600 131 78 23 610 1093 331 417 1527 823 593 1103 321 314 586 400 782 390 985 1238 370 1413 1305 2161 438 1811 959 7 1001 1323 1719 439 863 817 538 1740 2395 2052 248 244 851 713 2392 2386 1016 364 363 467 1066 1011 463 665 462 797 1063 1962 478 76 505 492 893 792 2289 18 1122 313 25 31 820 318 40 409 821 320 1126 47 326 57 1131 333 63 864 426 10 2401 1575 395 177 1104 2125 130 1407 829 26 587 1592 494 560 2334 490 978 360 671 461 921 45 37 410 22 577 960 693 323 315 1128 181 1014 691 178 1338 480 176 175 172 474 165 464 158 2083 149 148 1726 1057 1283 2515 434 2387 340 485 1005 880 634 834 1390 140 1606 447 1204 491 559 520 1107 269 928 389 533 251 534 1225 1297 394 305 1363 46 778 89 250 246 367 503 504 372 1733 1018 247 2126 957 1351 889 1981 511 1231 507 1389 779 1265 841 1698 193 871 374 208 1581 235 382 1647 237 1879 387 388 562 749 473 471 1406 59 1819 1134 1274 117 681 451 1038 458 152 157 167 799 141 261 95 263 260 1264 336 73 72 2039 1094 67 335 66 998 828 599 597 596 2171 996 854 329 987 529 536 537 2037 427 1312 540 316 585 579 328
668 358 362 486 187 322 802 512 940 283 959 405 553 1104 697 446 1235 114 1139 1038 817 392 391 2129 534 389 531 268 255 250 1130 1296 1774 137 680 385 481 844 981 560 494 1402 1504 1239 1592 2109 1045 767 293 547 2 315 28 1229 594 83 1417 107 2044 1409 341 2342 348 357 241 2002 1351 328 49 1091 325 593 1103 317 314 586 1405 579 1596 549 545 412 782 925 1593 854 260 1753 235 233 935 208 506 374 502 1149 671 540 851 329 424 226 223 220 805 218 713 504 2210 500 498 202 939 478 1411 1093 176 172 363 665 1245 158 2124 2459 140 450 622 1057 1408 433 1094 2820 351 1570 1919 451 1876 157 370 2037 1709 595 599 72 336 427 1961 1305 447 797 657 2736 474 1018 1895 1231 247 269 3018 945 835 133 2499 1107 3110 2025 457 436 418 326 1301 912 319 1818 820 961 313 18 57 395 960 517 510 645 3055 726 296 320 103 1051 2973
670 1077 458 1570 842 322 193 374 237 261 79 1083 798 18 409 326 967 679 844 2183 3422 275 566 9 740 2 187 1229 961 103 147 150 661 693 1239 1592 278 770 295 926 2433 1407 339 445 131 1664 1777 1198 2830 1104 512 2481 1977 824 1025 251 389 1225 260 2482 782 586 314 321 593 1954 49 328 243 413 2039 1408 1057 434 140 151 462 464 474 886 518 250 532 1296 998 226 478 559 208 1582 167 373 152 1916 115 112 1129 1999 46 568 1395 1767 710 486 881 130 347 341 1032 748 157 854 158 336 995 1952 1396 541
672 817 364 151 3259 905 344 46 322 227 803 102 47 394 310 507 518 1098 941 1466 862 165 243 3111 268 531
674 783 326 322 187 1334 341 415 324 1165 719 102 46 1136 320 313 1122 1078 395 394 779 911 389 47 1822 344 345 25 1025 243 379 2907 713 559 1411 797 340 2276 336 69 67 328 583 261 387 233 376 1238 246 941 470 1351 681 152 117 446 323 275 274 375 170 683 1009 356 648 348 107 1353 1714 2 278 189 844 365 676 98 57 985 562 620 537 501 500 260 711 478 364 463 462 485 439 1596 29 450 412 416
676 1786 1780 809 262 1592 278 2431 493 983 341 1528 1324 829 1102 1373 1193 355 1008 469 174 1658 845 318 365 1729 250 269 531 389 534 538 286 1297 394 1575 18 25 31 820 1111 40 326 2609 680 978 844 1546 1785 187 559 485 474 1012 1066 158 486 797 1854 447 1057 1264 336 918 1094 67 66 825 1114 373 1981 1555 1253 9 310 893 1899 1126 2597 900 121 1495 130 1679 506 854 851 1866 1231 243 513 1717 1841 1007 1278 974 1770 119 342 1875 1134 431 46 1381 1 568 1092 760 522 1023 512 724 2284 375 157 1581 1568 369 842 328 994 1241 545 541 540 537 536 2452 987 986 3293 237 1647 1089 235 728
677 2801 914 1131 921 75 96 2146 1272 3005 969 1081 76 45 2592 2797 2145 409 1125 1425 1301 40 1899 1122 960 1298 893 44 2216 1790 594 1040 193 703 2152 702 2240 1149 1383 2270 2685 2448 112 2150 1822 1304 322 553 2087 1462 1744 1464 2534 1470 849 1473 580 1381 1994 2894 1124 1300 1423 208 2537 1158 129 1892 896 452 640 646 109 138 927 837 353 1765 1011 1065 1727 920 622 1443 1646 1368 748 1396 1172 282 1957 541 791 4 20 2854 29 1531 1888 253 563 741 1143 1382 1695 1258 1885 1924 1488 1039 105 191 706 2421 197 1157 2613 2067 835 121 2512 2991 720 1087 690 210 146 1998 395 104 831 1366 1632 1884 122 1337 213 807 174 1105 187 1343 201 1452 1666 1349 1979 1453 2284 850 1454 512 217 214 1198 1777 1935 240 1414 2080 775 1945 355 566 2627 27 64 1286 1373 2646 788 1547 266 2743 2242 552 2019 1379 1362 779 1378 565 1377 860 2768 286 276 2400 942 532 1552 273 1855 2232 851 1230 1117 242 2233 1866 1738 1025
681 463 844 367 1346 792 25 326 1580 1648 165 779 534 1214 559 485 158 447 328 797 519 397 618 369 742 505 362 1003 1182 857 809 736 493 1926 845 693 320 820 22 760 237 2354 456
682 19 2141 991 1369 1316 583 20 1657 1381 316 1103 937 1302 39 1785 1 1118 7 1424 8 2878 1119 109 995 836 149 1288 139 1390 135 834 2786 2851 1762 1059 1797 439 2716 1057 2004 1264 1280 73 69 335 66 998 1093 2512 417 1889 328 1408 1255 1779 2022 2702 1162 1649 237 1089 382 388 562 1368 506 1040 1584 183 1582 1833 749 261 263 2083 774 541 917 540 2037 1046 537 1277 536 2036 1172 1168 528 854 1307 553 841 2503 112 894 1483 1822 1134 615 1274 431 2024 1130 1129 1128 46 322 1227 117 118 119 905 471 2708 1383 799 157 1141 458 142 141 126 345 124 344 1634 681 927 784 158 745 249 852 563 517 510 230 1452 201 1292 2234 486 1972 1623 362 164 2411 1334 160 355 1542 641 453 130 347 445 443 85 1104 1026 755 285 1132 428 421 2843 59 1398 605 604 603 3125 323 41 36 1300 1475 580 1473 2674 959 402 2673 1464 2913 3452 1395 289 290 543 1871 84 83 64 594 243 242 241 232 513 1351 507 898 218 1733 504 2392 367 1392 559 491 182 691 475 175 173 474 1798 467 1065 165 463 1290 2295 738 1289 941 248 2481 2549 1658 1317 2001 5 1597 1655 2260 767 1363 394 779 1297 544 1676 1624 1221 534 1679 2400 928 1562 269 2052 1809 251 564 1025 246 2386 1636 1788 295 566 547 393 783 1048 781 1945 775 1077 930 312 576 788 18 313 962 1111 37 40 1364 43 821 53 55 1081 58 826 1122 309 395 1253 1131 57 418 1080 51 50 48 326 47 411 1126 409 1425 407 912 318 2591 31 1684 25 23 22 403 1254 1628 960 1627 893 310 334 2223 63 2146 1465 1886 701 191 1102 494 2425 206 1500 209 1503 211 561 180 1930 807 1932 1043 1935 1588 240 256 262 1651 761 278 1511 764 1310 1491 2417 680 1270 80 1271 432 555 830 104 105 831 1366 621 832 2883 632 633 1037 635 123 973 1995 1257 150 1275 2062 671 468 168 1695 1885 2473 300 60 75 346 341 1663 1723 107 620 88 1003 613 829 1324 70 824 1287 415 1600 324 592 28 26 1242 1656 1712 2 2945 1049 2431 875 414 348 1193 2074 283 1566 275 1220 522 2198 253 742 519 740 1354 512 850 1861 1979 375 505 802 3155 697 1342 187 1293 177 2653 174 170 469 358 293 921 2625 1708 839 1400 461 351 156 1637 153 835 1235 146 128 121 915 466 1632 2476 1112 102 969 99 1631 1689 92 612 900 1749 78 76 1790 675 360 1258 539 1836 279 1510 527 1165 258 525 523 1466 1648 234 1402 1931 2096 196 1585 848 1786 560 844 843 1697 3080 365 1151 2230 1085 2609 1110 79 773 86 1553 373 713 372 1617 503 2796 501 202 2078 199 2285 1552 1207 1449 883 1206 1205 1204 3224 2817 1668 1097 185 1550 485 220 1116 2053 1564 270 389 532 1782 754 2762 1561 255 250 723 1231 1621 1267 1558 380 3048 231 379 1117 1799 889 2232 1098 1266 1611 2139 3179 896 1243 1063 1963 450 1724 634 1061 447 1005 556 108 1846 622 91 1957 2725 2915 81 1720 336 1001 1442 1371 2834 1965 646 1202 1201 479 478 364 684 1337 176 1336 1115 1012 1200 1066 1011 464 665 161 1893 1765 353 837 1007 659 1606 138 1422 273 1459 276 208 1645 804 908 376 1160 720 2136 2697 728 935 502 1999 236 1647 1506 239 386 272 1396 529 2118 277 2967 2700 703 2339 488 968 1135 2446 1484 1137 113 628 120 456 1228 1487 145 652 1082 152 656 1083 167 1084 558 473 979 2951 980 842 281 282 260 1178 1312 2019 551 863 3026 2158 1378 1100 565 2318 1296 1377 1359 1376 1222 2055 1251 1294 533 2225 2167 552 29 3516 2081 584 585 33 1439 593 49 327 2901 996 579 2002 2405 1094
683 146 150 661 169 365 845 1886 1257 211 122 212 807 1043 333 523 826 50 57 58 103 102 101 1479 436 432 900 63 832 525 1223 2071 797 149 154 837 353 464 165 796 467 479 1201 1202 2309 2310 178 485 474 1243 1764 880 54 416 599 1093 335 67 1094 72 336 89 1057 910 439 340 625 1005 447 1097 328 2817 2312 1231 739 251 2052 389 270 1217 243 272 534 1294 1625 392 394 817 305 533 244 242 513 1204 1205 1206 491 2313 2746 698 367 504 373 805 223 508 225 957 226 509 2311 327 49 994 198 227 510 1352 515 253 746 486 521 756 1218 1220 275 1269 326 300 1623 1546 170 469 295 28 592 594 415 2483 423 3493 83 339 341 346 453 454 1095 645 358 1032 553 323 46 238 387 261 854 1795 987 267 752 1593 536 281 545 2571 549 396 579 316 237 2186 235 215 428 79 95 618 120 344 141 145 652 157 471 1581 842 205 208 1830 376 1832 1127 482 409 733 562 748 260 528 529 1046 540 3137 400 586 2399 29 33 1527 935 908 985 506 431 2161 894 342 117 119 904 413 126 458 152 167 473 183 369 193 1038 417 331 1441 1619 1351 1117 851 241 1866 246 507 247 250 1782 531 532 538 1222 320 1025 932 898 202 1323 433 1958 879 1063 139 2458 713 158 1971 176 364 478 1850 1418 559 1011 322 269 8 1301 1125 821 47 2223 864 1689 1112 104 1884 121 128 457 147 835 899 1684 1122 18 40 964 407 820 31 25 21 461 893 310 575 2244 2470 1253 9 1627 10 923 588 680 1287 348 642 1334 179 187 492 802 375 512 517 760 1 360 959 131 107 289 2099 481 844 84 493 213 1310 514 262 7 309 875 5 1592 952 26 1050
684 549 545 782 281 529 261 260 936 387 748 238 1044 237 528 991 954 586 607 998 2877 65 417 1321 416 329 328 49 994 1103 993 1599 29 1181 823 120 1040 2446 2498 1134 90 431 933 2161 79 966 1227 606 332 335 46 932 2269 446 342 895 370 841 681 840 152 459 458 1038 1916 345 124 344 343 117 208 67 372 72 251 250 1025 247 246 1231 1561 231 889 1351 957 805 218 2579 851 1069 389 1739 323 551 817 779 565 1296 778 1676 392 391 911 1741 534 533 1028 1020 1001 373 503 2083 836 148 797 140 139 158 796 879 1005 340 2387 91 336 634 462 665 463 2392 367 559 1015 1614 485 1014 691 1545 364 176 474 1335 165 464 711 322 26 8 318 37 820 961 31 25 40 23 18 1682 1233 252 518 243 22 2350 409 821 1257 832 102 98 338 436 612 426 58 57 1080 53 45 1578 320 242 457 378 2881 940 1421 187 1970 130 347 275 346 1815 1310 560 489 326 960 1417 1029 959 119 939 1611 478 363 1971 433 396 2036 3188 1089 1238 502 369 1698 451 507 150 310 680 1610 362 1104 358 1334 1777 1546 350 1006 1287 131 637 1374 2972 882 486 697 1616 1119 7 1 2779 780 289 274 522 2127 510 375 505 803 802 198 2342 341 1808 2044 262 1165 809 525 256 736 719 211 847 493 843 1491 365 481 1723 264 761 937 279 857 1842 829 423 1602 28 315 88 5 2528 926 783 107 295
687 587 213 1043 234 1466 809 1165 262 764 767 1708 566 525 1105 824 88 131 1287 454 1585 486 187 696 1342 198 802 375 227 992 848 466 1493 395 310 1627 18 1122 313 23 25 31 1111 409 821 320 560 45 965 57 58 1270 432 98 102 632 680 481 365 2169 844 50 326 940 522 1513 541 548 549 583 584 996 416 424 67 337 1371 796 797 151 462 353 1765 663 162 665 165 1065 260 1798 1044 1159 746 1994 322 46 1033 428 795 112 628 342 117 119 344 141 681 473 1149 1581 842 193 1040 849 208 1999 1115 617 1336 779 551 394 1098 243 242 1619 2840 553 346 5 852 580 12 8 300 543 285 283 274 474 544 391 289 272 1337 860 364 178 1014 181 1392 501 504 373 1553 218 176 957 232 251 254 255 507 754 532
688 1094 2039 72 1000 1323 2073 918 67 602 998 828 331 417 599 328 413 73 54 1956 335 416 2515 2171 140 2207 796 1390 994 634 880 625 111 2387 439 91 434 1283 89 1408 1843 337 1719 1265 427 336 593 281 993 987 528 260 261 2069 749 387 237 382 529 562 728 908 1830 208 374 1727 871 2565 2116 1587 1168 536 1046 29 317 316 953 314 586 579 2861 991 6 573 397 3 549 548 2571 2307 782 2570 390 2037 33 149 1799 154 2052 520 1214 1809 254 251 744 564 247 1107 246 243 244 241 381 232 1353 513 1555 1981 739 269 2395 389 665 1030 16 1768 1363 1569 305 394 2582 779 544 1225 2129 1624 1221 538 765 1741 958 272 1739 1040 151 889 509 691 1340 1731 956 2577 480 478 1881 2390 1014 475 474 467 165 464 463 1076 158 927 836 172 485 2047 491 1980 957 508 507 221 220 805 218 1553 1019 1733 372 1617 712 1346 2392 886 559 698 188 884 1351 369 178 183 1942 2109 761 1438 1591 2035 527 262 1165 258 257 525 256 1589 762 736 383 730 1931 1586 1310 211 1156 1585 495 1927 706 1495 1309 368 735 857 279 539 600 1602 3265 997 28 1050 26 1523 315 404 926 401 574 399 5 2122 2 2259 1175 990 2625 2038 783 1703 546 1516 2071 547 295 296 0 293 191 490 981 333 2170 2223 57 53 50 326 1127 45 1578 320 821 409 43 40 318 902 395 9 310 1627 792 577 1701 2090 22 23 25 31 820 963 21 423 426 92 845 1925 844 487 843 1385 365 2417 477 360 468 3049 2821 1922 671 670 839 1689 103 1580 619 2178 2539 1479 1273 457 2180 835 975 150 461 1257 70 864 3266 322 323 46 1128 1033 1034 2024 1748 1819 79 90 1134 2498 617 95 1255 408 42 1685 274 275 535 283 1269 1223 543 2446 780 1 1680 7 8 1031 19 41 1395 2161 618 1690 1412 1413 458 2564 459 152 157 3177 840 799 471 979 1581 690 692 1532 361 1220 1876 451 2269 624 894 114 115 2026 342 141 2328 120 343 344 124 1692 345 126 119 1218 1875 522 453 642 137 1193 648 2074 649 2858 355 1333 1334 2125 358 164 3267 1612 357 2383 1287 637 1603 530 2299 2165 2331 1721 3075 131 88 2044 1723 2008 339 445 341 2342 107 179 645 486 742 1867 519 1546 510 375 802 3268 1352 2656 697 492 2655 2334 696
690 135 1103 49 597 424 1390 1965 1001 73 336 1326 2004 1957 1797 109 625 1005 447 1061 1962 450 1243 640 1762 2162 586 987 986 748 1606 1089 208 506 1696 473 681 167 157 1141 145 141 1916 119 117 1483 1822 438 541 774 545 1369 20 158 225 1076 941 246 1025 431 551 942 779 1297 544 1100 565 1231 778 765 534 272 389 532 531 269 1107 754 1674 564 286 353 1351 223 1290 665 464 1065 1115 474 173 2820 176 684 687 1863 1611 485 559 1551 1552 202 2392 501 503 504 1617 713 1266 932 761 421 50 2882 57 76 612 436 1479 1136 969 1112 1235 47 1366 116 457 680 481 3079 180 844 189 982 493 1928 621 561 318 22 409 121 2180 1171 2 645 1193 187 1566 1300 86 37 615 142 3247 1057 646 1007 1066 243 395 10 16 1122 1134 1310 105 1935 512 522 756 283 3134 1871 289 1074 818 1898 2304 850 35 1043 553 2022 2113 322 323 46 603 1129 1130 59 1424 201 1255 2411 486 1780 525 278 1048 547 566 788 309 0 5 1712 783 1658 1334 1317 355 130 341 1373 1284 83 1528
691 1288 991 1326 625 541 158 254 367 372 232 1251 911 152 1065 90 1310 1235 1303 543 2086 696 1663 1058 1387 30 761 1043 457 1136 18 932 1252 180 501 28 1714 404 926 572 2 309 295 550 909 393 767 857 1592 1438 262 523 481 483 484 1493 489 981 592 1926 189 191 195 1402 736 1589 2183 324 594 2483 453 645 354 355 179 486 881 2046 1342 492 201 709 230 510 187 1829 131 347 70 83 84 1603 85 2299 130 1417 2008 445 341 1572 1374 346 107 680 1694 1147 2052 531 389 270 1739 272 1778 1359 779 394 945 1363 310 792 391 16 255 564 1860 504 373 218 805 220 251 223 851 511 241 242 243 246 379 512 313 31 621 832 632 116 633 636 2178 128 146 835 150 661 166 671 2180 25 105 436 37 407 409 48 56 57 98 333 76 78 1749 900 903 432 63 515 500 519 65 998 424 67 1094 71 2002 1001 73 2171 427 1053 1720 2007 72 2513 597 328 260 1167 529 751 267 536 412 284 1596 17 579 584 586 49 545 261 1283 108 363 1115 474 176 478 691 1011 1014 883 1669 559 199 202 1421 186 91 165 162 109 880 450 2880 1963 1063 665 1243 796 1195 140 836 837 1332 643 1166 1758 1164 1034 603 604 428 2950 79 46 2497 1134 617 95 894 112 113 795 117 323 1302 1867 249 521 274 275 283 749 815 1568 1029 1032 12 405 1685 289 119 322 343 681 473 1581 1698 193 871 506 1042 717 905 208 721 728 233 1999 1753 562 236 120 1706 908 471 1238 1570 652 458 141 1139 345 799
694 335 66 996 412 49 327 608 3008 593 937 321 2714 328 68 1001 1328 336 1325 1439 1053 1326 1957 69 2727 1536 1408 1057 2157 1371 109 337 29 861 2854 2153 2241 261 260 1507 854 987 529 1787 1277 280 769 282 1961 748 541 1709 20 582 1522 1405 1316 579 1951 991 2141 2708 548 1946 782 390 4 447 2232 1892 269 255 853 1809 251 250 1025 246 1231 1866 518 243 242 241 232 851 1117 1351 226 1505 723 1766 1673 532 856 1569 1362 1252 394 1072 779 1378 1100 391 1377 288 860 1376 1222 286 911 1251 273 2015 1217 1422 389 507 218 207 1065 165 1290 161 1330 1765 2144 353 462 837 158 1727 1607 1606 796 1390 646 644 640 135 896 1066 1336 176 475 1553 373 372 504 204 897 1552 1392 559 188 1061 1449 186 1668 1247 181 178 1613 478 2463 684 2390 2012 237 553 235 783 781 2070 2080 279 278 1651 526 258 525 1414 1935 1504 1043 1933 807 216 719 213 1503 1157 546 210 292 2071 107 616 1113 1324 938 594 1600 324 1658 1050 1523 24 1242 1656 5 0 309 296 788 566 547 552 2044 197 2255 123 122 1633 121 1037 1430 832 1632 1366 2135 104 830 1112 2216 969 2251 98 96 93 436 82 128 1585 457 147 847 1102 701 1699 1039 844 2169 365 1151 1150 481 978 680 360 675 671 156 1638 153 150 835 146 1722 445 341 167 1083 157 152 974 142 1228 141 119 113 112 1483 1822 617 1304 1134 90 615 86 431 81 977 79 1383 681 733 935 1646 3183 208 506 849 374 1238 1040 1644 193 370 3030 192 703 1582 842 2989 690 473 471 932 3057 428 512 1737 510 850 224 2658 375 1343 696 187 486 1375 2996 355 1777 1542 1006 348 130 1373 626 940 563 1559 2127 1128 46 322 1124 1381 580 1423 1473 1032 1804 1089 2365 289 815 2016 285 283 275 756 1026 522 746 1788 2546 900 1080 395 9 893 1474 18 313 21 23 25 31 1111 406 1359 1988 37 63 60 1125 409 821 1126 45 326 1896 50 407 1081 1905 1477 57 58 53 1301
698 373 485 478 684 1411 2820 474 363 467 1065 165 463 462 2412 158 1007 659 797 1606 1390 1243 1063 2516 625 340 1057 1326 433 1549 698 559 367 221 507 222 2369 378 957 513 232 243 518 941 1025 564 2210 754 1107 269 1766 532 389 533 534 538 911 391 1071 565 544 945 372 250 355 1111 1001 608 1530 331 417 596 54 1512 529 260 261 1044 208 205 183 336 2171 427 337 357 1675 1778 1231 889 1017 1015 1696 181 1067 1881 1066 1011 657 2138 2976 691 1581 1038 1305 546 258 256 1931 983 845 2065 293 1491 680 1257 58 1080 326 45 320 978 1053 784 5 86 81 1303 1032 1767 760 756 788 1421 492 486 683 358 1959 1528 926 515 2039 1404 1093 360 679 365 693 843 844 1583 490 1922 191 982 1156 1500 2376 211 1310 1586 2619 368 526 661 128 313 22 25 2021 961 820 34 37 150 912 409 411 53 102 116 635 636 123 40 264 759 761 32 600 2484 614 620 1417 1284 443 1387 445 1374 346 130 1064 1095 1006 648 607 341 992 30 1229 1592 278 1045 783 547 295 787 1049 571 2 1597 2411 1774 951 1839 1950 315 2189 1598 18 960 809 1077 986 1396 387 748 386 1506 237 1089 771 733 721 1499 506 374 1238 707 193 370 934 772 541 390 413 1278 792 412 1527 328 994 1091 593 937 1103 321 314 586 2202 573 396 1947 782 369 192 267 597 1031 1029 1 1808 289 1871 275 2197 740 940 1984 512 725 375 1106 187 2695 179 482 14 1473 1546 323 1582 1685 842 692 681 157 126 342 1274 1698 114 446 1912 617 438 932 115
700 733 1787 1880 541 861 782 925 1168 260 529 528 261 936 748 386 548 1044 237 266 549 1103 2818 721 72 1001 1094 67 416 996 1527 396 328 49 325 1599 29 1952 314 586 400 327 208 323 374 1139 119 117 112 1691 618 2161 1134 455 795 422 1129 1686 1033 46 322 2022 336 79 141 142 1413 205 1238 502 1644 193 370 369 1582 842 1698 1581 979 473 681 471 167 840 655 458 506 1265 1252 1758 941 518 385 243 244 242 241 232 1738 513 957 1619 225 507 805 218 1553 1018 889 2529 250 1622 305 303 1255 817 394 544 1100 1099 860 911 538 534 533 1028 389 532 531 1675 2110 372 1053 504 499 665 2144 462 158 155 797 2828 140 463 2207 1962 629 447 625 340 2976 91 434 1062 165 1335 467 367 559 1550 1615 698 186 182 485 181 1851 178 687 478 364 475 176 172 474 2519 503 1577 295 35 493 1102 3086 368 191 1926 907 906 494 701 845 844 487 2065 694 2169 483 365 489 195 495 206 292 990 770 539 1836 2528 857 762 1942 278 262 258 257 523 1504 1043 1436 213 211 688 393 2417 680 409 318 37 931 34 820 31 25 1578 23 577 16 576 960 1682 310 2373 395 22 45 326 50 1571 360 468 671 661 1275 150 975 448 636 116 102 98 1479 430 76 864 57 55 978 964 293 547 505 710 802 1616 1343 696 187 486 375 1546 1610 170 469 1010 358 2125 1777 144 179 2557 1211 1021 1473 1233 1031 818 2561 300 297 816 780 776 1269 283 760 275 1220 522 1024 517 515 2074 2071 1781 454 600 1528 1840 2082 1182 30 2189 1242 938 315 952 398 1839 5 1404 2 875 788 401 1324 1532 613 348 2323 130 347 346 1373 1572 1060 1723 443 833 1417 1959 437 88 616 2331 83 1003 1095 10 1111 2296 32
702 478 1204 367 1351 1107 531 474 2097 2 243 394 269 165 2907 73 191 147 1326 973 310 258 130 279 275 323 46 157
706 318 912 40 409 50 45 326 48 51 1427 965 60 820 821 1629 518 313 1077 570 395 1117 851 513 1558 232 75 1231 941 246 744 31 1271 1258 947 706 196 2615 561 719 1504 383 493 525 1838 547 296 875 2847 398 1714 762 92 1926 844 555 913 619 1632 832 125 1257 907 457 166 466 250 680 1829 365 2063 146 251 778 1782 1351 1981 379 511 241 244 243 737 1249 245 248 1738 1025 564 254 957 1116 222 806 1204 1669 1016 367 1854 199 202 255 499 2796 372 713 2905 2126 218 220 500 754 1561 531 1569 817 779 592 391 288 3034 2835 534 533 1217 389 855 269 268 551 552 1362 303 532 270 1564 1739 273 2400 1028 1107 276 1222 860 1100 544 1378 394 942 286 1528 2411 70 581 1180 583 593 328 996 596 597 1841 1717 424 67 71 336 1264 579 2818 2861 991 908 1646 1505 239 872 261 260 1326 986 529 751 536 537 1513 282 1047 1940 208 1389 625 1336 1611 1266 485 698 559 1552 1344 503 711 504 373 507 723 226 1065 165 663 161 447 1061 1539 1191 896 1192 640 622 1606 836 658 1289 158 837 462 353 797 205 369 703 198 201 203 802 505 1862 850 512 1354 740 741 563 756 274 3165 1616 697 696 187 829 443 1409 341 1374 1664 1193 1566 650 356 1198 1549 1608 1610 1546 486 349 283 2087 285 438 618 119 142 145 1038 655 968 157 167 361 681 473 690 1582 2359 3144 64 90 615 290 289 1990 1395 1568 12 1473 795 2676 553 322 1129 1227 611 431 86 580 1668 221 178 787 309 1404 5 1656 2434 28 2549 324 1600 594 997 414 415 600 423 1324 83 1757 566 1516 784 909 211 212 1310 1586 1780 1590 809 264 761 614 1592 764 539 767 1773 775 1048 783 1313 292 857 84 878 1842 1977 375 2384 230 510 725 519 742 249 2790 2785 2111 275 1871 815 543 1788 1808 3250 300 810 1878 174 170 1113 616 1417 107 1286 445 348 1095 1848 1666 1966 350 352 160 357 1334 2125 2076 469 683 144 1464 1498 1585 418 57 2936 1131 2023 827 334 63 426 76 78 900 612 432 436 1479 1631 97 98 2882 53 47 411 1575 9 893 792 577 18 1122 21 22 969 23 588 34 2591 37 1810 1301 1125 320 1126 25 102 1112 105 1085 978 2181 481 1151 2417 688 2169 180 360 1697 1493 845 701 906 191 982 195 2231 495 487 197 468 1146 2352 621 627 1367 635 121 636 122 128 675 147 150 1637 461 661 1143 1144 667 669 671 835 1247 2343 1032 1056 1604 1055 2007 433 1001 69 335 66 1320 327 49 1103 955 33 29 1952 20 586 585 584 2451 2162 1369 4 1416 548 1057 439 108 1761 479 478 364 684 475 1609 176 474 1115 1011 463 2734 665 545 662 1765 838 1007 927 154 151 149 644 135 452 129 450 1962 1893 1031 889 390 1581 841 842 183 192 1087 707 871 2566 506 1158 2136 935 233 1089 1647 3271 238 748 387 854 1795 987 267 2118 1787 1170 1312 858 1149 674 1300 405 1302 1577 323 46 419 603 604 2681 605 421 1478 932 1134 617 100 628 342 117 1634 126 1139 141 2270 1141 152
708 374 1599 1241 205 854 1396 260 749 2241 1937 936 2153 2108 1506 237 1089 562 1587 1753 233 1833 733 1812 935 934 728 720 1159 208 717 985 986 1795 987 529 20 585 1181 584 583 1405 1369 2818 573 1416 1755 396 1596 29 789 2932 545 861 390 541 282 769 537 1090 536 1787 267 266 548 2397 1218 502 1119 959 2675 1423 19 1381 1747 41 1577 1029 1255 2113 322 1579 46 3056 1129 1227 1235 1819 553 1 818 568 740 741 563 852 742 1393 810 321 274 1566 1767 285 1871 815 543 289 2560 780 1803 2302 1679 966 1238 932 86 1083 674 167 471 905 2503 681 473 1581 1306 841 1696 2064 842 703 369 705 1087 1040 2506 690 157 152 1038 615 90 1134 968 2498 617 2499 100 1912 2161 618 2807 1483 1484 1691 894 2684 115 117 119 2501 431 937 176 1953 378 957 226 806 1117 379 851 221 231 242 244 243 385 518 808 1231 241 888 1018 373 695 883 884 699 559 886 1854 1344 897 202 498 2753 3517 1346 500 711 504 941 246 250 251 288 391 1677 778 565 1100 1378 779 394 817 1252 305 1362 1569 551 552 2225 860 186 1222 911 254 255 1356 268 269 855 531 532 389 1217 1739 273 1028 533 538 1251 1460 286 1203 2279 2928 1001 1531 336 427 1053 1326 2007 2513 1408 1057 111 2729 1961 1005 2337 1061 879 69 834 2039 67 823 325 49 995 328 1278 996 413 54 597 416 602 2512 2002 1093 828 607 1094 593 450 133 165 1066 467 1012 363 2361 172 1336 1354 475 684 364 478 1611 178 1014 181 1245 896 663 353 452 796 139 1195 2207 140 797 148 149 836 155 659 660 2124 927 1007 158 1765 1457 844 517 1122 25 31 1299 961 820 1818 18 1111 931 37 40 1810 43 1301 1125 2058 577 960 1234 1015 698 1017 367 372 218 507 222 513 1621 1355 1107 1363 1575 1077 310 893 409 821 45 326 104 105 832 2477 636 448 973 128 1257 457 1101 146 1919 653 835 975 2375 830 491 103 947 53 1900 1901 1080 1081 56 57 58 826 827 864 426 610 430 900 3466 96 102 351 1338 463 295 2 1179 587 324 85 1287 2626 349 355 469 170 179 801 803 522 350 784 1171 809 940 308 1078 311 312 792 320 411 333 2602 150 798 843 487 845 368 982 275 1269 816 300 814 397 400 314 793 595 417 331 335 72 2574 337 91 340 1063 135 151 281 474 261 384 964 79 933 795 3171 342 120 344 124 345 1139 456 458 183 2359 370 1044 387 461 634 1920 1959 107 1284 1722 3235 1060 1763 437 1409 1374 630 346 130 131 2323 881 341 3234 616 2331 1658 1182 1184 594 997 414 415 1051 824 600 601 938 3257 829 74 1003 84 348 454 1781 1006 1852 1616 198 2292 2218 802 505 375 2557 224 1862 850 724 510 512 661 944 492 28 696 2790 1542 1777 160 1008 1198 1334 1291 358 1608 164 1972 1105 1610 177 1246 1013 486 187 1714 1193 315 191 560 494 1495 495 1585 206 1500 1878 1088 211 1931 2618 1932 730 1043 1504 490 1588 489 1153 1143 2779 1242 1921 667 668 671 360 1885 679 2541 680 2181 1151 365 693 1771 1039 736 1926 566 2070 783 1314 2071 2379 547 550 1948 309 2072 875 2000 5 926 1590 1949 399 1773 1708 775 770 256 257 258 1165 262 264 1239 1592 278 1509 762 857 2080 2378 2943
713 54 596 413 996 412 995 328 327 49 111 325 1103 955 33 1599 316 586 331 579 994 1529 1662 335 991 2214 340 109 2205 439 1056 337 66 1055 1265 336 73 1323 1001 69 1094 67 1758 397 842 549 237 729 376 908 208 985 1042 1041 1044 1584 369 183 979 681 472 471 880 799 370 238 239 387 548 390 3103 540 3102 925 769 1046 537 1277 536 1168 529 987 528 260 261 1166 936 1416 2009 391 1725 246 739 518 243 244 241 1353 513 247 2104 1117 1799 957 225 378 508 222 223 851 248 564 251 167 1768 1363 3205 945 394 790 779 288 929 538 1741 534 958 272 270 389 268 520 507 1243 218 2905 467 1011 165 1849 463 162 1290 1076 474 462 158 1289 154 151 149 2828 139 796 837 173 475 480 1553 373 2416 372 712 504 1859 500 204 367 885 559 188 1669 2465 485 1014 1340 178 888 674 409 459 211 2255 495 494 982 368 560 907 514 490 844 487 1771 2169 483 2417 360 661 981 1043 734 736 404 399 398 5 2 296 788 295 550 909 292 546 279 3192 762 278 1592 526 258 461 315 351 147 326 47 320 40 820 1299 31 1684 48 25 21 313 18 577 10 310 575 395 23 50 55 57 457 1257 128 104 103 102 101 98 1271 1749 78 77 76 75 610 864 333 2170 2223 150 24 1714 28 323 322 1255 964 41 19 14 12 1579 8 7 1 2057 2365 2130 1269 285 1567 959 46 1033 419 458 1038 1413 142 141 126 119 117 112 446 2807 2093 1256 618 2161 90 86 428 2404 275 1220 521 253 642 131 130 637 346 1374 341 445 339 2299 85 1603 84 415 594 1840 324 2123 30 645 1083 2045 355 740 944 515 510 375 715 1452 492 697 187 1293 486 1546 177 2653 170 1334 664 356 352 1025 250 792 374 506 235 986 281 782 29 1442 72 89 91 879 2144 464 363 478 499 1619 1351 1238 502 379 841 193 961 900 1689 1101 1571 845 377 293 365 1229 88 348 79 137 179 1685 332
714 1095 453 131 2342 2436 637 645 130 1006 685 1542 3223 352 2488 358 683 1666 174 341 648 445 324 1763 2196 2628 2 2122 5 951 1949 401 404 1714 26 1229 1840 824 2101 2341 107 2044 2193 2008 179 1395 486 7 1576 8 1031 12 19 405 39 41 42 408 1255 553 2022 322 323 46 1128 1033 1 2493 2365 300 492 2334 802 2532 375 3014 2917 510 515 1546 1024 756 275 535 283 285 1871 1269 2130 309 519 295 525 2187 1479 92 1689 97 2251 101 102 103 441 2252 621 1037 636 1633 128 457 1101 2478 146 436 82 2363 900 1684 31 1299 3260 40 409 45 47 50 147 53 57 2223 2170 333 827 75 76 77 78 56 550 835 1275 257 258 259 526 262 527 2418 759 857 1652 770 1175 783 546 292 293 909 784 547 1034 523 2623 736 166 466 671 1922 679 682 365 844 1583 150 906 206 211 561 212 1310 1586 514 1933 234 195 1686 142 79 480 1266 178 1340 1014 181 185 3123 559 199 204 499 504 372 1018 1553 207 2126 218 364 475 176 175 149 151 154 155 927 158 353 1765 1076 805 162 2208 464 165 1011 1065 171 474 173 1336 665 644 507 226 757 272 2423 276 2054 538 1251 911 287 2128 778 779 790 394 303 305 1363 551 1768 270 389 3156 532 509 1799 1117 1230 2173 232 241 244 243 223 245 246 2243 564 250 251 255 1355 1985 1459 941 606 136 450 799 1383 1581 842 193 1644 506 1042 208 1705 236 239 872 2241 261 260 1507 854 528 152 1570 458 145 3278 2025 90 1134 968 617 95 2161 894 529 112 342 119 120 343 344 345 455 141 25 1274 135 1168 541 1001 72 1323 2073 336 2171 1265 1535 1057 1283 91 2205 108 1761 109 340 629 880 1724 71 2039 424 66 1047 390 1595 2162 581 584 954 29 1599 769 2714 327 328 996 413 2717 595 416 331 602 49 23 35 21 780 959 932 502 935 986 2219 412 1007 462 478 1619 1676 22 1726 187 89 347 1254 355 2090 18 577 10 575 11 2373 1575 395 310 1824 28
715 824 83 423 70 2872 1324 829 84 626 1723 2193 1763 1286 445 341 2972 1373 598 2226 594 550 324 1048 783 547 566 1374 788 875 571 1075 2 5 2847 1839 1521 1598 28 1229 992 1387 1600 1540 177 130 2655 1852 198 709 1452 224 850 724 697 510 1556 512 1068 2385 1984 742 746 1623 3519 1342 696 187 453 641 454 1193 3381 1777 2648 355 2125 2411 164 469 2010 685 781 179 486 3023 1293 2891 1944 257 775 104 831 619 1366 621 632 116 1273 102 1037 1915 121 636 125 973 1995 128 3186 3273 1136 555 98 50 51 53 1905 56 965 57 58 1131 2223 60 63 2224 76 78 1749 612 903 436 2296 457 156 1382 735 256 525 2238 258 3010 1651 761 1592 278 1511 762 3192 279 2080 3365 874 1110 773 234 1176 1504 2619 671 2821 1146 360 481 483 1491 2169 180 1493 1583 1432 368 1102 197 211 561 212 1310 1043 274 1473 2979 1756 316 1388 822 994 49 995 327 586 1278 877 1320 596 1841 1717 1321 424 67 996 584 581 579 1506 386 748 387 1166 261 1396 1167 986 529 267 536 1277 540 2860 548 1416 991 2162 608 1094 1001 1531 1539 3038 1724 1191 1062 638 1243 896 1725 640 1965 646 138 1288 2732 1606 148 2083 2124 1061 1089 1573 2729 1323 336 427 1265 2956 2004 1957 1535 1055 1604 1056 1536 1408 1057 1283 1846 108 1761 625 1005 235 935 721 408 1302 2851 2022 322 410 323 46 1128 1033 603 604 605 59 421 422 428 1235 611 2422 1819 39 2679 283 1871 543 1743 289 1395 1803 1568 1074 300 1804 1470 1032 3447 326 580 1475 1381 405 2495 275 1478 79 558 2853 799 1383 471 2503 473 1489 841 1696 1582 192 1087 895 849 1497 208 1501 720 976 932 152 652 431 615 2497 90 1134 968 617 95 440 2964 2447 112 119 126 1916 142 1770 974 145 1082 47 1122 409 1674 255 564 739 243 244 242 241 732 232 1557 1555 511 1117 1864 225 223 2172 898 2126 373 713 1617 504 2049 1561 2761 754 268 552 551 1363 863 305 303 817 394 2771 779 1297 544 503 1100 1377 286 1460 1251 765 534 533 276 1739 1564 270 532 291 1007 2796 202 1011 165 1849 2734 665 163 162 161 1332 2413 1765 353 2412 1282 918 2711 1505 1644 842 1303 959 2672 1714 1308 311 1065 1066 467 1798 199 1552 1551 367 1392 559 1550 699 1449 1419 1668 1097 2752 2742 1547 1014 1544 178 1266 2139 364 684 2221 475 176 175 1548 1578 158 18 395 2079 575 310 930 1472 313 1628 22 21 1684 31 588 2021 34 406 318 912
717 1406 433 1053 1001 1238 2405 1278 49 1055 67 1796 2412 2406 622 1114 1190 644 1390 796 1288 158 321 1057 1951 854 579 1789 1077 2222 1575 395 935 733 235 562 238 583 1879 1396 353 266 536 1277 540 774 396 4 1369 260 665 897 1065 754 268 2394 269 531 532 270 1217 1739 272 1251 911 391 1100 1297 779 394 945 863 551 552 2522 255 251 1025 467 2361 1336 176 691 1204 1669 1392 310 371 1011 1553 723 889 851 241 242 244 385 518 246 247 507 506 893 313 12 2859 1233 959 1804 1808 1395 289 2354 1268 2325 746 580 852 3190 1421 944 731 512 1737 2782 510 224 697 187 2790 1354 1124 1300 1424 502 193 703 2152 473 2503 905 157 152 142 141 119 117 2974 1274 617 3258 1134 87 932 1478 1235 1303 46 323 322 553 177 482 362 1198 481 1695 676 1382 147 457 973 122 636 831 105 830 934 3005 432 1820 1270 63 57 1080 409 1301 407 37 1899 25 23 2169 1122 2183 1585 1193 1877 347 346 341 107 1417 83 2889 1052 938 824 415 1805 997 1229 28 1404 2432 875 309 566 1045 278 525 1590 2031 1495 130 936 16 822 65 335 1442 1056 2516 1243 1335 475 684 364 478 485 2928 1391 186 3224 367 202 498 2210 504 713 223 1351 941 250 534 2582 1584 1792 2401 145 656 912 821 326 1136 1884 1791 653 2062 680 978 907 206 257 98 829 2186 604 410 2843 1 1990 2895 375 486 1972 443 1284
718 824 829 88 1373 1095 1193 349 350 352 1862 1666 174 482 187 198 512 530 1566 2354 27 1608 547 147 1043 409 44 326 555 969 1112 1632 125 1871 150 1258 2230 483 844 1699 1886 1996 560 1997 2916 1310 762 815 260 568 158 1331 464 312 1066 467 1668 559 373 643 222 379 380 1231 247 1025 811 533 391 1297 1116 638 1724 1061 14 2494 62 1822 1634 141 152 690 1698 1158 1646 261 1168 540 791 17 29 996 1442 336 1057 777 1011 1153 961 314 586 1405 1947 782 374 193 1103 167 114 446 740 1106 1104 358 357 1570 593 325 1527 1296 1766 385 1545 478 1411 2820 172 2412 659 1408 554 2039 607 998 329 412 348 881 462 346 131 1682 18 351 1400 693 418 1592 315 28 614 1409
724 240 1651 1165 526 258 523 1466 807 196 216 2067 211 210 1998 764 1585 848 1402 1110 788 1653 3501 423 1528 414 1467 1716 594 324 2531 1317 1712 2 0 567 195 566 294 293 783 773 493 180 560 102 70 830 2352 1366 832 2883 2987 969 915 635 121 128 1636 653 835 150 153 632 1429 1821 1272 701 1699 1493 1924 693 2169 2611 1491 481 679 468 166 1143 661 1637 2290 903 1365 432 1102 900 84 1054 558 799 471 681 473 1490 1084 1582 702 703 895 1644 1497 720 1792 721 167 976 1137 113 628 1913 119 344 1083 972 345 451 1412 1779 152 157 124 1256 233 382 1405 1180 584 586 2716 49 1316 329 1321 1660 2002 424 608 2833 1956 1999 782 541 1089 236 1647 1649 386 748 774 387 986 266 2703 1168 1170 1512 263 85 3395 1822 802 2353 803 1735 224 2160 1616 227 1737 512 2385 563 2443 249 230 1026 187 1105 878 88 107 1890 1763 2008 179 341 1374 641 645 1193 1334 170 1373 95 2238 1871 323 46 1398 59 2024 428 322 1132 1819 932 431 86 615 90 611 283 2851 1785 1462 289 300 2057 1464 7 39 1119 1473 1423 1381 1994 1300 1424 8 63 1720 58 185 1097 1668 3224 1549 2012 1419 1547 699 1392 2801 202 499 500 501 503 1550 691 1266 478 138 149 154 1007 158 837 1765 1332 662 665 467 1115 1336 176 475 1337 364 504 1390 507 723 271 1986 1739 273 1251 2055 286 1422 1222 391 1677 1297 1378 779 551 552 1377 2053 532 1459 2232 1351 1799 1117 1865 1558 241 243 2233 246 1250 1025 564 251 255 754 269 1673 646 3145 556 474 640 1361 104 1900 960 395 10 893 11 18 1122 313 1628 22 589 1123 37 912 407 1364 1425 1125 1965 2797 47 53 1904 57 2906 942 2145 1957 622 1797 1371 108 109 2786 1061 3038 450 1963 2009 896
729 1867 796 482 469 358 1334 453 346 445 1723 88 315 2122 2 296 375 740 522 1468 2037 528 1396 260 261 1044 237 382 2306 1832 707 370 369 1701 183 361 1596 1140 342 446 2161 438 79 1686 19 7 1 275 3100 293 278 560 526 861 72 427 1719 337 2515 2387 444 247 941 599 513 372 2315 1859 2392 367 1015 181 1340 474 463 2317 759 330 413 809 736 383 1931 368 880 477 360 150 2023 2360 320 318 820 25 577 792 396 400 581 1103 328 40 390 458 529 540 1581 167 343 431 611 14 12 2492 274 2491 1458 512 802 2334 549 316 29 996 1363 394 779 1221 1739 251 1231 187 241 464 797 1005 336 335 66 416 507 1528 5 295 262 525 211 848 1257 57 45
731 961 881 348 1095 1006 357 517 362 187 887 131 740 1029 1104 346 1840 341 339 2044 315 398 333 0 393 1500 1703 560 351 1580 2342 960 942 395 242 1619 2752 885 178 478 1004 3001 573 396 562 733 506 502 842 117 431 323 1255 964 1009 2323 1417 2 493 963 1684 2090 959 310 446 358 1584 595 998 607 68 1057 138 158 1290 363 172 385 518 250 392 1252 945 1087 329 412 2124 325 1042 49 1089 260 1396 986 766 1947 549 541 581 586 1756 993 321
735 246 1230 3238 1738 1617 1671 2749 1854 1668 1057 1336 467 464 1893 353 2729 1717 255 1406 1337 1561 121 1677 1884 1037 1915 1841 636 122 128 146 147 286 1143 1258 844 1641 2147 1102 2231 1585 1362 565 1695 1320 580 1316 1974 1246 1666 1193 1373 1286 2320 878 824 187 1656 1653 1651 1043 807 1157 2409 1435 1998 1632 783 20 1349 2441 2336 541 854 1368 1646 1501 2339 473 1383 1735 1431 2448 1304 46 323 322 553 1423 2087 510 157 1112 994 2319 395 2088 1899 407 2599 1780 1253 2431 1898 1141 1321 825 1463 969 1354 893 967 13 612 1627 900 2146 2340 921 63 1900 2801 1425 2591 1111 31
738 193 374 1109 369 1584 707 1041 2344 1368 804 908 376 721 1646 703 2345 729 1877 2152 2564 183 145 2270 458 652 2965 1141 459 157 190 3245 1431 674 3288 472 473 2914 1698 842 2691 237 540 238 2203 400 579 581 586 2399 953 1951 397 1657 2511 1952 993 33 937 325 994 328 2713 1044 789 2932 1506 1834 387 261 260 1795 1172 536 548 1046 281 858 771 2239 3137 541 1047 2706 769 1412 1908 451 1224 290 2056 1870 1767 535 3165 275 3110 2127 2198 1579 940 517 1421 944 512 1295 780 816 300 413 323 410 322 964 1302 42 39 1737 2494 1124 1032 8 959 1576 1029 1 2343 1079 2237 510 228 606 865 90 438 2161 1036 2093 1305 2321 2269 971 342 117 1634 3434 126 1139 1140 446 455 2166 46 3527 2557 375 802 203 200 198 887 2911 492 696 187 1293 3199 486 179 2196 177 697 3528 255 1889 2172 482 2756 1673 1116 957 509 889 919 3037 2759 513 232 2349 242 244 385 805 2126 372 2754 1447 3185 1614 491 188 559 1017 367 518 886 3427 2749 3167 1671 2751 939 204 2049 1451 1866 1231 941 2765 276 2055 911 1376 2524 2525 3529 2400 1676 1296 1072 1073 2773 790 301 302 1226 1071 1097 958 271 2919 248 1738 2327 564 250 251 254 1219 520 268 1107 269 531 1027 389 270 1422 1215 1667 182 485 2137 1281 2723 2724 2726 337 1796 89 433 1283 91 2728 2157 2420 108 1189 1662 1114 2415 2276 2156 427 597 417 331 1093 828 998 335 67 2722 2346 2811 2927 425 1814 1001 609 73 336 2167 330 3063 109 3361 1290 665 463 1011 1798 363 171 159 474 1609 475 684 364 478 178 1014 181 175 1891 838 462 340 111 625 1541 129 1063 2009 134 2368 1725 136 2163 139 2458 3319 155 1289 2295 3149 1972 1704 1666 63 2340 2986 75 3211 76 77 1820 2176 78 430 80 967 1271 903 2363 82 965 56 3523 3522 2592 1899 37 40 43 2594 409 320 432 44 1127 48 50 51 53 2983 2984 2882 411 92 93 338 1995 1784 127 128 457 2478 2180 146 125 1636 150 153 2290 1637 2375 1638 156 351 147 406 123 121 1631 97 866 2251 969 102 1112 1823 122 1790 105 2135 1632 1750 621 116 1037 1826 913 661 931 2091 1596 1753 733 208 345 124 344 343 120 119 118 79 405 1233 1991 289 283 991 49 54 1529 739 243 241 223 221 220 218 888 224 1020 199 176 467 158 450 879 1761 424 504 3013 454 341 9 1121 310 11 13 792 1298 960 2236 576 21 23 25 1299 1123 590 1629 820 2289 963 2089 2088 594 295 292 1592 988 195 2885 365 2583 1146 612 57 326 22 313 945 395 1253 671 174 3524 360 423 938 3161 3131 3197 2294 2637 70 1279 1002 3493 2787 2099 1661 83 1757 614 415 1805 2482 52 951 398 399 401 1656 2001 2261 3150 84 587 315 3206 2839 28 1229 30 2123 2481 404 2804 2550 3107 1287 348 453 642 2045 647 648 2931 1064 3012 357 1009 358 164 469 3526 3327 2333 356 572 132 2792 1603 85 878 2190 2639 2331 2805 2264 131 2486 1417 1284 2265 443 445 346 347 3222 2640 1639 2 296 1432 1642 2147 1996 191 368 494 194 2148 394 2231 2425 495 2255 984 196 1156 490 1700 184 489 1258 1085 2230 1086 1829 2610 2094 169 197 476 481 1697 843 487 1493 2254 2841 845 477 2256 1998 2615 525 257 258 949 264 1171 812 2109 1590 1045 279 874 1943 990 1048 546 293 784 762 309 1414 3525 2096 3419 2616 206 212 214 2941 377 2623 924 3163 219 2258 807 514 1504 735 2621 3162
742 1141 175 2737 474 3112 165 464 665 1332 159 353 2295 837 1289 154 151 148 2278 896 638 480 1613 2279 1097 808 243 244 241 2349 851 1799 1351 2172 129 507 1553 373 1672 199 1854 2048 698 188 884 220 634 880 2337 793 1951 583 1316 579 397 396 549 548 316 2336 1047 282 858 2037 281 1046 536 2119 873 390 1866 2274 595 1328 1189 439 91 554 433 1325 427 2171 328 336 68 1441 2167 335 424 66 599 416 596 69 277 246 248 1645 193 473 145 119 117 1134 2497 428 323 12 297 289 290 510 224 203 2332 84 233 540 584 49 1625 1422 270 268 1869 255 564 223 805 83 218 202 1669 1764 450 108 1056 1604 1055 1406 504 875 309 292 860 1624 1222 1028 2423 1986 389 1216 1459 391 531 1782 2052 1868 520 251 250 1025 2243 1738 269 247 1676 565 773 767 216 635 633 2178 63 313 18 778 2225 1768 551 1363 305 394 779 1297 1100 1225 552 1787 149 529 2609 675 671 798 839 669 1144 1921 150 483 835 267 146 128 632 832 621 1632 105 1112 147 101 1385 2169 295 2625 1708 1511 262 1165 523 1466 736 366 383 2258 211 196 494 982 368 560 1642 844 1402 2 969 96 821 2350 1301 1364 1810 40 407 1899 406 1126 1111 1122 1627 11 893 10 310 1253 395 1896 31 99 45 48 436 432 82 1271 900 1749 78 1820 76 47 75 827 2223 1131 826 57 2983 1426 51 50 2473 1179 2417 592 62 2321 1130 419 1128 322 553 408 39 2494 1300 606 1 2343 926 1269 1871 285 1870 275 2665 274 1220 1218 818 431 894 628 854 1396 260 261 2153 1089 728 1158 1751 804 3183 871 1581 905 471 167 1306 157 458 1779 1228 124 343 120 118 2661 756 2057 339 2334 1670 492 187 801 486 174 358 352 1781 341 1763 1977 1723 833 107 2165 2041 85 1603 70 824 594 1715 1600 324 2044 1208 802 1737 512 1068 1456
743 117 908 237 238 260 261 374 854 528 751 387 707 1581 183 343 674 1142 656 152 459 458 1412 126 345 370 342 1032 1690 322 606 90 1 300 346 760 275 1220 756 515 446 510 492 187 486 179 358 356 348 1287 131 536 8 375 3137 243 541 367 886 204 372 221 957 1351 518 1231 739 250 559 251 531 270 757 534 779 394 945 1363 1768 552 339 1215 188 1014 478 545 1416 579 586 33 328 413 54 596 599 331 67 72 73 434 91 340 111 1063 663 165 1065 467 475 364 772 1417 474 24 835 326 50 76 78 1749 1871 1103 457 335 178 713 378 379 231 380 564 532 336 128 441 102 1757 310 792 18 21 22 23 25 963 406 40 1301 45 1127 47 77 436 1479 338 389 817 575 1931 398 2 296 293 857 762 809 258 150 736 1144 359 360 489 368 257 514 234 734 735 669
749 1312 1264 336 1001 69 1094 67 335 331 996 412 328 994 1599 316 1181 582 579 1369 549 548 748 2702 260 854 987 536 545 2336 540 774 537 532 384 603 323 322 3006 553 580 12 1233 1129 568 1074 1991 289 290 543 2354 275 274 2534 1389 932 795 1260 733 208 374 1581 473 681 905 431 157 1038 344 119 117 2161 1822 1134 90 152 89 154 1005 2126 1553 1217 272 1028 533 534 1251 3034 391 565 1100 779 1073 394 223 202 222 889 928 531 269 255 254 251 250 246 941 1231 808 518 243 242 851 1351 817 303 1569 464 463 665 1332 158 270 151 149 1606 796 135 2880 450 1539 447 165 1066 467 1115 1363 551 552 2086 1016 559 1449 1057 883 2279 1014 691 1611 1338 364 176 1668 756 485 522 1111 820 31 25 313 18 16 960 792 1627 310 1575 893 1122 37 318 320 407 821 102 98 432 612 429 827 2223 1131 58 57 1905 55 326 45 1578 409 1080 63 121 936 49 1055 1371 1063 478 378 1116 1117 379 385 268 389 945 1623 935 506 1238 502 128 1143 484 2432 2433 1229 1842 627 1417 1393 959 964 46 2321 966 617 1666 1367 507 2939 1334 355 454 130 2436 347 346 341 1723 84 83 1532 1324 938 423 1608 1610 177 1546 746 636 253 2785 563 1354 512 824 510 375 1348 803 697 1342 187 486 224 1602 517 324 1310 211 845 844 487 365 689 1043 688 481 978 1257 1382 457 973 1600 1151 1590 680 525 256 1242 5 2 875 309 1519 547 28 1838 293 1048 775 1651
751 1320 54 413 328 49 994 586 993 782 400 2861 599 549 593 1596 72 331 602 335 67 1094 336 427 1719 433 554 2515 880 110 340 417 541 193 537 446 2974 634 342 117 119 344 126 1139 1038 458 2564 905 979 841 842 369 1787 528 854 263 260 261 1046 749 1505 238 1705 1158 502 871 387 1063 508 796 226 379 380 513 241 244 243 1231 941 246 2529 250 251 255 531 1985 928 817 2161 394 779 1296 392 225 1221 534 533 272 1217 389 532 538 138 223 221 797 149 151 154 158 462 665 463 464 1065 363 474 172 176 364 480 178 220 805 218 373 504 503 507 202 559 698 1015 491 181 1340 886 95 547 1686 150 351 1382 680 688 365 1385 1771 487 844 845 490 906 368 2376 211 1043 951 2 295 2187 293 783 457 2528 1045 1592 525 736 383 1504 279 399 128 116 1363 395 1575 2401 310 312 18 1122 313 25 31 1299 820 37 40 320 45 832 102 612 900 78 1820 121 921 2170 2223 2597 57 326 47 333 438 315 592 227 510 1021 512 1352 253 522 1218 1220 275 283 1269 816 300 2057 1464 1 1033 46 323 322 1255 964 1454 2895 1424 19 580 2677 959 402 42 28 1453 802 324 1600 1840 938 1603 88 1959 2044 1723 445 341 346 347 130 131 1064 1006 492 697 2790 486 362 170 217 1104 469 356 355 354 352 2074 683 1768 348 518 945 778 1460 231 1351 1619 485 478 1192 337 1717 2412 733 912 621 396 309 2226 1239 1373 187
754 1033 2365 1128 323 2494 7 2057 1269 581 1218 519 803 802 1857 1856 943 79 274 894 749 344 260 9 2037 281 1046 263 497 388 1706 804 705 183 471 458 1876 451 345 120 496 1600 492 848 2425 1146 671 661 150 835 103 99 436 900 864 57 1127 25 11 575 1402 2334 2033 949 177 1375 352 341 445 107 2101 2165 70 1183 2336 3277 26 926 2625 2035 262 523 373 2308 1768 507 1351 1799 2349 241 243 246 247 2571 251 2052 389 1739 1221 1624 779 394 1363 520 2048 2467 474 480 316 328 66 335 72 427 1283 91 2171 1332 94 1726 149 151 2338 154
757 1400 122 636 98 1884 969 1585 121 719 1842 775 875 3279 1656 2549 829 83 84 1883 1651 96 86 432 107 1253 1575 1789 893 1298 18 313 31 820 407 821 1126 1905 63 80 900 967 612 2319 1723 341 355 336 1264 1055 2727 2513 1057 2157 1189 2346 1114 1615 2355 1129 2910 323 796 149 151 1005 2734 424 1278 87 795 617 1822 3280 119 157 905 1321 488 748 1937 854 1261 583 584 2399 49 1640 431 464 364 394 1362 1569 552 553 2343 1464 275 779 1354 512 510 1977 200 1342 486 1546 1666 3190 176 1100 391 1668 1204 883 1397 507 1116 1351 379 1676 1866 3033 389 1217 533 534 286 1359 288 269 135 188 257 258 1502 195 489 844 694 484 1147 466 1382 661 156 147 1636 143 973 635 1650 633 2930 1516 1848 642 454 2193 1417 2332 2190 1324 3187 3309 2632 2 2945 2000 309 2431 550 292 2477 830 1112 220 221 223 511 1865 232 244 1809 853 255 268 532 2128 291 1677 1297 2582 218 373 372 504 903 57 326 409 1899 406 899 22 357 16 395 699 559 2749 1671 202 498 500 10 465 28 187 65 2002 54 327 2452 585 1316 579 177 774 771 769 1938 239 1647 516 1260 67 1406 1758 89 1203 691 686 475 172 1115 1011 1849 1753 665 1331 836 1607 1390 646 452 1191 111 662 720 1369 717 289 290 543 777 283 535 2111 746 3184 515 230 217 1349 710 709 198 697 1788 2949 2785 1804 297 703 2914 473 678 674 145 142 1139 666 1274 422 1302 405 35 14
759 1196 1546 685 174 170 1009 1334 352 801 683 187 512 1343 1452 802 803 224 227 510 725 515 649 1023 696 2074 458 648 2659 1714 26 324 594 824 600 601 3251 70 613 1661 85 878 616 107 833 443 445 341 1373 347 2645 1542 1421 940 741 145 644 136 1965 452 1892 631 1061 109 1760 108 1059 439 91 2725 1001 1441 335 607 424 595 996 328 1390 138 148 149 372 503 2752 367 559 1204 1549 181 1266 687 480 2274 364 474 2736 1065 165 353 837 158 927 155 657 154 1337 49 2287 2716 2775 1647 562 1833 1368 1646 721 720 1159 193 703 1506 842 2271 690 1581 473 681 905 471 157 1141 2029 652 2064 713 748 749 994 822 1599 316 1181 584 2081 581 17 991 2709 387 1888 541 772 858 280 2119 2838 873 529 263 260 261 390 2270 373 218 59 332 2024 1132 1235 1769 932 81 1134 1822 1825 1483 894 112 2448 118 119 120 343 1634 972 124 345 1130 605 46 323 1559 249 745 810 756 275 283 1269 815 543 289 3217 1802 862 568 818 1680 7 1381 1424 1785 1255 553 322 1395 1918 2239 787 251 1025 246 941 1231 737 243 244 242 241 732 255 232 1117 1351 806 226 2232 1116 723 1673 223 507 898 1230 1553 754 268 571 2 1597 2978 1712 3228 1656 926 552 1363 394 2052 779 1225 565 1296 288 1222 911 276 1028 389 532 269 544 646 1950 395 1998 197 1156 196 1704 847 2845 191 1432 844 843 180 1385 365 1086 2230 679 1258 360 168 671 466 166 1382 2779 1638 1637 153 150 561 212 216 807 1653 773 523 526 1165 1935 262 264 750 770 1110 3150 1932 293 835 1766 462 1007 2512 586 1090 935 740 1777 1006 1095 348 0 1500 693 1245 147 783 146 55 1902 2984 53 51 326 23 45 44 1126 821 1125 1810 40 37 34 1575 9 1629 588 310 930 31 1298 1636 960 18 1122 22 1904 57 411 334 2028 2179 128 1995 125 123 122 121 633 826 915 832 1632 105 104 25 103 1823 1631 93 436 1272 432 82 1365 967 900 555 969
761 289 1788 290 275 760 756 522 515 512 510 724 227 224 375 505 1871 1454 656 1568 905 840 157 802 152 145 126 344 118 342 1134 795 1991 431 1129 46 322 408 39 580 1473 1 818 568 1464 1074 428 187 209 179 680 360 675 150 975 636 632 2477 915 2178 555 432 610 326 47 411 821 409 40 407 34 31 25 22 313 792 1078 481 365 487 844 1608 355 346 341 1723 107 70 324 1182 1598 2260 295 566 486 1177 1708 767 857 1592 262 809 736 719 841 1585 493 1926 490 990 369 450 934 531 269 1107 370 255 254 251 564 1459 941 513 223 507 373 504 503 202 367 243 389 533 534 1077 57 278 1229 2334 198 1767 119 842 246 1624 817 394 779 1225 565 778 391 911 559 698 754 478 413 328 49 994 937 29 316 485 20 584 579 541 537 529 1396 260 388 237 1089 54 416 1231 336 69 837 1765 665 463 464 165 1065 1115 474 158 364 151 797 1606 644 640 135 1063
762 1086 365 1385 2425 844 494 847 1258 2837 1146 835 839 1253 1575 10 893 11 25 2592 1899 44 326 900 1821 1112 103 1790 1632 3157 1637 661 671 588 1797 1225 2160 375 505 3263 2353 2013 1858 943 187 486 3099 362 1334 2382 2074 132 131 2300 346 1723 88 70 3254 2294 3262 2441 3197 2301 1458 3151 3170 1424 3346 2827 2674 3200 2824 3208 2303 2997 1119 402 1118 1680 568 3136 1224 1223 2492 2665 3110 2973 2111 2491 742 3131 3161 3035 845 1641 1085 1636 122 1037 969 967 3530 2473 2340 63 2023 420 2882 1425 2594 318 2591 1123 1122 577 792 1682 395 981 1926 560 1703 414 1805 3160 3196 2482 2481 3206 3345 2261 2001 1656 393 1255 1594 279 857 1173 2780 750 1165 809 3253 736 383 2257 493 2297 2166 1686 1130 2312 2311 1448 1446 1731 2310 2309 1850 1202 1201 479 2463 2520 1730 2739 2462 2738 2737 463 2518 838 2083 836 3201 2517 3209 1204 2047 1205 534 2400 269 1231 2758 511 508 2756 2317 2316 713 2051 797 2050 1859 499 1672 3344 897 3404 559 2143 1207 2746 2313 1206 2315 1746 1004 1114 1752 1160 376 361 157 1142 656 152 2029 1779 2502 2686 2398 1692 972 2026 2500 2161 440 1822 431 1132 3068 2843 59 1832 2305 2306 3101 1761 108 848 2387 794 331 825 416 329 327 49 823 444 937 2399 397 2708 791 1595 2307 2706 2118 1089 382 2965 2508 1103 2255 290 1402 599 1093 335 2167 2171 427 596 91 634 834 452 136 140 1727 880 149 413 2308 388 749 261 263 854 873 328 1172 2119 1046 2037 549 1596 2141 2838 151 2338 158 941 246 1025 251 1809 520 1866 2052 271 779 2774 394 1768 2258 855 243 244 241 1332 464 1336 364 480 485 1016 503 507 1351 1799 1455 2759 381 2349 2034 2419 474 1751 2814 878 2299 2041 2639 2165 85 107 1722 339 445 341 453 882 2044 3107 1757 2637 2033 237 949 262 2035 2378 566 295 2480 926 1242 26 1659 324 1183 1665 1375 2804 3281 553 322 62 2024 1227 118 120 124 2270 1141 1792 183 358 804 2840 2494 7 894 1857 496 497 1856 3199 802 803 850 512 1867 1218 274 275
767 1581 690 1698 2784 799 678 681 703 1238 1109 871 2506 2507 1830 208 1042 361 369 674 1480 652 1822 2498 1158 95 440 100 618 2093 624 628 1913 971 2026 2501 1692 2502 867 2564 1832 1181 2305 2307 2932 1595 789 396 397 2202 2162 782 15 314 1241 954 2308 29 1599 1134 1318 583 2136 1047 814 1587 2965 382 236 1834 748 1163 1166 772 2069 1795 950 987 529 1941 2569 1513 766 854 615 1737 2025 743 1559 745 2559 521 1026 755 3120 519 756 3165 1268 1566 2354 763 1269 289 1990 2665 780 741 512 3090 3095 1293 187 696 1616 887 1106 1456 201 715 1209 1861 850 1263 725 2301 1982 505 2114 2130 1992 1577 2022 2113 322 2092 1686 605 1130 39 59 2874 3068 421 422 606 1227 1769 431 2496 816 1424 2831 891 1074 300 2365 2493 2562 818 1 36 1680 1119 3208 12 14 1473 580 2200 1747 1118 593 663 994 1859 2315 1860 503 711 2050 2959 712 2051 713 373 2316 2907 1018 2317 1019 1553 499 204 897 885 687 1611 956 1266 178 1851 1340 485 1020 185 2209 1204 1205 2465 188 2521 559 1016 2280 718 888 2579 757 272 1028 276 533 534 391 778 1739 1296 1225 544 779 301 2468 3205 551 2654 565 2391 856 532 223 723 1116 889 1981 379 381 1267 389 737 739 248 1025 744 524 1215 3272 2395 1231 2799 1201 479 1957 1843 2515 434 439 623 1760 1762 1720 444 111 2367 2731 1961 1005 2575 2214 447 340 1573 2204 73 327 996 329 877 595 416 1321 825 336 1529 335 608 918 69 1185 71 1001 1718 828 823 879 129 1765 1076 1290 162 2518 2348 464 1849 838 165 1066 1335 1200 1012 173 1609 2739 2520 1065 1764 158 660 638 133 1192 135 1725 640 1965 136 1289 1195 140 1606 1607 1967 797 2517 2083 659 2207 922 486 570 22 23 1299 395 961 962 1122 1108 318 821 1578 45 1127 326 963 1768 1363 945 1216 2763 2764 1422 811 958 538 2128 2212 2129 291 1073 790 394 817 48 531 51 826 3168 3129 2539 1791 2477 633 106 1826 128 2028 146 147 975 150 2939 621 619 913 333 334 2175 610 75 78 1749 1271 903 2363 1479 2177 97 2251 103 418 269 1107 268 176 475 1881 364 480 1338 172 691 181 1097 186 1614 491 883 1014 474 1115 467 643 646 2163 796 139 149 151 154 657 155 462 163 665 463 1011 1015 1615 1550 1017 244 243 1621 808 738 245 890 246 564 254 1214 255 520 1622 2110 241 2375 232 513 367 199 202 372 2881 1210 2126 218 220 221 507 222 508 806 231 2908 134 661 668 1526 1184 414 1051 1602 824 1600 601 64 1324 74 1003 614 1603 2483 324 1659 1182 1520 1049 571 2870 2000 1597 1949 3070 587 1317 2871 27 2434 1050 30 88 875 2552 2101 664 1334 1199 1010 469 1104 1008 362 1105 1610 685 2195 2489 1546 174 649 2487 1194 107 443 1723 1409 2972 1572 630 1410 641 642 137 645 1781 2045 1006 435 1948 1519 296 870 1583 981 2612 701 907 2182 1926 1702 494 2148 495 848 1156 560 1493 487 843 868 670 1146 1147 468 676 1694 360 679 2230 680 978 682 2181 689 197 2616 211 213 2780 1173 770 1943 2070 990 1048 393 909 1838 2071 547 294 566 550 1592 2540 750 1165 1310 377 216 722 1402 2618 514 1043 1504 734 383 1588 736 1590 523 2868 452 588 629 833 2193 445 341 454 2554 350 356 357 1333 358 1608 683 170 482 2196 179 3023 697 492 198 620 200 2191 2331 783 292 293 784 1837 2187 309 399 401 1179 28 992 2082 592 1840 1183 594 423 70 2263 83 616 803 375 224 8 35 405 38 553 3006 46 419 603 795 90 438 617 1305 446 114 342 117 119 904 126 297 1991 1745 2560 230 510 1352 515 740 563 746 522 1468 530 1176 1218 275 535 283 2492 1767 1871 815 777 543 290 1220 1139 1175 773 40 43 409 320 411 47 53 57 827 63 864 426 76 77 436 338 102 441 3020 105 627 407 634 406 590 2362 2470 2373 575 13 577 308 1077 1078 311 10 792 1298 16 18 1683 313 403 21 25 31 820 635 448 2180 195 1831 2867 1931 807 730 234 735 525 257 258 809 526 1438 759 762 279 2185 767 768 1110 2822 982 191 189 156 1144 667 669 359 466 2865 671 675 477 2259 481 688 365 366 484 2254 845 489 490 1432 906 1151 1140 1037 579 417 597 596 54 413 328 331 49 33 317 1952 20 586 582 325 581 2002 65 1040 1188 1057 337 1055 1758 1093 1265 72 609 794 2039 67 424 2171 1844 1041 1369 384 237 2220 1705 562 1753 238 235 728 721 720 1752 376 908 233 400 239 2419 991 1416 1755 548 390 771 1162 769 2119 1168 267 263 260 261 536 2205 108 1761 716 141 1876 145 458 459 655 152 656 374 905 110 625 707 193 157 370 183
768 1418 246 2743 2756 1351 242 243 2233 941 247 928 1809 754 474 270 1217 1739 272 2835 286 2769 394 251 467 1059 1332 3374 2480 323 3233 3209 779 388 261 263 854 529 1172 541 2708 579 1316 1278 1321 335 2167 1057 1726 1331 464 328 1354 1646 1315 1656 824 70 1324 83 1417 1286 341 1193 355 160 1342 224 510 1021 512 473 344 1134 3278 2024 62 1239 1128 1302 568 1679 274 519 895 322 262 1165 807 1272 432 900 921 1905 1900 1632 326 407 31 1298 893 1253 395 409 1569 632 636 1495 1308 484 1385 481 1695 121 1143 835 147 1636 146 1257 128 1637 1363 552
770 778 260 263 266 536 2810 281 2037 390 782 1596 261 1755 397 579 314 316 2714 329 413 54 595 599 1416 749 388 237 615 438 1822 446 120 343 344 124 345 451 142 458 471 473 1698 1792 183 703 369 370 707 871 506 335 1001 1323 431 220 221 507 222 225 957 1799 244 243 518 744 254 268 2394 855 531 1357 389 270 2400 1221 2428 1872 805 394 218 372 1283 91 439 1797 340 834 1965 149 151 154 2083 158 665 165 1011 474 1336 1730 480 1669 2048 367 504 888 2171 310 1129 839 466 670 675 468 360 1151 365 845 490 1926 493 706 1997 2425 1931 1588 262 1239 759 857 1110 2259 166 2624 1639 1400 3141 576 18 22 25 961 407 44 411 47 326 2882 1903 57 60 827 432 102 441 835 150 2375 661 667 605 783 393 683 1104 170 362 2010 492 201 802 803 224 850 510 512 740 742 530 275 760 815 1360 300 1032 1685 469 546 358 352 293 784 295 309 1404 926 1317 592 324 1600 1955 414 824 83 1757 1407 85 2044 2008 445 881 1193 1006 357 79 283 3101 1004 2812 1762 1761 108 3291 2387 1719 73 2167 828 2360 328 327 49 1103 2141 2708 791 2307 284 1709 2118 986 2419 1706 382 2965 235 3003 1833 136 3201 1207 2746 2313 2465 1206 1205 3216 2047 1204 3209 2312 2311 1448 1446 1014 1731 2310 2309 1850 1202 1201 479 2463 2520 2739 2462 2518 162 2460 2338 2521 2508 2306 1686 1034 2166 1033 46 1255 3170 42 2494 1424 2831 2304 19 2827 2674 3200 3208 2303 2997 7 402 1118 1680 2493 862 3136 1223 1269 2492 1035 3110 59 2843 2305 1832 1752 1160 376 1042 705 192 190 1701 842 799 361 656 152 1413 2502 1692 119 2500 2161 440 2499 95 2355 1132 606 2321 421 2496 2143 2517 2314 1173 279 2297 2298 2625 2001 2261 3150 404 24 3195 26 2123 2481 3160 1805 3035 1051 3161 3131 3197 3262 2294 3254 2637 3051 70 878 2299 750 3009 1165 949 575 10 1682 577 1122 1299 318 319 418 420 2778 2023 63 2473 88 1271 2352 2180 981 560 1703 494 848 1402 383 736 2033 2621 2430 259 101 2101 2035 1723 2973 1816 302 779 392 2526 1739 2395 2052 564 1025 247 245 513 511 508 223 2317 1018 2316 713 2051 2050 503 2315 1859 499 2392 3289 2111 3100 246 3120 341 131 645 2074 1334 1375 3099 3198 2781 187 496 497 943 1856 1857 3133 519 709 2013 2353 3263 2160 227 3358 2301 1867 2335 1458
771 1334 357 852 2411 1444 3237 469 1352 2655 802 2557 227 648 1729 1193 398 620 1605 2552 88 2190 1279 423 598 415 1182 2531 1523 2635 2443 642 1623 674 1991 5 681 1306 3207 666 459 2029 974 1770 1692 2447 2446 968 90 86 1428 1819 1395 1568 1808 568 8 12 1788 14 2894 1302 1577 2113 1129 422 1473 1315 916 1520 2375 1488 150 975 2180 457 973 102 338 1479 2224 58 3282 53 47 45 320 2222 792 1628 403 21 22 156 1684 820 1630 406 2593 318 43 1299 2 661 680 1711 295 2322 2071 2097 784 2909 781 1945 990 874 279 857 2159 262 525 736 1491 1039 489 3242 191 1702 2609 493 1786 2231 495 1585 1935 383 2421 1696 1616 1582 966 932 2355 81 431 615 1304 617 1822 1478 1910 628 2684 1274 119 1634 141 142 1487 1038 112 2270 1236 3438 2343 1119 959 580 1898 1124 1300 1079 2925 1235 1785 2022 322 410 46 2910 603 2404 2321 1132 553 2673 1141 2691 728 935 235 1260 1089 1437 1044 2775 1879 2952 936 261 260 854 987 1593 536 537 540 917 1937 157 720 2537 1431 1083 167 1084 473 1640 1643 702 2152 376 895 205 374 2344 506 1877 985 208 1501 1645 1040 2534 1464 1804 432 1365 612 2604 967 900 1820 2340 921 3531 827 2597 57 1905 418 1080 1426 326 821 2145 1131 409 2319 1112 1636 146 2884 2296 1257 128 122 636 121 969 1915 116 1367 1884 1632 831 105 1790 1823 830 1037 1301 1364 912 2218 1452 1348 850 510 512 1984 940 1456 1896 1354 2785 253 746 756 2087 1462 1744 2057 1361 740 1253 1575 9 37 1899 899 1111 1818 1629 961 1123 2588 31 25 313 1122 18 960 13 1627 930 893 310 1789 541 147 1312 1369 2349 242 243 385 518 808 1249 1231 941 513 1738 2529 1025 564 250 251 1809 853 255 2993 2243 1868 1800 1455 1855 939 202 1397 713 373 2907 2905 2126 1555 898 2172 222 226 806 1863 1351 889 1864 851 507 1854 1215 1778 286 1359 1377 2770 392 1676 1296 565 1100 542 544 1463 394 1362 863 1569 2019 552 2225 842 779 2522 911 1294 754 1356 1782 269 1766 531 928 3033 1459 1251 3225 270 1564 856 1217 1739 273 272 534 3043 389 1552 1016 559 1530 67 1094 2039 1442 794 336 1264 1265 3000 2156 433 1282 1958 1796 89 1057 1846 2728 1189 1443 1114 66 1717 2162 1405 1522 583 584 585 586 314 2854 1321 1951 1103 593 1953 994 2716 49 996 1092 1841 1439 2730 2786 1005 665 463 464 1066 467 1012 172 176 2740 1245 684 364 478 1202 1266 485 800 1418 2743 1668 3175 1332 2407 1331 1539 1541 2516 1892 1243 896 452 3149 1965 643 1390 2458 1606 2075 149 151 2288 1007 158 353 2144 1596 835 1441 1638 1161 1647 237 1506 986 2118 1513 769 774 3029 549 2955 4 2861 2452 1241 3283 822 328 1278 3173 721 1158 2877 1401 454 1095 137 1244 2931 355 2650 1969 362 174 597 1972 2653 1546 486 1292 2948 1293 187 697 849 1637 1105 417 901 999 1550 367 2750 503 711 372 1553 218 3048 1557 185 1865 1985 2395 765 2128 2129 3215 778 1225 1297 817 1866 1664 1548 2139 918 1000 1001 1718 1326 3178 1389 109 111 2575 1611 447 1191 1192 796 139 1607 659 2412 165 474 475 1962 1964 1666 881 1157 211 561 212 1930 2403 1310 719 722 2618 1043 1502 1504 1414 1165 1239 278 1064 539 2930 775 1653 1262 1313 1780 393 2409 1998 351 1143 2062 1695 1258 1085 978 2094 481 693 2063 1435 1771 2147 1996 3065 1926 560 1102 982 1495 1793 196 197 844 1516 2528 567 1815 1322 1324 829 547 84 2226 2006 2946 2332 1058 1417 107 1284 1286 1663 341 3047 2300 130 132 2848 1602 83 951 875 2628 2432 1597 1404 1712 3366 2480 1656 1242 28 200 3388 1658 2549 1716 997 1805
773 845 844 360 1148 1153 978 365 693 982 2541 493 809 1928 3284 1157 3124 736 2779 3285 383 539 1942 262 983 661 1019 915 293 1765 609 1788 543 341 57 1575 2245 792 22 150 25 820 821 320 45 326 2250 610 2603 80 96 103 1299 550 1121 296 2515 336 72 3121 69 1093 331 417 416 595 413 328 1103 955 91 316 1181 581 390 917 2037 281 1046 536 1261 529 260 261 388 237 314 1089 439 340 305 295 1225 778 1028 389 890 1231 808 244 222 1018 372 367 1760 1015 2279 181 1014 1731 474 464 463 663 158 797 1606 140 1195 447 2280 562 559 985 512 1021 724 224 1618 1209 375 2267 492 187 486 1546 179 177 1456 685 1334 647 645 637 1723 2006 414 1182 26 315 2 728 401 2802 358 1457 88 522 183 842 742 370 1581 471 458 451 1140 1139 120 342 606 62 840 1255 1218 2268 1129 275 763 1743 568 369 1680 7 1032
774 650 1095 1612 1610 1105 1729 362 170 683 2102 469 1375 1969 557 1334 1009 160 355 1848 1777 2488 2654 648 1008 2657 2234 731 1023 727 641 512 724 850 2658 1979 217 375 486 1208 802 709 201 1616 1853 1852 1343 697 696 187 1975 710 2873 997 1964 1955 1183 1600 592 819 1182 32 1658 30 1229 28 594 1598 1523 2433 1714 2189 1242 1656 1521 574 1354 1839 2480 26 348 414 824 1064 881 130 2436 346 2891 1540 1373 2789 626 2342 1602 1663 620 1605 616 2946 84 614 613 1324 2872 601 600 443 740 1686 852 90 2351 615 431 1783 966 1478 1769 1819 611 428 422 3515 421 1130 1129 604 603 1303 323 322 2113 1476 1134 438 2998 617 2783 1712 1228 141 1916 2398 972 1634 904 1274 2448 591 115 113 2151 1137 1484 1483 2447 1482 2161 1912 2446 2897 114 1302 2422 2895 290 2918 1223 1871 285 1461 283 2199 1567 760 1566 289 1268 2086 756 530 522 747 746 2197 2443 743 2558 742 274 741 1990 1991 1785 405 1300 1994 2893 1475 580 1473 1032 959 7 1788 1 2673 2386 1464 1804 862 1074 1568 297 1360 1395 2671 818 951 318 1315 457 2296 1257 973 122 636 121 633 1486 1791 1367 1399 621 1632 1366 619 831 1112 969 98 947 1479 2469 1917 143 2884 2940 481 978 680 1148 1258 1695 1147 1922 671 670 466 1272 839 2062 351 156 1637 1488 153 150 975 1636 3241 2115 1382 432 2970 612 2058 899 34 820 1629 961 589 25 22 403 1254 2593 1628 2586 1122 18 577 16 792 930 893 1077 395 974 313 2169 1899 2594 2146 76 426 334 1131 58 3385 57 965 56 1905 912 1904 1427 418 1902 53 326 411 44 1578 2797 320 409 2778 5 180 2063 767 539 764 2080 857 762 278 1651 1239 1510 1509 1650 2159 2377 262 1165 526 257 256 1780 1648 1589 736 773 2869 775 1176 1404 1597 2632 1049 567 1711 550 1517 566 547 2071 735 1838 1516 784 293 393 2888 292 1313 783 1515 781 990 2794 1588 383 1936 1928 1927 2421 847 1495 493 1102 1309 560 191 1155 1786 189 701 490 2612 981 845 1641 1699 1039 844 2065 1771 1926 484 1997 1585 1935 2184 1934 1043 2619 1933 2618 1402 1931 722 2887 848 1310 213 1930 2479 561 211 1929 2376 209 1502 1498 1998 1831 1779 49 2357 1097 846 1548 485 1547 691 1731 178 1266 1611 2391 478 2463 2520 2740 2390 2739 2462 176 186 695 2012 1205 501 500 1346 2752 202 2078 1894 199 1552 2820 1551 3145 1392 1016 559 1550 699 1615 883 1419 367 1336 172 474 2732 140 1288 1195 138 646 643 1965 1192 1606 1243 1191 3038 634 880 631 1539 1061 1573 629 1963 2796 1607 658 1012 1798 1445 1065 1011 165 464 2208 463 836 2518 665 662 1330 1765 838 462 158 1007 659 2734 1860 503 2049 778 291 392 391 3215 1099 1359 286 538 1071 765 533 276 2400 757 1217 271 2053 1564 389 534 2395 1296 565 1417 1284 568 363 2522 1379 2239 1363 1569 2318 863 817 394 1746 1469 779 1378 1297 544 1100 1362 447 531 855 1555 511 1981 1863 2232 225 223 2756 507 1557 218 1020 207 1553 714 713 372 3376 1617 504 718 1562 1865 2908 1778 1069 2168 1868 251 250 744 1025 1213 1558 246 1231 1249 1866 2233 243 242 241 3004 232 941 1005 1001 625 267 3214 987 1938 1795 986 854 1507 1396 260 261 3188 748 237 1647 1089 1260 2700 382 2118 753 1787 536 1178 2954 549 548 1947 545 782 2336 1880 562 390 1312 541 917 772 540 771 1046 537 1090 774 1587 1999 235 1492 1792 1582 692 1696 841 1489 2951 473 488 681 1383 1141 1082 1570 1083 167 1084 2786 361 2503 1596 2339 1701 233 733 935 728 720 3184 208 1499 717 3423 985 506 374 2116 1238 502 1040 895 370 703 1497 396 849 3 1406 1264 336 1718 2863 1000 2720 69 2039 433 1094 67 1530 607 66 1093 1660 599 1321 1717 608 1841 2040 1534 1797 108 2708 623 1188 622 3097 2406 439 2004 1370 1057 89 1408 1536 2513 1056 1604 1957 2007 2043 597 1535 1956 1952 316 2712 314 2452 586 584 2451 583 29 579 3350 2162 1369 2861 991 2709 1320 2202 573 17 1599 1180 321 1092 2717 54 2714 413 329 1278 412 1527 328 995 3106 1601 1103 3042 994 1091 823 1953
775 698 559 367 939 2392 2521 1859 1617 373 1733 2752 2047 485 186 2317 181 1731 480 364 475 1065 172 474 467 1066 1011 695 218 1107 507 860 165 1222 533 1217 856 389 531 1766 855 268 744 1738 220 1213 941 1231 1866 518 385 243 244 242 1555 1117 957 508 2172 246 463 328 462 331 825 417 599 416 597 1889 413 329 412 1527 2287 325 1093 1103 316 1756 2510 15 991 397 548 541 814 769 1046 537 2770 33 663 335 2039 158 2083 151 797 1606 1288 796 138 646 643 896 1892 880 67 1061 447 625 340 2812 1114 2205 439 2515 554 1719 336 1001 69 629 1625 620 1378 2569 443 637 645 352 1610 482 3082 2926 815 543 1295 3182 1 2997 2303 2674 2827 1473 19 35 2092 3056 604 79 2499 1825 2788 27 952 951 575 576 21 23 318 50 53 77 1270 900 2363 103 633 1483 661 184 706 211 213 722 1931 279 2185 770 3152 295 296 2 1923 1913 451 183 657 660 1881 956 1543 1266 178 1340 1014 182 2745 1015 372 133 714 231 1230 739 272 958 565 790 305 1363 1252 817 394 779 723 778 1724 91 192 370 1584 374 376 1160 1752 720 382 1506 1834 748 528 2157 752 925 20 1657 1599 955 823 595 602 2844 72 73 427 2725 2037 873 142 2118 762 1592 1438 526 258 525 1590 736 735 1588 383 734 234 1173 1043 1402 212 210 848 495 1997 494 493 560 191 906 490 489 1932 1110 783 293 347 1168 445 1060 1723 1759 437 88 616 3107 83 1003 613 423 824 1715 1183 1600 1182 1658 30 26 315 587 926 1712 5 1404 0 845 131 2402 487 333 1904 1902 326 47 411 45 2797 320 409 1810 40 2059 2023 1111 961 25 22 313 577 1474 960 792 1682 310 1078 2373 308 820 334 426 2602 843 693 1697 180 366 365 1151 680 360 468 1147 466 667 461 975 835 147 1636 457 122 121 1037 632 832 1823 441 102 436 1365 844 454 324 2074 1129 1748 431 2682 795 90 617 2161 618 2500 115 342 120 124 345 126 141 2502 1413 1038 459 46 655 323 1476 517 940 1457 519 742 522 3359 756 2661 1218 275 1871 1223 1395 300 1680 1029 7 3208 42 1255 322 1421 157 976 2306 3101 1999 562 1705 1089 237 2825 1044 384 1505 387 2419 1166 261 260 986 1795 1938 1940 266 1832 2691 721 2840 840 674 3115 361 471 905 681 979 841 1307 842 1701 369 193 1040 871 205 506 1877 1499 208 908 1006 1984 227 512 1008 357 1198 1009 1334 1375 170 362 179 1777 1546 486 358 1852 187 217 1349 375 1862 803 505 802 203 200
776 1815 130 881 170 187 323 756 285 553 322 446 324 510 2 411 525 23 409 320 45 1646 47 50 116 636 128 146 661 481 191 1043 875 1368 165 854 16 31 44 57 826 161 176 1015 817 1296 288 1251 532 261 518 564 1117 541 991 49 328 413 1764 644 242 353 665 202 500 501 225
780 713 1619 959 2 327 187 492 3076 198 709 802 486 505 1618 224 850 510 512 515 375 517 1546 1666 1723 1060 2008 445 341 2074 179 349 352 354 1008 469 683 170 350 519 746 1468 323 46 1033 1034 1129 59 322 2496 795 95 2161 342 117 119 79 553 1255 42 1218 1220 275 283 1269 290 289 1991 300 862 1 402 7 1032 2674 833 107 88 2165 2352 832 636 835 975 150 105 461 166 359 466 360 481 688 1144 441 102 432 318 319 40 1301 409 320 411 47 326 418 2223 333 827 426 612 365 126 366 844 784 1177 566 295 309 1179 546 926 404 1242 28 592 70 83 587 767 279 857 845 981 1642 368 982 493 848 1585 1156 1402 2033 809 262 1438 759 487 820 1139 142 958 2764 270 389 2763 531 534 269 2052 255 564 247 246 941 268 1231 538 542 464 467 1200 474 176 552 1221 1362 817 394 779 1100 391 860 945 245 1249 243 886 367 1017 559 1015 491 202 2047 485 1014 1340 2577 480 479 1614 503 504 372 380 231 851 379 889 509 806 225 222 223 507 221 218 1733 373 463 665 162 158 261 260 854 528 1168 536 749 281 540 541 390 549 397 400 814 387 238 237 458 459 152 157 1083 840 799 471 473 369 370 193 502 374 382 579 141 584 1103 340 447 1962 880 450 1191 2812 1063 135 796 149 151 154 2083 452 91 89 1055 823 49 478 328 54 595 416 331 998 335 1001 72 1323 336 1758 314 1299 364 25 31 1575 308 9 1078 311 10 310 792 577 18 1122 313
781 1834 529 260 261 748 237 193 728 1368 2698 2136 871 1172 562 1090 584 541 72 335 998 595 328 49 1599 316 793 183 581 579 15 991 549 1046 841 1139 157 795 2497 79 428 2024 62 1134 1035 46 323 322 553 19 7 1033 471 617 894 458 142 141 451 1140 1280 1483 345 344 343 120 118 114 112 124 1796 643 622 243 513 1865 851 379 1799 518 1351 957 225 1673 222 507 218 226 2126 808 251 817 394 565 2212 2128 1028 1866 958 811 389 928 269 2052 255 1739 888 373 372 1849 464 665 158 927 154 165 797 1 452 450 634 625 340 796 467 474 172 202 939 2749 559 884 1015 1669 2280 2279 1014 178 475 176 175 1336 439 300 275 543 969 1689 436 1821 2319 432 102 82 612 1271 967 900 80 78 903 429 1112 105 466 839 150 835 147 1636 103 146 122 121 1915 1486 1632 619 125 76 75 2340 31 25 23 22 1254 18 1123 1298 1627 893 10 9 1253 395 13 1125 409 821 864 921 63 334 827 333 2223 57 51 50 48 326 45 44 320 671 1395 168 2181 803 802 492 696 187 482 375 3013 352 2931 1848 1781 645 453 1196 348 1349 510 815 2016 1870 535 303 1218 224 810 521 253 519 1456 940 512 530 2792 341 2008 292 2070 770 527 262 258 2546 1043 1998 1641 844 843 1385 365 807 1177 566 550 107 1054 83 824 598 3309 1183 592 992 26 926 1656 2 2432 295 1086 1363 232 1238 1819 87 90 968 438 342 2676 117 904 126 1082 459 656 167 119 1473 8 568 350 1777 354 683 170 2333 1610 486 563 742 746 522 283 290 816 799 1542 905 369 586 1756 954 29 993 33 2081 955 1956 596 1321 1094 69 1001 994 548 390 281 1109 370 1584 506 208 908 2975 384 238 387 2069 263 528 277 2838 979 137 1287 2324 1488 1275 461 667 166 359 1257 2821 680 1697 487 2254 490 1926 360 116 915 1580 1575 308 1120 1078 16 820 318 1578 411 47 53 965 426 1270 430 560 368 706 1997 788 296 571 5 952 315 2082 324 1600 1002 613 2331 620 1373 347 547 1055 293 1313 848 1585 211 1586 722 1931 1935 1754 525 809 264 1651 1592 775 990 546 1057 606 135 889 380 1738 1355 1778 268 1107 221 1766 270 272 538 288 778 1225 91 531 220 1993 1733 805 1076 161 1065 364 478 491 171 699 1617 1449 204 886 504 367
783 1871 1393 1456 815 2913 1029 322 1274 1139 1140 1413 1090 167 193 374 506 562 1089 540 541 1405 579 224 1083 1209 1400 187 821 18 960 1234 930 310 1136 351 1181 2779 693 1153 1402 2619 2802 315 2433 28 1374 346 348 2266 1095 1196 355 802 586 157 595 811 1028 392 1296 942 945 863 269 941 242 1863 1736 940 347 418 1103 518 250 45 243 808 1094 336 554 622 140 1007 158 462 2338 1019 491 2280 2279 1545 222
785 531 478 2462 1115 165 447 602 327 823 20 397 1168 239 233 1832 1159 1202 2309 1206 2312 1107 2052 251 246 518 513 851 225 2310 508 1860 2392 2313 2465 1676 1701 392 1205 223 152 347 36 16 18 820 40 48 56 1131 333 2177 621 978 481 493 195 1433 807 1936 383 291 2033 2377 405 2492 2665 249 850 187 1610 1374 1134 833 70 3262 3161 824 594 28 875 750 2849 1404 552 395 593 1103 33 2878 316 2510 586 585 1405 581 2162 400 1596 994 791 548 545 390 540 2037 281 1046 537 536 2119 2838 873 277 549 49 328 996 1055 433 1325 1719 1406 427 336 73 72 794 69 1441 2167 1094 67 335 66 998 1093 2512 331 417 599 597 596 595 54 413 329 1787 1604 1261 987 1581 979 473 905 471 799 361 157 656 2029 458 1413 141 1490 451 126 345 1692 124 344 1634 343 120 119 118 117 342 1305 1139 841 842 183 528 854 263 260 261 2419 238 1260 382 235 1833 2306 728 2305 3299 2345 376 1158 2877 908 2840 804 208 1877 205 502 871 370 702 2118 1056 1057 1283 564 1025 1738 247 1231 245 808 243 244 241 381 2908 379 250 1981 1799 1351 378 222 507 221 220 218 2126 373 713 372 1617 1117 254 1622 1355 1768 551 1363 1569 305 302 394 1463 1469 779 1296 778 391 2769 542 538 534 533 958 1739 1217 856 1564 270 389 2395 269 2394 268 504 503 202 897 158 1289 2460 2083 836 154 2338 151 149 1726 140 796 2576 136 1725 135 134 452 1063 450 834 3038 880 1005 2812 1761 622 3097 91 353 95 161 663 3009 367 559 1015 2746 2047 1204 3209 2311 485 181 1014 1731 178 1611 1850 1201 2577 479 364 1411 176 175 474 1066 464 463 665 162 1290 2225 438 795 490 981 489 845 844 487 1771 688 1151 476 2609 675 3049 906 671 466 166 669 2540 1144 661 461 835 147 2180 1257 128 121 670 189 560 1703 393 292 546 2038 1944 1175 2378 857 1511 262 1165 259 258 525 523 736 730 1402 1931 1310 212 211 2409 197 196 848 1704 983 982 2178 293 1632 2352 326 47 411 45 44 320 821 409 1301 1810 319 318 31 50 25 403 313 1122 1682 13 11 10 310 9 2089 2088 2079 1253 23 51 1080 418 1580 105 913 441 1112 102 969 1689 436 1821 82 2363 903 1271 900 1749 78 76 75 426 864 63 334 60 2023 2170 58 57 1905 831 909 547 566 891 1223 1269 285 283 535 2354 275 1220 756 1468 522 253 300 2785 515 512 510 2441 224 375 505 803 2013 802 198 492 697 1354 2365 862 2493 431 79 966 1748 1132 2321 421 59 1129 1686 603 1034 2166 1033 1128 46 323 322 553 1255 2494 1424 35 2674 12 7 402 1118 1 2815 486 179 177 2294 3131 938 3035 1805 3160 3196 2481 1183 1600 324 2123 992 1050 26 24 1242 315 404 2001 1656 399 2 2121 309 296 788 295 550 83 968 84 878 482 1729 1666 362 170 683 469 358 1375 1334 1009 352 1193 645 137 1095 453 1064 881 131 2342 341 2008 1723 2044 107 1417 435 88 85
786 680 1649 1795 2953 873 586 20 2399 29 2002 1001 1059 139 660 1011 173 175 202 2754 245 2919 248 1561 3018 1505 1376 192 1489 1477 57 1749 82 116 153 360 2255 213 2132 807 1466 309 952 1763 187 1861 1862 3287 8 1913 119 2688 190 23 617 165 243
787 492 2334 203 709 802 803 224 519 2111 1220 1269 12 323 408 354 1033 332 79 118 343 344 124 345 126 405 350 349 341 2223 60 78 1749 612 903 2319 1821 436 2251 102 2178 973 471 2180 2417 1385 368 523 759 1708 1175 324 1600 1183 1715 70 2341 1694 57 215 233 222 508 509 1351 379 231 380 241 244 243 808 1738 2243 564 250 251 255 520 1869 2052 1739 1624 859 779 394 305 1363 713 204 1014 475 562 384 239 872 387 536 1047 581 954 33 49 335 2167 720 1055 1283 1762 109 340 2214 1764 151 159 1332 161 663 173 1609 1056 48 46 312 72 91 1004 796 927 1076 463 464 474 480 1340 491 1619 957 851 2173 242 247 254 1782 1357 928 270 272 958 551 1768 1441 348 998 595 375 510 515 253 746 543 19 42 322 319 611 617 342 117 119 120 451 1412 458 979 193 1158 261 528 540 541 328 417 1287 1128 339 128 457 835 150 1382 360 366 487 701 906 211 1310 621 1043 546 293 2 28 594 1759 346 347 131 395 11 1627 525 98 365 430 432 9 310 313 23 1684 31 899 409 25 320 1578 45 47 326 333 334
794 548 774 541 986 260 236 748 1089 573 733 261 2861 49 583 29 2004 1001 71 67 2002 1717 1320 1956 721 17 1159 779 1499 86 90 617 1483 113 2448 117 119 2915 126 1228 655 666 167 799 905 681 473 1149 842 1492 703 193 1040 717 1434 1604 691 910 504 373 507 223 2232 1557 1865 232 241 244 941 199 254 1561 2052 532 428 1217 273 1028 1359 391 565 1378 255 1056 1552 883 94 622 629 1061 644 646 1606 1607 658 660 1007 1449 1765 165 1011 1065 467 363 1336 475 1611 178 551 1014 665 604 424 46 98 102 619 832 632 116 633 636 2296 457 653 351 667 166 466 671 360 1885 365 180 694 844 701 191 1310 77 719 76 1081 1479 419 827 146 1143 845 2016 1822 208 1841 896 1115 1077 2373 10 1254 21 23 962 34 2797 45 47 50 53 57 1933 22 234 187 696 198 201 375 1349 227 230 1023 940 563 810 283 2087 1871 1462 543 289 1788 300 580 1043 323 322 405 486 685 285 1608 773 525 170 1935 1838 566 1651 1049 2 594 1528 1602 600 788 613 423 630 1373 355 626 1193 443 3234 1009
796 606 1035 2025 1129 603 79 323 1128 46 322 2022 1255 42 1577 419 615 120 438 458 1685 459 145 1876 1139 126 345 90 344 119 118 342 446 2807 2093 618 2161 343 39 741 35 519 1421 515 510 230 850 224 375 715 505 803 2013 802 709 492 655 187 563 742 249 2198 19 1032 1119 7 1 818 300 289 405 290 1269 1871 283 275 1220 1218 756 530 543 152 828 905 2007 427 73 72 1001 335 424 801 2002 331 416 597 596 54 413 328 49 1055 955 337 1056 796 135 134 1063 638 880 629 2214 2367 625 340 1762 108 2205 439 91 910 1604 33 993 1756 384 236 1705 233 721 908 985 1042 374 2506 193 370 369 703 183 2914 473 238 239 1834 748 584 1180 581 1596 2570 390 814 3102 471 281 2838 277 1168 529 528 263 261 387 2119 486 770 170 621 1580 913 103 102 2251 99 97 1689 436 432 2363 1271 1749 78 1270 77 106 76 633 636 671 670 466 166 669 667 1144 2779 1400 661 461 1275 150 653 147 146 128 635 75 864 60 23 22 21 403 313 577 792 312 10 311 310 1078 2373 2174 308 395 2207 25 31 1299 590 333 58 57 2778 53 51 50 48 2821 326 411 45 320 821 409 43 40 407 47 675 360 680 88 1603 84 1003 70 423 2483 415 594 1183 1600 324 592 30 3277 26 404 620 443 1763 2008 683 469 357 1196 354 352 2647 350 587 349 1194 1781 645 453 131 346 341 339 649 482 926 571 1588 234 1931 213 211 495 195 706 368 843 693 180 2169 365 2417 1151 481 736 523 525 257 309 296 295 785 784 292 546 783 2 990 764 762 761 988 262 1165 809 258 1175 797 178 149 532 531 855 2052 754 1355 1622 255 254 564 248 389 246 518 1621 737 385 243 244 241 232 513 2104 380 739 231 270 276 701 566 348 2334 198 1767 1162 327 172 1768 148 272 551 1363 302 394 790 779 544 778 391 538 2054 534 2371 379 2173 806 175 173 474 171 1115 363 467 1011 165 464 665 176 162 151 657 836 660 927 1289 158 353 161 1351 1290 663 1609 154 364 957 475 378 507 221 220 1619 1018 372 504 503 501 218 202 480 500 2391 956 1014 687 182 186 491 367
798 937 993 33 1599 1263 1103 327 994 49 2274 328 412 996 3194 29 545 2308 329 281 2037 1880 861 782 1416 317 400 582 2081 584 585 586 20 2399 15 413 1283 597 1758 2007 337 1408 769 434 91 94 1188 108 1760 3063 1762 340 629 2204 54 427 73 417 825 331 1093 65 998 607 335 67 1094 1441 69 1185 609 72 336 537 729 2119 157 666 1306 840 471 905 681 473 979 1581 980 842 183 702 190 656 703 459 1038 342 117 118 119 344 124 345 126 1139 1140 455 456 1876 2783 145 458 536 369 1238 1163 1164 749 261 260 1167 1507 854 528 987 2118 1168 1787 277 873 387 370 748 872 208 804 908 1158 376 1159 1160 934 1573 235 1753 516 236 237 1044 2108 879 1765 129 1267 241 244 243 737 1621 518 808 738 1231 941 739 890 246 247 3290 1738 513 380 805 220 221 507 223 508 378 723 957 806 1117 1981 379 851 231 2173 250 252 254 1222 929 391 291 565 1225 779 1072 298 394 305 1569 1363 551 1768 2523 538 1741 1740 1214 255 520 1869 268 1107 269 218 855 2763 389 2764 811 1217 273 534 531 450 1210 2881 657 658 660 462 838 2026 1076 1332 463 464 1849 165 1011 1066 1200 154 1012 2338 149 1892 896 452 135 2576 643 646 2163 796 139 1195 140 1606 797 148 151 2957 363 1115 883 188 1615 559 367 897 202 498 2392 500 504 712 372 2416 1733 1732 1614 2012 2817 474 172 1336 175 176 364 478 888 480 1338 956 178 1851 691 1014 485 686 624 8 618 983 195 1928 495 196 2616 211 1310 719 1931 1402 514 234 734 735 982 368 189 907 680 978 682 481 1151 688 689 1590 484 843 487 844 845 489 701 906 693 523 525 257 2070 1176 990 2625 783 1313 292 1110 293 784 1314 785 2071 547 566 2187 909 679 768 539 258 809 526 527 1438 2868 1592 767 278 1942 762 857 279 2528 764 1836 1511 550 1571 1146 1810 409 320 45 411 1127 47 326 53 2215 56 57 333 827 63 40 319 406 963 395 308 2362 1077 1078 575 310 426 311 2245 792 21 31 1299 588 820 10 2602 76 77 128 1257 1101 143 146 147 351 448 661 1144 667 1382 669 166 466 671 1400 675 635 2477 430 903 1365 82 2475 436 96 633 98 103 2476 105 619 621 832 627 102 2269 295 309 715 224 850 227 230 512 740 563 2127 521 522 2014 755 2111 1218 803 802 1977 3155 1105 685 482 2489 2196 1546 486 1220 3095 697 492 2334 887 198 2292 203 187 275 1566 760 46 603 604 605 2496 3068 428 322 2950 431 795 90 1134 438 95 2161 79 1972 553 35 535 2199 283 1767 1871 1269 815 405 777 1991 816 1074 300 568 1 7 290 1519 170 683 1600 1183 1715 594 414 415 1602 598 824 938 74 613 1757 614 84 324 592 1182 30 1075 2 398 399 574 1179 3070 1407 3050 404 315 24 26 1317 28 1229 926 1603 2331 2805 1781 1193 2045 1006 882 2074 649 645 349 354 1196 357 1333 1198 358 469 350 1104 642 348 88 435 620 1959 107 833 3289 453 1847 339 445 341 630 346 131 1287 2008 745 365 2827 880 834 2517 836 2083 2460 158 663 2518 2462 2739 479 2577 3291 1201 1850 2309 2310 2312 1204 1205 1206 491 1207 2521 2048 1016 886 1202 1854 1264 823 862 1119 2674 3120 2304 1424 1255 1686 1129 1130 59 421 1132 2171 615 1413 152 1142 361 1701 2305 1833 382 263 549 1596 1180 316 2351 2492 499 503 1859 2298 2035 1165 3253 2430 1588 383 560 981 2609 839 150 975 610 2473 3355 2023 1126 318 25 1122 1682 893 1575 393 2481 770 3131 2050 713 2316 2317 2579 1351 1799 1025 251 2052 1805 2400 778 2395 1867 2294 1722 1458 1334 1970 1723 2353 375 2160 517 940
804 285 2708 1809 268 779 555 326 286 1869 1025 1866 1854 1204 328 854 1116 553 510 83 1997 1143 121 900
805 1642 489 2402 844 483 1697 180 2147 487 189 1998 560 982 493 195 1997 495 1585 688 1433 191 481 360 2095 975 150 156 661 1144 667 669 1639 166 359 466 675 676 1929 2609 1086 682 1829 2610 2094 869 476 214 258 807 592 819 992 30 1229 26 398 2 2631 594 1075 875 567 309 550 2187 784 393 546 783 0 415 2483 1654 1436 514 1932 383 1648 2620 653 809 1171 761 1511 762 857 1836 2930 767 83 2263 70 64 423 377 1919 342 125 2777 18 2222 84 1575 2079 570 2470 2244 2224 575 1298 16 313 403 22 23 25 31 589 792 351 1495 1043 1607 1288 2406 67 579 540 1260 1040 141 117 1274 1134 90 410 1395 1801 2488 454 824 28 525 590 457 899 406 93 98 3005 2216 102 830 1823 2476 105 436 2135 1884 627 632 116 1037 2606 636 1633 448 619 2319 432 82 2592 318 407 1364 409 320 44 47 326 53 57 827 61 63 426 2340 75 76 429 1820 612 963 172 1407 620 643 135 134 1764 1191 450 1724 879 631 447 1004 625 110 1760 1059 1844 622 646 91 1390 139 467 1065 1011 165 463 2734 665 161 1332 1331 462 158 2124 154 151 149 797 796 89 1408 2514 994 1954 33 1952 316 314 20 585 2081 1316 15 400 1369 991 1755 396 548 49 327 328 413 1056 1604 1389 337 1055 2724 427 2171 1012 1718 71 1000 335 998 2002 331 596 54 1001 1115 474 176 853 1809 254 252 250 564 1738 246 890 739 941 245 738 808 2233 1621 243 255 268 928 1027 1362 817 394 1297 565 778 392 391 242 288 2281 286 538 534 533 272 270 389 1359 3294 241 513 708 367 885 1016 1550 699 698 188 1669 491 2464 1097 1418 485 1014 691 364 199 2749 2751 202 919 511 380 379 806 222 507 221 232 220 1553 373 372 504 501 500 2392 498 218 2552 545 541 1788 2130 289 290 2666 543 777 815 1870 1767 535 2354 275 2086 2661 756 810 1360 522 297 1 79 1748 422 1129 603 2092 46 322 3006 1255 38 1747 14 12 1032 8 7 1804 746 253 745 469 1970 1334 2650 1333 1008 357 2931 2487 348 1287 132 346 341 445 1663 1723 2651 685 482 1546 515 512 510 230 227 2284 224 2658 2497 217 505 803 203 200 2655 492 697 696 375 617 1908 112 1044 237 516 1089 382 562 1999 235 233 934 728 721 1160 376 908 2840 1830 238 239 3293 2108 281 769 537 536 2838 873 277 1787 804 267 1795 986 854 263 261 387 1162 1879 751 390 1645 374 459 652 145 974 2783 1412 455 1140 1139 126 345 124 344 343 119 118 114 152 656 666 2691 2116 1238 1276 193 370 1109 703 183 849 842 841 473 2503 471 1383 361 674 840 1698
811 2492 342 894 95 438 1134 90 795 2497 2025 431 79 428 606 421 605 1129 604 603 1034 117 1033 119 120 1581 473 471 799 167 157 1142 656 152 652 458 145 142 1140 1139 126 345 124 344 904 183 46 322 274 1220 1218 756 2444 755 522 745 249 742 852 632 633 636 128 457 653 551 1222 275 323 535 2178 553 1255 1785 405 1473 2674 1119 1 818 568 300 297 1395 816 289 290 1269 1871 1767 283 911 369 1040 2004 1758 336 72 1001 69 2003 67 335 65 2002 602 331 825 417 599 416 596 413 1055 328 337 91 975 158 836 2517 154 148 797 1607 1606 2207 796 135 1063 1892 450 447 625 340 108 1056 193 327 49 260 261 387 748 238 384 237 382 562 1587 1753 233 1833 728 720 908 717 506 871 987 995 751 1168 994 1103 33 1599 316 586 584 1180 579 991 3 548 541 540 814 925 281 769 1787 267 1251 250 379 324 592 2082 1182 30 1242 404 309 296 295 550 566 1177 293 292 546 990 773 767 1600 764 613 84 482 170 683 1334 1193 645 454 453 348 131 637 341 445 2008 1060 833 107 88 2165 83 179 762 761 843 694 1697 180 365 689 481 680 360 468 1147 671 466 839 667 1144 2779 461 150 844 1592 845 981 759 2868 2035 262 1165 526 809 258 525 736 1043 212 211 495 493 982 368 189 490 489 1546 486 187 1044 733 935 208 1582 681 141 968 86 932 1235 1577 408 39 12 959 1074 285 201 1047 1616 4 583 1117 207 501 204 2012 185 684 475 175 1076 155 2009 129 554 1326 424 597 822 29 2162 697 801 1848 53 912 899 310 740 515 512 510 230 227 375 505 710 803 2013 1452 198 492 696 1270 1257 146 2286 130 1003 1050 2 547 2071 781 775 278 353 1438 256 1590 719 1310 213 197 196 848 701 264 663 462 2518 333 76 77 78 1271 612 436 1479 1429 98 102 105 619 665 57 552 394 779 565 1296 778 391 1625 538 534 276 1028 958 1739 270 1363 389 1904 55 395 308 1078 311 792 16 18 1122 313 22 23 25 31 1299 418 820 406 37 318 40 1810 409 821 320 45 411 47 326 48 50 1111 1216 835 855 559 367 1552 1344 199 202 503 504 2050 1617 372 713 373 218 805 507 223 225 957 226 531 1550 851 698 1669 463 464 165 1066 1335 467 1798 1115 474 176 2462 364 478 956 178 691 181 485 2279 491 2465 1015 513 889 243 1895 241 737 1621 518 941 739 1231 1025 564 255 2052 268
813 534 251 1107 531 389 860 761 394 1363 552 809 2529 565 247 367 243 244 513 380 379 378 1648 2817 364 474 2361 464 246 1589 466 234 310 11 18 25 1165 1111 1301 821 45 326 1426 3282 736 1905 900 1479 1257 835 150 661 463 1146 365 1385 844 1310 827 158 820 1726 492 1452 510 512 2785 274 275 2016 543 1395 322 323 46 604 1129 187 79 486 170 154 857 2528 990 295 819 938 70 1603 107 341 346 349 352 355 482 118 1055 343 1103 994 328 595 372 797 340 469 2 599 949 109 450 120 135 1388 993 982 536 124 344 4 145 237 387 749 2069 748 263 854 2119 528 987 1787
815 220 225 241 1231 941 1213 218 2243 243 2126 1205 1553 504 503 199 1016 559 1097 485 691 178 250 207 251 860 754 236 551 1363 817 779 1378 1100 565 1359 2139 1987 255 534 276 1028 272 1739 389 532 928 531 268 1782 2052 533 478 138 1730 2003 67 335 424 2002 1321 996 328 327 49 29 584 583 1180 17 1178 540 537 1168 260 748 239 1506 1001 364 336 1057 2390 176 1115 1065 1011 165 665 1765 353 837 158 1007 836 2459 1606 646 3179 1963 450 3038 1061 1371 622 1957 1320 238 2496 803 375 1349 1453 512 1354 2785 2353 253 1458 756 1220 2354 283 285 1871 2014 1269 802 486 1600 594 415 1602 824 2217 1324 187 829 2165 1763 1373 1334 170 1610 1546 84 289 297 300 141 905 681 473 1581 2914 842 119 488 506 208 720 721 1791 1999 516 2339 113 1304 968 862 1464 2534 568 1119 405 1785 322 46 1128 604 421 62 2355 431 795 1134 592 1658 233 1317 2602 2146 612 436 98 1136 102 334 2352 1366 2178 621 1367 632 635 121 831 636 58 2778 1833 28 479 498 1575 308 1077 1905 1627 1122 313 1111 319 407 409 326 18 1257 1758 653 561 1310 719 1504 1466 258 1438 1435 764 773 547 566 788 875 2628 2940 767 1433 256 848 1400 166 1585 1147 468 1695 2541 680 466 481 694 560 1465 844 489
816 850 228 1068 1457 2785 253 810 522 274 275 283 1871 224 2198 1618 107 709 2264 3289 341 349 1665 350 352 375 354 177 1612 486 2011 801 1670 198 170 815 431 289 1137 119 145 2270 458 652 157 3298 799 473 1792 703 376 1368 85 3299 905 290 2499 795 1074 7 1473 19 1424 39 322 95 323 603 1130 59 62 2024 1132 615 46 2804 121 83 1426 57 2936 60 921 75 1749 900 967 903 1821 969 1112 1790 913 51 48 326 45 1162 395 9 575 311 10 11 105 1627 313 25 31 820 1810 1125 44 312 1632 1037 1915 1466 1165 767 1944 550 309 1521 1590 1179 324 2481 594 1805 70 3257 2263 592 84 212 844 122 1784 127 128 146 1636 835 196 150 1921 1639 798 671 1086 365 1153 1920 388 1204 263 833 620 88 616 2787 1324 423 415 260 27 587 926 2213 3221 3050 3070 401 296 2187 630 1410 348 1006 580 14 12 1031 1680 1 2057 2056 1767 566 249 230 505 1977 2655 1293 482 2010 683 2793 515 547 785 292 653 633 1367 619 93 436 432 2474 61 975 826 53 47 588 22 21 403 893 1078 2088 418 1302 156 680 546 783 773 278 1887 527 523 734 234 679 1504 719 211 984 2822 906 701 845 2885 2417 514 2174 1129 968 1855 188 691 1613 364 1337 475 1411 176 1115 467 163 1765 158 148 1288 139 138 646 202 499 500 1859 2924 1296 778 291 2129 1107 1214 739 737 640 232 2232 723 223 714 373 2959 711 2796 501 511 133 879 1005 2037 1787 529 950 3007 1649 384 1833 728 3102 2507 369 980 1306 142 1876 126 342 628 438 1087 1398 814 1047 1891 108 1846 2726 2007 2004 1325 427 336 282 73 1001 71 608 67 2002 331 33 29 4 72 308 1658 1289 447 1724 129 452 135 149 151 353 340 161 665 464 165 1011 1336 684 686 1014 1290 884 1760 1797 873 2119 2967 858 284 2336 1946 1180 1189 1181 793 49 2274 416 335 2811 68 1796 20 277 367 503 531 928 532 856 811 271 1739 273 269 286 1376 288 391 779 298 302 817 2018 1222 708 268 1025 504 1553 507 225 806 1351 1799 379 564 851 380 243 1621 738 245 1231 246 248 231
822 457 224 512 740 2127 747 275 760 1871 2918 816 1 1032 1423 1577 1476 375 709 1106 198 341 137 2488 617 1008 1334 1608 322 1972 187 696 697 492 1852 1670 3268 179 445 46 37 1817 822 937 1953 1053 433 1326 1063 1243 363 478 242 518 941 1460 1596 936 386 2108 278 1045 2484 1058 346 347 130 431 1064 940 1029 959 964 1235 932 934 944 1723 2044 443 313 1122 18 16 960 792 310 1077 1575 975 150 481 911 365 180 23 25 31 1301 128 1632 105 1112 102 969 98 844 610 826 57 326 411 44 320 409 426 490 2183 493 1404 401 2807 315 2434 1229 1387 875 2082 824 423 616 88 435 437 107 997 835 788 857 983 197 1831 719 807 1504 735 784 736 525 258 809 526 1239 761 762 1590 1134 438 202 586 2452 29 321 994 328 412 585 413 1094 1000 1001 72 1323 336 2976 330 584 583 397 2784 721 562 237 1044 238 748 261 2568 986 529 266 536 3102 390 548 396 625 1005 135 796 559 269 503 372 373 1553 218 507 1116 806 851 1983 243 1231 2467 250 251 1615 208 884 1014 139 1606 797 155 1007 158 837 2412 663 163 665 1011 1065 1066 1971 474 364 491 255 1499 205 716 778 288 1222 286 389 531 855 112 114 117 126 141 2502 268 458 1038 2566 193 370 369 690 1238 905 473 152 655
823 1231 1201 1851 897 939 1210 218 220 1981 513 363 1216 1107 855 1357 148 389 2764 811 273 534 2128 1363 1869 452 1306 994 570 1077 47 990 346 482 486 2334 198 217 512 2014 1458 1767 777 421 795 126 157 905 2119 280 585 54 810 507 394 342 344 806 345 459 152 1307 2359 237 387 261 793 417 335 2844 794 340 135 796 797 151 364 1338 1015 367 805 222 46 1 124 275 815 531 268 246 1621 2581 380 379 311 312 25 820 320 102 231 798 803 150 375 801 358 350 354 324 592 1179 809
825 1847 83 833 107 88 70 296 592 26 2 293 783 1723 594 341 275 358 816 289 1269 2625 2665 1218 352 519 375 803 801 685 170 683 224 1511 835 526 577 1122 313 25 31 409 320 411 47 326 2778 57 1131 2223 63 900 432 809 525 212 366 483 365 1165 477 2609 360 466 150 102 98 1829 318 250 158 220 805 218 372 202 559 2465 2047 1204 3224 480 364 176 474 463 665 462 507 223 806 1351 2674 1363 305 394 779 778 1357 531 154 855 251 1025 247 246 243 241 1799 889 268 149 1 1055 471 157 152 458 124 344 1690 1822 473 438 46 323 322 1785 1424 580 512 108 2496 1581 19 370 369 72 335 998 2002 49 316 390 609 2119 193 388 2967 749 1323 263 260
829 2038 770 2868 262 1165 258 1927 734 1043 377 206 848 495 292 735 514 1600 550 195 2165 1603 1407 423 598 415 594 1183 324 2871 926 398 309 295 909 191 3020 1697 93 436 903 63 827 57 1902 409 963 588 1299 31 25 16 570 338 103 616 105 484 481 477 2181 676 466 166 694 661 2028 2940 448 1826 106 2178 619 150 2552 492 620 428 2024 603 323 322 591 405 35 19 297 1360 1745 2560 289 290 79 458 2025 90 451 1140 1139 126 345 124 344 2501 120 119 1036 100 1908 617 1134 865 283 763 535 2196 177 2125 356 2488 352 648 2045 645 642 630 341 445 2008 2193 3023 696 2334 709 275 1220 1218 810 521 2127 743 2101 519 1211 230 227 217 2084 710 803 1023 777 674 925 1758 73 72 1718 1001 71 1185 89 67 65 828 599 596 330 413 1527 335 328 111 629 176 474 1200 1065 464 665 161 625 1332 154 151 149 148 139 450 879 155 475 327 20 1040 703 2504 692 1581 473 472 721 1766 392 299 551 652 766 540 799 1222 33 728 236 584 582 1369 991 2450 2571 2932 516 771 1046 536 753 2568 239 238 237 2037 2577 789 186 431 114 369 374 562 1596 581 740 1405 317 325 49 412 329 998 2039 586 1408 802 961 2021 1014 326 471 418 351 1400 187 1500 2 951 315 28 131 348 357 2378 140 358 172 241 513 511 225 223 221 220 244 372 501 202 199 158 886 1550 1615 504 243 218 564 1363 394 1411 247 790 544 291 929 478 2054 958 1993 268 252 254
831 354 350 349 881 347 341 355 1723 445 170 358 1970 469 1610 482 1546 486 801 2044 356 833 592 2320 3070 3050 3221 2213 315 26 2082 324 1600 107 1840 1715 613 2804 2550 1603 85 2006 2805 1605 1183 187 894 2334 322 1128 1033 1748 79 795 2161 1690 624 628 342 119 904 120 343 344 124 126 1139 451 1179 553 1424 3450 1032 802 803 375 512 1352 519 1867 522 1468 1218 492 1220 535 283 1269 815 1991 816 1360 300 1 7 275 1949 334 0 610 2602 900 2319 1821 1112 104 619 832 1037 1257 2180 835 975 150 461 1144 667 669 166 798 864 466 1876 333 1896 395 308 9 1078 10 312 25 820 902 40 1810 1301 320 411 1127 47 326 57 826 1131 827 675 168 360 807 383 736 526 1165 262 812 857 2528 539 1708 2259 1175 990 783 546 293 2379 1177 2187 296 1402 212 1157 2409 680 978 1151 688 689 693 844 2866 845 490 2 1996 906 907 1926 368 1309 982 493 2822 848 2615 2886 458 314 459 367 886 1854 897 708 1346 372 373 218 559 805 221 507 222 957 226 806 1351 1799 379 220 851 698 695 140 149 151 154 836 2288 837 464 165 491 1200 1336 478 480 2577 1851 1014 181 800 2817 2564 231 380 511 2523 860 391 778 1225 1378 779 1873 394 1221 1874 2019 1768 552 983 1994 1579 1261 485 1981 1363 538 534 533 243 1621 808 1231 246 1213 1738 251 1214 1622 2052 1107 269 855 531 1216 532 389 856 1739 273 1195 796 474 135 384 387 2419 261 260 263 854 529 2163 237 1168 277 873 2838 536 2968 537 1046 925 814 1787 1705 2032 720 1570 152 656 157 840 471 905 979 841 1307 183 2359 2876 190 369 370 707 374 2840 908 376 390 2570 267 581 794 609 72 336 2171 427 3259 1408 91 1186 622 2372 1189 1114 3063 340 634 896 452 3301 2571 1000 1188 2833 1405 1241 2399 793 2308 316 2844 33 593 994 49 54 328 1094 335 331 825 417 2274 595 596
834 927 1596 1781 954 112 932 2858 2478 128 31 960 562 773 107 187 1128 373 396 1795 493 1493 18 1228 1089
837 1362 21 63 105 481 767 2643 224 815 90 579 20 202 288 270 165 1331 450 428 510 203 64 28 309 98 53 243 830 268 286 1632
839 1109 193 1040 2506 1042 238 2118 579 471 586 953 330 945 929 2326 2932 2807 865 1056 874 293 2 2291 84 1417 346 2093 348 1972 224 1424 2495 1035 422 2025 2512 1604 1756 734 310 1098 385 225 501 364 475 441 175 2295 158 660 155 643 2415 1001 161 1055 1169 278 748 2108 1834 141 393 2031 713 1171 2124 1057 1326 1952 1087 1698 2197 2872 2828 377 357 1493 2483 1113 341 630 1064 1410 454 198 944 2130 818 322 606 1036 112 117 472 215 721 30 261 404 292 2362 2289 403 21 23 31 1111 965 76 1270 1749 969 2478 676 870 189 495 984 1045 398 2030 998 321 328 325 73 2511 954 876 3102 752 266 111 1063 644 2412 467 412 176 1014 2578 367 243 1025 250 3111 268 817 551 106 150 661 487
845 192 1378 842 2127 230 187 1396 457 665 739 1988 562 756 2193 2409 392 18 211 1048 482 1238 584
847 845 899 1107 389 533 820 346 25 121 835 1165 107 341 131 802 803 519 322 1128 957 1033 220 491 1140 451 157 369 502 1238 1705 260 528 281 396 33 417 1093 998 364 480 218 458 705 562 779 251 941 518 242 241 1799 1619 363 154 151 149 1103 345 344 79 1972 324 2425 2223 57 237 261 529 321 328 335 2144 665 1139 464 478 507 509 1351 243 247 1739 394 474 126 70 343 986 388 2220 1089 370 1698 799 2161 438 46 323 1 300 1269 740 227 187 267 179 1168 413 18 1363 392 531 269 268 246 513 372 886 124 181 463 91 72 595 54 390 320 469 1840 295 2 1404 1600 1183 355 356 482 375 1468 1218 1220 275 535 342 118 120 293 445 310 843 315 587 296 1177 759 368 906 166 1144 457 47 82 40 102 150 461 359
849 1017 1065 246 268 531 1217 286 1222 288 1377 2929 394 817 1362 1569 1363 551 2235 1298 1122 313 1301 409 821 411 57 827 1231 165 808 243 1115 474 176 1337 1014 2279 1097 695 3224 2012 188 367 708 199 503 2754 1019 2881 1020 507 222 1350 1864 851 1455 737 826 458 665 300 568 1118 2676 35 405 38 3006 322 1074 323 603 604 606 428 2950 2114 795 1134 438 46 297 1360 2130 200 201 203 802 803 217 2658 1862 2284 230 510 2335 2014 810 283 1767 1871 1269 777 543 290 1135 1849 1137 119 2275 2002 65 424 335 622 1844 110 111 413 1005 1965 646 138 139 837 353 1765 1331 1332 450 1181 2081 582 1779 63 799 905 2914 1698 370 2116 1497 1159 2305 1833 1999 388 261 2568 1168 752 814 17 1316 114 2175 84 612 327 330 597 607 2003 1185 71 1001 2455 554 2956 1758 2004 337 1604 108 1760 1761 3063 1190 1724 1727 151 49 154 1951 585 1149 690 1307 488 2504 703 369 717 208 720 233 1753 516 236 872 260 540 2229 548 1416 400 579 584 20 473 155 161 564 1809 853 255 1869 855 1216 389 270 1219 1028 1221 2523 3018 2128 2281 391 291 779 298 1873 1874 2920 245 2083 241 221 1798 2461 475 364 686 2242 1446 2817 186 2464 1669 1015 2813 202 498 204 500 1860 504 373 218 805 220 223 80 678 157 211 1932 1504 234 525 258 809 527 761 762 767 1943 546 393 293 566 295 401 1317 1183 70 2217 2263 1929 2787 1433 844 432 102 830 104 105 2178 621 832 106 1367 632 636 448 653 150 156 661 1920 1147 360 481 2286 365 845 674 2099 198 275 535 285 815 1462 289 7 79 87 2497 90 628 120 343 124 126 1139 1140 141 142 145 652 152 274 2788 563 3190 2165 2264 620 2792 132 348 349 350 352 354 358 465 2333 1105 177 2196 2011 801 1974 3155 375 224 2782 1456 3108 344 2334 539 770 874 324 1600 2637 2803 82 3107 878 2041 2805 2265 642 1665 2438 85 900 78 2882 1025 271 1739 1376 860 2538 2018 1768 395 9 893 11 13 1123 2592 1810 44 515 1351 2056 2494 149 175 684 800 897 898 1799 148 2349 2919 1738 251 2052 273 2423 2400 244 136 1762 427 1130 1304 118 345 451 1792 804 1751 376 854 1172 281 284 2573 2287 2142 1321 2016 1624 806 1673 523 949 1165 1654 926 1659 2946 807 107 341 1374 453 645 1342 850 519 1722 1402 1642 1385 318 48 56 3348 93 969 101 1112 913 1632 1037 121 123 128 146 147 1258 1870 226 1224 2343 2708 2141 1657 2167 68 2137 1796 858 1846 109 447 879 834 452 2458 2459 1189 2119 2838 873 1124 1747 1302 2851 1128 1033 1034 2024 95 2270 2029 1141 183 190 749 263 277 2057 305 537 2094 2215 418 426 903 436 338 96 98 1823 1426 2476 1884 627 3168 2477 2606 1826 973 1919 2779 3020 1144 53 47 486 170 1196 648 137 445 1763 1285 2006 326 1299 575 10 21 25 963 407 1364 2797 45 1077 667 1382 669 773 783 292 909 785 1838 1177 550 309 1110 567 3070 3050 3221 592 594 415 824 423 64 875 764 735 216 798 466 671 168 614 1151 688 483 180 1153 2402 2147 701 906 907 194 195 495 1998 206 719 2790 2872
850 31 1395 815 1354 375 2 566 844 365 1275 105 78 1126 1122 395 552 1363 288 532 269 246 1231 57 655 157 473 248 218 373 504 1266 364 684 1609 175 173 1290 161 2295 158 1289 3116 825 584 2336 987 193 243 851 222 1018 2266 2323 341 807 1153 1086 835 146 128 915 1112 969 92 1271 60 50 48 326 1077 10 47 486 45 1293 227 559 178 1336 1011 464 1181 388 842 905 799 119 112 795 1128 322 2022 553 568 1464 1871 512 198 2289 251 2366 957 927 607 1506 681 1196 79 242 274 1771 320 409 91 261 215 564 324 855 1621 389 802 75 466 988 51 779 1296 391 1221
851 187 802 2198 1767 8 968 438 117 244 23 56 1749 1821 121 835 2779 1385 484 2254 1931 807 2379 190 1497 985 1649 348 2045 1105 7 1119 2674 2304 2093 894 748 586 20 2399 29 136 148 660 1200 3123 202 498 2104 241 1287 2972 1050 26 2272 413 2002 65 68 879 139 1288 2207 507 851 131 246 532 1376 57 864 668 360 2286 213 1590 1466 952 247 309 1147 31 827 334 80 900 832 844 2016 1126 815 157 473 583 585 158 1738 251 3349 1810 897 860 9 326 212 83 2006 1349 512 553 128 1227 858 336 2137 1114 1892 226
852 1601 412 2717 1326 629 1061 467 1606 165 478 182 367 994 2752 1390 986 1473 562 243 1374 648 187 1421 1559 2427 283 1381 1482 2448 1228 558 235 1031 544 41 1136 720 1368 1506 2108 748 387 1483 260 597 1617 957 2053 565 385 2709 409 2008 274 1310 761 770 393 566 1597 275 1404 2001 1284 346 355 1452 710 1712 1775 1065 600 2039 1408 138 140 2412 1545 325 250 395 1592 0 348 1095 1006 2394 1777 1087 114 2021 1533 101 122 2619 951 1570 315 2323 362 1106 517 2197 959 28 1083 740 193 457 2429 466 1699 560 368 1995 992 240 787 1714 1598 167 30 807 125 722 116 540 925 121 541 586 329 998 1103 927 462 22 2593 40
854 295 761 2 566 1314 393 546 767 2159 983 525 736 383 1043 1310 845 844 365 680 481 526 26 375 2481 2831 1148 7 289 815 2199 274 1023 224 1343 801 355 352 349 2555 348 2342 620 84 70 1805 324 1257 860 832 1363 817 394 544 392 288 286 1739 1217 531 269 268 524 1025 1231 243 513 231 379 806 1424 552 636 395 893 619 105 102 82 612 63 827 2223 1126 320 409 1810 1899 313 1122 18 577 16 1298 13 312 311 1785 2763 1686 218 373 504 2049 2392 202 897 698 1207 1419 2817 364 161 2295 2083 836 151 149 2278 634 880 225 1762 889 1621 565 1221 534 533 2400 273 2764 270 389 222 1216 855 1107 1869 754 255 853 254 251 941 518 919 1255 108 89 935 728 1646 376 1645 1701 841 1581 473 361 157 152 652 142 1692 344 90 81 1811 421 2843 382 2387 260 2118 1536 1719 1323 794 1001 1185 1441 597 3333 327 49 793 585 584 549 541 540 537 1277 536 1261 854 507 1269 372 88 1407 1757 83 423 824 594 992 28 1890 1598 309 764 759 1402 2409 1998 197 1786 195 2630 1723 341 1374 217 1618 803 198 2334 187 486 1546 174 1666 170 1334 1008 1196 2074 645 137 454 131 130 637 494 560 701 490 903 1749 76 75 610 60 1131 1905 53 50 48 326 47 1125 40 318 1111 820 25 1077 2222 96 850 98 969 2254 366 1086 1258 466 798 975 146 457 128 1995 125 123 122 121 1037 627 1750 1632 1823 1112 555 510 512 519 450 3038 1061 340 1114 1189 622 2513 433 336 73 2073 72 67 424 828 328 995 994 316 1312 452 1787 135 1606 367 1392 559 1204 1097 485 1014 2462 176 474 467 1065 1011 464 463 665 162 663 2517 2338 1726 796 2316 1168 261 402 1118 568 1464 2365 300 1568 297 290 543 3236 1297 1871 1767 283 3100 2491 1458 810 1867 852 19 266 42 553 1089 721 905 799 2783 119 117 2161 3280 1822 617 1134 795 606 603 1034 1033 46 323 410 322 408 779 797 1812 1239 1592 3192 1229 2805 1006 1777 358 1691 2376 1274 1084 1238 766 1596 1103 329 554 158 385 167 693 2044 1682 2021 961 1500 1602 351 1104 362 1106 517 446 881 114 782 1954 1094 1408 140 478 250
855 736 383 514 1310 211 848 680 693 365 481 661 256 351 844 525 1408 258 156 1852 696 685 465 664 257 357 348 84 547 1048 1594 762 642 150 1231 102 367 199 2752 503 372 507 1351 513 243 710 250 1215 1355 268 531 532 1739 1689 57 411 320 409 37 1791 313 577 16 551 2468 394 2129 1122 375 238 249 1185 1758 89 151 1076 475 883 202 498 500 501 504 1553 218 416 220 223 889 232 385 251 255 389 272 534 1221 2128 778 1296 565 221 49 1263 586 1566 285 289 1990 7 1119 1129 2497 90 342 344 345 652 674 473 1581 841 585 584 579 540 536 751 742 987 260 239 3145 729 728 208 854 188 879 485 28 992 1840 415 74 83 88 1723 341 1373 630 130 137 2793 398 164 486 187 3268 1616 3275 802 803 217 227 230 510 1269 777 2130 469 875 550 785 358 2222 21 22 23 25 31 1299 820 45 326 53 418 426 436 338 98 292 783 857 719 495 1928 297 189 978 676 670 116 3129 3168 689 862 568 8 608 1094 73 336 1264 1326 111 625 447 1100 450 1243 138 796 139 2207 1606 181 1014 691 178 176 474 67 1115 165 464 463 665 2144 353 467 1205 335 65 580 405 553 2113 322 323 1033 603 604 606 86 968 95 1484 117 119 1696 2002 996 412 578 15 573 424 1178 1168 267 1833 2305 1497 1698 1787 779 767 959 675 1151 688 1808 733 66 374 135 478 1071
856 1879 18 1393 1485 942 2928 728 1007 1387 961 457 368 187 1233 842 1582 235 562 1089 3188 688 424 336 1243 1238
859 1727 136 634 880 554 148 427 2171 2844 607 998 439 149 927 154 158 462 363 244 1093 242 241 2349 1799 172 480 151 2512 599 329 871 193 1792 1581 167 451 345 124 344 343 120 894 79 2494 275 1220 1218 492 358 502 1238 804 2840 49 823 593 1103 586 581 579 396 1596 385 549 540 925 281 766 2108 1706 934 720 1751 541 1621 779 251 832 1820 1122 1298 1627 893 1575 552 1676 1377 286 532 269 1025 1231 844 1805 815 431 389 1738 373 897 1854 1449 2295 851 854 208 1877 488 473 157 141 87 376 518 1117 559 128 121 1632 1112 969 96 326 1375 305 1296 1625 1624 1782 2052 1809 1636 147 2231 197 1336 644 1965 834 336 1316 1141 1116 46 1030 512 510 486 1842 807 1998 553 355 1411 1006 2024 62 1398 1033 1128 322 2057 2365 1269 1867 519 740 803 802 2334 187 362 438 1104 446 458 261 749 388 2034 237 1089 562 235 2306 506 374 1087 705 192 183 842 1698 114 453 1410 131 560 1385 1146 835 1101 122 103 436 1821 418 899 961 25 352 10 310 575 368 494 1402 2033 341 445 107 435 2299 1603 1407 614 263 1659 2433 315 926 278 2035 1165 949 523 28 986 960 277 1592 1239 262 2376 848 2425 1703 693 839 1400 661 150 2223 57 1127 18 11 2109 2625 2038 295 529 348 347 2342 1409 2044 1759 2165 395 2041 70 2637 1183 1600 324 1229 26 2 85 1768 346 394 91 1283 1408 1053 72 877 413 328 1954 325 317 316 2510 782 2037 1046 1363 2812 140 2838 2338 1069 392 250 246 243 1726 381 1739 1351 939 478 1730 474 165 464 1332
860 809 2159 784 1592 514 1651 211 633 2425 2286 1150 360 150 621 2178 2030 566 84 324 375 1452 102 2196 3351 358 357 354 352 350 349 3035 1805 2482 1715 1183 1600 2001 801 308 1365 1739 3156 532 1459 531 1675 268 1025 2211 246 243 380 231 851 228 1117 379 1676 82 394 395 612 63 827 333 57 1126 409 1301 1810 1254 1122 16 312 1627 311 1078 9 551 522 331 285 698 364 173 159 838 462 2295 1344 158 638 1762 1760 1371 1056 1604 1957 2277 202 498 500 1351 291 1624 276 1219 1422 270 255 251 564 738 1621 241 1555 1736 225 504 1720 1443 1001 327 459 1139 126 345 124 344 343 118 342 894 1305 422 1255 1424 7 289 2016 157 2056 471 369 49 2878 585 581 396 1596 1047 281 1167 1166 1164 872 239 384 236 935 1368 1581 806 1268 723 210 197 196 368 907 906 701 1503 2254 366 483 169 1086 1695 168 1146 484 2067 1870 1930 83 829 1324 594 52 1840 592 1659 296 292 773 1110 1708 1169 259 523 219 671 1757 466 166 76 75 60 1131 914 51 50 1270 48 45 1125 318 961 23 576 779 47 436 92 99 1639 835 147 1919 128 127 1995 125 123 121 1915 1037 1430 1884 2352 441 1112 798 1113 88 435 1264 2002 328 822 1952 316 2081 433 17 858 529 263 2034 1162 1087 705 2571 1326 2726 1059 1673 507 199 367 559 485 178 176 1115 665 1726 138 644 2009 1063 1961 1662 799 1431 458 440 283 2238 2014 1393 510 1454 1453 802 1546 179 170 2793 131 2436 341 1060 107 1871 226 1269 2493 95 1822 86 932 1128 46 322 408 1685 39 36 1423 12 1032 2673 2534 1464 300 1072 212 467 91 336 72 2039 608 1717 1841 1320 1956 413 996 3029 814 261 3188 1089 562 1036 117 119 1570 558 2064 110 1582 192 370 895 707 908 721 183 2499 340 1061 172 175 475 684 1611 1419 204 2049 373 221 957 1981 242 244 254 2053 958 896 1288 1606 797 464 165 625 1011 1445 1066 305 2158 565 391 1065 438 1235 1748 2070 775 783 2322 1049 951 1598 28 824 1532 1723 2008 445 1373 637 1193 648 756 810 2127 253 512 2284 759 187 486 2648 2194 144 2074 1542 2234 735 2619 722 326 40 34 25 21 310 53 776 1 1031 1473 35 405 323 1470 1798 55 965 560 191 490 975 2028 457 1477 1486 1632 913 103 93 429 610 915 161 2138 1289 1493 1076 1495 1585 1831 1310 1043 234 734 1590 256 257 262 527 264 3192 279 1712 5 1774 1597 2 2631 844 0 295 547 2071 293 874 770 788 1697 365 1257 2055 1251 3043 928 269 737 286 1895 372 1552 188 181 691 1545 3017 1417 1071 303 1366 830 900 78 921 334 2017 58 1578 320 313 18 2966 1232 411 1284 1926 348 260 1938 751 1513 541 548 789 3 397 2709 991 2818 579 586 1756 33 2714 155 443 3063 2456 89 1055 387 1280 607 998 1660 2512 416 596 71 748 1963 2032 1395 275 1623 746 2532 1343 41 696 1970 1777 1848 1095 641 1647 685 1577 478 81 79 678 1084 152 142 141 451 208 120 1483 2807 1481 2150
863 843 2065 693 1697 3080 1491 2611 365 2286 481 844 3079 682 1585 1926 1588 383 1504 1043 1932 1586 845 213 211 680 848 983 493 1155 561 360 2375 668 736 864 78 900 612 1365 102 830 105 619 1366 621 832 106 1367 1791 633 635 636 1257 2180 653 150 1488 1275 156 461 661 1400 1147 632 83 256 1190 1761 108 1371 2406 94 439 434 910 1536 337 1055 1957 2007 2004 1720 554 1573 1539 631 634 1290 161 1003 462 2295 158 1289 2083 2455 658 154 151 1727 136 556 1963 1764 1724 836 1798 1443 1406 2162 1369 991 4 397 1595 549 548 1946 2336 1047 774 541 1172 758 1170 1261 584 585 586 20 1265 1280 1001 69 331 825 417 597 1719 596 593 1103 955 1439 33 1599 29 953 49 172 173 1609 1985 1357 855 2052 1869 754 255 1809 254 251 744 564 248 245 1621 244 241 389 2053 1422 757 305 302 779 1378 1297 565 1296 778 2349 291 1624 2128 2370 276 1028 2400 272 273 391 232 1558 1865 884 1015 1449 2465 491 1419 1549 186 699 2817 1446 1266 1611 686 480 364 684 475 1668 987 1854 202 1557 1555 511 1981 1799 225 378 223 3025 221 805 218 373 504 501 500 204 498 220 1466 1795 260 2655 492 696 1612 177 482 685 1610 1105 1970 358 1375 357 352 350 882 1006 1852 505 715 375 535 1566 275 274 2111 755 1026 522 1781 521 745 249 742 563 741 2385 1861 224 746 2979 641 1287 566 547 784 293 546 767 2080 279 762 1651 2159 527 262 526 809 258 525 295 2 1597 5 346 3235 2044 620 878 85 84 70 348 2294 2481 1600 324 1229 1317 26 2001 952 1805 2056 285 815 193 369 703 1701 1792 841 1489 1149 473 3420 681 471 674 1083 157 152 655 871 502 1042 717 387 748 239 1506 238 236 2201 729 652 728 1646 2697 720 1160 376 1830 804 208 1368 145 1412 142 1132 422 421 2843 59 1129 2166 41 1769 2494 1424 3346 2674 1119 7 1788 780 289 1785 1507 81 2025 141 451 126 124 344 118 342 1274 431 628 894 2807 2093 618 3395 100 1480 90 113 1590 838 1077 1312 390 1880 782 545 1178 15 17 1180 1657 321 822 325 814 994 328 996 413 54 2879 595 1956 1320 1841 1717 2002 65 424 2274 769 2967 2119 977 905 692 842 1582 183 370 2116 1497 908 2537 1159 721 2305 1833 562 1089 237 1649 388 749 261 263 529 1168 752 277 873 2838 335 67 608 2833 1288 1606 1967 797 1726 659 837 353 1893 663 665 463 2208 464 1849 165 1011 1065 1066 467 1115 474 176 1337 3175 478 479 178 691 1195 1306 139 138 72 73 336 1264 1535 2042 1057 622 1846 1059 1114 109 340 625 1005 447 1061 1962 879 3038 834 450 896 135 640 1965 644 646 1390 796 2029 458 2398 170 1666 2010 179 486 2790 187 1616 198 2292 201 802 2013 803 1349 850 227 230 724 725 512 740 530 3373 1268 760 283 1461 1871 164 1269 1010 2125 1757 614 88 435 437 107 1723 1763 2008 445 341 626 1372 1373 1374 2436 453 645 1193 2645 648 1542 2074 649 3081 1008 1198 1009 1334 1199 1014 777 543 603 604 605 1398 62 606 2024 428 1748 611 1819 86 615 2351 795 968 438 617 1822 95 2161 624 1137 112 2026 117 119 904 1634 419 1223 1128 323 290 1744 2130 1360 297 1074 300 2057 862 2534 2386 818 1 1118 402 8 1473 1423 580 1994 1300 35 36 38 2895 1302 553 322 410 46 1547 1336 485 2402 1465 1924 180 1385 483 688 1151 1829 2181 1086 978 1885 1695 676 675 671 466 166 1382 667 1637 153 835 147 1693 1636 1919 146 870 2028 1583 184 1165 949 523 1936 2618 807 181 2887 212 2067 1157 1498 206 1998 197 1156 196 2255 495 1704 1928 195 847 368 191 189 701 1996 1886 489 1438 128 123 418 1902 53 51 50 48 326 47 45 43 40 318 34 820 962 961 590 589 31 25 23 22 21 403 2090 960 10 575 2373 2778 973 1081 1477 122 121 3220 1037 116 915 627 1750 1632 2352 913 1823 1112 969 555 98 1631 1429 436 903 1271 1749 76 75 610 60 1131 2936 965 1905 988 719 2418 737 1231 739 246 1213 1025 2168 268 531 532 1217 1739 1740 1741 538 1222 1376 860 1377 1469 394 1509 3205 1363 551 552 395 2235 9 243 311 513 379 1548 182 1097 695 2012 1204 1205 188 559 885 1392 1017 367 1552 199 1671 503 372 713 1733 1018 207 2285 507 723 226 806 2757 1351 851 893 817 577 592 1182 992 1598 1714 926 1656 13 1075 571 1049 309 296 787 550 294 1838 1516 1837 292 783 781 1944 775 773 1110 1708 764 857 1955 594 2630 1467 1122 313 1301 409 821 1716 1578 44 411 57 58 333 2023 63 320 423 2174 1387 18 250 613 1532 3187 64 598 1602
864 1899 893 395 251 2243 1491 851 559 3156 844 2345 132 157 3367 2152 1877 2786 2368 2144 2523 1436 2206 2909 1320 1844 478 1397 346 310 122 1636 153 197 240 2778 1656 2320 2653 39 553 1128 615 2816
866 2 295 566 2120 1314 546 393 767 2625 770 1597 293 1404 1183 399 26 1317 27 1229 1658 324 1600 2481 1805 70 2217 1949 2378 736 762 365 1771 843 487 844 845 1926 1309 493 2822 848 1585 1433 2376 211 213 1310 1504 1588 84 1590 1466 525 258 809 526 1592 2528 85 348 2165 515 1023 1456 1354 741 742 249 746 522 1218 1220 274 275 1566 535 2087 2056 285 2016 815 289 1788 816 7 1119 2674 2831 1352 878 224 715 620 1759 1417 443 2044 346 347 1287 481 349 350 352 354 355 356 1333 1375 358 1970 1610 685 482 177 801 492 1852 505 375 477 150 360 542 286 2768 1222 860 288 2526 1377 1676 1677 544 1469 2017 394 817 303 1362 1363 551 552 2225 395 1575 308 2088 2089 1120 1251 538 1739 856 1117 379 851 231 1455 380 513 243 737 2233 808 1866 1231 9 246 2211 1213 2243 2529 1025 250 1355 3230 268 269 531 532 3156 247 680 1078 893 63 864 78 900 612 102 830 104 105 1366 2178 621 832 1367 632 635 636 1257 2180 1424 2375 661 1400 1921 839 3049 468 333 2223 826 57 945 11 1627 312 1682 1298 16 577 18 1122 313 1630 931 311 2408 912 1810 1301 1425 409 821 320 1126 411 2983 1901 2984 2882 37 1785 79 41 657 836 658 2083 927 158 2295 462 838 2963 1245 363 172 1609 475 364 480 686 1338 800 491 2465 1669 1015 1207 698 1854 154 897 151 1727 2512 1093 998 2844 1001 794 2171 427 2455 554 1758 2004 2007 1957 337 434 439 2387 2372 1371 108 1761 1190 880 634 1191 136 149 202 3105 501 255 2110 754 1869 2052 1107 855 1357 389 270 1422 811 272 958 2400 276 534 1221 1624 391 778 565 1378 779 1072 942 1864 853 1809 254 251 1860 504 1553 218 805 220 221 223 378 225 1619 957 1980 602 889 2173 232 241 242 244 385 1621 518 245 941 2467 1738 564 1799 2494 331 599 655 152 656 1142 157 1083 840 471 681 473 979 1149 1581 1792 2359 488 2339 703 369 1109 193 871 1041 502 1238 849 717 459 208 1038 1876 1255 2166 3125 59 2843 421 2321 1132 431 2497 90 618 1305 894 113 342 118 120 343 344 124 345 126 1139 451 456 141 145 2696 804 376 1755 3 397 4 991 400 579 581 583 584 585 586 20 314 1951 793 2308 29 993 33 1103 49 329 596 597 416 1321 396 1596 549 548 1160 720 728 729 1812 2032 233 236 384 1706 239 2108 387 417 936 854 1795 528 987 536 1090 537 281 540 1047 284 1946 2800 260 1351 1293 1116 28 30 1182 1659 2082 592 2971 1840 1955 594 414 415 1528 824 2483 64 938 3051 613 1003 83 1757 2226 1603 2331 88 1959 1598 107 1242 404 1165 1438 750 759 278 1045 857 764 1708 1110 775 1944 783 292 909 1837 785 1838 1177 2187 550 309 567 875 1179 926 587 315 949 833 1847 203 709 1977 802 2013 803 1618 217 2160 1862 1453 2284 850 1454 227 230 510 1737 512 940 740 519 852 253 2198 2127 810 201 2192 200 187 1722 1723 2193 1763 2008 445 341 1373 637 130 131 881 454 137 645 2488 1334 469 683 1104 170 362 1666 179 1546 486 2234 198 2430 240 2033 2340 2473 610 75 2602 76 2374 1749 430 903 2363 1821 436 93 338 1429 2177 96 97 98 555 969 1112 103 441 2352 1632 426 627 60 914 1077 310 10 792 23 25 31 1299 820 1111 963 318 407 40 1364 1125 45 47 326 48 50 1903 418 2778 1904 1905 2801 1131 1037 121 122 2169 180 490 701 906 907 189 560 368 982 706 195 2148 2255 196 1156 197 1998 2616 2409 1930 719 216 1931 2258 1402 807 366 1385 483 689 125 973 128 457 1101 1919 147 835 975 2779 1144 667 1382 756 669 798 466 671 675 168 1695 1258 1085 978 1086 1829 1151 688 166 283 1767 1269 1094 2167 1531 609 72 73 336 1264 2137 91 622 1846 1797 1059 340 111 625 2367 3038 834 450 1063 1192 135 644 646 1390 67 138 335 65 2571 791 1178 2708 2141 1316 1180 2081 2510 1241 954 316 317 321 937 1953 994 2274 328 412 996 413 54 2879 595 2002 828 424 796 1288 140 1340 1014 181 485 2279 1097 3224 1204 559 1392 1017 367 886 199 939 3147 371 503 372 713 2316 1733 1018 2317 507 222 723 1851 178 956 479 1606 797 2459 2338 3256 837 353 2144 1765 1893 1332 162 163 545 665 464 165 1011 1065 1066 467 1012 1115 474 1336 176 1337 478 463 806 861 814 3006 2022 322 323 46 1128 1033 1034 603 604 605 1398 2496 606 2024 428 1748 1235 966 932 2114 615 2351 795 1134 438 617 553 1822 42 36 543 290 1744 1360 297 300 2365 2057 862 1361 2534 568 818 1 1680 1118 1029 402 1032 12 1423 580 19 1994 1124 35 405 38 95 440 2161 2305 1833 235 1999 562 2965 1089 237 1649 1162 2153 388 749 261 263 529 266 267 1168 1787 2119 2036 2967 1046 769 2037 858 721 1159 1158 908 1875 446 112 117 119 904 1634 2398 974 2239 458 1431 1306 390 3115 905 2875 842 183 190 192 370 1087 1584 205 374 985 2784 799 305 2846 959 1028 508 1290 934 1645 1882 1080 933 1236 964 2302 517 2323 960
870 1633 2673 545 478 2243 286 1359 1569 493 736 1248 2628 628 473 1276 2156 1247 721 1089 1505 1947 1424 2923 835 692 121 1131 50 23 930 484 191 1102 2231 1498 215 1933 278 783 2510 1373 1666 187 1803 1464 1423 147 1582 54 1717 1274 1238 1434 1647 2108 854 396 593 2277 373 2172 2104 1320 1985 1297 1481 1478 2349 443 642 1007 165 178 182 2232 1231 739 506 1294 18 912 1275 561 2080
871 328 2119 873 266 263 749 54 1044 237 1089 842 261 335 1057 72 336 340 135 2338 478 559 367 372 222 379 243 68 188 322 808 462 158 554 607 330 593 363 583 4 1755 1596 541 260 2108 1405 935 364 218 305 945 1252 391 389 251 2796 941 1621 244 241 378 221 220 518 703 1581 345 693 365 150 102 57 1080 844 411 13 312 311 394 392 1739 37 493 736 1592 344 275 274 1220 1343 482 355 354 1006 1095 2 0 295 770 762 1398 46 690 12 2028 436 326 820 25 310 930 1144 670 454 1032 1235 447 2144 1014 348 1507 942 14 669 466 1833 560 671 959 1029 2302 1767 940 802 1106 187 740 1104 1372 341 445 107 614 315 278
872 2698 376 804 157 152 801 815 375 354 151 82 344 364 605 218 855 389 811 2423 1632 1064 2652 46 2270 267 1880 1810 800 13 780 394 817 128 798 2254 807 341 850 322 40 905 263 2838 328 2137 795 507 860 452 531 269 268 246 808 231 380 379
873 1103 955 20 49 1527 1318 330 416 33 1599 1263 585 2861 583 2162 1369 1047 417 2709 4 3 1416 1888 2336 584 825 434 69 660 155 658 836 657 1727 2834 133 129 1191 1724 1539 1190 1371 439 540 1370 89 1056 337 1055 3178 1957 1720 1758 554 1000 331 771 1646 537 1916 1139 126 118 342 115 628 113 2093 618 100 90 141 2497 431 1478 1811 1289 421 59 2166 1577 41 2494 1785 1424 87 1513 145 157 536 1172 2118 1939 987 854 260 1506 382 233 1368 720 152 208 1040 369 703 2339 1792 2240 2989 1490 1581 681 678 361 717 158 270 838 47 326 48 50 51 53 1900 1903 1081 1905 914 1131 2248 60 426 610 75 76 2019 1073 1072 779 1378 1297 1100 45 2797 43 1364 2674 278 1106 1393 1089 1396 911 1080 1077 575 10 2247 565 792 21 22 23 25 31 1299 961 820 1111 318 407 40 403 1296 391 2054 220 218 373 2416 712 504 2049 501 204 202 897 698 221 1015 883 2817 2242 1611 1338 686 364 684 1971 1798 1290 1076 1669 462 223 1799 534 533 2396 1028 2400 272 1219 1986 389 1869 255 853 889 1809 251 564 248 245 1621 242 232 1558 1983 1557 511 1981 254 1284 1119 1992 543 290 1224 2560 1745 1360 297 1568 1074 300 862 1 1031 1473 776 2676 580 1898 1300 35 39 408 553 322 323 46 603 604 605 1227 1423 428 1871 283 2010 3357 179 486 2790 1293 187 1342 1670 2334 201 203 709 803 1461 1349 1862 850 230 724 510 1737 512 726 852 743 810 3165 1268 760 1979 174 932 615 1158 1159 2965 1044 1162 749 261 263 529 267 752 1787 277 873 985 2838 280 769 814 390 1947 1178 2203 17 578 2081 1241 321 1954 995 2119 86 506 702 2351 1906 795 1134 968 3258 2498 617 1822 1135 95 1875 3298 1137 374 2151 117 904 1634 1918 1779 2239 458 1141 1570 666 1306 905 692 1582 114 2274 1666 1010 166 466 670 671 675 1695 1885 978 1151 483 2169 180 484 2254 1382 1642 1996 701 560 494 847 194 195 2148 1704 196 197 2256 2096 1500 1886 1435 2779 153 1749 1271 92 93 97 98 1112 1823 1790 1632 1750 627 915 1486 1637 116 121 122 2939 123 973 1784 127 128 146 1919 147 654 835 975 1037 469 210 719 600 601 3055 423 64 1324 829 1003 83 1113 616 88 437 107 415 1723 1663 341 626 1374 1540 637 454 1193 2488 1196 1008 1198 1334 1199 1763 212 414 1955 807 259 1887 857 764 3449 773 2070 775 990 783 1838 2379 294 52 1519 309 567 875 2260 1075 398 3142 1714 1523 1598 28 992 819 592 1948 1956 1320 1841 1148 481 365 1491 2885 1697 693 844 1926 1155 1309 3086 493 848 360 1585 211 213 1310 514 1932 1043 234 383 736 1780 1466 256 525 258 209 809 1400 2375 1122 313 1123 1629 2591 1810 1301 409 821 320 1126 57 58 827 661 63 612 1365 82 432 102 106 1791 632 633 635 1257 1917 143 150 80 18 262 264 1974 696 697 710 505 1348 375 224 228 2237 1456 1457 741 742 2011 746 1623 1026 274 275 1566 1567 285 2016 815 1462 289 1990 780 1788 522 527 1610 465 761 762 767 770 1313 393 784 566 788 1597 1774 5 952 1317 1105 27 324 1805 70 2099 84 878 2643 1964 348 641 2045 1006 358 1608 1050 1298 13 9 2009 896 1192 135 640 1965 2576 1390 796 1195 140 1967 797 3201 1063 1007 353 1765 1893 1332 663 665 2208 2348 464 165 1011 1065 1066 1335 2412 1115 1892 834 1717 2002 424 67 608 918 68 1531 73 336 1264 433 2137 2724 450 2726 1057 622 1845 1797 2157 1662 1891 109 111 625 1005 447 629 1061 2727 176 479 1202 513 243 737 808 1249 1231 246 1025 524 1674 268 531 532 1564 231 271 1739 765 1376 1359 288 1377 394 817 1362 551 552 2225 395 308 1217 851 1117 1864 687 178 1851 691 1547 181 485 2280 1097 1204 1205 1550 559 1016 1017 367 1551 1351 2757 806 226 1116 1673 786 222 1019 1018 714 372 199 1552 507
874 1351 1867 322 323 328 67 340 464 341 246 394 18 58 157 681 564 1107 269 779 523 326 1693 3098 1757 1009 463 250 1257 1590 76 2269 720 599 172
876 2141 904 2398 1306 2808 388 702 640 135 452 896 1892 834 1328 1797 1264 335 328 2716 842 1180 545 282 280 2119 2838 277 749 1227 2034 1159 1158 2537 2816 1128 3298 42 3198 2046 1546 362 1198 3132 2781 341 1722 107 1113 1842 2006 1407 1723 1977 802 803 1300 1994 580 1965 1423 1464 862 2365 1269 1268 2238 519 512 850 1349 322 644 1336 353 1715 1183 1600 324 27 566 2038 2625 539 70 1239 2257 848 1793 845 844 365 1921 1400 1143 262 1920 2787 349 1304 431 1132 59 1129 3125 3346 2674 1990 2165 2354 522 1354 1452 496 697 1974 801 1612 352 274 2338 636 832 246 2233 243 513 1800 851 1117 1351 507 1213 2316 559 1204 1730 1337 829 474 1332 1893 1765 713 632 2243 531 831 104 432 63 827 826 57 313 893 269 1575 552 1363 1362 817 394 1222 1739 1217 532 2235 1955 671 1242 3072 1220 1119 2925 2831 1424 2166 2843 421 124 1083 167 1307 1877 376 720 2032 3110 1705 2973 358 1466 2109 0 2001 2481 1805 3035 2265 2044 2342 346 2300 348 1095 1006 355 160 2111 384 540 541 846 1446 1448 3484 3209 2465 2751 218 805 220 223 919 3037 2467 1624 1296 1072 800 2083 836 148 3295 3402 3354 579 314 1103 593 49 2885 327 998 554 1758 3291 108 1761 1963 643 329 2839 661 3323 436 2473 1131 1081 1900 326 1125 318 10 1954 412 3341 1094 1814 1531 73 2723 96 2724 835 798 1075 1948 1262 857 2418 750 523 1157 1435 2147 490 2253 1385 1885 1695 1146 2150 975 1057 3038 140 2428 1099 2772 308 2089 3053 1120 18 1122 2408 2592 319 3321 2985 2223 333 102 542 250 1025 2529 2459 2517 3319 2518 2462 2739 478 479 3383 1201 1014 3216 1205 2313 2521 499 503 2050 1545 618 809 628 972 2328 114 2684 446 440 1822 3068 2496 2027 1398 46 323 1118 300 3236 1458 2335 3359 227 1033 2160 799 2305 1299 47 1903 418 420 2778 3355 1821 1823 905 2352 2708 791 814 873 1168 2419 3007 562 1833 2135 113 2353 187 1438 2035 1165 2430 1414 2623 1402 2096 1998 2780 197 194 494 560 1432 366 483 166 667 2290 2148 2013 1045 1110 1975 2652 170 1104 645 881 131 2226 614 1708 3051 1051 52 1840 592 404 2480 951 1177 2379 1602 146 128 754 158 838 364 1203 1207 1854 3009 1344 2813 2750 1346 898 1799 245 2919 564 251 254 1809 2052 855 1986 273 534 1221 391 778 779 2019 149 1727 897 2277 118 343 152 656 157 841 556 703 369 2565 717 2840 1160 1706 387 1792 1170 854 638 2786 1762 1441 3194 1439 1442 585 583 1888 537
877 645 131 266 362 130 2659 517 959 1235 2144 936 2752 911 37 1229 1284 242 942 637 945 1330 1374 756 2433 187 792 960 1299 820 40 45 1826 122 1847 560 847 706 2616 1500 1088 2619 278 783 296 982 2127 935 522 1095 1006 1777 355 358 375 515 1007 275 1083 167 471 369 193 1238 720 802 387 260 1090 540 541 1103 348 49 347 1387 478 2412 367 372 1766 860 395 18 411 57 102 150 365 693 1771 1493 2376 809 1592 770 293 295 2 346 1012 417 607 595 328 994 937 822 261 1044 237 1089 562 235 374 1584 370 705 183 1228 114 1128 19 1473 1 818 72 998 1408 340 2844 554 643 927 158 462 172 2820 1338 1015 373 957 385 1621 518 941 389 1296 565 797 140 796 138
878 521 285 515 375 346 1229 843 150 621 9 817 243 226 165 1114 841 335 584 1180 364 121 146 1156 1324 2192 373 1847 1106 862 818 1 615 1134 2553 336 705 534 467 797 1195 1094 328 994 1044 235 322 2343 760 756 512 485 187 1546 1100 1605 28 1242 1656 857 835 457 1632 326 820 25 486 559 341 1231 851 533 389 251 941 385 2464 158 417 586 541 987 1581 431 1981 1610 524 275 570 893 900 1479 18 680 844 845 493
881 1119 532 365 848 224 531 431 373 158 364 1669 202 218 389 269 49 268 212 246 534 31 60 121 1842 486 510 1025 553 328 336 1057 450 1892 379 380 529 391 481 947 842 374 1158 1089 388 261 263 1181 412 335 67 1797 1005 135 796 139 1606 119 117 112 795 1723 341 1198 362 187 1616 203 850 1007 227 253 756 290 39 322 323 46 603 512 107 665 464 817 551 395 312 1122 319 1301 409 821 320 44 63 921 900 432 102 105 394 928 250 247 165 1065 1066 474 176 485 2279 1204 463 503 507 806 1351 1117 851 231 243 1231 207 1257 83 28 1416 537 536 987 854 260 748 376 208 1581 473 681 157 152 1038 145 141 579 586 1951 29 779 1100 1028 270 1216 1869 251 248 1910 504 151 149 89 1265 1001 416 593 1103 501 824 90 59 25 318 47 326 75 92 98 128 146 835 466 189 982 196 750 857 309 403 844 1493 493 1129 1424 815 285 275 375 697 358 421 354 348 85 84 5 547 767 525 1043 350
882 832 2050 503 1859 499 1671 199 1855 886 367 1017 1016 559 2143 2521 2746 1205 1204 695 2280 2051 372 713 1733 737 243 1267 381 2908 513 380 1455 231 2279 851 1117 1351 806 1116 723 1673 222 2881 1019 379 485 181 1014 659 3201 2517 797 140 2207 1195 796 2163 353 646 1257 653 150 2375 351 1920 1143 1400 1921 644 808 1765 663 1731 1851 1613 956 1067 479 478 2463 2520 1331 2739 176 1336 474 1115 467 1066 1011 165 2518 2462 619 1866 246 57 2983 1127 411 1126 320 821 409 1301 1810 1899 2591 1630 1629 1123 313 1122 18 577 826 333 2023 827 1367 1791 632 633 635 636 1580 668 105 1298 830 1479 82 1365 967 900 80 78 864 63 102 1682 13 312 1376 1222 286 538 1739 1217 271 856 1993 860 532 269 268 1355 1069 524 250 1025 1213 247 531 1231 1359 392 11 893 311 1078 9 308 1575 2235 1253 288 395 1768 551 1363 1362 3026 817 394 1225 1677 552 359 1694 360 284 1047 541 540 281 537 2968 1090 2229 1172 1170 2118 987 854 260 1164 387 872 758 1946 2800 549 2713 2573 2308 793 1951 2399 314 20 586 585 584 583 581 579 400 4 397 1755 1595 239 1599 1706 1647 2359 1792 1307 841 1581 1149 473 471 2339 361 840 1083 157 1142 656 152 459 2564 167 1701 703 369 236 516 382 1705 1587 233 2032 728 3299 1368 1646 2698 1160 376 2840 717 2426 1040 193 384 993 33 955 838 462 158 1289 2083 836 657 154 159 151 148 136 1725 3301 134 133 2389 638 149 161 1290 1200 1207 1015 2465 491 1448 1203 846 2242 1338 686 480 364 684 2390 1411 172 363 3077 1971 1963 129 1724 634 607 1093 602 331 825 417 599 416 596 1889 2360 329 1527 327 49 2287 1091 823 1103 2844 652 1441 1186 880 2276 1761 1760 108 1371 1188 439 337 3178 1957 2007 3259 1720 1758 1719 427 2171 794 71 145 1413 142 1805 2481 1715 1183 1600 324 1658 27 3254 1317 1774 2 2631 295 566 784 293 393 26 70 2263 2099 352 350 1665 349 647 1006 2045 1781 348 2792 2044 2265 2264 2805 2165 878 85 2804 2788 546 1313 2038 2625 2425 983 2822 493 1926 981 845 844 487 843 1771 2885 365 481 477 476 680 1148 470 848 1777 1585 2376 1653 1943 770 767 2528 279 2109 1592 1239 526 809 1589 736 1588 383 234 1043 1932 2030 2257 2576 354 357 1132 421 2843 59 1130 1129 1686 1579 1478 1255 2494 1785 1424 2925 2674 1119 7 816 3151 79 431 2025 1876 456 451 1140 1139 126 345 1692 124 344 343 120 118 342 628 894 1305 618 2497 289 815 2016 285 2557 1209 375 1348 715 505 492 801 2196 1612 482 685 1610 1105 3360 2333 358 1375 1333 2103 356 224 2237 2056 535 275 274 1220 1218 755 1468 522 745 249 742 563 741 1354 1457 1456 515 727 228 1965 466 135 2353 3263 803 1618 217 2160 1862 850 227 230 510 3358 512 726 2013 740 3359 2014 530 810 756 2268 2665 760 283 1767 1871 1269 776 1223 852 802 1977 201 1374 637 131 881 453 2266 645 2647 3012 1196 1008 1198 1009 1334 1199 469 683 2267 2334 1670 187 2046 486 290 1546 2652 174 1666 362 170 1104 179 1373 1360 1568 1112 969 555 98 2019 2371 305 2774 298 779 1378 1100 565 778 103 291 2281 3018 1221 533 276 1028 2400 958 273 1219 1986 811 1422 2764 391 441 1823 2476 300 862 166 669 667 1144 2779 1637 153 975 835 147 1636 1919 146 457 128 913 2352 2252 1632 1884 627 297 915 1915 121 122 123 125 1995 1037 341 445 2008 706 195 2148 1704 1997 2255 196 1156 197 1998 2616 1500 1157 212 494 719 3124 1931 3285 1402 807 2960 2620 240 698 2621 523 2430 949 1165 216 982 368 560 675 168 1258 1885 1085 978 1086 1829 1151 688 689 1385 366 2169 180 484 1153 189 907 906 701 1996 1886 2035 1642 1700 184 1641 2841 2254 1465 490 1438 750 1887 1656 926 587 315 592 2971 1840 1955 1184 594 1467 414 64 613 1003 83 614 1763 1723 1722 1890 833 107 2213 1605 88 2191 1113 1842 2006 2299 437 270 3221 3070 988 1171 812 759 857 1708 1110 773 2259 2070 3022 1175 990 3152 1654 783 292 1179 2802 2000 875 1948 296 3050 550 2187 1177 2379 1838 1837 909 3109 640 389 1216 2305 1833 235 1999 562 2965 1089 237 1649 2427 2272 3007 1162 2419 2952 388 261 1396 263 267 1168 1787 277 873 2838 2119 2967 3015 1046 858 798 215 1159 1158 2328 119 904 1634 972 2398 3217 2783 1918 1779 2239 867 2270 458 2029 1141 1306 2537 908 2784 1499 985 205 814 707 705 702 183 842 905 799 370 2026 282 782 2725 1796 1408 1057 91 622 1845 1846 1797 2157 2420 1189 1114 1891 2005 444 340 1004 2731 2214 447 1061 1962 3038 834 450 1892 896 1192 452 109 2137 336 72 1947 1178 17 1316 1180 582 2081 1181 2510 1241 1657 316 325 1954 2274 328 412 609 1814 68 2039 2833 335 390 424 828 2002 595 54 413 1278 66 114 112 446 218 373 504 1860 501 3105 500 2392 498 2314 2813 1451 897 3025 805 1344 96 2177 1429 338 93 436 903 1271 1749 2374 2602 75 610 2250 3009 220 221 223 2395 1985 1357 855 1107 2052 754 2110 1622 255 853 1214 1809 254 251 744 1738 508 225 957 1799 511 2173 426 241 1621 738 245 941 2919 248 244 60 1131 2801 12 1473 19 1994 1124 35 1747 405 38 553 3006 322 323 46 2563 605 2496 1875 2161 1909 1822 438 968 1032 1134 2351 615 2114 2950 428 2024 795 2763 402 1680 420 418 1903 1900 1426 51 50 48 326 47 45 1125 1364 40 318 1111 820 1 818 568 1464 2493 1077 1118 1121 792 22 25 31 1299 961 10 749 1854 2362 2336 1709 774 1795 1834 1042 2507 2566 1109 1691 2807 2093 87 2495 1759 2332 2294 952 572 1591 1590 213 561 211 2592 3205 1469 3111 2529 2572 1756 2512 1055 1896 1625 287 534 272 3033 520 564 3535 1098 242 2759 1230 2172 507 898 202 800 1609 175 173 2295 927 660 2278 1762 2205 2326 1056 1604 1553 1018 729 885 1410 2323 1060 2483 1051 1242 2870 309 1403 2185 2364 214 2256 2147 2010 2541 1638 2478 2251 99 97 92 2363 2749 76 2248 2594 23 576 2373 923 2658 1270 2198 2926 182 178 464 162 1005 2367 73 2879 994 2511 954 791 3164 3102 1849 950 752 1576 408 2022 3320 419 39 606 1087 2092 3030 1295
887 998 554 643 462 172 242 518 941 942 114 158 1523 46 300 3311 187 130 781 278 1500 915 407 49 1235 1318 1606 1596 406 506 733 235 1089 1396 937 2862 877 2039 1961 1063 659 662 478 102 1229 346 347 348 1848 375 1083 748 541 581 310 1582 374 121 1057 18 844
888 1805 26 63 395 1069 1025 246 1204 499 70 479 2518 138 2708 713 358 2494 1424 1625 1621 1448 172 1761 108 2674 2387 1160 152 1132 421 59 1833 554 2305 1723 362 157 656 755 621 269 46 1360 835 949
889 1025 2170 921 1820 78 900 432 247 2529 102 250 928 57 319 1123 313 18 16 2935 1627 1253 1363 817 394 1222 1217 1564 532 1459 268 2549 104 636 459 473 979 916 488 369 3511 1368 748 528 540 6 584 1756 1599 49 1442 345 2807 1304 87 3197 1759 1417 346 347 3047 132 354 1055 801 375 1354 522 2087 289 1991 2321 3353 1348 566 1056 927 945 243 1895 1800 380 231 379 1864 806 226 222 539 2528 1436 844 487 2062 942 1873 779 287 161 1290 175 364 1247 202 504 218 151 1619 2349 242 385 251 255 754 389 533 919 1366 559 341 1435 1157 807 309 875 3050 1656 3251 83 1054 2006 1842 2849 130 3081 174 486 1342 198 200 802 2284 2442 512 253 1767 1870 1871 1464 984 1704 1928 560 2401 1077 25 1684 31 407 47 51 55 1905 1131 2340 3226 75 568 1271 1112 913 1632 1037 121 1633 128 1636 147 153 466 180 2254 1996 2319 12 14 1747 176 1231 1242 1809 4 157 152 2441 224 1945 359 826 1301 893 288 269 246 851 713 1418 452 1316 280 235 553 474 2348 507 837 1089 2305 2116 842 905 458 1036 2161 3280 795 1128 46 323 322 39 261 263 954 822 796 644 135 622 665 1866 335
890 956 2578 1063 1275 952 347 940 478 911 1018 575 1830 1042 193 471 674 344 2093 2025 2495 1424 535 1220 357 1781 729 642 1284 84 2291 2 234 213 661 150 2180 106 78 409 1078 739 348 1795 281 3137 2371 790 1073 929 2054 272 520 254 564 248 1230 2104 504 202 475 1609 175 955 49 2512 998 1720 2415 243 2205 155 660 159 161 1290 172 133 2373 231 885 2101 3408 2483 1051 1659 2364 988 2256 368 191 701 483 2251 92 341 436 1271 1749 77 76 60 51 50 1108 1299 31 23 21 576 10 2363 2323 2198 300 188 182 1014 178 1011 165 1849 2367 73 328 954 3102 261 562 215 1087 1494 1576 39 408 2022 322 46 1725 419 62 606 922 112 971 117 2092
892 2736 105 365 234 383 264 770 546 393 5 324 1600 1183 1661 3047 1375 3094 1452 224 228 275 535 285 3170 102 82 80 78 1731 1204 1205 1206 2313 2746 2315 2754 2317 243 1025 421 286 1377 392 552 893 13 1298 577 409 44 57 63 288 178 2025 2500 363 171 173 175 686 1247 186 504 373 508 957 1863 1230 241 244 1621 248 564 1809 1986 1219 273 565 1290 1289 927 155 118 344 124 1692 126 152 361 1042 376 1160 1832 1304 1646 382 1834 748 2118 1172 925 1047 4 20 33 1760 1368 2463 2520 2739 127 128 146 147 1639 675 1153 3563 196 197 212 214 219 1402 807 2621 3253 750 988 1171 824 83 616 121 1750 1632 913 385 1395 395 2039 122 2362 310 10 930 23 31 1722 1299 318 47 48 51 75 92 96 1631 97 103 1823 1108 341 626 2858 280 1316 2510 1953 328 73 2137 2725 2726 1796 2515 1649 2157 2367 1243 135 1607 2517 3201 2144 2518 1849 2361 2462 109 779 562 2306 453 645 3099 203 2658 510 2301 1867 1269 1223 290 3101 300 39 553 322 323 46 2092 606 2355 112 183 908 1
893 2248 157 152 142 141 126 1274 473 2807 289 815 285 746 224 697 87 488 703 193 3 1416 548 774 541 540 2791 1938 1795 854 1646 208 849 1386 1276 696 801 355 1848 2417 481 2969 150 635 633 632 1366 105 830 102 432 612 900 921 844 991 493 1585 2641 443 84 3161 1597 1048 767 761 1651 258 525 1648 1504 1043 1310 1495 2224 1441 1055 545 782 1089 506 114 932 321 1527 362 1407 614 28 1500 2021 709 646 939 1117 172 161 554 579 239 167 1006 348 768 693 82 1627 1251 269 268 49 33 29 586 1553 373 504 202 1344 1669 883 1732 1668 364 158 657 151 2406 1604 218 1001 1980 1558 584 2771 779 391 272 1422 270 389 255 1809 254 251 242 241 232 1557 827 57 44 283 2086 756 253 1559 852 543 519 510 802 203 1342 187 564 512 290 1804 2343 3115 119 112 617 1134 1819 428 603 1128 46 323 322 553 408 12 486 469 1193 130 457 128 973 1486 1884 1823 98 429 2222 23 31 589 407 47 326 147 905 1382 180 341 1663 83 998 64 2432 309 1403 1402 719 210 1998 1704 195 1432 1829 2064 842 1582 250 1025 1231 243 3017 2126 2315 1550 1615 188 1204 181 176 1115 1065 928 1011 532 286 1126 409 1810 18 16 9 1575 395 552 1362 303 544 1377 288 1222 1739 60 165 665 996 1278 412 328 994 2712 2081 1316 1505 562 235 721 908 374 707 424 464 67 2073 662 353 1007 796 1390 644 1243 450 1061 629 625 622 1057 1389 336 1094 863
895 150 1257 102 1272 1365 80 334 409 1629 2589 1682 312 311 1078 308 1253 395 1275 1922 843 487 349 1781 348 2300 347 1759 2099 2637 551 324 295 566 2071 293 546 1592 383 844 952 1362 303 817 559 182 485 178 1543 687 176 2361 1392 467 663 1893 2124 659 1726 1607 138 1243 665 350 1552 2754 301 1676 288 911 1564 532 1459 1394 1671 1766 243 1895 380 1455 231 379 1864 372 2233 2009 352 3013 2368 462 158 643 2278 638 1370 910 89 1604 337 1323 2346 607 998 602 597 838 159 1076 161 2919 245 232 1799 1619 218 373 504 329 2049 202 491 1549 1611 364 684 475 172 204 49 1103 33 118 115 628 1483 87 1882 1255 1395 126 1788 2016 285 535 275 1861 505 1452 357 289 354 142 678 1599 953 2399 584 581 397 548 2229 145 1170 387 748 3564 720 369 2152 1490 473 1507 1063 1892 629 759 1650 3163 1794 495 368 560 191 1699 180 466 1637 835 654 1636 2296 127 857 773 1049 2432 2008 107 2341 88 616 1842 83 1003 123 2872 938 64 600 28 2871 1714 926 951 2848 1915 915 441 10 310 2349 242 518 738 248 2327 576 251 255 754 1869 389 273 2400 2525 302 1809 626 21 961 2251 555 97 92 2363 1749 1270 76 1684 60 3385 965 1426 53 47 40 318 34 2248 2890 130 131 769 986 263 1505 237 1089 562 2952 3164 215 374 370 192 1582 692 1696 799 460 908 2358 390 1947 110 109 2728 3122 2927 2811 2039 1440 782 595 413 412 316 954 2081 1316 573 791 877 1738 2398 119 2335 740 726 512 725 227 1454 1453 2445 1862 1293 170 2102 1009 1008 645 1664 2323 187 972 3165 2140 971 114 95 1235 1748 428 1128 46 283 323 408 260 39 1747 1381 19 1031 1470 322 564 935 1782 1420 2749 1447 691 956 478 1065 1011 165 162 1331 2412 2075 797 644 640 452 2752 1672 2756 1673 2089 552 1226 394 2772 1377 286 1460 1061 1251 1993 928 250 1025 1866 1117 226 1116 1739 340 1114 1662 994 1954 822 1657 545 261 721 1501 2716 506 702 905 1141 2029 2270 1779 1228 2687 1584 9 328 68 1189 2420 1846 1845 1057 1796 2727 2726 1092 2725 1281 1326 2137 1053 336 1531 1814 3121 2724 1789 893 1627 522 228 224 375 3327 355 1777 641 815 346 878 1661 2263 1805 2481 5 1597 2 443 0 1119 2166 853 2345 1368 1646 376 208 1877 2344 1424 193 681 167 157 152 141 2150 2321 1130 690 1634 788 1651 82 967 900 78 921 63 826 2983 432 44 2982 1899 2592 2980 1630 1254 18 1298 1126 279 1366 1400 264 262 809 258 1935 1043 1310 213 636 211 2183 845 2065 1697 2885 365 360 3324 1585 117 42 932 50 48 326 45 1125 2594 31 23 2090 960 1121 758 1172 925 541 1047 586 51 20 55 2340 122 121 1037 1884 1632 2135 913 1790 1823 1112 969 866 1631 93 1271 2176 75 1131 125 1951 1889 1553 2172 378 957 1230 919 3037 2759 2019 2371 945 942 779 1028 272 1422 112 1617 29 1854 1609 1001 2156 1443 1055 1541 129 2277 133 134 927 1289 3361 1290 363 173 2077 175 186 1995 1555 128 1670 486 1784 1666 3212 341 1060 2226 1757 1532 1656 2480 567 1654 3152 2185 278 3108 812 200 510 1303 964 2895 1124 1 818 1464 62 2365 966 300 1224 290 2533 1269 2198 253 229 1887 2652 2620 2095 169 869 2094 1829 1086 2230 1085 1258 3305 166 1639 1638 2290 153 147 146 483 2254 2610 1641 196 1997 1704 197 2258 1998 2148 2841 195 1886 2916 2147 1642 1432 214 1700
901 2497 81 2150 1256 1483 1788 1462 563 741 1452 2655 1777 628 346 2087 1916 728 145 1507 936 748 935 720 208 141 1040 1276 2989 473 167 1083 976 1644 443 18 5 2469 1272 432 612 2224 58 57 409 1301 37 1254 1795 552 551 1362 947 1712 830 831 788 2626 1945 767 1651 264 526 256 234 1043 1586 209 3086 2065 633 104 987 1808 1513 1474 1251 1397 559 478 1061 1057 2002 1320 954 986 932 1235 428 3118 1080 2913 1366 211 565 817 1250 941 1553 202 1449 158 1001 1240 260 1434 289 2635 527 679 1593 940 1349 475 172 643 1191 94 2915 2512 1103 585 584 583 4 789 2705 541 2139 1248 1266 373 779 1378 1297 1422 389 1782 255 853 518 244 242 241 1230 1863 1736 1247 1359 1569 286 773 1933 216 212 2067 210 1435 1500 1498 982 1102 191 1695 671 835 2070 1101 781 2888 648 1193 130 626 614 1533 1532 64 423 601 824 415 414 1659 296 783 1542 457 1633 589 23 22 21 576 10 1699 560 1503 278 992 2848 1373 1670 1222 590 973 962 407 116 96 1131 965 1477 1081 53 326 47 45 2797 2145 1125 43 1364 1111 179 107 187 1965 640 1243 1005 1960 1534 1282 336 73 2424 608 2962 1278 1601 321 644 2081 796 2144 486 1564 532 268 3089 1674 199 2012 1097 1545 467 1066 1065 1011 1765 1007 545 1607 267 323 1994 1898 580 1473 2140 2105 512 724 230 1454 1453 769 201 203 46 604 1464 1584 1089 1501 1499 205 1396 1087 192 611 702 974 1228 2448 1137 2446 968
903 665 165 243 1606 1195 139 353 176 1210 1550 367 199 503 1020 507 1212 796 178 135 390 879 246 235 237 261 1880 1181 328 2002 450 67 1718 73 336 2514 1844 111 1005 1962 1094 250 526 531 661 360 477 481 693 843 493 377 351 1043 525 2305 262 761 762 767 293 2 736 268 156 150 1739 538 1251 542 1099 2929 395 3092 2375 1122 57 2223 2023 1136 621 635 448 2180 313 374 649 1698 147 2608 667 671 675 676 2181 1151 688 689 490 495 1931 309 315 28 594 457 128 116 1632 403 21 1299 961 820 406 43 47 415 326 51 53 426 76 903 436 338 101 50 423 829 83 1576 580 1124 405 553 322 323 46 2493 603 615 2498 617 1912 971 2026 117 119 1819 707 300 740 88 107 1723 445 341 130 469 683 1269 170 2010 486 187 1616 802 217 850 512 362 418 70 1417 744 248 889 223 805 712 202 2390 2052 172 2295 108 439 434 1758 2204 1001 1530 1798 998 272 534 564 363 1103 854 1879 656 2126 467 276 1057 985 3202 1198 84 5 779 1296 391 335 1093 945 1527 628 90 431 348 357 358 465 1610 342 177 515 742 274 275 2199 597 421 1255 375 152 642 681 49 823 586 1142 1416 1755 537 536 751 260 239 579 236 382 233 1701 1160 1040
906 1390 1005 625 1057 986 1089 235 1228 968 1134 86 568 187 486 824 1324 1373 1288 112 1606 18 1007 1504 258 1651 788 1229 641 1310 1781 1852 1785 1478 141 1038 783 1610 1607 211 1257 1011 1066 1012 1613 3145 1231 1585 250 303 1627 409 821 1578 334 1564 775 1777 1382 1006 348 347 346 2342 443 1417 1759 878 84 70 1805 2481 324 2549 1658 26 5 2 566 547 393 279 1592 262 350 1699 352 354 457 31 310 2843 59 1686 2166 1255 1424 2674 1119 7 1395 289 815 2056 274 2111 1623 522 746 563 1354 375 358 1828 1083 1084 2503 2172 1553 373 504 2796 1449 1446 1203 846 172 363 462 158 223 154 149 148 136 634 1539 2786 108 2387 1055 1957 554 1719 1441 151 378 1619 889 1746 779 565 1296 391 534 533 272 270 389 1216 1107 2052 754 255 254 251 564 518 1621 385 244 242 241 2349 1558 1865 1555 511 998 167 1093 49 118 628 1691 1483 1304 90 431 81 79 1132 2321 421 1297 120 1100 1987 855 1557 805 1617 1344 1854 1668 3123 185 927 579 208 1221 344 124 152 593 1103 29 1756 584 581 3 1596 549 2336 541 540 925 537 987 1795 854 260 387 1260 382 1160 376 193 841 1581 473 736 157 1321 383 1575 493 2365 1360 543 1269 760 2665 756 810 253 519 517 512 1737 1464 510 850 2160 1349 803 2353 2013 802 1616 1342 2234 1546 3143 362 227 2343 1680 1118 506 1043 1087 842 1696 799 1141 458 1634 119 117 2328 114 2161 440 95 1822 617 2355 932 1034 1128 323 322 553 2851 2895 1381 1473 1334 1833 2074 1193 835 147 1636 122 121 627 1632 2352 1112 969 1429 436 1477 1086 1905 418 55 326 45 40 407 318 2059 1111 820 1684 25 960 2778 560 982 494 645 137 881 131 341 445 1723 107 88 83 829 1602 1242 315 875 309 294 857 278 750 1165 949 1933 1402 212 1500 1998 197 1704 1542 562 374 2153 552 1363 1569 1362 817 394 2772 1676 392 1377 860 1222 286 395 1251 1217 532 1459 928 531 1766 269 1025 2529 247 246 237 1866 1739 1253 9 1078 1309 844 693 365 1400 2180 636 632 832 105 830 432 900 921 63 827 2223 57 1080 1126 1301 912 319 1254 1122 16 11 893 1789 2233 243 1249 851 513 447 2729 340 622 1408 3318 433 73 72 918 2167 66 834 2405 996 328 994 316 954 1180 1316 1312 529 263 261 749 388 2879 452 3038 2412 1117 1351 226 1116 507 1733 713 503 367 1392 559 1726 485 1014 1204 178 1765 1332 662 1545 665 464 162 1065 467 1115 474 478 479
907 326 114 2044 540 2956 242 7 328 181 176 474 467 1011 665 163 162 1288 139 879 91 1283 72 53 1046 2036 261 562 507 908 243 3215 635 2178 830 102 864 921 63 333 2223 57 411 409 313 18 1627 395 1363 394 1071 928 477 183 799 131 341 2008 1603 2971 592 2433 404 2432 296 292 1931 195 906 366 1385 466 166 441 187 692 198 803 119 446 2161 1134 2024 62 1034 46 323 322 2022 35 1381 19 8 300 253 510 850 802 98 848 1590 33 49 596 599 1093 998 2455 1056 108 149 154 657 213 480 846 1669 202 498 1619 957 941 564 251 1214 270 272 79 993 2308 927 548 293 1755 295 2 26 70 84 347 1287 492 375 1220 274 275 2248 40 47 1705 1307 840 459 126 193 310 10 25 1684
908 919 1230 1981 889 221 1553 218 1894 373 1617 1865 2796 220 232 389 242 244 518 754 2052 1297 1378 2924 779 682 1257 130 253 241 1582 756 1077 1532 423 415 414 992 28 1598 1714 1521 398 1839 951 2634 296 781 1533 1003 1054 435 725 510 724 187 486 1546 2076 278 1334 2487 648 1966 1374 1373 626 341 649 1449 523 206 436 55 53 326 47 40 34 589 23 22 21 576 792 10 310 866 555 103 915 982 368 191 701 490 1699 483 735 835 1101 1995 125 123 121 1037 116 1636 883 945 186 247 1561 531 1459 532 538 1222 544 394 817 303 551 1575 1627 1682 243 732 513 1117 467 474 178 691 1014 485 1550 1122 559 367 1552 2752 1397 372 507 2232 1017 313 409 411 1697 844 1310 1043 1934 1935 1588 365 736 258 809 262 264 1651 761 1511 256 1066 680 1275 1127 57 58 827 334 921 2146 351 1365 1479 1136 831 832 633 636 150 2469 762 1065 165 117 3177 1228 458 1383 692 370 1584 721 1089 237 261 986 529 267 114 2446 1909 438 760 818 1 8 1031 1473 1381 1168 1898 323 46 605 2024 86 1134 968 322 769 390 545 629 1061 1390 138 1195 797 2075 447 2124 353 1765 663 665 463 2208 464 837 1011 1005 111 316 328 413 54 1956 1320 1841 625 1717 2039 1531 336 1264 2819 91 340 67 2528 770 2186 1419 1416 541 281 1513 528 260 387 748 2108 2861 1506 720 208 2131 1581 681 167 674 1828 152 655 728 142 579 584 1668 185 1266 1611 1338 475 161 158 155 108 581 2205 439 1370 1957 1001 69 602 417 1527 29 586 2406 141 512 344 566 295 788 1597 5 1712 1317 1050 1229 70 547 84 443 346 348 641 1006 350 1777 358 1343 345 620 710 2 784 120 1483 1256 618 90 81 2071 1478 1255 1577 591 7 79 289 285 275 1026 1623 741 1023 375 505
910 200 187 130 28 764 2021 457 1632 98 310 1 1885 1029 612 1398 270 202 20 584 540 224 63 313 1298 1362 1677 1377 1464 83 775 1994 2242 378 1386 615 117 974 562 261 321 822 1550 243 18 1310 347 348 1129 87 681
911 881 409 1555 537 1597 2263 566 770 1588 1932 1586 493 693 632 827 44 320 552 394 1025 246 243 1797 1189 109 452 663 163 2787 1065 1547 182 367 503 372 1673 1336 443 696 1452 925 541 597 158 838 161 748 171 2817 897 232 941 2400 276 684 2833 1506 1307 505 375 1023 563 275 289 1368 7 431 618 1483 456 145 681 1130 608 178 822 2230 466 1637 835 146 128 125 123 1750 1632 1112 969 555 903 2176 75 965 412 326 318 961 23 22 1465 984 48 3022 2623 1316 390 237 370 2029 1779 1822 615 322 283 1499 1737 512 1598 992 1008 648 198 850 724
913 1298 395 286 18 552 1677 1377 288 2768 1025 532 928 243 1447 1011 313 1531 1846 1739 1254 87 202 1425 1657 409 63 900 844 815 289 373 1424 142 157 1368 854 925 541 20 1854 3434 562 255 1464 112 898 40 2185 1193 1031 1473 1061 1606 1552 334 1395 193 1266 565 21 48 576 1037 253 510 200 187 1884 1373 341 2480 486 1704 366 147 146 128 122
914 960 938 362 112 986 1682 1722 310 403 1866 851 379 222 1733 713 372 503 886 704 1231 559 1014 178 478 1730 474 467 1011 165 463 2338 485 796 246 268 661 351 150 921 827 2223 58 57 411 409 250 1122 893 9 1575 1253 395 1363 394 288 538 928 577 625 336 73 1360 543 756 253 2785 512 510 850 2284 2353 862 198 486 1546 1104 1010 1334 341 1723 398 616 83 187 568 8 1473 72 413 996 328 994 316 769 267 529 261 237 562 908 374 1584 842 458 119 117 615 1748 46 323 680 477 2417 1697 564 242 232 504 202 1015 2047 2577 364 462 251 158 836 329 49 1103 33 993 29 793 1369 396 927 389 272 1177 21 25 31 1299 820 406 47 326 426 76 121 128 147 835 489 490 560 495 212 807 278 775 781 549 936 548 537 348 1287 346 2342 620 26 5 2 295 566 1006 547 2528 1592 264 262 257 736 1586 848 845 844 546 350 357 1375 1172 238 208 193 157 152 655 141 126 115 431 422 421 1686 1255 41 2831 816 275 742 492 696 177 541
915 1123 512 810 1473 391 389 518 373 158 793 375 1528 801 832 1810 858 860 1459 851 1552 559 837 1063 844 25 328 655 9 1977 326
916 1759 1239 1652 767 1313 293 566 295 2627 1404 2846 2 5 399 27 1050 70 85 0 1286 667 346 1130 1129 1424 7 1395 2016 2056 2087 275 274 1623 522 563 224 375 715 801 1608 358 2650 356 1777 352 349 1006 1781 1095 3047 347 809 525 105 234 1810 18 13 312 11 893 1078 9 308 1575 395 552 1768 551 1363 817 394 2017 1463 1677 288 286 911 1301 409 320 411 1043 1932 1310 213 211 1929 2257 365 481 150 1257 256 635 621 2321 104 102 82 78 334 827 2597 826 57 632 1769 152 1305 957 1619 378 221 220 218 504 1344 2048 698 1449 1799 2242 686 364 475 363 838 462 158 1289 658 154 151 1266 2104 1230 232 1252 942 779 1378 1100 565 778 291 391 533 958 1422 270 1107 255 251 564 248 941 245 518 1621 385 242 241 1727 79 136 439 1040 1644 193 369 703 690 1149 979 471 167 976 208 157 142 345 124 344 343 120 118 342 628 113 894 538 934 233 1506 1957 1323 1001 1441 331 416 49 593 1599 585 584 583 579 1240 1596 540 281 537 536 854 260 2069 936 748 1835 638 856 713 531 170 1198 1196 131 130 341 445 2553 1847 2192 107 1293 1959 2848 938 423 1528 594 1182 992 2839 1714 926 569 613 187 1616 200 1747 580 1423 1473 1 568 1464 2057 1871 1767 2086 756 810 1393 2443 519 940 517 510 227 850 217 802 203 201 309 408 2379 783 25 31 588 961 1111 899 406 40 1125 2145 326 23 53 60 76 1429 98 969 103 1632 121 122 457 147 1426 576 960 792 1944 278 759 2035 1165 949 216 212 1102 368 560 191 906 701 490 1700 1699 1039 1153 1385 688 168 466 798 10 1838 1302 964 553 837 1007 796 138 644 135 452 896 1063 834 340 2412 91 1282 1053 336 72 2833 608 335 424 54 413 2274 1408 353 2144 1332 269 268 808 243 851 379 1351 806 226 723 507 1382 372 503 939 1096 2279 1014 1544 178 1973 478 1337 474 1012 995 321 316 954 842 1696 905 458 974 1770 112 446 2161 1135 438 795 615 933 932 611 1235 1748 2950 2024 332 1398 605 3056 2995 1582 532 183 370 1181 390 282 814 280 2119 2838 873 277 1168 266 986 263 261 388 2153 1505 1089 562 1999 215 1158 1501 374 3231 192 310 128 2401 1991 815 505 482 1610 2333 355 354 350 443 84 788 262 1588 845 2670 90 459 681 811 389 855 1553 2751 897 1854 1493 175 108 69 3 541 1090 1795 387 161 844 1809 1366 235 2975 506 617 1134 86 486 1546 454 1373 88 210 982 22 680 237 529 45 996 328 821 1627 1377 860 1231 380 367 58 1011 165 797 1061 1057 1094
917 1222 2371 779 958 564 241 1860 218 501 500 498 199 364 220 686 2427 1115 230 1609 2198 322 46 604 370 562 1649 1168 277 873 2967 335 450 176 173 354 1762 401 767 762 105 102 63 84 333 1078 308 395 551 1363 203 57 158 339 224 108 71 284 1167 1166 1164 350 1163 236 1792 656 152 289 755 872 201 1469 341 394 170 581 1006 430 310 56 2473 436 555 2478 998 701 906 189 773 292 909 3109 550 168
922 2087 2690 3278 1274 505 157 1129 1343 1712 348 2549 2627 566 1652 1651 526 1586 167 1974 1645 548 3293 2768 779 1297 565 1296 534 270 389 754 744 2172 1506 373 554 1443 2156 49 586 917 1277 536 854 1415 748 504 541 2231 1905 1114 1057 2819 1796 2005 1814 68 66 1328 2405 1159 183 1383 1431 3313 2535 428 2680 413 1128 896 138 286 1739 856 532 250 503 1552 3238 1965 1418 467 1011 165 1728 837 1726 1606 1288 1613 553 1381 580 1414 240 807 212 1435 1310 1695 1382 1110 147 128 1995 1633 121 1037 1632 970 914 1636 783 875 2978 1473 568 1744 283 2661 920 512 510 850 2284 1453 486 1193 637 1373 341 1285 2320 28 22 561 1222 365 860 364 851 46 47 1676 1677 551 552 395 1232 9 893 859 487 1899 13 653 449 832 104 900 2216 2224 827 2597 44 1126
923 1057 424 2039 1408 1114 1231 1332 1115 176 559 1117 412 450 3347 171 291 270 738 1983 218 1025 1200 1539 108 1055 2007 20 854 652 114 288 481 395 1296 389 1869 255 373 504 501 202 158 607 49 1103 584 4 541 540 728 193 473 152 224 1781 1648 844 59 351 57 18 13 552 70 289 1310 671 466 166 1639 1636 1632 1883 903 55 112 322 553 510 802 675 187 28 315 951 875 309 807 1500 147 121 1112 969 96 324 407 83 1258 313 764 2940 196 1791 105 78 268 851 199 1204 665 646 640 135 452 582 1301 1999 282 773 292 1179 594 341 1049 1977 604 1666 603 405 1147
925 0 2 150 104 102 900 78 334 1275 1459 57 1298 11 551 532 268 243 1117 1397 324 826 1600 748 352 1076 1289 151 149 108 49 284 541 281 260 178 152 345 124 344 343 120 118 894 79 2016 285 2056 84 1613 1501 176 341 1060 83 309 1385 835 128 123 913 103 626 436 76 60 965 50 48 23 21 10 310 161 1271 802 1453 1454 353 837 450 1061 109 91 72 424 328 2119 2838 277 562 183 428 62 46 322 1381 2365 1269 283 510 478 107 2243 313 395 1290 380 165 162 1328 18 73 263 1087 799 95 1034 1033 1657 211 2639 2640 270 2052 754 251 564 225 1617 2368 154 1762 2136 87 1395 275 1452 323 39 119 253 19 779 389 2327 244 241 373 504 684 175 305 2601 1971 2644 2008 404 645 146 101
931 102 413 333 320 313 395 1739 247 2037 661 828 474 91 2576 162 1340 1014 2280 372 1019 3049 243 72 844 244 293 225 602 564 1622 2423 1028 1221 596 33 549 1705 1140 1139 1168 126 345 79 1130 1220 685 1600 324 2 2038 215 907 799 657 906 366 466 128 103 47 45 1299 341 523 322 199 269 736 2044 1908 157 373 241 1107 389 336 292 909 550 119 2499 95 1748 1034 1033 46 323 35 19 300 283 519 227 802 1009 645 1374 1757 2123 24 404 296
932 601 2222 58 411 409 577 2129 860 538 1116 207 1019 372 367 1550 181 691 334 921 864 1689 539 762 1651 264 525 1590 234 178 1504 211 493 981 1493 2065 2062 150 1586 2186 687 467 2113 8 1680 1 1223 2665 253 1616 187 1104 469 1334 1374 88 74 1227 1819 438 458 463 140 625 111 340 433 68 478 1947 2432 529 237 985 370 183 1696 2037 992 293 1597 1230 1981 889 2907 1617 711 2048 884 1449 186 2390 475 155 439 337 1555 244 744 254 31 1299 45 77 103 441 975 1719 2609 1156 1931 2259 1517 305 790 1985 982 295 1323 331 1483 1256 1577 41 7 780 3176 1566 1218 177 358 348 1287 26 399 2269 1274 126 456 599 597 329 593 1103 396 1596 1001 2118 238 382 2567 2565 871 471 840 748 1046 1231 285 826 827 621 832 1257 360 680 2983 476 844 845 1926 736 1048 2 5 365 324 1810 313 1895 243 246 1025 250 269 531 1630 1217 392 394 817 395 9 1682 18 288 2342 346 801 596 69 634 158 364 1611 1266 33 1854 1553 251 1107 855 389 534 391 373 29 585 397 375 816 81 431 618 628 342 1038 157 167 681 1581 260 854 987 537 549 513 851 1301 507 1757 1842 107 1890 1722 1723 1060 414 362 486 802 2353 850 512 2343 1031 1546 806 1242 990 25 820 1111 318 40 47 326 1131 969 1112 1632 128 146 835 798 978 560 1473 322 594 795 1061 1063 1195 1606 797 1765 665 464 165 1011 1066 1014 485 559 1017 503 86 447 1005 663 908 2137 2270 842 1582 506 986 1787 1228 282 545 791 994 328 996 66
933 1130 431 87 2497 563 894 2166 342 100 1424 745 1788 289 815 285 2087 2199 1023 120 816 344 1172 141 548 224 541 1795 387 239 728 2345 1646 720 208 1877 849 193 471 678 674 976 157 126 710 797 685 525 1590 383 1043 1932 211 1155 844 1697 365 682 680 360 150 632 1367 832 2178 576 258 696 526 762 465 358 357 354 350 882 1006 348 1287 132 443 2265 85 70 2481 2 2038 2186 767 527 589 811 847 711 204 699 1611 364 684 475 173 504 171 1290 1076 158 155 2278 1963 129 1758 1798 373 218 220 945 1252 779 778 291 276 2400 273 105 389 1107 255 244 242 241 232 1558 1230 223 1001 331 416 49 561 143 1552 1550 1615 663 796 336 267 529 86 1235 512 486 179 3143 1373 414 783 1504 326 1648 5 1103 1318 29 20 581 565 1449 1668 1266 987 748 1238 1581 681 1916 618 1577 1395 505 256 830 3 432 594 52 28 1598 1179 1521 875 787 997 909 773 764 2621 807 214 2403 196 495 102 1528 423 64 8 818 300 543 1393 740 725 510 1862 201 200 198 187 2010 130 341 1722 107 2872 1997 368 191 701 1112 555 98 93 76 75 610 426 60 1900 50 47 45 588 31 25 22 10 575 1823 580 1632 627 2147 184 2254 2402 180 1829 2230 671 466 166 975 835 147 146 457 128 123 121 1037 1884 322 292 46 1117 1864 806 222 207 708 367 181 691 176 269 1336 467 1065 1011 165 665 163 991 139 138 646 1115 640 1766 323 900 827 58 57 44 409 37 1254 313 1298 532 312 11 311 9 395 551 544 1677 1377 288 860 1627 896 1251 1649 2081 17 769 263 261 388 1089 183 692 455 904 119 117 114 2060 112 438 1134 2351 2950 428 1657 412 424 1063 2039 68 1531 1282 1059 109 340 625 1005 629
935 851 1116 644 532 1011 286 360 9 44 57 82 1921 860 1050 1238 3013 2532 450 224 815 1506 584 29 136 172 241 248 853 273 641 1059 1749 873 104 478 266 323 553 940 130 341 1184 278 196 2002 47 50 23 121 2537 39 920 518 187 309 1349 240 807 2255 1039 835
936 402 761 1594 1142 3179 2763 1201 479 223 2178 1366 104 102 1136 1365 612 57 409 313 1122 16 1078 395 551 621 832 1367 632 1183 1600 1317 566 767 258 1466 1363 848 1694 1147 668 653 3241 2940 636 481 394 1222 531 47 418 56 76 903 436 98 961 101 1144 667 669 166 466 671 2181 2296 84 588 23 268 243 806 507 2126 2050 503 31 499 1205 2012 1097 1850 1202 1077 10 199 688 2332 357 2083 658 1963 2880 1191 108 1056 1604 1957 3113 2915 2007 2100 2004 1720 1200 3077 364 2464 2371 779 291 391 389 255 241 1758 225 218 504 1860 501 500 498 202 220 2956 71 327 193 703 488 473 652 1139 113 717 2807 1119 289 285 563 741 3155 496 421 348 720 233 49 1103 586 584 284 1795 854 2032 1167 1164 1163 872 239 236 516 1753 1166 483 3320 484 905 799 119 112 1137 95 2351 615 3068 2496 605 604 603 419 46 323 322 2305 405 1833 814 180 2520 2739 2462 176 1115 665 837 138 646 1965 450 625 424 2002 412 1180 1999 35 65 1118 550 1177 1838 785 1837 909 292 773 694 764 1165 719 195 189 906 701 1576 1520 594 1110 833 300 83 1074 297 1269 230 2160 2013 802 283 2790 170 1009 2192 2647 2436
937 486 187 510 512 553 1898 46 112 341 1303 740 1602 147 2888 2231 1102 368 191 466 128 1112 2251 1111 326 926 1383 269 235 900 31 57 2586 1122 1575 392 1377 860 250 559 485 478 176 1336 467 1011 1007 1965 896 1057 1389 336 1787 562 205 1257 1040 500 1610 1256 1483 142 157 473 355 208 1513 541 4 593 1370 158 854 348 2549 1597 619 1509 1984 2140 932 1770 1243 713 552 18 1310 1043 761 1592 547 462 2390 1367 242 389
940 323 2874 1130 289 348 1994 566 1011 188 2514 412 119 117 2355 286 541 504 501 310 76 2603 2251 121 835 29 1695 196 807 594 1334 201 510 368 428 316 31 940 112
941 464 1893 353 2075 1892 1189 1011 1846 1796 2725 109 1336 1615 178 954 559 885 507 226 806 1351 851 243 246 1025 478 858 1937 1396 1862 227 2105 2198 756 3165 2343 818 1473 1994 39 553 266 2022 46 419 615 112 666 1696 842 1087 215 562 1089 531 323 1459 394 1469 641 1781 1665 801 1452 228 563 1395 1785 1769 2807 681 2265 193 1368 1834 260 1795 541 1756 1599 416 1055 1604 1056 2415 1160 286 2165 1805 1349 817 552 9 893 1810 1301 409 44 57 826 334 878 2146 900 967 1366 832 1275 213 1466 1048 2546 566 0 2 78 1977 2323 1334 1965 837 1116 1231 269 532 1993 860 1676 1677 1362 1298 1114 3005 632 1920 844 289 79 87 120 157 473 1581 1646 584 105 897 336 1316 25 407 326 93 1823 1632 1037 121 1919 147 153 1639 316 2094 1998 214 875 1656 174 486 2658 510 512 1381 322 1228 1997 187 373 1809 146 835 1637 798 1258 2610 2254 1699 1432 982 2148 2255 2478 2616 807 988 2530 294 404 594 1051 1528 107 341 2890 1371 2067 1799 128 1995 23 31 1111 40 1125 48 50 1903 2248 60 75 76 1784 1749 2363 92 1631 555 969 1112 1790 913 2135 122 123 125 1271 129 288 1725 638 779 565 2400 389 754 853 251 1738 248 518 242 241 2423 221 136 2104 148 660 2295 159 1289 1290 175 2242 1449
944 1001 1304 945 779 389 897 20 243 309 336 183 322 341 107 128 121 1112 541 1288 1386 204 157 286 532 165 625 1089 1582 1696 2086 852 187 1533 1039 2296 31 1040 409 1043 3369 1284
950 3240 251 1987 3513 2 2628 262 1780 1043 2469 893 1253 394 1677 1564 250 1025 2243 3004 851 559 2349 584 2172 504 2953 854 748 1434 703 1083 157 1827 1910 431 1424 285 375 1852 49 178 1321 1265 1957 149 158 1344 1978 373 1339 2851 1066 1112 121 128 146 1636 147 982 3568 2231 807 969 783 875 2630 28 1324 107 1722 341 1373 2947 170 2431 1337 2801 326 353 1965 1114 336 328 1158 702 1779 1302 1300 1081 1898 1989 2785 512 1349 1345 1342 1628 25 407 1125 1464 1246 187 941 518 241 1596 1511 844 346 478 67 278 495
951 1395 473 142 2807 90 697 636 1651 525 921 57 1040 2650 1646 462 991 586 1001 202 255 409 1043 514 243 2255 555 326 540 313 1231 928 2362 31 764 875 423 486 187 510 253 288 1381 1134 119 995 1470 336 3002 625 646 665 165 1097 1547 424 176
954 18 395 1619 1597 358 141 193 541 158 264 243 1553 165 1057 310 147 278 187 283 205 235 242 1011 1098 91 1053 344 343 120 118 281 336 2478
961 389 799 183 562 261 529 779 2054 1441 954 698 2512 49 586 583 260 129 638 373 136 927 1289 158 2368 363 171 684 387 564 1739 1042 409 551 117 268 250 243 380 1018 367 1014 178 1613 1011 165 340 91 73 413 328 411 78 104 213 2507 1040 1109 345 124 344 343 120 79 748 1035 2087 275 348 346 2 762 1592 258 525 285 112 998 606 1453 341 2483 2123 24 404 196 495 191 2478 2151 2251 436 903 1271 76 50 1299 31 23 2511 504 161 281 323 510 407 1454 1576 123 1657 46 322 408
963 264 1048 1658 2891 1038 841 373 1668 1495 1555 1985 389 208 1399 1231 860 940 336 2155 1505 3231 968 1227 2673 1246 2922 326 1252 2224 941 517 346 1954 939 1397 18 1404 1759 1417 1284 1098 347 1900 348 358 586 314 363 378 1421 802 201 518 187 1293 283 1104 131 341 2296 385 242 1619
965 374 1077 122 128 457 1656 28 341 137 322 1141 2153 454 1846 121 836 158 1440 1863 3067 336 1357 855 2172 373 1344 935 1798 586 548 157 1126 1376 286 1459 1025 243 1117 691 149 2 1446 18 1012 2167 1952 1089 1643 932 3570 3056 419 323 1393 227 912 198 2658 1682 1251 1739 1674 1564 2884 2402 368 130
966 46 1235 1227 322 1421 39 959 1029 940 553 1236 1505 1582 506 733 1089 2775 1316 1320 1841 336 1053 802 1846 932 187 2148 1246 1681 960 25 31 2021 326 1905 969 1112 1632 1037 122 128 146 147 835 1613 2231 212 278 1324 107 341 881 1334 174 2653 486 559 1025 851 823 854 935 358 346 1404 2376 1080 1818 18 1460 1251 269 250 939 1850 625 412 876 842 1196 614 1101 43 899 158 226 152 897 20 584 373 251 389 273 583 4 208 815 586 727 566 104 334 1126 893 1232 911 1217 532 1459 1231
971 1621 1386 1111 1237 18 1012 464 2452 1396 1089 235 2221 852 512 187 341 560 457 1427 326 158 1487 389 208 681 1478 1785 355 1651 1043 1310 2469 821 1254 1627 1575 911 1564 250 841 1644 1040 935 565 534 1868 242 1863 373 1668 1016 3074 29 2818 541 540 537 936 1647 1321 1339 2146 1066 1473 568 1808 253 1334 130 478 1381 1775 1815 278 1102 3282 899 25 1782 829 1227 1373 2852 932 2144 1007 1606 1243 1061 1057 1053 1005 1383 328 995 1953 1319 506
972 543 300 818 19 1473 35 756 1 519 1334 227 803 802 187 486 362 170 322 1008 512 323 778 605 453 1181 545 390 1787 261 388 237 1089 562 183 842 905 458 904 112 2161 1134 795 46 131 1111 1374 975 2429 457 915 103 96 1429 2602 2779 50 47 45 40 822 820 31 25 23 326 466 1385 366 1373 445 1723 2331 1603 1532 594 926 550 1177 292 783 990 1175 857 494 982 191 1153 130 994 328 413 79 90 2500 120 344 124 345 1139 451 141 1876 142 1581 369 193 1040 748 1129 260 1686 7 401 26 1600 347 355 1375 358 685 697 492 375 224 1457 1218 275 1788 816 1255 2 854 281 364 2577 491 373 218 220 957 244 385 941 855 389 1028 533 534 1221 391 1798 1795 158 792 540 541 549 3 581 2308 1599 1103 416 599 825 1093 69 2387 880 3301 151 927 565 295 293 1011 1065 467 1012 474 478 178 1014 181 2279 559 367 886 372 507 381 243 165 1231 464 162 595 828 335 1094 918 1531 72 73 336 1057 91 447 1063 796 1607 797 837 463 566 247 531 843 487 844 1493 845 1926 493 848 1585 211 1043 736 525 809 279 539 770 365 268 360 661 1739 860 394 1816 817 1363 395 1575 18 409 821 320 333 102 832 2180 150 839 313 522 10 2016 1456 801 354 349 647 2265 878 85 324 2425 481 1920 636 105 432 82 900 80 63 827 826 57 1301 1810 319 1899 1122 1298 815 312 289 1132 779 811 270 255 853 1809 251 564 889 504 501 202 1669 2242 462 149 136 49 793 1951 20 584 376 703 473 157 152 87 431 1424 893 830 1071 1033 1269 283 510 200 1196 1193 341 107 83 997 28 875 311 1165 798 835 1919 146 128 122 121 1037 1632 969 98 93 2778 1426 119 2952 309 858 263 288 269 1025 246 808 380 1455 231 379 1864 806 226 222 851 67 424 713 1326 622 1846 452 135 450 1331 1115 176 2280
973 1012 260 27 1691 728 593 220 658 158 1798 185 218 2518 657 450 46 54 221 283 756 187 64 560 2002 490 555 34 961 1077 937 328 180 564 2431 1089 336 1283 447 1390 797 1065 986 150 1926 809 1970 375 522 565 844 1396 1025 1087 261 310 326 2884 294 1373 1729 205 1453 1454 512 740 1381
976 1127 2178 57 63 921 432 102 621 845 150 351 461 365 487 844 411 1257 320 1094 319 507 2126 2285 207 503 1397 367 559 1418 485 178 1613 478 176 467 665 353 1726 796 135 447 1844 336 222 67 379 1231 18 312 1627 311 1078 308 395 552 551 1363 817 394 1676 1377 860 1222 286 532 928 531 268 250 246 851 409 151 211 89 1055 1001 49 593 1599 579 400 3 1416 548 541 540 1277 536 987 528 854 260 910 108 1761 149 534 533 1028 270 389 1869 255 1809 564 387 248 218 373 1617 504 202 364 161 158 335 889 238 233 208 697 357 160 354 350 349 1781 347 84 375 5 0 295 547 767 1592 525 1043 1310 213 2 493 224 275 849 1040 193 979 473 157 152 142 345 522 124 2497 87 431 79 421 59 1424 1119 1395 90 545 269 1787 177 492 1218 274 7 894 118 344 471 1581 281 549 1596 581 348 1103 439 172 480 241 244 251 2052 779 305 23 25 31 820 318 599 407 70 1600 1312 835 671 1500 949 1165 2035 1603 445 131 519 1269 1033 237 1183 2034 2037 2571 316 328 413 91 2337 464 1351 243 247 661 26 324 1046 45 1768 50 8 862 297 543 1870 253 1021 510 850 802 200 187 486 341 88 2190 83 28 315 2432 309 12 783 1898 323 1168 47 529 261 562 235 1501 374 205 842 458 119 117 112 2161 1134 795 86 428 1227 46 322 196 512 560 457 368 1749 436 77 1101 430 466 1829 978 1039 483
977 612 105 150 365 900 257 844 1793 1585 561 1310 1586 525 967 761 784 375 696 2815 2650 349 1848 641 1651 348 347 1284 878 1229 2635 2 547 2300 1597 808 513 13 2224 1298 577 18 224 1818 57 2592 1899 912 1810 409 1126 2983 1627 11 1253 552 243 1866 246 2243 1025 1561 2762 1820 271 1251 2994 286 817 303 1362 1363 1739 1556 536 535 1344 1669 2047 364 2786 1536 2156 427 998 901 825 1321 416 2142 1439 1451 565 1617 2172 534 270 389 1869 255 853 1809 252 251 1738 242 2349 1865 2173 889 373 1023 1351 1951 344 343 120 118 628 1483 1910 1304 90 431 81 79 2321 1785 289 345 1599 142 471 3 548 2229 540 281 854 2702 1647 935 3183 849 703 1792 841 681 167 1116 187 222 122 121 2606 915 1632 969 1131 55 3282 53 326 407 2058 899 23 457 22 1636 654 875 857 2620 197 196 1997 3568 1102 191 1039 2402 1258 1638 1637 835 147 2432 1234 47 70 1375 2084 1395 1795 33 1388 1957 1541 658 172 475 1799 1562 1100 1935 2222 1929 2984 965 128 495 773 2070 2630 601 580 604 1825 905 2081 1606 886 268 104 1350 2847 824 1390 1891 1114 2157 91 1057 2819 2005 2721 1264 425 68 67 66 328 796 1312 1288 2144 507 1397 1552 367 1392 559 1014 1613 176 474 467 1065 464 662 1331 2075 28 769 1937 543 253 940 512 510 2658 217 486 469 1373 341 88 614 1324 938 2668 261 2130 1361 562 895 1634 117 114 1227 62 1128 323 322 1381 1473 818 1679 1804 2057
979 835 545 1089 235 3184 1501 506 374 705 1582 842 905 974 1134 615 604 603 46 17 323 424 2039 176 1115 1012 467 1065 165 665 1765 353 797 644 1243 450 625 1057 336 68 335 322 1381 1423 764 719 982 368 366 671 466 457 128 121 1632 98 76 47 45 40 1111 1708 2070 296 309 1473 818 300 283 2086 756 2127 510 1392 201 2790 170 130 1763 83 824 594 592 187 31 1117 1231 541 4 583 586 1599 33 1318 1103 593 49 416 1055 1604 149 154 158 161 260 1798 849 193 767 393 566 0 2 84 443 285 289 90 113 344 142 157 471 473 1149 1040 364 1266 202 57 409 1301 313 18 9 308 1363 817 394 392 288 1222 1564 532 269 268 827 2178 636 150 501 2049 504 712 2416 373 218 941 243 754 389 270 1422 391 565 779 844 1400 855 258 1493 37 1080
982 748 151 149 634 880 1573 3063 1761 94 154 434 2415 1056 1604 1055 2004 108 836 1289 155 364 1881 684 475 1609 175 173 658 171 1290 161 1076 159 462 158 1720 2461 1758 1719 1338 955 33 29 1756 953 586 584 583 579 400 991 1755 1888 549 548 593 49 327 1527 427 1280 1001 71 1185 69 1442 554 2003 998 2512 331 1321 416 330 329 1441 1611 186 284 534 276 958 272 757 1422 270 2395 1985 1357 855 1107 2052 754 1868 2054 287 2128 291 2429 198 1501 2153 5 1028 845 520 2371 790 779 1297 1100 565 1296 778 305 185 255 254 2907 373 1617 504 1860 500 2392 498 202 1894 698 884 1015 1669 883 1553 218 805 220 252 251 564 248 244 241 232 1214 1555 1981 889 957 225 508 223 221 2173 1163 541 281 421 422 1478 79 81 865 87 2874 2497 442 2447 2500 342 118 120 343 90 344 1130 1686 1218 1220 1164 275 1566 535 1070 1129 285 289 816 1395 3193 7 1785 591 815 522 124 345 841 690 703 502 849 208 2136 1581 1368 382 516 236 384 238 239 872 233 1692 473 2503 126 1139 1140 456 141 142 145 681 652 655 152 656 157 1083 361 471 459 771 746 515 1589 256 525 258 809 527 2377 736 1592 279 767 1773 2186 1048 2038 546 762 393 383 730 536 751 1795 854 1167 260 1166 234 981 1309 1585 211 561 1310 377 514 1703 742 293 547 350 352 354 356 357 358 482 349 177 492 700 710 2084 505 375 224 696 784 642 1287 566 295 0 1597 401 2001 1050 348 324 1183 1715 70 2099 1661 84 347 1600 274 844 575 467 1066 1065 1011 165 464 463 2518 665 162 474 1765 2124 797 2828 1606 139 796 644 2576 135 2009 353 176 2462 2739 2746 2313 1206 1205 2312 2311 1097 2742 182 485 181 1014 1340 1731 178 1613 2310 2309 1850 1067 1202 1201 479 450 1962 1004 625 1312 2037 769 752 986 263 261 237 562 721 908 2784 707 370 705 2066 183 2064 1698 905 799 458 867 390 188 782 1657 111 109 1662 2728 1846 91 1408 336 73 425 1094 67 335 424 66 65 595 413 996 412 3042 994 316 1316 1615 1550 559 1136 82 612 900 63 827 58 57 1127 411 2777 1578 320 821 409 319 313 1122 577 16 1298 893 311 102 1078 104 831 468 2362 360 470 679 680 682 477 481 2417 365 672 359 839 868 661 351 156 2180 636 1791 832 2178 105 2027 308 395 513 380 231 851 379 1697 1117 509 1116 1673 507 207 1019 2317 1018 714 372 1397 1859 499 939 199 367 243 1232 1231 247 552 1768 551 1363 303 817 394 1469 288 1376 286 538 1739 532 1459 269 268 1215 1561 1674 250 1025 2243 246 119 150 971 483 689 688 1151 978 675 671 466 166 669 366 667 153 2608 835 654 147 1636 2478 128 973 123 1144 484 2841 489 909 292 990 773 857 759 3306 1650 2035 1165 259 523 735 1402 924 1156 495 1704 195 847 907 906 701 1037 116 1486 915 50 48 326 47 10 45 40 407 318 406 963 34 820 590 1299 31 25 23 22 21 117 403 2090 53 1516 55 56 3129 3168 627 1884 913 3020 441 969 555 98 1631 338 436 2363 903 1271 1749 2176 76 75 426 60 965 1477 785 494 2187 1032 8 1 1838 862 300 1360 290 543 1223 776 1269 283 2665 1867 512 1737 510 229 850 802 1616 486 19 1546 35 36 114 1912 2446 95 617 2498 438 968 1134 615 86 428 606 2496 2092 419 1033 1128 46 323 322 553 408 405 170 1804 469 601 824 415 997 594 1184 1526 2123 992 30 1523 24 1242 315 404 926 951 3098 1520 683 309 296 550 2483 423 875 613 2830 1334 1009 649 2074 1542 648 1193 453 1410 2436 645 341 1003 83 637 1603 1054 1324 616 107 1723
986 260 522 152 1038 142 141 541 344 471 736 348 324 5 2 762 262 258 548 1043 1310 664 400 385 593 844 310 278 944 959 2906 945 778 534 586 389 378 218 373 711 475 158 151 149 69 941 150 326 334 117 112 1134 46 322 512 1616 187 486 469 454 341 445 1533 404 294 368 457 2939 77 45 318 31 1684 1257 458 1582 3310 733 18 394 538 243 379 2232 207 367 559 1014 478 474 370 1066 467 796 235 529 328 1841 1717 72 353 1007 261
991 431 260 1476 2056 1354 878 85 1183 2166 1304 471 854 1600 528 841 1434 376 1160 2032 936 157 295 411 1836 893 1627 13 1298 313 1810 1301 1126 751 57 826 2223 333 827 900 82 150 1143 844 1780 2528 1313 1261 1738 549 564 251 389 272 534 1221 2523 391 1297 1621 779 1181 2529 1377 2585 1773 1255 2346 242 270 1789 1558 218 373 2992 579 585 2399 1951 1321 1441 1442 794 2902 1443 1539 634 149 151 154 175 2390 1854 897 1347 540 1253 2145 2225 1324 1842 107 341 137 645 174 486 1293 187 802 594 803 227 512 519 253 1870 1269 1679 568 1381 322 323 850 592 2480 857 1896 25 47 326 1427 1905 60 2319 92 1112 121 122 128 147 835 395 671 2254 982 1786 2409 1502 1931 1402 1165 46 1128 798 795 507 222 1351 851 513 243 1231 246 1025 250 524 559 269 928 1459 1217 286 860 1676 1225 394 2024 817 1363 531 1667 1739 956 799 458 119 485 1492 702 1158 237 263 1168 2816 1278 190 2405 165 1012 1320 474 837 1332 452 1114 1057 335
996 2056 471 7 275 2494 3349 2698 2840 1751 2336 2572 599 880 1218 136 1792 177 295 352 148 661 1921 360 493 2425 848 2257 262 324 70 2804 85 2041 2639 2165 2265 150 480 1126 373 526 844 893 2018 1025 479 2141 1665 702 46 553 512 1112 326 25 1896 842 431 343 854 1799 241 244 245 564 251 1809 2052 2400 391 779 855 2172 897 1344 185 537 504 832 1375 105 2035 926 404 52 83 1757 1842 2101 107 1722 1165 341 645 709 802 803 850 1269 2057 42 606 2024 453 949 807 212 621 95 575 10 792 40 1125 436 93 99 101 1632 121 122 128 146 147 835 975 1146 168 1085 1641 1822 183 227 1866 243 851 1351 509 806 226 507 2579 474 165 663 1893 837 140 1846 190 1796 246 1739 967 900 827 826 57 44 1301 1810 2982 11 9 552 1768 1363 394 1459 336 834 335 72 388 749 261 263 873 2419 2838 328 316 1089
999 1061 2 260 152 559 178 1351 431 289 275 1343 324 1116 552 2425 1366 57 18 1363 394 288 1739 532 1025 246 243 1005 262 1328 323 328 322 553 512 510 2284 1453 802 198 187 341 600 835 1995 123 121 1037 1632 326 31 25 1077 462 458 370 237 261 1657 335 378 1137 251 478 367 372 507 806 1117 231 380 247 250 268 464 392 3181 1810 320 1126 333 827 900 832 150 461 526 2088 293 463 72 792 47 1112 441 128 153 466 560 368 982 812 336 783 881 300 19 46 446 183 267 2037 858 316 413 445 26 346 375 624 919 779 389 254 218 373 1015 364 158 154 220 599 157 1441 7 376 2032 871 541 397
1001 1606 2412 353 1765 2206 1011 1730 2361 2463 478 559 1243 467 1063 822 2042 2683 1135 112 119 2701 2571 1057 321 1841 2405 424 336 433 1326 1320 994 2376 507 386 2108 2991 935 934 2697 1386 502 473 167 344 2671 289 2087 274 1879 1354 260 541 942 779 754 255 941 518 373 504 2753 364 2741 363 927 151 2710 1795 1397 557 347 57 319 1122 18 1627 893 1575 394 1739 1564 532 1459 928 2529 243 921 355 612 1366 346 1284 1759 1229 1404 566 393 2030 2682 1585 2183 844 1400 636 632 102 1128 2752 323 1007 718 1351 1866 1025 269 1362 552 1789 313 1629 896 2592 63 1310 2528 1661 697 815 87 1304 141 152 157 44 208 1846 205 1111 310 46 326 914 970 1112 1632 128 1636 835 1316 2094 1102 1157 2067 216 2258 2890 2194 512 1300 1822 1584 2182 1646 553 1647 1385 1165 988 278 1045 875 2432 3142 1052 130 1064 1885 2010 486 187 1342 2443 253 283 568 322 1368 1898 1423 1546 1695 829 98 2740 1919 1203 1668 1419 2466 273 534 565 584 2156 60 2595 1364
1005 26 375 505 696 1610 358 809 527 547 295 727 642 346 620 262 357 275 742 289 7 1785 79 431 2497 100 731 257 1274 342 120 2354 1566 746 249 618 525 432 1310 57 320 409 313 18 451 268 2023 856 1359 288 1569 395 1575 893 577 860 864 2146 633 1831 211 209 1585 493 1309 844 1697 365 360 839 1400 150 143 1257 636 635 1504 141 148 840 1346 202 1854 883 2817 1203 480 504 172 1798 158 247 1191 634 1539 108 363 1720 218 223 1874 1297 1100 1296 778 534 1986 220 1422 855 255 1621 244 241 232 1557 389 71 69 998 987 748 238 1647 720 1830 1040 1593 369 2339 841 1581 473 471 167 674 703 2569 536 1090 2512 417 416 597 49 593 29 953 585 584 581 579 549 548 281 766 537 2690 739 424 1866 997 1184 28 1242 315 875 292 415 783 1708 764 857 1402 3021 206 195 773 847 1602 829 283 760 756 2105 512 802 187 824 486 1104 1199 2487 1542 1373 445 1723 1546 494 1702 489 820 31 25 23 21 10 575 1111 45 2161 595 340 797 293 126 1015 1 406 318 407 180 978 671 466 975 835 122 915 1632 969 98 1131 1905 55 53 326 1364 543 1231 1464 8 1012 467 1066 1011 165 464 1726 1115 1607 140 139 796 452 450 879 447 1606 1005 474 478 2233 243 381 513 372 939 367 1336 885 559 1615 485 1014 691 1545 1613 1016 568 625 622 562 205 183 1698 666 458 904 237 119 114 446 617 1134 405 1381 1473 117 111 261 876 91 1057 1389 336 72 2833 1094 529 66 1956 54 877 413 328 995 3042
1008 10 960 507 1684 70 1759 1058 346 347 132 2324 355 2650 492 375 1183 1218 275 535 7 1305 894 118 120 343 344 124 345 1220 1600 324 1229 37 411 57 2170 333 921 864 900 102 150 487 844 3040 1754 262 1239 2528 2038 393 293 784 295 2 399 26 142 1412 167 471 1619 1799 241 242 244 251 2052 534 565 779 945 305 310 278 2334 198 1053 433 1243 478 934 396 1357 942 25 2172 18 373 927 681 979 1581 871 1238 935 748 936 528 536 549 1596 29 417 1001 2171 1720 439 94 634 1727 148 149 151 154 158 1627 1624 395 1021 512 1024 253 2086 1269 2365 2057 1 1029 959 510 323 1128 1033 1303 428 1235 932 1428 2114 1134 2161 112 46 802 187 486 1120 2330 926 296 523 982 560 835 103 101 436 326 899 31 997 1815 1002 1324 107 445 341 130 131 453 1546 458 183 322 1087 1418 1390 1726 2412 2144 1332 162 464 165 1012 474 705 1363 394 392 1251 1739 250 247 246 243 851 1351 509 559 2337 1057 1063 336 237 261 986 529 2037 545 2571 316 235 1326 822 1953 1089 506 995 328 996 413 828 66 335 67 1094 1531
1010 147 1919 1422 202 684 1344 958 1637 1055 1349 171 255 564 1040 87 1395 830 57 409 1810 1627 288 928 1231 176 1531 2081 562 1128 12 253 1324 161 223 108 119 603 46 323 2238 170 341 550 1708 835 123 1915 96 60 326 45 1364 407 318 1077 158 1846 109 1153 246 138 2844 49 152 142 1132 289 815 224 2643 1284 1466 360 1366 78 44 1425 395 1377
1013 1289 684 161 172 148 836 364 2326 1055 660 480 520 884 504 373 223 232 241 244 251 255 270 69 1562 1266 49 275 925 375 224 249 522 1422 535 815 289 1395 7 2494 41 79 90 118 343 344 345 1139 145 1307 1368 239 748 1172 541 272 546 1221 905 799 2328 2092 42 19 300 1269 645 2008 824 190 404 97 92 2363 1271 1749 51 48 47 505 565 779 2352 749 954 452 2128 1624 291 778 2052 564 248 242 1230 1609 1290 794 1756 397 376 1581 157 126 124 1658 680 395 1469 559 2288 1028 696 1270 132 1196 341 1723 107 437 2226 1003 926 875 309 292 1708 764 1165 1997 179 1704 2046 802 1033 1128 323 322 553 8 1118 1 862 2365 290 283 756 510 230 1293 419 195 1642 75 2340 60 1131 50 326 45 1125 1364 406 31 25 23 22 10 76 2147 2319 98 1432 671 2779 835 146 128 121 1915 116 915 2135 103 1112 969 555 1631 428 112 117 832 621 1366 432 612 80 78 827 2223 57 44 320 821 409 1301 106 2592 632 150 84 324 2 0 566 526 258 1588 234 211 848 2425 1493 365 1275 636 313 9 817 1726 138 450 625 340 67 424 328 1657 2081 390 261 215 183 119 353 665 165 1011 394 860 286 1739 1459 531 2243 352 246 507 503 182 178 176 474 1115
1015 310 594 1119 7 1678 289 285 2087 275 1220 1785 746 224 375 492 2650 160 355 352 641 1354 1255 2874 1811 1149 473 167 1828 157 152 145 142 141 126 345 124 343 120 118 1274 2497 79 1478 348 1581 3289 84 633 632 621 2178 1366 831 105 102 636 1136 612 900 78 827 2223 57 1126 821 432 1257 653 150 70 324 26 1597 2 295 767 2528 525 1780 1310 211 1585 844 1150 481 1694 661 351 2332 409 488 193 251 564 242 1799 805 218 373 504 1809 1344 2817 1266 480 364 684 2740 172 1798 883 853 255 754 675 1151 688 1385 180 701 847 779 1297 1100 565 1296 391 534 276 270 1357 855 2052 927 703 2083 154 579 541 540 537 536 758 987 872 583 239 1647 236 1260 233 1646 208 717 1386 384 584 20 33 151 149 1727 1963 2880 1539 1371 1055 1758 554 2455 1406 1001 998 825 1321 597 1527 49 658 1301 313 1122 86 62 1398 604 603 1034 1033 1128 615 46 322 553 2851 1302 405 1381 580 1423 323 795 968 617 266 529 261 388 237 562 2537 908 3184 1501 702 183 2914 905 799 458 119 2328 112 1473 1787 568 1464 824 997 196 592 28 1315 2432 875 1324 569 309 2431 550 1838 292 773 1708 764 567 1842 2849 341 1074 297 290 1269 253 2785 512 510 230 217 803 201 1342 187 486 1546 170 1193 130 2534 858 1312 545 268 250 2529 1231 1866 243 851 1351 269 806 1116 507 503 199 559 2012 1337 176 226 531 532 1564 18 16 1627 9 1575 395 2225 552 551 1363 1569 817 394 1377 288 1359 860 1739 1217 474 1115 467 1066 1057 336 72 424 2002 2405 1717 1841 1320 1092 413 996 328 994 1319 316 1180 1316 1178 91 1165 622 1114 1065 464 665 162 1332 1765 353 1726 1607 2732 646 644 640 135 450 3038 1962 1005 109 2329 466 671 1382 482 784 539 279 762 761 526 258 1648 234 697 1495 487 365 2180 58 411 320 303 1222 286 538 845 1741 1853 1023 232 1865 889 1347 202 491 1614 2406 593 1318 710 993 3 548 774 528 260 238 728 90 816 1788 991 272 928 367 2949 543 2558 2218 2334 469 1334 1723 1839 1520 1804 296 2115 973 1486 103 426 53 45 40 820 1628 783 2126 1 410 1392 1615 188 1340 1336 165 2144 1288 139 796 1300 1390 1844 1283 1326 1531 1278 721 370 117 1134 606 879 166 197 1111 25 31 899 2058 407 2797 47 326 76 436 98 1905 627 835 146 1823 457 128 1101
1018 1628 1452 566 1313 547 5 878 2643 160 465 2441 1310 1354 563 746 1567 2016 815 1395 899 81 87 2150 1456 407 1884 1364 1780 2231 2148 2147 1642 2402 1385 2779 153 147 40 146 1633 628 1823 1112 555 1631 429 1131 2145 1125 973 141 540 473 185 1668 1449 1669 1344 897 1553 2172 919 1557 1266 1738 251 853 255 754 270 565 1100 1676 132 2924 564 151 1727 1539 2339 193 1040 208 376 1646 1368 1587 1593 1435 541 1047 2336 4 29 1599 49 1889 1321 2844 1441 2004 89 167 1157 197 240 860 2768 286 1739 532 1459 531 2993 2243 1231 808 243 1895 1359 851 806 226 1350 222 1420 1671 2749 2012 1447 176 467 1065 2403 1351 1332 1677 303 2417 1920 1257 832 1366 105 102 3005 1272 432 612 1820 2146 817 2224 334 2597 57 2882 44 409 1425 1810 1899 313 18 395 552 63 796 1011 1061 834 1988 2238 512 510 2442 850 200 1345 187 1293 2790 174 2534 1969 107 1113 2226 1757 829 1528 28 1315 2632 875 567 783 2621 1373 1679 1804 553 996 1651 1841 2405 68 2137 2081 1796 622 1114 1891 1328 1005 447 1057 545 1312 1937 322 1128 1227 1300 428 1320 2974 2328 119 1501
1022 464 615 147 555 621 815 1037 355 565 242 1894 20 541 1646 132 1585 105 2469 44 1368 552 1995 1298 1695 1998 1342 200 807 112 2073 1057
1024 344 126 345 124 459 343 1480 118 342 618 100 90 655 120 152 1946 1828 1599 581 991 79 1507 2069 157 387 236 1753 233 369 703 473 239 1129 482 816 2 566 546 2038 767 526 5 809 256 734 234 1586 211 365 258 1577 324 1183 1990 285 2087 1220 1218 522 1600 746 375 492 33 2554 348 70 563 593 363 327 322 1871 512 510 187 341 46 1847 783 128 121 55 50 326 1838 25 1134 842 58 821 409 18 860 1231 112 226 353 2828 1061 336 529 205 1011 49 23 1077 364 475 481 1076 462 658 1611 151 1761 1957 554 607 416 597 149 310 1266 698 778 391 2128 958 270 255 185 564 225 220 805 218 1553 1860 242 680 1301 2180 802 170 2102 1010 1008 648 850 645 630 1723 88 1003 613 1324 130 423 1269 300 2351 2114 1748 428 2024 606 776 603 2895 405 1381 19 1032 1 1033 968 1840 1182 975 835 122 2476 103 969 667 1429 47 45 43 40 576 2247 965 592 466 675 32 1714 926 875 1177 785 671 1708 1165 2231 368 688 1151 1829 764 661 438 905 532 1459 531 269 268 243 544 231 1117 723 207 372 886 704 851 367 394 1363 636 632 832 2178 104 432 817 900 411 320 827 313 16 395 57 2448 485 176 72 608 335 316 1180 237 1408 1089 235 3101 721 908 2784 692 562 478 91 625 165 1849 463 163 1332 139 340 2206 2163 646 1965 640 135 896 138 947 1112 525 844 779 534 389 754 373 158 1758 251 541 748 208 193 1581 167
1026 63 102 432 1365 612 967 900 333 893 57 1127 1126 313 18 16 104 1768 826 105 844 832 547 2625 262 736 1504 1310 1929 1585 848 493 551 481 668 351 150 636 632 2178 1363 531 394 478 3175 1730 1337 176 1336 474 1115 1097 1011 162 353 2124 796 1965 2729 622 1283 665 1569 3224 939 1099 288 1222 286 1739 1459 1658 1766 559 269 1213 246 1231 1866 243 851 806 507 1069 84 492 2265 172 462 158 658 836 148 2880 1191 3063 108 1371 2205 1720 1758 427 2171 607 364 1266 2464 1449 305 942 565 1296 2282 1624 1221 276 2512 1422 255 251 889 220 373 1860 202 1669 520 1527 49 586 152 1082 894 1304 1785 1119 289 1220 157 563 1354 224 177 357 355 348 346 443 741 2165 1581 871 584 583 579 1596 1946 541 540 766 703 536 236 1753 233 728 720 208 717 502 384 1057 1094 335 250 644 198 1500 719 523 1438 2418 278 680 857 775 909 1838 1177 3109 309 875 28 1659 764 1107 336 195 310 10 326 1081 2936 915 122 1919 835 975 1146 1885 1151 688 483 366 2169 180 484 694 1642 592 594 1104 613 1316 876 1178 604 782 814 1168 529 261 2034 562 1999 506 702 905 799 1134 795 428 1398 829 328 66 325 512 1 862 300 1074 1269 283 580 519 201 187 486 170 130 2008 803 322 405 419 603
1028 2093 37 102 680 213 234 539 375 546 349 350 354 715 1313 2807 1289 916 1725 638 1056 1530 955 2032 656 729 193 1109 2359 1230 312 175 1830 311 110 911 726 2658 1979 217 3380 486 2890 64 1179 783 988 1568 368 675 3379 913 1429 1270 75 2249 1905 47 21 576 2402 1808 300 959 3111 739 380 231 379 885 2745 1849 1331 1531 321 3103 263 261 1937 2952 1087 905 112 438 932 419 408 42 39 2768 1349 1055 1896 561 1586 1932 1043 1504 1935 1780 1466 256 525 258 262 1651 762 2080 1652 767 874 2857 211 1929 209 1585 632 1257 2180 2940 150 1275 156 351 661 547 1920 360 1150 1491 844 3242 2886 2613 1793 2425 1143 566 788 2628 1974 696 700 1452 2532 505 224 1861 1023 801 1456 741 563 522 1623 1026 274 275 2087 2056 1354 106 1105 358 2 5 2635 952 1317 27 324 70 1661 465 84 346 132 3571 1095 1781 1665 352 355 2382 2643 285 1366 105 1376 860 1359 288 1377 392 1676 1677 544 892 2017 394 301 1226 817 303 2018 1362 1569 1222 286 1251 2015 806 1351 1864 1117 851 243 808 1866 1231 1363 246 1025 1561 268 269 1766 532 856 1217 1739 2243 551 1768 552 411 1080 57 58 826 827 63 1820 78 44 80 967 1365 82 1272 947 3005 2216 830 104 900 831 1126 409 395 2235 308 570 2089 9 1789 893 11 821 1627 1298 18 1122 313 1254 2592 1899 1301 1425 13 815 1462 289 686 1611 1266 185 2242 1668 1732 1449 1669 698 1854 1450 1344 3025 897 1894 202 498 204 2139 684 475 363 1265 1325 2156 1957 1604 1539 1191 133 556 1978 136 148 149 151 154 660 158 838 161 1290 1727 504 373 1553 1986 273 272 2400 1028 276 534 391 778 811 565 1297 1378 779 1072 790 2920 1252 2371 2019 1100 1280 1422 389 898 2172 1799 232 2349 241 242 244 385 270 248 564 251 1809 853 754 855 1357 1216 1027 1738 69 1321 1889 344 1916 451 141 142 145 1082 152 157 118 1083 167 681 473 1149 1581 2240 2339 703 1040 674 1042 628 894 7 1119 2674 1424 1785 2495 1255 1129 2843 113 2321 1478 431 87 2497 90 1304 2150 100 1483 1132 226 1877 1645 2336 1946 548 549 1595 3 4 991 1369 1709 583 585 20 29 1439 3194 3008 49 327 330 584 208 1047 925 376 720 2698 1368 1587 236 238 1506 1834 541 748 2154 2069 260 1507 854 1795 2809 1172 766 387 1107 1116 1673 32 3309 52 594 414 415 1528 824 2483 2484 1324 1533 1003 83 1757 2226 2006 1842 1113 28 1242 398 309 719 219 2258 1402 807 240 1414 523 3306 2101 764 773 775 1262 2888 3308 1838 294 550 1948 1708 107 341 626 1453 850 1454 227 230 510 1737 512 517 803 253 2014 2238 756 1565 3165 283 1870 1461 1871 920 212 203 200 1373 2642 1540 2644 454 137 645 1196 3081 201 2793 1334 469 170 174 2790 1293 187 1106 2292 1198 1269 2067 210 1900 1903 418 1081 1477 56 2596 2801 1131 2340 610 76 1749 1271 903 93 96 1631 98 1426 53 51 50 1077 575 310 10 22 23 25 31 1299 555 589 899 407 1364 43 1125 2797 45 326 48 590 2251 969 1112 1885 2230 169 483 366 2169 180 2253 2866 1695 1996 194 2148 1704 2255 196 206 1500 1435 2409 191 1157 671 798 1823 1790 1632 1750 1884 1486 116 3220 1915 466 121 123 127 128 146 1919 147 835 153 166 122 2533 543 1744 1114 1891 109 1960 1328 625 2729 1005 447 629 1061 879 834 1892 2009 896 452 135 640 1662 1189 1059 2420 996 3031 2879 1956 1320 2002 66 424 608 1965 2833 72 73 336 2137 1535 622 1846 1797 2157 68 644 646 138 687 178 1545 1014 485 2743 1447 2012 3320 478 188 1016 1552 1855 713 1018 1019 207 507 222 559 328 1337 1336 139 1288 2458 140 1606 1607 1807 1007 353 176 1765 1332 162 665 165 1011 1065 1445 1115 474 1893 995 2716 1953 1381 1898 1994 2678 2894 1300 1747 36 1685 1475 553 322 323 46 1128 1033 2092 3056 604 1227 2022 428 580 1473 1988 2130 1360 3135 297 2057 1804 1464 2534 1423 1470 568 1 1029 8 1233 1032 2020 12 14 2343 723 2950 615 2699 235 562 1089 1396 986 2397 752 1787 721 280 858 282 1312 1178 2708 876 15 1316 1657 769 86 1159 2537 1906 968 617 1822 95 2499 2151 119 1634 1158 972 1141 1431 1306 2064 842 1582 702 370 1501 3217
1032 10 243 531 1575 1254 57 78 1018 105 1043 527 2546 2 5 952 211 2001 1392 178 822 325 328 412 828 424 1014 68 879 139 162 665 1011 176 72 954 85 1781 660 1289 2295 161 1290 175 1762 1669 2104 1230 248 564 272 276 1619 347 33 3300 685 697 275 2056 2093 120 581 345 1042 1368 1795 541 1709 991 126 263 562 215 22 576 1299 40 48 50 128 51 76 1749 1271 92 913 146 75 798 835 2890 1617 129 1529 49 29 748 626 2136 715 1452 1586 11 3103 512 115 466 1385 180 1031 19 39 2022 322 323 8 46 95 2499 112 117 119 908 1034 1576 2365 2198 189 783 24 30 1051 2483 2101 2008 341 2323 645 2125 2010 2926 253 1625 779 2274 2246 23
1033 49 593 1103 314 541 607 348 18 782 187 614 2296 462 1093 357 21 389 316 734
1034 748 387 260 281 400 2082 208 29 596 416 599 581 369 459 840 331 618 816 275 522 521 375 715 505 346 443 471 337 884 158 941 518 2512 1046 10 792 315 31 1111 53 2169 368 439 982 1931 926 587 391 389 244 242 957 1619 221 373 399 1500 5 25 295 996 328 316 453 261 237 2 1003 2331 445 341 205 370 183 458 2026 112 438 2114 46 322 1 818 756 512 179 170 413 54 529 340 860 817 320 411 150 360 680 476 365 843 487 845 213 809 1592 293 2071 538 72 243 1374 1063 2163 797 663 464 165
1037 834 9 226 1117 851 1114 2243 532 860 1676 552 893 559 157 1126 1107 251 1738 1854 4 854 1368 912 2696 1651 2425 1257 832 900 80 2146 1796 580 896 512 402 1919 341 46 629 859 275 1939 969 1037 121 601 1637 147 486 510 1010 1842 2189 1998 196
1038 477 293 279 2109 1754 383 981 513 739 247 392 1682 697 577 409 921 141 2118 361 272 2395 508 2392 1015 880 1719 329 327 1733 49 823 2308 541 540 382 193 1413 3112 617 2338 1382 318 31 23 22 310 1297 2609 1077 457 28 3046 253 2665 408 1033 575 467 560 824 796 444 1057 336 2510 2307 235 926 183 46 410 1680 1223 726 187 88 842 1134 95 431 2083 2460 1200 2957 185 2817 202 805 385 1216 2523 2128 2212 748 274 657 154 2763 3063 149 586 89 828 1416 1115 1615 320 2161 481 1220 333 3110 1218 2973
1045 2361 464 1726 1264 1278 328 995 1141 112 46 323 1334 512 510 1454 200 187 486 1523 2115 973 1632 407 713 253 851 559 250 478 817 844 2613 1648 1284 346 347 152 246 255 987 541 774 158 897 202 889 251 534 854 130 2680 2341 286 288 2225 1253 1627 57 2170 105 341 3040 1257 1780 5 431 1083 1260 1684 1749 2319 2432
1047 958 272 389 1032 310 945 941 1596 382 126 1284 2291 392 939 1953 937 908 117 2022 47 518 242 415 957 112 971 458 842 183 370 205 374 237 261 266 954 994 328 413 54 828 67 340 2731 1063 463 165 1011 474 2161 478 932 21 2104 1030 1 756 740 940 341 445 938 315 587 926 1175 759 982 368 490 798 2478 441 322 50 31 25 23 2362 956 1270 886 685 375 521 2366 1305 342 1876 840 471 193 1238 748 387 260 1795 33 331 1093 998 427 337 927 158 364 178 1781 642 221 85 372 346 379 851 231 380 243 538 312 320 826 150 1275 378 360 26 359 2 295 293 399 525 213 487 843
1050 745 87 755 2444 1218 1220 274 815 289 746 473 126 141 145 655 703 717 2696 1645 1646 728 729 233 90 249 84 1354 238 57 827 63 1820 432 830 105 632 635 156 1920 359 477 1585 1043 525 258 762 767 70 620 443 563 481 1446 548 3025 897 2750 202 501 218 805 220 898 244 245 3009 1809 255 1869 855 1216 270 1422 811 1219 272 2128 1252 853 1795 1854 44 991 579 584 585 20 49 597 1001 1536 108 1761 2817 149 154 658 660 161 1798 3077 475 686 2242 3123 800 151 409 582 1677 1086 1385 180 189 191 195 1704 2255 216 764 773 309 875 1075 2871 594 824 423 64 83 2912 454 1193 676 923 1382 1919 1077 10 22 31 406 407 1364 43 53 1904 60 200 2340 2319 96 866 98 1823 1884 627 1037 1915 125 457 75 203 229 230 67 73 1057 450 646 796 139 1332 665 2734 165 1278 1011 176 1014 1097 199 1671 372 1864 268 286 1359 288 1115 313 2081 17 510 283 1870 543 290 1360 1679 35 38 323 603 1316 604 795 617 117 119 235 1999 261 769 3164 545 15 1819 2013 89 101 1409 348 1095 358 1083 193 925 540 541 581 1405 1103 823 329 1093 998 607 554 927 172 1621 1297 1081 2265 1592 586 693 1932 1500 1402 315 28 614 170 362 2292 740 1087 1104 325 351 395 464 353 1007 122 138 622 2039
1057 365 844 493 1585 736 566 293 5 27 801 256 346 269 832 102 82 827 333 826 893 552 551 288 250 1231 224 680 522 373 815 811 389 855 218 2233 202 897 364 363 838 1441 1527 1599 20 585 583 4 2800 1047 1938 260 208 369 157 152 2447 431 275 1895 842 379 300 512 1008 1064 1060 107 437 64 594 719 196 366 2541 1885 975 146 121 1632 969 98 96 93 75 610 326 25 1111 1 1300 553 322 1117 806 222 207 478 176 1893 837 797 644 135 452 896 380 1063 336 335 937 1316 390 282 3007 1089 778 905 1135 86 46 450 779 45 273 820 1546 486 1094 559 1581 2346 1323
1060 346 2419 275 2056 1044 502 728 936 878 1743 26 1309 295 1239 262 1596 105 900 2170 2597 57 912 2 1240 1881 148 310 130 940 1361 959 2816 518 942 779 565 534 2052 254 251 941 242 1619 378 480 18 1245 158 927 593 11 355 2225 1112 457 1101 835 560 368 278 926 107 1253 341 1546 486 187 512 1421 1269 1679 322 323 1128 1033 458 705 1584 506 562 1905 326 1063 1684 1111 464 1012 2361 474 478 1014 559 939 507 1351 246 247 1726 243 1294 960 261 986 1739 1046 328 529 66 433 452 1768
1061 992 2187 787 296 926 587 32 423 414 187 486 1546 179 683 469 1199 1009 649 131 594 637 1373 445 1605 437 616 1003 613 600 824 415 1374 170 721 725 342 120 343 124 345 126 1139 451 141 1876 459 655 840 115 678 681 1581 690 703 369 1040 871 934 2825 1879 387 281 540 471 1305 2093 618 1287 1006 1333 696 492 710 505 375 727 1023 2385 741 563 742 746 522 1220 274 275 535 289 1788 816 1395 41 1769 79 2025 100 541 339 1595 2202 491 1015 884 698 699 897 2750 504 218 220 221 223 378 1732 957 1865 232 941 251 1214 255 1107 855 389 958 533 778 565 1555 2817 2242 185 991 584 33 49 596 416 417 825 331 602 607 1001 2171 427 1758 439 2372 3063 1190 1191 2389 149 657 158 462 475 364 480 1266 3 399 1949 2 2037 814 15 1180 1241 316 1952 328 413 54 595 335 72 261 73 340 625 447 629 796 1195 2207 140 1606 797 663 163 165 91 237 562 294 512 517 940 740 756 760 1568 300 568 1 1473 19 964 322 46 611 615 2351 1134 438 617 1875 458 666 905 183 705 370 908 1011 1065 474 1336 632 633 150 360 680 476 365 1697 693 843 844 1926 493 211 1586 234 1935 1588 736 258 809 526 1592 767 770 546 293 784 566 619 802 102 333 687 1547 181 485 182 1615 559 367 704 372 379 513 381 1267 1231 1213 856 1740 538 394 817 1363 308 1078 313 409 320 411 57 864 292 679 1708 1111 820 589 588 22 21 960 792 34 2373 326 689 164 1201 395 525 3254 3243 783 902 961 43 368 191 490 180 759 764 40 978 847 466 667 975 915 103 610 426 53 47
1066 1994 322 1475 119 428 1431 702 580 46 290 775 2442 1165 2397 783 567 404 24 2123 2785 64 1890 341 1196 1666 486 1342 227 1324 280 1117 1114 246 2243 1025 269 532 1222 1376 1231 288 1676 1362 1569 395 9 1789 893 1377 1866 808 2233 450 644 646 837 665 1011 1066 479 1201 2279 1204 1205 503 713 222 807 851 1846 212 1131 1998 632 830 432 612 827 57 481 409 313 552 286 622 323 1381 2592 543 224 157 270 255 919 202 1669 161 289 330 585 584 1646 1877 703 473 20 510 200 1315 1112 1632 121 122 973 128 969 146 835 2779 2094 1153 2231 197 147 98 76 2340 875 309 1997 1432 180 1385 555 93 2319 407 10 1364 45 914 1298 2409 1122 1115 1425 720 1832 1368 854 1172 540 1047 1888 4 1951 3008 49 1441 2156 108 136 836 1854 504 2172 223 508 1738 564 754 1987 565 779 1301 1160 488 1344 104 1828 821 826 334 63 80 900 832 848 767 26 70 1286 132 3277 1354 656 152 1140 1139 628 1375 59 90 1785 1119 7 815
1071 16 18 551 1078 308 1253 395 1768 1363 1183 394 1469 928 531 268 250 2243 821 2211 817 320 844 57 247 1600 324 1404 2 293 262 2417 481 661 1275 150 636 102 78 921 333 2170 2223 411 246 1243 380 1007 2288 1726 797 2576 1715 1063 450 2337 2412 340 1283 1326 72 335 66 595 413 305 995 91 243 665 2361 509 507 372 503 499 2752 199 886 3224 464 2280 181 1340 178 956 1973 478 176 474 1115 182 84 657 346 120 343 344 124 345 126 1139 471 681 1581 193 871 502 804 1751 1705 384 1834 528 118 79 421 2494 822 350 352 354 358 482 801 492 505 281 715 1352 2111 1218 1220 274 275 2016 289 7 224 925 284 549 364 1015 504 223 225 957 2759 2349 241 1609 244 520 2052 1028 276 779 299 349 1781 347 251 339 175 1290 33 593 49 596 599 602 998 2171 1604 173 1056 136 149 151 154 927 1289 158 2295 159 1764 316 1046 2571 92 1429 98 913 122 128 2296 457 1101 835 436 667 701 906 907 560 1402 523 278 292 909 1838 466 550 2319 1271 954 518 242 1619 1397 2409 2244 310 23 25 903 1684 1111 45 47 48 50 2248 75 76 77 1749 31 296 51 1840 46 1033 419 62 2024 428 1748 95 112 2448 322 119 183 1087 1584 215 261 1396 529 1168 926 2037 458 2022 905 39 1603 408 938 435 445 341 130 645 1194 1009 1293 187 2323 2127 1679 2365 253 405 300 1870 1269 283
1072 3004 269 243 1251 250 1864 372 1350 1392 885 691 286 1014 226 392 2224 303 1495 1339 481 832 105 432 1677 63 57 409 319 313 18 1362 827 176 261 1065 545 1311 2838 986 2241 1937 2816 1505 562 235 733 1501 1497 1585 1089 1115 1278 1956 1011 665 1607 796 896 1063 2879 450 1057 1408 1389 336 67 2405 622 1932 158 1780 161 506 155 1191 1055 1406 686 1321 20 586 585 584 579 3 1388 1416 3123 1854 1987 1868 255 1809 254 1738 883 241 1863 504 2049 2392 202 1894 889 1043 548 541 2782 697 358 1848 348 1286 3190 70 2 393 767 762 761 525 1229 774 563 1788 540 2791 536 1795 854 728 746 849 703 473 471 157 142 141 1276 374 187 842 1332 464 474 478 1671 713 507 1351 851 1582 246 2243 1564 1217 1739 1359 1463 85 844 830 967 900 2223 1316 1126 893 1253 395 1363 1226 394 37 388 237 1584 1165 1402 2409 2147 1258 1695 278 835 128 121 1112 25 310 2401 1636 1284 875 779 932 1128 322 553 959 568 1656 2343 2284 200 486 130 341 107 2057 1354 2233 1172 543 2127 253 2785 512 510 1464 1349 137 454 1664 2849 1842 1324 1342 64 1679 2676 1696 974 2684 1485 617 1134 8 966 604 603 410 1130 1302 1898 428 824 3006 1157 1628 270 853 251 941 242 23 898 149 1727 2346 549 1277 992 897 1111 151 406 1102 899 560 1308 671 466 180 147 407 2115 457 1632
1073 191 1699 923 2296 1995 706 125 123 654 495 278 1498 719 988 1510 1403 875 951 398 103 206 92 21 1749 1714 2362 2174 575 10 576 403 23 31 1299 590 34 43 326 48 50 965 75 76 77 2176 1271 1598 1984 32 285 289 780 2495 41 1908 1480 100 2093 1070 2807 142 145 655 674 167 1040 2506 1042 208 1483 1368 715 357 365 1697 981 2183 213 1504 234 258 770 696 2 1774 5 952 443 346 348 1781 1777 3013 1597 1275 748 1795 1617 1553 957 1230 232 385 518 248 564 1549 929 863 196 419 1061 2752 544 1252 2200 30 790 387 186 684 987 541 581 583 29 955 597 607 1001 1881 94 638 133 643 155 660 1289 161 1609 475 2205 2180 128 106 19 39 2022 323 1303 932 2114 968 112 1031 3440 692 1582 1494 205 374 1499 215 721 261 117 265 1 852 636 3055 2484 1407 2193 1060 341 626 2890 2198 1064 648 3060 144 164 2010 1106 725 1421 740 645 529 616 752 687 178 1547 182 2578 1018 207 1895 739 176 1025 1766 911 570 1474 37 947 78 266 946 1069 467 409 165 573 994 3102 412 996 413 1011 2879 2039 1531 1806 1662 625 629 2516 1967 2412 163 1849
1075 346 84 443 620 85 2342 348 482 352 356 357 2382 1333 358 685 696 492 350 1661 5 2481 258 809 527 1651 761 539 767 2625 393 293 566 295 2 572 399 1050 324 1600 1183 1805 1452 2016 715 2304 1424 41 1686 1129 421 422 1769 1119 79 87 2497 90 1481 618 894 257 628 2025 1395 1788 289 375 224 1861 228 1354 742 249 745 746 522 2444 2111 2973 1218 1220 275 2056 285 815 505 525 409 1043 9 1078 311 3141 11 312 2585 1474 308 16 1122 313 1123 1630 1899 37 319 1810 18 1425 1575 395 342 531 1459 532 1217 1739 1741 1251 1253 1222 394 1816 817 1569 1363 551 1768 552 1225 320 411 57 351 461 672 468 360 476 477 481 156 365 843 487 844 845 848 211 1310 1586 1697 1275 150 653 58 333 827 63 1820 78 900 612 1365 432 1136 102 104 2178 1367 632 633 636 2180 736 118 171 343 498 2392 501 2049 504 373 1553 218 202 805 221 223 508 378 225 957 889 1558 220 232 1894 698 158 161 1798 1766 172 475 684 364 2048 480 1338 1266 185 2817 186 2047 491 883 686 2349 241 244 391 779 1073 298 790 242 108 1751 1625 2324 1585 1120 478 1162 2161 1679 278 1885 347 1624 2128 1221 385 518 941 564 251 1809 1214 255 1869 1107 855 1216 389 270 1422 272 958 276 534 1289 120 657 136 369 193 1276 502 717 208 804 2840 1581 376 1752 1368 935 233 1753 1587 382 1260 1160 384 979 681 344 124 345 126 451 141 142 145 473 652 152 656 1142 157 976 840 167 471 459 239 872 748 33 955 49 327 597 599 331 1093 29 998 71 1001 2171 1758 1055 89 3063 880 1000 2308 314 20 387 1163 260 854 528 2118 536 281 540 541 1047 548 549 1596 991 2992 581 585 586 151 269 2052 250 875 571 926 24 2434 28 992 52 309 594 824 601 3051 1002 1532 83 614 616 415 296 2431 550 1157 1931 2258 1402 523 2430 1165 2035 1438 750 988 1045 764 775 1175 783 2888 785 1517 107 1722 1723 341 709 802 2013 3263 803 227 230 510 2301 1021 512 517 940 2085 2785 2198 756 283 1870 1106 196 198 187 1373 1374 637 130 1664 453 454 645 648 1542 2793 1334 170 179 1546 486 2046 3023 1293 3268 2255 495 1704 50 51 53 2836 2215 2778 965 2936 1131 75 76 429 430 903 338 1631 98 555 969 326 1112 268 43 1896 1077 310 10 792 403 21 22 23 25 31 1299 590 962 820 1111 34 318 1364 47 543 103 1632 978 1086 2094 169 483 1385 366 180 484 1432 1642 1996 906 191 560 368 494 194 195 675 913 1146 466 627 915 1486 116 1037 121 123 973 128 457 146 1919 147 835 1144 667 1382 669 166 671 290 1113 1360 644 646 796 139 1195 1607 797 1726 2517 353 1765 1331 1332 663 665 2518 463 464 165 452 1065 450 879 67 2167 999 72 336 1326 1389 1796 1057 91 1189 1662 1114 109 2812 340 111 1005 629 834 335 467 474 2754 372 713 507 723 226 1351 1117 379 513 1267 243 1231 739 246 247 1025 1744 499 503 1115 2315 1671 176 2462 2739 2520 2463 687 1613 178 1731 1014 1547 181 1206 1615 559 1392 367 886 199 1859 424 625 828 419 1034 65 604 2496 3068 606 428 1748 932 615 795 1134 968 438 617 446 112 114 1128 117 46 322 297 300 2365 2493 1464 2343 1 1029 959 8 1031 12 14 1473 1423 19 35 405 39 323 119 603 458 54 2270 1168 1787 277 873 413 2838 2119 769 2037 390 545 1947 15 321 325 994 2274 2002 328 996 2034 562 261 263 1999 235 721 215 908 3007 1501 370 529 705 2066 183 905 1141 2029
1076 748 1252 2052 564 957 225 218 504 462 597 593 549 541 1277 528 1835 158 31 2340 863 1738 242 1619 1655 3117 37 1071 1238 860 268 1418 2241 112 932 1393 2127 1884 765 141 63 275 114 974 458 1383 370 1501 721 562 2161 237 121 1037 2016 1632 436 45 899 466 261 1396 322 1464 671 1699 368 1102 783 594 1663 341 1381 1373 2488 187 510 852 253 2086 1808 300 130 1299 457 625 67 73 474 1069 18 320 921 102 827 661 680 365 262 2 70
1079 1129 478 375 844 286 269 323 512 187 309 1037 326 779 1798 1290 158 202 128 389 23 31 48 50 60 75 373 76 161 278 39 112 1229 1238 1289
1080 46 799 551 452 896 1822 1892 1328 2137 138 336 858 1168 261 562 1158 370 67 95 797 1893 817 1377 288 860 286 532 837 1069 246 617 226 713 1011 665 1025 1117 9 395 4 584 585 20 29 49 607 1441 1001 554 1055 1761 136 897 202 957 1621 564 389 270 273 2423 391 779 304 305 323 1593 552 260 376 13 1298 313 1810 409 320 44 411 82 102 830 104 105 680 693 848 1652 274 275 2016 1424 344 124 157 1307 703 208 1646 553 1459 36 1143 1400 365 85 2265 348 42 79 193 540 541 586 416 1289 158 941 1107 57 18 269 243 1081 1500 341 187 1349 862 322 2024 2282 1235 529 321 328 877 1063 140 478 372 2328 1296 1129 850 1429 96 103 121 128 147 835 466 326 1086 212 807 2530 292 1196 296 309 107 2255 2008 45 10 1300 1473 2343 1464 31 1269 512 300 802 486 1666 1104 1334
1088 2 55 2728 1452 185 1591 564 1682 392 243 1007 2376 1228 203 626 1087 368 560 2884 2478 123 593
1089 697 815 1371 564 255 272 779 855 534 958 270 389 1985 1357 525 778 1043 1606 57 310 1111 48 128 147 28 1454 1396 67 2732 2052 1011 2285 269 9 2585 2091 900 754 1220 1738 18 1122 821 320 2223 2170 333 78 1272 102 104 1257 150 844 3040 848 213 1310 1592 279 2528 539 293 893 1575 395 394 2739 2520 2463 478 178 2746 939 503 2579 507 222 295 226 379 513 243 808 246 247 2243 2529 250 1459 1739 509 2846 2 399 681 979 1581 193 208 233 384 748 387 2069 260 167 1795 987 536 281 541 549 1240 586 29 1599 593 49 528 474 157 124 952 26 346 347 348 1095 1781 1006 1777 355 492 345 1853 275 535 7 421 79 894 342 118 120 343 344 1352 331 1115 165 735 759 2780 309 992 594 1528 938 1532 2331 88 2320 341 131 2323 453 1542 486 187 2292 802 510 1021 210 2409 206 368 792 2289 25 1684 31 899 1125 53 1131 60 430 512 101 121 122 457 1101 2478 2028 835 466 1258 1385 560 1632 1024 519 1269 263 529 1168 769 861 545 954 1657 328 54 2717 261 424 999 3001 340 452 135 139 1288 353 162 2518 464 335 1065 1044 1497 297 300 2534 1 19 1381 42 408 322 323 46 237 1128 1034 332 428 2950 95 2161 446 117 799 192 1584 1033 2171 337 439 941 242 232 957 805 373 1617 364 684 251 462 2510 151 658
1090 491 374 842 1141 458 974 117 1134 2351 615 2355 1128 1227 506 46 323 322 553 568 2365 1269 1358 966 235 237 2785 1726 1606 452 2516 834 447 1005 2329 72 1531 2833 1094 335 1440 328 1178 545 2119 261 2153 3188 1089 519 803 850 835 1636 2884 457 1790 96 2319 1426 326 45 2145 318 899 25 930 310 1738 251 2052 389 534 1258 689 1385 2837 1007 187 486 1246 469 131 130 1374 341 107 512 2320 938 819 28 2839 1656 857 278 1171 982 368 829 218 1332 1066 208 1386 502 369 841 157 342 1274 431 815 936 275 1291 355 352 70 1229 5 1404 295 547 293 482 539 260 987 1266 1611 364 158 927 836 154 151 149 898 854 634 1321 3173 593 1599 586 585 540 537 536 1172 69 1239 262 1043 250 1025 246 808 243 231 851 379 1351 806 269 222 713 503 367 1017 1016 242 1851 478 474 1012 507 531 532 1564 2376 844 150 1257 102 900 1578 1126 1425 1123 313 18 893 1363 1362 394 1225 1676 392 860 286 911 1739 464 559 1727 3231 1112 1808 932 733 1787 66 912 1310 935 1038 1619
1091 604 1825 112 114 1819 117 1141 2271 410 622 1381 8 721 1464 290 543 283 203 187 38 1316 110 1956 2756 188 1014 176 1115 1065 665 163 582 1607 1390 646 450 1013 1059 2042 67 2002 796 64 773 415 125 1823 98 1902 53 43 1364 34 1919 1111 21 10 46 615 78 324 674 1149 22 1528 1636 1258 992 1049 550 294 286 764 216 210 2290 1998 560 191 1642 1641 2402 180 483 1086 2255 288 1097 544 33 20 585 548 1090 536 1172 236 330 728 1646 1645 1040 471 655 145 142 126 1377 1280 2004 2915 2053 270 255 853 1809 232 511 504 498 202 1446 686 475 1798 161 158 1764 94 1055 2093 100 3126 87 635 633 632 830 432 967 63 57 661 44 1899 1254 18 1474 1298 893 395 1362 2497 1697 409 1495 844 1788 815 1023 224 177 685 1287 2643 2196 70 1585 620 234 734 1043 525
1093 2602 50 430 98 975 1144 667 671 783 1045 759 489 719 206 984 495 1928 195 191 701 484 326 688 1165 47 1014 318 1216 1869 805 2083 658 836 149 586 563 357 348 2412 940 881 292 10 792 403 21 23 25 590 961 43 1837 1838 1182 358 1972 482 1612 492 375 742 249 522 3120 2111 2973 1375 1220 285 289 780 816 1119 1785 41 1129 2843 421 431 90 275 2093 1781 443 844 1926 493 209 2376 211 213 234 525 809 526 1592 346 2080 767 770 293 784 2071 547 295 5 1949 1658 84 1417 2378 628 342 1139 3097 108 2880 148 155 158 462 1076 475 364 1338 491 439 202 220 221 957 241 244 518 254 255 754 389 778 779 218 337 1001 602 1140 1038 655 678 681 841 193 208 233 1706 239 748 528 537 925 548 789 397 991 583 584 314 29 49 327 416 331 487 1771 693 3079 322 46 603 604 605 615 438 114 904 458 370 215 405 721 562 1089 529 267 1168 1178 1180 316 321 328 996 413 1833 35 580 8 594 415 613 1003 616 88 437 1763 445 1374 637 454 645 648 1008 1334 1199 179 486 1616 802 803 230 283 300 862 1 54 1221 424 1718 531 765 538 394 817 551 308 577 313 2350 821 411 243 57 1479 102 633 143 150 351 661 360 476 477 481 365 58 723 507 1733 73 336 625 629 450 1063 796 139 353 1765 463 464 165 1065 1115 474 1336 1730 478 479 178 181 3320 367 939 503 372 67
1094 22 1208 1852 696 2196 2195 358 355 1095 620 1050 1712 5 1597 788 295 547 784 2084 293 505 1068 2447 2093 1256 618 90 431 1255 1577 591 1992 1395 816 780 275 1623 521 2559 375 770 2080 762 844 1697 365 682 680 360 1922 661 156 150 2179 106 58 411 1578 320 409 1493 845 1926 1155 264 527 262 526 809 258 525 256 1913 736 1935 234 1934 1043 514 1586 211 3086 734 577 115 126 711 2466 204 1015 1449 1614 1549 186 1266 1611 1338 475 363 838 462 158 155 373 2575 221 1981 197 2541 146 792 565 1296 533 958 389 1985 1107 252 941 244 242 232 1555 957 2976 1536 1001 208 1040 369 1490 2131 1489 681 678 167 674 1083 157 655 2564 142 141 456 2136 728 729 1506 602 416 330 1103 1599 953 400 548 342 541 537 1939 987 528 260 2154 387 748 1513 394 1231 1020 454 131 637 1374 2890 626 445 2193 88 829 423 601 415 1184 992 30 2434 1193 1598 2645 2074 2386 1568 2560 760 756 517 512 725 724 709 1616 486 179 2102 164 2125 1334 648 1714 571 1049 1632 338 426 1902 53 326 45 40 318 2059 820 589 31 25 23 21 403 915 2028 654 1382 787 1516 783 1175 2070 857 722 1500 1 984 847 494 982 368 490 489 2181 978 495 959 8 1031 463 163 797 1606 1195 139 796 1063 879 1061 1005 625 111 340 1057 1408 336 464 165 1011 1065 207 372 503 367 1976 885 1550 182 2039 485 1547 1014 687 1067 478 474 467 1335 181 278 67 1278 3030 692 472 977 458 904 117 1482 2498 438 615 611 964 1475 2675 1473 1032 707 2116 205 506 328 994 325 1952 15 573 782 390 54 772 1787 267 529 2568 261 237 721 908 769 781 575 107 82 1310 2186 2071 1658 285 628 1038 849 29 3194 1441 1371 1617 1230 273 779 313 604 552 817 553 818 1306 905 1582 1089 447 135 646 1007 1765 665 1117 250 269 532 1222 551 1074 1228 1060 1199 1666
1095 2425 360 476 365 2611 1697 1771 843 1493 844 845 981 493 1424 7 1743 487 1145 1400 1921 411 57 333 2023 864 900 82 1272 1479 1689 832 106 143 150 461 661 535 839 983 275 1220 2822 2625 874 539 1836 1592 1239 527 293 262 257 525 1648 736 234 1043 1585 848 809 566 295 2 1218 742 1352 375 505 696 482 685 358 1375 3381 348 878 84 70 324 26 401 1495 274 399 1129 422 699 884 1015 491 2047 2577 480 364 475 158 154 151 1346 149 1727 634 880 108 2372 623 439 427 2171 1323 998 599 148 504 712 373 863 945 1854 779 565 391 534 272 1422 389 2395 1107 1782 2052 1622 251 564 1738 1621 244 241 232 511 1981 889 957 220 416 1103 1318 993 841 1489 1581 2503 471 840 157 656 152 459 1413 1876 141 345 124 344 343 120 118 342 2807 1305 618 90 431 79 1811 1792 1126 1701 1040 2308 314 586 581 991 1755 549 548 2336 541 281 537 536 751 987 528 1795 2201 382 1705 2032 729 728 376 849 502 871 369 320 1673 1425 990 1944 783 1838 294 2187 296 926 587 1242 1176 2434 594 997 824 2872 1002 1603 2299 435 107 1723 28 2008 3022 857 430 969 1112 441 915 1273 973 1101 835 466 1110 671 906 191 560 982 1928 495 1931 1402 2033 1165 688 429 445 630 1128 615 2351 795 1134 438 2498 1822 2161 446 46 2328 904 458 1141 666 799 905 183 370 908 721 119 341 322 1 131 881 453 454 2488 1008 1334 469 179 486 1032 187 803 850 227 512 760 1269 1568 2057 1804 818 802 610 2473 426 559 1550 1418 485 1340 1851 478 1730 1336 474 885 467 1011 165 464 463 163 1332 837 1726 797 140 1065 1195 367 503 1301 1123 1768 1363 817 394 392 860 538 1739 886 531 1069 524 246 243 381 513 851 1351 507 372 269 796 625 2812 261 749 388 237 562 310 10 930 403 21 263 22 1299 820 1111 318 43 45 47 326 53 1131 25 529 267 1168 1797 91 1283 72 67 335 66 828 595 877 413 328 325 316 2452 1180 1178 1880 390 2037 1046 1787 752 409 88 1669 1539 62 2024 428 2950 968 95 985 2419 986 277 873 2838 2119 2708 2141 1033 2716 2022 2851 1342 203 2160 510 519 1867 543 290 1744 2365 1361 1679 580 1079 405 553 996 336 1057 1201 1202 1850 1544 1097 2311 1204 1205 2313 2746 1017 3147 499 713 2957 479 2520 2739 1337 340 1005 2337 3038 640 1965 646 2234 138 1765 665 2518 1066 1115 176 2462 353 1546 362 170 899 407 1364 2778 1477 56 76 98 99 101 2352 457 975 1144 166 962 1628 575 501 2415 136 1297 1100 1625 270 754 1146 520 2349 1557 3048 1619 223 1553 1617 255 1210 1695 1385 24 2839 2123 1840 1526 1467 414 1602 1532 3046 3575 161 1542 164 3576 404 1521 875 292 2169 1465 490 701 368 195 2067 2609 924 949 2035 2418 764 1708 773 781 523 2579 2167 247 1119 3200 1785 2494 3125 59 2843 421 81 1910 2269 113 628 126 451 816 289 2056 2087 132 355 1970 3281 177 3199 496 145 497 1856 1857 1858 224 1556 1354 563 943 347 1038 681 397 2162 583 29 1263 3194 49 1093 69 1000 1001 554 1758 2004 1957 1596 2706 774 1164 473 979 690 3423 1644 208 1645 222 804 1751 1160 720 233 236 748 387 2840 1409 167 2165 1122 37 821 1127 58 2170 612 432 1136 830 104 831 621 2883 632 18 893 311 1078 250 1284 1025 532 1217 3043 1251 633 286 1359 288 1377 551 395 1575 308 1222 1257 11 3383 5 1317 1658 172 2390 1611 2549 1600 3254 2804 3107 85 2814 2639 2041 1597 788 684 468 2540 547 680 1150 1491 693 211 561 1926 1590 1466 1511 2080 2038
1098 1950 787 398 875 567 309 785 807 292 773 857 759 1165 2621 1714 2888 992 648 592 1402 649 2793 1374 341 2008 833 107 616 1757 1003 1324 423 601 600 415 594 32 722 820 195 76 965 56 2836 53 326 47 45 43 407 318 34 25 22 21 10 2125 436 2409 555 121 191 189 2169 1829 1695 671 466 166 669 1144 654 146 128 127 1995 125 123 116 2411 489 170 516 233 720 804 208 871 1581 473 681 471 157 142 1876 1139 126 236 1706 1506 239 33 993 1599 29 953 1369 991 124 1755 2707 281 1513 987 528 260 748 1595 344 120 342 505 1208 1343 700 1612 482 1610 1068 358 357 352 1287 878 70 1600 324 1375 49 515 249 115 90 81 79 1769 1255 469 742 41 7 289 1566 275 274 1220 1218 2494 597 416 417 404 259 1146 1299 779 565 391 1054 276 757 389 1107 2052 754 255 251 272 744 645 1867 225 880 427 2572 451 85 1715 519 1183 2038 11 395 1014 190 799 95 26 1050 564 232 158 2083 658 836 148 136 1724 1200 108 1957 3113 1323 1001 2003 607 602 337 241 172 475 1981 957 508 223 221 220 805 173 218 504 500 498 699 186 480 364 373 2001 591 1597 336 72 608 67 335 424 828 111 413 5 2037 2119 267 529 263 261 328 749 447 1192 665 163 1332 1765 353 837 1007 2009 2338 140 1195 139 138 646 1965 135 1606 463 388 985 405 1473 8 2365 290 543 1269 1302 283 510 227 1454 803 802 486 179 512 721 553 323 707 2914 905 458 119 617 968 322 795 428 3068 605 604 1034 419 1128 615 165 1657 467 514 1310 211 845 680 1147 661 1504 156 636 635 633 3520 832 619 104 150 1136 234 736 2 788 295 293 2625 767 1335 383 279 1592 264 527 262 526 809 256 762 432 539 827 1231 243 1895 513 723 1673 507 246 372 1552 367 687 176 1336 474 612 503 2243 1546 532 269 2223 2023 411 320 409 1301 313 57 1575 1768 551 1363 817 394 1741
1100 1251 2055 911 286 2768 2829 1377 1677 544 2772 394 1359 1294 246 1564 532 928 531 250 1025 1226 2233 243 1117 1351 1673 507 713 1739 1363 921 552 26 2001 2635 1404 2 1655 0 295 547 279 1651 1935 213 1495 1697 365 661 1257 2178 1366 105 102 63 57 37 313 1122 1298 395 551 211 1761 503 565 1536 1280 1001 49 1103 20 581 579 272 2706 1277 1090 536 1261 260 387 748 1238 193 529 1581 1422 270 638 475 364 1266 1668 1419 1449 1669 202 2053 504 241 244 385 518 564 251 1809 255 1868 1555 108 473 1083 289 1743 1462 275 1556 375 177 358 1095 780 346 85 70 3035 1805 2482 2481 1183 1600 324 1417 681 1395 1119 152 145 345 124 344 343 120 118 1483 7 1256 90 81 79 1132 421 2166 1785 1424 2674 3395 1552 541 485 292 1517 875 1598 1532 83 107 783 2008 1372 1373 1193 1334 170 1666 174 341 486 1944 2035 1636 835 671 1695 2609 1699 184 278 560 194 1503 2067 807 240 1414 1165 1102 146 802 510 1227 2682 1822 95 440 2328 117 1033 119 558 183 895 2700 749 261 263 974 217 46 322 512 253 283 1269 543 2365 2057 323 1804 2534 1473 1300 39 42 408 2022 2913 128 121 1632 1283 1057 433 2167 424 66 1717 91 1841 996 316 545 863 2052 242 1040 1320 431 1846 109 178 478 176 474 1065 1011 165 2329 1765 1390 644 135 1243 450 1061 340 1726 3278 355 1777 326 310 779 10 25 1684 1111 123 899 45 47 1131 436 555 103 2352 318 457 2230 1641 3192 1043 1627 1007 2075 1288 1005 336 1094 67 412 328 1393 187 28 2432 210 367
1106 158 1080 1578 320 409 1810 313 18 16 893 9 395 551 57 1362 3215 1377 288 1359 1222 286 911 1251 1739 1217 532 531 817 827 63 2224 547 2626 767 539 1592 809 525 256 1043 211 848 1495 693 365 481 1147 1921 636 635 633 632 832 2178 102 1136 432 612 269 268 1355 250 837 1007 2338 1606 1288 796 135 452 896 450 834 1005 340 622 1408 2513 336 2039 1094 67 335 424 2002 1841 328 2452 2081 353 566 1331 662 246 1231 1249 2233 243 851 507 939 199 367 559 1550 1615 2012 1014 478 1337 176 474 1115 467 1066 1065 1011 165 463 665 1332 1404 5 324 1347 498 202 897 1449 186 686 364 475 172 462 155 134 1724 108 910 1536 1055 2004 2574 1001 49 823 593 1103 1599 29 501 586 504 218 779 1100 1296 391 2523 534 533 272 1422 270 855 754 255 853 1809 254 564 738 518 242 241 1558 1555 889 223 220 805 373 1180 585 581 2497 431 591 1395 1788 289 815 285 275 274 1220 522 741 1354 224 375 505 697 696 358 357 1095 348 1286 620 84 1600 90 583 342 345 579 1369 991 541 540 537 1090 536 854 260 233 935 720 376 717 1644 703 1581 1149 473 681 157 1142 656 152 1038 145 344 1316 394 1089 98 1112 627 915 128 457 2115 1382 466 1695 1885 978 180 484 189 195 719 1402 807 1438 764 783 292 309 567 875 28 594 414 436 415 426 1905 545 634 1265 427 1321 3194 3 655 2186 1651 1590 730 680 821 2126 503 1475 803 170 824 22 23 25 961 407 1364 45 47 326 1131 938 2936 107 405 2895 553 322 323 46 603 604 428 1999 733 83 506 3453 374 192 1582 905 119 117 2446 1822 617 968 795 2351 615 86 932 35 1381 1819 12 512 510 230 1423 227 850 2013 802 203 887 562 187 486 1546 810 174 2436 1373 341 543 290 1360 1074 862 1464 2534 1679 568
1107 310 45 341 671 274 326 1218 2804 262 57 11 394 507 328 316 529 458 1236 1128 322 131 107 1179 25 121 246 1124 1301 821 900 150 680 848 1456 342 157 260 854 793 158 363 364 373 389 275 391 1810 1363 860 1739 374 261 263 335 68 1114 353 474 478 835 2279 559 222 226 1351 851 1455 243 808 269 2280 344 149 585 314 151 251
1109 505 981 487 481 839 156 2216 2146 2223 57 577 313 18 983 1682 394 2318 1071 2929 2526 37 211 383 514 70 1387 1658 5 2291 2627 788 393 279 213 762 1592 1239 264 527 262 258 736 532 234 2109 1215 2529 250 1408 2514 1326 1053 2073 1718 2863 1094 67 1057 54 413 412 994 1817 954 578 573 876 2307 877 3111 1962 640 1417 732 1733 2315 1859 939 1392 1418 182 2516 1067 1011 1849 2208 1007 1807 2124 2733 1606 2206 1335 443 348 346 172 363 462 158 927 634 439 1001 607 2820 1093 1529 602 331 597 329 1527 49 823 955 2512 29 475 1611 863 945 779 276 389 2395 1985 520 1098 364 385 242 241 232 2369 223 218 2907 1617 712 244 2044 314 581 118 115 2500 628 2807 1908 1129 591 1119 120 289 375 715 861 697 1612 1972 647 642 347 521 586 343 345 3 1596 548 766 537 751 1938 1795 748 344 382 934 720 208 1238 1041 361 674 459 1412 729 3102 887 266 275 357 1287 293 752 734 661 150 411 551 2129 268 739 367 1014 1340 673 837 139 285 816 79 100 1684 25 2289 576 10 2373 221 805 504 879 155 281 528 387 238 716 369 979 473 342 993 625 91 999 1002 594 398 875 2187 1175 2185 1931 495 1603 368 870 676 667 441 103 338 430 53 21 701 31 2331 1009 2039 328 325 1952 769 261 2116 183 458 1410 904 114 1825 8 1 1024 1021 179 683 2125 117 2471 874 588 1223 1269 530 2197 3169 517 1421 944 1211 1030 724 187 1546 2383 170 1334 3479 1194 1193 645 1106 2890 1031 323 529 1089 562 721 215 3184 1497 374 705 2113 192 2026 438 1819 1299 1748 922 606 605 1303 1698 435 1235 616 1498 196 706 494 484 2821 670 2478 1101 735 457 915 969 77 3385 326 318 963 2021 88 1995 1165 191 278 1054 3154 1407 614 2380 988 938 423 415 30 1052 2189 315 404 3142 951 1049 296 1516
1110 489 1039 978 2541 671 2884 2608 835 147 457 490 973 1382 191 857 1702 982 847 1786 495 1998 206 1502 1930 719 807 1933 278 2939 560 122 1299 121 2070 2222 310 930 1234 792 960 21 25 31 588 961 962 820 1633 1111 2059 406 407 1364 43 326 1902 55 1904 1131 2603 98 441 1486 899 775 1341 781 1130 1129 1476 1785 1119 1788 780 289 815 285 2354 275 2490 522 746 563 1354 1023 224 375 1348 505 1852 696 465 1608 358 2896 79 81 431 1154 2359 690 841 1490 1149 473 681 471 167 1083 976 157 357 152 1038 142 141 126 344 342 1274 2356 628 2807 1305 1910 90 1082 356 355 348 213 3369 561 211 209 1585 1309 845 1925 844 2065 1697 365 1831 360 156 2375 150 143 1257 448 635 632 2987 106 619 104 830 661 703 1043 1935 347 346 443 1284 1417 1759 620 2332 1658 1050 401 5 2 1504 2627 547 546 874 767 2080 762 527 262 809 258 257 525 1589 566 193 1276 1644 1865 1557 919 1863 508 373 711 2049 2796 204 202 2078 1344 1558 1015 2977 186 1668 1203 185 1611 364 475 172 363 1245 158 927 1669 660 232 385 1235 974 235 562 1396 1564 1251 1647 990 945 779 1100 565 242 1296 534 533 272 270 389 1562 255 853 1809 251 564 941 518 391 102 151 1191 2336 541 540 537 1090 536 1593 1172 1261 987 1795 854 260 548 748 1506 238 1587 233 729 935 934 728 2567 208 1042 1386 1040 2108 643 3368 991 634 1539 3116 94 439 1536 337 3178 1957 1265 2574 1001 1530 549 998 1321 416 330 49 955 2714 33 1599 29 584 583 579 2162 602 947 836 63 1134 795 932 606 2404 1303 46 323 410 322 2113 553 1302 1994 1475 1473 12 1030 8 959 1029 1 568 2913 1804 1808 1745 968 617 1909 1912 1312 769 1787 266 529 261 1505 1044 1089 2975 1501 1497 506 760 374 1643 1582 842 692 905 1383 666 458 2688 119 117 112 1484 1087 756 1393 852 341 445 1663 2912 107 616 2946 83 1003 1533 1324 2872 423 2642 601 824 1051 415 997 594 1526 875 2630 398 1242 2433 1523 432 600 390 130 1193 2547 940 1421 512 510 724 1979 203 198 1616 187 309 486 454 1546 2102 469 164 1010 2411 1199 1334 1009 1008 650 2487 1542 648 362 545 2783 954 538 1739 1217 783 1180 269 268 1355 1561 1674 250 1231 1249 1460 513 1864 207 372 503 1397 367 1392 559 1615 188 2012 485 1014 851 687 286 1359 827 826 57 44 1578 320 821 409 2350 912 37 1818 1254 1222 1122 1298 1472 1627 893 570 395 1569 1362 817 1225 392 3215 288 18 478 531 176 622 1057 1408 1389 1326 433 1053 336 2073 1718 918 2833 1094 67 424 66 2002 996 1278 328 994 325 1337 1817 321 1952 316 1844 111 2862 1961 1336 625 1012 467 1011 165 464 665 163 1331 1765 2144 353 837 1066 1807 1005 1007 447 834 135 629 1965 1607 1606 640 139
1112 801 177 358 696 1600 2 566 258 274 661 392 102 313 395 394 1739 269 737 243 507 275 503 150 79 1001 2807 181 131 705 242 305 252 941 244 883 364 475 90 2083 586 581 991 536 238 193 141 345 124 344 343 596 1014 468 474 2008 613 423 415 2330 1659 926 909 292 1110 2033 206 191 466 166 1101 457 116 1429 903 47 961 25 21 10 1633 478 445 137 495 802 1104 464 162 140 139 796 450 91 72 335 54 328 261 1408 1269 237 1360 300 1747 322 323 165 62 2351 95 799
1114 830 621 2883 632 633 653 2940 2375 156 682 612 636 1150 551 2224 57 411 1578 320 409 1425 319 16 893 311 395 2417 78 365 1297 693 1363 91 565 1597 2 0 788 295 566 547 784 1313 767 539 1511 262 526 258 257 525 256 234 1504 213 211 983 1493 1491 394 2012 1225 353 1765 1330 1331 1332 662 2338 163 1728 2518 464 165 1065 467 665 1115 1726 1288 622 2730 1961 1005 447 629 2458 1962 640 1965 646 1390 2163 796 450 474 1336 176 713 1231 1025 524 1674 1561 372 268 532 1217 1739 286 1359 1377 269 503 886 1392 2462 1337 2739 2520 3175 1202 178 691 1014 1097 1712 2313 188 1615 1550 544 1050 1119 84 173 171 1798 838 462 158 658 836 151 148 1727 556 1191 634 1539 1536 2915 29 33 1263 1103 593 49 2820 597 69 1001 1265 1443 554 1758 1442 684 364 480 564 251 254 853 255 2052 738 1107 389 272 533 391 778 1296 1985 584 385 241 686 1450 202 498 500 501 244 2796 218 220 223 1555 1557 1558 504 579 4 3 2087 285 1462 289 1785 1255 535 1129 421 1132 1769 79 81 2497 59 90 275 249 443 1095 1848 350 357 557 1220 465 697 375 1861 2441 741 563 696 70 2807 1913 720 728 2032 233 384 1506 1160 854 1090 1513 540 774 2336 548 987 1483 208 871 120 345 126 145 976 167 849 471 1581 2359 488 2339 703 1644 473 1534 326 1531 147 779 1378 1100 1987 534 276 270 754 941 242 373 973 1668 1055 1321 541 1512 157 1567 2782 1286 1932 561 1585 844 154 122 121 915 1695 671 670 466 166 2222 10 403 25 31 1111 34 40 1364 2145 45 47 1905 965 1131 426 76 903 98 969 1112 627 481 1885 680 1147 46 553 1898 580 1808 2238 2785 510 1454 2013 187 1293 1303 486 1324 1528 415 2847 309 835 128 1749 407 310 667 336 341 932 1312 2073 432 2597 821 313 1122 18 1253 552 1362 1222 1459 531 1778 2233 243 851 559 478 2361 1066 1007 1607 1606 452 1057 1282 1326 360 2541 53 1151 568 1473 1381 1994 2895 1302 2851 3006 322 323 603 605 428 2134 86 1464 2057 300 2130 645 978 1198 469 1342 1616 201 615 203 1453 227 512 2445 283 543 290 802 1664 795 617 261 2397 1787 2452 1601 995 996 1956 2405 2002 66 424 67 608 918 1044 1089 1999 2305 2446 112 114 2448 117 119 455 1134 974 458 1570 1582 183 370 506 721 2270 130 1193 1723 404 1521 1839 1315 571 875 569 567 787 2431 1517 1838 292 775 773 1708 3306 688 1385 2169 180 1039 489 1523 495 1088 210 719 1933 949 1165 1500 1374 28 2331 107 1605 594 3234 997
1117 1396 261 1696 446 795 46 793 323 300 2105 850 802 1106 187 2137 376 797 956 33 593 158 958 299 344 343 120 1305 79 275 482 2 102 411 1810 395 1069 250 243 1196 474 645 322 1757 314 1596 934 346 770 478 1063 937 615 107 640 121 278 2841 2254 1101 128 292 47 45
1124 1689 352 878 1600 26 2 1239 848 150 3383 900 665 57 1682 1363 394 1739 246 507 1012 464 1218 864 7 880 118 779 2052 1809 251 241 2349 1799 373 158 154 149 148 634 1332 1093 549 281 1090 936 502 1581 124 344 894 2338 1792 72 835 436 1821 25 376 152 1132 421 59 1255 1424 1119 2441 1122 1025 713 503 2161 862 131 1723 318 91 671 483 1204 1496 335 368 424 66 316 1046 2119 263 261 237 562 183 328 1128 458 341 187 802 107 803 1269 2057
1126 63 150 78 432 1272 830 621 1820 211 661 481 1310 1043 262 762 547 827 539 156 57 1217 1301 1117 1658 851 243 246 250 268 531 409 1459 286 860 392 1363 9 1298 18 1122 3156 84 1001 224 108 1761 480 1266 1669 202 2392 504 1321 373 1809 2052 389 270 1422 272 534 1351 251 593 1599 585 2441 563 815 289 81 431 628 142 152 157 1828 703 193 1040 260 2336 391 4 583 358 1552 486 1014 423 1324 107 187 1342 802 1349 510 824 512 2785 756 283 1269 290 1464 1679 1381 519 553 28 1838 565 310 792 22 25 31 961 406 309 407 1131 1632 121 147 835 489 982 1165 47 322 323 46 135 640 1965 644 796 1288 1606 1332 452 665 165 1065 467 1115 474 176 1337 478 464 1328 336 996 1128 428 966 1134 117 458 1089 237 388 261 986 769 2037 282 1312 1952 995 328 1278 559 779 341 1738 242 728 849 1149 269 1231 826 615 932 1198
1127 2206 336 73 91 340 2367 1063 353 2578 1849 1011 176 178 72 1014 182 162 3001 954 828 458 1584 205 215 562 237 261 752 3102 3103 885 2511 328 413 2879 66 10 243 1018 661 2417 213 1591 2071 2 572 399 952 324 1600 1759 346 1781 352 1275 150 2180 102 226 509 380 1022 2027 928 538 3203 1469 395 1627 18 411 57 921 78 3205 112 1033 2351 2251 101 2476 913 128 2478 835 923 870 368 706 924 523 988 2870 99 2432 97 2363 1684 31 1299 1108 326 48 50 51 60 75 76 2474 1270 1749 1271 92 404 24 2123 1 1576 19 39 42 408 2022 322 323 46 3013 419 2092 62 606 2365 3165 2198 253 1051 2483 938 1003 2101 445 341 95 2890 2858 645 2010 2653 1293 802 2085 130 482 79 275 272 2052 520 251 564 248 241 2104 1609 175 173 171 1290 161 159 2295 1289 927 660 2054 287 929 779 2256 2323 1870 1295 1034 2499 119 449 3010 136 541 245 2919 2362 505 575 2371 305 790 298 504 2278 2373 2277 2507 193 1109 142 345 124 133 344 343 1042 118 2807 2093 2366 2025 23 1035 2495 1785 3176 894 804 576 1834 2572 3300 953 1756 1529 2512 1055 2415 2205 1762 1604 129 387 1724 281 925 1709 1795 729
1130 196 969 128 121 1037 627 1632 1790 1823 555 22 93 903 326 47 1364 2021 31 197 276 533 98 1998 292 2258 323 46 1128 604 1134 968 617 119 972 1141 562 749 2002 424 67 322 212 2022 1031 1110 309 2432 107 1722 1663 341 637 486 203 510 512 283 290 568 1381 253 26 336 152 145 343 118 87 289 815 2016 285 224 696 443 878 324 566 2528 525 211 365 157 636 681 1581 1600 251 373 202 686 175 439 417 416 597 49 29 20 4 774 260 1160 208 193 473 105 432 1365 372 503 367 956 176 467 1065 1011 165 464 665 353 1607 1606 796 135 450 629 1057 379 231 243 1231 612 900 921 63 57 3321 2882 2983 1126 779 409 313 1298 395 552 394 288 286 532 246 2592 255 853 2529 1220 522 515 1352 3082 375 505 492 482 685 358 2643 1183 10 275 25 426 610 92 97 2476 1144 1151 688 366 490 368 1931 2187 315 1299 816 79 618 698 1015 491 364 173 171 462 1762 1760 1055 998 2512 331 599 33 993 585 342 120 344 124 345 126 399 1139 459 384 1834 387 536 2709 451 997 1003 645 1580 102 864 333 411 320 1078 308 1363 538 1739 928 268 370 247 1353 513 390 328 335 72 340 2337 2180 2207 162 474 1067 1340 1014 507 797 225 150 2865 170 179 1293 200 802 2198 1269 300 2365 1 19 39 42 1033 606 795 971 360 476 487 809 770 293 461 2 5 183 905 458 1634 904 2122 261 237 254 957 534 958 270 2173
1131 341 2323 645 2752 1542 3479 1334 683 445 1060 24 614 170 926 951 296 2187 759 2418 2101 187 1269 510 908 1087 705 192 183 905 799 2499 1034 803 46 322 408 36 1576 1 2365 300 196 2105 323 368 2254 906 77 76 75 55 53 51 50 48 326 1270 47 25 23 22 576 10 1513 518 941 1072 45 191 2176 1271 1699 215 180 366 1639 835 1101 2296 128 1749 127 913 441 103 101 2251 1631 92 436 903 123 886 1089 263 57 333 78 82 704 2180 1275 680 365 2544 809 1592 546 293 295 0 2 1774 2122 26 324 409 313 312 1078 503 2754 372 207 507 1673 509 379 231 380 1600 243 268 1766 1459 532 1469 394 1363 1768 395 308 246 261 1183 84 665 663 797 2828 2009 1005 625 111 340 91 1283 1326 2137 336 72 328 325 1657 954 2571 1168 165 1011 1065 467 1759 346 347 349 350 352 1777 354 482 2196 1715 492 505 367 695 181 1014 1340 178 478 176 474 1452 102 594 375 175 173 171 1290 161 1076 2368 462 1289 1609 660 151 149 148 136 1725 638 1724 108 2205 154 1055 684 204 305 790 958 272 1422 270 1782 520 255 1669 251 248 2919 245 242 2173 2104 957 373 1617 564 427 1611 2512 344 343 120 118 1483 2025 79 7 289 124 815 274 1220 742 1023 515 228 2917 1861 1185 275 345 1395 126 602 1527 49 33 29 581 541 925 281 260 1596 748 384 1368 369 471 167 145 142
1133 1836 1610 1105 355 878 1313 1949 1314 375 70 1068 79 275 815 1119 1424 1785 2494 59 421 87 2528 522 1592 893 736 344 395 312 18 1122 409 57 2597 827 63 1590 432 105 636 680 365 844 845 493 983 848 1585 1479 152 326 473 364 2465 1669 202 218 220 221 1981 511 518 838 251 270 533 534 942 1111 1363 121 147 240 829 389 158 836 151 1581 916 369 804 376 260 987 536 1277 537 541 584 585 49 825 2346 69 794 434 108 1761 148 149 157 817 1937 1225 315 83 1723 341 1334 1546 486 1341 187 803 875 227 512 1360 862 1464 568 1032 322 46 603 1235 510 783 990 857 792 25 820 40 47 1905 2595 1131 969 1112 122 835 466 1695 978 180 1702 1102 847 807 1165 750 278 932 394 2355 1134 1204 559 367 503 713 507 806 379 243 1249 485 1231 1025 250 268 269 531 1251 286 860 1359 288 246 1014 1731 1851 2161 2852 905 237 130 261 263 1787 545 328 335 2833 1057 622 1114 3038 452 135 1195 797 1012 474 479 795 1453 566 1473 1143 1597 1354 289 1395 1304 3024 841 854 4 20 1406 2156 754 632 2343 552 565 1561 336 3002 1606 2015 1377 1217 323 532 1459 2405 1117 1362 1552
1134 860 1292 187 326 96 1308 1435 585 1785 3054 547 1585 3086 1920 1616 334 552 1217 1231 1243 336 2320 1324 1789 2785 278 1765 1272 2945 1828 1898
1139 537 925 541 1047 1946 549 400 579 1405 1483 2500 536 2447 1256 618 431 81 1132 2321 142 854 1368 748 421 652 1082 152 1083 167 681 473 1581 260 1490 193 1877 1038 208 1645 3183 720 2136 382 369 59 2186 2422 2044 443 1284 1417 620 2099 70 1805 2482 346 2481 952 5 1597 2 788 547 2071 293 393 1050 132 641 2382 41 2494 1785 1424 1119 1395 1788 780 289 2056 275 29 2111 742 1023 228 1861 2528 1452 2815 358 1255 1103 202 49 1165 759 773 787 951 2847 404 1714 1598 949 2839 1252 1072 779 1296 534 2400 272 389 1985 992 1936 807 2258 123 127 128 457 835 1258 2609 2230 169 483 2169 180 490 1432 701 191 560 1928 196 197 1503 254 593 564 2919 1076 159 2368 2295 1289 154 638 129 1573 161 2575 1957 1325 1265 1323 1001 1442 602 416 330 439 1290 171 175 385 232 1555 1230 1799 889 225 1553 373 1617 504 711 2049 2392 279 1449 491 1611 684 2221 475 248 1511 981 264 370 799 458 972 119 2448 95 438 1819 606 62 604 895 1034 2092 1033 46 323 322 39 1124 1381 1473 12 1032 1031 1303 1584 205 374 1278 412 328 994 822 316 1657 954 2510 2081 573 1178 791 545 782 390 3164 282 772 263 261 237 1089 235 721 215 1497 1 996 1074 1223 1009 144 2074 1542 131 130 637 1374 1373 2890 626 341 1334 107 1054 2226 1757 83 1003 1532 2484 2483 601 824 1915 414 88 164 469 2102 776 1871 1870 283 1268 2127 2085 2105 512 725 1737 2926 510 1454 709 203 200 2292 198 3275 1616 187 486 1546 2010 1666 362 2949 761 413 828 409 912 319 1899 313 1122 18 577 2236 395 551 544 320 392 1740 271 532 531 268 250 1025 247 243 1895 513 1864 1294 44 57 58 736 1586 1310 213 561 211 493 1493 844 487 1491 365 476 1275 143 1257 636 1689 432 1365 612 78 3211 864 63 827 2023 1351 2155 226 2126 463 665 163 162 663 353 1606 2206 1192 2009 450 1061 464 629 625 109 1662 1059 2728 1846 1057 2513 1535 336 3001 335 1005 165 1011 1066 2905 718 207 1018 713 372 503 1397 499 2752 1551 367 559 1204 1097 182 485 1547 1544 178 956 687 479 478 2739 2462 467 222 1037 224 915 619 2178 633 150 477 481 3040 1043 234 383 1590 525 257 258 527 539 770 546 784 295 0 399 324 102 1820 333 2223 1115 176 1731 1014 181 188 1550 1392 199 1673 3111 1600 1215 1251 542 1376 1469 1682 1298 1474 16 1254 821 1127 2394 1065 1183 84 471 916 1040 871 849 1042 376 236 238 1834 387 528 2118 1261 540 1416 991 581 586 33 955 327 597 361 656 145 1412 1287 355 3013 685 177 697 496 497 710 715 2917 1715 3082 731 535 1070 1811 2025 2497 1910 2093 345 126 141 515 417 1849 1607 973 1784 146 2115 1639 978 870 906 907 495 2615 1402 750 1510 1045 292 294 550 398 926 24 28 415 1826 441 103 969 1273 2222 2470 2244 2373 575 310 10 792 403 21 2644 31 326 56 1131 77 1270 903 2363 436 338 866 99 1299 1007 454 645 506 985 908 1158 2965 752 769 2037 2307 317 1953 424 67 1094 2167 1718 72 73 1283 340 111 139 140 190 183 1582 1141 1293 1977 2353 229 1867 2198 2325 300 402 1576 8 137 35 410 419 603 428 932 2114 1134 2499 2161 114 117 408 998 2022 1055 75 76 1749 3066 1271 92 1631 60 97 101 1112 913 1632 1750 1280 1884 555 2371 965 53 960 576 22 23 25 588 820 55 406 40 1364 43 45 47 48 50 318 305 51 302 1411 173 158 660 155 136 1725 133 2799 2277 1724 1762 1761 108 89 1056 1604 945 1764 186 134 1344 1297 883 929 2054 1028 1422 2395 245 958 738 204 223 241 508
1142 486 1975 1616 1546 1196 517 940 756 300 818 1473 192 553 2114 3314 2808 190 2536 858 2967 1168 2266 261 2851 1060 146 1847 53 93 1826 2274 121 122 1101 1144 669 798 168 2553 1153 2623 1887 2530 783 1177 592 594 423 88 833 2192 982 68 860 2725 793 260 2698 1876 124 342 815 275 2573 1026 2103 801 482 2333 354 350 1006 2792 522 29 2287 416 1874 1873 779 2523 2764 389 2763 1216 941 518 1621 378 221 220 2813 2817 462 69 2844 346 336 2265 547 1895 380 851 806 226 1673 507 372 531 2754 474 1066 165 837 797 140 1063 1189 478 45 9 1123 762 809 1504 845 844 365 360 1400 832 105 1824 102 900 80 826 411 821 1301 1810 2805 1125 218 962 391 811 1357 161 152 344 90 347 150 181 2255 2838 263 964 1747 1124 810 2014 2267 1670 2780 40 277 1121 2119 25
1144 31 1018 458 123 1230 1325 2613 78 286 2835 165 293 46 1898 2785 23 1454 50 128 988 1324 246
1145 1600 831 619 1366 2178 348 1964 346 2332 832 105 632 635 636 1257 150 156 351 1143 839 1147 633 104 830 1479 224 375 505 1452 2655 492 697 696 177 1610 358 1291 2650 355 1777 352 2646 1665 1095 82 432 1694 360 679 680 761 539 767 874 1945 1313 546 293 2071 547 566 295 2072 2 1597 5 399 26 1050 2549 324 1651 70 1239 809 481 365 1697 487 844 845 3242 1155 1495 1585 209 84 514 1043 1504 1935 736 1780 256 525 258 262 561 559 1012 1213 2243 1025 250 1561 268 269 531 928 1459 532 247 856 1739 3043 911 286 1222 860 1359 392 3224 1225 394 1217 817 246 1249 1016 367 1552 499 503 372 713 714 1019 1020 2012 1231 888 507 222 723 806 1351 851 513 243 2233 808 1866 2126 2018 1569 1363 921 78 900 2604 1097 2280 2279 1667 1548 485 181 2224 1014 691 1851 2441 478 3175 1730 1337 176 1336 474 1115 612 63 334 333 551 552 2225 1253 1232 1575 2966 3053 9 893 16 18 1122 313 2408 37 1810 1425 821 1126 1578 2984 57 826 2597 1550 3011 59 1354 223 221 220 218 373 504 501 1346 498 202 1854 698 1669 1449 883 2817 1668 185 1611 1338 2139 3335 364 378 684 957 1799 533 276 1028 273 270 389 1027 1107 2052 754 255 853 1809 254 251 1738 518 244 242 241 1558 1557 511 889 534 172 2957 1265 427 2171 2574 1323 794 1001 1441 1093 331 825 416 327 49 593 33 2878 29 1951 585 584 1405 579 1325 363 554 2007 1798 1200 462 158 836 154 149 148 643 1963 634 880 1539 1573 1761 108 1371 2387 434 89 1055 3178 3113 1758 1456 2128 778 431 87 2497 90 1304 894 628 118 120 343 344 124 345 126 1139 1140 141 142 1038 652 2690 459 152 81 157 79 421 741 563 745 746 1623 755 1218 1220 275 2354 285 2016 815 1743 289 1991 1395 7 1119 2304 1424 1785 1129 1132 391 1083 167 260 1167 854 528 987 1090 537 281 925 540 541 774 1946 548 549 396 4 2818 467 299 1746 779 1296 1166 674 1164 936 471 681 473 979 1581 488 2339 703 1644 717 208 720 2698 728 2032 233 1753 1260 236 239 872 748 387 1163 1065 1677 165 75 2602 430 2319 1821 436 98 969 1112 2352 2601 1884 3129 915 1486 973 1919 835 1638 2779 1382 466 3168 671 60 1905 2112 21 22 23 25 1684 31 820 1111 963 1131 40 43 1125 45 47 326 53 3282 418 1081 1904 1364 676 1695 1258 1503 1930 719 3148 216 1933 1936 2430 1438 2868 1157 759 857 764 2930 1708 773 2070 781 783 292 909 278 210 1502 1500 2609 1085 978 1151 688 1385 366 2169 180 2837 2254 490 1886 701 906 1702 368 982 494 1496 195 1928 197 792 1837 310 1379 968 2684 974 799 183 1999 2220 3188 1396 267 1679 545 2002 1328 447 1063 896 1392 199 207 1673 226 1316 1117 2493 1349 3384 56 1011 93 96 103 2477 1037 166 1102 810 196 1110 1838 2121 926 315 1523 1182 829 130 2647 1435 379 231 380 1783 618 342 451 1701 369 1040 935 536 917 1468 793 417 998 2003 151 1266 491 500 805 811 565 1599 1853 1852 685 2529 1251 1463 1362 395 312 1298 409 320 102 2180 1926 1878 211 1466 2528 1836 2846 1658 347 349 350 354 3064 785 2936 309 2700 1089 1437 237 1044 388 749 261 263 529 562 769 2900 390 1178 1180 2081 1181 1241 316 822 994 814 1833 733 2952 795 1134 438 617 1822 2161 112 117 119 458 2029 2999 905 1696 2064 1582 3231 205 374 1501 1158 1159 721 328 615 996 54 135 644 646 1390 796 139 797 1007 837 353 452 1765 1893 1332 662 663 665 1728 463 2348 464 550 1331 1243 450 3038 1440 2405 65 66 424 335 67 72 336 1264 1326 1282 3002 1057 2329 1114 444 109 2812 340 111 2337 1061 413 932 91 824 630 131 453 454 1244 1198 469 683 1104 1666 3357 1373 179 486 2790 3023 187 2334 1616 198 1862 1453 2284 1454 1546 227 341 1763 569 875 1520 1049 571 1075 1242 28 3370 819 1526 445 594 1602 423 938 83 614 2923 1842 1113 88 107 1723 997 510 2013 253 405 2895 553 3006 322 410 323 512 1128 1033 1303 603 604 605 1398 332 2024 428 1235 1819 567 35 580 46 1473 1423 2238 756 2086 1393 283 2127 1269 543 290 1988 1568 1804 1464 2534 1470 568 1 402 1032
1146 269 3043 1231 447 176 1011 879 2966 1117 37 70 57 220 161 540 854 1877 275 444 1571 320 2711 756 1696 462 1894 1089 346 393 2528 432 328 1242 31 122 361 147 323 982 2231 601 423 1113 709
1147 26 1229 2263 1805 70 526 2531 399 293 1774 547 546 1945 2857 770 1592 3325 2099 262 572 1284 2650 346 742 809 563 741 1354 228 224 1209 1452 1409 2655 1974 358 2382 355 1776 1781 641 348 347 696 1466 1363 383 1479 82 1365 78 411 1425 1810 570 395 1362 394 860 269 1356 1355 524 250 1025 1866 243 274 832 736 2883 1488 1935 234 1504 514 1586 1310 3086 845 843 1771 693 1697 476 1148 679 360 668 661 461 1275 2375 150 816 475 1785 462 2295 1289 657 2278 134 1963 129 1724 159 631 623 94 439 434 1000 607 998 1093 2512 1760 602 1798 1338 2019 942 1028 389 2052 254 744 518 242 1895 232 1980 957 378 221 2392 698 1669 1449 1266 1558 1321 596 33 471 361 167 157 459 1038 1412 126 342 681 1274 628 1305 2093 100 1304 87 1769 2166 1579 115 690 2989 1701 1599 2453 2399 581 397 396 1090 987 1938 1795 1507 387 1834 1506 935 728 1368 720 208 1238 369 7 723 666 507 2101 88 616 2226 1324 601 598 1051 1526 1890 2082 30 1714 587 926 1521 2432 571 296 773 32 1942 1373 1410 1269 1565 740 940 1421 1984 1737 724 486 2323 683 469 164 1969 1008 2074 2645 645 453 1664 2102 278 759 1510 92 1749 429 1131 2801 965 326 47 45 96 1125 899 588 1299 25 21 403 2090 792 10 43 1790 913 915 1414 1936 807 2258 216 1500 1156 847 368 560 191 490 489 1641 2253 2230 1258 166 1636 1101 116 2130 1673 2386 1 1192 834 1061 447 2337 1005 340 109 1891 138 1408 1326 73 1814 2039 608 2002 1841 1956 2962 1281 595 139 2075 1018 1733 713 372 939 1552 1017 885 1016 1195 559 1548 1545 687 478 2361 1445 463 663 1007 695 54 413 3031 458 117 114 1875 1482 1906 615 86 932 799 611 605 322 553 36 1747 19 1473 1032 1031 1748 692 842 1582 1278 328 2716 1952 2511 954 1241 2510 573 782 390 769 237 2700 733 215 1501 1497 506 1584 183 818 613 551 310 1344 1015 491 686 364 684 175 3025 172 1290 161 838 158 155 154 151 363 897 2813 202 255 1809 564 248 890 245 1621 244 241 225 223 218 373 504 2049 501 500 149 754 136 1725 49 593 2714 29 20 585 584 597 583 991 4 3 1888 548 1946 2273 2861 416 825 2844 2277 638 1541 1539 1190 108 1055 1957 2915 2004 554 1443 1325 1406 794 1001 69 556 1107 855 270 1615 1392 367 1551 199 2316 207 1204 2756 2232 226 1351 1117 379 851 231 222 2012 3224 1097 165 1011 1065 1066 467 1012 1115 474 1336 176 1337 956 1339 178 691 181 485 380 737 2233 808 1077 57 1072 779 1378 1297 1100 565 1296 391 2370 276 2400 273 1219 1986 1422 303 1047 1677 288 1231 246 1213 1069 268 1766 928 1459 532 1993 1217 1739 2767 286 1222 1376 1359 1377 541 540 537 2257 1585 1495 493 1309 1926 844 211 2065 1491 365 481 680 1147 1921 1400 2885 561 3369 213 5 1597 2 566 2626 1653 767 279 762 1651 264 258 525 256 1043 1932 1831 1143 636 635 633 1627 312 13 1298 1474 16 18 1122 313 2591 1301 409 821 320 1126 44 2882 893 1712 1575 826 632 1791 1366 831 105 104 830 102 947 612 900 80 1820 921 63 334 827 552 464 2635 1387 1149 473 840 1083 976 656 152 1581 655 141 1916 1139 345 113 1483 618 145 1792 2359 488 1172 1170 854 260 1163 748 233 729 1646 2136 1160 376 717 1040 193 703 2339 431 81 1132 1130 697 1105 354 1777 352 350 349 1006 1095 443 2265 2332 2640 878 1661 1600 324 1852 1658 505 1023 1129 1577 41 2494 1424 1119 1395 289 1462 815 2016 285 2087 275 1623 522 746 375 665 58 1332 414 1467 594 1955 2330 992 28 1598 1242 1656 3098 875 567 309 1948 1518 2379 1838 292 783 781 1944 1708 824 600 423 64 179 174 1666 362 170 1196 1542 1193 454 131 130 857 1374 341 445 2008 1763 1723 545 1722 107 1842 2006 83 626 187 1887 949 1385 169 1829 1086 978 1885 1695 675 671 466 1639 1637 2290 153 835 147 1919 146 2478 457 128 127 1995 2169 180 1153 1699 240 1933 719 1930 212 1503 1157 210 1502 2096 1998 1165 196 1997 1704 2148 195 494 982 701 1996 1886 1432 1700 495 125 1670 1616 2064 1696 905 1383 3245 1141 2029 2270 1918 1228 3217 972 1634 119 2448 112 1137 3298 95 617 438 968 1134 702 1087 1158 1159 662 1312 282 814 858 280 3015 2810 2967 2119 529 795 986 261 749 388 1162 2272 1649 1089 562 1999 235 721 263 2267 2351 2024 1870 283 760 2086 756 2238 2127 2198 253 512 510 227 1454 1453 1862 2658 1349 803 802 1977 203 201 1106 1461 543 290 1360 604 603 2092 1128 46 323 3006 408 1300 2894 1994 1819 1898 1475 580 1423 8 568 1470 1464 1804 2057 1074 1568 1381 123 2779 121 1094 2167 2833 918 1531 72 336 1264 1053 2137 2724 2005 2727 1389 67 1796 622 1846 2728 1797 1189 1662 1114 110 1328 625 629 450 1892 1063 1057 896 424 2275 53 51 50 48 2797 1364 40 407 318 2593 122 34 1111 1316 66 820 23 22 576 2247 1180 2081 1657 321 994 1601 995 996 2717 1320 31 452 135 640 1081 1904 1905 2936 3385 60 426 75 76 2603 1271 1893 93 98 555 969 1112 1823 2476 1632 1750 1884 1037 1915 1631 1900 1903 1967 1965 644 646 1390 796 1288 1606 1607 797 353
1151 23 22 2251 31 909 1299 406 1364 103 121 125 466 436 368 807 2363 1110 773 783 292 1749 1270 77 53 50 555 701 923 21 361 118 87 421 7 563 741 228 224 715 347 346 1759 70 3277 26 393 383 1043 981 661 830 1365 1368 1834 20 1323 1838 1252 298 1219 738 1621 242 2104 1619 686 684 63 175 363 1290 161 462 638 1764 1762 108 1056 1604 1055 173 37 1122 288 322 408 19 1223 1269 1421 1737 2160 187 2323 1723 323 107 278 2364 1639 128 123 122 1632 866 75 60 965 309 310 458 1584 911 247 246 737 713 2313 1205 478 2463 2520 2739 1087 2462 2518 640 2009 1846 433 1531 328 1657 267 529 749 165 294 988 926 285 815 289 2321 79 90 2093 120 375 343 124 345 141 145 157 681 1581 193 344 2507 354 350 682 1586 1932 234 1935 256 258 527 352 279 547 2 5 324 2640 443 1781 349 546 360 1042 729 1609 498 504 225 1865 1558 232 244 171 564 270 276 2054 287 779 305 2371 296 754 720 159 2295 233 236 387 281 991 579 584 955 2368 49 607 1280 2171 554 1957 1760 660 927 2512 633 1266 432 419 604 606 428 1748 2114 112 119 1033 2027 215 721 263 752 2570 17 954 325 799 1956 46 553 32 1366 594 2008 341 2858 1542 1009 2022 683 3023 230 510 283 1870 1 1031 580 170 828 1576 73 380 243 268 269 532 1739 286 1362 231 395 311 312 1298 409 57 78 3001 900 308 379 551 1018 1283 91 723 109 340 625 2367 138 353 665 450 2208 1011 1065 372 673 178 1014
1152 1584 1180 995 447 433 663 138 485 2270 413 615 802 1029 776 1871 1393 940 517 850 469 1199 1418 131 86 1017 505 503 1722 2702 2697 369 690 456 1129 358 1006 1095 347 1417 1387 566 1945 561 493 1493 360 2882 2350 37 911 1251 1069 2752 613 29 457 208 1368 934 260 541 1047 396 1369 584 20 854 593 158 161 684 364 1449 1894 202 2049 1555 389 1422 391 565 1644 703 473 681 915 961 22 960 1077 1896 809 262 1651 547 0 1658 278 84 375 275 815 1395 1785 81 431 142 1038 157 167 2503 3235 2703 314 583 1106 512 760 568 322 323 46 932 1134 617 558 187 905 1582 895 1089 388 280 321 822 328 996 1320 1841 2064 2234 486 130 2222 1111 45 96 1112 123 128 146 1636 147 466 180 1039 847 1704 581 783 2847 1598 1324 83 2912 341 1373 1374 1717 336 2258 1282 313 409 44 57 827 63 102 680 365 209 211 1043 1252 942 941 518 1347 2963 462 657 1760 1371 825 1103 1326 303 392 478 532 1059 288 625 450 1243 1288 1606 1607 2412 1065 176 1613 559 1390 1552 1766 3238 1459 269 250 268 808 1117 226 222
1157 1130 443 275 522 1023 375 566 234 809 525 256 1310 365 104 900 90 1592 345 29 157 565 232 218 711 364 158 1001 1126 579 991 1888 1047 541 208 849 369 473 142 313 968 817 174 454 341 1242 781 196 191 486 835 146 457 128 122 121 53 40 147 187 512 740 380 231 1392 2012 1061 625 336 328 205 1918 117 615 46 322 553 1300 756 18 423 617 22 1658 324 1600 348 1006 505 741 289 1990 816 1577 79 431 113 120 344 124 5 141 2 1588 552 395 409 320 411 57 58 102 105 619 360 481 211 1043 1504 1934 1935 2071 551 1038 681 480 1611 202 498 373 1553 957 1621 255 389 1986 1028 533 391 1378 779 2174 1609 167 171 161 1581 1040 1368 748 387 536 1090 537 548 583 314 416 331 69 1055 1539 129 1290 1569 564 1222 1500 807 1933 278 783 292 875 1182 415 601 64 1324 1054 637 1542 1334 170 197 1269 495 671 407 288 45 47 326 50 76 98 1112 913 1037 123 1636 153 1638 166 466 1258 300 60 603 797 353 165 1011 176 178 1014 1097 1016 367 714 226 532 1117 243 1993 1 1606 139 1351 135 1965 1582 1158 261 996 67 91 1662 237 1114 109 340 1961 447 629
1158 1238 208 1830 934 233 1587 748 1260 238 528 260 1507 1041 854 382 369 655 703 618 1305 342 1139 1140 451 1413 1038 459 152 157 840 681 473 1581 90 1938 993 751 329 597 599 417 331 602 1093 998 1000 794 2171 427 2025 1758 89 327 987 49 33 2118 536 537 549 396 1755 1416 1369 400 2162 579 581 586 29 1599 823 79 347 1811 2378 2186 1313 547 295 2 1404 5 1949 399 1229 1387 1058 1417 2044 2109 346 1592 262 493 2415 983 1433 2543 1310 377 2117 1504 736 1590 256 258 809 526 264 1783 348 2045 522 2490 1468 1218 1220 3176 285 1990 1991 816 7 591 1579 1035 1132 521 642 742 1352 1006 1777 355 160 357 1333 1608 465 1972 1610 482 697 492 505 375 515 434 606 3097 367 886 2210 507 851 513 1267 739 246 1363 409 320 827 448 461 1017 661 474 797 760 300 1309 458 370 707 721 562 1180 335 609 1053 433 1389 340 467 187 360 383 774 3 397 314 596 416 1001 337 634 660 1338 223 225 242 254 2702 981 387 1701 393 293 1314 26 2342 356 358 710 275 535 421 141 674 361 678 2565 1008 453 437 504 1617 373 218 220 221 508 378 1619 957 1981 3048 2104 2173 232 1860 241 204 1015 1539 1725 158 462 1076 1245 363 1411 475 2390 364 1611 186 1614 491 884 244 385 518 338 2177 975 483 870 489 1500 1931 1175 1944 398 1242 28 1603 616 77 21 575 945 941 251 252 520 1622 2110 1107 439 855 2395 389 1028 533 534 391 790 1357 1926 176 1493 486 2334 1616 887 802 850 2440 512 944 1421 517 940 756 1269 543 1546 1808 179 362 630 130 131 1064 137 645 1193 3060 1009 1334 2125 1199 469 683 170 2010 341 1074 1 438 1912 2161 1690 624 446 114 2026 117 455 666 799 905 472 1698 1134 818 86 933 1029 1233 1032 2795 12 580 408 964 553 3006 322 323 46 966 932 2114 842 1959 2331 426 610 2374 436 92 103 457 1101 835 676 2541 978 490 701 189 1904 368 53 47 958 310 10 792 960 23 25 1299 961 820 1108 406 318 40 45 326 88 495 206 24 30 1182 2082 2123 1526 415 938 2484 1324 613 1003 83 3154 2190 315 1156 404 926 719 1936 735 759 1045 857 2070 1176 990 292 909 1838 550 309 1075 587 183 205 374 524 1215 269 531 538 911 1071 544 394 817 551 395 1575 570 1682 250 577 247 243 181 485 188 1615 1550 559 939 503 372 713 714 2126 509 1351 1212 1231 1014 1122 313 839 359 1571 679 680 476 477 481 365 693 2063 1771 843 487 844 351 1683 156 2180 931 37 912 1301 821 411 1901 1080 57 58 864 612 1479 1689 102 150 691 1340 1731 578 316 321 1817 822 937 325 328 412 996 413 54 595 424 67 545 1094 782 772 506 3184 908 1158 733 2220 237 1044 261 529 267 1787 1046 2037 814 390 1718 72 73 353 663 162 665 463 2348 464 165 1011 1335 1336 478 1067 178 1851 1606 2207 1195 139 336 1264 2514 2515 444 111 1005 845 2214 447 629 879 450 1063 1192 796 2337
1159 1305 370 205 374 237 390 573 413 3247 458 73 1326 2513 340 629 1061 797 1765 165 336 1067 904 323 318 40 45 47 55 338 103 441 46 1829 1931 759 783 296 637 2645 179 512 490 590 485 372 535 816 1483 126 1581 1040 387 536 275 958 957 1015 158 439 607 602 597 596 389 1017 515 358 1069 538 409 411 150 461 661 680 375 365 487 844 234 526 1592 770 5 443 843 1103 33 714 260 748 369 2503 348 2 383 983 493 57 320 367 181 478 541 665 316 261 1089 117 1 724 187 2102 626 1060 415 278 368 1699 67
1161 28 261 529 335 1094 2039 73 797 464 389 260 1109 157 817 531 269 806 263 905 117 2127 187 474 485 182 1204 372 507 509 1351 237 119 795 46 1948 1838 671 128 913 99 1271 1749 76 75 60 51 50 326 107 1723 31 25 23 341 802 803 227 512 740 283 300 42 322 323 406 45 243 844 152 345 124 344 120 79 1581 591 375 358 348 70 324 2 275 566 193 1103 779 1625 534 251 504 364 586 1609 2295 158 634 607 416 49 1290 770 159 213 736 247 394 395 1122 78 900 333 150 351 2417 365 693
1165 3 1220 815 79 281 1103 701 154 244 197 1997 366 466 149 1456 2144 262 2909 1175 25 1903 1165 574 187 200 1808 458 529 91 835 1122 150 360 845 375 147 1632 1995 255 292 1738 248 241 957 218 373 504 2049 202 1266 364 175 95 1107 457 389 534 123 1633 121 1915 1037 555 436 2319 1271 51 48 326 2145 2021 779 270 1838 1482 341 856 531 269 268 2529 246 1739 808 1455 851 226 1116 222 372 243 367 286 288 900 1820 2146 63 57 44 2769 320 409 1810 18 395 552 394 821 559 485 1014 328 325 2816 2119 2838 873 1841 263 237 2990 506 1383 974 119 261 67 72 336 176 474 467 1066 1065 165 353 797 796 640 1243 834 1962 447 28 102 830 1846 633 486 709 510 512 1269 300 553 322 46 1303 795 179 748 854 751 548 579 586 593 1441 158 151 1541 831 260 174 323 736 680 844 469 256 1836 2 26 355 275 1198 1424 1130 289 90 1334 2497 1877 473 157 208 344
1166 1278 1398 985 1383 948 1485 615 932 3247 553 180 512 1737 187 2996 1193 773 278 807 1102 424 466 1464 1326 1025 110 1466 1317 1354 289 113 142 703 536 561 541 49 554 172 202 373 255 389 1378 584 900 313 18 1005 138 1288 1007 2412 353 1332 1065 1115 176 485 1552 372 835 286 1359 1377 1569 893 1282 122 428 1905 2031 37 2762 447 2701 1582 568 1334 1523 748 473 1273
1172 525 234 1932 377 1585 1697 258 527 2548 70 2025 422 1035 2304 1788 289 815 535 747 249 563 358 642 348 2332 481 672 359 661 247 1020 199 885 1550 188 1097 3111 1014 1011 1331 1288 629 796 450 879 176 1215 3230 286 2454 351 156 2180 633 632 830 612 57 409 319 37 16 2468 1677 1377 1359 87 2497 3172 1412 883 186 172 1798 155 1963 1191 1760 94 1536 1055 2004 1001 2003 998 901 597 1164 1166 1167 541 774 548 1669 789 991 579 584 953 33 327 3 1139 202 504 652 655 471 473 2504 849 1830 1260 516 2201 1163 2932 872 1754 323 322 2123 218 805 220 221 223 242 204 1098 853 255 270 272 2128 2920 1809 111 139 1389 495 2255 2185 764 785 875 951 28 594 415 1528 824 83 2101 2193 1664 454 191 870 484 1385 444 403 21 22 31 406 407 1904 1193 903 338 2476 627 3129 466 671 2181 483 2475 3060 510 187 617 114 117 119 374 562 876 1316 54 2405 2002 65 67 425 73 3002 3139 1134 795 261 932 2013 2114 198 2284 3375 1870 543 8 2020 1804 14 1381 38 410 603 2496 606
1173 516 327 236 239 537 49 2003 364 71 2004 1056 108 634 2880 158 202 233 1185 1238 539 703 262 498 767 770 2 346 1776 697 502 375 275 289 2304 431 618 1139 1581 841 522 500 318 504 2470 534 533 389 1385 2110 1622 957 221 373 2465 1338 2577 480 363 462 2083 10 22 25 820 218 220 223 241 251 291 779 1885 1860 671 166 457 98 436 56 2778 326 493 466 1926 268 680 297 35 405 2113 322 46 603 604 283 2496 795 119 458 1999 562 237 261 529 3068 316 512 2013 484 189 560 195 1438 857 764 292 230 909 875 594 1757 107 1723 130 1546 187 550 481 328 65 1355 154 531 394 16 18 1122 313 247 320 432 1689 102 2178 150 661 672 1147 57 2002 243 714 72 336 1326 450 1063 135 353 665 507 464 1115 474 176 478 485 367 199 939 165 151 2052 427 2493 1269 519 2160 803 3263 2353 802 486 179 2556 683 1 469 131 445 1959 2331 1603 83 315 587 296 783 1176 2780 1064 1118 402 1032 1332 3201 2517 2459 797 340 609 335 54 413 994 321 2510 390 267 1833 2305 370 183 842 904 446 2161 440 438 1227 1033 1165 2518 1931 982 1468 515 492 482 358 1333 355 347 2165 1600 26 399 1218 1314 293 2625 1239 526 809 848 845 487 843 365 476 360 784 1220 274 535 368 490 441 2177 426 420 418 2058 260 2108 1041 369 471 840 157 1142 459 2564 451 1140 126 342 421 2831 2303 1119 1991 1156 463 2462 2739 851 513 1231 246 337 269 1739 538 1363 3141 319 379 411 2180 461 854 1596 396 1755 397 400 331 1093 2171 864 372 483 2050 559 2521 2051 2746 2313 1206 1205 2311 181 1851 178 2312 2309 503 499 2310 1017 3404 1730 2143 479 1201 1202
1174 690 1573 1706 540 548 549 1596 593 1001 1040 251 2368 363 2047 373 378 1619 1799 385 471 2052 1782 634 157 87 118 409 18 1298 11 551 392 1359 860 900 286 250 246 2233 243 939 1544 176 474 269 141 3005 150 894 815 2056 275 746 2011 1972 1375 830 346 1417 1759 2332 26 295 262 487 661 1284 1661 622 326 1582 562 1089 261 529 2816 321 822 937 328 413 66 2167 433 1057 91 450 458 112 1128 322 25 1111 457 1101 835 671 366 560 1063 1704 445 2323 1064 187 510 2105 1679 1 1045 31 1807 2144 1851 478 452 834 1846 905 1134 486 1546 130 857 978 128 121 1632 1112 969 559 226 513 1231 464 389 1027 158 927 536 854 728 2412 1368 1313 844 1921 78 893 552 1363 1025
1175 357 2244 1181 3214 1089 562 506 702 842 321 1487 119 114 1134 46 323 322 553 1770 995 328 424 1019 714 199 181 478 176 1066 135 1243 450 1960 1114 1057 336 918 67 335 1804 512 709 187 1111 25 291 853 252 241 232 889 221 218 712 504 501 204 498 475 161 45 222 969 1632 130 341 824 951 2802 550 783 775 2070 2960 807 196 1695 2779 457 128 121 1112 1764 1351 243 541 540 854 260 208 193 703 585 157 141 1140 1139 90 431 685 647 152 586 314 1103 779 391 534 1028 270 389 255 1738 244 1557 202 1669 364 158 2470 49 593 348 1409 84 1774 1301 313 893 552 1569 817 394 1676 1222 1217 856 531 269 1025 246 1231 808 409 851 821 63 0 1592 1043 1310 561 209 1585 844 481 636 2178 102 432 82 612 900 80 57 108 1001 1055 428 606 604 603 3006 405 2950 35 290 543 283 486 1193 2190 1360 1528 1819 2064 139 1390 879 625 111 1282 617 65 54 1952 17 3102 769 261 2002 992 28 2434 166 1382 147 973 116 627 466 903 60 53 326 43 406 22 77 671 676 1829 398 1075 875 309 294 785 909 292 773 1110 764 195 191 189 1385 1288 21 1607 665 1483 2497 2025 591 1395 1788 126 285 697 696 465 356 1848 2045 746 1287 145 655 238 1753 233 935 720 1830 652 717 1238 1040 1276 1149 473 674 849 443 767 279 268 739 1800 2126 888 1392 1993 1550 1014 1115 467 1065 1011 165 188 286 1359 544 762 761 258 257 525 234 514 1927 1697 1147 619 105 1254 16 1253 662 10 436 575 239 872 1834 1163 1164 1166 1938 536 991 1369 584 33 327 597 2004
1176 345 2387 439 584 2162 549 917 748 1368 1751 804 1792 844 1310 1511 295 2 324 1600 70 85 275 1395 136 79 120 344 1581 157 124 1346 10 1617 957 1865 242 244 941 255 389 270 1422 272 958 276 2054 1221 504 2282 1296 565 1297 305 779 2523 2052 754 682 251 564 241 2349 2759 391 1809 150 967 341 3212 802 803 227 519 3052 2008 1269 1679 2343 42 322 1128 1033 62 2365 107 829 1242 25 1684 1271 1821 121 122 1636 147 225 835 671 1385 2409 1503 1165 764 1656 615 636 119 799 507 1351 243 246 269 1739 394 559 1363 893 1899 57 2223 2170 2599 900 395 1730 474 464 190 192 562 237 749 261 263 2119 316 328 2002 65 335 450 1726 1332 162 458 373 286 202 2355 795 1134 95 2161 1141 2024 2914 908 1158 215 235 1168 2037 370 1034 46 323 253 2014 3165 283 1988 1808 300 862 1804 568 1 1473 35 1747 36 858 1737 3164 1316 1065 467 1115 176 1613 178 1011 691 181 1204 1671 503 372 713 1014 665 837 1607 1657 413 595 2405 72 1283 91 1846 1189 1662 109 340 2009 646 2458 545 1019 510 2284 93 1429 1631 103 1823 913 2319 1750 123 973 127 128 146 1919 1037 903 1270 76 2049 2244 23 318 1125 45 47 48 50 1426 2778 2248 60 2601 75 1382 850 1639 466 28 1528 824 83 1757 88 2432 1723 130 1193 1293 187 3108 200 1374 296 909 949 169 366 180 2254 1432 1642 2147 560 706 1704 2255 2616 2403 214 807 166 222 1884 226 3278 2366 87 118 343 126 2321 1139 145 652 152 473 703 1877 141 421 2166 1255 647 697 715 1209 224 1861 3082 228 563 274 2016 815 289 1119 1424 717 376 1646 935 1760 1762 836 1289 2368 161 1290 171 173 175 684 3123 846 1673 1015 910 132 1055 49 1260 1834 260 528 925 540 541 2336 548 3 585 586 20 953 33 1758 2342 108 878 1677 2772 1463 2017 303 1362 1377 2225 9 13 1122 313 1254 1629 1253 319 288 1376 1864 2640 806 851 1455 737 1359 2233 247 1025 531 1459 1993 1251 808 1301 268 821 661 1922 481 848 1585 2038 293 952 2001 1183 2481 2099 409 1805 2294 2940 635 0 832 632 826 63 921 78 612 102 432 333 105 1580 2178 621
1177 139 1607 797 2459 1332 2517 665 796 3201 3256 2518 2338 450 646 135 452 1063 879 629 2214 463 444 1004 625 111 340 2163 1849 2310 467 1550 2143 188 2746 1844 2313 1206 1204 2312 2311 181 1014 691 1340 1731 2309 1850 1067 1202 1201 479 2520 2739 2462 176 474 1115 165 622 2037 2515 769 1046 752 1168 267 2568 263 261 237 1999 235 1833 2508 3101 2306 2305 908 2784 2116 707 370 2066 183 905 3404 472 2875 3102 91 2570 2307 1283 1057 2514 1326 73 2073 72 609 425 999 2167 67 335 424 65 54 413 328 325 937 317 1952 2081 15 573 876 2450 861 885 82 1017 1147 672 2865 359 661 461 351 156 150 2180 448 636 632 1791 106 2178 619 830 102 432 612 864 2175 63 61 827 2023 3049 333 360 477 527 2377 799 526 809 258 257 525 736 383 734 234 1043 514 377 1433 1585 848 983 2822 981 845 487 843 1697 365 481 470 1392 57 320 247 246 739 243 1353 513 380 379 507 1210 888 718 1020 2317 1733 2316 713 372 2051 2050 503 2315 499 3344 199 886 367 1213 1127 1025 3111 409 319 1254 313 1683 1122 577 16 3141 311 1078 570 308 1768 1363 303 817 394 544 1071 860 1741 531 269 268 1355 1215 250 458 1175 455 2035 1165 949 2430 1402 1931 2867 924 206 1156 495 195 1438 982 560 191 189 907 906 490 870 694 484 180 366 1385 368 750 1650 759 404 587 926 2213 3221 3050 3070 1179 1521 398 875 567 309 296 550 2187 785 909 292 783 773 1110 2298 2185 2297 1173 2780 483 688 1151 1829 1904 2778 420 418 2215 43 407 318 406 963 1111 590 589 588 31 25 22 21 403 792 2245 10 575 2373 2470 1239 2836 56 24 426 903 676 675 1146 671 466 166 669 667 654 2115 2028 457 973 1826 3220 116 2539 3129 3168 627 3020 2476 441 103 338 436 2475 3019 2434 28 2082 405 35 2200 19 2795 1032 8 402 1118 1680 1 2493 862 300 3136 297 1360 2130 2560 290 1223 1269 1870 283 2665 1867 519 3006 3358 322 323 904 119 117 2448 971 112 446 624 1036 2161 440 617 2498 438 795 2114 922 2950 428 606 62 3068 2496 604 603 2563 46 410 867 230 2160 2193 1723 1847 2192 833 435 88 2191 1721 2331 2190 2299 1603 2550 2226 614 613 2889 64 423 601 824 598 415 594 592 2123 1663 227 445 630 803 3263 2353 2013 802 709 203 1106 187 179 3099 170 683 2102 469 2125 1334 2793 3012 2647 2487 648 1193 454 453 131 130 341 762 53 768 1881 475 172 161 462 158 643 364 134 1963 1764 1724 634 3063 1761 108 3003 480 2577 2799 712 504 2049 1860 500 2392 498 202 699 698 884 1015 1669 2465 2464 186 686 2372 2387 94 2415 327 49 593 1388 33 993 2308 20 586 585 584 581 579 400 991 6 397 596 2416 597 901 89 1056 1604 337 1055 1720 1758 2956 1719 2204 427 2171 2574 1001 71 1185 2003 331 373 218 220 493 635 411 3092 286 1459 433 277 2153 215 506 842 1696 974 1822 14 12 1310 777 1805 497 391 1221 1216 1357 855 1869 1558 175 823 1103 376 193 87 1566 2441 505 943 2165 3 1871 2492 2110 520 255 254 252 564 890 738 244 241 232 511 889 957 508 223 221 1107 1767 2395 270 530 512 217 198 1693 915 2352 47 279 299 291 1625 533 958 272 757 1422 389 1416 2173 396 289 815 2199 1070 535 275 1468 816 747 2625 393 293 784 295 1711 2548 874 1395 2562 7 79 1132 422 421 2874 59 1035 1686 2166 1255 2827 522 3200 2824 2303 2997 1119 2846 2 399 401 465 685 482 177 2489 2196 696 697 1755 492 700 710 2084 375 1352 515 2559 358 2025 1333 356 26 1229 324 1600 1183 1715 3254 70 84 878 2342 1287 348 642 2554 2045 882 357 865 2674 90 1753 233 729 3126 1832 720 1752 1160 1830 1645 2696 717 1042 1041 2506 1040 1276 2497 703 2505 1701 1705 382 516 236 789 548 2932 541 3137 540 771 281 766 536 3172 751 1795 1167 260 1166 1164 1163 387 239 238 384 528 1149 369 471 1413 2502 1412 473 141 451 1140 1139 126 345 124 344 343 120 118 2500 2807 1305 2093 100 3171 652 459 1876 656 1142 157 674
1178 889 1555 1557 1558 232 2349 738 242 245 564 255 754 241 225 373 1553 2077 504 500 498 202 1449 1549 186 1668 2139 480 684 175 218 1782 670 389 1152 1086 173 1637 2296 1995 123 1037 627 2352 1823 441 1112 969 2021 588 21 1422 757 276 1624 391 778 855 565 1297 779 302 1077 10 403 1100 171 1506 161 113 628 115 118 120 124 345 126 1916 142 145 652 459 157 167 681 473 1581 1792 703 369 1109 1644 1877 717 894 1691 1483 618 1465 746 522 1026 1220 274 275 2087 285 815 289 816 208 2670 7 1119 1424 2422 591 1577 1255 1769 81 431 90 1480 1395 2461 2136 233 49 597 998 607 2003 1001 2171 2454 2100 2007 1957 1055 1604 1370 3063 1573 1539 631 1191 638 148 149 2460 1289 158 3194 593 1525 1103 236 1706 748 260 854 1938 758 536 1512 1090 540 541 1368 774 2707 548 549 3 2861 1369 579 581 583 584 29 2714 2336 489 2175 191 481 1927 514 1932 1588 1466 525 262 527 264 761 762 768 770 1945 2627 1317 1229 2165 346 132 1848 354 177 2489 682 672 2062 156 1551 503 718 2285 723 226 1025 2993 1993 911 2129 1575 697 308 1630 1899 44 411 1080 249 78 102 1791 448 1257 2180 9 559 2656 745 1240 2710 71 1280 1758 94 2389 2083 1076 1798 364 1611 1266 698 1854 501 223 1980 518 2467 252 254 2400 1378 1379 917 925 1941 753 1623 755 2199 1992 786 41 59 865 1913 344 976 1083 742 840 2344 720 1646 728 935 2032 1705 872 1879 387 1508 751 471 907 1550 1205 649 3081 2793 1334 1969 2102 170 1666 2046 3023 1616 2353 2284 230 1737 2301 940 852 2014 1871 1269 290 297 1808 300 2436 88 1113 1003 195 1997 2231 210 3021 2258 240 523 750 1650 759 1110 818 781 294 550 567 1523 992 32 1182 423 64 3257 1533 613 292 2746 1032 1079 2002 66 1531 1326 1282 340 879 135 3149 640 139 2517 2412 163 463 2208 2361 479 1973 1201 1202 691 485 3224 1204 1953 2452 1180 814 405 1685 553 410 46 1303 604 2681 611 615 795 1134 1381 968 3245 1696 2064 183 1492 1089 1649 1162 263 986 266 2810 1485 563 586 2385 2446 1909 95 617 438 1906 86 2682 932 2024 1398 605 603 1033 323 1825 322 1137 114 370 192 1582 692 2693 905 1383 799 3115 1306 1779 1228 119 117 2448 2151 205 39 1475 1393 2127 253 1559 2558 519 512 725 724 227 802 1977 709 201 187 3165 35 283 543 580 1423 2675 1473 1031 8 959 1 568 1470 1804 1074 1568 1802 1745 776 374 506 1497 450 1061 629 1005 625 741 1059 1846 1845 1057 1408 1053 1264 336 2039 1192 608 1965 1390 1765 2144 353 837 1007 659 2075 797 1967 1607 1606 140 1288 2206 138 646 67 424 65 772 858 280 1168 529 1396 261 749 237 562 235 721 2975 1501 1499 390 1947 573 15 2405 1717 1841 1320 1092 3106 412 486 328 822 321 1657 954 582 578 17 1601 1546 179 683 1382 153 654 1919 146 457 128 1784 973 1633 1914 116 915 1632 913 166 555 466 1146 701 1886 490 1699 870 694 1924 484 180 2169 169 978 2230 1695 675 671 866 1631 96 1364 40 407 318 34 1111 820 590 589 1299 1684 25 23 22 792 1125 2797 45 47 436 903 77 76 75 2248 1131 906 965 1427 418 1902 53 50 48 326 56 162 2845 982 1663 2008 1763 107 435 616 1054 1187 2923 2226 83 1532 2098 601 600 341 1528 626 1373 469 164 2830 1010 2488 3212 648 1966 2645 1193 645 454 637 1540 1374 2890 594 52 1598 1165 259 735 2184 2619 1402 722 719 1500 1498 196 984 495 1786 1496 1438 278 773 775 1714 1242 1950 1521 1839 951 2634 1102 2432 875 309 296 787 2547 785 783 1049 665 109 1069 313 18 16 1627 395 551 544 37 1359 1222 1251 2767 765 2015 1739 271 1376 409 1578 57 2179 636 635 2605 633 632 1367 106 2178 1366 1136 1272 1365 612 1820 921 58 532 1917 928 268 1392 1615 1097 1547 1545 178 1613 367 687 3175 1337 176 474 1115 467 1065 478 704 199 2754 1778 250 2211 247 2233 737 243 732 3017 1117 2232 1116 1673 507 207 714 372 1766 2940 653 150 84 1661 2099 2217 70 324 27 85 952 1774 1597 2 0 788 566 547 1712 2332 443 1287 224 375 505 1208 710 1852 696 358 3013 355 1777 2646 2931 1781 1095 641 348 784 546 2186 2869 1925 1493 844 487 843 2065 1771 1697 365 2286 680 679 360 1147 1400 461 351 845 1011 1926 1155 767 1651 526 809 2544 256 1590 1648 1935 1934 1043 1310 561 211 2617 2421 3086 2183
1179 322 474 1117 243 246 532 394 409 57 921 844 1065 3065 1780 572 1417 346 348 355 289 936 541 579 1043 1011 433 336 310 25 1684 2058 326 2603 1632 180 2848 1324 341 1373 486 1292 512 2785 253 1473 580 323 46 112 562 1668 373 1395 744 1127 821 2144 242 1181 954 779
1182 443 1600 696 275 2016 815 1777 289 1769 79 81 118 1677 288 1359 286 1739 1993 532 1459 928 1395 324 2635 1712 1561 303 1362 552 9 11 1298 1425 44 57 334 921 817 82 830 104 1366 1143 844 848 211 1935 2857 566 2072 2 102 1598 2432 1117 2725 2137 336 72 1531 608 2717 328 995 1954 390 261 562 1011 1585 1043 1040 1090 389 958 565 779 1072 91 1059 109 1328 226 723 1673 222 1552 1447 1014 1851 1337 344 467 243 1065 1765 353 2075 1607 796 138 1390 644 452 1061 625 165 124 246 142 125 123 121 1915 1037 915 1823 555 76 53 47 45 1125 43 40 2593 31 22 1533 614 107 1060 2008 341 1373 1995 645 1784 146 296 909 783 775 1110 345 759 807 2916 1998 197 196 1997 847 184 180 366 1086 2230 466 1382 1637 153 835 147 128 187 1499 1453 1230 957 373 202 491 1668 462 1055 49 1599 584 1738 4 548 541 281 987 748 1106 152 681 703 376 1646 3368 458 581 255 227 724 510 253 920 564 2238 1358 283 300 1464 1 1031 1368 46 1423 19 2894 42 553 617 1473 1779 754 322
1183 273 251 1298 20 815 1652 844 827 2156 208 109 802 506 1408 138 18 2997 488 1506 854 579 1103 593 49 1107 1104 540 586 9 486 341 1842 783 1637 147 187 146 122 121 2340 326 1111 893 128 510 13 2343 512 860 552 1025 1117 226 1116 286 452 896 1892 336 562
1184 3457 26 2044 339 358 492 505 375 1375 2 493 770 539 262 809 736 522 845 844 365 360 295 275 451 7 305 244 2048 2047 2577 480 3091 158 880 439 427 816 2171 596 549 871 369 471 1876 839 120 618 79 1129 599 661 559 1127 3580 1679 3579 179 1729 341 1723 2101 2299 1603 2550 414 1659 2189 315 926 857 2033 326 820 25 22 575 904 150 458 1158 320 1575 1768 1394 367 485 474 3189 464 463 797 140 1195 2812 72 66 328 316 390 2037 529 261 237 183 2337 139 351 495 1928 494 982 191 490 676 1931 670 122 1826 441 2177 338 430 77 2028 3019 1402 2430 415 992 24 404 587 574 398 2338 296 1173 2780 759 750 2035 1165 949 2297 1051 2473 420 1851 1731 1340 1014 181 2311 1204 2310 2313 886 713 2316 1733 2393 2579 513 1017 2778 2463 2739 418 40 318 406 34 588 1299 1730 31 2517 2518 1849 1011 1065 467 2462 403 381 423 2331 782 769 752 267 2034 1833 2508 2307 3101 721 908 985 707 370 117 2026 2305 114 2571 2141 796 879 625 111 340 444 2515 2708 73 999 67 595 54 877 413 325 609 2872 624 1822 2353 2013 1975 3023 1013 1546 2383 3263 3099 650 649 2074 645 630 445 88 469 2161 2160 2301 438 922 1398 2563 19 2676 1032 3358 8 1118 1 2493 862 3136 1867 519 402 246 1018 1025 1795 2118 2569 766 281 540 260 541 1595 1596 1755 2399 993 33 3295 1103 387 1706 840 674 167 361 678 979 1834 193 1830 247 1832 728 382 238 1042 49 327 329 204 2392 221 508 957 511 698 254 2110 1107 958 534 778 299 1622 1207 884 1015 330 597 417 331 2844 1323 337 94 623 2205 1761 660 1881 1446 1448 152 459 376 2502 383 258 526 1413 762 279 1043 768 546 293 2122 399 2261 2482 874 1805 981 156 538 860 395 893 577 1122 477 319 411 2023 63 619 2180 3383 1126 3254 1592 878 59 2843 421 2321 422 1132 1686 90 2807 2269 70 126 1140 141 2093 2166 2500 3151 1255 2805 1287 2045 177 696 535 348 2997 3208 2824 2674 2827 3346
1185 53 60 76 98 466 495 191 764 480 294 671 260 1797 57 199 708 3216 353 796 1846 2833 608 424 594 84 64 75 510 289 90 145 473 703 540 548 584 20 597 1604 108 161 475 202 504 218 220 232 564 1809 255 137 815 70 186 525 283 258 112 117 119 721 1954 2002 73 629 450 261 1011 481 165 63 827 409 633 286 372 1097
1191 3277 324 401 5 26 2 762 293 539 279 1651 1600 262 809 566 1183 1132 443 736 459 1038 142 141 894 1255 1788 289 535 275 746 375 1006 1095 1715 1504 18 213 1301 37 1122 157 1078 308 821 395 551 1363 1362 394 288 538 552 2882 57 826 211 1493 844 365 1148 1571 1921 150 104 102 1479 900 78 334 2223 1043 840 1441 471 2323 779 778 391 534 273 270 389 1107 255 251 248 244 242 919 1010 957 263 250 378 364 151 149 1167 1166 1164 1163 872 239 342 801 295 531 1675 464 674 508 220 397 541 540 925 281 537 987 260 387 748 1368 193 369 690 681 2162 221 993 593 218 373 698 1611 172 462 158 1539 1371 337 524 331 417 416 49 1103 1025 353 1866 2633 571 875 296 1838 783 926 1175 1708 857 2035 1165 807 1500 773 315 1242 64 174 1666 170 469 1198 454 131 130 1373 341 445 2008 1060 88 614 196 494 1102 368 1112 969 555 436 430 55 3282 326 45 1111 820 25 23 792 518 3129 1546 1915 122 560 906 701 366 688 1151 1695 1146 671 466 1144 835 146 457 125 121 246 486 802 1065 165 463 663 1007 1607 467 1606 1288 2163 1390 340 109 1958 2732 474 478 178 243 1895 380 231 851 379 226 2232 507 1019 1733 1552 367 182 181 1535 433 72 67 2270 2161 3057 1235 46 322 553 1 2673 1464 300 1269 283 512 724 458 187 1141 905 54 413 328 390 529 1396 261 562 1501 506 205 895 705 183 1582 799
1193 1222 1255 1476 1129 421 1132 79 431 87 90 1483 113 115 342 118 120 343 344 124 345 2422 451 1119 1395 505 375 224 2782 515 3190 1457 742 249 746 521 522 1220 275 535 815 1743 289 1788 7 142 145 1038 1795 536 1513 281 540 541 774 2706 548 3 991 579 581 584 585 1951 1756 993 33 854 387 1879 748 655 152 1828 840 167 471 473 979 1149 2532 488 369 193 1276 1238 1646 935 233 236 238 703 1853 492 697 1257 143 653 150 1400 2062 1694 679 1148 682 481 2417 365 487 2842 848 1585 1929 213 448 636 632 1791 409 821 320 1578 44 411 57 2170 333 1043 827 921 78 612 432 830 105 831 1366 1367 63 1263 234 1780 70 84 620 339 2891 346 347 355 160 357 1333 1375 358 685 2195 482 177 1612 696 1183 1600 324 1229 256 525 257 526 262 527 2159 1651 761 736 762 767 1943 1313 546 547 566 1597 2122 26 279 593 49 327 109 1114 1846 1796 1094 994 861 1787 1501 905 1034 322 1568 1269 512 227 486 1546 341 1012 1613 559 507 2 295 2528 1592 2425 845 844 680 621 1605 1479 1629 1253 1363 1739 1459 269 1231 1249 851 900 126 978 128 754 1107 855 1562 1985 270 1986 273 272 958 1028 276 1987 1221 1624 778 565 1100 2774 1868 255 853 1214 123 122 1631 1270 965 47 820 889 1557 1636 1865 232 2349 241 242 244 248 1738 564 1809 1558 319 157 841 634 1191 643 149 154 658 927 1289 158 462 1798 172 173 175 475 364 2799 1338 1611 880 1573 1762 1761 597 599 417 331 2512 998 2844 1442 1323 1266 1280 2007 1055 1604 1056 434 439 94 2387 2826 1406 1581 185 883 520 251 1981 2049 161 838 108 416 1599 953 586 549 537 987 528 1834 1260 729 1368 2052 389 533 534 1669 884 698 897 1894 2078 202 501 504 491 1617 1553 218 805 286 220 223 957 779 1296 373 1254 461 1122 749 237 1089 562 2305 215 1158 2537 908 506 374 1584 705 702 2064 2999 458 1770 1228 261 263 986 529 2405 1956 595 2717 1278 412 328 995 316 119 954 1316 15 1178 2571 545 2037 769 752 3214 2712 2002 117 114 553 1302 2895 405 1381 580 1031 1 1470 1679 1464 1804 2057 2365 300 1808 1360 2949 290 323 46 1128 1033 1485 112 2161 2446 1822 617 1134 795 615 2448 932 428 2024 606 62 313 605 604 603 419 1819 543 65 335 1733 713 372 199 886 704 367 1017 1392 1016 181 691 1340 178 956 478 176 1336 474 2881 723 1116 806 1251 538 1740 1217 1993 532 928 268 1778 3112 1561 1025 2529 247 246 243 3017 2908 1864 1351 250 424 1115 1445 450 834 1061 629 447 340 1059 622 91 1283 1057 1408 1389 1264 72 1718 999 2167 67 1063 896 1192 452 1065 1011 165 464 665 162 662 1332 1893 467 1331 1607 1606 1288 139 796 646 1965 640 135 2075 283 332 756 701 1642 1432 1583 1924 484 180 1385 688 1151 1829 1258 906 676 671 670 466 1382 153 835 147 2028 457 121 1915 1037 675 1486 191 368 571 875 567 309 1519 296 550 1838 1516 783 990 1175 560 775 278 1510 1650 240 1402 1157 1502 495 1786 1704 847 1102 1708 915 627 1632 22 21 403 1628 576 310 1077 1359 288 1377 544 394 23 303 1569 551 1768 552 2225 395 308 570 9 1627 16 18 1362 25 1684 31 2352 913 1112 555 97 96 93 436 430 76 75 2340 426 60 1131 1905 1904 418 1426 51 50 48 326 1364 318 899 1111 760 951 2432 404 2487 1542 648 1193 454 453 1664 131 130 1373 1663 88 650 616 1603 2226 614 1532 1002 3187 3051 824 598 1528 415 926 1054 164 469 179 530 3114 2127 253 2785 2443 852 519 1024 940 1021 510 724 850 2284 2658 217 803 802 200 2292 198 887 1616 2334 187 1293 819 32 997 28
1194 575 202 2048 698 491 1732 1266 480 364 684 1609 175 171 10 1290 504 2368 462 2295 158 1289 792 927 634 2387 439 1056 161 159 373 22 337 779 565 1296 778 391 276 958 389 1107 1782 2052 754 1617 520 251 564 248 244 241 2349 511 2104 957 225 221 220 218 255 23 1604 1684 529 267 1168 1787 1046 390 2570 545 1316 261 2452 316 3042 328 413 54 2002 828 66 424 954 335 388 215 1235 611 615 1134 438 617 95 440 2161 237 112 458 558 799 905 2914 183 895 506 1159 119 606 608 1531 162 665 463 464 165 1065 467 1115 474 1332 176 178 1014 181 485 182 1418 559 367 886 1613 2424 1765 1726 72 336 1053 433 1057 1283 91 109 340 837 625 3038 450 896 135 1390 796 1288 1607 797 1061 605 604 1034 1838 1177 550 309 567 2432 1839 404 24 909 1598 992 2123 1840 594 613 2331 88 2101 107 28 833 292 773 466 671 168 2609 1151 688 1385 180 2254 783 906 847 1928 1156 1165 2035 812 759 1708 1110 191 1723 2008 445 543 1568 1808 300 2365 568 818 1 959 1269 1031 580 36 408 2022 322 323 46 1128 1033 1473 283 756 1393 341 1373 645 2074 469 170 179 1546 486 1293 187 200 802 803 227 510 512 1421 519 253 2198 1552 166 199 1733 522 275 1743 289 1395 7 1255 79 81 515 431 90 618 1483 894 342 120 343 345 126 2497 1139 375 696 279 767 566 295 0 2 1597 952 26 505 324 1183 1715 70 84 85 620 443 339 1777 1600 1511 141 152 540 541 548 549 579 583 584 1599 993 771 49 417 331 69 1280 2171 427 1758 2100 1055 596 142 925 536 157 471 681 473 979 1581 488 369 193 281 871 2136 935 384 748 387 260 528 1172 1593 376 1239 809 258 286 1222 288 1377 544 1469 394 817 303 538 1363 1768 552 395 1575 308 9 1078 11 1627 551 312 1739 1459 507 1350 723 226 806 1351 1864 379 851 532 231 243 2233 1231 246 2529 250 268 269 928 513 18 1122 320 1275 461 661 668 359 1147 3049 680 476 150 365 844 1493 845 493 1585 211 213 1043 736 487 2180 636 635 44 1127 57 2223 2170 333 334 63 921 78 612 82 432 1272 102 105 831 1366 2178 621 632 372 25 272 1144 97 98 555 969 913 1750 915 121 92 128 975 667 1382 669 130 242 941 945 457 436 103 1271 31 1299 820 40 903 45 47 326 48 50 43 1131 60 610 75 76 1270 1749
1197 247 246 243 380 231 1117 507 226 222 1018 268 372 806 1739 1907 1363 395 9 11 319 320 333 827 334 900 102 150 939 394 199 2002 474 263 1168 2708 1954 994 2274 328 661 66 335 2167 72 336 1846 1797 1059 1061 450 1892 135 140 797 2338 2288 1893 162 1011 367 360 79 844 528 1170 549 2572 20 793 993 417 1762 1725 136 462 364 491 504 218 220 225 957 241 244 1621 1738 564 2423 2054 779 387 365 2698 1042 2425 848 809 770 293 295 324 1600 70 2263 84 85 878 3013 1375 358 375 275 815 261 342 344 124 345 459 1581 1792 376 388 790 562 636 526 289 976 1083 541 584 49 1055 158 202 255 93 237 10 2247 25 1299 820 40 45 326 2248 105 2319 830 57 1823 824 83 130 200 1464 1381 1134 617 112 67 1057 110 625 1390 1115 176 1993 286 288 18 409 44 63 1429 792 103 969 829 1757 88 107 341 1373 170 802 803 227 512 283 1269 2123 300 1 19 42 553 322 323 46 795 305 438 95 119 458 799 2365 24 1051 292 366 404 1385 671 466 835 128 441 2841 2255 2616 212 807 259 949
1198 222 834 551 211 450 675 25 326 1500 130 512 12 842 328 65 424 335 1408 622 2291 348 941 431 275 385 443 478 1326 336 391 389 158 586
1203 820 40 45 47 326 903 1429 98 121 25 1744 96 102 900 827 1301 1810 313 1122 312 394 362 170 1198 1763 1757 592 1179 292 189 2169 671 466 832 680 481 365 756 850 779 391 273 389 251 373 500 260 166 748 157 152 1139 628 2497 1130 815 275 84 2263 1307 1144 566 835 1168 1162 1158 702 1306 428 46 553 1118 20 282 1645 105 288 1739 507 336 388 510 2779 180 1153 1921 328 300 2833 1101 268 335 2243 246 808 851 806 226 222 2280 379 860 1066 165 353 837 138 135 452 1014
1204 261 2534 2116 799 568 1134 46 580 1168 458 323 165 954 328 335 72 336 1264 135 796 1065 467 512 474 1787 187 53 1546 485 21 25 318 45 326 1426 1131 426 457 466 1385 775 783 28 997 1324 613 1407 2299 2331 1723 341 131 645 1542 469 486 559 2529 372 504 254 779 1100 565 778 2282 533 1107 2052 754 251 744 2171 957 2390 158 89 69 998 49 993 579 549 987 854 260 382 364 331 1103 586 22 3226 555 191 990 8 322 905 2570 999 139 463 1016 817 1578 539 546 547 26 492 375 275 815 1129 118 120 345 1581 541 502 1392 369 841 150 102 432 333 1127 409 13 893 395 1363 394 2129 1459 365 531 2243 246 1231 808 737 243 380 851 1351 806 226 222 507 269 487 844 1585 361 167 157 459 342 90 1785 7 1395 285 535 1023 1006 348 443 70 2 295 293 874 2528 279 762 1511 257 525 383 1504 1310
1205 917 47 56 51 48 326 433 45 1125 407 406 1111 590 1299 31 25 1131 23 21 1628 2222 1946 1813 548 549 581 586 953 993 1318 955 593 22 49 426 76 189 906 701 484 688 1151 675 466 166 667 1144 835 147 1101 75 128 2939 1037 627 1632 913 1112 969 555 92 436 903 1271 1749 1270 973 327 596 597 1338 1611 202 498 2392 1346 500 501 504 373 218 223 508 225 480 1558 241 248 564 251 252 254 255 1782 270 272 2423 533 534 391 232 364 2390 475 1321 599 901 2512 1093 998 1530 69 71 1001 1323 427 1265 554 2956 1758 1055 1609 175 172 171 1290 161 191 159 634 2575 108 89 1056 1604 2295 291 1102 1928 1582 842 905 799 2783 119 117 112 1484 95 617 1134 795 2355 1640 2496 419 1033 46 323 410 322 2022 553 408 39 405 35 1576 1679 604 2057 1643 1584 1094 67 335 424 828 2002 1278 412 328 994 1952 876 1178 782 1087 390 1168 986 261 1044 237 1089 562 235 733 1158 2877 506 374 2116 769 2365 300 1568 1532 1279 423 824 594 992 28 2434 404 3073 1315 875 296 292 83 1262 773 764 2185 857 1045 2418 523 735 2618 1931 1502 206 197 196 1944 1757 88 107 297 283 253 519 512 510 201 200 1616 187 1293 1341 3090 486 179 1729 174 1763 341 2436 137 645 1193 195 3139 1334 1199 164 469 1104 1666 1198 1296 565 1297 2180 150 156 672 470 481 1491 844 1495 983 211 561 514 1504 1257 1590 525 257 1239 279 2528 1836 539 1943 1313 546 293 2626 547 295 256 0 448 832 3043 1377 392 394 817 1363 551 1768 552 395 1253 16 18 1122 2883 313 409 320 1578 411 57 827 334 2224 78 900 612 102 104 621 319 2 5 2549 473 488 369 193 1276 502 376 720 2567 935 2032 1260 516 238 681 239 1834 1163 1164 1167 854 1795 528 987 1940 2118 3032 536 537 540 872 471 1142 656 324 1600 1183 70 2044 1537 1287 348 1776 355 357 697 505 715 515 746 1623 152 1038 141 451 342 2497 538 59 1991 289 285 535 1566 275 891 1739 1217 271 371 372 1215 2225 1580 1488 351 461 365 1697 493 383 736 1511 939 1048 177 696 492 710 375 522 1468 2354 816 1255 1129 90 618 126 465 1552 1392 1016 779 318 53 338 2115 560 368 278 2432 926 3370 997 415 445 130 453 362 1007 2458 1243 1962 72 66 142 317 192 1696 446 968 8 543 985 2039 1261 991 1066 1335 467 474 176 178 1340 1014 1550 559 367 199 1733 1020 1011 888 507 1351 851 513 3004 243 1231 246 247 2529 250 524 531 532 2126 165 464 463 1405 314 1103 329 417 439 880 158 1266 204 244 1057 1844 1114 109 111 1005 665 162 1765 541 353 1726 1755 1606 139 640 135 450 879 447
1208 243 2174 1128 1033 419 2092 606 1227 1822 95 119 46 1306 905 183 1087 215 1833 1162 388 749 263 799 2397 322 42 803 1618 1349 850 510 2198 810 756 1767 553 1870 290 300 2365 1 1576 1473 19 35 39 1269 802 267 1787 1337 1850 956 178 1340 181 2279 885 713 474 507 1116 226 806 1351 1117 379 851 231 380 222 1168 467 837 858 3102 282 2081 1181 954 316 828 335 1849 68 336 1846 340 834 1892 452 135 640 797 3001 179 170 1198 1270 1749 1271 903 2363 92 1631 97 969 77 101 103 2476 913 2352 1632 1750 1826 121 122 1112 123 76 2601 2470 2244 10 576 21 23 25 31 1299 75 1125 47 326 48 50 1903 1131 2248 60 2249 45 1995 128 146 3045 592 594 64 1324 1757 1603 2006 1842 296 1113 3581 1722 1723 445 341 1374 2644 131 645 107 550 1177 2379 147 835 667 669 168 1153 2254 490 906 907 982 196 1931 807 2033 523 988 2185 1708 1944 292 808 51 739 818 3082 1861 715 801 358 354 352 350 349 1068 2265 1600 324 227 2 293 1511 526 809 383 1183 213 515 275 361 157 152 2564 145 451 126 124 343 522 894 2093 1304 431 59 1424 7 815 2016 535 2807 983 2822 845 311 1078 9 308 395 552 1363 3205 394 893 288 859 1376 286 538 2015 532 531 269 3111 860 313 1899 319 365 1921 150 832 105 104 102 82 900 78 2146 63 827 333 826 57 411 44 1126 821 1810 1307 1025 2339 1830 1098 244 225 218 373 698 491 1732 364 245 684 175 173 171 1200 1290 161 159 2368 2295 1609 1289 2919 1738 246 2371 305 302 299 298 779 391 1625 248 287 2370 272 1219 270 389 520 1809 251 564 3018 836 154 136 1103 955 2714 33 793 1756 585 581 4 49 397 1888 2273 925 854 1834 729 1368 1160 376 1755 596 602 1529 2278 1725 134 133 2277 638 129 1764 1724 1762 3063 1760 2415 1604 337 1055 2171 1186 69 1441 2844 193 2243 2122 565 1866 221 1203 375 878 2676 566 2378
1209 1102 206 1498 1182 1695 1528 648 486 187 724 756 1074 1 1473 603 783 146 2828 128 1011 646 625 2819 112 2446 323 88 2847 2035 984 1633 326 31 403 604 555 457 1822 782 1116 505 346 443 1597 788 527 1310 211 680 375 636 58 313 18 551 1766 559 1097 467 665 104 41 618 141 996 424 1057 779 1553 373 504 1076 158 1957 1442 1091 1405 991 2202 1513 748 1506 208 1038 142 1396 353 1351 1249 851 1985 541 540 2412 1284 2186 2065
1210 632 900 78 827 57 409 2592 552 286 1677 1739 246 243 1351 1005 487 1255 1362 213 952 70 1252 779 1809 564 242 910 955 541 1310 1368 1042 193 841 289 275 1556 1375 878 208 2749 226 1011 367 1308 671 146 128 1995 125 123 404 555 1749 77 76 1364 31 1684 23 21 2319 107 214 510 1332 1061 109 73 954 2816 341 562 1584 261 119 112 617 1033 46 323 1381 283
1211 46 1715 275 157 236 1785 326 1597 5 1712 45 641 557 1852 1623 1026 1297 565 389 518 1558 1557 788 1555 547 2080 912 1080 58 1257 1917 680 2065 1585 211 561 1310 1590 256 258 1651 2071 1230 1981 889 208 841 1490 1489 681 167 1083 1142 656 152 142 1483 618 1478 1577 935 1647 748 260 373 1617 1449 1668 1266 1611 2903 2055 1971 69 416 593 1599 29 548 987 1001 1294 1229 1231 1373 1193 2125 1546 486 2234 187 1616 512 1421 1268 760 1470 568 818 626 1031 88 992 1477 1486 978 1102 1498 1500 1930 1933 278 1045 857 775 250 783 1598 824 1473 781 2682 447 1243 796 1288 1606 1007 663 163 1066 478 691 3145 2752 714 932 1005 1961 1011 336 968 625 617 2446 948 1696 842 1582 1228 1089 986 529 1787 1312 506
1213 394 566 1945 2068 967 82 827 285 1648 1424 1015 2336 1888 3008 1441 1325 158 1782 1107 391 269 157 243 750 1351 25 1111 1426 1131 197 1435 1838 645 1196 2343 1117 1909 446 905 1582 2962 2005 622 138 1007 714 226 1912 779 837 1896 124 345 142 152 1581 703 1646 1260 1647 260 854 1170 1172 536 1277 344 120 118 894 696 1452 375 1068 1354 275 2016 281 815 1395 7 1785 1130 79 431 2150 1788 540 541 548 838 684 686 2242 2817 186 1854 151 1344 373 1553 1621 251 1868 389 273 897 801 149 643 4 1369 584 585 20 2399 793 1727 2573 2287 49 599 825 2346 1001 1191 2714 1624 1375 2792 2243 1025 531 1459 532 1993 1217 286 1376 859 860 1359 288 1377 817 246 1231 380 231 1893 165 1115 478 691 2280 1855 1362 3147 507 222 1116 806 1864 379 851 713 552 9 893 636 150 680 481 844 1793 1585 632 1932 2546 26 324 70 878 2805 2265 258 1665 832 105 11 312 646 313 1810 1301 409 831 57 900 432 1272 2469 2216 104 1824 63 1296 18 1842 2785 512 2442 1454 850 1979 1349 802 1977 810 200 2149 187 486 174 1198 1542 1193 341 1722 198 756 283 1744 235 1158 2537 205 702 842 2271 2239 1822 1134 428 1128 322 553 1747 1124 1898 1381 1473 1464 2057 107 1044 1113 64 835 147 1919 146 128 1995 121 1037 1884 1382 2252 96 914 1905 1900 326 1125 2594 1364 407 555 798 671 1885 824 594 1955 992 3388 1656 875 309 2070 1165 807 1402 216 719 1157 196 2231 847 982 1641 180 1324 1649 183 986 263 640 135 452 896 1892 2337 1328 109 1891 1114 1189 2157 1797 834 1283 282 91 791 1316 2716 66 582 68 72 336
1216 1765 1065 1332 662 464 1011 1331 467 691 1336 1337 479 1201 559 1016 353 1552 1115 837 767 1607 2549 1658 3366 566 547 1653 499 1780 1726 1043 2842 2613 844 2329 109 1061 450 135 209 507 1362 2233 313 1425 409 57 2597 80 612 432 2469 102 104 831 1366 832 1791 636 1600 1122 2935 11 893 1866 246 2243 268 269 531 532 1217 243 1222 817 1363 551 395 1253 1575 1257 308 394 2482 1359 1343 1611 364 158 151 2880 1191 108 1371 1957 1001 71 1530 1321 416 327 49 29 897 202 500 373 1297 565 291 391 534 389 1782 2052 585 754 255 1809 251 1738 242 241 1557 223 1868 355 584 541 1304 2497 87 622 431 1478 1785 1424 1119 2670 289 1462 2087 1354 224 375 1852 113 343 344 345 540 537 1277 1172 1795 239 384 720 2336 376 1644 2339 488 841 473 2503 157 142 208 2819 775 1094 1647 1368 878 1805 2628 1511 561 1585 1143 105 900 2146 63 827 1301 18 13 854 1627 1378 1439 121 1112 98 1131 914 1081 420 418 326 47 2145 25 3064 270 2349 1668 1441 4 1789 9 552 1320 1814 1057 1114 2729 896 1606 1728 1066 3147 1116 1351 851 1231 1025 2993 286 1937 1158 1431 553 1676 31 969 1632 1037 1995 146 835 122 1258 783 107 1666 174 486 200 510 1464 1414 973 128 147 605 1128 46 322 405 1898 1381 1423 1626 568 2534 297 283 2238 512 227 2284 1398 428 615 617 66 2002 2405 1092 996 328 994 1180 802 1522 1312 1168 2305 2990 3453 895 1383 1137 1316 336 201 187 214 1930 212 2067 196 2231 1102 906 180 1385 688 1151 1885 1695 1146 671 1144 1165 2035 764 1377 2790 1292 1246 1373 2789 341 613 829 1342 1324 1528 1467 1242 2847 875 567 309 909