all_avg_price	period_avg_price
134.21	155.32
180.52	167.39
172.86	206.88
130.29	159.25
196.50	261.67
188.78	173.78
89.03	85.34
136.53	126.62
86.95	58.35
201.33	181.67
351.70	404.67
196.23	83.70
64.15	58.64
651.98	781.78
49.93	53.13
3860.01	4248.10
206.74	224.62
120.45	131.33
575.52	873.87
93.72	98.84
271.00	286.30
174.03	131.94
900.21	1064.91
109.61	80.83
293.22	236.79
256.15	230.75
194.55	159.03
204.92	150.53
479.11	266.00
220.65	227.83
78.08	80.84
214.12	211.49
291.91	237.09
146.79	89.00
240.00	223.82
189.54	177.30
148.52	33.45
168.88	193.27
79.39	77.73
235.45	261.88
83.44	79.97
108.07	106.24
1497.76	1254.19
144.00	163.35
150.44	148.58
463.00	451.33
478.94	286.40
53.56	63.45
269.47	280.06
53.92	37.34
779.62	366.53
283.36	296.29
1139.18	285.80
862.67	863.14
292.09	292.25
114.57	129.75
2062.80	2341.08
1001.79	1221.39
263.61	282.25
459.17	524.67
290.73	302.74
504.88	304.33
263.37	262.89
368.90	223.93
510.14	333.25
76.00	69.33
268.39	211.84
883.13	833.41
121.46	123.92
234.17	229.87
240.96	247.14
85.93	61.27
655.17	1165.33
98.48	110.00
196.09	272.23
306.51	284.24
72.12	73.60
220.27	208.43
89.18	87.73
3626.00	1683.86
416.45	129.24
320.27	466.65
186.14	214.76
279.44	81.40
189.68	78.25
202.43	358.33
155.50	95.33
211.39	215.70
121.66	119.25
136.60	159.86
693.89	603.33
1473.89	1291.17
101.97	125.50
256.08	302.25
267.12	243.50
389.12	541.40
313.82	321.00
1719.16	2651.44
365.00	397.83
153.40	184.61
88.81	41.44
97.40	98.75
349.09	324.75
724.83	611.41
176.27	242.30
437.88	168.76
201.99	239.33
175.29	173.83
425.55	1069.00
50.20	38.51
101.89	97.73
191.30	206.86
568.27	656.00
64.41	69.62
579.00	666.75
202.69	136.20
83.52	87.95
113.83	103.33
52.99	56.07
199.76	215.01
390.46	416.58
107.68	122.79
99.96	39.24
120.79	96.02
61.00	29.89
208.72	207.78
896.25	1265.33
708.51	778.04
374.13	380.95
306.71	253.00
542.12	606.40
240.56	294.76
290.55	300.08
719.22	486.50
267.57	288.25
203.14	168.12
278.21	195.85
220.03	299.71
93.29	102.27
129.30	151.72
114.52	116.36
161.20	152.43
369.91	535.43
105.99	116.66
1013.30	1035.33
483.55	144.13
52.16	60.75
612.60	751.00
181.20	234.46
136.25	114.06
269.44	372.40
577.50	356.75
366.48	420.82
192.02	174.74
407.11	372.07
165.80	189.67
286.85	265.04
109.57	105.27
277.12	282.20
430.36	457.46
264.38	267.84
69.01	77.08
845.00	825.30
161.93	216.92
152.41	148.19
68.64	59.64
245.35	242.40
167.30	84.16
284.97	86.22
271.97	252.50
376.62	453.80
514.11	608.17
52.47	29.68
311.07	308.80
66.03	92.70
307.04	315.50
379.78	600.88
468.19	528.15
278.19	282.80
326.46	291.56
151.59	117.09
149.49	119.90
72.72	42.19
249.18	284.50
271.06	229.75
382.34	336.45
556.31	567.69
208.00	304.86
376.46	352.44
182.74	155.18
201.39	265.66
5276.37	4875.69
204.44	218.00
473.59	406.41
275.07	277.85
552.43	859.75
87.97	86.93
202.43	146.00
287.41	287.91
245.40	253.29
205.67	226.25
377.69	327.88
1396.78	1430.20
542.87	750.47
385.66	191.22
449.69	365.56
128.96	152.60
233.91	280.69
624.46	650.00
225.88	208.66
617.85	802.14
355.96	368.40
502.20	632.38
83.76	58.46
216.03	251.69
112.55	73.01
210.21	322.00
64.18	41.12
414.52	374.49
175.75	193.38
105.91	105.01
191.41	152.56
70.06	82.69
105.27	103.99
227.56	226.15
271.83	402.67
1152.21	1240.79
211.27	227.62
180.59	172.58
444.80	457.00
2436.20	3175.67
270.50	225.80
536.71	610.33
2745.50	2411.94
185.24	143.56
56.80	80.33
79.13	65.28
81.13	42.97
517.92	423.93
166.56	136.22
140.19	156.75
101.06	108.35
361.69	215.38
179.63	195.40
125.90	109.42
153.73	159.09
92.20	76.15
43.24	29.26
374.50	384.75
72.59	75.67
241.89	308.15
142.71	144.42
1713.59	2124.24
282.87	278.20
201.29	205.82
98.09	110.20
288.27	259.50
34.71	33.36
228.39	240.06
162.00	65.00
170.11	172.30
189.57	202.57
138.65	191.67
291.10	249.29
327.47	304.61
166.35	144.98
169.88	197.16
182.09	188.69
269.43	313.73
185.72	162.54
228.96	243.33
49.86	57.55
231.69	222.57
126.34	129.75
250.67	159.00
203.29	137.67
35.36	14.45
409.09	518.76
310.67	206.00
653.47	783.25
2248.43	2585.75
52.99	67.09
155.11	151.33
137.90	191.67
279.35	299.09
188.28	180.71
53.55	58.30
185.73	172.30
167.83	120.32
207.49	207.23
124.63	208.67
456.09	651.76
474.47	457.22
257.76	185.69
307.57	305.25
1878.29	1646.41
1256.53	1772.77
189.82	215.16
15862.42	21367.06
80.22	78.14
2311.54	2739.40
85.50	78.00
304.45	328.00
514.94	665.80
174.44	133.55
371.88	493.09
132.33	124.32
513.92	466.75
257.12	245.68
593.12	1067.64
256.86	230.75
152.70	150.01
93.52	108.64
267.85	267.42
2957.78	3017.00
410.42	490.02
108.62	124.33
253.12	152.00
87.96	94.46
120.78	123.06
119.01	109.77
289.94	295.16
389.00	434.88
144.18	158.13
245.45	249.92
378.11	471.08
101.45	113.85
324.18	344.73
66.03	58.97
149.80	162.14
312.14	292.75
315.48	390.74
133.21	139.98
498.45	493.53
175.72	192.17
120.35	135.20
363.52	445.92
34.86	55.57
495.33	231.33
246.70	336.67
46.92	43.15
96.03	108.07
130.95	129.59
109.91	75.83
515.21	621.62
413.61	499.00
245.47	181.99
329.41	278.38
85.59	81.94
180.06	173.43
1297.81	1022.37
290.70	297.90
119.11	103.60
209.63	204.72
87.73	74.78
127.02	211.83
329.56	329.17
281.74	278.58
641.68	718.71
173.38	115.30
386.86	349.28
123.12	87.30
236.50	225.80
1047.03	1593.06
78.00	83.50
259.60	358.40
140.51	137.35
693.65	941.36
698.32	594.09
274.24	287.07
229.75	77.25
134.43	126.03
86.59	65.35
1017.33	299.00
223.58	248.12
330.96	358.61
111.09	88.16
98.53	104.76
119.06	131.75
519.00	130.50
340.51	34.33
203.78	169.88
228.93	244.73
93.76	125.78
225.87	111.67
226.17	235.67
315.86	408.25
185.41	219.12
131.87	145.80
331.33	100.19
134.51	140.78
101.10	97.97
702.08	706.66
302.05	129.79
147.71	150.65
209.85	138.96
196.93	208.25
83.24	90.11
148.11	163.29
495.43	403.87
214.52	93.33
67.03	36.87
356.96	310.76
124.76	151.66
550.30	971.04
266.99	242.65
36.23	66.97
186.88	255.00
274.43	267.10
301.83	198.87
120.14	49.00
232.26	219.83
321.75	355.46
289.23	337.30
188.92	208.96
53.36	48.68
64.40	45.88
207.51	176.41
289.09	422.50
167.60	132.00
364.75	344.38
152.76	153.81
112.96	119.74
208.58	205.76
183.67	204.00
330.36	268.50
61.65	56.04
139.09	166.56
160.20	154.80
480.93	567.78
44.14	42.17
194.81	273.93
770.00	1472.17
138.92	138.36
370.88	208.60
168.08	171.17
1330.77	1817.86
277.38	289.80
415.63	492.80
149.40	145.32
268.02	473.12
172.40	105.50
1763.38	2026.54
673.39	701.74
126.81	127.22
180.88	193.19
67.41	65.00
257.78	345.00
59.88	67.38
1239.92	611.80
190.56	180.00
332.31	250.95
227.05	165.45
216.63	278.13
244.31	193.00
165.12	187.20
397.66	415.66
345.15	373.78
79.96	58.22
1355.52	1525.00
209.53	69.45
199.68	239.47
902.40	972.91
58.46	31.81
109.12	108.00
112.63	114.37
218.44	237.39
157.18	213.62
829.25	975.14
236.18	245.25
130.95	134.65
189.72	114.20
122.15	123.06
203.67	196.60
2093.87	3056.50
211.50	119.10
396.53	399.60
164.26	25.00
340.87	323.07
212.61	146.22
218.39	141.19
781.79	819.14
229.57	318.00
191.67	199.50
1490.36	1526.98
299.30	350.40
157.84	161.68
176.23	179.30
125.93	101.25
409.77	401.98
121.38	93.10
137.97	40.93
222.05	186.83
214.48	220.59
215.74	220.94
903.59	1043.14
2193.38	1792.52
172.33	191.94
255.00	336.00
155.76	146.33
35.47	36.14
184.94	255.13
76.37	44.45
220.00	206.50
150.81	162.99
148.84	158.54
1411.62	447.67
116.86	65.16
310.77	141.65
166.66	246.50
837.84	576.98
377.45	220.59
193.20	296.60
139.99	136.84
652.44	708.82
1180.44	1592.33
176.10	164.19
333.46	330.12
1593.71	625.67
1248.78	417.25
267.15	298.83
176.71	280.33
923.82	1219.00
930.88	1003.71
1359.05	1165.84
125.36	140.24
86.33	77.43
83.99	80.33
360.12	327.56
128.90	136.86
105.97	112.46
409.19	366.60
178.79	185.37
89.30	65.97
77.57	100.25
281.28	243.80
109.09	109.27
486.40	434.17
513.81	466.00
123.45	151.75
31.40	35.05
124.68	104.55
67.83	62.60
345.09	384.71
487.63	527.27
112.45	111.67
158.89	156.13
199.11	193.43
300.25	262.83
270.78	311.06
172.44	172.30
3929.42	6063.37
881.20	457.50
123.44	126.98
91.46	102.00
6222.33	5964.14
289.50	257.00
84.43	89.91
301.80	339.50
561.98	1369.33
268.21	285.13
660.78	764.00
90.98	88.59
484.38	464.00
109.09	179.17
202.77	208.82
11675.08	15600.44
13.59	4.09
136.75	156.75
142.90	148.65
103.97	113.45
183.12	232.32
251.96	269.15
514.85	636.45
572.10	641.90
138.37	195.65
107.69	110.60
1382.62	647.00
37.74	42.39
387.00	627.40
139.14	137.82
180.23	237.17
266.56	277.41
300.86	311.27
194.80	190.43
48.45	40.79
173.62	125.00
80.24	83.45
504.67	635.24
145.43	134.78
122.57	132.86
92.97	95.12
42.86	46.50
371.95	416.12
74.42	68.44
143.60	112.00
59.65	62.20
83.43	95.48
232.39	240.80
272.30	179.74
181.57	145.67
158.10	156.68
230.58	235.00
271.02	289.98
462.14	642.97
287.64	303.73
254.13	300.21
100.98	126.48
117.31	100.85
152.33	181.67
672.52	912.12
137.49	130.01
152.32	71.38
558.22	661.95
63.16	69.81
260.76	308.47
262.38	244.50
78.46	94.76
212.11	179.81
217.83	192.43
76.50	40.34
479.86	146.61
408.72	357.84
188.08	127.83
201.20	117.69
413.57	474.67
90.62	102.09
145.80	131.67
100.11	96.69
233.11	204.73
92.24	114.45
124.88	103.82
741.83	963.86
68.08	65.63
182.95	178.96
174.91	153.00
628.57	411.25
8602.33	9072.67
396.50	238.67
502.29	416.92
297.90	299.21
505.34	522.92
181.71	184.17
244.43	105.67
386.00	390.00
307.22	466.00
4068.11	3617.00
155.84	216.25
194.77	193.98
133.45	106.75
396.50	462.00
52.22	53.00
136.25	143.00
250.44	253.00
247.89	145.22
209.31	200.36
2433.53	2624.59
326.93	449.71
170.68	178.12
248.24	245.33
437.08	200.43
140.32	133.72
230.97	198.91
153.26	201.56
110.36	121.10
241.70	242.98
180.97	193.78
167.24	175.92
397.60	68.67
41.90	58.62
208.91	193.27
206.67	289.00
42.01	31.99
290.18	276.71
154.87	171.86
65.53	67.49
1183.12	1356.70
151.91	150.60
1386.85	2596.79
54.54	46.70
1321.92	1587.31
165.27	128.55
187.52	207.52
236.90	259.00
199.55	230.90
313.25	379.75
147.16	135.07
207.41	166.60
224.33	230.36
834.90	199.07
264.22	201.41
160.05	155.67
147.46	120.06
1080.82	617.98
350.81	408.36
60.84	32.58
303.54	302.20
249.29	275.25
39.02	43.08
123.31	130.64
63.97	71.16
1824.46	2559.78
33.81	25.23
215.88	207.21
135.30	162.31
330.78	270.81
113.32	91.89
122.37	120.07
163.92	139.50
102.71	76.75
421.46	519.51
75.80	61.70
410.04	393.32
103.11	106.78
170.71	178.02
100418.85	149647.94
125.58	121.67
168.49	152.94
73.86	48.18
288.71	218.25
225.27	255.10
273.60	253.00
293.34	307.24
96.67	88.54
4940.33	3796.46
20.47	24.57
206.06	140.22
248.67	288.33
285.12	161.82
439.80	141.79
70.37	75.07
194.86	284.33
234.28	235.09
148.16	168.29
278.79	264.85
239.46	228.71
334.92	429.99
195.58	194.41
395.29	411.11
327.96	305.19
82.95	50.56
130.38	133.88
299.63	368.00
89.23	68.57
191.15	125.43
145.25	151.88
274.94	328.86
263.91	274.14
27.08	33.11
82.40	107.95
211.11	78.00
176.64	197.62
182.25	214.40
311.67	364.83
254.58	250.05
109.38	121.83
242.86	319.00
78.89	56.50
149.57	177.05
121.47	116.34
356.94	412.92
230.28	196.45
213.29	229.01
910.01	475.77
348.47	307.12
132.07	142.11
380.21	379.27
119.72	130.13
115.21	58.99
544.73	106.56
49.19	54.19
252.18	264.50
447.10	291.50
51.75	52.41
432.32	558.20
608.56	1022.60
30.00	25.34
242.45	148.72
447643.91	615418.12
257.18	294.82
127.60	165.04
188.29	202.67
789.47	933.82
3220.15	3239.08
142.89	146.14
82.92	69.75
252.25	301.41
237.74	218.43
73.12	86.26
2154.76	1697.97
87.43	105.25
129.46	122.80
207.86	269.93
214.06	247.86
50.22	46.76
815.64	1157.00
1807.06	2007.08
259.56	232.50
127.10	121.17
218.47	272.52
242.64	280.75
83.83	50.15
185.31	207.50
315.02	268.02
241.29	279.25
154.07	180.29
172.82	314.00
362.89	476.80
93.43	69.00
1496.94	232.95
210.19	129.88
1002.21	1106.06
228.61	124.33
124.91	114.62
683.50	812.40
352.71	488.25
87.56	75.50
387.33	462.82
352.22	304.00
2030.67	736.46
453.69	546.20
3155.40	4802.75
177.14	143.50
124.09	79.97
94.00	96.20
176.64	165.36
338.33	326.23
135.25	130.12
178.78	218.83
265.87	325.88
418.65	408.67
154.70	109.33
247.96	262.43
227.17	244.21
309.89	337.00
198.85	187.18
151.69	174.74
65.85	56.58
577.31	643.25
149.59	182.00
419.52	381.90
652.18	570.67
230.06	204.59
171.16	122.00
235.46	317.44
98.15	96.19
65.07	60.47
284.18	160.17
267.67	306.44
620.74	490.16
228.98	168.83
127.45	127.79
77.40	132.33
2400.90	1553.90
168.73	176.38
640.57	612.00
685.05	1094.40
385.61	507.25
111.83	131.33
209.89	166.95
128.26	153.75
212.85	145.33
234.54	329.80
277.99	424.05
347.49	418.36
487.83	135.00
482.82	654.43
181.73	288.67
319.50	412.20
65.36	85.78
71.41	63.76
523.98	543.12
403.07	438.47
238.00	247.75
486.87	445.99
188.72	137.46
202.62	239.20
141.37	121.92
74.82	71.22
154.64	188.00
124.68	141.13
340.62	373.08
318.73	368.00
206.06	188.87
132.69	144.12
33.17	42.23
183.59	219.08
105.56	133.75
421.00	439.08
254.88	227.33
404.62	498.92
123.51	121.93
343.11	330.67
218.64	290.40
249.31	192.00
131.94	124.33
271.19	165.78
323.09	100.00
97.55	92.83
164.50	209.89
467.63	513.75
221.19	219.68
218.90	217.86
92.46	93.46
244.08	286.50
4297.59	4453.51
1114.78	440.32
299.44	362.00
439.14	446.81
166.89	166.33
315.17	263.29
50.56	54.98
438.53	227.50
167.17	173.93
163.04	168.44
219.77	99.15
773.52	801.28
440.48	255.58
269.02	325.05
147.19	161.56
215.67	213.83
245.04	242.81
128.13	71.09
3268.32	1281.36
160.44	166.97
265.81	222.53
226.93	198.50
279.30	500.20
148.84	120.63
85.88	103.40
129.11	134.67
353.85	423.43
160.13	135.00
42.11	46.18
21.66	12.39
692.64	413.67
42.21	35.22
340.11	283.42
186.26	193.88
15199.67	22703.50
232.80	212.17
225.31	201.22
214.46	202.54
280.75	278.57
803.60	1125.61
283.07	372.50
127.21	111.50
357.69	373.20
104.58	150.28
615.21	753.59
241.00	197.33
92.12	90.69
443.33	451.96
99.96	106.64
2366.86	3014.71
243.01	252.71
149.93	171.05
197.21	150.86
771.60	1084.61
311.62	361.59
721.64	800.62
57.29	67.28
227.23	251.56
293.21	407.81
13.28	12.11
316.68	102.96
104.40	104.50
437.98	228.90
262.12	289.51
615.33	791.33
112.89	108.33
118.86	136.25
214.07	275.25
146.14	59.63
188.95	233.33
249.00	167.40
131.59	102.25
95.18	87.28
170.52	199.67
842.92	524.00
208.45	222.94
298.29	262.75
168.69	282.00
374.38	458.56
123.24	132.75
132.29	144.15
317.98	691.93
961.59	1396.88
465.63	223.84
555.37	655.07
40.13	30.92
64.51	70.98
86.68	82.59
354.43	406.35
110.17	143.33
84.20	61.47
237.87	159.99
186.86	200.22
87.67	52.20
94.72	89.25
537.38	420.80
229.41	226.75
295.27	214.29
166.52	168.07
231.59	219.29
307.75	386.36
299.77	287.33
320.12	142.00
164.62	185.64
535.25	697.00
269.06	270.14
79.71	92.74
336.45	368.54
269.67	278.08
143.83	169.63
1624.24	2184.33
214.00	290.50
200.57	150.97
125.69	132.43
180.27	162.66
118.17	101.81
207.12	256.51
402.67	416.40
511.22	558.99
1762.32	2244.21
214.54	166.09
356.35	382.66
147.93	163.99
257.82	323.64
455.00	216.57
142.57	76.00
237.91	267.65
168.80	157.35
182.87	198.35
142.53	83.91
180.83	153.67
197.52	207.89
301.58	236.00
91.71	98.10
289.94	348.92
277.79	305.94
372.55	230.67
621.96	646.40
179.68	282.00
276.75	378.67
65.51	68.94
620.40	702.00
121.99	97.61
166.50	155.83
685.67	646.00
401.92	331.47
606.16	647.55
130.03	113.45
350.19	366.19
162.91	213.33
308.56	321.67
128.59	128.48
128.26	165.28
141.10	154.90
289.73	314.86
237.48	255.61
116.83	151.67
84.97	94.69
794.71	1126.25
484.71	727.00
1150.65	1128.46
390.54	372.74
75.54	92.83
1976.07	2266.91
261.57	226.75
107.38	58.18
210.22	239.50
282.56	286.87
290.14	188.67
220.21	223.00
249.86	133.00
203.12	231.55
274.40	292.50
71.17	56.33
76.06	59.69
48.64	35.12
203.03	180.20
1137.59	936.54
262.46	307.92
140.05	117.75
485.25	417.20
196.87	186.60
356.81	278.25
116.49	103.86
1279.00	792.50
631.91	622.90
223.87	231.79
701.20	913.90
192.31	192.58
305.91	282.29
229.97	261.11
112.25	106.71
395.68	385.75
341.07	434.80
246.94	240.40
300.21	237.06
177.97	214.79
292.42	282.67
83.50	99.38
257.57	268.62
108.84	116.97
104.42	97.66
102.49	106.85
208.02	244.33
313.82	336.58
309.87	376.10
144.62	173.31
184.20	158.75
221.44	222.07
81.70	88.31
1913.80	2307.01
263.57	296.68
62.89	58.66
159.80	167.76
33.48	28.81
250.42	214.39
631.79	646.46
613.65	671.77
222.82	214.75
196.65	205.20
68.59	56.95
90.55	176.50
335.00	544.00
167.27	123.21
269.02	319.32
317.94	264.99
271.77	334.86
256.62	240.18
588.08	1001.40
391.30	494.75
95.11	102.75
193.58	127.69
310.70	306.20
158.32	207.40
330.91	384.38
247.59	273.00
248.42	264.90
173.06	165.38
463.25	551.30
290.91	389.45
120.00	134.33
37.39	46.29
153.04	166.82
375.70	366.00
391.70	375.42
320.25	405.02
206.84	217.40
239.86	278.50
537.06	547.97
290.75	316.20
342.78	500.33
327.88	343.91
156.56	149.00
87.41	98.22
651.22	802.17
144.89	156.85
432.36	596.71
125.75	109.00
152.62	128.93
438.55	356.10
201.18	25.19
655.73	741.57
93.09	103.24
62.50	57.94
269.81	275.61
287.54	263.78
368.71	362.84
117.37	134.90
319.50	321.41
499.83	188.33
384.41	379.53
166.58	184.18
198.33	168.09
386.81	416.04
332.65	316.38
71.11	79.42
339.15	335.71
292.91	269.90
137.10	164.97
131.00	161.00
506.78	435.17
931.99	176.00
127.84	168.78
225.15	120.08
199.73	240.00
497.50	381.14
360.56	701.30
97.81	123.85
179.07	172.70
557.00	298.00
67.64	61.24
187.73	225.42
338.74	367.19
178.27	174.41
215.40	208.03
191.78	168.39
107.34	123.02
147.79	145.23
1020.06	141.10
112.66	145.29
756.65	767.44
289.91	258.10
165.90	142.22
84.02	93.22
92.22	77.80
265.64	283.46
259.26	136.30
173.74	162.73
41.98	28.30
87.25	68.33
177.12	190.60
525.67	926.00
1586.52	745.31
169.56	180.80
63.29	58.93
576.45	854.50
2768.11	340.12
199.90	172.77
440.99	157.21
139.78	135.33
259.47	173.27
208.52	224.02
91.43	85.39
206.22	212.96
146.77	144.44
62.12	48.68
427.78	462.50
147.39	170.73
111.44	218.33
109.33	60.67
103.44	117.85
553.12	640.08
383.05	373.14
549.10	584.87
679.43	690.04
218.23	169.14
222.86	177.25
120.79	119.40
190.35	328.33
106.08	108.84
73.87	47.38
114.05	118.91
573.33	211.76
294.54	350.18
133.89	137.22
607.75	866.00
437.33	451.00
772.62	418.75
714.00	481.40
257.40	234.68
972.08	1184.67
188.86	135.00
836.24	854.53
131.41	134.54
295.17	352.67
328.60	410.50
106.98	102.97
70.66	77.83
188.02	178.34
338.00	298.57
155.11	127.60
212.25	256.60
416.32	360.12
153.17	150.20
162.83	166.51
197.56	199.73
66.17	56.32
217.50	222.00
129.73	127.85
275.29	284.67
284.27	293.88
302.43	219.38
315.38	366.86
278.89	344.50
268.80	327.43
2988.87	2818.64
244.91	343.00
431.22	492.74
348.32	443.00
222.43	238.06
205.68	226.68
77.40	126.75
144.53	136.76
1153.10	1978.20
99.07	74.62
348.06	199.29
77.35	96.85
151.68	146.68
1044.35	1537.71
33.43	36.38
62.54	41.27
578.31	688.33
182.08	192.91
128.87	76.56
87.13	100.45
171.36	211.97
226.91	240.43
176.80	154.86
740.97	901.12
261.00	261.55
408.62	468.60
262.47	303.03
643.11	715.98
160.97	137.41
385.92	252.44
478.24	604.73
254.88	295.50
294.89	358.43
216.15	316.00
535.73	630.19
208.40	232.53
342.11	464.62
2908.79	4736.27
369.25	373.89
34.54	32.88
145.44	135.50
95.67	55.33
269.12	330.25
645.52	743.17
191.12	193.67
226.67	258.67
249.60	304.43
300.83	519.00
3517.71	4770.58
157.62	98.72
61.78	50.91
289.92	255.21
394.62	506.75
435.25	442.25
363.30	228.56
372.99	451.00
81.88	59.17
66.09	102.98
221.17	80.00
409.80	439.82
83.52	34.20
289.28	285.69
64.31	31.29
23.97	24.17
145.75	159.40
368.47	502.34
125.38	112.00
106.97	115.09
142.18	252.47
309.23	345.48
463.78	278.29
164.98	188.57
282.00	328.40
598.55	527.94
277.15	234.45
655.38	1233.25
341.71	327.57
94.24	115.38
189.30	181.83
315.83	132.19
196.25	190.90
418.75	272.80
202.50	225.44
127.62	141.09
401.43	338.00
143.62	169.80
122.26	93.24
215.34	215.88
133.68	135.93
763.75	588.78
136.25	80.50
355.41	191.90
271.60	259.63
91.67	82.97
405.71	450.11
184.83	153.54
374.57	219.00
475.56	508.17
58.67	71.40
1115.12	1955.62
49.91	14.61
157.62	232.00
128.57	119.00
220.49	326.32
168.85	235.40
450.14	566.75
446.86	565.50
226.37	228.85
45.29	36.89
159.67	168.17
243.22	121.25
396.57	229.22
148.99	158.99
218.00	151.94
755.17	586.09
233.76	184.99
171.11	178.56
982.62	1020.16
78.53	80.64
356.80	337.80
1065.17	1132.44
150.93	95.33
271.72	270.53
350.54	376.10
618.90	785.75
135.27	121.70
207.31	180.16
33.98	25.57
80.13	84.33
19.79	34.20
103.03	92.80
303.12	336.00
110.78	108.23
167.01	204.97
95.09	66.97
178.91	237.33
1520.71	1611.50
2904.75	3024.00
619.22	548.92
70.98	87.17
192.88	225.15
288.14	365.25
672.14	630.36
209.06	235.92
396.14	457.25
383.18	281.99
71.50	90.80
347.99	439.06
179.43	161.79
180.10	153.33
2854.29	4516.50
223.03	145.38
141.04	152.58
135.66	106.84
452.82	566.44
142.02	132.00
156.85	161.62
250.25	206.12
77.48	104.33
56.31	39.41
335.60	328.57
157.28	163.32
116.20	95.50
175.42	167.13
306.15	249.44
76.69	80.13
315.68	332.89
278.56	282.58
255.00	209.60
141.82	82.30
508.53	360.20
103.85	133.60
101.98	106.50
97.01	101.07
200.35	199.04
293.30	213.29
140.49	164.77
101.02	101.82
207.24	134.98
879.67	396.00
58.58	64.87
1732.27	2260.59
442.92	328.04
68.55	68.41
239.91	233.50
243.79	139.76
189.64	238.86
149.35	109.52
122.10	139.64
102.82	80.94
99.39	74.93
137.40	141.27
244.94	220.67
150.76	135.38
123.43	119.00
170.94	65.42
214.39	257.69
218.33	196.33
554.30	194.67
151.29	141.75
134.00	128.00
144.25	145.88
211.19	197.14
258.40	263.38
92.86	69.78
153.82	159.54
292.43	282.11
52.42	43.80
194.99	190.75
93.60	93.42
333.85	264.74
135.71	147.78
76.14	75.62
345.41	169.84
104.75	97.20
192.66	153.35
48.67	50.91
492.13	492.28
145.56	134.42
376.00	479.80
53.63	60.30
751.20	399.25
480.08	247.12
174.28	182.66
73.70	75.36
224.69	281.54
804.46	944.57
146.57	131.12
202.53	176.62
1592.57	1606.81
263.33	285.22
506.38	503.71
129.39	160.45
395.11	357.97
72.08	110.00
95.00	116.60
156.75	174.75
107.60	102.20
109.48	110.18
192.84	182.05
239.91	211.67
148.19	142.12
247.69	385.50
167.82	185.92
449.99	447.38
720.15	634.29
135.26	135.20
163.00	132.33
140.36	103.78
191.38	171.40
336.29	364.89
312.41	297.30
492.83	577.67
222.42	205.86
295.45	316.81
81.45	22.97
51.54	27.95
239.60	265.25
437.33	428.22
138.35	168.37
800.20	973.46
287.42	273.00
78.62	87.96
257.17	199.65
76.11	95.46
228.08	265.17
134.77	148.90
163.71	156.33
142.61	145.17
203.17	168.33
209.42	107.01
73.18	80.72
765.71	1530.00
981.78	2645.33
829.09	314.33
2913.11	5026.50
1347.31	1141.39
649.88	285.67
146.79	164.51
262.31	255.05
393.49	416.27
125.53	127.44
127.67	180.17
222.93	295.22
375.50	455.00
188.16	158.78
184.60	179.22
173.18	155.17
214.33	164.00
20.00	26.15
506.59	629.40
1093.64	441.94
511.54	424.94
7.74	8.62
297.73	326.15
197.55	184.24
187.26	194.18
242.28	235.40
108.63	130.10
227.00	241.50
168.22	101.73
261.79	213.73
389.11	378.52
424.20	460.50
299.67	288.09
325.73	297.50
110.91	103.33
210.00	261.67
86.74	119.40
53.18	52.56
277.88	250.80
58.49	63.96
112.09	119.67
100.98	74.24
509.55	653.71
111.99	128.60
421.87	448.91
99.00	72.14
158.29	126.25
70.67	74.28
214.29	215.00
136.76	141.26
117.82	116.65
172.41	178.29
175.06	151.99
110.25	104.62
107.14	128.67
351.44	426.20
73.36	65.38
202.97	184.00
356.89	320.40
62.24	31.04
439.25	489.94
163.88	176.80
347.49	227.73
133.32	108.63
199.78	177.06
287.69	276.80
135.30	139.18
327.00	192.92
134.77	129.00
338.61	357.27
384.55	390.00
282.65	366.25
186.95	169.43
267.50	253.67
47.96	32.05
1272.29	330.67
188.27	156.02
574.07	606.64
227.71	264.25
214.75	198.52
23.78	49.93
230.85	285.94
428.67	448.67
36.67	32.62
319.18	323.50
486.23	634.69
235.49	229.52
34.78	9.20
193.90	259.83
69.01	76.02
272.35	258.40
444.90	559.23
78.62	80.19
95.48	97.66
142.60	155.50
398.00	362.70
13.78	11.17
207.19	183.49
96.17	114.00
176.78	155.33
428.18	606.54
52.97	62.11
67.16	53.42
278.16	250.20
633.27	737.52
192.50	173.94
151.23	155.88
90.93	97.23
287.33	363.33
238.26	247.33
189.82	151.80
233.87	226.25
821.83	867.78
744.25	514.50
169.03	170.37
1526.10	2662.80
196.13	93.50
172.50	156.75
238.46	239.60
167.32	185.26
193.37	213.65
269.03	327.88
43.19	44.76
189.77	191.20
303.12	197.00
287.88	241.60
71.80	39.10
113.22	120.73
446.00	573.20
117.41	89.71
3639.75	3411.13
5739.54	5250.54
299.15	323.56
215.46	227.04
3343.45	4081.92
273.18	165.75
332.71	173.00
366.82	128.30
317.60	287.43
1005.80	487.25
670.00	516.75
356.33	366.18
187.56	204.30
493.42	564.89
3542.92	2641.86
42.27	43.49
210.85	203.89
242.98	249.39
549.71	733.00
271.11	288.33
1051.20	284.10
334.82	330.14
421.12	301.75
302.70	323.80
213.14	355.33
91.20	129.65
521.69	461.92
222.95	217.91
297.50	369.93
270.97	363.07
216.22	248.60
179.50	234.40
182.14	184.67
211.00	110.00
123.83	83.00
185.61	164.38
635.51	202.41
154.50	157.33
751.00	1208.25
2791.98	2096.40
340.89	362.67
229.20	248.86
351.24	463.56
346.17	421.79
441.55	603.14
213.31	146.72
556.00	569.20
368.40	91.78
541.91	524.62
157.86	190.91
217.92	206.80
735.43	806.40
331.64	355.12
382.52	338.65
1317.68	906.50
829.53	614.15
200.20	129.15
185.67	167.00
474.12	451.60
248.49	331.65
74.21	73.94
225.64	259.25
213.42	231.94
152.83	175.00
145.44	29.76
97.91	99.39
44.69	47.50
261.70	293.18
1690.66	3691.33
58.73	61.09
215.25	192.40
192.54	207.19
93.11	101.55
374.94	421.80
222.79	242.72
71.51	69.98
174.54	212.41
176.22	211.00
180.04	185.33
318.58	327.04
100.97	91.56
190.71	203.80
175.94	192.68
234.70	253.05
393.53	466.01
160.72	114.93
66.84	92.69
1597.00	377.20
2062.97	932.00
178.47	237.43
836.11	284.14
628.60	688.60
180.17	177.14
100.99	89.65
175.56	164.67
442.88	865.33
104.96	112.60
285.56	263.49
40.77	53.93
363.27	398.32
99.71	63.21
261.45	259.33
117.83	159.82
5430.69	809.53
58.93	56.92
154.87	174.20
307.72	496.33
89.29	102.67
240.36	273.87
3534.96	3100.76
135.66	172.00
151.35	127.46
899.17	774.57
200.50	225.27
106.67	116.57
485.50	297.91
477.45	684.22
245.24	451.57
66.25	30.20
270.67	115.67
250.38	303.43
473.00	526.60
92.98	112.20
137.11	132.84
69.75	72.00
277.62	137.00
205.60	235.50
238.18	262.83
229.44	269.54
134.28	138.97
246.66	311.86
454.75	448.55
280.57	290.74
319.33	295.21
176.25	177.90
116.49	82.80
80.49	84.95
481.99	478.13
156.88	153.84
378.63	380.49
236.78	237.75
113.56	128.25
220.83	238.81
112.43	120.91
177.31	216.73
217.31	245.25
198.19	174.79
975.03	1359.32
106.75	105.71
750.61	173.15
172.70	67.03
184.60	184.52
425.24	510.89
152.35	157.02
113.85	127.75
279.78	474.99
718.49	357.61
120.22	120.20
539.87	598.82
303.71	333.10
33.57	12.50
116.30	146.26
208.76	235.65
48.27	47.84
689.00	403.67
1435.78	2183.00
237.68	305.43
1026.73	1120.31
358.21	282.73
909.22	856.00
211.09	223.64
463.43	341.99
77.71	81.44
165.86	205.50
448.50	379.00
387.63	445.60
272.10	155.00
230.98	194.72
118.77	119.94
151.87	82.64
64.38	62.45
159.79	179.50
118.65	154.66
158.74	222.65
308.71	391.78
212.01	184.51
682.38	1206.00
443.19	410.82
48.48	56.85
169.78	157.92
150.31	141.97
323.08	339.71
118.73	65.71
239.30	260.55
68.83	64.51
137.13	134.69
113.84	113.37
1227.15	1338.61
133.07	166.20
242.18	273.00
159.59	158.05
182.46	207.80
324.78	421.67
205.36	220.00
118.33	91.86
309.41	299.35
195.14	146.67
60.25	64.80
101.37	99.33
546.38	837.60
397.33	373.70
141.86	139.75
248.61	271.27
418.32	425.07
180.22	118.37
251.25	318.75
570.98	73.00
1013.59	1128.80
207.02	199.82
707.88	638.23
689.20	666.75
436.83	484.46
249.53	263.00
90.24	84.78
99.93	106.74
111.59	129.60
158.23	122.91
206.21	196.67
64.91	64.85
145.41	144.54
283.37	340.12
628.50	704.46
199.74	164.33
213.56	309.40
1492.92	1816.33
285.19	284.46
319.73	276.83
322.62	354.33
119.99	113.06
221.83	253.90
301.32	199.38
417.15	438.89
179.54	181.27
62.68	62.30
127.76	136.31
3172.45	3112.69
686.69	796.44
158.47	138.46
189.56	158.75
323.00	204.25
209.54	206.09
314.33	213.75
198.82	294.31
195.22	179.33
141.09	167.00
91.73	10.08
243.53	275.08
315.33	298.33
568.75	621.62
179.91	206.61
163.84	178.46
656.86	391.69
100.13	62.33
416.00	433.80
275.64	285.11
359.44	380.85
282.64	239.50
78.44	68.95
97.93	93.00
142.12	182.87
119.67	105.85
184.11	188.10
355.94	350.49
419.94	456.86
208.38	179.25
78.90	64.14
125.73	120.12
1476.45	2307.83
98.64	107.97
128.97	87.27
76.80	57.77
1095.50	629.00
226.00	182.60
525.54	491.68
101.93	113.61
224.64	208.00
197.20	178.52
269.03	298.08
202.74	201.00
154.34	152.80
184.50	194.14
174.31	272.78
150.58	156.84
317.55	287.12
166.89	179.56
148.18	153.35
239.57	248.00
208.51	260.99
250.44	299.67
195.82	204.72
167.98	141.91
245.95	263.49
174.40	146.26
329.22	355.00
202.39	240.58
143.50	156.73
246.84	344.10
140.22	150.47
198.31	191.25
278.66	290.41
115.55	113.77
146.50	132.00
139.32	130.15
382.67	388.77
428.36	636.47
169.71	235.00
665.33	1072.25
564.11	566.14
277.52	470.30
50.65	58.88
145.87	65.56
587.39	358.55
350.03	414.95
600.83	561.00
1672.78	482.17
342.29	410.75
153.12	123.80
186.07	155.97
774.86	268.07
371.44	304.00
87.50	99.93
217.98	247.31
163.75	220.67
118.34	146.28
210.32	185.40
519.07	424.70
172.69	152.33
86.88	77.83
31.66	18.00
37.04	56.51
149.78	162.14
67.09	55.94
31.13	16.57
187.82	180.12
135.20	125.67
177.71	210.67
347.10	382.13
271.83	262.00
345.38	331.50
540.07	555.50
388.74	463.16
64.13	72.90
378.53	410.11
721.83	1001.31
547.06	585.71
306.88	326.60
65.34	66.43
111.42	114.84
66.17	64.61
374.28	413.41
244.80	262.86
127.08	133.35
418.12	484.91
175.94	39.87
144.61	158.14
272.42	360.32
69.31	43.24
446.55	383.46
189.81	221.39
199.46	236.80
243.60	237.58
149.71	139.54
228.75	175.80
537.39	647.28
206.07	201.63
660.82	126.97
175.92	170.84
433.03	507.80
149.47	158.15
232.22	193.20
82.54	87.72
967.21	1641.18
6238.88	2645.44
200.26	233.55
1874.67	3401.33
413.45	690.75
48.44	56.98
390.31	253.00
53.55	60.43
92.88	94.98
357.10	203.05
611.40	178.60
456.21	543.20
205.64	195.00
1063.71	810.13
412.64	330.38
580.00	725.33
83.29	60.20
73.88	58.54
61.54	59.38
381.74	397.46
246.73	232.14
270.28	214.61
328.22	346.30
128.38	121.42
855.61	1031.46
127.70	127.20
438.57	352.10
101.80	127.60
2202.71	239.75
113.96	112.72
76.82	84.82
264.55	258.82
77.18	75.52
136.07	165.27
138.08	149.00
140.29	144.83
117.32	120.33
141.07	178.76
379.15	409.76
177.58	133.00
378.09	369.19
251.55	265.25
334.17	295.33
115.38	134.49
203.92	174.46
300.04	285.17
381.89	353.23
137.91	160.22
124.19	139.84
321.20	349.84
91.88	91.20
403.26	557.38
129.43	115.80
44.43	59.90
159.57	162.43
257.79	250.29
78.23	58.41
238.53	135.33
97.00	121.33
138.79	101.70
266.43	280.25
347.11	311.17
178.99	233.38
144.54	137.50
214.76	197.57
191.92	169.09
82.76	82.01
207.17	156.12
207.95	241.58
432.60	478.86
318.55	324.55
216.18	206.60
1651.15	1549.00
352.90	322.14
194.09	198.55
203.56	191.11
44.10	57.27
182.02	230.34
263.68	199.24
227.45	153.50
50.93	41.17
160.14	183.75
111.45	95.83
236.47	174.45
259.44	454.00
220.67	251.83
80.57	55.88
86.71	88.07
188.82	167.04
1575.96	1574.32
151.72	103.49
542.06	692.10
597.75	597.75
397.37	133.80
192.03	198.36
161.83	171.70
653.35	723.54
155.98	140.54
71.26	100.00
163.60	172.09
97.47	44.60
76.32	54.00
194.21	212.20
170.41	176.17
355.27	48.60
191.86	237.20
101.94	114.58
785.57	1061.75
244.86	226.06
220.75	213.06
437.70	449.29
168.92	130.95
261.62	268.84
151.55	152.00
306.09	315.14
100.86	96.00
315.69	287.45
625.20	718.50
141.15	83.75
188.71	174.51
508.07	520.20
4902.61	495.36
88.52	94.35
155.25	167.02
113.69	122.63
208.88	281.00
322.49	327.88
133.47	132.72
203.11	236.25
965.35	1163.16
247.65	237.03
249.27	258.52
188.22	136.00
344.00	271.67
127.89	121.38
80.33	69.00
659.03	517.50
286.64	323.25
500.10	400.94
162.34	196.12
106.87	105.00
195.08	191.45
72.54	78.95
279.53	339.10
186.91	152.46
420.50	473.10
5932.94	5819.91
176.46	193.14
727.34	823.60
182.19	197.80
231.25	283.60
1318.17	2131.38
620.43	994.85
1436.55	525.50
248.27	289.17
309.94	307.50
152.99	166.63
99.54	95.88
248.79	292.44
73.46	87.93
69.74	57.42
247.82	281.44
85.03	45.07
283.76	302.36
268.65	278.46
999.82	465.50
568.13	816.22
180.67	183.89
189.54	122.84
178.40	208.22
299.62	345.80
50.63	55.64
1218.50	191.00
162.91	166.91
361.75	453.60
447.29	353.00
303.45	297.63
227.26	200.08
38.31	13.13
274.55	286.53
179.06	75.67
283.84	294.60
314.02	106.23
1581.71	2504.50
66.83	77.11
195.44	233.97
242.62	296.80
369.40	417.36
228.62	133.60
1110.00	75.00
123.71	144.34
399.15	337.79
363.46	333.19
822.71	1593.52
94.75	73.10
931.91	946.88
382.04	424.05
25.02	28.23
417.33	439.13
86.50	81.04
314.33	258.57
443.14	501.29
3744.93	3763.17
194.22	194.70
193.17	115.36
159.19	134.88
159.57	159.23
1131.46	725.70
227.76	111.73
253.06	251.37
80.95	80.25
564.27	635.56
457.64	474.00
155.68	144.29
287.11	264.45
243.00	147.67
521.71	603.82
141.50	141.67
160372.55	283355.59
322.99	363.98
207.12	237.18
165.40	243.16
122.58	170.50
212.56	255.72
257.00	378.33
385.19	496.98
199.00	206.73
998.38	716.80
435.38	567.71
1799.77	2106.96
98.49	60.60
202.51	207.80
337.19	340.54
485.96	552.53
165.08	193.57
287.88	329.00
162.51	125.02
135.63	130.57
314.05	256.93
136.59	164.65
91.91	117.42
496.00	514.14
353.74	422.31
158.05	119.85
286.70	231.05
5212.00	6759.11
91.60	94.12
162.12	168.32
86.09	69.09
154.80	152.67
424.20	495.71
69.91	80.89
151.15	143.98
311.67	196.00
249.19	206.57
156.61	118.72
203.45	189.38
55.28	43.77
411.30	446.94
1642.75	2039.00
322.96	330.47
114.45	88.39
345.15	361.35
127.63	159.97
89.98	115.71
283.13	284.36
104.83	149.33
60.70	56.24
90.70	86.84
77.34	102.01
171.66	146.20
188.80	165.83
312.80	366.33
168.12	148.00
158.72	177.39
104.12	119.65
2863.43	1301.75
121.81	138.76
56.88	61.58
151.03	139.40
126.60	127.50
59.90	42.37
89.32	89.56
370.66	437.43
222.53	240.25
138.18	152.35
152.70	191.22
153.75	121.17
79.30	106.60
166.31	157.12
314.22	221.67
121.00	212.00
472.29	627.75
79.03	105.20
137.06	109.43
361.73	386.40
248.52	266.57
176.54	163.38
303.71	357.27
60.75	58.17
260.00	296.33
293.17	381.67
798.26	828.44
234.71	269.72
258.00	432.50
32.78	31.30
132.89	117.10
610.56	853.80
168.55	245.22
251.69	269.40
258.04	368.42
114.40	114.31
199.12	206.50
220.59	228.82
61.61	79.62
331.38	417.94
158.77	164.30
85.72	64.99
37.49	39.26
132.24	88.40
48.72	25.99
247.87	232.38
277.98	312.80
129.20	111.17
67.17	69.92
155.99	153.79
65.03	65.68
2682.89	3616.00
231.40	256.33
275.89	282.42
121.57	69.47
257.16	261.66
193.93	182.64
170.13	143.02
159.26	161.03
118.10	103.85
535.06	537.36
107.66	100.75
1067.59	1126.52
253.78	286.97
373.75	442.80
239.11	258.38
109.19	99.90
228.92	229.30
230.50	156.43
282.96	330.55
297.08	338.73
822.90	93.54
57.81	61.34
288.86	371.25
200.29	33.91
100.47	86.81
336.40	337.00
366.83	317.43
203.07	184.05
7947.50	4506.00
1182.63	1088.95
120.25	102.83
113.50	118.60
143.66	152.81
126.89	110.65
458.50	518.86
220.15	221.43
28.27	31.27
263.43	225.90
3081.99	4392.80
3207.99	4551.53
299.38	352.56
542.37	589.00
268.76	372.62
325.96	247.72
95.73	129.63
318.33	369.86
403.25	467.84
452.28	519.28
155.39	152.71
100.66	19.33
307.21	268.91
138.89	143.53
207.38	249.13
87.46	111.30
308.63	322.34
342.18	337.06
279.50	194.67
44.10	77.33
243.00	251.00
145.53	115.73
429.11	159.38
50.95	67.78
1004.99	1346.33
144.69	154.70
732.09	841.16
98.05	106.32
281.80	389.00
667.93	852.84
158.95	137.29
107.09	62.15
360.00	351.83
248.35	208.76
260.72	245.23
245.83	242.38
1449.78	1719.00
70.26	78.36
189.84	183.70
685.67	621.00
411.46	336.17
181.70	270.53
170.41	174.75
218.26	193.19
164.77	155.33
223.24	284.66
1254.74	1268.33
228.25	236.88
212.83	229.58
2597.52	3196.12
150.32	192.25
253.00	242.57
256.99	271.00
234.97	201.36
168.00	164.41
138.11	147.94
185.00	174.13
159.15	165.85
262.73	266.62
24.48	32.34
250.00	262.78
233.72	216.23
153.72	130.03
86.49	87.75
266.54	247.33
164.88	174.00
174.10	167.06
104.06	87.29
326.59	362.83
350.53	383.37
152.39	159.78
1150.55	1360.00
178.35	161.88
153.11	144.50
171.08	192.49
3405.00	4593.17
123.84	123.60
119.83	150.60
278.44	295.73
122.71	124.40
309.86	371.33
97.08	98.67
257.46	255.62
295.19	483.86
124.12	109.00
1123.19	544.86
264.50	274.33
181.07	152.64
201.91	108.49
49.42	47.49
69.39	128.00
80.16	117.95
184.13	199.60
332.11	329.79
211.29	206.00
136.33	119.42
428.36	467.23
248.61	405.80
495.07	148.10
143.71	150.64
173.51	169.10
269.00	277.50
291.56	244.46
241.09	316.00
330.12	323.18
433.00	515.40
223.50	194.20
189.98	182.91
243.80	274.93
864.83	1451.62
87.57	90.67
310.58	318.11
57.61	48.67
383.35	248.00
148.00	135.00
1220.18	1361.14
155.21	96.82
161.08	157.49
178.41	217.73
116.96	122.67
653.45	287.69
210.43	221.69
144.93	128.75
1679.21	1963.45
210.22	177.67
113.30	120.33
74.31	80.42
144.09	162.38
176.69	219.89
169.36	68.62
234.55	255.29
304.75	352.50
717.25	804.00
411.10	432.68
538.22	966.95
445.17	371.33
260.24	378.00
112.49	73.65
99.35	18.70
107.86	132.18
186.09	170.20
199.67	165.90
184.04	205.11
346.93	317.04
155.42	162.58
381.44	238.06
289.09	235.14
148.22	173.67
26.66	22.20
182.47	198.17
994.51	1371.73
242.00	194.60
104.31	110.84
219.48	171.79
106.77	112.30
218.06	173.97
103.89	144.34
322.14	227.57
103.84	82.88
5063.84	4860.58
199.12	177.75
69.36	79.28
168.19	168.28
92.16	80.74
90.48	86.71
208.09	137.22
85.77	94.27
197.90	141.43
318.32	312.55
452.67	517.75
413.37	301.93
343.83	342.40
301.83	373.33
232.00	231.25
244.09	249.90
135.76	138.99
107.41	78.06
317.62	358.30
174.61	367.00
140.26	215.20
94.69	112.95
88.30	82.22
242.55	254.44
330.42	450.17
272.25	300.81
517.17	612.64
241.18	178.81
203.75	227.03
515.10	647.65
142.09	148.04
1087.57	2397.67
464.12	507.69
81.41	74.61
285.22	327.54
238.95	152.31
157.76	115.08
108.55	86.82
429.55	502.54
269.33	414.67
78.74	54.54
118.42	65.88
351.69	280.33
55.89	63.73
167.00	95.50
950.92	1117.67
117.85	170.94
237.57	87.67
320.33	311.67
128.48	118.51
153.19	108.08
342.45	306.07
166.43	196.00
330.75	360.80
200.92	163.57
166.34	130.00
829.30	901.62
229.70	192.05
38.92	44.13
336.50	309.00
50.42	56.74
170.85	178.50
149.91	148.22
475.36	582.71
110.82	58.92
256.95	184.67
15.53	30.26
236.21	273.48
261.41	311.96
697.43	732.24
278.49	309.47
127.32	135.38
960.27	799.06
608.21	888.63
301.75	291.56
109.85	126.45
232.21	225.18
195.94	182.18
263.49	296.39
184.11	196.40
234.00	212.50
801.64	1355.16
732.40	592.86
293.40	157.83
98.43	120.00
195.41	168.15
186.47	180.09
79.54	97.53
115.77	105.67
212.90	224.52
156.63	159.82
182.79	170.95
336.18	118.50
763.09	1439.75
169.09	232.00
157.62	146.67
162.01	163.90
3484.33	6958.00
183.14	196.21
286.00	344.67
227.40	241.57
642.50	352.04
89.00	77.37
246.62	220.67
123.00	134.83
135.84	203.67
17.11	26.29
165.96	188.89
220.35	205.65
106.07	117.88
145.00	125.33
269.67	290.33
219.98	134.96
254.32	243.94
198.00	151.00
219.52	191.36
256.24	271.09
562.75	373.78
206.23	215.13
241.82	216.94
160.00	173.91
145.45	110.66
155.56	145.33
236.04	230.91
302.00	329.62
53.29	54.33
37.60	41.53
433.25	444.40
262.40	276.84
75.92	81.58
79.32	101.72
402.48	450.44
113.64	128.26
399.62	443.56
2024.58	1828.90
227.17	173.83
43.47	77.45
393.67	125.00
110.22	120.20
142.22	115.18
195.09	272.03
323.55	242.17
255.90	195.93
2383.64	3883.59
190.01	191.29
112.80	110.14
115.70	198.10
154.85	173.85
49.85	48.79
103.50	91.98
386.67	342.00
360.88	376.89
47.42	54.32
1409.38	1210.60
155.98	238.66
78.54	116.00
260.75	334.00
95.39	96.64
183.29	171.75
293.89	328.73
180.73	202.43
1817.34	2073.37
230.33	237.27
292.40	354.14
56.08	67.53
324.51	704.63
139.12	135.76
109.93	100.98
124.19	104.10
44.55	42.66
164.27	188.67
240.78	221.49
284.28	262.52
718.08	829.67
291.25	326.67
423.82	232.13
693.00	318.00
268.54	179.90
328.17	296.87
246.93	255.05
125.91	52.27
154.41	158.89
473.86	600.25
383.62	342.36
328.11	304.96
397.82	403.66
157.84	152.10
147.66	163.50
269.54	312.60
272.38	270.03
259.33	209.40
283.71	239.67
275.00	276.00
504.82	523.54
148.10	81.47
81.10	77.38
271.83	245.00
145.41	139.06
395.20	455.00
147.74	94.80
233.09	149.00
252.49	270.98
55.08	56.75
182.83	157.55
251.78	235.71
545.77	940.33
206.21	237.83
628.79	682.00
92.79	79.76
175.50	202.23
242.48	249.23
131.22	121.73
13.54	25.65
432.97	301.29
232.31	237.73
105.72	83.54
148.83	127.67
324.85	365.90
201.40	117.78
131.14	128.25
101.50	105.33
302.59	258.43
135.75	148.25
205.07	205.00
90.55	103.28
153.00	136.67
128.86	80.22
94.57	101.50
6.80	3.03
308.71	291.00
47.99	48.43
138.17	114.67
87.64	93.50
301.82	235.25
154.49	193.72
146.91	177.60
178.01	181.82
643.54	979.90
408.11	439.63
949.59	110.67
266.08	265.30
56.05	40.96
122.87	155.75
120.12	187.97
135.73	177.29
358.40	297.71
54.97	57.83
443.89	447.82
343.63	203.22
136.56	138.20
209.36	109.78
193.05	149.35
326.17	316.75
141.65	111.85
197.59	168.00
756.03	852.77
75.39	39.74
154.31	98.50
287.60	337.78
146.79	167.33
133.58	134.69
159.25	167.40
206.53	276.67
418.14	193.09
58.61	94.67
127.03	136.81
160.74	165.09
323.86	437.75
2073.25	2892.21
192.58	183.17
147.96	85.30
212.62	239.36
81.16	82.12
113.26	133.08
76.67	16.67
271.82	325.44
233.51	215.35
297.25	243.25
222.55	220.10
95.60	96.47
205.00	203.60
132.91	116.43
48.00	65.93
168.59	199.46
194.88	272.20
102.51	116.86
749.23	774.35
51.35	50.01
163.88	192.25
24094.53	3651.53
135.00	148.00
1890.54	3197.50
107.71	90.45
231.50	208.03
72.64	73.85
161.86	186.90
118.73	129.40
200.63	204.18
782.91	471.00
1466.89	1885.46
554.71	723.00
209.15	218.31
172.47	174.68
185.44	170.03
211.56	263.31
318.90	313.71
90.38	74.00
193.56	267.25
138.87	108.06
212.64	201.13
4.21	3.60
180.27	170.66
252.94	242.88
165.08	193.38
70.53	85.71
306.75	96.50
636.86	617.49
53.90	45.80
229.88	214.81
63.87	52.35
104.53	81.99
258.23	60.98
294.15	287.54
205.67	184.89
191.77	205.81
138.71	145.49
416.70	428.10
92.05	75.41
16538.30	3370.88
19.09	0.80
318.50	195.67
412.14	291.45
782.50	972.86
101.29	100.11
231.95	208.48
151.35	163.53
999.70	1147.09
185.67	251.50
31.81	41.63
548.01	538.25
224.27	244.58
53.81	51.75
84.90	80.04
263.33	302.00
146.43	103.98
106.08	94.12
126.45	118.24
214.04	205.00
333.09	420.95
113.88	125.38
465.32	438.81
276.58	252.42
1442.43	1696.00
637.00	730.00
167.91	177.88
375.86	393.89
438.09	535.27
134.24	122.15
280.88	412.00
62.62	60.55
313.44	299.40
280.52	160.38
121.02	75.92
200.50	198.88
243.00	302.00
146.96	153.00
93.68	86.45
398.21	462.57
138.90	158.02
212.79	189.48
525.37	637.80
123.94	131.20
100.78	126.13
202.71	176.25
115.48	138.86
178.25	183.13
842.03	1099.38
161.11	183.58
206.43	114.75
438.26	477.00
193.07	156.40
103.16	32.54
99.71	88.47
119.24	107.11
687.15	722.05
437.62	413.25
199.56	254.83
3731.27	4480.00
246.69	262.73
159.93	185.79
53.94	55.29
225.03	210.33
196.67	209.45
1008.19	965.03
138.67	132.00
630.89	728.67
217.34	212.05
149.71	159.25
149.09	123.97
253.22	230.50
52.74	35.38
185.23	178.99
269.88	242.25
96.77	89.85
505.43	532.53
250.10	203.50
314.56	383.64
594.71	561.84
219.21	217.43
378.07	368.90
428.95	273.60
276.00	274.50
500.20	495.83
184.81	203.41
247.20	261.48
110.44	66.00
326.86	171.50
695.01	841.23
152.20	158.33
147.36	123.25
172.57	178.42
527.64	562.33
185.30	205.68
118.67	128.00
346.67	375.22
200.17	260.71
742.08	871.00
469.36	471.73
140.57	122.34
217.70	221.71
240.65	243.19
339.50	330.19
250.70	126.33
419.86	387.56
461.20	630.00
42.54	44.35
159.14	57.00
508.12	384.15
751.51	504.43
115.60	111.14
354.40	417.68
367.05	435.25
580.00	776.00
148.15	157.05
174.26	134.12
219.01	99.25
137.25	117.27
398.81	566.60
645.07	659.13
274.39	316.56
464.42	543.44
99.56	70.00
191.25	201.29
335.62	347.79
181.22	211.00
107.34	72.38
427.14	755.33
225.71	275.33
219.90	293.57
210.09	185.99
135.51	157.51
68.14	66.62
235.09	53.00
409.04	398.75
579.44	901.00
964.82	681.78
213.51	220.03
334.00	274.00
150.79	78.11
131.59	140.29
68.94	118.67
437.62	523.00
711.11	996.75
228.90	147.67
232.18	262.63
133.43	146.25
117.26	103.00
288.77	332.89
115.41	134.46
272.55	391.29
96.90	62.75
141.52	119.74
136.80	167.04
2480.22	2968.41
243.46	244.17
255.34	222.26
238.35	274.00
53.53	94.90
48.02	49.16
220.12	165.00
246.75	104.71
245.58	320.57
269.05	317.80
427.00	584.00
129.05	153.20
242.31	225.69
138.86	166.12
2240.50	2220.44
121.20	128.17
238.73	235.73
187.01	238.00
301.62	237.82
165.50	136.73
100.34	85.98
290.12	341.94
176.68	131.50
346.00	340.89
123.56	163.93
216.43	167.08
59.77	67.31
94.83	102.70
75.13	69.33
682.39	730.00
230.59	204.88
299.17	337.48
734.97	1007.00
146.54	158.25
601.33	438.58
105.85	115.92
84.81	89.22
292.78	312.55
178.77	187.92
20.30	14.02
321.21	283.23
252.76	267.55
238.21	215.36
78.30	73.00
194.99	150.65
243.24	243.22
249.33	262.00
160.40	159.09
181.33	187.58
212.38	217.61
154.51	213.84
106.49	93.25
23.42	22.25
339.44	382.88
231.24	291.83
181.74	194.93
706.76	710.92
126.33	135.83
80.17	53.81
231.14	215.27
194.97	167.25
354.93	315.20
135.98	167.55
135.89	141.06
344.29	355.21
295.00	258.67
2856544.28	3421926.47
138.06	127.07
203.31	229.86
587.31	375.45
36.32	42.70
206.83	212.27
110.83	134.33
61.16	79.74
92.71	104.73
82.94	68.91
136.31	120.29
679.38	319.58
195.14	214.80
129.57	119.00
126.30	117.52
123.19	128.58
495.30	352.20
204.11	229.70
383.36	425.25
414.00	327.33
190.15	191.70
493.02	644.60
236.03	213.96
176.50	127.67
480.57	585.00
146.72	117.93
232.15	426.25
687.73	596.65
196.72	204.46
108.54	118.96
556.77	542.78
206.00	177.50
79.06	84.15
436.50	325.00
368.67	350.75
218.53	218.13
73.57	72.98
2375.09	135.19
214.75	207.50
40.99	43.44
99.51	65.33
617.59	797.40
184.14	133.91
150.80	136.40
185.11	200.00
212.20	246.83
670.93	763.36
197.70	206.76
169.79	118.89
65.82	53.00
237.40	240.28
158.09	136.87
119.95	111.49
317.88	219.92
88.35	61.39
506.50	461.67
176.14	183.71
835.43	1111.00
88.52	83.67
290.78	314.33
185.00	162.80
196.55	479.93
265.67	435.50
413.45	433.67
765.31	950.02
112.64	80.75
342.77	270.04
221.83	283.00
986.26	2041.40
663.08	1089.57
534.60	518.33
514.23	598.10
181.32	180.68
389.98	446.43
468.74	466.52
289.26	344.49
213.25	152.17
115.36	121.74
111.81	125.33
80.69	90.72
469.20	416.17
322.62	306.43
601.60	552.57
28.30	29.67
114.42	143.96
64.71	48.54
145.98	166.00
68.43	72.40
192.30	183.50
98.20	39.92
81.76	108.00
202.38	162.25
125.38	126.86
135.89	100.25
258.43	263.20
277.99	299.80
298.93	273.05
212.70	187.60
1406.22	164.67
353.49	358.74
179.75	237.98
119.20	131.00
18.25	6.60
146.47	142.99
367.84	507.25
244.68	268.09
242.59	80.41
9.68	10.48
89.15	83.89
107.40	102.00
640.09	621.11
147.57	166.89
93.81	96.23
270.77	332.31
159.58	158.62
194.21	184.33
580.03	411.05
81.89	138.33
43.52	4.37
132.93	131.84
167.55	173.93
473.80	432.56
223.42	591.50
129.04	138.62
359.88	402.29
46.73	26.27
280.63	387.27
100.50	117.45
367.45	377.55
98.33	139.60
202.38	172.48
295.04	347.75
152.45	167.13
160.57	149.50
327.57	297.50
242.35	193.73
373.42	386.33
730.44	675.80
524.34	669.53
219.68	226.10
93.06	56.26
233.47	275.40
539.55	595.40
415.60	425.23
147.29	162.84
263.82	191.18
98.02	77.35
86.78	68.98
394.38	545.57
144.69	159.00
95.66	82.76
155.43	113.75
137.31	202.11
393.69	473.00
211.09	242.46
116.82	137.75
171.80	103.00
157.39	163.52
108.27	113.13
107.25	153.52
97.68	105.00
279.10	371.48
722.66	768.72
139.53	161.05
108.00	115.67
93.81	102.92
294.98	278.20
518.27	512.58
150.70	223.47
148.26	41.02
539.00	597.00
665.67	808.40
93.00	120.00
223.08	166.57
37.57	16.03
267.82	278.86
220.88	338.33
229.35	206.03
314.11	333.67
95.33	108.67
250.16	190.72
272.43	301.00
126.32	92.20
143.33	113.00
220.96	232.23
108.10	109.16
75.84	75.09
262.52	130.67
162.56	178.17
177.87	193.65
255.21	255.60
95.46	98.38
245.90	246.02
154.28	190.25
90.59	92.13
166.49	121.98
91.86	69.75
186.50	139.88
130.87	115.75
205.74	193.27
146.32	154.67
764.50	847.45
382.79	144.74
10.12	7.90
1184.00	579.00
329.80	347.86
383.87	389.27
1211.62	226.16
289.16	333.85
257.51	257.66
51.39	63.46
221.95	229.58
91.78	95.57
137.71	70.22
1508.26	1849.05
1251.38	132.60
220.75	244.62
120.86	159.33
281.65	289.73
440.61	91.98
233.50	322.00
440.96	341.85
94.36	87.58
243.65	210.08
72.95	77.66
294.65	276.21
476.86	554.33
64.23	58.63
170.25	168.99
246.21	254.99
77.56	81.28
97.42	94.50
133.75	132.93
203.65	177.17
279.69	268.46
58.68	32.77
268.86	206.15
156.53	197.08
215.90	235.20
176.62	212.62
894.67	945.31
70.95	42.67
460.44	489.80
252.29	54.00
143.66	154.38
172.35	203.00
149.62	159.31
100.37	124.21
40.98	47.33
568.89	388.79
35.47	8.17
620.56	822.00
283.29	382.00
159.00	160.75
176.69	165.80
114.01	133.97
95.14	60.11
470.90	734.00
241.33	304.67
79.95	86.89
424.38	433.80
285.38	278.98
33.28	31.33
418.80	447.56
383.67	281.25
142.66	187.00
345.75	248.30
147.64	157.50
147.66	171.52
83.35	75.00
115.98	96.25
184.63	168.67
814.86	641.75
222.85	284.25
1133.43	974.29
130.75	213.66
187.06	172.72
1028.67	1386.00
61.65	45.32
190.72	218.67
1114.43	1658.00
203.09	194.91
192.83	315.20
203.40	133.65
276.61	237.86
165.25	125.57
242.79	247.77
167.85	170.91
249.89	234.67
117.76	123.81
329.19	362.60
126.95	128.56
111.50	130.67
215.63	213.25
46.04	46.35
116.98	104.47
158.63	172.71
559.80	635.75
239.81	272.60
141.68	84.08
122.38	118.84
123.20	145.40
245.75	370.50
6163.60	6590.86
571.12	570.40
215.62	50.67
62.40	28.33
110.05	95.70
134.64	136.60
266.82	278.90
176.35	193.75
88.46	58.40
112.71	121.64
219.71	210.50
241.00	127.50
369.67	454.86
126.34	127.87
176.33	131.50
228.95	240.04
122.63	160.67
109.11	97.40
90.91	97.97
1473.67	343.60
212.77	261.48
619.93	521.71
200.58	266.33
167.86	156.96
91.60	83.07
65.46	115.44
245.50	154.33
196.38	218.57
276.50	261.56
310.84	303.11
350.94	410.69
91.42	95.57
187.98	220.54
142.91	133.10
582.69	704.29
24.54	18.22
72.90	53.38
177.53	166.75
223.89	224.45
212.94	254.88
336.47	315.88
126.65	135.59
297.08	353.50
332.30	264.14
175.42	187.82
304.61	312.68
182.00	220.00
193.13	159.52
310.67	264.67
147.53	130.54
263.20	181.14
764.50	725.86
138.31	124.08
150.55	140.33
237.88	279.80
327.09	114.33
91.88	116.98
124.16	125.98
290.68	267.33
296.94	294.64
1593.16	2103.07
325.15	355.97
69.24	70.68
225.25	236.10
210.06	232.31
310.52	322.27
368.31	313.19
180.63	192.33
129.81	127.34
195.18	149.10
6058.67	1198.00
275.50	218.20
185.42	177.66
124.61	99.69
139.35	55.96
337.33	302.33
278.43	331.67
53.27	67.42
562.59	239.12
115.42	101.88
339.00	465.00
99.39	120.40
272.97	303.42
142.40	158.56
58.51	67.03
254.41	293.22
955.72	931.58
421.25	487.75
289.40	278.00
327.67	268.67
461.90	430.80
33.97	34.35
355.06	379.45
157.50	164.33
181.58	134.60
105.26	98.24
268.29	264.53
125.36	122.43
286.47	286.30
331.12	304.00
56.94	59.49
121.47	95.24
592.38	602.50
222.29	210.00
362.25	288.40
291.68	338.61
6.83	4.07
341.56	354.67
163.50	189.67
79.54	99.94
259.39	115.33
175.58	182.67
131.22	108.33
183.89	240.75
123.66	124.34
208.29	233.00
196.74	179.40
335.06	312.08
404.55	413.79
254.83	257.26
231.50	174.33
332.07	365.30
2650.20	2621.42
1083.54	805.85
245.71	211.36
156.19	168.70
594.62	660.60
239.24	227.70
141.88	130.97
322.40	305.50
146.81	141.63
135.46	143.40
42.32	50.87
193.20	115.26
304.25	289.86
930.32	585.16
106.27	154.51
2750.77	1221.18
694.48	641.50
596.71	620.60
66.20	68.96
309.16	253.43
122.83	121.39
328.02	398.90
237.06	217.93
142.25	156.29
127.95	4.95
170.43	160.73
68.90	39.24
269.70	254.31
110.11	178.80
147.58	129.46
246.83	246.93
63.12	61.85
322.77	96.50
563.91	818.00
245.50	223.12
86.59	107.06
173.71	183.31
46.20	55.92
168.56	173.75
180.62	210.00
69.30	57.55
440.15	721.67
250.58	242.10
380.19	241.88
98.99	78.47
244.71	250.23
178.50	189.80
172.73	185.31
67.29	72.14
270.17	146.00
258.45	325.43
283.27	236.80
155.10	98.48
253.41	289.08
148.78	152.38
311.54	301.80
200.06	181.64
305.50	284.00
450.73	459.43
311.00	285.50
186.71	304.67
247.18	249.04
462.64	410.12
126.79	128.22
244.38	291.80
47.78	31.25
1510.00	2256.00
215.83	227.34
374.08	488.71
138.10	165.60
207.34	192.89
843.67	1104.77
109.22	59.00
181.39	145.82
286.89	306.50
170.36	136.68
154.40	92.71
184.06	258.00
135.00	131.00
75.37	74.40
126.56	135.87
80.66	55.90
597.18	631.43
155.88	172.20
151.91	146.54
578.08	596.57
200.98	176.06
155.26	118.93
187.71	185.70
238.56	159.50
28.00	20.68
186.50	165.66
214.40	223.90
22.14	19.73
172.46	178.22
207.64	258.19
176.32	133.50
274.04	180.06
161.50	159.83
849.68	923.90
214.14	187.43
82.05	72.35
18.34	22.67
109.15	96.67
249.87	119.47
210.36	150.36
37.81	46.13
129.76	121.59
307.74	355.69
203.33	277.33
335.00	114.67
407.00	578.50
319.59	333.42
9.04	8.99
935.70	798.00
1552.09	2110.86
304.00	424.33
111.89	118.08
191.57	212.84
86.94	66.65
105.55	87.88
275.00	203.00
22.34	18.49
374.70	346.67
267.14	284.50
350.71	387.75
171.29	258.67
123.13	130.12
221.51	223.06
200.44	165.80
72.47	100.40
4551.44	5393.80
428.35	466.82
221.24	231.12
186.18	159.84
259.27	222.66
232.57	183.08
103.74	101.25
125.80	98.20
899.50	993.60
208.13	242.69
259.00	289.00
144.25	124.40
559.43	618.00
458.98	531.98
446.36	476.41
3505.53	5353.25
415.22	486.17
283.95	260.06
132.03	116.76
69.26	70.17
54.81	53.57
102.09	87.20
248.18	267.14
211.17	285.00
1564.22	820.00
304.36	134.00
1703.53	2094.36
595.38	506.80
243.95	236.75
136.76	180.25
180.79	188.46
194.62	243.60
315.64	340.38
58.75	63.95
274.96	299.65
142.68	113.86
1062.00	1868.67
333.05	323.99
746.40	957.90
1316.17	1443.56
250.64	250.70
343.83	386.75
177.23	128.46
322.04	341.08
185.43	197.06
189.61	216.42
140.24	156.27
143.48	96.80
129.91	143.00
37.59	42.58
141.98	72.97
194.78	209.98
285.20	255.13
344.29	364.75
114.44	128.25
209.70	203.16
46.30	45.19
719.86	781.12
114.52	131.21
121.67	150.90
109.96	111.61
145.41	154.38
215.49	189.25
222.84	235.79
177.57	168.30
150.91	156.65
383.15	456.67
96.20	92.33
265.18	280.64
143.80	111.00
1467.11	1447.30
247.59	117.93
256.70	281.61
1472.29	1652.50
378.76	414.50
256.16	267.59
87.98	78.35
168.33	205.67
135.14	175.00
196.54	178.75
288.80	183.11
212.00	216.53
171.33	235.35
144.05	161.82
275.96	266.84
101.13	117.10
304.70	409.82
205.86	154.67
43.79	44.96
320.90	100.64
153.07	162.72
215.70	262.80
213.42	217.38
38.04	39.48
748.22	453.50
152.01	220.93
542.61	576.75
378.84	386.43
1168.23	1265.06
163.27	170.71
221.44	244.33
223.73	135.62
193.87	199.79
790.75	280.43
280.14	316.00
151.35	81.60
347.09	286.62
165.28	164.22
512.33	530.67
3748.86	215.33
161.54	107.22
88.08	88.43
248.75	233.72
363.04	351.57
369.45	381.12
258.56	205.67
388.12	444.42
273.38	454.69
470.75	435.00
163.68	153.30
218.00	222.14
362.83	384.22
267.10	282.36
920.05	250.44
645.89	554.80
367.88	352.74
52.15	56.14
183.00	244.17
132.62	166.28
123.97	165.33
135.81	104.99
399.18	409.18
287.02	316.78
136.58	141.53
248.43	299.19
339.89	457.50
319.98	367.00
72.11	68.77
196.67	175.00
1156.22	1471.00
83.38	89.76
220.10	210.44
193.03	175.52
333.36	358.61
179.88	174.54
253.64	301.80
90.53	64.86
1466.43	795.98
272.77	318.75
365.86	301.67
285.27	328.00
340.76	330.07
44.42	39.75
186.93	270.25
220.61	240.38
89.91	103.00
1328.09	2469.43
742.43	136.83
440.50	428.67
216.67	258.33
423.96	420.88
208.05	172.29
190.18	169.67
412.73	392.64
85.24	130.40
225.71	277.50
40.58	48.37
1449.60	1410.17
86.24	99.20
55.38	57.95
97.71	88.60
124.64	126.85
794.07	661.36
164.45	183.70
2411.14	4386.29
349.00	323.83
265.40	208.00
29.28	50.67
364.70	405.83
184.62	160.63
140.50	40.33
356.71	262.50
199.79	203.27
305.48	386.50
841.06	984.40
105.33	79.98
228.29	92.87
404.75	432.86
169.14	157.80
32.17	36.52
214.66	194.99
129.05	165.10
133.07	71.54
83.12	90.21
100.77	88.81
26.62	31.09
172.08	148.37
97.40	77.11
107.91	110.83
22.78	26.67
702.24	696.43
205.63	175.25
107.13	89.57
143.05	149.62
56.48	76.36
293.19	164.00
184.44	182.83
113.74	133.37
203.86	205.22
111.67	96.11
15.72	17.31
58.06	80.83
222.89	179.83
291.58	302.10
277.00	170.50
72.28	87.99
306.45	299.78
297.63	299.40
2574.53	3382.82
377.40	403.30
87.57	63.47
59.60	44.41
219.17	188.20
216.19	331.64
256.90	269.14
109.12	120.20
226.52	249.50
371.30	540.12
442.14	605.00
69.57	69.55
211.09	236.54
216.67	268.71
253.31	237.56
108.50	104.36
73.05	85.09
77.82	67.82
1312.80	1555.75
246.97	84.27
175.36	140.29
149.24	158.79
72.60	70.61
41.35	55.93
373.62	274.56
221.80	222.57
110.53	118.11
430.91	690.19
130.83	131.33
135.69	137.63
430.31	465.50
312.14	404.17
455.19	484.29
177.13	185.80
326.38	211.60
99.50	74.20
202.34	162.94
600.56	194.20
262.85	289.22
298.87	299.44
813.19	670.55
123.59	108.00
58.53	50.82
1306.16	1752.62
209.35	176.84
100.04	98.39
30.28	29.30
911.17	1131.78
989.80	1019.15
140.96	116.76
161.12	138.24
79.02	75.27
266.33	345.33
169.76	187.42
249.90	125.33
207.74	194.73
315.55	421.92
389.65	527.96
464.00	449.00
501.33	584.83
169.36	179.22
89.95	100.02
34.93	29.63
159.66	139.80
82.77	75.44
2209.81	249.73
189.70	195.38
271.04	383.50
94.56	105.72
276.63	263.30
123.76	131.25
108.43	137.50
2567.25	4855.25
242.00	272.60
202.60	171.94
410.77	448.04
157.44	192.00
147.80	119.90
181.98	246.16
191.41	196.73
390.45	302.07
216.33	263.86
66.19	83.07
125.31	93.41
164.44	122.92
103.50	64.12
121.15	103.30
346.98	350.34
235.59	207.89
963.38	1578.66
157.45	180.62
182.28	151.38
94.22	145.40
177.87	183.11
6269.23	3506.86
357.35	420.58
411.23	432.00
75.93	82.44
438.48	401.76
167.73	169.27
118.63	116.36
159.66	171.67
307.79	128.17
150.34	152.11
159.31	160.20
168.35	174.61
107.75	87.06
120.49	101.33
402.86	409.50
125.75	123.54
336.57	262.00
1086.00	1418.57
278.95	274.51
29.98	33.15
226.59	487.25
150.33	179.33
54.96	72.00
8234.50	6164.85
220.43	169.83
564.00	365.75
184.20	157.40
364.92	542.12
60.79	65.98
52.41	62.23
232.56	160.66
176.49	106.90
301.85	335.24
536.54	601.44
245.71	228.33
192.40	207.29
422.38	520.17
111.85	83.16
89.97	152.50
171.66	184.21
163.96	171.12
51.47	39.91
170.17	184.22
162.95	167.22
168.75	104.87
47.97	36.54
156.22	153.21
53.08	47.31
143.11	159.78
173.43	77.25
160.86	30.25
263.98	345.70
2209.85	2805.61
128.52	93.50
235.44	293.15
94.00	95.67
146.77	121.88
214.54	42.32
251.32	279.75
105.36	127.19
846.98	835.71
222.11	163.75
414.87	395.52
105.80	117.50
167.30	201.14
79.86	75.17
130.86	129.55
924.83	1088.67
806.54	867.27
176.92	194.30
91.14	72.00
123.33	106.98
179.68	192.97
149.81	136.57
576.12	883.75
235.14	213.74
446.86	546.25
383.20	417.29
1553.62	936.17
88.57	181.50
260.95	228.09
144.76	79.52
1260.85	1399.72
607.83	154.67
136.59	137.49
175.17	136.67
608.96	671.86
93.31	96.94
152.79	137.85
92.73	176.15
231.08	204.30
142.78	190.00
1475.28	2465.50
311.63	409.76
8539.79	5584.57
115.40	148.09
154.45	78.12
160.30	133.23
508.79	1105.00
612.75	301.25
226.58	233.56
278.00	240.50
1292.11	173.67
190.62	131.00
231.25	222.40
224.21	234.86
1091.67	925.67
103.67	77.85
197.56	212.80
591.63	690.16
271.24	113.96
110.97	120.69
158.16	236.45
152.88	179.25
176.24	166.99
699.35	1029.70
233.00	189.00
117.55	108.60
130.55	134.66
181.38	221.40
174.05	201.42
199.98	233.90
234.01	249.87
447.88	82.06
338.15	378.58
28.32	27.19
196.41	200.93
402.91	484.11
156.78	95.15
302.24	126.78
292.19	346.71
674.75	621.56
192.18	467.00
275.81	261.73
535.38	751.68
156.18	95.83
323.69	493.00
172.25	188.78
64.00	92.33
1648.36	1348.67
1322.17	850.50
1236.19	444.23
1430.22	2476.60
89.35	93.28
251.80	241.68
110.11	109.54
233.21	251.55
214.64	290.00
288.52	137.78
136.16	94.93
123.88	122.00
348.58	370.86
212.57	342.00
159.76	142.06
30.92	24.41
294.62	263.60
89.47	81.14
1287.00	1323.17
187.97	221.68
51.92	121.80
257.86	281.45
251.62	228.98
543.06	930.29
151.02	153.91
136.00	160.80
107.08	152.27
344.49	245.78
445.90	428.17
76.80	83.66
142.50	169.88
229.44	394.98
59.95	54.79
181.94	169.61
102.65	92.67
343.02	370.06
133.08	126.36
433.61	482.76
89.12	71.69
87.68	88.92
93.29	95.46
410.62	274.25
163.44	164.92
89.28	75.77
410.43	394.50
2356.98	2122.08
132.69	130.20
183.53	211.60
380.43	430.00
159.20	187.75
551.53	554.67
166.27	165.67
207.92	221.77
350.93	344.63
219.70	221.50
140.58	112.99
157.60	232.55
123.95	12.90
201.70	277.83
372.50	282.64
254.52	196.04
220.75	231.67
216.39	291.67
211.55	181.60
347.91	325.14
391.08	433.89
145.00	114.75
158.07	146.88
187.25	189.59
165.07	189.60
126.86	128.50
93.37	78.58
193.14	250.76
149.12	130.40
301.99	175.11
129.44	179.22
706.11	72.78
139.14	112.75
143.43	77.25
69.13	62.18
452.15	649.14
319.33	248.00
386.73	390.59
286.54	266.41
313.61	364.06
95.91	46.25
164.00	166.89
204.13	151.00
195.39	216.83
182.02	161.74
280.32	255.47
278.15	268.85
71.54	64.60
277.16	250.60
71.51	95.97
393.46	247.50
122.66	58.57
531.40	594.81
90.74	32.07
45.26	51.96
316.98	115.63
47.80	18.00
111.67	77.83
67.79	71.14
109.66	135.03
153.83	139.35
476.33	407.00
181.11	180.00
270.17	312.40
472.07	431.75
157.04	64.43
202.97	251.93
236.34	250.09
1943.61	2227.38
461.22	489.39
226.96	231.92
71.18	30.57
143.00	186.35
217.94	124.88
207.48	147.97
1822.90	1704.69
170.72	160.40
113.97	93.07
2820.24	4022.30
61.67	45.40
387.82	405.70
248.14	355.25
128.58	104.80
209.07	188.86
71.41	78.13
194.14	223.75
131.89	136.71
287.20	289.51
210.04	195.87
127.11	138.36
88.55	100.13
202.46	201.60
109.65	97.36
255.40	170.07
191.90	172.22
179.68	134.83
89.60	109.50
252.57	255.29
285.00	283.50
212.29	217.50
349.36	363.82
132.11	150.45
60.89	50.30
69.75	73.77
242.47	252.00
205.62	147.80
103.91	94.57
134.45	154.25
1171.55	1162.50
51.60	49.17
477.95	527.06
174.29	186.00
292.52	277.88
8606.44	12654.83
4941.56	11035.38
242.26	234.75
209.93	204.44
465.70	932.61
693.38	495.33
145.48	141.57
288.08	279.47
170.06	185.65
870.36	985.47
724.33	399.50
127.33	120.66
209.19	145.26
183.08	176.89
207.23	225.75
86.59	92.45
214.41	160.74
142.00	121.50
243.29	264.74
239.45	273.50
252.15	276.76
300.69	241.80
209.00	115.67
126.49	135.50
184.27	165.00
318.83	625.33
276.64	95.00
90.50	116.24
799.50	854.57
468.38	685.11
1045.54	1949.88
96.08	23.93
54.59	46.90
251.42	270.62
147.07	132.50
132.41	124.64
198.00	226.00
119.50	86.12
382.83	421.33
253.10	310.50
396.88	372.50
164.38	189.00
133.69	152.80
446.67	580.83
169.62	181.00
472.36	165.05
123.57	118.84
152.69	155.99
146.45	140.69
174.36	193.29
276.45	433.33
178.24	167.91
196.35	191.62
160.11	136.00
73.06	74.46
70.27	60.96
108.20	109.81
161.23	173.12
120.13	108.22
160.99	126.61
107.17	113.33
638.04	1295.50
299.56	276.00
475.67	502.60
673.73	736.30
290.64	212.67
248.23	248.30
370.78	289.00
210.02	187.10
317.73	370.75
226.26	296.00
394.77	436.16
190.86	152.00
145.58	202.77
239.38	213.56
337.81	352.22
226.57	302.50
409.71	486.25
167.66	140.75
83.33	67.67
51.80	88.22
160.05	160.10
500.11	541.57
2255.00	3451.60
265.17	291.00
1147.12	552.25
55.65	50.20
412.46	543.45
730.33	537.67
91.15	129.36
158.68	164.54
300.39	205.97
151.31	154.50
73.54	50.27
732.83	1601.62
260.64	274.03
282.97	412.95
177.17	175.11
365.35	312.40
100.05	100.35
494.13	496.33
154.43	135.29
296.47	381.55
90.46	72.98
172.09	168.70
346.43	252.75
239.25	231.62
268.62	284.62
233.91	266.00
1187.44	1187.50
337.00	322.00
106.43	97.00
171.25	166.40
160.44	139.34
57.05	68.10
171.40	208.33
53.38	60.92
107.06	112.43
201.48	254.33
232.17	287.58
305.36	281.04
358.81	414.50
308.90	281.00
74.71	41.70
197.10	178.45
29.29	38.23
131.99	257.33
229.10	277.77
189.69	189.53
86.06	102.90
467.43	272.50
395.78	432.61
148.43	155.75
48.86	62.97
1915.50	3239.00
388.56	495.50
253.00	256.20
630.04	276.46
235.27	267.01
77.37	117.20
875.65	932.50
94.62	99.86
709.99	188.22
121.99	180.78
136.29	127.93
398.23	440.25
1279.33	1779.83
217.51	201.98
77.83	88.97
109.19	112.00
250.12	163.80
37.85	34.13
60.53	58.81
118.72	131.36
165.90	277.85
54.36	57.81
131.52	135.78
274.11	226.25
226.90	238.87
113.63	153.11
218.88	174.92
189.77	206.11
299.27	354.50
122.06	123.23
344.73	325.29
782.48	492.82
286.17	389.42
432.00	398.25
43.87	65.77
145.55	159.18
145.33	131.60
125.54	94.33
125.39	111.58
32.95	36.14
155.12	187.44
229.04	272.19
94.21	93.67
545.64	575.07
20.11	23.01
218.48	227.71
173.64	176.59
171.97	130.70
188.53	166.83
127.76	176.20
221.35	205.48
119.25	116.80
478.88	454.84
2722.75	2821.60
15.87	21.36
104.45	78.34
311.10	300.00
72.27	36.23
161.51	178.40
303.56	301.71
2969.07	2895.30
264.97	210.14
227.04	256.77
167.41	173.59
400.20	556.50
238.65	218.30
3069.08	3575.12
159.42	130.20
298.26	96.54
72.56	67.83
233.50	243.89
194.78	205.10
122.82	194.33
1508.12	936.00
218.13	172.20
383.77	378.42
200.00	203.29
321.76	317.29
869.68	159.51
281.96	320.10
424.50	314.71
126.81	103.83
34.07	33.50
295.76	356.36
159.86	150.98
148.91	156.50
116.00	120.00
55.99	56.28
433.96	445.62
293.83	219.40
92.69	127.90
82.96	67.92
269.50	233.20
280.70	314.83
314.11	309.57
361.65	488.67
113.50	125.73
356.42	401.69
242.00	254.70
1289.44	1023.17
175.71	231.14
381.33	347.17
98.89	163.33
223.04	232.40
180.25	174.11
692.30	1053.98
263.12	267.00
141.62	103.92
330.21	408.43
157.78	137.93
83.54	84.33
151.33	181.33
139.18	141.95
493.14	239.67
266.75	288.67
51.99	45.72
230.14	224.29
142.35	130.56
403.94	294.76
287.05	355.91
192.87	211.36
347.25	225.00
148.41	189.68
109.91	74.57
48.41	59.92
208.93	209.56
768.53	806.02
175.35	130.30
115.68	106.00
314.82	537.67
301.46	316.55
397.73	237.90
229.42	188.11
62.38	51.45
1427.08	2013.22
191.19	192.27
63.00	55.20
297.70	291.85
157.86	137.77
221.62	205.50
156.08	149.32
222.77	184.85
90.19	102.02
76.61	79.30
90.71	98.86
149.07	160.75
610.90	582.89
161.00	143.32
309.18	390.00
270.25	260.65
54.78	56.93
64.37	73.20
151.33	171.10
162.29	164.60
100.94	78.86
281.33	203.50
292.36	191.00
877.75	1026.12
58.99	62.86
55.28	66.50
95.29	133.16
84.57	94.69
334.40	234.33
140.17	144.88
225.64	266.83
179.43	179.17
241.21	211.56
63.38	60.47
435.00	429.20
307.55	271.87
4245.29	3465.67
158.17	172.54
223.29	147.33
211.44	191.00
125.62	132.00
270.83	304.36
311.82	277.88
63.24	67.33
230.48	69.97
431.33	440.82
138.10	22.93
43.64	31.50
388.92	530.50
143.11	148.07
163.22	121.44
251.24	282.98
102.91	123.04
112.11	116.91
219.10	204.20
205.65	161.11
961.62	902.00
330.42	292.09
533.66	495.78
100.46	163.33
104.60	111.17
119.33	144.67
192.26	181.50
234.43	193.50
292.97	319.38
89.38	76.13
267.71	270.79
77.21	77.20
458.92	371.80
152.96	164.81
84.85	85.47
277.58	324.46
209.10	265.00
156.63	57.53
745.00	696.75
277.56	290.13
94.87	92.00
129.54	126.13
15.41	11.87
319.80	288.43
109.68	99.56
361.21	417.38
87.30	104.23
455.86	225.67
464.03	477.68
211.51	105.51
299.24	243.91
146.75	77.59
134.68	79.76
267.18	398.17
284.39	285.79
114.31	167.93
248.29	283.56
200.41	217.29
419.21	509.78
186.41	134.32
330.06	447.88
179.56	182.00
35.44	36.30
348.21	386.70
512.96	414.93
381.38	729.75
349.12	282.92
122.55	107.62
495.50	434.71
205.73	215.35
477.90	248.00
184.38	170.03
93.93	111.52
648.63	883.28
166.46	176.06
271.61	317.42
329.86	251.67
111.06	140.00
211.89	209.00
207.50	190.33
380.76	471.67
357.18	340.62
138.29	98.33
187.50	118.33
206.94	134.99
165.72	173.68
282.86	240.47
454.50	352.33
59.72	72.30
124.37	100.05
423.32	377.06
480.86	851.67
1647.96	2068.80
366.50	410.92
469.56	482.43
174.94	187.73
2473.69	2759.33
288.17	211.67
288.77	255.45
184.99	151.75
279.92	279.00
794.63	956.33
439.43	425.67
416.01	453.75
276.26	288.41
172.38	180.26
431.24	377.54
829.33	730.89
401.11	285.33
179.07	203.69
240.39	239.87
495.19	506.09
149.11	155.67
270.86	287.00
174.34	376.20
166.75	174.23
204.25	184.23
232.28	352.55
96.57	83.40
194.57	200.41
240.53	250.97
174.46	177.02
479.33	596.33
278.63	270.50
1590.71	249.50
390.07	238.88
621.31	586.22
173.47	200.08
332.21	353.47
96.40	138.75
180.00	234.80
133.54	130.37
140.88	138.15
140.81	136.10
136.04	145.12
118.35	127.92
133.89	120.86
34.33	35.33
368.68	424.50
534.71	395.33
568.18	497.61
234.73	218.14
93.32	37.88
468.44	260.85
201.27	174.88
955.23	1709.56
250.62	247.96
78.28	97.12
173.00	175.00
2437.76	2438.25
761.50	148.27
197.70	254.90
34.20	37.45
193.08	200.89
264.25	180.29
72.50	86.02
339.30	306.09
152.50	179.60
85.31	88.52
194.45	193.53
876.45	832.00
261.00	246.75
671.60	812.40
213.18	229.60
135.18	114.26
85.60	62.40
94.28	97.43
281.00	394.67
315.64	270.78
215.67	173.06
109.35	123.96
187.36	99.40
188.59	203.83
94.17	118.67
91.88	111.36
356.86	315.75
282.86	291.30
341.88	209.80
290.04	435.84
369.23	347.84
423.74	442.46
111.02	117.97
73.76	68.47
175.86	202.90
258.29	220.75
145.43	135.25
1109.21	1566.82
355.80	351.38
63.11	83.43
27.41	24.67
62.96	44.91
331.01	359.97
96.86	84.67
60.62	35.22
409.14	94.33
183.82	182.58
316.00	283.00
75.47	88.97
271.72	217.14
140.40	96.00
270.35	257.32
138.42	154.40
372.35	371.67
721.80	746.44
28.62	33.36
291.28	311.05
486.23	557.62
57.89	65.34
530.00	719.33
232.21	270.34
1180.32	1375.29
219.69	191.65
284.38	269.46
138.04	111.92
652.84	735.18
380.90	439.57
196.72	121.70
116.85	175.50
183.50	176.14
674.91	930.43
109.41	112.03
783.00	457.17
732.72	873.45
215.88	297.67
222.82	291.14
132.66	148.17
1378.93	1549.91
288.33	387.33
971.47	1754.00
362.27	530.20
838.50	1914.67
244.13	257.83
162.54	144.90
396.53	520.43
163.22	146.76
1715.45	2541.29
4.26	4.86
99.83	93.89
155.18	158.14
363.67	410.67
199.67	137.33
640.08	666.33
150.23	153.14
507.00	522.13
235.77	247.10
295.80	335.86
1189.83	1262.33
284.45	294.43
101.00	122.71
233.38	164.40
499.50	431.67
445.00	525.38
137.78	174.11
541.42	370.33
2968.50	2318.00
143.08	118.95
177.62	64.57
115.13	120.67
388.45	533.67
57.97	17.14
163.56	202.49
306.80	312.08
336.07	399.68
125.06	150.60
93.80	56.27
1949.67	1843.22
319.32	169.57
810.06	971.67
234.11	199.17
151.89	140.11
330.50	391.00
516.91	606.02
100.33	215.03
234.77	294.42
491.75	555.17
203.67	222.56
281.77	185.56
179.61	119.32
882.56	1072.20
332.92	338.44
2440.58	2557.59
341.00	427.71
92.82	99.60
206.40	187.50
178.37	3.41
180.00	144.80
34.69	41.98
86.08	92.71
124.24	138.96
59.77	33.90
403.17	347.00
474.01	162.74
239.72	159.09
299.81	304.39
234.22	244.83
462.25	412.99
46.30	48.00
183.75	225.81
299.33	358.78
627.39	781.64
2539.02	2587.09
95.90	72.96
430.42	470.40
264.07	253.17
233.33	198.00
567.12	163.25
2061.15	82.66
70.32	68.73
915.28	1780.59
2160.72	2921.38
204.71	168.17
71.43	73.10
149.30	325.28
252.65	290.44
363.00	350.26
99.54	96.60
191.86	209.00
194.68	194.08
111.78	102.00
2593.57	4342.25
332.01	168.56
141.52	76.45
95.98	88.16
380.92	176.66
240.50	292.75
417.55	500.15
243.99	227.00
64.86	66.65
135.13	156.72
157.40	160.36
155.22	160.83
218.58	362.00
349.67	457.67
334.44	412.00
927.54	228.37
149.77	150.90
261.24	203.23
206.54	317.67
112.49	120.51
245.71	405.00
82.33	81.76
283.09	287.71
98.92	195.30
331.78	408.67
53.11	26.42
225.41	211.96
216.51	188.83
368.82	290.44
35.34	54.12
142.00	157.80
543.35	712.94
162.11	205.17
181.81	50.89
138.49	177.40
79.97	62.56
97.43	123.96
1368.35	1703.67
244.84	249.61
191.62	219.13
177.61	270.75
246.43	128.64
157.53	160.59
130.93	338.33
204.38	285.00
266.69	97.27
153.56	182.50
353.25	363.00
156.62	176.00
202.89	245.57
293.17	334.43
352.15	319.47
83.01	85.26
39.91	45.36
320.71	332.00
219.58	368.67
384.57	400.56
1027.77	1320.12
205.21	228.36
249.38	165.00
381.66	350.68
356.67	355.12
53.00	47.88
181.62	185.00
72.91	83.50
183.16	135.10
499.00	493.50
257.88	205.59
83.91	89.77
296.87	278.55
289.56	268.96
119.26	100.88
130.75	105.66
304.05	325.91
270.05	272.68
178.25	228.88
168.71	152.00
91.86	77.00
437.30	416.50
379.81	235.25
372.42	667.57
110.20	115.24
374.44	305.33
99.44	78.83
170.29	156.20
326.14	296.12
268.00	279.85
151.48	154.11
129.54	288.33
458.70	193.91
330.00	310.20
77.73	74.38
286.29	100.67
111.34	79.20
104.64	109.14
260.11	279.60
378.50	285.00
109.86	108.27
130.13	105.88
488.09	580.94
196.23	192.75
1141.50	1307.37
647.00	739.25
204.89	224.85
114.61	160.57
176.11	150.67
170.43	123.67
154.26	154.57
732.69	670.69
349.12	44.87
242.87	227.43
310.06	281.67
321.32	326.85
126.71	115.75
471.50	302.00
114.50	132.00
91.66	83.87
345.89	382.83
181.86	157.75
74.47	101.76
171.91	173.08
152.73	154.42
31.03	41.82
201.31	170.75
420.20	404.33
159.34	145.32
82.47	57.93
131.16	106.66
55.74	53.67
424.11	384.33
215.79	296.00
112.70	156.33
156.75	165.36
71.68	66.07
298.94	319.86
472.17	390.33
316.08	274.50
166.71	104.67
74.04	71.63
177.73	166.06
18.42	38.10
515.13	560.70
137.84	127.86
266.03	208.12
109.06	127.65
208.43	192.19
207.38	213.00
180.56	216.09
136.91	139.23
127.09	114.67
248.14	259.25
149.43	120.00
230.37	250.92
153.38	106.57
663.52	753.65
233.88	177.25
267.15	252.41
313.12	369.80
22.31	34.20
107.70	152.33
189.13	193.92
141.06	192.56
120.58	171.50
380.93	411.09
79.89	61.94
260.30	289.38
799.39	1025.58
203.47	1.61
1099.83	90.33
122.45	135.25
84.05	89.70
351.35	349.56
89.33	67.20
264.16	224.71
203.12	214.82
162.15	179.47
498.76	459.06
239.43	171.00
150.59	159.25
195.27	222.25
58.26	69.71
309.67	330.35
95.29	143.27
150.31	188.72
65.95	43.60
360.73	274.80
152.19	113.62
274.76	325.33
665.85	787.33
256.56	281.98
187.14	153.50
76.46	92.94
391.25	390.00
165.23	187.39
370.44	261.47
190.47	180.61
367.00	337.92
641.93	541.42
140.39	140.63
143.08	165.09
409.60	647.24
395.34	345.76
858.86	331.50
203.64	200.88
333.07	378.57
306.26	303.65
51.67	57.03
1043.11	939.86
173.56	159.21
117.93	125.13
489.89	589.23
294.50	325.57
230.65	239.32
272.99	196.41
147.97	86.93
142.80	71.60
106.70	108.80
775.00	673.00
280.55	416.87
147.22	200.11
320.03	317.60
643.62	628.60
168.67	172.50
361.65	378.23
71.12	80.67
351.50	402.60
234.38	174.00
195.62	189.00
236.67	237.67
160.75	188.75
505.69	524.82
223.21	226.54
125.97	55.80
104.96	107.64
155.36	170.86
246.36	251.70
110.02	160.33
246.63	186.62
3193.40	3574.94
143.79	149.74
195.59	204.14
286.14	308.75
128.67	140.33
171.00	201.00
121.92	171.40
87.11	73.57
146.81	147.98
36.44	13.72
391.00	456.00
169.86	180.20
113.66	123.92
173.35	122.22
141.16	105.92
75.72	145.27
139.57	201.25
639.17	345.33
172.30	197.71
353.40	290.67
75.62	34.33
226.64	252.30
134.81	130.41
200.04	215.20
339.57	321.27
321.90	207.86
140.10	127.36
132.33	144.99
235.31	405.00
697.48	235.48
93.16	62.13
153.32	214.00
455.60	442.50
85.70	78.80
92.47	97.97
135.29	111.54
530.58	471.75
196.42	119.30
97.78	90.83
196.26	142.43
39.59	29.70
102.98	98.67
444.29	254.50
361.99	423.67
418.55	381.24
54.27	60.25
4907.71	4828.50
141.03	143.04
50.93	47.14
294.38	336.40
1459.14	776.00
148.70	131.32
150.26	126.55
157.43	154.07
84.09	96.80
181.71	178.80
56.41	29.26
151.05	180.98
92.55	86.27
656.65	756.31
58.95	69.30
76.75	76.58
79.36	62.72
431.21	493.40
65.68	49.36
1338.12	1423.60
53.83	63.66
442.23	508.31
408.74	463.92
291.18	436.86
169.21	156.00
246.25	168.20
182.59	194.62
337.47	377.62
235.18	160.67
491.91	190.18
252.12	238.49
28.99	33.40
398.73	230.00
61.56	58.27
423.69	528.00
29.48	32.30
83.82	94.46
123.50	168.33
64.39	51.22
186.61	159.15
268.31	434.50
1542.88	1686.60
1301.71	2106.50
564.00	628.00
306.12	225.43
1222.21	779.00
188.30	171.88
97.32	125.00
182.23	213.66
268.09	160.02
784.67	314.45
57.07	23.38
46.93	55.07
152.77	184.46
1198.95	1349.08
274.65	298.21
360.93	362.21
366.91	390.38
54.84	60.77
235.14	226.25
174.17	196.93
237.84	248.31
152.88	142.20
621.70	653.08
216.50	196.20
564.11	617.33
211.12	226.25
283.03	291.26
134.23	182.20
260.20	290.86
239.60	200.33
2214.33	963.00
168.50	68.67
52.46	30.45
199.90	267.12
313.18	365.43
59.72	62.61
155.53	101.40
50.85	43.36
179.50	167.95
435.14	146.23
285.29	297.69
115.02	123.85
72.20	117.00
192.50	193.36
93.74	100.00
3072.14	1175.66
291.88	318.60
266.46	256.33
1112.67	1059.00
200.83	193.33
871.20	1278.83
127.37	58.87
455.96	746.50
120.33	111.67
265.94	163.88
131.10	119.66
295.49	214.60
165.05	47.67
124.74	135.48
179.33	120.67
514.44	492.00
220.75	235.17
337.79	281.15
475.70	383.44
927.17	491.43
387.64	357.42
283.40	300.17
844.12	971.25
157.42	170.50
234.83	283.24
362.86	485.33
212.77	227.11
83.93	95.20
100.04	104.79
168.03	149.00
339.05	382.30
97.66	99.74
140.15	127.10
353.78	363.16
75.63	57.06
83.82	83.32
53.38	54.94
410.83	477.60
93.78	110.17
212.73	251.07
184.77	197.18
133.48	143.71
1553.95	744.23
3121.00	3296.40
169.50	173.69
170.38	210.25
852.36	24.85
664.73	383.22
134.73	120.91
79.25	56.00
398.53	348.57
70.69	84.54
395.40	442.07
354.58	392.60
156.95	140.80
115.56	98.97
164.50	133.60
101.04	109.93
149.58	89.87
127.91	146.09
236.13	240.44
151.12	88.98
384.17	257.89
3226.44	3295.00
46.54	45.59
305.86	306.89
140.34	120.72
152.60	143.71
242.50	173.67
127.31	135.53
94.77	50.92
2862.00	4756.40
75.11	59.19
254.27	314.07
99.72	71.96
125.13	121.25
178.28	182.03
86.34	72.65
262.90	286.33
12.28	14.34
449.12	299.60
131.00	109.60
45.00	42.98
182.36	194.18
166.83	195.12
98.39	104.00
140.43	140.25
360.00	316.17
112.77	55.28
3662.83	3010.62
128.68	87.88
280.73	302.00
165.79	179.28
81.09	68.43
1100.33	1149.25
1651.62	531.40
488.00	194.50
52.07	113.50
427.69	434.45
2946.00	4838.60
610.42	671.50
32.23	37.15
182.58	172.57
142.00	148.40
472.53	529.00
328.59	266.41
277.09	328.83
295.56	330.50
156.58	147.32
152.90	205.20
126.00	121.01
2353.00	1776.25
371.31	589.80
203.27	120.96
245.96	265.50
287.00	223.56
53.62	58.49
213.17	200.05
271.62	255.41
211.43	78.87
161.97	200.95
93.23	86.56
211.48	253.78
186.21	202.56
904.38	219.60
267.83	248.38
59.53	45.11
108.44	182.50
176.62	197.75
99.18	140.99
328.94	291.43
123.51	157.38
5.56	3.07
183.92	214.12
40.77	37.20
63.19	71.13
228.00	196.17
193.60	206.32
159.91	143.50
46.76	42.95
1043.78	1296.40
118.13	137.44
286.50	336.00
141.00	148.20
152.36	166.53
91.11	97.11
105.53	148.00
305.55	301.27
97.33	91.67
69.57	35.81
257.14	220.67
161.23	43.16
142.67	143.17
97.72	87.51
228.33	170.00
73.96	89.47
239.58	212.75
139.87	137.35
150.22	133.71
231.29	287.77
281.50	342.33
135.07	126.34
112.20	124.23
168.08	145.95
57.68	15.54
109.35	118.55
82.70	75.07
335.08	310.50
1990.22	1645.33
72.91	60.46
173.74	128.50
101.67	103.78
351.44	381.89
189.20	85.60
250.58	174.83
169.76	241.86
118.37	106.57
75.15	86.48
361.52	342.55
177.58	168.80
253.43	144.00
265.43	336.53
192.90	194.11
298.00	277.89
295.42	229.29
143.08	177.67
677.62	688.00
105.94	105.57
162.62	261.26
323.12	220.64
329.06	332.15
280.15	241.75
143.21	137.55
676.11	997.00
379.58	381.50
139.62	150.25
268.88	290.98
162.97	178.20
227.92	227.03
212.95	225.88
166.91	187.88
80.68	82.46
103.21	103.39
203.44	231.00
171.31	171.31
256.29	343.00
197.65	158.11
129.79	121.38
180.00	175.44
545.08	412.00
111.69	114.44
275.93	201.20
228.86	146.25
154.92	101.76
82.75	88.56
184.11	186.56
289.18	294.52
182.16	198.56
153.15	142.91
161.26	219.14
98.11	104.20
75.61	80.42
234.63	225.06
150.66	143.35
341.21	249.67
234.60	225.17
745.27	768.71
271.44	297.09
199.46	200.75
435.85	386.86
89.35	74.56
340.28	115.25
513.95	531.90
140.60	157.93
110.15	134.10
118.61	130.56
452.55	586.33
179.24	234.67
358.49	394.23
177.07	166.30
121.04	203.60
231.38	234.84
134.20	124.17
46.68	47.62
99.06	82.01
147.12	128.67
614.84	352.12
846.21	842.53
140.09	149.54
141.12	86.25
127.99	110.13
88.75	91.20
275.36	263.71
228.25	233.75
110.45	81.53
91.37	107.64
74.21	79.14
247.00	234.50
313.54	366.33
246.46	270.24
464.62	462.60
152.66	132.58
194.82	263.67
127.02	161.92
465.00	498.83
7140.56	6289.55
209.40	154.58
112.16	88.85
183.66	158.16
271.50	299.81
658.51	421.91
263.86	208.20
274.16	317.25
240.28	201.13
248.41	208.74
385.05	416.27
464.40	374.43
93.97	77.21
334.39	312.07
48.05	37.74
177.16	217.29
1302.64	1714.53
221.46	204.67
333.29	405.26
141.41	141.88
209.85	240.35
1668.11	1119.75
159.91	213.75
63.26	85.75
143.35	143.75
146.79	226.40
159.00	132.40
171.30	116.89
9606.09	6365.75
320.70	320.17
218.54	211.66
402.15	479.88
190.07	216.32
129.77	134.53
174.75	174.47
376.95	371.83
116.46	73.16
90.07	46.15
329.94	611.33
284.11	233.00
183.43	183.91
292.78	268.50
176.48	130.63
167.15	187.61
112.40	101.25
78.09	73.44
176.09	187.49
60.33	60.54
168.68	224.00
288.22	226.50
227.44	232.60
112.59	136.98
131.43	146.93
217.12	269.33
146.71	127.50
101.26	101.02
91.80	101.11
98.19	111.23
251.41	166.50
195.57	173.50
331.21	154.65
191.02	190.48
299.25	267.60
269.57	213.25
399.49	398.81
64.15	64.74
213.00	229.07
498.18	648.75
199.45	134.86
295.09	310.27
220.99	176.99
289.43	250.50
331.55	441.44
62.33	73.63
166.49	154.43
290.53	312.09
183.11	159.00
403.44	340.32
193.50	238.33
386.44	465.17
384.92	839.25
335.17	326.67
368.64	425.67
123.90	106.48
187.75	137.50
238.43	247.21
319.84	309.81
236.06	208.20
42.80	34.30
119.98	124.95
309.54	384.48
153.13	180.90
844.34	1050.09
192.45	127.62
134.25	87.40
389.99	328.21
131.92	139.67
100.11	157.33
206.07	199.09
130.21	138.82
55.64	54.36
137.32	120.47
437.72	622.32
62.69	68.25
169.84	190.40
182.90	128.80
120.57	112.50
90.05	69.78
178.23	60.99
174.08	181.00
114.16	43.65
572.36	601.11
1442.41	87.84
96.10	68.33
901.20	1088.72
101.55	113.35
24.30	35.25
4570.76	7009.00
274.06	316.77
105.86	74.45
856.32	1061.58
5258.74	230.47
179.97	174.49
77.83	114.33
611.99	666.17
182.31	56.72
462.33	591.67
309.75	328.87
229.08	200.14
150.21	126.70
566.96	356.12
150.00	145.14
175.50	259.00
63.56	58.16
228.33	262.40
556.43	573.33
4379.12	4274.45
170.84	183.64
150.01	190.41
218.80	252.75
710.83	816.50
806.71	788.82
402.33	374.75
310.12	174.63
318.47	335.96
126.55	116.30
63.43	61.72
246.75	323.14
132.60	151.83
51.94	59.49
33.45	33.94
209.77	244.32
102.60	130.60
82.74	93.05
174.47	141.19
113.66	122.00
252.54	188.29
469.41	497.67
442.83	605.00
152.16	146.67
235.86	253.25
197.08	234.40
430.00	430.17
368.66	369.22
453.47	511.52
109.21	117.32
21.72	24.50
631.71	754.69
284.58	280.00
185.84	106.48
42.07	46.99
4380.32	5491.82
132.22	85.40
1288.08	1481.00
242.29	177.33
1156.72	255.07
579.23	904.73
194.89	237.18
218.89	240.48
296.86	341.33
227.04	220.44
262.00	376.00
59.09	71.91
75.00	67.33
567.99	857.00
326.67	441.20
269.71	265.78
68.38	88.04
321.56	279.77
161.63	112.00
218.69	178.23
98.25	60.36
24.10	25.03
690.38	153.23
532.63	517.48
225.60	211.40
169.20	203.29
416.33	420.00
164.91	217.83
228.12	275.75
164.18	160.88
81.54	79.35
73.74	71.20
295.89	354.67
253.91	260.57
335.64	319.57
128.43	145.51
1809.12	1107.43
336.00	325.55
123.68	204.32
157.46	169.63
575.54	325.39
207.99	162.00
211.97	231.29
110.78	143.97
129.21	140.18
88.41	80.71
62.05	57.10
323.00	303.50
191.05	169.50
178.42	142.40
148.67	152.00
31.15	39.98
119.79	120.21
80.16	94.13
120.48	135.33
483.33	291.60
386.88	412.46
954.03	1158.72
16.19	9.67
247.27	276.32
38.20	44.79
252.79	288.96
270.46	289.15
310.60	206.83
123.70	138.57
156.31	167.44
84.79	72.90
360.99	640.32
118.00	139.67
38.27	34.04
246.88	271.50
63.73	37.98
167.43	118.67
88.40	96.33
139.66	71.18
219.55	241.15
37.16	40.51
1406.59	224.86
270.56	347.50
224.74	379.20
672.25	773.73
289.70	282.45
287.31	339.30
185.32	187.06
3602.12	205.33
87.26	63.42
119.43	124.50
1117.08	1938.17
336.94	485.75
101.58	132.90
226.98	207.36
196.67	135.00
197.00	275.33
1775.81	2820.47
3158.83	1291.67
100.58	82.99
234.81	284.57
194.20	192.41
164.83	179.89
186.96	206.83
1084.17	2321.00
237.33	180.33
113.27	73.67
112.95	103.29
563.81	601.15
427.54	384.64
379.69	425.37
147.31	84.10
212.43	172.67
309.47	361.57
107.44	115.50
577.44	554.06
161.98	148.88
303.25	335.61
576.36	606.25
45.42	38.30
737.99	553.29
339.25	325.20
2644.43	775.67
407.81	490.05
124.91	118.00
371.30	424.07
479.50	456.20
211.50	214.80
102.00	112.96
180.05	102.25
152.29	173.78
233.19	223.68
228.96	160.67
144.88	120.74
200.62	178.38
159.12	127.26
57.55	67.82
362.00	246.80
244.70	251.57
86.55	87.28
90.78	91.85
2969.52	3171.35
292.92	334.10
108.08	139.50
631.38	752.00
156.47	143.20
295.13	248.09
150.80	160.58
410.78	406.00
250.07	191.68
179.46	140.37
152.90	183.12
120.74	157.26
122.13	101.08
138.25	169.43
588.36	567.29
396.44	384.80
1081.73	1115.45
234.61	242.24
217.80	101.60
159.67	180.50
87.70	78.21
12.66	13.17
179.43	223.50
350.15	328.05
246.45	270.60
124.43	104.48
92.41	101.70
241.53	203.24
125.19	99.41
301.59	315.55
132.00	111.40
178.33	103.50
157.00	167.62
214.88	224.60
311.86	337.09
209.39	246.52
250.68	266.85
116.35	109.37
271.10	340.30
51.90	55.05
195.11	159.53
7359.30	4571.16
394.81	534.72
437.25	585.00
609.00	594.42
88.43	99.75
167.00	174.12
323.85	289.44
90.81	87.24
108.43	114.67
355.87	273.95
543.38	523.79
209.74	258.56
120.83	94.36
591.50	725.00
798.81	963.33
626.38	713.00
804.42	822.59
85.96	37.88
84.48	88.83
148.08	116.45
149.36	173.49
116.57	108.45
144.74	147.08
244.57	263.50
153.33	174.40
188.06	152.37
169.27	116.29
300.83	385.95
291.30	204.04
365.14	386.14
129.22	115.60
126.17	152.33
106.21	73.62
86.34	92.82
259.12	182.98
2248.64	2702.75
288.94	264.78
116.91	108.53
154.40	193.45
52.77	43.27
346.09	337.94
136.39	131.84
249.36	214.99
3211.37	327.12
112.03	82.45
99.00	97.34
779.90	1215.00
1113.62	209.96
64.78	55.75
148.37	132.97
121.20	175.76
241.57	249.55
63.12	56.21
142.83	167.43
204.11	122.90
632.60	622.85
177.95	114.11
125.71	154.33
47.20	44.73
28.20	18.30
517.98	175.62
195.75	232.40
214.99	218.56
128.36	121.60
132.30	46.97
214.29	216.00
151.12	163.52
388.44	418.67
214.14	388.67
152.10	135.14
71.43	67.25
179.70	178.00
161.38	187.80
149.49	193.00
176.00	221.00
68.11	44.75
103.75	96.94
215.81	309.22
150.17	158.67
278.20	260.43
125.66	105.05
3218.91	1707.60
206.20	176.42
208.12	212.16
144.58	152.06
255.85	266.35
159.37	156.12
257.45	291.00
137.29	157.75
168.71	171.75
142.22	141.41
227.55	188.60
350.73	318.83
389.25	226.20
429.25	510.15
229.53	185.83
183.87	174.22
138.65	148.18
84.06	70.70
198.47	252.22
166.61	188.25
393.46	416.52
177.00	231.80
34.46	32.36
51.91	55.90
126.11	132.07
248.67	258.67
90.70	90.86
101.38	64.66
202.99	217.98
270.32	277.50
180.97	210.93
286.11	220.50
329.22	309.20
130.85	130.67
192.51	186.05
646.92	53.36
316.14	265.54
381.62	388.08
177.38	192.25
133.71	156.71
5027.42	8513.00
285.71	246.25
68.04	61.99
413.20	583.17
151.80	153.06
68.96	66.97
418.15	455.82
179.33	168.00
43283.11	64762.67
131.87	97.50
263.33	261.67
207.76	157.97
24.44	43.00
193.98	315.23
47.47	49.21
207.18	210.12
179.25	200.06
220.88	119.00
158.00	184.67
258.08	247.62
338.57	450.25
361.88	456.00
289.75	364.33
163.00	90.00
308.32	301.00
194.97	224.11
364.37	21.28
143.73	144.51
79.82	69.66
268.86	259.00
203.22	201.17
100.28	96.78
67.95	40.10
228.37	230.59
402.74	315.83
207.95	221.04
338.00	416.00
350.80	65.03
125.56	130.30
137.22	96.38
192.67	165.83
199.31	123.54
233.64	177.98
475.95	500.35
86.95	92.45
219.86	354.67
122.09	125.43
95.37	116.16
103.61	102.22
119.22	143.20
246.25	156.40
42.38	39.32
224.14	305.75
125.59	132.36
224.91	252.12
376.47	503.28
596.51	601.33
189.78	168.04
297.81	257.36
209.65	204.58
130.00	125.00
509.28	727.33
316.88	306.00
230.60	259.63
155.78	132.17
647.11	351.17
239.80	261.83
203.67	205.33
1128.61	1289.21
3791.43	7366.33
55.60	56.21
315.94	180.60
97.06	107.40
3097.61	4375.56
320.40	341.43
228.52	294.29
286.67	257.67
163.67	181.11
37.45	30.72
672.48	676.12
131.92	281.00
185.86	173.03
357.75	404.20
215.00	287.75
170.84	147.34
944.89	534.30
347.95	376.75
381.75	230.00
192.70	184.66
26.88	35.25
1448.86	1670.25
120.11	108.95
94.24	99.97
163.63	80.71
190.08	204.93
107.09	124.92
448.12	540.60
509.82	413.79
204.68	325.00
242.41	332.64
5.48	7.90
283.20	225.71
200.12	167.33
180.32	181.82
99.13	85.50
52.62	39.98
83.42	85.80
275.31	275.33
162.75	142.38
177.16	164.66
293.07	222.21
190.09	138.36
107.13	83.74
255.06	258.36
165.00	168.67
1829.27	299.07
119.04	112.82
114.90	54.58
375.62	417.75
412.03	763.44
101.75	112.32
104.30	115.52
184.77	208.65
100.51	149.50
259.03	298.73
536.12	664.56
266.83	314.33
381.56	404.40
466.85	458.22
38.22	40.88
97.53	101.68
345.78	614.00
268.14	314.62
198.31	210.56
479.94	441.27
159.38	127.75
38.67	23.32
240.88	223.20
116.75	130.36
350.40	392.13
289.72	157.22
173.58	196.74
378.43	453.09
276.32	173.50
245.42	264.24
204.36	85.67
271.94	260.86
209.55	166.87
67.00	68.00
318.23	349.11
80.59	35.17
41.17	49.39
263.61	209.40
176.18	193.37
177.91	155.57
108.53	87.18
258.54	279.87
94.63	156.27
1453.59	372.29
288.33	258.20
125.99	133.26
410.60	505.69
265.45	157.40
1660.66	1835.92
366.65	339.80
6.25	1.50
106.62	109.80
179.85	182.02
143.02	154.65
173.87	173.44
156.75	141.80
151.50	211.70
194.18	192.17
176.99	185.29
113.97	121.21
308.34	458.20
358.44	298.17
239.40	255.39
337.40	279.93
230.30	260.30
83.83	76.67
71.79	36.93
409.50	423.15
299.60	263.71
466.42	395.15
148.93	160.75
122.10	127.00
198.78	153.89
391.95	412.00
655.96	576.02
1368.50	2566.50
77.84	75.67
231.85	258.20
1926.11	780.14
227.25	151.50
165.24	179.65
501.50	492.20
523.42	551.11
177.13	153.81
13.31	7.21
163.44	162.00
253.81	199.67
285.00	284.43
731.73	1389.48
150.16	107.69
101.50	128.12
243.76	162.27
208.90	272.11
123.76	131.50
338.33	155.67
129.17	142.69
149.86	175.25
117.17	23.47
227.54	207.99
402.22	297.67
166.25	182.00
68.19	68.86
323.37	340.13
161.23	222.82
9.51	6.68
30.97	27.70
243.18	246.25
175.75	211.28
168.56	181.89
110.70	112.54
654.76	259.53
99.40	103.02
96.79	91.94
183.30	171.29
177.74	158.11
439.68	466.41
136.01	152.00
553.24	573.36
1872.30	410.00
48.15	48.33
154.15	143.50
31295.00	1968.67
181.09	264.80
444.12	519.29
292.58	365.78
116.16	139.35
132.48	147.33
209.42	219.43
120.02	122.58
184.86	179.33
563.59	739.20
1095.69	2722.50
194.57	191.99
144.62	117.22
184.58	206.83
258.56	352.80
132.47	108.51
318.64	320.38
295.43	336.31
569.65	601.33
278.14	245.75
187.33	26.77
325.68	392.60
285.00	394.00
459.57	729.33
277.58	266.53
1533.33	226.67
466.50	275.00
289.14	342.25
120.49	120.71
467.96	552.06
537.99	630.68
274.20	265.43
225.70	215.63
620.58	536.50
466.94	492.00
260.08	242.50
293.76	394.69
112.04	123.37
472.86	582.40
154.16	160.07
352.20	388.75
1200.38	1022.70
132.30	122.00
140.22	129.67
236.75	162.33
83.72	81.78
60.97	57.99
430.32	194.20
162.00	92.00
215.00	190.60
206.61	167.84
117.05	164.76
49.95	63.20
743.08	529.00
50.19	58.67
188.60	321.25
234.36	221.80
113.14	130.50
151.18	165.99
49.14	51.94
243.09	441.33
158.57	210.00
126.96	126.24
262.00	325.00
217.22	250.00
374.33	404.63
906.31	807.50
303.89	312.40
1454.81	616.79
110.65	113.30
446.68	533.80
212.54	210.55
324.58	384.78
134.00	105.67
341.15	361.20
367.40	399.82
496.38	624.00
107.08	83.56
162.72	151.98
188.76	204.00
149.57	105.50
59.10	71.24
70.60	59.19
274.80	422.40
282.65	326.06
143.22	136.83
267.16	278.38
157.00	178.88
90.35	28.38
161.79	161.09
288.25	388.33
125.33	126.86
129.99	118.18
86.17	147.75
239.25	211.60
182.40	222.70
933.00	1004.00
189.73	232.91
348.91	335.82
129.65	148.35
375.57	413.33
72.03	58.95
327.44	318.50
358.71	359.87
250.13	232.44
373.52	344.55
236.97	292.76
206.23	247.44
252.81	274.44
288.34	449.00
79.02	75.75
216.44	194.30
196.84	184.25
829.69	127.40
120.45	53.99
63.76	58.48
187.27	148.00
66.33	76.18
102.08	91.00
205.92	233.78
400.70	418.60
188.58	186.55
79.00	99.49
296.89	360.56
192.07	215.57
220.38	198.00
347.93	101.13
232.18	307.00
180.57	147.69
122.47	97.64
251.50	271.75
123.42	134.47
186.00	198.00
146.27	172.69
176.95	209.96
196.43	224.94
177.90	153.67
297.52	344.39
190.62	145.31
266.70	170.72
274.09	297.62
348.26	467.11
187.78	257.55
93.78	98.94
350.85	331.05
105.60	88.70
287.67	245.00
63.80	75.72
101.54	92.26
391.38	417.30
601.94	776.75
95.14	93.41
57.86	70.80
260.90	198.44
166.45	181.37
82.50	67.70
64.83	72.37
3235.78	4436.83
297.91	261.42
423.46	481.90
36.85	35.90
205.43	56.26
312.78	331.00
270.55	397.00
157.22	161.67
162.54	172.38
151.22	117.97
139.04	157.44
201.54	154.84
197.76	236.83
484.50	478.17
134.75	136.53
289.66	335.36
111.62	122.80
258.13	253.43
80.78	74.45
349.15	370.29
74.20	41.75
94.56	81.31
236.68	165.52
235.55	236.93
125.45	92.30
204.69	211.82
220.09	259.00
49.98	54.00
535.13	225.67
328.64	361.00
203.61	245.78
89.97	100.19
34.34	38.93
211.99	262.00
59.37	57.80
934.79	1238.56
2369.54	2537.40
463.91	559.50
102.90	77.87
280.47	267.61
249.67	76.00
219.07	253.29
114.98	137.77
401.80	522.17
194.99	186.00
73.09	83.00
450.68	278.36
142.99	177.80
146.61	130.15
80.00	86.39
138.83	141.10
375.71	383.50
948.81	1196.75
95.69	93.04
244.72	298.20
159.43	195.38
59.37	86.00
115.82	114.82
119.78	113.28
101.61	61.39
217.11	181.17
234.40	231.73
327.38	208.76
148.22	138.00
273.43	225.19
434.01	356.47
194.91	186.90
535.50	828.67
298.05	423.82
195.67	190.25
344.50	411.94
2104.66	1995.12
50.37	32.77
133.86	148.25
62.04	60.88
257.92	239.45
244.18	240.57
171.91	224.30
86.55	91.17
145.71	126.75
135.44	128.25
130.72	151.28
217.88	215.05
3718.19	3559.67
231.38	324.76
114.25	84.33
403.23	450.25
172.00	147.17
116.16	111.44
240.00	264.54
205.65	299.33
206.70	190.14
218.33	271.67
295.25	439.28
76.11	66.08
248.05	258.99
225.11	390.71
109.00	139.00
163.17	225.39
333.86	200.50
87.00	137.50
62.39	95.45
194.82	215.75
260.11	265.80
142.79	126.50
3098.10	1245.57
205.50	179.80
43.03	47.08
305.57	293.50
306.89	184.40
243.94	202.81
381.72	545.33
105.28	112.50
1771.77	2289.94
65.10	69.92
688.90	57.23
211.30	285.28
810.26	856.00
237.22	213.69
689.33	902.00
210.86	231.25
179.15	182.25
413.09	217.12
300.49	396.65
182.37	137.84
144.69	96.18
182.07	240.79
230.38	252.43
53.39	47.52
44.83	69.70
159.62	186.57
107.34	114.40
117.12	78.40
282.76	280.21
183.52	206.92
593.38	679.25
239.82	256.60
520.64	525.50
167.33	132.27
124.00	127.40
326.57	326.75
73.36	65.05
204.87	190.63
179.61	186.64
253.55	292.60
268.53	281.52
357.69	409.25
231.76	301.01
266.99	282.72
311.61	345.50
96.93	84.12
300.04	332.27
108.27	106.36
409.65	420.42
347.36	396.18
295.90	446.15
359.78	378.14
117.31	92.81
126.83	164.98
235.56	268.20
425.67	453.40
98.97	73.20
843.29	1231.50
753.67	1231.67
149.74	153.13
186.99	173.41
108.44	104.39
298.25	262.70
255.44	287.33
74.61	76.34
317.80	154.96
99.52	147.43
925.20	447.00
129.70	45.80
100.50	110.20
684.70	675.33
318.88	192.00
1018.45	1095.00
81.54	33.79
203.38	213.02
882.61	569.82
166.79	213.67
129.64	154.78
149.42	122.56
207.39	236.33
175.77	54.25
200.98	186.23
207.56	186.80
189.05	191.00
111.36	99.38
305.76	301.92
39.66	27.97
281.08	266.50
92.62	88.51
358.68	358.79
301.22	272.67
449.45	436.56
133.86	155.00
246.82	236.83
1999.65	3348.25
186.24	82.17
151.67	72.00
194.04	224.85
273.77	254.78
205.50	282.33
310.54	328.00
332.18	301.68
207.65	206.47
202.76	171.10
93.54	116.56
104.43	84.25
265.41	248.63
348.00	157.20
320.40	341.14
189.62	211.65
327.32	273.80
160.32	161.84
3255.14	4237.19
169.32	109.47
381.13	358.58
108.86	115.36
268.10	250.94
68.56	42.46
333.48	265.17
87.59	97.65
213.67	269.50
283.22	285.33
87.75	96.90
257.13	177.31
413.67	473.33
178.38	189.50
273.27	202.62
107.75	142.00
158.82	12.32
259.37	498.71
236.59	159.43
262.93	273.91
434.18	335.57
751.43	1401.40
112.82	130.00
706.85	910.56
250.71	248.25
184.73	108.12
89.28	103.24
116.18	102.50
220.17	182.22
183.13	153.64
197.46	280.62
298.00	310.25
46.67	52.65
48.30	47.12
48.63	33.97
174.88	242.36
175.26	182.17
211.94	210.00
536.37	740.61
358.08	298.57
1568.14	717.67
365.25	286.22
372.29	444.00
348.68	335.00
1019.77	940.84
822.02	1104.62
574.25	602.73
205.24	177.58
268.23	367.50
186.46	178.39
503.25	563.40
263.25	186.40
250.11	157.33
106.11	64.87
106.56	57.38
232.50	297.33
40.31	25.74
163.62	154.50
264.29	303.75
1138.10	1495.59
178.33	225.75
54.10	67.90
447.18	624.42
269.12	300.95
345.39	362.17
579.00	1175.67
228.47	223.21
259.13	242.56
353.07	409.50
208.45	194.25
256.12	275.80
260.09	278.61
208.09	186.50
182.71	231.56
125.15	154.67
110.56	154.60
229.68	123.69
108.25	84.72
80.76	59.23
168.73	177.25
64.93	75.78
150.37	156.68
320.08	325.71
231.87	265.25
491.41	589.63
291.73	251.86
125.03	133.32
305.55	295.25
588.89	902.10
1208.07	606.77
170.44	176.13
311.92	256.50
61.88	33.02
161.90	206.00
463.57	286.00
143.20	155.66
939.46	978.11
88.93	107.77
234.22	257.25
382.34	549.08
157.83	127.27
440.78	546.83
65.32	81.66
124.43	127.50
11.87	8.68
227.04	233.95
64.65	72.67
277.55	254.40
38.66	41.09
65.44	72.91
96.15	85.93
1100.79	1271.21
92.57	122.20
491.56	501.50
117.60	131.23
292.00	312.67
2490.74	3293.92
64.08	89.20
101.81	86.48
104.18	48.27
307.56	265.70
169.18	176.85
261.82	288.00
519.71	559.25
102.60	116.91
278.63	263.95
2291.26	3060.63
185.85	213.71
288.27	128.33
391.75	389.17
82.85	22.35
78.16	49.17
254.80	205.67
237.03	245.71
271.85	384.67
240.20	378.00
884.58	1186.02
247.50	172.47
75.49	64.20
321.88	334.08
145.05	141.80
800.58	1031.75
242.95	279.21
86.45	88.45
216.45	222.18
233.46	130.92
156.24	110.40
222.33	208.33
260.62	260.20
106.08	136.78
88.12	85.85
122.07	92.68
745.52	601.03
10807.51	13276.52
387.93	338.50
163.44	164.20
605.40	368.40
476.18	345.00
535.82	498.50
261.75	283.00
103.19	115.90
246.72	246.11
530.49	550.01
188.62	272.99
42.37	45.85
117.47	105.57
94.31	99.78
192.51	139.90
75.14	68.33
120.85	156.56
76.50	13.06
91.17	77.11
182.75	180.25
352.94	13.69
127.89	261.29
370.67	222.00
203.37	242.61
84.32	81.70
1424.17	1949.24
75.36	53.31
219.06	223.08
272.00	182.67
91.10	87.57
177.46	147.75
329.00	224.25
265.99	265.69
153.68	152.66
75.55	81.62
119.53	96.25
187.68	216.69
1444.83	1035.56
76.71	111.10
395.39	725.00
74.43	76.08
120.55	113.36
188.15	176.12
111.68	78.69
213.80	189.60
189.00	179.67
106.16	110.04
330.62	356.20
169.98	164.02
367.05	373.05
187.54	165.83
69.33	60.97
271.60	255.00
143.48	151.04
46.78	41.86
212.80	247.71
174.88	155.45
71.90	69.91
240.38	266.78
178.00	192.62
135.67	121.47
733.53	971.29
247.07	217.77
172.36	142.83
262.48	271.00
242.65	240.62
54.22	66.88
200.66	146.01
230.53	224.60
181.24	245.98
50.32	57.30
167.06	211.68
161.56	192.17
49.83	39.91
343.14	467.56
241.57	280.25
266.00	261.40
707.94	656.19
273.75	301.00
309.48	329.08
169.38	165.88
233.71	276.64
220.76	156.00
210.87	236.04
129.88	158.78
143.44	174.60
826.67	1308.67
285.25	332.47
182.14	166.75
82.69	31.75
192.16	150.08
1648.67	798.50
216.48	374.63
98.38	80.60
1588.91	1590.92
238.86	172.63
565.29	661.75
448.72	575.89
472.25	510.40
156.12	169.00
279.25	332.40
2068.92	3871.02
5161.85	4072.79
117.00	134.00
216.67	212.33
114.16	117.62
252.00	270.60
478.50	482.75
102.09	99.74
127.70	130.31
140.50	119.50
60.13	69.80
389.86	318.25
289.39	304.51
94.51	94.88
216.87	122.63
825.25	890.38
341.33	305.12
109.49	95.00
345.16	392.69
199.58	54.73
236.33	153.33
186.59	190.53
71.29	43.00
424.71	382.75
145.36	148.37
58.75	60.18
251.45	247.38
793.94	328.64
122.59	132.71
254.56	149.50
141.40	175.72
306.29	313.52
102.14	91.20
295.40	244.12
599.49	666.69
473.43	558.72
99.65	91.27
75.21	55.90
277.37	135.58
3519.17	2400.00
383.60	89.53
161.37	119.43
193.41	261.25
174.74	156.11
317.83	277.33
151.32	166.11
347.78	377.85
121.85	142.89
91.07	89.25
361.27	435.43
242.49	243.77
380.15	598.30
247.44	257.00
369.70	372.43
190.14	221.12
744.45	419.58
192.64	200.17
106.07	120.66
294.94	310.60
194.38	187.51
1361.50	59.33
278.50	362.71
352.71	356.83
59.65	118.91
173.59	179.63
704.64	958.33
123.78	87.40
187.17	165.67
204.25	120.00
539.49	777.60
291.67	321.67
94.56	90.90
1019.00	1519.29
213.71	178.67
428.88	501.00
380.38	324.40
265.76	277.99
585.61	630.70
266.12	248.33
169.58	180.12
176.98	118.05
116.90	125.88
378.11	268.00
168.25	213.71
226.30	211.29
448.35	678.83
831.75	219.50
399.71	420.50
119.66	118.50
3852.66	5590.33
295.14	380.25
295.17	238.67
175.88	180.98
780.88	324.07
271.04	159.31
127.53	128.16
73.80	71.09
191.33	156.05
107.78	106.70
353.42	410.33
146.59	144.99
1433.29	233.25
87.52	115.63
151.34	107.53
297.15	352.86
94.30	92.46
997.09	971.50
171.41	176.12
203.53	137.69
247.00	248.45
36.30	49.20
194.14	99.64
135.71	109.34
286.91	305.60
107.37	154.80
98.77	107.74
474.79	183.92
241.86	204.38
254.00	260.88
399.23	215.00
558.00	708.00
143.83	107.00
184.50	254.00
162.32	182.20
195.84	181.64
212.54	215.50
146.50	154.17
455.99	621.11
2009.44	692.67
117.59	137.84
145.81	90.92
450.54	441.46
189.45	226.49
262.25	109.67
108.44	91.33
317.08	366.25
193.92	288.33
357.78	676.50
260.89	305.83
165.46	212.11
324.14	262.00
274.88	124.33
611.64	229.50
361.84	340.33
468.69	527.20
153.97	125.20
969.62	658.00
62.49	43.84
46.38	61.74
355.53	353.00
706.91	782.46
210.56	247.83
258.39	321.20
107.17	74.20
257.00	279.27
42.44	38.91
1486.55	4257.23
104.60	77.08
228.82	228.03
271.28	89.09
130.38	139.53
338.60	205.20
480.69	496.69
565.56	546.00
160.37	137.64
929.62	1278.80
318.29	331.67
219.14	164.00
139.73	167.23
100.50	71.50
110.06	84.17
104.00	117.20
662.78	584.50
306.56	262.83
264.32	262.01
175.50	162.25
336.95	310.27
232.88	273.40
211.10	119.67
111.29	113.51
215.57	281.33
810.30	976.57
270.25	322.70
228.42	204.45
144.95	120.27
89.55	116.60
93.60	107.11
270.63	155.33
125.20	67.25
317.92	315.38
1913.92	2227.47
255.20	361.80
393.00	270.50
40.69	63.67
155.72	144.27
77.85	28.30
152.59	177.15
423.17	302.88
50.75	99.18
165.10	96.96
15.73	18.99
128.47	37.60
202.82	29.53
54.27	61.73
211.91	161.13
540.98	591.97
537.72	429.23
98.20	129.20
236.13	198.60
39.13	40.94
110.85	130.50
174.15	195.00
137.63	137.12
288.48	308.57
304.14	349.82
174.92	163.78
128.67	89.67
249.02	288.86
83.04	63.81
266.44	265.33
376.18	195.45
148.49	149.57
150.53	161.75
291.13	253.28
359.98	402.76
150.42	187.56
81.38	15.17
455.17	259.21
542.08	563.25
310.03	369.78
364.00	415.83
98.36	68.88
133.78	129.70
107.75	148.00
123.33	136.54
121.62	117.84
277.56	292.89
132.55	137.41
402.44	422.20
953.22	86.00
4811.80	6287.43
429.64	933.79
156.07	204.77
153.52	100.89
303.70	402.14
641.58	633.78
531.73	538.42
118.04	184.85
16.11	22.84
140.77	89.65
84.57	68.90
260.07	78.37
555.42	505.56
291.07	312.51
266.64	276.00
213.71	163.31
170.40	150.23
245.67	262.22
167.84	172.31
447.33	371.20
703.67	369.00
581.42	599.96
150.84	129.94
140.50	120.78
132.05	142.90
166.81	104.29
151.75	176.45
269.86	148.10
313.42	387.65
106.80	102.70
67.63	33.02
75.82	60.60
927.03	641.95
223.00	187.20
236.94	266.54
28.41	21.05
138.84	130.91
460.46	884.98
2561.51	1257.27
194.31	197.47
117.12	94.62
248.09	205.44
125.00	115.75
755.00	980.80
597.54	885.08
96.85	27.90
318.26	195.67
81.84	89.09
168.17	114.67
483.75	559.23
48.70	4.15
2577.10	3636.29
265.64	265.75
97.53	76.88
379.80	218.17
90.09	66.28
271.04	332.91
731.60	436.27
349.38	314.20
67.19	50.56
244.09	301.25
214.67	195.56
87.59	131.60
806.71	1633.67
767.57	151.50
92.61	92.86
133.00	96.17
98.44	70.86
446.43	482.50
271.35	294.00
192.53	206.00
193.00	184.00
508.26	538.86
2401.75	2079.91
140.75	140.83
283.23	472.27
831.89	696.83
108.50	69.67
264.75	306.96
289.47	303.50
2725.97	2407.62
91.11	105.50
999.86	979.21
4477.81	4277.04
681.71	996.00
330.20	354.20
96.10	102.65
163.60	177.76
226.56	215.92
433.11	175.64
344.70	375.86
172.13	171.29
90.63	99.63
441.03	514.21
277.90	248.00
444.32	446.03
77.78	80.24
137.25	152.36
142.08	157.50
228.16	241.75
194.76	191.26
122.20	133.46
573.50	159.50
204.50	221.68
222.33	219.00
324.19	339.66
794.53	1465.54
221.71	222.94
214.73	200.00
335.22	452.50
126.58	148.84
214.95	182.12
236.27	269.71
58.10	26.86
181.84	206.22
271.15	68.22
39.98	28.41
887.33	1025.08
193.50	212.37
162.15	168.30
1031.86	1482.00
2518.66	3100.59
234.82	157.53
95.91	61.10
165.47	158.63
169.55	168.74
2105.99	2884.82
223.88	225.18
215.78	186.13
252.83	270.00
138.56	160.20
270.47	244.50
146.67	128.67
267.43	301.65
1051.26	1976.67
398.56	561.48
275.91	149.71
3319.21	4557.43
355.50	426.29
263.64	299.06
185.16	182.74
193.61	283.00
484.42	524.75
221.00	215.75
105.08	127.96
114.38	183.34
161.74	113.22
775.75	1022.00
881.66	1464.58
125.13	209.80
437.66	218.97
104.63	66.60
342.80	366.82
363.89	422.23
83.33	73.30
247.50	189.84
330.80	390.40
208.67	178.66
308.28	162.74
129.97	134.72
90.95	108.25
230.69	275.02
384.08	400.74
219.77	171.00
239.54	228.12
239.88	317.50
218.43	217.75
205.70	223.00
483.67	429.60
134.57	134.69
152.75	140.22
176.22	159.56
116.42	76.94
320.69	404.06
87.00	158.33
82.82	59.15
296.51	295.51
276.31	220.77
71.14	73.40
233.22	285.50
514.61	547.35
127.11	115.09
388.33	381.33
123.47	134.60
176.07	245.00
92.72	90.97
306.55	271.25
340.33	232.50
246.71	268.50
738.38	267.26
225.00	323.50
319.17	520.67
90.87	85.01
336.00	422.80
2871.70	4048.29
326.56	185.33
58.98	60.22
574.33	560.10
76.49	56.79
167.33	177.81
47.86	28.55
280.38	176.75
372.90	512.00
523.46	609.86
846.08	1233.50
57.98	52.26
87.50	81.00
50.16	50.67
115.87	138.47
133.23	108.07
191.81	218.00
445.91	444.41
218.33	313.43
404.97	391.72
217.03	174.85
277.77	287.67
213.11	218.33
93.47	112.75
315.32	283.80
100.38	106.27
197.14	266.53
229.11	258.25
204.28	247.42
213.10	202.21
244.00	225.60
69.96	28.59
106.41	109.35
325.23	41.00
280.10	291.50
1036.69	457.22
2541.71	736.33
45.13	45.42
229.86	211.50
147.25	203.33
199.12	221.16
141.18	165.71
208.69	219.25
488.17	448.33
134.86	203.75
198.86	212.00
158.09	169.20
235.10	201.88
891.50	377.33
206.69	190.62
93.47	201.15
146.98	159.30
219.79	175.67
324.89	335.33
100.83	149.00
110.53	103.66
493.09	563.38
144.88	155.00
131.67	130.08
145.20	117.78
66.62	18.94
378.69	113.00
269.62	131.00
145.06	131.67
363.92	359.00
89.40	10.47
398.36	422.17
30.56	28.74
107.09	85.36
83.58	148.67
260.79	288.07
402.82	474.17
281.88	348.48
69.67	52.33
248.46	220.12
65.97	63.63
93.25	64.85
7453.96	9040.14
53.53	45.89
56.85	62.20
168.46	155.11
152.82	177.35
498.69	452.78
2831.95	2653.98
186.39	75.19
205.62	144.67
315.33	262.00
122.95	118.00
292.89	352.75
334.07	486.00
1880.96	1851.38
424.69	436.95
104.22	87.76
332.29	272.33
253.66	189.48
56.23	44.74
335.71	400.99
265.57	421.00
171.00	123.40
533.34	503.08
171.54	183.78
256.64	268.00
733.62	842.27
374.26	391.87
252.42	109.27
177.80	90.93
394.00	713.67
129.70	116.36
1768.39	1699.81
265.11	290.00
248.09	255.50
354.22	169.91
131.85	50.83
94.95	70.72
199.85	196.80
147.40	105.75
1575.55	1909.31
449.40	474.16
185.50	191.00
226.68	206.72
510.95	423.56
144.56	106.47
196.53	115.80
177.43	87.80
808.24	645.89
339.29	323.20
151.89	148.67
170.85	191.28
172.46	141.70
130.20	123.11
285.00	350.11
183.59	207.86
112.34	238.06
122.01	131.66
389.71	623.00
74.53	96.59
332.02	325.00
181.37	176.56
76.54	61.47
1368.00	773.75
102.02	73.17
166.89	248.75
227.54	236.71
256.75	273.56
127.12	116.46
228.31	344.20
227.39	250.69
343.12	405.00
119.06	146.26
370.38	255.16
1075.53	1122.64
165.88	38.96
91.71	100.50
809.05	1508.50
127.34	181.20
122.60	123.29
133.87	115.96
25.31	18.80
164.93	172.17
509.99	706.98
407.78	452.25
985.39	375.26
478.12	354.06
218.60	245.86
145.50	187.43
32.07	21.18
81.44	67.27
330.00	329.86
72.14	74.50
547.12	502.80
128.78	108.82
210.63	232.95
412.64	214.83
88.25	75.51
119.00	125.25
140.46	134.86
196.29	242.75
73.69	80.33
194.42	238.53
99.33	102.00
421.23	234.33
449.14	582.00
168.93	150.26
205.95	288.42
278.96	178.17
140.28	118.17
92.71	108.72
250.58	310.38
279.29	278.00
249.17	235.00
132.97	148.75
304.42	360.00
331.17	379.88
97.15	128.23
219.12	219.25
252.82	218.70
229.71	225.40
241.09	249.65
189.60	199.29
378.59	387.05
174.39	120.31
138.22	185.60
382.47	398.29
319.64	244.25
36.41	35.72
436.79	493.55
225.78	201.00
151.72	143.48
177.25	184.60
310.89	340.33
254.00	190.00
559.06	613.00
91.66	58.00
262.75	237.80
136.22	159.00
23.68	36.54
238.90	230.50
135.86	148.33
90.99	69.00
73.72	28.65
212.13	205.31
1185.66	993.74
446.33	344.09
272.98	146.36
219.82	77.63
164.04	178.33
60.16	52.30
154.67	189.67
144.84	188.33
233.38	122.25
228.44	371.75
1593.43	1414.00
45.68	43.83
426.71	244.33
161.97	96.66
246.32	296.21
131.96	129.36
111.48	77.48
221.71	235.25
136.08	141.75
182.08	188.57
355.41	359.75
195.59	78.18
102.17	78.17
235.86	129.29
268.73	283.03
200.03	216.73
119.38	125.40
165.23	200.23
65.96	66.91
364.10	369.29
926.60	1251.00
158.14	137.80
349.83	196.54
183.24	130.39
162.53	168.04
244.98	244.00
155.76	206.17
154.99	180.26
317.94	370.67
277.61	108.47
679.07	768.28
237.56	268.29
151.75	142.87
777.11	820.80
271.77	400.50
455.21	475.93
262.75	286.22
344.28	370.37
143.16	152.94
143.34	125.05
62.01	112.80
472.25	538.50
426.70	457.71
1433.38	472.22
372.00	514.75
1266.88	1833.20
36.56	34.67
110.70	139.75
118.93	126.12
46.26	48.67
59.82	44.10
378.32	372.54
180.76	180.76
237.98	292.98
145.97	114.45
199.82	139.32
117.99	117.24
223.34	206.87
192.85	216.96
85.47	124.67
177.28	180.74
1015.76	1314.97
243.37	190.40
201.22	204.50
152.50	83.80
92.98	106.53
210.26	247.66
186.44	232.09
113.46	113.83
341.21	359.20
94.22	47.33
138.72	134.14
195.45	202.36
273.80	283.45
188.57	181.00
506.07	346.17
159.31	168.02
185.25	162.68
81.29	71.38
265.85	273.75
138.35	187.60
13.34	14.19
112.97	151.50
67.54	65.50
2763.78	2608.27
791.47	1067.08
217.48	192.93
877.25	1019.20
50.54	63.03
98.51	85.99
630.39	413.71
173.06	143.61
538.38	918.67
1578.62	2254.80
248.41	273.50
432.69	488.11
100.45	106.10
114.31	144.43
343.97	284.53
135.41	140.38
157.30	205.40
17.03	16.18
293.92	519.29
268.11	295.60
72.61	66.49
324.83	214.33
98.35	98.25
190.97	227.43
361.33	275.87
364.56	122.60
76.14	83.02
141.64	161.00
456.00	566.36
122.44	124.67
235.17	252.33
218.94	210.28
347.91	424.25
989.48	1312.97
320.88	288.00
131.22	186.00
24.15	25.99
316.00	490.75
142.83	88.51
406.55	360.50
727.46	1172.67
943.57	766.03
152.58	104.14
314.11	247.20
589.64	760.86
155.86	190.76
55.96	65.80
96.82	122.33
269.56	258.00
57.05	69.35
752.29	1184.30
164.56	133.80
206.70	178.79
283.09	329.29
112.43	205.45
187.95	227.00
152.19	166.90
361.17	317.80
163.22	190.91
883.00	988.75
277.48	411.38
3791.82	4579.16
97.70	136.80
183.60	203.31
137.78	142.08
367.43	294.33
181.50	218.68
67.92	58.36
553.02	579.23
469.57	635.50
219.13	206.53
1108.79	1509.06
436.43	460.50
155.25	152.50
144.29	171.33
358.22	358.25
1016.18	1155.12
160.44	171.67
344.92	244.75
172.31	121.20
85.07	66.36
221.74	241.98
195.77	195.25
239.81	221.68
310.18	292.89
264.17	359.98
428.26	428.35
849.49	1031.38
179.20	166.16
171.40	172.86
403.75	281.20
126.47	171.67
170.09	153.00
157.72	144.90
4992.58	5212.87
149.45	132.31
123.75	167.73
143.25	124.67
164.33	188.33
142.95	169.93
307.71	239.44
133.19	208.33
317.15	304.38
421.06	368.90
186.19	167.01
47.23	19.90
196.37	180.50
62.38	66.50
244.50	183.00
100.09	89.63
634.74	573.90
105.11	115.64
226.32	216.51
103.67	77.70
348.00	416.33
521.17	248.40
259.75	273.80
475.43	488.00
153.31	101.11
255.60	255.76
124.24	110.25
119.62	106.25
409.30	370.71
196.91	257.00
259.20	197.80
196.95	133.50
133.09	92.76
277.96	279.58
317.46	309.31
980.27	824.12
150.92	165.94
172.43	192.50
99.11	104.85
408.86	373.45
245.00	311.67
463.33	432.67
485.47	408.33
425.27	520.25
280.30	375.25
486.25	649.33
252.65	237.97
131.15	140.41
125.19	127.15
49.68	61.08
274.25	260.20
563.83	643.89
324.06	264.70
126.84	121.17
83.63	115.67
244.04	204.07
246.67	198.00
405.42	398.76
134.50	176.00
104.45	126.50
229.89	217.33
107.51	100.82
101.50	85.25
199.58	199.30
419.91	391.91
479.30	421.50
527.60	590.57
228.07	187.00
46.62	30.74
201.93	139.62
219.57	333.00
61.55	60.05
405.79	421.70
63.55	70.30
577.28	623.26
66.62	22.67
323.14	323.25
284.63	285.81
238.47	350.48
313.62	318.97
178.10	159.71
194.35	209.11
820.00	742.33
169.19	113.52
3977.00	5650.67
127.57	102.38
263.72	109.36
121.05	124.90
337.31	348.44
357.62	441.50
159.90	219.00
164.83	167.67
104.76	98.86
76.12	99.35
41.17	42.41
110.79	116.36
155.78	145.49
138.17	184.30
284.25	458.67
495.75	598.79
41.40	23.13
490.34	241.33
665.00	413.69
245.84	213.57
342.82	312.29
920.40	1380.16
89.07	126.75
1515.11	2194.67
108.19	106.65
238.78	324.50
177.43	180.80
103.63	110.76
178.23	222.07
161.18	205.03
219.39	231.96
3057.57	5107.75
483.58	572.67
83.66	67.08
166.28	203.13
380.39	419.79
228.33	143.17
260.47	257.14
254.59	284.57
73.97	67.30
69.00	47.75
129.37	146.73
809.86	983.50
188.57	146.00
187.61	202.99
305.86	185.67
756.64	1087.60
175.93	119.66
760.64	735.43
433.82	328.00
333.06	320.75
271.52	323.57
314.11	336.68
238.12	234.60
631.59	717.00
291.48	317.77
89.06	49.40
154.50	81.67
102.43	104.68
214.62	261.26
665.45	709.92
395.62	239.12
471.94	503.62
185.56	217.22
443.78	418.20
963.26	456.55
81.86	86.78
464.54	406.22
187.56	201.63
207.92	178.83
214.85	185.45
289.08	294.50
141.06	111.13
2521.00	2987.20
151.75	65.63
23.49	24.60
651.68	564.83
108.53	106.17
657.67	18.66
441.00	711.00
904.17	1180.33
247.17	243.03
104.17	117.23
151.83	86.00
338.91	393.25
213.64	267.12
269.36	293.88
93.49	76.26
266.50	315.21
285.50	60.66
162.25	210.30
68.93	72.42
160.00	95.33
95.64	47.48
127.24	191.00
71.02	46.93
278.55	253.00
163.57	179.37
127.50	114.06
251.00	196.29
32.31	61.40
132.13	108.71
162.00	163.38
264.28	226.80
215.34	209.84
151.95	118.62
162.91	202.57
199.39	216.70
49.97	41.64
211.64	173.67
377.67	441.33
165.31	103.10
291.24	284.06
360.57	374.20
507.90	936.36
621.17	785.00
91.25	120.32
85.98	76.16
184.00	203.50
69.76	73.36
258.55	203.44
38.15	41.43
335.00	347.55
260.03	249.73
102.95	91.76
211.29	252.33
316.02	314.97
301.43	393.50
541.33	875.25
512.40	546.17
888.10	904.28
84.01	68.40
190.43	166.60
1037.43	1029.00
77.54	84.22
153.33	161.33
291.78	289.67
279.50	190.28
37.84	30.47
324.09	369.50
189.91	120.62
183.30	275.00
169.31	128.97
208.29	193.57
78.19	49.43
54.06	57.48
203.38	217.86
184.52	144.61
190.67	163.50
512.09	614.22
146.25	174.60
416.70	378.86
283.56	212.45
379.75	204.20
79.33	118.26
451.86	488.00
86.74	69.47
84.45	79.15
189.95	250.57
209.53	204.18
128.68	41.52
5983.38	5913.50
259.71	277.69
199.62	160.40
213.50	242.20
183.00	192.00
276.50	351.00
210.12	219.50
182.08	161.77
100.72	106.45
163.33	231.67
104.98	85.63
346.58	225.86
131.28	135.44
1630.18	2435.64
357.21	365.10
267.25	281.85
231.62	107.77
99.97	108.79
104.70	76.62
123.96	168.75
53.40	56.70
138.27	136.25
355.67	374.67
112.74	129.27
160.81	177.28
128.72	81.05
94.51	32.70
348.88	282.69
645.25	1166.11
65.85	64.69
108.50	75.97
79.38	75.85
292.50	346.64
204.89	209.29
165.31	168.80
253.95	380.33
184.88	192.83
76.50	65.40
295.83	313.11
875.94	819.81
142.14	142.06
243.76	165.36
65.06	57.71
157.00	214.60
257.29	227.04
251.14	218.25
192.30	214.83
238.86	240.11
188.41	168.66
245.21	266.47
133.88	135.33
55.69	66.79
158.23	202.93
850.51	1625.67
308.59	314.85
127.90	131.14
128.43	92.00
131.26	131.36
179.29	212.75
63.97	56.47
184.97	151.27
119.50	123.29
1340.07	240.45
221.40	259.40
233.64	244.31
112.31	108.74
872.50	195.50
2145.17	1151.56
566.16	705.01
84.54	77.36
890.14	174.00
860.11	926.21
263.00	347.20
2443.00	2472.33
3395.55	4475.40
312.88	251.00
120.58	126.97
445.30	417.88
234.86	258.90
344.32	364.85
9726.83	11702.38
164.89	181.50
182.22	184.83
62.49	72.47
247.12	326.40
212.40	178.09
449.85	351.56
23.33	12.00
164.67	182.67
38.27	48.77
857.38	854.92
248.45	271.65
210.17	209.52
137.31	146.30
314.62	385.75
259.37	269.25
150.66	155.67
393.43	347.50
80.18	57.13
420.83	509.33
134.86	104.75
241.78	253.33
253.43	279.50
592.67	541.67
197.47	196.45
366.81	73.04
124.00	92.71
703.50	852.20
365.14	366.57
222.99	132.97
276.30	297.61
51.81	38.04
89.13	89.00
165.18	169.70
81.77	68.33
278.38	189.25
345.30	192.20
115.67	126.62
1248.20	1925.17
272.35	288.14
165.34	177.10
168.78	196.75
49.83	35.00
321.21	316.17
2794.68	9431.17
535.59	490.00
1799.14	1517.57
301.46	282.68
210.71	185.50
117.83	65.33
325.17	299.05
230.19	184.36
150.26	120.67
74.78	52.00
317.57	170.67
80.48	72.30
284.39	259.90
501.71	636.20
224.10	411.00
138.71	127.32
368.43	377.22
48.40	34.74
276.33	346.00
66.22	54.46
122.92	111.31
155.11	116.67
127.75	155.18
425.48	746.97
333.03	484.93
187.00	191.00
263.33	234.79
206.90	220.29
190.63	276.96
74.78	143.67
78.84	81.74
244.94	270.92
557.44	598.40
545.00	391.33
3064.36	448.88
206.22	236.80
230.65	436.79
131.85	123.57
56.38	30.88
251.83	270.83
226.17	75.86
115.34	143.39
45.19	25.53
167.50	161.62
185.04	276.00
160.56	140.48
121.78	160.76
229.52	241.58
466.79	144.14
134.62	101.00
275.00	438.00
190.95	241.77
276.32	248.94
177.83	131.00
165.95	210.20
222.82	181.09
122.89	126.60
458.38	531.93
76.28	74.40
410.71	321.33
409.52	426.62
468.10	359.24
186.64	153.36
691.24	997.09
149.17	147.81
94.09	120.00
194.71	169.50
242.09	207.42
228.50	274.60
212.12	203.00
159.30	195.67
134.00	218.72
64.31	57.25
105.67	100.33
198.86	173.64
151.85	173.73
277.61	294.73
369.50	86.67
242.20	230.75
124.14	178.67
377.94	329.58
15.05	14.71
146.77	93.43
202.24	192.04
514.36	366.07
327.71	433.25
504.33	720.87
166.00	119.67
121.65	123.92
115.74	134.05
472.57	413.00
169.75	126.00
210.86	286.25
51.77	41.19
202.40	209.53
256.57	205.00
111.12	109.65
340.00	301.67
121.34	123.85
71.87	60.24
133.83	171.33
285.86	342.23
253.66	255.67
561.79	392.30
174.85	112.27
22.61	22.10
293.44	360.25
271.52	218.46
208.42	249.20
97.07	80.50
245.38	261.50
199.15	191.84
133.25	128.10
2252.14	3814.00
46.47	58.49
207.50	284.40
454.85	526.87
1640.08	1749.49
217.29	133.75
91.94	129.30
491.67	500.22
866.45	283.57
486.90	504.80
113.69	198.40
937.17	759.33
173.60	169.75
114.31	100.34
749.33	893.67
141.29	83.00
306.11	296.40
132.47	114.33
6090.99	7713.45
78.23	49.28
818.78	705.33
375.56	375.17
396.00	376.25
99.95	90.08
396.00	400.17
99.09	108.84
202.14	209.00
448.00	648.67
240.75	133.29
44.71	48.05
185.29	182.14
1129.11	174.50
92.86	66.98
226.89	194.50
106.51	105.41
207.49	238.53
685.75	1186.18
3459.22	4745.88
165.72	136.84
151.22	200.27
189.13	239.87
140.87	94.72
310.73	225.87
280.93	232.62
322.62	295.27
258.81	261.50
260.62	314.60
355.45	288.12
81.69	53.70
126.77	155.53
342.97	226.62
536.00	446.17
84.47	112.66
188.50	229.33
168.08	188.00
170.55	122.79
74.49	71.63
277.29	313.16
33.24	37.56
158.31	144.83
169.98	110.40
318.91	272.29
110.25	143.75
226.00	228.50
99.80	105.67
209.29	244.57
244.43	257.07
192.37	229.47
124.19	138.61
80.75	77.67
86.48	109.03
108.71	87.72
223.90	208.87
102.27	99.21
142.45	147.85
151.56	138.58
598.07	787.78
195.02	203.67
192.79	232.44
207.19	215.51
147.69	161.00
477.66	177.88
99.44	110.17
127.44	115.78
144.00	93.25
212.01	231.08
106.07	122.43
47.06	62.75
359.88	332.60
222.22	290.38
51.79	19.73
695.43	1526.00
311.17	288.30
1293.29	1433.50
349.06	312.67
550.17	288.33
345.11	316.61
236.58	186.75
200.00	91.33
148.94	94.55
360.00	416.53
942.50	297.29
2292.07	3222.00
151.59	162.48
191.04	179.00
403.57	542.66
806.44	883.50
71.45	78.61
384.40	477.14
151.67	100.67
127.73	160.40
542.75	779.78
263.81	204.41
151.67	57.54
259.78	316.49
58.62	57.11
247.21	236.77
131.59	154.13
240.71	227.57
99.47	65.00
73.08	59.08
123.10	129.36
180.90	288.62
128.97	133.65
214.11	253.70
3225.83	2342.25
89.98	77.63
148.45	102.26
42.71	42.96
898.86	778.67
139.58	92.33
137.25	44.63
179.50	155.25
382.45	319.50
131.70	107.33
82.70	63.17
369.42	434.89
635.18	455.33
228.56	182.80
136.73	103.73
540.25	480.94
169.99	154.32
343.44	358.00
229.07	248.30
237.07	271.80
224.15	233.59
168.33	174.23
267.00	255.40
99.55	107.72
101.72	137.93
140.01	145.98
267.69	303.12
266.86	346.00
55.85	49.11
249.75	240.63
35.95	39.46
188.31	173.94
151.45	134.30
1659.45	506.57
719.86	156.81
370.31	352.55
322.50	421.80
68.85	95.90
217.12	155.00
191.65	177.32
36.46	62.00
377.67	331.50
323.54	303.46
218.26	227.00
176.51	89.00
1689.47	1959.64
242.54	313.00
410.69	455.30
163.29	205.33
243.45	235.98
230.03	238.43
164.52	206.62
211.29	225.25
293.98	286.43
184.63	187.57
292.38	270.78
253.05	174.92
614.86	660.00
440.33	352.60
258.12	251.33
109.42	77.83
43.06	46.25
1995.80	1763.67
145.35	142.27
281.29	114.63
158.72	161.82
313.91	381.12
106.61	105.58
436.51	346.25
419.00	474.14
159.90	136.00
536.17	756.72
1120.60	1158.71
162.42	108.25
351.75	265.00
172.00	150.50
149.57	155.06
215.36	158.50
485.71	655.75
128.81	171.00
312.99	256.25
123.65	154.20
146.19	156.14
542.82	561.47
426.00	450.20
775.97	929.22
138.70	144.88
215.08	226.04
23.81	18.82
97.34	77.07
806.00	1045.14
227.59	173.00
277.80	185.60
223.44	211.50
199.72	224.32
179.24	148.88
110.26	113.61
41.53	69.73
109.38	100.46
182.57	153.40
76.06	81.00
202.08	85.54
50.92	40.45
462.57	641.00
108.94	137.60
24.43	40.57
139.41	98.17
291.49	143.86
1035.75	1187.33
542.47	402.50
129.67	116.54
201.88	190.83
367.00	467.25
243.61	251.47
180.91	206.06
304.18	287.00
287.50	259.37
1111.77	2101.84
40.65	45.29
235.82	190.67
518.74	245.38
210.46	190.65
64.05	61.28
192.41	164.63
34.58	31.97
114.02	70.16
435.43	711.67
267.29	288.59
328.08	180.00
104.13	84.23
152.62	119.71
461.75	723.40
355.10	410.41
173.43	78.09
225.00	127.67
642.82	789.88
189.38	217.60
138.39	81.31
159.78	160.67
542.23	533.57
116.51	127.92
196.00	81.60
186.12	201.77
289.14	283.19
505.58	673.12
236.22	260.00
345.37	240.50
178.97	197.56
595.12	775.87
182.80	185.00
351.19	308.42
84.04	95.06
651.46	581.18
108.97	156.47
206.44	261.23
96.43	84.00
269.50	223.67
897.89	1159.25
182.50	199.10
224.83	268.48
253.36	253.16
236.79	260.19
278.36	324.40
206.92	196.17
199.75	229.00
146.02	152.37
140.17	142.76
153.17	185.85
296.06	271.24
981.17	1049.78
187.79	193.64
192.55	188.40
116.16	89.01
591.95	242.23
649.31	806.00
1569.72	1767.05
159.49	201.58
199.55	220.71
153.53	151.89
1175.72	795.03
33.01	24.52
86.21	126.87
158.74	168.63
383.29	344.67
185.08	258.20
447.64	358.00
134.42	138.80
171.55	130.32
251.61	199.46
278.67	395.67
67.60	57.05
172.00	143.33
118.61	139.80
207.88	221.50
465.00	613.33
170.00	175.62
231.00	238.00
499.48	631.60
328.50	187.90
282.29	138.75
58.34	61.40
225.00	225.14
192.81	83.33
235.00	293.25
117.64	120.30
382.80	369.85
43.14	35.57
152.54	143.25
129.00	162.50
1908.64	1395.52
113.60	88.19
205.83	218.57
207.63	192.62
546.50	850.50
275.62	210.20
1039.07	1404.40
282.56	169.67
169.86	176.78
984.78	1069.67
1142.41	85.50
143.50	154.67
141.52	196.20
178.00	192.71
479.86	672.33
139.33	139.58
114.30	115.00
333.80	315.86
1384.00	583.25
161.55	87.88
304.31	287.54
159.76	160.47
193.49	187.64
151.17	176.29
274.88	393.30
60.51	60.71
204.77	375.33
267.73	362.00
87.52	98.91
734.80	1088.44
561.64	408.33
159.44	184.98
60.31	49.82
62.00	51.03
161.60	219.75
84.13	60.48
335.61	374.79
93.34	51.50
139.77	148.13
185.38	133.92
106.39	103.78
49.95	55.30
449.63	177.05
278.16	420.28
249.25	165.80
42.80	39.00
21.56	13.00
396.67	461.00
253.57	220.50
47.29	51.98
126.73	204.50
312.87	354.83
385.90	391.25
159.27	162.85
162.14	236.00
174.34	215.99
235.64	277.50
486.39	831.00
203.83	148.67
1730.91	2132.00
125.06	150.72
155.10	116.16
344.11	326.40
68.13	59.10
405.89	480.38
258.49	116.67
167.45	208.50
162.81	172.17
361.64	388.17
527.98	568.03
448.83	689.00
242.11	295.00
155.56	117.67
1065.64	1658.25
194.89	185.41
100.45	116.09
333.00	144.25
157.06	94.00
918.00	1049.22
201.88	164.19
309.29	177.50
3931.90	4460.90
926.75	338.19
340.50	331.77
175.44	124.39
255.86	277.72
239.53	180.16
390.31	415.67
480.90	549.88
343.71	462.00
138.58	146.32
161.75	160.33
83.09	97.40
167.93	168.00
118.44	117.42
181.33	172.00
265.62	279.50
211.39	132.60
154.36	175.29
200.60	164.04
186.43	170.33
2234.86	296.75
135.10	161.40
255.48	263.83
110.97	109.24
336.38	382.80
61.13	101.67
108.83	95.00
371.58	435.38
1115.71	1309.25
202.37	90.99
378.99	235.98
98.10	92.97
255.36	316.00
1360.82	1825.12
382.38	327.34
140.71	129.55
113.22	113.00
116.95	142.12
421.83	301.33
345.82	369.86
30.66	37.38
621.00	148.25
229.68	55.93
144.50	133.70
199.22	190.80
260.85	82.00
135.42	132.13
367.56	472.33
100.21	110.49
131.80	130.21
108.15	124.68
45.22	42.62
181.68	107.62
109.21	119.42
68.01	81.80
346.31	378.23
108.18	86.56
81.47	50.95
795.11	1268.60
143.17	135.00
82.72	98.56
210.36	229.05
3809.23	3806.60
627.54	600.21
225.22	226.60
18292.62	215.97
202.33	184.20
207.53	215.96
43.40	37.67
238.55	208.72
248.23	223.85
508.14	622.50
968.03	473.23
345.00	487.07
218.86	240.44
80.56	51.97
356.11	456.50
232.46	165.75
376.22	408.00
45.38	49.22
450.64	535.12
613.67	403.33
60.24	69.85
575.28	521.85
393.50	262.00
321.18	526.50
483.12	362.20
218.61	347.38
73.78	80.05
456.93	477.00
94.31	27.40
227.93	306.58
263.75	236.25
222.10	237.64
245.80	247.40
528.15	762.54
160.68	151.42
142.47	139.45
174.54	222.70
703.08	1731.93
262.75	196.66
405.85	314.43
354.64	333.92
562.75	621.88
117.74	121.97
221.50	258.33
105.64	88.63
153.78	168.25
269.42	262.88
72.90	66.53
50.24	46.47
192.83	231.61
39.97	51.18
354.33	358.25
249.67	172.00
150.62	133.95
127.00	126.60
200.67	242.60
247.71	196.06
953.29	1027.75
950.60	1262.33
334.86	426.25
281.68	298.64
62.69	54.07
775.33	523.67
295.11	120.33
2444.72	2932.66
165.99	142.08
240.92	87.38
325.50	298.00
453.20	424.67
322.00	339.78
328.18	375.88
1630.82	336.17
217.98	214.30
153.12	142.20
645.33	785.33
228.04	226.25
129.56	121.00
375.13	367.00
134.14	180.32
375.50	330.33
42.38	38.07
178.75	230.71
115.56	112.69
138.17	137.83
190.84	125.60
228.85	220.24
243.00	240.25
208.17	148.33
355.56	254.50
559.02	709.47
65.86	51.27
682.45	703.12
258.48	259.10
101.81	96.85
281.07	342.05
202.12	208.17
974.00	531.17
163.61	169.11
345.23	434.00
196.99	216.50
393.83	200.67
1052.29	350.67
109.99	125.93
68.51	59.89
339.50	258.21
253.21	308.78
436.38	415.00
110.98	119.80
366.15	382.38
175.75	194.92
364.02	478.29
77.36	84.61
72.54	73.86
138.96	96.33
138.12	103.00
213.96	211.67
312.00	281.33
10139.83	183.52
1871.15	1970.43
124.99	135.40
271.60	279.86
67.47	83.40
230.38	235.30
144.49	148.36
169.00	125.66
514.71	449.25
242.27	279.29
185.95	225.29
343.90	282.00
90.21	59.57
194.12	171.75
94.27	77.25
84.93	88.60
133.83	134.00
173.15	112.64
42.44	51.94
384.17	214.67
252.67	241.67
121.97	148.98
229.78	340.10
353.69	522.27
1300.25	2260.73
189.66	187.76
46.40	51.11
43.93	50.92
94.50	89.07
122.11	133.83
192.08	211.46
386.11	258.67
96.16	82.00
224.13	233.48
141.05	116.36
170.91	179.00
200.51	161.00
107.07	70.87
452.46	323.38
75.91	72.97
79.22	60.25
342.40	391.14
383.95	353.29
305.25	273.75
143.06	138.28
313.33	256.00
1478.86	3122.33
118.80	140.42
758.07	303.82
146.09	181.94
286.07	275.56
137.25	34.49
92.00	95.33
152.11	222.50
295.14	314.00
348.26	395.36
229.26	242.75
152.81	159.05
241.48	296.47
547.67	810.50
248.22	249.27
142.81	124.95
91.46	89.79
264.18	258.62
35.68	53.77
238.50	252.71
1708.21	1955.18
204.15	233.41
51.20	58.49
88.91	82.71
141.62	69.23
113.42	81.00
41.98	39.54
203.70	212.31
1327.24	1766.62
250.67	195.33
198.75	195.33
722.78	606.78
1044.38	1212.40
812.08	1209.00
131.02	92.37
106.32	82.00
173.20	188.14
114.25	100.75
223.20	201.60
178.64	154.09
179.55	153.71
227.63	212.38
78.03	68.75
666.33	753.43
215.69	226.62
255.60	219.85
170.25	196.10
347.50	411.00
5357.61	5821.54
310.33	316.75
210.81	66.30
1082.00	1075.67
195.63	274.26
336.43	176.00
164.47	142.49
321.71	262.75
165.02	269.56
155.71	152.26
64.94	56.88
92.71	100.39
24729.08	25645.29
703.00	650.25
192.00	296.33
618.59	250.44
282.28	122.25
155.89	204.37
113.39	165.50
254.40	238.48
131.73	138.49
126.35	109.25
97.48	97.69
313.54	375.44
364.90	361.79
281.60	216.15
164.70	179.72
216.00	269.40
116.14	125.00
58.67	70.22
308.75	290.40
536.12	528.50
200.85	204.44
2959.72	3596.81
639.43	249.25
144.83	156.09
143.00	149.33
23.63	28.78
100.80	85.77
288.40	267.94
578.75	405.60
592.59	492.40
143.54	172.57
404.49	473.52
305.80	197.27
273.14	180.14
394.66	390.38
44.86	49.44
126.61	129.78
133.51	144.47
158.67	140.67
110.50	106.97
155.85	126.26
2194.17	211.67
173.68	89.48
31.86	16.27
315.72	375.57
133.18	53.57
180.55	224.13
234.71	262.00
1543.42	1361.40
90.71	98.84
123.21	98.16
142.94	299.00
190.94	165.74
82.06	119.00
218.17	234.27
166.50	135.60
627.82	760.00
236.93	266.18
218.91	318.50
216.17	199.91
111.70	123.08
247.38	248.06
328.20	339.00
120.17	99.78
142.44	137.87
360.67	384.50
3711.86	4418.65
111.05	122.99
280.36	229.00
164.79	158.20
195.62	143.40
122.13	125.26
173.70	190.25
156.11	234.20
125.61	153.62
90.11	141.20
130.33	136.67
128.87	85.47
175.05	169.83
282.08	301.89
229.40	321.54
614.40	845.81
346.67	331.33
219.57	223.50
337.34	365.70
105.38	136.27
632.43	585.64
272.52	274.43
157.33	211.30
201.99	213.64
245.11	290.00
121.94	89.71
279.93	312.20
2737.50	621.63
355.86	402.21
217.12	238.60
142.25	189.00
199.44	184.24
619.69	703.83
511.33	553.44
921.11	865.50
228.50	259.00
32.05	14.83
60.65	75.31
280.89	229.82
70.32	79.00
220.25	233.25
402.08	370.33
127.43	125.67
118.38	102.00
57.33	60.67
127.71	123.46
234.89	270.75
135.27	121.45
440.89	525.72
439.34	308.97
395.52	558.44
101.31	57.50
183.98	181.12
294.00	254.33
140.18	135.86
351.88	386.10
1322.00	1398.15
52.31	12.40
306.10	320.92
535.92	786.15
320.86	416.00
263.05	88.68
145.58	161.00
396.10	810.50
668.77	632.60
1514.13	2204.98
1124.46	278.98
20.91	12.60
202.86	238.72
308.35	286.45
54.41	52.32
210.53	229.71
136.32	154.67
60.84	68.03
171.25	218.50
61.30	41.67
76.21	82.72
219.00	139.60
440.59	469.44
182.17	201.62
187.41	215.46
642.00	235.00
281.50	324.00
1122.81	1458.77
1172.83	1168.95
67.02	77.28
317.85	201.66
196.33	133.50
118.44	122.60
131.67	170.67
151.93	159.05
174.78	180.43
128.26	95.84
327.30	314.57
859.75	864.83
671.12	143.40
148.00	147.67
227.05	121.04
245.77	302.83
586.88	673.80
173.42	329.20
273.56	277.80
116.48	87.33
1102.19	118.00
172.26	182.50
326.14	123.33
267.70	340.00
97.71	115.32
119.94	135.08
213.61	200.63
165.62	125.98
5887.77	3550.04
245.78	379.25
44.13	31.20
228.01	271.02
160.50	175.67
57.35	67.30
184.38	222.67
236.91	229.70
254.25	261.93
60.36	48.32
172.03	133.14
2936.02	2900.14
304.10	224.91
398.38	423.44
167.94	130.50
144.88	144.82
144.74	142.62
195.16	193.68
147.99	61.67
163.60	168.97
541.82	564.50
178.69	132.43
287.83	545.33
167.04	152.56
158.14	149.79
104.79	107.67
26.32	18.77
304.37	437.25
274.85	301.36
7730.64	4365.67
107.90	140.83
102.80	57.67
251.30	268.60
119.31	147.19
234.97	224.61
165.14	93.00
275.00	346.50
85.57	175.30
142.98	160.50
59.41	53.53
104.19	109.25
510.03	395.90
218.12	254.40
646.94	591.97
154.33	71.28
1331.90	825.57
165.29	146.00
276.67	295.18
202.00	123.25
467.67	596.00
121.64	128.11
210.96	196.80
482.25	225.00
122.76	125.89
73.16	67.03
121.86	38.90
1461.67	2268.00
450.29	214.25
73.81	67.36
177.05	202.08
285.22	368.80
153.33	152.67
158.50	155.33
400.09	466.38
197.50	217.50
278.00	250.80
331.35	308.69
151.14	79.33
103.76	54.79
572.08	678.74
67.35	75.10
241.82	144.70
564.71	583.25
231.88	208.14
4.54	4.39
541.12	392.00
11.51	15.79
230.21	234.48
924.66	661.89
334.67	137.00
88.73	145.50
272.70	212.35
952.42	1202.75
242.82	276.00
362.60	389.64
97.68	31.55
345.80	343.43
45.32	55.09
102.75	106.89
314.75	209.08
287.31	268.07
216.23	211.33
684.00	770.00
230.11	248.71
61.97	58.73
140.64	85.71
89.77	82.32
443.67	372.83
183.44	189.17
102.32	97.62
138.33	130.33
120.78	122.35
1190.88	1163.50
214.46	199.10
87.06	131.67
472.69	71.83
185.35	192.92
355.76	397.46
172.25	160.29
115.42	84.40
289.82	313.57
370.00	358.67
149.65	148.79
525.75	487.45
1075.67	1356.89
117.99	57.11
156.30	118.60
138.44	142.33
211.15	191.06
302.57	310.33
1.09	1.00
58.13	39.03
230.60	155.79
235.71	148.65
81.84	122.18
154.88	129.89
204.85	160.58
340.00	428.57
274.79	260.32
169.43	110.50
51.77	38.23
1572.00	1478.15
127.17	128.00
293.75	320.31
133.59	112.33
197.70	169.71
262.25	220.78
791.48	880.20
163.96	213.47
197.31	158.95
118.99	109.70
332.45	201.18
289.38	251.90
212.85	242.25
220.42	219.15
195.75	222.00
381.78	446.20
227.17	156.00
123.01	205.75
107.26	110.18
252.94	248.84
221.00	253.33
594.22	775.00
165.83	169.77
128.23	89.53
882.28	913.60
2387.50	2396.20
421.78	424.60
1901.00	1987.33
81.20	71.00
580.44	836.38
306.13	353.46
142.00	185.33
111.97	85.60
223.17	261.67
66.09	75.75
161.46	173.17
142.60	138.45
91.85	42.00
288.79	270.77
202.80	206.67
54.61	106.76
1196.73	1308.00
228.46	209.60
106.80	87.27
127.87	113.07
134.50	161.73
203.32	224.00
133.83	199.75
207.25	197.19
2232.36	2617.00
436.18	513.25
791.68	1237.67
1589.69	1677.80
1136.78	1312.31
119.53	111.00
171.43	223.48
133.85	110.50
110.86	87.00
824.59	1188.75
282.57	79.90
187.62	200.25
173.83	158.67
144.14	107.91
77.78	74.10
164.60	171.83
467.43	537.75
182.89	170.13
54.75	10.33
150.84	106.32
186.37	316.10
133.50	151.00
238.64	266.81
223.67	274.33
174.85	121.27
104.00	75.33
199.71	137.33
554.07	381.86
2164.78	2366.14
37.99	29.32
174.83	165.34
67.58	64.35
779.45	427.00
349.15	325.60
282.33	198.75
370.00	526.50
390.30	145.06
88.65	136.67
1052.97	1647.03
173.86	160.60
149.88	178.80
130.44	78.26
127.02	169.20
278.82	341.10
172.79	178.44
178.33	155.86
70.41	67.33
320.08	417.25
231.12	236.69
114.34	127.46
16924.90	19131.50
189.24	105.39
212.44	217.67
400.19	454.45
302.01	358.42
427.42	324.78
110.80	83.26
459.46	509.33
231.82	242.54
150.58	167.48
129.10	135.50
154.63	224.33
174.99	206.50
291.27	436.83
130.07	82.03
3879.25	3327.69
454.79	109.28
249.95	247.60
1111.36	690.33
134.32	135.56
173.68	178.25
2944.00	4329.00
286.98	366.83
89.50	105.00
697.64	353.67
355.94	371.92
229.25	231.13
243.73	299.29
607.06	577.12
53.02	49.79
185.04	177.59
804.60	2370.50
84.64	63.97
265.86	209.00
168.08	172.78
209.92	221.13
159.49	180.57
120.78	112.26
3930.62	218.53
106.70	111.98
386.94	346.25
226.71	193.50
358.83	361.33
961.54	1270.99
187.67	213.80
254.71	289.44
305.84	308.84
125.62	126.50
137.12	164.80
160.50	211.86
145.36	131.67
294.43	287.91
222.92	224.71
224.53	220.45
168.00	154.50
76.44	55.14
188.32	175.65
286.73	145.14
121.60	79.16
271.60	156.75
297.00	256.60
207.80	83.60
52.09	45.91
133.38	142.76
1678.54	2314.34
103.32	140.98
189.32	280.75
563.50	560.40
82.69	47.58
203.55	170.18
135.84	117.22
73.98	79.00
150.93	149.80
1589.62	2080.20
175.06	147.40
113.17	104.00
241.30	197.93
294.55	101.33
54.29	41.21
504.67	544.67
151.91	183.54
293.68	230.11
478.39	496.93
134.13	145.43
140.53	143.88
151.65	129.83
179.15	101.92
2264.71	2114.38
76.90	78.92
927.62	317.33
64.81	58.18
152.74	160.38
228.00	171.00
231.52	260.67
77.19	80.42
1379.45	1593.67
75.67	85.50
295.00	362.00
75.72	77.88
122.00	122.85
623.94	922.00
440.59	427.07
136.47	195.29
271.40	282.80
282.08	204.97
369.71	456.67
81.63	93.45
101.27	67.19
82.38	75.17
190.27	166.00
469.50	548.33
311.62	277.50
49.74	44.69
39.04	37.94
113.23	85.16
222.87	339.55
31.13	32.23
418.57	518.67
2192.12	1266.75
234.63	218.83
456.55	428.43
5824.62	6324.00
1621.52	1844.91
101.68	104.98
281.53	318.75
541.43	475.75
66.13	59.67
110.68	222.75
506.91	495.35
421.90	539.41
479.99	573.38
85.22	58.58
121.56	91.47
69.43	80.94
350.40	408.71
64.41	62.68
860.70	672.52
184.37	209.47
370.59	386.06
366.10	329.71
460.00	452.21
46.20	62.50
304.33	269.17
379.24	338.00
119.70	80.73
473.33	524.00
1211.60	533.71
100.93	78.11
76.23	60.01
463.45	309.21
231.75	280.00
228.50	240.95
552.71	555.75
515.75	785.00
686.50	609.60
1430.22	1692.79
210.50	195.00
67.60	37.80
216.90	269.67
286.28	218.00
70.31	65.22
763.71	834.64
125.53	119.81
151.43	147.62
181.78	188.50
131.06	126.45
62.81	60.67
92.70	95.89
273.36	289.75
429.04	321.81
462.20	799.40
491.75	507.40
229.04	217.59
63.83	62.58
76.74	103.90
238.73	286.00
1619.45	1351.75
163.44	184.25
349.31	593.83
447.23	92.17
225.18	245.00
356.67	295.67
98.49	90.63
658.00	439.75
403.57	329.25
96.29	82.88
108.82	110.77
83.78	95.20
196.50	180.33
189.60	275.75
1623.33	2465.85
169.17	105.00
1335.43	1139.75
117.79	135.51
2795.73	3187.45
245.48	283.66
75.75	76.98
99.10	120.93
508.27	643.00
650.67	730.00
152.00	175.00
248.76	261.37
77.33	75.71
365.62	198.20
85.81	94.76
193.91	171.41
242.55	240.81
72.47	71.55
260.36	222.57
161.38	245.20
282.00	302.75
71.86	67.33
136.17	173.42
882.43	1073.75
156.57	76.50
152.99	163.58
181.80	194.65
266.75	293.00
69.00	81.80
221.06	232.50
86.27	101.99
182.13	214.79
342.94	518.00
122.47	111.29
93.34	88.70
296.00	272.50
196.86	261.33
167.34	61.32
314.91	362.29
87.99	91.25
57.50	53.41
423.00	474.56
254.54	278.67
527.12	628.83
148.36	162.46
194.00	189.67
182.96	181.68
246.78	299.20
1185.00	1216.00
163.14	111.64
140.40	171.52
162.38	143.00
123.50	115.00
27.66	23.95
93.82	119.50
192.28	205.57
149.44	155.91
85.49	95.95
771.22	1401.43
182.12	175.40
48.97	48.98
436.02	335.89
496.18	507.00
217.92	232.56
177.46	188.92
318.21	310.44
393.60	457.82
1588.14	2626.25
186.94	131.39
246.52	188.09
634.22	1031.50
265.18	205.50
1513.35	751.80
190.13	248.65
56.85	52.14
65.68	42.56
307.65	275.15
63.87	57.60
400.39	416.08
41.99	54.50
125.42	104.14
235.09	279.06
134.97	217.33
599.92	786.00
1050.67	1167.33
230.83	226.43
185.23	210.30
230.58	267.48
51.12	4.90
173.07	103.54
66.01	66.06
168.31	155.81
116.60	45.93
159.01	134.23
215.50	268.40
218.67	289.67
342.29	435.00
1193.29	1195.67
176.14	143.30
299.92	289.94
273.15	250.70
210.83	356.00
1199.88	1777.20
575.23	938.70
173.51	105.83
202.10	162.29
204.19	166.00
184.16	172.50
564.90	89.47
1123.25	177.20
251.53	189.06
62.70	82.28
939.00	324.33
776.24	748.91
162.51	168.20
211.55	214.64
166.29	152.50
353.07	253.10
115.00	70.33
183.71	211.62
145.09	167.62
301.47	296.36
227.45	302.08
790.00	901.67
198.87	112.14
303.16	387.84
438.52	500.57
683.16	694.87
219.88	200.20
61.85	29.53
184.27	197.86
168.00	186.88
330.08	303.50
102.65	107.93
92.53	39.67
178.10	201.22
330.91	432.86
282.47	251.67
138.31	75.27
80.47	78.30
3112.20	3972.97
126.57	108.45
48.38	21.23
293.56	334.23
339.29	314.94
1087.51	1402.25
405.83	415.33
261.86	254.92
114.22	107.00
91.77	90.17
182.30	218.33
168.82	147.48
522.92	635.50
225.52	128.75
127.00	80.28
63.31	68.04
119.72	144.45
106.00	171.25
199.26	223.01
132.82	127.43
215.75	278.00
96.50	108.33
50.50	30.50
65.75	98.00
258.88	249.60
215.64	186.28
100.90	79.50
121.54	125.27
141.40	113.68
671.01	1225.33
98.90	107.14
53.09	119.22
538.00	331.17
1609.79	2078.00
101.24	95.43
413.86	208.75
122.44	149.10
370.50	343.21
57.54	50.74
178.50	155.20
626.98	436.32
255.00	228.60
67.69	70.90
413.35	455.99
293.52	341.81
164.62	187.78
216.31	89.00
235.12	292.82
136.17	81.89
239.81	161.67
408.38	500.50
1386.66	918.66
224.08	293.22
1454.75	147.75
127.56	96.29
65.51	54.31
4348.38	8636.50
206.26	216.95
530.10	782.98
155.56	178.67
15.83	39.90
77.55	54.67
203.09	201.24
218.55	198.86
226.31	142.75
187.77	214.33
165.67	156.00
69.55	76.97
218.49	254.20
498.00	370.00
856.95	932.33
52882.20	69432.95
217.44	172.27
35.61	52.77
205.07	294.33
288.53	278.38
312.18	246.80
183.71	191.00
125.69	151.55
139.20	124.84
354.48	169.82
293.95	293.14
110.82	138.22
335.83	314.78
196.17	225.58
182.67	248.00
217.43	170.43
311.36	286.60
279.25	291.80
480.88	502.62
268.86	295.00
42.84	11.47
330.88	412.33
160.80	165.51
187.08	183.50
170.07	81.00
81.13	68.16
102.87	101.60
691.46	488.58
323.67	343.00
214.36	100.78
193.83	217.35
108.57	122.10
97.64	87.86
133.88	120.26
149.54	143.75
588.17	704.60
225.78	203.18
110.80	70.27
218.98	279.30
175.01	175.26
328.95	282.01
284.88	292.00
3444.16	4464.15
404.53	410.42
478.73	246.00
128.85	100.03
151.26	158.34
161.65	131.92
258.73	301.29
194.80	144.40
155.86	140.83
62.17	79.50
72.13	77.57
281.11	428.93
1490.71	1353.00
182.44	230.65
185.62	153.80
216.55	265.77
161.46	169.15
336.01	98.85
503.09	627.86
179.77	303.00
1081.12	1712.00
395.30	668.00
242.43	303.82
89.84	80.76
191.31	207.60
702.92	748.80
55.63	49.27
476.00	453.12
162.08	133.78
138.37	95.00
1947.30	3124.00
317.64	189.32
882.67	92.00
195.10	232.40
327.38	338.92
379.29	575.50
178.67	129.33
145.54	153.83
88.12	80.08
544.41	563.85
606.38	267.50
275.79	270.96
495.13	633.99
224.96	460.00
328.19	364.17
244.89	332.67
218.36	140.50
169.56	182.31
163.70	161.10
159.87	82.21
316.62	325.50
261.00	156.33
237.11	155.69
677.86	875.00
1455.65	596.53
224.27	149.88
216.74	184.86
160.86	179.46
281.33	294.33
260.25	307.40
433.21	486.72
292.57	257.67
362.48	399.00
160.32	185.10
1130.45	1096.00
409.51	444.62
146.21	191.62
909.44	383.60
158.46	125.60
185.48	134.48
242.27	264.29
101.89	81.98
259.57	341.67
332.44	211.33
82.95	67.22
221.18	266.86
162.67	220.80
164.93	174.84
474.66	279.20
495.05	148.68
355.04	369.39
66.52	87.03
210.64	223.75
204.16	101.33
193.85	251.21
302.27	286.86
64.27	31.00
391.00	419.00
91.43	84.36
252.26	364.70
146.29	268.57
82.26	101.47
264.44	188.50
151.21	120.98
214.78	231.00
174.27	163.30
69.47	71.59
2861.75	3973.60
766.13	554.44
40.97	31.83
392.50	355.00
201.82	226.22
397.23	417.44
75.17	74.74
312.04	270.37
2522.90	2390.86
402.22	425.83
338.63	347.07
1151.50	591.00
131.27	146.00
70.62	42.00
284.56	296.70
120.63	160.95
345.73	338.71
216.88	242.00
147.44	180.00
265.53	263.11
281.13	250.20
218.00	248.43
859.21	941.40
272.05	164.14
151.99	143.74
339.06	495.17
114.99	110.63
269.11	162.00
154.42	297.99
125.20	163.60
372.82	504.25
55.26	47.26
591.13	688.73
222.06	215.50
122.57	100.33
156.28	175.22
103.11	88.20
441.00	288.00
193.62	124.39
469.25	597.56
63.92	102.50
331.29	305.50
157.00	128.75
139.68	140.02
260.67	142.13
120.64	140.33
233.36	171.88
454.00	489.43
226.80	74.97
555.71	689.00
254.12	246.40
228.58	220.26
291.69	272.70
134.35	185.75
577.35	598.65
294.88	150.00
162.25	167.44
514.36	538.67
185.64	103.86
466.00	360.00
199.11	217.83
3101.91	1565.88
277.56	243.50
331.86	375.25
192.70	193.69
1788.29	1049.06
401.09	588.67
58.84	68.95
128.29	155.29
356.00	361.50
447.47	967.32
1231.53	1492.50
166.61	165.67
113.79	184.16
233.35	200.98
615.83	1321.00
154.69	152.16
267.80	304.91
62.71	75.26
265.23	289.67
222.86	101.25
265.88	236.80
87.60	110.25
160.80	163.00
117.14	124.30
5759.71	8322.00
252.76	269.52
12.07	15.30
205.17	178.33
176.17	224.00
217.14	206.67
143.00	136.44
2053.08	1069.17
329.75	76.00
3379.55	5076.14
80.03	71.92
366.12	183.50
124.27	126.97
149.22	116.74
380.73	218.83
226.82	159.97
159.64	90.66
122.97	121.50
229.10	337.50
415.57	423.85
229.27	288.00
301.86	109.33
508.07	431.70
258.53	148.57
131.25	66.99
782.85	928.30
42.97	51.75
204.77	122.82
368.73	487.86
279.77	286.96
2193.00	1412.33
67.69	69.67
204.27	198.89
304.31	332.07
149.48	150.59
469.98	382.11
6787.14	11858.00
61.01	74.59
226.38	196.00
125.67	126.60
505.18	338.67
142.53	151.39
300.19	413.75
372.77	151.71
627.06	73.67
63.53	57.64
618.22	449.80
186.71	91.08
193.67	316.00
62.47	21.13
70.80	111.36
130.83	122.60
133.27	115.75
416.12	433.40
110.50	99.33
720.46	723.80
1949.69	2426.84
314.64	276.67
153.24	73.33
181.80	219.75
61.66	43.80
232.50	185.89
314.26	316.74
78.15	62.72
4640.33	4340.17
294.67	308.83
391.22	385.50
328.19	336.51
150.44	195.96
109.35	142.20
166.15	149.42
83.57	110.33
405.38	442.08
492.88	551.00
94.93	163.30
234.12	309.33
145.14	95.02
113.62	71.04
232.69	209.69
167.57	197.25
366.99	343.99
269606.36	11401.50
317.90	367.14
4984.17	4418.86
129.30	155.33
377.25	329.75
219.56	205.40
317.33	352.00
99.97	87.52
282.11	284.35
98.91	58.13
331.43	316.90
140.13	156.40
186.40	255.25
196.08	146.00
269.54	281.08
343.89	258.33
161.00	172.33
383.43	368.00
1216.82	1454.20
170.00	163.33
425.57	631.40
237.00	302.00
133.82	140.25
4353.21	4239.00
287.75	411.00
258.96	274.75
56.78	66.29
5299.29	1017.60
1333.20	607.30
362.60	417.14
54.07	53.48
169.50	124.20
82.87	82.35
48.38	48.13
9006.58	27.83
3090.42	3079.86
114.55	52.92
114.68	80.69
462.62	637.88
136.14	156.21
384.68	199.92
253.60	284.00
603.08	790.62
251.45	318.88
141.99	153.00
137.49	171.29
95.97	107.17
226.51	230.87
324.89	363.27
58.89	69.98
1312.25	190.40
154.32	173.00
260.06	328.25
241.27	239.00
53.89	94.38
1264.26	1716.29
138.46	141.48
383.30	530.76
325.25	300.60
114.27	104.20
200.52	53.92
262.46	266.66
84.57	128.20
109.19	135.84
572.29	637.82
134.02	130.53
494.11	436.35
2639.39	2202.22
326.57	282.67
1105.01	1222.10
372.16	577.00
105.95	116.97
351.07	364.96
185.47	215.39
178.01	180.38
128.36	137.00
128.64	155.97
133.57	159.00
314.33	314.00
92.36	69.78
301.25	258.50
86.00	81.01
118.67	77.33
129.88	138.08
72.81	76.30
92.43	82.33
153.17	137.70
508.71	556.25
630.23	754.50
276.88	156.54
187.87	187.75
72.00	58.50
240.09	274.21
184.50	164.67
2603.64	5141.75
173.78	140.33
608.32	113.35
105.46	110.03
142.59	106.13
185.93	213.82
221.47	213.68
1151.17	141.00
211.53	236.33
300.07	246.62
563.18	385.86
247.14	217.00
288.32	278.44
101.06	105.52
158.41	159.57
28.86	7.60
461.47	72.38
256.98	72.93
84.36	84.33
379.80	383.50
320.45	225.64
1405.76	238.40
104.32	113.74
243.41	296.10
193.00	197.33
195.75	241.92
202.83	224.78
111.00	111.23
131.62	107.61
195.74	224.28
208.67	155.33
358.42	477.00
231.88	267.80
59.32	82.46
265.83	182.95
24514.73	34791.97
209.80	223.47
597.92	686.00
111.92	94.57
261.36	185.10
117.45	131.00
221.28	206.60
308.99	496.50
318.58	315.17
108.96	99.45
230.83	219.33
327.11	355.25
207.43	223.62
686.29	1120.25
199.57	114.30
276.30	327.14
118.69	123.22
811.89	916.07
64.57	76.18
79.57	77.97
192.99	195.35
3934.38	2476.70
120.16	116.20
61.94	41.93
72.94	71.21
381.29	400.50
130.88	115.75
180.23	187.74
296.32	373.34
106.57	118.67
90.85	94.57
241.19	230.70
79.37	57.03
75.94	46.17
419.60	390.83
510.12	386.25
166.23	143.39
265.57	134.75
127.10	63.67
247.83	154.00
242.50	267.18
43.78	23.60
173.65	177.80
1003.83	418.67
137.46	173.61
202.22	249.67
176.63	145.37
437.70	317.00
469.00	193.50
1554.35	1969.16
256.17	147.25
278.00	225.25
212.71	192.33
418.12	448.00
156.78	155.60
260.76	294.18
377.17	444.40
744.64	248.72
122.64	143.75
84.35	65.00
205.75	192.60
148.80	124.70
253.72	213.40
84.65	82.93
269.50	223.20
307.63	375.96
280.88	196.00
222.75	224.41
189.10	131.33
365.62	334.20
110.44	78.97
63.48	66.43
147.32	142.48
206.18	257.40
304.30	363.37
352.18	416.23
277.74	302.23
255.38	261.00
131.93	124.18
601.00	607.92
579.71	686.00
124.09	131.34
28.50	32.10
189.60	247.75
301.44	283.69
1533.15	872.23
231.75	348.17
1257.88	349.82
100.61	121.00
46.73	31.33
135.18	120.34
212.06	222.35
53.98	44.85
146.19	154.18
295.67	299.67
659.49	421.36
134.66	104.74
944.36	1190.17
345.11	278.00
87.67	108.71
247.86	215.24
60.29	63.52
87.78	106.68
111.30	127.27
340.29	304.00
130.33	132.00
191.68	161.53
99.17	76.18
203.07	137.42
67.42	75.26
136.53	145.42
257.37	243.19
268.00	242.36
883.99	145.78
220.89	230.01
607.71	584.25
124.24	99.13
134.07	230.00
89.76	113.83
493.92	517.00
117.30	82.93
337543.27	204799.80
1909.38	1175.25
47.11	66.50
55.90	39.70
376.75	170.60
377.50	370.00
216.33	194.33
124.26	140.41
154.04	177.19
138.59	134.18
75.97	83.97
409.10	498.98
590.33	217.67
262.60	126.50
98.79	106.47
168.39	191.43
213.29	219.60
179.49	143.34
313.52	388.62
218.93	233.19
219.88	91.53
215.56	197.50
54.44	66.99
86.68	90.10
64.87	65.60
991.77	341.57
455.18	556.50
191.70	182.00
367.44	262.25
171.88	116.33
294.05	230.97
173.12	172.75
181.60	188.50
194.50	216.28
359.89	189.75
88.53	102.01
53.98	52.40
50.33	60.32
98.84	49.22
160.77	155.72
125.19	113.38
189.16	374.36
126.57	100.00
623.08	654.72
434.39	417.13
110.76	132.82
348.43	351.70
140.99	144.99
322.39	380.26
149.58	157.25
299.42	331.46
114.51	108.53
217.72	171.90
85.71	64.67
133.57	147.33
45.38	47.70
124.34	105.63
273.42	560.36
168.47	78.63
266.04	155.18
314.54	227.50
225.25	243.81
326.10	328.14
619.62	881.50
395.82	321.25
356.92	401.50
235.25	249.62
477.67	344.65
270.64	264.81
7996.20	133.00
174.11	142.27
43.64	43.37
268.33	324.64
37.00	45.40
70.44	133.00
1385.00	393.25
201.96	209.95
1499.90	2389.67
229.92	212.61
197.00	195.18
165.00	108.33
621.54	591.33
219.11	226.28
159.98	223.98
168.16	148.45
143.17	157.33
133.62	111.80
320.33	126.00
681.62	552.50
89.73	75.82
67.97	90.20
341.67	408.33
242.91	250.14
91.88	54.83
251.82	399.67
120.33	96.44
119.74	117.25
449.52	450.62
158.18	156.87
91.39	86.43
488.20	699.20
203.25	157.60
117.10	117.75
396.30	446.15
171.10	129.20
64.26	64.25
111.60	117.89
56.72	26.14
234.62	227.00
113.60	88.58
83.39	89.17
290.33	328.17
377.20	407.00
452.94	387.19
161.84	186.35
58.94	64.67
267.33	337.00
296.86	198.33
164.71	192.75
111.08	97.60
291.60	390.13
691.36	1170.40
253.75	212.34
98.54	133.87
76.20	109.40
152.99	175.05
594.33	629.33
37.75	42.37
186.01	171.51
827.57	960.91
190.35	343.45
207.50	131.67
500.05	444.67
91.11	76.75
215.63	193.15
856.00	889.50
256.07	381.15
115.59	72.53
147.00	172.00
65.80	53.11
168.85	156.15
117.83	115.54
286.14	228.25
265.20	329.80
71.73	66.13
749.68	1028.10
113.36	128.58
512.00	597.12
106.35	101.00
202.56	228.00
613.55	794.50
650.11	748.92
177.70	138.90
215.67	217.67
157.89	113.75
406.86	445.68
345.76	71.30
97.48	74.27
357.57	391.22
60.52	60.40
328.36	327.20
366.14	345.33
83.92	90.61
234.83	362.33
46.32	48.69
4013.86	3592.33
278.83	228.33
705.99	660.91
3817.43	6781.33
285.25	204.25
318.91	293.18
746.12	613.53
85.67	41.76
132.45	137.72
188.67	129.75
329.17	233.00
93.28	97.81
577.84	819.92
230.95	264.73
382.29	356.08
101.64	107.86
307.43	285.26
353.86	418.33
153.66	164.33
164.71	206.19
530.66	542.54
115.98	73.23
344.45	428.00
562.60	116.50
2133.17	1838.54
295.10	342.57
147.00	157.60
137.90	139.57
1095.06	953.92
60.36	30.00
130.25	136.41
132.41	124.42
142.67	144.00
128.53	55.89
183.38	151.50
542.36	735.02
7072.57	8198.37
130.79	127.42
226.09	101.65
88.06	80.88
105.86	77.00
1083.17	2007.33
366.40	252.80
313.23	337.86
319.53	607.56
254.29	245.14
577.82	792.27
155.20	175.16
98.78	75.63
143.40	163.62
203.33	215.13
600.93	371.00
310.62	247.80
211.57	197.50
165.66	223.00
137.75	162.67
71.05	70.14
339.18	262.00
156.89	196.72
157.31	185.47
44.97	51.20
3780.85	2943.25
97.94	82.35
488.73	541.61
442.38	366.62
71.20	91.52
199.45	237.73
8816.42	11357.88
123.33	142.09
121.65	61.80
56.11	50.35
2426.50	525.25
118.25	114.21
597.36	893.50
443.22	212.24
126.36	123.23
1037.93	1162.36
277.47	316.83
134.66	175.00
85.63	72.94
254.77	328.48
235.94	297.87
282.09	278.27
148.38	158.25
49.41	18.90
5103.40	11611.67
297.33	113.00
62.01	57.09
232.25	270.55
277.25	199.22
1160.00	200.00
184.90	191.14
119.13	181.67
60.60	46.30
103.82	105.80
261.78	253.07
588.90	599.29
352.30	416.86
171.57	187.75
234.13	174.00
182.07	122.78
964.68	1180.24
251.45	247.60
238.35	216.89
257.23	220.35
158.97	87.33
146.91	149.82
46.04	59.20
428.93	373.40
375.31	563.80
279.56	238.40
158.96	167.04
206.68	212.77
2362.47	2132.57
193.47	186.29
142.86	156.50
57.00	62.55
627.14	415.95
440.17	785.00
164.42	113.64
64.04	86.80
369.44	211.48
98.04	98.35
246.81	217.52
188.27	204.64
176.42	173.98
350.21	363.76
266.73	210.85
166.84	193.22
231.37	565.29
219.93	215.82
191.54	181.50
283.67	317.17
468.17	469.86
423.67	495.00
298.21	480.78
319.89	29.62
38.00	38.80
240.30	199.00
215.00	211.17
133.54	102.45
82.74	102.33
131.86	177.14
269.71	261.36
80.77	72.27
170.26	248.60
1493.78	1663.68
315.14	277.25
188.56	211.07
196.45	203.00
680.27	760.50
1594.23	2272.79
150.07	181.97
120.73	110.75
857.54	1905.93
138.14	120.78
124.29	128.25
162.75	142.94
181.12	152.50
306.40	268.29
101.98	124.99
109.57	86.00
103.94	111.98
364.25	608.67
119.96	146.10
170.53	165.17
783.21	1193.90
208.43	201.33
211.06	210.52
114.47	123.14
182.31	205.50
267.91	270.43
99.47	69.91
134.17	134.67
352.50	220.25
138.11	140.51
114.02	119.90
156.45	67.20
238.57	323.75
389.86	58.67
989.43	1478.70
89.60	50.60
143.46	127.11
157.86	161.50
200.48	244.81
191.00	166.89
317.49	265.90
182.22	244.00
296.89	534.33
174.72	160.00
522.19	531.16
1243.56	123.47
958.83	456.33
179.85	236.67
343.14	243.75
848.31	1050.69
105.43	89.66
274.00	225.00
49.93	64.22
128.67	126.00
162.95	166.67
216.67	254.71
134.92	81.03
311.89	387.83
149.68	162.69
158.21	170.36
69.74	48.41
381.32	396.54
115.72	127.33
49.88	53.81
630.72	701.08
150.72	152.61
555.29	1008.25
1051.56	421.33
181.18	196.88
138.10	90.76
96.67	115.20
333.67	310.60
3768.11	480.50
229.50	196.60
246.02	268.14
211.94	170.30
218.68	208.85
149.08	142.50
203.66	222.50
121.59	79.99
168.86	205.50
298.21	267.00
162.00	198.59
152.57	130.52
239.57	182.60
263.97	310.50
183.50	108.67
203.15	275.76
239.91	180.75
269.54	328.39
111.62	99.82
3149.33	2958.00
1131.95	1465.07
1672.20	2181.29
77.62	82.59
154.98	81.96
188.14	203.68
63.84	38.23
196.07	239.42
60.67	57.75
274.33	242.00
1489.72	1907.60
423.12	441.80
206.57	129.75
2973.50	3598.75
220.35	151.26
325.00	419.75
101.79	114.32
192.21	161.83
147.00	172.00
255.31	233.85
223.22	297.25
98.69	85.60
188.98	179.30
264.69	253.00
324.00	103.25
350.00	497.75
472.50	373.33
153.07	62.13
339.03	281.98
22.55	22.36
184.50	195.00
78.43	124.00
119.63	109.18
280.54	429.00
1081.74	1025.86
86.23	92.11
186.44	157.67
313.98	342.49
278.82	244.12
103.05	150.86
382.29	361.35
189.00	194.75
118.18	180.60
1156.17	737.23
3159.28	4472.86
104.87	126.00
248.25	278.67
228.49	206.89
465.17	127.36
255.25	222.14
166.00	167.67
72.84	52.63
370.10	300.75
208.73	128.14
116.29	108.75
400.72	446.59
493.83	140.65
159.43	148.22
93.26	53.72
162.21	199.88
62.75	95.33
292.52	252.11
463.88	376.40
126.50	144.82
557.00	610.75
233.08	315.05
132.52	161.81
254.06	295.91
274.83	237.67
674.00	988.00
8249.72	10854.00
3734.06	5603.20
510.33	859.00
310.70	229.76
96.41	85.41
988.39	1016.47
236.81	156.62
395.70	534.20
207.60	228.57
90.05	89.40
177.50	206.58
349.71	589.00
189.64	164.67
1044.57	844.60
259.12	279.75
123.89	224.67
187.17	182.20
466.91	379.23
173.82	144.63
362.78	404.33
659.90	487.24
213.18	253.11
136.23	158.67
118.76	91.12
82.17	81.00
209.33	190.66
188.48	82.12
225.12	281.00
147.60	55.38
345.33	387.25
262.28	288.53
94.62	84.41
511.41	514.00
113.95	107.76
173.53	132.86
567.29	414.00
254.16	256.46
231.93	159.50
279.58	295.29
317.86	395.50
89.00	113.75
109.10	111.58
101.04	99.48
273.56	342.67
292.31	306.79
218.47	205.04
1685.56	1362.50
183.71	174.81
209.09	200.20
251.18	371.20
194.90	133.17
116.41	75.54
334.82	139.44
401.57	185.00
264.62	197.42
338.25	426.20
83.19	75.22
150.01	151.78
120.15	119.24
238.83	325.48
118.10	140.24
194.54	213.89
679.25	171.58
302.71	354.11
773.98	1361.33
178.77	82.00
238.43	239.50
802.38	1066.29
155.64	145.29
213.95	232.19
270.06	158.43
704.04	737.88
1163.83	254.33
52.96	55.58
256.18	738.25
519.53	492.40
250.15	250.89
97.24	73.49
574.87	620.55
72.82	147.80
162.14	223.33
511.00	504.00
161.60	201.57
124.54	142.80
121.00	118.75
138.60	146.10
54.02	66.98
287.80	308.00
449.87	508.62
171.44	200.40
809.08	1004.77
190.90	159.11
470.00	512.33
82.02	95.27
77.53	50.23
172.67	205.33
64.99	59.05
62.34	60.60
305.00	288.43
96.85	142.56
132.83	99.27
138.27	137.50
343.24	427.90
247.00	225.33
24.21	37.62
242.83	229.33
87.85	89.16
774.50	1034.43
366.99	386.63
114.18	101.61
212.17	237.30
111.13	116.17
202.34	235.93
248.14	167.67
133.66	130.80
185.79	288.83
228.00	214.67
50.97	33.33
179.17	147.67
163.42	238.33
69.76	73.88
188.79	151.56
65.25	72.32
1142.00	1867.75
272.79	225.23
167.89	147.97
432.56	376.73
292.73	263.19
177.26	195.88
211.51	214.57
441.80	381.00
24.17	28.29
145.68	204.33
320.20	314.92
313.83	174.67
152.96	126.08
171.18	185.50
194.81	219.65
157.79	179.43
239.00	304.50
988.63	1019.38
146.48	149.62
171.22	98.33
83.31	57.39
161.12	141.00
72.36	91.60
186.44	164.60
187.30	191.93
3783.71	287.50
237.82	270.83
332.43	343.25
4146.17	2801.67
231.26	306.95
1517.86	1795.50
2892.44	5070.60
113.66	113.64
97.00	78.67
161.89	218.94
129.18	91.31
349.25	310.20
277.07	186.22
83.55	84.64
347.25	243.80
787.00	903.38
146.13	167.97
169.50	159.25
347.93	388.48
177.68	85.48
73.99	58.73
146.81	26.18
33.54	59.70
390.05	474.45
38.65	56.43
177.58	119.46
183.99	177.09
214.89	303.00
180.67	119.67
266.18	130.00
169.46	164.27
247.14	241.67
2177.50	58.97
476.25	786.25
155.16	143.81
293.68	280.40
126.56	54.31
134.47	164.44
236.14	230.88
302.52	200.50
298.18	282.00
233.14	241.62
170.00	166.43
544.11	272.00
213.83	165.67
132.18	138.06
1380.91	1655.26
282.00	263.62
8393.64	1077.95
93.75	56.76
324.64	292.00
137.31	149.20
131.56	142.00
204.40	312.40
105.90	114.30
208.41	241.97
321.50	308.67
252.62	246.67
205.18	170.68
169.44	143.33
108.50	105.00
138.35	134.35
213.86	163.78
95.48	115.44
170.71	133.83
41.30	38.25
385.42	38.30
141.73	173.40
313.59	297.17
61.51	65.96
83.75	80.60
425.50	650.00
577.06	587.31
111.86	42.50
275.68	381.72
151.14	157.54
33.55	27.19
21.02	13.53
243.12	280.85
262.32	182.11
268.14	285.50
141.87	48.24
219.47	45.58
307.15	335.92
277.36	256.88
59.36	58.46
188.86	178.75
319.36	627.75
384.32	389.50
534.38	658.67
156.10	199.71
133.75	72.04
247.74	339.25
97.31	110.97
72.00	65.83
76.10	76.40
286.70	282.91
88.47	63.33
241.73	231.40
275.00	346.50
185.62	190.60
555.06	602.75
211.00	208.00
391.11	415.13
333.25	440.80
209.44	116.00
331.07	288.33
307.77	148.71
400.31	391.87
275.38	227.40
261.74	97.22
201.20	237.33
218.29	273.50
69.24	52.68
383.21	537.38
334.00	326.40
208.82	265.13
3706.94	3062.50
257.34	217.87
397.44	400.47
123.95	57.95
1093.03	1189.15
87.44	65.26
113.09	71.00
307.55	173.14
306.25	289.33
142.57	205.16
81.98	89.59
907.62	344.37
618.63	926.83
305.40	255.83
148.95	157.06
71.60	49.87
45.87	73.00
216.88	232.75
235.05	190.77
69.12	48.59
78.31	83.33
163.71	174.50
208.29	171.33
229.76	274.31
178.14	197.75
265.18	270.25
1667.38	1659.75
125.35	95.35
264.02	107.37
400.73	543.00
622.70	387.00
365.50	574.75
141.29	123.00
161.65	152.07
51.66	53.00
172.18	221.33
240.14	294.83
108.74	99.71
185.00	143.33
205.48	304.31
552.20	544.40
324.57	273.75
208.41	239.73
983.67	1418.45
72.52	90.67
239.87	237.90
164.35	161.20
174.56	139.20
384.08	417.71
257.33	186.18
172.00	200.50
13436.92	26838.33
329.62	296.93
346.58	500.50
330.04	321.80
365.17	249.00
1060.47	1546.50
226.73	161.00
187.38	200.80
286.12	294.50
296.88	273.00
288.24	354.34
126.71	108.44
121.40	102.80
55.10	51.83
358.67	289.00
259.85	259.04
208.22	237.17
194.18	187.39
118.13	157.82
349.62	334.67
157.26	159.32
198.40	235.33
472.15	605.33
607.06	310.99
255.67	265.08
175.90	209.25
84.66	57.51
60.49	67.25
46.85	58.17
150.88	201.67
284.07	276.25
96.97	128.44
2556.29	3341.67
445.38	353.20
139.85	139.11
157.94	240.95
93.53	140.75
366.75	361.00
368.35	284.59
78.32	79.40
287.57	286.33
157.85	47.56
107.87	106.67
1124.75	762.50
325.45	394.14
225.88	219.75
38.35	41.37
15245.76	17420.48
214.34	173.85
232.68	328.13
232.27	225.14
2475.50	2299.00
136.29	129.00
117.98	83.20
287.44	153.80
626.25	334.80
166.89	194.40
286.72	287.08
203.28	163.18
152.10	140.38
103.51	95.30
117.45	115.24
353.00	353.00
28.44	44.33
259.68	295.91
7141.29	7481.44
69.38	65.00
187.74	180.45
98.79	103.63
92.92	59.94
152.61	99.00
151.41	126.03
7407.03	10350.26
130.78	173.83
115.37	94.85
70.47	56.38
169.18	213.67
85.25	104.26
220.62	338.33
320.62	378.00
27.42	22.52
138.04	124.16
658.75	839.71
98.32	90.69
61.79	42.20
147.81	175.30
150.33	161.60
215.87	202.32
81.45	81.30
473.55	608.76
138.18	97.40
293.58	303.43
488.53	529.32
1142.52	1526.28
167.14	136.75
133.07	128.66
108.96	73.40
261.79	242.00
407.66	399.99
679.07	625.33
466.45	137.05
124.37	40.89
191.83	238.43
283.93	310.49
50.48	53.64
230.36	237.12
637.56	754.60
100.47	87.14
200.62	182.60
218.70	191.57
54.50	37.20
230.59	249.88
57.59	78.93
241.69	261.58
179.98	65.63
178.03	200.96
50.24	39.54
237.08	200.38
1446.44	2298.00
246.42	312.61
296.75	331.00
61.69	43.30
225.14	278.25
157.90	192.50
51.05	54.89
90.97	93.25
107.33	120.67
343.20	340.64
74.22	77.11
267.00	210.00
273.50	324.40
49.37	40.16
135.33	113.60
131.18	179.60
262.14	321.14
365.93	482.41
79.18	89.40
188.72	185.36
552.41	111.80
1340.50	1614.17
1261.88	92.00
85.89	45.29
388.50	321.33
104.55	105.27
351.47	372.78
260.57	258.43
135.54	159.62
169.93	160.05
164.03	140.00
27.46	15.86
173.72	226.67
126.57	127.50
50.10	36.93
155.80	63.04
206.26	152.70
259.89	267.71
213.67	195.90
314.97	231.54
124.14	121.89
299.84	304.56
181.10	158.00
357.46	390.71
74.94	109.04
169.00	117.00
936.87	1160.33
209.48	274.69
208.40	220.62
441.76	258.00
354.99	101.38
209.42	168.25
153.94	179.69
290.00	348.67
365.46	342.50
234.27	189.23
119.81	125.70
332.06	313.67
120.38	86.98
138.43	151.25
162.23	173.08
63.68	56.95
210.99	288.00
98.79	98.27
1939.33	1475.83
304.81	345.80
5615.37	8375.57
231.03	181.00
194.05	187.18
163.71	142.00
1229.53	818.50
101.79	101.34
166.78	164.08
165.99	225.33
163.33	177.67
36.50	3.67
142.59	157.53
57.15	46.10
489.03	404.66
66.54	65.05
215.09	281.18
821.12	1114.80
21.56	17.14
257.13	123.30
1015.86	1483.50
143.09	178.45
146.00	174.00
419.28	525.98
1467.83	3140.93
277.81	243.82
253.10	196.38
310.67	308.11
707.29	881.20
223.83	255.33
185.35	143.72
12.72	9.70
224.78	187.75
120.12	137.55
243.32	170.67
538.00	582.00
206.25	215.43
234.12	280.89
192.79	132.33
247.91	280.00
223.83	206.67
165.00	206.80
151.33	186.14
125.32	149.11
168.38	149.00
3682.50	5095.00
249.68	354.83
469.62	503.40
12.33	12.04
233.09	403.50
3817.71	1873.13
202.35	223.02
350.12	201.00
2080.44	260.43
835.03	1211.78
154.40	197.13
165.57	170.53
382.17	538.00
265.33	252.70
77.22	72.32
56.48	41.58
778.69	175.81
457.83	512.50
347.11	382.33
180.57	199.75
885.57	628.25
169.90	121.32
405.85	385.35
273.32	332.17
261.14	389.00
64.99	17.15
135.15	178.58
223.18	185.00
46.83	48.89
346.00	288.67
202.75	172.00
180.98	171.81
353.60	263.67
171.25	165.33
6253.57	3079.75
139.80	166.75
82.35	82.00
56.97	39.78
591.71	694.04
597.41	719.34
92.71	95.21
289.50	378.00
3315.14	1417.38
267.32	227.05
280.64	239.62
615.71	570.25
2901.00	2543.00
124.88	124.00
354.00	287.50
990.71	340.43
50.82	80.83
270.75	282.04
32.89	37.76
337.14	156.00
288.59	296.50
1044.89	1176.55
73.45	61.00
159.47	168.95
1857.88	355.00
284.23	589.60
309.83	261.67
3382.70	3169.88
230.14	234.66
184.00	167.67
282.50	264.00
4147.08	5355.25
210.15	161.86
91.63	75.60
1581.00	486.75
220.81	253.50
78.86	71.73
211.98	246.29
281.84	604.60
102.62	115.80
246.00	260.33
121.02	103.86
2729.14	3022.71
272.90	265.62
168.33	152.00
275.62	143.50
122.91	159.50
153.98	216.40
477.57	601.75
157.14	171.67
188.44	173.14
165.33	200.33
220.24	147.45
122.19	119.00
305.88	312.40
1113.67	382.67
340.56	343.67
312.55	337.12
890.11	315.75
298.00	420.33
337.40	367.77
108.95	97.04
2034.70	474.50
283.30	340.00
362.71	280.50
532.00	645.43
138.66	133.99
2017.50	3447.33
75.93	56.40
389.25	283.60
162.47	244.43
196.28	199.75
1170.33	192.83
423.00	383.62
192.92	374.67
285.62	314.80
231.49	219.87
625.20	427.57
258.49	307.87
158.00	153.25
226.50	225.00
149.07	162.71
2321.43	1774.40
599.40	894.40
260.18	230.07
482.76	486.00
146.72	175.00
238.16	324.36
258.15	329.33
224.53	217.67
101.11	72.76
281.38	259.00
714.73	809.81
187.12	170.60
345.18	645.60
832.41	176.75
267.30	176.00
479.55	584.80
118.94	120.00
103.17	76.79
238.63	306.84
269.30	344.05
370.80	430.20
938.12	1909.00
154.35	99.43
216.60	283.00
17.93	26.54
383.18	307.33
144.73	267.49
108.69	140.98
243.40	236.71
92.26	92.86
220.00	254.25
45.51	81.27
668.97	145.67
88.29	81.90
474.86	333.00
49.97	59.79
1185.33	103.25
122.80	127.64
1556.55	1992.73
389.10	484.83
251.38	343.48
221.82	105.63
452.00	432.12
369.64	492.38
203.38	180.70
2040.97	2728.69
205.90	157.00
265.77	65.87
167.88	172.20
929.50	850.73
45.26	76.00
237.82	269.00
331.75	269.20
77.55	62.42
186.89	215.31
142.36	151.78
188.84	175.44
2806.50	3532.53
45.78	38.19
706.14	525.56
155.03	165.50
1074.43	895.36
151.93	222.80
53.03	30.40
107.60	108.85
153.78	165.00
219.38	195.33
944.54	330.50
370.50	282.33
258.19	316.00
199.25	213.80
30.53	33.27
137.05	125.43
376.42	452.75
299.97	182.93
93.33	94.67
353.33	368.67
268.97	259.93
105.60	93.25
195.43	212.33
52.44	61.72
225.31	229.38
242.11	212.50
242.18	222.00
1308.03	1567.19
101.43	97.45
388.50	414.14
235.77	321.00
781.33	572.33
396.43	364.00
242.11	241.21
12065.61	10896.99
46.93	45.16
89.57	75.12
591.17	983.33
534.65	626.53
116.33	88.00
89.70	79.40
232.95	225.00
478.80	464.44
209.50	257.00
75.56	69.26
187.31	178.92
238.47	231.26
109.50	106.90
397.67	391.00
1404.00	1919.40
115.72	106.20
218.98	229.25
234.07	157.96
145.42	138.60
133.50	164.20
1158.24	1558.56
189.09	154.39
137.73	144.57
149.85	128.25
242.43	268.25
186.80	191.00
289.78	313.40
2470.26	3454.06
211.36	267.93
255.51	317.08
176.00	90.00
167.72	117.46
946.75	1592.37
358.11	316.00
1138.59	336.24
87.18	98.18
1182.62	876.33
228.83	424.34
364.28	858.00
175.24	170.89
262.52	376.12
174.00	194.50
264.94	311.11
299.00	355.25
84.89	51.05
150.75	175.57
1798.11	413.80
109.57	125.10
41.18	51.14
122.68	131.91
231.85	292.36
936.17	683.33
176.68	76.20
174.67	197.33
403.07	380.00
78.02	94.55
288.30	350.86
375.57	253.75
272.06	312.00
166.31	191.39
1143.84	1235.62
271.22	392.80
84.84	92.50
267.23	341.41
158.85	175.93
112.89	80.69
637.68	390.58
413.18	473.67
464.18	245.80
786.33	666.33
395.14	358.00
540.09	908.00
380.78	405.17
331.43	319.57
188.25	198.83
251.15	306.21
118.67	148.67
181.51	147.99
292.00	277.25
41.73	51.40
166.15	172.80
346.33	243.30
247.27	226.00
253.11	248.00
216.00	243.25
150.73	148.79
108.24	128.73
85.88	102.36
380.83	393.00
349.57	400.53
389.67	294.00
223.63	166.35
105.74	128.00
75.42	62.98
52.81	28.34
337.20	317.37
155.10	170.54
132.11	117.98
125.99	114.58
893.25	1736.00
180.37	165.89
1737.82	2655.19
124.18	110.77
1874.61	3611.55
201.22	190.60
130.59	150.53
570.25	649.20
129.52	78.81
161.38	111.75
235.25	223.00
584.75	482.40
330.62	379.09
178.84	285.98
200.91	40.14
714.68	991.99
182.04	174.24
361.88	444.00
44.44	54.59
1490.43	425.50
208.07	221.81
300.50	282.50
523.37	594.75
145.38	140.50
487.40	505.88
189.67	201.00
160.33	197.67
95.80	91.40
222.67	332.00
86.35	62.41
148.40	153.00
670.69	820.40
262.00	228.00
50.12	30.66
369.91	133.36
197.09	190.25
273.89	106.11
182.75	241.33
245.12	121.07
411.42	470.67
109.60	118.30
243.98	240.29
60.75	54.30
115.47	139.00
260.21	267.45
925.88	968.77
254.11	212.00
191.28	131.83
90.02	57.17
630.50	530.67
24.25	21.01
164.21	146.55
87.08	87.75
135.18	109.97
324.23	249.36
157.50	157.40
511.71	641.00
529.02	640.44
221.33	187.11
2294.68	1018.46
347.23	312.49
277.12	315.59
67.40	100.38
209.60	262.00
797.54	841.67
202.39	262.54
167.21	195.50
642.96	211.21
287.38	258.40
131.05	111.77
188.65	210.88
201.09	235.15
163.60	161.67
118.64	121.66
472.83	483.33
161.88	280.00
149.05	74.82
242.75	149.00
376.39	390.05
310.71	393.92
190.46	161.00
186.99	205.58
384.63	414.62
408.19	527.70
30.28	45.42
44.71	37.16
297.22	294.87
409.00	549.67
160.33	192.00
532.45	553.04
292.68	115.00
504.29	547.33
337.14	248.00
120.44	182.71
385.30	418.00
183.68	142.99
194.81	185.67
206.64	147.67
106.35	94.95
1959.58	628.30
86.51	72.12
341.15	298.43
401.41	452.55
193.41	329.53
179.67	151.40
245.55	226.00
91.37	98.01
216.10	173.57
209.19	224.90
368.95	426.62
234.06	361.55
217.26	235.49
537.48	486.38
55.77	40.93
351.64	421.25
45.45	39.39
266.20	297.33
284.55	329.17
658.50	771.33
130.68	124.22
527.30	547.68
252.69	141.25
678.58	781.71
521.67	685.00
668.91	109.36
497.04	733.73
62.72	56.48
370.40	343.60
242.44	205.00
299.27	292.67
89.85	66.84
403.10	465.86
282.14	244.00
137.75	183.00
541.88	689.56
2195.59	1513.58
156.30	97.52
120.06	188.80
99.98	109.17
67.36	68.06
357.30	315.17
139.36	150.81
112.38	131.20
317.59	325.17
58.89	80.26
90.43	73.98
132.78	97.23
379.89	369.74
68.99	82.25
50.59	31.80
380.64	407.36
297.67	290.67
1665.43	2049.85
216.44	166.25
380.57	444.44
133.37	215.60
18.22	19.52
214.21	205.70
185.14	184.67
311.00	349.00
77.24	80.50
224.17	251.33
197.68	198.80
239.15	221.62
298.82	42.97
270.89	273.04
185.38	141.40
371.92	431.64
294.83	247.00
321.29	153.25
243.70	346.75
408.94	406.33
167.07	195.72
191.77	203.69
138.75	121.16
184.84	242.76
130.83	101.25
435.91	620.33
241.12	244.60
659.07	1073.76
865.48	818.83
114.13	155.93
242.70	71.22
94.56	127.63
214.66	156.61
216.43	283.25
174.55	182.40
29.15	26.59
1325.25	1980.20
138.72	140.22
63.79	52.63
212.47	213.05
285.50	217.75
114.42	167.67
91.69	102.43
292.90	318.19
285.50	97.25
851.06	925.00
69.62	73.84
36.04	35.43
281.62	420.40
186.29	140.67
346.00	427.43
283.56	232.00
583.33	418.00
227.04	206.91
666.70	690.17
266.56	267.20
332.25	288.60
208.79	181.83
373.35	341.96
128.05	85.72
362.33	340.67
455.38	348.67
5273.58	5324.15
342.89	573.00
191.56	127.75
136.28	145.37
642.76	808.93
129.54	154.67
250.28	229.43
167.73	141.65
93.93	99.52
410.00	378.75
639.40	831.82
169.97	223.67
5437.33	10279.33
105.96	100.10
680.88	751.00
1760.41	495.12
109.78	90.40
302.42	353.00
119.94	76.07
31.33	26.93
760.57	969.64
12.75	6.00
166.81	206.30
166.54	123.82
97.19	89.61
158.50	90.97
191.62	153.25
3050.38	3080.00
313.50	411.33
228.82	199.67
311.33	211.00
172.92	197.60
69.45	32.78
154.97	128.93
99.11	84.95
291.22	309.00
64.38	61.83
576.90	695.50
139.26	167.57
173.42	151.97
254.56	303.25
45.21	58.98
80.08	95.91
448.06	587.82
317.39	320.11
115.10	92.33
61.09	63.34
90.22	92.40
155.53	221.80
163.76	160.59
139.12	125.40
228.56	240.23
240.66	158.53
96.53	95.60
144.64	150.33
211.79	305.67
355.33	404.00
140.50	232.00
2394.41	239.10
119.67	95.67
1047.38	327.05
146.72	180.92
202.38	148.99
141.50	77.20
120.99	108.97
281.68	287.78
291.11	276.98
723.30	152.50
547.71	630.00
108.22	124.60
278.21	250.00
61.52	74.98
90.30	86.71
195.66	291.75
81.51	76.28
137.47	115.27
273.04	260.00
116.88	132.75
205.71	223.90
41.17	37.55
276.54	157.94
100.42	103.42
315.79	198.38
175.57	49.12
288.82	395.33
186.80	135.75
506.38	283.80
93.26	105.27
1720.30	1328.94
307.33	456.80
85.28	82.33
272.85	293.80
141.18	204.75
400.92	427.87
398.17	345.00
882.09	1301.60
56.51	59.96
67.77	206.25
121.29	141.67
113.49	123.60
404.20	418.67
209.12	225.25
153.36	145.29
175.00	180.50
187.47	167.14
508.41	432.75
226.50	61.67
182.26	182.38
546.00	557.80
249.68	153.97
153.83	141.38
248.49	297.50
44.51	19.40
63.36	64.15
119.41	100.33
322.43	312.00
98.15	58.63
142.06	93.62
358.62	368.10
81.35	41.11
151.76	176.84
233.67	132.33
83.81	130.34
121.70	110.33
287.11	331.50
19.66	27.51
155.60	152.20
374.56	462.00
283.10	303.24
254.90	244.79
324.75	163.50
324.41	344.56
257.08	255.67
321.68	420.36
221.21	213.60
83.43	93.00
264.37	191.66
132.50	181.60
4.86	2.56
120.87	174.98
963.00	1271.00
149.61	95.00
45.83	52.94
412.82	499.86
331.82	389.58
157.46	162.94
194.20	210.83
127.18	141.76
173.16	173.20
146.73	59.50
491.04	552.71
158.22	74.00
86.82	35.45
91.24	60.67
49.99	54.73
199.61	273.98
194.23	350.75
424.22	427.08
262.43	278.50
142.84	125.67
169.11	196.43
198.33	232.60
124.54	141.33
125.08	130.97
130.10	112.45
363.72	295.18
2878.12	2218.00
327.64	323.60
335.08	370.22
72.26	77.47
369.55	290.83
165.08	194.53
124.42	116.78
281.32	286.07
263.67	398.00
216.00	222.40
128.44	77.71
171.46	192.22
204.17	226.52
68.38	61.32
374.56	304.60
262.50	283.60
339.00	369.56
426.69	481.55
331.80	291.71
5718.37	8503.30
480.66	151.70
232.17	276.00
183.71	89.67
234.40	330.29
264.40	144.71
725.52	758.59
338.62	382.00
181.75	188.00
727.99	914.86
1336.01	1541.99
262.00	280.71
168.29	149.69
163.90	208.12
140.45	119.99
265.54	246.06
557.09	85.19
282.22	300.60
193.63	233.24
387.41	368.67
84.09	85.95
49105.60	70064.57
195.89	186.82
203.97	212.54
562.90	505.05
271.43	211.25
516.29	532.19
65.47	32.96
231.18	211.77
2691.38	4043.38
90.42	81.29
501.00	310.00
355.31	390.83
286.37	195.13
190.48	222.05
123.81	66.31
904.16	958.38
112.12	130.67
154.50	202.00
150.31	86.70
251.00	217.91
123.62	87.50
316.64	159.80
251.57	213.44
203.85	192.00
543.56	374.16
421.73	610.20
353.11	365.00
164.50	178.00
227.56	152.70
113.27	116.50
105.27	82.25
157.51	172.22
247.00	263.50
147.77	170.81
459.86	481.67
58.02	37.20
198.38	243.59
214.45	230.57
232.83	189.75
178.64	179.00
291.12	300.60
203.50	225.67
245.75	167.17
124.91	222.00
234.20	181.42
129.53	176.47
386.99	296.33
290.55	252.14
198.15	236.63
4497.57	7593.75
378.56	218.40
276.20	295.76
116.41	117.32
366.51	364.19
216.86	305.67
122.39	153.92
337.79	353.57
154.55	68.97
219.42	212.76
307.15	340.92
2894.33	2854.67
139.44	144.75
424.12	362.75
331.11	338.85
145.90	109.14
56.44	48.40
189.20	198.92
288.04	281.84
100.10	126.47
167.17	157.33
165.05	237.32
474.00	542.00
161.70	154.39
162.40	128.00
177.33	206.67
297.75	319.45
191.27	200.80
160.41	142.54
222.00	209.40
1182.62	289.75
108.35	113.66
754.05	732.44
1890.80	80.78
307.57	420.00
561.67	675.00
165.32	234.76
115.33	104.50
36.13	32.17
134.00	167.38
298.12	363.60
231.51	193.34
150.35	238.50
108.60	40.27
196.44	252.75
279.64	328.49
140.70	169.53
962.82	1169.62
162.41	189.08
148.17	152.55
93.49	90.48
553.62	695.80
2478.81	3257.50
141.39	150.38
252.62	349.00
217.76	209.92
112.62	80.60
16.86	19.18
276.67	332.00
2060.53	1657.87
272.93	250.57
245.33	235.33
381.68	443.81
469.82	489.47
748.00	888.67
159.55	157.50
124.40	90.95
316.06	444.83
391.12	409.95
479.28	509.79
106.97	118.24
40.51	6.64
1174.62	1252.40
108.17	88.00
265.27	145.66
211.74	249.92
329.15	307.20
358.50	321.83
297.82	317.00
191.10	230.80
320.89	571.75
316.67	220.05
301.83	235.33
1188.95	1623.15
163.00	111.67
366.68	368.55
230.41	239.55
198.10	214.33
212.83	235.56
408.00	492.00
151.17	126.36
180.32	187.38
223.00	203.00
219.47	251.33
564.46	607.30
207.21	283.20
776.59	139.99
295.98	476.33
313.02	91.23
166.57	164.67
87.86	86.51
253.84	297.03
273.80	372.33
146.40	174.67
143.62	158.60
228.29	212.00
61.61	4.11
66.98	75.00
297.97	314.88
712.23	190.85
734.91	865.00
268.00	274.67
242.62	252.88
324.27	299.56
275.19	295.07
173.21	177.20
276.33	124.00
611.46	568.02
104.53	124.00
265.23	275.83
83.50	81.00
491.80	434.43
74.55	90.67
97.33	109.33
58.62	69.12
275.04	343.15
115.45	73.97
43.63	37.21
153.70	132.30
198.45	183.98
206.00	258.00
2111.88	1259.00
328.62	233.87
322.67	397.67
325.15	297.67
320.60	352.67
672.16	687.32
356.63	346.86
210.58	192.76
13.03	12.02
162.29	172.00
180.96	217.96
187.73	188.65
2114.35	1509.38
183.47	275.00
139.35	120.83
307.50	249.00
162.83	164.33
273.79	251.62
394.62	525.33
196.49	117.35
139.16	156.63
191.35	217.80
68.09	70.57
162.00	169.33
82.48	87.30
121.94	133.27
264.30	251.44
275.91	229.28
140.42	121.56
372.64	420.70
202.54	83.31
138.83	159.76
314.95	291.92
86.43	98.98
40.79	32.14
90.78	121.33
302.30	232.00
102.45	103.76
76.06	61.99
5253.38	5386.60
163.43	162.00
49.68	33.13
207.00	301.67
70.56	79.30
331.67	284.00
212.00	205.00
73.53	82.95
302.42	240.21
171.00	168.80
187.06	214.75
94.58	102.09
313.50	344.33
3990.78	346.00
1072.17	942.67
266.05	376.60
77.55	61.70
527.78	519.02
113.81	50.56
206.44	217.47
119.97	141.67
313.50	153.00
365.97	431.47
1303.05	2563.50
249.94	236.93
136.40	115.60
180.03	194.39
93.00	106.00
422.43	686.17
200.70	174.60
284.86	342.36
163.50	202.33
347.71	362.50
337.32	336.94
522.17	620.67
919.14	740.50
123.61	103.15
89.44	38.37
194.90	214.84
155.70	91.63
58.05	63.59
346.71	368.00
550.71	628.25
74.10	78.60
15.70	16.60
157.97	141.27
110.10	107.40
216.00	256.50
146.60	155.85
120.29	140.33
121.37	125.08
182.13	180.89
311.67	317.25
223.13	205.97
155.09	188.96
409.58	231.00
174.64	133.43
300.80	348.17
337.68	358.77
399.57	299.25
118.38	143.00
159.37	130.00
538.08	605.40
285.04	285.31
510.47	1712.33
104.49	108.14
185.23	151.87
150.23	153.85
477.00	408.00
150.81	166.15
191.82	222.44
99.81	88.21
127.02	134.76
4399.00	894.40
164.69	123.20
69.27	59.99
124.37	105.16
2861.76	4005.97
116.73	158.50
188.57	233.25
296.38	303.00
76.43	70.69
321.39	236.73
110.28	135.50
161.03	133.77
89.12	71.60
399.71	137.75
259.00	306.07
108.93	107.68
120.56	187.67
74.34	116.70
152.62	74.00
185.86	217.32
154.26	116.59
84.51	67.92
482.49	915.93
319.15	310.63
164.70	167.57
79.86	87.50
316.57	220.67
198.26	224.07
178.21	119.80
97.40	99.00
1184.77	183.11
91.02	120.20
203.08	242.11
212.99	128.41
116.92	123.92
536.59	428.50
1125.04	1195.86
286.81	298.09
58.34	49.13
175.29	188.67
288.44	271.62
167.95	107.06
240.73	208.00
82.26	115.30
145.44	127.36
151.03	159.38
41.97	41.60
1235.78	1677.67
683.88	903.75
103.03	51.55
144.33	175.00
128.85	131.05
180.56	142.80
88.54	101.77
120.31	145.71
32.29	29.09
992.60	1108.80
411.50	405.10
582.38	423.50
440.18	503.62
147.56	169.33
292.09	338.60
98.50	138.08
2927.04	2473.26
258.73	326.67
193.90	234.29
245.62	242.60
994.86	131.50
264.82	260.61
135.04	144.83
129.48	129.64
348.18	169.96
169.07	159.78
177.84	180.93
84.59	68.76
316.38	344.90
398.86	350.00
1112.45	1791.41
115.86	127.99
384.93	410.44
207.00	298.67
445.75	578.80
235.57	264.67
214.84	188.17
273.25	337.25
143.00	162.29
173.09	76.96
871.88	991.60
122.25	140.00
467.64	530.00
110.29	71.36
562.00	735.33
1420.83	1489.00
196.23	201.21
15.94	19.00
11.46	14.40
143.42	145.01
67.85	85.64
268.22	146.60
160.33	275.00
84.63	90.67
278.50	295.67
77.29	71.40
317.45	315.54
522.75	321.75
171.62	180.00
238.53	251.60
69.91	82.03
313.20	318.04
73.49	61.50
120.29	121.08
200.22	214.95
109.44	118.88
523.50	330.40
71.54	74.51
308.22	377.71
216.72	147.10
696.48	70.97
1414.00	1660.75
290.38	305.75
369.33	170.00
271.30	387.00
308.75	278.60
206.87	196.07
161.44	119.75
184.31	183.19
375.67	421.00
718.50	866.86
170.38	126.00
103.10	102.29
290.11	292.33
100.15	141.85
8049.32	22.24
187.36	279.60
83.76	93.00
419.98	358.91
342.86	441.00
128.56	111.98
153.12	201.25
27.32	5.25
240.00	130.25
169.83	179.89
212.26	233.16
346.21	263.61
97.84	150.97
148.48	196.00
373.00	594.67
418.63	500.07
43.61	44.90
105.23	131.98
452.96	511.92
401.43	508.33
60.43	36.58
228.00	216.92
108.36	122.00
173.46	91.42
91.27	103.80
101.29	126.25
145.60	125.36
106.86	119.00
54.73	43.63
172.03	234.18
269.70	217.71
142.94	130.14
141.88	109.80
143.80	182.40
101.02	79.79
219.57	247.75
151.69	109.27
113.90	130.12
139.49	154.06
176.71	230.61
166.78	158.25
81.92	60.17
1426.10	1799.38
211.55	182.20
433.25	448.25
194.25	210.80
185.77	229.65
103.06	94.25
323.14	270.75
437.44	323.50
144.45	168.40
510.88	600.60
447.88	346.77
301.64	340.50
400.19	433.44
305.73	391.99
158.82	116.69
151.58	133.80
163.80	172.50
200.02	176.03
292.24	325.18
454.91	495.18
155.52	86.33
138.09	144.70
130.18	141.58
255.88	266.20
359.29	511.33
138.33	162.00
324.36	266.71
407.67	476.25
179.70	179.19
161.64	159.00
86.32	88.67
95.45	125.71
349.53	321.89
143.93	135.40
141.85	118.56
317.41	302.27
113.65	126.20
2840.86	5452.67
126.20	131.33
105.81	109.16
49.02	56.18
57.97	60.01
411.75	468.17
201.14	160.75
252.25	204.80
5750.27	147.33
84.87	109.43
35.76	23.53
623.56	1801.67
41.38	46.43
206.98	215.63
387.24	219.78
111.87	98.00
187.68	223.40
252.91	268.11
48.27	34.59
41.24	20.38
115.82	150.17
253.71	258.00
644.29	895.33
75.49	80.81
44.65	26.46
331.25	282.86
238.00	105.75
47.42	42.53
283.30	324.17
196.99	196.22
143.34	71.60
93.22	117.11
76.67	66.75
120.17	160.00
84.30	110.63
240.81	192.27
395.14	497.83
71.00	77.80
91.33	118.67
141.90	155.12
324.00	313.00
222.08	219.52
1537.12	365.96
85.86	101.70
848.85	1702.11
333.92	334.00
874.77	362.00
291.42	451.14
197.77	196.21
378.22	375.17
137.44	122.98
99.01	106.95
680.24	909.64
154.34	211.28
92.47	97.84
210.73	227.57
139.16	36.13
3743.58	165.83
477.03	343.88
182.50	212.40
164.76	119.97
158.00	174.75
124.47	181.07
98.06	104.10
153.89	144.00
5608.26	8028.75
103.68	121.33
423.00	368.67
79.60	34.44
258.75	314.96
83.52	75.78
807.12	208.75
203.12	286.86
1623.88	2079.49
109.20	96.18
106.25	116.25
369.57	476.20
492.00	502.60
46.24	34.56
2008.40	1629.72
164.71	152.67
490.43	499.50
415.27	454.62
133.67	131.32
316.04	389.68
394.70	413.34
358.17	358.67
88.46	79.24
7419.72	5780.12
1043.60	213.00
45.64	77.33
270.76	269.85
71.02	78.50
273.83	116.22
278.84	325.02
99.88	108.57
334.85	312.14
169.00	191.75
3361.03	4725.05
361.15	477.07
324.20	425.25
150.16	168.16
35.25	25.24
240.57	225.00
182.96	362.67
89.69	175.38
153.22	177.40
106.35	42.03
313.71	495.00
129.04	125.47
333.27	345.12
80.38	137.08
177.39	170.35
197.22	122.83
458.67	510.47
346.02	377.45
78.14	88.81
333.22	38.96
131.50	157.51
425.29	311.00
184.27	128.68
284.00	186.00
187.25	189.20
309.29	283.30
44.98	45.78
394.82	605.00
318.86	436.25
183.00	74.33
188.45	160.20
305.00	366.60
203.62	212.80
216.50	211.40
231.10	244.55
128.16	140.99
545.95	67.12
194.74	176.97
127.85	126.33
137.30	143.30
1294.88	2091.76
267.88	318.40
294.05	292.46
129.73	64.00
127.43	121.00
173.53	81.55
465.55	497.00
379.07	405.54
318.66	536.50
71.82	60.76
204.10	244.60
131.33	122.25
154.62	100.40
1791.71	2250.55
1075.40	42.75
475.71	588.38
206.93	181.80
44.64	37.77
91.28	95.11
212.33	246.92
137.09	241.12
178.20	151.18
92.96	122.80
93.69	137.83
112.90	125.40
119.87	102.50
272.32	289.51
41.22	42.19
39.51	11.57
2390.86	2493.00
810.24	1726.67
356.76	357.94
184.80	145.50
1711.00	1913.00
219.56	252.61
203.89	240.33
376.25	473.21
130.33	122.67
170.00	152.00
91.80	106.70
1507.22	4228.75
103.96	106.19
183.66	157.63
346.53	337.82
177.41	167.33
344.88	610.36
254.57	265.91
306.25	374.50
3664.29	2413.00
9643.67	5776.75
171.85	222.92
5185.50	5964.88
240.18	273.83
293.38	298.40
215.13	142.07
387.29	391.00
205.05	178.66
142.93	206.67
129.68	113.16
195.81	218.38
92.93	60.93
75.53	73.75
197.14	188.25
78.40	103.00
735.09	797.71
178.86	91.60
627.30	785.46
276.72	268.27
206.54	212.90
173.60	280.70
146.43	113.72
386.70	312.86
556.00	704.67
70.56	43.62
283.25	256.11
84.26	127.82
252.56	382.00
638.13	867.78
120.73	68.52
148.80	139.14
90.25	91.42
112.22	122.67
217.30	58.34
133.42	85.33
531.08	615.33
147.50	171.33
172.55	184.86
388.55	447.50
306.90	300.20
188.20	179.50
122.16	61.25
77.12	39.75
77.17	16.77
235.80	220.33
95.81	94.38
294.74	272.88
172.07	197.20
363.76	173.36
429.58	415.75
360.85	234.83
51.07	56.85
348.80	414.33
217.49	175.54
257.83	148.93
438.43	478.00
598.92	677.84
48.42	28.97
188.74	148.25
196.71	199.25
658.73	619.00
376.43	328.60
52.85	41.58
189.94	218.66
301.29	155.75
167.32	143.00
169.28	78.30
233.14	178.75
132.24	183.00
106.00	119.17
325.13	335.81
309.47	296.60
544.86	266.00
464.40	309.70
119.50	158.67
58.33	89.95
265.75	305.00
553.52	239.29
294.03	306.57
323.57	283.23
605.75	608.50
123.96	46.23
304.57	312.33
382.05	328.58
336.23	363.31
264.26	271.48
170.26	191.23
218.13	520.15
1071.17	1246.50
113.11	146.75
4775.18	5398.60
197.23	318.60
129.88	76.80
292.77	403.00
510.48	784.17
156.44	126.00
25.24	28.91
385.79	445.00
396.52	341.88
150.98	200.17
346.14	323.00
111.22	113.20
266.27	177.79
84.18	75.30
524.90	411.77
168.95	164.99
113.34	133.22
2836.96	2400.28
258.14	221.64
222.02	257.20
468.00	323.83
51.33	54.19
242.21	291.57
97.59	178.67
209.72	219.98
199.61	195.39
192.68	198.64
654.72	807.49
308.75	349.38
311.43	342.00
217.69	239.57
307.76	348.44
124.38	169.92
139.75	137.27
59.39	69.08
47.19	46.00
219.71	188.75
61.51	79.03
256.07	300.78
332.91	421.75
297.92	283.50
264.62	149.43
429.67	541.33
118.10	167.79
172.62	56.30
218.72	171.95
171.64	180.06
129.38	97.33
173.50	146.00
385.90	393.50
197.75	174.71
247.34	229.89
1416.80	305.85
381.68	303.24
161.73	97.03
277.00	342.00
85.39	85.67
300.15	122.64
152.05	210.58
185.89	188.17
179.11	156.75
339.35	319.10
345.16	309.72
236.25	281.78
78.23	59.40
49.18	54.45
116.45	111.99
351.25	91.00
258.31	262.30
79.92	79.11
310.86	227.50
39.24	17.04
82.60	68.72
53.85	64.56
189.50	258.00
132.19	149.27
86.01	107.83
136.92	128.12
423.14	284.75
43.00	41.74
382.57	336.00
201.71	219.72
124.62	122.63
184.00	195.88
209.88	218.60
96.62	85.75
102.47	115.92
21.33	19.83
66.71	50.30
12075.50	285.40
179.86	237.00
114.12	138.37
162.13	180.22
181.56	174.54
75.44	94.96
33.26	35.03
350.38	363.60
149.29	136.28
157.23	171.31
288.29	281.19
316.50	387.00
1434.86	1138.00
119.43	94.33
196.24	293.67
87.83	83.80
87.63	84.18
105.28	90.21
337.07	309.73
189.57	238.00
349.33	94.00
396.18	365.00
166.05	59.57
152.67	141.70
72.04	94.16
640.00	689.00
485.82	193.80
295.17	328.33
396.67	534.67
23.80	23.20
213.83	149.67
345.42	263.09
253.07	321.93
242.66	226.70
91.85	57.15
181.05	182.92
27.83	10.80
216.78	142.33
308.65	186.66
169.41	223.50
339.06	365.18
220.30	47.63
358.29	400.75
82.75	41.12
103.27	98.75
51.23	52.25
297.27	182.38
1094.58	983.90
177.53	179.69
162.58	187.61
802.12	903.26
315.60	349.64
261.64	133.30
269.15	151.76
98.11	68.36
203.29	144.59
35.41	41.19
287.00	332.11
1944.11	2122.33
179.83	201.00
187.40	175.33
200.20	192.65
67.87	52.33
8827.81	10963.80
117.47	167.15
125.53	81.41
58.26	59.26
159.34	159.57
89.11	99.67
211.29	228.75
662.62	1010.81
147.13	129.76
26.81	16.50
164.54	173.70
172.67	155.16
219.55	228.25
214.20	236.65
152.63	171.37
352.43	345.24
316.83	343.67
214.44	154.20
262.25	379.45
284.98	359.98
265.43	271.25
198.50	213.86
690.69	1099.25
212.10	206.00
258.00	326.20
237.67	225.20
200.19	235.15
220.88	220.77
56.95	61.85
680.17	796.90
4766.87	5278.64
76.82	80.31
289.38	270.50
271.61	217.25
257.89	265.75
206.11	209.59
241.86	239.75
194.92	158.75
91.25	67.00
56.42	35.95
1109.72	1695.28
79.32	80.83
184.69	250.44
315.09	234.95
102.66	105.87
94.09	149.00
145.71	181.67
326.36	338.26
162.94	169.00
164.08	152.45
82.09	83.01
138.14	159.21
290.38	332.00
982.86	741.33
208.78	145.80
3116.47	3579.75
378.17	400.36
218.56	245.17
555.64	613.25
309.70	455.00
222.93	227.42
97.15	87.93
150.40	198.05
626.51	343.60
298.00	324.50
65.85	56.41
2013.29	1456.75
747.73	856.50
190.76	139.62
364.62	421.49
162.00	159.60
81.07	136.93
507.52	238.09
138.50	108.67
121.45	171.80
75.97	81.47
352.36	24.75
107.50	117.67
131.38	166.67
206.20	224.51
520.17	312.00
81.46	81.97
764.22	695.50
212.33	165.50
272.27	236.60
63.01	32.26
582.60	342.31
462.55	426.20
392.44	760.50
125.75	125.60
281.83	195.00
297.37	341.05
241.32	276.49
278.95	84.27
40.37	41.43
286.34	325.75
293.38	296.40
202.94	292.62
421.14	413.83
2132.00	381.50
270.59	249.70
244.22	256.11
62.11	72.97
168.45	163.36
344.14	264.75
73.62	77.96
61.83	93.27
231.67	156.67
157.56	168.83
196.37	202.08
251.93	357.43
242.50	307.00
370.92	311.33
121.10	82.98
216.14	192.12
109.87	38.35
176.97	237.00
89.57	101.67
190.67	169.00
244.14	466.33
259.78	251.36
1013.52	786.62
805.47	217.31
66.47	53.57
2139.76	355.33
114.57	59.01
166.38	194.00
301.30	318.14
61.33	73.96
329.86	198.25
148.78	100.67
707.47	1314.87
110.90	112.57
98.78	83.00
190.56	210.50
187.83	215.66
292.30	145.27
211.00	148.33
244.92	257.22
76.97	58.63
132.06	168.83
115.38	130.20
355.35	382.29
410.64	407.89
586.00	658.14
43.45	36.95
235.29	205.25
372.00	345.33
119.17	135.00
475.38	571.20
312.11	333.83
254.62	184.40
187.43	180.14
272.48	283.00
169.34	98.80
351.85	215.54
6863.86	7805.79
366.85	403.68
121.44	118.44
353.69	326.25
291.40	243.50
201.08	179.43
54.67	63.44
156.00	174.00
375.00	281.80
137.09	69.90
25.46	29.44
54.11	42.60
416.81	441.66
173.71	111.25
203.45	122.52
270.50	255.50
78.63	78.98
166.10	51.98
360.38	262.25
209.09	294.40
323.19	403.69
145.29	156.25
142.20	133.16
228.49	240.10
131.67	84.62
337.57	312.25
240.36	192.25
163.57	213.60
228.75	149.75
332.26	347.73
1073.33	1529.00
49.12	50.60
92.73	148.63
90.22	97.15
68.71	87.75
135.86	101.81
43.46	49.08
9742.14	425.33
235.00	273.17
237.50	293.67
113.33	54.73
187.27	204.78
200.13	125.50
79.34	92.27
195.78	209.56
92.19	48.62
140.85	174.00
88.60	70.53
100.30	88.57
5461.93	6781.50
72.97	67.79
180.58	267.43
59.88	49.87
539.40	667.96
43.72	94.75
33.97	33.69
162.78	171.86
96.65	94.24
366.51	620.59
519.04	567.79
213.97	213.32
3270.62	4609.19
389.94	326.00
136.54	130.75
329.07	332.89
167.22	91.97
126.55	146.25
172.67	144.00
391.83	365.00
124.47	141.11
110.04	86.99
83.17	65.47
186.62	134.75
153.08	178.43
225.30	346.14
690.56	926.48
225.49	239.21
176.67	190.00
110.53	114.42
147.44	124.83
83.43	68.93
87.45	79.14
4633.86	10214.00
83.30	83.06
184.88	146.00
123.74	134.77
275.00	140.50
298.64	191.89
295.46	298.70
337.64	320.44
404.32	168.82
155.29	123.05
119.83	83.33
294.19	590.75
103.60	127.10
147.91	141.78
603.70	603.00
235.22	86.04
478.78	587.80
129.97	151.11
270.68	249.14
137.95	110.92
356.95	350.00
646.62	632.60
265.60	325.75
796.88	857.67
185.51	248.22
195.14	227.25
396.41	458.69
92.59	75.06
154.30	228.67
359.56	388.38
489.42	478.04
271.00	63.00
984.29	1686.33
238.94	393.50
252.89	260.83
183.30	224.67
264.10	244.94
312.86	292.25
870.39	1187.27
113.67	82.00
199.36	145.78
112.04	90.84
218.88	203.20
229.15	189.62
253.00	217.67
389.32	224.48
120.31	135.24
315.25	305.40
282.54	222.63
47.77	59.89
891.86	1391.50
208.27	196.98
1699.33	287.33
370.00	315.67
110.36	91.64
163.00	201.00
235.53	283.80
48.96	34.87
142.09	87.10
192.06	176.87
232.62	238.75
180.12	191.60
58.08	44.39
235.62	245.80
248.44	326.33
92.97	69.00
262.80	185.09
232.11	190.00
114.56	107.83
569.92	697.60
197.50	48.07
644.27	308.25
1014.75	1153.33
58.84	43.56
183.14	86.00
405.29	432.75
116.13	140.67
441.50	177.67
119.99	114.24
676.30	520.25
155.21	200.43
707.60	138.35
117.25	113.75
94.47	79.04
132.63	79.30
147.18	88.23
114.97	111.60
24.26	21.25
904.57	330.50
305.49	216.50
208.50	160.67
216.29	185.90
236.69	238.03
299.67	220.40
174.22	137.50
45.88	99.37
282.50	353.50
8992.57	957.67
56.00	80.67
400.67	455.36
264.33	71.33
435.23	329.00
5530.81	5025.65
105.55	94.47
181.50	200.67
3713.00	7318.33
24.21	12.19
109.48	114.95
167.06	169.18
371.20	370.00
125.72	110.97
251.83	271.00
173.45	159.80
78.27	76.22
305.33	400.33
39.40	48.00
376.79	416.93
180.13	88.33
449.35	311.62
303.14	324.58
63.25	58.43
416.56	393.75
146.54	151.01
123.14	132.12
347.80	512.50
133.47	177.67
168.85	254.75
281.98	454.48
198.88	67.33
331.50	304.33
239.50	270.00
271.90	235.00
161.86	173.38
180.33	189.05
106.65	98.40
327.75	105.57
456.31	1006.58
343.90	394.83
441.00	447.17
224.50	201.00
178.29	202.78
286.76	279.31
59.37	46.67
354.54	384.67
141.42	152.00
109.76	137.07
962.83	1012.56
177.89	158.13
137.98	132.60
207.98	247.00
255.00	303.50
444.33	385.00
407.88	336.50
271.50	305.00
587.29	707.25
120.40	119.71
443.15	404.79
239.14	265.33
89.68	38.50
221.35	232.53
5075.67	5449.75
60.83	9.48
405.00	374.67
169.29	232.88
284.44	336.33
288.46	374.75
915.22	156.00
100.25	75.33
167.50	136.75
1395.49	1714.57
148.10	158.83
156.00	112.66
282.65	387.66
441.00	177.67
138.85	173.80
228.21	249.96
141.50	152.38
226.82	308.67
290.90	314.00
90.25	68.40
121.68	127.94
16.89	19.80
261.36	251.29
173.46	163.51
3134.69	3600.89
227.41	248.11
230.17	212.73
54.12	62.60
230.05	187.00
351.10	361.67
251.88	259.50
25.35	25.76
322.58	357.19
472.10	130.22
167.42	173.98
377.77	436.30
73.91	39.12
213.50	151.67
418.64	398.62
476.43	272.12
227.75	128.33
206.14	204.65
206.33	251.67
1165.37	1293.00
9258.55	7776.00
169.86	168.00
165.39	266.00
152.97	47.45
41.87	65.50
404.00	533.75
103.46	76.73
368.40	377.29
188.11	194.60
11543.98	16763.48
340.24	164.70
51.61	43.15
62.92	21.89
304.00	328.00
371.00	551.67
10149.25	12541.00
64.54	79.90
112.75	109.00
366.22	221.83
287.86	350.53
69.34	71.64
784.76	1141.75
192.97	205.96
230.87	321.83
233.01	202.44
219.17	154.67
79.83	83.05
381.08	402.20
256.75	245.06
136.94	109.40
222.12	235.78
374.50	422.20
109.62	123.96
224.00	271.00
118.50	106.33
170.67	207.40
238.55	294.00
156.29	170.39
423.58	409.12
385.83	516.00
2308.33	3538.00
455.29	488.86
234.56	246.50
103.45	162.50
200.78	218.50
138.16	98.98
286.10	203.50
73.42	76.47
79.31	98.33
435.75	450.00
378.67	435.93
121.45	127.12
370.17	198.33
191.89	274.97
222.75	261.33
401.09	767.30
185.38	175.39
71.26	73.25
148.81	155.05
373.67	315.00
232.92	232.72
38.80	29.15
414.83	344.00
203.31	196.97
9217616.00	12674050.25
96.30	111.00
88.85	73.36
114.58	66.35
1028.48	1213.94
156.70	242.00
96.06	92.90
95.04	61.94
167.88	193.63
211.47	223.61
249.44	270.17
217.25	265.50
309.69	281.27
1242.20	2242.73
57.63	66.83
87.21	33.60
4418.86	7502.88
187.40	217.08
306.89	352.50
573.60	271.80
276.00	478.67
223.43	145.25
125.48	157.83
399.75	436.80
182.92	192.20
111.81	42.19
145.99	162.30
231.91	322.68
176.29	179.76
79.23	81.42
192.44	203.00
168.44	186.00
139.03	222.80
296.35	305.39
98.36	51.47
60.50	94.53
34.82	39.16
134.00	169.88
320.11	257.67
595.17	473.33
77.52	96.80
431.30	13.93
196.00	183.83
346.00	194.67
234.45	375.60
157.40	142.58
49.96	27.51
241.64	280.62
36.03	35.14
449.31	454.80
208.56	214.80
150.38	169.40
260.45	308.71
289.85	241.21
238.01	284.89
184.79	105.38
185.12	149.00
207.45	264.75
180.83	177.71
790.83	842.42
94.76	88.46
803.00	524.80
181.20	210.12
95.98	101.63
175.25	198.50
376.06	384.33
54.29	33.60
226.42	230.52
161.10	243.33
177.36	29.30
303.25	299.88
154.21	26.39
373.33	471.38
185.88	167.67
516.31	586.32
489.89	614.29
675.86	716.00
128.71	128.00
105.70	113.25
922.83	970.00
271.89	178.20
398.12	290.67
352.00	284.40
229.11	341.00
128.36	159.55
330.87	443.25
373.50	280.00
184.64	292.80
2066.80	4379.33
236.79	155.65
570.15	638.50
1066.76	1275.83
279.29	259.62
428.05	378.97
183.40	154.00
187.53	174.87
181.66	172.64
619.80	521.57
390.12	505.00
99.22	21.44
334.05	357.45
533.70	543.00
846.53	1081.32
328.55	272.36
340.07	304.08
88.08	96.30
120.09	135.66
329.64	417.75
263.93	146.85
416.00	475.50
522.38	695.00
826.32	914.56
243.00	198.00
279.15	137.30
309.89	381.98
170.55	183.16
275.28	273.11
567.50	461.29
344.00	384.00
359.25	462.75
601.33	1654.00
627.17	652.50
237.17	237.22
189.00	195.80
2009.78	630.25
209.31	176.70
206.00	217.00
209.63	222.90
129.44	123.00
707.75	853.00
5.67	5.70
395.91	375.01
228.52	217.51
240.54	262.92
413.53	526.35
464.90	467.00
99.05	83.63
295.12	333.60
353.38	476.00
346.55	450.33
150.09	223.75
179.71	142.73
223.38	170.33
352.95	394.60
33.30	24.93
120.19	123.24
380.68	384.83
116.88	120.50
548.61	462.46
248.16	313.00
437.33	332.00
806.76	679.59
54.10	67.06
116.46	126.53
1766.29	2916.43
721.26	533.00
190.40	207.33
271.12	203.41
101.62	80.72
200.06	233.14
244.71	378.33
184.33	174.00
260.54	273.10
413.22	567.80
155.82	126.49
2464.65	3435.75
332.92	172.40
134.86	181.00
415.25	363.83
311.51	289.90
440.73	324.86
291.53	405.21
184.86	226.25
98.17	96.20
424.12	782.00
285.28	283.20
296.45	309.17
94.11	148.25
167.50	240.67
301.82	333.87
173.83	80.33
327.10	328.25
178.73	265.00
5945.02	120.81
75.99	92.22
83.89	142.00
201.48	211.05
271.67	277.20
432.29	343.25
255.50	306.09
26.40	38.88
328.00	120.67
406.83	372.00
131.15	47.33
5724.93	297.45
494.70	495.90
236.72	231.96
249.75	179.67
76.46	63.33
161.37	173.52
524.20	569.25
152.67	215.33
365.91	334.33
573.56	902.00
497.50	424.00
234.82	217.56
153.59	155.00
217.88	118.20
2056.41	1521.82
239.33	230.33
127.79	137.41
229.64	221.96
212.86	143.80
108.12	96.80
129.88	49.15
284.26	280.95
185.00	170.25
166.86	242.00
84.87	86.12
91.67	52.00
1290.17	1393.43
220.00	108.67
280.36	292.00
111.70	67.12
263.20	40.47
57.74	42.62
196.64	174.89
174.68	178.36
149.64	146.92
52.72	22.73
125.20	130.18
89.12	77.34
173.71	203.67
35.78	30.36
547.33	591.86
107.23	75.83
3085.75	5315.28
50.51	55.33
125.38	106.53
159.88	151.24
286.69	291.31
167.99	185.70
151.62	147.26
333.67	387.83
229.24	319.50
285.66	162.66
124.99	167.83
203.39	236.00
109.62	198.30
103.80	80.00
187.42	172.00
80.52	61.98
146.66	184.00
639.60	728.02
28.65	32.70
401.00	334.00
305.89	271.00
92.08	103.00
52.60	32.72
350.28	18.60
124.15	101.08
324.20	373.50
39.54	36.87
2261.12	2736.20
522.17	880.50
139.99	164.35
1105.18	2679.00
746.11	486.50
151.67	138.25
140.10	127.67
87.57	132.27
321.44	308.00
444.15	518.70
357.50	367.67
168.22	158.80
86.60	81.73
1131.35	1278.36
236.29	285.50
303.78	395.80
256.28	288.14
166.44	167.54
94.34	179.93
284.14	374.33
181.08	201.32
376.01	473.20
115.08	139.79
132.26	148.82
206.26	69.62
621.85	765.68
586.88	475.25
126.67	118.00
95.65	145.97
1443.80	465.98
161.71	161.67
104.68	113.60
248.93	125.00
291.47	411.33
42.20	18.63
630.33	869.88
319.88	303.00
188.09	194.14
157.33	141.80
156.02	98.83
323.40	185.71
295.29	421.25
112.72	87.71
332.69	310.60
262.88	275.60
511.29	519.00
153.69	123.96
459.22	576.84
71.13	98.72
55.13	39.13
223.08	218.63
155.62	159.33
102.88	87.00
253.21	269.67
198.65	185.35
52.49	54.96
338.04	364.19
404.83	126.67
84.96	91.18
281.29	289.49
142.57	126.00
242.38	262.80
75.96	85.63
242.36	211.00
434.25	360.00
136.97	53.23
173.05	180.50
91.51	66.30
1207.83	1148.00
230.65	288.64
353.84	422.38
136.01	58.51
323.38	269.86
423.54	454.88
133.39	96.57
99.51	54.14
108.88	126.97
72.98	74.97
14.38	13.63
424.82	436.85
219.46	112.35
159.57	158.00
210.38	199.40
300.14	233.33
187.50	108.67
266.14	329.25
274.00	283.00
104.50	105.00
189.67	136.45
330.71	333.67
100.24	113.10
369.44	361.91
190.49	275.40
404.33	383.33
162.98	171.43
275.50	311.33
56.87	62.98
199.99	233.38
129.11	137.15
220.00	234.33
266.88	230.20
27.63	32.74
285.18	291.88
35.17	39.92
108.33	112.74
910.22	865.14
150.99	138.40
215.22	298.60
219.18	206.75
331.62	337.75
180.45	206.43
403.08	376.70
582.44	921.60
321.67	181.33
1642.79	2557.50
211.50	143.09
531.78	696.00
879.75	850.75
142.09	132.07
223.17	301.33
158.14	181.33
195.09	190.75
306.87	243.12
164.16	182.72
164.25	130.20
139.11	139.78
77.17	71.67
279.92	244.11
773.89	1612.66
167.35	221.41
2378.29	3980.50
357.29	481.92
647.77	740.88
604.15	86.63
152.10	65.33
70.79	93.98
266.62	304.01
266.43	260.53
170.50	95.93
404.60	263.89
473.83	305.67
191.86	112.75
198.77	368.33
138.00	117.92
285.33	241.67
766.49	442.48
134.91	323.67
126.25	113.67
164.00	153.25
265.90	291.35
173.17	139.83
304.10	287.71
371.40	384.29
168.22	149.43
525.15	98.99
119.73	170.97
127.16	142.71
94.34	118.50
369.82	109.91
125.32	163.43
354.96	314.94
137.43	136.50
670.93	808.00
122.72	125.84
653.67	972.64
222.25	180.80
264.00	381.00
173.47	184.04
241.05	145.70
311.20	316.20
256.00	375.33
878.25	1018.50
54.50	47.77
425.09	457.60
420.33	604.33
2151.71	2844.00
134.80	122.27
352.82	422.73
160.92	163.19
475.09	379.20
102.92	129.37
112.43	75.93
369.43	528.00
154.60	132.86
103.41	143.75
122.11	140.70
4583.54	3907.46
309.45	380.83
40.18	37.55
4886.27	6012.25
267.98	204.54
140.23	141.89
110.47	68.93
123.61	217.50
375.33	178.67
188.25	196.00
113.83	113.00
245.44	414.91
404.50	455.75
139.16	203.06
115.70	120.33
205.60	109.62
128.73	99.78
113.02	73.66
59.57	46.36
388.49	245.99
195.42	168.17
1469.39	1845.88
224.16	117.07
388.67	595.67
179.70	191.10
122.79	103.56
330.59	377.50
63.59	72.31
160.00	152.00
289.84	599.00
124.50	120.23
63.46	65.96
157.89	180.14
1517.04	2722.20
286.39	298.42
395.41	389.89
133.98	174.00
277.25	160.40
731.50	551.33
430.36	396.00
205.41	140.91
97.03	125.51
353.20	465.33
207.25	264.67
272.80	242.60
43.76	74.33
154.64	182.75
64.99	69.83
271.36	253.00
280.14	365.25
248.07	274.70
74.25	68.36
73.04	59.81
181.97	183.34
156.26	154.80
292.17	385.00
124.37	113.97
445.32	588.98
180.07	173.87
623.31	684.69
539.88	207.00
604.31	1021.36
178.88	165.00
365.11	345.33
288.67	187.28
185.25	153.08
196.00	107.33
251.98	312.30
283.00	299.33
16.50	17.77
507.04	853.58
103.30	110.47
404.00	338.67
70.16	10.64
642.78	659.83
106.30	75.28
227.71	189.04
800.89	1285.87
218.71	189.85
137.76	145.33
106.69	125.67
1279.21	1412.75
327.13	201.83
114.37	57.19
91.38	99.40
1956.29	915.67
481.74	189.25
66.28	94.53
463.67	501.43
89.67	94.75
236.23	257.00
90.47	152.33
143.82	91.56
122.91	73.35
136.33	149.02
45.09	35.95
55.77	79.00
92.40	75.43
409.50	430.14
99.36	90.18
307.84	174.00
101.36	63.75
153.09	111.40
279.62	331.00
180.44	148.20
230.83	63.09
206.71	213.75
128.55	92.29
205.79	228.00
359.21	271.21
93.47	89.76
4424.13	7210.08
917.90	271.33
662.89	1228.50
263.19	303.77
1383.55	2086.17
170.65	142.30
2160.34	1728.67
734.69	710.00
209.67	144.00
429.30	301.27
303.80	395.00
139.84	137.39
155.64	161.33
218.99	178.84
406.81	351.00
279.22	88.60
104.75	119.92
113.16	136.11
69.97	70.60
458.19	313.75
41.25	52.29
274.24	236.62
224.70	224.00
165.32	229.00
279.17	255.67
158.83	85.43
144.93	162.20
132.47	47.30
362.75	335.50
137.00	150.90
151.60	165.57
215.94	199.69
368.20	492.15
144.09	111.48
72.10	89.80
462.82	585.12
62.24	53.87
937.06	277.53
154.28	229.30
204.82	175.75
69.42	98.34
76.24	107.40
280.02	245.04
203.45	200.30
191.31	191.99
150.86	119.67
58.13	92.00
155.00	159.71
816.33	273.00
149.43	88.00
70.97	70.91
397.64	144.93
118.91	113.60
1687.70	670.87
1370.38	390.14
217.82	200.50
118.16	146.20
440.11	314.14
183.71	208.00
141.83	111.33
142.49	179.75
238.38	176.20
379.64	248.86
93.66	102.45
3208.79	3709.00
119.71	145.46
327.91	363.86
177.27	133.71
135.39	163.67
806.54	656.55
229.12	501.33
103.96	120.79
429.31	475.33
210.75	125.00
226.58	255.00
348.80	328.00
8615.60	13694.50
210.71	147.75
138.75	143.69
215.12	171.75
168.43	170.86
104.39	128.80
424.14	414.36
295.29	222.00
101.69	124.65
215.47	124.11
2786.11	429.75
586.88	361.26
238.62	330.64
60.69	81.00
361.56	150.10
56.19	49.09
1560.92	2244.38
184.14	226.00
298.57	303.84
166.86	366.00
393.88	369.67
138.07	158.33
350.67	348.33
169.77	199.82
136.67	92.00
29.80	28.26
315.65	500.67
87.59	115.56
139.38	154.68
88.56	117.71
199.59	160.57
525.14	748.25
415.33	532.00
166.25	188.40
216.50	209.60
126.66	123.32
138.15	148.71
74.48	90.89
41.30	41.86
201.03	202.70
4622.01	9781.21
157.24	152.89
255.17	365.00
110.13	96.27
105.81	102.50
47.83	40.77
221.79	248.63
194.13	277.00
427.71	467.50
330.27	348.33
574.11	101.75
1614.23	2734.97
95.38	47.91
111.25	109.87
6368.17	8246.00
413.83	395.67
6225.54	173.70
209.56	209.25
281.59	276.29
559.48	653.69
227.00	289.71
293.73	229.50
427.50	533.33
105.67	124.67
53.04	8.94
165.50	196.00
357.33	213.25
135.43	179.67
252.83	187.45
187.53	74.60
335.36	347.88
473.31	590.42
39.40	42.60
157.84	143.00
220.38	277.75
48.08	47.98
106.09	62.85
819.35	981.20
226.04	270.52
238.14	224.98
189.67	158.67
471.00	346.60
119.51	174.50
150.43	169.75
111.35	122.78
163.97	199.75
127.07	66.00
311.41	246.32
276.74	110.87
124.34	193.68
150.24	181.61
167.53	163.65
253.33	229.00
244.60	248.92
132.01	247.20
134.44	75.97
264.67	332.00
190.80	89.30
397.15	316.42
176.13	142.86
182.90	195.43
147.39	137.31
136.14	162.00
165.50	224.67
141.15	155.53
4800.22	2114.00
206.55	351.33
220.80	199.00
63.81	43.73
218.46	246.17
197.08	197.07
110.90	93.77
413.88	519.33
218.64	227.58
227.86	239.75
303.67	334.78
115.67	46.33
175.76	157.75
57873.55	1701.69
55.95	62.59
244.81	277.50
201.23	179.44
90.53	95.87
167.67	177.50
209.67	254.80
298.07	313.64
168.81	146.11
306.86	282.33
141.67	135.14
83.33	101.33
350.57	366.00
131.23	85.65
69.19	87.74
2040.57	2721.64
100.11	118.69
234.60	218.14
202.99	219.93
116.50	165.67
474.90	380.17
130.48	118.26
89.50	47.80
159.48	37.92
154.44	122.60
197.37	172.40
379.90	361.48
364.47	330.31
153.35	110.67
406.64	308.86
430.86	500.50
548.12	1017.93
285.29	374.60
743.79	619.18
143.03	102.97
144.22	80.83
351.14	522.75
128.48	209.30
220.59	154.15
123.60	104.76
508.35	568.07
126.33	159.33
115.38	110.44
214.85	262.80
44.72	51.56
73.59	76.38
192.11	194.17
303.56	599.60
351.71	303.50
1487.84	1951.67
187.74	100.36
299.97	233.62
99.60	100.80
132.26	107.70
209.94	219.23
175.67	215.00
518.82	554.57
202.47	285.00
273.80	155.20
90.93	80.83
577.75	917.14
935.77	1108.70
91.62	93.67
380.93	382.55
344.87	449.11
208.34	205.80
414.64	410.95
150.75	168.00
186.70	301.50
379.21	594.67
272.70	254.17
200.43	205.50
1168.33	395.00
197.46	217.76
332.46	462.33
435.71	400.75
314.64	154.17
259.75	270.80
104.09	85.85
143.98	191.50
289.79	289.41
288.00	108.50
96.14	105.25
225.12	307.00
300.67	172.00
136.72	119.88
116.25	114.00
165.78	188.50
166.69	321.67
168.31	135.80
156.50	104.00
68.13	68.62
446.57	358.00
163.03	203.20
117.67	105.43
468.97	58.93
297.17	479.33
284.67	224.00
173.08	270.83
380.97	380.55
471.16	674.27
1933.78	66.67
519.67	778.67
57.18	25.50
219.57	236.09
182.86	188.75
86.69	82.19
91.16	107.25
371.99	423.50
162.34	196.29
216.14	229.25
522.82	500.00
80.69	92.41
117.13	98.93
273.17	258.33
653.19	638.33
328.00	356.64
527.75	257.80
250.06	484.67
261.27	61.97
727.11	495.80
108.81	128.00
380.71	517.33
149.38	142.23
477.56	268.26
267.00	82.00
161.16	51.03
1288.90	496.29
211.17	238.00
323.67	281.33
336.62	311.70
331.67	295.00
115.73	88.15
113.82	117.91
162.20	194.03
232.21	221.56
113.92	106.50
271.83	371.20
158.02	166.93
1281.75	1084.33
967.51	947.02
888.06	200.09
166.24	182.17
280.15	411.33
140.00	230.33
185.69	190.25
292.80	266.00
1015.88	486.60
175.67	158.33
108.86	75.97
130.64	127.28
477.50	512.37
657.50	777.33
159.96	101.74
527.78	418.36
247.38	207.12
172.80	192.75
668.43	1026.15
201.31	150.81
410.69	149.97
92.24	97.60
10927.78	15226.80
429.17	418.44
313.92	401.33
167.50	141.00
2550.67	3332.33
195.29	168.81
168.56	123.55
442.59	364.78
692.29	663.00
409.43	579.58
142.98	116.63
112.13	165.00
629.88	608.33
109.86	117.67
10.22	13.71
199.63	246.67
675.33	569.00
16.93	15.46
182.93	181.63
320.50	215.33
106.43	132.33
69.80	73.40
266.71	220.00
390.38	502.62
413.77	751.20
51.59	66.29
228.20	244.92
147.90	160.36
110.22	122.20
328.25	318.25
198.38	228.27
188.62	157.83
215.57	225.33
618.56	601.25
447.20	459.86
147.00	119.00
494.50	456.40
62.02	78.48
391.00	445.00
119.19	94.78
178.57	220.22
163.60	175.00
786.12	1142.60
324.50	351.25
213.17	218.56
143.10	52.20
453.25	439.64
142.94	85.74
78.00	41.33
189.67	208.33
491.70	600.72
128.00	134.00
477.00	586.00
123.57	173.00
87.54	87.67
165.30	224.40
455.25	172.86
1014.15	446.18
856.75	1101.00
175.49	173.40
106.50	139.76
1231.24	106.93
1069.49	1111.09
273.95	217.64
167.37	40.16
212.35	253.81
121.99	132.14
481.62	327.75
234.84	218.32
410.34	638.94
57.61	69.29
63.05	44.46
214.06	120.35
219.24	243.19
9.92	10.11
272.18	355.00
277.22	144.23
67.02	55.40
256.17	206.86
166.07	105.40
338.50	322.00
196.50	208.00
304.57	345.67
37.27	32.05
276.23	170.75
191.11	208.50
182.38	194.70
201.06	205.64
265.62	275.75
207.44	376.00
215.00	212.00
134.90	118.00
125.28	119.09
584.42	289.45
198.46	170.94
213.36	185.39
330.22	459.27
190.04	247.42
62384.29	63816.33
297.30	204.93
300.32	308.02
285.55	307.38
137.60	77.30
249.60	252.38
528.00	537.91
183.21	243.99
261.84	308.98
189.67	210.33
395.83	445.48
142.62	131.50
263.11	497.00
202.25	174.80
1873.89	593.60
433.29	548.50
124.45	119.67
142.75	146.34
120.00	111.00
135.16	144.10
277.92	238.50
195.56	212.50
381.27	146.33
169.33	196.80
40.14	43.09
160.00	154.00
357.78	418.25
298.77	234.34
124.54	99.70
452.67	460.60
104.44	120.75
316.47	428.32
20.77	23.55
381.40	423.29
163.91	177.08
281.44	350.23
272.81	205.50
202.36	139.72
384.70	180.60
1518.34	2170.33
283.45	257.82
281.08	203.60
126.46	153.54
177.61	123.38
212.17	18.49
395.33	512.00
194.68	183.58
80.10	95.79
304.73	316.06
252.79	326.83
75.66	75.20
132.50	176.33
273.62	227.00
214.05	201.56
202.43	206.00
694.95	394.17
332.52	297.50
176.92	185.00
240.61	265.77
280.99	371.10
278.04	130.45
101.59	60.57
359.67	264.67
1526.17	2124.27
225.12	312.83
196.12	150.23
358.62	415.67
267.67	117.33
76.58	79.39
377.46	351.89
1552.88	1831.52
305.99	288.06
358.46	538.01
757.83	767.42
98.53	117.53
31.33	15.47
147.70	58.07
190.83	187.33
43.94	47.57
175.64	136.09
280.50	228.60
129.11	119.67
141.67	104.62
79.35	98.86
488.68	88.69
44.16	35.83
179.53	181.19
262.75	264.28
305.25	315.75
172.44	196.46
318.43	330.04
205.28	205.61
403.62	421.67
139.14	181.70
117.09	130.88
102.39	102.82
146.10	193.80
195.65	220.83
261.91	288.67
189.00	125.67
536.55	651.12
1372.61	2268.75
71.86	105.40
64.88	88.46
237.97	278.36
1054.87	62.58
465.29	384.25
107.68	68.74
1843.00	1177.83
779.26	340.87
125.99	115.20
56.02	40.87
140.99	181.43
93.57	77.50
68.87	87.33
711.75	639.00
231.05	218.68
352.31	437.86
240.22	202.75
82.83	18.33
185.36	188.50
251.46	245.06
405.00	434.67
203.47	156.56
87.51	131.08
155.34	173.00
810.20	332.25
139.26	69.75
1451.58	1721.40
153.38	159.92
239.11	353.20
130.15	201.75
198.00	141.25
38.96	39.34
1252.95	2786.25
120.00	94.00
56.65	60.00
254.25	214.00
61.51	74.45
167.29	165.25
192.50	185.00
129.42	95.00
41.16	46.76
365.86	371.25
177.07	157.98
61.26	67.68
118.41	105.18
465.17	310.67
420.92	491.29
277.83	467.67
988.12	729.00
176.30	155.60
284.40	261.88
393.86	301.00
478.00	575.71
835.00	459.00
348.22	412.14
113.29	65.00
98.91	83.17
114.10	123.83
475.84	685.33
187.72	219.13
151.63	138.98
142.68	139.45
267.43	278.74
289.83	395.33
602.23	628.70
106.78	81.17
131.59	143.80
100.76	111.89
203.93	165.88
173.46	180.91
117.33	86.75
294.71	146.33
154.87	111.57
265.64	178.00
176.48	272.30
58.34	59.76
446.45	496.22
85.15	84.53
361.00	364.00
79.13	39.71
1311.06	514.33
129.90	156.49
386.52	441.44
232.83	216.67
136.57	125.75
129.22	138.69
1210.44	85.83
95.40	88.97
548.55	531.67
86.59	78.97
309.83	403.70
291.88	311.67
235.83	279.00
395.76	281.33
169.36	160.00
149.25	122.00
332.62	257.40
73.49	52.15
207.27	215.43
404.10	405.83
306.50	544.67
190.08	358.33
123.54	120.75
54.74	60.64
112.50	148.67
151.11	139.60
496.50	567.25
327.44	138.35
124.27	128.33
107.27	123.10
184.83	146.71
104.43	150.33
122.63	170.67
649.53	730.60
534.89	642.00
151.00	107.33
614.85	187.00
199.67	210.00
212.38	154.60
96.71	123.50
269.11	274.60
229.25	188.33
97.62	141.00
564.99	639.48
156.97	216.33
600.30	802.63
209.82	218.00
585.46	565.20
632.29	408.00
193.06	240.60
110.31	110.74
265.30	231.14
35.25	33.74
253.78	251.50
918.37	645.15
108.98	112.57
233.70	224.57
466.88	185.40
152.73	84.07
92.71	68.00
67.57	110.35
522.21	987.50
174.29	148.75
571.46	210.41
91.26	178.00
158.86	206.25
315.67	336.71
119.70	59.63
650.37	785.60
263.40	182.20
277.67	398.00
98.40	108.22
223.34	139.33
306.89	303.00
109.76	114.15
182.14	262.00
155.10	145.25
241.00	178.67
105.89	65.57
202.12	37.95
47.98	39.22
56.28	42.60
276.24	320.90
197.14	150.67
186.82	131.00
205.12	220.80
632.97	922.45
413.46	357.82
97.85	22.20
214.67	205.33
73.89	70.85
894.29	756.25
337.75	538.00
528.73	382.33
246.56	193.67
3030.24	4943.00
391.67	490.00
101.12	48.57
99.78	104.35
517.17	576.00
215.73	160.23
112.50	59.00
187.33	184.75
70.74	120.45
635.41	858.33
581.70	334.20
57.27	60.20
108.97	103.76
351.50	317.09
230.64	166.83
190.78	214.01
140.84	92.47
457.20	572.85
169.00	176.33
162.48	141.97
189.25	171.72
190.88	166.25
301.48	313.57
103.65	100.63
361.29	320.75
410.83	143.00
339.16	445.27
97.51	86.72
156.87	172.67
222.39	164.65
179.78	194.83
185.09	183.17
68.86	28.93
357.00	339.64
105.08	121.53
157.78	192.33
6239.12	645.75
198.92	199.00
170.91	198.50
310.85	334.46
1241.94	1672.91
313.38	305.90
193.52	174.98
134.45	155.17
1042.10	1128.29
2121.00	282.57
34.02	60.76
1333.90	262.67
55.62	80.10
1115.49	1854.89
197.29	157.67
231.62	240.80
235.00	222.75
271.08	277.38
397.86	251.67
291.50	418.00
368.76	418.60
216.27	220.33
205.11	249.00
319.00	335.08
100.66	137.53
377.29	407.25
39.30	25.62
39.18	49.26
171.71	192.75
330.00	341.67
229.45	199.67
221.30	277.00
211.84	213.79
124.00	144.25
1087.89	715.98
140.92	80.12
218.09	252.83
258.95	291.19
466.43	559.50
240.00	245.50
233.65	216.68
425.54	391.57
2162.36	2711.71
265.88	237.25
256.29	199.17
144.83	133.00
48.28	37.61
207.08	159.48
157.82	175.66
103.33	100.33
44.31	67.12
361.23	149.57
202.15	164.88
489.86	658.00
55.66	92.54
244.75	218.33
76.52	75.87
145131.43	253824.25
322.27	311.25
175.62	164.70
52.97	45.71
75.86	73.98
213.62	227.60
96.43	105.00
120.46	96.11
174.06	150.82
259.50	183.50
182.38	215.38
39.58	37.21
239.90	251.00
139.67	138.33
341.83	448.67
125.35	181.57
52.18	31.96
99.51	79.67
124.11	89.00
199.82	165.30
162.50	168.80
1994.23	877.90
200.33	183.25
251.10	341.33
409.33	258.33
598.14	496.33
127.68	139.83
257.67	122.24
97.87	110.50
555.56	1025.12
315.57	401.50
253.13	158.36
177.00	198.25
295.33	135.00
266.17	271.38
144.58	194.16
49.39	77.78
178.14	203.50
153.88	256.71
245.89	227.80
126.92	129.70
135.54	155.45
131.00	95.60
840.56	958.50
1133.20	1164.64
268.71	257.50
334.67	279.33
76.64	37.11
99.75	103.18
210.15	216.40
367.33	326.67
119.67	95.33
420.57	255.00
320.29	436.50
206.27	156.82
137.07	148.90
124.99	99.83
236.14	145.00
256.00	261.28
173.99	176.40
227.09	265.86
97.25	110.00
127.88	159.17
494.23	784.82
159.95	161.04
519.22	478.17
405.89	373.67
209.56	198.50
385.00	411.11
512.45	746.92
231.45	75.97
72.67	72.91
493.58	74.83
252.59	219.29
163.43	99.20
344.82	391.25
20.07	24.60
207.42	214.66
304.50	241.67
143.44	129.60
100.67	66.98
293.33	298.33
275.83	216.33
146.12	123.32
126.88	169.00
95.19	100.59
1407.95	866.58
218.33	222.00
151.73	167.92
352.91	238.00
223.67	260.33
350.23	401.67
190.75	204.20
199.19	139.55
162.33	158.00
47.28	27.48
247.19	202.00
294.53	360.52
181.43	214.91
135.00	116.25
162.25	137.90
131.40	153.25
114.31	111.56
163.38	124.33
458.63	144.24
224.06	253.10
84.86	100.35
6620.00	6779.75
304.60	199.75
290.11	274.00
317.41	231.60
138.48	132.12
1680.27	1696.98
64.33	74.45
146.29	179.75
344.39	378.50
109.71	113.92
411.12	364.57
63.82	80.40
204.18	227.69
234.69	187.43
97.79	62.09
264.01	87.35
81.18	96.41
125.49	133.18
278.47	499.42
139.83	95.00
53.33	65.87
1585.16	1278.26
107.83	80.48
75.40	105.67
626.68	748.70
59.20	47.31
191.06	128.96
173.07	287.98
811.15	1054.50
70.98	75.53
691.54	874.92
264.26	310.52
344.74	335.83
245.90	260.67
184.57	208.36
303.43	284.00
189.52	135.85
79.73	21.15
124.60	135.90
1085.07	1725.12
178.54	221.84
382.08	296.50
236.33	278.33
273.98	198.30
249.86	271.57
549.67	764.33
1389.35	884.33
79.68	78.67
203.79	214.12
196.89	153.33
4150.11	3630.33
142.69	143.07
254.00	258.67
246.90	289.36
252.20	158.89
109.29	156.17
295.39	416.89
223.50	380.50
352.46	266.33
317.78	345.71
189.12	181.60
57.14	58.62
578.00	529.25
162.83	366.40
449.64	404.00
480.82	559.20
118.00	134.30
315.09	379.29
313.61	358.23
140.17	199.67
339.69	383.83
295.12	335.40
422.51	735.22
402.93	433.25
155.60	143.83
318.33	271.33
150.67	223.67
371.20	387.80
1933.31	2649.19
4714.00	7356.00
392.30	397.29
151.42	160.63
703.44	141.01
167.05	147.36
141.82	122.87
111.96	78.38
264.98	305.29
121.30	50.27
592.10	656.64
69.51	70.75
227.18	326.67
143.30	168.20
100.33	108.24
79.37	83.01
167.17	207.33
72.56	61.97
155.33	132.41
74.81	66.62
93.33	100.11
49.42	61.42
212.56	358.67
51.94	51.08
3160.65	643.40
169.83	170.95
273.60	247.71
208.07	69.65
381.66	443.15
317.54	198.61
3897.81	5308.45
241.08	197.13
570.78	586.58
267.11	189.33
257.26	152.27
469.56	319.00
215.03	226.00
313.17	418.50
345.50	336.20
118.93	109.25
1038.16	1192.62
501.50	476.00
207.22	288.00
423.86	29.97
116.45	217.21
337.99	112.78
267.22	334.83
236.31	331.67
216.33	245.00
157.24	146.00
72.36	94.75
61.32	58.00
203.27	210.50
295.67	182.33
584.10	837.00
205.49	245.60
332.03	346.44
255.60	209.00
203.92	213.70
205.05	239.85
219.68	236.80
216.72	100.95
106.31	100.29
185.25	171.67
204.93	244.33
136.57	125.09
210.33	274.00
149.75	129.20
200.31	168.33
129.59	165.85
278.28	355.58
205.38	174.50
283.90	284.20
239.27	257.00
2113.07	2041.64
142.86	93.33
150.48	225.00
237.72	419.67
168.31	186.93
270.14	246.25
222.54	219.65
168737.83	2237.67
265.29	257.20
204.45	199.50
155.07	174.19
92.98	114.06
297.56	358.67
206.12	171.25
1412.86	2389.75
305.60	303.82
123.55	93.33
235.05	122.00
263.14	295.00
131.13	157.60
125.05	134.95
124.69	49.60
608.75	653.67
392.00	305.00
157.85	120.90
160.08	74.79
1398.42	829.67
195.00	175.43
131.92	132.91
773.41	253.00
300.11	357.40
313.38	282.40
241.35	92.96
127.89	98.00
143.88	147.80
1092.50	222.40
154.11	130.17
172.29	155.15
185.00	122.00
383.27	257.30
10172.54	18385.43
255.54	240.63
437.04	440.42
215.12	203.92
181.20	143.00
354.78	304.95
147.17	145.67
273.86	227.60
317.91	267.71
191.14	158.25
263.41	131.33
291.36	292.86
122.52	96.50
137.41	150.84
96.84	111.20
859.50	861.38
381.60	343.00
146.22	170.20
571.71	1174.33
225.82	310.80
86.27	95.63
149.16	160.91
1753.71	367.50
709.94	851.12
276.48	230.28
152.67	154.67
242.78	245.75
140.04	144.56
337.14	350.00
1601.83	151.67
260.48	337.71
962.29	1156.25
334.64	423.33
178.66	176.37
144.45	152.32
203.44	235.60
476.50	566.14
552.67	780.86
83.72	79.14
279.88	217.80
423.12	735.67
224.11	190.00
165.79	187.21
498.35	797.61
154.38	169.80
134.78	185.00
278.36	322.00
216.38	193.40
55.61	54.19
399.18	168.33
919.18	948.50
86.95	91.31
129.62	136.64
9742.36	8844.97
158.19	151.91
252.90	256.63
109.14	108.33
238.22	132.70
292.51	262.65
119.28	179.67
2295.32	656.89
1069.25	820.85
631.42	653.57
107.22	90.19
72.55	65.17
351.84	389.43
225.24	116.66
313.11	276.30
387.00	252.67
96.71	98.67
110.03	99.61
186.21	176.13
312.75	531.67
413.68	157.11
378.17	493.90
68.55	82.83
38.76	32.83
330.35	356.60
34.74	45.20
561.83	238.67
163.06	156.37
46.68	53.56
214.15	103.63
665.67	502.53
242.40	247.00
141.84	148.26
146.78	123.78
333.12	313.50
249.60	201.50
174.07	167.70
347.37	334.36
258.38	225.75
143.78	182.00
139.97	77.93
2795.02	1626.25
307.71	420.50
122.91	156.72
240.57	145.08
203.00	208.00
335.22	412.07
127.00	94.75
349.67	419.67
305.97	419.95
22922.39	2248.80
151.79	93.39
121.19	123.97
479.62	1046.91
331.56	247.48
104.15	140.67
99.90	73.69
293.64	171.00
84.21	74.32
247.20	215.89
784.17	671.69
354.78	108.75
260.57	85.25
165.68	200.72
358.50	466.00
108.09	144.75
281.99	635.67
600.29	397.00
248.47	294.09
163.71	165.33
247.00	252.50
278.12	330.42
1059.16	217.41
121.97	43.33
246.33	322.33
433.84	751.08
112.40	121.08
318.17	231.00
208.26	122.58
200.47	242.00
2288.43	520.25
267.23	341.25
1662.00	2726.00
159.13	164.98
287.17	342.33
321.33	384.33
67.36	39.12
123.66	148.40
100.23	77.81
136.20	168.50
149.24	135.07
116.62	103.40
204.29	183.44
154.97	127.50
162.51	14.22
434.33	104.67
147.51	112.20
894.79	1216.94
154.00	130.67
140.88	132.40
486.09	458.20
218.88	269.07
168.72	200.30
168.77	201.80
191.47	175.50
151.50	203.67
292.98	319.00
5563.60	13399.50
117.42	92.57
134.33	149.14
247.17	295.33
208.00	199.00
506.32	290.41
63.54	67.33
80.20	150.02
24.80	34.64
41.00	50.03
536.75	746.00
172.16	171.72
143.42	114.43
488.50	437.22
84.82	89.63
109.56	129.83
21.09	21.12
126.66	115.66
142.33	230.33
284.85	237.14
205.33	236.60
86.86	61.00
4828.08	7428.00
436.32	441.33
219.43	254.67
408.85	450.20
72.81	67.83
201.30	284.29
555.44	640.45
201.38	272.22
311.00	208.60
200.71	275.00
87.40	62.84
196.24	135.27
281.62	183.31
18514.60	11464.33
176.78	241.00
3200.40	7143.67
15963.86	16859.33
164.62	117.33
179.45	85.91
602.85	713.62
318.57	240.00
184.47	126.60
182.67	167.33
229.17	327.00
356.50	333.22
251.29	128.47
126.33	150.33
160.25	208.33
586.75	405.40
337.41	333.83
270.67	243.67
225.86	198.00
182.50	131.00
755.67	669.83
184.81	88.62
194.10	230.20
192.30	195.83
363.74	514.60
314.58	254.22
75.57	44.82
51.47	58.07
388.67	518.33
106.33	103.47
265.52	238.07
530.20	357.00
195.83	225.83
454.33	779.33
336.02	259.04
918.71	983.16
142.32	162.38
85.27	81.60
127.63	103.33
243.23	211.53
23.94	15.12
199.63	285.48
650.19	610.27
243.49	237.45
2954.07	3552.38
82.88	93.07
132.73	163.80
148.98	209.00
243.38	204.60
205.81	65.63
244.74	81.20
36.97	42.92
1386.99	2091.20
156.69	160.75
320.73	363.20
202.49	148.86
972.00	368.67
206.67	205.40
332.67	350.67
348.83	268.67
3703.18	7372.50
129.83	189.00
207.50	199.78
182.83	196.33
9961.40	8696.95
166.31	164.68
221.00	167.33
302.70	164.72
149.44	151.67
83.00	73.50
79.11	56.64
297.60	475.20
331.50	314.67
159.17	160.67
1777.39	2523.58
112.66	119.20
103.37	88.00
708.62	1402.00
269.54	138.71
291.10	317.98
271.33	234.33
459.02	647.92
148.34	155.33
131.54	91.50
149.50	138.67
232.66	193.02
130.06	202.88
191.67	157.81
321.40	335.67
113.79	111.48
824.09	1216.19
254.57	309.00
47.26	30.60
193.00	269.00
192.56	235.80
231.33	220.29
244.69	253.33
173.80	135.00
241.33	190.00
89.84	104.95
337.33	320.40
164.33	171.11
791.17	1391.33
7559.25	13358.50
223.49	120.18
123.20	155.36
140.92	169.12
380.33	389.59
533.38	703.89
1336.75	1682.40
96.51	55.20
173.83	227.12
555.09	629.57
226.50	272.38
257.82	319.17
46.00	53.83
266.22	215.00
108.17	72.67
127.03	114.60
237.13	87.97
141.85	114.76
54.09	79.90
392.10	242.98
392.98	392.00
545.19	487.43
387.43	328.00
351.45	279.67
71.49	55.74
1216.00	1754.40
460.23	688.00
41.14	38.77
191.75	161.00
342.08	348.33
312.67	303.00
141.37	195.30
283.69	221.78
416.51	294.76
188.52	226.00
407.71	514.67
485.50	258.40
123.88	181.67
539.92	711.60
123.84	176.62
78.88	71.00
119.69	93.45
824.56	1613.08
209.00	193.33
264.16	175.73
434.48	291.00
73.25	13.93
182.80	272.80
204.06	215.45
290.88	273.67
344.72	314.85
2819.50	4288.00
389.99	553.12
67.77	92.00
727.92	583.19
153.88	128.25
1508.46	1985.08
195.67	240.67
343.00	152.75
1669.49	1646.00
435.71	472.75
364.65	305.89
217.94	189.53
259.71	306.00
122.27	147.47
89.95	40.94
240.54	342.74
176.00	193.25
41324.43	62232.07
238.31	270.35
237.94	245.76
1694.37	2557.56
752.86	445.50
169.28	191.24
36.49	22.97
172.88	185.87
137.08	158.00
708.28	762.19
250.71	253.89
151.57	185.00
1365.41	53.57
344.50	366.20
207.76	212.92
157.12	196.60
802.91	989.64
155.10	132.00
273.62	55.60
139.00	153.00
153.23	185.00
93.84	94.92
156.61	111.49
123.97	168.95
284.62	309.54
802.72	1000.80
173.23	179.24
222.60	268.25
29.06	33.89
157.54	147.80
173.68	176.75
87.79	50.50
397.57	397.33
23.30	24.98
398.33	407.00
281.33	225.60
240.17	291.07
266.43	195.60
944.00	1143.60
42.32	58.06
208.85	193.55
94.02	136.99
235.77	361.43
240.69	348.50
405.00	481.00
90.33	124.60
228.50	285.25
155.60	163.86
231.00	298.40
156.00	178.17
276.36	297.62
519.95	104.36
321.79	317.09
80.56	95.70
76.30	70.48
921.31	1629.83
264.50	246.33
19.65	24.70
333.85	395.62
618.13	574.67
239.22	253.27
174.03	211.18
1504.67	233.00
143.07	155.17
78.91	88.14
421.00	523.00
687.33	32.00
204.28	70.30
250.99	209.56
271.97	239.00
176.56	187.33
395.67	382.00
1267.68	53.63
1386.66	221.85
61.28	90.32
232.33	183.67
204.06	176.18
373.12	379.25
97.25	96.40
130.44	79.30
233.78	335.00
241.38	298.00
1482.29	3286.00
113.12	124.71
212.00	219.50
1358.14	1732.50
264.70	307.57
140.44	140.67
135.46	126.15
286.91	323.75
829.78	391.67
334.46	136.83
293.86	275.45
1549.97	3065.00
253.26	210.92
283.67	254.67
210.23	191.00
110.00	101.67
56.62	69.00
424.00	253.36
161.33	107.84
1055.41	113.27
219.05	262.00
95.52	100.07
116.17	92.20
882.14	1127.33
142.99	163.72
343.81	341.44
1116.40	711.20
185.12	144.00
409.36	286.65
1760.43	2249.33
5920.80	120.76
225.82	260.36
229.67	211.00
4727.12	1909.67
428.78	273.80
295.81	548.80
85.03	111.13
34.79	29.99
558.00	597.20
268.17	431.60
141.69	184.20
47.65	70.75
150.17	160.50
131.87	114.60
249.00	198.00
233.57	258.75
182.40	188.20
37.83	31.73
322.85	386.67
89.98	91.60
298.31	320.52
378.28	425.21
160.60	151.57
1524.44	1872.00
432.12	546.60
199.93	170.72
204.25	142.25
366.22	401.50
136.20	141.80
210.00	197.67
267.35	204.56
204.42	224.00
65.83	60.00
191.98	203.91
285.41	58.63
92.79	92.53
295.78	247.50
125.70	158.50
269.74	15.40
22423.18	29098.81
891.00	1207.50
4.93	5.97
169.14	229.60
210.27	203.38
202.50	184.40
377.91	271.17
247.79	88.98
67.69	76.83
321.14	308.25
195.36	309.25
174.20	140.40
132.91	107.88
252.78	226.00
102.63	46.60
165.18	133.00
676.75	977.00
1686.88	2064.00
197.74	181.18
32.81	50.56
175.78	203.18
103.62	73.57
213.43	190.00
65.11	75.80
83.86	57.33
145.43	223.25
576.09	878.56
220.89	264.50
232.23	220.00
142.86	170.54
186.56	185.70
95.12	83.93
165.35	152.10
160.76	128.97
332.54	454.26
249.70	217.33
87.99	119.50
122.83	188.95
307.57	341.75
12.98	17.52
125.71	102.70
245.86	284.33
442.73	247.17
141.09	148.67
55.20	9.40
101.59	100.95
142.83	87.08
348.65	73.09
161.00	222.00
110.56	136.50
329.27	344.03
152.44	170.74
304.58	318.33
212.22	282.25
396.92	483.11
377.38	629.00
75.80	69.62
82.13	97.67
127.98	166.33
145.43	115.71
263.32	361.67
286.83	365.07
488.10	739.00
46.77	30.60
63.56	65.79
955.00	491.50
181.65	241.12
193.60	185.40
579.97	258.00
153.27	144.90
220.67	406.00
73.11	95.20
1470.58	79.20
83.96	86.55
81.97	75.27
176.64	240.17
158.07	125.67
176.03	175.30
253.00	291.50
161.25	155.69
126.99	140.14
120.33	134.67
470.14	328.50
372.17	408.14
130.88	128.33
83.45	71.26
185.67	233.00
228.48	251.67
868.97	814.84
398.61	448.20
224.39	235.86
194.06	155.00
269.68	183.11
367.50	382.00
510.45	509.09
350.57	356.25
138.67	138.00
747.08	1087.15
1143.10	1444.86
490.67	536.00
726.91	942.89
125.32	116.67
508.36	539.86
555.37	693.20
208.59	229.06
634.25	602.09
72.04	61.10
43.94	37.45
727.70	854.92
170.60	193.25
170.29	201.50
132.33	140.67
578.92	581.67
258.15	221.25
31.62	39.67
772.83	1556.00
159.34	158.80
132.12	109.80
50.79	59.16
210.16	326.20
913.00	705.75
104.85	93.22
51.96	45.27
146.30	128.27
249.67	293.00
177.39	107.67
131.27	144.00
116.95	136.66
234.60	315.00
210.29	182.75
93.47	85.70
333.86	322.50
233.60	164.14
160.26	163.95
215.17	138.33
1170.79	1928.62
96.03	104.74
211.70	222.86
268.54	62.08
104.50	119.33
291.33	188.33
216.91	191.83
264.45	321.16
196.00	148.00
468.50	463.67
367.75	404.65
102.94	103.19
1033.98	1343.65
252.62	284.83
100.97	102.33
545.58	483.33
73.76	44.71
366.88	304.00
158.63	214.88
313.58	343.50
164.75	169.50
83.60	97.25
168.99	99.47
68.23	43.65
149.60	125.75
112.83	165.25
122.94	115.50
337.50	548.67
229.70	215.29
163.61	150.09
788.50	955.00
176.60	154.33
305.67	262.00
279.50	423.49
215.43	185.00
655.07	677.75
156.41	189.33
65.07	62.72
3307.22	1909.83
135.48	181.11
56.80	37.61
63.61	76.92
255.83	315.33
229.90	234.02
100.50	145.00
375.38	293.49
144.05	114.30
168.66	162.05
843.01	719.27
151.35	143.05
205.69	217.00
520.75	452.67
112.75	61.80
811.03	1871.00
250.37	223.99
178.11	222.00
272.71	294.60
77.49	79.51
266.90	119.78
143.00	156.60
601.11	682.50
256.55	222.80
282.46	244.64
151.00	175.00
236.77	154.00
576.81	903.17
120.11	128.25
574.67	630.20
101.60	96.04
444.18	517.27
231.58	291.86
130.10	182.47
187.57	220.00
7126.25	10400.60
177.94	166.87
163.70	169.54
1927.00	2521.33
99.87	116.99
1542.86	740.75
323.11	322.48
131.14	149.00
205.59	117.46
434.88	325.50
59.57	88.78
102.24	205.97
217.35	231.88
431.75	488.50
4696.80	2395.57
28.42	25.93
223.85	252.78
294.00	281.33
174.54	169.36
152.72	153.36
417.38	398.40
247.56	244.17
206.71	152.00
80.66	71.72
180.04	201.44
69.77	47.24
90.09	105.00
210.50	315.67
107.70	145.20
110.25	128.09
89.69	48.72
175.33	262.00
236.35	211.81
115.44	105.00
90.59	93.28
35.67	40.01
120.70	132.25
393.91	194.20
238.67	125.67
425.60	501.00
126.33	83.80
148.94	164.03
72.36	92.87
219.75	216.00
43.80	60.12
377.50	584.67
141.30	131.72
83.83	97.90
85.93	80.08
274.14	228.33
187.29	88.65
188.12	216.80
210.07	158.93
132.78	94.60
131.61	202.17
197.29	200.84
602.12	705.67
143.42	130.60
316.74	408.50
199.89	164.67
47.71	55.53
62.73	70.01
219.14	269.88
328.56	387.50
133.92	115.50
132.53	182.00
295.65	235.34
156.60	126.75
64.91	98.96
226.33	113.33
206.90	185.71
216.38	215.00
220.57	154.50
279.77	357.00
176.27	278.50
128.43	86.86
102.98	112.83
193.76	119.61
99.98	69.56
255.73	272.83
261.29	412.98
111.50	86.40
347.74	403.97
265.06	360.32
520.01	759.15
345.50	320.50
254.40	232.14
77.42	21.63
70.37	71.22
173.64	127.54
243.00	309.75
1517.13	126.27
197.74	525.73
356.69	459.62
991.83	1000.67
116.97	117.19
1334.12	1925.40
128.74	170.75
269.86	398.00
275.53	252.03
356.89	172.33
130.24	187.00
303.51	309.96
251.67	287.83
251.11	254.40
45.93	52.53
210.07	167.88
124.15	150.23
315.90	271.44
776.67	88.77
197.51	227.94
1293.64	1108.93
319.22	224.20
89.27	109.00
262.12	268.00
175.25	164.71
334.83	274.33
90.47	102.20
117.30	121.00
197.56	227.44
112.39	143.43
78.89	80.32
1866.08	837.59
159.97	192.01
329.62	198.75
54.12	37.00
198.96	214.06
174.83	228.33
102.73	108.26
963.49	1131.84
1280.97	1765.34
320.89	359.20
111.61	110.62
826.00	783.50
1354.14	1490.25
169.85	207.36
159.04	99.32
226.79	151.18
150.97	102.27
5842.29	6100.00
117.88	96.95
520.92	621.67
223.51	260.50
218.85	221.90
132.18	220.00
87.57	66.75
110.27	39.67
397.86	412.67
65.75	61.80
228.00	214.00
244.45	187.35
83.99	82.02
166.26	221.20
305.23	254.81
5630.17	6305.33
588.88	202.42
171.64	171.75
283.99	212.78
186.17	238.33
340.68	130.88
278.56	159.50
230.17	142.75
116.20	105.18
1112.15	599.89
21019.55	31495.67
351.32	348.00
59.43	64.98
250.80	378.80
399.11	227.27
242.00	112.33
180.70	182.40
192.46	131.75
312.65	368.43
396.29	469.00
291.57	319.00
146.43	128.75
643.67	270.33
266.27	207.00
225.70	247.86
319.14	459.50
120.47	28.23
176.27	175.62
172.35	169.21
234.28	230.11
143.26	165.67
282.45	321.63
230.81	215.77
172.50	206.33
110.99	98.98
198.82	212.11
222.86	246.33
472.57	291.00
235.86	140.00
1135.97	1189.38
192.00	186.62
95.20	95.63
547.86	798.67
132.14	137.50
107.08	106.66
66.42	36.02
139.13	154.78
959.71	1226.44
179.19	126.45
131.13	111.47
302.12	366.00
75.47	48.93
455.44	508.83
262.25	54.33
237.80	260.00
241.43	301.67
51.49	60.39
137.33	145.40
174.32	107.97
224.22	192.75
236.83	115.67
199.22	210.67
283.71	367.50
258.96	308.45
393.00	518.20
67.27	106.25
161.14	224.67
249.00	297.20
167.88	89.50
48.90	33.35
286.44	297.50
346.38	335.11
175.97	128.40
673.00	880.78
98.11	120.08
333.12	515.75
369.38	595.00
215.95	191.93
347.14	272.67
95.43	73.73
17039.98	21908.20
361.99	101.23
81.31	29.69
255.36	158.22
282.89	142.75
199.13	143.60
185.06	427.67
253.43	264.25
264.05	278.82
116.67	66.99
180.71	217.75
263.04	364.25
158.78	108.33
117.62	106.43
77.40	68.12
101.66	86.52
56.36	94.97
159.29	132.55
205.00	197.00
254.22	145.40
176.56	74.50
131.08	146.21
282.80	257.75
160.45	147.40
72.88	23.98
420.71	393.67
303.67	282.33
177.77	173.62
88.03	77.63
290.69	346.70
93.00	69.80
986.67	1047.91
120.02	114.75
1571.85	1360.00
563.07	193.58
272.69	591.33
262.76	213.16
232.44	246.00
234.17	255.00
2643.92	196.65
526.86	256.33
199.67	287.33
94.83	78.53
589.68	574.31
381.53	335.41
1098.21	204.60
267.55	284.80
385.27	297.33
422.00	334.67
609.33	1123.50
715.43	835.67
96.75	111.00
249.50	294.80
213.71	124.33
337.00	373.67
156.14	174.50
202.35	214.43
236.12	183.75
759.88	867.00
23.35	33.60
101.99	99.49
211.52	185.38
365.56	594.40
177.27	151.22
135.92	138.62
43.18	41.96
1162.14	155.33
131.95	116.62
2220.15	2324.67
111.83	182.00
113.33	140.43
234.40	279.00
225.07	203.57
68.82	31.67
308.77	281.85
238.50	309.00
433.38	458.25
284.57	339.57
295.07	260.45
118.08	74.67
223.06	207.78
243.71	266.92
233.27	259.50
376.81	453.29
21194.38	24631.50
548.67	402.33
500.51	86.88
143.42	168.26
568.21	562.70
247.67	326.60
532.00	565.25
133.18	126.14
425.75	321.75
135.14	120.88
190.99	203.41
325.56	175.29
274.50	56.00
160.31	197.77
277.86	431.00
364.12	460.20
588.38	614.60
24725.16	1279.08
306.71	438.50
858.00	1326.67
288.67	307.57
130.71	151.25
1813.06	3146.35
1002.51	1537.00
170.59	141.11
210.68	230.43
124.61	128.22
18.40	17.12
295.27	301.83
649.85	557.20
36.30	34.93
101.86	83.50
51.76	65.19
251.15	300.30
134.66	101.33
466.14	434.76
354.29	442.43
216.89	128.75
278.64	232.40
206.71	203.89
2102.25	4462.00
239.38	239.00
496.45	476.60
722.33	496.67
134.54	101.00
546.93	527.67
75.89	46.12
471.73	555.43
21.26	24.43
94.40	72.64
206.77	166.98
229.10	250.84
106.24	17.10
183.92	178.43
305.36	281.25
39.35	39.70
161.50	209.50
381.17	390.00
62.73	21.17
608.78	538.71
112.25	142.21
188.77	121.15
193.50	220.00
131.33	146.83
450.74	662.00
251.14	183.25
194.42	171.99
373.21	335.40
115.69	125.50
239.19	137.10
317.35	314.20
53.85	25.60
140.74	111.80
364.00	733.40
189.93	367.20
156.53	156.50
436.17	550.33
525.85	632.80
180.80	215.37
595.18	569.17
163.65	145.00
49.18	19.88
202.15	416.50
148.23	145.55
3638.00	2168.50
172.72	175.33
152.20	153.40
375.10	366.40
120.91	210.67
352.89	157.10
68.83	67.32
574.07	665.91
292.58	272.00
279.12	224.80
85.63	66.15
148.29	106.20
185.87	179.98
415.64	473.71
72.99	130.00
165.16	261.25
295.74	513.62
310.00	280.85
90.56	101.83
314.38	313.00
238.33	234.33
423.70	596.00
317.92	350.75
129.40	205.33
80.46	82.96
125.50	67.06
207.33	154.67
199.13	149.40
504.25	219.90
223.57	206.59
165.30	156.14
95.96	103.45
65.64	70.80
214.50	288.50
220.68	214.58
244.32	230.11
5526.75	4624.50
61.38	57.56
295.17	315.33
90.43	85.67
406.83	430.87
810.09	206.00
80.88	66.00
983.98	2009.16
52.87	58.33
112.06	102.80
263.38	309.33
192.66	147.77
117.22	105.00
27.35	31.09
199.50	242.75
113.85	128.00
176.38	269.60
249.86	363.25
81.74	99.57
274.64	244.50
476.27	427.01
286.64	327.17
57.00	66.40
3312.12	7482.67
136.56	127.72
153.62	129.00
142.62	115.87
309.24	265.62
234.29	107.75
598.38	761.00
91.07	90.95
104.50	120.75
52.46	39.45
256.14	334.67
155.94	176.90
138.30	135.57
53.73	83.26
301.83	232.15
434.88	381.67
146.99	119.86
519.36	565.98
158.89	161.08
6959.11	8737.33
137.19	126.41
1067.64	588.75
58.62	58.63
235.00	237.43
363.41	290.51
160.55	240.55
127.50	122.20
144.75	178.31
102.83	162.36
271.37	253.72
54.52	48.90
161.42	206.62
118.60	72.32
112.63	79.65
422.75	383.90
27.06	21.23
92.13	102.97
240.21	164.17
136.83	111.67
170.00	160.33
96.27	131.27
318.13	165.34
84.35	97.67
33.75	23.80
162.20	170.40
104.67	128.95
218.93	219.38
124.34	94.55
160.58	170.67
187.52	210.20
340.12	309.67
61.11	65.09
344.61	170.78
5.60	4.48
319.78	325.33
83.74	67.26
126.54	114.45
650.00	309.00
142.54	125.32
497.67	766.33
294.28	455.14
406.56	396.33
8651.17	6453.00
213.83	87.96
255.82	306.20
201.84	211.20
167.83	98.33
90.13	108.47
151.62	172.25
8132.00	8279.22
69.67	90.33
364.80	366.00
2699.53	3261.67
159.66	186.98
141.88	274.32
1720.55	1944.68
134.57	150.75
223.36	230.60
259.33	244.33
342.12	511.67
266.69	339.88
251.86	273.73
162.40	172.57
293.72	292.85
258.25	258.86
314.00	379.75
96.30	186.33
230.82	267.50
91.60	105.95
91.24	89.22
241.95	165.43
109.19	126.20
240.66	267.83
79.88	32.19
157.00	162.87
203.74	192.97
113.42	123.65
342.46	370.43
283.50	316.75
112.83	122.00
157.83	172.38
242.39	251.82
116.76	144.33
294.45	140.75
102.64	117.17
136.67	74.67
215.17	206.58
165.27	176.14
144.50	158.00
299.67	252.29
92.10	64.63
119.29	97.33
790.71	569.00
335.00	336.00
167.25	156.40
103.32	113.19
77.76	76.57
992.25	1748.50
616.43	810.27
98.98	43.79
217.30	298.25
139.75	144.40
66.72	73.20
70.71	93.20
177.26	201.68
321.15	381.60
464.09	389.51
367.15	325.00
332.99	292.15
117.61	149.71
158.96	145.94
535.43	111.00
359.00	274.00
314.57	365.62
298.44	330.42
464.29	355.75
153.88	163.50
18.01	24.82
131.90	28.77
478.33	547.67
134.42	140.50
53.38	54.45
139.10	59.72
138.86	133.75
475.29	632.50
335.54	412.53
81.87	80.83
106.06	133.86
106.32	165.63
314.86	457.67
296.92	227.71
236.95	112.23
168.33	146.26
5256.81	5098.30
283.68	265.00
1452.76	183.30
381.09	329.50
229.16	234.22
129.46	63.50
753.89	1139.01
200.51	186.60
75.92	105.50
90.83	103.00
334.50	334.00
272.33	239.50
258.17	304.27
162.69	155.00
537.50	542.67
154.15	134.76
329.05	331.12
804.20	1120.79
232.29	187.43
481.86	454.25
202.98	265.60
256.67	301.67
161.52	232.92
1462.70	1368.83
314.17	297.00
240.89	295.75
66.23	79.49
53.66	85.09
135.49	126.00
171.33	74.00
271.98	401.00
148.98	185.67
47.03	42.16
419.50	388.83
2283.43	1936.26
677.27	86.56
102.45	68.31
303.75	301.00
144.40	115.22
308.58	351.71
143.29	174.00
381.67	398.67
355.03	397.87
161.17	229.15
108.80	142.60
124.12	121.20
356.24	325.43
43.09	32.00
537.41	185.97
117.92	106.89
168.41	224.22
402.25	469.00
75.07	79.96
363.83	452.00
53.25	44.92
287.31	245.00
118.83	149.00
359.50	416.20
1060.00	966.00
133.43	89.00
242.54	175.27
146.35	163.15
162.00	132.15
819.32	359.44
105.57	120.25
135.80	113.50
858.09	1186.59
122.96	174.75
100.64	66.93
100.42	64.80
909.33	685.00
155.00	178.75
33.90	42.65
101.00	88.40
207.10	73.17
99.98	111.67
196.02	248.25
201.83	180.67
153.67	196.00
145.50	112.00
407.00	765.33
1672.00	57.00
120.11	98.32
167.38	99.97
471.60	608.18
171.57	138.00
1532.71	94.67
77.51	52.69
123.38	105.16
214.62	248.67
187.35	198.66
223.86	210.00
131.21	96.38
448.64	560.60
187.63	209.88
81.22	83.05
279.29	450.67
204.43	196.50
266.74	161.30
255.84	258.90
759.40	255.75
856.73	920.71
282.00	218.67
72.49	81.97
232.56	223.00
150.13	112.70
524.50	754.67
114.27	158.33
390.41	459.17
152.15	136.96
63.91	58.60
191.75	179.40
185.97	181.60
130.71	204.33
103.42	122.75
153.00	128.75
101.33	137.49
167.23	134.31
414.10	489.94
123.14	97.00
383.67	549.33
678.78	549.67
231.50	239.20
88.14	71.81
256.88	262.20
48.81	55.23
148.00	66.50
171.33	124.33
214.56	304.98
47.99	63.56
445.67	260.67
859.89	959.80
47.46	113.00
101.09	87.38
283.29	340.00
185.88	135.67
251.14	323.50
280.33	488.33
583.00	442.67
233.98	277.00
176.30	106.00
275.75	306.56
219.45	256.29
4106.80	4690.33
251.63	244.37
152.45	150.22
240.55	319.12
79.00	62.33
295.05	226.75
164.50	223.40
310.94	429.75
149.20	78.25
184.80	231.33
75.76	72.73
167.97	174.46
231.00	229.00
205.57	182.10
93.89	97.67
503.36	374.56
94.98	105.32
893.46	1509.25
324.50	326.67
135.76	168.27
175.86	239.50
26.52	49.67
205.33	229.00
4260.97	4612.18
212.62	250.00
112.73	109.34
566.50	841.00
176.65	211.30
158.26	165.70
43.50	48.13
134.60	94.96
42.91	18.37
251.12	285.20
233.50	188.56
258.33	248.87
412.65	375.34
119.42	90.40
103.46	112.42
557.92	528.80
54.17	49.72
159.30	195.33
244.69	242.21
123.19	132.43
407.55	428.50
1437.67	1693.00
754.75	1312.26
1497.00	2870.75
223.58	223.43
124.43	105.75
345.38	305.47
146.88	149.02
84.72	95.96
76.35	92.00
205.50	189.33
79.69	90.95
239.11	196.50
188.22	101.90
33.47	41.74
244.71	265.23
1392.57	612.67
5258.35	5227.42
124.02	129.82
103.17	90.95
144.36	91.18
281.07	290.12
106.35	38.76
423.33	394.67
57.55	26.77
215.14	275.00
239.78	327.00
257.88	108.00
305.29	355.00
191.85	240.50
2634.59	2857.32
192.33	188.00
143.36	143.87
279.42	494.30
101.30	51.93
221.52	404.31
246.67	255.00
147.15	223.32
249.80	435.00
283.89	368.00
239.27	287.13
283.43	301.67
224.15	299.00
80.75	68.45
89.04	105.06
94.65	30.43
125.86	174.98
289.12	278.00
126.91	113.76
101.50	126.61
115.54	81.32
173.71	162.00
190.23	199.18
177.44	173.83
160.58	140.34
427.40	335.50
449.00	560.75
500.00	522.00
94.38	99.99
738.45	1560.33
586.43	541.25
370.14	416.75
2747.39	5983.92
88.69	99.06
65.46	76.30
3767.92	5169.33
78.00	94.60
483.69	676.51
99.24	91.33
205.28	128.54
53.41	67.58
67.53	76.28
238.61	238.99
146.83	167.33
62.13	98.93
196.88	138.25
731.75	19.93
196.57	46.40
334.71	297.50
3448.66	3236.42
315.40	343.17
123.80	110.91
11.52	7.18
177.93	146.40
1341.31	741.27
7.78	7.26
313.31	267.44
209.29	186.00
141.48	98.63
181.14	233.75
180.89	229.40
128.19	138.90
55.87	66.50
221.85	243.45
208.45	201.71
352.52	447.65
964.50	255.22
142.88	130.20
496.10	443.57
607.75	378.00
49.85	34.00
504.45	780.79
308.00	308.35
283.15	72.33
661.30	644.75
180.86	83.67
1685.65	2783.00
697.40	732.92
539.83	411.00
110.65	131.00
1579.49	2458.78
189.58	208.00
94.57	108.67
84.65	99.63
66.54	73.13
89.89	88.20
186.29	183.64
260.08	280.80
936.14	1098.75
67.26	20.93
32.84	28.76
157.00	214.00
1136.97	2080.00
250.67	234.62
502.43	478.25
198.09	220.93
98.40	85.57
83.98	59.70
2276.92	2320.80
6766.12	8964.50
109.97	138.33
188.33	271.67
234.40	219.51
545.70	798.50
350.76	323.80
398.46	326.00
132.38	112.00
2776.11	2592.73
77.85	91.30
158.19	167.97
4176.38	6387.33
210.05	192.90
137.46	124.85
69.31	72.96
242.69	145.33
241.17	293.67
359.60	240.25
303.71	365.00
50.59	42.18
54.93	81.95
153.77	139.00
305.75	373.00
160.00	158.75
232.53	151.57
140.58	101.23
796.81	634.67
96.83	131.00
63.32	71.25
151.32	70.13
31.39	20.08
229.86	186.75
219.70	291.33
187.01	223.47
206.00	246.44
91.75	61.00
198.73	195.17
517.71	554.00
919.40	203.43
329.29	333.63
115.41	80.43
190.44	144.25
70.63	68.60
5580.29	8430.80
100.59	97.47
263.29	179.25
192.20	253.33
344.04	346.82
522.77	556.86
75.97	43.96
155.54	79.27
111.22	87.33
269.16	214.88
218.57	238.75
412.12	241.33
234.60	204.33
342.44	360.40
273.14	184.25
163.62	145.00
183.50	125.33
167.47	147.27
435.00	305.00
224.78	171.33
92.98	144.67
540.31	812.57
272.56	295.00
42.55	24.44
78.17	80.45
58.37	78.42
208.92	201.67
312.79	189.36
2151.12	1371.25
110.64	93.00
286.29	327.67
223.00	231.00
675.60	85.27
208.08	174.57
110.97	102.05
242.88	268.50
59.61	80.57
339.88	345.00
316.70	334.25
529.62	244.00
422.31	378.33
1314.56	1646.00
264.32	213.20
90.90	75.19
1235.40	1733.50
145.37	127.20
202.00	307.75
392.30	453.50
441.99	337.19
221.50	288.00
102.33	54.00
335.10	273.00
372.46	474.07
179.50	20.82
300.99	363.16
173.88	188.20
175.53	248.60
364.67	594.67
547.50	557.25
200.88	278.50
158.29	86.85
41.22	34.33
122.00	116.67
132.00	113.71
94.88	96.23
494.38	474.60
326.86	352.00
75.22	81.17
86.17	103.09
126.86	145.75
185.29	241.67
54.04	46.61
113.12	125.67
63.22	59.63
341.00	330.08
247.00	228.75
101.58	117.13
688.22	593.53
81.45	114.40
226.00	132.75
100.22	79.33
99.79	94.62
252.83	278.67
314.20	155.73
37.63	43.60
91.43	79.75
244.56	299.80
60.10	63.61
125.87	155.09
146.58	158.32
278.45	323.79
194.10	56.62
171.10	136.83
801.43	912.33
272.71	246.00
509.55	566.33
22.08	17.29
233.04	303.75
576.29	663.40
235.20	144.00
275.75	189.00
77.46	95.40
227.31	293.33
78.07	77.66
359.25	354.11
231.29	233.64
389.99	490.25
142.88	200.10
178.64	109.11
186.50	197.75
396.90	377.33
183.05	147.74
3515.50	5417.00
352.44	310.11
878.67	562.67
170.29	178.57
275.30	310.00
120.08	117.44
1108.31	184.22
178.84	177.00
62.73	66.95
67.81	75.50
102.21	100.75
635.00	458.67
293.72	337.36
49.38	47.69
197.12	203.50
140.75	155.67
155.93	156.77
38.58	33.57
42.83	12.30
225.25	305.00
391.83	512.00
208.33	152.00
384.29	127.25
136.83	174.67
237.27	306.60
273.25	247.75
230.54	207.50
336.90	343.29
199.90	207.80
129.13	116.00
132.61	141.36
158.57	100.50
68.85	93.60
484.00	881.67
260.14	332.75
188.26	191.38
84.07	104.98
418.38	542.20
113.57	118.16
65.81	90.99
215.97	151.38
257.77	143.47
230.43	142.25
79.84	97.22
251.05	260.53
243.32	252.83
56.09	34.97
175.97	177.46
551.00	386.86
121.88	135.67
108.33	125.33
97.60	115.33
237.00	207.50
21.75	14.84
172.17	58.00
364.80	308.10
133.88	129.21
302.36	293.89
428.43	434.33
304.43	346.25
164.28	159.47
96.25	94.02
154.16	147.00
121.28	151.30
112.66	136.96
668.41	748.31
543.90	460.67
221.33	218.00
553.81	618.22
148.41	171.63
47.64	59.88
527.63	340.86
122.70	138.40
84.73	66.10
885.53	835.33
210.50	230.33
332.44	409.33
314.38	343.00
270.21	250.32
53.14	96.35
251.82	273.25
157.57	149.14
1579.87	1118.40
131.75	113.99
200.57	200.67
248.66	287.73
1514.62	448.60
412.29	768.00
33.96	22.97
74.64	98.60
680.76	873.00
418.27	415.00
194.29	179.67
105.97	77.95
225.78	222.83
32.31	31.09
333.77	311.67
263.95	270.12
170.46	202.80
67.56	56.22
311.75	267.40
2590.06	3937.10
74.33	76.70
323.64	363.60
141.77	138.64
140.61	160.75
196.00	208.33
28.97	39.67
195.79	208.33
86.30	94.71
182.00	182.00
47.57	30.20
42.78	41.40
317.62	337.40
263.33	252.00
390.63	391.19
136.38	147.67
343.56	303.00
1005.62	864.77
392.62	175.00
47.70	54.93
65.25	65.93
128.80	79.20
255.15	102.30
491.50	408.20
144.14	143.25
54.85	45.01
195.48	164.55
747.09	672.00
908.62	768.75
5410.09	6214.62
1392.08	1594.50
137.74	141.18
10.17	11.10
68.78	61.13
202.53	171.25
390.04	478.07
120.70	117.75
233.25	291.33
418.34	393.64
177.17	185.67
237.83	245.29
192.18	128.25
89.03	61.66
239.64	253.00
194.33	229.60
141.64	140.75
114.00	49.00
95.63	105.88
52.70	97.30
101.97	77.33
95.24	102.03
69.57	58.18
516.94	612.25
747.83	1111.40
113.45	111.76
62.16	9.66
133.00	93.83
129.01	152.36
62.78	63.75
154.05	153.74
546.83	695.67
66.82	55.97
157.29	120.00
67.67	59.60
140.35	110.45
605.05	855.75
126.37	117.56
50.78	20.87
530.25	541.00
352.75	438.00
1510.14	957.60
93.71	92.00
949.09	1016.22
211.95	252.30
75.70	61.10
42.54	57.00
85.63	114.49
82.17	93.50
267.17	150.67
826.55	156.00
279.42	327.60
193.11	153.00
50.94	65.42
195.00	209.00
255.37	303.73
439.00	256.43
40.20	28.32
167.79	154.45
20.06	9.60
258.00	359.75
1813.00	3202.00
54.11	44.33
174.25	136.78
246.14	239.50
135.71	121.33
203.06	208.47
167.14	88.43
198.29	133.50
115.48	163.62
1443.24	2989.33
163.29	195.00
211.77	176.10
127.98	121.32
429.29	498.25
173.50	128.60
185.44	210.80
351.21	257.62
81.89	131.40
397.13	630.50
428.29	621.25
185.67	154.33
270.75	391.00
71.82	12.30
95.57	137.27
524.43	192.00
67.77	66.63
208.73	230.29
118.91	130.67
57.74	66.20
109.33	143.67
216.83	199.33
206.83	164.25
210.97	232.00
310.00	308.67
461.30	474.50
202.57	265.75
136.34	131.71
500.33	511.67
112.17	153.33
134.52	93.06
422.90	445.67
76.03	89.64
385.06	653.88
5.03	5.30
182.09	200.96
267.71	297.38
78.09	49.27
75.23	60.20
1497.75	2352.14
115.82	125.80
122.71	122.52
1852.89	2580.17
293.50	272.00
583.83	799.00
162.83	135.33
153.17	104.33
216.57	175.00
197.80	140.93
86.93	141.93
128.87	173.62
244.64	225.55
3749.61	106.12
80.27	66.00
308.00	396.50
118.34	187.33
211.99	204.67
186.33	263.00
313.13	244.00
160.56	180.67
112.18	117.97
161.83	332.67
351.95	311.17
181.50	164.67
206.86	188.67
631.67	505.00
298.67	263.80
215.10	192.43
40.43	21.67
294.28	287.00
47.38	77.66
128.90	49.00
245.80	96.94
228.43	181.67
219.22	432.67
336.69	362.17
155.25	168.50
163.50	198.33
66.24	52.60
281.65	279.42
297.68	325.20
96.45	123.42
297.74	272.11
180.89	200.25
1550.50	847.17
297.00	279.40
309.50	201.00
83.24	90.95
298.50	244.67
86.97	77.33
85.19	73.70
126.97	39.96
489.29	175.86
341.40	321.67
418.67	535.33
100.08	100.11
295.00	349.29
393.73	438.75
150.87	120.42
189.75	201.60
132.15	162.00
626.50	259.00
336.08	281.26
228.23	262.20
349.26	222.70
470.00	327.67
366.99	404.65
157.67	72.93
116.56	108.47
6059.57	4439.67
76.88	36.51
100.08	116.33
2078.33	3904.67
226.17	273.00
426.32	542.72
121.80	159.00
337.40	343.62
294.08	183.17
138.83	113.57
167.00	102.00
255.83	183.00
208.14	245.50
1125.00	94.67
615.00	621.33
507.14	562.00
161.89	110.11
48.90	11.64
132.54	115.33
166.33	172.00
169.04	202.22
276.23	307.88
84.62	82.95
432.10	352.60
251.43	366.00
104.65	125.15
99.21	114.21
179.17	128.00
291.42	289.33
196.50	212.20
560.10	651.42
134.98	145.33
320.33	330.82
163.92	154.67
193.33	188.33
248.00	228.00
242.32	263.14
879.67	1421.33
1017.83	518.67
2264.60	321.80
360.40	363.50
196.22	191.68
114.98	140.00
1938.00	1908.00
188.50	192.00
406.97	554.52
471.89	538.33
264.46	397.00
198.04	198.03
347.12	387.48
211.86	105.47
311.14	254.16
999.86	243.25
202.89	152.17
178.15	201.97
262.09	178.50
304.50	254.33
149.26	130.33
112.99	166.00
146.39	97.78
81.27	46.06
241.56	278.40
201.36	118.95
342.67	278.60
94.22	69.90
196.07	245.50
201.75	209.20
119.89	115.98
231.85	262.00
291.50	259.40
670.54	842.00
193.97	201.56
301.42	385.33
590.50	232.00
329.31	233.49
285.42	228.67
351.33	370.67
111.69	111.23
244.20	302.47
54.63	55.20
219.25	154.00
720.72	1042.05
377.23	294.29
198.06	175.00
528.83	366.33
11.14	9.84
178.66	187.43
192.21	27.64
204.32	191.52
374.00	361.20
105.19	121.19
102.66	128.97
242.67	326.00
2064.29	722.75
255.06	203.90
174.38	215.60
144.27	143.00
423.17	308.67
137.38	126.59
170.34	139.19
127.75	175.33
2809.17	3112.67
213.24	177.97
176.03	189.42
174.18	168.48
281.02	296.04
225.44	201.40
199.60	162.33
160.08	163.51
89.24	97.80
130.63	122.30
217.31	244.40
124.47	189.27
801.75	1176.60
152.50	115.75
6879.33	10279.50
426.43	528.25
109.62	178.27
240.67	297.33
194.12	59.20
340.36	330.00
84.50	126.41
181.20	229.00
366.10	368.43
122.15	150.97
233.50	261.83
265.56	287.83
149.78	126.00
298.47	241.71
97.58	28.17
161.83	176.93
365.36	422.40
125.27	135.33
139.75	156.84
139.00	157.50
171.08	160.30
47.26	37.45
189.01	199.64
140.67	149.50
37.70	34.40
161.54	217.99
174.88	199.75
307.24	338.09
171.93	187.00
160.18	182.50
147.35	122.40
97.22	93.00
274.57	145.33
120.05	118.13
75.70	82.75
160.93	234.15
309.43	202.75
1180.43	102.60
137.32	107.57
109.06	167.28
337.83	321.67
262.90	565.00
231.94	319.98
131.07	29.45
121.33	146.33
164.09	112.60
78.70	114.25
220.87	328.20
207.86	198.00
143.13	160.29
74.75	73.65
166.58	223.50
260.25	258.50
228.00	154.67
135.37	165.36
199.40	261.70
55260.59	423.57
271.30	283.25
236.01	411.00
381.50	309.50
262.20	231.52
472.64	423.00
144.22	129.00
268.57	186.00
243.33	244.17
203.76	313.33
233.56	341.00
280.88	403.00
392.06	502.84
250.53	181.95
63.26	71.00
76.84	35.47
300.84	321.18
40.09	54.52
422.00	266.33
157.33	190.00
204.68	284.00
547.17	828.33
151.92	174.56
172.63	288.33
193.71	198.10
428.81	533.11
418.67	557.44
104.33	86.67
1067.00	1345.67
1.94	3.08
77.27	79.12
187.96	180.40
317.98	228.33
89.52	107.43
168.01	144.73
228.23	253.75
78.28	63.55
127.83	126.60
91.76	87.63
120.01	128.51
141.82	132.30
197.11	211.50
158.11	173.45
411.40	644.17
90.50	165.33
546.58	1252.33
854.50	1100.80
1583.61	2958.75
240.24	262.37
379.30	416.89
781.56	1220.40
158.22	154.67
267.92	392.83
528.41	877.96
306.50	427.67
322.14	165.25
723.93	693.00
177.00	164.33
297.88	148.00
379.22	366.00
407.80	480.71
130.60	177.31
674.36	949.25
72.45	76.19
968.55	1519.93
422.40	526.50
115.94	107.54
143516.75	89120.50
204.32	196.97
588.67	843.67
357.00	345.00
239.73	345.98
74.36	115.97
173.70	158.33
363.26	423.89
77.12	100.58
1611.25	1924.40
203.20	245.14
127.22	118.33
124.25	111.80
235.67	241.33
2998.64	3172.50
423.64	439.36
217.22	180.40
293.99	276.48
153.44	119.72
57.90	74.65
6.76	2.80
276.14	263.25
91.10	66.56
89.82	86.63
154.40	114.00
219.33	265.75
214.61	177.54
197.05	174.20
1093.33	886.33
252.17	335.33
79.59	17.71
351.43	376.75
66.62	113.30
417.39	503.69
111.00	95.00
183.00	141.60
120.92	111.62
173.50	237.00
169.83	225.80
249.29	253.25
106.08	117.30
364.33	400.33
131.19	124.29
66.33	78.00
78.26	58.10
935.50	1951.00
634.00	846.00
189.67	162.00
274.91	69.42
342.18	545.87
208.36	288.00
106.31	37.97
165.28	180.36
131.33	145.00
234.73	205.15
169.42	197.00
134.20	113.32
418.50	377.17
156.78	171.00
60.89	33.62
107.00	102.75
241.43	231.27
273.42	310.00
260.80	221.93
343.49	384.40
133.86	184.00
402.22	615.60
51.84	55.75
338.25	370.00
77.71	164.60
486.23	940.20
12.54	17.40
243.25	233.14
402.23	327.83
690.40	773.00
98.67	98.67
179.94	187.91
200.25	209.25
255.25	84.33
184.12	122.40
531.79	460.14
141.69	148.22
332.00	313.25
350.76	342.78
177.26	182.00
84.07	83.00
32.57	49.50
286.82	324.33
291.10	288.80
72.52	65.25
215.87	209.76
335.54	124.17
1716.80	1923.00
145.55	111.71
251.22	256.20
112.89	156.80
163.74	165.00
655.50	387.00
209.46	213.67
190.88	230.56
332.67	355.64
128.00	148.00
586.44	661.73
352.99	335.73
163.66	145.99
78.19	77.32
521.00	471.23
135.68	124.80
238.58	258.04
188.94	198.79
401.53	412.29
348.00	370.50
194.38	186.00
92.00	90.68
47.53	41.15
213.86	210.75
174.74	169.67
69.33	84.67
193.40	186.42
286.40	243.75
127.67	87.67
82.04	89.97
165.04	192.62
470.29	632.67
156.14	154.00
196.58	237.67
118.87	60.93
108.12	81.70
125.69	142.88
146.57	131.33
277.50	341.20
471.67	438.67
136.86	126.00
273.33	169.43
801.72	714.89
341.80	451.51
888.27	1159.40
249.41	342.50
427.72	156.93
95.81	129.00
204.80	143.67
158.36	96.93
140.63	137.11
562.71	525.00
250.10	281.29
105.16	136.68
1306.38	1971.20
385.44	522.20
84.69	111.57
378.10	389.32
70.00	103.00
156.76	113.30
154.22	201.63
125.00	176.60
1014.30	172.25
103.84	117.31
391.14	328.33
240.00	285.33
595.62	900.37
288.29	331.65
37.03	25.44
164.82	185.97
168.54	121.32
9.00	8.62
216.50	251.00
1444.08	2100.62
322.99	205.12
287.20	58.10
809.33	634.14
515.33	386.67
1124.60	1826.31
145.43	146.25
520.32	1101.71
110.31	115.45
1599.89	450.83
40.62	36.90
92.46	100.75
505.71	650.80
177.80	25.40
224.12	214.60
167.89	184.54
192.00	188.33
57.50	78.67
164.25	146.33
679.84	599.35
189.31	175.68
317.50	342.50
1463.86	1042.07
217.57	208.50
264.40	334.75
51.14	58.09
4347.73	3114.67
417.86	569.50
53.17	43.84
213.71	249.66
188.41	133.22
43.78	56.56
91.11	103.00
214.29	243.50
197.74	229.40
341.87	608.33
288.88	377.60
341.12	400.75
257.71	213.00
64.31	81.23
89.98	105.74
150.17	184.67
370.07	424.67
75.65	85.28
1414.74	191.80
163.15	154.57
84.79	106.14
248.85	247.07
152.83	147.33
241.83	362.67
418.39	195.88
69.79	111.30
138.50	135.00
181.79	161.21
405.00	626.57
1038.64	303.20
197.17	165.67
55.63	80.99
340.50	397.33
332.29	537.67
683.29	451.25
255.45	338.41
532.14	823.25
89.11	123.64
258.80	299.00
164.55	195.16
221.21	261.13
95.30	81.29
100.90	143.67
139.62	176.44
225.17	222.67
610.38	884.33
131.83	145.12
273.68	304.58
64.64	64.68
213.39	275.67
1089.32	114.45
178.75	197.22
89.79	104.37
368.23	370.00
345.67	355.80
127.14	157.00
2169.91	5090.24
129.48	129.10
38.65	18.93
189.35	146.47
208.53	163.38
297.64	257.71
348.00	495.25
187.06	148.88
108.54	87.57
413.06	492.20
269.44	291.00
145.83	140.90
376.14	384.00
247.88	370.18
198.12	225.41
211.50	182.00
99.86	121.39
82.21	97.50
73.76	68.54
36.49	41.74
172.85	176.66
201.57	120.12
157.35	193.57
183.54	205.44
748.89	871.80
7647.33	8750.20
921.85	1205.60
409.38	380.20
108.10	164.67
408.42	394.62
406.88	436.00
255.00	381.00
251.54	132.45
94.17	116.31
289.29	301.00
151.86	220.25
120.46	127.57
174.00	145.67
110.81	62.40
219.68	184.42
347.38	371.53
228.09	376.00
335.41	179.56
414.83	284.00
905.21	1819.50
176.00	164.00
105.50	95.66
163.31	83.07
1017.65	943.30
71.60	66.50
289.71	363.50
222.43	164.67
265.23	79.65
274.29	348.50
429.55	313.25
246.00	237.00
222.46	311.65
264.38	244.20
269.84	249.31
502.71	988.33
206.56	234.43
2096.33	3165.00
44.29	51.08
25.03	25.42
193.23	187.44
141.94	72.52
480.24	595.16
775.44	592.10
96.32	86.67
215.12	188.60
177.88	258.00
287.79	308.19
833.18	81.80
267.67	201.62
227.98	208.20
183.22	217.75
255.69	168.65
42.83	69.25
55.69	49.57
1364.97	1900.04
155.50	69.80
440.10	451.50
235.99	286.25
81.05	98.80
169.31	173.38
174.06	141.35
208.76	233.73
463.14	178.75
116.54	44.20
92.89	105.20
264.44	46.07
236.97	291.97
821.45	863.88
158.11	175.89
123.75	175.00
326.43	283.00
307.17	407.00
1653.71	144.00
270.00	336.33
86.34	14.28
277.66	269.99
136.88	248.00
151.43	158.75
126.95	150.19
283.92	232.60
224.61	173.50
167.00	162.00
108.92	113.67
198.61	232.00
143.84	127.32
290.11	357.33
203.30	129.43
383.83	286.67
757.77	405.00
142.28	162.91
255.29	475.00
117.31	61.76
8741.45	5913.38
209.17	273.43
66.54	54.94
171.38	180.00
329.79	388.71
338.70	228.20
137.35	110.33
265.67	292.20
103.54	102.25
163.50	122.40
2682.33	5032.67
404.53	503.00
258.00	458.33
79.00	49.50
310.66	418.90
262.27	249.50
431.00	373.50
238.65	719.67
209.90	228.20
368.75	523.67
44.43	64.95
351.88	366.75
443.58	136.44
191.10	260.87
173.57	162.75
141.12	186.00
185.30	94.60
163.45	180.72
1341.73	1552.33
259.78	167.50
538.62	843.25
581.33	751.00
82.20	98.46
404.30	396.50
302.43	352.80
462.44	345.33
3226.70	6245.33
184.14	245.75
375.78	421.17
151.71	161.32
87.86	73.58
118.00	119.00
215.40	204.00
146.43	143.75
400.08	401.17
618.99	352.55
371.40	397.43
131.23	62.82
17.80	6.60
189.88	186.60
68.51	53.38
142.49	131.18
619.25	534.60
294.82	275.71
142.84	153.07
471.62	883.67
333.00	265.00
87.56	99.10
458.26	70.67
95.00	80.67
89.89	90.77
305.00	232.33
242.42	144.17
120.79	88.84
281.12	251.33
1188.15	1225.09
199.51	179.67
128.36	175.60
256.40	226.58
185.31	210.22
33.67	65.93
202.83	201.22
124.50	110.33
153.63	169.99
163.62	110.30
251.77	236.67
140.75	122.33
173.98	231.44
973.00	1338.67
218.73	160.57
110.21	91.75
161.43	71.67
176.94	187.81
67.41	51.73
204.37	201.33
71.81	84.67
2217.79	1079.00
310.62	399.00
137.50	134.00
423.08	531.88
425.65	457.54
88.93	99.60
141.43	161.56
320.00	606.33
381.37	171.22
85.43	110.25
356.43	182.25
176.25	150.00
721.67	851.67
24.79	38.74
59.12	58.96
297.44	281.28
167.68	321.33
155.72	170.78
217.78	152.67
377.80	323.40
222.76	113.97
262.03	295.53
292.50	224.00
74.21	55.24
984.86	1084.60
143.36	95.18
222.64	212.88
310.71	352.75
166.19	187.56
182.64	235.57
152.14	95.50
603.29	816.25
157.00	134.67
240.77	228.00
331.03	349.38
263.38	172.60
262.00	241.00
1151.62	160.97
49.03	49.30
37.24	43.27
4431.44	1477.83
466.29	268.67
124.94	135.08
127.08	160.25
3872.67	2812.67
102.36	85.80
179.47	146.14
193.21	174.60
206.76	269.50
153.19	147.58
310.38	268.00
2790.75	1713.50
261.35	205.25
337.25	224.40
2552.06	5677.81
265.81	219.08
640.29	504.00
177.46	179.72
154.29	90.50
166.00	152.80
383.38	318.00
793.80	530.75
239.36	163.17
138.63	81.97
209.37	351.50
142.86	222.00
48.28	68.93
114.50	176.33
393.24	414.50
321.50	308.00
117.50	109.20
21.05	23.48
522.75	495.50
35.47	34.19
172.48	128.13
82.94	91.67
586.69	767.43
177.56	174.70
400.14	423.50
1393.62	742.60
936.00	1250.00
164.62	199.58
289.00	142.00
256.50	282.00
117.56	107.20
407.23	372.00
411.70	442.43
5289.67	5280.67
3218.12	4635.00
322.71	370.74
797.09	694.00
299.40	184.67
153.40	131.15
349.62	258.33
171.38	190.33
94.58	99.50
198.10	203.43
63.23	81.72
154.13	128.63
198.36	108.97
232.07	320.80
1969.80	419.33
165.75	141.88
117.84	81.37
216.67	181.50
262.92	56.67
112.10	101.00
144.63	154.95
1310.50	546.50
16944.07	17809.55
413.44	504.33
1546.14	151.80
11.12	14.17
170.24	79.25
99.93	7.90
47.60	26.37
433.73	613.00
434.87	367.64
203.33	339.25
64.18	96.71
359.90	415.82
412.97	115.60
307.77	309.29
372.38	400.45
520.10	560.29
278.09	231.25
6850.34	6089.47
185.81	160.33
153.08	283.67
349.80	342.86
713.93	959.62
86.80	76.54
205.14	185.50
1359.89	228.60
325.50	145.33
110.62	138.33
275.67	344.60
226.46	207.89
182.10	72.57
109.90	93.48
203.57	247.67
166.23	96.17
413.88	414.40
168.68	120.65
2754.10	1691.53
151.02	176.75
220.83	224.53
936.74	1005.78
146.81	95.87
178.06	96.47
164.53	274.50
294.36	178.00
244.12	372.67
231.03	158.60
326.50	443.40
69.52	71.10
176.29	175.78
684.88	776.00
246.78	216.00
187.77	274.00
171.17	169.06
470.34	512.91
202.57	252.48
181.67	179.00
339.36	367.29
628.44	1083.50
134.78	148.00
254.71	313.25
279.43	247.56
190.00	230.33
237.86	246.75
293.84	350.65
863.22	81.33
3521.00	2586.33
142.50	142.57
150.11	121.60
106.20	94.83
146.20	151.36
215.93	216.28
322.09	442.33
363.50	393.67
200.24	159.22
129.08	146.19
154.09	159.14
1116.50	133.67
176.22	199.21
1300.00	2185.67
202.40	183.67
38.33	20.36
383.38	261.20
127.66	279.12
274.67	340.20
175.27	167.72
264.61	267.75
134.47	119.85
244.87	187.86
170.57	113.98
146.21	125.52
187.05	239.67
98.45	91.50
473.71	575.75
426.14	417.50
93.21	96.62
315.40	301.00
378.71	208.75
153.00	150.85
91.11	84.75
303.91	307.28
106.35	80.83
370.05	68.43
695.86	956.75
156.50	154.67
205.11	242.50
152.19	140.40
174.57	138.32
383.57	350.33
166.75	148.67
56.21	46.51
143.33	168.80
380.29	318.25
1188.80	1855.67
179.49	245.70
174.12	215.75
55.17	55.05
313.58	333.80
32.87	32.77
226.43	293.57
74.11	45.00
405.86	587.89
92.72	116.98
148.85	158.88
93.81	109.80
176.00	104.18
277.64	276.78
96.62	86.68
99.27	122.40
145.83	91.45
160.86	72.79
184.59	43.38
149.14	9.74
105.66	72.85
898.92	1157.00
91.96	34.53
252.50	156.60
1785.27	2787.42
208.50	230.67
2006.55	2417.67
83.50	56.78
229.38	192.67
164.20	179.20
224.56	176.60
49.73	89.75
59.83	36.67
152.42	155.47
840.27	104.67
712.50	897.80
220.10	169.33
384.67	449.67
1088.19	2343.83
219.00	263.50
378.71	586.00
231.87	251.80
204.56	268.00
97.71	91.74
144.86	144.75
304.00	267.00
222.19	274.29
108.49	84.22
298.62	128.53
249.17	187.00
222.27	518.67
218.07	352.25
158.76	129.50
345.22	141.11
307.91	347.56
181.43	236.67
396.14	320.25
140.78	188.50
186.33	202.00
141.88	192.50
174.13	72.25
153.22	151.00
231.22	193.67
456.43	474.00
116.79	101.78
170.22	168.83
91.76	107.98
8.44	9.40
118.03	103.48
233.94	249.50
389.51	396.40
240.42	107.58
105.71	105.33
157.37	210.71
52.60	86.55
118.17	157.00
408.11	464.40
159.27	147.14
170.45	206.00
490.50	694.33
173.69	269.50
131.60	98.39
185.68	178.70
19.80	13.42
242.69	258.56
5484.25	3238.33
152.64	44.68
183.19	168.28
816.22	1101.50
167.33	265.67
220.62	160.67
429.73	509.86
387.33	337.00
193.43	204.67
173.50	77.33
170.50	169.00
277.62	205.33
342.00	315.00
126.99	110.58
291.29	383.50
103.98	105.67
130.78	107.00
556.31	1098.50
123.14	152.50
252.84	212.63
542.58	578.80
171.00	204.67
139.12	152.96
79.37	104.20
368.70	445.00
63.12	82.00
221.55	182.83
197.68	139.69
723.27	223.17
122.62	210.75
207.00	239.20
446.50	569.62
328.09	328.17
400.83	510.40
116.84	183.97
244.50	165.00
404.57	359.00
1466.25	331.00
853.86	871.67
121.45	53.54
249.56	377.50
1515.62	1918.20
120.69	173.00
143.90	149.60
215.57	295.25
82.73	134.30
276.70	272.83
784.72	1243.20
175.19	161.80
283.78	182.20
170.57	105.50
151.23	142.60
5710.87	148.00
294.12	327.60
145.87	133.51
240.67	246.29
321.40	303.25
479.33	469.00
256.33	232.33
120.10	125.81
234.86	296.75
1322.76	3356.67
354.48	700.20
114.54	84.38
430.00	565.67
1721.60	291.17
263.62	278.67
187.50	191.86
128.99	119.00
107.44	171.75
336.28	537.21
247.44	271.31
449.57	237.33
121.00	107.60
285.49	119.83
155.00	98.00
249.50	289.29
272.00	334.75
188.97	82.27
124.41	89.72
232.65	280.70
47.50	59.20
139.92	169.00
97.72	114.20
117.40	141.20
507.62	248.60
104.53	101.37
281.98	320.70
42.49	48.93
460.37	633.75
128.92	141.17
1032.22	869.50
23.11	12.53
176.44	182.09
167.67	174.03
184.45	202.86
77.42	128.00
101.09	141.22
82.26	71.97
338.19	381.33
557.31	629.69
153.99	233.33
96.37	97.75
619.48	571.95
206.98	192.20
172.71	122.22
215.54	232.62
56.81	83.72
192.14	300.25
326.08	280.67
337.73	328.92
129.26	37.85
314.42	337.67
252.73	212.14
136.40	112.82
262.42	353.67
69.33	60.40
67.75	67.95
122.82	86.50
148.36	96.25
118.12	97.60
62.79	55.33
58.47	60.86
451.67	580.20
91.93	153.00
298.75	153.33
255.94	269.83
95.56	126.40
330.00	264.50
1287.00	1656.12
69.82	57.24
3982.25	7517.20
102.26	113.62
130.76	151.30
156.96	369.89
45.06	32.29
96.70	102.93
834.92	246.28
148.53	154.13
211.00	81.67
143.45	153.50
624.00	118.33
389.90	500.67
149.11	189.33
252.71	150.00
245.55	255.75
530.77	338.21
240.00	134.33
498.97	628.67
144.00	116.33
161.46	247.85
204.39	213.82
203.97	124.60
142.99	125.32
273.65	194.33
168.00	79.33
325.01	194.26
297.01	283.90
179.14	267.67
38.44	77.67
233.71	170.50
149.40	165.86
548.50	184.60
314.20	305.25
407.79	397.43
211.33	229.80
97.48	93.67
238.33	288.33
293.30	283.27
212.89	219.80
98.13	59.45
203.14	196.67
533.42	701.33
334.00	295.00
174.14	175.00
108.59	89.94
196.86	163.50
167.09	134.33
148.56	100.07
247.40	290.30
116.88	119.60
178.96	163.36
54.39	30.72
345.29	311.25
2111.14	225.50
268.73	276.60
133.48	170.00
246.92	217.00
383.43	318.00
192.86	189.00
2962.75	156.40
620.00	961.25
127.31	121.66
316.44	246.74
150.07	195.00
127.57	127.00
134.22	143.00
3470.33	5832.33
186.40	93.69
315.29	498.48
180.75	149.33
252.92	150.71
57.35	31.99
103.55	112.75
265.89	325.86
80.50	115.70
260.21	230.50
6.21	2.67
265.00	405.17
265.52	248.34
177.15	145.11
214.00	188.33
272.71	183.00
321.47	77.60
66.48	64.95
292.43	228.25
155.98	141.43
145.56	86.46
292.60	285.67
115.92	226.33
134.10	211.60
207.72	108.30
475.24	642.06
1059.57	166.00
127.88	127.15
1720.27	3595.00
162.11	137.22
56.79	61.98
371.51	398.67
86.90	91.56
284.12	246.00
291.10	173.80
477.33	308.00
147.45	149.50
178.91	162.60
117.30	95.08
259.83	198.67
340.95	377.92
550.40	636.00
689.19	336.01
100.60	69.60
292.00	228.33
329.14	161.11
2841.86	2699.00
141.00	149.33
2648.32	5814.12
68.07	73.47
61.24	74.40
546.86	479.33
161.81	22.90
228.00	245.00
101.29	111.00
228.84	243.66
136.98	162.95
481.81	69.38
134.00	140.00
168.20	264.67
83.25	59.44
3934.77	5060.50
110.67	115.00
42.25	50.08
58.49	79.42
563.95	340.25
184.22	124.32
94.44	75.33
162.35	164.25
403.82	416.19
225.36	233.33
162.55	231.93
185.66	170.48
361.53	470.00
154.39	147.10
66.70	51.03
2626.99	3207.23
315.93	391.49
168.97	196.86
1622.26	993.12
2745.21	3057.00
194.71	234.50
1662.29	2283.84
51.22	46.19
227.33	164.00
385.78	387.75
154.30	190.00
120.67	110.81
3594.57	114.50
1904.86	205.50
183.62	180.60
357.09	354.50
287.43	319.00
906.65	879.87
253.38	178.67
382.36	524.60
308.39	298.18
132.69	160.50
699.67	840.83
254.33	163.80
311.45	359.64
22.11	12.69
215.33	254.20
954.56	346.40
330.90	265.25
349.00	313.00
389.89	586.25
291.89	210.50
320.14	202.75
373.50	374.67
4970.57	5274.80
81.38	42.94
78.96	40.80
391.12	487.20
2503.49	69.88
463.43	366.00
78.78	56.84
159.88	156.83
219.45	213.67
163.68	173.59
244.33	295.00
86.20	73.50
376.46	257.80
100.75	77.00
644.82	439.33
226.00	247.00
107.00	98.00
112.56	119.83
190.83	242.67
146.11	166.00
130.97	91.70
899.83	1501.00
277.25	164.33
264.95	247.62
167.88	42.40
192.86	262.00
76.33	65.84
154.67	120.75
693.18	2006.00
180.01	197.60
81.05	181.17
132.72	143.95
286.47	211.57
242.57	305.50
276.22	244.60
325.92	225.50
229.33	238.17
392.11	477.00
175.44	171.20
229.42	363.00
330.14	298.67
301.08	313.33
94.03	47.30
551.17	599.50
242.12	368.25
1217.94	1470.00
17.32	1.50
166.80	47.88
437.30	475.86
325.89	43.67
168.12	210.00
405.56	387.73
180.89	175.50
75.34	51.21
49.00	60.99
557.52	401.67
301.75	320.00
125.24	82.40
393.70	562.33
151.68	201.86
242.71	166.33
292.22	252.00
154.78	123.02
43.07	37.80
176.86	94.97
778.94	911.50
25.50	7.46
199.86	241.33
90.37	75.60
69.57	75.75
747.25	1018.50
149.40	145.57
148.45	183.65
88.35	37.86
98.89	105.11
809.00	1356.67
483.12	418.25
95.14	203.12
229.64	227.12
974.37	1821.96
583.89	774.67
443.25	414.00
101.08	2.93
286.10	285.14
440.38	427.67
327.95	445.83
42.00	34.67
162.25	172.60
365.43	433.25
242.29	370.67
528.73	670.97
496.82	410.88
220.78	69.33
86.81	73.74
83.33	91.00
211.43	112.00
78.66	54.15
286.00	212.67
265.33	214.00
159.17	219.00
192.57	218.00
324.29	261.75
486.00	577.67
484.92	473.32
236.83	253.33
1919.53	1959.33
62.29	25.35
648.47	928.25
247.89	288.67
385.00	525.42
270.00	142.40
297.83	227.33
256.38	342.50
202.70	100.97
281.26	352.62
193.67	220.60
140.61	58.00
411.62	705.25
372.57	283.47
165.98	213.50
134.75	109.67
177.33	135.33
138.00	117.40
176.29	180.86
485.48	631.69
85.68	87.67
48.23	70.93
239.91	105.10
530.59	812.34
538.64	617.76
156.00	202.67
100.67	82.11
343.17	520.67
213.43	255.50
198.62	250.89
116.94	142.96
768.25	273.57
1446.16	124.17
381.17	528.00
170.07	194.62
43.62	62.83
128.71	107.90
143.67	178.67
1326.82	2264.67
163.93	164.57
155.50	154.00
184.79	175.62
516.90	673.80
439.32	693.00
529.86	282.75
73.67	67.67
63.03	64.60
675.33	607.86
287.57	311.67
56.41	42.34
213.70	192.80
179.06	199.50
277.38	231.44
388.18	464.67
160.14	222.00
235.54	121.30
133.60	137.83
13.92	16.01
156.00	165.50
188.97	184.67
216.52	287.38
235.00	255.00
128.93	132.39
215.56	203.50
1402.85	99.30
143.89	114.56
125.54	83.27
226.50	162.50
174.50	111.75
189.83	179.67
191.12	265.33
93.49	65.90
508.40	666.83
185.22	234.95
339.25	320.20
146.43	194.00
216.71	208.06
292.11	297.36
276.83	371.90
134.67	91.33
150.03	97.40
151.56	155.40
428.00	352.75
211.81	174.86
242.93	208.35
169.38	225.82
448.72	422.58
183.04	36.67
175.14	211.75
50.37	60.53
105.33	105.33
227.71	265.00
433.00	305.83
280.85	257.36
314.25	257.33
93.94	89.20
360.86	592.23
229.75	415.00
82.10	78.88
68.77	55.88
239.21	353.20
280.50	356.20
198.12	220.20
299.60	367.67
261.43	259.70
355.61	452.40
449.11	734.39
133.28	93.33
44.02	35.20
39.46	41.93
360.67	329.67
124.70	137.67
598.00	605.00
83.89	51.30
208.68	98.81
619.71	732.00
201.47	151.60
97.31	98.25
35.45	44.69
306.78	291.33
292.09	302.43
285.97	570.33
409.20	345.40
337.67	331.00
222.06	305.71
601.56	492.20
164.96	158.66
55.57	48.50
57.13	56.90
62.14	78.00
250.89	243.62
241.86	292.67
247.35	232.78
189.61	214.43
94.97	102.80
198.60	220.80
7.88	7.97
208.37	194.67
189.14	199.91
93.13	100.33
384.34	543.60
164.17	221.33
112.57	108.75
149.89	128.00
98.75	55.78
59.18	48.48
4603.55	7451.28
48.09	50.53
415.17	372.33
1388.35	2153.75
189.83	161.33
102.61	87.78
87.28	88.63
118.33	119.00
134.00	156.00
325.03	19.10
262.06	194.78
124.00	131.00
200.20	119.71
38.72	31.56
279.67	175.33
149.02	104.86
620.80	1449.50
213.33	169.60
514.00	573.50
139.18	89.26
213.67	227.83
4731.82	1512.67
111.00	88.75
465.16	793.60
379.86	498.75
166.50	151.00
91.00	113.25
142.37	212.67
59.59	57.67
78.37	99.95
86.16	127.12
167.08	180.56
222.25	211.45
431.83	158.33
103.66	119.97
22.20	32.17
138.74	79.30
158.67	70.78
313.94	318.97
268.25	314.80
145.97	209.33
225.56	308.17
211.50	50.67
127.73	132.34
340.47	276.89
223.76	258.00
185.69	193.10
198.75	172.50
59.96	67.19
212.67	221.00
42.68	44.27
397.22	498.67
241.83	113.33
253.74	216.19
291.20	263.25
172.23	134.09
182.29	157.60
117.31	152.00
353.83	320.33
150.64	127.41
119.43	148.67
323.62	245.40
415.57	535.93
266.67	198.00
352.00	351.33
414.33	738.93
95.33	113.00
213.82	245.14
238.17	130.70
342.20	378.00
229.62	300.40
329.23	409.00
790.97	95.33
589.26	539.60
108.77	131.77
74.13	27.27
236.13	265.85
246.00	227.80
210.97	61.60
84.30	102.67
990.56	335.67
208.69	88.95
44.55	42.22
158.15	209.50
85.63	101.54
75.53	83.32
678.30	286.57
216.55	176.00
246.41	164.72
450.40	275.83
209.83	245.00
154.62	136.00
782.98	1317.84
302.43	215.00
73.08	80.12
424.50	520.33
169.16	235.50
77.64	78.86
313.33	152.00
198.89	179.80
1223.11	287.20
306.85	320.47
208.67	173.33
322.00	396.80
402.00	341.33
141.68	94.19
86.27	120.30
248.67	329.00
277.00	313.00
106.07	156.75
106.62	100.00
460.17	343.62
10401.39	15339.12
189.69	189.49
461.67	654.33
220.00	204.50
413.10	787.33
146.85	95.75
241.35	227.86
144.28	122.33
278.21	324.18
137.00	167.80
143.77	151.78
240.67	275.67
188.38	233.50
231.97	216.83
124.90	130.00
293.41	648.33
227.33	185.00
158.13	125.22
117.83	223.67
165.87	206.41
7694.49	141.18
295.82	211.25
79.63	92.62
107.43	106.00
231.14	104.54
1625.50	156.00
113.10	93.50
194.12	193.00
634.88	575.50
289.97	100.93
267.00	251.67
144.85	160.10
163.33	218.00
717.92	387.71
302.30	138.07
95.17	127.00
2492.00	4262.33
139.10	134.14
112.25	172.67
313.99	271.58
181.88	233.60
242.78	286.50
449.15	530.60
259.57	331.67
171.23	87.00
65.35	66.03
356.14	231.75
156.00	210.33
101.03	79.60
265.50	313.67
173.00	197.00
56.65	87.69
1243.87	202.67
310.95	345.38
190.20	213.43
2926.04	5221.40
302.33	408.67
968.11	135.27
198.38	215.25
115.49	134.53
683.33	148.60
157.49	133.99
139.76	161.22
199.61	233.60
119.42	93.17
59.44	41.92
235.55	222.37
162.50	191.83
190.12	103.17
128.08	122.80
181.83	238.67
234.14	179.50
39.12	25.28
259.26	120.77
62.67	43.41
153.71	183.25
170.22	135.99
127.10	209.75
101.49	125.00
1660.22	211.00
185.11	188.75
36.97	36.42
354.00	304.67
145.08	141.90
108.19	115.69
191.56	250.00
1663.57	526.50
125.56	130.74
445.07	488.50
689.86	1669.67
227.74	240.72
153.07	104.32
267.91	116.33
155.38	202.05
395.24	524.00
496.83	571.67
89.86	85.19
235.75	260.67
547.00	384.00
37.66	20.50
410.85	56.37
345.17	256.00
37.60	38.34
111.83	91.33
323.30	211.27
107.32	77.63
42.53	28.40
350.25	435.75
101.13	107.85
168.06	150.19
135.97	116.38
170.62	195.27
46.74	59.72
5.00	4.00
109.47	224.25
112.00	118.33
191.63	154.43
334.00	76.33
206.14	161.33
124.06	125.93
729.33	890.75
136.51	195.60
85.42	87.90
279.28	232.15
451.69	675.33
196.38	147.33
142.33	125.80
788.08	1062.05
119.12	144.30
831.78	741.80
1091.73	126.66
69.24	75.74
951.92	213.33
91.54	130.67
294.06	305.94
92.65	97.64
295.62	782.33
107.00	120.75
109.84	31.93
71.50	69.40
193.67	179.00
353.11	462.00
63.09	66.30
95.37	94.06
92.84	78.92
106.29	98.97
53.66	45.20
37.33	33.86
320.67	382.00
158.12	164.63
433.86	722.50
59.90	105.70
297.56	336.00
37.68	40.69
56.58	67.19
97.24	35.57
162.08	272.75
78.34	44.10
196.65	188.22
87.30	91.33
256.86	204.00
283.62	421.50
62.99	68.12
167.91	161.25
56.26	54.48
219.00	259.33
800.83	1420.00
287.89	473.50
110.97	112.67
295.16	214.17
150.00	146.33
147.44	199.50
375.71	428.25
199.24	134.70
1164.97	1025.96
130.70	180.00
137.89	143.22
86.18	40.92
211.52	185.62
242.05	226.21
404.11	338.75
222.20	250.07
231.67	214.33
526.29	945.33
211.00	156.00
660.57	171.33
360.83	448.17
71.52	67.45
458.67	439.00
924.23	160.10
792.86	855.00
356.31	423.25
2332.16	94.22
366.83	400.06
139.92	173.50
1000.49	140.47
48.01	50.81
94.37	61.87
61.91	59.08
271.25	673.60
213.69	123.33
202.00	109.50
100.16	111.44
154.60	201.00
215.29	243.25
616.38	590.25
133.43	153.60
94.87	41.20
1342.92	2275.50
66.04	75.33
112.02	109.13
120.29	112.33
557.52	364.00
72.56	55.23
1357.22	3485.33
152.44	161.50
344.83	251.33
151.67	98.30
54.98	28.95
448.22	590.92
270.86	309.25
554.17	710.67
200.22	268.67
419.67	454.67
2295.58	660.82
292.42	279.49
167.70	393.60
27.15	21.09
208.35	235.75
996.66	62.84
181.75	78.40
214.57	313.32
177.57	187.00
237.26	221.55
197.67	194.00
990.90	495.68
57.77	84.68
54.75	49.50
147.38	114.36
168.88	204.50
1002.33	592.33
115.30	65.65
530.02	784.00
357.71	510.33
240.20	259.67
371.00	297.00
772.66	2689.12
67.83	43.33
380.40	354.40
161.25	180.75
206.07	146.17
160.11	206.94
236.51	231.75
81.40	68.70
238.54	238.69
243.25	245.40
265.17	375.33
319.79	427.48
207.69	243.11
105.76	106.94
128.00	166.00
29.27	27.49
129.14	115.48
32.38	19.78
26.60	32.98
233.24	271.58
584.00	639.67
302.83	280.67
318.64	283.60
158.83	174.41
228.00	237.83
416.50	268.54
39.61	43.80
12241.19	447.10
537.13	816.40
67.20	72.33
159.11	204.25
217.01	244.60
115.25	119.40
94.47	66.72
308.84	183.97
127.04	163.31
261.17	224.00
57.10	62.60
174.72	170.45
114.69	136.50
58.13	44.93
283.37	50.53
458.25	642.75
910.12	838.64
210.27	289.00
2450.00	2783.33
91.78	64.29
242.38	146.80
359.33	412.00
156.76	131.21
196.07	82.16
4633.71	7686.67
173.96	125.13
47.09	34.42
172.83	267.00
64.62	65.54
424.78	435.17
423.00	538.14
265.82	350.00
461.31	330.33
95.67	103.00
66.47	75.97
218.75	236.20
266.29	265.67
637.14	746.00
139.19	160.90
239.64	267.12
175.89	143.72
240.14	154.00
2588.29	1756.00
69.88	50.83
1231.17	879.00
395.88	318.60
239.32	264.58
147.29	174.50
3.82	1.10
193.38	158.60
10.56	7.76
202.22	351.33
321.62	233.56
84.96	100.87
133.17	102.00
163.70	146.60
297.33	387.75
219.08	260.88
278.61	163.25
233.59	258.47
127.73	94.25
48.40	46.67
159.29	108.25
255.25	323.00
273.15	263.98
85.33	78.67
53.51	28.47
373.26	282.20
262.10	349.33
362.86	390.75
225.50	342.40
167.08	248.80
2527.10	4026.50
294.83	308.15
129.00	131.75
52.27	64.58
443.60	255.67
104.71	135.67
193.20	166.52
129.10	156.32
270.65	244.22
152.83	126.95
421.83	252.33
716.55	882.75
144.36	102.67
100.24	111.49
168.72	128.47
346.25	285.33
295.89	191.00
235.00	190.00
256.07	289.92
126.89	59.18
120.77	176.83
138.18	151.97
299.45	242.28
66.23	66.47
256.02	350.27
93.79	63.98
281.83	258.33
79.83	71.50
694.03	290.50
4222.67	6429.33
167.14	211.67
171.77	143.40
206.71	220.50
139.89	150.41
724.12	337.00
40.64	37.04
1677.61	765.83
135.57	116.36
60.59	56.67
149.77	94.71
124.04	102.38
224.98	196.25
499.71	438.33
430.20	478.43
60.07	36.46
147.67	138.75
235.82	279.80
304.36	193.41
193.73	223.83
45.01	47.83
1800.50	421.00
309.05	348.50
155.00	154.33
124.58	106.63
95.62	84.90
320.57	290.50
1777.00	519.75
103.63	85.50
470.21	445.43
251.00	226.25
299.60	280.80
191.67	125.00
223.42	108.17
529.50	419.22
479.00	598.20
1735.67	2852.33
314.57	429.00
608.83	809.33
412.91	524.00
49.06	57.75
189.57	188.67
379.73	427.17
165.69	171.07
171.04	225.12
180.75	130.81
259.25	193.40
171.60	214.22
56.60	49.85
481.14	386.25
6037.29	20188.50
86.93	76.67
181.71	199.08
46.09	58.93
132.80	121.60
152.28	232.55
77.03	61.97
205.56	166.80
54.65	12.30
111.20	185.75
153.27	127.08
223.69	225.70
320.44	98.22
339.33	403.00
631.78	423.00
252.78	178.83
443.41	702.50
361.23	284.60
143.57	154.00
293.39	186.44
313.83	355.00
457.43	1001.58
205.33	163.60
246.52	318.00
769.00	971.50
67.50	82.20
118.83	214.40
291.14	90.50
41.23	41.16
111.43	99.00
501.00	498.14
192.00	168.67
127.88	119.50
257.67	150.75
18.76	19.81
89.03	172.23
372.88	136.67
554.29	171.33
315.14	294.75
160.65	127.97
350.88	598.25
272.40	259.75
115.82	114.00
410.57	482.00
212.78	225.89
135.29	154.50
74.97	141.17
136.44	111.25
108.90	122.86
245.17	311.00
173.39	137.93
353.18	140.67
714.12	318.67
243.58	304.95
230.14	270.67
223.58	289.57
403.50	427.00
153.72	160.06
313.45	204.77
111.11	104.50
183.81	226.00
293.00	281.17
169.40	139.38
104.10	120.00
197.79	180.00
411.17	357.67
132.28	108.65
144.17	133.33
62.33	50.52
230.48	222.30
199.50	194.80
66.72	50.95
208.29	204.67
692.25	507.00
133.10	163.33
168.05	283.80
1133.10	956.64
159.35	218.33
3782.42	4539.83
194.12	228.20
107.00	79.00
291.12	316.00
208.67	140.17
542.70	342.17
171.33	158.00
187.38	88.20
73.47	101.70
171.75	190.67
571.86	505.50
48.31	17.32
117.56	121.40
106.40	64.14
102.44	138.97
105.56	107.38
216.25	192.28
101.91	65.00
309.50	244.00
232.75	250.33
151.97	106.70
136.92	55.52
137.62	23.60
173.22	145.04
394.17	581.67
130.40	108.08
552.25	144.33
489.83	405.00
52.59	27.08
168.71	145.25
918.55	688.00
106.87	83.73
509.29	577.50
547.67	444.00
644.75	1055.33
501.14	666.44
146.60	129.20
170.54	70.95
426.32	555.30
108.29	122.98
257.60	285.00
129.75	145.81
72.04	56.50
367.57	274.00
91.67	101.00
49.47	33.15
658.50	454.00
53.83	86.67
78.75	79.75
1621.83	3039.67
158.00	87.50
128.78	150.00
176.71	174.00
180.86	171.25
154.28	164.14
94.91	74.90
272.00	195.33
66.59	26.88
210.80	76.00
308.80	261.33
377.38	240.40
92.22	104.25
182.00	115.00
187.33	190.67
179.81	147.18
1718.77	2844.65
220.44	200.00
101.00	124.00
989.58	1571.76
817.73	366.25
96.88	139.60
306.33	284.67
164.00	146.20
152.59	250.70
48.82	44.17
374.85	488.75
1559.75	482.67
480.33	378.33
288.47	483.00
257.83	202.67
170.12	133.80
323.41	263.33
45.83	52.00
140.27	204.87
7.37	3.42
231.50	152.40
612.44	516.00
153.73	224.40
182.12	185.67
124.44	131.40
389.27	420.62
240.29	295.00
341.43	285.00
110.80	103.24
292.40	379.52
13.69	2.05
210.92	236.14
133.83	175.67
117.28	88.25
134.88	129.49
98.39	101.69
76.24	59.68
154.86	81.33
92.82	115.50
423.56	278.75
3240.43	5261.25
304.67	174.67
298.71	433.75
122.04	152.15
2453.51	66.10
388.83	437.67
177.88	230.00
188.75	169.20
53.61	25.47
597.50	467.00
167.43	180.33
223.63	134.27
187.57	285.00
47.30	83.00
42.22	35.10
243.82	265.17
296.85	203.36
207.70	195.97
205.16	176.67
726.82	625.10
207.55	76.17
235.96	178.93
183.86	181.00
120.78	117.08
66.77	51.12
218.57	165.33
3.40	5.12
345.57	466.25
47.83	36.70
112.71	115.33
108.23	130.83
269.36	125.25
268.84	260.16
146.89	142.00
2185.74	2679.27
288.00	208.25
134.36	137.75
138.92	146.14
23.22	22.62
30.20	36.28
757.91	633.75
278.00	262.40
283.82	375.60
210.18	159.86
56.08	58.54
142.63	151.88
155.29	170.50
312.38	235.33
796.50	934.80
318.33	292.00
94.45	44.23
145.40	99.05
259.25	107.00
412.99	111.97
235.18	238.24
135.25	148.00
275.68	348.57
118.48	143.10
157.56	141.75
24.75	50.19
149.22	168.00
24.83	14.57
65.53	78.50
368.64	376.83
545.88	321.73
262.71	371.67
127.40	177.00
229.31	226.95
230.33	207.50
142.50	117.67
327.00	414.60
172.70	168.28
212.00	216.60
230.45	81.57
116.85	187.67
425.90	178.32
326.33	213.65
277.05	216.33
539.17	489.00
149.13	193.88
195.11	247.75
405.00	430.50
256.12	112.50
464.40	289.17
1015.08	3067.00
398.78	806.40
135.17	115.00
178.11	130.83
303.02	346.00
471.33	276.67
144.92	168.00
330.50	335.38
146.81	100.47
139.27	138.90
286.87	438.67
142.97	180.33
180.00	121.33
338.00	428.00
160.56	172.80
71.05	54.48
392.57	452.33
129.25	82.00
69.21	58.67
57.20	75.71
254.62	201.28
202.48	42.40
24.35	42.93
212.25	220.60
251.73	323.86
165.57	158.67
229.61	216.98
140.58	181.17
122.09	65.40
311.10	168.33
122.84	98.07
90.14	98.66
132.30	142.34
351.25	475.75
225.57	84.99
161.95	138.87
331.80	260.57
209.80	83.80
163.06	169.34
2487.35	1550.25
167.12	148.75
289.57	383.00
199.38	193.80
76.25	87.33
96.07	202.66
105.03	92.50
78.33	111.67
206.15	172.33
232.20	265.25
98.74	76.12
230.63	110.80
306.00	170.40
127.15	51.57
291.69	558.01
114.70	157.20
98.87	111.50
229.08	234.10
540.83	555.00
251.00	227.67
160.38	132.00
64.26	73.58
447.29	886.40
223.21	272.73
364.15	196.10
207.55	159.33
475.67	413.00
2265.84	3832.00
647.14	560.00
393.20	253.83
169.74	166.18
5406.34	4920.21
234.00	241.60
189.52	210.96
915.38	762.00
108.61	65.63
170.25	107.75
84.29	91.25
237.62	254.09
205.88	226.40
51.67	62.45
52.96	23.54
167.60	295.00
255.92	319.67
259.62	236.40
207.47	189.45
70.99	84.63
652.38	741.20
118.52	59.28
206.80	193.00
154.54	144.44
62.81	101.63
113.43	107.00
180.29	221.67
157.86	138.33
96.00	48.99
13.66	22.34
122.56	101.30
100.10	103.00
2807.94	2881.83
68.11	162.19
151.92	155.67
261.22	319.33
141.13	144.68
87.51	56.32
154.57	124.50
462.88	648.25
176.50	202.00
365.58	371.92
134.83	159.00
79.94	97.67
467.33	404.00
264.00	424.33
78.55	95.33
107.44	79.05
121.50	198.67
4230.88	3794.75
186.00	155.33
42.00	45.85
174.38	234.00
100.55	81.24
168.64	179.09
331.47	279.56
396.59	391.60
401.78	513.25
84.14	61.10
433.62	447.25
2496.65	261.33
221.45	281.33
181.18	175.88
182.50	242.00
74.71	97.99
223.38	141.00
322.17	267.27
5.20	5.60
214.69	249.67
125.20	113.17
833.00	373.25
155.78	112.63
225.89	213.30
115.62	78.33
323.43	364.55
375.09	240.00
193.96	194.80
11406.50	22264.67
85.19	70.01
278.25	209.60
120.27	128.97
815.12	1096.80
738.70	278.58
221.21	218.50
167.90	194.41
105.90	121.00
161.62	191.00
75.40	74.95
122.65	177.33
114.18	131.65
112.89	110.25
601.24	132.30
243.33	264.00
94.15	99.73
165.52	150.72
293.50	195.33
215.32	232.30
203.48	262.00
188.22	191.33
312.60	218.80
213.59	318.33
189.30	244.66
115.86	133.50
140.93	64.00
135.18	222.08
265.09	259.00
117.82	56.39
597.17	719.00
507.86	350.33
433.00	474.62
290.69	326.00
233.50	258.33
110.32	135.00
103.48	55.63
151.00	188.33
145.83	110.13
188.61	212.48
163.45	196.25
504.45	557.14
165.85	241.29
76.62	80.00
287.35	316.67
147.66	267.67
242.81	140.96
174.83	184.67
601.69	525.33
205.57	238.75
907.02	1332.97
256.46	230.00
86.00	97.00
214.87	228.89
220.62	100.33
930.00	885.00
443.59	843.67
280.18	236.42
167.54	176.44
264.67	99.00
79.00	61.93
442.00	453.33
155.24	105.75
74.35	107.70
248.50	405.33
170.17	179.00
28.13	28.82
213.67	218.33
187.22	173.50
179.33	154.33
192.06	221.60
545.12	542.00
197.70	172.50
121.64	157.25
114.05	85.61
37.85	15.82
145.50	189.00
126.26	134.69
87.66	106.58
209.35	239.89
188.09	176.20
103.73	80.40
286.86	321.48
78.78	122.83
183.75	306.50
116.56	120.25
182.37	206.00
578.50	401.67
45.59	69.67
61.23	48.94
308.41	237.75
105.77	76.47
242.52	296.51
176.50	157.67
94.31	99.63
81.92	69.08
282.48	330.30
172.62	187.20
523.81	1046.95
267.62	151.33
129.83	131.67
181.34	150.76
50.67	35.13
172.97	97.60
99.86	104.25
119.97	55.93
105.61	129.51
195.00	236.25
346.44	583.00
368.25	558.00
220.38	237.56
421.25	250.80
139.82	106.27
331.17	585.22
111.64	102.99
153.40	152.98
235.67	254.00
186.10	256.36
146.37	240.99
151.71	122.75
254.56	295.00
167.42	398.67
179.25	157.33
214.67	101.00
226.50	204.33
578.33	833.00
368.00	346.25
235.33	272.33
184.19	218.45
29.08	25.46
179.71	245.33
333.58	222.62
94.00	103.12
157.89	96.25
342.83	349.67
61.31	46.86
440.03	52.06
98.49	74.58
106.31	71.38
206.49	194.14
368.20	110.85
316.93	348.22
269.98	71.63
341.18	531.62
269.00	243.20
274.71	232.00
140.93	154.00
259.56	225.75
413.37	404.27
219.17	140.00
63.37	10.07
143.40	128.67
364.45	418.11
196.52	238.87
235.58	227.86
109.74	113.75
96.66	123.19
181.40	128.97
169.67	130.67
311.38	283.40
251.61	265.33
161.54	91.93
66.18	43.97
618.91	835.14
106.68	129.13
161.88	131.75
1136.58	1279.56
815.25	1376.33
122.35	119.20
290.33	375.67
170.81	58.38
114.97	177.67
274.58	412.78
115.56	82.50
206.00	281.33
424.64	336.62
331.15	352.50
135.29	142.00
236.29	135.50
475.00	668.80
102.20	77.67
225.50	214.73
268.83	155.67
260.75	245.00
205.45	205.50
164.82	137.00
280.63	323.62
951.67	177.67
174.21	95.17
395.33	402.00
48.63	68.00
111.32	113.33
277.64	96.83
294.81	132.17
149.65	281.93
192.17	220.00
150.72	122.96
363.56	273.97
88.84	97.25
166.16	166.22
410.50	227.75
216.66	245.27
237.33	36.75
174.16	142.85
445.33	484.80
302.64	108.10
370.12	464.67
167.47	235.33
159.94	200.82
142.37	183.00
155.91	205.92
350.29	362.00
318.78	358.83
328.62	342.00
106.44	95.33
262.25	320.25
1052.66	2536.43
339.00	200.67
141.67	303.27
469.33	376.00
710.00	695.36
72.53	61.80
476.33	407.33
187.50	227.75
305.56	351.00
400.00	308.00
269.91	311.29
274.37	133.20
126.77	126.47
392.83	422.67
244.33	301.25
467.55	445.83
229.55	180.59
231.86	301.67
1011.29	212.67
41.83	26.87
847.29	858.50
201.14	201.00
246.00	218.33
353.14	328.75
193.87	134.00
445.50	377.50
146.58	120.97
139.29	120.25
272.66	596.27
101.81	160.33
135.44	131.67
209.19	220.80
320.38	650.33
201.29	213.25
328.72	724.00
48.94	53.70
438.17	402.00
158.36	152.00
75.25	64.24
99.00	142.00
169.58	195.97
257.10	215.60
225.00	171.67
85.14	44.33
383.43	791.67
63.84	80.47
105.14	49.33
360.83	398.67
116.83	165.67
262.57	202.36
314.64	337.40
163.68	95.90
236.05	200.50
69.83	99.00
102.00	94.00
113.09	131.17
40.94	40.62
265.50	27.33
287.00	108.25
276.20	262.20
278.33	294.00
719.93	1291.43
1086.36	2265.75
257.33	269.33
184.44	142.33
446.88	602.20
120.24	135.20
151.93	128.36
765.50	708.33
637.49	986.85
1310.60	1195.67
35.79	60.82
2549.64	3027.75
159.67	166.40
705.29	450.50
129.31	217.67
123.83	60.93
176.59	19.23
39.19	41.21
193.17	108.67
383.18	504.52
578.67	669.00
264.88	206.00
110.82	148.00
97.35	73.97
79.52	98.67
266.00	354.67
568.00	557.67
85.66	108.25
970.00	865.67
291.21	228.18
51.17	32.60
259.98	329.86
324.62	268.40
189.80	313.00
127.57	124.67
103.25	92.25
103.75	86.33
174.01	205.18
1332.36	278.78
202.49	164.00
15.38	12.60
93.87	98.32
42.83	65.93
630.00	1213.33
89.41	121.67
1486.67	213.48
157.10	132.56
231.33	111.00
53.31	35.65
179.51	138.78
741.00	455.00
383.92	740.00
214.59	308.78
136.98	208.00
228.67	181.83
311.12	196.00
102.85	168.33
29.27	33.33
93.25	48.80
478.50	202.00
151.75	132.00
184.89	184.60
411.49	476.53
181.03	78.50
315.84	182.93
369.50	455.00
313.12	289.21
75.57	95.67
153.69	158.09
327.09	351.43
260.47	143.67
487.37	744.67
85.36	115.71
102.28	60.53
174.50	128.67
1239.14	3461.33
609.93	603.52
297.29	250.00
74.70	100.51
175.88	127.62
352.00	397.33
229.67	104.33
112.66	107.60
341.00	148.67
401.29	284.67
387.00	516.80
253.46	252.09
68.69	42.52
707.00	162.33
81.67	78.67
157.14	131.75
441.21	576.00
83.73	122.87
61.40	60.33
226.57	203.20
138.13	134.00
9.28	9.50
451.33	323.33
241.83	121.33
154.10	231.53
307.22	316.75
258.99	345.00
244.17	193.00
131.01	105.35
152.89	152.00
155.64	225.67
97.69	76.88
67.67	130.90
264.83	268.33
42.32	70.33
189.83	215.33
124.99	138.33
167.72	320.30
144.08	41.93
242.35	54.60
226.22	235.75
279.89	179.25
291.45	184.50
171.50	186.60
99.64	86.87
478.22	586.50
136.16	70.57
163.69	75.97
184.18	168.75
269.18	200.67
154.48	194.33
194.37	214.42
127.50	133.10
208.11	180.47
117.14	112.67
602.67	568.33
162.00	151.33
116.03	167.17
475.60	497.00
99.73	55.82
154.05	55.90
81.75	65.80
290.10	395.00
162.38	229.67
223.30	185.00
167.30	250.48
389.36	342.00
609.00	795.00
223.75	187.25
238.88	388.67
290.78	302.47
128.29	129.33
357.83	390.67
48.31	32.89
329.98	202.50
358.62	222.00
216.76	237.00
99.18	100.17
281.80	257.80
191.49	230.18
229.83	308.00
233.67	321.83
323.73	601.00
347.29	304.50
377.57	117.00
331.67	338.40
19.12	17.23
143.45	150.80
155.48	68.63
237.00	102.00
159.43	225.00
2462.81	2698.00
2918.43	5026.50
28.92	28.20
172.75	155.66
165.78	235.00
122.91	42.76
115.63	130.67
370.81	444.50
106.30	113.60
275.33	295.00
322.00	229.00
231.28	207.52
193.49	171.75
329.91	189.43
1565.40	2362.00
391.00	351.33
866.06	446.34
73.66	62.33
224.97	162.50
224.79	265.60
404.15	468.90
1536.67	175.37
185.71	209.22
288.64	294.50
235.16	221.38
367.96	92.50
257.67	335.33
375.14	431.00
497.00	776.67
100.70	128.67
191.00	156.17
209.00	160.50
275.00	191.33
294.25	340.25
136.93	68.83
144.26	175.95
429.61	119.18
134.48	108.80
170.86	214.67
266.29	280.67
1161.26	95.93
204.94	204.35
116.67	76.96
235.75	253.50
339.11	350.00
657.50	518.00
298.40	261.67
213.00	207.00
401.50	295.00
139.65	181.67
138.27	59.17
201.75	228.67
157.79	277.00
297.00	283.33
111.66	141.00
189.25	202.50
784.71	332.67
236.17	255.00
39.25	25.20
268.53	293.78
135.42	141.63
1226.83	1316.67
54.35	52.23
48.99	10.37
409.17	430.33
82.42	64.50
251.33	392.33
396.25	329.00
113.32	100.00
242.17	299.00
131.14	133.25
105.13	154.88
511.17	114.67
359.35	274.65
66.31	53.99
56.52	11.20
168.25	184.67
106.29	100.25
689.50	708.00
399.83	335.33
263.57	63.00
215.40	200.25
191.16	181.85
43.68	35.74
155.86	184.00
130.00	181.50
566.00	407.50
3992.92	4157.33
212.57	217.67
95.62	98.60
137.45	174.27
112.06	100.00
128.75	148.62
89.06	141.72
15.54	24.00
4.67	4.83
154.25	188.33
146.34	121.84
147.29	132.67
123.06	117.35
372.71	300.00
408.56	218.00
187.08	278.85
166.92	174.19
294.06	256.67
253.70	208.00
86.61	73.35
413.83	335.67
284.67	182.25
123.15	165.83
257.00	238.33
496.25	458.83
92.70	96.20
41.78	61.12
101.44	52.33
529.42	664.88
597.94	795.00
241.93	220.67
233.95	193.67
35.57	55.35
396.17	578.67
251.63	436.38
214.60	210.20
64.97	69.97
185.57	138.41
86.17	117.30
131.00	109.20
168.36	170.00
400.17	349.33
384.35	340.47
168.31	160.45
84.33	76.67
579.89	681.00
259.29	251.48
163.93	95.87
75.00	123.39
161.00	270.75
236.74	189.00
238.15	221.00
34.63	41.72
1393.20	1072.00
277.43	438.00
87.98	52.63
238.45	246.00
150.98	167.33
289.00	339.00
87.74	120.10
559.14	597.67
105.25	122.80
369.88	364.67
217.22	228.75
272.50	170.33
299.11	288.75
275.88	305.88
352.33	381.67
206.91	323.33
143.68	88.41
77.29	73.00
724.14	864.00
25.14	59.33
212.08	163.50
157.29	186.00
200.80	128.33
527.92	374.40
124.50	161.33
434.00	403.00
294.17	178.33
147.00	167.67
355.61	377.30
147.15	61.00
187.59	65.93
129.32	185.00
77.05	95.91
309.00	285.33
829.87	591.47
359.00	416.67
227.57	219.67
281.70	296.00
107.05	190.30
209.50	158.00
468.56	480.17
680.50	102.10
244.20	238.50
343.00	231.33
393.54	336.83
169.69	359.00
180.61	134.47
450.86	469.00
223.23	214.67
78.80	95.63
1797.17	1141.33
281.53	372.00
237.66	429.33
183.50	108.33
186.87	144.00
626.50	1323.00
268.71	298.75
369.71	344.67
181.29	130.50
11.16	11.79
99.14	116.29
350.71	165.00
345.33	518.33
172.83	150.67
1138.62	236.00
428.67	432.33
203.04	59.18
405.00	521.00
17.53	17.03
142.67	182.67
227.13	284.67
252.14	253.67
6.93	8.58
230.35	203.50
353.86	272.67
156.50	191.67
301.98	228.57
1064.67	2015.33
294.99	362.75
2392.39	1838.00
457.20	319.33
73.07	107.56
350.33	343.75
503.75	311.00
726.86	765.00
111.22	138.00
144.83	141.33
670.39	212.30
1189.22	353.83
147.58	118.58
372.57	317.43
325.67	328.30
51.07	44.63
187.59	115.92
1417.97	1511.33
109.00	126.50
1173.58	2238.00
147.12	155.00
1650.30	3001.93
2330.14	2558.67
63.90	47.70
360.22	613.00
150.10	49.25
237.08	283.00
332.89	252.00
449.83	478.33
349.00	329.25
2207.50	2958.33
557.56	288.25
40.60	49.57
150.83	166.33
110.33	121.33
194.10	239.50
278.43	281.25
195.00	122.00
280.43	295.25
785.86	811.75
389.83	404.00
1312.75	2430.50
196.92	266.00
178.83	213.00
145.06	191.67
302.10	421.67
84.13	68.33
145.40	153.38
265.00	330.67
219.64	222.33
138.60	194.00
262.50	201.25
325.27	254.83
176.67	215.33
160.13	208.03
14.43	1.46
160.50	122.99
701.86	1246.00
188.85	140.60
174.54	111.68
139.19	224.45
389.33	346.00
120.92	41.33
206.44	99.00
487.33	550.33
151.08	146.29
154.72	139.20
182.12	204.66
499.44	329.75
186.71	169.33
80.01	146.75
377.47	371.19
169.17	273.67
291.86	368.00
155.00	186.00
510.13	745.00
179.88	186.33
91.16	79.13
220.58	227.50
1452.33	1222.33
225.00	201.67
973.62	407.60
197.00	128.33
3561.17	3824.00
64.45	111.33
207.60	293.70
360.00	477.00
264.37	219.30
235.67	210.67
35.94	32.23
279.57	217.25
181.98	150.80
142.84	91.67
311.00	374.40
148.81	83.26
501.90	619.50
1036.00	286.00
178.00	210.33
121.04	122.60
11.14	10.27
447.00	438.25
370.09	397.62
408.81	508.90
82.01	87.23
228.61	166.08
269.93	256.00
539.91	212.00
62.76	59.23
213.75	224.20
1345.92	1374.60
329.31	342.00
389.38	257.33
597.83	337.67
84.72	77.60
123.39	114.67
270.87	184.33
93.36	32.57
33.93	14.53
148.15	138.89
267.33	264.33
229.72	222.08
167.35	173.97
5.61	9.83
111.02	44.72
162.92	162.00
124.58	86.41
56.71	69.40
1327.71	1597.50
258.10	201.14
136.33	174.00
79.99	107.43
156.93	146.40
138.97	166.64
507.95	614.00
152.25	130.16
227.38	150.77
146.83	99.00
150.83	195.00
116.83	133.00
65.18	46.30
190.47	224.27
20.66	23.63
380.33	387.67
296.36	132.29
243.29	317.67
172.88	361.67
251.75	288.33
62.23	45.27
336.33	404.60
413.80	241.33
120.82	119.20
73.77	101.99
34.87	48.18
243.81	146.93
304.00	393.67
121.24	169.50
148.83	273.00
