0 4513 7721 4151 7096 6151 6400 2566 2173 2170 2172 6195 7751 7752 7754 1093 1088 1090 1091 1011 1181 1187 962 1007 1035 1079 1092 1182 1205 5204 6823 6829 7707 1183 1184 2309 5477 1006 1098 6831 1033 1034 1083 1089 2310 939 1097 1477 1326 1327 4546 5651 5650 5652 5653 4334 544 937 938 941 543 1195 302 228 254 356 2386 251 4951 6175 464 2387 2389 211 212 240 241 242 243 244 245 246 247 249 250 252 257 674 2388 293 321 593 237 231 238 399 402 406 137 155 158 159 189 296 297 298 299 300 301 327 333 395 401 326 36 8240 191 0
1 2636 1 1998 4347 10568 5393 8237
2 291 324 40 444 511 8321 19 1
3 520 524 173 2 3 658 13 67
4 1278 55 79 1015 202 114 520 78 18 42 67 4 40 32 33 93 147 54 161 524 2 14 44 63 66 108 186 547 658 273 316 388 3 15 65
5 388 1278 55 79 1015 148 520 225 73 386 42 350 18 120 161 8322 147 54 72 273 524 4 14 65 2 3 173 177 547 658 13 119
6 317 8308 55 1278 79 1015 78 148 41 42 66 32 33 108 273 54 94 154 161 350 316 388 524 2 18 65
7 42 81 41 63 94 273 386 547 516 276 37 40 66 108 350 18 43 44 73 92 154 161 520 54 142 72 67 316 8322 524 14 388 30 65 69 93 186 658 3 13 20 119
8 520 317 388 114 148 202 1015 70 225 276 73 78 56 386 72 37 41 42 55 273 547 40 63 66 32 33 108 350 120 54 147 4 524 316 67 338 65
9 345 320 107 303 181 102 160 305 47 84 272 339 35 31 1136 49 266 46 326 26 164 22 23 220 680 73 275 145 206 34 128 16 21 72 17 838 9 337 11 5 8 86 10
10 5600 10403 1901 337 345 320 303 181 160 47 272 35 84 1930 31 49 86 220 275 26 73 16 17 102 107 46 201 339 72 125 120 5 9 21 71 121
11 1310 9552 3662 12809 1029 10608 10782 187 3430 102 181 49 1528 16 1938 73 8241 88 72 391 6179 11826 5 128 275 121 203
12 7207 6025 5959 5334 4788 4255 3229 2395 1696 1313 1049 6832 1004 1077 830 718 1324 210 135 189 571 157 6
13 3186 1370 8218 1193 1186 2608 1079 1049 1114 5652 1327 4690 3126 139 152 296 6
14 5334 4979 3470 1914 2601 1033 1244 6832 1049 284 6 365
15 6025 2719 1113 1085 1095 1011 1191 1946 756 138 6
16 1812 2569 1193 2715 610 689 582 257 294 240 571 134 300 6
17 8180 4131 3561 3119 2566 1695 11319 12046 1212 2312 7754 2848 5564 1895 686 210 309 174 447 6
18 6748 8046 7135 6537 6527 6024 2716 3561 1912 1908 1910 2160 1905 1902 2171 7755 1370 1372 1190 1441 1189 1194 2505 1006 1338 877 1049 978 5653 6690 2930 1619 561 1325 933 1044 678 686 689 245 246 255 247 1323 307 369 282 134 300 228 258 157 158 209 169 1322 285 7 416
19 1915 1244 921 299 38 7
20 5275 2716 2011 1902 2171 2173 7752 2314 1005 6161 1006 6821 4690 4018 240 7 196
21 12025 2720 2716 1902 7020 2430 6819 3235 1195 282 1278 8820 7 76
22 6003 4915 4513 3561 3330 3186 3358 1083 1387 1163 344 378 7 364 366
23 7755 1113 1081 6825 6823 5477 6831 1326 715 210 214 135 111 139 448 7 76
24 107 86 23 164 22 17 84 102 9 8 80
25 924 5308 421 84 86 181 49 220 22 23 31 21 35 16 1938 8 72 73 145
26 320 26 23 22 9 21 8
27 320 35 102 84 49 107 160 26 46 181 680 164 16 23 17 22 73 9 326 187 8
28 26 164 16 320 339 21 34 337 9 10
29 320 49 35 46 26 220 17 16 22 84 102 27 36 9 128
30 1243 49 320 23 27 326 26 164 680 187 21 22 16 337 339 9 17 47 73
31 7634 1246 320 11919 31 49 181 22 23 84 9
32 621 490 337 345 421 646 107 84 320 160 47 26 46 49 16 23 17 22 201 21 838 9
33 4062 337 621 107 303 84 102 160 181 320 339 646 35 49 31 86 46 23 26 128 164 275 34 16 17 201 290 421 838 21 11 73 9 25 47 72 88 326 5 10 45 8 70 145 220 141 203
34 3689 621 320 1166 1 303 107 160 272 1930 47 84 102 181 35 49 384 1888 31 46 220 680 23 34 128 164 17 22 16 838 21 339 73 36 72 120 9 337 10 5 8 81
35 31 102 959 84 181 23 7148 86 9
36 84 86 181 9 16 17 21 22 23 26
37 26 201 34 62 128 16 23 320 17 22 47 339 73 9 637 10 5 8
38 320 107 160 339 275 164 23 10
39 16 17 1930 320 11 88 326 25
40 621 160 320 339 646 84 102 266 326 220 86 680 275 164 17 16 36 201 21 73 47 11 70 25 88 170 171 337 9
41 7278 7144 7032 7033 6961 6896 6959 6958 6427 6341 6520 6432 4790 4787 4915 4896 4140 3778 4669 3186 3193 5433 4007 1905 1473 1472 1088 1098 940 546 3921 7537 1031 1185 802 2242 2951 3308 4809 1044 8769 323 4712 820 85 228 6803 326 12
42 5959 4852 3329 2002 1545 7753 1186 6825 1226 1313 1452 3324 1189 2608 1080 1185 1190 2713 2714 2715 2717 2719 6095 1191 1192 1193 1194 1077 962 1011 1079 1033 1182 1184 5477 1006 1083 1098 5204 6821 6829 6831 1007 1009 1183 1205 2311 939 1003 1004 1244 1020 1021 1078 877 1477 940 1096 1049 1050 1097 1099 1114 3853 1326 546 5651 5650 5653 1327 4690 4546 5652 544 305 339 350 181 217 323 213 227 321 6550 251 293 239 86 84 1861 91 102 110 95 185 306 97 98 100 326 99 55 228 3642 3655 132 155 158 159 333 395 401 24 36 72 73 120 122 5613 12 412 597 337 191 400 0 6 53 93
43 26 164 206 320 45 128 17 16 34 290 339 11 27 12 292
44 524 173 177 471 40 81 18 54 55 65 69 93 273 388 547 658 303 642 12 20 13 85 266 8322
45 80 114 520 276 225 73 78 386 42 55 72 41 273 18 30 37 63 66 547 32 33 40 70 92 108 120 350 20 43 2 177 8322 14 69 3 658 13 119 524
46 276 1278 73 386 547 18 63 120 161 8322 350 147 316 524 4 72 388 2 3 55 173 177 658 13 119
47 148 69 43 516 1015 520 1278 78 73 276 386 72 42 94 63 273 33 18 120 67 147 524 316 186 173 177 350 658 13
48 1015 79 202 148 114 520 73 56 30 55 66 273 386 72 120 69 43 14 658 18 524
49 37 81 547 350 273 63 66 73 520 67 40 41 42 43 94 516 32 33 72 92 108 4 18 44 142 154 161 8322 386 54 524 14 93 186 316 2 3 30 65 388 658 58 71 13 20 119 15
50 18 70 8322 43 161 350 290 120 142 154 54 4 67 524 73 273 316 65 93 186 547 14 69 72 81 71 13 20 58 40 15
51 114 202 520 71 148 70 78 225 94 42 273 547 40 41 63 43 73 142 154 72 524 14 177 388 658 13 20 15
52 345 181 31 339 46 16 49 17 23 26 164 680 21 22 9
53 320 339 26 49 164 181 680 16 22 23 17 21 337 187 9
54 339 680 23 22 16 17 21 36 320 9 10
55 6510 8670 1771 2443 4801 702 5972 164 26 16 17 27 47 10098 8
56 10871 3263 3828 203 160 339 646 266 49 26 326 275 680 1938 16 46 164 201 25
57 101 8307 83 66 94 85 1626 36 16 471 225 9
58 345 107 49 303 26 31 160 220 680 181 22 17 16 21
59 320 26 164 220 23 16 21 337 339 9 187
60 339 31 35 303 23 220 16 21
61 900 924 421 107 320 305 84 646 57 160 49 86 26 680 23 201 16 4745 17 8241
62 160 320 26 49 303 680 181 220 22 23 164 17 21 339 11 10 337 34 9
63 5022 337 160 272 303 326 128 838 17 34 84 86
64 337 107 102 84 35 49 46 26 31 27 220 303 326 680 34 128 16 164 23 17 22 21 339 120 386 72 73 9
65 320 31 49 46 26 23 164 128 22 16 17 34 339 120 337 9 10 5 47 187 80
66 107 680 17 339 16 27 320 337
67 40 1278 1015 114 520 148 202 43 225 73 56 69 72 41 547 120 161 54 290 14 186 2 3 18 658
68 2359 6952 384 445 509 19
69 3736 350 290 120 524 79 547 173 177 658 18 81 388 54 13 67 20
70 7235 7253 11639 11215 7607 2622 2014 2002 2013 1904 2012 2003 1906 2011 1908 1902 1907 1910 1913 1403 1186 1188 1313 2717 6095 1226 1452 2719 1094 1113 2714 2608 2713 2715 1087 1095 1184 6825 1077 5204 1089 1090 1205 1212 2505 1181 1182 1011 2311 1035 1082 1085 1098 1009 1032 1034 1020 8746 1080 1021 1004 833 1477 1049 1050 1327 5653 228 2386 2389 239 254 251 211 242 243 252 250 212 3853 213 233 255 208 71 309 227 326 593 137 155 189 106 306 641 327 328 330 329 401 501 331 395 451 185 21 22 181 35 84 86 195 533 85 400
71 5880 1398 1182 3642 3655 3672 3853 1521 544 8045 2924 137 346 21 86
72 160 164 220 8409 1423 23 1250 680 22 26 320 128 16 34 17 201 21 11 337 326 9 10
73 160 621 170 171 22 26 46 49 326 680 21 47 16 17 337 9 120
74 7954 6786 5325 10523 6700 2457 5120 2476 1902 2002 1906 1911 1903 1904 2011 12260 1913 1910 2959 1908 2013 3155 10073 1907 4189 1909 2003 1090 2014 2012 6823 1083 1205 6821 1092 1006 1007 1009 6829 3672 1096 1326 1327 1163 831 832 9128 1941 533 245 240 239 246 247 211 257 212 242 243 244 249 208 255 132 253 103 21 84 104 3853
75 7299 7204 3262 7233 1494 99 100 97 98 31 21 84 170 171
76 8663 12597 5484 7542 5171 1050 2985 4449 5160 6214 8069 11538 12317 5604 22 35 84 23
77 266 326 26 22 23 220
78 320 160 35 49 303 22 23 16 339 680 290 26 337 164 17 21 36
79 546 621 107 320 305 160 49 102 181 26 220 680 8776 23 22 17 16 9 10 47 5 275
80 26 220 320 680 23 22 206 21 17 27 326 685 275 9 73 339
81 4062 26 49 22 23 86 107
82 345 303 320 107 84 102 339 160 35 49 31 8256 266 310 2131 5785 220 86 680 27 26 206 275 685 22 23 45 125 21 337 25 36 8238
83 35 320 22 31 16 17 21 8257
84 8306 337 345 646 680 23 21 22 128
85 5088 1521 1609 399 328 331 329 24 326 412 22
86 1824 9606 10819 8923 1436 1423 3949 1342 1497 621 1905 160 49 680 23 26 164 320 27 22 16 337 21 17 339 4919 9 10 84 6131 8 86 102 121
87 272 320 84 102 181 160 34 128 680 73 23 17 36 164 46 21 339
88 2720 1914 6655 2013 1907 2569 1695 1370 2717 3459 1317 1080 1609 940 1082 939 2848 1097 4767 933 335 464 294 235 282 139 343 107 16 23 366 374
89 1246 107 187 320 160 305 339 303 266 326 23 47 17 16 201 22 181 21
90 337 8306 47 160 339 49 35 266 73 23 326 21
91 320 303 49 107 160 84 102 181 26 23 17 16 22 21
92 3667 4410 6156 9761 1807 1256 181 924 345 86 421 84 107 187 203 320 102 303 160 47 621 646 35 266 49 27 220 275 26 272 685 31 145 73 164 306 201 23 16 17 21 22 9 34
93 337 621 320 84 303 181 26 35 49 339 22 23 272 17 31 88 680 21 128 34 11
94 10252 1513 596 4365 8037 5474 320 107 160 339 3959 6690 421 49 26 73 220 680 326 337 27 187 374 34 9
95 621 337 421 646 160 107 86 339 181 49 305 31 46 220 26 17 680 16 9 128 80
96 49 46 181 26 16 86 9 84 8 35 72 73
97 303 107 84 102 181 35 26 21
98 107 160 35 49 320 31 339 26 23 17 16 22
99 107 339 49 31 303 46 26 680 685 23 16 17 21 337 34
100 107 303 160 621 49 266 26 16 21
101 160 320 26 621 3682 45 27 17 201 339
102 621 107 160 320 339 49 35 303 31 46 220 680 16 17 22 23 34 102 128 164 326 84 21 73 337 72 187 27
103 7899 3938 5718 1294 7553 7272 2240 1419 1125 1823 6133 28
104 2559 721 2318 4468 4473 2882 2883 491 3628 3624 29
105 693 3342 1278 1015 79 40 55 114 388 520 202 70 148 81 69 30 78 94 386 37 41 72 547 63 66 67 8322 290 44 120 154 350 524 93
106 520 72 41 108 30 55 18 32 33 40 54 67
107 107 160 303 22 23 49 31 26 17 164 16 680
108 1315 337 421 150 646 107 181 160 84 102 339 49 35 266 31 26 303 23 680 17 838 22 47 73 9 16 8257 8 45 5
109 339 35 46 49 102 181 34 128 63 66 18 26 73 94 22 273 350 547 23 72 21 164 31 93 186 524 9 58 316 388 658 2 3 154 680 15 337
110 32 33 108 40 273 520 547 161 350 18 8322 4 316 44 55 173 524
111 317 520 55 1015 1278 79 114 202 80 32 42 108
112 273 32 33 63 66 108 547 18 40 44 92 350 73 54 147 72 524 93 2
113 5794 11370 7092 8203 5727 7512 5302 7739 5574 6317 7645 8119 11547 8021 8018 8216 6959 6537 6521 6341 8057 11594 6428 6001 7802 7735 6025 7852 5299 6260 4511 4414 7660 3778 8090 3328 3452 11385 3271 2720 2373 3979 2396 2065 8605 1628 587 240 308 387 369 158 501 228 391 419 22 366 35 412 597
114 160 107 272 35 339 326 16 17 26 46 49
115 337 345 421 107 187 84 86 160 35 46 49 73 292 374 8 21 9
116 7146 6019 6020 6525 11390 4915 4414 5982 7395 4669 2720 9714 2003 2002 1905 3006 1088 1084 1091 1189 1188 1033 1090 1183 1035 1006 1098 1182 1034 1184 1185 939 1079 1181 940 1099 1114 1097 5652 5650 1619 1649 5597 6651 1326 1327 5651 4546 5653 640 560 678 1195 610 829 582 246 197 152 241 674 2387 240 247 211 2389 239 464 4951 6175 7871 2388 245 243 250 2386 398 309 593 158 190 137 298 231 1783 237 238 155 326 1916 2491 344 132 306 253 156 296 451 391 3853 10 75 3642 84 181 35
117 5477 8195 6699 10979 4365 4028 1946 546 9392 2312 6701 4255 5349 228 501 499 327 329 330 395 401 84 181 391 597 36 612
118 4169 6024 1909 1914 9936 2372 2040 2601 1212 1097 9927 5951 3883 4767 6950 7849 4982 7604 659 1339 631 3160 831 350 628 1310 1514 6405 1202 1309 282 698 211 212 300 343 1278 81 501 326 71 499 4898 158 697 189 155 80 132 4130 764 96 106 95 36 7143 191 412
119 8308 114 1278 5941 202 69 148 520 1015 81 225 56 78 94 6289 37 41 42 55 386 547 30 40 63 72 350 120 18 92 290 524 658
120 6961 6341 6554 6379 5092 4560 5224 2342 12393 7500 11746 7035 1009 6821 1079 1007 1083 5653 1326 829 323 254 674 211 247 12083 38 932 4056 5564
121 7207 6431 6528 6432 6023 4637 12284 5286 7185 3875 3266 3737 6062 5889 10005 10059 4351 7755 8218 1388 6898 7751 2170 6831 939 2309 5652 5651 3966 940 583 5882 582 256 174 6487 38 362 367
122 6880 6974 2160 1697 1316 12323 2504 1326 538 335 39
123 2313 1049 831 4767 461 689 826 282 278 39
124 43 55 56 40 67 73 142
125 8308 317 388 520 40 55 1278 114 1015 69 148 202 78 81
126 350 352 1278 388 315 479 314 334 8471 522 223 110 92 664 108 8308 40 317 276 20
127 314 334 110 154 223 8471 148 142 317 388 520 664 8308 1278 40 55 114 202 56 94 547 41 42 18 32 33 43 108 161 8322
128 12667 5288 6185 4568 10266 5327 7467 11102 3855 5064 1905 2981 3459 2170 7752 7754 2864 5584 6017 1541 5053 6717 1185 6163 7049 12435 3480 1090 1656 3448 1085 1088 1091 1093 1188 7641 3425 4736 1092 1187 7707 3765 3918 833 3187 3004 12381 2421 940 1097 1099 4530 937 938 941 1406 8106 547 4696 543 10666 2253 8596 4742 831 350 8300 228 533 227 242 243 247 674 102 321 2386 239 252 84 4653 2305 251 244 245 86 208 91 2911 7894 499 406 593 501 85 299 301 697 189 158 35 144 159 298 329 395 401 168 626 31 95 106 8292 11700 333 8379 96 327 22 23 21 9401 2256 6937 45 41 451 42 597 122 73 391 330 0 93
129 5393 148 73 225 69 386 41 42 72 276 63 66 40 18 120 290 524 30 119
130 8480 3299 637 569 589 8487 594 8471 497 492 374 8338 516 520 620 8645 11046 6073 315 314 1278 110 223 78 317 40 79 72 42 18 36 524 173 177 658
131 6806 5275 12467 4513 3974 7508 7238 3773 5257 6187 10103 5111 3981 4820 1910 2014 1913 2011 8003 1080 1191 1194 2719 1186 1188 2608 6095 2715 2717 2713 1094 1087 1113 2714 1192 1193 1095 2505 6829 1083 2311 6821 962 1032 1034 1006 1009 1212 940 7444 1097 11119 4062 5308 5309 6196 1326 1327 2070 544 549 323 6716 240 8277 95 96 106 725 5814 241 212 250 242 2387 211 246 247 243 249 244 6386 159 132 97 99 100 626 190 156 158 253 198 8243 45
132 107 320 181 339 35 49 46 206 26 220 680 27 23 201 17 16 22 21 9 374
133 2068 107 160 84 102 339 621 181 49 46 326 220 23 26 164 34 128 16 17 73 201 72
134 1815 303 46 107 160 26 31 49 84 181 320 47 272 680 220 326 164 16 17 201 21 339
135 160 46 320 49 326 187 21 47
136 924 320 160 57 303 621 49 46 680 17 16 26 9
137 353 320 303 272 47 181 84 102 339 35 86 31 326 46 160 680 164 22 23 21 292 924 73 72 10 128 81 80 121 27
138 4776 7774 7876 51 52 657 48 50 1742
139 1675 4593 4595 4596 4599 3045 5090 51 52 657 48 50 1742
140 51 52 657 48 50 720
141 10995 657 1742 51 52 48 50 3076
142 9719 3320 11329 51 52 657 1463 3067 3082 50 48 1742
143 107 160 320 413 339 49 26 680 23 17 16
144 8306 49 107 621 160 46 220 21 35 181 84
145 1807 924 10013 490 8287 337 228 145 421 102 227 86 107 203 646 160 49 170 171 23 46 374
146 160 107 181 272 49 26 31 46
147 49 320 17 187 21 9
148 1684 7712 49 160 320 46 26 125 21 27 337
149 969 345 107 621 320 160 303 84 86 102 181 49 46 26 23 17 220 8 9
150 337 646 49 107 160 46 621 16 17 421
151 145 84 181 107 160 303 326 49 31 86 23 680 62 27 8241 88 5308 8
152 320 303 181 272 84 102 35 49 46 160 164 680 337 838 128 17 326 339 9 25 88
153 107 181 84 102 320 339 35 49 160 303 31 86 46 26 22 128 164 680 17 21 23 34 27 47 526 10 5 121
154 3047 51 52 657 48 50 1742
155 9715 51 52 657 48 50 1742
156 51 52 657 48 50 1742
157 51 52 657 48 50 1742
158 51 52 657 48 50 1742
159 5042 7755 2608 8218 1244 877 7707 5652 1163 5078 244 247 134 378 38 53 209
160 7278 7144 6873 7207 5443 3980 2014 2066 1907 2002 1695 1452 6825 5204 1090 210 700 378 53
161 7278 6521 6594 6001 6000 8216 5299 4512 6466 2396 2975 9838 9008 9712 1965 2715 1095 1085 1113 1189 1191 1194 6095 1011 1004 939 833 1020 1021 826 8332 4542 10290 9050 252 254 239 243 176 53 601
162 7476 6432 6000 4881 6523 8190 4669 2373 5697 5856 1370 1372 1385 2172 2170 1514 2173 7753 7751 7752 7098 1063 1182 1091 1093 1083 1011 1006 7330 939 4546 1327 10885 583 933 4298 7417 397 418 176 174 7583 298 3049 38 53
163 8090 4787 4511 3561 3375 3119 4477 2718 4352 4353 1902 2199 7751 1609 2312 583 3503 3523 4484 4468 478 560 4471 208 155 53 75
164 2011 9226 8050 1326 1327 1398 2271 1077 715 6783 2930 1824 686 241 134 8858 4015 207 53
165 4151 7894 2924 834 1077 6690 832 560 8628 933 827 3145 343 156 157 1016 53 61
166 7547 2716 2160 10038 1697 1080 1005 1034 2307 1003 1097 2848 1477 830 10502 6989 7296 9562 301 156 697 12473 3499 5707 53
167 2569 1226 1186 6825 1087 715 1545 135 138 111 53
168 148 520 276 225 69 73 94 56 72 547 30 42 63 37 273 120 154 18 54 161 524 386 2 3 13
169 520 1015 1278 317 114 202 386 72 547 276 18 32 33 40 73 108 350 4 54 120 142 161 316 66 14 93 273 67 186 2 3 65 173 177 338 388 658 119
170 11210 8023 12506 6793 3974 5279 5513 12505 1521 1913 5075 2170 3672 1902 1906 1012 620 1889 549 524 832 4731 829 304 4255 8277 597 55 62 346
171 1015 148 276 73 94 386 55 72
172 3979 3466 5581 10295 6162 11844 4669 3779 10297 4365 6934 4988 11472 2713 2719 1912 1913 1695 12448 1371 1398 1193 2505 1079 1081 4997 6714 1091 1078 1083 9240 6938 6702 1050 1327 1060 3655 3672 1097 924 5308 1077 1681 538 610 1325 3642 4062 8211 560 678 543 544 547 5000 686 689 832 956 339 2387 10829 253 533 228 174 178 132 641 399 402 452 55 3851 285
173 7939 520 148 516 8794 386 30 41 42 55 72 1278 273 66 73 32 33 92 108 142 120 67 8322 350 524 547 4 147 290 316 79 14 186 40 69 93 173 177 658 18 58 13 20 71 119
174 8035 6432 5887 6365 11300 5865 7845 5659 7110 5056 11432 5963 4287 5284 10476 10478 4669 3281 1909 3465 7283 1937 2013 3977 2240 2715 1317 2714 1087 1193 1212 1609 1194 1032 1079 1748 3517 6821 1035 1082 1078 1477 1327 5653 4546 5651 4334 1895 3446 560 2912 582 829 2387 593 418 254 246 251 674 2386 242 278 197 155 253 496 298 190 59 296 366 12460 361 417
175 6926 3530 2622 2718 2117 7699 3470 1907 3948 1910 3193 1312 2608 6821 1189 1080 1609 6831 1032 1034 2309 1079 1049 1097 719 828 212 2386 2387 674 211 418 125 282 138 309 190 59 419
176 1910 2011 7755 7753 1186 6825 1032 1033 2717 6831 1187 7707 6161 5653 6160 1681 5652 1077 5308 924 4062 538 546 4767 5078 4018 4014 252 254 135 700 136 139 157 132 59 419
177 6162 4669 1905 3193 2981 3459 1091 832 826 347 241 282 158 189 296 59
178 2622 1909 1907 1914 1908 1906 2981 5075 1080 1098 1188 1032 1035 6821 2505 1097 1619 827 152 153 228 125 156 157 298 151 59
179 6646 6341 6594 6023 6024 4915 5088 10925 4881 11062 3927 5205 3979 12237 5602 3831 3832 3833 3834 7720 8064 12260 5091 7897 5588 1911 3186 1902 1937 2569 7755 1371 1372 1695 1315 3006 1080 1095 1098 2608 802 978 1184 1187 1212 1226 1452 1094 1205 1326 898 7260 583 827 461 1195 10094 470 2386 234 212 278 300 369 111 125 174 297 60 75 1322
180 2160 1905 2002 1909 1914 2012 1695 1398 6095 1188 1226 1092 1244 6829 1191 1452 1087 1183 1113 1085 2608 877 1049 1477 1050 1096 6690 1326 560 335 251 252 255 294 139 249 242 243 257 244 245 250 254 125 231 253 133 137 190 296 298 60
181 3466 4890 2396 1905 7753 2173 2170 6095 1095 1192 1193 2608 1088 2717 1091 1093 1212 1226 1452 2714 2715 1094 1190 2713 1080 1191 1194 1092 1184 1004 1021 1244 1049 877 1477 5653 5650 610 2868 242 243 211 251 2386 674 244 246 250 464 2388 197 239 293 593 255 309 231 237 238 137 299 159 189 300 155 298 60 59 391
182 3145 1189 2505 1049 625 718 257 281 134 61
183 7507 12420 6025 6023 195 111 157 61
184 11948 4916 1371 2714 2718 2711 1079 1405 1049 5736 2930 828 240 158 369 159 7641 278 61 209 286 419 76
185 11927 6001 6429 12181 6000 5959 5443 5299 5036 10653 5793 4511 11462 3947 11176 3778 6162 4907 2716 7030 3229 2718 4993 6204 5694 2160 7481 3954 1907 1910 1913 4998 2569 2012 1902 1903 1904 1908 2002 3032 1906 1911 10629 1695 2014 6564 5610 2105 2171 2172 3450 3574 7186 7753 1193 1192 6823 6831 1007 1034 1079 962 1035 1011 1083 1182 1205 6829 1006 1092 1184 2310 1477 1049 1050 827 560 832 243 242 194 241 250 240 344 244 245 249 158 189 297 300 61
186 8216 7207 6959 6735 6537 6427 6594 6428 6003 5959 4790 4513 3979 2476 3271 4511 7228 2566 1905 1033 2850 937 689 152 111 697 61 298 367
187 83 85 272 94 108 266 91 101 219 17 26 72 63 66
188 9474 2390 4128 454 11424 8394 8738 453 8388 2242 5972 1225 5840 64 7595 5404 2478 7515 3404 10256 7277
189 9427 9476 5000 4869 10054 6739 6740 64 289
190 520 70 114 148 43 73 78 94 225 55 386 72 66 120 350 54 547 40 273 56 658 67 15 13 18
191 7745 5785 11420 7759 11370 11175 2423 8920 9696 6889 68
192 8487 589 594 497 429 520 1278 620 341 516 259 1015 350 352 314 315 8471 110 223 334 154 108 148 78 92 142 664 317 40 8308 79 114 69 71 225 386 37 42 72 81 73 41 120 147 316 524 13 18 658 58 67
193 8501 594 497 492 259 664 388 114 69 94 386
194 6331 11303 6330 1326 1628 5597 461 204 174 125 4013 80 81 71 276 70 69 79 601 1340 6 365
195 637 594 497 429 1278 8338 1015 341 520 350 352 388 314 315 110 223 154 78 142 148 334 664 317 55 114 202 71 225 386
196 6518 5629 621 26 164 23 320 17 16 27 339 337 9 73 8
197 5334 4787 4512 2014 1903 1907 1913 2569 1193 1194 1326 210 6550 134 136 157 74
198 6897 6959 7252 8091 6428 7242 5983 3561 3275 2372 1937 9865 6558 582 294 74 76
199 143 6810 8052 6748 7705 7027 7939 7135 6780 8202 6520 6431 6527 6038 11706 12353 6023 6024 4072 5812 11479 3974 10638 10249 3850 3935 3938 5901 5946 5951 11740 7155 5131 6287 7720 1902 1909 7999 5229 6484 12764 1695 2791 1472 5710 1398 6825 5075 1020 1188 1185 1033 940 1187 1079 7707 1078 3032 2269 5317 12229 7218 7677 7679 12088 1399 3363 939 948 3356 1657 2273 5289 6073 3355 3341 8104 4257 2850 4161 5378 6564 2228 6096 905 983 5562 1097 2339 4126 12403 906 4334 4700 5653 6289 11042 5135 3141 1895 937 938 941 560 610 1200 678 377 2811 8436 1199 1642 1752 2951 9921 1245 3064 2142 3308 10235 4547 7057 7870 4881 11131 5712 6485 10697 897 7940 688 5902 6288 204 1323 1899 246 12283 210 1965 418 369 300 209 207 990 5626 103 1322 8257 8337 75 362 367
200 12198 5972 11302 4890 2789 6049 1937 1472 8854 1186 1188 1452 2714 1190 1079 5204 1083 1020 1099 1114 1477 1326 1327 583 4334 1044 1069 2387 556 278 240 211 239 282 1830 231 309 103 189 75
201 5933 1913 1903 1905 7319 1194 827 829 176 3700 327 330 333 401 75
202 7135 2566 2014 2569 1096 284 448 75
203 3561 1063 1326 4690 6550 258 76
204 3973 2718 3275 3186 1212 962 2310 1020 1244 1003 1004 877 1049 1477 1327 1326 4690 302 252 190 700 4015 299 189 76
205 8052 8018 7939 7251 6873 7135 6668 6341 4896 2716 1078 6161 6160 686 828 2386 2388 309 1278 207 209 151 169 368 76
206 6873 6520 8216 2569 1091 1097 1187 1205 826 76
207 8052 7939 6897 6646 6427 4896 4513 7689 4228 2160 2066 1905 5550 2608 2715 2717 1212 1313 1609 2719 6095 1081 1080 1185 2714 1006 2713 6829 1035 1033 1034 1079 1098 1004 2311 1021 940 1097 1099 1114 1477 1327 4546 5650 560 610 829 257 211 239 251 252 212 246 254 241 238 343 237 297 76
208 5088 5442 4513 3328 4511 1909 1914 279 470 252 700 77
209 8050 3329 2720 2716 2718 2160 1387 1159 1050 1895 829 418 77
210 4889 3274 4511 1031 1324 3958 356 136 309 2924 298 76 75 77 196
211 2566 6655 1697 686 828 2389 138 207 77
212 10848 6516 4230 7388 9182 350 1797 4820 79
213 5939 3217 3410 846 4529 5393 11565 7518 5508 3985 7834 9884 2056 9204 1808 1410 666 6835 5432 79 633 272 782 3638
214 429 350 520 315 388 8471 110 314 154 148 316 317 227 71 225 56 81 73 273 43 547 386 80 13 67 54 147
215 80 114 202 520 1278 73 18 30 32 33 40 43 55 56 66 72 78 94 108 8322 547 2 3 14 15 20 58 67 119 177 186 273 316 386 388 524
216 162 516 520 1278 114 148 69 81 386
217 7144 7207 6001 5959 5275 4979 4511 4669 2160 6831 1003 1314 369 2308 82 378
218 1977 160 680 26 320 84 181
219 99 100 97 98 107 84 181
220 4513 3665 5598 7269 3275 5410 3274 4610 10105 2160 1902 2066 1302 1387 5204 2170 7753 2172 1190 1039 1079 962 1327 560 583 828 12593 832 829 228 418 2388 247 250 212 194 211 369 2386 239 256 244 464 155 153 406 71 227 1322 105 84
221 320 303 107 181 272 84 102 339 35 49 160 621 46 31 26 220 34 22 23 16 187 17 21 73 9 5 8 72
222 2707 10313 5516 2702 2703 5519 5521 1669 84 86 102 7893 46
223 107 621 102 160 320 6222 84 26 49 86 181 680 220 23 22 27 206 337 21 34 201 339 9 16 17 73 8 187
224 108 667 565 420 85 183 219 642 266 12
225 5458 5638 12054 10008 8004 6184 2960 4430 12436 7616 10553 9816 2162 10296 3868 181 552 86 21 102
226 11644 5959 5476 5442 5275 1905 2172 2170 7753 2717 1313 1189 1088 1182 1089 1011 7707 1081 939 1205 3071 1477 1099 1114 1097 4334 546 937 938 941 924 3802 1732 241 2386 227 242 250 294 211 418 2389 2388 4062 247 245 2504 246 761 3325 5980 213 309 593 1682 326 132 153 55 155 158 301 96 106 185 36 95 641 86 35 84 21 597
227 421 107 203 86 172 305 339 326 320
228 1784 2795 3241 5508 5604 11724 86 4187 5751 7510
229 107 160 86 102 181 26 49
230 445 1141 8321 291 509 511 184 87 455
231 7922 7406 6247 4827 9039 4512 8064 9848 4664 2933 6440 7250 8584 11818 2843 7312 9953 965 3784 2689 4231 12391 7999 5844 7500 12436 1764 3920 11177 12257 1707 3587 7268 8502 89 2121
232 7533 90 6581 854 6625 1166 1460
233 93 273 316 524 13 18 58 658
234 40 1015 202 1278 18 93 273 8322
235 6398 4414 3778 6522 3779 2716 2720 5379 6180 4821 9484 3349 3363 3988 11362 1909 1910 2013 11220 8113 4252 5507 1387 3058 5284 3885 1212 4055 1479 947 2717 11195 3324 1088 1191 1189 1194 1190 2608 1113 1080 1033 1078 1035 1079 1089 1034 1007 1003 5037 955 2051 1099 1114 1097 940 1850 3362 5308 924 4062 9699 2818 3540 2819 9700 3925 5536 3758 3853 8106 640 543 544 678 610 4377 831 826 9702 10119 1830 293 247 12363 249 250 211 178 242 125 85 98 499 298 97 159 158 137 189 626 99 296 100 11058
236 5980 7180 10434 7613 3548 4182 102
237 6958 6839 10418 4915 7146 3330 3724 2013 1545 2128 10852 7495 2719 1192 1189 1113 1188 1191 3324 1085 1087 1184 1205 1182 1193 1034 6823 1181 3655 939 1194 1099 1114 4433 940 1097 1648 5651 5652 1327 5653 1326 2850 1628 6081 833 560 294 214 235 464 240 674 247 242 243 2386 249 293 257 239 211 231 39 84 102
238 6788 8033 4149 2312 8726 160 646 102 84
239 7639 12217 2219 6256 10322 12648 8037 10555 102
240 12474 2716 3186 1695 2715 1033 1005 1032 1034 1326 4690 827 294 103 169 75
241 6743 1902 2011 2569 1909 1905 6829 1009 6831 1007 1004 1114 940 1099 1097 1477 1327 1889 257 159 299 134 301 156 158 104
242 1914 6832 1005 1909 1083 1327 1326 610 561 242 281 152 571 418 134 104
243 5476 4787 2396 3979 7755 1697 8218 1403 877 1326 1202 4951 256 104
244 7135 8026 6024 3973 2373 2566 3193 1937 2310 1049 1185 1371 7707 1327 1097 832 397 387 356 157 207 104 77
245 8090 4669 2160 3561 1902 1906 2569 3193 3006 1211 2170 8981 1098 1083 1181 5651 4546 938 583 4767 582 829 104
246 7135 6735 6023 6025 8087 4255 3466 1902 1905 1387 7752 7753 6195 2173 7751 7754 1188 2172 1212 2170 1084 1090 1091 1093 1095 1189 6831 1011 1183 6823 1034 1182 1205 6829 1006 1083 1098 7707 1033 1088 1007 1009 1035 1079 1082 1191 939 940 1097 1099 1477 4546 5650 937 938 941 4334 470 214 387 293 208 213 231 237 238 309 301 299 104
247 4881 11538 1912 2569 6218 4511 1244 1195 378 105
248 3778 1903 2569 1079 6829 1060 464 335 105 363
249 4535 3314 1189 2307 6161 1895 583 678 214 309 204 217 2924 10033 105 7 365 368
250 2581 337 320 107 303 345 84 621 160 1930 35 181 46 49 31 26 220 73 680 27 164 206 23 17 16 22 21 339 45 9
251 2227 3724 1190 107 145 339 49 160 303 220 374 25
252 3312 3928 5380 1005 4251 109 214 1397 2447 3886 3988 4863 6622 948 1959 2278 2404 3979
253 2720 3994 2160 1913 1003 561 4767 478 111 301 196 419
254 5523 1914 6655 1812 1908 1695 2171 1696 1372 2608 2713 2313 7752 1188 7754 1008 978 1005 1114 1004 5652 2930 1325 610 801 234 111 135 138
255 3779 1183 5204 1050 2850 826 111
256 6416 6391 2010 2569 1186 5477 1095 1009 1008 1011 1182 1077 678 111 136 139 156 155
257 7607 6667 3980 6162 3916 1189 1205 1091 6161 2307 2147 1326 231 111
258 1423 12479 2263 2306 12750 1911 1113 1932 111
259 3466 2013 2003 1910 2010 1050 2171 335 139 111 253 419
260 1909 1914 2639 2717 1008 978 678 234 255 235 238 233 111
261 4916 3466 6823 1205 1085 217 111
262 2430 1032 1050 978 217 233 239 139 111
263 6341 5334 5275 4916 3777 3979 3980 3375 2395 1907 1912 1910 1913 1906 7755 2601 2105 1387 7753 2608 7752 6195 7751 2170 7754 1183 1011 7707 2848 1097 715 4690 5597 1163 461 686 257 234 2924 1081 209 135 111 152 153 158 155 156 134 159 169 364 366
264 8052 5812 3979 5347 9560 3054 7720 1990 1628 2792 4821 907 1895 4111 4695 9222 7268 282 111 1987 11674
265 8052 7278 7607 6735 6537 6527 6024 4915 1226 1452 1008 978 715 111
266 1915 1902 2014 1697 1085 1205 5477 1011 1096 538 10488 256 136 111 284
267 7257 1903 1904 1905 5445 2172 1372 1315 1316 1317 5094 5776 1078 877 2244 3159 933 560 686 246 245 293 111 1278 125 174 571 207
268 2014 2013 2639 1087 1085 1008 978 1096 210 111 447 448
269 5042 2569 7755 2717 1212 1007 933 2244 478 255 111 134 156
270 6291 5320 7630 112 765 7250
271 10426 1901 4620 4024 9085 7431 112 6579
272 3162 2609 5490 990 2424 2538 5224 7183 1125 1573 12399 4107 6230 876 9373 6934 7213 859 2269 6380 6327 11672 3709 6578 10291 644 4727 12788 506 3362 10153 6038 842 3179 5532 7661 8514 2786 6943 7616 7431 4198 1154 113 3022 4594 9965 8674 7168 300
273 8326 182 114 379 380 8320
274 4637 3375 1902 3006 1405 2713 2715 2719 715 1044 831 725 378 115 196
275 4788 1910 1913 2569 2566 1095 2713 1094 2719 1186 1113 2714 1452 1011 2717 1088 1212 1226 2715 1085 1082 6823 1181 1183 1184 5477 1182 1205 1089 1092 1050 1327 237 238 116
276 4505 3466 2014 1914 1371 1326 582 831 152 116 297
277 5275 4513 3470 4669 4511 2566 1902 1302 1211 3459 7754 1194 1191 1192 1189 1187 7707 939 940 1097 1099 1114 5650 625 830 1628 560 826 214 251 247 674 116 132 158 296 298
278 7823 10591 7978 10497 6489 848 1680 3559 3778 1070 1230 117
279 5568 681 1718 2090 2872 118 8260
280 5879 8002 7723 5460 7282 118 993 6054
281 12662 6448 12811 9034 3842 4762 7934 12462 9678 10093 5520 1527 1235 837 5891 118 6205 2312 5476
282 148 276 78 225 73 94 386 56 30 55 72 81 63 66 8322 350 18 44 54 120 161 524 65 93 186 119
283 5596 1810 9723 5749 1398 3504 4040 3084 123 4037 11177
284 8390 85 219 340 124 565 471
285 6521 6023 2720 2714 2981 4669 1643 1195 335 125 7756
286 6520 6594 6000 6001 6024 4787 2718 2160 2395 1912 1914 1909 3342 3880 1695 7755 5712 4534 5075 1372 877 1079 1244 1477 1098 8605 560 478 933 461 470 397 307 308 125 282 133 285
287 6000 4788 4896 1697 2717 2307 1003 2848 1619 561 933 244 294 2387 190 125 3582
288 3320 1846 3067 8363 3082 4069 2090 3584 125
289 6520 4788 4513 1911 2011 2013 1904 1902 6825 2717 2608 1094 1095 1226 1452 1091 1093 1089 1088 1182 1079 1082 1205 2505 5204 1077 6821 6829 6831 1011 1039 2311 1184 1092 1021 1244 1003 1004 1050 1326 546 125 231
290 5496 5299 4513 4149 8190 4669 7118 9293 2504 1211 125 176 169
291 2174 4111 848 2722 1055 478 4014 279 254 464 241 125 135 235 7136 297 7250 115 1322 151 391
292 6789 6866 6628 11993 6756 7459 8018 11418 6333 6846 11992 7207 8021 8082 10448 6396 6448 11955 7849 3319 4028 4669 3119 2720 4300 2396 5433 1904 1902 1903 1905 3671 1812 2569 2430 9966 2551 1473 1695 2105 1302 2171 2170 7752 10766 4826 2172 7751 7753 7754 6195 1315 3967 5598 1031 1080 2719 1189 1191 1090 6829 7707 6831 7582 1007 1009 1083 1006 939 1004 1020 1021 940 1097 1099 1477 4546 5650 1327 1619 937 941 933 938 2244 2930 4334 583 1314 560 610 470 1299 397 208 5998 4724 293 125 132 309 593 155 256 8594 4274 6133 297 299 1340
293 9981 4686 126 911 916 2376 6180
294 10273 3432 10307 8772 126 3242 5951 5134 3181 2727
295 1221 1769 12209 1539 1568 2091 4807 11230 7715 127 1517 3664
296 1144 4233 7374 393 3058 6952 8575 128
297 948 1562 5943 2123 3864 3905 2275 4647 4881 3008 3938 5134 5481 5854 6012 7530 7935 5135 3067 5646 6591 7715 129
298 1958 3250 1748 8660 130 6443 1273 2356 7775 3881 2322 817 10180 8257 7557 3589 5943 11909 7395 752 4511
299 887 1486 1475 1478 3067 1500 9749 131 8764 8966 11046
300 6961 7144 6897 6896 6958 6521 6427 6341 6520 6594 6428 6431 6001 6429 6000 8216 6023 6024 5442 3186 1906 1910 2013 2011 2602 3006 1388 1035 1082 1226 1084 1087 1011 1205 1034 1098 1183 1089 1184 939 1003 1244 1078 1097 1099 1114 1049 6690 1096 1050 1327 1600 7588 2389 248 234 2982 194 211 240 241 674 2386 242 243 244 245 250 464 246 249 293 254 212 239 233 247 255 125 238 309 237 231 133 253 208 152 153 299 155 137 134 301 132 156 296 2001 190 158 159 297 300 298 1317 4319 39 207
301 5036 4979 4255 2566 1081 2713 2719 877 2850 739 1077 1325 235 132 134 301
302 5299 4511 12158 2718 1902 1905 2105 2171 7752 2172 7751 7753 2170 1388 1088 1090 1089 1187 1184 1205 1093 7754 1091 1183 1182 1006 1097 4546 5651 5653 1326 4334 2930 937 938 941 1195 461 239 251 293 418 2308 300 297 237 238 132 153 158 159 378 155 253 156 53 104
303 4790 4789 4654 3979 2718 2395 2566 1902 2011 1910 2002 2012 1186 1188 6095 1185 1080 1088 1183 1089 1011 1187 939 1006 1078 1083 1091 1099 940 1477 5650 582 246 294 1278 189 132 156 159 153 296 8838 297 983
304 6873 5476 4916 4979 1085 1183 1205 1092 1004 1244 239 245 246 238 593 132
305 4111 1372 5393 833 921 610 829 1195 2389 211 132 258 697 482 196 367 417
306 1609 1089 6095 1187 1097 1477 6175 239 242 244 249 250 251 254 152 153 156 132 159
307 2622 2751 2718 6655 2566 2014 1695 1372 1159 1079 1049 1008 1034 1041 6825 739 715 2563 464 2387 2386 139 233 256 132 158 207 209
308 2002 1087 1081 2717 1080 2719 1032 1034 5477 6823 2505 2309 6829 1035 1082 1182 1205 6831 1096 8551 133 137
309 2012 2013 1370 1081 1082 1009 1049 1477 4690 6550 133 137 196
310 7135 6958 6262 6831 6024 1915 2566 1913 2569 6821 1187 1205 1114 1092 1244 939 1050 5652 5650 826 248 133 136 157 152 299 137 253 419
311 7553 2719 1011 1181 6823 1183 1184 1205 1003 1004 1021 1244 133 137
312 3980 2716 2003 1194 1097 242 243 281 111 133 76
313 8018 7278 7207 978 234 235 133
314 11906 8065 6698 11101 6187 3348 2341 1908 1910 1913 1906 6520 2014 2600 2932 3951 8106 9751 1657 1033 1312 9126 2713 2715 1185 1191 10518 1186 1188 1194 1192 1193 1080 1190 1212 1189 2608 1084 1226 2311 2505 5477 6821 2310 1452 1244 1003 1004 1021 4314 940 8089 1326 1327 5651 5653 538 5855 610 1325 640 246 6550 245 244 243 253 254 249 197 211 255 6593 138 152 153 697 133 137 53 1322
315 5299 5788 7082 5920 7598 5204 3119 2718 2720 2396 2014 1087 2713 1452 2312 2504 1096 1004 978 212 255 2308 2924 133 447
316 6687 2396 2003 2569 2010 3962 6085 1370 1372 2170 2172 7751 7752 1090 1092 1184 1205 2173 6195 7754 1096 940 1099 1477 347 133 137 189 132 156 253 448 155 158 159
317 1912 5507 1193 2172 12490 1078 10102 1521 1325 248 136 139 134 157 365
318 5959 5036 2312 6095 1008 6161 1049 6334 2990 252 255 134 571 698
319 4637 3777 2566 2569 1097 5650 134 448
320 2600 3193 6095 6821 1035 1082 1034 1049 1050 1326 4690 245 213 250 248 249 257 251 244 134 197 700 343
321 2011 1906 2010 2569 1009 1050 1182 1184 1205 1092 6160 5652 1060 244 234 136 343 134
322 7135 6520 6025 4790 4916 4511 2718 2720 1911 6913 135 139 297
323 6537 3965 12280 1905 5220 1912 10997 5221 5854 11969 7755 2714 1313 2713 6867 1041 2309 877 1099 2147 940 2850 6909 4951 1323 7159 213 135 139 284 1322 77
324 6537 6668 6431 6023 4511 3561 1907 2012 2430 7755 1697 6825 2714 1077 1098 1008 1041 1063 1060 5652 830 5597 1325 4014 5078 249 135 153 157 1278 138 151 111 189 207 447 53 77 368 419
325 8046 6735 6537 6527 6023 4637 4511 4151 1902 1905 2569 2171 1385 2505 2173 2314 7754 7752 1313 2713 2715 2719 6825 6829 7751 2608 1078 1077 4014 280 293 138 136 139 135 601
326 3271 1909 1914 2173 940 1077 240 464 210 135
327 6735 4896 1908 2714 1099 1244 6655 921 718 4018 9249 244 135 136
328 12137 8046 7278 6735 6527 6023 3973 3375 2476 1904 1914 1371 1007 1033 2608 715 1077 454 556 135 152 153 309
329 6992 1908 1902 1904 1188 478 252 2308 282 138 135 1812
330 1915 5476 1193 1050 939 834 1077 1325 157 136 448 362
331 6958 6521 5036 4979 4255 3229 1902 3054 2172 7753 2713 1313 1191 1194 1009 1080 1185 6095 2719 1186 1188 1184 1205 1063 356 240 242 243 244 245 254 136 251 674 298 299
332 8052 8021 7278 7207 6825 1186 1188 1226 7753 1182 1205 978 1097 1327 234 136 111
333 11417 2065 2602 5507 2981 1326 3159 556 158 136 125
334 4669 3779 2160 2396 1902 2566 1905 2105 3193 1302 2173 2170 2172 7754 6195 7751 2312 1189 1190 1193 1192 1034 2147 1645 7707 5652 1097 941 938 937 5650 4546 831 5653 1327 610 582 832 387 214 335 293 247 138 343 136 258 155 159 104
335 7278 6341 6301 7583 5036 7886 2519 1903 1904 2744 2171 3574 2173 1316 1008 978 1649 3159 583 544 136
336 4583 1188 1192 1372 249 2386 136 253 284
337 1906 1911 2566 1695 7755 2608 1098 8218 1041 1097 1187 1003 1327 1060 560 2244 248 137
338 3330 3284 1405 3006 2172 1186 2608 1212 962 1184 1181 1183 1020 1021 1049 1327 239 228 399 402 452 403 406 137 327 330 401 328 395 3642 3853 295
339 1915 1093 1088 1090 6831 1181 1182 5477 6823 6829 1092 1184 1205 1004 1020 1244 833 1021 1078 940 1050 1049 1096 1097 1099 1114 1326 5651 5652 1327 2850 4546 5650 5653 4334 938 941 560 610 1163 233 237 239 242 243 293 294 2387 2388 2389 247 251 464 674 212 244 2386 241 245 211 249 250 240 246 343 238 231 138 309 155 137 159 189 158
340 2013 2003 1910 1913 3979 2002 2012 1907 1371 2608 2011 1084 2309 1184 920 1011 1181 1182 1183 1049 1044 1323 254 2308 239 233 158 255 344 137
341 8216 6761 12758 6897 6780 6896 6782 11991 6667 6822 6427 8026 6594 6429 6023 7490 4513 3979 3466 12716 10083 3552 8022 3056 2687 12717 1545 12661 1905 1902 6095 8780 1186 2608 2713 1011 6823 1032 6829 6831 1009 1007 1082 5477 3672 1212 3655 1020 1050 1096 1049 1114 1327 544 1536 546 323 252 239 254 293 294 243 356 245 241 257 237 238 231 255 98 97 100 137 99 326 327 395 328 661 253 401 36 8240 412 277 391 577 191
342 1097 1114 921 212 240 281 138 158 369 189 207 209 53 103
343 5036 2003 1186 6095 1087 1077 1096 5651 5652 138 139 571 363
344 5443 5476 5595 5317 4513 3128 8023 5853 3937 5284 2716 6448 3024 2066 1902 1370 1697 5236 1032 1009 3159 561 1325 610 10520 826 138 418 300 8653 419 4781 53 361
345 6831 1183 5477 6823 1205 1182 1004 1021 138
346 3186 1159 1049 257 138 157 156
347 2716 1812 1682 2608 1004 1021 877 1097 940 1050 5651 5652 1326 1327 831 6550 245 239 257 294 138 139 216 213
348 2718 1370 1372 2389 139 156 157
349 3375 1913 6655 1370 5075 1521 6825 1081 2170 2172 2173 7751 7754 939 1007 1009 1041 6160 1077 1314 210 294 139 159 111 209 24
350 6668 5334 3974 10586 1902 1903 1904 1907 1913 1909 1186 1188 1313 6095 6825 1080 2717 1050 6823 6831 1011 1032 1033 1034 1035 1079 1082 1183 6821 6829 1244 939 1078 1003 1004 1326 1327 242 243 244 246 249 250 2389 239 300 464 2386 2387 139 174 39 419
351 7755 1094 1186 1077 1184 6825 1050 1041 1005 739 4014 234 248 254 139 255 134 157 447 448
352 1910 2600 2173 1388 978 940 715 1628 933 686 279 2386 725 189 139 4030 309
353 6521 7157 7710 7715 3995 2349 4610 5646 7711 3659 3757 4213 1883 6485 1009 1098 7707 1078 1326 1306 2848 831 832 2559 4334 941 937 938 561 933 1324 464 1323 2308 139 418 8295 125 138 155 301 4186 7444 105 169 74 285 286
354 551 8445 685 9324 2295 3208 5481 140 2356 5058
355 910 9544 2495 7824 9437 1929 2339 140 2777 3722 4805 905 6040 1611 2295 450 8406 4159 6177 7442 2404 3422 5284 1411 355
356 4512 143 2027 4176 8864 2925 4072 4365 12451 12365 7841
357 8234 6890 5849 7348 7744 7776 6608 7346 12557 6762 6701 6054 7377 4770 6793 10464 5808 3375 10709 3841 10735 6196 7027 11114 6440 11679 5226 11846 10240 5681 6149 5296 1912 11712 2569 2566 2568 2855 4911 1372 5656 9609 1098 4304 4407 4769 6329 1083 6330 6331 3324 7753 5586 802 583 1314 1325 2255 596 2388 2389 194 187 95 96 106 70 378 144 288 8300 7702 364 1340
358 7723 8106 7871 2489 4298 12492 11126 5716 7683 146 3048
359 5469 4129 5393 4409 9672 1851 148
360 8682 735 2447 8880 149 1651 4096 12443 125
361 12542 7452 149 353 2375 9787 3007 6254
362 2439 1017 528 532 550 2364 2727 665 8620 8621 901 9448 3584 6500 410 9580 353 150 127 819 2434 175 1267 1528 1679 1825 1883 2090 2323 2491 2662 2668 2746 2991 3056 3067 3082 3928
363 2566 1905 2569 1192 6821 2719 6161 1083 1089 1097 739 833 2930 240 464 343 697 151 298 74
364 2718 6655 2569 1695 8218 1372 1317 1007 1009 1035 1079 1082 279 2388 309 2389 344 151 6 285 362 367 417
365 1007 831 610 245 248 249 344 10099 151 39
366 6024 5042 12186 1908 1915 7334 1904 2569 1697 2172 2713 5507 1097 6160 877 2504 2850 1078 715 921 1649 11616 933 689 248 249 138 2308 134 125 151
367 3980 4669 2718 2639 2430 10516 8856 2311 1080 2310 1098 1020 1099 1114 5597 461 246 208 134 207 151 105 74
368 7253 6744 6432 3980 10250 4669 2003 2012 2014 2010 1905 1190 1212 2314 1003 1244 2714 2719 918 9384 833 831 1895 12147 7423 4767 478 5078 2387 298 418 1278 151 1322 286
369 6586 9644 2735 4255 2574 6960 2575 2732 2065 6241 1190 940 2147 1097 715 1619 3159 583 678 9655 12253 470 307 335 1278 258 207 209 300 571 10386 4031 151 75 7094
370 4637 4513 1909 1914 2714 1081 1098 2313 1097 1184 7670 335 213 152 153 151 53
371 8216 6897 6162 2002 2569 7337 5419 6936 1476 1088 2715 2719 2714 1085 1094 1190 1113 1095 8704 5477 6823 1089 1183 6829 6831 1205 1182 1184 1008 1004 1020 1021 3105 2285 3104 152 343
372 6764 6025 5959 12641 5476 3466 6731 1913 1912 3358 3193 1082 1032 204 234 2387 155 152 151
373 5334 1385 1386 344 152 153 7
374 2160 1909 1914 1003 1327 461 689 6175 152 153 53 364
375 1910 1913 1077 1041 1114 1049 1050 213 152
376 8052 1649 5597 678 248 418 282 152 153
377 4916 4587 3470 1907 1914 6655 1905 1695 1697 1372 1387 3006 1159 2307 3324 1521 1097 7707 6160 6690 1326 1077 1895 560 1325 546 587 585 722 478 461 470 2933 204 181 152 155 102 84 86 151 91 738 1098 368
378 1159 5477 1034 1049 2850 689 828 4128 2388 153 447
379 6429 12008 5476 4255 3391 2160 1902 1090 1091 1093 1088 1184 1089 1092 1205 1181 1182 1187 7707 1097 153 216 300 301 297
380 3979 2105 1370 1372 1696 1398 8218 2719 1697 2314 1099 1114 4334 921 2244 464 153 157 135 365 368 7
381 4513 6257 7755 1302 6033 1092 941 937 938 4334 2308 293 343 299 132 189 301 155 156 159
382 848 895 155 1077 7925 4821 156 899 802 1644
383 6427 6341 6428 6429 12063 7034 4513 3561 3973 3466 4511 2395 6129 1937 1905 2639 2105 2171 2430 1473 1695 1372 1697 1385 8854 1007 877 1205 2147 7707 1041 833 1077 6690 937 938 941 718 1163 689 5078 470 397 136 139 293 155 156 7641 297 299 75 77
384 8021 8018 7144 7207 6341 6520 6594 6003 5959 5299 6521 3119 2718 3186 1327 239 674 378 159 137 155 38 391 286
385 1903 1904 1902 1910 1905 2002 4255 8218 1212 1032 1034 1084 1085 1006 1183 5204 6821 1007 1009 1011 1033 1079 1083 833 939 1004 1021 1035 1082 1098 1020 877 940 1096 1099 1114 1327 4546 4334 397 2387 293 674 725 1278 4015 155 296 298 159 158 189 59
386 4788 1909 1910 1905 1907 2105 2171 7753 6195 2173 7751 7754 1189 1094 2713 7752 1088 1190 2714 1186 1192 1080 1091 2608 1193 1226 1093 1452 2715 1011 1034 1182 1191 6823 1194 1184 1181 1098 1092 7707 1006 1183 939 1099 1097 940 1326 1327 937 941 826 250 243 217 208 242 249 418 239 247 244 674 2386 294 2389 211 2388 238 245 464 212 135 155 296 153 132 189 207 298
387 11197 7850 6405 7387 3466 7264 2885 3204 10431 10452 4588 5047 5190 5658 6075 7430 3129 6526 11524 3599 3714 3768 9488 2395 3530 11234 3927 5951 2856 5630 8053 3486 5407 6510 1914 9921 1937 2002 1905 5562 2863 5555 2405 5716 1697 4678 1643 5947 11288 1696 2447 4475 2614 3006 7675 6606 5075 4479 4833 1899 4485 8670 1211 2170 2172 7754 6195 8218 1079 1091 877 1090 2311 993 1681 1326 1327 546 924 1649 8023 610 561 1325 933 718 1069 686 1163 339 8330 369 1830 280 2387 155 7641 1322 53 59 365 4983 368 361 417
388 1906 1472 1079 7752 1452 2608 1085 1183 1011 1205 1114 939 1477 1097 1327 1044 253 293 156 137 132 159 75 196
389 1003 1005 7500 8175 5309 5308 4062 4067 3050 10350 204 1642 3830 307 10409 176 156
390 4788 12540 7811 6225 2716 7470 12819 7048 1908 1903 1904 1910 1913 2010 1695 1697 1080 2714 2312 1077 1003 1113 1189 1085 1183 5477 1034 7707 1011 1004 1020 1021 939 1099 4690 8304 197 254 245 151 152 153 156 4963 1777 362 367
391 2720 1907 1912 1697 1316 3459 2715 387 156 159 176
392 4787 4788 4881 1913 1910 2608 2714 1005 1050 1114 1226 1007 832 4334 722 242 156
393 6662 7868 7912 7959 8040 7956 6713 7347 12452 7348 4990 6228 4513 11078 12021 5361 4511 1909 1915 1908 1914 1186 1188 1192 1191 1194 1193 2714 2717 1077 1009 1007 939 1099 1114 940 10918 11077 279 281 10289 244 245 249 174 156 157 7640 242 243 250 2388 2389 10974 3018 3562 6663 6664 7553 7554 7557 7859 7945 1655 5242 6955 6149 7098 6212 296 298 207 209 4488 4507 8041 12303
394 7207 5476 5042 6162 1902 1903 1904 1472 2002 1372 1313 1049 1244 6821 1326 832 4014 234 156 157 4015
395 157 3109 4059 6142 1128 4539 156 180
396 5828 4511 3980 2569 1041 1477 6690 1326 546 583 1455 252 254 135 157
397 12445 6521 6594 6527 6000 6003 11657 6063 6064 6304 7021 7706 7409 6305 3980 3470 2716 6146 1316 1159 2172 7753 2170 6001 2244 5597 478 157 125 419
398 2566 1911 1473 1696 1697 2715 2314 1004 1021 6161 8605 3934 561 933 478 686 4255 2097 506 213 241 297 300 158 8243
399 12631 4187 3375 1914 6923 7754 1313 1032 1034 1398 6829 1097 2540 3640 1619 2244 538 561 7447 686 593 1323 158 1830 134
400 3119 2716 2011 2566 1812 1697 1398 1159 3006 1050 1255 4027 830 1044 831 294 197 282 237 301 158
401 5507 1371 1398 1077 1083 1079 1078 2848 686 158 11309 60 1322
402 7329 3777 2014 1091 6095 1190 2713 1187 1079 940 1097 1477 1099 1114 1326 1327 4334 4546 5650 5652 5653 1195 251 247 250 212 239 674 237 238 593 158 159 189 296 298
403 5744 3119 4187 4669 2160 2566 1812 2569 6195 1371 1082 5376 1084 1079 1188 1078 4409 1184 1089 4030 1327 6690 4728 898 921 1619 1195 686 689 249 241 308 158 378 286
404 6023 5299 1902 1909 2569 2715 6829 1032 1034 1182 1205 1033 1326 1327 1477 1195 2388 294 674 197 309 212 593 158 501 301 626 597 0
405 1912 2010 1904 2013 2012 2003 2014 2002 2569 7754 2170 7753 1185 1093 1187 1092 1184 1097 1327 832 197 247 251 239 237 238 159 189 301 448 155 158
406 7135 5334 4787 4979 3466 2622 3275 2751 4669 1905 1902 1910 2011 2012 2013 6655 2066 2173 6195 7752 7754 2170 1187 1184 7707 939 1097 1326 1327 4546 5650 5651 5652 5653 937 938 941 4794 248 214 251 254 211 242 293 212 241 244 246 250 1707 213 255 208 237 238 231 309 159 297 59 207 209
407 490 621 160 49 220 23 201 374 10 69
408 1484 162 1236 4161 6482 7416 5247 11010 5610
409 4896 985 2234 1004 1050 2504 8022 163
410 5072 6632 6952 3448 7390 4275 4563 11308 12030 1902 7628 3112 3113 3285 2242 2951 2095 2392 3422 6190 5549 7096 3233 4671 163 5446
411 8895 6242 9134 10201 3697 5996 165 8729 1136 9323 2755 4684 1478 12472
412 4512 5396 7806 166 1071 1086 2634 3370 3371 7498 4552 4844 5712
413 7543 5133 11547 3729 8442 3935 1554 3489 2674 2766 2771 2488 167 2853 9983 3463 5587 11650 1960
414 7135 4979 4881 3778 2622 2718 1902 2639 6195 2170 2172 7752 7754 2848 4334 6730 1163 207 209 169
415 2566 1159 678 582 156 378 169 1322
416 6873 6001 5476 5088 7146 12444 11482 11828 4513 4255 12683 11652 5337 5360 6661 7836 7855 7941 6292 6354 7943 7956 11517 10703 11080 6505 7958 3778 11074 12447 3715 4890 2160 4626 7999 11714 2566 3358 1175 1896 774 993 830 583 640 1023 829 169 363
417 6341 8026 5843 6024 3974 3186 2395 2569 3358 7755 6690 461 831 308 194 698 447 38 169
418 1902 1697 1212 2307 1003 478 134 169 285 286 366
419 2569 2639 1372 1159 1326 582 308 294 190 169 286
420 4511 4512 2940 3252 12162 4521 1937 12073 1907 1472 1033 1088 1091 1093 1212 1032 1034 1035 1079 1082 1078 2505 925 1187 1089 1097 830 4499 610 828 831 7394 976 674 1236 2511 302 2386 301 356 9590 293 734 8079 282 10073 104 169 8742 1175 310 8978 9522 4858 3027
421 1019 9065 1787 8309 7420 7484 468 1340 2960 4279 8121 1425 389 170
422 14 273 524 173 177 658 119
423 939 1004 1244 1619 560 244 284 293 228 174 132 189 297 391
424 4881 2720 3979 2160 10065 4513 1903 1905 3574 2601 1388 1405 1078 3777 831 1619 1649 280 204 418 1278 174 125 207
425 11694 6780 4669 12747 4931 7883 5954 6909 10921 7277 7098 8053 4463 2656 7639 9984 9589 4607 3212 7250 2628 7401 9657 1651 7114 2049 4111 7319 5997 11884 2036 5770 12461 3738 4858 8222 5824 7533 5310 2947 10268 10269 4067 204 959 7583 3464 228 9663 1809 1861 8957 174 125 176 2001 1782 5476 1546 11693 3145 3435 4910 2091 10203 4534 2041 1115 6581 3778 1389 12740 4319 5862 4921
426 11130 5088 5700 3979 3119 4669 2011 2010 2569 1906 1302 1912 1031 1033 1049 1078 1404 1405 940 2850 3145 1895 470 302 387 356 194 174 61 416 196 76 285
427 3928 2662 2347 1017 854 525 8278 175
428 1345 1517 1679 2347 2397 2491 2662 2941 3096 3774 4807 5785 5914 6016 6591 6592 6605 9839 3615 3892 4868 11135 12099 2991 4577 854 3928 665 855 1489 1501 1604 175 1929 4087 4853 8037
429 4309 1929 2488 2578 2549 3796 690 1335 1478 9003 1872 1783 4920 7420 1283 1359 175
430 4414 1063 1619 1649 1324 678 828 826 3455 832 176
431 6528 6429 5959 6763 6951 6003 11460 4255 5580 3229 4669 11831 3119 4365 2395 2396 2013 1312 4967 11573 4056 2498 7678 1007 1009 2848 1899 3768 10236 546 1895 1154 4864 7625 2497 8884 3194 8231 6530 176 228
432 6341 6024 6023 11247 3314 3979 2718 3186 2716 2717 1032 1034 2314 925 6690 5112 6550 176 11504
433 6961 6432 5443 3980 1316 1049 1649 240 2387 176 216 571
434 8018 6341 5299 5088 3186 2622 3552 6707 10060 9774 8110 8113 1316 1159 1380 1098 2273 1005 5562 2967 9422 6378 2566 1365 10800 6133 6530 752 5508 1619 1642 3493 2453 2454 282 176 2350
435 6895 3979 2057 6690 1649 5078 214 176 417
436 7146 7092 5036 6003 4872 4881 6000 4449 6039 3777 4132 3124 4133 10391 2716 5317 2160 3673 3488 8192 5939 1910 1913 1907 2602 5507 1643 1211 1159 8854 2519 2713 1085 1194 1094 1189 1181 1006 1182 1183 1205 730 3672 3853 1003 1244 1078 3642 940 4314 1327 544 1649 2255 933 4152 829 9639 339 228 282 227 1861 176 326 159 296 298 55 45 198 328 330 412 577 76
437 7135 7989 7991 7207 6959 6958 6341 6520 6001 6523 6525 6526 12135 6289 2160 2566 1909 1914 2065 2569 1697 1212 962 1372 5075 1098 1190 1078 1327 2930 2386 213 235 284 176 447
438 11912 4285 6655 11941 6707 1372 1033 1371 7707 5602 538 678 213 176
439 8021 7459 8018 6521 6520 4513 3778 1472 1034 1098 8854 1609 178 282 293 350 168 301 300
440 10773 4920 1620 4122 952 969 1139 1497 1565 1687 1987 9408 2404 3744 3933 3935 10450 4450 5047 5284 12820 505 632 892 1014 2553 2942 3082 3202 4105 6248 8081 1052 1219 1725 1988 2145 2383 3016 5588 1154 1733 179 860 1738 2141 2756 4775 1136 2629
441 8052 7705 6748 7939 7135 6537 6341 6527 6023 6024 3466 1903 1904 1370 1697 3642 3672 3324 3853 3655 350 181 339 1340
442 5959 4915 4788 4414 3470 2720 2476 1904 1906 2003 1910 2013 2239 6839 1905 1302 1312 5075 7753 2173 7752 1080 1094 1113 1212 1093 1193 2608 2714 1088 1085 1192 1226 1095 1191 1452 1091 1190 1090 1189 1184 2309 2310 5477 6821 1205 2311 1182 5204 962 1006 1098 8605 1050 877 940 1049 1099 1114 1097 5651 1326 5650 1327 5653 4546 1628 941 4334 546 181 239 235 256 102 84 86 91 125 237 80 238 593 110 296 298 6518 297 368 416
443 3763 4111 2438 2614 10190 11696 11789 7710 4395 6780 7158 5812 5705 7715 5029 4527 6411 84 181
444 8782 1930 181 4632 8005 3790
445 3542 10684 4506 6796 6953 8053 10434 182 426
446 2842 8699 9992 10011 3775 4057 10895 6651 12690 7979 12743 569 635 641 905 3141 11621 276 3007 185 306 394
447 12458 12583 8946 781 3935 5666 11424 8795 11039 5288 4019 818 889 10157 577 6921 5787 188
448 1904 1911 2566 1905 1695 2170 2173 1404 8218 1079 1041 1078 940 6160 739 831 2930 560 1069 1163 1771 2387 111 301 189 1322
449 6668 6527 3973 5797 1909 5311 1697 1371 1372 1078 11436 1096 2147 5653 1965 3790 4583 6133 782 1195 387 241 1278 298 189 365 9242 9868
450 7753 6095 1185 2715 2719 1090 1091 1093 1088 7754 1188 1087 1095 1113 1092 1187 1205 6823 1089 1181 1184 1011 1183 1191 1192 1194 1182 1034 1083 939 1244 1021 1003 1020 1050 5651 239 254 189
451 3466 2720 1905 2105 2171 1007 1081 2172 7752 1188 1191 6095 1089 1184 1205 1326 1327 5651 827 257 240 244 241 242 243 249 216 189 301 365
452 6429 4512 4669 1910 1913 1903 1904 2011 1908 1907 1902 6095 2713 2714 2717 1185 2715 1077 3324 1007 1009 1006 1035 1082 2505 1079 1083 1099 1114 2309 1049 1050 1327 829 831 241 244 245 251 254 240 252 250 249 246 197 247 309 189 158
453 4669 1909 1913 2013 1905 1914 12341 2569 3574 1371 2147 1049 1050 1314 640 1866 1324 197 556 593 190 207 132 378 105 77 196
454 3643 7053 5590 4415 3665 2720 4301 2569 2639 1697 2714 2715 9925 6821 833 561 464 294 190 132
455 4512 2639 1697 1032 1033 1041 831 610 470 190
456 4999 9143 3229 4793 2838 5040 192 5153 1816 4531 4636 12178 3871
457 4113 3808 2695 3787 6180 9478 5604 10787 7676 192
458 8648 4449 193 2071 2155 5475
459 193 2629 4694 600 344 948
460 7607 6897 6431 6000 5442 4511 3561 3330 2600 3358 1386 2312 11773 921 461 470 194 2308 1036 4002
461 2714 2173 1327 2850 1628 3159 5842 307 308 194 249 250 212 244 2389 243 2388 190
462 11040 7452 1209 3249 3999 4010 3702 3703 6938 12517 3099 5981 12200 7368 10878 5053 7397 7398 2619 2618 10004 5846 1405 8907 9734 9171 1077 10658 2713 5070 718 719 1561 4018 7922 194 698 6631 75 523 361
463 2476 7424 1188 1049 2836 2837 397 194
464 11924 6712 9427 9241 6214 546 7996 5298 195 403 406
465 8021 7705 8046 6521 6511 6594 6000 4915 3470 1902 2717 544 543 547 402 452 399 1278 228 227 190 326 328 395 641 5613 195 1340 23
466 8015 3470 739 830 827 543 544 478 1195 339 350 195 178 111 70 69 399 402 452 403 406 327 328 329 330 331 333 395 401 95 96 24 400 597
467 6268 2717 1187 152 153 296 151 196
468 2716 3979 11186 11684 4551 2566 1902 1905 2602 1695 1211 6825 1159 1098 1191 1194 1771 1097 877 561 678 689 335 159 698 196 75 285
469 11727 3710 2569 1695 1696 1370 1372 2715 1403 1082 1035 8218 1078 1244 2309 1079 1205 2848 1077 1628 2389 464 948 2388 6550 369 39 169 8358 196 417 286
470 8018 7207 1907 6337 1195 197 1322
471 6395 2566 1908 2013 2602 1388 5310 1190 1192 1193 1194 2715 1094 1226 2608 1212 2505 1032 1033 1034 1205 1315 2713 1006 1007 1009 1082 1089 1098 1078 1114 924 5652 1326 1327 546 1681 4062 5308 1325 585 722 3853 305 323 397 350 210 228 8302 227 464 2389 197 533 294 257 243 399 403 452 178 1861 299 152 8936 366 412
472 7670 7703 7985 7983 3186 2003 2310 5673 4690 197 210 214
473 2314 4394 1078 1049 877 1097 1327 294 1278 241 197 258 158 77
474 11994 7960 4513 3561 4329 1905 2960 3849 5848 1302 1521 2314 2307 1049 198
475 427 2039 2756 5158 6242 227 199 8053
476 5309 12481 5158 5700 11075 9104 7364 267 394 1233 200
477 3375 1904 1905 2569 1695 1078 1034 1009 1099 1327 1114 1077 715 921 933 689 204 234 134 698 700 135 207 53 365 368
478 8026 5275 4512 3665 2395 3271 1908 1904 1909 1696 2430 7753 1191 2314 1005 877 1326 937 538 898 5078 2990 204 214 210 2386 470 284 6 74
479 6704 8106 7126 8874 205 1425
480 1996 10278 1784 6185 3334 4104 5269 206 345
481 2395 2566 1302 1098 1477 4334 827 174 238 700 158 189 159 207
482 2716 1915 1914 2012 2600 3193 1190 1191 1194 1098 1004 1008 6160 2848 2850 1895 1314 610 1069 686 828 234 241 156 190 231 207 196 364 366
483 6025 4414 4777 6162 2622 2716 3366 2395 2396 6655 1902 1906 2013 1657 1193 8746 1081 2311 1097 4334 561 214 216 207 417
484 4512 3271 2525 2160 1033 212 207 209 297
485 2720 1210 1473 1084 1032 1034 6821 1035 1082 5651 5652 5653 1326 1195 281 139 197 240 247 244 245 251 246 211 158 697 137 159 207
486 6164 6167 4669 8213 5144 2160 1909 3054 1905 3109 3778 4803 1473 2171 6195 8854 11896 2170 1387 2105 7753 1189 1088 1093 1084 1085 1188 1006 1184 1083 1092 1039 1183 939 940 1097 1099 625 5650 4546 937 938 1104 561 5320 294 344 1278 207 209 299 61
487 3375 2716 1185 1187 1477 347 240 257 245 254 251 208 213 278 60
488 12386 6151 1908 1915 12196 7620 4546 5650 560 561 208 189
489 3665 4669 8045 1902 2003 2569 1914 6336 1905 2697 1697 1159 1244 10567 831 208 8373 256 211
490 1695 5238 5239 5458 1033 2981 1313 2713 1098 1244 877 2147 2848 2850 1077 6274 933 2244 5597 2930 506 4767 248 214 213 2388 235 418 369 571 209 132 139 626 8601 4624 12411 151 7 391 286
491 8052 7939 6341 6000 4789 4511 2566 2012 1902 1910 8068 2639 8086 8902 3212 1095 1189 1191 1193 2713 1212 1190 2714 1085 2717 1094 7707 1006 1083 1080 2608 6823 1063 1226 1092 833 939 1097 1099 1114 940 1327 1619 246 463 194 208 207 209
492 4131 2612 1194 1181 6095 1095 6823 2715 1099 1327 209
493 7410 4787 4957 4790 4881 4513 3778 3790 3274 3979 2160 2396 2602 2715 1190 1191 1194 1080 2227 3324 1079 1007 1009 1035 1049 1187 2311 939 1114 1099 1477 625 546 5652 4546 5653 1536 7542 339 350 210 178 254 294 2388 2389 2386 243 251 252 321 240 242 249 211 241 197 227 402 403 155 159 299 326 399 406 626 158 181 12 151
494 6431 5476 5442 4513 6920 3275 4669 10416 2525 2476 2566 1912 1907 2066 2569 1695 1035 2310 6825 3459 2314 1186 1188 2714 6095 2608 2504 7754 1316 1005 7707 1006 1089 1182 1184 2713 2715 2850 1097 1077 933 279 281 210 233 335 1323 156 157
495 1387 1050 1628 1314 210 241 2388 190 75 77
496 8052 7939 5334 4512 2639 1113 1193 210
497 2716 1914 1682 2981 1187 940 1314 210 111 244 674 300 250 297 1651 1340
498 6627 2519 1907 1912 2569 210 2388 134
499 7705 8018 7207 6000 5959 5334 2718 2639 1472 1097 2172 2566 1314 678 832 210 246 571
500 3974 2566 1697 8218 834 1326 211 243
501 4513 4511 1904 1905 1192 1313 2713 2505 1244 1097 1477 5652 1327 1326 941 640 5003 829 244 239 247 2389 2388 242 211 243 251 246 249 245 250 257 208 233 464 309 593 296 300 8293 362 151
502 1937 3574 1193 1192 6821 978 877 6160 739 1327 2930 640 210 249 212 242 435 134 153 207 59 74
503 7939 2313 2172 6195 7751 7752 1085 1192 1193 1084 1188 2311 6829 2309 6831 962 1035 1082 5477 1032 1007 1034 1099 1114 5651 1326 1327 937 4334 246 211 243 244 245 2386 257 197 2388 2389 250 239 242 240 249 212 309 593 133 137 134 155 153 159 344 156 152
504 5334 7072 1906 2160 2173 7755 1006 1190 5653 4334 212
505 5476 1902 1903 1904 2014 2003 1913 1911 1910 2719 6095 1080 1093 1185 1908 1084 1188 1095 1190 1011 1083 6823 1205 1192 6829 6831 5477 1033 1035 1326 1327 252 254 197 2386 212 1278 378 298
506 2013 1452 1609 1005 1078 1049 625 832 610 1325 213
507 1908 1914 1697 8218 2608 1083 1003 921 561 478 686 213 248 1649 2240 3349 5595 7220 7689 208 1278 298 2844
508 1398 6832 962 3159 719 689 213 156 157
509 8046 6894 10436 6162 3665 1906 1911 1372 1041 1097 5651 6690 2850 1327 5652 4546 5653 1326 5650 11931 739 941 937 938 4334 1325 640 2389 254 293 250 309 211 247 251 213 137
510 1081 1089 213 233 251 1322
511 8052 8021 8046 6748 6521 6341 6520 6528 6527 6001 6429 6000 5275 5602 3974 5841 5413 3229 3285 2160 1912 1370 1372 1398 1396 1609 1049 1050 7113 1326 3024 1628 933 1660 2244 478 213 2387 296 298 365 368
512 6896 5959 5275 4915 5434 4512 3561 3979 2395 2065 1906 1907 2002 2013 2003 2608 2714 2715 2719 1192 1193 1226 1452 1191 1194 1080 2713 1090 1093 1094 1095 1034 1083 1189 1085 1186 1188 1087 1011 1020 1244 1004 1003 1021 6161 1477 5650 1327 1326 214 674 571 228 174
513 3974 3193 1387 1009 1189 828 214 369 571
514 2295 2684 1748 140 8651 215 4118 5396 5576
515 3200 4646 1905 1937 1910 1913 1902 3054 1371 6821 2172 7753 1188 2719 1189 1181 5242 6367 993 11177 546 228 387 258 418 216 297
516 5406 8122 6655 1050 1041 1049 1649 234 571 216
517 7770 6735 6024 5959 3973 11510 5511 2566 1912 7359 3972 1398 1775 1079 1212 1031 1032 5277 6944 7480 1477 2160 11129 898 7048 7716 1195 2249 674 8980 2465 217 464 2388 4013 53 75 363 8358 364 366 419
518 8052 6748 7705 8018 8046 7939 7207 5959 4511 3777 3974 6162 3665 1697 7755 1182 2313 1184 2309 6160 217 239 297
519 6782 1244 6831 6823 4690 231 234 217 233
520 6162 3665 4732 2396 1163 217
521 7135 3466 3186 2002 2566 2010 1182 1244 1183 5075 1008 2850 217 253 53 447
522 7056 11419 7375 2990 5732 284 218
523 8307 101 340 2678 322 219 266 1626 8239 9 42 63 8489 642 9152
524 7287 11198 7092 221 7582 3345 4896 5791 7770
525 9945 10396 5835 4540 7880 4138 3158 2150 5086 8030 10645 2879 5393 125 222
526 594 497 520 1278 315 223
527 8348 1934 8253 568 7573 224 345 508 3208
528 1787 2082 3091 8315 1500 2629 3504 3685 1745 2090 1891 226 5258
529 10659 5556 6766 7319 3106 8045 4923 10860 2654 4749 11642 10470 4298 3655 3738 7808 2252 7407 5942 6391 8519 6318 6810 11963 5810 10505 4113 5896 4255 3125 6091 4005 345 227 12603 6190 1536 626 6647 3597 4748 612 7372 10373 36 597
530 11981 2312 7197 3970 2013 3917 546 2395 2211 227 4179 391
531 1905 2566 1370 1372 1902 1212 1405 8679 877 1006 1404 1244 2848 7755 924 4062 5308 3193 544 2244 461 350 397 339 228 181 227 220 306 85 326 45 206 685
532 5834 4967 1807 1310 3290 8490 9330 11576 2393 11643 7493 9897 707 438 2791 4801 12148 228 8997 9004 403 327 328 330 395 22 23 84 10039 597
533 1657 3665 6160 6701 2240 1967 228
534 10627 6367 5000 229 5584 351 569 579
535 230 829 8213 8254 1478 6378
536 1907 1904 2105 2171 1404 1210 3459 1212 1113 1186 1188 2713 2714 2715 1081 1085 2717 1080 1189 1190 1193 1194 1226 1452 2608 2719 7754 1191 1192 1089 1205 1184 939 1097 1099 940 1477 941 2930 937 938 640 461 4767 8304 678 248 2386 246 247 2388 2389 2387 212 241 252 254 211 242 243 244 245 257 418 674 240 249 250 293 593 207 238 237 298 309 231 190 296
537 4513 3466 2525 2566 1093 6095 2719 1084 1091 962 2310 1090 877 1477 1049 1050 1327 5653 610 582 153 6550 231 309 4013 237 238 700 159
538 4511 1937 1084 1094 1326 933 4767 233 231 111
539 6404 4916 5721 3973 10302 2450 1902 2012 2569 1906 1771 2002 3054 1387 2170 3193 2719 2715 1191 1194 1192 1085 1190 1189 1080 1032 1034 5477 6829 1182 1033 1184 6821 1079 1035 1082 6831 1089 1006 1007 1009 1098 1063 1083 939 1096 1099 1114 1477 1049 1050 1097 5029 940 6690 1327 4546 5650 5651 5652 5653 1326 830 2244 933 640 610 1069 387 561 251 254 293 239 674 242 247 250 211 176 197 238 593 237 231 158 298 299 189 155 159 301
540 7144 8216 6959 6667 6427 6003 6023 6024 5959 5443 4790 2160 1912 1906 1385 1387 1088 2172 1521 1185 1005 1477 1184 1205 4504 1097 5650 1895 560 2084 1278 238 231 237 213 593 53
541 8021 7939 7607 6432 6594 2612 1937 1192 1193 1190 1091 1085 1093 1094 1185 1191 1194 2608 1088 1186 1188 1452 1095 2719 1080 1081 1113 1226 1087 1011 231 24
542 4613 3725 4056 6968 4103 11002 1418 1486 1337 4459 232
543 1913 1370 1085 978 1008 1326 1327 233
544 7144 10948 5831 1085 1087 1078 940 1477 1097 1099 1114 544 397 228 233 95 106 309 593 8243 597
545 7929 2716 2751 2566 2070 2639 8069 1039 2476 1184 1008 234 369 235
546 4512 4131 3271 2065 1907 1913 2013 1902 1905 1035 3652 1091 1184 1205 1004 739 234 134 1322
547 6857 6861 11900 6269 7278 4547 6761 4806 6760 7368 2146 10963 2312 5939 7262 234 8751 7580 1397
548 8018 7705 7939 7278 7207 6667 6024 3466 3665 2720 2010 1905 7755 1695 1088 1094 1184 1226 2313 1008 1181 5477 978 1078 1096 6160 2850 739 1326 234 248 137 233 111 231 151
549 1915 2639 1188 1084 257 235 571 363
550 8052 7705 7278 7607 6511 6667 6527 6024 5959 4789 4979 1226 1452 6825 1011 1008 1184 920 978 715 234 111 235 138 139
551 2601 1210 1403 2307 5477 1020 978 1050 2850 6160 1326 6690 4767 478 255 235 447 53
552 7278 833 834 1060 1327 235 448 209 378
553 7614 7379 1019 3115 10271 3934 1157 3692 8247 78 8432 4158 4529 7382 236 3407 3942
554 10728 11021 2612 1824 5434 6917 4365 7751 6195 1088 1090 1477 6798 237 238 406
555 1905 11765 11497 7752 8782 2404 1094 1087 1095 1188 6095 1113 1085 1080 1093 1192 1185 1193 2714 2719 2715 1035 1082 1183 6823 1089 1184 1007 1009 1181 5477 1187 1092 1004 1021 1020 939 1244 1477 940 1097 1326 1327 5651 5652 5653 546 4334 1586 2179 1136 3584 7186 529 1713 2090 2716 3108 1954 3737 1003 1456 9249 3483 7142 6115 239 251 293 674 237
556 3466 2396 2013 2002 6655 1312 1093 1090 1091 2601 5477 1088 1089 1092 1007 1009 1032 1181 1035 1082 1034 937 938 941 234 237 293 356 8746 238 133 174
557 5036 4414 3466 2566 2569 7755 1091 1093 7751 1088 1090 1184 1205 1060 1327 4690 210 132 6550 237 238 6
558 7135 4787 2719 1080 1033 1007 1477 940 237 238
559 11830 11472 11774 8202 6522 1094 1091 2713 1452 1085 1093 2714 6095 1113 1095 1184 1092 5204 6831 1205 1182 6829 6823 2310 962 2309 5477 1097 546 3642 3853 284 216 238 237 399 402 452 333 5613
560 6873 6667 6427 6520 4789 5278 2010 1088 1093 1011 6823 1092 1163 1824 243 238
561 6528 4512 4131 1910 2012 2013 1913 2014 1905 1909 2002 2011 1908 1902 1083 1084 1188 1085 1185 1184 1006 1011 1091 1182 1187 1205 1183 939 1050 940 1114 1477 1096 1099 1326 1327 4546 5650 5651 5653 937 938 941 242 243 244 245 254 2386 2389 211 249 252 257 239 246 250 251 255 700 153 155 159 189 301
562 6668 6023 5299 4916 4787 8083 4881 4512 6162 2716 2566 2014 2010 1905 2639 11697 1696 2172 2170 7751 7752 2173 6195 7753 7754 1113 1085 1090 6823 1183 1011 2924 1326 1327 4546 5651 5652 5650 5653 1044 8045 204 239 251 4511 278 133 253 7650 8243 196
563 6432 6001 7338 4787 5088 2002 2013 2012 1906 2011 1910 1913 2003 7753 1372 1186 1188 2719 1192 1193 1084 1191 1194 1452 2608 6095 1226 1085 1087 1095 1094 5477 1184 1007 1009 6823 1035 1082 1182 1183 6829 1032 1034 6831 6821 2309 2311 939 1244 1181 2850 1326 1327 546 245 239 241 244 257 246 252 254 2388 2389 249 250 242 251 674 2386 593 137 155 35 84
564 4669 3574 1211 1082 2170 1035 1187 1205 308 241 242 282 212 247 309 367
565 4967 9674 1807 2566 2430 1310 2504 1050 241 210 343 207 209
566 7096 11714 4669 2720 9338 9339 1914 1912 1937 5446 2263 1770 4086 2741 7719 1388 1082 8854 2848 5653 2959 1628 583 5710 3934 2271 404 6737 418 282 190 7560 5579 241 367
567 6629 6003 8216 4881 2566 1302 1695 1697 1326 1477 241 2389 301
568 3119 4511 2396 1907 3574 1695 1302 1315 7752 1080 1643 1187 1189 1083 1006 1192 1092 1097 678 10661 6046 242 470 309 213 240 258 1278
569 4111 5886 3980 2720 4890 1909 1914 2105 8218 1159 715 681 242 138 176
570 7939 1194 6821 1032 1082 939 940 1099 1114 1097 5653 5651 1326 1327 2850 3655 1044 560 610 347 279 2386 280 2387 399 403 452 2389 242 402 247 241 249 250 406 212 246 174 134 152 327 330 395 159 155 158 329 333 331 401
571 4414 1937 1388 2713 2714 6823 1184 1035 1079 1082 1032 1033 1034 1182 1205 939 1003 1244 1004 1078 1097 1099 1114 1477 4546 5650 610 560 6925 1195 8190 250 2389 251 252 2386 254 242 243 244 245 247 249 212 464
572 5042 5036 4669 1906 1911 9686 2003 2014 2002 2013 2012 2011 1908 1907 5507 1372 8218 1186 1188 1194 1192 1193 1084 1095 2717 2714 1087 2713 1085 2715 1011 2311 1009 1082 1182 6821 1077 1032 5477 1184 1205 1089 2505 1004 1477 1114 1326 1327 560 279 347 344 241 254 251 243 239 250 242 189 253 137 153 190
573 3779 1913 1315 1404 2608 1094 7707 1190 5653 1886 2389 243 138 197 212 239 105
574 4324 1907 1912 3193 1370 1372 6825 1192 1032 1033 1035 1082 1477 1314 4767 478 244 245 156 157
575 11644 11664 5609 10909 5069 10652 7451 6769 7892 8053 8085 7335 5981 7600 3561 3974 5073 4418 4419 6232 3275 2171 244 245 247 293 246 194 211 212 250 197 156 258 7641 132 153 155 159 299 6
576 6873 12686 5036 3375 3779 5555 12109 4795 6293 2160 2566 1695 10546 1370 1372 1316 5652 5556 9986 4951 244 253 1830 133 153 105 1322 76 77 368
577 7144 7207 12841 6023 11973 12598 6162 1913 2013 2012 2002 2003 1521 9555 1094 1226 2714 1186 1085 1193 1087 1095 1081 3967 1113 1452 2608 6823 2311 1011 2309 5477 1182 1205 2505 962 2310 1184 1009 3672 3853 3642 3655 1020 1244 1004 1021 1003 1477 1114 1326 544 10020 9306 6702 11589 239 2389 245 252 243 254 1861 181 84 304 110 253 133 137
578 7135 6025 5334 5959 2493 2566 2569 1193 1186 1479 9101 6517 7755 907 11898 4005 4677 8676 8769 213 8226 245 139 169 146
579 6537 6687 5088 2566 1193 1327 245 284
580 2014 2012 2003 2013 1905 7753 2172 2173 7752 7754 2170 6195 7751 1087 1188 1189 1085 1088 1090 1091 1093 1113 1185 2719 6095 6823 1181 1183 1187 1003 1004 1244 1006 1098 1034 1083 1089 1092 7707 1182 1205 1184 939 1078 6161 940 1477 1099 1097 4546 5650 937 938 941 4334 11920 245 247 250 251 674 293 297 300 296 298 299 301
581 3951 1315 1187 6825 1078 1090 1088 2505 962 6821 978 1114 1099 1097 1050 940 1477 5650 4546 4334 6090 4255 254 279 213 307 246 242 243 247 293 250 725 212 211 239 244 249 736 158 8358
582 6024 5036 5042 4151 3330 4669 2569 1695 1371 1190 1317 1313 3459 1212 1078 1191 1193 2713 2714 1189 2608 1079 1181 1184 1011 2930 538 560 610 4767 832 246 235 369 343 344 378 196 1322 77 75
583 5334 4414 4255 2566 1912 1371 3666 8218 1212 6195 1078 6160 877 5597 561 1195 478 246 369 697 4015 378 7
584 8052 8018 7939 6003 6025 5042 4513 5036 3778 2066 1905 3574 1098 2312 5075 1088 1006 1182 1007 1181 1079 1083 1090 939 1326 933 4334 2388 246 725 293 301
585 8026 4513 3274 1697 1371 5651 5652 739 1077 246 248 249 132 136 159 253
586 2644 1697 2717 8218 2314 6832 1078 5653 6690 921 826 246 2387 208 294 249 190 300 1536
587 3375 1909 1914 2713 2314 1159 1005 1041 593 247 258
588 2012 2014 1188 255 248 249 111
589 4512 3665 3271 4669 4511 8046 1904 2012 1902 1910 2002 2011 1905 1695 7922 4848 12600 2170 7751 5075 7752 7753 2172 7754 2713 2719 1091 1313 1088 1090 1093 2715 1080 1452 1094 1189 2714 6825 1192 1193 1095 1404 2717 1113 1191 1194 1226 2608 1212 1087 1186 1188 1011 1181 962 1182 1183 1184 1205 1092 2310 1081 1085 2309 6829 6831 1089 5204 1004 2065 1477 1097 3938 5653 1326 4546 5650 832 1327 1163 461 686 251 257 194 250 242 243 197 59
590 6839 5959 7634 3973 6821 6825 6829 6831 1005 1020 1244 877 1326 1077 250
591 6667 6528 4637 4511 1477 250 252
592 8045 7731 3193 7269 4889 7883 8091 6784 2569 1910 2820 1915 10262 11606 11648 6329 6713 6238 10317 5583 7751 7752 1185 1188 1192 1193 1313 2715 2717 1189 1190 1191 1093 1080 1091 1088 5477 6829 6831 5204 1034 962 2309 1033 1098 2311 1007 1035 1079 7224 1006 1083 925 939 1049 1050 1114 1477 940 1097 1099 546 5446 5078 339 302 181 356 251 293 211 212 278 311 176 125 157 168 207 296 300 297 298 155 301 11866 72 73 120 451 533 412 277 419 286 368
593 11979 5324 3358 2105 2171 8218 1609 1188 2504 1387 1184 5650 582 470 302 397 556 239 251 254 403 326 227 406
594 4012 10060 10973 9068 1910 1913 1729 1906 2011 1185 1186 1188 2713 2714 2715 6095 6821 1033 1187 1032 1034 4814 1035 1082 1007 1009 1078 940 1477 1099 1114 1326 1327 323 251 156
595 4255 9921 6348 1902 7114 1905 1911 11767 8104 1695 7753 1372 7752 1032 1033 1244 939 1078 4532 2848 6690 1325 560 718 461 686 829 831 252 2388 152 309 155 151 367
596 5959 5651 5652 252 356 240 243 242
597 2013 7753 214 2157 151 343 253 6
598 6958 5299 3974 2720 1909 1914 1194 1077 1097 1327 253 419
599 7207 6958 6594 6001 4513 3275 4669 1386 1387 1405 7186 7862 5993 560 2387 253 282 174
600 4669 2014 1905 3193 6832 1186 1193 739 640 284 2387 251 593 253 132 137 158 296 298 8243 60
601 3466 2718 1094 9481 1226 2719 6095 2608 1183 1182 1205 6823 1089 1092 12344 831 255 253 697
602 3329 1902 2013 1904 2012 2011 1087 1113 1089 5204 6831 2311 1183 2309 1114 1099 1195 255 137 133 253 116 189
603 3977 4669 6535 2600 1386 3006 1212 1088 2310 2505 1181 1078 1477 1326 1327 4062 254 251 5308 211 212 208 299 301
604 11110 3330 6722 3979 1771 2171 2105 7752 2173 6195 1185 1192 1194 1190 1193 6095 1083 1182 1183 1205 1011 1098 6823 7740 1187 1006 1034 7707 1080 1189 3776 10017 1327 937 938 707 1246 1324 2182 2870 829 350 212 251 254 464 2389 674 247 8746 241 125 211 299 301 2057 10192 382
605 6891 6895 6023 6025 6906 11570 8189 3229 2716 2751 1909 1914 1902 2569 7755 1695 2171 7753 1697 7752 1084 1009 1192 1193 2717 1085 1087 1226 1521 1186 1188 1452 2147 2713 2719 1092 1184 2608 6095 7707 7754 1003 1031 1088 1090 1093 1191 1194 1094 1095 1185 1190 2714 1078 940 2850 1077 1326 937 938 941 4014 204 248 251 254 10362 194 138 343 153 157 378 53 368 419
606 1904 1913 2566 1903 6655 2569 1697 1085 1385 1185 1077 1008 1083 1182 1041 1049 715 255
607 3561 4669 2011 2600 1372 1005 6832 1244 6542 1195 3324 6675 347 294 387 256 698
608 4513 1905 1902 7755 2105 2171 2172 538 937 941 5078 197 256
609 6730 6240 5567 11257 4071 10889 11799 4846 4940 6362 6363 8065 12475 6754 6072 6333 11970 6492 6652 12041 7845 11882 11169 7854 12448 7834 5886 7238 12774 3979 9969 2160 1902 2639 9241 9206 1302 1372 3560 5079 1095 1181 1205 939 2293 2930 938 8952 678 2580 686 256 258 1830
610 5692 6204 6373 7019 3923 7299 7470 3059 10607 11470 5317 9311 1098 1497 1006 1083 1049 1079 6161 1187 1477 2850 940 1097 1099 4014 544 543 6244 256 3401 1278 4511 294 9440 7841
611 3701 6552 7399 11306 11781 12535 6928 1513 1915 10722 257 2187 4800 6017
612 6735 6537 11522 7180 7373 5760 6024 6025 5291 5299 5377 4790 7219 3878 4539 7519 3056 4669 3274 2662 7770 2569 4447 1695 2992 5263 6825 2559 1657 2172 6195 11988 877 1003 1244 1423 1478 2533 4898 712 1783 1159 1049 2397 1450 1060 1380 715 1327 678 686 7116 252 257 136 194 418 207 209 378 3438 1322 1340 362 367
613 1663 3199 4674 4801 11042 7987 11609 259 7557
614 637 589 8487 8471 522 374 429 8338 520 1278 341 259 350 352 314 315 154 108 334 317 142 8308
615 2710 5894 3145 9766 7250 6570 1615 2696 4255 5261 260 633 11880 1958 6203
616 2111 2489 4172 5976 2116 2873 7894 11507 7326 930 2755 6389 6557 7055 636 905 3078 3679 6566 7092 261 264
617 664 8483 524 658 262 312
618 11032 4193 10437 7055 1238 2021 263 383 692
619 7014 11583 6210 3881 3170 3535 3727 1657 1816 8359 768 265 3096 4182
620 290 124 266 667 8307 8390 595 8244 83 322 420 471 642 12
621 3660 6780 6819 6554 903 3401 8035 8120 7618 267 844 8588
622 5655 2593 2692 2275 7480 6032 4087 4930 7403 268
623 1478 2491 2578 2437 3856 7715 1679 670 9080 268
624 5436 768 1118 269 8082 1125 4549 4102 4608 1425 4452 927 9987 3452 6756 763
625 2799 270 768 9771 11535 7919
626 7144 5393 6431 7600 5051 7030 6970 5069 7292 7492 5634 4513 11273 2556 2660 9523 3387 3928 5646 2951 2195 5675 473 271
627 5967 2078 272 276 737 70
628 274 1794 2274 2146 7480 8106 3096 6080 3208 7186 748 798 1533 1585 1625 11435 8353 1125 2477 3535 4182
629 6521 4979 1911 1915 6911 1695 1370 1372 1388 1194 1114 1097 1077 5652 4801 4014 278 3498 258 285 365 366
630 4637 3274 5288 2066 1937 2601 4314 3308 5696 10424 4814 1187 925 1049 1326 8030 938 941 1163 826 281 247 282 1278 278 300
631 6863 2011 2600 2307 8152 279 244 245 285 76
632 12589 12673 12440 7887 12206 7032 7305 6462 5278 7205 4915 5088 4046 10344 5433 4151 6107 5424 4007 1907 1912 11281 6655 1182 8222 11467 6690 8816 831 4690 560 2241 686 280 304 1899 282 220 301 306 1322 103 448 3982
633 1912 1386 1202 2244 464 280
634 3974 1302 7751 1159 1085 1212 281 12398
635 1317 2717 1005 1079 1006 281 2388 2389 308 448
636 2718 1812 1191 1194 1189 1192 1193 1077 582 204 281 299 207 125 447 209
637 2726 8498 283 5059 12200 2814 7126
638 283 735 8015 1136 1916 8005 179 8399 10021 502
639 6003 6162 3779 1911 284 369
640 6668 5213 4881 2566 1697 5075 1405 2172 2173 6195 7752 7751 7754 877 2307 2309 1078 828 234 284 158 53 285 365 368
641 5476 5042 2160 2639 8145 827 7158 6197 1278 344 284 1340
642 6961 6896 6427 6341 6859 6431 6001 6000 4512 3470 1906 1911 1004 2635 3171 6967 4425 583 1605 5053 5573 951 5078 829 647 284 674 77 61 1340
643 4637 2718 2720 3186 3979 1915 1912 2601 1695 1682 1696 1386 1312 1387 1098 1159 2311 2504 1003 1244 877 2848 4767 678 208 335 284 174 364 365 286
644 12465 6427 6428 6431 6429 2716 4669 1212 2307 610 1324 1322 285
645 6520 4881 7559 4512 3979 3271 3186 2639 1473 2848 2850 2849 307 418 285
646 8052 6735 6023 4916 3186 6982 5507 1080 1095 3833 1035 1082 1049 921 1649 2388 701 8358 285
647 6686 5443 6617 6779 2396 1371 1388 1004 9231 1195 4018 5078 418 174 235 125 285
648 1902 1914 1937 2221 2600 1695 1317 1609 2244 674 207 285 416
649 6735 6520 8136 6431 7175 5443 5146 6217 12385 5843 6690 6609 5036 5088 6623 6365 7111 5441 5933 5690 12358 7997 7993 4512 5424 5446 4414 4732 6813 4040 5226 10277 4270 7531 11691 5182 5294 10302 10314 12808 6790 5102 5320 3920 7462 2725 4669 8231 3286 3969 12481 4733 6149 6002 2373 2405 2406 2444 2117 2395 4011 3662 2447 3352 6181 8204 11930 5916 5200 4973 9435 2566 7496 7609 6485 6963 4143 3357 7823 6368 4519 8144 5507 5877 2105 1371 2171 7480 1398 4123 1657 9668 3747 1212 5075 6232 11051 8153 3467 7623 1159 1031 5094 1091 11931 6769 3027 10632 1184 5851 6913 2850 6767 6770 3635 10602 11896 4449 7769 841 1662 8169 6401 9863 4777 3155 4873 1953 1941 1073 6090 11933 11934 7810 659 12473 561 538 583 3589 12712 5338 7167 1195 5510 12761 6127 3913 686 689 7192 10857 8291 5393 6795 2387 7466 294 889 5871 1278 1830 282 404 2772 4251 190 1235 2778 286
650 11922 7187 2499 1838 12320 3163 819 8894 2274 3757 4504 6298 2397 1714 1176 1262 7254 690 287 893 1558 8844 1005
651 10573 8982 8111 5594 5980 7374 2663 291 3712 6521
652 7939 10415 5816 5941 8142 7930 1318 291 311 1845 7738 423 761
653 2525 2514 6638 2066 1021 9412 5612 9717 11654 7237 1783 11728 7197 7880 308 293 243 242 244 249 250 247
654 3375 2011 1913 2013 2003 2002 2012 1513 1372 7752 1085 1193 1094 6095 1194 1087 2719 1084 2715 1205 2714 1011 877 1114 1050 1096 1049 1477 4546 5650 8526 826 1195 248 251 293 674 125 137 298 296 35 391
655 4669 2622 3186 1908 1902 1906 1907 1904 2569 3193 1371 1372 3459 1098 1210 1079 1035 7444 1078 1097 1114 2850 3778 4704 6345 898 921 538 2653 7149 387 214 464 1323 256 293 298 153 296 299 297 38 61 53 169
656 5334 2003 2011 1695 2172 2173 1090 2170 6162 1477 556 294 6
657 6897 6896 6521 6000 11323 4513 2395 2160 2013 1902 2014 1907 1087 1091 1090 2719 1184 6823 1183 1182 1205 1011 1089 1092 962 2714 2715 1079 5204 1477 197 464 241 2386 294 674 593
658 12364 4278 1277 5818 8626 4086 802 993 2240 983 5317 1317 8201 9644 11705 1915 496 294 1686
659 5299 7575 1370 1372 978 1078 833 834 1477 6160 1060 860 735 8992 294 233 132 1322 366 368
660 5299 7976 7230 7542 5056 6458 4387 10189 3145 10208 1182 1079 4255 5446 1035 1078 1082 583 3227 826 294 369 278
661 4625 7519 5564 6992 5854 4436 4820 2272 9946 12296 6287 11324 6051 1914 7320 5001 9128 9426 7862 5555 3452 6702 6843 3918 5076 9037 1783 5811 4610 12218 3860 3784 960 1247 7475 12659 5134 1305 5537 295
662 6341 6527 6000 4637 12697 1902 1913 1904 1905 6457 3459 1212 1080 1095 1189 1192 1085 1184 6823 1084 1035 1033 1011 1006 907 1007 6690 2499 948 5596 4767 369 8769 3637 174 296 365 368
663 6427 6431 3777 4359 7871 10436 1032 1034 204 296 482 8164 5823 657
664 6863 5146 6616 6521 5769 6073 7373 5299 5036 4131 3974 11677 5572 3744 5190 3724 2716 3274 6530 3058 1902 1903 1904 1909 1905 3574 2600 1210 1211 7753 8218 1609 3324 1033 1035 1082 7707 1098 1004 1244 1021 2848 1078 940 1097 1327 832 937 583 640 7741 1195 582 2386 1278 241 464 674 2387 2388 2389 247 418 4951 294 697 299 298 301 158 159 132 297 296 155 190
665 6528 4916 4414 2010 7754 7751 1092 1011 2172 7707 940 1097 1477 1099 830 298
666 3229 1697 1212 1195 1278 298 169
667 8018 7939 6488 7135 6341 6001 6000 6003 4916 4881 4131 3466 3779 3186 2395 1907 1937 2566 2010 1211 6825 1317 1079 1313 2848 3159 561 6492 307 298 8358
668 6023 4789 4881 4255 4151 7616 1159 1191 1194 907 1325 1163 678 464 298 174
669 7560 4788 4979 3974 2013 2010 1902 2569 1452 1039 1210 1609 1050 1081 1049 1080 1205 7707 828 212 299
670 1695 11944 1649 8041 610 478 828 245 244 464 299 309 174 5564 364 366
671 5442 3778 3779 1904 1909 2013 8218 8189 10890 6687 1186 1188 2717 1212 1088 1080 1091 1098 1087 1093 2505 1181 5204 5477 6095 1021 1244 1078 1452 1099 1114 1097 1477 940 1049 5651 546 1326 1327 4546 5650 5653 1012 11056 544 722 305 323 2924 1861 228 282 593 343 238 299 301 24 36 416
672 2160 2011 1937 1912 2569 1370 5075 1089 1096 610 2386 299 369 301
673 11915 4151 1388 2310 715 3159 300 343
674 7278 7607 7135 6341 5476 5042 2600 4135 4997 6330 7752 2312 1188 1184 2466 1780 9431 6550 300
675 6873 8026 7146 5251 3979 5446 11592 2566 1909 1914 1473 2608 1405 1083 1212 1041 962 6161 1077 832 898 560 826 300 343 4770
676 1904 2065 1909 1902 5053 1003 1088 1091 5204 1860 3731 715 561 921 2930 7969 478 582 2667 138 300 571 75
677 2389 300 571 1278 139 138 1322 75
678 7207 6003 5088 4513 1937 2170 2172 2173 7751 7752 7753 6195 7754 1185 1188 1189 1191 2719 6095 1084 1085 1087 1182 1184 1205 7707 1181 1097 1477 1327 5650 5651 5653 4546 937 938 941 582 293 300
679 8021 6521 4637 3979 2395 1212 1211 1205 978 1182 217 300
680 3466 2476 2566 1902 1910 2012 1006 1205 832 279 155 189 300
681 6527 6528 5476 4790 3375 1902 1904 1910 2011 1908 1909 2013 2014 1905 2171 8218 2172 2173 2505 7751 7752 7753 7754 1080 1113 1186 1188 1190 1452 2713 2714 2715 2719 1095 1185 1192 1194 2608 6095 1090 1189 1088 1091 1093 1212 1081 1187 1011 1089 7707 1184 1006 1083 1092 1181 1182 1183 1205 1020 1244 939 1004 1097 1477 1327 4546 5650 725 209 300 301
682 6961 7207 6646 6427 4916 8106 3974 3973 2372 1903 2566 2066 1609 1005 1326 284 301 8243
683 6691 7318 1910 1913 2002 2713 2714 1003 1004 1477 335 301 401
684 7135 6707 6341 8003 6594 7378 6423 12350 6025 6158 8168 12374 7165 4873 6708 3982 3951 5473 3290 11534 3307 3724 1906 3523 10833 1545 1913 1908 3129 1910 6625 11780 1907 2714 2715 1186 2713 1189 1212 6095 1188 1083 2719 1080 2608 1034 1192 1193 1477 5308 924 1681 4062 1327 11048 8520 3251 610 305 302 294 304 228 323 86 301 6680 159 155 327 55 45 11855 2240
685 10279 4511 5411 2981 1398 7754 5440 9959 1649 560 1069 478 544 4018 248 593 387 571 301 399 402 228 10429
686 3470 1915 1205 6821 834 1077 301
687 10989 5227 1902 1909 1910 2003 2011 2012 1906 3193 2171 7247 1159 1191 2719 6095 1188 1088 1192 1087 1189 1194 1090 1093 1094 1095 1080 1181 1098 1182 1184 1083 6161 940 7444 5650 826 239 301 297 299 300 1029
688 6537 12334 10922 7041 5177 4579 7461 3665 3574 1695 2373 1312 2293 5075 1005 2160 3731 302 155 256 4015 111 133
689 2473 303 7495 6247 1893 661 7819 6623
690 6528 4881 7583 1903 1907 1521 2714 2717 2719 2713 3324 2608 2715 924 5308 4062 543 544 759 547 2854 546 831 304 375 228 220 97 98 99 100
691 10347 8365 10445 7430 8524 4742 305 669 929
692 4099 4545 3321 5555 6109 6796 305 1637 5636 12324
693 5895 276 273 8343 2339 5631 8384 11418 9438 5467 307 6469 6532
694 5959 4414 1371 2268 1316 1079 6832 1077 4840 1078 1628 1649 561 10302 307 3954 7450 378 6
695 12012 11976 12375 6427 6431 6527 6257 5299 5036 4979 2504 1033 1325 307 208 367
696 4568 5849 3375 2877 2566 2569 308 307 194 601
697 1385 252 281 5289 211 284 208 207 593 309 10937 6315 7689 297 300 4848 240 368
698 1302 1083 1005 1049 718 464 309 571 213
699 6025 5334 4511 4513 3470 3275 2395 2396 1472 1079 1082 1080 6095 1035 1477 2990 281 309 156 157 366
700 3973 1906 1695 1371 2170 1033 877 939 739 3159 1314 582 2386 2387 309 418 300 103 75 416
701 1213 1339 310 1070 1621 4130 125
702 9349 2662 2349 1489 1517 1679 3856 12533 1177 935 1500 4200 525 2491 3267 5506 6498 313
703 2207 3299 8480 637 569 589 620 520 1278 352 314 315
704 8756 467 8897 315 2420 4067 481
705 9788 12580 12817 318 1182 1237 5216 5218 5219 5221 5222 5223 7104 7112 8105
706 7560 2698 5064 6713 6580 8213 2385 7059 318
707 4534 8495 594 1546 484 341 928 318 8273 8316 88 5924
708 5565 3191 7534 6814 7698 11004 9223 12126 9578 3103 319 7989 8974 7500
709 9975 10621 6969 2063 10031 1563 320 9539 3107 12277
710 11899 7753 1193 1186 2608 2713 2714 2715 1203 1226 1452 1113 1212 1094 6821 6829 5477 6823 6831 1009 1049 1050 4062 4546 5308 1326 1327 5652 323 241 247 593 402 331 329 327 330 395 401 328 612
711 12034 5275 6853 11970 7932 4560 5700 8053 12190 2715 7169 10209 11139 7017 2312 4601 1117 3853 12056 6374 470 323 350 5573 6190 533 8880 321 308 11923 5873 3250 12207 412 8238
712 11750 5334 6278 2566 1403 1182 1205 6161 1021 1020 5607 7607 2182 4301 717 8292 323 5613
713 6082 5717 3046 6085 6086 5365 7854 10822 4936 11804 1318 1397 8743 1009 1010 5686 1314 1005 1399 3027 978 1488 10518 4596 6303 325 6689 3748
714 326 3965 8212 1147 2090 2467
715 5260 11035 6117 1651 5158 326 1425
716 4967 623 943 8842 1479 9214 5738 6673 326 679
717 6905 4141 326 9184 4797 5497
718 7135 6302 11854 11968 4511 8008 12219 6932 2014 1911 2003 1906 1902 7178 2013 2002 1904 2011 1908 1907 2717 1011 6829 6831 8201 2310 2505 1087 2714 1021 1050 237 238 8289 8456 327 329 330 331
719 546 327 330 401 328 395 36
720 2566 6655 1084 1185 6095 1205 1184 1181 1011 1182 939 2719 1099 1477 546 152 237 1861 448 327 331 333 395 401 330
721 3812 11761 546 2835 399 403 452 327 329 330 331 401 328 3470
722 332 634 3045 586 562 8521 2683 5188
723 3106 3155 5531 9286 332 1795 7444
724 8360 4113 10510 6031 7132 12290 334 991 7562 9244 918
725 3980 1907 1914 1191 1194 2714 1089 1184 939 940 1327 4690 1314 335 248 249 280
726 6848 6023 5334 5299 4255 5075 4504 2147 335 169
727 4916 4512 3375 2340 2160 1912 2065 6655 2313 1477 5597 335 378
728 4881 5954 6158 1812 7430 1386 2312 4927 4690 561 335
729 8110 8113 6827 4669 2569 5204 1159 956 335 556
730 4293 5718 1832 3125 4873 3387 5646 9389 4590 3901 10013 7035 6853 4901 4902 336
731 1625 4231 11720 663 1930 5595 6043 336 2184
732 10710 2191 4112 621 421 9565 2756 3616 22 164 337 680 1938
733 7277 7605 1906 1193 2309 1082 1035 1004 1078 1244 1020 1003 940 1049 1050 2165 1327 4546 5650 5653 5651 921 339
734 2689 10062 11637 569 589 3746 10191 637 8487 1640 8471 492 546 1278 8338 341 374 350 8918 5072
735 7366 5150 6769 8694 8723 2960 10604 3013 4145 4728 10851 5159 5696 11849 12499 7938 2181 3131 680 1170 846 2019 2135 6676 2080 11388 547 1845 4529 342 526 1233 808 501
736 3056 1906 1911 1192 1193 2713 2719 2715 6687 715 3113 5115 4018 248 249 343
737 8083 3275 2601 1315 1398 1317 1009 1006 1114 1077 1326 2850 4767 343 4943 75 363
738 2716 6655 1077 830 343 367
739 6958 4916 3466 10411 1085 1095 1182 1184 1205 1092 939 834 250 239 343
740 12679 7957 7950 6828 4789 4511 2720 1902 2312 1085 2713 2715 1011 1080 1205 1477 5477 1020 1182 1244 6161 1327 2850 1326 1163 344 139 501 419 499 391
741 6667 11844 6000 3777 1902 2569 7754 6821 1190 2719 6829 6832 1049 1050 2848 6690 11578 538 1325 2127 4018 344 8366 7
742 9824 11128 853 7444 4330 6915 12346 7682 345 4955 5604
743 4649 3746 5544 5626 5744 6068 6932 5393 11536 4197 3667 4576 5948 3883 5494 1043 5060 4410 6713 3840 4972 419 8530 345 843
744 5683 7504 3989 6850 11439 482 2274 7583 346
745 668 348 2889 4297 5779 10580 6221 7127 23
746 3333 348 2887 3317 8625 2019 345
747 7377 8218 7644 11547 6014 6985 2086 12829 5868 2282 8037 4771 12497 2064 1449 9510 2503 10246 10989 5392 11332 11779 12210 8175 2269 5980 11094 2540 2561 3640 11121 7624 11892 1812 3546 10417 1955 6123 11549 11551 6127 1598 9762 4131 4132 5022 10888 6739 1064 1065 2446 2450 5031 5601 7620 5430 6652 2978 3637 4661 4667 4767 10735 1118 9945 4232 4235 8769 1119 1349 8901 2097 9308 3099 9989 10281 4239 10563 4657 4660 10665 4662 10962 5221 5223 4271 7113 4769 10854 6037 6784 5941 6313 6828 7670 8497 1448 4666 1600 2221 2256 5843 11370 6595 6596 6597 12517 11545 11546 1541 3425 11548 9734 1697 810 7673 7583 8635 348 351 7418 4747 8688 3426 12404 8208 7982 6355
748 12136 12135 604 749 8774 348
749 945 3928 349 1517 2349 1568 3584 5646 1177 9621 1679 6500
750 3894 3685 4728 5812 7999 8468 352 1134 6499 355
751 7166 1911 1371 6144 9711 9744 9071 11093 2201 6898 5534 353 5767 11434 2621 7852 5789 12769
752 7820 7720 3778 8996 4563 2216 7723 9649 224 568 353
753 354 1425 2162 607 10019 5135 1375 1565
754 2529 8811 1001 598 744 1716 1002 355 1359
755 11842 12665 12422 6829 2273 4690 2355 4365 6776 2187 11860 4550 350 593 357
756 8634 5335 860 950 1342 502 3320 988 358 952 1974 8238 748
757 4324 6414 1590 4530 5980 6868 7674 1651 4461 5939 4728 3327 5486 359 2614 3405
758 603 660 7444 986 7416 360 2312 1977
759 7153 9101 5937 2263 2306 3966 362 8216 8317 526 8741 7138 361 419 655 3563 3764 2658 3704 8607
760 6959 4916 5299 1545 6471 5007 361 419 9343
761 6023 3274 1202 1325 256 299 361 417
762 2566 1911 1906 1370 1113 1316 2608 6832 1205 1035 1082 925 5651 5652 1325 2388 2389 363 361
763 5959 5299 5088 1912 1089 1004 1477 697 10927 362
764 6427 6520 6594 6487 6003 6024 5334 8224 4511 4251 4449 5160 7205 3330 6898 12565 2396 5557 7862 2566 2066 7078 5507 4045 4228 1313 2393 11027 12035 6507 1326 8199 6288 583 7558 5393 2036 3935 281 302 1830 6648 169 8243 363 76
765 7135 7207 6668 6003 5036 4513 5278 3328 4511 2525 2569 1159 2396 369 364
766 6667 6427 4790 1914 1192 1113 1039 981 9093 365
767 5444 6523 5446 6526 6001 6002 3470 7582 7583 4986 11777 11779 4255 5042 7958 1902 1907 1905 1804 1371 11671 6332 11892 5027 6328 1805 4542 125 5226 4149 365 368 364 366
768 4512 2065 2717 1319 207 209 151 368 365
769 11007 7562 6108 7689 12086 8156 4131 7218 3979 2566 1903 2430 6347 1695 5507 1697 1194 1398 5204 1082 1089 1008 6821 1003 6817 2737 6690 1820 3159 4690 561 11105 640 560 478 7126 2710 10107 7486 204 2711 213 10993 1278 6 365 368
770 2716 1812 1697 1005 877 978 1050 2850 6690 832 5078 556 297 303 6707 363 1340 366
771 6714 11902 5476 5275 5036 1695 10945 1005 1041 640 4767 2244 2388 447 366 368
772 6839 4637 6556 2932 3459 921 5597 1314 5401 933 4995 61 367
773 3974 2373 1915 1909 2639 7755 7753 6095 5651 1327 1325 257 209 417 368
774 3974 2002 2569 1005 1011 1096 255 2388 2389 418 125 368 6802
775 5443 1914 1372 1385 1034 1077 1325 933 2580 296 1340 368
776 11415 3777 7979 2720 1969 2160 6947 11567 1903 3563 7980 1812 7332 2981 1210 6101 8061 561 2797 6474 2416 4156 506 418 2389 2388 369
777 6542 7695 11114 1371 10066 1195 1952 9914 369 227 418 1278 1766 132 190
778 1125 3345 3529 370 1075 4920
779 12275 390 1052 1283 1604 9111 3067 7793 1498 1500 1802 4686 370 8111 1714 1775 2268
780 12690 12579 7234 8008 12438 12113 10980 9178 6149 3532 5763 5762 11550 7476 12386 3412 1777 3416 6127 11552 3413 1545 10527 10876 6297 8560 9675 4118 1956 9233 9709 10694 2837 10132 672 8861 12701 6661 8035 9528 5974 7462 11528 1264 9363 3098 3260 4204 10566 11098 1554 2344 2656 4978 2679 9935 11320 3840 908 1381 3485 1877 5406 5395 6946 1512 7393 7423 12348 11509 371 889 5602 11125 10125 12157 5729 8242
781 3047 5674 7930 10387 1801 3778 371 852 3979 1934 3607
782 5820 8380 6330 6332 8110 8113 372 4341
783 6211 4151 2716 1907 1912 1905 1192 1212 1098 6821 921 1195 132 1066 377 1766 3924 6923 373
784 117 374 611 8270 58 533
785 5832 2329 1413 1299 1300 376 6577
786 6558 5079 5744 888 4194 11027 12209 11369 5995 377 4712 7358
787 2292 6627 6385 10289 5778 3399 2159 9834 5132 8051 10285 6190 5131 2920 7373 1262 5563 8959 6856 4248 7078 6682 350 3935 5946 1711 228 11996 3921 12400 3938 6017 1813 4887 8497 377 1175 3589 7444 655 4078 7689 1909 3764 7741 7225 10058 4712 795 10703 8763 782 2975 5812 5289 3417 4319 6138 11217 97 10141 391 5369 5439
788 2718 2002 2012 877 698 700 378 447 448
789 6873 2566 1696 6825 1049 1050 136 190 378
790 3979 1316 7583 1628 125 378 419
791 6917 7899 5006 381 963 1929
792 2236 2914 5086 7205 4271 385 991 5521
793 7410 6108 4091 8111 1771 3994 2967 1399 4099 386 8451 10227 4803
794 1882 386 661 4255 8299 3075 520
795 4099 7096 12548 9411 386 3426 4201
796 3217 5912 5501 386 206 23
797 3345 4440 8141 386 2211 2635 7334
798 8052 8021 6748 8018 6001 6003 6024 4881 2566 4669 1398 1005 3324 1649 1069 4014 7276 387 674 132 157 158 391
799 5476 2716 1912 1914 2569 1911 2717 387
800 7839 389 2710 5087 5573 1180 9307 10418 4438 1954 2914 5086 3211 3862
801 6752 4738 8673 7640 9777 10776 3025 6971 4231 2273 3096 5467 8538 1067 8919 389 3862 8429 8432 3479 8694 8805 3317 3994 7015 2006 4889 10079 10449 6007 9533
802 8985 1872 1885 2397 2987 11527 5322 390 914 915 916 1136 1528 2986 6143
803 5299 4915 11007 4669 1902 1910 2566 2569 1695 8218 3324 830 1628 561 686 828 214 242 158 391 416
804 3727 4668 5939 6109 1584 392 5646 6411
805 6614 11787 10311 3021 5383 1644 9060 3465 3863 4911 7070 394
806 5634 3979 8164 5708 12595 6627 6407 12092 5398 3812 1180 12393 2487 8394 5299 7873 8126 3794 394
807 6909 5384 3024 2478 4889 9551 4512 2609 394 6099 6132
808 5444 2095 7050 1423 5254 11400 3425 10158 5369 1771 1930 9965 12260 7047 10168 3727 4580 6080 7427 6795 6973 1899 3507 3590 6199 7163 7176 3754 3779 6149 7015 8151 1280 394 515 5998 535 2824 4156 6673 6985 118 1270
809 8683 2811 6101 703 5787 394
810 394 561 3416 2785 10556 4738 7279 7801 12839
811 1575 7195 396 2450 4040 5499 8527 8590 1043 4700 5525 7090 7238 7582 10069 4507 5293 5595 5812 11368 5845 5920 6396 7169 9176
812 5476 4131 3974 2720 3229 1388 1521 3642 403 406 399 402 452 195
813 4365 3853 3642 1861 228 403 406 168 452
814 7605 6020 11719 6792 4436 5710 404 542
815 2737 11435 9410 2933 4610 6104 405 6382 789 4132 684 2304
816 8856 2847 7723 645 3849 2933 891 5638 2496 405 5887
817 405 716 3073 3313 3315 3430 6508 8099 8750 2679 3558
818 2814 3550 7382 7582 7583 8106 8187 8193 11544 405 607 685 7720
819 9410 1236 2495 407 690 8419 1339 1342 1885 414 1579 768
820 7492 5746 3481 2581 9728 4431 11807 12318 2747 311 408 3817
821 5093 1153 7073 409 4300 11059 12128
822 5053 5054 5291 409 3533 3847 4131
823 986 987 989 1282 8515 9820 1471 1522 1720 1825 410 672 673 854 1500 3043 3082 10521
824 2227 9456 2852 3082 12183 2573 2825 3002 7491 1975 3377 931 2420 411
825 412 904 1100 8110 561 4040 5064 12277
826 6038 1401 9755 5024 5914 3741 10812 12451 412
827 1813 6985 4513 11950 7458 412 1672 1958 8738
828 11567 7253 6826 2569 1371 1317 3324 6690 1326 5597 1323 697 326 95 96 106 53 1340 76 366 412
829 1445 5867 5876 4626 5711 9950 769 9830 6985 10228 412
830 5515 3082 2530 911 414 1165 3584
831 4190 415 948 2378 2594 4042 4980 6286 8440 8899
832 8021 6748 8018 7939 7207 6735 6521 6341 6520 6528 6000 5442 4637 3980 4669 3186 2476 1907 2171 2105 1315 1385 2314 2313 1005 1049 1202 478 829 208 296 256 416
833 11844 4512 7650 9227 3324 1681 4062 547 6837 585 587 350 136 447 5613 412 416
834 6748 7278 6594 3777 2396 2395 1326 258 447 448 416
835 6873 6667 5334 5299 4513 4511 3275 2566 2066 2010 1370 7753 1093 1090 1187 1089 1092 1326 941 363 416
836 8021 8046 6341 6000 5442 5088 4790 2720 2013 2014 2569 1905 2639 1098 2170 6195 1090 1181 1205 7707 1081 1094 834 722 2858 418 133 378
837 4151 9000 918 3608 3991 418
838 7691 7910 9728 7907 9270 420 4114 8114
839 2070 2984 337 421 8327 182 646 326 303 680 838 490
840 5550 2967 5221 8910 9846 422 548 6233
841 3643 4248 11037 6569 424 4390 7801
842 12716 3334 9991 425 6553 398 4746 11544
843 6630 4621 6402 5054 5339 1366 3014 4733 4448 3687 2944 426
844 4401 2085 6695 536 8446 1234 1421 8987 9351 9939 4345 10701 5593 3580 1058 1680 2664 5249 428 1683
845 497 594 429 8338 520 620 1278 341 516 1015 350 352 314 315 110
846 430 1783 736 768 407 1528 952 8507 8506 1123
847 5665 7205 2057 3563 5986 431 3557 6682
848 9763 4132 6778 506 8325 431 432 3801 5564 4001
849 294 688 944 1334 10259 4971 5255 5686 5852 11744 433 685 1958 2206 3486 4974 7862
850 8146 2231 3139 1765 3209 434
851 436 631 745 949 1423 483 647 3422
852 910 437 8848 12270 1642 2271 6231 4920 6917 479 1852 6574
853 3769 7480 438 870 2282 5229 5709 6289 7374 7430 7890 1109 9279 4459 2118
854 6631 10194 439 440 423 1190 6970
855 7281 2951 7849 7939 7595 11625 11088 440 441 439 354
856 8731 7599 3292 442 2312 583 5516 5519 5521 7138
857 10331 443 2635 6081 6353 815 11270
858 8321 291 445 87 6851 509 444 304
859 8082 844 5747 12040 446 2374 5339 5997
860 1403 1205 831 2386 282 133 6550 137 447 104
861 2003 5477 1096 978 210 239 447 6599
862 6760 4512 2718 2622 1912 2010 1908 1226 1182 6821 1049 1096 5477 2308 448
863 2013 1695 1372 7751 1081 1088 1008 978 234 207 448
864 1423 449 474 477 567 574 575 622 623 735 1560 2468 3208 3887 475 8439 572
865 9246 9729 3351 1356 1578 1929 2682 2859 3201 3401 3411 3744 3873 4909 6208 7831 2865 8566 2061 3808 3897 7923 910 6114 6976 8549 2689 4461 5316 6040 450 1270 1620 1788 2276 2491 3082 4358 4626 4808 4886 4912 4973 6180 7749 9433 2555 2809 12477 480 2693 3067 4087 4318 507 1051 1478 5506 883 1500 1988 2090 2498 3056 1014 1440 2397 3584 12075 1466 8492 1769 4380 4821 11003 409 1136 8848 8803 9108 3320 865 3208 4291
866 8138 9967 3352 2264 2265 2267 2266 9053 8164 12498 453 454 8859 10257 2740 4158
867 4380 4433 5637 454 2843 2039 5261 6563 409
868 4111 7268 1973 5410 6225 5602 891 5392 7571 5743 802 454 5282 8341 1081 5435 9099 1516
869 10840 7265 3441 2039 12129 3608 6438 454
870 2090 3071 2404 631 1292 952 735 736 949 1466 3160 3422 4649 5579 11640 647 9260 1877 455 1175 502 510 8412 917 602
871 3934 6564 456 2484 3935 8415
872 7642 5684 11599 11840 7932 6968 8542 2764 456 3404 5904 6133 3765 1197 4184 3155 9323 10187 4293 421 8561 8221 4251 957 9118 7615 7678 799 3233 3362
873 4127 11629 8862 2497 457 3067 6129 7404 394
874 12615 12162 5634 10742 11922 12193 6318 8913 3106 458
875 2101 9347 5983 2040 4352 5224 10214 3818 7096 561 5226 11084 6838 4876 9997 459 8347
876 4784 5564 11155 7155 7801 460
877 9717 624 2774 460 1934 2772 2798 4372 5284 5949 6972 9914 7625
878 7207 6521 6520 6594 6003 6023 6025 5443 4637 4669 1472 1697 1211 1312 2714 1005 2608 2713 2715 2719 583 640 678 461 174 378
879 2716 1908 1915 2173 1185 1089 1187 1205 461
880 6873 4788 4513 4511 3271 6655 3324 7583 2731 2312 461 2333 829 10258 159 418 111 125 157 176 209
881 7207 6432 6024 1696 5075 1005 877 1035 5204 1521 6160 1327 1866 461 2905 244 245 250 257 212 239 207 227 242 243 228
882 6101 10065 11617 10956 5591 5592 9234 12810 462
883 8018 6655 1079 1082 1326 1323 464 197 2387 1278
884 6735 6537 6299 12789 6024 11116 4512 1387 1312 1083 1212 1006 5078 582 347 2387 464 2389 418 209
885 465 512 692 8374 8452 1249
886 12752 1724 466 6400 8051 10404
887 1510 4535 6480 7622 12567 587 467 1981 666 1390 6452 7430 6321 7044
888 1286 1532 1783 2398 7316 8197 773 1028 469 883 911 913 915 1208 1971 1980 1988 2467 2514 4816 4817 5612 5244 9571 916 1522 2288 2441
889 3663 9943 10757 2995 11208 3674 3914 4855 7223 2382 3031 4153 11009 7881 7944 469 603 660 7616 9752
890 4802 5935 3196 3316 4200 7661 7444 471 667 595
891 2606 2234 11139 7358 4527 9659 2653 5106 6104 6105 6992 7920 9425 6389 6968 7204 472 473 4782 5633 5738
892 3724 6543 7088 3884 473 2944 9377
893 12806 6839 5821 6730 3186 2160 2569 3193 1008 1090 1091 1063 1006 1034 1083 831 475 573 2386 2388 2389 418 344
894 3769 2755 6605 476 1742 4519
895 8019 8021 6958 6521 6520 6001 8214 6003 6024 5299 4789 3328 2396 12232 10644 1866 478 204 281 593
896 6341 6847 6319 7140 7744 6003 6299 6896 6020 6025 6023 5600 11070 5422 5042 5036 4654 4151 3974 1905 2600 1212 1386 1387 1079 2848 8605 830 1619 3159 478 686 6
897 6522 6820 6429 7804 4511 3271 11932 2718 3979 2395 12706 4113 1697 1649 583 1314 10650 478 6741 4037 8221 125 11738 77
898 6765 1697 4056 4827 3145 7452 8928 6914 479 4321 3962
899 10819 4712 6014 4316 5339 7580 479 620 5994 6532
900 2468 1176 1735 2629 1283 480 1219 1491
901 1717 1281 6539 1971 2826 11478 1136 2278 3345 480 1500 2668 7712 2207 4425 6559
902 5138 6004 482 5041 10193 4876 10862 10964 10965 8015
903 5987 6530 2906 2777 482 4889 7570
904 10773 6579 7406 6950 3320 5188 5288 6040 3934 3935 3938 5950 5951 8984 5947 1757 2538 3032 5132 5133 5898 5949 6315 6508 5901 5171 997 1201 1562 2099 5134 5897 1222 9857 5135 3401 11428 1565 2920 3937 1249 11740 1200 457 1197 2082 1931 6436 1755 6563 483 890 2757 7155 1993 3936 3404
905 4889 484 8216 1411 5173 4161 6129
906 2176 2498 5610 1539 875 1929 5562 8759 3320 485 676 1523
907 5224 3194 3979 8053 5842 486 6795 5393
908 10794 6158 4135 5590 10846 3660 6579 4687 795 3077 2080 7661 6836 5320 668 635 487 1340 6649 6272 1933 7123 6760 7199
909 2404 10454 11714 6089 488 631 735 736 3827 7389
910 8448 11627 489 2349 8620 856 914 1057 2901 6637
911 491 3522 3122 3628 4486 2420 3129 3168 4469 1883 8582 2884 10598 377
912 596 569 585 594 8463 8470 492 8325 587 43
913 1402 3487 1154 1436 1975 2497 3141 7119 8035 559 8577 493 5293 6129 5696 8437 7485 8882
914 5397 4512 7923 4999 1230 4604 5410 6638 7047 1056 3420 493 619 4818
915 8983 2960 5053 5580 5573 6264 7720 5171 676 494
916 9302 2921 12209 798 3232 495 659 2458 3100 5602
917 4940 5040 9351 6085 4503 6086 1269 6799 7021 7238 3829 5411 496 4948 7158 4368 3935 4158 1949 11407
918 6298 10656 3561 3275 2566 9346 7320 1005 6832 498 12024
919 537 511 500 509 340 1425 510 1029
920 5419 4967 4158 4569 6932 1784 537 500 7336 8041
921 7278 7207 11437 7459 5742 1186 1190 1194 1080 1226 1452 1094 5477 3672 3655 1007 1032 1191 3642 3853 1126 546 1326 1327 1163 248 249 181 86 102 11065 501 85 298 253 296 300 626
922 4217 6459 6932 7930 1854 3425 3548 4844 4972 5317 12671 514 9416 10629 4511 4554 5793 6582 502 736
923 10256 5260 4130 6739 6568 9163 2069 2070 7238 10324 503 4053
924 11192 6895 2592 7057 503 2739 8624 9543
925 504 5563 5425 10740 6180 2020
926 5814 3949 5289 5745 5746 7438 12467 4392 5358 515 844 990 1657 2269 2452 3855 10562 5031 5446 6289 7749 12815 11831 4442 2378 504 1755 2733 3682 5710 5897 7155 859 2892 2951 6270 7482 783
927 506 3406 4828 5090 8139 1247 1599 10565 11782
928 4255 5446 7583 7129 7794 5721 4896 12438 983 506 8262 5282
929 4625 4181 4149 2142 5712 9434 9482 6434 2268 4414 4973 536 4311 10586 12708 3793 6341 506 8013 4321 1462 2708 2975 3905 5318 6129 7337 2232
930 9489 8409 8411 6638 825 1491 1713 507
931 7111 4139 11659 12301 6149 7628 7379 537 8037 510 4054
932 483 1036 9633 2699 5433 4041 10789 513 561 2284 7620 6193
933 5305 5829 952 7854 968 514
934 1951 2152 4216 10565 5573 1669 514 736
935 5142 8365 5564 562 515 2495
936 7591 5171 7542 1662 3388 517 7519
937 6151 3324 4106 4618 10700 6910 5093 518 7687 1043
938 3208 2161 519 1864 2629 3203 9075 5785 1136 1528 3056 3067
939 11015 5941 7283 3390 6772 6266 521
940 2586 3480 5158 8171 522 479
941 3939 6167 8724 523 6164 7024
942 11989 10034 3215 4880 523 932 4002
943 8143 10469 525 1480 1977 2475 2639
944 525 856 857 1825 2552 3081 6498 392 1176 1517 2278 3067 4686 4807 6500 349 1489 2225 2514 5483 7245 7444 7711 786
945 5854 3081 3584 9015 7444 2651 1058 6459 1148 5249 1528 1123 1719 2090 8966 525 5506 665 11377
946 3584 6389 2091 3581 3757 4364 4487 4496 4469 11997 3168 3501 4466 4476 5192 527 2871
947 3037 665 1154 1825 2349 2662 2992 3928 3056 3067 2755 630 9511 3486 7715 8544 2276 2684 2668 2348 5646 3387 4807 532 857 9446 528 7711 1872 854 8621 1358 1622 1528 911 3082 8966 1614 1716 913 3786 4686 856 2278 1498 5515
948 1883 2420 3222 4476 1285 9529 9530 4468 528 616 618 732 869 2813 2882 3584 4481 4485 2632 690 980 1220 2559 2883 3122 3168 3387 4364 5192
949 8109 4526 6136 10783 4524 5129 7147 10771 530 8536
950 8049 12731 639 3028 5176 9611 6386 7869 8047 3579 5702 6940 3550 531 4504 12507 5226
951 3518 7205 8456 10901 531 10888 661 6579
952 10551 6938 12174 9546 4493 5656 2480 2520 6576 2756 7911 2974 4053 4793 6106 7291 9298 5759 4941 7289 2933 7444 12412 7513 8005 2170 3320 2084 4563 3225 9009 9475 534 2390 6509 535 4127 3589
953 5444 1983 7723 953 4066 4832 2167 4687 535 4107 680 11632 166 9205
954 4513 6162 8216 6056 2689 1005 833 831 538 2519 10467 356 253
955 7135 6341 5442 4790 4789 3186 2716 1903 2014 2569 2719 1316 1317 1386 1007 6832 1096 1182 1183 1205 939 1326 538 244 294 176
956 4827 3392 539 3878 6007 6131 3736 7661 7723 276
957 9768 6961 8216 7135 6896 6735 6958 6427 6341 6594 6428 6429 5299 5275 5036 4790 11754 7809 3948 5421 2373 7894 4757 6709 5319 1905 2601 7755 1473 1695 1472 940 1006 1183 1184 1092 1097 12075 540 938 7038 832 898 941 937 461 8719 301 344 10178 5106 12294 12364 12503 4013 216 3059
958 11701 8722 540 5464 1378 7484
959 6393 9901 7868 9418 5717 6085 541 4554 12444
960 1276 2651 542 1716 7143 1028 3320
961 6695 2290 7186 3171 5063 2567 7312 2664 3808 4022 4833 6451 6955 542
962 1924 1213 542 6922 1727 3261 11555
963 602 8678 1213 9174 5564 11737 7824 542 2655 2730
964 11826 7723 7720 542 2275 2303 3527 4765 5314 1651 4304 7999 5516 6462 6585
965 5443 7238 5088 6796 3778 3576 11963 2354 2960 1616 3054 3193 4320 3006 6076 6153 1119 5812 4258 2684 9988 4000 5289 546 8231 3154 9862 722 9286 3963 504 11688 828 4061 544 2325 6268 6643 11178 543 3642 3853 176 6190 378
966 6521 6240 4265 12497 4669 2372 2395 2933 7689 1398 1085 1159 6832 2147 8053 12418 3324 12480 4690 898 2244 583 1314 678 544 543 933 339 294 350 125 169
967 7705 7939 6961 6896 4979 2160 2002 1906 2013 7753 1113 1186 1188 1212 1011 1032 1183 1205 1035 1082 1034 2309 6829 6831 3642 3672 1477 2850 546 544 543 832
968 10925 12218 7861 956 8377 6014 7819 681 8252 439 803 354 702 545 3368
969 6517 6519 11414 6550 7026 11485 3954 5474 4365 546 9773 11065 10013 8106 327 328 330 597
970 546 1495 11448 12069 1182 12402 1545
971 7635 4713 7877 3823 549 9083 3447 4537
972 1279 9101 3027 3897 3929 4613 4884 5175 10126 5656 2947 4184 8161 551 953 9544 3196 3208 3445 3808 4190 4191 6189 7901 6354 6488 1461 1931 1478 1486 2123 2491 3067 3351 4701 4844 5316 7009 8056 1875 5031 5717
973 6951 10747 4532 4191 11195 2094 9852 7911 552 1484 4667 1242 4519
974 5284 5614 10671 5684 6289 3934 4844 11089 6564 553 2945 4048 5805
975 8102 9720 3938 4794 5901 11812 3934 8030 7220 9629 2894 4187 7214 5683 5949 7684 5898 6931 3362 4538 10006 9036 2640 7186 10645 2962 2963 2965 6713 9087 1342 1139 554 1589 4158 1236
976 7233 5814 7068 2574 4633 5562 6129 2549 8012 3922 3645 2901 3616 3915 6440 6492 3685 9250 6367 6806 5255 3979 2577 4605 9843 9851 12775 3631 7616 3112 6477 1245 2291 2292 555 2466
977 2160 1210 1085 1094 2608 1050 1003 1327 538 556 2388 235 111
978 12495 8053 5511 7919 557 7993 2236 1695
979 2632 5505 8931 9814 1274 1296 7304 1275 3030 3082 5506 557 1136 1769 2756 8868 1377 1916 7350
980 2397 2068 4757 4069 1500 2398 3067 2491 1471 1478 558 723 1176 1576 2090 2278 2495 2682 3769 5148 5928 2141
981 559 1875 963 1440 3035 3634 8257 3320
982 1519 5744 9778 5871 559 6789 2216 9394 6760
983 6042 2053 3062 5939 2728 1154 2231 6589 9561 4274 10812 6461 9966 7500 11775 2054 818 1125 6180 3972 11732 7525 3013 10080 1696 3504 11583 12204 5604 2480 4132 4407 11444 11676 12043 12202 7116 1771 9716 11702 7057 7013 7841 885 886 5575 6523 7495 7519 6440 11756 6474 2614 4728 5555 7770 845 12031 560 8477 12077 5747 1958 6868 11624 535 4661 6019 6385 7119 12584 6462 4116 11699 11575 7191 11224 6294 8077
984 9782 3333 7744 2485 11205 5053 560 2193
985 5442 5278 5088 1937 1387 1193 2608 2714 2715 2719 2713 1085 1452 1079 6829 1083 1003 1004 1477 1097 1099 1114 1326 1327 560 240 241 243 245 249 250 2388 2389 4013 4015
986 9933 11333 4308 4367 560 1317
987 4676 4260 1226 1452 1008 920 978 1326 3642 715 4263 6674 560 686
988 7144 7207 2751 5507 1302 1386 1385 1211 8218 1007 1009 6832 1404 1039 3173 1327 538 1619 561 1314 3159 246 174 176
989 2569 1695 1371 1452 2608 1077 1244 6821 877 921 561 1325 933 2244 240 252 174 190
990 1908 1911 1902 2105 2171 1398 2170 6195 7751 7752 7753 2173 2172 7754 1091 1185 1090 1099 1114 1182 1187 1011 1205 7707 1184 6160 1477 1097 4546 5650 2244 1619 921 937 941 561 234 235 1278 152 176 4728 53 1340
991 7411 9229 7409 12497 561 4037 5316
992 2566 3574 1695 1317 1079 1078 561
993 4990 5925 7420 561 583 9288
994 5822 10801 4955 10835 6838 12159 8955 563 7054 8557 8587 12042 12415
995 8052 7705 7939 6961 7207 6896 6840 6427 6341 6520 6428 6521 6001 5442 4513 4669 3274 4511 3054 3677 1011 2505 5224 1035 1082 1049 1050 1099 1114 1327 898 9844 561 5660 933 1195 2387 5174 418 564 133 9830 297 301 300 76
996 2126 1158 3196 3316 9236 2078 5010 345 661 566
997 4194 5942 11129 11613 11642 12155 8223 9066 9196 10466 10643 568 683 2589 2922 4343 7547 7659 4398 10502 5695
998 2365 10146 11217 570 2328 4020 11483 5031 2498 6040
999 8049 2160 1902 1906 1912 1915 1907 3193 1370 1372 1080 2504 1049 5652 874 4326 556 571 1278
1000 5808 4618 4619 10933 5036 6895 5120 4794 11812 8221 1192 6832 8416 7701 1050 1049 2569 1327 1326 898 1895 2240 6575 6924 686 689 11487 248 214 240 134 132 207 209 571 1830 139 697 7215 7904
1001 7611 7151 7355 10737 8505 572 623 2077 2079 2081
1002 11409 3818 8035 446 5261 576 1502 2834 4698
1003 7096 5967 4403 5864 12260 8164 8836 9548 577 3371 809 1260 1361 2529 8250
1004 577 1414 2674 3486 3591 5073 8079 881 8847 3493 10143 3938 5519 6180 6564 12666 1621 4190 5569 1339
1005 968 790 735 736 8687 578 769 8364 647 951 1292 1339
1006 5114 7990 2203 11115 12830 8832 5303 7551 8435 578 8412 8672 5358 8447 1608 2499 3151 7212 227 1310
1007 5390 4639 11020 6152 1425 579 4083
1008 6961 6897 6896 6427 8026 6428 11053 4787 4915 4513 3777 2066 1906 1910 2011 2013 11537 1302 7753 2173 1191 1094 1095 1194 1080 1193 1034 6831 1181 1079 1184 1007 1011 1033 1035 1083 6161 1020 1477 831 582 580 990 6065 299 77
1009 581 8449 1056 1228 1483 1160 632 1732 3082 1129 1221 1500 1165 1877 1724 2756 9107 3623 529 609 9697
1010 7519 12179 5770 10925 7933 5042 6374 6452 7913 11301 5407 5561 4538 4540 5993 11087 6183 10633 11269 4397 4409 4514 5242 11515 12592 4320 7914 4783 10923 6982 10754 4576 4355 3973 3239 4068 3884 5660 6405 11105 2676 4345 7954 12621 10176 9692 5648 11263 12354 3855 7833 3355 3839 4258 4820 5301 5364 3699 3979 5808 4207 2493 3830 2835 6929 7737 5789 7557 12827 5625 2001 7747 3764 7718 3587 2422 9516 4187 2807 1575 5679 4937 2719 1293 1662 4628 1420 3370 3371 7225 8976 10839 10208 3776 10209 7014 9510 7625 4319 5907 6980 2788 4876 1306 3431 9577 1899 2311 10222 9717 2280 12824 10015 8688 10091 10632 7296 9811 10038 11445 8839 4896 1083 5972 7749 983 1398 1067 1049 1737 6160 625 1771 8478 2971 1488 582 464 2387 5962 11770 2101 282 425 135 536 278 12076 176 285 286
1011 3925 2019 9856 1318 9711 315 4275 583 685 1398 4625 6489
1012 4151 1911 2166 8218 7707 1212 1099 1114 1619 583 335 125 176 207 367
1013 5299 4896 4414 5458 12523 7459 5700 6162 12495 6278 12488 2658 6362 4660 6350 9652 1902 1903 1904 1907 1908 1910 1913 2002 2011 2012 2013 7500 1747 1905 12468 10330 12357 10903 2170 7752 4526 5051 4172 1191 1194 1080 1087 1226 1452 2608 1189 1192 1193 1090 962 1007 1083 1011 1034 1183 5204 1033 1079 1181 1098 1021 939 1004 1020 1477 1097 1099 1114 7053 1326 1327 4546 5651 5652 5653 11911 7057 1649 3159 583 1314 4234 1195 592 397 194 674 278 132 159 189 298 378 158 299 10164 4864 5061 286
1014 583 1314 678 9251 3987 10715 5446 387 3159 4256 502 8506 8507 11950 8642 3422 4531 1062 1369 3540 6904
1015 12614 4770 3978 4063 7340 3979 2372 2013 1812 1907 2566 2981 1315 1371 2714 1212 2608 1185 2715 1452 1035 1082 5204 1079 1205 1184 1244 2850 4255 1477 898 583 831 582 470 1324 1323 257 241 251 2387 197 309 212 156 157 190 299 104
1016 10808 3183 4158 6069 7695 5414 6579 583 7583 2806 8132
1017 583 584 3157 4255 4625 7083 7720 5363 9313 2737 10129 6151
1018 4251 8400 583 584 4256 5446 577
1019 2696 1205 2938 4347 5297 5601 7953 4293 8744 2354 584 948 983 6550
1020 6024 2718 1909 1914 2602 1905 1682 1189 1193 1113 1190 3324 585 246 248 181 339
1021 587 685 4430 352 468 8538 4256
1022 6272 6936 4728 3536 5564 6847 10009 588 4451 11242 3900 5284 5610 7843 3716 5557 12265 9833 10076 1242 3464 468 4974
1023 2839 3096 1697 2291 8037 3364 10894 506 2274 6129 7492 6708 590 8175
1024 11898 2221 3601 5681 7500 4239 6615 3991 591 583 1512 9739 368 6780
1025 7903 592 603 766 986 1206 1334 3089 4851 6464 7092 9339 660 9615 3220 7573 3113 6581
1026 595 1674 2914 7055 1278 8503 6623 7663
1027 8501 662 661 596 10164 4865 9989 10056 262 312 1584 2583
1028 3234 11177 598 6235 12304 2708 10506 4255
1029 10044 8486 3365 599 3733 11634 3309 10226 8386 3826 12619 2696 2047 405 2104 3125 5072
1030 5649 2564 9909 4504 8739 599 2182 7977 3831 3834 4447 5458 3464
1031 12133 12409 2236 600 1423 2498 3211 4977 557 6911 6922
1032 8216 6896 6427 6001 6429 6000 5442 4896 4255 6117 4669 2373 1902 1910 1913 1315 1063 8053 1278 151 77 601
1033 9219 1960 9561 4512 5270 11855 6673 7372 7816 11794 8106 3536 7444 2163 2696 6713 12232 7723 3426 4158 1055 9688 8164 9397 10098 870 1540 2689 3925 4522 5500 8139 12570 12051 7872 7894 5792 844 8681 1341 1771 1871 2142 3486 4391 4974 7987 8758 1748 3362 10213 10533 4558 4920 5180 6642 11987 7167 4372 3044 3004 8126 3047 8204 6478 5552 603 7125 607 9058 3363 3749 12616 10068 4226 905 1692 4710 8323 438 8861 4113 7419 421
1034 4255 3145 4228 4511 7849 603 660 2817
1035 5190 12745 2471 5386 5658 4594 10160 4409 1515 7661 2885 4538 12082 8647 8768 603 7627 7156 848 4725 4724 7380 506
1036 7452 3149 8119 4104 7658 12500 603 3736 3908
1037 4111 5072 8110 4958 11073 5653 7494 10868 10109 7891 5024 5068 604 9926
1038 605 4917 5488 7541 8681 10565 12618
1039 3790 5710 8046 10266 3768 7519 1380 4308 4368 606 695 3866 7368 7922
1040 2725 6957 1397 3366 8108 12387 3935 4519 6310 607 739 1536 5564 6180 7689
1041 7335 2951 12647 6435 8947 1441 8883 3951 607 6262 12245 995 3955 948 936 4844 2720 4996 8190 3114 7165
1042 5595 6311 3129 5649 11998 2312 10576 608
1043 10916 5260 2647 1255 2228 2740 2811 1444 2685 4743 4836 12382 8230 609 1014 3163 3761 4254 5537 5944 8236 1010 5564 840
1044 6341 6003 6000 3186 4414 1302 1909 1913 1906 2011 2719 1902 1004 1003 1477 830 12076 610 560 7823 582 8976 12740 4319 8617 2628 369 231 125 238 593 237 8016 137 155 156 158 159 189 296 298 39 61 7109 5862
1045 4222 613 1882 7238 7366 1108
1046 9380 9411 2181 8123 1506 4955 8268 613
1047 5815 2588 2595 1002 7054 8703 8833 1321 2528 614 1001
1048 7245 1469 6389 7973 1120 2144 3524 615 616 617 2559 4213 4467 7247 10596 9191 1887 1679 1136 1528 3082 854 2437 6500 7715 550 8278 1526 630
1049 6807 6375 1734 7185 7742 619 1306 6232 1671 11125 6985 679
1050 6885 3223 6900 5762 5763 11574 12002 621
1051 623 5738 8408 1786 9293 12703 3639 7581
1052 2196 6217 7025 8037 10754 9896 8164 4876 1378 2354 627 1426 9404
1053 8191 6494 7249 11827 7254 3530 629 8048 4733 10235 6488 5291 8100 11917 5312 2960 3074 5458 5556 1960 11218 10461 9289 12703 7660 10010 4973 3159 7308 8075 10176 10120 10274 11995 1010 6296 3381 4388 685
1054 629 726 3845 7444 4440 3914 12321 3031 2493 4796 9329 10982 1960 1832 1464 966 8554 8178 660 6923 5596 11051 3431 6784 7205 4324 2960 7609 8578
1055 5610 7862 629 1342 1667 1881 2807 3094 4034 5142 5852 6564 7511 8969 5581 12449 8147 2137
1056 1759 9341 4693 8696 3549 2051 7444 10439 4198 12493 7245 629 1559 4393 3674 660 10208 3776 4129 8611 1175 10209 2657 1026 9622 3577 11666 2139 2842 2156 10610 3775 1497 8392 949 10440 2260 1650 9993 1339 1423 8393 5562 1479 8878 3142 1295 2945 777 8568 7538 5450 7097 966 11171 7411 7899 11822 883 1368 10462 5658 8077 12804 8494 1503 2859 5463 728 8415 11650 1981 7550 9329 8571 11010 11858 8076 11741 10287 336 5516 5519 2755 8258 3055 1130 4113 5521 1988 1843 3563 12411 1425 5522 5888 8362
1057 629 7320 11161 2995 5462 7692 4807 7720 4111 4255 8671
1058 630 949 2349 2668 3928 1136 1154 4049 5646 5682 6492 6498 7711
1059 5646 1517 2662 630 665 2349
1060 854 1267 12533 6500 665 4807 630 1017 2475 6591 6592 7715 1791 945 528 2349 740 127
1061 7103 7157 5610 5646 7713 3387 3856 2578 3928 9860 2573 7239 2662 6016 9862 6242 9349 1986 1887 630 1076 1489 5429 665 127 175 740
1062 12260 630 1165 8966 8448 901
1063 647 1423 631 9103 12192 648 735 917 1497
1064 7122 631 1342 2216 514 647
1065 11161 10619 3748 1402 1930 2689 4889 1577 4803 5854 1958 1929 3320 5321 4346 5462 11165 665 8686 1517 581 7715 1267 1730 2091 2289 2897 2991 2514 5646 945 1051 1123 1136 1500 1528 4686 632 1460 1498 1167 8296 2495 9782 10398 4266 8802 11260 5866 1166 8245
1066 1129 11266 2015 3243 7316 8197 2632 3584 5192 6389 632
1067 8050 4504 7869 5091 9803 4119 633 6239 3145
1068 8514 345 2504 3620 5022 4276 7630 5995 685 7616 122 633 5158 8333 7492 9016 7002 8326 10304 3024
1069 2553 3791 1290 1208 1442 2113 2209 2288 2289 1054 1498 1769 5358 1831 1053 634 964 1675
1070 2921 3572 638 1257 8093 12838 3129 1688 9023 6232 3247
1071 3847 4953 1413 639 1304 9215 1232
1072 2718 2160 2566 1089 1098 978 1477 3159 1619 640 2386 309 282 64 297 1322 416
1073 4514 643 739 1287 2124 3534 6780 4037 3751 5153 7841
1074 6725 8069 644 2136 2740 1398 9427 10060 7899 6727
1075 1154 270 8751 8752 2155 2530 5573 644 3673 6180 890
1076 4729 11381 2996 9785 3015 888 889 894 4134 3012 12122 8005 645 810 680
1077 3422 1478 1528 2404 1461 3082 1121 647 1886
1078 5742 5709 2352 12222 6752 3994 668 2204 2208 2914 5057 2740 10856 6462 9684 7903 2273 11319 11199 649 5918 10850 3011 2237 6464 7279 9366 9732 5176 2182 5315 9853 3813 8461
1079 8760 3681 4513 5284 649 2866 3222
1080 1058 1279 8147 650 3696 3697 740
1081 6069 10640 5134 5359 5712 6343 7884 3314 6970 2135 12558 12663 4073 5771 7306 7934 1748 9661 10093 6914 12377 12642 6856 2724 6246 6510 3319 6302 7020 5395 5358 5778 7158 650 1272 1145 4507
1082 651 1359 1721 1885 1916 2397 2808 3082 1037 1460 1522 8894 1858
1083 5446 5181 8500 652 662 6525 6526 3629 9705 2247
1084 653 3779 4488 6099 5817 12434 6627 2366 2907 9704
1085 4305 6242 9279 5816 654 8420 9610 8350
1086 2497 3208 3320 566 2284 3668 654
1087 1136 1478 5610 654 7126 1310 3727
1088 1382 2399 3531 2845 9736 8458 1881 9491 8543 1109 656 1107 1547 2893 9300 5816
1089 11374 11570 8077 7725 1232 12612 5320 659 3840 5881 11013
1090 659 1618 6209 4556 12701 8622
1091 6723 11269 6936 7158 659 7600 5609 9760 6529 5700 6865 9821 10877 11029 11874 12049 7990 4448 7502 3766 10847
1092 1732 4474 4476 1145 1285 1360 1517 2023 2675 3168 3387 4213 4467 4473 4485 7157 1546 9514 2559 1218 1548 10681 8922 7319 7149 7416 819 7882 2434 660 9508 3240 6051 7888 3447 9502 4075 690 1136 2431 10895 11103 8276 9318 7417 12800 7272 7444 7091 8290
1093 3768 9579 10647 2968 5944 7092 9886 6114 6414 661 1896 5732
1094 1677 9194 4160 8095 1375 9199 9411 7661 6194 1398 4159 6374 661 6795
1095 5374 2960 10615 661 11610 7238
1096 5492 662 1899 3557 3485 8539 2775 3800 10725
1097 11541 12571 6218 6869 12585 664 7984
1098 2349 2652 2991 3584 1179 665 7247 127
1099 525 854 1267 1825 3928 5646 1017 1276 3584 665 1136 3056 5244 8720 1283 2090 1140 1885 1022 1026 1528 1872 2651
1100 3696 2972 2100 1308 2060 5703 3224 6242 665
1101 9750 666 6790 8050 6868 4073 1564
1102 3197 3802 977 666 2417 2501 4231 1861 2126 3272 10045 5176 6806 7770
1103 4801 6017 765 1790 667 5582
1104 5276 7583 3979 2747 4820 8037 667 810
1105 3927 3950 4149 6701 5686 2933 11028 8106 4150 671 6721 8065 3353 5377
1106 5463 9275 10309 1460 3695 7184 8532 672 2038 2653 3757 9675 4118
1107 2434 2433 1190 2156 673 4198 6327 9834 5268
1108 4512 2014 1904 2713 1325 674 2386 464 169
1109 4790 1902 1905 1084 1185 1191 1194 6095 962 1187 1034 1080 1006 1083 1089 1092 1098 1188 1189 1192 2714 2715 939 940 739 1097 1099 1477 4546 5650 4334 937 938 941 242 231 309 293 674 238 301 76
1110 7278 12296 7207 6959 6958 6427 6819 6341 6520 11985 6528 6431 6718 6429 6001 6000 5278 4637 4881 4979 5088 4513 4151 3974 3580 4511 2751 2622 2160 2395 2066 1302 7752 2173 6195 7751 7753 1193 6095 6825 2172 2713 2714 2719 1091 1185 1313 2715 3324 1084 1094 1186 1188 1191 1194 1452 1537 2170 1088 1095 1212 1093 1226 2608 1085 1090 1189 1080 1081 1087 6831 1083 2505 5477 6821 6823 6829 1092 1187 2311 962 1035 1077 1079 1082 2309 2310 5204 1089 1184 1205 1012 1098 1011 1181 1182 1183 1006 1007 1009 1032 1033 1034 7707 1244 1020 1078 939 1003 1004 1021 8675 3145 1477 940 877 1049 1050 1096 1097 1114 1099 5653 1326 1327 5650 5651 5652 3949 4546 937 938 941 4334 924 1681 4062 5308 546 585 587 1044 181 252 254 293 227 240 241 242 243 249 250 674 2389 246 2388 244 245 464 212 251 211 239 247 2386 208 231 237 238 309 593 189 296 298 132 133 158 159 253 155 22 23 73 102 228 391
1111 4134 7586 12339 6897 6896 7721 6520 6594 6528 6001 11387 7853 5869 11385 4518 5876 11384 4881 5626 4541 3375 3051 4524 10939 9741 9752 3734 5341 6948 2566 674
1112 7752 6195 1094 1182 1184 1006 7707 1092 939 1097 1327 4546 5650 937 938 4334 941 828 211 212 239 247 250 251 254 293 344 197 674 137 153 155 158 159 253 296 298
1113 6958 6667 6427 6341 6428 6023 5036 2105 1387 1388 7751 1212 6195 1088 1090 1093 1091 1181 1089 1184 1092 7707 937 938 941 2386 210 674 293 237 238 297 298 299
1114 4669 1039 1049 4546 1327 941 937 674 293 238
1115 5275 4881 4257 1909 1912 2569 3459 3006 940 1097 6690 1077 678 246 674
1116 1731 3975 4298 5087 383 1877 2966 4920 675 883 1612 1628 8365
1117 6902 7998 5292 6347 5158 5171 12650 4716 7168 7720 6229 6579 7204 7264 12245 2932 2933 5284 4408 7374 5042 7582 3840 7583 6925 7406 677
1118 3314 2737 5238 5239 5953 2186 2606 4183 5189 4946 7781 10308 5556 677 9674
1119 8018 8046 7705 6735 6667 6427 6341 4790 678 213
1120 7580 6520 6594 6024 6025 5959 4790 4513 4414 4131 3470 1904 1913 1370 2396 1372 1078 2307 1049 1050 1080 6821 1007 2244 2930 933 678 2388 208 299 207 12497 571 1322
1121 5036 4790 1906 6095 1077 1159 1190 2504 1035 1187 678 189
1122 5250 1911 1906 5075 1210 7731 1035 1082 5652 5651 678 248 250 256 284 207 156 6
1123 4569 5849 8856 9421 10225 680
1124 8382 497 3716 6795 681 3514 7718
1125 11137 11138 3769 7674 2342 3778 681 7011 2456 1985
1126 682 731 792 8469 1958 5321
1127 991 2273 3660 685 1112 1233 4786 6771 7634
1128 2715 2848 4767 685 6923 53 77
1129 12712 1340 1479 11881 2635 5744 1100 685 1425
1130 6522 12836 6104 2158 2352 6105 744 3630 5224 1078 312 11334 685
1131 5760 3182 848 990 1370 7616 685 1105 3938
1132 3302 4728 685 706 1826 4865 4424
1133 6504 2206 10062 4439 6258 1804 2966 7409 7838 6177 1562 9221 4152 4542 11035 7277 2708 10493 5034 2148 11325 1816 5511 7250 1019 10679 6673 1425 685 4119 8677 4313 4896 5564 1305 8329 2448
1134 4438 5109 11755 6049 4357 7320 686 2513
1135 2160 2396 1902 1904 1937 2105 2505 1097 1078 3979 1317 898 686 828 829 3738 75 1322
1136 11570 5901 12430 7862 12078 5699 6287 5369 4396 2084 7443 10526 7471 5642 7800 5655 6289 7689 8910 2726 1678 5972 687 8282 192 10979 8264 783 11734 2215 517
1137 7899 3355 4116 4820 6166 963 688
1138 2718 1906 2171 1005 1327 832 8923 1163 3748 689 335 556 1512 11118
1139 2396 2566 1914 1371 1398 1191 6825 1049 1326 715 3159 5597 689 217 134 256 301 133 364
1140 5844 4669 2566 2569 2639 1902 1697 1316 1083 1210 2313 1035 1082 1009 1079 2310 2147 962 1007 1096 1097 830 898 5742 1195 689 826 387 194 418 133 155 298 169
1141 6652 672 8808 1195 11238 11887 12685 2943 6741 11171 6012 7247 8179 1177 1400 8126 689 1397 4780 3354
1142 6408 2313 1077 1326 1050 1619 689 1323
1143 916 1500 1622 1885 690 1528 2090
1144 2278 2491 507 2397 5611 1478 690
1145 1165 3946 690 740 772 2278 2491 2755 2091 630 632 3664
1146 7295 7020 4581 4541 3800 691 1948 12336
1147 3316 3320 5854 1785 3874 692 1517 5646
1148 9169 1682 9384 2271 5595 6701 2341 4820 6753 1772 7678 693
1149 12636 12185 8889 4454 12604 3287 694
1150 5238 5486 9873 11248 9992 5665 10320 9076 9319 3643 9733 5709 694 3652 10255
1151 11090 1953 4504 6757 12496 695 6888 9765 1101 8160 1536 1659 3451
1152 1154 5377 1611 6487 696 1559 3719 1572 4042 5898
1153 3145 3584 1310 2215 11937 696 1453 2699 4460
1154 1447 10985 5271 1870 3015 4357 4712 5515 696 9584 2560
1155 269 1611 4624 696 2640 6381
1156 6892 11942 11943 6799 6619 697 698
1157 7939 6341 6594 6003 7702 1915 2566 1327 217 245 138 698 9909
1158 1094 2313 2314 1010 1082 1079 1083 877 1327 2850 1477 4546 5078 280 245 258 698 111 139
1159 11404 4273 10471 7006 699 4245 3709 6819 2925 204
1160 10299 12574 2957 699 10667 3063 8375 12727 2012 9566 4195 8002 8038 8097 1729 3811
1161 4625 3194 7587 7862 1318 3363 702 3580 1985 3954 5289 10285 1983 10642 4255 4851 681
1162 5217 7970 4384 7770 6487 6739 4661 6762 702 6126 11805
1163 1177 9412 2587 704 775 1929 2969
1164 5988 8434 5171 6425 1246 10719 6209 6389 7066 1960 704 3876 7096 8037 4566 10770 12371 1709 4542 1686
1165 1415 4069 10981 705 1030 1154 1789 2498
1166 5637 7600 2645 11847 9262 4241 2273 5289 708 5662 7813
1167 961 997 2762 11120 7824 709 824 1072 1248 2669 2763 2772 3362 5898
1168 709 4513 5255 8613 282 7014
1169 709 1257 1884 2488 2956 2958 3926 2513 963 11130 9857
1170 710 1156 2130 2492 1241 2246 12412 6501 10968 3890 8301 8814
1171 5168 4749 6649 6090 787 711 6037
1172 11344 6655 1695 1032 1003 1005 739 5653 921 2244 5652 1069 5651 12061 248 255 369 152 133 111 11217 448 711 2295 419 2397 3105 77
1173 6041 6242 4272 4675 3696 2102 814 2090 2230 1308 712 3067
1174 4386 4615 2908 7055 1288 713 1580 1818 3117
1175 2830 5946 2975 6177 3117 6925 713 8381 1130
1176 3979 1413 2522 10353 7908 1422 5351 714
1177 4414 3973 2566 2569 2639 7755 2314 1087 1372 2608 834 8605 1077 715 538 2244 1044 470 157 169
1178 3342 10969 11018 11679 12732 5340 6708 3921 717 3283 5380
1179 4896 1905 8218 7707 2850 1477 718 4767 1163 678 2387 1278
1180 6528 5036 3778 3561 2718 1910 1913 1697 2430 1041 2981 1210 1005 719 335 2387 1278 196
1181 8667 966 1464 2397 2491 2498 3214 9915 3584 5583 6389 7075 7103 7444 1684 721 1289 1291 1732 3067 3163
1182 2933 6217 4547 9644 10198 721 506
1183 6735 12568 6537 6024 5959 4915 4896 3290 2395 2569 2010 1093 5651 722 1323 105 1322
1184 1620 8900 724 1470 2468 8894 8668 1485 2689
1185 8263 724 909 1471 1500 1522 1604 1872 2222 2397 1528 1719 2529
1186 5477 1189 1183 1049 978 1008 1077 5653 725 235 136 111 3009
1187 2491 726 1334 7444 7583 534 6739
1188 3808 11451 727 4686 2491 2578 6040 2629 3067 1467
1189 7177 1341 5732 6090 10535 729 2618 2619 4326 4384 6174 11292
1190 2427 9683 2960 3769 6225 8113 3980 730 1970 2911 4263
1191 1757 3137 3298 3938 4158 4719 5208 6530 6654 7046 8067 8095 528 2349 1129 750 9447 9449 5009 5258 1120 2073 856 732
1192 8934 5931 12325 2273 986 5224 3443 4386 3647 733 4817 12088 1456 12014 5505 7075 7185 7320 7862 9192 2084 2335
1193 2050 4396 8053 738 1018 3795 4784
1194 4512 4890 1473 1033 6821 1007 1009 6829 739
1195 6714 7135 11638 6378 7887 10300 6394 12469 11786 5959 7158 11570 1906 1911 7476 7624 4322 7853 11274 4879 6881 6825 1032 1033 1049 739 6257
1196 6747 6831 11969 4414 2602 1212 2981 5204 1004 6160 1049 940 739 921 208 241 1278 4057 285
1197 6959 6646 6428 2566 1908 1911 7358 1302 1371 1003 1091 1093 1205 6161 739 1060 6690 827 254 335 156 571 4015 77
1198 8021 6521 6432 6003 4513 4151 3979 2395 2566 2981 3459 6887 1609 6832 8984 739 898 5781 7247 2389 1323 214 674 418 369
1199 6630 6868 7720 7368 6320 2209 3047 3106 4834 5231 11041 6313 11747 11848 12081 12123 8172 9142 10934 11982 6849 11132 739 1934 3172 12548 579
1200 3760 8690 1787 2091 739 442 10671 11041 12252 7765 5510 7199
1201 9595 10230 11956 7720 3738 1620 2614 9273 10137 4178 4511 1411 5454 739 894 5497
1202 7995 2866 9842 2349 10036 740 883 3042 5457 7924 8233 786 12004 853 945 1165 4617 5646 5814 6232 7272 690
1203 1479 10397 3528 5134 5564 6474 8819 10612 741 1414 3198 3338 7023
1204 742 923 1636 7580 10786 6104 8860 8861
1205 1612 2931 2355 2932 8664 1696 2681 2936 4049 4139 4250 6574 742 954 2273 732 3367 3775 11243 5848 12191 3026 10277 2282
1206 6293 12066 3904 5610 5712 743 3979
1207 1408 8507 917 7359 743 2084
1208 8499 1478 3067 10773 744 3208 1485 3183 3867 5980
1209 9115 4103 746 1478 1491 1250 2090 9490 2498 4034 9910 3320
1210 746 1054 6638 513 8650 318
1211 1003 10081 4017 5419 747 4244 6052 2032 6780
1212 8411 7770 5952 3422 5656 6637 2398 11325 8896 748 1611 3691 1875 8311 1584 2061 170 171
1213 4493 971 5242 750 3096 3548 5133 2477 2700 6326 8012 3447 9190 5818 1677 8370 823 7167
1214 6521 6628 9718 2879 6004 5914 6028 1944 751 6967
1215 1344 4614 6220 4261 12654 751 5133 4923 5185
1216 2209 2324 2491 5244 10681 5180 10393 5009 5054 752 922 6267
1217 753 1178 1320 7689 3395 5564 6564
1218 7354 8649 1732 1722 754 1249 2578 3584
1219 12738 12241 6998 3116 3257 4175 6651 4525 8204 755 655 8595 8972 9859 3716
1220 5799 6359 5527 10254 3563 4027 11909 7568 5430 6358 2241 5537 10570 10383 7689 2219 2797 9598 3109 12187 770 5384 8016 10478 12524 3530 2771 5896 10272 5865 7531 7519 7625 3583 7350 6386 4198 3326 6987 12114 7676 10217 9157 4534 1861 1241 757 1155
1221 1734 1858 3584 758 1013 1483 4708 1482 10167
1222 11163 1456 2324 1849 7062 8720 2651 5535 7490 6547 2163 3521 5009 4675 1783 759 1668 3237 1217 9501 9506 773 2398 7245 3628 7926 9572 1693 9031 8708 936 908 3032 8423 8261 656 646 1412 4158
1223 7733 9709 3325 760 2397 3067 3267 8096
1224 6090 839 760 1236 6264 5842 6172
1225 9492 2397 3082 3208 3584 6530 7198 9720 1604 2289 3320 2498 3067 1783 1885 1498 1136 2288 9002 3394 1448 1471 1713 1622 1423 3422 760 1442 4459 651 2141 916 1500 6605 2061 4103 3209 4613 1299 8574 1931 9900 551 2276 2468 289 5854 7780 647 4785 1612 1676 4726 6033 9910
1226 762 2384 3181 8450 8820 4267 2443 4513 10744 289 414
1227 5798 6341 5256 5465 6560 1703 4964 763 2656 9167
1228 3114 7193 981 10368 4849 6950 12062 765 2465 3048
1229 11724 5753 12699 12384 6941 11888 767
1230 5879 770 3278 12473 8110 6862 5661 4542 6227
1231 4910 6117 771 2197 4575 6672 7098
1232 9257 7574 7939 620 774 928 6689
1233 9962 5555 1979 775 1709 2546 4049 6635 8392
1234 5483 7538 12453 3734 4590 7444 2369 7319 7320 6922 775 777 1457 6347 4238 4893 6559 7380
1235 1500 10489 776 883 5812 696 1220 8847 3738 4694
1236 1758 1177 4694 5450 776 1174 1568 2278 3031 966 10621 11596
1237 778 850 1877 2320 5536 7353 8897 9469 10067 11791 8234 2650 7444 4308 9472 10525 11708
1238 4340 1223 779 788 1407 2701 2705 3787 4360 8401 10683 10869 5744 5924 12306
1239 6718 3831 4138 11972 993 1064 9420 11700 8653 2916 6271 2291 4195 3771 9767 900 6698 3600 780
1240 6862 12531 7156 781 8037 983
1241 8190 4832 1931 3320 3487 3488 5814 6927 1027 1443 781 944 2184 3071 3433 4458 6176
1242 5893 9000 4280 6200 6639 7822 7972 3985 6259 896 1412 7885 9961 5703 661 4232 7131 7332 781 1987 4856 5939 997 1198
1243 5583 9500 7625 1895 7444 8365 2772 2776 782 783 997
1244 10813 6530 4357 4777 7930 3856 10338 4633 12323 1958 1479 6452 748 1425 782 3474 5242 2839
1245 4666 11494 4509 784 3537 1981 10267 1066
1246 6866 1938 1787 2635 3685 4073 5158 2126 1762 784
1247 7430 6932 11777 11873 12590 7090 1400 9290 785 3025 8938
1248 10615 2218 3982 2695 5377 5816 3108 4647 5966 7617 5989 9845 12478 3813 5607 7282 2964 787
1249 788 1873 2765 2777 4087 5006 7933 2772 9977 1133 9623 3485 3489 7625
1250 5486 5596 9164 8714 2203 887 3460 9747 6532 9801 3096 3714 6084 789 3279 4896 2491 482
1251 10606 6089 12072 11872 8888 10428 1737 789 3699 8040 1332 9153 10047 3829 10958 11056 6085 7947
1252 5788 1470 5802 791 1165 175 1154 1478 5646 1568 2090 1484 2514 7071 5612 650
1253 5183 2218 4826 7315 793 2240 2394 2577 983 4991 6341 7509 2206 2516 4822 7632 520 9998 3979 276 8326 4463
1254 1310 794 3809 2816 4521 1417 2404 3160 3652 4579 4585 5083
1255 10569 8137 4921 8807 1374 795 2924 4674 5940 6017 1399
1256 10232 1812 4252 795 7007 10302 6775 6847
1257 5455 5578 4807 5284 7328 5610 8053 11644 796 2038 5546
1258 2822 3512 3696 4528 4684 10678 4685 6389 1731 2992 797 813 814 2973 3511 3697 4213
1259 4360 6817 5158 4190 9917 798 2502 7437 6839 4624 2367
1260 800 2209 5258 5259 1461 1769
1261 802 906 1065 6331 2933 1616 3047 6478 12051
1262 803 4209 4677 426 424 4030 12304 10085
1263 1022 1243 2312 5596 804 5556 5751 2131 5580 2274 4127 7444
1264 3704 2215 8472 805 2899 11183 5714 1065 2718 4858
1265 2819 9700 805 2696 1222 1154 6131 1934 3909 3935 4658 5791
1266 3788 11634 4955 4390 3310 3345 4449 3776 965 806 5641 10296 9521 702 7846
1267 11614 9346 6463 807 908 2498 412 639 3488 5515
1268 1480 1958 2277 3487 3489 8221 808 3488 4360 5204 6577 7149
1269 5084 4580 3736 2390 1852 3691 3942 9078 809 7948 4360
1270 5433 7238 7584 9250 7583 810 352
1271 9635 9293 7987 5008 810 4127 7638
1272 810 6835 3979 4255 3074 10997 4918 4996
1273 4687 5669 5670 811 3660 7126 5966 2747
1274 6794 2312 7950 1863 10149 9306 812 8912 8496
1275 5278 10653 6242 7580 5663 4684 4476 813 4473 4680 4485 4858 7035
1276 5042 6260 3994 815 1239 4349 2312 4118 8310
1277 12610 9786 816 4276 7786 7788 7789 12565 10630 12701
1278 10894 11280 7185 821 1877 7444 10788 7247
1279 4255 821 2597 6052 4511 12798
1280 6187 3530 4820 6172 2117 3539 1987 10477 3485 3487 6494 3030 3584 5335 10524 9472 4156 5450 5247 7444 4048 2090 11889 9081 1832 4228 822 2390 663
1281 5753 3617 629 9444 3136 822 840 1294 5334 6627 3145 985 5483
1282 823 5203 7319 2632 7881 8457 1136 10521 5483 7009 8236 6051 2756 11171
1283 875 10610 5508 5555 5564 5451 5610 2773 3218 824 11379 948 1401
1284 4513 2012 6095 1184 2147 1183 1641 826 239 234 233 235 12442 9141
1285 7616 1226 6825 2244 1314 827
1286 6734 11303 5586 12009 7750 1902 1906 1907 1904 1908 1909 1905 2002 2003 2011 2012 2014 2105 2171 2172 2173 6195 7752 7753 2170 7751 7754 2714 2719 1080 1081 1087 1094 1095 1189 1190 1191 1192 1212 1313 1609 2608 2717 6825 6821 962 1007 1032 1035 1082 6829 1034 1009 2311 1033 1083 2310 7707 1006 1011 1079 1098 1184 2505 5204 939 1003 1244 1004 1020 1021 1078 1097 1477 1114 1099 940 832 1326 1327 941 828 560 610 1163 1195 212 241 242 249 294 309 2386 2389 155
1287 2160 1906 1911 1812 1937 1910 1913 1902 2569 1905 3574 8218 2173 7752 7753 1009 1007 1372 2170 2172 6195 7754 7751 1190 6095 6825 1080 1081 1189 1191 1192 1193 1194 1226 2608 6821 1006 1033 1079 2309 6829 6831 1187 1184 7707 1035 1082 1032 1034 2311 5477 939 1004 1020 1021 1403 1477 10080 6690 940 1097 1049 1050 1096 1099 1114 1326 1327 5650 5651 5652 5653 4546 4690 937 938 941 4334 933 610 1195 829 544 247 251 240 241 593 212 246 257 464 674 2388 2389 211 243 252 254 244 245 249 250 2386 4951 309 255 132 155 190 152 153 156 159
1288 11342 4038 5848 1787 3447 3458 10038 4889 829 4155 8064
1289 6777 5596 5256 7868 5118 4774 3331 3274 1909 1371 2307 925 829 571 125
1290 1003 1078 1255 829 369 111 135 285 286
1291 7869 4669 1902 2011 1910 2569 830
1292 7135 6958 6511 4637 2395 2396 1905 2171 7751 6195 1682 2172 7753 7754 1187 1083 1182 1183 1184 1205 1006 1011 1089 1092 6823 1091 1093 1088 1181 2170 1185 1004 1021 939 1020 1244 1477 1099 1114 940 1097 5650 541 1514 1195 831 1513 293 155 159 353 189 158 296 297 298 299 300 301 601 1512
1293 6873 6427 6428 6000 5278 7274 1049 2608 831 1077 335
1294 6873 6024 5275 4511 4669 1905 1695 2714 2312 6161 907 831 307
1295 6025 12764 6024 7954 12011 6481 6239 3927 2694 2600 7753 1387 2173 10936 1185 939 4546 722 689 832 1195 2387 674 293 369 207 258 296 298 61
1296 8052 8018 7752 6821 2170 2172 2173 6195 7707 7751 6095 5650 937 832 214 213 174 343
1297 7541 12019 10922 3974 8082 5976 5092 2065 1904 1914 1905 1080 2714 1189 939 1192 1193 1191 1194 1009 1049 940 1097 5651 4610 832 4690 5091 1106 933 582 241 207 300
1298 7942 2566 5477 1609 715 832 1670 111 139 7641
1299 1902 1315 2173 2170 1205 1184 832 335
1300 4821 3974 2395 832 8615 1895
1301 5275 12789 11828 11524 10889 7836 7524 7989 7198 4513 5383 4635 3274 3979 1905 1302 8218 1388 1090 1477 1404 6690 832 828 207
1302 1912 2600 1695 1371 1079 2981 3459 832 279 1323 2387
1303 6003 4979 4414 2718 2160 8218 3006 3324 1034 1007 2309 1035 833 1477 252
1304 4064 4255 5377 3982 3027 10618 2296 3434 1064 1187 835 5859 4624 8652 2256 2425
1305 2215 5104 8735 836 3646 5979 5419
1306 4199 2932 2933 4614 837 1557 1576 2530 739 3934 190 948 4710 5076 12509
1307 4255 5751 6701 6739 5031 845 1189 3957
1308 11373 1331 8466 846 5036 10764
1309 846 3405 5680 3461 3187 3349 10741 6133
1310 847 850 1474 7055 1975 3320
1311 10742 847 1674 1881 2565 2997 10536 4383 2021 2357 2238 4901 8229
1312 5486 7272 10058 803 2404 848 4358
1313 6789 12782 6060 848 2761 3187 503 9609 4955 5759
1314 1804 5377 11611 848 3194 7444 9647 2872
1315 5959 3779 1908 2569 2639 1905 6013 7753 2172 2719 1080 1113 1185 6095 1095 1188 1189 2309 2310 1035 1082 6821 6823 6829 1089 1205 1187 1192 6831 849 940 1326 5653 937 938 941 293 9239
1316 850 1474 7055 8476 3032 3320 6564
1317 2358 1674 10311 8916 851 2588 8550 2021
1318 2576 2349 2746 5284 5610 857 1267
1319 11585 1651 10960 858 2395 2566 8154
1320 4562 3314 4365 9642 4736 6116 858
1321 7492 3966 11577 11576 1851 8024 8541 5821 3771 7484 9592 2362 6684 2985 2355 10378 10666 7154 2569 6423 12390 2436 3619 8275 6649 5127 3545 5671 7493 858 4002 10587 5893 11978 7547
1322 4282 4022 4135 859 1680 4894 4715
1323 859 1033 2428 9957 3338 305
1324 4111 4421 10408 861 5647 7250
1325 7096 12236 5913 11373 11729 10876 6135 5261 4307 4023 8236 2689 3400 4298 5587 7474 8126 861 3132 4681 4889 4968 5228 6051 6610 9394 3730 5159
1326 4380 11267 861 4005 965 4300 7250 5488 1930 9672
1327 7174 4649 9424 5147 5436 1816 12714 861 2556 3013 2404 3808 7537 12615 821 6766 4340 1278 3685 3841 7548 337 8599
1328 5393 7723 12518 12439 2419 862 1588 2877
1329 7380 7560 8106 863 2216 3347
1330 6087 1620 2942 3487 3488 3489 5572 5993 8865 10196 2117 3768 3940 7840 5018 2689 863
1331 1838 3129 7444 4496 3983 2747 871 12418 8937 5387 6351 864 3542 5879 9902 5595 449
1332 8314 893 3316 865 1014 1052 1057 1165 2209 2468 3016 3243 5449 7715 480
1333 5939 7620 6028 866 1806 2782 12246 4561
1334 867 2096 3522 3757 4477 7152 616 9364 4186 4214 9263 1123 1453 2872 4650 8215 3625 11628
1335 8023 10073 867 7326 9140 1215 12396 3524
1336 8978 3082 2491 3056 3067 911 913 8964 1624 2376 1146 9549 4686 2470 1148 916 3664 868 1358 1716 915
1337 9999 2458 901 1017 869 8137
1338 3108 11339 11801 1152 3631 7921 870 871 2273 3025
1339 559 1154 1407 2295 8632 2498 1402 3208 8371 562 871 2384 3785 6180 8468 5950 2495
1340 4538 4540 2117 3768 6655 1431 5619 6078 10570 2619 11888 7313 872
1341 6412 2153 872 873 11867 12258 6122 6650 10825
1342 5404 5795 5798 7474 12485 7665 11068 5752 5801 7697 11465 6737 11931 7368 6698 12730 4851 11185 5614 10243 5465 5328 4095 10729 7663 10333 6764 8156 5756 12258 3978 5710 6890 7720 10335 8231 3939 11360 6503 3807 4733 3957 12535 3059 3434 4744 5523 11605 2507 6298 2263 2521 3296 2616 2618 2619 9835 874 6394
1343 1958 3313 3315 10026 3491 3492 3493 4049 5787 7340 875 2410 3489 3548 4147 5180 5928 3208 3486 3487 3488 130 150 485 1454 3433 5547
1344 9555 4954 6162 5578 6198 2509 8190 3208 7258 875 8717 4752 6281 2295 3267
1345 4629 8164 4613 10571 3944 4158 5587 875 1677 4356 4974 5175 5486 5580 7028 1582 1149 2538 9981 4450 1484 4045
1346 5640 6588 8054 991 876 2273 8681 1213 1236 990 6684 6445
1347 8052 7705 6528 5278 1316 877 1477 6690 1077 2244 7
1348 5443 4414 2716 1695 1210 2981 2309 877 2848 286
1349 11981 2396 1904 1903 1388 877 715 279
1350 7118 8065 3860 10890 6856 4414 2566 6315 1908 1915 2241 2569 1387 10483 2504 877 739 3159 11558
1351 1187 877 1327 4014 556 157 169
1352 896 878 879 4357 4712 8050 7484 12535 4670 6529 8035
1353 1903 5550 5666 6081 6440 11756 880 2312 3145 5517
1354 2836 11551 11283 881 3315 6124 7095 7216 7444 7852 11868 1425 412 9025 4542 6002
1355 5171 6090 6170 1767 5747 882 5350 6331
1356 9650 2084 882 1714 2806 3607 10410 11246
1357 883 1103 1783 410 665 1517 1832 2491 5170 3691
1358 952 8293 5918 884 5980 7890 9114 504
1359 5900 5950 783 1965 8468 798 2513 3022 885 1024 1313 2498 2597 5557 8511 870 886 1958 2495 5610 6129 8037
1360 5675 2227 5610 5284 3934 886
1361 9655 2775 3493 5900 3491 5139 6966 1797 1803 3449 3450 5225 5289 5747 726 2763 2975 5236 5562 12654 2629 3557 10187 10593 5950 9664 3682 4102 5557 6440 8230 886 1072 1873 2773 2778 5949 6389 5131
1362 7912 6861 7180 5601 5458 3800 3801 4661 5598 6881 7761 6563 2978 889
1363 10148 11580 894 7011 768 6497
1364 3047 894 1934 7866 5722 9730 5996
1365 5148 2309 12065 7340 1567 1597 1599 894 1390 9617
1366 7202 10791 5874 7212 4238 2195 896
1367 2443 3405 3729 5430 7521 9287 4563 10975 896 1078 9094 405 8705 10003 6640
1368 4666 7340 6163 7663 9310 2862 3330 896 7474
1369 2750 7440 7731 7871 2254 7720 3426 2427 1118 896
1370 4293 10863 7661 7266 896 3649 4283
1371 7228 6978 7947 7954 3891 897 1877 9451 10269 7091
1372 897 2696 6472 12668 885 5562 6795 1346 4873 6291 1771 3491 8678 4624 3493 1958 2772 3487 3489 4825 6968 7492
1373 6873 5442 4896 7749 4255 3274 5794 2566 2002 2569 2014 2640 2215 2504 1326 898 309 2387 190 447 39 8298 648
1374 4916 4881 1063 898 1649 829 689 347 212 138 77
1375 5299 4414 3329 3194 2566 2065 1185 1080 1049 1477 2848 939 9701 625 10393 830 1628 898 561 282
1376 1899 4666 11081 6155 767 2229 9400 4163 5581 6221 4034 6180 5126 4733 1765 6406 8164 9628 8430 7900 8079 738 2688 12094 4827 1409 5097 958 5128 2498 3199 6530 1413 4957 898
1377 3778 4704 1302 1889 898 2930 2990 216 53
1378 10348 11338 11796 6281 1832 9921 898 954 1774 5180 5944 7611
1379 4511 898 2818 5898 7155 1399 1401 3970 8065
1380 4773 4169 2447 3598 5121 1662 2978 3714 5679 7368 3489 4237 3487 4568 1133 3488 3753 10055 541 3516 5852 7936 4337 11167 11318 11530 9320 10302 948 3362 2501 4821 1247 1929 4576 6864 3677 10978 12514 7508 5289 4810 975 1003 2951 8662 845 686 960 1064 2770 2971 1641 976 4159 990 3676 3025 8664 1774 991 2273 2271 4606 689 6180 9567 4133 977 6474 8636 404 899 10379 7519 8678 3256 5735 7238 1697 561 8418 8332 900 2056 3307 28 3303 9371 3921 1729
1381 2983 7424 6581 2989 2291 5450 7444 900 5163 1545 818
1382 9860 2038 2491 5244 5646 2383 901 1177 2469 2852 3082 6016 7156 3827 5536 8570
1383 3387 3763 4807 5192 2662 3928 2348 2349 1883 901
1384 11406 1938 6112 12093 7990 7991 2124 2549 2650 2397 3584 2866 12291 1122 3808 10719 1278 2141 4024 4030 4113 5842 6602 2160 4294 7859 3786 1239 1987 10356 4231 529 9183 6567 2925 5289 8361 6389 7280 8126 754 6287 7580 619 10302 8271 8284 2491 8285 650 2163 2363 7417 901 1076 4493 2434 1975
1385 1002 8721 1382 9441 598 8855 902 1474 2343 7055
1386 3938 4040 4161 4457 5037 7999 6299 2449 3982 5709 2128 1766 4055 5284 3530 903 3057 2273 948 6707 5555
1387 6000 2926 5288 2409 9488 10266 10632 5072 5289 3768 2453 4906 9794 695 6480 3565 2513 2312 2504 2307 903 6843 2253 6452 5789 1797 8670 2322 2273 6474 7037 1958 3488 3489 3493 3492 4820 3364 5684 9612 560 2766 4534 686 281 204 335
1388 3345 8011 5377 2910 4369 10231 5133 5656 3493 5289 1460 1674 5564 6053 7720 2091 2747 2708 10253 6838 903 1657
1389 3669 4126 3855 3125 903 4836 1929 6180 8083 1306 377 1401 1958 7999 3402 995
1390 10777 9303 5583 10057 6944 1813 2198 904 4113 1018
1391 1599 7648 7911 12378 1826 11562 7186 6412 1423 4433 905 5320 6155 1536
1392 1899 9235 4187 4889 5021 7085 2372 906 3979 1398 9755 990 5001 3113 977 10595 6716 12501 6815
1393 2236 4255 906 2631 4772 1010 8873 2293 2559 3980 4710 4864 4981 5049 5921 6564 11890 6765 7155 7165 7853 12618 11485 404 1767 2340 3739 3934 4040 4190 4820 5031 5699 6287 7999 12712 8212
1394 906 5602 2702 8126 2424 4301 7591 5040 2375 4865 7078
1395 10363 4314 12140 3770 5656 3402 5037 6576 11560 10931 9973 6440 3745 3259 6042 1958 6129 3493 3935 5950 906 8921 12567 871 3768 6604 12486 3747 7672 5562 6494 4797 12308
1396 906 1575 7520 1803 948 9068 10096
1397 11808 5823 6660 6311 7340 7919 9691 8071 12785 7505 7506 11608 11878 7793 3247 4039 898 3111 11778 5787 10234 547 907 3803 5484 7444 6981
1398 6896 6432 12629 4915 4916 4789 4881 3974 4675 6117 907 6031 654 142 4127 105
1399 2090 3082 8265 913 1885 909 1478 1720
1400 7071 909 1783 2363 913 1522
1401 2809 1881 910 1556 542 988
1402 913 7247 7712 911 912 1475 2090 10418 1330 4820 6129 8065
1403 11069 6637 1241 2745 912 1474 1730
1404 1578 1713 5284 6180 912 913 916 2629 3067
1405 9304 913 1498 2397 3584 4125 2468 3067
1406 10369 4158 4477 1732 9981 913 721 2559
1407 1486 2278 913 1037 1885 1478 909 1622
1408 1146 1478 1500 1720 1877 2145 2475 3067 4686 8565 9449 2756 3243 913 1076 1136 2397 2632 2942 8039
1409 1501 3584 4441 8835 1721 8716 915 2640 11166
1410 916 5363 1785 2629 2942 5049 1528 6040 1721 6635 1723 8235 2397
1411 917 969 1236 631 952 3320 5003
1412 8087 4111 12303 5996 4520 919 4463 5339 5997 974 9754
1413 6527 12238 920 1633 6821 6831 1060 1326 1327 5597 2244
1414 4669 2716 1473 1302 8218 1007 1212 921 1325 1324 478 2990 249
1415 8664 972 973 921 976 1619 5604 6739
1416 10349 8030 1908 3324 924 4062 5308
1417 4801 926 1768 7318 8630 8312
1418 927 1763 1425 9555 4073 4255 7939 3146 3686
1419 9845 931 3767 5700 7301 10207 10818 6181 2747
1420 11277 1912 1902 1371 1210 5507 1078 1079 1082 561 583 1314 1325 933 1866 296 2026 948 4162 151 209 8164 367
1421 2566 2012 7755 2504 1186 6823 1008 1327 933 2244 1163
1422 8097 6622 12117 9453 3420 6294 7057 7550 7540 4293 934 5002 5227 5228 6715 7572 5791
1423 5334 2160 1090 1184 925 937 938 302 447
1424 2716 1903 1904 1905 1695 2170 7753 7754 1189 1192 2713 2717 6829 2313 2314 6195 1033 1034 1097 877 1005 1078 2848 2850 937 6690 938 941 2930 610 678 4767
1425 6537 6594 6527 6024 9494 2622 2720 2395 2396 1903 1904 3331 1905 1902 2172 7751 2170 6195 2719 1077 2173 7752 2713 2715 6829 1006 1007 1009 7707 1097 937 938 941
1426 6025 5959 6655 1913 1910 1906 2011 2012 1189 1188 939 1205 7707 1098 1099 1477 1097 940 938 4546 5650 1327 831 238 301 132 189 300 133 155 158 159 253 297 298 378
1427 4414 2719 2713 2714 1080 1312 1006 1187 2147 939 1097 1099 940 832 2387 152 153 1322 151
1428 4359 5489 11859 3193 8166 7078 8168 2170 1371 6095 1185 1004 939 1077 8631 4422 2990 251 1324 418 674 258
1429 4637 1210 1211 1191 1194 2160 1004 1098 1212 2311 939 1097 940 1326 1327 4767 248 250 293
1430 3375 4252 3229 6655 2714 2715 2719 2505 5204 1032 1033 1034 1006 1007 1009 1035 1079 1082 962 1078 1098 1182 1183 1205 939 1004 5477 1021 1244 1003 1020 6161 940 1096 1097 1099 1114 877 5651 5652 5653 1326 1327 560 197 241 284 211 294 309 298
1431 4916 5275 2716 4624 2003 2430 1697 1186 1398 1405 940 1326 1314 159
1432 4881 2716 1909 2639 2608 1041 940 1327 1081 921 241 190
1433 2785 10080 3324 5638 3403 942 2709
1434 8789 8880 9548 11239 943 963 3997 6575
1435 5910 7240 4889 9084 10351 4142 6151 1524 5146 9318 4158 12512 5665 5853 4827 11923 6750 944 1795 9343 6967 7114 4266 2687 2465
1436 10768 1231 10663 3131 945 4298 7247 11762 3615 10126
1437 3918 9159 2780 6781 945 4429 6554
1438 12060 2349 7075 3584 945 3786 5646 7371 8257
1439 9398 11703 6378 946 6630 6607
1440 8210 11196 12216 3925 7862 2794 5284 5636 11376 947 4625 1958 8957 1010 1064 3456
1441 5987 11911 9947 6549 6486 3125 10049 3517 3938 4833 4920 5562 6530 2089 2317 3914 4041 4299 5356 5817 6246 6474 7193 7319 8018 2676 3019 3093 3112 6092 3664 7156 8179 8217 1657 1401 3401 5037 12262 948 956 990 1398 2450 6287 1315 2741 6634 2273 2513 7032 5786 803 962 9248 2708 991 1399 2925 7568 8525
1442 11995 7374 7680 10543 4250 3355 2171 948 3352 3353 3354 3360
1443 4807 5161 9997 10180 3639 1131 948 3096
1444 1772 5508 3025 2273 4866 948 1319 5601 3046
1445 12072 3096 948 1399 1778 3682 879 5040
1446 12431 3097 10161 2319 2708 5564 949 1342 1497 1847 4223
1447 2435 8942 2163 2632 8126 2090 1478 6635 3067 3320 2434 949 2727
1448 8411 8507 8552 790 860 951 8687 1500 1604 2145 9464 5611 1498 2212 2278 4686 7009 735 1136 1423 8948 1478 9027 1769 2090 2091 2141 2383 2404 2491 2495 2640 3067 3082 3584 1442 1503 2872 6389 2755 3146 7137 502 1720 12651 950 4527 5259 5556 2289 7973 1054 4069 2215 4985 1303 2112 2113
1449 4666 5832 6311 6888 4910 6541 5915 6363 4036 5369 4158 10336 12002 2236 4728 7993 7205 2321 951 969 8236 8552 3402 4011 9678 904 4185 3939 4496
1450 6922 952 3445 8399 2119 5230 6064 8065 3350
1451 4642 1031 7432 11792 2725 952 4711 10705
1452 7464 9101 953 1311 1772 4045 4053 4140 5686 6697 2269 2446 3402 4050 4056 5291 5377 5897 5943 6286 6563 6576 7169 8142 7438 2143
1453 5155 3644 6242 3696 4681 3512 4679 11953 5893 6837 1394 5212 7247 4684 5171 6780 7862 7877 1896 953 11471 424 376 5094 5872 10832 2559 473 8444 5738 5160 6100 476 622
1454 954 5911 1398 10579 5276 6483 7499 4255 8509 6294 7585 5267 2019 81
1455 1587 2460 3962 4058 4109 1778 7868 9351 5356 9500 11717 7854 957 5604
1456 11181 5393 12127 3431 7747 5602 7140 5599 12689 6761 6630 12491 4531 3683 5961 6165 10286 6385 3925 4329 3832 4086 10106 8061 5256 10754 8154 6579 11044 4783 6720 6277 10206 9896 2111 7989 5744 959 7287
1457 3578 8789 1320 3526 1178 961 1142 4511
1458 5275 3778 6825 1084 1452 1094 1226 1186 1188 1090 1091 1093 2608 1095 1085 1189 1190 1194 1080 1181 1182 1183 1184 5477 1205 5204 962 2310 1011 6823 1007 1009 7707 1004 1327
1459 7278 8026 6521 4511 3980 1902 1907 1903 1904 1194 6095 2714 1091 1184 1011 1181 1089 1186 1092 962 2310 2311 5204 1909 1913 254 6550 674 251 4013 158 159 155 298
1460 7144 6521 6594 11831 2160 2002 2713 2714 2715 2717 1007 6823 6829 2310 962 2309 5204 1011 1049 1050 1477 1326 1327 830 470 241 309
1461 2373 3320 3488 3118 6249 7444 2967 10172 963 1154 5815 6805
1462 5382 963 3478 4511 997 2966 2975 5291 6488 559
1463 7319 6917 1562 5284 1309 2090 3196 3486 6530 963
1464 8221 965 2039 5562 5303 5977
1465 7718 6155 1848 6375 6007 966 4410 668 8514 6201 7611 10871
1466 2217 11801 4053 4511 4844 5289 6484 5656 4808 5380 966 991 2317 2975 6485 7749 394 5562
1467 7156 966 2856 8512 6982 6911 1200 2452 8407 3032 4534 6180 485 4843 2692 9956
1468 6761 12179 5889 1286 1516 776 11283 6721 12606 3995 6584 966 1058
1469 1464 1741 4693 5505 5506 6388 967 8569 796 1494 8570 8261
1470 10460 5225 5932 6100 8020 2412 2883 10891 5505 3918 2631 3142 12081 7899 9183 2397 2491 2884 3628 1360 1883 10599 5409 5785 6180 11663 7322 1172 9121 2745 9650 5506 3474 10139 4304 1526 5160 5167 5284 6824 12624 2728 8582 9503 6423 1154 2696 968 1732 1771 3096 3173
1471 3934 3631 7939 7720 7197 10612 5134 7204 6564 3401 7728 968 4893 6133 3932
1472 1082 2019 4276 11067 7871 970 10578 7550 12655 4524 3778 619 992 8370 8519 7834
1473 1996 5567 1411 11788 3333 4797 11241 970 1024 4172 5863 6097 4088
1474 6245 10136 3734 9648 1999 2382 3043 3378 3804 4701 7381 7444 4590 6562 6500 7157 7711 6374 1172 1279 8104 8693 971 4499
1475 3159 2240 2239 2932 2933 3924 4149 4394 2938 6257 6574 7262 972 973 983 9754 9931 2734 2488
1476 4698 4864 8106 1479 7358 9553 4814 2397 6697 2696 7319 9330 2133 7734 974 2714 2623 9754 4111 7238 2147
1477 11913 4255 5239 7530 8207 5765 7580 5256 5501 5146 976 272
1478 4513 2003 2013 2569 4511 4890 1094 1081 6832 1095 1008 1041 1050 1096 978 832 136 233
1479 7144 7207 6025 4151 2012 2718 2720 2010 1004 2014 978 1050 1096 6829
1480 11184 1094 1095 1088 1226 1091 1090 1093 2309 5477 6823 1181 2505 2310 718 546 828 978 235 237 209 391
1481 8064 5826 2136 5049 5274 5486 5595 6466 6913 7725 2009 3778 5401 5562 6588 3540 979 1014 3350 3420
1482 6192 4974 10936 7216 979 2218 2295 2625 4858 6019 7995 8220
1483 2892 1655 979 1354 1962 8079 1639 2660 2996 8730 5073
1484 9677 10075 1286 1175 11019 981 1758 7321 8126
1485 981 4158 10177 8178 2129 7871
1486 982 1829 5765 5766 7359 9207 9805 3769 8608 1726 2628 3314 3685 4524 9263 3761 7126 7933 1125 8617
1487 11336 5379 1809 983 2167 3547
1488 9438 10574 5317 6288 6367 11703 6493 7118 2744 983 2339 3934 5024
1489 5980 12459 8164 983 3230 3458
1490 4111 1927 8101 983 7347 7720 377 2477 1821 1969 4255 8035
1491 4844 3979 7930 11602 4218 3271 4512 983 11531 6708 12617 4814 2988
1492 9369 7583 6626 12224 983 466 7542
1493 7606 3708 9681 4216 4501 983 1801 6349 5989 7650 3610
1494 11457 9457 2361 3371 7647 4958 984 7319 8236 5209 7248 6515
1495 6530 7870 5241 6558 985 2873 8523 8685 10013
1496 11955 6680 988 3189 4917 8908
1497 5694 9446 9447 3002 11135 6838 1517 3096 5646 7616 3422 3548 1173 2090 2397 2491 2634 2992 3031 3082 3325 3519 3521 4913 1730 7024 8693 1172 1456 1832 2559 2756 986 4743 989 985 491 1168 2096 8697 1220 4817 2175 1291 1279 1918 2437 10762 8147 10112 4323 11513
1498 990 9769 3401 3934 4820 5903 5316 5950
1499 9022 5358 992 985 12446 8568 3764 1265 1173
1500 5413 5042 5276 5118 4111 993 1350 4383
1501 2279 993 1892 2074 5294 2362 9278 3868
1502 7307 7330 3990 3841 12790 6286 1648 11749 9607 11841 11879 4407 4408 11780 1994 3740 10736 11557 5555 4414 6524 1065 994 5446 11641
1503 5645 7430 11005 7409 6759 11857 10756 6702 10512 10513 7255 3189 7205 10252 5433 3815 3138 5067 599 7364 994 6941 9561 2915 2916 2917
1504 9509 3180 6950 7746 996 2975 5511 4656 1740 10184
1505 998 2022 3774 966 1478 8531
1506 2691 2695 2403 2498 3690 5198 5578 5772 6018 2417 999 922 4610
1507 7474 4816 4590 10323 12214 12485 3176 4153 8147 6339 1103 883 1000 1988
1508 1036 3003 3012 9798 3569 4255 11242 6677 7335 7420 7442 2618 2619 2933 3255 3339 4256 4614 4667 5164 8628 2293 4624 10696 4820 11609 2082 10175 1003 2252 8116 3326 1004 8844 2341 4138 11270 1264 5147 11505 7653 6631 2078 2914 7932
1509 5476 1316 1312 1609 1003 546 1681 678 387 212 309 725 2386 152
1510 5476 5278 4511 3466 3328 2751 1907 1915 7752 7753 1093 2313 1091 1003 5477 1049 1092 3159 827 933 1670 255 190 77
1511 2566 2602 1005 1006 1041 1004 1187 1003 940 1477 297
1512 6965 2639 1398 1003 3227 6751 1326 6550 137 216
1513 11786 5095 2569 4669 1643 1032 1003 1034 1079 2850 1325 213 1340
1514 2720 1695 8218 1205 1003 1083 1244 1895 933 2404 1323 158
1515 5278 3466 1915 2566 2569 1387 1183 2713 1452 6823 1184 1205 1003 1182 1403 978 1327 231 111 697 698 378
1516 3466 2010 2372 1095 2608 1194 6825 1094 1187 833 7752 7753 1050 1060 1003 1049 1096 1114 1327 582 238 297
1517 1159 939 1004 1003 1477 1326 940 461 211 197 247 242 243 254 151 301 6
1518 2160 1907 1695 1079 1212 1004 1185 2717 1005 1477
1519 8052 6025 2639 1004 2313 2314
1520 1902 1695 2717 1404 1212 1094 2307 1004 1021 1050 2930 560 478 678 240 293 335 285 362 368
1521 5299 3777 1902 2011 1908 1904 1186 1188 2608 2713 2714 2715 2719 6831 6829 1003 1244 3655 1004 1078 3642 3672 3853 924 4062 5308 5651 5653 5652 1326 1327 1681 544 610 5253 5188 153
1522 3375 2525 1903 1904 2171 1695 1697 2717 1003 1004 1950 3837 2482 9660 204 378 4596 4597
1523 3328 1904 2639 1302 1386 3459 1098 1317 7752 2170 2307 2504 1097 1184 1205 1313 1049 1004 1315 1649 211 246 280 335 153 242 174 155 156 159
1524 4055 10802 1005 3362 5709 7035 4100 4041 3264 5017
1525 1812 1905 2171 2105 2172 2173 6825 7754 1005 138
1526 2003 1902 2569 7755 2105 2713 2715 1084 1087 2608 1452 1090 1006 1007 1205 1226 1182 1011 1088 6195 1327 1325 210 211 209 133 698 253 237 238 343
1527 6748 7705 6873 6341 6262 6527 6167 5959 4787 4979 3466 2720 2010 1372 1403 1405 1082 1006 1183 1096 1078 1060 1097 938 937 941 1202 217 174 416
1528 3980 7955 4993 4669 1910 1905 1210 1185 1006 1205 2848 1097 830 4334 246 256 364
1529 6668 12108 8209 4513 2720 2160 2011 1906 1902 2002 2013 1913 2569 2170 2105 2171 1191 1316 1212 3006 1009 1404 7753 1032 1034 1006 1188 1090 2173 7754 1084 2832 7707 8533 1181 4455 3685 2211 2848 12270 12090 2831 8598 4400 8433 1425
1530 6662 7555 7868 12673 4881 4151 6335 3950 3779 10210 1927 9644 2013 1910 2011 4054 4351 2172 7752 7754 1080 1095 1190 1192 1193 2608 2715 2719 1189 1194 1006 2713 2714 6095 1452 1087 1226 1085 1186 1188 2504 1097 214 155 258
1531 4414 3973 3605 2716 5683 2490 1902 1905 1190 2717 1080 1081 1186 1188 1191 1192 1193 1194 2608 2715 1189 6095 1083 1007 1098 1212 2713 2714 5204 1034 1093 1079 1006 1033 1035 1187 2309 2311 1226 939 940 1097 1099 1114 1477 1327 4546 5650 5651 5653 302 211 212 242 243 245 246 247 249 250 251 254 464 2386 2387 2388 2389 252 674 278 151 209
1532 4790 5036 4788 4789 4512 3980 3375 3665 3271 2720 2395 1914 1909 1906 1902 1904 1905 1907 1908 1913 2011 1081 1080 1090 2717 2719 1095 1189 1193 1226 1190 1192 1094 1191 1194 1113 1452 2608 1085 1087 1186 1188 1183 1184 962 1011 1033 1098 1181 1205 1006 1089 1182 1007 1035 1079 1083 2311 5204 5477 6823 6829 6831 1034 939 1477 5650 246 297 700 300 132 301
1533 2751 5595 6365 1910 1914 2171 1371 1189 1398 1006 1078 1097 834 933 335 241 294 151
1534 6298 1902 1212 2713 2714 1007 1009 1244 1049 1050 1326 1163 296
1535 2003 2013 2014 1911 6095 1188 1087 1095 1226 1007 1009 1181 1184 1326 1327 544 254 24
1536 2373 2566 11015 1452 1087 1193 6095 1192 1095 2713 2719 1186 1188 1011 1181 1182 1183 1205 1226 5477 1035 1082 1007 1009 1020 1021 1477 1327 1326 560 826 254 356 247 251 216 593
1537 3561 2716 2160 1913 2014 2430 1695 1098 1008 2309 1096
1538 6863 11991 6392 6831 7957 12475 1912 1911 5717 1371 1370 6825 2029 1081 1080 1008 1050 920 6188 5652 5839 2257 10890 5791 111 8774 1113
1539 2476 2012 2569 2002 2013 1087 1452 6829 1011 448
1540 1087 1011 1182 1205 1477 877 1097 1077 5078 194 4013
1541 7661 1012 7444 3934 7041 1395
1542 8992 11668 1536 7035 1713 2491 3584 6459 3355 6287 7999 1014 8036
1543 11758 2105 2171 3056 2024 760 2480 2556 8005 4952 3112 4069 1783 1930 3113 1014 3584 6148 1732 6637 3733 3769
1544 7625 8037 12736 1596 11957 6487 11669 9048 5744 6934 1016 3375 6152 7769 10548 6926
1545 2578 2349 2991 4807 2345 9839 4254 5429 1017 7899 489 665 2573
1546 3454 2754 8500 3536 4203 5333 5146 5742 1018 1704 3044
1547 1018 1347 2879 4767 4973 4534 5064 7197
1548 12350 5788 2173 7751 6195 1190 2715 1091 1093 1088 6829 1011 1181 1006 1092 1205 1021 1099 1114 1097 1049 877 1050 1477 940
1549 6961 6897 2003 2012 2014 2002 1085 1090 1094 1452 1087 1226 1183 1011 1077 1089 1182 1184 1205 6821 6823 6829 6831 5477 1004 1021 1326 1327 238
1550 6073 3890 4023 3275 3979 1914 2002 2066 5768 5782 1473 1049 10670 1021 1183 1212 1388 830 136 253
1551 1022 1026 6543 8147 9622 2140 1538 2139
1552 5497 6519 2697 1378 3705 4430 4671 1023 5978 8393 676 8907 12636
1553 9489 1024 1580 3768 4094 4713 8548 1706 9531 2495 6672 8034 8171 2276 10187
1554 1925 9258 2000 1575 5679 12461 4081 7737 7877 5961 3102 9639 9656 4345 12181 3431 5664 7686 1025
1555 4807 4920 5646 12554 1575 1975 1025 3208 5544
1556 10996 7657 6065 9445 1025 3488 6183
1557 5482 2442 4656 5481 5854 450 11112 1224 5545 1027 2759 2497 1283 383 2995 11207
1558 7073 7250 5180 8963 3160 3433 1027
1559 5546 5545 1027 2995 3433 1279 1464 673
1560 6147 10457 4240 7600 5573 4936 4953 4619 7492 1029
1561 10062 1029 6066 7605 12705 3409 3536
1562 1031 1039 6821 907 1049 832
1563 3561 2566 1902 2639 2569 1031 1083 1050 1326
1564 4504 2003 2010 2011 2566 1087 1032 11045 858 2014 10316 211 152 253 133 212 447 137 209 301 299 601
1565 2003 6095 1186 1193 1194 1034 1035 1326 210 447
1566 3271 2716 2718 3186 2395 1313 1033 1315 1034 1188 1085 1006 1007 1009 6821 6829 6831 1077 6823 1083 1205 1032 1184 1089 5477 1181 1183 1182 940 1609 939 925 1327 827 478 610 829 197 356 369 176
1567 6528 6141 4669 1905 2105 2171 1695 1387 1190 1404 1035 1083 7707 6865 1033 1078 7499 1049 3385 6174 2848 831 898 933 1069 214 244 246 7641 1340
1568 2718 1907 1912 2105 1371 2173 1372 1398 1035 1082 10887
1569 11901 2602 1388 1094 1095 1035 1079 1082 978 461
1570 6024 5042 4790 4512 2525 2065 1034 1032 5507 1007 1035 1114 1326
1571 6341 4915 4916 2002 2012 1913 1908 3778 1087 1095 2608 6831 1077 1035 1082 1191 1194 1455 1050 1327 257 253 137
1572 8021 8018 6528 6000 11130 5446 3980 1315 10491 1035 1082 2147
1573 10121 4624 6027 6129 6480 1958 1774 9437 9439 6206 11740 6451 11766 6806 4159 12100 3935 1036 11353 9945 1757
1574 4728 903 6374 1036 4730 6221 2844
1575 3558 2810 1037 1136 8265 1430 2326 3546 5899 6180 11669 7272 8095
1576 3124 1537 8701 5380 1038 3320 6475 1342 1339 5378 7374
1577 1598 2015 5429 5814 1038 1555 5457 6016 1945 7692 9043
1578 7135 10380 2718 2002 1695 5477 1039 1003 3324 279 133 169
1579 6748 1212 1317 6832 2313 12628 1039 2147 6160 1649 583 1805 9834 478 933 686 293 297
1580 1902 1191 1192 6825 2717 1039 1226 1452 1084 5477 1183 6829 6831 6823 907 1004 1477 1327 347 197
1581 5700 3051 4295 1040 2056 2385 6061 10042 5649
1582 12338 6427 5299 5507 1643 1041 8218
1583 3980 6862 9645 405 1042 5160 254
1584 3441 2819 3849 1891 9466 3140 4611 12803 8719 9010 870 1043 3832
1585 1045 1128 1844 3889 10260 10899 11716 8231
1586 5400 6030 2696 4107 1046 8418 10636 12205 7862 11322
1587 3810 2639 7966 1047 2998 6794 2532
1588 7616 11961 5550 1048 3811 1903 5601
1589 6668 5042 6162 1370 1372 1159 1082 1244 1078 1079 6825 1049 2012 2848 6690 5597 1325 212 158 159 344 8358 417
1590 6841 2569 1905 9064 6825 6195 7754 1205 877 1181 1049 1050 1077 204 190 286
1591 7267 10218 1371 3324 1094 1049 1063 1191 1192 1193 1194 1205 1089 933 1649 2244 1314 560 1131 7917 6952 10603
1592 3973 10746 6403 2373 5993 12484 3054 3193 1697 10163 1031 1032 1034 1049 925 5597 3025 1069 478 4920 6623 2388 2389 189 190 134 157 151
1593 2014 2566 2105 1312 1190 7754 1084 1049 1183 6823 6690 212 75 77
1594 8186 11790 6608 11550 6954 7784 12589 7661 5578 6989 9224 12023 11074 7993 11354 5537 5064 8106 5747 6846 12005 6152 5164 5785 4669 3585 2456 6980 2056 3559 8051 9538 1472 1387 7752 6195 2713 1185 2714 2715 1091 2608 1479 2311 2505 6829 962 1187 2309 6831 1049 1050 1477 1327 4546 5653 938 661 6260 725 1278 3488 237
1595 3973 4575 1903 1937 1113 1004 1050 2313 5651 5652 7707 1628 4690 4767 280 133
1596 3466 2716 1911 1183 1050 209
1597 525 1517 4358 7713 1051 2141 2209 4103 5657 6642 7149 7711
1598 1339 1342 2578 8770 9736 760 1474 7055 7186 1885 2491 1249 2397 3584 1236 2091 1052 2090 1498 529 6637
1599 1052 2061 3091 5244 6637 8405 1611 261 2215 1555
1600 1053 1056 1207 1522 1732 2514 5624 1783 3584 4344
1601 1208 1129 3689 1054 1217 1486 8346 773
1602 5578 7140 6630 6806 7519 5614 4896 1055
1603 1057 2397 5646 1713 2553 1783
1604 11891 10629 7946 10400 12240 12244 11137 1059 1061 4852
1605 2463 10040 1063 3915 3922 2549
1606 5088 4637 4513 2716 3274 4669 1903 1904 1902 2569 1695 1697 1317 1404 6821 1003 1005 1063 5653 5650 4013 378 1322
1607 6944 5265 7205 1064 993 1023 7588
1608 4377 12000 12001 6630 7055 3219 12150 10175 8090 12828 664 8088 706 2216 9394 1066
1609 1027 7742 9525 1961 2804 1068 6171 6249 1642 817 8677 3070
1610 7705 4669 1159 877 1314 4767 1069 208
1611 6000 1913 1098 2307 1326 933 3159 2354 7849 8034 1069 1861 1994 3154 7191 210 447 151
1612 6614 4375 9455 5289 756 405 2685 3366 5900 6480 1070
1613 1975 11282 3294 5193 7933 10105 1070 2708 5562 5636 6133 9997 1299 2635 8196 6605 1732 5055 9315 2083 10450 7011 2391 4558 8008 2611 10745 9263
1614 7331 10365 7744 3923 12401 3324 7264 3934 5135 11585 11586 2206 2498 4978 5394 5396 2661 2117 8762 2372 10986 11032 6530 4126 4555 4896 5291 7848 1423 5564 6069 7720 1072 1449 5704 6186
1615 6390 1851 8106 8623 861 1518 9006 2362 2534 2536 2679 7233 7559 2556 11098 5396 9354 2154 5395 1892 8388 9094 1765 2082 3847 4380 7451 1554 11291 1074 1151 1563 2213 2480 3003 3343 7935 3799 4822 86 10849
1616 1075 1487 5516 8557 11431 12018
1617 2380 11510 3900 1075 4376 5585
1618 3537 2022 2736 4130 4878 12531 7720 9098 1076
1619 4728 7204 2974 5397 1007 11637 2933 993 1078 4922 5955 994 5745 702 506 7939 8431 1010
1620 5088 4637 1911 1912 1079 1090 1184 239
1621 6932 6520 6003 5959 5443 4790 5042 5408 3982 4928 6558 1911 1909 1910 1902 1906 1904 1907 2740 6502 1080 6831 2505 560 5573
1622 4513 3119 3275 1081 1188 2719 1113 5477 1205 253 6550
1623 6959 6537 3375 3979 1081 1609 1326 739 234 111 53
1624 1512 1682 6257 9512 4016 4504 1081 2530 7067
1625 1385 1082 1049 7794 3842 5891 10884
1626 2566 1191 1194 1083 6823 7486 10774 39
1627 6882 6025 5036 4591 4513 3980 8106 8037 1079 1313 1317 1083 2310 2147
1628 3973 2013 1902 2566 1452 1091 1084 1226
1629 1370 1372 1386 3006 2170 7753 6821 2719 1189 1191 1084 1088 1093 1006 1089 1181 1083 1182 7707 1184 877 1060 1163 293 286 364
1630 6668 6024 1914 1911 1902 1912 2569 2105 2171 1905 1084 1095 1188 1388 2173 2715 6095 7752 7754 1087 1088 1090 1091 1093 1185 1189 1191 1192 1080 6195 1006 1184 6823 1083 1183 1187 1205 7707 939 1004 1020 1078 1244 1326 1097 1477 4334
1631 4788 2476 2011 2003 1087 1084 1090 6823 1183
1632 6432 5443 3561 10190 4624 10992 11973 4669 2372 11139 5700 2171 2105 1386 7488 2170 2173 6195 7752 7753 1084 1085 1185 1088 1091 1093 1205 1089 1184 7707 925 939 940 1099 1114 1477 1097 5650 941 938 718 470 356 242 243 244 245 252 257 294 2388 2389 211 239 247 250 6550 254 464 240 241 2387 249 2386 246 212
1633 7278 6873 7207 5476 1085 1087 5597 1324
1634 3778 1905 1085 1184 1189 1092 1099 1114 1049 1050 1477 1327
1635 5235 4967 6496 7579 6525 7063 9674 1670 1807 1085 3672 6524 7583 9883 195 9250
1636 4513 1902 1910 1913 1904 1906 1908 2569 1907 1905 12312 3006 7753 2172 7752 1188 1191 1194 1084 1185 2719 2715 6095 1095 1085 1192 1093 1011 1181 1183 6823 7707 1205 1477 1327 4334 941 6818 293 1278 593 11574 296
1637 4790 6017 5377 3777 3576 3154 1910 6626 6095 1186 2608 2713 2714 1080 1181 1094 1113 5652 1085 1095 1226 1452 152 256 134 156 169 155 298 133 158 159 296
1638 6668 5476 4788 4513 3119 4669 2014 2003 2002 2012 2013 3574 7753 1095 6095 1113 1188 1087 1316 1091 1181 1184 1182 1183 1093 2172 834 830 827 234 235 111 137 74
1639 1090 1087 1186 1011 1092 6831 1096 1326 1327 4018 253
1640 1398 1087 1188 1477 877 77 361
1641 6655 1087 1113 1090 6831 1183 1182 1184 6829 1004 1020 1021 1327 1202 4013 137 158 159 297 301 300
1642 7755 7753 7752 2170 6195 2173 2717 7751 1008 1081 1094 1186 1188 1088 1091 1093 1095 1226 1084 1011 1181 1184 1187 1192 1193 2608 1189 1452 978 4334 237 238 152 593
1643 5959 6745 5075 7751 2713 1088 1095 1184 1089 1326 1477
1644 6880 7477 7135 6003 5959 5088 4513 10877 4151 4511 2160 1915 1902 1914 8053 9930 1080 1090 1091 1093 1185 1189 2715 2719 1095 1188 1192 1194 1088 1191 1085 1087 6095 1006 1083 1182 1183 1184 1205 1187 1181 1098 1034 1092 7707 5650 299 4002
1645 1183 6095 1185 1094 1113 1186 1188 1452 1226 1095 1085 1205 1184 1011 1182 1089 1187 1092 6823 1326 5651 5652 1327
1646 6427 1113 1181 1089 2245 1126 3254 9150 1085
1647 4151 2716 2160 2396 1370 1372 1089 1182 1184
1648 9930 2002 2013 1905 1090 1098 2311 7751 1092 1097 7707 4334 941 256 293 1278 189 253 169
1649 5299 4151 10362 6819 4623 9708 2835 2718 2716 4007 10844 10938 2569 2517 4140 1190 1189 1194 1191 1187 1090 4334 831 281 150 246 248 249 138 282
1650 7135 6521 6001 4789 1090 1093 1091 1205 6090 231
1651 8026 5088 4881 4151 4513 3974 2160 1902 1032 1035 6829 1092 1184 1325 478 208 157 253 298
1652 3466 1093 1185 1088 1092 1184 1188 1181 1183 582 832
1653 2751 9930 1910 2011 1905 1094 1210 2981 2312 1095 1090 1088 1091 1184 1181 1092 4767
1654 6341 4511 1184 1092 1181 5075
1655 12089 6698 7619 7770 4449 8943 1093 1091 10734 6795
1656 6668 2720 3665 2003 1094 2307 1049 252 4015
1657 4788 3665 1094 1181 1193 2313 978 1114 1182 1183 1326
1658 5476 5088 4979 4637 4131 2395 2002 2954 1910 2569 7172 1095 1188 6095 2719 1205 2715 6823 1085 1087 1183 1182 1191 1194 1092 1091 1080 1477 1114 1326 1327
1659 6882 2160 1405 1372 1695 1095 1113 1189 1212 1315 2608 978 1078 925 6690 1097 1099 506
1660 11776 2012 2011 1910 2002 1403 1452 1113 1095 1186 2717 1313 6821 6823 2309 2311 2505 6829 1011 6831 1050 1004 1244 1003 1096 233 137 253
1661 6833 8023 11817 5700 8028 6310 12301 3017 5887 5081 6538 7542 2105 2171 6047 12766 1188 2307 12292 1097 5650 1327 9363 5651 924 1681 4062 5308 5309 397 1861 12328
1662 4414 2566 1643 2821 5206 6611 1372 2713 3992 1032 6832 1244 939 2850 1097 1895 937 941 6341 211 2388 156 157 153 159
1663 3466 6655 2566 1903 1097 280 59
1664 8087 6896 6667 6427 6341 6431 7857 6429 4790 4637 4979 2696 1909 1908 1904 2012 1905 1385 1191 1085 4997 1033 1034 1092 1007 1098 939 1003 1006 1078 1244 940 1097 1099 1114 1049 1050 1477 560 1163 137 153 156
1665 4790 4915 3329 940 1099 1097 5653 1327
1666 4788 4787 4151 2476 2601 2170 2105 2171 7753 1159 2173 6095 1189 1080 2719 1006 1078 1004 1244 1003 939 1021 1477 1097 5650 4546 1619 4334 461 933 5078 280 245 294 244 111 159 1322
1667 4979 4513 4637 3375 4511 1905 2569 2602 3193 1185 1090 1184 6831 1006 1083 1089 6823 1098 1181 1182 1183 1008 1092 939 1004 834 1097 832 5651 4334
1668 4790 8073 3329 2476 1902 1910 1913 2002 2003 2012 2013 1905 5882 2608 1088 1090 1091 1094 1095 1186 1188 1226 1452 2717 1087 1113 1080 1081 1183 6823 1011 1205 1098 1181 1182 1184 5477 939 1004 1099 1327
1669 6521 6429 6001 6000 5476 5299 4915 4513 4414 4669 2621 2013 2066 1383 1098 3459 1088 1090 640 582 826 464
1670 6001 1937 1907 1908 1905 1904 2715 1185 1188 1187 2310 1034 1007 7753 1080 940 1099 5650 4546 826 6
1671 3229 2160 1902 3193 2172 7754 1190 2719 1031 1194 2608 1080 1006 1205 1182 939 1477 1099 1097 4546 5650 5651 5652 5653 1327 1326 1628 937 938 719 2244 610 293 212 251 176 174 116
1672 1404 1098 8042 7707 1099 1114 298
1673 7583 5042 4859 11744 6480 1797 2227 2282 1102
1674 8804 4254 1103 1177 2995 6180 7444 7761
1675 9027 2212 536 5712 1105 3935 3312 3938 4974
1676 3375 8522 3164 4002 1105 1894 3374 4413
1677 12466 2029 1342 7440 12030 12649 1881 2135 2688 8410 3104 1108 692 261 264 265 614
1678 7015 4527 1110 1442 1735 1918 1486 1528 1731 1783 2090 3067 3082 3584 5515 5104
1679 11408 6541 6770 1110 6167 8168 2924 4610
1680 5244 1783 1111 1722 6635 8942 1345 11962 2649 8830 2650 2554 5191 7009 2215 1469 1732
1681 3660 1112 1310 3886 4188 6999 10848 5712
1682 3994 4280 9800 9799 9822 4622 5560 6421 3010 9823 10362 6422 1112 1701 1702 1936 5345 6417 6424 7771 6090
1683 8052 12282 1113 1521 4732 3552 1183 1163 255
1684 4829 3369 3647 3664 5404 6344 6354 7227 3890 10822 11155 7474 12485 7868 7954 3095 6654 7557 4207 5938 7438 4111 2240 6256 8831 7250 4694 2157 4750 3330 5700 1116 3314 1838
1685 962 1341 8904 2308 2313 4547 11681 7365 2713 7294 7067 6621 9305 7373 1117 2505 6019 4077 6090
1686 7013 9960 10432 4262 8018 11367 11670 2272 5289 3635 3636 4658 4661 6735 5515 1117 3671 9383 10553 3174
1687 2480 10977 5681 5461 12331 10159 1119 1199 6129 9601 3785
1688 8895 1492 6605 1120 1167 1783 2901 2941 3512 4683 7668 8197
1689 8188 8922 1122 6605 10265 7326 1363 3407 3145 8367 9753 10048
1690 1732 1123 4650 4743 1219 1221 1453 1725 2091 2289 2901 3146
1691 3056 1136 1478 1486 1528 2629 3082 1123 2209
1692 916 3874 1124 1528 1995 2942 5935 4459 8281 2054
1693 7720 8037 1125 6462 2932 2936 2933 2563 5037 6549 2254
1694 6735 6958 6023 12669 6278 10389 5182 6487 5529 6708 1385 6707 11262 6559 1127
1695 11900 6843 6704 4195 7165 11855 6616 11954 11581 5299 5042 6170 10672 6655 2566 10094 5507 4848 10834 10836 10890 8231 8190 3772 1009 1114 1994 1127 478 6908 2148 210 1008 249 235 207 134 8358 417
1696 1128 4699 1478 1132 1157 4229 4867 8232
1697 9423 1436 3108 3320 8978 2090 2755 4069 1129 1453 1783 1013 8958 9125
1698 2236 9533 2914 9827 6061 9796 1371 1131 2193 3508 3631
1699 4750 2508 2628 1128 1132 2407
1700 3492 2597 1133 3485 4687 5669 5670 6817 8083 8121 1343 2672 3204 3493 3639 2053
1701 11530 2039 7074 1135 965 7268 3441
1702 6151 11340 10367 5646 1136 3168 4213 1730
1703 7410 7580 10738 10983 12659 7668 11233 12671 11717 3728 6546 6613 3324 3808 358 2650 1136 1916 3082
1704 2045 3067 2468 1407 1478 10183 493 12261 12825 1611 3645 3873 1136 6801
1705 7507 5924 7191 6300 10508 2491 3757 4186 4476 4487 4496 4686 11691 11876 6931 1298 4030 1136 3504 3864
1706 9015 2632 3312 6237 1136 1275 1785 2942 4067 4976 12183 1517 3387 6581 1674 127 550
1707 740 1147 1180 8826 9090 1713 1877 1892 9580 6198 7149 7247 7371 7924 1136 2349 3067 5646 8725 6294
1708 6914 3650 11554 2452 5284 7432 2513 1357 1137 1154 2912 3070 3559 412 5455 6052 7761 6474
1709 1486 1436 1475 1501 8784 1478 2404 5376 8950 1832 1138
1710 3369 3663 7223 1138 1478 2470 3056 3596 5244 12025 1214 1720 6638 8894
1711 1138 1501 1611 1154 1337 2455 4844 6454 10931 8190
1712 10381 1520 1140 2495 5854 692 513 9253
1713 5610 4832 5231 6485 1380 6623 4091 1929 2488 945 1672 9092 1832 1975 2090 2513 3584 3684 3786 3944 3946 3996 4040 4049 4600 4784 4861 5063 5284 5378 5572 5636 5718 6326 6543 7119 7539 7616 7993 1773 1774 2767 2774 2775 2910 11182 9126 3088 3796 4128 5978 7720 2776 3073 12248 1143 4034
1714 3824 1762 2590 2829 4294 4498 8460 1019 997 3486 10605 1143 1929
1715 10524 6155 3205 6005 2664 6059 6495 2689 3170 7247 6374 1144 6135 5289
1716 2491 2629 1146 8482 1154 913 2091
1717 8566 2497 2529 2967 7891 1146
1718 8411 2228 6987 8438 1611 2090 2215 2091 963 2530 1147 2578
1719 580 1016 1470 1486 1614 1716 1147 1885 2090 11032
1720 1859 9202 4952 12762 1147 1305 2649 5323
1721 1877 2491 5244 1148 2346 1138 1139 8966 1501 1528 1614 1734 2091 2629 3067 3928 5803 127
1722 4060 1149 1271 653 3256 7829
1723 4862 5026 2420 9158 6254 2356 4864 1150 3219 3819
1724 7712 1475 1478 6410 5646 1152 1838 6605 7715 732 1528 3067 3163 1604
1725 5288 6815 7689 7720 1152 1712 1838 8037 1289 9837 6065 1778 1771 558 619 5289 6588 6809 7635
1726 1153 8089 1972 2179 6482 12627 2276 3312 1828 5500 7277
1727 3785 10247 4784 6129 11572 8190 2530 3208 1154
1728 10581 5655 1419 6400 1154 7689 3548 1753 3401 3934 1808
1729 10814 12696 9858 3768 6641 3320 1154 566 997 1197 4534 6180 2775 2975 5289 5951
1730 3410 6073 10810 11179 1154 8880
1731 11479 7841 2553 10040 2463 3705 2647 7935 1158
1732 1812 1159 7753 1084 1085 1088 1090 2312 6823 962 1011 1092 1205 1182 1183 1477 1326 1327
1733 4545 2720 2569 1905 7755 1695 2717 1159 2504
1734 3983 4654 5201 7720 2221 2273 7312 6768 7917 3938 1159
1735 7760 5179 1159 5651 5652 560 698
1736 2622 2751 3193 1081 3459 1212 7754 1159 1039 1088 1090 1091 1093 1185 1188 1189 1191 2719 1006 1083 1089 1098 1181 1182 1184 1187 1205 6823
1737 3768 12537 11811 3489 1709 1517 1825 2349 2743 1160
1738 9907 3213 10357 1160 5953 6182
1739 4158 3939 1161 1836 2472 2478 11064 5799
1740 6413 4158 8106 11275 7720 1162 1601 6987 8149
1741 1906 1911 2170 3459 1097 1163 369
1742 7144 4255 2569 1302 6195 7752 7753 7754 2170 1088 1090 1091 1185 1184 1205 1163
1743 6024 6023 11644 6139 11645 6846 7252 5851 2720 2160 1911 2569 3054 1937 1472 1302 6825 2608 1006 1183 2848 1097 827 1866 1163 826 210 293
1744 1164 1136 8827 3082 1478 2942 3067 3243 3613 4686 630 3584 6605
1745 1136 1486 2363 3430 4976 1165 1460 2090 2649 5646
1746 3129 2323 1290 2559 1165 685
1747 2668 2927 9719 10785 11023 1166 3082 6693 1732 1136 12515
1748 2043 1169 2827 1289 2559 1168 4487 8707 1146 1614 1154 2023 2090 2276 6484 7009 7784 8426 721 8872
1749 6907 8934 8771 2434 1169 3683 7238 7881
1750 9932 5596 6204 8126 4403 4779 9398 1169 956 903 3070 4150 8256 8508
1751 12791 4397 12026 2133 5972 4035 2990 7212 7544 7813 9386 3662 7457 12433 10908 11271 4583 2556 2606 2747 2799 3588 3682 3838 4074 5556 5977 6576 7119 7158 7848 1171 2462 3345 3778 5685 7786 9465 2485 2736 4261 5158 6335 6553 6570 7132 7133 7661 7671 7769 8179 3534 4294 12014 1204 6104
1752 3584 3959 1172 7320 3465 5036 6230 11117 5732 12063 7769
1753 4174 4359 7723 9249 1172 1279 2931 2935 4215 2138 6591 10018
1754 10990 5483 8179 1683 1173 7239 5341
1755 6960 8231 8167 11985 7156 5106 3322 3583 2692 2694 1177
1756 4807 4590 6591 7103 5185 5417 1177 2053 1125
1757 10352 9721 3067 3146 3928 7092 7272 1177 2397 2491 3082 3584 1783 5284 6191 7371
1758 1179 2838 3067 3661 913 2491 8449 11396 1129
1759 8053 6311 2639 5053 4430 7369 11579 2717 10561 7368 1180 169 7722
1760 6525 8431 3420 11225 1180 3245 5564 7158 5686 7749 1303 359 5573 5751 1371 2238 4575
1761 6341 5443 2622 3779 1903 2160 2569 2601 2602 2105 2171 1032 1181 1187 1205 1050 1388 1039 2850 1097 832 933 4767 461 826 556 2308 1278 282 105
1762 7939 7278 6873 6897 6959 6958 6427 6646 6667 6429 4255 3229 3979 7751 5075 1182 1205 6821 8218 1031 1039 6160 2930 538 189 237 309 571 448
1763 5476 1521 5477 3642 3655 3853 3672 10135 1183 1182 228 21 23 84 181 22
1764 2566 1937 2002 1398 1083 1084 1188 1088 1090 1184 1205 834 1327 921 1163 243 280 248 294 2387 158 111 378 8243 74 76
1765 10666 7618 5434 906 4916 4994 2964 6625 12484 6713 1193 6760 4735 11349 8037 8295 8342 2063 7853 12635 1186
1766 8018 8052 7705 7939 7144 7207 6735 6341 6528 6527 4511 6162 1192 7753 1187 1011 1083 1643 582 53
1767 8052 8021 8018 7705 8046 7939 6897 7207 6527 6003 5275 4790 4787 4600 11324 10686 2395 1907 1912 2013 1312 3459 1191 2719 1188 1085 1187 1205 978 2173 1477 1628 519 1069 210 245 248 174 111 284 53 285
1768 7045 12594 2296 4915 1189 1190 2268 9453
1769 3980 1902 1915 2566 2569 2105 1372 1190 1398 1049 877 1326 4334 5650 560
1770 5042 3988 6687 6708 6098 6057 1190 6701
1771 2588 3529 10651 5586 1438 1606 10302 1190
1772 6873 6429 5561 3777 2569 1190 2307 2848 678 2990 294
1773 2718 7231 1190 2917 4697 7489 3595 1193 3359 678 134 256 135 5112
1774 2569 3486 3488 1315 8825 1436 1190 8007
1775 12560 6961 6896 5413 6341 5042 4513 3958 5433 3364 10255 1194 1191 4849 3513 3833 2735 11234 582 6143 220 24
1776 6832 6749 4513 3974 3979 3330 5590 2840 4651 2160 3348 4821 3527 2146 2218 2924 11057 1189 1191 1194 1190 1474 6150 1079 6823 907 924 4062 5308 1681 3853 546 1895 350 339 533 227 228 626 296 3642
1777 6884 6886 6520 6780 4637 2713 2715 2719 1192 1190 6831 1035 1034 1033 6829 6278 1477 1327 2990 216 309 155 366
1778 6341 6001 6000 4601 2751 1902 2013 1905 1315 6195 1193 1089 6690 343 95
1779 8018 8175 5826 5242 4511 1912 2105 1193 1697
1780 1193 2164 4059 12692 3955 4351 8014 9632
1781 7840 6324 1193 10238 10503 654
1782 3275 1914 1695 3193 1159 1098 1211 1190 1193 6823 3450 939 5653 1771 308 241 2924 253 151 190 169 74
1783 11832 3405 1195 3618 4655 7634 2125
1784 1196 7245 3519 2434 1722 1734 2043
1785 1196 3129 4213 1498 9021 11957 1275 1276 2209 750 8966 1730 9314 2005 758 1622
1786 10339 3937 5426 1197 1198 3402 6131
1787 3154 2754 3027 9317 6176 1198 6075
1788 1200 2939 1136 2397 3504 4028 8126 1379 6329 8332 1634
1789 12157 5860 1200 1222 4963 12684
1790 4683 10019 4512 11067 5857 12528 1546 1879 1203 2822 3505 4679
1791 1478 2640 3584 1203 1486 2491 3428 2404 745 7715
1792 12015 6025 5476 5299 3979 3470 7450 2012 1903 1912 10096 6832 1087 1205 11358 5673 11974 12407
1793 5477 1183 1086 1452 1205 6794
1794 5817 2365 1207 2649 7566 11213
1795 11828 1209 5960 6932 7304 7538 3033 9599
1796 8026 6521 6527 6001 5334 4414 3979 3777 4669 1210 1386 3193 828 387 2387 1278
1797 3973 2622 2751 3390 1211 1212 828
1798 8052 6748 7705 7939 7278 6429 6527 6528 6023 6024 5959 4789 4255 4511 3229 3119 2011 2566 1902 1905 3193 2105 2171 1211 8218 1404 8331 344 5067 152 153
1799 1213 3256 5486 8255 1975 647
1800 1214 2398 4844 1051 2491 6637 10789
1801 8037 8132 1411 3629 1072 1215 2943 7262
1802 3384 4237 5107 1216 5536 7939
1803 1825 5646 9615 1218 2573 2640 7514 4527
1804 2038 2491 2675 1478 4249 6910 1220 2654
1805 1277 10090 1221 1686 3675 1485 529
1806 3428 1731 2827 3623 6036 1221 1121 12825
1807 11250 5521 2429 6558 9655 1223 4091
1808 6383 10889 9968 6385 4255 1797 5316 4674 7801 6574 1223 1772 5711 3026
1809 4124 2772 2773 2776 1224 1931 3256 6180
1810 6026 9132 4346 1224 2979 10781 5087 2785 2759 11815 10416 692
1811 1372 1226 1398 962 1182 2170 1003 7707 1326 921 1628 5597 1325 4767 4018 249 280 134 152 209 296
1812 1906 1911 2465 2494 3125 3962 10458 10845 5118 10959 6085 1227 5264 8206
1813 1228 1461 1769 1783 2091 2553 3584 1051 1593 1732 1735
1814 1797 6487 7418 4236 4162 1229 1553
1815 2977 10848 5910 5053 2117 2513 2910 12660 1229 6605
1816 7933 1230 2553 4469 10537 11649
1817 7936 7689 10695 7092 3927 5842 12517 5715 4164 5127 1230 5327 1607 11814 907 5953
1818 3420 3256 1232 6606 6940 9791
1819 3345 3385 3205 1446 2653 4527 1877 10720 1232 2694 5284 5539 2344 2689 6174 646 6932 4833
1820 3897 4157 1234 2705 4154 8572 10925
1821 12153 7952 3593 9976 10606 7955 4337 4327 3046 11870 11723 4754 6089 12559 6661 1530 2494 2483 7868 3699 9775 4074 1277 11521 2627 2365 1234 2570 5290
1822 12354 5614 6824 5141 5610 7813 1905 1697 1695 1244 2311 1243 689 293 1235
1823 1881 3685 7939 8833 6667 4721 1236 9019 3613 3208 261 865 1105 1337 6180 8254 1143
1824 4867 1236 2132 8126 4610 7371
1825 9872 8716 1474 2186 9910 4459 5928 7055 2328 1238 3320 5175 9629 3060 6530
1826 3639 4858 11076 5396 4729 4856 1240 3489 1245 3486 4158 1289 7664
1827 1240 957 3364 4777 1514 3869
1828 1752 5135 5709 1241 2524 3973 4040
1829 7720 4082 6151 1242 1822 1891
1830 2938 3504 10974 2485 5369 755 3994 3630 5441 5924 6331 2914 7584 1243 2633
1831 4190 5379 11321 6868 7156 8030 2428 9973 4526 6713 5589 2240 2336 4871 5072 5074 7649 9281 5837 7999 1243 5073 1348 9596 10711 875 4208 5130 6626
1832 8114 8135 6582 7214 12608 7283 8850 1216 8996 12773 1930 3506 10038 7940 4808 1243 7758 1299 898 1246 7187 5833 1671 2231
1833 4802 11653 9053 3062 6570 1243 1245 1246 7464
1834 2720 1695 1312 2714 1244 2715 1314 6550
1835 8046 6528 4513 1009 1244 560 294 9070
1836 7891 12671 4269 5373 12613 12681 5988 6155 1077 11907 2575 1189 2574 5334 1245 3214 10331
1837 8180 3734 6227 8106 6098 3491 1246 2163 3935 6675 7125
1838 7598 1634 2295 8349 1249 2613 3515 6917
1839 6393 6845 1251 1642 1865 2551 3423 3930 4556 4719 4773 5204 6022 6217 7386 7765 1423 2073 8638 3306 5108 3747 6412 12054 6974 3096 3112 7720 8170 3504 9102 9893 4745
1840 1252 1494 3025 5293 6444 2690 9101 1937 2445 3354 8351
1841 3307 6970 1641 3112 8195 8030 4955 12772 5070 5304 8918 5072 3139 5067 1253 5073 7262 9218
1842 1401 1254 4074 6357 412 2273
1843 5251 1258 2619 12081 12526 1981 4880
1844 2491 3226 4113 1259 2090 3225
1845 2340 2966 3682 5509 5562 6133 6780 1072 2933 5949 1260 2446 3106 3245 6817 7158 8540 2772 4321 5899 2914
1846 6658 3890 1261 1793 2494 3167 4329 3958 3977 6395
1847 11964 11949 1263 7911 5757 4976 2934 11143 1964 3367 5176 9056 7616 11695 2581 10739
1848 3186 5561 1265 7444 7628 4967 12587 7942 2360 1755 4752 1892 8185
1849 3140 12613 2553 5590 4442 6277 3314 3746 1266 3319 4763 6630 1007 3112
1850 4770 1310 4895 1266 12816 7630 3846 3319 10973 8213
1851 2227 3903 10395 6028 4255 1411 2262 8037 7720 5037 6974 1268 8468 1531 6780
1852 5580 6257 10844 5169 7876 2055 2950 6015 1269
1853 1553 1271 2822 7724 8024 7578 4571 165
1854 1428 2274 11161 6151 1274 2623 5712 5656 5555 8267
1855 7955 1829 8942 1825 3928 5646 1274 1883 4476
1856 10355 5284 3477 3539 10655 8037 1275 2021
1857 2649 2650 1275 1339 1342 7157 8548
1858 9450 7075 7157 7710 2439 7712 7092 1517 4743 7156 3387 1679 1791 2345 8185 1279 1017 665 1489 1786 9328 6575 4213 7272 7444
1859 1284 1478 1528 1732 1442 1475 1532 1722 1783
1860 3484 5564 2096 9862 4468 1285 2044 2559 2629 5551 615 12037 3522
1861 3280 4214 4213 4474 9344 2096 3056 4186 3519 2397 3067 4471 2491 2651 11188 6635 2468 3520 1517 1825 2872 4185 4475 4364 1276 615 616 617 618 1218 3121 1285 9140 9197 4476 3624 3522 10597
1862 6832 11324 7158 3991 6164 1203 5170 7201 1285
1863 3520 3628 1285 4363 4473 2559 2432 532 901 6012
1864 6258 4198 2573 5450 1286 2335 4184
1865 3757 4470 12000 10050 5279 3627 4487 8164 7334 2828 2049 3213 2883 5744 9021 10882 3499 6014 6149 10297 10576 7040 2559 7417 1290 7825 12370 9569 2884 8509 993 1062 6007 5024 5778 6925 4469 4056 4468 4481 4485 12046 8857 1940 8262 3652 4362 4486 4533 8271 983 4141 6841 7250 4077
1866 10599 1291 2324 2458 3626 3628 3757 4466 4477 4478 2559 2883 4468 1289 3584 4486 721 690 1548
1867 1293 2604 2605 2745 4153 8586 840 8614 2428
1868 7703 5288 2417 3487 3488 1657 1959 2778 3486 3877 7167 1296 8610 840 1877 9964 4370 11162 6374 3171
1869 7918 1297 3844 4143 4152 1777 5450
1870 1298 5839 7361 7689 3746 10191 5117 7021 10229 5778 12207 4321 10873
1871 7939 7054 6086 7999 2139 5005 5475 1298 6849 12627
1872 1019 8466 1063 1508 9094 1774 5564 1298 1302 2696 5397 8269 182 389 3453 10590 5338 1547 4826
1873 7137 10716 5391 7028 1298 2975 5035 2012 2212
1874 7895 12056 1299 1348 1349 4236 4659 4662 5520 7722 6391 1836
1875 9187 10543 5814 1299 5601 7720
1876 6911 1300 2626 3252 1154 1611 2495 2279 9890
1877 1486 3316 916 3082 2112 2491 3208 6637 1301 1614
1878 6873 6668 4790 4131 1302 2307 1004 1008 1185 1096 239 204 194
1879 7247 7155 1302 5854 7013 513 7685 898 1330 6637
1880 1302 3281 4278 6365 2266 2019 9914 5289 11785 7885 1306 9220 1963 2267 2679 3736 4053 5912 931 983 1246 1399 1411 9228 1987 2530 2967 3364 3542 3871 10358 4605 5094 5284 5618 11735 6441 6484 7064 12787
1881 5275 4511 3665 3271 1909 2566 2065 1473 1302 2310 2713 1905 1005 1011 1050 1477 2848 4334 832 204 298 158 169
1882 8094 4513 6162 1302 6195 1097 2420 4486 6605 1136
1883 6873 8026 7268 6429 6023 5959 5299 5476 4512 4967 3466 6737 7289 7288 1302 2981 3006 7707 344 8606 74
1884 1305 2214 3012 5516 9106 12271 12723
1885 8817 10272 4255 1306 3310 6052 6364
1886 8856 7439 3361 1809 2324 3195 3240 4362 1307
1887 7891 4666 5150 5151 12256 1307 2875
1888 8895 2420 4471 4481 1308 2060 2102 2385
1889 3755 9946 1965 1308 4982 7461 7604 8236 10131
1890 5318 10639 9955 12509 1900 2967 3808 5562 6355 2816 2975 1309 7519
1891 7663 9534 2606 1310 5751 9535 5795 7596 9574 100
1892 3710 7999 4228 10767 5449 4534 4203 2763 4202 9025 1573 2474 2423 2048 2674 2767 1310 1873 2042 2273 2776 3024 3117 3923 4156 5284 5566 5646 5712 6180 6559 7345
1893 1429 2632 2651 2682 2976 5344 6530 6564 6679 7278 3919 3399 1310 8779 9944 6090 7770 9402
1894 3663 1486 1500 1528 2397 2468 3696 6637 3697 773 2335 1154 5284 8569 1310 5586
1895 4540 4172 2270 4415 5812 6308 7798 8194 7097 2640 8262 1313
1896 11159 3954 4887 12840 2309 1632 9057 1313 1915
1897 3466 1914 1911 1905 1371 6825 3459 6831 1008 1049 1314
1898 6003 3561 1315 2714 6829 5652
1899 5475 7651 7650 1315 1600 2519 6373
1900 3204 12347 6522 4789 4414 2622 2066 2160 1902 1903 1906 1914 1315 1387 2608 3006 2172 5075 1007 2173 2505 1193 1085 1082 1032 1327 561 1044 210 335 227 1278 125 1322 1340
1901 8168 1316 2314 1477 6374 827 6175 8271
1902 2396 1903 1904 1937 1908 1902 2569 7755 2171 1317 1032 1007 1521 937 938 941 4767 582 152 153 416
1903 7135 5299 2569 1317 2714 6832 6821 6161 286 364 366
1904 5602 7060 6173 4402 3927 5396 10246 1244 1003 1004 5511 1797 3027 1318 2408 4550 3179 991 5024 3220 5564 2757
1905 12665 3375 4669 2160 6195 7751 7752 7754 2172 2173 1093 1185 1189 1194 6095 7694 1191 1192 1080 1188 7378 4334 1324
1906 6707 5564 2160 10559 1767 1210 3459 1477 1628 561 1325 8164 9245 241 257 176 125 378
1907 4511 2355 1697 1244 1314 1325 2244 135
1908 2569 2713 1098 5204 6832 940 1326 1327 1619 1317
1909 2160 2566 1812 2569 5075 2504 1021 1049 1326
1910 3974 2066 2569 8218 1326 4767 2028 873
1911 6023 5275 12579 2396 1902 2569 1903 1904 1906 1911 1908 2002 5283 4546 1327 196
1912 5993 8016 6178 6180 7319 1284 2942 4803 1478 1328
1913 1642 2967 3194 11702 2966 2956 2142 1329 3458 7507
1914 3386 4074 2876 11393 4503 11061 1332 1587 5372 5418 5593 7957 8340
1915 1332 4772 6173 6837 3756 11814 11595 9870 3778
1916 918 4158 1333 1462 5108 4030 4020 7776
1917 1334 4059 7320 7701 9519 3378 4910 3914 11511
1918 11614 3928 1334 3150 7444 3314 5646
1919 3429 2620 12319 7368 3458 4483 3674 1334 3029 10550 6530 7103 7142 7444 7492 1881 5775 2199 3724 11337 1497 2746 9673 3928 6180 1046 1180 2753
1920 5150 2726 5649 6640 7322 8060 9144 4099 792 1335
1921 3922 3558 6648 7437 1416 1931 9946 4370 6641 11863 5387 2674 1335 1573 2670 2789 3320 3377 3704 4372 1365 11421 5019 5572 2772 3589 9252 4373 12306
1922 3208 4102 1335 1740 2495 5555 6180 1478
1923 2513 3589 5547 3205 6660 817 1000 1136 8897 2124 3433 8571 1335 7158
1924 11141 1336 2685 3875 3990 6351 7053 6924 607
1925 1236 1337 1442 1498 1550 1783 2815 3173 5175 7931 8001 3689 1149 4158 7612 7770 7862 1452 8372 9208 9679 3963 12039 12276 1549
1926 7848 407 1503 1339 1723 2215 2640 3192
1927 4040 4973 4846 3975 1340 5086 3210 5918
1928 4450 3315 5221 5288 2271 1397 1341 5769 3935 5711 5741 8903
1929 1341 2214 3381 4619 5580 5675 5971 7758 6868 9556 5918 5092
1930 1456 3273 3509 4365 7853 1341 1743 3741 6930 7878 6192 5283 2296 2696 10315 6172 5399 6404 8017 4688 3701 4416
1931 5987 10187 5898 10791 5284 5456 6180 2960 3232 1380 2921 4713 2690 2691 2692 4102 4113 5451 3155 1341 1371 1912 2273 3098 3487 3952 4834 5511 5562 552 3047 3862 4149 8190
1932 1617 8097 1342 5740 6386 2960 6442 7158 7848
1933 10620 12576 1342 6473 9074 1150 4949 5077 6968 7185 2975 3170 3682
1934 7327 8132 5676 1343 3382 7963 9168 10033 5073
1935 3678 4511 2958 1344 6289 8511 8563 1154 1189 2954 10067 4610 7155 7848 8009
1936 1345 1517 2927 5819 2209 6605 7715 1786 1486 1722 6500 6591 1334 1732
1937 10284 3332 5037 559 10524 10896 1346 2251 3411 7880 871
1938 8416 1194 9241 3750 3814 10326 4257 4852 11133 6246 1346 2457 2517 2916 3641 3756 4766 6225 6228 7599 7674 3930 6593 7169 7262 12749 9725 2924 3072 6680 6718
1939 7368 5233 5994 4461 1484 8335 1350
1940 9232 1647 2221 701 1351 5844 6260 1596
1941 5515 1352 2088 4500 4629 7692 2229 3487 3488
1942 1809 6708 3611 2378 7169 9044 3979 1353 7769
1943 1310 965 4236 6533 1353 4574 4901 6153
1944 2357 394 10374 11051 1353 3934 5289
1945 9641 4825 7238 1354 2724 4610 5040 8168 9498 3749 3808 7446
1946 4833 4591 1355 1356 1565 2867 3169 3282 3298 5564 2798 3796 716 1783 3404 4122 5563 6564 1154 3934 1494 4656 7383 5284 6180 6932 7856
1947 1356 7378 10188 4149 4255 5446 5712 6898 7583 6530 4717 7538 7417 6627
1948 4677 6180 7519 1357 1402 2228 2691 2692 4079 4884 5199 5201 5500 10713 7126 3488 10307
1949 1360 2438 6345 7888 1636 1679 2653 8659
1950 1360 2397 5193 10508 3195 3757 2640 5816 2796 4694
1951 7992 12429 7871 12704 12259 11326 11491 7449 7605 11068 11069 5384 5385 5011 5896 4767 4769 10735 5479 4932 2508 11026 11031 12525 10323 10329 4257 5402 5798 7302 2460 2506 2507 10328 10789 3834 4023 1844 11055 5404 12132 10206 10839 1361 5626 10580 2933 10536 9095 1153 861 965 3659 1596 1598 3436 8778
1952 3145 1669 7706 3296 4142 7849 1362
1953 2526 9881 7185 1363 1427 11912 9612 1466 3426 9335 5517
1954 2420 1364 1478 2883 3121 5646 8953 2491
1955 4860 11457 6542 10638 1365 4859 3272 2361 4561 805
1956 1367 2447 6016 3493 5508 1216 5562 7371
1957 4512 2012 1903 2566 2010 2569 1370 1096 1521 2389
1958 4442 4852 2639 6476 3714 1915 6831 6261 11990 3716 1370 12536 2394 6763 12372 5828 2924 7987 11971 4645 5467 2623 7621 157
1959 4149 3935 4626 10879 10224 877 8654 1371 9381 2293 2311 3355 6680 8154 4132 6484 1370
1960 6868 6992 8190 3728 6917 7065 1370 1371 1372 2268 5105 7432
1961 3561 3470 1903 2601 1370 2713 1405 715 4738
1962 12298 5442 4900 5320 3777 7368 6600 7414 4255 2751 2160 1937 1909 2569 4380 2170 1371 1398 1315 1035 1082 1080 2715 1190 2719 1034 1032 898 718 1195 7530 5734 151
1963 6961 6896 6897 6959 6735 6427 6520 6594 6431 6429 7471 12267 6851 4513 4611 5972 3275 4511 10943 10944 2716 2751 11174 3050 6191 1371 1387 1575 3006 5971 3459 1035 1079 1039 1006 832 3657 256 153 454
1964 4790 3229 2160 1902 2003 1905 1908 1372 1099 1007 1009 1096 1098
1965 7135 5299 4915 2002 1372 1096 378
1966 1373 3320 2975 3682 6177 8821 7987
1967 6701 4697 2933 6099 7542 1437 1534 2108 7130 1374
1968 2152 10889 7143 1376 4504 1512
1969 1175 2559 1291 5170 721 1377 4213 7042
1970 6979 7619 7847 6686 7598 7806 1379 5747 3206
1971 8468 1930 8365 5393 3551 5557 5562 6223 1222 7167 2776 11637 2766 3493 12306 1380 3004 5396
1972 9069 9421 4064 5106 11324 1384 1654 4996
1973 6065 2717 2696 1391 2106 2977 11031
1974 4059 2204 2606 1392 4111 4728 9148 2851 6451
1975 4158 3891 2199 1393 1535 5056 9835 3139 10910 1572 6268
1976 5511 7483 5993 1397 2168 4282 6378
1977 11993 12254 7277 7219 2008 2805 1398 5939 3939 6069 8193
1978 11533 12519 10973 6974 11348 383 3361 1398 2624
1979 2448 4227 6288 8065 1398 2339 5036 2273 5291 5769 7032 1456 2268 4051 4820 5289 7155 9180 2272 5712 4040 4091 5031 8037 5426 1201 6549 3934 7444 2447
1980 4610 3530 4912 1398 7179 3800 4251 5036 6289
1981 3375 6162 3779 2718 3275 2396 1908 1911 2566 2066 1905 2010 1643 1398 1080 1032 1050 1163 1324 308 139 132 74 285
1982 9039 7277 12640 6218 3979 1912 2569 11501 7755 1695 1371 7753 1398 2717 6825 1079 1097 7754
1983 2538 5112 5270 10547 6091 1398 2803 5480
1984 1902 1473 1388 1398 7753 1212 2717 2309 2311 1097 1628 1649 582 831 158 59 286 285
1985 2281 3112 8104 1399 1993 6832 11781
1986 5288 3362 3777 3721 10984 3927 10316 7442 10989 1912 6849 3901 4217 6484 7706 1401 654
1987 8023 7487 7441 5689 5694 7328 1401 4889
1988 8201 12702 1402 3559 7250 12502
1989 1406 3996 4214 12088 2755 4473 4485 10601 6484 11821 1290 6346 8106 4174 6242 12416
1990 2118 2787 10616 4793 4830 10955 5153 7203 10950 5759 12760 2659 7690 6800 5350 6228 4211 5148 4436 3326 11097 12456 1841 7696 11718 12516 12644 7910 12757 10287 1851 8030 3385 11939 1989 10897 4493 3345 11092 10246 7182 1636 2217 1406 3736 7723 8106 4573 4304
1991 1410 8355 9179 1297 10634 6016 2084 11858 7371 8392 5812
1992 7900 1903 1904 2398 3645 1411 5562 5564
1993 6129 2975 3780 2980 6133 6249 1411 2640 6559 781 5510 1958 3935 5288 3487 3488 3493 871 5951 282 1919
1994 3868 1479 4255 7589 1411 2696 2946
1995 6516 4731 5272 7474 7720 1423 5421 1411
1996 1411 2961 3405 4511 9352 192 1454 1634
1997 2839 5610 5515 6932 4255 9527 1759 9769 4091 3209 10401 12377 3488 6083 2125 1413 1660 709 1004 1154 2488 4037 326 1411 6119
1998 1508 3127 4568 4668 6564 1411 2410 5853 7519 2513 5819 4293 4511 4610
1999 8186 6448 6581 2756 6086 6635 7320 12656 3046 10894 2640 1413 1783 4166 1460 1478 8092
2000 7626 5923 4072 5473 5433 8054 2451 11364 1797 3603 5157 1796 1413 2571 5072 6780 4392 6271 6843 7432 1566 2229 9400 2230 3138 3139 4240 5067 5070 5071 7769 2963 4955 4265 6736 11926 12622 12819 3955 10377 6824 3396 6821 795 5396 7395 6708 8594 8075 7283 7961 2281 8005 2556 6052 1812 2162
2001 10528 6017 6018 7126 7871 7492 2659 2960 8106 8135 7661 1414 72
2002 1415 6040 7391 396 1357 2681 7631 2987 2798
2003 1416 1471 1858 3067 1719 1872 1249 1611 3320
2004 4807 2959 1418 2276 8399 514 8687 160 46
2005 5744 5004 10881 1420 7857 3542
2006 7247 6104 3733 1376 2277 1421
2007 4544 7278 5956 6688 8941 10646 1424 2147 3671 3811 7607 2237 1932 8749 8253
2008 2628 1425 4255 7611 4256 10920
2009 7649 4537 5393 4343 10500 2137 1913 7467 3848 4744 1425
2010 1719 2145 1425 1522 1622 1716
2011 11012 11490 7993 2975 2240 5000 5681 6072 7773 7999 6011 1425 2545 8106 9085 7800 6400
2012 4426 4111 4145 5065 4801 7107 1488 959 1425 9020 3692
2013 4493 1762 5397 4955 8152 1425 4451
2014 8712 1425 4818 6678 3685 5158 7630 4145 8863
2015 5895 7598 7382 2206 3103 3504 3537 10217 3994 4387 4649 4669 4728 5464 6004 12112 7422 12389 7769 8005 6375 7500 9294 2126 2776 2967 4973 5683 6467 8046 8091 1283 1426 3192 4145 4830 5040 7403 7513 8666 9024 3047 9060
2016 4790 1915 2566 2717 1312 1427 2941 2947 1486 1009 2491 3089 6312 1008 1034 2504 1205 1244 925 7247 10468 1628 2930 478 546 461 3465 722 2387 2083 127 480 630 3856 138 134 53
2017 5235 5929 8029 3333 7644 11709 6422 3215 7175 12205 11782 6174 1428 7176 8398 8528 10179 6318 10504
2018 6865 6866 12653 5565 6367 6493 5604 10558 10342 11475 11170 3527 5589 8037 1430 4288 11816 1243 438 4728 1651
2019 10727 7723 3540 2740 1432 3716 5451 5973 8193
2020 5712 5291 3613 5547 4041 7118 4262 5901 6189 1433 3390
2021 1958 6293 3401 2640 1433 3938 10342 7813 7158 7452 10183
2022 2919 9255 11107 10668 1434 1540
2023 7581 5183 1435 3975 7655 7670
2024 9396 1439 1809 5737 7145 1029 7297 3685 7595
2025 5030 6546 9858 9990 3320 1440 2640 9236 1139 8950 1402 2344
2026 12156 2933 6978 7954 8211 7743 3675 6086 7868 4327 3962 1815 4109 2705 7227 2703 2706 5717 1441 405
2027 4111 3047 5854 5703 3550 1443 1857 4357 6585 6131 10784 10053
2028 10293 1444 4844 5380 1337 4627 11311 4251 2241 3111
2029 10287 3612 3141 10987 5854 5987 6530 1447 5515 7862 2215 2650
2030 6023 8059 5299 4511 3973 3470 6655 1912 2396 2569 2639 1451 1312 1316 6900 10060 240 255 2924 447 10927
2031 4072 1452 3954 4090 7583 9296 2378
2032 825 8893 10915 2629 4059 915 1483 1666 1453 2491
2033 1454 9655 5732 2640 5562 7720 4778 4985
2034 2268 4161 2430 313 8932 2859 1988 5738 5106 5506 657 8879 11858 167 8111 1500 3067 1528 1568 1614 1471 5176 1165 9361 1136 2091 6447 1337 51 52 1166 48 50 1713 4985 1130 1522 7444 1456
2035 8095 10971 4034 7887 5149 9452 4149 4865 2139 2648 8579 6305 5316 8732 12419 10635 6064 6558 7337 1456 3822 6099 3030
2036 2116 4345 2653 5793 1457 3253 5255 6581 1464 3628 4485 2559 1958 9862 8106 9528 704 9532 7501 2091 2582 5716 5846
2037 1458 1459 3140 4286 10478 4298 7444
2038 5749 12161 1459 1842 2140 7350 4700 5747 7319 8211 1445
2039 3056 1460 2136 2629 5244 2445 1058 11596
2040 6129 11109 7319 2854 7368 4255 12410 10074 3808 1465
2041 7106 1517 1679 1880 1887 2397 2736 3422 5583 6591 1986 2090 4743 4817 1466 5438 7247 3029 3082 3928 5646 7715
2042 1498 1769 1783 1467 1483 1500
2043 7734 1468 8598 1835 4515 12522
2044 5278 4789 3665 1914 1472 1087 1186 1049 1083 4018 826 832 248
2045 7328 5793 8143 1472 6415 7098 7933 482
2046 1902 2566 7158 1472 2173 1398 1079 9028 240 190 296 3381
2047 5064 7821 2578 2857 3592 5161 1757 2513 11143 1473 9014 7901
2048 12134 11928 6159 12571 6270 10287 10455 6735 5288 7720 1474 1476 1478 1582 2168 2640 8173 899 1598 1797 3096 11466
2049 1523 6590 1474 2397 2845 6129
2050 9026 11614 6630 6881 4802 5348 3292 2124 11990 2851 1862 1474 3921 6188 8018 11570
2051 9385 11232 3320 4708 9187 1875 3209 12349 3242 5946 1474 4459 4554 5135
2052 2141 2136 11134 6289 1475 1832 2546 6016 6263
2053 6537 6023 5042 4151 3979 2160 1477 827 284 111 256 53
2054 1478 1486 1528 1614 1858 1885 2468 2727 2755 3067 3082 3163 4686 2112 2383 909 1610 1622 7668
2055 3786 5503 1478 1885 2091 8978 1872
2056 12833 1769 9420 3091 3113 3548 4293 4627 10657 6461 6474 6572 6799 12338 1478 4190 5556 9409 3314 4213 2156 2740 3129 3390 3935 4844 10384 11611 6495 8679 8791 9188 9460 2696 10028 3612 10144 10233 4267 4843 5686 11285 6152 6917 6924 6925 7101 7679 7999 12732 1156 1157 2352 7117 2354 6215 8104 2640 5052 7186
2057 5785 4093 5536 6530 1478 3082 5854 3067 4158 5589 2545 4034 8714 7706 5814 9724 6304 7905 8368
2058 3808 11135 5928 1486 3584 9628 2397 2491 6500 6591 1478 2240 4312 6530 9243 4152 4311 4421 1657
2059 1713 3067 3082 1478 3220 7012 1528 9710 5033 8770 7071
2060 1483 2370 2514 2629 3243 4069 7316 1478 2113 2942 2553 9831 9110 2901
2061 7243 5520 3786 1478 2090 1486 4899 8740
2062 3398 10752 5091 5105 1479 5630 2880
2063 2707 8915 3709 1479 5515 6937 8046 2599
2064 2335 12161 6829 7616 7149 7444 7814 1480 7305 5467 1877 2649
2065 6670 6671 4511 5589 2240 6899 1481
2066 1356 1783 1785 9243 2113 2288 10143 3684 5578 6564 7519 3208 10140 2091 1482 3856 7157 7710 7715
2067 1881 8537 1556 9168 442 4613 8449 1483 1975 2640
2068 1971 2420 6389 1483 1700 2826 8383 2398 6638 1167 1478 2514 2632
2069 1423 1783 1485 4686 4694 1713 3584 3535 5285
2070 9894 2942 1987 3808 1276 3584 2090 2491 6635 1486 2397 1785
2071 2440 7055 2845 2997 1667 9576 8616 5686 7330 1490
2072 9063 2924 9813 1492 3615 3737 4067 7767
2073 3058 10347 10358 6475 6489 1493 4537 6760 7617 3611 5237 1657 6594 6315 7724 4502 1363 10465 6309
2074 9334 9335 9336 7264 945 8710 2491 4511 8453 4158 2132 515 1493
2075 12233 7433 5578 7886 5623 7231 2961 11000 1496 5134 1339 9345 2404 1359 4955 6118 7720
2076 1497 3152 6070 2360 3188 9047 7636 469 3995
2077 6035 1623 9263 7930 3160 1497 3422
2078 1722 4362 4476 615 9140 1883 2578 3627 3757 4186 4214 4470 4473 1498 3146 3520 3522 3523 4213 4475 6605 1500 4536
2079 3135 5249 7350 1987 1504 5713 2274 1499
2080 1500 2872 3134 3195 3757 4185 4186 4469 6242 893 2091 2755 8404 8297 651 1028 1358 1416
2081 3067 3082 2091 5812 1500 1651
2082 1500 2468 4686 1885 2090 2629 916 1732 2209 2491
2083 1358 1416 1872 1500 1730 2383 1471 1614
2084 1504 2902 5777 9391 10150 1921 11656
2085 6683 6749 11638 2164 6813 9365 7798 844 2932 3025 5949 6778 1850 12235 2340 6697 4189 1505 4567 5807 6133 7848 7422
2086 6243 1608 9355 3370 4224 1772 4161 1507
2087 4199 3486 3487 7999 3489 4437 2935 3493 10439 10440 9928 3488 4138 4141 4255 5030 2716 2776 4624 4677 1508 2081 2411
2088 1611 2586 11032 3208 1508 2495 3495
2089 11049 11050 1508 2359 8178 4372 10804 8296 7317
2090 2192 1509 2193 9232 3343 1510 1598 1923 2030 4224 6776 6946 7629
2091 9459 9616 10412 1511 2755 5110
2092 8052 8018 7705 7476 6873 6735 4504 1190 2717 1521 1512 4667 5923 1514 722 546 4663 3450 6737 194 60
2093 10461 6320 1514 2237 3001 2138 4251
2094 3979 6314 7721 2248 1515 2924 10989 2599 11638 1687 6341 8226 7357 4794 4747 6719 877 6395 561 10889 1696 7589 7257 4492 1628 5751
2095 4856 9354 9465 2393 11568 11605 6270 11760 11857 6707 6771 7312 7452 7485 7701 1689 1919 2513 6223 7124 1736 1516
2096 1517 2096 2324 3129 3628 7828 8686 1359 5170
2097 8789 9467 7319 10762 1517 1679 2090 2297 3856 3938 4172 4386 4650 7714 7715 2075 6500 8553
2098 3082 2668 1517 2397 2662 1267 1276 2491 2991 7009 665 1017 1345 1617 854 869 1165 1791 2349 2652 3928 3056 9737
2099 2480 7335 1778 1518 2453 9498 2892 6468
2100 4254 2140 12427 3390 9994 4931 1520 3934
2101 6832 7016 4365 4257 4488 6974 12105 7294 6699 11215 11966 6517 10906 6396 6278 11574 7583 7800 7773 12698 4149 7689 4216 5286 4876 6784 11130 10219 9069 2581 7357 1597 1599 1596 1521 7050 3655 3672 3642 802 3324 3853 1681 924 4062 5308 8911 774 2255 181 110 98 35
2102 2718 3275 5412 5923 1521 3576 478 344
2103 2514 6635 1478 8990 2489 2491 2498 2651 7009 2397 1139 8220 1522 3320
2104 1522 6956 1416 1720 9156 1604 1610 6635
2105 6558 9694 10542 4571 3696 4272 4675 7578 7973 3511 3512 6242 6389 7514 12591 2822 4683 3265 1786 4682 10677 4684 7577 10674 7639 2812 1525 1856 3755 7986 1964 7321 8922
2106 2605 9652 1265 1277 1332 10763 11223 2748 1618 7405 1525 4327
2107 1838 4185 4472 4571 1501 1526 2696 4623
2108 11372 1527 11514 1851 6220 7140 10016 3767 4929 4575 4611 6559 7908 8785
2109 4953 6118 1527 4955 7158 8344 1851 5153 5759
2110 8074 10001 10881 1892 1527 2942 4229 5646 5368
2111 726 8804 1172 1986 6603 9059 3487 2397 2491 4930 9511 1478 1783 1528 5555
2112 2100 2431 9505 797 8600 814 1529
2113 12072 7227 7868 4587 5161 2839 1530 1853 1587 9351 4754 536 8446
2114 3572 7579 10753 12053 1531 2139 8147
2115 1534 2689 5744 1299 3877 5571 10127
2116 4521 10077 8331 11295 1663 9276 5538 10726 11603 1398 2453 10066 4149 1534
2117 11986 7471 7587 5275 11130 7778 4915 5423 4881 6935 4669 7155 5289 11837 7755 7753 1371 1398 2848 1619 5597 1536 242 243 125 448
2118 5714 9415 9533 2923 4998 8190 1536 8316
2119 8629 8956 9657 11036 1537 5334 5918 3955
2120 1539 2397 3067 3290 3584 3892 2491 5244 1136 2514 3163
2121 1542 6600 7024 4059 11407 6559
2122 6278 1543 6681 5856 8416 6204 9828 9835
2123 5367 3561 7720 4922 2954 4910 1544 1342 7600
2124 4979 3974 2011 1910 1913 2002 1545 1906 3891 3324 6095 1185 6829 1186 1193 2719 3642 3672 3853 1244 1477 5653 1326 5651 5652 546 2649 1447 195 323 247 250 241 242 244 254 168 399 402 403 452 133 137 253 331 327 330 395
2125 6740 5082 7879 9086 6051 6151 4183 1545 8179 5927 9427 12823
2126 3160 3168 2559 2570 1546 2044 2533
2127 10122 8833 10123 2708 9764 4822 5134 4158 227 1547 3136 1402 2427
2128 1700 2323 1732 2091 3689 6133 9472 2441 4163 1548 1871 2905 5153
2129 4471 4474 3503 4484 3520 4485 10051 3523 4475 4008 1548
2130 1551 3915 4025 4098 3558 3548 12821 6736 6737 12310
2131 12377 11310 5994 5595 11872 5853 3101 5787 11442 6604 4794 6466 10441 2556 5157 10487 3394 6838 1810 1813 10302 9487 4941 2758 6270 2544 1809 3314 3319 10138 3095 7600 1552 7402 12601 8113 9209 3367
2132 10714 10765 11284 5806 11404 11508 7005 7006 7643 7785 1564 12112
2133 3790 5037 5508 7032 4716 1401 4547 1565 3933 2338
2134 6399 3932 5213 11364 3346 11593 5479 1639 2892 1566 6236 9924 891 8657
2135 5150 4241 4861 7600 8079 5604 12754 11268 6611 2273 7849 2058 12471 1566
2136 8174 10914 3167 4509 3446 1569
2137 4064 12380 409 3673 6291 6752 1569 3786 3859
2138 4534 3537 4567 11130 7519 3819 6323 8065 4370 1570 1672 2767 5826 6509 6838 6934 7452 8133 6085 7041 2975 10418 5087 5700 6129 6522 7299 7776 8053 10143 5255 6440 6573 7205 7993 7584 12072
2139 4686 5531 12098 3584 5232 3208 551 1571 3355
2140 3091 3214 2915 2509 7470 8076 3191 1572
2141 2437 8481 1574 5718 6410 7157 7444 8278
2142 9165 7279 12541 1575 4111 7046 12633 2064 5814
2143 3629 5238 5921 12826 10618 10316 1575 1853 1927 5785 1327 11358
2144 5284 7013 1356 1357 1508 5515 2276 1576 2377 3108 9829 1478 6180 11161
2145 10423 6016 7272 4840 8616 2021 850 1852 1975 3850 2276 1577 1508 8395 1576 909 1730 5244
2146 3879 7587 1579 4219 5783 7585 9109 2099 5814
2147 7975 5436 6535 4722 6992 1581
2148 12784 727 1674 1582 3209 5581
2149 1582 2379 2528 9132 10123 7096 2330 2565
2150 1913 7022 4291 6479 2733 4040 1582
2151 12737 11673 7247 7330 1583 6034 6159 7933
2152 5393 5572 2501 7720 2184 2300 7126 1585
2153 8314 8396 1591 2365 2984 526 898 11836
2154 7895 2558 3677 4549 4741 1160 6445 8126 7954 1592 8058
2155 2113 2398 3082 3584 1783 2090 1593 1622 3634 3755 5612 430 2288
2156 1594 5862 4607 8698 12114 10256 6007
2157 10676 3662 1595 5180 6143 8185 3145 4586 12388
2158 1596 3436 3450 1704 1562 7309
2159 2756 1597 5594 8491 5841 6476
2160 11851 8133 4116 8190 4820 4126 11850 1862 6162 10874 12154 2211 1598 2914 8099
2161 3362 5700 7681 2933 4504 2724 3606 4252 4844 4228 8822 2273 2797 7656 1159 1600 200 4017
2162 1600 2123 2580 3089 3208 4178 4974 7013 7999 8011 10307 5162 12813
2163 6932 1602 1603 2074 1996 8037 961 4728 4610
2164 4233 4728 5567 3878 11598 2309 3361 4881 12300 8104 5793 11251 2593 3346 11461 12067 1605 10983 5418
2165 2225 3720 5106 8932 4816 7939 8147 1605 8201 10418 2349 4795 8179 4437 8417
2166 1606 1828 6686 7360 376 1438 1519 11622 4716 10712 7769
2167 1611 2497 1610 3584 4686 2090
2168 7405 3278 12142 2273 2976 2196 4840 11729 8841 10730 4182 4520 9877 3786 4627 7870 2488 1270 2402 1610 214 8431 6660 1083 3025 735
2169 1699 4421 7888 1613 2591 4111 4140 2420 4741 4622 2822
2170 1785 2420 1614 2090 2491 632 911 913 914 1460 9922 3623 1289 9514 4213
2171 4073 10830 1615 6357 7499 2188 2274 4747 1371 7085 8216 4000 3456
2172 5465 4820 5029 7723 3629 12601 1641 1616 2211 8104 4158 7580 3326 4174 899 6730
2173 3689 2559 9640 2723 2520 1617 1685
2174 6694 12102 12527 12110 7664 2014 11492 7681 1619 2244 1195
2175 6961 6958 6341 6428 5275 4637 5700 3271 1771 2639 1697 6686 2716 1183 1244 1326 1327 1619 560 6811 397 343 8358 417
2176 5854 1740 5575 2498 1573 2772 4203 3493 1620 9665 4534 7919 2765
2177 1620 3348 6355 7689 9947 6065 4525
2178 1581 1620 2165 2166 2543 3060 3681 4255 5785 5863 6562 7054 8020 564 8962 9187 2181 9483 2737 7849 7894
2179 9630 1620 2616 2617 2689 1402 2614
2180 3196 12771 3877 7723 1623 4459 10447 3208 5954 10284
2181 1666 2455 1887 1624 6924 5259 2288 1931 3134 4626
2182 1620 7770 1625 2054 3096 6530 1930 2021 8748 2327 9994
2183 4449 4624 6262 2950 8037 10301 1625 8459 9051 3390 3935 6128 12656 2132 2740 3096 8185
2184 5485 12304 2677 5887 7609 5294 4180 1627 11692
2185 7092 5819 2299 1628 6927 1732 6918 3024 1144 5500 8190
2186 6748 8018 6000 5889 4554 6351 12521 1629 3426 2981 3006 4425 2482 10685 7192 715 538 1005 11999 1514 10202 3490 5390 7770 5976
2187 1630 1957 3598 5949 6942 7352 9054 8984 2798 5664 11454 12307 10724 6004 7630 8848 1583 12554 8009
2188 7480 5106 9741 5679 5812 11367 5859 5848 6889 12546 8787 11556 3306 1631
2189 7331 7915 8157 11715 4144 5349 5872 6800 12760 12637 1632 9057
2190 1633 5874 6418 4512 356 1930
2191 5018 4834 5395 7830 5564 9898 3769 10251 3764 5329 4820 6287 10896 4121 1411 3367 7167 8282 1634 1947
2192 7611 7616 5761 3421 1635 1663 5393 8747 8356 5023 3361 880
2193 6939 7460 1423 9230 1636 923 1105 9699
2194 12051 7078 7661 6923 5267 1914 1371 6940 1636
2195 6297 1638 4723 6737 5055 88
2196 1640 2935 7470 12421 1627 10739 2574 3099 3536
2197 10084 7328 5519 3733 6228 10769 5148 6227 10653 3938 4519 12423 6229 2575 3112 2293 11498 9315 7105 1641 2428 3113 6342 2148 4740 3285 9292 2747 1815 2933 5521 2327 4182 3306
2198 3058 3350 1642 3360 3403 10889 5684 3669 3120
2199 11346 10783 11458 7197 1642 5595 4046 6549 3685 10793 4649 8091
2200 1874 5408 5914 6913 4869 1644 7263 6471
2201 1645 2660 3383 4240 5068 5071 5073 891 3815 5070 2210 5433 6689 6713 3139 6736 8002 2154 6769 5157
2202 11611 7385 7862 3343 5533 9655 9812 11352 1645 3458 5865
2203 10116 1892 10122 5572 5854 7013 1883 4493 4953 3208 3178 5620 3060 10285 1646 2010 2975 3112 4908 6129 3850 4001
2204 4051 5684 4190 4257 6530 4022 9735 3285 3305 9929 6909 6383 9563 4770 6917 7894 3486 5306 4045 3682 5712 8030 6355 6026 6333 6850 7693 5626 4494 5562 5066 12245 12642 2056 10604 5106 5557 5718 3059 4144 7533 7853 2767 9916 12751 5814 9332 12175 1646 7260 10110
2205 10420 9600 3671 8059 1648 1862 6169
2206 8059 6851 8646 2313 6688 1648 6008
2207 6451 6268 1650 3314 4210 3884
2208 7492 5495 1989 8147 3030 3031 9179 4160 5040 5526 10617 4173 4211 6555 3504 7939 3050 10237 1651 1787 2666
2209 7085 7452 1651 7621 8077 8959 3662 4607
2210 12746 4343 5695 7560 9348 10084 1652 4398 6313
2211 1736 7205 11797 1653 1935 3061 7475 7617 5390 6118
2212 11771 5710 6468 3582 11893 6131 1395 11362 8927 5410 1901 1658
2213 1660 4627 7311 6465 2436 405 6288 11361
2214 7250 6007 1661 6223 4104 10858 683 3366 12120 2444
2215 6415 7535 5302 1663 5390 8106 8108 6531 5700
2216 1664 3654 4708 2769 10544 8597 4033
2217 6104 7797 4690 3047 5972 1665
2218 1667 2331 2708 2912 3850 3922 6474 7167 9235 2894 3485 4081 4182 4713 5134 11631 1803 2498 3458 4102 6004 7119 7519 8265 1820 10640 5562 5732
2219 2374 3270 7625 12052 1667 2653 3536 5136 5146 5335 5342 6952 7142 7875
2220 8216 6896 6897 6427 6341 6431 8026 6003 5275 5036 3561 2160 2566 2569 4845 1671 7805 1388 1035 1082 939 5653 5651 1327 1326 4546 279 299
2221 1672 1995 5562 2048 5406 5939 8677 12617
2222 8422 4559 4572 7541 12160 4511 9466 2080 2900 1673 2747
2223 8037 8173 7921 1674 5284 1556 3945
2224 1675 4595 4597 5724 5725 4592 4962 5723 3393 4593 4961 5270 4589 4596 4599 5468 5728
2225 409 3847 10345 4119 5985 7360 1676 3199 8222
2226 6569 12146 5394 4231 1678 770 4339 4378
2227 1678 4774 4971 8571 1662 11198 776 1026 12166
2228 1792 2437 2439 2927 3645 3679 6410 6591 6592 1679 5646 7157 5212 1479 2397 5294 6347 12177
2229 4534 10142 4087 7588 2750 4530 7935 4360 4423 1411 9832 5511 6389 7185 7622 1682 5702
2230 5220 5660 7806 1687 4588 7972 8159 7598
2231 8089 3468 2209 10435 3120 1688 5291 10229 5535 4620 4654 5509 6357
2232 1880 2363 9477 2573 3081 7217 6517 6518 4365 1689 546 96 36
2233 7570 12224 10215 12190 8072 9289 2009 4672 4429 11455 1690 4876 6045 9177 5501
2234 8871 2043 2559 2871 3757 4186 5009 2324 2533 1691 8126
2235 12674 6555 11755 7294 6542 7766 1694 2892 9949 6687
2236 3229 12123 2566 6655 1914 2569 1695 1697 1091 2312 877 940 1098 2848 686 689 208
2237 6523 12121 7299 10519 11060 4307 4426 4412 1695 1211 5075 1006 2313 6690 1425 4878 10490 228 343 125 326 447 499 1340 501
2238 2566 1915 1911 1908 1905 1695 2172 2719 6825 6832 6821 877 253
2239 2914 7689 6187 5427 10893 6085 6086 6484 12003 6281 7720 2268 9463 7616 11758 2696 1654 9515 6042 2063 9973 1696 4674 8451 3935 4056 4457 1398 2273 4040 4052 8332
2240 8018 6961 6896 7207 6646 6667 6959 6528 3387 2718 2796 1695 1302 6095 1696 1326 898 257 335
2241 7743 1914 1905 1695 1697 4705 1326 4767 1325 369 802
2242 8030 1698 2294 5599 8547 7436
2243 4513 4131 3329 4101 2003 6655 4021 10329 10816 2066 8767 4009 798 8339 189 2274 1701 3473
2244 1703 2193 2485 3685 4728 5158 5332 5997 7467 896 4030 5486 6112
2245 12115 11212 4342 5695 8960 8967 9658 11644 1703 2922 4606
2246 6339 12182 3776 8159 9818 10452 5472 7504 1705 4344 5282 6836 5833 11001 6930
2247 2689 4038 5348 1706 3108 3399
2248 8195 3140 10145 11857 6771 6772 6775 7500 7583 7787 2385 10752 6447 2853 1634 1751 11486 2966 3092 5562 5823 6133 7055 5631 1707 2779 6352 2766 5696
2249 6435 7140 11614 3092 11734 2136 2330 7894 4756 1708 3165
2250 3726 6089 1710 4875 5154 5373 10312 10958 10047 12448
2251 11782 3155 7368 4737 1711 12097 11177 7017 7994 8191 3805
2252 10043 5816 12188 1712 2430 6397 7897
2253 8866 2559 9504 1240 2086 3814 3815 8016 1712 6831
2254 5880 2491 3584 1221 8871 1971 2559 5045 6389 1713
2255 2057 9657 10921 1715 1717 2034 2832
2256 8680 7851 1715 7313 5448 8598 1704
2257 909 8964 8965 9052 1725 1735 2467 1716 2112 2491 1568 9477
2258 11760 2489 12742 7326 1724 6237 5775 7559 5992
2259 6183 1411 3489 4856 5284 5562 3493 4713 5787 8171 4231 10821 5515 1726 847 2528 1425 8982 1398 1674 3104 462 1536 3486 4727 6459 12388 7654 1933 1074 1075 1151 7158
2260 4409 7126 9612 12117 11662 12122 8121 1728 10796 11256 11111 3046 3699 1154 6040 559 200 8377 9791 10778 1305 2361 10148 5358 5396 12606 10585 5418 12753 8945 4856
2261 7939 11368 10242 1728 7126 5393
2262 8067 1731 2397 4844 1165 9831 10126 5192 5244 12818
2263 11627 6680 200 8633 9191 9213 3501 4476 11667 1732 2278 2882 4481 7009
2264 7280 3537 3373 6463 2424 2425 2426 10698 4753 1120 1732 2211
2265 9514 4362 1735 5612 7201 8196 1731
2266 5917 10115 4987 2237 5211 10942 2854 10928 5276 3157 7277 7490 4138 4141 5220 9277 1739 5223 10185 6227 7709 3861 5399 11467
2267 1740 5037 5709 5898 7504 2274 4251 12534 2811 1494 9172 1958 2634 3124 7444 1684 10901
2268 5700 8053 5393 1744 4418 4660 6533 6756
2269 9138 9139 1746 4570 1932 10989 6688 4735 7635
2270 4713 1748 1873 2777 10524 8299 2779
2271 12287 12285 10497 7332 5567 5927 6232 4606 3385 8560 12367 3390 7240 1479 1749 4593 2705
2272 1440 2076 3938 2119 5131 5950 2538 3396 5711 1750 3445
2273 4975 6868 1751 2896 5744 3934 8563 8716 1474 12286
2274 6242 2420 10002 2276 3129 1752 4476 2090 5134
2275 5823 2992 2489 2854 4172 3226 3256 3156 3384 1634 2133 5511 6796 7186 1752 2132 5134
2276 5247 5249 8230 1164 1173 5646 11764 7725 11010 796 1753
2277 1754 2684 5713 5563 7437 4251 11655 4255
2278 2937 11563 12255 5602 3145 1231 1756 3406 3716 9587 10337 5973 6374
2279 993 6713 2339 9499 7720 837 3925 3682 4126 4534 6152 1757 1774 7438 9237 1657 905 8766 9060 1958 8334 295 8283
2280 7159 7886 5284 7065 5849 11344 1757 4046 8065 6926 6542 8433 6281 7118 4056 5037
2281 4851 4910 5537 11418 6180 8037 4418 1757 5050 5610 2694 5562 5731 1411 5571 6451
2282 1901 2870 1760 5371 1019 2138 5742
2283 5086 5563 9561 5540 1761 9124 7529 6815
2284 4326 11583 2309 4565 6988 1762
2285 1764 5740 7158 7452 2491 5758
2286 2087 1768 2146 6872 7248 2194 11248 2322 3096
2287 9815 2354 10967 2397 2091 2369 1769
2288 3016 8449 1769 9112 3141 4358 1483 9037 1734 8966 2091
2289 7542 3129 4497 1769 4534 2458 3108 3145
2290 1769 2755 2756 3208 6389 1849 8363 1052 1220 1783
2291 1958 5288 6806 1771 3768 2522 10465 4638 1688 5037
2292 6050 2430 2150 3635 3636 4657 4661 1771 4234 560 5180
2293 3314 4672 6918 3759 4625 10906 10245 3979 5939 2914 3899 9997 4132 1771
2294 5744 5808 12689 1771 3333 4728 5397 7205
2295 7030 7446 4823 4148 2420 609 1773 1340 6931
2296 10418 4512 6193 1895 1323 1776 363
2297 4669 1779 3129 4476 3520 4214
2298 7568 10570 1781 2037 4029 8053
2299 1783 7814 7923 796 1528 3497 3786 7444 557 7150
2300 1783 2514 3208 4527 1500 2491 5612
2301 5284 1785 1875 2149 3377 3453 4834 8552 790 8639 969
2302 2049 7407 1786 4803 7092 10710 6868 7444
2303 4493 4955 2843 10457 12077 7907 1787 9100 4823 6375 3141 1859 10289 3947 5474 4624 138
2304 2126 1787 1833 3686 4073 1340 11305 4107
2305 1787 1703 2193 5549 6004 6471 8206
2306 5567 6375 6213 6936 9607 1790
2307 9885 2684 6530 1790 2846 3032
2308 1794 4182 5683 8661 1929 2488
2309 609 8828 10040 4379 4889 1796 4374 8082 1190 2908 4384 6405
2310 7661 1797 2975 3778 10948 1317 10037 3979 5874
2311 2692 9648 6217 4606 2449 1797 2708 752 5852
2312 9430 4534 12572 5679 10000 1797 4551 8441 5868 2488 3639
2313 7644 2679 3682 1797 4357 4820 7862 7999
2314 12192 2339 6242 12603 6497 1798 2582 3310 3670 4704 7063 9543 8867
2315 4896 5595 11644 3436 4736 7168 7441 4285 8466 3685 5317 5158 4949 2983 3154 5127 7204 7720 7862 7240 1799 2211 4892 10842 1677 4540 3787 7014 6203 5396 6985 3294 2273 4073 4282 4231 7480 2238 12388 2966 10722 7556 259
2316 6662 10473 2157 1800 5918 993
2317 7366 583 584 8590 1077 1698 1952 3088 3747 5171 11221 6090 6622 7092 2312 1805 2029 2262 4256 5183 6750 7582
2318 3170 12676 1585 1808 3415 7456 7967 2894
2319 6868 2203 4051 1810 2339 4161 6461 691 1399 9315 2273 2309 2338 3367 3605 3737 4049 4184 4191 4251 5378 6570 8562 2127 9453 4626 11777 3027 5106 6614 7266 2352 4255
2320 5367 10319 2509 3268 4432 12314 3185 6985 7592 6791 8152 8156 9149 1814 5851 1810 2366 4519 5067 3335 8110
2321 6703 6011 7992 5665 6288 7303 6092 10545 11130 7770 8156 1811 6014
2322 2160 1911 1812 1907 1193 2719 5652 561 244 243 189
2323 2566 1812 2569 7755 2105 1695 1370 1212 8218 6821 6832 1083 1004 2848 5651 6690 5597 921 2244 933 560 214 135 111 157 139 378 207 7 366
2324 4669 2566 1812 1909 2002 2011 1697 1006 1159 739 689 248 280
2325 7720 1814 4894 7202 2394 10819
2326 8132 8512 1814 4067 1425 3025 5555 7720
2327 4102 2163 7417 2431 1817 2290 2433 3319 3761 517
2328 1819 4292 2538 4131 1572 3682 5284 1540 3035 10013 3935 11219 5595 5944 7616 4617 2276 3108 3488
2329 5577 5614 5854 12799 5947 11405 1819 2498 5692 4111
2330 6080 11937 1820 6251 4615 5097 6915
2331 8786 1508 3438 4037 4372 5255 5289 5451 5473 5584 5597 5683 11435 11436 6042 6337 2583 5686 5750 2337 2454 3493 1823 3096 2327 4149 1895 1820 1625
2332 2317 2498 2967 4011 4920 5557 7186 5562 1821 1896 6944 6943
2333 1524 2912 12166 1825 1918 4854
2334 2578 2662 11134 7715 7092 1825 7272
2335 2651 9831 2015 2349 2668 1825 5646 1517 2345 2209 6530 7360
2336 1825 2514 2573 2668 2554 3082 3553 3928
2337 2662 7065 7813 1825 3584 4781 5646 2967 4844 457 8525 692 6806
2338 1827 3987 7056 8038 6686 2525 3477
2339 3414 3648 5186 1827 4321 11562 8402
2340 3375 2718 2372 1902 1903 2569 1910 2002 1905 2065 1695 2105 2171 1832 1302 1371 7751 2173 7752 7754 1190 2715 2719 5204 962 1087 2170 1049 6823 834 1184 2309 6831 938 1649 1866 9101 234 111 133 136 139 174 53
2341 6806 12794 1832 7546 3465 394 421 5133
2342 11016 1834 7544 2833 6391 7122
2343 4383 3254 4385 8533 2831 1835
2344 6180 7474 1836 4372 6965 1155
2345 3763 5646 3067 2491 2852 3056 3082 1837 3497 4481 3524 3626 2755 9436
2346 1839 2090 2756 3965 6638 1785 9654 7012
2347 1840 4040 4334 2089 986 2063 10547 12133 3612 9826 2252 6227
2348 5451 1774 2340 4187 4820 1840 3855 5289 6289 3349 6466 6707
2349 8021 7586 9414 12602 4073 6589 1841 5886 12218
2350 4820 4255 3295 1843 4073 7312 1118 8901 1350 3034 6021 3541
2351 1851 2762 3592 4225 4602 6176 6915 7186 3488 4102 5610 3020 3565 5562
2352 8005 3320 1851 2911 3901 5404 8517 1958 10021
2353 10035 6510 1763 6713 6771 3199 5053 12542 10553 4166 6114 1851 2610 10444 1891
2354 2401 6776 7453 2781 12348 4380 6362 7250 1854 1855 2843 5019 6137 7423 7613 10305 6757 5461
2355 12162 12728 7593 6751 8112 5634 11146 11682 12190 1854 12526
2356 4896 5555 6713 1856 2349 2746 4082 6641
2357 7519 11990 1972 1845 846 5060 1857 1909 1914
2358 4241 7600 2902 12356 1859 4432 4493 4953 4955 7690 8826 5028 5740 7720 2520 2974
2359 11969 6874 5226 12735 1861 2180
2360 4616 5583 1861 548 8591 8783 10723 11373 8986 10152 5067 1933 10370 5054 5310 11685
2361 1864 2090 2950 2404 3112 6371 6593 4858 6461
2362 5718 7174 5965 8030 7062 1867
2363 8062 2157 9629 6784 8004 3912 6686 1868 3731
2364 4111 6148 6430 5538 4777 7134 7492 2510 1868 6375 7720 7039
2365 2683 2585 2649 2746 3928 6530 2442 2461 2584 9595 2680 9742 4564 4648 2223 2554 2586 2682 4940 1869 2587 2594 2686 3931 4024 5198 5199 5355 5498 5515 5854 2592 3525 4315 4640 4959 5101 5187 5196 2553 8925 8942 8944 1446 1447 1508 8998 2593 2650 2681 3106 5253 3092 10985
2366 2585 3928 6530 7013 2649 2650 2683 2746 4600 5515 5854 1869 2442 2594 3543 4648 2461 2553 2587 2682 3931 4024 5198 5199 5355 5498
2367 2442 2461 2553 2584 2585 2586 9595 2649 2680 2683 2746 9742 3928 4564 4648 6530 1869 2594 2682 4024 5355 5854 2592 3106 4315 4640 4959 5101 5187 5196 8925 8942 8944 1446 1447 1508 8998 2587 2593 2650 2681 5253 5515
2368 2223 2554 2586 2682 2683 4940 1869 2585 2594 3928 4024 5355 5515 6530 2442 2461 2587 2686 2746 3106 3931 5198 5199 5498 5854 8925 8942 8944 1446 1508 8998 2593 2649 2650 2681 1427 1447 5253
2369 2553 2585 2649 2650 2683 2746 3928 6530 1869 2594 2682 4024 5355 5515 2587 2686 3106 3931 5198 5498 2461 5199 5854 2442 2681
2370 4733 5236 6121 1870 6407 3499 11122 2960 10089 5733 6126 6278
2371 1876 2103 2447 5137 5190 7430 8475 2684 9845 3404 5699
2372 7834 7185 7444 7577 1877 2451 2454 5925
2373 6871 5146 4745 6391 7380 2187 1877 8389
2374 8221 8168 4002 11123 1894 1878 3145 9259 3464
2375 5987 4511 1879 5055 7547 4255
2376 1882 2549 9752 7238 7832 2839 4058
2377 1883 3122 3521 3522 3628 4186 4362 4474 3168 3581 2090 3042 10792 568
2378 4421 3129 1883 3847 4255 4469 4485 4477 4481 2553 6952 7250 9809 6111 2268 3682 8190 6806 645 2480 3934 8737 10503 4300 4158 4030 7621 7932
2379 9546 5134 11004 1890 2752 2815
2380 10619 4085 4629 6358 4025 5776 7583 8106 3212 12195 3592 7452 2614 4755 1232 9206 1891 824 9483
2381 10169 10791 2331 2596 4626 1904 9007 1903 4159 4103 1892 4246 4247 4765 1820 10205 3934 8525 6985 7126 6149
2382 5157 1892 3339 5213 7088 8154
2383 4240 11359 3398 4511 3337 3339 1892 7335 5595 2660 9904 7103 11700 6868 4955 3113 1009 11992 9218 8774 8733 5067 6701 8401 5153 5924
2384 4807 5288 2240 7500 9450 6100 4960 5501 1893 5318 9692 1997 6579
2385 2610 7115 1896 3455 3212 12145 8053 685 8781 12316 7644 8008 2801
2386 11410 3520 4466 6547 10051 4186 5189 10050 10052 3757 4468 10597 10599 7245 4359 5788 7031 3168 4467 1897 721 8581 9642
2387 1897 1982 2059 2345 4364 2022 2491 2649 3928 4172 7223 7247 4590 12411 2573 2668 2852 3081 3280 3696 4361 4468 10599 4475 4476 4480 4481 4807 5429 5504 6635 12221 7715 9603 6345 9119 1785 9243 2651 2662 10171 4298 5288 11158 7319 12313 9021 967 1058 1177 1724 9120 4913 6543 6603 2091 7062 5506
2388 3715 4423 4424 8888 4754 3068 11128 1898 815 8712 2730 12388
2389 7140 6287 4046 4187 3059 6049 1899
2390 10009 1019 8712 1851 6291 6434 7779 8190 5224 12838 1901 1994 3642 3979 4115 4258 5027 5317 5709 5920 6038 6626 6684 6701 6702 128
2391 6873 5476 1909 1914 1902 2105 2170 2332 2171 10733 11037 1093 1080 1189 1190 1193 561 300 5334 207 209 53
2392 6958 4789 1911 1913 1914 1902 1903 1904 1905 1193 1094 1226 1186 6823 1011 1183 1079 1184 2310 2309 6831 5477 1092 1099 5653 282 2389 197 241 245 247 243
2393 4359 1909 1914 2566 1905 2639 1695 1370 2717 2719 1188 1189 1191 877 834 132 284 169 366
2394 6298 6831 6420 4513 3980 4890 3186 4852 1913 1914 1903 1906 1905 1098 6832 1097 4767 461 832 307 300 209
2395 3466 2569 1905 7755 2717 2307 1007 6825 1194 1388
2396 2622 1906 1911 7755 1186 1098 6821 5477 1181 1327 715 831 233 111 139
2397 8021 6748 8018 6958 6429 6528 4151 11500 6963 5613 1907 1912 2639 1080 6829 12513 1326 1327 4864 1163 610 831 1937 204 211 227 61
2398 3119 1915 1908 2566 5651 5652 1327 151
2399 5959 5885 4788 4513 1909 1914 1472 3536
2400 6427 6431 4790 2716 1910 1907 1902 1905 1473 5075 2172 7752 1212 6195 2173 877 7754
2401 7144 6897 6427 6001 5476 11845 6655 1910 1913 1903 1904 2713 6829 2309 6831
2402 6282 7993 4896 5577 4414 3724 3777 8039 3663 6409 2668 3928 1902 2014 1910 1913
2403 2395 1907 1912 3006 1919 1079 1049 1327 1619
2404 1912 2017 4767 4951 387 2575 258
2405 1912 2010 2569 1910 2105 1405 5075 1009 1077 6558 1195 2388 335 246 209
2406 6748 8018 7278 7207 6341 6429 3328 2716 1902 2003 1906 2012 1913 2002 2011 1905 2105 2171 8854 8792
2407 7469 7189 7824 11408 8010 3470 4099 2720 1903 1904 1905 1914 2569 1032 1035 1049 1078 1082 1314 240 241
2408 2397 1916 3700 5646 6151 7993 7157
2409 1399 1917 2855 9702 859 4624 8626 766 660 688 954 3355 1247 8332 783
2410 1919 6053 7167 1959 3489 3490 3492
2411 2057 2513 3592 10166 10399 5515 5853 7277 997 3070 10593 10725 6573 7539 991 2773 2775 3404 5686 3934 5709 5501 1919 6053 4091
2412 1919 9143 10805 11374 11757 4038 5497 8479 6571
2413 2209 11102 1920 3523 4467 6007 1500
2414 10284 12171 2103 5190 5658 1922 2189 9217 10156 2885 6057 6812 12839
2415 1922 1938 6523 1425 4522 8077 6827
2416 8658 9359 10892 6795 4749 12106 1923 4310 4764
2417 3832 3833 3834 11378 9695 1926 8279 652
2418 726 8602 6917 3631 1928 6530 7199 7770
2419 6578 10533 5631 3742 6085 6353 8035 922 3881 1929 2327
2420 3044 6588 1929 10779 4856 1634 3530 3558 3534 3023 3174 5326
2421 10236 8761 10970 5790 7367 1929
2422 7211 8164 5806 6994 5861 7342 4155 5098 5636 1435 4599 7983 2420 1930 6063
2423 4055 7807 10142 3112 1930 5865 6953 6294 1726 7314
2424 6985 7453 7927 7954 12767 6718 5146 8178 5688 12830 11363 6149 3927 7255 5727 1930 4544
2425 2708 1987 4820 5289 5510 5562 6374 7116 1934 1958 2274 2424 5037 1959 4255
2426 1936 4158 2574 2575 1411 3979 2238 10287 8567 9200 4511 1502 9265 5289 7158 8132 8695
2427 1939 2215 3500 6545 7876 10949 9972 10911
2428 3486 4674 7223 557 690 883 1294 1832 2756 3583 3955 4176 10688 1941 1949 11502 11503 6482 12837 802 3947 5134 2578
2429 5099 4623 9266 10393 11283 6806 8234 4005 1942 6257
2430 1943 2025 3775 7978 8832 9312 4524 1968 3563
2431 11287 2566 1946 6169 7786 7853
2432 4611 8106 3333 10195 2960 6559 1946 2556 3611 5573 7595
2433 2741 10448 4610 5424 11831 4252 5421 6377 5230 5508 2975 4834 6287 1401 1958 3487 4718 5610 12368 4322 12658 1948 6851
2434 3405 12697 8875 1951 5728 8140
2435 2696 7651 2491 2629 6557 1953 6169 3991 5280 7650
2436 12076 2203 2206 9561 2526 2914 3685 4190 5085 5980 6530 7197 996 8732 9238 2208 12052 1956 2276 6061
2437 1958 3486 3488 3489 3493 3877 4430 10940 1165 9052 6452
2438 9443 9479 4511 1958 3410 3486 4446
2439 10709 3371 2206 7939 3685 4554 5053 6362 7919 7935 3942 2293 5662 4971 9321 2187 6579 7720 5709 5034 1407 2188 2322 7007 4113 10056 8429 7452 3761 4956 2273 8121 1958 8673
2440 2798 5162 8865 8692 2107 1958 3935
2441 10812 12165 1958 2250 3313 3486 3487 3488 3493 4768 1634 3491 4769 2417
2442 1960 5734 10247 4255 11038 2271 2273 6510 9641 5562 5456
2443 7312 2980 3376 1909 4649 12201 9029 9341 10990 1961
2444 11290 3676 5294 6068 5182 4255 3375 3370 3371 4180 4619 5469 3665 4511 2915 3979 2566 719 1963 3040 6100 4645 464
2445 5070 6561 5073 8168 6736 6737 2572 1963 9218 3139 3337 3339 5069 5157
2446 8157 4255 6609 6288 11756 1966 3779 5064
2447 12352 12139 8168 6512 11249 7723 4955 5463 6986 2160 1969 10104 10440 11733 5995 7696 2241 11267 6934 607 2287 5067 6118 2137 5730 11481 9073 12149 9543 5621
2448 11098 9801 9613 5239 1136 1176 1970 2911 5742
2449 1246 8702 7841 7024 10750 1974 3422 3602 4716 125 979
2450 1975 6398 1958 3487 2681 3493 4269 5175 6492 5375
2451 1975 5570 7437 7919 2767 5571 4708 2488 3232 4966 3487 10905 5454 5456 2773 10593 2775 3488 4372 1411 9858 11863 2811 3489 4692 5949 7742
2452 9885 1975 5928 6512 1527 4309 6648 4823 4259
2453 7465 1976 7413 7523 1551 2502 5255 6452
2454 5967 1978 3476 2239 3365 3477 10582 10614 2240 905 3553 2923
2455 3096 2588 2845 6596 7055 7862 4049 1474 9115 3487 877 1984
2456 5972 11066 7077 1991 1992 9948 7723 1985 2115 6434 5064 7960 8126 2783 6372
2457 5555 5284 6089 1987 3273 6345 2495 2773 5321 4255 5236 966
2458 12287 2243 4113 7990 1987 3486 3488 4555 4920 5396 8197 3052 3190 6405 1959 3622 5093 11665 3035 3778 2194 3458 4649 4822 7340
2459 1988 3259 5559 7720 8037 1576 5433 6513
2460 2483 9780 3897 11519 6088 6976 7955 1990 2135 3693 5686 2747
2461 4727 5119 8152 7978 1991 4165 12295 10147 8397
2462 5029 3831 5567 5675 5796 9309 9745 4770 11335 5537 9471 8151 12390 1162 7160 3087 7945 11027 6798 9040 1992
2463 3489 3493 5846 5550 1993 3488 6232
2464 7939 1994 2368 3136 4047 9268 7678
2465 1996 2259 4728 2018 4073 12263
2466 5146 7644 6549 6735 8082 7032 7550 3451 5413 6768 6631 7511 5642 11661 6760 6780 7408 6022 4770 6827 3769 6331 5060 6108 10287 5071 7951 6086 5418 12272 6073 10111 5067 3362 3896 2306 10501 7618 6466 7639 8211 3093 4207 4044 3897 5358 6492 4820 9550 1997 6579 12669 5302 5079 2677 7588 8078 7300
2467 6530 4513 5037 6628 3788 9759 6069 1867 4779 6513 3198 8030 1998
2468 2910 5301 6950 4610 2000 7081 1657 3685 1795 4099 5106 11278 5950
2469 2004 3188 6807 7725 11958 11806 4519 6915
2470 7035 2004 2617 2619 4382 4542 5412 5752 7931 1851 9835
2471 2553 2005 2288 9140 3689 2559
2472 4390 7231 3345 2007 4594 967 394
2473 5476 3466 3665 2010 1184 1090 978 2308 3672 3853
2474 7663 5849 5860 6890 8052 8021 7705 6748 6961 7135 6510 6896 6521 6427 6520 7096 6527 6431 6001 7506 7813 4979 4512 4151 4255 2751 2010 2569 2930 461 5867 2388
2475 8192 7939 7278 6961 6897 12425 6003 12580 5885 7717 5390 5419 2010 1210 11429 4967 3642 3655 3672 3853 7237 478 239 228 133 326 7806 1322
2476 4284 5937 4860 2696 2640 9042 3238 3788 4255 5700 5734 11298 5736 5785 7480 8053 6031 5610 3682 4037 10472 10662 10687 7444 1319 2011
2477 6959 7772 4512 3275 2011 3330 1194 6831 1096 6160 739 941 344 4015
2478 6291 6857 6784 3229 6821 2012 6976 3747 1403 1091 1205 1088 1182 920 1092 1244 1096 5446 546 4767 8590
2479 6860 5374 2854 6976 9481 7769 2012 4057 1087 8745 9274 5878 2925
2480 6528 6000 6819 4513 2476 6925 2160 5580 6010 2066 1910 1913 2012 1184 6195 7754 3390 1097 1314 5024 8840 235 138
2481 3469 4174 2016 3004 706 10954 1294 11533 7511 3381 3736
2482 5531 6014 6244 12220 2420 8165 11584 2016
2483 10303 4501 4614 5497 11335 12341 12379 2016 4671 7976 8032
2484 12649 2017 4036 7497 6104 3536 5251
2485 8971 1861 9785 2018 2825 4923 6374 6600 6876
2486 5684 3314 2967 2019 6940 7806 8192 8466 8493 2268 7168
2487 2019 2206 2772 2777 3248 3479 3489 3631 4594 4810 6203 7480 9000 9001 2273
2488 9885 9256 3405 4877 4955 2019 3685 4728 763 8564 6404 613 8518 619
2489 274 2021 2528 3208 7055 1556 1975
2490 7140 3197 3379 8504 1230 4569 2023 4158 4213
2491 4756 6069 10420 2254 6200 2024 3531 3656
2492 2025 5552 6278 5444 11778 6524 9419
2493 7759 7304 2457 6487 6995 7283 7927 3962 5279 10864 4964 4463 2029 4111
2494 9229 4873 4747 5971 6171 2104 9239 2138 3167 7492 1640 2963 2965 12260 11439 11714 1031 3778 3145 11002 12174 8117 2562 2029 4997 7608 7720 6961
2495 7797 10314 9995 11427 2031 3088 6549
2496 7936 6437 6279 3685 2033 6553 5279 4983
2497 2035 2057 4028 5260 5828 5985 6713 8194 3106 6474 7540 2270 6286
2498 7926 6917 2559 2731 12571 7464 3083 4406 2037 4344 1389
2499 6433 11739 6303 3994 4142 11606 1798 4797 2039 5396 7661 8098
2500 2040 6580 8043 959 9193 9985
2501 9955 5788 6941 7240 2041 3212 3685 3975 4749
2502 10146 2041 3010 9583 2558 9790 2557 3204 4549 4741 11540 7735
2503 3919 2041 4310 10481 10492 4764 10732 5597 4730 86 31 8324 6514 6967
2504 3196 3938 4613 5564 12337 3108 4867 5481 2495 2498 5246 5284 5482 1523 9352 10773 2042 2672 4122 871 10633 4558 4610 8303
2505 2043 2420 3195 4470 1290 2559 1289 532 1148 1825 3928 9134 2015 10260 5384 7272 8233
2506 5924 9256 8968 1527 12759 10027 6154 3685 2154 3838 2046 2181 5720 5872 6118 12615 4992 8246 1967 9795 7250
2507 2047 5564 2975 6177 3610 4728 4113 5508 5562
2508 4889 1953 9807 5458 5567 2829 2050 2558 4286 6375 4976 5439 6078 5856 6934
2509 4955 4011 4953 4493 2052 7728 1518
2510 4023 4387 5404 7720 8037 12776 5924 11975 11423 4813 12168 7344 9575 2053 8643
2511 3256 2737 5598 5601 5255 6129 2053 4182 3582 4357 5288
2512 3348 4051 10994 10344 5712 1931 3027 2993 4535 5181 5686 6400 7813 3418 5555 7290 2054 5656 7266
2513 466 1306 5458 5562 2054 2776
2514 10796 3086 6221 11807 12085 7529 2055 3631 7158 7525 7528 7989 6983
2515 10872 12291 3322 6934 2057 5233 6916 3705
2516 2059 2060 4684 3755 4272 1308 7185 7321
2517 10484 7519 5067 2062 4762 5073 6180 1694 3394 6713 4952 7848 6530
2518 8155 2063 5341 12156 7542 12814
2519 2064 2286 2409 12218 7663 1636 5853 8313 2511 798 12575 12791 7188 9903 8576
2520 6537 6023 5334 4790 5088 4979 3375 4669 2065 1697 2170 1211 7751 7752 2930 686 136
2521 6961 6896 6001 6000 5443 5036 4637 4513 4414 3054 2066 1039 6821 6829
2522 3934 4182 2067 2076 1585 2664
2523 2068 2076 3208 4822 4825 4826 4529
2524 9703 5583 9378 5081 7931 2069 7238 10104 6151 10838 11359 3712 5836 5382 5615 6583 1391 11364
2525 11702 8190 9641 3748 2070 5564 6654 3749 12584
2526 12448 3147 11519 9849 6976 2512 3293 1863 2072
2527 2740 3035 1411 6623 1189 4920 6815 7492 2933 5064 5066 7757 8099 3682 6027 7674 7903 405 4384 2696 7142 7868 12125 8757 2488 2839 9730 10770 10894 5418 5562 6086 2085 9625 10015 5363 5593 6577 4256 8295 2073 11742 2797 2953 2954 3335 5293 5345 6099 7508 2152
2528 4325 4608 4622 4742 8513 9291 2079 7160 4741
2529 2181 2080 2900 7862 2276 3060 10616
2530 5516 6868 2312 3055 4511 11471 7452 12496 2082 3164
2531 11008 7939 9562 12535 5550 6395 5352 2086
2532 8052 8003 11920 6214 7798 6653 7853 6818 5964 1186 1095 5347 2566 11838 2924 9028 2086
2533 10186 3644 4335 2495 4125 2087 4511 4262 2188 2564 3877 10654
2534 1666 2091 8093 2090 2420 2629
2535 2090 5209 7883 1296 945 1684 3786 3946 4854 11096
2536 2090 2629 4976 1478 1783 1802 2397
2537 10182 9121 2369 9468 9906 9770 5712 7156 1174 2091 5247 7350 8414 1644 9771 8437 558 1934 5291 1672
2538 9631 3504 2480 2091 4078 5086 5358 6016 7371 1339 1342 5564 11380 11382 12400 8753 2774 4511 4534 5703
2539 5117 7030 9041 2092 4955 6771 6894 7100 7490 2892
2540 870 2708 3026 3488 8104 7678 1144 1766 2093 2273 2702 2557
2541 2096 3521 4364 9559 2652 2268
2542 4511 7689 6974 2635 4159 5508 11282 11720 2098 3751 4333
2543 2822 9792 2102 3511 7062 7577 7650 10046
2544 12178 3962 5266 7328 7445 5289 9493 3663 2107 2759 2995 7223
2545 4377 8165 11235 11237 7667 2803 9952 10376 9875 3324 9017 11203 5770 9600 8516 7358 8691 8467 8464 846 6913 7126 1970 2911 2108 4416 7320 4003 4715 10425 8392 1286 9340 9964 357
2546 5861 8443 10704 7342 2109 3392 5723
2547 3213 11645 2110 6273 7708 5287 2072 2570
2548 2927 5646 2113 2413 3108 9243 2992 1470 1538 9322 10508 7317 2117 9331 2491 3247
2549 10689 12393 5764 8846 2114 4934
2550 7142 2118 5040 7720 7203 639
2551 12457 5037 3601 5428 6042 7700 5289 3966 10852 11956 7374 5164 3990 4192 5024 6461 6574 7335 7490 9067 6925 12526 4184 2120 2967 11607
2552 6811 7497 7809 7798 12130 4498 7534 7698 5540 5161 8165 4556 8454 2122
2553 2123 11759 2498 6575 8228 2555 6492 7938 592 8484 8954 4844 11689 8413
2554 11495 6872 1527 3108 8881 7780 2125 2958 10067 681 5744 5102 5396
2555 5224 2126 7064 8103 2816 10687 11422
2556 2126 3032 2252 5610 7519 12788 1542 11967
2557 10359 5020 10577 4621 2126 2275 4972 5231 2975 4728 2236 2635 3685 5268 6724 2372 10693 10692 2960 4542 983
2558 2772 2776 4861 2126 5188 6180 7514 2549
2559 3091 11861 6795 7048 7720 2126 5252 6967 7395
2560 3081 3938 2008 2236 2339 9894 11091 7444 7993 2176 3979 7814 2132 2538 3210 5600 7247
2561 2136 7500 2132 5854 7272 8233 3125
2562 9130 5369 2072 12329 7399 4326 7558 11548 3483 12250 2133
2563 11366 6213 4915 2196 6155 3470 5235 12021 1912 12522 2134 2309 6190 1195 1323 210 8243
2564 7644 4654 5422 6287 6415 5601 10455 7784 5596 5637 2137 3426 3561 9669 5962 6308
2565 2140 6603 7362 2139 9594 11858
2566 2112 9353 2438 2470 3664 10419 6638 2491 6780 2141 3614
2567 8654 1696 2378 2430 11168 6479 12199 2868 2147 3244 1985 10263 11456 7220 6287
2568 8462 10408 7074 7785 2148 2792 4152 4311 7007
2569 3411 3364 2149 6337 5425 6926 7684 1508 8354
2570 4873 5887 2151 2526 11886 11952 8369
2571 6996 5942 8024 2153 12092 4099
2572 7320 5033 5430 8190 5684 5836 7907 4405 5602 3398 4824 1142 9453 7057 2154 10909 6645 394
2573 6595 6596 6597 2221 6631 12013 11371 2953 6691 2154 6257
2574 11869 2156 3694 4305 4649 5992 6769 7657 4163 4158 5778 8939 2501 8038
2575 4145 12124 4964 4890 8143 10948 5700 4324 2159 2266 3601 4844 4930 7519 6917 9876 4956 1773 7631 6673 8106 661 6578 8818
2576 4915 3778 2160 1093 7707 12366 2388
2577 9789 6090 7720 9458 7935 3808 2161 3067 3542 3584 4831 6637 12647 6955 7750 4712 2378 9360 11014 4547 5598 1787 11681 1125 10815 3613 2650
2578 2161 2682 3034 3933 5018 1980 3555 1051 1172 1498 1522 3584
2579 8181 2724 2760 3749 7093 7238 7393 7976 9242 10132 12281 8595 2167 118
2580 2218 5575 8754 5719 6559 12397 7848 2169 2276 4510
2581 3665 1915 1905 2569 2639 2601 2171 1697 1696 898 387
2582 3274 2718 2716 1832 1902 5506 2171 2960 5053 5718 6821 2311 6829 7707 2147 1097 1099 582 789 152 153
2583 7991 8164 10661 3599 9979 7303 3504 2175 7726
2584 4093 9128 2176 6383 7121 5999 7120 2614 4116 7403 9483
2585 11248 4728 6730 7208 12239 6846 3268 5536 4851 5215 3659 5433 5939 3979 5924 2933 9836 12508 3307 4328 7158 7529 9628 7663 2203 5958 983 2207 6288 2177 6337 802 9373 4827 6412 7238 6017 8348 6804
2586 6069 7891 2178 4673 10738 3932 7613 2503 6657 12302 7526 2219 1413
2587 4022 3145 6077 4800 7309 7425 7686 6928 181 2180 6471
2588 3728 5150 5924 6549 6795 9470 6623 2181 11651
2589 7444 11965 10889 10653 6899 8041 5015 3769 6489 5410 5320 9515 6278 3273 4255 5446 4256 1318 8706 2182 4525 8455 4317 6272 7346 752 2959
2590 2196 6101 8039 2183 7919 3583
2591 7630 2183 2888 3319 3709 3736 4256 4549 6355 7862 7940 8041 1677 7394
2592 10823 2185 8977 10961 2549 10957 8038 5298
2593 4659 8082 11778 2365 4625 11370 2240 7560 10101 2187 2564 12224 8360 2193
2594 2187 1891 2688 10489 4431 4955 6244 12119 3447 7732 1851 3978
2595 6523 11440 6524 6526 6666 6525 7523 7654 4773 3994 2381 4719 6588 3747 3748 3749 3750 3816 6771 7634 3203 4716 8037 2188 7365 2073 702 10743 6363 5397
2596 7755 5477 1020 1060 7336 2190 12432 6048 1044
2597 2193 3389 4242 5984 5580 11983
2598 11127 6255 1626 8505 662 661 635 2194 2726 6882 1306 5723 12476 7728 227 6149
2599 2196 5889 5980 6375 7482 7993 11704 7588 2829 5390 2261 5638 4437 5556 5621
2600 2200 3129 2370 893 1825 9659 2755
2601 1695 12033 6640 2619 9779 3368 11106 12529 3160 4880 7667 5755 2202 6031 2211 3662
2602 5397 7720 7928 3537 4605 7197 2202 7209
2603 11273 2195 2202 4294 12359 2206
2604 12347 6506 10165 2914 2203 4838 11531 9708 6221
2605 3212 4928 2203 2734 3631 4553 2574 2575 2732 4071 4426 5018 6059 6950 2683 5515 6530
2606 5649 6806 6947 3778 2203 7142 8037
2607 12530 608 9088 2193 9486 3630 10239 10576 12211 2202 2211 5397 3651 3631 5065 7131 5158 9545 2206 2207 7196 7991 7514 2203 5405 6634 12538 10044 5567 552 3324 8736 7556
2608 2205 5478 8164 10641 6004 6934 7430 4501
2609 2205 2212 2215 3345 10908 11175
2610 2206 3631 7989 4445 5904 1851 7829 7057
2611 2548 6549 10422 2206 1032 7388 11851
2612 2721 2206 7374 7758 3685 1423 2635 2202 3103 7993
2613 7027 8211 3536 6563 2273 2207 2816 6941
2614 2209 3109 6388 7595 8212 8809 7444 11558 7749
2615 4138 6328 4440 3145 2209 7444 2684 3689
2616 7662 7994 1698 6539 2209 2901
2617 3124 7939 8152 6341 3294 2211 6311
2618 6374 7869 3216 4649 3212 8742 2211 4887 8033 2544 2847
2619 4902 2933 11848 2213 2556 4444 4624 6375 3355 5584 7499 2892 5072 7600 3144 7769 7077 479
2620 4507 2032 6069 2215 2729 4433 6598
2621 10161 8047 2218 9109 4067 7438 8358
2622 2065 2220 7388 10498 7932 3155 8885
2623 2553 2585 2649 2650 2683 2746 3928 6530 2223 2554 2586 2682 4940 5854
2624 2223 2554 2586 2682 2683 4940 5854 1869 2585 2594 3928 4024 5355 5515 6530 2592 3525 4315 4564 4640 4648 4959 5101 5187 5196 2553 2587 2649 2681 8925 8942 8944 1427 1446 1447 1508 8998 2593 9595 2650 3106 5253
2625 2223 2554 2586 2682 2683 4940 2442 3543 4648 1869 2585 2594 3928 4024 5355 6530 2461 2587 2686 2746 3931 5198 5199 5498 5854 2592 3106 3525 4315 4564 4640 4959 5101 5187 5196 2553 8925 8942 8944 1427 1446 1447 1508 8998 2593 9595 2649 2681 5253 2650 3092 10985 5515
2626 2223 2554 2586 2682 2683 4940 5854 1869 2585 2594 3928 4024 5355 5515 6530
2627 2223 2554 2682 2683 4940 2585 2594 4024 5355 5515 6530 2442 2461 2587 2686 2746 3928 3931 5198 5199 5498 5854 2592 3106 3525 4315 4564 4640 4648 4959 5187 5196 2553 2586 2650 2681 3092 10985
2628 12072 6086 832 2224 5597 582
2629 5570 6573 10241 5514 4952 6576 2226 3092 5519 5521 994 10253
2630 2927 5244 3081 2629 5481 2227
2631 4255 4256 7382 6031 2229 7478
2632 10463 12288 3013 10393 3154 3612 3733 4728 7598 11406 7081 5474 9245 9400 7490 6489 2229 4064
2633 7288 7291 10499 2665 5053 6940 7158 11632 2230 5390 751
2634 2233 2929 5396 3934 5317 5468 5716 12297 4865
2635 6659 11682 1854 2676 2962 1739 5998 7310 11092 1055 10024 11864 12582 3160 3962 9954 10263 10212 4207 11562 6680 5579 12763 2235 11607 5583 6550 11640 6710
2636 4092 4610 8775 1241 9982 9297 9298 2177 5063 6339 7492 8003 1330 7763 7674 3515 4625 2236 2920
2637 2236 6967 7066 11695 5087 5919 2480 3939
2638 1371 7205 2236 4255 5334 7530 9883 2914
2639 3350 2236 2914 5020 5087 9847 394
2640 12740 8057 12305 3314 3319 4607 11441 9892 4255 4256 5411 7057 8071 7616 7673 3324 12117 2248 4365 7430 6415 8905 8810 11296 1525 9077 6627 2967 4674 4799 2238 391
2641 5792 6007 6132 2238 7978 12481 4248 4827 7431 3088 5265 3775
2642 5868 10514 7732 3614 7191 12520 6727 2579 12748 3878 7479 5037 2804 2240 7938
2643 12249 6398 11675 6862 6489 8012 12186 4881 4252 7507 2240 8195 5072 3139 1660 995 1401 5421 8681 2933 5500 7373 9558 12355
2644 9667 5852 6180 2240 3349 5571
2645 5539 10172 3831 4192 5712 6487 7824 9970 5555 2240 6115 7542 11496 11691 12052 6952 10383 6950 1829 6474 6114
2646 10907 3093 11184 6830 7205 7096 3778 5042 3855 4542 5161 5893 7583 4187 4820 12058 12304 9782 3025 4040 4046 4190 4881 11828 7689 1657 2117 6756 8175 5289 5963 6484 7117 3059 6287 2240 5293 6288 7679 10664 2273 5086 6291 2269 3356 4132 2914 5087 2274 2337 2444 2446 2450 7677 5036
2647 6404 2460 7474 2240 6491 7999
2648 7677 9931 12343 2240 4624 5380 6069
2649 3923 6633 4191 8226 2240 4832 5683 5601 5432
2650 10543 4007 6003 2241 2347 1867
2651 11372 4973 6713 6578 7627 2241 1154
2652 2243 9518 9073 7616 2305 9064 2839 9899 4111 1009 10572 5350 8853 2133 10708 2511 8387 655
2653 6002 6086 7993 5893 9618 2153 5901 2243 6474 9284 3173 9997
2654 6168 2245 3604 3673 1139 3254 4387 10620 11299
2655 2248 7430 7661 3847 4111 10408 4380
2656 6893 3204 4923 4929 7430 5047 7044 2248 4108 5190
2657 4689 7284 2249 4913 5281 1401 7500
2658 3059 5769 9923 1631 12230 1632 1640 3718 2258 7341 3112 5229 6385 4883 5903 8018
2659 3268 9952 4007 3324 2259 2362 2996 3642 12031
2660 4518 3711 11379 2261 3304 4056 3145 5750 6863 3493
2661 8653 990 2967 6198 1280 2268 2708 4357 4966 10947
2662 4219 2268 2579 2741 2860 3024 3258 4820 4843 5045 5557 5626 5687 5718 6436 7374 8182 2891 10092 5083
2663 11407 5284 8190 2271 3365 7368 8133 6042
2664 2757 2272 7430 2895 7406 7473 9428 5686 2167 11156 5284
2665 5939 3588 2272 4314 4396 5785 6080 3096
2666 8192 3943 3974 2272 3979 6454 5087 6434 5542 1247 4190 4987
2667 8158 11647 5379 5076 3050 2272
2668 12630 6980 7742 8194 2273 3487 3489 4394 5338 6383 3855 4038 10339 10346 4637 4973 10837 6487 2056 3425 5266
2669 8005 10122 9776 2273 4190 6189 7227 2142 4228 4955 5623
2670 2273 10725 4508 2635 8471 1311 2445 3118 4871 11285 5951 11744 831 278 151
2671 2271 4833 6180 2273 2274 4159 4624 4820
2672 11852 7663 5036 3603 7862 6433 7778 1996 9991 8114 1397 8043 1536 2273 6467 5923 687 8231 5717 9160 2627
2673 8178 5577 5947 5951 11811 2273 3938 6038
2674 5284 6815 4610 7541 4601 2273
2675 9541 2273 5432 6357 6413 3667 5783
2676 11370 10281 6875 4911 6941 7758 12605 9835 10866 2273 3099 6274 7385 7741 7014
2677 2678 5150 6396 11052 2561 3689 11825 12825 1056 2273 7908 2960 7938 8005 8201
2678 11085 2995 11661 2445 2446 3669 3682 3928 5291 5646 6133 1772 4534 1684 1919 7444 2273 9858
2679 2697 4493 12046 12291 12335 8134 3398 12656 4011 2274 5709 11488 5105 10913
2680 6558 4720 2892 4826 4955 6118 6390 6496 6967 7327 7373 7648 8183 8132 6588 2275 3198 5804 6013 7908
2681 2278 2397 2796 3056 750 1722 11531 7009
2682 9389 9349 9839 8179 3946 2278 3320 3634 4267 1975 6660 10557
2683 5515 7219 2975 3214 10785 4920 2279 8177
2684 11152 4534 2195 2811 3493 4076 2281
2685 5841 5858 5859 6595 6596 11130 4967 7568 3994 10789 3737 4526 6057 4091 8106 2283 1981 5556 8030 6575 896 10341 2538 5943 6940 348 8294
2686 2288 2398 2578 3928 1239 2629 8755
2687 5700 6957 6549 11698 7185 12763 7166 2725 5564 6932 7973 5486 11574 7158 7452 4215 6919 11641 10230 6166 7629 8108 2289 5138 1378 6048
2688 2158 4820 6485 2292 3259 3954 9401 9607 7559
2689 4873 4990 6761 1811 4352 2292
2690 2293 2451 5508 9474 1117 8769 9641 3329 3488 5564
2691 2295 2326 1819 4930 2276 2685 4087 2686 2689 5614 1257 2442
2692 6478 3982 6245 2296 2799 3515 8217
2693 9181 9964 7156 2298 3734 6584
2694 3808 5284 654 10773 4834 1419 8837 2300 3170 4182
2695 3737 6172 2301 3327 7770 8037 2378
2696 2756 3040 4817 11529 4670 2301 3292 1066 7720
2697 3946 5712 8009 2892 4251 5291 6129 9185 5950 7172 12622 8002 5562 2173 3173 4054 4259 5898 2302 8283
2698 9011 2303 6915 2240 11095 10589 6062 9908 4327 5717 2337 2453 3139 3696 4434 6378
2699 10405 2306 4509 4657 10459 4330 4542 11367 3434 11618 4654 5923 10430 7776 5595 11420 6831 6304 3978 4449 7589 4746 5118 6501 5319 7637 7109 5284 5381 6229 6523
2700 7442 4444 11833 5436 5570 6342 2309
2701 4904 5027 2312 5878 9906 3376 6557 388
2702 4506 2588 10742 6141 6932 2312 7776
2703 2308 12593 4172 4821 5289 5812 11680 7141 2312 3314 7185 4071 6304 6722 7215 7701 7939 8212 7685 5613 3462
2704 6000 5334 4787 1909 2313 7753 378
2705 5443 5088 2313 2714 1092 834 8605 133
2706 6537 6023 4637 2716 2566 3358 1312 2314 6832 1212 1326 933 257 111 7
2707 3420 2201 2999 2354 4698 2315 9841 7053 9429 3463 2218 1749
2708 7860 12073 12450 6133 2316 4978 5395 5396 3000
2709 6549 2573 6992 9438 2318 2581 4727 9384 2431 933 2930 561 2244 1055 11279 281 752 10482 214 250 258 282 300 130 3173 169 77
2710 10061 2420 1612 2319 4049 8593 1332 4074
2711 4148 10549 3769 2513 9942 2319 3332 5080
2712 4567 5853 2321 4511 4539 4667 9989 10515 5260
2713 2323 2822 4682 7578 1308 2060 3696
2714 9046 5302 2323 5590 2994 7444 2372
2715 2324 4468 4481 9145 2163 7882
2716 10512 4728 7558 4784 5649 2333 9419 5861 3426 1055 12386
2717 12508 3451 2199 11221 11285 11604 7128 4217 12712 5555 4215 6264 7930 10416 5129 11711 2607 4658 7238 8126 2334 5474
2718 3252 11278 1709 2338 2444 2450 2451 3220 5396 7731 5583
2719 6690 11493 7861 4353 5229 9841 6385 4912 3740 1982 5712 5289 6374 7953 7078 3861 4377 5604 3194 2339 3592 5488 6588 824 3404 12071 325 3937 11752 3362 12652 125 4040 10882 2938 10345 5714 5313 4132
2720 2933 9062 6129 6133 3690 2444 2702 2340 7297 2427
2721 4542 6278 939 3655 3672 3642 7090 3853 6483 9077 2341 6698 3148 6701 448 905 991
2722 2342 5050 5224 10642 4580 7482
2723 5192 5244 2344 3143 7720 8286 11959
2724 3529 8132 168 8366 619 10690 2344 2715
2725 2349 2578 2662 754 8933 1460 2090 2756 3163 7533
2726 2351 3160 3341 4229 4623 1731 6581 7094
2727 8214 3261 3410 8679 12164 2352 7289
2728 2309 7141 1494 6288 5573 5903 7600 1641 9770 2353 2951 12601
2729 11918 12269 2361 6334 7550 6294 7373
2730 4434 7451 6374 6815 3558 2361 5037 905 4261
2731 5039 7661 2051 3854 2362 4762 4955 7492
2732 12360 6549 3983 1985 9442 8181 4653 3793 6180 2975 146 2368
2733 7283 5098 6179 7015 5721 2371 10444 8929 10443
2734 7096 3191 7720 2374 6069 8115 56 2135
2735 6578 4507 10992 5598 2239 11034 2396 3963 5155 8205 2375 2833 4455 6600
2736 10877 3438 2645 1987 2379 3486 4825 5595 6336 7864 5824 4318 12090 6456
2737 6832 6890 5763 2380 9879 5171 6819 7017 7453 5377 3005 8930 11348 4189 7672 11067
2738 5042 6195 877 6821 5650 941 4334 640 242 2386 422 2367 3370 3371 245 674 211 212 240 249 250 294 356 464 125
2739 7440 12152 3806 10146 8080 5394 5396 4759 2386 2388 2389 3440 6803
2740 10679 4301 2476 2566 1812 2504 1098 1327 1097 5650 561 718 2388 233 593 258 8257
2741 2735 866 3949 7238 2791 2393 7432
2742 7887 6958 6667 12573 6427 6341 6520 6826 5275 4151 2718 2395 12497 1082 1649 335 2389 125
2743 10318 4513 4537 5562 5572 11379 6448 6784 12176 2395 3315 7862 4368
2744 11910 3477 2395 3475 6141 6611 3450 3452 739 3348
2745 2397 2822 4571 165 650 1130 8906 4683
2746 2397 2491 2992 1342 8949 2551 10450 5501 6564
2747 2209 3056 2491 2397 2629 3082 1136
2748 6440 1988 2397 2491 4562 1154 5171
2749 4817 7201 2397 8612 840 1219 2852 4386 2091 2491 3094 4254 10762 2755 4743 8823 2363 2632 12695 11628 2908 2909 3142 4816 2278 4153 9722 6721 9871 5142 12411 1014 5143 7511 1843 2884 4468 4364 4481 1203 5170 5348 6389 7040 2156 7326 10014 2882
2750 10095 7560 3988 7185 1285 8978 1769 9197 2023 2675 9657 2826 3581 4474 4477 5657 5749 6036 6237 6557 7326 7417 2398 2812 3081 4534 5449 6389 2420 2441 9417 8288 345 6846
2751 5772 4849 2400 3291 5905 1135 10243 12524
2752 2400 2414 2459 2507 861 1306 2317 10348
2753 8114 8127 10528 8109 8129 8128 7964 8085 6044 12646 4493 6542 12223 2932 2934 4226 12756 10117 2758 3191 4728 5888 10748 7654 5744 1989 10420 5760 7452 7720 9598 1950 9375 1951 10497 3214 7444 7558 2401 12688 9586 1534 7467 7492 4777 8727 7725 7932 5463 9406
2754 9113 6531 4674 7007 2402 394 8402 3761
2755 6270 2403 2614 3727 7126 1808 9146 818 2784 2800 3786 7015
2756 2404 3155 4777 4873 7292 7615 8618 10844 5537
2757 6893 6185 9393 896 2404 6795 386
2758 4411 2404 3071 7096 10540 4777 10848 4560 11245 1302 11176
2759 2408 2734 5742 1189 10287 4710 7182
2760 4250 3957 7156 6086 3840 2412 5596 2604 5594 2177 5032 1759 12471 3846 6487 10823 3433 4990 8117
2761 11017 9155 9198 9517 9637 2705 4360 11686 9651 7295 9018 2415 7616 779
2762 4698 4986 5284 3745 2498 3314 10129 4080 11218 2415
2763 8005 2418 2537 5941 6022 7648 1806 2717 2719 2720 10027 5102 10408
2764 4753 7989 10156 4256 5446 2420 9521
2765 6389 3757 4186 7062 3965 2420 3627 4478 11112
2766 5393 5695 6478 6578 2420 2822 4678 3655 287 5864 6061 2184 10801
2767 2420 2559 3522 5258 12231 1498 2091 2458
2768 2422 8156 6787 10190 11272 11084 3714
2769 9525 9496 9526 9495 9497 2423 3570 3571
2770 5859 5975 10623 2427 6057 6510 5696 10361 12339 5677
2771 11204 2371 4621 6843 12812 8137 7270 7616 6790 2428 10843 11612 680
2772 4342 5695 2390 9203 12091 12417 2429
2773 10508 4791 10186 10598 4497 4476 9342 10067 11054 3503 3757 4487 2385 10600 7032 8037 5555 2082 5696 1203 4496 7283 9080 2431 3195
2774 6627 7154 5442 4151 3778 2436 5922
2775 5284 5555 5712 5950 8092 8216 4822 7813 1311 1612 1772 3682 4048 4611 5578 6933 2437 3025 4085 4511 4590 5288 5295 5575 5646 6451 6806 1929 4140 4626 5378 5681 8190
2776 3522 4478 3628 12573 4472 4213 2991 2439 3856 7715 1517 665 8582 2346 3387 2091 3519 3584 7714 287 615 12825
2777 3082 7319 7538 9015 2397 7185 5646 7711 11135 2437 3225 2439 7223 7712 11369 7462 7291 5271
2778 2442 2461 2587 2682 2683 2686 2746 3106 3928 3931 4640 4959 5195 5197 5198 5199 5253 5254 5355 5498 5515 5854 6530 2553 8942 8944 1446 1447 1508 8998 2585 2593 9595 2649 2650 2681
2779 2682 2683 2746 3106 5355 5498 6530 2442 2461 2686 3928 3931 5198 5199 5854
2780 6530 2649 2650 2683 2746 3928 2553 2442 2584 2680 2461 2586 9595 9742 4564 4648 5515 1869 2585 2594 2682 4024 5355 5854 2569
2781 6011 12524 5795 11853 6987 7595 5336 7474 3925 10323 3109 3356 9969 9727 3938 4113 4829 10966 11351 11903 6922 6960 12143 12251 7290 7689 12761 4053 4191 5555 6177 6494 5378 6454 3361 4076 7813 12268 5943 3402 5291 5897 6073 7232 10212 6286 6576 10976 11239 12441 6563 11812 4028 4050 4056 4706 5643 9940 4844 3790 2446 3331 5686 8089 8176 10404 2269 2381 2382 4298 6038 10256 5284
2782 11503 6590 10844 12208 2480 3099 8106 5712 5656 5029 3094 4056 2839 3093 5981 6595 5291 2453 9516 10761 6133 6106 9493 5564 5562 3699
2783 5656 3035 7374 963 1958 2026 170 171 2455 7620
2784 7252 6139 3839 2456 1230 4858
2785 4251 7319 7683 7730 4184 2457 4166
2786 10418 6826 6853 5885 2457 7320 8874 5211
2787 11150 2460 3890 5797 8149 5272 6530 10248 1236 7849 4255
2788 10773 4807 2461 3387 2554 6242 1679
2789 2464 3554 7769 4182 10671 5053 7720 3096 2203
2790 5543 11205 2465 3677 2505 10012 12361 7238
2791 3768 9653 3801 4810 2195 2745 10221 2117 2240 2273 3303 10139 5339 6180 10080 9388 2107 3818 5679 2474 2926 6080 2673 10619 2856 3022 3020 4534 2779 2772 2774 2776 9667 2764 2777 1960 1997 9283 1573 2456 7871 2765 3025 8753
2792 4408 11660 6881 4777 3047 5092 5094 11772 394 11702 7011 8231 2477 5173
2793 5404 11368 11716 4773 6965 2479 5403
2794 12707 6399 7530 6630 2281 12056 1912 2480 4493 2108 5855 6375
2795 11935 7993 5393 11273 6012 2480 2928 10846 5189 3199 7720 7994 3727 5914 11489
2796 11499 12461 2481 4167 4306 5550 8201 6721 5390 7740 2547 3510 7187 6304 8216 7706 3412 7905 10673 7096 3853 6683 4095
2797 2483 3896 4812 5144 9780 9540 7955 3897 7952 4324 7720 10606
2798 5852 3555 2486 3516 8451 10917 2513 2771 2773
2799 6074 11240 5877 12778 8186 2489 6285
2800 1479 1475 2491 2696 3160 4985 4267
2801 3432 9122 3584 3243 2942 2491 2376
2802 5837 1478 1785 2491 2090 3082 3584 1522 2468 7009 8410 760 1136 1467 1486 1498 1614 1716 1730 2288 3056 7071 5244 1054 9353 5646 3928 390 1783
2803 3632 4208 2640 7247 3942 2491
2804 10608 4158 1219 7185 7245 2491 6605
2805 2496 6832 2720 9170 10577 4955 11401 7158 6818
2806 11273 2497 4839 8098 10507 12056
2807 5990 6114 2498 5570 3684 3934 11449 2673 5509 2771 3489 4930 5569 3592 3485 3488 1929 2674 7919 824 783 1578 3402 3475 383
2808 4566 10292 1475 12826 2500 3011 7849
2809 2503 11244 5230 6932 7787 12174 3959 12295
2810 5914 2983 2737 4132 3875 2505 10166
2811 4660 6487 2717 6443 10414 2508 3246 9225 1600 549 11730 2945 3493 4949
2812 10196 6933 4158 11145 8149 2511 3004 7244 8534 8627 9624
2813 4538 4534 2672 9861 10306 2689 5557 5697 6180 9189 2513 7625 7769
2814 2514 2632 2651 3056 6565 8228 651 690 1014 1136 9122 2397 2578 3082 2548 10311 9735 9187 508 1402 8336 3320
2815 2632 2514 2942 2470 3082 3226 3774 5935
2816 7627 3281 2270 6133 2515 4052 5289 5751 8886 5414 11967
2817 2518 4527 6016 1411 9473 7519 9131 4694 2857 5610 6114 8235
2818 7385 12226 7800 3860 4560 2519 8124 12390
2819 4866 4184 5018 5086 4135 4251 6151 2519 5037 11753 12618
2820 12191 1231 2519 2701 2702 2705 2787 5040 5606 7480 2706 9836 2082 3302 3736
2821 2523 4331 5839 2892 2211 8274 619
2822 4609 4916 4716 7905 2524 1653
2823 2525 8018 9605 1814 8125 5819 1105 5898 3934
2824 5919 7208 11343 12273 10311 2527
2825 4507 8069 10844 1545 2530 9748 8545 2797 12274
2826 2530 3516 5564 2026 4910 5685 6923
2827 12285 7731 11254 4439 7240 9885 8146 2531 4824 7303
2828 4970 6534 11736 9568 8829 2532 5100 9195 1181 1184
2829 2534 2535 2556 8424 891 1639 8734 1859
2830 4858 4105 2361 6390 2536 4332
2831 5074 8132 5069 5070 5072 3664 5067 5068 6198 7435 3372 4102 7238 7770 10108 10859 12463 8005 6290 6797 2539 2660 4222 2534 3064 4547 6824 2572 4205 8777 2210 8101 9947 420
2832 4436 2540 3577 3640 1448 7583 1318 7303
2833 7777 7221 3755 4669 2541 3511 3696 4680 7062 9338 2136 7514 7577 5674 9537 6832 1077 1005 7002 3145 706 881 12315
2834 8037 2542 2584 8834 12046 4348 5575 709 4446
2835 10013 5710 4463 5380 6548 2548 4267 3865 7065 6726 3989 11590
2836 7474 7819 2550 7595 4750 11716 345
2837 3622 3204 5320 1601 2551 8164 11043 5550 6868 7384 4365 12363 2167 3616 3666 4769 5965 9269 10584 6485
2838 3568 5233 4413 4770 5237 7724 2551 7639 6941
2839 5555 8009 10612 6440 6490 2685 2556 2694 3938 4621 4955 5604 2513 9261 9690 2836 3486 10551 5993 11581 6180 6198 7769 7770 12611 7987 8213
2840 4955 8005 2556 1851 4952 5396 3326 7087 9689
2841 11512 4190 5243 5284 5289 2569 3691 5077 2556 3362 6513 7720
2842 3957 4090 4914 11542 6113 3998 12725 11543 11318 10517 9327 2188 2892 5287 6776 11938 2556
2843 8510 2681 5515 945 1409 2276 2556
2844 5981 10755 12362 6800 6044 7690 1989 10158 8135 2556 9524 3771
2845 11626 7583 4728 4272 4684 5869 5870 2558 3696 4539 4163 4679 11419 7588 8033 5562 4290 2557 4675
2846 7783 7937 8092 10364 3322 7720 7871 2557 7400 613 10263 6318 10334 3531
2847 3629 11705 6776 10865 2560 8741 7634
2848 5995 9296 7222 12201 12556 2562
2849 3855 4294 4728 5397 7644 9736 4605 7862 3748 2606 11597 3487 3657 3112 3493 2564 2855 3486
2850 6003 6023 4131 1906 1911 2011 2566 3001 4669 1371 2717 2313 213
2851 6959 6341 6520 5088 6860 11894 3980 2622 5127 2567 2055 700 258
2852 10197 4392 6970 5433 8183 4618 5073 11955 10873 11637 4240 5120 2571 4825 6198 8113
2853 6069 4605 2574 11296 2653 4169 9813 4799 3077
2854 4275 2888 9698 4378 2577 2672 3907 10375
2855 1023 8232 2578 2632 3928 529 536 1147 8891 9107 2491 10354 11143 7438
2856 12585 11582 6630 2578 4870 5464 10930 3778
2857 2579 2866 7650 7763 9581 3925 5580
2858 10064 2580 5288 5675 6206 3355 6288 1401 5601
2859 6301 2581 3685 983 3362 3470 3314 12426 6002
2860 2585 2649 2650 2683 2746 3928 6530 2553 2442 2461 2584 2586 9595 2680 9742 4564 4648 1869 2587 2594 2682 2686 3931 4024 5198 5199 5355 5498 5854 2592 3106 3525 4315 4640 4959 5187 5196 8925 8942 8944 1427 1446 1447 1508 8998 2593 2681 5253 5515 3092 10985
2861 2585 2649 2650 2683 2746 3928 6530 2553 2442 2461 2584 2586 9595 2680 9742 4564 4648 5515 2681
2862 2590 4063 4498 4511 5397 5871 1426 2181 9465 2638 2918 8226
2863 2585 2553 2649 2650 2683 2746 3928 6530 1869 2594 2682 4024 5355 5854 5196 5187 2592 3106 3525 4315 4564 4648 4959 2587 2681 8925 8942 8944 1446 1508 8998 9595 5515 2586 3092 10985
2864 3320 2596 6071 3146 1498 1713 2629
2865 3312 2598 4044 3346 3370 3371 8079
2866 11885 2603 4436 7022 6437 3110 5583 5842
2867 4807 2604 2605 2745 1177 6721
2868 2604 3022 5284 5555 9468 4534
2869 5450 7156 7239 755 9850 3094 3783 5760 9860 4220 4221 2604 5748 2736
2870 10619 2615 3101 3431 7539 7768 4920 11432 6038
2871 9787 1209 6080 11697 907 9784 3384 2619 2987 6548 336 7424
2872 2619 4384 9620 5605 6081 9282 10264 5972 9765 990
2873 3637 2620 3636 4232 3389 4210 10828
2874 5789 6723 11059 12770 4152 10586 8165 12416 12680 5415 2843 2621 3303 3426 10154 454
2875 3637 10460 10455 2822 10678 6589 3903 6242 2622 5550 6687 5945 3696
2876 5184 3856 4807 12414 12542 3238 2629
2877 2630 3578 5134 1167 1624 6043 7012 7317
2878 2933 2631 3363 3365 4801 6395 6667 8704 3933 4781 6710
2879 6151 11113 3813 3949 3855 11209 5844 3629 3723 2513 6932 3155 5552 2635 4872 9782 10624 9287 6123 6684 10125 6376 4794 10855 4837
2880 2637 2839 7990 4345 2194 2291 2292 2293 2606 2933 3537 4746 7939
2881 6181 7451 12493 8535 2611 4557 2638 5261
2882 2640 6262 5391 6085 11104 6392 3749 11713
2883 7661 10731 5908 12551 2396 8438 2640 5871 6868
2884 5357 2709 2641 2642 2643 2644 7438 8689
2885 5255 5676 3594 7939 2644 9619 2641 2903
2886 2642 4612 5813 9958 12503 8935 5129
2887 3654 3850 11232 6576 3468 3825 4692 4848 5005 8955 10668 1646 9061 10881 2646
2888 532 2650 6956 665 1522 3056 5611 1283 2992 3928 4486
2889 7009 10398 2651 3108 3486 4122 6530 3584 5646 2772 4920
2890 6735 6161 5833 4767 4697 2653 4636 7078 234
2891 12834 2657 5761 8077 10492 1928 6434
2892 10923 9376 9340 10537 5972 6898 2657 6467 7156
2893 9280 4022 4035 6503 2665 3447 4075 7877 4873 7826 8044 6125 4827 5341 6184 7452 7484 7994 3458 2489 4102 11480 3918 6934
2894 3631 2668 3082 3928 2458 3523 6242 3240 4185 2639 11538
2895 2668 3401 4184 5194 2039 10637 10725
2896 2671 3403 2673 817 10118 3488 3778 5500
2897 5578 9595 10893 1636 9868 2672 2770 2772 5024 2992
2898 9665 9670 10831 11194 7283 7531 2674 4202 4842
2899 6563 5712 7682 4886 8898 4191 6129 2679 6133 1311 4053 5291 8065 3402 1244 627 9262 5951
2900 6086 7554 5289 3526 2975 6043 2681 4371 5511
2901 8556 11591 2683 5324 7848 1154 1236 1315 3422 4267
2902 4739 5564 5795 10799 5556 4298 10323 2684 4944 6530 12184 11145 8797 3890 10442 3168 4252
2903 3345 7969 2688 533 58 8241
2904 3242 10142 10143 3855 5572 5576 7999 8190 2689 2326 1987 5562 3669 4087 4088 4318
2905 6703 6652 3159 3975 9052 3614 3615 2689 1695 4037 1696
2906 4591 6742 3611 6894 2693 5778 7728 3205 7451 4955 1232 3345 12018 12015
2907 2694 5572 4881 5980 12388 8037 12842 3934 9454 5562 5852 1223 3731 3681 1411 2708 4515 4633 11130 2054 5571 10852
2908 7343 7624 5604 6043 6950 1134 3047 4825 8592 2698
2909 4979 11877 5637 7250 4901 2698 4605 1379
2910 7547 5644 2704 2701 2703 2705 12326 9637
2911 12701 5698 4953 12613 9963 7733 2829 2702 2705 2707 1859 9166 5717
2912 12464 2702 6113 7295 7669 779 2705 12779 2707 2703 9637
2913 3441 2275 2692 2708 3934 4152 10143 12509 5680 2686
2914 6114 2978 1465 1929 2312 2933 6409 6451 6485 824 2054 2268 2450 10255 4661 6541 2708 2975 5939 6004
2915 4255 11637 4248 10806 3850 5663 7779 4256 2708 5288 4511
2916 5676 5968 6191 2708 1117 8929 3170 5812
2917 10206 7060 7877 5054 2710 7770 2921 7194 7823 4856 6466 9977
2918 4820 4821 7793 11348 5194 5435 6289 8082 3973 6313 7634 4700 3355 2711 2713
2919 6319 6320 3033 7616 3022 10760 2712 190
2920 7769 7770 3749 6340 6452 6491 6707 7999 2715
2921 2715 6821 6829 1050 1096 560 253
2922 5291 2716 3020 5508 9934 8106
2923 8018 6748 4787 2720 3925 1903 2717 2608
2924 12351 2720 1908 1915 2566 2014 7580 2717 6195 8864 368
2925 7939 6429 2718 2011 6825 252 7641
2926 5088 3470 2718 1643 2312 254 4013
2927 2719 2951 6322 4191 1400 3955 4995
2928 7102 2519 708 8099 2720 6216
2929 7135 6025 4513 4896 3275 2720 3779 2569 2066 1316 1049
2930 2724 5157 6114 7055 9917 6912 5519 6192 6046
2931 2728 3036 4425 2888 5092 11043
2932 8037 8223 5700 5638 9918 2728 3482 11067
2933 3979 2696 8037 2732 2734 4159 4160 5379 6530 6564 4627 5317 5316 6898
2934 3706 8840 8843 1536 11022 5477 5846 2733 7700 9556
2935 898 3991 5550 7501 3033 2092 12721 2733 4425 7412
2936 6250 2737 6251 7055 11180 7438
2937 4005 11843 11940 11755 6141 8852 2738 4491 5973 6743
2938 2739 3037 4158 5470 5718 5910 6921 7394 5429 1517 3092 7320 3768
2939 3079 9597 10022 5993 2742 9895 4435 4255 4256 9843 3844 2054
2940 3059 3628 9344 4693 646 11377 2745 7444
2941 4037 11512 5841 6489 11816 6575 8049 1756 5686 4002 7452 2747 3021 5127 4744 7784
2942 3268 8130 11904 11947 5269 7546 3249 2747 3033 3493 5892
2943 9634 6070 7065 9301 2747 4969 4970
2944 5950 3096 2749 4182 5628 5786 7011 9148
2945 3411 3871 6169 3112 4219 6372 2751 5089 6631 7365 7674 7848 8227 8626
2946 4355 6225 4910 6788 7106 1734 2224 3522 4466 4469 4482 2826 2753
2947 5261 5393 1230 2163 2755 4515
2948 9814 3082 2755 4686 6635 1123 1614
2949 9273 4005 4646 6588 2762 4040 6579 7407
2950 5820 5150 6356 5005 9096 3092 11451 2768 5991 738 9212
2951 3931 12221 3108 3160 3808 10188 6180 5284 6172 2769
2952 3487 3488 2770 2773 3489 3490 4534 6642 748 1987
2953 5617 11690 2654 2770 2774 4888 5793
2954 12450 7646 3632 7208 1515 3204 5687 2775 2771 3838
2955 4534 2773 2776 3768 6374 3102 3720 4798 5094 5288 5396 5712 7444 7876 8156 8236 2689 10759 5791 7283 2867 4442 11560 8653 2696 2070 2640 10092 4172 5674 5823
2956 2967 2975 3681 3785 2775 2966 6177
2957 644 8979 4462 9268 10945 5388 5948 2777 3048 5571 2556 1069 1573 1577 2240 2764 9666 10371 11189 8195 10156 4054 5236 5991 4203 2780
2958 7013 785 2780 4255 1411 2770 2773 10558 6129 6931 3173 8585 2674 2775 10143 3877 4534
2959 4190 5289 6441 2227 6060 1016 8083 7052 5471 2785
2960 7993 3542 12694 8005 2697 2789 3785
2961 6597 5857 6595 5843 7466 3477 6269 2790 3234 3476
2962 3556 2791 4150 4255 5601 6514 7084 7812 6711 5477 6026 6464
2963 6105 2792 3544 5406 7745 9382 12383 1132 5638
2964 7363 4352 7875 7287 4967 12687 11624 4021 8988 11044 7786 1047 5824 9049 4969 7966 5050 5883 7139 2793
2965 2797 3935 5260 5515 5521 10187 6487 8820 6739 1072 1612 1634 1726 1959 1975 2273 2404 4184 4920 5318 6177 6451 6494 6574 7813 8063 1222 2689 5289 3320 5564 7118 7993 2771 10450 6795
2966 10946 3742 6700 6341 2797 11783 8961 5679 12047
2967 7160 12711 2799 4901 4902 1805 3939 11419 6844 5604
2968 10261 2802 6732 7635 7847 8219 2801 4146 9137 11259 9687 11258
2969 7046 3674 11640 2803 866 5076
2970 9390 5037 6783 8095 6491 5803 2805 3710 4357 10602 5369 11025
2971 10930 11162 6339 7053 3570 11401 2818 3745 3963 7313 7965 12039 3456
2972 2819 3050 4616 3744 4186 11818
2973 11702 8571 310 928 9019 9133 3493 4113 564 8994 1508 1755 9295 2580 2987 9874 3401 4623 4833 4920 5288 5564 5604 6286 11753 6485 6702 7052 7770 8164 6461 9655 5379 1611 7199 326 6688 2404 3160 7491 7501 2820 4237
2974 6112 5549 7265 2822 2871 6242
2975 10403 7138 2823 4255 4256 6291 6701 6710 3945 4089 5184 7582 9305 1136 8845 1559 2397 2491 10030 3947 8806
2976 7782 9713 8934 5113 5886 9579 12087 2828 6990 10133 3276 11007 11769 2233
2977 7955 5854 4124 5284 2830 3149 4728 2933
2978 8083 12039 7314 2832 3963 9864 7720 12832
2979 5772 5684 8065 11977 7277 4940 6490 6385 6480 6288 7999 12252 2128 2268 9413 9438 4057 5595 5681 6206 4513 2839
2980 2840 3528 3761 5453 3986 6944 9731 11521 4420 5470 8428 5288 2025
2981 2841 3552 10973 4763 3561 9427 7693 11921 11810
2982 12620 5073 5859 4511 3160 8203 2274 2449 9516 7030 4940 4952 12455 8783 5068 2842 4493 5604 1456 4145 5314 7092 1859 1304
2983 7874 5577 5854 5284 6180 5571 4240 11865 12620 11476 7545 5157 6542 4993 2843 4666
2984 10084 2728 9757 6917 10494 4111 7250 2843
2985 8164 10837 5700 3966 5053 8104 8216 3773 2843 2282 8143
2986 2852 3103 3940 4255 4868 2867 12664 11651 4598 6564 4821 7065 7935 9173 10751
2987 2573 2852 3081 3082 11147 2668
2988 3928 4153 10451 3387 5504 2662 2853
2989 2165 2166 10074 2854 7008 7191 12340
2990 6225 10663 2856 6133 7993 5852 4255 6341 7618 8924
2991 6585 4207 2858 2886 11650 7531 4323 9980 5894 7413
2992 2861 5384 6134 7482 10712 7250
2993 8054 4440 8183 7508 8109 2861
2994 7434 8029 7776 7657 3487 5736 5785 2862
2995 4747 2868 2952 5925 6141 6579 12635
2996 12829 4395 5558 5511 2869 7587 4042 8500 662
2997 3280 4469 4487 4476 4496 4485 4470 2871 10676 4185 9565 4361 1152 10516 1526 10014 3849 2096 2559
2998 10762 4301 3122 7040 7444 2871 12279 4496 5654 12545 5997 2651 9325 9432 2458
2999 2874 4855 6603 7223 3163 1173 1684 4693
3000 2876 4296 3502 5421 8497 1336 3446 10554 4552
3001 2877 7279 7505 10495 5856 6605 6944
3002 7096 2878 3994 6045 6748 12713 8429 9292 6522 12090 685 2485 8218
3003 5617 5127 1726 9296 7199 10270 4012 2203 2881 9357 2206
3004 2458 2553 1883 3521 3757 4186 2884 3223 3628 4469
3005 6522 8106 6523 6299 3504 6795 9936 3548 7670 5850 12446 10244 5165 2886 10080 3004 11424 9443 5393 7993 4030 5158 4525 751 5709
3006 3488 2886 4203 6180 2975 3493 8720 4370 5036 7444 7272
3007 10680 2888 5307 4116 4624 7125 6194
3008 4776 7900 10143 4825 5576 11153 4938 2890 6769 6771 6772
3009 11232 10433 6148 3066 5758 2891 3394
3010 2892 4865 6198 2556 4825 9540 11087
3011 4489 5037 7174 2895 3684 5569 6680 7274 5509 3877 4920 6921 2830 11516 7319 8869 1275 9320 9726 6524 4374 10861 5435 7392 8101 8318 2088 2689 4732
3012 6198 4759 6970 7446 6772 5157 7508 6280 4139 6232 2898 3307 7432 7891
3013 4681 4328 9604 5082 11397 4129 2039 10679 5726 409 9888 7283 4827 11553 2903 7767
3014 1630 10453 6153 2904 3080 7561
3015 2907 2960 3205 5540 5543 6852 7024 7218 7065 7365 7452 5464 2019 10552 9250 2165 2167 2194 10007 10183 4255 4494 4605 5085 5086 5217 6462 6482 6932 8077 9405 2606 2737 5064 5158 7939 9267 3489 6149 8048
3016 3796 2908 6180 4534 8171 11130 5759 12306
3017 6815 3362 4206 1355 12242 3850 2910 6461
3018 5024 6455 6925 2912 11809 11081 8628 2057 4504 7724
3019 4495 12044 10649 6789 8008 8038 3496 5521 2829 7331 2913 6111 4728 7720
3020 3979 4174 7723 2914 3888 3976 4095 4150 5085 6587 3311 5046 6729 9573
3021 12397 12802 6726 3980 2914 5053 6845 5742 6075
3022 2236 9560 7500 5086 3118 2914 4703 5087 3084 8774 4084 12124
3023 3470 7993 6527 2914 3159 7205 7666 3007 2983 5065 1930 9782 10796 7620
3024 5564 6530 2914 8818 6042 8005
3025 6963 3799 1547 3324 5656 3739 2915
3026 2918 3685 4753 5871 8307 2747 4493 4955 6937
3027 7616 2920 7993 743 3084 11630 3090 4313 7522 6328
3028 2923 6190 6855 6652 5751 11897 6238 3521 4466 4467 9368 2174 4264 11402 5636 7412 10889 3993 8221 6501 4243 7488 5597 11819 4981 10134 492 544 729 2924 10858 12343
3029 6780 4365 8046 6760 6485 2924 4814 4885 2030 6106 736
3030 5925 7939 2924 6974 10013 6698
3031 11949 8168 4654 5029 2924 6860 1812 5511 6326 6486 5564 2848 11200 7470 293 284 6
3032 7144 8216 6667 4787 4788 3330 2010 2569 1385 1050 1181 1184 1089 2930
3033 5787 2989 4941 10904 11831 3592 2933 3486 8585 552
3034 8664 972 973 9756 2937 3486 4135 4138
3035 3561 5930 12438 4490 3145 2939 1340
3036 2940 11375 3027 3717 8376 9706 5288 5759
3037 7585 7939 6549 2943 6330 7654 7765
3038 2943 3184 3204 3759 4517 5234 5388 5518 6396 5441 6923 7654 5042 6630 9358 12467
3039 3942 7749 4709 2948 5124 9883 1154 12056 2080 10332 5037 4159 10956 5555 8037 191 7674 1975 3060 4203 6625 7054
3040 7070 12664 6704 4111 2233 9012 12203 9810 3145 11335 11469 5888 5891 7388 2949 5401 5809 6427 3991 10586 8913 10382 6651
3041 6749 8195 4240 8003 2963 2951 4914
3042 2955 5816 6039 8791 9480 9638 10212 288 479 8644 1754 2556 2598 2960 3196 5291 5586 5939 6132 6932 7720 8133
3043 4035 12570 2747 2957 3131 7458 5096
3044 6484 2960 6287 7731 8016 7848 4512 10805 734 5133 5255 5378 11705
3045 11371 3849 4127 1411 4091 2960 3934 3935 3938
3046 5209 7350 2964 4997 1631 1632 12060 7319 2243
3047 3937 2967 5508 5563 6178 10273 10307 6169 11840
3048 11301 11678 4123 4253 5940 6485 12627 1144 4820 11374 5944 2967 3935 4158 4639 5511 11319 9013
3049 6993 2970 3145 3250 4194 5125 6137 7351 5649 6981 12112 7872
3050 2628 6968 3778 2971 7871 8292
3051 2822 4476 7062 2972 10046 7326 3523 6635
3052 3312 4654 5288 5318 2973 3696 3697 4683 4685 6242 7888 5014 8213
3053 6133 2975 4850 5712 10394 11908 5175 11226 3444 3527 4190 5510
3054 4534 5378 5526 1154 2593 9938 5284 5712 2975
3055 11411 6745 6784 9374 2975 3864 3919 4832 6824
3056 3582 2619 4728 11918 2975 4633
3057 10017 9740 3206 7615 2978 2756 9377 7272
3058 2983 7109 3320 1278 8175 4945 7095
3059 3942 4208 5610 8104 4829 5411 2987 3897 5656
3060 4519 2992 3037 3685 3081 2688 6919 7291 7366
3061 7656 2996 10063 7720 3685 7197
3062 4861 4930 5614 10894 11711 6086 5290 3002 4065 4807 2662 2668
3063 5577 5247 5614 7272 5570 5576 9511 5192 7103 12183 7157 4807 6283 7444 5141 4534 3002 5072
3064 3015 7867 8132 3104 12369 975
3065 3068 10012 3982 3017 6047 8394 8204
3066 6898 10174 7823 7833 1930 7096 3022
3067 11619 3367 8111 3023 8403 5724
3068 7850 4342 10274 4957 6081 3024 11798
3069 7114 6092 4751 3025 2204 7204 3937
3070 5393 3682 5562 7862 4143 3027 3439 6507 6548 5284 2338 4664 7837 8876 10439 5511 5949 4519 2559
3071 6030 7811 11356 7724 11376 3743 10831 7182 3028
3072 5248 3029 7899 7009 1568 2398 10032 4652
3073 3030 5748 6910 7239 473 475 476 8427 5738
3074 4693 7075 7150 3030 6032 7444 3096 5012 5248 7119 7720
3075 7185 7577 1478 9340 9376 2491 2699 3928 5646 3030 4298 5396 5638 8125 552 2996 12411
3076 3036 6460 7567 4430 6644 6796
3077 3037 4528 7009 1880 2468 3082 7245 9514
3078 3038 3969 4955 3398 726 5067
3079 7329 5999 4440 8081 6404 7138 11800 3371 3370 8207 3346 11805 10082 4409 10979 7874 5266 10217 7197 7204 11828 11033 5586 3039 7672 8175 6509 12395 6930
3080 3041 3851 6690 8259 8325 587 10220 11211
3081 6131 6149 6373 3872 2135 11041 10055 4117 3046 12843 1265 3970
3082 5649 3047 1829 2362 4091 5284 7862 8065 6485 5082 4248 4832 5289 8221 10783
3083 3872 10826 3047 3133 4497 5506 3253 4816
3084 7980 3129 3049 8763 3563 11125 5942
3085 3567 4534 3798 4202 7519 2117 5564 3986 10142 7435 3051 9105 1774
3086 6419 3053 4935 12682 11876 11072
3087 7622 5959 3974 4007 5025 10245 3054 1050 9045
3088 5924 5284 4734 3925 3059 4056 10305 10265 5744
3089 5419 3979 3063 3066 2614 6341 6559 6232 11982 3345 7720 10882 6318
3090 4724 4278 9118 3401 5135 3065
3091 7470 5068 5072 6757 4822 4939 5069 7780 3784 6452 5028 4005 5156 3065 3138 3139 8132 7765 3437 9358 10623 11466 6020 3866 5073 11465 11930 1159 5778 3292 3584 4303 1954 2640 12567
3092 4754 8037 4501 4234 1515 3067 983 5658 3782
3093 7599 3734 5926 3930 3069 10991 5864 7468
3094 7663 3072 4845 10730 11238 7801 9911 6230 3048
3095 5236 3073 9855 4582 2276 1411 3796 4281 6180 5363 751 3150 5593 3938 8083 9639 3493 1737 2471 3488 3490 3764 5510
3096 3074 5775 4749 5168 12141 4045 6487 5687 12060 8392 8603 6530 12522 6651
3097 5750 3075 6999 1426 3582 12360 9077
3098 12332 2951 3647 4511 5244 5417 3081 5646
3099 8611 6192 5901 4926 10790 5226 3085
3100 10944 12497 8019 7447 6630 12656 7609 11846 5889 4240 3086 1642 3933 2117 10033 7600 5464 6198 11778 9356 8644 9926 2914
3101 6594 3953 11675 5302 5414 5656 6939 3162 3087
3102 6600 7594 7173 3088 3207 3925 4734 7612 11006 3642 4929 3588 4646 3620 6040 756 2082 7420 483 7158
3103 4365 7769 4976 3092 6564 7503
3104 4701 8056 3897 3998 7227 7959 12672 8030 7955 3675 3095 1727
3105 2431 9503 2553 7882 8196 3096 5180 9969 3752
3106 10197 3099 4941 5899 7648 6512 2259 3198 4805 6155 1253 10721 6970 7248 10108 1413 2556 5981 7432 2209 5564 1892 9973 4144 2931 3339 3372
3107 11683 3103 4271 7196 5565 4030
3108 3105 3323 8773 1412 3673 6675 5712 11972 11457 2632 6223 3473 9316
3109 4263 7068 7087 1043 4256 11840 12650 3107 3735 3752 6370 12319 4983 7158 7492
3110 4558 3108 4104 5354 6339 6374 4514 3149 2614 4255 5700
3111 3108 5123 5685 7214 7862 8103 468 1425 12435
3112 5799 5800 12214 9175 3109 3835 4739 4750 5465 5970 7474 7795 1045 9264 3291 10310 5404 11145 12187 12487 1162 12485 8796
3113 3955 6320 8077 3405 7939 9557 8030 3109 4750
3114 4858 2975 4833 6133 3118 9982 5562 5563 6129 5709 4844 4834 3231 5614 8929 3112
3115 5143 3385 6013 3113 3435 4559
3116 5841 4626 5842 7118 3113 8189
3117 3745 4255 11131 580 8486 11710 4920 762 990 1222 4253 2272 8824 3114 3937
3118 3118 6447 4212 2132 7442 11450 11960 7186 9882 9937 12095
3119 5851 3923 5681 4320 5986 5853 3118 9897 2580 7927 11557 3930 1657 1641 178
3120 3118 3845 5284 7899 2444 2447 2449 3363 6783
3121 7283 3120 7197 7204 11383 7625 8032 7432
3122 3123 6092 11925 8218 5616 4483 8769 8991 5092
3123 10995 4255 5042 7583 3979 3124 10538 10539
3124 7069 7230 4518 8177 3908 3125 10130
3125 10459 5029 7337 4064 2732 4028 3125 5529
3126 3573 4068 5054 5174 5336 7181 11623 3126 7080 350 7468
3127 5449 10767 3129 4469 7245 5636 10365 4481 12050
3128 3129 3427 4476 4497 4481 1897 3168 3503 4478
3129 3129 3524 3689 1134 1651 3685
3130 5910 9520 2458 3129 3757 4213 4487 4496 3548 3467 5170 12231 3848 7185
3131 3130 7619 6781 6400 6554 7847
3132 6180 5993 5854 7128 5245 5578 6361 12020 4851 3768 5575 7761 8106 8178 2447 5500 7472 5598 3872 3135 5683 5982 3349 3487 3488 7174 1993 12512 2273 10339 4489 5037 2696 4561 10934 5599 6483 8065 11238 5605 4251 6932 3935 5901 7068
3133 4294 3137 4984 7552 7720 12299 7338
3134 3139 4869 5073 5147 3385 3723 5070 7158 7930 7600 6629 4601 8940
3135 6172 6746 6968 3762 7264 2290 4914 5855 8005 3144 2291 11446 6280
3136 7123 12571 4554 11936 5140 6866 6918 10988 10777 10791 4859 5424 3144 4874 2778 3598 2395 3406 7380
3137 4556 6199 3145 4372 4795 12322 7686
3138 4226 2606 9974 3145 3895 7540
3139 6937 6936 10385 3145 3797 4133 7127 3324
3140 5486 8164 3145 5390 6536 7986
3141 6863 8168 8108 12768 11914 6310 12726 7914 6102 11871 4226 5993 12454 12765 5455 3486 3489 3150 5950
3142 3153 10031 4302 9919 9889 4428
3143 5042 3727 8920 2737 5396 3156 4889
3144 11675 7650 10898 6307 5419 7592 11897 6652 12330 4666 5215 6702 1200 997 11177 2295 5854 3158 8077
3145 4131 5597 7939 8037 3159 4255 7303 2943
3146 5941 3160 3336 4057 4853 5085 5903 6530 12559
3147 7981 12632 12843 8232 6412 12396 10891 12289 12569 7918 8231 4892 6242 7031 4563 3161 6565 5322 12107 6388 7185 12695 7994 7995 4848 12197 4639 6369 3390 5171 6386 6966 6967 7363 7973 7392 12326 3996 3526 3527 10751 11046 5323 5324 11601 7201 3391 4804 7982 3575 5633 6128 7293 10321 10565 6950 11214 10401 11201 11202 6081 7224 7394 7391 5565 7176 7875
3148 7474 8149 1155 8799 4191 3342 12832 9072 9185 2964 10803 2460 9574 5797 963 3916 6554 5131 3166 3934 4308 4882 5149 10258 8345
3149 3319 3577 6630 7155 3175 4208 5284 2747 12538 7332 7915 5583 12372 12539 7618 4847 5549
3150 3584 3664 8950 1478 2090 3176
3151 5889 7096 7234 6707 11910 6261 3571 6978 7152 5659 12081 5694 5893 10968 11351 6922 3973 5608 12691 12048 4377 6028 5413 6578 6945 3177
3152 6350 5157 5105 4493 3190 4144 9410 7609
3153 7644 2779 6133 4930 4434 6824 4489 2204 10458 5284 3191 3970 2519 3691 2634 2963 3326 4534 6481
3154 12045 3193 8024 10953 6035 6907 5093 3885 6268 5390 8229 6601
3155 3925 4816 3362 5320 3199 6451 5993 2513 5316 6461 3486 5379
3156 5031 11744 8042 3804 10092 6051 7538 7094 5481 6470 3199 9711 6751 10932
3157 3203 4288 7982 8231 2316 3423 5356
3158 2210 5150 2062 3205 3573 5153
3159 11327 3973 1937 6655 1426 248 249 2387 176 3205 6069 7090
3160 5150 7720 6632 4370 5036 5546 5595 11523 4518 10795 5064 6069 6281 4359 4130 4613 6940 7065 3208 2681 4158 2292 9913 4844 5289 5475 5709 11972 2274 5712
3161 11866 5567 8046 2818 11721 7255 3212 7645
3162 3213 5731 5732 5736 11297 5734 10124
3163 9936 3824 7303 8200 2747 8524 1989 9411 3091 3504 6361 8344 3219 4493
3164 6625 7436 7803 4005 3220 4365 5224 386 1668
3165 3221 8790 9033 8161 5934 647
3166 3696 6242 3226 9604 4571 2059
3167 2275 9547 2542 10987 5564 3228 5039 7111 1310
3168 3229 6385 1936 5467 7238 8037 8009
3169 5578 7483 3230 2259 2688 5564 7388 9237
3170 6180 1149 3230 3313 3315 2274
3171 3236 4171 4747 5402 5404 1241 7595
3172 3239 6357 3798 4159 5681 6594 7673 871 2967 5284
3173 3306 5374 12744 6360 3240 7245 6303 7689 5696 2631 7283 7649
3174 7079 11391 11518 12068 12185 12678 3241 4053 6665
3175 2575 3163 9644 8037 5495 3242 4584 3615 4844 4884 7374 3944 3614 10555 10294 11774
3176 5274 5276 1302 4198 4199 3251
3177 4153 3734 10447 10451 3253 4254 4499 3738 3783 4650 2634 2382
3178 5419 5481 4624 10366 5029 4872 6440 5053 4144 10155 2937 10936 4728 7616 3262 4814 10438 6204 6564 3691 7692 12118 10078 4440 9693 5480 2075 790 12242 7081 2072 8635 7513 3677 10128 12729
3179 3269 3270 4568 5134 5564 6932 4256 5993 6232 6400
3180 3271 10100 4231 5430 4043 4046
3181 5967 7264 2273 9726 1958 3488 3275
3182 12807 10924 2740 4237 6969 3277 6796
3183 3281 739 3485 3487 11339 7990
3184 11703 6363 3283 4947 7765 12797
3185 617 618 3624 3240 4487 5987 2696 4213 4476 3288 3840
3186 3289 3413 5186 9817 835 8874 5672
3187 6782 10404 4765 10406 3291 9557 5515 5389 10703
3188 4511 6724 11834 5572 8146 11124 6402 3685 8164 5044 3297 6079
3189 8193 6326 2967 3118 3300 1230 577 898
3190 3939 5618 3301 5941 9129 9513 3989 4150 4531 5638 7871 8580 904 1018 4149
3191 7345 3984 3301 10963 7720 6623 5736 7375
3192 5910 12139 4056 3302 3486 7684 2966
3193 2765 5961 4456 10662 4744 11264 5990 11888 12084 6989 3303 4464 4514 4677 4856 5706 6121 6123 6127 6857 8208 8474 8926 10223
3194 4169 4262 10858 10972 5293 11745 12172 4973 5379 5491 5604 11325 6461 11778 6525 11816 3306 3769 3788 3949 4405 4520 5121 5635 5745 6765 7100 7146 7310 3307 4042 4047 4126 10404 4379 4633 4774 5284 5291 11108 5410 5610 11330 11419 5947 5980 5981 6225 6384 6484 6485 11815 11856 6700 6780 12311 12382 7519 7833 8000 12783 5140 6291 7053 7365 11194 7205 7208 5890 11972 7834 8012 3494 6119 4586 6028 5508 6207 6355 7716 8028
3195 4037 6587 5215 7205 3308 7208 5086
3196 11030 9367 5404 3311 4032 5336 1577 2472 10323 12614
3197 9713 6522 6999 7205 12777 3314 4542 5727 7299 4870
3198 3314 3319 4624 9032 3504 1371 7250 12582 7616
3199 3314 3319 10158 10809 8868 11413 5890 9073 5888 4046 7583 7431 4118 6811 6931 6673
3200 8106 4366 11216 3318 6551 5171 10117 2480 5268 10866 11452
3201 6282 5686 5242 5490 3319 5594 6475 3527 5241 4844 6215 7120 11227
3202 7375 4980 3319 4255 3924 4328 4794 6827 11412 193 1965 2785 8142
3203 7688 3925 11239 8173 3937 10288 7999 3320 11795 6398 3938 11032 6726
3204 3324 633 4195 7165 125 3990 7639 6706 9116 9244 10058
3205 3886 1425 3327 5053 11191 8164 9186 5534 12225 8224 6579 6934 7210 11292 685
3206 2339 4040 4457 6129 8020 5508 8882 5510 5562 3331 3682 5808 6133
3207 7281 12017 10901 11450 6303 11563 2393 3851 3335 975
3208 3337 3338 3339 7184 6425 10060
3209 11707 7996 6891 3339 7600 4618 8999
3210 4759 6708 3339 4011 6557 2491
3211 9373 3397 8075 3339 5820 5866
3212 6242 5279 4255 6040 3340 5009 2204 3919
3213 9707 5260 11150 6260 10236 11151 3344 4229 5556 6012
3214 11164 10532 2187 3345 4235 4417 6006 5224 5292 6043 1667 11976 6871 6955 8280
3215 12124 3345 6163 6090 5833 9062 4431 7159
3216 9840 10743 12232 3345 7594 7723 6135 7580
3217 3348 3405 6288 3979 7116 10986 5854
3218 10343 11286 10921 3487 3349 6575 6482 6924
3219 8156 2960 4463 10594 6860 2949 9333 6738 6350 7447 9242 7341 6924 3353 3354 8045
3220 7032 8018 8005 12511 4111 7138 6495 11828 6359 10413 5146 6329 3926 3355 8190
3221 7067 7504 3362 5709 7118 6627 7862 7583 3364 6286 8970 10928 6287 8190
3222 3369 5610 6086 5799 6180 5643 12487 10259 7939 5950 4513 2378 3364 6206 4158 3719 7181 2967 4138 5564 7319
3223 7065 3367 5160 7118 8131 6985 3586 6478 3545 10089 10658 6747 4920 4728 7171 927 1425 7007 6180 4619
3224 6668 6520 11917 6866 6527 8103 4881 7507 3375 1093 739 898 1649 689 308 464 4579 1323 39
3225 12386 6117 3378 4220 5210 6051 7879 7883 3847
3226 7948 4929 6792 8053 7648 3380 3959 4603 6821 9462 5973 1299 3952
3227 3385 5073 7381 6645 11492 6776 1664 11835 2747 8728
3228 3387 4807 4874 6012 7373 2975 9982 46 2653 6968
3229 2573 2668 2662 6500 5646 2349 3387 3928
3230 10086 3387 5646 2439 7715 6500 7711 9721 2574 7939
3231 5744 6232 4649 3390 9920 8109 1426 4493 4030 3618
3232 11623 7298 1790 348 3392 3425 7623
3233 5037 3394 6198 3152 5604 5120
3234 4760 1299 1617 2556 3990 6073 6702 8081 7468 3394 6069 8118
3235 3395 3422 5689 2357 744 2343
3236 4332 3144 7689 3396 3401 3934 5293 6009 10212 6830 6067
3237 4796 10392 3396 4120 7810 8945 12658
3238 6489 6070 12191 7939 3397 6630 7366
3239 3398 5304 5757 5969 11718 2281 9690
3240 948 2447 5903 3401 4111 4851 7482
3241 3401 4613 8037 9253 2635 5198 7204
3242 4252 12461 7740 9856 6149 6315 6165 8213 4997 6847 7300 3660 10403 4818 3975 5131 5493 6564 3935 3401 3933 5950 2689 5132 5952 6563
3243 3408 5837 7770 2480 9261 4696 7603 7729 1942 5916
3244 9285 9095 7098 3409 4111 5262 1973
3245 6530 3411 4886 5510 6096 1200 2271 4190 5134 6287 6477 7689 8501
3246 6840 5186 3412 6307 4865 6064 7592 3169 4113 5511
3247 3375 1912 6825 1186 2314 9726 2253 993 10340 3125 4190 6926 1401 5293 3401 5605 3680 3416 2128 6288
3248 3584 646 6174 3417 7411 8929
3249 7807 7811 3840 6414 9216 1625 928 3419
3250 12547 9746 3504 4262 3419 6781 5095 7844 8084 5093 6862
3251 7396 4987 10866 3420 6005 2617 350 2108 6207
3252 7723 7101 10554 2037 10935 312 853 3421 4402 262
3253 9403 3025 5720 3096 1306 1070 4893 3424 5621 6244 4746 1619 1958 9299 1673
3254 7065 7070 6815 10853 5149 7724 7939 3784 5426 2033 2498 9961 11507 6795 3883 3425 394 5393 7044
3255 5610 10583 11572 3428 5170 7326
3256 12131 5791 6012 5143 5634 6448 7406 7620 7624 3430 7900 5521 11172 7239 9964 5122
3257 11373 5936 5606 7398 10216 3436 5729 7426
3258 6281 4057 11755 7862 11452 11813 7935 5367 4187 5598 3437 4940 7689
3259 7736 5527 6488 3446 6026 1812 3441
3260 6080 9141 1310 1402 1975 11459 818 5180 8529 7763 6004 7720 8020 2477 3442 3707 4182 7167 2664
3261 10529 3443 5511 5564 6193 12734 5284 6129
3262 3449 5628 6250 2737 10706 7522
3263 8035 3713 11265 3451 3858 1405 3459 6318
3264 5508 5571 3457 5562 6805 10619 1740 3691 2302
3265 2747 12596 4181 7054 3458 5541 6185
3266 6026 3463 6093 6094 4698 8700 7577
3267 3868 5238 5239 9591 4961 5567 3471 5725 6362 6878 2582
3268 4506 6401 1448 8132 11571 9817 3472
3269 10998 12794 11195 11133 4654 7615 7807 7811 2243 12577 3396 6746 6747 6754 6862 12793 6032 8168 1533 3722 4921 11111 3886 4961 7500 6029 3592 1895 7657 1000 2840 3935 4113 5555 5562 7068 3485 3488 3487
3270 3918 4578 6806 2960 3333 7834 3487 3488 2635
3271 5816 12169 12694 3487 3488 4309
3272 9263 2146 7229 3488 3704 4251 4625
3273 6733 9641 6824 3475 10645 2509 5686 5712 12739 2070 10982 7033 9180 6792 7029 6761 3489 5747 7627 3530 5286 5555 5897 11895 7481 12470 5036 4258
3274 3489 8428 871 2322 2773 10302 5662 7673 8924 1958 2578 3486 3492 3493 4255 4203 4534 517 3943
3275 7769 3494 4266 4662 1348 1349
3276 7347 12722 5446 11976 4967 6149 12645 12761 3499 7296 8073 12836 7479 7192
3277 11661 12179 12331 3521 3501 4473 3324
3278 10280 11341 6561 3685 4649 3504 5040 3067 680 8865
3279 9283 1891 11136 4425 4727 4728 3505
3280 3733 3506 4975 5358 6828 9825
3281 10983 3508 5945 8141 8272 9788 11108
3282 3697 4675 3512 3852 4272 4679 2100 10674
3283 3513 4526 5067 4405 7335 8626
3284 6329 2842 7096 3514 7597 5032
3285 5987 7598 6708 7238 3517 5293 905 5284
3286 3520 4482 5460 2144 11240 11484 5877
3287 2460 4227 3520 4186 8887 10564
3288 5245 5614 5578 5610 4861 10891 3530 3984 5306 7035 7286
3289 10305 10302 3538 6594 6784 5679
3290 7018 4226 9028 2166 3488 8083 3538 10882 5160 585 3127 9935 5742
3291 11160 12428 4899 3251 3549 7067
3292 7192 1159 5557 5419 7353 3550 1073
3293 3553 4807 5191 5646 6411 7711 10795 12038 4074
3294 10180 3047 3560 3701 3784 5048 5079 7059 2120 2333 7124
3295 6427 6431 5036 5272 3561 1903 1904 1049 1097 1069
3296 9324 3548 5055 3564 7126 7871 2025
3297 7171 3685 4138 4141 3566 3733 5951 6456 3722 7198
3298 5818 7140 12657 8164 3555 7797 8213 4493 7381 3567 5421 6802
3299 10460 5649 7624 3637 2750 11456 7547 8110 8113 3781 3569
3300 6868 6242 8641 8866 9501 3575
3301 5637 4499 5143 3580 4314 4897
3302 2939 6804 5163 8165 7106 2653 7888 3583 4499 1203 5106 6684 1572
3303 7009 8931 7350 2942 3584 4854 7214 7217
3304 3778 3584 3856 1986 6410 6016 7371 8569 777 796 2796 4854 7157
3305 10029 6249 3584 6180 3091 12333 3320 4251 905
3306 4859 7233 4851 2935 12058 1468 1689 2975 5700 4836 3586 3698 5899 12172 6199 3682 7789 10159 11309 12774 2653 6464
3307 6001 3589 6981 412 4569 6553 2236 2526 2650 6955 84 102 181
3308 3590 3856 3928 5438 5646 1057 2349 2975 3056 3082 5255 11285 12231
3309 6997 7332 7938 5509 12103 5113 5321 2935 10121 3605 8011 880
3310 8005 11556 3606 3935 5966 7518 7320 1285 3208
3311 11958 7288 10536 3609 10534 4381 7869
3312 9430 8078 12081 3611 3737 7569
3313 6007 6244 7720 10611 11793 3637 3994 3619 2236 2250 7652 1768 2160
3314 3621 4465 6573 1657 3062 5284 7116
3315 4357 12393 5288 3631 4930 3669
3316 11253 8559 6133 3632 4059 6435 4575 7590 10276
3317 3633 5307 6530 2379 3092 12247 2809
3318 10503 6977 4771 5393 6150 3060 11046 12700 3633 9582 11591 4849 10919 12586 3053
3319 7560 6618 3949 3635 7865 871
3320 3027 4694 3833 6559 3907 4113 6474 3637 3736 5564 6564 7723
3321 12695 8192 4659 4663 4662 3637
3322 7910 1930 7030 3642 3853 10841 12194
3323 3642 8709 11314 11637 6776 7226 8604 11935 7122
3324 12307 3642 6755 6930 1827 8385 623 12317 11129 9086 10644
3325 10275 11636 6596 6595 3649 3902 5845 7661
3326 12805 12164 6298 4891 2692 6903 4588 3698 3650 1240
3327 11194 7146 7587 3098 10924 5606 12204 12394 3651
3328 4801 4728 6018 7616 3652 4369
3329 6839 5751 7616 4007 3652 3793 6123 6031
3330 6713 4313 11667 3653 5588 5863
3331 10661 7030 3769 12462 7854 8005 3654 5004
3332 3657 4611 5813 10994 11248 11784
3333 4611 3657 6065 4612 1153 4111 7250 2621 7269 6630
3334 3658 4614 11824 10496 9211 7122 5734 5736 1746 5732 5826 4611 4923 6630 9263 2484 5998 10070 7163 1306 4159 10421 5949 2478 3109
3335 3314 11430 11899 3659 4255 5317 5605 7624
3336 7387 10383 3659 4269 6964 2087 3979 6559 7888
3337 4127 3479 4639 7542 12080 10373 11157 12059 7723 3660 6224 12079 311
3338 10759 9627 3664 5803 2747 12663 6582
3339 668 6156 3667 6201 5783 4410 9533
3340 6815 6683 4892 7339 6201 3667 10460 2616 959 6119
3341 6649 12495 7817 3075 3668 8609 12494
3342 7162 3378 7163 5853 6405 9867 11644 8669 9178 3668 6721
3343 8192 12837 12806 6862 3668 7096 6111
3344 3669 4357 5288 6495 404 3592 11088 3292
3345 5785 5379 3669 4905 12795 9303 2772
3346 3678 3856 4989 5833 11154 9091 1764 5519 5521
3347 5410 11797 4666 12707 11365 12720 4113 3678 4011 3333 1852 2484
3348 5756 6808 5150 5053 6597 12136 3678
3349 7525 5256 2117 3197 6485 5661 6483 2280 3680 4457
3350 11905 6898 4670 4353 12015 1159 5087 3682 6133 7889 4113 4833 480 5508 10879 8851
3351 6135 1265 11082 3685 3686 4728 5158 12293 2618 2619 10534
3352 4755 2614 2240 5819 6070 3685 6166
3353 2276 6758 2520 6651 3687 7323 7720
3354 3688 7401 6645 3372 7496 7609
3355 2179 9793 5348 3689 7317 7727
3356 3826 7778 11468 11665 11705 6151 3690
3357 3586 3694 3887 5437 7353 1711 9397 6581 11791
3358 7444 3696 4528 7245 4571 7578 2973 2059 4130 4174 5396 11099 8192
3359 5409 7169 3700 6451 7071 10262 12006
3360 4010 3110 3701 5665 7601 3703 3493
3361 3704 6297 12234 12298 7087 5445 8128 7938
3362 9585 9244 6987 7516 3711 6265 9608
3363 3400 2090 3758 4728 4030 3713
3364 9395 12486 8179 7797 5679 7075 7923 7319 3718 3843 3891 7683
3365 10807 5167 3718 12408 2238 1318 3979 4077 11990
3366 4529 4792 10199 10543 3728 6028
3367 5942 11642 12149 7808 5055 3730
3368 5565 8180 7611 3732 10418 8546
3369 11205 10372 10170 3724 12393 12519 12627 3733 4177 8110 8113 6009 4079 5812 6228 12486 7169 3059 3539 2451 5564
3370 3734 4973 6465 2708 5555 12387
3371 3734 7444 1960 3876 5450 3783 4113
3372 8164 5668 7817 11588 3736 7993 7203
3373 6974 7270 3740 8031 10927 7507 561
3374 7014 8211 6690 12543 7689 10943 3870 6354 3979 5512 3753 7893 3679 11532 5301 1649
3375 4362 3757 4186 4487 4496 4475 9530 4468 10598 4473
3376 3766 5555 7621 9274 2375 7452
3377 6692 12725 3767 4115 4187 4820 4907 5799 6376 6441 6783 6924 7032 7749 8104 10325 5601
3378 6225 6228 3778 3769 2835 6976 4255
3379 3769 6104 3792 4563 3890 621 1534 7720 6765
3380 6445 5348 3770 7018 5076 6760 4919
3381 8216 6276 6749 4136 7032 3331 7583 5087 3773 6566 4134 1767
3382 10775 11315 11316 3778 5768 6083 2102 2822 3757
3383 11094 5562 3778 5931 11234 7897 3252 6298
3384 3339 3779 5157 7674 8168 9812 4955 7247 7648 6387
3385 11949 4170 11900 7294 7887 6624 8227 3789
3386 7096 3794 5974 6701 4255 11508
3387 4240 5520 8005 7420 3799 7720 3618
3388 3814 3815 4537 10489 11419 12082
3389 7770 3814 3815 7916 2914 9763 11973
3390 12693 3755 6242 12784 3820 7342 7376 3696 4681 11280 10041
3391 3821 5512 1958 11304 12549 7457 1927 4397 3244 4058 6799 5463
3392 2240 6216 12599 5048 3826 6379 7580
3393 6331 12458 7807 7811 3790 3826 6049 5857 3663 7223 4796 3734 2884 5241 3544 7720 2395 583 4697
3394 8038 7493 7886 4723 3829 10944 2480
3395 10941 3835 3890 4285 2550 7181 9564
3396 10244 7342 5098 4595 3836 4596 4597
3397 6472 3849 3974 3898 3362 7848
3398 10485 7615 3991 6241 4858 11903 8037 3849 4127 5735
3399 7283 3851 4026 4712 6403 6602 6723 8788 3778
3400 9823 4409 5721 3854 4608 4622 4741
3401 4060 2736 9643 4527 3856 4208 7712 1076 7371
3402 5743 5036 12607 5527 6627 7016 3857 5353 7549 7560 8205 5320 5582
3403 11644 3858 4135 7410 2643 6187 7171 4879 5735 878 12087
3404 6922 4064 6550 7169 4991 5515 3864 4241 4601 8216
3405 10151 9515 11173 9210 3866 3995 5752
3406 11394 2092 9533 12715 12721 3866 3911 4084 4111 4811 4949 7696
3407 8815 9808 3074 2725 3405 4210 10827 12057 12203 8106 3867 5487 5980
3408 12074 7027 7178 12134 11302 6021 10866 10867 4997 3869 4143
3409 4889 5063 6692 6229 7264 12245 3871 3872
3410 3880 3992 2013 3204 10613 7720 3990 9481
3411 3928 5803 7627 5482 6409 7444 7190 3881 2614 3882 7720 10640 11583 6954
3412 10516 4731 3885 5273 5996 3097 12394
3413 4866 3893 5622 6027 6232 7392 7079 7720 7492 3689 4466 9860 6488 7444 7973 2654 3315 1794 8665 1103 10772 4844 6330 8161 8664 977 1341 11177 2344 9456 9536 2934 6329 6505
3414 3897 4065 4984 650 945 2483 4157 9350
3415 6524 11778 5975 5443 3324 7748 6526 3899 12428 4097 4518 5160 350
3416 3906 12094 6975 8027 4416 2619 4384 6260
3417 3907 7140 6845 3504 6559 3405 9763 2167 5229
3418 4704 5982 6780 8234 3910 5135 5555 7616
3419 11025 10145 12116 3925 3883 4728 2204 5158 2029 4324 5171 5553 6414 1271 9387
3420 7955 11518 4037 7860 7944 11608 7800 2244 5717 8065 10344 5593 10298 6085 6654 6658 4274 12413 3929 4275 7515 4603 4701 10888 12036 12270 4503 6705 7670 7952 10958
3421 3935 5562 7945 1319 5378 7103 7149
3422 2209 4025 7541 4098 4102 3936 3584 7926
3423 5291 3937 5601 7475 10324 6740 7870 11107 6917 5457
3424 12035 8106 4001 6374 7877 3938 8083 6838
3425 9430 6104 8681 815 3939 5053 7770 538 7096 3979 6240 6686 7725 2854 5540
3426 3941 6439 7340 871 5732 199 8485 6389
3427 2654 3943 5709 8106 7444 5703 775 6123 9040 8266 5255 1177
3428 12215 12342 6623 7302 5823 4874 3947 6162
3429 6289 6361 6549 5711 10592 3952 5555 9481 12725
3430 3953 7501 4394 5215 2239 4747 5107 1245 8509 12714 11228 9781 8328 12489 11757 7373 10614
3431 9996 4854 12243 3956 4392 8094 11144 6747 8711 6911 12483 2682
3432 12741 3959 6245 5038 11101 7517 7720
3433 10327 8134 5813 4614 3960 4557 4630 11783 9079
3434 5239 3961 5739 9147 2188 10322 11463 11814 8989 8914 4183 10475 10842 11946 4365 4745 7291
3435 9404 10509 12169 3964 5784 7244
3436 11140 11305 6535 7086 6042 6719 6828 6830 7698 10025 5277 3968 3972 7495 8124 9819 5598
3437 11793 7049 8175 7283 10614 3970
3438 6225 6936 3971 9951 10117 4430 6395 3954
3439 11463 5857 3973 7122 4268 5754 2026
3440 7481 6196 3361 4160 4255 5446 5511 5489 3978 5396 2242 6100 6474 6780 5107 6761 4126 5950 8110 7685 7875
3441 3979 7045 5152 5649 10162 6769 1510
3442 6707 8012 3979 6941 9326 2271 4920 5761 9250 3601 6133 8007 3488 4858 12046 5750 1223 2090 5134 5575 7167 5224 2795 4971 1985 10461 10814
3443 6466 7720 8231 11027 5543 5598 5601 5842 6130 6271 6320 3979 6180 6341 7024 7557 7583 8037 11065 1474 7055
3444 3979 5496 12194 7576 7483 5115 9162 10392 5416
3445 10642 7182 2931 3984 11725 5289 7517 10712 7482
3446 7899 10480 5504 3986 7318 4554
3447 3470 5460 5649 7645 12372 4111 10734 8156 10755 6766 9356 3992 3333 12811 8028 7413 3167 4011 2480 8106 10886 11763 7154 7935 9783
3448 2127 3994 8222 6357 4661 9201 4424 4707 7275 4660
3449 3696 5263 5302 5406 5021 4678 2559 9613 4000 7470
3450 11438 1797 5562 5563 6932 4002 5346 7520 10211 11615
3451 7709 5053 6488 7444 4003 9210 4666 8718 9272 2933 10063
3452 11994 8046 6780 6781 6000 6003 6700 2566 4004 7018 1315 1477
3453 6249 9614 4006 5555 8890 2839 9899 10350 6086 1587 5717
3454 11564 3371 706 1144 1241 10707 5798 4008 7919 8179
3455 6430 7218 6374 6206 4009 10329
3456 4011 4938 5988 10384 3766 7720 2498
3457 5915 6737 10159 4010 4013 6771 4016 3667 4901 2287
3458 4955 12489 4020 5005 6375 7168 7332 7937 8251 633
3459 11068 5384 12487 5403 11063 5801 4023 5385
3460 4030 4445 4942 10388 6975 5282 11346 11728
3461 4768 2250 10735 4030 5393 1375
3462 3375 4033 7052 8070 1984 5442
3463 3109 9471 9638 4034 4169 5384
3464 3222 7631 7932 4034 9459 11188 6464 7319 1764 3458 4168
3465 5815 11763 4035 4733 8828 4575 972
3466 4039 6042 6287 7499 7438 11755 4716
3467 6070 8132 6013 5419 10144 10821 5665 4039 4262 5759
3468 11376 9782 5564 3935 3421 7624 4040 6596 7444
3469 4158 2516 5037 6760 4159 4190 6287 12058 12304 654 4040 5289 5562 5571
3470 12737 5284 5614 6806 6530 4369 4315 6077 6480 4507 6630 4150 11815 5599 7689 5396 5578 10609 4040 6129 8106 2763 9666 7770 3489 3866 6944 3785 5492 11455
3471 2196 6558 12208 12523 11345 6375 6038 4711 12173 5918 6934 12104 4045 6576 7213 4048 4049 5468 7825 12733 7454 7518 5589 6835 8236 5584 7272 7444
3472 4048 5378 5380 5604 7813 4140 4626 5316 5712
3473 7241 4255 4049 8684 3477 3932
3474 6623 8798 4049 5500 7813 11157 7334
3475 5086 4051 4844 7374 2914 5159
3476 7158 7299 11030 6466 4052 6130 7492 3312 5571
3477 8143 4996 8642 2136 2873 5775 3515 4070
3478 4143 4077 5984 8229 2569 11425
3479 8522 9267 5649 4080 7871 6052 4934
3480 5159 5044 1371 5697 2674 4099
3481 5986 8164 4099 7556 11221 7673
3482 8074 4106 6500 7150 2856 2926 7156 1230 665 1219 1528 1783 9507 4686
3483 7324 7767 7815 5300 9485 5659 12724 7599 4110
3484 4111 4380 8106 2218 12160 1413 10560
3485 4112 8150 5932 10024 5647 11561
3486 8516 6615 5919 7205 9802 4113 6686 7717
3487 6530 5717 7319 5194 7542 6784 7335 8097 7653 4240 9630 6780 7444 4113 4161 7172 3935 7056 7708
3488 12482 11743 4834 6494 4113 3034 10727 5950 6130 11812 9647 3800 4872 10902 7862 10212 4314 6481 7676 3998 5515 4334 5650
3489 2942 3430 3584 5193 5284 4122 4647 5482 5854 1528 2468
3490 7045 5621 4956 4123 6927 7299
3491 4125 5510 5570 5632 8190 396 8468 783 1748 1965 9237 3401
3492 10553 11826 5693 7452 7238 6069 4127 5841 2737
3493 4136 4137 2659 2892 3339 8554 5081 8168 6338 1392
3494 5999 4139 6612 10691 535 9231 2423 9762 5980 9181 2777 5024 11111 5557 6482 7371 8236 3428 167 11858 1546
3495 4141 6341 4043 1421 3454 5390
3496 5602 5383 4940 12142 4144 4832 5031 5378 6459 5555 6180 5289 6287 9370
3497 8216 6896 6959 6897 6521 6427 6428 6431 6001 5443 5442 5042 4151
3498 7096 7871 4158 4255 6100 12550 6780
3499 7437 11815 4158 6898 6623 5316 421
3500 4164 9314 9611 6817 5778 5806
3501 6781 4165 4644 4098 6297 1371 12473 6879 4730 6627
3502 7438 6198 8378 4610 8195 5317 2605 8132 1832 4169 5211
3503 4170 5296 8011 6576 8849 7749 9967 1337 4045 11591
3504 2669 695 3533 4834 5508 5562 12639 8619 2349 6592 4172 12027 4536 5483 6309 6543 7375 7625 7715
3505 7586 9920 6110 7395 4175 7283 9402 2237 5494 7236
3506 6342 11231 5503 3994 9030 7938 7332 4176 4728 7993 1029
3507 12561 5294 6883 4180 6775 4823 8079 9797 10530 6771 8160
3508 2300 3727 7011 5564 4182 5732 9040
3509 4183 5820 6151 1209 7062 8539
3510 4141 5605 11260 6330 6331 6708 6925 4138 7146 4226 5022 7773 2240 8957 2341 1519 2933 4262 10531 6030 6474 5407 12096 4189 9167 9078 11237
3511 4624 7749 11677 4189 5461 7193 7452 7862 3951 3721 4511 6713 3987
3512 11935 11983 6753 7412 6659 11071 4190 5481
3513 12792 12111 6683 7078 7738 12691 7507 5889 5638 7140 5639 12151 5886 11257 11883 11291 11914 5147 11912 5294 7609 12241 7914 7629 8079 10471 4190 2556 5933 6509 1796 1797 10870
3514 10758 4196 4798 5247 3786 5564 5815
3515 5797 7474 7449 5385 11278 6345 4198 6389 11312 394
3516 7609 4666 7813 5853 4861 4055 3724 5874 4205 5249 9906 7627 10523
3517 4631 9650 11735 7500 4208 4923 8037
3518 4208 4223 10114 7352 12307 7699 6104 2365 3405
3519 11222 4939 5580 10844 3866 4216
3520 4227 8037 7919 5804 2580 3515 6925
3521 11238 5595 5920 6129 7862 7500 4228 6439 7442 3001 9804 5392 7501 3310 4439
3522 7481 6244 11756 7842 9144 1809 4388 7519 4231 5900 3486 4126 9130 5555 4107 3906 5610
3523 9685 5284 6133 7560 6478 1672 3171 6641 12101 7454 7617 4231 6530 7665 8114
3524 4234 4661 6762 7547 1287 7098 8509 5065
3525 6533 4667 5226 12406 4235 7700
3526 10003 11386 11293 5871 4245 7547 5876 11294 5869 12822 2783 11748 6992 412 8848 9854 11307 11389 8099 8655
3527 10126 4650 5054 7492 1759 5816 7452 3390 2635 1836 3109 8793 2268 4251 5686 6845 4554 591 11325 6504
3528 6397 11229 6117 8082 11987 10188 4757 12288 4252 8089 4251 10602 7032 8161
3529 6348 4255 6219 9082 10282 4612 6220
3530 6367 6740 11882 4255 6141 2094 1661 10880 646
3531 6434 9755 3795 6021 4255 4234 5639 8025
3532 6331 9399 8003 7335 4255 5446 2425 2426 12117 5597 5264
3533 7277 7285 5879 4255 7927 5596 3108
3534 5918 2737 4255 6525 1314 5446 5649 1896
3535 6440 4255 5575 5742 3411 5500 6492
3536 4255 4564 7167 8765 7692 12562 2975 5968 1005 8769 1356 5712 7141
3537 5701 4255 6326 5079 10900 6673 5828
3538 4262 7728 7853 9978 7918 11955 4251 7720 10819
3539 5865 11105 3030 6081 4264 4714 5171
3540 8528 6995 4983 11846 3193 5838 7933 12327 5173 5914 11564 4277 2344
3541 4311 5887 4278 11124 11956 1503 2212 2215 2640 3458 4575
3542 4278 5902 6180 3584 3082 7350
3543 12162 4289 6970 7593 5746 6769
3544 4293 4849 5053 8608 8751 8752
3545 5906 6384 7577 7040 7325 7989 5595 7065 7238 4294 8106 2489 2854 3433 5547 5623 7680 7990 2995 3632 3733 10767 11273 5851 5854 4850 5284 7993
3546 4294 7004 9453 4827 12635 2327 2854 815 7862
3547 4308 6720 1829 10869 1072 4374 6573 12786
3548 4308 4370 4372 5491 9160 5062 5396
3549 4749 4310 6185 4395 5147 5202 5294 5875 7250 8037 6145 1977 2131 2211
3550 10951 7621 8225 7897 4314 5901 1243 1246
3551 6876 3981 2933 5421 4321 5106 6306
3552 11252 4325 5886 7602 4775 4387 9041 5160 12781
3553 4336 6770 7804 6226 11658 8175
3554 4338 4523 4525 7124 9989 5649
3555 11439 6839 6789 6608 7770 5036 6425 12405 4072 6558 4343 4350 4669 2395 7041
3556 7986 3347 6203 4345 7872 7017
3557 4345 5245 5647 6362 2640 11344 10023
3558 4507 5595 5455 4876 11149 6129 4346 5482 2696 9407
3559 11567 12325 4111 4350 11313 11731 7319 7444
3560 10797 3734 10626 6051 6604 7444 7032 4353 1697 4255 4352 6332 2240 4512 5380
3561 11810 7835 11873 7949 1710 9849 12609 6050 6656 11086 4354 2512 9891 7858 5366 10380 10575 9271 7333 8909 4984 10088 5330 5362 7970 11875 12070
3562 6374 2521 6492 4357 6452 6806
3563 6133 4357 5288 7217 6145 5555 977
3564 11426 12584 1705 4506 4792 4360 5924 1667 4649 1930 6295 3642
3565 3827 5272 4442 8099 7620 11633 12737 4360
3566 4361 5871 6648 618 1169 4364 4476
3567 2954 6746 6905 6278 4365 8002 4195 7165 7436 7684 7090
3568 12007 12055 4365 6899 7993 8020
3569 6636 7255 4365 3004 4285 7238 12359 6947 7413
3570 3208 4844 5508 11710 696 5003 4373 4368
3571 4399 2861 12149 7862 12305 4308 4370 5016 6669 6671
3572 4309 6101 5928 4370 4029 11633
3573 7576 6687 7117 7999 2273 896 479 4372 8995 1796
3574 11609 11783 5049 4379 5037 5090 5684 5813 6919 8078
3575 5072 11862 10926 5079 6374 5069 3229 6217 4255 11433 11704 6127 7051 11465 4384 4903 6018 12740 2101
3576 3413 6303 2219 4387 11447 11270 5186 6305 7096 10104
3577 5290 5418 4130 4327 12072 5717 3675 10156 4037 9880 4389 4503 6868 2312 2747 9678 11768
3578 3108 4122 5722 6180 6721 4391
3579 9866 4517 5055 6971 3659 4400 8465
3580 11474 3587 4402 7824 5458 6910 7883 568
3581 10541 4404 7260 8030 2205 6185 6348 7194 10846
3582 4410 5783 6156 6201 3004 11569 7601
3583 4416 4712 7661 4283 6017 6018 12566 6553
3584 8018 7186 4240 6052 6855 7169 4418 5283 4360
3585 4419 4822 4823 4858 7496 4922 6736 11526 12811
3586 4427 5639 5876 6975 7769 2214 10048 9127 7096 861 7903
3587 5567 4442 5682 6566 629 1456 1457 3106 4298 5790 6806 7114 7444
3588 6858 6860 5795 7999 4442 5395 5242 6257
3589 4443 8488 12278 10113 4597 4961 5178 4593 7984 7985
3590 4728 7196 6375 4145 7198 5395 906 3736 4449
3591 7244 4819 6103 4277 6254 9379 4452 7288
3592 1771 8106 7422 4453 4916 5662 1755 12331 3998
3593 4801 12085 4957 7007 9377 4456
3594 6058 11216 10508 3520 4364 10598 4476 4478 4475 4481 1897 1892
3595 6767 7613 3164 4476 4475 8231 1936 8024 8106
3596 3696 10678 7578 4477 4480 7245 7271 9675 3163 10322 4118 11398 7356 4627 4849 5255 8917 1958 6474
3597 4493 5614 7990 7720 4849 5396 5511
3598 7939 7938 7332 2556 1868 4649 4493 4952 7030 7796 645 8941 2564 12392 7550 9905 6644
3599 4502 4728 5053 5886 7406 7990 2206 4952 4955 6061 7989
3600 2725 3484 10702 11539 12406 4504 5553 7453
3601 2148 5865 7540 6923 4507 4638 6558 5353
3602 4158 4511 4624 5418 12242 7259 4403
3603 1579 3179 6362 6760 6783 4511 7583 7818 5445
3604 6707 7536 11193 6700 6850 2653 4203 4512 5571 8106 6461 3747 7862 561 114
3605 8018 6748 8046 7939 7278 7207 7135 6958 6667 6427 6341 6428 7008 4916 5088 4513 826
3606 6458 6897 6959 6429 6023 4637 4513 4151 2566 2569 1472
3607 7370 8047 4515 11904 3375 11331 3797
3608 4516 5656 6453 8742 4159 4357
3609 3529 4519 6630 7519 513 554
3610 7381 7992 6078 9035 4511 6151 12801 5450 4525
3611 7904 9752 2947 12321 12053 7881 5214 7092 4533 7588 8126 3927
3612 2787 3398 11157 12437 1930 10353 4534 6387 8387 4889 5778 8813 2842 9766 4390 9588 12581 7564 405 9492 3825 5947 12616 9068 5716 8079 681 7545 8511 5288 5396
3613 5410 4724 7674 11403 12657 4635 4538 5300 10078 3872 4623 4624 7633 4779
3614 6853 7288 4543 6945 6785 6854 7250 5413 6776 8356 7291 6946
3615 4544 5677 5762 6598 6728 6816 4900 9671 2925 5333
3616 7527 5441 10820 3056 4548 7779 8206 4870
3617 5595 6236 4190 983 4046 8065 4554 4649 8248
3618 10755 3937 10717 6494 1716 1719 4955 11951 5759 7058 4563 4849 5924 5740 7974 1785 2927 3856 5646 6931 9123
3619 7356 12831 2117 11082 7163 3768 5396 12194 5034 4568 3204 7806 2072 6623 1896 3259 4070 5459 5482 6767
3620 6041 4675 7201 7926 4571 7031
3621 5343 10486 5067 4573 7567 4634 7689 8653
3622 4577 5829 7444 609 3663 1975 9254
3623 10456 6100 6707 6870 5604 2846 6442 10479 6289 4584
3624 10749 5758 7119 7158 7248 8125 2682 4602 4941 8424 8473 7647 5683 7437
3625 6709 9969 10430 2480 11443 6374 7274 4077 6361 6574 7480 3949 4159 9422 4619
3626 6451 5575 5576 5193 4666 10767 4620
3627 2354 4623 7169 7617 8175 5291
3628 5830 7415 7871 12227 4631 12480 10631 3216 10641 5308 5309
3629 6771 5937 4915 4916 5226 4634 6776
3630 12160 4636 4677 7620 10664 4660 9912 7601 9038
3631 7205 4636 5452 7974 9488 7122 4035
3632 10724 4641 7005 10734 7892 7161 4099
3633 4642 4867 6040 4854 9450 7157 2846 9735 9187
3634 5105 4030 10929 7098 4643 5033
3635 6852 5602 6974 7932 11576 6579 11681 7637 4649 5988
3636 12167 7824 4661 5556 8066 11120
3637 6860 4665 6451 10314 4993 4143 5031 6839 6802
3638 4667 6736 6055 6780 6784 5954 11464 2519
3639 4670 6069 6645 7158 7492 7238 7609 2574 9644 3316 4300 11446 3733 3769 5673 1639 2024 4332 4955
3640 4329 5273 7572 4673 5884 4858
3641 7661 11508 5638 5887 7096 11666 3238 10349 4676 12777
3642 5669 4687 5578 6001 7939 10648 5851 7999
3643 4689 4910 5813 1159 11466 6596
3644 5279 7514 7891 4691 6934 7671
3645 1571 7322 4698 4761 7388 8415
3646 1772 11518 7838 12670 2330 3141 9943 4050 12588 12718 4701 7421 7901 8056
3647 1517 2901 10204 4807 7899 5928 7201 1144 12032 12078 4702
3648 4703 4889 6399 735 1903 1904 9461 11308 12218
3649 11168 4711 6194 7650 7349 2257 11667 7920 1994 3954 3957 8421
3650 11399 3506 5135 12275 5536 5525 6561 4718 12309 5780
3651 5011 5663 10748 10817 4720 7163
3652 5541 4785 7880 4726 4848 5542 9097 8975 1545
3653 7888 4728 7299 7374 9887 5064 5537 8053
3654 4930 5564 5697 7340 8420 6879 4728 6907
3655 6069 7720 4728 7582 8163 5028 10032 7197 2737 9764 7013
3656 5834 6157 6201 5145 5835 10824 4728 4534 5255
3657 3778 10474 1126 7096 4738 6203 6673
3658 12016 5082 5320 6974 3436 3449 3450 3452 5843 6595 6596 6597 4747 4067 7319 5775 7417 5483 6001 10119 6523 9040 5511 4794 11878 11778 5117 5827 7485 4365 6666 12556
3659 10287 4392 7013 4758 5284 3961
3660 6884 4760 7583 9636 7863 7864 9485
3661 4773 8055 7552 12017 1043 7243
3662 6827 4513 4779 6204 6242 1335 11350
3663 3191 8232 5103 4848 4785 10097 11572 7186 10016 7158
3664 8021 6748 6521 6527 5476 4790 4915 103 196
3665 6530 7120 4793 7468 1448 2228 2273 5511
3666 5704 4794 6477 1201 1398 5686
3667 4815 7799 6152 2933 3125 3872 7322 1934
3668 11100 5284 1941 7430 4827 9593 5135 6514 8812 7364 7466
3669 5709 6289 12732 6133 4832 7028 9381
3670 3946 4084 5036 5108 4833 5571 7849 8000 3766 7661
3671 11605 5500 4994 5415 2453 6344 4089 4835 11056 6699 6398
3672 12631 10775 11722 7002 462 926 8175 6998 4841 5267 5768
3673 4847 6271 5759 3374 3934 5037
3674 9647 12544 7741 12552 5431 8175 5432 5598 11704 4848 5162 11234
3675 3664 2716 7075 5505 5506 6442 7350 4857 11945 6832 8391
3676 7144 6961 6896 6897 6959 6427 6429 6000 5443 4858
3677 11109 5422 5288 4859 5604 6480 6673 6510 12027 6343 3378
3678 4111 5908 4859 7087 6785 6905 12634
3679 6766 7672 12553 6774 7490 11799 8184 4072 6090 7222 4860 5585 6718 6831 2985 2215
3680 12486 9743 12172 4801 11411 6992 5269 6535 7000 10181 8119 7768 4877 9313 4145 5158 8000 8801 1006 2212 2240 3548 4182 8420 1996 2193 2785 11453 7495
3681 5870 5871 11999 4879 3329 405 8623 1119 12208 2430
3682 7733 10360 5674 11916 4901 8132 7720 7815 9738 7380 7769 2618 8420 6910 2771 5649
3683 7731 8744 3450 10699 4901 4902
3684 8573 818 1125 8993 2004 2749 3096 5180 5914 11811 7657 12796 8208 4925 12065 4906 5628 5705 5939 6014 6210 6991 6029
3685 8166 7017 6924 6575 10187 12811 4597 6596 983 6005 7651 4907 7284
3686 7776 6763 6844 4911 7721 6748 2291 2292 5053 5435 11933 6771 11416
3687 5278 4916 2012 8218 1628 5597
3688 7789 12340 6900 12623 9481 6752 6898 4916
3689 4917 5988 7105 12563 2361 9878 5250
3690 4921 7099 10164 9941 5458 7061 9356 4255
3691 8010 7993 7519 5393 6932 4924 6485 5734 6933
3692 4928 6514 10084 4037 10403 5466 6401
3693 7474 5799 6359 4932 5404 8148 11326 3890 5384 7449 5795 11169 4023 5011
3694 4933 5858 5910 8063 457 8425 709 1257 1781 4087
3695 6157 5783 5835 11357 6201 6156 10445 10446 3667 11142 5145 4934
3696 2845 11188 11280 7266 4937 5604 6177 8372
3697 4950 5513 6802 6954 11726 661
3698 6960 629 6234 4311 7269 5210 4956 5106 11148 7290 167
3699 4962 6120 6151 4593 4597 8305 681 5134
3700 5436 4965 3685 8129 9374 2181 8128 5073 9373 1527 8783 5549
3701 4967 5456 7474 1343 4158 1573 9919
3702 7663 6117 8095 5447 4971 5502 6574 7640 3768 7098 1439 1662 3106 5993 6149 7761 8973
3703 4980 6821 7499 3256 11504 12064
3704 7615 6362 4986 6613 11292 7939
3705 10617 10798 11434 11751 11865 5533 4992 7513 6555 11290 4793 2932 9035 8733 405
3706 7057 7362 934 3819 5137 5006
3707 5013 6140 2196 5778 5102 3458
3708 12353 6790 10952 5018 5043 5919 3324 4099
3709 5027 5538 8192 3327 7320 5421 4159 7894
3710 7971 7989 5030 10533 11262 6478
3711 6830 7648 5033 7282 2273 993 1023 1064 1065 2967 3949 5171 6932 5683 8190
3712 11691 5036 5242 7793 3555 4396
3713 1698 6286 7013 2295 412 1398 9664 5036 5709 6474
3714 10675 10379 7014 3724 7448 7103 5045
3715 11145 2188 7595 5046 5465 7610
3716 5052 7736 4125 7723 5724 5725 639 118 681 8046
3717 7724 11929 12386 6477 3733 5054 6450 6489 3992
3718 11139 4407 5060 1947 6759 7576
3719 7036 5275 5042 5596 4995 12532 7794 4669 4139 10324 7673 3975 9554 5062 2352 8355 10407 5808 8352 5550
3720 5666 7559 5673 4421 5070 7853 975 5237
3721 7428 6225 5746 1391 4767 5074
3722 5085 11697 12224 7206 7208 7205 6521 5918 2056 5467 722
3723 5093 2004 5235 11755 7602 7906
3724 6022 10780 5099 5200 2928 5994 10811 3983 5649
3725 11839 7007 6252 5116 6253 11838 5784
3726 2014 3955 5477 5117 5475 6554 6784 8132
3727 8052 7705 8046 7939 6735 6000 6025 2720 1910 1914 3041 2987 5604 3088 1695 5122 6269 4601
3728 5140 7164 5793 11477 7356 4502 7358 4671 3145 607
3729 7096 11898 5583 8037 4007 5211 7513 10226 7620 5759 3778 3100 7624 11568 8118 3720 7205 12775 2574 5148 10843 2575 11047 7208 7550 4794 3639 10071
3730 6017 5151 12679 11506 3205 6069 8132
3731 6273 12757 8114 8115 12775 8085 8195 5157 6578 7158 6399 7013 5284 8892
3732 5166 5608 5972 2056 10545 5313 7818 12720
3733 7235 5167 8125 3983 10998 8139
3734 3511 8199 1203 5823 12626 9612 5172 7062
3735 4055 5393 5906 6136 5700 11559 3569 1216 9626 10718 12504 7984 2420 4679 6135 12424 5178 7670
3736 7273 10986 5198 12099 7013 5188 6530 10075 5195 10984 5199 5987 5854 5515 6040
3737 10985 5197 7013 5188 5854 5987 6530
3738 6530 7013 3928 5188 5199 5253 5987 9742 10074 10075 3905 3931 10592 5197 2649 2682 2650 3106
3739 11961 2394 11587 5205 5206 5207
3740 5447 11310 5206 5598 8113 4526 1064 1065 7616 6489 4872 2215 176 7661
3741 4357 6451 6090 5213 5479 5480 6604 6645 3390
3742 5215 6276 6587 7258 3778 11236 5603
3743 5217 10997 5223 5222 5221 5850
3744 5240 7213 7704 5727 4311 12655 146
3745 7839 6284 10202 7075 5247 6603 7103
3746 6934 7657 5247 5514 7720 9825 6375 11600
3747 8319 9161 11011 5251 5320 6325
3748 5957 5255 5393 5589 5602 6329 9772 10852 7677 5510 818 236
3749 5849 11948 12170 7082 5269 3545 7720
3750 5288 5284 5555 6180 6249 8185 5612 3928 5646
3751 11625 10402 11878 6526 5919 5695 7644 5284 5664 4986 8357
3752 4930 5515 7168 506 4955 4318 5562 8011 957 2795 7773 5557 6461 5700 5289 5564 6286 5595
3753 5305 7559 7764 2571 2572 9636 2933
3754 7278 7968 11172 5927 5313 7078
3755 11994 5379 5317 6361 5590 7032
3756 6810 10522 7736 4670 11862 5676 8035 5318 5514 5924 7869 6012 6356 6729 6774 6809 7621 5791 5935 6742 6788 7064 8008 4671 4801 10843 11187 5548 6255 6311 6700 11935 12010 7913 12835 2261 2653 4522 5543 11205 6331 6376 4097 9327 10072 2489 4039 4298 7185 12815 11895
3757 6202 6540 6709 7346 11820 7261 5486 5320 12029 11797 12028 10387
3758 11395 7238 7782 7999 9151 5029 5050 5604 5681 6151 5331
3759 5337 7901 8056 1136 1236 1478 3584 1486 1713
3760 7015 6554 6245 5344 1406 8934 2217 2708 7028 11566
3761 5428 6115 10173 3001 3112 10317 1243 2444 7515 9247 5345 8925 3849 4252 5049 2503 1119 5534 8015 4256
3762 3345 3642 10639 6069 5553 7589 5346 6013 7492
3763 6993 6997 7613 4493 6375 5354 8637 12054 5608
3764 12367 12162 5367 12419 4978 5395 5886
3765 7784 5370 4791 12709 9591 6363 6640 12315
3766 5376 6575 8161 4051 2090 1236 3584 1500 1337
3767 10622 2986 4051 6572 7856 945 5377 7374 4243 4843 6453 11803 8103
3768 6420 5656 5419 5631 12144 4372 7500
3769 6815 7023 2209 6828 5420 6185
3770 5423 6738 7319 9376 3530 7290 10757 12161
3771 4255 4294 7382 7001 5433 3938 6968 7128 2574
3772 6961 6896 6897 6646 8192 6427 6520 8021 5476 5442 1316 739 478 831 189
3773 3685 6993 10471 7990 6849 7212 7204 5456
3774 5473 6746 6754 2371 3948 6974 11206
3775 6698 7762 5475 9602 6687 10162 6328
3776 5476 6749 7608 12475 6685 6684 1183 11190 12376 7481 8640 570 4703 12555
3777 6698 5477 6214 6548 9362 6932
3778 9975 7017 2499 10669 7172 8016 10060 5481 5653
3779 9682 5110 5380 6564 5482 6270 7681 7791
3780 8106 7444 5486 7085 7666 5260 4255 7250 5680 5831 12486 9990 5887 4621 8182 11110 6851
3781 12005 7481 8075 8037 6000 11289 5507 1521 5075 2714 6823 6831 308 339 228 227 168 1340 23
3782 5343 1694 5519 5666 4955 7420 6118 2697 5673 7731 5147 9117 4953
3783 10511 7961 5524 6810 5649 2369 12089
3784 8157 5528 5530 5825 7089 7988 4136 4138 4141 11236 11237 5603 6330 11671 6332
3785 6736 6737 11473 7495 7630 5534 6952
3786 8053 9542 7749 5535 11753 5029 10320 4057 6698 8190 8187 6901
3787 6646 8046 6427 5548 1032 1034 1082 151
3788 6762 8099 8164 5554 6512 7496 1414
3789 9435 5564 5914 6772 3761 7678
3790 4141 7264 8190 6530 6070 3199 2367 5568 5175
3791 6291 11778 7583 5446 5042 5586 8106 4255 7844 11261 6046 10231 6877
3792 6962 5987 6409 1302 5586 977
3793 7076 10875 5589 5691 7939 10200 4814 6544 7168 646 6423 7188 6564
3794 3878 11083 5284 4539 5854 5987 6109 10633 5700 6275 6366 7966 7365 12163 3128 4126 4568 11024 5293 7218 10169 5500 4397 2240 2321 7624 4190 6181 12264 1660 5595 2309 12228 3137
3795 11303 11669 11844 5596 7441 10708 5756 5773 6898 6802 5031 4043 6796 5266 1748 5407 12710
3796 5598 6834 7312 5289 6150 3319 6385
3797 5598 8065 5603 3186 1302 2713 1049 1003 1077 832 1895 461 1044 60
3798 12373 12640 12329 5627 7483 7426 3464 8211 7611
3799 6761 11820 12412 5645 7365 3901 4861 5595 7238 7454 7720
3800 5646 6592 7157 7715 1832 6016 630 754 854 1766 1795 2808 2908 2909
3801 8090 7616 5648 11635 8088 8106 4111 7250 965 1336 2843 3927
3802 8018 7705 7207 7609 8026 2105 2933 9055 1060 5650
3803 5665 1278 6784 6812 12434 11802
3804 11751 7731 5666 5667 6644 7565 12571 3191
3805 4618 2687 3174 5672 5673 7470 7609
3806 10390 1564 1898 5678 7547 7583
3807 5679 3870 6568 4912 6928 12023 7280 6758 5932 4976 11347 4715 9005
3808 6217 8075 5683 5873 7465 9806 11646 4295 10625
3809 5684 6288 7492 6249 4615 12457 7770 2070 4436 5562 5785 5951 6052 6484 8037
3810 5688 7811 12180 7474 11671 11616
3811 8023 6722 8164 6001 5690 7108 9694 5494
3812 5700 8053 7010 5649 7770 4449 5160 8715
3813 3111 5709 6337 12510 5536 8030 8100 1895 11607
3814 3320 5926 6630 12578 6427 5713 6452 7065
3815 6495 579 5719 6098 7442 3113 6478 7096
3816 5767 5774 5780 5782 8877 1571 9135 3935 7899
3817 8231 5778 6386 7260 7849 6950 7261 10848 5064 9371 9381
3818 8063 3743 5791 4228 6097 6374
3819 9869 9884 9813 10889 6467 6574 9758 6469 5909 11248 7580 5814 7068 12357
3820 10728 12719 5819 7246 7914 410 665 2746
3821 12212 7989 5830 7382 7990 4728 4145 1246 7547
3822 6597 5915 5844 4728 6446 5847 7158
3823 8162 7909 6328 11355 5836 5885 6319 6052 7091 6404 3390
3824 8135 8558 9812 5886 5889 6970 7962 3082 12780
3825 12675 9234 11079 11687 7552 5909 6674 11520 6977
3826 9325 3899 3979 4255 2239 4394 5919 5921 7206 1211 7205 5924
3827 11203 7576 5921 7500 7902 1422 9077 3041
3828 7464 7593 5926 6069 6133 4824 3345 8005
3829 5929 5841 5842 6784 7429 7226
3830 11424 6052 6232 5953 951 4100 8386
3831 11755 5973 9566 541 5989 6257 6632
3832 5715 5995 7644 7720 9033 2193 2202 2194 2206
3833 7170 8026 6025 3979 4669 1908 1915 2981 1326 1327 7259 1649 560 11392 678 2387 284 151 169
3834 6435 12677 9151 6026 6984 3228 8951
3835 11985 11927 7478 7862 8060 6026 6100 12455
3836 10886 5709 6677 7355 2185 8566 12584 10047 6040 9742
3837 6758 6735 6049 6770 8096 4511 6773
3838 6710 8106 5145 6065 7769 7770 8172 9701 9702
3839 10660 8095 3421 4733 1815 6074 7656
3840 2694 2967 6172 5119 6264 3981 6133 6571 6924 3616 3613
3841 6145 7532 2300 9971 7663 2082 10912 7060 6240 7221 7933 291
3842 6180 6532 7580 7506 7168 2754 11525 12345
3843 6192 6962 7268 8903 2094 3465
3844 3979 6098 5242 4007 5583 4610 2735 5795 11317 7776 7530 5721 7698 11327 288 6221 8037 4751 9680 11328 583 8293
3845 3246 7097 7922 8159 6221 7731 6673
3846 6232 2556 7600 7136 7444 7720
3847 5305 4046 6249 6426 8190 4037 4049 11276 3367 7813 8038 12189
3848 12503 6788 7648 4507 10638 6271 9683 11498 7456 7667
3849 2924 6281 8065 8525 1771 8016 6374
3850 6228 5370 6594 7583 6310 10588 5893 8153 1425 2206 3324 9997 4210 5158 5487
3851 11175 6449 6316 6784 6969 2952 6281 6440
3852 6375 6723 8807 5153 5759 8096
3853 6417 6419 11731 6416 6420 7638
3854 6667 6427 6527 6025 5476 12425 1905 2569 4790 1696 3466 1093 1327 1087 1188 2719 211 254
3855 6458 7792 8035 3314 3319 5556 5846 6776 12011 7382
3856 6296 7200 7444 4912 6464 9570
3857 6466 6686 7111 11419 8168 11238 7444 7583 5972 3954
3858 8052 8018 7144 6873 6520 6527 1909 1914 2014 2569 2171 1695 9646 877 561 1069 478 686 689 204 280 378 1322 169
3859 10808 6842 8583 6531 11829 7766
3860 8052 8021 7939 6961 6537 6341 6025 4979 4511 2525 2372 1316 1643 5075 877 1003 561 826 4014
3861 7633 6427 6358 5595 6570 7896 1401 5317 7053
3862 11438 7278 7207 6668 6594 6003 2566 2010 2569 216
3863 7672 4544 6349 6598 7210 6911
3864 5309 6846 9873 6314 10641 6612 6793 7654 479 685 1019
3865 7331 7939 6620 9337 9089 8905
3866 6645 7335 7463 7492 8003 4825 4910 5305 6555 6712 6769 7720 8195 11969 6970 12643 12584 10849
3867 6696 6965 11823 9651 9198 7283 2635 12436 8870
3868 2716 6713 7580 8168 6831 6899 5844
3869 12339 5524 12638 11945 11698 11695 8001 6731 7041 6345 12131 10682 11620 11641 8049 418
3870 8052 8046 6748 7705 7939 6537 6528 12311 4511 2720 2716 6655 1904 2465 1371 1403 2170 1091 1185 1187 1205 8854 2850 1628 9676 8711 1319 300 285 286
3871 6772 6775 12266 6949 7081 5659 5873 5638 10283 8106 2689 4580 7482 3191 10628
3872 8052 7705 8018 7607 7207 6341 6527 6023 6024 3665 2718 3779 3186 2395 1904 2011 2105 2569 7755 6829 7707 920 1008 1097 6195 2172 2307 1326 715 4018
3873 11984 6839 7719 11980 10212 7436
3874 6859 8008 7078 9333 6887 8051 9463 7769
3875 6281 7903 7256 6862 6923 5787 4526
3876 6901 12414 7622 8176 5288 5656 7813 5082 3350 8406 1770 8456
3877 3082 3584 11962 6909 7223 7444
3878 4459 3015 8656 8713 8563 8079 6914 7567
3879 6927 7382 5571 6640 5911 10087 7081 4030
3880 4578 7797 6985 6806 7279 3918 4102 7062 8191 6950 2830
3881 1363 4502 6957 7402 7406 2406 10828 8108
3882 6996 7003 8142 5804 4461 3314
3883 7043 7131 12169 12578 8198 7628 6530 3505
3884 11661 5396 7158 7827 12548 7452 11844 7086 12179 12788 7492
3885 7132 7133 7134 2657 2658 181
3886 12138 6012 7867 7180 8126 8249
3887 11438 12564 8098 7853 7190 6090 7787 1081
3888 7248 7663 3047 11599 1801 3610 7444 4051 7870 990
3889 7387 7438 11255 10999 6227 7283
3890 7283 7731 10883 12625 6658 7816 1797 7835 5261 9200 2807
3891 1975 3149 7328 7934 8146 4752
3892 7328 12213 7438 7455 9562 8544
3893 9136 12105 9662 7803 7804 7373 1474 3060 12513
3894 6069 7851 8062 6558 6947 7377
3895 3840 6911 7420 12755 7563 8079 7158
3896 9154 2312 7452 7893 7935 8312 7288
3897 7783 12316 7471 7627 12022 11934 4583 3973 7720 5601 10427
3898 5605 6310 12301 11670 6757 7406 7476 7620 6026 12385 8232 7477 12769 6974 4120 6198 7637 7622
3899 7555 7898 7919 6587 4628 8555 9372
3900 7790 7789 6860 8589 8800 8006 11650
3901 12566 8107 7869 7250 12052 6952 11834 8035
