all_mean	work_mean	week_mean
4.555555555555555	4.711864406779661	4.396551724137931
4.571428571428571	4.5	4.666666666666667
4.5	5.0	4.2
5.0	5.0	5.0
4.9714285714285715	4.916666666666667	5.0
5.0	5.0	5.0
4.961538461538462	4.9375	5.0
4.880952380952381	4.888888888888889	4.833333333333333
5.0	5.0	5.0
5.0	5.0	5.0
4.777777777777778	4.666666666666667	4.857142857142857
4.7407407407407405	4.708333333333333	5.0
4.304347826086956	4.25	4.428571428571429
4.176470588235294	4.333333333333333	4.0
4.25	4.2	4.285714285714286
4.909090909090909	5.0	4.833333333333333
3.642857142857143	3.5454545454545454	4.0
3.6	3.8	3.0
4.4576271186440675	4.5	4.3076923076923075
3.0	3.3333333333333335	2.6666666666666665
4.352941176470588	4.5	4.0
4.5	4.5	4.5
3.533333333333333	3.909090909090909	2.5
4.176470588235294	4.181818181818182	4.166666666666667
5.0	5.0	5.0
5.0	5.0	5.0
5.0	5.0	5.0
4.666666666666667	4.75	4.555555555555555
5.0	5.0	5.0
4.8	5.0	4.5
5.0	5.0	5.0
4.909090909090909	4.875	5.0
4.454545454545454	4.363636363636363	4.545454545454546
4.957446808510638	5.0	4.818181818181818
5.0	5.0	5.0
4.444444444444445	4.8	4.0
4.3	4.666666666666667	4.142857142857143
4.944444444444445	5.0	4.833333333333333
5.0	5.0	5.0
4.875	5.0	4.75
5.0	5.0	5.0
4.26530612244898	4.346153846153846	4.173913043478261
4.682170542635659	4.614035087719298	4.736111111111111
5.0	5.0	5.0
5.0	5.0	5.0
4.9743589743589745	5.0	4.916666666666667
4.84	4.809523809523809	5.0
4.9655172413793105	4.956521739130435	5.0
4.9523809523809526	4.9411764705882355	5.0
5.0	5.0	5.0
5.0	5.0	5.0
5.0	5.0	5.0
5.0	5.0	5.0
4.8	5.0	4.7
4.545454545454546	4.375	5.0
3.466666666666667	3.5	3.3333333333333335
4.526315789473684	4.416666666666667	4.714285714285714
5.0	5.0	5.0
5.0	5.0	5.0
5.0	5.0	5.0
5.0	5.0	5.0
4.9	5.0	4.714285714285714
4.684210526315789	4.6875	4.666666666666667
4.833333333333333	4.714285714285714	5.0
4.821428571428571	4.761904761904762	5.0
4.857142857142857	4.9375	4.6
4.375	5.0	3.75
5.0	5.0	5.0
5.0	5.0	5.0
4.9411764705882355	4.909090909090909	5.0
4.182608695652174	4.185714285714286	4.177777777777778
4.933333333333334	4.9	5.0
4.409090909090909	4.4375	4.333333333333333
4.352941176470588	4.75	4.0
4.214285714285714	4.061224489795919	4.571428571428571
4.857142857142857	4.777777777777778	5.0
4.944444444444445	4.916666666666667	5.0
5.0	5.0	5.0
4.882352941176471	4.857142857142857	5.0
5.0	5.0	5.0
4.6875	4.615384615384615	5.0
5.0	5.0	5.0
4.9393939393939394	4.925925925925926	5.0
4.875	4.8	5.0
5.0	5.0	5.0
4.2727272727272725	4.5	4.142857142857143
4.5	4.655172413793103	3.6
5.0	5.0	5.0
4.4375	4.518518518518518	4.0
4.833333333333333	4.785714285714286	5.0
5.0	5.0	5.0
4.5	4.636363636363637	4.0
4.9772727272727275	4.962962962962963	5.0
5.0	5.0	5.0
4.8	4.8125	4.777777777777778
5.0	5.0	5.0
4.416666666666667	4.444444444444445	4.333333333333333
5.0	5.0	5.0
4.25	3.857142857142857	4.8
5.0	5.0	5.0
4.222222222222222	4.333333333333333	4.0
4.4	4.285714285714286	4.666666666666667
4.964285714285714	5.0	4.8
4.5	4.666666666666667	4.444444444444445
4.454545454545454	4.25	4.571428571428571
5.0	5.0	5.0
4.666666666666667	4.875	4.25
4.666666666666667	4.666666666666667	4.666666666666667
4.933333333333334	4.925925925925926	5.0
4.972972972972973	4.962962962962963	5.0
5.0	5.0	5.0
4.583333333333333	5.0	3.3333333333333335
4.947368421052632	4.909090909090909	5.0
4.098360655737705	4.029411764705882	4.185185185185185
5.0	5.0	5.0
4.647058823529412	4.454545454545454	5.0
4.1415094339622645	4.15	4.115384615384615
4.62962962962963	4.619047619047619	4.666666666666667
4.551724137931035	4.525	4.611111111111111
5.0	5.0	5.0
4.533333333333333	4.608695652173913	4.285714285714286
4.3076923076923075	4.375	4.2
4.0	3.875	4.333333333333333
4.0	4.5	3.6666666666666665
5.0	5.0	5.0
4.928571428571429	5.0	4.9
5.0	5.0	5.0
5.0	5.0	5.0
4.362962962962963	4.3076923076923075	4.548387096774194
4.7368421052631575	4.545454545454546	5.0
4.8	4.8076923076923075	4.777777777777778
4.652631578947369	4.704918032786885	4.5588235294117645
4.75	4.75	4.75
5.0	5.0	5.0
4.7272727272727275	4.733333333333333	4.714285714285714
4.75	4.75	4.75
5.0	5.0	5.0
5.0	5.0	5.0
4.333333333333333	4.0	4.5
5.0	5.0	5.0
3.3333333333333335	3.0	3.6666666666666665
4.0	4.0	4.0
4.416666666666667	4.75	4.25
4.454545454545454	4.714285714285714	4.0
4.909090909090909	4.875	5.0
5.0	5.0	5.0
4.875	4.8	5.0
4.666666666666667	4.333333333333333	5.0
4.818181818181818	4.714285714285714	5.0
5.0	5.0	5.0
5.0	5.0	5.0
5.0	5.0	5.0
4.0	4.0	4.0
5.0	5.0	5.0
3.7142857142857144	3.5	4.0
3.857142857142857	3.75	4.0
3.6666666666666665	3.3333333333333335	4.0
4.833333333333333	5.0	4.666666666666667
4.333333333333333	3.6666666666666665	5.0
3.235294117647059	2.9166666666666665	4.0
3.9473684210526314	4.0	3.6666666666666665
3.926829268292683	3.730769230769231	4.266666666666667
3.9565217391304346	4.032258064516129	3.8
4.074074074074074	4.2105263157894735	3.75
3.3684210526315788	3.5833333333333335	3.0
4.111111111111111	4.0	4.333333333333333
3.2	3.227272727272727	3.0
3.6363636363636362	3.5714285714285716	3.75
4.72	4.764705882352941	4.625
5.0	5.0	5.0
4.233333333333333	4.1	4.5
5.0	5.0	5.0
4.253333333333333	4.2615384615384615	4.2
4.6	4.552631578947368	4.857142857142857
4.0	4.15	3.8285714285714287
3.9743589743589745	4.222222222222222	3.761904761904762
4.72972972972973	4.7407407407407405	4.7
3.4375	3.5	3.25
4.185185185185185	4.333333333333333	4.142857142857143
4.183098591549296	4.211538461538462	4.105263157894737
4.3076923076923075	4.358974358974359	4.153846153846154
4.27536231884058	4.288461538461538	4.235294117647059
3.5	3.5714285714285716	3.3333333333333335
3.875	4.333333333333333	3.6
3.260869565217391	3.5625	2.5714285714285716
3.6774193548387095	3.742424242424242	3.5185185185185186
4.206896551724138	4.08	5.0
5.0	5.0	5.0
4.857142857142857	4.823529411764706	5.0
4.777777777777778	4.5	5.0
4.88	4.857142857142857	5.0
4.636363636363637	4.5	5.0
4.9411764705882355	4.918918918918919	5.0
4.909090909090909	5.0	4.75
4.045454545454546	4.142857142857143	3.875
5.0	5.0	5.0
5.0	5.0	5.0
3.411764705882353	3.090909090909091	4.0
4.352941176470588	4.142857142857143	4.5
4.571428571428571	4.584745762711864	4.527777777777778
2.825	2.903225806451613	2.5555555555555554
4.266666666666667	4.6	4.1
5.0	5.0	5.0
3.857142857142857	4.0	3.6666666666666665
4.04	4.052631578947368	4.0
3.64	3.85	2.8
3.9	3.8333333333333335	4.0
4.262295081967213	4.414634146341464	3.95
3.6666666666666665	4.6	3.0
3.6923076923076925	3.888888888888889	3.25
4.266666666666667	4.416666666666667	3.6666666666666665
4.222222222222222	4.25	4.2
3.2222222222222223	3.1666666666666665	3.3333333333333335
4.416666666666667	4.7272727272727275	4.153846153846154
4.703703703703703	4.681818181818182	4.8
5.0	5.0	5.0
4.888888888888889	5.0	4.8
4.125	4.1	4.166666666666667
4.571428571428571	4.5	4.666666666666667
5.0	5.0	5.0
4.392156862745098	4.351351351351352	4.5
4.857142857142857	4.88	4.666666666666667
4.615384615384615	4.375	5.0
4.714285714285714	4.7727272727272725	4.5
4.5	4.5	4.5
4.55	4.769230769230769	4.142857142857143
4.301369863013699	4.375	4.0588235294117645
5.0	5.0	5.0
4.3	3.3333333333333335	4.714285714285714
5.0	5.0	5.0
5.0	5.0	5.0
3.638888888888889	3.590909090909091	3.7142857142857144
4.571428571428571	4.666666666666667	4.5
5.0	5.0	5.0
4.875	5.0	4.75
3.6	3.576923076923077	3.6666666666666665
5.0	5.0	5.0
4.46969696969697	4.5	4.333333333333333
4.333333333333333	4.6	4.0
4.333333333333333	5.0	3.5
4.5625	4.857142857142857	4.333333333333333
4.076923076923077	4.2	3.6666666666666665
3.375	3.0833333333333335	4.25
4.0	3.909090909090909	4.333333333333333
3.9130434782608696	3.6470588235294117	4.666666666666667
3.782608695652174	4.0	3.5
4.542857142857143	4.555555555555555	4.428571428571429
4.6	4.428571428571429	5.0
5.0	5.0	5.0
3.5	3.4166666666666665	3.6666666666666665
4.666666666666667	4.68	4.6
5.0	5.0	5.0
3.1666666666666665	3.0	3.375
3.5	3.0	4.0
4.827586206896552	4.6	4.947368421052632
3.7142857142857144	4.0	3.3333333333333335
4.944444444444445	4.909090909090909	5.0
4.0	4.0	4.0
4.777777777777778	4.666666666666667	5.0
4.166666666666667	3.875	4.75
4.384615384615385	4.2	4.5
4.857142857142857	4.75	5.0
3.111111111111111	3.0	3.2
3.5849056603773586	3.7096774193548385	3.409090909090909
4.428571428571429	4.416666666666667	4.444444444444445
4.642857142857143	4.666666666666667	4.6
4.866666666666666	4.777777777777778	5.0
4.5	4.368421052631579	4.777777777777778
3.8333333333333335	3.7777777777777777	4.0
4.230769230769231	4.2	4.333333333333333
4.5	5.0	4.0
3.75	3.2	4.666666666666667
4.28	4.366666666666666	4.15
5.0	5.0	5.0
3.4	3.2222222222222223	3.6666666666666665
4.4	4.458333333333333	4.2727272727272725
4.454545454545454	4.25	4.571428571428571
4.405405405405405	4.379310344827586	4.5
5.0	5.0	5.0
4.714285714285714	5.0	4.5
3.625	2.8	5.0
4.421052631578948	4.083333333333333	5.0
4.923076923076923	5.0	4.5
4.090909090909091	4.333333333333333	4.0
5.0	5.0	5.0
3.272727272727273	3.6666666666666665	3.125
3.526315789473684	3.566666666666667	3.375
3.7058823529411766	3.8461538461538463	3.25
4.0	3.8333333333333335	4.333333333333333
4.186046511627907	4.296296296296297	4.0
4.153846153846154	4.222222222222222	4.0
4.0476190476190474	4.3076923076923075	3.625
4.036363636363636	4.0	4.181818181818182
2.857142857142857	3.0	2.75
4.4	4.6	4.2
4.25	4.111111111111111	4.666666666666667
3.375	3.0	3.6
4.521739130434782	4.714285714285714	4.4375
4.428571428571429	4.636363636363637	4.2
4.181818181818182	4.714285714285714	3.25
3.2616822429906542	3.2962962962962963	3.1538461538461537
3.75	3.6923076923076925	4.0
4.12280701754386	4.128205128205129	4.111111111111111
3.659090909090909	3.588235294117647	3.9
3.75	3.7777777777777777	3.7142857142857144
3.7058823529411766	3.642857142857143	4.0
4.473684210526316	4.6	4.333333333333333
3.892857142857143	3.923076923076923	3.8666666666666667
4.5	4.647058823529412	4.0
4.846153846153846	5.0	4.6
4.586206896551724	4.473684210526316	4.8
4.142857142857143	4.2727272727272725	3.6666666666666665
4.909090909090909	5.0	4.833333333333333
4.0	4.25	3.6666666666666665
3.8271604938271606	3.8360655737704916	3.8
3.76	3.772727272727273	3.6666666666666665
3.5142857142857142	3.7142857142857144	2.7142857142857144
4.133333333333334	4.1	4.2
4.214285714285714	4.142857142857143	4.285714285714286
4.875	4.8	5.0
3.869565217391304	3.9375	3.7142857142857144
3.9444444444444446	3.8181818181818183	4.142857142857143
4.0	4.0	4.0
4.09375	3.8846153846153846	5.0
4.625	4.5	4.916666666666667
3.7222222222222223	3.7241379310344827	3.7142857142857144
4.1	4.166666666666667	4.0
4.714285714285714	4.636363636363637	5.0
3.652173913043478	3.642857142857143	3.6666666666666665
3.5	2.7142857142857144	4.6
3.5833333333333335	3.125	4.5
4.111111111111111	4.0	4.3076923076923075
3.6470588235294117	3.7142857142857144	3.3333333333333335
4.181818181818182	3.6666666666666665	4.8
3.82	3.619047619047619	3.9655172413793105
4.428571428571429	4.666666666666667	4.111111111111111
4.444444444444445	4.4	4.5
4.166666666666667	4.2	4.0
4.0	3.962962962962963	4.2
3.7432432432432434	3.764705882352941	3.5
4.7	4.6	4.9
4.344444444444444	4.361111111111111	4.277777777777778
3.9285714285714284	4.444444444444445	3.0
3.769230769230769	3.8333333333333335	3.7142857142857144
4.352941176470588	4.409090909090909	4.25
4.111111111111111	4.333333333333333	4.0
4.0	4.25	3.6666666666666665
3.625	3.642857142857143	3.6
4.0	4.25	3.6666666666666665
4.185185185185185	4.428571428571429	3.923076923076923
4.584905660377358	4.555555555555555	4.75
4.1	4.0	4.25
3.588235294117647	3.9285714285714284	2.0
4.145833333333333	4.190476190476191	3.8333333333333335
4.5	4.285714285714286	5.0
4.2	4.142857142857143	4.2727272727272725
4.636363636363637	4.333333333333333	5.0
4.45945945945946	4.490566037735849	4.380952380952381
4.181818181818182	4.428571428571429	3.75
4.714285714285714	5.0	4.333333333333333
4.444444444444445	4.5	4.333333333333333
4.375	4.25	4.5
4.7631578947368425	4.75	4.833333333333333
4.45	4.642857142857143	4.0
4.304347826086956	4.368421052631579	4.0
4.0	3.6666666666666665	4.5
2.838709677419355	2.8214285714285716	3.0
3.347826086956522	3.176470588235294	3.8333333333333335
3.1714285714285713	3.0833333333333335	3.3636363636363638
4.0	4.041666666666667	3.909090909090909
4.0	4.0	4.0
4.4324324324324325	4.3478260869565215	4.571428571428571
4.2105263157894735	4.230769230769231	4.166666666666667
3.5714285714285716	3.3333333333333335	3.75
4.083333333333333	4.125	4.0
4.333333333333333	4.666666666666667	3.6666666666666665
4.666666666666667	4.666666666666667	4.666666666666667
4.666666666666667	4.702702702702703	4.5
4.2727272727272725	4.333333333333333	4.2
4.12	4.166666666666667	4.0
4.090909090909091	4.076923076923077	4.111111111111111
3.85	4.166666666666667	3.375
4.3	4.166666666666667	4.5
4.547169811320755	4.538461538461538	4.571428571428571
3.7916666666666665	3.789473684210526	3.8
3.830188679245283	3.9166666666666665	3.6470588235294117
4.025316455696203	3.984848484848485	4.230769230769231
3.5142857142857142	3.3333333333333335	3.966666666666667
4.083333333333333	4.1	4.0
4.411764705882353	4.5	4.2
4.0212765957446805	4.0	4.090909090909091
3.909090909090909	4.0	3.75
3.5294117647058822	3.5384615384615383	3.5
3.8051948051948052	4.08	3.2962962962962963
4.285714285714286	4.3	4.2727272727272725
4.375	3.6666666666666665	4.8
3.8	3.4444444444444446	4.333333333333333
4.866666666666666	4.947368421052632	4.7272727272727275
3.48	3.526315789473684	3.3333333333333335
3.6	3.4761904761904763	4.25
3.5238095238095237	3.6153846153846154	3.375
4.230769230769231	4.4	3.6666666666666665
3.9722222222222223	4.033333333333333	3.6666666666666665
3.2285714285714286	3.3461538461538463	2.888888888888889
3.896551724137931	3.9523809523809526	3.75
3.96875	4.222222222222222	2.6
4.015873015873016	3.966666666666667	5.0
5.0	5.0	5.0
4.111111111111111	4.0	4.2
4.25	3.75	4.75
3.576923076923077	3.6666666666666665	3.4545454545454546
4.785714285714286	4.7	5.0
4.384615384615385	4.4	4.375
3.3684210526315788	3.4285714285714284	3.2
2.85	3.0	2.823529411764706
3.875	4.25	3.5
3.0408163265306123	2.9615384615384617	3.130434782608696
3.8421052631578947	3.7333333333333334	4.25
3.909090909090909	4.571428571428571	2.75
4.181818181818182	4.0	4.666666666666667
3.890909090909091	3.8181818181818183	4.181818181818182
4.571428571428571	4.75	4.333333333333333
5.0	5.0	5.0
4.214285714285714	4.555555555555555	3.6
3.7083333333333335	3.65	4.0
3.8933333333333335	3.9074074074074074	3.857142857142857
3.696969696969697	3.75	3.5555555555555554
5.0	5.0	5.0
4.1891891891891895	4.037037037037037	4.6
4.823529411764706	4.8	4.857142857142857
4.0	4.0	4.0
3.7804878048780486	3.6	4.2727272727272725
4.105263157894737	4.214285714285714	3.8
3.4166666666666665	3.1666666666666665	3.6666666666666665
3.6486486486486487	3.7083333333333335	3.5384615384615383
4.777777777777778	4.666666666666667	4.833333333333333
3.6973684210526314	3.712121212121212	3.6
3.9166666666666665	3.9565217391304346	3.8461538461538463
5.0	5.0	5.0
3.8421052631578947	4.0	3.25
4.8	4.9523809523809526	4.689655172413793
4.708333333333333	4.65	5.0
4.311111111111111	4.3076923076923075	4.32
3.9473684210526314	3.9375	4.0
3.5	2.6666666666666665	4.333333333333333
5.0	5.0	5.0
4.5	4.411764705882353	4.8
4.833333333333333	4.75	5.0
4.115384615384615	4.0	4.333333333333333
4.321428571428571	4.35	4.25
4.0	3.967741935483871	4.125
3.8666666666666667	4.136363636363637	3.125
3.9	3.861111111111111	4.0
3.7037037037037037	3.652173913043478	4.0
3.75	3.9411764705882355	2.6666666666666665
4.2	4.25	4.166666666666667
4.230769230769231	4.444444444444445	3.75
5.0	5.0	5.0
3.5	4.333333333333333	2.6666666666666665
4.5	4.333333333333333	4.666666666666667
3.0	3.25	2.0
3.7222222222222223	3.5	4.0
3.2195121951219514	3.111111111111111	3.4285714285714284
4.0	4.333333333333333	3.8
4.090909090909091	3.8333333333333335	4.4
3.7586206896551726	3.6	4.75
4.823529411764706	4.821428571428571	4.833333333333333
3.25	3.8	2.3333333333333335
3.9285714285714284	4.238095238095238	3.0
3.75	3.782608695652174	3.6666666666666665
3.5714285714285716	4.0	3.25
4.147058823529412	4.35	3.857142857142857
4.583333333333333	4.5	4.625
3.5	3.8	2.75
4.533333333333333	4.285714285714286	4.75
4.875	5.0	4.75
4.090909090909091	3.5714285714285716	5.0
3.8461538461538463	3.761904761904762	4.2
3.8666666666666667	3.9166666666666665	3.6666666666666665
3.5	2.3333333333333335	4.666666666666667
3.7777777777777777	3.75	3.8
3.4285714285714284	3.5	3.25
4.433333333333334	4.523809523809524	4.222222222222222
4.08	4.05	4.2
3.7777777777777777	3.6	4.0
3.689655172413793	3.75	3.4
4.0	4.05	3.8333333333333335
4.8	4.7272727272727275	5.0
4.166666666666667	4.285714285714286	4.0
3.4210526315789473	3.5454545454545454	3.25
4.585365853658536	4.551724137931035	4.666666666666667
4.0	3.945945945945946	4.166666666666667
3.727272727272727	3.875	3.3333333333333335
3.8309859154929575	3.9661016949152543	3.1666666666666665
3.816326530612245	3.75	4.0
4.3	4.5	4.166666666666667
4.375	4.8	3.6666666666666665
4.3125	4.230769230769231	4.666666666666667
4.125	4.0	4.333333333333333
4.666666666666667	4.538461538461538	5.0
4.875	5.0	4.8
3.619047619047619	3.5294117647058822	4.0
4.363636363636363	4.333333333333333	4.428571428571429
3.875	3.8333333333333335	4.0
4.2727272727272725	4.375	4.0
4.153846153846154	4.161290322580645	4.125
4.363636363636363	4.166666666666667	4.6
3.9130434782608696	3.5	4.555555555555555
4.111111111111111	4.0	4.25
4.45945945945946	4.464285714285714	4.444444444444445
4.5	4.333333333333333	4.666666666666667
4.261904761904762	4.375	4.111111111111111
3.7222222222222223	3.4827586206896552	4.0
4.555555555555555	4.5	4.666666666666667
4.555555555555555	4.0	5.0
4.0	4.368421052631579	3.125
3.9	4.0	3.6666666666666665
4.071428571428571	4.125	3.9
3.130434782608696	3.0526315789473686	3.5
4.111111111111111	4.25	4.0
2.6666666666666665	2.3333333333333335	3.0
3.8125	4.0	3.25
4.714285714285714	4.75	4.666666666666667
4.933333333333334	4.9	5.0
4.555555555555555	4.333333333333333	5.0
2.933333333333333	2.8181818181818183	3.25
4.833333333333333	4.666666666666667	5.0
4.666666666666667	4.4	5.0
4.769230769230769	4.6	4.875
4.478260869565218	4.423076923076923	4.55
4.666666666666667	4.714285714285714	4.6
4.411764705882353	4.310344827586207	5.0
4.8	4.777777777777778	5.0
4.571428571428571	5.0	4.0
3.75	4.666666666666667	3.2
2.3333333333333335	2.0	2.6666666666666665
4.115384615384615	4.0701754385964914	4.238095238095238
4.0344827586206895	4.041666666666667	4.0
4.0	4.5	3.25
3.6956521739130435	3.7341772151898733	3.4615384615384617
3.972972972972973	3.875	4.153846153846154
3.5	3.4285714285714284	3.5555555555555554
4.2727272727272725	3.857142857142857	5.0
4.75	4.6	5.0
4.0476190476190474	4.0	4.2
4.142857142857143	3.857142857142857	4.428571428571429
4.105263157894737	4.25	4.0
1.5263157894736843	1.6666666666666667	1.2857142857142858
3.861111111111111	4.0	3.6153846153846154
4.375	4.4	4.333333333333333
3.12	3.2	2.8
3.7222222222222223	3.8181818181818183	3.5714285714285716
4.111111111111111	4.2	4.0
4.294117647058823	3.875	4.666666666666667
3.0625	3.5	2.3333333333333335
4.492957746478873	4.68	4.0476190476190474
4.1875	4.142857142857143	4.5
4.045454545454546	3.9411764705882355	4.4
3.7	3.5	4.0
4.675	4.678571428571429	4.666666666666667
3.75	3.7	3.8333333333333335
4.707692307692308	4.673913043478261	4.7894736842105265
3.588235294117647	3.5	3.909090909090909
4.026666666666666	4.071428571428571	3.8947368421052633
4.25	4.076923076923077	5.0
5.0	5.0	5.0
3.942857142857143	3.9310344827586206	4.0
4.538461538461538	4.714285714285714	4.333333333333333
3.25	3.3043478260869565	3.0
3.2666666666666666	3.3	3.2
3.74	3.6944444444444446	3.857142857142857
4.155555555555556	4.32	3.95
3.625	3.6122448979591835	3.6666666666666665
3.4705882352941178	3.5384615384615383	3.25
3.15	3.2	3.1
3.5853658536585367	3.6	3.5625
3.533333333333333	3.48	3.8
4.385714285714286	4.357142857142857	4.5
4.2	4.3	3.8
4.75	4.5	5.0
4.132352941176471	3.945945945945946	4.354838709677419
4.048780487804878	4.0	4.25
4.146341463414634	4.176470588235294	4.0
4.217391304347826	4.315789473684211	3.75
3.375	3.391304347826087	3.3333333333333335
4.5625	4.5	4.666666666666667
4.052631578947368	4.066666666666666	4.0
3.8181818181818183	4.0	3.3333333333333335
4.285714285714286	4.5	4.0
4.0777777777777775	4.070422535211268	4.105263157894737
3.466666666666667	3.0	3.7
2.857142857142857	3.0	2.6666666666666665
4.541666666666667	4.647887323943662	4.24
4.166666666666667	4.176470588235294	4.142857142857143
4.305555555555555	4.3076923076923075	4.3
4.457142857142857	4.478260869565218	4.416666666666667
3.5	3.0	4.0
4.125	4.75	3.5
3.5	3.6	3.4285714285714284
4.5	4.538461538461538	4.4
3.238095238095238	3.111111111111111	4.0
4.2105263157894735	4.214285714285714	4.2
4.913043478260869	5.0	4.666666666666667
3.7916666666666665	3.8333333333333335	3.6666666666666665
3.793103448275862	3.8125	3.7
4.855263157894737	4.803921568627451	4.96
3.388888888888889	3.2222222222222223	3.5555555555555554
3.7058823529411766	3.25	4.111111111111111
4.615384615384615	4.6	4.666666666666667
4.148148148148148	4.355555555555555	3.111111111111111
3.361111111111111	3.4545454545454546	3.2142857142857144
4.357142857142857	4.0	4.714285714285714
4.230769230769231	4.339285714285714	3.5555555555555554
4.111111111111111	3.6666666666666665	4.333333333333333
4.909090909090909	4.882352941176471	5.0
2.8	2.6666666666666665	3.3333333333333335
4.636363636363637	5.0	4.529411764705882
5.0	5.0	5.0
4.0	4.5	3.6
4.785714285714286	4.857142857142857	4.714285714285714
5.0	5.0	5.0
4.833333333333333	4.833333333333333	4.833333333333333
3.9	3.7142857142857144	4.333333333333333
4.8	5.0	4.6
3.0	2.923076923076923	3.3333333333333335
3.8333333333333335	3.6666666666666665	4.0
3.25	3.4615384615384617	3.0
4.5	4.0	5.0
4.333333333333333	4.333333333333333	4.333333333333333
4.363636363636363	3.6666666666666665	4.473684210526316
4.038461538461538	4.0	4.25
3.3	3.5714285714285716	2.6666666666666665
3.9545454545454546	3.911764705882353	4.1
4.833333333333333	4.666666666666667	5.0
3.5	3.3333333333333335	3.6
3.9	4.0	3.8
3.9375	4.083333333333333	3.5
3.7142857142857144	5.0	2.75
5.0	5.0	5.0
3.8333333333333335	3.6666666666666665	4.0
4.12	4.090909090909091	4.333333333333333
4.666666666666667	4.428571428571429	5.0
3.3	2.888888888888889	3.9166666666666665
3.7096774193548385	3.6842105263157894	3.75
3.923076923076923	3.8	4.333333333333333
4.133333333333334	3.75	4.571428571428571
3.9473684210526314	4.166666666666667	3.5714285714285716
4.764705882352941	4.769230769230769	4.75
3.3076923076923075	3.1	4.0
4.382352941176471	4.339805825242719	4.447761194029851
3.8260869565217392	3.8333333333333335	3.8
4.0	4.25	3.8333333333333335
4.461538461538462	4.714285714285714	4.166666666666667
3.0	3.0555555555555554	2.75
4.116279069767442	4.096774193548387	4.166666666666667
3.888888888888889	3.8181818181818183	4.083333333333333
4.230769230769231	4.25	4.2
4.162162162162162	4.166666666666667	4.142857142857143
3.8421052631578947	3.8461538461538463	3.8333333333333335
4.55	4.454545454545454	4.666666666666667
4.3478260869565215	4.1875	4.714285714285714
3.375	3.4642857142857144	3.1666666666666665
4.2105263157894735	4.137931034482759	4.444444444444445
4.785714285714286	4.818181818181818	4.666666666666667
4.828947368421052	4.841269841269841	4.769230769230769
5.0	5.0	5.0
3.7142857142857144	3.25	4.333333333333333
4.354838709677419	4.454545454545454	4.111111111111111
4.375	4.666666666666667	4.0
4.476190476190476	4.461538461538462	4.5
2.5	2.230769230769231	3.6666666666666665
4.3	4.2407407407407405	4.833333333333333
3.7142857142857144	3.9	3.25
4.5	4.6	4.333333333333333
4.2105263157894735	4.222222222222222	4.2
4.115384615384615	3.9523809523809526	4.8
3.4782608695652173	3.4375	3.5714285714285716
3.625	3.6	3.6666666666666665
4.775	4.6923076923076925	4.928571428571429
2.8333333333333335	2.888888888888889	2.6666666666666665
3.923076923076923	4.3	2.6666666666666665
3.619718309859155	3.7083333333333335	3.4347826086956523
4.0	4.083333333333333	3.8333333333333335
3.3076923076923075	3.25	3.4
4.216216216216216	4.271186440677966	4.0
4.565217391304348	4.5	4.8
4.285714285714286	4.25	4.333333333333333
3.7209302325581395	3.6666666666666665	4.0
3.3043478260869565	3.3125	3.2857142857142856
4.75	4.5	5.0
4.419354838709677	4.392857142857143	4.666666666666667
4.777777777777778	5.0	4.333333333333333
4.1	3.0	4.571428571428571
4.3076923076923075	4.444444444444445	4.0
3.8947368421052633	4.0	3.75
4.3125	4.6	3.8333333333333335
4.2	3.8333333333333335	4.75
3.888888888888889	3.8	4.333333333333333
3.3333333333333335	4.2	2.25
4.0476190476190474	4.0	4.333333333333333
3.6	3.5	4.0
4.285714285714286	3.3333333333333335	5.0
4.111111111111111	3.5714285714285716	4.454545454545454
4.916666666666667	5.0	4.833333333333333
4.285714285714286	4.0	4.5
3.8	2.6666666666666665	4.083333333333333
3.7777777777777777	4.5	2.3333333333333335
5.0	5.0	5.0
3.0714285714285716	3.5555555555555554	2.2
5.0	5.0	5.0
4.512195121951219	4.464285714285714	4.615384615384615
4.371428571428571	4.291666666666667	4.545454545454546
4.444444444444445	4.615384615384615	4.0
4.785714285714286	4.7368421052631575	4.888888888888889
4.166666666666667	4.333333333333333	4.0
5.0	5.0	5.0
3.5	3.5714285714285716	3.3333333333333335
5.0	5.0	5.0
4.205128205128205	4.172413793103448	4.3
2.857142857142857	3.75	1.6666666666666667
3.92	3.769230769230769	4.083333333333333
4.142857142857143	4.2	4.0
4.875	5.0	4.75
3.857142857142857	3.0	4.5
4.545454545454546	4.714285714285714	4.25
3.9411764705882355	4.285714285714286	3.7
4.1	4.0	4.25
3.5384615384615383	3.5	3.6666666666666665
4.181818181818182	4.375	3.6666666666666665
3.4	3.5714285714285716	3.0
4.75	4.6923076923076925	5.0
4.666666666666667	4.333333333333333	4.833333333333333
4.615384615384615	4.571428571428571	4.666666666666667
3.347826086956522	3.0588235294117645	4.166666666666667
4.45	4.470588235294118	4.333333333333333
4.323529411764706	4.291666666666667	4.4
4.625	4.555555555555555	4.714285714285714
3.8823529411764706	3.7142857142857144	4.666666666666667
3.5	3.3333333333333335	3.6666666666666665
4.333333333333333	4.416666666666667	4.0
4.032258064516129	3.869565217391304	4.5
3.125	3.2857142857142856	2.0
4.363636363636363	4.6	4.166666666666667
4.08	4.181818181818182	4.0
4.333333333333333	3.6666666666666665	4.666666666666667
3.111111111111111	2.6666666666666665	3.3333333333333335
3.5714285714285716	4.25	2.6666666666666665
2.125	2.207547169811321	1.7272727272727273
4.333333333333333	5.0	3.6666666666666665
4.666666666666667	4.571428571428571	4.8
5.0	5.0	5.0
3.388888888888889	3.2666666666666666	4.0
3.8181818181818183	4.714285714285714	2.25
4.0	4.666666666666667	3.6
4.777777777777778	4.666666666666667	5.0
4.066666666666666	4.2727272727272725	3.5
4.3076923076923075	4.3	4.333333333333333
3.0	3.8	2.6363636363636362
4.5	4.75	4.25
4.3	4.375	4.0
4.666666666666667	4.6	4.75
3.625	3.4	4.0
3.8947368421052633	3.933333333333333	3.75
4.0	4.0	4.0
3.8260869565217392	3.8666666666666667	3.75
3.7333333333333334	3.8	3.6
4.7	4.666666666666667	4.75
4.5588235294117645	4.826086956521739	4.0
4.111111111111111	4.166666666666667	4.0
4.170212765957447	4.205128205128205	4.0
4.722222222222222	4.666666666666667	5.0
4.1875	4.3076923076923075	3.6666666666666665
4.615384615384615	4.666666666666667	4.571428571428571
3.466666666666667	3.6	3.2
3.923076923076923	3.5555555555555554	4.75
4.166666666666667	3.888888888888889	5.0
4.296296296296297	4.111111111111111	4.388888888888889
3.0	2.5555555555555554	3.6666666666666665
3.8333333333333335	4.333333333333333	3.3333333333333335
4.529411764705882	4.222222222222222	4.875
3.923076923076923	4.032786885245901	3.5294117647058822
4.0	4.75	3.5714285714285716
3.875	4.2	3.3333333333333335
3.8421052631578947	3.769230769230769	4.0
4.833333333333333	4.666666666666667	5.0
4.714285714285714	4.75	4.666666666666667
4.5	4.6	4.428571428571429
4.171875	4.191489361702128	4.117647058823529
4.444444444444445	4.4	4.5
4.444444444444445	4.5	4.333333333333333
4.142857142857143	4.0	4.333333333333333
5.0	5.0	5.0
4.25	4.6	3.6666666666666665
3.923076923076923	3.625	4.4
4.428571428571429	3.6666666666666665	5.0
4.428571428571429	4.0	5.0
3.5	4.0	3.0
4.857142857142857	5.0	4.75
4.0	4.125	3.7142857142857144
3.125	3.6	2.3333333333333335
5.0	5.0	5.0
4.32258064516129	4.24	4.666666666666667
4.133333333333334	4.666666666666667	3.7777777777777777
3.9047619047619047	3.7777777777777777	4.666666666666667
4.875	4.8	5.0
3.3333333333333335	3.125	3.75
4.7894736842105265	4.916666666666667	4.571428571428571
3.5454545454545454	4.166666666666667	2.8
4.5813953488372094	4.5625	4.592592592592593
5.0	5.0	5.0
3.888888888888889	3.5	4.666666666666667
4.04	4.105263157894737	3.8333333333333335
4.0	4.0	4.0
5.0	5.0	5.0
3.375	4.0	2.75
3.8333333333333335	4.666666666666667	3.5555555555555554
3.272727272727273	2.857142857142857	4.0
4.454545454545454	5.0	4.25
4.153846153846154	4.333333333333333	3.75
3.9166666666666665	3.6	4.142857142857143
5.0	5.0	5.0
4.571428571428571	4.5	4.666666666666667
5.0	5.0	5.0
4.722222222222222	4.714285714285714	4.7272727272727275
4.0	3.875	4.166666666666667
4.625	4.25	5.0
4.444444444444445	4.4	4.5
3.5555555555555554	3.5	3.6666666666666665
3.9523809523809526	3.8823529411764706	4.25
3.6363636363636362	3.7142857142857144	3.5
5.0	5.0	5.0
4.1	3.3333333333333335	4.428571428571429
3.909090909090909	3.8214285714285716	4.4
4.470588235294118	4.2727272727272725	4.833333333333333
5.0	5.0	5.0
4.571428571428571	4.611111111111111	4.333333333333333
4.071428571428571	4.090909090909091	4.0
3.6666666666666665	4.0	3.3333333333333335
4.125	3.75	4.5
4.416666666666667	4.625	4.0
3.375	3.6	3.0
4.428571428571429	5.0	4.0
4.0	3.8	4.333333333333333
4.916666666666667	5.0	4.875
4.45	4.454545454545454	4.444444444444445
5.0	5.0	5.0
3.5	3.6666666666666665	3.25
4.125	5.0	3.6
3.2	2.5	3.6666666666666665
4.294117647058823	4.5	4.0
4.333333333333333	5.0	3.6666666666666665
3.875	4.0	3.8
4.166666666666667	4.0	4.5
3.7333333333333334	4.0	3.6
3.142857142857143	2.75	3.6666666666666665
3.727272727272727	3.4285714285714284	4.25
3.5	3.0	3.7142857142857144
4.428571428571429	3.6666666666666665	5.0
4.625	4.4	5.0
4.125	3.8	4.666666666666667
3.9	4.5	3.0
4.125	3.6	5.0
4.6	4.666666666666667	4.5
4.090909090909091	4.0	4.25
5.0	5.0	5.0
4.166666666666667	3.9347826086956523	4.447368421052632
4.3125	4.333333333333333	4.285714285714286
4.444444444444445	5.0	3.75
3.611111111111111	4.4	3.3076923076923075
5.0	5.0	5.0
3.72	3.411764705882353	4.375
4.166666666666667	3.3333333333333335	5.0
4.5	4.416666666666667	4.833333333333333
4.0	4.666666666666667	2.6666666666666665
3.0	3.0	3.0
2.411764705882353	2.1538461538461537	3.25
4.5	4.666666666666667	4.333333333333333
3.4615384615384617	3.0	3.6
3.8076923076923075	3.772727272727273	4.0
3.888888888888889	3.6	4.25
4.428571428571429	4.352941176470588	4.75
3.3846153846153846	3.4347826086956523	3.0
4.666666666666667	5.0	4.25
4.3	4.0	5.0
3.6	3.6875	3.25
4.333333333333333	4.0	4.666666666666667
4.833333333333333	4.666666666666667	5.0
4.214285714285714	4.3	4.0
4.857142857142857	4.875	4.85
3.35	3.625	2.25
4.5	5.0	4.166666666666667
4.714285714285714	4.666666666666667	4.75
4.714285714285714	4.666666666666667	4.75
4.086956521739131	4.0	4.333333333333333
3.6666666666666665	3.3333333333333335	4.0
4.1	3.9285714285714284	4.5
3.3333333333333335	3.4074074074074074	3.0
4.708333333333333	4.722222222222222	4.666666666666667
3.5454545454545454	3.25	4.333333333333333
4.2	3.6666666666666665	4.428571428571429
4.0	4.5	3.5
4.75	4.8	4.666666666666667
4.3	4.428571428571429	4.0
3.5714285714285716	4.0	3.25
4.649122807017544	4.655172413793103	4.642857142857143
4.428571428571429	4.25	4.666666666666667
4.416666666666667	4.428571428571429	4.4
4.0	4.666666666666667	3.6
2.875	2.8181818181818183	2.923076923076923
4.9	4.666666666666667	5.0
3.4	3.7142857142857144	2.6666666666666665
4.0	4.111111111111111	3.8
4.9	4.857142857142857	5.0
3.7777777777777777	3.8	3.6666666666666665
4.428571428571429	4.142857142857143	4.714285714285714
3.6	4.0	3.2
3.6	3.6	3.6
4.35	4.5	4.2
3.8181818181818183	3.857142857142857	3.75
4.5	4.0	5.0
4.1	3.6666666666666665	4.285714285714286
4.473684210526316	4.466666666666667	4.5
3.75	3.764705882352941	3.6666666666666665
3.9166666666666665	3.5	4.75
3.75	3.2	4.666666666666667
4.333333333333333	4.0	4.666666666666667
2.8157894736842106	2.6785714285714284	3.2
3.5555555555555554	4.666666666666667	3.0
4.333333333333333	4.625	3.75
4.714285714285714	4.7	4.75
3.75	4.0	3.5
4.2727272727272725	4.142857142857143	4.5
3.4166666666666665	3.5	3.25
5.0	5.0	5.0
4.0	3.8	4.333333333333333
4.5	5.0	4.0
4.428571428571429	5.0	4.0
3.3	3.0	4.0
4.083333333333333	4.285714285714286	3.8
3.857142857142857	3.5	4.333333333333333
4.833333333333333	4.666666666666667	5.0
4.0	4.0	4.0
3.857142857142857	3.3333333333333335	4.25
3.857142857142857	3.3333333333333335	4.25
3.5833333333333335	3.3125	4.125
4.526315789473684	4.5	4.666666666666667
3.8823529411764706	3.5	4.428571428571429
4.0	4.108108108108108	3.5555555555555554
4.689655172413793	4.777777777777778	4.65
3.8	5.0	3.0
4.117647058823529	4.2	4.0
5.0	5.0	5.0
4.7631578947368425	4.814814814814815	4.636363636363637
3.357142857142857	2.625	4.333333333333333
4.153846153846154	4.333333333333333	4.0
4.076923076923077	4.1	4.0
4.2	4.0	4.4
4.56140350877193	4.5576923076923075	4.6
4.166666666666667	3.6666666666666665	4.666666666666667
5.0	5.0	5.0
4.0	3.5	4.666666666666667
4.785714285714286	4.909090909090909	4.333333333333333
4.0	3.75	4.333333333333333
4.7	4.571428571428571	5.0
3.066666666666667	3.6666666666666665	2.6666666666666665
4.711111111111111	4.862068965517241	4.4375
4.125	4.08	4.285714285714286
4.40625	4.25	4.5
4.933333333333334	4.916666666666667	5.0
4.666666666666667	4.615384615384615	4.8
4.714285714285714	5.0	4.333333333333333
3.75	3.25	4.25
4.428571428571429	4.607142857142857	4.071428571428571
4.3076923076923075	3.8333333333333335	4.714285714285714
4.153846153846154	4.222222222222222	4.0
3.9444444444444446	3.739130434782609	4.3076923076923075
4.472222222222222	4.32	4.818181818181818
4.538461538461538	4.5	4.666666666666667
3.5	4.0	3.0
3.789473684210526	3.933333333333333	3.25
4.818181818181818	5.0	4.6923076923076925
4.25	4.6	3.6666666666666665
3.7777777777777777	3.8333333333333335	3.6666666666666665
4.860759493670886	4.893939393939394	4.6923076923076925
4.375	4.2	4.666666666666667
4.285714285714286	4.1923076923076925	4.555555555555555
4.166666666666667	4.0	4.333333333333333
4.428571428571429	4.444444444444445	4.4
3.9583333333333335	3.9523809523809526	4.0
4.333333333333333	4.384615384615385	4.2
4.954545454545454	4.947368421052632	5.0
4.428571428571429	4.75	4.0
4.142857142857143	4.333333333333333	4.0
4.833333333333333	4.666666666666667	5.0
4.538461538461538	4.4	5.0
4.108695652173913	4.055555555555555	4.3
3.7	3.5	4.0
4.761904761904762	4.75	4.777777777777778
3.7	3.8333333333333335	3.5
4.0	4.583333333333333	3.0
3.6	3.5	4.0
4.1	3.3333333333333335	4.428571428571429
4.444444444444445	5.0	4.0
3.6666666666666665	3.5555555555555554	3.8333333333333335
3.65	3.3846153846153846	4.142857142857143
4.5	4.75	4.375
4.0	4.25	3.625
4.285714285714286	4.25	4.333333333333333
3.869565217391304	4.0	3.142857142857143
3.9047619047619047	3.923076923076923	3.875
3.5827814569536423	3.5727272727272728	3.6097560975609757
5.0	5.0	5.0
4.133333333333334	4.25	3.6666666666666665
4.07	4.055555555555555	4.2
4.809523809523809	4.785714285714286	4.857142857142857
4.020408163265306	4.0	4.25
4.454545454545454	5.0	4.25
4.583333333333333	4.2	4.857142857142857
4.857142857142857	5.0	4.75
4.071428571428571	4.0	4.090909090909091
3.9411764705882355	4.2	3.5714285714285716
3.4285714285714284	4.0	2.6666666666666665
4.826086956521739	4.785714285714286	4.888888888888889
3.357142857142857	3.6	2.75
4.642857142857143	4.75	4.5
3.7777777777777777	3.5	3.857142857142857
3.75	3.6	4.0
4.833333333333333	5.0	4.333333333333333
4.5	4.6	4.333333333333333
4.117647058823529	4.3076923076923075	3.5
3.3846153846153846	3.7	2.3333333333333335
4.636363636363637	5.0	4.2
4.2272727272727275	4.352941176470588	3.8
4.511904761904762	4.369230769230769	5.0
4.125	3.75	4.5
4.260869565217392	4.222222222222222	4.4
3.888888888888889	3.4	4.5
3.2857142857142856	3.0	4.0
4.428571428571429	4.0	5.0
4.428571428571429	4.142857142857143	4.714285714285714
3.8666666666666667	4.181818181818182	3.0
4.666666666666667	4.857142857142857	4.285714285714286
4.0	3.6	4.666666666666667
3.5416666666666665	3.5	3.625
3.577777777777778	3.5476190476190474	4.0
3.6666666666666665	4.0	3.3333333333333335
4.625	4.5	4.75
4.2727272727272725	4.0	4.428571428571429
4.896551724137931	4.866666666666666	4.928571428571429
3.25	2.6	3.7142857142857144
3.875	3.75	4.0
3.75	3.25	4.25
4.076923076923077	4.25	3.8
3.2564102564102564	3.44	2.9285714285714284
3.6551724137931036	3.8260869565217392	3.0
4.777777777777778	4.571428571428571	4.909090909090909
4.639175257731959	4.620253164556962	4.722222222222222
2.5454545454545454	2.6	2.5
4.076923076923077	4.125	4.0
3.1666666666666665	3.3333333333333335	3.0
4.444444444444445	4.454545454545454	4.428571428571429
4.222222222222222	4.190476190476191	4.333333333333333
4.833333333333333	4.666666666666667	5.0
4.0	4.0	4.0
4.666666666666667	4.333333333333333	5.0
4.254901960784314	4.162162162162162	4.5
4.090909090909091	4.333333333333333	3.8
2.888888888888889	2.25	3.4
3.75	4.384615384615385	2.5714285714285716
3.6666666666666665	3.8333333333333335	3.5833333333333335
3.0	2.875	3.3333333333333335
4.142857142857143	4.25	4.0
4.529411764705882	4.461538461538462	4.75
3.090909090909091	3.0	3.142857142857143
4.2	4.0	4.333333333333333
4.636363636363637	4.571428571428571	4.75
4.666666666666667	4.909090909090909	4.0
4.444444444444445	4.0	5.0
4.352941176470588	4.260869565217392	4.545454545454546
5.0	5.0	5.0
4.142857142857143	3.6666666666666665	4.5
4.0	3.9	4.117647058823529
3.769230769230769	4.4	3.375
4.5	5.0	3.75
4.4	4.571428571428571	4.0
3.625	4.0	3.25
3.2857142857142856	2.0	5.0
5.0	5.0	5.0
4.625	4.857142857142857	4.444444444444445
3.3636363636363638	3.5	3.0
3.8333333333333335	4.666666666666667	3.0
4.666666666666667	4.8125	4.2
4.5	4.4375	4.611111111111111
4.833333333333333	5.0	4.777777777777778
3.5714285714285716	3.5454545454545454	3.6666666666666665
4.333333333333333	5.0	3.6666666666666665
4.555555555555555	4.75	4.4
3.857142857142857	4.0	3.6666666666666665
4.875	4.75	5.0
4.695652173913044	4.777777777777778	4.4
4.888888888888889	5.0	4.833333333333333
2.7142857142857144	2.5	3.0
4.0	4.0	4.0
3.5	3.0	4.0
4.75	4.5	5.0
4.857142857142857	4.818181818181818	5.0
4.6923076923076925	4.571428571428571	4.833333333333333
4.333333333333333	4.0	4.6
4.666666666666667	4.8	4.5
4.190476190476191	4.205128205128205	4.0
3.9518716577540105	3.988372093023256	3.533333333333333
3.6451612903225805	3.4615384615384617	4.6
4.324324324324325	4.392857142857143	4.111111111111111
4.676470588235294	4.576923076923077	5.0
3.6	3.6666666666666665	3.5
4.533333333333333	4.8	4.0
4.0	4.666666666666667	3.8
3.6296296296296298	3.4210526315789473	4.125
4.266666666666667	4.375	4.142857142857143
4.2	4.285714285714286	4.0
3.735294117647059	3.7857142857142856	3.5
2.9166666666666665	3.0	2.6666666666666665
4.666666666666667	4.75	4.5
4.666666666666667	4.666666666666667	4.666666666666667
4.142857142857143	5.0	3.0
3.2	1.6	4.8
4.166666666666667	4.333333333333333	4.0
4.444444444444445	5.0	4.166666666666667
4.857142857142857	5.0	4.75
3.7777777777777777	3.5	4.333333333333333
3.6153846153846154	3.4444444444444446	4.0
3.7777777777777777	3.8	3.75
4.142857142857143	4.333333333333333	4.0
4.27027027027027	4.357142857142857	4.0
3.75	4.75	2.75
4.055555555555555	4.066666666666666	4.0
3.6451612903225805	3.45	4.0
4.142857142857143	4.0	4.333333333333333
3.9285714285714284	4.0	3.8333333333333335
4.2105263157894735	4.2	4.25
3.3823529411764706	3.2	3.888888888888889
4.15	3.9166666666666665	4.5
4.375	4.8	3.6666666666666665
4.428571428571429	4.5	4.333333333333333
3.857142857142857	3.5	4.333333333333333
5.0	5.0	5.0
4.625	4.25	5.0
3.375	3.0	3.75
3.75	3.1666666666666665	4.333333333333333
2.857142857142857	3.0	2.6666666666666665
4.333333333333333	4.636363636363637	3.5
4.076923076923077	4.0	4.1
4.7	4.5	5.0
4.333333333333333	4.2	4.5
4.363636363636363	4.4	4.333333333333333
3.8333333333333335	3.0	4.666666666666667
5.0	5.0	5.0
4.076923076923077	4.0	4.333333333333333
4.315789473684211	4.25	4.666666666666667
4.7	4.666666666666667	4.75
4.625	4.666666666666667	4.5
4.0588235294117645	3.857142857142857	5.0
3.1818181818181817	1.8	4.333333333333333
5.0	5.0	5.0
4.15	4.0	4.75
4.875	4.666666666666667	5.0
4.545454545454546	4.714285714285714	4.25
4.214285714285714	4.6	4.0
5.0	5.0	5.0
3.090909090909091	3.3333333333333335	3.0
5.0	5.0	5.0
5.0	5.0	5.0
4.214285714285714	4.12	5.0
4.416666666666667	4.125	5.0
4.111111111111111	3.25	4.8
4.666666666666667	4.8	4.5
4.75	5.0	4.333333333333333
4.45	4.529411764705882	4.0
3.909090909090909	4.142857142857143	3.5
4.5	4.285714285714286	4.8
3.888888888888889	3.8461538461538463	4.0
4.857142857142857	5.0	4.5
4.714285714285714	5.0	4.333333333333333
4.294117647058823	4.142857142857143	5.0
4.222222222222222	3.6	5.0
4.230769230769231	3.75	4.444444444444445
4.923076923076923	4.857142857142857	5.0
4.571428571428571	4.333333333333333	4.75
3.9	3.8	4.0
3.5833333333333335	4.333333333333333	3.3333333333333335
4.909090909090909	4.857142857142857	5.0
4.541666666666667	4.875	4.375
4.045454545454546	4.083333333333333	4.0
4.857142857142857	4.666666666666667	5.0
3.7777777777777777	3.5	4.0
4.814814814814815	4.761904761904762	5.0
4.2631578947368425	4.2	4.5
3.7083333333333335	3.5	4.75
4.28	4.055555555555555	4.857142857142857
3.074074074074074	3.1666666666666665	2.3333333333333335
3.75	4.0	3.25
3.8125	4.0	3.25
4.681818181818182	4.25	4.928571428571429
4.538461538461538	4.25	5.0
4.625	4.25	5.0
4.875	4.9375	4.75
4.285714285714286	5.0	3.3333333333333335
3.8333333333333335	5.0	2.6666666666666665
4.6	4.8	4.4
3.6666666666666665	3.4444444444444446	4.333333333333333
5.0	5.0	5.0
4.555555555555555	5.0	4.2
4.333333333333333	4.285714285714286	4.5
3.888888888888889	4.090909090909091	3.5714285714285716
4.0	3.7142857142857144	4.666666666666667
4.333333333333333	5.0	3.5
4.833333333333333	4.888888888888889	4.666666666666667
4.571428571428571	5.0	4.25
2.625	2.3333333333333335	2.8
4.266666666666667	4.111111111111111	4.5
4.625	4.627906976744186	4.6
4.333333333333333	5.0	3.5
4.512820512820513	4.379310344827586	4.9
4.75	4.5	5.0
3.2857142857142856	3.0	3.5
4.4	4.4	4.4
4.636363636363637	4.875	4.0
4.3	4.333333333333333	4.285714285714286
4.3	4.0	4.6
4.428571428571429	4.25	4.666666666666667
4.888888888888889	4.833333333333333	5.0
4.714285714285714	4.333333333333333	5.0
4.714285714285714	4.333333333333333	5.0
4.555555555555555	5.0	4.333333333333333
4.0	3.5555555555555554	4.444444444444445
4.4	4.571428571428571	4.0
4.083333333333333	4.142857142857143	4.0
4.588235294117647	4.454545454545454	4.833333333333333
4.533333333333333	4.875	4.142857142857143
2.789473684210526	2.4285714285714284	3.8
5.0	5.0	5.0
4.235294117647059	3.625	4.777777777777778
3.9583333333333335	3.8	4.0
4.545454545454546	4.375	5.0
4.166666666666667	4.2	4.0
4.75	4.333333333333333	5.0
4.0	3.5714285714285716	5.0
4.545454545454546	4.571428571428571	4.5
4.722222222222222	4.666666666666667	5.0
3.9285714285714284	3.857142857142857	4.0
2.8333333333333335	3.3	2.25
4.888888888888889	5.0	4.5
4.5	4.583333333333333	4.25
3.727272727272727	3.625	3.7857142857142856
3.0833333333333335	4.666666666666667	2.5555555555555554
4.7272727272727275	4.571428571428571	5.0
5.0	5.0	5.0
4.636363636363637	4.666666666666667	4.6
4.764705882352941	4.636363636363637	5.0
4.454545454545454	4.0	4.833333333333333
4.166666666666667	4.0	4.333333333333333
3.888888888888889	3.6666666666666665	4.333333333333333
1.5	1.8	1.0
3.9166666666666665	4.142857142857143	3.6
3.9	3.8333333333333335	4.0
4.166666666666667	4.0	4.285714285714286
5.0	5.0	5.0
4.3	4.5	4.0
3.3333333333333335	3.5	3.1666666666666665
3.4545454545454546	4.0	2.0
2.4285714285714284	2.3333333333333335	2.5
3.142857142857143	2.0	4.0
4.625	4.25	5.0
5.0	5.0	5.0
4.444444444444445	4.666666666666667	4.0
4.538461538461538	3.0	5.0
3.6666666666666665	3.5	4.0
5.0	5.0	5.0
5.0	5.0	5.0
4.0	3.6666666666666665	4.333333333333333
4.275862068965517	4.130434782608695	4.833333333333333
4.6923076923076925	4.857142857142857	4.5
4.0	3.727272727272727	5.0
4.230769230769231	4.333333333333333	4.0
4.428571428571429	4.4	4.5
4.833333333333333	5.0	4.666666666666667
3.8	3.8333333333333335	3.5454545454545454
3.491228070175439	3.4903846153846154	3.5
3.4545454545454546	3.6	3.3333333333333335
3.6666666666666665	4.0	3.2857142857142856
4.666666666666667	4.4	5.0
3.0	2.5	3.6666666666666665
3.9508196721311477	4.042553191489362	3.642857142857143
4.545454545454546	4.333333333333333	4.8
3.4615384615384617	3.5	3.3333333333333335
4.166666666666667	4.074074074074074	5.0
3.8333333333333335	3.933333333333333	3.3333333333333335
4.147058823529412	4.304347826086956	3.8181818181818183
4.6	4.714285714285714	4.333333333333333
4.25	4.75	3.75
4.166666666666667	4.333333333333333	4.0
4.04	3.923076923076923	4.166666666666667
3.090909090909091	2.5	3.8
4.0	4.3	3.4
3.6875	3.5454545454545454	4.0
3.857142857142857	3.75	4.0
3.533333333333333	3.0	4.333333333333333
5.0	5.0	5.0
4.333333333333333	4.0	4.666666666666667
4.75	4.6	5.0
3.5	3.3333333333333335	3.6666666666666665
4.6923076923076925	4.333333333333333	4.8
2.142857142857143	2.0	2.3333333333333335
3.5	4.0	2.3333333333333335
5.0	5.0	5.0
3.736842105263158	3.84	3.5384615384615383
4.142857142857143	3.75	4.666666666666667
4.625	4.8	4.333333333333333
4.142857142857143	4.75	3.3333333333333335
3.7142857142857144	2.0	5.0
4.285714285714286	4.0	4.666666666666667
2.1142857142857143	2.3076923076923075	1.5555555555555556
4.571428571428571	5.0	4.25
5.0	5.0	5.0
3.8333333333333335	4.0	3.6666666666666665
3.9285714285714284	4.083333333333333	3.8125
4.8	4.8	4.8
3.0	2.4285714285714284	3.888888888888889
4.0	3.6666666666666665	4.2
2.6666666666666665	3.3333333333333335	2.0
4.411764705882353	4.0	4.636363636363637
4.117647058823529	3.727272727272727	4.833333333333333
4.333333333333333	3.75	4.545454545454546
3.0	2.5	3.5
4.388888888888889	3.3333333333333335	4.916666666666667
2.25	2.0	2.6666666666666665
4.9523809523809526	5.0	4.875
4.5	4.333333333333333	4.666666666666667
3.2	3.8	2.6
4.647058823529412	4.538461538461538	5.0
4.615384615384615	4.625	4.6
4.555555555555555	4.333333333333333	4.666666666666667
4.372881355932203	4.380952380952381	4.352941176470588
4.888888888888889	4.85	5.0
4.266666666666667	4.625	3.857142857142857
4.7272727272727275	4.833333333333333	4.6
4.25	3.8333333333333335	4.666666666666667
4.363636363636363	4.375	4.333333333333333
3.6	3.6666666666666665	3.5
4.375	4.6	4.0
3.8947368421052633	3.8125	4.333333333333333
4.571428571428571	4.75	4.333333333333333
4.909090909090909	5.0	4.75
4.1	3.8333333333333335	4.5
4.375	4.333333333333333	4.428571428571429
3.875	4.0	3.6666666666666665
4.75	4.333333333333333	5.0
4.4	4.285714285714286	4.666666666666667
3.625	3.6	3.6666666666666665
4.5	4.714285714285714	4.125
4.833333333333333	4.666666666666667	5.0
4.564102564102564	4.409090909090909	4.764705882352941
3.9285714285714284	3.857142857142857	4.0
4.166666666666667	4.0	4.333333333333333
4.428571428571429	4.5	4.333333333333333
3.7	3.142857142857143	5.0
3.4285714285714284	4.0	3.0
4.4	4.444444444444445	4.333333333333333
4.777777777777778	4.666666666666667	4.833333333333333
3.9	4.0	3.6666666666666665
4.142857142857143	5.0	3.0
3.9	3.8	4.0
4.090909090909091	3.888888888888889	5.0
4.260869565217392	4.222222222222222	4.4
3.909090909090909	3.875	4.0
3.5	3.6666666666666665	3.0
4.085714285714285	4.24	3.7
4.222222222222222	4.5	3.6666666666666665
4.083333333333333	4.142857142857143	4.0
3.7777777777777777	3.5	4.333333333333333
4.186813186813187	4.105263157894737	4.6
3.909090909090909	4.571428571428571	2.75
4.375	4.1	4.833333333333333
4.2	4.142857142857143	4.333333333333333
4.5344827586206895	4.658536585365853	4.235294117647059
3.9	4.0	3.75
4.095238095238095	4.3125	3.4
3.893617021276596	3.891891891891892	3.9
3.8636363636363638	3.8823529411764706	3.8
4.625	4.818181818181818	4.2
3.3	3.3333333333333335	3.25
4.214285714285714	4.444444444444445	3.8
3.6842105263157894	3.75	3.3333333333333335
3.810810810810811	3.764705882352941	4.333333333333333
4.363636363636363	4.428571428571429	4.25
4.848484848484849	4.857142857142857	4.8
3.4285714285714284	3.0	4.0
4.185185185185185	4.133333333333334	4.25
4.0	4.0	4.0
3.625	3.8	3.3333333333333335
3.8333333333333335	3.0	4.666666666666667
4.666666666666667	4.333333333333333	5.0
4.916666666666667	5.0	4.888888888888889
4.142857142857143	4.0	4.333333333333333
4.666666666666667	4.25	5.0
4.875	4.666666666666667	5.0
3.5	3.6	3.3333333333333335
3.5	3.5	3.5
4.55	4.0	4.6875
4.888888888888889	4.833333333333333	5.0
4.846153846153846	4.875	4.8
4.714285714285714	4.75	4.666666666666667
3.090909090909091	2.6666666666666665	3.6
3.8181818181818183	4.142857142857143	3.25
3.923076923076923	4.111111111111111	3.5
5.0	5.0	5.0
5.0	5.0	5.0
4.333333333333333	4.333333333333333	4.333333333333333
4.888888888888889	4.8	5.0
4.888888888888889	4.8	5.0
3.869565217391304	3.95	3.3333333333333335
4.545454545454546	4.714285714285714	4.25
4.470588235294118	4.545454545454546	4.333333333333333
4.222222222222222	4.2	4.25
4.28125	4.3076923076923075	4.166666666666667
4.666666666666667	4.6521739130434785	4.7
3.9166666666666665	3.878787878787879	4.333333333333333
5.0	5.0	5.0
4.454545454545454	4.529411764705882	4.2
3.210526315789474	3.0833333333333335	3.4285714285714284
4.137254901960785	4.309523809523809	3.3333333333333335
4.285714285714286	4.2727272727272725	4.333333333333333
4.416666666666667	4.375	4.5
3.857142857142857	3.25	4.666666666666667
3.75	3.75	3.75
4.72	4.7	4.8
4.3	4.166666666666667	4.5
5.0	5.0	5.0
4.555555555555555	5.0	4.2
5.0	5.0	5.0
4.25	4.333333333333333	4.2
4.295081967213115	4.212121212121212	4.392857142857143
4.75	5.0	4.625
4.125	4.0	4.25
4.777777777777778	4.8	4.75
4.25	4.666666666666667	4.0
4.363636363636363	4.6	4.166666666666667
4.846153846153846	4.8	5.0
4.086206896551724	4.324324324324325	3.6666666666666665
4.758620689655173	4.8	4.666666666666667
4.222222222222222	4.166666666666667	4.333333333333333
2.875	3.0	2.6666666666666665
3.769230769230769	3.5555555555555554	4.25
4.235294117647059	4.043478260869565	4.636363636363637
3.4285714285714284	3.4	3.5
5.0	5.0	5.0
3.4358974358974357	3.380952380952381	3.5
4.5	5.0	4.0
4.542857142857143	4.620689655172414	4.166666666666667
3.2941176470588234	3.2	3.5555555555555554
3.5185185185185186	3.526315789473684	3.5
4.833333333333333	5.0	4.5
3.8	3.7142857142857144	4.0
4.0	4.666666666666667	3.7142857142857144
4.666666666666667	4.333333333333333	5.0
4.666666666666667	4.833333333333333	4.5
4.222222222222222	4.363636363636363	4.0
4.4375	4.333333333333333	4.75
4.153846153846154	4.111111111111111	4.25
4.166666666666667	4.2	4.142857142857143
4.615384615384615	4.604166666666667	4.75
4.133333333333334	4.111111111111111	4.166666666666667
4.1875	4.0	4.6
4.615384615384615	4.777777777777778	4.25
4.041666666666667	4.230769230769231	3.8181818181818183
4.2631578947368425	4.2	4.5
4.666666666666667	4.722222222222222	4.333333333333333
2.75	2.75	2.75
4.444444444444445	4.8	4.0
4.5	4.25	4.6
4.909090909090909	4.888888888888889	5.0
2.9	2.8	2.933333333333333
4.25	4.333333333333333	4.222222222222222
3.090909090909091	2.5	3.8
4.666666666666667	4.6	4.75
3.3333333333333335	2.6666666666666665	4.0
4.45	4.777777777777778	4.181818181818182
3.5	3.6666666666666665	3.3333333333333335
4.230769230769231	4.0	4.6
2.8333333333333335	2.6666666666666665	3.0
4.083333333333333	3.8	4.285714285714286
3.6923076923076925	3.5714285714285716	3.8333333333333335
4.428571428571429	4.5	4.333333333333333
3.8181818181818183	4.0	3.6
4.333333333333333	4.666666666666667	4.0
4.888888888888889	5.0	4.833333333333333
4.0	4.666666666666667	3.3333333333333335
4.769230769230769	4.833333333333333	4.0
3.5	4.4	2.0
4.777777777777778	4.666666666666667	5.0
3.5	2.6666666666666665	4.0
3.0	3.0	3.0
4.56	4.714285714285714	4.363636363636363
3.6153846153846154	3.8095238095238093	2.8
3.9	4.666666666666667	3.5714285714285716
4.666666666666667	5.0	4.333333333333333
4.3076923076923075	4.6	3.3333333333333335
4.214285714285714	4.444444444444445	3.8
4.7555555555555555	4.8125	4.615384615384615
3.5	3.272727272727273	4.333333333333333
3.9166666666666665	3.764705882352941	4.285714285714286
4.2727272727272725	4.285714285714286	4.25
4.3	4.0	5.0
4.3076923076923075	4.111111111111111	4.75
3.25	3.111111111111111	3.6666666666666665
3.8181818181818183	3.9166666666666665	3.7
3.909090909090909	3.6153846153846154	4.333333333333333
3.823529411764706	4.071428571428571	2.6666666666666665
3.5	3.8333333333333335	3.0
4.5	4.333333333333333	4.666666666666667
3.7	3.875	3.0
4.378378378378378	4.419354838709677	4.166666666666667
4.666666666666667	4.583333333333333	4.833333333333333
3.8666666666666667	3.76	4.4
3.0	3.6666666666666665	2.7142857142857144
4.1	4.2	4.0
4.225806451612903	4.166666666666667	4.428571428571429
4.366666666666666	4.333333333333333	4.5
3.823529411764706	4.0	3.5
4.608695652173913	4.641025641025641	4.428571428571429
4.177777777777778	4.151515151515151	4.25
3.875	3.82	4.0
3.9452054794520546	3.927536231884058	4.25
4.277777777777778	4.2	4.666666666666667
4.461538461538462	4.3	5.0
4.222222222222222	4.125	4.3
3.7837837837837838	3.8181818181818183	3.5
4.0	4.0	4.0
4.0	3.9	4.285714285714286
4.1	3.8333333333333335	4.5
4.454545454545454	4.333333333333333	4.6
4.5	4.0	5.0
4.538461538461538	4.666666666666667	4.25
4.2272727272727275	4.153846153846154	4.333333333333333
2.6875	2.5833333333333335	3.0
4.153846153846154	4.0	4.333333333333333
3.909090909090909	3.5	4.142857142857143
4.625	4.0	5.0
4.24	4.142857142857143	4.75
4.724137931034483	4.6521739130434785	5.0
3.7	3.75	3.625
5.0	5.0	5.0
4.769230769230769	4.8	4.666666666666667
4.4	4.6	4.0
3.8947368421052633	3.7	4.111111111111111
4.888888888888889	5.0	4.8
3.857142857142857	3.5	4.333333333333333
4.625	4.538461538461538	5.0
4.428571428571429	4.0	5.0
4.5	4.333333333333333	4.6
3.7	3.25	4.0
4.285714285714286	4.666666666666667	4.0
4.833333333333333	5.0	4.666666666666667
3.2222222222222223	2.8	3.75
4.636363636363637	4.722222222222222	4.25
3.8	4.0	3.5
4.951219512195122	4.944444444444445	5.0
3.5	3.423076923076923	4.0
4.363636363636363	4.4	4.333333333333333
4.6	5.0	4.2
4.230769230769231	4.4	3.6666666666666665
4.130434782608695	4.133333333333334	4.125
4.416666666666667	4.222222222222222	5.0
3.8095238095238093	3.764705882352941	4.0
3.4285714285714284	2.5	4.666666666666667
4.6923076923076925	4.6	5.0
4.181818181818182	4.6	3.8333333333333335
4.363636363636363	4.2	4.5
3.1666666666666665	3.3333333333333335	2.6666666666666665
3.8333333333333335	3.8	4.0
3.7	4.076923076923077	3.0
4.555555555555555	4.4	4.75
2.5714285714285716	1.6666666666666667	3.25
4.142857142857143	5.0	3.0
4.384615384615385	4.125	4.8
4.75	4.75	4.75
3.9	3.6	4.2
4.571428571428571	5.0	4.25
5.0	5.0	5.0
4.0	3.95	4.333333333333333
4.125	3.923076923076923	5.0
4.454545454545454	4.333333333333333	4.6
4.357142857142857	4.181818181818182	5.0
4.571428571428571	4.636363636363637	4.333333333333333
3.9047619047619047	4.045454545454546	3.5789473684210527
4.25	4.3	4.166666666666667
4.166666666666667	4.333333333333333	4.0
4.416666666666667	5.0	4.125
4.095238095238095	4.153846153846154	4.0
3.4	3.2	3.6
4.3	5.0	4.0
3.5	3.0	4.0
3.875	3.25	4.5
4.5	4.333333333333333	4.666666666666667
3.4	2.6666666666666665	4.5
4.5	5.0	4.0
4.217391304347826	4.125	4.428571428571429
4.428571428571429	5.0	3.6666666666666665
4.6875	4.6923076923076925	4.666666666666667
4.25	4.333333333333333	4.166666666666667
4.875	4.8	5.0
4.388888888888889	4.3076923076923075	4.6
4.545454545454546	4.375	5.0
3.357142857142857	2.8947368421052633	4.333333333333333
4.361111111111111	4.36	4.363636363636363
4.804878048780488	4.75	5.0
4.666666666666667	4.333333333333333	5.0
3.8333333333333335	4.333333333333333	3.3333333333333335
4.666666666666667	4.4	5.0
4.555555555555555	4.714285714285714	4.0
4.25	4.4	4.0
3.28	3.05	4.2
4.181818181818182	4.0	4.666666666666667
4.454545454545454	4.5	4.333333333333333
4.888888888888889	5.0	4.666666666666667
3.857142857142857	4.75	2.6666666666666665
4.125	5.0	3.6
4.5	4.142857142857143	4.857142857142857
4.25	4.666666666666667	4.0
3.730769230769231	3.6818181818181817	4.0
4.9361702127659575	4.916666666666667	5.0
4.555555555555555	4.0	5.0
4.121212121212121	4.109090909090909	4.181818181818182
4.375	4.5	4.25
4.083333333333333	4.125	4.0
5.0	5.0	5.0
4.186046511627907	4.057142857142857	4.75
4.2727272727272725	4.172413793103448	5.0
3.9411764705882355	3.8333333333333335	4.2
4.818181818181818	4.75	5.0
4.714285714285714	4.5	5.0
4.380952380952381	4.277777777777778	5.0
4.088235294117647	4.217391304347826	3.8181818181818183
4.090909090909091	4.0	4.166666666666667
2.6458333333333335	2.6153846153846154	2.7777777777777777
4.608695652173913	4.857142857142857	4.222222222222222
4.888888888888889	5.0	4.666666666666667
5.0	5.0	5.0
3.8421052631578947	3.7	4.0
3.7333333333333334	3.814814814814815	3.0
3.3	3.3333333333333335	3.25
3.6315789473684212	3.466666666666667	4.25
4.363636363636363	4.375	4.333333333333333
3.764705882352941	3.6923076923076925	4.0
4.0	3.6666666666666665	4.333333333333333
3.6	3.4285714285714284	4.0
4.333333333333333	4.0	4.6
4.0	3.875	4.333333333333333
3.967741935483871	4.0625	3.8666666666666667
3.7222222222222223	3.6666666666666665	3.8333333333333335
4.178571428571429	4.2272727272727275	4.0
4.78125	4.708333333333333	5.0
4.24	4.368421052631579	3.8333333333333335
4.857142857142857	4.666666666666667	5.0
3.744186046511628	3.717948717948718	4.0
4.125	4.2	4.0
3.0526315789473686	3.057142857142857	3.0
4.3	4.230769230769231	4.75
3.6097560975609757	3.4705882352941178	4.285714285714286
4.409090909090909	4.642857142857143	4.0
4.190476190476191	4.166666666666667	4.333333333333333
4.052631578947368	4.0588235294117645	4.0
3.2857142857142856	3.25	3.3333333333333335
3.888888888888889	4.166666666666667	3.3333333333333335
3.25	2.3333333333333335	3.8
4.444444444444445	4.833333333333333	3.6666666666666665
4.125	4.5	3.75
4.529411764705882	4.785714285714286	3.3333333333333335
4.5	4.636363636363637	4.2
4.5	4.5	4.5
4.882352941176471	5.0	4.75
4.375	4.666666666666667	4.2
3.857142857142857	4.0	3.727272727272727
3.2222222222222223	3.2	3.25
3.235294117647059	3.4444444444444446	3.0
3.1052631578947367	3.2	2.75
4.5	4.75	3.5
3.272727272727273	3.375	3.0
4.833333333333333	5.0	4.777777777777778
4.0	3.6666666666666665	5.0
3.4166666666666665	3.4444444444444446	3.3333333333333335
3.888888888888889	4.0	3.6666666666666665
3.1	3.2	3.0
3.0	2.8	3.1666666666666665
4.4	4.1	5.0
4.538461538461538	4.46875	4.857142857142857
4.0	4.0	4.0
4.714285714285714	4.636363636363637	5.0
2.909090909090909	2.75	3.3333333333333335
4.666666666666667	4.333333333333333	5.0
5.0	5.0	5.0
4.428571428571429	5.0	4.0
4.875	5.0	4.8
4.631578947368421	4.5625	5.0
4.571428571428571	4.571428571428571	4.571428571428571
4.65	4.666666666666667	4.6
4.9411764705882355	4.909090909090909	5.0
4.9	4.875	5.0
3.8333333333333335	3.7777777777777777	3.888888888888889
4.818181818181818	5.0	4.5
4.5	4.5	4.5
3.8	3.75	3.8333333333333335
4.0	4.2	3.6666666666666665
4.5964912280701755	4.588235294117647	4.666666666666667
4.6923076923076925	4.6	5.0
3.7142857142857144	4.0	3.5
4.285714285714286	4.25	4.333333333333333
5.0	5.0	5.0
4.166666666666667	4.0	4.5
4.5	4.8	4.2
4.5	4.0	5.0
4.666666666666667	4.666666666666667	4.666666666666667
3.6666666666666665	3.3333333333333335	4.0
4.1	4.4	3.8
4.714285714285714	4.6	5.0
4.105263157894737	3.9375	5.0
5.0	5.0	5.0
4.444444444444445	4.5	4.333333333333333
3.6363636363636362	3.5	3.7142857142857144
4.625	4.6	4.666666666666667
3.8333333333333335	3.6666666666666665	4.0
4.333333333333333	4.5	4.0
4.0	4.142857142857143	3.5
3.2222222222222223	2.5	3.8
3.0	3.142857142857143	2.75
4.142857142857143	4.0	4.333333333333333
3.4285714285714284	3.48	3.0
4.6	4.5	4.75
4.166666666666667	3.6666666666666665	4.666666666666667
2.75	2.8	2.6666666666666665
3.4444444444444446	3.2	3.75
3.857142857142857	3.6666666666666665	4.0
4.3125	4.153846153846154	5.0
4.178571428571429	4.190476190476191	4.142857142857143
3.8461538461538463	3.5	4.142857142857143
4.4	5.0	3.8
3.6666666666666665	3.0	4.333333333333333
5.0	5.0	5.0
4.1	4.125	4.0
4.5	4.333333333333333	4.6
4.071428571428571	3.909090909090909	4.666666666666667
4.0	3.696969696969697	4.434782608695652
4.2727272727272725	4.0	4.75
4.583333333333333	4.571428571428571	4.6
4.714285714285714	4.5	5.0
4.818181818181818	4.75	5.0
4.444444444444445	4.166666666666667	5.0
4.625	4.4	5.0
2.3333333333333335	2.0	2.75
4.3076923076923075	4.333333333333333	4.25
3.764705882352941	3.5	4.4
3.8666666666666667	3.7777777777777777	4.666666666666667
4.172413793103448	4.041666666666667	4.8
5.0	5.0	5.0
4.346153846153846	4.260869565217392	5.0
4.380952380952381	4.333333333333333	4.5
3.8	3.9411764705882355	3.0
3.261904761904762	3.3142857142857145	3.0
3.125	2.6	4.0
4.333333333333333	4.444444444444445	4.166666666666667
4.5	4.75	4.25
5.0	5.0	5.0
4.181818181818182	4.142857142857143	4.25
4.285714285714286	4.571428571428571	4.0
4.75	4.333333333333333	5.0
4.2727272727272725	4.25	4.333333333333333
4.2439024390243905	4.212121212121212	4.375
4.173913043478261	4.111111111111111	4.4
4.333333333333333	4.181818181818182	4.75
4.555555555555555	4.5	4.6
4.25	4.5	4.0
3.1666666666666665	4.0	2.3333333333333335
3.590909090909091	3.6842105263157894	3.0
4.285714285714286	5.0	3.75
4.857142857142857	5.0	4.666666666666667
4.25	4.25	4.25
4.142857142857143	4.0	4.333333333333333
4.714285714285714	4.666666666666667	4.75
3.727272727272727	4.5	1.6666666666666667
5.0	5.0	5.0
3.9166666666666665	3.7142857142857144	4.2
4.3	4.0	4.6
3.611111111111111	3.7857142857142856	3.0
5.0	5.0	5.0
4.333333333333333	3.6666666666666665	5.0
2.875	2.0	3.4
4.5	4.363636363636363	4.8
4.428571428571429	4.0	4.75
3.7419354838709675	3.9166666666666665	3.142857142857143
2.5	4.0	1.0
4.714285714285714	4.75	4.666666666666667
5.0	5.0	5.0
5.0	5.0	5.0
4.75	5.0	4.6
4.75	4.75	4.75
4.714285714285714	4.666666666666667	4.75
4.75	4.75	4.75
4.571428571428571	4.5	4.666666666666667
3.4285714285714284	3.125	3.8333333333333335
5.0	5.0	5.0
4.166666666666667	4.0	4.666666666666667
3.761904761904762	3.764705882352941	3.75
3.5714285714285716	3.272727272727273	4.666666666666667
4.2727272727272725	4.0	4.428571428571429
3.7142857142857144	3.25	4.333333333333333
4.8	4.857142857142857	4.666666666666667
4.666666666666667	5.0	4.333333333333333
3.625	3.1	4.5
4.833333333333333	5.0	4.666666666666667
3.888888888888889	4.0	3.75
4.857142857142857	5.0	4.75
4.827586206896552	4.809523809523809	4.875
3.533333333333333	3.4444444444444446	3.6666666666666665
4.352941176470588	4.5	4.0
4.166666666666667	4.333333333333333	4.0
3.8	3.75	4.0
4.538461538461538	4.2	4.75
4.0	4.0	4.0
3.5714285714285716	2.0	4.75
3.1666666666666665	2.3333333333333335	4.0
4.066666666666666	4.2727272727272725	3.5
3.413793103448276	3.6363636363636362	2.7142857142857144
4.291666666666667	4.157894736842105	4.8
4.444444444444445	4.166666666666667	5.0
3.875	3.6	4.333333333333333
4.625	4.6	4.666666666666667
4.235294117647059	4.384615384615385	3.75
4.181818181818182	3.7142857142857144	5.0
3.75	4.0	3.6
4.242424242424242	4.0	4.421052631578948
4.181818181818182	4.166666666666667	4.2
4.944444444444445	5.0	4.833333333333333
4.833333333333333	5.0	4.666666666666667
2.7142857142857144	3.6666666666666665	2.0
4.166666666666667	4.0	4.333333333333333
4.714285714285714	4.642857142857143	4.857142857142857
4.3	5.0	4.0
4.375	4.333333333333333	4.428571428571429
4.461538461538462	4.571428571428571	4.333333333333333
4.571428571428571	4.333333333333333	5.0
4.5	4.666666666666667	4.25
4.0	3.8	4.4
4.444444444444445	4.6	4.25
5.0	5.0	5.0
3.9	3.3333333333333335	4.75
4.444444444444445	4.333333333333333	4.666666666666667
4.5	4.2	5.0
4.857142857142857	4.666666666666667	5.0
3.88	4.0	3.769230769230769
4.555555555555555	4.333333333333333	4.666666666666667
3.6153846153846154	4.333333333333333	3.0
4.657894736842105	4.685714285714286	4.333333333333333
3.4444444444444446	3.8	3.0
4.9	5.0	4.75
5.0	5.0	5.0
4.454545454545454	4.434782608695652	4.555555555555555
4.2105263157894735	4.1	4.333333333333333
4.333333333333333	4.0	4.6
4.2	4.214285714285714	4.166666666666667
4.0	3.0	4.75
4.6923076923076925	4.555555555555555	5.0
4.0	4.8	3.2
3.5789473684210527	3.6	3.5
3.111111111111111	3.0	3.3333333333333335
4.5	4.75	4.375
4.5	4.333333333333333	4.666666666666667
4.111111111111111	3.6666666666666665	4.333333333333333
4.4	4.285714285714286	4.666666666666667
3.923076923076923	4.0	3.6666666666666665
5.0	5.0	5.0
4.35	4.583333333333333	2.25
4.0	4.2631578947368425	2.75
3.8	4.0	3.6
3.9523809523809526	3.8	4.333333333333333
5.0	5.0	5.0
2.5714285714285716	2.3333333333333335	2.75
4.333333333333333	5.0	3.5
4.714285714285714	4.5	5.0
3.625	4.0	3.0
3.7777777777777777	3.6666666666666665	3.8333333333333335
4.615384615384615	4.285714285714286	5.0
4.6	4.571428571428571	4.666666666666667
4.625	5.0	4.333333333333333
4.833333333333333	5.0	4.7272727272727275
4.125	4.3076923076923075	3.3333333333333335
3.9166666666666665	3.75	4.0
3.6666666666666665	3.8333333333333335	3.3333333333333335
4.090909090909091	4.166666666666667	4.0
3.8333333333333335	4.0	3.6666666666666665
4.428571428571429	5.0	3.6666666666666665
4.3428571428571425	4.32258064516129	4.5
3.75	3.75	3.75
3.761904761904762	3.8125	3.6
3.5454545454545454	3.142857142857143	4.25
4.5	4.4	4.714285714285714
3.652173913043478	3.8	2.6666666666666665
4.055555555555555	4.066666666666666	4.0
3.375	3.6	3.0
4.2	3.857142857142857	5.0
3.5555555555555554	3.3333333333333335	4.0
4.25	4.5	4.0
4.25	4.3076923076923075	4.0
4.8	4.714285714285714	5.0
2.5	2.142857142857143	3.3333333333333335
5.0	5.0	5.0
3.888888888888889	4.0	3.75
4.75	4.333333333333333	5.0
4.444444444444445	4.5	4.4
4.142857142857143	4.0	4.333333333333333
4.678571428571429	4.8	3.6666666666666665
4.2	3.0	4.714285714285714
3.8620689655172415	3.7142857142857144	4.25
3.75	4.0	3.6
4.428571428571429	4.142857142857143	4.714285714285714
4.333333333333333	4.333333333333333	4.333333333333333
4.2	4.6923076923076925	3.6666666666666665
4.25	5.0	3.8
4.5	4.0	5.0
4.25	4.111111111111111	4.666666666666667
4.25	3.5	4.625
4.7272727272727275	4.7	4.75
4.588235294117647	4.583333333333333	4.590909090909091
4.666666666666667	4.833333333333333	4.333333333333333
2.1538461538461537	1.8888888888888888	2.75
4.777777777777778	4.666666666666667	4.833333333333333
4.133333333333334	4.25	3.6666666666666665
3.9285714285714284	4.1	3.5
4.454545454545454	4.714285714285714	4.0
4.67741935483871	4.6	4.818181818181818
4.142857142857143	3.5	5.0
4.375	3.3333333333333335	5.0
4.555555555555555	5.0	4.333333333333333
3.6666666666666665	3.25	4.0
3.25	3.0	3.5
4.142857142857143	3.75	4.666666666666667
4.333333333333333	4.166666666666667	4.5
4.851851851851852	5.0	4.764705882352941
4.428571428571429	4.9	3.25
5.0	5.0	5.0
4.0	4.25	3.75
4.8	5.0	4.714285714285714
4.421052631578948	4.352941176470588	5.0
4.714285714285714	4.5	5.0
3.8181818181818183	3.2857142857142856	4.75
4.125	4.0	4.2
4.2	4.2	4.2
4.5	4.4	4.666666666666667
4.7	4.8	4.6
2.875	2.8947368421052633	2.8
4.0	4.071428571428571	3.6666666666666665
3.75	3.6666666666666665	3.7777777777777777
3.2222222222222223	3.5	3.0
4.0606060606060606	4.076923076923077	4.0
4.075	4.114285714285714	3.8
4.3076923076923075	4.111111111111111	4.75
4.0	4.0	4.0
5.0	5.0	5.0
4.9	5.0	4.8
4.666666666666667	5.0	4.333333333333333
4.375	4.4	4.333333333333333
4.444444444444445	4.166666666666667	5.0
4.388888888888889	4.333333333333333	4.444444444444445
4.625	4.4	5.0
3.5714285714285716	3.5	3.6666666666666665
3.2222222222222223	3.25	3.2
3.909090909090909	5.0	3.2857142857142856
4.428571428571429	4.0	4.75
3.6363636363636362	3.625	3.6666666666666665
4.333333333333333	4.5	4.0
3.6333333333333333	3.823529411764706	3.3846153846153846
4.333333333333333	5.0	3.5
3.8333333333333335	3.8947368421052633	3.6
4.277777777777778	4.2	4.666666666666667
4.125	3.3333333333333335	4.6
4.111111111111111	3.923076923076923	4.6
3.5714285714285716	2.6666666666666665	4.25
4.0588235294117645	3.8181818181818183	4.5
4.5	4.5	4.5
5.0	5.0	5.0
4.8125	4.833333333333333	4.75
4.795918367346939	4.837837837837838	4.666666666666667
4.181818181818182	4.285714285714286	4.0
4.5	3.6666666666666665	5.0
4.142857142857143	3.923076923076923	4.5
2.857142857142857	3.5	2.0
4.375	4.0	5.0
4.5	4.5	4.5
4.32	4.285714285714286	4.5
4.571428571428571	4.6	4.555555555555555
3.8823529411764706	4.090909090909091	3.5
2.824561403508772	2.6666666666666665	3.2666666666666666
4.769230769230769	4.714285714285714	4.833333333333333
4.111111111111111	3.6666666666666665	5.0
4.333333333333333	4.666666666666667	4.166666666666667
4.444444444444445	4.833333333333333	3.6666666666666665
4.833333333333333	4.666666666666667	5.0
4.666666666666667	4.666666666666667	4.666666666666667
4.266666666666667	4.375	4.142857142857143
5.0	5.0	5.0
4.363636363636363	4.666666666666667	4.25
4.5	5.0	4.0
4.588235294117647	4.571428571428571	4.6
4.818181818181818	4.714285714285714	5.0
4.0	4.333333333333333	3.75
4.555555555555555	4.666666666666667	4.333333333333333
3.4186046511627906	3.5714285714285716	2.75
4.108108108108108	4.379310344827586	3.125
4.315789473684211	4.153846153846154	4.666666666666667
3.857142857142857	3.9411764705882355	3.5
4.0	3.2	5.0
3.1818181818181817	3.1666666666666665	3.2
3.909090909090909	4.0	3.75
4.0	5.0	3.0
4.333333333333333	4.0	4.666666666666667
4.444444444444445	4.2	4.75
4.166666666666667	4.222222222222222	4.0
3.25	2.857142857142857	4.166666666666667
3.1666666666666665	3.5714285714285716	2.6
4.0	4.0	4.0
5.0	5.0	5.0
4.523809523809524	4.444444444444445	5.0
4.714285714285714	5.0	4.5
3.1	2.5714285714285716	4.333333333333333
4.5	4.2	5.0
3.128205128205128	3.0606060606060606	3.5
3.9565217391304346	4.0	3.875
3.9565217391304346	3.642857142857143	4.444444444444445
4.0	3.75	4.333333333333333
4.636363636363637	4.8	4.5
4.625	4.5	4.75
3.6	3.5714285714285716	3.6666666666666665
4.136363636363637	4.25	4.071428571428571
4.666666666666667	4.333333333333333	5.0
4.833333333333333	5.0	4.666666666666667
4.384615384615385	4.4	4.333333333333333
4.25	4.333333333333333	4.2
3.3333333333333335	3.5714285714285716	3.0
4.583333333333333	4.555555555555555	4.666666666666667
3.9545454545454546	4.0	3.875
3.5	3.3333333333333335	3.6666666666666665
4.875	4.75	5.0
4.428571428571429	4.555555555555555	4.2
4.333333333333333	4.4	4.25
3.6666666666666665	3.7777777777777777	3.3333333333333335
3.8947368421052633	3.4	4.071428571428571
3.2857142857142856	3.0	3.6666666666666665
4.633333333333334	4.672727272727273	4.2
4.578947368421052	4.818181818181818	4.25
4.578947368421052	4.461538461538462	4.833333333333333
4.636363636363637	4.5	5.0
4.5	4.7272727272727275	3.6666666666666665
4.625	4.4	5.0
3.5714285714285716	3.0	4.333333333333333
4.375	4.6	4.0
4.416666666666667	4.75	3.75
2.7142857142857144	2.3333333333333335	3.0
4.578947368421052	4.384615384615385	5.0
4.5	4.333333333333333	4.75
3.4615384615384617	3.5	3.3333333333333335
4.333333333333333	3.5	5.0
4.416666666666667	4.625	4.0
4.1	4.0	4.333333333333333
4.625	4.333333333333333	4.8
4.578947368421052	4.4	4.777777777777778
4.384615384615385	4.555555555555555	4.0
4.0588235294117645	4.0	4.166666666666667
4.555555555555555	5.0	4.0
4.571428571428571	4.25	5.0
4.608695652173913	5.0	3.875
4.5	4.8	4.0
5.0	5.0	5.0
4.166666666666667	4.333333333333333	4.0
4.0	3.5	4.75
5.0	5.0	5.0
4.428571428571429	5.0	4.0
4.565217391304348	4.454545454545454	4.666666666666667
4.375	4.4	4.333333333333333
4.217391304347826	4.277777777777778	4.0
3.0	3.0	3.0
5.0	5.0	5.0
4.230769230769231	3.6666666666666665	4.4
5.0	5.0	5.0
4.761904761904762	4.666666666666667	5.0
4.571428571428571	4.25	5.0
4.3076923076923075	4.529411764705882	3.888888888888889
4.545454545454546	4.333333333333333	5.0
4.777777777777778	4.666666666666667	4.833333333333333
5.0	5.0	5.0
4.739130434782608	4.7	5.0
4.75	4.5	5.0
4.625	4.4	5.0
4.566037735849057	4.405405405405405	4.9375
3.25	3.0	3.6666666666666665
4.214285714285714	4.0	4.75
2.75	3.0	2.3333333333333335
4.787878787878788	4.714285714285714	4.916666666666667
4.916666666666667	4.888888888888889	5.0
3.75	3.75	3.75
4.428571428571429	4.142857142857143	4.714285714285714
5.0	5.0	5.0
4.777777777777778	4.75	4.8
4.6	4.7272727272727275	4.25
3.4285714285714284	3.25	3.6666666666666665
4.0	3.8	4.666666666666667
4.857142857142857	4.75	5.0
3.5714285714285716	2.75	4.666666666666667
3.0	3.0	3.0
3.6538461538461537	3.6	3.8333333333333335
4.5	4.8	4.0
4.375	4.2	4.666666666666667
4.636363636363637	5.0	4.333333333333333
4.666666666666667	4.333333333333333	5.0
3.5	3.6	3.3333333333333335
4.111111111111111	3.5	4.6
4.416666666666667	4.365853658536586	4.714285714285714
4.583333333333333	4.571428571428571	4.6
4.0	3.3333333333333335	4.5
4.076923076923077	4.1	4.0
4.538461538461538	4.285714285714286	4.833333333333333
3.1818181818181817	3.0	3.6666666666666665
4.0	4.2	3.8
4.605263157894737	4.6875	4.166666666666667
4.833333333333333	4.75	5.0
4.7	5.0	4.5
4.357142857142857	4.1	5.0
3.857142857142857	4.0	3.7142857142857144
3.0	2.3333333333333335	3.6666666666666665
4.222222222222222	3.8333333333333335	5.0
3.6486486486486487	3.5238095238095237	3.8125
4.777777777777778	4.6	5.0
3.875	4.0	3.75
4.625	5.0	4.4
4.0	3.8333333333333335	4.333333333333333
3.25	3.3333333333333335	3.0
4.571428571428571	4.7	4.25
4.388888888888889	4.5	4.0
3.2222222222222223	3.6666666666666665	3.0
3.6666666666666665	4.0	3.3333333333333335
2.6666666666666665	4.0	1.3333333333333333
4.875	4.666666666666667	5.0
4.571428571428571	4.666666666666667	4.5
4.5	4.2	5.0
4.875	5.0	4.75
3.875	3.8	4.0
4.0	4.0	4.0
4.230769230769231	4.0	4.6
5.0	5.0	5.0
4.555555555555555	4.2	5.0
4.166666666666667	4.333333333333333	4.0
5.0	5.0	5.0
3.2666666666666666	3.3636363636363638	3.0
4.0	4.25	3.5
4.153846153846154	4.333333333333333	4.1
4.777777777777778	4.75	4.8
4.421052631578948	4.461538461538462	4.333333333333333
4.8	5.0	4.625
4.7272727272727275	4.714285714285714	4.75
5.0	5.0	5.0
3.6153846153846154	3.4761904761904763	4.2
4.545454545454546	4.333333333333333	4.8
4.933333333333334	4.909090909090909	5.0
3.230769230769231	2.9	4.333333333333333
4.0625	3.8181818181818183	4.6
4.428571428571429	4.666666666666667	4.25
4.363636363636363	4.142857142857143	4.75
4.333333333333333	4.25	4.75
3.923076923076923	3.7777777777777777	4.25
4.0	4.333333333333333	3.75
4.380952380952381	4.444444444444445	4.333333333333333
4.285714285714286	4.0	4.5
3.9	3.7142857142857144	4.333333333333333
4.2	4.0	4.4
5.0	5.0	5.0
3.588235294117647	3.5	4.0
4.0	3.5	5.0
4.363636363636363	4.571428571428571	4.0
3.36	3.238095238095238	4.0
4.842105263157895	4.769230769230769	5.0
3.2142857142857144	3.3333333333333335	3.0
5.0	5.0	5.0
4.833333333333333	5.0	4.666666666666667
4.2	4.083333333333333	4.375
4.916666666666667	4.888888888888889	5.0
3.0	2.4	4.0
2.3333333333333335	2.3333333333333335	2.3333333333333335
4.5	5.0	4.0
4.0	3.8	4.25
4.264705882352941	4.3076923076923075	4.125
4.555555555555555	4.333333333333333	5.0
3.9166666666666665	4.333333333333333	2.6666666666666665
3.75	4.666666666666667	3.2
3.7	4.125	3.4166666666666665
4.0	4.0	4.0
4.181818181818182	4.142857142857143	4.25
4.411764705882353	4.45	4.2727272727272725
4.571428571428571	4.5	4.666666666666667
3.7142857142857144	3.6666666666666665	3.75
4.333333333333333	5.0	3.6666666666666665
4.571428571428571	4.75	4.461538461538462
4.75	4.8	4.666666666666667
5.0	5.0	5.0
3.1	3.3333333333333335	3.0
2.75	2.25	3.75
4.0	4.25	3.75
4.2	4.428571428571429	3.6666666666666665
3.888888888888889	3.3333333333333335	4.166666666666667
3.142857142857143	2.25	4.333333333333333
3.8333333333333335	4.0	3.6666666666666665
3.857142857142857	3.85	3.875
4.428571428571429	5.0	4.2
4.428571428571429	4.36	5.0
3.875	4.0	3.6666666666666665
3.8181818181818183	2.8	4.666666666666667
4.285714285714286	4.5	4.0
4.647058823529412	3.3333333333333335	4.928571428571429
4.444444444444445	4.5	4.333333333333333
4.375	4.0	4.75
4.111111111111111	3.8333333333333335	4.666666666666667
4.722222222222222	4.333333333333333	4.916666666666667
4.411764705882353	4.5	4.285714285714286
3.625	3.25	4.0
4.461538461538462	4.222222222222222	5.0
4.384615384615385	4.3	4.666666666666667
4.733333333333333	4.6	5.0
4.636363636363637	4.625	4.666666666666667
4.7	4.571428571428571	5.0
4.235294117647059	4.214285714285714	4.333333333333333
3.88	3.857142857142857	4.0
4.076923076923077	4.1	4.0
3.8125	4.0	3.3333333333333335
3.5789473684210527	3.5833333333333335	3.5714285714285716
3.727272727272727	3.5714285714285716	4.0
4.0	4.333333333333333	3.6666666666666665
4.333333333333333	4.230769230769231	4.6
4.076923076923077	3.75	4.222222222222222
4.2727272727272725	3.857142857142857	5.0
4.133333333333334	4.0	4.333333333333333
4.0	3.6666666666666665	4.333333333333333
4.793103448275862	4.666666666666667	5.0
3.3636363636363638	4.0	1.6666666666666667
5.0	5.0	5.0
3.8181818181818183	3.875	3.6666666666666665
5.0	5.0	5.0
4.6	4.4	4.8
4.4	4.8	4.0
4.714285714285714	4.666666666666667	4.75
4.285714285714286	4.25	4.333333333333333
3.25	3.2222222222222223	3.3333333333333335
3.0	2.2	4.0
4.454545454545454	4.428571428571429	4.6
2.5161290322580645	2.5714285714285716	2.0
4.5	4.666666666666667	4.333333333333333
4.7	4.714285714285714	4.666666666666667
4.642857142857143	4.555555555555555	4.8
4.0	3.3333333333333335	4.666666666666667
3.5714285714285716	4.333333333333333	3.0
3.9166666666666665	4.176470588235294	3.2857142857142856
4.823529411764706	4.833333333333333	4.8
3.625	4.0	3.4
4.666666666666667	4.833333333333333	4.333333333333333
4.428571428571429	4.75	4.0
4.470588235294118	4.384615384615385	4.75
4.7272727272727275	4.666666666666667	4.8
4.7	5.0	4.0
4.555555555555555	4.2	5.0
4.117647058823529	3.75	5.0
4.454545454545454	4.857142857142857	3.75
4.75	5.0	4.333333333333333
4.615384615384615	4.8	4.0
3.9565217391304346	3.8333333333333335	4.4
5.0	5.0	5.0
3.6875	3.9166666666666665	3.0
4.142857142857143	4.333333333333333	4.0
4.25	4.6	3.6666666666666665
4.166666666666667	4.333333333333333	4.0
4.333333333333333	4.333333333333333	4.333333333333333
4.777777777777778	4.666666666666667	5.0
4.714285714285714	4.5	5.0
4.818181818181818	4.75	5.0
4.5	4.333333333333333	4.6
3.9	4.75	3.3333333333333335
4.4	4.666666666666667	4.0
4.090909090909091	4.0	4.142857142857143
3.7142857142857144	3.4	4.5
4.125	4.2	4.0
3.888888888888889	4.166666666666667	3.3333333333333335
4.428571428571429	4.0	5.0
4.0	3.6666666666666665	4.333333333333333
5.0	5.0	5.0
4.6	4.428571428571429	5.0
5.0	5.0	5.0
3.1818181818181817	4.25	2.5714285714285716
3.25	2.25	4.25
4.235294117647059	4.357142857142857	3.6666666666666665
4.5	4.75	4.25
3.0	2.6666666666666665	3.25
4.833333333333333	5.0	4.666666666666667
4.5	4.333333333333333	4.666666666666667
4.333333333333333	5.0	3.6666666666666665
3.5833333333333335	4.0	3.1666666666666665
3.888888888888889	4.0	3.75
3.4444444444444446	3.4	3.5
3.4545454545454546	3.4285714285714284	3.5
4.875	5.0	4.8
4.461538461538462	4.714285714285714	4.166666666666667
4.186046511627907	4.03125	4.636363636363637
4.0	3.3333333333333335	4.666666666666667
3.590909090909091	3.533333333333333	3.7142857142857144
3.875	5.0	3.2
4.090909090909091	4.3076923076923075	3.2857142857142856
4.571428571428571	4.6	4.545454545454546
3.6153846153846154	2.857142857142857	4.5
4.181818181818182	4.285714285714286	4.0
3.8	3.8333333333333335	3.6666666666666665
4.538461538461538	4.333333333333333	5.0
4.0	4.666666666666667	3.3333333333333335
3.875	3.4	4.666666666666667
4.5	5.0	4.0
4.2631578947368425	4.2	4.5
4.3	4.666666666666667	4.142857142857143
4.142857142857143	4.25	4.0
4.724137931034483	4.6	5.0
4.833333333333333	4.75	5.0
4.5	4.666666666666667	4.333333333333333
5.0	5.0	5.0
3.8333333333333335	3.888888888888889	3.6666666666666665
3.625	3.6666666666666665	3.6
4.076923076923077	4.2	3.6666666666666665
4.428571428571429	3.6666666666666665	5.0
4.571428571428571	4.0	5.0
4.75	4.743589743589744	4.8
4.875	4.75	5.0
4.333333333333333	5.0	3.6666666666666665
4.666666666666667	5.0	4.333333333333333
4.666666666666667	5.0	4.333333333333333
4.642857142857143	4.428571428571429	4.857142857142857
4.625	5.0	4.4
4.0	4.75	2.5
3.6666666666666665	3.75	3.5
4.222222222222222	4.333333333333333	4.0
3.6666666666666665	3.5	3.8333333333333335
4.785714285714286	5.0	4.7272727272727275
4.444444444444445	4.2	4.75
4.4	4.5	4.0
3.8333333333333335	4.0	3.625
4.0	4.0	4.0
4.0	4.0	4.0
3.4444444444444446	2.6	4.5
4.625	4.4	5.0
4.833333333333333	4.666666666666667	5.0
4.625	4.538461538461538	5.0
4.0	3.75	4.2
4.166666666666667	5.0	3.3333333333333335
4.888888888888889	5.0	4.833333333333333
4.0	4.25	3.875
5.0	5.0	5.0
4.923076923076923	5.0	4.833333333333333
4.72093023255814	4.72972972972973	4.666666666666667
4.973684210526316	5.0	4.928571428571429
4.88	4.9375	4.777777777777778
4.916666666666667	5.0	4.8
4.090909090909091	4.4	3.8333333333333335
4.875	4.8	5.0
3.625	3.8	3.3333333333333335
4.333333333333333	4.166666666666667	4.666666666666667
2.0	1.3333333333333333	2.6666666666666665
2.2857142857142856	2.25	2.3333333333333335
4.5	4.5	4.5
4.714285714285714	4.7727272727272725	4.5
5.0	5.0	5.0
4.7894736842105265	5.0	4.333333333333333
3.857142857142857	3.7857142857142856	4.0
4.666666666666667	4.666666666666667	4.666666666666667
4.269230769230769	4.1	4.833333333333333
3.8461538461538463	4.285714285714286	3.3333333333333335
4.923076923076923	5.0	4.666666666666667
4.521739130434782	4.388888888888889	5.0
4.344827586206897	4.30188679245283	4.8
4.916666666666667	4.875	5.0
3.0	2.25	4.0
4.846153846153846	4.818181818181818	4.866666666666666
3.6818181818181817	3.611111111111111	4.0
3.90625	3.892857142857143	4.0
4.157894736842105	4.1875	4.0
4.7272727272727275	4.894736842105263	3.6666666666666665
3.4	3.7142857142857144	2.6666666666666665
4.6	4.75	4.0
3.962962962962963	4.0	3.6666666666666665
3.375	3.8	2.6666666666666665
4.625	4.75	4.5
3.9411764705882355	3.75	4.4
4.266666666666667	4.166666666666667	4.666666666666667
3.875	3.8333333333333335	4.0
3.7777777777777777	4.0	3.3333333333333335
3.142857142857143	3.25	3.0
4.333333333333333	4.333333333333333	4.333333333333333
4.15	4.230769230769231	4.0
3.6666666666666665	3.75	3.4
4.571428571428571	4.25	5.0
3.8666666666666667	3.75	4.333333333333333
4.285714285714286	4.5	4.0
4.84	4.909090909090909	4.333333333333333
4.111111111111111	4.166666666666667	4.0
3.857142857142857	4.0	3.75
4.923076923076923	4.9	5.0
5.0	5.0	5.0
4.555555555555555	4.333333333333333	5.0
3.75	4.0	3.5
4.75	4.333333333333333	5.0
4.181818181818182	4.375	3.6666666666666665
4.583333333333333	4.375	5.0
4.0	3.6666666666666665	4.333333333333333
4.533333333333333	4.333333333333333	4.666666666666667
4.3	4.166666666666667	4.5
2.235294117647059	2.3636363636363638	2.0
4.4	4.4	4.4
4.352941176470588	4.3076923076923075	4.5
4.125	5.0	3.6
3.260869565217391	3.5	2.4
4.6	4.571428571428571	4.666666666666667
5.0	5.0	5.0
4.0	4.333333333333333	3.6666666666666665
5.0	5.0	5.0
3.347826086956522	3.4705882352941178	3.0
4.333333333333333	4.333333333333333	4.333333333333333
4.8	4.666666666666667	5.0
3.2	3.0588235294117645	4.0
4.0	3.4	4.5
4.285714285714286	4.333333333333333	4.25
3.176470588235294	3.0	4.2
4.857142857142857	5.0	4.75
4.571428571428571	4.6	4.555555555555555
4.909090909090909	5.0	4.666666666666667
4.7	5.0	4.25
4.0	3.5714285714285716	4.1875
3.7142857142857144	3.727272727272727	3.6666666666666665
4.375	5.0	3.3333333333333335
4.1	3.9523809523809526	4.444444444444445
3.888888888888889	4.0	3.6666666666666665
5.0	5.0	5.0
3.6	3.5714285714285716	3.6666666666666665
4.666666666666667	4.75	4.545454545454546
3.888888888888889	3.25	4.4
3.25	3.4	3.0
4.666666666666667	4.571428571428571	4.8
4.416666666666667	3.8	4.857142857142857
4.733333333333333	5.0	4.6
4.833333333333333	4.714285714285714	5.0
4.36	4.214285714285714	4.545454545454546
4.875	5.0	4.8
4.416666666666667	5.0	4.125
3.2222222222222223	3.1666666666666665	3.3333333333333335
4.190476190476191	4.0	4.666666666666667
4.857142857142857	4.666666666666667	5.0
4.428571428571429	4.666666666666667	4.25
4.666666666666667	5.0	4.333333333333333
3.689655172413793	3.611111111111111	3.8181818181818183
4.153846153846154	3.9	5.0
4.076923076923077	4.2	3.6666666666666665
4.5	4.5	4.5
4.454545454545454	5.0	4.25
4.5	4.666666666666667	4.333333333333333
4.142857142857143	4.0	4.333333333333333
4.2	4.5	3.75
4.15625	4.125	4.25
4.071428571428571	4.0	4.222222222222222
4.0	4.217391304347826	2.3333333333333335
3.7142857142857144	3.6	4.0
4.714285714285714	4.705882352941177	4.75
4.076923076923077	4.0	4.25
3.782608695652174	3.8125	3.7142857142857144
4.545454545454546	4.375	5.0
3.125	3.4	2.6666666666666665
4.7272727272727275	4.857142857142857	4.5
4.428571428571429	4.5	4.333333333333333
4.555555555555555	5.0	4.333333333333333
4.363636363636363	4.833333333333333	3.8
4.666666666666667	5.0	4.583333333333333
3.2857142857142856	3.3636363636363638	3.0
5.0	5.0	5.0
3.4444444444444446	3.3333333333333335	3.5
3.875	4.0	3.8
4.714285714285714	5.0	4.333333333333333
4.285714285714286	4.2	4.333333333333333
4.464285714285714	4.458333333333333	4.5
4.857142857142857	4.666666666666667	5.0
4.125	3.25	5.0
4.384615384615385	3.0	4.8
4.545454545454546	4.8	4.333333333333333
5.0	5.0	5.0
4.166666666666667	3.3333333333333335	5.0
4.888888888888889	5.0	4.8
3.0833333333333335	3.3333333333333335	2.3333333333333335
3.9285714285714284	3.909090909090909	4.0
4.458333333333333	4.277777777777778	5.0
4.882352941176471	4.846153846153846	5.0
3.4285714285714284	3.4615384615384617	3.375
4.666666666666667	4.666666666666667	4.666666666666667
4.4	4.333333333333333	4.444444444444445
5.0	5.0	5.0
4.733333333333333	4.666666666666667	5.0
4.363636363636363	4.8	4.0
3.736842105263158	3.142857142857143	4.083333333333333
4.5	4.0	5.0
3.5384615384615383	3.6	3.5
3.125	3.5	2.75
5.0	5.0	5.0
4.384615384615385	4.222222222222222	4.75
5.0	5.0	5.0
4.866666666666666	4.833333333333333	5.0
3.823529411764706	3.6923076923076925	4.25
3.7857142857142856	3.25	4.5
5.0	5.0	5.0
5.0	5.0	5.0
3.7777777777777777	3.6363636363636362	4.0
4.333333333333333	4.166666666666667	4.666666666666667
4.555555555555555	4.8	4.25
4.098039215686274	4.05	4.2727272727272725
4.666666666666667	4.6	4.75
4.428571428571429	5.0	3.6666666666666665
4.2	4.0	4.5
2.875	2.4	3.6666666666666665
4.764705882352941	4.666666666666667	4.875
3.8333333333333335	4.166666666666667	3.5
5.0	5.0	5.0
4.4	4.571428571428571	4.0
4.571428571428571	4.666666666666667	4.5
4.15	4.0588235294117645	4.666666666666667
4.45	4.461538461538462	4.428571428571429
3.6	4.25	3.1666666666666665
4.083333333333333	4.333333333333333	3.3333333333333335
4.666666666666667	4.333333333333333	5.0
4.7272727272727275	4.833333333333333	4.6
5.0	5.0	5.0
5.0	5.0	5.0
4.742857142857143	4.84375	3.6666666666666665
3.857142857142857	2.3333333333333335	5.0
3.125	4.25	2.0
3.75	3.6923076923076925	4.0
4.333333333333333	3.6666666666666665	5.0
4.666666666666667	4.333333333333333	5.0
4.230769230769231	4.0588235294117645	4.555555555555555
2.357142857142857	2.3333333333333335	2.375
2.4285714285714284	2.4545454545454546	2.3333333333333335
4.615384615384615	4.444444444444445	5.0
4.142857142857143	3.5	5.0
4.75	5.0	4.333333333333333
3.380952380952381	2.933333333333333	4.5
4.875	4.75	5.0
2.6666666666666665	3.4	1.75
4.176470588235294	4.0	4.6
5.0	5.0	5.0
3.909090909090909	3.857142857142857	4.0
4.647058823529412	4.769230769230769	4.25
2.625	2.4	3.0
5.0	5.0	5.0
4.545454545454546	4.285714285714286	5.0
4.666666666666667	4.666666666666667	4.666666666666667
2.2222222222222223	2.25	2.2
4.555555555555555	5.0	4.333333333333333
4.285714285714286	4.75	3.6666666666666665
2.3333333333333335	2.6666666666666665	2.0
4.722222222222222	4.615384615384615	5.0
5.0	5.0	5.0
3.642857142857143	4.4	3.2222222222222223
3.75	3.5	4.5
4.428571428571429	4.25	4.666666666666667
3.5185185185185186	3.2777777777777777	4.0
4.666666666666667	4.714285714285714	4.6
4.5	4.4	4.555555555555555
4.1	4.0	4.333333333333333
4.0	4.0	4.0
4.619047619047619	4.666666666666667	4.333333333333333
3.5555555555555554	3.6666666666666665	3.3333333333333335
4.454545454545454	4.0	4.833333333333333
3.871794871794872	3.8214285714285716	4.0
4.461538461538462	4.714285714285714	4.166666666666667
4.2727272727272725	4.5	4.142857142857143
4.222222222222222	4.4	4.0
4.62962962962963	4.4375	4.909090909090909
4.0	4.333333333333333	3.6666666666666665
3.642857142857143	2.6666666666666665	3.909090909090909
4.125	3.6	5.0
4.357142857142857	4.1	5.0
3.8333333333333335	3.888888888888889	3.6666666666666665
4.366666666666666	4.0	5.0
4.444444444444445	4.166666666666667	5.0
5.0	5.0	5.0
4.5	4.666666666666667	4.0
4.266666666666667	4.666666666666667	4.0
3.4285714285714284	4.0	2.6666666666666665
4.875	4.833333333333333	5.0
4.0	4.666666666666667	3.6
4.833333333333333	4.666666666666667	5.0
4.333333333333333	4.4	4.25
4.117647058823529	4.333333333333333	4.071428571428571
4.428571428571429	4.75	4.0
4.363636363636363	4.25	4.666666666666667
4.625	5.0	4.4
3.5	3.6666666666666665	3.3333333333333335
4.25	4.0	4.666666666666667
4.142857142857143	4.25	4.0
3.4	3.6666666666666665	3.0
4.75	4.5	5.0
3.888888888888889	3.25	4.4
4.25	4.0	4.4
5.0	5.0	5.0
4.857142857142857	4.75	5.0
3.909090909090909	4.166666666666667	3.6
3.388888888888889	3.0833333333333335	4.0
3.857142857142857	3.3333333333333335	4.25
3.857142857142857	4.0	3.6666666666666665
4.142857142857143	4.75	3.3333333333333335
5.0	5.0	5.0
5.0	5.0	5.0
5.0	5.0	5.0
4.933333333333334	5.0	4.857142857142857
5.0	5.0	5.0
4.833333333333333	5.0	4.666666666666667
3.9166666666666665	4.0	3.6666666666666665
4.333333333333333	4.666666666666667	4.0
4.166666666666667	4.666666666666667	3.6666666666666665
4.277777777777778	4.375	4.2
4.545454545454546	4.428571428571429	4.75
3.5555555555555554	3.2	4.0
4.0	3.84	5.0
4.2631578947368425	4.2	4.5
4.125	4.0	4.2
4.875	4.666666666666667	5.0
4.142857142857143	3.0	5.0
3.84375	3.8214285714285716	4.0
4.5	4.5	4.5
3.933333333333333	3.7142857142857144	4.125
4.333333333333333	4.380952380952381	4.0
4.5	4.0	5.0
3.238095238095238	3.5	2.4
3.709090909090909	3.8	3.466666666666667
4.0	3.6666666666666665	4.333333333333333
4.285714285714286	4.25	4.333333333333333
3.7777777777777777	3.3333333333333335	4.0
3.6666666666666665	4.666666666666667	2.6666666666666665
4.142857142857143	3.75	4.666666666666667
4.555555555555555	4.6	4.333333333333333
3.8333333333333335	3.7777777777777777	4.0
4.666666666666667	4.4	5.0
2.5714285714285716	2.0	3.3333333333333335
3.8	2.3333333333333335	4.428571428571429
4.857142857142857	5.0	4.666666666666667
3.5	3.3846153846153846	4.0
4.888888888888889	4.833333333333333	5.0
3.9	4.0	3.6666666666666665
4.5	4.428571428571429	4.666666666666667
3.6	2.75	3.8125
5.0	5.0	5.0
4.363636363636363	4.333333333333333	4.4
4.125	5.0	3.25
3.5833333333333335	4.285714285714286	2.6
1.8333333333333333	2.3333333333333335	1.3333333333333333
4.190476190476191	3.9285714285714284	4.714285714285714
4.2727272727272725	4.333333333333333	4.2
4.266666666666667	4.083333333333333	5.0
4.375	4.666666666666667	4.2
3.2857142857142856	3.3529411764705883	3.0
4.125	4.0	4.25
4.166666666666667	5.0	3.3333333333333335
5.0	5.0	5.0
4.2	4.285714285714286	4.125
2.8	2.4545454545454546	3.75
4.666666666666667	4.625	4.7
4.071428571428571	4.0	4.333333333333333
3.8	3.0	4.230769230769231
5.0	5.0	5.0
3.75	3.7142857142857144	3.8
3.375	4.0	2.75
4.714285714285714	4.333333333333333	5.0
4.703703703703703	4.6521739130434785	5.0
4.571428571428571	4.333333333333333	4.75
4.3076923076923075	4.176470588235294	4.555555555555555
4.111111111111111	4.166666666666667	4.0
3.0	2.3333333333333335	3.6666666666666665
4.9	4.857142857142857	5.0
4.333333333333333	4.555555555555555	3.6666666666666665
3.4285714285714284	2.25	5.0
4.666666666666667	4.666666666666667	4.666666666666667
4.5	4.6	4.4
4.714285714285714	4.333333333333333	5.0
4.333333333333333	4.0	5.0
4.4	4.375	4.5
4.25	4.3	4.166666666666667
3.967741935483871	3.857142857142857	4.2
3.2857142857142856	3.6666666666666665	3.0
3.625	3.75	3.5
3.0	3.0	3.0
4.428571428571429	4.777777777777778	4.166666666666667
3.4285714285714284	3.3333333333333335	3.5
4.0	4.6	3.0
4.266666666666667	4.166666666666667	4.666666666666667
4.083333333333333	4.428571428571429	3.6
4.666666666666667	5.0	4.5
4.074074074074074	3.9583333333333335	5.0
4.75	5.0	4.333333333333333
4.0	4.4	3.3333333333333335
4.777777777777778	4.666666666666667	5.0
4.714285714285714	5.0	4.5
3.857142857142857	3.25	4.666666666666667
4.666666666666667	4.666666666666667	4.666666666666667
3.6363636363636362	3.5	4.0
4.136363636363637	4.166666666666667	4.1
4.363636363636363	4.0	4.8
4.102564102564102	4.068965517241379	4.2
3.4	3.0	3.8
5.0	5.0	5.0
4.666666666666667	4.333333333333333	5.0
3.5714285714285716	3.25	4.0
4.625	4.5	4.75
4.4	4.571428571428571	4.0
4.25	4.666666666666667	4.0
4.0	3.6666666666666665	4.25
3.3333333333333335	3.3333333333333335	3.3333333333333335
4.428571428571429	4.5	4.333333333333333
4.0	3.8	4.25
5.0	5.0	5.0
4.25	4.285714285714286	4.2
4.222222222222222	4.75	3.8
5.0	5.0	5.0
3.9285714285714284	3.8	4.0
4.428571428571429	4.5	4.333333333333333
4.625	4.545454545454546	4.8
3.64	3.5454545454545454	4.333333333333333
4.461538461538462	5.0	4.125
3.764705882352941	3.642857142857143	4.333333333333333
4.714285714285714	4.5	5.0
3.7777777777777777	3.7142857142857144	4.0
3.3076923076923075	3.111111111111111	3.75
4.0	3.8333333333333335	4.25
4.5	4.2	5.0
5.0	5.0	5.0
5.0	5.0	5.0
2.5714285714285716	2.3333333333333335	2.75
4.229166666666667	4.214285714285714	4.333333333333333
4.147058823529412	4.16	4.111111111111111
3.875	3.8	4.0
4.125	4.25	4.0
2.86	2.9523809523809526	2.375
3.0	3.5	2.5
4.416666666666667	4.75	4.25
2.888888888888889	3.6666666666666665	2.5
3.2857142857142856	3.0	3.6666666666666665
3.8181818181818183	4.285714285714286	3.0
4.428571428571429	4.0	5.0
5.0	5.0	5.0
4.857142857142857	4.8	5.0
3.9	3.8333333333333335	4.0
4.6923076923076925	4.75	4.6
4.857142857142857	4.75	5.0
4.222222222222222	5.0	3.25
4.846153846153846	4.714285714285714	5.0
3.625	3.8	3.3333333333333335
5.0	5.0	5.0
5.0	5.0	5.0
4.8	4.6	5.0
3.4615384615384617	3.2	4.333333333333333
5.0	5.0	5.0
3.96	4.117647058823529	3.625
3.7142857142857144	3.3333333333333335	4.0
4.303030303030303	4.4375	4.176470588235294
4.2727272727272725	4.5	3.25
4.055555555555555	4.083333333333333	4.0
5.0	5.0	5.0
4.533333333333333	5.0	4.125
4.8	4.85	4.6
3.73972602739726	3.639344262295082	4.25
4.384615384615385	4.333333333333333	4.6
3.4	3.7142857142857144	2.6666666666666665
4.5	4.0	5.0
4.857142857142857	4.75	5.0
3.125	3.4	2.6666666666666665
3.727272727272727	3.25	4.0
4.142857142857143	5.0	3.5
3.0	3.1666666666666665	2.6666666666666665
4.125	4.0	4.333333333333333
4.886363636363637	4.871794871794871	5.0
4.285714285714286	3.875	4.833333333333333
4.428571428571429	4.0	5.0
2.1666666666666665	1.875	2.75
4.666666666666667	4.666666666666667	4.666666666666667
4.521739130434782	4.7	4.384615384615385
4.583333333333333	4.6	4.571428571428571
4.888888888888889	5.0	4.75
3.857142857142857	3.75	4.0
3.857142857142857	3.6666666666666665	4.0
4.857142857142857	4.666666666666667	5.0
4.344827586206897	4.3076923076923075	4.666666666666667
4.333333333333333	4.0	4.666666666666667
4.0	4.0	4.0
3.111111111111111	2.6666666666666665	4.0
3.8333333333333335	3.6666666666666665	4.0
4.68	4.588235294117647	4.875
4.142857142857143	4.333333333333333	4.0
4.75	4.6	5.0
4.285714285714286	4.5	4.0
3.0714285714285716	3.0	3.25
3.909090909090909	4.375	2.6666666666666665
4.6923076923076925	5.0	4.2
4.636363636363637	4.5	5.0
4.875	5.0	4.666666666666667
3.0	3.1666666666666665	2.8
4.25	4.5	4.125
3.125	3.4	2.6666666666666665
4.0	3.4285714285714284	5.0
4.066666666666666	4.571428571428571	3.625
4.285714285714286	3.75	5.0
4.166666666666667	4.333333333333333	4.0
4.111111111111111	4.166666666666667	4.0
4.5	4.333333333333333	4.666666666666667
4.777777777777778	4.833333333333333	4.666666666666667
4.571428571428571	4.25	5.0
5.0	5.0	5.0
4.7	4.666666666666667	4.75
3.375	4.0	2.3333333333333335
4.0	5.0	3.0
3.5294117647058822	3.409090909090909	3.75
3.625	5.0	1.3333333333333333
4.391304347826087	4.6	4.230769230769231
3.2222222222222223	3.4	3.0
3.6666666666666665	3.2857142857142856	4.2
4.571428571428571	4.75	4.333333333333333
3.95	3.8	4.4
3.888888888888889	4.0	3.75
3.3703703703703702	3.25	3.7142857142857144
3.4444444444444446	3.6666666666666665	3.0
4.166666666666667	3.8333333333333335	4.5
4.117647058823529	4.0	4.5
5.0	5.0	5.0
2.75	2.625	3.0
4.631578947368421	4.555555555555555	4.7
3.4285714285714284	3.5555555555555554	3.2
3.7142857142857144	3.0	4.666666666666667
4.666666666666667	4.666666666666667	4.666666666666667
4.277777777777778	4.4	3.6666666666666665
4.230769230769231	4.1	4.666666666666667
4.538461538461538	4.777777777777778	4.0
4.875	4.8	5.0
3.6666666666666665	3.4	4.0
3.75	3.6666666666666665	3.8
4.357142857142857	4.545454545454546	3.6666666666666665
4.375	4.2	4.666666666666667
3.7142857142857144	3.0	4.25
4.0	3.6	4.5
3.4444444444444446	3.5	3.4
5.0	5.0	5.0
5.0	5.0	5.0
3.9166666666666665	3.2857142857142856	4.8
5.0	5.0	5.0
4.857142857142857	5.0	4.666666666666667
3.142857142857143	2.75	3.6666666666666665
1.75	2.5	1.0
4.0	5.0	3.0
5.0	5.0	5.0
4.214285714285714	4.3	4.0
3.888888888888889	3.75	4.0
4.25	4.111111111111111	4.666666666666667
4.1	3.6666666666666665	4.75
4.428571428571429	4.5	4.333333333333333
4.0	3.8181818181818183	4.4
3.923076923076923	3.9	4.0
3.2857142857142856	3.5	3.0
4.125	3.6	5.0
4.181818181818182	4.0	4.4
4.64	4.764705882352941	4.375
3.769230769230769	3.7	4.0
3.375	3.2	3.6666666666666665
4.5	5.0	4.0
3.111111111111111	3.8333333333333335	1.6666666666666667
5.0	5.0	5.0
5.0	5.0	5.0
4.428571428571429	4.0	5.0
4.466666666666667	4.444444444444445	4.5
4.2727272727272725	4.25	4.333333333333333
4.2727272727272725	3.6666666666666665	5.0
4.888888888888889	4.75	5.0
4.428571428571429	4.25	4.666666666666667
4.222222222222222	4.5	4.0
4.291666666666667	4.571428571428571	4.176470588235294
4.090909090909091	4.0	4.333333333333333
3.857142857142857	4.333333333333333	3.5
4.625	4.8	4.333333333333333
4.7	5.0	4.25
3.6666666666666665	3.3333333333333335	4.333333333333333
4.277777777777778	4.214285714285714	4.5
4.333333333333333	5.0	4.0
4.7	4.714285714285714	4.666666666666667
3.3529411764705883	3.4166666666666665	3.2
4.833333333333333	5.0	4.666666666666667
4.625	4.454545454545454	5.0
4.818181818181818	4.714285714285714	5.0
4.642857142857143	4.428571428571429	4.857142857142857
3.909090909090909	3.9473684210526314	3.6666666666666665
2.4	2.857142857142857	1.3333333333333333
4.0	4.0	4.0
4.75	5.0	4.6
4.461538461538462	4.125	5.0
4.454545454545454	4.428571428571429	4.5
4.1	3.8333333333333335	4.5
3.8	3.8823529411764706	3.3333333333333335
4.454545454545454	4.0	4.833333333333333
4.375	4.25	4.5
3.5833333333333335	3.375	4.0
4.4	4.375	4.428571428571429
5.0	5.0	5.0
4.222222222222222	5.0	3.8333333333333335
3.857142857142857	3.25	4.666666666666667
4.333333333333333	4.0	4.666666666666667
2.875	3.8	1.3333333333333333
4.454545454545454	4.375	4.666666666666667
4.428571428571429	4.25	4.666666666666667
4.142857142857143	4.75	3.3333333333333335
4.142857142857143	4.25	4.0
2.5	2.6666666666666665	2.3333333333333335
3.909090909090909	4.0	3.6666666666666665
4.777777777777778	4.75	4.8
3.8333333333333335	4.333333333333333	3.3333333333333335
4.375	5.0	3.75
4.142857142857143	4.166666666666667	4.125
4.5	4.285714285714286	5.0
4.0	3.5714285714285716	5.0
3.6666666666666665	4.0	3.3333333333333335
4.4	4.4	4.4
4.230769230769231	4.2	4.25
4.75	4.777777777777778	4.666666666666667
4.375	4.8	3.6666666666666665
3.25	3.111111111111111	3.4285714285714284
4.363636363636363	5.0	4.0
3.2857142857142856	2.6666666666666665	3.75
3.875	4.333333333333333	3.6
3.4285714285714284	3.25	3.5
3.6153846153846154	3.7	3.3333333333333335
4.166666666666667	4.333333333333333	4.0
3.5714285714285716	2.75	4.666666666666667
3.875	3.75	4.0
3.8181818181818183	4.0	3.3333333333333335
4.7	4.571428571428571	5.0
3.7	4.0	3.5
4.428571428571429	4.333333333333333	4.5
4.1	4.0	4.25
3.806451612903226	3.642857142857143	3.9411764705882355
4.285714285714286	3.75	5.0
3.9615384615384617	4.142857142857143	3.2
4.117647058823529	4.0	4.666666666666667
3.7	4.0	3.4
4.142857142857143	4.0	4.333333333333333
4.3	3.6	5.0
4.583333333333333	4.0	4.777777777777778
3.4444444444444446	4.0	3.0
4.5	4.545454545454546	4.444444444444445
4.111111111111111	4.193548387096774	3.6
4.0	3.8333333333333335	4.333333333333333
4.1	4.0	4.25
3.25	3.8	2.857142857142857
4.5	4.0	5.0
4.166666666666667	4.0	4.5
4.846153846153846	5.0	4.6
3.8333333333333335	3.6666666666666665	4.0
4.883720930232558	4.875	5.0
4.5	4.333333333333333	4.666666666666667
5.0	5.0	5.0
4.857142857142857	4.8	5.0
4.375	4.4	4.333333333333333
4.25	4.2	4.333333333333333
4.318181818181818	4.166666666666667	5.0
4.846153846153846	5.0	4.666666666666667
4.555555555555555	4.4	4.75
3.9166666666666665	3.9	4.0
3.125	2.909090909090909	3.6
3.5	3.4	3.6666666666666665
4.2727272727272725	4.5	4.0
4.8	4.875	4.714285714285714
5.0	5.0	5.0
4.285714285714286	4.0	4.666666666666667
4.0	4.5	3.3333333333333335
3.9	4.2	3.6
4.9	4.857142857142857	5.0
5.0	5.0	5.0
4.0	4.333333333333333	3.6666666666666665
4.625	4.666666666666667	4.6
4.285714285714286	4.25	4.333333333333333
4.666666666666667	4.666666666666667	4.666666666666667
4.894736842105263	4.923076923076923	4.833333333333333
4.933333333333334	4.9	5.0
3.75	3.6	4.0
3.5555555555555554	3.1666666666666665	4.333333333333333
3.2857142857142856	2.75	4.0
4.6923076923076925	4.5	5.0
4.454545454545454	4.571428571428571	4.25
5.0	5.0	5.0
4.44	4.294117647058823	4.75
4.363636363636363	4.5	4.0
4.0	3.6666666666666665	4.25
4.636363636363637	4.833333333333333	4.4
4.142857142857143	4.0	4.25
4.714285714285714	4.75	4.666666666666667
4.793103448275862	4.684210526315789	5.0
4.928571428571429	4.888888888888889	5.0
4.8125	5.0	4.4
5.0	5.0	5.0
4.425	4.4375	4.375
4.75	4.5	5.0
2.75	3.0	2.3333333333333335
4.4	4.0	5.0
4.642857142857143	4.166666666666667	5.0
3.9285714285714284	4.666666666666667	3.727272727272727
4.444444444444445	4.6	4.25
4.75	4.75	4.75
4.357142857142857	4.222222222222222	4.6
2.3333333333333335	2.3333333333333335	2.3333333333333335
4.428571428571429	4.0	4.75
5.0	5.0	5.0
3.0	3.4	2.6
4.875	4.857142857142857	4.909090909090909
4.818181818181818	4.714285714285714	5.0
5.0	5.0	5.0
4.176470588235294	4.111111111111111	4.25
4.571428571428571	4.7272727272727275	4.0
3.8	3.2857142857142856	5.0
3.5	3.25	3.75
4.142857142857143	3.6666666666666665	4.5
4.75	4.8	4.666666666666667
4.428571428571429	4.0	4.75
4.6875	4.714285714285714	4.666666666666667
5.0	5.0	5.0
3.9565217391304346	3.75	4.428571428571429
4.142857142857143	3.3333333333333335	4.75
2.8636363636363638	3.0	2.0
5.0	5.0	5.0
3.5384615384615383	3.3	4.333333333333333
3.3333333333333335	3.8	2.75
4.222222222222222	4.333333333333333	4.0
4.222222222222222	4.2	4.25
3.7222222222222223	3.8461538461538463	3.4
4.666666666666667	4.333333333333333	4.777777777777778
4.833333333333333	5.0	4.666666666666667
4.0	4.4	3.3333333333333335
4.0	3.5	4.222222222222222
3.6666666666666665	3.7142857142857144	3.6
3.7777777777777777	3.6666666666666665	4.0
3.0	3.5	2.6
3.6666666666666665	4.333333333333333	3.0
4.5	4.8	4.0
4.142857142857143	4.333333333333333	4.0
5.0	5.0	5.0
3.5555555555555554	4.166666666666667	2.3333333333333335
5.0	5.0	5.0
4.666666666666667	4.625	4.75
4.222222222222222	4.142857142857143	4.5
4.5	4.0	5.0
5.0	5.0	5.0
5.0	5.0	5.0
4.333333333333333	5.0	3.6666666666666665
4.0	5.0	3.25
5.0	5.0	5.0
4.157894736842105	4.153846153846154	4.166666666666667
3.5555555555555554	3.2	4.0
3.375	2.6	4.666666666666667
5.0	5.0	5.0
4.454545454545454	4.75	4.285714285714286
4.588235294117647	4.5	4.8
3.5	3.0	4.0
4.375	4.8	3.6666666666666665
3.8333333333333335	3.6666666666666665	4.0
4.448275862068965	4.428571428571429	4.5
5.0	5.0	5.0
3.0833333333333335	3.111111111111111	3.0
4.8	4.818181818181818	4.75
3.75	3.25	4.25
5.0	5.0	5.0
4.846153846153846	4.8	5.0
5.0	5.0	5.0
4.666666666666667	4.5	5.0
3.4444444444444446	4.2	2.5
3.076923076923077	3.5555555555555554	2.0
2.5	2.3333333333333335	2.6666666666666665
4.485714285714286	4.333333333333333	4.714285714285714
3.5555555555555554	3.4	3.75
3.875	3.2	5.0
3.4444444444444446	3.3333333333333335	3.6666666666666665
4.260869565217392	4.111111111111111	4.8
4.428571428571429	4.4	4.5
3.2857142857142856	2.75	4.0
3.25	3.0	3.4
3.7142857142857144	3.25	4.333333333333333
3.4782608695652173	3.736842105263158	2.25
3.888888888888889	3.75	4.0
4.45	4.6923076923076925	4.0
4.5	4.666666666666667	4.333333333333333
4.25	4.75	3.25
4.888888888888889	4.8	5.0
4.444444444444445	4.318181818181818	5.0
4.166666666666667	4.0	4.333333333333333
4.769230769230769	4.8	4.666666666666667
4.2	4.5	3.6
4.363636363636363	5.0	4.0
3.888888888888889	4.0	3.8333333333333335
4.565217391304348	4.714285714285714	4.333333333333333
4.666666666666667	4.5	4.8
3.875	4.0	3.5
5.0	5.0	5.0
5.0	5.0	5.0
3.933333333333333	3.727272727272727	4.5
2.3636363636363638	2.875	1.0
4.066666666666666	4.181818181818182	3.75
3.7777777777777777	3.6666666666666665	4.0
4.25	4.2	4.333333333333333
3.3333333333333335	3.5	3.2
4.125	5.0	3.25
4.285714285714286	3.3333333333333335	5.0
4.875	5.0	4.666666666666667
4.2727272727272725	5.0	4.0
5.0	5.0	5.0
4.777777777777778	4.5	5.0
4.166666666666667	4.0	4.333333333333333
4.214285714285714	4.333333333333333	4.125
4.333333333333333	4.666666666666667	4.0
4.044444444444444	4.0588235294117645	4.0
5.0	5.0	5.0
4.461538461538462	4.4	4.5
4.846153846153846	4.9	4.666666666666667
3.0	3.2666666666666666	2.0
4.0	4.0	4.0
3.3333333333333335	4.333333333333333	2.3333333333333335
4.875	5.0	4.75
4.166666666666667	4.333333333333333	4.0
3.473684210526316	3.4615384615384617	3.5
5.0	5.0	5.0
3.4285714285714284	4.0	2.6666666666666665
3.736842105263158	3.6666666666666665	4.0
4.75	5.0	4.5
2.6666666666666665	5.0	1.5
5.0	5.0	5.0
4.12	4.166666666666667	4.0
4.705882352941177	4.818181818181818	4.5
4.666666666666667	4.333333333333333	5.0
3.1153846153846154	3.0526315789473686	3.2857142857142856
2.75	2.8	2.6666666666666665
4.052631578947368	4.636363636363637	3.25
3.5	3.4285714285714284	3.6
4.916666666666667	4.888888888888889	5.0
4.428571428571429	4.222222222222222	4.8
3.857142857142857	4.0	3.75
4.333333333333333	5.0	3.6666666666666665
3.8333333333333335	4.333333333333333	2.3333333333333335
3.8666666666666667	3.8461538461538463	4.0
4.625	4.6	4.666666666666667
3.5714285714285716	2.3333333333333335	4.5
1.5714285714285714	1.1111111111111112	2.4
4.222222222222222	3.8	4.75
4.666666666666667	4.666666666666667	4.666666666666667
4.0	3.3333333333333335	4.666666666666667
4.777777777777778	5.0	4.333333333333333
4.428571428571429	5.0	3.6666666666666665
4.125	5.0	2.6666666666666665
4.5	4.0	5.0
3.857142857142857	3.6666666666666665	4.0
3.7	3.0	4.166666666666667
3.9166666666666665	3.5	4.333333333333333
4.777777777777778	4.833333333333333	4.666666666666667
4.625	4.545454545454546	4.8
4.666666666666667	4.333333333333333	5.0
4.75	4.666666666666667	5.0
3.9166666666666665	3.793103448275862	4.428571428571429
4.4	4.75	4.166666666666667
3.8333333333333335	4.0	3.6666666666666665
3.857142857142857	4.0	3.75
3.142857142857143	2.0	4.0
4.166666666666667	4.0	4.333333333333333
2.3333333333333335	2.6666666666666665	2.0
4.181818181818182	4.375	3.6666666666666665
3.7142857142857144	3.0	4.666666666666667
3.2222222222222223	3.0	3.5
3.9166666666666665	3.2	4.428571428571429
3.875	3.6	4.333333333333333
4.866666666666666	4.818181818181818	5.0
3.375	2.6666666666666665	3.8
3.857142857142857	4.0	3.6666666666666665
3.1666666666666665	2.8461538461538463	3.5454545454545454
3.962962962962963	4.0	3.869565217391304
3.857142857142857	4.0	3.75
3.4	3.2857142857142856	3.6666666666666665
4.1	4.4	3.8
4.777777777777778	4.666666666666667	5.0
3.75	3.5384615384615383	4.666666666666667
4.181818181818182	4.285714285714286	4.0
3.3076923076923075	4.2	2.75
3.769230769230769	3.9	3.3333333333333335
2.6153846153846154	3.0	1.3333333333333333
4.909090909090909	4.857142857142857	5.0
4.666666666666667	4.666666666666667	4.666666666666667
4.230769230769231	4.375	4.0
3.0	3.0	3.0
4.833333333333333	4.666666666666667	5.0
2.4285714285714284	1.5	3.6666666666666665
4.166666666666667	4.333333333333333	4.0
4.0	4.0	4.0
4.75	4.5	5.0
3.2	3.1666666666666665	3.25
4.533333333333333	4.7	4.2
4.375	3.75	5.0
4.125	4.0	4.333333333333333
5.0	5.0	5.0
4.625	4.5	4.75
4.5	4.4	4.666666666666667
3.066666666666667	2.9166666666666665	3.6666666666666665
3.7857142857142856	3.5555555555555554	4.2
4.238095238095238	4.357142857142857	4.0
4.1	4.0	4.25
2.9473684210526314	2.9375	3.0
4.0	4.0	4.0
4.3076923076923075	4.5	4.142857142857143
4.4	4.333333333333333	4.5
4.5	4.8	4.2
4.25	4.2	4.333333333333333
4.2	4.571428571428571	3.3333333333333335
3.2	3.3333333333333335	3.0
4.0	4.0	4.0
2.1666666666666665	2.6666666666666665	1.6666666666666667
4.25	4.125	4.5
4.5	4.0	5.0
3.8181818181818183	4.4	3.3333333333333335
4.571428571428571	4.666666666666667	4.5
4.142857142857143	4.333333333333333	4.0
4.428571428571429	5.0	4.0
3.2857142857142856	3.0	3.5
3.5714285714285716	3.75	3.3333333333333335
3.5	3.4166666666666665	3.5714285714285716
3.8	3.5	4.0
4.285714285714286	4.0	4.666666666666667
3.8461538461538463	4.111111111111111	3.25
4.1	3.3333333333333335	4.428571428571429
2.7	2.9411764705882355	1.3333333333333333
4.333333333333333	4.0	4.666666666666667
4.875	4.8	5.0
4.636363636363637	4.428571428571429	5.0
3.7777777777777777	3.6	4.0
2.8	2.2857142857142856	4.0
5.0	5.0	5.0
3.1052631578947367	3.3333333333333335	2.7142857142857144
4.333333333333333	4.0	4.666666666666667
4.625	4.545454545454546	4.8
4.25	4.25	4.25
4.230769230769231	4.5	3.8
4.285714285714286	3.75	5.0
4.526315789473684	4.6	4.25
4.5	4.2	5.0
4.833333333333333	4.666666666666667	5.0
3.5	3.4	3.6666666666666665
3.5555555555555554	4.333333333333333	3.1666666666666665
4.142857142857143	4.0	4.333333333333333
4.857142857142857	5.0	4.75
4.363636363636363	4.571428571428571	4.0
4.285714285714286	4.25	4.333333333333333
4.564102564102564	4.5	5.0
4.111111111111111	3.25	4.8
4.0	3.3333333333333335	4.666666666666667
4.285714285714286	4.666666666666667	4.0
3.75	3.55	4.25
4.2105263157894735	4.0625	5.0
4.166666666666667	4.333333333333333	4.0
4.285714285714286	4.375	4.166666666666667
4.285714285714286	4.0	4.666666666666667
4.9	4.857142857142857	5.0
3.5714285714285716	3.3333333333333335	3.75
4.666666666666667	4.666666666666667	4.666666666666667
4.0	3.5	4.666666666666667
5.0	5.0	5.0
3.8333333333333335	4.666666666666667	3.0
3.6666666666666665	4.333333333333333	3.0
4.875	5.0	4.75
4.857142857142857	5.0	4.75
3.8333333333333335	3.3333333333333335	4.333333333333333
3.909090909090909	4.166666666666667	3.6
4.0	3.6666666666666665	4.333333333333333
3.769230769230769	3.9	3.3333333333333335
4.833333333333333	5.0	4.666666666666667
4.285714285714286	4.5	4.0
4.333333333333333	3.3333333333333335	4.833333333333333
3.4545454545454546	3.5	3.4
4.3	4.428571428571429	4.0
3.5714285714285716	3.0	4.333333333333333
4.2	4.833333333333333	3.25
3.75	3.3333333333333335	5.0
3.727272727272727	4.125	2.6666666666666665
4.833333333333333	4.666666666666667	5.0
5.0	5.0	5.0
4.538461538461538	4.6	4.333333333333333
4.75	5.0	4.5
4.230769230769231	4.5	3.3333333333333335
4.777777777777778	4.666666666666667	5.0
4.318181818181818	4.461538461538462	4.111111111111111
3.769230769230769	4.0	3.0
4.846153846153846	5.0	4.333333333333333
3.9166666666666665	3.75	4.25
4.666666666666667	4.6	4.75
5.0	5.0	5.0
3.8333333333333335	4.0	3.6666666666666665
4.538461538461538	4.428571428571429	4.666666666666667
4.285714285714286	4.75	3.6666666666666665
3.6666666666666665	4.666666666666667	2.6666666666666665
4.777777777777778	5.0	4.333333333333333
4.714285714285714	4.75	4.666666666666667
5.0	5.0	5.0
3.5	3.3333333333333335	3.6666666666666665
3.9166666666666665	3.8	4.0
4.833333333333333	4.666666666666667	5.0
3.0	3.5	2.3333333333333335
4.333333333333333	4.333333333333333	4.333333333333333
4.090909090909091	3.75	5.0
3.5	3.0	4.0
4.1	3.8333333333333335	4.5
3.5555555555555554	4.0	2.6666666666666665
4.666666666666667	5.0	4.333333333333333
4.375	4.5	4.25
3.6666666666666665	3.6666666666666665	3.6666666666666665
4.375	4.6	4.0
4.5	4.0	5.0
4.7	5.0	4.25
4.32	4.190476190476191	5.0
3.75	3.0	4.2
4.555555555555555	4.5	4.666666666666667
2.5384615384615383	2.4444444444444446	2.75
4.285714285714286	5.0	3.3333333333333335
4.428571428571429	4.0	5.0
3.6	3.0	4.2
3.0	2.5	3.6666666666666665
3.8181818181818183	3.3333333333333335	4.4
4.0	4.0	4.0
4.75	4.6	5.0
4.142857142857143	5.0	3.5
5.0	5.0	5.0
4.75	4.625	5.0
4.714285714285714	5.0	4.5
5.0	5.0	5.0
3.9375	4.083333333333333	3.5
4.2727272727272725	4.142857142857143	4.5
4.142857142857143	3.75	4.666666666666667
3.5714285714285716	3.5	3.6666666666666665
3.1666666666666665	3.0	3.3333333333333335
2.8333333333333335	3.3333333333333335	2.3333333333333335
4.0	4.0	4.0
3.888888888888889	3.8	4.0
4.615384615384615	4.625	4.6
5.0	5.0	5.0
4.0	4.666666666666667	3.5
3.875	3.75	4.0
3.857142857142857	3.3333333333333335	4.25
3.6666666666666665	4.0	3.3333333333333335
3.25	3.375	3.0
4.222222222222222	3.8333333333333335	5.0
4.5	4.666666666666667	4.333333333333333
4.666666666666667	5.0	4.333333333333333
4.666666666666667	4.666666666666667	4.666666666666667
3.9523809523809526	3.625	5.0
4.666666666666667	4.666666666666667	4.666666666666667
4.285714285714286	3.75	5.0
3.142857142857143	2.0	4.0
4.428571428571429	5.0	3.6666666666666665
3.8125	3.6666666666666665	4.25
5.0	5.0	5.0
4.333333333333333	5.0	3.6666666666666665
3.7058823529411766	4.5	3.4615384615384617
3.7142857142857144	5.0	2.75
4.0	3.6	4.5
4.714285714285714	4.333333333333333	5.0
2.9166666666666665	3.111111111111111	2.3333333333333335
4.333333333333333	4.666666666666667	3.6666666666666665
2.875	2.4	3.6666666666666665
4.0	4.833333333333333	2.75
3.5	4.2	2.3333333333333335
5.0	5.0	5.0
5.0	5.0	5.0
4.0	3.6666666666666665	4.333333333333333
3.857142857142857	4.25	3.3333333333333335
5.0	5.0	5.0
4.916666666666667	4.888888888888889	5.0
3.2857142857142856	3.0	3.5
3.473684210526316	3.4	3.75
5.0	5.0	5.0
4.285714285714286	4.5	4.0
2.5714285714285716	2.75	2.3333333333333335
4.166666666666667	3.3333333333333335	5.0
4.6	4.5	4.75
4.111111111111111	4.0	4.166666666666667
4.285714285714286	4.0	4.5
4.444444444444445	4.25	4.6
4.6923076923076925	4.666666666666667	4.714285714285714
4.7272727272727275	4.571428571428571	5.0
4.3	4.833333333333333	3.5
4.0	3.75	4.333333333333333
2.8333333333333335	3.4	2.4285714285714284
4.384615384615385	4.2	5.0
4.0	3.7142857142857144	4.5
4.5	5.0	4.2
4.625	4.4	5.0
4.0	4.090909090909091	3.6666666666666665
3.857142857142857	3.0	5.0
4.235294117647059	4.296296296296297	4.0
3.375	3.4	3.3333333333333335
4.0	4.111111111111111	3.75
3.0	3.4	2.3333333333333335
3.7777777777777777	3.8333333333333335	3.6666666666666665
3.75	3.5	4.0
4.8	4.8	4.8
3.5806451612903225	3.5	3.6923076923076925
4.285714285714286	4.0	4.666666666666667
5.0	5.0	5.0
4.5	4.714285714285714	4.0
4.25	4.5	4.0
2.2666666666666666	2.4545454545454546	1.75
3.875	3.4	4.666666666666667
4.666666666666667	4.777777777777778	4.333333333333333
3.875	3.2	5.0
3.888888888888889	4.25	3.6
4.176470588235294	4.166666666666667	4.2
4.583333333333333	4.5	4.75
4.571428571428571	5.0	4.0
4.888888888888889	5.0	4.8
4.764705882352941	4.769230769230769	4.75
3.5	4.0	3.0
3.588235294117647	3.2857142857142856	3.8
3.3333333333333335	4.333333333333333	2.3333333333333335
4.625	4.4	5.0
4.0	4.333333333333333	3.75
4.142857142857143	4.833333333333333	3.2222222222222223
3.7142857142857144	4.333333333333333	3.25
3.4074074074074074	3.3181818181818183	3.8
3.6666666666666665	3.2	4.090909090909091
3.888888888888889	3.2	4.75
4.0	4.0	4.0
4.333333333333333	4.0	4.666666666666667
3.88	3.8636363636363638	4.0
4.4	4.6	4.2
4.7	5.0	4.25
3.2	3.142857142857143	3.3333333333333335
3.727272727272727	3.375	4.666666666666667
4.416666666666667	4.428571428571429	4.4
3.909090909090909	4.125	3.3333333333333335
3.5	4.0	2.3333333333333335
5.0	5.0	5.0
4.0	4.25	3.6666666666666665
4.7	4.571428571428571	5.0
1.7	1.75	1.6666666666666667
4.25	4.0	4.5
4.25	4.2	4.333333333333333
4.5	4.0	5.0
3.5	4.0	3.0
3.1666666666666665	4.0	2.3333333333333335
4.363636363636363	4.5	4.0
4.857142857142857	4.75	5.0
3.5714285714285716	3.0	4.0
4.5	4.857142857142857	3.6666666666666665
3.5555555555555554	4.0	2.6666666666666665
4.214285714285714	4.1	4.5
4.133333333333334	4.333333333333333	2.3333333333333335
4.75	4.761904761904762	4.714285714285714
4.333333333333333	5.0	4.0
5.0	5.0	5.0
3.857142857142857	3.5	4.333333333333333
4.333333333333333	5.0	3.6666666666666665
3.111111111111111	2.0	4.0
4.75	4.6	5.0
4.5	5.0	4.0
4.142857142857143	4.5	3.6666666666666665
5.0	5.0	5.0
5.0	5.0	5.0
4.428571428571429	4.5	4.25
4.888888888888889	4.8	5.0
3.142857142857143	2.75	3.6666666666666665
3.6666666666666665	3.6666666666666665	3.6666666666666665
4.875	5.0	4.666666666666667
3.3684210526315788	3.230769230769231	3.6666666666666665
3.782608695652174	3.7	4.333333333333333
4.636363636363637	4.428571428571429	5.0
4.166666666666667	5.0	3.3333333333333335
4.5	4.714285714285714	4.2
3.4444444444444446	3.2	3.75
4.3	4.333333333333333	4.25
3.5238095238095237	3.7222222222222223	2.3333333333333335
4.0	3.6666666666666665	4.333333333333333
4.071428571428571	4.0	4.333333333333333
4.230769230769231	4.0	4.75
4.571428571428571	4.333333333333333	4.75
3.857142857142857	3.5	4.333333333333333
4.166666666666667	4.333333333333333	4.0
3.4	3.4	3.4
3.727272727272727	4.166666666666667	3.2
3.7	3.8333333333333335	3.5
4.526315789473684	4.818181818181818	4.125
5.0	5.0	5.0
2.090909090909091	1.2	2.8333333333333335
4.090909090909091	3.6666666666666665	4.6
4.714285714285714	5.0	4.333333333333333
4.0	3.3333333333333335	4.666666666666667
4.555555555555555	4.583333333333333	4.333333333333333
4.230769230769231	4.3	4.0
4.875	4.8	5.0
4.515151515151516	4.535714285714286	4.4
4.857142857142857	4.75	5.0
4.6	4.5	4.75
4.769230769230769	4.777777777777778	4.75
4.571428571428571	5.0	4.25
2.7777777777777777	1.8333333333333333	4.666666666666667
4.333333333333333	5.0	3.6666666666666665
4.571428571428571	4.5	4.666666666666667
3.1333333333333333	3.2	3.0
4.588235294117647	4.714285714285714	4.0
3.533333333333333	3.7	3.2
4.125	5.0	3.6
4.666666666666667	5.0	4.333333333333333
4.75	4.705882352941177	5.0
4.2	4.294117647058823	3.6666666666666665
3.7857142857142856	4.222222222222222	3.0
3.857142857142857	5.0	2.3333333333333335
4.777777777777778	4.833333333333333	4.666666666666667
4.5	4.75	4.25
4.454545454545454	5.0	3.5
4.714285714285714	4.666666666666667	4.75
3.75	4.0	3.3333333333333335
4.714285714285714	4.5	5.0
4.538461538461538	4.5	4.666666666666667
3.857142857142857	4.25	3.3333333333333335
4.777777777777778	4.8	4.75
4.428571428571429	4.0	5.0
4.615384615384615	4.5	5.0
3.1818181818181817	3.5	2.3333333333333335
4.333333333333333	5.0	3.6666666666666665
4.166666666666667	3.6666666666666665	4.666666666666667
4.5	5.0	4.0
3.9285714285714284	4.0588235294117645	3.727272727272727
3.7777777777777777	4.166666666666667	3.0
4.75	5.0	4.333333333333333
4.285714285714286	5.0	3.75
3.5	3.8	3.3333333333333335
3.5	4.0	2.6666666666666665
4.428571428571429	3.6666666666666665	5.0
3.7777777777777777	3.8	3.75
2.8333333333333335	2.3333333333333335	3.3333333333333335
3.5	4.0	3.0
3.933333333333333	3.6363636363636362	4.75
3.1666666666666665	3.3333333333333335	3.0
4.571428571428571	4.333333333333333	4.75
3.1	3.2857142857142856	2.6666666666666665
4.5	4.4	4.666666666666667
4.066666666666666	3.6666666666666665	4.333333333333333
4.333333333333333	4.470588235294118	4.1
4.666666666666667	4.333333333333333	5.0
4.0	3.5	4.666666666666667
4.083333333333333	4.111111111111111	4.0
4.25	3.8	5.0
4.571428571428571	4.25	5.0
4.0	3.25	4.428571428571429
5.0	5.0	5.0
4.888888888888889	4.75	5.0
4.375	4.4	4.333333333333333
4.5	4.6	4.4
3.6666666666666665	3.6666666666666665	3.6666666666666665
4.3	4.142857142857143	4.666666666666667
4.1	3.3333333333333335	4.428571428571429
3.8421052631578947	3.857142857142857	3.8
4.8	4.833333333333333	4.75
3.823529411764706	4.0	3.0
5.0	5.0	5.0
4.714285714285714	4.5	5.0
2.625	2.3333333333333335	2.8
3.7777777777777777	3.8	3.75
5.0	5.0	5.0
3.5	3.0	4.0
4.222222222222222	3.75	4.6
4.0	4.166666666666667	3.6666666666666665
4.818181818181818	5.0	4.6
4.846153846153846	5.0	4.333333333333333
3.875	3.6666666666666665	4.0
4.9	4.833333333333333	5.0
3.4444444444444446	3.1666666666666665	4.0
4.875	4.75	5.0
3.3333333333333335	3.1666666666666665	3.6666666666666665
4.333333333333333	4.333333333333333	4.333333333333333
4.666666666666667	4.555555555555555	5.0
1.4444444444444444	1.6666666666666667	1.0
3.473684210526316	3.5625	3.0
4.714285714285714	5.0	4.333333333333333
4.529411764705882	4.333333333333333	5.0
4.7272727272727275	4.6	4.833333333333333
4.0	4.6	3.0
5.0	5.0	5.0
2.5714285714285716	2.0	3.3333333333333335
5.0	5.0	5.0
3.8	3.909090909090909	3.5
3.7058823529411766	3.5384615384615383	4.25
4.181818181818182	4.142857142857143	4.25
3.5714285714285716	3.5	3.6666666666666665
4.333333333333333	4.666666666666667	4.0
4.666666666666667	4.666666666666667	4.666666666666667
4.444444444444445	4.166666666666667	5.0
4.25	4.142857142857143	4.4
4.096774193548387	4.035714285714286	4.666666666666667
4.0	3.8	4.5
4.833333333333333	4.833333333333333	4.833333333333333
4.1	4.5	3.8333333333333335
4.375	4.4	4.333333333333333
3.5555555555555554	3.2	4.0
4.190476190476191	4.222222222222222	4.0
4.3	4.285714285714286	4.333333333333333
4.333333333333333	5.0	3.6666666666666665
3.125	2.8	3.6666666666666665
4.142857142857143	4.0	4.333333333333333
4.9	5.0	4.8
3.9285714285714284	3.4	4.222222222222222
3.6	3.5454545454545454	3.75
4.714285714285714	5.0	4.5
5.0	5.0	5.0
4.454545454545454	4.625	4.0
4.285714285714286	5.0	3.3333333333333335
5.0	5.0	5.0
3.857142857142857	3.0	5.0
4.0	4.0	4.0
4.333333333333333	4.166666666666667	4.666666666666667
4.333333333333333	3.6666666666666665	5.0
4.9	4.857142857142857	5.0
3.6666666666666665	3.3333333333333335	4.0
4.444444444444445	4.4	4.5
2.875	3.3333333333333335	2.6
3.8421052631578947	3.8461538461538463	3.8333333333333335
4.666666666666667	4.666666666666667	4.666666666666667
4.6	4.666666666666667	4.5
1.625	2.25	1.0
4.0	4.666666666666667	3.3333333333333335
3.6666666666666665	2.3333333333333335	5.0
3.3333333333333335	3.0	3.6666666666666665
4.714285714285714	4.6	5.0
4.818181818181818	5.0	4.333333333333333
3.6666666666666665	3.6666666666666665	3.6666666666666665
3.6666666666666665	3.875	3.25
4.7	4.5	5.0
3.8333333333333335	5.0	2.6666666666666665
4.222222222222222	4.666666666666667	4.0
4.125	4.4	3.6666666666666665
4.875	4.8	5.0
4.818181818181818	4.714285714285714	5.0
4.555555555555555	4.5	4.666666666666667
4.857142857142857	4.75	5.0
4.96875	4.962962962962963	5.0
4.833333333333333	4.666666666666667	5.0
5.0	5.0	5.0
4.333333333333333	3.6666666666666665	5.0
3.4285714285714284	3.5	3.3333333333333335
4.7	4.5	5.0
3.3333333333333335	3.2	3.5
4.125	5.0	3.25
4.333333333333333	3.6666666666666665	5.0
3.5	3.75	3.25
4.090909090909091	4.0	4.25
4.714285714285714	5.0	4.333333333333333
3.4	2.8	4.0
4.454545454545454	4.142857142857143	5.0
4.545454545454546	4.75	4.0
4.166666666666667	5.0	3.3333333333333335
4.75	5.0	4.25
3.6363636363636362	3.25	4.666666666666667
3.6	3.7142857142857144	3.3333333333333335
3.5454545454545454	3.8333333333333335	3.2
4.571428571428571	5.0	4.25
4.625	4.454545454545454	5.0
2.9310344827586206	2.96	2.75
3.1	2.7142857142857144	4.0
4.375	4.538461538461538	3.6666666666666665
4.333333333333333	3.6666666666666665	5.0
3.1739130434782608	3.4	2.75
4.461538461538462	4.625	4.2
3.8461538461538463	3.375	4.6
4.666666666666667	5.0	4.333333333333333
4.125	4.0	4.25
3.142857142857143	3.0	3.3333333333333335
4.125	3.75	4.5
5.0	5.0	5.0
4.571428571428571	4.25	5.0
4.285714285714286	4.5	3.75
4.4	4.0	5.0
5.0	5.0	5.0
4.375	5.0	3.3333333333333335
5.0	5.0	5.0
4.454545454545454	4.428571428571429	4.5
4.125	3.6	5.0
4.0	4.111111111111111	3.6666666666666665
4.0	4.25	3.6666666666666665
4.529411764705882	4.545454545454546	4.5
4.166666666666667	3.3333333333333335	5.0
4.0	4.333333333333333	3.6666666666666665
4.6	4.5	5.0
2.8333333333333335	3.0	2.6666666666666665
4.5	4.333333333333333	4.666666666666667
4.875	4.8	5.0
4.125	4.8	3.0
5.0	5.0	5.0
4.866666666666666	4.833333333333333	5.0
3.5	3.6666666666666665	3.3333333333333335
4.3	4.571428571428571	3.6666666666666665
4.714285714285714	5.0	4.333333333333333
4.5	5.0	4.0
3.9	3.4285714285714284	5.0
4.111111111111111	4.0	4.333333333333333
3.8333333333333335	4.0	3.6666666666666665
2.65	2.6875	2.5
5.0	5.0	5.0
3.3333333333333335	2.6666666666666665	4.0
4.818181818181818	4.75	5.0
4.5	4.666666666666667	4.333333333333333
4.0	3.5	5.0
2.0	2.0	2.0
3.875	4.2	3.3333333333333335
3.7777777777777777	3.9285714285714284	3.25
3.5	3.4285714285714284	3.6666666666666665
3.392857142857143	3.4545454545454546	3.1666666666666665
4.857142857142857	4.75	5.0
5.0	5.0	5.0
4.125	3.6	5.0
4.666666666666667	4.333333333333333	5.0
3.5	3.2	4.0
4.166666666666667	4.0	5.0
5.0	5.0	5.0
5.0	5.0	5.0
4.777777777777778	4.8	4.666666666666667
4.0	3.0	5.0
4.714285714285714	4.6	5.0
4.444444444444445	4.4	4.5
5.0	5.0	5.0
5.0	5.0	5.0
4.428571428571429	5.0	3.6666666666666665
4.714285714285714	5.0	4.5
3.75	3.2	4.666666666666667
5.0	5.0	5.0
4.083333333333333	3.8333333333333335	4.333333333333333
2.7142857142857144	4.0	1.0
4.777777777777778	4.6	5.0
3.6363636363636362	4.125	2.3333333333333335
4.444444444444445	4.75	3.8333333333333335
5.0	5.0	5.0
4.0	3.3333333333333335	4.666666666666667
3.3333333333333335	3.6666666666666665	3.0
4.392156862745098	4.416666666666667	4.333333333333333
3.75	3.4285714285714284	4.2
4.454545454545454	4.285714285714286	4.75
5.0	5.0	5.0
4.1	4.285714285714286	3.6666666666666665
4.55	4.470588235294118	5.0
3.7777777777777777	3.5	4.0
2.3333333333333335	2.0	2.6
3.2857142857142856	4.0	2.3333333333333335
4.0	3.75	4.25
4.555555555555555	4.333333333333333	5.0
3.1538461538461537	3.3333333333333335	2.75
4.285714285714286	4.5	4.0
4.0	4.666666666666667	3.3333333333333335
4.0	4.0	4.0
5.0	5.0	5.0
4.133333333333334	4.0	4.666666666666667
4.125	4.2	4.0
5.0	5.0	5.0
4.714285714285714	4.5	5.0
3.7142857142857144	3.7	3.75
4.833333333333333	4.666666666666667	5.0
4.555555555555555	4.4	4.75
4.0	3.25	4.75
4.176470588235294	4.090909090909091	4.333333333333333
4.7894736842105265	4.8125	4.666666666666667
3.6923076923076925	3.3	5.0
5.0	5.0	5.0
3.6	3.4	4.0
3.4285714285714284	3.0	4.0
4.666666666666667	4.625	4.75
3.75	3.6	4.0
3.5714285714285716	3.5	3.6666666666666665
5.0	5.0	5.0
3.7777777777777777	3.1666666666666665	5.0
3.923076923076923	4.0	3.8333333333333335
3.0	3.6666666666666665	2.3333333333333335
4.923076923076923	4.8	5.0
4.382352941176471	4.310344827586207	4.8
4.647058823529412	4.6923076923076925	4.5
4.142857142857143	4.0	4.25
3.857142857142857	3.727272727272727	4.333333333333333
2.3333333333333335	2.3333333333333335	2.3333333333333335
4.2727272727272725	4.0	4.75
4.428571428571429	4.7	3.75
3.75	3.75	3.75
3.9	4.166666666666667	3.5
5.0	5.0	5.0
3.375	3.0	3.75
4.285714285714286	4.75	3.6666666666666665
3.6666666666666665	3.0	4.333333333333333
4.3076923076923075	4.555555555555555	3.75
3.7777777777777777	3.2	4.5
4.666666666666667	4.5	5.0
4.5	4.666666666666667	4.333333333333333
4.25	4.666666666666667	4.0
4.75	4.6	5.0
4.0	3.6666666666666665	4.666666666666667
3.25	2.8	4.0
4.75	4.8	4.666666666666667
4.111111111111111	3.8	4.5
4.7272727272727275	4.571428571428571	5.0
3.6666666666666665	4.666666666666667	2.6666666666666665
5.0	5.0	5.0
4.5	4.2	5.0
5.0	5.0	5.0
4.285714285714286	4.333333333333333	4.25
3.090909090909091	3.25	3.0
4.333333333333333	4.0	4.75
4.555555555555555	4.333333333333333	5.0
2.6666666666666665	3.2222222222222223	1.0
3.75	4.25	3.25
3.5	3.25	3.75
5.0	5.0	5.0
4.428571428571429	4.0	5.0
4.714285714285714	4.666666666666667	4.75
5.0	5.0	5.0
3.8947368421052633	4.125	2.6666666666666665
4.428571428571429	4.25	4.666666666666667
4.0	4.0	4.0
3.8	3.2857142857142856	5.0
4.857142857142857	5.0	4.75
3.7777777777777777	4.0	3.6666666666666665
3.142857142857143	2.25	4.333333333333333
3.8181818181818183	4.0	3.3333333333333335
4.416666666666667	4.444444444444445	4.333333333333333
4.375	5.0	3.75
4.5	4.333333333333333	4.666666666666667
4.318181818181818	4.473684210526316	3.3333333333333335
4.142857142857143	4.5	3.6666666666666665
4.0	4.0	4.0
4.666666666666667	4.555555555555555	5.0
4.9	4.833333333333333	5.0
4.0	4.0	4.0
3.2666666666666666	3.0833333333333335	4.0
3.125	3.25	3.0
3.5	2.0	5.0
5.0	5.0	5.0
4.555555555555555	4.533333333333333	4.666666666666667
5.0	5.0	5.0
3.5	3.6666666666666665	3.3333333333333335
3.1	3.142857142857143	3.0
3.625	3.619047619047619	3.6666666666666665
3.3333333333333335	1.6666666666666667	5.0
3.8421052631578947	3.9375	3.3333333333333335
4.555555555555555	5.0	3.6666666666666665
4.6	4.428571428571429	5.0
2.8333333333333335	3.6666666666666665	2.0
5.0	5.0	5.0
2.6666666666666665	2.3333333333333335	3.0
3.7777777777777777	3.769230769230769	3.8
4.666666666666667	4.666666666666667	4.666666666666667
4.142857142857143	4.5	3.6666666666666665
4.6875	4.923076923076923	3.6666666666666665
4.133333333333334	4.444444444444445	1.3333333333333333
4.133333333333334	4.5	2.6666666666666665
4.066666666666666	4.038461538461538	4.25
5.0	5.0	5.0
2.875	3.2	2.3333333333333335
4.428571428571429	4.5	4.333333333333333
3.75	3.25	4.75
5.0	5.0	5.0
2.625	2.2	3.3333333333333335
4.375	4.2	4.666666666666667
4.636363636363637	4.571428571428571	4.75
4.0	3.6	4.666666666666667
3.5	3.3333333333333335	3.6666666666666665
4.5	5.0	3.6666666666666665
4.545454545454546	4.285714285714286	5.0
5.0	5.0	5.0
4.0	5.0	3.0
4.125	3.6	5.0
4.5	4.428571428571429	4.666666666666667
3.6666666666666665	4.666666666666667	2.6666666666666665
5.0	5.0	5.0
4.0	3.6666666666666665	4.333333333333333
3.6666666666666665	3.0	4.333333333333333
4.888888888888889	4.833333333333333	5.0
3.8333333333333335	2.6666666666666665	5.0
4.714285714285714	4.75	4.666666666666667
5.0	5.0	5.0
3.0	2.875	3.3333333333333335
3.7222222222222223	3.7857142857142856	3.5
5.0	5.0	5.0
4.285714285714286	4.75	3.6666666666666665
4.875	4.8	5.0
