new_user_id	adgroup_id
0	13159
1	28461
1	22248
1	62658
1	67095
1	8018
1	92869
1	92892
1	916
1	84746
2	61554
2	72573
2	14984
3	5752
4	5276
5	20
5	10560
5	34233
5	761
6	1737
6	27049
6	83862
7	14026
7	45239
7	90737
7	10334
8	25553
8	32381
8	150
8	67877
8	12994
8	74586
8	111586
9	71598
9	9174
9	97811
9	26605
10	88997
10	90423
11	84353
11	84718
11	51915
11	84719
11	86127
11	86254
11	86309
11	36693
11	53024
11	86414
11	88812
11	88843
12	11336
12	14090
12	199
12	97830
12	9990
13	101542
14	58780
14	48641
14	19126
14	61856
14	4295
15	88115
16	39813
16	81131
16	91334
16	79187
16	65696
16	92786
16	24598
17	89804
17	27734
17	99856
17	3466
18	4390
18	32769
18	62601
18	11565
18	58675
18	186
18	88153
18	69120
18	2800
18	93137
18	10182
18	45857
18	21119
18	10335
18	19344
18	89465
18	35651
18	52629
18	80631
19	90329
19	94158
19	94168
19	102249
20	79273
20	33
20	85066
21	54041
21	14402
21	83196
21	19676
22	5043
22	18464
22	29001
22	111964
23	73353
24	19975
24	33449
24	39
24	1880
24	10619
24	100601
24	27332
24	1225
24	9190
24	4331
24	34172
24	79550
24	97048
24	26701
24	80268
24	1706
25	93228
25	6236
26	92688
26	7795
26	49522
26	27248
27	772
27	1496
28	96757
29	92881
29	24036
29	42076
30	86125
30	16766
30	84764
30	25553
30	86887
30	16766
30	3278
31	95772
31	34260
31	890
31	5716
31	9568
31	103192
31	27327
31	44897
32	56308
32	1053
33	83704
33	654
34	1314
34	7031
35	105912
36	85390
36	88959
36	27958
36	623
36	92547
37	84947
37	88838
37	63898
37	2415
37	15316
38	85350
38	34248
38	64125
38	3090
38	99262
38	101156
38	101455
38	101467
38	2746
38	56882
38	85662
38	104014
38	45785
38	107957
38	52127
38	24962
38	20475
38	67764
38	1822
38	69398
39	50325
39	92669
39	18933
39	52250
39	84141
40	50208
41	783
42	89759
42	89760
42	89761
42	60452
42	39381
42	47173
42	91054
42	55158
42	91055
42	91056
42	36318
42	111263
42	111264
42	76158
42	111814
42	110744
42	97555
42	24852
42	112126
43	1531
44	23764
44	52574
45	105857
46	105566
46	105567
47	63856
47	85956
47	52214
48	908
48	89657
48	17958
48	41204
49	52435
50	82979
50	74485
50	60603
50	53272
50	11274
50	43225
50	13371
50	14503
50	68631
51	22618
51	72481
51	36816
51	97118
51	107046
52	38230
52	89801
52	89802
52	101270
52	27274
53	84011
53	20224
53	88303
53	93976
53	94013
53	41160
53	94105
53	4788
53	82
53	101148
53	56766
53	72652
53	105979
54	95638
55	319
56	84494
56	87602
56	38277
56	13007
56	99520
56	99521
56	91659
56	4557
57	84145
57	61581
57	94539
58	2415
58	1388
58	36101
58	86363
59	72384
59	2833
59	27016
59	107038
59	12065
59	15036
59	1015
59	56204
59	108513
59	18790
60	68326
60	60259
60	26919
60	56204
60	70187
61	98996
61	58644
61	90773
62	35486
63	22437
63	514
63	531
63	90136
64	7213
65	87341
66	3805
67	17481
67	86128
67	14355
67	94283
67	74640
68	46635
68	28774
68	45239
68	92222
68	46636
68	307
68	3957
69	1297
69	78663
69	91047
69	91067
69	81695
69	71699
69	20275
69	106573
69	85480
70	34302
70	10459
70	14710
70	13573
70	108937
70	29807
70	36097
71	90295
71	105141
71	105142
71	72905
71	67877
71	97937
71	71910
71	40403
71	105311
71	86332
71	51766
71	47439
72	10658
73	68479
73	15825
74	88990
75	12036
75	65527
75	47020
75	28230
75	60285
75	75165
75	27016
75	50521
75	17510
75	73482
75	12854
75	97278
75	71190
75	6621
75	5700
76	65572
76	89340
76	2845
76	91632
77	58882
77	9622
78	74395
79	85638
79	61951
79	85678
79	85681
79	85694
79	85744
79	38950
79	85745
79	99133
80	40735
80	89307
80	19138
80	25153
81	23973
81	1495
82	7980
82	83728
82	21784
82	21315
82	83431
82	11877
82	96735
82	96736
83	17480
83	28579
84	72827
84	88603
85	92957
85	70341
86	4663
87	33879
87	74290
87	14307
88	60834
88	69863
89	73863
90	58112
91	37760
92	6971
93	89787
93	71914
94	53237
94	5859
95	111628
96	3735
96	19865
96	90029
96	8948
96	95095
97	39753
97	102052
97	103071
97	58043
97	103294
98	39
98	8389
98	23409
98	100705
98	100746
98	101342
99	78760
99	8191
100	9705
100	24438
101	68635
101	62895
101	306
101	20680
101	1908
101	40047
101	8327
101	68635
101	67847
101	9391
101	20729
101	39174
101	28961
101	4302
101	97357
102	16555
103	73491
103	104639
103	104656
103	89447
104	65099
104	4643
104	85066
105	24390
105	83552
105	43602
105	92834
105	9719
105	4388
105	68178
105	20166
105	84630
105	62328
105	87575
106	101343
106	101344
106	101761
107	91770
107	30787
107	83974
107	111172
107	111207
107	111302
107	111345
107	22873
107	111697
107	58544
107	111802
107	111803
107	111804
107	111805
108	87756
108	87871
108	87872
108	87978
108	87979
108	87980
109	53975
109	98121
109	102328
109	62033
109	107211
110	57344
110	141
110	15036
110	43433
110	69072
110	5642
110	34786
110	10694
111	83241
112	94549
113	93235
114	14082
114	4032
115	223
116	5922
116	16753
116	22799
116	5324
117	72155
118	49249
118	61757
118	83113
118	22041
118	41687
118	14013
118	67546
118	49249
119	89938
119	89939
119	77088
119	21723
119	91433
119	35072
119	35990
119	19638
119	64638
119	77294
119	230
120	88927
120	17345
120	63760
120	16299
120	67521
120	35361
121	85436
121	89971
121	42277
121	92901
121	188
121	92903
121	2882
121	92927
122	92960
122	2666
122	61653
123	28768
123	45756
123	4565
123	109750
123	111338
124	94662
125	15764
125	1455
125	100332
125	100333
125	26114
125	25176
125	6595
125	71548
125	21367
126	6941
126	42124
126	104652
127	88239
127	88294
127	65055
128	65856
128	30793
129	1225
130	837
130	89213
130	24321
130	97798
131	20166
131	94500
131	35854
131	104769
132	93771
132	38158
132	12008
133	100642
133	109280
133	49011
134	98414
135	50687
135	28543
135	78708
135	91006
136	88678
136	11474
136	78196
136	92489
136	25013
136	47198
136	47278
137	90068
137	92412
137	40404
137	59662
137	46504
137	101196
137	98856
137	17956
137	101403
137	100969
137	106045
137	1067
138	8504
139	16434
139	56011
139	88838
139	93001
139	7260
139	2106
139	27082
139	14932
139	61550
139	96694
139	711
139	29570
140	89645
140	40699
141	94334
142	6806
142	35876
142	52640
143	44921
143	3649
144	7860
145	9002
145	12347
145	21544
145	335
145	92646
145	94591
145	100816
145	11804
145	100840
146	107368
146	41324
146	67809
146	24974
146	79482
147	11107
147	38291
147	16109
147	34820
147	103649
148	4050
148	92254
148	3773
148	69172
148	16826
148	6321
148	25669
148	101641
148	97067
148	83726
149	25060
150	7220
150	88464
151	20879
152	105038
153	90246
153	93332
153	5311
154	88863
154	91102
155	41363
156	20090
156	101642
156	43393
156	101973
156	11046
156	63749
156	102083
156	3742
156	14141
156	51272
156	72830
156	11308
156	84793
156	101418
157	55181
158	88842
159	32093
159	24191
159	28492
159	77307
159	11359
159	76704
159	4331
159	16798
159	34828
159	76203
159	88733
159	93220
159	85468
159	32093
159	101328
160	54615
160	90430
160	38497
160	64378
160	41013
160	83779
160	14741
160	10987
160	3055
160	99608
160	68380
160	5845
160	1912
160	52199
160	56336
160	38497
160	1960
160	54615
160	64378
161	65041
162	83892
162	88879
162	56094
163	7092
163	56694
163	56265
163	12939
163	17580
164	56011
165	90140
165	12897
165	2258
165	101922
166	83717
166	32193
166	84436
166	188
166	51978
167	49802
167	111820
168	72826
168	45685
168	5201
168	26847
168	62425
168	92491
168	15796
168	86269
168	10418
168	101643
168	61640
168	111738
168	4141
169	34908
170	61969
171	95355
172	91214
173	34977
173	85905
173	31719
173	13832
173	18784
173	6147
173	86411
173	10828
173	50992
173	19342
174	745
174	93069
175	41786
176	90556
176	44809
176	84650
176	60641
176	90568
176	37342
176	22352
176	102841
177	8412
178	11465
178	5844
178	92702
178	1881
178	103467
178	92834
178	1682
178	43602
179	89137
179	37342
180	90737
180	1135
180	84555
180	84469
181	90047
182	285
182	76119
183	86248
184	8740
184	6945
184	42572
184	5946
185	51604
185	18069
185	29892
185	77150
185	1846
185	17600
185	21795
185	99870
185	15719
185	101188
185	25814
185	109831
185	111878
186	61352
187	88998
187	7294
187	21843
187	91194
187	91195
188	73553
188	93395
189	44224
190	83131
191	61529
192	45239
193	88757
193	39033
193	89598
193	92875
193	27567
193	100489
194	4341
195	17433
196	55985
196	307
197	307
198	25559
198	2326
198	91586
198	1306
198	28184
199	47719
199	83253
199	30918
199	89923
199	89932
199	99730
199	62299
199	26605
199	107174
199	107175
199	22694
200	62956
200	96316
200	4922
200	73277
200	9040
200	101686
200	38037
200	101751
200	101768
200	101769
200	41484
200	106420
201	753
202	93644
202	93645
203	6510
204	10471
204	93653
204	95315
204	5396
204	101869
204	8001
204	107005
204	107015
204	111913
205	41722
205	101811
206	4632
206	5526
206	64932
207	83548
207	3436
207	87519
207	101123
207	6552
207	4367
207	19030
207	21487
207	43052
207	95048
208	16888
208	10285
209	89853
209	89881
209	89913
209	78396
209	48
210	85563
211	21116
212	103605
213	67356
213	60108
214	2475
214	40905
214	26141
214	92140
214	91693
214	94264
214	91735
214	94351
215	85184
215	25048
215	85210
215	101217
215	2464
215	101218
215	101255
215	101256
215	9166
216	32940
216	108110
216	25613
216	30840
216	103121
217	25019
217	13540
218	82970
218	5333
218	36187
218	5670
218	77329
218	65438
218	89845
218	6950
218	79947
218	9568
218	93472
218	86974
218	44769
218	278
218	33465
218	3877
218	98438
218	31918
218	17108
218	15381
218	25860
218	68191
218	45771
218	86420
218	43809
218	26906
218	105394
218	44769
218	6950
218	19641
218	107186
218	25972
218	2320
218	107559
218	57607
218	83665
218	105635
218	109110
218	109111
219	91410
219	4894
220	2761
220	13854
221	34302
221	12214
221	10685
222	95981
223	56204
224	86125
224	62534
224	68761
224	42754
224	88180
224	79975
224	2829
224	198
224	36187
224	53465
225	96228
226	94901
226	94909
227	85613
228	83979
228	84098
228	65092
228	84098
228	6761
228	37685
228	65092
228	49717
229	9264
229	86362
229	86376
229	53842
229	45562
229	15632
229	15482
229	95581
229	18595
229	26794
229	28362
229	82890
229	45562
229	80514
229	86362
229	72
229	106669
229	78346
229	46201
229	109718
229	684
229	109732
229	92385
230	3805
230	61809
231	94667
232	4642
232	76307
233	84677
233	47362
233	85845
233	86458
233	90972
233	47361
233	91354
233	60580
233	98234
233	99529
233	99558
233	99579
233	64248
233	102954
233	63811
233	65432
233	107802
233	108682
233	108722
233	108999
233	109011
233	109012
233	109013
233	107802
233	109048
233	79520
233	4343
234	17048
234	59634
235	67929
236	17812
236	52778
236	56005
236	29381
236	372
236	46156
236	28184
236	55278
236	96304
236	96305
236	92916
236	94162
236	18233
236	46398
236	102009
236	96304
236	102187
236	3597
236	54714
236	102240
237	89509
237	89569
237	89570
237	89607
238	46784
238	80886
238	70710
238	21543
238	89549
238	100154
238	39628
238	112117
238	22222
239	85621
240	89557
240	40971
240	99223
240	1214
240	41424
240	4224
241	13643
241	72277
242	18588
242	5828
243	5337
243	69301
244	67095
244	156
245	92496
245	2145
245	92782
245	13878
245	71047
246	48641
247	8231
248	91237
248	106650
249	56169
249	52206
249	21728
249	106165
250	96059
250	576
251	22884
251	83552
251	73148
251	77690
251	13763
251	77213
251	6097
251	83411
251	52014
251	9906
251	79624
251	101257
251	2872
251	5201
251	73148
252	83987
252	80631
252	9907
252	28537
252	61242
252	35997
252	5359
252	64903
252	108519
252	42371
252	32040
252	106362
252	34727
253	79158
253	35833
253	78669
254	6661
254	65735
254	87898
254	9968
254	307
254	99327
254	2151
254	87070
254	87304
254	5781
255	83880
256	3739
256	77887
256	96204
257	82549
257	12427
258	85858
258	20529
258	26368
258	5843
259	60375
260	94644
260	68700
260	5455
261	10793
262	82168
263	68325
263	84159
263	4643
263	84237
263	80190
263	42485
263	79256
263	82721
263	60203
263	2666
263	54529
264	14567
264	29002
264	29696
264	40415
264	8938
264	11737
264	97379
265	5587
265	13797
265	7643
266	772
266	11465
266	25886
267	2363
268	85956
268	2773
268	67594
268	23940
268	57653
269	93918
270	17718
271	90644
272	25306
272	65938
272	27310
273	1207
273	59368
274	1682
274	72155
274	86930
274	10504
275	17499
275	33977
276	59373
276	98870
276	100046
277	81534
278	3162
279	40146
280	445
281	42852
281	53968
281	58893
281	43683
281	58300
282	67877
283	43433
283	50904
283	50778
283	15000
283	89489
284	108260
284	15743
285	98465
285	15530
285	87444
285	47538
285	53479
285	453
286	12388
286	93334
287	87663
287	6148
287	455
288	23543
288	20166
288	2420
289	52439
289	85482
289	87878
289	87934
289	95672
289	95673
289	96223
290	86125
291	86134
291	86198
291	90279
291	90306
291	46423
291	90307
291	90308
291	92131
291	54614
291	93925
291	52036
292	90634
292	14155
292	16921
292	23775
292	32697
292	104633
292	104681
292	83841
293	91945
293	19957
293	2599
293	92108
294	94557
294	94558
294	92718
295	38897
296	8418
296	21244
296	4851
296	20922
296	80748
297	7167
297	102103
297	45887
297	6971
297	108143
298	109661
298	87245
298	109985
299	101695
300	101929
301	77047
302	51084
303	47145
303	48896
303	29125
303	1785
303	3879
303	45639
303	35268
303	11079
303	48701
303	11777
304	56173
304	1032
304	84857
304	62610
304	71914
304	45413
304	42209
304	67786
304	24235
304	19478
304	95922
304	98734
304	56735
304	61530
304	11719
304	31559
305	97347
305	2159
305	104285
306	96054
307	33330
307	15533
308	72665
308	87574
308	23776
308	90080
308	6262
308	18811
308	68003
308	3379
308	31968
308	19567
308	8970
309	30233
309	77646
309	59707
309	41378
309	104119
309	42901
309	12427
309	111062
309	47093
310	10010
311	83382
311	13220
312	192
312	3278
312	69301
312	19622
312	37746
312	76608
312	107153
312	107193
312	107194
312	35059
312	72647
313	43968
313	12564
313	10728
313	307
313	87290
313	82661
313	4318
313	89767
313	58753
313	89768
313	132
313	38132
313	18677
313	6422
313	93383
313	93271
313	70585
313	96885
313	82661
313	12564
313	52225
314	83658
315	94070
315	56867
316	85066
316	89894
316	90720
316	57968
316	50610
316	95147
316	5922
317	71789
318	916
318	908
318	84710
319	1314
319	736
319	8856
320	14383
321	7
322	5559
322	90142
323	42644
323	75473
323	25562
323	6595
323	101585
323	50610
323	42644
323	89983
323	107310
324	88469
324	90070
324	83810
324	86936
324	77704
324	81154
324	529
324	22726
324	95774
324	7205
324	31594
324	112217
324	112230
325	89787
325	9130
325	89894
325	16818
326	5216
326	4587
326	34695
326	104029
326	5216
326	104113
327	12290
327	90236
328	46862
328	95273
328	46821
328	95368
328	108330
328	75965
329	6578
330	72011
331	14865
331	84395
331	31601
331	32410
331	34460
331	96740
331	17958
331	11849
331	36816
331	2314
331	8876
331	62732
331	108704
331	28113
331	78127
331	110285
331	96740
331	36036
331	38873
331	111933
331	1880
332	80804
332	93588
332	59723
332	102342
332	93954
332	25690
333	6118
333	53657
334	87107
334	68780
334	52063
335	41011
335	75243
336	6147
336	65846
336	5608
336	55181
336	96914
336	43767
337	86373
337	89078
337	99795
338	88510
339	89303
339	94634
339	97292
339	86131
339	103611
340	90339
340	8785
341	24779
341	64397
341	15941
342	1297
342	37935
342	1819
342	6578
342	51843
343	90023
343	58882
343	23286
344	3839
344	10470
344	101713
344	64746
345	2773
346	64774
346	89560
346	89585
347	83095
347	83261
347	83790
347	83403
347	65514
347	84945
347	86476
347	86477
347	56410
347	96286
347	65514
347	96976
347	96977
347	97028
347	97029
347	98962
347	94235
347	97859
347	99273
347	99274
347	99289
347	99290
347	99307
347	101014
347	101015
347	101389
347	24253
347	97028
347	107509
347	79284
347	83403
347	109452
347	109469
347	109479
348	93493
349	90159
349	95151
349	103731
350	43416
350	89530
350	68668
350	91639
350	91640
351	83642
351	83643
351	28118
351	91311
351	95595
351	96242
351	84566
351	70418
351	48362
351	102201
351	722
352	307
352	65140
353	90779
353	94429
353	101799
354	97230
355	1170
355	107791
355	109746
356	27475
357	33333
357	7387
357	8900
357	13295
357	100000
358	101637
358	104760
359	583
359	69788
360	63244
360	37802
360	1502
360	61814
360	89878
360	16586
361	5909
362	93462
362	67685
362	96385
362	11049
362	60739
363	8170
363	9826
363	85454
364	32268
365	84751
365	7829
365	44769
366	89405
367	94345
368	1086
368	18854
368	33108
368	89787
368	86617
368	5193
368	67877
368	26580
368	1455
368	66184
368	23005
368	91020
369	27031
369	83590
369	96835
369	97587
369	97637
369	97642
369	47676
370	73844
370	34233
371	71830
371	18323
371	74650
371	71273
371	101244
371	71830
371	14325
371	4857
371	69591
371	60592
371	201
371	53489
372	25071
372	77612
372	37509
372	34289
372	10116
372	66016
372	5071
372	12398
372	779
373	92468
374	76364
374	51214
375	101660
375	101661
375	44263
375	62256
375	101687
375	102092
376	230
376	90364
377	94278
378	99392
378	99774
379	44733
380	85291
380	85446
380	108819
380	108820
380	22092
380	108882
381	4033
381	127
381	34102
382	57812
382	83252
382	26479
382	92938
382	99280
383	6652
383	201
384	83574
384	53476
384	83590
384	16355
385	84630
385	71516
385	93433
385	90510
385	71190
386	85828
386	85863
386	85864
386	85932
386	88370
386	80801
386	93603
386	93662
387	11225
388	85783
389	90267
389	906
389	49451
389	28907
389	3278
389	3665
389	61242
389	7763
389	57500
389	4848
389	70862
389	4318
389	30909
389	9884
389	95716
389	105443
389	86023
389	108284
389	83335
389	27990
389	90267
389	14090
390	4514
390	89259
391	4390
391	69235
391	25711
392	87702
392	28482
392	91796
393	83675
393	83257
393	66723
393	27812
393	56622
393	7067
393	89930
393	757
393	63608
393	78893
393	71669
393	82607
393	93606
393	68966
393	1267
393	100962
393	26906
394	24823
395	6440
396	13247
396	28342
396	23973
396	3819
396	16555
397	12809
397	65247
397	4825
397	48551
398	82480
398	781
398	1397
398	7576
399	87480
399	42174
399	1502
399	128
399	94903
399	45165
399	101150
399	15474
400	27971
400	92409
401	8263
401	75966
401	48
401	29091
401	21265
402	85674
402	22947
402	8121
402	89449
402	95708
402	96942
402	96981
402	100168
403	850
403	83799
404	87224
404	90357
404	102317
404	102321
404	102322
404	109120
404	109200
404	109201
405	11299
405	84570
405	4003
405	3506
405	86172
405	1306
405	16980
405	12908
405	48039
405	24999
405	55326
405	3110
405	55683
405	65229
405	68846
405	97007
405	33054
405	84570
405	9049
405	25252
405	734
405	3542
405	71047
405	13417
405	101987
405	25940
405	85423
405	2277
405	56016
405	1633
406	111509
407	6697
407	660
407	71194
407	14394
408	9459
408	43095
408	68561
408	60023
408	4970
408	104668
408	1908
409	20018
409	20608
409	94215
409	9320
410	39957
410	409
411	14696
411	63211
412	6742
413	38023
414	20166
414	13757
414	101809
415	63562
416	4975
416	70386
416	87788
416	16978
416	68479
416	67438
416	42190
416	86136
416	4181
416	104847
416	94254
416	15000
416	409
416	56101
416	104928
417	21200
417	89588
417	1961
417	10920
417	91613
417	7190
417	98447
417	786
417	101936
417	103571
417	27981
417	103820
417	103821
417	20262
417	42935
418	44255
418	11847
418	95662
419	61369
420	61865
420	7531
421	11906
421	5214
422	11022
422	21130
422	67484
422	99540
422	54768
422	3628
422	105363
423	9757
423	96944
423	57416
423	47896
423	12345
424	56011
425	278
426	44919
426	428
426	536
426	32599
427	86936
428	52435
428	106362
429	88172
429	88321
429	88819
429	88820
429	88821
429	88871
429	88872
429	88873
429	88874
429	88875
430	86278
430	57131
430	90031
430	90138
430	52525
430	80963
430	9909
430	90183
430	90222
431	307
431	44230
431	4538
431	90044
431	307
432	84062
432	84063
432	6857
432	84488
432	85027
432	74098
433	1920
433	45239
433	4141
434	9106
435	39352
436	94963
436	926
436	1810
436	11150
436	17565
436	106829
436	106919
436	38096
436	106971
437	40549
437	93971
438	88047
438	88048
438	88336
438	5396
438	55247
438	85641
438	75241
438	83726
438	6971
438	48612
438	84212
438	306
438	61242
438	1908
438	109247
439	6295
439	1119
439	37027
440	83349
440	84228
440	83129
440	55643
440	89868
440	647
440	33160
440	9152
440	7196
440	100738
440	43778
440	1175
440	75217
441	14188
441	63473
442	88392
443	23784
443	91138
443	19125
443	20847
443	92298
443	10899
443	98438
443	18962
443	66853
443	35314
444	7144
444	803
445	56204
445	16380
445	4417
445	15337
445	785
445	99793
445	56011
445	6862
445	70365
445	100879
445	14434
445	10020
445	105594
446	19042
447	82345
447	1737
447	2052
447	3068
448	59906
448	24345
449	35858
449	2349
449	21992
449	45255
449	91771
449	98661
449	103436
449	112257
449	112268
449	112284
449	76452
450	37172
450	103014
450	93606
450	103037
450	103038
450	6010
450	7938
451	2420
451	22821
451	66723
452	47723
453	46586
453	5901
454	83067
454	24190
454	4331
454	44224
455	86287
456	76583
457	19286
458	91082
458	66198
459	37027
459	90088
460	95476
460	95477
460	86546
461	1889
461	101137
461	102568
461	1267
461	46842
461	106641
462	28242
462	85854
463	37820
464	58683
465	83002
465	9692
465	83033
465	59962
465	84301
465	86188
466	42572
466	92014
466	65873
466	5264
466	104259
467	13323
467	1955
467	2113
467	54768
468	61242
468	83835
468	4417
468	85455
468	18854
468	53770
468	4642
468	9328
468	90012
468	90325
468	90328
468	57744
468	59848
468	44687
469	6083
470	53020
470	65805
471	84555
471	34417
472	62001
472	69446
472	65247
472	61467
472	48551
472	93859
473	96303
473	60731
474	72011
474	5618
474	2119
475	99494
475	107838
475	88919
475	107865
475	107866
475	87358
475	108670
475	108671
475	108766
475	108767
475	108790
475	108791
475	79526
475	110622
475	110623
476	340
476	6151
477	83063
477	796
478	90269
478	79994
478	79875
478	90705
478	603
478	29189
478	22290
478	85656
478	84130
479	5843
479	95274
480	5089
481	45692
481	86668
481	49682
481	32588
481	18856
482	94740
483	45239
484	62233
484	5424
484	90818
484	46705
484	90897
484	336
484	66830
485	95832
486	50680
486	94625
486	26805
487	90450
488	36972
489	50122
489	83627
489	89268
489	89269
489	91883
489	91884
489	91885
489	31232
489	88557
489	91921
489	54492
489	77818
489	102411
489	102412
489	52484
489	106012
489	97555
490	6114
490	89730
490	307
491	28343
492	65325
493	26687
493	42816
493	7675
493	90127
493	2033
493	101598
493	105522
493	108934
494	92361
494	50697
494	41866
494	96070
494	67877
494	96351
494	75931
494	101433
494	75490
494	58351
494	18894
494	41913
494	39484
494	101767
494	40410
494	101777
494	102109
495	20756
496	20268
496	969
496	10577
496	12594
496	90421
496	58394
496	90429
496	59020
496	17990
496	59066
496	94287
496	67625
496	27880
496	5177
496	94321
496	18070
496	21965
497	3530
497	44776
497	39
497	38399
497	3782
498	307
499	14264
500	603
500	15526
500	2256
501	13643
501	85999
501	86013
501	3882
501	95310
501	3882
501	62829
501	37128
501	85155
501	91291
501	96172
501	3646
501	50825
501	103489
502	2459
503	18483
504	98984
505	100180
505	48484
505	99971
505	101408
505	50296
505	101818
505	2993
505	88886
505	103421
505	103457
505	398
505	26580
506	52434
506	736
506	25966
507	87884
507	26547
507	7321
507	88585
507	100147
507	100226
507	40103
507	100311
507	100312
507	100378
508	79975
508	61242
508	41785
508	55866
508	53988
509	29055
509	11477
509	103724
510	82524
510	57417
510	50088
510	69969
510	92344
511	1131
511	8221
511	108317
511	67430
511	52564
511	108993
511	2635
511	2052
511	55247
511	6988
512	55196
513	61388
514	27316
514	53383
514	93287
514	102540
514	13649
514	34644
515	864
515	1960
515	14697
515	86207
516	10681
516	319
517	47059
517	18392
517	109769
518	92221
518	51204
519	874
519	102455
519	102458
520	8443
520	81177
520	6003
520	28929
520	20166
520	278
520	81177
520	31297
520	108814
520	67546
520	78709
521	8158
521	95700
522	86049
523	86382
523	86507
523	86508
523	86509
523	86510
523	86637
523	70154
524	62620
524	87555
524	89763
524	4240
524	101763
524	94829
525	67835
525	57457
526	84655
526	84656
526	84674
526	68751
526	27
526	68751
526	80243
526	104480
526	66809
526	104756
526	58994
526	22884
526	16906
527	40720
527	18292
528	27897
528	55892
528	11947
528	20755
528	1969
528	35283
528	47938
528	7574
528	21885
528	90330
529	56260
529	2113
529	51843
529	91274
529	73220
530	90314
530	90315
530	90317
530	23066
531	85577
531	58856
531	10016
531	14391
531	60109
531	109110
531	104033
531	38319
531	952
531	19453
531	912
531	112136
531	112175
532	84618
532	70369
533	67546
534	2535
535	8213
535	7667
535	81025
535	5745
535	69199
535	77877
536	85438
537	11049
537	90091
537	77167
537	28011
537	47049
537	91028
537	407
537	49383
538	86292
538	87123
538	29621
538	22352
538	107371
539	68247
539	100079
540	2814
541	24658
541	8330
541	6767
541	4990
542	38430
542	104278
542	104299
543	4694
543	15425
544	15529
544	17980
544	1643
545	84350
545	13413
546	9688
547	6491
547	80967
547	41699
547	60012
547	65807
547	79110
547	55118
547	83726
547	9002
548	84060
548	111048
548	111049
548	75166
549	8231
549	89904
550	5424
550	28157
550	19344
550	18272
551	14553
551	50457
552	11595
552	177
552	22731
552	30304
553	90215
553	90217
553	90318
553	90397
553	90398
553	44241
553	51173
553	93572
553	67530
553	93598
553	101735
554	784
554	92584
554	20687
554	84401
554	199
555	88249
555	30271
556	10400
557	11287
557	83882
557	576
557	2459
557	13658
557	7295
557	366
557	4302
557	58572
557	83862
557	27372
557	27990
557	84630
557	11168
557	65826
557	32073
557	100529
557	102141
557	102142
557	6449
558	23242
558	17018
558	90721
558	36860
558	48923
559	85447
559	53360
559	12018
559	83338
559	89079
559	89406
559	87169
559	89461
560	87264
560	15298
560	34460
560	71647
560	92061
560	92063
560	67319
560	2548
560	44574
560	56602
560	96164
560	109799
560	109800
560	111845
560	90927
561	86207
562	37935
562	55985
562	307
562	67877
563	92784
564	2706
564	58042
564	108417
564	5577
564	12596
565	17184
565	93905
566	86807
566	90258
567	54929
567	85431
567	86381
567	95386
568	106362
568	1953
569	90252
570	87537
570	6927
570	87553
571	2276
571	95039
571	75916
571	108478
571	108479
571	111630
571	111631
572	39367
572	3887
573	83238
573	83239
573	65170
573	95955
573	95956
573	97714
573	97936
573	67303
573	97998
573	90193
573	15321
573	100227
573	100259
573	24188
573	84707
573	65205
573	100350
573	83239
573	100992
573	100993
573	101045
573	33372
573	21477
573	97936
573	7144
573	90183
573	104628
573	104648
573	105591
573	90542
573	47138
573	24431
573	107771
573	69653
573	107383
574	87805
574	58588
574	4070
574	90182
574	102017
574	102018
574	102026
574	102042
574	91226
575	68757
575	30961
576	11658
577	2018
578	85808
578	54459
578	10279
578	101714
579	10932
579	32410
579	104422
580	81131
580	68158
580	101913
581	105927
581	105928
581	30361
581	106171
581	106228
582	1920
582	40638
582	90404
582	94154
582	94849
582	101043
582	104673
583	29578
583	39653
583	93154
583	93155
584	56914
585	14847
585	38
585	12388
585	88420
585	12472
585	6751
585	29545
585	319
585	9242
585	4513
585	1381
585	89050
585	7295
585	22918
585	108
585	61856
585	1531
585	97983
585	14508
585	98017
585	14325
585	54640
585	98033
585	20919
585	10449
585	45409
585	95123
585	45475
585	1110
585	71072
585	7295
586	65252
587	88273
588	87431
588	90122
588	35876
589	9524
589	1810
590	11922
590	101240
590	39665
590	101835
590	22742
590	101857
590	82052
590	104201
590	104229
590	42419
590	72857
591	42644
591	72845
591	1251
591	75352
591	4318
591	58810
591	42644
591	91483
592	390
593	39477
594	74726
595	65956
595	87598
596	1634
596	18332
597	81085
597	15140
597	90343
597	95112
597	95391
598	93395
599	78709
599	4349
599	33174
600	1006
600	78181
601	110357
602	84839
602	36738
602	40699
602	1974
602	8385
602	86012
602	87605
602	5166
602	90463
602	1009
602	4433
602	92019
602	17343
602	7887
602	75343
602	63330
602	52646
602	93828
602	95716
602	47979
602	102612
602	60204
602	89243
602	12169
602	33848
602	109361
602	21669
603	50497
604	68540
604	40185
605	56204
606	90510
606	69128
607	101332
607	1252
608	68403
608	3781
609	90319
610	56120
610	84811
610	84812
610	21245
610	84549
610	84918
611	86814
611	38873
611	73965
612	67877
612	4694
612	4557
613	69713
614	986
615	104296
615	104297
615	92443
616	75457
616	1038
616	11449
617	41550
617	47860
617	105942
618	3760
618	101674
618	101679
618	104573
618	104574
618	26515
618	574
618	69882
618	16209
619	89994
620	90058
620	101802
621	21167
621	11828
621	83281
621	102122
621	102196
622	12896
622	30741
622	12828
622	98562
622	98608
622	96662
623	88023
623	28006
623	69972
623	30558
623	101881
624	84555
624	41192
624	11504
624	48606
624	25711
624	16627
624	41123
624	12065
624	711
625	76056
625	4561
626	1058
626	40403
626	1083
626	35373
626	32158
626	12341
626	107189
627	53865
627	68546
628	83728
629	57373
629	53952
629	17350
629	95740
629	46064
629	89819
629	17564
629	110996
629	6147
630	21678
631	5811
632	894
632	5286
632	34973
633	83840
633	96061
633	18254
633	96062
634	7905
634	79273
634	75680
634	1723
634	1630
634	78282
634	31772
634	97204
634	29962
635	3759
635	94962
635	95106
636	1641
637	17275
638	17772
638	98577
638	98602
638	1337
638	16555
639	83437
639	17692
640	3366
640	3272
640	102223
640	3195
640	25392
641	95219
641	5527
641	41905
641	2774
641	102349
642	32819
642	8520
642	42826
643	53616
643	91781
644	43266
645	14401
645	2083
645	95836
645	3203
646	19291
646	104387
647	72193
648	61023
648	603
648	88516
648	92584
648	34233
648	13286
649	22742
649	5595
649	55223
650	20552
650	23590
650	89534
650	89542
650	25286
651	9409
651	90535
651	66191
652	28050
653	67380
654	51582
654	94104
654	31207
654	22842
654	108264
654	108553
655	30665
655	80772
655	76307
655	84329
655	72277
655	278
655	76716
655	33
655	1473
655	67411
655	49309
655	85066
655	72011
655	96153
655	98244
655	85611
655	93271
655	102313
655	1119
655	102314
655	92222
655	72422
655	98450
656	52195
656	20360
656	93098
656	37760
656	42872
657	68187
657	68237
657	10459
657	56473
657	31075
658	4975
658	58810
658	1112
659	79061
659	60967
659	90274
659	73709
659	90281
659	5700
659	63085
659	9664
659	69544
659	24701
660	33522
660	92259
660	92641
660	25268
661	12
662	10796
662	84469
662	22952
662	8124
662	56622
662	20760
662	30759
662	412
662	34335
662	67457
662	659
662	93790
662	82591
662	90044
662	11049
662	7891
662	34335
662	307
662	46450
662	84555
662	43602
662	54442
662	67877
662	49256
662	14169
662	100897
662	104503
662	6171
662	110697
662	80278
662	100336
662	83017
662	3805
663	1777
663	1314
664	25183
664	28433
664	96097
664	60553
664	62216
665	5825
665	8065
665	1127
665	23972
666	84293
666	7829
666	74006
666	10710
667	102286
668	30042
668	86871
669	18177
669	76867
669	7860
670	32528
670	84630
670	61242
670	850
670	103815
670	73853
670	105320
670	4038
670	4771
671	44466
672	986
672	26939
673	61265
673	6083
674	5645
674	102
674	88293
674	88506
674	67961
674	93848
674	53210
674	74290
674	43950
674	23356
674	78440
674	102329
674	32766
674	108829
675	307
676	52574
676	1632
677	25559
677	16799
677	105191
677	78286
677	9194
677	30238
678	90174
678	90181
678	90213
678	62104
678	58389
678	92088
678	92089
678	95185
678	95775
678	97883
678	81952
678	100112
678	44765
679	15526
679	9212
680	83570
680	23276
680	87786
680	32832
680	24345
680	101392
680	52629
680	101397
681	95244
681	33171
682	366
682	27423
683	90807
684	64647
684	47208
684	48479
684	84346
685	31278
685	1166
685	89874
685	8558
685	42228
685	1502
686	84531
687	2822
687	19405
687	99142
688	27064
689	51197
689	83553
689	99435
689	99436
689	99512
689	106392
690	89199
690	89667
690	8607
690	89942
691	89747
691	10942
691	7943
691	55922
691	93979
691	28476
691	94005
692	8745
692	85972
692	7251
692	85983
692	85984
692	86010
692	94052
692	94053
692	44191
692	85983
692	97414
692	34700
692	97415
692	97430
692	27758
692	97451
692	9832
692	45799
692	3886
692	29224
692	72100
693	79707
693	96167
694	97450
695	31149
696	38690
696	39754
696	68326
696	82054
696	99416
696	101666
697	101422
698	4639
698	2106
698	4639
699	36078
700	87489
701	80055
701	34146
702	97501
703	8771
703	5424
703	10067
704	49906
705	84102
705	93078
705	76589
705	62563
705	102037
706	90074
706	22091
707	5317
707	22178
707	68910
707	9531
707	82085
707	59363
707	91837
707	9328
707	80631
707	88384
707	26264
707	9531
708	90337
708	70719
708	80671
708	102621
709	26802
710	93642
710	93643
710	95249
711	56715
711	68168
711	16024
711	3914
711	24760
711	78822
712	10702
712	72206
712	80385
713	30962
713	2947
713	74530
713	59074
713	90540
713	52461
713	34608
713	9326
713	44277
713	91564
713	23973
713	8968
713	75724
713	68581
714	307
715	88352
715	89453
715	94142
715	94951
715	97076
715	84669
715	105209
715	105210
715	14576
715	54270
715	57203
715	111053
715	94951
716	307
716	45239
716	85056
716	25711
717	6205
718	21879
718	1755
718	33789
718	6574
718	75468
719	33714
720	19558
720	89698
720	21658
720	3328
720	5109
720	25538
721	41126
721	6333
722	66558
722	42572
723	10536
723	78521
723	16707
723	105046
723	14508
723	1508
723	108959
723	17048
723	78521
723	56204
723	108967
724	56165
724	109135
725	5704
725	49362
725	5693
725	63517
726	86303
726	5610
726	9332
726	7579
727	85536
728	16655
728	13878
728	61242
728	66
728	3364
728	81908
728	19263
728	2574
728	84630
728	27157
728	14108
728	63216
728	82350
728	22251
728	100681
728	3068
728	19254
729	10072
729	37935
729	90999
729	12422
729	2873
729	98237
730	6571
731	51765
731	14489
732	101535
733	67877
733	62548
734	102630
734	82816
734	102645
734	91190
734	10433
735	87028
736	30276
736	84968
736	916
736	75966
736	43978
736	15674
736	77887
736	4809
736	107327
736	98716
736	73801
737	1269
737	46197
737	69972
737	77338
737	34993
738	35415
738	67262
738	39303
739	15776
739	72792
739	54041
739	75653
739	53684
739	95794
739	9209
739	1602
739	39657
739	576
739	3475
739	18595
739	2201
739	73553
739	47257
739	2276
739	20652
739	18840
739	93114
739	99918
740	34368
741	19138
741	49976
741	89787
741	91301
741	58644
741	1248
741	1994
741	9392
741	10117
741	22869
741	5241
741	42644
741	91483
741	105052
741	8404
741	84469
741	25562
741	43137
741	99697
741	10077
741	14222
741	20275
741	5859
741	104031
741	998
741	104687
742	1397
742	15971
742	26906
742	66723
743	83071
743	83111
743	93862
743	104416
744	52925
744	3114
744	80244
744	93290
744	51304
745	15316
745	14494
745	576
746	34689
746	72271
746	85586
746	99008
746	99528
746	101452
746	102100
746	56430
746	104835
746	105672
746	71345
746	110723
747	38787
747	7002
747	5510
747	100514
747	5333
747	5473
747	22003
748	1476
749	61002
749	56407
750	98153
750	41576
751	8420
752	9704
753	7412
753	859
753	19194
753	319
753	8361
753	150
753	44548
753	7144
753	862
754	93884
754	101100
755	55476
755	95868
756	90152
756	99363
757	8255
757	126
757	5996
757	44861
757	89840
757	4985
757	10782
757	10014
758	45333
758	5325
759	68901
760	87889
760	88983
760	94103
761	68998
761	8350
761	13778
761	46807
761	5755
761	32330
761	55311
761	86555
761	95493
761	16296
761	76773
761	65799
761	4288
761	34667
761	18046
761	109365
761	58675
762	15025
762	55244
763	91123
763	91124
763	92842
763	91967
763	92867
763	92868
763	6286
763	94736
763	94762
763	4056
763	86020
763	100394
763	99129
763	100422
763	100534
763	23013
763	103548
763	103567
763	103592
763	104645
763	33994
763	106174
764	37346
764	60851
764	90812
764	69648
764	50443
764	11011
764	14291
764	3803
764	89984
764	30356
764	12628
764	99234
764	99237
764	60851
764	107389
765	68581
765	107009
766	26893
766	89101
767	31321
767	98494
767	98005
767	33261
767	15713
767	101001
767	42533
768	51119
768	3446
768	451
769	93260
770	84031
770	47
771	30455
771	73553
771	97096
771	47381
771	15319
772	9270
772	5852
773	97133
774	32645
774	10619
775	102136
775	66772
776	761
776	48714
776	1381
776	1355
776	12154
776	5443
777	83699
778	98698
779	41455
779	85423
779	22523
779	84630
779	87815
780	94269
780	94270
780	94307
780	94907
780	23377
781	68991
781	84139
782	45239
782	100876
783	86478
783	86591
784	70365
784	5922
784	39355
784	70733
785	69929
785	69930
786	1455
786	44809
787	4750
787	4356
787	56556
787	67550
787	67548
787	95440
787	8760
787	95453
787	14494
787	8443
787	97339
787	97340
788	70657
789	89549
790	90134
791	10000
792	50262
792	88576
793	95605
794	34536
795	28389
795	77479
796	85203
797	39212
797	59640
797	2283
798	83772
798	13246
799	84515
799	89662
799	71598
799	71214
799	6761
799	86040
799	94080
799	101895
799	15813
799	46858
799	1846
800	230
800	87938
800	45239
800	88838
801	100525
801	1960
802	2800
802	23953
802	6964
802	41221
802	35990
802	13563
802	4318
802	24645
803	29189
803	736
803	9130
804	35611
805	32219
805	782
805	14932
805	59008
806	82046
806	83379
806	22619
806	43433
807	89779
807	100916
808	101953
809	94710
810	83943
810	8275
811	91068
811	101991
812	795
812	33126
812	49986
812	15104
812	90442
812	51950
812	101670
812	57258
813	94331
813	23341
814	21471
815	85209
816	73638
817	84145
817	14022
817	87516
817	52860
817	74038
817	23697
817	2587
817	83986
817	5945
817	59988
817	40425
817	96969
817	6166
817	71968
817	40441
817	19342
817	84630
817	7192
817	94711
817	45612
817	3914
817	5811
817	7077
817	76921
818	54768
818	98661
818	34977
819	83292
819	8350
819	102246
819	102273
820	27475
821	87307
821	95930
821	3190
821	108373
821	30291
821	52067
821	1471
821	6341
821	109471
821	21786
821	603
821	108373
822	98043
823	10665
823	83486
823	83487
823	7745
823	30542
823	83521
823	78556
823	43706
823	83543
823	83854
823	51773
823	111259
823	43706
824	15709
824	2557
824	8255
825	43602
825	20345
825	17606
825	14333
825	55007
825	35768
826	83339
826	1912
826	94433
826	26945
826	35527
826	14589
827	90252
827	1994
827	102056
828	5849
829	83315
829	1892
829	24143
829	77188
829	11995
830	89871
831	36292
831	17554
831	97390
831	43433
832	97166
832	97188
832	32286
833	4044
833	85940
833	95124
834	37884
834	12264
834	2052
834	35415
834	42133
834	43602
834	37327
835	41716
836	70439
836	102247
836	102256
837	90270
838	89995
839	90026
839	90027
839	93678
839	94050
839	782
839	94050
839	22953
840	19640
840	32297
840	8029
840	50461
840	73009
840	65322
840	99569
840	29636
841	89786
841	22195
841	78197
842	85158
842	43662
843	39754
844	91383
844	91384
844	29015
845	63271
845	45932
845	59940
845	4318
845	4657
845	28932
845	10710
846	97014
847	88337
847	88338
847	19397
848	89787
849	54114
849	89220
849	89221
849	90018
849	66915
849	91580
849	62371
849	93384
849	39628
849	5333
849	52434
849	10997
849	2848
849	41297
849	44436
849	96552
849	23654
849	3932
849	68731
849	96618
849	58933
849	46685
849	94421
850	16962
850	4949
850	14082
851	69337
852	1777
852	15551
853	84245
853	84246
853	14908
853	2459
853	5843
853	107750
853	14373
853	44596
854	37921
855	31221
855	5250
856	19511
856	772
856	34589
856	30741
856	96395
856	48855
857	30516
857	16557
857	86567
857	69501
857	12393
857	4047
857	34235
858	9212
859	15104
859	29807
859	8939
859	9239
859	1498
859	102030
859	10380
859	12156
859	102755
859	2471
860	3914
861	31360
861	1814
862	90598
862	21786
862	58700
862	25057
862	24441
862	282
863	70626
863	42455
863	86218
863	88003
863	90599
863	92284
863	62510
863	102560
863	102564
863	62496
863	103313
863	103323
863	103350
863	103907
863	49520
864	90043
864	7978
864	23973
864	51928
864	9878
864	13629
865	94727
866	84960
866	96095
867	24981
867	107647
868	89787
869	106600
870	14800
870	97646
870	97647
870	14800
870	101371
871	46858
871	69270
872	2199
872	90641
873	24210
874	9126
874	87222
874	54470
874	13788
875	5349
876	103438
877	89466
877	89517
878	98001
878	46214
878	25690
878	77327
878	106541
878	23963
879	4517
879	9467
879	57678
879	1032
880	3848
880	38664
881	5650
881	67877
882	30665
882	37648
883	78457
883	51355
883	54796
883	61912
883	5396
883	14255
883	6003
883	34727
883	24823
883	4302
883	12102
883	103579
883	5901
883	102250
883	103489
883	77329
884	85269
884	7715
884	77355
885	82962
885	21846
885	71205
885	58658
886	88313
886	80663
886	98308
886	98313
886	96662
886	88313
886	40378
886	102020
886	102032
886	102043
886	102044
887	2653
888	34417
889	24269
889	42209
889	53439
890	12275
890	90148
890	18455
890	11306
890	18129
890	17892
891	1981
891	42644
891	22045
891	24092
891	71536
891	4958
891	64348
891	30
891	26228
891	70733
891	759
891	1563
891	90342
891	59811
891	43774
891	50610
891	93292
891	5465
891	81008
891	54768
891	68476
891	93356
891	61204
891	7905
891	80559
891	316
891	26228
891	71852
892	83547
892	52925
892	99357
892	42734
892	81934
892	27661
892	100103
893	31330
893	4873
894	772
894	68761
894	46450
895	54875
895	35309
895	25683
896	27095
896	65327
896	101574
896	101575
896	35906
896	13791
896	62867
896	110685
897	29936
897	39900
897	90347
897	8376
897	4370
898	2040
899	86238
899	86239
899	86241
900	6434
900	58966
900	31133
901	65006
901	1277
901	19865
901	101931
901	101952
902	11150
903	42644
903	86125
903	48551
904	3780
904	40182
905	84592
905	92926
905	95044
906	89905
906	35282
907	90094
908	84076
909	7293
909	10492
909	18323
910	42426
910	21472
910	37459
911	69689
912	49699
913	98258
913	3759
913	26379
913	47791
913	85085
914	61783
915	59500
916	34115
916	50325
916	13976
916	91611
916	101496
916	109708
917	88979
917	45782
917	90380
917	69904
917	46202
917	104
917	99287
917	20444
917	52434
917	69904
917	52339
918	277
918	16178
918	88228
918	83433
919	10247
920	41
921	19217
922	100525
922	83089
922	109044
922	48480
923	63268
923	90660
923	79943
923	87232
923	65229
923	112139
924	564
924	3531
925	68054
926	9239
926	3831
926	36106
926	22620
926	101937
927	44955
927	88518
927	19223
927	22083
927	9228
927	31327
927	86106
927	46398
927	95276
927	73014
927	39394
927	14407
927	31327
927	39471
927	61007
927	73014
927	63462
928	11652
928	34816
929	15969
930	84093
930	358
930	7745
930	94091
930	1256
930	9665
930	97746
930	18427
931	55098
931	2279
931	11477
931	45924
932	63688
932	96033
932	83987
932	69591
932	49256
933	10426
933	35514
933	101839
933	101840
934	16612
934	96129
934	1665
934	96180
934	30523
934	96327
935	88458
935	98088
935	98089
936	74414
936	76272
937	28837
937	9068
937	87150
937	76033
937	95660
938	2597
938	61242
938	2748
938	22948
938	90492
938	37780
938	29318
938	53275
938	97821
938	8225
938	81018
938	15046
939	17065
940	10504
940	72856
941	92334
941	97523
941	97524
941	93606
941	57631
941	26206
941	98439
941	407
941	4818
942	84293
942	51271
942	79696
942	90333
942	2471
942	99498
943	24099
943	90414
943	73233
944	6097
945	8738
945	12520
945	13714
945	4443
945	80495
945	97782
945	11737
945	59652
946	8150
947	19426
948	11961
948	39695
948	26064
948	90509
949	63012
949	61242
949	9705
949	44769
949	89427
949	81597
949	6449
949	2087
950	15307
951	14217
951	49698
951	84061
951	85416
951	4961
952	952
952	68668
953	84478
953	90344
953	90382
953	90384
953	90385
953	102371
954	95233
954	95250
954	95251
954	98284
954	50961
955	38048
955	9795
956	16707
956	65000
957	64157
957	100109
957	100110
958	94798
958	88873
958	95004
958	95801
958	98560
959	68442
959	21992
959	39137
960	40679
961	83673
961	86133
961	539
961	98988
961	53484
961	46315
961	2647
961	36605
961	87581
961	106840
961	37665
962	85086
962	9
963	90736
963	100528
963	102463
963	102464
964	6341
965	16114
965	107344
965	89052
965	75748
965	110369
965	18193
965	110617
965	110628
966	57948
966	93267
966	37254
966	95980
967	95537
967	95567
968	90311
968	90406
968	19871
969	39367
970	56011
970	40403
971	10014
972	87035
972	23404
972	40833
972	102738
973	73553
974	37517
974	6441
974	72495
974	4848
975	10395
976	8757
976	32073
976	94116
976	53652
976	83129
976	14801
976	97299
976	3832
976	103162
976	103169
976	57995
976	10258
977	84554
977	95512
978	89643
978	39367
979	84602
979	99582
979	108126
980	84169
980	84170
981	96425
982	12146
982	89620
982	8449
982	47290
982	12146
983	87867
983	71598
984	71701
984	4302
985	81125
985	33053
985	34830
985	95217
986	1111
986	41550
986	98447
987	4572
988	97288
988	59403
989	34099
989	62264
989	102505
989	16713
989	102945
989	103260
990	103160
990	67411
991	78424
991	38515
991	76166
991	95521
991	20151
991	2233
991	102320
991	56333
991	102323
991	78424
991	102324
991	102325
991	38515
991	105301
991	63999
991	105302
991	105348
991	5467
992	74734
992	85339
992	87257
992	34834
992	82189
992	106643
993	13010
993	23481
993	80280
993	47250
993	9145
993	38433
994	46571
995	93749
996	68223
996	51102
996	104515
997	92718
997	81750
998	21038
998	83435
998	85772
998	88762
998	34248
998	69192
998	91128
998	92676
998	92771
998	100547
998	88762
998	100611
998	2747
998	92676
998	102840
998	86686
998	89062
998	107232
999	48844
999	77967
999	102515
999	96689
999	96699
999	98759
999	39754
1000	76182
1001	90723
1001	89638
1002	92068
1002	84630
1002	1297
1002	102742
1002	102743
1002	31746
1002	66081
1002	92683
1002	102911
1002	102912
1002	89767
1002	1323
1002	1603
1003	43602
1003	13654
1003	98450
1003	2870
1003	53295
1004	30053
1004	29125
1004	61409
1004	84878
1004	78451
1004	70957
1004	27637
1005	90633
1006	9120
1006	1815
1006	70449
1006	5337
1006	56620
1006	18863
1007	9123
1007	87942
1008	69199
1008	102975
1008	103841
1009	2808
1010	15695
1010	3506
1011	99409
1012	88915
1012	16893
1012	92222
1012	5350
1012	95206
1012	77788
1013	102517
1013	1830
1013	8680
1014	3573
1014	102080
1015	29636
1015	93487
1015	52199
1016	1111
1017	94355
1017	13861
1017	96101
1017	96114
1017	60641
1017	100630
1017	61679
1017	102419
1017	4075
1017	60641
1017	11719
1017	105280
1017	105282
1017	24764
1018	15071
1019	25171
1019	36667
1019	51704
1019	102590
1019	70304
1019	60667
1020	76337
1020	13751
1020	21660
1020	13123
1021	49192
1021	24823
1021	23505
1021	15529
1021	103733
1021	43224
1022	6103
1022	54857
1023	90527
1023	39009
1023	90780
1023	78548
1023	24157
1023	15907
1023	93528
1023	60595
1023	97607
1023	54216
1023	90527
1023	55129
1023	89480
1023	104770
1023	108358
1023	96369
1024	25724
1025	48587
1025	5424
1025	86930
1025	2851
1026	85040
1026	77062
1026	3027
1026	7190
1026	239
1026	70919
1026	49708
1026	7434
1026	91655
1026	7889
1026	83917
1026	98096
1027	46078
1027	84089
1027	23924
1027	78744
1027	97658
1027	98101
1027	100042
1028	22267
1028	9891
1028	52513
1028	2499
1029	87219
1029	72011
1029	46807
1030	16954
1030	352
1031	87773
1032	2800
1032	87040
1032	77887
1032	88918
1032	746
1032	2106
1032	4173
1032	84555
1033	47314
1033	85551
1033	12949
1033	85593
1033	85621
1033	87399
1033	40621
1033	31268
1033	40075
1033	90250
1033	38463
1033	18416
1033	451
1033	10247
1033	80365
1033	14897
1033	65000
1034	676
1034	21466
1034	32800
1034	4970
1034	6427
1034	94057
1034	40074
1034	4388
1034	106957
1035	10837
1036	37969
1036	72665
1037	86487
1037	3741
1037	82607
1037	39657
1038	90107
1038	26411
1038	63523
1038	48925
1038	93110
1038	98638
1038	98639
1038	99226
1039	11683
1040	88459
1040	16663
1040	60407
1040	89512
1040	39331
1040	4327
1040	90112
1040	90695
1040	518
1040	24737
1040	33809
1040	4367
1040	31057
1040	39331
1041	90547
1041	90548
1042	1297
1042	412
1042	76961
1042	41202
1042	90205
1042	90206
1042	11007
1042	34597
1042	68761
1042	69978
1042	68476
1042	92483
1042	94295
1042	5424
1042	21559
1042	3190
1042	94965
1042	4657
1042	97293
1042	66184
1042	84630
1042	85066
1043	1892
1044	1440
1044	1656
1044	85771
1045	62633
1046	22405
1046	9390
1046	104514
1047	8948
1048	72796
1048	90614
1049	40117
1050	4518
1050	9936
1050	102269
1050	95457
1050	44747
1050	8408
1051	11483
1052	17925
1052	84515
1052	66015
1052	19173
1052	84289
1052	10987
1052	62153
1052	84515
1052	7657
1052	89408
1052	91756
1052	51162
1052	24336
1053	29696
1053	9524
1053	10394
1054	41013
1054	95280
1054	4629
1055	79943
1056	84282
1056	90401
1057	88486
1057	99463
1057	104567
1058	2779
1059	85115
1059	58258
1060	8195
1060	7096
1060	102060
1060	102280
1060	102281
1061	40074
1062	39103
1063	93655
1064	2790
1065	82963
1065	66610
1065	82964
1065	23428
1065	83092
1066	68387
1066	88736
1066	66443
1067	4112
1068	92332
1068	4710
1069	3805
1070	55474
1071	58698
1072	6276
1073	96365
1073	96848
1074	91359
1075	3038
1075	99288
1076	11465
1076	40522
1076	30260
1077	100695
1078	77758
1079	14088
1079	11059
1079	59613
1079	73150
1079	81370
1079	80493
1079	57788
1079	82285
1080	60774
1081	29759
1081	46405
1081	101408
1082	35532
1083	13288
1083	87119
1083	87157
1083	57856
1083	41819
1083	32853
1083	71598
1083	14854
1083	14984
1083	4007
1083	25491
1084	76222
1084	93637
1084	62981
1084	89538
1084	94992
1084	43143
1084	100232
1085	9667
1086	1207
1087	95002
1087	99957
1088	83210
1088	10932
1088	10454
1088	31359
1088	19173
1088	96906
1088	69591
1089	28798
1090	90605
1091	23309
1091	14427
1091	23887
1091	58726
1091	86921
1091	4118
1091	95944
1091	59600
1091	54248
1091	106063
1091	106092
1091	9017
1091	95056
1091	106399
1091	38454
1092	102219
1092	34985
1092	102235
1093	90523
1093	1471
1094	8385
1094	6647
1095	41376
1095	67877
1096	5387
1096	2842
1096	97400
1096	55223
1096	97401
1097	61442
1098	92069
1098	38178
1098	14082
1099	63910
1099	6383
1099	21460
1099	88209
1099	83537
1099	84222
1099	83225
1099	46637
1099	68076
1099	21573
1100	1975
1100	35361
1101	28932
1102	86044
1102	56011
1102	2083
1102	307
1103	576
1103	17264
1103	89882
1103	89891
1103	25690
1103	69751
1103	86887
1103	72270
1103	17048
1103	30397
1104	81139
1104	91033
1104	57915
1104	33517
1105	30856
1105	56432
1106	83108
1106	93019
1106	104443
1107	88284
1107	69030
1107	53580
1107	83272
1108	90621
1108	34813
1108	61868
1108	1785
1108	36603
1108	5396
1109	2277
1109	96889
1109	93395
1110	55793
1110	96649
1110	81876
1111	23841
1111	2674
1112	4833
1112	104346
1112	29636
1113	49230
1114	18836
1114	57209
1114	27034
1115	86496
1115	89333
1115	2014
1115	89334
1115	95661
1115	98907
1116	34468
1116	73236
1116	12596
1116	98786
1116	44896
1116	102555
1116	102582
1116	87854
1117	83633
1117	58091
1117	86643
1117	16874
1117	90073
1117	40130
1117	81941
1117	2197
1117	4318
1117	71598
1117	90273
1117	84197
1117	83633
1117	343
1117	61510
1117	62063
1117	99033
1117	60911
1117	100868
1117	62531
1117	100869
1117	100890
1117	40113
1117	22871
1117	57115
1117	102354
1117	94725
1117	102369
1117	22576
1117	109118
1117	24980
1117	38710
1117	22577
1117	8144
1117	67951
1118	71866
1118	45082
1119	13270
1119	2698
1119	11996
1119	39394
1119	48864
1120	37585
1120	63914
1120	14824
1120	32502
1121	68583
1121	13912
1121	95890
1121	58933
1121	54384
1121	1986
1121	110076
1121	68583
1122	39891
1122	41176
1123	90603
1124	7764
1125	56239
1126	102878
1126	102879
1127	90629
1128	80244
1128	87731
1128	46421
1128	93539
1128	2536
1128	81401
1129	88654
1129	44249
1129	88908
1129	96241
1129	4370
1129	85874
1130	31164
1130	96680
1130	6060
1130	97992
1131	30994
1131	14801
1131	60589
1131	31719
1132	661
1132	2063
1132	24567
1133	98432
1133	98552
1133	57167
1133	102537
1133	6432
1134	90707
1134	11995
1134	25819
1134	5859
1134	19241
1134	101911
1134	40781
1135	30508
1135	10607
1136	1981
1137	60985
1137	73553
1137	1225
1138	102648
1138	105027
1138	11186
1138	45024
1138	13704
1139	239
1140	21530
1140	53210
1140	83957
1141	20374
1141	78
1141	22324
1141	31106
1141	11832
1142	32441
1142	5887
1142	24282
1142	100460
1142	77528
1142	6599
1142	109445
1143	35495
1143	96969
1143	33520
1143	103493
1144	85748
1145	83725
1146	6224
1146	77933
1146	16433
1146	6224
1147	14255
1147	32627
1147	83745
1147	46582
1147	80826
1147	84323
1147	7407
1147	85968
1147	85969
1147	27685
1147	86379
1147	72898
1147	90563
1147	69120
1147	3636
1147	65197
1147	23979
1147	91039
1147	91050
1147	92069
1147	9212
1148	74393
1148	76724
1148	97903
1149	60956
1149	104391
1149	109256
1149	278
1150	38971
1150	69166
1150	109939
1151	87037
1152	9622
1153	79754
1153	87744
1153	36138
1153	87808
1153	20306
1153	87809
1153	54733
1153	91571
1153	79754
1154	25392
1155	85899
1155	85900
1155	85937
1155	85963
1155	85965
1155	99027
1155	24209
1155	91996
1155	103597
1155	104938
1155	100437
1156	95511
1156	75824
1156	12465
1157	2091
1158	27734
1158	9228
1159	86735
1160	91423
1161	77853
1161	91076
1161	91110
1161	91128
1161	67764
1161	91088
1161	94322
1161	95548
1162	36122
1163	14612
1163	85687
1163	85741
1163	85742
1163	97594
1163	70136
1163	109031
1163	109076
1163	109077
1163	7826
1164	91847
1164	91848
1164	92082
1164	104007
1164	6087
1164	18345
1164	17701
1164	33502
1165	85701
1165	85702
1165	85790
1166	84324
1166	55181
1167	89172
1167	11207
1167	17414
1167	90848
1167	15609
1168	69414
1169	27475
1169	23404
1170	24068
1170	40496
1171	102880
1172	8037
1172	63896
1172	3245
1172	3462
1172	48742
1172	19342
1172	45857
1172	95981
1172	87365
1172	38707
1173	2115
1173	48283
1173	2787
1173	18762
1173	31955
1173	2699
1173	14589
1173	10088
1174	14813
1175	18693
1175	19671
1175	103453
1176	15594
1176	28841
1176	91616
1176	12329
1176	94749
1177	7477
1177	80838
1177	14026
1177	1975
1177	10545
1177	89255
1178	45453
1178	36837
1179	32259
1179	93606
1179	9749
1179	3739
1179	1337
1180	84347
1180	55946
1180	2138
1180	92835
1180	85164
1180	41007
1180	32129
1180	29649
1180	90924
1180	103875
1180	9988
1181	85013
1181	58083
1181	2612
1181	86211
1182	91880
1182	91754
1182	74070
1182	91897
1182	10437
1182	91898
1182	3086
1182	59773
1182	82024
1182	18483
1182	96405
1182	91880
1182	109533
1182	62287
1183	97083
1184	85658
1184	19770
1185	30582
1186	53494
1186	3343
1187	78865
1187	87545
1187	90627
1187	90631
1187	99789
1187	52374
1187	99862
1187	59723
1187	25563
1187	2256
1187	11278
1187	56204
1187	109245
1188	12921
1189	48153
1190	82969
1190	10359
1190	86574
1190	83437
1190	34698
1191	98745
1191	42064
1192	6672
1192	28941
1192	91516
1193	84207
1193	58196
1193	90771
1194	90559
1195	91226
1195	23587
1195	91227
1196	13413
1197	43075
1197	30743
1197	48896
1197	9328
1198	894
1198	17594
1198	92561
1199	83275
1199	28128
1199	20158
1199	65151
1199	66423
1199	3435
1199	95198
1199	78553
1199	28128
1199	77494
1199	102363
1200	6998
1200	5070
1200	36655
1200	5733
1200	103054
1200	28594
1200	41036
1201	55096
1202	85995
1202	86060
1202	87256
1202	102625
1203	92213
1204	57291
1204	74590
1204	87492
1205	61203
1205	65954
1205	79943
1206	12667
1207	75953
1207	86470
1207	90852
1207	90863
1207	102706
1207	102974
1207	102987
1207	85214
1207	103180
1207	103188
1207	103915
1207	63551
1207	104933
1207	5338
1207	67264
1208	102614
1209	21913
1209	83961
1209	91861
1209	43626
1210	46450
1210	55968
1211	85147
1211	92505
1211	50783
1211	111001
1211	38906
1212	28354
1212	35504
1212	9639
1212	94455
1212	56535
1212	58096
1212	94584
1212	94585
1212	79653
1212	41581
1212	83442
1212	95791
1212	95818
1212	25710
1213	3195
1214	90593
1214	90601
1214	14984
1215	94513
1216	87346
1217	18078
1217	75383
1217	90643
1217	90648
1217	1005
1218	77243
1218	62828
1219	19
1219	87365
1219	31396
1219	91202
1219	91210
1219	67356
1219	89376
1219	100063
1220	4032
1220	86293
1220	32645
1220	11266
1220	54475
1220	76534
1220	56030
1221	85929
1221	82361
1221	10294
1222	57687
1222	10975
1222	81025
1222	70964
1222	25057
1222	23861
1222	16178
1222	6807
1222	95362
1222	74038
1222	837
1222	100288
1222	71312
1222	64456
1222	31192
1222	103890
1222	80284
1223	6212
1224	62220
1224	29461
1224	13
1224	40827
1225	3114
1226	33662
1226	10654
1226	5043
1226	88405
1226	43914
1226	18263
1227	70611
1228	73482
1229	30431
1230	2228
1230	102545
1230	2225
1230	13516
1231	15719
1231	12812
1231	85940
1232	55964
1233	85310
1233	33325
1233	8554
1233	41588
1234	96010
1235	84331
1235	97875
1235	98025
1235	100005
1235	103726
1235	103763
1235	103764
1236	10667
1236	12701
1237	86232
1237	63474
1237	90673
1237	98509
1237	98590
1237	63611
1238	34932
1238	29636
1238	91797
1238	82786
1238	80323
1238	94706
1238	99871
1239	83017
1240	7307
1240	52181
1240	4533
1240	42785
1240	10079
1240	743
1240	72206
1240	23594
1240	66453
1240	89532
1240	10592
1240	102491
1240	25636
1241	56011
1242	15578
1242	77095
1243	72568
1244	38799
1244	2245
1245	27127
1245	86876
1245	86877
1245	86878
1245	13737
1245	96582
1245	96639
1245	96675
1245	96676
1246	89822
1246	96659
1246	9566
1247	90860
1247	90861
1247	90883
1247	101088
1247	65307
1247	102592
1247	103443
1248	80211
1248	19057
1248	86576
1248	44154
1248	39681
1248	102591
1248	104301
1249	57788
1249	8458
1249	93998
1249	2279
1249	6441
1250	19907
1251	26832
1251	93929
1252	91502
1252	7544
1253	40407
1253	85207
1254	29070
1254	7855
1254	98438
1254	17002
1255	47485
1255	19449
1256	87569
1256	46533
1256	27990
1256	90252
1256	40403
1257	90760
1257	16600
1258	103334
1259	87544
1259	90544
1259	90549
1259	13159
1260	26364
1261	17136
1261	24346
1261	85387
1261	65280
1261	60173
1261	82753
1261	90737
1261	53195
1261	6227
1261	106084
1261	106125
1261	17136
1262	31430
1262	91851
1262	9400
1262	93499
1262	83704
1262	8492
1262	16962
1262	98277
1262	30200
1262	34170
1262	99020
1262	37963
1262	41335
1262	85956
1262	14714
1262	20389
1262	59535
1263	68761
1264	82607
1265	65808
1265	1328
1265	280
1265	25077
1265	99154
1265	96689
1265	105067
1266	41298
1267	82522
1267	78575
1267	46590
1267	48574
1268	5861
1268	48844
1268	90413
1268	35361
1268	37607
1268	9467
1269	37202
1269	4340
1269	65042
1269	76127
1270	93773
1271	1278
1271	10022
1271	93963
1271	105905
1271	101599
1272	1267
1273	72869
1273	5877
1273	307
1274	3805
1274	79160
1275	86235
1276	83083
1276	85458
1276	38808
1276	8364
1277	6449
1278	34265
1278	34644
1278	92622
1279	11731
1280	84357
1280	84410
1280	86658
1280	91428
1280	92163
1280	104186
1280	90836
1280	104777
1280	104798
1280	105214
1280	17897
1280	107621
1280	77361
1280	106057
1281	93421
1281	86899
1281	95125
1281	96723
1281	23136
1281	82689
1282	31154
1282	6697
1282	28492
1282	102578
1283	87908
1283	17691
1283	107631
1283	53209
1284	47085
1284	76506
1285	74280
1286	46557
1287	91574
1287	6767
1287	2517
1287	44980
1288	734
1288	106362
1288	89947
1289	5553
1290	83084
1291	87794
1291	81683
1291	15452
1291	66082
1291	24513
1292	55497
1293	81879
1293	86144
1293	86145
1293	21985
1293	13041
1293	67847
1293	55718
1293	40595
1293	98895
1293	12226
1293	46706
1293	56487
1293	88228
1293	67877
1293	103243
1293	93283
1293	59104
1293	90303
1293	83987
1293	37868
1293	18316
1294	86721
1294	86750
1295	77343
1295	52814
1296	13527
1296	67411
1297	84145
1297	22782
1297	92584
1297	13555
1297	16962
1297	73912
1298	94020
1298	76997
1299	12638
1300	8255
1300	14264
1301	7978
1301	16380
1302	723
1303	44710
1303	85989
1303	85990
1303	26670
1303	86030
1303	1035
1303	9649
1303	40583
1303	81000
1304	6075
1304	67823
1305	77727
1306	4786
1307	48314
1308	78667
1308	85066
1308	80631
1308	20443
1308	45605
1309	99206
1310	20887
1310	108452
1310	108702
1310	108708
1310	109025
1311	6120
1311	94842
1312	90789
1312	100417
1313	86540
1313	83580
1313	86541
1313	64247
1313	44005
1314	67576
1315	103466
1315	7692
1315	5851
1316	84339
1316	12880
1316	9443
1316	30355
1316	11281
1316	27310
1316	61514
1316	54951
1316	50374
1317	86864
1317	101187
1317	17557
1317	51705
1317	105113
1317	108246
1318	84976
1319	15154
1320	96664
1321	70945
1322	1440
1322	90655
1323	75210
1324	14912
1324	75156
1324	13714
1324	74322
1324	647
1324	103163
1325	13995
1326	16081
1327	27342
1328	2372
1328	83353
1328	88858
1328	92942
1329	63087
1329	80671
1330	86558
1330	88064
1330	51145
1330	90578
1330	90582
1330	65572
1330	90584
1330	20540
1331	87831
1331	87408
1331	15254
1331	20636
1331	87682
1331	88139
1331	2383
1331	109964
1332	23258
1332	32318
1333	67041
1333	1548
1334	4318
1334	42293
1334	94297
1335	83700
1335	36277
1335	20362
1335	61591
1335	89430
1335	91726
1336	35157
1336	92676
1337	2390
1337	91005
1338	7692
1339	8244
1339	39459
1340	39140
1340	66279
1341	91983
1341	14991
1342	31087
1343	16366
1343	18593
1344	97921
1345	92723
1345	5811
1345	80631
1346	102767
1347	69301
1348	78494
1348	94025
1349	26788
1349	51080
1349	4516
1349	23825
1349	97122
1349	109043
1349	343
1349	109070
1350	2513
1351	8353
1351	33808
1351	40550
1351	84516
1352	92850
1352	46899
1353	57816
1353	19994
1353	34005
1353	46059
1353	111937
1353	111957
1354	21233
1354	7585
1354	86353
1354	87572
1354	6540
1354	49442
1354	66872
1354	57292
1354	99838
1354	80631
1354	71789
1354	100804
1354	51346
1354	106973
1354	43163
1354	79160
1355	13526
1355	87687
1356	12558
1356	26891
1356	1975
1356	34460
1356	1975
1357	29570
1357	49148
1357	110819
1357	76867
1358	2183
1358	3768
1359	2428
1359	15046
1360	230
1360	87499
1360	90756
1360	97463
1360	7458
1360	56011
1360	46979
1360	102768
1360	97463
1360	12152
1360	108634
1360	10657
1361	93738
1362	16355
1363	35361
1363	34461
1363	87939
1363	93115
1363	96196
1364	84555
1365	2436
1365	61955
1365	12739
1365	99841
1365	86410
1365	103219
1365	7167
1366	14928
1367	65074
1367	993
1367	84429
1367	47197
1367	94110
1367	103678
1367	583
1368	91694
1368	56950
1368	27744
1368	99534
1369	86444
1369	91802
1369	99837
1369	108090
1369	15882
1370	16561
1371	36881
1372	82948
1372	5399
1372	14797
1372	96885
1372	61300
1372	56735
1372	45239
1372	67877
1372	16933
1372	22809
1372	83570
1372	14545
1372	65602
1372	38313
1372	861
1373	319
1373	41013
1373	14503
1373	9002
1373	83726
1374	6003
1374	23352
1374	24199
1374	97840
1374	23948
1374	46074
1375	30766
1376	94359
1376	40661
1377	1337
1378	75106
1378	5922
1379	93895
1379	93916
1379	93939
1379	93949
1379	74941
1379	47955
1379	101566
1380	5424
1380	307
1381	83162
1381	110446
1382	46090
1383	61691
1384	2814
1385	67310
1386	24876
1387	83310
1387	94720
1387	35194
1388	15140
1388	91645
1388	16
1388	25644
1388	1777
1388	75141
1388	104496
1388	104524
1389	87784
1389	31571
1389	41654
1389	92250
1389	4031
1389	82067
1389	95077
1389	18492
1389	10223
1389	18697
1390	84480
1390	68861
1390	11997
1391	71472
1391	87118
1392	60487
1393	87122
1393	87124
1393	87125
1393	89936
1393	3116
1393	89937
1393	65917
1393	35217
1393	83476
1394	19325
1394	89035
1394	78753
1394	89973
1394	89974
1394	36655
1394	94437
1394	94918
1394	94923
1394	5172
1394	10063
1394	96366
1394	79504
1394	97119
1394	54713
1395	5286
1395	7720
1396	83884
1396	83908
1396	83925
1396	83926
1396	52814
1396	52520
1396	9765
1396	82503
1396	34676
1396	24133
1396	85849
1396	50084
1396	57531
1396	29188
1396	86549
1396	52814
1396	95503
1396	12751
1396	95560
1396	22996
1396	8315
1396	99888
1396	62860
1396	29620
1396	12773
1396	29188
1397	83813
1397	63323
1397	109589
1398	51174
1398	45780
1398	60487
1398	29860
1398	33409
1399	12702
1399	53552
1399	73722
1400	10184
1401	94390
1401	21807
1401	69100
1401	71684
1402	934
1403	81122
1404	78446
1405	11783
1405	30026
1405	96820
1405	19363
1405	96384
1405	23902
1405	100887
1405	17714
1405	2854
1406	1715
1406	12273
1406	6143
1406	97853
1406	3919
1406	25047
1407	64092
1408	86423
1408	92268
1408	1755
1408	2106
1409	68038
1409	90689
1410	86680
1410	5178
1410	2208
1410	96776
1410	22940
1410	57094
1410	86737
1411	64245
1412	88452
1412	69949
1412	16310
1412	10344
1412	10258
1412	34946
1413	70512
1413	39265
1413	2521
1413	105920
1413	11465
1413	44127
1413	2779
1414	20755
1415	109619
1415	110478
1415	95500
1415	42192
1415	110581
1415	110582
1416	105476
1417	2530
1417	10869
1418	92821
1418	2266
1418	3839
1418	918
1419	38822
1420	5074
1420	74393
1420	2808
1421	63829
1422	3046
1422	88551
1422	85526
1422	76605
1422	78170
1422	93933
1422	30819
1422	100851
1423	27709
1424	14744
1425	85557
1425	69769
1425	33224
1425	12214
1425	47194
1425	46333
1426	105026
1427	5123
1427	57896
1427	23868
1427	50029
1427	25741
1427	34248
1427	91088
1427	92333
1427	55867
1427	68797
1427	24643
1428	85304
1428	61463
1428	15957
1428	18400
1428	23793
1428	75392
1428	11596
1429	106
1429	64656
1430	29564
1431	85485
1432	5117
1432	23049
1432	65000
1432	16627
1432	98312
1433	3630
1433	95148
1433	105939
1434	80639
1435	82680
1435	10770
1435	75344
1435	15659
1435	88677
1435	88719
1435	10444
1435	11912
1435	28218
1435	105236
1435	105238
1435	69785
1435	4629
1436	24525
1436	109032
1437	96886
1437	789
1438	90646
1439	86812
1439	14653
1439	58755
1440	1706
1441	87370
1441	41419
1441	86247
1441	90651
1441	11621
1441	1871
1441	99518
1441	99534
1442	40659
1442	98159
1442	7715
1443	6287
1443	85412
1443	27000
1444	81024
1444	21811
1445	14801
1445	2012
1445	96111
1446	17574
1446	5396
1446	2368
1446	23494
1447	49498
1447	44416
1447	13555
1447	3475
1447	69270
1447	27808
1447	81597
1447	54796
1447	7643
1447	29060
1447	1610
1447	63757
1447	55537
1447	96573
1447	16378
1447	1397
1447	42143
1447	3739
1447	4047
1447	91016
1447	5811
1447	11049
1447	3267
1447	3475
1447	110687
1447	110688
1447	44416
1447	34949
1447	34727
1447	35818
1448	25552
1449	84530
1450	71839
1450	68472
1450	108145
1450	84915
1451	72270
1452	94915
1453	28912
1453	99843
1453	82172
1453	111750
1453	88726
1454	28795
1454	91988
1454	13107
1455	14786
1455	13829
1455	22618
1455	52950
1455	3086
1455	22090
1455	91918
1455	40788
1455	15972
1455	91963
1455	273
1455	5074
1455	51294
1455	56535
1455	69229
1455	94008
1455	5767
1455	88596
1455	2606
1455	11586
1455	7908
1455	94008
1455	110747
1456	5503
1457	3491
1457	20460
1457	22967
1457	88207
1457	39653
1457	2224
1457	35449
1457	12222
1457	35388
1457	33733
1457	28183
1457	3494
1457	46611
1457	102944
1458	22136
1458	3560
1458	81100
1458	65140
1458	14335
1459	1160
1460	35272
1460	29876
1461	94169
1461	94170
1461	43520
1461	5295
1461	2800
1461	12355
1461	6434
1462	15647
1462	34194
1462	87782
1462	91079
1463	86174
1463	49763
1463	25192
1463	11744
1464	84119
1464	70692
1464	87600
1464	16198
1465	94754
1465	94755
1465	66766
1465	2629
1465	94756
1465	94757
1466	102563
1466	56625
1467	20018
1468	99869
1469	9931
1470	26610
1470	85625
1471	16841
1471	16548
1471	25213
1471	11499
1471	104504
1471	56940
1471	40921
1471	69591
1471	105605
1471	45294
1471	42190
1471	9705
1471	358
1471	31654
1471	10029
1472	94838
1472	71508
1473	82469
1473	85041
1473	87237
1473	36762
1473	90822
1473	73729
1474	1750
1474	8315
1475	90698
1475	77679
1475	77673
1476	16010
1476	15190
1476	45720
1477	15486
1477	18784
1477	91047
1477	75140
1477	11727
1477	8037
1477	83580
1478	55919
1478	102867
1478	14500
1478	102893
1478	102925
1479	18515
1480	88666
1480	93264
1481	93119
1481	95072
1482	81398
1482	89956
1483	6434
1483	13981
1483	20873
1483	37022
1483	102668
1484	12694
1485	15158
1486	47554
1486	16593
1487	67612
1487	90699
1488	52811
1488	5528
1488	70444
1488	100781
1488	38109
1488	13204
1488	34223
1488	109691
1488	110329
1488	84099
1489	23973
1489	2684
1489	90835
1490	10920
1490	84204
1490	84267
1490	84315
1490	84316
1490	62694
1490	55130
1490	84492
1490	42779
1490	2808
1490	29001
1490	72890
1490	89930
1490	98320
1490	19204
1490	108147
1490	108165
1490	108166
1490	51037
1490	84358
1490	111570
1491	71863
1492	21713
1493	1388
1493	5043
1493	27401
1493	15971
1493	9719
1493	9962
1493	5824
1493	8903
1493	90487
1493	35710
1493	24483
1493	46109
1493	46164
1493	25764
1493	92148
1493	95603
1493	90196
1493	5043
1493	89309
1493	78588
1493	24483
1493	104174
1493	66184
1493	98381
1493	105685
1494	12694
1495	7386
1495	30438
1496	2281
1496	76084
1497	26368
1498	92679
1498	67959
1499	27401
1499	87467
1499	96108
1500	7778
1501	91172
1501	46084
1502	230
1502	83453
1503	7061
1503	4026
1503	13909
1503	26656
1503	103750
1504	16003
1504	280
1505	90891
1505	20758
1505	27305
1505	4758
1505	16561
1505	34306
1505	106102
1505	55079
1505	107626
1505	107637
1506	87885
1506	25477
1506	99932
1507	26976
1507	90995
1507	8917
1507	69769
1507	3130
1507	56520
1507	1047
1508	34813
1508	20791
1508	13171
1508	4390
1509	84905
1509	73920
1509	32588
1509	86295
1509	51889
1509	63268
1509	73473
1509	94882
1509	94029
1509	51888
1510	39978
1511	84653
1511	88691
1511	28929
1511	54529
1512	66825
1513	85957
1513	85959
1513	13027
1513	50663
1514	16408
1515	5922
1516	17184
1516	3016
1517	37538
1518	2763
1518	32146
1518	8673
1518	13330
1518	10708
1518	90611
1518	99492
1518	36294
1518	9903
1518	48035
1518	95909
1518	9358
1518	107019
1518	18111
1518	2238
1519	34281
1519	278
1519	7172
1519	488
1519	56943
1519	31297
1519	28497
1519	3475
1519	75724
1519	1287
1519	22664
1519	7192
1519	10604
1520	37439
1520	31492
1520	63293
1520	17189
1520	42743
1520	11536
1521	48706
1521	98822
1522	23134
1523	83029
1523	22075
1523	479
1523	4757
1523	68394
1523	20345
1523	15353
1523	19217
1523	13484
1523	42566
1523	82740
1523	27249
1524	52319
1525	90645
1525	22589
1525	84130
1526	44976
1527	83321
1528	90814
1529	21179
1530	93847
1530	36660
1530	92180
1531	18269
1531	97040
1531	42209
1531	98456
1531	8244
1532	94119
1533	81985
1533	80230
1533	88930
1533	8035
1533	46156
1533	11411
1533	92170
1533	74517
1533	80230
1534	88870
1534	8457
1534	21365
1534	894
1534	19422
1534	103573
1534	54862
1534	53672
1534	11321
1534	27017
1534	14089
1534	110404
1534	96506
1534	110815
1534	79289
1534	73998
1534	110865
1535	319
1535	1871
1536	8523
1537	16605
1537	24801
1537	50862
1537	26161
1538	37207
1539	39258
1540	34727
1541	100636
1541	101152
1542	29347
1542	86398
1542	18702
1542	87073
1542	3161
1542	87096
1542	87478
1542	66731
1542	86727
1542	66777
1542	91001
1542	80558
1542	10612
1542	29689
1542	39633
1542	49410
1542	47168
1543	92377
1543	38703
1543	92392
1544	102785
1544	102786
1544	45014
1544	102845
1544	102846
1545	84214
1545	34667
1545	8825
1546	14436
1546	20166
1546	87420
1546	56520
1546	99134
1547	53865
1547	89435
1548	5452
1548	98312
1549	82345
1550	13171
1550	518
1550	90708
1550	80151
1550	83310
1550	93639
1550	8015
1550	16555
1550	94002
1550	102844
1550	83310
1551	88283
1551	88283
1551	44230
1551	17441
1551	88283
1551	5631
1551	87634
1551	43579
1552	90868
1552	100030
1553	76831
1553	15036
1553	36705
1553	108910
1554	23448
1554	53409
1554	105492
1555	61031
1556	39845
1556	7930
1557	33430
1557	59338
1557	7942
1557	75663
1557	87400
1557	280
1557	73270
1557	76685
1557	65229
1557	7288
1557	96225
1557	5945
1558	32007
1559	69769
1559	3864
1559	40944
1559	6236
1559	88745
1559	88780
1559	31838
1559	18191
1559	22259
1560	1118
1560	91933
1560	72614
1560	36042
1560	75037
1560	102657
1561	47400
1561	91462
1561	33461
1561	17904
1561	21332
1561	98393
1561	47400
1561	11890
1561	51400
1561	102817
1561	5960
1561	70623
1561	95879
1561	32765
1562	83144
1562	67633
1562	104578
1563	83464
1563	83475
1563	85351
1563	88727
1563	42249
1563	41309
1563	104941
1563	63946
1563	108855
1563	19493
1563	110073
1563	106473
1564	18421
1564	3782
1565	13027
1565	75845
1565	106053
1565	106054
1566	54727
1567	3560
1567	926
1567	108031
1568	4360
1569	87654
1570	6868
1570	87222
1570	96084
1570	96087
1570	2805
1570	40954
1571	85654
1571	87599
1571	100894
1571	100895
1571	100896
1571	100960
1571	100961
1571	103481
1571	103482
1572	10504
1572	89661
1572	45135
1572	89739
1572	98513
1572	37999
1572	103234
1572	2906
1572	1881
1572	109516
1573	27324
1574	2900
1574	13413
1574	23614
1574	84843
1574	20431
1575	37031
1576	11439
1577	17510
1577	84382
1577	78754
1577	11832
1577	36213
1577	8888
1577	92136
1577	5793
1577	77739
1577	92142
1577	2922
1577	17085
1577	92150
1578	45873
1578	88718
1578	94293
1578	17614
1578	30221
1578	37912
1578	56954
1579	5656
1580	91057
1580	59451
1580	88121
1581	41576
1581	16329
1581	11961
1581	63279
1581	67214
1581	89001
1581	109620
1582	86653
1582	22055
1582	13400
1582	35
1582	15695
1583	33064
1583	2787
1583	95794
1583	102796
1584	42209
1584	90467
1584	90510
1584	90511
1584	103059
1585	65702
1585	86809
1585	78771
1585	65702
1586	3304
1586	70719
1586	105154
1587	63455
1588	52784
1589	69911
1589	98989
1589	33686
1590	15298
1590	17369
1590	17002
1590	65309
1591	77829
1592	33171
1592	90716
1593	100234
1593	111448
1594	41936
1594	16037
1594	52059
1594	91954
1594	86885
1594	77169
1595	15535
1595	44897
1595	76204
1596	3902
1596	4356
1597	35059
1598	27259
1599	15154
1600	69591
1600	24302
1601	85101
1601	92008
1602	23341
1602	7307
1602	28626
1602	34104
1602	99635
1603	85418
1604	19575
1604	68838
1605	30427
1605	93148
1606	24573
1606	9242
1607	81443
1607	43305
1607	85224
1607	71774
1608	37345
1608	78498
1608	92372
1608	92964
1608	94555
1609	2955
1609	9689
1609	12938
1609	91474
1610	92081
1610	38453
1611	49696
1611	85
1611	99120
1611	58842
1611	99185
1611	7307
1612	52512
1612	37908
1612	95654
1612	16234
1613	19726
1614	9068
1614	48969
1614	93265
1614	6166
1614	20120
1614	20652
1614	45766
1614	8160
1614	35270
1614	95566
1614	6896
1615	2745
1616	89521
1616	68581
1616	73482
1616	25203
1616	2872
1616	68549
1616	26802
1616	21610
1616	33056
1616	3914
1616	105095
1617	20629
1617	5251
1617	3494
1617	34
1617	39699
1617	18034
1618	23341
1618	8400
1619	84254
1619	97995
1619	41097
1620	19958
1621	89131
1621	91848
1621	7387
1621	77952
1621	30478
1621	60937
1622	34729
1622	11045
1623	1289
1623	8400
1623	14410
1623	91129
1623	11810
1623	92181
1623	1032
1623	102456
1624	20463
1624	2885
1625	49330
1626	25824
1626	90962
1626	90981
1626	2891
1626	94689
1626	21126
1626	3092
1626	111815
1627	3895
1627	15259
1628	24137
1628	6797
1629	52798
1630	1397
1631	17859
1631	18624
1631	46595
1631	87292
1631	44836
1631	10223
1631	79962
1631	96572
1631	46595
1631	106648
1631	5286
1631	46595
1631	102167
1632	59619
1632	90323
1632	56489
1633	8982
1634	40781
1635	85839
1635	86626
1635	100052
1636	85206
1636	33428
1636	43449
1637	44426
1637	93174
1637	95160
1637	92179
1637	23233
1637	29965
1637	97101
1637	67873
1637	97431
1638	4354
1638	19438
1638	92912
1639	22091
1639	109955
1639	109956
1639	109957
1640	7116
1640	110344
1640	42796
1640	7480
1641	33789
1641	1333
1642	97854
1642	53819
1642	91127
1643	87152
1643	6434
1643	99526
1643	104146
1643	22515
1643	11046
1643	94123
1644	28183
1644	2645
1644	108072
1645	43123
1645	50874
1645	15036
1645	708
1645	45720
1646	94572
1646	13108
1647	87164
1648	106800
1649	13507
1649	90960
1650	11498
1651	83827
1651	14865
1651	99879
1651	21390
1652	35817
1652	71672
1652	2314
1653	14216
1653	2924
1653	92499
1654	55335
1654	7288
1655	83160
1655	62716
1655	28498
1655	6640
1655	1644
1655	33995
1656	101006
1656	15642
1657	76272
1657	55578
1657	24823
1657	105266
1657	23973
1658	50588
1658	17499
1658	84074
1658	5631
1658	23697
1658	1633
1658	4970
1658	1495
1658	27034
1659	96644
1659	32630
1659	60487
1659	32146
1659	97034
1659	32270
1659	97284
1659	34953
1659	30288
1659	78336
1659	56522
1659	11890
1659	111707
1659	111708
1660	24065
1661	993
1661	15978
1662	87577
1662	57143
1662	8231
1662	97416
1663	81890
1664	56011
1664	57607
1665	62759
1665	107479
1666	10009
1666	85739
1666	10265
1666	6924
1667	61942
1667	91550
1667	93479
1668	71536
1668	9856
1668	17720
1668	9070
1668	56285
1668	7952
1668	1564
1669	83503
1669	2985
1669	56616
1669	17158
1669	83598
1670	94601
1671	414
1671	84630
1671	95553
1672	106018
1673	90445
1673	90452
1673	90516
1673	4639
1673	56335
1673	3662
1673	20371
1673	78617
1674	576
1674	84556
1674	99873
1674	8238
1674	84810
1674	80715
1674	76349
1674	3278
1675	57915
1675	97919
1676	6719
1677	29620
1677	70274
1678	89816
1678	3890
1679	14062
1679	34219
1679	83799
1680	56204
1681	84339
1681	993
1681	14932
1681	73900
1681	17997
1681	107292
1681	17997
1682	62928
1682	1805
1682	2964
1683	57162
1683	95679
1683	71628
1683	95983
1683	96004
1683	36002
1683	100930
1684	42076
1684	83634
1684	39069
1684	99450
1684	99451
1684	103090
1684	103097
1684	71427
1685	41100
1685	1810
1685	55780
1685	36151
1685	21439
1685	99459
1685	102086
1686	33561
1686	75000
1686	33
1686	50361
1687	15067
1687	17328
1687	84925
1687	12702
1687	14636
1688	1786
1689	94361
1690	47667
1690	21967
1690	8183
1690	5894
1690	6351
1690	15325
1690	61950
1690	8535
1690	27930
1690	97840
1691	91425
1691	91426
1691	91427
1691	91691
1692	83316
1692	15480
1693	7605
1693	45072
1693	87623
1694	90876
1694	65577
1694	67319
1694	74513
1694	9850
1694	15909
1695	15087
1696	74918
1696	100981
1696	100982
1696	100983
1697	14655
1697	94147
1697	56462
1698	14082
1698	72155
1698	5189
1698	343
1698	9145
1699	45239
1699	83081
1699	1620
1699	4710
1700	91163
1701	3506
1701	35270
1701	1289
1702	33075
1702	22782
1702	65140
1703	43158
1703	10334
1703	106
1703	32956
1703	53498
1703	2040
1703	14793
1703	3317
1703	30881
1703	77906
1703	95466
1703	18055
1703	37523
1703	39857
1703	30881
1703	103579
1703	71611
1703	103489
1703	108011
1703	61242
1703	17561
1703	19095
1703	18269
1703	108315
1703	42657
1703	80631
1704	6291
1704	41459
1705	58748
1705	25610
1705	23136
1706	91191
1706	66563
1706	91208
1706	3466
1706	6976
1706	88856
1706	103138
1706	88817
1706	4209
1707	90950
1707	82850
1707	92030
1707	4249
1707	33815
1707	3016
1707	95066
1707	103804
1707	25262
1708	73553
1708	93557
1709	40720
1709	10182
1709	1032
1710	66559
1710	13397
1710	13207
1710	87817
1710	87818
1710	88189
1710	2157
1710	94720
1711	6449
1711	92590
1711	44803
1712	3022
1713	84793
1714	2696
1714	16345
1714	12916
1715	2460
1715	3317
1716	14207
1716	92882
1716	53625
1716	92895
1716	4975
1716	85283
1717	59398
1717	98622
1718	83520
1718	46334
1718	2091
1718	99792
1719	70987
1720	98148
1721	93459
1721	93948
1721	100457
1721	45828
1722	8412
1723	54288
1724	90519
1724	50605
1724	8407
1724	1457
1724	22908
1725	36303
1725	90659
1725	90936
1725	13981
1725	41701
1725	76079
1725	83321
1725	90936
1725	108192
1726	45771
1726	90922
1726	14565
1726	307
1726	2418
1726	100815
1727	20403
1727	60477
1727	34397
1727	55181
1727	74379
1727	1669
1727	36766
1727	83204
1727	62611
1727	7334
1727	83232
1727	83233
1727	33318
1728	2165
1728	24355
1729	11465
1729	70733
1729	736
1729	17718
1729	84469
1729	79799
1729	2106
1729	51604
1729	90069
1729	44687
1729	199
1729	106887
1729	5716
1729	52434
1729	77887
1729	17718
1730	7080
1731	10932
1731	65805
1732	26221
1733	78175
1733	86370
1734	25252
1735	16755
1735	97543
1735	97569
1736	9078
1737	13549
1737	92761
1737	105720
1737	63787
1738	15788
1739	89196
1739	56735
1739	89336
1739	29870
1739	56396
1740	90890
1741	57856
1741	45947
1742	28932
1742	101190
1742	104104
1742	106508
1743	57277
1744	89553
1745	4318
1746	13207
1746	11079
1746	22960
1746	90600
1747	2873
1747	67847
1748	52357
1748	15496
1748	97630
1748	106254
1748	844
1749	33753
1750	23307
1750	92199
1751	85069
1752	84766
1753	85624
1753	76364
1753	7167
1753	102623
1754	5887
1754	82085
1754	24078
1755	86685
1755	21471
1755	8244
1755	31278
1755	70754
1755	97135
1756	10253
1756	7144
1756	50552
1756	21284
1757	76317
1758	10590
1758	10247
1758	36028
1758	5880
1759	75
1759	21908
1760	23374
1760	11079
1760	73654
1760	84330
1760	106220
1760	97968
1760	62020
1761	4033
1761	85234
1761	277
1761	27371
1761	79435
1762	70719
1762	84974
1762	67764
1762	85023
1763	15147
1763	86259
1764	86524
1764	86586
1764	86915
1764	94763
1765	74393
1765	10072
1765	56433
1765	56433
1765	81473
1766	29872
1766	66648
1766	102628
1766	102629
1766	3422
1767	93731
1768	4256
1768	30476
1768	26243
1769	94289
1769	28236
1769	106480
1770	89782
1770	89818
1770	101174
1770	82975
1770	67240
1770	101234
1770	21008
1770	101352
1771	36610
1771	85546
1771	85547
1772	91899
1772	91906
1772	48347
1772	3367
1772	100074
1772	100075
1772	17379
1772	13161
1772	104365
1772	3950
1773	67050
1773	52147
1773	38820
1773	79944
1773	19052
1773	48049
1773	59823
1773	5499
1774	70957
1774	4502
1774	82792
1775	39529
1775	48855
1776	78418
1777	40285
1778	87048
1779	15492
1779	92609
1779	92724
1779	86037
1779	90677
1780	10022
1780	83206
1780	91111
1780	47600
1780	91261
1780	6252
1780	99267
1780	102576
1780	102577
1781	78017
1781	77887
1781	16814
1781	47341
1781	40717
1781	97042
1781	97089
1781	97090
1781	26064
1781	102818
1782	84325
1782	14246
1782	84328
1782	97267
1782	99228
1782	33867
1782	7324
1783	564
1784	71180
1784	61467
1784	87856
1784	27851
1784	94815
1784	63107
1784	48551
1784	62001
1784	100272
1784	100273
1784	71095
1784	57395
1784	629
1785	71326
1785	87627
1785	56141
1785	103016
1785	103017
1785	103044
1785	69770
1785	111007
1786	58300
1786	8490
1786	83019
1786	93512
1786	37816
1786	90506
1786	93524
1786	6617
1786	29605
1786	97247
1786	96822
1786	7780
1786	52270
1787	84951
1787	85136
1787	73956
1787	15774
1787	17603
1787	22358
1787	86272
1787	93406
1787	107012
1787	39143
1787	37177
1787	67526
1787	107077
1788	3190
1789	9907
1789	15000
1790	14619
1790	175
1790	92897
1790	8060
1790	92793
1790	96359
1790	365
1790	97779
1791	83865
1791	31453
1791	83866
1791	49170
1791	14014
1792	75218
1793	63644
1793	67877
1793	104503
1793	20699
1794	43519
1794	66513
1794	98294
1795	2653
1795	81658
1795	74657
1795	87243
1795	17744
1795	87467
1795	20403
1795	4935
1795	17130
1795	87499
1795	4710
1795	36307
1795	5922
1795	31720
1795	28878
1795	12102
1795	12259
1795	26821
1795	1604
1796	85809
1796	101603
1797	88784
1797	5350
1798	55914
1798	21131
1798	85856
1798	93379
1798	2314
1799	88267
1799	88268
1799	28959
1799	102915
1799	105244
1799	105245
1800	80631
1801	45771
1802	7920
1802	9478
1802	22782
1802	1496
1802	94266
1802	102521
1802	81946
1803	74393
1803	8394
1803	14619
1803	24823
1803	9663
1803	24142
1803	67877
1803	98583
1804	67601
1804	87084
1805	46727
1805	79097
1805	365
1805	11652
1805	23341
1805	24305
1806	12342
1807	102829
1808	33458
1808	37131
1808	88817
1808	88818
1809	62299
1809	85165
1809	85181
1809	85195
1809	41091
1809	3520
1809	28856
1809	44688
1809	17676
1809	22510
1809	88193
1809	88194
1809	88195
1809	88243
1809	88477
1809	88479
1809	70821
1809	100238
1810	5811
1810	4453
1810	63228
1811	72485
1811	64656
1811	11343
1811	1750
1811	91156
1811	20166
1811	91157
1811	89628
1811	53936
1811	8400
1811	32114
1811	68105
1811	376
1811	67411
1811	94956
1812	80415
1812	83799
1812	10866
1812	4249
1812	3610
1812	74766
1812	70824
1812	93859
1812	108476
1812	38661
1812	41425
1812	27179
1812	108947
1813	2808
1813	1975
1813	95535
1814	37069
1814	91687
1814	91688
1814	91700
1814	91708
1814	93094
1814	93095
1814	34294
1814	36918
1814	4692
1814	85066
1814	109617
1814	43782
1815	21507
1815	3209
1816	40260
1816	453
1816	150
1816	86287
1816	6567
1816	93392
1816	5171
1816	67095
1817	55956
1817	37213
1817	101372
1817	8831
1818	84630
1818	42694
1818	20275
1819	79168
1820	83139
1820	83140
1820	70882
1820	83154
1820	83199
1820	18715
1820	79581
1820	42543
1820	83140
1820	61745
1820	34031
1820	92138
1820	61218
1820	77243
1820	93727
1820	93729
1820	94019
1820	51877
1820	40761
1820	47378
1820	10745
1820	103228
1820	72521
1820	40863
1820	47122
1820	83139
1820	10816
1820	105862
1820	52599
1821	75327
1821	57764
1822	69506
1822	44840
1822	109513
1823	90722
1823	48394
1823	42698
1823	56555
1823	99152
1823	87812
1823	22679
1824	99467
1824	99480
1824	31938
1824	101457
1824	81112
1825	85641
1825	20364
1825	6422
1825	59723
1825	22233
1825	106766
1825	2391
1826	54627
1826	106566
1826	106567
1827	32437
1827	17772
1828	74355
1828	85943
1828	86139
1828	49241
1828	86140
1828	88093
1828	33458
1828	81007
1828	93317
1828	93318
1828	16308
1828	44633
1829	84040
1829	84113
1829	84114
1829	64585
1829	88522
1830	92981
1831	2276
1831	55118
1831	14753
1831	14082
1831	25496
1831	5427
1831	68583
1831	80137
1831	107804
1831	14082
1832	9959
1833	4836
1833	90782
1833	1749
1833	80631
1833	37808
1833	1207
1833	39333
1833	57995
1833	97
1833	267
1834	15771
1834	86211
1834	26604
1834	8244
1834	26161
1834	65229
1834	6540
1834	61470
1834	67877
1834	20636
1835	75021
1835	90977
1835	92749
1835	92769
1835	92809
1835	76012
1835	100122
1835	55587
1835	106935
1836	49256
1837	86306
1837	86307
1837	86308
1837	17430
1837	92133
1837	68665
1837	34861
1837	95319
1837	98332
1837	98342
1837	103025
1837	103026
1837	79811
1837	3763
1837	105698
1838	67685
1838	22251
1838	15788
1838	7172
1838	5074
1838	96755
1839	1403
1840	27064
1840	20381
1840	16880
1841	87911
1841	90889
1841	96142
1841	71849
1841	98467
1841	86140
1841	37975
1841	7959
1841	3915
1841	90889
1842	66477
1843	25262
1843	18412
1843	57127
1844	93480
1844	14718
1844	97583
1844	58765
1844	71416
1844	99004
1845	84902
1846	25000
1846	102900
1846	102934
1846	102935
1847	53450
1847	598
1848	90906
1849	33457
1849	86435
1849	46972
1849	74681
1849	43722
1849	51613
1850	53176
1850	12628
1851	67195
1851	39070
1852	104
1852	65099
1852	76949
1852	36457
1853	83787
1854	84630
1855	8033
1856	1397
1857	84066
1857	58300
1858	1706
1858	67877
1859	4352
1859	90785
1859	60401
1859	4262
1859	46729
1859	46993
1859	99399
1859	99400
1859	99401
1859	73554
1859	35058
1859	16032
1859	10459
1859	15821
1860	28437
1860	77689
1860	63249
1860	14205
1861	60695
1861	48385
1861	20972
1861	48761
1861	52860
1861	38393
1862	95671
1862	101156
1863	78706
1863	36921
1863	34356
1863	34654
1863	108474
1863	96661
1863	56402
1864	91424
1865	86764
1866	90097
1866	24379
1866	20214
1867	45365
1867	5901
1868	45926
1868	49278
1869	66234
1869	24477
1870	27
1871	1898
1871	13323
1871	7172
1871	51843
1871	81391
1871	90123
1871	17744
1871	74120
1871	37174
1871	92198
1871	64842
1871	47538
1871	12844
1871	96734
1871	86781
1871	96743
1871	3965
1871	56735
1871	9196
1871	17797
1871	13227
1871	13043
1872	97058
1873	99205
1873	17672
1874	84801
1874	15788
1874	9861
1874	89529
1874	55537
1874	93477
1874	18953
1874	98250
1874	98292
1874	6662
1874	4467
1874	47222
1875	307
1875	67410
1875	5424
1875	56011
1875	70761
1875	6832
1875	44109
1875	80559
1875	1889
1875	19865
1875	9836
1875	79299
1875	8948
1876	105860
1876	107321
1876	34
1876	58594
1876	38844
1876	107322
1876	31246
1876	2243
1876	69378
1876	58598
1876	107323
1877	19299
1877	2106
1877	13686
1877	4346
1877	75688
1877	31816
1877	66016
1877	39617
1877	6970
1878	479
1878	4233
1878	25201
1878	83977
1878	84759
1878	68581
1878	51578
1878	9705
1878	61173
1878	72270
1878	56772
1878	2928
1878	75985
1879	53360
1880	19797
1880	57377
1880	54797
1880	34879
1880	85462
1880	85478
1881	84672
1881	70303
1881	13543
1881	26339
1881	59600
1881	92850
1881	46027
1881	9478
1881	102428
1881	993
1881	95541
1881	68552
1881	7825
1881	343
1882	48730
1882	551
1882	7408
1882	75879
1882	103410
1882	63355
1882	14895
1882	26778
1883	3358
1883	17939
1884	4826
1885	67267
1886	41670
1886	94548
1887	65244
1887	90725
1887	92429
1887	14185
1887	12921
1887	91901
1888	1776
1888	12065
1889	18854
1890	4007
1890	80919
1890	27082
1890	92929
1890	57382
1890	71564
1890	56011
1890	41011
1890	93899
1890	10544
1890	9855
1890	85641
1890	307
1890	5858
1890	104350
1890	6589
1890	61783
1891	86525
1891	95613
1892	95412
1892	95414
1892	37272
1892	95524
1892	102885
1892	5637
1892	102886
1892	3323
1892	111307
1892	111549
1893	84668
1894	87386
1894	73236
1894	95733
1894	88542
1894	45338
1895	69229
1896	23818
1896	89036
1896	3162
1896	91118
1896	94099
1897	85636
1897	94877
1898	5922
1898	52435
1899	84630
1899	95585
1899	107568
1899	8995
1900	29304
1900	50443
1900	83986
1900	91448
1900	96492
1900	72792
1900	46729
1900	93080
1900	106247
1901	91672
1901	16463
1901	46828
1901	93617
1901	23776
1901	44779
1901	45399
1901	51703
1901	102360
1901	19893
1901	102363
1902	91815
1903	58966
1903	934
1903	103398
1903	6758
1904	94408
1905	14207
1905	62473
1905	74641
1905	88794
1905	69054
1905	6578
1905	45719
1905	25709
1906	96110
1906	96111
1906	24598
1907	5277
1908	101142
1908	101622
1908	102995
1908	103019
1908	88164
1908	79866
1908	5003
1908	40485
1908	97768
1908	25799
1908	8376
1908	3805
1908	3121
1909	4502
1909	49165
1909	51541
1909	62228
1909	57336
1909	28420
1909	24847
1909	56821
1909	100428
1910	22504
1910	96181
1910	96336
1911	9145
1911	86803
1911	4346
1911	28901
1911	86852
1911	5922
1911	70909
1911	44919
1911	82486
1911	39339
1911	29086
1911	24483
1911	15364
1911	109737
1911	69292
1912	50353
1912	90820
1912	90957
1912	76283
1912	95804
1912	97999
1912	98000
1912	102694
1912	102695
1913	15404
1914	4209
1914	72565
1914	50859
1914	71141
1914	6720
1915	6970
1915	1750
1916	89210
1917	61279
1917	10702
1917	56011
1918	29125
1918	52862
1918	9959
1918	3575
1919	42500
1919	6434
1920	11136
1920	1328
1920	25676
1920	21997
1920	1633
1920	27990
1920	103129
1920	34727
1920	44930
1920	4372
1920	104587
1920	104588
1920	63216
1920	96689
1920	106804
1921	64516
1921	3302
1921	46804
1921	86113
1921	26994
1921	26686
1921	31319
1921	24081
1921	12977
1921	62889
1921	16906
1921	58774
1921	23488
1921	84095
1921	24535
1921	72678
1921	62889
1921	10842
1921	12352
1921	31319
1921	98319
1921	74127
1921	32240
1921	39618
1921	110277
1921	74519
1921	110278
1922	29304
1922	1946
1922	10107
1922	65568
1922	95284
1923	101529
1923	272
1924	24740
1924	2675
1924	92279
1924	71868
1925	55883
1925	10449
1926	86258
1926	74744
1926	31207
1926	50456
1926	73000
1926	14304
1926	6544
1926	10708
1926	22753
1926	4112
1926	39385
1926	91698
1926	73000
1926	98663
1927	820
1928	3895
1928	97468
1928	104437
1928	104438
1928	95067
1929	88901
1929	94943
1929	98800
1929	76112
1930	35684
1930	36817
1930	69911
1931	3660
1931	43002
1932	73780
1932	83236
1932	80577
1932	45818
1932	62774
1932	43229
1932	83604
1932	83605
1932	83606
1932	83964
1932	84507
1932	84508
1932	84509
1932	84510
1932	84511
1933	895
1933	9568
1933	32839
1934	86775
1934	3422
1935	12465
1936	100618
1936	32766
1936	100710
1937	33961
1937	72935
1937	111661
1938	83923
1939	3434
1940	48111
1940	3437
1941	4292
1941	98711
1942	33449
1942	54853
1943	26246
1943	105519
1943	105520
1943	9473
1943	28408
1943	105543
1943	105623
1943	109236
1943	109237
1943	91778
1943	34642
1944	40827
1944	43433
1945	72692
1945	14931
1945	94436
1946	18015
1946	22352
1946	9749
1946	6948
1946	5946
1947	2249
1947	80868
1947	40256
1947	68968
1947	5251
1947	45238
1947	54040
1947	68844
1948	32655
1949	62342
1949	50418
1950	75980
1950	59996
1951	83688
1951	47339
1951	88290
1951	88291
1951	94120
1951	12223
1951	94171
1951	4838
1951	94203
1951	110507
1951	97746
1951	110508
1952	87988
1953	84384
1953	69846
1953	91382
1953	92407
1953	40844
1953	42943
1954	19125
1955	8943
1955	9269
1955	91865
1955	3210
1955	88907
1956	29620
1956	81876
1957	60487
1958	67877
1958	39978
1958	99160
1958	1207
1958	63769
1958	31297
1958	97
1958	105162
1958	64609
1958	45239
1958	62045
1958	6040
1958	15000
1959	77314
1959	102647
1959	103091
1960	89703
1960	89716
1960	53196
1960	103427
1960	69591
1960	104829
1961	77630
1962	6097
1962	1478
1962	5880
1962	11053
1962	19865
1962	15364
1963	16864
1963	12996
1964	49848
1965	79522
1965	2159
1965	40461
1965	40640
1965	86706
1965	27086
1965	70375
1965	102993
1965	89
1966	91058
1966	3773
1966	107115
1967	40689
1967	11477
1968	69405
1968	84298
1968	45715
1968	57577
1968	73827
1968	28144
1968	106421
1969	39346
1969	85736
1969	11984
1969	9169
1969	93822
1969	33511
1969	93823
1969	103256
1969	103327
1969	62782
1969	103395
1969	39795
1970	6810
1971	25538
1971	1633
1971	20199
1971	28836
1971	41013
1971	17482
1971	12990
1972	2833
1972	53576
1972	39978
1973	24190
1974	86737
1975	29125
1975	84396
1975	3741
1975	10108
1976	511
1976	36893
1976	56382
1976	29299
1977	90901
1977	20460
1977	98677
1978	83467
1979	99501
1979	46096
1979	1183
1979	1929
1980	84275
1981	16657
1981	86432
1982	29458
1982	3498
1983	83220
1983	31697
1983	83221
1983	6731
1983	67877
1983	93163
1983	93178
1983	41188
1983	61512
1983	24658
1983	8605
1983	21972
1983	34898
1983	96969
1983	9119
1983	15422
1983	101253
1983	51630
1983	105411
1983	8458
1983	37000
1983	3972
1983	25121
1983	41224
1984	4327
1984	71313
1984	94857
1984	5166
1984	98735
1984	3892
1984	102465
1984	102480
1984	102481
1984	98857
1985	2322
1985	27050
1986	40551
1987	85840
1987	1620
1987	13878
1988	65450
1988	102686
1988	102713
1988	102801
1988	2601
1988	102821
1988	54876
1989	55723
1989	43512
1990	26269
1990	4984
1990	6105
1990	1328
1991	72634
1991	53788
1992	55497
1992	90503
1992	3429
1992	9467
1992	102824
1993	3516
1993	307
1993	230
1994	41013
1995	22713
1995	23766
1996	18985
1996	42693
1997	5776
1997	356
1998	54196
1998	67877
1998	102988
1998	59042
1999	11049
1999	22405
1999	32259
1999	325
1999	90635
1999	90638
2000	52336
2000	94190
2001	5533
2001	7782
2001	93071
2001	93072
2002	26382
2002	7130
2002	42085
2003	15616
2003	76934
2003	40727
2003	55435
2003	35906
2004	87803
2004	16841
2004	54985
2004	16759
2004	8403
2004	102408
2005	5062
2005	97367
2005	98840
2006	49809
2006	319
2006	89219
2006	90532
2006	91143
2006	62324
2006	91144
2006	80074
2006	77645
2006	60606
2006	27396
2006	99268
2006	84630
2006	99317
2006	43925
2006	99318
2006	99527
2006	87323
2006	60987
2006	99590
2006	44240
2006	69348
2006	111259
2007	87846
2008	13799
2009	852
2009	50528
2009	56331
2009	58420
2009	2003
2009	33075
2009	9691
2009	85627
2009	2810
2009	7521
2009	6086
2009	91901
2009	57788
2009	55053
2009	26701
2009	67158
2009	27593
2009	99388
2009	407
2009	2157
2009	12871
2009	24812
2009	102747
2010	10020
2010	22758
2010	88421
2010	88972
2011	29125
2012	16522
2013	43947
2013	57577
2013	71429
2013	7754
2013	90809
2013	32917
2013	102848
2014	94640
2014	55241
2014	98434
2014	103123
2015	90801
2016	5693
2017	35411
2017	21292
2017	35324
2018	2162
2018	24089
2018	91418
2019	86294
2019	51951
2019	45888
2019	43947
2019	5109
2019	45888
2020	87695
2021	92581
2021	92582
2021	78610
2022	45745
2022	87303
2022	86963
2022	95119
2022	30693
2022	97048
2022	78346
2023	51652
2024	78760
2025	18588
2026	29523
2026	2119
2027	10526
2027	104072
2028	5399
2028	30214
2028	59948
2028	84389
2028	27050
2028	16106
2028	35411
2028	11600
2028	5417
2028	32148
2028	5382
2028	70617
2028	95363
2028	69596
2028	67889
2028	54249
2028	96359
2028	66792
2028	56094
2028	10235
2028	81707
2028	14212
2028	10759
2029	3575
2030	86530
2030	89647
2031	22971
2031	20512
2031	24099
2031	92657
2031	92658
2031	3366
2031	43178
2031	105973
2031	105974
2031	105988
2031	105989
2031	104942
2032	93919
2032	26499
2032	11591
2032	33749
2032	103302
2032	86786
2033	71839
2033	65083
2033	63414
2033	21939
2033	56878
2033	106059
2034	20166
2034	64407
2035	98644
2035	24345
2036	66581
2036	20763
2036	37212
2036	99952
2036	73827
2036	100032
2036	48530
2037	50805
2037	61500
2037	46616
2037	55634
2038	88597
2038	1531
2038	10449
2038	34072
2038	158
2038	95381
2038	67534
2038	94012
2038	63041
2038	76300
2038	67546
2038	21678
2038	16035
2038	109538
2038	109553
2038	27840
2038	19385
2038	61873
2039	83006
2040	55497
2041	58122
2042	74752
2043	1994
2043	4248
2043	1141
2043	29671
2043	3486
2043	126
2044	3055
2044	66313
2044	91173
2044	75574
2044	80841
2044	23973
2045	76567
2045	85085
2046	30838
2046	103586
2046	93708
2046	74127
2047	84599
2047	62315
2047	1376
2047	85629
2047	27902
2047	21080
2047	15872
2047	90570
2047	92223
2047	92224
2047	51590
2047	67053
2047	7970
2047	27902
2047	4292
2047	84599
2047	106699
2048	15149
2048	84009
2048	96911
2048	21541
2048	103254
2049	84907
2049	61242
2049	58683
2049	94576
2050	67877
2050	2314
2050	67047
2051	2192
2051	19558
2051	104579
2051	101599
2052	95617
2053	40564
2053	41588
2053	73577
2053	103124
2053	53376
2054	16555
2055	13036
2055	12520
2056	70399
2056	62006
2056	60762
2057	85730
2057	27489
2057	85756
2057	86404
2057	56921
2057	86446
2058	49249
2058	53652
2058	14515
2058	91777
2058	13420
2058	28492
2058	75518
2058	52070
2058	74369
2058	46653
2058	7288
2058	75353
2058	81177
2058	9341
2058	80631
2058	61491
2058	3831
2058	106049
2058	13741
2058	57786
2058	10359
2058	8939
2059	85585
2059	9094
2059	43545
2059	36879
2059	3902
2060	10874
2060	40878
2060	14932
2060	54796
2060	50618
2060	1981
2060	104503
2060	106884
2060	8494
2060	34589
2060	81720
2061	87723
2061	88735
2062	44919
2062	14865
2063	79955
2063	48680
2064	87110
2065	84790
2065	84844
2065	84845
2065	82704
2065	45001
2065	92074
2065	84845
2065	20971
2065	2176
2065	11330
2066	1975
2067	90967
2067	69653
2067	52319
2067	83580
2067	101499
2068	29876
2068	86503
2068	86548
2068	105458
2068	9948
2069	70919
2069	97561
2069	35867
2069	50651
2069	42220
2069	10395
2069	72926
2069	36683
2069	2645
2069	71865
2070	90488
2070	39963
2070	91211
2070	91421
2071	42198
2072	86946
2072	86955
2072	93821
2072	10005
2072	46807
2072	86617
2072	43409
2072	100821
2072	100839
2072	17474
2072	103208
2073	18353
2073	8575
2073	97318
2074	57713
2075	40365
2076	88864
2076	90261
2076	98673
2076	98700
2077	24658
2078	61031
2078	93200
2079	45025
2079	90564
2079	90565
2079	90566
2079	90574
2080	87463
2080	64649
2080	90543
2081	64636
2082	84297
2082	83289
2082	14544
2082	14255
2082	18686
2083	21472
2083	36213
2084	3972
2084	13855
2084	1297
2084	73722
2084	93790
2085	3769
2085	2320
2086	18161
2086	63061
2086	92952
2086	6552
2086	93689
2086	74393
2086	66209
2086	3210
2086	4833
2086	103237
2086	37847
2086	5802
2086	108169
2087	91398
2087	19872
2087	91441
2088	77630
2088	99040
2088	1785
2089	100541
2090	91075
2091	99272
2092	9100
2093	13582
2093	17775
2093	4920
2093	103452
2093	20620
2094	100634
2094	102185
2095	63206
2096	9903
2097	97086
2098	74709
2099	52619
2099	67095
2099	89945
2099	81391
2099	18096
2099	15000
2099	100155
2099	23049
2099	69949
2099	81085
2100	93637
2100	18272
2101	86143
2101	86330
2101	11727
2101	104341
2101	104720
2102	93399
2103	22998
2103	86991
2103	84316
2103	87149
2103	15662
2103	21304
2103	48913
2103	27330
2103	84464
2103	13027
2103	15935
2103	94776
2103	12884
2103	37867
2103	39657
2103	28833
2103	42209
2103	108303
2103	45564
2104	89527
2105	16555
2106	88530
2106	88635
2106	3706
2107	11611
2107	83411
2107	10126
2107	418
2107	89242
2107	89328
2107	9913
2107	89329
2107	15391
2107	85475
2107	27527
2107	16561
2107	83080
2107	42802
2107	93255
2107	4014
2107	103612
2107	57995
2107	41516
2107	106322
2107	53391
2107	20760
2107	5504
2107	26561
2107	65140
2107	83289
2107	41917
2107	108867
2107	55746
2107	35343
2107	69310
2107	88621
2107	54962
2108	100395
2108	4581
2108	40403
2109	76318
2109	1306
2109	85198
2109	85235
2109	19451
2109	81920
2109	11605
2109	13628
2109	87674
2109	13161
2109	16345
2109	81025
2109	104730
2109	5204
2109	109123
2109	81938
2110	40851
2110	22041
2110	108370
2110	109976
2110	12939
2110	845
2111	101318
2112	51097
2113	27082
2114	50165
2114	48290
2114	683
2114	16561
2114	7337
2114	97799
2114	97843
2114	33272
2114	22237
2114	4029
2114	109448
2114	62900
2115	26802
2115	1225
2115	17414
2115	18729
2115	10149
2115	17467
2115	8158
2115	1615
2115	20699
2115	62266
2115	75845
2115	43810
2116	83136
2116	67427
2116	81085
2117	10710
2118	16211
2118	7408
2118	78164
2118	17846
2118	103241
2118	18784
2119	7898
2119	96329
2120	6737
2120	69769
2120	693
2121	95895
2122	900
2123	43550
2124	40757
2125	5070
2125	72011
2125	93954
2125	99655
2126	37730
2127	89899
2128	90854
2128	55704
2128	90855
2128	52353
2129	3005
2130	25110
2130	10548
2130	61242
2130	50825
2130	97498
2131	56735
2131	37405
2131	43602
2131	24982
2131	18841
2131	53067
2131	35660
2131	27472
2131	4975
2131	91522
2131	12210
2131	25886
2131	603
2131	57968
2131	85066
2131	14011
2131	11569
2131	97263
2131	44337
2131	22214
2131	10005
2131	6255
2132	412
2133	60047
2133	10453
2133	94912
2133	39798
2133	98252
2133	62157
2133	96817
2133	12036
2133	30557
2134	12325
2134	35743
2134	97946
2134	15319
2134	2215
2134	104372
2135	10659
2135	99094
2135	66664
2135	110770
2136	58728
2137	1981
2137	86558
2137	30759
2138	4115
2139	47
2140	54199
2140	54201
2140	62436
2140	70260
2140	73081
2140	99755
2140	97407
2140	54201
2140	109584
2140	108940
2140	70232
2140	109615
2140	109633
2140	111234
2141	55776
2141	89811
2141	78619
2142	73047
2142	85033
2142	98123
2142	46804
2142	1975
2143	85567
2143	19102
2144	15000
2145	23963
2145	98879
2145	12726
2146	83248
2146	83670
2146	43373
2146	31276
2147	93697
2147	87114
2147	20127
2147	46755
2147	28585
2147	48910
2147	11995
2147	98703
2148	46578
2149	17667
2149	68212
2149	31055
2150	48641
2150	90982
2151	30278
2151	307
2152	28553
2152	35462
2152	24826
2153	97238
2153	55270
2153	100832
2153	100833
2154	2720
2154	20694
2154	58530
2154	37016
2155	4846
2155	86555
2156	1604
2156	85347
2156	51078
2156	30759
2156	50074
2156	18871
2156	85440
2156	60352
2156	78283
2156	86602
2156	86612
2156	6171
2156	86613
2156	58753
2156	37364
2156	18677
2156	39354
2156	49765
2156	96599
2156	91874
2156	96607
2156	54220
2156	72910
2156	96681
2156	59653
2156	11591
2156	52435
2156	70365
2156	97139
2156	24701
2156	24483
2156	28841
2156	97427
2156	97428
2156	93262
2156	6049
2156	97985
2156	22855
2156	103965
2156	12083
2156	11591
2157	32073
2157	57070
2158	85049
2158	5817
2158	2406
2158	97756
2158	4082
2159	83384
2159	5249
2160	89369
2161	39537
2161	28067
2161	99311
2162	8799
2162	42982
2163	10975
2164	6652
2165	56011
2165	10986
2165	90097
2165	12431
2165	93690
2165	5424
2165	95059
2165	69407
2165	26034
2165	4496
2165	8977
2165	86133
2165	90802
2165	22561
2165	105542
2165	60487
2165	92358
2165	75679
2166	6952
2166	56248
2166	12329
2167	101791
2168	40551
2168	1961
2168	95211
2168	21599
2168	1960
2168	8192
2168	44545
2169	56954
2169	67303
2169	1953
2169	55949
2169	88904
2169	56039
2169	88941
2169	83968
2170	80259
2171	3354
2172	29461
2172	17287
2172	43243
2172	31901
2172	46293
2172	2035
2172	5480
2173	86504
2174	20919
2174	7077
2174	72869
2174	44807
2174	105608
2174	81370
2175	38815
2175	3656
2175	13973
2175	503
2176	98981
2176	8856
2176	9135
2177	2276
2177	34727
2178	83537
2178	68237
2179	41013
2179	63330
2179	51253
2180	61242
2180	3823
2180	80244
2181	89516
2181	29470
2181	8966
2182	17000
2182	46858
2182	68266
2182	1397
2182	14436
2182	31297
2182	2808
2183	83987
2183	1914
2183	55181
2183	4086
2184	33009
2184	92486
2184	101136
2184	103565
2184	105022
2185	4302
2185	5849
2186	16770
2186	126
2186	55156
2186	76251
2186	73811
2187	11477
2188	107044
2188	16103
2189	45771
2189	540
2189	3842
2189	26906
2190	26264
2190	2459
2191	918
2191	14014
2191	2087
2192	50159
2193	8912
2193	6498
2193	37441
2193	4945
2193	86125
2193	85066
2193	86419
2193	782
2193	86420
2193	3841
2193	68583
2193	78708
2193	9846
2193	9775
2193	37471
2193	89376
2193	4536
2193	8532
2193	93472
2193	30635
2193	51078
2193	30759
2193	33366
2193	21952
2193	46450
2193	5214
2193	53264
2193	16406
2193	101137
2193	80226
2193	91129
2193	11569
2193	8532
2193	93162
2193	15190
2193	1881
2194	83163
2194	12438
2194	42026
2194	70868
2194	92817
2195	85066
2195	4909
2195	19461
2196	11616
2196	68266
2197	83117
2197	48916
2197	3849
2197	31997
2197	54761
2197	91665
2197	30515
2197	31457
2197	96254
2197	96772
2197	26297
2197	105317
2198	70056
2199	25222
2199	8481
2200	51812
2200	89690
2200	97270
2200	98687
2200	107861
2201	24168
2201	77917
2202	8799
2202	434
2202	95018
2202	95019
2202	62656
2202	3673
2202	60042
2202	101009
2203	33506
2203	57515
2203	58028
2203	37400
2203	80415
2203	27616
2204	5536
2204	99760
2205	87915
2206	67877
2206	7391
2206	83570
2206	84469
2206	40407
2207	90445
2207	761
2207	7164
2207	25819
2207	2106
2207	1391
2207	45771
2207	4642
2208	43002
2208	92604
2209	90417
2209	2788
2209	82857
2209	96581
2209	30587
2210	95910
2210	190
2210	67411
2210	10577
2210	105424
2211	79975
2211	62887
2212	92396
2212	16091
2212	14051
2212	102849
2213	56204
2214	64595
2214	34453
2214	86034
2214	75036
2214	86035
2214	10587
2214	86456
2214	97248
2214	44357
2214	28741
2215	39185
2215	5452
2215	57237
2215	22799
2215	98686
2215	24982
2215	19920
2215	11473
2215	101670
2216	67722
2216	105032
2217	2379
2217	89821
2217	840
2217	56498
2217	17552
2218	1975
2218	23972
2219	9528
2219	108785
2220	70150
2220	12694
2221	9096
2221	71460
2221	102964
2221	23088
2221	41474
2221	109149
2222	94129
2222	7103
2222	14304
2223	1165
2223	6069
2224	723
2224	30749
2224	11737
2224	29712
2225	79446
2226	101274
2226	101275
2227	81870
2227	86017
2227	34426
2227	8548
2227	24032
2227	87646
2227	9264
2227	8942
2227	8344
2227	91155
2227	44025
2227	17020
2227	96182
2227	42192
2227	78116
2227	34426
2227	36090
2227	98612
2228	87436
2228	22781
2228	18756
2229	79082
2229	96033
2229	99332
2229	99364
2230	34517
2230	87840
2230	32246
2230	8403
2230	55713
2230	88937
2230	2645
2230	93808
2230	75931
2230	35283
2230	50517
2230	34356
2230	43672
2230	65623
2230	68051
2230	109363
2231	3905
2231	5539
2232	18608
2233	51630
2233	67529
2233	29020
2233	92179
2233	69523
2233	38453
2234	82076
2234	43749
2234	10708
2234	91508
2234	3913
2234	11182
2234	11926
2234	61179
2234	8246
2235	2472
2235	52434
2235	4809
2235	1397
2236	84883
2236	85142
2237	94051
2238	28995
2238	96075
2239	23654
2239	96344
2239	99077
2239	26825
2239	93875
2239	77786
2239	21256
2239	43460
2240	358
2240	36780
2240	85590
2240	862
2240	20677
2240	31628
2240	86523
2240	41904
2240	17905
2240	88046
2240	6496
2240	88086
2240	61242
2240	39864
2240	358
2240	62267
2240	97216
2240	11848
2240	61242
2240	79126
2240	80631
2240	8014
2241	36646
2241	712
2241	319
2242	64682
2242	75574
2243	104709
2243	69292
2243	68017
2243	95030
2243	104757
2244	83705
2244	89954
2244	93619
2244	93624
2244	93625
2244	93626
2244	93627
2244	98567
2244	102135
2244	107849
2244	107850
2245	87815
2245	5750
2245	4077
2245	88228
2245	28068
2246	102306
2247	63383
2247	97008
2248	30665
2248	11569
2249	22003
2249	42317
2249	13087
2249	97293
2249	54529
2249	22003
2250	29620
2250	43767
2250	8356
2250	107867
2250	74174
2250	81322
2250	78442
2251	24963
2252	3805
2252	95034
2252	57417
2252	4318
2253	56011
2253	84212
2253	45239
2253	72902
2253	56014
2253	34831
2253	993
2253	61694
2253	34654
2253	87351
2253	44190
2253	1141
2253	91540
2253	91541
2253	71598
2253	93405
2253	58810
2253	75140
2253	14402
2253	59293
2253	37816
2253	99379
2253	99380
2253	366
2253	45239
2253	5329
2253	12427
2253	105345
2253	17499
2254	32762
2254	5563
2254	11473
2254	6797
2254	35611
2254	861
2254	8083
2254	69508
2254	56735
2255	39953
2256	33371
2256	16075
2256	41905
2256	14401
2256	2822
2256	787
2256	92125
2256	94055
2256	33371
2256	99176
2256	99177
2256	99412
2256	95863
2256	99443
2256	104761
2257	33002
2258	43767
2259	47900
2260	62929
2260	2177
2260	103027
2260	106864
2260	12206
2260	4805
2260	61691
2261	29604
2262	42884
2262	56373
2262	1061
2262	87076
2262	18353
2262	29876
2262	1953
2262	18593
2262	39528
2262	11652
2262	5109
2262	13161
2262	36036
2262	26454
2262	15598
2262	100505
2263	11433
2263	4444
2263	52555
2264	84745
2264	46450
2264	16959
2264	85363
2264	4725
2265	78249
2265	85922
2265	37501
2265	110684
2266	5424
2266	816
2267	6603
2268	14589
2268	75556
2269	95177
2269	103983
2269	103984
2269	69688
2270	96534
2271	74415
2271	87469
2271	87470
2271	87541
2271	87542
2271	89979
2271	89997
2271	89998
2272	87646
2272	30161
2272	11586
2273	16596
2274	4729
2274	85580
2274	85964
2274	85693
2274	5249
2274	100182
2275	1814
2276	307
2277	19969
2277	29807
2277	18841
2277	84630
2277	4050
2278	15122
2278	10194
2278	13574
2279	88185
2279	58748
2280	14494
2281	50054
2281	80819
2281	104707
2281	54388
2281	106674
2281	106675
2281	55302
2281	106876
2282	8005
2282	926
2282	21144
2282	11473
2282	61235
2283	93791
2283	27384
2283	102876
2283	1630
2283	7774
2283	3874
2284	7980
2284	90974
2284	13199
2284	32529
2285	73153
2285	87068
2285	20787
2285	75556
2286	83197
2287	77795
2288	56011
2288	84199
2288	84224
2288	30233
2288	4612
2289	22106
2289	88963
2289	91034
2289	96896
2289	96924
2289	40365
2289	72011
2289	102447
2290	13624
2291	58693
2291	44495
2291	10098
2291	87131
2291	87392
2291	3929
2291	103868
2291	103869
2291	68589
2292	98903
2292	16445
2293	53986
2294	24658
2294	21861
2294	19333
2294	5843
2294	85869
2294	6287
2294	65000
2294	51714
2294	26228
2294	26848
2294	6543
2294	89251
2294	38732
2294	11070
2294	89251
2294	576
2294	25881
2294	5236
2295	14236
2296	86152
2296	68844
2296	5004
2296	31734
2296	31955
2297	3739
2297	576
2297	9996
2297	104141
2297	104257
2297	59441
2297	69544
2297	85123
2297	3739
2298	8640
2298	8064
2298	29205
2299	14522
2300	9807
2300	89610
2300	1834
2300	639
2300	73353
2301	16811
2301	70803
2301	7496
2301	24626
2301	49547
2301	95622
2301	95636
2301	83810
2301	16657
2301	100231
2301	98344
2301	100349
2301	100415
2301	72099
2301	100416
2302	58424
2302	76964
2302	90075
2302	50284
2302	90930
2302	7666
2302	81027
2302	101247
2302	101248
2302	72999
2302	101597
2302	24235
2302	11727
2303	2224
2303	70
2304	87079
2304	77302
2304	69578
2305	79090
2305	29757
2305	95753
2305	56012
2305	13788
2305	18588
2306	33192
2306	16114
2306	48673
2306	21831
2307	204
2307	93390
2307	3660
2307	6166
2307	82685
2308	1857
2308	93552
2309	7190
2310	79124
2310	86299
2310	96372
2311	59811
2311	63271
2311	27
2311	230
2311	30830
2311	98327
2311	632
2311	98328
2311	41703
2311	6269
2311	65719
2311	30020
2312	86158
2312	86740
2312	88605
2312	4044
2313	83666
2313	29125
2313	20462
2313	37207
2313	91278
2313	2276
2314	41550
2315	1207
2315	101300
2315	101448
2315	34727
2316	83607
2317	1633
2317	29636
2317	35361
2317	16062
2317	102602
2318	83812
2318	24290
2318	59649
2319	52925
2320	86558
2321	39093
2321	48539
2321	85944
2321	79083
2321	91491
2321	13346
2322	12663
2323	75926
2324	85771
2324	99542
2324	16755
2324	11540
2324	14655
2324	26886
2324	110102
2324	10126
2324	111413
2324	45987
2325	23995
2326	30503
2327	62601
2327	83799
2327	45780
2328	54470
2328	99368
2328	99668
2328	71960
2329	33409
2329	95426
2330	93664
2331	83661
2331	48803
2331	69591
2332	75352
2332	86558
2332	69786
2332	67618
2333	6895
2333	307
2334	6007
2334	10599
2334	91876
2334	8532
2334	5360
2334	3368
2334	90445
2334	13653
2334	14932
2334	25710
2334	9639
2334	72475
2334	36464
2334	25800
2335	40709
2335	67877
2336	2453
2336	993
2337	111329
2337	111330
2338	16003
2338	3645
2338	27083
2338	18836
2339	91948
2340	92299
2340	95179
2340	99104
2341	85883
2341	88351
2342	86305
2342	56407
2342	45049
2342	41294
2342	58934
2342	26372
2342	83077
2342	56756
2342	1633
2342	81401
2342	80244
2342	98345
2342	65807
2342	105828
2342	69668
2343	16935
2343	34371
2344	7197
2344	105133
2344	106330
2345	5638
2346	15529
2346	15153
2346	14631
2347	5424
2347	104066
2347	92540
2347	781
2347	30516
2347	95697
2347	668
2347	41180
2347	9392
2348	2279
2348	55789
2348	26918
2349	8353
2350	22782
2351	96035
2352	15941
2352	85076
2352	39978
2352	230
2352	103261
2352	4011
2352	84599
2352	25387
2352	48217
2352	2503
2352	28887
2353	12927
2354	11835
2354	21014
2354	94745
2355	43687
2355	15775
2355	17876
2355	110793
2356	84268
2357	10577
2357	43602
2357	7277
2357	199
2357	34417
2357	126
2357	77804
2358	35270
2358	107410
2358	8556
2359	13385
2360	8173
2360	51355
2360	44277
2361	42712
2361	4663
2362	105384
2363	52459
2363	7193
2363	1920
2363	1112
2364	2320
2365	55743
2366	90842
2367	1376
2367	104092
2367	104569
2367	104570
2367	104571
2367	104593
2367	107205
2368	84875
2369	90708
2369	111657
2370	25433
2370	41208
2371	9688
2371	83990
2371	1328
2371	1475
2371	101185
2371	23118
2372	85641
2372	9152
2372	97971
2372	20815
2373	26264
2373	31297
2373	11473
2373	97033
2373	39148
2373	48363
2373	49309
2373	11343
2373	91129
2373	54696
2373	20166
2373	5335
2373	5452
2373	15529
2373	8035
2373	28317
2374	84287
2374	43370
2375	31896
2375	90740
2375	76184
2375	51798
2375	12600
2376	83107
2376	15099
2377	98933
2378	75497
2378	93922
2379	26283
2380	91590
2380	59436
2380	55677
2380	90620
2380	91615
2380	91862
2380	46137
2380	60864
2380	78615
2380	18132
2381	67216
2381	69389
2381	84218
2381	60658
2381	52812
2381	84504
2381	84505
2381	67198
2381	100444
2381	89891
2381	100458
2381	100063
2381	81293
2381	42694
2381	10116
2381	1564
2381	67488
2381	100703
2381	67095
2381	61706
2381	41867
2381	96874
2381	105935
2382	90951
2383	96487
2383	28314
2384	103166
2385	4150
2385	80349
2386	53195
2386	7330
2387	86670
2388	319
2388	62001
2389	86125
2390	95757
2390	95758
2390	44303
2390	17654
2391	61872
2391	92673
2392	17655
2392	96641
2392	2119
2392	1297
2393	91841
2393	92149
2393	95292
2394	19011
2395	4780
2395	15576
2396	53382
2396	85903
2396	6040
2396	2800
2396	545
2397	88332
2397	34816
2397	88432
2397	60806
2397	50492
2397	104195
2397	7856
2397	104277
2397	17904
2398	84421
2398	38821
2398	4380
2398	41871
2398	96262
2398	23882
2398	103626
2399	11576
2399	97199
2399	62716
2399	4318
2400	45239
2400	5424
2401	10117
2401	7663
2401	4281
2401	772
2401	108371
2401	108384
2401	28300
2401	111772
2401	319
2402	45175
2403	43618
2404	56011
2404	9145
2404	95536
2405	22843
2405	10116
2405	23505
2405	34557
2405	92117
2405	708
2405	65897
2405	87389
2405	27990
2405	11287
2405	31328
2406	488
2407	9424
2408	56204
2408	44311
2409	67053
2409	89253
2409	89254
2409	49354
2409	4647
2410	7930
2410	99701
2410	99794
2411	78760
2412	84976
2413	105982
2413	3214
2413	4464
2413	90072
2413	106405
2413	9882
2414	12118
2415	27134
2416	4994
2416	95875
2416	11359
2416	98164
2416	21731
2416	95067
2416	105028
2417	45054
2417	104733
2417	104735
2418	4221
2419	86725
2419	86726
2420	83982
2420	86351
2420	92439
2420	95003
2421	84937
2422	75051
2423	71781
2423	100375
2424	71788
2425	95772
2426	57659
2427	88375
2427	99660
2428	84225
2428	84908
2428	2808
2429	10780
2429	101497
2429	104414
2430	3162
2430	1961
2431	43433
2431	52552
2431	98404
2431	68162
2431	7539
2431	34246
2432	84411
2432	73914
2432	93868
2433	91432
2433	22736
2433	8052
2433	73912
2433	34194
2433	3364
2433	90775
2433	5871
2433	56019
2433	96510
2433	35926
2433	45612
2433	46706
2433	12192
2433	165
2433	1320
2433	3364
2433	106164
2433	2765
2433	110283
2433	110284
2434	86683
2434	64775
2434	9895
2434	91714
2434	1416
2434	46398
2435	32416
2435	11477
2436	3458
2436	72665
2436	84630
2437	35803
2437	100423
2437	100424
2437	100789
2437	95874
2438	14402
2439	86331
2440	103217
2441	5901
2441	7116
2441	87823
2441	87845
2441	81706
2441	5901
2441	83670
2441	89849
2442	14017
2442	31284
2442	10305
2442	33843
2442	26749
2442	89485
2442	89863
2442	2063
2442	16770
2442	93434
2442	68811
2442	112248
2442	112249
2442	112250
2442	20971
2443	37213
2443	97794
2443	8504
2444	87777
2444	75400
2445	81367
2446	3768
2446	4277
2447	98945
2447	98946
2448	5872
2448	5499
2448	14228
2448	93785
2449	48189
2450	6950
2450	62045
2450	19217
2450	45612
2450	104704
2450	4509
2450	20847
2451	82226
2452	29316
2452	10525
2452	81129
2453	98617
2454	31126
2455	2598
2456	2241
2456	1548
2456	13111
2457	61008
2457	36799
2457	85116
2457	85117
2457	95132
2457	103530
2458	54529
2459	85561
2460	110084
2460	110085
2461	31539
2462	37441
2462	18345
2462	412
2462	10005
2462	85806
2462	57615
2462	89654
2462	11663
2462	10694
2462	26414
2462	9418
2462	96482
2462	9719
2462	98084
2462	98085
2462	152
2462	18310
2462	68940
2462	1045
2462	103029
2462	84455
2463	46421
2463	40153
2464	72882
2464	104852
2465	93414
2466	51934
2466	75939
2466	1495
2466	3162
2467	27945
2467	61504
2467	84941
2468	7745
2468	50690
2468	11473
2468	18750
2468	88256
2468	22141
2468	31459
2468	61912
2468	90266
2468	33860
2468	74843
2468	71620
2468	50634
2468	39790
2468	33194
2468	42293
2468	19222
2468	93401
2469	20339
2470	92689
2471	12135
2471	4397
2471	49085
2471	48966
2471	86236
2471	86304
2471	86342
2471	88102
2471	101426
2471	41580
2471	85615
2471	49085
2471	2402
2472	45239
2472	5424
2472	42143
2472	6173
2473	43007
2473	4599
2473	64397
2473	90358
2473	90388
2473	62438
2474	31791
2474	99170
2474	99171
2475	28887
2475	10084
2475	27990
2475	13714
2475	50492
2475	59972
2475	9633
2475	8257
2475	83870
2475	24801
2475	14026
2475	35299
2475	8771
2475	19131
2475	2757
2475	27808
2475	33054
2475	10545
2475	63983
2475	8925
2475	13714
2475	25252
2475	103866
2475	100462
2475	8497
2475	8854
2475	65309
2475	103889
2476	4958
2476	69917
2476	4663
2477	94263
2477	99041
2478	68873
2479	1961
2480	79500
2481	34417
2481	42143
2481	67095
2481	89072
2481	89589
2481	844
2481	86246
2481	45771
2481	97089
2481	7172
2481	43859
2481	23192
2481	55712
2481	6578
2481	54768
2481	20020
2481	85066
2481	105253
2482	66312
2482	385
2482	16935
2482	55660
2482	75055
2482	5717
2482	97538
2483	13656
2484	4777
2484	81920
2484	76589
2484	2472
2484	42048
2484	107811
2484	87774
2485	1243
2486	20166
2486	98439
2487	126
2487	75625
2488	76172
2489	84555
2489	3486
2489	64895
2490	68543
2490	82714
2490	30514
2490	23787
2490	16248
2490	33540
2490	58520
2490	12560
2490	102737
2490	54958
2490	30145
2490	21167
2491	28027
2491	53067
2491	88541
2492	278
2492	4757
2492	18784
2492	18962
2492	3202
2492	100166
2492	33837
2493	89571
2493	30759
2494	32275
2494	46743
2494	85724
2494	86222
2494	94077
2494	57747
2494	95491
2494	95500
2494	95506
2494	460
2494	6652
2494	103743
2495	20755
2495	64057
2495	107320
2496	85415
2496	235
2496	2893
2497	78665
2497	30547
2497	3402
2497	97814
2497	101848
2497	85773
2497	106697
2497	106698
2497	72832
2497	111553
2498	91315
2498	96154
2498	17023
2498	68755
2498	83453
2498	30397
2498	12345
2498	69769
2498	18129
2499	31966
2499	97522
2500	83312
2500	91267
2500	96948
2500	15174
2500	92990
2500	70105
2500	49337
2501	99421
2502	51566
2502	62347
2502	82786
2502	3181
2502	18385
2502	86865
2502	28410
2502	32613
2502	16156
2502	55877
2502	44019
2502	68136
2502	94791
2502	70125
2502	67877
2502	85936
2502	97063
2502	75362
2502	97895
2502	59724
2502	22330
2502	2491
2502	7560
2502	1248
2503	98052
2503	14485
2503	98078
2503	3660
2504	26293
2504	20485
2504	23940
2504	88594
2504	91287
2505	11569
2505	7685
2506	13954
2506	22911
2506	102435
2507	5901
2508	17140
2508	25392
2509	87635
2509	10884
2510	6161
2510	29461
2510	33808
2511	8267
2511	23799
2511	37218
2511	90105
2511	18671
2511	92294
2511	90576
2512	52611
2513	14764
2513	4370
2513	13027
2513	100852
2513	100853
2513	56856
2513	105793
2514	7389
2515	25234
2515	1131
2516	25669
2517	36281
2517	71895
2517	100194
2518	69063
2518	24480
2518	102687
2518	25748
2519	26653
2519	6078
2519	50540
2520	55679
2521	38627
2521	86555
2521	7164
2521	86934
2521	86935
2522	83535
2522	15941
2522	1011
2522	1817
2523	59967
2524	92653
2525	98095
2525	98108
2525	99253
2526	94621
2526	94654
2526	103513
2527	4404
2528	3085
2529	13714
2529	7521
2529	9428
2530	4033
2530	10454
2530	48913
2530	29125
2531	83726
2531	69199
2531	26221
2531	684
2531	94554
2532	4969
2532	8330
2532	34257
2533	97447
2533	102827
2534	8738
2534	70503
2534	5286
2535	50591
2535	59752
2535	93297
2535	94717
2535	10190
2535	7613
2535	94863
2535	10252
2535	95082
2535	95790
2535	85475
2535	50591
2535	62545
2535	15040
2535	105474
2535	105475
2535	13080
2535	4483
2535	11540
2535	69261
2535	97485
2535	1918
2535	50591
2536	49263
2536	40270
2536	42767
2536	10258
2536	8014
2536	86935
2536	59735
2536	101508
2536	6236
2536	4031
2536	15551
2536	102820
2536	102831
2536	1306
2536	6697
2536	72688
2536	110532
2536	14917
2536	83739
2536	8440
2537	73549
2537	84776
2537	86796
2537	40663
2537	26632
2537	5333
2537	86945
2537	87364
2537	87396
2537	74120
2538	94573
2538	94574
2539	8748
2540	14603
2540	17571
2541	83254
2541	43433
2542	38428
2542	1000
2543	85922
2543	53391
2544	92936
2544	93053
2544	93802
2544	94730
2544	95608
2545	50591
2545	3707
2545	61306
2545	73765
2545	77671
2546	14255
2546	91623
2546	96098
2546	51630
2546	100505
2546	27638
2546	60281
2547	8203
2547	5670
2548	31183
2548	78017
2548	1742
2549	6003
2549	83409
2549	80647
2549	4945
2549	94173
2549	26127
2550	91563
2551	83720
2552	87230
2553	36245
2553	89147
2554	78481
2555	38799
2556	83061
2557	16410
2557	8912
2557	63085
2557	45771
2558	4458
2558	97392
2559	3819
2559	93131
2560	89487
2560	96739
2560	94174
2561	87219
2561	1011
2561	26400
2561	92075
2561	440
2561	12056
2561	101537
2562	23861
2562	83202
2562	83129
2562	21579
2562	2215
2562	88893
2562	84630
2562	92808
2562	3805
2562	8808
2562	10130
2562	83129
2562	53829
2562	87730
2562	99826
2563	97095
2564	56011
2565	4442
2566	80722
2566	105737
2567	85826
2567	85827
2567	99504
2567	102584
2568	29470
2568	68754
2569	25254
2569	23309
2569	27095
2569	6045
2569	25254
2569	33275
2569	112051
2570	20448
2571	48065
2571	24056
2571	100734
2571	8888
2571	61228
2572	82984
2572	16874
2572	71201
2572	100499
2573	107783
2573	9936
2573	91027
2574	36669
2574	75758
2575	518
2576	80378
2577	67989
2577	4732
2577	401
2578	86497
2578	91972
2578	21507
2578	356
2578	99179
2579	278
2579	104042
2580	708
2580	10449
2580	56054
2580	230
2580	319
2580	18167
2581	56414
2582	94839
2583	6652
2583	86125
2583	83263
2583	89787
2583	801
2583	89996
2583	33926
2583	412
2584	91525
2584	91526
2585	88615
2585	88616
2585	62597
2585	88617
2585	88618
2585	36577
2585	89225
2585	89226
2585	89227
2585	98764
2585	98803
2585	102917
2586	68325
2587	49772
2587	85692
2587	62367
2587	87692
2587	87693
2587	87694
2587	54447
2587	7640
2587	96883
2587	97824
2587	97825
2587	99095
2587	99096
2587	104034
2587	50479
2587	7638
2587	49772
2587	109233
2587	15346
2588	81473
2588	34727
2589	110959
2589	29554
2590	230
2590	85611
2590	86617
2590	61917
2590	32989
2590	98382
2591	84270
2592	48740
2592	53986
2592	14962
2592	89599
2593	81820
2593	71825
2593	13704
2593	105182
2594	4302
2595	24221
2595	75884
2595	195
2595	3542
2595	18840
2596	14026
2596	32645
2596	60985
2596	18595
2596	407
2597	9058
2598	75433
2598	99352
2598	55140
2598	99353
2598	106662
2599	59140
2599	40259
2599	34282
2599	26648
2599	80596
2599	41909
2599	15788
2599	2277
2599	106
2599	70470
2599	101706
2599	1961
2599	103196
2599	71661
2599	5060
2599	83437
2599	107748
2599	8418
2600	9467
2601	81628
2602	8132
2602	28300
2602	99407
2603	45239
2604	83743
2604	17720
2604	93664
2605	92275
2606	106766
2606	345
2606	19861
2606	4950
2606	10556
2606	110033
2606	38777
2607	81177
2607	75353
2608	7116
2609	65978
2610	13832
2610	4327
2610	97289
2610	82220
2611	79254
2612	23341
2612	80674
2612	20104
2612	3813
2613	38381
2613	85757
2613	52240
2613	69545
2613	98358
2614	39617
2614	83459
2614	5298
2614	79386
2614	83517
2614	98783
2614	19951
2615	26796
2616	7521
2617	90299
2617	40572
2618	9198
2618	21487
2619	83493
2620	48836
2620	19538
2621	8176
2622	24566
2622	53270
2622	9450
2622	105125
2623	40358
2623	74635
2623	97348
2624	87726
2624	87869
2625	34282
2625	45999
2625	100663
2625	4138
2625	246
2626	23776
2627	39385
2628	95429
2628	1605
2628	6655
2628	36120
2628	106418
2629	75771
2629	102977
2630	98690
2630	32539
2631	35964
2631	74393
2631	92158
2632	5863
2632	76063
2632	89149
2632	89150
2632	84501
2633	30369
2633	10590
2634	2900
2634	92759
2635	67041
2636	13779
2637	84279
2637	85066
2637	98450
2638	4032
2638	51654
2638	34282
2638	80001
2638	91521
2639	1360
2640	10453
2641	100944
2641	71190
2641	75845
2642	84208
2642	101428
2643	83701
2644	89173
2644	782
2644	89182
2644	76139
2645	61031
2646	12183
2647	89118
2647	80026
2647	31949
2647	31948
2647	71568
2647	80026
2647	19668
2648	28433
2649	80259
2650	90507
2650	34619
2651	4033
2652	27417
2652	102803
2653	17422
2653	986
2654	81393
2655	20197
2655	51072
2655	99581
2656	83873
2656	83874
2656	83875
2656	83897
2656	84294
2657	6103
2658	708
2659	87089
2659	87090
2659	87091
2659	74808
2659	98732
2659	98733
2659	11541
2659	34730
2659	7630
2660	68540
2660	33052
2660	24823
2661	412
2661	84476
2661	409
2661	42143
2662	87248
2662	47712
2663	46592
2664	49198
2664	9266
2664	65229
2664	40795
2665	4907
2665	85256
2666	5463
2666	26499
2667	94290
2667	104615
2668	576
2668	22046
2669	36481
2670	54196
2671	11
2671	27990
2672	10931
2672	29118
2673	6699
2674	95248
2674	95303
2675	89787
2675	86259
2676	94883
2676	35813
2676	85601
2676	86378
2676	31034
2676	96120
2676	32397
2676	63047
2676	84414
2676	4668
2676	79372
2676	104397
2676	4674
2676	86378
2676	104398
2676	104512
2676	63091
2676	67818
2676	63802
2676	110765
2676	30888
2676	110399
2676	74296
2677	73500
2678	84684
2678	84863
2678	85660
2678	85918
2678	99250
2679	86759
2679	6122
2679	79876
2679	99517
2679	4026
2680	15164
2680	84562
2681	2224
2681	21034
2681	4935
2682	83672
2682	56996
2682	76697
2683	11600
2683	3782
2683	42839
2683	17068
2684	83068
2684	83069
2684	48909
2685	992
2685	15000
2686	28322
2687	21426
2688	81776
2688	63012
2688	93749
2689	9070
2689	51843
2689	784
2689	84145
2689	10302
2689	14797
2689	96485
2689	76272
2689	4456
2689	4967
2689	16394
2689	98696
2689	17048
2689	4302
2689	51819
2690	95277
2690	6400
2690	25503
2690	20763
2690	38182
2691	84184
2691	84185
2692	23358
2692	6443
2692	44277
2692	91867
2692	2872
2692	34548
2692	2193
2692	34455
2692	4719
2692	5242
2693	126
2694	89867
2695	3739
2695	97085
2695	28164
2695	18095
2695	2848
2696	1994
2697	74290
2698	98491
2698	67368
2698	53025
2698	28377
2698	20020
2698	35428
2698	99252
2699	2470
2699	97480
2699	97585
2700	10719
2701	34003
2702	85107
2702	85456
2702	25502
2702	97056
2702	97389
2703	21877
2704	88042
2704	89129
2705	94766
2705	51844
2705	16495
2705	106982
2705	64954
2706	23079
2706	1824
2706	1207
2706	4032
2706	19153
2706	4104
2706	37868
2706	12102
2706	103489
2707	53264
2707	45539
2708	37342
2708	6295
2708	55084
2708	1620
2708	356
2708	97657
2708	2325
2708	8748
2708	7860
2708	103296
2708	10205
2709	9756
2710	6057
2710	11503
2710	38023
2710	9264
2710	35248
2711	2862
2712	31259
2712	2800
2713	94254
2713	1355
2714	24224
2715	92521
2715	92531
2716	71799
2717	2039
2717	67877
2717	40504
2717	92023
2717	102304
2717	17555
2717	47778
2717	107296
2718	79165
2718	97628
2718	105165
2718	55983
2719	3220
2719	91767
2719	10335
2719	76272
2720	5845
2720	53674
2720	1548
2720	24322
2720	93502
2721	76859
2722	89529
2723	50655
2723	94253
2723	50391
2723	106358
2723	8238
2724	44263
2725	71928
2725	21987
2726	57984
2727	58918
2727	99500
2727	3538
2728	32636
2728	93380
2728	33054
2729	86383
2729	86463
2729	92684
2729	12356
2730	99018
2730	44241
2730	105404
2730	73997
2730	56019
2731	28941
2731	87072
2731	28942
2731	89531
2731	30020
2731	57856
2731	48463
2731	33348
2731	5540
2731	37967
2731	54179
2732	10020
2733	15567
2733	9768
2733	95722
2733	48641
2733	962
2733	17580
2733	95763
2733	42152
2733	101195
2733	18599
2733	13429
2733	104943
2733	3597
2733	87585
2733	105013
2734	103233
2735	33992
2735	4302
2736	32073
2736	106774
2737	59201
2738	3210
2738	59730
2738	16038
2738	101834
2738	89979
2739	2256
2740	99545
2740	36466
2740	107022
2741	13878
2741	13771
2742	5922
2742	45227
2743	19924
2744	39957
2745	96082
2746	4189
2746	20923
2746	29962
2747	12921
2747	41905
2747	3820
2748	103007
2748	24979
2749	2888
2750	51214
2751	67479
2752	36173
2752	10227
2752	45149
2752	2813
2752	29898
2753	43095
2753	17301
2753	62181
2754	52180
2754	104839
2754	104840
2754	34727
2754	46679
2754	108267
2755	87547
2755	87548
2756	97621
2757	38799
2757	918
2757	101382
2758	5301
2758	20275
2758	33263
2758	78663
2759	70868
2759	30645
2759	92670
2759	104673
2760	17338
2760	50437
2761	11266
2762	69785
2762	65923
2762	102289
2763	84225
2763	56011
2764	83627
2764	97207
2765	16592
2766	94304
2766	488
2767	17033
2767	47339
2767	20930
2767	16624
2768	85641
2768	27192
2769	32844
2770	4443
2770	85066
2770	11025
2771	13301
2771	100301
2772	48095
2772	16587
2772	45239
2773	48612
2773	17729
2774	39113
2774	6920
2775	2079
2775	80838
2775	89955
2775	67877
2775	98439
2775	20652
2775	61242
2775	40441
2775	4104
2775	17467
2775	7715
2776	102751
2777	86031
2777	3612
2777	51690
2777	32218
2777	44492
2777	45116
2777	65732
2777	84566
2777	6449
2777	2492
2777	34908
2777	90407
2777	41588
2778	89727
2778	75343
2778	89808
2778	15087
2779	795
2780	78175
2780	93286
2781	3472
2781	84303
2781	84304
2782	7381
2783	37532
2784	57808
2784	7144
2784	192
2784	71817
2785	76829
2786	18599
2786	57902
2786	67272
2786	106950
2787	28985
2787	107010
2787	13310
2787	8287
2787	2216
2787	86913
2788	33926
2788	307
2789	16753
2789	72696
2789	2912
2789	4873
2789	86887
2789	21516
2789	98377
2789	98390
2789	56452
2789	17264
2789	85685
2789	8118
2790	5424
2790	27673
2790	86787
2790	1722
2790	33876
2790	7747
2790	4838
2790	45239
2790	19246
2790	97033
2790	104877
2791	96919
2792	94520
2792	94590
2792	94671
2792	94672
2792	37673
2793	29902
2793	89271
2793	100717
2793	53174
2793	21450
2793	110107
2794	42209
2794	12321
2794	13855
2794	7457
2794	92554
2795	49988
2795	9010
2795	92622
2795	92623
2795	92700
2795	80690
2795	7615
2795	93942
2795	18593
2795	50287
2795	94098
2795	84792
2795	19975
2795	92622
2796	48641
2796	18254
2796	26264
2796	29129
2796	13555
2796	67220
2797	19194
2798	1920
2798	89848
2798	78315
2798	85641
2798	736
2798	21216
2798	72552
2798	4657
2798	5264
2799	92352
2799	103331
2800	27689
2800	15087
2800	35873
2800	20791
2800	16051
2800	36630
2800	18034
2800	3575
2800	10702
2800	108569
2801	3421
2801	85904
2802	84993
2802	62546
2802	85003
2802	86519
2802	86578
2802	56592
2802	97106
2802	101514
2802	103450
2803	67877
2804	92584
2805	64005
2805	89894
2805	11158
2805	92541
2806	30356
2807	12921
2808	74166
2808	14228
2808	11009
2808	15474
2809	4896
2809	66443
2810	48033
2810	83987
2811	2091
2811	93533
2811	35370
2811	93583
2811	13058
2811	33325
2811	95353
2811	95354
2811	5252
2811	12959
2811	41363
2812	91045
2813	69769
2813	32073
2814	87207
2815	18702
2816	31226
2816	94401
2817	7601
2817	3122
2817	49368
2817	45476
2817	4629
2817	78911
2818	60008
2819	29058
2820	86999
2820	1306
2821	34810
2821	92255
2821	87183
2821	39273
2821	4720
2821	106594
2821	99680
2822	87741
2822	4340
2822	45799
2822	13854
2822	44324
2822	41176
2822	93953
2822	20460
2822	7295
2822	12498
2822	98531
2822	28959
2822	98869
2822	5621
2822	90075
2822	34502
2822	20460
2822	30536
2822	102915
2822	106688
2822	64393
2822	107921
2822	9497
2823	52070
2823	85813
2823	2201
2823	53107
2823	88462
2823	88484
2823	7260
2823	39206
2823	94304
2823	84630
2823	102177
2823	61967
2823	39956
2823	102189
2823	85347
2823	4911
2823	87815
2823	3019
2823	106119
2823	111956
2824	13069
2824	83383
2824	18400
2824	27831
2824	13069
2824	5750
2825	59573
2826	85966
2826	61242
2826	87528
2826	18919
2826	106094
2826	965
2827	92654
2828	1585
2828	1471
2828	14553
2828	68910
2829	84610
2829	28470
2829	42152
2830	25262
2830	67283
2830	97382
2830	67095
2830	95976
2830	62770
2830	15878
2831	91912
2831	20264
2832	27661
2832	87205
2832	36439
2832	120
2832	46667
2832	44802
2832	42209
2832	96594
2832	805
2832	93114
2832	21010
2832	52262
2832	39657
2832	44540
2832	10589
2832	28833
2832	17694
2833	15796
2833	3760
2834	56011
2834	5859
2834	42085
2834	84102
2834	27808
2834	59719
2834	16378
2834	100563
2834	100603
2834	37908
2835	5239
2835	4953
2835	2917
2836	91171
2837	33489
2837	94691
2837	26160
2837	65597
2837	98871
2838	20214
2839	87540
2839	94069
2840	35043
2840	65584
2840	87750
2840	90741
2840	8592
2840	12006
2840	8287
2840	31571
2840	87603
2840	37730
2840	1061
2840	24065
2840	45986
2840	17022
2840	98995
2840	6697
2840	97688
2840	22218
2840	83404
2840	55142
2840	17561
2841	6810
2841	708
2842	26964
2842	1067
2842	5035
2842	45239
2843	88572
2843	88647
2843	88823
2843	46836
2843	107301
2843	8734
2843	107303
2844	13757
2844	98594
2844	99105
2844	83056
2844	25956
2845	2521
2845	92010
2846	87041
2847	4969
2847	10347
2847	5151
2848	84423
2848	50203
2848	4657
2848	33004
2848	28841
2848	69587
2848	1905
2848	8564
2849	23505
2849	76270
2850	59212
2850	56011
2850	3485
2850	5320
2850	16157
2850	97880
2850	19325
2850	58644
2850	230
2850	22960
2850	103250
2850	17153
2850	46205
2850	97484
2850	84101
2851	17040
2851	35643
2851	69279
2852	98519
2853	58515
2853	43706
2854	307
2855	10020
2856	71825
2856	83259
2856	24701
2856	2661
2857	10072
2857	93735
2858	80804
2859	16082
2859	21872
2859	88974
2859	84404
2859	107457
2860	23924
2861	18677
2862	88369
2862	3190
2862	6216
2862	95913
2862	18435
2862	96116
2862	100268
2862	100269
2863	72990
2863	50885
2863	33211
2863	63644
2863	50969
2863	10335
2863	1749
2863	72990
2864	6913
2864	33778
2865	85611
2866	55985
2867	73925
2867	75845
2868	106376
2869	27194
2870	84982
2870	95388
2870	28183
2871	58683
2872	2106
2872	84515
2872	108765
2872	68635
2873	88942
2873	88943
2874	22468
2874	80244
2874	88078
2874	86558
2874	99798
2874	99915
2874	85110
2874	93334
2874	89376
2874	67356
2874	108
2874	26580
2875	11
2875	90728
2876	969
2876	69533
2876	108387
2876	108405
2876	108406
2876	97589
2876	820
2876	97912
2877	40605
2877	22112
2877	84552
2877	84601
2877	26141
2877	56138
2877	98517
2877	29284
2877	22006
2877	104060
2877	104061
2877	104127
2877	104128
2877	104592
2877	104641
2877	104650
2877	108564
2877	77123
2878	61156
2878	97549
2878	97552
2879	30215
2879	7673
2879	36333
2880	96799
2880	96812
2880	96818
2880	16695
2880	12817
2880	9599
2880	96943
2880	16257
2880	11887
2880	97503
2880	82659
2880	56193
2880	21910
2880	101077
2880	100162
2881	89309
2882	89642
2882	83617
2883	95597
2884	42665
2884	90541
2884	44676
2884	108160
2884	412
2885	66155
2885	96864
2885	12293
2885	79547
2885	105291
2885	106088
2885	41909
2885	106116
2885	11648
2885	110236
2886	94350
2886	24409
2886	99763
2886	69434
2886	20122
2887	85514
2887	36017
2887	50914
2887	51718
2887	100157
2887	105382
2887	105498
2887	33561
2887	79415
2888	89702
2889	34803
2889	105234
2889	106721
2890	5071
2890	10077
2891	7302
2891	48730
2891	20173
2891	14402
2891	27051
2891	14984
2891	43197
2891	20173
2892	42785
2893	93816
2893	93817
2893	16352
2894	19432
2895	28827
2895	65426
2895	42660
2895	67877
2895	19342
2895	10182
2895	10453
2895	109666
2895	41013
2896	36308
2897	47919
2898	53529
2898	88765
2898	48065
2898	89540
2898	27990
2898	89894
2898	90015
2898	90019
2898	46150
2898	285
2898	31075
2898	108520
2898	27990
2898	110707
2899	29189
2899	2429
2899	59116
2899	11150
2899	53674
2899	105853
2899	107804
2899	69949
2899	7546
2899	31720
2900	1857
2900	52862
2900	16437
2900	60487
2900	67877
2900	49935
2900	104508
2900	85917
2900	71910
2900	81763
2901	83431
2901	65000
2901	99770
2901	107781
2902	87933
2902	46751
2903	83952
2903	83953
2903	84043
2903	84044
2903	10590
2903	53335
2903	84086
2904	89586
2904	8094
2905	47529
2905	53772
2906	29299
2907	78688
2907	17876
2907	67066
2908	91588
2909	83310
2909	83311
2909	6405
2909	10033
2909	17096
2909	104612
2909	103523
2910	30
2910	83595
2910	83596
2910	15988
2910	48274
2910	95844
2910	74148
2911	36946
2911	2167
2911	92584
2911	99414
2911	99415
2911	17775
2912	91362
2912	103168
2913	761
2913	16691
2914	18741
2915	83910
2915	49954
2915	78154
2915	5682
2915	96502
2915	96512
2915	94537
2915	96528
2915	106195
2916	86894
2916	86895
2917	18020
2917	11359
2917	22334
2918	87719
2918	79480
2919	65309
2919	66443
2919	38230
2919	88366
2920	56204
2921	101535
2921	2472
2921	453
2921	43326
2921	7905
2921	50129
2921	135
2921	28164
2921	81785
2921	111341
2921	83214
2922	49255
2922	54831
2922	71839
2922	92207
2922	79233
2923	69911
2923	55082
2923	103902
2924	84959
2924	98503
2924	98973
2925	22560
2925	41191
2925	5159
2925	25977
2925	84815
2926	85307
2926	85308
2926	28535
2926	60271
2926	20727
2926	56016
2926	87554
2926	12652
2926	12859
2926	60615
2926	95071
2926	16339
2926	1225
2926	1306
2926	15298
2926	27019
2926	7010
2926	81544
2926	6105
2926	19640
2926	15843
2926	4033
2926	37323
2926	42137
2926	108369
2927	72011
2927	88362
2927	25928
2928	38078
2928	32543
2929	34740
2930	18015
2931	4302
2931	11465
2932	527
2932	89450
2932	25740
2933	33995
2933	95381
2934	18784
2934	86679
2934	14786
2934	76145
2934	87054
2935	17497
2936	88711
2936	44818
2936	37138
2936	66668
2936	31727
2936	102062
2936	102063
2936	61541
2936	102064
2936	102924
2937	36370
2937	84915
2937	88948
2937	54125
2937	32842
2937	31053
2937	55130
2937	41298
2938	1645
2938	31377
2938	15036
2938	7144
2938	106428
2938	16080
2938	72107
2938	111784
2938	1645
2939	81559
2939	101316
2940	51654
2941	2800
2942	105043
2943	96494
2944	71488
2944	84870
2944	86161
2944	40182
2944	2027
2944	5920
2944	93203
2944	93536
2944	1959
2944	17482
2944	58882
2945	93093
2945	10478
2946	87332
2946	74546
2946	42934
2947	10501
2947	87997
2947	56011
2947	26325
2947	100459
2947	102909
2947	22834
2947	25674
2948	80278
2948	34417
2948	10250
2948	8757
2948	5859
2949	25643
2949	93806
2949	4528
2950	15341
2950	88366
2950	26734
2951	3195
2951	44520
2951	76860
2951	39795
2951	107154
2952	1805
2953	29458
2953	93404
2953	58300
2953	98951
2953	18854
2954	22222
2954	86228
2954	21233
2954	66
2954	22222
2955	61917
2955	98186
2955	9033
2955	16114
2955	99717
2956	3119
2956	91647
2956	9102
2957	35876
2957	101382
2957	5608
2957	101543
2957	23341
2957	8015
2957	95976
2958	50623
2958	5219
2958	94541
2958	23818
2959	24974
2959	91532
2960	10906
2961	43687
2961	91483
2961	29646
2961	98848
2961	82495
2961	319
2962	77975
2962	2331
2963	29320
2963	84868
2963	7837
2963	88760
2963	2720
2963	27659
2963	103912
2963	177
2963	105341
2963	918
2963	105371
2963	14391
2964	42179
2964	55788
2965	86303
2966	307
2966	83147
2966	3589
2966	18543
2966	13396
2966	90628
2966	92445
2966	18001
2966	100429
2966	1057
2966	12146
2966	30000
2966	104732
2966	2581
2966	83437
2966	84430
2967	7002
2967	64656
2967	993
2968	88958
2969	27095
2970	56715
2970	85040
2971	44027
2971	20268
2971	91887
2971	78047
2971	69001
2971	85575
2971	101438
2971	44265
2971	101701
2971	4809
2971	26876
2972	29651
2972	95058
2973	43805
2974	67332
2974	83647
2974	87680
2974	106642
2975	85575
2975	13771
2975	5818
2976	35318
2976	83324
2976	11421
2976	15307
2976	83603
2976	69638
2976	83622
2976	17695
2976	85303
2976	2789
2976	82290
2977	89457
2978	65383
2978	86287
2979	80244
2980	61339
2981	2338
2982	52435
2983	14648
2983	90387
2983	1306
2983	3068
2983	1633
2984	83137
2984	88933
2984	61639
2984	91689
2984	93146
2984	88291
2984	106058
2985	12062
2985	5816
2985	12210
2985	7492
2986	5859
2986	816
2986	734
2987	60487
2988	90252
2988	35314
2989	53494
2989	14264
2990	11565
2990	53604
2990	88305
2990	50816
2990	4664
2990	103383
2990	103384
2990	103406
2990	103407
2990	103408
2990	103409
2990	103428
2991	43667
2992	88984
2992	81283
2992	18864
2992	96452
2992	3086
2992	85771
2992	43216
2992	111446
2992	111529
2992	111547
2992	36860
2992	111603
2992	45831
2993	13994
2993	33443
2993	104547
2993	59848
2993	108415
2994	86251
2994	86343
2994	86344
2994	86345
2994	86365
2994	24926
2994	9980
2995	84189
2995	30693
2995	92128
2995	72995
2995	92379
2995	93246
2995	94402
2995	94404
2996	103209
2996	70050
2997	44241
2997	35294
2997	100163
2997	32604
2997	100164
2997	4370
2997	21034
2997	5700
2997	1645
2997	65098
2997	66736
2997	2129
2998	2691
2999	5061
3000	83490
3000	32073
3000	54905
3000	35846
3000	102503
3001	20982
3001	14543
3001	3805
3001	62033
3001	6671
3001	106362
3002	45239
3002	56204
3002	97131
3002	85641
3003	85037
3004	6035
3004	81597
3005	23341
3005	41100
3006	10344
3006	51637
3006	35486
3006	70858
3006	101647
3007	98559
3007	101078
3007	101079
3007	101080
3008	91319
3008	91320
3008	26783
3009	85887
3009	12870
3009	3081
3009	1661
3010	67109
3010	79674
3010	104258
3011	23618
3012	53023
3012	30503
3012	69600
3013	96144
3014	5029
3015	86733
3015	9391
3015	76916
3015	47375
3015	38293
3015	39392
3016	4652
3017	101460
3018	34084
3018	11496
3018	27951
3018	79807
3018	4809
3018	93271
3018	33786
3018	32297
3018	4050
3018	12812
3018	15719
3018	41890
3018	17802
3018	104638
3019	6383
3019	26601
3020	11759
3021	56474
3021	7886
3022	16991
3022	42419
3022	46892
3023	89068
3023	89117
3024	69178
3025	83105
3025	59644
3025	73093
3025	103045
3026	5439
3027	29899
3028	50
3028	78175
3028	56204
3028	5157
3028	89341
3028	33487
3028	28113
3028	34743
3028	94431
3028	98905
3028	56204
3028	576
3028	76128
3028	28113
3028	20345
3029	30892
3030	89364
3030	44925
3030	100142
3030	39141
3030	108157
3030	30948
3031	15596
3032	61031
3032	72809
3032	68533
3032	103853
3032	5265
3032	103896
3032	1462
3033	22843
3033	44190
3033	7392
3033	11
3033	45239
3033	67877
3034	6782
3034	15886
3034	89178
3034	103752
3034	4443
3034	99759
3035	216
3035	29030
3035	99688
3036	5670
3037	60993
3037	50695
3037	5056
3037	92129
3037	5733
3038	335
3039	4903
3039	4277
3039	47335
3040	90124
3041	1678
3042	23022
3043	86972
3043	109912
3044	6323
3044	102685
3044	103748
3044	108376
3045	2536
3045	48641
3046	23217
3046	27985
3046	55171
3046	18133
3046	19217
3046	16486
3046	22487
3046	111619
3046	25284
3047	86125
3047	15000
3048	22041
3049	86651
3049	83152
3049	14697
3050	83809
3050	48556
3050	27720
3050	105993
3050	50856
3050	111688
3050	111689
3050	60254
3050	38495
3051	5396
3051	1256
3052	83620
3052	28048
3052	38702
3052	51355
3052	103436
3053	71612
3053	76280
3053	39169
3053	42698
3053	2106
3054	97928
3055	43972
3055	1161
3055	76456
3055	20840
3055	73258
3056	93538
3056	94474
3056	3629
3056	94475
3056	94811
3056	69120
3056	2106
3056	96211
3056	911
3056	5430
3057	49148
3057	59834
3058	55905
3058	21324
3059	14401
3059	5347
3059	40781
3059	92837
3059	27606
3060	56484
3060	87539
3061	45052
3061	85243
3061	77715
3061	21089
3061	5416
3061	63675
3061	101444
3061	105194
3061	105195
3061	106020
3062	10975
3063	7288
3063	9328
3064	8420
3064	77294
3064	43433
3065	87534
3065	60487
3065	91801
3065	83633
3065	68533
3065	56011
3065	56054
3065	13514
3065	36879
3065	2338
3065	7458
3065	11477
3066	71214
3066	104503
3066	458
3067	29791
3068	60582
3068	111081
3068	22606
3069	2314
3069	10356
3070	41582
3071	83266
3071	52060
3071	16355
3071	73567
3071	23317
3071	38042
3071	21256
3072	84056
3072	10835
3073	13339
3074	88212
3074	90926
3074	66704
3074	90947
3074	89345
3074	63511
3074	102454
3074	72697
3074	79950
3074	78089
3074	102966
3074	102967
3074	102968
3074	103088
3074	1462
3074	103089
3074	103152
3075	46294
3075	84132
3076	100083
3076	15298
3077	5922
3077	94272
3077	41
3077	27913
3078	74678
3078	90364
3078	28332
3079	307
3080	104467
3081	31297
3081	34072
3081	4346
3081	76272
3082	17031
3083	16707
3084	5458
3084	42135
3084	96557
3084	96801
3085	36539
3085	9894
3085	68659
3086	49240
3086	25837
3086	25711
3086	37207
3086	29070
3086	4516
3086	87392
3086	80278
3086	48484
3087	95391
3087	5670
3087	15176
3087	25709
3087	6287
3087	19614
3087	95391
3087	30830
3088	2581
3088	100702
3088	79350
3088	73902
3088	50129
3089	22322
3089	518
3089	85807
3089	6035
3089	7836
3089	5702
3089	1147
3089	22322
3089	15373
3090	83505
3090	5242
3091	45719
3091	12028
3092	3486
3092	7309
3092	47403
3092	25491
3092	53479
3092	6944
3092	75712
3093	42017
3093	24765
3094	61068
3094	83485
3095	6351
3096	5746
3096	55188
3096	14489
3096	51073
3097	73801
3098	41011
3098	86887
3098	26228
3099	43861
3099	88180
3099	99691
3099	48755
3099	3064
3099	106598
3100	48013
3100	83306
3100	27233
3100	62972
3100	83561
3100	18796
3100	6496
3100	6120
3100	23374
3101	34816
3101	38497
3101	2314
3101	87126
3101	45421
3102	72495
3102	57261
3102	75931
3102	6287
3102	41913
3103	103127
3103	102428
3104	47550
3104	8735
3104	22855
3104	28942
3104	73801
3104	16634
3104	1630
3105	7260
3105	911
3105	5333
3106	57062
3107	93506
3108	6287
3108	40073
3108	7159
3108	94519
3109	70800
3109	1672
3110	5424
3110	39657
3110	54796
3111	398
3111	34414
3111	59901
3111	48362
3111	3005
3111	14778
3111	6721
3111	49067
3111	43411
3111	11489
3111	34406
3111	25064
3111	68056
3111	61137
3111	3362
3111	1199
3111	83987
3111	58810
3111	2645
3111	43411
3111	37570
3111	63609
3111	93962
3111	96226
3112	100408
3113	10247
3113	44448
3113	38096
3114	72339
3114	79693
3114	56509
3114	33908
3115	84391
3115	39012
3116	6540
3117	67762
3118	92706
3118	175
3119	3068
3119	52880
3119	43372
3119	44980
3119	92718
3120	2445
3120	13366
3120	38668
3120	85473
3120	92419
3120	92450
3120	7295
3120	35323
3120	25676
3120	94444
3120	7288
3120	18918
3120	44190
3120	2445
3120	38668
3120	21610
3120	103699
3121	84416
3121	88236
3122	20196
3122	1531
3122	6325
3123	43787
3124	94028
3124	26264
3124	108986
3125	85283
3125	1111
3125	911
3126	83213
3126	74211
3126	15061
3126	52273
3126	23024
3126	8641
3126	5527
3126	98708
3126	70354
3126	62251
3126	28859
3126	39160
3126	68046
3126	74919
3126	105851
3126	32310
3127	33449
3127	95119
3127	49693
3127	86388
3128	1532
3129	27772
3129	612
3129	32839
3129	93270
3129	1881
3129	9130
3129	93271
3129	37363
3129	1376
3129	99872
3129	61335
3129	8569
3129	99958
3129	100088
3130	78219
3130	41878
3130	34302
3130	93530
3130	96076
3131	35361
3131	3519
3132	83739
3132	40551
3132	96483
3133	38298
3133	20067
3133	1819
3133	14207
3134	69600
3135	70679
3136	85682
3136	100733
3136	49460
3136	105375
3137	12175
3138	94670
3138	25301
3138	108186
3139	9821
3139	83400
3139	8412
3139	16319
3139	19140
3139	30225
3139	7103
3139	21459
3140	88353
3140	90715
3140	9164
3140	65257
3140	50021
3140	74875
3140	73234
3140	5887
3140	64919
3141	63481
3142	45239
3143	91985
3143	70618
3143	104617
3144	14357
3145	12036
3145	6862
3145	34094
3146	5071
3146	6498
3146	68583
3146	55184
3146	30456
3146	81192
3146	53765
3147	6497
3147	61242
3147	96140
3147	6497
3147	101228
3147	67877
3147	165
3148	2997
3148	1202
3149	85066
3149	45239
3150	32945
3151	87424
3152	31094
3152	95125
3152	10421
3153	25562
3153	76203
3153	18838
3153	70723
3154	61818
3155	29696
3155	1127
3155	12149
3155	60985
3155	32645
3155	4032
3155	9190
3155	65726
3155	18595
3156	28827
3157	86002
3157	89833
3157	57668
3158	83289
3158	89621
3158	42651
3158	58064
3158	54711
3159	7576
3160	13171
3161	90706
3161	62775
3161	101478
3162	93501
3162	4950
3162	99084
3162	103819
3162	80996
3163	71522
3163	84177
3163	49220
3163	84318
3163	84319
3163	85102
3163	85103
3163	85194
3163	85769
3163	8540
3164	25709
3164	736
3164	45178
3164	46088
3164	22006
3164	105745
3164	5452
3164	51304
3164	106043
3164	215
3164	2808
3164	107150
3164	895
3164	11465
3165	55497
3165	62011
3165	92696
3165	66689
3165	55497
3165	80375
3165	95149
3165	62011
3165	16723
3165	99751
3165	33324
3165	94456
3165	103529
3165	92591
3166	94172
3166	17609
3167	44004
3168	39385
3169	89912
3170	14803
3170	53737
3170	40063
3170	8443
3170	95174
3170	84591
3170	97475
3171	6397
3172	93433
3173	35258
3173	83149
3173	61242
3173	104154
3173	83799
3173	104155
3173	29381
3174	86415
3174	72011
3175	87834
3175	2675
3176	21674
3177	86020
3177	38090
3177	100060
3177	10115
3177	94256
3178	68237
3179	83078
3179	54619
3179	94095
3180	12184
3181	16555
3181	88250
3182	34572
3182	95746
3183	56011
3183	1278
3183	95772
3184	25085
3184	3819
3184	10560
3185	8737
3186	83693
3186	56343
3186	56053
3186	82974
3186	56735
3186	4643
3186	30466
3186	7002
3186	59245
3186	5214
3187	53619
3188	58683
3189	39212
3189	61242
3189	94981
3190	34287
3190	98591
3190	18352
3191	24131
3191	59685
3191	5662
3192	1475
3192	21944
3192	36511
3192	34465
3192	9467
3192	83831
3193	91469
3194	44069
3194	89733
3194	70226
3194	39519
3195	75459
3195	28765
3196	16670
3197	90650
3197	94318
3197	94319
3197	7797
3197	102580
3197	84334
3197	30470
3197	17555
3197	109785
3198	3202
3198	80380
3198	22112
3199	77329
3199	13855
3199	13778
3199	31380
3199	2833
3199	102250
3199	30029
3199	108181
3200	60602
3200	25900
3200	43767
3200	39479
3200	13754
3201	87847
3202	5251
3203	4397
3204	10708
3204	65740
3204	101798
3204	104623
3205	89745
3205	100576
3205	7061
3206	83795
3206	73065
3207	49097
3208	92004
3208	95253
3208	95254
3208	75196
3208	96763
3208	65313
3208	104925
3209	100812
3209	100813
3210	10395
3210	1548
3210	3839
3210	103844
3210	8518
3210	111607
3211	72011
3211	4969
3211	41081
3212	67546
3212	3142
3212	20166
3213	80307
3213	26488
3214	30
3214	280
3214	83987
3214	23697
3214	84630
3214	41999
3214	80631
3215	17377
3215	97982
3216	33740
3216	105515
3217	30029
3217	27475
3217	918
3217	54523
3218	11080
3219	1471
3220	94597
3220	89376
3220	319
3220	6683
3220	67848
3220	90252
3220	5424
3220	71910
3220	94995
3220	95315
3220	84630
3220	25711
3220	56517
3220	63249
3221	8492
3221	92697
3222	68581
3222	2052
3223	41805
3223	3561
3223	83064
3223	60094
3223	65776
3224	84582
3224	105985
3224	106593
3224	107407
3225	85606
3226	24519
3226	89349
3226	69280
3226	94259
3226	62033
3226	67257
3226	101532
3226	65337
3226	32654
3226	25523
3226	102963
3226	45294
3226	91096
3226	64798
3226	105863
3226	97
3226	88725
3226	1551
3226	107526
3226	94259
3227	93606
3227	3805
3228	96096
3229	16253
3229	5491
3229	19670
3230	5859
3230	558
3230	19341
3230	17068
3231	91859
3231	102918
3231	31854
3231	37923
3231	105601
3231	105602
3231	45709
3231	99175
3231	71779
3232	34530
3232	86608
3232	86633
3232	5721
3232	59140
3232	65613
3232	90494
3232	14315
3232	97079
3232	96376
3232	16204
3232	17284
3232	103882
3232	84827
3232	105297
3233	34727
3233	6399
3233	55042
3234	96515
3235	91814
3235	5746
3236	67574
3236	71607
3236	86887
3236	2634
3236	100444
3237	41221
3238	65164
3239	49256
3240	18310
3241	3481
3242	104741
3242	67679
3242	108241
3242	79939
3242	109973
3242	110732
3242	110733
3243	37209
3244	23341
3245	83791
3245	91434
3246	19000
3247	46515
3247	89596
3247	87055
3247	29118
3247	89622
3247	89697
3247	60579
3247	1070
3247	40913
3248	85641
3248	12427
3249	85612
3250	6782
3250	97426
3251	1633
3252	86831
3252	38778
3252	41050
3253	93033
3253	99728
3253	100235
3253	100250
3253	20158
3253	110092
3253	53390
3253	110093
3253	110094
3253	57615
3253	110202
3254	99489
3255	51348
3255	89954
3255	97739
3255	77250
3255	11806
3255	37539
3255	99437
3255	67546
3255	53237
3256	1008
3257	84706
3257	87362
3257	87363
3257	91870
3258	72364
3258	88095
3258	88595
3258	88596
3258	85635
3258	15142
3258	14688
3258	88969
3258	89234
3258	89653
3258	48328
3258	23320
3258	80380
3259	11737
3259	47837
3259	71607
3259	4302
3259	27673
3259	87178
3259	1243
3260	88197
3260	62017
3260	29696
3260	89112
3260	60633
3260	30664
3260	67310
3260	11515
3260	79620
3260	78495
3260	99913
3260	75506
3260	100844
3260	101087
3260	50909
3261	28952
3261	10080
3261	15747
3261	58300
3262	89658
3262	86133
3262	89795
3262	39104
3262	15825
3262	24876
3262	93606
3262	12921
3262	31401
3262	105072
3262	14376
3262	105158
3262	107988
3262	10063
3262	55181
3262	43444
3262	14366
3262	62435
3262	108219
3262	19640
3262	3319
3263	64919
3263	19676
3263	8830
3264	6721
3264	58044
3264	5723
3264	1187
3264	99118
3264	32529
3264	104138
3264	14662
3264	9769
3264	104315
3264	9568
3265	92958
3266	16715
3266	83965
3266	26669
3266	48084
3266	2993
3266	85556
3266	5080
3266	17398
3267	8738
3268	64651
3268	12809
3268	14014
3268	96006
3269	418
3269	6737
3269	926
3269	10108
3269	13785
3269	97781
3269	97782
3269	29125
3270	2997
3271	47516
3271	83717
3271	94276
3272	25076
3272	54954
3273	41757
3273	100995
3274	29324
3274	39978
3274	84481
3274	12039
3274	58231
3274	25172
3274	3366
3274	16818
3274	5989
3274	98936
3274	3367
3274	99034
3274	10453
3275	84293
3275	26568
3275	488
3276	56011
3277	84906
3277	42360
3277	16347
3278	3233
3278	82661
3278	14059
3278	2948
3279	84000
3279	85343
3279	70149
3279	8400
3279	14345
3279	5811
3279	85360
3279	11473
3280	74393
3280	65846
3280	23341
3281	5875
3281	49960
3281	5804
3281	98932
3281	5177
3281	99303
3281	104204
3282	8400
3282	89965
3282	94216
3282	67877
3282	27744
3282	98381
3283	10631
3283	1165
3283	37733
3283	89045
3283	84406
3283	18333
3283	91401
3283	34816
3283	78219
3283	10631
3284	94752
3284	43602
3284	8394
3284	34233
3284	32862
3284	65972
3284	55181
3284	11995
3284	2600
3284	21119
3284	79295
3284	32860
3284	102216
3284	58675
3284	37823
3284	102227
3284	102228
3284	277
3284	5396
3284	6726
3284	14854
3284	2557
3284	98123
3285	30665
3285	67834
3286	25257
3287	5424
3288	64377
3288	6057
3288	87681
3288	75567
3288	67685
3288	13669
3288	32917
3289	98929
3289	100027
3289	101469
3290	90227
3291	8490
3291	91671
3291	27079
3291	18090
3291	85770
3291	36281
3291	105905
3291	25709
3292	93168
3292	93182
3292	37323
3292	76097
3292	43593
3293	7458
3293	85930
3293	89798
3294	8775
3295	93594
3295	72270
3296	24760
3296	93842
3297	24481
3297	104771
3297	104864
3298	32222
3298	73404
3299	10559
3299	58451
3300	15676
3300	45987
3300	103487
3301	72291
3301	6441
3301	56638
3301	93920
3301	93921
3301	33580
3301	93946
3301	93059
3302	89255
3302	67877
3303	5478
3303	69866
3303	23654
3303	107264
3303	90813
3304	84681
3305	12296
3305	72678
3305	10619
3305	12808
3306	11122
3307	27689
3307	4758
3308	66555
3308	68836
3309	76135
3309	50838
3309	102790
3310	90668
3310	98611
3310	109824
3310	109825
3310	58988
3310	28010
3311	6950
3311	916
3312	97083
3312	96265
3312	101263
3313	29285
3313	607
3313	9913
3314	97033
3315	1428
3316	82661
3316	2420
3316	72665
3316	86950
3316	1473
3317	5211
3318	94836
3318	13580
3318	91862
3318	7927
3318	4784
3319	3220
3319	15316
3320	62601
3320	45423
3320	61512
3320	90
3320	4969
3320	70462
3320	56087
3320	97032
3320	7002
3320	97051
3320	98171
3320	19246
3320	98263
3321	74981
3321	14908
3322	76307
3322	63393
3322	65559
3322	93334
3322	45915
3322	107720
3322	7277
3322	71830
3323	77971
3323	22952
3324	48802
3325	57700
3325	89259
3325	2888
3325	53745
3325	14248
3325	48310
3325	30855
3325	90004
3325	23841
3325	90071
3325	85515
3325	59245
3325	90072
3325	90220
3325	90221
3325	90234
3325	90235
3325	632
3325	1314
3326	82950
3327	11287
3327	76757
3327	69512
3327	41
3327	20084
3327	112315
3328	1225
3329	99390
3329	49000
3330	92428
3330	12841
3330	29066
3330	99779
3330	51057
3330	47876
3331	40788
3332	45001
3333	93408
3333	97017
3333	22286
3333	34426
3334	5811
3334	51060
3334	32219
3334	3267
3334	78432
3335	42667
3335	79901
3335	91903
3335	37431
3336	88190
3337	4324
3337	3674
3338	72244
3338	7494
3339	98330
3339	99114
3340	89986
3340	89987
3340	90171
3341	43612
3342	20652
3342	50491
3343	52434
3343	91300
3343	19861
3343	6224
3343	6097
3344	46858
3344	25900
3344	66
3344	80990
3345	1886
3345	41013
3345	1306
3345	100042
3345	98840
3345	39255
3345	7483
3346	72699
3346	55207
3346	72965
3347	55896
3347	18515
3347	8912
3347	85888
3347	32076
3347	100491
3347	100495
3348	65074
3348	26228
3348	2428
3348	307
3349	95642
3349	9894
3349	52435
3349	36766
3349	106917
3350	35239
3350	92311
3350	32506
3351	78049
3352	86758
3352	8027
3353	736
3354	1846
3354	69142
3354	6148
3355	32839
3356	8257
3357	29162
3357	7737
3357	109812
3357	71659
3357	48948
3357	37868
3357	20943
3357	42320
3357	37054
3358	82953
3358	82999
3358	83000
3358	31210
3358	86428
3358	86485
3358	72422
3358	75724
3358	82953
3358	96159
3359	52383
3359	1306
3359	80631
3360	12804
3360	6761
3360	95684
3360	67356
3360	11161
3360	101032
3360	52435
3360	36891
3360	88759
3360	6694
3360	71142
3361	84001
3361	38233
3361	51960
3361	28833
3361	5029
3361	2699
3361	92362
3361	44911
3361	3673
3361	1207
3361	53365
3361	103399
3361	8535
3361	104468
3361	105220
3362	15845
3362	32111
3363	10585
3363	57896
3363	3606
3363	9630
3363	95297
3364	49306
3364	19445
3365	2277
3365	73464
3365	82366
3365	418
3365	98444
3366	77452
3367	23030
3367	98380
3368	33222
3368	87683
3368	81500
3368	38048
3368	101309
3368	31815
3368	17744
3369	1475
3369	71968
3370	28570
3371	14917
3371	3832
3371	51029
3371	2256
3371	17881
3372	86255
3372	15799
3372	5787
3372	104825
3372	18069
3372	55822
3373	5703
3373	25866
3373	41633
3373	4055
3373	2279
3373	53147
3373	31119
3374	33703
3374	11079
3374	82209
3374	91951
3375	412
3375	5876
3375	6167
3376	38682
3376	44509
3376	87031
3376	86560
3376	24470
3376	98146
3376	98176
3377	29668
3377	2123
3378	18121
3378	108544
3379	9068
3379	41894
3380	41353
3381	26031
3381	94857
3381	92384
3382	1994
3383	83308
3383	11613
3383	27593
3383	83616
3383	13980
3383	52342
3384	91654
3385	33045
3385	15062
3385	73825
3386	5980
3386	43170
3387	97328
3387	101287
3387	37802
3388	7117
3389	29518
3389	24489
3389	15662
3389	43479
3390	85976
3390	26094
3390	5218
3390	29809
3391	42693
3391	88330
3391	42592
3391	88331
3391	1827
3392	15500
3392	12062
3392	96503
3392	46124
3392	96535
3392	98644
3392	2535
3392	46282
3392	59311
3392	12452
3392	111047
3393	72011
3393	84641
3393	10020
3393	15817
3394	91308
3395	16753
3395	78760
3395	69143
3395	4848
3396	83152
3397	94223
3398	84131
3398	87047
3398	85128
3398	41990
3398	92426
3398	5216
3398	4899
3398	8042
3398	31151
3398	16826
3398	12139
3399	8244
3399	82842
3399	86984
3399	87026
3399	6005
3399	67365
3399	24535
3399	4047
3399	24320
3399	7213
3399	92675
3399	92699
3399	7301
3399	109962
3400	2385
3400	86086
3401	10156
3401	36477
3401	6363
3401	97027
3401	5028
3402	32216
3402	5004
3402	108847
3402	38440
3402	108854
3403	29807
3404	83058
3404	48290
3404	83575
3404	84786
3404	26605
3404	52088
3404	52273
3404	33320
3404	30232
3404	88517
3404	88730
3404	72135
3404	98015
3404	15061
3404	73356
3405	4536
3405	11594
3406	49249
3406	22191
3406	25060
3406	7600
3406	9478
3406	56573
3406	7288
3407	722
3408	2351
3409	68403
3409	28125
3409	46978
3410	12721
3410	90093
3410	76524
3410	99377
3410	44128
3410	66888
3410	15860
3411	77799
3411	6018
3411	109767
3411	109779
3411	67899
3411	36393
3411	109837
3411	18352
3411	34220
3412	52173
3412	2391
3412	85206
3412	89274
3412	89404
3412	86694
3412	52021
3412	33580
3413	2541
3414	3122
3414	58569
3414	99423
3415	11832
3415	34258
3416	33070
3416	74793
3417	4157
3417	17908
3417	30180
3417	19173
3417	99800
3417	1633
3418	11922
3419	108102
3419	108103
3419	98479
3420	20020
3420	105171
3420	67354
3421	44526
3421	19639
3421	16312
3422	28497
3422	33
3422	92565
3422	92763
3422	37944
3422	26821
3422	95731
3422	5298
3422	4349
3422	8842
3422	29712
3422	13103
3422	56328
3422	39202
3422	98439
3422	109303
3422	2833
3423	6035
3423	8569
3424	45049
3424	104260
3424	43799
3424	19872
3424	108208
3424	48920
3425	65000
3426	4047
3426	69327
3426	66044
3426	53351
3427	92188
3427	88680
3427	94631
3427	77630
3428	15206
3429	30850
3430	45996
3430	109217
3430	101055
3431	23845
3432	90044
3432	48612
3432	30635
3432	93334
3432	26580
3433	8412
3434	94914
3435	16798
3436	38852
3436	92144
3436	6827
3436	19248
3436	64903
3436	88856
3436	104164
3436	15596
3436	95081
3436	60222
3437	31712
3438	13900
3438	4674
3438	74922
3439	90116
3440	7367
3441	97060
3441	40340
3441	97061
3442	6781
3442	1551
3443	10000
3443	56055
3443	83501
3444	45239
3444	95151
3444	39978
3445	69769
3445	30357
3445	96629
3446	97369
3447	23399
3448	81866
3448	14755
3448	4536
3448	41344
3449	83565
3450	40024
3450	76061
3451	12290
3451	84395
3451	44772
3452	14405
3452	91846
3452	79498
3452	6700
3452	6079
3452	14406
3452	3849
3452	16969
3452	29230
3452	108931
3452	24470
3452	39177
3453	6080
3453	1326
3453	8394
3454	17501
3454	9664
3454	61475
3454	109302
3454	29446
3454	75782
3455	29286
3456	780
3456	679
3457	3081
3457	75980
3457	92200
3457	102618
3458	91129
3458	4809
3459	27584
3460	75210
3461	85110
3462	895
3462	9719
3462	85161
3462	45239
3462	1403
3462	63380
3462	67877
3462	14942
3463	6697
3463	74691
3464	5909
3464	6633
3464	3301
3464	106189
3464	106769
3465	1337
3465	16209
3465	97138
3466	85783
3466	47255
3466	94812
3467	50215
3468	19295
3468	107268
3469	2368
3469	8059
3469	73166
3470	9948
3471	5845
3471	10623
3472	29497
3472	91652
3472	91748
3472	510
3472	104289
3472	45715
3472	44224
3472	41588
3472	14655
3472	24869
3472	13366
3473	21972
3474	25262
3475	31149
3476	4302
3476	43810
3477	61319
3478	40781
3478	4209
3479	60392
3479	92391
3479	94611
3479	60047
3479	13339
3479	60047
3479	27633
3480	82882
3480	85018
3480	88841
3480	98805
3480	88027
3480	106232
3480	104245
3481	46265
3482	91842
3483	102264
3483	96969
3483	97299
3483	43178
3483	30277
3484	87959
3485	45131
3485	83668
3485	61635
3485	98290
3485	26316
3485	62592
3485	107917
3485	41568
3486	6757
3486	22038
3486	3649
3486	111705
3487	92754
3487	96048
3487	51370
3487	106925
3488	84630
3488	110090
3488	17373
3488	5811
3489	57335
3490	25728
3491	71636
3491	87640
3491	88252
3491	89029
3491	8939
3491	67343
3491	49550
3491	67581
3491	35310
3492	5536
3492	22884
3493	5286
3494	69870
3494	51729
3494	101553
3494	24556
3494	101554
3494	45833
3494	110849
3495	18773
3495	2817
3495	44168
3495	63782
3495	4783
3495	4639
3496	20486
3496	33192
3496	95539
3496	77926
3496	20061
3496	100612
3496	95315
3496	33192
3496	101823
3496	104191
3496	7686
3496	41989
3496	4695
3497	12991
3497	41588
3497	92346
3497	26221
3497	3448
3497	96193
3497	20210
3497	96244
3497	81127
3498	100754
3499	68477
3500	3506
3501	10201
3501	94544
3502	47896
3503	13208
3504	34417
3504	639
3504	6503
3504	103359
3504	103360
3504	82607
3504	4809
3504	64920
3504	5844
3504	5670
3504	26400
3505	42644
3505	23505
3505	39571
3506	23321
3506	53413
3506	34235
3506	409
3506	106369
3507	693
3508	54821
3508	54793
3508	1462
3509	89778
3510	40403
3510	75
3510	6003
3511	56735
3511	6143
3511	98498
3512	1495
3512	11608
3512	79097
3512	37377
3513	104395
3514	23295
3515	5999
3515	8912
3516	95569
3516	48740
3516	95601
3516	35910
3516	48641
3517	109457
3517	87815
3517	110439
3517	5177
3518	5333
3518	36398
3518	98954
3519	83124
3520	95955
3520	38178
3521	42644
3522	45991
3522	55152
3522	35706
3523	96979
3523	98350
3524	42644
3524	37364
3525	90085
3526	90697
3526	75701
3527	62329
3527	35324
3527	6040
3528	86962
3529	14015
3529	108433
3529	2279
3530	93908
3530	1826
3530	22777
3530	42190
3530	77002
3530	33992
3530	5451
3530	83272
3530	19664
3530	46215
3530	69702
3530	108850
3530	92517
3531	41953
3531	7701
3531	96482
3531	32529
3532	5424
3533	150
3533	67258
3534	319
3534	16062
3534	649
3534	68184
3534	45239
3535	84708
3535	34616
3535	84709
3536	17589
3536	9656
3536	56011
3537	27327
3538	3162
3539	39385
3539	1165
3539	99941
3539	99964
3539	11
3539	3645
3539	66988
3539	1058
3539	18563
3539	65545
3539	93334
3539	97640
3539	65555
3539	37
3540	85174
3540	85242
3540	25102
3540	25551
3541	16581
3542	84842
3542	2053
3542	62610
3542	40749
3542	32165
3542	31270
3543	56483
3544	4302
3544	36131
3544	3819
3544	55105
3544	85885
3544	90828
3544	31297
3544	75621
3544	93020
3545	83829
3546	307
3547	67877
3548	89943
3548	62860
3548	104441
3549	26674
3550	14753
3550	96014
3550	31604
3550	96053
3550	43859
3550	1239
3550	2052
3551	4780
3552	72809
3552	43433
3552	85723
3553	100023
3553	62363
3553	91938
3554	17033
3555	78342
3556	29056
3556	6326
3556	105582
3557	34437
3557	8607
3557	307
3557	85466
3557	86147
3557	1207
3557	96932
3557	97995
3557	99700
3557	41580
3557	70716
3557	106388
3557	106680
3558	6806
3558	307
3559	28827
3560	90301
3560	90302
3560	90309
3560	23018
3561	91849
3561	91850
3561	94880
3561	94881
3561	94999
3561	95000
3561	52815
3562	86479
3562	86480
3562	86575
3562	11162
3562	91269
3562	1151
3562	19004
3562	92306
3562	35724
3562	48875
3562	95918
3562	95935
3562	38360
3563	101712
3564	100453
3565	6543
3566	23597
3567	13754
3567	15099
3568	57010
3568	91472
3568	55771
3569	1182
3569	86429
3569	11009
3569	68086
3569	25315
3569	1462
3569	94865
3569	106189
3569	106190
3570	11716
3570	46978
3570	81992
3570	101618
3570	15176
3570	6758
3571	85218
3572	65503
3572	32073
3572	5298
3572	47301
3572	66723
3573	56735
3574	85528
3574	34520
3574	92037
3574	103057
3575	87820
3575	576
3576	67785
3576	86886
3576	96846
3576	97638
3576	33704
3576	63787
3577	83152
3577	19855
3577	85113
3577	39066
3577	68458
3577	37276
3577	45859
3578	83510
3578	13027
3578	120
3578	14082
3578	96320
3578	32801
3578	4014
3579	40232
3580	120
3580	28833
3581	26772
3581	26653
3581	4101
3581	100474
3581	100475
3581	51039
3581	87270
3581	50540
3581	43302
3581	14405
3581	32647
3581	109130
3581	109131
3581	62029
3581	111480
3581	49036
3581	111499
3581	111500
3581	109733
3581	111502
3581	111503
3581	111530
3582	8936
3582	36151
3582	5349
3582	71565
3582	37376
3582	8244
3582	105134
3582	7491
3582	58142
3582	79632
3582	100134
3582	10200
3582	12394
3582	51129
3583	32327
3583	84751
3583	94927
3584	3760
3584	7480
3585	86008
3586	6030
3586	13976
3586	76824
3586	8921
3586	15206
3586	85066
3586	72011
3586	6578
3586	103449
3586	18677
3586	85561
3586	5922
3587	76307
3588	4075
3588	102661
3589	15255
3589	84662
3589	102127
3589	102128
3589	8215
3589	107825
3590	679
3590	52534
3590	67877
3590	91063
3590	91070
3591	35324
3592	731
3593	88203
3593	5849
3593	918
3593	45720
3593	78776
3593	8656
3593	23505
3594	15788
3594	35314
3595	36213
3595	63307
3596	81419
3596	16736
3596	93209
3596	68945
3597	66006
3597	55577
3597	91564
3598	41266
3599	7159
3599	92508
3599	42438
3599	92509
3599	12508
3600	83135
3601	97688
3602	87435
3602	84137
3602	23384
3602	107887
3602	28554
3603	34293
3603	60985
3603	91367
3603	3110
3604	58683
3604	1975
3604	6147
3604	8808
3605	80686
3606	8533
3606	46290
3606	5247
3606	10417
3607	91235
3607	14255
3607	104388
3608	31444
3609	42446
3609	15128
3609	49849
3609	87518
3609	62309
3609	106412
3609	60487
3609	106814
3609	92363
3609	106815
3609	52151
3609	75470
3609	16826
3609	106874
3609	106875
3609	106944
3610	79413
3610	7002
3610	67619
3610	14228
3610	68635
3610	7459
3610	12152
3610	6049
3610	861
3610	7748
3610	106362
3610	2472
3610	14963
3610	86125
3610	106607
3610	111132
3610	861
3610	19462
3611	4818
3611	46251
3612	307
3612	53206
3612	6430
3612	95542
3613	1498
3614	38004
3614	84403
3614	1388
3614	15140
3614	81109
3614	88838
3614	103951
3614	15674
3615	192
3615	4969
3615	17621
3615	76961
3615	76307
3616	47393
3616	19217
3616	14231
3616	46691
3617	48855
3617	2800
3618	99721
3618	5424
3619	16798
3619	2276
3620	37714
3621	11558
3621	86020
3622	8160
3622	88498
3622	88520
3622	88521
3622	2052
3622	67877
3622	3304
3623	10488
3624	24737
3624	71863
3625	9328
3625	12921
3626	83245
3626	67819
3626	5338
3627	21292
3627	96819
3627	97840
3627	17061
3627	67392
3627	1118
3627	105420
3628	74355
3628	49241
3628	65140
3628	80075
3628	62601
3628	109357
3628	86020
3629	43684
3629	29788
3629	84527
3630	89489
3630	4562
3630	926
3631	3055
3632	86210
3632	36089
3632	86371
3632	73000
3632	87192
3632	87962
3632	1291
3632	27027
3632	95383
3632	120
3632	13930
3632	18703
3632	98563
3632	46804
3632	16880
3632	10500
3632	57952
3632	8144
3632	43590
3632	15637
3632	56689
3632	43767
3632	106258
3632	98563
3632	25556
3633	6652
3633	96874
3633	99074
3634	68761
3634	99230
3635	43411
3636	1814
3637	6930
3638	35304
3638	40635
3638	63244
3638	45272
3639	19011
3640	67848
3640	6652
3640	68549
3640	26802
3640	1165
3640	95509
3640	86558
3640	70351
3640	93334
3640	87905
3640	67877
3640	38078
3640	97147
3640	18918
3640	21130
3640	4283
3640	3940
3640	26009
3641	87754
3641	5110
3641	94767
3641	99266
3641	29284
3642	83073
3642	61575
3642	10532
3642	4958
3642	58398
3642	8238
3642	97160
3643	46807
3643	105170
3643	106964
3643	56094
3643	107041
3644	38335
3645	72665
3645	44397
3646	8326
3646	24856
3646	959
3646	97907
3646	65951
3647	18024
3647	83726
3647	98640
3647	88341
3648	9367
3648	62791
3649	88795
3649	89429
3649	54864
3649	81015
3649	54614
3649	57961
3649	2803
3649	93086
3649	32645
3649	5290
3650	48362
3650	101325
3650	101329
3651	85162
3651	47649
3652	22163
3653	73304
3653	5776
3653	91660
3653	101081
3653	11079
3654	107792
3654	107793
3655	80125
3655	5393
3655	83761
3655	6575
3655	84443
3655	30948
3655	65488
3656	91402
3656	40781
3656	2276
3656	5292
3656	12445
3656	94958
3656	7322
3656	87038
3656	7657
3656	97205
3656	99891
3656	105725
3656	93552
3656	111664
3656	111665
3657	47433
3657	18187
3657	80390
3658	78663
3659	30759
3659	412
3659	89308
3659	230
3660	108348
3661	84729
3661	68842
3661	26360
3662	344
3662	17342
3662	41550
3663	61653
3663	30830
3664	107402
3664	83726
3664	17227
3664	11130
3664	9328
3664	3646
3664	72155
3664	5723
3664	94484
3664	107880
3665	75325
3666	61242
3666	46957
3666	85034
3666	85406
3666	81390
3666	11343
3666	53865
3666	84530
3666	8917
3666	77102
3666	23341
3667	59074
3667	57978
3668	83508
3668	52622
3668	44249
3668	88453
3668	89073
3668	79044
3668	70248
3668	91444
3668	94639
3668	97977
3668	83508
3668	21635
3668	26778
3668	10038
3668	98125
3668	10489
3668	61544
3668	12661
3668	94639
3669	58583
3669	14050
3669	27857
3669	993
3670	6952
3671	89556
3671	30029
3671	1604
3671	307
3672	72011
3673	57896
3673	89900
3673	96840
3674	85202
3674	35305
3674	85562
3674	85573
3674	94808
3674	94810
3675	96167
3676	12380
3676	13130
3677	3765
3677	9418
3678	38433
3678	11744
3678	90939
3679	83307
3679	81315
3679	98289
3679	41698
3679	46231
3680	68095
3680	26802
3681	68406
3681	95543
3682	11079
3682	6721
3682	6061
3682	91939
3682	37509
3682	24081
3683	26790
3683	100058
3684	20879
3684	4444
3684	16555
3685	6083
3685	104231
3686	19969
3687	83672
3687	2457
3688	89787
3688	22248
3688	90971
3688	90252
3688	94674
3688	65405
3688	12388
3688	57615
3688	45239
3688	94744
3688	55207
3689	83198
3689	75344
3689	98160
3689	79701
3690	7698
3691	61068
3691	1141
3691	89556
3691	66125
3691	94072
3691	6595
3691	106011
3691	106016
3691	106032
3691	35195
3692	34740
3692	16249
3693	15316
3694	83898
3694	95365
3694	104734
3694	33083
3694	13753
3694	104795
3694	105298
3695	87688
3695	993
3695	22192
3695	4163
3695	8376
3695	53302
3695	67443
3696	28981
3696	83409
3696	28397
3696	3376
3696	52921
3696	83663
3696	42360
3696	22181
3696	21153
3696	91150
3696	86834
3697	10407
3697	8541
3697	53123
3697	307
3697	40781
3697	3575
3697	30445
3698	12804
3699	96903
3700	4145
3701	64752
3701	39957
3701	90761
3701	94953
3701	35363
3702	13215
3703	45720
3704	69719
3705	8770
3705	92269
3705	4643
3705	48224
3705	97528
3705	17878
3706	87566
3706	18756
3706	47166
3707	283
3707	62550
3707	1722
3707	88180
3707	88181
3708	32383
3708	85938
3708	36090
3708	100691
3709	89315
3709	89351
3709	15163
3709	106693
3710	54737
3710	60048
3710	93710
3710	2690
3710	108429
3710	109058
3710	2690
3711	83499
3711	56285
3712	28429
3712	65409
3712	45886
3712	22503
3712	100524
3712	100566
3712	9430
3713	66158
3714	2667
3714	5214
3715	56204
3716	86329
3716	37050
3716	92213
3717	46450
3717	55007
3717	62692
3717	45771
3717	79602
3718	91649
3718	54228
3718	92925
3719	13507
3720	2817
3720	44505
3720	31925
3720	71143
3720	4846
3721	33596
3722	38467
3723	38777
3724	65528
3725	56954
3725	83533
3725	87777
3725	88547
3725	31258
3725	22679
3725	41863
3725	13429
3725	7835
3725	92285
3725	68927
3725	58248
3725	88547
3725	98174
3725	53400
3725	82019
3725	100800
3725	3021
3725	7182
3725	39912
3725	22083
3725	13429
3726	53165
3727	97089
3728	25524
3729	89707
3729	89708
3729	41076
3729	1308
3729	91738
3729	28776
3729	94978
3729	94979
3729	56484
3730	86850
3730	86889
3730	36421
3730	91712
3730	22357
3730	67341
3730	65983
3730	111310
3730	111493
3731	90020
3731	51201
3732	56204
3732	4643
3733	4406
3733	23738
3734	21722
3734	51542
3734	13912
3734	6721
3734	85914
3734	5086
3734	67410
3734	5579
3734	228
3734	87475
3734	89954
3734	19299
3734	6611
3734	8443
3734	7798
3734	95576
3734	6721
3734	101985
3734	5579
3734	44809
3734	44150
3734	34406
3734	102120
3735	84568
3735	15609
3735	1197
3735	92520
3735	12170
3735	92603
3735	92620
3735	7386
3736	7771
3737	75320
3737	8187
3737	27588
3737	42438
3738	41011
3738	25562
3738	51231
3738	5442
3738	96217
3738	5241
3738	56022
3739	87502
3739	87503
3739	87504
3739	64871
3740	78293
3740	94336
3740	54165
3741	19519
3742	43433
3743	60967
3744	21184
3745	46858
3746	6794
3746	90901
3746	91042
3747	47730
3748	77933
3748	80905
3749	40757
3749	85062
3749	96837
3749	101676
3750	78457
3750	20196
3750	28212
3750	97419
3751	71701
3751	89787
3751	18323
3751	42644
3751	34654
3751	51542
3752	92231
3752	92543
3753	73353
3753	6685
3754	79975
3754	51939
3754	76583
3754	11010
3754	277
3754	52435
3754	67411
3754	59700
3754	55901
3754	8068
3755	83668
3756	70424
3756	56352
3756	1306
3756	17735
3756	31024
3757	87595
3757	91600
3758	85207
3758	93947
3758	12921
3758	42486
3758	5070
3759	11761
3759	85066
3759	53865
3759	8771
3760	64719
3760	83946
3760	3368
3760	34792
3761	16844
3762	85824
3763	84749
3763	10332
3763	4038
3763	89591
3763	5019
3763	233
3764	34454
3764	9448
3764	45129
3764	1687
3764	70094
3764	15186
3764	90159
3764	90172
3764	90173
3764	92539
3764	11048
3764	71619
3764	3205
3764	7244
3764	100676
3764	2042
3764	20419
3764	40604
3764	100676
3764	35943
3764	72818
3764	35520
3765	95777
3765	44219
3765	98680
3765	98681
3765	48619
3765	106863
3766	13171
3767	3972
3767	40407
3767	15567
3767	29999
3768	70470
3768	69120
3768	6427
3768	51422
3768	33662
3768	60487
3768	83526
3768	93946
3768	67877
3768	103691
3768	41557
3768	84630
3768	7130
3768	86133
3768	56204
3769	24701
3770	6769
3770	83214
3771	53206
3772	83762
3772	23367
3772	92024
3772	44186
3772	55967
3773	13133
3773	17770
3773	95590
3773	35268
3774	40361
3774	41653
3774	21590
3774	101084
3775	11202
3775	20835
3776	97092
3776	97168
3777	31185
3778	576
3778	17068
3778	47835
3778	4516
3779	54796
3779	11800
3779	10767
3780	93908
3780	97220
3781	76724
3781	101719
3782	88694
3783	54768
3783	54523
3783	102524
3784	76289
3784	83987
3785	56285
3786	35914
3787	76270
3787	4400
3788	14358
3788	34417
3788	54885
3788	9458
3789	47295
3789	57416
3789	1455
3790	69
3790	37364
3791	319
3791	87295
3791	7955
3791	30
3791	97279
3791	93096
3791	36850
3791	103216
3791	96950
3792	95055
3793	85066
3794	10894
3795	88935
3795	24472
3795	98214
3796	88494
3796	30455
3797	78457
3797	61242
3797	13939
3797	91484
3797	42644
3797	93861
3797	93881
3798	5204
3799	25360
3800	4047
3801	11049
3801	70000
3802	14783
3802	37393
3802	10687
3803	87909
3803	87910
3803	87996
3804	83987
3804	97639
3804	10071
3804	106891
3804	36794
3805	23494
3805	22736
3806	5755
3807	30762
3807	79964
3807	87689
3807	98583
3807	87689
3808	88174
3808	35740
3808	31229
3808	41212
3808	36836
3808	100765
3808	39069
3808	3129
3808	52503
3809	55121
3809	40370
3809	84181
3809	84196
3809	88776
3809	67790
3809	88777
3809	89287
3809	63034
3809	15422
3809	34711
3809	96337
3809	1015
3809	40370
3809	18959
3809	81763
3809	63034
3810	13431
3810	2471
3810	10453
3810	1337
3811	85130
3811	20772
3811	693
3812	31013
3813	4047
3813	66723
3813	9403
3813	15771
3813	9390
3813	62372
3813	1397
3813	85882
3813	11411
3813	27737
3813	239
3813	21241
3813	7217
3813	34235
3813	92743
3813	76226
3813	92840
3813	29046
3814	25312
3814	79574
3814	98881
3814	99011
3814	16209
3815	93878
3816	83292
3816	67262
3817	68508
3817	7073
3817	40239
3817	18266
3818	67220
3818	3817
3819	862
3819	36281
3819	5020
3819	37607
3819	94897
3819	4657
3820	4112
3821	28206
3821	60048
3822	65485
3822	87049
3822	64705
3822	7599
3822	7492
3822	66700
3822	67096
3822	103894
3823	58428
3823	16774
3823	93872
3823	74802
3824	88426
3824	8841
3824	105303
3824	88426
3825	6603
3825	8199
3826	51913
3826	48706
3826	74124
3826	72918
3826	63950
3826	67992
3826	91052
3826	91060
3826	50634
3826	91987
3826	91994
3826	47117
3827	88686
3828	8221
3828	95343
3829	283
3829	11481
3829	1199
3829	87040
3829	97016
3829	4909
3830	3110
3831	81863
3832	89154
3832	41178
3832	91912
3832	91758
3832	47
3832	58300
3832	18854
3832	95269
3832	48796
3832	13429
3832	101412
3832	13982
3832	6644
3832	36477
3832	4223
3832	105716
3832	6410
3833	37757
3833	31858
3833	15681
3833	31108
3833	69801
3833	83453
3833	38968
3833	98629
3833	101759
3833	53329
3833	24070
3834	5380
3834	10116
3834	67835
3834	69786
3834	70761
3834	5817
3834	100023
3835	71820
3835	103250
3836	60125
3837	73353
3837	56204
3837	99619
3837	24823
3838	24737
3838	81085
3838	29470
3839	97792
3839	63164
3840	24153
3840	87173
3840	81597
3841	6662
3841	55181
3841	18345
3841	96028
3842	5424
3843	4716
3843	19153
3843	64570
3843	72082
3843	32584
3843	44743
3843	64943
3843	104801
3843	104832
3843	81114
3843	4014
3843	97349
3844	83530
3844	26572
3844	21931
3845	52171
3845	78619
3845	33540
3845	81992
3845	71607
3845	4968
3845	17587
3845	41420
3845	33540
3845	94282
3845	41524
3845	44309
3846	60967
3846	3021
3846	24722
3847	12761
3848	93193
3848	93337
3848	93338
3848	14613
3848	102986
3848	112182
3848	45980
3849	23341
3850	85830
3851	56011
3852	55147
3852	60663
3852	6805
3852	70864
3852	8925
3852	94304
3852	96326
3853	76623
3853	41576
3854	9145
3854	15507
3854	28918
3854	30593
3854	8158
3854	42020
3855	603
3855	28263
3855	10244
3855	80638
3855	50620
3855	98808
3855	46858
3856	84605
3856	6363
3856	25803
3856	38295
3856	91872
3856	21760
3856	76468
3856	103809
3857	93991
3858	7134
3858	31210
3858	59383
3859	85650
3859	85688
3859	86798
3859	86799
3859	8418
3859	28406
3859	36828
3859	100345
3859	79221
3860	83730
3861	3557
3861	107114
3861	14278
3861	8673
3861	7274
3861	21631
3861	101490
3861	107162
3862	32240
3863	53829
3863	8962
3863	59420
3864	90403
3864	67029
3865	84502
3865	6880
3865	66847
3865	103065
3866	42246
3866	107804
3866	8255
3866	96668
3866	31437
3867	57416
3867	31111
3867	1994
3867	7821
3867	97161
3867	33393
3867	59471
3867	26595
3867	37187
3868	41576
3869	83524
3870	104762
3870	109312
3871	1633
3871	37935
3871	14449
3871	16146
3871	81595
3872	91809
3873	41129
3874	80244
3874	75951
3874	84219
3874	93039
3874	13218
3874	54953
3874	99914
3874	21192
3874	39255
3874	71360
3874	6603
3874	26264
3875	5693
3875	61811
3876	94700
3877	81471
3877	9264
3878	61242
3878	15376
3879	33540
3880	63782
3880	14942
3880	60589
3881	3922
3882	33054
3883	7758
3883	19829
3884	33458
3884	55987
3885	7190
3885	15735
3886	80415
3887	2012
3888	48406
3888	41358
3889	96023
3890	45647
3890	70365
3890	22789
3890	94565
3890	26411
3890	97486
3890	97777
3890	15140
3891	85383
3892	5062
3892	4539
3892	89395
3892	91464
3892	24814
3892	103972
3892	91507
3892	105998
3892	106095
3892	107180
3892	78530
3892	109888
3893	58187
3894	96449
3894	1455
3894	13089
3894	62548
3895	45239
3895	27082
3895	41011
3896	88675
3896	47
3896	84504
3896	83136
3896	745
3896	6578
3896	12427
3896	67095
3896	13302
3897	8848
3897	64162
3897	3220
3897	89100
3897	13304
3897	56621
3897	25031
3897	20020
3897	28325
3897	72107
3897	41604
3897	70552
3897	95921
3897	101980
3897	36439
3897	59165
3897	101989
3897	1723
3897	17777
3897	111872
3897	35740
3898	27095
3899	14489
3899	73011
3900	97931
3900	7821
3901	16686
3902	39493
3902	39635
3903	4319
3903	109411
3903	7941
3903	85593
3904	22610
3904	101772
3905	63757
3906	10107
3907	85465
3907	108020
3907	29127
3908	19409
3908	48249
3908	67580
3908	104870
3909	83318
3910	92839
3910	98492
3911	11049
3911	30236
3911	18958
3911	56371
3911	98336
3911	98361
3911	5211
3912	92834
3913	10561
3913	285
3913	98281
3914	104688
3914	58042
3915	90560
3915	90561
3916	97820
3917	8183
3918	37946
3918	8998
3918	28356
3918	86346
3918	86347
3918	41706
3918	86394
3919	92642
3919	92643
3919	92678
3919	67558
3919	110426
3919	52351
3919	110448
3919	24859
3919	70837
3919	87192
3919	14279
3919	77592
3919	110466
3920	6907
3920	85384
3921	30679
3921	2281
3922	86352
3922	19575
3922	94177
3922	43612
3922	10140
3922	46113
3922	94669
3922	47733
3922	25086
3922	95190
3922	41454
3922	20755
3923	33786
3923	96446
3923	96994
3923	34616
3923	16229
3923	15040
3923	98496
3923	46755
3923	64458
3924	94868
3924	8778
3925	18109
3925	85302
3925	94518
3925	96998
3925	83043
3925	101540
3925	28842
3925	7290
3925	107859
3926	93887
3926	90706
3926	67427
3926	366
3926	107278
3927	85040
3927	80559
3927	41688
3927	103170
3927	63452
3927	20919
3927	845
3927	46210
3927	4112
3927	9739
3927	61856
3928	45680
3928	83403
3929	4561
3929	98450
3930	112224
3930	112282
3931	1406
3932	10657
3933	104153
3933	12207
3933	70657
3934	84555
3934	89529
3934	46159
3934	48448
3934	34417
3935	95346
3936	86585
3936	2281
3937	42053
3937	7144
3937	29125
3938	73017
3939	15190
3939	100138
3939	21516
3940	83118
3940	4345
3940	57240
3940	71128
3940	93526
3940	100049
3940	105428
3941	93882
3941	44479
3941	62828
3941	96130
3941	81917
3941	1861
3942	18595
3942	15771
3942	1512
3942	74548
3942	1516
3942	4032
3942	73553
3942	94940
3943	1737
3943	92819
3943	92949
3943	418
3943	92962
3943	101507
3943	107643
3943	107644
3943	104251
3943	100409
3944	105021
3945	32073
3945	8191
3945	89132
3945	335
3945	53038
3945	24362
3945	335
3945	32486
3945	97177
3945	103562
3945	3819
3945	12793
3945	4349
3945	1287
3945	59256
3945	18854
3945	4632
3945	105071
3945	16542
3945	101520
3945	6363
3945	101487
3945	89132
3945	612
3946	20345
3946	75805
3946	9836
3946	69591
3946	150
3947	7843
3947	18784
3948	5634
3948	6950
3948	1135
3948	19217
3948	8549
3948	23505
3948	47900
3949	59269
3949	90676
3949	44486
3949	42194
3949	1815
3949	56126
3949	5894
3949	14255
3949	33789
3949	24823
3949	6297
3949	67546
3949	80631
3950	100309
3951	83153
3951	62473
3951	67847
3951	79273
3951	83279
3951	97379
3952	3122
3953	10201
3953	69403
3954	106362
3954	96215
3955	79737
3955	39000
3955	84741
3956	93801
3957	89791
3958	53890
3959	1203
3959	96324
3959	41191
3959	76731
3960	46854
3960	19363
3960	30004
3960	90888
3961	307
3962	88023
3963	88232
3963	88299
3963	81177
3963	111386
3964	64789
3964	56950
3964	94739
3964	13091
3964	50885
3965	83257
3965	7854
3965	39907
3965	1496
3965	47156
3965	55105
3965	1199
3965	80321
3965	16798
3965	102921
3965	28892
3965	39433
3965	96714
3965	71968
3966	24230
3966	87687
3967	86208
3967	86247
3967	69293
3967	59226
3967	93254
3967	18051
3967	100410
3967	95020
3967	15268
3967	17985
3967	93698
3967	98986
3967	56054
3967	63413
3967	100454
3967	100564
3967	100935
3967	15216
3967	86247
3968	100081
3969	7580
3970	99476
3971	1634
3971	16826
3971	33376
3972	82757
3973	57414
3973	7905
3974	56204
3975	92247
3976	60274
3976	52880
3977	50662
3978	33989
3978	85490
3978	85491
3978	85523
3978	85524
3978	85542
3978	85543
3978	10027
3978	85544
3978	85545
3978	87624
3978	43628
3978	87656
3978	87657
3978	24811
3978	81883
3978	87766
3978	27428
3978	104151
3978	7259
3978	107805
3978	97348
3978	6617
3978	107829
3979	88801
3979	108030
3980	70327
3981	58028
3981	92914
3981	92915
3981	58754
3981	97565
3981	98171
3981	83158
3982	13385
3982	59853
3983	5424
3984	84068
3984	13931
3984	1945
3984	86377
3984	37341
3984	57732
3984	35727
3984	81066
3984	105590
3984	70836
3984	10283
3985	40250
3985	4189
3985	86386
3985	87253
3985	69734
3986	30917
3986	85172
3987	9627
3987	52653
3987	2833
3988	52435
3989	9234
3990	24579
3990	7244
3990	23784
3990	66234
3990	48824
3990	56019
3990	7643
3990	34417
3991	10302
3991	89062
3991	1749
3991	25280
3991	43851
3991	82170
3991	87589
3991	4711
3992	43869
3992	57333
3993	44515
3993	89659
3993	55137
3993	91784
3994	10572
3994	33741
3994	101283
3995	92563
3995	59499
3995	95378
3995	56196
3995	48002
3995	95478
3995	2773
3995	926
3995	48565
3996	5349
3997	20010
3998	18015
3998	37364
3999	35616
4000	85153
4001	14015
4001	53865
4001	6697
4001	6944
4001	1633
4002	36912
4003	61242
4003	81085
4003	95278
4003	43924
4003	40299
4003	60861
4004	87216
4004	87217
4004	2964
4004	62928
4005	93624
4005	47223
4005	106647
4006	21903
4006	89946
4006	66937
4006	45411
4006	73256
4006	96759
4006	96760
4006	1967
4006	97265
4006	47651
4006	59329
4006	99469
4006	21903
4006	101169
4007	59315
4007	83229
4008	1207
4009	87570
4010	3233
4011	87682
4012	45865
4012	21179
4012	24032
4012	28903
4012	17020
4012	2277
4013	87628
4014	83722
4014	68101
4015	46595
4015	84516
4016	78432
4016	84390
4016	87738
4016	87739
4016	10379
4016	5424
4017	14464
4017	12342
4017	80151
4017	94444
4017	83129
4017	28275
4017	55670
4017	4939
4018	5366
4019	72011
4020	97272
4020	99845
4021	51817
4022	7244
4022	23654
4022	74038
4022	86370
4022	3803
4023	50232
4024	24817
4024	1750
4024	78590
4024	1750
4024	65074
4025	98221
4026	92485
4026	92323
4027	97363
4028	88341
4028	15327
4028	88461
4029	44312
4030	33342
4030	85975
4030	2174
4031	9229
4031	67100
4031	85366
4032	33903
4033	85002
4033	85024
4034	15971
4034	9719
4035	16561
4035	61242
4036	5292
4036	88621
4036	22782
4036	57788
4037	95982
4037	84302
4037	45380
4037	65253
4037	27989
4037	7027
4037	25699
4037	97328
4037	57487
4037	97329
4037	65861
4037	37802
4037	104298
4037	110444
4038	38467
4038	45838
4039	78017
4040	45896
4040	68224
4040	47495
4040	84005
4040	86859
4040	186
4040	4858
4041	53865
4042	86240
4042	86242
4043	34022
4043	81886
4044	45239
4044	3076
4044	104206
4044	6167
4044	108095
4044	24871
4045	17345
4045	48524
4046	44384
4047	55164
4048	13527
4049	7146
4049	7295
4049	89689
4050	44631
4051	77377
4051	90359
4051	91050
4051	279
4052	9719
4053	93087
4054	7927
4055	5396
4055	15903
4055	90747
4055	54130
4055	91530
4056	13776
4056	93581
4056	97881
4057	91117
4057	88953
4057	95454
4058	105449
4058	105480
4058	84397
4058	105846
4058	58219
4058	45384
4058	39813
4058	59509
4058	106709
4058	63053
4058	65307
4058	30961
4059	8842
4060	28591
4060	109937
4061	83425
4061	16978
4061	95294
4062	70779
4062	32619
4062	11641
4062	88166
4062	43735
4062	42541
4062	151
4062	90197
4062	90231
4062	1578
4062	90172
4062	98066
4062	98601
4062	100004
4062	105750
4062	97909
4063	1531
4063	87781
4063	35835
4063	36036
4063	4329
4063	31661
4063	84810
4063	3625
4063	25553
4063	97797
4064	1067
4064	77794
4064	34530
4064	7080
4064	73361
4064	91878
4064	91879
4064	16874
4064	81559
4065	27990
4065	22174
4065	22551
4066	87645
4066	69001
4066	6485
4066	18622
4066	95268
4066	6089
4066	104934
4066	15422
4066	105724
4066	106191
4066	106212
4066	106808
4066	106809
4067	101277
4068	69202
4068	95045
4068	95360
4068	46301
4068	101317
4068	63914
4069	2883
4069	7970
4069	8998
4070	74185
4070	8208
4070	55901
4070	84314
4070	18524
4070	62415
4070	28157
4070	31938
4070	86765
4070	75468
4070	86813
4070	86823
4070	86824
4070	30356
4070	59119
4070	31219
4070	6822
4070	28571
4070	5068
4070	73727
4070	186
4070	96237
4070	96613
4070	96703
4070	8094
4070	67267
4070	98526
4071	85973
4072	83277
4072	83302
4072	83303
4072	83343
4072	83645
4072	4663
4072	2800
4073	42749
4074	77397
4075	35695
4075	894
4075	22162
4075	43706
4076	83091
4076	11022
4076	91761
4076	2800
4077	83901
4077	48094
4077	110834
4078	69979
4078	81142
4079	36206
4080	27674
4081	4642
4082	97780
4082	98056
4082	4251
4082	101023
4082	101024
4082	93917
4082	104108
4082	33927
4083	26646
4083	98790
4083	78999
4084	64570
4084	95326
4084	95518
4084	8705
4084	104140
4084	104159
4084	16668
4085	7207
4085	7206
4085	84414
4085	7129
4086	90622
4086	34922
4086	78363
4087	84383
4088	50393
4088	100124
4089	3389
4090	5115
4090	59670
4090	15077
4090	23257
4090	36541
4090	100233
4090	100320
4090	100389
4090	100390
4090	69625
4090	77724
4090	45896
4090	42728
4090	9438
4090	38691
4091	70733
4091	86887
4092	4780
4092	10140
4092	19982
4092	25437
4093	17729
4093	86922
4093	17445
4093	97850
4093	48998
4093	98307
4093	97295
4093	109589
4093	109591
4094	21332
4094	9264
4095	21840
4095	15049
4096	84687
4096	2666
4096	94799
4097	83837
4097	754
4097	44649
4097	2750
4097	55015
4097	74090
4097	59720
4097	101051
4097	102839
4097	104136
4097	104137
4097	22575
4098	60426
4098	98812
4099	84528
4099	77308
4100	47170
4101	76362
4101	14236
4102	13223
4102	93529
4102	93547
4102	93574
4103	90657
4103	62995
4103	95522
4103	95629
4103	96956
4103	99198
4104	87002
4105	85400
4106	5843
4107	37044
4107	87843
4107	44187
4107	88098
4107	2723
4107	88124
4107	4397
4107	64719
4108	10884
4109	68583
4109	3760
4109	9664
4110	91174
4111	25360
4111	41007
4111	52300
4111	16826
4111	49249
4111	88970
4111	101570
4112	64766
4112	8726
4113	95794
4113	60790
4113	103275
4113	81013
4113	39549
4113	103371
4113	41305
4113	67861
4113	104068
4113	62978
4114	1145
4114	43433
4114	11580
4114	11111
4114	62136
4114	99342
4114	27248
4114	109844
4114	48026
4115	85641
4115	98450
4116	108194
4117	89983
4118	84503
4119	83570
4119	412
4120	43261
4120	18256
4121	335
4121	7905
4121	594
4121	57788
4122	67877
4122	307
4123	5038
4124	92186
4124	103749
4125	72137
4126	25262
4126	45165
4127	12647
4128	2272
4128	71351
4129	13840
4130	19011
4130	104309
4130	32627
4131	38222
4131	84209
4131	84261
4131	85947
4131	85948
4131	86085
4131	87562
4131	63075
4131	87714
4131	12682
4131	88791
4131	26601
4131	95619
4131	66718
4131	108732
4132	94294
4132	37016
4133	88051
4134	85342
4134	85385
4134	45242
4134	108637
4134	108653
4134	17905
4134	109213
4135	27095
4135	103268
4135	103284
4135	103285
4136	84276
4136	65145
4136	84300
4136	41302
4136	84787
4137	39387
4137	21998
4137	91587
4138	85996
4138	85997
4138	86045
4138	69597
4138	29534
4138	78460
4138	86655
4138	86656
4138	87283
4138	87912
4138	87913
4138	88409
4138	88450
4138	45790
4138	28342
4138	89611
4138	78017
4138	22743
4138	29534
4138	87913
4138	101850
4138	13250
4138	78460
4138	110380
4138	95681
4138	111257
4138	41950
4138	319
4139	7172
4140	76682
4140	107092
4140	107203
4140	107204
4140	41252
4140	108306
4140	94965
4141	76337
4142	94723
4143	7727
4143	84735
4143	86451
4144	11050
4144	7749
4144	6103
4144	15298
4144	21958
4144	7749
4145	85851
4145	86103
4145	90131
4145	58101
4145	90180
4146	33490
4146	58249
4147	926
4147	7778
4147	19425
4147	576
4148	13304
4149	9228
4149	39988
4150	83187
4150	83188
4150	65577
4150	15909
4151	60787
4152	20212
4152	75107
4153	1267
4153	4625
4153	19046
4153	14090
4153	98312
4154	8842
4154	412
4154	2800
4155	49385
4155	85273
4156	35318
4156	40211
4157	2341
4157	106170
4157	60361
4157	63406
4157	24323
4157	110529
4158	10227
4159	98421
4160	67720
4160	2800
4160	98618
4160	98619
4160	27990
4160	45239
4161	7332
4162	6496
4162	65081
4162	58644
4163	83519
4163	83608
4163	83609
4163	83631
4163	68776
4163	86177
4164	3091
4165	42517
4166	44689
4166	86929
4166	76199
4166	66983
4166	36765
4166	66410
4166	27825
4166	11981
4167	59363
4167	52032
4167	8283
4167	77355
4167	21872
4167	41654
4167	79126
4167	14340
4167	53807
4167	97377
4167	6287
4167	35299
4168	24989
4169	27776
4169	2706
4169	87444
4169	99365
4169	4304
4170	41126
4171	14427
4171	5251
4172	93708
4172	35174
4172	63604
4173	91749
4173	26483
4173	23687
4173	31193
4174	62033
4174	16105
4174	101970
4174	20104
4174	84630
4174	87040
4174	26264
4174	66241
4174	3951
4175	100831
4176	2123
4176	23902
4176	29809
4176	41956
4176	42563
4177	89240
4178	83258
4178	83280
4178	71241
4178	98193
4178	99155
4179	84378
4179	86315
4179	28695
4179	80349
4179	12331
4179	96967
4179	31193
4179	3560
4179	7458
4179	57173
4180	50129
4181	83123
4181	79304
4181	58327
4181	98769
4181	8523
4181	99149
4181	54546
4181	101586
4181	103305
4181	101586
4181	35388
4181	6616
4182	85157
4182	280
4183	12427
4183	30397
4183	69415
4183	87788
4184	11446
4184	28468
4185	92098
4185	6103
4185	92615
4185	94204
4185	94967
4185	51934
4185	95473
4185	95602
4186	99099
4186	57137
4186	99101
4187	24355
4187	45564
4187	92160
4187	103442
4187	41580
4187	68451
4188	44736
4188	23558
4189	48737
4190	51178
4190	82942
4190	58580
4190	14870
4190	110317
4191	50816
4191	34316
4191	91146
4192	88155
4192	88156
4192	88157
4192	88158
4193	24599
4193	4032
4193	17020
4194	62909
4194	43444
4194	46405
4195	44557
4195	230
4196	6503
4197	52064
4197	93781
4198	68546
4198	2823
4199	71701
4199	85716
4199	56204
4199	230
4199	56011
4199	2106
4199	25711
4199	80904
4199	71960
4199	6970
4200	10380
4201	85122
4201	46278
4201	84122
4201	105841
4201	49240
4202	88957
4202	97892
4203	91200
4203	506
4203	25780
4204	4014
4204	55452
4204	23972
4205	111900
4205	1214
4206	84503
4206	4432
4206	28056
4206	64811
4207	3431
4207	12196
4208	62680
4208	88069
4208	3110
4208	95373
4209	76961
4209	14180
4209	84793
4209	4820
4210	39695
4210	4349
4210	66723
4211	57938
4211	9187
4211	18432
4211	97635
4212	86084
4212	89309
4213	4318
4214	29636
4215	52766
4215	59984
4215	55293
4216	85779
4216	93321
4216	9079
4216	19729
4217	55181
4217	81886
4217	27858
4217	104558
4217	83214
4218	84344
4218	84834
4218	4889
4218	88792
4218	19042
4218	108274
4218	108291
4219	93216
4220	10894
4221	21460
4222	9210
4222	69301
4223	40720
4223	12162
4223	29449
4223	41654
4224	29125
4225	9358
4225	50792
4226	8627
4226	23238
4226	16917
4226	50591
4227	1827
4228	1564
4229	3295
4230	88314
4231	87395
4231	87481
4231	18865
4231	4644
4231	88073
4231	75398
4231	88223
4231	34725
4231	13931
4231	24895
4231	104940
4231	29770
4231	81834
4231	105222
4232	2762
4232	4086
4232	90135
4232	1032
4232	2306
4232	3560
4232	34602
4232	60023
4232	9705
4232	23494
4233	62692
4233	84176
4234	14345
4234	80278
4234	1892
4234	88627
4234	5110
4234	61242
4234	7955
4235	25928
4236	93477
4237	63206
4237	3687
4238	91822
4238	91823
4238	5630
4239	98418
4239	76940
4239	900
4240	30582
4240	10702
4241	17086
4241	7472
4242	84606
4242	378
4243	10221
4244	88659
4244	68546
4245	99876
4245	110445
4245	14588
4245	70666
4246	58572
4246	14755
4246	85109
4246	85110
4246	82549
4246	5311
4246	45720
4246	66287
4246	1889
4246	4292
4246	79651
4246	4542
4247	69786
4247	39602
4247	28952
4247	23505
4247	62410
4247	87040
4247	104540
4248	12844
4248	74841
4248	105053
4249	4052
4250	84619
4250	59549
4251	89469
4251	101261
4251	104028
4251	55718
4251	1057
4251	5076
4252	63368
4252	96936
4252	24409
4252	43767
4253	9152
4253	319
4253	98364
4254	4970
4254	96215
4255	27990
4255	13714
4255	5751
4255	10016
4256	89092
4256	34308
4256	106162
4256	24678
4256	55882
4256	112239
4257	92237
4257	92252
4258	8925
4258	7496
4258	47171
4258	92382
4258	26002
4258	11104
4258	8548
4258	13853
4258	96376
4258	47840
4258	7130
4259	28085
4259	84746
4259	62944
4259	83357
4259	61550
4259	40075
4259	2472
4260	1314
4261	12905
4261	4663
4262	61242
4263	22073
4264	19537
4264	66443
4264	34156
4264	10767
4265	72011
4265	96318
4266	17419
4266	82630
4266	87379
4266	87685
4266	87686
4267	25553
4267	65976
4268	83081
4268	33698
4268	82847
4268	13555
4268	84630
4269	96332
4270	60415
4270	6595
4271	3695
4272	100818
4272	106430
4273	41855
4274	27990
4275	3630
4275	61242
4275	83289
4275	16208
4275	95463
4275	95464
4276	85565
4277	932
4277	68910
4277	91837
4277	11554
4277	86017
4278	20
4278	38157
4279	3551
4280	2081
4280	50593
4280	25928
4280	1526
4281	85337
4281	10223
4281	88860
4281	83174
4282	7574
4282	54882
4282	3481
4282	83690
4283	1908
4283	92102
4284	32832
4284	4873
4284	4318
4284	45779
4285	852
4285	35726
4285	45082
4285	99158
4285	99159
4285	73745
4285	42209
4285	43767
4285	2276
4285	32400
4286	87354
4287	306
4288	2437
4289	37845
4290	40067
4290	46431
4290	24351
4290	78902
4290	48480
4290	12456
4290	10669
4290	18140
4290	43364
4290	73609
4290	42322
4290	95947
4290	81896
4290	33570
4290	15544
4290	81472
4290	105916
4291	1484
4291	86216
4291	68789
4291	86237
4291	44449
4292	30445
4292	53955
4292	49720
4292	86688
4292	26686
4293	29522
4294	72446
4294	108196
4295	14655
4295	83473
4295	56577
4295	13270
4295	76019
4295	19246
4295	92343
4295	15033
4295	93615
4295	2567
4295	95172
4295	26770
4295	95182
4296	94185
4296	100139
4296	100140
4297	34071
4297	8856
4298	13104
4298	7572
4298	64545
4299	17022
4299	15925
4300	3919
4300	26674
4300	7576
4301	103368
4302	90297
4302	90312
4302	97701
4303	74348
4303	88822
4303	98680
4303	98829
4303	98834
4304	79634
4304	89364
4304	23341
4304	61242
4304	76577
4304	69257
4304	89456
4304	2597
4305	10062
4305	42194
4305	52916
4306	24054
4306	1314
4307	68168
4307	103785
4308	88285
4308	90330
4308	47938
4308	103713
4308	105856
4308	9505
4309	80025
4309	25575
4309	24496
4310	16483
4310	88263
4311	59754
4311	45775
4312	78878
4312	80954
4313	1032
4313	25282
4313	30535
4313	62920
4313	72291
4313	103776
4313	9959
4313	105163
4314	54463
4315	17422
4315	39196
4315	13208
4315	94603
4315	94604
4315	41293
4315	94627
4315	104782
4315	40561
4315	104828
4316	85558
4316	6287
4316	17048
4317	85266
4317	3780
4317	8804
4317	86349
4317	33356
4317	67088
4317	3046
4317	42693
4317	47137
4317	93040
4317	36317
4317	98797
4317	5396
4318	108066
4319	50684
4319	1776
4319	42572
4319	42901
4319	47757
4319	39262
4319	73325
4320	14685
4321	4720
4321	88196
4321	7144
4321	70156
4322	6721
4322	106139
4322	107266
4322	17720
4323	88019
4323	42731
4324	91904
4324	104065
4325	31418
4325	87873
4325	13680
4326	7615
4326	123
4326	96339
4326	32410
4326	90081
4326	101022
4326	26035
4327	97978
4327	97979
4328	45523
4328	90164
4328	17667
4328	23384
4329	63315
4329	86001
4329	88913
4329	104144
4329	58663
4329	104145
4329	96065
4329	7628
4329	15338
4330	87302
4330	84366
4331	34287
4331	4674
4332	87776
4332	88169
4332	83129
4332	37829
4333	70249
4333	24306
4333	36524
4333	3253
4333	72551
4333	93047
4333	7947
4333	46319
4333	9409
4334	85069
4334	33785
4335	1715
4336	84651
4336	23341
4336	84755
4337	1620
4338	84061
4338	76968
4339	94333
4340	3360
4340	100884
4340	101062
4340	101882
4341	10221
4342	25641
4342	98941
4342	3694
4343	911
4343	7094
4343	80667
4344	84562
4344	85971
4344	92114
4344	93841
4345	86202
4345	87140
4346	53159
4346	98040
4346	95724
4347	99246
4347	10958
4347	38064
4347	107900
4347	96896
4348	10278
4348	42546
4348	87355
4348	87356
4349	72578
4349	71073
4350	74393
4350	7627
4351	95131
4352	84631
4352	51896
4352	72796
4352	87655
4352	90831
4352	90872
4352	90873
4352	88523
4352	14758
4353	45239
4354	16034
4355	97132
4355	33948
4356	30846
4356	20445
4356	98515
4356	98520
4356	98498
4356	33565
4356	79182
4356	106766
4357	12694
4357	26165
4357	69903
4357	9907
4357	36084
4358	83872
4358	76682
4358	69292
4358	6543
4358	10904
4359	7429
4360	100560
4360	98159
4361	76061
4362	1975
4362	15788
4362	57631
4362	100529
4362	105378
4363	68706
4363	73553
4364	31206
4364	110096
4365	6185
4366	5748
4366	100605
4366	10308
4367	1426
4368	3465
4369	22463
4370	26540
4371	13264
4372	12916
4372	80237
4372	1905
4372	88174
4372	99546
4372	43273
4373	73553
4373	106805
4374	83863
4374	65074
4374	736
4374	72913
4374	3562
4374	19622
4374	6945
4374	14777
4374	2817
4375	86552
4375	86553
4375	4141
4375	62421
4376	5424
4377	38579
4378	7701
4379	22457
4379	26687
4379	97444
4380	36177
4381	28352
4381	13722
4381	97968
4381	32875
4381	2810
4381	103621
4381	32993
4381	103738
4381	103739
4381	103797
4381	103798
4381	103806
4381	103807
4381	103808
4381	33140
4381	14386
4381	33692
4382	21043
4382	84938
4382	26879
4382	68836
4382	73148
4383	84520
4383	70106
4383	8019
4383	6868
4383	88218
4383	15908
4383	64405
4384	2800
4385	87102
4386	26568
4387	37963
4388	96454
4388	96455
4388	2353
4388	12008
4388	96550
4388	96592
4388	20379
4388	96611
4388	53324
4388	10084
4388	4496
4388	19828
4388	5344
4389	89410
4389	31363
4389	49385
4389	89541
4390	7048
4390	92790
4390	5054
4390	79156
4390	67438
4390	103732
4390	27
4391	58633
4392	6879
4392	95261
4392	53085
4392	1297
4392	56847
4393	5901
4393	20839
4393	74047
4394	11531
4394	27616
4395	17522
4395	51321
4395	82958
4395	83893
4395	84962
4395	97084
4395	88657
4395	96592
4395	105574
4395	105575
4395	105576
4396	97572
4396	97573
4396	97861
4396	105206
4397	83097
4398	24351
4398	104626
4398	104653
4399	83246
4399	7837
4399	3822
4399	16345
4399	87295
4399	674
4399	2711
4399	38975
4399	29854
4399	97735
4399	17031
4400	96051
4400	96387
4400	51363
4400	96388
4400	45690
4401	72496
4401	9788
4401	22102
4401	23136
4401	20039
4401	20047
4402	27095
4402	6231
4402	52063
4402	40167
4402	109868
4403	30759
4404	39257
4404	19847
4405	7295
4405	11611
4406	70675
4407	72665
4407	84469
4408	14496
4408	29715
4408	930
4408	26854
4408	32783
4408	72420
4408	4855
4408	2240
4408	54757
4409	18863
4409	93446
4410	43648
4410	68870
4410	106327
4411	11595
4412	7579
4413	17561
4414	85592
4414	41248
4414	93180
4414	93181
4414	60967
4414	105665
4414	107560
4414	51078
4415	60954
4416	89218
4416	103734
4416	39996
4416	13036
4416	66965
4417	58300
4417	44431
4417	564
4417	11922
4417	72495
4417	61550
4417	95201
4417	95231
4417	9996
4417	53067
4417	56375
4417	11492
4417	53033
4417	106616
4417	111998
4417	112036
4418	7790
4418	29850
4418	29113
4419	83366
4419	85361
4419	35426
4419	10407
4419	45511
4419	5621
4419	5640
4419	91220
4419	62901
4419	91232
4419	343
4420	24065
4420	69243
4420	86901
4421	68561
4421	95764
4421	8911
4421	95765
4421	18839
4421	2669
4421	43679
4421	103661
4422	94530
4422	95701
4422	95728
4422	105450
4422	105451
4422	105452
4423	71047
4423	101749
4423	96024
4423	8394
4424	67764
4424	23093
4425	84663
4426	51891
4426	95188
4426	109682
4427	73763
4427	109310
4427	109311
4428	8738
4428	69069
4429	27533
4429	10077
4429	107042
4429	4406
4429	107043
4429	46203
4429	67877
4429	49184
4430	83978
4430	67220
4430	51843
4430	1376
4430	18736
4430	34919
4430	89145
4430	2828
4430	2798
4430	1993
4430	85612
4430	29906
4430	38613
4430	31946
4430	45617
4430	48832
4430	86785
4430	75141
4430	906
4430	94263
4430	13083
4431	34366
4432	10853
4433	51235
4434	5693
4435	9113
4436	47707
4437	85277
4437	78867
4437	98059
4438	86284
4438	86326
4438	86327
4438	41910
4438	62268
4438	96816
4438	100614
4438	42740
4438	47414
4438	100791
4438	101635
4439	86617
4439	20256
4439	29212
4439	50805
4439	20275
4439	41863
4439	13527
4439	29212
4439	25459
4440	90469
4441	55403
4441	76826
4441	66813
4441	9404
4441	11235
4441	107106
4442	5424
4442	38277
4443	29473
4443	52434
4443	79975
4444	82536
4444	79062
4444	1788
4444	29381
4444	34830
4444	44272
4444	1742
4444	95269
4445	9333
4445	2428
4446	87114
4446	73182
4446	64719
4446	87115
4446	23519
4446	54962
4446	63772
4446	87116
4446	58949
4446	62883
4446	88973
4446	36850
4446	81920
4446	1388
4446	4011
4446	98539
4446	98554
4446	30969
4446	36850
4447	87620
4448	72768
4449	4050
4449	72277
4449	73199
4450	8917
4450	96224
4450	5417
4451	2383
4452	1777
4452	67809
4452	69292
4453	2106
4453	64279
4453	84252
4453	58300
4453	16879
4453	98792
4453	97348
4453	83089
4453	84803
4453	41687
4453	98874
4453	75107
4453	8824
4453	16887
4453	36110
4453	104224
4453	106348
4453	106349
4453	103488
4453	6215
4453	38463
4453	47312
4453	9948
4453	22777
4453	108953
4454	54645
4455	88088
4456	33409
4456	21230
4456	7852
4456	51057
4457	86654
4457	69753
4457	89106
4457	89107
4457	79044
4457	49368
4457	17905
4457	4647
4457	202
4457	25775
4457	88506
4458	75727
4458	6296
4458	100633
4458	75032
4458	5782
4459	30912
4460	32729
4460	11931
4460	106801
4460	62601
4460	88680
4460	8738
4460	87116
4460	25387
4460	67546
4460	2128
4460	77012
4460	60588
4461	85032
4462	35282
4462	10227
4463	84771
4464	335
4464	29470
4464	27
4464	731
4464	13043
4464	1777
4464	46214
4465	11307
4465	16438
4466	84702
4466	85846
4466	85880
4466	60149
4466	85881
4466	88982
4466	30762
4466	151
4466	10649
4466	5816
4467	5236
4467	8478
4467	47
4467	21831
4468	92637
4468	7667
4469	44357
4469	50843
4470	62009
4471	91801
4471	62610
4472	58753
4472	6964
4472	104184
4473	88995
4473	88996
4473	69591
4473	5417
4474	745
4474	67198
4475	2711
4475	84544
4475	98394
4476	37244
4476	24349
4476	18789
4476	91651
4476	32845
4476	106796
4477	93789
4478	7862
4478	84858
4478	6290
4478	96173
4478	96194
4479	83885
4479	83886
4479	84186
4479	90453
4479	90454
4479	105107
4480	25491
4480	6173
4480	94123
4480	20979
4481	49473
4481	83237
4481	38430
4481	68500
4481	91404
4481	56609
4481	61254
4481	7538
4481	96616
4481	19363
4482	90825
4483	23052
4484	30806
4484	98763
4485	43810
4485	92739
4485	95909
4485	5117
4486	26656
4486	32647
4486	80614
4486	51478
4486	9229
4486	31034
4486	7207
4486	14405
4486	26656
4487	90700
4488	45530
4489	85065
4489	86412
4489	61513
4489	101950
4490	89882
4491	87005
4491	40833
4491	31734
4492	91440
4493	33021
4494	94859
4495	19253
4495	7929
4496	83714
4496	5946
4497	52629
4497	49424
4497	47223
4497	35681
4497	91945
4498	54069
4498	79187
4498	102358
4499	83299
4499	30798
4500	34661
4500	55181
4500	45771
4500	77763
4501	34796
4501	3924
4502	10654
4502	25252
4503	32812
4503	34757
4503	6263
4504	97873
4505	105073
4506	83549
4506	93257
4507	18280
4508	96047
4508	96635
4509	86006
4509	89893
4509	88599
4509	102191
4509	5388
4510	61242
4510	9467
4510	8244
4511	83668
4511	82947
4512	85178
4512	87998
4512	88188
4512	3228
4512	87748
4512	62573
4512	32386
4512	107223
4512	65229
4512	67541
4513	20815
4513	44924
4513	93483
4513	93496
4513	74638
4513	95469
4513	81001
4513	642
4513	654
4513	51599
4514	10021
4515	6797
4515	62266
4515	19865
4515	93401
4516	91217
4516	28301
4517	80715
4518	87234
4518	51968
4518	53026
4519	86558
4520	34816
4520	55251
4520	30755
4520	104923
4521	14932
4522	18189
4522	29090
4522	83639
4522	3278
4522	83730
4523	63408
4523	8083
4523	50480
4523	50523
4523	66805
4523	27086
4524	6939
4524	55600
4524	80942
4524	54620
4524	19153
4525	93812
4526	31431
4527	14264
4528	35876
4528	1512
4529	24914
4529	98721
4530	70943
4531	96575
4531	96576
4531	73914
4531	1460
4531	106951
4531	106952
4532	102892
4532	101810
4532	40648
4532	22726
4532	103550
4532	103558
4532	58989
4532	103787
4533	87064
4533	3501
4534	85504
4535	26264
4535	576
4535	20214
4535	68456
4535	55230
4536	28881
4537	85789
4537	61619
4538	41755
4538	85998
4538	84307
4538	86033
4539	94096
4540	7370
4540	56070
4540	15196
4540	97595
4540	97596
4540	8037
4540	98349
4540	1187
4540	22725
4540	104030
4541	13161
4541	8418
4542	91077
4542	92584
4543	62895
4543	14801
4543	90268
4544	54375
4545	88938
4545	15596
4545	5842
4545	109700
4545	110383
4546	19789
4547	1630
4547	93491
4547	38298
4548	1975
4548	8160
4549	1397
4550	81085
4550	43602
4550	41550
4550	31906
4550	100645
4550	83136
4550	110382
4550	67356
4551	61242
4551	101363
4551	63305
4551	101923
4551	35143
4552	77790
4552	79348
4553	86358
4553	9700
4553	89295
4553	4851
4553	33219
4553	95058
4553	72789
4554	39754
4554	1298
4554	22653
4554	29807
4554	6415
4554	1298
4555	84630
4556	6405
4556	13171
4556	29125
4556	20791
4556	5357
4557	80658
4557	26203
4557	77630
4557	83995
4557	84439
4557	23341
4557	43851
4557	71936
4557	72838
4557	94892
4557	3387
4557	10759
4557	94938
4557	80633
4557	100176
4557	66960
4557	14449
4557	36340
4557	12341
4557	88538
4557	68975
4557	100388
4557	64887
4557	100399
4557	96224
4557	3387
4557	65809
4557	40900
4557	63452
4557	14897
4558	87062
4558	17331
4559	93201
4559	84484
4560	25779
4560	4135
4560	92677
4560	93126
4560	53423
4560	4710
4560	307
4560	80278
4560	45503
4560	6788
4560	165
4560	12921
4560	71665
4560	14932
4560	54768
4560	20529
4561	97914
4561	15916
4562	35971
4562	41670
4562	11861
4563	46885
4563	62001
4563	69609
4563	34258
4564	65074
4565	93769
4565	72277
4565	60055
4565	3204
4566	83554
4566	95471
4566	54040
4567	98347
4567	98363
4567	1306
4567	99151
4567	21043
4567	2126
4567	20636
4567	28857
4567	83668
4567	8814
4568	97877
4568	41752
4569	83534
4569	92579
4570	32821
4570	79211
4570	26283
4571	33737
4571	97314
4571	100721
4571	100722
4571	103400
4571	67220
4571	97314
4571	2690
4571	1145
4572	15480
4572	30338
4572	32799
4572	87833
4572	18316
4572	59518
4572	103671
4572	7144
4572	83852
4573	79196
4573	41011
4573	39978
4574	54529
4574	26674
4574	19462
4574	36573
4574	11591
4574	9911
4574	19099
4574	33123
4575	26031
4576	77186
4577	83830
4577	83832
4577	69292
4577	58300
4577	71350
4577	84539
4577	84558
4577	82886
4577	6693
4577	92282
4577	38718
4577	88794
4577	38849
4577	8187
4577	96121
4577	1110
4577	62371
4577	103488
4577	13323
4577	761
4578	87476
4578	8158
4579	6321
4579	92436
4580	44441
4580	1960
4580	105643
4580	105662
4580	8717
4580	28571
4581	44645
4581	85837
4581	87791
4581	103987
4581	764
4581	51500
4582	43660
4583	66234
4583	5670
4583	12615
4584	87575
4585	31140
4586	86558
4587	83901
4587	63493
4587	17797
4588	6652
4588	86887
4588	53581
4588	66639
4588	1213
4588	5205
4589	4419
4590	2053
4591	83323
4591	95869
4591	20176
4592	86533
4592	38120
4593	10022
4594	106933
4595	7242
4596	6769
4596	6863
4596	71277
4597	16001
4597	28179
4597	21116
4597	56875
4597	15938
4597	13027
4597	23778
4597	90729
4597	15908
4597	95088
4597	7324
4597	56735
4597	19991
4597	95220
4597	99560
4597	99561
4597	37057
4597	99562
4597	99784
4597	30512
4597	15938
4597	21116
4598	20528
4599	65726
4600	6567
4600	7108
4600	77294
4600	54458
4601	72634
4601	28868
4601	1111
4602	50540
4602	8138
4602	97448
4602	81040
4602	74593
4602	74594
4602	70327
4602	67100
4603	87130
4604	6941
4604	94761
4604	94762
4605	88262
4605	22955
4606	1297
4607	93387
4607	70186
4608	98608
4609	14870
4610	42644
4610	44230
4610	10182
4610	34727
4610	27808
4610	97089
4610	62045
4611	3389
4611	13974
4611	3919
4612	28952
4612	85283
4612	92913
4613	8601
4614	48448
4614	92026
4614	55537
4614	90510
4614	15115
4615	24483
4616	8158
4617	10105
4617	33351
4617	41168
4617	28973
4617	23335
4617	29446
4618	92384
4618	102430
4619	94256
4619	104889
4620	88378
4621	58694
4621	82955
4621	84166
4621	39308
4622	78267
4622	84880
4622	84888
4622	88025
4623	51280
4623	3708
4623	66723
4624	34
4624	18536
4624	96793
4625	21292
4626	29561
4626	89727
4626	90296
4627	97865
4628	96717
4629	45239
4629	4248
4630	5594
4631	87519
4632	7953
4633	73230
4633	86224
4633	5413
4633	105953
4634	87585
4634	87586
4635	87448
4635	99341
4635	53785
4635	35352
4635	99341
4635	33458
4635	110035
4636	89551
4637	15938
4637	50885
4637	94463
4637	75845
4637	20531
4638	26556
4638	31810
4638	95410
4638	96560
4638	108101
4638	18982
4638	60508
4639	39963
4639	70431
4640	108494
4640	67685
4640	14816
4640	88621
4641	79700
4641	2618
4641	52033
4642	29636
4642	11255
4643	72077
4644	85729
4644	6410
4644	4969
4644	45771
4645	23697
4645	94291
4645	20609
4646	53499
4646	98905
4647	92745
4648	44925
4649	28571
4649	103671
4649	74786
4650	5337
4650	4327
4650	8457
4650	90039
4650	90040
4650	27586
4650	92750
4650	4710
4650	94061
4650	51566
4650	24209
4650	98561
4650	98569
4650	98570
4650	100282
4650	100354
4650	16796
4651	10607
4651	16413
4651	77355
4651	46005
4651	30806
4651	28127
4651	20460
4651	98670
4651	6616
4651	19537
4651	80674
4651	9959
4651	66313
4651	104922
4652	99945
4652	5253
4653	80772
4653	83753
4654	19529
4654	34949
4654	7457
4654	76961
4654	25900
4654	44466
4654	11640
4654	14264
4655	31986
4655	5424
4655	48635
4655	85420
4656	6308
4657	79737
4657	1741
4657	13582
4658	98338
4658	54179
4658	103174
4659	4642
4659	89373
4659	95702
4659	61721
4659	99462
4659	52063
4659	2676
4659	2287
4659	8842
4659	98421
4659	277
4660	37751
4660	23192
4660	28056
4660	33909
4660	16316
4660	36678
4660	14810
4661	38443
4661	62837
4661	46847
4661	88736
4661	65309
4661	98219
4661	91901
4661	99727
4661	102804
4661	102805
4661	102822
4662	15321
4662	81401
4662	93028
4662	93361
4662	93362
4662	66847
4663	92280
4663	92333
4663	50029
4664	307
4665	87651
4665	41368
4665	89241
4665	80589
4665	29554
4665	82412
4666	89787
4667	61359
4667	9070
4667	67427
4668	36239
4668	89163
4668	104380
4668	105354
4668	108951
4668	108952
4669	24881
4669	17863
4669	16657
4669	89925
4669	96915
4669	92783
4669	53772
4669	40826
4670	88091
4670	69716
4670	55952
4670	92816
4671	13829
4671	86247
4671	2948
4672	14942
4672	94806
4672	35065
4672	20678
4672	96294
4672	45886
4672	10828
4672	13658
4672	14298
4672	20678
4672	96294
4673	100686
4673	33927
4673	105460
4674	68741
4674	88121
4674	3864
4674	8439
4674	34992
4674	2107
4674	88621
4674	62181
4675	56223
4675	97705
4676	60667
4677	8896
4677	17496
4677	51865
4677	13264
4677	926
4677	38115
4677	101515
4677	101605
4677	99472
4677	6160
4677	38971
4678	48759
4678	5229
4678	89061
4679	44435
4679	12070
4679	106531
4680	14255
4681	8287
4681	63170
4682	90654
4682	90683
4682	72787
4683	56126
4683	24876
4683	21155
4684	92154
4685	90793
4685	91868
4685	97268
4685	97304
4685	97305
4685	39192
4685	97324
4685	80964
4686	84555
4687	54468
4687	13420
4688	44811
4689	84659
4689	55006
4689	103876
4689	103899
4690	73845
4691	4791
4692	84886
4692	89614
4692	89615
4692	77880
4692	16451
4693	1463
4694	36466
4695	97649
4696	12465
4696	14244
4697	88447
4697	92307
4697	5995
4697	71860
4697	109531
4697	109585
4698	8595
4698	17031
4698	71407
4699	42450
4699	5557
4699	61463
4699	66983
4699	47707
4699	100834
4699	101222
4700	105454
4700	12747
4700	105960
4701	31036
4701	86776
4702	65275
4703	7282
4703	14440
4703	68050
4703	82607
4703	50507
4704	85306
4704	108366
4704	35326
4705	11585
4705	37935
4705	5859
4705	39373
4706	22229
4707	8348
4707	83161
4708	39978
4708	61023
4709	87237
4709	106898
4709	109212
4709	63355
4709	64903
4710	68041
4710	84422
4710	9395
4710	81834
4710	50588
4710	79559
4710	85078
4710	85080
4710	16323
4711	84771
4711	69953
4711	82998
4712	43239
4713	15143
4714	84251
4714	10244
4714	85152
4715	9750
4715	4441
4716	92854
4716	59848
4716	104257
4717	86014
4718	13893
4719	38844
4719	99063
4720	85325
4720	88989
4720	49719
4720	95404
4721	86015
4721	83552
4721	87070
4721	27475
4721	4860
4721	97955
4722	14962
4722	82049
4722	74572
4722	108301
4723	75680
4723	92648
4723	16715
4723	43340
4723	4011
4724	7692
4725	16657
4725	92454
4725	76390
4725	82724
4725	33615
4725	43110
4725	8315
4725	2894
4725	12510
4725	15511
4725	66231
4725	54907
4725	10223
4725	15142
4725	72099
4725	7531
4725	60844
4725	10766
4725	8942
4725	287
4726	50391
4726	86374
4726	93582
4727	21471
4728	9663
4728	307
4728	75771
4728	5751
4729	19246
4730	31264
4731	23961
4731	92422
4732	3005
4733	53865
4733	102781
4733	32457
4734	92261
4735	63693
4735	4384
4736	14217
4737	56204
4738	85066
4739	10
4739	10335
4739	87021
4739	67848
4739	14022
4739	127
4739	96744
4740	84272
4740	87342
4740	11241
4740	1019
4740	58644
4740	94263
4741	53210
4742	101132
4743	38166
4743	29632
4744	6148
4744	8418
4745	6760
4745	10767
4746	46290
4746	2279
4746	4736
4746	58810
4747	86440
4747	87660
4748	52727
4749	54469
4750	98675
4750	98676
4751	64423
4751	14108
4751	54128
4751	91446
4751	60466
4752	3817
4752	2106
4753	3817
4754	83785
4754	104500
4754	88564
4754	36181
4754	45080
4754	79394
4755	52434
4756	97218
4756	2148
4756	91170
4756	13883
4756	2201
4756	4232
4756	28017
4756	38227
4756	105219
4757	63478
4758	70122
4758	34727
4759	16555
4759	26269
4759	20778
4760	3050
4761	18345
4761	8556
4761	44548
4762	64903
4763	47
4763	51578
4764	97925
4764	6697
4765	80099
4765	98490
4765	84563
4765	41535
4766	2279
4766	6148
4766	100681
4766	100406
4766	2276
4766	681
4766	15532
4767	102048
4767	102084
4767	94973
4768	15764
4769	57170
4770	6106
4770	17414
4770	63875
4770	35843
4770	2790
4771	17925
4771	98826
4771	29671
4771	87764
4771	34428
4772	25458
4772	15990
4773	3220
4773	14619
4773	53439
4773	3805
4774	20463
4774	33151
4775	366
4775	9499
4775	9796
4775	55985
4775	72898
4776	14255
4776	61300
4776	48276
4776	1269
4777	25562
4777	9856
4778	17048
4779	83319
4780	8471
4781	3086
4781	48187
4782	93870
4783	86442
4783	90685
4783	102605
4783	102606
4783	105697
4784	97717
4784	100351
4784	27016
4785	54857
4785	94515
4785	59458
4785	21144
4786	38063
4787	86222
4788	3162
4788	89558
4789	5251
4790	56480
4791	96669
4792	8035
4792	97113
4792	87592
4792	79825
4792	20748
4793	93215
4793	90561
4793	14657
4793	96475
4793	25613
4793	96504
4793	97746
4793	94031
4793	18518
4793	103531
4793	7035
4793	2517
4793	8745
4793	82719
4793	1908
4794	41595
4794	16826
4794	18167
4795	25029
4795	83313
4795	92559
4795	92560
4795	27807
4796	9996
4796	56999
4796	8510
4796	81131
4796	9138
4797	1737
4797	84145
4798	107772
4799	45771
4799	78732
4800	83036
4800	43303
4800	65327
4801	47707
4801	86571
4802	83997
4802	83998
4802	84499
4802	88131
4802	88132
4802	79160
4802	25187
4803	60632
4804	84682
4804	55046
4804	62831
4804	89335
4805	75771
4805	45165
4805	17031
4806	92626
4806	8757
4807	14026
4807	1633
4807	3822
4807	1306
4807	1225
4807	14567
4807	4032
4808	54159
4808	11240
4809	68206
4809	90689
4810	8350
4810	14645
4811	16555
4811	2781
4811	22405
4812	11287
4812	51467
4812	56285
4812	20540
4813	61845
4813	86260
4813	13138
4813	93274
4813	84016
4814	86331
4814	2215
4815	56204
4815	87578
4816	81352
4816	83726
4817	56980
4817	9003
4817	80025
4818	786
4818	54529
4819	52429
4819	100286
4819	101252
4819	23622
4819	101827
4819	103464
4819	104353
4820	27808
4821	9402
4821	83539
4822	30397
4823	43602
4823	414
4823	27475
4823	19515
4824	86113
4824	93606
4825	46845
4826	25802
4826	15877
4827	70358
4827	98846
4828	8358
4828	17048
4828	2515
4828	37217
4828	7002
4829	84075
4829	84334
4830	11699
4830	33317
4830	6706
4831	4311
4832	22463
4832	103551
4832	44914
4832	4581
4833	83987
4833	1495
4833	80631
4833	64467
4833	95178
4833	61242
4834	24269
4835	66410
4835	47707
4835	61463
4835	39310
4835	66983
4836	84751
4836	12174
4836	1722
4837	76307
4838	106288
4839	91592
4839	67619
4839	91626
4839	1365
4840	82860
4840	8007
4841	88150
4841	63072
4841	12593
4842	51738
4843	37345
4844	77765
4845	89222
4846	22663
4846	83173
4846	53456
4846	70846
4846	64690
4846	57659
4846	107870
4846	53456
4847	88397
4847	98097
4847	46821
4847	107924
4847	24050
4848	34727
4848	1880
4848	86615
4848	3317
4848	3068
4849	15728
4849	82132
4849	33907
4849	35775
4849	83294
4849	9190
4849	32149
4849	21797
4849	92192
4849	24396
4850	47678
4850	83857
4851	18031
4852	20038
4852	2079
4853	51329
4853	103857
4854	9190
4855	28007
4856	15957
4856	15533
4856	19629
4856	96191
4856	19452
4857	14847
4858	99029
4858	15936
4858	27927
4858	63608
4859	85250
4860	88574
4861	15379
4862	103435
4862	105529
4863	14191
4863	77948
4863	83781
4864	67356
4865	88964
4865	68247
4865	10344
4866	87999
4866	29603
4866	95784
4866	1799
4866	17161
4867	101404
4867	47847
4867	103576
4867	103577
4867	14116
4867	64467
4867	31115
4868	23697
4868	22191
4869	96015
4870	84621
4870	99264
4871	10422
4871	56843
4871	5214
4872	61354
4872	54469
4873	41408
4874	48582
4874	92475
4874	99745
4875	50992
4875	67685
4876	19679
4876	96766
4876	10589
4877	14276
4877	73591
4878	103113
4878	84630
4878	55042
4879	100377
4879	5503
4880	85064
4881	5901
4881	73553
4882	5844
4882	12508
4882	72522
4882	11591
4883	89959
4883	92410
4884	418
4884	96990
4885	6280
4885	39433
4885	28703
4886	9719
4887	12843
4887	96321
4888	8659
4888	35867
4889	22428
4889	29062
4890	15153
4890	89770
4891	82697
4892	30917
4892	76272
4892	33662
4893	32348
4893	46682
4893	98911
4893	98938
4893	83987
4893	94336
4893	80151
4893	112146
4894	41867
4895	84551
4896	31675
4896	74395
4897	78893
4897	83335
4897	51409
4897	41648
4898	91165
4898	74727
4898	13339
4898	2367
4898	6004
4899	7453
4900	5814
4900	97455
4900	108088
4900	108089
4900	65713
4901	30665
4902	72633
4903	86207
4904	89016
4904	89017
4904	60521
4904	8221
4905	39145
4905	86243
4905	32838
4905	24222
4905	6172
4905	1492
4905	92142
4905	10927
4905	2405
4906	89086
4906	91204
4907	87506
4908	76652
4909	6624
4910	993
4910	77563
4911	98488
4912	13043
4912	17046
4912	55975
4913	67546
4913	98329
4914	87208
4914	21958
4915	16426
4915	4538
4915	11425
4915	307
4915	1278
4915	81967
4915	35314
4916	83282
4917	83555
4917	33140
4917	67427
4917	64584
4917	100156
4917	86392
4917	81813
4917	79543
4917	16616
4917	33068
4917	7773
4917	23374
4918	93447
4919	34
4919	17814
4919	10587
4919	4689
4919	29125
4919	42311
4919	53561
4919	16755
4919	90466
4919	66312
4919	94233
4919	41013
4919	49025
4919	15956
4920	84486
4920	32899
4920	63525
4920	41375
4921	24823
4922	900
4922	6873
4923	16319
4923	56524
4924	98253
4925	80027
4925	13898
4925	95489
4926	18041
4927	1000
4927	4318
4928	102864
4928	102865
4928	6652
4928	2277
4928	99663
4928	69374
4928	7643
4928	67338
4929	28470
4929	8400
4930	53235
4930	96965
4931	84630
4931	3805
4931	1781
4931	68780
4931	16913
4931	25680
4932	84743
4933	11089
4933	53610
4933	594
4933	3203
4934	66024
4934	80495
4934	84813
4934	71061
4934	13714
4935	65931
4936	49285
4936	4985
4936	62601
4936	17174
4936	46075
4936	85215
4936	62868
4937	87318
4938	91069
4939	10499
4940	33688
4941	84160
4941	86118
4941	86119
4941	84452
4941	88752
4941	88787
4941	4354
4941	11388
4941	99051
4941	86119
4941	88725
4941	23703
4941	50127
4941	61508
4941	18620
4941	84160
4942	307
4942	9705
4942	17413
4942	10278
4943	63174
4944	2848
4944	41419
4945	25548
4946	86289
4946	8749
4947	93004
4947	54064
4947	102203
4947	105639
4948	71973
4948	92039
4948	99523
4948	51406
4949	56544
4950	1306
4950	13555
4950	35324
4950	9861
4950	1737
4950	62220
4950	111204
4951	85340
4951	93171
4952	20675
4953	86498
4953	72379
4954	1496
4955	4061
4955	10133
4955	67616
4956	88164
4957	94353
4958	84792
4959	98665
4960	11504
4961	90805
4961	96643
4962	73148
4962	89617
4962	1737
4962	57758
4963	30665
4964	34087
4964	39373
4964	16670
4964	2653
4964	42698
4964	94163
4964	95228
4965	95751
4965	82470
4966	388
4967	95556
4967	95557
4967	76743
4967	95573
4967	51320
4968	30693
4968	43607
4968	86963
4969	93145
4970	4561
4971	32636
4971	31079
4972	97005
4972	11477
4972	75274
4973	36131
4973	64371
4973	93359
4973	95519
4973	13354
4973	43359
4973	105270
4973	37573
4973	65321
4974	36093
4974	63390
4974	102711
4974	37498
4974	103996
4974	72472
4974	66409
4974	608
4974	104055
4974	104056
4974	30864
4974	17860
4975	96218
4976	23697
4976	107134
4976	47809
4976	109692
4977	17081
4978	46842
4979	102186
4980	91010
4980	22352
4980	35485
4981	13543
4981	50394
4981	108498
4982	94453
4983	43820
4983	18677
4984	53398
4984	84049
4984	5730
4984	45397
4984	84816
4984	5208
4984	40464
4984	25081
4984	24321
4984	5730
4984	33393
4984	72893
4984	20056
4984	35660
4984	91239
4984	57952
4984	50204
4984	52435
4985	20791
4985	5229
4985	8939
4985	24548
4985	3805
4986	85221
4986	85251
4986	85286
4986	85287
4986	85288
4986	92932
4986	92933
4986	93002
4987	98341
4987	76180
4987	102680
4988	93867
4989	4693
4989	2598
4989	9087
4989	5911
4989	26368
4989	93271
4989	31906
4989	64746
4989	1473
4989	10064
4989	10987
4989	8575
4989	4695
4990	56204
4990	10121
4990	95696
4991	8710
4991	14169
4992	96532
4993	28833
4993	66723
4994	68942
4994	96199
4994	62267
4994	13029
4994	56859
4995	68074
4995	62220
4995	35923
4995	37258
4996	1920
4996	13698
4996	307
4997	58688
4997	93909
4997	17138
4997	98545
4997	109390
4997	109605
4997	79527
4998	83271
4998	53225
4999	45594
4999	76307
4999	22102
4999	57968
4999	2211
4999	44388
5000	307
5000	6895
5001	21290
5001	97009
5002	85468
5002	13215
5002	72805
5002	84519
5003	88037
5003	88301
5003	67008
5003	90647
5003	91718
5003	16992
5004	29762
5004	39400
5004	45244
5004	13763
5005	11783
5005	37038
5006	212
5006	77329
5006	95697
5006	17328
5007	56204
5008	18210
5008	9481
5008	95594
5008	11652
5008	4911
5008	1912
5008	13252
5009	87484
5009	47998
5009	97541
5009	67594
5009	31601
5009	100455
5009	279
5009	15713
5009	5952
5010	44567
5010	74359
5010	106865
5010	44873
5010	89261
5011	1531
5011	41597
5011	6621
5012	69898
5012	97504
5012	107025
5012	69898
5012	107026
5012	107027
5012	107438
5012	107439
5012	107440
5012	3449
5012	107441
5012	107442
5012	1462
5012	107443
5013	84804
5013	84805
5013	84806
5013	84853
5013	84890
5013	17492
5014	41588
5014	16590
5014	106618
5015	80559
5016	60667
5016	43612
5017	12830
5017	15872
5017	16621
5017	26905
5017	96024
5017	96403
5017	71910
5018	90344
5018	57036
5019	10213
5019	319
5020	70723
5021	9235
5022	94908
5022	44313
5023	14786
5023	18784
5024	5926
5024	43602
5025	18184
5025	82986
5025	67411
5025	27939
5026	85179
5027	6173
5028	86319
5028	65252
5028	24065
5028	7860
5028	99249
5028	9164
5029	26905
5029	96149
5030	73182
5030	91930
5031	12755
5031	10604
5031	93977
5031	91291
5031	27990
5032	88705
5032	88782
5032	61971
5032	94613
5033	58839
5034	32093
5034	18759
5034	62306
5034	97059
5034	7794
5034	38072
5034	8893
5034	111936
5035	85608
5035	5539
5035	76961
5035	46357
5035	84530
5036	94823
5036	99543
5036	78201
5037	88521
5038	70585
5038	5828
5039	40720
5040	88242
5040	19425
5040	33280
5040	67877
5040	33125
5040	67848
5040	5140
5040	40403
5040	2690
5040	10258
5041	43539
5042	3768
5043	4536
5043	67835
5043	69415
5044	80521
5044	27578
5044	24816
5044	12789
5044	6940
5044	22191
5044	92819
5044	34270
5044	110009
5044	58882
5045	25282
5045	80632
5046	76138
5046	95833
5046	13568
5046	15764
5046	31976
5046	98863
5046	101648
5046	101654
5046	107267
5046	17994
5046	101648
5047	41607
5047	11765
5047	30445
5048	8479
5048	12812
5049	14217
5049	104089
5049	102737
5050	30238
5051	6410
5052	41242
5053	47064
5054	48098
5055	784
5055	105424
5056	84986
5056	35564
5057	64207
5058	78447
5058	94266
5058	26687
5058	64423
5058	11089
5058	43767
5058	8458
5058	1496
5059	35010
5059	7335
5059	87030
5059	100696
5060	6729
5060	93234
5060	93322
5060	52858
5060	93696
5060	26788
5060	72357
5061	58325
5061	4179
5062	45239
5062	61856
5062	1355
5063	4863
5063	27754
5064	79609
5064	91385
5064	91607
5064	89510
5064	26933
5064	43170
5064	2465
5064	34425
5064	3561
5065	24407
5065	27927
5065	71972
5066	20170
5066	40146
5066	36078
5067	87487
5068	3817
5068	2912
5068	137
5068	89909
5068	101704
5068	69292
5069	22736
5069	40410
5069	38277
5069	15529
5070	5843
5070	5922
5071	97224
5071	47619
5071	74406
5072	9948
5072	86491
5072	3708
5072	91660
5072	8132
5072	44222
5072	67945
5073	55406
5073	92748
5074	1067
5074	69544
5074	77294
5074	47237
5075	3278
5075	8089
5075	92681
5076	66149
5077	29037
5077	603
5077	26557
5077	7715
5077	23973
5077	69769
5078	44803
5079	11810
5079	67877
5080	18546
5081	91785
5082	51255
5082	89775
5083	12388
5083	53187
5084	23341
5084	15706
5084	101393
5084	16975
5084	107555
5084	67579
5085	96433
5085	96434
5085	97835
5086	42701
5086	5427
5086	82922
5086	2499
5086	32694
5086	9002
5087	7886
5088	33789
5088	28969
5088	28952
5089	28932
5089	101477
5090	86903
5091	76272
5092	38719
5093	24036
5093	65521
5094	61260
5094	30244
5095	89734
5095	89735
5095	77143
5095	38420
5095	68129
5095	38218
5095	79503
5095	51901
5095	59594
5095	51538
5095	75488
5095	91988
5095	91989
5095	14375
5095	79994
5095	77190
5095	103508
5095	14375
5095	1071
5096	11055
5096	10635
5097	65325
5097	95358
5097	24245
5097	41097
5097	8943
5097	95565
5097	17412
5097	23584
5097	96312
5097	21421
5098	46233
5099	9912
5100	11585
5100	45586
5100	86397
5101	12903
5102	31901
5102	93680
5102	85641
5102	23341
5102	4390
5103	4809
5104	16542
5104	8191
5104	38597
5104	4513
5104	35908
5105	9808
5105	8364
5105	91094
5105	66754
5105	91247
5105	91272
5105	96991
5105	99692
5105	61343
5105	99790
5105	100518
5105	91247
5105	102783
5106	13941
5106	62355
5106	23780
5107	1406
5107	37105
5107	23491
5107	30830
5107	74635
5107	88802
5107	12793
5107	7192
5107	38463
5107	67945
5107	96431
5107	3258
5107	41550
5107	68237
5107	71863
5107	58300
5107	79809
5107	62371
5107	102469
5107	5880
5107	79975
5107	11895
5107	10710
5108	83919
5108	17183
5108	102490
5108	58433
5108	102650
5108	5093
5109	15000
5109	44861
5109	40358
5109	100105
5110	4970
5110	77690
5111	43435
5111	92923
5112	10617
5112	4318
5113	15043
5114	90987
5115	94034
5115	76302
5115	103687
5115	104702
5116	307
5117	72495
5117	99856
5117	10986
5117	108966
5117	4302
5118	88079
5118	44747
5118	11046
5119	83004
5119	83020
5119	51018
5119	80924
5119	59110
5119	32463
5119	7011
5119	18636
5119	35059
5119	11317
5119	102316
5120	67877
5121	53391
5122	15154
5122	85991
5122	20320
5122	4958
5122	19461
5122	96430
5122	39867
5122	15796
5122	24823
5122	108
5122	201
5122	4349
5122	3083
5122	3819
5122	79613
5122	55578
5123	62820
5123	53829
5123	29807
5123	3475
5123	50695
5123	4970
5123	8276
5123	92941
5123	6149
5123	44337
5123	22366
5123	102210
5123	89834
5124	88383
5124	91093
5124	97071
5124	99703
5124	23645
5124	108680
5125	14703
5125	8572
5125	6363
5125	8771
5125	2840
5125	4776
5126	2350
5127	92533
5128	98400
5128	20793
5129	84358
5129	34994
5129	412
5129	41334
5129	15763
5129	5787
5129	78709
5130	91832
5130	7035
5131	89141
5131	94409
5131	100196
5131	84891
5131	29583
5131	4836
5131	89141
5131	41709
5131	106028
5131	106046
5131	106056
5131	53900
5131	109621
5131	60788
5131	98296
5131	67755
5131	110964
5132	91256
5132	95016
5132	91306
5132	94330
5132	27967
5132	11433
5132	97937
5132	71751
5132	16980
5132	103645
5132	92374
5132	109794
5132	35170
5133	67878
5133	80844
5133	104281
5133	44228
5133	13658
5133	109246
5134	86494
5134	86495
5134	83195
5134	66494
5134	86692
5134	86693
5134	87015
5134	16897
5134	99812
5134	69686
5134	30885
5135	19538
5136	100593
5137	4145
5138	66030
5138	24847
5139	72330
5140	33688
5140	26306
5140	52736
5141	84000
5141	61043
5142	40502
5142	58017
5142	40549
5142	84761
5142	84762
5142	81927
5142	61396
5142	62815
5142	55580
5142	105436
5142	81927
5142	58017
5142	105444
5142	29757
5142	109122
5142	68119
5142	109179
5142	81318
5143	56374
5143	63546
5143	29849
5143	9714
5143	9713
5143	72451
5143	46603
5143	87876
5143	74657
5143	87892
5143	85651
5144	106
5145	42490
5146	9050
5146	4249
5146	37697
5147	90214
5147	103725
5147	96280
5147	108061
5147	61242
5148	11716
5148	46371
5148	93759
5148	21760
5149	104823
5150	1564
5150	35055
5150	36080
5150	14328
5150	89529
5150	34417
5150	70081
5150	21516
5151	96807
5152	85512
5153	30759
5153	94031
5154	9518
5154	8285
5154	85927
5155	62638
5156	72976
5157	50639
5157	34523
5157	576
5158	33107
5158	79279
5159	4444
5159	50885
5159	15728
5159	62153
5159	100937
5160	78889
5161	2900
5162	5177
5162	82423
5162	10197
5162	55825
5162	24015
5162	83015
5162	27880
5162	70495
5162	48602
5162	44308
5162	70937
5162	62847
5162	26951
5163	33506
5163	319
5164	4318
5165	93751
5166	9567
5166	8837
5166	43346
5166	67274
5167	84573
5167	87387
5168	75642
5168	34957
5168	103870
5168	103871
5168	105493
5168	105494
5169	21861
5169	23276
5169	88726
5169	70761
5169	14090
5169	45988
5169	97024
5170	5840
5171	6057
5171	34238
5171	38006
5171	40718
5172	110145
5173	4561
5173	36550
5174	7683
5175	32783
5175	98584
5175	81658
5176	79126
5176	25252
5177	74709
5177	14375
5177	100195
5178	28584
5179	44311
5180	3925
5180	92872
5180	25154
5180	93022
5180	93188
5180	96939
5180	99064
5180	41424
5180	16655
5181	100595
5181	69524
5181	47262
5182	9691
5182	85085
5182	2455
5183	98896
5184	23505
5184	47900
5185	83439
5185	10822
5185	35389
5185	56474
5185	92476
5186	92721
5186	81691
5186	28858
5186	92773
5186	93060
5186	38596
5186	66418
5186	104603
5187	6939
5187	9049
5187	102844
5187	79012
5187	3267
5187	1633
5187	73553
5187	67510
5188	45239
5188	134
5188	52052
5188	72845
5188	68546
5188	50871
5188	1920
5188	84877
5188	2800
5188	80559
5188	13459
5188	22248
5188	15046
5188	4063
5188	81189
5188	19344
5188	84940
5188	2329
5188	5301
5188	29150
5188	67877
5188	54179
5188	99098
5188	68846
5188	230
5188	98885
5188	20275
5188	104317
5188	34667
5188	104928
5188	55118
5189	26581
5189	52548
5189	31430
5189	10281
5189	74209
5189	2185
5190	30759
5190	918
5190	46665
5191	49037
5191	87405
5191	87406
5191	79123
5191	53849
5191	7031
5191	41013
5191	101095
5192	94295
5192	65064
5192	20445
5192	1781
5192	31906
5192	2106
5193	15319
5194	36423
5194	5074
5195	41439
5196	50965
5196	105994
5196	106055
5196	61500
5196	8173
5196	106143
5196	52151
5196	41054
5196	110650
5196	67877
5197	91593
5197	89510
5197	8860
5197	30029
5197	88838
5197	97041
5198	83542
5198	92270
5198	92271
5198	12510
5198	20873
5199	32073
5199	4958
5199	97318
5199	42143
5199	3068
5199	84630
5200	108861
5201	37792
5201	6033
5202	9037
5202	87320
5202	2256
5202	94600
5203	73031
5204	57504
5205	60523
5205	68538
5206	83094
5207	98141
5208	100532
5209	87716
5209	104869
5210	37303
5211	1618
5212	98291
5212	44864
5213	85578
5213	88383
5213	102108
5213	102113
5214	88424
5214	86558
5214	14191
5214	9646
5214	30516
5214	106681
5214	5165
5214	110710
5215	106105
5216	6616
5216	79126
5216	40154
5217	70291
5217	95448
5218	41990
5218	69292
5218	335
5218	6617
5219	90095
5219	55181
5219	12688
5219	2696
5219	17034
5220	22806
5220	104883
5221	88304
5221	95665
5221	95694
5221	25783
5222	59381
5223	29470
5224	84145
5224	97640
5224	81401
5224	108482
5224	76272
5224	29470
5224	69627
5224	80244
5224	101790
5224	17048
5224	82345
5224	71057
5224	63561
5224	30061
5224	39107
5224	26264
5224	98439
5224	109242
5225	83288
5225	85818
5226	72270
5226	1645
5226	65000
5227	77279
5228	106039
5229	93923
5230	34786
5230	8748
5230	88350
5230	3486
5230	18269
5230	104632
5231	98626
5231	54281
5232	80463
5233	3660
5234	84015
5234	17031
5234	94064
5234	55722
5234	46773
5234	33449
5235	6562
5235	65492
5235	97747
5235	21307
5235	48824
5236	41885
5237	85295
5237	85296
5237	35052
5237	94207
5237	32267
5238	30054
5238	10010
5238	100754
5238	106913
5239	9280
5239	100889
5240	87928
5240	87930
5241	52435
5241	1145
5241	10968
5242	51206
5243	22041
5244	20132
5245	13938
5246	88371
5247	23568
5247	25711
5247	67867
5247	90364
5247	74389
5247	17956
5247	96018
5247	36920
5248	45239
5248	1397
5248	23831
5248	96885
5248	46421
5248	41558
5248	356
5248	9719
5248	25928
5249	78289
5250	17488
5251	76352
5251	55594
5252	83570
5252	50687
5252	5828
5253	100203
5253	100204
5254	51741
5255	34032
5256	67848
5256	47222
5256	2696
5256	7538
5257	41576
5257	27775
5257	19344
5258	90607
5258	93915
5258	98031
5259	89751
5260	83867
5261	30247
5261	13413
5262	80631
5263	89723
5263	89724
5264	51600
5265	42272
5266	91348
5267	78192
5268	77908
5268	34727
5268	41459
5268	9328
5268	69506
5268	98114
5268	45476
5268	25665
5268	8458
5268	2536
5268	11997
5268	51429
5269	94206
5270	4318
5271	90851
5271	34417
5271	3739
5272	5118
5272	55793
5272	3085
5272	67877
5273	88288
5274	8808
5274	88673
5275	43090
5275	50932
5275	84567
5276	85175
5277	95482
5278	41337
5278	90117
5279	28881
5279	97738
5279	17618
5280	19797
5280	94312
5280	94872
5281	32252
5281	59309
5282	6945
5282	55426
5283	50714
5283	25549
5284	82906
5284	69292
5284	55967
5284	84069
5284	30484
5284	19604
5284	22918
5284	68918
5284	69292
5284	92253
5284	6196
5284	47
5284	47114
5284	15373
5284	93386
5284	82965
5284	93908
5284	95912
5284	16599
5284	17048
5284	103546
5284	14217
5284	74966
5285	20840
5285	11320
5286	40232
5286	101711
5287	32429
5287	93615
5287	32787
5287	99954
5287	7521
5287	51405
5288	67653
5288	67746
5288	105627
5288	12931
5288	48763
5289	65623
5289	22523
5290	81085
5290	19920
5290	998
5291	36340
5292	5670
5292	43602
5292	39774
5293	86528
5293	25711
5293	28247
5294	83623
5294	83655
5294	92046
5294	92469
5294	92690
5294	10683
5294	21283
5294	94224
5294	96863
5294	103274
5294	105588
5294	107456
5294	101443
5295	61137
5296	23564
5296	1563
5296	5859
5297	3895
5298	82011
5299	4444
5299	33469
5300	30429
5300	84796
5301	83748
5302	89004
5303	53752
5303	92703
5303	104319
5304	92884
5304	8630
5304	96830
5305	41576
5305	9196
5305	49823
5305	19263
5305	101523
5306	6363
5306	72277
5306	61242
5306	1328
5307	25562
5307	38652
5307	21481
5307	92827
5307	7130
5307	62220
5308	215
5309	3960
5309	14786
5310	20166
5311	86699
5311	106921
5311	107053
5312	46201
5312	11913
5312	5278
5313	14358
5313	93252
5313	106394
5314	4251
5315	81886
5315	45612
5316	60312
5316	87650
5317	20347
5318	89200
5318	43749
5318	60487
5318	2306
5318	34234
5318	16555
5318	8244
5319	9050
5319	5843
5320	83954
5320	89242
5321	24802
5321	90298
5321	44608
5322	19537
5322	96237
5322	13516
5323	71863
5323	95084
5324	230
5324	45239
5324	103858
5324	12407
5325	20528
5326	70973
5327	26783
5327	58810
5328	96380
5328	96407
5329	88127
5329	80919
5330	87108
5330	4536
5331	78104
5331	70919
5331	5337
5331	83285
5331	83286
5331	39929
5331	12935
5331	27802
5331	9459
5331	93374
5331	64903
5332	93349
5333	61228
5333	4975
5333	63840
5333	92183
5333	35660
5334	90791
5334	94980
5334	75835
5335	84782
5335	86219
5335	67546
5335	1165
5335	88838
5335	15788
5335	110742
5336	61168
5336	87083
5336	87819
5336	50824
5337	22960
5338	84559
5339	39311
5339	3469
5340	101743
5340	22791
5340	1971
5341	87877
5341	87877
5341	28389
5341	33172
5341	101785
5341	37085
5341	101822
5341	102970
5341	104093
5341	2306
5341	104968
5341	104969
5341	26992
5341	105074
5341	105616
5341	105617
5342	96213
5342	21231
5343	87868
5344	28903
5344	9622
5344	94240
5344	15298
5344	42311
5344	69524
5345	91623
5346	55908
5346	83621
5346	40679
5346	6609
5347	49587
5347	99930
5347	43593
5347	105747
5347	22903
5347	68122
5347	109997
5348	22467
5348	48855
5348	2428
5349	56204
5350	5859
5351	67220
5351	25768
5351	62363
5352	10826
5353	51750
5353	102922
5354	99982
5355	2669
5355	46388
5355	40464
5356	106293
5356	46505
5356	72786
5356	63690
5356	110347
5357	23885
5358	43628
5359	82971
5359	60985
5359	9190
5360	4506
5360	87665
5360	27613
5360	94080
5361	13419
5362	789
5363	85500
5363	85501
5363	85587
5363	4758
5364	81608
5364	85289
5364	6879
5365	87773
5365	36728
5366	10987
5367	86970
5367	13810
5368	2216
5368	91765
5368	61571
5368	41871
5368	67560
5369	22821
5369	96888
5369	96917
5369	7307
5369	16466
5369	13854
5369	105759
5370	15817
5370	29118
5370	3077
5370	69818
5370	8405
5370	72869
5370	101813
5370	9568
5371	90848
5372	87646
5372	94495
5373	11964
5373	87799
5374	86736
5375	1645
5375	6333
5375	412
5376	8504
5376	46319
5376	60959
5377	1382
5377	8554
5377	69920
5377	24823
5377	25443
5378	37470
5378	83891
5378	7579
5378	20919
5378	736
5379	4092
5379	62001
5379	4513
5379	7820
5379	55987
5379	67546
5379	6761
5379	15526
5379	67809
5379	79126
5379	10034
5379	37745
5379	37
5379	10449
5380	46651
5380	74038
5380	83570
5380	23697
5381	55118
5382	13689
5382	1297
5382	94073
5382	86974
5382	7302
5382	10449
5383	33
5383	53417
5383	26368
5383	70617
5383	47483
5383	49541
5384	43047
5384	45999
5385	69601
5385	105456
5385	44197
5385	55628
5385	108457
5386	89561
5386	1008
5386	24598
5387	86748
5387	40211
5388	78512
5388	7643
5388	90490
5389	99139
5389	99270
5389	49988
5389	49108
5389	75025
5389	68596
5390	5424
5390	88456
5390	88457
5390	29807
5390	67877
5390	45239
5390	2366
5390	366
5390	35314
5390	49502
5390	4063
5390	55985
5390	98439
5390	104929
5390	83438
5390	105545
5391	87545
5391	82000
5391	2814
5391	2813
5391	92779
5391	11259
5392	5115
5393	37760
5393	87471
5393	33530
5393	88480
5394	25222
5394	41419
5394	9085
5394	5883
5395	94961
5396	72292
5396	17904
5396	18121
5396	6697
5396	99765
5396	93719
5396	3582
5396	17904
5396	50969
5396	31039
5396	17905
5396	17022
5396	11737
5396	63586
5396	107915
5397	88298
5397	40672
5398	33955
5398	24565
5398	47733
5399	88424
5400	7031
5400	15373
5400	16752
5401	77063
5402	61947
5403	63650
5403	88487
5403	64059
5403	88543
5403	88910
5403	88911
5403	63678
5403	97732
5403	97805
5403	97806
5403	63650
5404	4561
5404	85705
5405	85576
5406	94768
5406	103636
5407	74709
5408	71944
5408	27580
5408	23703
5408	10635
5409	85604
5409	85605
5409	18888
5409	92473
5409	99821
5409	99844
5409	104039
5409	24140
5409	67241
5409	105947
5409	40681
5409	105991
5409	70892
5409	108200
5409	99821
5410	5693
5411	22324
5411	56204
5412	99490
5412	104187
5413	7496
5414	23192
5415	78018
5415	77763
5416	12581
5416	25568
5417	92900
5417	88938
5417	13363
5417	99867
5417	94607
5417	5776
5418	31928
5419	42898
5419	12798
5419	8267
5419	2277
5419	29125
5419	23770
5419	20631
5419	4031
5419	25538
5419	99128
5419	88459
5419	12798
5419	9264
5420	4056
5420	90596
5420	102900
5420	95452
5421	85747
5421	86213
5421	92687
5421	92904
5421	92905
5421	45950
5421	95549
5422	14248
5422	57856
5423	26287
5423	68581
5423	10277
5423	23341
5424	52664
5424	94446
5424	53391
5425	92808
5425	21216
5425	66422
5425	22911
5425	17184
5425	105862
5425	4010
5425	101584
5426	78148
5427	42665
5427	71536
5427	89628
5427	59381
5428	37835
5429	85775
5429	88952
5429	89005
5429	93640
5429	85775
5430	15788
5431	10894
5431	87882
5431	69069
5431	76567
5431	10894
5431	43649
5432	92156
5433	12388
5433	13806
5434	101926
5434	101927
5435	26802
5435	3908
5435	9354
5435	33357
5436	15782
5437	88629
5438	93164
5439	3520
5439	75731
5439	91853
5439	81489
5439	25857
5439	4769
5440	5295
5440	48551
5440	93859
5440	41363
5441	85970
5441	85993
5441	93679
5442	17525
5443	51793
5443	73482
5443	98307
5443	7715
5443	19537
5444	65309
5444	41419
5445	3319
5446	66341
5447	14798
5447	75370
5447	43851
5447	3832
5447	9326
5447	33376
5447	5802
5447	1794
5447	84539
5447	44970
5447	3832
5448	11121
5449	83136
5450	343
5450	14636
5451	558
5451	42570
5451	70086
5451	66084
5451	66015
5451	89309
5451	2106
5451	27423
5451	1256
5451	55647
5451	97829
5451	10013
5451	105995
5451	49986
5451	9855
5451	708
5451	46286
5451	109364
5451	109365
5451	109384
5451	108234
5452	83799
5452	39949
5452	7077
5453	97812
5453	35570
5453	100854
5453	82572
5454	93956
5455	62932
5455	72011
5456	2428
5456	89752
5456	74985
5456	76956
5457	101996
5457	22961
5457	51711
5458	9709
5459	92632
5459	94988
5459	94989
5459	94990
5459	39778
5460	95582
5461	24623
5462	84832
5463	94194
5463	97987
5464	15000
5464	1397
5464	5602
5464	17720
5464	78709
5464	29189
5464	1981
5464	3220
5464	5849
5464	100897
5464	4990
5464	5336
5464	2995
5464	58810
5465	58411
5466	108626
5466	722
5466	19382
5466	108919
5466	64534
5466	1365
5466	45615
5466	109057
5466	50593
5466	29858
5467	3977
5467	25977
5467	34102
5468	3813
5468	30530
5468	9190
5468	4327
5469	92314
5469	92435
5469	51662
5469	32941
5470	87610
5470	87639
5470	103600
5470	103601
5470	82779
5470	98813
5471	75352
5472	4331
5472	13631
5472	76169
5472	48314
5472	101092
5472	38291
5472	96398
5472	40669
5472	14082
5472	101215
5472	103280
5472	24874
5472	8831
5472	103281
5472	58882
5472	46365
5472	6108
5472	110173
5473	7172
5473	20214
5473	319
5473	4249
5473	49306
5474	84039
5474	89177
5475	90773
5475	75966
5475	103252
5475	4318
5475	2702
5475	64651
5475	84714
5475	6172
5475	106665
5475	98644
5475	6422
5475	85066
5476	26269
5476	75662
5476	13267
5476	57546
5476	31656
5476	96974
5476	96992
5476	10342
5476	97012
5477	38440
5478	41668
5479	41013
5479	92106
5479	92267
5479	94181
5479	94218
5480	11240
5480	104033
5480	20889
5480	104097
5480	9209
5481	83776
5481	85155
5481	16352
5481	67358
5482	42572
5482	6964
5482	41091
5482	28734
5482	104116
5482	4935
5482	77231
5482	37697
5482	34888
5482	93664
5482	4302
5482	100465
5483	53120
5483	13624
5483	86544
5483	41903
5484	48574
5485	85718
5485	18032
5485	85773
5485	2200
5485	85923
5485	88467
5485	88525
5485	88527
5485	52164
5485	32337
5485	88931
5485	88932
5485	89249
5485	89350
5485	89830
5485	82825
5485	89906
5485	94746
5485	94747
5485	20051
5485	95089
5485	97368
5485	54794
5485	97730
5485	97731
5485	98242
5485	17796
5485	98411
5485	98460
5485	88980
5485	13549
5485	107645
5485	107736
5485	61117
5485	108052
5485	110213
5486	65088
5486	594
5486	95339
5487	4318
5488	73080
5489	4561
5489	99230
5489	15206
5490	44074
5490	37808
5490	36210
5491	3549
5491	910
5492	45920
5492	22769
5492	73801
5492	88180
5492	29020
5492	10899
5493	88686
5493	8019
5493	38407
5493	89302
5494	107516
5495	2279
5496	20755
5496	1872
5496	44649
5496	52714
5496	17184
5496	48741
5496	101525
5496	15529
5497	30749
5498	85054
5499	92757
5500	14567
5500	1495
5500	8814
5501	51304
5501	55852
5501	87369
5502	89183
5502	76466
5502	7059
5502	89924
5502	5483
5502	100113
5503	36396
5504	94037
5505	14778
5505	6301
5505	108601
5505	2184
5505	11716
5505	108620
5505	19660
5506	46088
5507	105118
5507	105284
5507	45344
5507	70337
5507	69968
5508	9586
5508	101021
5508	12948
5509	2103
5510	44676
5511	64024
5511	14501
5511	27344
5512	24737
5512	82165
5512	518
5512	358
5512	14942
5512	83546
5512	58318
5512	22249
5512	71530
5513	83789
5513	48159
5513	95966
5513	67736
5513	95984
5514	20166
5515	75352
5515	91829
5515	5350
5515	78970
5515	92462
5515	92516
5515	69071
5515	4755
5515	84554
5516	40920
5516	33115
5517	93123
5518	101669
5518	58484
5519	26786
5519	44983
5520	45674
5520	89648
5521	23052
5521	43303
5521	91909
5521	14494
5521	8347
5522	56011
5522	59723
5522	7458
5523	88676
5523	47864
5523	78
5523	110711
5524	81886
5525	86599
5525	86600
5525	30609
5525	86627
5525	86629
5525	86644
5525	87051
5525	94200
5525	60463
5525	94995
5525	6066
5526	37777
5527	5954
5527	91798
5527	91819
5527	98143
5527	8636
5527	59418
5528	77267
5529	14210
5530	83440
5530	41013
5530	29125
5531	45239
5531	56469
5531	89048
5532	97666
5532	99819
5532	99820
5532	99880
5533	1267
5533	67411
5533	34107
5534	84984
5534	84985
5534	108047
5534	108100
5534	13715
5534	108123
5534	108124
5534	104074
5534	32647
5534	45736
5534	52322
5535	11046
5535	2098
5535	57237
5535	89197
5536	52435
5537	22803
5537	86125
5537	85110
5537	4181
5538	14264
5538	409
5538	65000
5538	64348
5538	83799
5538	4442
5538	40441
5538	5424
5538	106006
5538	88384
5538	62033
5538	72086
5538	7002
5538	87815
5538	71863
5538	108370
5539	88837
5539	92825
5539	14619
5540	86389
5540	7835
5540	104262
5541	79702
5541	28108
5542	3278
5542	38598
5542	80968
5542	12921
5543	33119
5543	111419
5544	5214
5545	85833
5545	99192
5545	99193
5546	11861
5546	88033
5547	48394
5547	36524
5548	78495
5548	86769
5548	3515
5548	55497
5548	51365
5548	18952
5549	72069
5550	1089
5550	40234
5550	9467
5551	20652
5552	84530
5552	63012
5552	335
5553	61694
5554	99159
5555	12296
5555	67877
5556	83438
5556	46572
5556	12427
5556	91515
5557	92413
5558	74831
5558	13027
5559	84795
5559	94934
5559	44028
5560	56204
5561	14402
5561	91476
5561	55572
5562	27361
5562	84257
5562	29620
5562	12462
5562	11621
5562	27592
5562	89095
5562	65195
5562	93712
5562	16523
5562	58019
5562	8987
5563	7302
5563	92584
5563	20829
5563	22466
5564	50020
5564	4163
5564	103297
5565	88669
5565	84555
5565	50129
5566	9333
5567	20316
5567	17358
5567	59549
5567	109872
5567	15667
5567	10601
5567	109873
5567	10171
5568	2459
5568	104599
5569	87613
5570	66664
5570	65557
5570	95668
5570	95827
5570	95828
5570	14696
5570	7203
5570	47131
5570	56397
5570	10105
5570	100413
5570	5211
5570	100596
5570	108263
5570	75479
5570	65229
5570	1327
5570	84555
5570	11025
5571	2445
5571	36627
5571	85110
5571	47494
5571	67863
5571	69627
5571	4747
5571	65656
5571	102413
5571	67095
5571	2445
5571	43602
5571	96041
5571	105305
5572	84555
5572	20750
5573	15475
5573	41588
5573	59092
5574	20079
5574	335
5574	20729
5574	99202
5574	51429
5574	5399
5575	100073
5576	65283
5576	30560
5576	43716
5576	31510
5576	4115
5577	422
5577	1428
5577	7211
5577	918
5577	103189
5577	103874
5577	5828
5578	91078
5578	95166
5578	99172
5579	83226
5579	18216
5579	44731
5579	13009
5579	60704
5579	34550
5579	12347
5579	58644
5579	16995
5579	9911
5579	30434
5579	12004
5579	12347
5579	36879
5580	74952
5580	58074
5580	27742
5581	3922
5581	99347
5581	100186
5581	96628
5581	97607
5581	57140
5582	86893
5582	75474
5582	50797
5582	87007
5582	99344
5582	99509
5582	99510
5582	102579
5582	109636
5582	109637
5583	94280
5583	56204
5583	34616
5584	56204
5584	86501
5584	307
5585	85896
5585	26405
5585	34816
5585	17817
5586	72969
5586	66211
5586	5056
5586	31821
5586	101503
5586	101879
5586	37771
5586	455
5587	93240
5587	88345
5587	25156
5587	33724
5587	42489
5588	83409
5588	95971
5589	83455
5589	9123
5589	57077
5589	79293
5589	86609
5589	95312
5590	93438
5590	67869
5590	95246
5590	95247
5591	92918
5591	8080
5591	1908
5592	71434
5592	86195
5592	14494
5592	91996
5592	81394
5592	106587
5593	71693
5593	58753
5593	10401
5593	70733
5594	47872
5594	5061
5594	10702
5594	4138
5594	35314
5594	78144
5595	48641
5596	88936
5597	60774
5598	1032
5599	22419
5599	73482
5599	19872
5599	10739
5599	59518
5600	72809
5600	43433
5600	63923
5601	93123
5602	14314
5602	94192
5602	46913
5602	94231
5602	32725
5602	41158
5602	14175
5603	85110
5603	28564
5603	10422
5603	8394
5604	23494
5604	39111
5604	95667
5604	10875
5604	36841
5604	1750
5604	14636
5605	3673
5606	478
5606	86904
5606	88813
5607	91387
5607	4873
5607	91390
5607	98048
5607	105132
5607	87986
5607	39347
5608	28624
5609	8356
5609	39175
5610	103644
5611	89798
5611	71598
5611	97350
5611	52435
5611	4104
5612	8274
5612	19851
5612	42053
5613	110514
5614	15140
5614	84359
5614	41775
5614	48021
5614	84424
5614	28514
5614	6363
5614	52435
5614	91924
5614	22918
5614	1832
5614	93403
5614	93404
5614	89618
5614	26411
5614	98662
5614	98684
5614	72869
5614	27990
5614	110488
5614	230
5614	106950
5615	25562
5615	41447
5615	15036
5616	88609
5616	90961
5616	69543
5616	93749
5616	96566
5616	78760
5617	74485
5617	100289
5618	24632
5618	22391
5619	16953
5620	83712
5620	84022
5620	86185
5620	33165
5620	90933
5620	58487
5620	23875
5620	11049
5620	12938
5620	45905
5620	33021
5620	105667
5621	3465
5622	49566
5623	87731
5623	92970
5623	22434
5623	70024
5623	104148
5624	52435
5624	41221
5625	71707
5626	86129
5627	72809
5627	34233
5628	89883
5628	28005
5628	96476
5628	96590
5628	57025
5628	111744
5629	34072
5629	40216
5629	74273
5630	28012
5630	24823
5630	97143
5630	68754
5630	99732
5630	85066
5630	95020
5630	53491
5630	78655
5631	50338
5631	50339
5631	6509
5631	1531
5631	14358
5631	230
5631	95684
5632	89756
5632	17048
5632	92961
5632	90103
5632	92995
5632	92996
5632	88243
5633	3919
5633	52520
5633	88838
5633	6461
5633	4072
5633	80146
5633	6410
5633	109749
5634	4642
5634	68761
5634	75677
5634	75519
5634	31362
5634	74547
5635	32735
5636	20628
5636	40954
5636	83715
5636	84260
5636	85939
5636	98900
5636	8739
5637	94680
5638	83184
5638	86975
5638	29070
5638	86668
5638	95990
5638	55042
5638	96907
5638	43618
5638	14857
5638	32305
5639	60783
5639	6761
5639	86265
5639	55278
5639	79819
5639	106667
5639	9776
5640	87849
5641	94371
5641	31861
5641	17651
5641	94424
5641	41199
5641	14168
5642	58935
5642	94288
5642	75162
5642	45239
5643	14291
5644	81953
5645	84003
5645	73977
5645	14803
5645	105857
5646	16209
5646	48551
5647	1165
5648	17414
5648	87200
5648	20251
5648	7536
5648	87308
5648	91211
5648	2224
5648	110367
5648	21577
5649	39865
5650	40504
5650	13830
5650	31030
5650	57431
5651	212
5652	10736
5653	5236
5654	63840
5654	2758
5654	27327
5654	58644
5655	99916
5656	14810
5656	21846
5657	21140
5657	61242
5657	10009
5657	92803
5657	46899
5657	94659
5657	56011
5657	98057
5657	40720
5658	5510
5658	93894
5658	92222
5658	93951
5659	84351
5659	56924
5659	7130
5659	27372
5660	5849
5660	84530
5660	80244
5661	41891
5661	13595
5661	89462
5661	89492
5661	56822
5661	91302
5661	85382
5661	33590
5661	80127
5661	70126
5662	97923
5663	4983
5663	2733
5664	66311
5664	6496
5664	88896
5664	56715
5664	4367
5664	88981
5664	1678
5664	89162
5664	6912
5664	41013
5664	31628
5664	59359
5664	44825
5664	95410
5664	95843
5665	6769
5666	14416
5667	2873
5667	38132
5667	90775
5667	96950
5667	38132
5667	83987
5667	98905
5667	56714
5667	15529
5668	47782
5668	16893
5669	41052
5669	90989
5669	7307
5669	79351
5669	22615
5669	30981
5669	2761
5669	10118
5669	84680
5669	3676
5669	97554
5669	39282
5669	98118
5669	19719
5669	41052
5669	11828
5670	54529
5670	27475
5670	91184
5670	91185
5670	91313
5670	30006
5670	26559
5670	37868
5670	8359
5670	92394
5670	76230
5670	33874
5670	83437
5670	103559
5670	104025
5670	104026
5670	104082
5670	48448
5671	87611
5671	58445
5671	87612
5671	105693
5672	88142
5672	104440
5673	42644
5674	81648
5674	7302
5674	94847
5675	57383
5675	90871
5676	36711
5676	88278
5676	92378
5676	36451
5676	10610
5676	100909
5676	100929
5676	62328
5676	79816
5676	94672
5676	105547
5676	102039
5677	62506
5677	16106
5677	62680
5677	49833
5677	79362
5677	11477
5677	99833
5677	26182
5677	82512
5677	19629
5677	71190
5677	34372
5677	105478
5677	44625
5677	21732
5677	18855
5677	21859
5677	7886
5678	6114
5679	35608
5680	84983
5680	106230
5681	4052
5682	78873
5682	109998
5683	68580
5683	92036
5683	92552
5683	93165
5683	93258
5683	12620
5683	98518
5683	46787
5683	76001
5683	98530
5683	99640
5684	72845
5684	43628
5684	91852
5684	61291
5684	6544
5685	14574
5686	21867
5686	41424
5687	85190
5688	9298
5688	4896
5689	67415
5689	26766
5689	35306
5689	75676
5690	101612
5690	103112
5691	12256
5692	27077
5692	451
5693	92900
5693	33172
5694	4780
5694	15533
5695	85582
5696	6944
5696	5516
5696	10986
5696	51010
5696	46858
5697	83721
5697	36489
5697	88609
5698	7509
5698	5028
5698	92199
5698	10473
5699	99757
5700	18582
5700	92598
5700	26561
5700	44342
5701	62185
5701	43139
5702	92130
5703	79559
5703	10079
5704	71637
5704	91154
5705	77292
5705	6940
5706	18287
5706	76757
5706	15686
5707	52743
5707	90755
5708	99777
5709	16520
5710	44803
5711	32694
5712	99217
5713	9705
5713	33056
5714	712
5715	84628
5715	25316
5715	87608
5716	87459
5716	3110
5716	8796
5717	9032
5718	31829
5719	31590
5720	878
5721	82607
5721	17328
5722	92324
5722	11636
5722	28304
5722	30796
5723	85843
5723	85857
5723	29974
5723	68438
5723	73351
5724	84724
5724	84765
5724	68836
5725	72303
5726	50969
5726	66279
5726	77472
5726	13592
5726	95481
5726	17020
5727	1540
5727	43767
5727	28264
5728	84871
5728	27475
5728	71246
5728	8962
5728	86316
5729	51429
5729	4972
5730	47207
5731	91812
5731	7521
5732	88536
5732	88537
5732	67326
5733	28833
5733	46858
5734	81597
5734	91129
5735	11897
5735	89392
5735	96858
5735	99106
5735	58535
5735	28824
5736	93439
5736	94828
5737	10237
5738	35726
5738	44090
5739	42426
5739	94271
5739	13311
5740	95874
5740	50374
5741	16366
5741	15033
5741	11754
5742	2224
5743	93056
5743	8035
5744	66443
5744	24143
5745	55718
5745	10359
5745	69523
5745	87709
5745	95772
5745	7002
5745	267
5746	101797
5747	71454
5747	91178
5747	20254
5747	48177
5747	94655
5747	95745
5747	20254
5747	52319
5748	5345
5748	1908
5748	54520
5748	3068
5748	5427
5749	3950
5750	28833
5750	102710
5750	102861
5751	5980
5752	3805
5753	85623
5754	38084
5754	45406
5754	101365
5755	70206
5756	99806
5756	59685
5756	99851
5756	102676
5756	61955
5757	34196
5757	22605
5757	8525
5758	83668
5759	2995
5760	1150
5760	9774
5761	65247
5762	37398
5763	16713
5763	1667
5764	51501
5764	94449
5765	23200
5765	91064
5765	96462
5765	42033
5765	103540
5766	12248
5766	36808
5766	84057
5766	84408
5766	4510
5766	34516
5766	85540
5766	86447
5766	86448
5766	27600
5766	57507
5766	1118
5766	27600
5766	2181
5766	86448
5766	93389
5766	93396
5766	57507
5766	96916
5766	16
5766	35494
5766	86448
5766	547
5766	14056
5767	71363
5767	70585
5767	86857
5768	83688
5768	4920
5768	47339
5768	97219
5768	33884
5768	15544
5768	102430
5768	10770
5768	107119
5768	10000
5768	107131
5768	36786
5768	40471
5768	23344
5768	77962
5769	71746
5769	91355
5769	24302
5769	67108
5769	87603
5769	78424
5769	67971
5769	38515
5769	95434
5769	61092
5769	95723
5769	98122
5769	38400
5769	58013
5769	33299
5769	54040
5769	82126
5769	87603
5769	38515
5769	40338
5770	10525
5771	87653
5771	52971
5771	100279
5771	66005
5772	69591
5772	14714
5772	5802
5773	33989
5773	96501
5774	99146
5774	45975
5774	79150
5774	86188
5775	86290
5775	25740
5775	4392
5775	86779
5775	16765
5775	24633
5775	86884
5775	16224
5775	65074
5775	37312
5776	51625
5776	88005
5776	12977
5777	34700
5778	37057
5778	878
5778	8492
5779	46859
5779	75
5780	96847
5781	4128
5781	35568
5782	25458
5782	83838
5782	93990
5782	96593
5783	12940
5783	59881
5783	94434
5783	8224
5783	106818
5783	106836
5783	106837
5783	106866
5783	106909
5783	50779
5783	34308
5783	107891
5783	6369
5784	10709
5785	1986
5785	38652
5785	11279
5785	25814
5785	3372
5785	98203
5785	66853
5785	6878
5785	20047
5786	57504
5787	61444
5788	84650
5788	76770
5788	70356
5788	90083
5788	103590
5788	83254
5789	65000
5790	62331
5790	43491
5790	107255
5791	1213
5791	61967
5792	89484
5792	19814
5792	94060
5792	11979
5793	81825
5793	5208
5794	41285
5795	83930
5795	38111
5796	1371
5796	75353
5796	16003
5796	92649
5796	4921
5796	28827
5796	101181
5796	33376
5796	26802
5797	86747
5797	72698
5798	19148
5799	20614
5799	47809
5799	94837
5799	2407
5799	34831
5800	43218
5800	91177
5800	54288
5800	2279
5800	53185
5800	100094
5801	55133
5801	11996
5801	17812
5801	10434
5802	27494
5802	43110
5803	67619
5803	64343
5803	87228
5803	87416
5803	14945
5803	111284
5803	61467
5803	41363
5803	12809
5804	84988
5804	93781
5805	26368
5805	49495
5806	95455
5806	75470
5807	54159
5807	22003
5807	69870
5807	32645
5807	2536
5807	107477
5807	14440
5807	109396
5807	109420
5807	109444
5807	92563
5807	98985
5808	80495
5809	5369
5810	20018
5810	90572
5810	90573
5810	104333
5810	104335
5811	26064
5811	84455
5811	2052
5811	6827
5811	92477
5811	93874
5811	103267
5811	103288
5811	103289
5811	102559
5811	103339
5811	33058
5811	105503
5811	1715
5812	16818
5813	4926
5814	1754
5814	55007
5814	52434
5815	8187
5815	52257
5815	96279
5815	43327
5816	28050
5817	66411
5817	59700
5817	70221
5818	33723
5818	14255
5818	67354
5818	46184
5818	44097
5818	34165
5819	10281
5819	28958
5819	18858
5819	99194
5819	21231
5819	10281
5819	44925
5819	3055
5819	61571
5820	85519
5820	63420
5820	57004
5820	19851
5820	39628
5820	86196
5820	93189
5820	93388
5820	77952
5820	94132
5820	94133
5820	56212
5820	102795
5820	58426
5820	103090
5820	77952
5820	11696
5820	109968
5821	64359
5822	94214
5823	84496
5823	61548
5823	98451
5824	100028
5825	926
5825	98647
5826	25491
5826	14401
5826	84051
5826	105827
5827	9705
5827	3673
5827	13211
5827	39317
5827	31857
5827	54469
5827	10710
5827	6648
5827	84293
5827	24658
5827	10884
5827	84293
5827	3932
5827	84630
5827	75979
5827	7277
5827	74038
5827	84476
5827	45082
5827	56433
5827	9381
5827	106766
5828	84770
5828	84837
5828	49247
5828	27857
5828	48530
5828	61150
5828	25489
5828	3429
5828	98824
5829	10013
5830	66
5830	25265
5830	2075
5830	59848
5830	2459
5830	3486
5831	97816
5832	4513
5832	64279
5832	85956
5832	96822
5832	1620
5833	79724
5833	98784
5834	63326
5835	28936
5835	104326
5836	89787
5836	54288
5836	89900
5836	22541
5836	40679
5836	28400
5836	16446
5836	14155
5836	13930
5836	67877
5836	56292
5836	1706
5836	85641
5836	107109
5836	859
5836	926
5836	23654
5836	2758
5836	107184
5836	107185
5836	107217
5836	10453
5837	24823
5838	17180
5838	4075
5839	28184
5840	75403
5841	84152
5841	72155
5841	84206
5841	72384
5841	104696
5841	48314
5841	5251
5841	65672
5841	74294
5841	15938
5841	92298
5841	104468
5841	99690
5841	105257
5842	83796
5842	73487
5843	94248
5843	98667
5843	66541
5843	19359
5844	98385
5845	30711
5846	83625
5846	87860
5846	87896
5846	85170
5846	62731
5846	90908
5846	90946
5846	56413
5846	1490
5846	32861
5846	106771
5846	12921
5846	110152
5847	19153
5848	87801
5848	102098
5849	60102
5850	60274
5850	96287
5851	91753
5851	76936
5851	50374
5852	28833
5853	81758
5853	24235
5853	96750
5854	558
5854	22328
5855	15990
5855	38874
5855	365
5855	56498
5855	2854
5855	87835
5855	38874
5855	58882
5855	29125
5855	104680
5855	88264
5855	14917
5855	38874
5855	58882
5855	7953
5856	2106
5856	76204
5856	99782
5857	46604
5857	83985
5857	76303
5857	46290
5857	2279
5857	16344
5857	10635
5857	54325
5857	97654
5857	97689
5857	20559
5857	81025
5857	19924
5857	100665
5857	42179
5857	48983
5857	79953
5857	66850
5857	47324
5857	15373
5857	30329
5858	69331
5859	66193
5859	88119
5859	60593
5859	34072
5859	85
5859	54099
5859	91901
5859	34072
5860	7643
5860	84089
5860	84090
5860	81114
5860	16798
5860	43630
5860	91140
5860	91142
5860	68903
5860	28492
5860	10823
5860	91203
5860	7755
5860	8997
5860	67135
5860	14394
5860	38657
5860	83100
5860	40373
5860	9264
5860	29299
5860	92380
5860	15518
5860	92399
5860	71268
5860	69089
5860	61635
5860	10860
5860	123
5860	59549
5861	51723
5861	22258
5861	13485
5861	110593
5861	105890
5861	13606
5861	110654
5862	32493
5862	1462
5863	92011
5863	23192
5864	73931
5865	91965
5866	93825
5866	93844
5866	93845
5866	94094
5866	11512
5866	95707
5866	34068
5866	10497
5867	103694
5868	94780
5869	23697
5870	1297
5870	86940
5870	53197
5870	74632
5870	101137
5870	68904
5870	49804
5871	67226
5871	61873
5871	2936
5871	97688
5871	10009
5871	17916
5871	99852
5871	14870
5871	2936
5872	35314
5872	67877
5872	89529
5873	12632
5873	932
5873	2148
5873	95769
5873	2040
5874	30273
5874	11737
5875	6805
5875	60109
5876	36705
5876	65650
5876	82967
5876	37346
5876	66015
5876	88556
5876	23341
5876	88626
5876	94953
5876	93316
5876	41670
5876	97685
5876	98525
5876	18920
5876	98526
5876	52640
5876	98728
5876	98741
5876	98742
5876	98743
5876	12130
5876	98752
5876	88556
5876	66015
5876	13643
5876	4347
5876	54526
5876	7218
5877	36848
5878	95422
5879	1131
5879	85110
5880	17904
5880	17905
5880	93335
5881	88400
5881	94360
5882	93436
5882	490
5883	23295
5883	10525
5884	61447
5884	85749
5884	85759
5884	16301
5884	1736
5884	5236
5884	62347
5884	16301
5884	1131
5884	69225
5885	92718
5886	70616
5887	90097
5888	89396
5889	69788
5890	15422
5890	71514
5890	91288
5890	68065
5890	5991
5890	7163
5890	46691
5890	38230
5890	54796
5890	107941
5891	5350
5891	25966
5892	434
5892	10283
5892	9402
5892	92584
5892	20166
5892	83000
5892	41687
5892	97563
5892	10542
5892	54041
5892	62404
5892	107009
5892	111653
5893	50886
5893	95204
5893	95222
5893	95223
5893	95224
5893	47644
5893	87475
5893	78134
5893	6076
5893	95347
5893	95348
5893	85492
5893	100242
5893	25076
5893	108015
5893	13780
5893	43664
5893	63170
5893	52629
5893	109084
5893	47105
5893	43409
5894	17205
5894	21043
5894	45523
5894	13508
5894	46951
5894	5467
5894	69310
5894	5796
5894	35900
5894	11993
5894	102826
5894	62981
5894	30767
5895	26581
5895	23405
5896	3770
5896	239
5896	98123
5896	844
5897	87606
5897	83750
5898	18871
5899	31892
5899	8224
5900	45406
5901	43675
5901	91778
5901	23575
5902	4304
5903	19820
5903	83207
5903	83208
5904	72270
5905	31942
5905	5019
5905	56282
5905	41276
5905	27066
5905	31972
5905	20738
5906	43628
5906	81657
5907	3879
5907	45365
5908	85391
5908	1207
5908	28158
5908	84118
5909	19425
5910	83536
5911	83292
5911	22971
5911	13930
5911	97461
5911	5859
5912	52767
5913	68476
5913	68761
5914	77736
5914	39112
5915	986
5916	90069
5916	69786
5916	67848
5916	72069
5917	36308
5917	64837
5917	26358
5918	62887
5918	62275
5918	88468
5919	5019
5919	2800
5919	4903
5919	103932
5919	97474
5919	103946
5919	3486
5919	56054
5920	72845
5920	29522
5921	18345
5922	61242
5923	11438
5924	29862
5925	85139
5925	14741
5925	88743
5925	82213
5925	101462
5925	57914
5925	103414
5925	3424
5925	96913
5926	86671
5926	86672
5926	87298
5926	83917
5927	31650
5927	86773
5927	4437
5927	90753
5927	34888
5927	44011
5927	41013
5927	10945
5927	46384
5927	42768
5928	31591
5928	14184
5928	88711
5928	107544
5928	107545
5929	57788
5930	51933
5930	46326
5930	61207
5931	53865
5932	43512
5932	36245
5933	72140
5933	14506
5933	61448
5933	80246
5933	83107
5933	35521
5933	19521
5933	23584
5933	36816
5933	97094
5933	1161
5934	53865
5934	48855
5935	41775
5936	62425
5936	2666
5937	84751
5937	43940
5937	44118
5937	12353
5937	17488
5938	6280
5938	81834
5939	576
5940	3805
5941	95122
5941	106715
5941	106716
5942	63
5942	88532
5942	88886
5942	95013
5942	47252
5942	96071
5942	29535
5942	97274
5943	42453
5944	84143
5944	4219
5944	99573
5944	64881
5944	51236
5945	89470
5945	11737
5946	58038
5947	731
5948	84584
5948	13045
5949	86217
5950	15647
5950	23519
5950	14690
5950	31328
5950	37613
5950	278
5950	52974
5950	29855
5950	37022
5950	7199
5950	1994
5950	23519
5950	3368
5950	24856
5950	69302
5950	5115
5950	12403
5950	60162
5950	14248
5950	31328
5951	65921
5951	90542
5951	10658
5951	102719
5951	101559
5951	15338
5951	106871
5951	106883
5951	76813
5952	95010
5952	97492
5952	97493
5953	10802
5954	82981
5954	72155
5955	18480
5955	27808
5955	5811
5956	13297
5956	49159
5956	1790
5957	67207
5957	85372
5957	67267
5957	69257
5957	53865
5957	7265
5957	11068
5958	85164
5958	2567
5958	55873
5959	26830
5960	52784
5960	39385
5960	53801
5960	36078
5961	39739
5961	6578
5962	22003
5962	30822
5962	101074
5962	27835
5962	3839
5962	108511
5962	64316
5962	84430
5962	24823
5963	38534
5963	87402
5963	1881
5963	93085
5963	74802
5964	88588
5964	41428
5964	89030
5964	93720
5964	23697
5965	85452
5965	27212
5965	722
5965	46847
5965	65403
5965	52767
5965	92176
5965	88029
5965	33363
5965	92177
5965	55985
5965	30578
5965	2459
5965	11381
5965	54064
5966	90153
5967	21815
5967	47266
5968	20837
5968	89966
5968	2246
5968	73242
5968	102039
5968	102171
5968	102172
5969	97141
5970	56517
5970	84864
5970	10105
5971	14304
5971	85841
5972	2971
5972	88202
5973	72665
5974	48341
5974	53674
5974	16818
5974	45996
5974	7244
5975	70051
5976	65414
5976	72572
5977	50374
5978	15759
5979	81658
5979	59700
5979	5946
5979	22463
5979	81713
5980	100387
5981	6236
5981	54634
5982	24235
5983	4302
5983	603
5984	68248
5984	80559
5984	95315
5984	230
5984	95376
5984	962
5985	10862
5985	50293
5985	49906
5985	13083
5985	34333
5985	82462
5985	18272
5985	44093
5986	8035
5987	7002
5988	72270
5988	84515
5988	38132
5988	91483
5989	99775
5989	10065
5989	14740
5989	10717
5990	23723
5991	22003
5991	17141
5991	76921
5992	80369
5993	85100
5994	93620
5994	30939
5994	20166
5995	60985
5995	66443
5996	52435
5996	4318
5996	71830
5997	103379
5998	84073
5998	84080
5998	24709
5999	23341
5999	56016
6000	26821
6000	13508
6000	97122
6001	52920
6001	92216
6001	92233
6001	92234
6001	32499
6001	10738
6001	13303
6001	3322
6001	84051
6002	83845
6003	10253
6003	25385
6004	4007
6004	9070
6004	9135
6004	71273
6004	32232
6004	93135
6004	11885
6004	81886
6004	4780
6004	8052
6004	4007
6005	83375
6005	69277
6005	107431
6005	112000
6005	46127
6006	85216
6007	9969
6008	86022
6008	11130
6008	74786
6009	5670
6009	52615
6010	61401
6010	43820
6011	86558
6011	5216
6011	21760
6012	7295
6012	16354
6012	88675
6012	89618
6013	23963
6014	16231
6015	7636
6016	3805
6016	478
6017	91611
6017	56520
6018	93378
6019	33123
6020	66561
6021	71592
6021	11129
6022	918
6023	1225
6023	83718
6023	83735
6024	52405
6025	19105
6026	88978
6026	38860
6027	16954
6027	50324
6028	86887
6028	18342
6029	76243
6029	2603
6029	85170
6029	85187
6030	29522
6031	32809
6031	93792
6031	105337
6032	45525
6032	93558
6033	33281
6033	28894
6033	64800
6033	96969
6033	27259
6034	72270
6035	77284
6035	23985
6035	40907
6035	77209
6035	92992
6035	81623
6035	99203
6035	103083
6035	72745
6036	78606
6037	95014
6038	2428
6038	42143
6038	22535
6039	34682
6040	62448
6040	25409
6040	101534
6040	49381
6041	17430
6041	31914
6041	17441
6042	71536
6042	5736
6043	95968
6043	95969
6043	96019
6044	62978
6045	85553
6046	102012
6047	6822
6047	55497
6047	48660
6048	7002
6048	95772
6049	22782
6050	85013
6051	18920
6052	28135
6052	107445
6052	61242
6052	110919
6053	2070
6054	83320
6055	98906
6055	102792
6055	104223
6055	2253
6055	32900
6055	13976
6056	92664
6056	92665
6056	80990
6056	44497
6056	30053
6056	78451
6056	107377
6056	79843
6056	24354
6056	55242
6056	97010
6056	9948
6056	3332
6056	109587
6056	50384
6057	12263
6057	38597
6057	8870
6057	97341
6057	16847
6057	41221
6057	22041
6057	70909
6057	45239
6057	67877
6057	731
6057	679
6057	89798
6057	52081
6057	35908
6057	93234
6057	109401
6058	31053
6059	14041
6060	88372
6060	73912
6060	10710
6060	69310
6060	8052
6060	41100
6060	14255
6060	18116
6060	94012
6061	55463
6061	15186
6062	88184
6062	39964
6062	10009
6063	3972
6063	77322
6063	85894
6063	15348
6063	89318
6063	32352
6063	10492
6063	60693
6063	35314
6063	86535
6063	8046
6063	3839
6063	110774
6064	51037
6064	84563
6064	67424
6065	96389
6066	41367
6066	5012
6066	95807
6066	76272
6066	32390
6066	31297
6066	13055
6067	28461
6068	2183
6068	40182
6068	75
6068	61242
6068	94222
6068	94239
6069	679
6070	73553
6071	27889
6071	576
6071	43203
6071	14508
6071	22045
6071	5214
6071	60200
6072	96966
6072	17324
6073	35436
6073	103465
6074	87865
6074	99666
6075	13228
6075	7323
6076	12263
6076	13036
6076	279
6076	26165
6076	100604
6076	34892
6076	46360
6076	3293
6077	41905
6078	87383
6078	109318
6078	59447
6078	109330
6079	1523
6080	67411
6080	86125
6081	98876
6082	10608
6082	95795
6083	86340
6084	83801
6084	85508
6084	85516
6084	40969
6084	78779
6084	13709
6084	76090
6084	79280
6084	87640
6084	87648
6084	16003
6084	32361
6084	106215
6084	81191
6085	9664
6085	90851
6085	79644
6086	14810
6087	83010
6088	21472
6088	17125
6088	89873
6088	6052
6088	44867
6089	2848
6090	84636
6090	2900
6090	61923
6090	84667
6090	86579
6091	61811
6092	83380
6092	94966
6092	81870
6092	87606
6092	29355
6092	40682
6092	108883
6093	22884
6093	13779
6094	84377
6095	87589
6096	676
6097	15665
6097	62684
6098	6479
6098	4251
6099	34406
6099	61653
6099	4246
6099	78760
6099	100067
6100	83018
6100	85370
6101	6567
6102	79112
6102	19828
6102	85144
6102	47703
6102	56847
6103	18065
6104	84299
6104	84757
6104	61755
6104	96958
6104	90244
6104	14128
6105	13195
6106	83594
6107	81738
6108	993
6108	13441
6108	27737
6108	87129
6108	11411
6109	10709
6109	1564
6109	17184
6109	26165
6109	106589
6109	908
6109	107018
6109	67619
6109	56712
6110	92105
6110	33158
6110	93726
6110	103833
6111	97081
6112	19924
6113	104123
6114	107755
6115	62443
6115	108189
6116	861
6116	11640
6116	80158
6116	87214
6117	48641
6117	99255
6117	84145
6118	88096
6119	15920
6119	9838
6120	37571
6121	52435
6122	91881
6123	97212
6123	103959
6124	83235
6124	32073
6124	70733
6124	83545
6124	603
6124	4302
6125	86142
6126	87097
6127	4318
6127	1785
6127	83876
6128	1996
6128	6928
6128	92779
6128	2969
6128	21916
6128	66357
6129	14184
6130	17775
6131	33489
6131	87206
6131	3368
6132	40403
6133	54768
6134	14895
6135	82946
6135	4947
6135	279
6136	35876
6136	49533
6137	41855
6138	100872
6139	31665
6139	90862
6139	488
6139	41126
6139	90887
6139	1769
6139	24876
6139	68823
6139	90887
6139	9293
6140	67175
6140	96894
6140	73067
6140	98295
6140	102426
6141	36716
6141	87351
6141	31297
6141	69769
6141	10244
6142	90616
6142	60367
6142	84893
6142	4758
6143	15799
6144	1368
6144	90199
6144	22876
6144	90738
6144	16186
6144	40076
6144	102351
6144	76270
6144	102377
6145	42757
6145	63319
6145	86652
6145	14949
6145	97925
6145	7307
6145	21979
6145	15391
6145	67546
6145	36360
6146	10672
6147	13684
6147	98071
6148	99988
6148	6845
6148	24100
6148	105763
6148	786
6148	6572
6148	56396
6149	6732
6149	101350
6149	319
6149	104634
6149	104635
6149	25507
6150	4212
6151	1018
6152	8492
6153	26853
6154	93243
6155	57651
6156	89
6156	105001
6157	84000
6157	7172
6158	14178
6158	40462
6158	93111
6159	15000
6159	83576
6159	92261
6159	55968
6159	74494
6160	4165
6160	99389
6160	50176
6161	6543
6161	86303
6161	76307
6161	87531
6161	95800
6161	57942
6161	100934
6161	1297
6161	62534
6161	57367
6161	1471
6161	110968
6161	27077
6162	93657
6162	85475
6163	59940
6163	55118
6163	83621
6164	19719
6164	48178
6165	18955
6166	13249
6167	28357
6167	98062
6167	98077
6167	98149
6167	1539
6168	39433
6168	3515
6168	16109
6168	11080
6168	38703
6168	98538
6168	44051
6168	53071
6168	80450
6169	82660
6169	3960
6169	101667
6169	101804
6169	58699
6170	87620
6170	56622
6170	4896
6170	79763
6170	8014
6170	63517
6170	15149
6170	87923
6170	63036
6170	11282
6170	88438
6170	95291
6170	96537
6170	18488
6170	3162
6170	4970
6170	82996
6170	105417
6171	9871
6171	918
6171	50910
6171	93033
6171	31478
6171	38957
6171	41060
6171	3842
6171	95516
6171	7970
6171	17350
6171	54687
6171	15000
6171	26029
6171	99691
6171	18515
6172	1337
6173	3897
6173	6148
6173	93491
6173	73304
6173	3494
6173	1006
6173	26665
6173	83411
6173	61689
6173	103599
6173	104122
6173	108314
6174	5869
6174	61257
6175	5700
6175	9705
6175	61242
6176	101264
6176	101265
6176	101417
6177	55985
6178	80373
6178	40622
6179	10040
6179	99973
6180	34861
6181	19367
6181	84599
6181	9467
6182	105943
6183	83667
6183	83668
6183	83686
6183	40463
6183	33908
6183	83668
6183	95481
6183	71524
6183	90576
6183	15843
6183	83667
6183	99151
6183	66815
6183	68903
6183	78
6183	15667
6183	106564
6183	44886
6183	107386
6183	107387
6183	108473
6183	109325
6184	307
6185	51843
6185	4145
6185	99769
6185	43602
6185	15000
6186	46301
6187	38889
6187	81300
6187	20419
6187	70868
6187	6758
6188	39993
6188	40121
6189	98719
6190	6902
6191	33995
6191	2181
6191	57132
6191	93271
6192	86905
6192	32889
6192	93754
6192	95587
6192	80752
6192	6103
6193	100650
6193	100651
6193	103522
6193	82396
6193	103598
6193	105568
6193	105569
6193	105655
6193	106066
6193	106286
6193	106287
6194	88889
6195	42064
6196	92318
6196	31495
6197	25641
6197	4513
6198	56011
6198	92179
6198	92222
6198	89955
6199	90044
6200	405
6200	93453
6201	93123
6201	1585
6201	307
6202	26687
6202	11162
6203	60166
6203	88113
6204	62001
6205	45771
6206	43292
6206	89058
6206	62680
6206	90275
6206	90276
6206	90288
6206	54565
6206	90310
6206	58882
6206	43292
6206	8033
6206	79466
6207	1975
6207	86669
6207	10359
6207	3317
6207	859
6207	101644
6207	74698
6207	105082
6208	29446
6208	8127
6208	80259
6208	22233
6208	45920
6208	41036
6208	785
6208	6147
6208	94642
6208	67804
6208	3220
6208	44674
6208	58675
6208	4969
6208	64668
6208	4046
6208	65535
6208	19356
6208	108571
6209	105990
6210	2256
6210	53062
6211	77322
6211	1397
6211	78175
6212	29870
6213	86206
6213	91455
6213	827
6213	36184
6213	98997
6213	76751
6213	2992
6213	29334
6213	105204
6213	22426
6213	58333
6214	76307
6214	46105
6215	6965
6216	307
6216	8389
6217	36920
6217	13159
6217	14393
6218	87281
6219	21414
6219	87706
6220	46826
6220	83415
6221	13030
6221	103201
6221	84304
6222	49244
6222	83834
6222	39720
6222	85354
6222	93253
6222	10918
6223	72011
6223	92374
6224	7755
6224	92618
6224	43619
6224	92619
6224	92659
6224	6105
6224	2736
6224	59896
6224	99164
6225	1655
6226	83422
6226	4846
6226	1846
6226	48506
6226	26215
6226	4318
6226	21701
6226	68276
6226	3839
6226	54768
6226	2822
6227	3516
6227	21130
6227	45239
6227	307
6228	4304
6229	80415
6230	1000
6230	79783
6230	2470
6230	25477
6231	14255
6232	83540
6232	83541
6232	3864
6232	29284
6232	85844
6232	89448
6233	19794
6233	100592
6233	11686
6233	15880
6233	100784
6233	22498
6233	47863
6233	11176
6233	29914
6233	11178
6233	103299
6233	61905
6233	29915
6233	61891
6234	12062
6234	576
6235	22386
6235	6971
6235	102277
6235	26364
6236	13883
6237	5991
6237	11282
6238	990
6239	56011
6239	84554
6240	8771
6240	27090
6240	2928
6241	86211
6241	86325
6241	91108
6241	63087
6241	26161
6242	73353
6242	7905
6242	36155
6242	20686
6242	34333
6242	38903
6242	86742
6242	120
6242	86834
6243	68761
6243	92558
6243	62578
6243	33362
6243	79801
6243	5070
6244	51756
6245	11212
6245	75403
6245	1366
6245	83408
6246	7643
6246	81677
6246	36524
6246	34792
6246	78095
6247	85738
6247	4970
6247	7636
6248	91015
6249	997
6250	26400
6250	3842
6250	4027
6251	52287
6252	1225
6252	28125
6252	30425
6252	9447
6252	105246
6253	52916
6253	91756
6253	4663
6253	72423
6253	59752
6253	13643
6253	79495
6254	52434
6254	67835
6255	84504
6255	87743
6255	91593
6255	95612
6256	97509
6256	14040
6257	79505
6258	77800
6258	18454
6258	98766
6259	34760
6259	19422
6259	42796
6259	84119
6259	32586
6259	9403
6260	3362
6260	44687
6260	2808
6260	91626
6260	4642
6260	67411
6260	7907
6260	6369
6260	42034
6260	55712
6260	55047
6260	103489
6261	22327
6262	44089
6262	89579
6262	11244
6263	12117
6264	30
6264	83012
6264	75
6264	68228
6265	83956
6265	84356
6265	95528
6266	96539
6266	19424
6267	86679
6267	103766
6267	33497
6267	69620
6267	110643
6267	4482
6268	59967
6268	94295
6268	55822
6268	83728
6268	6948
6268	102037
6269	111616
6269	355
6270	97910
6271	106746
6272	68706
6272	19776
6272	10462
6272	93217
6272	60447
6272	94235
6272	97916
6272	92636
6272	51941
6272	72702
6272	1912
6273	91306
6273	91307
6274	3710
6274	13682
6274	11267
6274	31568
6274	5416
6274	22058
6274	85067
6274	27910
6274	108623
6274	2259
6275	53443
6275	84996
6275	35343
6275	12140
6275	56785
6275	93035
6275	53210
6275	84714
6275	7190
6275	93151
6275	20083
6275	93301
6275	93850
6275	93851
6275	68518
6276	23844
6276	23481
6276	45016
6276	41700
6277	85640
6277	41241
6278	55181
6278	28050
6278	28056
6278	25735
6279	993
6279	84947
6280	20699
6280	31431
6280	84828
6280	40651
6280	7130
6280	24168
6280	20104
6280	75353
6280	1010
6280	69971
6280	26321
6280	29002
6280	57788
6280	13555
6280	3832
6280	44534
6280	72898
6280	39316
6280	56714
6281	15788
6282	46858
6282	101204
6282	105880
6282	106570
6282	106710
6283	37022
6283	84322
6283	1225
6284	14447
6285	59967
6285	25992
6286	86657
6287	16493
6288	21685
6288	84469
6289	29807
6289	458
6289	10949
6289	96853
6290	4443
6291	90166
6292	102830
6293	26228
6293	89230
6293	80904
6293	3362
6293	53353
6293	1251
6293	926
6293	2817
6294	85713
6294	3501
6294	19381
6295	93830
6295	100778
6296	15788
6297	92930
6297	6681
6298	96406
6298	66231
6299	5251
6300	68326
6300	34417
6300	93286
6301	30681
6301	34727
6301	81834
6301	106362
6302	1462
6303	89714
6304	92900
6305	24279
6306	73308
6306	69550
6306	24463
6306	1764
6307	41999
6308	67847
6308	76061
6308	4318
6308	98450
6309	87120
6309	87259
6309	3551
6309	41379
6309	101671
6309	57624
6309	106197
6310	61383
6310	94295
6310	1376
6311	7938
6311	83662
6311	23899
6311	86192
6311	91793
6311	76626
6311	13080
6311	9691
6311	85085
6311	93473
6311	93474
6312	77615
6313	28932
6314	43810
6314	27776
6314	3695
6315	10934
6315	18999
6315	15486
6316	5840
6316	87343
6317	67220
6318	88488
6318	67877
6318	96667
6318	97031
6318	45154
6318	100773
6318	100774
6319	91821
6319	10707
6320	74590
6320	98502
6321	1337
6321	86635
6322	87250
6322	84022
6323	60890
6323	19079
6324	83394
6324	10607
6324	84281
6324	93302
6325	83987
6325	75843
6325	9688
6325	97103
6325	5463
6325	69591
6326	33777
6327	93749
6328	45429
6329	14217
6329	39754
6330	52794
6330	230
6330	15407
6331	10525
6331	57362
6331	87697
6331	37417
6331	39294
6332	69901
6332	97962
6333	83460
6333	41732
6333	56239
6333	102728
6333	105770
6333	25259
6334	59100
6334	68581
6334	82987
6334	434
6334	1892
6334	86231
6334	87019
6334	87063
6334	24823
6334	11374
6334	73482
6334	23088
6334	105146
6335	88245
6335	277
6336	59988
6336	11806
6336	29394
6337	56204
6338	75966
6339	72077
6339	1306
6339	62071
6339	92768
6339	48567
6339	54469
6339	97635
6339	48817
6339	1207
6339	33054
6339	1633
6340	7755
6340	95055
6341	88398
6341	88399
6342	4367
6342	99835
6343	4400
6343	99827
6343	99828
6343	100958
6343	100959
6344	72277
6345	28126
6346	4615
6346	92907
6346	95790
6346	102682
6346	107330
6347	93963
6348	95703
6349	44867
6349	86482
6350	60021
6350	96905
6350	97720
6350	57579
6350	103823
6350	35309
6350	97720
6351	11411
6352	39563
6352	41758
6352	59723
6352	12022
6352	8352
6353	86631
6354	86604
6355	12196
6355	28987
6355	16204
6356	24841
6356	77408
6356	103770
6356	80784
6356	104103
6356	106663
6357	14753
6357	25252
6357	75594
6357	44502
6357	99021
6358	69907
6358	49942
6358	16869
6358	95976
6358	78538
6359	77355
6360	26358
6361	93410
6362	33926
6362	6948
6362	21957
6362	190
6362	42644
6362	21877
6362	85611
6362	230
6362	76098
6362	30516
6362	24560
6362	104687
6362	89309
6362	6827
6362	6595
6363	86135
6363	3547
6363	13045
6363	2820
6364	5922
6364	86287
6365	91443
6366	16864
6367	87377
6368	33786
6368	48507
6368	57958
6368	50966
6369	7239
6369	98439
6369	5214
6369	6964
6369	103546
6370	44996
6370	30000
6371	86301
6372	87609
6372	92513
6373	4539
6373	7073
6373	26854
6373	3486
6373	87499
6373	105741
6373	80835
6373	15316
6374	44230
6375	72976
6375	58523
6375	68665
6375	95319
6375	30077
6375	230
6375	104403
6375	18933
6376	56204
6376	93378
6376	70864
6376	36782
6377	13223
6377	90850
6377	93231
6377	11478
6378	87238
6378	92306
6378	6863
6378	7794
6378	96322
6378	15345
6378	3494
6378	106269
6379	73470
6380	87957
6380	87958
6380	77105
6380	94496
6380	94497
6380	76698
6380	59095
6380	103352
6380	29898
6380	11482
6380	104189
6380	24598
6380	110408
6380	7935
6380	110807
6381	48087
6381	72633
6381	88918
6381	101322
6381	782
6382	26243
6383	25631
6384	44853
6384	101056
6385	56620
6385	79322
6385	3432
6385	44802
6385	25265
6385	108631
6386	26321
6386	7979
6387	87950
6387	87951
6387	6341
6388	10258
6388	19342
6388	3267
6388	35538
6388	3831
6388	85894
6388	1602
6389	9140
6389	83724
6390	36681
6390	56204
6390	9310
6391	28782
6391	47400
6391	93003
6391	17835
6392	89500
6392	65992
6392	97525
6393	2666
6393	95754
6393	87040
6393	40365
6393	71355
6393	99230
6393	64733
6394	10420
6395	29518
6395	30767
6395	11403
6395	85771
6396	35002
6396	1564
6396	98450
6396	96885
6397	95588
6397	92489
6397	8362
6398	11909
6398	9217
6398	4998
6399	66383
6400	83028
6400	2678
6401	2276
6401	86745
6402	87983
6402	26358
6402	717
6402	103916
6402	62045
6402	27598
6402	109405
6403	15316
6403	42143
6403	2993
6404	60615
6405	3068
6406	61938
6406	95985
6407	8734
6407	53448
6408	84053
6408	7011
6408	79273
6408	43960
6408	51355
6409	9126
6409	5828
6409	52555
6409	13385
6409	92815
6409	2312
6409	71099
6409	19241
6409	3485
6409	32990
6410	307
6410	96741
6411	7955
6412	11400
6413	88296
6413	64
6414	58969
6415	44540
6415	37868
6416	19538
6417	34155
6418	85561
6418	26272
6418	1920
6418	10719
6418	1287
6418	47243
6418	104421
6418	45377
6418	1019
6419	8912
6419	67877
6419	4249
6419	13014
6420	85664
6420	71801
6420	33002
6420	34741
6421	15526
6421	69948
6421	15526
6422	88524
6423	45239
6423	5424
6423	38004
6423	72665
6423	88460
6423	711
6423	9834
6423	37770
6423	7193
6424	18588
6425	95579
6425	47913
6425	98102
6425	98119
6425	98138
6425	98139
6425	98339
6425	96421
6425	42190
6425	99081
6425	99239
6425	46402
6425	99240
6425	99265
6425	99293
6425	99302
6425	38353
6426	5922
6427	92983
6427	72356
6428	14503
6428	11737
6428	104106
6429	4104
6429	2790
6429	40466
6429	56054
6430	711
6430	27990
6430	39978
6430	4657
6430	89798
6430	93981
6431	17720
6431	2697
6432	48724
6432	67495
6432	96435
6432	104203
6433	47310
6433	84231
6433	85566
6433	36950
6433	24014
6433	15994
6433	674
6433	92489
6433	97118
6433	94839
6433	69779
6433	102653
6433	105080
6434	85723
6435	11586
6435	94445
6436	93700
6436	93713
6437	15170
6437	110385
6437	57911
6437	110386
6437	54041
6438	87691
6439	18035
6439	111520
6440	21490
6440	25491
6440	11593
6440	103431
6440	21951
6440	33342
6441	17978
6441	76182
6441	71472
6441	106422
6442	56011
6442	16496
6443	83264
6443	32521
6443	61742
6443	62120
6443	34070
6443	86829
6443	86830
6443	91553
6443	91554
6443	95221
6443	11603
6443	100012
6443	103468
6443	103469
6443	65002
6443	25327
6444	56517
6444	85962
6444	71882
6444	106578
6445	39069
6446	45024
6446	91405
6447	10975
6447	98553
6447	5612
6448	45987
6448	78349
6448	84626
6448	48844
6448	96507
6449	13302
6450	68784
6450	74188
6450	48574
6450	55609
6451	12329
6451	90330
6451	90346
6451	876
6451	7144
6451	23697
6452	71707
6452	10302
6452	14470
6452	56756
6453	93445
6453	23079
6454	4392
6454	12341
6455	993
6456	62001
6456	100317
6456	100381
6456	82168
6456	98504
6456	12904
6456	59341
6456	18819
6456	33725
6456	2438
6456	3551
6457	42814
6457	92174
6457	14530
6458	25869
6458	84107
6458	84614
6458	84615
6458	19020
6458	75691
6458	30548
6458	91473
6458	106005
6458	111873
6459	7615
6460	97068
6460	12022
6460	34298
6460	102373
6461	88960
6461	71472
6461	4374
6461	47284
6462	84236
6463	100488
6464	93586
6464	77498
6464	92328
6464	93659
6464	77498
6465	58620
6465	28771
6466	65426
6466	58838
6467	17803
6467	86558
6468	93431
6468	20482
6468	59450
6469	101004
6470	104180
6470	105929
6471	1633
6471	55410
6471	46137
6471	105358
6471	69591
6471	109798
6472	107599
6472	105758
6473	46643
6474	32041
6475	105674
6475	105675
6475	64975
6475	107938
6475	27695
6475	96303
6475	45190
6475	16366
6475	103832
6475	60487
6476	319
6476	2833
6477	83106
6478	84404
6479	11950
6479	85085
6479	15293
6479	17385
6479	86763
6480	6758
6480	3557
6480	16378
6480	88114
6480	30195
6481	59811
6481	47
6481	67427
6481	45771
6482	85108
6482	85133
6482	85201
6482	66557
6483	5424
6483	84630
6484	2866
6484	84441
6485	11719
6485	376
6486	86616
6486	18047
6486	8222
6486	86944
6486	87075
6486	87109
6486	89199
6486	3196
6486	5253
6486	16712
6486	61388
6486	6128
6486	59700
6486	29522
6486	23757
6486	99383
6486	10648
6486	100037
6486	80631
6486	80230
6486	104287
6486	26515
6486	23087
6486	11473
6487	83337
6487	18688
6487	1548
6487	7392
6488	9190
6488	85945
6489	59795
6490	83899
6490	99189
6491	86505
6491	3162
6492	71355
6493	103206
6493	105329
6493	111938
6494	84307
6494	95812
6494	48855
6495	40244
6496	102917
6497	14477
6497	25825
6497	3195
6497	49124
6497	94531
6497	94532
6497	27578
6497	95837
6497	95838
6497	26197
6497	99616
6497	85306
6497	14151
6497	60967
6497	10000
6497	104012
6497	31911
6497	109367
6497	36781
6498	66624
6498	13485
6499	85919
6499	86094
6499	86095
6499	94502
6499	98498
6499	16380
6499	22111
6500	89148
6500	15980
6501	27616
6502	3162
6502	62404
6502	72898
6503	83293
6503	62415
6504	51206
6504	40024
6504	59811
6505	11763
6506	56011
6506	98098
6506	3436
6506	71355
6506	105078
6506	105758
6507	86910
6507	10
6507	100637
6508	11049
6508	7905
6508	6038
6509	27775
6509	95913
6510	6410
6510	35894
6510	83945
6510	53201
6510	2893
6510	4771
6510	83983
6510	84013
6510	9679
6510	22081
6510	83800
6510	31403
6511	93820
6511	5069
6511	105254
6512	42179
6513	90187
6514	48660
6515	13363
6515	9567
6515	71881
6516	25542
6516	98406
6516	98416
6517	60704
6517	79943
6517	55354
6517	110664
6518	52664
6518	21718
6518	4651
6518	45398
6518	86180
6518	73709
6518	45050
6518	10038
6518	98770
6519	68533
6519	34846
6519	62216
6520	82124
6520	7340
6520	85058
6520	14440
6520	43368
6520	1154
6520	19764
6520	70483
6520	43602
6520	9523
6520	85058
6520	96325
6520	71027
6520	88539
6520	3278
6520	1785
6520	44337
6520	8350
6520	772
6520	96325
6520	19865
6520	101461
6520	55156
6520	16770
6520	13771
6520	65721
6520	87040
6520	18895
6520	65721
6520	10247
6520	8896
6520	20729
6520	21138
6520	104780
6520	10247
6520	16991
6520	23902
6520	103489
6520	20609
6520	13247
6520	111819
6521	5844
6522	87229
6522	92206
6522	21527
6523	1480
6524	83177
6525	92342
6525	30424
6526	10078
6526	16796
6526	90938
6526	97396
6526	7486
6526	17677
6527	83007
6528	104124
6529	44919
6529	88001
6530	7002
6531	72300
6531	15480
6532	17514
6532	31446
6532	16855
6532	15944
6532	88716
6532	88717
6532	1388
6532	80516
6532	43220
6532	31328
6532	88827
6532	83802
6532	88828
6532	93406
6532	50610
6532	100159
6532	8135
6532	77763
6533	64707
6533	14780
6533	25294
6533	87514
6534	30665
6534	29090
6535	91934
6535	81322
6535	93126
6535	35419
6535	65983
6535	83204
6536	63957
6536	5980
6536	37665
6536	8799
6536	38668
6536	5754
6536	8177
6536	2464
6536	2536
6536	105221
6536	105232
6537	85795
6537	41050
6537	60574
6537	87593
6537	7907
6538	10911
6539	85198
6539	16088
6539	12778
6540	95986
6541	11969
6542	89527
6543	13424
6544	70978
6544	50225
6544	14393
6544	89537
6544	7244
6544	41367
6544	30247
6544	105230
6544	45612
6544	106378
6544	9328
6544	78308
6545	83428
6545	94124
6545	98097
6545	99019
6546	6383
6546	11832
6546	61313
6546	84756
6546	34191
6546	40403
6546	59723
6546	46979
6546	27217
6546	85797
6546	6383
6546	5292
6546	95585
6546	48828
6546	13775
6546	67877
6546	14619
6546	105181
6546	5601
6546	11997
6547	7031
6547	89823
6547	43649
6547	26283
6547	25538
6548	15152
6548	5761
6548	25507
6548	105139
6549	2800
6549	44119
6549	98682
6549	1719
6549	7891
6550	97348
6551	93777
6551	97348
6551	17084
6552	9943
6552	46899
6552	39978
6552	56011
6553	2517
6553	100970
6554	14420
6555	66630
6555	12518
6555	85766
6555	85767
6555	490
6555	13903
6555	98614
6555	359
6555	100902
6555	71143
6555	100903
6555	105421
6555	17956
6555	105661
6555	88045
6556	89839
6556	92180
6556	53698
6557	1975
6557	11283
6558	91533
6558	91877
6558	16524
6558	21333
6559	8955
6559	22998
6559	7643
6559	44540
6559	16555
6560	307
6560	56449
6560	94682
6561	18824
6561	4612
6562	11810
6563	11907
6563	4104
6563	64931
6563	88243
6563	83726
6563	45409
6563	56204
6564	23486
6564	11866
6565	926
6565	14640
6565	22719
6565	19670
6565	105086
6565	63657
6565	75400
6566	21404
6566	48896
6566	13981
6566	93339
6567	62045
6567	6399
6567	69949
6567	10801
6567	73735
6567	8443
6567	8605
6568	5871
6568	23697
6568	31324
6568	88847
6568	29773
6568	57472
6568	1749
6569	88133
6569	36340
6569	95272
6570	21774
6570	90129
6571	14769
6571	42316
6571	96605
6572	57862
6573	3380
6573	83644
6573	21837
6573	2459
6573	13041
6573	52761
6574	32414
6575	57416
6576	34866
6577	2428
6577	12388
6577	78663
6577	67095
6577	15711
6577	28181
6577	44230
6577	53237
6578	88855
6578	9209
6578	65636
6578	9807
6578	58515
6578	13332
6578	95748
6578	21472
6578	97301
6578	47730
6578	25436
6578	65636
6578	85455
6578	49380
6578	4494
6578	89199
6578	109954
6578	109981
6578	20738
6578	110759
6578	6973
6578	100680
6578	22180
6578	14701
6578	35064
6578	112012
6578	87633
6578	10875
6579	71196
6579	84923
6579	85497
6579	37397
6579	55698
6579	100814
6579	34816
6579	101516
6579	17499
6579	24302
6580	93707
6580	93753
6580	96426
6580	55726
6580	97676
6580	2455
6580	97677
6580	97678
6580	97679
6580	49121
6580	97760
6580	97795
6580	518
6580	105003
6580	105004
6580	105075
6581	83180
6581	87167
6582	2322
6582	43817
6583	11891
6583	85414
6583	85481
6583	26069
6583	51843
6584	79660
6585	89668
6586	101659
6587	32294
6588	39441
6588	68895
6588	5121
6588	16826
6589	3499
6589	3114
6589	35361
6589	31284
6589	74393
6589	35529
6589	99846
6589	91903
6590	98312
6590	105612
6591	56715
6591	22829
6591	1531
6592	518
6593	43170
6593	126
6593	48141
6593	2828
6594	2115
6594	67645
6594	221
6595	105733
6596	79280
6596	19676
6596	91230
6597	15561
6597	10064
6597	65149
6598	59558
6598	80631
6598	34727
6599	16897
6600	11926
6600	33860
6600	35370
6601	9688
6601	10987
6601	78822
6602	94379
6602	92556
6602	27689
6602	108581
6602	57620
6602	109268
6602	3634
6602	109292
6602	109293
6602	100782
6603	33750
6603	90533
6604	3081
6604	57574
6605	91979
6606	14405
6606	4101
6606	4265
6607	97641
6608	4539
6609	7956
6609	88122
6610	87772
6611	56204
6612	1071
6612	15787
6612	18127
6613	44244
6614	9478
6614	1141
6614	19640
6615	39957
6615	15278
6615	307
6616	13616
6616	43810
6616	307
6616	42209
6617	83295
6618	14231
6618	90888
6619	3055
6619	13799
6620	61967
6620	56735
6620	68540
6620	910
6620	108656
6621	30
6621	41120
6621	49954
6621	85992
6622	83070
6622	69292
6622	57087
6623	8400
6624	82997
6624	82998
6624	31573
6624	1526
6624	27144
6624	69953
6624	95202
6624	90252
6625	9027
6625	33487
6626	7692
6627	83482
6628	18256
6628	85484
6628	75779
6628	87765
6628	31559
6628	85484
6628	81615
6628	5118
6628	73482
6628	41385
6628	44736
6628	110259
6628	61447
6629	3068
6630	89353
6630	73931
6630	39317
6630	1256
6630	16178
6630	98682
6630	55497
6631	41659
6631	89273
6632	97777
6633	4412
6633	27692
6633	1737
6634	84130
6635	80661
6636	14264
6636	72869
6637	30243
6637	89252
6637	91857
6637	14176
6637	9463
6637	104142
6637	40434
6637	48924
6638	10150
6639	93693
6639	58228
6639	107601
6640	35728
6640	15104
6640	11556
6641	89787
6642	67835
6642	1722
6642	6732
6643	12260
6644	4896
6645	9467
6645	61242
6645	521
6645	15647
6645	97615
6645	39380
6645	1496
6645	35025
6645	4969
6645	97671
6645	97672
6646	94840
6646	13965
6647	418
6648	11371
6649	12915
6649	64919
6650	5229
6650	93606
6650	14560
6650	816
6650	105401
6650	14619
6650	54469
6650	108257
6650	24876
6651	87414
6652	7715
6653	52615
6654	103967
6654	96630
6655	42701
6656	1368
6656	279
6656	39433
6656	26228
6656	9901
6656	16542
6656	90252
6656	4639
6656	95711
6657	4642
6657	88407
6657	42868
6657	28012
6658	95925
6658	8376
6658	43547
6658	7817
6659	87426
6659	90490
6660	41097
6660	84679
6660	43769
6660	87357
6660	88221
6660	10079
6660	88259
6660	102656
6660	89908
6660	62981
6660	62981
6661	102994
6661	103023
6662	66158
6662	84751
6662	11594
6663	91479
6664	94178
6665	62033
6665	94893
6665	2107
6665	64279
6666	10708
6666	32309
6666	14115
6667	93720
6667	20100
6667	5483
6667	28085
6667	47187
6667	78521
6668	90974
6668	90252
6669	104565
6669	104566
6669	69544
6669	453
6669	4983
6669	5201
6669	56928
6670	307
6671	5693
6672	54318
6672	89842
6672	18544
6672	26770
6673	89144
6674	89132
6674	285
6674	41178
6674	111024
6674	366
6674	52435
6675	7099
6675	10281
6675	102700
6676	85615
6677	19217
6677	44518
6677	1563
6677	44230
6677	56204
6677	103160
6677	1781
6678	84726
6678	33009
6678	18635
6679	92703
6679	1691
6680	58056
6681	71598
6681	51765
6682	83409
6682	5396
6683	83711
6684	91392
6684	7589
6684	23863
6684	6445
6685	84889
6685	442
6685	22013
6686	83298
6687	75404
6687	59441
6687	12588
6688	93497
6688	83987
6688	12771
6688	25489
6689	93176
6690	10459
6691	41126
6691	5995
6691	104250
6691	42089
6692	7952
6693	84180
6693	86364
6693	4033
6693	54339
6693	92490
6693	92505
6693	95215
6693	95216
6693	95304
6693	52759
6693	52521
6693	68752
6693	103982
6693	84651
6693	52521
6693	21846
6694	82460
6695	451
6696	92015
6696	52921
6697	22352
6698	88683
6698	88758
6698	43778
6698	46220
6698	35681
6698	89337
6698	2491
6698	13508
6699	56204
6699	31322
6699	3560
6700	60014
6700	28005
6700	66050
6700	13768
6700	110461
6700	36011
6701	103485
6702	4061
6702	101151
6703	3623
6703	35486
6703	4719
6703	60656
6704	86841
6704	16606
6704	35153
6705	90754
6706	12864
6706	1846
6706	1466
6706	72155
6706	1548
6706	11503
6707	5811
6707	32073
6707	5214
6707	77329
6708	92573
6708	11848
6709	84630
6710	83209
6710	81985
6710	19616
6711	95207
6712	92043
6712	10356
6713	42179
6714	26830
6714	49240
6715	46421
6716	90261
6716	44822
6716	67877
6716	6383
6716	4104
6717	86450
6717	4388
6717	81694
6718	17393
6719	97206
6719	97953
6719	78812
6720	31238
6720	40182
6720	51504
6720	23079
6720	72012
6720	21668
6720	19982
6720	7778
6720	54468
6720	86913
6720	25060
6720	106970
6720	21668
6720	23079
6721	6697
6721	54901
6721	12175
6721	2872
6721	55173
6721	79929
6721	55142
6721	24735
6721	34816
6721	56554
6721	12677
6721	32645
6721	92719
6721	92720
6721	912
6721	9025
6721	46755
6721	60985
6721	73252
6721	37614
6721	94338
6721	14082
6721	106561
6721	46755
6721	30530
6721	10454
6721	107612
6721	37614
6721	79884
6722	5859
6722	693
6723	98216
6723	98217
6724	99895
6724	72438
6725	87058
6725	87076
6725	69411
6725	2419
6725	95947
6725	98627
6725	76553
6725	94995
6725	17812
6725	62870
6725	33808
6725	46315
6725	104949
6725	107548
6725	20787
6725	55882
6725	23742
6725	35390
6726	16798
6727	22515
6727	12364
6727	16555
6727	50333
6727	104427
6727	25915
6727	34682
6728	92672
6728	93936
6728	78414
6728	100366
6729	4809
6729	16891
6730	78201
6730	45499
6731	55789
6731	9491
6732	6642
6732	4318
6732	78421
6732	99912
6732	86459
6732	94292
6732	101421
6732	101423
6732	79371
6732	1061
6732	61817
6733	92858
6734	10335
6734	35538
6734	7130
6734	87582
6734	63036
6734	19140
6734	564
6734	67877
6735	85525
6735	105979
6736	22514
6736	4340
6737	92111
6738	24645
6738	9883
6739	28841
6739	10913
6739	29034
6739	97306
6739	23575
6740	38869
6741	12207
6741	56278
6741	109055
6742	78017
6743	18971
6744	2949
6744	21731
6744	8481
6744	3991
6744	66778
6744	98624
6744	80372
6744	44982
6744	106500
6745	12211
6746	90442
6747	27179
6748	31259
6748	7175
6748	54763
6748	7175
6748	37259
6748	24467
6748	83431
6748	22937
6748	64389
6749	12217
6749	75467
6750	97134
6751	3958
6752	48635
6753	89145
6753	104705
6753	104706
6753	14090
6754	6670
6755	91932
6755	9969
6756	16003
6757	39433
6757	3914
6757	92740
6757	42143
6757	54768
6758	748
6758	84800
6758	45642
6758	102211
6759	29390
6759	6710
6759	83127
6759	83167
6759	96969
6759	45769
6760	87807
6760	20794
6760	16204
6760	88596
6760	98583
6761	93646
6761	101213
6762	72922
6763	93848
6763	93914
6764	1256
6765	18588
6765	53865
6766	87520
6766	96155
6767	64080
6767	106511
6767	10115
6768	7190
6768	89102
6768	89103
6768	89256
6768	98905
6768	54529
6768	100751
6768	5396
6769	12352
6769	4825
6769	106294
6769	106295
6769	108439
6770	16908
6770	37295
6770	18416
6771	27655
6771	9025
6771	16755
6771	97343
6772	42316
6772	92258
6772	92316
6772	92369
6772	42765
6772	53552
6772	93032
6773	47402
6773	10253
6773	40514
6773	4502
6773	16995
6773	31284
6773	47402
6773	17095
6774	98891
6774	6589
6774	104078
6774	104079
6774	104086
6775	85645
6775	85646
6776	65600
6776	56011
6776	4372
6776	12331
6776	97343
6776	88164
6777	1331
6777	9855
6777	46371
6778	36603
6778	90300
6778	23361
6778	90320
6778	41607
6778	54971
6778	785
6778	59549
6778	6200
6778	36860
6779	82049
6779	76956
6779	18651
6779	89787
6779	2192
6779	22988
6779	215
6779	96395
6779	67872
6780	52028
6780	42918
6781	4970
6782	53576
6783	95083
6784	10359
6784	5612
6784	19537
6785	12331
6785	60811
6785	2833
6785	65750
6785	29854
6785	9350
6786	75366
6787	12192
6788	35370
6788	16708
6789	14908
6789	17048
6790	20374
6790	21307
6791	56877
6792	73792
6792	88418
6792	49975
6792	88419
6792	88632
6792	92013
6792	92100
6792	93725
6792	66635
6792	94559
6792	94560
6792	44322
6792	99362
6792	99375
6792	98422
6792	104190
6792	66674
6793	84413
6793	18707
6793	84533
6793	89580
6793	91642
6793	91735
6793	91736
6794	54338
6794	24740
6795	43192
6795	69029
6795	102780
6796	11569
6796	97300
6796	40185
6796	19865
6796	38851
6797	52731
6797	107648
6797	56094
6797	36776
6797	5189
6797	20879
6797	41274
6797	36080
6797	10668
6797	32645
6797	35900
6798	81597
6798	7848
6798	52555
6799	18111
6799	3515
6800	79693
6800	2857
6800	44025
6800	106113
6800	109144
6801	32416
6801	94802
6801	82557
6801	41679
6801	101145
6801	71665
6801	33132
6801	106515
6801	10148
6802	95805
6803	2020
6804	70945
6804	83214
6804	85110
6804	6462
6804	13907
6804	44515
6804	45841
6804	99403
6804	6621
6804	6462
6805	86772
6805	59987
6805	95421
6805	5085
6805	33104
6806	26922
6806	92655
6806	10294
6807	99026
6807	28232
6808	65403
6808	81189
6809	87061
6810	96466
6811	39761
6811	48844
6812	96301
6812	96302
6813	18158
6813	26267
6814	87565
6815	89635
6815	81257
6815	1207
6815	4695
6815	104141
6815	112152
6815	112167
6816	6449
6817	93489
6818	3831
6818	22958
6819	49256
6819	11478
6819	11960
6820	5341
6821	95876
6822	82947
6822	5896
6822	2314
6823	2243
6824	86303
6824	5452
6824	14220
6825	29189
6825	94772
6825	2320
6826	69591
6826	26802
6826	3908
6827	7363
6827	15046
6827	39978
6827	6806
6827	4212
6827	12538
6827	89798
6827	27990
6828	65000
6828	4572
6828	1111
6828	11465
6828	96844
6828	72011
6828	772
6828	6
6828	14932
6828	98269
6829	94420
6830	88029
6830	88985
6831	88599
6831	90036
6831	36713
6831	95344
6831	95680
6831	105812
6832	98644
6832	60309
6832	67427
6833	7164
6834	7277
6834	67835
6834	1297
6834	27321
6834	1199
6834	72269
6834	96471
6834	32655
6834	10250
6834	72069
6834	69949
6834	72269
6835	1207
6835	993
6835	86125
6835	18840
6835	192
6835	10884
6835	109208
6836	10766
6836	83068
6836	35248
6837	4444
6838	85123
6839	56735
6840	97844
6841	10472
6841	12364
6841	92441
6841	56198
6841	26207
6841	105216
6842	73250
6842	22559
6842	7370
6842	47286
6842	37845
6842	100426
6842	100427
6842	103108
6842	103109
6842	103122
6842	66975
6843	86610
6843	16616
6843	26106
6844	18280
6844	31382
6845	27573
6845	17332
6845	6924
6845	37375
6845	15676
6845	95927
6845	66311
6845	4176
6845	40106
6845	42179
6845	5581
6845	91969
6845	25538
6845	106112
6845	105452
6845	108081
6845	94228
6845	5235
6845	4523
6846	9242
6846	1531
6846	67877
6846	43683
6846	108650
6847	27990
6848	111290
6849	3077
6849	83478
6849	2900
6849	46459
6849	17184
6849	67519
6850	72505
6850	41100
6850	83838
6850	81074
6850	6940
6850	41720
6850	82847
6850	10904
6850	3317
6850	72490
6851	53756
6852	87016
6853	88161
6853	66063
6854	5424
6854	88934
6854	79960
6854	91977
6854	92070
6854	307
6854	230
6854	24658
6854	99015
6854	5424
6854	5728
6854	18134
6854	38235
6854	89540
6854	89798
6854	11425
6854	78652
6854	14217
6854	4835
6854	107971
6855	56204
6855	9350
6855	78971
6856	74509
6857	86101
6857	26584
6857	94135
6857	98955
6858	53659
6858	90441
6858	72333
6858	104973
6858	107120
6859	34460
6859	95866
6859	14613
6859	9756
6859	53953
6859	9377
6859	93649
6859	51257
6859	108344
6859	110153
6859	95234
6859	101518
6859	80242
6860	23505
6861	1471
6862	56379
6862	88750
6862	90781
6862	55989
6862	106426
6862	106427
6863	9050
6863	16753
6863	25928
6864	1360
6865	9039
6865	85279
6866	98195
6866	83519
6866	106497
6866	106505
6867	307
6868	5286
6869	67520
6869	42054
6869	35007
6869	57075
6869	38027
6869	88231
6869	37808
6869	16146
6869	64616
6869	1706
6869	104082
6869	103107
6870	48314
6871	84917
6871	46858
6871	93284
6871	97342
6872	4172
6872	65884
6872	92787
6873	63462
6873	96379
6874	68581
6874	14294
6875	12214
6875	21034
6875	33085
6875	17381
6875	14527
6875	59948
6876	41716
6876	94803
6876	83987
6877	2536
6877	51060
6878	9032
6879	4710
6879	89236
6879	7959
6880	35200
6881	1213
6881	12153
6881	49546
6881	75929
6882	54962
6883	87674
6883	51078
6883	4016
6883	3604
6884	46435
6885	90788
6886	57188
6886	98482
6887	88579
6888	83418
6889	55
6890	91198
6891	23822
6892	72999
6893	69434
6893	89686
6893	89687
6893	14088
6893	94193
6893	4729
6893	97013
6893	15656
6893	106804
6893	3805
6894	21589
6894	63575
6894	87155
6894	25204
6894	94636
6895	22738
6896	102557
6897	22884
6897	25676
6898	7667
6898	4441
6899	7300
6899	82464
6900	11402
6901	30838
6901	37741
6901	279
6901	1475
6901	3162
6901	87178
6901	53865
6901	1496
6901	10532
6901	84630
6901	31669
6901	23973
6901	86285
6901	80151
6901	34727
6901	103349
6901	280
6902	64746
6902	54768
6903	34308
6904	83157
6905	68472
6905	6804
6905	2259
6905	69984
6905	18455
6905	33424
6905	95158
6905	834
6905	65503
6905	88948
6905	12078
6905	25575
6905	6060
6906	56571
6906	27034
6907	4444
6907	1256
6907	21167
6907	8160
6907	86473
6907	62601
6907	96115
6907	71968
6907	12102
6907	12522
6907	34727
6907	84630
6907	4444
6907	784
6907	48885
6907	20760
6907	99704
6907	15573
6907	9381
6908	74020
6909	20791
6909	90786
6909	4784
6909	105177
6910	27673
6910	84145
6910	87515
6910	4783
6910	8255
6910	96482
6911	84660
6911	72622
6911	3358
6911	84943
6911	44883
6911	25115
6911	9058
6911	77727
6911	16798
6911	97631
6911	38178
6911	6797
6911	104519
6911	104520
6911	44883
6911	106077
6911	106078
6911	11586
6911	9897
6912	69292
6912	40358
6913	1297
6914	100131
6915	36655
6915	29945
6916	11222
6917	74242
6918	105677
6918	32653
6919	85150
6919	71632
6919	85151
6919	20907
6919	28695
6919	46506
6919	92387
6919	23238
6919	95663
6919	103944
6920	152
6920	97089
6920	94656
6921	12408
6922	88947
6922	89575
6922	93102
6922	57170
6923	29738
6924	7482
6925	83442
6925	36372
6925	35126
6925	32216
6925	37571
6925	89304
6925	40185
6925	78064
6925	96413
6925	89304
6925	41279
6925	64943
6925	34293
6925	52767
6925	32642
6925	25563
6925	103179
6925	46308
6925	108203
6926	23845
6926	17152
6926	26221
6926	1016
6927	85353
6927	86634
6927	95026
6927	107757
6927	31684
6927	107758
6927	108009
6928	54205
6928	65944
6928	89115
6928	89207
6928	51920
6928	95389
6928	78997
6928	101760
6929	86149
6929	28488
6929	20869
6930	98479
6930	1033
6931	97868
6931	99542
6931	101697
6931	2003
6931	36861
6931	104999
6932	12569
6933	89794
6934	83852
6934	87197
6934	93121
6934	54899
6934	50351
6935	37605
6936	20662
6937	7643
6938	25595
6938	34142
6938	74166
6938	17184
6938	14435
6938	96161
6938	3915
6938	8191
6938	42417
6938	91660
6938	106887
6939	102541
6939	60356
6939	82612
6940	12062
6940	45782
6940	35882
6940	89301
6940	52265
6940	89391
6940	52142
6940	5252
6940	47623
6940	92981
6940	98493
6940	28697
6940	15637
6940	98512
6940	98723
6940	98724
6940	56689
6940	16082
6940	43627
6940	103998
6940	111135
6940	3313
6940	110086
6940	75680
6940	111226
6941	67877
6941	56204
6942	99304
6942	46267
6943	3120
6944	84462
6945	2279
6945	397
6945	83177
6946	2306
6947	96885
6947	51843
6947	13768
6948	95418
6948	96290
6948	96291
6948	19327
6949	3707
6949	71701
6949	90518
6950	3513
6950	11089
6950	4930
6950	94197
6951	86469
6952	55668
6952	26075
6952	84662
6952	95879
6953	3278
6953	92969
6953	93253
6954	5144
6954	35789
6954	42349
6954	17031
6954	4657
6955	2249
6955	96187
6955	11796
6955	42565
6955	15752
6955	9177
6956	87175
6956	22604
6956	87176
6956	17773
6956	93195
6956	3291
6956	99580
6956	108238
6957	4092
6957	14511
6957	84680
6957	86590
6957	71388
6957	7601
6957	88214
6957	88215
6957	41309
6957	18041
6958	97662
6958	47153
6958	78617
6958	97721
6958	56735
6959	15555
6959	29967
6960	69893
6961	84083
6961	84084
6962	88028
6962	12672
6962	88664
6963	95350
6964	22829
6964	17068
6964	20196
6965	27073
6965	78730
6966	13424
6966	46804
6967	45722
6968	15938
6968	3575
6968	102602
6968	78806
6968	111396
6968	23419
6969	60968
6969	7980
6970	16480
6970	16798
6970	105373
6970	66635
6970	105434
6970	7190
6971	93051
6971	13262
6971	69873
6971	101395
6971	74048
6972	46569
6972	78285
6972	88838
6972	87499
6973	2803
6974	91754
6974	9478
6975	6697
6975	28264
6975	95080
6975	31250
6976	67889
6976	27317
6976	19140
6977	5074
6978	87127
6978	93478
6978	53604
6979	12662
6979	89039
6979	89052
6979	89053
6979	89054
6979	89055
6979	89056
6979	43460
6979	89119
6979	76177
6979	94122
6979	102082
6980	12667
6981	29635
6981	24173
6981	418
6981	7887
6982	45771
6983	31727
6984	23994
6984	67027
6984	25252
6984	2216
6984	33512
6984	1961
6984	57631
6985	92276
6986	85381
6986	18841
6986	10418
6986	92833
6986	50475
6986	85381
6986	100492
6986	100584
6986	53787
6986	105324
6987	78315
6987	1248
6987	91291
6987	1633
6987	94313
6987	5424
6987	98513
6987	44190
6987	1306
6987	12265
6987	18459
6987	55988
6987	48868
6987	19194
6987	94763
6988	94716
6988	26038
6989	55668
6989	83571
6989	83573
6989	83688
6990	94432
6991	79273
6991	64800
6991	38463
6991	25680
6992	52286
6993	398
6993	102717
6994	58143
6995	84379
6995	20979
6995	84420
6995	84453
6995	16826
6995	1471
6995	2779
6995	27034
6995	59360
6995	74235
6995	280
6995	104630
6995	105225
6996	6435
6996	14115
6996	5630
6997	80495
6997	91625
6997	94144
6997	21408
6998	83726
6998	4572
6998	61624
6998	97964
6998	106101
6998	35345
6999	67780
6999	65149
6999	93883
7000	4663
7000	13333
7000	80415
7000	56953
7000	280
7000	52976
7000	30547
7000	81691
7000	22970
7000	12560
7000	32337
7001	84711
7001	84712
7001	84713
7002	84481
7002	85777
7002	1706
7002	95736
7003	92050
7004	88850
7004	38497
7004	100367
7004	4327
7004	100412
7005	8939
7006	82946
7006	67797
7006	11769
7006	18536
7007	85289
7007	62033
7007	106673
7008	85132
7008	85286
7008	88054
7008	55145
7008	26415
7008	2408
7009	39372
7010	16396
7010	10906
7010	26291
7011	92514
7012	94498
7012	94529
7012	84200
7012	30983
7012	94622
7013	33872
7013	12293
7013	85978
7014	80384
7015	46319
7016	85788
7016	69551
7016	44621
7016	44649
7016	5295
7016	5684
7016	8717
7016	71663
7016	44736
7016	51905
7016	96163
7016	96179
7016	96464
7016	2567
7016	26641
7016	20467
7016	100293
7017	19396
7018	83525
7018	83526
7018	29928
7018	91598
7018	5076
7018	107589
7018	105283
7019	95189
7019	78962
7019	65478
7019	25917
7019	93873
7019	102468
7020	87244
7020	87245
7020	621
7021	87757
7021	100948
7021	4338
7021	103659
7021	58629
7021	107173
7021	107336
7022	44380
7023	104181
7023	59359
7023	61242
7023	12788
7023	110579
7023	86552
7024	91222
7024	2281
7024	55200
7024	76742
7024	94720
7024	96227
7024	30414
7024	65477
7024	99918
7024	97955
7024	99919
7024	8748
7024	4144
7024	106999
7024	93200
7025	97158
7025	97159
7025	36431
7026	72665
7026	31719
7026	51653
7027	13689
7028	88732
7028	70365
7029	22234
7029	67847
7029	13297
7029	96288
7030	92845
7030	92870
7030	47309
7031	56204
7032	51051
7033	12767
7033	12767
7034	52387
7034	88907
7034	89478
7035	47
7035	6188
7035	782
7035	7002
7035	64657
7035	18823
7035	93380
7035	1754
7035	17305
7035	2113
7035	107332
7035	84469
7035	99105
7035	106030
7036	47257
7036	18595
7036	73553
7036	93114
7036	9190
7036	43767
7036	107648
7036	1188
7037	2277
7038	58564
7039	89981
7040	41550
7041	23858
7042	15971
7043	39657
7044	12175
7045	41047
7045	60381
7046	8365
7047	15154
7048	87472
7049	86755
7049	4780
7049	55639
7049	10
7049	20104
7049	12408
7049	103349
7049	4909
7050	16116
7050	92152
7051	12871
7051	4328
7051	86064
7051	7521
7051	73320
7051	71455
7051	98360
7051	48226
7051	70149
7051	15821
7051	109254
7052	94856
7052	78680
7052	93241
7052	94949
7053	94102
7054	97
7055	25886
7056	89989
7056	83437
7057	35990
7057	50910
7057	28300
7057	2329
7057	414
7057	35990
7057	90876
7058	27016
7059	14786
7059	2079
7060	95417
7060	20531
7061	78457
7061	4346
7061	10020
7061	43170
7062	88868
7062	88869
7063	76688
7063	6556
7064	30369
7065	86050
7065	20970
7065	86102
7066	39433
7067	83088
7067	4972
7067	87852
7068	65383
7068	43940
7069	70041
7069	86335
7069	86336
7070	7160
7071	84529
7072	88083
7073	46867
7073	82544
7074	48948
7075	993
7075	93630
7075	56204
7076	4771
7076	108075
7076	75292
7076	108347
7076	90692
7077	62956
7077	4304
7077	61455
7077	83087
7077	1849
7077	12329
7077	29055
7078	79739
7078	86057
7078	6128
7078	92567
7078	36244
7078	23924
7078	13509
7078	95302
7078	95380
7078	95395
7078	50306
7078	78777
7078	59935
7079	12141
7079	41558
7079	27289
7079	96969
7079	97681
7079	98230
7080	33678
7081	518
7081	1645
7081	9070
7082	20791
7082	17140
7083	4692
7083	93048
7084	44554
7084	91331
7084	40473
7085	2800
7085	26848
7085	54768
7085	1287
7085	93011
7085	102852
7085	52021
7086	84459
7086	84460
7087	4581
7087	83270
7087	25904
7087	58896
7087	60856
7087	101253
7087	4581
7088	7539
7089	49440
7090	31149
7090	80244
7090	41
7090	33876
7090	54092
7090	14220
7090	3842
7090	78172
7090	6097
7090	22184
7090	97280
7091	109820
7091	109821
7091	109916
7091	109917
7092	3004
7093	25223
7093	79691
7093	98669
7093	98923
7093	25059
7094	12886
7094	67549
7094	89229
7095	88182
7095	90084
7096	83441
7096	69292
7096	17057
7096	9421
7097	86628
7097	96536
7097	88081
7097	86628
7097	102319
7098	94720
7099	20359
7099	89624
7099	75755
7100	31937
7100	102610
7101	110204
7102	9228
7102	10489
7102	2256
7103	47760
7104	74982
7104	33850
7104	15578
7105	53829
7106	108968
7107	47972
7107	72908
7107	9719
7107	2876
7107	86698
7107	22934
7107	59083
7108	73482
7108	46960
7108	75712
7109	3562
7110	75506
7110	27994
7110	86756
7110	41905
7110	47656
7110	11977
7110	14636
7111	890
7111	70758
7111	14402
7111	3561
7111	11754
7111	8132
7111	10078
7112	49913
7112	18784
7113	100246
7113	100247
7113	40850
7113	175
7114	45239
7114	25262
7114	49440
7114	10344
7114	40403
7114	111359
7114	20265
7114	307
7115	54608
7116	22650
7116	95503
7116	67410
7117	3055
7117	59104
7118	65719
7118	101924
7118	48960
7118	65609
7118	101944
7118	87921
7118	47197
7118	108812
7119	18785
7120	85066
7120	82337
7120	90305
7120	45397
7120	90324
7120	1892
7120	90332
7120	16209
7120	85379
7120	49566
7120	825
7120	98374
7120	2046
7120	9775
7120	98407
7120	61087
7120	102312
7120	20557
7120	10504
7120	102337
7121	63508
7121	68981
7121	100962
7122	42143
7123	95517
7124	92844
7125	84147
7125	35744
7125	4011
7125	101487
7125	4011
7125	108748
7125	33856
7125	5859
7126	83931
7126	84122
7127	33549
7127	5528
7127	19321
7127	7365
7127	7536
7128	612
7128	1531
7129	1306
7129	8014
7130	16115
7130	16204
7130	69342
7131	2312
7131	86247
7132	32043
7132	19331
7132	105242
7133	69923
7134	84578
7134	46798
7134	62076
7134	85260
7134	66688
7134	91575
7134	91576
7134	37807
7134	10816
7134	96294
7134	108666
7134	110245
7134	37807
7134	82997
7134	2770
7134	111055
7134	111056
7134	111057
7135	35038
7135	27078
7135	23530
7135	18112
7135	56173
7135	46315
7135	69411
7135	4629
7136	43066
7137	5188
7138	26269
7138	13171
7138	6148
7138	6742
7138	13091
7138	17246
7138	15908
7138	50663
7138	75845
7138	17061
7138	14786
7138	94088
7138	66943
7138	53674
7138	43767
7138	1548
7138	6398
7138	72081
7138	22352
7138	94174
7138	3741
7138	109884
7138	14616
7138	50436
7138	109947
7138	7080
7138	16798
7138	681
7138	14613
7138	5251
7139	38183
7140	87093
7140	100285
7140	42181
7140	100339
7140	14101
7140	27489
7140	103702
7140	103703
7140	88939
7141	32113
7141	2814
7141	87545
7141	2813
7141	35555
7141	850
7142	69234
7142	14696
7142	4975
7143	7818
7143	94869
7143	94870
7144	56392
7145	50156
7146	83957
7146	8748
7146	19640
7146	47406
7146	35224
7146	86551
7146	18784
7146	9926
7146	74002
7146	87278
7146	2022
7146	61432
7146	51054
7146	104538
7146	39702
7146	106183
7146	106196
7146	29413
7146	47250
7146	110656
7146	96555
7147	18994
7147	7084
7147	13110
7148	1306
7148	12557
7148	14567
7148	39255
7148	1749
7148	24168
7148	97831
7149	78663
7149	56011
7149	71968
7149	39778
7149	1563
7149	89798
7150	10209
7150	27775
7150	4135
7150	29918
7151	96780
7151	32969
7151	21960
7152	91137
7152	31682
7153	13091
7153	54159
7153	990
7153	88485
7153	31420
7154	2351
7155	34608
7155	2244
7155	25668
7155	40311
7155	85265
7156	20658
7156	86156
7156	24153
7156	23924
7156	95854
7157	89257
7157	89258
7157	89402
7157	89403
7157	73757
7157	89459
7157	89520
7157	96852
7157	73452
7157	98573
7157	106203
7157	106458
7158	2948
7158	86969
7159	87040
7160	30029
7160	22536
7161	13122
7161	9282
7162	11847
7162	94059
7162	4118
7162	48855
7162	89240
7162	85066
7162	15364
7163	25076
7164	85214
7164	48147
7164	97403
7165	78015
7165	39576
7166	3486
7166	72599
7167	85635
7167	21843
7167	85649
7167	96360
7167	14168
7168	79193
7168	7364
7169	7820
7169	3661
7169	46286
7169	42143
7170	9821
7170	87398
7170	83589
7170	72871
7170	56817
7170	22102
7170	82536
7170	96443
7170	96651
7170	96652
7170	94428
7170	105913
7170	7144
7171	87824
7171	87825
7171	87826
7171	88496
7171	46271
7171	88630
7171	73328
7171	40530
7171	92457
7171	92458
7172	14636
7173	52575
7173	101415
7173	101528
7173	72933
7173	101741
7174	94921
7174	101838
7174	110381
7175	69418
7176	32259
7176	15957
7176	32067
7176	90800
7176	107539
7177	83116
7177	96118
7178	11308
7178	84500
7178	84514
7179	94968
7180	83708
7180	32592
7180	39726
7180	86981
7180	90985
7180	47340
7180	98021
7180	9665
7180	111668
7181	32389
7182	2599
7183	89083
7183	18017
7184	9424
7185	6721
7186	56011
7187	51067
7187	104451
7188	7144
7188	25507
7188	13302
7188	47
7188	30665
7188	79043
7188	1539
7188	43774
7189	10306
7189	81465
7190	106772
7190	106773
7191	1112
7192	89306
7192	1376
7193	89806
7194	16621
7195	4639
7195	7360
7195	14375
7196	95577
7196	95578
7197	90048
7198	26734
7198	84074
7198	99314
7198	52137
7198	75291
7198	109959
7199	45279
7199	82701
7200	75463
7200	92630
7200	79500
7200	14967
7201	94450
7202	40299
7202	61242
7202	3379
7203	3162
7204	56204
7205	84476
7205	34727
7205	48824
7205	14228
7205	47530
7205	23757
7205	4614
7205	49915
7205	61532
7205	103378
7206	33119
7206	89003
7206	46533
7207	85872
7207	85873
7208	89037
7208	107517
7209	19994
7209	92934
7209	56822
7210	12519
7211	3842
7211	2418
7211	5811
7211	69668
7211	81257
7211	84390
7211	4809
7211	18069
7212	1462
7212	39274
7212	55682
7213	84239
7213	84240
7213	84241
7213	84242
7213	84243
7213	84244
7213	74197
7213	77024
7213	21790
7213	43962
7213	102905
7213	44042
7213	103103
7213	103128
7213	104900
7213	104901
7213	104907
7214	22488
7214	1075
7214	4045
7215	89677
7215	28870
7215	80012
7215	93351
7215	46988
7215	19932
7215	91484
7215	36052
7215	96422
7215	86653
7216	101982
7217	87177
7217	993
7218	89280
7218	1011
7219	37998
7219	21771
7220	14917
7220	84420
7220	28865
7220	97157
7220	62153
7220	18619
7220	15341
7221	86269
7221	47709
7221	103717
7222	86207
7222	91599
7222	59572
7223	93364
7224	103489
7224	7619
7225	89246
7226	83329
7227	24626
7227	89960
7227	17284
7227	8548
7228	51500
7228	2817
7228	34727
7228	82607
7228	54076
7228	77322
7228	5803
7228	30029
7228	95080
7228	93123
7228	95081
7228	56622
7228	71789
7228	25669
7228	96521
7229	280
7229	55350
7229	12263
7230	97
7230	7144
7231	273
7231	22083
7231	92432
7232	6950
7233	26778
7233	859
7234	87621
7234	75980
7234	1057
7234	95620
7234	14150
7234	11009
7234	103006
7235	85495
7235	38109
7236	89553
7236	53936
7236	89825
7236	35043
7237	87567
7238	22027
7238	102096
7238	77266
7238	47504
7238	55245
7238	77660
7238	102500
7238	102501
7238	102525
7238	68052
7239	51916
7239	30397
7239	6004
7239	90104
7239	93576
7240	8029
7240	85712
7240	1537
7240	66268
7240	108092
7241	15032
7241	75724
7241	60667
7242	36036
7243	38463
7244	84833
7244	37510
7244	676
7245	84678
7245	1656
7246	14544
7246	20699
7247	13006
7248	65140
7248	110530
7249	22408
7249	5880
7249	34725
7250	1981
7251	53865
7251	96645
7251	68546
7251	103203
7251	62045
7251	9719
7251	25562
7252	44103
7253	97395
7253	98075
7254	84363
7255	85355
7255	13339
7255	45771
7255	14128
7256	92161
7256	48584
7257	22233
7257	92256
7257	93461
7257	79657
7257	98405
7257	785
7258	1330
7258	51637
7259	20020
7260	19194
7261	29902
7261	5802
7262	1981
7263	26407
7263	88119
7263	88139
7263	104378
7263	97746
7263	108676
7264	83773
7264	55345
7264	105330
7265	32396
7266	28050
7267	83788
7268	98710
7268	99184
7268	99244
7268	5411
7268	99245
7268	85680
7269	88592
7269	88593
7269	88734
7269	37182
7269	111768
7270	89140
7270	98294
7270	98323
7270	98324
7270	58082
7271	83122
7271	94448
7271	13893
7272	25711
7273	55132
7274	4949
7275	99630
7276	993
7277	1767
7277	92537
7277	92538
7277	54690
7277	7636
7277	80339
7278	35843
7278	81355
7279	93271
7279	5683
7280	14647
7281	8571
7281	100881
7282	85016
7282	37996
7282	98864
7282	103986
7282	107443
7283	91739
7283	91740
7283	6832
7283	13336
7284	86872
7285	22855
7285	65527
7285	9123
7285	6999
7285	30
7286	43433
7287	13365
7287	86378
7287	98990
7287	13364
7287	81958
7287	13365
7288	71288
7288	24742
7288	63129
7288	49797
7288	56997
7288	83488
7288	24201
7288	103205
7288	71288
7288	49797
7288	104105
7288	65435
7288	109454
7288	103147
7289	20673
7289	50355
7289	1207
7290	42644
7290	61085
7291	40146
7291	14082
7291	71971
7291	56573
7291	87673
7291	94706
7291	94724
7291	60667
7291	31053
7291	46868
7291	34156
7292	67120
7292	29438
7292	74742
7292	29470
7292	97348
7292	4975
7293	13465
7293	54737
7293	69722
7294	85307
7294	4717
7294	27050
7294	29070
7295	54239
7295	91447
7295	32960
7295	69407
7295	91493
7295	33872
7296	4642
7296	42644
7296	1297
7297	21727
7297	23640
7297	53576
7298	32469
7298	24588
7299	35361
7300	61031
7301	92388
7301	34417
7302	46334
7302	80375
7302	88469
7302	2808
7302	65247
7302	88793
7302	77128
7302	4521
7302	75970
7302	90942
7302	24523
7302	63838
7302	54807
7302	18058
7302	9328
7302	46667
7302	102920
7303	70055
7303	4212
7303	84903
7303	84904
7303	84942
7303	41657
7303	16633
7303	715
7303	84954
7303	91840
7303	95948
7303	4017
7303	192
7303	13466
7303	77143
7303	1832
7303	105685
7303	66
7303	34333
7303	192
7304	66678
7304	86154
7304	86155
7304	71076
7304	91456
7304	24061
7304	91518
7304	35971
7304	66678
7304	56888
7304	33649
7304	102930
7305	7277
7305	81401
7305	1749
7305	10577
7305	37808
7305	67848
7305	95009
7305	7104
7305	83235
7305	95051
7305	19217
7305	23510
7305	49498
7305	8605
7306	84603
7307	88839
7308	46773
7308	69892
7308	4896
7309	56204
7309	87232
7310	100437
7310	4630
7310	1548
7311	25709
7312	9861
7313	74905
7314	7627
7314	13430
7314	49969
7314	6863
7314	78049
7315	13431
7316	20489
7317	56022
7317	26029
7318	55751
7318	4629
7318	3494
7318	96321
7318	7521
7318	64775
7318	15606
7319	104729
7320	26019
7320	44505
7320	58753
7321	15451
7322	88442
7322	88569
7322	88570
7322	71956
7322	90374
7322	90375
7322	81716
7323	5424
7323	55
7323	50365
7323	11
7324	87288
7324	87289
7324	5394
7324	87432
7325	62955
7326	100750
7327	88809
7328	24660
7329	14801
7330	95580
7330	3173
7330	72391
7331	84612
7331	4975
7331	30759
7331	4318
7331	60407
7331	21010
7331	8167
7332	29636
7332	22457
7332	1633
7332	79126
7333	19676
7333	45476
7333	76441
7333	64919
7334	12921
7334	58187
7335	13065
7335	65062
7336	16590
7336	38596
7336	100149
7336	105699
7337	40565
7338	56817
7338	58693
7338	95491
7339	576
7340	56173
7341	41524
7342	1785
7342	61318
7342	29285
7342	83210
7342	33085
7342	108663
7342	576
7342	50193
7342	7905
7342	29285
7342	6149
7343	7307
7344	69792
7344	10189
7344	21772
7344	17864
7344	27686
7344	95933
7344	95950
7344	10909
7344	6930
7345	74201
7345	993
7345	47495
7345	101115
7345	60487
7345	70460
7346	3034
7346	10253
7346	67798
7346	85535
7346	7605
7346	2028
7346	45974
7346	68994
7346	60432
7346	100919
7346	10934
7346	89256
7346	101052
7346	107588
7347	10009
7347	2313
7348	84715
7349	15316
7349	1981
7349	92797
7349	17651
7350	14631
7350	62363
7351	280
7352	4680
7352	16261
7352	14020
7352	44119
7352	69415
7352	10449
7353	91189
7353	57099
7353	31666
7353	94924
7353	94929
7353	94930
7353	106097
7353	31207
7354	7277
7354	4539
7354	68160
7354	14264
7354	46691
7354	52743
7354	3932
7355	87785
7355	87241
7355	260
7355	24199
7356	49232
7356	120
7356	4539
7356	92438
7356	27990
7356	59360
7356	1495
7356	20778
7356	103454
7356	102264
7356	80349
7357	72077
7358	56517
7359	71273
7359	39262
7359	285
7360	35217
7361	83218
7361	5922
7362	93662
7362	48765
7363	83828
7363	89142
7364	19383
7365	25538
7366	4983
7366	35930
7366	43664
7366	307
7367	24993
7368	10116
7368	192
7369	26473
7369	84935
7369	84965
7370	68323
7371	93629
7372	7491
7372	66689
7373	14228
7373	84070
7373	57911
7374	35095
7374	48217
7375	80824
7376	91209
7376	91268
7377	17543
7377	93748
7377	93819
7377	110341
7377	110342
7377	110343
7377	110419
7377	110460
7378	15384
7379	16555
7380	3475
7381	35362
7381	22474
7381	101891
7381	845
7382	88646
7382	6149
7382	91931
7382	84070
7382	3486
7383	5945
7384	84630
7384	91410
7384	72155
7385	58810
7385	10182
7386	85422
7387	13413
7388	1368
7388	52435
7389	19660
7389	9826
7390	77284
7390	70298
7390	1595
7390	10816
7390	92484
7390	11931
7390	95963
7390	63085
7390	95996
7390	37975
7390	96025
7390	84630
7390	57153
7390	102211
7390	62352
7390	83501
7390	111101
7391	95615
7391	22459
7391	102270
7392	56323
7393	98661
7393	20552
7393	108756
7394	76349
7394	103223
7395	4007
7396	16531
7397	84355
7397	52191
7398	18962
7398	4318
7398	75404
7399	83077
7400	88489
7400	34740
7401	35233
7401	74968
7401	89926
7401	90137
7401	103786
7401	106950
7401	76517
7402	83939
7402	61640
7402	83963
7402	71830
7402	73498
7402	64351
7402	101639
7402	94072
7402	101649
7402	15140
7403	96235
7403	96237
7403	96238
7403	96239
7403	47762
7403	96297
7403	60487
7404	68387
7404	1961
7404	66577
7405	29451
7406	12062
7407	105647
7407	54565
7408	92468
7408	5896
7408	6603
7408	18924
7409	51366
7409	78323
7410	32024
7410	87305
7411	6603
7411	103306
7411	108810
7411	14721
7412	96171
7412	98235
7412	26575
7412	54375
7412	17096
7412	108785
7412	110864
7413	22334
7414	86887
7414	76270
7414	29898
7415	6410
7415	14806
7415	4223
7416	87880
7416	78580
7417	17987
7418	84471
7419	45328
7420	69215
7420	21390
7420	10560
7421	89038
7421	112085
7421	48660
7421	77483
7421	50813
7422	3362
7422	31568
7422	6427
7423	63413
7423	79033
7424	84349
7424	84471
7425	19797
7425	27127
7425	87198
7425	87199
7426	15882
7426	52045
7426	41670
7426	5946
7426	16496
7426	98578
7426	99660
7426	90902
7426	8770
7426	16352
7426	4654
7426	10667
7427	86197
7427	6581
7428	84221
7428	84827
7428	18101
7428	22251
7429	6147
7429	2471
7429	1678
7430	5793
7430	93237
7431	83101
7431	26334
7431	53013
7431	106523
7432	41791
7433	9478
7433	58644
7433	2103
7433	29885
7433	11241
7433	105679
7434	17334
7435	65399
7435	19413
7435	85715
7435	46404
7436	4958
7437	17488
7438	1974
7438	44115
7439	38415
7439	31472
7439	73160
7439	52784
7439	110462
7440	84417
7441	5229
7441	14284
7442	94335
7443	85070
7444	24626
7444	84740
7444	11911
7444	41639
7444	7065
7444	11266
7444	95046
7444	66492
7444	28596
7445	21472
7445	640
7446	25640
7446	85196
7446	1247
7447	6479
7447	53068
7447	43696
7448	28183
7449	61043
7450	38213
7450	90656
7450	90819
7451	83367
7451	83461
7451	19591
7451	92646
7452	85776
7452	62266
7453	10009
7454	66154
7455	100964
7456	56576
7456	5499
7457	42089
7457	48433
7458	102234
7458	58698
7459	91891
7459	93454
7459	93540
7459	93541
7459	45563
7459	30790
7459	87465
7459	23341
7459	62153
7459	94571
7459	98355
7459	26293
7459	98679
7459	83799
7459	62033
7459	12940
7459	22474
7459	98737
7459	93764
7459	96693
7459	107031
7459	62153
7459	107032
7459	107195
7459	102999
7459	53865
7459	111007
7459	111604
7459	31555
7459	68581
7459	112008
7460	47935
7460	89064
7460	103949
7460	106216
7460	106542
7460	108668
7460	109808
7461	43949
7462	63036
7462	98826
7463	71541
7463	101737
7463	106536
7463	106537
7463	47223
7463	66654
7464	89161
7464	21499
7464	27852
7464	42179
7464	95462
7465	38597
7465	7021
7465	78481
7465	97884
7466	1470
7466	84522
7466	89344
7466	89357
7466	101795
7466	101807
7466	84153
7466	84522
7466	106659
7466	106660
7466	55007
7466	77843
7467	75724
7468	10027
7468	24823
7468	87082
7469	22562
7469	87813
7469	80631
7469	7886
7470	92849
7470	67861
7470	97072
7470	97112
7470	101283
7471	3278
7471	84381
7472	9985
7472	52420
7472	95486
7472	78286
7472	85188
7472	99079
7472	69267
7472	77496
7472	47632
7472	105869
7472	23818
7472	110013
7473	2817
7473	13832
7474	86449
7474	89195
7475	81301
7476	83628
7476	84865
7476	84885
7476	84897
7476	86960
7476	29501
7476	91955
7476	57088
7476	91964
7476	83628
7476	56307
7476	57329
7476	11571
7476	96036
7476	96037
7476	96052
7476	28267
7476	96065
7477	87712
7477	87734
7477	32459
7477	1435
7477	92550
7478	6757
7478	62724
7478	106604
7479	51370
7479	6441
7480	50129
7480	1610
7480	20592
7480	27095
7480	3660
7480	16378
7480	8744
7480	101401
7480	7909
7480	20043
7481	11129
7481	29470
7481	4909
7481	67120
7482	81025
7483	84952
7483	71484
7483	3759
7484	70858
7484	90994
7484	107594
7485	14696
7485	17692
7485	26321
7486	10020
7487	95349
7487	103953
7487	41364
7488	96745
7488	7837
7488	41712
7488	76826
7488	16297
7489	83057
7489	18351
7489	32800
7489	102418
7489	52798
7489	3870
7489	67430
7490	4958
7491	307
7491	12351
7492	6993
7492	85071
7492	65075
7493	2284
7493	15296
7494	35702
7495	40866
7496	93511
7497	412
7497	199
7497	9990
7497	84293
7497	67877
7497	7277
7497	102148
7498	307
7498	78709
7499	30375
7499	102244
7499	13351
7500	107521
7501	736
7502	91407
7502	91420
7502	39489
7502	487
7503	72468
7504	85892
7505	69172
7505	23395
7506	42303
7506	55497
7506	40283
7506	31086
7507	7487
7507	47414
7508	86615
7509	25636
7509	109009
7509	109010
7510	92645
7510	93704
7511	951
7511	62901
7511	32598
7511	50310
7511	98309
7511	95593
7511	47835
7511	78771
7511	100389
7511	31850
7511	14760
7511	75264
7511	38874
7511	4689
7511	17470
7511	45415
7511	107059
7511	107075
7511	110389
7511	21550
7512	17141
7512	9145
7512	97929
7513	12638
7514	25575
7514	99162
7515	93307
7515	41276
7515	41953
7515	75464
7515	7277
7515	2053
7515	81257
7516	21486
7517	88655
7518	51543
7518	87473
7519	45450
7519	13937
7520	104003
7520	62309
7520	28379
7521	4302
7521	93715
7522	93950
7522	49306
7522	7369
7522	98261
7522	42892
7523	85505
7523	85506
7523	85507
7523	40078
7523	16835
7524	5559
7524	109573
7525	31115
7526	67685
7526	1706
7526	8782
7526	83970
7526	9337
7526	31053
7526	47270
7526	18985
7526	82213
7526	70045
7526	92876
7526	92877
7526	1706
7526	35876
7526	22352
7526	4365
7526	100393
7526	43972
7526	103453
7527	5211
7527	87687
7527	3005
7527	11049
7528	93974
7528	69702
7529	8880
7529	551
7529	17978
7529	95993
7529	4508
7530	45624
7531	33409
7531	25978
7532	84291
7533	56011
7533	734
7533	1603
7534	99173
7534	78862
7535	6236
7536	85336
7537	52043
7538	85804
7538	99037
7538	99068
7538	23336
7538	105096
7538	105147
7538	41971
7539	18588
7540	4327
7541	68533
7542	95232
7543	15962
7543	77243
7543	85624
7543	102722
7544	3573
7544	97080
7545	2873
7545	81044
7545	54041
7545	56054
7545	97655
7546	39636
7546	95997
7546	7536
7546	59324
7547	50443
7547	2063
7547	95501
7548	85533
7549	5755
7549	87028
7549	94029
7550	22010
7550	83568
7551	84576
7552	65140
7552	94333
7552	15903
7552	12694
7553	87619
7554	83905
7555	335
7555	13813
7555	55665
7555	80791
7555	30759
7555	12793
7555	84118
7555	13893
7555	29423
7555	62371
7555	96392
7555	23973
7555	14026
7555	4909
7555	39174
7556	22003
7556	14264
7557	9424
7557	14932
7557	14854
7558	11694
7559	84270
7559	2566
7560	5914
7560	84118
7561	81085
7562	14767
7563	96415
7563	90110
7563	39978
7564	25681
7564	67882
7565	10204
7565	9524
7565	43649
7565	50023
7566	60967
7567	95772
7567	23505
7567	2224
7568	92657
7569	1748
7570	84397
7570	67356
7570	10107
7570	72269
7570	78352
7570	59415
7570	7277
7570	8842
7570	77804
7570	108178
7570	1243
7570	84397
7571	64651
7571	64822
7571	27683
7571	14925
7571	1446
7572	18796
7573	1669
7574	25019
7574	35654
7574	84639
7574	96985
7575	84432
7575	4010
7576	14060
7576	92517
7577	89474
7578	26102
7578	24740
7579	43027
7579	83395
7580	91168
7581	319
7581	33903
7581	9771
7581	7405
7581	48460
7581	1722
7581	21796
7581	28947
7581	41819
7581	71598
7581	67877
7581	1287
7582	12066
7583	67764
7584	53128
7584	16347
7585	40799
7585	83129
7585	319
7585	72871
7585	56817
7585	58693
7586	13934
7586	58675
7586	17328
7586	32897
7586	73722
7586	99672
7586	56002
7586	12102
7586	12916
7586	16555
7586	5608
7587	25825
7587	105070
7588	25687
7588	16682
7588	92692
7588	50062
7588	96166
7589	6697
7589	90576
7589	17499
7589	93358
7589	12990
7589	28137
7589	86471
7590	14285
7590	19011
7591	68994
7591	81114
7592	59238
7592	46432
7593	41097
7593	4052
7593	25668
7593	79693
7594	96620
7595	772
7596	88081
7596	31861
7596	92395
7596	92404
7597	87325
7598	14124
7598	94197
7598	94198
7599	41936
7599	55541
7600	81260
7601	89401
7601	21283
7602	13555
7603	3560
7603	76387
7603	12859
7603	64119
7604	761
7604	67220
7605	94225
7605	14108
7606	2696
7607	19676
7608	2256
7609	15770
7609	18790
7609	41937
7609	29189
7609	53127
7609	6797
7609	91027
7609	92048
7610	6173
7610	46207
7611	20166
7611	4614
7611	86163
7612	98660
7613	1397
7613	5465
7613	42459
7614	83501
7615	88137
7615	21262
7615	88514
7615	37280
7615	54269
7615	88523
7615	44686
7615	49953
7615	44660
7615	88553
7615	62196
7615	90481
7615	90482
7615	90483
7615	91181
7615	91213
7615	92698
7615	92726
7615	92727
7615	92798
7615	93079
7615	93444
7615	93463
7615	93500
7615	93650
7615	88137
7615	99482
7615	45010
7615	100322
7615	34520
7615	105179
7615	92286
7615	99482
7615	20805
7615	108916
7615	109355
7615	77692
7616	30557
7617	91658
7618	22203
7618	49527
7618	50224
7618	99959
7618	99969
7619	67099
7620	81938
7620	61448
7620	24675
7620	746
7621	8569
7622	84530
7623	319
7623	29927
7624	1620
7624	52862
7624	1328
7624	25277
7624	878
7624	75
7624	61919
7624	102388
7624	11477
7624	81700
7625	83987
7625	80415
7625	10739
7625	25097
7625	7412
7625	5028
7626	47682
7626	33610
7626	45246
7627	86367
7627	66707
7627	2910
7627	23757
7627	1207
7628	10986
7628	307
7628	11539
7629	49884
7629	3932
7630	97249
7630	92493
7631	35868
7631	107599
7632	23864
7633	99006
7634	70694
7634	60935
7635	57952
7635	20419
7635	29086
7635	6019
7636	91065
7636	58554
7636	76892
7637	100211
7637	58326
7638	58263
7639	112120
7640	92899
7641	2690
7642	81719
7642	44859
7642	86831
7642	87311
7642	68897
7642	88049
7642	97584
7642	51859
7643	7589
7643	31149
7644	62045
7644	2312
7644	95064
7644	96202
7644	96203
7644	94229
7644	1202
7644	80073
7644	2312
7644	109269
7644	8035
7645	29162
7645	58854
7645	86256
7645	86312
7645	101449
7646	45779
7646	28005
7646	4873
7647	6528
7647	81408
7647	4990
7647	8525
7647	2515
7647	4129
7647	77501
7648	84977
7648	37809
7648	41816
7648	80875
7648	50752
7648	85134
7648	73635
7648	107576
7648	107577
7648	107578
7648	107940
7648	108321
7648	108458
7648	108638
7648	108639
7648	108859
7648	108860
7648	108869
7648	13351
7648	52690
7648	86163
7648	110272
7648	110273
7648	50752
7648	110274
7648	58928
7648	73635
7649	97610
7650	65857
7650	25305
7650	40153
7651	1397
7652	27700
7653	84911
7653	21849
7654	58683
7654	45719
7654	47545
7655	67411
7655	72665
7655	81813
7656	15365
7656	93123
7657	12756
7657	93059
7658	10710
7658	6543
7658	5399
7659	85547
7659	90465
7659	90485
7659	90486
7659	99471
7659	72231
7659	102209
7659	99471
7659	102274
7659	54627
7659	75046
7659	75104
7659	108582
7659	108583
7660	26359
7660	67771
7660	85066
7660	43602
7661	18563
7662	21516
7662	49148
7662	81242
7662	38335
7662	9856
7662	90492
7663	105696
7664	26411
7664	1111
7665	91914
7665	29644
7665	97398
7666	49863
7666	407
7666	1306
7666	76407
7666	32711
7666	93783
7667	86524
7667	98478
7668	18488
7668	6761
7669	27423
7670	84106
7670	94976
7670	94977
7670	104453
7671	21387
7672	91451
7673	8573
7673	97686
7673	28765
7674	3319
7675	81696
7675	352
7675	61356
7675	31446
7675	9838
7675	15181
7676	101011
7677	95999
7677	103417
7678	17422
7679	53865
7679	1328
7680	54674
7680	107600
7680	45865
7681	41081
7682	95005
7682	36689
7683	1313
7683	106002
7684	376
7685	87490
7685	82786
7686	87033
7686	34133
7687	3190
7687	53083
7688	56715
7689	64612
7690	23494
7690	96871
7690	24221
7691	14090
7691	32211
7692	15316
7692	19865
7692	19951
7692	5995
7692	75382
7693	2279
7693	83310
7694	55568
7694	10036
7694	8575
7694	91306
7694	71229
7695	91206
7695	175
7696	84109
7696	84110
7696	84111
7696	58113
7697	98144
7698	68103
7699	27209
7700	51419
7700	39000
7700	85911
7700	61045
7701	14682
7702	48492
7703	101595
7703	101596
7703	22805
7703	106252
7703	106559
7704	30988
7704	89417
7704	94188
7705	7190
7705	32
7706	93637
7707	8103
7707	53674
7708	102271
7708	17797
7708	22504
7708	388
7708	19800
7709	85276
7709	88240
7709	12448
7709	88280
7710	14336
7710	17021
7710	15317
7710	64796
7710	34460
7710	14337
7710	36720
7710	27946
7710	19777
7710	102013
7711	70904
7712	9705
7712	88996
7712	101671
7713	79007
7713	23936
7714	70220
7715	41769
7715	10263
7715	87985
7715	2628
7715	10641
7715	2465
7715	72898
7715	95178
7715	13400
7716	88862
7716	60967
7717	92635
7717	23677
7717	61969
7718	87201
7719	10442
7720	84523
7720	86062
7720	86768
7720	14619
7720	107140
7720	50374
7721	74844
7721	98498
7722	90853
7722	75712
7723	13754
7724	15298
7725	12810
7725	1038
7725	19095
7725	1871
7725	67878
7725	13220
7725	71910
7725	96685
7725	102090
7725	3404
7725	47145
7726	88310
7726	96170
7726	107302
7726	6478
7726	108142
7726	109132
7727	89181
7727	10354
7727	8069
7727	64114
7727	89463
7727	95176
7727	94347
7727	39489
7727	95160
7727	106007
7727	98242
7728	91805
7728	795
7728	1548
7728	58187
7728	14366
7729	77684
7729	60667
7730	4050
7731	19865
7732	93345
7733	61713
7733	72696
7733	693
7733	1715
7733	25233
7733	14494
7733	409
7733	11059
7733	49137
7733	87670
7733	30711
7733	1328
7733	2459
7733	99541
7734	94273
7735	47909
7735	1604
7735	33075
7735	76303
7736	84900
7736	84901
7736	85022
7736	39422
7736	85111
7736	85112
7737	9705
7737	102624
7738	5333
7739	8380
7739	93944
7740	26481
7741	90919
7742	83172
7742	91681
7742	6613
7743	22457
7743	41588
7743	5396
7743	67546
7743	55956
7744	91446
7744	94374
7744	94387
7744	15773
7745	2371
7746	83727
7746	34577
7746	11624
7747	5632
7747	27
7748	8997
7748	83068
7748	65955
7748	10223
7748	41502
7748	91542
7748	11600
7748	16526
7748	109759
7748	19567
7748	82297
7749	14406
7749	4101
7750	18753
7750	30376
7751	96470
7752	14778
7752	71789
7753	30346
7753	8728
7754	98337
7755	28164
7756	93190
7757	91243
7757	71825
7758	77800
7759	8831
7759	92383
7760	85040
7760	68479
7760	3436
7760	89983
7761	19969
7761	71910
7762	50610
7762	41819
7762	53237
7763	1908
7763	3203
7764	4467
7764	43767
7764	93795
7764	16923
7764	109317
7764	86181
7764	21043
7764	55583
7764	111780
7764	4138
7764	89310
7765	13900
7766	1388
7766	78175
7766	12140
7767	43602
7767	8528
7767	352
7767	4037
7767	676
7767	3739
7767	40259
7767	2413
7768	96622
7768	96623
7769	83402
7769	85230
7769	8856
7769	55181
7769	89873
7769	65839
7769	20791
7769	83402
7769	10308
7769	52206
7769	8856
7769	20791
7769	109711
7770	52383
7770	7708
7770	5417
7770	30897
7770	84630
7770	33194
7770	57690
7770	52383
7771	96119
7772	33409
7772	6642
7772	27359
7772	25538
7772	33537
7772	99797
7772	90576
7773	46858
7774	7843
7774	39978
7774	86586
7774	89450
7774	96699
7774	55985
7774	51467
7774	90757
7774	7405
7774	92644
7774	91049
7774	5880
7775	69088
7775	76182
7775	32239
7775	74259
7775	106152
7775	43801
7775	107726
7775	107746
7776	26095
7777	97461
7778	66268
7778	5109
7779	83376
7779	62213
7779	83751
7779	83769
7779	87717
7780	39891
7781	89279
7781	89280
7781	27145
7781	12826
7781	92168
7781	102482
7782	5424
7783	49481
7784	780
7785	52435
7785	7288
7786	92189
7787	55969
7788	39370
7788	38226
7788	43433
7788	89858
7788	102309
7789	22046
7789	54363
7790	12638
7791	30635
7791	56402
7791	67877
7791	46807
7791	11439
7791	29522
7792	12175
7792	91263
7793	3575
7793	60023
7794	88013
7795	12207
7795	94119
7795	19194
7795	99754
7796	103628
7797	98156
7797	52926
7797	6613
7797	40441
7797	69666
7797	22314
7798	87670
7798	32486
7799	11611
7799	53674
7800	77727
7800	71620
7800	94477
7801	95570
7801	36750
7802	87103
7803	17501
7803	2854
7803	10479
7803	92020
7803	75845
7803	5234
7803	10477
7803	104038
7803	78136
7804	21881
7804	80499
7804	6879
7804	14517
7804	2138
7804	78207
7805	71536
7805	11595
7805	38393
7805	15327
7806	79658
7807	14917
7807	1908
7807	69786
7807	4513
7807	92358
7807	14375
7807	2106
7807	85110
7807	32073
7808	41274
7808	1215
7809	22675
7810	91803
7811	89934
7811	92542
7811	92924
7812	44747
7813	84380
7813	8919
7813	31590
7813	28672
7813	26701
7813	108751
7813	6351
7814	89215
7815	26269
7816	84722
7817	3805
7818	8481
7818	17102
7818	86860
7818	2905
7819	72069
7820	63198
7820	98484
7820	48684
7821	49256
7822	25512
7822	65331
7822	110796
7823	44767
7823	14503
7823	93319
7823	21043
7823	36850
7823	36681
7823	10156
7823	14655
7823	14657
7824	13628
7824	95709
7825	3086
7825	859
7826	36655
7826	15825
7826	44502
7827	1526
7828	85393
7828	95239
7829	34217
7830	33205
7831	53865
7831	93268
7831	76272
7832	85061
7832	90943
7832	4262
7833	12581
7833	88139
7833	3515
7833	89574
7833	90367
7833	90371
7833	31207
7833	91121
7833	91132
7833	29553
7834	105541
7834	14612
7834	105681
7835	63772
7835	68882
7835	41029
7835	30330
7836	86011
7837	84262
7837	44925
7837	11620
7837	54041
7837	14136
7837	96078
7838	92966
7839	3156
7839	2757
7839	11266
7839	89255
7840	87704
7840	31817
7840	13221
7840	88016
7840	88165
7840	21304
7840	88377
7840	95060
7841	97802
7841	106803
7842	66125
7842	43137
7843	85301
7844	46899
7844	99283
7844	85726
7845	72277
7846	83448
7846	83449
7847	5452
7847	63963
7847	95123
7848	84922
7849	77908
7850	32277
7850	102539
7850	52950
7851	91241
7852	6722
7852	93911
7853	92656
7853	110568
7853	98479
7854	61235
7854	51178
7855	18841
7855	1299
7855	95633
7855	79350
7855	7907
7856	88600
7856	88601
7856	2394
7856	88681
7857	11861
7857	36539
7857	15307
7858	87667
7859	65711
7860	92566
7861	69591
7861	17677
7861	1243
7861	84867
7861	84898
7861	20501
7861	84931
7861	10149
7861	6648
7861	79158
7862	4174
7863	84151
7864	23770
7865	93123
7865	34417
7866	47912
7866	69513
7866	43433
7866	90727
7866	90728
7866	52176
7866	90735
7867	87732
7867	54363
7867	90226
7867	32312
7867	61499
7867	96147
7867	97309
7867	96703
7868	66744
7868	33927
7869	19015
7869	91608
7869	50684
7870	2216
7870	55584
7871	91037
7871	27008
7871	96904
7871	60039
7871	107331
7871	42069
7872	24210
7872	103132
7872	34727
7872	106362
7872	34194
7873	63757
7874	26677
7875	54950
7875	82740
7875	1644
7875	33791
7875	51698
7875	89496
7876	13953
7876	56149
7877	84956
7878	11129
7878	45082
7878	75353
7878	28044
7879	11506
7879	91581
7880	18588
7880	82413
7880	102416
7880	76922
7880	102434
7880	87946
7880	103060
7881	1620
7881	89672
7881	89673
7881	80752
7882	11683
7883	5298
7884	21365
7884	103308
7885	87266
7885	87267
7885	19094
7886	31210
7886	43626
7886	85403
7886	85459
7886	7486
7886	16796
7886	33190
7886	4409
7886	85791
7886	2143
7886	18167
7886	85925
7886	47729
7886	36176
7886	85988
7886	8830
7886	4158
7886	41550
7886	44860
7886	93241
7886	9551
7886	19676
7886	93324
7886	93455
7886	78206
7886	6289
7886	83830
7886	88005
7886	101958
7886	101969
7887	1297
7887	70329
7888	77792
7888	44216
7888	12130
7888	21333
7888	83352
7888	4879
7888	8135
7888	65297
7888	31498
7888	50125
7888	22776
7888	31712
7888	47225
7888	55956
7888	44462
7888	100602
7888	74755
7889	17499
7890	8965
7890	45239
7891	993
7891	711
7891	15886
7891	90252
7892	85386
7892	93674
7892	77691
7892	95334
7892	31578
7892	109092
7893	55924
7894	107476
7894	1462
7894	24294
7895	7035
7895	2517
7895	12117
7895	38410
7895	14714
7896	582
7896	23654
7896	23874
7896	69694
7896	85235
7896	92599
7896	11105
7896	65058
7897	10009
7898	99771
7899	56789
7899	40343
7900	101121
7901	1328
7901	62389
7902	6441
7902	3614
7903	92908
7904	102641
7904	102643
7904	21564
7904	109307
7904	18345
7905	65805
7906	84549
7907	85855
7907	15799
7907	86761
7907	86793
7907	28470
7907	100536
7907	100577
7907	78590
7908	54962
7908	62181
7908	98011
7909	79975
7910	11172
7910	82058
7910	76
7910	75591
7910	106126
7911	29451
7911	85751
7911	19558
7911	4302
7911	12327
7911	49148
7911	72902
7911	47
7912	14217
7913	6662
7914	16414
7914	104943
7914	78687
7915	1832
7915	45947
7915	88669
7915	88684
7915	88685
7915	19872
7915	71830
7915	6827
7916	85878
7916	32812
7916	63244
7916	64634
7917	84115
7917	84168
7917	87924
7917	87925
7917	35006
7917	18065
7917	35534
7917	100188
7917	18706
7917	100208
7917	35534
7917	9194
7917	551
7917	14031
7917	110339
7917	83718
7917	32410
7917	35006
7917	35003
7917	100188
7917	111269
7917	10993
7918	34667
7919	92826
7920	86421
7921	17904
7921	32217
7921	50374
7922	1539
7922	31878
7923	12553
7924	51188
7924	86931
7924	11046
7924	240
7924	19336
7924	44844
7924	3929
7924	13161
7924	101399
7924	24036
7924	51627
7924	96007
7924	6644
7924	2098
7924	47223
7924	2053
7925	88315
7925	38250
7925	41042
7925	6413
7925	16555
7926	8255
7926	79279
7927	22003
7927	14355
7927	6363
7927	48330
7927	6971
7927	93856
7927	36071
7927	108896
7927	3819
7928	83242
7928	41447
7928	42153
7928	31149
7928	84809
7928	84810
7928	85751
7928	85752
7928	85753
7928	41455
7928	89680
7928	55207
7928	12232
7928	98423
7928	99281
7928	8397
7928	30372
7928	107720
7928	103489
7928	12427
7929	67712
7929	87595
7929	93348
7929	103916
7929	20979
7929	31297
7930	90045
7931	69591
7931	3914
7931	20104
7931	24143
7932	50588
7933	37413
7933	5292
7933	87167
7933	2341
7933	96922
7933	2276
7933	35027
7934	44745
7934	74074
7934	6652
7934	60381
7934	56929
7934	69949
7935	66557
7936	51445
7936	65638
7936	102091
7937	54467
7937	100340
7937	100451
7937	52363
7937	109863
7937	24630
7937	109919
7937	18429
7938	1475
7938	69591
7939	8201
7940	81426
7940	23986
7940	53672
7940	22352
7940	18911
7940	54377
7940	100121
7940	101640
7940	40384
7940	101710
7940	106683
7941	88794
7942	88607
7942	26006
7943	94150
7943	79555
7943	30435
7943	106704
7943	109114
7944	28912
7945	43230
7945	88237
7946	58726
7947	36797
7948	72481
7948	3458
7948	25670
7949	1337
7949	93114
7950	85237
7950	37280
7951	14860
7951	19329
7951	85737
7951	29146
7951	103988
7951	105068
7951	81861
7951	105531
7951	105552
7951	105560
7952	86492
7952	86493
7953	47211
7954	96015
7954	76226
7954	108
7954	31908
7954	21241
7954	25857
7954	1355
7954	33140
7955	24235
7956	16668
7957	67275
7957	11006
7957	67276
7957	70022
7957	56011
7957	98789
7957	2453
7958	85208
7958	50880
7958	96029
7959	5070
7960	59291
7961	10449
7962	84555
7962	55812
7962	5859
7962	94356
7962	13733
7962	68169
7962	94456
7962	95335
7962	8124
7962	86262
7962	79299
7962	16427
7962	64721
7962	319
7962	3429
7962	784
7963	21502
7963	151
7963	94787
7963	2292
7963	2273
7963	40885
7964	62480
7964	44787
7964	89646
7964	31771
7964	45617
7964	95964
7964	96444
7965	37949
7965	32900
7965	200
7965	92894
7966	86247
7966	67897
7966	43667
7967	48855
7967	70358
7967	14563
7967	105100
7967	65874
7967	39617
7967	106078
7967	37771
7967	43011
7968	19208
7968	5957
7968	37376
7969	71514
7969	105652
7969	37441
7969	105769
7969	461
7969	92012
7969	45771
7969	8532
7969	49309
7970	23341
7971	9270
7972	67410
7973	16250
7974	93434
7975	42665
7975	32645
7976	45239
7977	83404
7977	83405
7977	87328
7977	92886
7977	41021
7977	99922
7977	100056
7977	19808
7978	80244
7978	21771
7978	22782
7978	97887
7978	44224
7978	86983
7978	28727
7978	2279
7978	45476
7978	46290
7978	3081
7978	69199
7978	53376
7979	9106
7979	106362
7980	61242
7980	106594
7981	68441
7982	65877
7982	45239
7982	62475
7982	12329
7982	23569
7982	47938
7982	71825
7982	43239
7982	43512
7982	90510
7983	70007
7984	29125
7984	398
7984	34727
7984	3162
7984	102264
7984	9058
7984	39433
7985	9663
7985	69544
7986	3120
7987	69591
7987	2845
7987	90252
7987	10084
7987	3317
7987	576
7987	29058
7987	6971
7988	88068
7988	30892
7989	4970
7989	105536
7990	40635
7991	717
7991	11580
7992	4209
7992	14613
7992	93533
7992	44540
7992	72574
7992	104503
7992	72926
7992	5252
7992	21972
7992	27189
7992	37492
7992	89529
7992	6434
7992	69234
7992	7643
7992	34417
7992	50129
7992	674
7993	56556
7993	18820
7993	9033
7993	94580
7993	46286
7993	79095
7993	106887
7994	55007
7994	34245
7994	90257
7994	90277
7995	97966
7995	107624
7996	82946
7996	6971
7997	83949
7998	14949
7998	31793
7998	56675
7998	11213
7998	88562
7998	75043
7998	53357
7998	17505
7998	93963
7998	1243
7998	75604
7998	94217
7998	34488
7998	52633
7998	99583
7998	23088
7998	31793
7998	85155
7998	19982
7998	32429
7998	99711
7998	16862
7998	60511
7998	52633
7998	101103
7998	102021
7998	32429
7998	58774
7998	91662
7998	103459
7998	58750
7998	23088
7998	75077
7998	10654
7998	31019
7998	9326
7999	29762
7999	93266
7999	99056
7999	37919
8000	98720
8000	61607
8001	6462
8002	69679
8003	8315
8004	41716
8004	1531
8004	61358
8004	78850
8004	61376
8004	107973
8004	97348
8004	37136
8005	5264
8005	64837
8006	101221
8006	31075
8006	62762
8006	61242
8006	25676
8006	107003
8007	558
8008	83454
8009	83447
8009	13757
8009	598
8009	1297
8009	16627
8009	3665
8009	10026
8009	5859
8009	34417
8009	10084
8009	96115
8009	150
8010	18416
8010	4350
8010	39705
8010	34333
8011	102567
8011	86410
8012	85522
8012	22738
8012	2281
8013	81085
8013	84606
8014	15694
8014	34
8015	90053
8015	57513
8015	90063
8015	36189
8016	28382
8016	81642
8016	12869
8016	86013
8016	18116
8016	93960
8016	91988
8016	16655
8016	90080
8016	8274
8016	102937
8016	32317
8016	192
8016	103315
8016	104522
8016	88668
8016	4921
8017	49067
8017	717
8017	4248
8018	98399
8019	90929
8019	90953
8019	31432
8019	6148
8019	103100
8019	103145
8019	105878
8019	72445
8019	2277
8019	35468
8019	21716
8019	2052
8019	9683
8019	73949
8020	91702
8020	91763
8020	1285
8020	57082
8020	107968
8020	91702
8020	69716
8020	108630
8021	99420
8022	84469
8022	45771
8023	6652
8023	101053
8024	85185
8024	77762
8024	85238
8024	15423
8024	40294
8025	26886
8025	55165
8025	57755
8026	10641
8027	95525
8027	99825
8028	24269
8028	13311
8028	3317
8029	20531
8029	95945
8030	84495
8030	9332
8030	76961
8030	91843
8030	92143
8030	25863
8030	92344
8030	95958
8030	48084
8030	30307
8031	38298
8031	39104
8031	23494
8031	102617
8032	72578
8032	91422
8033	2891
8033	14375
8034	86517
8034	15047
8034	55154
8034	105256
8035	80936
8035	37551
8035	34924
8036	21713
8036	35569
8037	92355
8037	92965
8038	693
8039	21380
8040	67096
8041	104
8042	86558
8042	30119
8043	60950
8043	34417
8044	67198
8044	92222
8044	77832
8045	27637
8045	96384
8046	3817
8046	23234
8046	39779
8046	97580
8046	97581
8046	104461
8046	52435
8047	78521
8047	6463
8047	104194
8047	1355
8047	14115
8047	45268
8047	108946
8048	60210
8049	16929
8050	63789
8051	48475
8051	3610
8051	15076
8051	91922
8051	92165
8051	58644
8051	7905
8051	5995
8051	693
8052	38702
8052	86453
8052	48394
8052	7190
8052	77674
8052	100922
8052	104843
8052	60549
8052	239
8053	90365
8053	90438
8053	96259
8053	98222
8054	105201
8054	105231
8055	84463
8055	85980
8055	62105
8055	100055
8055	103222
8056	87721
8056	88769
8056	11585
8057	83723
8057	89852
8057	90408
8057	91317
8057	91377
8057	39486
8057	97817
8057	66270
8057	16504
8057	102202
8057	21504
8057	57377
8058	86967
8058	8244
8058	6949
8058	92010
8058	93295
8058	94677
8058	94684
8058	21643
8058	10200
8058	14137
8058	94913
8059	72633
8059	54671
8059	80443
8059	84630
8059	67877
8059	92429
8059	15180
8059	28985
8059	5424
8059	27106
8059	80631
8059	96969
8059	96024
8059	69199
8059	25252
8059	62732
8059	39433
8059	53808
8059	66226
8059	87813
8059	307
8059	102763
8059	37963
8059	109246
8060	57292
8060	63300
8060	94315
8060	24500
8060	57774
8061	53290
8061	101130
8061	101184
8061	25166
8061	109351
8062	12175
8063	94577
8064	89441
8064	89442
8064	76065
8064	9290
8064	38261
8064	40989
8064	71895
8064	68635
8064	25262
8064	37148
8064	10304
8064	91816
8065	31500
8066	38213
8067	34597
8067	52381
8068	65263
8069	10259
8070	33140
8070	14386
8070	42937
8070	83431
8071	85271
8071	84262
8072	87728
8072	14386
8072	24801
8072	34577
8072	46293
8073	98583
8073	10986
8073	8376
8073	98123
8073	62404
8073	5290
8073	15158
8073	107070
8074	35078
8074	24744
8074	20105
8074	30728
8075	15298
8075	27808
8076	94074
8076	30933
8077	80163
8078	98994
8079	7771
8079	78521
8079	71273
8079	18741
8080	13788
8081	6701
8082	51180
8083	84972
8084	44540
8085	3055
8085	85189
8085	86054
8085	93618
8085	94586
8085	99591
8086	70366
8086	41076
8086	79677
8087	7687
8087	39458
8087	40620
8087	15137
8087	105358
8087	4970
8088	8535
8088	91892
8088	50658
8088	37868
8088	15175
8088	14400
8088	9605
8089	11958
8090	8209
8090	3805
8091	2276
8091	91828
8091	3678
8091	101624
8092	2276
8092	25398
8093	17164
8093	45470
8094	24823
8094	3258
8094	1881
8094	80244
8094	9568
8094	96296
8094	84630
8094	37334
8094	25219
8094	1478
8094	37
8094	46421
8094	2808
8094	13043
8094	5393
8094	58931
8094	15278
8094	906
8094	71863
8094	19764
8094	4783
8094	110598
8094	6788
8094	7907
8094	62371
8094	98498
8094	63288
8094	14932
8095	73483
8095	93578
8095	71799
8095	26802
8096	72011
8096	83593
8097	53924
8097	8899
8097	38797
8098	23341
8098	11725
8098	41701
8098	103849
8099	84441
8099	88216
8100	76002
8101	25491
8101	84940
8101	34727
8101	37829
8101	96714
8102	5424
8102	45239
8103	36655
8104	3348
8105	86781
8105	98367
8105	36683
8105	95606
8105	51393
8105	27990
8105	98924
8105	6971
8105	21537
8105	18215
8105	2053
8105	21167
8105	33540
8105	35299
8105	39392
8105	109664
8105	27990
8106	46807
8106	7689
8106	33876
8107	39766
8107	97934
8107	36828
8107	103036
8107	82740
8108	44263
8108	13336
8109	44505
8110	14753
8111	42053
8112	73482
8112	81177
8112	11883
8112	6295
8112	8160
8112	61242
8112	3389
8112	75457
8113	56704
8113	72364
8114	31908
8114	15222
8114	58263
8115	9871
8115	18787
8116	19676
8117	307
8117	4412
8117	46041
8118	54159
8118	2215
8118	83246
8118	29060
8118	10459
8118	32645
8118	83327
8119	54906
8119	98905
8119	89764
8119	30308
8119	21937
8120	86953
8120	53237
8120	8939
8120	15288
8120	7363
8120	4183
8120	18263
8120	80804
8120	59265
8120	95374
8121	14026
8121	45423
8121	1918
8122	8988
8123	2833
8124	2840
8124	83413
8124	68703
8124	92195
8124	92210
8124	93412
8124	18952
8124	73608
8124	79013
8124	105461
8124	105462
8124	106958
8124	106959
8124	105461
8125	55985
8126	37478
8127	13011
8127	68872
8127	85581
8127	74742
8127	86199
8127	6288
8127	28856
8127	80769
8127	6427
8128	99061
8128	97669
8128	5028
8128	104951
8128	11477
8128	93033
8128	18946
8129	87806
8130	49494
8130	96411
8131	10221
8131	9402
8132	46318
8132	22664
8132	95447
8133	10101
8133	11282
8133	93588
8133	11282
8133	97382
8133	99216
8133	100123
8134	27324
8135	23341
8136	93039
8137	2420
8137	12495
8137	7213
8137	61043
8137	21811
8137	86420
8137	26906
8137	40679
8137	3370
8138	84156
8138	10326
8139	96505
8140	21080
8140	34356
8141	106726
8141	35140
8141	106727
8141	107826
8141	11584
8141	1537
8141	107827
8142	5424
8142	1722
8143	85492
8143	1328
8143	3162
8144	96410
8144	101373
8144	57349
8144	28322
8145	1975
8145	11403
8145	6147
8145	30356
8145	369
8146	39423
8146	100073
8147	88583
8147	65074
8147	100450
8148	27808
8148	39433
8149	57416
8149	54129
8149	26228
8149	41180
8149	51467
8149	9033
8149	100822
8149	71698
8149	1063
8149	18820
8149	108537
8150	7031
8150	7449
8150	8420
8150	7011
8150	85562
8150	91824
8150	38873
8150	95033
8151	7943
8151	52435
8151	98940
8151	104928
8152	16774
8152	37930
8152	9639
8152	14228
8152	4456
8152	88374
8152	102581
8152	88361
8152	7908
8152	32990
8152	36830
8152	19140
8152	83442
8153	7485
8153	7631
8153	9969
8153	107768
8153	109554
8154	21241
8154	61835
8154	83895
8154	42839
8154	85404
8154	97391
8154	62728
8155	87953
8155	11049
8155	1112
8156	4397
8156	92683
8156	92344
8156	13295
8156	93880
8156	78285
8156	4443
8156	54768
8157	12150
8157	54729
8157	95952
8157	19400
8158	5987
8159	96266
8160	97
8160	306
8160	89085
8160	60662
8161	36859
8161	32270
8162	48947
8162	82479
8162	37065
8162	15317
8162	14337
8162	87804
8162	48054
8162	97661
8162	109437
8162	85464
8162	109459
8162	46337
8162	110176
8163	53849
8163	101381
8164	96989
8164	88717
8165	41171
8165	80038
8165	47031
8166	20033
8167	103113
8167	41953
8168	90969
8168	90983
8168	98014
8168	71615
8168	1025
8168	109816
8169	56616
8169	26147
8170	26440
8170	89665
8171	99215
8172	85249
8173	90674
8174	93605
8175	29931
8175	92890
8175	16394
8175	4223
8175	23002
8175	67411
8176	43022
8176	88265
8176	89060
8177	67501
8177	10022
8178	10806
8178	98220
8178	85527
8178	64651
8178	63107
8179	43411
8179	9028
8179	94651
8179	94702
8179	95657
8179	53858
8180	94876
8180	94896
8180	88554
8180	95584
8180	101235
8180	101238
8180	101314
8180	101315
8180	94896
8181	33208
8181	13401
8181	100319
8181	4906
8181	100580
8181	100640
8181	33299
8181	20366
8181	25542
8181	47145
8181	102320
8182	85318
8183	15941
8183	22185
8183	64136
8183	87575
8183	105305
8183	106369
8184	90436
8184	45520
8184	67695
8184	2120
8184	3678
8184	28749
8184	60407
8184	71313
8184	90463
8185	9068
8185	1328
8185	93114
8185	10589
8185	80674
8185	31278
8185	29108
8185	60667
8185	17152
8185	56735
8185	61242
8185	9068
8185	103895
8186	57205
8186	87466
8187	93660
8188	90745
8188	93663
8189	2845
8189	94871
8189	8725
8189	37323
8189	84367
8189	97420
8189	10143
8189	49809
8189	52798
8190	12192
8191	5806
8191	91343
8191	2033
8191	38100
8191	50079
8191	18491
8191	78872
8191	72259
8191	8463
8191	98194
8191	98195
8191	74929
8191	175
8191	2874
8191	22619
8191	104858
8191	10195
8191	24089
8191	104885
8191	9985
8192	43982
8192	53439
8193	18182
8193	39056
8194	86051
8194	84630
8194	28882
8194	108754
8194	53865
8195	1975
8196	89198
8196	8350
8196	16105
8196	29083
8197	86749
8198	11287
8198	17826
8199	18823
8199	230
8199	2429
8199	4047
8199	32038
8199	13689
8199	1103
8199	87575
8199	87576
8199	87713
8199	34949
8199	67356
8199	87763
8200	13171
8201	17729
8201	2231
8201	77172
8202	11023
8203	83962
8203	12560
8203	94478
8203	4344
8203	2508
8203	56265
8203	109319
8203	388
8203	65721
8203	109639
8203	109640
8203	109656
8203	34589
8203	97507
8204	6143
8205	81695
8205	17057
8206	82721
8206	194
8206	27179
8206	1214
8207	684
8208	88975
8208	94211
8208	103362
8208	103363
8208	111943
8209	9924
8209	69690
8209	97750
8210	51482
8211	15442
8211	109207
8211	64056
8212	29125
8212	70919
8212	16555
8212	59742
8212	13722
8212	26269
8213	7146
8213	42260
8214	22884
8215	8418
8215	54651
8215	57514
8215	30622
8216	76846
8216	54763
8216	8771
8216	88434
8216	27990
8216	7144
8216	101920
8217	39623
8217	93546
8217	62499
8217	199
8217	918
8217	61087
8217	93859
8218	23494
8219	73604
8219	31259
8219	89964
8219	156
8220	83579
8221	9467
8221	41588
8221	95572
8222	61231
8222	89699
8222	79517
8222	92461
8222	93136
8222	53290
8223	86370
8224	80711
8224	94615
8224	25634
8224	94690
8224	94692
8224	80712
8225	66006
8226	21283
8226	89577
8227	84526
8227	91967
8227	22726
8228	9538
8228	61616
8228	92603
8229	15998
8230	84099
8230	3499
8230	10194
8230	84630
8230	26557
8230	20101
8231	9025
8231	6617
8231	10283
8231	10607
8231	87186
8231	731
8232	6434
8233	16707
8233	2848
8234	84697
8234	15505
8235	72364
8235	59510
8235	36655
8235	30357
8236	44263
8237	22875
8237	11005
8237	1817
8237	95568
8237	104486
8237	3672
8237	18167
8238	85141
8239	1781
8239	2808
8240	123
8241	60861
8241	38873
8242	39311
8243	3515
8243	58788
8243	67941
8243	83969
8243	16374
8243	58135
8243	89559
8243	4271
8243	13208
8243	90160
8243	2947
8243	23054
8243	77377
8243	85085
8243	27096
8243	92525
8243	93762
8243	67941
8243	99661
8243	21088
8243	36173
8243	99687
8243	3364
8243	64028
8243	2464
8243	73342
8243	14037
8243	15526
8243	102330
8243	68187
8243	73341
8243	68215
8243	17422
8243	93235
8243	110987
8243	110363
8244	5393
8244	19246
8245	95234
8245	7643
8246	9266
8246	307
8246	56556
8246	86615
8246	7521
8246	5640
8246	1961
8247	29671
8248	83915
8248	83916
8248	5095
8248	69141
8249	52434
8250	46827
8251	64883
8252	64581
8252	85204
8252	85205
8252	5493
8252	102620
8252	11612
8253	45350
8253	19201
8254	6868
8254	38003
8254	11512
8254	73048
8254	32921
8254	86741
8254	86753
8254	84666
8254	86835
8254	9808
8254	87508
8254	83796
8254	8356
8254	42833
8254	95087
8254	32921
8254	46862
8254	13990
8254	35703
8254	13660
8254	9463
8255	29123
8255	76742
8255	15938
8255	65879
8255	94913
8255	99067
8255	105392
8256	56620
8256	27911
8257	83331
8257	83332
8257	83363
8257	20789
8258	53625
8258	11593
8258	88591
8258	10694
8258	26561
8258	45719
8258	95163
8258	95169
8259	3483
8259	92273
8259	72218
8260	278
8261	3820
8261	17152
8261	33416
8261	103328
8261	33062
8262	60667
8262	34156
8262	3302
8263	50627
8264	5695
8265	82054
8266	38399
8267	83821
8267	83868
8267	83869
8267	93275
8267	1331
8267	109813
8268	84302
8268	63299
8268	3710
8268	11610
8268	48212
8268	85974
8268	89580
8268	92657
8268	101828
8268	104426
8268	104432
8269	11046
8270	4340
8270	99859
8271	6167
8272	97064
8272	45328
8272	17552
8272	111098
8272	5035
8273	9079
8274	58553
8274	39147
8274	100253
8275	789
8275	28253
8275	8842
8276	84361
8276	46398
8276	85346
8276	29382
8276	23630
8276	95030
8276	31952
8276	30551
8276	26790
8277	35600
8277	93734
8277	29146
8277	74174
8277	98037
8277	79749
8277	50627
8277	82519
8277	98285
8277	26518
8278	40640
8279	4719
8279	17690
8280	9665
8280	85336
8281	43090
8281	97706
8281	97708
8281	7116
8281	4046
8282	9354
8283	30635
8283	34397
8283	88603
8283	14858
8283	1819
8283	307
8283	96461
8283	19861
8283	31973
8283	81992
8283	96686
8283	35652
8284	80151
8284	41310
8284	104169
8285	40357
8285	89915
8285	89916
8286	106977
8287	4214
8288	53249
8288	10822
8288	50300
8288	63061
8288	47308
8288	18277
8288	91845
8288	96683
8288	52611
8288	15033
8288	103838
8288	103839
8288	71663
8288	12476
8288	108386
8288	32044
8288	2566
8288	108761
8289	94292
8289	2993
8289	19729
8289	13161
8289	46914
8289	52045
8289	5587
8290	2285
8291	28317
8291	10986
8291	76168
8291	7035
8291	89704
8291	18221
8291	56606
8291	48989
8291	12519
8291	9400
8292	84425
8292	84426
8293	17046
8293	94273
8294	28113
8294	68074
8294	44913
8295	70025
8296	96092
8296	11912
8296	100904
8296	78155
8297	81025
8297	97419
8297	60589
8297	70661
8297	19548
8298	10108
8298	68579
8298	69921
8299	46993
8299	85060
8300	95880
8301	42644
8301	5236
8301	6305
8302	67622
8303	72665
8303	47927
8303	90608
8304	67198
8305	88149
8305	14777
8305	27360
8306	95459
8307	86607
8307	7698
8307	102133
8308	14847
8308	15736
8308	22503
8308	28932
8308	7364
8308	21590
8308	72879
8308	75587
8308	94954
8308	12554
8308	35908
8309	109579
8309	111481
8310	64353
8310	4846
8311	85601
8311	14405
8311	85851
8311	40567
8312	1397
8312	34417
8313	97033
8314	21131
8314	94610
8314	93395
8314	34339
8314	20873
8314	61811
8314	30530
8314	29125
8314	99949
8314	47381
8314	100001
8314	16657
8315	94084
8315	94085
8315	94348
8315	94349
8315	98436
8315	100507
8315	98568
8315	109322
8315	109323
8315	108103
8316	7031
8317	84205
8317	87166
8317	33685
8317	4933
8317	45009
8318	100116
8318	68713
8319	30727
8320	24278
8320	14041
8321	83485
8321	23233
8321	37816
8321	230
8322	13543
8322	4150
8322	16748
8323	4920
8324	63434
8325	100035
8326	68214
8327	14544
8328	23512
8328	230
8328	67877
8328	68835
8328	109266
8329	17853
8329	89899
8329	54375
8329	42142
8329	94926
8330	46512
8330	46049
8330	47144
8331	7031
8331	34233
8332	34051
8332	88916
8332	88917
8333	67411
8333	67220
8333	1496
8334	68975
8334	99852
8334	15790
8334	104658
8335	4848
8335	52435
8336	32476
8337	15140
8337	37517
8337	25886
8338	100419
8339	57679
8339	96088
8339	96553
8339	99593
8339	99759
8340	12323
8340	67720
8340	5929
8340	67356
8341	6231
8341	43602
8341	717
8342	3317
8342	7130
8342	725
8342	14026
8342	39316
8342	98444
8342	8315
8343	11422
8343	56893
8344	75246
8345	6634
8345	40593
8345	15783
8345	20166
8345	17710
8345	54041
8345	74587
8345	98853
8345	107055
8345	108128
8345	54041
8345	108884
8346	1368
8346	31149
8346	9954
8346	106887
8347	91741
8347	50694
8348	20327
8349	87935
8349	87936
8349	87935
8350	62601
8350	53439
8351	86971
8351	58627
8351	85624
8352	93965
8352	73396
8353	4392
8353	7055
8353	36028
8353	126
8353	79510
8353	47644
8353	97150
8353	5085
8354	50534
8355	41838
8355	43861
8355	105006
8355	5379
8355	106465
8355	22516
8356	27189
8356	96162
8357	1543
8357	82049
8357	9328
8357	102877
8357	65398
8357	96822
8357	70087
8357	8095
8357	101875
8357	1543
8357	15345
8357	23697
8357	107241
8357	107280
8357	10107
8358	83556
8359	26802
8359	107163
8359	319
8359	35361
8360	53674
8361	77763
8361	2731
8362	89787
8362	90097
8362	100297
8363	71863
8363	11343
8363	13280
8363	3099
8363	93052
8363	56023
8363	1397
8364	84255
8364	85453
8364	29058
8364	66410
8364	63306
8364	14645
8364	86728
8364	18708
8365	1368
8365	95245
8366	93256
8366	48844
8366	4104
8367	45061
8368	46421
8368	97
8368	23891
8368	97437
8368	108094
8369	101066
8369	61342
8369	78062
8369	39549
8370	67877
8371	37949
8371	84145
8372	78030
8373	3278
8374	86341
8374	86401
8374	86402
8374	17554
8374	107461
8375	20043
8375	84145
8375	67510
8375	64800
8375	37919
8375	67546
8376	78686
8377	92644
8377	254
8377	17447
8377	92855
8377	85684
8377	98882
8377	58607
8377	98883
8377	36972
8377	35829
8377	6358
8377	87801
8377	48
8377	60479
8377	50633
8378	60967
8378	9079
8379	55105
8380	7600
8380	61324
8380	89170
8380	10220
8380	11558
8380	5887
8380	6524
8380	31030
8381	23994
8381	96526
8381	33054
8382	14614
8382	36210
8382	22940
8383	75540
8383	51793
8383	3838
8384	88604
8384	96030
8384	103954
8385	83109
8385	83119
8386	26400
8386	1981
8386	80631
8386	34037
8386	5828
8386	66158
8387	100897
8387	76320
8387	45771
8387	14436
8387	11169
8387	10710
8387	2336
8388	97277
8388	107064
8389	195
8390	43943
8391	31895
8391	85487
8392	60667
8392	90806
8392	23405
8392	68400
8393	31857
8393	28470
8393	27342
8393	30727
8393	57968
8393	102318
8393	86641
8393	1498
8393	14217
8393	14544
8394	45239
8394	6970
8394	10657
8394	85066
8394	8394
8394	521
8394	14854
8394	1750
8394	6865
8394	78457
8394	13183
8394	82426
8394	1395
8395	106725
8396	85240
8396	11608
8396	35609
8396	17858
8396	96748
8396	7978
8396	11832
8396	51178
8397	1633
8397	95086
8397	34816
8397	51541
8398	28197
8398	96687
8398	99271
8398	102741
8398	66567
8399	6032
8399	61242
8399	6634
8399	4442
8399	23341
8400	1569
8401	41071
8401	103346
8402	2181
8402	28157
8402	85066
8403	84465
8404	68672
8404	14408
8404	16708
8405	94612
8406	38015
8407	4101
8407	14405
8407	108239
8407	26656
8408	91504
8408	91505
8409	594
8410	34423
8410	15913
8411	89228
8411	489
8412	26269
8412	27712
8412	24001
8412	11862
8412	88308
8413	1141
8414	83589
8414	39626
8414	6603
8414	15934
8414	16442
8414	85641
8414	98016
8414	98966
8414	98967
8414	102115
8415	15943
8416	37280
8416	87014
8417	76262
8417	81333
8418	22782
8419	1031
8419	30233
8419	92471
8419	98439
8419	87040
8419	103887
8420	95959
8420	20363
8420	10195
8421	46833
8421	94794
8421	23681
8421	94841
8422	86270
8423	79180
8424	3363
8424	6652
8424	460
8424	7295
8425	98083
8425	85066
8425	43602
8425	4609
8425	59723
8425	105079
8425	4694
8426	9209
8426	6259
8426	48314
8426	105257
8427	25269
8428	78856
8428	7937
8428	61339
8428	34371
8428	89121
8428	1548
8428	22731
8428	76344
8428	103119
8428	64616
8428	18962
8428	41490
8428	89121
8428	103829
8428	70222
8428	106085
8428	51795
8428	13027
8428	107667
8429	4481
8429	30276
8429	69235
8429	91517
8430	93039
8430	87815
8431	76453
8431	84167
8431	63628
8432	46691
8433	639
8434	69215
8434	11911
8434	1207
8435	84100
8435	8257
8435	15480
8435	84152
8435	31871
8435	3332
8436	46107
8437	85025
8437	28661
8437	31297
8437	86766
8437	14897
8437	5214
8437	94631
8437	7715
8437	49787
8437	2800
8437	43662
8437	1749
8437	9503
8437	87815
8437	111846
8438	34157
8438	85951
8438	69870
8438	86320
8438	86321
8438	26516
8438	12370
8438	1297
8438	72383
8438	101734
8438	101801
8438	104051
8439	6916
8439	100411
8440	25208
8441	69053
8442	98778
8442	28815
8442	48355
8442	98845
8442	95910
8442	98877
8442	95745
8443	52435
8443	16114
8443	19604
8444	36958
8445	4565
8446	89189
8447	42737
8447	28056
8447	92367
8447	5841
8447	96970
8447	97038
8447	111827
8447	65487
8447	41670
8448	17555
8449	33368
8449	83955
8449	5241
8449	38837
8449	27829
8450	60608
8450	94928
8450	85641
8450	15169
8450	28230
8451	19714
8452	90834
8452	58869
8452	90840
8452	37044
8452	54288
8453	83499
8453	56011
8453	89592
8453	97321
8453	24447
8453	8770
8453	34100
8454	15953
8454	90664
8455	62408
8455	10761
8455	35531
8456	103927
8457	73190
8458	38793
8458	96368
8458	96369
8459	35248
8459	48314
8459	6236
8459	16605
8459	18762
8459	11862
8459	94271
8459	20210
8459	110304
8459	56236
8459	110673
8459	7010
8459	97007
8459	20531
8459	56029
8460	100111
8460	55225
8460	103615
8461	26865
8461	19604
8462	97178
8462	12581
8462	104210
8462	3317
8462	10560
8462	13832
8463	94917
8463	96245
8463	65453
8463	85985
8463	108278
8464	80597
8464	85622
8464	59683
8464	11591
8464	14595
8465	55550
8465	82782
8465	33641
8465	89885
8465	89886
8465	79960
8465	89900
8465	45184
8465	92799
8465	92800
8465	12694
8465	518
8465	31149
8465	89376
8465	93750
8465	15129
8465	42120
8465	95017
8465	95026
8465	26196
8465	90215
8465	80470
8466	88202
8466	90815
8466	26267
8466	48787
8466	68211
8467	4536
8468	84082
8468	31267
8468	23649
8468	88012
8468	87151
8468	10825
8468	41335
8469	100059
8469	2676
8470	81697
8470	76307
8470	911
8471	101013
8471	102404
8471	50885
8471	24302
8472	56335
8472	693
8472	33903
8473	92440
8473	91917
8473	36950
8473	6812
8474	56437
8475	41013
8475	6587
8475	8267
8475	30917
8476	14795
8476	30
8476	53874
8477	319
8478	16085
8479	86961
8480	9705
8480	58023
8480	8484
8480	1475
8480	94920
8480	67115
8480	1871
8481	12175
8482	89648
8482	784
8482	95766
8482	55886
8482	99749
8482	57457
8482	8077
8482	27903
8482	40166
8482	165
8482	84555
8482	101948
8482	11906
8482	89529
8482	70889
8482	1382
8482	56204
8482	95766
8483	50610
8484	92939
8485	18897
8485	80540
8485	87057
8485	86248
8486	34870
8487	95078
8487	53162
8488	12072
8489	24823
8489	29522
8489	93222
8489	30723
8489	38025
8489	46074
8489	789
8489	15821
8489	81608
8489	24143
8489	24449
8490	22162
8490	75
8490	27775
8491	82980
8491	7049
8491	71056
8491	60240
8491	60318
8491	13091
8491	99991
8491	50160
8491	100007
8491	1912
8491	100465
8491	96777
8491	100484
8491	100512
8491	25538
8491	54159
8491	20531
8491	111083
8491	45973
8491	22381
8491	111100
8491	11887
8491	111639
8491	10221
8491	62242
8491	111680
8491	111722
8492	17496
8493	1881
8493	89431
8494	6990
8495	49256
8495	78438
8495	91323
8495	79943
8495	89809
8495	52135
8495	22731
8495	99151
8495	99690
8495	15908
8495	9127
8495	39009
8495	4003
8495	17002
8495	84555
8495	110211
8496	1959
8496	10489
8497	47
8498	80375
8499	79221
8500	9943
8500	94022
8500	94579
8500	94581
8500	94587
8501	83301
8501	71011
8502	30346
8503	90594
8503	7236
8503	16566
8503	21466
8504	39352
8504	53701
8504	6822
8504	23405
8504	47621
8504	36054
8505	70051
8506	7692
8506	58001
8506	15938
8506	4104
8507	59471
8508	89599
8509	83980
8510	82991
8510	51032
8510	108077
8510	108108
8511	93537
8511	93561
8511	93568
8511	97913
8511	98105
8511	98331
8512	95164
8513	44224
8513	69971
8513	102819
8513	102152
8513	64682
8513	6086
8514	69668
8514	90581
8515	86125
8515	67720
8515	67488
8515	86287
8515	10095
8515	45205
8515	4192
8515	85123
8515	33295
8515	335
8515	330
8515	91503
8515	19383
8515	7077
8515	91522
8515	41406
8515	13811
8515	58146
8515	4777
8515	10095
8515	29470
8515	31838
8515	81527
8515	92087
8515	21855
8515	41828
8515	38025
8515	99540
8515	104153
8515	16380
8515	14207
8515	22875
8515	4536
8515	29470
8515	25680
8515	5922
8515	29423
8515	82345
8515	1832
8515	1163
8516	43080
8517	16295
8518	64903
8518	56616
8518	69120
8518	59916
8518	98904
8519	228
8520	78315
8520	8037
8521	34287
8521	39042
8521	73674
8521	85667
8521	110359
8521	18352
8521	34287
8521	34220
8521	73695
8522	86339
8522	87568
8522	87642
8522	99809
8522	12254
8522	95675
8522	27368
8522	108041
8522	29162
8522	108277
8522	108278
8523	17422
8523	87040
8524	87664
8524	90517
8524	85162
8525	88806
8525	64191
8526	15845
8526	21732
8527	92834
8527	14416
8527	61856
8527	30291
8527	95665
8527	6288
8528	6797
8528	85232
8528	85233
8528	47194
8528	15249
8529	6603
8530	12146
8531	46411
8531	68003
8531	4874
8531	15529
8531	12758
8531	58122
8531	1892
8532	87326
8533	89604
8533	17107
8533	7636
8533	47312
8533	84792
8533	18112
8533	93070
8533	94832
8533	18488
8534	65042
8534	22798
8534	20778
8534	92881
8534	99600
8535	93073
8536	13909
8536	106894
8537	4809
8537	3742
8538	14264
8538	69290
8538	89809
8538	7960
8538	91968
8539	11122
8539	10766
8540	62545
8541	8893
8541	43894
8541	17522
8541	32756
8542	11802
8543	88482
8544	86311
8544	4209
8544	492
8544	41305
8544	86475
8544	58534
8544	13815
8544	86618
8544	2567
8545	33982
8545	86804
8545	56317
8545	96165
8545	38998
8545	106451
8545	106452
8546	42701
8546	41588
8546	38383
8547	4897
8547	8777
8548	83514
8548	71487
8548	92086
8548	96405
8548	16798
8548	95505
8548	46020
8548	8418
8548	78439
8548	71487
8548	83339
8548	104222
8548	13171
8548	96405
8548	86058
8548	16798
8548	104677
8548	104678
8548	105439
8548	48314
8549	36787
8549	81401
8550	230
8550	14207
8550	105419
8550	67877
8550	105664
8550	67872
8550	100136
8551	89752
8551	89753
8551	9705
8551	50252
8552	10281
8553	1750
8553	7260
8553	27990
8553	56011
8553	366
8554	29010
8554	90768
8554	2063
8554	90769
8554	97631
8554	102599
8554	742
8555	3048
8555	96190
8555	47837
8555	102529
8555	102530
8555	102788
8555	102789
8555	3727
8555	52435
8555	61654
8556	83278
8556	100503
8557	92808
8558	4970
8558	43685
8559	61043
8560	56694
8561	72384
8562	94510
8563	45769
8564	6706
8564	58698
8565	85449
8565	98630
8566	84394
8566	3595
8567	1994
8568	43937
8569	92356
8570	98959
8570	98960
8571	48385
8571	34926
8572	47779
8572	100719
8572	69101
8572	100720
8572	38616
8572	13570
8572	70022
8572	59132
8572	86069
8572	103855
8572	8659
8572	107627
8572	107991
8572	77416
8573	12414
8573	83256
8573	11010
8573	5400
8573	95325
8573	62692
8574	9871
8574	9196
8574	90289
8575	8837
8575	107723
8575	107724
8575	37323
8575	8870
8575	108251
8575	1886
8575	108282
8575	108283
8576	15796
8576	63863
8577	71375
8577	33190
8578	86418
8578	95403
8578	98806
8579	76741
8579	102498
8580	37259
8580	6595
8580	11287
8580	71960
8580	98109
8580	69213
8580	91483
8580	18933
8580	19042
8580	98288
8580	106592
8580	106029
8580	16762
8580	15799
8580	96495
8580	14146
8580	4520
8581	17632
8581	87196
8581	87221
8581	262
8582	12494
8582	99550
8582	14702
8583	83719
8583	92319
8583	26701
8583	31138
8583	8478
8584	85110
8584	70733
8584	69786
8584	5618
8585	42993
8585	18729
8585	9832
8585	94697
8586	56616
8586	1297
8587	86765
8588	84830
8588	84831
8588	94382
8588	94411
8588	78273
8589	95283
8589	29297
8589	103719
8590	31589
8590	67100
8591	878
8591	11794
8591	77995
8591	60667
8592	25914
8592	46358
8593	103326
8593	31880
8594	108509
8594	108533
8595	25928
8595	319
8595	1267
8595	70386
8596	71536
8597	90293
8598	67108
8599	82686
8600	70449
8601	95981
8601	96421
8601	19604
8601	67427
8601	7048
8601	31259
8601	84069
8601	59
8601	52767
8601	105757
8602	1972
8603	37159
8604	68328
8604	11595
8605	42503
8605	18016
8605	2052
8605	1297
8605	69278
8605	110850
8605	110863
8606	83452
8607	15498
8607	21669
8607	5841
8607	67389
8607	41056
8607	14942
8608	98365
8608	82355
8608	74130
8608	8389
8608	104117
8608	91512
8608	25225
8609	32184
8609	97850
8609	97941
8609	97942
8610	55181
8611	108654
8612	83138
8612	67283
8612	84486
8612	95035
8612	95042
8612	54906
8613	19686
8613	693
8614	3220
8614	83777
8615	16046
8616	40260
8616	54953
8616	97
8616	18096
8616	14912
8616	54469
8616	35007
8616	83437
8617	24272
8617	12921
8617	100805
8618	98038
8618	97531
8618	60090
8618	98184
8618	98185
8619	8917
8619	19571
8619	2873
8619	97960
8619	388
8620	28293
8620	61269
8620	75506
8621	16440
8621	7021
8621	45735
8622	12527
8623	45837
8623	35817
8623	43910
8623	13091
8624	7387
8625	89969
8625	99439
8625	99440
8625	99854
8626	69268
8626	89876
8626	89877
8627	85936
8628	14858
8629	67685
8629	59359
8629	79583
8629	88740
8629	83987
8629	61242
8629	8745
8629	102897
8630	95037
8631	30871
8631	5716
8631	5460
8631	108323
8631	19969
8631	64869
8631	12177
8631	77887
8632	11595
8633	44933
8633	36285
8633	16480
8634	5618
8634	52434
8634	13385
8634	15674
8635	91869
8635	92173
8635	20636
8636	34727
8636	61512
8636	56622
8636	54796
8636	64973
8636	43602
8636	36106
8636	29807
8636	86522
8637	17199
8637	30503
8638	34417
8639	43479
8639	33219
8640	40414
8640	36848
8640	18588
8641	104110
8641	307
8642	7887
8643	39206
8643	41097
8643	98905
8643	84813
8644	90155
8645	83121
8645	22733
8645	24390
8645	4328
8645	93491
8646	61265
8646	33669
8647	66443
8648	97808
8648	7482
8649	4749
8649	99025
8650	46714
8650	83151
8651	7164
8651	52743
8651	59283
8651	33908
8651	62550
8651	54711
8652	4692
8652	26368
8653	7519
8654	83800
8655	8014
8655	10278
8655	2154
8656	843
8656	85644
8656	12714
8656	87592
8656	67612
8656	86975
8656	60785
8656	24560
8656	105583
8656	3784
8656	111215
8657	105910
8658	3164
8659	4903
8660	3823
8660	56204
8661	85365
8661	85366
8661	74301
8661	87090
8661	105517
8661	85366
8662	7295
8663	4522
8663	59006
8664	9499
8664	2224
8664	6120
8665	94646
8665	1053
8665	46854
8666	66556
8667	9403
8667	99849
8667	8375
8667	6075
8667	90841
8667	82786
8667	38045
8668	90797
8668	40936
8668	21581
8668	99473
8668	63974
8668	101465
8668	56250
8669	40975
8669	92912
8670	3943
8670	1810
8670	36358
8670	8717
8671	4032
8672	50487
8672	101934
8673	6561
8674	69779
8675	83648
8675	4346
8676	95563
8677	175
8677	27527
8678	13123
8678	58329
8679	1886
8680	74081
8680	105774
8681	87189
8681	87190
8682	63033
8682	88279
8682	18295
8682	862
8682	878
8682	26050
8682	25947
8682	101860
8682	46603
8683	45239
8683	4513
8684	80307
8685	81108
8685	3549
8685	10640
8685	107001
8686	18893
8686	15044
8687	85612
8688	8528
8689	98495
8690	83195
8690	96716
8690	99161
8690	38997
8690	8785
8690	106015
8691	91635
8691	71825
8692	72011
8693	67546
8693	2256
8694	83501
8694	76857
8695	94997
8696	85697
8697	88023
8697	2081
8697	62958
8697	22903
8697	104679
8697	35769
8697	12966
8698	7764
8698	9468
8698	83203
8698	61841
8698	25732
8698	4173
8698	46659
8698	83421
8698	93755
8698	96230
8699	18116
8699	59700
8700	66878
8700	45308
8701	65000
8701	1111
8702	109883
8703	10359
8704	55718
8705	86179
8705	1795
8705	7930
8705	16634
8705	99225
8705	109836
8706	68865
8706	39892
8706	16636
8706	85696
8706	86026
8706	93553
8706	95398
8707	21264
8708	17756
8708	22918
8708	11483
8709	105821
8710	1112
8710	92990
8710	30593
8710	28537
8710	68794
8710	26085
8710	20699
8710	13423
8710	64903
8710	61242
8710	58726
8710	612
8710	5284
8711	61959
8711	4858
8712	97837
8713	90255
8714	106766
8715	29470
8715	96184
8715	99937
8715	1165
8716	177
8717	60766
8718	81401
8718	72268
8718	87512
8718	100463
8718	3475
8718	34486
8718	19675
8718	102761
8718	21694
8719	59902
8720	95805
8720	13754
8720	96519
8720	68794
8720	41670
8720	18047
8720	1113
8721	38298
8721	97069
8722	14427
8722	24360
8722	98839
8722	3854
8722	65494
8722	77479
8722	53270
8722	100137
8722	101733
8722	3282
8722	102919
8722	106502
8723	21590
8723	715
8724	84596
8724	10009
8724	5396
8724	38799
8724	17905
8724	1360
8724	100884
8725	8912
8725	96482
8726	2653
8726	2192
8726	91153
8726	7412
8727	5424
8727	86214
8727	5922
8728	99882
8728	99883
8728	106467
8729	1446
8729	13338
8729	23036
8729	47476
8729	26232
8729	94295
8729	99735
8729	6756
8730	70131
8730	85404
8730	62981
8730	62347
8731	214
8732	31247
8732	3646
8732	41070
8733	96042
8733	53270
8734	12527
8734	8970
8734	28300
8734	48
8735	95154
8735	103614
8735	859
8735	3317
8735	8077
8735	14401
8735	61512
8735	5960
8735	58838
8735	3753
8736	84768
8736	442
8737	16695
8737	34265
8738	7521
8739	4209
8740	90360
8740	17091
8740	70679
8740	37889
8741	230
8741	76182
8742	24069
8743	10022
8744	88939
8744	98949
8744	97758
8744	98968
8744	30189
8745	4949
8745	76867
8745	89376
8746	61242
8746	22502
8746	36036
8747	16555
8748	12805
8748	87755
8748	44309
8748	5670
8748	21784
8748	15647
8748	60235
8748	2876
8748	60180
8748	19865
8748	2106
8748	44309
8748	1515
8748	105704
8748	12370
8748	14217
8748	50639
8748	15647
8748	87559
8749	6248
8749	15500
8750	56011
8750	4809
8751	21685
8751	70101
8751	9333
8751	3805
8751	46858
8751	805
8751	81025
8751	1337
8751	91826
8751	29337
8751	16873
8751	37833
8751	10244
8751	105170
8751	74735
8751	105176
8751	20557
8752	67877
8753	71363
8753	4846
8754	60643
8755	73353
8755	85867
8756	10671
8756	86375
8756	11669
8756	73820
8757	15325
8758	100811
8758	8116
8759	27851
8759	92235
8759	27632
8760	31925
8760	4302
8761	2445
8761	83136
8761	67356
8761	6971
8761	4513
8761	279
8761	87450
8762	84354
8763	15938
8763	5251
8764	9645
8765	4561
8765	34483
8765	95830
8765	1103
8765	15743
8766	1330
8766	6314
8767	92808
8768	51042
8769	55537
8770	103225
8770	48217
8770	71048
8770	107422
8771	94364
8771	64868
8772	89109
8772	89110
8773	54867
8773	19138
8773	96331
8773	2465
8774	14041
8775	6097
8775	4292
8775	87040
8775	68148
8775	108284
8775	7302
8776	93969
8777	4711
8777	83994
8777	83995
8777	15351
8777	84553
8777	84554
8777	20104
8777	84808
8777	1785
8777	79960
8777	7363
8778	103489
8779	37527
8780	56420
8781	11049
8781	8315
8782	15843
8783	53697
8784	102376
8785	79778
8785	28932
8785	2703
8785	90120
8785	19067
8786	85837
8787	59523
8788	85774
8788	94845
8789	86073
8789	87143
8789	93591
8789	71076
8789	96584
8789	4720
8790	22952
8790	5139
8790	6917
8791	100327
8792	91858
8792	39978
8792	25409
8793	49568
8793	48111
8793	74787
8793	81473
8793	90286
8793	68479
8793	7117
8793	76182
8793	96900
8794	4302
8794	6788
8794	384
8794	15529
8795	7164
8796	90514
8796	92498
8797	45268
8797	21216
8797	7846
8797	66311
8797	518
8798	94897
8798	8494
8798	27379
8798	100726
8798	8420
8798	8191
8798	28164
8799	1975
8799	9746
8799	98064
8799	98065
8799	98107
8799	6540
8799	63933
8799	10828
8799	29497
8799	9068
8799	99704
8799	3267
8800	29802
8800	9971
8800	35740
8801	85228
8802	215
8802	26264
8802	24811
8803	31831
8803	2453
8803	4086
8804	83581
8804	83619
8804	45887
8804	24477
8804	89798
8805	77071
8805	104270
8806	13260
8806	50350
8806	16003
8806	84263
8806	10894
8806	34258
8807	19622
8807	56720
8808	74127
8808	81025
8808	19980
8808	58023
8808	104722
8809	67877
8810	6635
8810	15293
8810	407
8810	63626
8810	17385
8810	14567
8811	11046
8811	38158
8812	83853
8813	32552
8814	67053
8814	66885
8814	91158
8814	68344
8814	17358
8815	87098
8815	55778
8815	20462
8815	59563
8815	48853
8815	16178
8815	30420
8816	33409
8817	65252
8818	3622
8818	951
8819	3233
8820	87841
8821	86005
8821	90824
8822	92349
8822	14503
8822	13413
8823	18635
8823	71911
8823	1595
8823	105864
8824	30678
8824	5056
8824	37807
8824	55852
8825	3805
8825	5424
8826	89900
8826	90364
8826	15373
8826	1920
8826	8825
8826	5301
8827	81085
8827	5499
8827	72665
8827	6777
8827	93521
8827	69292
8827	81085
8827	4565
8827	38157
8827	13840
8827	39265
8827	56942
8827	37295
8827	44127
8827	12564
8827	10664
8828	7747
8828	41425
8829	9391
8830	33409
8831	104290
8832	3805
8833	4302
8833	73273
8833	26368
8833	25800
8833	85334
8833	53067
8833	41549
8833	32073
8833	603
8833	76272
8833	4346
8833	6964
8833	98283
8833	80125
8833	99702
8833	11304
8833	4302
8833	99752
8833	8052
8833	26821
8833	111240
8833	111253
8834	33772
8834	7412
8834	51797
8834	67605
8834	27776
8834	99470
8834	81025
8834	82049
8834	21610
8834	99574
8834	83983
8834	100465
8835	101655
8835	39120
8836	17833
8836	100385
8837	38793
8837	55695
8837	79588
8838	49698
8839	93759
8840	715
8840	4565
8841	21443
8842	7920
8842	66
8842	3441
8842	83799
8842	1908
8843	74956
8843	95279
8843	29051
8843	84960
8844	88422
8844	14677
8844	62516
8844	60487
8844	95691
8845	23530
8845	20209
8845	87753
8845	16149
8845	2517
8845	97001
8845	97002
8845	97178
8845	7075
8845	9400
8845	2855
8845	32822
8846	4657
8847	6599
8847	108065
8847	2844
8847	106984
8848	85700
8848	85703
8849	319
8849	335
8850	22736
8850	87141
8850	12851
8851	4292
8851	6732
8851	35053
8852	86125
8852	5922
8852	30079
8852	4536
8852	22843
8852	12210
8852	14034
8853	104876
8854	85616
8854	85617
8854	85618
8854	69584
8854	85693
8854	2851
8854	68160
8854	23896
8854	75516
8854	91254
8854	96005
8854	69584
8854	96039
8854	75960
8854	7392
8854	91740
8854	43198
8854	8925
8854	46807
8854	63608
8854	18069
8854	61203
8855	12859
8855	5290
8856	4063
8857	97107
8857	62630
8857	11878
8858	100540
8858	16022
8859	2428
8859	16743
8860	93515
8860	61242
8860	74153
8860	111474
8861	55985
8861	63543
8861	49440
8861	4909
8862	83142
8863	2848
8864	10022
8864	58214
8864	29097
8865	89171
8866	4444
8867	88937
8867	33820
8867	84997
8867	97885
8867	27775
8867	19980
8867	53674
8867	34058
8867	99023
8867	12716
8867	99137
8867	99138
8867	26687
8867	26515
8867	101303
8867	33381
8867	1892
8867	60434
8867	40435
8868	75541
8868	92622
8868	7615
8868	70202
8868	2787
8868	17021
8869	38084
8869	90728
8869	91792
8869	94262
8869	26905
8869	63359
8869	95212
8869	993
8869	7970
8869	1920
8870	86739
8870	74255
8870	21623
8870	91772
8871	17026
8871	92680
8871	9403
8872	10715
8872	90993
8873	17677
8873	75
8873	73482
8873	10602
8873	67994
8874	27
8875	23831
8876	16616
8877	108843
8878	27750
8878	106261
8879	1328
8879	4970
8879	10989
8880	61856
8881	56204
8881	46214
8881	35195
8882	7477
8883	90121
8883	94375
8883	94376
8884	20445
8885	52633
8885	3055
8885	3026
8885	3055
8885	10932
8885	109941
8886	43433
8886	86108
8887	54717
8887	12152
8888	10422
8888	43602
8888	1297
8889	86361
8889	73110
8889	24261
8889	48619
8889	67042
8889	2500
8889	14405
8889	81179
8889	44864
8889	93104
8889	70995
8889	98474
8889	71237
8889	108667
8889	59907
8889	27617
8890	89149
8891	28415
8891	91296
8891	99926
8892	69388
8893	65074
8894	3027
8895	69801
8895	102950
8896	84399
8896	51400
8896	77844
8897	34727
8897	100132
8897	25563
8897	39978
8898	230
8898	78931
8899	50070
8899	88326
8900	75260
8900	24050
8901	8443
8901	85066
8902	33344
8903	43771
8903	31894
8903	91335
8903	76079
8903	100708
8903	41513
8904	32396
8904	15694
8904	30209
8905	71190
8906	28745
8907	21472
8907	14619
8908	74843
8909	47911
8910	48487
8910	89444
8910	11409
8910	71535
8910	11148
8910	107429
8910	26443
8910	109489
8910	12123
8911	83005
8912	85835
8912	44588
8912	6561
8912	4172
8912	109166
8913	85526
8913	22063
8914	45744
8914	92578
8914	83452
8914	97652
8914	97653
8914	45744
8915	86280
8916	25171
8916	103974
8917	62150
8917	98832
8917	98854
8917	99324
8917	99410
8917	99411
8917	109106
8917	57227
8917	111200
8917	111201
8917	111202
8918	18577
8918	17160
8918	103934
8919	50436
8919	9913
8919	21365
8920	789
8921	4047
8921	54711
8921	106096
8922	56856
8923	73302
8923	89311
8923	89619
8923	79034
8923	28433
8923	22268
8923	77115
8923	12735
8923	92596
8924	84923
8925	27911
8925	307
8925	90368
8925	102671
8925	102677
8925	102678
8926	12906
8927	5393
8927	82661
8928	90727
8929	19719
8930	85176
8930	61945
8930	56735
8930	74030
8930	33944
8930	17196
8930	6109
8930	57416
8930	21993
8930	15410
8930	100954
8930	108824
8930	19991
8930	46416
8930	108885
8931	39317
8932	13895
8933	79941
8933	21967
8933	58068
8934	89748
8934	46088
8935	83729
8935	84456
8935	84457
8935	85246
8935	48894
8935	107930
8936	22881
8937	84046
8937	24046
8937	88584
8938	37144
8938	90898
8939	9748
8939	97171
8939	48094
8939	97195
8939	97196
8939	36381
8939	28807
8939	107220
8940	98968
8941	18677
8942	8035
8943	76870
8943	91888
8943	78148
8943	20677
8943	5909
8943	27324
8943	2814
8943	31080
8944	72207
8944	33733
8944	60419
8944	12465
8944	100555
8944	100600
8945	86974
8945	17248
8946	46247
8947	84990
8947	85469
8947	24521
8947	97911
8948	69072
8948	83744
8949	67818
8949	49766
8949	92056
8949	14330
8949	99532
8949	98680
8949	86271
8949	31912
8949	97539
8949	30725
8949	11541
8949	99746
8950	14824
8951	44230
8951	8735
8951	8514
8952	39368
8952	234
8952	13221
8952	4598
8953	31149
8953	84638
8953	84639
8953	70907
8953	8162
8953	89087
8953	103072
8954	28841
8954	93262
8955	96746
8955	51042
8955	17345
8956	14690
8957	83987
8957	9705
8957	14753
8957	97271
8957	47835
8957	52640
8957	97299
8958	21167
8958	22110
8958	47222
8958	91271
8958	34356
8958	24056
8958	103052
8958	6383
8958	105858
8958	105893
8958	49232
8958	110393
8958	41326
8959	15671
8960	98445
8961	29480
8962	27883
8962	85472
8962	35262
8962	44224
8962	99570
8962	53298
8962	107960
8962	109944
8963	11106
8964	85254
8964	32251
8964	418
8964	98815
8964	365
8964	27580
8964	85080
8965	27257
8965	19153
8966	36711
8966	83512
8966	17288
8966	74372
8966	97860
8967	45520
8967	102536
8967	27505
8967	102546
8968	57411
8969	51974
8969	98831
8970	16930
8970	47085
8971	99003
8971	24559
8971	3773
8972	27034
8972	26064
8972	86380
8972	83799
8972	37689
8972	98583
8972	61811
8973	30221
8974	21420
8974	54529
8974	78361
8974	92420
8975	49440
8976	55985
8976	2800
8976	366
8977	90423
8977	61673
8977	5995
8977	13813
8977	3819
8977	4969
8977	17720
8977	5602
8977	2790
8977	106110
8977	1871
8978	93739
8978	93740
8979	2338
8979	26939
8980	51411
8980	93917
8980	55537
8981	46210
8981	96024
8981	83987
8981	83129
8982	46611
8982	3691
8982	30681
8982	12600
8983	2326
8984	92251
8984	92629
8985	2953
8986	96606
8986	67756
8987	84337
8987	76760
8987	107851
8987	53865
8988	6952
8989	14020
8989	87494
8989	89288
8989	107993
8989	9328
8989	63192
8989	72155
8989	5399
8990	68586
8991	44348
8992	107219
8993	60922
8994	81112
8995	27372
8996	84555
8996	8394
8996	104928
8996	918
8997	12990
8998	23703
8998	6086
8998	100042
8998	15682
8998	19479
8998	45190
8999	76733
8999	92029
8999	81512
8999	107146
9000	42665
9001	7018
9002	6540
9002	96922
9002	41013
9002	101965
9002	2157
9002	718
9002	83310
9002	19640
9002	16755
9002	13832
9003	3407
9003	11016
9003	33713
9003	96913
9003	78746
9003	96940
9003	96941
9004	21998
9004	86082
9004	25841
9004	86083
9004	60693
9004	25841
9004	15381
9005	89791
9005	56865
9005	97656
9005	90550
9005	91258
9005	101880
9006	86120
9006	24496
9006	55022
9006	41588
9006	97955
9006	14168
9006	4506
9006	12916
9006	79632
9006	100134
9006	73000
9006	68589
9006	68533
9006	107013
9006	8987
9006	24496
9007	11422
9007	7473
9007	101161
9007	110951
9008	34371
9009	34486
9009	9531
9009	9184
9009	38825
9009	56924
9009	48740
9009	80244
9010	69551
9010	75075
9011	67109
9011	103950
9011	105293
9011	105294
9012	8659
9012	90637
9012	31955
9012	90677
9012	24089
9013	4167
9014	26413
9014	50510
9015	83683
9015	83685
9015	85385
9015	92306
9016	103458
9017	80415
9017	88667
9017	88668
9017	88878
9017	28900
9017	41652
9017	88667
9018	22731
9019	48030
9020	13413
9021	83709
9021	95981
9021	92569
9021	96001
9021	64136
9021	97640
9021	109208
9021	110713
9021	107983
9022	17439
9022	19697
9022	44283
9022	44393
9022	44065
9022	22820
9023	10710
9023	58584
9023	12052
9023	98168
9024	87247
9024	87279
9025	57132
9025	10370
9025	73567
9025	5844
9026	97
9026	17285
9027	40074
9027	1061
9027	10265
9028	17457
9029	28157
9029	6863
9029	84835
9029	38260
9029	74164
9029	8353
9029	99759
9029	29511
9029	104692
9029	33948
9030	108361
9031	29291
9031	1348
9031	85986
9031	41486
9032	104719
9032	107871
9032	107885
9032	107886
9032	107906
9032	62792
9032	109574
9032	109686
9033	52944
9033	100556
9033	29125
9033	37930
9033	20652
9033	15788
9034	109763
9034	109765
9035	40024
9036	78457
9036	558
9036	1719
9036	19217
9036	9328
9036	21669
9036	2103
9036	37056
9036	58675
9036	37056
9036	27004
9037	17640
9038	83265
9038	66398
9039	86297
9039	57255
9040	78428
9040	92831
9040	92959
9041	90389
9042	67266
9043	94827
9043	94834
9043	94835
9043	94932
9043	50727
9043	98754
9043	65778
9043	106091
9044	47284
9045	47508
9046	71841
9047	41379
9047	2603
9047	103118
9048	76044
9049	772
9049	20268
9049	43651
9049	97640
9049	916
9050	101086
9050	107703
9051	10863
9052	88992
9052	19604
9052	96690
9052	69763
9052	18677
9052	97302
9052	84639
9053	50396
9053	39212
9054	3278
9055	76384
9055	31889
9055	53609
9055	19920
9055	29596
9055	12521
9056	98370
9056	15951
9056	98376
9056	20677
9057	101047
9057	34933
9057	101048
9058	62220
9058	510
9059	95732
9059	29690
9060	10022
9060	41646
9060	111018
9060	106264
9060	18272
9061	46768
9062	48330
9062	1781
9062	82603
9063	76307
9063	10821
9064	38618
9064	5603
9064	68581
9064	8838
9064	70068
9064	78501
9064	26506
9064	28537
9064	34608
9064	95193
9064	35486
9064	91072
9064	29636
9065	89286
9066	15845
9066	3494
9066	10823
9066	1827
9067	33147
9067	30589
9067	2138
9068	87345
9069	71075
9070	86790
9070	1057
9070	102
9070	5076
9070	62157
9070	18524
9070	24565
9070	80115
9070	6944
9070	103110
9070	61242
9070	8160
9070	14288
9070	84000
9070	128
9070	5076
9071	13211
9072	23976
9073	10986
9073	434
9074	37379
9075	307
9075	39914
9075	38799
9076	5686
9076	86703
9077	30622
9078	70919
9079	46247
9080	4318
9081	89609
9082	8583
9083	14613
9084	56616
9084	8187
9084	94176
9084	91173
9085	67847
9085	107391
9086	46214
9087	2366
9087	23233
9087	67877
9087	307
9088	104202
9088	9239
9089	14284
9089	38245
9090	61236
9090	34607
9090	8548
9090	61470
9091	82875
9091	74877
9091	92518
9091	95092
9091	95093
9091	95146
9091	94697
9092	90428
9092	66932
9092	30826
9092	62136
9093	91517
9093	4135
9094	84899
9094	74874
9094	26654
9094	3850
9094	21165
9094	85084
9094	80203
9094	74922
9094	87550
9094	48504
9094	73110
9094	87617
9094	87550
9094	21841
9094	19615
9094	86378
9094	36111
9094	103956
9094	4269
9094	106927
9095	85126
9095	85143
9095	95907
9095	51385
9095	57058
9095	96063
9096	104234
9096	104235
9097	7197
9097	100648
9097	105771
9097	6215
9098	40854
9098	67877
9099	56204
9100	90731
9100	91012
9100	22851
9100	43518
9100	92732
9100	6341
9100	64532
9100	62441
9100	34284
9101	72612
9102	35369
9102	15529
9102	31297
9102	9328
9102	14440
9102	88838
9102	2277
9102	25886
9102	103977
9103	81272
9103	15260
9103	98934
9103	108915
9103	10590
9104	6254
9104	285
9104	21877
9105	29319
9106	43388
9106	93015
9106	97070
9106	70595
9106	27894
9106	97102
9106	50223
9106	84296
9106	99927
9106	100338
9106	100382
9107	85760
9107	40345
9108	1397
9108	2472
9108	37441
9108	895
9108	20043
9108	18823
9108	17655
9108	54796
9108	17488
9108	85381
9108	47667
9109	68583
9109	380
9109	45594
9110	83135
9111	96542
9111	37575
9112	175
9112	10909
9113	12616
9113	81025
9114	94807
9114	46371
9114	26543
9115	29162
9116	84087
9116	84187
9116	65925
9116	75985
9116	87452
9116	61090
9116	18269
9116	31278
9116	102999
9116	65925
9116	1961
9117	105310
9118	4997
9118	2600
9118	29522
9118	1776
9119	99167
9120	68432
9120	2138
9120	80674
9121	86625
9121	86626
9122	86246
9122	3005
9122	1742
9122	88143
9122	319
9122	89994
9123	75265
9123	89805
9123	84348
9123	94904
9124	93681
9124	57406
9125	16003
9126	75706
9127	31401
9128	18524
9128	95366
9129	86607
9129	86636
9129	3363
9129	85110
9129	86732
9129	103536
9129	80132
9129	782
9129	21313
9129	52500
9129	6537
9129	45528
9129	107873
9129	67877
9129	108040
9129	19653
9129	104928
9129	998
9130	6920
9130	30173
9131	101897
9132	44786
9132	9534
9133	86384
9134	7891
9135	87780
9135	22914
9135	87886
9135	5085
9135	33209
9135	88342
9135	88381
9135	82257
9135	1365
9136	13159
9136	1614
9136	43602
9136	34417
9136	36630
9136	106474
9137	88164
9138	101374
9138	53529
9138	22442
9138	25415
9138	68473
9138	103938
9138	25414
9138	57492
9138	103995
9138	53450
9138	104021
9138	104022
9139	83586
9139	50382
9139	1121
9140	91414
9141	6697
9142	76040
9143	16555
9144	15788
9145	48904
9145	11132
9145	4674
9146	22131
9146	16766
9146	5728
9147	7253
9147	35855
9147	11765
9148	37466
9149	71255
9149	87135
9149	33789
9149	76061
9149	56760
9149	65485
9149	88571
9149	19328
9149	86216
9149	85447
9150	94085
9150	99124
9150	73272
9150	45239
9150	79930
9151	110800
9152	79288
9153	25680
9154	23547
9154	1941
9154	7980
9154	38787
9155	34072
9155	65140
9156	9524
9157	73520
9158	21285
9159	91329
9159	13468
9160	1337
9161	22432
9161	86527
9161	8876
9161	8375
9161	108594
9162	1433
9162	21367
9163	43869
9163	32189
9164	89547
9165	75985
9166	44540
9166	68964
9167	92722
9168	77385
9168	9429
9168	94542
9168	94543
9168	106249
9168	106250
9168	17793
9168	29679
9169	27734
9170	8735
9170	92281
9170	26674
9171	3838
9172	96728
9172	27481
9172	69120
9172	2042
9172	13371
9173	84822
9173	84823
9173	84824
9173	21720
9173	85045
9173	89379
9173	89380
9173	89381
9173	26108
9173	17373
9173	7701
9173	1471
9173	52434
9173	100762
9173	60336
9173	86020
9173	101816
9173	102010
9174	4444
9175	86409
9176	89081
9176	9068
9176	6295
9177	92715
9178	36841
9179	84698
9179	84784
9179	84785
9179	4044
9179	86283
9179	86283
9179	108958
9179	17809
9180	33205
9181	86677
9182	28488
9183	54267
9184	99191
9184	14158
9184	99199
9184	99200
9184	51729
9184	100356
9184	100357
9184	38501
9184	107244
9184	100487
9185	21109
9185	24041
9185	66608
9185	90136
9185	27591
9185	91388
9185	31276
9185	94041
9185	6351
9185	95225
9185	84750
9185	100213
9185	106496
9185	75779
9185	91388
9185	5076
9185	15180
9186	44004
9186	57522
9187	41424
9188	18759
9188	5286
9188	108201
9188	7720
9188	32590
9188	78342
9188	86932
9188	81559
9189	72270
9190	85138
9190	53479
9190	36905
9190	23085
9190	85173
9190	59974
9190	60346
9190	26497
9190	8035
9190	66130
9190	46109
9190	2653
9190	25886
9190	19865
9190	47375
9190	6280
9191	40863
9192	1603
9193	7643
9194	20778
9194	68018
9195	12263
9195	58149
9195	21207
9195	17775
9195	33528
9195	83583
9195	106504
9195	107649
9195	64390
9195	110551
9196	10866
9196	19492
9196	14525
9196	18953
9196	17586
9196	87588
9196	9367
9197	33694
9197	67520
9197	34195
9197	100108
9198	11351
9199	91115
9200	88634
9200	25562
9201	918
9202	91594
9202	23825
9203	69677
9203	69601
9203	104334
9204	434
9204	783
9204	41999
9204	8939
9205	92989
9205	21332
9206	9032
9207	6262
9207	47981
9208	77654
9208	85429
9208	27892
9208	3350
9208	102906
9208	28857
9209	102327
9210	3958
9210	16992
9210	8536
9210	104119
9210	44332
9210	104132
9211	26854
9211	6964
9211	4444
9212	42467
9213	5267
9213	5811
9214	92368
9214	32844
9215	47731
9215	94705
9216	8830
9216	3081
9216	104509
9217	1720
9217	9106
9217	31058
9217	60362
9217	37527
9217	43810
9217	23514
9217	84643
9217	55118
9217	72423
9217	15312
9217	31025
9217	80981
9217	61469
9218	83491
9218	83492
9218	83656
9218	74692
9219	9916
9220	32964
9221	6979
9221	67507
9221	101888
9221	56648
9221	78685
9221	29187
9221	13854
9221	76247
9221	31934
9221	2810
9221	102889
9222	18493
9222	88211
9222	78439
9223	85090
9223	828
9224	46317
9225	58135
9225	108339
9226	21472
9226	4356
9226	35349
9227	12939
9227	55928
9227	86983
9227	3081
9227	102768
9228	102288
9229	47
9229	98159
9229	97925
9229	84792
9230	75407
9231	53865
9232	84575
9232	97624
9232	3855
9233	92478
9233	103991
9233	97182
9233	103992
9233	38957
9233	104338
9233	79711
9234	44437
9234	3267
9235	56310
9235	34342
9235	878
9235	1188
9235	105866
9235	56163
9235	34862
9236	91873
9236	6402
9236	92397
9236	28929
9236	11046
9237	64548
9237	8389
9237	5286
9237	12771
9238	84427
9238	84451
9239	1737
9239	76420
9240	93535
9241	83053
9241	9211
9242	25676
9242	20451
9242	20791
9242	19100
9242	110050
9242	110065
9243	98133
9244	61001
9244	8504
9245	96417
9245	98300
9245	27857
9245	63361
9245	98315
9245	47167
9245	10812
9245	91197
9245	104491
9245	56373
9245	3329
9245	14870
9245	104536
9245	104564
9246	9242
9246	82345
9247	13227
9247	95127
9248	409
9249	3805
9250	24394
9251	4557
9251	93930
9251	93931
9252	8938
9252	14613
9253	19051
9254	19677
9254	103351
9255	87045
9255	21320
9255	14255
9255	92227
9255	16555
9256	76272
9257	96661
9258	17396
9259	33879
9260	65000
9261	88918
9261	76272
9261	14217
9261	4212
9261	71968
9261	106362
9262	230
9263	70580
9263	70317
9264	91026
9265	83889
9265	18920
9265	83902
9265	44902
9265	28806
9265	99506
9265	3428
9266	86079
9266	86182
9266	86183
9266	66198
9266	90200
9266	74668
9266	102542
9266	102543
9266	91253
9266	110927
9267	54768
9267	55852
9267	18003
9268	23994
9268	21330
9268	63645
9268	17905
9268	56029
9268	86745
9268	10221
9268	407
9268	31380
9268	8917
9269	71536
9269	58810
9270	90082
9270	74327
9270	43433
9270	90086
9270	90087
9270	13159
9270	61803
9270	67490
9270	30749
9270	45720
9270	53605
9270	19299
9270	53492
9270	67873
9270	103700
9270	103793
9270	105753
9270	16945
9270	105766
9270	91745
9271	50061
9271	85555
9271	4949
9272	102996
9272	102997
9273	13014
9274	21034
9274	33916
9274	18663
9274	61242
9274	42143
9274	34727
9274	83129
9274	20760
9275	85821
9275	11225
9275	54813
9275	100943
9275	22035
9276	7477
9277	99374
9277	105521
9277	81278
9277	109271
9277	109272
9278	18030
9278	85973
9278	18031
9278	76990
9278	86194
9278	106907
9279	36261
9279	12329
9279	48224
9279	71825
9279	46592
9279	51078
9279	98457
9279	78156
9280	85013
9280	77330
9280	91971
9280	32270
9280	20930
9280	3584
9281	101019
9282	12761
9283	94126
9284	67893
9284	41047
9284	103263
9285	3086
9285	92955
9286	81635
9286	7576
9287	97599
9288	14489
9288	92001
9288	1256
9288	34577
9288	1337
9289	319
9290	55967
9290	10541
9290	10709
9290	55486
9290	12811
9291	100120
9292	84630
9293	80198
9294	14700
9294	88759
9294	1531
9294	101624
9294	52270
9295	84753
9295	30743
9295	38994
9295	84913
9295	84914
9295	84970
9295	60200
9295	85092
9295	41524
9295	81500
9296	6262
9297	72011
9298	70064
9299	87178
9299	75353
9299	31247
9300	60048
9300	97083
9301	61967
9301	1781
9302	74024
9302	83291
9302	83894
9302	83975
9302	85817
9302	67661
9302	34796
9302	6876
9302	18990
9303	3819
9304	85396
9304	72142
9305	31297
9305	8856
9305	6769
9305	16310
9305	1233
9305	90775
9305	16827
9306	87314
9307	76397
9307	33119
9307	42545
9307	2861
9307	78950
9308	8481
9308	74511
9309	47540
9309	67685
9309	50256
9310	84966
9310	109158
9310	109159
9311	84731
9311	49888
9311	88708
9311	76307
9311	72665
9311	86350
9311	53206
9311	16753
9311	64183
9311	4848
9311	105608
9311	11636
9311	88708
9312	56715
9313	2246
9313	42554
9313	42554
9313	2246
9313	27129
9313	4044
9313	80015
9313	49842
9313	21194
9313	108991
9314	2428
9314	6434
9315	60744
9316	67877
9317	83420
9318	38132
9318	3649
9318	10020
9318	105832
9318	30543
9319	99024
9320	23994
9320	68567
9321	19091
9321	82049
9321	98575
9321	47809
9321	7351
9321	39261
9322	93694
9322	6581
9323	34220
9323	101209
9324	107583
9325	100689
9325	31974
9326	61242
9326	43170
9327	48896
9328	19640
9328	92990
9328	82527
9329	41013
9330	89208
9331	54711
9332	12896
9332	4173
9332	911
9332	782
9333	67027
9333	42081
9334	11477
9334	41449
9334	17301
9334	14108
9334	40262
9334	22083
9334	37104
9335	81326
9335	27128
9336	71273
9337	72069
9338	91991
9338	57141
9338	78495
9339	32357
9339	85388
9339	88964
9339	4836
9339	37523
9339	878
9340	51244
9341	230
9341	29999
9342	86247
9342	31697
9343	6699
9343	73110
9343	86560
9343	105495
9343	105496
9343	107992
9343	38683
9343	98842
9343	98176
9344	59381
9344	13416
9344	78724
9345	58439
9345	17603
9345	46324
9346	83795
9347	59700
9348	108327
9349	96934
9349	36720
9349	103677
9349	102327
9349	41236
9349	80607
9350	30029
9351	87629
9351	48970
9351	4087
9352	43799
9352	91806
9352	14682
9352	91807
9352	43854
9352	64377
9352	56605
9352	14619
9352	107846
9352	11613
9353	83355
9353	35936
9353	74511
9353	27095
9353	746
9353	108753
9353	109285
9353	109286
9354	388
9355	85040
9356	99961
9356	100115
9356	100184
9356	108624
9356	76466
9356	2199
9356	111270
9356	21301
9356	56204
9357	19554
9357	44653
9358	98439
9359	23697
9360	93523
9360	94316
9360	101407
9360	3766
9361	37254
9361	24635
9362	51922
9363	32634
9363	95698
9364	24200
9364	46055
9364	37783
9364	17048
9364	5590
9364	99481
9364	58698
9364	93334
9364	76765
9364	94335
9365	65361
9365	62181
9366	94975
9367	11595
9368	99623
9369	41100
9369	15682
9369	42143
9369	4302
9369	58023
9370	94143
9370	22046
9370	94166
9370	94167
9370	4581
9370	97473
9370	71472
9370	46784
9370	56155
9370	6662
9370	56153
9370	52786
9371	90065
9371	101571
9371	102076
9371	102077
9371	104841
9371	104946
9371	104947
9371	20894
9371	21365
9371	11321
9372	13973
9372	100302
9372	107288
9372	107289
9373	92764
9374	14120
9375	44982
9375	21216
9375	22678
9376	9962
9377	86349
9377	86350
9377	47251
9377	9478
9377	1846
9377	40720
9377	100249
9378	84512
9378	73934
9379	93720
9380	83563
9380	83564
9381	85479
9381	85480
9381	92626
9381	22725
9382	63809
9382	83932
9382	78426
9382	98054
9382	86599
9382	56631
9383	87002
9384	88577
9384	88578
9384	94081
9384	3308
9385	39031
9386	278
9387	56204
9388	89503
9389	94758
9390	25262
9390	10304
9390	96456
9390	84162
9391	29934
9391	18671
9391	43883
9392	17504
9393	47176
9394	319
9394	45239
9394	107540
9394	1563
9394	78663
9394	5859
9395	8528
9396	27082
9396	69388
9396	17048
9397	84368
9398	16211
9399	77661
9399	99449
9399	99992
9399	99993
9399	56560
9400	2653
9401	38837
9402	86515
9402	89094
9402	55007
9402	9568
9403	12370
9403	72845
9404	19426
9405	48641
9406	91730
9407	407
9407	98613
9408	60744
9408	84593
9408	20091
9408	34950
9408	3005
9408	4809
9408	95514
9408	95520
9408	60307
9408	95540
9408	1777
9408	81025
9408	42053
9408	32360
9408	59700
9408	71456
9408	102069
9409	61437
9409	34455
9409	72869
9409	1633
9409	98707
9409	12805
9410	11101
9410	7323
9410	41239
9411	4917
9411	86190
9412	91290
9412	93124
9412	95658
9412	105729
9412	105738
9413	84689
9413	22092
9414	83066
9414	52032
9414	91049
9414	95630
9414	1620
9414	73273
9414	7944
9414	92155
9414	105611
9414	33996
9414	108231
9414	8255
9414	26865
9414	22884
9414	44119
9414	108818
9414	59312
9414	56694
9415	11
9415	18388
9416	20755
9416	9659
9416	27829
9417	24675
9417	926
9418	26264
9418	6949
9418	4302
9418	29189
9418	5298
9419	51010
9419	102421
9420	11049
9420	2314
9420	2276
9421	59420
9421	67534
9422	83134
9422	19461
9423	81128
9424	244
9425	48377
9425	9703
9425	4314
9425	11765
9425	99402
9425	2354
9425	97514
9425	86555
9426	95664
9426	96459
9427	68816
9427	33265
9427	2586
9427	84919
9427	84920
9427	85020
9427	13595
9427	99007
9427	11430
9427	102670
9427	18425
9427	109810
9427	66081
9428	2609
9428	700
9428	45865
9429	93980
9429	46766
9429	94279
9429	62431
9429	13009
9430	77934
9430	14032
9430	83457
9430	61043
9430	71726
9430	108043
9431	24231
9431	65000
9431	73238
9431	68687
9431	61654
9431	51843
9431	91986
9432	20460
9432	87215
9432	87428
9432	89104
9432	27092
9432	90714
9433	12062
9433	10159
9433	94697
9433	17459
9433	35294
9433	94719
9433	71863
9434	43095
9434	95669
9434	9813
9435	16555
9436	40954
9436	32383
9436	33874
9436	45959
9436	1492
9436	98164
9437	27822
9438	4942
9438	80769
9438	67720
9439	53576
9439	8837
9439	1403
9439	3805
9439	89441
9440	41236
9440	99366
9440	99497
9440	99565
9440	99785
9440	39807
9440	99878
9440	109658
9440	109676
9440	80329
9440	109677
9441	83136
9442	18392
9442	49858
9443	34564
9443	93602
9444	83273
9444	85949
9444	85950
9445	18345
9445	8116
9446	86708
9447	15355
9447	87918
9447	90285
9448	54914
9449	69690
9450	55547
9451	92584
9452	18352
9452	97266
9452	67899
9452	105618
9452	32508
9452	105619
9452	105621
9453	1287
9454	86441
9454	65388
9454	10106
9455	22782
9456	48998
9456	86189
9456	86190
9456	107629
9456	107676
9457	70488
9458	83034
9458	1800
9459	84012
9460	24065
9460	46999
9460	93481
9460	93542
9460	93543
9461	56717
9462	42379
9463	71407
9463	100245
9463	58591
9464	54796
9465	24546
9465	98620
9465	3822
9465	39891
9466	59629
9466	3190
9466	22135
9467	1306
9468	71294
9468	71280
9469	54714
9470	103031
9471	85433
9472	668
9472	42665
9472	20275
9472	97513
9472	67095
9472	1981
9472	84293
9472	21722
9472	73337
9472	97546
9472	27457
9472	32428
9472	97640
9472	84630
9472	107983
9472	72264
9472	85612
9472	104928
9472	3378
9472	64136
9472	12427
9472	18560
9472	109871
9472	105424
9472	56101
9472	83214
9473	60246
9473	12110
9473	17228
9473	61366
9474	5787
9474	84501
9474	78175
9474	1655
9474	44540
9475	93972
9475	110079
9476	65033
9476	52089
9476	18129
9476	1299
9476	37195
9476	5241
9476	56011
9476	20047
9477	104017
9478	27750
9478	102644
9479	18586
9480	1252
9480	93653
9480	60413
9481	31719
9481	27811
9481	14753
9482	69570
9483	78928
9483	51335
9484	63840
9484	34417
9484	75929
9484	3486
9484	84476
9484	67558
9485	67427
9485	80165
9485	86766
9485	26165
9485	18189
9485	27673
9485	96566
9485	111256
9485	7437
9485	80830
9486	22971
9487	14217
9488	10932
9488	13252
9488	67760
9488	65252
9489	94943
9489	103422
9490	711
9490	35836
9490	59723
9490	39978
9491	85496
9491	91494
9491	96674
9491	96726
9492	88027
9492	78521
9492	3550
9492	7780
9492	52435
9492	16869
9492	95381
9492	6363
9492	11761
9492	81277
9492	99873
9492	72898
9492	64774
9493	65877
9494	2471
9494	22536
9495	12284
9495	98878
9496	48730
9497	14088
9497	28841
9497	85367
9497	25892
9497	9130
9497	94421
9497	94428
9497	7394
9497	101406
9497	8912
9498	34923
9498	30358
9498	64037
9498	10952
9498	19113
9498	15473
9499	98731
9500	4390
9500	1495
9500	14857
9500	35270
9501	86938
9501	79991
9501	54258
9501	64837
9501	43080
9502	55497
9502	10014
9503	30760
9503	33732
9503	49392
9503	12771
9503	65577
9504	85255
9504	85321
9504	85322
9504	93986
9504	50025
9504	93987
9504	70757
9504	94149
9504	95008
9504	95941
9504	96270
9504	96271
9504	96272
9504	96468
9504	96469
9504	96695
9504	85322
9504	97049
9504	59053
9504	97459
9504	62128
9505	3810
9505	59896
9506	86701
9507	73276
9507	46885
9507	33842
9508	76288
9509	86534
9510	27116
9510	6345
9510	16798
9510	42773
9511	16498
9511	57996
9511	51747
9511	29444
9512	84320
9513	89899
9514	26499
9514	93402
9514	2119
9514	77294
9515	307
9515	4248
9515	39978
9515	11086
9515	4104
9516	82232
9517	96069
9518	43434
9518	33593
9518	94241
9518	94242
9518	94243
9519	84402
9519	4460
9520	9003
9520	83397
9520	83416
9521	1564
9521	88441
9521	14932
9521	52435
9521	104687
9521	73205
9521	107656
9521	7980
9521	107919
9522	68237
9522	80244
9522	42492
9522	58675
9522	90506
9522	10607
9522	90508
9522	84390
9523	72698
9523	19253
9523	89345
9523	89346
9523	20929
9523	98030
9523	98041
9523	70451
9523	72697
9524	94082
9525	100086
9525	100759
9526	54796
9526	8605
9526	5818
9526	34727
9526	23510
9526	30635
9527	4340
9527	39
9527	93070
9527	93235
9527	52257
9527	6441
9527	3491
9527	6849
9527	603
9527	64983
9527	26077
9527	45280
9527	39
9527	52257
9528	95685
9529	21815
9530	12102
9530	72463
9530	2429
9530	1620
9531	93330
9531	93346
9531	100978
9531	18600
9531	93330
9532	49936
9532	18716
9532	93160
9533	21234
9533	9749
9534	98744
9534	98745
9534	32389
9534	4837
9534	94077
9534	23884
9535	2910
9536	58083
9536	95852
9536	95901
9537	94884
9538	18189
9538	20699
9538	31185
9538	104713
9539	68761
9540	9856
9541	73931
9542	11758
9543	21313
9543	6578
9543	31149
9543	7560
9543	89755
9543	2087
9543	41050
9543	102387
9543	70733
9543	4536
9543	99789
9543	105509
9543	4048
9543	57615
9543	105570
9543	105593
9543	34245
9543	1722
9543	107983
9543	73337
9544	16406
9544	39978
9544	39782
9544	1364
9544	2690
9545	4972
9545	61550
9545	83136
9546	70358
9546	95318
9546	95625
9547	54687
9547	1181
9547	20166
9547	33608
9547	38703
9547	30508
9547	13538
9548	49807
9548	4436
9548	94879
9549	62425
9549	78432
9549	6435
9549	94894
9549	56335
9549	93578
9549	97640
9549	67835
9549	32900
9549	5922
9549	62425
9550	84604
9551	86762
9551	60587
9552	72064
9552	37517
9552	93404
9552	96844
9552	11465
9552	26411
9552	100905
9552	100906
9552	47
9552	45063
9552	31061
9552	11070
9552	808
9552	8469
9552	10525
9552	9898
9552	67427
9553	6662
9553	98736
9554	99998
9555	95849
9555	75936
9555	28715
9555	102138
9556	8033
9557	7034
9557	12117
9558	3368
9558	11995
9559	93826
9559	88838
9559	5922
9560	51370
9561	86203
9561	24823
9561	761
9561	4539
9561	95447
9561	14783
9561	267
9561	6434
9562	936
9562	96885
9563	90979
9564	86056
9565	3688
9565	63206
9565	99
9565	18797
9565	85796
9565	12683
9565	73970
9566	71996
9566	48855
9566	97320
9567	71580
9568	8504
9569	67198
9569	92822
9570	2808
9570	83507
9570	90775
9570	10449
9570	65000
9570	784
9570	69234
9570	104112
9570	10577
9570	105424
9570	108803
9570	67095
9570	107983
9571	41827
9572	4318
9572	86558
9572	89450
9573	5396
9573	94377
9573	66897
9573	99141
9573	102428
9573	214
9573	36850
9573	103942
9573	2995
9573	104114
9573	104115
9573	85832
9573	14984
9573	19537
9573	22211
9573	105956
9574	5755
9575	11477
9576	1961
9576	1975
9577	20675
9578	3657
9579	11070
9579	335
9579	89297
9579	41767
9579	18892
9579	1011
9579	2666
9579	38298
9580	91835
9580	95623
9580	52244
9580	104886
9580	98540
9580	105276
9580	81605
9580	27218
9581	33783
9581	21131
9581	21043
9582	3202
9583	98205
9583	23242
9584	14228
9584	4481
9585	2845
9585	22469
9585	39548
9586	51640
9587	27428
9588	1256
9588	37963
9588	11769
9588	18737
9588	80631
9588	28911
9588	10072
9588	7198
9588	12499
9588	2224
9588	53532
9588	17561
9588	104797
9588	18737
9588	10444
9588	29454
9588	6496
9588	20444
9589	25387
9589	38597
9590	7035
9590	26321
9590	2517
9591	84513
9591	91294
9591	8704
9591	91316
9592	8504
9592	17430
9592	46319
9592	99980
9592	9409
9592	17441
9592	44687
9592	7600
9592	38000
9593	7409
9593	12036
9593	93778
9593	87682
9594	42698
9595	32822
9595	68908
9595	13413
9596	87193
9596	8966
9597	7302
9598	56204
9598	6434
9598	343
9599	85039
9600	69374
9600	95145
9600	3368
9601	26134
9602	1495
9603	9228
9604	83654
9604	43851
9604	19537
9604	5229
9604	1880
9604	43851
9604	99898
9604	26319
9604	73096
9604	8592
9604	2612
9604	104893
9604	107549
9605	106409
9605	99677
9605	17447
9606	87793
9606	88187
9606	34835
9606	103047
9607	7192
9608	7138
9608	47767
9609	30567
9609	80876
9609	4318
9609	14220
9609	12043
9609	83987
9609	19877
9609	35990
9609	78285
9609	93020
9609	17366
9609	1769
9609	31259
9609	71391
9609	10114
9609	106967
9610	4318
9611	40087
9611	43539
9612	18919
9612	84557
9613	34778
9613	2277
9613	57930
9613	94731
9613	95014
9613	80495
9613	9358
9613	80889
9613	98137
9613	103924
9613	11041
9614	34417
9614	76589
9614	56282
9615	85275
9615	85657
9615	86395
9615	22889
9615	86396
9615	11731
9615	95313
9616	85294
9616	71267
9616	95323
9616	98974
9616	22309
9617	8361
9618	90356
9618	57893
9619	85428
9619	18929
9619	79943
9620	61750
9621	93781
9621	88926
9622	50302
9622	83054
9622	84769
9622	54683
9622	49105
9623	88007
9623	52434
9624	83370
9624	13203
9625	70881
9625	28148
9625	10434
9626	61757
9626	94737
9626	67546
9626	1471
9627	72342
9627	44097
9628	94257
9629	100755
9629	44925
9630	69949
9630	21778
9630	10577
9630	576
9630	87040
9630	6769
9631	56469
9632	86520
9632	6611
9633	99102
9634	14255
9634	1147
9634	92493
9634	39308
9634	24439
9634	101434
9634	110666
9634	76961
9635	92564
9635	6128
9635	25127
9635	14098
9635	93042
9635	94962
9636	94729
9637	693
9637	5849
9638	15771
9639	92532
9640	56204
9640	83863
9640	1846
9641	48898
9641	91126
9641	91127
9641	91152
9641	103165
9641	29529
9641	106387
9642	1376
9642	20174
9643	84625
9644	88200
9645	79031
9645	26853
9646	51934
9646	28148
9647	31053
9647	10459
9647	1706
9648	5020
9648	83358
9648	83646
9648	84438
9648	84452
9648	36370
9648	78049
9649	100862
9649	85163
9649	5214
9649	38999
9649	106139
9649	335
9649	278
9649	76272
9650	25663
9651	69011
9651	83570
9652	16234
9652	3341
9652	8607
9652	84934
9652	38903
9652	95706
9652	97768
9652	40798
9652	618
9652	40780
9653	6535
9653	59245
9653	28661
9653	306
9654	61962
9654	88210
9654	88940
9655	104562
9656	64339
9656	101773
9657	25069
9657	40863
9658	28458
9659	4047
9659	39888
9659	88179
9659	93858
9659	693
9659	19052
9659	1981
9659	9029
9659	46804
9659	4047
9659	306
9660	24266
9661	85915
9661	85941
9661	87975
9661	89347
9661	90794
9661	90795
9661	22583
9661	90858
9661	90859
9661	66721
9661	2939
9661	94425
9661	102794
9661	55945
9661	99176
9662	55106
9662	74101
9663	46691
9663	5752
9663	87374
9663	19515
9664	18488
9664	34072
9665	50374
9665	107187
9666	103202
9666	906
9667	7065
9667	19452
9667	15404
9667	4032
9667	86181
9667	912
9668	90675
9668	93207
9668	53491
9668	66657
9669	89900
9669	11049
9669	104465
9670	25928
9670	88208
9670	62060
9670	26083
9670	7302
9670	4340
9671	10449
9672	92729
9673	50388
9673	9229
9673	31449
9673	92056
9673	4933
9673	70455
9674	56204
9674	100067
9675	80631
9675	84630
9675	59723
9675	3506
9675	9634
9676	48016
9677	100407
9677	47128
9677	12520
9677	11587
9677	83136
9677	24415
9677	106702
9678	16542
9678	31259
9678	16542
9679	29125
9680	75574
9681	96969
9681	32040
9681	107584
9681	55137
9682	19437
9682	68010
9683	93509
9683	76547
9683	99645
9684	12876
9684	46365
9685	61118
9686	85008
9686	39448
9687	19072
9688	65504
9688	91119
9689	43685
9690	29516
9691	32647
9692	55270
9692	59410
9693	85289
9694	92249
9695	9543
9695	4311
9695	82954
9695	7062
9696	43347
9696	85229
9697	90892
9698	12183
9699	84214
9699	84216
9700	84810
9700	5922
9700	98750
9700	45901
9700	101167
9701	45239
9701	13806
9701	18134
9702	890
9702	15324
9703	83764
9703	63771
9703	84477
9703	48114
9703	86743
9704	15752
9705	1633
9705	5424
9705	4063
9706	51355
9707	99801
9707	99802
9707	84216
9708	56204
9708	89931
9708	93450
9708	46064
9708	59288
9708	100220
9709	70858
9709	28342
9709	24823
9710	55691
9710	36766
9711	36936
9712	37963
9712	62033
9712	31719
9712	78822
9712	2107
9713	75832
9713	88196
9714	1455
9714	72011
9715	84632
9715	7950
9715	84649
9715	36799
9715	84673
9715	47919
9715	84699
9715	14260
9715	1462
9715	16982
9715	63414
9715	11278
9715	27343
9715	47816
9716	80631
9717	41531
9717	55007
9717	84545
9717	87033
9718	83981
9718	47533
9719	80942
9719	88213
9719	11731
9719	88334
9719	88387
9719	88388
9719	90841
9719	64637
9719	90898
9719	77630
9720	54079
9721	85474
9722	9426
9722	85793
9722	87407
9722	103013
9722	72818
9723	12175
9724	89244
9724	267
9724	1737
9724	3055
9725	69
9725	21285
9726	88558
9726	91107
9726	27404
9726	17899
9727	10137
9727	47938
9728	84458
9728	84964
9728	85402
9728	90110
9728	90111
9728	93634
9729	6496
9729	81473
9729	87009
9729	23374
9729	376
9729	91620
9729	11459
9729	2224
9729	11847
9729	64903
9730	55890
9730	86513
9730	92148
9730	10541
9730	4318
9730	6255
9730	30635
9731	85676
9731	19172
9731	37806
9731	92095
9732	21635
9733	85868
9733	87106
9733	4699
9734	8860
9734	6105
9734	14544
9734	10140
9735	90399
9735	23505
9735	19046
9735	51188
9735	32200
9735	94937
9735	39712
9735	5019
9735	603
9735	16253
9735	103903
9736	4984
9736	96395
9737	56011
9737	108918
9738	23341
9739	76123
9739	50374
9739	1038
9739	105851
9740	44867
9741	38515
9742	26663
9742	7409
9743	29627
9744	9433
9745	94664
9746	21077
9747	19486
9747	14503
9748	14075
9748	451
9748	7031
9749	1138
9749	90101
9749	80556
9749	90115
9749	28357
9749	60579
9750	13682
9750	7539
9750	90554
9750	90670
9751	82033
9752	93648
9753	37858
9753	85571
9753	42517
9753	46276
9753	95835
9753	97140
9753	62827
9754	86354
9754	89058
9755	71776
9756	90150
9756	94902
9756	103500
9757	96733
9757	2035
9757	27257
9757	17039
9757	7130
9758	93535
9759	6757
9759	4513
9759	13078
9760	91633
9761	29437
9761	55806
9761	63218
9761	110197
9761	110737
9762	88552
9762	67798
9762	84774
9762	88631
9762	8192
9762	21713
9762	101192
9762	6364
9762	11737
9762	101258
9762	101354
9762	101355
9762	107732
9762	60432
9762	16590
9762	107733
9762	22140
9762	15046
9762	66849
9763	62360
9763	96024
9764	26580
9765	86816
9765	91190
9765	91197
9765	41164
9765	68229
9765	69153
9765	48530
9765	96929
9765	80100
9766	86303
9766	87559
9766	7978
9766	87574
9766	87614
9766	47736
9766	13616
9766	20166
9766	19052
9766	42485
9766	104846
9766	104954
9766	41716
9766	68761
9766	106413
9766	91852
9767	39373
9768	12811
9768	663
9768	56484
9769	100363
9770	84616
9770	53784
9771	32974
9771	380
9771	3754
9771	47938
9772	87927
9773	48919
9773	23902
9773	45020
9773	88661
9773	20210
9773	23902
9773	108993
9773	75111
9773	18784
9774	80754
9774	89497
9775	59544
9776	23131
9776	33563
9777	58659
9777	66716
9777	104659
9777	104660
9777	104661
9777	104662
9777	104742
9777	104743
9777	104744
9777	104806
9778	4949
9778	6652
9779	93902
9779	86309
9780	18750
9781	41100
9781	1496
9781	33054
9782	62867
9783	90499
9783	3817
9783	82426
9783	30
9783	68546
9783	5476
9784	83763
9784	79061
9784	2618
9784	32457
9785	4644
9785	99214
9785	18671
9785	19318
9785	33573
9785	108083
9785	108098
9785	108099
9786	3465
9786	862
9787	5459
9787	2790
9787	40074
9787	67546
9788	3636
9789	85066
9790	59742
9791	60920
9792	11875
9793	19356
9794	10022
9795	72384
9796	14647
9796	63872
9796	89069
9796	88506
9796	49532
9797	13581
9797	35484
9798	99454
9798	103318
9799	11595
9799	94200
9799	98249
9799	7544
9799	3413
9799	2420
9799	24876
9799	12921
9800	28355
9801	45239
9801	95695
9801	56242
9802	2774
9802	21317
9802	61817
9802	2902
9802	12921
9802	6501
9803	43602
9804	27003
9805	92139
9806	48989
9806	28124
9806	106015
9806	41588
9807	38476
9807	30029
9808	89581
9808	89582
9809	32499
9810	88220
9810	2922
9810	38045
9810	56714
9810	105898
9810	105908
9810	47159
9811	83200
9811	7938
9812	37944
9812	25165
9812	418
9812	66721
9812	8060
9812	11652
9812	59398
9812	18770
9812	25165
9812	9128
9813	96595
9814	31437
9814	88075
9814	33371
9814	11849
9814	83666
9814	2900
9815	22102
9815	92507
9815	100645
9815	96734
9815	81712
9815	15657
9815	109706
9815	14014
9816	4736
9816	3842
9817	1880
9817	60274
9817	1633
9817	62273
9817	97831
9818	61694
9818	1307
9818	7713
9819	80495
9820	4033
9821	82090
9821	78575
9822	99319
9822	99320
9822	99359
9822	99360
9822	86461
9822	99425
9822	9665
9822	33837
9822	41013
9822	41391
9822	711
9822	99666
9822	14648
9822	10637
9822	111558
9822	87213
9823	20205
9823	13054
9823	71456
9823	86596
9823	62215
9823	88891
9823	71061
9823	100144
9824	97475
9824	4318
9825	56204
9826	7615
9826	25798
9826	99235
9826	50862
9827	6628
9828	83049
9829	86359
9829	56215
9830	89502
9830	91582
9830	91583
9830	21732
9830	23183
9831	88965
9831	103837
9832	86881
9832	105186
9833	22334
9833	84703
9833	84704
9833	84748
9833	84777
9833	85597
9833	13332
9833	43769
9833	35301
9834	12596
9835	1548
9835	56025
9836	47
9836	30350
9836	22589
9836	61156
9836	93729
9836	110400
9837	96935
9837	48406
9837	97384
9837	1981
9838	1361
9838	4036
9838	40500
9838	9749
9838	76098
9838	96359
9839	53865
9839	6863
9839	10986
9839	92255
9839	96693
9839	97684
9839	6429
9839	398
9839	72161
9840	693
9840	65312
9841	32675
9841	26985
9841	2800
9841	87160
9842	61031
9842	58644
9843	10413
9843	45719
9844	6383
9844	11608
9845	42778
9846	19640
9846	6105
9846	3575
9846	26269
9846	26687
9846	15790
9846	65058
9846	11611
9846	18034
9846	77062
9846	11105
9846	98412
9846	13130
9847	11615
9847	43433
9847	3404
9847	83856
9847	6948
9847	84518
9847	65057
9847	75951
9847	95558
9847	93749
9847	3932
9847	67848
9847	44241
9847	85641
9847	34761
9847	1908
9848	1975
9848	40259
9848	29651
9849	27489
9850	87233
9851	43810
9852	38954
9852	10728
9852	56204
9852	64348
9853	64614
9853	77365
9853	2079
9853	79877
9853	29125
9853	27475
9853	11765
9853	17702
9853	47145
9853	2276
9853	56016
9853	1057
9853	80278
9853	2949
9854	51044
9855	5859
9855	27189
9855	12966
9856	39471
9856	84400
9856	86107
9856	86783
9856	993
9856	101531
9856	63900
9857	13840
9858	35830
9858	19180
9858	31360
9859	68091
9860	4047
9861	86385
9862	23973
9863	9959
9863	14619
9864	10745
9864	78760
9864	76272
9864	97358
9865	93376
9866	50318
9866	93103
9866	93104
9866	59907
9866	109733
9866	50318
9867	51793
9867	19544
9868	993
9868	89393
9868	10285
9868	99383
9868	10679
9868	101988
9869	31500
9869	2758
9870	39020
9870	198
9871	34786
9871	84838
9871	10182
9871	13658
9871	40260
9871	91908
9871	1256
9872	59403
9872	16437
9872	107606
9873	48205
9873	40710
9873	4566
9873	100730
9873	48204
9874	61974
9875	17744
9875	108956
9876	11105
9877	67878
9878	94067
9878	96698
9878	97074
9879	56011
9879	38454
9879	87767
9879	11764
9880	6114
9880	1278
9880	91153
9880	576
9880	56011
9880	65074
9880	34295
9880	96734
9880	108033
9880	57062
9880	4990
9880	14217
9880	18388
9880	99941
9881	993
9881	91239
9882	37035
9883	79634
9883	22136
9883	63332
9884	307
9884	22841
9884	2322
9884	20378
9885	40689
9885	4153
9885	14806
9886	99229
9886	99242
9887	85494
9887	3119
9888	53210
9888	98640
9888	60757
9888	4150
9888	2104
9888	39181
9888	109137
9889	35257
9889	69148
9890	35361
9890	16798
9890	2854
9890	94240
9890	17908
9890	41013
9890	26575
9890	67546
9891	86988
9891	95693
9892	86111
9892	60531
9892	36038
9892	95371
9893	24518
9893	16352
9894	4248
9894	10544
9895	53083
9895	13529
9895	54796
9895	27475
9895	96722
9896	6287
9897	13960
9897	87850
9898	76260
9898	3317
9898	34816
9899	736
9899	23505
9900	9850
9900	49432
9901	84367
9901	18132
9901	72161
9901	12647
9902	9208
9902	89114
9903	19107
9904	4945
9905	32654
9905	21241
9905	89044
9905	89293
9905	89294
9905	52745
9905	89295
9905	89400
9905	45372
9905	99654
9905	99841
9905	99842
9905	100072
9905	44100
9905	100145
9905	100146
9905	100167
9905	100178
9905	105676
9905	105677
9905	89044
9905	110762
9905	110967
9905	111054
9905	111071
9905	103051
9905	111277
9905	111278
9905	111279
9905	97581
9905	111280
9905	111455
9905	111456
9906	19642
9907	43597
9908	41030
9909	56016
9909	35923
9909	8854
9909	13555
9909	96024
9909	18823
9910	14503
9910	19173
9910	23384
9911	60667
9912	3046
9912	48787
9912	74924
9913	11
9913	49000
9914	27671
9915	43981
9916	98059
9917	6147
9918	18287
9918	53581
9919	76637
9919	15908
9919	14082
9920	754
9920	79413
9921	86887
9921	412
9921	32113
9921	10472
9921	56204
9921	102766
9921	309
9921	84714
9921	77169
9921	61193
9921	65146
9921	1470
9921	44543
9922	100892
9922	101085
9923	1358
9923	99393
9923	99394
9923	6120
9924	95007
9924	30759
9924	307
9924	63879
9925	100118
9926	3548
9927	6205
9928	18717
9929	51467
9929	83289
9930	30184
9930	95094
9930	37327
9930	57328
9930	98182
9930	98183
9930	98189
9930	98207
9930	74258
9931	9969
9932	21846
9932	79371
9932	25538
9933	83906
9933	89130
9933	108024
9933	4674
9934	37527
9935	106265
9935	106266
9935	43370
9936	3560
9937	87959
9938	82984
9938	87337
9938	80928
9938	85771
9939	58270
9939	17651
9939	26479
9939	92448
9939	92488
9940	91485
9940	19986
9940	54771
9940	19720
9940	74821
9940	91487
9940	91488
9941	109685
9941	8037
9942	90919
9942	83726
9943	68833
9943	50880
9943	33409
9943	12117
9943	53484
9944	75484
9944	2052
9945	85444
9946	3068
9947	98572
9947	22314
9948	37684
9948	64267
9948	14812
9948	4023
9948	45037
9948	45842
9949	39699
9949	93922
9950	83219
9951	83379
9951	43433
9951	1960
9952	37230
9952	19750
9953	2033
9954	27580
9955	6979
9955	2079
9955	14026
9955	7440
9955	4576
9955	14498
9955	80596
9955	99900
9955	111369
9956	71910
9956	23697
9957	93590
9958	6830
9958	56144
9959	27032
9959	77668
9960	244
9960	13854
9960	21439
9960	40863
9960	80242
9961	27172
9961	90420
9962	10969
9963	2833
9964	10619
9964	14082
9964	24352
9965	85083
9966	17502
9966	51409
9966	79947
9966	71863
9966	4610
9966	67009
9966	21965
9966	99972
9967	91593
9967	67220
9967	74839
9967	91622
9967	59769
9967	24560
9967	1564
9968	56204
9968	27990
9969	83205
9969	97956
9970	86467
9970	18518
9970	103675
9971	94960
9971	53739
9972	101938
9972	101939
9972	108991
9973	11997
9973	15379
9973	61242
9973	33916
9974	62464
9974	85042
9974	85072
9974	88243
9974	15796
9974	92775
9974	5967
9974	17345
9974	59383
9974	6652
9974	98893
9974	98991
9974	98992
9974	14118
9975	59817
9976	60487
9977	408
9978	95274
9978	99230
9979	61865
9980	102156
9980	102157
9980	102158
9981	43631
9981	108
9981	9488
9981	85673
9981	20497
9981	4525
9982	75291
9983	32636
9984	26368
9984	17295
9985	82213
9986	13413
9987	96559
9988	92940
9988	54401
9989	8015
9990	84944
9990	4321
9990	30694
9991	2313
9991	84081
9991	8060
9991	36053
9992	15821
9992	26562
9992	99713
9992	65140
9992	541
9992	84145
9992	34932
9992	9381
9992	106448
9992	106449
9993	27145
9994	83794
9994	83823
9994	85274
9994	92166
9994	96317
9994	83823
9994	71804
9994	96252
9994	109894
9995	79932
9995	39182
9995	21422
9995	85910
9995	89785
9995	34933
9995	62590
9995	99643
9996	1914
9996	94708
9997	4033
9998	44896
9998	29407
9998	104578
9999	101006
9999	111431
10000	56204
10000	2873
10000	4176
10000	93765
10000	20995
10000	74208
10000	83726
10000	17555
10000	106845
10000	110923
10000	110924
10001	44230
10001	3486
10002	10709
10002	103792
10003	55007
10004	1278
10005	66309
10006	34553
10006	71016
10006	32869
10006	100870
10006	100918
10007	40564
10007	45328
10007	68778
10008	66443
10008	85814
10008	3908
10008	86601
10008	59870
10008	88207
10008	63971
10008	27257
10008	2215
10008	40097
10008	88384
10008	36360
10009	53865
10009	84530
10009	9891
10009	8771
10009	28470
10009	3203
10009	31297
10009	1715
10009	11761
10009	2800
10010	731
10010	10806
10010	69199
10011	2277
10012	11274
10013	111268
10014	103903
10015	18678
10016	103097
10017	91360
10018	52214
10018	3083
10019	64800
10020	1199
10021	4392
10021	72898
10022	66158
10022	5843
10022	55246
10022	104166
10022	101559
10022	109543
10023	32800
10023	89024
10023	89026
10023	9807
10023	62790
10023	70821
10023	97898
10023	69448
10023	68571
10023	87671
10023	101124
10023	2259
10024	23191
10025	2279
10025	2800
10025	7970
10026	4945
10027	83511
10027	35148
10027	109347
10027	109408
10028	85191
10029	46290
10030	79616
10031	59053
10031	77031
10031	102019
10031	61387
10032	81863
10033	97231
10033	36473
10033	108228
10034	62601
10035	89529
10035	16378
10036	95324
10036	67877
10037	993
10037	16398
10037	8605
10037	22555
10037	56094
10037	27475
10037	22352
10038	6410
10038	32627
10038	30665
10038	28089
10038	75473
10038	72845
10038	81085
10038	13686
10038	85684
10038	50593
10038	85685
10038	5922
10038	63900
10038	46792
10038	96117
10038	28947
10038	48141
10038	96157
10038	96158
10038	7144
10038	85907
10038	50610
10038	1722
10038	41011
10038	7405
10038	5
10038	63041
10038	13840
10038	32900
10038	99627
10038	34425
10039	53479
10039	1297
10039	6290
10039	4356
10039	90775
10040	45239
10040	4719
10040	57212
10040	50593
10040	2733
10040	78909
10040	82685
10040	62357
10040	50593
10040	70936
10041	49396
10041	71190
10042	13201
10042	78062
10042	56695
10043	3759
10043	57788
10044	88147
10044	88148
10044	91046
10044	95915
10044	5218
10045	65051
10045	15186
10045	92997
10045	13310
10045	43061
10046	44861
10047	65405
10047	101
10048	37890
10048	1339
10048	37145
10049	100275
10049	101075
10050	85040
10050	6262
10051	93575
10051	102825
10052	43637
10052	90970
10052	87144
10052	90988
10053	93460
10053	67273
10054	20111
10054	106340
10054	106574
10054	82915
10054	31323
10055	993
10055	414
10055	92159
10056	102674
10056	33744
10056	102712
10056	14024
10056	86140
10056	18095
10056	13931
10056	25635
10056	7976
10056	38846
10057	14217
10057	24930
10057	85848
10057	36250
10057	22503
10057	280
10057	72277
10057	86048
10057	36249
10057	42983
10058	65076
10058	99676
10058	107074
10059	109822
10059	109854
10059	110531
10059	111337
10059	111542
10060	79022
10061	25538
10062	105897
10063	14451
10063	23341
10063	40720
10063	34933
10064	31149
10065	33999
10066	87070
10066	10908
10066	5359
10067	19299
10068	1832
10068	83136
10068	50255
10068	1131
10068	71830
10068	47644
10068	61242
10068	71863
10069	20030
10069	103608
10070	83838
10070	54565
10070	20485
10070	56880
10070	5439
10070	80540
10070	81604
10070	98082
10070	81232
10071	4003
10071	7277
10071	84688
10071	85146
10071	77329
10072	918
10072	86856
10072	35923
10072	67258
10072	45239
10072	101388
10073	49368
10073	57094
10073	83501
10073	104851
10074	7160
10075	61333
10075	9539
10075	55171
10075	59041
10075	99511
10075	12309
10075	42868
10075	65233
10075	4017
10075	61333
10075	11023
10075	58074
10075	109995
10075	110331
10075	65619
10076	74127
10077	54763
10077	2800
10078	35131
10079	96188
10080	97505
10081	277
10082	18227
10082	74506
10082	9281
10083	93688
10083	93796
10083	94516
10083	64456
10084	17908
10084	48314
10084	87715
10084	6147
10085	20072
10085	45438
10086	41408
10087	31011
10087	6449
10088	2569
10088	31142
10089	83545
10089	97127
10089	58404
10089	88829
10090	11477
10091	82984
10091	84909
10091	15053
10092	47213
10092	99814
10092	27016
10093	25538
10093	10608
10093	19884
10093	10669
10093	13854
10093	30981
10094	19622
10094	14191
10094	53038
10095	89583
10096	56204
10096	52416
10097	85986
10097	45564
10097	3895
10098	97376
10098	97537
10098	60245
10099	32
10099	1548
10100	99348
10100	27954
10100	1148
10100	14778
10101	24130
10101	88865
10101	736
10101	30350
10101	88894
10101	88895
10101	47504
10101	43433
10101	2848
10101	31497
10101	45765
10101	75494
10101	8783
10101	15673
10102	20107
10102	62153
10102	68581
10102	75724
10102	20106
10102	7778
10103	41408
10104	89508
10104	22906
10105	1633
10105	1368
10105	3882
10106	90445
10107	576
10108	56204
10109	79975
10109	59799
10109	96668
10109	1432
10110	2653
10111	78028
10111	32667
10112	97054
10112	16310
10113	99105
10114	94066
10115	38115
10115	75985
10116	61376
10116	90952
10117	76307
10117	380
10117	993
10117	10906
10118	101020
10119	88241
10119	8997
10119	104589
10120	80862
10121	88453
10121	32080
10121	92500
10121	11997
10121	92713
10121	4710
10121	24341
10121	2663
10121	104906
10121	86838
10122	14894
10122	96854
10122	47422
10122	2408
10122	63733
10122	67545
10122	106037
10123	58694
10123	21381
10123	88316
10123	14222
10123	88428
10123	94309
10123	69728
10123	42947
10123	99781
10123	103671
10123	780
10124	4173
10125	1892
10125	100185
10125	105377
10125	33694
10125	105585
10126	352
10126	87643
10126	2824
10126	29020
10127	2103
10127	2366
10127	10564
10127	10182
10127	16378
10128	7714
10128	10244
10128	5802
10128	15989
10128	86654
10128	11737
10129	3162
10130	15799
10130	28226
10131	26575
10132	46418
10133	6732
10134	23184
10135	88226
10135	100519
10136	19415
10137	75799
10137	87526
10137	28338
10137	3466
10137	29125
10137	11727
10137	4075
10138	48762
10138	1564
10139	62602
10139	5214
10139	27990
10139	95081
10139	17720
10139	5811
10140	3301
10141	19604
10141	2690
10141	96874
10141	96875
10141	40812
10141	14207
10141	12422
10142	1305
10142	102758
10142	100122
10142	83337
10142	5640
10143	92878
10143	71131
10143	101068
10144	52270
10144	45855
10144	95731
10144	93740
10145	80415
10146	45296
10146	12594
10146	77621
10146	54529
10146	20529
10146	1892
10147	86188
10147	6093
10147	69243
10148	2822
10148	9212
10149	9583
10150	1103
10150	107004
10151	10022
10152	83183
10152	6035
10152	90757
10152	1403
10153	46688
10153	44454
10153	82172
10153	27754
10153	22826
10153	761
10153	4356
10153	41670
10153	33648
10153	61242
10154	4302
10154	3673
10154	96969
10155	15938
10156	13420
10156	37304
10157	54756
10158	83807
10158	12769
10159	41013
10160	100373
10161	5602
10161	6944
10161	4969
10162	13269
10162	94078
10163	7146
10164	67580
10164	103198
10165	53576
10166	101120
10166	9813
10167	35975
10168	85066
10169	20275
10170	17025
10171	20602
10171	101253
10171	93480
10171	103516
10171	15938
10171	111427
10172	88961
10172	92781
10173	110810
10174	1207
10174	21167
10174	10078
10174	54807
10174	4517
10174	45511
10174	21716
10174	20778
10174	85816
10174	6648
10174	41013
10174	8627
10174	14810
10174	7274
10174	73482
10174	91251
10174	23881
10174	27079
10174	6672
10174	36536
10174	56715
10174	376
10174	16864
10174	61956
10174	88759
10174	50079
10174	32539
10175	65195
10176	90649
10176	24073
10177	89626
10178	69798
10178	512
10178	89330
10178	99065
10178	111430
10178	16000
10178	111615
10178	111972
10178	111973
10179	18222
10180	2279
10180	46290
10180	21703
10181	100353
10182	3575
10182	7288
10182	103039
10182	23935
10182	99902
10182	107896
10183	12921
10183	46421
10184	59940
10185	6697
10186	84752
10186	105289
10187	84089
10187	42288
10187	88926
10187	14287
10187	43799
10188	101940
10188	15442
10188	17048
10188	41100
10188	22457
10188	52640
10188	6149
10188	36667
10189	30470
10189	4984
10190	21231
10190	79744
10191	2833
10192	85085
10192	6187
10192	2455
10193	87294
10193	100171
10193	100306
10193	110556
10194	24504
10194	77887
10195	21472
10195	99985
10196	61242
10196	5499
10196	2106
10197	84255
10198	92126
10198	98124
10198	31245
10198	75509
10198	68657
10199	16555
10200	5109
10201	52435
10201	319
10201	28777
10202	107918
10202	25553
10202	107984
10202	109960
10202	782
10203	9023
10204	1209
10204	86024
10204	7423
10204	86077
10204	86078
10204	86957
10204	98963
10204	98964
10204	55159
10204	25866
10205	88951
10206	1610
10206	25886
10206	8744
10206	87788
10206	14858
10207	2471
10207	32645
10207	3660
10208	4471
10208	95139
10208	5070
10209	53013
10210	9582
10210	8753
10210	67546
10210	33004
10210	47002
10210	8064
10210	8583
10210	99832
10210	14925
10210	54962
10210	15512
10211	26035
10212	87563
10212	17745
10212	30342
10212	14899
10212	30261
10212	50023
10213	1327
10213	92768
10213	38177
10213	9403
10214	85057
10214	85076
10214	87422
10214	87423
10214	5424
10214	42052
10215	3220
10215	76583
10215	2459
10215	3739
10216	88060
10216	10602
10216	58055
10216	8831
10216	8705
10216	12771
10216	37110
10216	54736
10216	76882
10216	104428
10216	104429
10217	98306
10218	10874
10218	89465
10218	43651
10218	33903
10219	52103
10219	46291
10219	918
10219	81886
10219	94476
10219	105599
10220	17956
10221	25559
10221	35809
10221	87559
10221	16523
10222	53992
10222	84906
10222	87475
10222	8035
10222	91129
10222	28894
10222	3376
10222	5995
10222	20868
10222	2775
10222	63898
10223	83624
10224	60757
10225	86061
10225	89741
10225	33879
10225	77043
10225	16798
10225	26701
10225	83552
10225	46290
10225	19924
10225	98426
10225	21703
10225	98427
10225	10806
10225	98428
10225	98587
10225	5292
10225	28537
10225	111968
10225	44
10225	16798
10225	22782
10225	100133
10226	82740
10226	46074
10226	93123
10226	11150
10226	9033
10226	77329
10227	53829
10228	1365
10228	98450
10229	19147
10230	45239
10231	5439
10231	73163
10231	12121
10231	76460
10231	10369
10231	88763
10231	18182
10231	7288
10231	20196
10231	5837
10231	77999
10231	42084
10231	6751
10231	60736
10232	5333
10232	92662
10232	36466
10232	8734
10233	75655
10233	93316
10233	1131
10233	14034
10233	94123
10233	97500
10233	91859
10233	31551
10233	4969
10234	84730
10234	59853
10234	74059
10234	9127
10235	3805
10235	92179
10235	29522
10235	46405
10235	7211
10235	45239
10235	81890
10236	83749
10236	88080
10236	95797
10236	16983
10236	10563
10237	20824
10237	19517
10238	14526
10239	89310
10239	7468
10239	50303
10239	22443
10239	99285
10239	1655
10239	120
10240	20421
10241	13501
10242	85586
10242	85722
10242	19425
10242	89394
10243	103391
10243	42194
10243	15526
10244	87792
10244	88082
10245	29123
10245	89671
10245	89695
10245	89696
10245	89712
10246	34412
10246	12052
10246	12694
10246	96876
10246	96877
10246	5387
10246	96897
10246	96975
10247	59603
10248	84484
10249	78207
10249	41396
10249	2143
10250	53865
10250	6242
10250	73482
10250	19847
10251	10407
10252	52287
10253	72665
10253	16753
10253	44230
10253	81085
10253	27743
10253	85684
10253	41270
10253	37364
10253	9426
10254	55863
10255	3548
10255	89684
10255	32293
10255	104185
10255	100962
10255	56517
10255	23761
10255	47013
10256	61242
10256	8525
10257	3870
10257	28326
10257	28833
10257	74127
10257	64852
10257	10504
10258	61242
10258	3364
10259	14155
10260	86514
10260	104
10260	86570
10260	86589
10260	43412
10260	4233
10260	711
10260	88724
10260	88847
10260	9127
10260	56204
10261	72495
10262	98080
10262	98092
10262	98093
10262	91409
10263	61491
10264	25575
10265	25678
10266	6052
10267	28050
10267	89882
10267	91210
10267	95534
10268	85854
10268	48210
10269	107277
10269	21513
10270	11477
10270	34729
10270	4597
10270	44471
10270	12377
10270	85891
10270	85893
10270	29753
10270	85336
10270	96637
10270	12347
10271	14588
10271	1337
10272	51089
10272	63042
10273	15036
10273	76466
10273	89798
10273	39978
10273	1846
10273	106141
10274	10281
10274	39991
10274	4972
10275	33927
10275	101357
10275	3895
10275	49682
10275	106081
10275	10267
10275	46258
10275	45363
10275	23784
10275	108826
10275	2320
10275	18841
10275	20120
10275	109214
10275	7301
10276	47250
10277	109904
10277	111592
10278	67096
10279	90618
10279	40744
10280	74017
10281	53427
10281	90102
10281	98134
10281	98135
10281	98136
10281	51564
10281	100985
10282	59571
10282	96691
10283	27734
10283	10607
10284	13208
10285	7482
10285	8938
10285	30455
10285	14026
10285	24293
10286	63757
10287	16875
10288	48318
10288	59767
10288	35370
10288	33977
10288	32917
10288	7745
10288	14313
10288	15865
10288	79146
10288	45876
10289	53581
10289	4909
10290	13133
10290	54904
10290	99977
10291	6355
10291	46290
10292	35740
10292	87223
10292	18484
10293	89616
10294	60597
10294	101858
10294	83005
10294	101902
10295	30004
10295	43628
10295	92584
10295	5723
10296	72999
10296	85788
10297	772
10298	98576
10298	103193
10298	103194
10298	103236
10298	24160
10298	108558
10299	22090
10299	2276
10299	48896
10299	36054
10299	87558
10299	85360
10299	14887
10299	4958
10300	71190
10300	74709
10300	16814
10300	2272
10300	101628
10300	104987
10300	10710
10300	106027
10300	911
10300	106347
10300	69120
10300	58002
10300	10123
10300	28894
10301	1306
10301	87142
10301	47011
10301	51915
10301	17713
10301	23405
10301	127
10301	100913
10301	101108
10301	20197
10302	60008
10303	21879
10303	101458
10303	101459
10304	50100
10304	4920
10305	91086
10305	103292
10305	111789
10306	849
10306	52434
10306	88652
10306	43409
10307	7953
10308	88134
10308	34607
10308	41277
10308	10253
10309	83274
10309	4444
10309	16555
10310	18133
10310	45771
10310	102633
10310	36585
10310	106608
10310	100897
10311	29561
10311	3494
10311	81390
10312	2279
10312	69568
10313	1585
10313	5540
10314	10986
10314	20791
10314	101962
10315	10359
10315	30629
10315	18536
10316	91816
10316	74446
10316	36121
10316	108710
10317	10625
10317	45921
10317	94245
10317	317
10318	38794
10319	52339
10320	84987
10320	43729
10320	34792
10321	6496
10321	10126
10321	95040
10322	45876
10322	6413
10322	94336
10322	7959
10322	71780
10322	9909
10322	1478
10322	43137
10322	70616
10322	7959
10322	38463
10322	63174
10323	21911
10324	41819
10325	3048
10325	89792
10325	86420
10325	1846
10325	97461
10325	101780
10325	5751
10325	3917
10325	22971
10325	101832
10325	101833
10325	37441
10325	21591
10325	553
10326	25928
10326	81886
10326	42644
10326	30711
10327	31453
10327	9871
10328	45239
10328	6732
10329	105871
10329	104364
10330	29251
10330	69244
10330	84642
10330	75943
10331	576
10331	70365
10332	44509
10332	98902
10333	7031
10334	15736
10334	10258
10335	86121
10335	19784
10336	89450
10337	90252
10338	18152
10338	88454
10338	45780
10338	88650
10338	88651
10338	88703
10338	34333
10338	14646
10338	108628
10338	93400
10338	108629
10338	6616
10338	20686
10338	87475
10338	71484
10338	110969
10339	89411
10339	45239
10339	58342
10339	14296
10339	62906
10339	92079
10339	78708
10339	33912
10339	101675
10339	29522
10339	19342
10339	16109
10339	7907
10339	71698
10339	109792
10340	83368
10341	69769
10341	35362
10341	7959
10341	50507
10341	6471
10341	23380
10341	19784
10341	87462
10341	12170
10341	711
10341	9749
10341	2808
10341	50507
10341	2775
10341	56517
10341	95449
10341	37327
10341	68940
10341	30029
10342	29125
10342	64447
10342	6148
10342	15087
10342	2216
10342	17022
10342	93358
10342	41236
10342	3329
10342	98840
10342	106289
10342	60652
10342	41588
10342	1959
10342	41013
10342	111189
10342	8287
10343	57631
10344	4826
10344	46340
10345	42988
10346	11849
10346	10932
10346	107741
10347	98450
10348	52795
10348	27848
10348	88270
10348	88271
10348	88272
10348	57379
10348	93851
10348	101604
10348	101606
10348	105192
10348	105193
10348	111611
10349	27095
10349	32347
10349	91183
10349	55614
10349	79657
10350	59834
10351	84150
10351	11652
10352	85085
10352	7288
10353	91905
10353	67122
10353	11007
10353	5845
10354	92747
10354	29947
10355	21117
10355	61687
10356	94868
10356	14217
10356	89994
10357	43604
10357	27327
10357	98010
10357	27327
10357	18854
10357	15211
10357	102043
10358	65942
10358	57738
10358	29210
10358	95102
10359	10227
10359	14816
10359	20699
10359	34667
10360	1397
10360	15099
10360	20896
10360	61023
10361	15452
10362	27598
10362	100856
10363	52060
10363	5028
10364	9400
10365	19558
10366	39447
10367	45239
10368	23292
10369	11105
10369	70222
10370	95645
10370	5117
10370	99032
10371	84700
10372	88838
10373	46358
10373	97142
10374	34334
10375	85615
10376	6782
10377	79841
10378	95488
10378	21998
10378	56450
10379	96024
10379	358
10379	71312
10379	10029
10380	98780
10380	98781
10380	4302
10380	4075
10380	47904
10380	20662
10381	87388
10381	107564
10381	107565
10381	30669
10381	107613
10382	42573
10383	32240
10383	7307
10384	94804
10384	51273
10384	3046
10384	95267
10384	4220
10384	8541
10384	16555
10384	95067
10385	12916
10385	85040
10385	19941
10386	83932
10387	91148
10387	47879
10387	17703
10387	103625
10387	283
10387	12427
10387	61389
10387	1586
10387	71315
10387	109970
10387	129
10387	57344
10388	84248
10388	92650
10389	96672
10389	13788
10389	108385
10390	2415
10391	70169
10391	199
10391	33276
10391	33903
10391	14778
10391	67619
10391	38335
10391	21762
10391	21516
10392	28050
10393	1455
10393	9458
10393	9332
10393	104673
10394	86038
10394	39610
10394	59103
10395	69591
10396	83768
10396	84138
10396	4615
10396	6630
10397	67877
10398	31907
10398	70174
10399	14434
10400	2224
10401	40097
10401	33220
10401	32104
10401	84780
10401	86016
10401	63971
10401	97093
10401	97108
10402	90394
10402	90395
10402	94813
10402	94814
10403	77918
10403	109934
10404	63283
10405	3977
10405	89479
10405	26628
10406	1207
10406	5396
10406	1633
10406	72859
10406	54237
10407	52549
10408	44787
10408	99810
10408	18332
10409	85025
10409	15685
10409	5393
10409	47257
10409	75
10409	85025
10409	74709
10409	5393
10409	23543
10409	89628
10409	34977
10410	46948
10411	7167
10411	94225
10411	83501
10411	10000
10411	25775
10412	50588
10413	4583
10413	44540
10413	41081
10413	105115
10413	88033
10413	46015
10413	108499
10414	54910
10414	89524
10414	28127
10415	1871
10415	10393
10415	3203
10415	23973
10415	2600
10415	11009
10415	43241
10415	83637
10415	8771
10416	92979
10417	10934
10417	97453
10417	97454
10417	58095
10417	307
10418	84633
10418	90390
10418	92459
10419	4318
10420	69292
10420	4187
10421	94936
10421	94392
10421	95166
10421	108212
10421	34816
10421	3813
10421	41013
10421	50359
10421	108236
10421	51253
10421	90000
10421	76272
10422	33522
10422	43937
10422	91535
10422	93508
10422	2690
10422	918
10422	67884
10422	9894
10422	22798
10422	101038
10422	16762
10422	6522
10422	57615
10422	4975
10422	84204
10422	5211
10422	28006
10422	108213
10423	28833
10424	90317
10424	101545
10424	101546
10425	992
10425	9739
10425	12388
10425	71273
10426	307
10426	2279
10427	52435
10427	576
10427	88235
10428	42165
10429	7437
10429	106245
10429	60868
10429	2224
10430	11274
10430	30087
10430	4969
10430	13779
10430	7907
10430	97576
10430	4539
10430	90775
10430	79733
10430	98713
10430	92584
10431	43329
10432	85529
10432	42884
10433	33879
10433	24817
10434	74657
10435	90692
10435	50418
10435	55142
10435	68942
10435	8942
10435	30693
10435	98774
10436	18985
10436	22671
10436	2277
10436	27019
10436	93647
10436	100690
10436	100728
10436	101338
10437	85829
10437	86705
10437	87188
10437	91980
10437	5614
10437	97961
10437	100308
10437	42075
10437	18681
10437	106851
10438	19634
10438	92946
10438	60197
10438	92953
10438	17136
10439	1881
10440	67720
10440	61694
10440	111110
10440	5726
10440	36892
10441	14786
10441	16798
10441	26687
10441	15790
10442	13171
10442	43910
10442	90663
10442	40373
10442	1215
10442	9190
10442	67531
10442	98840
10442	44805
10442	61079
10442	100001
10442	8267
10442	18985
10443	8717
10443	78421
10443	74638
10443	33725
10444	95876
10445	64133
10446	87652
10446	20621
10446	41732
10446	87795
10446	87796
10446	44933
10446	36247
10446	77846
10446	93449
10446	93450
10446	67603
10446	37761
10447	4970
10447	83289
10447	28537
10447	29813
10448	89921
10449	87418
10449	87419
10450	80415
10450	14806
10451	93123
10451	12036
10452	84975
10452	50846
10453	11847
10453	8738
10454	49256
10455	4145
10455	8406
10455	58644
10456	91240
10456	60008
10456	70418
10456	69215
10457	32127
10457	66292
10457	28461
10457	97897
10457	67345
10457	98553
10457	87298
10457	30397
10458	83844
10458	83851
10459	20547
10459	1207
10459	56483
10459	95081
10460	2548
10460	90927
10460	25886
10460	14147
10460	28833
10460	61423
10460	90479
10461	86300
10461	53829
10461	15726
10462	65814
10462	82942
10462	83079
10462	83080
10462	14549
10462	18475
10462	40106
10462	41022
10462	90732
10462	71058
10462	96538
10462	18532
10462	52065
10462	35020
10462	95194
10462	102616
10462	102627
10462	102638
10462	102639
10462	110552
10462	110553
10463	17026
10463	70977
10464	1433
10465	6616
10465	1310
10465	8173
10465	2224
10465	99631
10465	5109
10465	16484
10465	98749
10466	88739
10467	15682
10467	17414
10467	83552
10467	4711
10467	51934
10467	5695
10467	14299
10468	13045
10468	11193
10468	16555
10468	98747
10468	79403
10468	37781
10469	9518
10469	91300
10470	62593
10471	14408
10472	56011
10472	93140
10472	94362
10472	6571
10473	85662
10474	83920
10475	104765
10476	95314
10476	100447
10477	91295
10478	35283
10479	67685
10479	5074
10479	918
10479	23278
10480	50536
10480	88094
10480	77887
10481	20786
10481	54796
10481	7592
10481	34727
10481	18822
10481	106122
10481	106904
10481	26580
10481	693
10482	84058
10482	89573
10482	629
10483	17770
10483	19342
10483	35055
10483	711
10483	4747
10483	11810
10483	72069
10483	30200
10483	307
10483	10182
10483	69949
10483	67848
10484	61242
10485	87440
10486	84128
10487	2833
10488	90125
10488	7192
10488	25219
10489	1475
10489	83129
10489	42833
10489	32073
10489	31720
10489	9467
10489	4302
10489	96261
10490	21014
10490	43908
10490	97172
10490	93586
10490	97260
10490	97261
10490	97262
10490	69312
10490	97297
10490	97469
10490	55145
10490	104349
10490	27828
10490	106108
10491	83155
10491	21017
10491	23995
10491	94741
10491	100732
10492	5424
10492	127
10492	12408
10492	6035
10493	6280
10493	85259
10494	90102
10494	96156
10494	102746
10495	22233
10495	100022
10495	15709
10495	1432
10495	25563
10496	7412
10496	5481
10496	86745
10496	17499
10496	36340
10496	4995
10496	1633
10496	59140
10496	80855
10496	96013
10496	19394
10496	100148
10496	83726
10497	61507
10498	31955
10499	1551
10500	998
10500	6543
10500	14908
10501	6769
10501	39433
10501	68168
10501	6333
10501	58644
10501	12793
10501	32252
10501	78415
10501	55497
10501	74185
10502	90924
10502	68605
10502	4360
10503	87791
10504	307
10504	230
10504	9705
10504	5315
10505	84953
10505	110829
10505	58857
10505	111618
10505	80203
10505	111624
10506	70169
10506	34235
10507	91386
10507	91394
10507	92998
10507	87652
10507	45034
10507	96231
10507	104610
10507	104621
10507	104640
10507	10456
10507	107836
10507	2129
10507	24823
10508	26511
10509	89685
10510	77329
10510	95934
10510	97185
10511	83110
10511	89473
10512	33
10512	6003
10512	67546
10512	3220
10512	99960
10512	198
10512	38851
10512	86247
10513	30272
10513	4077
10514	25342
10515	5898
10515	9913
10515	57278
10515	44944
10516	43038
10516	4104
10517	91513
10517	92455
10517	75831
10517	104243
10518	9655
10518	10489
10518	95553
10519	89186
10519	89187
10519	70339
10520	32377
10520	89537
10520	5012
10521	49904
10521	60956
10521	53993
10521	98625
10522	59764
10522	91799
10522	45664
10522	9050
10522	21100
10522	80125
10522	27954
10523	41909
10523	74469
10523	77878
10523	2699
10523	5021
10524	45239
10525	98395
10525	98396
10526	76603
10526	3759
10526	52113
10526	95882
10526	95906
10526	97359
10526	41013
10526	40819
10526	38000
10526	54813
10526	100360
10526	100850
10526	14394
10526	100874
10526	52113
10526	3759
10526	105488
10527	6487
10527	77690
10527	90898
10528	19457
10529	101304
10529	80516
10530	93800
10530	37617
10530	7307
10531	1202
10531	7821
10532	87866
10533	12694
10533	7330
10533	98408
10533	98409
10533	36570
10534	12515
10534	5074
10534	111260
10535	37891
10536	83145
10536	84364
10536	95384
10537	100702
10538	21149
10538	102370
10539	9959
10539	335
10540	25538
10540	108532
10541	20463
10542	89719
10543	1846
10544	82966
10544	92317
10544	14682
10544	97025
10545	43303
10545	84037
10545	90505
10545	6804
10545	80838
10545	15788
10545	33054
10545	1306
10546	8943
10546	22102
10546	52520
10546	18784
10547	86805
10547	86806
10548	57287
10548	92915
10548	94695
10548	61866
10549	6148
10549	21272
10549	21317
10549	17904
10549	2114
10549	8287
10549	17122
10549	61366
10549	89415
10549	1225
10549	4412
10549	76370
10549	65649
10549	101129
10549	10265
10550	5093
10550	10140
10551	6434
10552	58644
10552	36934
10552	6950
10553	12427
10553	4639
10554	44924
10554	93237
10555	5424
10555	91196
10555	91659
10555	94616
10555	94617
10556	22855
10556	64227
10557	20202
10557	86028
10557	5610
10557	93533
10557	13912
10557	15637
10557	10605
10557	45335
10557	32975
10557	25491
10557	93934
10557	60487
10557	93935
10557	56556
10557	12224
10557	29314
10557	2602
10557	100912
10557	99856
10557	48551
10557	32270
10557	73506
10558	1961
10558	61969
10558	29753
10558	42027
10559	84861
10559	84862
10559	38099
10559	89224
10559	39783
10559	107378
10559	6554
10559	77571
10559	111581
10559	98200
10560	64735
10560	14150
10560	12822
10560	10453
10560	576
10560	18142
10561	110316
10562	14546
10563	42644
10563	95187
10563	95761
10563	20360
10563	524
10563	104580
10563	104963
10563	107040
10563	29585
10563	107142
10563	61764
10563	42097
10563	107923
10563	27683
10563	17419
10563	68438
10563	26188
10564	7116
10565	106132
10565	2314
10565	67756
10566	97778
10567	82978
10567	60371
10567	95
10567	5619
10567	87159
10567	12196
10567	92739
10567	9246
10567	32376
10567	42220
10567	25195
10567	13161
10567	93799
10567	93838
10567	64638
10567	12010
10567	58244
10567	15480
10567	3046
10567	101384
10567	19241
10567	104062
10567	104063
10567	29534
10567	3038
10567	104099
10567	16166
10567	106478
10567	36873
10567	107182
10567	107183
10567	3046
10567	86082
10567	22612
10567	91682
10568	87728
10568	87751
10568	78567
10568	31900
10569	14810
10569	44944
10569	88163
10569	10395
10569	96402
10569	79569
10569	29870
10569	40995
10569	54903
10569	26919
10569	8259
10569	58392
10569	36423
10570	45795
10570	66894
10571	87012
10571	15836
10571	90783
10571	96467
10571	97037
10572	18392
10572	29306
10572	73039
10572	47017
10572	21790
10572	100949
10572	100965
10572	101046
10572	64704
10573	44602
10573	29855
10574	1328
10575	87762
10575	92306
10575	9009
10575	37467
10575	95684
10575	55324
10575	46862
10575	45251
10575	30647
10575	25759
10575	100504
10575	8882
10575	100558
10575	9776
10575	67340
10575	57249
10575	103690
10576	28537
10577	93037
10577	93186
10577	94040
10578	78109
10579	55038
10579	57353
10579	16145
10580	12631
10581	96729
10581	96730
10582	103682
10582	106730
10582	106731
10583	4422
10584	21472
10584	86954
10584	87482
10584	87483
10584	99224
10585	51312
10585	46755
10586	1722
10587	26569
10587	104873
10588	3718
10588	89597
10588	82640
10589	11796
10590	6103
10591	86387
10591	85289
10591	55928
10592	109736
10592	34635
10593	82873
10594	100783
10594	40762
10594	83245
10594	49936
10594	105666
10594	107638
10594	107660
10595	18996
10595	51754
10595	93415
10595	11909
10596	15957
10596	20446
10596	33189
10596	97468
10596	83437
10597	2840
10597	62176
10597	101025
10598	34262
10598	86356
10598	21612
10599	38117
10600	73371
10600	21594
10601	95877
10601	20978
10601	25165
10602	39877
10603	6782
10603	16106
10603	98211
10603	175
10603	32192
10603	2277
10604	16378
10604	14494
10605	89355
10606	12307
10606	4513
10606	87265
10606	87321
10606	42877
10606	97733
10606	97755
10606	97945
10606	83136
10606	37816
10606	107446
10607	77243
10607	14962
10608	31006
10609	46720
10609	36308
10609	14267
10609	73202
10609	84873
10609	5070
10609	20098
10609	50303
10609	39774
10609	43607
10609	5901
10609	2052
10609	110333
10609	5991
10610	26802
10610	16522
10610	80790
10610	3883
10610	67848
10611	56204
10612	22561
10612	90066
10613	87696
10613	88329
10613	89612
10613	77082
10614	97004
10614	72494
10615	56204
10616	50156
10616	4372
10616	99148
10616	99247
10616	7843
10616	105814
10616	33248
10617	2079
10617	5755
10618	68274
10618	1777
10618	42308
10618	18854
10618	21216
10618	89909
10618	14285
10619	92390
10619	92474
10620	41013
10620	11847
10621	42089
10621	27588
10622	88990
10623	106940
10623	108898
10623	2471
10624	21599
10624	23134
10624	4059
10624	34157
10624	55142
10624	36173
10624	77630
10624	50671
10625	58452
10625	5804
10626	56622
10626	46239
10626	11279
10626	34727
10626	46239
10626	42212
10626	19173
10626	35599
10626	86845
10626	34946
10626	69591
10626	10258
10626	1749
10626	86952
10626	42143
10626	75112
10626	87042
10626	12389
10626	81720
10626	12226
10626	13248
10626	54796
10626	35599
10626	34946
10626	33977
10626	9329
10627	97174
10627	22457
10627	38799
10628	95048
10629	55181
10630	86912
10631	47896
10631	57547
10632	9549
10632	83369
10632	6685
10632	84259
10632	84725
10632	85531
10632	85539
10632	85560
10632	9549
10632	23327
10632	6685
10632	28527
10632	44581
10632	71890
10632	80220
10632	70504
10632	19200
10632	48844
10633	21369
10633	24982
10633	84431
10633	23590
10634	365
10634	30445
10634	8738
10634	104913
10635	1397
10635	8270
10635	4318
10635	5424
10635	8330
10636	23851
10636	10589
10636	89440
10636	53865
10636	90241
10636	91461
10636	15153
10636	1280
10636	40994
10636	47145
10636	10259
10637	16774
10638	307
10639	46665
10639	89230
10639	6262
10640	83468
10641	94704
10641	74824
10642	74981
10642	24483
10643	55705
10643	90694
10644	32068
10644	35479
10644	91505
10644	24432
10644	50458
10644	6899
10644	44869
10644	52973
10645	10013
10646	9333
10646	14207
10646	45239
10646	230
10647	64855
10647	55760
10647	26879
10647	22502
10647	86767
10648	91240
10648	1403
10648	93272
10648	86332
10648	45857
10648	43503
10648	99124
10649	87929
10650	71649
10650	83627
10650	81949
10650	1576
10650	93854
10650	93855
10650	94898
10651	96289
10652	39110
10652	74121
10652	84454
10652	73148
10652	8073
10652	15285
10653	120
10654	21448
10655	36093
10655	8636
10655	88518
10655	94016
10656	90959
10656	90975
10656	1799
10656	1822
10656	92597
10657	56204
10658	84045
10658	74153
10658	90484
10658	52566
10658	93560
10658	51738
10658	91116
10658	3211
10659	85931
10660	21461
10660	8382
10660	89386
10660	41013
10660	434
10661	37930
10662	14559
10662	37312
10663	7433
10663	38454
10664	105074
10664	36314
10664	110517
10665	87687
10665	43810
10665	100106
10666	88040
10666	88041
10667	5211
10668	106362
10668	5930
10669	1920
10669	307
10669	4104
10669	67877
10670	68982
10670	89994
10671	9948
10671	13658
10671	88736
10671	88859
10671	11833
10671	29129
10671	4304
10671	5641
10671	27279
10672	9467
10673	27851
10673	74393
10673	16798
10673	40450
10673	25083
10673	52862
10674	20166
10674	1542
10674	89477
10674	91439
10674	20979
10674	91458
10674	91460
10675	56011
10676	85511
10676	85532
10676	85871
10676	85985
10676	2028
10676	31337
10676	42728
10677	42644
10677	84038
10677	97674
10677	11473
10677	19951
10678	95056
10679	2872
10679	1634
10680	21317
10680	78045
10680	69617
10680	92783
10680	17918
10681	47952
10681	5898
10681	72893
10681	44983
10681	102405
10681	66509
10681	102407
10682	1475
10683	88986
10684	96978
10685	91040
10686	65074
10686	73973
10687	89787
10687	80349
10687	2581
10687	30445
10687	1750
10687	89900
10687	79462
10687	10407
10687	98919
10688	86425
10689	94221
10689	31327
10689	94216
10689	44961
10689	105510
10689	15297
10689	105805
10689	2499
10689	35582
10690	62176
10690	52125
10690	91546
10690	91610
10690	62176
10690	96363
10690	38516
10690	70834
10690	103735
10690	14020
10690	42249
10690	104419
10691	8504
10691	6652
10691	69904
10692	30367
10693	89482
10693	89483
10693	21546
10693	65676
10694	1306
10695	24521
10696	63507
10696	2216
10696	21555
10696	1306
10697	93393
10697	100945
10697	8403
10697	51828
10697	106325
10697	56936
10697	106326
10697	106444
10697	106445
10697	20527
10697	79793
10697	108762
10697	108763
10697	280
10697	108811
10698	89798
10698	46210
10699	88318
10699	45702
10699	98477
10699	1825
10699	32958
10699	69829
10699	12939
10699	105205
10699	108788
10699	18844
10699	108868
10699	111393
10700	6462
10700	88639
10701	19903
10702	83186
10703	30759
10703	8394
10703	2808
10704	25824
10704	54813
10705	83345
10706	102762
10707	88276
10707	88808
10707	2206
10708	3358
10708	21577
10708	5845
10708	83356
10709	24868
10709	57677
10709	14248
10709	42858
10710	60900
10710	92001
10711	93114
10711	100621
10712	89123
10712	89124
10712	89125
10712	89152
10713	4692
10713	92885
10713	6410
10714	48137
10714	3380
10714	92042
10714	92286
10714	94341
10714	101947
10714	36589
10715	36048
10715	86640
10715	29058
10715	86558
10715	10070
10715	52459
10716	28126
10716	17328
10716	95562
10716	83584
10717	88559
10718	19622
10718	94358
10719	87976
10720	28168
10720	57262
10720	91275
10720	93520
10720	98448
10720	74150
10720	98463
10720	98464
10720	98483
10720	58950
10720	101198
10720	105403
10720	109506
10721	26761
10722	2637
10722	96778
10722	96833
10722	96834
10723	90241
10723	29097
10723	17254
10723	15312
10723	27802
10723	25085
10724	94136
10725	29876
10725	46427
10725	18593
10725	14721
10726	29125
10727	94658
10728	32529
10728	15000
10729	10996
10730	5869
10730	12210
10730	101418
10731	22084
10732	57516
10732	89731
10732	469
10732	89771
10732	90986
10732	90784
10732	91003
10733	45719
10733	319
10733	1287
10733	612
10733	5843
10734	48989
10734	92155
10735	83909
10735	36156
10735	4033
10735	5251
10736	41576
10737	307
10738	27475
10738	66929
10738	101559
10738	16555
10738	72069
10738	103462
10738	95439
10738	27236
10738	105754
10738	59902
10739	95921
10739	86230
10739	97452
10739	74728
10739	100836
10739	101358
10739	75966
10739	825
10740	83672
10740	4248
10741	80581
10742	20166
10742	71863
10743	90377
10744	101189
10744	90368
10744	69430
10744	8244
10744	34299
10744	51329
10744	44410
10744	101831
10744	77329
10744	37807
10744	102034
10744	91137
10744	102049
10745	83065
10746	87505
10746	87513
10746	87514
10746	87802
10746	22329
10746	106794
10746	28297
10746	13953
10747	21672
10748	84286
10748	84332
10748	61687
10748	68032
10748	94410
10749	37941
10749	88876
10749	88897
10749	88898
10749	61694
10749	70648
10749	3560
10749	21444
10750	37564
10750	72268
10750	7496
10750	95924
10750	96716
10751	91901
10752	59719
10752	42920
10752	278
10752	57472
10753	10787
10753	14740
10753	80703
10753	57214
10753	4318
10753	96498
10754	83101
10754	22281
10755	7273
10756	43539
10756	25222
10756	16406
10756	80992
10756	83289
10756	46818
10756	5700
10756	6434
10756	66116
10757	15825
10757	4818
10757	127
10757	7920
10757	61871
10758	87883
10758	95133
10758	75098
10758	99277
10758	100216
10758	100217
10759	35270
10759	1207
10760	86171
10760	54099
10760	41419
10761	72011
10762	10072
10762	17414
10763	89075
10763	86083
10763	89076
10763	89371
10763	89499
10763	9046
10763	21030
10763	102081
10763	53936
10763	59051
10763	11062
10763	102116
10763	102117
10763	29083
10763	15809
10763	50237
10764	28126
10764	96653
10765	51761
10765	8704
10765	16812
10766	59838
10766	88563
10766	88564
10766	53495
10766	92202
10766	11947
10766	104575
10767	83361
10767	83752
10767	89711
10767	89717
10767	92733
10767	95552
10767	99157
10767	108874
10767	108875
10768	92685
10768	92686
10769	10278
10770	88928
10770	48602
10770	89798
10770	19303
10770	45403
10770	1287
10770	31074
10770	99514
10770	31043
10770	99525
10770	78047
10770	8035
10770	67627
10770	4007
10771	91322
10772	9106
10773	85327
10774	77250
10775	25435
10775	3099
10775	3695
10775	69903
10775	93107
10776	3621
10776	49616
10776	91748
10777	94162
10778	14255
10778	15140
10778	24823
10778	97033
10779	34316
10779	5145
10779	90291
10779	10973
10779	19872
10779	76642
10779	90304
10779	43547
10779	93006
10779	93007
10779	93008
10780	16753
10781	80368
10781	54813
10781	88877
10781	54041
10781	603
10781	61242
10781	40441
10781	15980
10781	43914
10781	74840
10782	5898
10782	30622
10783	11007
10783	86569
10783	98450
10783	20393
10783	149
10783	101812
10784	69591
10784	27673
10785	84600
10786	50593
10787	12921
10787	15925
10787	13930
10787	5424
10787	17125
10787	101424
10788	27475
10788	5863
10789	28537
10789	5946
10789	15379
10789	87476
10789	87304
10790	23429
10790	91820
10790	42876
10790	91866
10791	41857
10791	1961
10791	1207
10791	11257
10791	81473
10791	78822
10791	97699
10791	97700
10791	49198
10792	41097
10793	48615
10794	36751
10794	88929
10795	21113
10795	88637
10795	96756
10795	96769
10795	14646
10795	99283
10796	8635
10797	15534
10797	79406
10797	76184
10797	73956
10797	16588
10797	8016
10797	78827
10797	5093
10797	78679
10797	80380
10797	18643
10797	105671
10797	16148
10798	91739
10798	92425
10799	83222
10799	54973
10799	83223
10799	83249
10799	83250
10799	96524
10799	112242
10799	88672
10800	11745
10800	54420
10800	88390
10800	94698
10800	94699
10800	3707
10800	99530
10800	99531
10800	36096
10800	14335
10800	78433
10800	64506
10800	103979
10800	23924
10800	79653
10800	104049
10800	25454
10800	36464
10801	307
10802	24421
10802	21792
10802	36071
10802	440
10803	71536
10803	5721
10803	25655
10803	95252
10803	5967
10803	103534
10803	79160
10804	28537
10804	918
10805	33054
10806	37307
10806	82176
10807	86752
10807	102978
10807	66873
10807	102979
10808	85631
10809	34071
10809	98688
10810	25409
10810	89471
10810	65688
10811	62956
10812	69573
10812	13148
10812	60435
10813	24188
10813	24496
10814	68975
10814	15091
10815	62220
10815	8821
10816	2216
10816	24801
10816	41013
10817	21839
10817	50751
10817	94845
10818	100533
10818	55369
10818	19570
10818	100617
10819	55349
10820	104482
10820	50712
10820	112216
10820	45974
10820	53369
10820	17450
10820	10407
10821	101143
10821	101144
10822	43433
10822	72011
10823	73585
10823	23891
10823	21852
10823	33088
10823	24323
10823	75526
10823	92734
10824	65244
10824	13393
10824	11610
10824	7002
10824	28833
10825	80679
10826	17797
10826	17164
10826	7307
10826	32514
10826	9228
10826	49491
10826	73004
10826	83239
10826	15033
10826	83862
10826	84041
10826	73604
10826	57388
10826	17797
10826	6672
10827	89031
10827	60951
10827	89607
10827	100198
10827	47422
10827	374
10827	34
10827	111475
10827	111489
10827	100198
10828	88751
10828	24153
10828	88966
10829	61242
10829	12408
10829	76039
10829	7988
10829	102655
10829	3465
10830	83822
10830	83847
10830	94439
10830	94873
10830	81974
10830	94878
10830	95096
10830	73798
10831	15530
10832	40748
10832	43445
10832	91160
10832	102022
10833	7386
10833	39361
10834	10668
10835	40499
10836	16022
10836	76061
10837	14328
10838	16903
10838	13413
10839	86780
10839	81301
10839	86110
10839	4073
10839	86782
10839	64006
10839	31115
10839	86868
10839	83739
10839	90617
10839	4428
10840	56204
10840	8556
10840	56011
10841	85405
10842	56204
10842	3863
10843	93607
10843	95810
10844	60984
10844	55734
10844	91901
10844	73148
10844	86983
10844	101906
10844	28252
10844	101946
10844	81112
10845	24266
10845	12943
10846	83146
10846	4872
10846	27095
10846	33275
10847	91231
10847	11608
10848	86875
10848	99902
10848	99905
10848	79878
10848	15529
10849	14252
10850	96236
10850	10072
10851	15648
10851	109119
10851	109156
10852	30157
10852	16409
10852	73372
10852	58989
10852	34826
10852	75116
10852	7129
10852	29191
10852	84675
10852	19615
10852	84817
10852	58989
10852	4026
10852	55040
10852	14603
10852	16408
10852	99706
10852	32397
10853	2653
10853	16555
10854	5844
10854	69235
10854	11473
10855	85134
10855	85135
10855	5391
10855	85137
10855	56829
10855	23962
10855	104368
10855	111355
10855	111995
10855	13350
10855	82213
10856	86430
10856	59291
10856	99978
10857	2908
10857	4261
10858	6405
10859	307
10859	89394
10860	98937
10860	6161
10860	101782
10861	55098
10861	10906
10861	2949
10862	64163
10862	81434
10863	52598
10864	6167
10864	71863
10864	91129
10865	84803
10865	6410
10865	84846
10865	127
10865	42492
10865	4223
10865	102438
10865	112298
10866	16396
10866	15674
10867	84145
10867	43602
10868	43291
10868	85672
10869	77887
10869	82740
10869	47938
10869	3507
10870	89423
10871	102079
10872	86350
10872	22233
10872	59948
10872	85040
10872	65088
10872	80954
10872	6236
10872	76697
10872	100817
10873	26557
10873	9148
10874	6265
10875	86080
10876	1908
10877	74405
10877	18353
10877	48896
10877	36669
10877	28142
10877	65764
10878	72307
10878	7589
10879	59785
10879	95209
10879	95210
10879	101567
10879	4758
10879	3568
10879	37370
10880	41898
10881	41550
10881	44769
10882	95309
10882	40624
10882	10005
10882	15327
10883	103347
10883	111701
10883	32776
10884	41697
10885	86436
10885	87132
10885	89155
10885	89836
10886	42622
10886	101468
10886	15806
10886	101601
10886	110026
10886	8083
10887	10724
10888	34072
10888	7521
10889	2597
10889	80661
10889	4765
10890	16058
10890	85620
10890	89945
10890	19192
10890	5174
10890	78017
10890	89815
10890	85299
10890	61068
10890	18133
10890	42949
10890	106862
10890	85480
10891	16753
10891	49906
10891	1564
10891	14090
10891	230
10891	9527
10891	61383
10891	95186
10891	14090
10891	27584
10892	49114
10892	7190
10893	102842
10894	88833
10895	99338
10896	33773
10897	22026
10897	63904
10898	85559
10899	85125
10899	9050
10899	28164
10899	24610
10899	50995
10899	24876
10899	98609
10899	34472
10899	31760
10900	14567
10900	29807
10900	53829
10901	76536
10902	32119
10902	88669
10902	81834
10903	407
10904	30245
10905	84450
10906	72011
10907	7600
10907	93865
10908	18093
10908	8485
10908	89826
10908	55788
10908	72688
10908	89887
10908	11048
10908	9166
10909	59359
10909	56204
10910	19446
10910	85920
10910	86160
10910	13443
10910	87596
10910	65262
10910	83792
10910	88265
10910	34388
10911	14090
10911	5424
10911	76845
10911	307
10911	772
10911	15316
10911	25972
10911	72322
10911	90974
10911	95203
10911	109500
10912	73764
10913	4657
10913	89093
10913	33348
10913	75122
10913	19802
10913	57666
10913	34010
10914	47
10915	89247
10916	15727
10916	2354
10917	89418
10918	72527
10918	22820
10919	101610
10920	97047
10921	89765
10922	5251
10923	27734
10923	45712
10923	4949
10923	67283
10924	67782
10924	16874
10924	42631
10925	15033
10925	27194
10925	7096
10925	4949
10926	76337
10926	412
10926	15796
10926	23829
10926	26199
10926	7048
10926	61640
10926	17802
10926	84639
10926	4692
10926	41675
10926	1742
10926	7031
10926	78017
10927	92337
10927	43875
10928	91492
10928	235
10928	64455
10929	1374
10930	61242
10931	6924
10931	72290
10932	18256
10932	83987
10933	90165
10934	8856
10934	3739
10935	42572
10936	31053
10937	1112
10937	2276
10938	21137
10938	54169
10938	35740
10938	8358
10938	53066
10938	6535
10938	83496
10938	26221
10938	64456
10938	68602
10938	34881
10938	75398
10938	12916
10938	63314
10938	53209
10938	68148
10938	53066
10938	101778
10938	19861
10938	63314
10938	45052
10938	62549
10939	31282
10939	41241
10939	43412
10939	25562
10939	6397
10939	2604
10940	41763
10940	70412
10940	82013
10940	47848
10941	29060
10942	85347
10942	1397
10942	6147
10942	3820
10942	32990
10942	31297
10942	14328
10943	7164
10944	63558
10944	92812
10945	56204
10946	3203
10947	84856
10947	20732
10947	6825
10948	89555
10948	4846
10948	84616
10949	50798
10949	84134
10949	84136
10949	61460
10949	87317
10949	87369
10949	87385
10949	88834
10949	88835
10949	45543
10949	10804
10949	61450
10949	107616
10950	92531
10950	72379
10950	94148
10950	97603
10950	97604
10950	8855
10950	27520
10950	106493
10950	106494
10950	106579
10950	109062
10950	109063
10950	109064
10950	109172
10950	109188
10950	109189
10951	26161
10951	84563
10951	19142
10951	88346
10951	31955
10951	8418
10951	10823
10951	84563
10951	40319
10952	53865
10952	59817
10953	1297
10953	5901
10953	93918
10954	11986
10954	24800
10955	56204
10956	3813
10956	878
10957	89203
10958	77601
10958	90204
10958	90218
10958	90361
10959	50698
10959	30745
10959	96494
10959	101251
10959	35700
10959	112123
10960	44263
10961	81112
10962	96045
10962	14098
10962	16695
10963	25254
10963	42868
10963	104701
10964	18
10965	42003
10966	1810
10966	89376
10966	86558
10966	68659
10967	1564
10967	89814
10967	69292
10967	25928
10967	15871
10967	91929
10967	97484
10968	22178
10969	12175
10969	34816
10969	9190
10969	52546
10969	7483
10969	42726
10969	11862
10970	66292
10970	16599
10970	73980
10970	3278
10970	4513
10970	31259
10970	83136
10970	76272
10971	319
10972	75526
10973	44809
10973	98420
10973	38028
10974	27423
10975	3932
10975	319
10975	11897
10975	15981
10975	2222
10975	25436
10975	85066
10976	780
10977	84497
10977	84579
10977	55217
10978	83472
10978	85226
10978	63914
10979	56204
10979	15777
10979	13758
10979	101216
10979	105790
10979	26536
10979	46243
10979	33674
10980	11007
10980	8635
10980	98318
10981	2279
10982	87647
10982	87675
10982	101405
10982	101409
10982	102752
10982	65286
10983	23154
10984	83289
10984	14560
10984	100421
10984	73553
10984	14026
10984	100871
10984	2040
10984	100891
10984	48250
10984	95234
10984	45525
10984	9032
10984	30749
10984	96969
10984	19153
10985	16850
10986	434
10987	22701
10988	6264
10988	94113
10989	103635
10989	104714
10989	105615
10989	75083
10989	77226
10989	22274
10990	23948
10990	50271
10990	84740
10991	44754
10992	84157
10992	14207
10992	28942
10993	88735
10993	90163
10993	18144
10993	330
10993	43709
10993	57777
10993	108505
10993	73679
10993	108888
10994	47
10995	83201
10996	62315
10996	55207
10997	49941
10997	65771
10997	84555
10997	94821
10997	19194
10997	49941
10997	6167
10997	4039
10997	13938
10997	8116
10997	5424
10997	14180
10997	1111
10997	71012
10998	96530
10999	43540
10999	87561
10999	32214
10999	29442
11000	26098
11001	1403
11002	98606
11002	25262
11002	98655
11002	98697
11003	87412
11003	2160
11003	30547
11003	101817
11004	4692
11005	54040
11006	95535
11006	100199
11007	29020
11007	38129
11007	13335
11007	4187
11007	21837
11007	6173
11008	993
11008	37342
11008	54803
11008	91859
11009	95436
11009	96679
11009	96707
11009	96838
11009	96839
11009	96959
11009	18347
11009	103354
11010	55985
11010	25640
11011	100828
11011	101002
11012	5424
11012	4657
11013	32542
11014	25300
11014	101600
11015	83933
11015	19252
11015	84123
11015	84158
11015	88814
11015	83611
11016	4710
11016	59092
11017	398
11017	214
11017	87813
11018	87836
11018	19949
11018	93580
11018	89778
11018	85111
11018	96016
11019	77697
11019	16992
11020	17205
11020	12008
11020	93408
11020	104739
11020	12008
11020	22313
11021	68515
11021	69292
11021	6441
11021	78017
11021	45771
11022	82600
11023	38597
11024	33263
11024	11968
11025	17609
11025	82923
11026	15493
11027	56675
11028	16366
11028	7345
11029	45593
11029	83784
11029	83804
11029	1656
11029	22841
11029	43916
11029	88846
11029	38793
11029	90188
11029	90194
11029	90239
11029	90240
11030	109056
11031	4642
11031	77236
11032	4663
11033	8870
11034	80242
11034	1544
11034	35549
11035	26777
11035	73381
11036	88436
11036	1011
11036	15279
11036	101638
11036	54442
11036	24823
11036	65839
11036	5602
11036	83987
11036	137
11037	63517
11037	1070
11038	85685
11038	564
11038	12370
11038	745
11039	80198
11040	45692
11040	60693
11041	14375
11041	761
11041	19424
11042	10123
11043	94308
11044	86964
11044	86965
11044	86966
11044	30271
11044	87087
11044	87088
11044	87171
11044	87218
11044	38363
11044	2268
11044	89296
11044	70795
11044	86965
11045	68486
11046	39699
11047	84464
11047	78392
11047	6103
11047	9629
11048	89970
11048	26474
11048	89994
11048	81864
11049	11473
11049	412
11050	16629
11050	67877
11051	20677
11051	75333
11051	27381
11051	1794
11051	37004
11051	102372
11051	85
11051	102378
11052	4909
11052	18416
11053	51759
11053	11023
11053	22391
11054	83741
11054	85931
11054	97711
11054	97758
11054	97759
11054	103437
11054	67212
11055	24719
11055	10464
11056	27745
11057	30838
11057	9058
11057	73886
11057	74220
11057	86020
11057	88999
11057	72969
11057	1287
11057	23358
11057	63249
11057	50530
11057	96371
11057	102257
11057	102343
11057	102344
11057	106321
11057	18836
11057	106490
11057	83592
11058	72011
11058	78175
11058	51795
11059	34071
11060	55510
11060	67389
11060	3810
11061	89910
11061	2761
11061	90298
11061	93194
11061	11129
11061	96280
11061	12790
11061	100680
11061	38836
11061	12961
11061	90859
11061	105327
11062	86104
11062	110787
11063	22467
11063	76971
11064	28470
11064	4970
11064	45239
11064	83488
11064	4934
11064	29807
11064	89790
11064	62033
11064	5214
11065	61762
11065	102011
11066	65058
11066	26860
11066	33850
11066	19057
11066	107808
11067	84946
11067	84968
11067	84969
11067	38292
11067	84989
11067	42754
11067	85004
11067	85005
11067	85006
11067	13732
11067	85007
11067	85299
11067	85300
11067	763
11068	30594
11069	22333
11070	8330
11070	109228
11070	22736
11071	5859
11071	39509
11071	100873
11071	11402
11071	92245
11071	27808
11072	85081
11073	56011
11074	45850
11074	89892
11075	230
11075	1920
11075	45239
11075	307
11075	22276
11075	86287
11075	57939
11075	71514
11075	68761
11076	89282
11077	88623
11077	88781
11077	80278
11078	72011
11078	5683
11078	71607
11079	8757
11079	1306
11079	2201
11079	26206
11079	101867
11079	83987
11079	101798
11079	84001
11079	102989
11079	10278
11079	78822
11079	39333
11079	103029
11079	5292
11079	1310
11079	10343
11079	37963
11080	89820
11080	10253
11080	77684
11080	87464
11080	61500
11080	90201
11081	41871
11081	38969
11081	26701
11081	24620
11081	40325
11082	72154
11083	86037
11083	94459
11083	94534
11084	82489
11084	49912
11084	87874
11084	65633
11085	11998
11086	41974
11087	12210
11087	41221
11087	94335
11087	98593
11087	71586
11087	58300
11087	37295
11087	90445
11088	89331
11088	89384
11088	89385
11088	89387
11089	39892
11089	85119
11089	85120
11090	38277
11090	22980
11090	2338
11090	92576
11091	9524
11092	88062
11092	88063
11092	91678
11093	21530
11093	97067
11093	35027
11093	99354
11094	77135
11094	10548
11094	10009
11094	23995
11094	1368
11094	100224
11094	89180
11094	99489
11094	111710
11095	51310
11095	90151
11095	6429
11095	10344
11095	6732
11096	2873
11097	87001
11097	58729
11097	50952
11097	99345
11097	27257
11097	112107
11098	35643
11098	56084
11098	8255
11099	3319
11099	67075
11099	14887
11099	17594
11099	81901
11099	60094
11099	41036
11099	8532
11099	91431
11099	60910
11100	8255
11101	101171
11101	105272
11102	6721
11103	66933
11104	84334
11105	89757
11105	89757
11106	398
11107	81219
11108	37295
11108	96880
11108	6441
11108	67411
11108	1111
11109	88688
11109	88704
11109	90017
11109	90032
11109	62525
11109	55470
11110	65867
11111	2256
11111	6737
11111	54899
11111	10894
11112	40634
11112	83936
11113	52950
11113	13799
11114	89740
11114	52658
11115	24954
11116	89358
11116	10786
11116	72712
11116	84830
11117	62792
11118	87661
11119	83129
11119	7687
11119	398
11119	29060
11119	7389
11119	61242
11119	11997
11119	10258
11119	1475
11119	14255
11119	17000
11119	107710
11119	3805
11120	66810
11121	58115
11121	105625
11122	27990
11122	307
11122	73950
11122	67877
11123	11433
11123	3932
11124	8940
11125	98540
11125	1908
11126	89952
11127	19924
11127	44309
11127	96225
11127	40403
11127	37057
11128	97331
11128	81866
11128	10227
11128	97412
11128	63507
11129	6732
11129	108267
11129	52435
11129	2465
11129	72815
11129	108683
11129	58006
11129	37563
11129	844
11129	4747
11129	27812
11130	4958
11130	9367
11130	30508
11131	34371
11131	11327
11132	25262
11132	6825
11133	62033
11133	99714
11133	56253
11134	22626
11134	78428
11135	86173
11136	53162
11136	38099
11137	45584
11137	100638
11137	100806
11137	98242
11137	107684
11138	61242
11138	7239
11138	50640
11138	29047
11138	84515
11138	12030
11138	76094
11138	30523
11139	34667
11139	18182
11139	307
11140	35550
11140	31494
11140	19558
11140	89240
11140	47683
11140	84599
11140	5922
11140	78663
11140	190
11140	101823
11140	12210
11140	4536
11141	1225
11141	33269
11141	44594
11141	107650
11141	28892
11141	32167
11141	18953
11141	9190
11141	56515
11141	6949
11141	5290
11142	14798
11142	20166
11142	6242
11143	75724
11143	101165
11143	80346
11143	29497
11144	4318
11145	11
11145	5424
11145	50148
11146	95199
11146	47728
11146	61709
11146	33610
11146	8408
11146	95286
11146	98153
11146	100713
11146	100714
11146	101511
11147	5811
11147	18217
11147	34727
11148	94124
11148	3560
11149	92730
11150	12210
11150	84826
11150	72011
11150	86246
11150	86125
11150	30975
11150	99432
11150	37696
11150	27342
11150	8533
11150	101617
11151	84538
11151	89636
11151	70728
11152	86253
11152	2225
11152	76350
11152	28148
11152	15713
11152	45715
11152	93869
11152	518
11153	84192
11153	90042
11154	6971
11155	43602
11155	101812
11156	74511
11157	10449
11158	70016
11158	84253
11158	16753
11158	18133
11158	57868
11158	3136
11159	84530
11159	32073
11160	90418
11160	76826
11161	41966
11161	103994
11161	54699
11161	30598
11161	6976
11162	83300
11162	98311
11162	98634
11163	10975
11164	47312
11164	35211
11164	84035
11164	20677
11164	84054
11164	24005
11164	84055
11164	7706
11164	44277
11164	84072
11164	30004
11164	46319
11164	82165
11164	84549
11164	8504
11164	72550
11164	70131
11164	35664
11164	75238
11164	38414
11164	85475
11164	46989
11164	18836
11164	358
11164	70274
11164	75373
11164	22114
11164	76420
11164	90037
11164	71282
11164	78325
11164	19800
11164	79958
11164	29553
11164	26435
11164	25490
11164	19079
11164	4441
11164	47312
11164	54432
11164	61353
11164	104974
11164	36370
11164	90708
11164	9409
11164	3908
11164	70131
11165	52435
11166	24658
11166	5399
11166	5615
11166	61318
11166	1892
11166	1846
11166	101559
11167	8330
11168	87477
11168	87477
11169	38829
11169	25551
11169	18069
11169	553
11169	5214
11169	104503
11169	6083
11169	106965
11169	7068
11169	14897
11170	88586
11170	35523
11171	90067
11172	31650
11172	11764
11172	2188
11172	10738
11173	29256
11173	33409
11174	3932
11175	3805
11175	1299
11176	19478
11176	11477
11176	98110
11176	63135
11176	74371
11176	98424
11177	11411
11178	87095
11178	54971
11178	68291
11178	15858
11179	84815
11179	3864
11180	22773
11180	84025
11180	84051
11180	84519
11180	13416
11180	87977
11180	780
11180	8738
11181	81085
11182	4513
11182	11761
11182	79031
11182	90919
11182	13064
11182	46749
11183	84431
11183	5701
11184	90203
11185	28564
11186	2739
11186	101451
11187	26021
11187	74396
11188	45807
11189	1207
11189	12921
11190	69292
11190	451
11190	1570
11190	87263
11190	42983
11190	30004
11191	5424
11192	14101
11192	85475
11192	42226
11192	3782
11193	48003
11193	53852
11194	49998
11194	9212
11195	25574
11196	13757
11196	75779
11196	30822
11196	14147
11196	14503
11196	45766
11196	100470
11196	102150
11196	21087
11197	53596
11197	712
11197	4513
11198	18871
11199	89432
11200	518
11200	65996
11200	96516
11200	23358
11200	28932
11200	96517
11200	29097
11200	80470
11200	81602
11200	16522
11200	49293
11200	10022
11201	41550
11201	72011
11202	64846
11203	53909
11203	30850
11204	55533
11205	71550
11206	78339
11207	10509
11207	86568
11207	23994
11208	50436
11208	68166
11209	84933
11210	25171
11211	20018
11212	5905
11212	88198
11213	87214
11213	34073
11213	43602
11213	540
11214	84269
11215	27990
11216	86545
11217	6806
11217	1256
11217	63726
11217	97729
11217	79688
11217	784
11217	98682
11217	101137
11217	14753
11217	60784
11217	50593
11217	111515
11218	104543
11219	1539
11219	55156
11219	100591
11220	14494
11221	761
11222	96003
11222	22886
11222	85322
11222	106118
11222	107318
11223	71103
11223	26364
11223	59217
11223	92058
11223	92217
11223	50374
11224	102734
11224	102748
11225	89267
11225	95279
11225	68761
11225	100924
11225	14494
11225	86516
11226	33346
11226	32806
11226	23761
11226	81938
11226	107071
11226	107086
11226	77072
11226	65070
11226	61448
11227	5396
11227	46051
11227	96773
11228	41780
11228	102338
11228	40833
11229	48667
11229	8726
11229	91806
11230	13496
11230	84685
11230	12827
11230	32219
11231	83782
11231	36891
11231	9969
11231	10641
11231	707
11231	2465
11232	3389
11233	57640
11234	73482
11234	92622
11234	101097
11234	101111
11234	102308
11235	22890
11235	6603
11235	43025
11235	8478
11235	24675
11236	85889
11236	101443
11236	102476
11237	4365
11238	45771
11238	85066
11238	52435
11238	54454
11238	96382
11239	52437
11239	33230
11239	878
11239	34961
11239	17672
11239	84074
11239	41013
11239	86506
11239	9428
11239	54901
11239	9
11239	13252
11239	24065
11239	31080
11239	31483
11239	12789
11239	84074
11239	97986
11240	89366
11240	37907
11241	29901
11242	32566
11242	25305
11242	85377
11242	85378
11242	85379
11242	84514
11242	92785
11242	98441
11242	43394
11242	35313
11242	1616
11243	89639
11243	31149
11243	5499
11243	92569
11244	97461
11244	33301
11244	10694
11245	56011
11245	1563
11245	18323
11245	68546
11246	43724
11247	89787
11247	7130
11247	67026
11248	69301
11249	39537
11249	5212
11249	49315
11250	20609
11251	83775
11251	40938
11251	83914
11251	45278
11251	9042
11251	17970
11252	3358
11252	35971
11252	41049
11252	103796
11253	92255
11253	15606
11254	84991
11255	40024
11255	102111
11255	102112
11255	67457
11255	8807
11255	12082
11255	51411
11255	108573
11255	67511
11255	47927
11256	5867
11256	4657
11257	88531
11257	88646
11257	89046
11257	22511
11257	43378
11257	45288
11257	15945
11258	108
11258	29936
11258	58011
11259	74602
11259	62762
11260	48612
11260	45307
11261	90033
11262	576
11263	32348
11263	83987
11264	69786
11264	4536
11265	89630
11266	13078
11267	90510
11267	101210
11267	101211
11267	101212
11267	101266
11267	101267
11267	101268
11267	101269
11267	101313
11267	41067
11267	101359
11267	43767
11267	23956
11267	48584
11267	2052
11267	107513
11267	1015
11268	42665
11269	46252
11269	40243
11270	10249
11270	4863
11271	42749
11272	23202
11273	10370
11274	73275
11274	91573
11274	67095
11275	14289
11275	5967
11276	83843
11276	81597
11276	20815
11277	43788
11277	76845
11278	48314
11279	52435
11280	64719
11281	91758
11281	61242
11281	23347
11281	18231
11282	5085
11282	38089
11283	24187
11283	4179
11283	42811
11284	94683
11284	32038
11285	89762
11285	89766
11285	667
11285	22758
11285	14220
11286	89784
11287	78534
11288	66227
11289	90576
11289	43433
11289	24241
11290	85423
11290	85424
11290	81596
11290	89984
11290	89985
11290	8520
11290	3389
11290	11995
11290	57651
11290	1038
11290	1320
11290	21192
11290	11997
11290	8520
11290	107315
11291	78730
11292	27642
11293	4983
11293	76945
11294	86558
11294	3805
11294	48625
11294	88825
11294	88902
11294	47237
11294	69011
11294	1981
11294	10541
11294	11663
11294	107873
11294	109258
11294	57615
11294	86558
11294	7130
11294	34428
11295	45239
11295	715
11296	87701
11296	27600
11297	12403
11297	13685
11297	15316
11297	89742
11297	12736
11297	9457
11297	1101
11297	41823
11297	109108
11297	32232
11297	109121
11298	48601
11299	84375
11299	84376
11299	86390
11299	90059
11299	90060
11299	90061
11299	35221
11299	25058
11299	30562
11299	27794
11299	32510
11299	39915
11299	99803
11300	12205
11300	68761
11300	1515
11300	5333
11301	58031
11302	97514
11302	4031
11302	13543
11302	62971
11302	82698
11303	43767
11303	16555
11304	85074
11304	85075
11304	88089
11304	88090
11304	21959
11304	5359
11304	79861
11305	15799
11305	6397
11305	4755
11306	13103
11306	31297
11306	23973
11306	3659
11306	529
11306	101025
11306	44948
11306	111917
11306	102999
11306	7085
11306	105067
11306	68581
11306	19581
11307	23823
11307	43679
11308	96937
11309	782
11309	26392
11309	27541
11309	1397
11309	14858
11309	46450
11310	92614
11310	92671
11310	6060
11311	8842
11311	54737
11311	15535
11312	84153
11312	84154
11312	84155
11312	96275
11312	96414
11312	96424
11313	83759
11313	2223
11313	2531
11313	56836
11314	14180
11315	43308
11316	16699
11317	3068
11318	89700
11319	47831
11319	84882
11319	95710
11319	37777
11320	84657
11320	84658
11321	84023
11321	84370
11322	2281
11322	16190
11323	13064
11323	15771
11324	72573
11325	88364
11325	70919
11325	11596
11326	85067
11326	11791
11327	94782
11327	94783
11327	94784
11327	62988
11327	94825
11327	94826
11327	94888
11327	23180
11327	32051
11327	54879
11327	101377
11327	105881
11328	52153
11328	90386
11329	19167
11329	97908
11329	43295
11330	71522
11331	47031
11331	93955
11331	16378
11331	86286
11332	67095
11332	3993
11333	67109
11334	47055
11334	2052
11334	14640
11335	89578
11335	89633
11336	52583
11337	46858
11337	24658
11338	95098
11338	76998
11338	106463
11338	45237
11339	53067
11339	32384
11340	34417
11341	49064
11342	88890
11343	5922
11344	18784
11345	89546
11345	22061
11345	103272
11345	78273
11345	103273
11346	17422
11346	2464
11347	55944
11348	90263
11348	90265
11348	36034
11348	98150
11348	98151
11348	108001
11348	13595
11349	86623
11350	83082
11350	88665
11350	63363
11350	92887
11350	101957
11350	102126
11351	8734
11352	39534
11352	16519
11352	6965
11352	25075
11353	86433
11353	86454
11354	6479
11354	26846
11354	69349
11355	90668
11355	55753
11355	31210
11355	3279
11356	90639
11357	86455
11357	89975
11357	98755
11358	71043
11358	558
11358	16209
11358	80631
11358	84630
11359	1328
11360	31282
11360	96701
11360	16086
11360	56204
11361	9492
11361	38836
11361	104879
11362	87310
11362	73968
11362	2341
11362	80226
11362	65732
11362	77358
11363	12694
11363	663
11363	47682
11363	108
11364	46751
11365	13385
11365	4528
11365	1952
11366	19865
11367	13912
11368	110607
11368	111170
11368	99374
11369	41550
11369	28050
11370	29620
11370	4327
11371	47545
11371	6422
11371	42252
11371	79733
11372	15190
11372	91705
11372	17006
11373	9705
11373	16818
11373	73443
11373	16231
11373	53829
11373	69971
11373	85908
11373	85958
11373	66369
11373	87299
11374	76731
11375	109649
11375	110017
11376	28266
11377	87987
11377	82459
11377	11477
11377	94509
11378	110232
11379	6333
11379	58675
11380	57551
11380	5816
11380	90368
11381	49495
11382	56483
11382	48532
11382	15381
11382	34233
11383	25900
11384	6697
11385	77887
11386	2192
11387	73553
11388	75391
11388	69001
11388	12808
11389	51654
11390	19789
11391	13295
11392	77174
11392	101878
11393	23365
11393	93062
11393	11483
11394	61242
11395	3086
11395	56377
11396	30759
11396	56011
11396	85641
11396	230
11396	56204
11396	71355
11397	99325
11397	99391
11397	105511
11397	108853
11398	38115
11398	8966
11398	27
11399	36776
11400	86465
11400	86716
11401	409
11402	97436
11403	84000
11403	96969
11404	35867
11404	3005
11404	83634
11404	58726
11404	99971
11404	5235
11404	72323
11404	108500
11405	6950
11406	77709
11406	61512
11406	7440
11406	34748
11406	7855
11406	82460
11406	60915
11406	4390
11406	12
11406	16893
11406	106415
11406	57763
11407	6476
11407	85212
11408	22457
11409	369
11410	77684
11411	83465
11411	54708
11411	23435
11411	9474
11411	92389
11411	97213
11411	100740
11411	39666
11411	102399
11411	102884
11412	84103
11412	92589
11413	77787
11413	5700
11413	84142
11414	60483
11414	86559
11414	20815
11414	60483
11415	90251
11415	11121
11415	62867
11416	11477
11416	2761
11416	90192
11416	90193
11416	52862
11416	40078
11416	34836
11416	90210
11416	1959
11416	43798
11416	9184
11416	40270
11417	28535
11417	72155
11417	83950
11417	85981
11418	18416
11418	3573
11419	7521
11420	1287
11420	22457
11420	63249
11421	14647
11421	63872
11421	90759
11422	91204
11422	91205
11422	3661
11422	93950
11422	26701
11422	7521
11422	5235
11423	32381
11424	57116
11424	34879
11424	98692
11425	11241
11425	36532
11425	25886
11426	754
11426	104469
11426	104245
11426	4878
11427	96191
11427	39891
11427	67099
11427	18773
11428	46139
11428	26643
11428	83703
11428	1908
11429	9784
11429	90056
11429	88638
11429	32948
11429	90232
11429	90237
11429	90238
11429	90978
11429	99555
11429	99556
11429	23006
11429	99662
11429	9948
11429	100076
11429	100077
11429	9584
11429	100498
11429	100606
11429	99556
11429	39019
11429	27052
11429	110788
11430	90409
11430	90427
11430	92917
11430	101696
11431	7430
11431	19764
11431	57911
11432	772
11432	83046
11432	83047
11433	34417
11433	11765
11433	103545
11434	34674
11434	24341
11434	33086
11435	86246
11435	7589
11435	69544
11436	74668
11436	107820
11437	93139
11437	101029
11437	102651
11438	35479
11438	90894
11438	90895
11438	90927
11438	70499
11438	10192
11438	101609
11438	103388
11438	105850
11439	7034
11440	5811
11441	30759
11442	59720
11442	45423
11442	88669
11442	102264
11443	7500
11443	101369
11443	101489
11444	63863
11444	83133
11445	90495
11446	98326
11446	104590
11447	107619
11448	165
11448	45499
11448	90512
11449	30775
11449	1225
11450	68699
11450	6790
11450	54055
11450	102472
11450	102473
11450	102474
11450	8703
11450	107390
11450	7929
11451	92574
11451	93308
11452	6949
11452	85704
11453	13590
11454	94656
11455	107662
11456	36011
11457	90623
11457	26579
11457	10602
11457	764
11457	105926
11457	104090
11457	109371
11457	109372
11458	67786
11458	39255
11458	79856
11458	26686
11458	2823
11459	25886
11460	23547
11461	100010
11462	83698
11462	7357
11463	2995
11464	3062
11465	98798
11465	98799
11465	9482
11465	69764
11465	24280
11465	10914
11466	13247
11466	99892
11466	22934
11466	50618
11467	86298
11468	100877
11469	67546
11469	109784
11469	69707
11469	48173
11470	71536
11470	85685
11470	45528
11471	91601
11471	89141
11471	5976
11472	33888
11472	50882
11473	7695
11473	49183
11473	87010
11473	87222
11473	21472
11473	29316
11473	87223
11473	87366
11473	87367
11473	2657
11473	96347
11473	102496
11474	52339
11474	8352
11474	84019
11474	48228
11474	8352
11474	111105
11474	1450
11475	19202
11475	100280
11475	98041
11476	79908
11477	89367
11478	65865
11478	56204
11479	88328
11479	90570
11479	90575
11479	90580
11479	95624
11479	102652
11479	9813
11480	4033
11481	32192
11481	5396
11481	7825
11481	20873
11481	2079
11481	12408
11481	102101
11481	365
11481	31018
11481	10253
11481	81879
11481	40074
11481	95141
11482	62680
11483	83375
11483	23630
11484	62404
11485	55098
11485	83145
11486	76251
11487	14962
11488	83289
11489	90678
11490	3081
11491	65309
11491	42826
11492	60130
11492	75809
11492	59398
11492	86866
11492	6633
11492	55209
11492	20175
11493	12520
11493	8207
11494	93996
11495	71574
11495	97458
11495	91911
11495	81887
11495	10737
11496	90567
11496	91265
11497	10986
11498	92344
11499	4710
11499	11608
11499	8440
11499	45328
11500	65421
11501	84190
11501	62470
11502	83174
11503	88317
11503	93804
11503	96609
11503	70696
11503	100287
11503	54396
11503	103552
11503	86247
11504	43287
11504	35129
11504	9289
11505	92605
11506	41
11507	48787
11507	90658
11507	103822
11507	55566
11507	77697
11507	103861
11507	103862
11508	79960
11509	57523
11509	65000
11510	84654
11510	85395
11510	38725
11510	502
11510	24928
11510	15994
11510	87508
11510	100979
11511	13549
11511	84027
11511	51917
11511	6661
11511	85890
11511	19996
11511	103705
11511	103706
11511	103707
11512	83987
11513	92211
11514	94778
11514	64911
11514	100343
11514	100344
11514	75757
11514	109487
11514	109524
11514	109525
11514	70416
11514	110291
11514	110292
11515	86593
11515	68387
11515	75510
11515	86593
11515	3664
11515	42459
11515	45873
11515	69028
11515	3664
11516	26004
11516	58556
11516	10105
11516	90945
11516	74362
11516	92243
11516	58810
11516	83017
11516	107459
11517	94026
11517	41580
11517	94994
11518	49240
11518	74268
11519	10260
11519	70588
11520	6320
11521	1624
11521	23132
11521	3068
11521	1127
11522	95750
11522	24911
11523	87641
11524	8912
11524	18137
11524	46450
11524	86264
11524	5211
11524	63745
11524	86667
11524	4544
11524	1397
11524	28841
11525	7265
11525	61242
11525	89983
11525	62762
11526	102714
11526	1261
11527	60367
11527	4897
11528	89954
11529	230
11530	86997
11530	47628
11530	106551
11530	18599
11530	23761
11530	106937
11531	23410
11531	4753
11532	90984
11532	91393
11533	4492
11534	47750
11535	11887
11535	86647
11535	63473
11535	86695
11535	12128
11535	86696
11535	90762
11535	23780
11535	23813
11535	66526
11535	90763
11535	66501
11535	23812
11535	110178
11536	99486
11536	98535
11536	103079
11537	25252
11537	13
11537	1633
11537	63644
11538	52434
11538	177
11538	2277
11539	27359
11539	68629
11539	62617
11540	89656
11540	74369
11541	87136
11541	85763
11541	91369
11541	16276
11541	104004
11541	5085
11541	32309
11541	34976
11541	4249
11542	33669
11542	35582
11542	40404
11542	56616
11542	34741
11542	26028
11542	373
11543	104712
11543	23238
11543	74467
11544	1564
11544	45239
11544	96220
11544	307
11544	4063
11545	102717
11545	3162
11545	36078
11546	86980
11546	43767
11546	96212
11546	12295
11546	96200
11546	110480
11546	86980
11546	7521
11546	110549
11546	72292
11547	34505
11547	57893
11548	7250
11548	101083
11548	87625
11548	101126
11549	13096
11549	13363
11549	64638
11550	91053
11550	15909
11550	75860
11551	62353
11552	24588
11552	73014
11552	10782
11552	20196
11552	49840
11552	10281
11552	32351
11552	61868
11552	8799
11552	49367
11552	88217
11553	109083
11554	19049
11555	34706
11556	95345
11556	13413
11556	96873
11557	29596
11558	86337
11558	16295
11558	61945
11558	96074
11558	90241
11559	16003
11559	76520
11559	86838
11560	15327
11561	5074
11562	91768
11562	7190
11562	35855
11563	82001
11563	38294
11563	90554
11564	86052
11564	31285
11564	95773
11564	95834
11564	104070
11564	26658
11564	104071
11564	102503
11564	99823
11565	30992
11565	307
11566	32073
11566	72422
11567	5755
11567	91623
11568	230
11569	17672
11569	12286
11569	105425
11569	111368
11570	83115
11570	83130
11570	83169
11570	83115
11570	79854
11570	102551
11570	95102
11570	106185
11571	7110
11571	84197
11571	67756
11572	26512
11572	6649
11572	1749
11572	36836
11573	7203
11574	90477
11574	24315
11575	38024
11575	93443
11575	12854
11575	73465
11575	93467
11575	19003
11575	98726
11576	34926
11577	86989
11577	86990
11577	87373
11577	5416
11577	90923
11578	82962
11578	50061
11579	96882
11579	27429
11579	111793
11579	66181
11579	34032
11580	8207
11580	34
11580	22987
11580	76544
11581	98331
11581	54756
11581	80516
11582	73553
11583	22041
11584	80063
11585	82954
11585	7980
11585	105410
11586	83532
11586	8244
11586	69215
11586	86843
11587	5901
11587	7544
11588	90864
11588	15831
11589	11525
11589	71413
11589	94306
11589	94330
11589	38405
11590	67427
11590	85066
11591	13817
11592	98671
11593	7521
11593	7692
11593	10806
11593	73148
11594	85561
11594	309
11595	10037
11595	65714
11595	37728
11596	13854
11596	92137
11597	37545
11597	49840
11597	55066
11597	17881
11598	19359
11599	296
11599	3575
11599	83385
11599	14589
11599	18703
11599	98840
11599	72924
11599	99119
11599	15956
11600	13830
11600	19151
11600	39262
11600	12686
11600	20497
11600	80493
11601	97264
11602	5109
11603	24500
11603	88646
11603	101091
11603	102832
11603	14128
11604	87614
11604	100290
11604	106065
11604	106068
11604	64440
11605	83518
11606	23986
11607	90832
11607	55793
11607	5284
11607	95843
11607	44901
11607	96133
11607	52691
11607	47979
11607	98748
11607	59837
11608	57678
11608	103336
11609	55846
11609	54339
11609	55967
11609	96103
11609	96104
11609	67669
11609	96150
11609	96189
11609	38750
11609	26267
11609	87600
11609	102772
11609	89402
11609	107951
11609	107952
11609	96024
11609	101634
11609	110584
11610	99871
11611	67220
11611	7031
11612	101160
11612	104330
11613	85381
11613	27157
11613	72462
11613	18133
11613	107082
11614	86930
11615	73029
11615	33608
11615	35253
11616	94889
11617	33123
11617	2345
11617	99503
11617	99936
11617	71101
11617	100860
11617	74896
11618	90792
11618	45074
11619	56011
11619	86617
11619	87559
11619	6083
11619	7980
11619	14090
11619	100033
11619	92565
11619	22275
11620	11127
11621	88903
11621	89433
11621	66627
11621	58189
11621	92366
11622	87368
11623	21643
11623	18784
11623	53169
11623	26687
11623	48009
11623	91833
11623	9943
11624	14255
11624	69769
11625	75820
11626	56204
11626	45239
11627	86089
11627	86090
11627	77624
11627	35615
11627	86091
11627	86092
11627	86093
11627	86123
11627	86124
11627	83913
11627	86526
11627	86527
11627	86563
11627	90954
11627	90955
11627	90956
11628	10227
11629	5901
11630	6236
11631	69544
11632	58400
11633	30261
11634	15785
11635	39657
11635	85557
11636	64092
11636	87381
11636	70965
11636	61057
11636	39695
11636	95153
11636	96040
11637	46858
11637	43767
11637	32645
11637	9337
11637	45612
11637	1749
11638	79516
11638	90721
11638	90877
11638	102632
11638	5286
11639	83304
11639	18133
11639	3902
11639	15000
11639	23288
11639	59967
11639	23349
11639	37187
11639	39354
11639	53270
11639	6049
11639	44811
11639	86757
11639	1470
11639	34417
11639	4318
11640	3727
11640	9639
11640	105374
11641	10669
11641	65917
11641	34174
11641	49781
11641	82022
11641	32217
11641	99923
11641	103063
11641	103148
11641	103226
11641	104215
11641	104312
11642	91612
11642	91624
11642	92595
11642	77695
11642	62964
11642	96860
11642	53198
11642	77695
11642	47269
11642	62964
11642	3537
11642	36794
11642	105281
11642	2183
11642	58346
11642	79489
11643	78744
11644	26364
11645	46308
11646	4826
11646	96221
11647	2797
11647	68472
11647	61121
11647	103856
11648	77886
11648	91699
11648	91789
11648	91794
11648	100766
11648	23896
11648	46258
11648	106146
11649	76517
11649	96265
11649	8481
11649	96742
11650	40720
11650	75395
11650	18295
11650	106
11650	84630
11650	7778
11650	37304
11651	64986
11651	85085
11652	5894
11652	4047
11653	86500
11653	86542
11653	86543
11653	13482
11653	86711
11653	24141
11653	90474
11654	6974
11654	53674
11654	96969
11654	14619
11654	86349
11655	8492
11655	26335
11656	17021
11657	412
11658	66158
11658	45239
11658	87813
11659	110198
11660	40810
11660	103095
11661	75845
11662	86460
11662	86461
11662	86462
11662	87535
11662	88010
11662	88162
11662	88376
11662	90916
11662	90917
11662	53599
11662	98106
11662	75644
11662	99667
11662	100510
11662	53599
11662	102971
11662	102991
11662	103024
11662	91000
11662	103277
11662	107454
11662	88162
11662	107455
11662	55688
11662	108990
11662	109019
11663	86318
11663	92986
11663	12807
11663	55561
11663	96990
11663	2022
11663	98529
11663	65325
11663	77620
11663	36213
11663	23014
11663	61366
11664	89043
11664	2331
11664	95788
11664	95809
11664	111560
11664	12526
11665	1165
11665	9400
11666	17908
11667	86572
11667	67265
11668	85010
11668	85047
11668	39387
11668	7144
11669	28537
11669	11591
11669	43602
11670	98925
11670	98926
11670	60452
11670	91435
11670	38590
11670	99053
11671	3038
11672	24204
11672	14876
11672	15373
11672	8231
11672	101263
11673	87251
11673	87521
11673	87584
11673	7077
11674	19624
11674	6769
11674	19194
11674	7164
11674	47222
11674	2696
11674	34946
11674	1256
11675	24143
11676	66973
11676	89787
11676	91270
11676	93411
11676	98956
11676	73275
11676	8927
11676	5329
11676	7905
11676	189
11676	9565
11676	110164
11677	33445
11678	87989
11678	87991
11678	94906
11679	21771
11679	11080
11679	70588
11679	64903
11680	8187
11681	10009
11681	84630
11682	30280
11682	10010
11682	22178
11682	47600
11682	87361
11682	6496
11682	4367
11682	87439
11682	6811
11683	26207
11684	37770
11684	34786
11684	62410
11684	109246
11684	38195
11685	5074
11686	34406
11686	31363
11686	69953
11686	46197
11686	32297
11686	91165
11686	7922
11686	2053
11686	6983
11686	94595
11686	13387
11686	12172
11686	12036
11686	2167
11687	24259
11687	90880
11688	90595
11688	40767
11688	90924
11688	102526
11688	102527
11688	35826
11689	87260
11690	13316
11690	8244
11691	76595
11692	48091
11692	6746
11692	90035
11692	91551
11692	2589
11692	12150
11692	50225
11692	27712
11692	100901
11692	44690
11692	95011
11693	87662
11693	58109
11693	73549
11693	8575
11693	94969
11694	48314
11694	20807
11695	9486
11696	84999
11696	20517
11696	16237
11696	64706
11696	92548
11696	16237
11697	5061
11697	2276
11697	2314
11698	61398
11698	2611
11698	97508
11698	97527
11698	100880
11699	56204
11699	85199
11699	24114
11699	3727
11699	3005
11700	21713
11700	103528
11700	2937
11700	103697
11700	4657
11700	65070
11701	67594
11701	6616
11702	98565
11702	103030
11703	6652
11703	58011
11703	92510
11703	5677
11703	24573
11704	31282
11704	54875
11704	93061
11705	41419
11705	102812
11705	17328
11705	102813
11706	85301
11706	85842
11706	86371
11706	90586
11706	90587
11706	90624
11707	29807
11707	27808
11708	76392
11708	51314
11708	94661
11708	86609
11709	90726
11709	32639
11710	97272
11711	83987
11711	97955
11712	70051
11712	85171
11712	10318
11712	2604
11713	85219
11713	86408
11713	87249
11713	80087
11713	47558
11713	87529
11713	87530
11713	92097
11713	92104
11713	92122
11713	92134
11713	92135
11713	65961
11713	97481
11713	97482
11713	71634
11713	99052
11713	87249
11714	92220
11715	59241
11715	89192
11715	93142
11716	88589
11717	79819
11718	95725
11719	55914
11719	22946
11719	79860
11719	98053
11719	81004
11719	26704
11719	41580
11719	100431
11720	1032
11720	84630
11720	23973
11721	91510
11721	91511
11721	24360
11722	71701
11722	16000
11722	4663
11722	1892
11722	4657
11722	84515
11722	53701
11722	81025
11722	78315
11722	19764
11722	8484
11722	2087
11722	90728
11723	35870
11723	32645
11723	75969
11723	7482
11723	91970
11723	75634
11723	3822
11723	93719
11723	15745
11724	61242
11725	103561
11726	13159
11727	61242
11727	84029
11727	85070
11727	39257
11727	99201
11727	99202
11727	81711
11727	4056
11727	99474
11728	90405
11728	90459
11728	71947
11728	91586
11728	91709
11729	19924
11729	68789
11730	65702
11731	16798
11731	15067
11731	20636
11731	98953
11732	11411
11732	412
11732	90518
11732	4784
11733	64112
11733	24406
11733	94229
11733	94230
11733	94607
11733	80997
11733	94608
11733	23410
11733	94948
11733	41929
11733	103087
11733	103099
11734	85182
11735	28660
11736	51467
11736	998
11736	85290
11736	87374
11736	198
11736	11314
11736	11636
11737	6434
11737	26183
11737	91919
11737	18703
11737	16555
11737	93964
11737	93966
11737	13332
11737	8418
11737	343
11737	49012
11737	67576
11737	81488
11738	41670
11738	85794
11738	1558
11739	4663
11739	16616
11739	24645
11739	25775
11739	26904
11739	3823
11739	91286
11739	55354
11739	9705
11739	91197
11739	70180
11739	11608
11739	25171
11739	3920
11739	35283
11740	47
11740	101128
11740	96444
11740	31792
11740	107103
11740	29421
11740	107104
11740	18416
11740	96764
11740	59572
11740	8813
11740	2535
11740	107281
11740	7734
11740	89531
11741	65644
11741	18446
11741	6827
11741	86400
11741	3817
11741	59058
11741	1278
11741	59948
11741	4181
11741	60031
11741	10182
11741	37835
11741	27304
11741	6537
11741	67095
11741	4246
11742	11931
11743	37935
11743	61242
11744	31925
11744	41767
11745	38799
11746	6662
11747	50510
11747	27822
11747	65685
11747	49492
11747	22248
11747	30141
11747	624
11747	61284
11747	77196
11748	92943
11748	60397
11749	83453
11749	55615
11749	20471
11749	87549
11749	7130
11750	36155
11750	60757
11751	92292
11752	41668
11753	108973
11753	108974
11753	109033
11753	109168
11753	109416
11753	109610
11753	9760
11754	4433
11755	87851
11755	88022
11755	102601
11756	1328
11756	29189
11756	19173
11757	88567
11757	93592
11757	8575
11758	6672
11758	63009
11759	83947
11759	72589
11760	5424
11760	45239
11760	81597
11760	5424
11760	8116
11760	62045
11760	69234
11761	12311
11761	97807
11762	20529
11762	15988
11762	5922
11763	90577
11763	14798
11763	103167
11764	34607
11765	64800
11765	24573
11765	34245
11766	64527
11766	64632
11766	82823
11766	88980
11766	64722
11766	89239
11766	72960
11766	91130
11766	100024
11766	8869
11767	358
11768	4758
11768	7190
11768	37341
11768	61496
11768	41013
11768	23404
11768	54963
11769	111232
11770	65873
11770	20166
11770	6634
11770	34417
11770	33
11770	13757
11770	77620
11770	43602
11770	3739
11770	15379
11771	47752
11772	52066
11773	84599
11773	29317
11774	83051
11774	46755
11774	82213
11774	50627
11774	83760
11774	68903
11775	86303
11776	33777
11776	90730
11777	55277
11778	87268
11778	87269
11778	5110
11778	6971
11779	376
11780	50243
11780	4442
11780	36508
11781	12673
11782	87255
11782	87297
11783	30552
11784	97467
11785	89908
11786	44853
11786	1398
11786	105981
11787	86025
11787	94484
11788	64329
11789	51620
11789	46201
11790	86558
11790	22918
11790	90757
11791	230
11792	5424
11792	11
11793	65740
11793	65555
11793	74304
11793	6295
11793	97613
11793	17555
11793	101488
11793	31122
11793	103098
11793	74304
11793	32763
11794	4614
11794	65846
11794	102948
11795	90856
11795	14786
11796	56414
11797	45239
11798	10453
11799	62594
11799	15165
11799	86514
11799	2768
11800	83492
11800	68027
11801	87510
11801	99072
11801	79621
11802	6652
11802	17422
11803	12702
11803	99928
11803	98920
11803	99929
11803	46854
11803	20557
11804	9058
11804	40833
11805	90928
11805	84936
11806	45565
11806	24642
11807	30660
11808	18134
11809	17446
11809	66253
11810	89505
11810	97742
11811	78268
11812	4318
11812	14373
11812	24566
11812	8347
11812	10906
11812	99082
11812	99083
11812	99105
11812	894
11812	24823
11813	48
11814	83014
11814	91854
11814	95327
11814	97115
11814	97116
11815	6335
11816	8244
11816	36423
11817	10683
11817	104548
11817	104554
11817	106591
11818	6697
11818	6510
11818	29113
11818	90882
11819	84120
11819	8513
11819	2851
11820	15786
11820	24622
11820	41596
11821	47086
11821	12045
11822	84469
11823	43947
11823	43649
11823	69161
11824	1563
11825	8591
11825	23899
11826	2241
11826	14401
11827	71634
11827	98154
11827	98155
11827	48960
11827	63654
11827	23017
11828	4367
11829	58470
11830	19932
11831	6157
11832	61841
11832	30819
11832	99168
11833	16126
11833	91910
11834	46858
11834	83765
11834	12776
11834	31571
11834	88851
11834	296
11834	89009
11834	11731
11834	44767
11834	71429
11834	10194
11834	21599
11834	93534
11834	10244
11835	14786
11836	84018
11836	41891
11836	22091
11836	68219
11836	99887
11836	9726
11836	19729
11836	105687
11837	13103
11837	52416
11837	62601
11837	77310
11837	16586
11838	24717
11838	78641
11838	28111
11838	99298
11838	27734
11839	31681
11839	13912
11839	24235
11839	46516
11839	31681
11839	16467
11840	18680
11840	95832
11840	102697
11840	8443
11840	81711
11840	51542
11841	6944
11842	97748
11842	73970
11842	33655
11842	98982
11842	108881
11843	15165
11843	78959
11844	489
11844	91895
11844	93090
11844	27095
11844	771
11845	36860
11846	3972
11846	62235
11846	40256
11847	43266
11848	91356
11848	83987
11848	5885
11848	60667
11848	4911
11848	2977
11848	307
11848	69591
11848	103366
11848	103367
11848	103693
11848	95115
11848	107685
11848	101598
11848	107725
11849	71530
11849	85164
11849	30862
11849	96348
11850	6043
11851	46935
11852	36611
11852	18147
11852	54470
11852	90745
11852	5505
11853	47782
11854	1846
11855	44272
11855	64537
11856	16355
11856	15743
11856	4368
11857	87034
11857	10308
11857	88712
11858	91966
11859	1832
11859	6751
11860	14217
11860	3601
11860	60589
11861	93076
11862	60274
11863	109519
11864	52435
11865	51152
11866	4896
11866	10258
11866	26802
11866	84630
11866	28892
11866	1328
11866	81834
11866	107671
11866	69591
11866	65074
11867	68515
11868	72446
11869	61242
11870	92373
11870	27734
11871	24817
11871	43602
11871	97696
11871	34071
11872	87597
11872	89084
11873	34602
11874	92496
11875	37779
11876	58411
11877	33339
11877	15187
11877	97077
11877	97078
11877	97192
11878	41588
11879	30892
11879	1303
11879	90875
11880	1858
11881	5267
11882	35862
11882	17079
11882	90475
11882	2414
11882	42554
11882	90476
11882	90477
11882	86870
11883	93245
11884	4281
11884	91116
11885	91770
11886	3748
11887	45423
11887	30
11888	53067
11888	83357
11888	81401
11888	761
11888	95123
11888	97357
11888	85110
11888	97456
11888	97457
11888	761
11888	4935
11888	72898
11889	23341
11890	9228
11891	92338
11892	14631
11893	88469
11893	106968
11893	84298
11893	106978
11893	106981
11893	109480
11894	90545
11894	90553
11895	46371
11895	2970
11895	12805
11895	36280
11895	49165
11896	92894
11896	42673
11897	103928
11897	103929
11897	103930
11898	60307
11899	1722
11899	78732
11899	17105
11899	61242
11900	88736
11901	52520
11901	68328
11901	89764
11901	25800
11901	61242
11901	7302
11901	89787
11902	21130
11902	453
11902	15327
11902	1604
11902	34335
11902	17125
11902	44973
11902	4945
11902	782
11903	34725
11904	91836
11904	3055
11904	12697
11904	104263
11904	14402
11905	86067
11905	91134
11905	91135
11906	97438
11906	109243
11907	5424
11907	88499
11907	53625
11908	34727
11908	84145
11908	1543
11908	1403
11908	37571
11908	3739
11908	29807
11908	92012
11908	11997
11908	92266
11909	18946
11909	9505
11909	66909
11909	92443
11910	84720
11910	32645
11910	15536
11910	24948
11910	84821
11910	24626
11910	105610
11910	105648
11910	105649
11910	105705
11910	105748
11911	6842
11912	88689
11912	88690
11913	15000
11913	76272
11913	72277
11913	83443
11913	23290
11913	49942
11913	84004
11913	84266
11913	84278
11913	81401
11913	4536
11913	75948
11913	43628
11914	92656
11914	5270
11914	94415
11914	47069
11914	45802
11914	103154
11914	103190
11914	103191
11914	103333
11914	94753
11914	8210
11914	69004
11914	63414
11915	22384
11915	11512
11916	90604
11916	52534
11916	4813
11916	98759
11917	2739
11917	1610
11918	53162
11918	4503
11919	70876
11920	26390
11921	94628
11921	13778
11921	6758
11922	73080
11923	61242
11924	50593
11925	88339
11926	41126
11926	34700
11927	18416
11927	74511
11928	11997
11928	65850
11928	90313
11928	3275
11928	40390
11928	1554
11929	31647
11929	92328
11930	6069
11931	86704
11931	91250
11932	67579
11933	21647
11934	4657
11934	11257
11934	29696
11934	4388
11934	83187
11935	22163
11935	81390
11935	73362
11935	29596
11936	7250
11937	32235
11938	10526
11938	17125
11938	1501
11938	19865
11939	76139
11939	35370
11939	45770
11939	29776
11939	68
11940	8035
11940	5723
11941	68619
11942	58081
11942	93613
11942	93621
11943	72898
11943	56204
11944	101502
11944	103080
11945	91242
11945	2604
11946	26778
11946	11079
11946	29901
11946	44632
11946	7491
11946	12854
11946	17499
11947	93672
11948	85754
11948	25079
11948	98791
11948	37684
11948	25080
11948	8581
11949	58712
11949	36042
11950	69444
11950	46740
11950	8716
11950	24741
11950	12916
11950	43197
11951	34406
11952	78206
11953	3739
11953	71374
11953	43829
11954	86106
11955	98642
11955	100243
11955	103076
11955	78907
11956	91547
11956	91548
11956	91549
11956	4061
11956	91579
11956	2706
11956	25101
11957	6662
11958	68645
11958	45239
11958	99683
11959	22930
11960	50605
11960	24764
11961	3551
11961	101472
11961	68125
11961	64802
11962	85979
11962	86009
11962	62851
11962	86068
11962	25841
11962	98489
11962	13867
11962	100842
11962	102198
11962	103906
11963	86453
11963	91661
11964	99000
11964	307
11965	87813
11965	25121
11965	101665
11966	83333
11966	102816
11967	23390
11968	16250
11969	25127
11969	6062
11969	743
11969	95241
11969	103199
11969	40466
11970	31282
11971	25823
11971	197
11972	4970
11972	12263
11973	17931
11973	91337
11973	91338
11973	49656
11973	77601
11973	91925
11973	42219
11974	87829
11975	98651
11976	24193
11976	62448
11977	7103
11977	19872
11978	83968
11978	67530
11979	84734
11980	56204
11981	84764
11981	73337
11982	1306
11982	36776
11982	2079
11982	3516
11982	76306
11982	10132
11982	50252
11982	101589
11982	101590
11983	63164
11984	84289
11984	84290
11984	30749
11984	16443
11985	16495
11985	75294
11986	16224
11987	84434
11987	13912
11987	1656
11988	55804
11988	79158
11988	106231
11989	84145
11990	92939
11990	33054
11990	10984
11990	8999
11990	92890
11990	5029
11990	18322
11990	20972
11991	8494
11992	83989
11992	39274
11993	90998
11994	66933
11994	6045
11994	53187
11994	24872
11994	8037
11994	87389
11994	109253
11994	30284
11994	109282
11995	5811
11995	20699
11996	86744
11997	86002
11997	86003
11998	34816
11999	2429
12000	89361
12000	71986
12000	95962
12000	27305
12001	100807
12002	84623
12003	54603
12003	98029
12003	100309
12004	3805
12005	993
12005	55891
12006	92121
12006	12854
12006	41588
12006	7627
12007	89149
12008	93503
12008	93525
12009	91939
12009	38178
12010	52862
12011	13736
12011	81938
12011	5896
12012	83224
12013	4780
12014	14184
12014	10395
12014	21317
12014	11337
12014	59672
12014	12175
12014	10108
12014	6697
12014	46840
12014	10171
12014	63586
12015	7720
12015	85401
12015	91524
12015	92325
12015	87144
12015	78342
12016	72665
12017	6503
12017	2106
12018	72400
12018	15743
12018	10000
12018	71142
12018	13413
12018	12916
12018	94327
12018	43456
12018	95823
12018	26641
12018	33497
12018	95871
12018	110148
12018	41762
12019	14952
12019	88881
12020	9242
12020	307
12020	106300
12020	40403
12021	18823
12021	80428
12021	8394
12021	41556
12021	27506
12021	90775
12021	6333
12021	3665
12021	4710
12022	5901
12022	94310
12022	10118
12023	31377
12024	13162
12025	49240
12026	86926
12026	46891
12026	102333
12027	6147
12028	88300
12028	85067
12028	33694
12028	106047
12028	100925
12028	3457
12029	53865
12030	81231
12031	87340
12031	43506
12031	97690
12031	4558
12031	98113
12031	84241
12032	84210
12033	84418
12034	88497
12034	57143
12035	7539
12035	97632
12035	101010
12036	6944
12036	11710
12036	100819
12037	46170
12037	111510
12037	100453
12038	3046
12039	21723
12039	6339
12039	76128
12040	64375
12041	91151
12041	90672
12041	94419
12041	97163
12041	97164
12041	50582
12042	88922
12043	8397
12043	35740
12044	34727
12044	94018
12044	66087
12044	42209
12045	101650
12045	1974
12045	5128
12046	1964
12046	50684
12046	107641
12047	88191
12047	89968
12047	58082
12048	86019
12048	12559
12048	74067
12048	5594
12049	9333
12049	72086
12050	27680
12051	38387
12051	18310
12051	4642
12051	30759
12051	307
12051	10906
12051	26456
12051	9703
12051	101623
12051	56517
12051	58270
12052	41701
12052	69950
12053	33725
12054	21991
12054	24481
12055	37478
12055	67326
12056	24477
12057	12062
12057	86112
12058	59074
12059	7601
12059	7363
12059	28749
12059	7262
12059	319
12060	21623
12060	87783
12061	736
12061	45771
12062	86983
12062	105114
12062	3121
12063	16345
12064	87528
12065	77832
12065	103373
12065	76753
12065	27965
12066	25856
12067	55007
12068	92555
12069	12176
12069	67869
12070	9003
12070	38432
12071	90910
12072	109515
12073	55055
12073	12036
12074	93552
12074	25564
12074	28157
12074	38196
12074	93658
12074	26147
12074	79591
12075	2129
12076	81881
12076	91298
12077	21080
12077	94957
12078	83126
12078	62128
12078	84727
12078	70070
12078	87100
12078	87101
12079	91638
12079	50588
12079	98351
12079	101335
12080	4350
12081	14168
12081	11503
12082	85940
12082	25195
12082	88297
12082	54470
12082	95709
12082	110183
12082	5859
12082	15988
12082	88297
12082	31183
12082	1403
12082	111305
12083	84059
12084	1669
12084	21380
12084	79657
12085	50365
12085	5011
12086	7300
12086	4302
12087	4765
12088	32946
12088	85443
12089	90787
12089	92232
12090	93608
12090	105678
12090	9222
12091	102144
12091	14449
12092	89820
12093	69910
12093	85515
12094	17504
12094	93237
12095	106
12095	95836
12095	101442
12095	951
12095	1932
12095	101466
12095	11848
12095	88838
12095	7277
12096	5859
12096	88956
12096	42665
12097	62347
12098	58301
12098	993
12098	48362
12098	11
12098	83453
12098	94118
12098	21815
12098	6004
12098	68324
12099	32073
12099	33506
12099	72277
12100	93173
12100	93794
12100	93401
12100	2597
12100	71942
12100	97734
12100	30273
12100	10842
12101	85090
12101	97065
12102	25886
12102	72384
12103	53865
12104	102446
12105	91507
12106	4346
12107	98584
12108	72346
12108	4946
12108	35803
12108	99295
12108	108572
12108	21678
12109	41946
12109	83507
12109	63036
12109	30759
12109	2800
12109	98013
12109	27812
12109	44417
12109	19344
12109	42143
12109	19865
12109	319
12109	58060
12109	69627
12109	108880
12109	54690
12109	32840
12109	2800
12109	3657
12110	67427
12111	92907
12112	28911
12113	4120
12114	13412
12114	85441
12114	91690
12114	91792
12114	75334
12115	84195
12116	71598
12116	13930
12116	5396
12117	40833
12117	89543
12117	76557
12117	101182
12118	65010
12118	95228
12118	53943
12119	7235
12119	99567
12120	90478
12120	24235
12121	57121
12121	18280
12121	38000
12121	3883
12121	89235
12121	1057
12121	82737
12121	38000
12121	230
12121	24633
12122	60797
12122	93793
12122	94327
12122	38972
12122	94329
12122	25683
12123	92238
12124	88470
12124	91376
12125	4453
12125	88971
12125	75816
12126	6003
12126	89813
12126	68479
12127	95465
12127	76279
12127	97761
12128	48008
12129	97600
12130	307
12131	93082
12132	32645
12132	407
12132	86450
12132	34282
12132	95738
12133	11720
12134	83325
12135	29928
12135	70692
12136	78392
12136	69229
12137	53511
12138	67877
12139	85011
12139	5672
12139	38390
12139	71392
12139	15114
12139	97318
12139	11477
12139	3319
12140	99275
12140	85347
12140	103008
12141	9872
12141	11077
12141	93457
12142	23341
12142	8283
12142	65805
12142	18742
12142	60935
12142	9409
12142	23341
12142	39139
12142	108911
12143	61173
12143	8173
12143	96822
12144	69001
12145	993
12146	83025
12146	7600
12146	67538
12146	56547
12146	27200
12146	42171
12146	103183
12147	65585
12147	91229
12147	75032
12147	91264
12148	101688
12149	2790
12149	1881
12150	65074
12151	7615
12151	39995
12151	12123
12152	24500
12152	96845
12152	99677
12153	37501
12153	93998
12153	6523
12153	84573
12153	15115
12154	85437
12155	39845
12155	94063
12155	96168
12155	105008
12155	39845
12156	319
12157	6662
12157	29522
12157	93123
12158	4958
12158	2943
12158	76516
12158	28745
12159	62692
12160	781
12161	2854
12162	21810
12162	15817
12162	65000
12162	69295
12162	5601
12162	53353
12162	93303
12162	62315
12162	70733
12163	49457
12163	27883
12164	27095
12164	65327
12165	90973
12166	17018
12167	25262
12167	107309
12168	83861
12169	32871
12169	29020
12169	736
12169	60120
12169	58675
12169	11433
12169	6287
12170	102336
12170	83726
12171	51180
12171	25055
12172	72845
12173	91471
12174	13575
12174	12811
12175	53055
12176	4692
12177	62657
12177	66608
12178	12001
12178	93116
12179	14037
12180	20210
12180	1328
12180	16
12180	96700
12180	5628
12180	41580
12180	43765
12180	16
12181	65781
12182	82988
12182	1397
12182	6445
12182	78861
12182	34417
12182	13527
12182	76831
12183	36849
12183	92841
12184	90
12185	94959
12185	90241
12185	3717
12185	71947
12185	27086
12185	25085
12186	41956
12186	37800
12186	33698
12186	101766
12186	39104
12186	64329
12186	90346
12187	18412
12187	52534
12187	47197
12187	5776
12187	42644
12187	100672
12188	85058
12189	97156
12190	22352
12190	96671
12191	16798
12191	28537
12191	54125
12191	48896
12191	5074
12192	53067
12193	21998
12194	41588
12194	94633
12194	10685
12194	44733
12194	49935
12194	10708
12194	67848
12194	83862
12194	96711
12194	14402
12194	96815
12195	25908
12196	38339
12197	90881
12197	106158
12198	28148
12198	62350
12198	24584
12198	45715
12198	9252
12199	19042
12199	72034
12199	86983
12199	110166
12199	110167
12199	40878
12199	44224
12199	1672
12199	10989
12199	38388
12200	103126
12200	6294
12201	61242
12201	104646
12201	41433
12201	8255
12201	87465
12201	3951
12201	30
12201	23088
12202	14404
12202	20035
12202	27214
12202	11997
12202	85635
12202	39699
12202	4033
12202	1061
12202	27214
12202	91415
12202	45121
12202	95079
12203	89209
12203	71743
12203	98296
12204	90902
12204	71899
12204	40388
12204	71190
12205	61031
12206	18234
12206	87964
12206	5292
12206	46780
12206	67690
12206	75075
12206	88004
12206	37771
12206	6543
12206	41459
12206	37814
12206	95117
12206	46780
12207	67877
12207	13211
12208	80099
12208	7253
12208	79877
12208	73274
12208	9328
12208	43767
12208	101993
12208	107828
12208	79877
12208	105203
12208	46124
12208	2820
12208	111729
12208	18939
12209	69769
12210	73353
12210	84288
12210	84358
12210	4969
12210	85059
12210	2224
12210	60435
12210	16380
12210	1103
12210	93325
12211	107347
12212	56011
12212	12804
12213	15682
12213	11775
12213	4747
12213	90940
12214	3805
12214	9467
12214	97225
12214	74784
12214	20824
12214	67877
12215	84634
12215	84635
12215	84652
12215	84664
12215	84665
12215	88785
12215	92080
12216	52435
12217	1287
12217	60589
12217	56093
12218	29807
12219	22782
12220	84310
12220	29189
12220	41297
12220	28050
12221	3877
12221	85656
12221	31916
12222	44275
12223	88141
12223	36717
12223	83927
12224	79273
12224	103890
12224	71541
12224	5499
12225	16599
12225	2106
12226	5218
12227	21879
12228	60584
12228	32769
12228	45328
12228	65088
12228	76342
12229	30759
12229	4047
12229	91926
12229	42143
12230	42260
12230	3019
12230	95526
12230	54469
12230	92768
12230	104407
12230	81834
12231	86186
12231	104050
12232	47878
12232	106717
12233	12804
12233	95381
12233	55985
12234	49290
12234	9482
12234	5841
12234	41477
12234	33461
12234	83680
12235	5781
12235	64237
12235	83779
12235	69612
12236	63036
12236	4456
12236	4990
12236	29470
12237	7787
12237	1471
12237	38078
12237	109807
12237	38115
12237	14386
12237	28272
12238	37174
12238	10793
12238	21369
12238	29090
12238	77231
12239	96885
12239	1397
12239	50106
12240	3438
12240	88778
12240	88779
12240	106867
12241	2145
12241	71403
12241	48087
12241	50685
12242	25536
12243	9050
12244	100933
12245	87455
12246	83412
12246	26127
12247	93016
12248	65377
12248	46094
12249	28148
12250	59754
12250	49272
12250	102955
12251	85359
12251	93074
12252	319
12252	11910
12253	81085
12253	86766
12254	24089
12255	84721
12255	14473
12255	65000
12255	98008
12255	94227
12255	58483
12255	109503
12256	100669
12257	86700
12257	65732
12257	65152
12258	10182
12258	48226
12258	19344
12259	84627
12259	4104
12259	4390
12260	22191
12260	86459
12260	18729
12260	30593
12260	6120
12260	2701
12260	31841
12260	21577
12261	6363
12261	90992
12261	86133
12262	39140
12262	76058
12263	5424
12263	307
12263	8994
12264	91150
12264	92212
12264	86574
12264	93375
12264	93400
12264	81473
12264	13353
12264	110867
12265	30
12265	68665
12266	16211
12267	69506
12267	8255
12267	78871
12268	34816
12268	34230
12268	52593
12269	84326
12269	84327
12269	15152
12269	37295
12269	56779
12270	87312
12270	96574
12270	99112
12270	78093
12270	106242
12270	101536
12271	35660
12271	83584
12271	12329
12271	82607
12272	1633
12272	12175
12272	17905
12273	89787
12274	19640
12275	65757
12275	5110
12275	7576
12276	83663
12277	97682
12278	26249
12278	22046
12278	55472
12279	62443
12279	85823
12279	85926
12280	71598
12281	84628
12281	61242
12281	84629
12281	6806
12282	59649
12283	86778
12284	2471
12285	319
12286	84707
12287	26701
12288	56204
12288	34813
12288	576
12289	103386
12289	75649
12290	45515
12290	4152
12290	101380
12291	1742
12291	10150
12291	4293
12291	15353
12291	69625
12292	87094
12292	57099
12292	12713
12293	26368
12293	43602
12293	10687
12294	99896
12294	103067
12294	1629
12295	52495
12295	5819
12296	76272
12296	84630
12297	103051
12298	27639
12298	78342
12299	56204
12299	45239
12300	18217
12301	27750
12302	43469
12302	41670
12303	83041
12303	5212
12304	83225
12304	83342
12304	9403
12304	88055
12304	11049
12304	75771
12305	2314
12306	84448
12306	84449
12306	19106
12306	84483
12306	64386
12306	89590
12306	35062
12306	71770
12306	40189
12306	41703
12307	86215
12307	81177
12307	20104
12308	67411
12309	36393
12309	3849
12309	91665
12309	26297
12310	35361
12310	11911
12311	36151
12312	33279
12313	39085
12313	87086
12313	87128
12313	91629
12313	55409
12313	19979
12313	91643
12313	78635
12313	93692
12313	93774
12313	40471
12313	79340
12313	96208
12313	96209
12313	49368
12313	103509
12314	51352
12314	53201
12314	35894
12314	71696
12314	7144
12314	70481
12314	17881
12314	75556
12314	26249
12315	85247
12316	18823
12317	6974
12317	43330
12318	14255
12318	1742
12319	40656
12320	24290
12320	69746
12320	25689
12321	1018
12322	4223
12323	54954
12324	84516
12324	84517
12324	21461
12324	84548
12324	84683
12325	19482
12326	736
12326	1645
12326	96690
12327	97
12328	36373
12329	7745
12329	13033
12329	22309
12329	95588
12330	4826
12330	50058
12330	87331
12330	52358
12330	87401
12330	54179
12330	8854
12330	95652
12330	21482
12330	100236
12331	44230
12331	94024
12332	63795
12333	14015
12334	32275
12335	41703
12335	91145
12335	91560
12336	14207
12337	4007
12338	40695
12339	86271
12340	99046
12341	51711
12341	110100
12342	3278
12342	104374
12342	4995
12343	4145
12343	53067
12343	35906
12343	89006
12343	29432
12343	8533
12343	3853
12344	8726
12345	112165
12346	19602
12347	84469
12347	4372
12348	88554
12348	61500
12349	61694
12350	99140
12350	103116
12350	1643
12350	103137
12350	734
12351	92227
12351	1223
12351	50413
12351	23154
12351	97629
12351	98975
12351	59432
12351	69251
12351	108686
12351	108707
12352	87064
12353	83347
12353	51429
12354	83038
12354	72915
12355	26701
12355	77473
12355	14567
12355	28537
12355	29636
12355	3805
12356	44277
12356	84112
12356	31234
12356	92178
12356	97846
12356	25315
12356	94741
12356	79371
12356	101106
12356	38906
12356	58888
12357	48737
12357	80972
12357	20018
12358	14120
12358	78779
12359	64651
12359	14207
12359	67171
12359	43184
12359	75966
12360	18588
12361	76940
12361	37123
12361	38902
12361	9895
12361	74669
12361	41191
12361	67637
12361	39336
12361	25977
12361	28563
12361	95947
12361	53547
12361	33409
12361	13835
12361	9895
12361	64103
12361	34741
12361	57840
12361	105153
12361	34740
12361	25837
12362	8333
12363	83580
12363	3547
12364	100026
12364	109537
12364	109580
12365	92627
12366	24073
12367	65309
12367	12296
12368	92021
12369	84746
12369	47314
12369	1297
12369	61291
12370	67356
12371	86691
12371	87811
12371	94011
12372	45766
12372	26372
12373	83428
12373	11899
12374	84371
12375	97838
12375	26505
12376	6463
12376	97893
12376	97894
12377	95689
12377	99107
12377	16414
12377	99108
12377	75954
12378	85967
12379	70
12379	72703
12379	75845
12380	5953
12381	62981
12382	91713
12383	22003
12383	57228
12384	21343
12385	3494
12386	91101
12386	109626
12387	5424
12387	89245
12387	15988
12388	43223
12389	72845
12390	26701
12391	15764
12392	61218
12392	46827
12392	96721
12392	14394
12392	91757
12392	17377
12393	307
12393	46144
12393	45239
12393	9290
12393	36889
12393	9210
12393	67198
12394	15211
12394	42572
12394	104859
12395	30781
12396	2808
12397	17846
12397	13171
12398	20786
12398	93113
12398	3405
12399	91106
12399	8481
12400	51520
12401	84747
12401	6936
12402	84587
12403	19622
12403	29540
12404	58886
12405	47488
12405	57100
12406	12527
12407	97858
12408	26543
12408	92305
12408	35660
12408	52435
12409	74652
12410	91095
12410	33769
12411	89929
12411	33140
12411	100956
12411	100279
12412	82467
12412	87658
12412	27355
12412	107646
12413	92881
12413	8389
12413	97381
12413	24293
12413	107236
12413	107237
12413	69527
12414	26689
12415	32540
12416	7937
12417	64097
12417	56204
12418	47972
12419	72343
12419	95497
12419	105358
12419	88877
12419	20443
12419	20977
12420	86825
12420	79488
12421	3661
12421	18740
12421	43239
12422	61550
12422	6567
12422	16616
12422	104485
12422	7262
12422	104718
12423	19828
12424	100143
12424	16579
12424	81025
12424	100172
12424	17667
12425	8397
12426	1057
12426	56793
12427	87274
12427	29259
12428	40050
12429	85711
12430	50693
12430	59441
12430	74511
12430	46521
12430	6578
12430	101823
12431	42053
12431	52377
12431	100448
12431	86950
12431	105031
12431	80990
12431	3196
12431	61345
12431	3486
12431	31017
12431	4356
12431	108318
12431	71061
12431	73001
12431	20529
12431	29832
12432	754
12433	7930
12434	67410
12434	73522
12434	46811
12434	91715
12434	24618
12434	91716
12435	89827
12436	85188
12436	89954
12436	72898
12437	13769
12438	29742
12438	87963
12438	55949
12438	8829
12438	88104
12438	55515
12438	14544
12438	88844
12438	11997
12438	3580
12438	70565
12438	92433
12438	92444
12438	69801
12438	92843
12438	92987
12438	93018
12438	95781
12438	95782
12438	95783
12438	67586
12438	95847
12438	95848
12438	95892
12438	95893
12438	95953
12438	104912
12439	39451
12439	43326
12439	103129
12440	34922
12440	3407
12440	23203
12440	55943
12441	87592
12441	56054
12442	46451
12442	95523
12442	50052
12443	60135
12443	93699
12443	10524
12444	4104
12445	12356
12445	18438
12445	109562
12445	109563
12446	96951
12446	65596
12446	104605
12447	35177
12447	13188
12447	59819
12448	12686
12448	58683
12448	8192
12448	14527
12449	87316
12449	3021
12449	79809
12450	28735
12450	20628
12450	35751
12450	97332
12450	44006
12450	57375
12450	21657
12450	52523
12450	104881
12451	198
12452	87134
12453	45398
12453	70828
12454	49988
12454	109680
12454	109681
12454	109693
12454	109694
12454	109705
12454	109712
12455	29316
12456	16426
12456	5922
12457	37741
12457	17561
12457	55242
12457	30622
12457	80990
12457	94718
12457	17904
12457	26777
12457	76267
12457	82273
12457	17499
12457	65805
12457	94955
12457	82275
12457	48246
12457	41013
12457	105513
12458	990
12458	79547
12459	86125
12459	92214
12460	56022
12461	105775
12462	89589
12462	31925
12462	73650
12462	98500
12462	98501
12463	82199
12463	88622
12463	41266
12463	69202
12463	80951
12463	57062
12463	100063
12463	95381
12464	67647
12464	94388
12465	84540
12466	12990
12466	85445
12466	51960
12466	24191
12466	2277
12466	67459
12466	26648
12466	37532
12466	13974
12466	94875
12466	33226
12466	51960
12467	7277
12467	14575
12468	6435
12468	103728
12469	53128
12470	5424
12470	711
12471	366
12471	11287
12471	75966
12471	27423
12471	21877
12471	96867
12472	21723
12473	71209
12473	85655
12473	47250
12474	12331
12474	21
12474	4392
12474	84468
12475	7307
12476	88866
12476	86963
12476	74195
12476	101230
12476	63927
12476	28243
12476	98415
12477	99429
12478	22798
12478	69493
12478	18152
12478	3879
12478	78328
12478	57382
12478	22782
12478	105399
12479	30054
12480	23374
12480	63539
12480	90392
12480	91725
12480	8397
12481	50766
12481	95945
12482	83694
12483	2429
12483	18740
12484	92506
12485	48706
12486	19276
12486	90790
12486	91701
12486	92348
12487	104680
12487	926
12487	23603
12488	44502
12489	95322
12489	82406
12490	5301
12491	16811
12491	74968
12492	10077
12493	22453
12493	99488
12493	47728
12493	42868
12494	68647
12495	93975
12496	1326
12496	50225
12496	33990
12497	79249
12497	46265
12498	65832
12499	120
12499	61023
12499	89312
12499	39657
12499	101581
12499	1872
12499	9049
12499	96197
12499	7533
12500	87490
12500	2314
12501	3817
12502	103094
12502	3582
12502	2203
12503	52466
12504	85592
12504	29020
12505	84065
12505	86084
12506	91682
12506	91683
12507	21591
12507	25282
12507	96318
12507	8192
12507	96396
12507	96397
12507	8353
12507	2861
12508	59700
12508	25277
12508	9119
12509	31304
12509	63008
12509	25942
12509	102646
12509	7207
12509	11403
12509	33083
12509	108926
12510	12408
12510	75218
12510	65454
12510	44282
12510	11129
12510	84630
12510	80631
12511	48737
12511	62138
12511	26937
12512	98818
12513	86774
12513	86774
12514	84321
12515	74438
12515	49736
12516	49722
12516	33172
12516	72081
12516	106244
12517	10766
12517	93654
12517	49202
12517	97519
12517	87386
12518	2216
12518	43223
12518	94220
12518	102074
12519	91981
12520	192
12520	40067
12520	26232
12520	97270
12521	41576
12522	83509
12522	96794
12523	409
12524	37211
12524	3822
12524	1975
12525	65623
12525	35150
12525	68447
12525	57411
12525	70735
12525	71663
12525	13907
12525	74766
12525	100624
12525	100625
12525	71141
12526	84102
12526	65885
12527	12207
12527	56941
12527	67877
12528	72269
12528	92569
12528	90244
12529	83009
12529	52784
12529	16414
12529	68443
12529	6836
12529	86106
12529	68445
12529	109783
12529	106270
12529	39476
12529	110131
12529	64949
12530	20134
12531	60322
12531	35397
12531	26794
12531	92051
12532	44883
12533	19640
12534	111027
12534	109351
12534	111028
12534	111128
12534	12985
12534	110784
12535	27183
12535	99724
12536	67546
12536	104867
12536	25261
12536	109163
12537	88490
12537	90816
12537	97815
12537	21700
12538	58486
12539	993
12540	88120
12541	712
12541	60023
12541	10453
12542	100548
12542	36464
12542	101003
12543	24354
12543	5506
12544	7277
12544	31149
12544	84630
12544	2106
12545	89451
12546	62538
12546	98081
12546	3674
12547	26379
12547	1908
12548	12821
12548	12196
12549	56285
12549	67427
12549	9033
12549	10629
12549	4302
12549	47237
12549	94765
12549	98288
12550	13658
12550	41698
12550	34258
12550	109803
12551	105007
12551	74511
12551	54768
12552	61242
12552	15647
12553	60781
12554	69722
12554	41542
12554	6783
12555	26069
12556	104083
12557	84819
12557	25538
12557	28183
12557	3759
12558	86125
12558	71167
12559	96508
12559	96928
12559	65349
12559	28283
12560	45239
12560	29470
12560	91011
12561	38162
12561	32399
12561	31968
12561	88530
12562	62360
12562	16345
12562	17208
12562	91779
12562	46590
12562	2833
12562	12123
12562	58425
12562	105760
12562	8221
12562	72094
12562	46590
12562	4780
12562	106503
12563	39051
12564	21631
12565	36155
12565	5670
12566	90034
12566	9110
12567	75844
12568	3364
12569	2613
12569	12870
12569	80405
12569	23410
12570	83427
12570	4010
12570	83811
12570	13698
12570	38681
12570	49316
12570	54954
12571	83971
12571	91328
12571	97200
12572	92639
12572	92640
12572	109091
12572	109174
12573	89957
12573	100264
12573	103968
12573	106377
12574	92435
12574	93813
12575	97773
12576	30376
12577	84789
12577	2183
12577	84818
12577	77973
12577	84819
12577	18878
12577	84820
12577	77292
12577	38678
12577	13714
12577	74083
12577	11775
12577	14658
12577	88538
12577	79096
12577	81044
12577	88888
12577	8904
12577	89641
12577	58137
12577	6236
12577	11060
12578	95043
12578	53674
12578	46858
12578	96240
12579	1382
12579	62033
12580	84079
12581	8856
12581	62610
12582	91498
12582	93992
12582	109875
12583	91557
12584	31126
12584	7521
12585	65879
12585	97109
12585	81025
12585	4958
12586	105915
12587	7167
12587	92808
12587	19194
12588	27695
12589	663
12590	1495
12590	8771
12591	97462
12592	44497
12592	26273
12592	106756
12592	56709
12592	106775
12592	106776
12592	5954
12592	109565
12592	109634
12592	86180
12592	111169
12593	1880
12593	73553
12594	96441
12594	96473
12594	75243
12595	398
12596	5427
12596	16352
12596	5295
12596	95090
12596	5978
12597	89552
12597	91087
12598	230
12598	45239
12598	16547
12598	25147
12598	5424
12598	85641
12598	110823
12599	6782
12599	23973
12600	69292
12600	16707
12600	30759
12600	105062
12601	80243
12602	83637
12602	36155
12602	77739
12603	83437
12603	37868
12603	96264
12603	16555
12603	83310
12604	87339
12604	10764
12604	46421
12604	4525
12605	55788
12605	74401
12606	319
12606	44224
12607	103629
12608	82441
12609	25562
12609	46286
12609	86558
12609	29522
12609	5922
12609	11663
12609	89096
12609	21848
12609	97785
12609	97845
12610	83039
12610	85834
12610	14155
12610	70719
12611	95946
12612	89722
12613	96161
12614	83495
12614	95904
12614	107432
12615	19622
12615	72011
12615	54768
12616	79772
12617	3384
12617	17665
12617	11049
12617	79943
12618	56039
12618	20803
12619	92631
12619	33487
12619	104119
12620	78490
12620	75
12620	91291
12621	3297
12622	23902
12622	29809
12622	93380
12622	97217
12623	91984
12623	66
12624	60540
12625	13204
12626	83453
12626	90252
12626	40403
12626	67877
12626	711
12626	79711
12627	28317
12627	56054
12627	22069
12628	38463
12628	4615
12629	82323
12630	88275
12630	96813
12630	97111
12631	26044
12631	101715
12631	101716
12631	101728
12631	101730
12631	101752
12631	101753
12631	103840
12631	26443
12631	103851
12631	103852
12631	103878
12632	91572
12632	22102
12633	108528
12634	14984
12634	38011
12635	83665
12635	33718
12635	4538
12635	89900
12635	6438
12636	8777
12637	82629
12637	54366
12637	84624
12637	40279
12638	51161
12638	39167
12639	15682
12640	82867
12640	278
12640	84070
12640	6484
12641	94703
12641	15216
12642	89010
12642	6233
12643	54350
12643	105706
12643	105707
12644	55928
12644	5396
12644	37304
12644	46572
12645	671
12646	83890
12646	38096
12646	92290
12646	92304
12646	74339
12646	48330
12647	82090
12647	11404
12648	51922
12649	15962
12649	85485
12649	56204
12649	86225
12649	42085
12650	98153
12650	69244
12650	52192
12650	101176
12651	97209
12652	83062
12653	97434
12653	91938
12653	1810
12654	5463
12654	42438
12654	2276
12654	11049
12655	34078
12656	6422
12657	28827
12658	85034
12658	37598
12659	63510
12660	41227
12661	82977
12661	3398
12661	61677
12662	19537
12662	6236
12663	33879
12664	86115
12664	78055
12664	97757
12664	103171
12664	103172
12664	10813
12664	90421
12665	27016
12666	58096
12667	32809
12667	95978
12667	96214
12667	62391
12667	97323
12667	108233
12667	63344
12668	14661
12669	86259
12669	71973
12670	92123
12670	92124
12670	27869
12670	49537
12671	13829
12671	47350
12671	20374
12671	65229
12671	50658
12671	84555
12671	3110
12671	75294
12671	23825
12671	10453
12671	52938
12671	68931
12671	859
12671	50215
12671	4138
12671	101987
12672	76203
12672	68456
12672	10438
12673	9448
12674	17089
12674	17713
12675	20124
12675	19923
12675	11926
12675	44515
12675	13974
12675	20277
12675	99516
12675	13220
12675	7011
12675	23839
12675	80727
12675	45320
12675	79351
12675	9400
12676	104511
12677	91975
12678	86718
12678	86719
12678	86720
12678	86751
12679	20636
12679	19381
12679	11050
12679	2276
12679	37621
12679	14621
12679	99151
12679	22208
12679	3370
12679	72682
12679	99110
12679	92599
12679	108343
12680	83859
12680	83860
12680	27527
12680	33879
12680	65140
12680	85193
12680	72988
12680	23939
12680	2787
12680	67066
12681	89843
12681	89953
12681	89958
12681	89976
12681	83415
12681	90078
12681	35192
12681	105224
12682	4248
12683	3773
12683	87631
12683	50984
12683	54099
12683	28370
12683	109078
12683	91801
12683	109631
12684	39433
12684	14328
12684	82464
12684	84145
12684	84293
12684	64055
12684	37731
12684	87112
12684	92993
12684	94779
12684	99663
12684	79158
12684	96969
12684	603
12684	40441
12685	20363
12686	307
12686	102992
12687	88323
12687	88324
12687	11697
12687	69705
12687	102799
12688	50706
12688	55481
12688	86007
12689	3760
12689	23697
12690	6581
12691	47
12691	34734
12691	43628
12692	83973
12692	83974
12692	84028
12692	43371
12692	97153
12692	97201
12692	99647
12693	34914
12693	98868
12694	32974
12694	21472
12694	639
12694	4443
12694	17678
12694	7190
12694	4356
12694	102807
12694	105726
12694	107801
12695	49520
12695	2460
12695	2215
12695	32645
12696	18740
12696	38562
12696	2618
12696	3332
12697	96783
12698	36106
12698	19424
12698	3162
12698	97
12698	398
12698	3739
12698	92725
12698	23861
12698	14264
12698	67877
12698	4539
12698	87763
12698	29423
12698	34710
12698	23936
12698	84469
12698	23973
12698	95447
12698	53829
12698	3162
12699	33809
12699	91241
12699	107716
12699	60490
12699	108884
12700	66076
12700	101521
12700	101776
12700	101992
12700	104683
12700	104684
12700	104685
12700	105010
12700	105286
12700	62284
12701	12194
12702	93814
12702	97356
12703	76870
12704	61031
12704	17554
12704	1450
12704	86684
12704	70416
12704	111643
12704	111715
12705	83538
12705	81461
12705	73148
12705	95367
12705	86064
12706	93336
12706	93555
12706	6697
12706	34602
12707	13855
12707	64585
12708	83935
12708	25512
12708	14246
12708	93282
12708	93283
12708	104020
12709	82910
12709	106859
12710	103181
12711	60214
12711	8707
12712	98454
12713	94413
12714	4223
12714	34727
12714	319
12715	95564
12715	40060
12715	103502
12715	25873
12716	30767
12716	18784
12716	3515
12717	85901
12718	65858
12719	38793
12720	42728
12720	47175
12720	96124
12720	12290
12721	13007
12722	94080
12722	13698
12722	56374
12722	30335
12722	1364
12722	712
12722	15691
12722	29669
12722	63249
12723	83289
12723	84010
12723	30434
12723	3991
12723	18700
12723	4397
12723	56576
12723	92736
12723	92737
12723	34566
12723	13255
12723	34102
12724	63517
12725	29346
12725	60861
12725	92466
12725	92467
12726	7692
12727	93967
12727	6248
12727	93988
12727	30988
12727	97374
12727	97375
12728	27643
12728	24131
12728	1118
12728	20807
12728	29677
12728	9209
12728	75365
12728	35107
12728	56859
12728	75401
12729	82121
12729	70237
12729	2669
12729	30762
12730	57856
12730	54619
12730	3932
12730	83052
12730	26382
12730	42665
12730	4448
12730	57553
12731	10587
12731	70106
12732	9264
12733	86490
12733	93358
12733	2646
12733	96529
12733	102562
12734	85588
12734	85589
12735	100675
12736	17138
12737	84589
12737	84590
12737	82303
12738	11240
12739	5277
12739	81438
12739	106786
12739	70038
12739	73135
12739	106881
12740	32348
12740	1790
12741	9145
12741	67133
12741	105784
12742	6619
12742	90796
12743	60487
12744	98442
12744	2613
12745	18427
12746	8575
12746	10037
12747	89922
12747	89935
12748	5333
12749	61794
12750	59098
12750	18199
12751	27415
12752	3022
12752	100908
12752	2181
12753	87479
12753	35145
12754	52435
12754	12916
12754	7302
12754	4444
12755	98233
12755	98287
12755	3902
12755	101112
12755	101308
12756	17422
12757	23505
12757	105952
12758	83451
12758	32729
12758	52534
12758	78013
12758	87338
12758	32547
12758	19140
12758	93863
12758	26750
12759	10730
12759	13207
12759	84049
12759	24504
12760	94244
12760	94286
12760	18844
12760	24134
12760	6105
12760	41236
12760	24302
12761	8889
12761	61242
12762	12266
12762	35868
12762	97648
12762	39657
12762	6568
12762	13893
12762	27517
12762	97089
12762	93114
12763	26601
12763	795
12763	11011
12763	35147
12763	100470
12764	84733
12765	40944
12765	46647
12766	52599
12766	103800
12766	103801
12766	85565
12766	29600
12767	3220
12768	63211
12768	65438
12769	87887
12769	94058
12769	54928
12769	28373
12769	52985
12770	78403
12771	1397
12771	34234
12771	13211
12771	6648
12771	33132
12771	13860
12772	63581
12773	88473
12774	83268
12774	83269
12774	81487
12774	27691
12774	5673
12775	57442
12775	60487
12775	11426
12775	11182
12775	95214
12775	72951
12775	98928
12775	99493
12776	84178
12776	14897
12776	42644
12776	65000
12776	85050
12776	49578
12776	70733
12776	6290
12776	8124
12777	94852
12778	42179
12778	107108
12778	103161
12779	87907
12779	61464
12779	87972
12779	87973
12779	38410
12779	10489
12779	89368
12779	71180
12779	45880
12779	90112
12779	74029
12779	102896
12779	89609
12779	19847
12779	107505
12779	4780
12779	99732
12779	61464
12779	92990
12779	1382
12779	3513
12779	107978
12779	1496
12779	96794
12780	412
12781	83976
12781	38742
12782	27776
12783	27854
12783	101683
12784	57690
12784	7605
12785	68458
12785	39845
12786	107975
12787	95307
12788	42899
12788	26625
12789	85035
12789	105358
12790	80244
12790	53221
12790	89018
12790	27217
12790	15887
12791	24378
12791	52435
12791	1141
12791	110101
12792	12991
12792	84561
12792	46365
12792	100305
12792	91294
12792	8831
12792	102013
12792	28569
12792	76398
12792	37047
12792	54736
12792	8705
12792	100305
12792	106703
12792	106739
12792	94742
12792	39954
12792	86256
12793	59006
12793	58442
12794	23822
12794	32457
12795	43433
12795	24205
12796	53674
12796	71190
12796	63358
12796	19184
12796	84520
12796	108690
12796	10393
12797	782
12798	24816
12798	97
12798	21192
12798	83523
12798	22664
12798	56048
12799	19140
12799	106516
12799	106613
12800	2873
12800	18189
12800	36392
12800	14902
12800	35310
12801	89275
12801	89276
12801	89277
12802	83944
12802	59677
12802	91312
12803	62928
12803	95351
12803	95352
12803	68389
12803	27836
12804	39598
12805	24611
12806	69165
12806	40167
12806	31665
12806	77107
12807	5840
12807	31344
12808	88385
12808	88386
12809	60733
12809	60754
12810	82942
12810	82536
12810	5589
12811	11640
12812	285
12812	7686
12813	52955
12814	10510
12815	73870
12815	100262
12815	100571
12815	81819
12815	107591
12815	107592
12816	14383
12816	88783
12816	91396
12816	98458
12816	98481
12816	98707
12816	103539
12816	104248
12816	104303
12816	106121
12817	30759
12817	89168
12817	86304
12817	28164
12817	66405
12817	101904
12817	106584
12817	42262
12817	47683
12817	3064
12818	16052
12819	9538
12820	27880
12820	83373
12821	5211
12821	3027
12821	11049
12821	15325
12821	16555
12821	3368
12821	75845
12821	95439
12821	94653
12822	62601
12822	30
12822	89065
12822	89066
12822	54768
12823	1358
12823	8418
12824	86558
12824	93887
12824	93912
12824	69498
12825	2181
12825	911
12825	15176
12825	13654
12826	54054
12826	82974
12826	83030
12826	11910
12826	19515
12826	9417
12826	4261
12826	28005
12826	85374
12827	77120
12827	28050
12827	99656
12828	87499
12829	80154
12829	93045
12829	96565
12830	42209
12831	17756
12832	27911
12832	26506
12833	911
12834	88110
12834	4656
12834	88720
12834	88764
12834	88766
12834	1049
12835	319
12836	99409
12836	73172
12836	8208
12837	72270
12838	87724
12838	6033
12838	307
12838	10975
12838	42092
12839	1697
12840	71427
12840	70858
12840	108390
12841	30795
12841	56011
12841	307
12841	1920
12841	67495
12841	16221
12841	84564
12841	5424
12841	101296
12842	89767
12843	89292
12843	8259
12843	13206
12844	27016
12844	78176
12845	17639
12846	35305
12846	68562
12846	87557
12846	68544
12846	92830
12846	92896
12846	670
12846	93249
12846	93261
12847	91170
12847	19538
12847	50452
12847	87409
12848	72665
12849	7778
12849	214
12850	83756
12850	90345
12850	73450
12851	63314
12851	86724
12851	97055
12852	53203
12852	6464
12852	12747
12852	58644
12853	22230
12853	83796
12853	92456
12853	3086
12853	24793
12854	97
12855	89605
12855	57129
12855	3389
12855	89606
12855	57897
12855	89948
12855	32424
12855	26799
12855	28076
12855	89949
12855	89950
12855	90009
12855	90010
12855	28074
12855	90049
12855	90050
12855	79504
12856	72046
12856	99017
12857	94317
12858	6083
12859	11336
12860	96350
12860	16469
12860	14082
12860	7376
12861	83031
12861	83178
12862	10767
12863	52146
12863	14025
12863	10250
12864	7376
12865	31079
12865	96427
12865	11536
12866	319
12866	74200
12866	9033
12866	150
12866	2690
12867	4719
12868	71256
12868	47913
12868	13260
12869	14217
12870	104019
12870	8035
12871	34602
12872	283
12873	101718
12874	99453
12874	99455
12874	99609
12874	101748
12875	22388
12876	58196
12876	29690
12877	40929
12878	86141
12879	72845
12879	67120
12879	12207
12879	69786
12879	6167
12879	12094
12880	87890
12880	90583
12881	23136
12882	97327
12883	20632
12884	10443
12885	77018
12885	44844
12885	92912
12885	56625
12886	1365
12886	94508
12886	2516
12886	5849
12887	29247
12888	55985
12888	14217
12889	92032
12889	92033
12890	66959
12891	11613
12891	7089
12891	66156
12891	102682
12892	107111
12893	4970
12893	56605
12894	72277
12895	12039
12896	31396
12897	90538
12898	91350
12899	97859
12900	84397
12901	84293
12902	5712
12903	1368
12904	7930
12904	15998
12905	62701
12905	7323
12906	2810
12906	32993
12907	94195
12907	70236
12907	17887
12908	68710
12909	14503
12909	14544
12909	7164
12910	90030
12911	45925
12912	177
12913	10775
12913	93706
12913	104845
12913	66387
12914	94853
12915	32457
12915	76123
12915	94653
12915	117
12915	107360
12915	26273
12915	81497
12915	2661
12915	3332
12916	83423
12916	49713
12916	101367
12916	45506
12916	19215
12916	14178
12917	872
12918	10589
12918	88320
12918	65244
12918	50475
12919	40954
12920	15790
12921	85091
12921	85639
12921	10708
12922	47270
12923	32440
12923	60280
12924	85564
12924	85600
12924	73465
12924	91675
12924	91719
12924	91720
12924	33438
12924	68156
12925	53237
12926	2624
12927	1328
12927	4710
12928	105187
12929	61242
12929	12780
12929	35185
12929	105963
12929	34727
12930	91249
12930	91257
12930	91267
12931	26393
12932	10602
12932	60193
12932	105479
12932	10855
12932	58400
12932	10546
12933	53376
12933	57788
12934	40944
12935	2908
12935	92009
12935	2183
12935	28695
12935	6652
12935	26687
12935	15647
12936	56011
12937	22328
12938	88439
12938	10117
12938	3773
12938	43111
12939	21039
12939	27790
12939	71081
12939	19332
12939	58839
12939	35561
12940	95891
12940	103943
12940	103975
12940	105613
12941	36130
12941	37941
12942	88309
12942	88347
12942	13657
12942	59203
12942	90937
12942	27217
12942	91004
12942	42824
12942	98816
12942	100432
12942	22984
12942	59743
12942	102398
12943	24131
12943	105848
12944	86025
12945	278
12945	27554
12945	83140
12945	100583
12946	83697
12946	17503
12946	11561
12946	89798
12946	27754
12947	30029
12948	83660
12949	86372
12949	26925
12949	19640
12949	10894
12949	56531
12949	18034
12949	99729
12949	20354
12949	28287
12949	68765
12949	109467
12950	32164
12951	11850
12952	3220
12952	1522
12952	38923
12952	73315
12952	44095
12952	4969
12952	7619
12952	47223
12952	5049
12952	55406
12952	4223
12952	4777
12953	13930
12953	86286
12953	83228
12954	71908
12954	23739
12954	12601
12954	97023
12954	4629
12955	93223
12956	53865
12956	6149
12956	878
12956	61108
12956	67945
12956	55639
12956	26264
12956	108157
12956	83726
12956	102999
12956	75985
12956	2773
12957	45895
12957	97314
12958	67848
12958	74414
12958	1471
12958	11895
12958	72069
12958	7277
12959	2338
12959	86204
12959	29297
12959	28017
12959	34816
12959	78933
12959	45082
12959	97561
12959	3161
12959	5738
12959	75991
12960	87844
12960	48034
12961	2612
12962	3789
12962	84661
12962	10621
12963	90919
12963	10
12963	11388
12964	16432
12964	3083
12965	72838
12966	64783
12966	75043
12966	12499
12967	87563
12967	26269
12967	97761
12967	28420
12967	81544
12968	65335
12968	19358
12968	23036
12968	21264
12968	59795
12968	92928
12968	55967
12968	93504
12968	52925
12968	19358
12968	19014
12968	88797
12968	27775
12968	99105
12968	4071
12968	106471
12968	96509
12968	106503
12968	502
12968	99105
12968	107977
12968	32016
12968	108746
12968	28554
12968	23036
12968	88797
12969	76916
12969	7381
12969	84164
12969	6621
12970	29235
12970	98429
12970	9806
12970	102152
12970	17965
12971	88222
12972	13171
12972	108378
12973	2900
12974	11907
12974	98637
12974	63568
12974	100296
12975	92492
12976	46854
12976	47750
12976	49657
12976	111982
12977	89789
12977	89810
12978	55
12978	1170
12978	7474
12978	89576
12979	84188
12979	81835
12980	93436
12980	35730
12981	307
12981	15788
12982	68043
12983	76154
12983	89638
12983	62840
12983	40323
12983	34944
12984	60113
12984	67520
12985	17736
12985	307
12986	88619
12986	192
12986	6537
12986	101505
12986	41447
12986	101558
12987	69701
12987	13544
12988	19153
12988	2787
12988	28402
12988	4032
12988	7357
12988	96488
12988	20972
12988	99448
12989	17947
12989	37044
12989	8738
12990	36177
12990	87698
12990	64775
12990	99554
12990	5201
12990	37265
12991	14696
12992	45929
12992	93437
12992	26687
12993	22011
12993	8144
12993	3313
12994	16991
12994	73980
12994	16261
12994	7197
12995	16952
12995	28194
12995	28456
12995	96753
12995	16952
12995	94992
12995	108431
12996	19042
12996	69591
12996	80790
12997	61595
12997	30962
12997	24500
12998	34949
12998	50058
12998	9646
12999	90447
12999	13078
12999	83799
13000	6940
13000	5396
13000	19537
13001	95821
13001	95822
13002	32645
13003	85443
13004	69544
13004	8394
13004	43602
13004	28458
13005	14971
13005	92795
13006	3384
13006	28096
13006	4318
13006	23079
13006	5922
13006	9739
13006	14207
13007	28466
13008	87074
13008	19366
13009	8635
13009	70585
13010	94933
13010	78965
13010	103716
13010	103903
13010	33543
13010	103904
13010	103905
13010	63169
13010	104000
13011	86928
13011	28483
13011	35436
13011	19988
13011	23144
13011	87202
13011	87203
13011	85738
13011	87347
13011	87348
13011	108007
13011	108008
13011	108161
13011	48125
13011	27755
13011	108495
13011	108836
13012	85130
13013	7795
13014	76845
13014	89423
13014	93824
13014	5859
13014	73510
13015	1847
13015	46792
13016	66060
13017	58502
13017	6462
13017	18518
13018	83825
13018	83826
13018	82603
13018	83849
13018	13029
13018	83871
13018	90721
13018	32306
13018	94246
13018	25196
13018	97165
13018	97189
13018	7886
13018	98225
13018	83825
13018	98303
13018	106861
13018	108171
13018	98225
13018	98116
13018	90721
13018	111883
13019	31078
13019	3741
13019	55534
13019	49722
13019	103603
13020	93888
13021	67360
13022	316
13022	32043
13022	51713
13023	100034
13024	15790
13024	2276
13024	36036
13024	52199
13025	19154
13025	73422
13026	39423
13027	97588
13027	97589
13027	48555
13027	19290
13027	20551
13027	87160
13027	1494
13028	56204
13029	28566
13029	103507
13029	102428
13029	4923
13029	4958
13029	16352
13029	43851
13029	5295
13030	24496
13030	67358
13031	98655
13031	87160
13031	67356
13031	58452
13031	56239
13032	48727
13033	45330
13033	28585
13033	93941
13033	38219
13033	61658
13033	9903
13033	97259
13033	17817
13033	16249
13034	28537
13034	3842
13035	19204
13036	3908
13036	107557
13036	26918
13037	59853
13037	83359
13037	89342
13037	20800
13037	100364
13037	100365
13037	46035
13038	81189
13038	3805
13038	94561
13038	16993
13038	4183
13038	38374
13038	69521
13038	71536
13038	13555
13039	5733
13039	6822
13040	85689
13040	79960
13040	91529
13041	88708
13041	13247
13042	17002
13042	52209
13042	5061
13042	41507
13042	62071
13042	103920
13042	104026
13042	9003
13043	49484
13043	29010
13043	87329
13044	45061
13045	53772
13046	83151
13046	7436
13046	106910
13047	93918
13047	29058
13047	51998
13048	55891
13049	83963
13049	65513
13050	26495
13050	52950
13050	96264
13051	3740
13052	28272
13052	65074
13052	4710
13052	66125
13052	105744
13053	90294
13054	56204
13054	85641
13054	102283
13054	13930
13055	80904
13055	93670
13055	68546
13055	1414
13056	85046
13056	43602
13057	11498
13058	36891
13058	3977
13058	3943
13058	40395
13058	5424
13058	109356
13059	49272
13060	41170
13060	85798
13061	94318
13061	53880
13062	67877
13063	9467
13064	89071
13064	12887
13064	93907
13064	99622
13064	80796
13064	105584
13064	77384
13065	73617
13065	88365
13065	88366
13065	26481
13065	88367
13065	66403
13066	83048
13067	32645
13067	76589
13068	63421
13068	401
13069	25085
13069	48706
13069	14630
13070	94141
13070	95003
13070	96000
13070	6952
13070	23481
13070	41700
13071	93233
13071	27004
13072	58411
13072	96261
13073	56204
13074	86511
13074	16891
13075	54529
13075	43602
13075	307
13076	86645
13076	57245
13077	101569
13077	14530
13078	14137
13078	51244
13078	94332
13078	1620
13078	14525
13078	98259
13079	33999
13079	110287
13080	104098
13081	4419
13081	9916
13081	66258
13082	43767
13083	1832
13084	12582
13084	20018
13085	88205
13085	2276
13085	27475
13085	100324
13086	52568
13087	84372
13088	4318
13088	230
13089	16752
13089	47295
13089	56204
13090	76608
13091	77692
13091	86347
13091	102666
13091	102667
13092	3258
13092	95081
13093	51628
13094	84792
13095	85727
13095	5686
13096	97976
13097	5750
13097	96603
13097	96604
13098	51514
13099	69
13099	42216
13100	51970
13100	94945
13100	94946
13100	94993
13100	95097
13100	95140
13100	102173
13100	79869
13101	47064
13102	87156
13103	23861
13104	13027
13104	990
13104	84948
13104	31734
13104	29125
13104	10702
13104	1706
13104	83437
13104	110140
13104	109317
13104	16798
13104	110527
13104	2394
13104	111449
13105	11683
13106	21334
13107	14026
13107	52070
13107	434
13108	88824
13108	31495
13108	28803
13108	94540
13109	54469
13110	83414
13110	105274
13110	108005
13110	108106
13110	108130
13110	108290
13110	108851
13111	57352
13112	32416
13113	87745
13113	87752
13113	88092
13113	17817
13113	2774
13113	89127
13113	74242
13113	108821
13113	29299
13113	94995
13113	99227
13113	740
13113	17817
13113	110135
13113	17544
13114	20666
13114	95493
13114	98232
13114	33445
13114	15794
13114	109399
13115	13171
13115	14786
13116	75966
13117	80769
13117	72270
13117	12472
13117	33903
13117	59003
13117	92296
13117	65158
13118	34072
13118	103679
13118	54875
13119	2471
13120	9448
13120	40364
13120	71863
13120	61242
13120	15551
13120	21610
13120	54041
13120	39255
13121	85602
13121	65403
13122	20445
13122	34786
13122	97996
13123	37808
13123	6568
13123	13211
13123	1397
13123	35361
13124	59431
13125	83368
13126	5391
13127	84141
13127	9948
13127	85579
13127	35195
13127	59890
13128	14090
13129	20827
13129	6766
13130	24982
13130	79295
13130	76307
13130	47286
13131	45612
13131	72069
13132	17205
13133	198
13133	66735
13134	85106
13134	85140
13134	61746
13134	20729
13134	20729
13135	92583
13135	7422
13136	15501
13137	2276
13138	77125
13139	33732
13139	103882
13140	87456
13141	109304
13141	92090
13142	33567
13143	90396
13144	67848
13144	14402
13144	53684
13145	25538
13146	10123
13146	11537
13146	87823
13146	90254
13146	11777
13146	101866
13146	753
13146	5499
13146	101875
13147	7860
13148	63971
13148	18711
13149	41183
13149	8904
13150	87375
13151	19975
13151	52658
13151	40965
13151	84006
13151	48435
13151	19975
13152	91660
13152	2653
13153	41580
13153	1961
13153	105097
13153	29155
13153	108155
13153	5881
13153	13912
13154	95162
13154	4367
13155	2276
13155	16798
13155	94023
13156	85787
13156	18169
13156	14700
13156	88401
13156	11465
13156	94738
13156	19903
13156	94554
13156	19843
13157	80631
13158	85413
13158	4239
13159	71045
13159	9290
13159	951
13159	89556
13159	84263
13159	4036
13159	41835
13159	37571
13159	71451
13159	58698
13159	78755
13159	25259
13159	14217
13159	94228
13159	97879
13159	24801
13159	103893
13160	83638
13160	86734
13160	87391
13161	61062
13161	8232
13161	15596
13162	27343
13162	2814
13163	7437
13163	7601
13164	92385
13164	46552
13164	32523
13165	87668
13165	87669
13165	109688
13165	69878
13165	109689
13165	109734
13165	109735
13165	42642
13166	7748
13166	28564
13166	5085
13166	95568
13167	18892
13168	25680
13169	11976
13169	88480
13169	8094
13169	105532
13169	6621
13170	18034
13170	63300
13170	6959
13170	66803
13170	84591
13171	57712
13171	83401
13171	83426
13171	36686
13172	61664
13172	20976
13173	83409
13173	105259
13173	105260
13173	105268
13173	98420
13174	60620
13175	16774
13175	38976
13175	3368
13176	4643
13176	97250
13176	97251
13176	97252
13176	47347
13176	106677
13176	37779
13176	106678
13176	106679
13177	46139
13177	65088
13178	30288
13179	11240
13180	96903
13180	90735
13181	10130
13181	7643
13182	99049
13183	11465
13183	2957
13184	25947
13184	46840
13184	29518
13185	23697
13185	97955
13185	100465
13185	105852
13186	53865
13186	92335
13187	53264
13187	6262
13187	86303
13188	92999
13189	23098
13190	6936
13191	29470
13192	20173
13192	89250
13193	22330
13193	43433
13194	26580
13194	67427
13194	33417
13194	31149
13194	78521
13194	83730
13194	74463
13194	103192
13195	82947
13195	86745
13196	78568
13197	64074
13197	1717
13197	48
13197	50325
13198	88658
13198	37638
13198	10623
13198	86555
13198	5347
13199	12961
13200	83636
13200	89424
13200	40141
13200	2322
13200	101500
13200	101501
13200	43163
13200	101530
13201	18588
13201	72940
13201	106885
13201	106886
13201	86629
13201	86599
13202	84802
13203	53905
13204	65839
13204	52743
13204	93073
13204	39433
13204	78850
13205	61358
13206	93535
13207	98011
13207	98012
13207	105782
13208	77310
13208	93984
13208	11640
13209	84464
13209	75516
13209	85642
13209	36879
13209	70826
13209	95535
13209	39023
13209	45370
13209	68985
13209	12884
13209	27927
13209	43539
13209	96191
13209	100565
13209	93114
13209	42209
13209	93563
13209	34417
13209	107263
13210	56011
13210	56204
13211	52323
13211	29128
13211	52461
13212	54494
13212	26364
13212	30405
13212	96490
13212	6427
13213	18034
13213	88557
13213	7656
13214	90198
13215	33054
13215	8037
13216	25397
13216	21020
13216	2188
13216	37583
13216	7418
13217	28468
13217	96788
13217	96789
13217	96790
13217	96814
13217	34227
13218	4643
13219	307
13219	80349
13219	8661
13219	47085
13220	45947
13220	784
13220	87758
13220	10545
13220	85110
13220	98262
13220	76462
13220	56986
13220	44481
13220	283
13220	104842
13220	69234
13221	94624
13222	83344
13223	76176
13223	68458
13223	102600
13224	73174
13224	580
13225	24618
13225	62
13226	101432
13227	57919
13228	76090
13228	20166
13228	40441
13228	82975
13228	3086
13228	32629
13228	12062
13228	46706
13229	26264
13229	3465
13229	84580
13229	84613
13229	40840
13230	16798
13231	3582
13232	14503
13233	13784
13233	11997
13233	5859
13233	8077
13233	18137
13233	4196
13234	2872
13234	2224
13234	29213
13235	83195
13236	91627
13236	22485
13236	70247
13237	5901
13238	53739
13239	83968
13239	87687
13239	43261
13240	11955
13241	83243
13241	64535
13241	15227
13241	64017
13242	44786
13243	94614
13244	87285
13244	52368
13244	59935
13244	36208
13244	10044
13244	25574
13245	11765
13246	33995
13247	60923
13247	99308
13247	18835
13247	49
13247	104217
13248	56204
13249	44809
13250	40767
13250	46215
13250	71633
13251	82975
13251	82976
13252	78528
13252	94777
13253	5211
13253	4288
13254	45239
13255	77236
13255	48026
13256	43968
13257	84666
13257	4327
13257	12302
13257	85886
13257	24548
13257	24471
13257	31719
13257	79540
13258	14465
13258	21406
13259	67480
13259	1306
13260	5350
13261	80380
13262	54796
13263	84274
13263	53933
13263	102356
13263	102357
13263	102365
13263	102366
13263	6033
13263	106991
13263	43032
13263	108105
13264	83498
13264	18787
13264	37858
13264	92246
13264	19147
13264	82866
13265	53787
13266	13771
13267	24816
13268	75623
13269	72143
13269	87591
13269	75788
13269	51174
13269	14949
13269	74674
13269	73780
13270	99301
13270	99742
13270	99743
13271	39425
13271	6705
13271	83290
13271	71915
13271	83328
13271	4157
13271	51578
13271	70659
13271	88206
13271	88319
13271	676
13271	15990
13271	5861
13271	68581
13271	49942
13271	91024
13271	91025
13271	58774
13271	15990
13271	5217
13271	88319
13271	100560
13271	100796
13271	100858
13271	52546
13271	6387
13271	76731
13272	96989
13272	198
13272	100043
13272	100101
13273	54697
13273	90349
13274	17718
13274	1981
13274	52434
13275	4517
13275	5109
13276	86387
13276	1920
13276	319
13276	15348
13276	307
13277	2773
13278	60527
13278	28420
13278	5896
13279	89888
13280	19631
13280	105839
13281	107862
13282	83085
13282	93468
13282	47803
13282	100177
13282	100215
13283	98035
13283	101476
13283	10975
13284	43326
13284	3162
13284	9424
13284	97940
13285	13563
13285	96672
13286	84555
13286	27090
13287	409
13287	71968
13287	83818
13288	85982
13288	50352
13288	87778
13289	2277
13289	80718
13290	29391
13290	52698
13291	95123
13291	576
13292	92487
13292	28297
13293	23926
13294	34129
13294	6603
13294	9337
13294	27324
13295	87323
13295	87324
13295	79955
13296	69911
13296	92553
13296	9391
13297	25104
13298	45451
13299	88568
13300	24323
13300	3691
13300	20208
13300	2872
13301	9025
13302	81398
13302	5828
13303	10304
13303	5391
13303	37967
13303	107090
13303	13063
13303	19622
13304	56011
13305	17594
13305	93401
13305	48896
13305	44168
13306	45566
13307	1892
13308	86032
13308	92171
13308	35628
13309	17710
13309	86287
13309	3718
13310	72009
13311	54979
13311	47257
13311	78512
13311	13248
13311	104293
13311	3895
13311	104371
13311	38476
13311	70222
13311	55683
13311	50597
13311	81623
13311	5634
13312	36097
13312	3019
13312	65726
13312	71555
13312	11299
13312	28011
13312	22898
13312	13220
13312	14026
13312	1339
13312	8520
13312	34038
13312	112259
13313	76136
13313	85591
13314	43048
13314	3877
13314	84102
13315	5214
13315	56773
13315	1243
13316	100158
13316	100159
13316	14489
13316	1863
13317	93226
13317	93227
13317	46722
13317	852
13318	86425
13319	27902
13319	54467
13320	103131
13321	32747
13321	5452
13321	12062
13322	83231
13323	77471
13324	75799
13324	44138
13325	26575
13326	67878
13326	55042
13326	89746
13326	95780
13326	36797
13326	95979
13326	19558
13326	21167
13326	35270
13326	40441
13326	52583
13326	19558
13326	4340
13326	86745
13327	4302
13328	78490
13328	61031
13328	92617
13329	100189
13329	107294
13330	94068
13330	98117
13330	104129
13330	101689
13331	15821
13332	4547
13333	98665
13333	98666
13333	98894
13334	11810
13334	26687
13334	11772
13334	83310
13334	65173
13334	993
13334	21109
13334	2696
13334	14383
13334	18784
13334	14786
13334	61242
13334	1920
13334	2103
13335	34308
13335	10669
13336	88044
13336	35361
13337	38048
13337	36532
13337	54885
13337	26392
13337	74984
13337	1388
13338	74029
13338	2928
13338	65074
13338	108132
13338	36340
13338	45445
13338	108253
13338	108300
13339	88099
13339	88429
13340	21782
13340	7682
13340	344
13340	25301
13340	23584
13340	90195
13340	69668
13340	79180
13340	100225
13341	2775
13341	11737
13341	71484
13341	5849
13341	104503
13342	87304
13343	100161
13343	100162
13343	65284
13343	100284
13343	93699
13343	14688
13343	38213
13343	109669
13343	110250
13343	110251
13343	111534
13343	111535
13344	55170
13345	57607
13345	93123
13346	10285
13347	93094
13348	56204
13349	81322
13350	29565
13350	96152
13351	51973
13351	85079
13351	89725
13351	94589
13351	11134
13352	2314
13353	39292
13353	100975
13354	14228
13354	6287
13355	46722
13356	31892
13356	50634
13356	80667
13356	75887
13356	81025
13356	83413
13357	21920
13358	2800
13358	22006
13358	3902
13359	78490
13359	1450
13359	15998
13360	71256
13360	17694
13361	26628
13361	36756
13361	16523
13361	44091
13361	96865
13361	96866
13361	96887
13361	8592
13362	41648
13363	46156
13363	100298
13364	4283
13364	110070
13364	110071
13365	86114
13365	9391
13366	86630
13367	84794
13367	94491
13367	94120
13367	69971
13368	33375
13368	2138
13368	29623
13368	78744
13369	72011
13369	13323
13370	93578
13370	10117
13370	13855
13370	50610
13370	67877
13371	89907
13371	31976
13371	418
13371	48332
13371	31571
13371	31106
13372	10848
13372	50588
13372	26643
13372	7780
13373	56709
13374	47422
13374	29641
13374	86818
13375	75950
13375	23132
13376	85574
13376	85671
13376	89493
13376	111014
13376	82828
13376	111452
13376	111453
13377	95401
13377	40461
13377	91939
13378	43997
13378	85025
13378	13043
13379	48855
13379	100011
13379	100013
13380	49696
13381	5021
13381	31459
13381	17119
13381	67473
13381	85093
13381	33524
13382	62328
13382	91744
13383	97490
13383	97577
13383	97578
13383	97579
13384	61495
13385	32477
13385	87671
13385	106580
13385	4345
13385	80223
13385	73524
13385	107348
13386	13341
13386	102684
13386	102693
13387	16797
13387	87052
13387	107202
13387	103857
13387	78189
13388	97449
13388	97727
13388	97728
13388	14619
13388	31124
13388	94850
13389	5844
13390	67685
13391	14082
13391	88040
13391	33165
13391	12196
13391	834
13391	38291
13391	72
13392	96625
13393	63932
13393	11765
13393	58644
13394	55639
13395	85464
13396	111517
13397	56964
13397	870
13397	95129
13397	43059
13397	104902
13398	13183
13399	2810
13399	13709
13399	14796
13400	38230
13401	15832
13402	106878
13402	110972
13402	43292
13403	10308
13403	20460
13404	83310
13405	85088
13406	48223
13406	84047
13406	84854
13406	84859
13406	96077
13406	96093
13406	41063
13406	96094
13406	65904
13406	37412
13406	96138
13407	10007
13408	85419
13409	40763
13409	87684
13410	13829
13410	83398
13410	11127
13411	107384
13411	91299
13411	11461
13412	1795
13412	48483
13413	10708
13414	78934
13414	69026
13415	87904
13416	49085
13416	83929
13416	60391
13416	89040
13416	40384
13416	94596
13417	13806
13418	24633
13418	78285
13418	4318
13418	11663
13419	63330
13420	93535
13420	89994
13421	15788
13421	96022
13421	1306
13421	96024
13421	34727
13422	38058
13423	26802
13423	1165
13424	94771
13424	94800
13424	94916
13424	75790
13424	95137
13424	95165
13425	45513
13425	1103
13426	230
13427	18084
13427	2994
13427	17939
13427	75403
13427	6148
13427	82000
13427	83552
13427	95806
13427	96034
13427	78116
13427	99573
13427	99612
13427	41013
13427	4327
13427	18184
13428	66443
13429	83089
13430	84469
13431	17826
13432	91293
13432	91349
13433	92549
13433	85968
13433	92132
13433	85055
13433	97784
13434	14814
13434	89940
13434	56555
13434	1604
13434	11224
13434	61104
13434	41119
13434	70221
13434	19109
13434	14814
13434	2669
13435	69668
13435	7213
13436	2640
13437	97905
13438	81114
13438	9463
13438	11764
13438	95566
13438	19125
13439	5074
13440	2224
13440	47942
13440	54781
13440	66190
13440	20476
13441	5505
13442	7307
13442	1959
13442	11477
13443	82568
13443	576
13444	105363
13444	105440
13444	93588
13444	105441
13445	97833
13446	9068
13447	77795
13447	51
13448	55910
13449	5588
13450	90366
13450	55542
13450	48016
13451	89383
13451	4324
13451	39311
13452	80415
13452	93116
13452	94503
13452	13499
13452	5581
13452	78163
13452	28135
13452	103110
13452	13058
13452	94141
13452	14496
13452	18047
13452	40108
13452	8276
13452	17397
13453	84352
13453	74290
13453	25774
13453	29125
13453	3202
13453	104666
13454	85809
13455	83466
13456	47955
13457	68753
13458	15128
13458	67546
13458	17452
13458	9400
13458	22965
13458	40863
13458	2872
13458	80242
13458	36370
13458	3908
13458	16826
13458	22366
13458	33662
13459	2277
13460	27680
13460	77120
13460	57856
13460	11599
13460	27016
13460	56745
13460	52798
13460	90097
13460	27016
13460	27680
13461	48839
13462	80962
13463	17612
13464	91352
13465	85426
13465	85488
13465	100396
13465	69992
13465	50877
13465	32397
13465	100586
13465	3422
13465	82341
13465	100587
13465	98764
13465	44629
13465	100737
13465	69993
13465	67100
13465	58218
13465	105822
13465	105984
13465	64503
13465	35749
13465	62652
13465	109180
13465	20233
13465	63257
13466	79061
13466	52626
13466	53737
13466	8917
13466	19200
13467	96608
13468	45239
13468	49256
13469	1314
13469	25799
13469	2817
13469	736
13470	3329
13470	58669
13470	1542
13470	81694
13470	105816
13471	307
13472	91598
13472	1406
13472	41100
13472	68982
13472	24823
13472	7618
13473	46804
13473	13832
13474	30037
13475	35714
13475	91468
13475	93170
13475	79773
13475	35680
13475	3090
13475	96072
13475	52127
13476	5452
13476	22918
13476	98450
13477	86247
13477	97033
13477	4444
13477	100937
13478	4903
13478	40029
13478	89787
13478	30093
13478	93106
13478	56011
13478	37892
13478	87561
13478	45410
13479	84976
13480	22415
13480	96986
13480	11
13481	1057
13481	90944
13482	76737
13483	82426
13483	28096
13484	88410
13485	84736
13486	46111
13486	82036
13486	47972
13486	105418
13486	78481
13486	11046
13486	13686
13487	58054
13487	86450
13487	90105
13488	42184
13488	88770
13488	88771
13488	88772
13488	106297
13488	106298
13488	106299
13488	44046
13488	106353
13488	24923
13488	106354
13488	106355
13488	98034
13489	38374
13489	21130
13490	91395
13490	5237
13490	12018
13490	24483
13490	67619
13490	101823
13490	72768
13491	8726
13492	8315
13492	9622
13493	107680
13493	107762
13494	97410
13494	6739
13495	98419
13495	98443
13495	101119
13495	101199
13495	101200
13495	14546
13496	178
13497	6761
13497	25837
13497	38410
13497	47024
13497	12117
13497	93542
13497	7288
13497	96699
13497	61268
13497	96878
13497	29520
13497	61757
13497	12117
13497	98129
13497	104507
13497	6761
13497	8486
13497	14119
13497	39963
13497	108380
13498	9187
13498	29540
13498	9705
13498	17761
13498	14207
13499	3068
13500	84622
13501	34333
13501	19920
13501	105599
13502	91500
13503	98299
13504	24293
13505	22111
13505	19872
13505	45239
13505	1920
13505	58949
13506	43201
13506	521
13507	89250
13507	27695
13508	88023
13509	72573
13509	30173
13509	42205
13510	83808
13510	13187
13510	87254
13510	92731
13511	83738
13511	2314
13512	75493
13513	13659
13513	13261
13514	86554
13514	86574
13514	30822
13514	3930
13515	68042
13515	88379
13515	99103
13515	26054
13515	67462
13515	103276
13516	86707
13517	91969
13517	68103
13518	94973
13518	4894
13518	38762
13519	51711
13519	90446
13520	88050
13520	88052
13520	44780
13520	66775
13521	93600
13522	83133
13522	228
13523	43602
13524	1748
13524	9143
13525	87764
13525	59764
13526	97308
13526	80373
13526	2241
13526	26325
13527	1141
13527	69747
13527	7652
13527	46308
13527	46859
13527	1058
13528	149
13529	77307
13529	85017
13529	85739
13529	95024
13530	86925
13531	54529
13531	75845
13532	84482
13532	52258
13532	15087
13532	13208
13532	280
13532	12808
13532	10504
13532	20196
13532	93942
13532	61786
13533	43618
13533	4017
13534	56011
13534	14411
13534	4891
13535	90439
13535	90569
13536	96829
13536	97243
13537	61475
13538	11499
13539	32240
13540	4251
13541	43539
13541	2079
13542	95256
13542	21577
13542	15887
13543	22310
13543	3575
13543	50588
13543	8418
13544	84042
13545	80307
13545	95150
13545	69591
13545	80380
13545	26228
13545	71455
13545	12427
13546	85368
13546	14032
13546	22037
13546	35094
13546	25927
13547	28458
13547	84016
13547	13027
13547	33441
13547	13171
13547	29125
13547	24199
13547	74995
13548	96386
13549	33867
13549	66455
13550	93482
13550	78807
13551	2833
13552	97432
13553	3329
13553	10359
13554	87961
13554	11222
13555	4538
13556	104616
13556	69954
13557	83632
13558	67957
13559	1393
13560	48251
13561	104523
13562	43585
13563	83175
13563	84446
13563	85051
13563	82280
13563	85397
13563	20018
13563	85548
13563	85785
13563	85786
13563	48159
13563	83175
13563	86802
13563	87539
13564	95555
13564	71363
13564	8919
13564	95682
13565	20421
13566	4938
13566	24175
13567	83078
13567	22869
13567	8400
13568	28050
13568	72869
13568	25503
13569	73138
13569	88697
13569	8573
13569	29807
13569	30405
13569	92504
13570	83799
13571	6172
13572	85358
13572	30409
13572	4145
13572	91248
13573	12771
13573	12290
13574	41076
13575	92612
13575	4665
13575	13520
13575	92621
13575	99300
13575	79588
13575	33618
13575	99349
13576	92880
13577	88920
13577	13171
13577	23972
13577	27476
13577	33908
13577	9554
13577	96405
13577	89588
13577	100849
13577	26502
13578	37883
13579	48673
13579	103664
13579	73325
13579	9470
13580	32135
13580	85614
13580	2743
13580	16412
13580	34239
13580	69426
13581	69910
13581	6781
13581	81139
13581	103058
13581	108795
13581	108796
13581	108797
13582	58184
13582	62920
13582	34692
13583	74800
13584	88065
13584	67370
13584	79311
13584	25218
13585	104390
13585	106806
13585	107451
13586	49520
13586	2697
13586	35314
13586	4033
13587	1656
13588	96855
13588	8187
13588	71091
13588	4304
13588	17190
13588	5885
13589	10126
13590	4809
13591	30462
13591	30758
13591	46748
13592	84247
13592	84365
13592	94822
13592	9390
13592	31420
13592	29047
13592	100441
13592	23986
13592	104802
13592	104804
13592	79874
13592	104868
13592	11327
13592	104924
13592	96721
13593	31163
13593	44692
13593	7924
13593	48178
13593	82459
13594	82968
13594	80602
13594	7167
13594	46209
13595	75381
13595	74350
13595	96725
13595	96738
13596	13974
13596	36220
13596	5413
13596	12619
13596	101522
13597	8492
13598	10005
13599	86849
13600	108801
13600	50008
13600	61917
13601	94031
13601	68681
13601	107911
13602	8948
13603	5347
13603	85641
13603	4846
13604	97834
13604	47972
13604	22841
13604	2587
13605	89980
13606	6581
13607	26264
13607	37808
13607	33115
13607	21965
13607	1328
13608	30581
13608	908
13609	50161
13609	38003
13609	24856
13609	26783
13609	98884
13610	26963
13610	89260
13610	81595
13610	20699
13610	3673
13611	61242
13612	6479
13613	88201
13614	97770
13614	19615
13614	48456
13614	97809
13614	29474
13615	90435
13615	34997
13615	38149
13616	82992
13616	58966
13616	4858
13616	83013
13616	40679
13616	93893
13616	11105
13616	36630
13616	14082
13616	32668
13616	97468
13616	7643
13616	57807
13616	97529
13616	15259
13616	177
13616	9209
13616	11139
13616	97540
13616	22998
13616	14821
13617	51370
13617	64008
13618	61242
13619	101288
13620	18460
13620	26982
13621	39991
13621	93673
13622	43649
13623	3932
13624	30598
13624	67877
13624	10117
13625	90190
13625	13981
13625	45252
13625	16204
13625	3848
13625	91757
13625	9567
13625	62370
13625	43306
13625	47660
13625	59776
13625	17846
13625	28857
13625	40833
13625	96821
13626	84763
13626	83896
13626	79110
13627	24354
13627	95067
13627	4047
13627	91740
13627	33501
13628	32172
13628	32171
13629	77887
13629	6624
13630	12808
13631	11279
13631	5787
13632	41100
13632	84133
13632	110572
13633	5396
13634	7910
13634	36539
13634	51738
13634	97955
13634	34782
13634	81648
13634	103301
13634	10866
13634	63752
13635	14677
13636	87071
13636	28815
13636	52435
13637	19529
13637	61811
13637	80456
13638	89706
13639	15918
13640	104531
13640	73675
13640	33372
13641	83016
13642	23994
13642	81596
13642	15527
13642	25538
13643	92956
13643	4318
13643	4223
13643	317
13643	58571
13643	576
13644	87443
13644	87546
13644	87943
13644	1170
13644	66772
13644	87944
13644	88123
13644	88136
13644	88145
13644	90229
13644	90230
13644	90245
13645	3278
13645	14090
13645	3853
13646	84071
13646	68340
13646	84108
13646	72699
13646	95390
13646	95499
13646	63604
13647	20529
13647	83214
13647	16262
13647	19340
13647	15316
13647	82851
13647	83263
13647	16752
13647	63753
13647	86853
13647	41668
13647	7164
13647	86858
13647	86883
13647	72011
13647	63753
13647	757
13647	63757
13647	86407
13647	46088
13648	90336
13648	44939
13648	93452
13649	16146
13650	97187
13650	97232
13650	22387
13651	85085
13651	48838
13651	100578
13651	96002
13651	1544
13651	61687
13652	43433
13652	69261
13652	95900
13653	26993
13654	85661
13655	30705
13655	1214
13655	100898
13655	100977
13655	47945
13655	101018
13655	24741
13655	104890
13655	104971
13655	106644
13655	17800
13655	14654
13656	29125
13656	95135
13657	19299
13658	18588
13658	97089
13658	5859
13659	48641
13659	92071
13659	50374
13660	9424
13660	4710
13661	14169
13661	15337
13661	84714
13661	69544
13662	56735
13662	11672
13662	86287
13662	4747
13662	69415
13662	36508
13662	69627
13663	30767
13663	26687
13663	18784
13664	91092
13665	19086
13665	83292
13666	73722
13667	20451
13667	12905
13667	12804
13668	3817
13669	38315
13669	103812
13669	71997
13669	1223
13669	50413
13669	30801
13669	100918
13670	27181
13671	52880
13672	72573
13672	53391
13673	79126
13673	61242
13674	2769
13674	87527
13674	8472
13675	89472
13676	3465
13677	39146
13678	87445
13678	87446
13678	81052
13678	88919
13678	87346
13678	50656
13679	84229
13680	91182
13681	13909
13681	86560
13681	86561
13681	11655
13681	86867
13681	31034
13681	92055
13681	45512
13682	73396
13682	79377
13682	68377
13683	61689
13683	30176
13684	32073
13684	57098
13684	95972
13684	101231
13685	29636
13685	30790
13685	88773
13686	1564
13687	87148
13687	87552
13687	88014
13688	28056
13689	76147
13689	30793
13689	89799
13689	89800
13689	89933
13690	12856
13690	72108
13690	98656
13690	98658
13690	90974
13690	10585
13690	1799
13691	307
13691	5424
13691	56011
13691	82076
13691	91180
13691	72422
13692	78319
13692	47299
13692	94109
13693	65283
13693	11449
13694	45770
13694	8745
13694	84165
13694	60487
13694	83862
13694	63950
13694	102218
13694	103424
13694	103425
13694	93925
13694	4340
13695	97461
13695	101479
13695	62578
13696	85177
13696	85369
13696	85371
13696	58300
13696	86512
13696	84145
13696	85369
13697	71905
13697	89688
13697	89720
13697	97242
13697	97303
13698	84277
13698	84910
13698	82782
13698	27
13699	50643
13699	37773
13699	60214
13699	87828
13699	9916
13699	18593
13700	83599
13701	38471
13702	59151
13703	83072
13703	39385
13703	19865
13704	95143
13705	11129
13705	4029
13705	29125
13706	95289
13707	9467
13708	71124
13708	86405
13708	75886
13708	80305
13708	479
13708	109358
13709	10816
13710	4292
13710	319
13710	9856
13711	111504
13711	81634
13711	111505
13711	24618
13711	69523
13712	106404
13712	67095
13712	378
13712	65062
13712	65389
13712	5216
13713	86832
13713	86833
13714	83582
13714	46595
13714	1343
13714	47291
13714	30908
13714	19164
13714	83695
13714	21002
13714	53433
13714	88312
13714	60434
13714	31955
13714	22261
13714	48611
13714	88755
13714	88923
13714	15820
13714	63508
13714	89089
13714	89090
13714	79944
13714	37165
13714	53946
13714	82557
13714	110705
13714	31418
13715	83640
13716	109100
13716	105253
13716	14440
13716	15821
13716	30635
13716	20643
13716	11465
13717	37057
13717	26364
13718	5427
13718	8349
13718	5424
13718	14402
13719	92594
13719	14207
13719	92775
13719	26165
13719	75468
13720	56175
13721	30876
13721	89194
13721	89212
13721	86107
13721	89248
13721	49581
13722	28420
13722	58426
13723	64488
13723	106525
13723	104490
13723	107963
13724	89190
13725	46914
13725	92717
13726	87447
13726	41358
13727	94146
13727	13211
13727	14217
13727	104537
13727	36823
13728	81889
13728	2528
13728	63344
13729	26733
13729	33938
13729	66996
13730	81608
13730	61353
13730	69279
13730	17040
13730	45082
13731	76462
13731	96282
13731	84313
13731	41550
13732	3760
13732	66829
13732	29522
13733	77869
13734	15817
13735	20760
13736	52278
13736	26115
13736	71120
13736	42249
13736	92393
13736	92403
13736	1328
13736	926
13736	55641
13736	68466
13736	28317
13736	83726
13736	4780
13736	21109
13737	38488
13738	56204
13739	16954
13739	58726
13740	41588
13740	82698
13740	83942
13740	77630
13740	91142
13740	93291
13740	93314
13740	41588
13740	71320
13741	27990
13741	7405
13741	89666
13741	25409
13741	11216
13741	104271
13742	88852
13742	16946
13742	100442
13743	56593
13743	87644
13744	90097
13744	90252
13744	90044
13745	28209
13745	102195
13745	106632
13746	23924
13746	34740
13746	9665
13747	5417
13747	1633
13747	24235
13747	53829
13748	100325
13748	100326
13748	92219
13748	101294
13749	5424
13749	5859
13749	77322
13749	89962
13749	541
13749	93472
13749	93123
13749	4642
13749	23343
13750	31053
13750	3739
13751	62658
13752	12062
13753	50074
13754	6697
13754	850
13755	36541
13755	101517
13756	36413
13756	34417
13757	35769
13758	96628
13759	34518
13759	91863
13760	6105
13760	45218
13761	40861
13761	75915
13762	89372
13762	79421
13763	61242
13763	7295
13763	51802
13763	83928
13763	71863
13764	83942
13764	56016
13764	1225
13764	1880
13764	97870
13765	91434
13766	43968
13766	4248
13766	41011
13767	6662
13767	9943
13767	25262
13768	65726
13769	83152
13770	2872
13770	3528
13770	8272
13770	38140
13770	105633
13771	87393
13772	603
13773	86046
13773	86047
13774	1633
13774	28492
13774	55969
13774	5163
13774	18536
13774	15020
13774	33908
13774	44056
13774	10454
13774	61837
13774	30431
13774	97269
13774	31107
13774	98510
13774	15788
13774	31106
13774	34194
13774	365
13774	88866
13774	35361
13774	21713
13774	29229
13774	32735
13774	73347
13774	83726
13775	60023
13775	34727
13775	106362
13776	11931
13776	13799
13777	37741
13777	45239
13777	67878
13778	87839
13778	77739
13779	35793
13779	81280
13779	84746
13779	37053
13779	10201
13780	307
13781	44255
13781	7011
13782	83430
13782	5922
13783	94209
13783	11388
13783	21068
13783	74332
13783	40412
13783	66849
13783	102483
13783	75979
13783	34727
13783	4941
13783	62045
13783	110812
13783	20444
13783	86745
13783	111425
13784	43433
13785	5074
13786	65555
13786	80633
13786	37607
13786	81044
13786	5020
13786	32763
13786	14917
13786	88389
13786	19537
13786	77292
13786	48740
13786	58698
13787	12938
13787	15091
13787	1061
13787	85771
13787	67685
13787	75845
13787	5292
13787	102151
13788	2053
13789	418
13790	83317
13790	85584
13790	32699
13790	85637
13790	85675
13790	30294
13790	87798
13790	25521
13790	87941
13790	42470
13790	25360
13790	92735
13790	32479
13790	33546
13790	26657
13790	45769
13790	78783
13790	97307
13790	70612
13790	16467
13791	67877
13791	67618
13791	2690
13791	25262
13791	75352
13791	111462
13792	31167
13793	56813
13794	83027
13794	11050
13794	9860
13794	95449
13794	109592
13794	105648
13795	96408
13795	3515
13796	15862
13796	3741
13796	61279
13796	16099
13796	38877
13796	24322
13796	34489
13797	91277
13797	91285
13797	106089
13798	25492
13798	36166
13799	32648
13799	55354
13799	8254
13799	100659
13799	15099
13800	4945
13801	29320
13802	46555
13802	31220
13803	1617
13803	94575
13804	83446
13804	82875
13804	15587
13804	4531
13805	5109
13806	51654
13807	73998
13807	34908
13808	8400
13808	96274
13808	14053
13808	98439
13808	65327
13809	65660
13810	97722
13810	106098
13810	107958
13811	46318
13812	3805
13812	5229
13813	1397
13813	7643
13814	91218
13814	28437
13814	20371
13814	87905
13814	32592
13814	16996
13814	94072
13814	14791
13815	16798
13815	9872
13815	59638
13816	87783
13817	18595
13818	83672
13818	736
13818	916
13818	67258
13818	43602
13818	7589
13818	453
13818	5214
13818	844
13819	5828
13820	86606
13820	54041
13820	51371
13820	20024
13820	79126
13820	18460
13821	89070
13821	31351
13821	79616
13822	62601
13823	22419
13824	45593
13825	100299
13825	64844
13825	102870
13826	4233
13827	86277
13828	112068
13828	57645
13828	112142
13828	112157
13829	21145
13829	72384
13829	94983
13830	75813
13830	10108
13830	87225
13830	58669
13830	46522
13830	956
13830	2854
13831	53959
13831	22375
13832	44746
13833	86502
13833	3528
13834	7600
13834	94554
13835	61176
13835	56724
13836	61607
13836	84140
13837	11465
13838	84472
13838	73872
13838	8709
13838	100501
13838	101117
13838	104101
13838	105023
13838	93955
13838	107388
13839	61242
13840	85357
13841	70375
13841	98203
13842	18524
13842	85788
13842	6631
13842	13708
13842	64789
13842	41305
13843	1403
13844	84124
13844	45131
13845	102
13845	87783
13845	95963
13845	9079
13846	61242
13846	47976
13846	39819
13846	45576
13846	11046
13847	23547
13848	7716
13849	81359
13850	97980
13851	6103
13852	13364
13852	7999
13852	95445
13852	47210
13852	19326
13852	20798
13852	106656
13852	105621
13853	17068
13853	78457
13853	85066
13853	6970
13853	6689
13853	3391
13853	11465
13853	15152
13853	28865
13853	10370
13853	6
13853	37295
13854	81776
13855	30878
13856	2041
13856	57261
13856	22102
13857	85594
13858	94460
13859	66373
13859	54320
13859	66373
13860	7137
13860	1814
13860	85118
13860	14917
13860	9184
13860	64931
13860	9428
13860	39197
13860	986
13860	98898
13861	38898
13862	39255
13862	36370
13862	62404
13862	2773
13863	70222
13863	3895
13863	17157
13863	9390
13864	98614
13865	3515
13865	6043
13865	58788
13865	19982
13865	17713
13865	6415
13865	8365
13865	5424
13866	56204
13866	1365
13866	785
13866	1750
13867	69229
13867	73769
13867	52649
13868	46098
13869	95504
13869	123
13869	97620
13869	98027
13870	23390
13870	28965
13870	101716
13871	80151
13871	3203
13871	26319
13872	89683
13873	3759
13873	95949
13873	68552
13874	57516
13875	31590
13876	51978
13877	12053
13878	52434
13878	41905
13878	8443
13878	1871
13878	5845
13878	24823
13879	87397
13879	87398
13879	51429
13879	6023
13879	20127
13879	9566
13879	3515
13879	99921
13879	32146
13879	49000
13879	94344
13879	73200
13879	107316
13879	37062
13879	8871
13880	8799
13881	12899
13881	49312
13881	40720
13882	54523
13882	62895
13882	95692
13882	97598
13882	28135
13883	11997
13883	20648
13883	7723
13884	7272
13885	60634
13886	16605
13886	20873
13887	83284
13887	16691
13887	41550
13888	3059
13888	84172
13888	84173
13888	40222
13888	84283
13888	84284
13888	84285
13888	84335
13888	84336
13888	90671
13889	78606
13890	27774
13891	67532
13891	74045
13892	38637
13892	74166
13892	12808
13892	95074
13893	40990
13893	46333
13893	603
13894	83411
13894	80247
13894	2995
13895	38068
13896	49942
13896	2106
13896	9070
13897	54402
13897	84884
13897	58966
13897	50663
13897	37063
13897	21198
13897	97582
13897	98398
13897	14252
13897	31966
13897	25195
13897	15670
13897	27476
13897	104575
13897	1548
13897	104619
13898	918
13899	42839
13900	31573
13901	57727
13901	91707
13901	3657
13901	106093
13902	11498
13902	2582
13902	52870
13903	83833
13903	91717
13903	91728
13903	100014
13904	50726
13904	12198
13904	50691
13904	97661
13904	98147
13904	12882
13904	99397
13905	21179
13906	8912
13907	31921
13908	9212
13908	8255
13909	83674
13910	64209
13910	89780
13911	77574
13911	3497
13911	65795
13912	90149
13913	81344
13914	307
13914	230
13914	28514
13914	46139
13914	85641
13914	97315
13915	6578
13915	59764
13916	3254
13916	10532
13916	39812
13917	14116
13917	90113
13917	74709
13917	4053
13917	20251
13918	85331
13919	56791
13920	46290
13921	89231
13921	87545
13921	1462
13921	97899
13922	14786
13922	98514
13923	3191
13923	32821
13923	97796
13923	22791
13924	25562
13924	67877
13924	190
13924	25562
13925	106024
13925	11049
13925	9655
13925	1067
13925	1543
13926	50147
13926	3864
13926	11253
13926	239
13926	5007
13926	10258
13926	279
13926	3914
13926	4397
13926	2224
13926	18953
13926	42143
13926	69591
13927	41894
13927	83950
13927	1531
13927	76626
13927	84757
13927	89116
13927	89670
13927	20869
13927	97110
13927	72940
13928	95023
13929	80408
13929	11867
13929	82740
13929	58268
13929	22850
13929	10420
13930	33907
13931	60759
13931	88529
13931	46746
13931	91224
13932	86874
13932	75337
13932	86896
13932	86897
13932	82809
13932	86956
13932	91810
13932	91811
13932	29649
13933	13189
13934	20184
13934	56265
13934	76362
13934	63452
13935	85778
13936	64651
13936	20020
13936	4657
13936	7211
13937	88500
13938	14647
13939	12780
13939	33409
13939	103266
13939	16366
13939	103839
13940	42644
13940	7692
13941	8052
13942	319
13942	6731
13943	97295
13943	97466
13944	43298
13945	62920
13946	95238
13947	30957
13948	37370
13949	3575
13949	14082
13949	34032
13950	81909
13950	18041
13950	53834
13950	4880
13951	24351
13952	25538
13952	25218
13953	56798
13953	11307
13953	99396
13954	98415
13954	1548
13954	99665
13955	99597
13955	29139
13956	16024
13956	70610
13956	27812
13956	5174
13956	92682
13956	43602
13956	41668
13956	96638
13956	3842
13956	4945
13956	57938
13956	9962
13956	16426
13956	78061
13956	9664
13956	7175
13957	67427
13957	89468
13957	39957
13958	73353
13958	6035
13958	83317
13959	31559
13960	10020
13960	39774
13961	6530
13961	14876
13961	12044
13962	35274
13963	4614
13964	11104
13964	101337
13964	13853
13965	5424
13966	16555
13966	10510
13967	15486
13967	43767
13968	31817
13969	20652
13970	69001
13971	94180
13971	17853
13972	90749
13973	86360
13973	86380
13973	4863
13973	19462
13974	2541
13974	101794
13974	102860
13974	104878
13975	38497
13975	1974
13976	1328
13976	11300
13977	41376
13978	93031
13979	7262
13980	93810
13980	105609
13980	109090
13981	4972
13982	84891
13983	83993
13983	83996
13984	100218
13985	28244
13985	16917
13985	50591
13986	9987
13986	19872
13986	13437
13986	61242
13987	43122
13987	49117
13987	43469
13987	86174
13987	92592
13987	5349
13987	34607
13987	34917
13987	37376
13987	97435
13987	29125
13988	15316
13988	307
13988	15279
13988	86930
13988	88174
13988	14137
13989	9705
13989	49256
13990	46583
13990	44449
13990	16975
13990	71863
13991	5333
13992	2603
13992	101060
13992	10037
13992	13612
13992	9190
13992	8267
13993	65793
13993	95359
13993	95411
13993	5809
13993	95413
13994	20919
13995	37754
13995	54258
13996	911
13996	28868
13997	88128
13997	98241
13997	51877
13998	4138
13998	39522
13998	2276
13999	23697
13999	2817
13999	94707
13999	101382
14000	24442
14001	48894
14002	107000
14003	79629
14004	58584
14005	22406
14005	80769
14006	25262
14006	89486
14007	104989
14008	58244
14009	1495
14009	92018
14009	7535
14009	7295
14009	4249
14010	43499
14010	11796
14011	86029
14011	108496
14012	14755
14013	51235
14013	101360
14014	56204
14014	27808
14015	28398
14015	109549
14016	67877
14017	6053
14018	88229
14019	33116
14019	6522
14019	67066
14019	76303
14019	31115
14019	10806
14019	11196
14019	31917
14019	98058
14019	26701
14019	46290
14019	19975
14020	6595
14020	71558
14020	70169
14020	11338
14020	101390
14020	307
14021	94212
14021	53489
14021	54806
14021	94298
14021	7691
14021	49799
14021	94395
14021	55846
14021	100186
14021	16616
14021	37
14022	21838
14022	19719
14023	32021
14023	90744
14023	97514
14024	25780
14024	5211
14025	90958
14025	59156
14025	108723
14026	31628
14027	30013
14027	12594
14027	40162
14027	20143
14027	7297
14027	36558
14027	23349
14027	12056
14027	104896
14028	41476
14028	19857
14028	91648
14028	91852
14028	96340
14029	10559
14030	29446
14031	3909
14031	26018
14031	2052
14031	61242
14031	93137
14032	93683
14032	5909
14032	42955
14032	14394
14033	17318
14033	83972
14033	96089
14033	96109
14033	85615
14033	103888
14034	31363
14034	4643
14034	70418
14034	95332
14035	5087
14035	104119
14035	10121
14036	12161
14036	94686
14037	10623
14038	12793
14039	83217
14040	49112
14040	96315
14040	53542
14040	98581
14040	103144
14040	71770
14040	105690
14040	77212
14040	106142
14040	107273
14041	3561
14041	88354
14041	62549
14041	5980
14041	88505
14042	83570
14042	78457
14042	4536
14042	46286
14042	30759
14042	80958
14042	85277
14042	150
14042	19342
14043	73520
14043	59712
14044	23384
14044	48551
14045	69215
14046	87220
14046	61242
14046	34235
14047	87
14048	92184
14048	92185
14048	901
14049	11402
14049	51188
14050	90968
14050	77228
14051	100859
14052	66723
14052	4539
14052	41549
14053	91071
14053	45445
14053	98204
14053	51761
14053	99996
14054	73887
14054	50634
14055	86334
14055	32547
14055	3333
14055	86334
14055	99276
14055	102267
14055	13043
14055	102302
14055	66327
14056	93973
14057	103560
14057	25018
14058	56735
14058	52434
14059	41200
14060	42751
14060	18023
14060	82366
14061	94696
14062	47919
14063	83050
14063	7519
14064	17513
14064	36820
14064	8532
14064	87982
14065	2582
14065	44925
14065	84298
14066	37043
14066	91283
14067	79694
14067	86959
14068	38799
14068	23697
14069	19118
14069	5249
14069	100688
14069	38275
14069	3265
14069	5249
14069	112189
14069	112198
14069	112208
14070	11496
14070	89538
14071	76757
14071	1496
14071	16310
14072	11215
14072	95851
14072	3304
14072	102068
14073	84067
14073	66475
14073	76723
14073	67416
14073	96597
14073	85227
14073	96983
14074	48987
14074	49593
14074	89447
14075	27880
14075	37972
14075	22442
14075	25453
14076	102942
14076	102957
14076	60366
14076	106828
14076	67787
14077	17627
14078	61242
14078	94038
14078	30727
14078	65043
14078	12629
14078	96258
14078	86653
14078	10253
14078	94969
14078	418
14078	107493
14079	91974
14079	63453
14080	5661
14081	89001
14081	16975
14082	27598
14083	5208
14083	17018
14084	85110
14085	85264
14085	85265
14085	32234
14085	17425
14085	85297
14085	5657
14086	12427
14086	85110
14086	307
14086	15735
14087	7732
14087	16693
14088	8598
14088	29546
14089	39433
14089	98450
14090	41224
14090	2879
14090	85961
14090	100364
14090	101245
14090	44580
14090	80099
14090	63641
14090	82127
14090	108694
14090	93025
14090	108786
14090	101245
14091	52534
14091	92857
14091	34265
14092	83917
14092	27104
14093	87922
14093	19697
14093	24856
14093	6147
14093	88097
14093	88138
14094	77573
14094	38454
14094	83419
14095	12062
14095	23347
14095	26792
14095	32974
14095	8902
14096	86314
14097	18994
14097	98506
14098	93183
14099	5396
14100	6173
14100	43774
14101	85960
14101	67958
14101	32291
14101	59191
14101	7229
14102	13390
14102	11996
14103	45157
14104	20694
14104	45165
14105	88539
14105	88133
14106	61242
14106	20166
14106	23973
14107	26363
14108	8072
14108	14215
14109	95848
14110	27
14111	83912
14112	14207
14113	6672
14113	59741
14113	30981
14113	24235
14114	4572
14115	1857
14115	63416
14115	54979
14115	28492
14115	11266
14115	84537
14115	83808
14115	4033
14115	84871
14115	8571
14115	25458
14115	15298
14115	21780
14115	60695
14115	4014
14115	11318
14115	94851
14115	8548
14115	96405
14115	102581
14115	11514
14115	105614
14115	70615
14115	14704
14115	11318
14115	10582
14115	38387
14115	109140
14116	84788
14116	99438
14116	103392
14117	82106
14117	78878
14117	74620
14118	58865
14118	19924
14119	16798
14119	84779
14119	23605
14119	21043
14120	74709
14121	316
14122	82965
14122	14558
14122	70387
14122	21127
14122	86838
14122	7351
14122	36084
14122	74709
14122	25288
14122	40271
14122	67427
14123	33211
14124	28941
14124	3278
14125	50252
14126	45993
14126	89113
14126	91937
14126	95635
14126	69292
14126	96732
14126	86331
14126	75948
14127	72364
14128	98837
14129	47156
14130	82641
14131	30693
14132	69947
14133	98815
14133	17904
14133	95863
14134	89783
14134	92591
14134	46427
14135	48641
14136	41576
14136	89175
14136	5393
14136	99407
14136	17422
14137	32402
14137	24712
14137	4758
14137	85029
14137	85030
14137	79944
14137	87903
14137	20463
14137	88519
14137	78175
14137	62287
14137	34417
14137	6148
14137	3494
14137	4331
14137	73216
14137	1595
14138	73682
14138	51415
14138	75995
14138	37677
14138	34265
14138	68775
14138	29287
14138	106156
14138	106513
14139	11011
14140	7172
14141	564
14141	89628
14141	90096
14141	49578
14141	90099
14141	51843
14141	5333
14141	5802
14142	2106
14142	4972
14143	16173
14143	48844
14143	22041
14143	31065
14143	96689
14143	26396
14143	97318
14143	20778
14143	23415
14143	71378
14143	99071
14143	48844
14143	52395
14144	53116
14144	97896
14145	3805
14146	32465
14146	10395
14146	97561
14146	23102
14146	106893
14146	12381
14146	62006
14147	9590
14147	54529
14147	12975
14148	42644
14149	3428
14149	31719
14149	44925
14149	70292
14149	86983
14149	21241
14149	27921
14149	17954
14149	41223
14149	107535
14149	74508
14149	107536
14149	70623
14149	35138
14149	38000
14149	878
14149	9898
14149	110726
14150	13714
14150	20600
14150	721
14151	100277
14152	83649
14153	86431
14154	29330
14154	86574
14154	48768
14154	88851
14154	27774
14155	31799
14155	26393
14155	85344
14156	10692
14156	63900
14156	84640
14156	42213
14156	10020
14157	3379
14157	91808
14157	98635
14157	94943
14157	67877
14157	107314
14158	23142
14158	75754
14158	65614
14159	8418
14160	3864
14161	4106
14161	9688
14162	230
14162	89894
14163	32476
14163	108719
14163	780
14164	23307
14165	25892
14166	87759
14166	83129
14167	5723
14168	16723
14169	576
14169	69120
14170	26018
14170	56204
14171	7627
14171	81167
14172	83850
14172	17812
14172	22083
14172	65083
14172	27695
14173	93952
14173	35664
14174	9437
14174	3110
14174	16088
14174	28274
14174	32801
14174	177
14174	97118
14174	11049
14175	74141
14175	24432
14175	48290
14176	24658
14177	50593
14178	26474
14179	2817
14179	576
14179	25709
14179	92584
14179	86287
14179	32073
14179	81695
14180	55121
14181	95832
14181	88964
14181	12370
14181	32566
14181	93407
14182	70491
14183	87900
14183	88826
14184	38230
14184	32868
14184	36210
14184	684
14185	85332
14185	85333
14186	84607
14186	83583
14186	84608
14186	84609
14186	84695
14186	84696
14186	30686
14186	46252
14186	84849
14186	15975
14186	84850
14186	84851
14186	84852
14186	84929
14186	11445
14186	84930
14186	63793
14186	84979
14186	76453
14186	84980
14186	15262
14186	85398
14186	85399
14187	32654
14188	4970
14189	20694
14189	85856
14189	76630
14189	58699
14189	11720
14190	45910
14191	84095
14191	19258
14191	23358
14191	79193
14191	68107
14191	33192
14191	14527
14191	16003
14191	75158
14192	82886
14192	42400
14192	28598
14193	50698
14194	335
14195	89352
14196	9705
14196	3662
14196	4135
14196	99284
14196	31829
14196	90990
14196	3220
14196	25927
14197	93108
14198	30838
14198	30881
14198	33054
14198	9350
14198	7130
14199	993
14200	5980
14201	4527
14201	76560
14201	21760
14201	78130
14201	16224
14201	995
14201	92971
14201	71895
14201	68579
14201	55118
14201	4643
14202	99487
14203	107130
14203	108508
14203	103720
14203	36096
14203	64176
14203	100708
14204	5844
14205	16975
14205	71830
14206	89674
14206	110757
14207	84256
14207	84442
14207	32004
14207	91109
14207	62707
14207	33685
14208	88043
14208	17744
14208	42572
14209	32956
14209	92023
14209	93049
14210	4970
14211	26296
14212	14128
14213	6496
14214	38432
14214	12341
14214	31601
14214	3329
14214	96466
14214	50588
14214	94220
14215	28841
14215	53771
14215	44906
14216	103768
14216	7971
14217	71190
14218	54796
14218	5911
14219	61706
14219	1810
14219	94295
14219	48989
14219	66585
14220	15032
14221	19624
14221	11483
14221	1496
14221	89812
14221	3162
14221	1543
14221	9354
14221	83129
14221	80151
14221	88996
14221	11997
14221	409
14222	576
14223	88067
14223	17068
14223	5400
14223	88830
14223	76831
14223	3220
14224	87564
14224	105937
14225	16267
14225	34022
14225	45239
14226	52767
14227	57607
14227	31036
14228	84337
14229	87954
14229	87955
14229	89237
14230	90817
14230	57808
14230	94255
14231	47621
14231	8397
14232	4642
14233	1277
14234	30
14234	41100
14235	94701
14235	32760
14236	28005
14236	33805
14236	4261
14236	22180
14236	87919
14236	95001
14236	7925
14236	69094
14236	781
14237	93384
14238	82329
14238	54565
14238	14420
14238	23770
14238	31571
14238	86432
14238	14515
14238	9572
14238	40841
14239	14753
14239	5424
14240	101559
14241	75146
14241	67906
14241	83732
14241	83810
14241	41329
14241	45715
14241	93631
14241	93632
14241	58530
14241	81259
14241	31838
14241	6434
14241	96580
14241	94059
14241	83987
14241	96969
14241	105388
14241	105389
14241	107435
14241	107436
14242	3351
14243	51950
14243	86214
14243	45239
14244	14883
14244	96722
14245	795
14246	47
14247	88394
14247	18642
14247	100239
14248	10525
14248	19640
14248	78734
14248	103081
14248	96765
14248	103106
14249	75
14249	92912
14249	3486
14249	4513
14249	94165
14249	42198
14249	20434
14250	68266
14251	90796
14252	92067
14253	23902
14253	54882
14254	41824
14255	90013
14255	39368
14255	34128
14255	74555
14255	17002
14255	55349
14256	69900
14257	33662
14257	4894
14257	29470
14258	5424
14259	52040
14259	31149
14259	85202
14260	37614
14261	19415
14262	60490
14262	50802
14262	35829
14262	99705
14263	88774
14264	44803
14265	101504
14265	16369
14266	14613
14266	87212
14266	88788
14266	5902
14267	92222
14268	53610
14269	9641
14269	43794
14269	84175
14269	74821
14269	74820
14269	93350
14269	25491
14269	73353
14269	45818
14269	1576
14269	12414
14269	7698
14269	59723
14269	1328
14270	20091
14271	16624
14271	28389
14272	89584
14272	41428
14272	91465
14272	81061
14272	101387
14272	101410
14272	101498
14272	487
14272	74740
14272	42052
14272	104915
14272	15400
14272	21262
14273	79283
14273	123
14273	29083
14274	87163
14274	85641
14274	67095
14274	71910
14274	45239
14274	66125
14275	80900
14275	38778
14275	97801
14275	20543
14276	39387
14277	87509
14277	87761
14277	53071
14278	86885
14279	51732
14279	70312
14279	17125
14279	10253
14280	71949
14280	29451
14280	72644
14280	72434
14280	33565
14280	72508
14280	44747
14280	4539
14280	20166
14280	23543
14280	14844
14281	91002
14282	97545
14283	67756
14283	98547
14284	47414
14284	17204
14284	86110
14284	71392
14285	2993
14285	307
14286	15316
14287	11624
14287	105565
14287	40949
14288	72665
14288	79763
14289	38023
14289	17138
14289	4543
14289	3805
14289	67459
14289	31955
14289	26269
14289	72988
14290	38001
14291	19865
14291	100346
14291	21050
14292	104478
14293	27580
14294	1314
14294	4873
14295	68237
14296	9774
14297	53038
14298	319
14298	4710
14299	44311
14300	83681
14300	36078
14300	25882
14301	107681
14301	111316
14302	91769
14303	13883
14303	105607
14304	4777
14304	61137
14305	1495
14306	319
14307	55004
14307	90128
14308	24483
14309	62644
14309	19710
14309	9567
14309	19640
14309	85085
14310	9328
14310	82573
14310	10141
14311	63969
14312	900
14313	31228
14313	92264
14314	24610
14315	84703
14315	97818
14315	65011
14316	24740
14316	80676
14316	27500
14316	97926
14317	55967
14318	66742
14319	24235
14320	25492
14321	244
14321	6449
14322	69072
14322	16114
14322	25941
14322	101826
14322	50283
14323	106127
14324	33054
14325	66016
14326	9438
14326	94069
14326	12379
14326	8548
14326	104152
14326	100715
14326	60567
14326	4013
14326	104292
14326	74968
14326	104919
14327	14755
14327	6
14327	41431
14327	101228
14327	111005
14327	111193
14327	97630
14327	6073
14327	43940
14327	4113
14327	668
14328	22102
14329	734
14330	62372
14330	73010
14331	91403
14331	4809
14331	72011
14331	93790
14332	8619
14333	1121
14333	102268
14334	1988
14334	79126
14335	5354
14335	52255
14336	6697
14336	86176
14337	6200
14337	96700
14338	17561
14338	3516
14338	12635
14338	3162
14339	68065
14339	1433
14340	97859
14340	98659
14340	98751
14340	67020
14341	23994
14341	25252
14342	19640
14343	99760
14344	56204
14345	87895
14346	18985
14346	15341
14347	319
14347	108877
14347	746
14348	3573
14348	201
14349	94453
14349	94471
14349	97471
14349	48919
14349	28614
14349	77062
14349	29712
14350	83570
14350	33218
14350	10102
14351	4612
14352	34769
14352	89008
14352	89446
14352	89851
14352	83597
14352	39643
14352	33161
14352	97353
14352	13085
14352	98032
14352	101853
14352	66048
14352	104386
14352	104642
14353	83322
14353	67120
14353	16913
14353	35793
14353	22110
14354	107608
14355	67661
14355	82131
14356	14264
14357	90364
14357	95535
14357	59410
14357	33926
14357	71830
14358	34566
14359	14188
14360	98450
14360	9719
14360	39431
14360	11910
14361	97089
14362	93709
14363	100409
14364	63421
14364	80242
14364	98159
14365	7891
14365	9424
14366	20466
14366	97639
14367	88219
14368	86847
14368	86916
14368	6916
14369	7144
14369	993
14369	100551
14370	73854
14370	44263
14370	95133
14371	85085
14371	96281
14371	96564
14371	4970
14371	1887
14372	87787
14372	88471
14372	88472
14373	84295
14374	65799
14374	90931
14374	7311
14374	90997
14374	57788
14374	12921
14374	85085
14374	46847
14374	99404
14375	32613
14375	85213
14375	65577
14375	95050
14376	83114
14376	83181
14377	177
14378	39404
14379	15525
14379	72019
14379	19493
14380	88059
14381	83960
14381	8400
14381	83453
14381	3162
14382	20979
14382	84183
14382	84265
14382	53469
14382	95861
14383	3279
14383	96546
14383	96556
14384	52346
14385	89787
14386	35103
14386	84881
14387	92610
14388	40955
14388	19165
14388	32902
14389	192
14389	67427
14389	14778
14389	9050
14389	8856
14389	1871
14389	4969
14390	33313
14391	1563
14391	11716
14391	21877
14392	93360
14393	87678
14394	80626
14394	26064
14394	911
14394	76728
14394	40990
14394	7600
14394	52067
14395	58381
14395	55006
14395	35655
14395	66889
14395	102863
14396	10105
14397	95598
14398	29125
14399	40966
14399	2471
14399	41335
14399	11796
14399	31472
14399	7389
14400	18994
14401	65513
14401	83432
14401	72898
14401	94650
14401	93403
14401	94678
14401	94679
14401	76867
14402	106547
14403	73275
14403	92449
14403	5424
14403	18677
14403	97512
14403	99488
14403	46291
14404	6781
14404	22251
14405	834
14405	91368
14406	5463
14406	20356
14406	83501
14407	89943
14407	35361
14407	90006
14407	407
14407	80631
14408	21598
14408	9637
14409	77426
14409	10623
14409	27903
14410	60023
14411	82250
14411	51058
14411	26818
14412	32645
14413	67095
14413	97630
14413	45294
14413	65008
14413	111935
14413	106887
14413	111962
14414	16587
14414	91430
14414	4086
14415	6078
14415	6699
14415	6079
14416	17846
14416	6603
14416	14800
14417	2106
14417	4007
14417	27064
14417	108224
14418	88355
14419	11683
14419	123
14419	100310
14419	1306
14419	14026
14419	2277
14420	89628
14421	70467
14421	40727
14422	84542
14423	10213
14423	72277
14423	79733
14423	4349
14424	85245
14425	87599
14426	418
14427	307
14427	12804
14428	95358
14429	51467
14430	97257
14431	5670
14431	86331
14431	56249
14432	83334
14432	85417
14432	65726
14433	51082
14434	6149
14435	13960
14435	840
14435	84855
14435	83404
14435	44894
14435	87409
14435	33449
14435	100347
14435	38440
14435	95119
14435	73216
14435	102619
14435	51140
14435	102631
14436	33537
14436	94175
14436	59475
14436	66770
14436	32044
14436	76388
14436	60487
14436	20593
14436	34308
14436	83526
14436	95790
14436	94120
14436	103832
14437	15998
14438	20987
14438	93554
14438	50792
14438	102927
14439	29757
14440	33543
14440	69544
14440	15834
14441	19286
14442	43926
14443	94117
14443	17061
14444	33791
14444	84085
14444	51668
14444	87137
14444	87138
14444	85873
14444	1150
14444	87970
14444	2741
14444	104767
14445	89754
14445	91098
14445	91162
14446	4909
14447	1993
14447	14359
14447	92261
14448	4663
14448	3448
14448	37963
14449	6945
14449	442
14449	3864
14450	75625
14450	3298
14450	26982
14451	10172
14451	91333
14452	33602
14452	61242
14452	75712
14453	76057
14453	19865
14453	78457
14453	40695
14453	7980
14453	86580
14453	32832
14453	28865
14453	9421
14453	70322
14454	61242
14454	30
14454	1252
14454	6166
14454	86262
14455	88610
14456	2857
14456	14026
14456	87064
14457	97478
14458	6535
14458	7698
14459	25676
14459	67356
14460	72475
14460	25577
14461	18129
14461	5396
14461	51249
14462	13799
14462	43512
14462	12166
14462	55354
14463	5716
14463	108
14463	83771
14464	2800
14464	14207
14465	84992
14465	87711
14465	46249
14466	89586
14467	45239
14467	67877
14467	98254
14467	27990
14467	69011
14468	4702
14468	23973
14469	16935
14469	89927
14469	2354
14469	89967
14469	94451
14469	31061
14469	97117
14469	19194
14470	47933
14470	61078
14470	38725
14470	96973
14470	3228
14470	97909
14471	414
14472	86221
14473	84630
14474	86594
14474	45543
14475	10573
14475	25085
14475	33703
14475	69488
14476	316
14476	17295
14476	93380
14476	7300
14476	1462
14476	42143
14477	3494
14478	29497
14479	73
14479	36246
14479	48314
14479	18536
14479	45807
14479	8468
14479	38178
14480	85695
14480	85058
14480	93848
14480	16962
14481	20434
14481	30476
14482	9367
14483	84599
14484	78865
14484	91078
14485	86981
14485	56924
14486	84728
14486	77543
14487	67258
14488	86801
14488	14764
14489	92381
14490	80278
14490	62033
14490	98039
14490	15980
14490	10168
14491	45239
14491	27990
14492	92935
14493	87489
14494	6950
14494	77329
14494	35324
14494	76082
14495	4970
14496	84647
14497	12265
14497	2861
14498	65193
14499	48612
14500	61242
14500	1620
14500	84630
14501	53036
14502	94793
14503	39657
14503	85099
14504	56204
14504	98564
14504	98579
14505	3190
14506	4010
14507	108616
14508	83450
14509	8420
14510	83682
14510	26751
14510	89889
14510	93213
14510	98413
14511	16623
14511	89692
14512	54159
14512	7656
14512	40489
14513	20784
14513	6567
14513	77294
14514	19640
14514	6383
14514	99575
14514	99637
14514	99638
14514	99682
14514	14648
14514	43541
14514	43326
14514	100094
14515	10437
14515	83211
14515	6108
14515	47318
14515	31439
14516	56517
14517	15925
14518	41094
14519	83148
14520	25575
14521	95342
14521	45988
14522	86840
14523	76831
14523	67095
14524	93763
14524	93764
14524	71028
14524	20104
14524	1331
14525	11869
14525	96151
14525	95963
14525	62499
14525	98813
14526	55311
14526	20652
14527	11832
14528	78315
14529	89047
14529	84140
14529	89097
14529	91780
14529	5391
14529	24522
14529	102857
14529	102904
14529	106239
14529	106240
14529	8748
14529	51838
14529	47976
14530	11504
14530	84145
14530	41767
14530	67594
14530	52743
14530	13247
14530	37808
14530	6810
14530	13056
14530	5811
14530	782
14530	7163
14530	104351
14531	33009
14531	7943
14531	93979
14531	80581
14532	87070
14532	50478
14532	62205
14533	79964
14533	52273
14533	98847
14533	105160
14533	111443
14534	3932
14534	15298
14534	10453
14534	40388
14534	54076
14534	31697
14534	1961
14534	7643
14535	79562
14535	93331
14535	7307
14535	41857
14536	108056
14537	84117
14538	9729
14538	83903
14538	49070
14538	33021
14538	92973
14538	12003
14538	46189
14538	63655
14539	19194
14540	27723
14540	23973
14540	82864
14540	69355
14540	61043
14541	72696
14542	55810
14543	96250
14543	17809
14544	95571
14545	84995
14545	90510
14545	54501
14545	37808
14545	106144
14545	106145
14545	8255
14545	106194
14546	20451
14546	37967
14546	1531
14547	15690
14548	4562
14548	55985
14548	85641
14548	92222
14549	29762
14549	14207
14549	67877
14550	100795
14551	63244
14552	49906
14553	87608
14553	96054
14554	84891
14554	307
14554	63753
14554	11023
14554	89300
14554	6690
14554	89300
14555	27196
14555	17768
14555	3121
14556	34667
14556	84518
14557	4945
14557	86558
14558	103827
14559	17141
14559	57911
14559	98128
14560	92910
14560	92911
14560	3121
14560	30759
14561	34072
14562	9032
14562	12102
14562	38338
14562	29060
14562	82607
14562	66607
14563	60893
14563	87070
14563	104893
14563	19493
14563	24241
14564	62389
14564	24626
14564	11104
14564	96955
14564	35769
14564	96996
14564	78342
14564	19450
14564	97771
14564	8190
14565	2800
14565	267
14565	72461
14565	91031
14565	31869
14565	11473
14565	64903
14565	59541
14565	82740
14565	82607
14566	3877
14566	96478
14566	96885
14567	9962
14567	33977
14567	7108
14567	93962
14567	83257
14567	24467
14567	13806
14567	4896
14567	4948
14568	27673
14568	67848
14568	94288
14568	9705
14568	97556
14568	33056
14568	57340
14569	47
14569	5602
14570	50456
14570	102698
14571	13208
14572	85430
14572	9790
14572	100559
14572	30759
14573	9118
14574	10541
14574	6662
14574	30825
14574	87707
14574	63019
14574	94891
14574	47911
14574	319
14574	98497
14574	91993
14575	1633
14576	4972
14577	3278
14577	19470
14578	35836
14578	4536
14578	93386
14578	30825
14579	126
14579	97484
14579	46360
14580	41680
14581	19105
14581	72665
14581	32073
14582	98433
14583	97593
14583	61155
14584	86304
14584	92688
14584	71577
14585	89077
14586	21881
14586	9391
14586	19363
14586	84249
14586	26802
14586	76029
14587	55181
14588	84030
14589	21492
14589	53391
14589	34052
14589	39105
14589	46223
14590	23498
14590	1090
14590	86614
14590	95443
14590	58187
14590	97517
14590	97518
14590	87322
14590	58187
14590	97660
14590	73138
14590	101918
14590	25047
14590	86614
14591	15746
14591	46587
14591	64585
14591	43490
14592	83212
14592	798
14592	73367
14593	109876
14594	86333
14594	859
14595	75278
14595	52743
14596	84485
14597	85690
14597	85706
14597	85724
14597	85762
14597	108
14597	100654
14597	102192
14597	16818
14597	108172
14597	109109
14597	38383
14598	102033
14599	79295
14600	6924
14600	98604
14600	47649
14600	105523
14600	105636
14601	91253
14602	87676
14602	95853
14602	19994
14602	15998
14602	12095
14603	4318
14604	71029
14604	23776
14605	60955
14605	60589
14605	13333
14605	17905
14605	85847
14605	31359
14605	7601
14606	68880
14606	93703
14606	93704
14606	93705
14607	30665
14608	43968
14608	5843
14608	5333
14608	5070
14609	240
14610	64279
14611	84469
14611	29522
14611	88838
14612	95123
14613	5424
14614	15316
14615	70657
14615	3694
14615	3446
14615	7031
14615	12032
14615	72589
14615	18811
14615	25641
14615	99466
14615	75227
14616	16312
14617	20815
14618	34179
14619	89625
14619	28415
14619	91014
14620	9032
14620	88526
14620	102847
14621	83026
14621	330
14621	4233
14621	65732
14622	82830
14622	3589
14622	76389
14623	9101
14624	83021
14624	83022
14624	83023
14624	83024
14624	82979
14624	83043
14625	14858
14626	12152
14626	39373
14626	918
14626	59700
14626	10648
14627	9381
14627	20043
14628	4047
14628	13045
14628	18069
14628	8607
14628	100563
14628	79644
14629	30296
14630	1225
14630	61043
14630	13678
14630	51355
14631	64656
14632	30503
14632	102215
14632	109641
14633	92522
14633	106136
14634	85220
14635	86698
14635	30242
14635	44224
14635	86767
14635	91901
14635	12871
14635	1737
14635	96373
14635	92622
14635	11613
14635	69257
14635	107503
14636	43209
14636	97043
14636	45591
14636	97128
14636	97129
14637	69786
14637	4007
14638	28687
14638	14217
14638	10078
14638	25881
14638	68581
14638	26848
14638	4442
14638	4970
14639	68975
14640	14821
14641	84583
14642	5901
14642	5070
14642	93785
14642	43368
14642	12102
14642	6863
14643	7717
14644	50310
14645	31337
14645	84924
14645	47721
14645	107864
14645	74446
14645	39010
14645	108561
14646	6971
14646	58675
14646	28529
14647	34410
14647	87836
14648	88175
14648	88176
14648	88177
14648	88178
14648	88395
14648	88396
14649	93993
14649	94092
14649	58458
14649	94156
14649	89180
14649	47318
14649	98210
14649	13206
14650	44961
14651	67427
14652	31079
14652	511
14652	29636
14653	7891
14653	70370
14653	3993
14653	67619
14653	52435
14654	43829
14655	18523
14655	86694
14655	89787
14655	307
14655	7392
14655	82193
14655	38799
14656	22641
14656	66043
14656	91282
14657	84630
14657	4990
14657	44701
14657	4783
14657	10710
14657	18822
14657	105691
14657	5070
14658	11465
14658	5615
14658	84545
14658	9568
14658	84676
14658	1483
14658	5147
14659	33054
14660	24886
14661	87333
14661	72172
14661	87485
14661	87894
14662	98346
14663	8925
14664	50013
14664	398
14664	1306
14664	19779
14664	1337
14664	15667
14665	4010
14665	91626
14666	12520
14667	85483
14667	84751
14668	24701
14669	59439
14669	54114
14669	52191
14669	34
14669	87060
14669	87061
14669	87191
14669	84409
14670	91079
14670	91207
14670	5901
14670	1297
14670	25491
14670	69591
14670	3376
14670	10123
14670	73353
14671	83305
14672	60667
14672	2833
14672	97318
14672	4354
14672	101506
14672	31481
14673	37214
14674	92618
14674	78783
14675	86099
14675	5818
14676	3055
14677	98977
14678	60591
14678	35990
14679	4128
14680	97614
14681	16753
14681	26933
14682	4331
14682	100462
14683	85026
14684	88638
14684	18593
14684	17031
14684	81384
14684	8490
14684	2231
14684	42209
14684	111312
14685	84732
14685	6430
14685	4562
14685	33054
14686	6971
14686	2833
14686	57467
14687	43602
14687	1564
14688	16137
14689	9449
14689	84525
14689	70701
14689	21048
14689	58364
14689	84767
14689	87891
14689	94438
14690	88608
14691	94054
14691	10160
14692	98430
14692	98431
14692	3574
14692	102502
14692	14951
14692	41164
14692	46041
14692	102506
14692	37545
14693	1886
14694	47493
14695	28056
14696	24489
14696	54963
14697	87050
14697	87897
14697	7675
14698	18488
14698	59535
14698	38410
14699	1746
14700	35676
14700	83672
14700	558
14701	5693
14702	91660
14702	9467
14702	30939
14702	32877
14702	21732
14703	91074
14703	21365
14703	94210
14703	93237
14704	83055
14704	10121
14705	95178
14705	17125
14705	58103
14705	70460
14705	6333
14706	87270
14706	87271
14706	87272
14706	57177
14706	8499
14706	30156
14706	34494
14706	87433
14706	31279
14706	87497
14706	87498
14706	20925
14706	34542
14706	59827
14706	7206
14706	80613
14706	19615
14706	88168
14706	80615
14706	63791
14706	109870
14706	35376
14706	110221
14706	110222
14706	110224
14706	110225
14706	69699
14706	110226
14706	110228
14706	110229
14706	110233
14706	110234
14707	59967
14708	84746
14708	25544
14709	39433
14710	5359
14710	86279
14710	74075
14710	90381
14710	91507
14711	18502
14711	708
14711	95381
14711	319
14711	32073
14712	89519
14713	49814
14714	86229
14714	91363
14714	91364
14714	91379
14714	91380
14714	92182
14714	92756
14714	85836
14714	95903
14714	95923
14714	28266
14714	96612
14714	72966
14715	21987
14716	44898
14716	85128
14716	92113
14716	97348
14716	26077
14717	34539
14717	22522
14717	98111
14717	89348
14717	68841
14717	107122
14718	21285
14719	70000
14719	105806
14719	105807
14719	105961
14719	105962
14719	25907
14720	64191
14721	65074
14721	2192
14722	94324
14722	83703
14722	100461
14723	66707
14723	104754
14724	63294
14724	89291
14724	107693
14725	8400
14725	34417
14725	22782
14726	8912
14727	86348
14727	30700
14728	46308
14728	34813
14728	99847
14728	102608
14728	104340
14728	8917
14729	84503
14729	33018
14729	4115
14729	24765
14729	28537
14729	58530
14729	92442
14729	42534
14729	25762
14729	5074
14729	2126
14730	22675
14731	99417
14731	99894
14732	100045
14732	107634
14732	55521
14732	23822
14733	93502
14734	25924
14734	69411
14734	91072
14734	71142
14734	10067
14734	82786
14735	29696
14735	5506
14736	50239
14737	60794
14738	76611
14738	19405
14738	95452
14738	108261
14738	51075
14738	106897
14738	108269
14738	11365
14738	1131
14738	29712
14739	56204
14739	307
14740	15104
14740	77088
14740	84630
14741	106198
14742	93288
14743	56126
14744	102531
14745	55614
14746	89034
14746	45782
14746	32381
14747	89602
14748	28356
14748	2948
14748	104284
14749	70663
14749	100808
14749	100809
14749	100810
14749	111038
14749	111104
14750	46577
14750	34417
14750	73260
14750	69949
14751	89640
14751	15652
14751	19222
14751	86247
14752	106984
14753	992
14754	90615
14754	7295
14755	85364
14756	4969
14756	51429
14756	5070
14756	43706
14756	41419
14756	39452
14756	18595
14756	60985
14756	2040
14756	20043
14756	13133
14756	72463
14756	13529
14756	51429
14757	80549
14758	12871
14758	84203
14758	40146
14759	10514
14760	53519
14760	15998
14761	3249
14761	105854
14761	12157
14762	89755
14762	6578
14762	53038
14762	97640
14762	53959
14762	67427
14762	64777
14763	85305
14764	16721
14764	7533
14764	15788
14764	5505
14764	22352
14765	50052
14765	28492
14765	95656
14765	32807
14765	4033
14765	24269
14766	76180
14767	30994
14768	12408
14769	5618
14769	6950
14769	68583
14769	6167
14769	72011
14769	28012
14769	58268
14770	41318
14771	67685
14771	2276
14771	782
14771	73480
14771	14207
14771	230
14772	61031
14772	93780
14773	89159
14773	38026
14773	67478
14773	75966
14773	97100
14773	101319
14773	50694
14774	74827
14775	1975
14776	1103
14777	59990
14777	84215
14777	84217
14777	84317
14777	73553
14777	75607
14778	279
14778	9354
14779	107652
14780	83406
14780	90064
14780	91723
14781	20104
14782	59398
14782	26696
14783	307
14783	70907
14783	84326
14783	91129
14784	30000
14784	85916
14784	85917
14784	30445
14784	5035
14784	11433
14784	98610
14784	92881
14784	75939
14784	2581
14784	42272
14785	15941
14785	85154
14785	52435
14785	21760
14785	46301
14785	100063
14785	33926
14785	33789
14786	15381
14786	15377
14786	1314
14786	6832
14787	87390
14787	109761
14788	84362
14788	96650
14788	14049
14788	14230
14788	45239
14788	69591
14789	41785
14789	42143
14789	82315
14789	17718
14790	47938
14790	9493
14790	9877
14790	86611
14791	414
14791	42071
14791	2359
14792	75100
14793	45239
14793	4367
14793	66311
14793	75623
14794	1256
14794	11672
14794	18093
14795	87349
14796	87801
14796	20924
14797	85955
14797	91449
14797	96457
14797	97105
14797	98633
14797	100057
14798	52434
14798	5869
14799	2464
14799	105491
14799	7363
14799	49713
14799	75853
14799	86177
14800	87748
14800	87749
14800	104106
14801	13041
14801	3121
14802	36124
14802	98628
14802	98704
14802	283
14802	81713
14802	43628
14802	99131
14802	93593
14803	87070
14804	13893
14804	2276
14805	86169
14805	86170
14806	91255
14807	4538
14807	15381
14808	62593
14808	96927
14809	66203
14809	22726
14809	28746
14809	97745
14809	103958
14810	7825
14810	54099
14810	92012
14810	1429
14810	81834
14810	23831
14811	19320
14811	74143
14812	4331
14813	93584
14813	21216
14814	32874
14815	84778
14816	1397
14817	79069
14817	34914
14818	58571
14819	34727
14819	6540
14820	15375
14821	86275
14821	58819
14822	66611
14822	35867
14823	82993
14823	83570
14823	45239
14824	26112
14824	61947
14824	97890
14825	90354
14826	109385
14826	18269
14827	47682
14827	5163
14827	49596
14827	25222
14827	37228
14827	7376
14827	34194
14828	15938
14828	85093
14828	2249
14828	61242
14829	56741
14829	53416
14829	107161
14830	97955
14830	11054
14831	15902
14831	55013
14831	63900
14832	67022
14833	43683
14833	45996
14834	85258
14834	88833
14834	69576
14834	90798
14834	90827
14834	98487
14834	100483
14834	100513
14834	85258
14834	105064
14834	105065
14834	105415
14834	100513
14834	107986
14834	108017
14834	108018
14834	108019
14835	88260
14835	97833
14835	16003
14835	9120
14835	2872
14835	91475
14835	280
14836	76061
14837	4010
14838	89067
14838	81457
14838	89098
14838	99669
14839	88183
14839	8820
14839	50351
14839	75467
14840	17284
14840	19839
14841	50892
14842	92708
14842	28495
14842	101509
14843	90252
14843	106060
14843	27599
14843	106074
14844	4346
14845	6790
14846	85248
14846	57033
14846	66354
14846	47175
14846	53637
14847	1163
14847	78760
14847	98835
14847	41550
14847	31149
14847	99559
14847	99540
14847	89618
14847	558
14848	13532
14848	24483
14848	104322
14849	105370
14850	17905
14850	8861
14851	307
14851	319
14851	25711
14851	86125
14851	89894
14851	22112
14851	34888
14851	92565
14851	6401
14851	15046
14852	86472
14852	13960
14852	75242
14853	45929
14853	91679
14853	91680
14853	88587
14854	45328
14854	103147
14855	4114
14856	83259
14856	79061
14856	24701
14857	45239
14858	87902
14859	89278
14859	110042
14859	110048
14860	13292
14861	56011
14861	4949
14862	85664
14862	5432
14862	87182
14862	87183
14863	12043
14864	6832
14865	89339
14866	14696
14866	60121
14867	9025
14867	10560
14867	96629
14867	47344
14867	11832
14868	71008
14869	44549
14869	6797
14870	85389
14870	38799
14871	88087
14871	42459
14871	29125
14871	192
14872	2653
14872	58300
14873	5887
14874	4135
14875	1550
14875	75985
14875	67579
14875	4958
14875	1495
14876	2192
14876	76780
14877	68163
14878	10407
14879	878
14879	31483
14880	4833
14880	30534
14880	33307
14880	4917
14881	3780
14882	7907
14882	95159
14882	6019
14882	95509
14882	67848
14882	19246
14882	91368
14882	87163
14882	3325
14882	102362
14882	109246
14883	88066
14883	6108
14884	8005
14885	92222
14885	89894
14886	85861
14887	50268
14888	97712
14888	97713
14889	84963
14890	55537
14891	45239
14891	93928
14892	84764
14893	81890
14893	75714
14893	86588
14893	88071
14893	36683
14894	1975
14895	10989
14895	9924
14895	96903
14896	72518
14896	84637
14897	92618
14898	4984
14898	19194
14898	17497
14898	1633
14898	93563
14898	93564
14898	56776
14898	69591
14898	18210
14899	2800
14899	87102
14899	4017
14899	27157
14899	17305
14899	2106
14899	96243
14899	27694
14899	21774
14900	89597
14900	1645
14901	36950
14901	74400
14902	89041
14902	8244
14902	41100
14903	88921
14903	88954
14903	88976
14903	24235
14903	85475
14903	16917
14903	15109
14903	50591
14903	95469
14903	23238
14904	79221
14904	65140
14905	2810
14905	84415
14905	84971
14905	85407
14905	105633
14905	87143
14905	14469
14905	44263
14906	12210
14907	91522
14907	78708
14908	96914
14908	96968
14908	76303
14908	97015
14908	993
14908	45566
14908	53376
14908	40090
14908	98173
14908	2279
14908	17014
14908	40146
14908	102097
14908	104763
14908	3664
14909	41763
14910	61277
14911	83689
14912	5608
14912	40373
14912	26735
14912	4032
14912	12881
14912	3317
14912	9222
14912	31015
14912	11796
14912	44625
14912	60985
14912	89255
14912	108430
14912	11318
14912	21404
14912	35314
14912	2040
14912	11769
14912	32645
14912	16339
14912	6540
14912	7643
14912	86642
14912	110716
14913	88590
14913	90077
14913	105433
14913	105123
14914	70761
14915	91399
14915	91400
14915	80025
14915	91416
14915	69120
14915	102370
14915	104997
14915	104998
14916	83309
14917	92427
14918	56469
14919	92718
14920	564
14921	4969
14921	45720
14921	41203
14921	99975
14921	6363
14922	87759
14923	17561
14923	8065
14924	1908
14924	14372
14925	29125
14926	17231
14927	30465
14927	86280
14928	7778
14928	57448
14928	54714
14929	57655
14929	83372
14930	37773
14930	87213
14930	5359
14930	88343
14930	88344
14930	88565
14930	22035
14930	88613
14930	88614
14930	89283
14930	54543
14930	20316
14930	15778
14930	54286
14931	69625
14932	36754
14932	88810
14933	14082
14933	56204
14933	9703
14933	11129
14933	3110
14933	61279
14934	6617
14935	62372
14935	990
14935	4050
14935	15935
14935	20166
14935	80125
14935	50893
14935	34700
14935	38878
14935	5267
14936	38543
14937	47818
14937	91788
14938	88861
14939	67427
14939	52435
14939	319
14940	52435
14940	72331
14940	41242
14940	28300
14940	12527
14940	48
14941	50275
14941	54456
14941	40121
14941	26584
14941	19806
14941	72832
14941	66265
14941	72875
14941	72930
14942	86619
14942	40506
14942	86682
14942	28124
14942	32630
14942	10171
14942	18917
14942	99477
14942	104993
14942	38310
14943	65062
14943	110440
14944	12102
14944	17905
14944	6236
14944	6940
14945	44190
14945	80619
14945	993
14945	59649
14946	41239
14947	47938
14947	1858
14947	24701
14947	21718
14947	14928
14947	16221
14947	69769
14948	57665
14949	34727
14949	83289
14950	2911
14950	83673
14950	88441
14950	87070
14950	2256
14950	54041
14950	54640
14950	761
14950	99134
14950	52270
14950	69738
14951	85730
14952	56204
14952	11596
14952	35867
14952	96687
14953	24835
14954	9190
14954	27378
14954	81608
14954	90882
14954	91303
14954	75950
14954	12533
14955	80632
14955	51844
14955	80129
14955	80654
14955	101453
14956	81235
14957	46552
14958	74087
14959	90
14959	5859
14960	11761
14960	69591
14961	16204
14961	93837
14961	9209
14961	4033
14961	84206
14961	97337
14961	97394
14962	18244
14962	86754
14963	16204
14964	20166
14965	78391
14965	92669
14965	68397
14966	88773
14967	17687
14967	50021
14967	93633
14967	63936
14967	44938
14967	95994
14967	6561
14967	47248
14967	3805
14967	2813
14967	101001
14967	106605
14967	27982
14968	49315
14969	18144
14969	69199
14969	54338
14969	72218
14969	54283
14969	86252
14969	86357
14969	28932
14969	14284
14969	104255
14970	92502
14971	84569
14971	84571
14972	54616
14973	97885
14973	61437
14973	8575
14974	7295
14974	1615
14975	8406
14976	40720
14977	83611
14977	83612
14977	83613
14978	5424
14978	84340
14978	84341
14978	84342
14978	84343
14978	84437
14978	81857
14978	84691
14979	89412
14979	90878
14979	15536
14980	68635
14980	35793
14980	83136
14980	1355
14980	97654
14980	16927
14980	109542
14981	83371
14981	85859
14982	45363
14982	49048
14982	42732
14982	92285
14982	5855
14982	44014
14982	59911
14982	109042
14983	4444
14984	1380
14984	41013
14984	64148
14984	44309
14984	16492
14985	53032
14986	4444
14986	67248
14987	84036
14987	84555
14987	89529
14987	14535
14987	97057
14987	31973
14987	27095
14987	63322
14987	44919
14987	15501
14987	52245
14987	36750
14987	101680
14987	10958
14987	101681
14987	4870
14987	101863
14987	10247
14987	93162
14987	82607
14987	5683
14987	93573
14987	36585
14987	82345
14987	7302
14987	103674
14987	4349
14987	18871
14987	87499
14988	93887
14989	87603
14989	87604
14990	64595
14991	11421
14991	61863
14991	26701
14991	20696
14991	10281
14991	13698
14991	104944
14992	2604
14992	65864
14992	91949
14992	91958
14992	26230
14992	96571
14992	99750
14992	15616
14992	79500
14993	95976
14994	94846
14995	40321
14995	41670
14995	18823
14995	13161
14995	12872
14995	71910
14996	84238
14997	9756
14997	32093
14997	39653
14997	23575
14997	96997
14998	22901
14998	89051
14998	17183
14998	6471
14998	73585
14998	91497
14998	45876
14998	47339
14999	88435
14999	61354
14999	16094
14999	15104
15000	10894
15000	76962
15000	278
15000	53596
15001	82029
15001	82029
15001	20621
15001	82029
15002	88009
15002	6173
15002	1871
15002	51738
15003	12
15004	3819
15004	92530
15004	91837
15004	1328
15004	54041
15004	97358
15004	102999
15005	26206
15006	11947
15006	48551
15006	52934
15006	844
15006	10364
15007	85095
15007	47967
15008	77973
15008	87875
15008	39111
15008	29596
15008	87919
15009	86771
15009	49843
15009	11049
15009	70647
15009	15722
15010	84814
15010	52488
15010	53001
15010	550
15010	92528
15010	100717
15010	100718
15010	58884
15010	100760
15010	52488
15010	100761
15011	8548
15012	86727
15012	6845
15013	84202
15014	86468
15014	28379
15014	29595
15014	10914
15014	49651
15015	35647
15015	2232
15015	4836
15015	11216
15015	104213
15016	21200
15016	78175
15016	74553
15016	85329
15016	85330
15016	11595
15016	82512
15016	17870
15016	90885
15016	97468
15017	76307
15018	23861
15018	82045
15019	3765
15019	3432
15019	15860
15019	1630
15019	81709
15019	80313
15020	44896
15021	85642
15021	85643
15021	95118
15021	60746
15021	109597
15022	13496
15023	2817
15023	15877
15023	18545
15023	397
15023	7602
15024	90054
15024	90055
15024	37863
15024	100170
15024	12575
15024	35683
15024	36814
15024	108827
15024	68799
15025	86445
15025	6769
15025	70365
15025	94
15025	37316
15025	22918
15025	3739
15025	34235
15025	93779
15025	6863
15025	23188
15025	15551
15025	20673
15025	1289
15026	29807
15027	87195
15028	19409
15028	407
15029	86022
15029	70355
15029	86273
15029	14881
15029	25709
15030	83951
15031	97866
15032	21846
15033	27542
15034	82460
15035	61283
15036	91839
15037	38589
15037	99526
15038	83940
15039	93218
15039	5704
15039	1540
15039	33837
15039	8161
15039	20166
15040	4244
15041	23973
15041	90680
15042	60967
15042	28841
15042	89528
15043	87059
15043	43170
15043	5922
15044	94554
15045	12263
15046	998
15046	69415
15046	73337
15046	67427
15046	165
15046	97
15046	62410
15047	5298
15048	19676
15048	38140
15049	90340
15049	56172
15049	38410
15050	44127
15050	37295
15051	94485
15051	32618
15052	90461
15053	35819
15053	87147
15053	94097
15054	87630
15054	4663
15054	75813
15054	39549
15054	27673
15054	33916
15055	101402
15056	94145
15057	76389
15058	84091
15058	63248
15058	94101
15059	16896
15059	84235
15059	84236
15060	15302
15060	96024
15060	89529
15061	18200
15062	89803
15062	89897
15062	99860
15062	14276
15062	108608
15062	105606
15062	108849
15063	96690
15063	110709
15064	51500
15064	10108
15065	8244
15065	3741
15066	344
15067	1297
15067	79975
15067	99129
15068	86167
15068	86193
15068	86226
15068	43095
15068	1256
15068	26802
15068	63061
15069	96547
15070	15990
15071	76272
15071	31297
15071	335
15071	4969
15071	93268
15071	22884
15071	68243
15071	23973
15072	1760
15072	108787
15073	66503
15073	96390
15073	96391
15073	96437
15073	96438
15074	84248
15075	40971
15076	106415
15076	62732
15076	83726
15076	33054
15076	97831
15077	82421
15078	20166
15078	67235
15078	31719
15078	48612
15079	35391
15080	6924
15081	90338
15082	70927
15083	100847
15083	103183
15084	30694
15085	25085
15085	1374
15086	27230
15086	343
15086	85553
15086	100040
15086	50639
15087	69142
15088	19344
15088	5301
15088	693
15089	33725
15089	9748
15089	52353
15089	26494
15090	88511
15090	73482
15091	736
15091	68403
15091	22914
15091	3562
15092	18715
15092	85320
15092	82376
15093	21507
15093	51793
15094	57176
15094	84923
15094	30157
15094	85270
15094	35707
15094	10802
15095	93310
15096	10072
15096	2216
15096	94095
15096	44103
15096	110477
15097	88204
15097	26469
15097	59948
15097	56204
15098	87854
15099	87720
15100	10334
15101	14932
15101	198
15101	81569
15102	47721
15102	87284
15102	58509
15102	107447
15103	73752
15103	88449
15104	67822
15104	17100
15105	62001
15106	93123
15106	27356
15106	110546
15106	19602
15107	87225
15107	87275
15107	87277
15108	2276
15108	1975
15108	27476
15109	7491
15110	24668
15111	85309
15111	32421
15111	48333
15111	87464
15111	44905
15111	63781
15111	87493
15112	21723
15112	39303
15112	96495
15112	26674
15112	84714
15112	68540
15112	8897
15113	26368
15113	89135
15113	39433
15114	94922
15114	1903
15114	1165
15114	37963
15115	36059
15116	75457
15116	1320
15117	1207
15118	29499
15118	33740
15119	87633
15119	14932
15119	8572
15119	56011
15119	88962
15119	67740
15119	10657
15120	5455
15120	55497
15120	14619
15121	307
15122	34652
15122	55181
15123	69690
15123	50156
15123	93752
15123	75672
15123	4503
15124	79725
15124	8564
15125	56423
15126	45961
15126	9424
15126	44747
15126	6634
15126	5742
15126	22114
15126	103512
15126	73722
15127	55497
15127	85788
15127	3515
15127	10074
15127	87274
15127	44462
15127	87626
15127	43020
15127	31380
15127	23697
15128	19138
15128	1736
15128	93065
15128	77116
15128	46142
15129	89325
15129	89326
15129	89370
15129	36165
15130	36149
15130	18841
15130	14386
15130	9465
15130	1297
15131	83987
15131	73549
15132	83641
15132	61404
15132	62071
15132	30759
15132	21315
15133	23822
15133	14490
15134	23261
15135	4032
15135	5898
15135	9801
15135	20815
15136	21422
15137	10986
15138	101967
15139	82559
15139	16035
15139	86617
15139	18199
15139	37040
15140	60153
15141	52546
15142	4331
15142	221
15142	50560
15142	34282
15142	11911
15142	41129
15142	19153
15142	43139
15142	3575
15142	72764
15142	34460
15143	89263
15143	93299
15143	93304
15143	93305
15144	10359
15144	18588
15144	42317
15144	55374
15144	786
15144	44840
15144	63311
15144	39618
15144	16414
15144	55406
15144	10658
15144	24972
15144	36707
15144	10359
15144	26269
15144	80990
15144	104827
15144	36920
15144	24847
15144	3317
15145	21069
15145	82876
15146	5229
15146	74636
15146	88167
15146	57654
15147	9184
15147	21046
15147	50588
15148	35461
15148	16109
15149	70837
15149	91018
15149	91019
15149	52115
15149	32596
15149	93831
15149	35070
15150	32655
15150	92245
15150	22952
15150	93380
15150	165
15151	56016
15151	1225
15152	74824
15153	23341
15154	45051
15154	41730
15155	25709
15155	8966
15156	83750
15156	57513
15156	80540
15156	88491
15156	8673
15156	24156
15156	33907
15156	23770
15157	106350
15158	97312
15158	97322
15158	103012
15158	80562
15158	103762
15158	4012
15159	9328
15160	2106
15160	9212
15161	93475
15161	93476
15162	8255
15162	24202
15163	23512
15164	66032
15164	90119
15165	82973
15166	98452
15166	36548
15167	18034
15167	61242
15167	48574
15167	26050
15167	32277
15167	8244
15167	15938
15167	29286
15168	71598
15169	68241
15169	87306
15169	56171
15170	70051
15170	86827
15170	56011
15170	20673
15170	43170
15170	35308
15170	67847
15170	21701
15170	14908
15171	71288
15171	93237
15171	84860
15172	25886
15173	4209
15173	41802
15173	13451
15174	62993
15175	15298
15175	34816
15175	3506
15176	101
15176	92451
15176	42180
15177	108262
15178	20374
15178	67338
15179	81506
15180	86150
15180	16551
15180	56797
15180	98961
15181	5157
15181	39174
15182	88906
15182	89414
15182	38064
15183	86406
15183	6383
15183	42209
15184	28931
15185	1368
15185	85323
15185	80079
15186	41227
15186	86042
15186	56042
15186	71904
15186	86163
15186	88146
15186	92948
15187	87926
15188	335
15189	51922
15189	35887
15189	37907
15189	91499
15190	365
15191	95121
15191	97852
15192	37110
15192	108441
15192	19359
15193	36418
15194	52151
15194	91950
15195	576
15195	94080
15195	25121
15195	80612
15195	70733
15195	95155
15195	95362
15195	97556
15195	6683
15195	82287
15195	6072
15195	99481
15196	94843
15196	19763
15196	94844
15196	95943
15196	38633
15196	30272
15196	97675
15197	6187
15197	7767
15197	99299
15198	86593
15198	59934
15198	95104
15199	40720
15199	6940
15200	36431
15200	28930
15201	14082
15202	86558
15203	42900
15204	86582
15204	80513
15204	51730
15204	86583
15204	86584
15204	86648
15204	86649
15204	86665
15204	86666
15204	34348
15204	111087
15204	102172
15204	111111
15204	64275
15204	86584
15204	111112
15204	51730
15204	111113
15204	53372
15204	59743
15205	63840
15205	2312
15205	111006
15206	84390
15206	83799
15207	2586
15207	70655
15207	9230
15208	87623
15208	87690
15208	3778
15209	92888
15209	319
15209	81635
15209	7300
15209	111360
15210	33663
15210	7496
15210	93997
15210	26523
15210	73361
15211	86622
15212	35827
15212	6383
15213	87881
15214	19902
15214	3897
15214	59259
15215	84179
15215	88085
15215	15061
15216	30476
15217	9788
15217	85714
15217	85763
15217	97214
15217	2113
15217	96014
15218	36495
15218	84742
15218	10669
15219	29129
15219	33414
15220	4331
15221	10739
15221	25020
15221	58991
15221	78887
15221	38174
15221	4922
15222	24936
15223	43706
15223	83796
15223	87974
15223	84893
15223	104240
15223	78459
15223	37562
15223	107665
15223	17379
15223	107666
15224	97902
15224	100452
15225	22334
15226	78254
15226	79765
15226	92879
15227	10227
15227	86595
15227	10894
15227	51253
15227	26050
15227	39115
15227	84957
15227	104688
15228	80244
15229	5451
15229	84686
15229	27674
15230	28596
15230	23972
15231	86025
15231	86165
15231	13
15231	29636
15232	17956
15232	420
15233	23697
15233	2314
15233	69243
15233	1880
15233	87813
15233	5655
15233	23341
15233	16913
15233	98067
15233	73440
15233	57631
15233	3068
15233	14379
15233	32318
15234	11049
15234	15298
15235	100107
15236	56399
15236	100335
15237	7930
15237	102855
15238	46290
15239	84070
15239	603
15239	20166
15239	4302
15239	1496
15239	4969
15239	15552
15239	6003
15239	67945
15239	92593
15240	668
15240	83214
15240	6171
15240	72011
15240	18677
15240	6171
15240	105322
15241	2391
15242	85611
15242	92752
15242	93579
15242	53068
15242	34649
15242	22106
15242	20857
15242	104058
15242	39355
15243	307
15244	8748
15245	11765
15245	89787
15246	97386
15246	29887
15246	109453
15247	5391
15247	36647
15248	4663
15248	53556
15248	23576
15248	91644
15248	91662
15249	52469
15249	93857
15249	93945
15249	83819
15249	35817
15249	13900
15250	7976
15250	83777
15250	57812
15250	83778
15250	83818
15250	27576
15250	5499
15250	38693
15250	75663
15251	15495
15252	9354
15252	12762
15253	26674
15253	74511
15254	56616
15255	13960
15256	32256
15256	19410
15256	99620
15256	99621
15256	99834
15256	36999
15256	69038
15256	61193
15256	110142
15257	75370
15257	11969
15257	110837
15258	14137
15259	3153
15260	15298
15260	1495
15260	57631
15261	42644
15261	2106
15262	1141
15262	99505
15262	5463
15262	8770
15263	7837
15264	91038
15264	102074
15264	25252
15264	48844
15265	47659
15265	103772
15266	88109
15266	97567
15266	103345
15267	19807
15267	41857
15267	87032
15267	21676
15267	87003
15267	45842
15267	15298
15267	11661
15267	26350
15267	31571
15268	16131
15269	84407
15270	9403
15271	87859
15271	106168
15271	34524
15271	111757
15271	111758
15271	40893
15271	111786
15271	22791
15272	29517
15273	45061
15274	83592
15274	83679
15274	100771
15274	97969
15275	86941
15276	6171
15277	52359
15277	85123
15277	106766
15278	13159
15279	40212
15279	94652
15279	94748
15280	51823
15281	28110
15282	90252
15283	14037
15283	88234
15283	6415
15283	35771
15283	97832
15284	26580
15284	30759
15285	30
15286	29712
15286	107697
15286	111377
15287	106223
15288	68754
15289	74142
15289	43525
15289	40529
15289	85439
15290	94236
15290	94237
15290	94323
15291	59610
15292	72069
15292	67848
15292	20653
15293	88352
15294	2973
15295	77131
15296	24683
15296	3486
15296	11656
15296	19153
15297	2833
15297	65377
15297	4935
15297	89593
15297	3162
15297	306
15297	43273
15297	101157
15297	26821
15297	101158
15297	15695
15297	101159
15297	14854
15297	4397
15297	103419
15298	9326
15298	3203
15299	65074
15299	307
15300	4496
15300	75985
15301	41917
15302	46411
15302	4538
15302	77299
15303	81398
15303	2653
15303	24779
15303	26325
15304	4392
15304	6701
15304	6043
15305	708
15305	43598
15305	87879
15305	41011
15306	5581
15307	3267
15308	38455
15308	9119
15308	60757
15308	109905
15308	9901
15308	36655
15309	10793
15309	93611
15309	93612
15309	102237
15309	102248
15309	102252
15310	90874
15310	54501
15311	93531
15311	93532
15311	60400
15311	75364
15312	10708
15313	14778
15313	92054
15313	60788
15313	27737
15313	83292
15313	92668
15314	21514
15314	74554
15314	33185
15314	5396
15314	72898
15314	56204
15315	280
15315	82350
15316	46847
15316	108557
15316	108567
15317	9467
15318	75985
15318	86184
15318	5563
15318	78501
15318	7002
15318	3042
15318	10449
15318	5563
15319	87043
15319	87044
15319	63710
15319	91279
15319	91280
15319	91569
15320	27680
15321	71875
15321	43372
15321	42701
15321	2215
15321	47656
15321	3515
15321	14503
15321	93797
15321	93798
15321	16198
15322	17248
15322	68583
15322	67106
15322	34932
15323	9719
15323	91020
15324	100025
15324	68348
15324	52598
15324	1805
15325	15153
15325	5804
15325	76183
15326	86313
15326	4145
15326	93975
15326	8406
15326	43362
15326	94401
15326	58043
15327	48896
15327	88153
15328	93875
15329	83479
15329	83480
15329	73820
15330	86245
15330	52546
15330	9467
15330	11652
15330	1941
15330	53162
15331	83378
15331	75993
15331	87491
15331	88020
15332	84554
15332	8231
15332	6105
15332	1141
15332	3317
15332	91047
15332	79096
15332	11
15332	307
15332	41151
15333	52546
15334	97439
15334	10301
15334	13124
15334	40854
15334	68959
15334	42052
15334	68794
15334	17138
15334	8057
15335	80183
15335	14362
15335	103403
15335	79978
15335	103404
15336	10710
15336	68581
15336	33789
15336	80346
15336	278
15336	10014
15336	13972
15336	3517
15336	75985
15336	25709
15336	99732
15336	59006
15337	110186
15338	28929
15338	4567
15338	42833
15338	94987
15338	103448
15339	14015
15339	4561
15339	20170
15340	32798
15340	111544
15341	87296
15341	88446
15342	335
15342	19462
15342	100523
15342	18892
15342	37467
15343	21809
15343	85000
15343	60022
15343	42272
15343	100127
15344	76251
15344	32165
15344	40464
15345	7116
15345	43706
15345	60514
15345	86211
15345	103317
15345	25068
15346	878
15347	9729
15348	26796
15349	27762
15349	3660
15349	12102
15350	86615
15350	8353
15350	9032
15350	7150
15351	22102
15352	98819
15352	36797
15352	19079
15353	56204
15354	68581
15354	676
15354	98319
15354	87150
15354	26738
15354	98333
15355	29636
15356	37088
15356	91502
15356	28638
15356	87304
15356	88213
15357	56204
15358	36864
15359	7839
15359	86771
15359	51343
15359	6779
15360	86815
15360	37103
15360	44607
15361	412
15361	25595
15362	91212
15363	17722
15363	11862
15363	51429
15363	94995
15363	36611
15363	11862
15363	4294
15364	78226
15364	92863
15365	84585
15365	86437
15365	86438
15365	86439
15365	98691
15365	76655
15365	98738
15365	108808
15365	111760
15365	111778
15366	96786
15367	50593
15368	6434
15368	35742
15368	97927
15368	98282
15369	32168
15369	93012
15369	38235
15369	101411
15369	62937
15369	101434
15369	101435
15369	101436
15369	101651
15369	101684
15369	52151
15369	101685
15369	101739
15369	32717
15369	101740
15369	50886
15369	101830
15369	76975
15369	54988
15370	67665
15370	31459
15370	52245
15370	9467
15371	9637
15372	32645
15372	94285
15372	94461
15372	52226
15372	13507
15372	99370
15373	25338
15373	86274
15373	25338
15373	175
15373	7825
15373	68531
15373	12465
15373	76555
15373	10433
15374	68533
15374	90778
15374	90804
15374	3162
15375	2698
15375	91048
15375	5873
15376	43624
15377	20600
15377	52555
15377	2241
15377	15988
15378	100251
15379	45966
15379	3782
15379	17774
15379	88361
15379	23590
15379	18288
15379	104594
15380	108622
15380	86435
15381	8037
15381	109364
15381	84469
15382	89375
15383	137
15383	26411
15384	89027
15385	84617
15386	86574
15387	83742
15387	94191
15387	78834
15387	40658
15387	4211
15388	88832
15388	411
15388	8094
15389	97496
15389	86133
15389	108023
15390	87258
15390	109570
15391	63018
15392	87551
15392	88277
15392	88278
15392	38014
15393	11906
15393	75845
15393	3486
15393	50129
15393	66618
15393	7745
15393	150
15394	5867
15395	39810
15395	35990
15396	61279
15397	88378
15398	1531
15399	70087
15400	86784
15400	67685
15400	21472
15400	69038
15400	8548
15401	358
15402	35712
15403	61809
15403	7521
15404	58235
15404	6383
15404	49602
15404	5349
15405	26908
15406	83457
15406	88644
15406	97939
15406	97012
15407	319
15407	4318
15408	91450
15408	25050
15408	91475
15409	102573
15410	67685
15411	85354
15412	43612
15413	5396
15413	45593
15414	11569
15414	6757
15414	7748
15415	88348
15415	41428
15415	88411
15416	37868
15416	75861
15416	88829
15416	8178
15417	10278
15418	4318
15419	86632
15419	2070
15419	86687
15419	86688
15419	98340
15419	98453
15419	42572
15419	99022
15419	521
15419	50481
15419	78962
15419	2429
15419	56135
15419	59245
15419	27084
15419	76204
15419	106518
15419	106519
15419	96002
15420	1645
15420	996
15420	18323
15421	19265
15421	89531
15421	27754
15421	85066
15421	785
15421	44508
15421	72665
15422	13770
15423	95336
15423	95337
15423	30220
15423	95338
15424	31338
15424	95168
15424	8415
15425	15949
15425	107705
15425	109378
15425	63061
15426	30247
15426	84222
15426	84250
15426	5828
15426	75499
15426	31839
15426	14544
15426	85510
15426	62386
15426	96222
15426	36705
15426	46019
15427	85933
15427	21109
15427	88476
15427	62601
15427	98304
15427	94539
15427	42198
15428	52677
15428	76583
15429	84149
15430	18
15431	1388
15431	33004
15431	92683
15431	43602
15432	7071
15432	68160
15432	90510
15432	42143
15433	19462
15433	676
15433	71514
15434	82972
15434	57304
15434	3575
15434	56648
15435	16798
15435	18536
15436	56011
15436	83828
15437	12898
15437	279
15437	18663
15437	67594
15438	25966
15438	105580
15439	4248
15440	89513
15441	89545
15441	89566
15442	45771
15443	85665
15443	85666
15444	72653
15444	89849
15445	88074
15445	13171
15445	13347
15445	45926
15445	78286
15446	38565
15446	32529
15447	90772
15448	89900
15448	90811
15449	83987
15449	69030
15449	2876
15449	17797
15449	28056
15449	60667
15449	13333
15449	80102
15449	3864
15449	84095
15449	40108
15449	62404
15449	9025
15450	99917
15450	48270
15451	42375
15451	83297
15451	61917
15451	2238
15451	89416
15451	89428
15451	26459
15451	91188
15451	67427
15452	6052
15452	56204
15452	3575
15452	16605
15452	40373
15452	9443
15452	6148
15452	4104
15452	43851
15453	32832
15453	97314
15453	57140
15453	105544
15454	80384
15455	736
15456	9705
15457	19090
15458	92666
15459	82962
15459	5184
15460	97461
15460	38291
15461	16377
15461	24431
15462	89216
15462	89217
15462	94998
15462	100530
15463	99889
15464	5181
15464	5204
15464	65817
15465	7302
15465	86331
15465	68910
15465	11483
15465	30386
15465	6863
15465	92584
15465	50255
15466	88364
15467	101356
15468	67594
15469	102688
15470	175
15470	14041
15471	61599
15472	82983
15472	48774
15472	55574
15473	61242
15473	22078
15473	63085
15474	74393
15474	33128
15474	9639
15474	76232
15474	25710
15474	74393
15474	13265
15474	100753
15475	81931
15476	37563
15476	506
15477	7372
15477	1914
15477	7301
15477	19125
15477	68753
15477	92536
15477	60788
15477	305
15477	3370
15478	48737
15479	1975
15479	5938
15479	37867
15479	16815
15479	6540
15480	1163
15481	8830
15481	61706
15481	4663
15481	89360
15482	69761
15483	8925
15483	10648
15483	67877
15483	39978
15483	190
15484	14234
15484	9145
15485	75258
15485	3211
15485	55318
15485	8005
15485	102908
15485	5028
15486	89259
15486	89419
15486	89467
15486	96499
15486	46327
15486	8842
15486	676
15486	53684
15486	23543
15486	37724
15487	75724
15487	90462
15487	20145
15488	89533
15488	89535
15488	89536
15488	2510
15488	92375
15488	93898
15488	94079
15488	29338
15488	99933
15488	99934
15488	99950
15488	52881
15488	39872
15488	25230
15488	103834
15489	24856
15489	44230
15489	5301
15489	40549
15489	97967
15490	83911
15490	84807
15490	84978
15491	8019
15491	12807
15491	48039
15492	93098
15493	1388
15493	98278
15493	22908
15494	86105
15494	86106
15494	86107
15494	61007
15494	34741
15494	100581
15494	64102
15495	67093
15495	70313
15495	88816
15495	13278
15495	45833
15495	48171
15495	14224
15495	23261
15495	102600
15496	83522
15496	96809
15497	28856
15498	18854
15499	48896
15499	34813
15499	70274
15500	83937
15500	83966
15500	98334
15500	98335
15500	102961
15500	77737
15501	33512
15502	101133
15502	39709
15503	88061
15503	2506
15504	89414
15505	42436
15506	43687
15506	85517
15506	84764
15507	15652
15507	8400
15507	83063
15507	52621
15507	88634
15508	99117
15508	108403
15509	91104
15509	91105
15509	76827
15509	91193
15509	92611
15509	77031
15509	94043
15509	94044
15509	94537
15509	94641
15510	36245
15510	16893
15510	53865
15511	7103
15511	4802
15511	30273
15511	19847
15511	28894
15511	21872
15512	27990
15512	86059
15512	27737
15512	59171
15512	860
15512	782
15512	325
15512	98322
15512	98379
15512	103107
15513	45838
15514	32381
15514	54318
15514	88002
15514	68581
15514	82529
15514	78418
15514	84095
15514	29086
15514	18836
15514	2052
15514	94874
15514	28932
15514	16267
15514	54318
15514	12905
15515	28907
15516	88606
15517	83045
15517	74614
15517	83282
15517	83283
15517	64028
15518	25222
15518	16325
15519	63075
15519	65229
15520	31401
15521	42052
15521	85750
15521	11694
15521	103439
15522	19052
15523	92601
15523	17031
15524	60736
15525	94249
15525	99441
15526	97744
15526	97751
15526	100223
15527	1125
15528	104444
15529	5876
15529	34235
15529	25595
15529	103359
15529	28598
15530	25283
15530	12917
15531	3819
15531	79733
15531	10213
15531	1287
15531	98450
15531	8842
15531	8187
15531	95391
15532	96341
15533	45239
15533	67877
15533	111896
15533	3805
15533	99592
15533	71910
15533	5424
15533	10234
15534	92003
15534	36289
15535	84813
15535	36850
15535	84860
15535	17903
15535	27659
15535	89441
15535	3162
15535	61532
15535	6975
15535	68782
15535	65140
15535	94475
15535	104644
15536	2276
15536	18671
15536	1941
15536	36860
15537	88640
15538	96598
15539	52203
15539	49623
15540	35621
15540	102220
15541	19153
15541	1975
15542	60161
15542	90844
15542	50835
15543	68583
15543	83529
15543	86581
15543	67877
15543	103013
15544	12174
15544	87574
15545	6659
15545	87121
15545	88039
15545	60023
15545	79126
15545	3659
15545	15552
15545	59311
15545	3448
15545	101746
15546	13171
15546	18516
15546	41236
15546	76097
15546	3086
15546	101203
15546	3582
15546	38117
15546	21409
15546	52292
15546	9058
15547	93730
15548	92889
15548	10641
15548	18895
15548	108955
15549	80633
15549	2736
15549	7329
15549	65133
15549	48530
15550	87261
15550	87262
15550	41826
15551	12916
15551	93064
15551	95572
15551	95667
15552	479
15553	3660
15554	28952
15554	65996
15555	81025
15555	102923
15556	67877
15557	42320
15557	77501
15558	26229
15559	41408
15560	47374
15560	92112
15560	54023
15560	92359
15560	92360
15560	92415
15561	17908
15561	5023
15561	67487
15561	85647
15561	23972
15561	30767
15562	85257
15562	71947
15562	44636
15563	18217
15564	85425
15564	85800
15564	85801
15565	58882
15566	92587
15566	92588
15567	59211
15567	18280
15567	433
15568	20573
15569	4755
15569	40709
15569	40921
15570	4318
15570	8356
15570	48855
15571	87652
15572	88368
15572	60992
15572	87813
15572	102347
15573	1777
15573	14601
15574	27332
15575	88749
15575	94545
15576	8939
15576	33134
15577	8481
15578	407
15578	50885
15578	9328
15578	343
15579	13559
15580	88440
15581	58839
15581	19332
15582	45900
15582	88679
15582	90625
15583	86898
15584	88657
15585	85721
15585	50644
15585	86906
15585	97917
15585	97793
15586	2833
15586	37244
15587	103489
15588	61262
15589	67877
15589	6812
15589	19975
15589	106985
15589	59095
15589	18671
15590	109566
15591	88699
15591	88700
15592	49425
15593	41703
15594	88867
15595	86689
15596	6114
15596	14217
15596	16028
15596	4581
15597	101861
15597	101862
15597	65252
15597	21167
15598	23490
15599	93175
15600	68003
15600	2900
15600	1682
15600	34233
15600	10556
15601	85471
15602	67411
15603	4014
15603	20760
15603	93726
15604	107748
15605	56204
15605	11716
15605	13161
15605	56011
15605	3773
15605	38766
15605	59723
15606	40863
15606	70500
15607	576
15607	366
15607	7480
15607	6363
15607	21624
15607	89568
15608	63863
15608	88885
15608	63164
15609	92179
15609	33856
15609	75177
15610	85252
15610	97424
15610	71795
15610	22971
15610	98683
15611	41905
15611	53865
15612	12342
15612	7259
15612	16075
15613	20364
15614	87344
15614	6994
15615	95565
15616	13171
15617	42355
15617	89291
15617	98915
15618	88463
15618	5085
15619	41628
15619	92241
15619	1930
15619	110990
15619	15642
15620	10525
15620	87367
15621	307
15621	103448
15621	75544
15621	103725
15621	80057
15621	106914
15621	106915
15621	900
15622	12379
15622	16681
15622	87303
15622	28232
15623	44627
15624	74075
15624	86097
15624	75663
15625	89165
15625	20644
15626	48641
15626	31149
15626	10793
15627	88513
15628	59764
15629	50658
15630	83958
15630	41691
15630	28164
15630	18003
15630	74307
15631	20925
15631	100546
15632	91896
15633	51653
15633	4958
15633	83726
15633	62045
15634	21610
15635	32214
15635	31462
15636	83218
15637	61475
15637	3727
15637	2949
15638	44785
15639	40163
15639	18784
15639	94364
15639	94365
15639	34468
15640	96201
15640	10072
15641	82955
15641	42644
15641	40740
15641	4318
15641	75473
15641	38552
15641	17802
15641	27016
15641	99126
15642	28833
15642	79579
15643	71996
15644	87169
15644	87170
15645	39497
15646	7260
15646	926
15647	38751
15647	41670
15648	15790
15649	16522
15650	92047
15651	58529
15652	5811
15653	58535
15654	9705
15654	43602
15655	22536
15655	16723
15656	71863
15656	7288
15656	91470
15656	9448
15656	52062
15657	60047
15657	23341
15657	8440
15657	90
15657	23514
15657	911
15657	103124
15657	109969
15658	48641
15659	100434
15659	100479
15659	100480
15659	100481
15659	106193
15659	79324
15659	102367
15660	101885
15661	92418
15662	94991
15662	102939
15663	90228
15663	89894
15663	98394
15663	53654
15664	84591
15664	33703
15664	92228
15664	73776
15664	73775
15665	25966
15665	782
15665	30503
15666	13088
15666	89352
15667	89506
15667	101541
15668	60274
15668	45518
15669	28623
15670	3291
15670	41013
15671	24221
15671	12871
15671	2306
15672	3848
15673	93827
15673	12055
15673	36089
15674	13123
15675	31775
15675	23219
15675	37517
15675	5336
15676	95296
15676	96908
15676	98351
15677	23154
15677	36847
15677	88423
15677	16606
15677	88561
15677	14837
15677	88803
15677	92660
15677	92661
15677	26188
15677	105129
15677	80289
15678	1628
15678	65218
15678	2276
15678	87025
15678	61412
15678	30371
15678	67685
15678	17908
15679	88670
15680	12940
15681	44803
15682	7002
15682	70388
15683	38362
15683	8707
15684	50904
15684	14251
15685	1960
15685	93243
15685	5270
15686	51768
15686	50457
15687	25562
15688	29712
15688	85674
15688	95865
15688	62405
15689	31906
15690	13107
15691	20166
15692	79866
15692	15299
15692	53801
15692	16211
15692	83356
15692	2270
15692	5295
15692	83634
15693	13459
15694	8532
15694	5723
15695	2453
15695	45100
15695	86518
15695	307
15695	12606
15696	63357
15696	30589
15697	6248
15697	30858
15698	307
15699	62283
15700	38777
15700	57862
15700	104931
15700	104932
15700	2113
15701	13817
15702	7402
15703	65033
15703	10651
15703	21119
15703	104267
15704	86870
15705	84866
15705	2773
15705	5295
15706	12907
15707	85411
15708	87986
15709	88692
15709	88884
15709	24760
15709	73656
15709	88967
15710	7521
15711	844
15711	84348
15711	26382
15711	9290
15712	39074
15712	59439
15712	88325
15712	101155
15713	57972
15713	11477
15713	98981
15714	41975
15715	73381
15715	78189
15716	83037
15716	88675
15717	93490
15718	22172
15719	89343
15719	9326
15719	10281
15719	73339
15719	82760
15719	8474
15719	13366
15719	36106
15720	11085
15720	89407
15720	43602
15720	918
15721	52435
15722	62681
15722	7260
15723	15373
15724	82990
15724	73763
15725	90224
15726	56204
15726	126
15727	88693
15727	9057
15727	42839
15727	11842
15727	18142
15727	23341
15727	105249
15727	1826
15727	105283
15728	49037
15728	100986
15729	89033
15729	41687
15729	93114
15729	71598
15729	34104
15730	782
15730	307
15730	67877
15730	5499
15730	731
15730	1920
15730	21811
15730	83570
15730	306
15730	104503
15730	45239
15730	19342
15730	34725
15730	91153
15731	576
15732	90092
15732	542
15732	90162
15732	90216
15732	105604
15733	24481
15733	87070
15733	111465
15733	14655
15733	46876
15734	24436
15735	73299
15736	27423
15736	92127
15736	230
15736	92164
15736	100135
15736	92884
15736	48530
15736	78909
15736	70525
15736	100739
15736	86566
15737	14876
15737	29614
15737	31810
15738	13159
15738	15841
15739	87868
15740	41687
15740	60681
15740	29097
15740	98403
15740	101563
15740	19538
15740	12271
15740	1826
15740	56322
15740	13379
15740	19877
15740	101636
15740	18599
15741	44790
15742	32219
15743	2276
15743	76831
15743	25992
15744	71422
15744	89864
15744	5082
15745	65403
15745	65403
15746	86399
15747	28841
15748	106820
15748	108734
15748	82174
15748	108784
15749	3805
15749	1975
15749	2854
15749	104261
15749	912
15749	106620
15749	10593
15749	106635
15749	11403
15749	19827
15749	31955
15750	44613
15750	5035
15750	36889
15750	15957
15750	97285
15750	58050
15751	8075
15751	17500
15751	57645
15751	90597
15751	2872
15751	46735
15751	57230
15751	2645
15751	13892
15751	104942
15752	6797
15752	22540
15753	112227
15754	54469
15754	98555
15754	98931
15754	68761
15754	100875
15754	15493
15754	101889
15755	90719
15756	10986
15756	19537
15757	99871
15757	61203
15757	13249
15758	87832
15759	97429
15760	16747
15760	16555
15760	3104
15761	5424
15762	6746
15762	5859
15763	13295
15763	92374
15764	96614
15764	68169
15764	96619
15764	91029
15764	83129
15765	94536
15765	23212
15765	28410
15766	62644
15766	106221
15767	26411
15768	95846
15768	35621
15768	101016
15768	97116
15768	522
15769	91721
15769	30672
15769	89763
15769	101262
15770	319
15771	27580
15772	46992
15772	112299
15773	21972
15773	91244
15773	24044
15773	42174
15773	92990
15773	12033
15773	28833
15774	13883
15775	58577
15775	106585
15776	56483
15777	30701
15778	12146
15778	86040
15778	11021
15778	34308
15778	85928
15778	75449
15778	65398
15778	89539
15778	707
15778	56173
15778	83704
15778	45277
15778	91772
15778	107013
15778	9400
15778	36199
15778	48551
15778	95122
15778	98493
15778	108758
15778	10098
15778	75449
15778	104334
15779	94342
15780	2276
15781	30774
15781	87592
15781	85000
15781	78315
15781	30510
15781	100330
15781	91938
15782	6652
15783	10182
15784	58362
15784	1403
15785	20791
15786	91800
15787	85352
15787	384
15787	81314
15787	75468
15788	20896
15788	13754
15788	68515
15789	307
15790	78439
15790	78440
15791	92159
15792	61242
15793	75895
15793	3424
15793	68581
15793	15552
15793	19676
15793	10745
15793	98459
15793	9428
15793	98814
15793	97348
15793	30291
15793	2272
15793	10221
15793	97358
15793	9428
15793	102567
15793	106225
15793	10140
15793	3575
15793	65537
15793	80346
15794	46841
15795	23688
15796	96791
15796	96792
15796	46858
15797	71045
15798	92068
15798	32946
15799	74086
15800	107297
15801	94045
15801	94046
15801	67593
15801	92307
15802	60147
15802	14244
15802	104953
15802	32540
15802	73968
15803	9
15803	68838
15803	75574
15804	22789
15805	2453
15806	72845
15806	5301
15806	84273
15806	79811
15806	15448
15806	63863
15807	5811
15807	64973
15807	85942
15807	62602
15807	16586
15807	4663
15807	83214
15807	4710
15807	39433
15807	5700
15807	12192
15807	83289
15807	17499
15807	412
15807	9057
15807	15530
15807	81025
15807	7164
15807	90585
15807	50593
15807	23341
15807	2366
15807	10393
15807	54768
15807	1981
15807	4281
15807	44789
15807	43602
15808	13980
15808	71536
15808	123
15808	58714
15808	7467
15808	107677
15808	107678
15808	19472
15809	95691
15809	35061
15810	3651
15811	85520
15811	64891
15812	90501
15812	12808
15812	96328
15813	64950
15814	89281
15814	17905
15815	89787
15816	90118
15816	23096
15817	85131
15818	19639
15819	84135
15819	2872
15819	24202
15819	33328
15819	64517
15819	16484
15819	84223
15819	101963
15819	34156
15819	101964
15819	2872
15819	16484
15819	10842
15820	65074
15821	100756
15822	41476
15822	5525
15822	13304
15823	51723
15824	5324
15825	41100
15825	4331
15825	14462
15825	41013
15826	28987
15826	17739
15827	24349
15828	85486
15828	15555
15828	87185
15828	60739
15828	5211
15828	88293
15828	55181
15828	101526
15828	101537
15828	41036
15828	102441
15828	90282
15828	59664
15828	4293
15828	33370
15829	3486
15829	28126
15830	84126
15830	57241
15830	17460
15830	85818
15831	20166
15831	3084
15832	26377
15833	7172
15834	71719
15834	73942
15834	53020
15835	50540
15835	74594
15836	32799
15836	84230
15836	87779
15837	91669
15837	89800
15837	55753
15837	96965
15837	8046
15837	72587
15838	192
15839	52270
15839	39127
15839	13302
15839	89020
15840	106140
15840	90823
15840	97555
15841	89660
15842	81398
15843	9518
15844	3870
15844	43750
15845	5295
15845	2996
15845	94452
15846	92398
15846	94935
15846	35906
15847	9290
15847	41701
15847	90659
15847	64656
15848	87937
15848	88899
15848	100673
15848	67816
15848	100674
15848	48019
15848	100711
15848	100712
15848	100757
15848	100758
15848	100776
15848	100777
15848	101709
15848	105640
15848	31425
15848	81868
15848	105656
15848	106707
15848	88899
15848	106736
15848	74118
15848	112133
15848	59076
15848	112193
15848	35732
15849	10221
15849	3813
15849	3385
15849	97880
15849	6105
15849	82442
15849	97949
15849	14394
15849	18514
15849	13091
15849	109148
15850	86246
15850	1981
15850	12588
15851	90489
15851	74666
15851	22271
15851	30384
15851	106765
15851	107942
15851	11487
15851	81244
15851	105764
15851	21696
15852	101134
15852	101135
15852	101242
15852	101271
15852	103412
15852	103413
15853	24399
15853	11024
15853	89721
15853	831
15854	80631
15855	20421
15856	4517
15856	33676
15856	112001
15857	21561
15857	5333
15857	71789
15857	83726
15857	93606
15857	35030
15857	10710
15857	14379
15857	6200
15857	106910
15857	21561
15857	1620
15857	61242
15858	30030
15858	42067
15858	42069
15859	61023
15860	92139
15861	28470
15861	32946
15861	14383
15862	86709
15862	88743
15863	86880
15864	83798
15864	24392
15864	74995
15864	84194
15865	85169
15865	62820
15865	40425
15866	18535
15866	84994
15866	89185
15866	89460
15867	4496
15867	1495
15868	35643
15869	82961
15869	16001
15870	20760
15870	89259
15871	89420
15871	89421
15872	90335
15872	90350
15872	39290
15872	67951
15872	7820
15872	98910
15872	28524
15872	99054
15872	82620
15872	99070
15872	67705
15872	70702
15872	107397
15872	107532
15872	24988
15872	49056
15872	33266
15872	35203
15872	107694
15873	103910
15874	3660
15874	9390
15874	44418
15874	3370
15874	61352
15874	21285
15874	24349
15874	27981
15874	27072
15874	22998
15874	99890
15874	43767
15874	10508
15874	5946
15874	109000
15874	81025
15874	10105
15874	2900
15874	4384
15875	16362
15876	72069
15876	17633
15876	278
15876	7116
15876	7389
15876	105549
15876	106453
15876	94123
15876	43415
15876	20673
15876	108932
15876	6410
15876	35777
15877	83970
15877	75911
15878	64563
15878	86994
15878	86995
15878	95099
15878	86995
15879	5922
15879	86907
15879	41634
15880	75121
15881	86822
15882	85850
15883	97882
15883	18736
15883	81993
15884	14121
15884	3551
15884	77767
15885	94699
15885	100803
15885	12938
15886	90097
15886	75622
15886	94502
15886	95831
15886	66857
15887	29324
15888	84932
15889	41013
15890	1755
15890	2330
15891	39308
15891	12219
15892	83793
15892	3932
15892	73902
15892	15316
15892	61694
15892	95971
15892	16753
15892	22329
15892	60673
15892	65237
15892	87119
15892	50990
15892	88380
15893	84127
15893	87209
15893	29554
15893	27990
15893	594
15893	1908
15893	64329
15893	46859
15893	106186
15893	97314
15893	106666
15894	12062
15894	74127
15894	6427
15894	32277
15894	18431
15895	17711
15896	88914
15896	23205
15896	30264
15897	10894
15897	603
15897	88360
15898	4972
15898	102014
15898	26890
15898	2537
15899	88845
15900	10318
15900	9719
15900	319
15900	45771
15900	11590
15900	77397
15900	4017
15900	85940
15900	22952
15900	99321
15900	6073
15900	736
15900	30635
15900	68583
15900	104928
15900	110375
15900	42573
15900	782
15900	71968
15900	109455
15900	110521
15900	110522
15900	1199
15900	2790
15901	1433
15901	27259
15901	97396
15901	41654
15902	12388
15902	88709
15902	88710
15902	2690
15902	307
15902	58810
15903	66905
15903	8636
15904	41716
15905	93427
15905	1760
15905	13711
15905	4365
15905	112119
15906	540
15906	22535
15906	73801
15906	67258
15907	19138
15907	10648
15908	11931
15908	14348
15909	91478
15910	15707
15910	103908
15910	103909
15911	61218
15911	91653
15911	1009
15912	6441
15912	10975
15912	92338
15912	107234
15913	47972
15914	56204
15914	307
15914	9710
15914	7692
15914	1278
15914	89787
15914	89798
15914	4104
15914	95085
15914	8194
15914	85641
15914	7458
15914	20840
15914	4212
15915	24235
15915	17797
15916	65000
15916	772
15917	40514
15917	54907
15918	22952
15918	98583
15918	6061
15919	10247
15920	76830
15920	9959
15920	103496
15920	2774
15921	13323
15921	23219
15922	878
15922	74127
15922	39299
15922	108979
15923	2081
15923	84555
15923	90870
15923	27455
15923	28056
15924	39370
15924	90606
15924	94346
15925	307
15925	93785
15925	1908
15925	1328
15926	16712
15927	397
15927	91327
15928	12341
15928	19424
15928	97348
15929	46144
15929	14272
15929	30200
15929	62623
15929	29554
15929	92494
15929	16826
15929	102350
15929	88384
15930	18737
15931	43862
15931	80631
15931	61242
15932	8394
15933	42749
15933	14217
15933	31086
15933	49116
15934	90294
15934	90321
15934	90327
15934	90446
15934	90456
15934	67521
15934	90764
15935	32854
15935	76082
15935	6931
15935	27742
15936	78078
15937	90005
15937	67706
15937	1067
15937	82914
15937	101971
15937	101972
15937	102134
15938	3805
15939	33009
15939	83393
15939	26753
15940	24823
15941	68095
15942	102953
15942	17607
15942	53933
15942	103197
15942	103213
15942	103214
15943	2106
15943	17048
15943	62425
15943	93664
15943	80365
15944	51843
15944	14217
15944	5483
15944	7103
15944	97674
15944	68687
15945	15153
15945	87573
15945	79975
15945	45720
15945	15747
15946	16707
15946	21010
15947	5971
15947	85934
15947	85935
15947	65714
15947	86069
15947	86070
15947	50374
15947	90322
15948	60618
15948	100667
15948	82597
15949	9443
15950	92306
15950	93262
15950	96313
15950	96314
15951	3882
15951	90439
15951	26002
15951	96125
15951	62694
15951	7389
15951	3708
15951	102129
15951	833
15952	92944
15952	92945
15952	12062
15952	18462
15952	15813
15953	49515
15953	87519
15954	29235
15955	9424
15956	111864
15957	91442
15957	8734
15957	23428
15957	93610
15957	111494
15958	5014
15959	53807
15960	77648
15960	67414
15960	30302
15960	7583
15960	98702
15961	28779
15961	62436
15961	54677
15961	99823
15962	86793
15963	83726
15964	83672
15965	50610
15966	100136
15967	39548
15967	90413
15967	15956
15967	35833
15967	33837
15967	21116
15967	104247
15967	78669
15967	39681
15967	18703
15967	104423
15967	104424
15968	90902
15968	67877
15968	71910
15968	30759
15969	87474
15969	87523
15969	87536
15970	83506
15970	78089
15970	61242
15970	84026
15970	40720
15970	23547
15971	63230
15972	38597
15973	92248
15974	7244
15974	787
15974	1010
15974	22591
15974	4517
15975	90021
15975	77383
15975	104001
15975	422
15976	61242
15976	70602
15976	27971
15976	13685
15976	32839
15976	6611
15977	90743
15977	27166
15978	89919
15979	4173
15979	38115
15979	91236
15979	67877
15980	5424
15980	26571
15981	23309
15981	1086
15982	44776
15982	102699
15983	13887
15983	53576
15983	38206
15983	4719
15983	13656
15984	95100
15985	26996
15985	72303
15986	86746
15987	44230
15988	54041
15988	88406
15988	75395
15988	39174
15988	23088
15989	44230
15990	89787
15990	89861
15990	63214
15990	54517
15990	94015
15991	16563
15991	89390
15991	89854
15991	8820
15991	42980
15991	102429
15991	102431
15992	70858
15992	43479
15993	86982
15993	104367
15994	69253
15994	20557
15994	12280
15994	39816
15994	16345
15994	1496
15994	81177
15994	102330
15994	102334
15994	100135
15995	80918
15996	85245
15996	84819
15996	90106
15996	50418
15996	64163
15996	12341
15997	72322
15997	15852
15997	81284
15997	25166
15997	34431
15997	79509
15997	89201
15997	40621
15997	9332
15997	75138
15997	12710
15997	17068
15997	48736
15997	4249
15997	15852
15998	90348
15998	90355
15998	102161
15998	102162
15998	102163
15999	1766
15999	48743
16000	5871
16000	45719
16000	165
16000	96307
16000	784
16000	199
16001	7372
16001	732
16002	88748
16003	5711
16004	86038
16004	86065
16004	86096
16004	25711
16004	92624
16004	92633
16004	29579
16004	92353
16004	90252
16004	25208
16004	109143
16004	8270
16004	32038
16004	67877
16004	1007
16005	60115
16005	89820
16005	90372
16005	90378
16005	47167
16005	101814
16005	19439
16005	25489
16006	24823
16006	18678
16007	92044
16007	40341
16008	98885
16008	67484
16009	30013
16010	12385
16010	96589
16010	98257
16010	98264
16011	42166
16011	16866
16011	84927
16011	66295
16011	94535
16011	103630
16011	2119
16011	59449
16011	62272
16012	52528
16012	51257
16012	106151
16012	33202
16013	85066
16014	89298
16015	92758
16015	101912
16016	32390
16016	66275
16016	32073
16016	34425
16016	52040
16017	67877
16018	38393
16018	72792
16018	54796
16019	61135
16019	86558
16019	23829
16019	27
16019	97774
16020	90098
16021	41953
16021	101824
16021	23505
16021	101825
16021	5019
16022	89729
16023	11995
16023	55497
16024	2183
16025	57349
16025	8856
16026	17802
16027	77329
16027	23341
16027	102061
16027	23547
16027	34417
16027	17068
16027	61242
16027	93325
16028	92804
16029	1633
16029	45564
16029	10545
16029	31380
16029	39657
16029	39209
16030	18677
16030	39873
16031	90228
16032	60531
16033	3950
16034	6915
16034	98236
16034	46771
16035	35620
16036	45361
16036	7031
16037	8902
16038	83190
16038	83191
16038	83192
16038	77453
16038	83313
16038	83314
16038	27341
16038	83350
16038	83550
16038	83551
16038	290
16039	2199
16040	7164
16040	13211
16041	92545
16042	19021
16043	39917
16044	29966
16045	24496
16046	69591
16047	85912
16048	9491
16048	81867
16048	85231
16048	16878
16048	110583
16048	66199
16049	90391
16050	15507
16051	3258
16052	6351
16052	60589
16053	51520
16053	1225
16053	11957
16054	50452
16054	84116
16054	85335
16054	67969
16054	8457
16054	91634
16055	87069
16056	90493
16056	102556
16057	19011
16058	95655
16058	104527
16059	42220
16060	1616
16061	66285
16061	94268
16061	96447
16062	7521
16063	52292
16064	12214
16064	40061
16064	61043
16064	88662
16064	34698
16064	25923
16064	19033
16064	22090
16064	4022
16065	41419
16066	83841
16067	84122
16067	110776
16068	46290
16068	81112
16068	2279
16068	19924
16069	86592
16070	26221
16071	56773
16072	85169
16073	44263
16074	12896
16075	90455
16075	90471
16075	15061
16076	9688
16076	43810
16076	6800
16076	4104
16077	5298
16077	55280
16078	49661
16079	48896
16079	90440
16080	13107
16081	87352
16081	40189
16081	2827
16082	1225
16083	68761
16084	4496
16085	99430
16085	99431
16086	85994
16086	90303
16086	5946
16087	2517
16087	75257
16087	102520
16088	29098
16088	108646
16089	1975
16089	61483
16089	87226
16089	23404
16090	57788
16091	84723
16091	3191
16091	3190
16091	77472
16092	18762
16093	64668
16093	6301
16094	60985
16095	85999
16095	67883
16096	6782
16096	33409
16096	66093
16097	40244
16097	102715
16098	54910
16098	31525
16098	103698
16099	38497
16099	33211
16100	24365
16100	72307
16101	6827
16101	21877
16102	94805
16102	71522
16102	99585
16102	99650
16102	99651
16102	40363
16103	87940
16103	2193
16103	107470
16103	63332
16103	63825
16103	85102
16104	104361
16104	104382
16104	94720
16105	90886
16105	73097
16106	51922
16106	10823
16106	6647
16107	90272
16108	26675
16108	86278
16108	105262
16109	86287
16110	10359
16110	878
16110	1542
16110	33392
16110	12606
16110	19537
16110	1542
16110	41608
16111	19046
16111	85166
16111	23343
16111	86930
16112	99903
16113	72869
16114	2722
16114	96210
16114	51934
16114	13161
16115	90802
16115	4331
16115	18182
16115	74572
16115	32958
16115	82912
16115	7687
16115	5905
16115	44330
16116	4970
16116	100062
16117	6287
16118	98590
16119	3759
16119	40216
16119	8829
16119	31801
16119	6540
16119	5802
16119	19975
16119	90903
16119	55162
16119	72988
16119	7190
16119	85655
16119	32645
16119	3026
16119	43086
16119	15294
16119	106044
16119	34275
16119	52633
16119	69971
16119	83726
16119	1874
16119	108780
16119	61145
16119	9119
16120	3005
16121	87746
16121	97633
16122	28855
16122	70868
16122	88380
16122	3929
16122	6171
16122	5828
16123	2817
16123	3963
16124	88281
16124	91946
16124	34988
16124	7613
16125	59653
16125	78093
16125	16496
16125	15099
16126	84504
16126	6410
16127	85385
16127	97925
16128	44772
16129	23697
16130	39182
16130	40425
16130	75553
16130	102613
16131	40150
16132	42884
16133	89732
16133	97120
16133	88418
16133	97407
16133	78261
16133	99097
16133	8734
16133	62493
16134	57298
16134	97366
16134	99644
16134	99686
16134	103489
16134	10344
16134	75403
16134	30790
16135	51523
16135	80244
16135	29174
16135	90849
16136	60695
16136	10434
16136	8255
16136	42459
16136	68731
16137	100298
16137	35297
16138	8548
16138	36234
16138	16798
16138	88430
16138	88431
16138	88533
16138	92145
16138	11124
16138	59230
16138	98648
16138	104120
16139	28981
16139	56204
16139	14636
16140	92787
16141	93743
16141	104585
16141	104586
16142	83326
16142	90579
16143	56204
16144	60910
16144	60371
16144	69625
16144	18750
16145	45850
16145	98551
16145	29898
16145	37150
16146	51684
16147	111274
16147	111295
16148	14026
16148	25764
16148	33054
16148	62023
16149	86207
16149	93150
16149	99305
16149	99306
16149	99446
16149	106253
16150	85451
16151	11477
16151	2761
16151	72734
16152	3114
16152	30526
16153	92674
16154	67877
16155	22131
16155	85641
16155	10719
16155	48143
16155	45692
16155	83570
16156	14401
16156	37987
16156	4086
16156	55042
16157	11867
16158	39872
16158	5235
16158	87920
16158	44685
16158	90990
16158	9401
16158	5235
16158	106246
16159	34371
16159	50856
16160	22058
16161	87017
16162	87408
16163	77862
16163	9
16163	70292
16163	10823
16163	57788
16163	98749
16163	78447
16163	109629
16164	106154
16164	9132
16165	48095
16166	84138
16166	25773
16167	69295
16167	94786
16167	59876
16167	83357
16167	67095
16168	94469
16168	66043
16168	94592
16168	69620
16168	95988
16168	60748
16169	86138
16169	86261
16169	54587
16169	13278
16169	17904
16169	97695
16169	82067
16169	105011
16169	62020
16169	88207
16170	40815
16171	108
16172	104369
16172	104392
16173	93814
16174	93891
16174	32883
16174	60346
16174	27233
16175	38247
16176	89128
16177	39620
16178	16600
16178	1005
16179	6746
16179	7392
16179	20792
16179	93084
16179	92179
16179	65173
16179	94685
16179	37197
16179	94886
16179	67877
16179	96662
16179	29522
16179	23087
16179	39978
16179	23639
16180	93982
16180	94107
16180	100392
16181	5642
16181	43061
16182	4205
16182	63872
16182	25359
16183	7561
16183	46840
16183	42778
16184	4998
16184	61145
16184	102538
16185	4728
16185	83544
16185	59817
16185	92909
16185	93025
16185	63398
16185	93026
16185	96027
16185	96122
16185	50060
16185	79827
16185	96123
16185	96143
16185	96144
16185	96145
16185	96146
16185	96374
16185	16798
16185	43206
16185	96401
16185	97276
16185	43206
16185	96144
16185	2126
16185	99966
16185	99967
16185	36423
16185	101285
16185	18968
16185	101286
16185	101331
16185	19516
16185	98972
16185	4728
16185	46730
16185	19516
16185	585
16185	26457
16185	46780
16185	56126
16185	104884
16185	40224
16186	92976
16187	5787
16188	44719
16188	59810
16188	26065
16188	83585
16188	1810
16188	38008
16188	36213
16188	45365
16188	91129
16188	34417
16188	1604
16188	5333
16188	92746
16188	761
16188	14228
16188	72363
16188	103113
16188	10826
16189	6616
16190	62627
16190	51684
16190	77668
16190	106528
16190	21559
16191	86416
16191	3235
16191	17170
16191	99475
16191	65325
16192	84461
16193	23134
16193	46183
16194	87170
16194	104336
16195	27774
16195	8094
16196	20056
16196	50620
16196	23404
16197	86911
16197	86912
16197	46858
16197	96700
16197	4557
16198	85373
16199	77985
16199	99705
16200	86452
16201	63472
16202	50454
16203	98689
16203	102367
16204	14013
16205	110963
16205	48509
16205	111103
16206	40441
16206	28017
16206	39830
16206	878
16206	98188
16206	23132
16206	11011
16206	1337
16207	307
16208	74253
16209	6383
16210	65877
16210	54853
16210	49532
16210	47183
16210	94164
16210	43512
16210	71825
16210	94343
16210	99976
16210	12161
16211	56204
16211	34688
16211	9719
16211	23192
16212	33879
16212	2279
16213	12062
16214	29523
16214	87760
16214	56452
16215	57062
16216	29470
16216	69292
16217	86125
16218	1471
16218	32654
16218	4949
16218	7288
16218	31503
16219	60851
16219	12226
16219	30129
16219	91212
16220	23341
16221	85186
16221	53450
16221	90867
16222	67877
16222	13187
16222	87667
16222	3317
16222	70481
16223	10084
16224	2276
16224	14560
16224	94653
16224	98123
16224	92990
16224	4331
16224	67685
16225	95825
16225	102716
16225	108217
16225	103356
16225	31762
16226	66664
16226	21292
16226	3008
16227	8758
16228	86287
16228	86628
16228	45612
16228	43220
16229	68717
16230	96215
16231	22789
16231	59967
16231	86310
16232	13091
16233	76270
16233	58991
16234	13203
16234	86531
16235	68506
16235	73234
16235	10837
16236	51409
16236	76387
16237	2106
16237	35652
16237	4997
16237	6567
16238	12899
16238	50432
16238	83451
16238	14379
16239	45239
16239	76682
16239	93865
16240	89855
16241	27660
16241	46315
16241	43873
16241	22083
16241	21991
16242	192
16242	59130
16243	5843
16244	89145
16244	71598
16245	92701
16245	10669
16246	89080
16247	11
16248	2073
16249	3864
16250	23128
16251	16593
16252	77062
16252	91605
16252	36860
16252	26575
16252	15391
16252	84395
16252	44103
16252	18536
16253	5424
16253	60693
16253	31697
16253	87966
16253	87967
16253	4368
16253	89787
16253	41300
16253	90364
16253	6479
16253	47678
16253	64126
16253	23550
16253	96660
16253	88633
16253	96661
16253	1824
16253	96662
16253	82503
16253	39020
16253	42090
16253	94445
16253	100668
16253	9220
16253	7244
16253	39978
16253	2711
16253	13714
16253	35923
16253	83580
16253	15647
16253	343
16253	107696
16253	86975
16253	1656
16254	79960
16255	59006
16256	13855
16256	466
16256	75771
16256	99110
16256	99111
16256	9403
16257	31701
16257	32996
16257	45719
16258	25732
16258	47650
16258	104404
16258	71446
16258	104950
16259	57819
16259	46374
16260	4671
16260	24351
16260	7130
16261	91548
16261	96861
16261	96891
16261	10227
16261	110481
16261	104303
16261	105969
16262	3739
16263	66736
16264	54903
16265	6188
16265	25927
16265	54076
16266	96944
16267	1564
16268	75779
16268	20755
16268	86187
16268	86201
16268	28537
16268	41670
16268	18920
16269	71095
16269	4657
16269	7745
16269	3458
16269	94443
16269	15865
16269	6971
16269	80415
16269	97
16269	67877
16269	7745
16269	50521
16270	83626
16270	29794
16270	98209
16271	26095
16271	37364
16271	11885
16271	30504
16272	32457
16273	78017
16273	1742
16274	9898
16274	63517
16275	95138
16276	92006
16276	92022
16277	31071
16278	92425
16278	10194
16278	7085
16278	3486
16278	6083
16278	2666
16279	88433
16280	109420
16281	35768
16282	6052
16283	25495
16283	94165
16284	87956
16284	3515
16284	26454
16284	46427
16284	89084
16284	41588
16284	21991
16285	24235
16286	71863
16286	7116
16286	103616
16286	103650
16286	83726
16286	99088
16287	305
16287	99255
16288	89738
16289	58513
16289	26756
16289	106380
16290	5602
16291	2279
16291	5235
16292	92584
16292	25085
16293	23512
16293	85166
16294	43433
16295	93885
16295	262
16296	5424
16297	57893
16297	83739
16297	48062
16297	74048
16297	2696
16297	9907
16297	93697
16297	28056
16297	94985
16297	10147
16297	36705
16297	103617
16297	103654
16297	11389
16298	93775
16298	54595
16298	21852
16298	98265
16298	98266
16298	98470
16298	98471
16299	26821
16299	31297
16299	19445
16299	10020
16299	91882
16299	3659
16300	59598
16301	84792
16302	85810
16303	91129
16304	18784
16304	27014
16304	97474
16305	15512
16305	84599
16305	17299
16305	3002
16305	4863
16305	92632
16306	96011
16306	7517
16307	17048
16308	91764
16309	70068
16310	17328
16311	84032
16311	9225
16311	42422
16312	4983
16312	79575
16312	16639
16313	41446
16313	36510
16313	84033
16313	68534
16313	89581
16313	26621
16313	108032
16314	85110
16314	5677
16314	44449
16314	21678
16315	39754
16315	13430
16316	67685
16316	3332
16316	29809
16317	73482
16318	98004
16318	98005
16318	98068
16318	32132
16319	17420
16319	86842
16319	50851
16319	85982
16319	89866
16319	91284
16319	41472
16319	34794
16319	44745
16320	50044
16320	75246
16320	96472
16320	6603
16320	25538
16320	12128
16320	6148
16320	13091
16320	87144
16320	107879
16321	6940
16322	2800
16323	49869
16324	61746
16325	34417
16326	90845
16326	90846
16326	90847
16326	48314
16326	31154
16326	109520
16326	109521
16326	110297
16326	49913
16327	52043
16327	88636
16327	85066
16328	92083
16328	92084
16328	92085
16328	92101
16328	92116
16328	2704
16329	5570
16329	83057
16329	21436
16330	43490
16331	92417
16331	1211
16332	32877
16332	5588
16332	32877
16332	61256
16333	68508
16333	34973
16333	22905
16333	104723
16333	34639
16333	104745
16334	61242
16335	76392
16336	78457
16336	65000
16337	69911
16337	9996
16338	89610
16339	32598
16339	33211
16340	10894
16340	58644
16340	60953
16340	5013
16340	30225
16341	34072
16342	10641
16342	73377
16342	2465
16343	61577
16344	84306
16344	63632
16344	44006
16345	83630
16346	84358
16347	10454
16347	4327
16347	11498
16347	10195
16348	34796
16349	90252
16349	104503
16349	106362
16349	66962
16349	5965
16349	10904
16350	3064
16350	40388
16350	27808
16350	5424
16351	92201
16352	27776
16353	91166
16353	91201
16353	91457
16353	91459
16353	2871
16353	102261
16353	102262
16353	103563
16353	109105
16353	91459
16354	63433
16354	18177
16354	50432
16354	63139
16355	6035
16356	92610
16356	93413
16357	82285
16357	3645
16357	108104
16357	31259
16357	28272
16357	108370
16357	57658
16357	61705
16358	4946
16359	1896
16359	32348
16359	80453
16359	46986
16359	8936
16360	27998
16361	6567
16361	10742
16362	67666
16362	11465
16362	95391
16363	88737
16364	83653
16364	14469
16364	89214
16365	93818
16366	56204
16367	13058
16368	39433
16368	23309
16368	38387
16368	1061
16368	38799
16369	3558
16369	319
16369	12094
16369	38288
16370	88349
16370	7701
16370	84293
16370	91570
16370	51278
16370	92862
16370	14979
16370	42877
16370	93091
16370	24731
16370	108026
16370	108027
16370	59636
16370	108028
16371	11748
16371	89675
16371	89681
16372	99491
16373	96263
16374	11506
16375	7133
16376	83017
16376	16752
16376	77308
16377	41760
16377	69383
16377	69356
16377	108522
16378	54727
16379	58966
16379	13128
16379	77724
16380	71303
16380	76307
16380	96473
16380	67427
16381	14538
16382	41790
16382	63078
16383	1981
16384	83880
16384	1779
16385	1539
16386	15882
16386	466
16387	30535
16388	65327
16389	36269
16389	78042
16389	102744
16390	50095
16391	71522
16392	59441
16392	78663
16393	14651
16393	89305
16393	89319
16393	89454
16394	50719
16394	25507
16394	97
16395	307
16396	22796
16397	10975
16398	63259
16399	82996
16400	56204
16401	92208
16401	16398
16401	22229
16401	9582
16401	79943
16402	90154
16402	12190
16403	92103
16403	92364
16403	93130
16403	93132
16403	95643
16404	25397
16405	9894
16406	88945
16406	88946
16406	47318
16406	56578
16407	9481
16408	28872
16408	18320
16408	28614
16409	68501
16409	91677
16409	65439
16410	84996
16410	84997
16410	73304
16411	20760
16412	17462
16412	108280
16412	48973
16412	22515
16412	23002
16412	34459
16413	19657
16414	110886
16414	110925
16415	307
16415	87195
16415	22280
16415	99376
16415	41660
16415	105818
16415	62860
16416	14015
16417	15129
16417	101223
16417	9210
16418	46646
16419	27439
16420	18824
16421	83117
16421	12684
16421	88038
16421	26296
16421	29388
16421	47724
16421	16969
16421	43961
16421	91578
16422	4949
16422	25254
16423	92365
16423	97
16424	67546
16425	88255
16425	94474
16426	94864
16426	6535
16426	86022
16426	34828
16427	9703
16427	90500
16428	53314
16429	45239
16429	75218
16429	68635
16429	4958
16429	7088
16429	49256
16429	14753
16429	28135
16429	9705
16429	307
16429	73367
16429	4318
16429	85206
16429	87774
16429	8771
16429	52435
16429	45239
16429	8350
16430	50618
16430	70695
16431	45239
16431	230
16431	57583
16431	92929
16432	89749
16432	51683
16432	14808
16432	27197
16432	2937
16433	5581
16434	92005
16435	34704
16435	9729
16435	93352
16435	93470
16435	50203
16435	93507
16435	57919
16435	93517
16435	92915
16435	56248
16435	42037
16435	96767
16435	96768
16435	26094
16436	15713
16436	87329
16437	5752
16438	18692
16438	6540
16438	85921
16439	103173
16439	3557
16440	88587
16440	28110
16440	3026
16441	89580
16442	10767
16443	409
16444	63372
16444	96762
16444	63610
16444	41239
16445	93952
16445	31294
16445	148
16445	56204
16445	4614
16445	110383
16446	65879
16446	62920
16447	29125
16447	4032
16447	78262
16447	60085
16447	7886
16447	91838
16447	93782
16447	93783
16447	43326
16447	108326
16447	75187
16448	90884
16448	21393
16449	14703
16449	73709
16449	77113
16449	5581
16450	43223
16451	27088
16452	56285
16452	307
16452	67619
16453	59416
16453	13420
16453	18374
16453	89151
16453	93877
16453	98693
16453	94919
16453	52286
16453	49228
16453	1225
16453	7440
16454	31337
16454	85261
16455	89737
16455	89779
16455	92512
16455	102406
16455	102415
16456	68515
16456	91048
16456	77192
16456	98549
16456	904
16456	98752
16457	84566
16458	61653
16458	8733
16459	92060
16459	92062
16460	59542
16460	11228
16461	107339
16462	18385
16462	100678
16462	17641
16462	40663
16463	3366
16463	93682
16464	9437
16465	81086
16466	83086
16467	3099
16467	20320
16467	96525
16467	70486
16467	43056
16467	96712
16467	96713
16467	96737
16468	42209
16469	64150
16469	90944
16469	80863
16470	72869
16470	84008
16471	84296
16472	66015
16473	58950
16474	2526
16474	1678
16474	98796
16475	65585
16476	5315
16476	50339
16477	428
16478	9070
16479	7164
16479	4086
16479	21576
16479	71968
16480	19462
16481	4030
16481	14812
16481	91411
16481	2683
16481	5109
16482	22052
16482	62920
16482	86146
16482	66161
16483	2277
16483	63644
16484	83120
16484	11278
16484	84200
16485	82524
16486	42179
16487	50029
16487	87065
16487	87066
16488	37963
16488	82711
16489	37815
16489	2800
16489	2306
16489	70097
16489	39810
16489	29759
16489	43950
16489	108919
16489	55891
16490	37622
16491	42324
16492	54763
16493	19640
16494	95161
16494	58856
16494	24245
16494	86952
16495	17254
16495	1996
16496	46297
16497	11658
16498	82390
16499	240
16500	57654
16500	92275
16500	96333
16500	19598
16500	2241
16501	83368
16502	40074
16502	3739
16502	761
16502	4349
16502	37606
16502	2459
16502	409
16502	15551
16502	39766
16503	99796
16504	10101
16504	6073
16504	7941
16504	68910
16504	155
16504	5491
16504	84420
16504	66614
16504	37295
16504	4695
16504	52040
16504	96724
16504	67835
16504	89994
16504	101864
16504	6769
16504	335
16504	105468
16504	26580
16504	100123
16505	65321
16505	93979
16506	87507
16506	6879
16506	3019
16506	1225
16506	1633
16506	100574
16506	3117
16507	35707
16507	97136
16507	33655
16507	97137
16507	7999
16507	58989
16507	63955
16507	7790
16507	109072
16507	75045
16508	7683
16508	67220
16509	15268
16509	96067
16509	49193
16510	5588
16511	25567
16512	91928
16513	1388
16514	9948
16514	78760
16514	47
16514	61705
16515	7163
16515	101984
16516	84961
16516	87077
16516	87078
16516	94848
16516	96174
16516	98240
16516	98270
16516	98271
16517	88643
16517	88645
16518	15152
16518	84564
16518	84565
16518	84595
16518	4561
16519	19156
16520	96440
16520	6683
16520	6788
16520	106379
16520	106778
16521	13
16521	9003
16521	69046
16522	93135
16522	19872
16523	54663
16524	83731
16525	60923
16525	73367
16525	25837
16525	87837
16525	91686
16525	21343
16525	89589
16525	14932
16525	14120
16525	21216
16525	30990
16526	18952
16526	14676
16526	41007
16527	14967
16528	87786
16528	8601
16528	27649
16528	35415
16528	19951
16528	18575
16528	107929
16528	8601
16528	5070
16529	45444
16529	75227
16529	21787
16529	33610
16529	20924
16530	8128
16530	94858
16531	8352
16532	56204
16533	102873
16534	84554
16535	62981
16535	47028
16535	94594
16536	53246
16536	36511
16536	46999
16537	8449
16537	14589
16537	15938
16537	94796
16537	104693
16537	104758
16537	1961
16537	4444
16538	83445
16539	98044
16540	88289
16541	92386
16542	25382
16542	94353
16543	12940
16543	129
16543	13333
16544	69234
16545	5990
16545	44901
16545	78342
16545	11330
16545	91999
16545	66043
16545	1971
16546	54763
16547	13183
16547	15551
16547	83558
16547	53576
16547	69600
16547	51637
16547	58865
16548	84330
16548	69728
16548	43384
16548	1416
16549	4269
16549	107579
16549	80202
16549	42556
16549	107623
16549	107639
16549	85084
16549	107640
16549	34445
16549	51498
16550	35923
16551	99335
16552	85707
16553	50243
16553	52131
16554	26802
16555	69591
16556	43810
16556	70919
16557	95889
16558	38192
16558	8748
16558	14786
16558	8060
16558	99852
16558	71579
16558	37474
16558	9328
16558	22884
16558	8283
16558	23341
16558	8748
16559	84530
16560	14593
16561	87139
16561	69801
16561	5238
16562	24302
16562	18151
16562	6697
16563	96513
16564	81745
16564	18700
16564	95691
16564	59124
16564	94356
16564	99534
16564	104460
16565	88154
16565	92625
16565	102733
16566	88254
16566	100927
16566	101463
16566	101121
16566	101480
16566	15768
16566	101491
16567	91216
16567	91180
16568	90996
16568	95197
16569	3278
16569	2106
16569	37295
16570	83820
16570	85168
16570	88382
16571	74985
16571	61694
16571	89409
16572	94769
16572	94340
16572	4809
16573	3932
16573	11150
16574	87300
16574	87301
16574	87855
16574	12157
16575	52383
16575	88045
16575	1199
16575	42681
16576	84717
16576	37364
16576	6581
16576	92409
16576	66599
16576	94153
16576	94396
16576	74335
16576	91047
16576	4261
16577	31598
16577	20677
16577	99647
16577	93093
16578	5110
16578	3977
16579	86288
16579	53560
16579	98765
16579	102851
16580	93567
16580	93577
16581	15144
16581	85066
16581	88639
16581	7854
16582	52434
16583	27790
16583	107901
16584	14786
16584	5366
16584	93698
16584	9239
16584	93723
16585	68304
16585	14599
16586	56204
16586	40451
16586	90907
16587	15190
16587	20215
16588	95824
16589	17081
16590	878
16590	60023
16590	83246
16590	33211
16591	5396
16592	88741
16592	14215
16593	5219
16594	48070
16594	92465
16595	6463
16595	89894
16596	65346
16596	72011
16597	39192
16598	67095
16598	5811
16598	86125
16598	105424
16599	11483
16599	27381
16600	88403
16600	1490
16600	98820
16600	107409
16600	110973
16600	111060
16601	29058
16601	78315
16602	62694
16603	84338
16603	64903
16603	91686
16603	66925
16604	5507
16605	3376
16606	48314
16607	13007
16608	89504
16608	91617
16608	50481
16608	53477
16609	7031
16610	96899
16611	83477
16612	72384
16613	91947
16613	46804
16614	35202
16614	69426
16614	76147
16615	72476
16616	105826
16616	37195
16617	2949
16618	39262
16619	69591
16620	86532
16621	4157
16621	107740
16622	85009
16622	12701
16622	40196
16622	12960
16622	98999
16623	36028
16624	27034
16624	17905
16625	83858
16625	101427
16625	104636
16625	45768
16625	24100
16626	6345
16627	72012
16627	55500
16627	85114
16627	1320
16627	69747
16627	23341
16627	37523
16627	85155
16627	14284
16627	85521
16627	85537
16627	14736
16627	41701
16628	20550
16628	67797
16628	23973
16628	41588
16628	2338
16629	91668
16630	84473
16630	32776
16630	84524
16631	8837
16632	103182
16632	1125
16633	93638
16633	26678
16634	83463
16634	64945
16634	86136
16634	86157
16634	8191
16635	30284
16635	12907
16635	27503
16635	72389
16635	84597
16636	9622
16636	65598
16636	34813
16636	22324
16636	11764
16636	33860
16636	56498
16636	2551
16636	82685
16636	7953
16636	1846
16636	85641
16636	5350
16636	100925
16637	9922
16638	8221
16638	69199
16638	51934
16638	95194
16638	95195
16638	95205
16638	92951
16638	76567
16638	95229
16638	52950
16638	73148
16638	84881
16638	18454
16639	90364
16639	75382
16639	5752
16639	45720
16640	57241
16640	62610
16640	92191
16640	14403
16641	55865
16641	44066
16642	53391
16642	76272
16642	105943
16642	107240
16642	335
16643	28350
16643	57349
16643	13171
16643	16755
16643	54529
16644	83230
16644	603
16645	61464
16646	86900
16646	86968
16646	27372
16646	92169
16647	5819
16648	58999
16648	84097
16648	47754
16648	63446
16648	65751
16648	48256
16648	86486
16648	91437
16648	91438
16648	91597
16649	22418
16650	89961
16650	5901
16651	11046
16651	72155
16651	80607
16652	93737
16652	95474
16652	18784
16653	15799
16654	7295
16655	83747
16656	16366
16656	51422
16656	52022
16656	71875
16657	87239
16658	1871
16658	86392
16658	43940
16658	69549
16658	21471
16658	10393
16659	38233
16659	72012
16659	48033
16659	13974
16660	52624
16660	47426
16660	81991
16661	67818
16661	28746
16662	83987
16662	76272
16662	26802
16662	9705
16662	31917
16662	12499
16662	1165
16662	64279
16662	86193
16662	14847
16662	103616
16662	3908
16662	2279
16662	109583
16662	1243
16662	108013
16662	7144
16662	107268
16662	13366
16662	77999
16662	84783
16662	67877
16662	76441
16663	177
16664	69863
16664	9665
16664	40310
16664	84887
16664	51057
16664	15178
16664	87287
16664	31115
16664	10258
16664	4942
16665	2589
16666	18790
16667	50339
16668	2276
16669	46747
16670	65821
16670	32502
16670	108697
16671	5391
16671	97294
16672	5901
16673	8770
16673	17983
16673	319
16674	80765
16674	5843
16674	72423
16674	10392
16674	61242
16675	11022
16675	55181
16675	56714
16676	6
16677	69292
16677	16597
16677	107281
16678	31571
16679	71604
16680	86936
16681	96200
16682	80391
16683	39981
16683	57416
16683	27401
16683	6286
16683	10777
16683	97769
16684	17738
16684	90437
16685	6087
16685	10227
16686	12844
16687	93059
16688	398
16689	4302
16689	27966
16690	91096
16691	85063
16692	96859
16693	41588
16693	100598
16694	109155
16694	41528
16694	10313
16694	16627
16695	109716
16696	74056
16696	40434
16697	100283
16697	56011
16697	64651
16697	47409
16697	60108
16697	111459
16697	307
16698	43225
16698	89232
16698	89233
16698	89313
16698	89314
16698	91113
16698	53136
16698	55857
16699	89352
16700	101874
16701	86159
16701	86191
16701	13159
16701	95533
16701	24993
16701	111893
16701	111905
16702	44803
16703	87024
16703	93055
16703	19490
16703	103290
16703	98218
16704	20778
16705	4327
16705	71307
16705	93239
16705	29125
16705	62527
16705	32325
16705	21815
16705	68752
16705	103683
16705	85286
16705	68730
16706	13308
16706	87495
16706	82213
16707	5452
16708	23861
16708	34685
16708	52420
16709	97256
16709	57522
16710	86786
16710	65877
16710	11186
16710	87931
16711	90457
16711	24484
16711	82213
16711	22857
16711	101027
16712	31122
16712	26790
16713	60274
16714	67220
16715	93654
16715	62389
16715	16812
16716	29621
16717	69731
16717	84440
16717	69685
16717	15898
16717	84535
16717	84536
16718	88713
16719	89807
16719	50224
16720	29898
16720	93289
16721	52950
16722	23973
16722	33075
16723	23349
16723	25784
16723	89022
16723	10779
16724	86037
16724	58520
16724	90225
16725	80284
16726	84024
16726	26436
16727	53210
16727	61087
16727	97631
16727	16345
16727	15345
16727	38799
16727	48896
16728	23505
16729	13207
16730	8035
16730	1397
16731	25521
16731	1462
16732	16542
16732	8518
16732	81085
16732	285
16732	73955
16732	10449
16732	38597
16732	29346
16732	96734
16732	12207
16732	5499
16732	72261
16732	71277
16732	55975
16732	75168
16733	96925
16734	85110
16734	84554
16735	53071
16735	84834
16736	87971
16736	62001
16736	46334
16737	48207
16737	63355
16737	88680
16737	80954
16737	1495
16737	65088
16737	831
16738	5880
16739	42546
16740	83504
16740	5286
16740	83505
16740	44613
16740	16115
16740	30601
16740	76200
16740	77794
16740	91604
16740	13570
16741	84894
16741	84981
16741	13410
16741	96648
16741	98103
16741	98104
16741	98543
16742	5311
16743	18065
16743	33054
16744	92801
16744	101819
16744	101820
16744	11079
16744	104455
16744	40338
16744	55171
16744	6139
16745	86515
16746	24320
16747	83657
16747	30939
16747	50310
16747	77794
16747	9210
16747	26395
16747	7190
16747	27095
16747	45807
16747	95444
16747	15735
16747	57173
16747	62370
16747	27389
16747	108082
16747	18165
16747	105828
16747	108265
16747	108296
16747	108297
16748	33546
16748	74424
16749	12207
16749	11764
16749	9749
16750	17525
16750	9421
16750	27
16750	47729
16750	33190
16751	47938
16751	1256
16752	85897
16752	57206
16752	38594
16753	19267
16754	93749
16754	66256
16754	5214
16755	15325
16756	93682
16757	88641
16758	6697
16758	8207
16759	48625
16760	6633
16761	32513
16761	6449
16761	67878
16762	97365
16762	91230
16763	14217
16763	93210
16764	92683
16765	55431
16765	12431
16766	55323
16767	20784
16767	87697
16767	8994
16768	83159
16768	103105
16769	43522
16769	69340
16770	6979
16771	67877
16771	1007
16771	95813
16771	13855
16771	2666
16771	101253
16771	108181
16771	98167
16772	43689
16773	4157
16773	33809
16774	81292
16774	107818
16775	96819
16775	96194
16775	67041
16775	106364
16775	6462
16776	717
16777	69904
16778	23697
16779	24648
16779	67108
16780	38229
16780	83469
16781	93005
16782	57298
16782	105840
16783	12347
16783	109194
16784	102315
16785	46239
16785	68237
16785	83799
16785	76623
16786	98817
16787	86043
16787	31928
16788	18429
16789	11599
16790	91463
16791	56204
16791	56011
16792	87358
16793	29898
16793	32987
16793	109878
16793	110119
16794	12341
16794	96246
16794	97441
16795	6128
16795	68456
16795	71307
16796	24740
16796	75663
16796	85293
16796	92446
16796	92856
16796	96895
16797	97521
16797	98804
16798	15846
16798	13538
16799	2499
16800	11663
16800	25544
16800	4857
16800	42517
16800	23022
16801	88764
16801	14857
16801	45692
16801	29438
16802	83795
16802	22352
16802	21365
16803	29059
16803	100743
16803	50885
16804	83987
16804	9467
16805	99618
16805	63596
16805	100070
16806	70733
16806	71536
16806	998
16806	12427
16807	93959
16807	94764
16807	44209
16807	95839
16807	108705
16808	75911
16808	63622
16808	77324
16809	103789
16809	307
16810	29388
16811	73205
16811	1110
16812	91666
16812	20018
16813	35896
16813	50374
16813	59852
16813	36291
16813	101093
16814	84836
16814	233
16814	92785
16814	93197
16815	25574
16815	2277
16816	71799
16816	91085
16817	45783
16818	80495
16818	70858
16819	75039
16820	96225
16821	83983
16821	44095
16821	10221
16821	6347
16821	8094
16821	92132
16821	35831
16821	1225
16822	86828
16822	93179
16822	96349
16822	96663
16822	99291
16823	83360
16824	95318
16825	29097
16825	59429
16825	28127
16825	38
16825	46319
16825	18222
16826	8350
16826	16208
16826	6443
16826	3932
16827	50432
16828	32598
16829	20166
16829	84464
16830	4535
16830	2119
16830	5645
16830	20166
16830	47811
16830	15706
16830	41286
16830	100629
16830	105347
16830	105364
16830	73064
16830	10983
16831	89413
16831	37226
16832	307
16832	8496
16832	5872
16833	98439
16833	90098
16834	2281
16835	21888
16836	40885
16836	87153
16836	82935
16836	87194
16836	7144
16836	53865
16836	74510
16836	34796
16836	82935
16836	98965
16836	104637
16836	23184
16836	15532
16836	86597
16837	61242
16837	61757
16837	88014
16837	88034
16837	90160
16837	11724
16837	69805
16837	10092
16837	19537
16837	103727
16837	108510
16837	88014
16838	88295
16838	70580
16838	7211
16839	87581
16840	25343
16841	4736
16841	335
16841	12062
16842	61512
16843	24089
16843	41020
16843	84232
16844	63985
16845	61043
16845	33471
16845	22090
16845	82847
16845	58033
16845	4598
16846	27695
16846	86717
16846	14837
16846	95940
16847	88521
16847	99652
16848	88953
16848	21233
16848	16130
16848	89399
16849	6721
16849	30
16850	74127
16851	18823
16851	34221
16851	38690
16852	15150
16852	89174
16853	69215
16853	37166
16854	20085
16855	1113
16855	29753
16856	4077
16857	21941
16858	43651
16858	24521
16858	43220
16858	48832
16858	97373
16858	99341
16858	6007
16859	172
16860	4340
16860	83850
16860	7034
16860	3122
16861	15533
16861	2052
16861	81724
16861	16655
16862	56204
16863	95115
16863	32020
16863	53275
16863	1141
16864	56817
16864	82536
16864	98169
16865	54753
16866	14248
16867	97198
16868	62377
16868	7929
16869	51429
16869	13711
16870	57202
16870	22102
16871	97211
16871	98090
16872	20559
16873	65908
16873	82724
16873	108057
16874	57088
16874	101544
16874	69681
16875	6030
16875	11761
16876	29646
16876	9290
16876	39275
16876	14558
16876	108904
16876	108913
16876	29353
16877	26945
16877	11796
16878	5251
16878	106824
16879	57005
16879	1067
16879	96682
16879	13893
16879	96721
16879	63369
16879	98175
16879	33927
16880	85044
16880	67787
16881	42936
16881	42282
16881	6479
16882	3481
16882	70588
16882	47587
16882	22551
16882	69270
16882	7244
16882	74202
16883	15294
16883	5748
16884	85348
16884	85349
16884	91960
16884	91961
16884	92811
16885	6236
16886	87054
16886	934
16887	28675
16887	3022
16888	62946
16889	8094
16890	102504
16891	85450
16891	48444
16891	13830
16891	105000
16891	105001
16892	1181
16892	24573
16893	94090
16894	35435
16894	34072
16894	20083
16895	25711
16896	59363
16896	17788
16896	897
16896	18287
16896	97673
16896	97968
16897	83267
16898	83967
16898	59109
16898	21972
16898	1578
16899	14753
16899	409
16899	3842
16899	2817
16899	80278
16899	94426
16899	85347
16899	58398
16899	64746
16899	16231
16899	58644
16899	19670
16899	6970
16899	277
16899	101940
16900	44985
16900	13184
16900	7520
16900	39812
16900	11565
16900	78067
16900	87870
16900	5008
16900	87914
16900	49742
16900	90621
16900	5806
16901	89489
16901	69301
16901	94387
16901	72800
16901	51449
16901	99648
16901	27
16901	25709
16901	731
16901	69301
16901	22041
16902	23733
16902	93853
16903	60967
16903	87382
16903	23822
16903	100021
16904	15763
16905	8418
16905	58055
16905	37110
16905	15938
16905	1127
16905	15752
16906	5828
16906	28557
16907	90108
16907	45182
16907	84746
16907	28387
16907	40871
16907	784
16907	10814
16907	45719
16907	69627
16907	71317
16908	56837
16908	81131
16908	101657
16908	82807
16908	102984
16909	91917
16910	106797
16910	27503
16911	89240
16912	2497
16912	38734
16912	29978
16912	33409
16912	8158
16913	16249
16913	95396
16913	95397
16913	83375
16913	95547
16914	81893
16915	18773
16916	13080
16917	44276
16917	6561
16918	67740
16918	11907
16918	25020
16918	4513
16918	2928
16918	63523
16918	1612
16918	10063
16918	47120
16918	97945
16918	13840
16918	98007
16918	5070
16918	19947
16918	98386
16918	98387
16918	86133
16919	79136
16920	89815
16921	88649
16922	5608
16923	2794
16924	75471
16924	106906
16925	55442
16926	641
16926	32990
16927	86873
16927	12388
16928	74920
16928	58554
16928	1776
16929	25294
16929	51810
16929	98725
16929	51811
16929	55864
16929	100666
16929	37628
16929	100769
16929	34649
16929	104366
16929	51766
16929	60635
16929	104976
16929	62056
16929	107404
16930	94468
16931	92606
16931	69500
16932	87830
16932	59939
16933	89727
16933	105263
16934	8394
16935	47485
16935	2276
16935	73553
16936	4972
16937	45239
16937	16426
16938	73024
16938	5984
16938	100128
16938	63054
16938	48601
16938	100274
16938	103935
16939	95178
16939	28868
16939	6543
16940	9646
16940	91552
16941	3883
16942	71536
16943	35203
16943	100298
16943	31389
16944	94138
16945	106038
16946	2669
16947	41761
16948	27143
16948	91116
16948	91742
16948	91743
16948	95382
16948	13010
16949	83129
16949	87252
16950	94047
16950	10221
16950	66962
16950	94111
16950	24320
16951	5335
16951	8252
16951	69575
16951	70716
16951	74202
16951	106488
16951	1297
16951	20652
16951	11169
16951	106821
16951	8160
16951	2052
16951	41687
16951	108899
16951	14567
16951	4372
16951	15498
16952	84280
16952	87770
16952	87771
16953	51950
16953	54906
16953	78052
16953	78176
16953	96800
16953	42412
16953	96817
16953	96827
16953	16438
16953	67815
16954	85628
16955	76282
16956	4327
16957	86678
16958	45719
16958	53067
16958	41126
16958	11070
16958	13247
16959	65247
16959	412
16960	86219
16960	44499
16960	103244
16960	103245
16960	10894
16960	110377
16961	280
16961	28470
16961	1531
16961	1908
16961	13377
16961	68223
16961	13643
16961	25020
16961	126
16961	5085
16961	55156
16961	1497
16961	56694
16961	16116
16962	110677
16963	80773
16963	93373
16963	88184
16964	5413
16964	66443
16964	3389
16964	10619
16964	33355
16964	11536
16964	2277
16964	31079
16964	97007
16965	2618
16966	15578
16966	14401
16967	20275
16967	36712
16967	6040
16968	88579
16969	3346
16970	19151
16970	12001
16971	61031
16971	5596
16972	1975
16973	1722
16974	3039
16975	60023
16976	45103
16976	83958
16976	84021
16976	83522
16977	32336
16977	104246
16978	13974
16979	87092
16980	5536
16980	16022
16980	7526
16981	33678
16982	14386
16982	71541
16982	1908
16983	19105
16984	55196
16984	2234
16984	87231
16984	98527
16984	98528
16984	99218
16984	99576
16985	2341
16985	19170
16986	76916
16987	36867
16988	4536
16989	37808
16990	85197
16990	3210
16990	9329
16990	55497
16990	92647
16991	5922
16992	8661
16992	50719
16992	35314
16992	18823
16992	67877
16992	77887
16992	2429
16992	307
16992	28177
16993	59319
16993	94422
16993	94423
16993	94525
16994	66738
16995	86125
16996	44102
16996	100867
16997	89846
16998	86558
16998	100063
16998	106980
16999	12725
17000	78575
17000	93569
17000	93570
17000	93571
17000	25538
17000	81140
17000	8343
17000	93721
17000	93722
17000	40734
17000	44782
17000	103714
17000	103715
17000	31572
17000	33698
17000	103937
17000	103960
17000	104170
17000	104193
17000	92388
17000	105285
17000	105383
17001	91545
17001	64447
17002	42303
17003	77925
17003	40842
17003	99489
17003	17904
17003	34884
17004	19153
17004	48406
17004	2258
17004	2848
17005	86660
17006	21622
17007	27588
17008	91434
17008	6430
17009	83125
17009	277
17009	59006
17010	86388
17010	94941
17011	3086
17012	84447
17013	85156
17013	19823
17013	44777
17013	105739
17013	108598
17014	67220
17015	319
17016	89798
17016	19106
17016	101757
17016	104403
17017	93441
17018	15616
17018	44793
17018	15616
17018	15616
17018	35906
17019	84182
17020	17328
17020	39657
17020	5314
17020	71472
17020	14852
17021	89787
17021	45239
17022	45192
17022	16366
17023	94480
17023	94481
17024	1531
17024	13063
17024	77159
17025	9727
17025	99020
17025	99021
17026	86715
17026	94479
17026	67397
17026	65453
17027	15642
17028	30960
17029	28833
17029	14449
17029	49863
17030	5858
17031	50573
17031	85870
17031	82132
17031	86659
17032	86715
17032	93250
17032	4147
17032	55614
17032	34682
17032	7909
17032	13018
17033	4110
17033	43075
17034	85148
17034	85149
17035	1287
17035	47760
17035	94626
17035	25389
17035	55972
17036	45239
17036	56204
17037	54796
17037	13249
17037	92808
17038	8083
17039	5219
17039	15594
17040	30004
17040	58327
17040	7044
17040	104511
17041	73709
17041	10975
17042	356
17042	93273
17043	81756
17043	87179
17043	105564
17044	12025
17044	5427
17045	19248
17046	39914
17047	69389
17048	11079
17048	92040
17048	75156
17048	59028
17048	15886
17049	14648
17050	84550
17050	84840
17050	81183
17050	85001
17050	53486
17050	9917
17051	72845
17052	90875
17053	5135
17054	37192
17055	6975
17055	19529
17055	1961
17055	47423
17056	1920
17056	75622
17057	89002
17058	20472
17059	18984
17060	26604
17060	29189
17060	42143
17060	97378
17061	96836
17062	95480
17062	58198
17062	95513
17062	46699
17062	91451
17062	102183
17062	102184
17063	71701
17064	16366
17064	8246
17064	45330
17064	9903
17064	83526
17064	32146
17064	29139
17065	37316
17066	19839
17067	86839
17067	58344
17067	86855
17067	87888
17067	60798
17067	44203
17068	15883
17068	3902
17068	83214
17069	4302
17069	15771
17070	56215
17071	10773
17072	87027
17073	10182
17074	8610
17074	72933
17074	35168
17075	7160
17076	69292
17077	94189
17078	93762
17078	93968
17078	106810
17078	106811
17078	86491
17078	21005
17078	107359
17078	107869
17078	108080
17079	80632
17079	42467
17079	17561
17079	12673
17079	8629
17079	9358
17079	11299
17079	107709
17079	70018
17079	42588
17079	107770
17079	15582
17080	67159
17080	71394
17080	26516
17081	87583
17081	30892
17082	86023
17083	89422
17083	92893
17083	95592
17083	96453
17083	51244
17083	35582
17084	2320
17084	56011
17084	56054
17085	45095
17086	88053
17086	92788
17087	32219
17087	77294
17087	17105
17087	80790
17087	20056
17087	11611
17087	19099
17087	29189
17087	45988
17087	26669
17087	56735
17087	110597
17087	111016
17088	57005
17088	83129
17088	22405
17088	993
17088	67877
17088	9050
17089	56054
17089	96972
17089	18276
17089	56204
17090	89562
17090	78342
17090	11049
17091	18677
17092	2369
17093	30261
17093	83687
17093	63368
17094	30759
17094	86200
17094	49515
17094	32457
17094	47938
17095	87800
17095	5924
17095	99016
17095	80808
17096	2224
17096	35458
17096	1988
17097	33879
17097	4151
17097	99047
17097	42179
17097	103865
17098	57952
17099	35582
17099	96176
17100	68659
17100	17048
17101	68219
17101	31891
17102	9719
17103	104928
17103	10116
17103	7405
17103	81713
17103	83136
17103	6537
17103	107868
17103	107632
17103	106887
17104	84311
17105	104833
17105	4468
17106	28537
17106	2154
17106	91729
17106	88596
17107	6351
17107	53331
17107	93316
17108	87371
17109	45239
17109	85228
17109	40592
17109	85229
17109	319
17109	567
17109	85241
17110	33789
17110	20166
17110	35316
17111	35479
17112	67877
17113	90929
17114	28247
17115	86263
17116	62033
17116	49997
17116	72043
17117	85570
17117	45780
17118	85735
17118	85743
17119	86621
17119	87571
17119	7767
17120	108
17120	89450
17121	823
17122	83044
17122	3353
17123	92638
17123	92789
17124	96495
17124	90935
17125	75848
17126	74083
17127	230
17128	18736
17128	2106
17129	79304
17129	7365
17130	48449
17130	62992
17130	87181
17131	33713
17132	12263
17132	82049
17132	14217
17132	99551
17133	61404
17133	97399
17133	11366
17133	14858
17133	86887
17133	16587
17133	36187
17134	70785
17134	71911
17134	111874
17135	99602
17136	37131
17137	19910
17137	2800
17138	14895
17138	29125
17139	55044
17140	85041
17140	45239
17140	32396
17141	56957
17141	84474
17142	80151
17142	29125
17142	9058
17142	402
17143	45239
17144	39339
17144	4319
17145	94911
17146	95636
17147	64148
17147	9467
17148	93144
17148	93169
17148	94347
17148	54098
17148	94383
17148	79377
17148	11889
17149	97485
17150	102718
17151	20752
17152	93133
17152	93134
17153	71940
17154	72011
17155	25562
17155	5139
17156	13171
17157	85043
17158	87204
17158	90709
17159	68761
17160	86053
17160	3584
17160	94647
17161	20677
17162	1111
17163	92055
17164	49765
17164	28012
17165	61295
17166	84293
17167	87560
17167	894
17168	60275
17168	71038
17168	11174
17168	46096
17169	9739
17170	2192
17170	40074
17170	34727
17171	90596
17171	8490
17171	90602
17171	12062
17172	4249
17173	92975
17173	78226
17173	92982
17173	14366
17173	38362
17173	63358
17173	96832
17174	48443
17174	27046
17175	99535
17176	52073
17177	42119
17177	83424
17177	58456
17177	109275
17178	75314
17179	9691
17180	27750
17180	95392
17180	2405
17180	11918
17181	15069
17182	104436
17182	12149
17182	27990
17182	104452
17182	100777
17182	29318
17182	61483
17182	35771
17182	85407
17183	69141
17183	70708
17183	19994
17183	86673
17183	86697
17184	88840
17185	90748
17185	12725
17185	41286
17185	102449
17185	4657
17185	106312
17186	76770
17186	91262
17186	59337
17186	91561
17186	102046
17186	51511
17186	1030
17186	45680
17187	1287
17187	576
17188	33
17188	42780
17188	91927
17188	93077
17189	13208
17190	94397
17190	103587
17190	17184
17190	100296
17191	54047
17191	64931
17191	76355
17192	87578
17192	87580
17192	95905
17192	90721
17192	95992
17192	19970
17192	96715
17192	103130
17193	84869
17193	6982
17193	87280
17193	87322
17193	78372
17193	5745
17193	98855
17193	98869
17193	99236
17193	23196
17194	85761
17195	4039
17195	65799
17195	93068
17196	23972
17197	83098
17198	93083
17199	18266
17199	68325
17200	61031
17201	80173
17202	87161
17202	50129
17202	4975
17202	42572
17202	17583
17202	7302
17202	71830
17202	88818
17202	59298
17202	7124
17202	57155
17202	70859
17202	99232
17202	29462
17202	99403
17202	71663
17202	55956
17203	42024
17203	28172
17204	48199
17205	15000
17206	103990
17207	89515
17208	18287
17208	59006
17208	76272
17208	4990
17209	86355
17210	56011
17211	76731
17211	99135
17212	85603
17212	58362
17212	79061
17212	9969
17213	7434
17213	27700
17213	43452
17213	38084
17213	78751
17213	96276
17213	96277
17213	96278
17213	31632
17214	6185
17215	38565
17216	12036
17216	54796
17217	41274
17217	15404
17217	95628
17217	3350
17218	25222
17218	6498
17219	73353
17220	10489
17220	92327
17220	29381
17220	25837
17221	88950
17221	8966
17221	31264
17222	4112
17222	8673
17223	56735
17223	68738
17224	53059
17225	67307
17225	93238
17225	93247
17225	5804
17226	35224
17226	51389
17226	22251
17227	86521
17227	26269
17227	68303
17227	45977
17227	86890
17227	86891
17227	86892
17227	86985
17227	86986
17227	86987
17227	16798
17227	2276
17227	87046
17227	18784
17227	11403
17227	105197
17228	2106
17228	50129
17229	3220
17230	79621
17231	89563
17232	69229
17232	36184
17233	91053
17233	42706
17234	32450
17234	23728
17234	83842
17234	2216
17235	911
17235	103489
17236	82956
17236	82957
17236	82959
17236	82960
17237	94232
17238	21965
17239	92874
17240	15651
17241	65074
17241	25262
17242	48844
17243	40695
17244	48872
17244	47853
17244	93792
17244	106941
17244	107835
17245	57491
17245	14141
17246	278
17247	20540
17248	6732
17249	8028
17250	83651
17250	28529
17250	72420
17250	8842
17250	3672
17251	94000
17252	46088
17253	88186
17254	28264
17255	83987
17256	109726
17257	8814
17258	1975
17258	13124
17258	2757
17258	671
17258	101548
17258	2854
17258	34280
17258	102489
17258	9068
17258	34282
17258	102522
17258	9932
17258	29125
17258	3822
17259	58734
17259	33279
17260	12040
17261	47030
17261	6847
17262	52311
17262	9709
17262	20778
17262	6524
17262	96105
17263	42644
17263	20275
17263	30516
17263	67835
17264	14410
17265	53619
17265	102776
17265	35742
17266	85811
17267	35894
17267	39712
17267	6173
17267	2599
17268	103668
17268	103669
17268	103670
17268	79362
17268	103859
17269	45771
17270	1278
17270	56011
17270	83677
17271	14876
17272	3148
17273	68967
17274	16727
17274	106241
17275	20098
17276	5694
17276	94653
17277	94950
17277	107717
17277	107718
17277	2368
17278	91674
17278	23954
17278	93370
17279	53391
17279	73258
17279	79091
17279	44388
17279	1303
17280	14777
17281	44103
17281	3210
17281	3805
17281	5977
17281	103720
17281	103721
17281	103722
17281	103872
17281	103873
17281	80944
17281	111996
17281	111997
17282	17908
17282	15391
17282	41013
17283	31330
17283	76349
17283	52435
17283	10021
17284	71276
17284	278
17284	71536
17285	95772
17285	7980
17286	39385
17287	86055
17287	9132
17288	23505
17289	20446
17289	88848
17289	59140
17289	76097
17290	1715
17290	65839
17290	54840
17291	86932
17291	94303
17291	82193
17291	12970
17292	5424
17293	105964
17294	29807
17294	89193
17294	96044
17294	80631
17295	62490
17296	9808
17297	6003
17297	14928
17297	107044
17298	19994
17299	86800
17299	55452
17299	92526
17299	67748
17299	107253
17299	109796
17299	99376
17300	4281
17300	79775
17300	95384
17301	13731
17301	46323
17301	97124
17301	97144
17302	12780
17303	3210
17304	3589
17305	18588
17306	28892
17306	36078
17306	11049
17306	96969
17306	102264
17306	9467
17306	102844
17306	79763
17307	68823
17308	73148
17308	85427
17308	85467
17308	30593
17309	4135
17309	4341
17309	18034
17309	5091
17310	88133
17310	2313
17311	29636
17311	72155
17312	1781
17312	92957
17312	95676
17312	95869
17312	96684
17312	41
17313	82954
17314	4129
17314	40788
17314	24972
17314	4327
17314	12859
17314	20694
17314	52199
17314	4433
17315	9826
17316	60667
17316	61107
17316	2314
17316	4321
17316	7075
17317	506
17318	612
17318	58644
17319	23078
17319	12210
17319	7980
17320	91782
17321	1633
17322	56011
17322	95554
17323	61242
17323	80631
17324	51329
17324	91137
17325	15260
17325	88247
17325	88248
17325	88507
17325	88508
17325	88509
17325	16845
17325	16844
17325	88753
17325	88804
17325	88805
17325	88836
17325	15140
17326	15186
17326	89211
17326	94049
17327	95888
17328	641
17329	9688
17329	38599
17329	24246
17330	97643
17330	97644
17330	105894
17330	13124
17330	105911
17331	83992
17331	46094
17331	59723
17331	46094
17331	107014
17331	14854
17331	104654
17331	10077
17332	83665
17332	41132
17333	90278
17334	6479
17335	18211
17335	99150
17335	24367
17336	28310
17336	3528
17336	109741
17336	96898
17337	38213
17338	36892
17338	12993
17338	60589
17338	38943
17338	6086
17338	15736
17338	51578
17338	95508
17338	95515
17338	21290
17338	7636
17338	17594
17338	51449
17338	33003
17338	99649
17338	12725
17338	7116
17338	97533
17338	14518
17338	15452
17338	105976
17338	106614
17339	56011
17340	80459
17340	79386
17341	42052
17341	101429
17341	47782
17342	100900
17342	96768
17342	92973
17343	13832
17343	30629
17343	29125
17343	80456
17344	521
17344	91886
17344	93270
17345	67220
17346	27343
17346	90412
17347	42665
17347	27990
17348	19490
17348	6779
17349	39549
17350	56753
17351	6683
17351	85709
17352	40720
17352	20196
17352	75770
17352	23543
17352	13883
17352	108420
17352	84070
17352	108421
17353	6737
17354	79861
17355	83987
17356	594
17357	1103
17357	10179
17357	69591
17357	9852
17357	48747
17357	90053
17358	3048
17359	7302
17359	14436
17359	84401
17359	12687
17359	1871
17359	4046
17359	94996
17359	7031
17359	23953
17359	41100
17359	81112
17359	35768
17359	67427
17359	76272
17359	98468
17360	34194
17361	56204
17361	11419
17361	83672
17362	27084
17363	150
17363	65099
17364	2368
17364	42143
17364	77397
17365	9867
17365	7302
17366	85159
17366	85160
17366	85262
17366	48221
17366	88756
17366	95796
17366	54519
17366	9068
17366	106301
17366	13832
17367	5601
17367	59410
17368	1297
17368	92681
17368	165
17368	34417
17368	68687
17369	86951
17369	87003
17369	87004
17369	39346
17370	88750
17371	30095
17371	60948
17371	94470
17371	95262
17371	70339
17371	36582
17372	42913
17372	28509
17372	48060
17372	10070
17372	35343
17372	56720
17372	50129
17372	45603
17372	28050
17372	3625
17372	97392
17372	29523
17372	14690
17372	91027
17372	79295
17372	42572
17372	108735
17372	41532
17372	110524
17372	94720
17373	86413
17374	2286
17375	4441
17375	23238
17376	61616
17377	3805
17378	23884
17379	34
17379	97592
17379	1218
17379	51400
17380	14082
17381	52743
17381	67685
17381	98084
17381	95535
17381	105943
17381	13249
17381	30029
17382	74586
17382	84912
17382	34022
17382	14996
17383	58013
17383	94781
17383	95431
17384	86942
17385	5097
17386	83907
17387	90733
17388	92810
17388	96555
17388	96585
17388	96626
17388	53983
17388	94005
17388	25657
17388	56373
17388	11613
17388	103588
17388	64887
17388	18138
17388	365
17389	83364
17389	52121
17389	78744
17389	97198
17389	99693
17390	95356
17391	3853
17391	2912
17392	62601
17392	73553
17392	97379
17392	305
17393	67986
17393	13832
17394	73161
17394	33147
17394	33842
17395	19315
17396	24972
17396	22884
17396	81212
17396	62216
17396	28050
17396	85648
17396	5845
17396	49033
17397	15736
17398	88656
17398	99868
17398	29557
17398	111039
17398	111040
17399	56204
17399	17058
17399	100160
17399	1810
17399	60480
17399	5828
17400	87861
17400	14276
17400	91990
17400	92347
17400	43583
17400	109464
17401	6288
17401	9996
17402	22006
17402	829
17403	48839
17403	13832
17403	3789
17403	11478
17404	50315
17404	70051
17404	92793
17404	80810
17405	63307
17405	12
17405	17227
17405	96466
17405	111659
17406	83650
17407	6167
17408	70598
17408	54882
17409	7265
17410	86558
17410	29470
17410	52435
17410	67848
17410	109310
17411	34613
17411	1441
17411	42613
17411	73027
17411	29043
17411	69012
17412	20018
17413	90742
17413	92801
17413	92802
17414	33104
17414	46770
17414	8845
17415	83415
17415	86797
17415	84632
17415	25889
17416	66023
17417	335
17417	80631
17417	93946
17417	1785
17417	108970
17418	71131
17419	65000
17419	6970
17419	6732
17419	14090
17419	45771
17420	1857
17421	59848
17421	37975
17422	107066
17423	7297
17423	1368
17424	107394
17424	107395
17425	20481
17425	17373
17426	81658
17426	67220
17426	21760
17426	67519
17426	86887
17426	107521
17426	4946
17427	32073
17427	62895
17428	34898
17429	12822
17430	67244
17430	1832
17430	88441
17430	15373
17430	5526
17430	96448
17430	37295
17430	25886
17430	60415
17431	87854
17432	8469
17432	86821
17432	1382
17433	92146
17433	64651
17433	92670
17433	96354
17434	85502
17434	85503
17434	87210
17434	92107
17434	88671
17435	4970
17435	11330
17436	3085
17436	2970
17436	2371
17437	11359
17437	25180
17437	57261
17438	28537
17439	4514
17440	4104
17441	92049
17441	98542
17442	84588
17442	95894
17442	102020
17443	14503
17443	72951
17444	278
17444	74703
17444	4969
17445	66723
17445	14436
17445	95431
17445	95457
17445	10393
17445	24823
17445	97789
17446	103069
17446	80383
17446	13177
17447	94392
17447	94789
17448	69769
17449	52521
17450	6609
17450	10587
17451	2279
17452	3782
17452	37002
17452	101334
17453	6147
17454	5071
17454	64055
17454	13122
17455	84263
17456	57659
17457	50690
17457	72141
17457	4921
17457	7843
17458	15153
17458	7980
17458	15136
17458	15422
17459	103391
17460	27273
17460	27330
17461	27324
17461	27343
17461	38006
17462	24777
17463	30
17463	1103
17463	2817
17463	8842
17463	28498
17463	19872
17463	2669
17464	6721
17464	72009
17464	76831
17465	72838
17465	92434
17465	6417
17465	17414
17466	88116
17466	88117
17466	69776
17466	54367
17466	54201
17467	92853
17467	8758
17467	92943
17468	2192
17469	4318
17469	108551
17469	56204
17469	4318
17470	10810
17470	101139
17471	10304
17471	93469
17471	7144
17472	28614
17473	97
17474	1267
17475	92400
17475	92421
17476	47314
17476	62158
17476	98248
17477	84716
17477	84754
17477	54112
17477	92197
17477	93892
17477	97990
17477	97991
17478	92160
17479	26287
17479	5701
17480	84487
17480	56773
17481	15664
17481	4758
17481	68904
17481	83999
17481	19684
17482	27805
17482	6501
17483	6971
17484	2415
17484	5396
17484	103022
17484	95115
17485	92755
17485	13228
17485	24588
17486	48482
17487	12859
17488	85552
17488	61013
17488	88887
17488	91558
17488	94083
17489	72455
17489	30020
17490	50161
17490	59328
17490	94816
17490	21837
17490	2822
17490	50161
17490	104518
17490	104526
17491	62610
17491	30507
17492	8412
17493	27343
17493	2814
17493	24432
17493	94753
17494	83152
17494	95192
17494	51716
17494	15998
17494	65757
17495	9551
17495	83436
17495	93849
17495	98226
17495	98227
17495	62813
17495	27453
17496	7367
17496	61577
17497	96885
17497	76831
17498	17300
17498	7293
17498	42665
17498	50593
17499	96691
17499	8195
17500	9211
17500	2314
17501	90531
17502	53185
17503	18733
17503	64125
17503	102053
17503	102065
17504	21815
17504	88168
17504	9650
17505	15594
17505	93262
17505	32196
17505	6470
17505	14682
17505	26883
17505	97179
17505	47385
17505	10473
17505	85058
17506	365
17506	3202
17506	48896
17506	35426
17506	2363
17506	28537
17506	74393
17506	93601
17506	34270
17506	13247
17506	11049
17506	1225
17507	15324
17507	10319
17507	87517
17508	26474
17509	56204
17510	6603
17511	56204
17512	107392
17513	13462
17514	7080
17515	98762
17516	85095
17516	14286
17516	43612
17516	104450
17517	84603
17517	23831
17517	84620
17517	84630
17517	7412
17517	19670
17517	32645
17517	86913
17517	69746
17517	25000
17517	92712
17517	59291
17517	29807
17517	27381
17517	95596
17517	95677
17517	95678
17517	98957
17517	98958
17517	297
17517	71514
17517	99005
17517	69746
17517	101662
17517	101672
17517	32815
17517	21664
17517	21881
17517	3211
17517	103985
17517	64122
17517	104046
17517	104047
17517	2836
17517	44705
17517	105288
17517	7035
17517	5427
17517	106638
17517	4525
17517	41146
17517	109014
17517	109015
17517	109022
17517	96580
17518	84034
17519	109819
17520	56204
17521	2283
17522	20212
17522	24811
17522	14216
17522	35830
17522	68537
17522	108425
17522	1228
17522	19424
17522	14394
17522	83819
17523	4248
17523	5214
17523	6832
17523	7031
17523	23079
17523	68433
17524	2739
17524	41298
17524	92242
17524	23605
17524	103131
17524	9211
17525	94373
17525	95226
17525	95405
17525	96484
17525	96497
17526	28148
17526	25489
17527	19480
17528	100125
17529	88322
17529	40403
17529	56011
17529	95627
17529	96112
17530	859
17531	103390
17532	80237
17533	97264
17534	56735
17535	82927
17535	84586
17535	13178
17535	86947
17535	86948
17535	14070
17536	52743
17537	55449
17537	104766
17538	47223
17539	88761
17539	7192
17539	77916
17539	22502
17539	51867
17539	22328
17539	90120
17539	60756
17539	58053
17539	4095
17539	21763
17540	60276
17541	87810
17541	47705
17542	11737
17543	93185
17543	93259
17543	96249
17543	84486
17543	101561
17543	11338
17543	48229
17544	51801
17544	88192
17544	21643
17544	88856
17544	49306
17545	47238
17546	83896
17547	6045
17547	1815
17547	2087
17548	13159
17549	5901
17549	33445
17549	42796
17549	7116
17549	43706
17550	91787
17551	19192
17551	3380
17551	26382
17552	14494
17553	22834
17553	3004
17553	36860
17553	91038
17553	43082
17553	19354
17554	84959
17554	50440
17554	69591
17555	39669
17556	84309
17556	69166
17557	11477
17557	47659
17557	7970
17558	64092
17558	84534
17558	33402
17559	56204
17560	99910
17560	31955
17561	3202
17561	55181
17561	1261
17561	68312
17562	37972
17563	3483
17563	5337
17563	5767
17563	54985
17563	85200
17563	85385
17563	2948
17563	13496
17563	91273
17563	58726
17563	32382
17563	34698
17563	63168
17564	83330
17564	6003
17565	83374
17565	106469
17566	67619
17566	61856
17566	23022
17567	8912
17568	94326
17568	95435
17568	96137
17569	56821
17569	69742
17569	31292
17569	27775
17569	93267
17569	25490
17570	27343
17570	8210
17571	1568
17571	5670
17572	43658
17572	20791
17572	88611
17572	8375
17572	88853
17572	88854
17572	64510
17572	88949
17572	18082
17572	84037
17572	111021
17573	4318
17574	993
17575	12142
17576	7144
17576	4561
17576	61654
17576	17658
17577	10623
17577	52839
17577	15938
17578	10123
17578	54619
17578	77805
17578	27475
17578	89120
17578	56811
17578	4131
17578	96420
17578	50067
17578	11049
17579	12494
17580	41358
17580	5424
17581	2471
17581	4970
17582	35574
17582	85825
17582	85836
17582	66750
17582	89786
17582	89788
17582	27347
17582	89844
17582	24806
17582	95301
17583	10545
17583	25764
17584	87728
17585	47905
17585	731
17585	67427
17586	66219
17586	108512
17587	66291
17587	7302
17587	27840
17587	95763
17587	34233
17587	36848
17588	2872
17588	29876
17588	84035
17588	2338
17588	42693
17589	46159
17589	17212
17590	84392
17590	84781
17590	84874
17590	62318
17590	93353
17591	87821
17591	41076
17591	53582
17591	47924
17592	27495
17592	3805
17593	2790
17593	3319
17594	84562
17594	92995
17594	55137
17595	50383
17595	29470
17595	56148
17595	50827
17595	40796
17595	78496
17595	91552
17595	91566
17595	86558
17595	32667
17595	13987
17595	45947
17595	92072
17595	22248
17595	15541
17596	14165
17596	11438
17597	4970
17597	21130
17597	65839
17597	39433
17598	2653
17598	5424
17598	1749
17599	91920
17599	22060
17600	9861
17600	91693
17601	15519
17601	96050
17601	101041
17602	86788
17602	86789
17602	43606
17602	4033
17602	92941
17603	83251
17603	319
17603	782
17603	30759
17604	44186
17604	949
17605	90161
17605	111572
17605	56538
17605	4172
17605	111773
17606	40511
17606	25732
17606	5028
17607	47712
17607	19764
17608	14383
17608	20348
17608	780
17608	54179
17608	94866
17608	94867
17608	82853
17609	28699
17610	59682
17610	15775
17610	28394
17611	59051
17611	96969
17612	79111
17612	87336
17612	88225
17612	3081
17612	90752
17613	48063
17614	80875
17615	104600
17615	13995
17615	104608
17615	82368
17615	47967
17615	11407
17615	108324
17615	101528
17615	108346
17615	8775
17615	28389
17615	108381
17616	104274
17617	78708
17617	11241
17617	47545
17617	32871
17618	100827
17618	32854
17618	15172
17618	16753
17618	107279
17618	30013
17619	61396
17620	51449
17620	10742
17620	15366
17620	67427
17620	1960
17620	13043
17620	22006
17620	85066
17620	68212
17620	7500
17620	17720
17620	101784
17620	36471
17620	24954
17621	86041
17621	1067
17621	96243
17621	63278
17621	736
17621	26611
17622	9605
17622	91179
17623	68010
17624	4503
17625	83887
17625	83888
17626	86794
17626	43331
17626	16128
17626	86917
17626	86918
17626	84598
17626	86631
17626	67546
17626	90362
17626	11199
17626	33004
17626	1388
17626	37786
17626	29671
17626	17048
17626	8583
17626	29286
17626	367
17626	30356
17626	34333
17626	576
17626	46899
17626	23266
17626	102057
17626	102056
17626	102058
17626	32769
17626	44388
17626	38261
17626	102132
17627	100749
17627	101933
17628	88427
17628	88790
17628	10539
17628	97319
17628	2347
17628	97611
17628	97612
17628	101311
17629	80151
17630	109080
17631	85709
17631	23184
17632	23433
17632	96902
17632	86599
17632	319
17632	39390
17633	66504
17633	91889
17633	30015
17633	91890
17633	66452
17633	91902
17633	77783
17634	20780
17634	61465
17634	21467
17634	80330
17635	47316
17635	48156
17635	48183
17635	100527
17636	84298
17637	1764
17638	12427
17639	39057
17640	29974
17640	44230
17641	17677
17641	37356
17641	96435
17641	7089
17641	83488
17641	84451
17642	70242
17642	4032
17643	88112
17644	85090
17644	97221
17644	98507
17644	8873
17644	76676
17645	1722
17646	83562
17647	34826
17647	85434
17647	63206
17647	3688
17648	57075
17648	43135
17649	13413
17650	17904
17650	53988
17650	39877
17650	86913
17650	280
17650	27692
17650	37730
17650	33524
17650	80631
17650	87813
17651	97370
17651	97371
17651	97372
17652	85527
17652	57620
17652	85987
17652	32357
17652	99208
17653	11716
17653	13779
17653	52434
17653	77294
17654	93407
17654	4157
17654	10072
17654	7011
17654	24098
17654	25000
17655	82738
17655	14125
17656	307
17657	44867
17657	46274
17658	81232
17658	89013
17659	49936
17659	93343
17659	14798
17659	108111
17659	108112
17660	335
17660	18134
17660	5843
17660	84455
17660	49136
17660	55691
17660	58424
17660	108025
17661	16075
17661	12871
17662	4525
17662	82780
17663	11351
17664	55181
17665	84490
17665	84491
17665	72961
17665	87899
17666	96596
17667	71407
17667	46972
17667	100779
17667	221
17667	100780
17667	18119
17668	100741
17668	61680
17668	75216
17668	85280
17669	27496
17670	59469
17671	22107
17671	99427
17671	106534
17672	93946
17673	18034
17674	62724
17675	69498
17675	3836
17676	12263
17676	92541
17677	95920
17678	24897
17679	18742
17679	280
17679	101892
17680	42209
17681	91912
17682	86770
17682	78496
17682	48357
17683	48421
17683	93980
17683	101533
17683	101708
17683	89827
17683	105631
17684	51000
17684	19615
17684	48369
17684	48456
17684	89565
17684	92823
17684	79454
17684	43474
17684	3422
17684	18797
17684	48504
17684	92846
17684	70995
17684	92847
17684	92848
17684	39042
17684	4674
17684	4933
17684	48456
17684	19615
17684	49869
17684	36111
17684	48456
17684	4933
17684	19615
17684	18797
17684	39042
17684	56199
17684	105917
17684	39042
17684	3422
17684	107270
17685	5286
17685	25574
17686	39251
17686	92118
17686	49265
17686	54489
17686	9238
17687	84125
17688	20259
17689	87524
17689	93628
17690	88345
17690	94227
17690	4642
17690	22551
17690	56517
17691	56950
17692	44653
17692	95381
17693	2676
17693	1526
17694	7168
17695	29357
17696	20576
17697	52163
17698	100845
17699	89290
17700	96696
17701	85392
17701	74030
17702	93510
17703	107994
17703	34826
17703	107995
17703	75421
17704	4920
17704	36716
17704	13562
17705	73148
17706	27934
17707	712
17707	85734
17707	45223
17707	13698
17707	16736
17707	85792
17707	4803
17707	23512
17707	95961
17708	7494
17709	41013
17709	6697
17709	27580
17709	84792
17710	25709
17711	79947
17711	91892
17711	23936
17711	2702
17711	3267
17711	110468
17712	93829
17713	50246
17714	34326
17714	18863
17714	53852
17715	89772
17715	1947
17715	9959
17715	73689
17715	27
17715	1531
17715	44787
17715	20196
17715	80243
17715	90777
17715	29605
17715	5311
17715	90591
17715	319
17715	7102
17715	64279
17716	2599
17716	10692
17717	60681
17718	56204
17718	84064
17718	85167
17719	8400
17719	20203
17719	52434
17719	43767
17720	55167
17721	6659
17722	78606
17723	99031
17723	73231
17724	68985
17725	98391
17725	98998
17726	4888
17727	103432
17727	103433
17728	307
17728	73
17729	83434
17730	57574
17730	100957
17731	3938
17732	27179
17732	53865
17732	36669
17732	44818
17732	2338
17733	84967
17733	17994
17733	55972
17734	91482
17735	99592
17735	17651
17735	19574
17736	90724
17736	94213
17737	85819
17737	102410
17737	103066
17737	17331
17737	105533
17738	67540
17739	37833
17739	1633
17740	84226
17740	52434
17740	101864
17741	17141
17742	38412
17743	83333
17743	92371
17743	48359
17743	12771
17743	69479
17744	42058
17744	51795
17744	86562
17744	15036
17745	103781
17745	103782
17746	84999
17746	30573
17746	63294
17746	86681
17746	87594
17747	96216
17748	34786
17749	86410
17749	69911
17749	88625
17749	43411
17749	53807
17750	86707
17750	89136
17750	89594
17750	9551
17750	2053
17750	13358
17750	100838
17751	70585
17751	72009
17752	5424
17752	33727
17752	25966
17752	83570
17752	27642
17752	52980
17752	111620
17753	98392
17753	46501
17754	84574
17754	89939
17754	26254
17754	9050
17754	40812
17754	38613
17754	16753
17754	9426
17754	96058
17754	96059
17754	48050
17754	96060
17754	4292
17754	4318
17754	7952
17754	96102
17755	92865
17755	5333
17756	34227
17756	83595
17756	86162
17756	72702
17757	64391
17758	88715
17758	103970
17759	83247
17759	94797
17760	45719
17760	92834
17761	7190
17762	85085
17763	14847
17763	94048
17763	25676
17763	14431
17764	4909
17764	74709
17765	9070
17766	41200
17767	29769
17767	62133
17767	85476
17767	80659
17767	85444
17767	93105
17767	93127
17768	9332
17768	319
17769	83099
17769	83132
17769	83141
17769	96900
17770	13159
17770	111136
17771	99734
17771	75097
17771	100884
17771	108398
17772	84234
17772	103046
17772	56822
17773	92709
17774	83407
17774	90843
17774	58960
17775	64990
17775	13104
17775	53158
17775	63849
17775	90081
17775	22998
17775	109052
17775	109053
17775	17021
17776	60257
17776	106482
17777	9689
17777	43305
17778	73853
17779	93422
17780	2320
17781	16542
17781	2911
17781	4625
17782	30397
17782	59811
17783	18588
17784	55149
17784	93081
17785	3805
17785	14560
17785	28537
17785	14952
17785	67877
17785	92000
17785	92045
17785	59742
17785	3190
17786	5656
17786	20354
17786	27342
17786	2833
17787	1397
17787	7071
17787	22869
17787	71355
17787	307
17788	106472
17788	10227
17789	12150
17790	46714
17790	18046
17790	9894
17790	98450
17790	10556
17790	79657
17791	1398
17791	9079
17792	72011
17793	14373
17793	10826
17794	92351
17795	93058
17796	16657
17797	84541
17797	49380
17798	29855
17799	43602
17800	92053
17801	19805
17801	104583
17802	17238
17803	16755
17804	22419
17805	55354
17805	117
17806	89042
17806	18854
17806	7423
17806	87735
17806	95961
17807	59120
17808	4513
17808	48862
17808	99329
17808	11137
17808	58893
17809	84671
17809	72332
17810	74703
17810	772
17811	92016
17811	10380
17812	86777
17812	74253
17813	92313
17813	92321
17813	70646
17814	21216
17815	95599
17816	55181
17816	83634
17816	10102
17817	84251
17817	40700
17818	7980
17818	84174
17818	61710
17818	97719
17818	42370
17818	35220
17819	24658
17819	87295
17819	45771
17820	54964
17820	307
17820	40178
17820	28771
17820	10453
17821	15316
17821	761
17822	22003
17822	101281
17823	95712
17823	103667
17824	88356
17824	88357
17825	51607
17825	16139
17825	69642
17825	82831
17825	47929
17825	95242
17825	95243
17825	95258
17825	95259
17825	60002
17825	95260
17825	95724
17825	95726
17825	23802
17825	1641
17825	7644
17825	95737
17825	44421
17825	31770
17825	95779
17825	9806
17825	102023
17825	102024
17825	16139
17825	57609
17825	35527
17826	103000
17827	55645
17827	92370
17827	32550
17827	57860
17827	31066
17827	93293
17827	91748
17827	102593
17827	33178
17828	85583
17829	85626
17830	21109
17830	42861
17830	16318
17830	94676
17831	84630
17831	85066
17831	14373
17831	32073
17831	61242
17831	57277
17832	70720
17832	86234
17832	92027
17832	92028
17833	20760
17833	46223
17833	25728
17833	29651
17833	85721
17833	106830
17833	64699
17833	110372
17834	2369
17835	20677
17835	10631
17835	18332
17836	1656
17836	48280
17837	32618
17838	26078
17839	10434
17839	5988
17839	41654
17839	69199
17839	91050
17839	23973
17840	46078
17840	28056
17840	4384
17841	10719
17842	35887
17843	103794
17844	1548
17844	33054
17845	71461
17846	215
17846	70598
17846	21703
17846	56572
17847	48290
17847	11278
17848	2661
17849	10258
17849	2873
17849	65000
17849	17587
17849	576
17849	85725
17849	85726
17849	78521
17850	53169
17850	3462
17850	10526
17850	8244
17850	73665
17851	73805
17851	92424
17852	43602
17853	101690
17853	101691
17853	101692
17853	101750
17854	83527
17854	36889
17854	17532
17854	100951
17855	192
17855	3660
17856	27200
17856	84750
17856	71298
17856	4318
17857	39387
17858	1682
17859	86086
17859	25453
17859	40744
17860	49116
17861	34523
17861	83616
17862	1539
17862	14806
17863	87649
17863	76174
17863	87677
17863	87842
17864	90097
17864	15551
17864	10564
17864	90097
17864	71910
17864	81834
17864	5140
17865	63750
17865	2639
17865	11452
17865	8777
17865	37225
17865	9562
17865	92988
17866	307
17866	5424
17867	77470
17867	88503
17867	88504
17867	88560
17867	37163
17867	77468
17867	33609
17867	46663
17867	77470
17867	101420
17868	6922
17868	54680
17868	5720
17869	86983
17869	3202
17869	85269
17870	6589
17870	35867
17871	6528
17871	50075
17871	27814
17872	83296
17873	66253
17874	27475
17875	82982
17876	31647
17877	79960
17877	1576
17878	104310
17879	11049
17879	17022
17879	11911
17879	4033
17879	29002
17879	2276
17879	23972
17880	85609
17880	85610
17880	86071
17880	5080
17880	88144
17880	64200
17880	88209
17880	61947
17880	76665
17880	89011
17880	58091
17880	27821
17880	37432
17880	92575
17880	27360
17881	45239
17881	43602
17881	30635
17882	79943
17883	55066
17883	16392
17883	92861
17883	37545
17884	93668
17884	19697
17885	62306
17885	48700
17885	63914
17885	104826
17885	105641
17885	105642
17886	87353
17886	49536
17886	68879
17886	3108
17886	60657
17887	17846
17888	68479
17888	56011
17888	307
17889	14365
17889	83344
17889	3233
17890	26575
17890	105843
17890	44453
17890	4212
17891	2190
17891	11427
17891	58467
17892	56798
17892	98439
17892	89529
17893	74282
17893	2833
17894	32645
17895	10874
17896	1127
17896	18953
17896	4032
17896	1961
17897	36187
17897	14014
17897	81398
17898	68031
17898	8285
17898	54062
17898	56250
17899	95049
17900	37963
17901	37523
17902	46290
17902	307
17902	2279
17902	109703
17902	58702
17902	109787
17902	5071
17903	50339
17904	55181
17905	83336
17905	35366
17905	12938
17905	87846
17905	7531
17906	4970
17907	55583
17907	55532
17907	2277
17907	22036
17908	25547
17908	85717
17908	94507
17909	35440
17910	99588
17910	91049
17911	17525
17912	5028
17913	4710
17913	98826
17914	4210
17914	83008
17914	83597
17914	24641
17915	20360
17916	83040
17916	93020
17917	86499
17917	84440
17917	70382
17918	85518
17918	98019
17918	29620
17919	63012
17919	6950
17919	94656
17919	58147
17920	101044
17921	84258
17921	99259
17921	99294
17921	104972
17921	45859
17921	108669
17922	88374
17922	16432
17923	44495
17923	74389
17923	9002
17923	24565
17923	81390
17923	102070
17924	88143
17924	93554
17924	104066
17925	89798
17926	91008
17926	91030
17926	93651
17926	93652
17926	96945
17926	97125
17926	97190
17926	97191
17926	105422
17927	45165
17927	5481
17927	8513
17928	33334
17929	14847
17929	37967
17929	28247
17929	43331
17929	13187
17929	104036
17929	38383
17930	10108
17930	25538
17930	11498
17930	42041
17930	60282
17930	104695
17930	17939
17931	16798
17931	5234
17931	79158
17931	92858
17931	23926
17931	82847
17931	93257
17931	94528
17931	21643
17931	53674
17931	28342
17931	98444
17932	47
17932	25709
17932	5922
17932	87449
17932	16380
17932	9090
17932	7163
17932	1817
17933	90909
17933	92330
17934	13063
17935	25677
17936	7827
17937	5424
17937	77917
17937	15099
17938	15790
17938	78868
17939	46251
17939	10108
17939	19985
17940	11608
17940	68975
17940	41236
17940	12207
17940	36340
17940	68975
17941	8801
17942	7429
17942	21736
17942	21387
17942	29934
17942	35233
17942	53388
17943	6248
17944	7381
17944	49227
17945	93279
17945	93280
17945	93391
17946	3873
17947	100212
17948	24806
17949	13917
17949	44349
17949	96782
17949	96783
17950	78724
17951	3027
17951	85888
17951	26413
17952	13323
17952	98397
17952	85385
17953	19588
17953	87579
17954	49984
17954	106690
17954	66054
17955	44186
17955	398
17955	94032
17955	94033
17955	68794
17956	53865
17956	32888
17956	30611
17956	14753
17956	33099
17957	80349
17957	93380
17958	58263
17959	97309
17960	5424
17961	13976
17962	31891
17963	54763
17964	90693
17964	58484
17964	68848
17964	90701
17964	11427
17965	97873
17966	89900
17967	69971
17968	16755
17968	14427
17968	14427
17969	17720
17969	25551
17969	5214
17970	86259
17970	2787
17971	16933
17972	22429
17972	736
17972	25928
17972	18854
17972	69575
17973	96131
17973	96132
17974	99852
17975	56789
17975	25281
17975	23382
17975	6148
17975	24293
17975	1009
17976	31111
17977	61242
17977	92222
17977	105136
17977	105137
17977	105138
17977	92393
17977	105144
17977	105166
17977	105167
17978	88698
17978	88746
17979	14125
17979	92808
17979	11282
17979	96419
17980	57341
17981	10334
17982	12028
17982	5781
17983	10443
17984	35866
17984	98383
17984	98384
17984	35600
17984	99299
17985	26264
17985	44505
17986	23278
17986	92969
17986	1633
17986	80631
17986	5704
17987	87461
17987	95763
17988	4302
17988	44928
17989	97530
17990	96540
17990	98899
17991	87018
17992	12427
17992	85362
17993	2276
17994	14970
17995	14696
17996	83733
17996	50266
17996	83734
17996	4758
17996	84193
17996	2268
17996	46501
17997	96450
17997	103364
17998	9025
17998	273
17998	6496
17999	1975
17999	27496
18000	13198
18000	93166
18001	25870
18001	100643
18001	100644
18001	100846
18001	15858
18001	94401
18001	42748
18001	107593
18001	13067
18001	58803
18001	57486
18001	100777
18001	86416
18001	101376
18002	5828
18002	42530
18002	8237
18002	43375
18003	56076
18003	3333
18004	9032
18004	3805
18004	65229
18004	27317
18004	85035
18004	90896
18004	365
18004	22499
18004	74290
18004	1633
18004	99567
18004	99568
18004	99569
18004	85035
18005	91114
18006	87172
18007	25564
18008	25780
18009	4346
18009	68754
18009	2000
18010	22825
18011	1620
18011	63644
18012	18217
18012	86481
18012	93505
18012	39528
18012	98776
18012	98782
18012	74173
18012	38866
18012	67119
18012	49833
18012	88912
18013	23384
18013	89787
18013	5347
18013	90991
18013	62001
18013	44249
18013	41363
18013	9765
18014	6832
18014	1564
18015	106435
18016	67356
18017	29522
18017	96482
18017	104290
18017	19217
18018	105668
18018	27389
18018	41029
18019	30323
18020	16366
18020	36605
18021	88754
18021	54578
18022	84504
18022	85865
18023	1433
18023	6721
18024	108252
18024	108286
18025	52979
18025	49272
18025	66929
18025	54523
18026	31047
18026	68163
18026	11853
18026	92607
18027	53772
18028	62377
18029	62117
18030	74072
18030	79211
18030	84444
18030	84445
18030	49347
18030	88227
18030	83889
18030	8702
18030	64956
18030	91035
18031	993
18031	13187
18031	91880
18032	85066
18033	64329
18033	12072
18034	14551
18034	13171
18034	9438
18034	3110
18034	4327
18034	6383
18034	5292
18035	53865
18036	74475
18037	85312
18037	85313
18038	20755
18038	72565
18038	87246
18038	43612
18039	77628
18040	10766
18040	91419
18040	70556
18040	55583
18040	13769
18041	19151
18041	12808
18041	45709
18042	86909
18042	2666
18042	13221
18043	78877
18043	32226
18043	99002
18044	86674
18044	11477
18045	82850
18046	3190
18047	66015
18047	16116
18048	91926
18048	33583
18049	3760
18049	4642
18049	73232
18049	27489
18049	4802
18049	82800
18049	43706
18049	71588
18050	87390
18050	29125
18050	28857
18050	47082
18050	17978
18051	14427
18051	85121
18051	25559
18051	49380
18051	39795
18052	53127
18052	6254
18052	91027
18052	8927
18052	576
18052	28952
18052	47187
18053	17720
18053	16345
18053	11411
18054	90223
18055	7144
18055	75417
18056	4220
18056	95770
18056	15841
18056	27687
18056	27345
18057	91000
18057	108483
18058	90147
18059	89480
18059	90963
18059	90964
18059	90965
18060	40382
18060	89743
18060	8060
18060	94484
18060	97226
18060	93268
18060	14740
18061	86366
18061	86368
18061	86369
18062	51668
18063	52935
18064	11835
18065	83515
18065	90157
18065	90158
18065	41703
18065	94492
18065	94493
18066	23336
18066	18230
18066	85782
18066	36990
18066	6335
18066	3367
18066	86058
18066	86181
18066	11050
18066	13045
18066	37184
18066	89176
18066	15404
18066	33165
18066	12999
18066	26948
18066	56215
18066	96191
18066	37908
18066	35496
18066	9403
18066	105061
18066	108278
18066	108879
18066	11049
18067	35486
18067	92480
18067	92511
18068	93815
18068	96587
18069	3538
18069	25252
18069	33054
18069	11911
18069	28492
18069	93194
18069	21234
18069	2277
18069	2731
18069	104612
18070	66810
18071	69769
18071	12610
18071	5901
18071	57678
18072	2277
18072	912
18072	102597
18073	33070
18074	16389
18074	99712
18074	3822
18074	99875
18074	99876
18075	89184
18075	19152
18075	36292
18075	19347
18075	98636
18075	1960
18076	772
18076	4442
18076	19865
18076	676
18076	81695
18076	9568
18076	20166
18076	56867
18077	14207
18077	99559
18078	32416
18079	83060
18079	95705
18079	57914
18080	69209
18080	56892
18081	9718
18082	52434
18082	71322
18083	1306
18084	41654
18085	8661
18085	5484
18086	79700
18086	61442
18087	87601
18087	100768
18088	72117
18088	34410
18088	95028
18088	75479
18088	67319
18088	3253
18089	95936
18089	95937
18090	85534
18090	100508
18090	74485
18090	62759
18090	110001
18091	84751
18091	63012
18091	16406
18091	13752
18091	23764
18091	21428
18091	9655
18091	96141
18091	102037
18092	45771
18092	25375
18093	85457
18094	50325
18094	96175
18094	99464
18094	99465
18095	1397
18095	4967
18095	54796
18095	9029
18095	89529
18095	35607
18096	104077
18096	13298
18096	104854
18097	1633
18098	1750
18098	30350
18098	43943
18099	87246
18099	6788
18099	192
18099	6496
18099	19099
18099	2653
18099	35670
18099	34881
18099	11977
18100	6035
18100	91577
18100	93075
18100	37891
18100	35462
18100	8257
18101	44056
18101	25077
18101	7527
18102	14379
18102	2813
18102	57022
18102	3458
18102	106797
18103	32974
18104	15285
18104	29043
18104	30004
18104	99948
18105	15316
18105	88696
18105	1445
18106	99485
18107	50050
18107	8789
18108	7144
18108	1397
18108	749
18108	1749
18108	83484
18109	54587
18110	56735
18110	82515
18110	14925
18110	37603
18110	11068
18110	81085
18111	50610
18112	77088
18113	9032
18113	15525
18114	21089
18114	1496
18114	1961
18115	9705
18115	6363
18115	1475
18116	85509
18117	44282
18117	36106
18117	14487
18117	25219
18117	62045
18118	3254
18119	82947
18120	41013
18120	16369
18120	77671
18120	2757
18120	110305
18120	17904
18121	87403
18121	87404
18121	32290
18121	54695
18122	88775
18122	89063
18122	36224
18123	3220
18124	92215
18124	93267
18125	45921
18125	14696
18126	89284
18126	89613
18126	89682
18126	89694
18126	89841
18126	41439
18126	92222
18126	307
18126	6595
18126	90044
18126	2833
18126	56204
18126	46979
18126	46210
18126	5424
18126	993
18126	46979
18126	27546
18126	7458
18126	4538
18126	89274
18126	56054
18126	45239
18127	84397
18128	99737
18128	13161
18128	35027
18128	99738
18128	99739
18128	35162
18129	44914
18130	68479
18130	65490
18131	993
18131	19924
18131	84504
18132	31481
18132	25538
18133	91844
18134	6114
18134	81929
18135	33732
18136	8255
18136	1620
18136	105358
18136	61242
18136	42896
18137	13547
18137	3890
18138	12408
18139	5818
18139	11475
18139	83136
18139	55942
18139	65555
18139	1154
18139	15140
18139	95713
18139	104183
18139	104204
18139	44127
18139	14897
18139	62820
18139	14272
18140	82952
18140	82994
18141	44224
18142	14255
18142	7067
18142	38116
18142	43368
18142	80151
18142	1397
18142	97299
18142	77887
18143	91911
18143	52168
18144	37620
18144	6668
18144	45103
18144	89270
18144	89323
18144	89324
18145	90571
18145	92408
18146	27990
18146	3486
18146	53829
18146	16893
18147	31177
18147	83179
18147	15415
18147	98325
18147	3328
18147	3099
18147	33938
18148	79285
18148	17179
18148	85410
18148	84007
18148	67546
18149	82681
18150	39955
18150	77003
18150	17246
18150	6292
18150	5721
18150	79597
18151	16207
18151	27423
18152	83074
18152	83075
18152	3350
18152	37847
18153	177
18154	1131
18155	86746
18156	859
18156	49256
18157	87814
18157	6406
18157	993
18157	307
18157	87965
18158	83746
18159	90419
18160	9705
18160	45239
18160	49256
18160	307
18160	67877
18161	37921
18162	58702
18162	9705
18162	1403
18163	90536
18164	896
18164	85066
18165	77908
18165	1261
18165	98177
18166	31373
18166	37062
18166	83137
18166	45330
18166	32146
18166	16366
18166	6630
18166	16941
18166	87672
18166	36147
18166	8246
18166	63950
18166	90611
18167	34170
18167	100522
18167	32822
18167	15345
18167	100561
18167	100562
18167	75985
18167	66303
18167	7114
18167	80331
18168	2326
18169	95762
18169	101851
18169	19400
18169	101942
18169	8457
18169	43658
18169	17086
18169	102110
18169	87599
18169	75010
18169	104546
18170	29776
18171	35766
18171	48625
18172	61550
18172	12427
18173	87983
18173	2087
18173	81846
18173	93383
18173	1722
18174	84705
18174	52111
18174	89378
18175	98535
18176	14477
18177	11343
18178	97325
18179	72759
18179	41922
18179	8153
18180	83817
18180	5909
18180	42591
18180	102511
18181	20166
18181	5393
18181	14255
18181	92584
18181	102436
18182	54936
18182	33608
18182	96974
18182	12581
18182	32568
18182	51798
18182	787
18182	5284
18182	77812
18182	98583
18182	19581
18182	98123
18182	5608
18182	36735
18183	9448
18183	9448
18183	84070
18183	105287
18183	107790
18183	84070
18184	14090
18184	16895
18184	784
18184	10577
18184	15140
18184	6595
18184	5922
18184	81929
18184	96719
18185	84374
18185	63863
18185	84393
18185	13306
18185	6358
18185	107845
18185	53489
18186	8059
18187	76189
18187	89126
18188	45782
18189	15129
18189	101090
18190	14800
18191	83041
18191	4896
18191	56661
18191	39278
18191	108125
18192	42467
18193	66922
18193	17254
18193	92984
18193	93030
18193	21699
18193	93365
18193	101069
18193	101102
18193	17691
18193	101197
18193	13612
18194	56011
18194	88315
18194	19049
18194	93077
18194	2087
18194	12688
18194	56517
18195	86021
18195	60059
18195	96377
18196	86388
18197	4671
18197	97018
18197	97019
18198	12347
18198	16768
18198	12702
18199	14015
18199	67510
18200	35058
18200	55946
18200	20559
18201	56414
18202	949
18203	106008
18203	83900
18203	106320
18203	106335
18203	106336
18204	85978
18205	10431
18205	98251
18206	5859
18207	97281
18207	25538
18207	2208
18207	61124
18207	82213
18207	15124
18208	43602
18209	74389
18210	55053
18210	3389
18211	84101
18211	4165
18211	61228
18211	84133
18212	24823
18213	34792
18214	90044
18214	15486
18214	83941
18214	92971
18215	31962
18215	85805
18215	90615
18215	14658
18215	38750
18216	21891
18216	87659
18217	90356
18217	100064
18217	100065
18217	100066
18218	35835
18219	72155
18219	18022
18219	31571
18219	175
18219	9264
18219	93502
18219	1061
18219	17552
18219	18817
18219	58882
18220	89023
18220	30685
18220	92616
18220	107969
18221	1306
18221	21167
18221	74999
18221	11101
18221	69591
18221	5481
18222	22498
18223	49071
18223	90813
18223	1299
18224	67558
18225	3002
18226	12427
18226	12388
18227	35971
18228	83227
18228	83228
18229	60567
18229	89669
18229	48314
18229	16681
18229	7530
18230	19096
18231	71319
18232	11359
18232	15195
18233	85413
18233	88721
18233	88722
18234	85691
18235	66084
18235	90424
18235	90425
18235	3530
18235	42150
18235	98523
18235	65742
18235	88260
18236	5704
18237	21886
18237	19105
18237	12394
18237	98498
18237	19537
18238	5230
18238	14255
18238	62181
18239	33916
18239	83124
18239	39657
18239	8083
18239	9582
18239	84464
18239	9582
18240	14401
18240	61437
18240	1306
18240	10359
18241	5071
18241	23036
18242	90913
18242	90914
18242	90919
18242	12329
18242	80
18242	66777
18242	96311
18242	90914
18242	90919
18242	27257
18243	101849
18244	16355
18245	54293
18245	49085
18246	23936
18246	5849
18247	4347
18247	77338
18247	83767
18247	84498
18247	85619
18247	1790
18247	62841
18247	95649
18248	93100
18249	73870
18249	53588
18250	10278
18251	30103
18251	55043
18251	91371
18251	91372
18252	4972
18253	99333
18254	20975
18254	8943
18254	19535
18255	87235
18255	87236
18255	87488
18256	95070
18257	21170
18258	19655
18258	83672
18258	9621
18258	73894
18259	49232
18260	16896
18260	69441
18261	2312
18262	69969
18262	78286
18263	32718
18264	95864
18265	94984
18265	111127
18265	67693
18266	85048
18266	16495
18267	2042
18268	35595
18269	42701
18270	56259
18271	69355
18271	73353
18271	39057
18271	5069
18271	4192
18271	43696
18271	1496
18272	46290
18273	4946
18273	107492
18274	74423
18274	85068
18274	10984
18274	25079
18274	54905
18274	30145
18275	8569
18276	7144
18276	90717
18277	13413
18278	62593
18279	11584
18279	28159
18279	74674
18279	9903
18279	13516
18279	35436
18280	83399
18280	20463
18280	44743
18281	11046
18282	90899
18282	3162
18282	66184
18282	2052
18282	77322
18283	50892
18283	1006
18284	85634
18284	72988
18284	98809
18285	2216
18285	61646
18285	84191
18285	24209
18285	95061
18285	12652
18286	5074
18286	22163
18286	5021
18287	100351
18287	4071
18287	72107
18287	84599
18287	89235
18288	109900
18289	7434
18289	29519
18289	81608
18290	88286
18290	88287
18291	29020
18292	93839
18292	93123
18293	4663
18294	59967
18294	1564
18294	21848
18295	62874
18296	2515
18296	56034
18297	8416
18297	69199
18297	46290
18298	88076
18299	69689
18299	104581
18300	3810
18300	105736
18301	45928
18301	85382
18302	14563
18302	7134
18302	1604
18302	84555
18303	104568
18303	45709
18304	72307
18305	9634
18305	87226
18305	17499
18305	7667
18305	6496
18305	5007
18305	30093
18305	89360
18306	89870
18307	6399
18308	108038
18308	70638
18309	10564
18309	34194
18309	107543
18310	87742
18310	90526
18310	48797
18310	47711
18311	12028
18312	5109
18313	23405
18313	25275
18313	87637
18314	1929
18314	55049
18315	86087
18315	24868
18315	3002
18315	11411
18316	84289
18316	89285
18316	2338
18316	376
18316	6672
18316	30456
18316	29090
18316	2107
18317	19186
18317	25908
18318	24130
18319	61035
18319	90669
18320	109989
18320	8734
18320	58112
18321	52575
18322	39347
18322	25254
18323	20067
18323	87040
18324	85541
18324	8440
18324	89007
18324	45937
18324	24205
18324	25491
18324	27090
18324	54563
18324	35411
18324	28911
18325	47659
18325	5028
18325	27895
18326	9328
18326	90139
18327	3864
18327	11404
18327	12793
18328	17330
18328	993
18328	68396
18328	109701
18328	109719
18329	39354
18330	46512
18330	101718
18330	7218
18331	47978
18332	13895
18333	39208
18334	77684
18334	94895
18334	36291
18334	92106
18334	91308
18335	2911
18335	7295
18336	16906
18336	16927
18337	84870
18338	22843
18339	99965
18339	99974
18339	33609
18339	104711
18339	46735
18339	112013
18340	92453
18340	14964
18340	4716
18340	97532
18340	61610
18340	14108
18340	31892
18341	3162
18341	13091
18341	23341
18342	90591
18342	90592
18342	25507
18342	95381
18342	94372
18343	68985
18343	88024
18343	45771
18343	198
18343	3022
18343	72011
18343	13327
18343	17853
18343	81175
18343	198
18344	319
18345	10667
18345	15561
18345	107089
18346	86939
18346	69731
18347	72189
18347	84662
18347	96345
18348	1531
18348	10284
18348	58906
18348	1473
18348	61391
18349	84630
18349	35835
18350	1878
18351	84746
18351	18609
18351	108683
18351	10116
18352	15541
18353	79223
18353	111992
18353	52790
18353	52789
18353	111993
18354	23053
18354	1981
18354	13332
18354	87415
18354	14786
18354	91061
18354	22353
18354	26687
18354	53674
18354	13088
18354	103003
18355	84293
18355	29807
18356	16991
18356	65651
18357	32645
18357	1975
18357	83289
18357	60985
18357	5229
18358	83365
18358	82607
18358	98161
18359	12740
18359	25177
18359	60667
18360	6697
18360	75291
18360	24065
18361	80928
18361	26140
18362	44157
18363	3739
18363	1620
18363	44006
18363	195
18363	5926
18363	105316
18363	17965
18364	52180
18364	62712
18364	90900
18364	94417
18365	74967
18365	19041
18366	3296
18366	87174
18366	5859
18366	22697
18367	41297
18367	10577
18368	96041
18369	56011
18370	67427
18370	84504
18371	37
18372	91409
18372	33075
18372	36797
18372	98260
18372	8453
18373	90666
18374	6103
18375	83965
18375	25928
18375	19920
18376	36655
18376	14210
18376	89450
18376	97152
18376	97275
18377	20327
18377	55118
18377	77122
18377	90241
18377	47145
18378	30470
18378	91501
18378	12001
18379	93783
18379	1975
18379	89255
18380	19038
18380	23494
18381	4970
18381	89629
18381	16003
18382	19142
18383	1520
18383	98112
18384	34727
18385	83587
18385	83757
18385	83824
18385	84470
18385	85954
18386	4958
18387	31900
18388	434
18388	15202
18388	9187
18388	69949
18388	60511
18389	33662
18389	26802
18390	60454
18391	52986
18392	46421
18393	45236
18393	83818
18393	87862
18393	87863
18393	87864
18393	88032
18393	43037
18394	43649
18394	100255
18395	36292
18395	97390
18395	97442
18395	7698
18396	18276
18396	75827
18396	56204
18396	105830
18396	77867
18397	84560
18397	31144
18397	11583
18397	71451
18398	60111
18399	71633
18400	83988
18401	85448
18401	36089
18402	43204
18403	198
18404	93943
18404	94247
18404	94328
18404	94339
18404	6345
18404	28616
18404	5909
18404	94370
18404	67612
18405	22081
18405	58571
18406	17694
18406	61242
18407	15883
18408	44123
18408	69764
18408	3515
18408	97497
18408	94865
18408	8820
18408	8073
18408	37607
18408	51371
18408	74769
18409	62473
18409	46862
18409	50805
18409	18737
18409	5898
18410	85803
18410	49093
18410	43551
18410	87457
18410	32592
18411	23341
18411	1382
18411	1706
18411	19569
18411	1633
18412	45719
18412	4565
18413	83578
18413	4261
18413	28005
18414	5991
18415	34483
18416	75934
18417	87705
18417	15988
18417	343
18417	12266
18418	53158
18418	34072
18418	91278
18418	671
18418	859
18419	24241
18419	14942
18420	16962
18420	20699
18420	30200
18420	2648
18420	83136
18420	24168
18420	84867
18420	103584
18420	29129
18420	103622
18420	103623
18420	4107
18420	43706
18420	104606
18420	83799
18420	103776
18420	10182
18420	58683
18421	56204
18422	1207
18423	83171
18423	30369
18424	70733
18425	12804
18425	106129
18426	87459
18427	49545
18427	16398
18428	4854
18428	94183
18429	88991
18430	93023
18431	17956
18431	98980
18431	98366
18431	48608
18431	19516
18431	71914
18432	708
18432	57382
18433	5427
18434	7144
18434	5424
18434	87410
18434	11608
18434	102428
18434	88838
18434	74083
18434	101382
18435	102567
18435	73482
18435	5545
18436	79337
18437	8961
18438	72296
18439	88994
18439	17180
18439	65439
18439	44487
18440	4104
18440	83570
18441	37016
18441	89823
18441	53437
18441	90262
18441	33732
18442	16954
18443	89261
18443	89382
18444	65621
18445	93262
18446	2428
18447	101351
18448	23543
18449	89471
18450	24477
18451	78144
18452	51620
18452	73553
18452	34727
18452	67510
18452	19153
18452	4896
18453	90589
18453	66057
18453	7959
18453	21852
18454	103184
18454	69894
18454	16257
18455	62602
18455	49086
18455	62001
18455	61242
18456	85781
18456	56011
18456	85907
18457	89787
18458	85595
18458	7297
18459	4967
18459	92584
18459	7302
18460	19078
18460	97
18460	14567
18461	88340
18461	108643
18462	14150
18462	77366
18462	84857
18463	54906
18463	55940
18463	83927
18463	43470
18463	88274
18463	26231
18463	36524
18463	2322
18463	78961
18464	3258
18464	3842
18464	77193
18465	65846
18466	26674
18466	26543
18467	94982
18468	88373
18468	95767
18468	95957
18468	96009
18468	3574
18468	56616
18468	56817
18469	84016
18470	85272
18470	85273
18470	85820
18471	27713
18472	20879
18472	16555
18472	35900
18472	40382
18472	73367
18472	18475
18472	33107
18472	68266
18472	105797
18472	5898
18473	97154
18474	53566
18475	1038
18475	7031
18475	12192
18475	76589
18475	8352
18475	1297
18476	20803
18476	94708
18476	95885
18476	63344
18476	45436
18476	54459
18477	83351
18478	57349
18479	101798
18479	25596
18479	80151
18479	93046
18480	48877
18481	761
18481	3278
18481	1715
18482	1881
18482	20458
18483	72578
18483	101
18483	6849
18484	29125
18485	63697
18485	87317
18485	107488
18486	101562
18487	87462
18488	89875
18488	41011
18488	62643
18488	96511
18489	4945
18490	3086
18491	71150
18492	19898
18492	14082
18492	71276
18492	9209
18493	92204
18493	95973
18493	95974
18493	104134
18493	104135
18494	24351
18495	10394
18495	32645
18496	61242
18496	89972
18496	101717
18496	101812
18497	62808
18498	5214
18499	90426
18499	86802
18499	48209
18499	63337
18499	56423
18500	57187
18501	707
18502	87319
18502	87359
18503	11106
18504	12432
18505	80470
18506	66965
18506	37967
18507	90184
18507	66859
18507	86120
18507	3864
18508	99589
18508	88910
18509	61031
18510	62829
18511	54296
18512	28322
18513	91684
18513	88424
18513	5922
18514	28952
18514	87039
18514	61459
18515	89928
18515	90003
18515	87958
18515	99507
18515	99508
18516	197
18516	90022
18516	429
18516	53901
18516	69611
18516	33339
18516	90185
18516	53914
18516	13167
18516	87020
18516	64169
18516	90207
18516	90208
18516	90209
18516	970
18516	102119
18517	10606
18517	78048
18517	20699
18517	9184
18517	74127
18517	9326
18517	94971
18517	9892
18517	46678
18518	85317
18518	84255
18518	18854
18518	78017
18519	85765
18519	111482
18520	70222
18520	33502
18520	95275
18521	28185
18521	34547
18521	28420
18522	4373
18522	88336
18522	89785
18523	12789
18524	35360
18524	85550
18524	85483
18524	85551
18524	6507
18524	33481
18524	33352
18524	103828
18524	103921
18524	93123
18524	104095
18525	19776
18525	45083
18526	87113
18526	88084
18526	88653
18526	33161
18526	92829
18526	94522
18526	94567
18526	95799
18526	87113
18527	86303
18528	101646
18529	86676
18530	54077
18530	3441
18530	107201
18530	107338
18530	107414
18531	2112
18532	7164
18533	89880
18534	55196
18534	8820
18534	93728
18534	47154
18534	99617
18534	95027
18535	102194
18536	90717
18536	59795
18536	40450
18537	1543
18537	13264
18537	106942
18538	48443
18538	20531
18538	84387
18538	84388
18538	29574
18538	73458
18538	88582
18538	32073
18538	23516
18538	92632
18538	90554
18538	1328
18539	98657
18540	51437
18540	41568
18540	10523
18540	99734
18541	27475
18542	94663
18542	34417
18542	86287
18542	13507
18543	43511
18543	9703
18544	43641
18545	81466
18545	4321
18545	109192
18546	76307
18547	7720
18547	19172
18547	10235
18547	5286
18547	21365
18548	74
18549	90866
18550	62601
18550	56016
18550	63757
18551	24202
18551	83620
18551	97856
18551	38643
18551	703
18551	97886
18551	47237
18551	59456
18551	77893
18551	4324
18551	15808
18552	12940
18553	246
18553	85658
18553	14155
18553	96624
18553	97901
18554	15558
18554	36797
18555	83148
18555	100996
18555	859
18555	16427
18555	103492
18555	106455
18555	103489
18555	90510
18555	110889
18555	110891
18555	96395
18556	85993
18556	99586
18557	100767
18557	104728
18557	110431
18558	1918
18558	65810
18558	13187
18559	43370
18559	98314
18559	104731
18560	71861
18561	57406
18561	99780
18561	99824
18561	99935
18561	102071
18561	95988
18561	102802
18562	85089
18562	85598
18562	2157
18562	91112
18563	93191
18563	93192
18563	72155
18564	16755
18565	26148
18565	82854
18565	98674
18565	25609
18565	53298
18566	103682
18567	6461
18567	24027
18568	18946
18568	45657
18568	104481
18568	26499
18568	23932
18568	103342
18568	11591
18568	57681
18568	12329
18569	93702
18569	93736
18569	93758
18570	5056
18571	16209
18572	5110
18572	40799
18573	5894
18574	20787
18575	86573
18575	80278
18576	54692
18577	45986
18578	29324
18579	46847
18580	12146
18581	84599
18582	3366
18583	18934
18583	88621
18583	57781
18584	32645
18584	97534
18584	108225
18584	79221
18585	54781
18586	24082
18586	23905
18587	85875
18587	85876
18587	85913
18588	34371
18588	319
18588	1328
18589	85324
18589	34155
18589	92310
18589	49483
18589	105867
18589	105919
18590	57978
18590	68266
18590	11032
18590	45924
18591	101845
18591	54824
18591	110295
18591	110296
18591	110494
18592	95683
18592	46986
18593	17908
18593	103080
18593	9190
18593	103092
18593	2040
18593	6697
18594	8820
18595	48362
18595	307
18596	111013
18596	111072
18596	77714
18596	111073
18596	111145
18597	82539
18598	84102
18598	97849
18598	53413
18599	51081
18599	17739
18600	5702
18600	69301
18600	14558
18600	748
18601	83193
18601	9808
18602	86466
18602	59865
18603	59934
18603	83995
18604	7643
18604	89529
18605	5071
18605	92024
18606	86130
18606	82963
18606	92065
18606	77391
18607	85408
18608	75247
18608	92274
18609	40727
18609	100254
18609	92386
18610	54921
18610	22889
18610	99322
18610	99323
18611	926
18612	85477
18612	4780
18612	21471
18612	91609
18612	8035
18613	64828
18614	25553
18614	54649
18614	8397
18614	29090
18614	7302
18615	86125
18616	15312
18616	9106
18616	8757
18616	55165
18616	66598
18616	36423
18616	68291
18616	18026
18616	58395
18617	32337
18618	104357
18618	104383
18618	104408
18619	47430
18619	92778
18620	11997
18620	8929
18621	88695
18621	19535
18622	83913
18622	94487
18622	110181
18622	110182
18623	69949
18623	30029
18623	31405
18623	13
18623	2429
18623	24207
18624	99566
18625	95495
18625	5337
18626	94829
18626	94849
18627	47250
18627	10960
18628	2052
18628	30838
18629	5641
18629	29470
18630	92326
18631	5253
18631	21742
18632	85475
18632	85992
18632	2012
18633	89166
18633	89167
18633	89338
18633	89464
18633	10707
18633	53124
18633	79483
18633	95538
18633	101823
18633	75535
18633	65391
18633	22549
18633	91703
18633	106787
18633	55605
18634	230
18635	54875
18635	5855
18636	5302
18637	97906
18637	97793
18638	86332
18638	11791
18638	92272
18638	47729
18638	52898
18638	92906
18638	15846
18638	31210
18638	18416
18639	76407
18639	42260
18639	49863
18639	104407
18639	9503
18639	10107
18640	76204
18640	82995
18640	24439
18641	1052
18642	109477
18643	30797
18644	76307
18645	60743
18646	83112
18646	85015
18646	85097
18646	33620
18646	9217
18646	87394
18646	87421
18646	87442
18647	576
18647	98779
18648	1564
18649	3822
18650	55852
18650	77294
18651	63792
18652	17504
18653	85599
18654	22814
18654	96747
18655	93533
18656	30029
18657	15529
18658	32602
18658	28179
18658	7324
18659	47257
18660	41928
18661	86012
18662	20531
18663	795
18664	89082
18665	8912
18666	7402
18666	93099
18666	21457
18666	19959
18666	29626
18666	55686
18667	51702
18667	1163
18668	83386
18669	5811
18669	57237
18669	165
18669	37808
18670	88534
18670	88535
18670	29446
18670	6661
18670	20524
18670	23654
18670	94467
18670	5211
18670	35971
18670	11321
18670	77932
18670	109333
18670	68820
18671	4027
18671	33393
18671	96268
18672	9719
18673	90065
18673	29238
18674	20481
18674	64903
18675	84829
18675	64903
18675	91673
18676	47659
18676	2343
18677	33171
18677	1328
18677	3515
18677	96754
18678	19347
18678	101193
18679	63468
18679	58452
18679	31075
18679	19118
18679	98730
18679	19000
18679	95517
18679	98917
18679	66256
18679	92365
18679	71973
18679	99653
18679	96482
18680	93326
18680	93327
18681	84957
18681	9350
18681	69612
18682	1542
18683	67877
18683	33689
18683	307
18684	82426
18685	47600
18685	104781
18686	4514
18686	97788
18686	102548
18686	71863
18687	12327
18687	126
18687	3296
18688	56265
18688	70773
18688	69012
18689	4373
18690	103678
18690	87401
18690	23618
18690	10544
18691	11161
18692	86282
18692	78517
18692	93677
18692	67302
18692	52074
18693	53865
18694	56204
18695	8255
18695	61627
18696	4302
18696	24496
18696	98883
18697	66045
18697	4299
18697	16752
18697	83641
18697	45719
18697	61404
18697	102061
18698	87993
18698	87994
18698	87995
18699	29943
18700	14255
18701	83215
18701	43128
18702	97764
18703	20896
18704	335
18705	55788
18705	23341
18705	18523
18705	74498
18705	19194
18705	109451
18705	55746
18705	19657
18706	22436
18706	83710
18706	29730
18707	90981
18708	56380
18708	2306
18708	103966
18709	71533
18709	11759
18709	9527
18710	6721
18711	29347
18712	42929
18712	5694
18712	57824
18712	40243
18713	95456
18713	54258
18713	21324
18714	54907
18714	53391
18715	83234
18715	16414
18716	55685
18716	1656
18716	91727
18717	17983
18717	49440
18717	59881
18718	100080
18718	100130
18719	3575
18719	15745
18719	81259
18719	26221
18719	68552
18719	104715
18720	28995
18720	33903
18721	2876
18721	11473
18721	66619
18721	44119
18722	45205
18722	8469
18723	91453
18724	10227
18724	2848
18725	100502
18725	74824
18726	844
18726	65771
18726	13938
18726	87625
18726	11255
18727	47270
18727	81823
18728	19079
18728	10171
18728	13252
18729	84872
18729	56204
18729	89679
18730	89744
18730	3874
18730	93811
18731	40720
18732	62813
18732	900
18733	81696
18733	100097
18734	8536
18734	32871
18734	19340
18734	3958
18735	31574
18736	5811
18736	89320
18736	56335
18737	4007
18738	5071
18738	45328
18739	87070
18739	29636
18739	1896
18739	21216
18739	4033
18739	13108
18739	20126
18739	70549
18740	70358
18741	72155
18741	88451
18742	105159
18742	61120
18742	2079
18743	27930
18743	18761
18744	32094
18744	95103
18745	23547
18746	87992
18747	2848
18747	451
18748	10194
18749	98039
18749	98072
18749	62404
18749	98096
18749	14496
18749	15771
18749	68223
18749	71190
18750	96241
18750	44359
18750	5234
18750	43201
18751	7959
18751	20166
18752	20750
18752	52979
18752	1560
18753	87615
18754	91602
18755	3278
18756	91986
18757	30767
18757	4758
18757	21783
18757	44795
18758	61242
18759	90079
18759	53941
18759	87435
18759	39355
18759	81832
18759	90109
18760	81512
18760	59811
18760	37891
18761	1832
18762	67554
18762	59245
18762	14228
18763	91176
18763	77452
18763	50735
18764	10449
18764	4392
18764	17048
18764	4302
18765	86670
18765	4513
18766	319
18766	71799
18767	50855
18768	10698
18769	14379
18769	20166
18769	684
18769	102567
18769	68581
18769	101165
18770	3055
18770	88624
18770	37409
18770	56013
18771	62601
18772	86927
18773	89360
18773	23697
18773	13643
18774	47488
18774	87298
18774	2106
18774	4302
18774	38979
18775	83392
18775	70117
18775	86075
18775	86076
18775	86117
18775	91346
18775	91347
18775	81455
18775	81498
18775	86075
18775	91412
18775	91413
18775	77977
18775	56049
18775	94430
18775	94511
18775	94512
18775	78004
18775	28565
18775	98897
18775	23739
18775	83392
18775	98918
18775	106163
18776	56207
18776	56208
18776	2163
18776	174
18777	96832
18777	14721
18777	73702
18777	41227
18777	51504
18778	9027
18779	12691
18779	50588
18779	106222
18779	55928
18779	878
18780	96969
18781	69430
18782	2276
18783	19865
18783	7302
18783	31494
18783	10657
18783	4536
18784	24416
18784	86474
18784	30220
18784	49362
18785	9688
18785	90773
18785	2320
18785	45024
18786	6434
18786	8244
18787	109373
18788	9953
18788	995
18788	64951
18789	24820
18789	6540
18789	33568
18789	27633
18789	9184
18789	27633
18790	76129
18790	418
18790	7164
18790	27930
18790	19173
18790	5211
18790	8412
18790	83987
18791	102507
18792	1892
18792	109246
18792	25900
18793	91223
18793	56169
18793	87928
18793	61555
18793	100946
18793	26672
18793	101109
18793	48315
18793	11317
18793	101147
18793	34375
18793	101149
18793	101175
18793	61780
18793	103745
18793	103826
18794	9691
18794	1634
18794	10029
18794	67934
18795	91978
18796	13187
18796	53858
18796	81834
18796	13459
18797	83691
18797	102575
18798	61242
18798	2800
18798	576
18798	97
18798	51447
18798	23510
18798	93755
18798	46691
18798	3932
18799	5028
18799	95700
18800	86684
18801	30711
18801	55467
18801	72011
18802	75625
18803	895
18803	93123
18803	81834
18804	5333
18804	4430
18805	6236
18805	9329
18805	57866
18805	20772
18806	88224
18807	2653
18808	79540
18809	56376
18809	91490
18810	46522
18810	61761
18810	9443
18811	38
18811	56384
18811	16616
18812	31976
18812	14075
18812	3291
18813	47
18814	466
18815	1397
18816	9058
18817	6288
18818	102265
18819	59767
18819	1620
18819	84515
18819	32133
18819	52809
18820	440
18821	96177
18821	96178
18822	79944
18823	45720
18824	83489
18825	68633
18826	84201
18827	6262
18828	89179
18828	110596
18828	111671
18828	111672
18828	101341
18828	111673
18828	73039
18828	112002
18828	112112
18829	31571
18829	88125
18829	88126
18829	57201
18829	29449
18830	58923
18830	68561
18831	30004
18831	434
18831	7780
18831	22970
18832	3817
18832	3486
18832	15316
18833	90684
18833	91339
18833	91340
18833	93311
18834	92308
18835	100133
18835	55098
18836	22419
18837	89423
18838	20320
18838	45996
18838	11791
18838	93729
18839	14489
18839	83802
18839	2783
18839	3649
18840	86817
18840	86826
18841	75403
18841	10430
18842	91213
18843	365
18843	48816
18844	94403
18844	68071
18845	1616
18846	89169
18846	21508
18846	93160
18847	56679
18847	102514
18848	61053
18848	87725
18848	5039
18849	12859
18849	418
18850	18719
18850	81533
18850	51371
18850	102230
18851	33944
18851	10294
18851	1063
18851	73801
18851	319
18851	85653
18851	12393
18851	85732
18851	32563
18851	85733
18851	70733
18851	14755
18851	7589
18851	27016
18851	87429
18851	10826
18851	61404
18851	45399
18852	64279
18853	21018
18853	104133
18854	76769
18855	83078
18856	104689
18856	104690
18856	7244
18856	83987
18856	1225
18856	95794
18856	20652
18856	7323
18857	5516
18857	87109
18857	77088
18857	5898
18857	4062
18858	84020
18858	14255
18858	7066
18858	6868
18859	45239
18859	782
18859	67095
18859	5424
18860	29139
18861	89266
18862	86125
18862	87634
18863	84419
18863	87214
18863	56735
18863	11243
18864	86924
18865	9583
18865	59815
18865	754
18866	64881
18866	28017
18866	11403
18866	2276
18867	86209
18868	60757
18868	15316
18868	89991
18868	17023
18868	29742
18868	4946
18868	6114
18869	42255
18869	8287
18870	23505
18871	7363
18871	96215
18871	17033
18871	25575
18871	17677
18871	6435
18871	9739
18871	21468
18871	46287
18871	11672
18871	81350
18872	48891
18872	93732
18873	1127
18874	84611
18875	4237
18876	100575
18877	104196
18877	104254
18878	2653
18879	57287
18879	19729
18880	94668
18880	91240
18881	11359
18881	34828
18882	105325
18883	1633
18883	56016
18883	33054
18883	34816
18883	85307
18884	80766
18884	1471
18884	50163
18884	479
18884	14604
18884	22006
18884	97484
18884	97912
18884	67095
18885	105396
18886	93595
18886	23697
18886	27754
18886	46536
18886	106612
18887	1908
18888	93211
18889	10491
18889	14228
18890	104348
18891	18112
18891	66683
18891	8870
18891	10109
18891	91795
18891	401
18891	93661
18891	8504
18891	79311
18892	44924
18892	8449
18892	7253
18892	20760
18893	8879
18894	85669
18895	72633
18895	6363
18895	23697
18895	105758
18895	13049
18896	576
18896	102409
18896	102413
18896	57121
18896	17048
18897	104283
18897	104318
18898	50061
18899	78604
18899	41687
18899	55793
18899	98740
18899	69257
18899	98777
18899	45448
18900	110161
18901	18635
18901	94029
18902	100939
18903	5069
18903	3162
18904	65307
18904	84467
18904	56004
18904	84547
18905	3675
18905	83983
18906	7714
18907	18817
18908	8005
18908	92209
18908	7144
18909	69702
18910	107765
18911	5723
18911	3486
18912	75072
18913	102072
18913	102073
18913	32186
18914	96795
18915	4642
18916	84646
18917	23697
18918	85192
18918	91365
18919	85019
18920	3048
18921	96810
18922	72845
18922	106177
18922	4318
18923	33330
18923	96647
18924	69001
18924	10610
18924	93513
18925	86125
18925	107112
18925	4181
18925	82452
18926	97393
18927	83471
18927	83855
18927	87556
18928	41889
18929	20376
18929	16753
18929	25928
18929	79319
18929	41819
18930	30904
18930	57412
18930	10910
18930	97871
18930	104286
18930	8252
18930	53737
18931	85677
18931	8376
18931	67279
18931	59449
18931	73587
18932	58979
18932	103708
18933	86949
18933	6242
18934	307
18934	61898
18935	97704
18936	998
18936	31697
18937	75073
18937	17324
18937	94201
18937	63561
18938	10344
18938	104700
18938	106362
18938	41701
18939	79438
18939	94363
18940	23409
18941	58040
18942	89769
18942	100607
18942	100608
18943	96169
18943	89581
18943	6129
18943	98890
18943	101495
18943	5844
18943	54768
18943	22504
18943	101846
18943	35041
18944	84669
18945	32645
18946	42590
18947	77491
18947	57528
18948	86285
18948	67877
18948	22884
18948	29522
18949	34258
18950	85513
18950	59846
18950	42747
18950	110799
18951	63659
18951	84581
18952	67656
18952	45571
18953	84628
18954	14477
18955	15551
18955	54796
18955	4318
18955	4967
18955	96430
18956	2800
18957	93366
18957	1277
18957	82507
18957	105651
18958	87169
18959	30346
18960	39084
18961	190
18962	90167
18962	86125
18962	69292
18963	11388
18964	101966
18964	102245
18964	104980
18965	59670
18965	1961
18965	94593
18965	43763
18965	37102
18965	107091
18965	75922
18965	107143
18965	107144
18965	107145
18965	88253
18966	83189
18967	64217
18967	69980
18968	23891
18968	35611
18968	28584
18969	57748
18970	81413
18971	37688
18971	44665
18971	14619
18971	94645
18971	96491
18971	12273
18971	62695
18971	101386
18971	23432
18972	19640
18972	91192
18973	73815
18973	56204
18973	18823
18974	58244
18974	16380
18975	8660
18975	97499
18975	99346
18975	9414
18976	86869
18976	91762
18976	78327
18976	31327
18977	14728
18977	61277
18977	26095
18977	92437
18977	93281
18978	19104
18979	91466
18979	90392
18980	94367
18980	13346
18980	4370
18980	14619
18981	51793
18981	91452
18982	58340
18982	14968
18983	42749
18983	61333
18983	5301
18983	18323
18983	41011
18983	49137
18983	2690
18984	32027
18984	66043
18985	17904
18986	29807
18987	41153
18988	3203
18989	30665
18989	95829
18989	83136
18990	1741
18990	51058
18990	44300
18990	58980
18991	43781
18991	94155
18991	106087
18991	106169
18992	5424
18992	56897
18992	85460
18992	41180
18992	98321
18992	50095
18992	8726
18993	72011
18993	5241
18994	63190
18995	29522
18996	39339
18996	76272
18996	102744
18996	44687
18997	39162
18997	14797
18998	55207
18998	58135
18998	9212
18998	96773
18998	98826
18998	14325
18998	68336
18998	9705
18998	12499
18998	13366
18999	56204
19000	85723
19000	98775
19000	285
19000	40403
19001	17414
19001	43330
19001	33789
19002	91973
19002	61254
19002	91992
19003	78659
19003	29391
19004	98811
19004	97230
19004	40293
19005	61326
19005	84810
19005	85110
19005	34892
19005	16991
19005	29470
19005	8191
19005	10742
19005	86558
19005	96548
19005	96554
19005	85110
19005	51449
19005	99559
19006	4032
19006	23262
19007	8942
19008	18323
19008	88838
19008	5153
19008	89902
19008	54768
19009	95815
19009	92179
19009	45239
19009	1633
19009	84630
19009	40403
19010	9403
19011	42644
19011	94154
19011	6622
19011	1563
19011	1141
19011	993
19011	693
19011	100335
19011	51086
19011	100435
19011	59723
19011	15373
19012	78339
19012	86424
19013	14245
19013	39329
19013	26630
19013	4894
19014	67685
19014	82946
19014	17561
19015	65901
19015	39708
19015	96418
19015	29896
19016	2854
19016	18673
19016	2971
19016	37821
19016	3317
19016	2277
19017	84996
19018	91817
19018	92770
19019	43803
19020	10022
19020	85447
19020	10793
19020	16542
19020	71863
19021	10290
19021	19662
19021	16748
19022	86851
19023	75985
19024	85565
19025	53674
19026	72783
19026	2362
19026	85685
19026	65346
19027	97145
19028	14440
19029	641
19030	14031
19030	65557
19031	14567
19031	46667
19032	98532
19032	366
19033	84074
19034	84881
19034	81618
19034	38762
19035	409
19036	82549
19036	69415
19036	85110
19037	67153
19037	106176
19038	89663
19038	89664
19038	38250
19038	8649
19038	90169
19038	90211
19038	90212
19038	95727
19039	44109
19040	11465
19040	558
19040	911
19040	105174
19040	27046
19040	88203
19040	6971
19040	7777
19040	34233
19040	17068
19040	35809
19041	93263
19041	3005
19041	10014
19041	78017
19041	917
19042	74217
19042	59885
19042	84630
19043	28283
19044	83059
19044	67664
19044	46705
19045	83987
19045	409
19045	15551
19045	104356
19045	34368
19045	31177
19046	68460
19046	13259
19046	29057
19046	335
19046	13377
19046	7910
19047	58313
19047	1737
19047	57788
19048	17499
19049	91496
19049	5901
19049	9653
19050	80495
19050	95644
19051	27273
19051	84848
19051	8580
19051	16109
19051	6350
19051	74539
19051	1478
19051	3805
19051	101447
19051	24143
19051	104045
19051	18892
19051	80631
19051	95431
19051	111285
19051	62033
19051	2800
19051	38479
19051	19332
19051	3864
19052	106857
19053	30778
19053	57781
19054	87573
19054	1908
19054	99090
19054	99547
19054	19283
19054	10116
19054	99748
19054	99749
19055	94643
19056	8723
19057	55901
19057	63566
19058	14050
19058	37327
19058	54
19058	96774
19058	96798
19058	81863
19058	96841
19058	54835
19058	25539
19058	14009
19058	54
19058	32921
19058	77652
19059	7910
19059	76272
19060	97975
19060	54860
19060	98180
19060	42706
19060	12578
19061	23384
19061	5252
19062	73148
19062	37254
19063	48385
19064	26382
19064	58748
19064	6662
19065	1225
19065	2079
19065	1633
19065	37930
19066	90619
19067	80769
19067	9187
19068	94368
19068	94369
19069	1672
19069	16723
19069	5129
19069	18167
19070	56897
19070	47526
19070	47967
19071	285
19071	79739
19071	100631
19071	100632
19072	1912
19073	1496
19073	48877
19073	97526
19074	93747
19075	59074
19075	15149
19075	73810
19075	88438
19076	3465
19076	80855
19076	28912
19077	87718
19078	10489
19078	92020
19078	33409
19078	30141
19079	34441
19079	83321
19080	13413
19080	64955
19080	91432
19080	376
19081	84145
19082	33786
19082	84479
19082	7211
19082	83442
19082	8738
19082	81025
19083	31259
19084	327
19084	95544
19084	46307
19084	95545
19084	61346
19084	95589
19084	32214
19085	4935
19086	911
19086	50571
19086	74641
19086	92203
19086	29807
19086	70290
19086	92309
19087	75313
19088	14402
19089	3162
19090	82323
19091	56011
19091	54179
19091	83570
19092	3099
19092	90113
19093	2817
19093	72343
19093	13187
19093	442
19093	14387
19093	63300
19093	95648
19093	7301
19093	79156
19093	97597
19093	19800
19094	79960
19095	38799
19096	73687
19097	94012
19097	27990
19097	1328
19097	95531
19098	105243
19099	55181
19099	88437
19099	28112
19099	3562
19100	4050
19101	31901
19101	67877
19102	26830
19102	15962
19102	94042
19102	79897
19102	35059
19102	56660
19102	11255
19102	44215
19102	3630
19103	92728
19103	42142
19103	105353
19103	7820
19103	77307
19104	34417
19104	18823
19104	84102
19105	6752
19105	47538
19105	13559
19105	34417
19105	165
19106	32289
19107	73231
19108	23861
19108	42884
19109	11256
19109	22437
19109	75701
19109	108876
19109	101102
19109	85083
19109	110459
19109	110625
19109	110659
19110	92860
19111	87747
19111	16172
19111	93994
19111	37440
19111	64601
19112	80460
19112	95883
19112	6676
19112	35419
19112	37999
19113	35027
19113	83128
19114	23908
19115	50133
19116	100039
19116	40404
19116	53801
19116	66315
19117	4138
19117	44080
19118	12998
19118	101934
19118	35003
19118	102596
19118	44776
19118	59776
19118	10204
19119	89359
19119	58082
19120	3690
19121	21804
19121	88580
19121	92644
19121	20327
19121	26165
19121	38035
19121	68336
19121	72898
19122	53552
19123	27105
19123	17048
19123	32114
19123	22759
19123	6770
19123	67198
19124	26396
19124	32309
19124	85066
19124	104418
19124	97033
19125	186
19125	60984
19125	2822
19125	14383
19125	7273
19125	24868
19126	96707
19127	307
19127	27471
19127	14155
19127	4104
19127	1256
19128	2699
19129	102528
19129	105734
19130	71879
19131	53298
19131	89786
19131	30534
19132	38595
19133	90539
19134	15814
19135	35621
19135	15969
19136	87638
19136	14082
19137	99584
19138	93424
19138	93527
19138	5251
19138	52039
19139	2192
19139	307
19139	45239
19140	21502
19141	107358
19141	30743
19141	107487
19142	92479
19142	8072
19143	34281
19144	7886
19145	15480
19146	34124
19146	99811
19146	64301
19147	67471
19148	90177
19148	3628
19148	85922
19148	62006
19149	18352
19149	15891
19149	59842
19149	20609
19149	70032
19149	105823
19149	105824
19149	105825
19149	106492
19150	83577
19150	83706
19150	83708
19150	78639
19150	72480
19150	8785
19150	35326
19150	1998
19150	28430
19150	17844
19150	14798
19150	29010
19150	12725
19150	105271
19151	90865
19152	21472
19152	23972
19153	88337
19153	38884
19153	52843
19153	95105
19153	17172
19153	95106
19153	43507
19153	46390
19153	111434
19153	111435
19154	10840
19154	33875
19154	3448
19154	9448
19154	878
19155	99925
19156	5267
19157	93162
19157	3819
19157	93123
19157	75779
19157	13574
19157	93544
19157	77887
19157	986
19157	93573
19157	21643
19157	7907
19157	34727
19157	8330
19157	4539
19158	39683
19159	12152
19159	44308
19159	65527
19159	5804
19159	31395
19159	5982
19159	93157
19159	58393
19159	41273
19159	72894
19159	47473
19160	9763
19161	34830
19161	59662
19162	50035
19162	32536
19162	100727
19162	100794
19162	100824
19162	100907
19162	9583
19162	62319
19163	83965
19163	93665
19164	36852
19165	83591
19165	74809
19165	91710
19165	85571
19165	91711
19165	13459
19165	91731
19165	91732
19166	92424
19166	84565
19166	84159
19167	21713
19167	17891
19168	23505
19168	37527
19168	10657
19168	12812
19168	10387
19169	34417
19169	31111
19169	12152
19169	98252
19170	1207
19170	2147
19170	86662
19170	86663
19170	86664
19170	86712
19170	32416
19170	86722
19170	86723
19170	93224
19170	93225
19170	98922
19170	14291
19170	35003
19170	2872
19170	72550
19170	106100
19170	106192
19170	62251
19170	86663
19170	106226
19170	108000
19171	86322
19172	107744
19172	71937
19172	107773
19173	72011
19173	41050
19174	83929
19174	4998
19175	78062
19175	13516
19175	50640
19176	23778
19176	96269
19176	4223
19177	9856
19177	1299
19177	52435
19177	34333
19177	28907
19178	4115
19179	18368
19180	17554
19181	1490
19181	92794
19182	87708
19182	4227
19183	27423
19184	84366
19185	99786
19186	59491
19186	96106
19187	93089
19187	56699
19187	97245
19187	16010
19187	97404
19187	97405
19187	97433
19187	64627
19187	4525
19187	62820
19187	46875
19187	29965
19187	105538
19188	60354
19189	35227
19189	772
19189	5640
19189	10862
19189	7860
19189	93585
19189	61673
19190	1814
19191	33054
19192	8820
19192	36830
19192	48574
19192	1943
19193	78315
19193	92222
19193	100197
19194	5211
19195	92796
19195	308
19195	13431
19195	2113
19195	8921
19195	92898
19195	94657
19196	67120
19197	23296
19198	77062
19198	29125
19198	97562
19198	62318
19198	23903
19199	96134
19199	98607
19200	85463
19201	58300
19201	5333
19201	38037
19202	45277
19203	7600
19203	4514
19203	39865
19203	1811
19203	10020
19204	91454
19205	22958
19205	44817
19205	43848
19205	6506
19205	102478
19205	102519
19205	51174
19205	102552
19205	4385
19205	102553
19205	102554
19206	40788
19207	58004
19208	96105
19208	102002
19209	64216
19210	29108
19210	38307
19211	103875
19211	43810
19212	26488
19212	96451
19213	86266
19213	86267
19214	95128
19215	83410
19216	63561
19217	62490
19218	101236
19218	101260
19218	12381
19218	20254
19219	8842
19219	2653
19219	1622
19219	3665
19219	84927
19219	97
19219	64316
19220	2814
19220	2458
19220	87885
19220	8676
19220	94196
19221	84921
19221	60422
19222	18823
19222	64136
19223	95264
19224	93342
19225	99152
19226	12558
19227	83393
19227	85740
19228	16355
19228	4642
19228	21369
19228	76451
19229	57708
19229	17655
19229	7244
19229	66256
19229	26400
19229	102881
19229	14858
19229	44548
19230	16484
19231	2148
19232	85421
19233	60310
19233	4642
19234	3819
19235	11998
19236	87666
19237	83805
19237	83806
19237	5349
19237	73350
19238	6045
19239	99343
19239	92639
19240	99461
19240	41847
19240	111405
19240	14040
19241	93671
19242	1815
19243	81834
19243	1475
19244	61694
19245	91233
19245	94705
19245	60501
19246	32037
19247	85852
19247	60527
19247	85853
19247	53931
19247	26625
19247	110721
19247	10436
19248	1495
19248	51992
19248	31598
19248	102817
19249	83129
19249	63609
19249	5811
19249	84543
19249	84555
19249	10412
19250	22178
19250	4944
19251	487
19252	83391
19252	95965
19252	65632
19253	1975
19253	9032
19253	45162
19253	32819
19253	3389
19253	5413
19254	75465
19254	70920
19255	62790
19255	93125
19255	67877
19256	3376
19256	3759
19256	6971
19256	15685
19256	30099
19256	78663
19256	22162
19257	67847
19258	20550
19258	83502
19259	12175
19260	83716
19260	66030
19261	88539
19261	101482
19261	91748
19261	103756
19261	42321
19261	3833
19261	13972
19262	92312
19263	26116
19264	4047
19264	18992
19264	6292
19264	33189
19264	16555
19265	95041
19265	40592
19265	101398
19266	83567
19267	11129
19267	10022
19267	106770
19268	62302
19268	92038
19268	13157
19268	7236
19268	9143
19268	32486
19269	14538
19269	15529
19270	4481
19270	6083
19270	83017
19271	5922
19271	2653
19272	702
19272	67220
19272	13940
19272	59744
19273	86846
19273	10763
19274	20215
19274	47545
19274	11287
19274	230
19274	18134
19274	78521
19275	13206
19276	19622
19277	83959
19277	6333
19277	70769
19277	56735
19277	15376
19277	7077
19277	19046
19277	101380
19278	34164
19279	91760
19280	97362
19281	90667
19281	7176
19281	6758
19282	83758
19282	83774
19282	83819
19283	47938
19283	18740
19284	1306
19284	4780
19284	11911
19285	89819
19285	60835
19285	27857
19286	5828
19287	77347
19288	1110
19288	7829
19288	76320
19289	38410
19290	17956
19291	49256
19291	69199
19291	33963
19291	3618
19291	96338
19291	1887
19292	663
19292	62278
19293	14155
19293	33
19294	86112
19295	28771
19296	95604
19296	49913
19297	88971
19297	99603
19297	99604
19297	99605
19297	99685
19297	99753
19297	102310
19298	24678
19299	15137
19299	51738
19300	99783
19300	62421
19300	99850
19300	98449
19301	66984
19302	84050
19303	46462
19304	307
19304	97740
19304	97741
19305	84958
19305	84998
19305	87441
19305	88115
19305	91860
19305	96761
19305	97222
19305	97223
19305	97703
19305	97710
19306	83570
19306	80382
19307	72277
19307	78760
19307	48641
19307	9070
19307	85110
19307	97091
19308	35786
19308	93803
19308	98908
19308	105200
19309	60270
19309	83895
19309	8943
19310	78144
19310	100438
19310	50824
19311	19153
19311	3909
19312	5187
19313	2192
19313	12370
19313	95381
19314	88402
19314	30630
19314	80540
19314	56498
19314	18492
19315	105269
19315	9241
19315	27184
19315	50668
19316	48477
19316	3688
19316	13909
19316	16786
19316	14406
19316	97737
19316	92848
19316	26772
19316	97981
19316	98842
19316	98843
19316	74874
19316	31034
19317	51178
19317	20841
19317	11832
19317	61218
19317	98768
19317	77949
19317	4503
19317	12290
19318	86227
19319	91834
19319	87323
19320	19153
19320	343
19320	47835
19320	48240
19320	3660
19320	74294
19320	32645
19320	79385
19320	66443
19321	3121
19321	926
19321	73148
19322	24222
19322	106477
19323	32632
19323	86892
19323	44224
19323	108308
19324	85607
19325	93122
19326	74371
19326	16828
19326	108842
19326	72241
19326	3734
19326	98258
19327	61348
19327	76476
19327	2666
19327	72011
19327	91238
19328	28118
19329	69544
19329	2070
19329	278
19329	18944
19329	77329
19329	81112
19329	14339
19329	2279
19330	90620
19331	91628
19332	15972
19332	4032
19332	22190
19332	48314
19332	30483
19333	4047
19333	57457
19334	26425
19335	12573
19335	9130
19336	6501
19337	1297
19337	3458
19337	7213
19337	44548
19337	70716
19337	1337
19338	44515
19339	35681
19339	11473
19340	6127
19340	68061
19340	48730
19340	14026
19340	45973
19340	29293
19340	89930
19341	16669
19342	85686
19342	11541
19343	5608
19343	85442
19343	85768
19343	13496
19344	5389
19345	11584
19345	48786
19346	95308
19347	87673
19348	39845
19348	67109
19348	45574
19348	97443
19348	29898
19348	10227
19348	16781
19348	101887
19349	25262
19349	65074
19349	319
19349	7108
19349	10629
19349	84263
19349	87905
19349	71799
19349	91085
19349	50868
19349	2081
19349	96638
19349	4948
19349	2682
19349	7351
19350	76598
19351	32516
19351	8636
19352	78315
19353	53596
19353	21317
19353	13878
19353	51738
19353	97631
19353	13366
19353	8267
19353	14962
19353	105358
19354	10449
19354	4935
19354	42089
19354	11997
19354	106344
19354	19902
19355	5859
19355	73764
19355	5301
19356	13323
19357	12256
19357	32781
19358	3664
19358	71846
19358	60264
19358	73688
19358	4367
19358	38943
19358	14778
19358	61593
19358	48625
19358	18635
19358	37746
19359	80195
19360	29545
19361	5424
19362	96850
19362	96851
19362	69221
19363	36838
19364	66524
19365	33837
19365	50885
19365	2115
19365	4543
19365	9190
19365	80211
19365	4604
19365	93778
19365	100406
19365	19827
19365	13091
19365	15908
19365	52546
19365	29696
19365	109721
19366	21471
19366	58554
19367	89565
19368	41100
19369	37787
19369	17492
19369	112243
19370	45045
19370	55098
19371	6242
19371	80631
19371	33781
19371	23341
19372	68731
19372	13577
19372	86316
19372	72417
19373	91871
19373	92262
19373	92263
19373	92947
19373	47141
19373	94526
19374	52940
19375	9675
19376	9242
19377	86219
19377	86025
19378	19153
19379	61992
19380	36889
19380	78971
19381	78663
19382	5693
19382	95102
19383	84738
19383	84739
19383	9342
19383	87733
19383	16786
19383	98794
19383	106248
19384	83462
19384	30375
19384	53024
19385	93744
19385	41670
19386	99042
19387	4642
19388	62114
19388	93381
19389	10459
19390	10258
19390	2690
19390	14042
19390	5921
19390	34298
19391	99038
19391	35079
19392	52033
19392	43512
19392	13799
19392	33715
19392	24701
19392	62475
19392	6671
19393	93864
19394	29097
19394	97230
19394	52380
19394	74210
19394	17107
19394	18222
19394	75281
19395	20699
19395	23530
19395	3203
19395	9892
19395	103489
19396	34862
19397	4671
19398	6782
19398	16555
19399	101416
19400	86547
19400	29977
19400	108938
19401	68076
19401	80897
19401	7560
19402	7927
19402	77563
19403	83696
19404	526
19405	3203
19405	68581
19405	54041
19405	13333
19405	4442
19405	25437
19405	10449
19405	3819
19405	55578
19405	14436
19405	306
19405	103349
19405	23953
19405	16783
19405	50891
19405	107888
19406	31726
19406	23660
19406	53529
19406	88111
19406	88135
19406	42415
19407	67877
19408	86977
19408	86978
19409	109575
19409	16815
19410	20448
19410	4792
19410	33685
19410	67899
19411	17552
19411	84774
19412	12859
19412	87023
19412	87053
19412	17739
19412	74072
19412	1061
19412	101203
19412	106558
19412	15745
19412	4331
19413	62333
19414	98046
19414	98074
19414	63490
19414	100369
19414	4007
19414	106983
19414	52798
19414	10182
19414	108917
19415	68044
19416	88170
19417	1633
19417	3820
19417	51637
19417	14786
19418	5109
19418	95634
19418	3483
19419	4367
19419	41286
19420	2040
19420	2277
19421	83354
19421	82295
19422	61710
19422	98310
19423	65555
19423	87384
19423	31771
19423	41769
19423	3646
19424	6415
19424	5424
19424	2366
19424	2587
19424	60574
19425	26650
19425	16484
19425	93714
19426	14941
19426	90836
19426	90837
19426	60704
19427	32429
19428	2168
19429	91325
19429	14207
19430	2428
19430	53576
19430	7392
19430	68546
19430	9634
19431	43490
19431	66320
19432	22884
19433	15409
19433	68546
19433	45771
19433	71960
19434	1537
19434	85432
19435	307
19435	99246
19435	56204
19436	16555
19437	95647
19437	44348
19438	59576
19439	88174
19440	72270
19440	46159
19440	49309
19441	7129
19441	5686
19441	63109
19441	99557
19442	94031
19442	12697
19442	4032
19443	98198
19444	28557
19445	11483
19445	10150
19445	4033
19445	103775
19445	74219
19445	84089
19445	19975
19446	27774
19447	10986
19448	92109
19449	576
19449	3233
19450	93123
19451	43433
19451	2655
19452	8576
19452	84405
19452	84475
19452	8469
19453	69979
19454	21829
19454	88912
19455	97800
19456	92556
19456	92557
19456	27689
19456	2354
19457	98649
19458	19153
19459	87031
19460	104860
19460	11605
19460	57065
19461	70306
19461	54550
19461	47411
19462	84281
19462	78372
19462	71789
19463	70585
19464	33995
19464	442
19464	83537
19464	10014
19465	3625
19465	772
19465	84390
19465	71863
19465	21965
19465	82912
19465	61747
19466	90839
19466	32213
19467	91952
19468	57442
19468	89979
19468	28111
19468	90383
19469	98746
19469	81597
19470	307
19471	80715
19471	26802
19471	29470
19472	85073
19473	110675
19474	7486
19474	86882
19474	37736
19474	23410
19474	86993
19474	4157
19474	418
19475	92222
19476	89655
19476	78987
19476	62951
19477	56204
19478	75468
19479	89028
19480	53351
19480	68546
19481	89990
19482	98857
19483	6363
19483	319
19483	8856
19483	1496
19483	7302
19483	38272
19484	97230
19484	100899
19484	19014
19484	13773
19484	39726
19485	1368
19486	51539
19487	11132
19487	92529
19487	17786
19487	100835
19487	64023
19487	100837
19488	54526
19489	87184
19490	93785
19490	82536
19490	52351
19490	21343
19490	98729
19491	14250
19491	3557
19492	69949
19492	41095
19492	95817
19493	62352
19494	91041
19494	91083
19494	6623
19495	91435
19495	91663
19495	75644
19495	87419
19495	6147
19496	97950
19497	15227
19498	6035
19498	5811
19499	14216
19499	1479
19499	42061
19499	34071
19499	5711
19500	10004
19500	319
19500	87082
19500	93908
19500	76272
19500	76867
19500	99296
19500	99312
19500	378
19500	87082
19500	6900
19501	95991
19501	97551
19502	92470
19502	63218
19502	92472
19503	89191
19504	25073
19504	6721
19504	412
19505	94527
19506	28314
19507	26360
19507	84729
19507	21823
19507	67510
19508	93386
19509	64903
19509	4104
19509	335
19509	71947
19509	8469
19509	8771
19510	63275
19511	277
19511	52583
19511	1908
19511	61242
19511	3055
19511	1737
19511	79126
19511	91901
19511	75884
19511	24823
19511	33211
19512	11429
19512	88663
19512	11596
19513	17720
19513	12587
19513	12165
19513	62006
19513	12334
19513	7274
19513	41227
19513	5667
19514	21167
19514	2949
19514	2696
19515	9400
19515	33715
19516	25669
19516	82947
19516	17499
19516	5545
19516	1337
19517	34727
19517	106
19518	14082
19518	78144
19519	92301
19519	8341
19520	22006
19520	782
19520	71120
19520	97786
19520	19622
19520	93573
19520	1700
19520	104537
19521	6561
19521	105117
19522	21676
19522	62601
19522	84519
19523	11477
19524	3517
19524	100692
19525	83102
19525	68515
19525	85624
19525	46290
19525	111173
19526	74597
19526	84095
19526	94874
19526	106333
19526	32126
19527	52797
19528	34607
19528	88253
19529	2224
19529	61469
19529	6496
19529	99136
19529	4157
19530	6760
19530	27475
19530	84630
19531	86785
19532	91873
19533	16138
19534	67477
19534	63525
19535	18706
19535	83676
19535	106414
19536	91066
19537	96343
19537	97935
19538	93219
19538	343
19539	49415
19539	10987
19540	59785
19541	22501
19541	105563
19542	11981
19543	83417
19543	32348
19544	6057
19545	1942
19545	105346
19546	7520
19546	110982
19547	45176
19548	31124
19549	230
19549	90784
19549	71830
19549	85641
19549	5424
19550	77571
19550	7778
19551	75913
19552	91486
19553	55534
19554	30890
19554	87438
19554	13094
19554	92229
19554	4970
19555	99522
19555	73980
19555	29015
19555	81242
19555	99709
19556	14807
19556	26906
19557	81681
19557	81234
19557	84594
19557	7947
19557	42591
19557	23859
19557	39635
19557	40748
19558	110356
19559	83076
19559	83900
19559	82910
19560	74220
19560	5961
19561	72898
19561	106004
19561	11216
19561	40784
19562	36635
19563	15391
19563	21043
19563	8244
19563	15790
19563	20145
19564	22251
19564	79603
19565	84949
19565	84950
19565	63821
19565	63824
19565	10204
19565	100542
19566	67685
19567	4071
19567	39502
19568	33410
19568	48896
19568	93656
19568	39255
19569	43441
19569	23526
19569	95369
19569	95370
19569	52973
19569	95429
19569	95430
19569	76944
19569	63858
19569	79304
19569	94939
19569	20460
19569	81317
19570	86861
19570	86907
19570	86908
19570	80769
19571	10957
19571	3399
19571	96192
19571	104218
19571	22190
19572	45100
19572	66443
19573	94551
19573	94552
19573	94578
19573	59614
19574	42085
19574	35802
19575	67848
19576	1388
19576	993
19577	83864
19578	55118
19578	63452
19578	96509
19579	4013
19579	35485
19579	106798
19580	33456
19581	91584
19582	6806
19582	25562
19582	19344
19583	91598
19583	95630
19583	61991
19584	99044
19584	99045
19585	8103
19585	335
19586	319
19587	7144
19587	17603
19588	15459
19588	28932
19588	16964
19588	83289
19588	41311
19588	5070
19588	10108
19589	2800
19589	46804
19589	53237
19590	87378
19590	7318
19590	63517
19590	15149
19591	3646
19591	31571
19591	80633
19592	103582
19592	103583
19593	19425
19593	64279
19594	26474
19595	50040
19595	27910
19595	61815
19595	49592
19596	10223
19596	8315
19597	24431
19597	21846
19598	46768
19598	100154
19599	9402
19599	12342
19599	1912
19600	83921
19601	104887
19602	87276
19602	87304
19602	39549
19603	89389
19603	37877
19604	29965
19605	85129
19605	85253
19605	83452
19606	88672
19606	88807
19606	8590
19606	81985
19606	101441
19607	87211
19607	87212
19607	41097
19607	1620
19607	68076
19607	14365
19607	73830
19607	90786
19607	61242
19607	95749
19607	98838
19607	10560
19607	67546
19607	11116
19607	33786
19607	41049
19607	17499
19607	29604
19608	92320
19608	5333
19608	25971
19609	45060
19609	15316
19609	3839
19609	99407
19610	61157
19611	11306
19611	17644
19611	22591
19611	7058
19611	48207
19611	83317
19611	99649
19612	7260
19613	18454
19613	15482
19614	99906
19615	51409
19615	49256
19615	71455
19615	28892
19615	11997
19616	100731
19616	18613
19616	100971
19616	1168
19616	105682
19616	105683
19616	92610
19616	99701
19616	105794
19616	111227
19616	111251
19617	87901
19618	9568
19619	86729
19619	86863
19620	15143
19621	72013
19621	10025
19621	89637
19621	100724
19621	63037
19622	11049
19622	100361
19622	14596
19622	1337
19622	71190
19622	23972
19622	20636
19622	16798
19622	11403
19622	100754
19622	4331
19622	10253
19622	18703
19623	64394
19623	32532
19623	20166
19623	80631
19623	93785
19623	48612
19623	1464
19623	109157
19623	104796
19624	71403
19624	71403
19625	34786
19625	2653
19625	3220
19625	80631
19625	85123
19625	8480
19625	21965
19626	88838
19626	52435
19627	61031
19628	33219
19629	49142
19629	67877
19630	88701
19630	88702
19630	9228
19630	75455
19630	15319
19630	100882
19630	100969
19630	20725
19631	32305
19631	24322
19632	94265
19633	10449
19633	9948
19633	3278
19634	14260
19634	106955
19635	53625
19635	34949
19635	79112
19635	46357
19636	7363
19636	84701
19636	29318
19636	64514
19636	100747
19636	100748
19636	100749
19636	10670
19636	14359
19636	100799
19636	100829
19637	97148
19638	57919
19639	88414
19639	88415
19640	48737
19640	37726
19641	75111
19642	90636
19642	11591
19642	103342
19642	36798
19643	85444
19643	19676
19643	100370
19644	59471
19644	44368
19644	70964
19644	39373
19644	56735
19645	12990
19645	56817
19646	85879
19646	6589
19647	65074
19647	10304
19647	97041
19647	28763
19647	28461
19647	67877
19647	34187
19647	55309
19647	34654
19647	104687
19648	87070
19648	49330
19648	44161
19648	4780
19648	7002
19648	23973
19648	81476
19649	61242
19649	88838
19650	98880
19650	73587
19650	92106
19651	15533
19652	76601
19652	36594
19652	87949
19653	13644
19653	24094
19654	109655
19654	111566
19655	2276
19655	108202
19656	85036
19657	47488
19658	43433
19659	84263
19659	82965
19659	89489
19660	10654
19660	57029
19660	89398
19660	41669
19660	100723
19660	69608
19661	2408
19662	31054
19662	6043
19662	55492
19662	94773
19662	94774
19662	21997
19662	91180
19662	72965
19662	83242
19662	100050
19662	100425
19662	97523
19662	106735
19662	60915
19662	1880
19663	36705
19663	76831
19663	780
19663	10121
19664	14796
19665	75507
19665	63091
19665	45748
19665	9964
19665	55040
19665	32509
19665	92052
19665	48916
19665	86378
19665	101810
19666	79939
19666	29354
19667	16555
19667	5608
19667	94788
19667	21982
19667	94939
19668	87952
19668	378
19668	83136
19668	17176
19668	58541
19669	4692
19669	11400
19670	10072
19671	6589
19672	81848
19672	29676
19673	109775
19673	46150
19673	55311
19674	1287
19675	319
19675	60347
19675	67427
19676	93141
19676	60212
19676	57713
19676	95341
19676	36506
19676	93129
19677	409
19677	98875
19677	98876
19678	24633
19678	26561
19678	1604
19678	35466
19678	86576
19678	101201
19678	103624
19678	29522
19678	29304
19678	25557
19678	52743
19678	38903
19678	54687
19678	57585
19679	86535
19679	86536
19679	86714
19679	29117
19679	105708
19679	1666
19679	38147
19679	21391
19679	28614
19679	71355
19680	42785
19681	12209
19681	87036
19681	88977
19682	65461
19682	92141
19682	93425
19682	12748
19682	93695
19682	34541
19683	1981
19683	20160
19684	9395
19684	15967
19684	100539
19684	67802
19684	80559
19684	12805
19684	3618
19684	65081
19684	5499
19685	88798
19685	88799
19685	88800
19685	29856
19685	10166
19685	89316
19685	89363
19685	89436
19685	28158
19685	89796
19685	89797
19685	110203
19685	108398
19685	110471
19685	111787
19685	111788
19686	100230
19686	85519
19686	110962
19687	80904
19687	5634
19687	22745
19687	26382
19687	66158
19687	108526
19688	5029
19688	90139
19688	14393
19688	45363
19688	97468
19688	35485
19688	49592
19688	100599
19689	40338
19689	60274
19689	388
19689	108655
19690	12722
19690	10020
19691	1211
19692	87011
19692	4445
19692	35369
19692	87413
19692	46868
19692	1706
19692	21965
19692	34727
19693	50588
19694	70072
19694	98206
19695	4878
19695	88330
19696	28266
19696	4972
19697	8912
19697	28537
19697	56517
19697	10420
19697	71825
19698	15743
19699	4975
19699	67095
19699	14207
19699	13431
19699	30766
19699	96885
19699	918
19699	10294
19700	67109
19700	35436
19701	84874
19702	11079
19702	25676
19702	103666
19702	439
19702	4857
19702	95381
19702	7295
19702	67220
19702	106147
19702	20019
19702	62346
19703	84777
19703	1084
19703	993
19703	52043
19704	9350
19705	30262
19705	89012
19706	111094
19706	111095
19706	104150
19706	80623
19707	17669
19707	4136
19708	89057
19708	51922
19709	86426
19710	43038
19710	100588
19711	7576
19711	307
19712	7333
19712	13036
19712	22065
19713	4343
19713	104788
19713	71974
19713	104789
19713	104790
19713	104791
19713	104792
19713	47392
19713	65432
19714	100590
19714	85110
19714	100679
19714	20166
19714	20919
19714	89418
19714	576
19714	37
19714	31788
19714	62410
19714	25507
19714	434
19714	14436
19714	111036
19715	9448
19716	58379
19716	101844
19717	102006
19717	3293
19718	58753
19718	14207
19718	91299
19718	36823
19718	2808
19718	453
19719	89954
19720	56022
19720	23136
19721	98059
19722	26364
19723	101584
19724	31112
19725	98474
19726	22172
19727	87084
19728	280
19728	95863
19728	52199
19728	32709
19729	5247
19730	92570
19730	67517
19731	90524
19731	27288
19732	31073
19733	79295
19733	51060
19733	83289
19733	78954
19733	67472
19733	36661
19733	96477
19733	79811
19734	42665
19734	78135
19734	86558
19734	93887
19734	65074
19734	18677
19735	30
19736	61242
19737	28225
19737	52971
19737	89728
19737	39684
19737	45242
19737	10344
19737	16246
19737	100582
19737	77513
19737	35428
19738	8160
19738	21493
19738	1225
19739	88714
19739	12739
19739	26377
19739	87070
19739	32543
19739	21913
19739	33140
19739	51449
19739	28932
19739	99675
19739	5460
19739	29927
19740	4931
19740	44577
19741	90000
19742	91023
19742	91051
19743	11496
19743	47750
19743	45239
19743	19535
19743	48566
19743	89839
19744	28228
19745	736
19745	68336
19746	8046
19746	6019
19746	2279
19747	10894
19747	31568
19747	99132
19747	69053
19747	101430
19747	101431
19747	12307
19748	5503
19749	90133
19749	12232
19749	90168
19749	90186
19749	69677
19749	89651
19749	100923
19749	100966
19749	22736
19749	83143
19749	30372
19750	55985
19750	27829
19751	3805
19751	62847
19751	110992
19752	12811
19752	33077
19752	40075
19753	90196
19753	2808
19753	9871
19753	12520
19753	47237
19753	41974
19754	93970
19754	106615
19754	107007
19755	55118
19755	56011
19755	25085
19756	100820
19756	42459
19756	103505
19756	83633
19757	8287
19757	91228
19758	74290
19759	230
19759	29097
19760	86738
19761	1495
19762	1799
19763	84939
19763	19347
19763	66524
19763	84973
19763	66546
19763	91321
19763	33721
19763	29487
19763	91357
19763	91366
19763	54677
19763	94681
19764	32776
19764	25596
19764	90132
19764	35700
19764	90145
19764	90146
19764	1464
19764	101928
19765	2279
19765	335
19765	1103
19766	76317
19766	4826
19766	712
19766	4878
19767	96296
19768	84953
19769	48625
19770	89507
19770	85636
19770	13323
19770	44919
19771	45409
19771	83272
19771	9443
19771	14005
19771	18563
19771	46834
19772	102045
19772	1429
19772	104227
19773	106307
19773	106308
19773	1248
19773	44287
19774	5424
19774	366
19774	47
19775	21610
19775	91598
19775	12505
19776	7662
19777	36292
19778	72879
19778	4318
19778	49941
19778	91900
19778	10472
19778	9765
19778	1539
19779	92586
19780	90353
19780	15541
19780	13957
19781	63602
19781	45896
19781	1878
19781	92931
19781	6697
19782	4683
19782	94106
19783	4803
19784	85572
19784	18015
19784	85595
19784	73962
19784	14956
19784	89501
19784	13938
19784	24068
19785	74235
19785	42299
19786	278
19786	28461
19786	9029
19786	102037
19786	56867
19787	20915
19787	7011
19788	89860
19789	76487
19789	95942
19790	1397
19790	88788
19790	926
19790	11222
19790	45762
19790	6383
19790	107405
19790	85873
19790	79822
19790	36705
19790	72484
19791	49684
19791	25077
19791	31226
19792	32862
19793	6236
19794	85447
19795	89243
19795	92257
19796	91299
19797	67095
19797	22468
19798	62956
19798	83143
19798	87945
19798	87946
19799	5615
19799	92374
19800	83346
19800	83744
19800	92755
19800	60252
19800	95196
19800	95287
19800	98944
19801	30711
19801	21624
19802	2854
19802	1306
19802	1225
19802	6979
19802	33054
19802	16323
19802	8938
19802	14026
19802	7130
19803	90480
19803	63710
19804	82311
19805	69155
19806	3839
19806	92302
19807	30503
19808	86587
19808	87145
19809	48314
19809	88393
19809	6108
19809	54514
19809	111540
19809	111575
19810	83813
19810	23768
19810	49762
19810	2281
19811	88151
19811	55683
19811	54529
19811	105680
19811	2429
19811	6995
19811	33125
19811	76466
19811	14264
19812	26674
19812	4873
19812	85641
19813	19065
19813	84772
19813	7962
19813	45574
19814	52435
19814	89573
19814	93836
19815	82479
19815	15298
19816	63659
19816	8837
19817	45771
19818	85559
19818	94182
19818	34083
19818	41285
19819	90642
19820	20327
19820	52798
19820	42601
19820	576
19820	711
19820	67877
19820	71120
19820	4063
19820	23640
19820	6441
19820	10560
19820	106539
19820	107228
19820	107229
19821	93983
19821	102518
19822	83531
19823	35013
19824	91011
19825	74535
19826	4663
19826	34951
19826	73546
19827	8394
19828	92294
19828	92295
19828	1333
19828	61210
19829	1306
19829	84896
19829	14026
19830	10084
19830	12192
19831	97210
19831	30858
19831	104156
19832	39355
19833	1798
19833	107712
19833	62921
19834	64403
19835	87040
19836	22605
19836	13857
19837	22011
19837	85723
19837	10085
19838	80237
19838	43512
19838	47938
19838	83259
19839	83433
19839	55780
19839	75770
19839	36550
19840	98440
19840	70797
19841	5371
19841	103917
19841	103956
19842	88026
19843	13643
19843	60681
19843	94311
19844	16221
19844	41701
19845	86862
19845	53373
19845	19582
19846	9164
19846	51008
19846	24432
19847	73746
19848	84825
19848	31449
19848	24669
19848	97388
19848	67111
19849	12688
19849	7905
19850	7829
19850	5413
19850	14449
19850	34196
19850	15747
19850	70547
19850	2129
19851	100476
19852	96578
19853	9478
19854	84279
19855	15556
19856	41318
19856	9448
19856	4044
19856	8757
19856	38172
19856	3362
19856	61242
19857	278
19857	36508
19857	10422
19858	96658
19859	34654
19860	78760
19861	83042
19862	23192
19863	13323
19864	9906
19864	6796
19864	7011
19865	14402
19865	48612
19866	90774
19866	51302
19866	104431
19867	29236
19867	1214
19868	81201
19868	103195
19868	52921
19868	35905
19869	83348
19870	98722
19870	7520
19870	49976
19870	98859
19870	59549
19870	98862
19870	98886
19870	98887
19871	12243
19871	41588
19871	92954
19871	93046
19871	78449
19871	19845
19871	96210
19871	96654
19871	84662
19871	30059
19871	95145
19871	86771
19871	96758
19871	4304
19871	97406
19871	97440
19872	96787
19873	83338
19874	20488
19875	23338
19876	28564
19876	1905
19876	46282
19877	15373
19878	63888
19878	14619
19878	101316
19878	28881
19879	90089
19879	993
19879	88309
19879	17048
19880	44161
19880	9058
19880	9852
19881	7369
19881	98783
19881	85066
19881	54768
19882	5803
19883	67461
19884	10064
19885	35836
19886	104280
19886	84717
19886	91544
19887	87315
19888	1656
19888	84213
19889	97044
19889	67567
19890	64915
19891	86246
19891	382
19891	612
19891	6827
19891	1776
19891	71830
19891	6167
19892	28833
19893	42880
19893	93334
19893	9855
19893	108862
19893	109246
19894	84644
19894	84645
19894	83742
19894	84690
19895	70666
19896	91103
19896	91159
19896	91160
19896	1620
19897	25676
19898	75706
19898	93166
19898	68717
19898	7999
19899	10334
19899	46293
19899	32956
19899	43140
19900	105173
19901	20166
19901	109187
19901	109203
19901	37004
19901	24407
19902	2320
19903	30644
19904	11107
19905	13555
19905	18717
19905	1202
19906	9524
19906	74831
19906	9170
19906	68531
19906	93340
19906	15319
19906	37047
19906	37283
19906	123
19906	2277
19906	18034
19907	1326
19908	14219
19909	1067
19909	10105
19910	9793
19910	86303
19911	83557
19911	17238
19911	23596
19911	14932
19912	734
19912	89992
19912	26497
19913	86766
19913	50252
19913	20347
19913	89716
19913	103473
19913	129
19913	106264
19914	6761
19914	92977
19915	7144
19916	1312
19917	47965
19918	91259
19919	93428
19919	93429
19920	70661
19921	82519
19921	67937
19922	107445
19922	107485
19923	23307
19923	49935
19923	10356
19923	75437
19923	24801
19923	74096
19923	68404
19924	83381
19924	83881
19924	71442
19924	76177
19924	88444
19924	88512
19924	96038
19924	79782
19924	79781
19924	96080
19924	96081
19924	72435
19924	104178
19924	65864
19924	72036
19924	75978
19925	70396
19925	307
19925	93131
19925	27032
19926	23935
19927	86983
19928	81446
19929	94295
19930	30469
19930	97520
19931	4913
19931	22060
19931	86848
19932	4665
19932	92187
19933	15319
19933	70407
19933	94972
19933	2040
19934	4444
19934	52435
19935	65931
19935	10894
19936	277
19936	85862
19936	26368
19936	10370
19936	808
19937	74393
19938	13007
19938	98369
19938	53063
19939	30918
19940	89674
19941	95365
19941	103845
19941	43046
19942	98178
19943	1512
19943	5023
19944	5424
19945	93465
19946	9130
19946	231
19947	104111
19948	96615
19949	16268
19949	30798
19949	99123
19949	8486
19950	38986
19950	89911
19951	83340
19951	83341
19951	83566
19952	89049
19953	88796
19953	39433
19953	37963
19953	23861
19953	5074
19953	1328
19954	14942
19955	71288
19956	16891
19956	54690
19956	25259
19956	26341
19956	97533
19956	65173
19956	99334
19956	95981
19957	73304
19957	1141
19957	87070
19957	3573
19957	8231
19957	7031
19957	72193
19957	83539
19958	52021
19958	102983
19959	60537
19959	81289
19959	100526
19959	40078
19959	17414
19960	73371
19960	40751
19960	43082
19961	4223
19961	1384
19961	5145
19961	82265
19961	94440
19961	82326
19961	95502
19961	95559
19962	84847
19962	92398
19962	104738
19962	27955
19962	29488
19963	2052
19963	84630
19963	56843
19964	11616
19964	2052
19964	35314
19965	92255
19966	8244
19966	27673
19966	53829
19966	83987
19966	76061
19966	54885
19966	20166
19966	4040
19966	84630
19966	55042
19966	106362
19966	6944
19966	434
19966	60259
19966	34602
19966	42572
19966	110894
19966	62405
19967	45825
19968	91602
19969	41953
19970	93675
19971	78575
19972	25676
19973	32428
19973	99897
19974	16698
19974	92306
19974	93614
19974	40365
19974	54339
19974	81198
19974	20907
19974	16698
19974	7673
19974	100928
19975	55712
19975	56483
19975	26400
19976	52940
19976	92093
19976	12141
19977	92449
19977	76182
19977	15348
19978	97445
19978	104456
19978	104472
19978	105406
19979	3446
19980	72863
19981	67903
19981	52063
19982	21409
19982	4014
19982	72082
19982	894
19982	10235
19982	97438
19982	3086
19982	97122
19982	106841
19983	25489
19984	35538
19984	100421
19985	61242
19986	7144
19987	101625
19988	105351
19988	5640
19988	107107
19989	105164
19989	3822
19989	110350
19990	87350
19990	29688
19991	93160
19991	93161
19992	86264
19992	30602
19993	19104
19993	93202
19993	11137
19993	13323
19994	25717
19995	43649
19996	3950
19997	67559
19998	36245
19998	88581
19999	94416
19999	97349
19999	36062
19999	29467
19999	31155
19999	7402
20000	92897
20000	15122
20001	58068
20002	66648
20002	55671
20002	434
20003	84031
20004	307
20004	45239
20004	711
20004	9948
20004	1920
20004	76300
20005	58581
20005	35923
20006	14108
20006	94074
20006	94208
20007	26147
20008	86122
20008	88119
20008	53555
20008	101173
20008	61920
20009	69301
20010	95785
20011	22788
20011	90252
20011	89787
20011	90289
20011	12679
20012	76756
20012	96954
20012	96980
20012	96999
20013	5295
20013	23384
20014	40403
20014	39865
20015	39118
20015	51022
20015	5615
20016	91361
20017	33310
20017	43178
20018	12581
20018	38508
20019	98586
20020	45239
20020	11
20021	89481
20022	4761
20022	72011
20023	58753
20023	72423
20023	319
20023	61242
20023	14858
20024	37047
20024	35076
20024	2504
20024	2862
20024	101054
20024	105211
20024	13626
20025	71960
20026	81260
20026	2277
20026	6697
20026	912
20026	36291
20026	3822
20026	743
20026	33144
20026	44363
20026	30341
20026	96405
20026	96479
20026	96480
20026	96481
20027	4158
20028	54565
20029	12844
20030	10062
20031	69764
20032	91827
20033	83783
20033	56323
20033	75773
20034	10235
20035	92613
20035	68178
20035	92069
20035	23727
20035	32978
20036	83500
20036	82612
20036	83918
20036	85699
20036	86668
20037	88105
20038	86620
20039	15501
20040	85755
20041	103695
20042	65732
20042	6501
20043	57976
20043	2192
20043	98450
20043	89489
20043	85066
20043	62438
20043	65685
20043	5424
20043	8927
20044	15196
20044	104749
20044	104752
20044	104837
20044	105727
20045	94712
20045	108925
20046	63753
20046	90373
20046	4379
20046	92044
20046	82512
20047	13385
20047	506
20048	12619
20049	29470
20050	18446
20050	14777
20051	31942
20051	23405
20051	1475
20051	10140
20051	35795
20051	9564
20051	61755
20051	14319
20052	4615
20052	92760
20052	30523
20053	13333
20054	70051
20054	18575
20055	101755
20056	5843
20056	26028
20057	108
20058	79193
20058	106764
20059	81025
20059	9058
20059	94562
20059	60589
20060	73103
20060	88955
20061	30822
20062	27194
20062	99940
20062	32044
20063	89650
20063	8268
20064	89025
20064	544
20065	32396
20065	29860
20066	84345
20067	19173
20068	87143
20068	87144
20068	89904
20068	5286
20068	24626
20069	28638
20069	2928
20069	94435
20070	49328
20071	45021
20071	69589
20071	23130
20072	3162
20072	3519
20072	103447
20072	5901
20072	23973
20073	61614
20074	48660
20074	70447
20074	97036
20074	97151
20074	70472
20074	108830
20075	84521
20076	72277
20076	89603
20077	84361
20077	34740
20077	76168
20077	70491
20077	85498
20077	1661
20077	105882
20077	106533
20077	18518
20078	59859
20079	76940
20079	67671
20080	74485
20081	107795
20082	92858
20083	4936
20083	43602
20084	41716
20084	84489
20084	37053
20084	38230
20085	66502
20085	91099
20085	89959
20086	38762
20086	3813
20086	70337
20086	99076
20086	46254
20086	10722
20087	98597
20088	1544
20089	335
20089	6399
20089	8160
20089	36047
20089	335
20089	96307
20089	80151
20089	90510
20090	10108
20090	1306
20091	107789
20091	107797
20091	107816
20092	78760
20093	41819
20094	41588
20094	93519
20094	5366
20095	4442
20096	85633
20096	29051
20097	88602
20097	64191
20097	57812
20097	37930
20097	42790
20097	94947
20097	45868
20097	69625
20097	20446
20097	95011
20097	2277
20097	30989
20097	2245
20097	100446
20097	10737
20097	17002
20097	37930
20098	84171
20099	79106
20099	52456
20099	32667
20099	35808
20099	79253
20099	70766
20099	108416
20100	16798
20101	19619
20101	95704
20101	29454
20102	61057
20102	85664
20103	44871
20103	93009
20103	72703
20103	93010
20104	82851
20104	40260
20105	17540
20105	89896
20105	89901
20106	86338
20106	90458
20107	31115
20107	18822
20107	91750
20108	28815
20108	1563
20108	7778
20109	17499
20110	2138
20110	90632
20110	2597
20110	40990
20111	49915
20112	8744
20112	66607
20113	72277
20113	69498
20113	71799
20113	34235
20113	88027
20114	56341
20114	84572
20114	71768
20114	91297
20114	94128
20114	95428
20114	42869
20115	16398
20115	53887
20116	5945
20117	101339
20117	40622
20118	20642
20119	42118
20119	94919
20120	56996
20120	72384
20120	50129
20120	9403
20120	1977
20120	86597
20120	86598
20120	67365
20121	344
20121	273
20122	7430
20122	89297
20122	34608
20122	49309
20122	47826
20122	111050
20122	434
20122	29635
20122	63864
20123	12919
20123	16080
20123	23365
20123	5598
20124	717
20125	29620
20126	86074
20126	21582
20126	86100
20126	2323
20126	86539
20126	3110
20126	61232
20126	44540
20127	87906
20128	99741
20128	95585
20128	9040
20128	99884
20128	99885
20128	99886
20128	47044
20128	89443
20128	102985
20128	103009
20128	103010
20129	62181
20129	81834
20129	83129
20129	53858
20130	4710
20131	83483
20132	62151
20133	3853
20134	38732
20134	30894
20135	29497
20135	41305
20135	99875
20136	30029
20136	10541
20136	64665
20136	93027
20136	17305
20136	28126
20136	2808
20136	103541
20137	55045
20138	5424
20139	15452
20139	94300
20139	94301
20139	94302
20139	5074
20139	94602
20139	20081
20139	18017
20139	1149
20139	106992
20139	2900
20140	15241
20140	86081
20140	63344
20140	107847
20141	20609
20141	85673
20142	79603
20142	3220
20142	83739
20142	9650
20142	97957
20142	6781
20142	14296
20142	9163
20142	9414
20142	39115
20143	95494
20144	88602
20145	64612
20146	82067
20146	77630
20146	94248
20147	49037
20148	37602
20148	30593
20148	87515
20148	49113
20148	88441
20148	92707
20148	24823
20148	45771
20148	72277
20149	30284
20149	86072
20149	16979
20150	70009
20150	7594
20150	16075
20151	9003
20151	15298
20151	2277
20152	87768
20152	6177
20152	112212
20153	83001
20153	71704
20153	6810
20154	24993
20154	80170
20155	65470
20156	93117
20156	93251
20156	111064
20157	85211
20157	47290
20157	43950
20157	92007
20157	92339
20157	73443
20157	96330
20157	102959
20157	4082
20158	4318
20158	86131
20158	86132
20158	7295
20158	86153
20159	42754
20159	97571
20159	47591
20160	94623
20161	307
20161	4248
20162	15316
20162	4958
20163	4906
20163	7055
20164	6224
20164	44263
20165	44540
20166	28892
20167	10432
20167	26165
20167	1198
20168	16345
20168	50225
20168	15912
20168	105966
20168	88205
20169	36214
20169	104040
20169	104041
20169	35274
20170	108527
20171	39935
20172	23005
20172	10182
20172	84555
20173	77601
20173	90100
20173	92780
20174	83176
20174	83177
20174	44224
20174	84105
20174	108087
20175	26264
20175	13540
20175	96357
20175	89443
20175	7951
20176	3368
20176	15512
20176	42728
20176	18187
20176	71413
20176	79904
20176	17849
20176	105391
20176	2723
20176	87254
20176	105431
20176	98859
20176	105432
20176	51196
20176	8738
20176	49913
20177	16811
20177	31811
20177	54857
20178	96825
20178	96826
20179	61571
20179	85570
20179	87532
20180	88070
20180	1035
20180	17086
20180	88106
20180	88107
20181	6496
20182	98223
20183	1832
20184	86899
20184	74257
20184	70956
20185	11027
20185	85145
20185	78175
20186	85902
20186	33580
20186	85924
20186	85952
20186	85953
20187	83389
20187	86686
20187	90410
20187	90411
20187	97560
20188	93606
20188	307
20188	2471
20189	12408
20190	85054
20191	89265
20192	60587
20192	85549
20193	26269
20194	98970
20195	72011
20195	9568
20196	43339
20197	88103
20198	4043
20199	85940
20200	576
20200	87168
20201	6588
20201	62884
20201	96921
20201	72313
20201	27199
20201	48700
20201	105809
20201	105810
20201	27199
20202	81776
20203	57025
20203	69415
20203	94597
20204	20251
20204	94399
20204	101208
20205	1563
20206	13420
20206	38825
20206	83552
20207	7860
20208	89628
20209	103204
20209	107538
20209	72433
20210	55773
20211	16677
20212	25486
20212	911
20212	34233
20212	5214
20212	4610
20212	46074
20212	104202
20213	3575
20213	66311
20213	20902
20213	6697
20213	27962
20213	2245
20214	75035
20214	89835
20214	15665
20214	82840
20214	99664
20214	99720
20214	27862
20214	93729
20214	78101
20214	99836
20214	41751
20214	102705
20214	2258
20215	83474
20215	103564
20215	8318
20216	103176
20216	103177
20216	103235
20216	103778
20216	103779
20216	103848
20217	83156
20217	91962
20217	31160
20217	100537
20217	101276
20217	103495
20217	103499
20217	66691
20217	103638
20217	105048
20217	105049
20217	105076
20217	105077
20217	59771
20217	106763
20218	74166
20219	105059
20219	96296
20220	23954
20220	87453
20221	13201
20222	90010
20222	94630
20223	93637
20223	89538
20223	25564
20223	86746
20223	98678
20223	69648
20223	7265
20223	69903
20224	89572
20224	71083
20224	28668
20224	10560
20224	63300
20225	4050
20225	83766
20225	66234
20225	11268
20225	267
20225	36025
20225	93657
20225	75391
20225	68130
20225	72870
20225	34700
20225	94028
20225	11465
20225	95391
20225	58187
20225	6726
20225	41716
20225	100696
20226	83692
20226	34250
20227	84433
20227	85285
20227	87411
20227	87427
20227	97121
20227	80938
20227	100169
20228	4370
20229	88534
20230	14800
20231	89374
20232	28334
20232	588
20233	15938
20234	6948
20234	56204
20235	91564
20235	11997
20235	3739
20236	87769
20237	57417
20237	84469
20237	25562
20237	453
20237	918
20237	3842
20237	1981
20237	87290
20237	42665
20237	27812
20237	6769
20237	52435
20237	45771
20237	39907
20237	50610
20237	70868
20237	784
20237	98450
20237	10182
20237	66158
20237	28307
20237	97041
20237	2081
20237	84469
20237	105958
20238	40256
20238	29807
20238	41550
20238	14402
20239	103503
20239	44441
20240	50359
20240	10934
20241	21888
20241	11079
20242	7999
20243	69301
20244	4571
20244	35440
20245	85435
20245	43767
20246	85659
20247	44341
20247	63012
20248	85082
20249	6200
20250	91370
20251	83814
20251	83815
20252	73709
20252	59134
20252	107947
20253	12001
20254	4321
20255	97839
20255	1141
20255	107931
20256	5074
20256	75274
20256	22753
20256	84693
20256	84694
20256	50383
20256	16798
20256	1161
20257	95067
20257	43300
20258	46572
20259	53802
20260	74151
20260	31259
20260	90739
20260	13354
20260	99553
20260	18635
20261	4970
20262	38683
20263	88425
20263	99513
20263	103574
20263	105044
20263	40279
20263	72498
20263	52148
20263	106387
20264	60238
20264	81681
20265	43767
20266	61713
20267	37440
20268	25833
20268	4561
20269	89000
20270	73806
20271	44228
20272	71830
20272	9210
20272	6706
20273	44779
20274	87179
20274	34893
20274	88774
20275	1471
20275	91049
20275	76509
20276	92963
20276	95109
20276	95110
20276	100955
20276	101164
20277	105965
20277	53618
20277	83620
20278	72770
20279	3917
20280	34727
20281	94606
20281	48532
20282	58810
20283	1751
20283	81391
20283	97338
20284	92402
20284	69415
20284	82266
20284	44481
20284	5430
20284	10432
20284	99563
20284	43556
20285	91199
20285	91344
20286	68663
20287	83359
20287	6259
20287	9209
20287	83354
20287	16657
20287	47666
20288	96422
20288	99256
20288	99257
20288	99258
20288	102534
20289	85905
20289	43933
20290	67877
20291	6462
20291	9130
20291	1105
20291	82168
20291	93014
20291	34729
20291	13733
20291	27179
20291	48551
20291	79182
20291	41363
20291	63107
20291	41060
20291	101437
20292	30
20292	77908
20292	4318
20293	40349
20294	30988
20294	89170
20294	21879
20295	38418
20295	50470
20295	84312
20296	54652
20297	14150
20297	62561
20297	85709
20298	78339
20299	90973
20299	4719
20300	86317
20301	407
20302	17470
20302	63507
20302	86550
20302	2795
20302	52304
20303	47152
20303	76215
20304	14543
20304	4878
20304	106827
20304	87070
20304	17897
20304	13577
20304	30542
20304	47937
20305	4710
20305	6166
20305	35270
20305	18432
20305	25543
20306	86088
20306	15345
20306	86819
20306	36422
20306	102516
20307	42876
20307	14013
20307	84700
20307	100095
20307	100096
20307	75333
20308	14619
20309	59261
20309	97789
20309	103467
20310	297
20310	10710
20310	20131
20311	90717
20311	31665
20311	84564
20312	50521
20312	86564
20312	86565
20312	50480
20312	86623
20312	4863
20312	86624
20312	9593
20313	84841
20313	50805
20313	8356
20314	49934
20314	109283
20315	85831
20315	85832
20315	97724
20315	97725
20316	103658
20316	80990
20317	83497
20317	98705
20317	98706
20318	72277
20318	46215
20319	1328
20319	59069
20319	94576
20319	30
20319	13832
20320	67220
20320	62924
20320	24351
20320	40067
20320	89963
20320	90757
20320	22041
20320	35310
20320	7288
20320	17198
20320	38668
20320	64636
20320	103746
20321	85298
20322	97233
20322	97234
20323	79843
20323	102137
20323	18740
20324	35424
20324	65656
20325	38230
20326	28498
20326	26165
20327	86529
20328	93315
20328	83543
20329	52675
20330	89518
20330	14141
20330	19814
20330	3675
20330	40153
20330	17890
20330	58513
20330	93757
20330	93776
20330	31186
20331	18598
20331	20896
20331	51173
20332	104928
20333	36810
20333	79112
20333	20393
20333	37327
20334	76590
20334	84045
20335	56474
20336	107100
20337	40832
20337	4984
20337	14503
20337	19537
20337	95741
20338	10221
20338	52546
20338	75939
20338	29125
20338	29746
20338	17904
20338	55969
20338	61181
20338	1225
20339	84876
20340	75154
20341	83287
20341	36586
20341	111241
20341	111242
20342	56011
20342	67877
20343	25500
20343	7436
20343	10050
20343	74636
20343	33581
20344	88548
20344	88549
20344	24065
20344	96252
20344	82085
20344	35887
20344	9913
20344	22381
20344	40373
20344	32124
20345	85956
20346	84469
20347	31177
20347	23559
20348	31416
20348	91266
20349	26664
20350	83103
20350	31585
20350	32502
20350	57668
20350	95855
20350	95856
20350	22271
20350	17814
20350	95857
20350	798
20350	95858
20350	71996
20350	95917
20350	87837
20350	95995
20350	41816
20350	108831
20350	109181
20350	29306
20350	37341
20351	87417
20351	20636
20351	50921
20352	74384
20353	9177
20353	83180
20353	86116
20354	85239
20354	6950
20354	85239
20354	89527
20354	95178
20354	31973
20354	1297
20355	93778
20355	9211
20355	33990
20355	40259
20356	54763
20356	3782
20356	10975
20356	4249
20356	57308
20356	54771
20357	52633
20357	87607
20357	76860
20357	8385
20357	13420
20357	80962
20357	54040
20357	82090
20357	9326
20357	9448
20357	104005
20357	37780
20358	88118
20359	33874
20360	72411
20360	96631
20360	99292
20361	8154
20361	35150
20361	98152
20361	98455
20362	100477
20362	9354
20363	20374
20363	16657
20363	2277
20363	3110
20364	37057
20364	1106
20364	16209
20364	5828
20364	13458
20364	107686
20365	68237
20366	61242
20366	77397
20366	75843
20367	541
20368	48332
20368	97444
20368	97472
20368	97502
20368	16874
20368	106530
20368	9058
20368	102888
20368	81559
20368	111423
20368	111439
20369	306
20369	3667
20369	21502
20370	40434
20371	1154
20371	15152
20371	20196
20371	61242
20372	66082
20373	89834
20373	39665
20374	3140
20374	365
20374	86000
20374	35426
20375	75847
20376	17152
20376	1016
20377	69038
20377	106390
20378	28492
20378	78045
20379	97726
20380	59896
20381	103741
20382	30
20382	88742
20382	61388
20382	83596
20382	108058
20382	108059
20382	6430
20382	34063
20382	108162
20382	108229
20382	108230
20382	108410
20382	98069
20383	99248
20383	69155
20383	71910
20383	8548
20384	84640
20385	7701
20385	277
20385	5811
20385	54076
20385	77689
20386	2073
20386	72108
20386	110248
20386	48005
20387	95443
20387	6242
20388	4543
20388	13405
20389	88455
20389	35309
20389	90915
20389	5286
20389	86247
20390	88160
20390	29933
20391	86244
20392	66443
20392	26002
20392	13248
20392	2587
20392	1306
20392	22782
20393	4104
20393	2224
20393	96364
20393	96365
20394	90803
20395	3254
20395	11007
20395	38693
20395	19515
20395	1604
20395	25966
20395	45901
20395	16037
20396	41720
20396	11731
20396	58698
20397	103210
20398	4032
20398	2168
20399	23494
20400	15796
20401	87515
20402	9458
20402	77887
20403	89206
20404	19347
20405	24664
20405	82059
20405	4854
20406	106432
20407	68219
20407	43038
20407	99759
20407	101254
20408	19153
20408	12557
20408	35314
20409	76743
20409	86626
20410	71942
20411	3135
20411	1961
20412	73853
20412	47064
20413	83669
20413	83707
20413	45783
20413	2814
20413	83755
20413	32038
20413	83786
20413	11278
20413	83786
20413	89777
20413	683
20414	82563
20414	84630
20414	24518
20414	67727
20414	104874
20414	1796
20414	41746
20415	506
20415	96100
20415	7073
20415	96160
20415	74535
20415	40358
20416	5071
20417	861
20417	72009
20417	11079
20418	37923
20419	88924
20420	16480
20420	98948
20420	17707
20421	88115
20421	101673
20422	90247
20422	90248
20422	90249
20422	95808
20422	4092
20422	19326
20423	83168
20423	15373
20423	89475
20424	106436
20424	107329
20424	107351
20425	76921
20425	101279
20426	78285
20426	67877
20426	99697
20426	14222
20427	94125
20428	24678
20428	12887
20429	83678
20430	76098
20430	734
20430	14696
20431	85225
20431	85280
20431	85281
20431	85282
20431	91630
20432	16752
20432	18790
20432	16713
20432	43662
20433	6268
20434	6410
20434	576
20434	9953
20435	100295
20435	104850
20435	104981
20436	90948
20437	83011
20438	89920
20439	100670
20440	13487
20440	89918
20441	11348
20441	3279
20441	86785
20441	12452
20441	70172
20441	50020
20442	92041
20442	92059
20442	44632
20443	6640
20443	66330
20443	76757
20443	1777
20444	52880
20444	90515
20444	90520
20445	85758
20445	88251
20445	12043
20445	105702
20446	86230
20447	18237
20447	78407
20448	98756
20449	84333
20449	84409
20449	102233
20449	102243
20449	13741
20449	46022
20449	102285
20449	102339
20450	4141
20451	93514
20452	1256
20453	36498
20453	23286
20453	22141
20453	39461
20454	102972
20455	47938
20456	99407
20457	63632
20458	105778
20459	95147
20459	70988
20460	75526
20460	108006
20460	736
20460	53253
20460	108034
20461	96496
20462	99227
20462	18523
20462	99260
20462	106033
20462	106034
20462	42041
20462	105913
20462	106938
20463	78457
20463	35728
20463	24560
20463	2669
20463	22038
20464	3515
20464	14503
20465	27573
20465	94230
20465	103651
20465	956
20465	5776
20465	50156
20465	13754
20466	8385
20466	45960
20467	44150
20467	42058
20467	93017
20467	64482
20467	96219
20467	94216
20468	4118
20468	14248
20468	66422
20468	27778
20469	91914
20469	10491
20470	54796
20470	42920
20470	29807
20470	93573
20470	111869
20470	111911
20470	111912
20471	1656
20472	40740
20473	60274
20473	91385
20474	451
20475	38099
20475	50161
20476	22191
20476	6043
20476	45239
20477	43651
20477	993
20477	89091
20477	32239
20477	29669
20477	41937
20478	67356
20478	95972
20479	90477
20480	69390
20480	17577
20480	29470
20481	35803
20481	26228
20481	97568
20481	76934
20481	29522
20481	108
20481	61068
20481	27985
20481	190
20481	47237
20481	43602
20481	44418
20482	30582
20483	5400
20483	41531
20483	18292
20484	6048
20484	2817
20484	3819
20484	12520
20485	1832
20485	26707
20486	85710
20486	40812
20486	68690
20487	80109
20487	92562
20487	92563
20487	81628
20487	102952
20487	77631
20487	3097
20487	103295
20487	103401
20487	103402
20487	103490
20488	6845
20488	19816
20488	94188
20489	61812
20490	283
20491	96445
20491	4969
20492	45024
20493	93548
20494	64857
20494	52262
20494	36423
20495	8394
20495	71863
20495	84630
20496	6212
20496	81970
20496	93267
20496	31292
20496	11847
20496	67858
20497	103704
20498	85898
20499	96586
20499	95548
20499	96665
20499	62609
20499	100006
20499	107530
20500	4436
20500	11847
20501	4932
20501	92776
20501	26428
20501	92777
20501	92852
20501	93328
20502	4304
20502	11161
20502	43130
20503	10105
20503	85733
20504	75391
20504	15747
20504	15887
20505	61242
20505	75951
20505	1781
20505	4969
20505	4173
20505	1892
20505	16814
20505	61260
20505	85345
20505	5422
20506	85052
20507	67929
20507	67619
20507	96083
20507	96342
20507	90706
20507	86887
20508	14074
20508	87187
20508	54496
20508	86567
20508	91603
20508	25599
20508	110179
20508	111440
20509	75771
20509	8480
20510	88635
20510	13716
20511	61401
20511	14339
20512	49069
20512	33147
20512	95479
20512	11129
20512	32441
20512	14366
20512	56172
20513	83601
20513	83602
20514	96509
20515	5424
20516	83165
20517	92919
20517	92920
20517	92921
20518	14613
20519	789
20520	14514
20520	10140
20521	74709
20522	85906
20523	84630
20523	214
20523	37808
20523	282
20523	54796
20523	5844
20523	1397
20523	13855
20523	18595
20523	42209
20524	52839
20524	55283
20524	69029
20524	14082
20524	60049
20525	41221
20526	1269
20526	37128
20526	56011
20526	67877
20526	69823
20526	48832
20527	13303
20527	92230
20527	59542
20527	92300
20527	89419
20527	92405
20527	52357
20527	92694
20527	77248
20527	92695
20528	26879
20528	16345
20528	3494
20528	41616
20528	90904
20528	14616
20529	61805
20529	55969
20529	44625
20530	15341
20531	6758
20531	95033
20531	90522
20531	89265
20531	81044
20531	66742
20531	30014
20531	111782
20532	94523
20532	94568
20533	17502
20533	93162
20533	3739
20534	46885
20534	70504
20535	68879
20535	93101
20536	4318
20536	92565
20536	12331
20536	98664
20536	98685
20536	22433
20537	14355
20538	21462
20539	63746
20539	74513
20539	79838
20539	84398
20539	12146
20539	84412
20539	19462
20539	30120
20539	96068
20539	75375
20540	86488
20540	86489
20541	93323
20541	42296
20541	106167
20542	2052
20542	58565
20542	83521
20542	84936
20542	94456
20542	127
20542	8135
20542	1328
20543	42699
20543	31193
20543	3220
20544	31000
20544	9290
20544	57344
20545	92090
20546	107889
20547	38799
20548	86558
20548	90044
20548	21760
20549	63307
20549	77630
20549	91722
20549	91755
20549	31481
20549	65795
20549	8942
20550	106178
20550	32822
20551	95730
20551	7698
20552	4561
20553	36972
20554	24104
20555	90243
20555	90256
20555	90264
20555	90280
20555	90431
20555	90432
20555	90433
20555	90434
20555	90444
20555	90449
20556	61656
20556	35211
20557	2210
20558	32603
20559	17422
20559	6097
20560	67685
20561	104505
20561	104975
20561	104995
20561	105227
20561	40009
20562	50588
20562	35775
20563	58683
20563	2338
20563	17713
20563	31600
20563	41588
20563	20310
20563	28789
20563	77587
20564	101150
20564	102295
20564	2739
20565	85895
20565	70565
20566	43208
20566	83104
20567	83260
20567	57137
20567	84406
20567	84493
20567	84494
20568	9998
20568	14205
20568	88786
20568	63581
20568	4894
20568	76
20568	52459
20568	24743
20568	67587
20569	95880
20569	102188
20569	23077
20569	88634
20570	81293
20570	6097
20570	71830
20570	65075
20570	6224
20571	6672
20571	58554
20572	42826
20572	2314
20572	29696
20573	83003
20573	56616
20573	93938
20573	17183
20573	94010
20573	90138
20574	26225
20574	11042
20574	63019
20574	91956
20574	65871
20574	91982
20574	91993
20574	6139
20574	93050
20574	87855
20574	93152
20574	87300
20574	6220
