0 13159 101901 14909
1 28461 22248 62658 67095 8018 92869 92892 916 84746 67095 84555
2 61554 72573 14984 89105 27401
3 5752 7980 4809
4 5276 117 33012
5 20 10560 34233 761 2800 6149
6 1737 27049 83862 81746 112010
7 14026 45239 90737 10334 711 101576
8 25553 32381 150 67877 12994 74586 111586 111587 593
9 71598 9174 97811 26605 4071 108724
10 88997 90423 69434 81569
11 84353 84718 51915 84719 86127 86254 86309 36693 53024 86414 88812 88843 88892 74028
12 11336 14090 199 97830 9990 34235 100444
13 101542 101564 86245
14 58780 48641 19126 61856 4295 86887 4936
15 88115 95675 108456
16 39813 81131 91334 79187 65696 92786 24598 53370 65129
17 89804 27734 99856 3466 12331 88856
18 4390 32769 62601 11565 58675 186 88153 69120 2800 93137 10182 45857 21119 10335 19344 89465 35651 52629 80631 111796 64903
19 90329 94158 94168 102249 102255 918
20 79273 33 85066 43025 35740
21 54041 14402 83196 19676 2471 3475
22 5043 18464 29001 111964 67181 9876
23 73353 307 2279
24 19975 33449 39 1880 10619 100601 27332 1225 9190 4331 34172 79550 97048 26701 80268 1706 78808 112131
25 93228 6236 93234 100303
26 92688 7795 49522 27248 102779 105537
27 772 1496 101700 61242
28 96757 92233 40530
29 92881 24036 42076 2973 80990
30 86125 16766 84764 25553 86887 16766 3278 91362 100465
31 95772 34260 890 5716 9568 103192 27327 44897 26368 81691
32 56308 1053 18098 88006
33 83704 654 41588 14440
34 1314 7031 12032 107269
35 105912 55 56
36 85390 88959 27958 623 92547 59333 96640
37 84947 88838 63898 2415 15316 5901 7891
38 85350 34248 64125 3090 99262 101156 101455 101467 2746 56882 85662 104014 45785 107957 52127 24962 20475 67764 1822 69398 112324 78288
39 50325 92669 18933 52250 84141 81391 50361
40 50208 110058 110184
41 783 89526 62347
42 89759 89760 89761 60452 39381 47173 91054 55158 91055 91056 36318 111263 111264 76158 111814 110744 97555 24852 112126 112127 112128
43 1531 49262 20383
44 23764 52574 334 101475
45 105857 69 506
46 105566 105567 106315 106316
47 63856 85956 52214 42777 91662
48 908 89657 17958 41204 55472 40403
49 52435 85066 67619
50 82979 74485 60603 53272 11274 43225 13371 14503 68631 100885 100921
51 22618 72481 36816 97118 107046 67893 2147
52 38230 89801 89802 101270 27274 76589 257
53 84011 20224 88303 93976 94013 41160 94105 4788 82 101148 56766 72652 105979 107798 55433
54 95638 101099 89502
55 319 5447 74920
56 84494 87602 38277 13007 99520 99521 91659 4557 54677 8913
57 84145 61581 94539 103480 111090
58 2415 1388 36101 86363 14984 104165
59 72384 2833 27016 107038 12065 15036 1015 56204 108513 18790 108554 97523
60 68326 60259 26919 56204 70187 8925 67877
61 98996 58644 90773 28164 105253
62 35486 42545 10344
63 22437 514 531 90136 40920 90448
64 7213 4635 111870
65 87341 100775 100936
66 3805 55181 112289
67 17481 86128 14355 94283 74640 100736 502
68 46635 28774 45239 92222 46636 307 3957 17925 65074
69 1297 78663 91047 91067 81695 71699 20275 106573 85480 107155 81505
70 34302 10459 14710 13573 108937 29807 36097 18771 99069
71 90295 105141 105142 72905 67877 97937 71910 40403 105311 86332 51766 47439 107834 108150
72 10658 12916 31219
73 68479 15825 79575 12280
74 88990 25262 111070
75 12036 65527 47020 28230 60285 75165 27016 50521 17510 73482 12854 97278 71190 6621 5700 43216 98158
76 65572 89340 2845 91632 91704 92073
77 58882 9622 101163 70444
78 74395 13260 14217
79 85638 61951 85678 85681 85694 85744 38950 85745 99133 49062 36213
80 40735 89307 19138 25153 48602 100828
81 23973 1495 103854 109664
82 7980 83728 21784 21315 83431 11877 96735 96736 99680 13542
83 17480 28579 51042 31858
84 72827 88603 10472 72009
85 92957 70341 59027 9037
86 4663 28126 11997
87 33879 74290 14307 101703 44479
88 60834 69863 33452 34391
89 73863 73862 112196
90 58112 38809 70235
91 37760 79867 147
92 6971 79630 88204
93 89787 71914 80146 19049
94 53237 5859 16587 3362
95 111628 111667 23929
96 3735 19865 90029 8948 95095 7534 3486
97 39753 102052 103071 58043 103294 30409 111141
98 39 8389 23409 100705 100746 101342 70265 79634
99 78760 8191 285 2911
100 9705 24438 71830 98159
101 68635 62895 306 20680 1908 40047 8327 68635 67847 9391 20729 39174 28961 4302 97357 33565 72422
102 16555 94819 29125
103 73491 104639 104656 89447 105267 105314
104 65099 4643 85066 4958 72869
105 24390 83552 43602 92834 9719 4388 68178 20166 84630 62328 87575 101385 84352
106 101343 101344 101761 77912 112061
107 91770 30787 83974 111172 111207 111302 111345 22873 111697 58544 111802 111803 111804 111805 111914 111940
108 87756 87871 87872 87978 87979 87980 87981 32589
109 53975 98121 102328 62033 107211 38951 3645
110 57344 141 15036 43433 69072 5642 34786 10694 35871 41550
111 83241 2845 27862
112 94549 94964 107045
113 93235 18169 107413
114 14082 4032 107286 11595
115 223 41286 15345
116 5922 16753 22799 5324 65000 71322
117 72155 106362 926
118 49249 61757 83113 22041 41687 14013 67546 49249 14369 82067
119 89938 89939 77088 21723 91433 35072 35990 19638 64638 77294 230 10872 99744
120 88927 17345 63760 16299 67521 35361 75457 761
121 85436 89971 42277 92901 188 92903 2882 92927 92950 92951
122 92960 2666 61653 41767 4169
123 28768 45756 4565 109750 111338 45857 15674
124 94662 24414 70545
125 15764 1455 100332 100333 26114 25176 6595 71548 21367 48463 66778
126 6941 42124 104652 22309 11049
127 88239 88294 65055 1687 29107
128 65856 30793 86535 79383
129 1225 95794 111670
130 837 89213 24321 97798 98499 101689
131 20166 94500 35854 104769 84295 105083
132 93771 38158 12008 9347 2363
133 100642 109280 49011 68577 15480
134 98414 59786 73745
135 50687 28543 78708 91006 634 5859
136 88678 11474 78196 92489 25013 47198 47278 79180 43654
137 90068 92412 40404 59662 46504 101196 98856 17956 101403 100969 106045 1067 72332 3485
138 8504 18112 9409
139 16434 56011 88838 93001 7260 2106 27082 14932 61550 96694 711 29570 14090 57547
140 89645 40699 24165 56373
141 94334 43025 98312
142 6806 35876 52640 72665 20166
143 44921 3649 317 109313
144 7860 217 89513
145 9002 12347 21544 335 92646 94591 100816 11804 100840 103940 103941
146 107368 41324 67809 24974 79482 96566 29541
147 11107 38291 16109 34820 103649 27032 3660
148 4050 92254 3773 69172 16826 6321 25669 101641 97067 83726 111645 94484
149 25060 5555 43066
150 7220 88464 45706 101723
151 20879 51986 60175
152 105038 76558 105066
153 90246 93332 5311 56503 97789
154 88863 91102 28372 112266
155 41363 239 10453
156 20090 101642 43393 101973 11046 63749 102083 3742 14141 51272 72830 11308 84793 101418 26935 43393
157 55181 7211 239
158 88842 52621 92922
159 32093 24191 28492 77307 11359 76704 4331 16798 34828 76203 88733 93220 85468 32093 101328 101336 21507
160 54615 90430 38497 64378 41013 83779 14741 10987 3055 99608 68380 5845 1912 52199 56336 38497 1960 54615 64378 34816 13091
161 65041 53307 111934
162 83892 88879 56094 70375 98783
163 7092 56694 56265 12939 17580 20919 16640
164 56011 23865 107607
165 90140 12897 2258 101922 27980 906
166 83717 32193 84436 188 51978 1860 102445
167 49802 111820 111821 31838
168 72826 45685 5201 26847 62425 92491 15796 86269 10418 101643 61640 111738 4141 111794 111848
169 34908 33409 106130
170 61969 17408 26183
171 95355 22119 108545
172 91214 92447 109859
173 34977 85905 31719 13832 18784 6147 86411 10828 50992 19342 18595 7394
174 745 93069 93088 17048
175 41786 103997 13233
176 90556 44809 84650 60641 90568 37342 22352 102841 74928 74929
177 8412 101961 42833
178 11465 5844 92702 1881 103467 92834 1682 43602 6160 38025
179 89137 37342 73353 106740
180 90737 1135 84555 84469 67877 43602
181 90047 26568 576
182 285 76119 81242 65559
183 86248 92473 31239
184 8740 6945 42572 5946 61627 111012
185 51604 18069 29892 77150 1846 17600 21795 99870 15719 101188 25814 109831 111878 111884 111892
186 61352 65481 61242
187 88998 7294 21843 91194 91195 91219 59741
188 73553 93395 18595 32645
189 44224 13580 4669
190 83131 95419 95420
191 61529 93198 93199
192 45239 108742 110047
193 88757 39033 89598 92875 27567 100489 111849 111850
194 4341 87006 54971
195 17433 95842 48314
196 55985 307 24199 110715
197 307 4766 2253
198 25559 2326 91586 1306 28184 74294 10071
199 47719 83253 30918 89923 89932 99730 62299 26605 107174 107175 22694 39845 106728
200 62956 96316 4922 73277 9040 101686 38037 101751 101768 101769 41484 106420 106462 111734
201 753 9976 102118
202 93644 93645 52854 107653
203 6510 66443 102347
204 10471 93653 95315 5396 101869 8001 107005 107015 111913 2468 107602
205 41722 101811 66800 104988
206 4632 5526 64932 5070 56127
207 83548 3436 87519 101123 6552 4367 19030 21487 43052 95048 51282 43553
208 16888 10285 8532 35212
209 89853 89881 89913 78396 48 110493 2468
210 85563 99816 51022
211 21116 51844 30129
212 103605 56576 8868
213 67356 60108 3076 98301
214 2475 40905 26141 92140 91693 94264 91735 94351 94352 3896
215 85184 25048 85210 101217 2464 101218 101255 101256 9166 107138 107139
216 32940 108110 25613 30840 103121 111890 111909
217 25019 13540 26701 100003
218 82970 5333 36187 5670 77329 65438 89845 6950 79947 9568 93472 86974 44769 278 33465 3877 98438 31918 17108 15381 25860 68191 45771 86420 43809 26906 105394 44769 6950 19641 107186 25972 2320 107559 57607 83665 105635 109110 109111 109455 41558
219 91410 4894 80169 34409
220 2761 13854 94393 73462
221 34302 12214 10685 17956 56087
222 95981 55596 67427
223 56204 94675 49134
224 86125 62534 68761 42754 88180 79975 2829 198 36187 53465 55712 41334
225 96228 18933 58364
226 94901 94909 94910 101183
227 85613 87618 97924
228 83979 84098 65092 84098 6761 37685 65092 49717 110820 110909
229 9264 86362 86376 53842 45562 15632 15482 95581 18595 26794 28362 82890 45562 80514 86362 72 106669 78346 46201 109718 684 109732 92385 110391 110410
230 3805 61809 19959 25252
231 94667 40229 81938
232 4642 76307 84768 72011
233 84677 47362 85845 86458 90972 47361 91354 60580 98234 99529 99558 99579 64248 102954 63811 65432 107802 108682 108722 108999 109011 109012 109013 107802 109048 79520 4343 109713 109722
234 17048 59634 78663 32900
235 67929 84092 65000
236 17812 52778 56005 29381 372 46156 28184 55278 96304 96305 92916 94162 18233 46398 102009 96304 102187 3597 54714 102240 102251 68672
237 89509 89569 89570 89607 89608 374
238 46784 80886 70710 21543 89549 100154 39628 112117 22222 112163 59496
239 85621 18441 85415
240 89557 40971 99223 1214 41424 4224 7589 42146
241 13643 72277 30835 100374
242 18588 5828 104048 33330
243 5337 69301 335 9290
244 67095 156 101790 7391
245 92496 2145 92782 13878 71047 2145 27000
246 48641 16423 5683
247 8231 23543 35969
248 91237 106650 391 106671
249 56169 52206 21728 106165 105505 106218
250 96059 576 69292 52250
251 22884 83552 73148 77690 13763 77213 6097 83411 52014 9906 79624 101257 2872 5201 73148 111282 111283
252 83987 80631 9907 28537 61242 35997 5359 64903 108519 42371 32040 106362 34727 18920 5093
253 79158 35833 78669 107965 65672
254 6661 65735 87898 9968 307 99327 2151 87070 87304 5781 111523 65741
255 83880 8870 103397
256 3739 77887 96204 93380 18345
257 82549 12427 67095 85685
258 85858 20529 26368 5843 408 43602
259 60375 95381 105608
260 94644 68700 5455 10987 104241
261 10793 8929 47927
262 82168 97104 784
263 68325 84159 4643 84237 80190 42485 79256 82721 60203 2666 54529 91373 109623
264 14567 29002 29696 40415 8938 11737 97379 92209 86615
265 5587 13797 7643 29753 55497
266 772 11465 25886 13227 12844
267 2363 5396 90341
268 85956 2773 67594 23940 57653 18985 23994
269 93918 43411 446
270 17718 17447 6031
271 90644 105357 80999
272 25306 65938 27310 63034 109429
273 1207 59368 76272 61523
274 1682 72155 86930 10504 41905 53067
275 17499 33977 3019 2070
276 59373 98870 100046 101787 81204
277 81534 102296 102297
278 3162 18784 106023
279 40146 23404 32512
280 445 88993 89676
281 42852 53968 58893 43683 58300 31788 109512
282 67877 68761 68476
283 43433 50904 50778 15000 89489 21913 99246
284 108260 15743 108491 10400
285 98465 15530 87444 47538 53479 453 26906 35660
286 12388 93334 104928 75289
287 87663 6148 455 1548 91737
288 23543 20166 2420 1119 45307
289 52439 85482 87878 87934 95672 95673 96223 14778 108357
290 86125 99773 104928
291 86134 86198 90279 90306 46423 90307 90308 92131 54614 93925 52036 94152 110362
292 90634 14155 16921 23775 32697 104633 104681 83841 51651 110336
293 91945 19957 2599 92108 50610 103836
294 94557 94558 92718 44873 59257
295 38897 89074 32374
296 8418 21244 4851 20922 80748 31250 10504
297 7167 102103 45887 6971 108143 39196 70919
298 109661 87245 109985 109986 110036
299 101695 101747 83696
300 101929 101930 101968
301 77047 100697 112155
302 51084 39877 49863
303 47145 48896 29125 1785 3879 45639 35268 11079 48701 11777 21971 11477
304 56173 1032 84857 62610 71914 45413 42209 67786 24235 19478 95922 98734 56735 61530 11719 31559 41816 110353
305 97347 2159 104285 8075 8998
306 96054 230 61640
307 33330 15533 29319 20043
308 72665 87574 23776 90080 6262 18811 68003 3379 31968 19567 8970 59673 107713
309 30233 77646 59707 41378 104119 42901 12427 111062 47093 5301 94631
310 10010 11904 11533
311 83382 13220 84630 16627
312 192 3278 69301 19622 37746 76608 107153 107193 107194 35059 72647 52958 4318
313 43968 12564 10728 307 87290 82661 4318 89767 58753 89768 132 38132 18677 6422 93383 93271 70585 96885 82661 12564 52225 66871 93271
314 83658 58212 30245
315 94070 56867 43744 97311
316 85066 89894 90720 57968 50610 95147 5922 1994 46294
317 71789 1297 7457
318 916 908 84710 4536 107936
319 1314 736 8856 43602 14014
320 14383 19011 94202
321 7 89458 65030
322 5559 90142 90260 40058
323 42644 75473 25562 6595 101585 50610 42644 89983 107310 91483 50610
324 88469 90070 83810 86936 77704 81154 529 22726 95774 7205 31594 112217 112230 75170 13684
325 89787 9130 89894 16818 89895 108401
326 5216 4587 34695 104029 5216 104113 111552 111891
327 12290 90236 99212 99213
328 46862 95273 46821 95368 108330 75965 4144 32348
329 6578 98716 101823
330 72011 70242 34417
331 14865 84395 31601 32410 34460 96740 17958 11849 36816 2314 8876 62732 108704 28113 78127 110285 96740 36036 38873 111933 1880 2276 30220
332 80804 93588 59723 102342 93954 25690 45614 72838
333 6118 53657 98051 98076
334 87107 68780 52063 70449 11274
335 41011 75243 56011 91716
336 6147 65846 5608 55181 96914 43767 68266 29125
337 86373 89078 99795 4096 102238
338 88510 106602 9194
339 89303 94634 97292 86131 103611 53370 111364
340 90339 8785 99980 104542
341 24779 64397 15941 85907 78521
342 1297 37935 1819 6578 51843 57547 78782
343 90023 58882 23286 2120 2769
344 3839 10470 101713 64746 1687 562
345 2773 15302 15341
346 64774 89560 89585 50161 101876
347 83095 83261 83790 83403 65514 84945 86476 86477 56410 96286 65514 96976 96977 97028 97029 98962 94235 97859 99273 99274 99289 99290 99307 101014 101015 101389 24253 97028 107509 79284 83403 109452 109469 109479 109494 56428
348 93493 15969 41227
349 90159 95151 103731 112072 38505
350 43416 89530 68668 91639 91640 91641 97863
351 83642 83643 28118 91311 95595 96242 84566 70418 48362 102201 722 3613 16927
352 307 65140 98283 105758
353 90779 94429 101799 64532 2679
354 97230 1810 5377
355 1170 107791 109746 109747 110010
356 27475 25222 96218
357 33333 7387 8900 13295 100000 65877 39303
358 101637 104760 76246 111569
359 583 69788 61709 25254
360 63244 37802 1502 61814 89878 16586 25684 43461
361 5909 94151 98841
362 93462 67685 96385 11049 60739 108375 110323
363 8170 9826 85454 42209 11595
364 32268 85464 95073
365 84751 7829 44769 3304 70547
366 89405 7073 39273
367 94345 31297 49624
368 1086 18854 33108 89787 86617 5193 67877 26580 1455 66184 23005 91020 110348 112246
369 27031 83590 96835 97587 97637 97642 47676 98086 102105
370 73844 34233 7002 106766
371 71830 18323 74650 71273 101244 71830 14325 4857 69591 60592 201 53489 46286 43178
372 25071 77612 37509 34289 10116 66016 5071 12398 779 11381 28952
373 92468 53416 22457
374 76364 51214 75845 26575
375 101660 101661 44263 62256 101687 102092 111798 111799
376 230 90364 366 39978
377 94278 14431 24559
378 99392 99774 34836 103121
379 44733 98058 98100
380 85291 85446 108819 108820 22092 108882 102005 46779
381 4033 127 34102 33580 5811
382 57812 83252 26479 92938 99280 15662 18015
383 6652 201 70657 15796
384 83574 53476 83590 16355 101568 1214
385 84630 71516 93433 90510 71190 95813 36945
386 85828 85863 85864 85932 88370 80801 93603 93662 35615 111929
387 11225 27695 24598
388 85783 17797 9865
389 90267 906 49451 28907 3278 3665 61242 7763 57500 4848 70862 4318 30909 9884 95716 105443 86023 108284 83335 27990 90267 14090 112251 112267
390 4514 89259 634 8917
391 4390 69235 25711 23697 98002
392 87702 28482 91796 103898 3046
393 83675 83257 66723 27812 56622 7067 89930 757 63608 78893 71669 82607 93606 68966 1267 100962 26906 30737 761
394 24823 17720 39174
395 6440 89879 87759
396 13247 28342 23973 3819 16555 78017 8572
397 12809 65247 4825 48551 46251 90014
398 82480 781 1397 7576 112321 49451
399 87480 42174 1502 128 94903 45165 101150 15474 3613 72141
400 27971 92409 90252 37364
401 8263 75966 48 29091 21265 83412 22275
402 85674 22947 8121 89449 95708 96942 96981 100168 37323 19516
403 850 83799 7288 29454
404 87224 90357 102317 102321 102322 109120 109200 109201 109219 22396
405 11299 84570 4003 3506 86172 1306 16980 12908 48039 24999 55326 3110 55683 65229 68846 97007 33054 84570 9049 25252 734 3542 71047 13417 101987 25940 85423 2277 56016 1633 11299 84570
406 111509 66647 111687
407 6697 660 71194 14394 111061 35545
408 9459 43095 68561 60023 4970 104668 1908 45379 23973
409 20018 20608 94215 9320 109504 110438
410 39957 409 6410 2106
411 14696 63211 96428 844
412 6742 3618 91406
413 38023 105659 105660
414 20166 13757 101809 105347 6287
415 63562 98575 12263
416 4975 70386 87788 16978 68479 67438 42190 86136 4181 104847 94254 15000 409 56101 104928 366 62045
417 21200 89588 1961 10920 91613 7190 98447 786 101936 103571 27981 103820 103821 20262 42935 1337 11403
418 44255 11847 95662 97066 101668
419 61369 3739 54125
420 61865 7531 100715 94069
421 11906 5214 44913 69949
422 11022 21130 67484 99540 54768 3628 105363 10629 102204
423 9757 96944 57416 47896 12345 6998 30545
424 56011 89787 67877
425 278 24420 2666
426 44919 428 536 32599 110736 86219
427 86936 6524 66310
428 52435 106362 110246 14753
429 88172 88321 88819 88820 88821 88871 88872 88873 88874 88875 89059 92704
430 86278 57131 90031 90138 52525 80963 9909 90183 90222 1105 79146
431 307 44230 4538 90044 307 44230 41011
432 84062 84063 6857 84488 85027 74098 25759 78803
433 1920 45239 4141 85641 56204
434 9106 8392 93860
435 39352 90062 44700
436 94963 926 1810 11150 17565 106829 106919 38096 106971 100162 66312
437 40549 93971 94100 99671
438 88047 88048 88336 5396 55247 85641 75241 83726 6971 48612 84212 306 61242 1908 109247 68184 30584
439 6295 1119 37027 109246 352
440 83349 84228 83129 55643 89868 647 33160 9152 7196 100738 43778 1175 75217 5926 83289
441 14188 63473 67861 83205
442 88392 96436 22061
443 23784 91138 19125 20847 92298 10899 98438 18962 66853 35314 93790 34417
444 7144 803 97293 17744
445 56204 16380 4417 15337 785 99793 56011 6862 70365 100879 14434 10020 105594 38971 70365
446 19042 4112 65327
447 82345 1737 2052 3068 28170 103541
448 59906 24345 9856 714
449 35858 2349 21992 45255 91771 98661 103436 112257 112268 112284 76452 112294 28675
450 37172 103014 93606 103037 103038 6010 7938 106103 106104
451 2420 22821 66723 27197 20762
452 47723 105645 112150
453 46586 5901 11086 2103
454 83067 24190 4331 44224 15972 109146
455 86287 34727 42252
456 76583 19255 12036
457 19286 81257 14082
458 91082 66198 75495 61437
459 37027 90088 70547 48008
460 95476 95477 86546 61242 17048
461 1889 101137 102568 1267 46842 106641 5980 46702
462 28242 85854 764 101474
463 37820 68826 73440
464 58683 3637 71863
465 83002 9692 83033 59962 84301 86188 81144 72344
466 42572 92014 65873 5264 104259 6288 107690
467 13323 1955 2113 54768 25709 65996
468 61242 83835 4417 85455 18854 53770 4642 9328 90012 90325 90328 57744 59848 44687 101670 57132
469 6083 109953 50315
470 53020 65805 12804 783
471 84555 34417 15883 7190
472 62001 69446 65247 61467 48551 93859 51877 75310
473 96303 60731 787 6105
474 72011 5618 2119 34707 10906
475 99494 107838 88919 107865 107866 87358 108670 108671 108766 108767 108790 108791 79526 110622 110623 31551 110755
476 340 6151 72890 861
477 83063 796 764 69785
478 90269 79994 79875 90705 603 29189 22290 85656 84130 69038 10491
479 5843 95274 88007 30538
480 5089 30516 20713
481 45692 86668 49682 32588 18856 93917 11628
482 94740 97152 112096
483 45239 56011 67877
484 62233 5424 90818 46705 90897 336 66830 90918 95813
485 95832 91959 9771
486 50680 94625 26805 27248 108354
487 90450 68761 105650
488 36972 102074 92338
489 50122 83627 89268 89269 91883 91884 91885 31232 88557 91921 54492 77818 102411 102412 52484 106012 97555 106064 106123
490 6114 89730 307 30699 104119
491 28343 9023 27827
492 65325 51969 79146
493 26687 42816 7675 90127 2033 101598 105522 108934 12432 13832
494 92361 50697 41866 96070 67877 96351 75931 101433 75490 58351 18894 41913 39484 101767 40410 101777 102109 102143 88981
495 20756 33489 111942
496 20268 969 10577 12594 90421 58394 90429 59020 17990 59066 94287 67625 27880 5177 94321 18070 21965 110147 38455
497 3530 44776 39 38399 3782 44422 107403
498 307 69088 57021
499 14264 7172 46577
500 603 15526 2256 107721 67809
501 13643 85999 86013 3882 95310 3882 62829 37128 85155 91291 96172 3646 50825 103489 45239 5399
502 2459 30665 5880
503 18483 48911 20581
504 98984 307 25711
505 100180 48484 99971 101408 50296 101818 2993 88886 103421 103457 398 26580 844 112105
506 52434 736 25966 215 102037
507 87884 26547 7321 88585 100147 100226 40103 100311 100312 100378 18167 110361
508 79975 61242 41785 55866 53988 1717 64709
509 29055 11477 103724 95813 6672
510 82524 57417 50088 69969 92344 104459 8376
511 1131 8221 108317 67430 52564 108993 2635 2052 55247 6988 15170 3448
512 55196 108129 65307
513 61388 101538 108224
514 27316 53383 93287 102540 13649 34644 97730 105861
515 864 1960 14697 86207 9945 14951
516 10681 319 19415 26893
517 47059 18392 109769 13731 75010
518 92221 51204 26474 88458
519 874 102455 102458 102459 16600
520 8443 81177 6003 28929 20166 278 81177 31297 108814 67546 78709 75 28675
521 8158 95700 8738 56204
522 86049 24573 67877
523 86382 86507 86508 86509 86510 86637 70154 86638 86639
524 62620 87555 89763 4240 101763 94829 109495 109501
525 67835 57457 14207 76623
526 84655 84656 84674 68751 27 68751 80243 104480 66809 104756 58994 22884 16906 81431 22884
527 40720 18292 111009 66267
528 27897 55892 11947 20755 1969 35283 47938 7574 21885 90330 98331 876
529 56260 2113 51843 91274 73220 54768 38157
530 90314 90315 90317 23066 72787 63535
531 85577 58856 10016 14391 60109 109110 104033 38319 952 19453 912 112136 112175 112176 20657
532 84618 70369 30855 84618
533 67546 397 69199
534 2535 4141 103933
535 8213 7667 81025 5745 69199 77877 53618 14366
536 85438 85461 20499
537 11049 90091 77167 28011 47049 91028 407 49383 103246 30455
538 86292 87123 29621 22352 107371 95264 10235
539 68247 100079 72322 1882
540 2814 78853 2613
541 24658 8330 6767 4990 4969 48551
542 38430 104278 104299 58934 3291
543 4694 15425 96610 65921
544 15529 17980 1643 90039 89767
545 84350 13413 101473 12074
546 9688 86148 44685
547 6491 80967 41699 60012 65807 79110 55118 83726 9002 52821 48741
548 84060 111048 111049 75166 111074 10724
549 8231 89904 94743 15345
550 5424 28157 19344 18272 83570 1397
551 14553 50457 13049 110077
552 11595 177 22731 30304 67707 81477
553 90215 90217 90318 90397 90398 44241 51173 93572 67530 93598 101735 102298 39921
554 784 92584 20687 84401 199 100950 107775
555 88249 30271 85569 4281
556 10400 19255 12036
557 11287 83882 576 2459 13658 7295 366 4302 58572 83862 27372 27990 84630 11168 65826 32073 100529 102141 102142 6449 102169 66226
558 23242 17018 90721 36860 48923 108035 112303
559 85447 53360 12018 83338 89079 89406 87169 89461 36935 35333
560 87264 15298 34460 71647 92061 92063 67319 2548 44574 56602 96164 109799 109800 111845 90927 7643 106206
561 86207 103805 103835
562 37935 55985 307 67877 57439 87724
563 92784 92785 79383
564 2706 58042 108417 5577 12596 6491 8717
565 17184 93905 97273 782
566 86807 90258 101008 102206
567 54929 85431 86381 95386 95387 54929
568 106362 1953 15452 67877
569 90252 4755 28110
570 87537 6927 87553 26886 71830
571 2276 95039 75916 108478 108479 111630 111631 28856 111857
572 39367 3887 84630 109246
573 83238 83239 65170 95955 95956 97714 97936 67303 97998 90193 15321 100227 100259 24188 84707 65205 100350 83239 100992 100993 101045 33372 21477 97936 7144 90183 104628 104648 105591 90542 47138 24431 107771 69653 107383 111350 33410
574 87805 58588 4070 90182 102017 102018 102026 102042 91226 102208 111539
575 68757 30961 91334 101306
576 11658 307 19503
577 2018 15015 109931
578 85808 54459 10279 101714 8636 112308
579 10932 32410 104422 3055 15123
580 81131 68158 101913 79187 89951
581 105927 105928 30361 106171 106228 87773 106276
582 1920 40638 90404 94154 94849 101043 104673 2459 12059
583 29578 39653 93154 93155 102566 1005
584 56914 18796 1051
585 14847 38 12388 88420 12472 6751 29545 319 9242 4513 1381 89050 7295 22918 108 61856 1531 97983 14508 98017 14325 54640 98033 20919 10449 45409 95123 45475 1110 71072 7295 103486 35323
586 65252 55497 32602
587 88273 49306 33140
588 87431 90122 35876 90893 60695
589 9524 1810 71536 412
590 11922 101240 39665 101835 22742 101857 82052 104201 104229 42419 72857 103223 31906
591 42644 72845 1251 75352 4318 58810 42644 91483 17048 105424
592 390 13830 111601
593 39477 35660 101582
594 74726 51486 34264
595 65956 87598 99538 39929
596 1634 18332 101348 88940
597 81085 15140 90343 95112 95391 14090 67411
598 93395 103957 104032
599 78709 4349 33174 5844 61242
600 1006 78181 37963 29696
601 110357 107632 110356
602 84839 36738 40699 1974 8385 86012 87605 5166 90463 1009 4433 92019 17343 7887 75343 63330 52646 93828 95716 47979 102612 60204 89243 12169 33848 109361 21669 75373 98871
603 50497 45639 11130
604 68540 40185 64080 319
605 56204 63179 110586
606 90510 69128 14753 68761
607 101332 1252 101383 43170
608 68403 3781 2279 10806
609 90319 22010 78498
610 56120 84811 84812 21245 84549 84918 93460 72292
611 86814 38873 73965 68054 78414
612 67877 4694 4557 5553 107953
613 69713 48250 46796
614 986 17422 6652
615 104296 104297 92443 105924 105975
616 75457 1038 11449 1225 23994
617 41550 47860 105942 16253 105608
618 3760 101674 101679 104573 104574 26515 574 69882 16209 25097 109662
619 89994 29522 54768
620 90058 101802 102291 112030
621 21167 11828 83281 102122 102196 102197 81192
622 12896 30741 12828 98562 98608 96662 101725 58364
623 88023 28006 69972 30558 101881 5946 25966
624 84555 41192 11504 48606 25711 16627 41123 12065 711 1103 61184
625 76056 4561 55230 28264
626 1058 40403 1083 35373 32158 12341 107189 110518 76731
627 53865 68546 42345 102067
628 83728 21810 105935
629 57373 53952 17350 95740 46064 89819 17564 110996 6147 95740 69785
630 21678 87013 90331
631 5811 461 100380
632 894 5286 34973 73720 97627
633 83840 96061 18254 96062 17516 104139
634 7905 79273 75680 1723 1630 78282 31772 97204 29962 15386 31925
635 3759 94962 95106 44410 89172
636 1641 86027 66484
637 17275 90284 37776
638 17772 98577 98602 1337 16555 4347 29125
639 83437 17692 16441 74869
640 3366 3272 102223 3195 25392 104541 44138
641 95219 5527 41905 2774 102349 105578 31559
642 32819 8520 42826 75457 100952
643 53616 91781 11997 39549
644 43266 92396 102075
645 14401 2083 95836 3203 6430 11862
646 19291 104387 101187 108205
647 72193 90521 90522
648 61023 603 88516 92584 34233 13286 6769 67095
649 22742 5595 55223 49632 4998
650 20552 23590 89534 89542 25286 33004 307
651 9409 90535 66191 100623 10623
652 28050 5400 10393
653 67380 92711 55426
654 51582 94104 31207 22842 108264 108553 108555 13337
655 30665 80772 76307 84329 72277 278 76716 33 1473 67411 49309 85066 72011 96153 98244 85611 93271 102313 1119 102314 92222 72422 98450 102346 3906
656 52195 20360 93098 37760 42872 638 89363
657 68187 68237 10459 56473 31075 110363 96668
658 4975 58810 1112 33534 34725
659 79061 60967 90274 73709 90281 5700 63085 9664 69544 24701 102226 43239
660 33522 92259 92641 25268 101341 71551
661 12 1941 32787
662 10796 84469 22952 8124 56622 20760 30759 412 34335 67457 659 93790 82591 90044 11049 7891 34335 307 46450 84555 43602 54442 67877 49256 14169 100897 104503 6171 110697 80278 100336 83017 3805 6049 5569
663 1777 1314 776 5452
664 25183 28433 96097 60553 62216 82168 230
665 5825 8065 1127 23972 2277 15298
666 84293 7829 74006 10710 108214 46792
667 102286 102287 102290
668 30042 86871 8707 86914
669 18177 76867 7860 110012 99415
670 32528 84630 61242 850 103815 73853 105320 4038 4771 84793 7144
671 44466 90133 30944
672 986 26939 9534 73689
673 61265 6083 38132 69481
674 5645 102 88293 88506 67961 93848 53210 74290 43950 23356 78440 102329 32766 108829 102 108864
675 307 111005 11569
676 52574 1632 15076 72532
677 25559 16799 105191 78286 9194 30238 80426 105300
678 90174 90181 90213 62104 58389 92088 92089 95185 95775 97883 81952 100112 44765 51974 107903
679 15526 9212 99210 5417
680 83570 23276 87786 32832 24345 101392 52629 101397 63566 1457
681 95244 33171 101995 56058
682 366 27423 67877 45239
683 90807 58856 50602
684 64647 47208 48479 84346 98672 97238
685 31278 1166 89874 8558 42228 1502 10284 100807
686 84531 29898 84531
687 2822 19405 99142 99533 15496
688 27064 22099 277
689 51197 83553 99435 99436 99512 106392 106719 34453
690 89199 89667 8607 89942 66776 90024
691 89747 10942 7943 55922 93979 28476 94005 94006 94039
692 8745 85972 7251 85983 85984 86010 94052 94053 44191 85983 97414 34700 97415 97430 27758 97451 9832 45799 3886 29224 72100 108902 85983
693 79707 96167 47473 109898
694 97450 27695 13664
695 31149 3796 6652
696 38690 39754 68326 82054 99416 101666 101682 101726
697 101422 104682 105182
698 4639 2106 4639 109832 16991
699 36078 90175 15069
700 87489 22107 67759
701 80055 34146 41252 66055
702 97501 76985 1208
703 8771 5424 10067 8854 49256
704 49906 5761 6970
705 84102 93078 76589 62563 102037 41953 28892
706 90074 22091 32102 53450
707 5317 22178 68910 9531 82085 59363 91837 9328 80631 88384 26264 9531 18210 48685
708 90337 70719 80671 102621 99298 4815
709 26802 3805 103534
710 93642 93643 95249 95265 95266
711 56715 68168 16024 3914 24760 78822 4522 63373
712 10702 72206 80385 34749 50588
713 30962 2947 74530 59074 90540 52461 34608 9326 44277 91564 23973 8968 75724 68581 27629 73598
714 307 51214 414
715 88352 89453 94142 94951 97076 84669 105209 105210 14576 54270 57203 111053 94951 111357 111358
716 307 45239 85056 25711 43602 92222
717 6205 108538 109897
718 21879 1755 33789 6574 75468 68811 34171
719 33714 62820 45771
720 19558 89698 21658 3328 5109 25538 18753 26050
721 41126 6333 746 576
722 66558 42572 31706 79295
723 10536 78521 16707 105046 14508 1508 108959 17048 78521 56204 108967 12940 103223
724 56165 109135 75097 14530
725 5704 49362 5693 63517 12638 44577
726 86303 5610 9332 7579 2371 108706
727 85536 69243 11578
728 16655 13878 61242 66 3364 81908 19263 2574 84630 27157 14108 63216 82350 22251 100681 3068 19254 13577 14403
729 10072 37935 90999 12422 2873 98237 13643 85347
730 6571 89774 112329
731 51765 14489 15743 15000
732 101535 782 37783
733 67877 62548 6449 4643
734 102630 82816 102645 91190 10433 37283 109768
735 87028 25057 73337
736 30276 84968 916 75966 43978 15674 77887 4809 107327 98716 73801 108356 72011
737 1269 46197 69972 77338 34993 48492 110257
738 35415 67262 39303 15076 78579
739 15776 72792 54041 75653 53684 95794 9209 1602 39657 576 3475 18595 2201 73553 47257 2276 20652 18840 93114 99918 34932 39433
740 34368 28012 46720
741 19138 49976 89787 91301 58644 1248 1994 9392 10117 22869 5241 42644 91483 105052 8404 84469 25562 43137 99697 10077 14222 20275 5859 104031 998 104687 26382 7405
742 1397 15971 26906 66723 4643 69741
743 83071 83111 93862 104416 104417 71480
744 52925 3114 80244 93290 51304 103825 4525
745 15316 14494 576 5110 58810
746 34689 72271 85586 99008 99528 101452 102100 56430 104835 105672 71345 110723 110884 110195
747 38787 7002 5510 100514 5333 5473 22003 1515 46666
748 1476 15784 2882
749 61002 56407 103832 109505
750 98153 41576 39303 41785
751 8420 5911 102361
752 9704 41021 10108
753 7412 859 19194 319 8361 150 44548 7144 862 5399 60935
754 93884 101100 101125 110107
755 55476 95868 1309 8195
756 90152 99363 107761 59326
757 8255 126 5996 44861 89840 4985 10782 10014 66655 1809
758 45333 5325 6769 66050
759 68901 12921 7172
760 87889 88983 94103 96949 96971
761 68998 8350 13778 46807 5755 32330 55311 86555 95493 16296 76773 65799 4288 34667 18046 109365 58675 3754 22233
762 15025 55244 7600 89309
763 91123 91124 92842 91967 92867 92868 6286 94736 94762 4056 86020 100394 99129 100422 100534 23013 103548 103567 103592 104645 33994 106174 50348 19594
764 37346 60851 90812 69648 50443 11011 14291 3803 89984 30356 12628 99234 99237 60851 107389 93606 84516
765 68581 107009 10542 109529
766 26893 89101 9897 89495
767 31321 98494 98005 33261 15713 101001 42533 73682 112033
768 51119 3446 451 51317 39537
769 93260 102088 103165
770 84031 47 12989 46834
771 30455 73553 97096 47381 15319 111387 57631
772 9270 5852 75202 23420
773 97133 20166 41286
774 32645 10619 15278 95586
775 102136 66772 102154 102166
776 761 48714 1381 1355 12154 5443 2149 103223
777 83699 91614 91618
778 98698 110421 12921
779 41455 85423 22523 84630 87815 3048 41334
780 94269 94270 94307 94907 23377 102420 102422
781 68991 84139 89773 81159
782 45239 100876 29236 107611
783 86478 86591 16592 27764
784 70365 5922 39355 70733 52619 108950
785 69929 69930 97132 105360
786 1455 44809 71355 56054
787 4750 4356 56556 67550 67548 95440 8760 95453 14494 8443 97339 97340 102933 33119
788 70657 4064 18416
789 89549 89550 97911
790 90134 108411 108412
791 10000 8912 105385
792 50262 88576 14383 87592
793 95605 96831 4926
794 34536 38410 85928
795 28389 77479 5844 47628
796 85203 16608 306
797 39212 59640 2283 1960 46504
798 83772 13246 15759 18784
799 84515 89662 71598 71214 6761 86040 94080 101895 15813 46858 1846 6732 30291
800 230 87938 45239 88838 84630 59723
801 100525 1960 37295 21787
802 2800 23953 6964 41221 35990 13563 4318 24645 67619 1473
803 29189 736 9130 34233 30737
804 35611 61249 17797
805 32219 782 14932 59008 94709 17264
806 82046 83379 22619 43433 72108 4826
807 89779 100916 100917 90572
808 101953 23390 82274
809 94710 95257 101326
810 83943 8275 87891 24684
811 91068 101991 103646 103886
812 795 33126 49986 15104 90442 51950 101670 57258 69508 35611
813 94331 23341 64903 110871
814 21471 110695 110902
815 85209 87286 26830
816 73638 55746 11078
817 84145 14022 87516 52860 74038 23697 2587 83986 5945 59988 40425 96969 6166 71968 40441 19342 84630 7192 94711 45612 3914 5811 7077 76921 75739 103489
818 54768 98661 34977 22003 92346
819 83292 8350 102246 102273 86532 15000
820 27475 10105 12921
821 87307 95930 3190 108373 30291 52067 1471 6341 109471 21786 603 108373 72988 52040
822 98043 77144 28745
823 10665 83486 83487 7745 30542 83521 78556 43706 83543 83854 51773 111259 43706 111837 95122
824 15709 2557 8255 9328 13247
825 43602 20345 17606 14333 55007 35768 70016 15916
826 83339 1912 94433 26945 35527 14589 21116 13091
827 90252 1994 102056 55172 69921
828 5849 30117 4958
829 83315 1892 24143 77188 11995 112055 112056
830 89871 84751 15971
831 36292 17554 97390 43433 62195 97442
832 97166 97188 32286 106481 57431
833 4044 85940 95124 50315 55713
834 37884 12264 2052 35415 42133 43602 37327 102271 12264
835 41716 107192 107197
836 70439 102247 102256 102424 102425
837 90270 97173 40668
838 89995 10981 110270
839 90026 90027 93678 94050 782 94050 22953 102275 106352
840 19640 32297 8029 50461 73009 65322 99569 29636 106338 18536
841 89786 22195 78197 105442 109154
842 85158 43662 66631 106665
843 39754 97536 105278
844 91383 91384 29015 25575 1015
845 63271 45932 59940 4318 4657 28932 10710 10344 14908
846 97014 99407 28564
847 88337 88338 19397 34908 3162
848 89787 89798 90271
849 54114 89220 89221 90018 66915 91580 62371 93384 39628 5333 52434 10997 2848 41297 44436 96552 23654 3932 68731 96618 58933 46685 94421 15561 48327
850 16962 4949 14082 98018 37919
851 69337 89894 83570
852 1777 15551 48641 1777
853 84245 84246 14908 2459 5843 107750 14373 44596 79880 14333
854 37921 86635 37242
855 31221 5250 23330 32870
856 19511 772 34589 30741 96395 48855 149 14373
857 30516 16557 86567 69501 12393 4047 34235 54735 8116
858 9212 17142 1495
859 15104 29807 8939 9239 1498 102030 10380 12156 102755 2471 110838 1633
860 3914 101705 101706
861 31360 1814 34270 60023
862 90598 21786 58700 25057 24441 282 68614 90175
863 70626 42455 86218 88003 90599 92284 62510 102560 102564 62496 103313 103323 103350 103907 49520 16962 111339
864 90043 7978 23973 51928 9878 13629 1502 84630
865 94727 87997 102071
866 84960 96095 110105 111106
867 24981 107647 107700 107752
868 89787 79960 15956
869 106600 2761 33528
870 14800 97646 97647 14800 101371 107179 107275
871 46858 69270 41905 84000
872 2199 90641 22006 30350
873 24210 92222 9127
874 9126 87222 54470 13788 42360 105888
875 5349 10194 6697
876 103438 103519 2639
877 89466 89517 89538 104375
878 98001 46214 25690 77327 106541 23963 45138 34253
879 4517 9467 57678 1032 43623 101487
880 3848 38664 21343 34861
881 5650 67877 11906 17958
882 30665 37648 43433 42459
883 78457 51355 54796 61912 5396 14255 6003 34727 24823 4302 12102 103579 5901 102250 103489 77329 54076 43602
884 85269 7715 77355 9467 18619
885 82962 21846 71205 58658 35972 111351
886 88313 80663 98308 98313 96662 88313 40378 102020 102032 102043 102044 12008 110761
887 2653 87273 6603
888 34417 63616 107164
889 24269 42209 53439 3972 34281
890 12275 90148 18455 11306 18129 17892 92015 8403
891 1981 42644 22045 24092 71536 4958 64348 30 26228 70733 759 1563 90342 59811 43774 50610 93292 5465 81008 54768 68476 93356 61204 7905 80559 316 26228 71852 1810 4639
892 83547 52925 99357 42734 81934 27661 100103 110981 55181
893 31330 4873 458 87375
894 772 68761 46450 109577 1722
895 54875 35309 25683 27996 80396
896 27095 65327 101574 101575 35906 13791 62867 110685 33140 82597
897 29936 39900 90347 8376 4370 90479 5275
898 2040 28626 3676
899 86238 86239 86241 86323 86324
900 6434 58966 31133 96700 93967
901 65006 1277 19865 101931 101952 102104 76951
902 11150 27808 12844
903 42644 86125 48551 23192 41363
904 3780 40182 1496 88680
905 84592 92926 95044 1589 98200
906 89905 35282 27500 64943
907 90094 90316 102254
908 84076 84077 100471
909 7293 10492 18323 43368 104465
910 42426 21472 37459 40652 25492
911 69689 61828 75263
912 49699 100646 112114
913 98258 3759 26379 47791 85085 11046 5901
914 61783 97954 35264
915 59500 16517 8701
916 34115 50325 13976 91611 101496 109708 110984 1936
917 88979 45782 90380 69904 46202 104 99287 20444 52434 69904 52339 10664 19877
918 277 16178 88228 83433 7282 28325
919 10247 87351 105654
920 41 34727 3932
921 19217 34727 68583
922 100525 83089 109044 48480 99491 104469
923 63268 90660 79943 87232 65229 112139 11676 24269
924 564 3531 15046 83799
925 68054 38162 101751
926 9239 3831 36106 22620 101937 101951 67995
927 44955 88518 19223 22083 9228 31327 86106 46398 95276 73014 39394 14407 31327 39471 61007 73014 63462 106858 106880
928 11652 34816 80370 63330
929 15969 56809 27734
930 84093 358 7745 94091 1256 9665 97746 18427 18737 36078
931 55098 2279 11477 45924 60113 8115
932 63688 96033 83987 69591 49256 48314 18953
933 10426 35514 101839 101840 101841 101842
934 16612 96129 1665 96180 30523 96327 96409 109259
935 88458 98088 98089 57139 12103
936 74414 76272 24137 6372
937 28837 9068 87150 76033 95660 34760 11433
938 2597 61242 2748 22948 90492 37780 29318 53275 97821 8225 81018 15046 102266 47942
939 17065 89156 17065
940 10504 72856 90751 12808
941 92334 97523 97524 93606 57631 26206 98439 407 4818 79211 93358
942 84293 51271 79696 90333 2471 99498 10194 15783
943 24099 90414 73233 12194 30767
944 6097 992 32073
945 8738 12520 13714 4443 80495 97782 11737 59652 80415 18129
946 8150 307 4302
947 19426 50106 94442
948 11961 39695 26064 90509 90552 95227
949 63012 61242 9705 44769 89427 81597 6449 2087 25436 18575
950 15307 9130 27598
951 14217 49698 84061 85416 4961 93761 7443
952 952 68668 91864 18692
953 84478 90344 90382 90384 90385 102371 102380 102381
954 95233 95250 95251 98284 50961 98284 106229
955 38048 9795 63004 86761
956 16707 65000 39996 11599
957 64157 100109 100110 68791 52591
958 94798 88873 95004 95801 98560 95004 94798
959 68442 21992 39137 72055 52740
960 40679 2276 68341
961 83673 86133 539 98988 53484 46315 2647 36605 87581 106840 37665 109153 576
962 85086 9 1737 91901
963 90736 100528 102463 102464 6174 110160
964 6341 43973 106949
965 16114 107344 89052 75748 110369 18193 110617 110628 46504 110640
966 57948 93267 37254 95980 40795 33850
967 95537 95567 95850 105695
968 90311 90406 19871 101259 55273
969 39367 49076 75733
970 56011 40403 86133 83726
971 10014 4663 70660
972 87035 23404 40833 102738 78434 99852
973 73553 107706 1975
974 37517 6441 72495 4848 43203 39957
975 10395 8094 10395
976 8757 32073 94116 53652 83129 14801 97299 3832 103162 103169 57995 10258 53302 112258
977 84554 95512 40403 78538
978 89643 39367 68546 85066
979 84602 99582 108126 108127 81120
980 84169 84170 90190 90191
981 96425 72420 29310
982 12146 89620 8449 47290 12146 106831 106849
983 87867 71598 90500 230
984 71701 4302 10020 104663
985 81125 33053 34830 95217 105499 20821
986 1111 41550 98447 2279 84639
987 4572 15796 102403
988 97288 59403 62198 82954
989 34099 62264 102505 16713 102945 103260 103279 103283
990 103160 67411 17057 11381
991 78424 38515 76166 95521 20151 2233 102320 56333 102323 78424 102324 102325 38515 105301 63999 105302 105348 5467 39631 105365
992 74734 85339 87257 34834 82189 106643 38536 112173
993 13010 23481 80280 47250 9145 38433 99178 80063
994 46571 38115 5214
995 93749 103718 110877
996 68223 51102 104515 91080 36055
997 92718 81750 79126 15319
998 21038 83435 85772 88762 34248 69192 91128 92676 92771 100547 88762 100611 2747 92676 102840 86686 89062 107232 21038 111965
999 48844 77967 102515 96689 96699 98759 39754 109630 111580
1000 76182 13661 6624
1001 90723 89638 1009 102494
1002 92068 84630 1297 102742 102743 31746 66081 92683 102911 102912 89767 1323 1603 95813 103240
1003 43602 13654 98450 2870 53295 4378 52063
1004 30053 29125 61409 84878 78451 70957 27637 12161 62370
1005 90633 87325 78356
1006 9120 1815 70449 5337 56620 18863 100059 53391
1007 9123 87942 47086 88006
1008 69199 102975 103841 57168 51934
1009 2808 5509 76213
1010 15695 3506 37531 91391
1011 99409 40622 103553
1012 88915 16893 92222 5350 95206 77788 66125 74759
1013 102517 1830 8680 66541 20463
1014 3573 102080 92834 67457
1015 29636 93487 52199 9269 56323
1016 1111 13159 6689
1017 94355 13861 96101 96114 60641 100630 61679 102419 4075 60641 11719 105280 105282 24764 13322 108627
1018 15071 33789 61786
1019 25171 36667 51704 102590 70304 60667 14619 94556
1020 76337 13751 21660 13123 102222 57087
1021 49192 24823 23505 15529 103733 43224 15606 23973
1022 6103 54857 57706 104803
1023 90527 39009 90780 78548 24157 15907 93528 60595 97607 54216 90527 55129 89480 104770 108358 96369 108428 108434
1024 25724 104376 109559
1025 48587 5424 86930 2851 34129 1455
1026 85040 77062 3027 7190 239 70919 49708 7434 91655 7889 83917 98096 61242 98096
1027 46078 84089 23924 78744 97658 98101 100042 504 5845
1028 22267 9891 52513 2499 4825 17972
1029 87219 72011 46807 53439 15882
1030 16954 352 16954 22772
1031 87773 98273 98274
1032 2800 87040 77887 88918 746 2106 4173 84555 9033 35990
1033 47314 85551 12949 85593 85621 87399 40621 31268 40075 90250 38463 18416 451 10247 80365 14897 65000 4719 16394
1034 676 21466 32800 4970 6427 94057 40074 4388 106957 1908 107094
1035 10837 86098 106795
1036 37969 72665 14068 1328
1037 86487 3741 82607 39657 17328 56877
1038 90107 26411 63523 48925 93110 98638 98639 99226 82285 30679
1039 11683 25670 111485
1040 88459 16663 60407 89512 39331 4327 90112 90695 518 24737 33809 4367 31057 39331 103131 75851
1041 90547 90548 90557 90558
1042 1297 412 76961 41202 90205 90206 11007 34597 68761 69978 68476 92483 94295 5424 21559 3190 94965 4657 97293 66184 84630 85066 19865 558
1043 1892 85021 90662
1044 1440 1656 85771 24660 81512
1045 62633 89715 42876
1046 22405 9390 104514 47150 27189
1047 8948 72665 36508
1048 72796 90614 102386 104266
1049 40117 16999 109846
1050 4518 9936 102269 95457 44747 8408 39086 9130
1051 11483 112057 112083
1052 17925 84515 66015 19173 84289 10987 62153 84515 7657 89408 91756 51162 24336 48655 23374
1053 29696 9524 10394 1512 40564
1054 41013 95280 4629 102253 45490
1055 79943 98464 76040
1056 84282 90401 58109 1960
1057 88486 99463 104567 7090 110041
1058 2779 5333 58633
1059 85115 58258 65309 20531
1060 8195 7096 102060 102280 102281 102294 102299
1061 40074 34196 102475
1062 39103 51761 54432
1063 93655 110449 88826
1064 2790 107370 79315
1065 82963 66610 82964 23428 83092 95282 80824
1066 68387 88736 66443 49863 1880
1067 4112 2338 17525
1068 92332 4710 109622 10842
1069 3805 95377 1061
1070 55474 103830 109745
1071 58698 57032 107256
1072 6276 36151 10283
1073 96365 96848 15998 99725
1074 91359 11274 5333
1075 3038 99288 16157 45418
1076 11465 40522 30260 105587 34146
1077 100695 97631 101884
1078 77758 90589 69007
1079 14088 11059 59613 73150 81370 80493 57788 82285 102390 102391
1080 60774 1956 14767
1081 29759 46405 101408 2800 59116
1082 35532 85066 4946
1083 13288 87119 87157 57856 41819 32853 71598 14854 14984 4007 25491 5429 13288
1084 76222 93637 62981 89538 94992 43143 100232 5323 30054
1085 9667 31437 109473
1086 1207 8472 23994
1087 95002 99957 100047 100087
1088 83210 10932 10454 31359 19173 96906 69591 6236 17904
1089 28798 93029 93159
1090 90605 102016 102114
1091 23309 14427 23887 58726 86921 4118 95944 59600 54248 106063 106092 9017 95056 106399 38454 30813 35882
1092 102219 34985 102235 102236 102242
1093 90523 1471 28264 102438
1094 8385 6647 44529 109107
1095 41376 67877 7130 48362
1096 5387 2842 97400 55223 97401 97413 106744
1097 61442 55620 990
1098 92069 38178 14082 9438 104261
1099 63910 6383 21460 88209 83537 84222 83225 46637 68076 21573 36457 106554
1100 1975 35361 71047 60957
1101 28932 102679 22503
1102 86044 56011 2083 307 71355 111017
1103 576 17264 89882 89891 25690 69751 86887 72270 17048 30397 37453 41819
1104 81139 91033 57915 33517 92192 40550
1105 30856 56432 13670 58013
1106 83108 93019 104443 9871 108518
1107 88284 69030 53580 83272 98402 8673
1108 90621 34813 61868 1785 36603 5396 101940 77355
1109 2277 96889 93395 99515 106464
1110 55793 96649 81876 46755 82703
1111 23841 2674 89831 35697
1112 4833 104346 29636 42826 60667
1113 49230 86410 88058
1114 18836 57209 27034 28965 69884
1115 86496 89333 2014 89334 95661 98907 47161 105802
1116 34468 73236 12596 98786 44896 102555 102582 87854 19985 45825
1117 83633 58091 86643 16874 90073 40130 81941 2197 4318 71598 90273 84197 83633 343 61510 62063 99033 60911 100868 62531 100869 100890 40113 22871 57115 102354 94725 102369 22576 109118 24980 38710 22577 8144 67951 104370 109249
1118 71866 45082 37510 1502
1119 13270 2698 11996 39394 48864 46999 31177
1120 37585 63914 14824 32502 100461 97924
1121 68583 13912 95890 58933 54384 1986 110076 68583 71910 44311
1122 39891 41176 12999 16469
1123 90603 35482 12113
1124 7764 99596 3822
1125 56239 40338 108334
1126 102878 102879 102880 78943
1127 90629 84365 110289
1128 80244 87731 46421 93539 2536 81401 72267 56735
1129 88654 44249 88908 96241 4370 85874 110779 85872
1130 31164 96680 6060 97992 99953 103556
1131 30994 14801 60589 31719 109790 109791
1132 661 2063 24567 38497 8385
1133 98432 98552 57167 102537 6432 62775 110895
1134 90707 11995 25819 5859 19241 101911 40781 102604 49722
1135 30508 10607 74326 107166
1136 1981 96777 74568
1137 60985 73553 1225 66995 108199
1138 102648 105027 11186 45024 13704 109780 109781
1139 239 90610 101432
1140 21530 53210 83957 71355 3760
1141 20374 78 22324 31106 11832 93502 34828
1142 32441 5887 24282 100460 77528 6599 109445 66420 87470
1143 35495 96969 33520 103493 14619 107964
1144 85748 3233 3233
1145 83725 29421 106738
1146 6224 77933 16433 6224 192 101459
1147 14255 32627 83745 46582 80826 84323 7407 85968 85969 27685 86379 72898 90563 69120 3636 65197 23979 91039 91050 92069 9212 70499 111004
1148 74393 76724 97903 98866 100969
1149 60956 104391 109256 278 55296 110238
1150 38971 69166 109939 18165 111120
1151 87037 87038 14636
1152 9622 10766 14420
1153 79754 87744 36138 87808 20306 87809 54733 91571 79754 37559 87164
1154 25392 95980 19359
1155 85899 85900 85937 85963 85965 99027 24209 91996 103597 104938 100437 81601 56352
1156 95511 75824 12465 27857 10434
1157 2091 24021 412
1158 27734 9228 5840 6965
1159 86735 99238 57533
1160 91423 693 418
1161 77853 91076 91110 91128 67764 91088 94322 95548 96882 103430
1162 36122 24199 103666
1163 14612 85687 85741 85742 97594 70136 109031 109076 109077 7826 109128 42458
1164 91847 91848 92082 104007 6087 18345 17701 33502 2188 77929
1165 85701 85702 85790 19480 91044
1166 84324 55181 72805 55181
1167 89172 11207 17414 90848 15609 73189 89172
1168 69414 36011 25507
1169 27475 23404 1306 14272
1170 24068 40496 92593 7525
1171 102880 107742 38745
1172 8037 63896 3245 3462 48742 19342 45857 95981 87365 38707 49062 34235
1173 2115 48283 2787 18762 31955 2699 14589 10088 20531 111382
1174 14813 14366 33820
1175 18693 19671 103453 15972 2277
1176 15594 28841 91616 12329 94749 94750 32348
1177 7477 80838 14026 1975 10545 89255 73553 2168
1178 45453 36837 39657 94501
1179 32259 93606 9749 3739 1337 83289 13171
1180 84347 55946 2138 92835 85164 41007 32129 29649 90924 103875 9988 106019 110830
1181 85013 58083 2612 86211 13091 1228
1182 91880 91754 74070 91897 10437 91898 3086 59773 82024 18483 96405 91880 109533 62287 62506 21713
1183 97083 1360 83329
1184 85658 19770 91091 2646
1185 30582 75413 15972
1186 53494 3343 76572 78858
1187 78865 87545 90627 90631 99789 52374 99862 59723 25563 2256 11278 56204 109245 38006 109247
1188 12921 14379 6940
1189 48153 41956 97080
1190 82969 10359 86574 83437 34698 9564 45564
1191 98745 42064 98744 25275
1192 6672 28941 91516 59744 28952
1193 84207 58196 90771 42936 15452
1194 90559 52819 855
1195 91226 23587 91227 68173 95802
1196 13413 60589 81025
1197 43075 30743 48896 9328 84354 48532
1198 894 17594 92561 96361 102468
1199 83275 28128 20158 65151 66423 3435 95198 78553 28128 77494 102363 66423 7755
1200 6998 5070 36655 5733 103054 28594 41036 24222 19140
1201 55096 42940 94017
1202 85995 86060 87256 102625 102626 102690
1203 92213 92482 64601
1204 57291 74590 87492 1149 1089
1205 61203 65954 79943 41506 33613
1206 12667 31719 2238
1207 75953 86470 90852 90863 102706 102974 102987 85214 103180 103188 103915 63551 104933 5338 67264 54913 110991
1208 102614 68018 30790
1209 21913 83961 91861 43626 92452 92497
1210 46450 55968 8903 85381
1211 85147 92505 50783 111001 38906 3575 19640
1212 28354 35504 9639 94455 56535 58096 94584 94585 79653 41581 83442 95791 95818 25710 95819 23791
1213 3195 14224 85227
1214 90593 90601 14984 14630 926
1215 94513 94514 107087
1216 87346 72011 92449
1217 18078 75383 90643 90648 1005 102588 105058
1218 77243 62828 44441 994
1219 19 87365 31396 91202 91210 67356 89376 100063 93750 70657
1220 4032 86293 32645 11266 54475 76534 56030 56859 40442
1221 85929 82361 10294 54796 7577
1222 57687 10975 81025 70964 25057 23861 16178 6807 95362 74038 837 100288 71312 64456 31192 103890 80284 37364 100288
1223 6212 97762 102497
1224 62220 29461 13 40827 40182 12
1225 3114 82572 100854
1226 33662 10654 5043 88405 43914 18263 90919 2040
1227 70611 23481 102611
1228 73482 29574 24269
1229 30431 1370 11068
1230 2228 102545 2225 13516 96683 49494
1231 15719 12812 85940 2420 37069
1232 55964 17420 98472
1233 85310 33325 8554 41588 13413 106424
1234 96010 22702 2233
1235 84331 97875 98025 100005 103726 103763 103764 107799 51963
1236 10667 12701 63496 91345
1237 86232 63474 90673 98509 98590 63611 106416 110016
1238 34932 29636 91797 82786 80323 94706 99871 92382 6075
1239 83017 43662 97461
1240 7307 52181 4533 42785 10079 743 72206 23594 66453 89532 10592 102491 25636 23632 100389
1241 56011 15988 90044
1242 15578 77095 67161 7579
1243 72568 99100 12263
1244 38799 2245 38670 35211
1245 27127 86876 86877 86878 13737 96582 96639 96675 96676 96677 106459
1246 89822 96659 9566 3612 22791
1247 90860 90861 90883 101088 65307 102592 103443 107581 90860
1248 80211 19057 86576 44154 39681 102591 104301 104302 107047
1249 57788 8458 93998 2279 6441 91901 40146
1250 19907 72634 50224
1251 26832 93929 24661 16397
1252 91502 7544 849 31420
1253 40407 85207 50044 102258
1254 29070 7855 98438 17002 8925 62047
1255 47485 19449 98795 56215
1256 87569 46533 27990 90252 40403 36850 6363
1257 90760 16600 1764 92719
1258 103334 31294 42089
1259 87544 90544 90549 13159 85641 41227
1260 26364 54759 33593
1261 17136 24346 85387 65280 60173 82753 90737 53195 6227 106084 106125 17136 10182 14026
1262 31430 91851 9400 93499 83704 8492 16962 98277 30200 34170 99020 37963 41335 85956 14714 20389 59535 30200 20699
1263 68761 112200 30338
1264 82607 61242 30519
1265 65808 1328 280 25077 99154 96689 105067 93923 83726
1266 41298 59332 105876
1267 82522 78575 46590 48574 73741 100797
1268 5861 48844 90413 35361 37607 9467 9792 13
1269 37202 4340 65042 76127 53020 76303
1270 93773 97380 111767
1271 1278 10022 93963 105905 101599 10022 109583
1272 1267 2106 97596
1273 72869 5877 307 49116 75966
1274 3805 79160 99542 6901
1275 86235 106 6767
1276 83083 85458 38808 8364 72698 14165
1277 6449 55118 58234
1278 34265 34644 92622 11652 106734
1279 11731 15647 1785
1280 84357 84410 86658 91428 92163 104186 90836 104777 104798 105214 17897 107621 77361 106057 111331 112223
1281 93421 86899 95125 96723 23136 82689 82648 96633
1282 31154 6697 28492 102578 33381 83927
1283 87908 17691 107631 53209 56741 4854
1284 47085 76506 8631 711
1285 74280 53674 36245
1286 46557 46555 109227
1287 91574 6767 2517 44980 11977 79182
1288 734 106362 89947 1548 86615
1289 5553 79182 73362
1290 83084 35740 105512
1291 87794 81683 15452 66082 24513 105875 14260
1292 55497 16075 22218
1293 81879 86144 86145 21985 13041 67847 55718 40595 98895 12226 46706 56487 88228 67877 103243 93283 59104 90303 83987 37868 18316 18595 15788
1294 86721 86750 90688 84147
1295 77343 52814 85105 993
1296 13527 67411 71204 84302
1297 84145 22782 92584 13555 16962 73912 47808 24168
1298 94020 76997 18065 104171
1299 12638 1997 30220
1300 8255 14264 73482 878
1301 7978 16380 57292 5400
1302 723 34618 13555
1303 44710 85989 85990 26670 86030 1035 9649 40583 81000 92783 103141
1304 6075 67823 37323 3228
1305 77727 41936 5672
1306 4786 39664 75968
1307 48314 90630 104541
1308 78667 85066 80631 20443 45605 24169 22782
1309 99206 71289 67997
1310 20887 108452 108702 108708 109025 40339 109291
1311 6120 94842 49232 105156
1312 90789 100417 100485 100609
1313 86540 83580 86541 64247 44005 98278 67181
1314 67576 55772 8635
1315 103466 7692 5851 32052 12696
1316 84339 12880 9443 30355 11281 27310 61514 54951 50374 107687 107688
1317 86864 101187 17557 51705 105113 108246 109018 110325
1318 84976 2359 36090
1319 15154 1355 67356
1320 96664 38140 14707
1321 70945 93533 94336
1322 1440 90655 7720 40833
1323 75210 93565 68925
1324 14912 75156 13714 74322 647 103163 109125 56283
1325 13995 307 14619
1326 16081 2900 30093
1327 27342 28986 28468
1328 2372 83353 88858 92942 57355 106346
1329 63087 80671 99356 99447
1330 86558 88064 51145 90578 90582 65572 90584 20540 81293 91467
1331 87831 87408 15254 20636 87682 88139 2383 109964 34366 101657
1332 23258 32318 28217 34677
1333 67041 1548 3518 76318
1334 4318 42293 94297 8400 109855
1335 83700 36277 20362 61591 89430 91726 11863 71263
1336 35157 92676 4629 19676
1337 2390 91005 104492 104493
1338 7692 43060 40778
1339 8244 39459 23681 53674
1340 39140 66279 92349 106517
1341 91983 14991 2210 9157
1342 31087 77429 18854
1343 16366 18593 29367 74766
1344 97921 97922 2646
1345 92723 5811 80631 72155 104557
1346 102767 102800 109507
1347 69301 22503 110458
1348 78494 94025 16504 20077
1349 26788 51080 4516 23825 97122 109043 343 109070 93234 84604
1350 2513 34217 41908
1351 8353 33808 40550 84516 576 3759
1352 92850 46899 88838 10407
1353 57816 19994 34005 46059 111937 111957 111958 111963
1354 21233 7585 86353 87572 6540 49442 66872 57292 99838 80631 71789 100804 51346 106973 43163 79160 109754 111591
1355 13526 87687 102888 106628
1356 12558 26891 1975 34460 1975 23972 1961
1357 29570 49148 110819 76867 47 37295
1358 2183 3768 40182 10009
1359 2428 15046 108304 12032
1360 230 87499 90756 97463 7458 56011 46979 102768 97463 12152 108634 10657 64682 40090
1361 93738 46807 67877
1362 16355 1645 22233
1363 35361 34461 87939 93115 96196 100511 7281
1364 84555 3191 33189
1365 2436 61955 12739 99841 86410 103219 7167 103220 30443
1366 14928 16296 23936
1367 65074 993 84429 47197 94110 103678 583 12152 4318
1368 91694 56950 27744 99534 51249 72951
1369 86444 91802 99837 108090 15882 47013 111808
1370 16561 27305 94226
1371 36881 30308 11576
1372 82948 5399 14797 96885 61300 56735 45239 67877 16933 22809 83570 14545 65602 38313 861 40689 56735
1373 319 41013 14503 9002 83726 4513 14753
1374 6003 23352 24199 97840 23948 46074 18770 8535
1375 30766 29642 45720
1376 94359 40661 62326 9467
1377 1337 1207 15788
1378 75106 5922 16753 1777
1379 93895 93916 93939 93949 74941 47955 101566 101955 110122
1380 5424 307 105758 107632
1381 83162 110446 25000 44131
1382 46090 90178 105447
1383 61691 51493 31891
1384 2814 99406 102591
1385 67310 2277 19640
1386 24876 7031 74393
1387 83310 94720 35194 1620 1886
1388 15140 91645 16 25644 1777 75141 104496 104524 104525 89472
1389 87784 31571 41654 92250 4031 82067 95077 18492 10223 18697 9443 100538
1390 84480 68861 11997 13206 32167
1391 71472 87118 52066 34246
1392 60487 88856 80631
1393 87122 87124 87125 89936 3116 89937 65917 35217 83476 99861 99863
1394 19325 89035 78753 89973 89974 36655 94437 94918 94923 5172 10063 96366 79504 97119 54713 31472 97948
1395 5286 7720 106138 44442
1396 83884 83908 83925 83926 52814 52520 9765 82503 34676 24133 85849 50084 57531 29188 86549 52814 95503 12751 95560 22996 8315 99888 62860 29620 12773 29188 25254 105121
1397 83813 63323 109589 78628 110898
1398 51174 45780 60487 29860 33409 92632 108157
1399 12702 53552 73722 16475 105180
1400 10184 92821 45612
1401 94390 21807 69100 71684 1777 3861
1402 934 102740 102784
1403 81122 10020 110974
1404 78446 14563 819
1405 11783 30026 96820 19363 96384 23902 100887 17714 2854 100988 100989
1406 1715 12273 6143 97853 3919 25047 33077 112151
1407 64092 17555 60274
1408 86423 92268 1755 2106 15735 76757
1409 68038 90689 90690 90691
1410 86680 5178 2208 96776 22940 57094 86737 22424 109644
1411 64245 22036 86202
1412 88452 69949 16310 10344 10258 34946 104343 104358
1413 70512 39265 2521 105920 11465 44127 2779 5843 8255
1414 20755 2525 102872
1415 109619 110478 95500 42192 110581 110582 110612 32012
1416 105476 50193 22405
1417 2530 10869 13919 23534
1418 92821 2266 3839 918 13332 28410
1419 38822 82836 98061
1420 5074 74393 2808 67009 71550
1421 63829 105207 95440
1422 3046 88551 85526 76605 78170 93933 30819 100851 2543 18962
1423 27709 105264 109668
1424 14744 2543 36452
1425 85557 69769 33224 12214 47194 46333 2107 65361
1426 105026 106912 71367
1427 5123 57896 23868 50029 25741 34248 91088 92333 55867 68797 24643 24027 102640
1428 85304 61463 15957 18400 23793 75392 11596 107728 108131
1429 106 64656 92584 4496
1430 29564 29566 48824
1431 85485 87192 2276
1432 5117 23049 65000 16627 98312 31270 1790
1433 3630 95148 105939 2559 24502
1434 80639 79007 91894
1435 82680 10770 75344 15659 88677 88719 10444 11912 28218 105236 105238 69785 4629 49120 5887
1436 24525 109032 96104 18842
1437 96886 789 540 81597
1438 90646 67416 109415
1439 86812 14653 58755 88001 90588
1440 1706 23972 34339
1441 87370 41419 86247 90651 11621 1871 99518 99534 8987 105071
1442 40659 98159 7715 5109 111518
1443 6287 85412 27000 85094 73832
1444 81024 21811 107699 3210
1445 14801 2012 96111 104272 96111
1446 17574 5396 2368 23494 34527 319
1447 49498 44416 13555 3475 69270 27808 81597 54796 7643 29060 1610 63757 55537 96573 16378 1397 42143 3739 4047 91016 5811 11049 3267 3475 110687 110688 44416 34949 34727 35818 107804 40388
1448 25552 88261 82024
1449 84530 36951 1328
1450 71839 68472 108145 84915 78346 111008
1451 72270 88292 94012
1452 94915 103719 34816
1453 28912 99843 82172 111750 88726 111751 63566
1454 28795 91988 13107 98516 103238
1455 14786 13829 22618 52950 3086 22090 91918 40788 15972 91963 273 5074 51294 56535 69229 94008 5767 88596 2606 11586 7908 94008 110747 18108 48123
1456 5503 2608 2607
1457 3491 20460 22967 88207 39653 2224 35449 12222 35388 33733 28183 3494 46611 102944 35537 106106
1458 22136 3560 81100 65140 14335 21034 109774
1459 1160 112269 44540
1460 35272 29876 31044 94743
1461 94169 94170 43520 5295 2800 12355 6434 9883 4233
1462 15647 34194 87782 91079 41297 100516
1463 86174 49763 25192 11744 48479 7276
1464 84119 70692 87600 16198 18020 99297
1465 94754 94755 66766 2629 94756 94757 94759 94760
1466 102563 56625 107238 63122
1467 20018 91129 92289
1468 99869 106361 92525
1469 9931 4758 105684
1470 26610 85625 102838 110156
1471 16841 16548 25213 11499 104504 56940 40921 69591 105605 45294 42190 9705 358 31654 10029 43434 108351
1472 94838 71508 97622 77029
1473 82469 85041 87237 36762 90822 73729 32129 9228
1474 1750 8315 15956 18334
1475 90698 77679 77673 108067 108068
1476 16010 15190 45720 89531 15000
1477 15486 18784 91047 75140 11727 8037 83580 48314 2657
1478 55919 102867 14500 102893 102925 84739 102926
1479 18515 1910 6971
1480 88666 93264 94742 92622
1481 93119 95072 24489 29202
1482 81398 89956 47286 101680
1483 6434 13981 20873 37022 102668 1548 1902
1484 12694 108 55967
1485 15158 74423 83726
1486 47554 16593 398 94475
1487 67612 90699 57924 4318
1488 52811 5528 70444 100781 38109 13204 34223 109691 110329 84099 19264 111245
1489 23973 2684 90835 92171 69207
1490 10920 84204 84267 84315 84316 62694 55130 84492 42779 2808 29001 72890 89930 98320 19204 108147 108165 108166 51037 84358 111570 112222 112229
1491 71863 10840 80631
1492 21713 81502 81503
1493 1388 5043 27401 15971 9719 9962 5824 8903 90487 35710 24483 46109 46164 25764 92148 95603 90196 5043 89309 78588 24483 104174 66184 98381 105685 65076 22185
1494 12694 72476 13172
1495 7386 30438 4685 72845
1496 2281 76084 76756 93236
1497 26368 100261 98614
1498 92679 67959 5844 54768
1499 27401 87467 96108 36307 39842
1500 7778 74709 8255
1501 91172 46084 15671 67661
1502 230 83453 44545 99487
1503 7061 4026 13909 26656 103750 103751 35707
1504 16003 280 84095 16522
1505 90891 20758 27305 4758 16561 34306 106102 55079 107626 107637 111741 111743
1506 87885 25477 99932 103028 103034
1507 26976 90995 8917 69769 3130 56520 1047 81946 63041
1508 34813 20791 13171 4390 87032 36245
1509 84905 73920 32588 86295 51889 63268 73473 94882 94029 51888 95067 95068
1510 39978 60757 56204
1511 84653 88691 28929 54529 54470 81024
1512 66825 36732 36924
1513 85957 85959 13027 50663 40669 35147
1514 16408 86464 19330
1515 5922 84390 104671
1516 17184 3016 25927 106362
1517 37538 58432 108596
1518 2763 32146 8673 13330 10708 90611 99492 36294 9903 48035 95909 9358 107019 18111 2238 36210 20166
1519 34281 278 7172 488 56943 31297 28497 3475 75724 1287 22664 7192 10604 94663 107242
1520 37439 31492 63293 17189 42743 11536 10462 19839
1521 48706 98822 98827 35211
1522 23134 91429 91521
1523 83029 22075 479 4757 68394 20345 15353 19217 13484 42566 82740 27249 79616 111969
1524 52319 1986 77668
1525 90645 22589 84130 99418 99419
1526 44976 72019 31471
1527 83321 109567 3126
1528 90814 102669 103978
1529 21179 34816 51253
1530 93847 36660 92180 102771 13431
1531 18269 97040 42209 98456 8244 98985 98986
1532 94119 1961 56016
1533 81985 80230 88930 8035 46156 11411 92170 74517 80230 97418 107614
1534 88870 8457 21365 894 19422 103573 54862 53672 11321 27017 14089 110404 96506 110815 79289 73998 110865 52319 56094
1535 319 1871 23973 109425
1536 8523 33257 11477
1537 16605 24801 50862 26161 49025 2215
1538 37207 71934 102853
1539 39258 14778 58882
1540 34727 8572 5333
1541 100636 101152 101153 101225
1542 29347 86398 18702 87073 3161 87096 87478 66731 86727 66777 91001 80558 10612 29689 39633 49410 47168 53014 32343
1543 92377 38703 92392 18772 188
1544 102785 102786 45014 102845 102846 109678 109679
1545 84214 34667 8825 78590 6630
1546 14436 20166 87420 56520 99134 10986 28564
1547 53865 89435 5901 3739
1548 5452 98312 49116 9208
1549 82345 12192 2781
1550 13171 518 90708 80151 83310 93639 8015 16555 94002 102844 83310 14786 57349
1551 88283 88283 44230 17441 88283 5631 87634 43579 30635 29259
1552 90868 100030 100151 100152
1553 76831 15036 36705 108910 319 56204
1554 23448 53409 105492 8418 110914
1555 61031 33812 8257
1556 39845 7930 45859 69962
1557 33430 59338 7942 75663 87400 280 73270 76685 65229 7288 96225 5945 34739 13366
1558 32007 110412 111235
1559 69769 3864 40944 6236 88745 88780 31838 18191 22259 30897 40944
1560 1118 91933 72614 36042 75037 102657 2563 75037
1561 47400 91462 33461 17904 21332 98393 47400 11890 51400 102817 5960 70623 95879 32765 47168 9232
1562 83144 67633 104578 26183 105514
1563 83464 83475 85351 88727 42249 41309 104941 63946 108855 19493 110073 106473 4831 110103
1564 18421 3782 17144 108060
1565 13027 75845 106053 106054 106067 72761
1566 54727 20304 68634
1567 3560 926 108031 3727 828
1568 4360 12298 54905
1569 87654 88660 66784
1570 6868 87222 96084 96087 2805 40954 10874 98753
1571 85654 87599 100894 100895 100896 100960 100961 103481 103482 103578 21690
1572 10504 89661 45135 89739 98513 37999 103234 2906 1881 109516 7544 39657
1573 27324 2814 111496
1574 2900 13413 23614 84843 20431 90012 1861
1575 37031 80748 24751
1576 11439 93147 195
1577 17510 84382 78754 11832 36213 8888 92136 5793 77739 92142 2922 17085 92150 92838 94875
1578 45873 88718 94293 17614 30221 37912 56954 7666 25837
1579 5656 83987 23341
1580 91057 59451 88121 98623 25676
1581 41576 16329 11961 63279 67214 89001 109620 4825 41576
1582 86653 22055 13400 35 15695 34417 67877
1583 33064 2787 95794 102796 66443 10459
1584 42209 90467 90510 90511 103059 101253 28300
1585 65702 86809 78771 65702 105983 47750
1586 3304 70719 105154 970 105155
1587 63455 15030 88164
1588 52784 57442 57866
1589 69911 98989 33686 99009 99030
1590 15298 17369 17002 65309 3110 96197
1591 77829 82985 102843
1592 33171 90716 13577 93442
1593 100234 111448 1908 3637
1594 41936 16037 52059 91954 86885 77169 26368 22208
1595 15535 44897 76204 92336 110451
1596 3902 4356 16586 3613
1597 35059 90170 90176
1598 27259 99166 56011
1599 15154 93347 28952
1600 69591 24302 50620 25538
1601 85101 92008 72155 88539
1602 23341 7307 28626 34104 99635 1959 107246
1603 85418 68760 12377
1604 19575 68838 106986 98498
1605 30427 93148 72767 95846
1606 24573 9242 82731 93128
1607 81443 43305 85224 71774 108367 109262
1608 37345 78498 92372 92964 94555 1462 95574
1609 2955 9689 12938 91474 35901 2606
1610 92081 38453 31109 83580
1611 49696 85 99120 58842 99185 7307 77921 11985
1612 52512 37908 95654 16234 13893 103291
1613 19726 77086 62465
1614 9068 48969 93265 6166 20120 20652 45766 8160 35270 95566 6896 110510 110511
1615 2745 76602 28912
1616 89521 68581 73482 25203 2872 68549 26802 21610 33056 3914 105095 4797 14379
1617 20629 5251 3494 34 39699 18034 105556 45880
1618 23341 8400 1960 18563
1619 84254 97995 41097 99749 110822
1620 19958 3048 58160
1621 89131 91848 7387 77952 30478 60937 12082 91848
1622 34729 11045 6007 95881
1623 1289 8400 14410 91129 11810 92181 1032 102456 102457 9467
1624 20463 2885 1261 20463
1625 49330 68243 1475
1626 25824 90962 90981 2891 94689 21126 3092 111815 111816 3011
1627 3895 15259 9749 110577
1628 24137 6797 31001 15046
1629 52798 102931 319
1630 1397 43602 54796
1631 17859 18624 46595 87292 44836 10223 79962 96572 46595 106648 5286 46595 102167 107126 31344
1632 59619 90323 56489 66461 37976
1633 8982 67155 13892
1634 40781 5859 15988
1635 85839 86626 100052 30220 86626
1636 85206 33428 43449 9190 8267
1637 44426 93174 95160 92179 23233 29965 97101 67873 97431 4063 71986
1638 4354 19438 92912 717 1502
1639 22091 109955 109956 109957 107044 110049
1640 7116 110344 42796 7480 81473 110427
1641 33789 1333 13972 85180
1642 97854 53819 91127 110280 33554
1643 87152 6434 99526 104146 22515 11046 94123 54556 50003
1644 28183 2645 108072 558 17421
1645 43123 50874 15036 708 45720 6689 1832
1646 94572 13108 90944 17713
1647 87164 25328 12588
1648 106800 107141 13854
1649 13507 90960 103070 98717
1650 11498 7318 102744
1651 83827 14865 99879 21390 358 10029
1652 35817 71672 2314 111332 5794
1653 14216 2924 92499 82766 67532
1654 55335 7288 49997 30180
1655 83160 62716 28498 6640 1644 33995 15493 106852
1656 101006 15642 112296 36466
1657 76272 55578 24823 105266 23973 97867 4780
1658 50588 17499 84074 5631 23697 1633 4970 1495 27034 23697 43750
1659 96644 32630 60487 32146 97034 32270 97284 34953 30288 78336 56522 11890 111707 111708 27580 61179
1660 24065 9515 8287
1661 993 15978 39810 2081
1662 87577 57143 8231 97416 97421 104008
1663 81890 14778 38874
1664 56011 57607 14026 57607
1665 62759 107479 62578 108071
1666 10009 85739 10265 6924 26891 105889
1667 61942 91550 93479 83953 108222
1668 71536 9856 17720 9070 56285 7952 1564 27523 13336
1669 83503 2985 56616 17158 83598 84799 35081
1670 94601 67462 60633
1671 414 84630 95553 4248 7244
1672 106018 21843 110201
1673 90445 90452 90516 4639 56335 3662 20371 78617 83214 61404
1674 576 84556 99873 8238 84810 80715 76349 3278 57025 40678
1675 57915 97919 6187 2120
1676 6719 2953 55369
1677 29620 70274 99761 15953
1678 89816 3890 100472 104052
1679 14062 34219 83799 67235 2603
1680 56204 67877 56339
1681 84339 993 14932 73900 17997 107292 17997 25835 111275
1682 62928 1805 2964 5507 103579
1683 57162 95679 71628 95983 96004 36002 100930 111133 111134
1684 42076 83634 39069 99450 99451 103090 103097 71427 103111 103187
1685 41100 1810 55780 36151 21439 99459 102086 41588 8793
1686 33561 75000 33 50361 82172 29236
1687 15067 17328 84925 12702 14636 29287 15719
1688 1786 61242 407
1689 94361 82513 97590
1690 47667 21967 8183 5894 6351 15325 61950 8535 27930 97840 13133 105389
1691 91425 91426 91427 91691 91692 24910
1692 83316 15480 103369 39313
1693 7605 45072 87623 91907 22233
1694 90876 65577 67319 74513 9850 15909 27095 102167
1695 15087 102668 78433
1696 74918 100981 100982 100983 100984 101095
1697 14655 94147 56462 94162 93762
1698 14082 72155 5189 343 9145 109004 38874
1699 45239 83081 1620 4710 13889 7144
1700 91163 3005 26561
1701 3506 35270 1289 7392 7965
1702 33075 22782 65140 94266 110784
1703 43158 10334 106 32956 53498 2040 14793 3317 30881 77906 95466 18055 37523 39857 30881 103579 71611 103489 108011 61242 17561 19095 18269 108315 42657 80631 18055 111748
1704 6291 41459 34503 3260
1705 58748 25610 23136 1307 105362
1706 91191 66563 91208 3466 6976 88856 103138 88817 4209 78100 44896
1707 90950 82850 92030 4249 33815 3016 95066 103804 25262 90886 68230
1708 73553 93557 5251 11240
1709 40720 10182 1032 150 16893
1710 66559 13397 13207 87817 87818 88189 2157 94720 42174 78281
1711 6449 92590 44803 418 106099
1712 3022 95772 7297
1713 84793 59027 110937
1714 2696 16345 12916 30681 8257
1715 2460 3317 82222 100598
1716 14207 92882 53625 92895 4975 85283 94335 75062
1717 59398 98622 86174 110738
1718 83520 46334 2091 99792 106962 4776
1719 70987 12520 9058
1720 98148 102946 55327
1721 93459 93948 100457 45828 110128 112148
1722 8412 92047 61663
1723 54288 92881 33850
1724 90519 50605 8407 1457 22908 84874 4040
1725 36303 90659 90936 13981 41701 76079 83321 90936 108192 100975 108994
1726 45771 90922 14565 307 2418 100815 91129 8035
1727 20403 60477 34397 55181 74379 1669 36766 83204 62611 7334 83232 83233 33318 29932 6989
1728 2165 24355 13074 11322
1729 11465 70733 736 17718 84469 79799 2106 51604 90069 44687 199 106887 5716 52434 77887 17718 84469 24823
1730 7080 36776 16555
1731 10932 65805 18112 14980
1732 26221 41013 108249
1733 78175 86370 79644 111886
1734 25252 3019 4970
1735 16755 97543 97569 7010 10587
1736 9078 94683 105490
1737 13549 92761 105720 63787 41965 109552
1738 15788 3575 95317
1739 89196 56735 89336 29870 56396 48803 44789
1740 90890 95038 34014
1741 57856 45947 67877 1141
1742 28932 101190 104104 106508 19622 93112
1743 57277 65309 49316
1744 89553 26488 50236
1745 4318 45239 4657
1746 13207 11079 22960 90600 26504 86238
1747 2873 67847 30 110388
1748 52357 15496 97630 106254 844 7302 106319
1749 33753 91776 30589
1750 23307 92199 48713 62192
1751 85069 98485 98486
1752 84766 18588 94216
1753 85624 76364 7167 102623 105711 25148
1754 5887 82085 24078 63421 69900
1755 86685 21471 8244 31278 70754 97135 12062 39963
1756 10253 7144 50552 21284 97 29807
1757 76317 10666 10840
1758 10590 10247 36028 5880 78017 103619
1759 75 21908 94546 3805
1760 23374 11079 73654 84330 106220 97968 62020 18452 108603
1761 4033 85234 277 27371 79435 109867 63517
1762 70719 84974 67764 85023 85028 92742
1763 15147 86259 92497 101694
1764 86524 86586 86915 94763 97282 56011
1765 74393 10072 56433 56433 81473 3660 81051
1766 29872 66648 102628 102629 3422 98235 31240
1767 93731 54794 93095
1768 4256 30476 26243 20434 14655
1769 94289 28236 106480 80585 39292
1770 89782 89818 101174 82975 67240 101234 21008 101352 101353 112275
1771 36610 85546 85547 88555 46833
1772 91899 91906 48347 3367 100074 100075 17379 13161 104365 3950 4710 5021
1773 67050 52147 38820 79944 19052 48049 59823 5499 103178 98783
1774 70957 4502 82792 53672 56366
1775 39529 48855 97 84630
1776 78418 75845 93026
1777 40285 83494 91276
1778 87048 11758 40124
1779 15492 92609 92724 86037 90677 684 52300
1780 10022 83206 91111 47600 91261 6252 99267 102576 102577 102665 50228
1781 78017 77887 16814 47341 40717 97042 97089 97090 26064 102818 102828 111844
1782 84325 14246 84328 97267 99228 33867 7324 110429 14246
1783 564 28251 63632
1784 71180 61467 87856 27851 94815 63107 48551 62001 100272 100273 71095 57395 629 12347 21544
1785 71326 87627 56141 103016 103017 103044 69770 111007 29888 59402
1786 58300 8490 83019 93512 37816 90506 93524 6617 29605 97247 96822 7780 52270 29470 108957
1787 84951 85136 73956 15774 17603 22358 86272 93406 107012 39143 37177 67526 107077 42068 110029
1788 3190 42205 103057
1789 9907 15000 99408 6831
1790 14619 175 92897 8060 92793 96359 365 97779 6236 10223
1791 83865 31453 83866 49170 14014 96362 77795
1792 75218 14402 90919
1793 63644 67877 104503 20699 60385 1207
1794 43519 66513 98294 105796 39507
1795 2653 81658 74657 87243 17744 87467 20403 4935 17130 87499 4710 36307 5922 31720 28878 12102 12259 26821 1604 105768 4710
1796 85809 101603 11922 98153
1797 88784 5350 328 98930
1798 55914 21131 85856 93379 2314 105735 20636
1799 88267 88268 28959 102915 105244 105245 81753 110866
1800 80631 44898 783
1801 45771 17068 2113
1802 7920 9478 22782 1496 94266 102521 81946 17622 80370
1803 74393 8394 14619 24823 9663 24142 67877 98583 54905 98583
1804 67601 87084 18134 105594
1805 46727 79097 365 11652 23341 24305 23770 3055
1806 12342 63490 64104
1807 102829 3848 110432
1808 33458 37131 88817 88818 40971 69544
1809 62299 85165 85181 85195 41091 3520 28856 44688 17676 22510 88193 88194 88195 88243 88477 88479 70821 100238 79160 1252
1810 5811 4453 63228 30961 23505
1811 72485 64656 11343 1750 91156 20166 91157 89628 53936 8400 32114 68105 376 67411 94956 84610 9426
1812 80415 83799 10866 4249 3610 74766 70824 93859 108476 38661 41425 27179 108947 36955 108989
1813 2808 1975 95535 9564 113
1814 37069 91687 91688 91700 91708 93094 93095 34294 36918 4692 85066 109617 43782 53607 112337
1815 21507 3209 6364 4780
1816 40260 453 150 86287 6567 93392 5171 67095 8921 40624
1817 55956 37213 101372 8831 37283 3130
1818 84630 42694 20275 6097 3164
1819 79168 83101 109517
1820 83139 83140 70882 83154 83199 18715 79581 42543 83140 61745 34031 92138 61218 77243 93727 93729 94019 51877 40761 47378 10745 103228 72521 40863 47122 83139 10816 105862 52599 82703 83139
1821 75327 57764 33305 33305
1822 69506 44840 109513 109514 4188
1823 90722 48394 42698 56555 99152 87812 22679 58901 30845
1824 99467 99480 31938 101457 81112 24729 55065
1825 85641 20364 6422 59723 22233 106766 2391 39127 110046
1826 54627 106566 106567 106825 58101
1827 32437 17772 66311 75724
1828 74355 85943 86139 49241 86140 88093 33458 81007 93317 93318 16308 44633 104914 16618
1829 84040 84113 84114 64585 88522 109100 49659
1830 92981 100661 21544
1831 2276 55118 14753 14082 25496 5427 68583 80137 107804 14082 106362 14753
1832 9959 10221 33327
1833 4836 90782 1749 80631 37808 1207 39333 57995 97 267 39433 107804
1834 15771 86211 26604 8244 26161 65229 6540 61470 67877 20636 61837 9211
1835 75021 90977 92749 92769 92809 76012 100122 55587 106935 412 109671
1836 49256 107632 45277
1837 86306 86307 86308 17430 92133 68665 34861 95319 98332 98342 103025 103026 79811 3763 105698 92915 69000
1838 67685 22251 15788 7172 5074 96755 57417 10265
1839 1403 8917 75205
1840 27064 20381 16880 27105 16880
1841 87911 90889 96142 71849 98467 86140 37975 7959 3915 90889 111650 111695
1842 66477 70260 106038
1843 25262 18412 57127 21760 109169
1844 93480 14718 97583 58765 71416 99004 99048 105335
1845 84902 98631 98632
1846 25000 102900 102934 102935 94999 103316
1847 53450 598 20345 8008
1848 90906 3191 54491
1849 33457 86435 46972 74681 43722 51613 104220 54971
1850 53176 12628 19167 27157
1851 67195 39070 34468 18427
1852 104 65099 76949 36457 98583 33608
1853 83787 86851 90980
1854 84630 94469 90927
1855 8033 41670 44091
1856 1397 40725 23784
1857 84066 58300 61550 103120
1858 1706 67877 86615 7392
1859 4352 90785 60401 4262 46729 46993 99399 99400 99401 73554 35058 16032 10459 15821 111551 82101
1860 28437 77689 63249 14205 91536 30414
1861 60695 48385 20972 48761 52860 38393 4283 86770
1862 95671 101156 51320 108693
1863 78706 36921 34356 34654 108474 96661 56402 69523 110646
1864 91424 3240 27695
1865 86764 28396 33140
1866 90097 24379 20214 84714 25800
1867 45365 5901 103040 56341
1868 45926 49278 96393 46001
1869 66234 24477 62274 93624
1870 27 64950 61873
1871 1898 13323 7172 51843 81391 90123 17744 74120 37174 92198 64842 47538 12844 96734 86781 96743 3965 56735 9196 17797 13227 13043 545 39779
1872 97058 98905 28356
1873 99205 17672 99241 20531
1874 84801 15788 9861 89529 55537 93477 18953 98250 98292 6662 4467 47222 105046 7164
1875 307 67410 5424 56011 70761 6832 44109 80559 1889 19865 9836 79299 8948 192 62534
1876 105860 107321 34 58594 38844 107322 31246 2243 69378 58598 107323 107324 34936
1877 19299 2106 13686 4346 75688 31816 66016 39617 6970 412 110319
1878 479 4233 25201 83977 84759 68581 51578 9705 61173 72270 56772 2928 75985 4302 109725
1879 53360 19865 319
1880 19797 57377 54797 34879 85462 85478 53802 57116
1881 84672 70303 13543 26339 59600 92850 46027 9478 102428 993 95541 68552 7825 343 61687 108792
1882 48730 551 7408 75879 103410 63355 14895 26778 110816 62489
1883 3358 17939 102329 2224
1884 4826 5267 33367
1885 67267 5483 79866
1886 41670 94548 12771 31086
1887 65244 90725 92429 14185 12921 91901 72988 80845
1888 1776 12065 28027 1111
1889 18854 4565 36766
1890 4007 80919 27082 92929 57382 71564 56011 41011 93899 10544 9855 85641 307 5858 104350 6589 61783 45720 13840
1891 86525 95613 95621 106678
1892 95412 95414 37272 95524 102885 5637 102886 3323 111307 111549 20887 111801
1893 84668 84670 92753
1894 87386 73236 95733 88542 45338 99999 100031
1895 69229 44631 56002
1896 23818 89036 3162 91118 94099 55935 67136
1897 85636 94877 3336 5665
1898 5922 52435 105265 110030
1899 84630 95585 107568 8995 53191 43032
1900 29304 50443 83986 91448 96492 72792 46729 93080 106247 5945 11011
1901 91672 16463 46828 93617 23776 44779 45399 51703 102360 19893 102363 102442 76140
1902 91815 18069 86532
1903 58966 934 103398 6758 35426 108714
1904 94408 94441 48582
1905 14207 62473 74641 88794 69054 6578 45719 25709 65721 13940
1906 96110 96111 24598 110379 96110
1907 5277 87070 1954
1908 101142 101622 102995 103019 88164 79866 5003 40485 97768 25799 8376 3805 3121 7302 17305
1909 4502 49165 51541 62228 57336 28420 24847 56821 100428 111777 41283
1910 22504 96181 96336 20865 80392
1911 9145 86803 4346 28901 86852 5922 70909 44919 82486 39339 29086 24483 15364 109737 69292 56452 4135
1912 50353 90820 90957 76283 95804 97999 98000 102694 102695 102720 102721
1913 15404 2079 5286
1914 4209 72565 50859 71141 6720 5252 50055
1915 6970 1750 7980 19315
1916 89210 5593 103311
1917 61279 10702 56011 67877 68846
1918 29125 52862 9959 3575 11661 65229
1919 42500 6434 95316 27095
1920 11136 1328 25676 21997 1633 27990 103129 34727 44930 4372 104587 104588 63216 96689 106804 44449 108
1921 64516 3302 46804 86113 26994 26686 31319 24081 12977 62889 16906 58774 23488 84095 24535 72678 62889 10842 12352 31319 98319 74127 32240 39618 110277 74519 110278 110299 110300
1922 29304 1946 10107 65568 95284 79461 76589
1923 101529 272 36626 22066
1924 24740 2675 92279 71868 105527 105528
1925 55883 10449 49357 98286
1926 86258 74744 31207 50456 73000 14304 6544 10708 22753 4112 39385 91698 73000 98663 74685 107724
1927 820 50521 27880
1928 3895 97468 104437 104438 95067 104960 104978
1929 88901 94943 98800 76112 4413 107708
1930 35684 36817 69911 28508 103073
1931 3660 43002 9381 2471
1932 73780 83236 80577 45818 62774 43229 83604 83605 83606 83964 84507 84508 84509 84510 84511 107953 108659
1933 895 9568 32839 2666 24658
1934 86775 3422 72669 108337
1935 12465 21131 108293
1936 100618 32766 100710 4802 100848
1937 33961 72935 111661 112025 112129
1938 83923 83924 83968
1939 3434 3370 101204
1940 48111 3437 69335 57005
1941 4292 98711 102730 102739
1942 33449 54853 2157 105842
1943 26246 105519 105520 9473 28408 105543 105623 109236 109237 91778 34642 109305 109306
1944 40827 43433 13159 97979
1945 72692 14931 94436 10014 13247
1946 18015 22352 9749 6948 5946 84518 21811
1947 2249 80868 40256 68968 5251 45238 54040 68844 105987 44834
1948 32655 29901 45423
1949 62342 50418 10281 56715
1950 75980 59996 62906 89798
1951 83688 47339 88290 88291 94120 12223 94171 4838 94203 110507 97746 110508 36859 109505
1952 87988 14777 1433
1953 84384 69846 91382 92407 40844 42943 72765 104400
1954 19125 2574 77322
1955 8943 9269 91865 3210 88907 95813 109463
1956 29620 81876 44631 62981
1957 60487 103843 8571
1958 67877 39978 99160 1207 63769 31297 97 105162 64609 45239 62045 6040 15000 39978 7295
1959 77314 102647 103091 65385 107251
1960 89703 89716 53196 103427 69591 104829 89703 22248
1961 77630 17227 32735
1962 6097 1478 5880 11053 19865 15364 67411 306
1963 16864 12996 31401 31323
1964 49848 52175 2083
1965 79522 2159 40461 40640 86706 27086 70375 102993 89 103035 40641
1966 91058 3773 107115 107116 111402
1967 40689 11477 101082 96714
1968 69405 84298 45715 57577 73827 28144 106421 110668 52664
1969 39346 85736 11984 9169 93822 33511 93823 103256 103327 62782 103395 39795 103456 105572
1970 6810 8770 2808
1971 25538 1633 20199 28836 41013 17482 12990 3653 95024
1972 2833 53576 39978 93664 105943
1973 24190 15832 106997
1974 86737 78377 98813
1975 29125 84396 3741 10108 45775 11652
1976 511 36893 56382 29299 103204 20839
1977 90901 20460 98677 102815 8315
1978 83467 83099 23738
1979 99501 46096 1183 1929 100304 103557
1980 84275 2202 31199
1981 16657 86432 55722 107717
1982 29458 3498 84787 110000
1983 83220 31697 83221 6731 67877 93163 93178 41188 61512 24658 8605 21972 34898 96969 9119 15422 101253 51630 105411 8458 37000 3972 25121 41224 6035 109551
1984 4327 71313 94857 5166 98735 3892 102465 102480 102481 98857 6612 56229
1985 2322 27050 5035 12
1986 40551 10884 45696
1987 85840 1620 13878 15825 6236
1988 65450 102686 102713 102801 2601 102821 54876 32532 84957
1989 55723 43512 53865 4302
1990 26269 4984 6105 1328 96871 307
1991 72634 53788 13430 24500
1992 55497 90503 3429 9467 102824 80151 97746
1993 3516 307 230 56204 39978
1994 41013 106362 41013
1995 22713 23766 69953 18493
1996 18985 42693 33456 15990
1997 5776 356 85098 45228
1998 54196 67877 102988 59042 90361 105178
1999 11049 22405 32259 325 90635 90638 6760 86114
2000 52336 94190 97208 34720
2001 5533 7782 93071 93072 74725 53569
2002 26382 7130 42085 106980 10545
2003 15616 76934 40727 55435 35906 92398 104899
2004 87803 16841 54985 16759 8403 102408 103207 111450
2005 5062 97367 98840 3214 710
2006 49809 319 89219 90532 91143 62324 91144 80074 77645 60606 27396 99268 84630 99317 43925 99318 99527 87323 60987 99590 44240 69348 111259 112137 112138
2007 87846 19575 50374
2008 13799 4496 75
2009 852 50528 56331 58420 2003 33075 9691 85627 2810 7521 6086 91901 57788 55053 26701 67158 27593 99388 407 2157 12871 24812 102747 26701 3614
2010 10020 22758 88421 88972 47591 89691
2011 29125 35361 13171
2012 16522 16003 62683
2013 43947 57577 71429 7754 90809 32917 102848 3613 58505
2014 94640 55241 98434 103123 26970 13136
2015 90801 10012 4950
2016 5693 2126 66607
2017 35411 21292 35324 3895 7213
2018 2162 24089 91418 69971 49197
2019 86294 51951 45888 43947 5109 45888 9245 111366
2020 87695 103696 79161
2021 92581 92582 78610 10862 42642
2022 45745 87303 86963 95119 30693 97048 78346 49693 71839
2023 51652 71351 106082
2024 78760 33123 91821
2025 18588 7959 108445
2026 29523 2119 6143 13323
2027 10526 104072 22275 104118
2028 5399 30214 59948 84389 27050 16106 35411 11600 5417 32148 5382 70617 95363 69596 67889 54249 96359 66792 56094 10235 81707 14212 10759 106879 25953
2029 3575 106997 19069
2030 86530 89647 54784 55969
2031 22971 20512 24099 92657 92658 3366 43178 105973 105974 105988 105989 104942 38222 28833
2032 93919 26499 11591 33749 103302 86786 23614 24722
2033 71839 65083 63414 21939 56878 106059 106090 10281
2034 20166 64407 8244 25340
2035 98644 24345 39479 107943
2036 66581 20763 37212 99952 73827 100032 48530 55745 37212
2037 50805 61500 46616 55634 14748 6171
2038 88597 1531 10449 34072 158 95381 67534 94012 63041 76300 67546 21678 16035 109538 109553 27840 19385 61873 111595 1163
2039 83006 104208 111196
2040 55497 87585 36870
2041 58122 910 6083
2042 74752 2739 96352
2043 1994 4248 1141 29671 3486 126 33926 77935
2044 3055 66313 91173 75574 80841 23973 91173 108700
2045 76567 85085 73148 89899
2046 30838 103586 93708 74127 112016 87815
2047 84599 62315 1376 85629 27902 21080 15872 90570 92223 92224 51590 67053 7970 27902 4292 84599 106699 15325 24702
2048 15149 84009 96911 21541 103254 56098 3200
2049 84907 61242 58683 94576 18382 105879
2050 67877 2314 67047 74536 48449
2051 2192 19558 104579 101599 34888 67877
2052 95617 3613 96969
2053 40564 41588 73577 103124 53376 3613 107224
2054 16555 107822 5845
2055 13036 12520 30014 13333
2056 70399 62006 60762 14059 22927
2057 85730 27489 85756 86404 56921 86446 14396 107872
2058 49249 53652 14515 91777 13420 28492 75518 52070 74369 46653 7288 75353 81177 9341 80631 61491 3831 106049 13741 57786 10359 8939 37027 91777
2059 85585 9094 43545 36879 3902 78726 57968
2060 10874 40878 14932 54796 50618 1981 104503 106884 8494 34589 81720 8842 13643
2061 87723 88735 98293 5859
2062 44919 14865 85877 89993
2063 79955 48680 3531 107157
2064 87110 87111 57406
2065 84790 84844 84845 82704 45001 92074 84845 20971 2176 11330 110835 11943
2066 1975 3805 23972
2067 90967 69653 52319 83580 101499 102895 102903
2068 29876 86503 86548 105458 9948 44272 106173
2069 70919 97561 35867 50651 42220 10395 72926 36683 2645 71865 4750 41764
2070 90488 39963 91211 91421 96577 103102
2071 42198 85085 9924
2072 86946 86955 93821 10005 46807 86617 43409 100821 100839 17474 103208 3436 10794
2073 18353 8575 97318 100535 100585
2074 57713 36507 108197
2075 40365 54529 90097
2076 88864 90261 98673 98700 754 15883
2077 24658 97461 84874
2078 61031 93200 105767 90370
2079 45025 90564 90565 90566 90574 83923 90590
2080 87463 64649 90543 101919 31490
2081 64636 99938 24559
2082 84297 83289 14544 14255 18686 11765 21716
2083 21472 36213 37413 111907
2084 3972 13855 1297 73722 93790 91303 88300
2085 3769 2320 4642 22952
2086 18161 63061 92952 6552 93689 74393 66209 3210 4833 103237 37847 5802 108169 111640 111740
2087 91398 19872 91441 99055 99195
2088 77630 99040 1785 100687 106334
2089 100541 43685 3675
2090 91075 102859 91901
2091 99272 108717 108718
2092 9100 52435 76272
2093 13582 17775 4920 103452 20620 7288 26733
2094 100634 102185 73113 103673
2095 63206 108472 3688
2096 9903 7629 110252
2097 97086 97087 26313
2098 74709 9551 66820
2099 52619 67095 89945 81391 18096 15000 100155 23049 69949 81085 94335 14014
2100 93637 18272 13918 75227
2101 86143 86330 11727 104341 104720 45901 43444
2102 93399 93416 97575
2103 22998 86991 84316 87149 15662 21304 48913 27330 84464 13027 15935 94776 12884 37867 39657 28833 42209 108303 45564 13104 1233
2104 89527 90334 4283
2105 16555 65229 100754
2106 88530 88635 3706 13413 21422
2107 11611 83411 10126 418 89242 89328 9913 89329 15391 85475 27527 16561 83080 42802 93255 4014 103612 57995 41516 106322 53391 20760 5504 26561 65140 83289 41917 108867 55746 35343 69310 88621 54962 26354 9860
2108 100395 4581 40403 11765 8997
2109 76318 1306 85198 85235 19451 81920 11605 13628 87674 13161 16345 81025 104730 5204 109123 81938 109417 110615
2110 40851 22041 108370 109976 12939 845 45926 83289
2111 101318 103200 4837
2112 51097 13799 56165
2113 27082 43968 21516
2114 50165 48290 683 16561 7337 97799 97843 33272 22237 4029 109448 62900 109472 109482
2115 26802 1225 17414 18729 10149 17467 8158 1615 20699 62266 75845 43810 3646 48309
2116 83136 67427 81085 1344 110555
2117 10710 39202 20166
2118 16211 7408 78164 17846 103241 18784 79232 28813
2119 7898 96329 16909 102708
2120 6737 69769 693 62181 1548
2121 95895 95896 55181
2122 900 992 92586
2123 43550 73214 99699
2124 40757 91893 107472
2125 5070 72011 93954 99655 8379 6287
2126 37730 102444 2330
2127 89899 16352 86247
2128 90854 55704 90855 52353 80990 19634
2129 3005 60048 84764
2130 25110 10548 61242 50825 97498 38599 8376
2131 56735 37405 43602 24982 18841 53067 35660 27472 4975 91522 12210 25886 603 57968 85066 14011 11569 97263 44337 22214 10005 6255 106443 25800
2132 412 90 63632
2133 60047 10453 94912 39798 98252 62157 96817 12036 30557 40944 88966
2134 12325 35743 97946 15319 2215 104372 32645 84145
2135 10659 99094 66664 110770 110771 19449
2136 58728 101089 2075
2137 1981 86558 30759 2081 63757
2138 4115 104994 5559
2139 47 87040 10710
2140 54199 54201 62436 70260 73081 99755 97407 54201 109584 108940 70232 109615 109633 111234 9844 97407
2141 55776 89811 78619 96621 57174
2142 73047 85033 98123 46804 1975 88621 64605
2143 85567 19102 79886 41227
2144 15000 46088 2119
2145 23963 98879 12726 61491 3766
2146 83248 83670 43373 31276 26377 107528
2147 93697 87114 20127 46755 28585 48910 11995 98703 71557 6187
2148 46578 98987 30025
2149 17667 68212 31055 92353 107016
2150 48641 90982 9293 111236
2151 30278 307 78434 94291
2152 28553 35462 24826 97959 820
2153 97238 55270 100832 100833 63775 106460
2154 2720 20694 58530 37016 100968 100997
2155 4846 86555 105978 553
2156 1604 85347 51078 30759 50074 18871 85440 60352 78283 86602 86612 6171 86613 58753 37364 18677 39354 49765 96599 91874 96607 54220 72910 96681 59653 11591 52435 70365 97139 24701 24483 28841 97427 97428 93262 6049 97985 22855 103965 12083 11591 51078 61002
2157 32073 57070 30948 7277
2158 85049 5817 2406 97756 4082 103463 107484
2159 83384 5249 98979 74831
2160 89369 15327 85145
2161 39537 28067 99311 15448 6652
2162 8799 42982 104439 68348
2163 10975 33461 99215
2164 6652 91824 71799
2165 56011 10986 90097 12431 93690 5424 95059 69407 26034 4496 8977 86133 90802 22561 105542 60487 92358 75679 3773 80631
2166 6952 56248 12329 8158 91616
2167 101791 68540 791
2168 40551 1961 95211 21599 1960 8192 44545 83685 1368
2169 56954 67303 1953 55949 88904 56039 88941 83968 29807 83987
2170 80259 41869 38027
2171 3354 26364 97707
2172 29461 17287 43243 31901 46293 2035 5480 109451 61904
2173 86504 11911 37868
2174 20919 7077 72869 44807 105608 81370 94390 106532
2175 38815 3656 13973 503 93020 5650
2176 98981 8856 9135 54118 97014
2177 2276 34727 3068 34281
2178 83537 68237 20166 10532
2179 41013 63330 51253 1880 3317
2180 61242 3823 80244 11483 108772
2181 89516 29470 8966 23640 65571
2182 17000 46858 68266 1397 14436 31297 2808 35876 2833
2183 83987 1914 55181 4086 15788 34417
2184 33009 92486 101136 103565 105022 45861 23292
2185 4302 5849 71307 33275
2186 16770 126 55156 76251 73811 86303 1103
2187 11477 90155 90156
2188 107044 16103 112197 107805
2189 45771 540 3842 26906 68761 77804
2190 26264 2459 911 10063
2191 918 14014 2087 1981 78017
2192 50159 85707 75262
2193 8912 6498 37441 4945 86125 85066 86419 782 86420 3841 68583 78708 9846 9775 37471 89376 4536 8532 93472 30635 51078 30759 33366 21952 46450 5214 53264 16406 101137 80226 91129 11569 8532 93162 15190 1881 20896 5028
2194 83163 12438 42026 70868 92817 27016 11243
2195 85066 4909 19461 12043 108988
2196 11616 68266 35602 5211
2197 83117 48916 3849 31997 54761 91665 30515 31457 96254 96772 26297 105317 24917 102925
2198 70056 94159 22742
2199 25222 8481 61413 110392
2200 51812 89690 97270 98687 107861 23822 87783
2201 24168 77917 84915 84936
2202 8799 434 95018 95019 62656 3673 60042 101009 37556 19212
2203 33506 57515 58028 37400 80415 27616 56616 92034
2204 5536 99760 64329 11048
2205 87915 20434 94494
2206 67877 7391 83570 84469 40407 1920 28050
2207 90445 761 7164 25819 2106 1391 45771 4642 110138 15316
2208 43002 92604 1207 22804
2209 90417 2788 82857 96581 30587 103320 108872
2210 95910 190 67411 10577 105424 4565 7008
2211 79975 62887 3278 2106
2212 92396 16091 14051 102849 68941 109071
2213 56204 230 307
2214 64595 34453 86034 75036 86035 10587 86456 97248 44357 28741 28399 97346
2215 39185 5452 57237 22799 98686 24982 19920 11473 101670 10721 111862
2216 67722 105032 108771 55363
2217 2379 89821 840 56498 17552 86025 33085
2218 1975 23972 9032 7477
2219 9528 108785 64268 8260
2220 70150 12694 7293 28379
2221 9096 71460 102964 23088 41474 109149 110632 73677
2222 94129 7103 14304 13108 29860
2223 1165 6069 65278 12222
2224 723 30749 11737 29712 100402 52416
2225 79446 88208 104035
2226 101274 101275 8496 21321
2227 81870 86017 34426 8548 24032 87646 9264 8942 8344 91155 44025 17020 96182 42192 78116 34426 36090 98612 105172 106401
2228 87436 22781 18756 105030 108691
2229 79082 96033 99332 99364 83289 65563
2230 34517 87840 32246 8403 55713 88937 2645 93808 75931 35283 50517 34356 43672 65623 68051 109363 12224 97746
2231 3905 5539 95752 831
2232 18608 94089 67877
2233 51630 67529 29020 92179 69523 38453 3560 78803
2234 82076 43749 10708 91508 3913 11182 11926 61179 8246 26621 106599
2235 2472 52434 4809 1397 40725 45762
2236 84883 85142 7302 25595
2237 94051 94134 96823
2238 28995 96075 35900 64293
2239 23654 96344 99077 26825 93875 77786 21256 43460 10108 57132
2240 358 36780 85590 862 20677 31628 86523 41904 17905 88046 6496 88086 61242 39864 358 62267 97216 11848 61242 79126 80631 8014 69591 109246
2241 36646 712 319 86912 106305
2242 64682 75574 90735 2428
2243 104709 69292 68017 95030 104757 45277 19246
2244 83705 89954 93619 93624 93625 93626 93627 98567 102135 107849 107850 8361 25454
2245 87815 5750 4077 88228 28068 24199 91852
2246 102306 43602 107311
2247 63383 97008 56957 19519
2248 30665 11569 101036 5922
2249 22003 42317 13087 97293 54529 22003 72155 21591
2250 29620 43767 8356 107867 74174 81322 78442 108531 31705
2251 24963 100478 16627
2252 3805 95034 57417 4318 8172 95171
2253 56011 84212 45239 72902 56014 34831 993 61694 34654 87351 44190 1141 91540 91541 71598 93405 58810 75140 14402 59293 37816 99379 99380 366 45239 5329 12427 105345 17499 110450 110456
2254 32762 5563 11473 6797 35611 861 8083 69508 56735 91431 5563
2255 39953 59719 98513
2256 33371 16075 41905 14401 2822 787 92125 94055 33371 99176 99177 99412 95863 99443 104761 98582 95877
2257 33002 24861 56957
2258 43767 3956 1880
2259 47900 101076 5859
2260 62929 2177 103027 106864 12206 4805 61691 106903 106916
2261 29604 77217 90857
2262 42884 56373 1061 87076 18353 29876 1953 18593 39528 11652 5109 13161 36036 26454 15598 100505 12175 103075
2263 11433 4444 52555 56094 9655
2264 84745 46450 16959 85363 4725 13654 5700
2265 78249 85922 37501 110684 110730 110763
2266 5424 816 94986 57631
2267 6603 104676 105212
2268 14589 75556 98757 45517
2269 95177 103983 103984 69688 24622 104544
2270 96534 29501 60713
2271 74415 87469 87470 87541 87542 89979 89997 89998 89999 42251
2272 87646 30161 11586 18671 107430
2273 16596 95200 76272
2274 4729 85580 85964 85693 5249 100182 100183 100744
2275 1814 38799 42799
2276 307 80766 6045
2277 19969 29807 18841 84630 4050 307 101580
2278 15122 10194 13574 12943 102936
2279 88185 58748 93432 104362
2280 14494 50593 12331
2281 50054 80819 104707 54388 106674 106675 55302 106876 108355 63403
2282 8005 926 21144 11473 61235 76262 96518
2283 93791 27384 102876 1630 7774 3874 446 103192
2284 7980 90974 13199 32529 94892 37295
2285 73153 87068 20787 75556 27657 45687
2286 83197 7560 41242
2287 77795 7943 74932
2288 56011 84199 84224 30233 4612 44944 38415
2289 22106 88963 91034 96896 96924 40365 72011 102447 64493 108664
2290 13624 47349 106538
2291 58693 44495 10098 87131 87392 3929 103868 103869 68589 1620 101798
2292 98903 16445 100517 68429
2293 53986 106479 60589
2294 24658 21861 19333 5843 85869 6287 65000 51714 26228 26848 6543 89251 38732 11070 89251 576 25881 5236 576 110627
2295 14236 74634 95715
2296 86152 68844 5004 31734 31955 15745 3114
2297 3739 576 9996 104141 104257 59441 69544 85123 3739 105545 69627
2298 8640 8064 29205 106271 55561
2299 14522 6719 42762
2300 9807 89610 1834 639 73353 52077 6611
2301 16811 70803 7496 24626 49547 95622 95636 83810 16657 100231 98344 100349 100415 72099 100416 105014 8096
2302 58424 76964 90075 50284 90930 7666 81027 101247 101248 72999 101597 24235 11727 97347 20560
2303 2224 70 10072 2800
2304 87079 77302 69578 15004 5672
2305 79090 29757 95753 56012 13788 18588 5035 62680
2306 33192 16114 48673 21831 14778 27965
2307 204 93390 3660 6166 82685 5013 83246
2308 1857 93552 926 102868
2309 7190 1563 36245
2310 79124 86299 96372 98094 106990
2311 59811 63271 27 230 30830 98327 632 98328 41703 6269 65719 30020 47187 80457
2312 86158 86740 88605 4044 79892 62940
2313 83666 29125 20462 37207 91278 2276 38598 47659
2314 41550 67095 34589
2315 1207 101300 101448 34727 26221 8116
2316 83607 87067 69532
2317 1633 29636 35361 16062 102602 108809 82917
2318 83812 24290 59649 104295 105813
2319 52925 46636 112076
2320 86558 80457 15154
2321 39093 48539 85944 79083 91491 13346 93309 93456
2322 12663 28049 88922
2323 75926 28300 104409
2324 85771 99542 16755 11540 14655 26886 110102 10126 111413 45987 109506 35262
2325 23995 83937 106987
2326 30503 25711 65074
2327 62601 83799 45780 6441 112318
2328 54470 99368 99668 71960 99817 99230
2329 33409 95426 11477 22083
2330 93664 93167 58584
2331 83661 48803 69591 80631 46885
2332 75352 86558 69786 67618 87634 89376
2333 6895 307 58866 90252
2334 6007 10599 91876 8532 5360 3368 90445 13653 14932 25710 9639 72475 36464 25800 108310 18
2335 40709 67877 35481 35324
2336 2453 993 30503 91320
2337 111329 111330 52435 96351
2338 16003 3645 27083 18836 61491 14272
2339 91948 88115 51437
2340 92299 95179 99104 104498 107129
2341 85883 88351 93630 26826
2342 86305 56407 45049 41294 58934 26372 83077 56756 1633 81401 80244 98345 65807 105828 69668 69601 83433
2343 16935 34371 7190 101678
2344 7197 105133 106330 106342 107349
2345 5638 9229 86403
2346 15529 15153 14631 6689 91129
2347 5424 104066 92540 781 30516 95697 668 41180 9392 104174 993
2348 2279 55789 26918 12207 65559
2349 8353 93485 28984
2350 22782 85085 44224
2351 96035 105786 30191
2352 15941 85076 39978 230 103261 4011 84599 25387 48217 2503 28887 1303 68846
2353 12927 70598 751
2354 11835 21014 94745 94792 93586
2355 43687 15775 17876 110793 4444 10746
2356 84268 5311 93473
2357 10577 43602 7277 199 34417 126 77804 16945 81131
2358 35270 107410 8556 39112 68753
2359 13385 101439 36
2360 8173 51355 44277 7032 8627
2361 42712 4663 74494 47248
2362 105384 110704 89815
2363 52459 7193 1920 1112 5590 3805
2364 2320 56616 1610
2365 55743 14879 100910
2366 90842 94378 28282
2367 1376 104092 104569 104570 104571 104593 107205 107206 89637
2368 84875 7852 78010
2369 90708 111657 2992 111806
2370 25433 41208 62775 15580
2371 9688 83990 1328 1475 101185 23118 15584 104670
2372 85641 9152 97971 20815 89765 88127
2373 26264 31297 11473 97033 39148 48363 49309 11343 91129 54696 20166 5335 5452 15529 8035 28317 29574 5336
2374 84287 43370 83640 34410
2375 31896 90740 76184 51798 12600 110437 72031
2376 83107 15099 32457 24722
2377 98933 98969 64601
2378 75497 93922 107325 109261
2379 26283 36786 51144
2380 91590 59436 55677 90620 91615 91862 46137 60864 78615 18132 36055 103689
2381 67216 69389 84218 60658 52812 84504 84505 67198 100444 89891 100458 100063 81293 42694 10116 1564 67488 100703 67095 61706 41867 96874 105935 110417 110418
2382 90951 25494 53210
2383 96487 28314 63581 99654
2384 103166 103657 81778
2385 4150 80349 56204 4397
2386 53195 7330 92869 98450
2387 86670 76460 37963
2388 319 62001 89494 24302
2389 86125 92791 4968
2390 95757 95758 44303 17654 100653 110472
2391 61872 92673 99080 41909
2392 17655 96641 2119 1297 44505 95697
2393 91841 92149 95292 106712 18677
2394 19011 59974 5019
2395 4780 15576 4970 112277
2396 53382 85903 6040 2800 545 1287 150
2397 88332 34816 88432 60806 50492 104195 7856 104277 17904 8837 34969
2398 84421 38821 4380 41871 96262 23882 103626 66476 32735
2399 11576 97199 62716 4318 83618 1827
2400 45239 5424 31149 94521
2401 10117 7663 4281 772 108371 108384 28300 111772 319 45503 112116
2402 45175 6401 11759
2403 43618 39175 103312
2404 56011 9145 95536 82980 22675
2405 22843 10116 23505 34557 92117 708 65897 87389 27990 11287 31328 71960 110132
2406 488 92533 51042
2407 9424 61242 74547
2408 56204 44311 5035 58882
2409 67053 89253 89254 49354 4647 3943 13521
2410 7930 99701 99794 110892 110961
2411 78760 95381 111867
2412 84976 47448 108834
2413 105982 3214 4464 90072 106405 9882 106425 29940
2414 12118 28470 412
2415 27134 9321 89243
2416 4994 95875 11359 98164 21731 95067 105028 106180 33218
2417 45054 104733 104735 49763 83666
2418 4221 85720 85638
2419 86725 86726 31432 87235
2420 83982 86351 92439 95003 50100 99830
2421 84937 82740 65099
2422 75051 84313 17047
2423 71781 100375 98290 20677
2424 71788 96752 75620
2425 95772 20166 7002
2426 57659 67421 109498
2427 88375 99660 103258 34667
2428 84225 84908 2808 56617 96671
2429 10780 101497 104414 104415 111198
2430 3162 1961 5802 15555
2431 43433 52552 98404 68162 7539 34246 24355 24856
2432 84411 73914 93868 103249 105508
2433 91432 22736 8052 73912 34194 3364 90775 5871 56019 96510 35926 45612 46706 12192 165 1320 3364 106164 2765 110283 110284 21192 13264
2434 86683 64775 9895 91714 1416 46398 103947 18876
2435 32416 11477 104458 14801
2436 3458 72665 84630 27808 15533
2437 35803 100423 100424 100789 95874 111834 87913
2438 14402 80901 10335
2439 86331 56735 48231
2440 103217 103642 55167
2441 5901 7116 87823 87845 81706 5901 83670 89849 54179 88981
2442 14017 31284 10305 33843 26749 89485 89863 2063 16770 93434 68811 112248 112249 112250 20971 65721 43290
2443 37213 97794 8504 7846 7636
2444 87777 75400 76946 47341
2445 81367 110718 110845
2446 3768 4277 66268 61043
2447 98945 98946 98947 109852
2448 5872 5499 14228 93785 10983 24421
2449 48189 28470 4445
2450 6950 62045 19217 45612 104704 4509 20847 12495 104842
2451 82226 92017 97822
2452 29316 10525 81129 10694 85338
2453 98617 2491 102736
2454 31126 106606 88478
2455 2598 33253 1470
2456 2241 1548 13111 87973 7825
2457 61008 36799 85116 85117 95132 103530 107520 72481
2458 54529 7297 83017
2459 85561 96874 110888
2460 110084 110085 110794 55636
2461 31539 10657 111086
2462 37441 18345 412 10005 85806 57615 89654 11663 10694 26414 9418 96482 9719 98084 98085 152 18310 68940 1045 103029 84455 10020 54979
2463 46421 40153 14806 1722
2464 72882 104852 76898 15062
2465 93414 13042 19511
2466 51934 75939 1495 3162 358 3027
2467 27945 61504 84941 47080 111596
2468 7745 50690 11473 18750 88256 22141 31459 61912 90266 33860 74843 71620 50634 39790 33194 42293 19222 93401 24114 106975
2469 20339 106273 95041
2470 92689 12581 33608
2471 12135 4397 49085 48966 86236 86304 86342 88102 101426 41580 85615 49085 2402 35343 69330
2472 45239 5424 42143 6173 68546 412
2473 43007 4599 64397 90358 90388 62438 97460 97465
2474 31791 99170 99171 109255 95518
2475 28887 10084 27990 13714 50492 59972 9633 8257 83870 24801 14026 35299 8771 19131 2757 27808 33054 10545 63983 8925 13714 25252 103866 100462 8497 8854 65309 103889 2413 9633
2476 4958 69917 4663 67182 50696
2477 94263 99041 41852 8889
2478 68873 72360 100920
2479 1961 6148 18671
2480 79500 85085 64168
2481 34417 42143 67095 89072 89589 844 86246 45771 97089 7172 43859 23192 55712 6578 54768 20020 85066 105253 104764 1397
2482 66312 385 16935 55660 75055 5717 97538 57242 66312
2483 13656 19455 85812
2484 4777 81920 76589 2472 42048 107811 87774 9266 54963
2485 1243 89994 57294
2486 20166 98439 40441 29821
2487 126 75625 18895 5085
2488 76172 10737 38440
2489 84555 3486 64895 5859 1495
2490 68543 82714 30514 23787 16248 33540 58520 12560 102737 54958 30145 21167 7133 106363
2491 28027 53067 88541 94670 108580
2492 278 4757 18784 18962 3202 100166 33837 18962 5214
2493 89571 30759 13227 17720
2494 32275 46743 85724 86222 94077 57747 95491 95500 95506 460 6652 103743 84565 5216
2495 20755 64057 107320 40867 110872
2496 85415 235 2893 111069 111642
2497 78665 30547 3402 97814 101848 85773 106697 106698 72832 111553 111554 111555
2498 91315 96154 17023 68755 83453 30397 12345 69769 18129 47838 104256
2499 31966 97522 99371 99372
2500 83312 91267 96948 15174 92990 70105 49337 53302 3448
2501 99421 99422 110209
2502 51566 62347 82786 3181 18385 86865 28410 32613 16156 55877 44019 68136 94791 70125 67877 85936 97063 75362 97895 59724 22330 2491 7560 1248 56517 56204
2503 98052 14485 98078 3660 9068 106646
2504 26293 20485 23940 88594 91287 90919 99826
2505 11569 7685 6652 19099
2506 13954 22911 102435 102439 102440
2507 5901 91901 195
2508 17140 25392 3739 41974
2509 87635 10884 87699 87700
2510 6161 29461 33808 4331 5588
2511 8267 23799 37218 90105 18671 92294 90576 102094 108525
2512 52611 2872 50300
2513 14764 4370 13027 100852 100853 56856 105793 108393 111994
2514 7389 98415 66492
2515 25234 1131 103185 103186
2516 25669 13782 1269
2517 36281 71895 100194 51429 7295
2518 69063 24480 102687 25748 58010 4393
2519 26653 6078 50540 110644 4395
2520 55679 7167 13717
2521 38627 86555 7164 86934 86935 57257 46159
2522 83535 15941 1011 1817 4863 83535
2523 59967 33469 3253
2524 92653 98901 104381
2525 98095 98108 99253 99405 100214
2526 94621 94654 103513 103572 103596
2527 4404 84326 105892
2528 3085 5091 34017
2529 13714 7521 9428 13171 5070
2530 4033 10454 48913 29125 1306 6148
2531 83726 69199 26221 684 94554 12808 30847
2532 4969 8330 34257 83537 56019
2533 97447 102827 106243 107287
2534 8738 70503 5286 98852 78606
2535 50591 59752 93297 94717 10190 7613 94863 10252 95082 95790 85475 50591 62545 15040 105474 105475 13080 4483 11540 69261 97485 1918 50591 16917 3001
2536 49263 40270 42767 10258 8014 86935 59735 101508 6236 4031 15551 102820 102831 1306 6697 72688 110532 14917 83739 8440 20346 1207
2537 73549 84776 86796 40663 26632 5333 86945 87364 87396 74120 16724 103618
2538 94573 94574 46358 43095
2539 8748 18784 211
2540 14603 17571 109853 19330
2541 83254 43433 28327 102808
2542 38428 1000 44004 11847
2543 85922 53391 18304 98563
2544 92936 93053 93802 94730 95608 53230 109788
2545 50591 3707 61306 73765 77671 56377 81738
2546 14255 91623 96098 51630 100505 27638 60281 92793 88621
2547 8203 5670 11621 19951
2548 31183 78017 1742 52434 21256
2549 6003 83409 80647 4945 94173 26127 57658 110523
2550 91563 84089 23936
2551 83720 57638 11577
2552 87230 47244 101321
2553 36245 89147 4499 8842
2554 78481 83136 4043
2555 38799 20444 87774
2556 83061 14459 87917
2557 16410 8912 63085 45771 60953 5818
2558 4458 97392 104211 104212
2559 3819 93131 42988 53674
2560 89487 96739 94174 106003 41698
2561 87219 1011 26400 92075 440 12056 101537 22743 10814
2562 23861 83202 83129 21579 2215 88893 84630 92808 3805 8808 10130 83129 53829 87730 99826 99866 8365
2563 97095 20018 74799
2564 56011 42986 4010
2565 4442 9187 45239
2566 80722 105737 44331 105791
2567 85826 85827 99504 102584 18146 26495
2568 29470 68754 54867 103232
2569 25254 23309 27095 6045 25254 33275 112051 46402 29686
2570 20448 7190 83539
2571 48065 24056 100734 8888 61228 43819 31206
2572 82984 16874 71201 100499 17939 106236
2573 107783 9936 91027 16818 30102
2574 36669 75758 108177 61242
2575 518 6198 6286
2576 80378 103101 103764
2577 67989 4732 401 43649 103377
2578 86497 91972 21507 356 99179 850 110538
2579 278 104042 28157 2861
2580 708 10449 56054 230 319 18167 107312 4710
2581 56414 22280 106187
2582 94839 102594 307
2583 6652 86125 83263 89787 801 89996 33926 412 66044 69627
2584 91525 91526 91527 5221
2585 88615 88616 62597 88617 88618 36577 89225 89226 89227 98764 98803 102917 88615 109465
2586 68325 21577 8364
2587 49772 85692 62367 87692 87693 87694 54447 7640 96883 97824 97825 99095 99096 104034 50479 7638 49772 109233 15346 85692 17760
2588 81473 34727 71968 7002
2589 110959 29554 63963 10709
2590 230 85611 86617 61917 32989 98382 53701 112317
2591 84270 20787 96657
2592 48740 53986 14962 89599 91995 6965
2593 81820 71825 13704 105182 106781 4318
2594 4302 32073 24483
2595 24221 75884 195 3542 18840 80278 109337
2596 14026 32645 60985 18595 407 5070 64897
2597 9058 12581 56833
2598 75433 99352 55140 99353 106662 110544 110545
2599 59140 40259 34282 26648 80596 41909 15788 2277 106 70470 101706 1961 103196 71661 5060 83437 107748 8418 7886 42209
2600 9467 34828 101859
2601 81628 106636 108135
2602 8132 28300 99407 8056 457
2603 45239 67877 50680
2604 83743 17720 93664 106139 72869
2605 92275 72446 63927
2606 106766 345 19861 4950 10556 110033 38777 57322 110121
2607 81177 75353 68581 1634
2608 7116 2285 112312
2609 65978 62352 101736
2610 13832 4327 97289 82220 104277 108844
2611 79254 97683 5241
2612 23341 80674 20104 3813 6940 52437
2613 38381 85757 52240 69545 98358 23837 98504
2614 39617 83459 5298 79386 83517 98783 19951 106139 86950
2615 26796 101798 43602
2616 7521 35876 98920
2617 90299 40572 20982 74423
2618 9198 21487 81025 82536
2619 83493 83836 51741
2620 48836 19538 783 88128
2621 8176 89500 111292
2622 24566 53270 9450 105125 105126 112237
2623 40358 74635 97348 17447 5085
2624 87726 87869 88017 87869
2625 34282 45999 100663 4138 246 33441 107628
2626 23776 44754 59700
2627 39385 104167 104168
2628 95429 1605 6655 36120 106418 83142 67427
2629 75771 102977 9294 65469
2630 98690 32539 59763 93394
2631 35964 74393 92158 70318 26147
2632 5863 76063 89149 89150 84501 38326 33361
2633 30369 10590 55985 76867
2634 2900 92759 146 10020
2635 67041 2276 10909
2636 13779 1131 14797
2637 84279 85066 98450 103396 79509
2638 4032 51654 34282 80001 91521 4033 5567
2639 1360 69689 2787
2640 10453 105349 12668
2641 100944 71190 75845 1214 71091
2642 84208 101428 46835 108536
2643 83701 93043 93044
2644 89173 782 89182 76139 10250 127
2645 61031 91915 91916
2646 12183 87789 4642
2647 89118 80026 31949 31948 71568 80026 19668 106754 80027
2648 28433 39626 36879
2649 80259 112053 112080
2650 90507 34619 4517 94653
2651 4033 82141 51422
2652 27417 102803 98152 4033
2653 17422 986 2465 91959
2654 81393 603 98661
2655 20197 51072 99581 83841 15480
2656 83873 83874 83875 83897 84294 91562 91657
2657 6103 93377 105372
2658 708 68546 84469
2659 87089 87090 87091 74808 98732 98733 11541 34730 7630 25512 57800
2660 68540 33052 24823 98537 27449
2661 412 84476 409 42143 97033 97293
2662 87248 47712 92524 73552
2663 46592 45875 31871
2664 49198 9266 65229 40795 2787 57891
2665 4907 85256 39274 45201
2666 5463 26499 91491 91519
2667 94290 104615 50885 2391
2668 576 22046 7077 81992
2669 36481 104479 45399
2670 54196 98245 17756
2671 11 27990 44919 10022
2672 10931 29118 11069 15787
2673 6699 6698 109072
2674 95248 95303 78746 102400
2675 89787 86259 63831 4664
2676 94883 35813 85601 86378 31034 96120 32397 63047 84414 4668 79372 104397 4674 86378 104398 104512 63091 67818 63802 110765 30888 110399 74296 110818 111123
2677 73500 1620 1368
2678 84684 84863 85660 85918 99250 107563 35036
2679 86759 6122 79876 99517 4026 44610 4933
2680 15164 84562 32038 87713
2681 2224 21034 4935 23341 54634
2682 83672 56996 76697 103961 95836
2683 11600 3782 42839 17068 5396 23084
2684 83068 83069 48909 33907 62287
2685 992 15000 45239 22551
2686 28322 30767 16755
2687 21426 92002 45521
2688 81776 63012 93749 85066 52434
2689 9070 51843 784 84145 10302 14797 96485 76272 4456 4967 16394 98696 17048 4302 51819 4456 103541
2690 95277 6400 25503 20763 38182 48855 111923
2691 84184 84185 24861 24417
2692 23358 6443 44277 91867 2872 34548 2193 34455 4719 5242 107080 98016
2693 126 10641 87040
2694 89867 88735 4704
2695 3739 97085 28164 18095 2848 29457 100764
2696 1994 11672 104979
2697 74290 69488 33211
2698 98491 67368 53025 28377 20020 35428 99252 94028 11330
2699 2470 97480 97585 97606 7570
2700 10719 86646 94695
2701 34003 97239 97240
2702 85107 85456 25502 97056 97389 103976 106597
2703 21877 22789 10117
2704 88042 89129 89558 965
2705 94766 51844 16495 106982 64954 14542 112005
2706 23079 1824 1207 4032 19153 4104 37868 12102 103489 38540 106362
2707 53264 45539 13245 25269
2708 37342 6295 55084 1620 356 97657 2325 8748 7860 103296 10205 73000 92576
2709 9756 64719 104214
2710 6057 11503 38023 9264 35248 61741 47835
2711 2862 29299 92974
2712 31259 2800 105935 79778
2713 94254 1355 24633 43683
2714 24224 108599 69769
2715 92521 92531 5 96463
2716 71799 7108 12211
2717 2039 67877 40504 92023 102304 17555 47778 107296 47433 99175
2718 79165 97628 105165 55983 110862 110999
2719 3220 91767 10335 76272 84504 105148
2720 5845 53674 1548 24322 93502 97246 103356
2721 76859 80703 10160
2722 89529 9536 4749
2723 50655 94253 50391 106358 8238 107284 107285
2724 44263 62684 15665
2725 71928 21987 25607 60048
2726 57984 3842 6578
2727 58918 99500 3538 1484 4949
2728 32636 93380 33054 3068 104853
2729 86383 86463 92684 12356 68156 105550
2730 99018 44241 105404 73997 56019 5135 112204
2731 28941 87072 28942 89531 30020 57856 48463 33348 5540 37967 54179 103885 78558
2732 10020 45720 1111
2733 15567 9768 95722 48641 962 17580 95763 42152 101195 18599 13429 104943 3597 87585 105013 22474 86772
2734 103233 108245 73277
2735 33992 4302 16671 80686
2736 32073 106774 103489 58076
2737 59201 104816 107905
2738 3210 59730 16038 101834 89979 22279 69120
2739 2256 56150 27734
2740 99545 36466 107022 51026 105927
2741 13878 13771 99075 29762
2742 5922 45227 58300 63945
2743 19924 23309 59212
2744 39957 4987 3996
2745 96082 41955 112278
2746 4189 20923 29962 97619 97625
2747 12921 41905 3820 110604 110605
2748 103007 24979 108158 108198
2749 2888 111228 112273
2750 51214 103018 103051
2751 67479 4248 12207
2752 36173 10227 45149 2813 29898 3574 25498
2753 43095 17301 62181 37224 105970
2754 52180 104839 104840 34727 46679 108267 12153 99924
2755 87547 87548 70470 52839
2756 97621 17422 70814
2757 38799 918 101382 62045 94291
2758 5301 20275 33263 78663 110194 15799
2759 70868 30645 92670 104673 81322 110853
2760 17338 50437 108892 35485
2761 11266 23972 92622
2762 69785 65923 102289 20421 48211
2763 84225 56011 81695 84225
2764 83627 97207 86420 69544
2765 16592 689 2768
2766 94304 488 17958 81713
2767 17033 47339 20930 16624 4818 99057
2768 85641 27192 67546 42901
2769 32844 97089 5859
2770 4443 85066 11025 6948 51613
2771 13301 100301 8804 100376
2772 48095 16587 45239 7299 7457
2773 48612 17729 59791 70774
2774 39113 6920 761 100318
2775 2079 80838 89955 67877 98439 20652 61242 40441 4104 17467 7715 58644 81831
2776 102751 102757 66294
2777 86031 3612 51690 32218 44492 45116 65732 84566 6449 2492 34908 90407 41588 13413 110256
2778 89727 75343 89808 15087 74393 40551
2779 795 40403 307
2780 78175 93286 101859 15126
2781 3472 84303 84304 30737 29360
2782 7381 18182 34685
2783 37532 1225 2277
2784 57808 7144 192 71817 4561 4302
2785 76829 4516 49848
2786 18599 57902 67272 106950 106998 108454
2787 28985 107010 13310 8287 2216 86913 9184 38715
2788 33926 307 84555 30397
2789 16753 72696 2912 4873 86887 21516 98377 98390 56452 17264 85685 8118 111791 4695
2790 5424 27673 86787 1722 33876 7747 4838 45239 19246 97033 104877 21050 2368
2791 96919 8274 3882
2792 94520 94590 94671 94672 37673 94714 94715
2793 29902 89271 100717 53174 21450 110107 29902 24198
2794 42209 12321 13855 7457 92554 87299 60162
2795 49988 9010 92622 92623 92700 80690 7615 93942 18593 50287 94098 84792 19975 92622 78015 108182
2796 48641 18254 26264 29129 13555 67220 34727 47972
2797 19194 9358 39433
2798 1920 89848 78315 85641 736 21216 72552 4657 5264 56402 1111
2799 92352 103331 103332 107365
2800 27689 15087 35873 20791 16051 36630 18034 3575 10702 108569 65168 11330
2801 3421 85904 111139 12632
2802 84993 62546 85003 86519 86578 56592 97106 101514 103450 103451 22782
2803 67877 4104 1920
2804 92584 94304 8605
2805 64005 89894 11158 92541 30545 100405
2806 30356 4896 57995
2807 12921 44687 43433
2808 74166 14228 11009 15474 56058 106080
2809 4896 66443 24630 109422
2810 48033 83987 69587 38799
2811 2091 93533 35370 93583 13058 33325 95353 95354 5252 12959 41363 110499 110500
2812 91045 8980 22493
2813 69769 32073 14932 25886
2814 87207 83987 104862
2815 18702 86727 12909
2816 31226 94401 42459 50557
2817 7601 3122 49368 45476 4629 78911 54301 108003
2818 60008 93357 104006
2819 29058 91646 91664
2820 86999 1306 87000 4927
2821 34810 92255 87183 39273 4720 106594 99680 4289 112184
2822 87741 4340 45799 13854 44324 41176 93953 20460 7295 12498 98531 28959 98869 5621 90075 34502 20460 30536 102915 106688 64393 107921 9497 40550 110932
2823 52070 85813 2201 53107 88462 88484 7260 39206 94304 84630 102177 61967 39956 102189 85347 4911 87815 3019 106119 111956 23697 3441
2824 13069 83383 18400 27831 13069 5750 64113 109840
2825 59573 4674 79454
2826 85966 61242 87528 18919 106094 965 41738 107769
2827 92654 96022 52319
2828 1585 1471 14553 68910 72277 13049
2829 84610 28470 42152 52339 7092
2830 25262 67283 97382 67095 95976 62770 15878 4945 55665
2831 91912 20264 61709 81838
2832 27661 87205 36439 120 46667 44802 42209 96594 805 93114 21010 52262 39657 44540 10589 28833 17694 94603 84476
2833 15796 3760 10989 38352
2834 56011 5859 42085 84102 27808 59719 16378 100563 100603 37908 84057 23136
2835 5239 4953 2917 109199 110034
2836 91171 110753 110754
2837 33489 94691 26160 65597 98871 82380 92595
2838 20214 2320 41126
2839 87540 94069 96020 71787
2840 35043 65584 87750 90741 8592 12006 8287 31571 87603 37730 1061 24065 45986 17022 98995 6697 97688 22218 83404 55142 17561 10223 365
2841 6810 708 109598 16365
2842 26964 1067 5035 45239 93368 108037
2843 88572 88647 88823 46836 107301 8734 107303 107356 1581
2844 13757 98594 99105 83056 25956 38157 4946
2845 2521 92010 26580 106072
2846 87041 84401 80841
2847 4969 10347 5151 91496 98258
2848 84423 50203 4657 33004 28841 69587 1905 8564 12036 36423
2849 23505 76270 66397 17447
2850 59212 56011 3485 5320 16157 97880 19325 58644 230 22960 103250 17153 46205 97484 84101 6351 1810
2851 17040 35643 69279 50456 35643
2852 98519 92222 98566
2853 58515 43706 3560 14908
2854 307 15865 10899
2855 10020 93435 103389
2856 71825 83259 24701 2661 97203 5940
2857 10072 93735 98522 105603
2858 80804 2733 109896
2859 16082 21872 88974 84404 107457 77573 88518
2860 23924 4935 10072
2861 18677 69292 50693
2862 88369 3190 6216 95913 18435 96116 100268 100269 32990 37767
2863 72990 50885 33211 63644 50969 10335 1749 72990 7130 8925
2864 6913 33778 14662 19315
2865 85611 9328 35033
2866 55985 39241 6430
2867 73925 75845 68266 68223
2868 106376 3562 36820
2869 27194 63517 5693
2870 84982 95388 28183 95400 106268
2871 58683 576 2106
2872 2106 84515 108765 68635 47 4935
2873 88942 88943 88944 5025
2874 22468 80244 88078 86558 99798 99915 85110 93334 89376 67356 108 26580 110303 86785
2875 11 90728 104787 87070
2876 969 69533 108387 108405 108406 97589 820 97912 91848 94263
2877 40605 22112 84552 84601 26141 56138 98517 29284 22006 104060 104061 104127 104128 104592 104641 104650 108564 77123 111626 75333
2878 61156 97549 97552 97559 97787
2879 30215 7673 36333 104512 79454
2880 96799 96812 96818 16695 12817 9599 96943 16257 11887 97503 82659 56193 21910 101077 100162 71709 101138
2881 89309 72768 90941
2882 89642 83617 93550 93559
2883 95597 73941 103175
2884 42665 90541 44676 108160 412 52435 109246
2885 66155 96864 12293 79547 105291 106088 41909 106116 11648 110236 12068 102718
2886 94350 24409 99763 69434 20122 81569 44006
2887 85514 36017 50914 51718 100157 105382 105498 33561 79415 8479 53674
2888 89702 68004 2900
2889 34803 105234 106721 58138 1113
2890 5071 10077 4563 26368
2891 7302 48730 20173 14402 27051 14984 43197 20173 83726 84828
2892 42785 40571 98444
2893 93816 93817 16352 79696 27009
2894 19432 91304 106816
2895 28827 65426 42660 67877 19342 10182 10453 109666 41013 12073 1306
2896 36308 6003 95490
2897 47919 105340 108119
2898 53529 88765 48065 89540 27990 89894 90015 90019 46150 285 31075 108520 27990 110707 61031 44430
2899 29189 2429 59116 11150 53674 105853 107804 69949 7546 31720 15373 1243
2900 1857 52862 16437 60487 67877 49935 104508 85917 71910 81763 68747 59601
2901 83431 65000 99770 107781 107782 73145
2902 87933 46751 100190 100745
2903 83952 83953 84043 84044 10590 53335 84086 76539 84146
2904 89586 8094 9969 97756
2905 47529 53772 24698 47028
2906 29299 17817 99698
2907 78688 17876 67066 96514 28771
2908 91588 27853 88643
2909 83310 83311 6405 10033 17096 104612 103523 85971 4630
2910 30 83595 83596 15988 48274 95844 74148 4007 12365
2911 36946 2167 92584 99414 99415 17775 87952 36078
2912 91362 103168 29541 28085
2913 761 16691 86628 10020
2914 18741 28932 9290
2915 83910 49954 78154 5682 96502 96512 94537 96528 106195 108036 111868
2916 86894 86895 94372 94373
2917 18020 11359 22334 44371 13981
2918 87719 79480 5413 69013
2919 65309 66443 38230 88366 112034 112035
2920 56204 50593 1355
2921 101535 2472 453 43326 7905 50129 135 28164 81785 111341 83214 1199 50129
2922 49255 54831 71839 92207 79233 46152 33449
2923 69911 55082 103902 104264 106184
2924 84959 98503 98973 3664 2612
2925 22560 41191 5159 25977 84815 101295 111286
2926 85307 85308 28535 60271 20727 56016 87554 12652 12859 60615 95071 16339 1225 1306 15298 27019 7010 81544 6105 19640 15843 4033 37323 42137 108369 30630 79493
2927 72011 88362 25928 103381 103382
2928 38078 32543 73962 95886
2929 34740 14511 67725
2930 18015 14814 80384
2931 4302 11465 8966 75165
2932 527 89450 25740 69591 16423
2933 33995 95381 5922 58376
2934 18784 86679 14786 76145 87054 4327 105669
2935 17497 14636 95393
2936 88711 44818 37138 66668 31727 102062 102063 61541 102064 102924 19975 58537
2937 36370 84915 88948 54125 32842 31053 55130 41298 90932 102585
2938 1645 31377 15036 7144 106428 16080 72107 111784 1645 34107 36137
2939 81559 101316 77832 78342
2940 51654 55042 61043
2941 2800 28841 67893
2942 105043 111371 111372
2943 96494 96670 99908
2944 71488 84870 86161 40182 2027 5920 93203 93536 1959 17482 58882 95931 68975
2945 93093 10478 106263 64488
2946 87332 74546 42934 109857 56364
2947 10501 87997 56011 26325 100459 102909 22834 25674 103755 60607
2948 80278 34417 10250 8757 5859 8077 55239
2949 25643 93806 4528 65000 111711
2950 15341 88366 26734 10767 1633
2951 3195 44520 76860 39795 107154 64119 76387
2952 1805 85635 7211
2953 29458 93404 58300 98951 18854 22759 29451
2954 22222 86228 21233 66 22222 86228 13171
2955 61917 98186 9033 16114 99717 99718 99744
2956 3119 91647 9102 93932 97053
2957 35876 101382 5608 101543 23341 8015 95976 106123 107374
2958 50623 5219 94541 23818 56587 83501
2959 24974 91532 90108 24974
2960 10906 100114 12082
2961 43687 91483 29646 98848 82495 319 5296 55471
2962 77975 2331 91523 29488
2963 29320 84868 7837 88760 2720 27659 103912 177 105341 918 105371 14391 105539 17510
2964 42179 55788 52396 6105
2965 86303 57744 6195
2966 307 83147 3589 18543 13396 90628 92445 18001 100429 1057 12146 30000 104732 2581 83437 84430 4047 20652
2967 7002 64656 993 7002 69985
2968 88958 2210 40403
2969 27095 8128 44687
2970 56715 85040 74977 69985
2971 44027 20268 91887 78047 69001 85575 101438 44265 101701 4809 26876 85455 110324
2972 29651 95058 71374 101914
2973 43805 68952 18427
2974 67332 83647 87680 106642 67332 73328
2975 85575 13771 5818 52282 6287
2976 35318 83324 11421 15307 83603 69638 83622 17695 85303 2789 82290 106713 29523
2977 89457 91568 18354
2978 65383 86287 23784 5922
2979 80244 18431 95438
2980 61339 83938 104088
2981 2338 109051 14387
2982 52435 13408 70365
2983 14648 90387 1306 3068 1633 104009 104010
2984 83137 88933 61639 91689 93146 88291 106058 96899 109929
2985 12062 5816 12210 7492 105459 34616
2986 5859 816 734 95178 13573
2987 60487 94171 6057
2988 90252 35314 5803 782
2989 53494 14264 98059 101824
2990 11565 53604 88305 50816 4664 103383 103384 103406 103407 103408 103409 103428 97741 103478
2991 43667 95003 61242
2992 88984 81283 18864 96452 3086 85771 43216 111446 111529 111547 36860 111603 45831 36189 111902
2993 13994 33443 104547 59848 108415 15140 111691
2994 86251 86343 86344 86345 86365 24926 9980 22545 43467
2995 84189 30693 92128 72995 92379 93246 94402 94404 4412 106742
2996 103209 70050 103376 106182
2997 44241 35294 100163 32604 100164 4370 21034 5700 1645 65098 66736 2129 104420 7778
2998 2691 2276 2757
2999 5061 15938 15972
3000 83490 32073 54905 35846 102503 14436 106583
3001 20982 14543 3805 62033 6671 106362 20673 111142
3002 45239 56204 97131 85641 9856 41594
3003 85037 43602 998
3004 6035 81597 3560 7366
3005 23341 41100 34727 14217
3006 10344 51637 35486 70858 101647 29330 106826
3007 98559 101078 101079 101080 108641 110409
3008 91319 91320 26783 100036 52731
3009 85887 12870 3081 1661 19709 23410
3010 67109 79674 104258 4141 1657
3011 23618 3957 104411
3012 53023 30503 69600 60935 107401
3013 96144 101096 26908
3014 5029 4809 29976
3015 86733 9391 76916 47375 38293 39392 458 79499
3016 4652 105877 17172
3017 101460 73447 101527
3018 34084 11496 27951 79807 4809 93271 33786 32297 4050 12812 15719 41890 17802 104638 24856 91502
3019 6383 26601 1297 3710
3020 11759 86086 11658
3021 56474 7886 33635 49807
3022 16991 42419 46892 36801 11562
3023 89068 89117 89146 90525
3024 69178 70465 96995
3025 83105 59644 73093 103045 103061 50224
3026 5439 81993 551
3027 29899 67877 105362
3028 50 78175 56204 5157 89341 33487 28113 34743 94431 98905 56204 576 76128 28113 20345 13527 16634
3029 30892 108449 108450
3030 89364 44925 100142 39141 108157 30948 20166 87465
3031 15596 98614 96689
3032 61031 72809 68533 103853 5265 103896 1462 76635 3151
3033 22843 44190 7392 11 45239 67877 52469 17718
3034 6782 15886 89178 103752 4443 99759 39376 84813
3035 216 29030 99688 99689 19660
3036 5670 26411 5922
3037 60993 50695 5056 92129 5733 6451 100962
3038 335 3919 106961
3039 4903 4277 47335 54985 69165
3040 90124 86691 90144
3041 1678 17905 17904
3042 23022 40709 91615
3043 86972 109912 111114 111115
3044 6323 102685 103748 108376 2567 37556
3045 2536 48641 102027 43602
3046 23217 27985 55171 18133 19217 16486 22487 111619 25284 56204 87592
3047 86125 15000 190 76128
3048 22041 67877 67546
3049 86651 83152 14697 90661 106279
3050 83809 48556 27720 105993 50856 111688 111689 60254 38495 8940 112274
3051 5396 1256 51630 108225
3052 83620 28048 38702 51355 103436 111852 47612
3053 71612 76280 39169 42698 2106 93516 27082
3054 97928 44802 52788
3055 43972 1161 76456 20840 73258 29317 41029
3056 93538 94474 3629 94475 94811 69120 2106 96211 911 5430 71852 101272
3057 49148 59834 70402 108064
3058 55905 21324 3202 71355
3059 14401 5347 40781 92837 27606 93123 95670
3060 56484 87539 104162 108279
3061 45052 85243 77715 21089 5416 63675 101444 105194 105195 106020 100179 76762
3062 10975 6769 102722
3063 7288 9328 73553 50224
3064 8420 77294 43433 29555 68540
3065 87534 60487 91801 83633 68533 56011 56054 13514 36879 2338 7458 11477 45239 8987
3066 71214 104503 458 39865 71214
3067 29791 50790 104506
3068 60582 111081 22606 9948 112301
3069 2314 10356 83838 64163
3070 41582 81482 92151
3071 83266 52060 16355 73567 23317 38042 21256 17321 104675
3072 84056 10835 54202 92714
3073 13339 79937 86018
3074 88212 90926 66704 90947 89345 63511 102454 72697 79950 78089 102966 102967 102968 103088 1462 103089 103152 3043 9164
3075 46294 84132 7011 96699
3076 100083 15298 63708 67213
3077 5922 94272 41 27913 109035 67601
3078 74678 90364 28332 2800 14753
3079 307 4783 13500
3080 104467 109360 32942
3081 31297 34072 4346 76272 73273 72898
3082 17031 14041 26993
3083 16707 3278 68761
3084 5458 42135 96557 96801 61140 101094
3085 36539 9894 68659 91617 48641
3086 49240 25837 25711 37207 29070 4516 87392 80278 48484 63932 60190
3087 95391 5670 15176 25709 6287 19614 95391 30830 38272 110332
3088 2581 100702 79350 73902 50129 34417 1656
3089 22322 518 85807 6035 7836 5702 1147 22322 15373 7546 89309
3090 83505 5242 67877 307
3091 45719 12028 18068 54099
3092 3486 7309 47403 25491 53479 6944 75712 8490 84555
3093 42017 24765 72624 71817
3094 61068 83485 7130 65559
3095 6351 9079 43767
3096 5746 55188 14489 51073 87625 112309
3097 73801 1564 20540
3098 41011 86887 26228 44230 55866
3099 43861 88180 99691 48755 3064 106598 72919 109481
3100 48013 83306 27233 62972 83561 18796 6496 6120 23374 62827 7436
3101 34816 38497 2314 87126 45421 97425 44248
3102 72495 57261 75931 6287 41913 100642 35301
3103 103127 102428 91517 31234
3104 47550 8735 22855 28942 73801 16634 1630 14220 112209
3105 7260 911 5333 8118 53023
3106 57062 7734 67307
3107 93506 101419 8734
3108 6287 40073 7159 94519 90112 61442
3109 70800 1672 10276 103374
3110 5424 39657 54796 25436 782
3111 398 34414 59901 48362 3005 14778 6721 49067 43411 11489 34406 25064 68056 61137 3362 1199 83987 58810 2645 43411 37570 63609 93962 96226 48362 11079
3112 100408 78575 110163
3113 10247 44448 38096 36430 30200
3114 72339 79693 56509 33908 67507 107460
3115 84391 39012 98929 74484
3116 6540 5480 82460
3117 67762 58445 108713
3118 92706 175 36860 510
3119 3068 52880 43372 44980 92718 12146 80631
3120 2445 13366 38668 85473 92419 92450 7295 35323 25676 94444 7288 18918 44190 2445 38668 21610 103699 91667 108529
3121 84416 88236 22803 7144
3122 20196 1531 6325 6849 83136
3123 43787 15410 76757
3124 94028 26264 108986 65228 3759
3125 85283 1111 911 68761 772
3126 83213 74211 15061 52273 23024 8641 5527 98708 70354 62251 28859 39160 68046 74919 105851 32310 110653 72710
3127 33449 95119 49693 86388 5887 65107
3128 1532 5109 109952
3129 27772 612 32839 93270 1881 9130 93271 37363 1376 99872 61335 8569 99958 100088 100090 2181
3130 78219 41878 34302 93530 96076 96091 50588
3131 35361 3519 2314 1880
3132 83739 40551 96483 63481 97194
3133 38298 20067 1819 14207 78481 95684
3134 69600 86555 5755
3135 70679 90528 12808
3136 85682 100733 49460 105375 107304 57190
3137 12175 26891 21317
3138 94670 25301 108186 90364 6944
3139 9821 83400 8412 16319 19140 30225 7103 21459 9821 2800
3140 88353 90715 9164 65257 50021 74875 73234 5887 64919 17921 83451
3141 63481 102035 111627
3142 45239 12207 108529
3143 91985 70618 104617 104618 5576
3144 14357 86148 61467
3145 12036 6862 34094 26935 93252
3146 5071 6498 68583 55184 30456 81192 53765 58004 5581
3147 6497 61242 96140 6497 101228 67877 165 57417 16627
3148 2997 1202 106 23973
3149 85066 45239 14289 13377
3150 32945 50829 108345
3151 87424 87425 8912
3152 31094 95125 10421 107361 10893
3153 25562 76203 18838 70723 7293 5140
3154 61818 92851 95970
3155 29696 1127 12149 60985 32645 4032 9190 65726 18595 10459 108921
3156 28827 41013 21475
3157 86002 89833 57668 93057 111835
3158 83289 89621 42651 58064 54711 2800 13336
3159 7576 1602 15000
3160 13171 75845 43767
3161 90706 62775 101478 85066 103653
3162 93501 4950 99084 103819 80996 1462 41130
3163 71522 84177 49220 84318 84319 85102 85103 85194 85769 8540 9882 34531
3164 25709 736 45178 46088 22006 105745 5452 51304 106043 215 2808 107150 895 11465 5016 109577
3165 55497 62011 92696 66689 55497 80375 95149 62011 16723 99751 33324 94456 103529 92591 104966 6462
3166 94172 17609 38552 14220
3167 44004 15511 84957
3168 39385 39441 15000
3169 89912 48156 39489
3170 14803 53737 40063 8443 95174 84591 97475 18586 103737
3171 6397 66125 55540
3172 93433 85066 71277
3173 35258 83149 61242 104154 83799 104155 29381 107152 107214
3174 86415 72011 1736 8083
3175 87834 2675 37233 100124
3176 21674 88620 65563
3177 86020 38090 100060 10115 94256 3486 48587
3178 68237 61242 66175
3179 83078 54619 94095 693 105768
3180 12184 28157 89514
3181 16555 88250 49192 79756
3182 34572 95746 107907 108341
3183 56011 1278 95772 81597 9127
3184 25085 3819 10560 4010 93334
3185 8737 31472 1544
3186 83693 56343 56053 82974 56735 4643 30466 7002 59245 5214 50610 110828
3187 53619 4755 40403
3188 58683 15019 910
3189 39212 61242 94981 45771 85066
3190 34287 98591 18352 28746 67100
3191 24131 59685 5662 2277 111424
3192 1475 21944 36511 34465 9467 83831 29635 37968
3193 91469 53391 14690
3194 44069 89733 70226 39519 54924 91245
3195 75459 28765 104710 84641
3196 16670 55725 8605
3197 90650 94318 94319 7797 102580 84334 30470 17555 109785 109815 111161
3198 3202 80380 22112 239 93151
3199 77329 13855 13778 31380 2833 102250 30029 108181 895 96482
3200 60602 25900 43767 39479 13754 6434 103341
3201 87847 60392 110158
3202 5251 83970 9597
3203 4397 5683 70062
3204 10708 65740 101798 104623 67546 11477
3205 89745 100576 7061 104015 104044
3206 83795 73065 43801 110676
3207 49097 89705 94673
3208 92004 95253 95254 75196 96763 65313 104925 19640 29125
3209 100812 100813 100878 62735
3210 10395 1548 3839 103844 8518 111607 36236 111635
3211 72011 4969 41081 92669 109460
3212 67546 3142 20166 48166 61242
3213 80307 26488 21810 28543
3214 30 280 83987 23697 84630 41999 80631 5214 280
3215 17377 97982 86763 85814
3216 33740 105515 23831 73892
3217 30029 27475 918 54523 45612 24658
3218 11080 55181 103971
3219 1471 31149 14090
3220 94597 89376 319 6683 67848 90252 5424 71910 94995 95315 84630 25711 56517 63249 31054 25640
3221 8492 92697 83136 92912
3222 68581 2052 64800 84630
3223 41805 3561 83064 60094 65776 93334 60727
3224 84582 105985 106593 107407 108560 108600
3225 85606 8777 55305
3226 24519 89349 69280 94259 62033 67257 101532 65337 32654 25523 102963 45294 91096 64798 105863 97 88725 1551 107526 94259 109752 109766
3227 93606 3805 44150 45239
3228 96096 41425 96720
3229 16253 5491 19670 77887 108
3230 5859 558 19341 17068 40725 43859
3231 91859 102918 31854 37923 105601 105602 45709 99175 71779 31942 13830
3232 34530 86608 86633 5721 59140 65613 90494 14315 97079 96376 16204 17284 103882 84827 105297 107028 58854
3233 34727 6399 55042 3267 8838
3234 96515 104405 106407
3235 91814 5746 55181 26958
3236 67574 71607 86887 2634 100444 111589 18750
3237 41221 98356 92569
3238 65164 104539 5729
3239 49256 39978 13973
3240 18310 82089 93131
3241 3481 54882 29381
3242 104741 67679 108241 79939 109973 110732 110733 110813 110824
3243 37209 57974 58020
3244 23341 7288 57788
3245 83791 91434 37941 15136
3246 19000 40266 969
3247 46515 89596 87055 29118 89622 89697 60579 1070 40913 89951 32051
3248 85641 12427 25562 75974
3249 85612 65414 23192
3250 6782 97426 67666 108889
3251 1633 15525 418
3252 86831 38778 41050 90326 6578
3253 93033 99728 100235 100250 20158 110092 53390 110093 110094 57615 110202 32063 27009
3254 99489 14917 5996
3255 51348 89954 97739 77250 11806 37539 99437 67546 53237 11496 26147
3256 1008 5670 19415
3257 84706 87362 87363 91870 92297 92741
3258 72364 88095 88595 88596 85635 15142 14688 88969 89234 89653 48328 23320 80380 14688 31154
3259 11737 47837 71607 4302 27673 87178 1243 4422 13830
3260 88197 62017 29696 89112 60633 30664 67310 11515 79620 78495 99913 75506 100844 101087 50909 49719 64789
3261 28952 10080 15747 58300 98275 17346
3262 89658 86133 89795 39104 15825 24876 93606 12921 31401 105072 14376 105158 107988 10063 55181 43444 14366 62435 108219 19640 3319 96 18108
3263 64919 19676 8830 97532 10745
3264 6721 58044 5723 1187 99118 32529 104138 14662 9769 104315 9568 5618 1383
3265 92958 95631 95632
3266 16715 83965 26669 48084 2993 85556 5080 17398 89143 7459
3267 8738 97089 37532
3268 64651 12809 14014 96006 9719 97680
3269 418 6737 926 10108 13785 97781 97782 29125 47762 8353
3270 2997 28684 19857
3271 47516 83717 94276 19409 103701
3272 25076 54954 6578 47238
3273 41757 100995 109673 109674
3274 29324 39978 84481 12039 58231 25172 3366 16818 5989 98936 3367 99034 10453 29074 22653
3275 84293 26568 488 2536 31297
3276 56011 95688 96079
3277 84906 42360 16347 100749 993
3278 3233 82661 14059 2948 5798 14137
3279 84000 85343 70149 8400 14345 5811 85360 11473 83570 7002
3280 74393 65846 23341 18686 19276
3281 5875 49960 5804 98932 5177 99303 104204 6616 3081
3282 8400 89965 94216 67877 27744 98381 106853 106854
3283 10631 1165 37733 89045 84406 18333 91401 34816 78219 10631 69365 102431
3284 94752 43602 8394 34233 32862 65972 55181 11995 2600 21119 79295 32860 102216 58675 37823 102227 102228 277 5396 6726 14854 2557 98123 103489 8394
3285 30665 67834 5019 4926
3286 25257 56443 8575
3287 5424 29058 10906
3288 64377 6057 87681 75567 67685 13669 32917 46104 89134
3289 98929 100027 101469 84106 85066
3290 90227 91373 14037
3291 8490 91671 27079 18090 85770 36281 105905 25709 5020 36131
3292 93168 93182 37323 76097 43593 55940 11026
3293 7458 85930 89798 51080 6280
3294 8775 21631 28268
3295 93594 72270 62318 37
3296 24760 93842 93843 93879
3297 24481 104771 104864 36860 97323
3298 32222 73404 42810 65915
3299 10559 58451 6120 49194
3300 15676 45987 103487 3202 15555
3301 72291 6441 56638 93920 93921 33580 93946 93059 52528 15069
3302 89255 67877 33054 98167
3303 5478 69866 23654 107264 90813 37070 37874
3304 84681 99036 106887
3305 12296 72678 10619 12808 4851 39706
3306 11122 19640 1492
3307 27689 4758 9762 5337
3308 66555 68836 22844 47600
3309 76135 50838 102790 50156 52383
3310 90668 98611 109824 109825 58988 28010 112314 97640
3311 6950 916 47295 10545
3312 97083 96265 101263 8738 34900
3313 29285 607 9913 110985 111003
3314 97033 5452 53609
3315 1428 17711 111676
3316 82661 2420 72665 86950 1473 22664 1811
3317 5211 43602 71910
3318 94836 13580 91862 7927 4784 9826 42947
3319 3220 15316 3486 16380
3320 62601 45423 61512 90 4969 70462 56087 97032 7002 97051 98171 19246 98263 106362 62045
3321 74981 14908 67438 30093
3322 76307 63393 65559 93334 45915 107720 7277 71830 112338 108529
3323 77971 22952 23088 6443
3324 48802 37720 109246
3325 57700 89259 2888 53745 14248 48310 30855 90004 23841 90071 85515 59245 90072 90220 90221 90234 90235 632 1314 1719 1011
3326 82950 34427 96255
3327 11287 76757 69512 41 20084 112315 21516 112325
3328 1225 11403 43769
3329 99390 49000 9538 1287
3330 92428 12841 29066 99779 51057 47876 100016 45281
3331 40788 19709 98142
3332 45001 3190 4293
3333 93408 97017 22286 34426 105361 78176
3334 5811 51060 32219 3267 78432 60397 41558
3335 42667 79901 91903 37431 93440 51144
3336 88190 1874 27818
3337 4324 3674 16555 16774
3338 72244 7494 7402 81239
3339 98330 99114 106257 109913
3340 89986 89987 90171 98461 25397
3341 43612 48484 67877
3342 20652 50491 85885 97089
3343 52434 91300 19861 6224 6097 772 895
3344 46858 25900 66 80990 92544 23494
3345 1886 41013 1306 100042 98840 39255 7483 40820 72505
3346 72699 55207 72965 5850 43683
3347 55896 18515 8912 85888 32076 100491 100495 3423 100497
3348 65074 26228 2428 307 27423 230
3349 95642 9894 52435 36766 106917 82737 67095
3350 35239 92311 32506 102292 19076
3351 78049 1795 75085
3352 86758 8027 64943 2606
3353 736 25262 4760
3354 1846 69142 6148 25900 34117
3355 32839 18168 11465
3356 8257 8362 24860
3357 29162 7737 109812 71659 48948 37868 20943 42320 37054 40669 112020
3358 82953 82999 83000 31210 86428 86485 72422 75724 82953 96159 76272 99715
3359 52383 1306 80631 2052 79160
3360 12804 6761 95684 67356 11161 101032 52435 36891 88759 6694 71142 1896 105625
3361 84001 38233 51960 28833 5029 2699 92362 44911 3673 1207 53365 103399 8535 104468 105220 1306 102831
3362 15845 32111 5060 24118
3363 10585 57896 3606 9630 95297 6461 10585
3364 49306 19445 8576 49306
3365 2277 73464 82366 418 98444 40826 35314
3366 77452 88619 94833
3367 23030 98380 104394 53194
3368 33222 87683 81500 38048 101309 31815 17744 29421 56204
3369 1475 71968 96714 57669
3370 28570 93647 29125
3371 14917 3832 51029 2256 17881 45444 4896
3372 86255 15799 5787 104825 18069 55822 89300 25884
3373 5703 25866 41633 4055 2279 53147 31119 992 109407
3374 33703 11079 82209 91951 85355 20265
3375 412 5876 6167 72011 15000
3376 38682 44509 87031 86560 24470 98146 98176 98196 94624
3377 29668 2123 98788 8362
3378 18121 108544 46590 34908
3379 9068 41894 99175 63892
3380 41353 107777 108374
3381 26031 94857 92384 95255 41309
3382 1994 8356 106271
3383 83308 11613 27593 83616 13980 52342 92602 13413
3384 91654 18416 65346
3385 33045 15062 73825 89648 98983
3386 5980 43170 22408 87040
3387 97328 101287 37802 48601 33184
3388 7117 109359 21701
3389 29518 24489 15662 43479 74751 105339
3390 85976 26094 5218 29809 5978 52033
3391 42693 88330 42592 88331 1827 29348 112191
3392 15500 12062 96503 46124 96535 98644 2535 46282 59311 12452 111047 11009 21913
3393 72011 84641 10020 15817 75966 5922
3394 91308 12740 12789
3395 16753 78760 69143 4848 5632 4896
3396 83152 68926 97319
3397 94223 47397 100165
3398 84131 87047 85128 41990 92426 5216 4899 8042 31151 16826 12139 68432 110177
3399 8244 82842 86984 87026 6005 67365 24535 4047 24320 7213 92675 92699 7301 109962 7519 47716
3400 2385 86086 10326 55175
3401 10156 36477 6363 97027 5028 68672 83726
3402 32216 5004 108847 38440 108854 77485 76044
3403 29807 307 1298
3404 83058 48290 83575 84786 26605 52088 52273 33320 30232 88517 88730 72135 98015 15061 73356 15049 57087
3405 4536 11594 1111 77091
3406 49249 22191 25060 7600 9478 56573 7288 106549 83726
3407 722 51843 761
3408 2351 6013 104363
3409 68403 28125 46978 23981 2279
3410 12721 90093 76524 99377 44128 66888 15860 109290 109499
3411 77799 6018 109767 109779 67899 36393 109837 18352 34220 16425 109126
3412 52173 2391 85206 89274 89404 86694 52021 33580 81002 60071
3413 2541 94162 111693
3414 3122 58569 99423 99424 41730
3415 11832 34258 24202 16984
3416 33070 74793 44512 108115
3417 4157 17908 30180 19173 99800 1633 17499 25085
3418 11922 36570 78521
3419 108102 108103 98479 108183 101600
3420 20020 105171 67354 99230 48839
3421 44526 19639 16312 56735 14264
3422 28497 33 92565 92763 37944 26821 95731 5298 4349 8842 29712 13103 56328 39202 98439 109303 2833 108647 96318
3423 6035 8569 68456 4017
3424 45049 104260 43799 19872 108208 48920 3805 5229
3425 65000 16826 59593
3426 4047 69327 66044 53351 53049 4086
3427 92188 88680 94631 77630 80632 80633
3428 15206 30397 6114
3429 30850 26445 104649
3430 45996 109217 101055 17084 112003
3431 23845 1156 104151
3432 90044 48612 30635 93334 26580 107495 65685
3433 8412 70494 106026
3434 94914 96253 67835
3435 16798 48314 109103
3436 38852 92144 6827 19248 64903 88856 104164 15596 95081 60222 14956 15364
3437 31712 56054 2817
3438 13900 4674 74922 110399 110423
3439 90116 39087 102190
3440 7367 3710 53439
3441 97060 40340 97061 82737 108578
3442 6781 1551 102659 102660
3443 10000 56055 83501 93262 92484
3444 45239 95151 39978 106135 56433
3445 69769 30357 96629 9467 19079
3446 97369 5776 107354
3447 23399 99165 57823
3448 81866 14755 4536 41344 107873 33705
3449 83565 80106 29609
3450 40024 76061 98450 45771
3451 12290 84395 44772 106911 11403
3452 14405 91846 79498 6700 6079 14406 3849 16969 29230 108931 24470 39177 35706 11940
3453 6080 1326 8394 43602 16774
3454 17501 9664 61475 109302 29446 75782 7080 32461
3455 29286 90076 90057
3456 780 679 23957 109257
3457 3081 75980 92200 102618 105873 58511
3458 91129 4809 52434 106685
3459 27584 21674 27584
3460 75210 51915 98842
3461 85110 76831 47048
3462 895 9719 85161 45239 1403 63380 67877 14942 104206 23267
3463 6697 74691 52944 32633
3464 5909 6633 3301 106189 106769 9763 102966
3465 1337 16209 97138 99951 75056
3466 85783 47255 94812 95142 38951
3467 50215 16265 38161
3468 19295 107268 43143 5335
3469 2368 8059 73166 36999 103581
3470 9948 88768 69292
3471 5845 10623 86642 1620
3472 29497 91652 91748 510 104289 45715 44224 41588 14655 24869 13366 45190 67594
3473 21972 4302 101059
3474 25262 103955 4513
3475 31149 44726 45690
3476 4302 43810 10987 111031
3477 61319 32147 51754
3478 40781 4209 3168 98856
3479 60392 92391 94611 60047 13339 60047 27633 99831 2053
3480 82882 85018 88841 98805 88027 106232 104245 106263 106232
3481 46265 91109 7999
3482 91842 959 76318
3483 102264 96969 97299 43178 30277 106838 15025
3484 87959 62903 79314
3485 45131 83668 61635 98290 26316 62592 107917 41568 108912 23594
3486 6757 22038 3649 111705 41420 111771
3487 92754 96048 51370 106925 106926 106930
3488 84630 110090 17373 5811 7172 70588
3489 57335 101470 101721
3490 25728 18595 36776
3491 71636 87640 88252 89029 8939 67343 49550 67581 35310 8939 16596
3492 5536 22884 2997 17744
3493 5286 87736 28185
3494 69870 51729 101553 24556 101554 45833 110849 15998 111686
3495 18773 2817 44168 63782 4783 4639 14217 86838
3496 20486 33192 95539 77926 20061 100612 95315 33192 101823 104191 7686 41989 4695 108469 100612
3497 12991 41588 92346 26221 3448 96193 20210 96244 81127 103529 48551
3498 100754 108216 108226
3499 68477 106576 108046
3500 3506 2915 18784
3501 10201 94544 104836 83880
3502 47896 6143 10556
3503 13208 41716 13333
3504 34417 639 6503 103359 103360 82607 4809 64920 5844 5670 26400 67877 100897
3505 42644 23505 39571 112270 9247
3506 23321 53413 34235 409 106369 10692 86125
3507 693 8028 74038
3508 54821 54793 1462 57700 74821
3509 89778 94820 105277
3510 40403 75 6003 7498 61242
3511 56735 6143 98498 7910 306
3512 1495 11608 79097 37377 107966 41013
3513 104395 92374 67872
3514 23295 104230 67475
3515 5999 8912 5930 9719
3516 95569 48740 95601 35910 48641 95951 108488
3517 109457 87815 110439 5177 6088 5804
3518 5333 36398 98954 44897 111863
3519 83124 9032 5325
3520 95955 38178 20127 7144
3521 42644 14248 105768
3522 45991 55152 35706 85267 85268
3523 96979 98350 103973 105859
3524 42644 37364 8514 844
3525 90085 93300 101440
3526 90697 75701 90710 104568
3527 62329 35324 6040 8394 89529
3528 86962 8513 43326
3529 14015 108433 2279 28594 108781
3530 93908 1826 22777 42190 77002 33992 5451 83272 19664 46215 69702 108850 92517 109016 109017
3531 41953 7701 96482 32529 96993 10826
3532 5424 89787 33718
3533 150 67258 103489 7592
3534 319 16062 649 68184 45239 34714 7363
3535 84708 34616 84709 7601 90526
3536 17589 9656 56011 22457 10021
3537 27327 13976 44347
3538 3162 32645 75294
3539 39385 1165 99941 99964 11 3645 66988 1058 18563 65545 93334 97640 65555 37 49698 67356
3540 85174 85242 25102 25551 45523 60046
3541 16581 13757 6040
3542 84842 2053 62610 40749 32165 31270 95805 81834
3543 56483 34233 277
3544 4302 36131 3819 55105 85885 90828 31297 75621 93020 103221 4302
3545 83829 93687 44733
3546 307 49682 85198
3547 67877 307 46210
3548 89943 62860 104441 105321 106209
3549 26674 100342 25928
3550 14753 96014 31604 96053 43859 1239 2052 13385 28297
3551 4780 2900 23341
3552 72809 43433 85723 36292 25848
3553 100023 62363 91938 26291 71701
3554 17033 53162 107741
3555 78342 62181 68266
3556 29056 6326 105582 19125 81114
3557 34437 8607 307 85466 86147 1207 96932 97995 99700 41580 70716 106388 106680 108461 3039
3558 6806 307 13304 7073
3559 28827 41013 3465
3560 90301 90302 90309 23018 4179 100279
3561 91849 91850 94880 94881 94999 95000 52815 91849 104328
3562 86479 86480 86575 11162 91269 1151 19004 92306 35724 48875 95918 95935 38360 105501 3190
3563 101712 42898 93234
3564 100453 22631 107426
3565 6543 90008 31250
3566 23597 89529 7629
3567 13754 15099 65474 100362
3568 57010 91472 55771 32762 92269
3569 1182 86429 11009 68086 25315 1462 94865 106189 106190 24432 7717
3570 11716 46978 81992 101618 15176 6758 62380 19924
3571 85218 90375 42205
3572 65503 32073 5298 47301 66723 95832 29189
3573 56735 111717 1373
3574 85528 34520 92037 103057 5772 9615
3575 87820 576 36646 108164
3576 67785 86886 96846 97638 33704 63787 24618 20892
3577 83152 19855 85113 39066 68458 37276 45859 83152 72941
3578 83510 13027 120 14082 96320 32801 4014 35817 34893
3579 40232 25201 66963
3580 120 28833 46858 5298
3581 26772 26653 4101 100474 100475 51039 87270 50540 43302 14405 32647 109130 109131 62029 111480 49036 111499 111500 109733 111502 111503 111530 111606 34728
3582 8936 36151 5349 71565 37376 8244 105134 7491 58142 79632 100134 10200 12394 51129 107240 71915
3583 32327 84751 94927 94944 2817
3584 3760 7480 73353 52089
3585 86008 89977 89978
3586 6030 13976 76824 8921 15206 85066 72011 6578 103449 18677 85561 5922 30635 30741
3587 76307 11483 87458
3588 4075 102661 106900 85993
3589 15255 84662 102127 102128 8215 107825 81953 107883
3590 679 52534 67877 91063 91070 26580 105355
3591 35324 27808 3932
3592 731 307 16707
3593 88203 5849 918 45720 78776 8656 23505 77887 19265
3594 15788 35314 1462 65229
3595 36213 63307 9381 48948
3596 81419 16736 93209 68945 107618 93209
3597 66006 55577 91564 107035 75724
3598 41266 84504 21760
3599 7159 92508 42438 92509 12508 79843 41956
3600 83135 64872 3466
3601 97688 89798 56089
3602 87435 84137 23384 107887 28554 6672 84137
3603 34293 60985 91367 3110 9245 5189
3604 58683 1975 6147 8808 41331 14619
3605 80686 307 230
3606 8533 46290 5247 10417 54516 104874
3607 91235 14255 104388 98585 111407
3608 31444 11483 45521
3609 42446 15128 49849 87518 62309 106412 60487 106814 92363 106815 52151 75470 16826 106874 106875 106944 34523 10708
3610 79413 7002 67619 14228 68635 7459 12152 6049 861 7748 106362 2472 14963 86125 106607 111132 861 19462 39597 84555
3611 4818 46251 1886 84036
3612 307 53206 6430 95542 15153 91077
3613 1498 86641 51620
3614 38004 84403 1388 15140 81109 88838 103951 15674 105596 77804
3615 192 4969 17621 76961 76307 15529 31328
3616 47393 19217 14231 46691 33520 19217
3617 48855 2800 40485 34926
3618 99721 5424 56016 2857
3619 16798 2276 2126 1975
3620 37714 35666 94205
3621 11558 86020 34878 3864
3622 8160 88498 88520 88521 2052 67877 3304 24823 39215
3623 10488 96234 98993
3624 24737 71863 18563 7265
3625 9328 12921 96218 30291
3626 83245 67819 5338 92197 24177
3627 21292 96819 97840 17061 67392 1118 105420 31341 27643
3628 74355 49241 65140 80075 62601 109357 86020 109366 65140
3629 43684 29788 84527 28210 22022
3630 89489 4562 926 9771 307
3631 3055 23815 76522
3632 86210 36089 86371 73000 87192 87962 1291 27027 95383 120 13930 18703 98563 46804 16880 10500 57952 8144 43590 15637 56689 43767 106258 98563 25556 108593 108738
3633 6652 96874 99074 6652 712
3634 68761 99230 10577 54695
3635 43411 103666 85066
3636 1814 54237 558
3637 6930 90325 18773
3638 35304 40635 63244 45272 32516 83726
3639 19011 37792 11007
3640 67848 6652 68549 26802 1165 95509 86558 70351 93334 87905 67877 38078 97147 18918 21130 4283 3940 26009 7130 25676
3641 87754 5110 94767 99266 29284 106073 32181
3642 83073 61575 10532 4958 58398 8238 97160 63752 107216
3643 46807 105170 106964 56094 107041 74802 93114
3644 38335 3817 46203
3645 72665 44397 20794 70365
3646 8326 24856 959 97907 65951 95976 105338
3647 18024 83726 98640 88341 109046 149
3648 9367 62791 108932 43394
3649 88795 89429 54864 81015 54614 57961 2803 93086 32645 5290 76259 65584
3650 48362 101325 101329 2106 11951
3651 85162 47649 2871 110989
3652 22163 65327 27591
3653 73304 5776 91660 101081 11079 951 5842
3654 107792 107793 107815 109432
3655 80125 5393 83761 6575 84443 30948 65488 2613 31192
3656 91402 40781 2276 5292 12445 94958 7322 87038 7657 97205 99891 105725 93552 111664 111665 111666 111752
3657 47433 18187 80390 82714 36120
3658 78663 25562 52435
3659 30759 412 89308 230 4288 43651
3660 108348 108353 56344
3661 84729 68842 26360 13091 14402
3662 344 17342 41550 104250 20890
3663 61653 30830 59344 10590
3664 107402 83726 17227 11130 9328 3646 72155 5723 94484 107880 87135 13432
3665 75325 92990 73482
3666 61242 46957 85034 85406 81390 11343 53865 84530 8917 77102 23341 33210 3055
3667 59074 57978 105395 15149
3668 83508 52622 44249 88453 89073 79044 70248 91444 94639 97977 83508 21635 26778 10038 98125 10489 61544 12661 94639 3332 107784
3669 58583 14050 27857 993 95944 13500
3670 6952 6680 7041
3671 89556 30029 1604 307 319 34706
3672 72011 18068 101824
3673 57896 89900 96840 97050 16146
3674 85202 35305 85562 85573 94808 94810 104559 35305
3675 96167 103229 15365
3676 12380 13130 307 103665
3677 3765 9418 33077 6138
3678 38433 11744 90939 90944 27009
3679 83307 81315 98289 41698 46231 109782 109797
3680 68095 26802 97879 62404
3681 68406 95543 97944 33077
3682 11079 6721 6061 91939 37509 24081 51950 41
3683 26790 100058 80809 102682
3684 20879 4444 16555 52245 35428
3685 6083 104231 21837 103767
3686 19969 412 84630
3687 83672 2457 73205 3153
3688 89787 22248 90971 90252 94674 65405 12388 57615 45239 94744 55207 51652 47760
3689 83198 75344 98160 79701 20603 98828
3690 7698 85236 75919
3691 61068 1141 89556 66125 94072 6595 106011 106016 106032 35195 107895 21877
3692 34740 16249 45077 104249
3693 15316 3046 73526
3694 83898 95365 104734 33083 13753 104795 105298 74785 105350
3695 87688 993 22192 4163 8376 53302 67443 319 87606
3696 28981 83409 28397 3376 52921 83663 42360 22181 21153 91150 86834 3002 56451
3697 10407 8541 53123 307 40781 3575 30445 18703 15956
3698 12804 91260 60048
3699 96903 97958 782
3700 4145 89554 30410
3701 64752 39957 90761 94953 35363 28322 5165
3702 13215 100355 11404
3703 45720 83799 19105
3704 69719 21843 23212
3705 8770 92269 4643 48224 97528 17878 105423 1261
3706 87566 18756 47166 89262 44840
3707 283 62550 1722 88180 88181 16486 60190
3708 32383 85938 36090 100691 27218 81647
3709 89315 89351 15163 106693 106708 107406
3710 54737 60048 93710 2690 108429 109058 2690 68846 9465
3711 83499 56285 87916 91951
3712 28429 65409 45886 22503 100524 100566 9430 100594 4340
3713 66158 230 10971
3714 2667 5214 14217 99230
3715 56204 39308 81109
3716 86329 37050 92213 105037 105069
3717 46450 55007 62692 45771 79602 24926 105740
3718 91649 54228 92925 5700 89798
3719 13507 48262 100397
3720 2817 44505 31925 71143 4846 4858 6670
3721 33596 36553 9391
3722 38467 24619 22066
3723 38777 45593 94140
3724 65528 103890 78183
3725 56954 83533 87777 88547 31258 22679 41863 13429 7835 92285 68927 58248 88547 98174 53400 82019 100800 3021 7182 39912 22083 13429 109612 82019
3726 53165 27573 76303
3727 97089 108770 16209
3728 25524 93890 33688
3729 89707 89708 41076 1308 91738 28776 94978 94979 56484 41359 101800
3730 86850 86889 36421 91712 22357 67341 65983 111310 111493 15227 111526
3731 90020 51201 6479 79467
3732 56204 4643 11079 5499
3733 4406 23738 69625 1669
3734 21722 51542 13912 6721 85914 5086 67410 5579 228 87475 89954 19299 6611 8443 7798 95576 6721 101985 5579 44809 44150 34406 102120 19299 48362
3735 84568 15609 1197 92520 12170 92603 92620 7386 58434 28752
3736 7771 96393 32627
3737 75320 8187 27588 42438 9813 111218
3738 41011 25562 51231 5442 96217 5241 56022 13459 19922
3739 87502 87503 87504 64871 44605 110658
3740 78293 94336 54165 88919 44380
3741 19519 56957 93355
3742 43433 450 3919
3743 60967 61442 1858
3744 21184 85311 93409
3745 46858 4233 63042
3746 6794 90901 91042 71158 38319
3747 47730 92096 71656
3748 77933 80905 109054 109055
3749 40757 85062 96837 101676 90337 27217
3750 78457 20196 28212 97419 83665 62033
3751 71701 89787 18323 42644 34654 51542 36184 66125
3752 92231 92543 15507 11591
3753 73353 6685 49942 11737
3754 79975 51939 76583 11010 277 52435 67411 59700 55901 8068 14527 86262
3755 83668 82947 24999
3756 70424 56352 1306 17735 31024 28492 67878
3757 87595 91600 98259 5110
3758 85207 93947 12921 42486 5070 85207 911
3759 11761 85066 53865 8771 93403 1832
3760 64719 83946 3368 34792 51502 41559
3761 16844 96885 4536
3762 85824 100193 92801
3763 84749 10332 4038 89591 5019 233 45129 55007
3764 34454 9448 45129 1687 70094 15186 90159 90172 90173 92539 11048 71619 3205 7244 100676 2042 20419 40604 100676 35943 72818 35520 204 8161
3765 95777 44219 98680 98681 48619 106863 100586 81416
3766 13171 5506 109369
3767 3972 40407 15567 29999 14857 83726
3768 70470 69120 6427 51422 33662 60487 83526 93946 67877 103691 41557 84630 7130 86133 56204 70470 51422
3769 24701 11931 11331
3770 6769 83214 43940 6289
3771 53206 65809 67877
3772 83762 23367 92024 44186 55967 43448 32947
3773 13133 17770 95590 35268 12864 3465
3774 40361 41653 21590 101084 31321 109401
3775 11202 20835 110513 111602
3776 97092 97168 97169 63040
3777 31185 83456 58765
3778 576 17068 47835 4516 111068 16380
3779 54796 11800 10767 3820 47972
3780 93908 97220 19631 63080
3781 76724 101719 32283 111150
3782 88694 68627 111243
3783 54768 54523 102524 19719 8663
3784 76289 83987 55452 81834
3785 56285 21760 1564
3786 35914 96439 106498
3787 76270 4400 12082 55
3788 14358 34417 54885 9458 5859 5214
3789 47295 57416 1455 105577 95880
3790 69 37364 105626 48513
3791 319 87295 7955 30 97279 93096 36850 103216 96950 17048 111662
3792 95055 30367 105951
3793 85066 45771 46858
3794 10894 7130 28947
3795 88935 24472 98214 84798 48579
3796 88494 30455 1974 60844
3797 78457 61242 13939 91484 42644 93861 93881 30535 109795
3798 5204 95887 47871
3799 25360 6236 30086
3800 4047 5859 37930
3801 11049 70000 106762 107499
3802 14783 37393 10687 56328 45345
3803 87909 87910 87996 91724 307
3804 83987 97639 10071 106891 36794 94374 110559
3805 23494 22736 13778 56019
3806 5755 78457 31264
3807 30762 79964 87689 98583 87689 85559 41459
3808 88174 35740 31229 41212 36836 100765 39069 3129 52503 1490 16328
3809 55121 40370 84181 84196 88776 67790 88777 89287 63034 15422 34711 96337 1015 40370 18959 81763 63034 46858 4758
3810 13431 2471 10453 1337 15788 15298
3811 85130 20772 693 65740 109727
3812 31013 12559 94230
3813 4047 66723 9403 15771 9390 62372 1397 85882 11411 27737 239 21241 7217 34235 92743 76226 92840 29046 32275 95115
3814 25312 79574 98881 99011 16209 106362 3110
3815 93878 19736 104396
3816 83292 67262 98505 103330
3817 68508 7073 40239 18266 13570 95
3818 67220 3817 21760 58893
3819 862 36281 5020 37607 94897 4657 47375 6286
3820 4112 9586 99614
3821 28206 60048 81658 58325
3822 65485 87049 64705 7599 7492 66700 67096 103894 87892 109801
3823 58428 16774 93872 74802 78606 32664
3824 88426 8841 105303 88426 31574 29247
3825 6603 8199 9 85085
3826 51913 48706 74124 72918 63950 67992 91052 91060 50634 91987 91994 47117 96673 97052
3827 88686 102402 18715
3828 8221 95343 3465 110724
3829 283 11481 1199 87040 97016 4909 13043 111404
3830 3110 57068 87098
3831 81863 87030 93158
3832 89154 41178 91912 91758 47 58300 18854 95269 48796 13429 101412 13982 6644 36477 4223 105716 6410 91758 110183
3833 37757 31858 15681 31108 69801 83453 38968 98629 101759 53329 24070 109440 110240
3834 5380 10116 67835 69786 70761 5817 100023 60531 60166
3835 71820 103250 104549 57167
3836 60125 94974 31142
3837 73353 56204 99619 24823 18962 106317
3838 24737 81085 29470 18953 69949
3839 97792 63164 97793 88565
3840 24153 87173 81597 53674 34235
3841 6662 55181 18345 96028 18841 43892
3842 5424 16913 16992
3843 4716 19153 64570 72082 32584 44743 64943 104801 104832 81114 4014 97349 6060 68385
3844 83530 26572 21931 100707 14798
3845 52171 78619 33540 81992 71607 4968 17587 41420 33540 94282 41524 44309 6422 108817
3846 60967 3021 24722 8581 112168
3847 12761 4639 405
3848 93193 93337 93338 14613 102986 112182 45980 88905 48574
3849 23341 13917 34727
3850 85830 44224 6103
3851 56011 82198 90817
3852 55147 60663 6805 70864 8925 94304 96326 1655 19125
3853 76623 41576 17720 75677
3854 9145 15507 28918 30593 8158 42020 20815 25657
3855 603 28263 10244 80638 50620 98808 46858 102375 34813
3856 84605 6363 25803 38295 91872 21760 76468 103809 76468 84605
3857 93991 83497 82425
3858 7134 31210 59383 7971 6818
3859 85650 85688 86798 86799 8418 28406 36828 100345 79221 109260 86798
3860 83730 5483 68911
3861 3557 107114 14278 8673 7274 21631 101490 107162 58693 107225
3862 32240 61541 86139
3863 53829 8962 59420 6128 11207
3864 90403 67029 81157 6828
3865 84502 6880 66847 103065 99297 15462
3866 42246 107804 8255 96668 31437 110043 3317
3867 57416 31111 1994 7821 97161 33393 59471 26595 37187 22789 18677
3868 41576 5843 62371
3869 83524 83126 83984
3870 104762 109312 5424 37316
3871 1633 37935 14449 16146 81595 26799 42778
3872 91809 11612 15576
3873 41129 104245 105435
3874 80244 75951 84219 93039 13218 54953 99914 21192 39255 71360 6603 26264 111749 8520
3875 5693 61811 110634 110635
3876 94700 94989 94990
3877 81471 9264 88666 31053
3878 61242 15376 4755 94728
3879 33540 56204 4104
3880 63782 14942 60589 43612 9238
3881 3922 78455 78455
3882 33054 1975 83726
3883 7758 19829 50418 103293
3884 33458 55987 90879 11705
3885 7190 15735 69557 4975
3886 80415 8772 319
3887 2012 52216 37605
3888 48406 41358 77887 4063
3889 96023 39537 34397
3890 45647 70365 22789 94565 26411 97486 97777 15140 100991 111899
3891 85383 97361 96978
3892 5062 4539 89395 91464 24814 103972 91507 105998 106095 107180 78530 109888 109892 109893
3893 58187 55875 25020
3894 96449 1455 13089 62548 12897 51636
3895 45239 27082 41011 98372 412
3896 88675 47 84504 83136 745 6578 12427 67095 13302 100500 93908
3897 8848 64162 3220 89100 13304 56621 25031 20020 28325 72107 41604 70552 95921 101980 36439 59165 101989 1723 17777 111872 35740 7302 111922
3898 27095 37377 28554
3899 14489 73011 36189 67546
3900 97931 7821 64251 105457
3901 16686 99428 34062
3902 39493 39635 90653 43381
3903 4319 109411 7941 85593 112086 33181
3904 22610 101772 101843 8423
3905 63757 56622 94296
3906 10107 42779 59509
3907 85465 108020 29127 106420 8320
3908 19409 48249 67580 104870 104871 99524
3909 83318 104779 107490
3910 92839 98492 99188 69096
3911 11049 30236 18958 56371 98336 98361 5211 57424 43539
3912 92834 3203 88292
3913 10561 285 98281 230 91924
3914 104688 58042 99695 29620
3915 90560 90561 36381 90562
3916 97820 4496 109490
3917 8183 102928 6903
3918 37946 8998 28356 86346 86347 41706 86394 37946 56904
3919 92642 92643 92678 67558 110426 52351 110448 24859 70837 87192 14279 77592 110466 110497 110498
3920 6907 85384 43811 85384
3921 30679 2281 6960 7938
3922 86352 19575 94177 43612 10140 46113 94669 47733 25086 95190 41454 20755 106526 3864
3923 33786 96446 96994 34616 16229 15040 98496 46755 64458 34327 17086
3924 94868 8778 83257 55042
3925 18109 85302 94518 96998 83043 101540 28842 7290 107859 56048 96418
3926 93887 90706 67427 366 107278 58893 90706
3927 85040 80559 41688 103170 63452 20919 845 46210 4112 9739 61856 99017 93380
3928 45680 83403 86820 83790
3929 4561 98450 97 61242
3930 112224 112282 57000 36669
3931 1406 7103 11736
3932 10657 22796 52435
3933 104153 12207 70657 13918 9610
3934 84555 89529 46159 48448 34417 34489 92012
3935 95346 18210 75950
3936 86585 2281 101035 106753
3937 42053 7144 29125 11863 926
3938 73017 26221 3055
3939 15190 100138 21516 319 111669
3940 83118 4345 57240 71128 93526 100049 105428 16812 107424
3941 93882 44479 62828 96130 81917 1861 18199 7031
3942 18595 15771 1512 74548 1516 4032 73553 94940 3822 42412
3943 1737 92819 92949 418 92962 101507 107643 107644 104251 100409 96013 56498
3944 105021 43618 70222
3945 32073 8191 89132 335 53038 24362 335 32486 97177 103562 3819 12793 4349 1287 59256 18854 4632 105071 16542 101520 6363 101487 89132 612 746 32232
3946 20345 75805 9836 69591 150 89903 46421
3947 7843 18784 19079 108481
3948 5634 6950 1135 19217 8549 23505 47900 6205 66158
3949 59269 90676 44486 42194 1815 56126 5894 14255 33789 24823 6297 67546 80631 84630 53391
3950 100309 104059 108211
3951 83153 62473 67847 79273 83279 97379 23097 71830
3952 3122 102089 2601
3953 10201 69403 108976 42459
3954 106362 96215 18322 61242
3955 79737 39000 84741 83289 24850
3956 93801 83584 101445
3957 89791 91258 111308
3958 53890 75294 30582
3959 1203 96324 41191 76731 35079 39192
3960 46854 19363 30004 90888 529 3609
3961 307 104842 106382
3962 88023 66410 39034
3963 88232 88299 81177 111386 88232 39060
3964 64789 56950 94739 13091 50885 73745 25055
3965 83257 7854 39907 1496 47156 55105 1199 80321 16798 102921 28892 39433 96714 71968 41013 34946
3966 24230 87687 12043 41227
3967 86208 86247 69293 59226 93254 18051 100410 95020 15268 17985 93698 98986 56054 63413 100454 100564 100935 15216 86247 10763 60104
3968 100081 20120 106447
3969 7580 19663 5509
3970 99476 102462 108227
3971 1634 16826 33376 42993 25426
3972 82757 34879 38617
3973 57414 7905 14619 58064
3974 56204 5922 9332
3975 92247 97993 97994
3976 60274 52880 8509 75457
3977 50662 22191 2774
3978 33989 85490 85491 85523 85524 85542 85543 10027 85544 85545 87624 43628 87656 87657 24811 81883 87766 27428 104151 7259 107805 97348 6617 107829 23390 108180
3979 88801 108030 108672 88862
3980 70327 64024 61592
3981 58028 92914 92915 58754 97565 98171 83158 106345 108799
3982 13385 59853 3121 4516
3983 5424 12804 14858
3984 84068 13931 1945 86377 37341 57732 35727 81066 105590 70836 10283 106888 16590
3985 40250 4189 86386 87253 69734 101549 112101
3986 30917 85172 7029 107779
3987 9627 52653 2833 11731 66882
3988 52435 78521 51843
3989 9234 37000 72812
3990 24579 7244 23784 66234 48824 56019 7643 34417 15887 112236
3991 10302 89062 1749 25280 43851 82170 87589 4711 40175 24168
3992 43869 57333 31881 110881
3993 44515 89659 55137 91784 21069 110113
3994 10572 33741 101283 67718 98321
3995 92563 59499 95378 56196 48002 95478 2773 926 48565 474 61817
3996 5349 111043 111044
3997 20010 108559 47341
3998 18015 37364 57429 111927
3999 35616 35602 110189
4000 85153 4970 16003
4001 14015 53865 6697 6944 1633 13091 1306
4002 36912 58304 9164
4003 61242 81085 95278 43924 40299 60861 101699 83136
4004 87216 87217 2964 62928 33999 27836
4005 93624 47223 106647 106788 10491
4006 21903 89946 66937 45411 73256 96759 96760 1967 97265 47651 59329 99469 21903 101169 101233 107415
4007 59315 83229 45991 14502
4008 1207 23784 7464
4009 87570 88358 14222
4010 3233 105323 2817
4011 87682 21576 97167
4012 45865 21179 24032 28903 17020 2277 65338 110011
4013 87628 96634 36890
4014 83722 68101 83001 64240
4015 46595 84516 1749 23341
4016 78432 84390 87738 87739 10379 5424 36250 89014
4017 14464 12342 80151 94444 83129 28275 55670 4939 30180 45899
4018 5366 21643 32770
4019 72011 8842 7092
4020 97272 99845 104219 109082
4021 51817 43602 278
4022 7244 23654 74038 86370 3803 47779 66661
4023 50232 104822 63661
4024 24817 1750 78590 1750 65074 12427 4063
4025 98221 105470 109972
4026 92485 92323 45873 369
4027 97363 97364 109764
4028 88341 15327 88461 50129 88881
4029 44312 5368 11574
4030 33342 85975 2174 97515 28397
4031 9229 67100 85366 110215 49846
4032 33903 28082 81085
4033 85002 85024 14972 24719
4034 15971 9719 69215 60049
4035 16561 61242 64054 77331
4036 5292 88621 22782 57788 33211 64303
4037 95982 84302 45380 65253 27989 7027 25699 97328 57487 97329 65861 37802 104298 110444 82201 21677
4038 38467 45838 7182 41715
4039 78017 14248 3209
4040 45896 68224 47495 84005 86859 186 4858 98036 110271
4041 53865 93749 71536
4042 86240 86242 105332 7131
4043 34022 81886 7907 86125
4044 45239 3076 104206 6167 108095 24871 34976 42119
4045 17345 48524 68789 4587
4046 44384 83726 72155
4047 55164 87451 76436
4048 13527 46357 76845
4049 7146 7295 89689 84145 25676
4050 44631 2873 4802
4051 77377 90359 91050 279 93394 11842
4052 9719 78285 319
4053 93087 94151 94234
4054 7927 78746 104809
4055 5396 15903 90747 54130 91530 91531 21703
4056 13776 93581 97881 106487 69049
4057 91117 88953 95454 95468 100942
4058 105449 105480 84397 105846 58219 45384 39813 59509 106709 63053 65307 30961 107569 45384
4059 8842 6865 4484
4060 28591 109937 109990 31578
4061 83425 16978 95294 95295 89375
4062 70779 32619 11641 88166 43735 42541 151 90197 90231 1578 90172 98066 98601 100004 105750 97909 107207 99613
4063 1531 87781 35835 36036 4329 31661 84810 3625 25553 97797 6496 8231
4064 1067 77794 34530 7080 73361 91878 91879 16874 81559 74802 11192
4065 27990 22174 22551 62045 1287
4066 87645 69001 6485 18622 95268 6089 104934 15422 105724 106191 106212 106808 106809 5041 110752
4067 101277 80686 37295
4068 69202 95045 95360 46301 101317 63914 12445 46301
4069 2883 7970 8998 95217 38968
4070 74185 8208 55901 84314 18524 62415 28157 31938 86765 75468 86813 86823 86824 30356 59119 31219 6822 28571 5068 73727 186 96237 96613 96703 8094 67267 98526 98615 78409
4071 85973 98224 13323
4072 83277 83302 83303 83343 83645 4663 2800 92568 109493
4073 42749 37258 101765
4074 77397 92969 20081
4075 35695 894 22162 43706 11624 80021
4076 83091 11022 91761 2800 93535 45268
4077 83901 48094 110834 110841 74121
4078 69979 81142 26069 198
4079 36206 107610 108501
4080 27674 96007 2098
4081 4642 100105 108053
4082 97780 98056 4251 101023 101024 93917 104108 33927 27089 33346
4083 26646 98790 78999 26916 105169
4084 64570 95326 95518 8705 104140 104159 16668 68531 15938
4085 7207 7206 84414 7129 66203 47724
4086 90622 34922 78363 105854 35561
4087 84383 76452 88687
4088 50393 100124 42693 29059
4089 3389 87813 84630
4090 5115 59670 15077 23257 36541 100233 100320 100389 100390 69625 77724 45896 42728 9438 38691 29980 6108
4091 70733 86887 47170 111879
4092 4780 10140 19982 25437 100560 10460
4093 17729 86922 17445 97850 48998 98307 97295 109589 109591 78223 109882
4094 21332 9264 102460 29125
4095 21840 15049 105842 107125
4096 84687 2666 94799 97651 8255
4097 83837 754 44649 2750 55015 74090 59720 101051 102839 104136 104137 22575 98828 110397
4098 60426 98812 108319 108320
4099 84528 77308 108675 108679
4100 47170 98914 42357
4101 76362 14236 52282 72423
4102 13223 93529 93547 93574 8726 99856
4103 90657 62995 95522 95629 96956 99198 106835 24551
4104 87002 2602 14786
4105 85400 104584 109410
4106 5843 74267 72499
4107 37044 87843 44187 88098 2723 88124 4397 64719 88297 4365
4108 10884 27157 7002
4109 68583 3760 9664 12844 28529
4110 91174 29316 65453
4111 25360 41007 52300 16826 49249 88970 101570 101591 104069
4112 64766 8726 110281 110988
4113 95794 60790 103275 81013 39549 103371 41305 67861 104068 62978 47508 105427
4114 1145 43433 11580 11111 62136 99342 27248 109844 48026 112073 112074
4115 85641 98450 105800 108448
4116 108194 71225 109370
4117 89983 10117 101599
4118 84503 27095 100493
4119 83570 412 46290 101113
4120 43261 18256 16331 106052
4121 335 7905 594 57788 97351 3646
4122 67877 307 25262 45239
4123 5038 86227 102980
4124 92186 103749 647 14436
4125 72137 48989 87727
4126 25262 45165 69672 15100
4127 12647 16478 7281
4128 2272 71351 4302 10986
4129 13840 1355 20919
4130 19011 104309 32627 104332 2060
4131 38222 84209 84261 85947 85948 86085 87562 63075 87714 12682 88791 26601 95619 66718 108732 108733 108783
4132 94294 37016 62628 95130
4133 88051 95065 95166
4134 85342 85385 45242 108637 108653 17905 109213 109223 30465
4135 27095 103268 103284 103285 103286 103287
4136 84276 65145 84300 41302 84787 84276 103963
4137 39387 21998 91587 92577 2808
4138 85996 85997 86045 69597 29534 78460 86655 86656 87283 87912 87913 88409 88450 45790 28342 89611 78017 22743 29534 87913 101850 13250 78460 110380 95681 111257 41950 319 111327 2800
4139 7172 81401 34417
4140 76682 107092 107203 107204 41252 108306 94965 109321 35423
4141 76337 98450 1388
4142 94723 6796 44733
4143 7727 84735 86451 17737 107898
4144 11050 7749 6103 15298 21958 7749 50238 107751
4145 85851 86103 90131 58101 90180 103631 103632
4146 33490 58249 68483 5717
4147 926 7778 19425 576 32529 24841
4148 13304 109020 15674
4149 9228 39988 89038 2020
4150 83187 83188 65577 15909 83652 65556
4151 60787 103477 103825
4152 20212 75107 95611 103265
4153 1267 4625 19046 14090 98312 105817 105923
4154 8842 412 2800 6964 412
4155 49385 85273 8044 34895
4156 35318 40211 4318 67466
4157 2341 106170 60361 63406 24323 110529 111019 90768
4158 10227 2143 111356
4159 98421 96713 43056
4160 67720 2800 98618 98619 27990 45239 104629 190
4161 7332 44540 19452
4162 6496 65081 58644 14778 56706
4163 83519 83608 83609 83631 68776 86177 86178 93153
4164 3091 26147 14778
4165 42517 91100 57087
4166 44689 86929 76199 66983 36765 66410 27825 11981 10807 27327
4167 59363 52032 8283 77355 21872 41654 79126 14340 53807 97377 6287 35299 19537 94120
4168 24989 46318 23341
4169 27776 2706 87444 99365 4304 55047 11727
4170 41126 31719 2790
4171 14427 5251 58966 97517
4172 93708 35174 63604 7364 6518
4173 91749 26483 23687 31193 94566 94598
4174 62033 16105 101970 20104 84630 87040 26264 66241 3951 13366 24709
4175 100831 77908 745
4176 2123 23902 29809 41956 42563 5463 10359
4177 89240 14217 36655
4178 83258 83280 71241 98193 99155 107659 107664
4179 84378 86315 28695 80349 12331 96967 31193 3560 7458 57173 15288 23936
4180 50129 97422 319
4181 83123 79304 58327 98769 8523 99149 54546 101586 103305 101586 35388 6616 33402 94742
4182 85157 280 44168 22191
4183 12427 30397 69415 87788 72696 25960
4184 11446 28468 6364 14931
4185 92098 6103 92615 94204 94967 51934 95473 95602 104475 104476
4186 99099 57137 99101 99143 82674
4187 24355 45564 92160 103442 41580 68451 95067 110360
4188 44736 23558 16253 60950
4189 48737 96404 97828
4190 51178 82942 58580 14870 110317 110318 72433
4191 50816 34316 91146 43664 51673
4192 88155 88156 88157 88158 88159 88363
4193 24599 4032 17020 1975 11318
4194 62909 43444 46405 828 29658
4195 44557 230 1585 93749
4196 6503 4643 41011
4197 52064 93781 55802 16555
4198 68546 2823 2428 1057
4199 71701 85716 56204 230 56011 2106 25711 80904 71960 6970 7458 4318
4200 10380 6090 13881
4201 85122 46278 84122 105841 49240 84298 110220
4202 88957 97892 41419 5811
4203 91200 506 25780 38454 110086
4204 4014 55452 23972 16681 61837
4205 111900 1214 45406 23128
4206 84503 4432 28056 64811 100598 72838
4207 3431 12196 262 110314
4208 62680 88069 3110 95373 2453 5035
4209 76961 14180 84793 4820 52170 75911
4210 39695 4349 66723 16783 48641
4211 57938 9187 18432 97635 96714 104784
4212 86084 89309 93357 103516
4213 4318 58644 57308
4214 29636 111903 19267
4215 52766 59984 55293 110505 110506
4216 85779 93321 9079 19729 7960 106535
4217 55181 81886 27858 104558 83214 105971 109202
4218 84344 84834 4889 88792 19042 108274 108291 108305 55350
4219 93216 104935 104936
4220 10894 54885 39907
4221 21460 52546 21460
4222 9210 69301 90941 71536
4223 40720 12162 29449 41654 108535 3864
4224 29125 21713 7442
4225 9358 50792 3822 20675
4226 8627 23238 16917 50591 110218 110219
4227 1827 28537 9860
4228 1564 2188 6757
4229 3295 86407 129
4230 88314 93316 103335
4231 87395 87481 18865 4644 88073 75398 88223 34725 13931 24895 104940 29770 81834 105222 96024 45628
4232 2762 4086 90135 1032 2306 3560 34602 60023 9705 23494 2833 23341
4233 62692 84176 69983 89531
4234 14345 80278 1892 88627 5110 61242 7955 45603 95020
4235 25928 1994 24779
4236 93477 87630 46858
4237 63206 3687 3688 97489
4238 91822 91823 5630 11658 52887
4239 98418 76940 900 10227 20443
4240 30582 10702 105997 102966
4241 17086 7472 104150 57706
4242 84606 378 19126 14090
4243 10221 94925 68960
4244 88659 68546 8210 319
4245 99876 110445 14588 70666 74970 110694
4246 58572 14755 85109 85110 82549 5311 45720 66287 1889 4292 79651 4542 111930 69292
4247 69786 39602 28952 23505 62410 87040 104540 26933 104772
4248 12844 74841 105053 46521 6975
4249 4052 43767 102634
4250 84619 59549 15391 19754
4251 89469 101261 104028 55718 1057 5076 62157 107606
4252 63368 96936 24409 43767 108832 13091
4253 9152 319 98364 7843 28879
4254 4970 96215 247 111584
4255 27990 13714 5751 10016 11995 2551
4256 89092 34308 106162 24678 55882 112239 112254 112261
4257 92237 92252 63082 6550
4258 8925 7496 47171 92382 26002 11104 8548 13853 96376 47840 7130 80804 39316
4259 28085 84746 62944 83357 61550 40075 2472 16826 85024
4260 1314 54013 1462
4261 12905 4663 32436 101921
4262 61242 2733 14024
4263 22073 21594 53898
4264 19537 66443 34156 10767 21965 8270
4265 72011 96318 453 101823
4266 17419 82630 87379 87685 87686 40003 91337
4267 25553 65976 7302 24199
4268 83081 33698 82847 13555 84630 100826 20847
4269 96332 89406 28476
4270 60415 6595 20673 17048
4271 3695 71613 46124
4272 100818 106430 106485 106486
4273 41855 44743 104233
4274 27990 56011 10449
4275 3630 61242 83289 16208 95463 95464 95492 10379
4276 85565 96849 92226
4277 932 68910 91837 11554 86017 62133 83479
4278 20 38157 89230 15140
4279 3551 98504 104345
4280 2081 50593 25928 1526 705 102139
4281 85337 10223 88860 83174 92556 1225
4282 7574 54882 3481 83690 1326 42801
4283 1908 92102 95361 878
4284 32832 4873 4318 45779 3873 100033
4285 852 35726 45082 99158 99159 73745 42209 43767 2276 32400 110690 35726
4286 87354 50856 4165
4287 306 12520 15530
4288 2437 92691 50697
4289 37845 94340 96655
4290 40067 46431 24351 78902 48480 12456 10669 18140 43364 73609 42322 95947 81896 33570 15544 81472 105916 10461 19353
4291 1484 86216 68789 86237 44449 44224 94036
4292 30445 53955 49720 86688 26686 69391 343
4293 29522 95535 8394
4294 72446 108196 37242 29113
4295 14655 83473 56577 13270 76019 19246 92343 15033 93615 2567 95172 26770 95182 46033 105143
4296 94185 100139 100140 100141 100207
4297 34071 8856 27 31149
4298 13104 7572 64545 46314 36720
4299 17022 15925 83883 83904
4300 3919 26674 7576 55181 35660
4301 103368 103672 107967
4302 90297 90312 97701 55111 102423
4303 74348 88822 98680 98829 98834 7708 110261
4304 79634 89364 23341 61242 76577 69257 89456 2597 8455 5555
4305 10062 42194 52916 86 32429
4306 24054 1314 79975 7587
4307 68168 103785 95309 93588
4308 88285 90330 47938 103713 105856 9505 34661 67914
4309 80025 25575 24496 15582 24599
4310 16483 88263 51822 105628
4311 59754 45775 29531 106491
4312 78878 80954 5640 87070
4313 1032 25282 30535 62920 72291 103776 9959 105163 105258 51085
4314 54463 47775 93599
4315 17422 39196 13208 94603 94604 41293 94627 104782 40561 104828 104844 1498
4316 85558 6287 17048 7167 58842
4317 85266 3780 8804 86349 33356 67088 3046 42693 47137 93040 36317 98797 5396 76742 72505
4318 108066 108175 84390
4319 50684 1776 42572 42901 47757 39262 73325 66975 69825
4320 14685 73023 88140
4321 4720 88196 7144 70156 103740 104165
4322 6721 106139 107266 17720 96222 11496
4323 88019 42731 88598 34972
4324 91904 104065 21875 16003
4325 31418 87873 13680 106431 87873
4326 7615 123 96339 32410 90081 101022 26035 8824 4503
4327 97978 97979 93672 98020
4328 45523 90164 17667 23384 58506 107582
4329 63315 86001 88913 104144 58663 104145 96065 7628 15338 104736 104737
4330 87302 84366 24514 69611
4331 34287 4674 98511 49869
4332 87776 88169 83129 37829 54337 78049
4333 70249 24306 36524 3253 72551 93047 7947 46319 9409 111102 45932
4334 85069 33785 14245 110869
4335 1715 335 23953
4336 84651 23341 84755 10009 105202
4337 1620 7944 22457
4338 84061 76968 25252 11048
4339 94333 20791 99791
4340 3360 100884 101062 101882 101883 112124
4341 10221 11969 18703
4342 25641 98941 3694 46273 111704
4343 911 7094 80667 23902 18186
4344 84562 85971 92114 93841 30109 27441
4345 86202 87140 33054 15667
4346 53159 98040 95724 14329 107024
4347 99246 10958 38064 107900 96896 6543 35668
4348 10278 42546 87355 87356 30771 12333
4349 72578 71073 5945 110826
4350 74393 7627 93034 97323
4351 95131 95507 97333
4352 84631 51896 72796 87655 90831 90872 90873 88523 14758 78938 105844
4353 45239 230 13459
4354 16034 10453 73233
4355 97132 33948 103781 1753
4356 30846 20445 98515 98520 98498 33565 79182 106766 67411 86676
4357 12694 26165 69903 9907 36084 30701 4055
4358 83872 76682 69292 6543 10904 34933 14090
4359 7429 11777 10806
4360 100560 98159 34302 68581
4361 76061 76272 11716
4362 1975 15788 57631 100529 105378 100529 16001
4363 68706 73553 26648 63477
4364 31206 110096 12010 110168
4365 6185 7859 33876
4366 5748 100605 10308 41013 43540
4367 1426 17027 5074
4368 3465 13091 82090
4369 22463 86281 104531
4370 26540 67877 18953
4371 13264 15019 107854
4372 12916 80237 1905 88174 99546 43273 1403 106402
4373 73553 106805 7709 14567
4374 83863 65074 736 72913 3562 19622 6945 14777 2817 22488 5953
4375 86552 86553 4141 62421 29579 13055
4376 5424 3887 3932
4377 38579 46081 62612
4378 7701 63456 44505
4379 22457 26687 97444 41013 103131
4380 36177 92323 109772
4381 28352 13722 97968 32875 2810 103621 32993 103738 103739 103797 103798 103806 103807 103808 33140 14386 33692 106450 108440
4382 21043 84938 26879 68836 73148 18454 21043
4383 84520 70106 8019 6868 88218 15908 64405 40728 3046
4384 2800 112054 77689
4385 87102 25886 86791
4386 26568 106359 106360
4387 37963 10654 103452
4388 96454 96455 2353 12008 96550 96592 20379 96611 53324 10084 4496 19828 5344 6917 3220
4389 89410 31363 49385 89541 89726 29980
4390 7048 92790 5054 79156 67438 103732 27 1832 71277
4391 58633 11895 54041
4392 6879 95261 53085 1297 56847 21493 6726
4393 5901 20839 74047 17095 112228
4394 11531 27616 75257 91773
4395 17522 51321 82958 83893 84962 97084 88657 96592 105574 105575 105576 94038 107673
4396 97572 97573 97861 105206 104994 33059
4397 83097 10108 34881
4398 24351 104626 104653 19537 106366
4399 83246 7837 3822 16345 87295 674 2711 38975 29854 97735 17031 13555 110749
4400 96051 96387 51363 96388 45690 38336 96947
4401 72496 9788 22102 23136 20039 20047 110602 110603
4402 27095 6231 52063 40167 109868 22329 42485
4403 30759 80972 85066
4404 39257 19847 98165 73482
4405 7295 11611 52950 1328
4406 70675 98708 107210
4407 72665 84469 34417 668
4408 14496 29715 930 26854 32783 72420 4855 2240 54757 27086 7955
4409 18863 93446 107048 8353
4410 43648 68870 106327 56822 106531
4411 11595 85858 87060
4412 7579 46291 10116
4413 17561 24065 10394
4414 85592 41248 93180 93181 60967 105665 107560 51078 109449 111477
4415 60954 9784 7295
4416 89218 103734 39996 13036 66965 37967 13063
4417 58300 44431 564 11922 72495 61550 95201 95231 9996 53067 56375 11492 53033 106616 111998 112036 52972 7090
4418 7790 29850 29113 12623 7790
4419 83366 85361 35426 10407 45511 5621 5640 91220 62901 91232 343 82613 85031
4420 24065 69243 86901 86902 85085
4421 68561 95764 8911 95765 18839 2669 43679 103661 96026 41730
4422 94530 95701 95728 105450 105451 105452 105500 35700
4423 71047 101749 96024 8394 84555 50129
4424 67764 23093 86443 29128
4425 84663 60346 103002
4426 51891 95188 109682 111654 111655
4427 73763 109310 109311 109334 14209
4428 8738 69069 80829 60748
4429 27533 10077 107042 4406 107043 46203 67877 49184 22433 4804
4430 83978 67220 51843 1376 18736 34919 89145 2828 2798 1993 85612 29906 38613 31946 45617 48832 86785 75141 906 94263 13083 3362 105453
4431 34366 57795 603
4432 10853 54708 109855
4433 51235 83396 82110
4434 5693 57977 36919
4435 9113 27200 16005
4436 47707 16426 25966
4437 85277 78867 98059 1920 46691
4438 86284 86326 86327 41910 62268 96816 100614 42740 47414 100791 101635 61983 111272
4439 86617 20256 29212 50805 20275 41863 13527 29212 25459 101823 20732
4440 90469 83880 105102
4441 55403 76826 66813 9404 11235 107106 15307 77088
4442 5424 38277 74725 2418
4443 29473 52434 79975 94080 2113
4444 82536 79062 1788 29381 34830 44272 1742 95269 82428 104906
4445 9333 2428 15316 98130
4446 87114 73182 64719 87115 23519 54962 63772 87116 58949 62883 88973 36850 81920 1388 4011 98539 98554 30969 36850 30356 1388
4447 87620 94184 10825
4448 72768 12210 31446
4449 4050 72277 73199 9538 76272
4450 8917 96224 5417 41905 93020
4451 2383 92990 70919
4452 1777 67809 69292 24137 59368
4453 2106 64279 84252 58300 16879 98792 97348 83089 84803 41687 98874 75107 8824 16887 36110 104224 106348 106349 103488 6215 38463 47312 9948 22777 108953 109653 80244
4454 54645 22093 90615
4455 88088 96630 99705
4456 33409 21230 7852 51057 33409 26770
4457 86654 69753 89106 89107 79044 49368 17905 4647 202 25775 88506 52976 99163
4458 75727 6296 100633 75032 5782 40757 104236
4459 30912 102393 36508
4460 32729 11931 106801 62601 88680 8738 87116 25387 67546 2128 77012 60588 101461 62663
4461 85032 23622 41013
4462 35282 10227 107868 24598
4463 84771 84791 84893
4464 335 29470 27 731 13043 1777 46214 8842 30029
4465 11307 16438 99947 86044
4466 84702 85846 85880 60149 85881 88982 30762 151 10649 5816 82955 110502
4467 5236 8478 47 21831 3039 32839
4468 92637 7667 19640 30767
4469 44357 50843 95729 94469
4470 62009 26287 9948
4471 91801 62610 23569 109657
4472 58753 6964 104184 109423 14248
4473 88995 88996 69591 5417 11997 73482
4474 745 67198 9070 47
4475 2711 84544 98394 100635 103710
4476 37244 24349 18789 91651 32845 106796 109038 48596
4477 93789 17905 37218
4478 7862 84858 6290 96173 96194 104326 101253
4479 83885 83886 84186 90453 90454 105107 105108 105109
4480 25491 6173 94123 20979 7891 6276
4481 49473 83237 38430 68500 91404 56609 61254 7538 96616 19363 73385 104308
4482 90825 90826 33462
4483 23052 53638 27765
4484 30806 98763 88208 40777
4485 43810 92739 95909 5117 7055 109932
4486 26656 32647 80614 51478 9229 31034 7207 14405 26656 20925 96669
4487 90700 96292 4086
4488 45530 106302 54116
4489 85065 86412 61513 101950 85065 109348
4490 89882 105161 53032
4491 87005 40833 31734 35833 15752
4492 91440 17956 96974
4493 33021 86675 93406
4494 94859 84563 3046
4495 19253 7929 105239 50441
4496 83714 5946 93063 12263
4497 52629 49424 47223 35681 91945 8404 5080
4498 54069 79187 102358 102384 102385
4499 83299 30798 26321 4023
4500 34661 55181 45771 77763 307 23822
4501 34796 3924 86146 97336
4502 10654 25252 4894 58565
4503 32812 34757 6263 67245 106
4504 97873 26120 19415
4505 105073 64026 106665
4506 83549 93257 38157 3637
4507 18280 106022 62734
4508 96047 96635 85300 101385
4509 86006 89893 88599 102191 5388 71558 104686
4510 61242 9467 8244 3162 43767
4511 83668 82947 30214 6236
4512 85178 87998 88188 3228 87748 62573 32386 107223 65229 67541 2277 76942
4513 20815 44924 93483 93496 74638 95469 81001 642 654 51599 107874 107875
4514 10021 31719 77697
4515 6797 62266 19865 93401 107803 15690
4516 91217 28301 30503 26217
4517 80715 74641 106454
4518 87234 51968 53026 44332 87286
4519 86558 43859 5930
4520 34816 55251 30755 104923 99852 8298
4521 14932 53865 73526
4522 18189 29090 83639 3278 83730 25553 5216
4523 63408 8083 50480 50523 66805 27086 109935 36439
4524 6939 55600 80942 54620 19153 107691 106898
4525 93812 101101 107222
4526 31431 8504 32399
4527 14264 34417 15887
4528 35876 1512 33860 64329
4529 24914 98721 16555 58726
4530 70943 30029 12347
4531 96575 96576 73914 1460 106951 106952 106953 106954
4532 102892 101810 40648 22726 103550 103558 58989 103787 111888 4674
4533 87064 3501 104652 109447
4534 85504 79964 28455
4535 26264 576 20214 68456 55230 93414 14932
4536 28881 100567 100568
4537 85789 61619 10790 88100
4538 41755 85998 84307 86033 6236 68799
4539 94096 6771 43674
4540 7370 56070 15196 97595 97596 8037 98349 1187 22725 104030 104031 896
4541 13161 8418 47676 105670
4542 91077 92584 76272 5602
4543 62895 14801 90268 90287 50374
4544 54375 61087 43197
4545 88938 15596 5842 109700 110383 110768 39808
4546 19789 1537 69911
4547 1630 93491 38298 105119 4632
4548 1975 8160 11433 1337
4549 1397 8966 1397
4550 81085 43602 41550 31906 100645 83136 110382 67356 110383 49148
4551 61242 101363 63305 101923 35143 49735 109850
4552 77790 79348 4063 75692
4553 86358 9700 89295 4851 33219 95058 72789 63731 74930
4554 39754 1298 22653 29807 6415 1298 5251 42112
4555 84630 20166 29672
4556 6405 13171 29125 20791 5357 18784 26269
4557 80658 26203 77630 83995 84439 23341 43851 71936 72838 94892 3387 10759 94938 80633 100176 66960 14449 36340 12341 88538 68975 100388 64887 100399 96224 3387 65809 40900 63452 14897 105237 49924
4558 87062 17331 27327 109414
4559 93201 84484 78301 55951
4560 25779 4135 92677 93126 53423 4710 307 80278 45503 6788 165 12921 71665 14932 54768 20529 24199 56242
4561 97914 15916 22679 104928
4562 35971 41670 11861 86187 21369
4563 46885 62001 69609 34258 6672 49951
4564 65074 307 71536
4565 93769 72277 60055 3204 6543 34977
4566 83554 95471 54040 95472 18492
4567 98347 98363 1306 99151 21043 2126 20636 28857 83668 8814 15667 24999
4568 97877 41752 64695 102282
4569 83534 92579 99251 67121
4570 32821 79211 26283 43947 71230
4571 33737 97314 100721 100722 103400 67220 97314 2690 1145 5921 107494
4572 15480 30338 32799 87833 18316 59518 103671 7144 83852 63356 32270
4573 79196 41011 39978 48972 5536
4574 54529 26674 19462 36573 11591 9911 19099 33123 5264 107860
4575 26031 85524 80415
4576 77186 87070 84630
4577 83830 83832 69292 58300 71350 84539 84558 82886 6693 92282 38718 88794 38849 8187 96121 1110 62371 103488 13323 761 71692 3278
4578 87476 8158 63461 40878
4579 6321 92436 8094 25507
4580 44441 1960 105643 105662 8717 28571 45303 34881
4581 44645 85837 87791 103987 764 51500 4750 57914
4582 43660 3805 1161
4583 66234 5670 12615 31889 36508
4584 87575 55851 34417
4585 31140 46069 110174
4586 86558 67411 61550
4587 83901 63493 17797 74638 90210
4588 6652 86887 53581 66639 1213 5205 11274 80248
4589 4419 33030 27580
4590 2053 56735 84630
4591 83323 95869 20176 11574 94656
4592 86533 38120 19598 21754
4593 10022 70176 16003
4594 106933 8492 107233
4595 7242 75980 96718
4596 6769 6863 71277 81519 2911
4597 16001 28179 21116 56875 15938 13027 23778 90729 15908 95088 7324 56735 19991 95220 99560 99561 37057 99562 99784 30512 15938 21116 110512 97170
4598 20528 49498 34994
4599 65726 20127 78887
4600 6567 7108 77294 54458 4945 90973
4601 72634 28868 1111 92336 14090
4602 50540 8138 97448 81040 74593 74594 70327 67100 7129 59242
4603 87130 97715 97716
4604 6941 94761 94762 95330 33070
4605 88262 22955 79604 94021
4606 1297 46421 38937
4607 93387 70186 100044 2910
4608 98608 96662 6589
4609 14870 90806 91772
4610 42644 44230 10182 34727 27808 97089 62045 30029 27990
4611 3389 13974 3919 7645 67041
4612 28952 85283 92913 39339 101803
4613 8601 10232 109590
4614 48448 92026 55537 90510 15115 80582 92628
4615 24483 25254 3900
4616 8158 96247 13941
4617 10105 33351 41168 28973 23335 29446 20020 112024
4618 92384 102430 47967 13420
4619 94256 104889 31174 39697
4620 88378 3560 8356
4621 58694 82955 84166 39308 94550 105448
4622 78267 84880 84888 88025 78383 1531
4623 51280 3708 66723 3465 93762
4624 34 18536 96793 33676 98298
4625 21292 17509 109438
4626 29561 89727 90296 4669 8663
4627 97865 104930 109596
4628 96717 108650 41312
4629 45239 4248 96638 11086
4630 5594 25775 1207
4631 87519 8770 32874
4632 7953 7031 1528
4633 73230 86224 5413 105953 37806 110301
4634 87585 87586 34741 74132
4635 87448 99341 53785 35352 99341 33458 110035 111925 111941
4636 89551 3202 87952
4637 15938 50885 94463 75845 20531 9068 32645
4638 26556 31810 95410 96560 108101 18982 60508 29454 96914
4639 39963 70431 95402 95803
4640 108494 67685 14816 88621 33107 83289
4641 79700 2618 52033 93232 100664
4642 29636 11255 2126 108905
4643 72077 84428 106318
4644 85729 6410 4969 45771 32073 57942
4645 23697 94291 20609 46603 38670
4646 53499 98905 46183 307
4647 92745 92762 3885
4648 44925 35361 5229
4649 28571 103671 74786 83726 3773
4650 5337 4327 8457 90039 90040 27586 92750 4710 94061 51566 24209 98561 98569 98570 100282 100354 16796 100841 72759
4651 10607 16413 77355 46005 30806 28127 20460 98670 6616 19537 80674 9959 66313 104922 49550 32725
4652 99945 5253 19255 53801
4653 80772 83753 2779 32839
4654 19529 34949 7457 76961 25900 44466 11640 14264 102858 7907
4655 31986 5424 48635 85420 4173 75516
4656 6308 108137 108141
4657 79737 1741 13582 88005 110244
4658 98338 54179 103174 81658 366
4659 4642 89373 95702 61721 99462 52063 2676 2287 8842 98421 277 107081 27327
4660 37751 23192 28056 33909 16316 36678 14810 102994 31650
4661 38443 62837 46847 88736 65309 98219 91901 99727 102804 102805 102822 5978 109755
4662 15321 81401 93028 93361 93362 66847 2536 82604
4663 92280 92333 50029 107558 109448
4664 307 5229 72330
4665 87651 41368 89241 80589 29554 82412 4241 17353
4666 89787 91746 108954
4667 61359 9070 67427 48714 18609
4668 36239 89163 104380 105354 108951 108952 91130 108985
4669 24881 17863 16657 89925 96915 92783 53772 40826 94174 102151
4670 88091 69716 55952 92816 27524 2616
4671 13829 86247 2948 22415 12527
4672 14942 94806 35065 20678 96294 45886 10828 13658 14298 20678 96294 13539 105175
4673 100686 33927 105460 28177 108886
4674 68741 88121 3864 8439 34992 2107 88621 62181 65048 99562
4675 56223 97705 47698 24359
4676 60667 67556 96214
4677 8896 17496 51865 13264 926 38115 101515 101605 99472 6160 38971 36382 109362
4678 48759 5229 89061 92622 96964
4679 44435 12070 106531 107477 107595
4680 14255 76061 12028
4681 8287 63170 85724 2736
4682 90654 90683 72787 110337 110428
4683 56126 24876 21155 10380 80247
4684 92154 2876 76761
4685 90793 91868 97268 97304 97305 39192 97324 80964 98595 98596
4686 84555 9029 41297
4687 54468 13420 12175 4571
4688 44811 82607 18823
4689 84659 55006 103876 103899 103913 29473
4690 73845 2844 33009
4691 4791 104928 540
4692 84886 89614 89615 77880 16451 89982 90011
4693 1463 82574 54236
4694 36466 106728 97380
4695 97649 16812 99707
4696 12465 14244 101634 1328
4697 88447 92307 5995 71860 109531 109585 110745 17853
4698 8595 17031 71407 101063 109114
4699 42450 5557 61463 66983 47707 100834 101222 99203 105366
4700 105454 12747 105960 105545 55985
4701 31036 86776 98717 10528
4702 65275 92138 107212
4703 7282 14440 68050 82607 50507 97 1207
4704 85306 108366 35326 109942 65622
4705 11585 37935 5859 39373 30699 62045
4706 22229 79657 48551
4707 8348 83161 10504 68784
4708 39978 61023 30771 87753
4709 87237 106898 109212 63355 64903 41905 92943
4710 68041 84422 9395 81834 50588 79559 85078 85080 16323 102756 80559
4711 84771 69953 82998 104583 3603
4712 43239 12157 99313
4713 15143 16813 2711
4714 84251 10244 85152 94062 44896
4715 9750 4441 1961 60893
4716 92854 59848 104257 14858 108090
4717 86014 41670 65088
4718 13893 35936 51637
4719 38844 99063 38839 99955
4720 85325 88989 49719 95404 111348 43716
4721 86015 83552 87070 27475 4860 97955 103952 35033
4722 14962 82049 74572 108301 108302 82399
4723 75680 92648 16715 43340 4011 12036 54330
4724 7692 81263 5220
4725 16657 92454 76390 82724 33615 43110 8315 2894 12510 15511 66231 54907 10223 15142 72099 7531 60844 10766 8942 287 51888 109903
4726 50391 86374 93582 6535 93745
4727 21471 97753 49356
4728 9663 307 75771 5751 42143 38627
4729 19246 1248 57417
4730 31264 97872 6575
4731 23961 92422 10858 51411
4732 3005 91703 3005
4733 53865 102781 32457 102899 44345
4734 92261 16432 33409
4735 63693 4384 3085 110782
4736 14217 45470 44384
4737 56204 43466 65884
4738 85066 108084 60664
4739 10 10335 87021 67848 14022 127 96744 24861 10334
4740 84272 87342 11241 1019 58644 94263 14090 36743
4741 53210 18686 101653
4742 101132 103372 73684
4743 38166 29632 101774 41691
4744 6148 8418 48824 41258
4745 6760 10767 11292 17328
4746 46290 2279 4736 58810 1604 29522
4747 86440 87660 19090 19729
4748 52727 28314 87169
4749 54469 2790 106848
4750 98675 98676 101742 107453
4751 64423 14108 54128 91446 60466 11955 365
4752 3817 2106 44230 10116
4753 3817 307 111190
4754 83785 104500 88564 36181 45080 79394 24054 108914
4755 52434 52063 49436
4756 97218 2148 91170 13883 2201 4232 28017 38227 105219 11620 106131
4757 63478 86434 25288
4758 70122 34727 41701 12465
4759 16555 26269 20778 24972 34427
4760 3050 34734 75344
4761 18345 8556 44548 7300 8556
4762 64903 45720 15061
4763 47 51578 10072 24823
4764 97925 6697 99144 852
4765 80099 98490 84563 41535 104016 107088
4766 2279 6148 100681 100406 2276 681 15532 41013 8376
4767 102048 102084 94973 102095 102178
4768 15764 25889 49529
4769 57170 84161 98192
4770 6106 17414 63875 35843 2790 18884 29598
4771 17925 98826 29671 87764 34428 104198 67095
4772 25458 15990 30108 8657
4773 3220 14619 53439 3805 75845 61043
4774 20463 33151 25371 75824
4775 366 9499 9796 55985 72898 109557 31075
4776 14255 61300 48276 1269 1111 86392
4777 25562 9856 13784 19194
4778 17048 29451 15140
4779 83319 62005 87543
4780 8471 93368 12771
4781 3086 48187 90905 11955
4782 93870 93871 91882
4783 86442 90685 102605 102606 105697 109695 50029
4784 97717 100351 27016 8879 110728
4785 54857 94515 59458 21144 106386 106757
4786 38063 84162 19344
4787 86222 79433 17414
4788 3162 89558 96017 3925
4789 5251 44925 94486
4790 56480 75779 14386
4791 96669 20925 105751
4792 8035 97113 87592 79825 20748 6035 109040
4793 93215 90561 14657 96475 25613 96504 97746 94031 18518 103531 7035 2517 8745 82719 1908 77366 75470
4794 41595 16826 18167 11907 47644
4795 25029 83313 92559 92560 27807 12887 64966
4796 9996 56999 8510 81131 9138 19854 9996
4797 1737 84145 108692 36053
4798 107772 88517 29644
4799 45771 78732 59508 4809
4800 83036 43303 65327 32747 105477
4801 47707 86571 22185 47707
4802 83997 83998 84499 88131 88132 79160 25187 107899 9387
4803 60632 5333 97789
4804 84682 55046 62831 89335 15313 93749
4805 75771 45165 17031 28126 33511
4806 92626 8757 15000 42143
4807 14026 1633 3822 1306 1225 14567 4032 3156 1975
4808 54159 11240 43558 19451
4809 68206 90689 41750 50496
4810 8350 14645 781 73275
4811 16555 2781 22405 34417 5504
4812 11287 51467 56285 20540 110230 67411
4813 61845 86260 13138 93274 84016 9277 110608
4814 86331 2215 43451 27257
4815 56204 87578 1602 99151
4816 81352 83726 6464 33713
4817 56980 9003 80025 27246 2277
4818 786 54529 53674 6434
4819 52429 100286 101252 23622 101827 103464 104353 6681 107067
4820 27808 15971 5214
4821 9402 83539 488 3486
4822 30397 101599 25544
4823 43602 414 27475 19515 65383 701
4824 86113 93606 43201 99772
4825 46845 31453 57173
4826 25802 15877 110954 23735
4827 70358 98846 105054 45525
4828 8358 17048 2515 37217 7002 76921 204
4829 84075 84334 107804 4657
4830 11699 33317 6706 62404 14436
4831 4311 107546 106766
4832 22463 103551 44914 4581 48314 112044
4833 83987 1495 80631 64467 95178 61242 104717 16670
4834 24269 3739 103510
4835 66410 47707 61463 39310 66983 100336 109518
4836 84751 12174 1722 13227 15153
4837 76307 104952 14717
4838 106288 43550 99689
4839 91592 67619 91626 1365 84555 103419
4840 82860 8007 34356 6103
4841 88150 63072 12593 33452 13940
4842 51738 34969 4970
4843 37345 15694 99594
4844 77765 43362 93486
4845 89222 91547 32042
4846 22663 83173 53456 70846 64690 57659 107870 53456 85085 14221
4847 88397 98097 46821 107924 24050 99727 112226
4848 34727 1880 86615 3317 3068 9358 85307
4849 15728 82132 33907 35775 83294 9190 32149 21797 92192 24396 9192 56980
4850 47678 83857 84987 9470
4851 18031 35740 28936
4852 20038 2079 10593 2277
4853 51329 103857 30289 12647
4854 9190 36220 16798
4855 28007 83292 15543
4856 15957 15533 19629 96191 19452 96192 22190
4857 14847 88992 99479
4858 99029 15936 27927 63608 104339 8364
4859 85250 8114 19140
4860 88574 29522 56204
4861 15379 3055 51371
4862 103435 105529 80208 106057
4863 14191 77948 83781 91945 56835
4864 67356 8376 84052
4865 88964 68247 10344 7778 112213
4866 87999 29603 95784 1799 17161 50211 14141
4867 101404 47847 103576 103577 14116 64467 31115 30372 111025
4868 23697 22191 6751 33524
4869 96015 108 6652
4870 84621 99264 102453 105922
4871 10422 56843 5214 13377 54041
4872 61354 54469 13539 107250
4873 41408 41390 1528
4874 48582 92475 99745 105025 92475
4875 50992 67685 2276 69949
4876 19679 96766 10589 1884 76788
4877 14276 73591 76853 21581
4878 103113 84630 55042 14503 67358
4879 100377 5503 108636 52727
4880 85064 99269 75268
4881 5901 73553 9068 96722
4882 5844 12508 72522 11591 1358 95814
4883 89959 92410 95436 50034
4884 418 96990 5323 13171
4885 6280 39433 28703 91021 20559
4886 9719 94538 4695
4887 12843 96321 3055 28075
4888 8659 35867 8925 3008
4889 22428 29062 27954 109564
4890 15153 89770 92705 10904
4891 82697 70359 17440
4892 30917 76272 33662 23266 111258
4893 32348 46682 98911 98938 83987 94336 80151 112146 109015 11739
4894 41867 4043 66908
4895 84551 61242 26221
4896 31675 74395 97754 43771
4897 78893 83335 51409 41648 82105 106379
4898 91165 74727 13339 2367 6004 70790 14912
4899 7453 92572 79573
4900 5814 97455 108088 108089 65713 80474 73280
4901 30665 1564 67619
4902 72633 98042 72422
4903 86207 2827 62959
4904 89016 89017 60521 8221 89108 38652
4905 39145 86243 32838 24222 6172 1492 92142 10927 2405 11411 5608
4906 89086 91204 20460 3802
4907 87506 91855 91856
4908 76652 80766 10906
4909 6624 23309 26478
4910 993 77563 41337 55598
4911 98488 76466 102569
4912 13043 17046 55975 16616 27
4913 67546 98329 54339 25454
4914 87208 21958 9752 66393
4915 16426 4538 11425 307 1278 81967 35314 58702 96354
4916 83282 85784 91407
4917 83555 33140 67427 64584 100156 86392 81813 79543 16616 33068 7773 23374 84787 10709
4918 93447 93448 12146
4919 34 17814 10587 4689 29125 42311 53561 16755 90466 66312 94233 41013 49025 15956 96481 109211
4920 84486 32899 63525 41375 96249 31894
4921 24823 2808 9328
4922 900 6873 91495 91506
4923 16319 56524 14778 76665
4924 98253 23761 4758
4925 80027 13898 95489 104076 106238
4926 18041 72069 26264
4927 1000 4318 9776 6413
4928 102864 102865 6652 2277 99663 69374 7643 67338 105352 44051
4929 28470 8400 85066 12587
4930 53235 96965 55047 49864
4931 84630 3805 1781 68780 16913 25680 77887 1543
4932 84743 84797 84798
4933 11089 53610 594 3203 105758 82179
4934 66024 80495 84813 71061 13714 2851 64766
4935 65931 109948 109949
4936 49285 4985 62601 17174 46075 85215 62868 88918 1620
4937 87318 97698 63272
4938 91069 93184 54736
4939 10499 95107 37501
4940 33688 31486 94291
4941 84160 86118 86119 84452 88752 88787 4354 11388 99051 86119 88725 23703 50127 61508 18620 84160 111248 111249
4942 307 9705 17413 10278 2192 16003
4943 63174 603 99395
4944 2848 41419 5990 1861
4945 25548 102823 23776
4946 86289 8749 43612 110003
4947 93004 54064 102203 105639 72898 98007
4948 71973 92039 99523 51406 107113 110110
4949 56544 94251 18487
4950 1306 13555 35324 9861 1737 62220 111204 21703 93234
4951 85340 93171 54953 34316
4952 20675 3962 32842
4953 86498 72379 93566 99564
4954 1496 32261 98162
4955 4061 10133 67616 37137 72323
4956 88164 109458 319
4957 94353 94354 109442
4958 84792 53865 76272
4959 98665 33612 109104
4960 11504 32171 1333
4961 90805 96643 100914 66081
4962 73148 89617 1737 57758 5396 4159
4963 30665 43602 2320
4964 34087 39373 16670 2653 42698 94163 95228 16366 58693
4965 95751 82470 108391 31878
4966 388 62254 62091
4967 95556 95557 76743 95573 51320 10585 63517
4968 30693 43607 86963 89490 89491
4969 93145 61242 58187
4970 4561 67283 2263
4971 32636 31079 35344 1225
4972 97005 11477 75274 100104 4930
4973 36131 64371 93359 95519 13354 43359 105270 37573 65321 4881 36131
4974 36093 63390 102711 37498 103996 72472 66409 608 104055 104056 30864 17860 35487 84486
4975 96218 45564 99358
4976 23697 107134 47809 109692 38096 4513
4977 17081 104279 12014
4978 46842 87372 14228
4979 102186 7144 41670
4980 91010 22352 35485 24618 97175
4981 13543 50394 108498 2235 52045
4982 94453 94795 83537
4983 43820 18677 45771 9417
4984 53398 84049 5730 45397 84816 5208 40464 25081 24321 5730 33393 72893 20056 35660 91239 57952 50204 52435 69544 66723
4985 20791 5229 8939 24548 3805 25317 106309
4986 85221 85251 85286 85287 85288 92932 92933 93002 93143 9518
4987 98341 76180 102680 21572 71190
4988 93867 93896 93897
4989 4693 2598 9087 5911 26368 93271 31906 64746 1473 10064 10987 8575 4695 25057 844
4990 56204 10121 95696 44239 5859
4991 8710 14169 33218 28199
4992 96532 58300 5010
4993 28833 66723 25222 88621
4994 68942 96199 62267 13029 56859 100066 72141
4995 68074 62220 35923 37258 7363 7780
4996 1920 13698 307 17345 104113
4997 58688 93909 17138 98545 109390 109605 79527 110681 48286
4998 83271 53225 65299 97947
4999 45594 76307 22102 57968 2211 44388 41819 15512
5000 307 6895 2690 109845
5001 21290 97009 97010 33715
5002 85468 13215 72805 84519 75146 110647
5003 88037 88301 67008 90647 91718 16992 23349 861
5004 29762 39400 45244 13763 101632 317
5005 11783 37038 4921 95812
5006 212 77329 95697 17328 104275 98186
5007 56204 993 33473
5008 18210 9481 95594 11652 4911 1912 13252 30470 44145
5009 87484 47998 97541 67594 31601 100455 279 15713 5952 80674 39299
5010 44567 74359 106865 44873 89261 107191 109220
5011 1531 41597 6621 17956 104977
5012 69898 97504 107025 69898 107026 107027 107438 107439 107440 3449 107441 107442 1462 107443 56491 107444
5013 84804 84805 84806 84853 84890 17492 109047 96727
5014 41588 16590 106618 24705 109950
5015 80559 74389 7386
5016 60667 43612 12149 40990
5017 12830 15872 16621 26905 96024 96403 71910 40191 109383
5018 90344 57036 81885 32348
5019 10213 319 43602 105473
5020 70723 109436 62630
5021 9235 31075 10022
5022 94908 44313 10987 20196
5023 14786 18784 29125 20778
5024 5926 43602 67877 5424
5025 18184 82986 67411 27939 18465 110455
5026 85179 13171 30767
5027 6173 784 81597
5028 86319 65252 24065 7860 99249 9164 99316 31696
5029 26905 96149 4345 102947
5030 73182 91930 1687 106834
5031 12755 10604 93977 91291 27990 15647 91482
5032 88705 88782 61971 94613 96704 88782
5033 58839 4920 11129
5034 32093 18759 62306 97059 7794 38072 8893 111936 52938 111952
5035 85608 5539 76961 46357 84530 35740 25900
5036 94823 99543 78201 104892 335
5037 88521 41691 94660
5038 70585 5828 71096 13098
5039 40720 109835 110401
5040 88242 19425 33280 67877 33125 67848 5140 40403 2690 10258 67220 4513
5041 43539 56204 26095
5042 3768 93357 46587
5043 4536 67835 69415 12388 31149
5044 80521 27578 24816 12789 6940 22191 92819 34270 110009 58882 96224 60274
5045 25282 80632 88462 52833
5046 76138 95833 13568 15764 31976 98863 101648 101654 107267 17994 101648 21396 65037
5047 41607 11765 30445 13111 1846
5048 8479 12812 18962 43762
5049 14217 104089 102737 14217 93954
5050 30238 69594 96670
5051 6410 8921 41798
5052 41242 107983 97640
5053 47064 89890 85599
5054 48098 40621 34589
5055 784 105424 69627 10182
5056 84986 35564 108 62299
5057 64207 105722 76453
5058 78447 94266 26687 64423 11089 43767 8458 1496 27772 7198
5059 35010 7335 87030 100696 103816 10084
5060 6729 93234 93322 52858 93696 26788 72357 103937 59645
5061 58325 4179 96881 83393
5062 45239 61856 1355 69627 190
5063 4863 27754 8532 71322
5064 79609 91385 91607 89510 26933 43170 2465 34425 3561 63167 4056
5065 24407 27927 71972 17152 80303
5066 20170 40146 36078 84431 17802
5067 87487 87500 76605
5068 3817 2912 137 89909 101704 69292 3853 58584
5069 22736 40410 38277 15529 39829 97691
5070 5843 5922 110258 45720
5071 97224 47619 74406 99628 109265
5072 9948 86491 3708 91660 8132 44222 67945 19676 30141
5073 55406 92748 59452 96092
5074 1067 69544 77294 47237 17305 86555
5075 3278 8089 92681 4970 5844
5076 66149 110618 110714
5077 29037 603 26557 7715 23973 69769 7103 6737
5078 44803 75395 38277
5079 11810 67877 18823 54563
5080 18546 78961 19640
5081 91785 6255 1604
5082 51255 89775 91221 92738
5083 12388 53187 101055 15846
5084 23341 15706 101393 16975 107555 67579 6974 14401
5085 96433 96434 97835 97836 80044
5086 42701 5427 82922 2499 32694 9002 44145 19079
5087 7886 10932 97379
5088 33789 28969 28952 9172 8966
5089 28932 101477 71915 7636
5090 86903 16110 105342
5091 76272 85066 45771
5092 38719 99775 104996
5093 24036 65521 107567 1857
5094 61260 30244 9016 111774
5095 89734 89735 77143 38420 68129 38218 79503 51901 59594 51538 75488 91988 91989 14375 79994 77190 103508 14375 1071 35475 91988
5096 11055 10635 5316 93920
5097 65325 95358 24245 41097 8943 95565 17412 23584 96312 21421 93886 28633
5098 46233 6105 4318
5099 9912 110777 110778
5100 11585 45586 86397 47145 88968
5101 12903 48033 33211
5102 31901 93680 85641 23341 4390 40403 56204
5103 4809 46214 32861
5104 16542 8191 38597 4513 35908 74744 80968
5105 9808 8364 91094 66754 91247 91272 96991 99692 61343 99790 100518 91247 102783 102787 7144
5106 13941 62355 23780 95432 95433
5107 1406 37105 23491 30830 74635 88802 12793 7192 38463 67945 96431 3258 41550 68237 71863 58300 79809 62371 102469 5880 79975 11895 10710 9196 5145
5108 83919 17183 102490 58433 102650 5093 107685 108945
5109 15000 44861 40358 100105 91249 15000
5110 4970 77690 1287 8376
5111 43435 92923 95136 97255
5112 10617 4318 75310 41698
5113 15043 83803 8072
5114 90987 76662 13159
5115 94034 76302 103687 104702 105235 105318
5116 307 39857 72481
5117 72495 99856 10986 108966 4302 112201 17630
5118 88079 44747 11046 101058 3741
5119 83004 83020 51018 80924 59110 32463 7011 18636 35059 11317 102316 29061 110868
5120 67877 55278 47123
5121 53391 100911 59454
5122 15154 85991 20320 4958 19461 96430 39867 15796 24823 108 201 4349 3083 3819 79613 55578 29189 105768
5123 62820 53829 29807 3475 50695 4970 8276 92941 6149 44337 22366 102210 89834 36655 107580
5124 88383 91093 97071 99703 23645 108680 106260 110657
5125 14703 8572 6363 8771 2840 4776 20166 39933
5126 2350 95989 98484
5127 92533 10182 6680
5128 98400 20793 104377 39314
5129 84358 34994 412 41334 15763 5787 78709 92374 4836
5130 91832 7035 12456 1634
5131 89141 94409 100196 84891 29583 4836 89141 41709 106028 106046 106056 53900 109621 60788 98296 67755 110964 27750 111067
5132 91256 95016 91306 94330 27967 11433 97937 71751 16980 103645 92374 109794 35170 109869 62097
5133 67878 80844 104281 44228 13658 109246 80631 7333
5134 86494 86495 83195 66494 86692 86693 87015 16897 99812 69686 30885 105551 15748
5135 19538 108673 21131
5136 100593 15099 100639
5137 4145 25870 111866
5138 66030 24847 80179 77680
5139 72330 15423 102270
5140 33688 26306 52736 102962 68575
5141 84000 61043 15379 22536
5142 40502 58017 40549 84761 84762 81927 61396 62815 55580 105436 81927 58017 105444 29757 109122 68119 109179 81318 110020 62815
5143 56374 63546 29849 9714 9713 72451 46603 87876 74657 87892 85651 87960 88481
5144 106 23973 48930
5145 42490 37290 108459
5146 9050 4249 37697 2800 83017
5147 90214 103725 96280 108061 61242 31719 60757
5148 11716 46371 93759 21760 7302 14854
5149 104823 52921 12149
5150 1564 35055 36080 14328 89529 34417 70081 21516 4220 5080
5151 96807 96808 92930
5152 85512 73553 36498
5153 30759 94031 67427 28164
5154 9518 8285 85927 56011 56204
5155 62638 29870 21972
5156 72976 43234 19834
5157 50639 34523 576 96541 45779
5158 33107 79279 102681 103643
5159 4444 50885 15728 62153 100937 100938 100947
5160 78889 94896 103780
5161 2900 99386 409
5162 5177 82423 10197 55825 24015 83015 27880 70495 48602 44308 70937 62847 26951 41273 70426
5163 33506 319 4536 71607
5164 4318 22908 86407
5165 93751 4075 95976
5166 9567 8837 43346 67274 7169 31199
5167 84573 87387 91616 61002
5168 75642 34957 103870 103871 105493 105494 105553 105554
5169 21861 23276 88726 70761 14090 45988 97024 100329 103053
5170 5840 8987 8994
5171 6057 34238 38006 40718 55042 7035
5172 110145 48179 94686
5173 4561 36550 30545 57286
5174 7683 38156 45444
5175 32783 98584 81658 14945 48823
5176 79126 25252 1207 110051
5177 74709 14375 100195 69120 103551
5178 28584 66032 82536
5179 44311 30759 109728
5180 3925 92872 25154 93022 93188 96939 99064 41424 16655 4561 99064
5181 100595 69524 47262 55583 10394
5182 9691 85085 2455 98159 13080
5183 98896 40837 111092
5184 23505 47900 23022 17184
5185 83439 10822 35389 56474 92476 92527 71323
5186 92721 81691 28858 92773 93060 38596 66418 104603 81231 91612
5187 6939 9049 102844 79012 3267 1633 73553 67510 1880 32645
5188 45239 134 52052 72845 68546 50871 1920 84877 2800 80559 13459 22248 15046 4063 81189 19344 84940 2329 5301 29150 67877 54179 99098 68846 230 98885 20275 104317 34667 104928 55118 1720 918
5189 26581 52548 31430 10281 74209 2185 83929 95951
5190 30759 918 46665 1365 24070
5191 49037 87405 87406 79123 53849 7031 41013 101095 106668 110613
5192 94295 65064 20445 1781 31906 2106 95919 18575
5193 15319 107904 66510
5194 36423 5074 23757 2948
5195 41439 14916 26165
5196 50965 105994 106055 61500 8173 106143 52151 41054 110650 67877 14342 110682
5197 91593 89510 8860 30029 88838 97041 7193 43387
5198 83542 92270 92271 12510 20873 96135 96136
5199 32073 4958 97318 42143 3068 84630 4970 49256
5200 108861 29221 48785
5201 37792 6033 15475 61242
5202 9037 87320 2256 94600 10708 66291
5203 73031 92689 107306
5204 57504 3486 111162
5205 60523 68538 5782 109240
5206 83094 14329 97631
5207 98141 62332 87068
5208 100532 100553 100694
5209 87716 104869 104888 59593
5210 37303 9228 51429
5211 1618 104669 59549
5212 98291 44864 50494 99532
5213 85578 88383 102108 102113 40245 103662
5214 88424 86558 14191 9646 30516 106681 5165 110710 86558 736
5215 106105 41433 96969
5216 6616 79126 40154 111471 111472
5217 70291 95448 105789 111376
5218 41990 69292 335 6617 101815 28952
5219 90095 55181 12688 2696 17034 8347 25683
5220 22806 104883 95410 11533
5221 88304 95665 95694 25783 2146 83218
5222 59381 34333 6865
5223 29470 57508 67088
5224 84145 97640 81401 108482 76272 29470 69627 80244 101790 17048 82345 71057 63561 30061 39107 26264 98439 109242 26411 15796
5225 83288 85818 93751 110994
5226 72270 1645 65000 11465 772
5227 77279 34367 46990
5228 106039 106040 106042
5229 93923 57968 36101
5230 34786 8748 88350 3486 18269 104632 10393 5151
5231 98626 54281 107553 17441
5232 80463 64897 103506
5233 3660 55130 32645
5234 84015 17031 94064 55722 46773 33449 95119 97048
5235 6562 65492 97747 21307 48824 42749 72155
5236 41885 1333 108016
5237 85295 85296 35052 94207 32267 105663 108703
5238 30054 10010 100754 106913 8917 62176
5239 9280 100889 107176 109811
5240 87928 87930 97229 31418
5241 52435 1145 10968 52435 10375
5242 51206 94267 53422
5243 22041 40232 109652
5244 20132 84639 2800
5245 13938 64903 94711
5246 88371 71156 27087
5247 23568 25711 67867 90364 74389 17956 96018 36920 5499 9299
5248 45239 1397 23831 96885 46421 41558 356 9719 25928 95117 54179
5249 78289 90746 90750
5250 17488 104121 5452
5251 76352 55594 108838 111315
5252 83570 50687 5828 99203 99204
5253 100203 100204 103086 38948
5254 51741 103104 105213
5255 34032 56098 92878
5256 67848 47222 2696 7538 73709 15099
5257 41576 27775 19344 45771 35318
5258 90607 93915 98031 98316 98317
5259 89751 94457 105413
5260 83867 85746 4852
5261 30247 13413 12917 21732
5262 80631 84630 103663
5263 89723 89724 36315 86588
5264 51600 48513 82197
5265 42272 9769 6286
5266 91348 103497 102893
5267 78192 82612 7309
5268 77908 34727 41459 9328 69506 98114 45476 25665 8458 2536 11997 51429 36078 1758
5269 94206 8644 94252
5270 4318 56011 4561
5271 90851 34417 3739 15533 22405
5272 5118 55793 3085 67877 7972 110629
5273 88288 1569 14248
5274 8808 88673 13678 25848
5275 43090 50932 84567 104119 87499
5276 85175 20052 12549
5277 95482 95484 95485
5278 41337 90117 215 16570
5279 28881 97738 17618 36828 108237
5280 19797 94312 94872 107243 110908
5281 32252 59309 4302 18129
5282 6945 55426 14191 1625
5283 50714 25549 104657 4567
5284 82906 69292 55967 84069 30484 19604 22918 68918 69292 92253 6196 47 47114 15373 93386 82965 93908 95912 16599 17048 103546 14217 74966 58376 78521
5285 20840 11320 110080 110081
5286 40232 101711 20173 23088
5287 32429 93615 32787 99954 7521 51405 33211 109229
5288 67653 67746 105627 12931 48763 107452 107482
5289 65623 22523 5424 3972
5290 81085 19920 998 8408 40029
5291 36340 8591 5693
5292 5670 43602 39774 19865 99190
5293 86528 25711 28247 88706 98618
5294 83623 83655 92046 92469 92690 10683 21283 94224 96863 103274 105588 107456 101443 58108 111034
5295 61137 30798 8221
5296 23564 1563 5859 9915 84581
5297 3895 9404 105803
5298 82011 91358 69601
5299 4444 33469 45853 10200
5300 30429 84796 50518 28869
5301 83748 5058 77201
5302 89004 20460 92943
5303 53752 92703 104319 4086 107198
5304 92884 8630 96830 74737 80665
5305 41576 9196 49823 19263 101523 43485 101524
5306 6363 72277 61242 1328 76272 74709
5307 25562 38652 21481 92827 7130 62220 13806 69046
5308 215 9130 47066
5309 3960 14786 12727 469
5310 20166 107168 107169
5311 86699 106921 107053 107054 74896
5312 46201 11913 5278 99807 74344
5313 14358 93252 106394 106395 109299
5314 4251 4047 84469
5315 81886 45612 6950 1611
5316 60312 87650 100490 29094
5317 20347 787 6301
5318 89200 43749 60487 2306 34234 16555 8244 2602 94077
5319 9050 5843 1604 782
5320 83954 89242 34667 41013
5321 24802 90298 44608 18706 74921
5322 19537 96237 13516 110321 110322
5323 71863 95084 52199 376
5324 230 45239 103858 12407 56011 9449
5325 20528 14255 108332
5326 70973 6405 84957
5327 26783 58810 46807 412
5328 96380 96407 18746 107780
5329 88127 80919 61068 55985
5330 87108 4536 91654 45996
5331 78104 70919 5337 83285 83286 39929 12935 27802 9459 93374 64903 7521 81025
5332 93349 93350 4826
5333 61228 4975 63840 92183 35660 5252 30752
5334 90791 94980 75835 13470 99693
5335 84782 86219 67546 1165 88838 15788 110742 110783 79299
5336 61168 87083 87819 50824 10052 16507
5337 22960 90821 39929
5338 84559 84577 86417
5339 39311 3469 14252 52396
5340 101743 22791 1971 102395 111579
5341 87877 87877 28389 33172 101785 37085 101822 102970 104093 2306 104968 104969 26992 105074 105616 105617 43767 68861
5342 96213 21231 100729 110852
5343 87868 98652 98653
5344 28903 9622 94240 15298 42311 69524 62017 8938
5345 91623 93711 96688
5346 55908 83621 40679 6609 1189 55909
5347 49587 99930 43593 105747 22903 68122 109997 110520 58972
5348 22467 48855 2428 24560 55311
5349 56204 45239 45470
5350 5859 307 107494
5351 67220 25768 62363 1287 37
5352 10826 47938 6680
5353 51750 102922 16338 94748
5354 99982 3364 65721
5355 2669 46388 40464 9501 84271
5356 106293 46505 72786 63690 110347 15998 70315
5357 23885 8035 110805
5358 43628 66292 2800
5359 82971 60985 9190 1127 109527
5360 4506 87665 27613 94080 97876 31861
5361 13419 90 74535
5362 789 85066 14340
5363 85500 85501 85587 4758 6174 106658
5364 81608 85289 6879 62033 14402
5365 87773 36728 89595 112017
5366 10987 40232 111981
5367 86970 13810 19550 40308
5368 2216 91765 61571 41871 67560 85913 31481
5369 22821 96888 96917 7307 16466 13854 105759 27755 105795
5370 15817 29118 3077 69818 8405 72869 101813 9568 1955 101319
5371 90848 25474 58810
5372 87646 94495 94564 95744
5373 11964 87799 88015 88056
5374 86736 45397 68754
5375 1645 6333 412 9719 71910
5376 8504 46319 60959 108244 25609
5377 1382 8554 69920 24823 25443 21701 14984
5378 37470 83891 7579 20919 736 95609 5165
5379 4092 62001 4513 7820 55987 67546 6761 15526 67809 79126 10034 37745 37 10449 1908 10708
5380 46651 74038 83570 23697 36782 45523
5381 55118 46907 60565
5382 13689 1297 94073 86974 7302 10449 307 11569
5383 33 53417 26368 70617 47483 49541 79880 93223
5384 43047 45999 5235 110743
5385 69601 105456 44197 55628 108457 108711 109003
5386 89561 1008 24598 109874 6697
5387 86748 40211 99956 109760
5388 78512 7643 90490 90529 61079
5389 99139 99270 49988 49108 75025 68596 106745 62757
5390 5424 88456 88457 29807 67877 45239 2366 366 35314 49502 4063 55985 98439 104929 83438 105545 6662 108050
5391 87545 82000 2814 2813 92779 11259 78148 38006
5392 5115 16555 16798
5393 37760 87471 33530 88480 4384 12917
5394 25222 41419 9085 5883 72307 8535
5395 94961 5855 98297
5396 72292 17904 18121 6697 99765 93719 3582 17904 50969 31039 17905 17022 11737 63586 107915 99765 64211
5397 88298 40672 52131 12804
5398 33955 24565 47733 42753 27518
5399 88424 9646 15372
5400 7031 15373 16752 61335 92565
5401 77063 38454 13563
5402 61947 93365 99893
5403 63650 88487 64059 88543 88910 88911 63678 97732 97805 97806 63650 105573 63650
5404 4561 85705 5666 5748
5405 85576 92244 109101
5406 94768 103636 103637 87134
5407 74709 61242 106362
5408 71944 27580 23703 10635 29224 48250
5409 85604 85605 18888 92473 99821 99844 104039 24140 67241 105947 40681 105991 70892 108200 99821 41781 93654
5410 5693 96273 14155
5411 22324 56204 65057 83289
5412 99490 104187 46277 73898
5413 7496 15788 2326
5414 23192 6603 79599
5415 78018 77763 33715 111169
5416 12581 25568 24847 100619
5417 92900 88938 13363 99867 94607 5776 107652 25097
5418 31928 77772 97934
5419 42898 12798 8267 2277 29125 23770 20631 4031 25538 99128 88459 12798 9264 63330 111699
5420 4056 90596 102900 95452 96787 107230
5421 85747 86213 92687 92904 92905 45950 95549 95550 98256
5422 14248 57856 92222 7458
5423 26287 68581 10277 23341 75758 20104
5424 52664 94446 53391 65923 6441
5425 92808 21216 66422 22911 17184 105862 4010 101584 6286 70987
5426 78148 24508 9650
5427 42665 71536 89628 59381 1777 91660
5428 37835 9651 2106
5429 85775 88952 89005 93640 85775 102536 105566
5430 15788 2040 21797
5431 10894 87882 69069 76567 10894 43649 54736 26261
5432 92156 92157 84811
5433 12388 13806 83136 2690
5434 101926 101927 95863 97057
5435 26802 3908 9354 33357 95416 95467
5436 15782 42229 42003
5437 88629 21846 3348
5438 93164 6383 93204
5439 3520 75731 91853 81489 25857 4769 101877 102015
5440 5295 48551 93859 41363 19246 12347
5441 85970 85993 93679 100068 105015
5442 17525 28773 80322
5443 51793 73482 98307 7715 19537 60023 69888
5444 65309 41419 9358 110217
5445 3319 278 849
5446 66341 91167 16204
5447 14798 75370 43851 3832 9326 33376 5802 1794 84539 44970 3832 96525 111151
5448 11121 76753 78725
5449 83136 72027 29470
5450 343 14636 61512 15153
5451 558 42570 70086 66084 66015 89309 2106 27423 1256 55647 97829 10013 105995 49986 9855 708 46286 109364 109365 109384 108234 48412 111400
5452 83799 39949 7077 110192 42209
5453 97812 35570 100854 82572 100972 53071
5454 93956 93957 7071
5455 62932 72011 81211 76480
5456 2428 89752 74985 76956 103489 64348
5457 101996 22961 51711 109627 112049
5458 9709 33461 97973
5459 92632 94988 94989 94990 39778 105198 1370
5460 95582 95583 28144
5461 24623 35313 109938
5462 84832 90504 96646
5463 94194 97987 105886 111629
5464 15000 1397 5602 17720 78709 29189 1981 3220 5849 100897 4990 5336 2995 58810 95256 1412
5465 58411 55510 715
5466 108626 722 19382 108919 64534 1365 45615 109057 50593 29858 15551 46846
5467 3977 25977 34102 99233 44926
5468 3813 30530 9190 4327 1225 111217
5469 92314 92435 51662 32941 102691 9329
5470 87610 87639 103600 103601 82779 98813 83501 108612
5471 75352 51030 111181
5472 4331 13631 76169 48314 101092 38291 96398 40669 14082 101215 103280 24874 8831 103281 58882 46365 6108 110173 14899 70106
5473 7172 20214 319 4249 49306 8035 1817
5474 84039 89177 96335 108487
5475 90773 75966 103252 4318 2702 64651 84714 6172 106665 98644 6422 85066 57862 111683
5476 26269 75662 13267 57546 31656 96974 96992 10342 97012 93242 72703
5477 38440 9003 73553
5478 41668 70978 20760
5479 41013 92106 92267 94181 94218 94219 72812
5480 11240 104033 20889 104097 9209 912 32645
5481 83776 85155 16352 67358 8060 18166
5482 42572 6964 41091 28734 104116 4935 77231 37697 34888 93664 4302 100465 6964 93921
5483 53120 13624 86544 41903 16555 108731
5484 48574 11351 4543
5485 85718 18032 85773 2200 85923 88467 88525 88527 52164 32337 88931 88932 89249 89350 89830 82825 89906 94746 94747 20051 95089 97368 54794 97730 97731 98242 17796 98411 98460 88980 13549 107645 107736 61117 108052 110213 35743 112335
5486 65088 594 95339 101836 101837
5487 4318 823 72813
5488 73080 32365 94548
5489 4561 99230 15206 8927 44401
5490 44074 37808 36210 1633 1207
5491 3549 910 5880 105776
5492 45920 22769 73801 88180 29020 10899 95695 6397
5493 88686 8019 38407 89302 35950 3848
5494 107516 30503 2369
5495 2279 42179 25262
5496 20755 1872 44649 52714 17184 48741 101525 15529 46952 3929
5497 30749 4157 11847
5498 85054 46197 83987
5499 92757 83294 43706
5500 14567 1495 8814 7244 96218
5501 51304 55852 87369 83958 97116
5502 89183 76466 7059 89924 5483 100113 104314 57547
5503 36396 64592 105084
5504 94037 2279 8089
5505 14778 6301 108601 2184 11716 108620 19660 83000 89327
5506 46088 278 21811
5507 105118 105284 45344 70337 69968 6540 9430
5508 9586 101021 12948 2675 97955
5509 2103 993 9025
5510 44676 80631 34667
5511 64024 14501 27344 109221 109222
5512 24737 82165 518 358 14942 83546 58318 22249 71530 17092 60893
5513 83789 48159 95966 67736 95984 4873 108455
5514 20166 58683 84145
5515 75352 91829 5350 78970 92462 92516 69071 4755 84554 97286 97296
5516 40920 33115 5587 19861
5517 93123 95880 54768
5518 101669 58484 106993 106994
5519 26786 44983 45831 42076
5520 45674 89648 56258 106870
5521 23052 43303 91909 14494 8347 81522 47628
5522 56011 59723 7458 105005 108486
5523 88676 47864 78 110711 110712 110735
5524 81886 319 3784
5525 86599 86600 30609 86627 86629 86644 87051 94200 60463 94995 6066 53332 102894
5526 37777 88222 109786
5527 5954 91798 91819 98143 8636 59418 7307 2761
5528 77267 96055 96056
5529 14210 96293 34488
5530 83440 41013 29125 13091 108085
5531 45239 56469 89048 1403 61491
5532 97666 99819 99820 99880 102760 102769
5533 1267 67411 34107 6004 28907
5534 84984 84985 108047 108100 13715 108123 108124 104074 32647 45736 52322 98803 82026
5535 11046 2098 57237 89197 58295 92058
5536 52435 84121 25969
5537 22803 86125 85110 4181 72264 69949
5538 14264 409 65000 64348 83799 4442 40441 5424 106006 88384 62033 72086 7002 87815 71863 108370 97348 21862
5539 88837 92825 14619 106617 14525
5540 86389 7835 104262 19574 112218
5541 79702 28108 62125 65702
5542 3278 38598 80968 12921 106887 6019
5543 33119 111419 46603 15164
5544 5214 3819 12282
5545 85833 99192 99193 99708 105904
5546 11861 88033 30330 2405
5547 48394 36524 99337 71996
5548 78495 86769 3515 55497 51365 18952 106172 110279
5549 72069 67356 47977
5550 1089 40234 9467 95228 78779
5551 20652 5811 3302
5552 84530 63012 335 3258 68761
5553 61694 29817 2391
5554 99159 24945 100462
5555 12296 67877 94943 54528
5556 83438 46572 12427 91515 105934 65592
5557 92413 100801 79753
5558 74831 13027 10589 58244
5559 84795 94934 44028 96073 43658
5560 56204 61242 84599
5561 14402 91476 55572 59021 96237
5562 27361 84257 29620 12462 11621 27592 89095 65195 93712 16523 58019 8987 56528 420
5563 7302 92584 20829 22466 992 71433
5564 50020 4163 103297 106343 104681
5565 88669 84555 50129 13573 199
5566 9333 412 50618
5567 20316 17358 59549 109872 15667 10601 109873 10171 23849 102713
5568 2459 104599 34813 112316
5569 87613 95561 95916
5570 66664 65557 95668 95827 95828 14696 7203 47131 56397 10105 100413 5211 100596 108263 75479 65229 1327 84555 11025 1326 15882
5571 2445 36627 85110 47494 67863 69627 4747 65656 102413 67095 2445 43602 96041 105305 47494 62548
5572 84555 20750 60788 20750
5573 15475 41588 59092 29381 62531
5574 20079 335 20729 99202 51429 5399 69319 47318
5575 100073 111281 95684
5576 65283 30560 43716 31510 4115 12465 51144
5577 422 1428 7211 918 103189 103874 5828 103901 3863
5578 91078 95166 99172 99220 99221
5579 83226 18216 44731 13009 60704 34550 12347 58644 16995 9911 30434 12004 12347 36879 77932 18046
5580 74952 58074 27742 106296 42781
5581 3922 99347 100186 96628 97607 57140 39900 106532
5582 86893 75474 50797 87007 99344 99509 99510 102579 109636 109637 109696 109697
5583 94280 56204 34616 61296 70565
5584 56204 86501 307 67416 46836
5585 85896 26405 34816 17817 32598 33907
5586 72969 66211 5056 31821 101503 101879 37771 455 107749 109389
5587 93240 88345 25156 33724 42489 92044 109851
5588 83409 95971 4969 11737
5589 83455 9123 57077 79293 86609 95312 67893 51273
5590 93438 67869 95246 95247 80312 43744
5591 92918 8080 1908 6242 20166
5592 71434 86195 14494 91996 81394 106587 11608 32930
5593 71693 58753 10401 70733 9836 104503
5594 47872 5061 10702 4138 35314 78144 41507 72911
5595 48641 307 82816
5596 88936 24496 105315
5597 60774 37 98022
5598 1032 93020 107654
5599 22419 73482 19872 10739 59518 10987 107972
5600 72809 43433 63923 60056 47059
5601 93123 106289 5858
5602 14314 94192 46913 94231 32725 41158 14175 10612 51253
5603 85110 28564 10422 8394 14207 61856
5604 23494 39111 95667 10875 36841 1750 14636 45618 70419
5605 3673 85292 10182
5606 478 86904 88813 88815 8882
5607 91387 4873 91390 98048 105132 87986 39347 9980 37956
5608 28624 100786 35964
5609 8356 39175 5135 92226
5610 103644 103685 103686
5611 89798 71598 97350 52435 4104 307 105827
5612 8274 19851 42053 77952 9636
5613 110514 110578 74540
5614 15140 84359 41775 48021 84424 28514 6363 52435 91924 22918 1832 93403 93404 89618 26411 98662 98684 72869 27990 110488 230 106950 112004 105900
5615 25562 41447 15036 81886 84764
5616 88609 90961 69543 93749 96566 78760 104023 88609
5617 74485 100289 40029 4995
5618 24632 22391 105940 18993
5619 16953 95872 16624
5620 83712 84022 86185 33165 90933 58487 23875 11049 12938 45905 33021 105667 105668 51291
5621 3465 39754 6647
5622 49566 39185 67755
5623 87731 92970 22434 70024 104148 108027 87731
5624 52435 41221 1832 42880
5625 71707 22502 86175
5626 86129 17364 86129
5627 72809 34233 54954 97314
5628 89883 28005 96476 96590 57025 111744 15162 111853
5629 34072 40216 74273 195 33371
5630 28012 24823 97143 68754 99732 85066 95020 53491 78655 109381 1994
5631 50338 50339 6509 1531 14358 230 95684 6691 3805
5632 89756 17048 92961 90103 92995 92996 88243 10449 57455
5633 3919 52520 88838 6461 4072 80146 6410 109749 65465 15711
5634 4642 68761 75677 75519 31362 74547 62226 7154
5635 32735 33563 92622
5636 20628 40954 83715 84260 85939 98900 8739 34893 108648
5637 94680 11847 78971
5638 83184 86975 29070 86668 95990 55042 96907 43618 14857 32305 32272 10132
5639 60783 6761 86265 55278 79819 106667 9776 109971 110115
5640 87849 89488 100652
5641 94371 31861 17651 94424 41199 14168 109647 25084
5642 58935 94288 75162 45239 21995 17184
5643 14291 44581 18635
5644 81953 99147 36308
5645 84003 73977 14803 105857 81424 360
5646 16209 48551 69977 47938
5647 1165 16310 10
5648 17414 87200 20251 7536 87308 91211 2224 110367 21577 30593 110661
5649 39865 3064 88708
5650 40504 13830 31030 57431 92023 98380
5651 212 35113 82172
5652 10736 91252 101873
5653 5236 45719 46357
5654 63840 2758 27327 58644 3742 13327
5655 99916 34350 10068
5656 14810 21846 8293 41013
5657 21140 61242 10009 92803 46899 94659 56011 98057 40720 19140 71355
5658 5510 93894 92222 93951 8592 90735
5659 84351 56924 7130 27372 67546 7778
5660 5849 84530 80244 30456 76272
5661 41891 13595 89462 89492 56822 91302 85382 33590 80127 70126 39504 35239
5662 97923 98548 91938
5663 4983 2733 2823 65481
5664 66311 6496 88896 56715 4367 88981 1678 89162 6912 41013 31628 59359 44825 95410 95843 49104 20677
5665 6769 85066 62045
5666 14416 22006 72277
5667 2873 38132 90775 96950 38132 83987 98905 56714 15529 4397 77180
5668 47782 16893 993 67877
5669 41052 90989 7307 79351 22615 30981 2761 10118 84680 3676 97554 39282 98118 19719 41052 11828 59401 13270
5670 54529 27475 91184 91185 91313 30006 26559 37868 8359 92394 76230 33874 83437 103559 104025 104026 104082 48448 8967 47587
5671 87611 58445 87612 105693 111250 87611
5672 88142 104440 108215 8353
5673 42644 60682 95235
5674 81648 7302 94847 50163 97253
5675 57383 90871 50821 107369
5676 36711 88278 92378 36451 10610 100909 100929 62328 79816 94672 105547 102039 107420 20079
5677 62506 16106 62680 49833 79362 11477 99833 26182 82512 19629 71190 34372 105478 44625 21732 18855 21859 7886 46835 40388
5678 6114 91660 4007
5679 35608 93096 94855
5680 84983 106230 74480 111059
5681 4052 79749 54326
5682 78873 109998 110328 110750
5683 68580 92036 92552 93165 93258 12620 98518 46787 76001 98530 99640 103021 7459
5684 72845 43628 91852 61291 6544 29541 4302
5685 14574 5859 22855
5686 21867 41424 6989 99768
5687 85190 56204 108997
5688 9298 4896 4302 68619
5689 67415 26766 35306 75676 107326 60445
5690 101612 103112 73431 6236
5691 12256 25775 108030
5692 27077 451 1777 10449
5693 92900 33172 10105 107652
5694 4780 15533 27316 85764
5695 85582 21390 96486
5696 6944 5516 10986 51010 46858 41950 5070
5697 83721 36489 88609 51291 36176
5698 7509 5028 92199 10473 27102 67914
5699 99757 7002 10449
5700 18582 92598 26561 44342 6742 63685
5701 62185 43139 75005 97775
5702 92130 25728 43767
5703 79559 10079 48976 23760
5704 71637 91154 7905 28892
5705 77292 6940 62033 110009
5706 18287 76757 15686 81473 23697
5707 52743 90755 3162 74209
5708 99777 14847 109074
5709 16520 56333 30700
5710 44803 92092 99496
5711 32694 85038 34308
5712 99217 99829 99830
5713 9705 33056 48206 3909
5714 712 8255 6143
5715 84628 25316 87608 7534 6262
5716 87459 3110 8796 60985 50949
5717 9032 8535 17497
5718 31829 13930 9565
5719 31590 76577 27468
5720 878 103640 106111
5721 82607 17328 13221 3129
5722 92324 11636 28304 30796 10813 5922
5723 85843 85857 29974 68438 73351 33346 75742
5724 84724 84765 68836 397 26996
5725 72303 2864 103251
5726 50969 66279 77472 13592 95481 17020 102727 76722
5727 1540 43767 28264 5070 41905
5728 84871 27475 71246 8962 86316 102181 104550
5729 51429 4972 87517 47
5730 47207 19980 13409
5731 91812 7521 23822 10
5732 88536 88537 67326 90665 66435
5733 28833 46858 76954 31297
5734 81597 91129 54796 79880
5735 11897 89392 96858 99106 58535 28824 22814 2199
5736 93439 94828 9968 230
5737 10237 7206 19615
5738 35726 44090 86247 93852
5739 42426 94271 13311 16605 34602
5740 95874 50374 14801 96932
5741 16366 15033 11754 35370 14313
5742 2224 18163 10247
5743 93056 8035 7002 1742
5744 66443 24143 48881 1038
5745 55718 10359 69523 87709 95772 7002 267 16162 35369
5746 101797 101829 58404
5747 71454 91178 20254 48177 94655 95745 20254 52319 86238 91637
5748 5345 1908 54520 3068 5427 11388 84630
5749 3950 101559 108588
5750 28833 102710 102861 28833 102882
5751 5980 96567 1836
5752 3805 99272 8605
5753 85623 77480 110806
5754 38084 45406 101365 106237 48330
5755 70206 29668 83870
5756 99806 59685 99851 102676 61955 2026 103470
5757 34196 22605 8525 9387 45451
5758 83668 67878 2201
5759 2995 24823 6143
5760 1150 9774 27561 75965
5761 65247 61021 80375
5762 37398 69544 85381
5763 16713 1667 8479 30741
5764 51501 94449 106890 107239
5765 23200 91064 96462 42033 103540 87359 12890
5766 12248 36808 84057 84408 4510 34516 85540 86447 86448 27600 57507 1118 27600 2181 86448 93389 93396 57507 96916 16 35494 86448 547 14056 27600 111856
5767 71363 70585 86857 9775 105336
5768 83688 4920 47339 97219 33884 15544 102430 10770 107119 10000 107131 36786 40471 23344 77962 7666 110591
5769 71746 91355 24302 67108 87603 78424 67971 38515 95434 61092 95723 98122 38400 58013 33299 54040 82126 87603 38515 40338 78424 98406
5770 10525 11321 2190
5771 87653 52971 100279 66005 4318 111473
5772 69591 14714 5802 94971 3759
5773 33989 96501 63517 13709
5774 99146 45975 79150 86188 50300 110760
5775 86290 25740 4392 86779 16765 24633 86884 16224 65074 37312 3957 58622
5776 51625 88005 12977 6982 75980
5777 34700 35598 55007
5778 37057 878 8492 6295 30
5779 46859 75 5967 14383
5780 96847 99613 109961
5781 4128 35568 87797 60490
5782 25458 83838 93990 96593 2183 11840
5783 12940 59881 94434 8224 106818 106836 106837 106866 106909 50779 34308 107891 6369 107946 14408
5784 10709 96014 27746
5785 1986 38652 11279 25814 3372 98203 66853 6878 20047 66760 20039
5786 57504 44249 26616
5787 61444 87816 32510
5788 84650 76770 70356 90083 103590 83254 108750 84650
5789 65000 32415 112063
5790 62331 43491 107255 110157 110216
5791 1213 61967 4305 55968
5792 89484 19814 94060 11979 101956 64280
5793 81825 5208 109603 10806
5794 41285 96049 79097
5795 83930 38111 16477 103474
5796 1371 75353 16003 92649 4921 28827 101181 33376 26802 71875 44428
5797 86747 72698 95357 86190
5798 19148 99145 99222
5799 20614 47809 94837 2407 34831 70205 3293
5800 43218 91177 54288 2279 53185 100094 43931 44776
5801 55133 11996 17812 10434 109880 37220
5802 27494 43110 111612 111660
5803 67619 64343 87228 87416 14945 111284 61467 41363 12809 48551 17424
5804 84988 93781 53618 42088
5805 26368 49495 5823 844
5806 95455 75470 3908 64279
5807 54159 22003 69870 32645 2536 107477 14440 109396 109420 109444 92563 98985 111887 90080
5808 80495 105119 111011
5809 5369 24923 6781
5810 20018 90572 90573 104333 104335 75215 82415
5811 26064 84455 2052 6827 92477 93874 103267 103288 103289 102559 103339 33058 105503 1715 110847 108181
5812 16818 7244 13855
5813 4926 85012 52147
5814 1754 55007 52434 57417 10996
5815 8187 52257 96279 43327 106411 2808
5816 28050 100752 6143
5817 66411 59700 70221 94476 92577
5818 33723 14255 67354 46184 44097 34165 95876 67877
5819 10281 28958 18858 99194 21231 10281 44925 3055 61571 32532 57996
5820 85519 63420 57004 19851 39628 86196 93189 93388 77952 94132 94133 56212 102795 58426 103090 77952 11696 109968 94133 50129
5821 64359 60047 103253
5822 94214 59652 41188
5823 84496 61548 98451 78401 104834
5824 100028 100029 110744
5825 926 98647 15099 56012
5826 25491 14401 84051 105827 81473 107669
5827 9705 3673 13211 39317 31857 54469 10710 6648 84293 24658 10884 84293 3932 84630 75979 7277 74038 84476 45082 56433 9381 106766 112007 7955
5828 84770 84837 49247 27857 48530 61150 25489 3429 98824 98865 6530
5829 10013 307 6589
5830 66 25265 2075 59848 2459 3486 64293 2666
5831 97816 3085 6147
5832 4513 64279 85956 96822 1620 61242 103489
5833 79724 98784 15925 98785
5834 63326 31156 99230
5835 28936 104326 112028 112040
5836 89787 54288 89900 22541 40679 28400 16446 14155 13930 67877 56292 1706 85641 107109 859 926 23654 2758 107184 107185 107217 10453 86044 65647
5837 24823 38132 6262
5838 17180 4075 93533 6611
5839 28184 1656 105805
5840 75403 100414 23539
5841 84152 72155 84206 72384 104696 48314 5251 65672 74294 15938 92298 104468 99690 105257 5189 50560
5842 83796 73487 63638 100334
5843 94248 98667 66541 19359 110112 34676
5844 98385 23513 72011
5845 30711 67220 69292
5846 83625 87860 87896 85170 62731 90908 90946 56413 1490 32861 106771 12921 110152 88297 71029
5847 19153 25252 3048
5848 87801 102098 105689 110210
5849 60102 18385 63632
5850 60274 96287 79634 7319
5851 91753 76936 50374 82951 17215
5852 28833 106 25377
5853 81758 24235 96750 102654 104457
5854 558 22328 64903 102033
5855 15990 38874 365 56498 2854 87835 38874 58882 29125 104680 88264 14917 38874 58882 7953 108858 53162
5856 2106 76204 99782 107340 107341
5857 46604 83985 76303 46290 2279 16344 10635 54325 97654 97689 20559 81025 19924 100665 42179 48983 79953 66850 47324 15373 30329 39275 110413
5858 69331 85035 100811
5859 66193 88119 60593 34072 85 54099 91901 34072 54099 32155
5860 7643 84089 84090 81114 16798 43630 91140 91142 68903 28492 10823 91203 7755 8997 67135 14394 38657 83100 40373 9264 29299 92380 15518 92399 71268 69089 61635 10860 123 59549 9190 96481
5861 51723 22258 13485 110593 105890 13606 110654 32946 110781
5862 32493 1462 94335 96331
5863 92011 23192 98354 109264
5864 73931 39317 44417
5865 91965 17301 107178
5866 93825 93844 93845 94094 11512 95707 34068 10497 104697 104808
5867 103694 74920 17797
5868 94780 84137 24388
5869 23697 7600 20196
5870 1297 86940 53197 74632 101137 68904 49804 59293 110855
5871 67226 61873 2936 97688 10009 17916 99852 14870 2936 109923 73270
5872 35314 67877 89529 4836 110683
5873 12632 932 2148 95769 2040 100209 100210
5874 30273 11737 22650 10560
5875 6805 60109 80631 62045
5876 36705 65650 82967 37346 66015 88556 23341 88626 94953 93316 41670 97685 98525 18920 98526 52640 98728 98741 98742 98743 12130 98752 88556 66015 13643 4347 54526 7218 96395 66581
5877 36848 80375 27744
5878 95422 95423 95442
5879 1131 85110 76480 73553
5880 17904 17905 93335 97668 37254
5881 88400 94360 93278 43414
5882 93436 490 86069 1035
5883 23295 10525 105128 33874
5884 61447 85749 85759 16301 1736 5236 62347 16301 1131 69225 30825 9115
5885 92718 93536 111987
5886 70616 81992 1403
5887 90097 24477 91489
5888 89396 89397 111289
5889 69788 99113 99340
5890 15422 71514 91288 68065 5991 7163 46691 38230 54796 107941 107949 11070
5891 5350 25966 230 45239
5892 434 10283 9402 92584 20166 83000 41687 97563 10542 54041 62404 107009 111653 75985 20559
5893 50886 95204 95222 95223 95224 47644 87475 78134 6076 95347 95348 85492 100242 25076 108015 13780 43664 63170 52629 109084 47105 43409 55442 6652
5894 17205 21043 45523 13508 46951 5467 69310 5796 35900 11993 102826 62981 30767 5896 29125
5895 26581 23405 15609 100844
5896 3770 239 98123 844 58123 11616
5897 87606 83750 54040 89641
5898 18871 19217 104345
5899 31892 8224 56204 51139
5900 45406 95095 72155
5901 43675 91778 23575 45984 11942
5902 4304 101999 102000
5903 19820 83207 83208 74393 42913
5904 72270 13784 6286
5905 31942 5019 56282 41276 27066 31972 20738 105903 47696
5906 43628 81657 7677 103349
5907 3879 45365 7891 11737
5908 85391 1207 28158 84118 62920 99994
5909 19425 42486 72898
5910 83536 87071 20393
5911 83292 22971 13930 97461 5859 31341 45612
5912 52767 4318 104928
5913 68476 68761 95081 109326
5914 77736 39112 2270 110592
5915 986 3367 3366
5916 90069 69786 67848 72069 29083 102116
5917 36308 64837 26358 61565 19161
5918 62887 62275 88468 70567 15076
5919 5019 2800 4903 103932 97474 103946 3486 56054 108234 47579
5920 72845 29522 24483 92402
5921 18345 12266 18069
5922 61242 82877 71863
5923 11438 3039 53391
5924 29862 10600 38683
5925 85139 14741 88743 82213 101462 57914 103414 3424 96913 18629 103061
5926 86671 86672 87298 83917 89678 1388
5927 31650 86773 4437 90753 34888 44011 41013 10945 46384 42768 2192 111229
5928 31591 14184 88711 107544 107545 107571 107572
5929 57788 10612 60955
5930 51933 46326 61207 70809 8571
5931 53865 14255 101559
5932 43512 36245 5028 27588
5933 72140 14506 61448 80246 83107 35521 19521 23584 36816 97094 1161 108443 69544
5934 53865 48855 101790 63326
5935 41775 92196 80531
5936 62425 2666 38132 52250
5937 84751 43940 44118 12353 17488 13752 65770
5938 6280 81834 9328 343
5939 576 2653 5214
5940 3805 56204 67877
5941 95122 106715 106716 25462 13643
5942 63 88532 88886 95013 47252 96071 29535 97274 39223 100252
5943 42453 106124 36829
5944 84143 4219 99573 64881 51236 110692 110708
5945 89470 11737 15501 66805
5946 58038 2800 55181
5947 731 89847 78760
5948 84584 13045 1306 10702
5949 86217 43602 1112
5950 15647 23519 14690 31328 37613 278 52974 29855 37022 7199 1994 23519 3368 24856 69302 5115 12403 60162 14248 31328 88361 34792
5951 65921 90542 10658 102719 101559 15338 106871 106883 76813 38904 109582
5952 95010 97492 97493 30728 30728
5953 10802 103472 25241
5954 82981 72155 3494 102608
5955 18480 27808 5811 57417 84469
5956 13297 49159 1790 87865 11477
5957 67207 85372 67267 69257 53865 7265 11068 109246 107708
5958 85164 2567 55873 10108 2566
5959 26830 96198 43209
5960 52784 39385 53801 36078 5581 56616
5961 39739 6578 87328 67873
5962 22003 30822 101074 27835 3839 108511 64316 84430 24823 85059 95842
5963 38534 87402 1881 93085 74802 12858 38534
5964 88588 41428 89030 93720 23697 28272 66234
5965 85452 27212 722 46847 65403 52767 92176 88029 33363 92177 55985 30578 2459 11381 54064 721 79686
5966 90153 44277 107006
5967 21815 47266 8882 13526
5968 20837 89966 2246 73242 102039 102171 102172 102200 110170
5969 97141 307 10095
5970 56517 84864 10105 6305 52908
5971 14304 85841 14234 43649
5972 2971 88202 94179 105546
5973 72665 7002 105768
5974 48341 53674 16818 45996 7244 109094 52898
5975 70051 3667 76810
5976 65414 72572 33821 45786
5977 50374 23957 66044
5978 15759 87812 19478
5979 81658 59700 5946 22463 81713 12921 23776
5980 100387 34350 58223
5981 6236 54634 67546 9878
5982 24235 68479 13333
5983 4302 603 90112 83000
5984 68248 80559 95315 230 95376 962 68394 40403
5985 10862 50293 49906 13083 34333 82462 18272 44093 6689 104314
5986 8035 42089 319
5987 7002 14402 61355
5988 72270 84515 38132 91483 70761 41011
5989 99775 10065 14740 10717 105530 105589
5990 23723 5509 21564
5991 22003 17141 76921 81695 84265
5992 80369 53128 87351
5993 85100 24151 12748
5994 93620 30939 20166 100294 23079
5995 60985 66443 93312 31044
5996 52435 4318 71830 90973 67877
5997 103379 103380 103405
5998 84073 84080 24709 15879 87021
5999 23341 56016 38799 106362
6000 26821 13508 97122 4293 69769
6001 52920 92216 92233 92234 32499 10738 13303 3322 84051 60993 10895
6002 83845 75246 46908
6003 10253 25385 11041 29855
6004 4007 9070 9135 71273 32232 93135 11885 81886 4780 8052 4007 13130 1330
6005 83375 69277 107431 112000 46127 13754 53794
6006 85216 85217 85222
6007 9969 11947 20131
6008 86022 11130 74786 5861 81044
6009 5670 52615 41486 106375
6010 61401 43820 43820 88304
6011 86558 5216 21760 89510 16422
6012 7295 16354 88675 89618 52435 9070
6013 23963 34626 91186
6014 16231 88203 71472
6015 7636 73148 106777
6016 3805 478 108698 93073
6017 91611 56520 36071 24876
6018 93378 1633 34302
6019 33123 11439 230
6020 66561 73830 100941
6021 71592 11129 24143 96754
6022 918 42695 71830
6023 1225 83718 83735 83736 83737
6024 52405 83848 92694
6025 19105 43418 43662
6026 88978 38860 111108 111557
6027 16954 50324 106155 15047
6028 86887 18342 105597 105598
6029 76243 2603 85170 85187 84786 85223
6030 29522 17956 24269
6031 32809 93792 105337 20356 84716
6032 45525 93558 51032 19248
6033 33281 28894 64800 96969 27259 81834 7715
6034 72270 72011 4536
6035 77284 23985 40907 77209 92992 81623 99203 103083 72745 110060 110061
6036 78606 51050 16568
6037 95014 97636 24180
6038 2428 42143 22535 68546 1603
6039 34682 4583 1656
6040 62448 25409 101534 49381 83337 43817
6041 17430 31914 17441 76115 11017
6042 71536 5736 47222 67546
6043 95968 95969 96019 96099 20196
6044 62978 107551 85254
6045 85553 85554 76270
6046 102012 59848 100465
6047 6822 55497 48660 88635 18953
6048 7002 95772 4318 2181
6049 22782 91901 65140
6050 85013 3494 25306
6051 18920 14503 6462
6052 28135 107445 61242 110919 18524 110920
6053 2070 2081 93962
6054 83320 7539 70858
6055 98906 102792 104223 2253 32900 13976 30012 112108
6056 92664 92665 80990 44497 30053 78451 107377 79843 24354 55242 97010 9948 3332 109587 50384 87460 48080
6057 12263 38597 8870 97341 16847 41221 22041 70909 45239 67877 731 679 89798 52081 35908 93234 109401 109055 39978
6058 31053 3660 7477
6059 14041 94248 6108
6060 88372 73912 10710 69310 8052 41100 14255 18116 94012 62404 69434
6061 55463 15186 4695 65000
6062 88184 39964 10009 19137 20839
6063 3972 77322 85894 15348 89318 32352 10492 60693 35314 86535 8046 3839 110774 32294 20039
6064 51037 84563 67424 30628 41783
6065 96389 98366 106664
6066 41367 5012 95807 76272 32390 31297 13055 7277 107068
6067 28461 27082 94137
6068 2183 40182 75 61242 94222 94239 94314 102301
6069 679 15067 16109
6070 73553 9358 106
6071 27889 576 43203 14508 22045 5214 60200 14128 105959
6072 96966 17324 104458 5781
6073 35436 103465 92084 109965
6074 87865 99666 3466 6976
6075 13228 7323 3734 5295
6076 12263 13036 279 26165 100604 34892 46360 3293 35391 112187
6077 41905 62181 1617
6078 87383 109318 59447 109330 73277 109556
6079 1523 34616 14365
6080 67411 86125 72264 4536
6081 98876 70394 106924
6082 10608 95795 35323 7295
6083 86340 12118 10014
6084 83801 85508 85516 40969 78779 13709 76090 79280 87640 87648 16003 32361 106215 81191 105654 37304
6085 9664 90851 79644 103107 10500
6086 14810 20376 98905
6087 83010 33910 60392
6088 21472 17125 89873 6052 44867 101895 37829
6089 2848 94482 94483
6090 84636 2900 61923 84667 86579 100763 27190
6091 61811 3068 74215
6092 83380 94966 81870 87606 29355 40682 108883 23867 73482
6093 22884 13779 68581 8330
6094 84377 95870 21732
6095 87589 22191 8014
6096 676 75 5905
6097 15665 62684 2246 27129
6098 6479 4251 14400 15533
6099 34406 61653 4246 78760 100067 14902 64368
6100 83018 85370 67664 26571
6101 6567 7302 3883
6102 79112 19828 85144 47703 56847 50355 860
6103 18065 92334 41984
6104 84299 84757 61755 96958 90244 14128 97348 11138
6105 13195 1306 11477
6106 83594 36355 19537
6107 81738 10430 35472
6108 993 13441 27737 87129 11411 23685 15935
6109 10709 1564 17184 26165 106589 908 107018 67619 56712 96844 10906
6110 92105 33158 93726 103833 95467 7521
6111 97081 97082 39753
6112 19924 20170 46290
6113 104123 31894 41449
6114 107755 106095 65858
6115 62443 108189 108190 108752
6116 861 11640 80158 87214 35611 26019
6117 48641 99255 84145 14440 80244
6118 88096 2567 95805
6119 15920 9838 93229 76006
6120 37571 47977 41013
6121 52435 92648 6363
6122 91881 14522 30358
6123 97212 103959 30669 104176
6124 83235 32073 70733 83545 603 4302 89947 3929
6125 86142 13171 30767
6126 87097 580 5839
6127 4318 1785 83876 67579 83877
6128 1996 6928 92779 2969 21916 66357 61752 2103
6129 14184 18702 86727
6130 17775 99524 106013
6131 33489 87206 3368 53391 79597
6132 40403 85641 56204
6133 54768 4639 165
6134 14895 110196 85808
6135 82946 4947 279 3908 1165
6136 35876 49533 18962 101945
6137 41855 101224 40481
6138 100872 23903 41383
6139 31665 90862 488 41126 90887 1769 24876 68823 90887 9293 97426 9721
6140 67175 96894 73067 98295 102426 102427 65307
6141 36716 87351 31297 69769 10244 105045 107134
6142 90616 60367 84893 4758 107542 91442
6143 15799 9196 230
6144 1368 90199 22876 90738 16186 40076 102351 76270 102377 20152 17670
6145 42757 63319 86652 14949 97925 7307 21979 15391 67546 36360 7099 107924
6146 10672 87080 108359
6147 13684 98071 4758 39076
6148 99988 6845 24100 105763 786 6572 56396 46552 14810
6149 6732 101350 319 104634 104635 25507 37295 29554
6150 4212 12207 56054
6151 1018 14690 8738
6152 8492 9060 58660
6153 26853 87268 85067
6154 93243 25076 13780
6155 57651 51084 26264
6156 89 105001 106048 60022
6157 84000 7172 4969 55718
6158 14178 40462 93111 55787 78983
6159 15000 83576 92261 55968 74494 46729 2536
6160 4165 99389 50176 99413 72527
6161 6543 86303 76307 87531 95800 57942 100934 1297 62534 57367 1471 110968 27077 20043 34417
6162 93657 85475 78637 7336
6163 59940 55118 83621 59848 825
6164 19719 48178 93020 33115
6165 18955 82126 4652
6166 13249 13555 34727
6167 28357 98062 98077 98149 1539 109129 109375
6168 39433 3515 16109 11080 38703 98538 44051 53071 80450 71953 28124
6169 82660 3960 101667 101804 58699 101805 101960
6170 87620 56622 4896 79763 8014 63517 15149 87923 63036 11282 88438 95291 96537 18488 3162 4970 82996 105417 108929 88977
6171 9871 918 50910 93033 31478 38957 41060 3842 95516 7970 17350 54687 15000 26029 99691 18515 11767 111220
6172 1337 16018 20166
6173 3897 6148 93491 73304 3494 1006 26665 83411 61689 103599 104122 108314 110566 92881
6174 5869 61257 95975 97334
6175 5700 9705 61242 71633 21467
6176 101264 101265 101417 2154 101653
6177 55985 67619 32540
6178 80373 40622 3919 35926
6179 10040 99973 10475 110702
6180 34861 50004 111324
6181 19367 84599 9467 98608 39810
6182 105943 105758 13542
6183 83667 83668 83686 40463 33908 83668 95481 71524 90576 15843 83667 99151 66815 68903 78 15667 106564 44886 107386 107387 108473 109325 24999 2314
6184 307 106684 15019
6185 51843 4145 99769 43602 15000 58810 99818
6186 46301 67619 93386
6187 38889 81300 20419 70868 6758 58644 2949
6188 39993 40121 89869 108114
6189 98719 50291 51741
6190 6902 45016 111646
6191 33995 2181 57132 93271 93383 48855
6192 86905 32889 93754 95587 80752 6103 105248 82082
6193 100650 100651 103522 82396 103598 105568 105569 105655 106066 106286 106287 98295 108471
6194 88889 93784 95025
6195 42064 100647 58580
6196 92318 31495 110254 110802
6197 25641 4513 95713 98892
6198 56011 92179 92222 89955 106791 7685
6199 90044 106311 3630
6200 405 93453 89001 95767
6201 93123 1585 307 3637 76478
6202 26687 11162 105245 79621
6203 60166 88113 10116 95880
6204 62001 91017 44495
6205 45771 3842 8116
6206 43292 89058 62680 90275 90276 90288 54565 90310 58882 43292 8033 79466 11122 105157
6207 1975 86669 10359 3317 859 101644 74698 105082 17502 11049
6208 29446 8127 80259 22233 45920 41036 785 6147 94642 67804 3220 44674 58675 4969 64668 4046 65535 19356 108571 61228 14673
6209 105990 41146 8154
6210 2256 53062 89839 68673
6211 77322 1397 78175 18823 5424
6212 29870 30029 85046
6213 86206 91455 827 36184 98997 76751 2992 29334 105204 22426 58333 106577 4086
6214 76307 46105 67319 50610
6215 6965 107431 87336
6216 307 8389 103337 83726
6217 36920 13159 14393 451 7144
6218 87281 87282 91766
6219 21414 87706 67442 78521
6220 46826 83415 26589 67877
6221 13030 103201 84304 5333 33347
6222 49244 83834 39720 85354 93253 10918 8162 1115
6223 72011 92374 1383 14053
6224 7755 92618 43619 92619 92659 6105 2736 59896 99164 41696 34816
6225 1655 3667 110288
6226 83422 4846 1846 48506 26215 4318 21701 68276 3839 54768 2822 111389 87344
6227 3516 21130 45239 307 67877 51723
6228 4304 104149 85573
6229 80415 59916 96617
6230 1000 79783 2470 25477 7336 106021
6231 14255 53865 26269
6232 83540 83541 3864 29284 85844 89448 51738 94035
6233 19794 100592 11686 15880 100784 22498 47863 11176 29914 11178 103299 61905 29915 61891 51493 70427
6234 12062 576 10975 28624
6235 22386 6971 102277 26364 61242 5399
6236 13883 106329 50892
6237 5991 11282 33662 18263
6238 990 90636 104698
6239 56011 84554 25711 78457
6240 8771 27090 2928 4823 81834
6241 86211 86325 91108 63087 26161 60381 22529
6242 73353 7905 36155 20686 34333 38903 86742 120 86834 40306 86844
6243 68761 92558 62578 33362 79801 5070 45771 4528
6244 51756 95475 91901
6245 11212 75403 1366 83408 93050 101104
6246 7643 81677 36524 34792 78095 103863 111107
6247 85738 4970 7636 24065 20476
6248 91015 72678 109134
6249 997 11226 95951
6250 26400 3842 4027 4946 34856
6251 52287 9665 7103
6252 1225 28125 30425 9447 105246 31086 101035
6253 52916 91756 4663 72423 59752 13643 79495 49717 106217
6254 52434 67835 77887 6167
6255 84504 87743 91593 95612 18235 5849
6256 97509 14040 107167 108800
6257 79505 38976 18911
6258 77800 18454 98766 98767 49918
6259 34760 19422 42796 84119 32586 9403 17153 108633
6260 3362 44687 2808 91626 4642 67411 7907 6369 42034 55712 55047 103489 105749 5922
6261 22327 78158 4809
6262 44089 89579 11244 96008 65760
6263 12117 16903 11996
6264 30 83012 75 68228 319 89153
6265 83956 84356 95528 15642 19347
6266 96539 19424 108716 576
6267 86679 103766 33497 69620 110643 4482 75052 40749
6268 59967 94295 55822 83728 6948 102037 23219 103192
6269 111616 355 97920 111698
6270 97910 2800 55207
6271 106746 36189 2787
6272 68706 19776 10462 93217 60447 94235 97916 92636 51941 72702 1912 107017 109975
6273 91306 91307 104273 107514
6274 3710 13682 11267 31568 5416 22058 85067 27910 108623 2259 72180 18041
6275 53443 84996 35343 12140 56785 93035 53210 84714 7190 93151 20083 93301 93850 93851 68518 13993 25710
6276 23844 23481 45016 41700 19640 14647
6277 85640 41241 2620 46691
6278 55181 28050 28056 25735 79415 1715
6279 993 84947 56204 94582
6280 20699 31431 84828 40651 7130 24168 20104 75353 1010 69971 26321 29002 57788 13555 3832 44534 72898 39316 56714 26018 14402
6281 15788 13133 1225
6282 46858 101204 105880 106570 106710 5711 106733
6283 37022 84322 1225 4032 17734
6284 14447 32915 15885
6285 59967 25992 97197 36935
6286 86657 92291 1297
6287 16493 16465 79441
6288 21685 84469 5859 20345
6289 29807 458 10949 96853 87813 103489
6290 4443 71472 28703
6291 90166 74896 90370
6292 102830 98123 30535
6293 26228 89230 80904 3362 53353 1251 926 2817 57243 21875
6294 85713 3501 19381 15650 23494
6295 93830 100778 101745 102250
6296 15788 13893 16798
6297 92930 6681 95816 18118
6298 96406 66231 85674 3960
6299 5251 11321 79622
6300 68326 34417 93286 14051 76139
6301 30681 34727 81834 106362 11997 108432
6302 1462 59402 102535
6303 89714 41499 82349
6304 92900 13226 28900
6305 24279 84563 2557
6306 73308 69550 24463 1764 102106 17061
6307 41999 67076 75370
6308 67847 76061 4318 98450 82800 319
6309 87120 87259 3551 41379 101671 57624 106197 46164 36685
6310 61383 94295 1376 91913 38778
6311 7938 83662 23899 86192 91793 76626 13080 9691 85085 93473 93474 65180 98159
6312 77615 58266 111682
6313 28932 9871 87304
6314 43810 27776 3695 30346 16917
6315 10934 18999 15486 1125 110082
6316 5840 87343 96057 87603
6317 67220 92693 8130
6318 88488 67877 96667 97031 45154 100773 100774 106484 16677
6319 91821 10707 34425 105424
6320 74590 98502 99722 47177
6321 1337 86635 7576 3673
6322 87250 84022 93208 42746
6323 60890 19079 106495 14767
6324 83394 10607 84281 93302 104614 29265
6325 83987 75843 9688 97103 5463 69591 102692 46350
6326 33777 30969 10379
6327 93749 307 761
6328 45429 3486 85751
6329 14217 39754 38298 24823
6330 52794 230 15407 40403 9127
6331 10525 57362 87697 37417 39294 90859 106306
6332 69901 97962 97963 87456
6333 83460 41732 56239 102728 105770 25259 7601 43326
6334 59100 68581 82987 434 1892 86231 87019 87063 24823 11374 73482 23088 105146 76272 105657
6335 88245 277 19865 22736
6336 59988 11806 29394 16893 5849
6337 56204 68403 15046
6338 75966 107117 107118
6339 72077 1306 62071 92768 48567 54469 97635 48817 1207 33054 1633 5 3317
6340 7755 95055 19069 28356
6341 88398 88399 97354 107987
6342 4367 99835 35867 105510
6343 4400 99827 99828 100958 100959 100980 101026
6344 72277 4970 72086
6345 28126 108835 45515
6346 4615 92907 95790 102682 107330 8673 18488
6347 93963 106682 518
6348 95703 100352 78883
6349 44867 86482 86483 73335
6350 60021 96905 97720 57579 103823 35309 97720 57579 73214
6351 11411 72155 6287
6352 39563 41758 59723 12022 8352 4949 25575
6353 86631 88133 98159
6354 86604 71259 86710
6355 12196 28987 16204 81647 25490
6356 24841 77408 103770 80784 104103 106663 106672 15526
6357 14753 25252 75594 44502 99021 16296 63775
6358 69907 49942 16869 95976 78538 31565 107046
6359 77355 29125 9622
6360 26358 106365 106738
6361 93410 94412 94414
6362 33926 6948 21957 190 42644 21877 85611 230 76098 30516 24560 104687 89309 6827 6595 13292 1722
6363 86135 3547 13045 2820 100702 93114
6364 5922 86287 84466 50593
6365 91443 88067 109068
6366 16864 2245 2224
6367 87377 87703 38690
6368 33786 48507 57958 50966 13207 109530
6369 7239 98439 5214 6964 103546 14487 10393
6370 44996 30000 9438 91511
6371 86301 86302 19582
6372 87609 92513 24977 87609
6373 4539 7073 26854 3486 87499 105741 80835 15316 26821 15529
6374 44230 18323 7980
6375 72976 58523 68665 95319 30077 230 104403 18933 15206 22046
6376 56204 93378 70864 36782 39978 72012
6377 13223 90850 93231 11478 96869 96870
6378 87238 92306 6863 7794 96322 15345 3494 106269 24230 11403
6379 73470 6118 101520
6380 87957 87958 77105 94496 94497 76698 59095 103352 29898 11482 104189 24598 110408 7935 110807 85314 100916
6381 48087 72633 88918 101322 782 41646 101323
6382 26243 30476 112069
6383 25631 33913 102941
6384 44853 101056 101057 90876
6385 56620 79322 3432 44802 25265 108631 103107 70156
6386 26321 7979 55181 30345
6387 87950 87951 6341 104425 106314
6388 10258 19342 3267 35538 3831 85894 1602 19140 92808
6389 9140 83724 10434 90063
6390 36681 56204 9310 67580 104747
6391 28782 47400 93003 17835 39977 11505
6392 89500 65992 97525 104355 17474
6393 2666 95754 87040 40365 71355 99230 64733 107200 107216
6394 10420 27157 13107
6395 29518 30767 11403 85771 98247 77588
6396 35002 1564 98450 96885 5046 26549
6397 95588 92489 8362 103506 68298
6398 11909 9217 4998 22898 102405
6399 66383 60514 110108
6400 83028 2678 100278 19703
6401 2276 86745 56910 94926
6402 87983 26358 717 103916 62045 27598 109405 106112 36080
6403 15316 42143 2993 1564 45771
6404 60615 34778 107764
6405 3068 18524 13094
6406 61938 95985 2008 21799
6407 8734 53448 96523 100671
6408 84053 7011 79273 43960 51355 4302 52435
6409 9126 5828 52555 13385 92815 2312 71099 19241 3485 32990 14778 100649
6410 307 96741 85641 56011
6411 7955 6434 12610
6412 11400 95381 76867
6413 88296 64 80540 88133
6414 58969 1548 43767
6415 44540 37868 62893 107586
6416 19538 50695 14893
6417 34155 99115 99116
6418 85561 26272 1920 10719 1287 47243 104421 45377 1019 45771 1722
6419 8912 67877 4249 13014 61335 23822
6420 85664 71801 33002 34741 99286 47339
6421 15526 69948 15526 83799 23543
6422 88524 29870 44935
6423 45239 5424 38004 72665 88460 711 9834 37770 7193 39978 83726
6424 18588 90833 45523
6425 95579 47913 98102 98119 98138 98139 98339 96421 42190 99081 99239 46402 99240 99265 99293 99302 38353 10607 27982
6426 5922 86628 58300
6427 92983 72356 102471 24221
6428 14503 11737 104106 81644 2882
6429 4104 2790 40466 56054 108972 46290
6430 711 27990 39978 4657 89798 93981 56054 319
6431 17720 2697 4302 53391
6432 48724 67495 96435 104203 92990 108658
6433 47310 84231 85566 36950 24014 15994 674 92489 97118 94839 69779 102653 105080 58678 106902
6434 85723 58660 8492
6435 11586 94445 99331 26825
6436 93700 93713 108987 37495
6437 15170 110385 57911 110386 54041 107068 98289
6438 87691 906 96251
6439 18035 111520 13644 112215
6440 21490 25491 11593 103431 21951 33342 7073 7302
6441 17978 76182 71472 106422 44867 52319
6442 56011 16496 83688 11580
6443 83264 32521 61742 62120 34070 86829 86830 91553 91554 95221 11603 100012 103468 103469 65002 25327 106872 78740
6444 56517 85962 71882 106578 96742 30148
6445 39069 278 85010
6446 45024 91405 23973 73482
6447 10975 98553 5612 9679 56183
6448 45987 78349 84626 48844 96507 96545 76145
6449 13302 11481 94786
6450 68784 74188 48574 55609 111492 60745
6451 12329 90330 90346 876 7144 23697 1633 108419
6452 71707 10302 14470 56756 46729 67510
6453 93445 23079 67198 30665
6454 4392 12341 22041 7601
6455 993 24439 57104
6456 62001 100317 100381 82168 98504 12904 59341 18819 33725 2438 3551 88869 6571
6457 42814 92174 14530 28433 28697
6458 25869 84107 84614 84615 19020 75691 30548 91473 106005 111873 75691 19020
6459 7615 96339 107786
6460 97068 12022 34298 102373 102374 23464
6461 88960 71472 4374 47284 43817 85882
6462 84236 77648 101786
6463 100488 17789 100589
6464 93586 77498 92328 93659 77498 109858 32217
6465 58620 28771 94868 103850
6466 65426 58838 31054 17735
6467 17803 86558 57423 1564
6468 93431 20482 59450 106718 75314
6469 101004 43609 1214
6470 104180 105929 105930 3203
6471 1633 55410 46137 105358 69591 109798 109809 64863
6472 107599 105758 72155 9350
6473 46643 5496 4505
6474 32041 43370 4302
6475 105674 105675 64975 107938 27695 96303 45190 16366 103832 60487 3782 27778
6476 319 2833 71273 11611
6477 83106 86772 75056
6478 84404 37487 86958
6479 11950 85085 15293 17385 86763 12123 34548
6480 6758 3557 16378 88114 30195 28892 110052
6481 59811 47 67427 45771 1564 110253
6482 85108 85133 85201 66557 98425 92622
6483 5424 84630 1287 5844
6484 2866 84441 106619 112178
6485 11719 376 64624 98618
6486 86616 18047 8222 86944 87075 87109 89199 3196 5253 16712 61388 6128 59700 29522 23757 99383 10648 100037 80631 80230 104287 26515 23087 11473 85486 99088
6487 83337 18688 1548 7392 27458 11425
6488 9190 85945 2810 28017
6489 59795 8361 26867
6490 83899 99189 31214 107188
6491 86505 3162 22457 46858
6492 71355 57733 91754
6493 103206 105329 111938 42284 51090
6494 84307 95812 48855 18320 37038
6495 40244 14870 87831
6496 102917 61215 95115
6497 14477 25825 3195 49124 94531 94532 27578 95837 95838 26197 99616 85306 14151 60967 10000 104012 31911 109367 36781 109398 99616
6498 66624 13485 105890 74784
6499 85919 86094 86095 94502 98498 16380 22111 25800 6970
6500 89148 15980 2107 62651
6501 27616 7970 104880
6502 3162 62404 72898 31192 576
6503 83293 62415 19525 83136
6504 51206 40024 59811 13183 63632
6505 11763 5527 98521
6506 56011 98098 3436 71355 105078 105758 68579 98846
6507 86910 10 100637 104830 104831
6508 11049 7905 6038 22650 2081
6509 27775 95913 52899 2854
6510 6410 35894 83945 53201 2893 4771 83983 84013 9679 22081 83800 31403 6971 7764
6511 93820 5069 105254 63507 76531
6512 42179 13161 307
6513 90187 100677 108645
6514 48660 100598 109350
6515 13363 9567 71881 3582 51178
6516 25542 98406 98416 111559 110441
6517 60704 79943 55354 110664 110665 28537
6518 52664 21718 4651 45398 86180 73709 45050 10038 98770 98771 104464
6519 68533 34846 62216 13413 111210
6520 82124 7340 85058 14440 43368 1154 19764 70483 43602 9523 85058 96325 71027 88539 3278 1785 44337 8350 772 96325 19865 101461 55156 16770 13771 65721 87040 18895 65721 10247 8896 20729 21138 104780 10247 16991 23902 103489 20609 13247 111819 13377 1019
6521 5844 45771 91660
6522 87229 92206 21527 83917 99962
6523 1480 12476 21669
6524 83177 101633 111069
6525 92342 30424 92376 111225
6526 10078 16796 90938 97396 7486 17677 61242 80243
6527 83007 47483 66161
6528 104124 104125 104163
6529 44919 88001 2908 100866
6530 7002 4780 18953
6531 72300 15480 2471 83987
6532 17514 31446 16855 15944 88716 88717 1388 80516 43220 31328 88827 83802 88828 93406 50610 100159 8135 77763 111015 20166
6533 64707 14780 25294 87514 109087 15969
6534 30665 29090 93553 45690
6535 91934 81322 93126 35419 65983 83204 8077 108163
6536 63957 5980 37665 8799 38668 5754 8177 2464 2536 105221 105232 45190 38692
6537 85795 41050 60574 87593 7907 68389 37833
6538 10911 10913 15478
6539 85198 16088 12778 56094 177
6540 95986 78418 31719
6541 11969 1974 111447
6542 89527 84630 488
6543 13424 105718 61319
6544 70978 50225 14393 89537 7244 41367 30247 105230 45612 106378 9328 78308 5811 75294
6545 83428 94124 98097 99019 34230 18405
6546 6383 11832 61313 84756 34191 40403 59723 46979 27217 85797 6383 5292 95585 48828 13775 67877 14619 105181 5601 11997 29522 16707
6547 7031 89823 43649 26283 25538 12771 31373
6548 15152 5761 25507 105139 103488 105140
6549 2800 44119 98682 1719 7891 14932 2690
6550 97348 84630 33570
6551 93777 97348 17084 76762 74163
6552 9943 46899 39978 56011 68579 4104
6553 2517 100970 45277 7035
6554 14420 9622 50310
6555 66630 12518 85766 85767 490 13903 98614 359 100902 71143 100903 105421 17956 105661 88045 34881 108631
6556 89839 92180 53698 99088 53026
6557 1975 11283 15480 1655
6558 91533 91877 16524 21333 67462 21332
6559 8955 22998 7643 44540 16555 5859 33990
6560 307 56449 94682 71355 44809
6561 18824 4612 307 7257
6562 11810 108086 96819
6563 11907 4104 64931 88243 83726 45409 56204 41595 22041
6564 23486 11866 13995 105637
6565 926 14640 22719 19670 105086 63657 75400 94631 67740
6566 21404 48896 13981 93339 16204 100121
6567 62045 6399 69949 10801 73735 8443 8605 105326 7218
6568 5871 23697 31324 88847 29773 57472 1749 31282 96296
6569 88133 36340 95272 83840 13091
6570 21774 90129 15887 11906
6571 14769 42316 96605 28453 110078
6572 57862 72845 67877
6573 3380 83644 21837 2459 13041 52761 105487 83644
6574 32414 84630 926
6575 57416 23136 10294
6576 34866 1860 111732
6577 2428 12388 78663 67095 15711 28181 44230 53237 772 68546
6578 88855 9209 65636 9807 58515 13332 95748 21472 97301 47730 25436 65636 85455 49380 4494 89199 109954 109981 20738 110759 6973 100680 22180 14701 35064 112012 87633 10875 112279 5504
6579 71196 84923 85497 37397 55698 100814 34816 101516 17499 24302 94151 50150
6580 93707 93753 96426 55726 97676 2455 97677 97678 97679 49121 97760 97795 518 105003 105004 105075 106540 50965
6581 83180 87167 10766 107156
6582 2322 43817 307 23684
6583 11891 85414 85481 26069 51843 87242 104306
6584 79660 36794 64197
6585 89668 84976 110774
6586 101659 102165 102176
6587 32294 17334 11520
6588 39441 68895 5121 16826 108069 104597
6589 3499 3114 35361 31284 74393 35529 99846 91903 106700 46485
6590 98312 105612 19849 80934
6591 56715 22829 1531 96822 45082
6592 518 23367 12832
6593 43170 126 48141 2828 65572 49922
6594 2115 67645 221 31420 105257
6595 105733 107274 70491
6596 79280 19676 91230 64919 104694
6597 15561 10064 65149 8347 17328
6598 59558 80631 34727 83987 55042
6599 16897 70781 108349
6600 11926 33860 35370 87376 20673
6601 9688 10987 78822 14022 33054
6602 94379 92556 27689 108581 57620 109268 3634 109292 109293 100782 110491 110534
6603 33750 90533 90534 33179
6604 3081 57574 85085 84792
6605 91979 11199 91979
6606 14405 4101 4265 11940 6699
6607 97641 43441 10975
6608 4539 20166 31857
6609 7956 88122 6052 55137
6610 87772 36078 2928
6611 56204 80349 89798
6612 1071 15787 18127 2243 77095
6613 44244 56389 106391
6614 9478 1141 19640 18784 3575
6615 39957 15278 307 52339 39818
6616 13616 43810 307 42209 2666 85066
6617 83295 66739 77397
6618 14231 90888 88673 45612
6619 3055 13799 33715 7898
6620 61967 56735 68540 910 108656 84630 34653
6621 30 41120 49954 85992 11254 102125
6622 83070 69292 57087 100316 101305
6623 8400 83588 44588
6624 82997 82998 31573 1526 27144 69953 95202 90252 95607 1035
6625 9027 33487 11900 24665
6626 7692 68403 46290
6627 83482 6613 78028
6628 18256 85484 75779 87765 31559 85484 81615 5118 73482 41385 44736 110259 61447 22419 110903
6629 3068 94943 13830
6630 89353 73931 39317 1256 16178 98682 55497 97426 11404
6631 41659 89273 106204 106205
6632 97777 95286 98715
6633 4412 27692 1737 98243 73139
6634 84130 30149 93369
6635 80661 100091 109555
6636 14264 72869 107434 1722
6637 30243 89252 91857 14176 9463 104142 40434 48924 104325 19629
6638 10150 21167 52356
6639 93693 58228 107601 109434 88951
6640 35728 15104 11556 85556 52203
6641 89787 18368 60059
6642 67835 1722 6732 108729 50262
6643 12260 85316 85341
6644 4896 73337 85110
6645 9467 61242 521 15647 97615 39380 1496 35025 4969 97671 97672 16465 838
6646 94840 13965 70349 27990
6647 418 25774 89455
6648 11371 18438 26719
6649 12915 64919 43183 1203
6650 5229 93606 14560 816 105401 14619 54469 108257 24876 40256 49383
6651 87414 103269 4069
6652 7715 11129 67877
6653 52615 31363 76392
6654 103967 96630 32834 1772
6655 42701 12041 65907
6656 1368 279 39433 26228 9901 16542 90252 4639 95711 94291 7592
6657 4642 88407 42868 28012 8900 40434
6658 95925 8376 43547 7817 51754 22006
6659 87426 90490 4032 9003
6660 41097 84679 43769 87357 88221 10079 88259 102656 89908 62981 62981 108055 82901
6661 102994 103023 74463 1994
6662 66158 84751 11594 1297 1207
6663 91479 7146 104430
6664 94178 96633 105358
6665 62033 94893 2107 64279 31247 97591
6666 10708 32309 14115 45344 82012
6667 93720 20100 5483 28085 47187 78521 15062 109050
6668 90974 90252 4755 43157
6669 104565 104566 69544 453 4983 5201 56928 98450 6397
6670 307 11216 8077
6671 5693 21541 96348
6672 54318 89842 18544 26770 41286 90615
6673 89144 89145 97859
6674 89132 285 41178 111024 366 52435 2634 55985
6675 7099 10281 102700 36078 15176
6676 85615 60008 27334
6677 19217 44518 1563 44230 56204 103160 1781 105595 24006
6678 84726 33009 18635 93294 87932
6679 92703 1691 103989 49181
6680 58056 102231 59116
6681 71598 51765 5237 3934
6682 83409 5396 8917 14401
6683 83711 20360 44859
6684 91392 7589 23863 6445 93277 27705
6685 84889 442 22013 28506 28027
6686 83298 56735 4970
6687 75404 59441 12588 9894 30093
6688 93497 83987 12771 25489 24972 10621
6689 93176 8128 93298
6690 10459 49863 110293
6691 41126 5995 104250 42089 10370 5452
6692 7952 34316 20533
6693 84180 86364 4033 54339 92490 92505 95215 95216 95304 52759 52521 68752 103982 84651 52521 21846 30050 86364
6694 82460 32399 12113
6695 451 61781 39262
6696 92015 52921 6940 54943
6697 22352 43126 101640
6698 88683 88758 43778 46220 35681 89337 2491 13508 5440 4047
6699 56204 31322 3560 307 9856
6700 60014 28005 66050 13768 110461 36011 14090 78481
6701 103485 72541 46722
6702 4061 101151 65024 106501
6703 3623 35486 4719 60656 107063 32634
6704 86841 16606 35153 87729 93278
6705 90754 1961 98582
6706 12864 1846 1466 72155 1548 11503 8192 20979
6707 5811 32073 5214 77329 30635 39433
6708 92573 11848 64657 32667
6709 84630 3820 100148
6710 83209 81985 19616 849 25525
6711 95207 97026 91901
6712 92043 10356 70140 105334
6713 42179 83453 4773
6714 26830 49240 12166 1523
6715 46421 6171 30727
6716 90261 44822 67877 6383 4104 71910 19342
6717 86450 4388 81694 70445 108804
6718 17393 85273 95391
6719 97206 97953 78812 87468 91477
6720 31238 40182 51504 23079 72012 21668 19982 7778 54468 86913 25060 106970 21668 23079 108737 11672
6721 6697 54901 12175 2872 55173 79929 55142 24735 34816 56554 12677 32645 92719 92720 912 9025 46755 60985 73252 37614 94338 14082 106561 46755 30530 10454 107612 37614 79884 3483 51178
6722 5859 693 110344 918
6723 98216 98217 7605 98437
6724 99895 72438 105484 19820
6725 87058 87076 69411 2419 95947 98627 76553 94995 17812 62870 33808 46315 104949 107548 20787 55882 23742 35390 8627 39461
6726 16798 22583 2276
6727 22515 12364 16555 50333 104427 25915 34682 50333 49146
6728 92672 93936 78414 100366 100400 37692
6729 4809 16891 9705 34718
6730 78201 45499 8328 16593
6731 55789 9491 18388 7130
6732 6642 4318 78421 99912 86459 94292 101421 101423 79371 1061 61817 11801 108678
6733 92858 47779 80099
6734 10335 35538 7130 87582 63036 19140 564 67877 10335 14753
6735 85525 105979 45574 106285
6736 22514 4340 12691 1496
6737 92111 96731 99041
6738 24645 9883 62956 335
6739 28841 10913 29034 97306 23575 97330 97335
6740 38869 61950 60355
6741 12207 56278 109055 319 10629
6742 78017 62315 50593
6743 18971 49122 6864
6744 2949 21731 8481 3991 66778 98624 80372 44982 106500 107475 109184
6745 12211 25262 99762
6746 90442 23198 12212
6747 27179 3278 58300
6748 31259 7175 54763 7175 37259 24467 83431 22937 64389 13806 110710
6749 12217 75467 43499 104347
6750 97134 63596 61281
6751 3958 97757 109604
6752 48635 34949 5859
6753 89145 104705 104706 14090 107098 49052
6754 6670 91333 14180
6755 91932 9969 23079 105489
6756 16003 86328 10022
6757 39433 3914 92740 42143 54768 26868 199
6758 748 84800 45642 102211 58263 102212
6759 29390 6710 83127 83167 96969 45769 78 29657
6760 87807 20794 16204 88596 98583 3963 74029
6761 93646 101213 101214 105748
6762 72922 10956 7795
6763 93848 93914 99468 30052
6764 1256 13431 83987
6765 18588 53865 91695 91686
6766 87520 96155 60466 107346
6767 64080 106511 10115 52175 3560
6768 7190 89102 89103 89256 98905 54529 100751 5396 108524 6434
6769 12352 4825 106294 106295 108439 24980 64375
6770 16908 37295 18416 109978 3219
6771 27655 9025 16755 97343 11832 62981
6772 42316 92258 92316 92369 42765 53552 93032 29717 107333
6773 47402 10253 40514 4502 16995 31284 47402 17095 33136 20278
6774 98891 6589 104078 104079 104086 104087 104449
6775 85645 85646 24841 111090
6776 65600 56011 4372 12331 97343 88164 59700 72898
6777 1331 9855 46371 69682 78260
6778 36603 90300 23361 90320 41607 54971 785 59549 6200 36860 175 11263
6779 82049 76956 18651 89787 2192 22988 215 96395 67872 96489 4970
6780 52028 42918 5135 6035
6781 4970 84095 84337
6782 53576 319 11336
6783 95083 3538 1498
6784 10359 5612 19537 88264 88282
6785 12331 60811 2833 65750 29854 9350 6664 103365
6786 75366 46220 7585
6787 12192 104175 21869
6788 35370 16708 38437 24779
6789 14908 17048 85731 5396
6790 20374 21307 16106 47835
6791 56877 87105 63694
6792 73792 88418 49975 88419 88632 92013 92100 93725 66635 94559 94560 44322 99362 99375 98422 104190 66674 112256 112265
6793 84413 18707 84533 89580 91642 91735 91736 26601 100706
6794 54338 24740 41467 103169
6795 43192 69029 102780 8221 2277
6796 11569 97300 40185 19865 38851 335 99781
6797 52731 107648 56094 36776 5189 20879 41274 36080 10668 32645 35900 35354 2277
6798 81597 7848 52555 67877 30838
6799 18111 3515 94280 12848
6800 79693 2857 44025 106113 109144 33962 109150
6801 32416 94802 82557 41679 101145 71665 33132 106515 10148 76409 32860
6802 95805 96697 8824
6803 2020 2567 20999
6804 70945 83214 85110 6462 13907 44515 45841 99403 6621 6462 80549 67411
6805 86772 59987 95421 5085 33104 64651 101659
6806 26922 92655 10294 96885 16597
6807 99026 28232 75192 112027
6808 65403 81189 47728 13918
6809 87061 7938 85403
6810 96466 8485 40720
6811 39761 48844 32556 39761
6812 96301 96302 12314 110662
6813 18158 26267 86427 14453
6814 87565 86628 81393
6815 89635 81257 1207 4695 104141 112152 112167 81862 14755
6816 6449 3081 93433
6817 93489 93545 32654
6818 3831 22958 97531 91424
6819 49256 11478 11960 73756 30676
6820 5341 386 106035
6821 95876 105525 85858
6822 82947 5896 2314 8060 91426
6823 2243 72628 37809
6824 86303 5452 14220 84599 19011
6825 29189 94772 2320 37295 87040
6826 69591 26802 3908 12339 39433
6827 7363 15046 39978 6806 4212 12538 89798 27990 90097 39399
6828 65000 4572 1111 11465 96844 72011 772 6 14932 98269 110598 47085
6829 94420 71744 27095
6830 88029 88985 88987 71073
6831 88599 90036 36713 95344 95680 105812 111224 111362
6832 98644 60309 67427 39262 67109
6833 7164 105876 107458
6834 7277 67835 1297 27321 1199 72269 96471 32655 10250 72069 69949 72269 27321 106278
6835 1207 993 86125 18840 192 10884 109208 110387 108482
6836 10766 83068 35248 32192 82724
6837 4444 71322 17720
6838 85123 84469 53067
6839 56735 110825 43940
6840 97844 9478 95792
6841 10472 12364 92441 56198 26207 105216 105217 58513
6842 73250 22559 7370 47286 37845 100426 100427 103108 103109 103122 66975 93114 96395
6843 86610 16616 26106 93206 2043
6844 18280 31382 7444 99361
6845 27573 17332 6924 37375 15676 95927 66311 4176 40106 42179 5581 91969 25538 106112 105452 108081 94228 5235 4523 112171 112253
6846 9242 1531 67877 43683 108650 45239 29015
6847 27990 51542 94291
6848 111290 13221 52623
6849 3077 83478 2900 46459 17184 67519 10641 24719
6850 72505 41100 83838 81074 6940 41720 82847 10904 3317 72490 1289 98057
6851 53756 30645 104928
6852 87016 65195 33052
6853 88161 66063 108402 111149
6854 5424 88934 79960 91977 92070 307 230 24658 99015 5424 5728 18134 38235 89540 89798 11425 78652 14217 4835 107971 41215 74330
6855 56204 9350 78971 34888 55863
6856 74509 106626 95080
6857 86101 26584 94135 98955 37782 26584
6858 53659 90441 72333 104973 107120 70192 108328
6859 34460 95866 14613 9756 53953 9377 93649 51257 108344 110153 95234 101518 80242 108344 26648
6860 23505 45239 6410
6861 1471 10710 68761
6862 56379 88750 90781 55989 106426 106427 88750 108438
6863 9050 16753 25928 102010 49147
6864 1360 103048 13
6865 9039 85279 23344 107411
6866 98195 83519 106497 106505 106521 73025
6867 307 40403 67877
6868 5286 68007 54906
6869 67520 42054 35007 57075 38027 88231 37808 16146 64616 1706 104082 103107 16948 97468
6870 48314 53637 61176
6871 84917 46858 93284 97342 14834 93203
6872 4172 65884 92787 34816 103033
6873 63462 96379 9400 20931
6874 68581 14294 59069 59848
6875 12214 21034 33085 17381 14527 59948 16000 100557
6876 41716 94803 83987 49316 95659
6877 2536 51060 93648 66291
6878 9032 17908 101034
6879 4710 89236 7959 112262 112263
6880 35200 98357 98810
6881 1213 12153 49546 75929 784 283
6882 54962 11483 103936
6883 87674 51078 4016 3604 102949 103652
6884 46435 84031 93927
6885 90788 70455 108470
6886 57188 98482 98524 13015
6887 88579 56215 47393
6888 83418 21837 7528
6889 55 83948 91318
6890 91198 54288 22658
6891 23822 28841 6680
6892 72999 15788 1207
6893 69434 89686 89687 14088 94193 4729 97013 15656 106804 3805 19982 111180
6894 21589 63575 87155 25204 94636 23706 98836
6895 22738 67441 2281
6896 102557 40689 10548
6897 22884 25676 67356 27088
6898 7667 4441 23238 110087
6899 7300 82464 56019 28113
6900 11402 16975 25553
6901 30838 37741 279 1475 3162 87178 53865 1496 10532 84630 31669 23973 86285 80151 34727 103349 280 51122 30838
6902 64746 54768 105731 105732
6903 34308 44524 71776
6904 83157 11111 83158
6905 68472 6804 2259 69984 18455 33424 95158 834 65503 88948 12078 25575 6060 12280 28135
6906 56571 27034 108978 84095
6907 4444 1256 21167 8160 86473 62601 96115 71968 12102 12522 34727 84630 4444 784 48885 20760 99704 15573 9381 35736 5991
6908 74020 69038 10267
6909 20791 90786 4784 105177 10737 78961
6910 27673 84145 87515 4783 8255 96482 10258 5700
6911 84660 72622 3358 84943 44883 25115 9058 77727 16798 97631 38178 6797 104519 104520 44883 106077 106078 11586 9897 49104 94653
6912 69292 40358 2256 33992
6913 1297 28401 97089
6914 100131 52199 63061
6915 36655 29945 21534 14893
6916 11222 41390 53674
6917 74242 106737 27468
6918 105677 32653 13940 3291
6919 85150 71632 85151 20907 28695 46506 92387 23238 95663 103944 95734 78308
6920 152 97089 94656 105629 105630
6921 12408 40815 8161
6922 88947 89575 93102 57170 109856 65096
6923 29738 70834 107196
6924 7482 32636 94919
6925 83442 36372 35126 32216 37571 89304 40185 78064 96413 89304 41279 64943 34293 52767 32642 25563 103179 46308 108203 108247 108248
6926 23845 17152 26221 1016 39857 15573
6927 85353 86634 95026 107757 31684 107758 108009 108116 22269
6928 54205 65944 89115 89207 51920 95389 78997 101760 101771 101959
6929 86149 28488 20869 87917 96601
6930 98479 1033 81242 106410
6931 97868 99542 101697 2003 36861 104999 105039 20587
6932 12569 45229 97484
6933 89794 99766 87602
6934 83852 87197 93121 54899 50351 15319 111335
6935 37605 52216 109210
6936 20662 5967 100521
6937 7643 10084 15664
6938 25595 34142 74166 17184 14435 96161 3915 8191 42417 91660 106887 76334 8191
6939 102541 60356 82612 6182 110942
6940 12062 45782 35882 89301 52265 89391 52142 5252 47623 92981 98493 28697 15637 98512 98723 98724 56689 16082 43627 103998 111135 3313 110086 75680 111226 111319 47623
6941 67877 56204 89376 15711
6942 99304 46267 106310 20184
6943 3120 81686 20552
6944 84462 68269 3202
6945 2279 397 83177 80559 100002
6946 2306 5029 67877
6947 96885 51843 13768 69292 36508
6948 95418 96290 96291 19327 104726 108002
6949 3707 71701 90518 3707 78433
6950 3513 11089 4930 94197 105811 105829
6951 86469 42728 89857
6952 55668 26075 84662 95879 11927 14925
6953 3278 92969 93253 59486 6069
6954 5144 35789 42349 17031 4657 108338 31337
6955 2249 96187 11796 42565 15752 9177 20374 76162
6956 87175 22604 87176 17773 93195 3291 99580 108238 22604 87176
6957 4092 14511 84680 86590 71388 7601 88214 88215 41309 18041 58934 88214
6958 97662 47153 78617 97721 56735 111747 38613
6959 15555 29967 71701 51862
6960 69893 56669 46448
6961 84083 84084 95626 70516
6962 88028 12672 88664 61153 108049
6963 95350 94815 11046
6964 22829 17068 20196 65555 61491
6965 27073 78730 307 6818
6966 13424 46804 30054 41013
6967 45722 100696 112252
6968 15938 3575 102602 78806 111396 23419 19640 111420
6969 60968 7980 55485 54529
6970 16480 16798 105373 66635 105434 7190 32126 16798
6971 93051 13262 69873 101395 74048 105103 109993
6972 46569 78285 88838 87499 21771 890
6973 2803 106670 61242
6974 91754 9478 418 109925
6975 6697 28264 95080 31250 97702 3518
6976 67889 27317 19140 54406 43444
6977 5074 12518 91445
6978 87127 93478 53604 83365 86259
6979 12662 89039 89052 89053 89054 89055 89056 43460 89119 76177 94122 102082 30409 108822
6980 12667 20985 52499
6981 29635 24173 418 7887 84630 53905
6982 45771 68687 18854
6983 31727 98049 41013
6984 23994 67027 25252 2216 33512 1961 57631 3317 80626
6985 92276 103491 103525
6986 85381 18841 10418 92833 50475 85381 100492 100584 53787 105324 107922 52555
6987 78315 1248 91291 1633 94313 5424 98513 44190 1306 12265 18459 55988 48868 19194 94763 5335 190
6988 94716 26038 23697 79733
6989 55668 83571 83573 83688 95998 14453
6990 94432 102806 107481
6991 79273 64800 38463 25680 18287 7274
6992 52286 83101 12696
6993 398 102717 81834 7905
6994 58143 99001 24678
6995 84379 20979 84420 84453 16826 1471 2779 27034 59360 74235 280 104630 105225 108933 107240
6996 6435 14115 5630 100696 112247
6997 80495 91625 94144 21408 74787 110007
6998 83726 4572 61624 97964 106101 35345 106148 106166
6999 67780 65149 93883 96765 33874
7000 4663 13333 80415 56953 280 52976 30547 81691 22970 12560 32337 4970 101488
7001 84711 84712 84713 941 84711
7002 84481 85777 1706 95736 101909 109548
7003 92050 61871 20251
7004 88850 38497 100367 4327 100412 36244 28488
7005 8939 69747 3805
7006 82946 67797 11769 18536 97631 88621
7007 85289 62033 106673 68540 111986
7008 85132 85286 88054 55145 26415 2408 73904 104389
7009 39372 91325 91326
7010 16396 10906 26291 67346 10904
7011 92514 95735 44840
7012 94498 94529 84200 30983 94622 109643 58731
7013 33872 12293 85978 99899 20262
7014 80384 61411 230
7015 46319 3240 9409
7016 85788 69551 44621 44649 5295 5684 8717 71663 44736 51905 96163 96179 96464 2567 26641 20467 100293 95770 86040
7017 19396 101154 107412
7018 83525 83526 29928 91598 5076 107589 105283 10453 107705
7019 95189 78962 65478 25917 93873 102468 48487 75946
7020 87244 87245 621 90126 99282
7021 87757 100948 4338 103659 58629 107173 107336 107337 107605
7022 44380 87501 40329
7023 104181 59359 61242 12788 110579 86552 110589 110590
7024 91222 2281 55200 76742 94720 96227 30414 65477 99918 97955 99919 8748 4144 106999 93200 27815 17018
7025 97158 97159 36431 97184 106083
7026 72665 31719 51653 61242 96153
7027 13689 78730 2320
7028 88732 70365 85066 14565
7029 22234 67847 13297 96288 5667 13297
7030 92845 92870 47309 92871 74050
7031 56204 10541 67877
7032 51051 12146 100225
7033 12767 12767 12767 110663
7034 52387 88907 89478 89544 37961
7035 47 6188 782 7002 64657 18823 93380 1754 17305 2113 107332 84469 99105 106030 32271 6731
7036 47257 18595 73553 93114 9190 43767 107648 1188 101366 21972
7037 2277 111080 27086
7038 58564 57165 84639
7039 89981 35000 15699
7040 41550 7698 393
7041 23858 10514 109230
7042 15971 15533 93123
7043 39657 3220 20778
7044 12175 1495 1496
7045 41047 60381 64700 34794
7046 8365 105299 105703
7047 15154 15154 104510
7048 87472 93167 5553
7049 86755 4780 55639 10 20104 12408 103349 4909 110633 107031
7050 16116 92152 92153 92600
7051 12871 4328 86064 7521 73320 71455 98360 48226 70149 15821 109254 9634 69591
7052 94856 78680 93241 94949 93152 106905
7053 94102 9290 22742
7054 97 54076 19670
7055 25886 3565 85110
7056 89989 83437 54469 2277
7057 35990 50910 28300 2329 414 35990 90876 45953 111727
7058 27016 22352 90902
7059 14786 2079 83310 11049
7060 95417 20531 12815 20778
7061 78457 4346 10020 43170 32529 7980
7062 88868 88869 67877 28184
7063 76688 6556 83322 36358
7064 30369 518 44928
7065 86050 20970 86102 86151 110501
7066 39433 67877 55270
7067 83088 4972 87852 87853 17970
7068 65383 43940 6769 6498
7069 70041 86335 86336 21472 2381
7070 7160 4663 96969
7071 84529 39845 105367
7072 88083 44761 27128
7073 46867 82544 16865 55181
7074 48948 92580 45211
7075 993 93630 56204 22011 230
7076 4771 108075 75292 108347 90692 785 108977
7077 62956 4304 61455 83087 1849 12329 29055 26028 18920
7078 79739 86057 6128 92567 36244 23924 13509 95302 95380 95395 50306 78777 59935 73172 99638
7079 12141 41558 27289 96969 97681 98230 10058 35157
7080 33678 45771 107400
7081 518 1645 9070 103324 378
7082 20791 17140 66930 11943
7083 4692 93048 306 46221
7084 44554 91331 40473 91332 101241
7085 2800 26848 54768 1287 93011 102852 52021 103890 39597
7086 84459 84460 106475 22604
7087 4581 83270 25904 58896 60856 101253 4581 40403 8513
7088 7539 70400 7011
7089 49440 51719 9948
7090 31149 80244 41 33876 54092 14220 3842 78172 6097 22184 97280 97293 80244
7091 109820 109821 109916 109917 109918 109991
7092 3004 87146 75002
7093 25223 79691 98669 98923 25059 106260 106291
7094 12886 67549 89229 19777 39
7095 88182 90084 102155 107585
7096 83441 69292 17057 9421 19920 101599
7097 86628 96536 88081 86628 102319 27135 100991
7098 94720 107848 109209
7099 20359 89624 75755 81006 67628
7100 31937 102610 107065 96137
7101 110204 2504 32361
7102 9228 10489 2256 52200 48989
7103 47760 33903 33903
7104 74982 33850 15578 74065 74982
7105 53829 1475 41999
7106 108968 108980 108981
7107 47972 72908 9719 2876 86698 22934 59083 888 910
7108 73482 46960 75712 2822 31118
7109 3562 95497 7031
7110 75506 27994 86756 41905 47656 11977 14636 418 41905
7111 890 70758 14402 3561 11754 8132 10078 1243 67877
7112 49913 18784 42727 20589
7113 100246 100247 40850 175 103257 111416
7114 45239 25262 49440 10344 40403 111359 20265 307 48412 79163
7115 54608 23822 52435
7116 22650 95503 67410 52175 53068
7117 3055 59104 79182 110693
7118 65719 101924 48960 65609 101944 87921 47197 108812 108813 20533
7119 18785 29129 98159
7120 85066 82337 90305 45397 90324 1892 90332 16209 85379 49566 825 98374 2046 9775 98407 61087 102312 20557 10504 102337 20122 31990
7121 63508 68981 100962 12950 12831
7122 42143 25562 22457
7123 95517 81890 5396
7124 92844 95899 83136
7125 84147 35744 4011 101487 4011 108748 33856 5859 14690 95171
7126 83931 84122 38381 68376
7127 33549 5528 19321 7365 7536 103891 26572
7128 612 1531 13323 1314
7129 1306 8014 48094 1633
7130 16115 16204 69342 24595 59314
7131 2312 86247 4075 27519
7132 32043 19331 105242 68566 57456
7133 69923 99495 72955
7134 84578 46798 62076 85260 66688 91575 91576 37807 10816 96294 108666 110245 37807 82997 2770 111055 111056 111057 112059 112060
7135 35038 27078 23530 18112 56173 46315 69411 4629 3424 19676
7136 43066 99130 86615
7137 5188 76859 108625
7138 26269 13171 6148 6742 13091 17246 15908 50663 75845 17061 14786 94088 66943 53674 43767 1548 6398 72081 22352 94174 3741 109884 14616 50436 109947 7080 16798 681 14613 5251 35485 109110
7139 38183 93077 45771
7140 87093 100285 42181 100339 14101 27489 103702 103703 88939 106601 87093
7141 32113 2814 87545 2813 35555 850 12781 95975
7142 69234 14696 4975 1038 54711
7143 7818 94869 94870 5962 85475
7144 56392 319 7160
7145 50156 34246 12999
7146 83957 8748 19640 47406 35224 86551 18784 9926 74002 87278 2022 61432 51054 104538 39702 106183 106196 29413 47250 110656 96555 110691 112015
7147 18994 7084 13110 103388 65797
7148 1306 12557 14567 39255 1749 24168 97831 67510 4033
7149 78663 56011 71968 39778 1563 89798 95171 95551
7150 10209 27775 4135 29918 57336 112143
7151 96780 32969 21960 36786 109276
7152 91137 31682 92571 22738
7153 13091 54159 990 88485 31420 15972 16774
7154 2351 58602 107136
7155 34608 2244 25668 40311 85265 12370 103489
7156 20658 86156 24153 23924 95854 95878 111097
7157 89257 89258 89402 89403 73757 89459 89520 96852 73452 98573 106203 106458 106545 106603
7158 2948 86969 518 101127
7159 87040 1495 59095
7160 30029 22536 14567 18459
7161 13122 9282 91084 12906
7162 11847 94059 4118 48855 89240 85066 15364 30397 83558
7163 25076 91631 712
7164 85214 48147 97403 100597 72455
7165 78015 39576 110062 110354
7166 3486 72599 8443 9208
7167 85635 21843 85649 96360 14168 90090 82135
7168 79193 7364 67220 3278
7169 7820 3661 46286 42143 10117 20
7170 9821 87398 83589 72871 56817 22102 82536 96443 96651 96652 94428 105913 7144 98905 5114
7171 87824 87825 87826 88496 46271 88630 73328 40530 92457 92458 24841 46404
7172 14636 104370 30214
7173 52575 101415 101528 72933 101741 18138 53627
7174 94921 101838 110381 52557 1483
7175 69418 99984 22266
7176 32259 15957 32067 90800 107539 110104 14636
7177 83116 96118 99633 31495
7178 11308 84500 84514 14285 31889
7179 94968 4338 11225
7180 83708 32592 39726 86981 90985 47340 98021 9665 111668 108377 7260
7181 32389 44925 31498
7182 2599 5843 21763
7183 89083 18017 44382 99039
7184 9424 39899 97
7185 6721 57596 92222
7186 56011 13183 10471
7187 51067 104451 50062 111562
7188 7144 25507 13302 47 30665 79043 1539 43774 38730 47900
7189 10306 81465 85407 9630
7190 106772 106773 10597 28881
7191 1112 2276 5292
7192 89306 1376 37259 89920
7193 89806 60447 6152
7194 16621 23183 10672
7195 4639 7360 14375 4692 5922
7196 95577 95578 31963 111417
7197 90048 99865 99669
7198 26734 84074 99314 52137 75291 109959 66996 102821
7199 45279 82701 99477 102936
7200 75463 92630 79500 14967 105035 105036
7201 94450 87608 89587
7202 40299 61242 3379 7691 90044
7203 3162 9328 52378
7204 56204 5035 96900
7205 84476 34727 48824 14228 47530 23757 4614 49915 61532 103378 106139 34129
7206 33119 89003 46533 34813 85730
7207 85872 85873 85874 96865
7208 89037 107517 33460 34740
7209 19994 92934 56822 109226 20826
7210 12519 42229 693
7211 3842 2418 5811 69668 81257 84390 4809 18069 93131 97851
7212 1462 39274 55682 1548 16555
7213 84239 84240 84241 84242 84243 84244 74197 77024 21790 43962 102905 44042 103103 103128 104900 104901 104907 109594 90836
7214 22488 1075 4045 26127 76287
7215 89677 28870 80012 93351 46988 19932 91484 36052 96422 86653 104073 104102
7216 101982 101983 77330
7217 87177 993 94380 94381
7218 89280 1011 84883 13043
7219 37998 21771 10964 60702
7220 14917 84420 28865 97157 62153 18619 15341 104199 83799
7221 86269 47709 103717 53370 42262
7222 86207 91599 59572 95591 64608
7223 93364 93372 95409
7224 103489 7619 4820 14285
7225 89246 91923 16352
7226 83329 87822 94279
7227 24626 89960 17284 8548 90016 11050
7228 51500 2817 34727 82607 54076 77322 5803 30029 95080 93123 95081 56622 71789 25669 96521 21313 99246
7229 280 55350 12263 93202 32422
7230 97 7144 3902 6732
7231 273 22083 92432 87070 33112
7232 6950 13784 11381
7233 26778 859 7144 4561
7234 87621 75980 1057 95620 14150 11009 103006 9715 71771
7235 85495 38109 72206 64245
7236 89553 53936 89825 35043 31074 89340
7237 87567 58400 25490
7238 22027 102096 77266 47504 55245 77660 102500 102501 102525 68052 41794 106181
7239 51916 30397 6004 90104 93576 93596 93597
7240 8029 85712 1537 66268 108092 42320 109433
7241 15032 75724 60667 850 34426
7242 36036 11608 83276
7243 38463 15000 4302
7244 84833 37510 676 66393 46593
7245 84678 1656 84773 29188
7246 14544 20699 2362 13658
7247 13006 26156 8707
7248 65140 110530 111303 22782
7249 22408 5880 34725 11922 26371
7250 1981 22405 101898
7251 53865 96645 68546 103203 62045 9719 25562 25860 85940
7252 44103 7295 11101
7253 97395 98075 66387 112219
7254 84363 85278 37159
7255 85355 13339 45771 14128 74977 85066
7256 92161 48584 32516 110725
7257 22233 92256 93461 79657 98405 785 42144 111323
7258 1330 51637 277 38157
7259 20020 13304 14931
7260 19194 2276 30236
7261 29902 5802 1337 92584
7262 1981 13222 5141
7263 26407 88119 88139 104378 97746 108676 108677 108900
7264 83773 55345 105330 83773 17138
7265 32396 106826 20543
7266 28050 41785 85066
7267 83788 109023 88586
7268 98710 99184 99244 5411 99245 85680 106782 107396
7269 88592 88593 88734 37182 111768 111946 112045
7270 89140 98294 98323 98324 58082 98352 110879
7271 83122 94448 13893 105088 41097
7272 25711 29212 84459
7273 55132 11496 62981
7274 4949 28889 6652
7275 99630 98026 99659
7276 993 33087 11439
7277 1767 92537 92538 54690 7636 80339 104084 39038
7278 35843 81355 104224 110191
7279 93271 5683 43602 61401
7280 14647 55118 95749
7281 8571 100881 19324 51140
7282 85016 37996 98864 103986 107443 81367 108021
7283 91739 91740 6832 13336 102809 5211
7284 86872 90555 93377
7285 22855 65527 9123 6999 30 49529 92281
7286 43433 90364 88646
7287 13365 86378 98990 13364 81958 13365 110679 100587
7288 71288 24742 63129 49797 56997 83488 24201 103205 71288 49797 104105 65435 109454 103147 109474 109475
7289 20673 50355 1207 15529 77887
7290 42644 61085 49426 38048
7291 40146 14082 71971 56573 87673 94706 94724 60667 31053 46868 34156 110727 83299
7292 67120 29438 74742 29470 97348 4975 22111 100002
7293 13465 54737 69722 1370 14970
7294 85307 4717 27050 29070 69662 75550
7295 54239 91447 32960 69407 91493 33872 91745 4050
7296 4642 42644 1297 34233 8116
7297 21727 23640 53576 13388 18388
7298 32469 24588 85 40635
7299 35361 15980 83726
7300 61031 83770 77887
7301 92388 34417 85745 506
7302 46334 80375 88469 2808 65247 88793 77128 4521 75970 90942 24523 63838 54807 18058 9328 46667 102920 18920 25669
7303 70055 4212 84903 84904 84942 41657 16633 715 84954 91840 95948 4017 192 13466 77143 1832 105685 66 34333 192 6544 70055
7304 66678 86154 86155 71076 91456 24061 91518 35971 66678 56888 33649 102930 46755 8368
7305 7277 81401 1749 10577 37808 67848 95009 7104 83235 95051 19217 23510 49498 8605 6072 71536
7306 84603 24861 9890
7307 88839 88839 111726
7308 46773 69892 4896 71190 5290
7309 56204 87232 305 101081
7310 100437 4630 1548 29967 48752
7311 25709 7302 21487
7312 9861 63726 97955
7313 74905 89264 41524
7314 7627 13430 49969 6863 78049 8856 56924
7315 13431 11585 44150
7316 20489 21088 23286
7317 56022 26029 103212 109097
7318 55751 4629 3494 96321 7521 64775 15606 17555 111091
7319 104729 105651 9897
7320 26019 44505 58753 11640 53609
7321 15451 100681 108742
7322 88442 88569 88570 71956 90374 90375 81716 106075 106128
7323 5424 55 50365 11 35143 1960
7324 87288 87289 5394 87432 88789 88909
7325 62955 26891 96506
7326 100750 52761 38348
7327 88809 55181 94572
7328 24660 60145 31056
7329 14801 29876 14508
7330 95580 3173 72391 101583 46747
7331 84612 4975 30759 4318 60407 21010 8167 5921 2690
7332 29636 22457 1633 79126 97925 70362
7333 19676 45476 76441 64919 92035 111395
7334 12921 58187 879 48877
7335 13065 65062 86607 104501
7336 16590 38596 100149 105699 38214 25807
7337 40565 91747 28369
7338 56817 58693 95491 32348 104053
7339 576 6 13751
7340 56173 95320 52335
7341 41524 99756 99776
7342 1785 61318 29285 83210 33085 108663 576 50193 7905 29285 6149 53302 31734
7343 7307 5109 73148
7344 69792 10189 21772 17864 27686 95933 95950 10909 6930 37960 49085
7345 74201 993 47495 101115 60487 70460 16082 5603
7346 3034 10253 67798 85535 7605 2028 45974 68994 60432 100919 10934 89256 101052 107588 44802 2322
7347 10009 2313 1339 1306
7348 84715 29125 24994
7349 15316 1981 92797 17651 58350 12783
7350 14631 62363 21787 2828
7351 280 61242 79156
7352 4680 16261 14020 44119 69415 10449 1700 3278
7353 91189 57099 31666 94924 94929 94930 106097 31207 106134 31666
7354 7277 4539 68160 14264 46691 52743 3932 3475 40441
7355 87785 87241 260 24199 60048 108484
7356 49232 120 4539 92438 27990 59360 1495 20778 103454 102264 80349 9898 14984
7357 72077 13171 32598
7358 56517 72845 43602
7359 71273 39262 285 2279 76270
7360 35217 71804 109309
7361 83218 5922 278 1119
7362 93662 48765 86563 19949
7363 83828 89142 94238 11975
7364 19383 254 108887
7365 25538 86615 67441
7366 4983 35930 43664 307 34371 44687
7367 24993 50470 97684
7368 10116 192 56011 56204
7369 26473 84935 84965 43433 84965
7370 68323 20763 490
7371 93629 99733 97251
7372 7491 66689 21164 25337
7373 14228 84070 57911 603 6788
7374 35095 48217 111363 111426
7375 80824 83780 86127
7376 91209 91268 88953 75306
7377 17543 93748 93819 110341 110342 110343 110419 110460 17229 110594
7378 15384 13606 5214
7379 16555 22551 36683
7380 3475 96128 41261
7381 35362 22474 101891 845 35607 50779
7382 88646 6149 91931 84070 3486 95415 91931
7383 5945 21284 14292
7384 84630 91410 72155 103931 1328
7385 58810 10182 36245 83672
7386 85422 14925 55118
7387 13413 107152 27106
7388 1368 52435 52250 78680
7389 19660 9826 24595 12688
7390 77284 70298 1595 10816 92484 11931 95963 63085 95996 37975 96025 84630 57153 102211 62352 83501 111101 8770 111153
7391 95615 22459 102270 19147 1535
7392 56323 26540 20118
7393 98661 20552 108756 65469 57862
7394 76349 103223 103427 108370
7395 4007 67877 111546
7396 16531 96656 107364
7397 84355 52191 44912 30239
7398 18962 4318 75404 3548 22758
7399 83077 83629 92651
7400 88489 34740 80910 100296
7401 35233 74968 89926 90137 103786 106950 76517 101041 9921
7402 83939 61640 83963 71830 73498 64351 101639 94072 101649 15140 50787 4695
7403 96235 96237 96238 96239 47762 96297 60487 107998 38437
7404 68387 1961 66577 54936 84000
7405 29451 28952 8035
7406 12062 91837 96693
7407 105647 54565 77671 102713
7408 92468 5896 6603 18924 106843 51934
7409 51366 78323 90530 16426
7410 32024 87305 7517 23802
7411 6603 103306 108810 14721 110137 8580
7412 96171 98235 26575 54375 17096 108785 110864 18671 2201
7413 22334 15246 101859
7414 86887 76270 29898 12793 84145
7415 6410 14806 4223 100591 6529
7416 87880 78580 87968 100466
7417 17987 10813 85683
7418 84471 69703 104401
7419 45328 91228 109278
7420 69215 21390 10560 41129 53874
7421 89038 112085 48660 77483 50813 112110 112111
7422 3362 31568 6427 7197 96969
7423 63413 79033 104925 12335
7424 84349 84471 84758 84955
7425 19797 27127 87198 87199 37314 98435
7426 15882 52045 41670 5946 16496 98578 99660 90902 8770 16352 4654 10667 8488 80639
7427 86197 6581 95323 58806
7428 84221 84827 18101 22251 5898 86249
7429 6147 2471 1678 94720 8160
7430 5793 93237 108211 30720
7431 83101 26334 53013 106523 106524 79966
7432 41791 64577 98197
7433 9478 58644 2103 29885 11241 105679 8192 95813
7434 17334 94790 33192
7435 65399 19413 85715 46404 965 36285
7436 4958 23443 5802
7437 17488 11465 19865
7438 1974 44115 103892 56822
7439 38415 31472 73160 52784 110462 110473 110474
7440 84417 307 7260
7441 5229 14284 10545 65026
7442 94335 90832 12032
7443 85070 5704 34284
7444 24626 84740 11911 41639 7065 11266 95046 66492 28596 104572 65229
7445 21472 640 14248 77548
7446 25640 85196 1247 16301 101871
7447 6479 53068 43696 44804 109901
7448 28183 33563 42693
7449 61043 22457 2192
7450 38213 90656 90819 13104 106969
7451 83367 83461 19591 92646 95614 35576
7452 85776 62266 42143 8244
7453 10009 4984 11652
7454 66154 2052 72069
7455 100964 3432 69101
7456 56576 5499 9773 8987
7457 42089 48433 6032 86286
7458 102234 58698 14855 69225
7459 91891 93454 93540 93541 45563 30790 87465 23341 62153 94571 98355 26293 98679 83799 62033 12940 22474 98737 93764 96693 107031 62153 107032 107195 102999 53865 111007 111604 31555 68581 112008 112130 30395
7460 47935 89064 103949 106216 106542 108668 109808 104437 109823
7461 43949 1960 59360
7462 63036 98826 71799 27812
7463 71541 101737 106536 106537 47223 66654 44648 106590
7464 89161 21499 27852 42179 95462 92618 109234
7465 38597 7021 78481 97884 61640 25254
7466 1470 84522 89344 89357 101795 101807 84153 84522 106659 106660 55007 77843 50413 8921
7467 75724 8231 41013
7468 10027 24823 87082 111171 53067
7469 22562 87813 80631 7886 47978 36498
7470 92849 67861 97072 97112 101283 9069 67725
7471 3278 84381 62072 111344
7472 9985 52420 95486 78286 85188 99079 69267 77496 47632 105869 23818 110013 47958 110014
7473 2817 13832 18784 97253
7474 86449 89195 91636 10738
7475 81301 86109 86110
7476 83628 84865 84885 84897 86960 29501 91955 57088 91964 83628 56307 57329 11571 96036 96037 96052 28267 96065 96195 34005
7477 87712 87734 32459 1435 92550 92551 80994
7478 6757 62724 106604 56735 61856
7479 51370 6441 67809 61786
7480 50129 1610 20592 27095 3660 16378 8744 101401 7909 20043 105438 71166
7481 11129 29470 4909 67120 43602 49285
7482 81025 14217 25326
7483 84952 71484 3759 98840 68581
7484 70858 90994 107594 34501 17414
7485 14696 17692 26321 74389 34813
7486 10020 9719 81597
7487 95349 103953 41364 105765 98921
7488 96745 7837 41712 76826 16297 36704 105203
7489 83057 18351 32800 102418 52798 3870 67430 5872 112070
7490 4958 7854 62909
7491 307 12351 109804 109805
7492 6993 85071 65075 90613 92345
7493 2284 15296 42952 102902
7494 35702 1384 105472
7495 40866 13014 95012
7496 93511 45791 92599
7497 412 199 9990 84293 67877 7277 102148 66154 1981
7498 307 78709 5995 54768
7499 30375 102244 13351 108475 22984
7500 107521 39385 25680
7501 736 4809 693
7502 91407 91420 39489 487 14506 79875
7503 72468 95820 100487
7504 85892 61215 104413
7505 69172 23395 107945 13912
7506 42303 55497 40283 31086 36291 25103
7507 7487 47414 47488 110542
7508 86615 307 33054
7509 25636 109009 109010 50023 93890
7510 92645 93704 15968 95756
7511 951 62901 32598 50310 98309 95593 47835 78771 100389 31850 14760 75264 38874 4689 17470 45415 107059 107075 110389 21550 67509 5838
7512 17141 9145 97929 107745 101554
7513 12638 20175 109439
7514 25575 99162 8400 2192
7515 93307 41276 41953 75464 7277 2053 81257 11274 32655
7516 21486 12175 6148
7517 88655 7782 6248
7518 51543 87473 8423 58655
7519 45450 13937 5 5752
7520 104003 62309 28379 83867 2306
7521 4302 93715 5708 31264
7522 93950 49306 7369 98261 42892 55866 69785
7523 85505 85506 85507 40078 16835 92585 15788
7524 5559 109573 19422 60778
7525 31115 3819 64136
7526 67685 1706 8782 83970 9337 31053 47270 18985 82213 70045 92876 92877 1706 35876 22352 4365 100393 43972 103453 36213 88596
7527 5211 87687 3005 11049 13144 50129
7528 93974 69702 5294 72011
7529 8880 551 17978 95993 4508 105105 110067
7530 45624 44312 45264
7531 33409 25978 34308 11996
7532 84291 84292 84373
7533 56011 734 1603 5859 307
7534 99173 78862 105534 105535
7535 6236 25939 74438
7536 85336 19409 2277
7537 52043 11079 17651
7538 85804 99037 99068 23336 105096 105147 41971 105184 9390
7539 18588 90903 104794
7540 4327 34816 1306
7541 68533 3929 91732
7542 95232 99634 104393
7543 15962 77243 85624 102722 106280 100525
7544 3573 97080 59026 97114
7545 2873 81044 54041 56054 97655 36508 12243
7546 39636 95997 7536 59324 16249 52528
7547 50443 2063 95501 59373 50443
7548 85533 16608 40441
7549 5755 87028 94029 91320 751
7550 22010 83568 83569 54170
7551 84576 53287 108609
7552 65140 94333 15903 12694 6971 50618
7553 87619 61236 98851
7554 83905 71200 108270
7555 335 13813 55665 80791 30759 12793 84118 13893 29423 62371 96392 23973 14026 4909 39174 9196 92584
7556 22003 14264 1585 96722
7557 9424 14932 14854 1496 6149
7558 11694 91555 1930
7559 84270 2566 2567 95805
7560 5914 84118 24229 67329
7561 81085 4346 26674
7562 14767 89941 17040
7563 96415 90110 39978 7363 106368
7564 25681 67882 67546 105957
7565 10204 9524 43649 50023 101481 10886
7566 60967 48641 36078
7567 95772 23505 2224 11465 81393
7568 92657 20166 48574
7569 1748 61068 78663
7570 84397 67356 10107 72269 78352 59415 7277 8842 77804 108178 1243 84397 157 11736
7571 64651 64822 27683 14925 1446 1720 38048
7572 18796 87099 5028
7573 1669 4717 104687
7574 25019 35654 84639 96985 49821 13226
7575 84432 4010 6717 26580
7576 14060 92517 100202 52680
7577 89474 87475 43679
7578 26102 24740 107079 107533
7579 43027 83395 29447 73171
7580 91168 54147 31340
7581 319 33903 9771 7405 48460 1722 21796 28947 41819 71598 67877 1287 29522 22046
7582 12066 100466 8837
7583 67764 103964 49078
7584 53128 16347 17938 98258
7585 40799 83129 319 72871 56817 58693 693 12960
7586 13934 58675 17328 32897 73722 99672 56002 12102 12916 16555 5608 79415 13247
7587 25825 105070 105085 26246
7588 25687 16682 92692 50062 96166 107835 79467
7589 6697 90576 17499 93358 12990 28137 86471 93419 96133
7590 14285 19011 71514 22468
7591 68994 81114 1655 3667
7592 59238 46432 79133 99367
7593 41097 4052 25668 79693 79265 88493
7594 96620 26221 96714
7595 772 31344 35803
7596 88081 31861 92395 92404 11608 11053
7597 87325 6166 11902
7598 14124 94197 94198 44278 77472
7599 41936 55541 98699 41419
7600 81260 14126 96700
7601 89401 21283 67342 71253
7602 13555 95451 76015
7603 3560 76387 12859 64119 3497 48133
7604 761 67220 86578 39174
7605 94225 14108 94284 101551
7606 2696 6769 63726
7607 19676 58511 33475
7608 2256 96105 95123
7609 15770 18790 41937 29189 53127 6797 91027 92048 69423 39387
7610 6173 46207 6410 93746
7611 20166 4614 86163 21573 23349
7612 98660 51111 98668
7613 1397 5465 42459 85110 34417
7614 83501 23736 32723
7615 88137 21262 88514 37280 54269 88523 44686 49953 44660 88553 62196 90481 90482 90483 91181 91213 92698 92726 92727 92798 93079 93444 93463 93500 93650 88137 99482 45010 100322 34520 105179 92286 99482 20805 108916 109355 77692 110282 110371
7616 30557 96885 412
7617 91658 70733 51843
7618 22203 49527 50224 99959 99969 99970 102782
7619 67099 86943 20731
7620 81938 61448 24675 746 84714 15337
7621 8569 59700 10648
7622 84530 95381 541
7623 319 29927 100129 15551
7624 1620 52862 1328 25277 878 75 61919 102388 11477 81700 38178 79966
7625 83987 80415 10739 25097 7412 5028 106616 107171
7626 47682 33610 45246 108529 80631
7627 86367 66707 2910 23757 1207 41670 54165
7628 10986 307 11539 97241 109509
7629 49884 3932 5701 27990
7630 97249 92493 39489 95160
7631 35868 107599 19448 16814
7632 23864 6832 103300
7633 99006 99674 2817
7634 70694 60935 11114 103952
7635 57952 20419 29086 6019 4958 97955
7636 91065 58554 76892 65637 98181
7637 100211 58326 37944 93114
7638 58263 6449 46308
7639 112120 4128 14431
7640 92899 65936 1736
7641 2690 95347 110940
7642 81719 44859 86831 87311 68897 88049 97584 51859 97316 112286
7643 7589 31149 4975 71536
7644 62045 2312 95064 96202 96203 94229 1202 80073 2312 109269 8035 62045 106362
7645 29162 58854 86256 86312 101449 101450 101539
7646 45779 28005 4873 2908 59385
7647 6528 81408 4990 8525 2515 4129 77501 106936 45372
7648 84977 37809 41816 80875 50752 85134 73635 107576 107577 107578 107940 108321 108458 108638 108639 108859 108860 108869 13351 52690 86163 110272 110273 50752 110274 58928 73635 110533 110616
7649 97610 4531 18863
7650 65857 25305 40153 105602 47223
7651 1397 34417 20043
7652 27700 56204 14228
7653 84911 21849 15886 56177
7654 58683 45719 47545 4346 34258
7655 67411 72665 81813 92108 67411
7656 15365 93123 89994 6351
7657 12756 93059 34813 3429
7658 10710 6543 5399 43479 54831
7659 85547 90465 90485 90486 99471 72231 102209 99471 102274 54627 75046 75104 108582 108583 6058 108635
7660 26359 67771 85066 43602 736 88956
7661 18563 39200 65688
7662 21516 49148 81242 38335 9856 90492 110136 39444
7663 105696 94658 109572
7664 26411 1111 3874 86887
7665 91914 29644 97398 97417 80712
7666 49863 407 1306 76407 32711 93783 73553 32645
7667 86524 98478 12104 70931
7668 18488 6761 74166 3557
7669 27423 107675 27079
7670 84106 94976 94977 104453 19729 104490
7671 21387 85096 76001
7672 91451 60134 35101
7673 8573 97686 28765 20608 97687
7674 3319 4945 4970
7675 81696 352 61356 31446 9838 15181 87439 47676
7676 101011 101118 101229
7677 95999 103417 106768 108463
7678 17422 5868 74432
7679 53865 1328 6974 6363
7680 54674 107600 45865 38323 65338
7681 41081 90609 41081
7682 95005 36689 43944 105592
7683 1313 106002 110509 87861
7684 376 95721 69801
7685 87490 82786 83546 2574
7686 87033 34133 37206 95437
7687 3190 53083 94454 109922
7688 56715 7938 20196
7689 64612 7034 58173
7690 23494 96871 24221 15771 16670
7691 14090 32211 40271 2106
7692 15316 19865 19951 5995 75382 10108 772
7693 2279 83310 83546 96969
7694 55568 10036 8575 91306 71229 11337 65429
7695 91206 175 1910 43674
7696 84109 84110 84111 58113 84198 104316
7697 98144 98145 72761
7698 68103 14838 2210
7699 27209 42119 5135
7700 51419 39000 85911 61045 86268 45709
7701 14682 84002 9492
7702 48492 71022 104818
7703 101595 101596 22805 106252 106559 106582 107147
7704 30988 89417 94188 13830 47778
7705 7190 32 34803 3538
7706 93637 93756 90172
7707 8103 53674 4383 54975
7708 102271 17797 22504 388 19800 50639 70101
7709 85276 88240 12448 88280 106979 97348
7710 14336 17021 15317 64796 34460 14337 36720 27946 19777 102013 64545 104462
7711 70904 95084 14786
7712 9705 88996 101671 71968 35997
7713 79007 23936 81198 110492
7714 70220 34257 28855
7715 41769 10263 87985 2628 10641 2465 72898 95178 13400 18895 26982
7716 88862 60967 44 23822
7717 92635 23677 61969 1548 1892
7718 87201 88205 94174
7719 10442 88849 89202
7720 84523 86062 86768 14619 107140 50374 14355 92038
7721 74844 98498 24610 71830
7722 90853 75712 103538 29074
7723 13754 60967 43239
7724 15298 77630 39978
7725 12810 1038 19095 1871 67878 13220 71910 96685 102090 3404 47145 11399 67878
7726 88310 96170 107302 6478 108142 109132 109707 112099
7727 89181 10354 8069 64114 89463 95176 94347 39489 95160 106007 98242 106277 106328
7728 91805 795 1548 58187 14366 19426 82741
7729 77684 60667 36850 111247
7730 4050 1000 87587
7731 19865 32486 51304
7732 93345 13780 14373
7733 61713 72696 693 1715 25233 14494 409 11059 49137 87670 30711 1328 2459 99541 63041 101176
7734 94273 49557 86617
7735 47909 1604 33075 76303 100973 18921
7736 84900 84901 85022 39422 85111 85112 96549 96666
7737 9705 102624 319 33789
7738 5333 58300 12062
7739 8380 93944 99548 99549
7740 26481 75437 33862
7741 90919 49256 4302
7742 83172 91681 6613 102797 58854
7743 22457 41588 5396 67546 55956 72505 36078
7744 91446 94374 94387 15773 6288 91446
7745 2371 102066 31609
7746 83727 34577 11624 60790 106079
7747 5632 27 90103 20386
7748 8997 83068 65955 10223 41502 91542 11600 16526 109759 19567 82297 111476 4689
7749 14406 4101 14406 14405
7750 18753 30376 10806 50252
7751 96470 307 8219
7752 14778 71789 106965 107037
7753 30346 8728 53865 1553
7754 98337 98760 58606
7755 28164 14425 69544
7756 93190 97310 7555
7757 91243 71825 104545 65455
7758 77800 27633 37829
7759 8831 92383 9264 92401
7760 85040 68479 3436 89983 15136 100341
7761 19969 71910 75979 6441
7762 50610 41819 53237 1299 14854
7763 1908 3203 58683 88646
7764 4467 43767 93795 16923 109317 86181 21043 55583 111780 4138 89310 35496 36308
7765 13900 86403 93920
7766 1388 78175 12140 3368 104434
7767 43602 8528 352 4037 676 3739 40259 2413 77329 12916
7768 96622 96623 105042 44410
7769 83402 85230 8856 55181 89873 65839 20791 83402 10308 52206 8856 20791 109711 89873 7012
7770 52383 7708 5417 30897 84630 33194 57690 52383 88264 103680
7771 96119 96569 96570
7772 33409 6642 27359 25538 33537 99797 90576 72808 111406
7773 46858 107317 68975
7774 7843 39978 86586 89450 96699 55985 51467 90757 7405 92644 91049 5880 58135 8376
7775 69088 76182 32239 74259 106152 43801 107726 107746 45676 107813
7776 26095 95439 5845
7777 97461 6148 4780
7778 66268 5109 110260 85085
7779 83376 62213 83751 83769 87717 88501 88502
7780 39891 93451 58387
7781 89279 89280 27145 12826 92168 102482 91659 109049
7782 5424 1016 89692
7783 49481 20309 7126
7784 780 108748 24823
7785 52435 7288 74083 2039
7786 92189 101680 10360
7787 55969 43767 16555
7788 39370 38226 43433 89858 102309 112206 40618
7789 22046 54363 25809 46191
7790 12638 30220 18524
7791 30635 56402 67877 46807 11439 29522 8513 42534
7792 12175 91263 70779 15480
7793 3575 60023 19537 1814
7794 88013 53487 107974
7795 12207 94119 19194 99754 79921 38799
7796 103628 103674 103681
7797 98156 52926 6613 40441 69666 22314 64345 25760
7798 87670 32486 6875 108074
7799 11611 53674 105784 34969
7800 77727 71620 94477 5577 110880
7801 95570 36750 5504 31590
7802 87103 8315 15845
7803 17501 2854 10479 92020 75845 5234 10477 104038 78136 8385 44493
7804 21881 80499 6879 14517 2138 78207 36176 6556
7805 71536 11595 38393 15327 20043 9719
7806 79658 14525 95311
7807 14917 1908 69786 4513 92358 14375 2106 85110 32073 107983 110180
7808 41274 1215 19153 35496
7809 22675 2613 72290
7810 91803 103489 108647
7811 89934 92542 92924 49712 108138
7812 44747 13640 57911
7813 84380 8919 31590 28672 26701 108751 6351 55676 49545
7814 89215 75623 111838
7815 26269 41013 31086
7816 84722 4444 1817
7817 3805 111754 111755
7818 8481 17102 86860 2905 56962 2190
7819 72069 7443 1337
7820 63198 98484 48684 83492 99607
7821 49256 11848 109818
7822 25512 65331 110796 15663 74922
7823 44767 14503 93319 21043 36850 36681 10156 14655 14657 17800 94266
7824 13628 95709 17247 10934
7825 3086 859 107127 5896
7826 36655 15825 44502 10063 108506
7827 1526 100843 42901
7828 85393 95239 101292 62690
7829 34217 62053 48676
7830 33205 67220 65074
7831 53865 93268 76272 4390 54768
7832 85061 90943 4262 89596 19823
7833 12581 88139 3515 89574 90367 90371 31207 91121 91132 29553 97807 112084
7834 105541 14612 105681 44653 101094
7835 63772 68882 41029 30330 53396 35343
7836 86011 110023 32793
7837 84262 44925 11620 54041 14136 96078 51505 73482
7838 92966 86532 100974
7839 3156 2757 11266 89255 1749 45865
7840 87704 31817 13221 88016 88165 21304 88377 95060 6940 36078
7841 97802 106803 107227 111634
7842 66125 43137 8821 106029
7843 85301 95063 56126
7844 46899 99283 85726 46979 20840
7845 72277 4302 43602
7846 83448 83449 38084 83583
7847 5452 63963 95123 10708 109885
7848 84922 41424 95057
7849 77908 92774 7160
7850 32277 102539 52950 8015 36054
7851 91241 6120 94886
7852 6722 93911 102227 23494
7853 92656 110568 98479 75966 52435
7854 61235 51178 101005 1006
7855 18841 1299 95633 79350 7907 5897 23321
7856 88600 88601 2394 88681 88682 88797
7857 11861 36539 15307 101316 33172
7858 87667 103980 43095
7859 65711 15016 80103
7860 92566 99433 99434
7861 69591 17677 1243 84867 84898 20501 84931 10149 6648 79158 78556 84145
7862 4174 102871 82113
7863 84151 92406 103814
7864 23770 98255 25738
7865 93123 34417 43602 5859
7866 47912 69513 43433 90727 90728 52176 90735 107500 8837
7867 87732 54363 90226 32312 61499 96147 97309 96703 101573 101781
7868 66744 33927 94174 57338
7869 19015 91608 50684 100449 95449
7870 2216 55584 100018 8814
7871 91037 27008 96904 60039 107331 42069 33021 107385
7872 24210 103132 34727 106362 34194 21837 18771
7873 63757 50052 16378
7874 26677 50823 90672
7875 54950 82740 1644 33791 51698 89496 49616 103192
7876 13953 56149 95321 7715
7877 84956 84957 13207
7878 11129 45082 75353 28044 93718 87070
7879 11506 91581 41477 8073
7880 18588 82413 102416 76922 102434 87946 103060 14722 111421
7881 1620 89672 89673 80752 434 28886
7882 11683 84546 7521
7883 5298 72665 95447
7884 21365 103308 103817 109488
7885 87266 87267 19094 87380 87486
7886 31210 43626 85403 85459 7486 16796 33190 4409 85791 2143 18167 85925 47729 36176 85988 8830 4158 41550 44860 93241 9551 19676 93324 93455 78206 6289 83830 88005 101958 101969 101974 102008
7887 1297 70329 5894 34417
7888 77792 44216 12130 21333 83352 4879 8135 65297 31498 50125 22776 31712 47225 55956 44462 100602 74755 83062 100661
7889 17499 2314 10278
7890 8965 45239 109171 64829
7891 993 711 15886 90252 16637 1287
7892 85386 93674 77691 95334 31578 109092 110588 110600
7893 55924 104499 61741
7894 107476 1462 24294 100719 69953
7895 7035 2517 12117 38410 14714 59535 73729
7896 582 23654 23874 69694 85235 92599 11105 65058 98203 93875
7897 10009 94027 34393
7898 99771 103156 103157
7899 56789 40343 7257 102484
7900 101121 109344 102825
7901 1328 62389 104646 2797
7902 6441 3614 67847 45063
7903 92908 44639 99369
7904 102641 102643 21564 109307 18345 4657 72922
7905 65805 84147 94572
7906 84549 16555 51038
7907 85855 15799 86761 86793 28470 100536 100577 78590 18999 109424
7908 54962 62181 98011 79597 34792
7909 79975 72665 15381
7910 11172 82058 76 75591 106126 46123 80048
7911 29451 85751 19558 4302 12327 49148 72902 47 104239 37295
7912 14217 49256 7192
7913 6662 15178 53409
7914 16414 104943 78687 48492 99596
7915 1832 45947 88669 88684 88685 19872 71830 6827 65545 90103
7916 85878 32812 63244 64634 102232 107366
7917 84115 84168 87924 87925 35006 18065 35534 100188 18706 100208 35534 9194 551 14031 110339 83718 32410 35006 35003 100188 111269 10993 86138 79458
7918 34667 69591 18388
7919 92826 553 18269
7920 86421 86422 101896
7921 17904 32217 50374 101656 65107
7922 1539 31878 5720 102050
7923 12553 34233 11465
7924 51188 86931 11046 240 19336 44844 3929 13161 101399 24036 51627 96007 6644 2098 47223 2053 73104 110938
7925 88315 38250 41042 6413 16555 99968 99995
7926 8255 79279 28873 43346
7927 22003 14355 6363 48330 6971 93856 36071 108896 3819 108927 72869
7928 83242 41447 42153 31149 84809 84810 85751 85752 85753 41455 89680 55207 12232 98423 99281 8397 30372 107720 103489 12427 85751 83136
7929 67712 87595 93348 103916 20979 31297 36659 544
7930 90045 2202 90046
7931 69591 3914 20104 24143 7430 61242
7932 50588 56138 8060
7933 37413 5292 87167 2341 96922 2276 35027 5949 73367
7934 44745 74074 6652 60381 56929 69949 34101 7925
7935 66557 110420 53373
7936 51445 65638 102091 24306 53810
7937 54467 100340 100451 52363 109863 24630 109919 18429 109967 27343
7938 1475 69591 49256 106362
7939 8201 80086 43130
7940 81426 23986 53672 22352 18911 54377 100121 101640 40384 101710 106683 106780 9264
7941 88794 13840 65346
7942 88607 26006 15030 1961
7943 94150 79555 30435 106704 109114 5588 99689
7944 28912 23464 22742
7945 43230 88237 88238 101626
7946 58726 32864 35746
7947 36797 98600 107468
7948 72481 3458 25670 39929 2367
7949 1337 93114 3805 72298
7950 85237 37280 20227 16061
7951 14860 19329 85737 29146 103988 105068 81861 105531 105552 105560 58988 109343
7952 86492 86493 11796 107714
7953 47211 58854 54427
7954 96015 76226 108 31908 21241 25857 1355 33140 93334 61653
7955 24235 9438 48314
7956 16668 89426 33732
7957 67275 11006 67276 70022 56011 98789 2453 56204 21424
7958 85208 50880 96029 97402 111881
7959 5070 96678 43933
7960 59291 10065 108051
7961 10449 9448 29346
7962 84555 55812 5859 94356 13733 68169 94456 95335 8124 86262 79299 16427 64721 319 3429 784 8501 98512
7963 21502 151 94787 2292 2273 40885 94905 107029
7964 62480 44787 89646 31771 45617 95964 96444 97889 7011
7965 37949 32900 200 92894 69292 73466
7966 86247 67897 43667 40699 47250
7967 48855 70358 14563 105100 65874 39617 106078 37771 43011 28177 23936
7968 19208 5957 37376 47176 111637
7969 71514 105652 37441 105769 461 92012 45771 8532 49309 15381 43198
7970 23341 7600 81012
7971 9270 12353 80394
7972 67410 150 34338
7973 16250 67699 38213
7974 93434 34083 76756
7975 42665 32645 14427 29418
7976 45239 85163 106550
7977 83404 83405 87328 92886 41021 99922 100056 19808 31001 102821
7978 80244 21771 22782 97887 44224 86983 28727 2279 45476 46290 3081 69199 53376 3279 69971
7979 9106 106362 1269 4652
7980 61242 106594 96844 28564
7981 68441 107231 111347
7982 65877 45239 62475 12329 23569 47938 71825 43239 43512 90510 39907 79566
7983 70007 51541 26687
7984 29125 398 34727 3162 102264 9058 39433 5214 24143
7985 9663 69544 43602 5723
7986 3120 21507 82236
7987 69591 2845 90252 10084 3317 576 29058 6971 69298 7031
7988 88068 30892 45185 926
7989 4970 105536 108688 43223
7990 40635 103212 95805
7991 717 11580 111479 16818
7992 4209 14613 93533 44540 72574 104503 72926 5252 21972 27189 37492 89529 6434 69234 7643 34417 50129 674 111674 8541
7993 56556 18820 9033 94580 46286 79095 106887 11995 97640
7994 55007 34245 90257 90277 90282 80344
7995 97966 107624 2110 109497
7996 82946 6971 85244 64748
7997 83949 47376 77842
7998 14949 31793 56675 11213 88562 75043 53357 17505 93963 1243 75604 94217 34488 52633 99583 23088 31793 85155 19982 32429 99711 16862 60511 52633 101103 102021 32429 58774 91662 103459 58750 23088 75077 10654 31019 9326 98007 10258
7999 29762 93266 99056 37919 105828 60487
8000 98720 61607 99634 40964
8001 6462 373 24235
8002 69679 34022 81966
8003 8315 18703 109966
8004 41716 1531 61358 78850 61376 107973 97348 37136 83947 111836
8005 5264 64837 1011 104939
8006 101221 31075 62762 61242 25676 107003 107060 107061
8007 558 11079 745
8008 83454 36285 29238
8009 83447 13757 598 1297 16627 3665 10026 5859 34417 10084 96115 150 101823 761
8010 18416 4350 39705 34333 37295 19566
8011 102567 86410 9060 31719
8012 85522 22738 2281 100073 75480
8013 81085 84606 33789 73853
8014 15694 34 27373 102662
8015 90053 57513 90063 36189 101976 101981
8016 28382 81642 12869 86013 18116 93960 91988 16655 90080 8274 102937 32317 192 103315 104522 88668 4921 109476 86013
8017 49067 717 4248 3486 68546
8018 98399 102249 105445
8019 90929 90953 31432 6148 103100 103145 105878 72445 2277 35468 21716 2052 9683 73949 18269 110298
8020 91702 91763 1285 57082 107968 91702 69716 108630 1285 109250
8021 99420 102417 85519
8022 84469 45771 14600 5922
8023 6652 101053 576 110039
8024 85185 77762 85238 15423 40294 103570 75558
8025 26886 55165 57755 91305 24743
8026 10641 4748 15000
8027 95525 99825 104221 16449
8028 24269 13311 3317 76788 1207
8029 20531 95945 2773 31734
8030 84495 9332 76961 91843 92143 25863 92344 95958 48084 30307 71533 63581
8031 38298 39104 23494 102617 27259 83428
8032 72578 91422 52435 94335
8033 2891 14375 111762 108740
8034 86517 15047 55154 105256 74182 108352
8035 80936 37551 34924 96636 15048
8036 21713 35569 110187 53162
8037 92355 92965 94139 17660
8038 693 106362 3646
8039 21380 45239 24610
8040 67096 3081 72905
8041 104 79495 1446
8042 86558 30119 36130 14289
8043 60950 34417 43602 109027
8044 67198 92222 77832 4071 5264
8045 27637 96384 10732 96398
8046 3817 23234 39779 97580 97581 104461 52435 8842 39779
8047 78521 6463 104194 1355 14115 45268 108946 86764 97484
8048 60210 96378 107159
8049 16929 51970 27144
8050 63789 12547 97878
8051 48475 3610 15076 91922 92165 58644 7905 5995 693 53264 109086
8052 38702 86453 48394 7190 77674 100922 104843 60549 239 16639 55366
8053 90365 90438 96259 98222 98844 100573
8054 105201 105231 73932 43496
8055 84463 85980 62105 100055 103222 111918 111919
8056 87721 88769 11585 110561 18021
8057 83723 89852 90408 91317 91377 39486 97817 66270 16504 102202 21504 57377 104446 104447
8058 86967 8244 6949 92010 93295 94677 94684 21643 10200 14137 94913 15092 27197
8059 72633 54671 80443 84630 67877 92429 15180 28985 5424 27106 80631 96969 96024 69199 25252 62732 39433 53808 66226 87813 307 102763 37963 109246 71598 20653
8060 57292 63300 94315 24500 57774 44486 7526
8061 53290 101130 101184 25166 109351 37760 109376
8062 12175 32509 41013
8063 94577 8726 98389
8064 89441 89442 76065 9290 38261 40989 71895 68635 25262 37148 10304 91816 55985 28961
8065 31500 262 52351
8066 38213 8548 88173
8067 34597 52381 24856 33874
8068 65263 91081 94014
8069 10259 31297 108615
8070 33140 14386 42937 83431 2256 41550
8071 85271 84262 15998 9396
8072 87728 14386 24801 34577 46293 25252 77775
8073 98583 10986 8376 98123 62404 5290 15158 107070 36078 76150
8074 35078 24744 20105 30728 99182 51894
8075 15298 27808 40388 5035
8076 94074 30933 82283 97477
8077 80163 30948 101599
8078 98994 9068 2040
8079 7771 78521 71273 18741 67546 45782
8080 13788 97175 76040
8081 6701 103387 56714
8082 51180 45045 109774
8083 84972 85679 85680
8084 44540 77311 108857
8085 3055 85189 86054 93618 94586 99591 24573 98554
8086 70366 41076 79677 62377 15081
8087 7687 39458 40620 15137 105358 4970 8748 12520
8088 8535 91892 50658 37868 15175 14400 9605 5504 9209
8089 11958 11411 83618
8090 8209 3805 71910 14082
8091 2276 91828 3678 101624 102973 104100
8092 2276 25398 110398 61799
8093 17164 45470 106251 10884
8094 24823 3258 1881 80244 9568 96296 84630 37334 25219 1478 37 46421 2808 13043 5393 58931 15278 906 71863 19764 4783 110598 6788 7907 62371 98498 63288 14932 74518 25205
8095 73483 93578 71799 26802 4896 111326
8096 72011 83593 84094 9871
8097 53924 8899 38797 90022 111191
8098 23341 11725 41701 103849 23358 28749
8099 84441 88216 100825 103692
8100 76002 15020 3613
8101 25491 84940 34727 37829 96714 107151 11136
8102 5424 45239 307 112125
8103 36655 72069 72898
8104 3348 60588 99231
8105 86781 98367 36683 95606 51393 27990 98924 6971 21537 18215 2053 21167 33540 35299 39392 109664 27990 109683 109684
8106 46807 7689 33876 99660 70948
8107 39766 97934 36828 103036 82740 23537 2235
8108 44263 13336 54768 43433
8109 44505 97122 36794
8110 14753 100698 40403
8111 42053 9911 19660
8112 73482 81177 11883 6295 8160 61242 3389 75457 335 104997
8113 56704 72364 30357 106000
8114 31908 15222 58263 23809 109987
8115 9871 18787 29763 24056
8116 19676 40863 51174
8117 307 4412 46041 2312 15422
8118 54159 2215 83246 29060 10459 32645 83327 60050 15224
8119 54906 98905 89764 30308 21937 926 110516
8120 86953 53237 8939 15288 7363 4183 18263 80804 59265 95374 45951 5590
8121 14026 45423 1918 33054 14026
8122 8988 9143 97456
8123 2833 15486 59948
8124 2840 83413 68703 92195 92210 93412 18952 73608 79013 105461 105462 106958 106959 105461 109881 110562
8125 55985 20 106374
8126 37478 57812 71914
8127 13011 68872 85581 74742 86199 6288 28856 80769 6427 48189 19104
8128 99061 97669 5028 104951 11477 93033 18946 84904 58149
8129 87806 29748 82685
8130 49494 96411 103114 5290
8131 10221 9402 26368 44787
8132 46318 22664 95447 10259 102999
8133 10101 11282 93588 11282 97382 99216 100123 72264 101556
8134 27324 2814 7782
8135 23341 22502 18167
8136 93039 10394 67534
8137 2420 12495 7213 61043 21811 86420 26906 40679 3370 50003 4444
8138 84156 10326 86846 11467
8139 96505 82654 44743
8140 21080 34356 30992 109449
8141 106726 35140 106727 107826 11584 1537 107827 107877 107878
8142 5424 1722 993 56011
8143 85492 1328 3162 23341 40720
8144 96410 101373 57349 28322 110365 88621
8145 1975 11403 6147 30356 369 85077 7096
8146 39423 100073 3842 71277
8147 88583 65074 100450 27423 4045
8148 27808 39433 67877 5214
8149 57416 54129 26228 41180 51467 9033 100822 71698 1063 18820 108537 52500 84940
8150 7031 7449 8420 7011 85562 91824 38873 95033 16344 89265
8151 7943 52435 98940 104928 56493 111984
8152 16774 37930 9639 14228 4456 88374 102581 88361 7908 32990 36830 19140 83442 108187 108188
8153 7485 7631 9969 107768 109554 106552 70891
8154 21241 61835 83895 42839 85404 97391 62728 93357 44224
8155 87953 11049 1112 95030 9665
8156 4397 92683 92344 13295 93880 78285 4443 54768 17490 12981
8157 12150 54729 95952 19400 95960 111527
8158 5987 95714 8422
8159 96266 17905 19079
8160 97 306 89085 60662 92245 6205
8161 36859 32270 52342 111192
8162 48947 82479 37065 15317 14337 87804 48054 97661 109437 85464 109459 46337 110176 111651 111652
8163 53849 101381 49148 111032
8164 96989 88717 94761 67877
8165 41171 80038 47031 100864 104331
8166 20033 93244 100967
8167 103113 41953 36188 9503
8168 90969 90983 98014 71615 1025 109816 34420 112048
8169 56616 26147 75554 70909
8170 26440 89665 99059 99060
8171 99215 9417 25254
8172 85249 92003 58152
8173 90674 3856 52550
8174 93605 93636 105644
8175 29931 92890 16394 4223 23002 67411 106766 30665
8176 43022 88265 89060 107841 107842
8177 67501 10022 67877 29097
8178 10806 98220 85527 64651 63107 78726 109496
8179 43411 9028 94651 94702 95657 53858 29086 20363
8180 94876 94896 88554 95584 101235 101238 101314 101315 94896 109532 109545
8181 33208 13401 100319 4906 100580 100640 33299 20366 25542 47145 102320 107868 101348
8182 85318 85319 19640
8183 15941 22185 64136 87575 105305 106369 102250 54076
8184 90436 45520 67695 2120 3678 28749 60407 71313 90463 104151 100656
8185 9068 1328 93114 10589 80674 31278 29108 60667 17152 56735 61242 9068 103895 5189 1328
8186 57205 87466 87468 91477
8187 93660 36071 34233
8188 90745 93663 77800 52833
8189 2845 94871 8725 37323 84367 97420 10143 49809 52798 111116 39978
8190 12192 27723 1207
8191 5806 91343 2033 38100 50079 18491 78872 72259 8463 98194 98195 74929 175 2874 22619 104858 10195 24089 104885 9985 92881 72988
8192 43982 53439 22515 64903
8193 18182 39056 99263 16355
8194 86051 84630 28882 108754 53865 62045 108755
8195 1975 1306 5229
8196 89198 8350 16105 29083 36972 5146
8197 86749 86923 40549
8198 11287 17826 21516 78481
8199 18823 230 2429 4047 32038 13689 1103 87575 87576 87713 34949 67356 87763 19865 87764
8200 13171 91946 50561
8201 17729 2231 77172 91089 110486
8202 11023 17619 70449
8203 83962 12560 94478 4344 2508 56265 109319 388 65721 109639 109640 109656 34589 97507 46579 110860
8204 6143 96518 603
8205 81695 17057 76858 65000
8206 82721 194 27179 1214 30992 97202
8207 684 27833 60425
8208 88975 94211 103362 103363 111943 111944 111945
8209 9924 69690 97750 64249 12605
8210 51482 81534 111168
8211 15442 109207 64056 26264 36041
8212 29125 70919 16555 59742 13722 26269 3319 96872
8213 7146 42260 109246 15980
8214 22884 106855 27034
8215 8418 54651 57514 30622 9801 2973
8216 76846 54763 8771 88434 27990 7144 101920 41646 101935
8217 39623 93546 62499 199 918 61087 93859 26580 1328
8218 23494 37571 72155
8219 73604 31259 89964 156 15469 104928
8220 83579 105968 17420
8221 9467 41588 95572 99 41241
8222 61231 89699 79517 92461 93136 53290 95004 80155
8223 86370 86287 3398
8224 80711 94615 25634 94690 94692 80712 94693 42303
8225 66006 17068 28868
8226 21283 89577 31247 62033
8227 84526 91967 22726 16397 6083
8228 9538 61616 92603 97348 2810
8229 15998 95853 19994
8230 84099 3499 10194 84630 26557 20101 29854 38381
8231 9025 6617 10283 10607 87186 731 7846 20265
8232 6434 10589 120
8233 16707 2848 45239 69971
8234 84697 15505 92110 95385
8235 72364 59510 36655 30357 61760 79211
8236 44263 99813 39163
8237 22875 11005 1817 95568 104486 3672 18167 112180 87886
8238 85141 24253 104344
8239 1781 2808 97088 107573
8240 123 2277 29125
8241 60861 38873 93820 110095
8242 39311 70274 13220
8243 3515 58788 67941 83969 16374 58135 89559 4271 13208 90160 2947 23054 77377 85085 27096 92525 93762 67941 99661 21088 36173 99687 3364 64028 2464 73342 14037 15526 102330 68187 73341 68215 17422 93235 110987 110363 67809 111812
8244 5393 19246 2459 8244
8245 95234 7643 3819 42426
8246 9266 307 56556 86615 7521 5640 1961 11300 35361
8247 29671 83730 111871
8248 83915 83916 5095 69141 65443 32164
8249 52434 82172 25886
8250 46827 65275 97289
8251 64883 603 33740
8252 64581 85204 85205 5493 102620 11612 105950 73654
8253 45350 19201 85470 85471
8254 6868 38003 11512 73048 32921 86741 86753 84666 86835 9808 87508 83796 8356 42833 95087 32921 46862 13990 35703 13660 9463 106844 55349
8255 29123 76742 15938 65879 94913 99067 105392 105838 97246
8256 56620 27911 37376 68533
8257 83331 83332 83363 20789 111988 112021
8258 53625 11593 88591 10694 26561 45719 95163 95169 24566 52435
8259 3483 92273 72218 5745 45190
8260 278 34072 61242
8261 3820 17152 33416 103328 33062 4496 8780
8262 60667 34156 3302 5229 45238
8263 50627 30530 50561
8264 5695 5109 89180
8265 82054 3398 111516
8266 38399 40761 55722
8267 83821 83868 83869 93275 1331 109813 15644 44803
8268 84302 63299 3710 11610 48212 85974 89580 92657 101828 104426 104432 104937 2861
8269 11046 103971 267
8270 4340 99859 99152 13270
8271 6167 5214 85066
8272 97064 45328 17552 111098 5035 50193 108450
8273 9079 95963 63085
8274 58553 39147 100253 79203 10590
8275 789 28253 8842 54529 26368
8276 84361 46398 85346 29382 23630 95030 31952 30551 26790 85346 102682
8277 35600 93734 29146 74174 98037 79749 50627 82519 98285 26518 64897 55793
8278 40640 19297 55340
8279 4719 17690 6920 32938
8280 9665 85336 107916 32270
8281 43090 97706 97708 7116 4046 98712 11244
8282 9354 87465 4522
8283 30635 34397 88603 14858 1819 307 96461 19861 31973 81992 96686 35652 10545 3932
8284 80151 41310 104169 104188 69971
8285 40357 89915 89916 72726 106272
8286 106977 107011 26688
8287 4214 101698 64470
8288 53249 10822 50300 63061 47308 18277 91845 96683 52611 15033 103838 103839 71663 12476 108386 32044 2566 108761 69801 95805
8289 94292 2993 19729 13161 46914 52045 5587 87386 108699
8290 2285 43810 111561
8291 28317 10986 76168 7035 89704 18221 56606 48989 12519 9400 99602 2517
8292 84425 84426 101754 68954
8293 17046 94273 8128 96495
8294 28113 68074 44913 24058 20626
8295 70025 3220 64842
8296 96092 11912 100904 78155 101107 47649
8297 81025 97419 60589 70661 19548 111216 9429
8298 10108 68579 69921 111340 26632
8299 46993 85060 85061 94260
8300 95880 21491 5980
8301 42644 5236 6305 22501 97709
8302 67622 101265 108602
8303 72665 47927 90608 31014 83799
8304 67198 10307 5294
8305 88149 14777 27360 1896 100126
8306 95459 88287 13636
8307 86607 7698 102133 105437 106557
8308 14847 15736 22503 28932 7364 21590 72879 75587 94954 12554 35908 16989 26165
8309 109579 111481 111483 112285
8310 64353 4846 94077 60811
8311 85601 14405 85851 40567 50318 45512
8312 1397 34417 45612 20043
8313 97033 32888 102493
8314 21131 94610 93395 34339 20873 61811 30530 29125 99949 47381 100001 16657 93395 78694
8315 94084 94085 94348 94349 98436 100507 98568 109322 109323 108103 109349 94349
8316 7031 97985 50365
8317 84205 87166 33685 4933 45009 51000 43879
8318 100116 68713 100342 36750
8319 30727 41374 12422
8320 24278 14041 91308 3190
8321 83485 23233 37816 230 307 1015
8322 13543 4150 16748 58833 28841
8323 4920 78346 11613
8324 63434 16916 40829
8325 100035 90850 51801
8326 68214 10014 98163
8327 14544 97241 80631
8328 23512 230 67877 68835 109266 66809 11496
8329 17853 89899 54375 42142 94926 69199 107658
8330 46512 46049 47144 11447 67877
8331 7031 34233 1471 47
8332 34051 88916 88917 93716 16903
8333 67411 67220 1496 13208 61856
8334 68975 99852 15790 104658 98840 3813
8335 4848 52435 101940 96689
8336 32476 16365 85066
8337 15140 37517 25886 9968 52435
8338 100419 32 19425
8339 57679 96088 96553 99593 99759 110411 107441
8340 12323 67720 5929 67356 29470 67120
8341 6231 43602 717 761 111713
8342 3317 7130 725 14026 39316 98444 8315 75550 16993
8343 11422 56893 24664 99734
8344 75246 102791 51738
8345 6634 40593 15783 20166 17710 54041 74587 98853 107055 108128 54041 108884 110055 68186
8346 1368 31149 9954 106887 104928 103807
8347 91741 50694 38326 101602
8348 20327 39355 99246
8349 87935 87936 87935 75925 110241
8350 62601 53439 106 13103
8351 86971 58627 85624 104294 59774
8352 93965 73396 96113 13669
8353 4392 7055 36028 126 79510 47644 97150 5085 98246 91931
8354 50534 96670 101186
8355 41838 43861 105006 5379 106465 22516 74236 110741
8356 27189 96162 106570 16319
8357 1543 82049 9328 102877 65398 96822 70087 8095 101875 1543 15345 23697 107241 107280 10107 76318 38979
8358 83556 91281 103595
8359 26802 107163 319 35361 22162 17033
8360 53674 13829 8541
8361 77763 2731 7538 33054
8362 89787 90097 100297 82345 199
8363 71863 11343 13280 3099 93052 56023 1397 9328 22536
8364 84255 85453 29058 66410 63306 14645 86728 18708 2800 4515
8365 1368 95245 20443 39057
8366 93256 48844 4104 21760 96689
8367 45061 111487 73003
8368 46421 97 23891 97437 108094 109165 110642
8369 101066 61342 78062 39549 112050 65714
8370 67877 78372 105914
8371 37949 84145 54041 64800
8372 78030 25502 81212
8373 3278 68336 31149
8374 86341 86401 86402 17554 107461 105437 107884
8375 20043 84145 67510 64800 37919 67546 4144 7302
8376 78686 104699 109026
8377 92644 254 17447 92855 85684 98882 58607 98883 36972 35829 6358 87801 48 60479 50633 110875 111002
8378 60967 9079 39929 92739
8379 55105 93556 9467
8380 7600 61324 89170 10220 11558 5887 6524 31030 17555 30470
8381 23994 96526 33054 97379 14026
8382 14614 36210 22940 55763 28833
8383 75540 51793 3838 78148 15865
8384 88604 96030 103954 34026 108984
8385 83109 83119 93466 54853
8386 26400 1981 80631 34037 5828 66158 1742 85123
8387 100897 76320 45771 14436 11169 10710 2336 108292 4692
8388 97277 107064 110890 111096
8389 195 81086 105152
8390 43943 91077 17130
8391 31895 85487 99696 28958
8392 60667 90806 23405 68400 16797 36859
8393 31857 28470 27342 30727 57968 102318 86641 1498 14217 14544 48978 1297
8394 45239 6970 10657 85066 8394 521 14854 1750 6865 78457 13183 82426 1395 74463 10077
8395 106725 110976 5286
8396 85240 11608 35609 17858 96748 7978 11832 51178 96022 35997
8397 1633 95086 34816 51541 46989 108201
8398 28197 96687 99271 102741 66567 105381 17733
8399 6032 61242 6634 4442 23341 18041 12981
8400 1569 24409 41408
8401 41071 103346 17814 78650
8402 2181 28157 85066 48406 30503
8403 84465 92766 100926
8404 68672 14408 16708 35370 65247
8405 94612 14034 22329
8406 38015 34071 6948
8407 4101 14405 108239 26656 93104 75148
8408 91504 91505 88405 98823
8409 594 42749 95178
8410 34423 15913 28827 22948
8411 89228 489 10949 15046
8412 26269 27712 24001 11862 88308 12987 3825
8413 1141 109029 34167
8414 83589 39626 6603 15934 16442 85641 98016 98966 98967 102115 56708 105241
8415 15943 98115 98116
8416 37280 87014 73854 43527
8417 76262 81333 56094 20701
8418 22782 83799 42901
8419 1031 30233 92471 98439 87040 103887 55718 62033
8420 95959 20363 10195 16605 3329
8421 46833 94794 23681 94841 89669 102051
8422 86270 87154 32832
8423 79180 71789 106284
8424 3363 6652 460 7295 101758 67069
8425 98083 85066 43602 4609 59723 105079 4694 105834 12737
8426 9209 6259 48314 105257 96936 15480
8427 25269 83941 90608
8428 78856 7937 61339 34371 89121 1548 22731 76344 103119 64616 18962 41490 89121 103829 70222 106085 51795 13027 107667 107668 59100
8429 4481 30276 69235 91517 25709 4539
8430 93039 87815 12793 30635
8431 76453 84167 63628 85498 10770
8432 46691 67120 44803
8433 639 83938 99646
8434 69215 11911 1207 51713 4302
8435 84100 8257 15480 84152 31871 3332 103523 98457
8436 46107 31361 102887
8437 85025 28661 31297 86766 14897 5214 94631 7715 49787 2800 43662 1749 9503 87815 111846 5872 5803
8438 34157 85951 69870 86320 86321 26516 12370 1297 72383 101734 101801 104051 8838 85070
8439 6916 100411 100915 103353
8440 25208 72845 5188
8441 69053 99942 11989
8442 98778 28815 48355 98845 95910 98877 95745 105804 91716
8443 52435 16114 19604 52435 96874
8444 36958 4318 109279
8445 4565 82233 12370
8446 89189 34482 93760
8447 42737 28056 92367 5841 96970 97038 111827 65487 41670 111901 111910
8448 17555 2908 107296
8449 33368 83955 5241 38837 27829 105723 98269
8450 60608 94928 85641 15169 28230 59006 95108
8451 19714 110941 54170
8452 90834 58869 90840 37044 54288 106889 94151
8453 83499 56011 89592 97321 24447 8770 34100 89592 25001
8454 15953 90664 95167 104126
8455 62408 10761 35531 104259 9058
8456 103927 5068 85641
8457 73190 16041 104471
8458 38793 96368 96369 96803 74711
8459 35248 48314 6236 16605 18762 11862 94271 20210 110304 56236 110673 7010 97007 20531 56029 75866 83411
8460 100111 55225 103615 105717 111633
8461 26865 19604 4513 81085
8462 97178 12581 104210 3317 10560 13832 6105 30366
8463 94917 96245 65453 85985 108278 109193 42727
8464 80597 85622 59683 11591 14595 6810 59653
8465 55550 82782 33641 89885 89886 79960 89900 45184 92799 92800 12694 518 31149 89376 93750 15129 42120 95017 95026 26196 90215 80470 26178 126
8466 88202 90815 26267 48787 68211 35901 109112
8467 4536 97640 87298
8468 84082 31267 23649 88012 87151 10825 41335 103639 15080
8469 100059 2676 63920 100582
8470 81697 76307 911 41767 12144
8471 101013 102404 50885 24302 108091 98091
8472 56335 693 33903 1103 15046
8473 92440 91917 36950 6812 82867 45121
8474 56437 75362 111089
8475 41013 6587 8267 30917 8221 112031
8476 14795 30 53874 10560 1328
8477 319 90464 79944
8478 16085 4557 19413
8479 86961 107657 82111
8480 9705 58023 8484 1475 94920 67115 1871 8484 3645
8481 12175 365 61366
8482 89648 784 95766 55886 99749 57457 8077 27903 40166 165 84555 101948 11906 89529 70889 1382 56204 95766 105772 4063
8483 50610 20466 1563
8484 92939 94390 3759
8485 18897 80540 87057 86248 87165 71892
8486 34870 84096 84104
8487 95078 53162 50588 47137
8488 12072 33054 11179
8489 24823 29522 93222 30723 38025 46074 789 15821 81608 24143 24449 103790 48930
8490 22162 75 27775 19847 33317
8491 82980 7049 71056 60240 60318 13091 99991 50160 100007 1912 100465 96777 100484 100512 25538 54159 20531 111083 45973 22381 111100 11887 111639 10221 62242 111680 111722 95588 50160
8492 17496 85081 13227
8493 1881 89431 68761 90012
8494 6990 94830 95208
8495 49256 78438 91323 79943 89809 52135 22731 99151 99690 15908 9127 39009 4003 17002 84555 110211 16123 86532
8496 1959 10489 36381 2517
8497 47 20265 47
8498 80375 7192 5855
8499 79221 13018 35007
8500 9943 94022 94579 94581 94587 57077 109450
8501 83301 71011 83635 83740
8502 30346 13695 23088
8503 90594 7236 16566 21466 8160 104959
8504 39352 53701 6822 23405 47621 36054 62973 101852
8505 70051 22804 11906
8506 7692 58001 15938 4104 12538 102695
8507 59471 82426 102589
8508 89599 65074 23697
8509 83980 98343 85786
8510 82991 51032 108077 108108 108109 108117
8511 93537 93561 93568 97913 98105 98331 72870 110255
8512 95164 41177 20517
8513 44224 69971 102819 102152 64682 6086 5235 98422
8514 69668 90581 61137 99121
8515 86125 67720 67488 86287 10095 45205 4192 85123 33295 335 330 91503 19383 7077 91522 41406 13811 58146 4777 10095 29470 31838 81527 92087 21855 41828 38025 99540 104153 16380 14207 22875 4536 29470 25680 5922 29423 82345 1832 1163 41276 5214
8516 43080 43100 6670
8517 16295 62732 16587
8518 64903 56616 69120 59916 98904 36260 61627
8519 228 82653 75676
8520 78315 8037 5400 80733
8521 34287 39042 73674 85667 110359 18352 34287 34220 73695 5919 13826
8522 86339 87568 87642 99809 12254 95675 27368 108041 29162 108277 108278 108294 108295
8523 17422 87040 4536 319
8524 87664 90517 85162 109102 109182
8525 88806 64191 25799 15373
8526 15845 21732 894 13332
8527 92834 14416 61856 30291 95665 6288 9954 28207
8528 6797 85232 85233 47194 15249 24683 45247
8529 6603 96024 81314
8530 12146 73722 13413
8531 46411 68003 4874 15529 12758 58122 1892 2833 56019
8532 87326 12921 28322
8533 89604 17107 7636 47312 84792 18112 93070 94832 18488 80086 75449
8534 65042 22798 20778 92881 99600 55354 13799
8535 93073 25301 11777
8536 13909 106894 51478 46878
8537 4809 3742 103155 16949
8538 14264 69290 89809 7960 91968 96012 26906
8539 11122 10766 110792 10587
8540 62545 91946 30350
8541 8893 43894 17522 32756 40434 98786
8542 11802 95928 5244
8543 88482 91147 56285
8544 86311 4209 492 41305 86475 58534 13815 86618 2567 95805 56284
8545 33982 86804 56317 96165 38998 106451 106452 48368 106976
8546 42701 41588 38383 3810 75111
8547 4897 8777 20677 41013
8548 83514 71487 92086 96405 16798 95505 46020 8418 78439 71487 83339 104222 13171 96405 86058 16798 104677 104678 105439 48314 106446 110334
8549 36787 81401 32906 2947
8550 230 14207 105419 67877 105664 67872 100136 30503 11314
8551 89752 89753 9705 50252 68579 15000
8552 10281 106920 107506
8553 1750 7260 27990 56011 366 39978 68546
8554 29010 90768 2063 90769 97631 102599 742 78639 79118
8555 3048 96190 47837 102529 102530 102788 102789 3727 52435 61654 2800 27808
8556 83278 100503 64122 48879
8557 92808 34417 98439
8558 4970 43685 307 69319
8559 61043 55042 82847
8560 56694 2808 97
8561 72384 24856 67262
8562 94510 53865 56011
8563 45769 9627 95154
8564 6706 58698 33317 111545
8565 85449 98630 68167 98034
8566 84394 3595 101341 10906
8567 1994 10117 382
8568 43937 42749 71830
8569 92356 102837 75845
8570 98959 98960 44053 98978
8571 48385 34926 3863 31976
8572 47779 100719 69101 100720 38616 13570 70022 59132 86069 103855 8659 107627 107991 77416 108054 69101
8573 12414 83256 11010 5400 95325 62692 106766 106139
8574 9871 9196 90289 111167 59948
8575 8837 107723 107724 37323 8870 108251 1886 108282 108283 27503 18251
8576 15796 63863 100726 3649
8577 71375 33190 47729 110958
8578 86418 95403 98806 98912 109095
8579 76741 102498 27910 7144
8580 37259 6595 11287 71960 98109 69213 91483 18933 19042 98288 106592 106029 16762 15799 96495 14146 4520 110039 6970
8581 17632 87196 87221 262 21262 104054
8582 12494 99550 14702 54427 110415
8583 83719 92319 26701 31138 8478 102029 87425
8584 85110 70733 69786 5618 6578 8091
8585 42993 18729 9832 94697 1634 106211
8586 56616 1297 70849 22679
8587 86765 94725 37962
8588 84830 84831 94382 94411 78273 7005 1929
8589 95283 29297 103719 9551 37140
8590 31589 67100 104991 31187
8591 878 11794 77995 60667 52199 6236
8592 25914 46358 10793 89693
8593 103326 31880 103370 30981
8594 108509 108533 46295 42223
8595 25928 319 1267 70386 26228 94817
8596 71536 1564 78663
8597 90293 98599 98694
8598 67108 70185 103818
8599 82686 65383 67877
8600 70449 43433 107199
8601 95981 96421 19604 67427 7048 31259 84069 59 52767 105757 71343 104607
8602 1972 50324 4873
8603 37159 101616 66771
8604 68328 11595 26561 108649
8605 42503 18016 2052 1297 69278 110850 110863 103366 97640
8606 83452 87309 99183
8607 15498 21669 5841 67389 41056 14942 20559 32877
8608 98365 82355 74130 8389 104117 91512 25225 105883 57333
8609 32184 97850 97941 97942 97965 97974
8610 55181 43981 4038
8611 108654 109060 112179
8612 83138 67283 84486 95035 95042 54906 48161 88374
8613 19686 693 90651 14580
8614 3220 83777 96885 16670
8615 16046 91149 16425
8616 40260 54953 97 18096 14912 54469 35007 83437 104290 112300
8617 24272 12921 100805 28540 110063
8618 98038 97531 60090 98184 98185 103303 103321
8619 8917 19571 2873 97960 388 9776 66996
8620 28293 61269 75506 85632 78575
8621 16440 7021 45735 97972 23369
8622 12527 22217 6603
8623 45837 35817 43910 13091 10462 13091
8624 7387 95032 74045
8625 89969 99439 99440 99854 74042 101509
8626 69268 89876 89877 89898 61873
8627 85936 93788 91004
8628 14858 87295 61242
8629 67685 59359 79583 88740 83987 61242 8745 102897 102898 35048
8630 95037 95062 90655
8631 30871 5716 5460 108323 19969 64869 12177 77887 2052 54941
8632 11595 69215 34417
8633 44933 36285 16480 45114 86996
8634 5618 52434 13385 15674 14881 108768
8635 91869 92173 20636 95510 12113
8636 34727 61512 56622 54796 64973 43602 36106 29807 86522 86556 8605
8637 17199 30503 35270 366
8638 34417 80278 11995
8639 43479 33219 12010 31790
8640 40414 36848 18588 61467 25183
8641 104110 307 105021 71214
8642 7887 103204 41765
8643 39206 41097 98905 84813 46706 8134
8644 90155 102054 51761
8645 83121 22733 24390 4328 93491 57788 78447
8646 61265 33669 239 79960
8647 66443 16502 34848
8648 97808 7482 83339 6979
8649 4749 99025 27205 33463
8650 46714 83151 104787 13509
8651 7164 52743 59283 33908 62550 54711 34417 84469
8652 4692 26368 32384 2113
8653 7519 111770 111790
8654 83800 49236 29129
8655 8014 10278 2154 96533 11282
8656 843 85644 12714 87592 67612 86975 60785 24560 105583 3784 111215 110441 75966
8657 105910 64528 35127
8658 3164 5875 92503
8659 4903 4443 78285
8660 3823 56204 23079 111346
8661 85365 85366 74301 87090 105517 85366 109328 34730
8662 7295 41557 106783
8663 4522 59006 58442 22960
8664 9499 2224 6120 3628 55811
8665 94646 1053 46854 4104 8406
8666 66556 102027 28442
8667 9403 99849 8375 6075 90841 82786 38045 32898 107515
8668 90797 40936 21581 99473 63974 101465 56250 111840 61221
8669 40975 92912 15500 82250
8670 3943 1810 36358 8717 100173 100174
8671 4032 76674 48948
8672 50487 101934 52550 54466
8673 6561 3574 27343
8674 69779 110645 57807
8675 83648 4346 44439 11640
8676 95563 84016 28770
8677 175 27527 37044 47262
8678 13123 58329 12520 61242
8679 1886 6552 52097
8680 74081 105774 110124 110125
8681 87189 87190 105783 285
8682 63033 88279 18295 862 878 26050 25947 101860 46603 5290 80250
8683 45239 4513 103777 103784
8684 80307 8408 92289
8685 81108 3549 10640 107001 107002 108149
8686 18893 15044 49886 61037
8687 85612 25928 60347
8688 8528 49256 57631
8689 98495 3554 110567
8690 83195 96716 99161 38997 8785 106015 36760 108311
8691 91635 71825 5028 9505
8692 72011 24868 72011
8693 67546 2256 105943 26264
8694 83501 76857 14634 27573
8695 94997 93552 99360
8696 85697 58246 94398
8697 88023 2081 62958 22903 104679 35769 12966 35802 53351
8698 7764 9468 83203 61841 25732 4173 46659 83421 93755 96230 21811 92969
8699 18116 59700 17895 13035
8700 66878 45308 28881 111926
8701 65000 1111 5880 5922
8702 109883 28535 90902
8703 10359 21109 12557
8704 55718 88246 15938
8705 86179 1795 7930 16634 99225 109836 941 111199
8706 68865 39892 16636 85696 86026 93553 95398 95406 46484
8707 21264 17050 109544
8708 17756 22918 11483 22798 67427
8709 105821 65622 42712
8710 1112 92990 30593 28537 68794 26085 20699 13423 64903 61242 58726 612 5284 1287 49823
8711 61959 4858 96148 97237
8712 97837 22527 108961
8713 90255 90470 108281
8714 106766 111342 111409
8715 29470 96184 99937 1165 60011 108140
8716 177 92768 105061
8717 60766 41126 308
8718 81401 72268 87512 100463 3475 34486 19675 102761 21694 110286 5163
8719 59902 5787 55270
8720 95805 13754 96519 68794 41670 18047 1113 25001 28932
8721 38298 97069 30 17346
8722 14427 24360 98839 3854 65494 77479 53270 100137 101733 3282 102919 106502 111830 5949
8723 21590 715 663 16978
8724 84596 10009 5396 38799 17905 1360 100884 105502 97925
8725 8912 96482 9079 7716
8726 2653 2192 91153 7412 53748 56520
8727 5424 86214 5922 72423 30762
8728 99882 99883 106467 106468 91064
8729 1446 13338 23036 47476 26232 94295 99735 6756 45344 78521
8730 70131 85404 62981 62347 26518 50561
8731 214 42198 4970
8732 31247 3646 41070 105992 5417
8733 96042 53270 4719 37364
8734 12527 8970 28300 48 61242 1737
8735 95154 103614 859 3317 8077 14401 61512 5960 58838 3753 52543 14498
8736 84768 442 18441 93880
8737 16695 34265 70337 9765
8738 7521 83756 96207
8739 4209 1772 108325
8740 90360 17091 70679 37889 78051 81533
8741 230 76182 4104 24199
8742 24069 102835 20091
8743 10022 65362 498
8744 88939 98949 97758 98968 30189 17797 94720
8745 4949 76867 89376 65559 31210
8746 61242 22502 36036 89784 92990
8747 16555 107095 24252
8748 12805 87755 44309 5670 21784 15647 60235 2876 60180 19865 2106 44309 1515 105704 12370 14217 50639 15647 87559 15206 5242
8749 6248 15500 30470 46988
8750 56011 4809 307 78328
8751 21685 70101 9333 3805 46858 805 81025 1337 91826 29337 16873 37833 10244 105170 74735 105176 20557 9463 92604
8752 67877 90290 23240
8753 71363 4846 92814 95575
8754 60643 28168 102485
8755 73353 85867 14082 36524
8756 10671 86375 11669 73820 21393 81030
8757 15325 5211 111550
8758 100811 8116 45771 277
8759 27851 92235 27632 105819 33528
8760 31925 4302 97235 18142
8761 2445 83136 67356 6971 4513 279 87450 91667 109665
8762 84354 19046 56323
8763 15938 5251 31955 2115
8764 9645 1569 96226
8765 4561 34483 95830 1103 15743 106839 5333
8766 1330 6314 57417 92344
8767 92808 14289 93380
8768 51042 1399 28529
8769 55537 1337 19153
8770 103225 48217 71048 107422 99629 21992
8771 94364 64868 103304 47340
8772 89109 89110 22001 91213
8773 54867 19138 96331 2465 41420 3561
8774 14041 100048 104313
8775 6097 4292 87040 68148 108284 7302 109460 110155
8776 93969 94130 94131
8777 4711 83994 83995 15351 84553 84554 20104 84808 1785 79960 7363 12538 54640
8778 103489 13208 3210
8779 37527 64651 39929
8780 56420 30630 4331
8781 11049 8315 67158 16681
8782 15843 3486 21409
8783 53697 102910 102943
8784 102376 46944 16911
8785 79778 28932 2703 90120 19067 78372 65362
8786 85837 764 104090
8787 59523 26228 2428
8788 85774 94845 21839 16832
8789 86073 87143 93591 71076 96584 4720 37512 18990
8790 22952 5139 6917 52540 27352
8791 100327 47968 100418
8792 91858 39978 25409 56204 77935
8793 49568 48111 74787 81473 90286 68479 7117 76182 96900 34610 307
8794 4302 6788 384 15529 2106 84874
8795 7164 5894 70418
8796 90514 92498 102448 107939
8797 45268 21216 7846 66311 518 67847 4157
8798 94897 8494 27379 100726 8420 8191 28164 33966 16908
8799 1975 9746 98064 98065 98107 6540 63933 10828 29497 9068 99704 3267 27960 4033
8800 29802 9971 35740 9969 106535
8801 85228 109039 66888
8802 215 26264 24811 4692 1399
8803 31831 2453 4086 37316 3317
8804 83581 83619 45887 24477 89798 27829 83581
8805 77071 104270 7535 108848
8806 13260 50350 16003 84263 10894 34258 83917 60673
8807 19622 56720 102437 102570
8808 74127 81025 19980 58023 104722 61242 104784
8809 67877 68846 82089
8810 6635 15293 407 63626 17385 14567 85289 86888
8811 11046 38158 104521 106802
8812 83853 59819 100572
8813 32552 75112 16896
8814 67053 66885 91158 68344 17358 30728 26243
8815 87098 55778 20462 59563 48853 16178 30420 60113 12146
8816 33409 9895 11996
8817 65252 1361 11014
8818 3622 951 3622 74824
8819 3233 3235 13931
8820 87841 87984 109162
8821 86005 90824 45410 27120
8822 92349 14503 13413 3428 20725
8823 18635 71911 1595 105864 71383 11878
8824 30678 5056 37807 55852 102750 88278
8825 3805 5424 67877 45239
8826 89900 90364 15373 1920 8825 5301 52534 12388
8827 81085 5499 72665 6777 93521 69292 81085 4565 38157 13840 39265 56942 37295 44127 12564 10664 14897 37295
8828 7747 41425 17775 67877
8829 9391 61242 76139
8830 33409 10708 33509
8831 104290 16952 17670
8832 3805 4935 12465
8833 4302 73273 26368 25800 85334 53067 41549 32073 603 76272 4346 6964 98283 80125 99702 11304 4302 99752 8052 26821 111240 111253 84145 111288
8834 33772 7412 51797 67605 27776 99470 81025 82049 21610 99574 83983 100465 94258 82527
8835 101655 39120 16638 111974
8836 17833 100385 57787 101312
8837 38793 55695 79588 40308 7519
8838 49698 81894 35371
8839 93759 19042 32048
8840 715 4565 58038 1736
8841 21443 23341 41999
8842 7920 66 3441 83799 1908 83726 7002
8843 74956 95279 29051 84960 75740 87060
8844 88422 14677 62516 60487 95691 262 44896
8845 23530 20209 87753 16149 2517 97001 97002 97178 7075 9400 2855 32822 12905 65031
8846 4657 94114 38410
8847 6599 108065 2844 106984 5896 38976
8848 85700 85703 2574 25543
8849 319 335 20919 1287
8850 22736 87141 12851 95900 65713
8851 4292 6732 35053 848 53314
8852 86125 5922 30079 4536 22843 12210 14034 6644 71630
8853 104876 30583 11658
8854 85616 85617 85618 69584 85693 2851 68160 23896 75516 91254 96005 69584 96039 75960 7392 91740 43198 8925 46807 63608 18069 61203 108907 110585
8855 12859 5290 3465 6148
8856 4063 26150 39978
8857 97107 62630 11878 108453 108056
8858 100540 16022 80322 107158
8859 2428 16743 38178 30543
8860 93515 61242 74153 111474 104436 111889
8861 55985 63543 49440 4909 6648 1328
8862 83142 19861 105002
8863 2848 96429 10217
8864 10022 58214 29097 16522 17107
8865 89171 19272 112220
8866 4444 7193 84430
8867 88937 33820 84997 97885 27775 19980 53674 34058 99023 12716 99137 99138 26687 26515 101303 33381 1892 60434 40435 19980 1361
8868 75541 92622 7615 70202 2787 17021 110503 110528
8869 38084 90728 91792 94262 26905 63359 95212 993 7970 1920 21860 83570
8870 86739 74255 21623 91772 97036 97746
8871 17026 92680 9403 17026 38214
8872 10715 90993 67877 104985
8873 17677 75 73482 10602 67994 93989 58089
8874 27 1287 29554
8875 23831 66279 7440
8876 16616 37736 109984
8877 108843 111208 111228
8878 27750 106261 106692 108146
8879 1328 4970 10989 76965 13010
8880 61856 83136 69498
8881 56204 46214 35195 705 6040
8882 7477 14026 33054
8883 90121 94375 94376 42603 79731
8884 20445 87848 21624
8885 52633 3055 3026 3055 10932 109941 109994 2646
8886 43433 86108 20729 1936
8887 54717 12152 18651 33739
8888 10422 43602 1297 5214 43602
8889 86361 73110 24261 48619 67042 2500 14405 81179 44864 93104 70995 98474 71237 108667 59907 27617 4674 73109
8890 89149 75929 109000
8891 28415 91296 99926 2246 104532
8892 69388 109405 32783
8893 65074 67877 45239
8894 3027 71947 8592
8895 69801 102950 110265 77094
8896 84399 51400 77844 35291 62306
8897 34727 100132 25563 39978 9127 3784
8898 230 78931 6035 67877
8899 50070 88326 5253 23036
8900 75260 24050 110595 96798
8901 8443 85066 91609 14696
8902 33344 19104 2872
8903 43771 31894 91335 76079 100708 41513 78207 41108
8904 32396 15694 30209 9531 57640
8905 71190 23925 92632
8906 28745 93123 93162
8907 21472 14619 6587 49412
8908 74843 5700 9328
8909 47911 825 65346
8910 48487 89444 11409 71535 11148 107429 26443 109489 12123 11373 23561
8911 83005 96493 75074
8912 85835 44588 6561 4172 109166 50225 109215
8913 85526 22063 25687 37847
8914 45744 92578 83452 97652 97653 45744 54347 20888
8915 86280 33586 46854
8916 25171 103974 59723 3302
8917 62150 98832 98854 99324 99410 99411 109106 57227 111200 111201 111202 111311 50927
8918 18577 17160 103934 57058 51437
8919 50436 9913 21365 97665 5733
8920 789 53419 98248
8921 4047 54711 106096 34298 12427
8922 56856 101266 10175
8923 73302 89311 89619 79034 28433 22268 77115 12735 92596 92602 22604
8924 84923 108928 110918
8925 27911 307 90368 102671 102677 102678 69769 15278
8926 12906 56483 4938
8927 5393 82661 4783 70975
8928 90727 38117 107701
8929 19719 8911 94676
8930 85176 61945 56735 74030 33944 17196 6109 57416 21993 15410 100954 108824 19991 46416 108885 7798 8604
8931 39317 74019 29901
8932 13895 106149 106150
8933 79941 21967 58068 85728 35028
8934 89748 46088 37467 95972
8935 83729 84456 84457 85246 48894 107930 88072 108010
8936 22881 73023 41588
8937 84046 24046 88584 80539 25182
8938 37144 90898 39415 57522
8939 9748 97171 48094 97195 97196 36381 28807 107220 83067 78687
8940 98968 16555 84525
8941 18677 48641 62315
8942 8035 94291 5399
8943 76870 91888 78148 20677 5909 27324 2814 31080 3574 51738
8944 72207 33733 60419 12465 100555 100600 80665 28737
8945 86974 17248 96355 83580
8946 46247 17802 9911
8947 84990 85469 24521 97911 46498 89549
8948 69072 83744 67345 99105
8949 67818 49766 92056 14330 99532 98680 86271 31912 97539 30725 11541 99746 31034 99799
8950 14824 99426 13027
8951 44230 8735 8514 91299 1314
8952 39368 234 13221 4598 75303 20760
8953 31149 84638 84639 70907 8162 89087 103072 49148 108370
8954 28841 93262 111155 50557
8955 96746 51042 17345 17543 5737
8956 14690 28164 31337
8957 83987 9705 14753 97271 47835 52640 97299 62045 13413
8958 21167 22110 47222 91271 34356 24056 103052 6383 105858 105893 49232 110393 41326 10727 111684
8959 15671 93666 93667
8960 98445 101290 101291
8961 29480 35036 100515
8962 27883 85472 35262 44224 99570 53298 107960 109944 109945 85472
8963 11106 12769 47057
8964 85254 32251 418 98815 365 27580 85080 84006 99876
8965 27257 19153 90919 15298
8966 36711 83512 17288 74372 97860 98417 105449
8967 45520 102536 27505 102546 29210 102547
8968 57411 67376 52833
8969 51974 98831 98833 20325
8970 16930 47085 105304 1682
8971 99003 24559 3773 22041 108655
8972 27034 26064 86380 83799 37689 98583 61811 18287 41459
8973 30221 33009 99326
8974 21420 54529 78361 92420 43391 100150
8975 49440 97535 91396
8976 55985 2800 366 27724 93308
8977 90423 61673 5995 13813 3819 4969 17720 5602 2790 106110 1871 319 5995
8978 93739 93740 107502 95569
8979 2338 26939 25892 52351
8980 51411 93917 55537 10121 55181
8981 46210 96024 83987 83129 3864 4157
8982 46611 3691 30681 12600 17043 98758
8983 2326 92881 11049
8984 92251 92629 28467 94108
8985 2953 3198 8592
8986 96606 67756 12738 86349
8987 84337 76760 107851 53865 64903 7521
8988 6952 54458 36177
8989 14020 87494 89288 107993 9328 63192 72155 5399 48008 22090
8990 68586 93398 13111
8991 44348 3573 4891
8992 107219 49483 107221
8993 60922 105090 105250
8994 81112 1874 40146
8995 27372 97668 1595
8996 84555 8394 104928 918 453 844
8997 12990 81314 56141
8998 23703 6086 100042 15682 19479 45190 2872 36036
8999 76733 92029 81512 107146 41950 27291
9000 42665 5811 41953
9001 7018 506 77887
9002 6540 96922 41013 101965 2157 718 83310 19640 16755 13832 3465 8015
9003 3407 11016 33713 96913 78746 96940 96941 95148 104160
9004 21998 86082 25841 86083 60693 25841 15381 82284 89366
9005 89791 56865 97656 90550 91258 101880 34428 110687
9006 86120 24496 55022 41588 97955 14168 4506 12916 79632 100134 73000 68589 68533 107013 8987 24496 61947 12462
9007 11422 7473 101161 110951 26264 47354
9008 34371 993 99629
9009 34486 9531 9184 38825 56924 48740 80244 40466 70599
9010 69551 75075 107819 107821
9011 67109 103950 105293 105294 105295 105296
9012 8659 90637 31955 90677 24089 101031 98695
9013 4167 65229 13611
9014 26413 50510 89383 65336
9015 83683 83685 85385 92306 95439 55230
9016 103458 13014 110149
9017 80415 88667 88668 88878 28900 41652 88667 5317 5482
9018 22731 177 2541
9019 48030 83664 102417
9020 13413 111436 111437
9021 83709 95981 92569 96001 64136 97640 109208 110713 107983 110751 107873
9022 17439 19697 44283 44393 44065 22820 19014 91169
9023 10710 58584 12052 98168 67427 98199
9024 87247 87279 87330 4758
9025 57132 10370 73567 5844 28868 68191
9026 97 17285 49613 97244
9027 40074 1061 10265 92935 111441
9028 17457 53801 5295
9029 28157 6863 84835 38260 74164 8353 99759 29511 104692 33948 89236 108591
9030 108361 7486 6910
9031 29291 1348 85986 41486 105463 85110
9032 104719 107871 107885 107886 107906 62792 109574 109686 15841 85509
9033 52944 100556 29125 37930 20652 15788 9358 65229
9034 109763 109765 17549 86809
9035 40024 1433 50610
9036 78457 558 1719 19217 9328 21669 2103 37056 58675 37056 27004 14217 45771
9037 17640 103319 48433
9038 83265 66398 92205 6105
9039 86297 57255 43791 67877
9040 78428 92831 92959 1492 100320
9041 90389 55663 14423
9042 67266 78 12864
9043 94827 94834 94835 94932 50727 98754 65778 106091 106850 53476
9044 47284 71472 5214
9045 47508 14379 103566
9046 71841 33749 64233
9047 41379 2603 103118 25683 107727
9048 76044 5689 35354
9049 772 20268 43651 97640 916 69627 105424
9050 101086 107703 105058 52908
9051 10863 104812 108802
9052 88992 19604 96690 69763 18677 97302 84639 10629 96083
9053 50396 39212 66266 15019
9054 3278 76096 79811
9055 76384 31889 53609 19920 29596 12521 9996 111408
9056 98370 15951 98376 20677 39726 103004
9057 101047 34933 101048 18334 101114
9058 62220 510 1496 1328
9059 95732 29690 18637 88208
9060 10022 41646 111018 106264 18272 112100 31149
9061 46768 94885 21016
9062 48330 1781 82603 28886 12961
9063 76307 10821 35599 76307
9064 38618 5603 68581 8838 70068 78501 26506 28537 34608 95193 35486 91072 29636 111266 43602
9065 89286 91565 96295
9066 15845 3494 10823 1827 67088 3038
9067 33147 30589 2138 71804 99983
9068 87345 6999 83129
9069 71075 103832 17580
9070 86790 1057 102 5076 62157 18524 24565 80115 6944 103110 61242 8160 14288 84000 128 5076 11737 11024
9071 13211 30029 6188
9072 23976 94547 4390
9073 10986 434 59359 17630
9074 37379 90713 54627
9075 307 39914 38799 80559 67847
9076 5686 86703 73122 97495
9077 30622 7213 12347
9078 70919 42220 95921
9079 46247 96918 56584
9080 4318 35740 89557
9081 89609 21573 108521
9082 8583 28892 97348
9083 14613 9756 47485
9084 56616 8187 94176 91173 105931 85389
9085 67847 107391 20504 110876
9086 46214 95160 80571
9087 2366 23233 67877 307 45239 6247
9088 104202 9239 95663 27083
9089 14284 38245 97749 106036
9090 61236 34607 8548 61470 35866 84827
9091 82875 74877 92518 95092 95093 95146 94697 95183 95213
9092 90428 66932 30826 62136 96299 98641
9093 91517 4135 8513 11995
9094 84899 74874 26654 3850 21165 85084 80203 74922 87550 48504 73110 87617 87550 21841 19615 86378 36111 103956 4269 106927 32647 109059
9095 85126 85143 95907 51385 57058 96063 96064 102595
9096 104234 104235 104265 72411
9097 7197 100648 105771 6215 5028 22041
9098 40854 67877 56517 10117
9099 56204 104205 8939
9100 90731 91012 22851 43518 92732 6341 64532 62441 34284 3253 97355
9101 72612 104321 87815
9102 35369 15529 31297 9328 14440 88838 2277 25886 103977 40725 106234
9103 81272 15260 98934 108915 10590 110854 111203
9104 6254 285 21877 7652 97316
9105 29319 25886 36308
9106 43388 93015 97070 70595 27894 97102 50223 84296 99927 100338 100382 100383 25704
9107 85760 40345 43370 85866
9108 1397 2472 37441 895 20043 18823 17655 54796 17488 85381 47667 110330 65563
9109 68583 380 45594 22995 49256
9110 83135 62992 107462
9111 96542 37575 96543 102637
9112 175 10909 71579 3780
9113 12616 81025 23261 59368
9114 94807 46371 26543 36820 17664
9115 29162 61202 72447
9116 84087 84187 65925 75985 87452 61090 18269 31278 102999 65925 1961 109709 7521
9117 105310 75954 18177
9118 4997 2600 29522 1776 1202 24483
9119 99167 19865 103125
9120 68432 2138 80674 80674 73482
9121 86625 86626 86661 110144
9122 86246 3005 1742 88143 319 89994 81597 71910
9123 75265 89805 84348 94904 21963 98558
9124 93681 57406 78915 107893
9125 16003 1531 87496
9126 75706 67680 28746
9127 31401 1906 111590
9128 18524 95366 106009 106010
9129 86607 86636 3363 85110 86732 103536 80132 782 21313 52500 6537 45528 107873 67877 108040 19653 104928 998 101823 1586
9130 6920 30173 58400 358
9131 101897 2617 41205
9132 44786 9534 1333 2143
9133 86384 86384 102486
9134 7891 49553 71802
9135 87780 22914 87886 5085 33209 88342 88381 82257 1365 6927 97767
9136 13159 1614 43602 34417 36630 106474 61680 87295
9137 88164 27476 95462
9138 101374 53529 22442 25415 68473 103938 25414 57492 103995 53450 104021 104022 30128 106676
9139 83586 50382 1121 52273 15061
9140 91414 91480 91481
9141 6697 4152 87104
9142 76040 5859 36766
9143 16555 17904 11049
9144 15788 100132 1233
9145 48904 11132 4674 24907 4933
9146 22131 16766 5728 108136 81109
9147 7253 35855 11765 18581 18582
9148 37466 36477 24188
9149 71255 87135 33789 76061 56760 65485 88571 19328 86216 85447 9948 67619
9150 94085 99124 73272 45239 79930 67877 99219
9151 110800 82195 100816
9152 79288 84476 13889
9153 25680 44740 73644
9154 23547 1941 7980 38787 214 88283
9155 34072 65140 72988 2787
9156 9524 44502 109669
9157 73520 80632 37571
9158 21285 64126 14785
9159 91329 13468 1261 13171
9160 1337 1495 1207
9161 22432 86527 8876 8375 108594 38383 98618
9162 1433 21367 74657 11053
9163 43869 32189 101333 101492
9164 89547 98087 104655
9165 75985 8733 69662
9166 44540 68964 5286 60739
9167 92722 1093 105393
9168 77385 9429 94542 94543 106249 106250 17793 29679 109993 111712
9169 27734 55056 8660
9170 8735 92281 26674 230 62533
9171 3838 47514 2814
9172 96728 27481 69120 2042 13371 10606 2931
9173 84822 84823 84824 21720 85045 89379 89380 89381 26108 17373 7701 1471 52434 100762 60336 86020 101816 102010 74786 39379
9174 4444 92655 5368
9175 86409 98532 29605
9176 89081 9068 6295 75 79619
9177 92715 92716 72652
9178 36841 20760 44441
9179 84698 84784 84785 4044 86283 86283 108958 17809 110169 111429
9180 33205 84889 65555
9181 86677 61865 102910
9182 28488 7860 14655
9183 54267 27997 111066
9184 99191 14158 99199 99200 51729 100356 100357 38501 107244 100487 107245 107260
9185 21109 24041 66608 90136 27591 91388 31276 94041 6351 95225 84750 100213 106496 75779 91388 5076 15180 32318 5781
9186 44004 57522 33489 101307
9187 41424 17822 45363
9188 18759 5286 108201 7720 32590 78342 86932 81559 54689 71308
9189 72270 21771 41550
9190 85138 53479 36905 23085 85173 59974 60346 26497 8035 66130 46109 2653 25886 19865 47375 6280 8948 62820
9191 40863 57065 9567
9192 1603 89149 104002
9193 7643 96416 56032
9194 20778 68018 67389 71915
9195 12263 58149 21207 17775 33528 83583 106504 107649 64390 110551 110611 15615
9196 10866 19492 14525 18953 17586 87588 9367 99472 99484
9197 33694 67520 34195 100108 1829 109297
9198 11351 9438 15972
9199 91115 87886 69301
9200 88634 25562 89781 108122
9201 918 1397 1563
9202 91594 23825 74139 108769
9203 69677 69601 104334 107501 66922
9204 434 783 41999 8939 97244 4576
9205 92989 21332 11670 100660
9206 9032 1975 61164
9207 6262 47981 93169 103533
9208 77654 85429 27892 3350 102906 28857 43767 110995
9209 102327 110159 10893
9210 3958 16992 8536 104119 44332 104132 108134 108207
9211 26854 6964 4444 1645 10657
9212 42467 37829 40419
9213 5267 5811 82606 109308
9214 92368 32844 19381 55170
9215 47731 94705 60501 78654
9216 8830 3081 104509 109055 8830
9217 1720 9106 31058 60362 37527 43810 23514 84643 55118 72423 15312 31025 80981 61469 28247 100549
9218 83491 83492 83656 74692 88306 88307
9219 9916 99066 109456
9220 32964 61873 94120
9221 6979 67507 101888 56648 78685 29187 13854 76247 31934 2810 102889 102774 14470
9222 18493 88211 78439 105658 105684
9223 85090 828 103767 27649
9224 46317 20035 91598
9225 58135 108339 97348 27091
9226 21472 4356 35349 106651 107926
9227 12939 55928 86983 3081 102768 37792 66839
9228 102288 11995 89255
9229 47 98159 97925 84792 17261 58135
9230 75407 105331 7592
9231 53865 32946 94390
9232 84575 97624 3855 22814 108590
9233 92478 103991 97182 103992 38957 104338 79711 92478 104385
9234 44437 3267 99373 83129
9235 56310 34342 878 1188 105866 56163 34862 105906 7075
9236 91873 6402 92397 28929 11046 61045 92245
9237 64548 8389 5286 12771 24293 7820
9238 84427 84451 41100 93073
9239 1737 76420 36607 69971
9240 93535 24235 12520
9241 83053 9211 45865 19839
9242 25676 20451 20791 19100 110050 110065 23765 110066
9243 98133 104814 108922
9244 61001 8504 52032 23547
9245 96417 98300 27857 63361 98315 47167 10812 91197 104491 56373 3329 14870 104536 104564 29125 41013
9246 9242 82345 13698 46691
9247 13227 95127 14102 6529
9248 409 29367 1495
9249 3805 104481 47632
9250 24394 24357 102883
9251 4557 93930 93931 98201 52748
9252 8938 14613 28903 110463
9253 19051 87857 87858
9254 19677 103351 103385 18117
9255 87045 21320 14255 92227 16555 64329 19640
9256 76272 104597 59368
9257 96661 108131 111573
9258 17396 56204 1299
9259 33879 68403 107376
9260 65000 11565 92293
9261 88918 76272 14217 4212 71968 106362 64579 39174
9262 230 83570 307
9263 70580 70317 104307 105548
9264 91026 17999 58187
9265 83889 18920 83902 44902 28806 99506 3428 18165 109628
9266 86079 86182 86183 66198 90200 74668 102542 102543 91253 110927 111205 111206
9267 54768 55852 18003 412 43731
9268 23994 21330 63645 17905 56029 86745 10221 407 31380 8917 66074 21304
9269 71536 58810 88634 307
9270 90082 74327 43433 90086 90087 13159 61803 67490 30749 45720 53605 19299 53492 67873 103700 103793 105753 16945 105766 91745 20613 59381
9271 50061 85555 4949 92303 101528
9272 102996 102997 782 11068
9273 13014 22679 40799
9274 21034 33916 18663 61242 42143 34727 83129 20760 103378 106362
9275 85821 11225 54813 100943 22035 69689 105465
9276 7477 40388 97616
9277 99374 105521 81278 109271 109272 109273 109274
9278 18030 85973 18031 76990 86194 106907 106908 106934
9279 36261 12329 48224 71825 46592 51078 98457 78156 26029 60967
9280 85013 77330 91971 32270 20930 3584 110672 56950
9281 101019 96294 108604
9282 12761 8879 56204
9283 94126 47896 69575
9284 67893 41047 103263 103264 40939
9285 3086 92955 60667 18784
9286 81635 7576 109288 109289
9287 97599 97736 97803
9288 14489 92001 1256 34577 1337 100674 1207
9289 319 4223 34368
9290 55967 10541 10709 55486 12811 25764 25172
9291 100120 108278 18069
9292 84630 67877 23936
9293 80198 98242 99598
9294 14700 88759 1531 101624 52270 61242 761
9295 84753 30743 38994 84913 84914 84970 60200 85092 41524 81500 85124 85284
9296 6262 73205 17536
9297 72011 1742 99166
9298 70064 9443 110913
9299 87178 75353 31247 3448 100117
9300 60048 97083 8207 6552
9301 61967 1781 98059 6167
9302 74024 83291 83894 83975 85817 67661 34796 6876 18990 76220 39765
9303 3819 13500 105592
9304 85396 72142 104591 33865
9305 31297 8856 6769 16310 1233 90775 16827 71830 5393
9306 87314 87315 4073
9307 76397 33119 42545 2861 78950 94912 7068
9308 8481 74511 91314 40461
9309 47540 67685 50256 40940 48983
9310 84966 109158 109159 109160 109508
9311 84731 49888 88708 76307 72665 86350 53206 16753 64183 4848 105608 11636 88708 52434 21680
9312 56715 67546 36655
9313 2246 42554 42554 2246 27129 4044 80015 49842 21194 108991 108992 109069
9314 2428 6434 68546 71960
9315 60744 38100 56620
9316 67877 343 71910
9317 83420 4111 54467
9318 38132 3649 10020 105832 30543 14090 50191
9319 99024 3598 72893
9320 23994 68567 878 98361
9321 19091 82049 98575 47809 7351 39261 106797 60589
9322 93694 6581 108715 108728
9323 34220 101209 101471 82517
9324 107583 107681 55350
9325 100689 31974 19563 110040
9326 61242 43170 54191 43095
9327 48896 94653 97631
9328 19640 92990 82527 67533 93041
9329 41013 3542 34816
9330 89208 98616 27126
9331 54711 56517 70460
9332 12896 4173 911 782 45129 37833
9333 67027 42081 56531 37786
9334 11477 41449 17301 14108 40262 22083 37104 34308 21979
9335 81326 27128 37414 101064
9336 71273 10304 104721
9337 72069 20166 93820
9338 91991 57141 78495 19337 83633
9339 32357 85388 88964 4836 37523 878 42546 34354
9340 51244 40799 30271
9341 230 29999 97484 13779
9342 86247 31697 73414 47768
9343 6699 73110 86560 105495 105496 107992 38683 98842 98176 98842 38683
9344 59381 13416 78724 19923 11608
9345 58439 17603 46324 43607 27050
9346 83795 61897 90205
9347 59700 52435 104989
9348 108327 1799 108782
9349 96934 36720 103677 102327 41236 80607 4338 104352
9350 30029 72011 56605
9351 87629 48970 4087 107729 11658
9352 43799 91806 14682 91807 43854 64377 56605 14619 107846 11613 3678 11503
9353 83355 35936 74511 27095 746 108753 109285 109286 110407 44106
9354 388 85770 14508
9355 85040 4075 67847
9356 99961 100115 100184 108624 76466 2199 111270 21301 56204 1131 59054
9357 19554 44653 102999 68581
9358 98439 67920 850
9359 23697 92912 68543
9360 93523 94316 101407 3766 38383 37242
9361 37254 24635 7169 21987
9362 51922 51178 16366
9363 32634 95698 95699 19173
9364 24200 46055 37783 17048 5590 99481 58698 93334 76765 94335 64097 101040
9365 65361 62181 54899 24683
9366 94975 95340 109838
9367 11595 16774 174
9368 99623 319 45239
9369 41100 15682 42143 4302 58023 24302 39842
9370 94143 22046 94166 94167 4581 97473 71472 46784 56155 6662 56153 52786 111164 5424
9371 90065 101571 102076 102077 104841 104946 104947 20894 21365 11321 68162 10235
9372 13973 100302 107288 107289 14696 108193
9373 92764 92765 96957
9374 14120 75965 18277
9375 44982 21216 22678 105359 65018
9376 9962 84926 5211
9377 86349 86350 47251 9478 1846 40720 100249 15153 100430
9378 84512 73934 48314 110558
9379 93720 83214 19299
9380 83563 83564 67877 56011
9381 85479 85480 92626 22725 101854 46807
9382 63809 83932 78426 98054 86599 56631 35867 109600
9383 87002 32457 80841
9384 88577 88578 94081 3308 108120 108618
9385 39031 18297 32992
9386 278 103429 66723
9387 56204 13270 100008
9388 89503 2057 17034
9389 94758 99858 65390
9390 25262 10304 96456 84162 93777 14865
9391 29934 18671 43883 109492 101265
9392 17504 38596 10102
9393 47176 6285 110731
9394 319 45239 107540 1563 78663 5859 110882 7144
9395 8528 53596 76788
9396 27082 69388 17048 34557 79299
9397 84368 60634 5850
9398 16211 12831 120
9399 77661 99449 99992 99993 56560 31591 111373
9400 2653 306 105758
9401 38837 58753 19475
9402 86515 89094 55007 9568 102428 9328
9403 12370 72845 2106 70733
9404 19426 67099 84641
9405 48641 9467 94291
9406 91730 80262 72094
9407 407 98613 1633 22536
9408 60744 84593 20091 34950 3005 4809 95514 95520 60307 95540 1777 81025 42053 32360 59700 71456 102069 345 78961
9409 61437 34455 72869 1633 98707 12805 103872 10532
9410 11101 7323 41239 94931 17904
9411 4917 86190 67877 17670
9412 91290 93124 95658 105729 105738 107597 107598
9413 84689 22092 78401 108794
9414 83066 52032 91049 95630 1620 73273 7944 92155 105611 33996 108231 8255 26865 22884 44119 108818 59312 56694 56322 110836
9415 11 18388 3957 679
9416 20755 9659 27829 19951 71604
9417 24675 926 17522 109041
9418 26264 6949 4302 29189 5298 23973 4233
9419 51010 102421 61324 32270
9420 11049 2314 2276 16798 103005
9421 59420 67534 102213 76031
9422 83134 19461 46883 6372
9423 81128 98828 7600
9424 244 91287 102724
9425 48377 9703 4314 11765 99402 2354 97514 86555 104494 108485
9426 95664 96459 96460 56718
9427 68816 33265 2586 84919 84920 85020 13595 99007 11430 102670 18425 109810 66081 110442 110452
9428 2609 700 45865 34801 3897
9429 93980 46766 94279 62431 13009 21262 754
9430 77934 14032 83457 61043 71726 108043 4858 12336
9431 24231 65000 73238 68687 61654 51843 91986 1777 62207
9432 20460 87215 87428 89104 27092 90714 97174 27092
9433 12062 10159 94697 17459 35294 94719 71863 13477 54041
9434 43095 95669 9813 4283 53807
9435 16555 29125 29466
9436 40954 32383 33874 45959 1492 98164 37069 47878
9437 27822 32563 52435
9438 4942 80769 67720 48309 29470
9439 53576 8837 1403 3805 89441 22771 107427
9440 41236 99366 99497 99565 99785 39807 99878 109658 109676 80329 109677 73239 109908
9441 83136 73132 107690
9442 18392 49858 109720 111694
9443 34564 93602 64318 104611
9444 83273 85949 85950 56004 19055
9445 18345 8116 10182 77329
9446 86708 90704 27716
9447 15355 87918 90285 101925 106899
9448 54914 33578 92200
9449 69690 10619 99310
9450 55547 43767 87232
9451 92584 97623 7146
9452 18352 97266 67899 105618 32508 105619 105621 105622 109927
9453 1287 18841 9568
9454 86441 65388 10106 59800 73646
9455 22782 2739 89529
9456 48998 86189 86190 107629 107676 107704 20361
9457 70488 99350 62576
9458 83034 1800 95425 56204
9459 84012 23336 107023
9460 24065 46999 93481 93542 93543 58537 37242
9461 56717 24054 84707
9462 42379 10301 50116
9463 71407 100245 58591 110304 10221
9464 54796 5214 21496
9465 24546 98620 3822 39891 33613 4138
9466 59629 3190 22135 10523 29224
9467 1306 9049 23845
9468 71294 71280 98909 65388
9469 54714 9264 71892
9470 103031 110922 111391
9471 85433 39075 3932
9472 668 42665 20275 97513 67095 1981 84293 21722 73337 97546 27457 32428 97640 84630 107983 72264 85612 104928 3378 64136 12427 18560 109871 105424 56101 83214 20275 35835
9473 60246 12110 17228 61366 35441 60955
9474 5787 84501 78175 1655 44540 19155 21496
9475 93972 110079 25809 110116
9476 65033 52089 18129 1299 37195 5241 56011 20047 71061 104680
9477 104017 104018 103884
9478 27750 102644 105653 107698
9479 18586 96310 106546
9480 1252 93653 60413 36797 21119
9481 31719 27811 14753 29636 2276
9482 69570 111577 111578
9483 78928 51335 61608 104894
9484 63840 34417 75929 3486 84476 67558 4356 1563
9485 67427 80165 86766 26165 18189 27673 96566 111256 7437 80830 111287 103473
9486 22971 86854 57261
9487 14217 46681 101577
9488 10932 13252 67760 65252 99456 5978
9489 94943 103422 16075 1633
9490 711 35836 59723 39978 7980 97157
9491 85496 91494 96674 96726 96727 110430
9492 88027 78521 3550 7780 52435 16869 95381 6363 11761 81277 99873 72898 64774 80790 52435
9493 65877 26949 47938
9494 2471 22536 84816 68823
9495 12284 98878 65428 110537
9496 48730 83387 60276
9497 14088 28841 85367 25892 9130 94421 94428 7394 101406 8912 62700 59673
9498 34923 30358 64037 10952 19113 15473 64477 5693
9499 98731 102495 37953
9500 4390 1495 14857 35270 4037 68975
9501 86938 79991 54258 64837 43080 90934 39435
9502 55497 10014 104131 58057
9503 30760 33732 49392 12771 65577 68452 18385
9504 85255 85321 85322 93986 50025 93987 70757 94149 95008 95941 96270 96271 96272 96468 96469 96695 85322 97049 59053 97459 62128 62102 100069
9505 3810 59896 28827 2379
9506 86701 89272 90257
9507 73276 46885 33842 33586 73549
9508 76288 88925 81539
9509 86534 45766 111109
9510 27116 6345 16798 42773 2646 110083
9511 16498 57996 51747 29444 11533 97564
9512 84320 1070 21078
9513 89899 108873 110885
9514 26499 93402 2119 77294 69544 50623
9515 307 4248 39978 11086 4104 27985 112302
9516 82232 105253 14264
9517 96069 98348 103729
9518 43434 33593 94241 94242 94243 106639 106640
9519 84402 4460 88035 88036
9520 9003 83397 83416 42984 91559
9521 1564 88441 14932 52435 104687 73205 107656 7980 107919 108048 10116
9522 68237 80244 42492 58675 90506 10607 90508 84390 3278 4777
9523 72698 19253 89345 89346 20929 98030 98041 70451 72697 103020 91160
9524 94082 98388 53276
9525 100086 100759 108595 111521
9526 54796 8605 5818 34727 23510 30635 99483 37808
9527 4340 39 93070 93235 52257 6441 3491 6849 603 64983 26077 45280 39 52257 7035 111497
9528 95685 77112 99819
9529 21815 97717 99488
9530 12102 72463 2429 1620 5811 23510
9531 93330 93346 100978 18600 93330 107574 107609
9532 49936 18716 93160 94556 38433
9533 21234 9749 109671 109687
9534 98744 98745 32389 4837 94077 23884 11404 15254
9535 2910 2531 42360
9536 58083 95852 95901 95902 95926
9537 94884 111690 60590
9538 18189 20699 31185 104713 104740 16555
9539 68761 278 85066
9540 9856 85731 319
9541 73931 64348 106980
9542 11758 1929 21424
9543 21313 6578 31149 7560 89755 2087 41050 102387 70733 4536 99789 105509 4048 57615 105570 105593 34245 1722 107983 73337 109138 32900
9544 16406 39978 39782 1364 2690 55972 7685
9545 4972 61550 83136 16616 86222
9546 70358 95318 95625 7836 4809
9547 54687 1181 20166 33608 38703 30508 13538 43512 20166
9548 49807 4436 94879 6758 80780
9549 62425 78432 6435 94894 56335 93578 97640 67835 32900 5922 62425 107632 3042
9550 84604 22141 18770
9551 86762 60587 93205 102124
9552 72064 37517 93404 96844 11465 26411 100905 100906 47 45063 31061 11070 808 8469 10525 9898 67427 32839 28387
9553 6662 98736 43326 10105
9554 99998 102672 106732
9555 95849 75936 28715 102138 42108 21931
9556 8033 90967 27649
9557 7034 12117 4412 4354
9558 3368 11995 11904 37771
9559 93826 88838 5922 93880 99744
9560 51370 71391 72344
9561 86203 24823 761 4539 95447 14783 267 6434 108014 19425
9562 936 96885 98368 56735
9563 90979 2301 102130
9564 86056 80415 24357
9565 3688 63206 99 18797 85796 12683 73970 109607 3688
9566 71996 48855 97320 41459 28322
9567 71580 12175 41013
9568 8504 91791 8673
9569 67198 92822 458 96702
9570 2808 83507 90775 10449 65000 784 69234 104112 10577 105424 108803 67095 107983 109258 2800
9571 41827 101644 51178
9572 4318 86558 89450 87905 81085
9573 5396 94377 66897 99141 102428 214 36850 103942 2995 104114 104115 85832 14984 19537 22211 105956 106061 106062
9574 5755 80631 42209
9575 11477 83375 8673
9576 1961 1975 1880 35361
9577 20675 31278 61538
9578 3657 3919 105943
9579 11070 335 89297 41767 18892 1011 2666 38298 4990 96430
9580 91835 95623 52244 104886 98540 105276 81605 27218 29125 72629
9581 33783 21131 21043 23197 551
9582 3202 95806 19069
9583 98205 23242 103474 48587
9584 14228 4481 58728 102361
9585 2845 22469 39548 29898 35833
9586 51640 98860 98861
9587 27428 106920 59908
9588 1256 37963 11769 18737 80631 28911 10072 7198 12499 2224 53532 17561 104797 18737 10444 29454 6496 20444 4517 88669
9589 25387 38597 14489 38597
9590 7035 26321 2517 50374 83929
9591 84513 91294 8704 91316 40514 91330
9592 8504 17430 46319 99980 9409 17441 44687 7600 38000 11966 4970
9593 7409 12036 93778 87682 104150 62699
9594 42698 43559 5577
9595 32822 68908 13413 79160 36655
9596 87193 8966 87590 87735
9597 7302 61735 47942
9598 56204 6434 343 14616 99073
9599 85039 99658 110798
9600 69374 95145 3368 3664 23238
9601 26134 92477 61627
9602 1495 59972 99910
9603 9228 27695 83375
9604 83654 43851 19537 5229 1880 43851 99898 26319 73096 8592 2612 104893 107549 7336 10224
9605 106409 99677 17447 18899 110564
9606 87793 88187 34835 103047 103461 103842
9607 7192 23543 91660
9608 7138 47767 96722 11266
9609 30567 80876 4318 14220 12043 83987 19877 35990 78285 93020 17366 1769 31259 71391 10114 106967 110088 83987
9610 4318 82315 5424
9611 40087 43539 7164 43767
9612 18919 84557 7846 58622
9613 34778 2277 57930 94731 95014 80495 9358 80889 98137 103924 11041 59549 100369
9614 34417 76589 56282 576 22261
9615 85275 85657 86395 22889 86396 11731 95313 94982 100494
9616 85294 71267 95323 98974 22309 96217 103458
9617 8361 8943 62981
9618 90356 57893 878 104613
9619 85428 18929 79943 19326 18929
9620 61750 51875 104813
9621 93781 88926 75845 23481
9622 50302 83054 84769 54683 49105 110264 54683
9623 88007 52434 90633 95897
9624 83370 13203 83610 46115
9625 70881 28148 10434 101587 71230
9626 61757 94737 67546 1471 84293 112118
9627 72342 44097 109173 112281
9628 94257 88273 32043
9629 100755 44925 93395 14609
9630 69949 21778 10577 576 87040 6769 98059 42212
9631 56469 23250 105536
9632 86520 6611 1306 8077
9633 99102 62682 68077
9634 14255 1147 92493 39308 24439 101434 110666 76961 91617 19040
9635 92564 6128 25127 14098 93042 94962 99519 32210
9636 94729 31795 19439
9637 693 5849 9705 7436
9638 15771 4444 67573
9639 92532 61974 18972
9640 56204 83863 1846 95339 1548
9641 48898 91126 91127 91152 103165 29529 106387 110785 110786
9642 1376 20174 110878 43362
9643 84625 42633 47610
9644 88200 95739 83192
9645 79031 26853 7589 43602
9646 51934 28148 73286 110237
9647 31053 10459 1706 3897 7572
9648 5020 83358 83646 84438 84452 36370 78049 72253 21634
9649 100862 85163 5214 38999 106139 335 278 76272 107719 32114
9650 25663 6010 7938
9651 69011 83570 2888 31969
9652 16234 3341 8607 84934 38903 95706 97768 40798 618 40780 10136 104359
9653 6535 59245 28661 306 49035 28673
9654 61962 88210 88940 10020 5723
9655 104562 93241 104563
9656 64339 101773 25670 106259
9657 25069 40863 16366 8246
9658 28458 28126 26064
9659 4047 39888 88179 93858 693 19052 1981 9029 46804 4047 306 49232 100563
9660 24266 89793 80631
9661 85915 85941 87975 89347 90794 90795 22583 90858 90859 66721 2939 94425 102794 55945 99176 20606 15369
9662 55106 74101 67376 109284
9663 46691 5752 87374 19515 19865 65516
9664 18488 34072 74306 12117
9665 50374 107187 12113 2612
9666 103202 906 4725 53556
9667 7065 19452 15404 4032 86181 912 54985 20694
9668 90675 93207 53491 66657 32725 95069
9669 89900 11049 104465 104466 42179
9670 25928 88208 62060 26083 7302 4340 108271 10607
9671 10449 5713 106807
9672 92729 96090 83990
9673 50388 9229 31449 92056 4933 70455 61517 13909
9674 56204 100067 85040 26114
9675 80631 84630 59723 3506 9634 89465 27692
9676 48016 54165 7970
9677 100407 47128 12520 11587 83136 24415 106702 112319 112320
9678 16542 31259 16542 7364 10022
9679 29125 4151 44056
9680 75574 53210 100133
9681 96969 32040 107584 55137 10708 65563
9682 19437 68010 19582 7520
9683 93509 76547 99645 108909 36125
9684 12876 46365 97984 98003
9685 61118 11514 106711
9686 85008 39448 110910 110911
9687 19072 1088 65085
9688 65504 91119 91120 91133
9689 43685 111174 51738
9690 29516 15195 111030
9691 32647 97663 75270
9692 55270 59410 12183 993
9693 85289 3355 19676
9694 92249 5076 37571
9695 9543 4311 82954 7062 110670 11918
9696 43347 85229 102470 6248
9697 90892 90912 389
9698 12183 83289 49722
9699 84214 84216 84264 103227
9700 84810 5922 98750 45901 101167 101299 918
9701 45239 13806 18134 28347 84504
9702 890 15324 10449 100276
9703 83764 63771 84477 48114 86743 9076 88404
9704 15752 26945 106206
9705 1633 5424 4063 14128 65527
9706 51355 92344 57417
9707 99801 99802 84216 27360 103074
9708 56204 89931 93450 46064 59288 100220 100222 69357
9709 70858 28342 24823 66723 105943
9710 55691 36766 91913 24199
9711 36936 64055 88072
9712 37963 62033 31719 78822 2107 94733 53829
9713 75832 88196 28277 108606
9714 1455 72011 88550 18677
9715 84632 7950 84649 36799 84673 47919 84699 14260 1462 16982 63414 11278 27343 47816 51681 64402
9716 80631 83987 23341
9717 41531 55007 84545 87033 87710 25886
9718 83981 47533 84014 59439
9719 80942 88213 11731 88334 88387 88388 90841 64637 90898 77630 66425 38383
9720 54079 66082 85557
9721 85474 108562 53208
9722 9426 85793 87407 103013 72818 576 111195
9723 12175 4496 20166
9724 89244 267 1737 3055 4414 67555
9725 69 21285 94970 56258
9726 88558 91107 27404 17899 7195 102704
9727 10137 47938 4381 56674
9728 84458 84964 85402 90110 90111 93634 93635 111906
9729 6496 81473 87009 23374 376 91620 11459 2224 11847 64903 18524 51085
9730 55890 86513 92148 10541 4318 6255 30635 2023 98651
9731 85676 19172 37806 92095 43305 100715
9732 21635 45050 41956
9733 85868 87106 4699 99076 6365
9734 8860 6105 14544 10140 376 104746
9735 90399 23505 19046 51188 32200 94937 39712 5019 603 16253 103903 9022 34233
9736 4984 96395 104918 1328
9737 56011 108918 26477 112009
9738 23341 27330 1202
9739 76123 50374 1038 105851 71403 110729
9740 44867 54556 9943
9741 38515 101396 57672
9742 26663 7409 21998 79711
9743 29627 8548 24787
9744 9433 3613 93114
9745 94664 94665 19205
9746 21077 79321 89522
9747 19486 14503 2126 84444
9748 14075 451 7031 37792 44687
9749 1138 90101 80556 90115 28357 60579 99840 101652
9750 13682 7539 90554 90670 12845 96002
9751 82033 7698 21052
9752 93648 7190 10150
9753 37858 85571 42517 46276 95835 97140 62827 73084 5208
9754 86354 89058 94408 8418
9755 71776 67877 61242
9756 90150 94902 103500 99377 33142
9757 96733 2035 27257 17039 7130 103926 86738
9758 93535 38463 102332
9759 6757 4513 13078 99254 109057
9760 91633 15391 107008
9761 29437 55806 63218 110197 110737 50224 87602
9762 88552 67798 84774 88631 8192 21713 101192 6364 11737 101258 101354 101355 107732 60432 16590 107733 22140 15046 66849 59211 23761
9763 62360 96024 111700 20772
9764 26580 6498 12844
9765 86816 91190 91197 41164 68229 69153 48530 96929 80100 83726 110200
9766 86303 87559 7978 87574 87614 47736 13616 20166 19052 42485 104846 104954 41716 68761 106413 91852 27754 108509
9767 39373 77062 15667
9768 12811 663 56484 32599 2768
9769 100363 100401 4047
9770 84616 53784 38809 79502
9771 32974 380 3754 47938 1256 78285
9772 87927 87929 21839
9773 48919 23902 45020 88661 20210 23902 108993 75111 18784 111383 111384
9774 80754 89497 89498 78125
9775 59544 110263 7970
9776 23131 33563 899 48939
9777 58659 66716 104659 104660 104661 104662 104742 104743 104744 104806 104807 42080
9778 4949 6652 15154 112135
9779 93902 86309 39817 98120
9780 18750 32294 76907
9781 41100 1496 33054 21167 83726
9782 62867 307 62867
9783 90499 3817 82426 30 68546 5476 93664 2459
9784 83763 79061 2618 32457 43512 73719
9785 4644 99214 18671 19318 33573 108083 108098 108099 50442 110489
9786 3465 862 15667 33930
9787 5459 2790 40074 67546 41013 13832
9788 3636 59359 26243
9789 85066 458 3021
9790 59742 14408 50994
9791 60920 96358 16098
9792 11875 96561 2618
9793 19356 17418 96777
9794 10022 21987 74648
9795 72384 11439 13960
9796 14647 63872 89069 88506 49532 89139 49533
9797 13581 35484 100656 108621
9798 99454 103318 106687 6465
9799 11595 94200 98249 7544 3413 2420 24876 12921 43602 111265
9800 28355 67877 41762
9801 45239 95695 56242 409 10364
9802 2774 21317 61817 2902 12921 6501 4327 29125
9803 43602 16380 15000
9804 27003 95470 11969
9805 92139 98801 38793
9806 48989 28124 106015 41588 106025 60633
9807 38476 30029 27808 56094
9808 89581 89582 101658 107121
9809 32499 15325 28981
9810 88220 2922 38045 56714 105898 105908 47159 80390 20729
9811 83200 7938 85380 74395
9812 37944 25165 418 66721 8060 11652 59398 18770 25165 9128 104959 98137
9813 96595 6383 1523
9814 31437 88075 33371 11849 83666 2900 88257 88258
9815 22102 92507 100645 96734 81712 15657 109706 14014 49451 111394
9816 4736 3842 24806 62045
9817 1880 60274 1633 62273 97831 104759 104783
9818 61694 1307 7713 8178 13220
9819 80495 14365 21404
9820 4033 2711 5286
9821 82090 78575 72094 104897
9822 99319 99320 99359 99360 86461 99425 9665 33837 41013 41391 711 99666 14648 10637 111558 87213 111588 99425
9823 20205 13054 71456 86596 62215 88891 71061 100144 3839 91517
9824 97475 4318 3267 61279
9825 56204 23079 5640
9826 7615 25798 99235 50862 3822 61837
9827 6628 75411 45896
9828 83049 109335 7794
9829 86359 56215 95987 92768
9830 89502 91582 91583 21732 23183 23184 57236
9831 88965 103837 105112 319
9832 86881 105186 74661 36256
9833 22334 84703 84704 84748 84777 85597 13332 43769 35301 16555 81544
9834 12596 4825 43122
9835 1548 56025 3741 38766
9836 47 30350 22589 61156 93729 110400 1908 27862
9837 96935 48406 97384 1981 14121 7172
9838 1361 4036 40500 9749 76098 96359 20557 112014
9839 53865 6863 10986 92255 96693 97684 6429 398 72161 10710 8052
9840 693 65312 88829 47779
9841 32675 26985 2800 87160 34968 3628
9842 61031 58644 29058 54617
9843 10413 45719 3039 16762
9844 6383 11608 40551 25279
9845 42778 8837 19538
9846 19640 6105 3575 26269 26687 15790 65058 11611 18034 77062 11105 98412 13130 344 100962
9847 11615 43433 3404 83856 6948 84518 65057 75951 95558 93749 3932 67848 44241 85641 34761 1908 98682 52434
9848 1975 40259 29651 40944 3110
9849 27489 84308 8207
9850 87233 91436 98422
9851 43810 34618 33085
9852 38954 10728 56204 64348 34727 844
9853 64614 77365 2079 79877 29125 27475 11765 17702 47145 2276 56016 1057 80278 2949 109664 55647
9854 51044 97542 52798
9855 5859 27189 12966 24345 20419
9856 39471 84400 86107 86783 993 101531 63900 5019 9559
9857 13840 16253 10387
9858 35830 19180 31360 54426 88866
9859 68091 91417 19528
9860 4047 1067 5859
9861 86385 4913 69544
9862 23973 42701 50088
9863 9959 14619 96558 101030
9864 10745 78760 76272 97358 17030 75985
9865 93376 93766 110997
9866 50318 93103 93104 59907 109733 50318 11655 11541
9867 51793 19544 1552 37159
9868 993 89393 10285 99383 10679 101988 102001 91785
9869 31500 2758 3925 25546
9870 39020 198 14955 107711
9871 34786 84838 10182 13658 40260 91908 1256 6578 3913
9872 59403 16437 107606 109672 89529
9873 48205 40710 4566 100730 48204 23114 11148
9874 61974 36617 61973
9875 17744 108956 95 4946
9876 11105 67392 92599
9877 67878 23973 1207
9878 94067 96698 97074 4584 106303
9879 56011 38454 87767 11764 4994 95541
9880 6114 1278 91153 576 56011 65074 34295 96734 108033 57062 4990 14217 18388 99941 109057 80339
9881 993 91239 91240 18823
9882 37035 31239 20374
9883 79634 22136 63332 106483 69086
9884 307 22841 2322 20378 23507 19666
9885 40689 4153 14806 83453 105586
9886 99229 99242 99243 104799
9887 85494 3119 105483 105507
9888 53210 98640 60757 4150 2104 39181 109137 63928 112058
9889 35257 69148 40367 6540
9890 35361 16798 2854 94240 17908 41013 26575 67546 108962 53618
9891 86988 95693 27372 108179
9892 86111 60531 36038 95371 95787 20552
9893 24518 16352 71277 111182
9894 4248 10544 52045 52435
9895 53083 13529 54796 27475 96722 19828 13529
9896 6287 14984 15825
9897 13960 87850 35415 2032
9898 76260 3317 34816 38178 1884
9899 736 23505 6167 19622
9900 9850 49432 44790 105279
9901 84367 18132 72161 12647 98272 12306
9902 9208 89114 101127 25992
9903 19107 104625 43654
9904 4945 90718 47760
9905 32654 21241 89044 89293 89294 52745 89295 89400 45372 99654 99841 99842 100072 44100 100145 100146 100167 100178 105676 105677 89044 110762 110967 111054 111071 103051 111277 111278 111279 97581 111280 111455 111456 111457 111663
9906 19642 1187 75156
9907 43597 89858 94278
9908 41030 62181 83987
9909 56016 35923 8854 13555 96024 18823 86745 109638
9910 14503 19173 23384 74189 6758
9911 60667 4780 30767
9912 3046 48787 74924 7304 2405
9913 11 49000 29793 62683
9914 27671 16109 174
9915 43981 93985 6922
9916 98059 44858 99653
9917 6147 56094 20760
9918 18287 53581 4456 111258
9919 76637 15908 14082 20972 12381
9920 754 79413 9027 21367
9921 86887 412 32113 10472 56204 102766 309 84714 77169 61193 65146 1470 44543 106734 30284
9922 100892 101085 40652 102810
9923 1358 99393 99394 6120 45880 29574
9924 95007 30759 307 63879 98439 11049
9925 100118 100119 28566
9926 3548 99946 31794
9927 6205 64895 11046
9928 18717 92148 19691
9929 51467 83289 30771 28537
9930 30184 95094 37327 57328 98182 98183 98189 98207 74258 100468 103153
9931 9969 7835 74430
9932 21846 79371 25538 14810 107962
9933 83906 89130 108024 4674 13176 109877
9934 37527 20327 67490
9935 106265 106266 43370 110620 86661
9936 3560 112132 112140
9937 87959 59468 88129
9938 82984 87337 80928 85771 80928 112090
9939 58270 17651 26479 92448 92488 92523 39842
9940 91485 19986 54771 19720 74821 91487 91488 23832 91589
9941 109685 8037 20716 32383
9942 90919 83726 57971 73553
9943 68833 50880 33409 12117 53484 13413 10489
9944 75484 2052 95990 75484
9945 85444 19726 82968
9946 3068 26206 93194
9947 98572 22314 26028 104300
9948 37684 64267 14812 4023 45037 45842 68673 111084
9949 39699 93922 39476 46979
9950 83219 70154 89828
9951 83379 43433 1960 75381 101565
9952 37230 19750 82726 41454
9953 2033 95113 20488
9954 27580 71767 100265
9955 6979 2079 14026 7440 4576 14498 80596 99900 111369 16993 111370
9956 71910 23697 2052 67877
9957 93590 1589 86393
9958 6830 56144 7991 109698
9959 27032 77668 22725 22352
9960 244 13854 21439 40863 80242 73538 92622
9961 27172 90420 2281 38024
9962 10969 79471 94001
9963 2833 8994 1810
9964 10619 14082 24352 34973 34262
9965 85083 90422 1790
9966 17502 51409 79947 71863 4610 67009 21965 99972 1031 15425
9967 91593 67220 74839 91622 59769 24560 1564 527 27990
9968 56204 27990 62045 52435
9969 83205 97956 97969 43189
9970 86467 18518 103675 29497 11536
9971 94960 53739 81733 99908
9972 101938 101939 108991 86876 21194
9973 11997 15379 61242 33916 48641 7172
9974 62464 85042 85072 88243 15796 92775 5967 17345 59383 6652 98893 98991 98992 14118 102168 102182
9975 59817 29898 36972
9976 60487 33409 10708
9977 408 49085 44065
9978 95274 99230 75370 307
9979 61865 45465 96398
9980 102156 102157 102158 102214 44587
9981 43631 108 9488 85673 20497 4525 88721 5491
9982 75291 91825 102207
9983 32636 104251 102151
9984 26368 17295 1742 67959
9985 82213 47998 24061
9986 13413 29323 17614
9987 96559 77082 21581
9988 92940 54401 9549 1061
9989 8015 105836 82509
9990 84944 4321 30694 74394 32306
9991 2313 84081 8060 36053 878 63330
9992 15821 26562 99713 65140 541 84145 34932 9381 106448 106449 26392 65140
9993 27145 106963 107051
9994 83794 83823 85274 92166 96317 83823 71804 96252 109894 109895 110648
9995 79932 39182 21422 85910 89785 34933 62590 99643 89084 39182
9996 1914 94708 93123 33965
9997 4033 13771 10217
9998 44896 29407 104578 33779 107383
9999 101006 111431 111432 111454
10000 56204 2873 4176 93765 20995 74208 83726 17555 106845 110923 110924 110934 110936
10001 44230 3486 15496 68546
10002 10709 103792 5828 104607
10003 55007 30029 75688
10004 1278 33718 40900
10005 66309 20907 105183
10006 34553 71016 32869 100870 100918 79339 25253
10007 40564 45328 68778 1106 84251
10008 66443 85814 3908 86601 59870 88207 63971 27257 2215 40097 88384 36360 96562 3491
10009 53865 84530 9891 8771 28470 3203 31297 1715 11761 2800 6149 1406
10010 731 10806 69199 7197 79126
10011 2277 3110 3510
10012 11274 84358 11624
10013 111268 319 76204
10014 103903 107367 929
10015 18678 68054 16850
10016 103097 43471 68393
10017 91360 56700 91381
10018 52214 3083 4949 23505
10019 64800 73394 45082
10020 1199 24658 85066
10021 4392 72898 1141 94291
10022 66158 5843 55246 104166 101559 109543 111843 76845
10023 32800 89024 89026 9807 62790 70821 97898 69448 68571 87671 101124 2259 34881 87854
10024 23191 102583 23191
10025 2279 2800 7970 42179 41363
10026 4945 27016 14633
10027 83511 35148 109347 109408 109409 109431
10028 85191 14062 42209
10029 46290 13161 307
10030 79616 96618 96
10031 59053 77031 102019 61387 53427 54270
10032 81863 91351 53067
10033 97231 36473 108228 108863 111188
10034 62601 81879 10072
10035 89529 16378 1199 84555
10036 95324 67877 230 105540
10037 993 16398 8605 22555 56094 27475 22352 80943 1397
10038 6410 32627 30665 28089 75473 72845 81085 13686 85684 50593 85685 5922 63900 46792 96117 28947 48141 96157 96158 7144 85907 50610 1722 41011 7405 5 63041 13840 32900 99627 34425 79299 13686
10039 53479 1297 6290 4356 90775 11331 61512
10040 45239 4719 57212 50593 2733 78909 82685 62357 50593 70936 3379 15154
10041 49396 71190 72486 99457
10042 13201 78062 56695 43483 99086
10043 3759 57788 34072 8255
10044 88147 88148 91046 95915 5218 34511 111222
10045 65051 15186 92997 13310 43061 99909 77973
10046 44861 1502 40075
10047 65405 101 14391 15327
10048 37890 1339 37145 21432 1880
10049 100275 101075 110831 19332
10050 85040 6262 21119 83672
10051 93575 102825 35680 1947
10052 43637 90970 87144 90988 5286 7720
10053 93460 67273 91735 5533
10054 20111 106340 106574 82915 31323 39212 111041
10055 993 414 92159 81599 43602
10056 102674 33744 102712 14024 86140 18095 13931 25635 7976 38846 43453 94777
10057 14217 24930 85848 36250 22503 280 72277 86048 36249 42983 18222 110540
10058 65076 99676 107074 57406 110971
10059 109822 109854 110531 111337 111542 79705 111543
10060 79022 6949 79464
10061 25538 102850 108118
10062 105897 16209 71789
10063 14451 23341 40720 34933 67793 101393
10064 31149 41819 58744
10065 33999 19282 100323
10066 87070 10908 5359 34796 34943
10067 19299 60047 91976
10068 1832 83136 50255 1131 71830 47644 61242 71863 80244 42492
10069 20030 103608 103609 61140
10070 83838 54565 20485 56880 5439 80540 81604 98082 81232 98211 77424
10071 4003 7277 84688 85146 77329 81324 96482
10072 918 86856 35923 67258 45239 101388 230 38799
10073 49368 57094 83501 104851 26283 109667
10074 7160 67411 72069
10075 61333 9539 55171 59041 99511 12309 42868 65233 4017 61333 11023 58074 109995 110331 65619 43185 97141
10076 74127 7778 95331
10077 54763 2800 98575 95381
10078 35131 60048 112147
10079 96188 20056 3560
10080 97505 97506 9008
10081 277 52434 38490
10082 18227 74506 9281 9281 112071
10083 93688 93796 94516 64456 2256 85641
10084 17908 48314 87715 6147 33846 42601
10085 20072 45438 104282 45438
10086 41408 43767 82984
10087 31011 6449 3805 24760
10088 2569 31142 33381 31111
10089 83545 97127 58404 88829 11129 54551
10090 11477 4318 67877
10091 82984 84909 15053 9055 16412
10092 47213 99814 27016 110348 110349
10093 25538 10608 19884 10669 13854 30981 8272 14661
10094 19622 14191 53038 74463 16745
10095 89583 3368 3322
10096 56204 52416 14854 19265
10097 85986 45564 3895 38291 45363
10098 97376 97537 60245 103593 107788
10099 32 1548 5357 2312
10100 99348 27954 1148 14778 88659 109635
10101 24130 88865 736 30350 88894 88895 47504 43433 2848 31497 45765 75494 8783 15673 61718 62684
10102 20107 62153 68581 75724 20106 7778 77292 27034
10103 41408 6950 85381
10104 89508 22906 35884 72411
10105 1633 1368 3882 7667 14942
10106 90445 94626 74914
10107 576 56204 4350
10108 56204 307 18272
10109 79975 59799 96668 1432 96521 108577
10110 2653 54796 12916
10111 78028 32667 110098 110327
10112 97054 16310 63927 107177
10113 99105 1644 5214
10114 94066 76082 7071
10115 38115 75985 100339 112177
10116 61376 90952 399 68228
10117 76307 380 993 10906 639 14563
10118 101020 105577 5901
10119 88241 8997 104589 81120 28794
10120 80862 84088 89419
10121 88453 32080 92500 11997 92713 4710 24341 2663 104906 86838 62207 107735
10122 14894 96854 47422 2408 63733 67545 106037 26395 104258
10123 58694 21381 88316 14222 88428 94309 69728 42947 99781 103671 780 62601 32832
10124 4173 5991 92222
10125 1892 100185 105377 33694 105585 59689 106207
10126 352 87643 2824 29020 22099 46587
10127 2103 2366 10564 10182 16378 15019 19666
10128 7714 10244 5802 15989 86654 11737 8917 95394
10129 3162 80415 7133
10130 15799 28226 1388 5483
10131 26575 5767 44008
10132 46418 73166 30009
10133 6732 63568 79163
10134 23184 5898 90143
10135 88226 100519 100520 109670
10136 19415 69971 83552
10137 75799 87526 28338 3466 29125 11727 4075 20756 56209
10138 48762 1564 5350 69292
10139 62602 5214 27990 95081 17720 5811 4969 15000
10140 3301 17939 3301
10141 19604 2690 96874 96875 40812 14207 12422 51652 57695
10142 1305 102758 100122 83337 5640 21032 103077
10143 92878 71131 101068 72703 15676
10144 52270 45855 95731 93740 35598 6242
10145 80415 61242 94115
10146 45296 12594 77621 54529 20529 1892 91129 104764
10147 86188 6093 69243 6427 82691
10148 2822 9212 28226 14508
10149 9583 95293 74463
10150 1103 107004 89589 65766
10151 10022 39978 230
10152 83183 6035 90757 1403 6751 1403
10153 46688 44454 82172 27754 22826 761 4356 41670 33648 61242 45084 49451
10154 4302 3673 96969 20760 47
10155 15938 83411 60126
10156 13420 37304 111379 111380
10157 54756 103506 8939
10158 83807 12769 20242 67153
10159 41013 3575 34271
10160 100373 102508 102509
10161 5602 6944 4969 55578 15303
10162 13269 94078 44716 13976
10163 7146 31719 81177
10164 67580 103198 69017 103215
10165 53576 37312 49288
10166 101120 9813 112091 8770
10167 35975 73840 105941
10168 85066 307 38132
10169 20275 72322 67220
10170 17025 8416 71825
10171 20602 101253 93480 103516 15938 111427 111428 111451
10172 88961 92781 99759 7190
10173 110810 111063 111271
10174 1207 21167 10078 54807 4517 45511 21716 20778 85816 6648 41013 8627 14810 7274 73482 91251 23881 27079 6672 36536 56715 376 16864 61956 88759 50079 32539 62347 93708
10175 65195 45523 14087
10176 90649 24073 7190 41588
10177 89626 89627 89701
10178 69798 512 89330 99065 111430 16000 111615 111972 111973 112029 99065
10179 18222 12725 94258
10180 2279 46290 21703 6523 100391
10181 100353 20307 106041
10182 3575 7288 103039 23935 99902 107896 878 107925
10183 12921 46421 71277 71830
10184 59940 9400 7034
10185 6697 2277 29125
10186 84752 105289 65140 95267
10187 84089 42288 88926 14287 43799 26031 92236
10188 101940 15442 17048 41100 22457 52640 6149 36667 94291 3486
10189 30470 4984 6697 31647
10190 21231 79744 103585 103606
10191 2833 56773 2083
10192 85085 6187 2455 2701 60533
10193 87294 100171 100306 110556 110943 110977
10194 24504 77887 24006 37316
10195 21472 99985 17102 49952
10196 61242 5499 2106 16887 105746
10197 84255 56011 49482
10198 92126 98124 31245 75509 68657 108515 108517
10199 16555 27169 92739
10200 5109 52546 27580
10201 52435 319 28777 41170 51849
10202 107918 25553 107984 109960 782 6567 46859
10203 9023 70130 11087
10204 1209 86024 7423 86077 86078 86957 98963 98964 55159 25866 86024 78372
10205 88951 109028 4318
10206 1610 25886 8744 87788 14858 79763 82345
10207 2471 32645 3660 8744 38291
10208 4471 95139 5070 84987 80561
10209 53013 89032 111410
10210 9582 8753 67546 33004 47002 8064 8583 99832 14925 54962 15512 63772 53237
10211 26035 14026 74294
10212 87563 17745 30342 14899 30261 50023 64943 2277
10213 1327 92768 38177 9403 107276 95648
10214 85057 85076 87422 87423 5424 42052 6681 56204
10215 3220 76583 2459 3739 10258 44449
10216 88060 10602 58055 8831 8705 12771 37110 54736 76882 104428 104429 26283 104495
10217 98306 102749 111908
10218 10874 89465 43651 33903 93715 8394
10219 52103 46291 918 81886 94476 105599 53801 736
10220 17956 52045 93298
10221 25559 35809 87559 16523 79295 8255
10222 53992 84906 87475 8035 91129 28894 3376 5995 20868 2775 63898 111636 111644
10223 83624 15825 4692
10224 60757 99881 108944
10225 86061 89741 33879 77043 16798 26701 83552 46290 19924 98426 21703 98427 10806 98428 98587 5292 28537 111968 44 16798 22782 100133 98428 112264
10226 82740 46074 93123 11150 9033 77329 1011 78392
10227 53829 89455 33717
10228 1365 98450 47760 38230
10229 19147 1535 101468
10230 45239 86268 26495
10231 5439 73163 12121 76460 10369 88763 18182 7288 20196 5837 77999 42084 6751 60736 10848 37665
10232 5333 92662 36466 8734 59699 111897
10233 75655 93316 1131 14034 94123 97500 91859 31551 4969 24823 16640
10234 84730 59853 74059 9127 19021 107959
10235 3805 92179 29522 46405 7211 45239 81890 101483 83570
10236 83749 88080 95797 16983 10563 95908 91534
10237 20824 19517 8581 407
10238 14526 45338 175
10239 89310 7468 50303 22443 99285 1655 120 105430 15204
10240 20421 10602 4104
10241 13501 91310 76319
10242 85586 85722 19425 89394 64415 32851
10243 103391 42194 15526 79126 1333
10244 87792 88082 79608 101178
10245 29123 89671 89695 89696 89712 89713 101375
10246 34412 12052 12694 96876 96877 5387 96897 96975 4072 97035
10247 59603 50325 52434
10248 84484 107739 110631
10249 78207 41396 2143 92197 4699
10250 53865 6242 73482 19847 95447 10244
10251 10407 46899 9127
10252 52287 35628 2973
10253 72665 16753 44230 81085 27743 85684 41270 37364 9426 7144 66038
10254 55863 57812 107091
10255 3548 89684 32293 104185 100962 56517 23761 47013 100413 11150
10256 61242 8525 49474 84048
10257 3870 28326 28833 74127 64852 10504 20559 111301
10258 61242 3364 5337 12793
10259 14155 13252 63517
10260 86514 104 86570 86589 43412 4233 711 88724 88847 9127 56204 4233 10407
10261 72495 34071 105424
10262 98080 98092 98093 91409 37780 108912
10263 61491 69120 10063
10264 25575 29125 19640
10265 25678 47782 56204
10266 6052 11 88018
10267 28050 89882 91210 95534 15978 45901
10268 85854 48210 24823 15735
10269 107277 21513 12037 107328
10270 11477 34729 4597 44471 12377 85891 85893 29753 85336 96637 12347 41424 98157
10271 14588 1337 48314 29712
10272 51089 63042 96186 60695
10273 15036 76466 89798 39978 1846 106141 46479 109115
10274 10281 39991 4972 79504 84045
10275 33927 101357 3895 49682 106081 10267 46258 45363 23784 108826 2320 18841 20120 109214 7301 12056 45762
10276 47250 23250 17022
10277 109904 111592 111593 111594
10278 67096 88481 28564
10279 90618 40744 462 14630
10280 74017 10393 412
10281 53427 90102 98134 98135 98136 51564 100985 30348 105029
10282 59571 96691 32352 63117
10283 27734 10607 58327 102663
10284 13208 13272 111756
10285 7482 8938 30455 14026 24293 1880 35496
10286 63757 8744 2070
10287 16875 40293 6177
10288 48318 59767 35370 33977 32917 7745 14313 15865 79146 45876 59767 44150
10289 53581 4909 42777 111817
10290 13133 54904 99977 15957 100398
10291 6355 46290 91606 96531
10292 35740 87223 18484 107208 107209
10293 89616 62765 104209
10294 60597 101858 83005 101902 16818 72657
10295 30004 43628 92584 5723 70814 4936
10296 72999 85788 57968 107400
10297 772 17942 37295
10298 98576 103193 103194 103236 24160 108558 108565 108566
10299 22090 2276 48896 36054 87558 85360 14887 4958 91080 7313
10300 71190 74709 16814 2272 101628 104987 10710 106027 911 106347 69120 58002 10123 28894 5995 5901
10301 1306 87142 47011 51915 17713 23405 127 100913 101108 20197 11950 111991
10302 60008 50156 31955
10303 21879 101458 101459 13763 5980
10304 50100 4920 28611 38508
10305 91086 103292 111789 64950 104503
10306 849 52434 88652 43409 2369 82638
10307 7953 61868 5135
10308 88134 34607 41277 10253 41905 19462
10309 83274 4444 16555 53674 21471
10310 18133 45771 102633 36585 106608 100897 108383 108400
10311 29561 3494 81390 61242 101864
10312 2279 69568 41588 19153
10313 1585 5540 7282 97766
10314 10986 20791 101962 2407 28932
10315 10359 30629 18536 104057 1961
10316 91816 74446 36121 108710 20746 103784
10317 10625 45921 94245 317 65771 111528
10318 38794 87622 52784
10319 52339 7955 94263
10320 84987 43729 34792 3368 107350
10321 6496 10126 95040 13161 95053
10322 45876 6413 94336 7959 71780 9909 1478 43137 70616 7959 38463 63174 9353 54179
10323 21911 81839 4983
10324 41819 41763 109164
10325 3048 89792 86420 1846 97461 101780 5751 3917 22971 101832 101833 37441 21591 553 94656 18069
10326 25928 81886 42644 30711 7579 91821
10327 31453 9871 31955 18784
10328 45239 6732 51467 56011
10329 105871 104364 107389 2232
10330 29251 69244 84642 75943 35930 38412
10331 576 70365 22853 14753
10332 44509 98902 110767 111894
10333 7031 12032 3672
10334 15736 10258 86219 4896
10335 86121 19784 10541 88729
10336 89450 94127 65513
10337 90252 782 95877
10338 18152 88454 45780 88650 88651 88703 34333 14646 108628 93400 108629 6616 20686 87475 71484 110969 73027 110970
10339 89411 45239 58342 14296 62906 92079 78708 33912 101675 29522 19342 16109 7907 71698 109792 109802 38230
10340 83368 83476 33961
10341 69769 35362 7959 50507 6471 23380 19784 87462 12170 711 9749 2808 50507 2775 56517 95449 37327 68940 30029 81605 27840
10342 29125 64447 6148 15087 2216 17022 93358 41236 3329 98840 106289 60652 41588 1959 41013 111189 8287 111422 13832
10343 57631 18894 2216
10344 4826 46340 18999 109560
10345 42988 90696 52227
10346 11849 10932 107741 29125 108741
10347 98450 412 54796
10348 52795 27848 88270 88271 88272 57379 93851 101604 101606 105192 105193 111611 111656 72736
10349 27095 32347 91183 55614 79657 109699 36766
10350 59834 46502 27283
10351 84150 11652 23261 96689
10352 85085 7288 36743 98007
10353 91905 67122 11007 5845 79160 29418
10354 92747 29947 68124 61600
10355 21117 61687 111317 111318
10356 94868 14217 89994 57417 70365
10357 43604 27327 98010 27327 18854 15211 102043 28756 6031
10358 65942 57738 29210 95102 50029 29128
10359 10227 14816 20699 34667 5070 61242
10360 1397 15099 20896 61023 54796 15971
10361 15452 13423 2115
10362 27598 100856 61519 106529
10363 52060 5028 43602 111921
10364 9400 1366 4806
10365 19558 1287 9705
10366 39447 88633 56011
10367 45239 5424 307
10368 23292 87180 39768
10369 11105 70222 93893 3895
10370 95645 5117 99032 55540 107379
10371 84700 100191 100192
10372 88838 56054 98558
10373 46358 97142 33171 39978
10374 34334 7891 99311
10375 85615 15691 112097
10376 6782 1912 53909
10377 79841 96024 18323
10378 95488 21998 56450 104454 19661
10379 96024 358 71312 10029 24538 88086
10380 98780 98781 4302 4075 47904 20662 6240 56954
10381 87388 107564 107565 30669 107613 107625 44914
10382 42573 76407 90038
10383 32240 7307 49884 43907
10384 94804 51273 3046 95267 4220 8541 16555 95067 49104 4957
10385 12916 85040 19941 63344 111214
10386 83932 17838 92460
10387 91148 47879 17703 103625 283 12427 61389 1586 71315 109970 129 57344 72011 62664
10388 84248 92650 79182 2256
10389 96672 13788 108385 108592 25454
10390 2415 43937 86611
10391 70169 199 33276 33903 14778 67619 38335 21762 21516 66292 96566
10392 28050 1776 102217
10393 1455 9458 9332 104673 32861 50145
10394 86038 39610 59103 35926 110958
10395 69591 105124 81834
10396 83768 84138 4615 6630 63517 24496
10397 67877 20760 307
10398 31907 70174 94047 29125
10399 14434 307 56204
10400 2224 20560 109992
10401 40097 33220 32104 84780 86016 63971 97093 97108 100051 108209
10402 90394 90395 94813 94814 4005 104905
10403 77918 109934 73060 111244
10404 63283 101394 109586
10405 3977 89479 26628 73729 7035
10406 1207 5396 1633 72859 54237 41013 27695
10407 52549 103140 106633
10408 44787 99810 18332 111731 2012
10409 85025 15685 5393 47257 75 85025 74709 5393 23543 89628 34977 108492 108493
10410 46948 40779 57896
10411 7167 94225 83501 10000 25775 42873 55618
10412 50588 6697 74369
10413 4583 44540 41081 105115 88033 46015 108499 18069 2867
10414 54910 89524 28127 50903 20795
10415 1871 10393 3203 23973 2600 11009 43241 83637 8771 27197 68086
10416 92979 47627 92980
10417 10934 97453 97454 58095 307 108563 17126
10418 84633 90390 92459 107823 111928
10419 4318 42572 17802
10420 69292 4187 109871 16753
10421 94936 94392 95166 108212 34816 3813 41013 50359 108236 51253 90000 76272 93534 110703
10422 33522 43937 91535 93508 2690 918 67884 9894 22798 101038 16762 6522 57615 4975 84204 5211 28006 108213 73421 101038
10423 28833 21972 2272
10424 90317 101545 101546 102099 97190
10425 992 9739 12388 71273 47480 104955
10426 307 2279 12921 56204
10427 52435 576 88235 21877 1365
10428 42165 8035 45961
10429 7437 106245 60868 2224 6971 34344
10430 11274 30087 4969 13779 7907 97576 4539 90775 79733 98713 92584 97 105943
10431 43329 107353 107519
10432 85529 42884 26454 111154
10433 33879 24817 97871 96599
10434 74657 5702 4173
10435 90692 50418 55142 68942 8942 30693 98774 98787 4543
10436 18985 22671 2277 27019 93647 100690 100728 101338 35101 10593
10437 85829 86705 87188 91980 5614 97961 100308 42075 18681 106851 123 107570
10438 19634 92946 60197 92953 17136 34234 102345
10439 1881 6680 73767
10440 67720 61694 111110 5726 36892 111156 285
10441 14786 16798 26687 15790 10084 104334
10442 13171 43910 90663 40373 1215 9190 67531 98840 44805 61079 100001 8267 18985 111895 8287
10443 8717 78421 74638 33725 73172 95805
10444 95876 4657 228
10445 64133 53569 71449
10446 87652 20621 41732 87795 87796 44933 36247 77846 93449 93450 67603 37761 45775 97557
10447 4970 83289 28537 29813 16555 61043
10448 89921 95449 2354
10449 87418 87419 307 96600
10450 80415 14806 9367 69355
10451 93123 12036 27614 40434
10452 84975 50846 20895 45583
10453 11847 8738 1440 38428
10454 49256 9705 104928
10455 4145 8406 58644 13780 52629
10456 91240 60008 70418 69215 10437 105121
10457 32127 66292 28461 97897 67345 98553 87298 30397 18913 111737
10458 83844 83851 66797 97617
10459 20547 1207 56483 95081 5452 87815
10460 2548 90927 25886 14147 28833 61423 90479 1579 6854
10461 86300 53829 15726 109395 112039
10462 65814 82942 83079 83080 14549 18475 40106 41022 90732 71058 96538 18532 52065 35020 95194 102616 102627 102638 102639 110552 110553 2720 17504
10463 17026 70977 81832 2531
10464 1433 20445 15000
10465 6616 1310 8173 2224 99631 5109 16484 98749 18844 13451
10466 88739 89804 22209
10467 15682 17414 83552 4711 51934 5695 14299 100391 69971
10468 13045 11193 16555 98747 79403 37781 24787 24626
10469 9518 91300 61508 100229
10470 62593 90114 91537
10471 14408 6805 112006
10472 56011 93140 94362 6571 56204 4923
10473 85662 85663 95548
10474 83920 38331 103262
10475 104765 105600 88910
10476 95314 100447 7081 89437
10477 91295 18418 103161
10478 35283 28461 4318
10479 67685 5074 918 23278 4557 73729
10480 50536 88094 77887 17331 97920
10481 20786 54796 7592 34727 18822 106122 106904 26580 693 5802 23341
10482 84058 89573 629 25908 69011
10483 17770 19342 35055 711 4747 11810 72069 30200 307 10182 69949 67848 409 29129
10484 61242 86250 73029
10485 87440 99665 4144
10486 84128 84129 94056
10487 2833 3085 97507
10488 90125 7192 25219 3610 5828
10489 1475 83129 42833 32073 31720 9467 4302 96261 34503 36078
10490 21014 43908 97172 93586 97260 97261 97262 69312 97297 97469 55145 104349 27828 106108 106442 69312
10491 83155 21017 23995 94741 100732 12431 65584
10492 5424 127 12408 6035 24928 79386
10493 6280 85259 4282 106224
10494 90102 96156 102746 105122 105123
10495 22233 100022 15709 1432 25563 18281 96678
10496 7412 5481 86745 17499 36340 4995 1633 59140 80855 96013 19394 100148 83726 63983 86745
10497 61507 51634 108689
10498 31955 69161 74968
10499 1551 72293 106701
10500 998 6543 14908 83726 9602
10501 6769 39433 68168 6333 58644 12793 32252 78415 55497 74185 13514 95618
10502 90924 68605 4360 10975 99864
10503 87791 85854 109593
10504 307 230 9705 5315 488 1251
10505 84953 110829 58857 111618 80203 111624 111658 111309
10506 70169 34235 96953 56768
10507 91386 91394 92998 87652 45034 96231 104610 104621 104640 10456 107836 2129 24823 103436 111078
10508 26511 62391 26283
10509 89685 8948 109806
10510 77329 95934 97185 14082 25728
10511 83110 89473 81883 107508
10512 33 6003 67546 3220 99960 198 38851 86247 93880 15047
10513 30272 4077 43724 89401
10514 25342 15833 107787
10515 5898 9913 57278 44944 111795 80990
10516 43038 4104 39978 112195
10517 91513 92455 75831 104243 21763 104354
10518 9655 10489 95553 44091 83129
10519 89186 89187 70339 89188 98544
10520 32377 89537 5012 44540 834
10521 49904 60956 53993 98625 4955 102723
10522 59764 91799 45664 9050 21100 80125 27954 7302 4848
10523 41909 74469 77878 2699 5021 25489 26993
10524 45239 25676 100307
10525 98395 98396 102803 107715
10526 76603 3759 52113 95882 95906 97359 41013 40819 38000 54813 100360 100850 14394 100874 52113 3759 105488 6540 100874
10527 6487 77690 90898 46854 5463
10528 19457 17504 99085
10529 101304 80516 108586 5978
10530 93800 37617 7307 3470 106270
10531 1202 7821 101146 20327
10532 87866 37868 34013
10533 12694 7330 98408 98409 36570 1832 37665
10534 12515 5074 111260 16209 12921
10535 37891 16079 16106
10536 83145 84364 95384 20069 75860
10537 100702 307 111179
10538 21149 102370 2645 104983
10539 9959 335 4302 76272
10540 25538 108532 82524 12498
10541 20463 98695 65042
10542 89719 46533 30948
10543 1846 35740 84389
10544 82966 92317 14682 97025 97098 46894
10545 43303 84037 90505 6804 80838 15788 33054 1306 71968 110870
10546 8943 22102 52520 18784 62610 4397
10547 86805 86806 86808 35740
10548 57287 92915 94695 61866 44197 60899
10549 6148 21272 21317 17904 2114 8287 17122 61366 89415 1225 4412 76370 65649 101129 10265 65107 84957
10550 5093 10140 26687 66876
10551 6434 71470 101485
10552 58644 36934 6950 14897 108516
10553 12427 4639 5922 59764
10554 44924 93237 1656 47473
10555 5424 91196 91659 94616 94617 94666 19107
10556 22855 64227 1751 78158
10557 20202 86028 5610 93533 13912 15637 10605 45335 32975 25491 93934 60487 93935 56556 12224 29314 2602 100912 99856 48551 32270 73506 98905 111785
10558 1961 61969 29753 42027 60487 105252
10559 84861 84862 38099 89224 39783 107378 6554 77571 111581 98200 111811 111826
10560 64735 14150 12822 10453 576 18142 70418 81972
10561 110316 39433 44309
10562 14546 107695 19228
10563 42644 95187 95761 20360 524 104580 104963 107040 29585 107142 61764 42097 107923 27683 17419 68438 26188 30573 81540
10564 7116 20686 5901
10565 106132 2314 67756 92911 8640
10566 97778 10554 21607
10567 82978 60371 95 5619 87159 12196 92739 9246 32376 42220 25195 13161 93799 93838 64638 12010 58244 15480 3046 101384 19241 104062 104063 29534 3038 104099 16166 106478 36873 107182 107183 3046 86082 22612 91682 107766 87187
10568 87728 87751 78567 31900 78585 67764
10569 14810 44944 88163 10395 96402 79569 29870 40995 54903 26919 8259 58392 36423 109021 109066
10570 45795 66894 82007 97618
10571 87012 15836 90783 96467 97037 99636 46885
10572 18392 29306 73039 47017 21790 100949 100965 101046 64704 101073 5401
10573 44602 29855 2188 98191
10574 1328 11737 26035
10575 87762 92306 9009 37467 95684 55324 46862 45251 30647 25759 100504 8882 100558 9776 67340 57249 103690 102888 3782
10576 28537 86036 86137
10577 93037 93186 94040 105106 49267
10578 78109 3139 3555
10579 55038 57353 16145 107796 111375
10580 12631 2993 1382
10581 96729 96730 639 12396
10582 103682 106730 106731 33463 23930
10583 4422 4873 17081
10584 21472 86954 87482 87483 99224 104442 39387
10585 51312 46755 11266 17414
10586 1722 99772 9465
10587 26569 104873 2690 9033
10588 3718 89597 82640 2817 110212
10589 11796 32124 15158
10590 6103 6449 90919
10591 86387 85289 55928 2774 63330
10592 109736 34635 51279 109758
10593 82873 12748 104556
10594 100783 40762 83245 49936 105666 107638 107660 107682 107683
10595 18996 51754 93415 11909 105223 23374
10596 15957 20446 33189 97468 83437 5938 2072
10597 2840 62176 101025 57287 69120
10598 34262 86356 21612 104872 66081
10599 38117 20678 4327
10600 73371 21594 36801 69544
10601 95877 20978 25165 80293 61797
10602 39877 88759 12810
10603 6782 16106 98211 175 32192 2277 48229 99196
10604 16378 14494 83987 28947
10605 89355 46990 71904
10606 12307 4513 87265 87321 42877 97733 97755 97945 83136 37816 107446 33470 86670
10607 77243 14962 3759 6697
10608 31006 23410 99261
10609 46720 36308 14267 73202 84873 5070 20098 50303 39774 43607 5901 2052 110333 5991 22998 47752
10610 26802 16522 80790 3883 67848 23845 87952
10611 56204 21367 576
10612 22561 90066 90702 90703
10613 87696 88329 89612 77082 108610 80069
10614 97004 72494 33393 99491
10615 56204 12207 3817
10616 50156 4372 99148 99247 7843 105814 33248 96733 110536
10617 2079 5755 24868 5302
10618 68274 1777 42308 18854 21216 89909 14285 1564 70449
10619 92390 92474 17413 102970
10620 41013 11847 14588 28031
10621 42089 27588 38943 13423
10622 88990 307 14431
10623 106940 108898 2471 110053 110355
10624 21599 23134 4059 34157 55142 36173 77630 50671 102774 66146
10625 58452 5804 20551 90349
10626 56622 46239 11279 34727 46239 42212 19173 35599 86845 34946 69591 10258 1749 86952 42143 75112 87042 12389 81720 12226 13248 54796 35599 34946 33977 9329 53397 93123
10627 97174 22457 38799 31565 105847
10628 95048 94366 72364
10629 55181 77294 9826
10630 86912 14068 15146
10631 47896 57547 52649 38132
10632 9549 83369 6685 84259 84725 85531 85539 85560 9549 23327 6685 28527 44581 71890 80220 70504 19200 48844 28535 41824
10633 21369 24982 84431 23590 46290 31328
10634 365 30445 8738 104913 14026 47835
10635 1397 8270 4318 5424 8330 83726 68479
10636 23851 10589 89440 53865 90241 91461 15153 1280 40994 47145 10259 26340 1330
10637 16774 21039 12145
10638 307 102368 66305
10639 46665 89230 6262 2888 41011
10640 83468 38453 10318
10641 94704 74824 103218 67760
10642 74981 24483 30093 112104
10643 55705 90694 69902 55705
10644 32068 35479 91505 24432 50458 6899 44869 52973 111970 111971
10645 10013 54179 319
10646 9333 14207 45239 230 85641 8231
10647 64855 55760 26879 22502 86767 35529 111839
10648 91240 1403 93272 86332 45857 43503 99124 1403 47927
10649 87929 100281 54816
10650 71649 83627 81949 1576 93854 93855 94898 47782 94900
10651 96289 45239 46159
10652 39110 74121 84454 73148 8073 15285 77862 2256
10653 120 95562 35647
10654 21448 82716 107382
10655 36093 8636 88518 94016 13312 94017
10656 90959 90975 1799 1822 92597 63656 13752
10657 56204 13440 56204
10658 84045 74153 90484 52566 93560 51738 91116 3211 102908 76239
10659 85931 84966 101205
10660 21461 8382 89386 41013 434 111075 110882
10661 37930 64800 88538
10662 14559 37312 31321 93120
10663 7433 38454 30236 9437
10664 105074 36314 110517 111721 111723
10665 87687 43810 100106 29636 23902
10666 88040 88041 18784 77878
10667 5211 1256 15325
10668 106362 5930 916 19670
10669 1920 307 4104 67877 5424 106548
10670 68982 89994 9771 1633
10671 9948 13658 88736 88859 11833 29129 4304 5641 27279 101320 101608
10672 9467 80415 84140
10673 27851 74393 16798 40450 25083 52862 26061 61043
10674 20166 1542 89477 91439 20979 91458 91460 3475 9391
10675 56011 5424 67877
10676 85511 85532 85871 85985 2028 31337 42728 12674 2241
10677 42644 84038 97674 11473 19951 108131 81597
10678 95056 43947 17031
10679 2872 1634 72898 13695
10680 21317 78045 69617 92783 17918 26170 5286
10681 47952 5898 72893 44983 102405 66509 102407 55396 102622
10682 1475 90155 10306
10683 88986 88988 66103
10684 96978 69892 100179
10685 91040 1655 91619
10686 65074 73973 1111 98007
10687 89787 80349 2581 30445 1750 89900 79462 10407 98919 343 38975
10688 86425 34406 3278
10689 94221 31327 94216 44961 105510 15297 105805 2499 35582 87585 50298
10690 62176 52125 91546 91610 62176 96363 38516 70834 103735 14020 42249 104419 104435 107083
10691 8504 6652 69904 91375 15736
10692 30367 13187 93250
10693 89482 89483 21546 65676 70417 101413
10694 1306 14498 1225
10695 24521 22530 88717
10696 63507 2216 21555 1306 94785 3813
10697 93393 100945 8403 51828 106325 56936 106326 106444 106445 20527 79793 108762 108763 280 108811 2989 109839
10698 89798 46210 27095 4104
10699 88318 45702 98477 1825 32958 69829 12939 105205 108788 18844 108868 111393 45042 1615
10700 6462 88639 52934 56126
10701 19903 94638 38762
10702 83186 31250 13128
10703 30759 8394 2808 307 102293
10704 25824 54813 26396 108139
10705 83345 4561 105497
10706 102762 32404 22592
10707 88276 88808 2206 88809 31456
10708 3358 21577 5845 83356 62981 21577
10709 24868 57677 14248 42858 97309 109974
10710 60900 92001 110571 15220
10711 93114 100621 503 1880
10712 89123 89124 89125 89152 66459 23789
10713 4692 92885 6410 93344 16838
10714 48137 3380 92042 92286 94341 101947 36589 111239 99346
10715 36048 86640 29058 86558 10070 52459 73646 70661
10716 28126 17328 95562 83584 100313 5311
10717 88559 88728 75663
10718 19622 94358 1086 22488
10719 87976 94603 72094
10720 28168 57262 91275 93520 98448 74150 98463 98464 98483 58950 101198 105403 109506 64029 10975
10721 26761 19770 110315
10722 2637 96778 96833 96834 62283 96912
10723 90241 29097 17254 15312 27802 25085 47145 30
10724 94136 53865 94291
10725 29876 46427 18593 14721 26454 82938
10726 29125 109225 60157
10727 94658 99578 12769
10728 32529 15000 2800 104928
10729 10996 88304 102293
10730 5869 12210 101418 98153 84793
10731 22084 31420 75951
10732 57516 89731 469 89771 90986 90784 91003 24604 52645
10733 45719 319 1287 612 5843 9255 67198
10734 48989 92155 8187 20019
10735 83909 36156 4033 5251 34727 4033
10736 41576 25928 72011
10737 307 2900 56204
10738 27475 66929 101559 16555 72069 103462 95439 27236 105754 59902 9749 75484
10739 95921 86230 97452 74728 100836 101358 75966 825 72549 50406
10740 83672 4248 37364 16670
10741 80581 94016 107812
10742 20166 71863 30912 71514
10743 90377 39401 38336
10744 101189 90368 69430 8244 34299 51329 44410 101831 77329 37807 102034 91137 102049 102059 1884
10745 83065 65071 9058
10746 87505 87513 87514 87802 22329 106794 28297 13953 4884 67736
10747 21672 105273 109891
10748 84286 84332 61687 68032 94410 108662 74958
10749 37941 88876 88897 88898 61694 70648 3560 21444 100615 56163
10750 37564 72268 7496 95924 96716 101663 101664
10751 91901 81876 75156
10752 59719 42920 278 57472 82607 47494
10753 10787 14740 80703 57214 4318 96498 112272 1450
10754 83101 22281 96412 27645
10755 7273 99681 112221
10756 43539 25222 16406 80992 83289 46818 5700 6434 66116 7244 1914
10757 15825 4818 127 7920 61871 14075 73396
10758 87883 95133 75098 99277 100216 100217 100685 106086
10759 35270 1207 3486 10359
10760 86171 54099 41419 22100 71910
10761 72011 46291 37539
10762 10072 17414 17022 90493
10763 89075 86083 89076 89371 89499 9046 21030 102081 53936 59051 11062 102116 102117 29083 15809 50237 89440 52013
10764 28126 96653 106974 26353
10765 51761 8704 16812 74862 17916
10766 59838 88563 88564 53495 92202 11947 104575 29354 17956
10767 83361 83752 89711 89717 92733 95552 99157 108874 108875 112064 112065
10768 92685 92686 31511 106419
10769 10278 22102 9157
10770 88928 48602 89798 19303 45403 1287 31074 99514 31043 99525 78047 8035 67627 4007 104207 3657
10771 91322 5068 107753
10772 9106 83516 31192
10773 85327 85328 85394
10774 77250 47 79960
10775 25435 3099 3695 69903 93107 93138 103515
10776 3621 49616 91748 14800 9040
10777 94162 99043 111147
10778 14255 15140 24823 97033 105831 104764
10779 34316 5145 90291 10973 19872 76642 90304 43547 93006 93007 93008 25057 84810
10780 16753 1564 55230
10781 80368 54813 88877 54041 603 61242 40441 15980 43914 74840 3659 46645
10782 5898 30622 24960 108318
10783 11007 86569 98450 20393 149 101812 22855 110239
10784 69591 27673 6648 83129
10785 84600 7301 110495
10786 50593 52435 10182
10787 12921 15925 13930 5424 17125 101424 26064 69555
10788 27475 5863 35659 37868
10789 28537 5946 15379 87476 87304 23341 33789
10790 23429 91820 42876 91866 94504 102862
10791 41857 1961 1207 11257 81473 78822 97699 97700 49198 10359 111458
10792 41097 21676 57414
10793 48615 44074 77355
10794 36751 88929 46192 18671
10795 21113 88637 96756 96769 14646 99283 70322 105045
10796 8635 100465 111381
10797 15534 79406 76184 73956 16588 8016 78827 5093 78679 80380 18643 105671 16148 100969 108489
10798 91739 92425 91335 28148
10799 83222 54973 83223 83249 83250 96524 112242 88672 112327 96571
10800 11745 54420 88390 94698 94699 3707 99530 99531 36096 14335 78433 64506 103979 23924 79653 104049 25454 36464 36087 21213
10801 307 20815 100861
10802 24421 21792 36071 440 4572 736
10803 71536 5721 25655 95252 5967 103534 79160 16208 106972
10804 28537 918 45825 21390
10805 33054 1975 80420
10806 37307 82176 110345 110346
10807 86752 102978 66873 102979 103514 103520
10808 85631 15391 89289
10809 34071 98688 64651 104576
10810 25409 89471 65688 91703 110370
10811 62956 18385 48287
10812 69573 13148 60435 84781 106946
10813 24188 24496 93941 61249
10814 68975 15091 96394 46840
10815 62220 8821 27468 39251
10816 2216 24801 41013 63361 12292
10817 21839 50751 94845 14648 96375
10818 100533 55369 19570 100617 52273 21841
10819 55349 43933 30330
10820 104482 50712 112216 45974 53369 17450 10407 112297 18770
10821 101143 101144 22046 27095
10822 43433 72011 42572 43602
10823 73585 23891 21852 33088 24323 75526 92734 93910 100078
10824 65244 13393 11610 7002 28833 56138 46858
10825 80679 101095 102798
10826 17797 17164 7307 32514 9228 49491 73004 83239 15033 83862 84041 73604 57388 17797 6672 23128 96734
10827 89031 60951 89607 100198 47422 374 34 111475 111489 100198 111977 31689
10828 88751 24153 88966 31794 75325
10829 61242 12408 76039 7988 102655 3465 83665 112079
10830 83822 83847 94439 94873 81974 94878 95096 73798 103897 44016
10831 15530 916 110247
10832 40748 43445 91160 102022 109715 73234
10833 7386 39361 37058 2823
10834 10668 1656 29522
10835 40499 88333 88465
10836 16022 76061 58554 67790
10837 14328 85905 64973
10838 16903 13413 36370 23994
10839 86780 81301 86110 4073 86782 64006 31115 86868 83739 90617 4428 86782 14509
10840 56204 8556 56011 70242 90993
10841 85405 90352 61391
10842 56204 3863 9943 62220
10843 93607 95810 95811 33808
10844 60984 55734 91901 73148 86983 101906 28252 101946 81112 75 13103
10845 24266 12943 50129 111585
10846 83146 4872 27095 33275 16753 3136
10847 91231 11608 60487 9562
10848 86875 99902 99905 79878 15529 8035 53067
10849 14252 13800 4525
10850 96236 10072 2701 4777
10851 15648 109119 109156 46297 109185
10852 30157 16409 73372 58989 34826 75116 7129 29191 84675 19615 84817 58989 4026 55040 14603 16408 99706 32397 45156 36111
10853 2653 16555 18818 49943
10854 5844 69235 11473 20390 1523
10855 85134 85135 5391 85137 56829 23962 104368 111355 111995 13350 82213 112023 108952
10856 86430 59291 99978 99979 71937
10857 2908 4261 28005 1355
10858 6405 93781 6248
10859 307 89394 32351 45239
10860 98937 6161 101782 22964 46968
10861 55098 10906 2949 91739 16555
10862 64163 81434 47168 112113
10863 52598 92066 15305
10864 6167 71863 91129 102960 103475
10865 84803 6410 84846 127 42492 4223 102438 112298 58683 83726
10866 16396 15674 85066 65033
10867 84145 43602 12062 75929
10868 43291 85672 85698 4657
10869 77887 82740 47938 3507 9796 49533
10870 89423 5080 87040
10871 102079 26701 2646
10872 86350 22233 59948 85040 65088 80954 6236 76697 100817 4744 105787
10873 26557 9148 61947 12381
10874 6265 67877 9429
10875 86080 24432 9414
10876 1908 84094 14897
10877 74405 18353 48896 36669 28142 65764 85385 106999
10878 72307 7589 28006 14014
10879 59785 95209 95210 101567 4758 3568 37370 20316 16561
10880 41898 80672 111365
10881 41550 44769 16627 1960
10882 95309 40624 10005 15327 453 20760
10883 103347 111701 32776 98300 35419
10884 41697 48848 110965
10885 86436 87132 89155 89836 89837 23104
10886 42622 101468 15806 101601 110026 8083 112194 28045
10887 10724 86002 146
10888 34072 7521 19415 8254
10889 2597 80661 4765 32371 59473
10890 16058 85620 89945 19192 5174 78017 89815 85299 61068 18133 42949 106862 85480 91552 109310
10891 16753 49906 1564 14090 230 9527 61383 95186 14090 27584 38335 20919
10892 49114 7190 61031 96806
10893 102842 102965 105925
10894 88833 101378 104528
10895 99338 99378 35305
10896 33773 50439 88417
10897 22026 63904 89434 89649
10898 85559 1615 36774
10899 85125 9050 28164 24610 50995 24876 98609 34472 31760 43126 82236
10900 14567 29807 53829 1872 106434
10901 76536 106901 4766
10902 32119 88669 81834 79181 67877
10903 407 5507 40256
10904 30245 102003 102004
10905 84450 40211 9021
10906 72011 42071 104647
10907 7600 93865 33718 109388
10908 18093 8485 89826 55788 72688 89887 11048 9166 76566 32598
10909 59359 56204 4036 89556
10910 19446 85920 86160 13443 87596 65262 83792 88265 34388 102488 102598
10911 14090 5424 76845 307 772 15316 25972 72322 90974 95203 109500 92365 39978
10912 73764 14991 1397
10913 4657 89093 33348 75122 19802 57666 34010 89204 89205
10914 47 12725 37745
10915 89247 28668 4997
10916 15727 2354 33301 19325
10917 89418 67877 76971
10918 72527 22820 17331 46291
10919 101610 101611 101620
10920 97047 104242 9552
10921 89765 17513 21787
10922 5251 91022 4327
10923 27734 45712 4949 67283 88391 19676
10924 67782 16874 42631 29730 67782
10925 15033 27194 7096 4949 58010 19107
10926 76337 412 15796 23829 26199 7048 61640 17802 84639 4692 41675 1742 7031 78017 108304 12032
10927 92337 43875 22107 58688
10928 91492 235 64455 103050 103055
10929 1374 23404 56847
10930 61242 23973 10108
10931 6924 72290 101653 12518
10932 18256 83987 850 21167
10933 90165 109403 35894
10934 8856 3739 28164 34727
10935 42572 5241 39057
10936 31053 8782 103344
10937 1112 2276 11049 1261
10938 21137 54169 35740 8358 53066 6535 83496 26221 64456 68602 34881 75398 12916 63314 53209 68148 53066 101778 19861 63314 45052 62549 21138 74522
10939 31282 41241 43412 25562 6397 2604 67877 102443
10940 41763 70412 82013 47848 110624 53536
10941 29060 10189 6291
10942 85347 1397 6147 3820 32990 31297 14328 22170 10150
10943 7164 98583 28892
10944 63558 92812 7930 61140
10945 56204 41847 25168
10946 3203 9239 13643
10947 84856 20732 6825 101330 109037
10948 89555 4846 84616 101362 38292
10949 50798 84134 84136 61460 87317 87369 87385 88834 88835 45543 10804 61450 107616 107635 107636
10950 92531 72379 94148 97603 97604 8855 27520 106493 106494 106579 109062 109063 109064 109172 109188 109189 110351 110352
10951 26161 84563 19142 88346 31955 8418 10823 84563 40319 32134 45831
10952 53865 59817 99035 21678
10953 1297 5901 93918 86099 13084
10954 11986 24800 6832 5596
10955 56204 4248 18323
10956 3813 878 22387 58537
10957 89203 35527 21869
10958 77601 90204 90218 90361 73114 49953
10959 50698 30745 96494 101251 35700 112123 26303 112339
10960 44263 83797 75035
10961 81112 69549 97658
10962 96045 14098 16695 15020 18546
10963 25254 42868 104701 16633 15307
10964 18 6594 30975
10965 42003 676 68558
10966 1810 89376 86558 68659 41266 12427
10967 1564 89814 69292 25928 15871 91929 97484 5483 110734
10968 22178 50374 19263
10969 12175 34816 9190 52546 7483 42726 11862 98840 29696
10970 66292 16599 73980 3278 4513 31259 83136 76272 108444 1163
10971 319 101128 89306
10972 75526 18790 54768
10973 44809 98420 38028 81532 50246
10974 27423 4610 69950
10975 3932 319 11897 15981 2222 25436 85066 4657 67847
10976 780 56054 993
10977 84497 84579 55217 78760 107873
10978 83472 85226 63914 85227 104373
10979 56204 15777 13758 101216 105790 26536 46243 33674 69493 101216
10980 11007 8635 98318 25903 6676
10981 2279 89826 6540
10982 87647 87675 101405 101409 102752 65286 102753 112326
10983 23154 83150 95496
10984 83289 14560 100421 73553 14026 100871 2040 100891 48250 95234 45525 9032 30749 96969 19153 110246 100421
10985 16850 6576 16992
10986 434 20166 31565
10987 22701 9893 9367
10988 6264 94113 101592 101593
10989 103635 104714 105615 75083 77226 22274 97516 50568
10990 23948 50271 84740 83310 5115
10991 44754 1777 844
10992 84157 14207 28942 98073 104928
10993 88735 90163 18144 330 43709 57777 108505 73679 108888 108943 50255
10994 47 4935 72759
10995 83201 52686 36922
10996 62315 55207 101723 20670
10997 49941 65771 84555 94821 19194 49941 6167 4039 13938 8116 5424 14180 1111 71012 7902 5049
10998 96530 8315 3120
10999 43540 87561 32214 29442 33923 60820
11000 26098 28100 93741
11001 1403 230 4970
11002 98606 25262 98655 98697 44027 108687
11003 87412 2160 30547 101817 102929 112087
11004 4692 3436 612
11005 54040 74824 25947
11006 95535 100199 104929 75140
11007 29020 38129 13335 4187 21837 6173 73764 23864
11008 993 37342 54803 91859 6173 54140
11009 95436 96679 96707 96838 96839 96959 18347 103354 103455 103526
11010 55985 25640 5301 78663
11011 100828 101002 34820 5728
11012 5424 4657 46421 43602
11013 32542 106367 108365
11014 25300 101600 88689 103150
11015 83933 19252 84123 84158 88814 83611 98495 23
11016 4710 59092 41670 61242
11017 398 214 87813 42198 106362
11018 87836 19949 93580 89778 85111 96016 96043 43770
11019 77697 16992 5859 72549
11020 17205 12008 93408 104739 12008 22313 2681 110950
11021 68515 69292 6441 78017 45771 45657 1473
11022 82600 30191 15316
11023 38597 388 60274
11024 33263 11968 104928 43250
11025 17609 82923 64818 107265
11026 15493 57416 58314
11027 56675 73970 98451
11028 16366 7345 71776 107737
11029 45593 83784 83804 1656 22841 43916 88846 38793 90188 90194 90239 90240 9943 5396
11030 109056 19293 48737
11031 4642 77236 90379 73350
11032 4663 17720 93020
11033 8870 19676 38140
11034 80242 1544 35549 52461 36919
11035 26777 73381 4780 69377
11036 88436 1011 15279 101638 54442 24823 65839 5602 83987 137 101720 1314
11037 63517 1070 41245 85662
11038 85685 564 12370 745 108268 104928
11039 80198 5286 28346
11040 45692 60693 111131 101886
11041 14375 761 19424 92283 112310
11042 10123 11737 85232
11043 94308 80415 78746
11044 86964 86965 86966 30271 87087 87088 87171 87218 38363 2268 89296 70795 86965 89917 111478
11045 68486 106117 74604
11046 39699 10855 9068
11047 84464 78392 6103 9629 44631 12098
11048 89970 26474 89994 81864 40586 20591
11049 11473 412 51304 2900
11050 16629 67877 1328 71081
11051 20677 75333 27381 1794 37004 102372 85 102378 102379 3494
11052 4909 18416 4302 42651
11053 51759 11023 22391 61709 67619
11054 83741 85931 97711 97758 97759 103437 67212 79988 45518
11055 24719 10464 91938 98618
11056 27745 22402 8376
11057 30838 9058 73886 74220 86020 88999 72969 1287 23358 63249 50530 96371 102257 102343 102344 106321 18836 106490 83592 96371 86732
11058 72011 78175 51795 26325 109386
11059 34071 55866 45771
11060 55510 67389 3810 23899 55510
11061 89910 2761 90298 93194 11129 96280 12790 100680 38836 12961 90859 105327 307 66623
11062 86104 110787 110809 69049
11063 22467 76971 50052 111184
11064 28470 4970 45239 83488 4934 29807 89790 62033 5214 104503 92834
11065 61762 102011 71761 25740
11066 65058 26860 33850 19057 107808 107809 13144
11067 84946 84968 84969 38292 84989 42754 85004 85005 85006 13732 85007 85299 85300 763 2087 291
11068 30594 88606 28458
11069 22333 102893 112169
11070 8330 109228 22736 36850 63299
11071 5859 39509 100873 11402 92245 27808 10182 104198
11072 85081 85104 38414
11073 56011 78763 75845
11074 45850 89892 90253 93177
11075 230 1920 45239 307 22276 86287 57939 71514 68761 8046 94432
11076 89282 14643 59530
11077 88623 88781 80278 49272 27475
11078 72011 5683 71607 45771 54768
11079 8757 1306 2201 26206 101867 83987 101798 84001 102989 10278 78822 39333 103029 5292 1310 10343 37963 32664 52857
11080 89820 10253 77684 87464 61500 90201 19200 11847
11081 41871 38969 26701 24620 40325 19738 60487
11082 72154 9948 67220
11083 86037 94459 94534 45593 4249
11084 82489 49912 87874 65633 89872 72599
11085 11998 109216 90138
11086 41974 10806 1817
11087 12210 41221 94335 98593 71586 58300 37295 90445 19920 65803
11088 89331 89384 89385 89387 3870 42223
11089 39892 85119 85120 7943 54763
11090 38277 22980 2338 92576 53105 356
11091 9524 41734 100709
11092 88062 88063 91678 111490 92317
11093 21530 97067 35027 99354 99355 10934
11094 77135 10548 10009 23995 1368 100224 89180 99489 111710 22502 111745
11095 51310 90151 6429 10344 6732 100610 13078
11096 2873 18 52435
11097 87001 58729 50952 99345 27257 112107 112172 112287
11098 35643 56084 8255 23349 26264
11099 3319 67075 14887 17594 81901 60094 41036 8532 91431 60910 24876 75985
11100 8255 36839 75985
11101 101171 105272 39504 9287
11102 6721 38871 6721
11103 66933 41011 3048
11104 84334 28122 61755
11105 89757 89757 101614 101615
11106 398 6236 22536
11107 81219 19815 83813
11108 37295 96880 6441 67411 1111 36850 1908
11109 88688 88704 90017 90032 62525 55470 4924 102241
11110 65867 66292 12014
11111 2256 6737 54899 10894 8064 19582
11112 40634 83936 95798 25453
11113 52950 13799 33355 23972
11114 89740 52658 47952 65416
11115 24954 1832 100831
11116 89358 10786 72712 84830 97650 98050
11117 62792 75497 93458
11118 87661 101160 18167
11119 83129 7687 398 29060 7389 61242 11997 10258 1475 14255 17000 107710 3805 66953 1328
11120 66810 91899 97848
11121 58115 105625 95684 13705
11122 27990 307 73950 67877 45239 14383
11123 11433 3932 38230 68583
11124 8940 28470 15882
11125 98540 1908 83726 44925
11126 89952 27775 67828
11127 19924 44309 96225 40403 37057 307 59931
11128 97331 81866 10227 97412 63507 29898 6382
11129 6732 108267 52435 2465 72815 108683 58006 37563 844 4747 27812 412 69949
11130 4958 9367 30508 51738 25900
11131 34371 11327 1731 111990
11132 25262 6825 110338 111617
11133 62033 99714 56253 10095 3068
11134 22626 78428 109340 32402
11135 86173 76989 19823
11136 53162 38099 52976 55033
11137 45584 100638 100806 98242 107684 61031 83309
11138 61242 7239 50640 29047 84515 12030 76094 30523 97932 7239
11139 34667 18182 307 18741 7144
11140 35550 31494 19558 89240 47683 84599 5922 78663 190 101823 12210 4536 6970 47879
11141 1225 33269 44594 107650 28892 32167 18953 9190 56515 6949 5290 3739 107743
11142 14798 20166 6242 41936 67546
11143 75724 101165 80346 29497 110700 6187
11144 4318 96400 108435
11145 11 5424 50148 87730 25711
11146 95199 47728 61709 33610 8408 95286 98153 100713 100714 101511 101579 6574
11147 5811 18217 34727 83987 24143
11148 94124 3560 105290 16724
11149 92730 93418 30818
11150 12210 84826 72011 86246 86125 30975 99432 37696 27342 8533 101617 5139 104928
11151 84538 89636 70728 108845 49181
11152 86253 2225 76350 28148 15713 45715 93869 518 15951 107963
11153 84192 90042 99502 109753
11154 6971 82179 25283
11155 43602 101812 24205 38004
11156 74511 23815 30737
11157 10449 99489 6617
11158 70016 84253 16753 18133 57868 3136 17457 19297
11159 84530 32073 4970 20166
11160 90418 76826 91706 39531
11161 41966 103994 54699 30598 6976 21087 78572
11162 83300 98311 98634 38453 5117
11163 10975 41654 63434
11164 47312 35211 84035 20677 84054 24005 84055 7706 44277 84072 30004 46319 82165 84549 8504 72550 70131 35664 75238 38414 85475 46989 18836 358 70274 75373 22114 76420 90037 71282 78325 19800 79958 29553 26435 25490 19079 4441 47312 54432 61353 104974 36370 90708 9409 3908 70131 49256 21579
11165 52435 8966 61196
11166 24658 5399 5615 61318 1892 1846 101559 89131 65057
11167 8330 1328 2471
11168 87477 87477 95614 112186
11169 38829 25551 18069 553 5214 104503 6083 106965 7068 14897 33174 107037
11170 88586 35523 19090 83195
11171 90067 22192 111955
11172 31650 11764 2188 10738 87435 40024
11173 29256 33409 11182 31373
11174 3932 5424 1297
11175 3805 1299 177 15480
11176 19478 11477 98110 63135 74371 98424 73339 16318
11177 11411 14645 26381
11178 87095 54971 68291 15858 9264 54159
11179 84815 3864 10126 97752
11180 22773 84025 84051 84519 13416 87977 780 8738 79969 65465
11181 81085 4513 72800
11182 4513 11761 79031 90919 13064 46749 61242 58683
11183 84431 5701 101127 109117
11184 90203 90219 90244
11185 28564 97912 306
11186 2739 101451 1337 106823
11187 26021 74396 28364 105545
11188 45807 112293 112295
11189 1207 12921 81989 1337
11190 69292 451 1570 87263 42983 30004 22023 6289
11191 5424 319 4318
11192 14101 85475 42226 3782 33808 107920
11193 48003 53852 27 43055
11194 49998 9212 3637 88311
11195 25574 75591 78211
11196 13757 75779 30822 14147 14503 45766 100470 102150 21087 21757 58147
11197 53596 712 4513 81085 319
11198 18871 5424 84157
11199 89432 35232 108548
11200 518 65996 96516 23358 28932 96517 29097 80470 81602 16522 49293 10022 17107 21590
11201 41550 72011 18854 6757
11202 64846 107730 107731
11203 53909 30850 65327 101940
11204 55533 70354 95029
11205 71550 3876 36841
11206 78339 92306 111924
11207 10509 86568 23994 23973 9328
11208 50436 68166 103149 50436
11209 84933 4528 52434
11210 25171 89718 27745
11211 20018 23985 71634
11212 5905 88198 88199 21485
11213 87214 34073 43602 540 100445 1280
11214 84269 55540 99963
11215 27990 55985 72898
11216 86545 4223 86546
11217 6806 1256 63726 97729 79688 784 98682 101137 14753 60784 50593 111515 2949 2081
11218 104543 57555 104821
11219 1539 55156 100591 105694 29089
11220 14494 29672 57457
11221 761 55985 27990
11222 96003 22886 85322 106118 107318 93398 107661
11223 71103 26364 59217 92058 92217 50374 48136 96917
11224 102734 102748 105429 105868
11225 89267 95279 68761 100924 14494 86516 1515 89267
11226 33346 32806 23761 81938 107071 107086 77072 65070 61448 107110 55419
11227 5396 46051 96773 96872 93020
11228 41780 102338 40833 19509 103783
11229 48667 8726 91806 51201 57006
11230 13496 84685 12827 32219 97955 83289
11231 83782 36891 9969 10641 707 2465 3561 2320
11232 3389 67225 12553
11233 57640 98070 105986
11234 73482 92622 101097 101111 102308 10126 4157
11235 22890 6603 43025 8478 24675 7160 76583
11236 85889 101443 102476 108840 108841
11237 4365 83310 66810
11238 45771 85066 52435 54454 96382 34856 4528
11239 52437 33230 878 34961 17672 84074 41013 86506 9428 54901 9 13252 24065 31080 31483 12789 84074 97986 86506 98009
11240 89366 37907 12727 103569
11241 29901 11433 1297
11242 32566 25305 85377 85378 85379 84514 92785 98441 43394 35313 1616 98466 6922
11243 89639 31149 5499 92569 65346 100645
11244 97461 33301 10694 105226 75140
11245 56011 1563 18323 68546 721 8966
11246 43724 38041 101886
11247 89787 7130 67026 307 39978
11248 69301 19622 22914
11249 39537 5212 49315 41050 34235
11250 20609 54318 23697
11251 83775 40938 83914 45278 9042 17970 33935 18304
11252 3358 35971 41049 103796 5504 54755
11253 92255 15606 32674 4695
11254 84991 43612 98727
11255 40024 102111 102112 67457 8807 12082 51411 108573 67511 47927 3462 38412
11256 5867 4657 33714 5782
11257 88531 88646 89046 22511 43378 45288 15945 103042 103043
11258 108 29936 58011 84554 81074
11259 74602 62762 86702 61760
11260 48612 45307 83726 83726
11261 90033 79653 41670
11262 576 65000 9679
11263 32348 83987 13878 105712
11264 69786 4536 85066 78481
11265 89630 9403 62876
11266 13078 24559 15366
11267 90510 101210 101211 101212 101266 101267 101268 101269 101313 41067 101359 43767 23956 48584 2052 107513 1015 107523 107566
11268 42665 39478 63012
11269 46252 40243 16069 106214
11270 10249 4863 82353 39276
11271 42749 83409 42749
11272 23202 91510 3562
11273 10370 66915 11504
11274 73275 91573 67095 105306 12393
11275 14289 5967 4318 12804
11276 83843 81597 20815 11777 19241
11277 43788 76845 45720 112183
11278 48314 28537 1306
11279 52435 100953 56204
11280 64719 34675 98667
11281 91758 61242 23347 18231 91759 22999
11282 5085 38089 16733 17084
11283 24187 4179 42811 93149 73805
11284 94683 32038 106629 76327
11285 89762 89766 667 22758 14220 85381 30766
11286 89784 91571 56728
11287 78534 107034 41819
11288 66227 109430 94945
11289 90576 43433 24241 8037 19000
11290 85423 85424 81596 89984 89985 8520 3389 11995 57651 1038 1320 21192 11997 8520 107315 106119 3389
11291 78730 1299 68940
11292 27642 14090 11465
11293 4983 76945 85228 58216
11294 86558 3805 48625 88825 88902 47237 69011 1981 10541 11663 107873 109258 57615 86558 7130 34428 52440 93073
11295 45239 715 40460 56204
11296 87701 27600 72712 80819
11297 12403 13685 15316 89742 12736 9457 1101 41823 109108 32232 109121 31340 11490
11298 48601 33184 92553
11299 84375 84376 86390 90059 90060 90061 35221 25058 30562 27794 32510 39915 99803 93622 39916
11300 12205 68761 1515 5333 23068 102558
11301 58031 106509 51677
11302 97514 4031 13543 62971 82698 24314 11107
11303 43767 16555 68266 27815
11304 85074 85075 88089 88090 21959 5359 79861 111322 29743
11305 15799 6397 4755 21624 14383
11306 13103 31297 23973 3659 529 101025 44948 111917 102999 7085 105067 68581 19581 75395 102567
11307 23823 43679 90202 78055
11308 96937 101457 112271
11309 782 26392 27541 1397 14858 46450 18823 21965
11310 92614 92671 6060 92767 69385
11311 8842 54737 15535 63041 104119
11312 84153 84154 84155 96275 96414 96424 96442 104916
11313 83759 2223 2531 56836 20748 33
11314 14180 78602 23112
11315 43308 86992 104483
11316 16699 100486 111746
11317 3068 46840 6697
11318 89700 50028 36318
11319 47831 84882 95710 37777 100315 108549
11320 84657 84658 29381 107172
11321 84023 84370 84435 51180
11322 2281 16190 39941 105092
11323 13064 15771 15938 6944
11324 72573 89631 3253
11325 88364 70919 11596 96804 7336
11326 85067 11791 7521 38599
11327 94782 94783 94784 62988 94825 94826 94888 23180 32051 54879 101377 105881 105932 105933
11328 52153 90386 83528 101910
11329 19167 97908 43295 102146 105240
11330 71522 105208 110203
11331 47031 93955 16378 86286 60074 105023
11332 67095 3993 49546 101137
11333 67109 3694 11791
11334 47055 2052 14640 79575 61687
11335 89578 89633 91374 111484
11336 52583 110402 110403
11337 46858 24658 4969 2306
11338 95098 76998 106463 45237 33965 8450
11339 53067 32384 45674 23079
11340 34417 27762 109308
11341 49064 18427 109946
11342 88890 102340 102341
11343 5922 43602 24823
11344 18784 6118 57897
11345 89546 22061 103272 78273 103273 107655 112240
11346 17422 2464 91959 23239
11347 55944 3202 23963
11348 90263 90265 36034 98150 98151 108001 13595 23243 108096
11349 86623 30766 93068
11350 83082 88665 63363 92887 101957 102126 29123 10893
11351 8734 8972 28860
11352 39534 16519 6965 25075 27734 75541
11353 86433 86454 84906 16477
11354 6479 26846 69349 93306 59719
11355 90668 55753 31210 3279 108422 20538
11356 90639 90640 3816
11357 86455 89975 98755 99093 99109
11358 71043 558 16209 80631 84630 14264 22804
11359 1328 13757 8221
11360 31282 96701 16086 56204 2359 109485
11361 9492 38836 104879 8831 106622
11362 87310 73968 2341 80226 65732 77358 28012 80165
11363 12694 663 47682 108 98359 99864
11364 46751 106107 57793
11365 13385 4528 1952 40074 27095
11366 19865 68635 5396
11367 13912 68165 49918
11368 110607 111170 99374 112121 112122
11369 41550 28050 12154 47545
11370 29620 4327 42839 5767
11371 47545 6422 42252 79733 14563 40166
11372 15190 91705 17006 17140 52794
11373 9705 16818 73443 16231 53829 69971 85908 85958 66369 87299 1537 104549
11374 76731 93820 67027
11375 109649 110017 110018 110019
11376 28266 68310 65850
11377 87987 82459 11477 94509 3538 95717
11378 110232 83835 823
11379 6333 58675 1819 28529
11380 57551 5816 90368 105012 49316
11381 49495 57381 68343
11382 56483 48532 15381 34233 772 16757
11383 25900 20166 457
11384 6697 92828 16146
11385 77887 52434 23784
11386 2192 29125 45100
11387 73553 67695 14567
11388 75391 69001 12808 24826 23349
11389 51654 418 97862
11390 19789 100321 8980
11391 13295 6129 5424
11392 77174 101878 101943 101954
11393 23365 93062 11483 7055 96692
11394 61242 7260 4819
11395 3086 56377 95167 108541
11396 30759 56011 85641 230 56204 71355 105116 22771
11397 99325 99391 105511 108853 44241 109099
11398 38115 8966 27 38730 9421
11399 36776 27095 40669
11400 86465 86716 86810 86811
11401 409 83289 47222
11402 97436 106995 106996
11403 84000 96969 47779 34417
11404 35867 3005 83634 58726 99971 5235 72323 108500 57981 18546
11405 6950 82607 6950
11406 77709 61512 7440 34748 7855 82460 60915 4390 12 16893 106415 57763 4576 58790
11407 6476 85212 71863 33580
11408 22457 60023 60790
11409 369 29426 110883
11410 77684 101677 50374
11411 83465 54708 23435 9474 92389 97213 100740 39666 102399 102884 111842 57552
11412 84103 92589 95270 102260
11413 77787 5700 84142 27401 105333
11414 60483 86559 20815 60483 5250 105344
11415 90251 11121 62867 56159 55595
11416 11477 2761 90192 90193 52862 40078 34836 90210 1959 43798 9184 40270 77074 48094
11417 28535 72155 83950 85981 8014 35529
11418 18416 3573 89766 89835
11419 7521 86998 107679
11420 1287 22457 63249 67848 20081
11421 14647 63872 90759 96200 45360
11422 91204 91205 3661 93950 26701 7521 5235 110504 91205
11423 32381 12804 14786
11424 57116 34879 98692 102607 109327
11425 11241 36532 25886 52434 15140
11426 754 104469 104245 4878 99246 83570
11427 96191 39891 67099 18773 111514 109812
11428 46139 26643 83703 1908 66883 70758
11429 9784 90056 88638 32948 90232 90237 90238 90978 99555 99556 23006 99662 9948 100076 100077 9584 100498 100606 99556 39019 27052 110788 110789 110926
11430 90409 90427 92917 101696 107932 25538
11431 7430 19764 57911 8525 107814
11432 772 83046 83047 8948 57104
11433 34417 11765 103545 67690 20557
11434 34674 24341 33086 93676 44747
11435 86246 7589 69544 98450 89051
11436 74668 107820 85547 48388
11437 93139 101029 102651 67779 103962
11438 35479 90894 90895 90927 70499 10192 101609 103388 105850 6345 107491
11439 7034 104943 35362
11440 5811 16406 104198
11441 30759 47719 96810
11442 59720 45423 88669 102264 81834 93785
11443 7500 101369 101489 101490 1163
11444 63863 83133 102394 39441
11445 90495 99764 56897
11446 98326 104590 94278 110267
11447 107619 107620 45645
11448 165 45499 90512 90513 52434
11449 30775 1225 20699 38618
11450 68699 6790 54055 102472 102473 102474 8703 107390 7929 54055 55334
11451 92574 93308 69911 24740
11452 6949 85704 95027 78647
11453 13590 29497 55053
11454 94656 44505 45771
11455 107662 107663 29551
11456 36011 15000 36836
11457 90623 26579 10602 764 105926 104090 109371 109372 110479 103242
11458 67786 39255 79856 26686 2823 62869 8281
11459 25886 61242 15962
11460 23547 96871 90214
11461 100010 26462 20263
11462 83698 7357 106760 106761
11463 2995 52331 76272
11464 3062 91137 66819
11465 98798 98799 9482 69764 24280 10914 31496 81933
11466 13247 99892 22934 50618 109827 2800
11467 86298 1812 102359
11468 100877 94364 1113
11469 67546 109784 69707 48173 94109 77764
11470 71536 85685 45528 2106 69627
11471 91601 89141 5976 28197 98164
11472 33888 50882 103117 21678
11473 7695 49183 87010 87222 21472 29316 87223 87366 87367 2657 96347 102496 827 49170
11474 52339 8352 84019 48228 8352 111105 1450 111175 35143
11475 19202 100280 98041 103041 110266
11476 79908 13308 48653
11477 89367 64151 90830
11478 65865 56204 16811 10433
11479 88328 90570 90575 90580 95624 102652 9813 109468 109486
11480 4033 1306 31239
11481 32192 5396 7825 20873 2079 12408 102101 365 31018 10253 81879 40074 95141 2936 66721
11482 62680 86248 10223
11483 83375 23630 84400 10368
11484 62404 10986 103266
11485 55098 83145 30425 1391
11486 76251 99511 52021
11487 14962 31360 24065
11488 83289 26206 29125
11489 90678 90679 23404
11490 3081 45476 18418
11491 65309 42826 72086 14470
11492 60130 75809 59398 86866 6633 55209 20175 23683 77095
11493 12520 8207 39618 98916
11494 93996 35090 71849
11495 71574 97458 91911 81887 10737 107293 107345
11496 90567 91265 98571 104959
11497 10986 96423 11794
11498 92344 21502 12414
11499 4710 11608 8440 45328 36245 111960
11500 65421 92099 54622
11501 84190 62470 49128 110106
11502 83174 2314 1633
11503 88317 93804 96609 70696 100287 54396 103552 86247 109198 62913
11504 43287 35129 9289 56210 84386
11505 92605 63974 37804
11506 41 12036 96885
11507 48787 90658 103822 55566 77697 103861 103862 103863 103864
11508 79960 3902 307
11509 57523 65000 63877 2465
11510 84654 85395 38725 502 24928 15994 87508 100979 107590 84207
11511 13549 84027 51917 6661 85890 19996 103705 103706 103707 103712 109899
11512 83987 45016 47250
11513 92211 95328 95329
11514 94778 64911 100343 100344 75757 109487 109524 109525 70416 110291 110292 110384 110395
11515 86593 68387 75510 86593 3664 42459 45873 69028 3664 76015 107857
11516 26004 58556 10105 90945 74362 92243 58810 83017 107459 44982 107473
11517 94026 41580 94994 582 40024
11518 49240 74268 26006 104553
11519 10260 70588 100627 100699
11520 6320 25127 91608
11521 1624 23132 3068 1127 6295 9358
11522 95750 24911 96602 76124
11523 87641 4758 106918
11524 8912 18137 46450 86264 5211 63745 86667 4544 1397 28841 14348 43767
11525 7265 61242 89983 62762 110045 306
11526 102714 1261 11124 102775
11527 60367 4897 106621 13854
11528 89954 102700 993
11529 230 5424 11
11530 86997 47628 106551 18599 23761 106937 107252 53023
11531 23410 4753 75465 109133
11532 90984 91393 2546 111765
11533 4492 68224 14260
11534 47750 32 56035
11535 11887 86647 63473 86695 12128 86696 90762 23780 23813 66526 90763 66501 23812 110178 110808 110842
11536 99486 98535 103079 109331 109332
11537 25252 13 1633 63644 1306 4003
11538 52434 177 2277 86615 108368
11539 27359 68629 62617 98739 45277
11540 89656 74369 33512 102389
11541 87136 85763 91369 16276 104004 5085 32309 34976 4249 8400 112334
11542 33669 35582 40404 56616 34741 26028 373 1772 35582
11543 104712 23238 74467 104748 69711
11544 1564 45239 96220 307 4063 68546 67877
11545 102717 3162 36078 107504 111685
11546 86980 43767 96212 12295 96200 110480 86980 7521 110549 72292 19640 110966
11547 34505 57893 647 41668
11548 7250 101083 87625 101126 73558 48755
11549 13096 13363 64638 83501 40892
11550 91053 15909 75860 109744 17843
11551 62353 3195 110109
11552 24588 73014 10782 20196 49840 10281 32351 61868 8799 49367 88217 106741 105491
11553 109083 1672 91180
11554 19049 11537 90682
11555 34706 79153 98268
11556 95345 13413 96873 61242 18002
11557 29596 9719 73362
11558 86337 16295 61945 96074 90241 18703 61945
11559 16003 76520 86838 95446 7011
11560 15327 28164 4945
11561 5074 19660 18686
11562 91768 7190 35855 28987 6782
11563 82001 38294 90554 50626 102793
11564 86052 31285 95773 95834 104070 26658 104071 102503 99823 104225 40241
11565 30992 307 56011 89798
11566 32073 72422 10344 79193
11567 5755 91623 58810 307
11568 230 18272 56054
11569 17672 12286 105425 111368 111411 2043
11570 83115 83130 83169 83115 79854 102551 95102 106185 67305 111412
11571 7110 84197 67756 106556 110701
11572 26512 6649 1749 36836 95743 107853
11573 7203 6445 27750
11574 90477 24315 42554 92126
11575 38024 93443 12854 73465 93467 19003 98726 1953 39845
11576 34926 55676 785
11577 86989 86990 87373 5416 90923 56473 34820
11578 82962 50061 5079 11783
11579 96882 27429 111793 66181 34032 4808 112292
11580 8207 34 22987 76544 89138 109336
11581 98331 54756 80516 8596 5251
11582 73553 97379 9381
11583 22041 49293 103101
11584 80063 105486 108442
11585 82954 7980 105410 34521 55485
11586 83532 8244 69215 86843 67998 53674
11587 5901 7544 9328 15938
11588 90864 15831 1997 64302
11589 11525 71413 94306 94330 38405 86808 30885
11590 67427 85066 66096 74185
11591 13817 56958 46845
11592 98671 74508 102284
11593 7521 7692 10806 73148 91901 102726
11594 85561 309 49915 39372
11595 10037 65714 37728 9275 103259
11596 13854 92137 94862 16798
11597 37545 49840 55066 17881 88738 5885
11598 19359 93768 50359
11599 296 3575 83385 14589 18703 98840 72924 99119 15956 21116 107261
11600 13830 19151 39262 12686 20497 80493 93054 41775
11601 97264 72933 98321
11602 5109 80242 75845
11603 24500 88646 101091 102832 14128 14358 91931
11604 87614 100290 106065 106068 64440 89416 111531
11605 83518 28185 108660
11606 23986 104804 107980
11607 90832 55793 5284 95843 44901 96133 52691 47979 98748 59837 5284 95826
11608 57678 103336 103250 90112
11609 55846 54339 55967 96103 96104 67669 96150 96189 38750 26267 87600 102772 89402 107951 107952 96024 101634 110584 82975 7749
11610 99871 107050 5787
11611 67220 7031 92834 110930
11612 101160 104330 106988 110525
11613 85381 27157 72462 18133 107082 107249 24242
11614 86930 92826 97864
11615 73029 33608 35253 85596 5062
11616 94889 48341 21848
11617 33123 2345 99503 99936 71101 100860 74896 101284 1526
11618 90792 45074 102510 91767
11619 56011 86617 87559 6083 7980 14090 100033 92565 22275 104651 54791
11620 11127 54694 23142
11621 88903 89433 66627 58189 92366 20434 1896
11622 87368 91670 92515
11623 21643 18784 53169 26687 48009 91833 9943 93686 53169
11624 14255 69769 53674 54796
11625 75820 43334 86639
11626 56204 45239 12529 93657
11627 86089 86090 77624 35615 86091 86092 86093 86123 86124 83913 86526 86527 86563 90954 90955 90956 102664 95924
11628 10227 59912 99539
11629 5901 83828 74673
11630 6236 93268 10868
11631 69544 77294 107101
11632 58400 95793 59859
11633 30261 104865 13636
11634 15785 76025 1382
11635 39657 85557 79621 14636
11636 64092 87381 70965 61057 39695 95153 96040 96370 2908
11637 46858 43767 32645 9337 45612 1749 34417 54979
11638 79516 90721 90877 102632 5286 11720 7531
11639 83304 18133 3902 15000 23288 59967 23349 37187 39354 53270 6049 44811 86757 1470 34417 4318 90966 11576
11640 3727 9639 105374 16555 14437
11641 10669 65917 34174 49781 82022 32217 99923 103063 103148 103226 104215 104312 13004 65107
11642 91612 91624 92595 77695 62964 96860 53198 77695 47269 62964 3537 36794 105281 2183 58346 79489 107622 33458
11643 78744 65942 80382
11644 26364 72634 42876
11645 46308 67633 4614
11646 4826 96221 107912 108167
11647 2797 68472 61121 103856 11257 79455
11648 77886 91699 91789 91794 100766 23896 46258 106146 50767 86640
11649 76517 96265 8481 96742 16811 17031
11650 40720 75395 18295 106 84630 7778 37304 80268 57631
11651 64986 85085 30775 35468
11652 5894 4047 95505 35451
11653 86500 86542 86543 13482 86711 24141 90474 62755 82052
11654 6974 53674 96969 14619 86349 7959 83799
11655 8492 26335 40204 104909
11656 17021 103309 103310
11657 412 30766 16406
11658 66158 45239 87813 4089 103554
11659 110198 77940 10105
11660 40810 103095 103096 103158
11661 75845 53674 13171
11662 86460 86461 86462 87535 88010 88162 88376 90916 90917 53599 98106 75644 99667 100510 53599 102971 102991 103024 91000 103277 107454 88162 107455 55688 108990 109019 109124 109729
11663 86318 92986 12807 55561 96990 2022 98529 65325 77620 36213 23014 61366 1678 70335
11664 89043 2331 95788 95809 111560 12526 76669 111625
11665 1165 9400 7035 33409
11666 17908 2379 68402
11667 86572 67265 100682 100683
11668 85010 85047 39387 7144 12788 57280
11669 28537 11591 43602 45657 86786
11670 98925 98926 60452 91435 38590 99053 102891 103068
11671 3038 91512 58966
11672 24204 14876 15373 8231 101263 34176 54863
11673 87251 87521 87584 7077 39865 12793
11674 19624 6769 19194 7164 47222 2696 34946 1256 81291 55042
11675 24143 67877 9029
11676 66973 89787 91270 93411 98956 73275 8927 5329 7905 189 9565 110164 4104 82183
11677 33445 1706 98444
11678 87989 87991 94906 49820 94042
11679 21771 11080 70588 64903 109320 78521
11680 8187 44518 109651
11681 10009 84630 1633 61242
11682 30280 10010 22178 47600 87361 6496 4367 87439 6811 4921 87525
11683 26207 9996 92814
11684 37770 34786 62410 109246 38195 26264 62602
11685 5074 85651 85652
11686 34406 31363 69953 46197 32297 91165 7922 2053 6983 94595 13387 12172 12036 2167 32297 61473
11687 24259 90880 94065 99657
11688 90595 40767 90924 102526 102527 35826 104470 51631
11689 87260 88634 72011
11690 13316 8244 6949 21471
11691 76595 70007 92433
11692 48091 6746 90035 91551 2589 12150 50225 27712 100901 44690 95011 103247 859
11693 87662 58109 73549 8575 94969 55638 18656
11694 48314 20807 35147 109865
11695 9486 11446 44303
11696 84999 20517 16237 64706 92548 16237 71111 105255
11697 5061 2276 2314 37868 96519
11698 61398 2611 97508 97527 100880 19287 58854
11699 56204 85199 24114 3727 3005 46862 72918
11700 21713 103528 2937 103697 4657 65070 104324 27095
11701 67594 6616 89164 74166
11702 98565 103030 105465 108619
11703 6652 58011 92510 5677 24573 2106 30369
11704 31282 54875 93061 10115 4538
11705 41419 102812 17328 102813 11263 102836
11706 85301 85842 86371 90586 90587 90624 102586 107020
11707 29807 27808 94275 13249
11708 76392 51314 94661 86609 3466 37364
11709 90726 32639 94535 102544
11710 97272 8420 35681
11711 83987 97955 307 96969
11712 70051 85171 10318 2604 54529 9152
11713 85219 86408 87249 80087 47558 87529 87530 92097 92104 92122 92134 92135 65961 97481 97482 71634 99052 87249 91145 102348
11714 92220 6208 102765
11715 59241 89192 93142 98401 19138
11716 88589 19676 31177
11717 79819 41081 109491
11718 95725 100067 105405
11719 55914 22946 79860 98053 81004 26704 41580 100431 50627 72446
11720 1032 84630 23973 67248 109380
11721 91510 91511 24360 24359 61959
11722 71701 16000 4663 1892 4657 84515 53701 81025 78315 19764 8484 2087 90728 3739 9033
11723 35870 32645 75969 7482 91970 75634 3822 93719 15745 24599 9393
11724 61242 35115 29129
11725 103561 73405 19994
11726 13159 43433 104013
11727 61242 84029 85070 39257 99201 99202 81711 4056 99474 76307 52434
11728 90405 90459 71947 91586 91709 102745 91349
11729 19924 68789 4949 5216
11730 65702 9480 28179
11731 16798 15067 20636 98953 99069 28492
11732 11411 412 90518 4784 100670 14248
11733 64112 24406 94229 94230 94607 80997 94608 23410 94948 41929 103087 103099 103159 106752
11734 85182 100657 79467
11735 28660 412 103767
11736 51467 998 85290 87374 198 11314 11636 51467 41180
11737 6434 26183 91919 18703 16555 93964 93966 13332 8418 343 49012 67576 81488 35079 111860
11738 41670 85794 1558 91341 91342
11739 4663 16616 24645 25775 26904 3823 91286 55354 9705 91197 70180 11608 25171 3920 35283 79738 58819
11740 47 101128 96444 31792 107103 29421 107104 18416 96764 59572 8813 2535 107281 7734 89531 96754 24573
11741 65644 18446 6827 86400 3817 59058 1278 59948 4181 60031 10182 37835 27304 6537 67095 4246 76462 49546
11742 11931 105027 3438
11743 37935 61242 7150 23404
11744 31925 41767 5460 4318
11745 38799 96603 85610
11746 6662 96026 94366
11747 50510 27822 65685 49492 22248 30141 624 61284 77196 107466 65336
11748 92943 60397 72127 21464
11749 83453 55615 20471 87549 7130 67877 33054
11750 36155 60757 64662 61776
11751 92292 70858 21982
11752 41668 94465 44867
11753 108973 108974 109033 109168 109416 109610 9760 26320 92010
11754 4433 101293 50374
11755 87851 88022 102601 46050 69896
11756 1328 29189 19173 7544 3220
11757 88567 93592 8575 103343 103355
11758 6672 63009 86772 6704
11759 83947 72589 56646 33067
11760 5424 45239 81597 5424 8116 62045 69234 41769 27990
11761 12311 97807 3820 29553
11762 20529 15988 5922 6434 23505
11763 90577 14798 103167 45799 107213
11764 34607 24526 16097
11765 64800 24573 34245 15846 8679
11766 64527 64632 82823 88980 64722 89239 72960 91130 100024 8869 103925 69151
11767 358 93390 54076
11768 4758 7190 37341 61496 41013 23404 54963 99736 11847
11769 111232 111233 111349
11770 65873 20166 6634 34417 33 13757 77620 43602 3739 15379 15989 86036
11771 47752 2042 48570
11772 52066 3209 33874
11773 84599 29317 99781 87325
11774 83051 46755 82213 50627 83760 68903 13769 91324
11775 86303 42644 17048
11776 33777 90730 97847 103483
11777 55277 1299 1248
11778 87268 87269 5110 6971 8490 102567
11779 376 57115 104665
11780 50243 4442 36508 43201 68975
11781 12673 33054 15788
11782 87255 87297 66839 107343
11783 30552 69122 73208
11784 97467 110434 110435
11785 89908 12871 45287
11786 44853 1398 105981 108206 110290
11787 86025 94484 45510 24293
11788 64329 5776 55636
11789 51620 46201 65986 9184
11790 86558 22918 90757 27 91115
11791 230 95020 95021
11792 5424 11 307 11085
11793 65740 65555 74304 6295 97613 17555 101488 31122 103098 74304 32763 30 1891
11794 4614 65846 102948 54179 102990
11795 90856 14786 75845 5366
11796 56414 74283 47716
11797 45239 2908 61324
11798 10453 7643 5317
11799 62594 15165 86514 2768 103323 41542
11800 83492 68027 17805 79572
11801 87510 99072 79621 110453 72667
11802 6652 17422 45184 67356
11803 12702 99928 98920 99929 46854 20557 35876 2758
11804 9058 40833 72364 101512
11805 90928 84936 40097 111219
11806 45565 24642 24643 10877
11807 30660 105257 30526
11808 18134 35667 67985
11809 17446 66253 105104 2357
11810 89505 97742 28903 32410
11811 78268 64413 11863
11812 4318 14373 24566 8347 10906 99082 99083 99105 894 24823 93162 22375
11813 48 75834 110031
11814 83014 91854 95327 97115 97116 110619 21083
11815 6335 28338 16555
11816 8244 36423 78732 111647
11817 10683 104548 104554 106591 109841 9821
11818 6697 6510 29113 90882 31976 77775
11819 84120 8513 2851 25814 1202
11820 15786 24622 41596 15642 73644
11821 47086 12045 86247 26396
11822 84469 18416 1111
11823 43947 43649 69161 98344 103543
11824 1563 32416 82426
11825 8591 23899 6103 69331
11826 2241 14401 20847 5589
11827 71634 98154 98155 48960 63654 23017 24688 105034
11828 4367 66311 66311
11829 58470 100770 15015
11830 19932 31647 4422
11831 6157 25728 25808
11832 61841 30819 99168 13128 32425
11833 16126 91910 92115 107670
11834 46858 83765 12776 31571 88851 296 89009 11731 44767 71429 10194 21599 93534 10244 83942 95593
11835 14786 83310 71091
11836 84018 41891 22091 68219 99887 9726 19729 105687 105728 79027
11837 13103 52416 62601 77310 16586 69120 105954
11838 24717 78641 28111 99298 27734 91151 98892
11839 31681 13912 24235 46516 31681 16467 70370 62508
11840 18680 95832 102697 8443 81711 51542 28045 8099
11841 6944 32073 1328
11842 97748 73970 33655 98982 108881 34826 109126
11843 15165 78959 53074 107299
11844 489 91895 93090 27095 771 107181 42109
11845 36860 15957 74175
11846 3972 62235 40256 62563 10156
11847 43266 27783 29125
11848 91356 83987 5885 60667 4911 2977 307 69591 103366 103367 103693 95115 107685 101598 107725 46679 63061
11849 71530 85164 30862 96348 43331 26454
11850 6043 8492 65726
11851 46935 2900 12921
11852 36611 18147 54470 90745 5505 21713 53006
11853 47782 334 37131
11854 1846 15907 108342
11855 44272 64537 46847 84792
11856 16355 15743 4368 23936 107146
11857 87034 10308 88712 98773 100219
11858 91966 22083 33409
11859 1832 6751 6441 9140
11860 14217 3601 60589 82049 4970
11861 93076 104785 16878
11862 60274 87775 94004
11863 109519 23307 12692
11864 52435 56204 21516
11865 51152 307 103307
11866 4896 10258 26802 84630 28892 1328 81834 107671 69591 65074 71455 95439
11867 68515 21472 33963
11868 72446 110740 31571
11869 61242 52283 1433
11870 92373 27734 5 46963
11871 24817 43602 97696 34071 19042 104537
11872 87597 89084 97570 46230
11873 34602 53674 92990
11874 92496 96856 96857
11875 37779 97250 87819
11876 58411 45239 67877
11877 33339 15187 97077 97078 97192 97193 97283
11878 41588 72155 17414
11879 30892 1303 90875 85641 4443
11880 1858 71825 15099
11881 5267 319 13779
11882 35862 17079 90475 2414 42554 90476 90477 86870 90497 90498
11883 93245 22743 39303
11884 4281 91116 8564 10502
11885 91770 35659 17958
11886 3748 6287 53307
11887 45423 30 5859 62045
11888 53067 83357 81401 761 95123 97357 85110 97456 97457 761 4935 72898 97833 103078
11889 23341 3646 28289
11890 9228 94801 34862
11891 92338 44896 51370
11892 14631 25492 7905
11893 88469 106968 84298 106978 106981 109480 109534 40551
11894 90545 90553 5681 4998
11895 46371 2970 12805 36280 49165 22742 8994
11896 92894 42673 54064 109400
11897 103928 103929 103930 24892 5737
11898 60307 72069 5163
11899 1722 78732 17105 61242 5174 12045
11900 88736 98840 30790
11901 52520 68328 89764 25800 61242 7302 89787 89798 78315
11902 21130 453 15327 1604 34335 17125 44973 4945 782 6286 7391
11903 34725 11380 37557
11904 91836 3055 12697 104263 14402 105999 9503
11905 86067 91134 91135 91136 91550
11906 97438 109243 18276 26371
11907 5424 88499 53625 12018 111571
11908 34727 84145 1543 1403 37571 3739 29807 92012 11997 92266 60574 28672
11909 18946 9505 66909 92443 5028 42324
11910 84720 32645 15536 24948 84821 24626 105610 105648 105649 105705 105748 48054 10886
11911 6842 98849 84566
11912 88689 88690 61958 103064
11913 15000 76272 72277 83443 23290 49942 84004 84266 84278 81401 4536 75948 43628 85110 101219
11914 92656 5270 94415 47069 45802 103154 103190 103191 103333 94753 8210 69004 63414 5270 33788
11915 22384 11512 36504 95896
11916 90604 52534 4813 98759 48412 68579
11917 2739 1610 8744 94250
11918 53162 4503 11125 111336
11919 70876 69821 66748
11920 26390 230 13311
11921 94628 13778 6758 107934 107935
11922 73080 95131 96085
11923 61242 3863 11348
11924 50593 90817 80827
11925 88339 22369 3630
11926 41126 34700 307 91241
11927 18416 74511 43025 84714
11928 11997 65850 90313 3275 40390 1554 1783 107449
11929 31647 92328 92329 21014
11930 6069 26918 6616
11931 86704 91250 101105 63852
11932 67579 101446 100351
11933 21647 87241 25610
11934 4657 11257 29696 4388 83187 106393 31524
11935 22163 81390 73362 29596 106560 46348
11936 7250 110686 9120
11937 32235 97900 69647
11938 10526 17125 1501 19865 27095 98614
11939 76139 35370 45770 29776 68 92622 109702
11940 8035 5723 7085 576
11941 68619 17904 100506
11942 58081 93613 93621 23739 93622
11943 72898 56204 15938 10544
11944 101502 103080 103919 73331
11945 91242 2604 99848 109862
11946 26778 11079 29901 44632 7491 12854 17499 2201 74355
11947 93672 44263 80737
11948 85754 25079 98791 37684 25080 8581 4023 100331
11949 58712 36042 18953 436
11950 69444 46740 8716 24741 12916 43197 2306 96197
11951 34406 91165 53858
11952 78206 99616 24996
11953 3739 71374 43829 65586 1473
11954 86106 25103 30163
11955 98642 100243 103076 78907 109977 109979
11956 91547 91548 91549 4061 91579 2706 25101 95755 95776
11957 6662 94775 55537
11958 68645 45239 99683 67878 111444
11959 22930 25676 17525
11960 50605 24764 73237 45293
11961 3551 101472 68125 64802 80502 46854
11962 85979 86009 62851 86068 25841 98489 13867 100842 102198 103906 5809 108316
11963 86453 91661 52245 35964
11964 99000 307 13912 111742
11965 87813 25121 101665 109246 71514
11966 83333 102816 108285 58882
11967 23390 36506 90402
11968 16250 93385 66933
11969 25127 6062 743 95241 103199 40466 103248 112095
11970 31282 102159 54875
11971 25823 197 25824 95548
11972 4970 12263 38 104932
11973 17931 91337 91338 49656 77601 91925 42219 92350 10913
11974 87829 98718 55891
11975 98651 782 230
11976 24193 62448 5350 92807
11977 7103 19872 61694 4071
11978 83968 67530 6167 14014
11979 84734 20638 10031
11980 56204 64682 1261
11981 84764 73337 1159 25966
11982 1306 36776 2079 3516 76306 10132 50252 101589 101590 1440 102711
11983 63164 17697 112199
11984 84289 84290 30749 16443 50406 93363
11985 16495 75294 3019 33437
11986 16224 9417 86793
11987 84434 13912 1656 94174 27415
11988 55804 79158 106231 8272 33842
11989 84145 14264 24823
11990 92939 33054 10984 8999 92890 5029 18322 20972 1496 73902
11991 8494 35827 412
11992 83989 39274 105056 100431
11993 90998 93221 102615
11994 66933 6045 53187 24872 8037 87389 109253 30284 109282 90097 107434
11995 5811 20699 90919 3932
11996 86744 79061 108078
11997 86002 86003 86004 80986
11998 34816 25055 50588
11999 2429 17499 82847
12000 89361 71986 95962 27305 6488 27305
12001 100807 75439 57897
12002 84623 85909 8723
12003 54603 98029 100309 31482 10668
12004 3805 24626 11477
12005 993 55891 111051 3864
12006 92121 12854 41588 7627 44896 83633
12007 89149 46678 79825
12008 93503 93525 102833 28490
12009 91939 38178 93742 103142
12010 52862 72155 33211
12011 13736 81938 5896 95067 72081
12012 83224 80916 97423
12013 4780 3739 39433
12014 14184 10395 21317 11337 59672 12175 10108 6697 46840 10171 63586 31344 17904
12015 7720 85401 91524 92325 87144 78342 100616 5501
12016 72665 5214 7854
12017 6503 2106 4946 42749
12018 72400 15743 10000 71142 13413 12916 94327 43456 95823 26641 33497 95871 110148 41762 56433 81896
12019 14952 88881 75707 15957
12020 9242 307 106300 40403 1920 307
12021 18823 80428 8394 41556 27506 90775 6333 3665 4710 35842 28833
12022 5901 94310 10118 56954 23973
12023 31377 38330 36408
12024 13162 13931 25306
12025 49240 72999 109642
12026 86926 46891 102333 83047 107057
12027 6147 4467 10526
12028 88300 85067 33694 106047 100925 3457 30214 89580
12029 53865 80631 84630
12030 81231 62955 63408
12031 87340 43506 97690 4558 98113 84241 100093 100200
12032 84210 84211 63
12033 84418 97813 84418
12034 88497 57143 11370 67109
12035 7539 97632 101010 53675 46389
12036 6944 11710 100819 18217 104320
12037 46170 111510 100453 111533 51574
12038 3046 46223 97840
12039 21723 6339 76128 39797 59441
12040 64375 86973 92034
12041 91151 90672 94419 97163 97164 50582 101702 104177
12042 88922 19400 76055
12043 8397 35740 68328 80766
12044 34727 94018 66087 42209 30676 61242
12045 101650 1974 5128 38497 11821
12046 1964 50684 107641 24187 107785
12047 88191 89968 58082 17697 101645
12048 86019 12559 74067 5594 531 112082
12049 9333 72086 14515 57631
12050 27680 5214 101390
12051 38387 18310 4642 30759 307 10906 26456 9703 101623 56517 58270 5070 107881
12052 41701 69950 93420 67546
12053 33725 52225 5165
12054 21991 24481 96898 14511
12055 37478 67326 15865 54699
12056 24477 26629 37624
12057 12062 86112 25892 48702
12058 59074 48095 57978
12059 7601 7363 28749 7262 319 72787 20264
12060 21623 87783 5079 24701
12061 736 45771 32767 52063
12062 86983 105114 3121 69199 397
12063 16345 11404 278
12064 87528 56054 5214
12065 77832 103373 76753 27965 107076 107985
12066 25856 97030 98702
12067 55007 41126 92069
12068 92555 94199 95600
12069 12176 67869 99896 20262
12070 9003 38432 8315 175
12071 90910 10381 26802
12072 109515 109738 109739
12073 55055 12036 19161 105469
12074 93552 25564 28157 38196 93658 26147 79591 80523 37144
12075 2129 88566 53739
12076 81881 91298 78775 30369
12077 21080 94957 7970 6351
12078 83126 62128 84727 70070 87100 87101 77659 91804
12079 91638 50588 98351 101335 101346 101347
12080 4350 108464 108465
12081 14168 11503 14648 47278
12082 85940 25195 88297 54470 95709 110183 5859 15988 88297 31183 1403 111305 51286 111675
12083 84059 95529 95530
12084 1669 21380 79657 36766 55985
12085 50365 5011 5869 107132
12086 7300 4302 1287 85066
12087 4765 33344 102264
12088 32946 85443 14090 15152
12089 90787 92232 96319 49712
12090 93608 105678 9222 25252 94919
12091 102144 14449 58053 72935
12092 89820 59140 90292
12093 69910 85515 111157 35041
12094 17504 93237 101116 109146
12095 106 95836 101442 951 1932 101466 11848 88838 7277 25551 62601
12096 5859 88956 42665 2429 50593
12097 62347 5071 90179
12098 58301 993 48362 11 83453 94118 21815 6004 68324 24645 58301
12099 32073 33506 72277 97576 9238
12100 93173 93794 93401 2597 71942 97734 30273 10842 14962 48369
12101 85090 97065 343 4233
12102 25886 72384 13855 100790
12103 53865 102428 36136
12104 102446 102450 19994
12105 91507 87652 64798
12106 4346 21167 46804
12107 98584 1433 43201
12108 72346 4946 35803 99295 108572 21678 31765 91959
12109 41946 83507 63036 30759 2800 98013 27812 44417 19344 42143 19865 319 58060 69627 108880 54690 32840 2800 3657 136 41011
12110 67427 105057 93334
12111 92907 92916 95947
12112 28911 98935 17561
12113 4120 91141 4120
12114 13412 85441 91690 91792 75334 92357 99990
12115 84195 97227 72108
12116 71598 13930 5396 83453 56204
12117 40833 89543 76557 101182 53684 108397
12118 65010 95228 53943 95287 95288
12119 7235 99567 23789 108042
12120 90478 24235 17797 9174
12121 57121 18280 38000 3883 89235 1057 82737 38000 230 24633 19754 45239
12122 60797 93793 94327 38972 94329 25683 95653 22314
12123 92238 92239 88762
12124 88470 91376 96923 97047
12125 4453 88971 75816 31878 102050
12126 6003 89813 68479 34621 56576
12127 95465 76279 97761 25490 26269
12128 48008 68950 90769
12129 97600 97601 97602
12130 307 95116 95117
12131 93082 63938 28728
12132 32645 407 86450 34282 95738 3646 1225
12133 11720 9025 16755
12134 83325 32737 9264
12135 29928 70692 19153 96969
12136 78392 69229 46824 34820
12137 53511 60290 67161
12138 67877 89765 5424
12139 85011 5672 38390 71392 15114 97318 11477 3319 98896 103781
12140 99275 85347 103008 30 108642
12141 9872 11077 93457 93458 25343
12142 23341 8283 65805 18742 60935 9409 23341 39139 108911 99489 31841
12143 61173 8173 96822 8173 2872
12144 69001 898 90421
12145 993 319 307
12146 83025 7600 67538 56547 27200 42171 103183 86276 46705
12147 65585 91229 75032 91264 34997 47733
12148 101688 1711 1656
12149 2790 1881 1297 32645
12150 65074 4104 18753
12151 7615 39995 12123 98605 85814
12152 24500 96845 99677 84630 102877
12153 37501 93998 6523 84573 15115 110780 111124
12154 85437 109316 1973
12155 39845 94063 96168 105008 39845 62989 110117
12156 319 14217 3486
12157 6662 29522 93123 52435 106510
12158 4958 2943 76516 28745 30759 61335
12159 62692 31297 335
12160 781 73864 14090
12161 2854 65229 3110
12162 21810 15817 65000 69295 5601 53353 93303 62315 70733 81745 77887
12163 49457 27883 93623 42333
12164 27095 65327 4872 109699
12165 90973 80035 79778
12166 17018 97631 14619
12167 25262 107309 21281 111739
12168 83861 981 66010
12169 32871 29020 736 60120 58675 11433 6287 99151 14207
12170 102336 83726 42061 25153
12171 51180 25055 34816 74374
12172 72845 62045 83665
12173 91471 60374 8056
12174 13575 12811 78372 8592
12175 53055 31006 97491
12176 4692 14014 85641
12177 62657 66608 15319 10164
12178 12001 93116 16035 1960
12179 14037 1620 17525
12180 20210 1328 16 96700 5628 41580 43765 16 111042 58535
12181 65781 98167 782
12182 82988 1397 6445 78861 34417 13527 76831 75929 33366
12183 36849 92841 53391 2242
12184 90 38971 76813
12185 94959 90241 3717 71947 27086 25085 34257 91781
12186 41956 37800 33698 101766 39104 64329 90346 18995 40216
12187 18412 52534 47197 5776 42644 100672 111501 20265
12188 85058 38227 61242
12189 97156 97180 97181
12190 22352 96671 99632 99679
12191 16798 28537 54125 48896 5074 2126 100891
12192 53067 84545 37322
12193 21998 4047 37868
12194 41588 94633 10685 44733 49935 10708 67848 83862 96711 14402 96815 70926 51228
12195 25908 15676 19622
12196 38339 89803 25933
12197 90881 106158 7205 106159
12198 28148 62350 24584 45715 9252 63525 71892
12199 19042 72034 86983 110166 110167 40878 44224 1672 10989 38388 1368 28564
12200 103126 6294 70206 108354
12201 61242 104646 41433 8255 87465 3951 30 23088 111468 365
12202 14404 20035 27214 11997 85635 39699 4033 1061 27214 91415 45121 95079 105969 72688
12203 89209 71743 98296 65453 87366
12204 90902 71899 40388 71190 95449 29060
12205 61031 83570 78374
12206 18234 87964 5292 46780 67690 75075 88004 37771 6543 41459 37814 95117 46780 43061 99252
12207 67877 13211 6805 70864
12208 80099 7253 79877 73274 9328 43767 101993 107828 79877 105203 46124 2820 111729 18939 16764 9328
12209 69769 93109 85457
12210 73353 84288 84358 4969 85059 2224 60435 16380 1103 93325 55846 87075
12211 107347 75877 110195
12212 56011 12804 715 32381
12213 15682 11775 4747 90940 91050 62601
12214 3805 9467 97225 74784 20824 67877 11769 102671
12215 84634 84635 84652 84664 84665 88785 92080 94721 64138
12216 52435 76757 10894
12217 1287 60589 56093 1403 4909
12218 29807 41126 23902
12219 22782 103791 26018
12220 84310 29189 41297 28050 30369 20529
12221 3877 85656 31916 57744 2808
12222 44275 79970 6052
12223 88141 36717 83927 103394 4144
12224 79273 103890 71541 5499 10686 87214
12225 16599 2106 632 56204
12226 5218 12329 5218
12227 21879 3279 98410
12228 60584 32769 45328 65088 76342 51980 64931
12229 30759 4047 91926 42143 5859 20529
12230 42260 3019 95526 54469 92768 104407 81834 7342 107804
12231 86186 104050 106396 107179
12232 47878 106717 59795 5035
12233 12804 95381 55985 26674 26871
12234 49290 9482 5841 41477 33461 83680 16029 73677
12235 5781 64237 83779 69612 2936 22730
12236 63036 4456 4990 29470 27673 76272
12237 7787 1471 38078 109807 38115 14386 28272 30962 38463
12238 37174 10793 21369 29090 77231 192 14956
12239 96885 1397 50106 34417 60285
12240 3438 88778 88779 106867 106868 1328
12241 2145 71403 48087 50685 564 201
12242 25536 21959 98127
12243 9050 24610 10687
12244 100933 32516 106571
12245 87455 98375 4144
12246 83412 26127 16422 95421
12247 93016 64482 93017
12248 65377 46094 22715 97904
12249 28148 17887 99610
12250 59754 49272 102955 88259 2673
12251 85359 93074 6916 2341
12252 319 11910 7854 30
12253 81085 86766 4318 27105
12254 24089 94000 37110
12255 84721 14473 65000 98008 94227 58483 109503 111178 3819
12256 100669 101916 104185
12257 86700 65732 65152 64893 106283
12258 10182 48226 19344 73597 4804
12259 84627 4104 4390 15046 68717
12260 22191 86459 18729 30593 6120 2701 31841 21577 40689 78349
12261 6363 90992 86133 85269 4572
12262 39140 76058 99758 93247
12263 5424 307 8994 99944 3370
12264 91150 92212 86574 93375 93400 81473 13353 110867 10702 110916
12265 30 68665 93146 5270
12266 16211 14544 3649
12267 69506 8255 78871 34040 56141
12268 34816 34230 52593 3203 13252
12269 84326 84327 15152 37295 56779 71960 107149
12270 87312 96574 99112 78093 106242 101536 112164 112181
12271 35660 83584 12329 82607 55586 35880
12272 1633 12175 17905 56670 43052
12273 89787 715 68687
12274 19640 80211 16798
12275 65757 5110 7576 104838 61242
12276 83663 43198 66829
12277 97682 76007 26246
12278 26249 22046 55472 11325 98302
12279 62443 85823 85926 90233 90242
12280 71598 8035 25886
12281 84628 61242 84629 6806 88030 88031
12282 59649 36028 42168
12283 86778 55259 95688
12284 2471 16866 541
12285 319 26240 48641
12286 84707 104725 14216
12287 26701 33879 46290
12288 56204 34813 576 1403 307
12289 103386 75649 99063 103411
12290 45515 4152 101380 10344 76216
12291 1742 10150 4293 15353 69625 1777 96024
12292 87094 57099 12713 94899 51291
12293 26368 43602 10687 14563 5844
12294 99896 103067 1629 63307 566
12295 52495 5819 48566 3064
12296 76272 84630 57439 39174
12297 103051 24224 98058
12298 27639 78342 104096 37204
12299 56204 45239 5424 96229
12300 18217 51078 15307
12301 27750 99673 74845
12302 43469 41670 85928 47202
12303 83041 5212 12921 11716
12304 83225 83342 9403 88055 11049 75771 12214 11049
12305 2314 20778 859
12306 84448 84449 19106 84483 64386 89590 35062 71770 40189 41703 89590 26292
12307 86215 81177 20104 75353 22457
12308 67411 75677 92374
12309 36393 3849 91665 26297 43961 4395
12310 35361 11911 1655 3805
12311 36151 22502 96806
12312 33279 71456 23829
12313 39085 87086 87128 91629 55409 19979 91643 78635 93692 93774 40471 79340 96208 96209 49368 103509 23796 100414
12314 51352 53201 35894 71696 7144 70481 17881 75556 26249 43095 83726
12315 85247 66043 87636
12316 18823 4390 67877
12317 6974 43330 87151 64368
12318 14255 1742 13056 69544
12319 40656 38263 71980
12320 24290 69746 25689 4029 39262
12321 1018 98867 22988
12322 4223 1543 5811
12323 54954 56943 94635
12324 84516 84517 21461 84548 84683 92805 92806
12325 19482 88171 88489
12326 736 1645 96690 6832 10657
12327 97 107242 41419
12328 36373 80638 108552
12329 7745 13033 22309 95588 106137 62940
12330 4826 50058 87331 52358 87401 54179 8854 95652 21482 100236 36646 100237
12331 44230 94024 6595 5922
12332 63795 107767 104224
12333 14015 5945 67877
12334 32275 20320 104775
12335 41703 91145 91560 63655 104786
12336 14207 102976 67120
12337 4007 55149 65000
12338 40695 90141 53674
12339 86271 13909 30725
12340 99046 99062 47978
12341 51711 110100 59670 13171
12342 3278 104374 4995 4755 104406
12343 4145 53067 35906 89006 29432 8533 3853 34164 98498
12344 8726 33409 111334
12345 112165 112166 108996
12346 19602 97186 83136
12347 84469 4372 53023 38700
12348 88554 61500 89160 21992
12349 61694 48351 6227
12350 99140 103116 1643 103137 734 67550 32707
12351 92227 1223 50413 23154 97629 98975 59432 69251 108686 108707 105591 13265
12352 87064 27808 92148
12353 83347 51429 19676 69888
12354 83038 72915 76388 17190
12355 26701 77473 14567 28537 29636 3805 89529 28492
12356 44277 84112 31234 92178 97846 25315 94741 79371 101106 38906 58888 87026 112052
12357 48737 80972 20018 109971 111000
12358 14120 78779 1125 30843
12359 64651 14207 67171 43184 75966 1160 33926
12360 18588 83839 27463
12361 76940 37123 38902 9895 74669 41191 67637 39336 25977 28563 95947 53547 33409 13835 9895 64103 34741 57840 105153 34740 25837 8486 12456
12362 8333 22567 9943
12363 83580 3547 12913 16106
12364 100026 109537 109580 109789 111293
12365 92627 103517 103518
12366 24073 87198 65998
12367 65309 12296 33054 15341
12368 92021 4873 110678
12369 84746 47314 1297 61291 81401 28342
12370 67356 3278 107521
12371 86691 87811 94011 105412 103021
12372 45766 26372 6415 41294
12373 83428 11899 80143 25328
12374 84371 64903 18142
12375 97838 26505 103926 31401
12376 6463 97893 97894 7821 16114
12377 95689 99107 16414 99108 75954 10862 99705
12378 85967 90393 97586
12379 70 72703 75845 77620 14786
12380 5953 17048 107674
12381 62981 18784 16590
12382 91713 95768 109906
12383 22003 57228 83978 1687
12384 21343 1475 51738
12385 3494 33777 9391
12386 91101 109626 110308 111621
12387 5424 89245 15988 75037 15735
12388 43223 11652 14619
12389 72845 7576 108
12390 26701 6965 15391
12391 15764 86603 1533
12392 61218 46827 96721 14394 91757 17377 26945 15224
12393 307 46144 45239 9290 36889 9210 67198 52151 96642
12394 15211 42572 104859 108153 108154
12395 30781 98872 72618
12396 2808 7301 4922
12397 17846 13171 3062 24635
12398 20786 93113 3405 68975 46667
12399 91106 8481 71700 95036
12400 51520 78015 29702
12401 84747 6936 76067 25076
12402 84587 88882 88883
12403 19622 29540 4536 6769
12404 58886 83200 34417
12405 47488 57100 81835 18167
12406 12527 64218 77646
12407 97858 33730 251
12408 26543 92305 35660 52435 9403 102204
12409 74652 10514 24190
12410 91095 33769 102951 34250
12411 89929 33140 100956 100279 100999 44754
12412 82467 87658 27355 107646 24760 26621
12413 92881 8389 97381 24293 107236 107237 69527 110873 111300
12414 26689 22639 53128
12415 32540 108151 108152
12416 7937 61228 102055
12417 64097 56204 52151 307
12418 47972 60593 33366
12419 72343 95497 105358 88877 20443 20977 31851 9238
12420 86825 79488 82763 78534
12421 3661 18740 43239 21080 33749
12422 61550 6567 16616 104485 7262 104718 104724 89376
12423 19828 13159 73553
12424 100143 16579 81025 100172 17667 9058 70909
12425 8397 95461 95718
12426 1057 56793 105902 10648
12427 87274 29259 100863 87274
12428 40050 89739 33118
12429 85711 80470 18388
12430 50693 59441 74511 46521 6578 101823 79657 104778
12431 42053 52377 100448 86950 105031 80990 3196 61345 3486 31017 4356 108318 71061 73001 20529 29832 10117 45072
12432 754 86393 110554
12433 7930 100384 102946
12434 67410 73522 46811 91715 24618 91716 27546 89787
12435 89827 55910 107307
12436 85188 89954 72898 109377 109378
12437 13769 66443 2277
12438 29742 87963 55949 8829 88104 55515 14544 88844 11997 3580 70565 92433 92444 69801 92843 92987 93018 95781 95782 95783 67586 95847 95848 95892 95893 95953 104912 80136 49098
12439 39451 43326 103129 2081 64312
12440 34922 3407 23203 55943 45277 22159
12441 87592 56054 7031 12032
12442 46451 95523 50052 27661 20977
12443 60135 93699 10524 15020 111564
12444 4104 85641 75843
12445 12356 18438 109562 109563 60367 11371
12446 96951 65596 104605 105761 105762
12447 35177 13188 59819 43295 3393
12448 12686 58683 8192 14527 104609 68223
12449 87316 3021 79809 14375 73470
12450 28735 20628 35751 97332 44006 57375 21657 52523 104881 44006 88301
12451 198 92834 22276
12452 87134 47746 87162
12453 45398 70828 88266 9505
12454 49988 109680 109681 109693 109694 109705 109712 109714 110027
12455 29316 49959 1067
12456 16426 5922 25551 50124
12457 37741 17561 55242 30622 80990 94718 17904 26777 76267 82273 17499 65805 94955 82275 48246 41013 105513 43612 9801
12458 990 79547 38120 51259
12459 86125 92214 59811 3278
12460 56022 12210 19265
12461 105775 107190 38023
12462 89589 31925 73650 98500 98501 98556 6788
12463 82199 88622 41266 69202 80951 57062 100063 95381 97546 98906
12464 67647 94388 94418 1355
12465 84540 25546 1986
12466 12990 85445 51960 24191 2277 67459 26648 37532 13974 94875 33226 51960 83081 64659
12467 7277 14575 8052 76272
12468 6435 103728 67690 49888
12469 53128 70008 13223
12470 5424 711 48084 14335
12471 366 11287 75966 27423 21877 96867 96868 11654
12472 21723 6595 25073
12473 71209 85655 47250 99907 82759
12474 12331 21 4392 84468 40403 83592
12475 7307 29221 42484
12476 88866 86963 74195 101230 63927 28243 98415 30523 16245
12477 99429 81108 99460
12478 22798 69493 18152 3879 78328 57382 22782 105399 18152 22044
12479 30054 101793 41018
12480 23374 63539 90392 91725 8397 192 997
12481 50766 95945 42221 106724
12482 83694 66398 4092
12483 2429 18740 11867 70868
12484 92506 92534 92535
12485 48706 88408 101379
12486 19276 90790 91701 92348 93142 94499
12487 104680 926 23603 107890 45631
12488 44502 993 47508
12489 95322 82406 29781 26852
12490 5301 2690 48513
12491 16811 74968 32661 70106
12492 10077 45239 29974
12493 22453 99488 47728 42868 2428 79577
12494 68647 80581 94470
12495 93975 46533 36307
12496 1326 50225 33990 87293 1361
12497 79249 46265 6332 9662
12498 65832 9106 95379
12499 120 61023 89312 39657 101581 1872 9049 96197 7533 28833 101581
12500 87490 2314 54620 95744
12501 3817 24926 53346
12502 103094 3582 2203 10108 3801
12503 52466 61432 97987
12504 85592 29020 55181 20081
12505 84065 86084 89787 66561
12506 91682 91683 97003 109546
12507 21591 25282 96318 8192 96396 96397 8353 2861 19462 31297
12508 59700 25277 9119 104323 40032
12509 31304 63008 25942 102646 7207 11403 33083 108926 73307 50225
12510 12408 75218 65454 44282 11129 84630 80631 73976 97
12511 48737 62138 26937 5391 9906
12512 98818 103532 49532
12513 86774 86774 73553 51531
12514 84321 53865 94291
12515 74438 49736 60667 95443
12516 49722 33172 72081 106244 13930 55197
12517 10766 93654 49202 97519 87386 56578 92473
12518 2216 43223 94220 102074 98935 85085
12519 91981 82238 103802
12520 192 40067 26232 97270 56204 14090
12521 41576 7978 19397
12522 83509 96794 107747 107754
12523 409 14207 17756
12524 37211 3822 1975 9515 28827
12525 65623 35150 68447 57411 70735 71663 13907 74766 100624 100625 71141 106897 106945
12526 84102 65885 96482 27001
12527 12207 56941 67877 39978 103489
12528 72269 92569 90244 37770 41828
12529 83009 52784 16414 68443 6836 86106 68445 109783 106270 39476 110131 64949 7242 104660
12530 20134 103555 103969
12531 60322 35397 26794 92051 64719 40514
12532 44883 82571 84162
12533 19640 19640 4710
12534 111027 109351 111028 111128 12985 110784 111632 111718
12535 27183 99724 110550 110601
12536 67546 104867 25261 109163 401 96822
12537 88490 90816 97815 21700 105016 6856
12538 58486 98373 9784
12539 993 8194 98850
12540 88120 7068 110998
12541 712 60023 10453 78326 85751
12542 100548 36464 101003 95122 108235
12543 24354 5506 13883 15412
12544 7277 31149 84630 2106 19042 22777
12545 89451 89452 47603
12546 62538 98081 3674 6462 52934
12547 26379 1908 742 60433
12548 12821 12196 78575 100691
12549 56285 67427 9033 10629 4302 47237 94765 98288 49148 71277
12550 13658 41698 34258 109803 52138 109834
12551 105007 74511 54768 105110 9996
12552 61242 15647 2817 109393
12553 60781 15154 45996
12554 69722 41542 6783 92937 53596
12555 26069 782 50593
12556 104083 104904 55713
12557 84819 25538 28183 3759 23266 20998
12558 86125 71167 48884 27533
12559 96508 96928 65349 28283 104627 110698
12560 45239 29470 91011 27673 67356
12561 38162 32399 31968 88530 103348 59643
12562 62360 16345 17208 91779 46590 2833 12123 58425 105760 8221 72094 46590 4780 106503 5781 96700
12563 39051 79091 38692
12564 21631 93562 99984
12565 36155 5670 31207 102900
12566 90034 9110 74739 98730
12567 75844 4606 81142
12568 3364 51437 60468
12569 2613 12870 80405 23410 19676 4629
12570 83427 4010 83811 13698 38681 49316 54954 26364 40700
12571 83971 91328 97200 32139 104911
12572 92639 92640 109091 109174 109175 110814
12573 89957 100264 103968 106377 112233 112234
12574 92435 93813 94489 9512
12575 97773 75845 52950
12576 30376 4050 25172
12577 84789 2183 84818 77973 84819 18878 84820 77292 38678 13714 74083 11775 14658 88538 79096 81044 88888 8904 89641 58137 6236 11060 5023 12074
12578 95043 53674 46858 96240 25892 18678
12579 1382 62033 102999 12341
12580 84079 41198 78873
12581 8856 62610 11465 111460
12582 91498 93992 109875 112156 66016
12583 91557 93589 28343
12584 31126 7521 53391 66810
12585 65879 97109 81025 4958 24073 35143
12586 105915 18108 108998
12587 7167 92808 19194 33054 107599
12588 27695 95771 18488
12589 663 12694 10590
12590 1495 8771 18789 80370
12591 97462 111361 61013
12592 44497 26273 106756 56709 106775 106776 5954 109565 109634 86180 111169 42069 20431
12593 1880 73553 15788 6496
12594 96441 96473 75243 84639 6757
12595 398 31363 25446
12596 5427 16352 5295 95090 5978 27593 111692
12597 89552 91087 3839 6479
12598 230 45239 16547 25147 5424 85641 110823 62101 83599
12599 6782 23973 52423 98990
12600 69292 16707 30759 105062 104503 58810
12601 80243 39818 43602
12602 83637 36155 77739 89015 36641
12603 83437 37868 96264 16555 83310 75845 83081
12604 87339 10764 46421 4525 66292 22468
12605 55788 74401 92935 33999
12606 319 44224 63626 18953
12607 103629 95648 79877
12608 82441 92634 38056
12609 25562 46286 86558 29522 5922 11663 89096 21848 97785 97845 1981 14209
12610 83039 85834 14155 70719 57881 9996
12611 95946 3368 15512
12612 89722 3210 27230
12613 96161 1736 68789
12614 83495 95904 107432 48209 110766
12615 19622 72011 54768 13377 52434
12616 79772 92751 45826
12617 3384 17665 11049 79943 23629 102213
12618 56039 20803 98533 101870
12619 92631 33487 104119 109235 29757
12620 78490 75 91291 73482 48449
12621 3297 83276 3297
12622 23902 29809 93380 97217 18841 37808
12623 91984 66 15596 59700
12624 60540 10821 36155
12625 13204 102635 102636
12626 83453 90252 40403 67877 711 79711 50241 83029
12627 28317 56054 22069 50097 85641
12628 38463 4615 7295 56322
12629 82323 43774 28598
12630 88275 96813 97111 89125 108757
12631 26044 101715 101716 101728 101730 101752 101753 103840 26443 103851 103852 103878 103879 26440
12632 91572 22102 78017 41819
12633 108528 110939 111414
12634 14984 38011 307 93040
12635 83665 33718 4538 89900 6438 3065 69854
12636 8777 69769 69565
12637 82629 54366 84624 40279 1843 8660
12638 51161 39167 1399 107840
12639 15682 22960 65527
12640 82867 278 84070 6484 886 106923
12641 94703 15216 31043 31400
12642 89010 6233 85447 26301
12643 54350 105706 105707 105752 45107
12644 55928 5396 37304 46572 110674 111556
12645 671 61242 13171
12646 83890 38096 92290 92304 74339 48330 28157 77083
12647 82090 11404 34727 3486
12648 51922 34816 23131
12649 15962 85485 56204 86225 42085 19982 5229
12650 98153 69244 52192 101176 14436 366
12651 97209 97258 31295
12652 83062 14785 88731
12653 97434 91938 1810 105145 4809
12654 5463 42438 2276 11049 3332 91901
12655 34078 2993 92943
12656 6422 277 99266
12657 28827 63601 88492
12658 85034 37598 31075 6182
12659 63510 91145 92972
12660 41227 43925 36181
12661 82977 3398 61677 15327 22804
12662 19537 6236 99499 52378
12663 33879 9166 71355
12664 86115 78055 97757 103171 103172 10813 90421 6135 86290
12665 27016 22868 99125
12666 58096 48603 16923
12667 32809 95978 96214 62391 97323 108233 63344 5887 90080
12668 14661 88634 109365
12669 86259 71973 15480 13881
12670 92123 92124 27869 49537 4933 59573
12671 13829 47350 20374 65229 50658 84555 3110 75294 23825 10453 52938 68931 859 50215 4138 101987 49520 109611
12672 76203 68456 10438 6945 61178
12673 9448 19618 26962
12674 17089 17713 59824 61031
12675 20124 19923 11926 44515 13974 20277 99516 13220 7011 23839 80727 45320 79351 9400 110772 85791
12676 104511 41652 46682
12677 91975 109443 110422
12678 86718 86719 86720 86751 80467 96206
12679 20636 19381 11050 2276 37621 14621 99151 22208 3370 72682 99110 92599 108343 4075 1248
12680 83859 83860 27527 33879 65140 85193 72988 23939 2787 67066 11503 98177
12681 89843 89953 89958 89976 83415 90078 35192 105224 28435 71830
12682 4248 84731 83877
12683 3773 87631 50984 54099 28370 109078 91801 109631 109632 69921
12684 39433 14328 82464 84145 84293 64055 37731 87112 92993 94779 99663 79158 96969 603 40441 84867 64055
12685 20363 41905 1306
12686 307 102992 6135 42119
12687 88323 88324 11697 69705 102799 64956 105506
12688 50706 55481 86007 55481 110139
12689 3760 23697 307 14217
12690 6581 47081 7260
12691 47 34734 43628 434 4456
12692 83973 83974 84028 43371 97153 97201 99647 50518 104502
12693 34914 98868 27483 43225
12694 32974 21472 639 4443 17678 7190 4356 102807 105726 107801 26886 20794
12695 49520 2460 2215 32645 18595 10698
12696 18740 38562 2618 3332 102375 43239
12697 96783 99587 111780
12698 36106 19424 3162 97 398 3739 92725 23861 14264 67877 4539 87763 29423 34710 23936 84469 23973 95447 53829 3162 82607 101940
12699 33809 91241 107716 60490 108884 106612 69810
12700 66076 101521 101776 101992 104683 104684 104685 105010 105286 62284 76336 108923
12701 12194 7164 44948
12702 93814 97356 66397 49523
12703 76870 107408 107421
12704 61031 17554 1450 86684 70416 111643 111715 14340 111877
12705 83538 81461 73148 95367 86064 3081 17677
12706 93336 93555 6697 34602 28892 1207
12707 13855 64585 7972 13855
12708 83935 25512 14246 93282 93283 104020 104074 104075
12709 82910 106859 106931 106932
12710 103181 103415 103416
12711 60214 8707 51072 61775
12712 98454 99095 105390
12713 94413 96520 31285
12714 4223 34727 319 53865 43602
12715 95564 40060 103502 25873 43767 17419
12716 30767 18784 3515 93212 14503
12717 85901 27554 10759
12718 65858 5700 8829
12719 38793 79245 44987
12720 42728 47175 96124 12290 57033 16333
12721 13007 98905 576
12722 94080 13698 56374 30335 1364 712 15691 29669 63249 106943 90053
12723 83289 84010 30434 3991 18700 4397 56576 92736 92737 34566 13255 34102 4975 19109
12724 63517 95794 14155
12725 29346 60861 92466 92467 101207 96201
12726 7692 7519 111608
12727 93967 6248 93988 30988 97374 97375 97383 111800
12728 27643 24131 1118 20807 29677 9209 75365 35107 56859 75401 75365 29678
12729 82121 70237 2669 30762 10987 71663
12730 57856 54619 3932 83052 26382 42665 4448 57553 27808 19154
12731 10587 70106 16811 47615
12732 9264 41013 15087
12733 86490 93358 2646 96529 102562 12256 2699
12734 85588 85589 20551 85589
12735 100675 95493 22523
12736 17138 4881 38269
12737 84589 84590 82303 92481 107084
12738 11240 18985 96492
12739 5277 81438 106786 70038 73135 106881 108340 33142
12740 32348 1790 6167 85066
12741 9145 67133 105784 105798 11527
12742 6619 90796 36859 33519
12743 60487 45016 98321
12744 98442 2613 38788 80718
12745 18427 72653 8987
12746 8575 10037 48844 10067
12747 89922 89935 104119 21167
12748 5333 96284 96306
12749 61794 92140 33963
12750 59098 18199 108210 14962
12751 27415 92828 92048
12752 3022 100908 2181 71392 75315
12753 87479 35145 27825 110206
12754 52435 12916 7302 4444 101598 12028
12755 98233 98287 3902 101112 101308 1634 105820
12756 17422 86650 87040
12757 23505 105952 74624 59825
12758 83451 32729 52534 78013 87338 32547 19140 93863 26750 8660 93873
12759 10730 13207 84049 24504 86837 5962
12760 94244 94286 18844 24134 6105 41236 24302 42299 16319
12761 8889 61242 70598 1287
12762 12266 35868 97648 39657 6568 13893 27517 97089 93114 73615 33732
12763 26601 795 11011 35147 100470 52160 65229
12764 84733 49249 84783
12765 40944 46647 2823 42412
12766 52599 103800 103801 85565 29600 14194 108022
12767 3220 50507 23935
12768 63211 65438 43602 21811
12769 87887 94058 54928 28373 52985 100658 100704
12770 78403 92120 93691
12771 1397 34234 13211 6648 33132 13860 31861 51032
12772 63581 4710 11333
12773 88473 98621 105233
12774 83268 83269 81487 27691 5673 104327 92026
12775 57442 60487 11426 11182 95214 72951 98928 99493 75541 57442
12776 84178 14897 42644 65000 85050 49578 70733 6290 8124 106767 829
12777 94852 2277 7643
12778 42179 107108 103161 18504 112106
12779 87907 61464 87972 87973 38410 10489 89368 71180 45880 90112 74029 102896 89609 19847 107505 4780 99732 61464 92990 1382 3513 107978 1496 96794 24972 85771
12780 412 70552 29212
12781 83976 38742 30759 34071
12782 27776 48484 28184
12783 27854 101683 82109 75824
12784 57690 7605 62181 33115
12785 68458 39845 105638 24428
12786 107975 108480 8481
12787 95307 75143 48832
12788 42899 26625 96323 53931
12789 85035 105358 68579 111433
12790 80244 53221 89018 27217 15887 89019 89021
12791 24378 52435 1141 110101 69591 8443
12792 12991 84561 46365 100305 91294 8831 102013 28569 76398 37047 54736 8705 100305 106703 106739 94742 39954 86256 20414 59202
12793 59006 58442 95697 90737
12794 23822 32457 47938 97640
12795 43433 24205 38132 70370
12796 53674 71190 63358 19184 84520 108690 10393 27815 71392
12797 782 6188 12822
12798 24816 97 21192 83523 22664 56048 67529 5110
12799 19140 106516 106613 79850 107258
12800 2873 18189 36392 14902 35310 22249 69557
12801 89275 89276 89277 89443 89445
12802 83944 59677 91312 102396 102397
12803 62928 95351 95352 68389 27836 9660 78710
12804 39598 98212 98213
12805 24611 92676 89062
12806 69165 40167 31665 77107 1462 108113
12807 5840 31344 38971 110767
12808 88385 88386 106439 106440
12809 60733 60754 27856 106755
12810 82942 82536 5589 108507 33054
12811 11640 26848 62578
12812 285 7686 3941 28067
12813 52955 87150 12192
12814 10510 84630 111829
12815 73870 100262 100571 81819 107591 107592 73989 108605
12816 14383 88783 91396 98458 98481 98707 103539 104248 104303 106121 108539 60308
12817 30759 89168 86304 28164 66405 101904 106584 42262 47683 3064 15471 52995
12818 16052 75773 29285
12819 9538 104863 68280
12820 27880 83373 83388 2327
12821 5211 3027 11049 15325 16555 3368 75845 95439 94653 32664 20636
12822 62601 30 89065 89066 54768 13103 31350
12823 1358 8418 37815 60766
12824 86558 93887 93912 69498 34235 93961
12825 2181 911 15176 13654 576 9087
12826 54054 82974 83030 11910 19515 9417 4261 28005 85374 64653 74511
12827 77120 28050 99656 99697 99767
12828 87499 10294 31720
12829 80154 93045 96565 96579 27640
12830 42209 3932 24041
12831 17756 92813 36750
12832 27911 26506 98047 98060
12833 911 98450 895
12834 88110 4656 88720 88764 88766 1049 94364 112333
12835 319 86586 18669
12836 99409 73172 8208 10881 52862
12837 72270 96086 104928
12838 87724 6033 307 10975 42092 4777 42419
12839 1697 85921 20713
12840 71427 70858 108390 43726 21908
12841 30795 56011 307 1920 67495 16221 84564 5424 101296 24443 14786
12842 89767 33080 71960
12843 89292 8259 13206 105356 7821
12844 27016 78176 95939 34107
12845 17639 11323 108288
12846 35305 68562 87557 68544 92830 92896 670 93249 93261 93276 85562
12847 91170 19538 50452 87409 105647 105673
12848 72665 37771 82661
12849 7778 214 27050 12606
12850 83756 90345 73450 58793 96775
12851 63314 86724 97055 103757 1892
12852 53203 6464 12747 58644 104038 59100
12853 22230 83796 92456 3086 24793 41816 26556
12854 97 5608 21471
12855 89605 57129 3389 89606 57897 89948 32424 26799 28076 89949 89950 90009 90010 28074 90049 90050 79504 90051 90052
12856 72046 99017 59298 107541
12857 94317 98952 95126
12858 6083 18999 90973
12859 11336 102811 79875
12860 96350 16469 14082 7376 99924 14366
12861 83031 83178 18040 83429
12862 10767 44436 6671
12863 52146 14025 10250 60579 15799
12864 7376 1655 67877
12865 31079 96427 11536 28903 108776
12866 319 74200 9033 150 2690 99078 35241
12867 4719 14137 20919
12868 71256 47913 13260 10629 88767
12869 14217 16522 5216
12870 104019 8035 24378 44150
12871 34602 36635 93000
12872 283 576 98716
12873 101718 18953 2126
12874 99453 99455 99609 101748 110897 22456
12875 22388 107363 7860
12876 58196 29690 93999 11197
12877 40929 97162 97609
12878 86141 54441 43433
12879 72845 67120 12207 69786 6167 12094 87758 42833
12880 87890 90583 94003 41997
12881 23136 45838 33694
12882 97327 10793 97385
12883 20632 29125 18784
12884 10443 4935 76272
12885 77018 44844 92912 56625 67584 85269
12886 1365 94508 2516 5849 81834 30767
12887 29247 106948 74132
12888 55985 14217 2557 319
12889 92032 92033 92064 47
12890 66959 102080 63661
12891 11613 7089 66156 102682 91409 46236
12892 107111 17182 108540
12893 4970 56605 60307 83987
12894 72277 2635 102999
12895 12039 53573 63170
12896 31396 81177 14728
12897 90538 2379 70038
12898 91350 112092 14090
12899 97859 72155 24114
12900 84397 21493 73422
12901 84293 29304 97062
12902 5712 91187 10221
12903 1368 103146 36071
12904 7930 15998 12095 88807
12905 62701 7323 74638 616
12906 2810 32993 73031 3805
12907 94195 70236 17887 37027 32532
12908 68710 75124 2287
12909 14503 14544 7164 5295 19624
12910 90030 73425 111403
12911 45925 79090 34505
12912 177 12192 108468
12913 10775 93706 104845 66387 73441 18438
12914 94853 94854 110935
12915 32457 76123 94653 117 107360 26273 81497 2661 3332 83501 110689
12916 83423 49713 101367 45506 19215 14178 106341 78901
12917 872 11045 29603
12918 10589 88320 65244 50475 23866 99716
12919 40954 104130 47028
12920 15790 18863 46156
12921 85091 85639 10708 96862 103084
12922 47270 9913 68162
12923 32440 60280 91431 77878
12924 85564 85600 73465 91675 91719 91720 33438 68156 111565 48831
12925 53237 101280 101903
12926 2624 67847 92990
12927 1328 4710 9184 36585
12928 105187 105188 72411
12929 61242 12780 35185 105963 34727 50617 110447
12930 91249 91257 91267 47417 94261
12931 26393 88101 6581
12932 10602 60193 105479 10855 58400 10546 50044 110340
12933 53376 57788 86669 15788
12934 40944 102649 5076
12935 2908 92009 2183 28695 6652 26687 15647 53402 110467
12936 56011 56204 89309
12937 22328 845 2521
12938 88439 10117 3773 43111 61318 45136
12939 21039 27790 71081 19332 58839 35561 22834 67185
12940 95891 103943 103975 105613 101007 106784
12941 36130 37941 55510 4813
12942 88309 88347 13657 59203 90937 27217 91004 42824 98816 100432 22984 59743 102398 15803 48401
12943 24131 105848 105849 4367
12944 86025 86027 106569
12945 278 27554 83140 100583 22536 80774
12946 83697 17503 11561 89798 27754 2287 75985
12947 30029 43433 82607
12948 83660 106922 61076
12949 86372 26925 19640 10894 56531 18034 99729 20354 28287 68765 109467 80146 99729
12950 32164 56144 15085
12951 11850 1548 100228
12952 3220 1522 38923 73315 44095 4969 7619 47223 5049 55406 4223 4777 278 24823
12953 13930 86286 83228 41482 90879
12954 71908 23739 12601 97023 4629 110208 110262
12955 93223 18031 39571
12956 53865 6149 878 61108 67945 55639 26264 108157 83726 102999 75985 2773 21109 109045
12957 45895 97314 98568 68873
12958 67848 74414 1471 11895 72069 7277 55763 986
12959 2338 86204 29297 28017 34816 78933 45082 97561 3161 5738 75991 6236 102494
12960 87844 48034 91786 104539
12961 2612 110268 110269
12962 3789 84661 10621 47632 35361
12963 90919 10 11388 9326 19982
12964 16432 3083 86237 11452
12965 72838 84377 100092
12966 64783 75043 12499 3805 19647
12967 87563 26269 97761 28420 81544 9443 3691
12968 65335 19358 23036 21264 59795 92928 55967 93504 52925 19358 19014 88797 27775 99105 4071 106471 96509 106503 502 99105 107977 32016 108746 28554 23036 88797 27775 109907
12969 76916 7381 84164 6621 55480 84220
12970 29235 98429 9806 102152 17965 106370 106408
12971 88222 94719 34486
12972 13171 108378 64943 27934
12973 2900 993 85751
12974 11907 98637 63568 100296 17184 9714
12975 92492 2322 307
12976 46854 47750 49657 111982 4970 32247
12977 89789 89810 100509 59439
12978 55 1170 7474 89576 89600 89601
12979 84188 81835 89425 90363
12980 93436 35730 93522 68960
12981 307 15788 3993 31431
12982 68043 83377 48642
12983 76154 89638 62840 40323 34944 57108 104011
12984 60113 67520 36681 36794
12985 17736 307 103981 105309
12986 88619 192 6537 101505 41447 101558 199 4975
12987 69701 13544 103922 103923
12988 19153 2787 28402 4032 7357 96488 20972 99448 57238 32583
12989 17947 37044 8738 78392 78962
12990 36177 87698 64775 99554 5201 37265 29899 102250
12991 14696 65229 34371
12992 45929 93437 26687 8644 14410
12993 22011 8144 3313 5252 56689
12994 16991 73980 16261 7197 19604 67220
12995 16952 28194 28456 96753 16952 94992 108431 108502 78796
12996 19042 69591 80790 107062 26802
12997 61595 30962 24500 8255 335
12998 34949 50058 9646 92148 109008
12999 90447 13078 83799 10329 97667
13000 6940 5396 19537 98942 99315
13001 95821 95822 60797 99211
13002 32645 43614 1749
13003 85443 33279 88217
13004 69544 8394 43602 28458 5214 95081
13005 14971 92795 102102 109001
13006 3384 28096 4318 23079 5922 9739 14207 100831 80244
13007 28466 93129 108266
13008 87074 19366 30002 81416
13009 8635 70585 69215 41424
13010 94933 78965 103716 103903 33543 103904 103905 63169 104000 7673 104268
13011 86928 28483 35436 19988 23144 87202 87203 85738 87347 87348 108007 108008 108161 48125 27755 108495 108836 108008 108837
13012 85130 58077 48106
13013 7795 83100 52520
13014 76845 89423 93824 5859 73510 412 99230
13015 1847 46792 74587 69292
13016 66060 40421 10767
13017 58502 6462 18518 84630 19676
13018 83825 83826 82603 83849 13029 83871 90721 32306 94246 25196 97165 97189 7886 98225 83825 98303 106861 108171 98225 98116 90721 111883 15480 52839
13019 31078 3741 55534 49722 103603 103604 18784
13020 93888 42484 103085
13021 67360 19253 23367
13022 316 32043 51713 5298 4710
13023 100034 100641 101067
13024 15790 2276 36036 52199 8376 22090
13025 19154 73422 7965 50886
13026 39423 88269 97852
13027 97588 97589 48555 19290 20551 87160 1494 95761 36633
13028 56204 44224 50374
13029 28566 103507 102428 4923 4958 16352 43851 5295 94456 25183
13030 24496 67358 55497 106213
13031 98655 87160 67356 58452 56239 108408 108409
13032 48727 88925 17616
13033 45330 28585 93941 38219 61658 9903 97259 17817 16249 71781 15056
13034 28537 3842 97 1131
13035 19204 13893 98873
13036 3908 107557 26918 45987 57788
13037 59853 83359 89342 20800 100364 100365 46035 100473 4635
13038 81189 3805 94561 16993 4183 38374 69521 71536 13555 96333 34428
13039 5733 6822 70901 96777
13040 85689 79960 91529 92049 110496
13041 88708 13247 20011 547
13042 17002 52209 5061 41507 62071 103920 104026 9003 110859 110861
13043 49484 29010 87329 49563 39954
13044 45061 45584 73003
13045 53772 17431 72735
13046 83151 7436 106910 21444 2690
13047 93918 29058 51998 42749 95684
13048 55891 110069 25577
13049 83963 65513 89450 93112
13050 26495 52950 96264 23973 1633
13051 3740 70051 110575
13052 28272 65074 4710 66125 105744 39174 66267
13053 90294 97692 97693
13054 56204 85641 102283 13930 3667 104119
13055 80904 93670 68546 1414 4233 38178
13056 85046 43602 13091 62601
13057 11498 43769 35545
13058 36891 3977 3943 40395 5424 109356 36797 46899
13059 49272 45973 20631
13060 41170 85798 85799 78521
13061 94318 53880 111932 13830
13062 67877 150 39978
13063 9467 83129 74038
13064 89071 12887 93907 99622 80796 105584 77384 105700 2957
13065 73617 88365 88366 26481 88367 66403 51352 88573
13066 83048 46647 99039
13067 32645 76589 8365 28833
13068 63421 401 8442 45110
13069 25085 48706 14630 103813 103824
13070 94141 95003 96000 6952 23481 41700 85664 111304
13071 93233 27004 68479 4104
13072 58411 96261 97827 5395
13073 56204 88950 40403
13074 86511 16891 12263 9058
13075 54529 43602 307 101559 5859
13076 86645 57245 50494 96665
13077 101569 14530 86776 108878
13078 14137 51244 94332 1620 14525 98259 11850 14525
13079 33999 110287 79371 68581
13080 104098 110946 110947
13081 4419 9916 66258 47375 22806
13082 43767 10105 1602
13083 1832 67356 100063
13084 12582 20018 106816 106817
13085 88205 2276 27475 100324 52145 111792
13086 52568 52568 67818
13087 84372 15870 105149
13088 4318 230 307 62159
13089 16752 47295 56204 48762 28461
13090 76608 36408 105559
13091 77692 86347 102666 102667 102703 11409
13092 3258 95081 50773 5214
13093 51628 17161 112238
13094 84792 73148 607
13095 85727 5686 32004 28747
13096 97976 5510 46665
13097 5750 96603 96604 30593 5204
13098 51514 33088 26228
13099 69 42216 74746 47350
13100 51970 94945 94946 94993 95097 95140 102173 79869 102174 102175
13101 47064 27679 25076
13102 87156 102503 54309
13103 23861 80631 1202
13104 13027 990 84948 31734 29125 10702 1706 83437 110140 109317 16798 110527 2394 111449 111467 43765
13105 11683 8925 109595
13106 21334 22538 49131
13107 14026 52070 434 83987 5945
13108 88824 31495 28803 94540 39683 28904
13109 54469 79158 10826
13110 83414 105274 108005 108106 108130 108290 108851 108852 48050
13111 57352 93423 93498
13112 32416 61865 1742
13113 87745 87752 88092 17817 2774 89127 74242 108821 29299 94995 99227 740 17817 110135 17544 74083 107644
13114 20666 95493 98232 33445 15794 109399 110433 1320
13115 13171 14786 24972 14619
13116 75966 7335 71981
13117 80769 72270 12472 33903 59003 92296 65158 93038 89376
13118 34072 103679 54875 27995 28126
13119 2471 37808 7376
13120 9448 40364 71863 61242 15551 21610 54041 39255 57704 22386
13121 85602 65403 89116 38295
13122 20445 34786 97996 7302 4536
13123 37808 6568 13211 1397 35361 106799 58123
13124 59431 83878 92546
13125 83368 21083 109971
13126 5391 97130 23582
13127 84141 9948 85579 35195 59890 98187 78481
13128 14090 18090 45771
13129 20827 6766 95236 95237
13130 24982 79295 76307 47286 37539 94340
13131 45612 72069 8757 14858
13132 17205 2646 42311
13133 198 66735 3782 93835
13134 85106 85140 61746 20729 20729 24297 33393
13135 92583 7422 82861 97270
13136 15501 92374 58314
13137 2276 65082 98438
13138 77125 28941 110857
13139 33732 103882 103883 45773
13140 87456 108062 109030
13141 109304 92090 110231 110580
13142 33567 79311 36924
13143 90396 93285 97566
13144 67848 14402 53684 75043 6648
13145 25538 83530 102036
13146 10123 11537 87823 90254 11777 101866 753 5499 101875 4318 43575
13147 7860 95022 1954
13148 63971 18711 99074 111438
13149 41183 8904 73902 11333
13150 87375 103810 103811
13151 19975 52658 40965 84006 48435 19975 108684 92622
13152 91660 2653 2457 9196
13153 41580 1961 105097 29155 108155 5881 13912 47962 41580
13154 95162 4367 71851 55928
13155 2276 16798 94023 5811 88402
13156 85787 18169 14700 88401 11465 94738 19903 94554 19843 1183 107507
13157 80631 61291 9795
13158 85413 4239 13040 23697
13159 71045 9290 951 89556 84263 4036 41835 37571 71451 58698 78755 25259 14217 94228 97879 24801 103893 69521 105833
13160 83638 86734 87391 12895 106743
13161 61062 8232 15596 90706 81623
13162 27343 2814 12504 2813
13163 7437 7601 22041 85946
13164 92385 46552 32523 78319 104672
13165 87668 87669 109688 69878 109689 109734 109735 42642 109770 109771
13166 7748 28564 5085 95568 10449 61856
13167 18892 33912 16960
13168 25680 20166 80244
13169 11976 88480 8094 105532 6621 13514 59160
13170 18034 63300 6959 66803 84591 1007 76182
13171 57712 83401 83426 36686 23774 83467
13172 61664 20976 98012 7409
13173 83409 105259 105260 105268 98420 109924 109926
13174 60620 14655 101166
13175 16774 38976 3368 32645 541
13176 4643 97250 97251 97252 47347 106677 37779 106678 106679 79057 106689
13177 46139 65088 15069 16697
13178 30288 96345 13801
13179 11240 85087 2277
13180 96903 90735 67427 18388
13181 10130 7643 85347 6758
13182 99049 99050 4945
13183 11465 2957 102305 12174
13184 25947 46840 29518 65805 12475
13185 23697 97955 100465 105852 3190 18885
13186 53865 92335 42209 58693
13187 53264 6262 86303 24823 5499
13188 92999 53674 5417
13189 23098 63190 77351
13190 6936 5329 17978
13191 29470 43602 335
13192 20173 89250 8473 109860
13193 22330 43433 70598 73202
13194 26580 67427 33417 31149 78521 83730 74463 103192 57671 5843
13195 82947 86745 15667 11695
13196 78568 2645 98045
13197 64074 1717 48 50325 87533 307
13198 88658 37638 10623 86555 5347 68169 15925
13199 12961 29636 46912
13200 83636 89424 40141 2322 101500 101501 43163 101530 79350 110436
13201 18588 72940 106885 106886 86629 86599 8758 21034
13202 84802 30482 583
13203 53905 22457 98583
13204 65839 52743 93073 39433 78850 3914 43683
13205 61358 3517 41286
13206 93535 25845 14942
13207 98011 98012 105782 51196 109625
13208 77310 93984 11640 101017 110565
13209 84464 75516 85642 36879 70826 95535 39023 45370 68985 12884 27927 43539 96191 100565 93114 42209 93563 34417 107263 107283 65365
13210 56011 56204 84466 65585
13211 52323 29128 52461 89644 12638
13212 54494 26364 30405 96490 6427 6010 1826
13213 18034 88557 7656 41994 110917
13214 90198 103948 87594
13215 33054 8037 12427 55118
13216 25397 21020 2188 37583 7418 63632 26019
13217 28468 96788 96789 96790 96814 34227 96909 96910
13218 4643 87070 12174
13219 307 80349 8661 47085 38292 38453
13220 45947 784 87758 10545 85110 98262 76462 56986 44481 283 104842 69234 88669 41447
13221 94624 23670 94694
13222 83344 6242 7886
13223 76176 68458 102600 56250 20338
13224 73174 580 10247 45756
13225 24618 62 24153 29621
13226 101432 39180 64200
13227 57919 22048 97334
13228 76090 20166 40441 82975 3086 32629 12062 46706 50949 8520
13229 26264 3465 84580 84613 40840 92622 61077
13230 16798 33050 82024
13231 3582 86012 6105
13232 14503 4838 81834
13233 13784 11997 5859 8077 18137 4196 13413 17720
13234 2872 2224 29213 107471 97932
13235 83195 83196 97718
13236 91627 22485 70247 96848 97943
13237 5901 73353 89873
13238 53739 102382 102383
13239 83968 87687 43261 13014 75965
13240 11955 32645 33355
13241 83243 64535 15227 64017 51637 89309
13242 44786 54017 8660
13243 94614 96632 21250
13244 87285 52368 59935 36208 10044 25574 59175 4984
13245 11765 2808 66184
13246 33995 278 50095
13247 60923 99308 18835 49 104217 2679 104244
13248 56204 52743 9350
13249 44809 71259 111781
13250 40767 46215 71633 67120 64279
13251 82975 82976 23358 8917
13252 78528 94777 14383 92433
13253 5211 4288 215 5946
13254 45239 69855 95640
13255 77236 48026 58300 41550
13256 43968 100620 30635
13257 84666 4327 12302 85886 24548 24471 31719 79540 18595 18817
13258 14465 21406 11430 7011
13259 67480 1306 55356 45400
13260 5350 86233 17802
13261 80380 15676 111223
13262 54796 1749 4969
13263 84274 53933 102356 102357 102365 102366 6033 106991 43032 108105 108426 108427
13264 83498 18787 37858 92246 19147 82866 35794 110827
13265 53787 95954 96742
13266 13771 5799 102805
13267 24816 94394 67353
13268 75623 100054 104197
13269 72143 87591 75788 51174 14949 74674 73780 8636 110811
13270 99301 99742 99743 107561 107976
13271 39425 6705 83290 71915 83328 4157 51578 70659 88206 88319 676 15990 5861 68581 49942 91024 91025 58774 15990 5217 88319 100560 100796 100858 52546 6387 76731 91024 54041
13272 96989 198 100043 100101 70050 15820
13273 54697 90349 90351 73500
13274 17718 1981 52434 88634 79975
13275 4517 5109 69591 96024
13276 86387 1920 319 15348 307 10022 31901
13277 2773 4780 127
13278 60527 28420 5896 96245 107527
13279 89888 83987 71455
13280 19631 105839 18460 29411
13281 107862 28386 89810
13282 83085 93468 47803 100177 100215 100258 101727
13283 98035 101476 10975 9777 73900
13284 43326 3162 9424 97940 7459 22457
13285 13563 96672 72364 16642
13286 84555 27090 90007 34417
13287 409 71968 83818 6976 5214
13288 85982 50352 87778 91935 91936
13289 2277 80718 18693 96901
13290 29391 52698 95918 71089
13291 95123 576 103420 100023
13292 92487 28297 94400 37596
13293 23926 82090 106654
13294 34129 6603 9337 27324 37212 44410
13295 87323 87324 79955 47922 56502
13296 69911 92553 9391 92584 13525
13297 25104 40330 111506
13298 45451 107738 53648
13299 88568 112192 13172
13300 24323 3691 20208 2872 9058 107135
13301 9025 4061 25705
13302 81398 5828 14544 61679
13303 10304 5391 37967 107090 13063 19622 22065 98940
13304 56011 104750 104751
13305 17594 93401 48896 44168 2817 639
13306 45566 34187 20284
13307 1892 24823 14690
13308 86032 92171 35628 92710 93717
13309 17710 86287 3718 42344 92012
13310 72009 26414 41420
13311 54979 47257 78512 13248 104293 3895 104371 38476 70222 55683 50597 81623 5634 109864 109910
13312 36097 3019 65726 71555 11299 28011 22898 13220 14026 1339 8520 34038 112259 99826 52880
13313 76136 85591 85592 76089
13314 43048 3877 84102 8648 46074
13315 5214 56773 1243 101550 87269
13316 100158 100159 14489 1863 72897 60357
13317 93226 93227 46722 852 112075 11862
13318 86425 15673 26411
13319 27902 54467 52395 7843
13320 103131 307 70901
13321 32747 5452 12062 97789 66736
13322 83231 57261 95100
13323 77471 7089 34172
13324 75799 44138 9403 54637
13325 26575 14648 10218
13326 67878 55042 89746 95780 36797 95979 19558 21167 35270 40441 52583 19558 4340 86745 41999 108935
13327 4302 409 94597
13328 78490 61031 92617 68895 95639
13329 100189 107294 77818 110310
13330 94068 98117 104129 101689 67072 3110
13331 15821 10894 1781
13332 4547 42799 5071
13333 98665 98666 98894 40126 14648
13334 11810 26687 11772 83310 65173 993 21109 2696 14383 18784 14786 61242 1920 2103 6971 83289
13335 34308 10669 98540 75449
13336 88044 35361 20531 33054
13337 38048 36532 54885 26392 74984 1388 101599 104928
13338 74029 2928 65074 108132 36340 45445 108253 108300 105828 108399
13339 88099 88429 95054 95076
13340 21782 7682 344 25301 23584 90195 69668 79180 100225 101512 8490
13341 2775 11737 71484 5849 104503 62045 10182
13342 87304 3831 105828
13343 100161 100162 65284 100284 93699 14688 38213 109669 110250 110251 111534 111535 93719 8190
13344 55170 8488 97033
13345 57607 93123 5811 103113
13346 10285 64956 111385
13347 93094 107604 360
13348 56204 5360 95020
13349 81322 109982 67262
13350 29565 96152 58882 12465
13351 51973 85079 89725 94589 11134 57442 37498
13352 2314 34816 32598
13353 39292 100975 100990 10610
13354 14228 6287 6689 41070
13355 46722 35440 3575
13356 31892 50634 80667 75887 81025 83413 27248 110022
13357 21920 7309 106255
13358 2800 22006 3902 12573 23697
13359 78490 1450 15998 110151 97390
13360 71256 17694 16707 3784
13361 26628 36756 16523 44091 96865 96866 96887 8592 61242 1328
13362 41648 4657 111999
13363 46156 100298 14131 85887
13364 4283 110070 110071 107495 10239
13365 86114 9391 81204 1406
13366 86630 44540 5035
13367 84794 94491 94120 69971 36053 110848
13368 33375 2138 29623 78744 4852 40314
13369 72011 13323 44897 72011
13370 93578 10117 13855 50610 67877 91010 1063
13371 89907 31976 418 48332 31571 31106 60985 9068
13372 10848 50588 26643 7780 17848 31312
13373 56709 79340 16660
13374 47422 29641 86818 9302 109958
13375 75950 23132 15341 96403
13376 85574 85671 89493 111014 82828 111452 111453 82305 76297
13377 95401 40461 91939 101560 771
13378 43997 85025 13043 34825 36869
13379 48855 100011 100013 100041 111246
13380 49696 49368 21846
13381 5021 31459 17119 67473 85093 33524 27106 85094
13382 62328 91744 77724 1067
13383 97490 97577 97578 97579 35145 22131
13384 61495 61735 12308
13385 32477 87671 106580 4345 80223 73524 107348 107721 109751
13386 13341 102684 102693 107105 89661
13387 16797 87052 107202 103857 78189 84490 8123
13388 97449 97727 97728 14619 31124 94850 105518 12520
13389 5844 100061 100671
13390 67685 98583 11049
13391 14082 88040 33165 12196 834 38291 72 105955 60718
13392 96625 40665 2315
13393 63932 11765 58644 9029 16378
13394 55639 49330 27000
13395 85464 11569 6363
13396 111517 84461 111880
13397 56964 870 95129 43059 104902 104903 106562
13398 13183 81391 1981
13399 2810 13709 14796 12790 558
13400 38230 27000 12062
13401 15832 107937 58139
13402 106878 110972 43292 56548 93503
13403 10308 20460 68106 28715
13404 83310 5506 4327
13405 85088 80309 104276
13406 48223 84047 84854 84859 96077 96093 41063 96094 65904 37412 96138 106275 49429
13407 10007 10824 89727
13408 85419 29798 95141
13409 40763 87684 60757 319
13410 13829 83398 11127 78136 70919
13411 107384 91299 11461 38954 14748
13412 1795 48483 40294 45683
13413 10708 18047 33409
13414 78934 69026 5710 105909
13415 87904 92162 93341
13416 49085 83929 60391 89040 40384 94596 5022 67546
13417 13806 71536 96874
13418 24633 78285 4318 11663 64136 10499
13419 63330 10009 52705
13420 93535 89994 73498 108504
13421 15788 96022 1306 96024 34727 14753 3317
13422 38058 8287 2932
13423 26802 1165 94458 90118
13424 94771 94800 94916 75790 95137 95165 2359 77513
13425 45513 1103 110569 4466
13426 230 319 1920
13427 18084 2994 17939 75403 6148 82000 83552 95806 96034 78116 99573 99612 41013 4327 18184 108250 108307
13428 66443 2787 29125
13429 83089 18844 3202
13430 84469 13555 1207
13431 17826 7952 112313
13432 91293 91349 1203 33872
13433 92549 85968 92132 85055 97784 9679 15314
13434 14814 89940 56555 1604 11224 61104 41119 70221 19109 14814 2669 80631 107950
13435 69668 7213 107689 85123
13436 2640 102239 24290
13437 97905 50644 47917
13438 81114 9463 11764 95566 19125 22804 51494
13439 5074 83289 16798
13440 2224 47942 54781 66190 20476 90615 51700
13441 5505 86933 82193
13442 7307 1959 11477 26687 9025
13443 82568 576 98614 12943
13444 105363 105440 93588 105441 27812 50593
13445 97833 25020 6652
13446 9068 104601 104602
13447 77795 51 69327 64638
13448 55910 25595 307
13449 5588 10949 105884
13450 90366 55542 48016 38724 78726
13451 89383 4324 39311 27249 1788
13452 80415 93116 94503 13499 5581 78163 28135 103110 13058 94141 14496 18047 40108 8276 17397 24407 5581
13453 84352 74290 25774 29125 3202 104666 106070 52814
13454 85809 59834 35294
13455 83466 69746 111563
13456 47955 67981 29973
13457 68753 19655 1207
13458 15128 67546 17452 9400 22965 40863 2872 80242 36370 3908 16826 22366 33662 10989 67594
13459 2277 6540 1706
13460 27680 77120 57856 11599 27016 56745 52798 90097 27016 27680 56745 106369
13461 48839 5368 55866
13462 80962 90090 82319
13463 17612 55384 11613
13464 91352 91353 102913
13465 85426 85488 100396 69992 50877 32397 100586 3422 82341 100587 98764 44629 100737 69993 67100 58218 105822 105984 64503 35749 62652 109180 20233 63257 105619 35749
13466 79061 52626 53737 8917 19200 9467 15046
13467 96608 12959 65247
13468 45239 49256 9959 67877
13469 1314 25799 2817 736 111237 6288
13470 3329 58669 1542 81694 105816 7714 51909
13471 307 77290 99128
13472 91598 1406 41100 68982 24823 7618 47414 112323
13473 46804 13832 16880 24823
13474 30037 60551 319
13475 35714 91468 93170 79773 35680 3090 96072 52127 92333 31885
13476 5452 22918 98450 10370 5752
13477 86247 97033 4444 100937 104764 105115
13478 4903 40029 89787 30093 93106 56011 37892 87561 45410 28272 66080
13479 84976 88445 49267
13480 22415 96986 11 96987 99160
13481 1057 90944 65439 11062
13482 76737 18034 86919
13483 82426 28096 5922 45694
13484 88410 1360 24293
13485 84736 18531 77630
13486 46111 82036 47972 105418 78481 11046 13686 108333 97640
13487 58054 86450 90105 47166 4157
13488 42184 88770 88771 88772 106297 106298 106299 44046 106353 24923 106354 106355 98034 106506 106507
13489 38374 21130 84148 74087
13490 91395 5237 12018 24483 67619 101823 72768 4804 70616
13491 8726 41700 3494
13492 8315 9622 95372 103282
13493 107680 107762 107778 50521
13494 97410 6739 95637 30101
13495 98419 98443 101119 101199 101200 14546 110394 110465
13496 178 101180 55679
13497 6761 25837 38410 47024 12117 93542 7288 96699 61268 96878 29520 61757 12117 98129 104507 6761 8486 14119 39963 108380 96878 61757
13498 9187 29540 9705 17761 14207 33903 19192
13499 3068 97207 30445
13500 84622 47609 18041
13501 34333 19920 105599 62724 71852
13502 91500 91538 98378
13503 98299 5275 16555
13504 24293 8389 56030
13505 22111 19872 45239 1920 58949 14881 13800
13506 43201 521 1471 39174
13507 89250 27695 7926 89322
13508 88023 84599 30581
13509 72573 30173 42205 62441 3253
13510 83808 13187 87254 92731 55537 44669
13511 83738 2314 49216 13629
13512 75493 82428 72871
13513 13659 13261 71063 105571
13514 86554 86574 30822 3930 72516 3237
13515 68042 88379 99103 26054 67462 103276 99665 7307
13516 86707 98546 100864
13517 91969 68103 55098 26701
13518 94973 4894 38762 29165 11048
13519 51711 90446 111833 112145
13520 88050 88052 44780 66775 92277 77108
13521 93600 38851 87040
13522 83133 228 91336 57010
13523 43602 33698 8255
13524 1748 9143 10022 53147
13525 87764 59764 63012 67220
13526 97308 80373 2241 26325 105558 73412
13527 1141 69747 7652 46308 46859 1058 12055 26643
13528 149 71177 6884
13529 77307 85017 85739 95024 108329 63525
13530 86925 73936 107633
13531 54529 75845 98661 4233
13532 84482 52258 15087 13208 280 12808 10504 20196 93942 61786 32399 90806
13533 43618 4017 92193 92194
13534 56011 14411 4891 41775 97889
13535 90439 90569 80947 81658
13536 96829 97243 44746 68165
13537 61475 3895 31341
13538 11499 63748 95929
13539 32240 79248 85164
13540 4251 93554 100231
13541 43539 2079 59682 17958
13542 95256 21577 15887 12628 95648
13543 22310 3575 50588 8418 43612 63330
13544 84042 71470 14630
13545 80307 95150 69591 80380 26228 71455 12427 41447 21877
13546 85368 14032 22037 35094 25927 6297 89994
13547 28458 84016 13027 33441 13171 29125 24199 74995 16755 18034
13548 96386 15922 96522
13549 33867 66455 108996 53456
13550 93482 78807 104231 105051
13551 2833 43452 43662
13552 97432 97446 97553
13553 3329 10359 74967 20531
13554 87961 11222 93858 79847
13555 4538 91009 91010
13556 104616 69954 52391 86164
13557 83632 83633 30257
13558 67957 1393 102479
13559 1393 105150 105185
13560 48251 307 56054
13561 104523 56158 104555
13562 43585 97240 111769
13563 83175 84446 85051 82280 85397 20018 85548 85785 85786 48159 83175 86802 87539 89362 89567
13564 95555 71363 8919 95682 38690 101206
13565 20421 87791 48210
13566 4938 24175 78301 31234
13567 83078 22869 8400 37697 708
13568 28050 72869 25503 5333 4115
13569 73138 88697 8573 29807 30405 92504 7544 2267
13570 83799 69769 83539
13571 6172 307 33565
13572 85358 30409 4145 91248 35906 15616
13573 12771 12290 51374 105041
13574 41076 53314 16407
13575 92612 4665 13520 92621 99300 79588 33618 99349 99351 21592
13576 92880 86673 109663
13577 88920 13171 23972 27476 33908 9554 96405 89588 100849 26502 15788 30589
13578 37883 28868 110739
13579 48673 103664 73325 9470 28598 72204
13580 32135 85614 2743 16412 34239 69426 106790 2743
13581 69910 6781 81139 103058 108795 108796 108797 98513 41241
13582 58184 62920 34692 57855 6476
13583 74800 90758 28420
13584 88065 67370 79311 25218 109413 87775
13585 104390 106806 107451 11878 107480
13586 49520 2697 35314 4033 8125 19140
13587 1656 40024 90
13588 96855 8187 71091 4304 17190 5885 1620 80690
13589 10126 111541 102627
13590 4809 85807 25013
13591 30462 30758 46748 96356 104497
13592 84247 84365 94822 9390 31420 29047 100441 23986 104802 104804 79874 104868 11327 104924 96721 105019 105020
13593 31163 44692 7924 48178 82459 93331 15087
13594 82968 80602 7167 46209 30431 84254
13595 75381 74350 96725 96738 103627 780
13596 13974 36220 5413 12619 101522 38819 101552
13597 8492 50821 7032
13598 10005 2616 39433
13599 86849 108490 111442
13600 108801 50008 61917 15373 112336
13601 94031 68681 107911 89785 21856
13602 8948 84599 18256
13603 5347 85641 4846 56011 6255
13604 97834 47972 22841 2587 33445 54183
13605 89980 66310 94506
13606 6581 102609 1955
13607 26264 37808 33115 21965 1328 61242 48567
13608 30581 908 92179 59723
13609 50161 38003 24856 26783 98884 34417 23784
13610 26963 89260 81595 20699 3673 35324 106695
13611 61242 19460 9467
13612 6479 3560 47833
13613 88201 83513 5842
13614 97770 19615 48456 97809 29474 97823 8000
13615 90435 34997 38149 62790 107996
13616 82992 58966 4858 83013 40679 93893 11105 36630 14082 32668 97468 7643 57807 97529 15259 177 9209 11139 97540 22998 14821 52839 22731
13617 51370 64008 76731 5640
13618 61242 86212 19173
13619 101288 101301 70585
13620 18460 26982 108392 24719
13621 39991 93673 66837 93684
13622 43649 109251 109252
13623 3932 95075 102513
13624 30598 67877 10117 22869 165
13625 90190 13981 45252 16204 3848 91757 9567 62370 43306 47660 59776 17846 28857 40833 96821 96479 91757
13626 84763 83896 79110 319 91874
13627 24354 95067 4047 91740 33501 108278 108424
13628 32172 32171 2120 18777
13629 77887 6624 30793 108451
13630 12808 31267 24027
13631 11279 5787 70978 49256
13632 41100 84133 110572 110573 45841
13633 5396 11764 13714
13634 7910 36539 51738 97955 34782 81648 103301 10866 63752 13643 36790
13635 14677 644 92830
13636 87071 28815 52435 96690 80967
13637 19529 61811 80456 18784 15662
13638 89706 27062 100628
13639 15918 69327 34654
13640 104531 73675 33372 109176 109177
13641 83016 83093 64121
13642 23994 81596 15527 25538 13413 31307
13643 92956 4318 4223 317 58571 576 6410 4561
13644 87443 87546 87943 1170 66772 87944 88123 88136 88145 90229 90230 90245 102145 102160
13645 3278 14090 3853 31384 95123
13646 84071 68340 84108 72699 95390 95499 63604 94896 95532
13647 20529 83214 16262 19340 15316 82851 83263 16752 63753 86853 41668 7164 86858 86883 72011 63753 757 63757 86407 46088 27812 40725
13648 90336 44939 93452 96458 100267
13649 16146 15341 38230
13650 97187 97232 22387 9192 10009
13651 85085 48838 100578 96002 1544 61687 18060 42642
13652 43433 69261 95900 67142 58325
13653 26993 45715 58854
13654 85661 85860 110306
13655 30705 1214 100898 100977 47945 101018 24741 104890 104971 106644 17800 14654 106877 50700
13656 29125 95135 6676 10423
13657 19299 23764 105524
13658 18588 97089 5859 41334 104815
13659 48641 92071 50374 38873 3279
13660 9424 4710 75106 6149
13661 14169 15337 84714 69544 14169 24056
13662 56735 11672 86287 4747 69415 36508 69627 106607 4695
13663 30767 26687 18784 26269 24972
13664 91092 52929 109190
13665 19086 83292 3370 71166
13666 73722 15782 40441
13667 20451 12905 12804 19067 33263
13668 3817 3042 45771
13669 38315 103812 71997 1223 50413 30801 100918 67332 106201
13670 27181 97033 50811
13671 52880 84630 80631
13672 72573 53391 86259 11300
13673 79126 61242 9448 28961
13674 2769 87527 8472 34293 21149
13675 89472 36491 2678
13676 3465 34602 17630
13677 39146 7211 9350
13678 87445 87446 81052 88919 87346 50656 92883 13433
13679 84229 80244 84648
13680 91182 90626 103568
13681 13909 86560 86561 11655 86867 31034 92055 45512 40567 104513
13682 73396 79377 68377 99187 2971
13683 61689 30176 5495 83726
13684 32073 57098 95972 101231 18416 24745
13685 29636 30790 88773 32516 42697
13686 1564 12370 4393
13687 87148 87552 88014 44925 3004
13688 28056 72939 88114
13689 76147 30793 89799 89800 89933 46496 102193
13690 12856 72108 98656 98658 90974 10585 1799 44577 39339
13691 307 5424 56011 82076 91180 72422 12207 40403
13692 78319 47299 94109 14798 16798
13693 65283 11449 48795 110979
13694 45770 8745 84165 60487 83862 63950 102218 103424 103425 93925 4340 27279 95030
13695 97461 101479 62578 4657 120
13696 85177 85369 85371 58300 86512 84145 85369 96525 366
13697 71905 89688 89720 97242 97303 27859 100584
13698 84277 84910 82782 27 103641 103072
13699 50643 37773 60214 87828 9916 18593 46821 66734
13700 83599 83600 10182
13701 38471 43435 365
13702 59151 58085 51833
13703 83072 39385 19865 5013 4642
13704 95143 50384 111273
13705 11129 4029 29125 94120 52287
13706 95289 95290 109624
13707 9467 68275 33307
13708 71124 86405 75886 80305 479 109358 82148 109382
13709 10816 21846 68605
13710 4292 319 9856 6149 75
13711 111504 81634 111505 24618 69523 51630 67466
13712 106404 67095 378 65062 65389 5216 107873 108574
13713 86832 86833 23909 92021
13714 83582 46595 1343 47291 30908 19164 83695 21002 53433 88312 60434 31955 22261 48611 88755 88923 15820 63508 89089 89090 79944 37165 53946 82557 110705 31418 14744 111099
13715 83640 17607 86
13716 109100 105253 14440 15821 30635 20643 11465 277 18841
13717 37057 26364 94407 98026
13718 5427 8349 5424 14402 72069 40441
13719 92594 14207 92775 26165 75468 20486 17424
13720 56175 83096 94357
13721 30876 89194 89212 86107 89248 49581 97869 76756
13722 28420 58426 28389 95616
13723 64488 106525 104490 107963 95805 70879
13724 89190 97408 98469
13725 46914 92717 50122 110702
13726 87447 41358 30749 31771
13727 94146 13211 14217 104537 36823 9568 19951
13728 81889 2528 63344 83879 74500
13729 26733 33938 66996 24036 45609
13730 81608 61353 69279 17040 45082 104604 102494
13731 76462 96282 84313 41550 99330 1972
13732 3760 66829 29522 10278 3739
13733 77869 3530 7169
13734 15817 1314 88575
13735 20760 87772 13248
13736 52278 26115 71120 42249 92393 92403 1328 926 55641 68466 28317 83726 4780 21109 54537 112245
13737 38488 107759 108364
13738 56204 5424 993
13739 16954 58726 76188 18040
13740 41588 82698 83942 77630 91142 93291 93314 41588 71320 96465 85361
13741 27990 7405 89666 25409 11216 104271 56996 32272
13742 88852 16946 100442 100443 3121
13743 56593 87644 83404 5286
13744 90097 90252 90044 89894 56011
13745 28209 102195 106632 108258 108287
13746 23924 34740 9665 99694 81763
13747 5417 1633 24235 53829 84630 80631
13748 100325 100326 92219 101294 12333 107478
13749 5424 5859 77322 89962 541 93472 93123 4642 23343 18069 96318
13750 31053 3739 51613 29145
13751 62658 93913 84877
13752 12062 603 102428
13753 50074 53902 7071
13754 6697 850 93682 10503
13755 36541 101517 101518 106655
13756 36413 34417 34417 1397
13757 35769 84908 5382
13758 96628 56011 666
13759 34518 91863 71981 4958
13760 6105 45218 104238 109329
13761 40861 75915 106966 67942
13762 89372 79421 3436 52739
13763 61242 7295 51802 83928 71863 92866 576
13764 83942 56016 1225 1880 97870 1306 11731
13765 91434 66084 24868
13766 43968 4248 41011 1564 4857
13767 6662 9943 25262 5135 104213
13768 65726 10523 3110
13769 83152 19994 1537
13770 2872 3528 8272 38140 105633 81269 14394
13771 87393 86531 63921
13772 603 7288 61550
13773 86046 86047 2549 86223
13774 1633 28492 55969 5163 18536 15020 33908 44056 10454 61837 30431 97269 31107 98510 15788 31106 34194 365 88866 35361 21713 29229 32735 73347 83726 3575 17908
13775 60023 34727 106362 106882 62601
13776 11931 13799 2661 10379
13777 37741 45239 67878 67877 910
13778 87839 77739 24972 63567
13779 35793 81280 84746 37053 10201 89223 89238
13780 307 12921 54523
13781 44255 7011 38809 103535
13782 83430 5922 98153 15140
13783 94209 11388 21068 74332 40412 66849 102483 75979 34727 4941 62045 110812 20444 86745 111425 20038 11388
13784 43433 67109 44263
13785 5074 3805 2861
13786 65555 80633 37607 81044 5020 32763 14917 88389 19537 77292 48740 58698 95713 80633
13787 12938 15091 1061 85771 67685 75845 5292 102151 95439 18784
13788 2053 28230 93807
13789 418 5251 6048
13790 83317 85584 32699 85637 85675 30294 87798 25521 87941 42470 25360 92735 32479 33546 26657 45769 78783 97307 70612 16467 83364 31305
13791 67877 67618 2690 25262 75352 111462 46150 20275
13792 31167 27903 67645
13793 56813 96998 10840
13794 83027 11050 9860 95449 109592 105648 109762 13573
13795 96408 3515 82729 4033
13796 15862 3741 61279 16099 38877 24322 34489 109539 10423
13797 91277 91285 106089 65229 106153
13798 25492 36166 3657 8842
13799 32648 55354 8254 100659 15099 48309 30200
13800 4945 107483 108866
13801 29320 1523 105060
13802 46555 31220 95091 110797
13803 1617 94575 43314 36904
13804 83446 82875 15587 4531 16248 93849
13805 5109 95170 95180
13806 51654 2795 41013
13807 73998 34908 23455 56648
13808 8400 96274 14053 98439 65327 8484 27095
13809 65660 88542 86243
13810 97722 106098 107958 109081 109446
13811 46318 69433 2224
13812 3805 5229 7905 7116
13813 1397 7643 18595 1397
13814 91218 28437 20371 87905 32592 16996 94072 14791 74494 101191
13815 16798 9872 59638 22671 91125
13816 87783 50241 111415
13817 18595 74294 90919
13818 83672 736 916 67258 43602 7589 453 5214 844 67095 13377
13819 5828 7418 1214
13820 86606 54041 51371 20024 79126 18460 5754 3081
13821 89070 31351 79616 89348 92994
13822 62601 91016 23341
13823 22419 56054 47085
13824 45593 32499 22650
13825 100299 64844 102870 74275 108930
13826 4233 89 15000
13827 86277 86278 64401
13828 112068 57645 112142 112157 112158 112159
13829 21145 72384 94983 92598 2420
13830 75813 10108 87225 58669 46522 956 2854 66594 92873
13831 53959 22375 90935 72011
13832 44746 38024 4209
13833 86502 3528 106071 7811
13834 7600 94554 105788 85974
13835 61176 56724 82374 107093
13836 61607 84140 84227 782
13837 11465 61242 14696
13838 84472 73872 8709 100501 101117 104101 105023 93955 107388 13303 82369
13839 61242 4050 108657
13840 85357 57819 94007
13841 70375 98203 13893 38627
13842 18524 85788 6631 13708 64789 41305 69374 56950
13843 1403 14217 38799
13844 84124 45131 6697 109588
13845 102 87783 95963 9079 23822 86095
13846 61242 47976 39819 45576 11046 5670 82109
13847 23547 62045 44665
13848 7716 414 14858
13849 81359 44788 66736
13850 97980 22375 83963
13851 6103 109073 109378
13852 13364 7999 95445 47210 19326 20798 106656 105621 105619 105618
13853 17068 78457 85066 6970 6689 3391 11465 15152 28865 10370 6 37295 110302 65000
13854 81776 41333 78339
13855 30878 104891 98399
13856 2041 57261 22102 7519 1388
13857 85594 32235 103230
13858 94460 53398 102702
13859 66373 54320 66373 1799 54320
13860 7137 1814 85118 14917 9184 64931 9428 39197 986 98898 2471 94719
13861 38898 23761 38799
13862 39255 36370 62404 2773 43015 42524
13863 70222 3895 17157 9390 100613 14315
13864 98614 56735 46807
13865 3515 6043 58788 19982 17713 6415 8365 5424 97151 4104
13866 56204 1365 785 1750 3993 1742
13867 69229 73769 52649 97507 3005
13868 46098 15647 30230
13869 95504 123 97620 98027 98028 88733
13870 23390 28965 101716 17346 42170
13871 80151 3203 26319 87589 488
13872 89683 32246 56204
13873 3759 95949 68552 7858 10434
13874 57516 54794 89906
13875 31590 48377 7190
13876 51978 188 84016
13877 12053 8734 111082
13878 52434 41905 8443 1871 5845 24823 75621 41905
13879 87397 87398 51429 6023 20127 9566 3515 99921 32146 49000 94344 73200 107316 37062 8871 74059 57455
13880 8799 19091 11725
13881 12899 49312 40720 23697 96183
13882 54523 62895 95692 97598 28135 97645 85907
13883 11997 20648 7723 1175 90596
13884 7272 71824 37044
13885 60634 83412 108107
13886 16605 20873 50885 103945
13887 83284 16691 41550 157 43982
13888 3059 84172 84173 40222 84283 84284 84285 84335 84336 90671 93587 104560
13889 78606 53391 56126
13890 27774 28433 5427
13891 67532 74045 32348 41670
13892 38637 74166 12808 95074 74120 27046
13893 40990 46333 603 97146 46333
13894 83411 80247 2995 2338 41670
13895 38068 43467 43519
13896 49942 2106 9070 10294 96885
13897 54402 84884 58966 50663 37063 21198 97582 98398 14252 31966 25195 15670 27476 104575 1548 104619 104620 32753
13898 918 46504 84094
13899 42839 98296 104293
13900 31573 104716 3260
13901 57727 91707 3657 106093 80864 110028
13902 11498 2582 52870 87070 92990
13903 83833 91717 91728 100014 100015 100084
13904 50726 12198 50691 97661 98147 12882 99397 111122 111152
13905 21179 13854 41052
13906 8912 45905 93262
13907 31921 99156 99174
13908 9212 8255 71863 1368
13909 83674 94609 19004
13910 64209 89780 89829 71537
13911 77574 3497 65795 1974 102565
13912 90149 35195 94505
13913 81344 95972 485
13914 307 230 28514 46139 85641 97315 97316 6989
13915 6578 59764 63012 44897
13916 3254 10532 39812 37510 11909
13917 14116 90113 74709 4053 20251 99731 99810
13918 85331 85356 87085
13919 56791 15743 100386
13920 46290 42089 20170
13921 89231 87545 1462 97899 100469 51793
13922 14786 98514 28675 101364
13923 3191 32821 97796 22791 80110 46752
13924 25562 67877 190 25562 52435 4248
13925 106024 11049 9655 1067 1543 106437 67572
13926 50147 3864 11253 239 5007 10258 279 3914 4397 2224 18953 42143 69591 239 16864
13927 41894 83950 1531 76626 84757 89116 89670 20869 97110 72940 96119 24098
13928 95023 95759 95760
13929 80408 11867 82740 58268 22850 10420 89051 106331
13930 33907 15105 86471
13931 60759 88529 46746 91224 96563 81326
13932 86874 75337 86896 86897 82809 86956 91810 91811 29649 86897 12237
13933 13189 67109 3110
13934 20184 56265 76362 63452 73524 74841
13935 85778 85822 64345
13936 64651 20020 4657 7211 85888 14410
13937 88500 72721 68872
13938 14647 78320 30026
13939 12780 33409 103266 16366 103839 71776 13270
13940 42644 7692 56204 74423
13941 8052 24137 55665
13942 319 6731 87040 94291
13943 97295 97466 78223 109717
13944 43298 108685 48192
13945 62920 20166 38802
13946 95238 96432 8224
13947 30957 95690 45472
13948 37370 89832 90370
13949 3575 14082 34032 16275 7886
13950 81909 18041 53834 4880 676 42003
13951 24351 21354 108547
13952 25538 25218 95460 107036
13953 56798 11307 99396 107056 42708
13954 98415 1548 99665 87295 4444
13955 99597 29139 63950 91833
13956 16024 70610 27812 5174 92682 43602 41668 96638 3842 4945 57938 9962 16426 78061 9664 7175 5483 70022
13957 67427 89468 39957 13768 110952
13958 73353 6035 83317 25992 97955
13959 31559 53439 15024
13960 10020 39774 36941 45720
13961 6530 14876 12044 104818 14655
13962 35274 69591 72083
13963 4614 50252 85066
13964 11104 101337 13853 101584 12290
13965 5424 84630 15164
13966 16555 10510 7302 97955
13967 15486 43767 99641 99642
13968 31817 59700 10648
13969 20652 12196 88811
13970 69001 98473 19000
13971 94180 17853 103877 10707
13972 90749 59881 95929
13973 86360 86380 4863 19462 107300 79826
13974 2541 101794 102860 104878 104908 104962
13975 38497 1974 110948 273
13976 1328 11300 24876 10140
13977 41376 48362 2653
13978 93031 90774 80900
13979 7262 13856 6542
13980 93810 105609 109090 109151 109152
13981 4972 89634 993
13982 84891 67877 36704
13983 83993 83996 764 110560
13984 100218 26136 18493
13985 28244 16917 50591 1891 72035
13986 9987 19872 13437 61242 30346 108168
13987 43122 49117 43469 86174 92592 5349 34607 34917 37376 97435 29125 9678 103744
13988 15316 307 15279 86930 88174 14137 64746 37884
13989 9705 49256 22328 10182
13990 46583 44449 16975 71863 717 106384
13991 5333 105620 108447
13992 2603 101060 10037 13612 9190 8267 56648 35997
13993 65793 95359 95411 5809 95413 95450 100570
13994 20919 67258 65513
13995 37754 54258 17072 2561
13996 911 28868 34233 61242
13997 88128 98241 51877 61738 109466
13998 4138 39522 2276 16798 86181
13999 23697 2817 94707 101382 42143 71830
14000 24442 2428 5859
14001 48894 17676 85195
14002 107000 13258 107357
14003 79629 43994 7981
14004 58584 106766 111605
14005 22406 80769 6578 23022
14006 25262 89486 94335 105505
14007 104989 104990 63691
14008 58244 37890 15480
14009 1495 92018 7535 7295 4249 39174 102264
14010 43499 11796 98643 86211
14011 86029 108496 108908 110843
14012 14755 1106 106254
14013 51235 101360 103375 108894
14014 56204 27808 23936 10182
14015 28398 109549 68458 53582
14016 67877 18191 45239
14017 6053 101237 41020
14018 88229 88545 88546
14019 33116 6522 67066 76303 31115 10806 11196 31917 98058 26701 46290 19975 28492 97658
14020 6595 71558 70169 11338 101390 307 101391 192
14021 94212 53489 54806 94298 7691 49799 94395 55846 100186 16616 37 46144 67220
14022 21838 19719 5424 67847
14023 32021 90744 97514 107602 103454
14024 25780 5211 71968 39907
14025 90958 59156 108723 108777 108778
14026 31628 93604 111464
14027 30013 12594 40162 20143 7297 36558 23349 12056 104896 48527 15120
14028 41476 19857 91648 91852 96340 13736 91852
14029 10559 67593 51453
14030 29446 61242 18871
14031 3909 26018 2052 61242 93137 81877 67877
14032 93683 5909 42955 14394 98140 21643
14033 17318 83972 96089 96109 85615 103888 3782 33368
14034 31363 4643 70418 95332 95333 96749
14035 5087 104119 10121 45771 8740
14036 12161 94686 94687 94688
14037 10623 103911 111023
14038 12793 761 26264
14039 83217 83219 89828
14040 49112 96315 53542 98581 103144 71770 105690 77212 106142 107273 107722 108681
14041 3561 88354 62549 5980 88505 13763 88628
14042 83570 78457 4536 46286 30759 80958 85277 150 19342 71536 78663
14043 73520 59712 50587 105801
14044 23384 48551 28382 41363
14045 69215 3085 92160
14046 87220 61242 34235 82689 50634
14047 87 3441 14217
14048 92184 92185 901 109817 110378
14049 11402 51188 11238 43764
14050 90968 77228 8135 40244
14051 100859 39069 3121
14052 66723 4539 41549 101324 28090
14053 91071 45445 98204 51761 99996 101400 103441
14054 73887 50634 26922 96842
14055 86334 32547 3333 86334 99276 102267 13043 102302 66327 5393 36869
14056 93973 94490 25132
14057 103560 25018 32120 104691
14058 56735 52434 43602 5670
14059 41200 12427 68579
14060 42751 18023 82366 84197 93021
14061 94696 108159 110127
14062 47919 104399 82308
14063 83050 7519 18548 15788
14064 17513 36820 8532 87982 5499 75966
14065 2582 44925 84298 46755 15790
14066 37043 91283 95687 21716
14067 79694 86959 25019 37998
14068 38799 23697 50326 62045
14069 19118 5249 100688 38275 3265 5249 112189 112198 112208 112260 112331
14070 11496 89538 28194 106563
14071 76757 1496 16310 26300 104085
14072 11215 95851 3304 102068 103914 41245
14073 84067 66475 76723 67416 96597 85227 96983 101070 78715
14074 48987 49593 89447 65423 102914
14075 27880 37972 22442 25453 40744 15561
14076 102942 102957 60366 106828 67787 107030 107039
14077 17627 13385 708
14078 61242 94038 30727 65043 12629 96258 86653 10253 94969 418 107493 65043 23341
14079 91974 63453 63953 103423
14080 5661 4414 59885
14081 89001 16975 10182 7130
14082 27598 11359 72031
14083 5208 17018 43046 23014
14084 85110 54768 4055
14085 85264 85265 32234 17425 85297 5657 105624 80840
14086 12427 85110 307 15735 576 86457
14087 7732 16693 4747 88648
14088 8598 29546 69101 111648
14089 39433 98450 93334 4302
14090 41224 2879 85961 100364 101245 44580 80099 63641 82127 108694 93025 108786 101245 112109 112134
14091 52534 92857 34265 92968 54690
14092 83917 27104 59924 49451
14093 87922 19697 24856 6147 88097 88138 930 44896
14094 77573 38454 83419 6720 79660
14095 12062 23347 26792 32974 8902 71360 27642
14096 86314 761 45612
14097 18994 98506 99127 45161
14098 93183 1755 34087
14099 5396 80495 15069
14100 6173 43774 68066 102300
14101 85960 67958 32291 59191 7229 105400 68284
14102 13390 11996 343 26149
14103 45157 2957 111463
14104 20694 45165 5284 40788
14105 88539 88133 99920 85956
14106 61242 20166 23973 109460 12615
14107 26363 111678 111679
14108 8072 14215 10907 94277
14109 95848 109341 109342
14110 27 4513 88729
14111 83912 75628 50318
14112 14207 2445 6441
14113 6672 59741 30981 24235 67059 61760
14114 4572 45070 108437
14115 1857 63416 54979 28492 11266 84537 83808 4033 84871 8571 25458 15298 21780 60695 4014 11318 94851 8548 96405 102581 11514 105614 70615 14704 11318 10582 38387 109140 109141 35361
14116 84788 99438 103392 103393 105896
14117 82106 78878 74620 86934 4318
14118 58865 19924 19622 736
14119 16798 84779 23605 21043 77574 4033
14120 74709 72898 3932
14121 316 5849 26707
14122 82965 14558 70387 21127 86838 7351 36084 74709 25288 40271 67427 83136 49148
14123 33211 20166 83799
14124 28941 3278 4212 65346
14125 50252 632 25950
14126 45993 89113 91937 95635 69292 96732 86331 75948 97664 28952
14127 72364 72364 93242
14128 98837 105915 108998
14129 47156 1306 33054
14130 82641 43512 24823
14131 30693 52647 111978
14132 69947 94751 109079
14133 98815 17904 95863 34884 81074
14134 89783 92591 46427 89301 93859
14135 48641 1531 28932
14136 41576 89175 5393 99407 17422 19042 126
14137 32402 24712 4758 85029 85030 79944 87903 20463 88519 78175 62287 34417 6148 3494 4331 73216 1595 19359 10500
14138 73682 51415 75995 37677 34265 68775 29287 106156 106513 61307 68775
14139 11011 12810 10862
14140 7172 76272 7274
14141 564 89628 90096 49578 90099 51843 5333 5802 5855 17614
14142 2106 4972 2848 24719
14143 16173 48844 22041 31065 96689 26396 97318 20778 23415 71378 99071 48844 52395 108895 5109
14144 53116 97896 101588 14870
14145 3805 1975 18611
14146 32465 10395 97561 23102 106893 12381 62006 107085 107165
14147 9590 54529 12975 11477 21559
14148 42644 15732 79766
14149 3428 31719 44925 70292 86983 21241 27921 17954 41223 107535 74508 107536 70623 35138 38000 878 9898 110726 1328 5085
14150 13714 20600 721 38206 12331
14151 100277 33071 100292
14152 83649 26753 75649
14153 86431 105743 110651
14154 29330 86574 48768 88851 27774 39256 21116
14155 31799 26393 85344 6435 106313
14156 10692 63900 84640 42213 10020 11838 46792
14157 3379 91808 98635 94943 67877 107314 754 109568
14158 23142 75754 65614 18102 54115
14159 8418 39653 55772
14160 3864 11404 69379
14161 4106 9688 26775 95936
14162 230 89894 89309 14383
14163 32476 108719 780 109171 2993
14164 23307 4083 91650
14165 25892 3258 30737
14166 87759 83129 7031 96046
14167 5723 95111 38856
14168 16723 13780 25978
14169 576 69120 67619 95123
14170 26018 56204 11731 67959
14171 7627 81167 1328 109248
14172 83850 17812 22083 65083 27695 37912 108414
14173 93952 35664 45423 22811
14174 9437 3110 16088 28274 32801 177 97118 11049 22731 36630
14175 74141 24432 48290 104956 8633
14176 24658 319 25819
14177 50593 10492 15019
14178 26474 3823 41733
14179 2817 576 25709 92584 86287 32073 81695 806 83799
14180 55121 17904 41013
14181 95832 88964 12370 32566 93407 603 39349
14182 70491 67877 46156
14183 87900 88826 73350 67122
14184 38230 32868 36210 684 15341 87813
14185 85332 85333 8377 80025
14186 84607 83583 84608 84609 84695 84696 30686 46252 84849 15975 84850 84851 84852 84929 11445 84930 63793 84979 76453 84980 15262 85398 85399 67108 16069
14187 32654 39867 103361
14188 4970 17499 8287
14189 20694 85856 76630 58699 11720 38725 85395
14190 45910 85974 81254
14191 84095 19258 23358 79193 68107 33192 14527 16003 75158 92603 16975
14192 82886 42400 28598 42308 35894
14193 50698 84717 105688
14194 335 25923 26108
14195 89352 110126 50651
14196 9705 3662 4135 99284 31829 90990 3220 25927 42665 103489
14197 93108 94141 6603
14198 30838 30881 33054 9350 7130 55500 67878
14199 993 36689 12921
14200 5980 103831 84630
14201 4527 76560 21760 78130 16224 995 92971 71895 68579 55118 4643 28563 87592
14202 99487 100653 32302
14203 107130 108508 103720 36096 64176 100708 108607 19684
14204 5844 97089 21090
14205 16975 71830 1471 22884
14206 89674 110757 81933 110758
14207 84256 84442 32004 91109 62707 33685 94713 51478
14208 88043 17744 42572 18287 3870
14209 32956 92023 93049 50588 83339
14210 4970 65809 54183
14211 26296 43961 98172
14212 14128 16992 4581
14213 6496 93067 54375
14214 38432 12341 31601 3329 96466 50588 94220 92334 101376
14215 28841 53771 44906 108387 11617
14216 103768 7971 79720 27059
14217 71190 83559 931
14218 54796 5911 736 2439
14219 61706 1810 94295 48989 66585 22503 18134
14220 15032 18524 96032
14221 19624 11483 1496 89812 3162 1543 9354 83129 80151 88996 11997 409 31669 36078
14222 576 99723 45612
14223 88067 17068 5400 88830 76831 3220 11579 38115
14224 87564 105937 105938 84769
14225 16267 34022 45239 83412 15967
14226 52767 307 70858
14227 57607 31036 23384 46443
14228 84337 64029 27254
14229 87954 87955 89237 34839 100932
14230 90817 57808 94255 103753 103754
14231 47621 8397 42768 12427
14232 4642 53581 26400
14233 1277 10692 95181
14234 30 41100 603 72270
14235 94701 32760 95610 108575
14236 28005 33805 4261 22180 87919 95001 7925 69094 781 15821 72128
14237 93384 11465 99153
14238 82329 54565 14420 23770 31571 86432 14515 9572 40841 6108 35887
14239 14753 5424 31396 87360
14240 101559 22869 37393
14241 75146 67906 83732 83810 41329 45715 93631 93632 58530 81259 31838 6434 96580 94059 83987 96969 105388 105389 107435 107436 107512 27330
14242 3351 35694 29555
14243 51950 86214 45239 10971 80495
14244 14883 96722 35324 72792
14245 795 95191 106438
14246 47 81277 4302
14247 88394 18642 100239 100240 100241
14248 10525 19640 78734 103081 96765 103106 60193 21002
14249 75 92912 3486 4513 94165 42198 20434 109246 9892
14250 68266 12725 7194
14251 90796 45523 110154
14252 92067 1601 82237
14253 23902 54882 84630 61242
14254 41824 29414 29414
14255 90013 39368 34128 74555 17002 55349 62565 87644
14256 69900 60935 32361
14257 33662 4894 29470 25252 307
14258 5424 110983 39978
14259 52040 31149 85202 79069 99572
14260 37614 73027 2210
14261 19415 19924 42534
14262 60490 50802 35829 99705 107497 107498
14263 88774 92102 96910
14264 44803 1760 19538
14265 101504 16369 1975 81139
14266 14613 87212 88788 5902 34194 12192
14267 92222 28774 54188
14268 53610 34589 12157
14269 9641 43794 84175 74821 74820 93350 25491 73353 45818 1576 12414 7698 59723 1328 27990 2800
14270 20091 4663 96024
14271 16624 28389 110485 28277
14272 89584 41428 91465 81061 101387 101410 101498 487 74740 42052 104915 15400 21262 33796 105089
14273 79283 123 29083 54403 2736
14274 87163 85641 67095 71910 45239 66125 102409 75140
14275 80900 38778 97801 20543 50603 100334
14276 39387 65636 37197
14277 87509 87761 53071 52131 110482
14278 86885 86920 2272
14279 51732 70312 17125 10253 12999 88807
14280 71949 29451 72644 72434 33565 72508 44747 4539 20166 23543 14844 93325 72277
14281 91002 1495 623
14282 97545 5172 81183
14283 67756 98547 105343 10862
14284 47414 17204 86110 71392 12196 911
14285 2993 307 56242 28684
14286 15316 21937 68501
14287 11624 105565 40949 41563 107291
14288 72665 79763 2653 32119
14289 38023 17138 4543 3805 67459 31955 26269 72988 109186 50137
14290 38001 9126 2241
14291 19865 100346 21050 72050 6450
14292 104478 8727 104552
14293 27580 36291 6187
14294 1314 4873 30665 98585
14295 68237 12263 2509
14296 9774 26221 91431
14297 53038 40556 62256
14298 319 4710 83548 1994
14299 44311 56724 19381
14300 83681 36078 25882 110443 13
14301 107681 111316 926 97175
14302 91769 32491 42041
14303 13883 105607 50892 49833
14304 4777 61137 109540 109541
14305 1495 52583 62266
14306 319 51843 74185
14307 55004 90128 90368 4855
14308 24483 39051 31573
14309 62644 19710 9567 19640 85085 64 1997
14310 9328 82573 10141 6949 18855
14311 63969 89712 48115
14312 900 83170 5702
14313 31228 92264 92265 28875
14314 24610 84555 7301
14315 84703 97818 65011 99537 104957
14316 24740 80676 27500 97926 1960 105218
14317 55967 12711 6326
14318 66742 79254 15563
14319 24235 15486 61846
14320 25492 25492 27471
14321 244 6449 67695 10522
14322 69072 16114 25941 101826 50283 103633 89309
14323 106127 108044 108133
14324 33054 1633 64329
14325 66016 4017 10117
14326 9438 94069 12379 8548 104152 100715 60567 4013 104292 74968 104919 35870 86181
14327 14755 6 41431 101228 111005 111193 97630 6073 43940 4113 668 41980 4536
14328 22102 85066 103537
14329 734 78 103747
14330 62372 73010 72384 67262
14331 91403 4809 72011 93790 8124 109866
14332 8619 95742 11600
14333 1121 102268 108097 110075
14334 1988 79126 61242 99444
14335 5354 52255 110358 110424
14336 6697 86176 31567 29081
14337 6200 96700 34072 7342
14338 17561 3516 12635 3162 64656 8860
14339 68065 1433 46357 107692
14340 97859 98659 98751 67020 26164 69997
14341 23994 25252 13420 47835
14342 19640 43031 99387
14343 99760 95372 101627
14344 56204 51723 93870
14345 87895 44776 4275
14346 18985 15341 85376 3897
14347 319 108877 746 98598 17587
14348 3573 201 16819 12921
14349 94453 94471 97471 48919 28614 77062 29712 52469 34371
14350 83570 33218 10102 3805 67877
14351 4612 67877 74985
14352 34769 89008 89446 89851 83597 39643 33161 97353 13085 98032 101853 66048 104386 104642 104643 108897
14353 83322 67120 16913 35793 22110 85815 8255
14354 107608 107908 111524
14355 67661 82131 7402 100931
14356 14264 57417 90261
14357 90364 95535 59410 33926 71830 56204 17756
14358 34566 20056 22988
14359 14188 13816 101310
14360 98450 9719 39431 11910 6167 10826
14361 97089 6950 94184
14362 93709 102872 100539
14363 100409 10223 63121
14364 63421 80242 98159 1997 98371
14365 7891 9424 48111 16345
14366 20466 97639 541 2808
14367 88219 39842 73366
14368 86847 86916 6916 87158 14643
14369 7144 993 100551 100552 106527
14370 73854 44263 95133 103136 73854
14371 85085 96281 96564 4970 1887 84630 80631
14372 87787 88471 88472 88474 88475
14373 84295 73498 84295
14374 65799 90931 7311 90997 57788 12921 85085 46847 99404 105093 69390
14375 32613 85213 65577 95050 95052 97970
14376 83114 83181 32121 83244
14377 177 319 67877
14378 39404 79255 107423
14379 15525 72019 19493 83546 76708
14380 88059 92978 97694
14381 83960 8400 83453 3162 30822 106947
14382 20979 84183 84265 53469 95861 71973 10164
14383 3279 96546 96556 99255 12628
14384 52346 91556 3782
14385 89787 94703 63278
14386 35103 84881 14795 10987
14387 92610 107944 11534
14388 40955 19165 32902 50705 40301
14389 192 67427 14778 9050 8856 1871 4969 89450 85066
14390 33313 72731 33313
14391 1563 11716 21877 95880 41011
14392 93360 95527 69194
14393 87678 87679 100244
14394 80626 26064 911 76728 40990 7600 52067 11107 110051
14395 58381 55006 35655 66889 102863 102916 37057
14396 10105 22366 24816
14397 95598 98238 102969
14398 29125 29636 23341
14399 40966 2471 41335 11796 31472 7389 59638 44925
14400 18994 59922 108259
14401 65513 83432 72898 94650 93403 94678 94679 76867 108727 108749
14402 106547 15743 5880
14403 73275 92449 5424 18677 97512 99488 46291 18736 110888
14404 6781 22251 45689 108971
14405 834 91368 17655 58362
14406 5463 20356 83501 8005 4647
14407 89943 35361 90006 407 80631 104866 105040
14408 21598 9637 28535 45453
14409 77426 10623 27903 74798 35779
14410 60023 6166 87104
14411 82250 51058 26818 96969 77899
14412 32645 10828 60985
14413 67095 97630 45294 65008 111935 106887 111962 12323 111985
14414 16587 91430 4086 76035 94304
14415 6078 6699 6079 4674 79690
14416 17846 6603 14800 16204 110414
14417 2106 4007 27064 108224 105758 6575
14418 88355 3376 29898
14419 11683 123 100310 1306 14026 2277 95234 3615
14420 89628 52653 11863
14421 70467 40727 16394 15858
14422 84542 94488 61865
14423 10213 72277 79733 4349 32073 85066
14424 85245 65278 33712
14425 87599 101016 74773
14426 418 101868 23341
14427 307 12804 67877 102409
14428 95358 15925 28170
14429 51467 47379 6430
14430 97257 106869 108839
14431 5670 86331 56249 72772 110680
14432 83334 85417 65726 87813 40180
14433 51082 39576 44123
14434 6149 4990 1908
14435 13960 840 84855 83404 44894 87409 33449 100347 38440 95119 73216 102619 51140 102631 27214 81879
14436 33537 94175 59475 66770 32044 76388 60487 20593 34308 83526 95790 94120 103832 985 51422
14437 15998 98921 103314
14438 20987 93554 50792 102927 48948 9377
14439 29757 34727 61242
14440 33543 69544 15834 35858 111146
14441 19286 86558 55967
14442 43926 99186 99279
14443 94117 17061 85468 94887
14444 33791 84085 51668 87137 87138 85873 1150 87970 2741 104767 104768 104811
14445 89754 91098 91162 91175 107909
14446 4909 18287 32348
14447 1993 14359 92261 57364 21437
14448 4663 3448 37963 96969 1328
14449 6945 442 3864 97 911
14450 75625 3298 26982 85630 18416
14451 10172 91333 75966 20957
14452 33602 61242 75712 94047 106210
14453 76057 19865 78457 40695 7980 86580 32832 28865 9421 70322 808 47
14454 61242 30 1252 6166 86262 88642 52543
14455 88610 68501 109909
14456 2857 14026 87064 73553 74294
14457 97478 97479 97510
14458 6535 7698 101071 4104
14459 25676 67356 34488 56239
14460 72475 25577 40757 57076
14461 18129 5396 51249 33643 46665
14462 13799 43512 12166 55354 5978 80516
14463 5716 108 83771 14383 100256
14464 2800 14207 48193 14410
14465 84992 87711 46249 98654 12632
14466 89586 89587 89623
14467 45239 67877 98254 27990 69011 99458 85641
14468 4702 23973 1952 47022
14469 16935 89927 2354 89967 94451 31061 97117 19194 2354 108550
14470 47933 61078 38725 96973 3228 97909 469 106856
14471 414 93123 76831
14472 86221 9543 96982
14473 84630 1207 96215
14474 86594 45543 39276 109267
14475 10573 25085 33703 69488 90241 34618
14476 316 17295 93380 7300 1462 42143 55181 29242
14477 3494 6148 33211
14478 29497 32258 34816
14479 73 36246 48314 18536 45807 8468 38178 71304 687
14480 85695 85058 93848 16962 85391 85286
14481 20434 30476 23820 55137
14482 9367 7643 6242
14483 84599 412 92048
14484 78865 91078 75372 102055
14485 86981 56924 43637 36829
14486 84728 77543 19102 108846
14487 67258 19968 71910
14488 86801 14764 850 4984
14489 92381 29236 31500
14490 80278 62033 98039 15980 10168 87815 36078
14491 45239 27990 52435 108234
14492 92935 14518 91901
14493 87489 8064 693
14494 6950 77329 35324 76082 16980 13757
14495 4970 13122 14217
14496 84647 84879 85326
14497 12265 2861 5995 4248
14498 65193 108576 100831
14499 48612 24823 24245
14500 61242 1620 84630 80631 60023
14501 53036 93767 96285
14502 94793 52690 94818
14503 39657 85099 8270 13417
14504 56204 98564 98579 34849 67877
14505 3190 24396 108503
14506 4010 13941 67220
14507 108616 188 37173
14508 83450 58637 81322
14509 8420 45765 46240
14510 83682 26751 89889 93213 98413 102179 93213
14511 16623 89692 10239 62383
14512 54159 7656 40489 109936 109983
14513 20784 6567 77294 26561 40185
14514 19640 6383 99575 99637 99638 99682 14648 43541 43326 100094 100205 100206
14515 10437 83211 6108 47318 31439 105024 50023
14516 56517 104928 60808
14517 15925 5275 27616
14518 41094 95285 109065
14519 83148 84555 84593
14520 25575 1328 65092
14521 95342 45988 28005 4261
14522 86840 8259 28952
14523 76831 67095 86558 7073
14524 93763 93764 71028 20104 1331 102567 85085
14525 11869 96151 95963 62499 98813 61262 32723
14526 55311 20652 42209 30676
14527 11832 28537 5608
14528 78315 77001 5424
14529 89047 84140 89097 91780 5391 24522 102857 102904 106239 106240 8748 51838 47976 18524 49823
14530 11504 84145 41767 67594 52743 13247 37808 6810 13056 5811 782 7163 104351 5844 41754
14531 33009 7943 93979 80581 11228 41691
14532 87070 50478 62205 46357 87131
14533 79964 52273 98847 105160 111443 111536 21216
14534 3932 15298 10453 40388 54076 31697 1961 7643 47393 3932
14535 79562 93331 7307 41857 99339 28017
14536 108056 94928 8037
14537 84117 95399 109002
14538 9729 83903 49070 33021 92973 12003 46189 63655 84904 20651
14539 19194 11810 8605
14540 27723 23973 82864 69355 61043 15120 97
14541 72696 34071 108254
14542 55810 18416 93347
14543 96250 17809 103549 108589
14544 95571 93064 95619
14545 84995 90510 54501 37808 106144 106145 8255 106194 24822 98439
14546 20451 37967 1531 19104 58991
14547 15690 2181 37441
14548 4562 55985 85641 92222 78481 50610
14549 29762 14207 67877 89894 94620
14550 100795 44787 24320
14551 63244 102303 1811
14552 49906 98541 97797
14553 87608 96054 53113 106227
14554 84891 307 63753 11023 89300 6690 89300 39865 62820
14555 27196 17768 3121 38178 103015
14556 34667 84518 109170 5845
14557 4945 86558 16207 84639
14558 103827 4318 4657
14559 17141 57911 98128 20052 26032
14560 92910 92911 3121 30759 19342 67877
14561 34072 44224 14082
14562 9032 12102 38338 29060 82607 66607 55537 98439
14563 60893 87070 104893 19493 24241 101134 104948
14564 62389 24626 11104 96955 35769 96996 78342 19450 97771 8190 97772 7720
14565 2800 267 72461 91031 31869 11473 64903 59541 82740 82607 80278 108223
14566 3877 96478 96885 198 45771
14567 9962 33977 7108 93962 83257 24467 13806 4896 4948 99754 100865
14568 27673 67848 94288 9705 97556 33056 57340 69279 47083
14569 47 5602 54763 104928
14570 50456 102698 102701 22070
14571 13208 11129 80631
14572 85430 9790 100559 30759 9808 16437
14573 9118 4220 103151
14574 10541 6662 30825 87707 63019 94891 47911 319 98497 91993 4012 109241
14575 1633 88905 90649
14576 4972 10960 9534
14577 3278 19470 59811 15846
14578 35836 4536 93386 30825 7399 111948
14579 126 97484 46360 95497 3562
14580 41680 98896 107154
14581 19105 72665 32073 6806 85066
14582 98433 38315 48415
14583 97593 61155 108173 6105
14584 86304 92688 71577 99615 86142
14585 89077 319 18895
14586 21881 9391 19363 84249 26802 76029 100421 26802
14587 55181 94400 67847
14588 84030 10449 85684
14589 21492 53391 34052 39105 46223 16469 111392
14590 23498 1090 86614 95443 58187 97517 97518 87322 58187 97660 73138 101918 25047 86614 83290 44813
14591 15746 46587 64585 43490 54128 25668
14592 83212 798 73367 42901 18015
14593 109876 97984 79832
14594 86333 859 97046 10862
14595 75278 52743 86133 38387
14596 84485 11025 106417
14597 85690 85706 85724 85762 108 100654 102192 16818 108172 109109 38383 109127 111325
14598 102033 70399 65000
14599 79295 20761 17068
14600 6924 98604 47649 105523 105636 1799 88914
14601 91253 96884 66198
14602 87676 95853 19994 15998 12095 64648 45161
14603 4318 17802 78459
14604 71029 23776 71029 110630
14605 60955 60589 13333 17905 85847 31359 7601 8777 60935
14606 68880 93703 93704 93705 93846 103580
14607 30665 10034 33936
14608 43968 5843 5333 5070 307 12152
14609 240 45720 506
14610 64279 96444 41447
14611 84469 29522 88838 43767 2306
14612 95123 99572 10014
14613 5424 307 67877
14614 15316 95081 9749
14615 70657 3694 3446 7031 12032 72589 18811 25641 99466 75227 65558 106256
14616 16312 61398 104772
14617 20815 20815 22501
14618 34179 23018 106522
14619 89625 28415 91014 34181 72411
14620 9032 88526 102847 28789 109756
14621 83026 330 4233 65732 24537 30308
14622 82830 3589 76389 85568 85632
14623 9101 109426 6603
14624 83021 83022 83023 83024 82979 83043 98279 98280
14625 14858 6167 44769
14626 12152 39373 918 59700 10648 20393 8037
14627 9381 20043 30029 92298
14628 4047 13045 18069 8607 100563 79644 106799 107954
14629 30296 34254 103860
14630 1225 61043 13678 51355 29330 40441
14631 64656 57788 20699
14632 30503 102215 109641 5174 32219
14633 92522 106136 5019 5019
14634 85220 40494 34885
14635 86698 30242 44224 86767 91901 12871 1737 96373 92622 11613 69257 107503 107649 47942
14636 43209 97043 45591 97128 97129 97182 97183
14637 69786 4007 85110 5859
14638 28687 14217 10078 25881 68581 26848 4442 4970 36823 69257
14639 68975 8440 90734
14640 14821 91074 11765
14641 84583 17033 84744
14642 5901 5070 93785 43368 12102 6863 21872 9347
14643 7717 1777 97215
14644 50310 17908 30455
14645 31337 84924 47721 107864 74446 39010 108561 68769 25800
14646 6971 58675 28529 105758 108712
14647 34410 87836 88335 77140
14648 88175 88176 88177 88178 88395 88396 88466 23084
14649 93993 94092 58458 94156 89180 47318 98210 13206 25261 17086
14650 44961 62992 21397
14651 67427 100439 67220
14652 31079 511 29636 19839 92881
14653 7891 70370 3993 67619 52435 56285 104928
14654 43829 12701 1337
14655 18523 86694 89787 307 7392 82193 38799 14984 34371
14656 22641 66043 91282 1049 109435
14657 84630 4990 44701 4783 10710 18822 105691 5070 15551 10258
14658 11465 5615 84545 9568 84676 1483 5147 96240 25182
14659 33054 25252 15298
14660 24886 4663 7386
14661 87333 72172 87485 87894 94533 101619
14662 98346 15773 102778
14663 8925 105581 4104
14664 50013 398 1306 19779 1337 15667 11997 6540
14665 4010 91626 40815 8394
14666 12520 84630 80631
14667 85483 84751 106812 106813
14668 24701 71825 319
14669 59439 54114 52191 34 87060 87061 87191 84409 95858 105865
14670 91079 91207 5901 1297 25491 69591 3376 10123 73353 83041 69769
14671 83305 8330 83362
14672 60667 2833 97318 4354 101506 31481 7613 99736
14673 37214 19867 7365
14674 92618 78783 10126 34594
14675 86099 5818 50536 18841
14676 3055 31073 97819
14677 98977 24306 99387
14678 60591 35990 16037 70901
14679 4128 7302 52435
14680 97614 12211 99762
14681 16753 26933 67427 22184
14682 4331 100462 3510 5781
14683 85026 79964 74448
14684 88638 18593 17031 81384 8490 2231 42209 111312 19776 95813
14685 84732 6430 4562 33054 18907 77630
14686 6971 2833 57467 4318 8748
14687 43602 1564 67095 104928
14688 16137 24351 91752
14689 9449 84525 70701 21048 58364 84767 87891 94438 94447 1548
14690 88608 60667 31444
14691 94054 10160 58699 104433
14692 98430 98431 3574 102502 14951 41164 46041 102506 37545 26772 107419
14693 1886 10108 4758
14694 47493 96232 96233
14695 28056 59341 71175
14696 24489 54963 76283 15746
14697 87050 87897 7675 86745 2314
14698 18488 59535 38410 43602 62045
14699 1746 2331 91035
14700 35676 83672 558 105448 23547
14701 5693 18858 30
14702 91660 9467 30939 32877 21732 19160 3162
14703 91074 21365 94210 93237 96192 100271
14704 83055 10121 45207 37417
14705 95178 17125 58103 70460 6333 81699 5723
14706 87270 87271 87272 57177 8499 30156 34494 87433 31279 87497 87498 20925 34542 59827 7206 80613 19615 88168 80615 63791 109870 35376 110221 110222 110224 110225 69699 110226 110228 110229 110233 110234 66862 110235
14707 59967 21724 98438
14708 84746 25544 84760 27822
14709 39433 76272 9402
14710 5359 86279 74075 90381 91507 110717 110769
14711 18502 708 95381 319 32073 1715 107876
14712 89519 36289 72628
14713 49814 46098 75241
14714 86229 91363 91364 91379 91380 92182 92756 85836 95903 95923 28266 96612 72966 95903 102890
14715 21987 107830 10022
14716 44898 85128 92113 97348 26077 111950 111951
14717 34539 22522 98111 89348 68841 107122 107123 108546
14718 21285 62981 16001
14719 70000 105806 105807 105961 105962 25907 78858 104848
14720 64191 92287 92288
14721 65074 2192 67877 27990
14722 94324 83703 100461 77695 8361
14723 66707 104754 104755 106133
14724 63294 89291 107693 110515 110563
14725 8400 34417 22782 94018 2279
14726 8912 20609 15507
14727 86348 30700 649 81992
14728 46308 34813 99847 102608 104340 8917 108965 35962
14729 84503 33018 4115 24765 28537 58530 92442 42534 25762 5074 2126 36054 60109
14730 22675 109281 50044
14731 99417 99894 100017 4610
14732 100045 107634 55521 23822 91519 66909
14733 93502 5115 175
14734 25924 69411 91072 71142 10067 82786 13413 108466
14735 29696 5506 3055 86202
14736 50239 89235 101226
14737 60794 60817 95218
14738 76611 19405 95452 108261 51075 106897 108269 11365 1131 29712 56127 19832
14739 56204 307 90773 69600
14740 15104 77088 84630 92577 5110
14741 106198 106199 106208
14742 93288 6788 94769
14743 56126 2354 14400
14744 102531 102532 102533
14745 55614 77563 67877
14746 89034 45782 32381 10971 25553
14747 89602 91734 71421
14748 28356 2948 104284 104304 104305
14749 70663 100808 100809 100810 111038 111104 53134 19065
14750 46577 34417 73260 69949 25557 2781
14751 89640 15652 19222 86247 102907 33694
14752 106984 198 103192
14753 992 47375 43095
14754 90615 7295 230 100456
14755 85364 85067 29235
14756 4969 51429 5070 43706 41419 39452 18595 60985 2040 20043 13133 72463 13529 51429 2341 52270
14757 80549 7976 11477
14758 12871 84203 40146 81112 22985
14759 10514 24190 18177
14760 53519 15998 30747 109392
14761 3249 105854 12157 105887 106339
14762 89755 6578 53038 97640 53959 67427 64777 32023 95961
14763 85305 85314 98208
14764 16721 7533 15788 5505 22352 106696 106706
14765 50052 28492 95656 32807 4033 24269 99719 54714
14766 76180 44393 65396
14767 30994 8376 12965
14768 12408 3932 12226
14769 5618 6950 68583 6167 72011 28012 58268 105387 412
14770 41318 38796 108674
14771 67685 2276 782 73480 14207 230 94720 83501
14772 61031 93780 49256 39929
14773 89159 38026 67478 75966 97100 101319 50694 100302 105710
14774 74827 88674 52266
14775 1975 96333 109085
14776 1103 69001 36011
14777 59990 84215 84217 84317 73553 75607 110057 21087
14778 279 9354 6069 12436
14779 107652 5842 111851
14780 83406 90064 91723 91751 91774
14781 20104 90053 20199
14782 59398 26696 101141 105606
14783 307 70907 84326 91129 105608 71355
14784 30000 85916 85917 30445 5035 11433 98610 92881 75939 2581 42272 83580 6878
14785 15941 85154 52435 21760 46301 100063 33926 33789 54768 67619
14786 15381 15377 1314 6832 13385 87084
14787 87390 109761 109928 6479
14788 84362 96650 14049 14230 45239 69591 48484 4104
14789 41785 42143 82315 17718 108803 74038
14790 47938 9493 9877 86611 108395 56054
14791 414 42071 2359 44548 34417
14792 75100 23184 55537
14793 45239 4367 66311 75623 36131 112332
14794 1256 11672 18093 56969 46290
14795 87349 97790 100328
14796 87801 20924 92744 7203
14797 85955 91449 96457 97105 98633 100057 34155 85955
14798 52434 5869 27717 93805
14799 2464 105491 7363 49713 75853 86177 91644 110376
14800 87748 87749 104106 104107 63989
14801 13041 3121 25062 9585
14802 36124 98628 98704 283 81713 43628 99131 93593 83665 76059
14803 87070 42412 9118
14804 13893 2276 80175 6812
14805 86169 86170 34866 63967
14806 91255 46210 32499
14807 4538 15381 55485 98821
14808 62593 96927 96952 96961
14809 66203 22726 28746 97745 103958 34876 59842
14810 7825 54099 92012 1429 81834 23831 105504 20652
14811 19320 74143 61873 40833
14812 4331 30630 4780
14813 93584 21216 90506 76484
14814 32874 95867 33648
14815 84778 84563 91194
14816 1397 41100 18770
14817 79069 34914 109601 109675
14818 58571 72277 98916
14819 34727 6540 2949 918
14820 15375 52069 98312
14821 86275 58819 63169 4124
14822 66611 35867 96920 62096
14823 82993 83570 45239 4063 28275
14824 26112 61947 97890 99943 37538
14825 90354 44765 30552
14826 109385 18269 110156 8994
14827 47682 5163 49596 25222 37228 7376 34194 74482 7972
14828 15938 85093 2249 61242 21116 15790
14829 56741 53416 107161 5772 11490
14830 97955 11054 104652 43931
14831 15902 55013 63900 62006 97292
14832 67022 34953 108232
14833 43683 45996 93347 105900
14834 85258 88833 69576 90798 90827 98487 100483 100513 85258 105064 105065 105415 100513 107986 108017 108018 108019 110945 111138
14835 88260 97833 16003 9120 2872 91475 280 97253 761
14836 76061 36307 14408
14837 4010 126 2465
14838 89067 81457 89098 99669 50734 99678
14839 88183 8820 50351 75467 100823 100855
14840 17284 19839 7615 17020
14841 50892 87289 68506
14842 92708 28495 101509 104281 100476
14843 90252 106060 27599 106074 2318 106544
14844 4346 3742 18588
14845 6790 104237 109742
14846 85248 57033 66354 47175 53637 110044 69831
14847 1163 78760 98835 41550 31149 99559 99540 89618 558 43683 782
14848 13532 24483 104322 92493 33263
14849 105370 9861 6540
14850 17905 8861 17444 30357
14851 307 319 25711 86125 89894 22112 34888 92565 6401 15046 75471 103023
14852 86472 13960 75242 79711 92077
14853 45929 91679 91680 88587 97494 11596
14854 45328 103147 94291 3864
14855 4114 45444 50816
14856 83259 79061 24701 21885 47938
14857 45239 69911 80841
14858 87902 63007 6589
14859 89278 110042 110048 110526 34253
14860 13292 761 86125
14861 56011 4949 40403 83726
14862 85664 5432 87182 87183 10014 29381
14863 12043 99857 13459
14864 6832 5135 43685
14865 89339 72515 97840
14866 14696 60121 5214 6543
14867 9025 10560 96629 47344 11832 107305 17658
14868 71008 85766 42490
14869 44549 6797 14813 40238
14870 85389 38799 44224 7692
14871 88087 42459 29125 192 68823 20673
14872 2653 58300 80769 10577
14873 5887 84819 96751
14874 4135 100940 46504
14875 1550 75985 67579 4958 1495 64903 23171
14876 2192 76780 108477 5434
14877 68163 28833 101366
14878 10407 40229 11216
14879 878 31483 102869 7735
14880 4833 30534 33307 4917 12041 17377
14881 3780 9689 79841
14882 7907 95159 6019 95509 67848 19246 91368 87163 3325 102362 109246 71514 576
14883 88066 6108 105099 11683
14884 8005 93313 18513
14885 92222 89894 4318 2428
14886 85861 45239 6324
14887 50268 7222 2957
14888 97712 97713 99997 28126
14889 84963 9568 1620
14890 55537 43674 14212
14891 45239 93928 230 307
14892 84764 1645 93801
14893 81890 75714 86588 88071 36683 35201 100550
14894 1975 2854 4780
14895 10989 9924 96903 25437 7521
14896 72518 84637 1886 25728
14897 92618 35028 2270
14898 4984 19194 17497 1633 93563 93564 56776 69591 18210 34898 65986
14899 2800 87102 4017 27157 17305 2106 96243 27694 21774 18757 4536
14900 89597 1645 335 11150
14901 36950 74400 29125 92881
14902 89041 8244 41100 100754 75712
14903 88921 88954 88976 24235 85475 16917 15109 50591 95469 23238 7307 62869
14904 79221 65140 1141 23341
14905 2810 84415 84971 85407 105633 87143 14469 44263 22469 3678
14906 12210 85375 603
14907 91522 78708 54885 7077
14908 96914 96968 76303 97015 993 45566 53376 40090 98173 2279 17014 40146 102097 104763 3664 67657 111294
14909 41763 34951 41955
14910 61277 20043 104233
14911 83689 68619 23972
14912 5608 40373 26735 4032 12881 3317 9222 31015 11796 44625 60985 89255 108430 11318 21404 35314 2040 11769 32645 16339 6540 7643 86642 110716 4033 111367
14913 88590 90077 105433 105123 105485 112304
14914 70761 1207 1682
14915 91399 91400 80025 91416 69120 102370 104997 104998 68635 105686
14916 83309 96709 96710
14917 92427 58684 56204
14918 56469 17561 7412
14919 92718 14108 75467
14920 564 35308 39665
14921 4969 45720 41203 99975 6363 23088 12687
14922 87759 9583 59563
14923 17561 8065 93701 85615
14924 1908 14372 96969 20699
14925 29125 53684 67338
14926 17231 101172 8640
14927 30465 86280 14786 110641
14928 7778 57448 54714 27082 81025
14929 57655 83372 10332 83560
14930 37773 87213 5359 88343 88344 88565 22035 88613 88614 89283 54543 20316 15778 54286 3568 103270
14931 69625 26876 111638
14932 36754 88810 98580 27072
14933 14082 56204 9703 11129 3110 61279 1975 97468
14934 6617 87186 11263
14935 62372 990 4050 15935 20166 80125 50893 34700 38878 5267 99407 20957
14936 38543 15169 43744
14937 47818 91788 23088 14255
14938 88861 65062 99939
14939 67427 52435 319 43683 57062
14940 52435 72331 41242 28300 12527 48 95134 106247
14941 50275 54456 40121 26584 19806 72832 66265 72875 72930 102085 102093
14942 86619 40506 86682 28124 32630 10171 18917 99477 104993 38310 11559 51711
14943 65062 110440 14383 110441
14944 12102 17905 6236 6940 10987 29898
14945 44190 80619 993 59649 201 104928
14946 41239 39995 23101
14947 47938 1858 24701 21718 14928 16221 69769 17514 52664
14948 57665 18546 110366
14949 34727 83289 2949 5211
14950 2911 83673 88441 87070 2256 54041 54640 761 99134 52270 69738 110143 96822
14951 85730 98939 11804
14952 56204 11596 35867 96687 17715 105307
14953 24835 1010 20675
14954 9190 27378 81608 90882 91303 75950 12533 11810 65229
14955 80632 51844 80129 80654 101453 87095 97514
14956 81235 86717 66103
14957 46552 1896 16366
14958 74087 69587 38799
14959 90 5859 42143 70211
14960 11761 69591 10179 103431
14961 16204 93837 9209 4033 84206 97337 97394 1306 2787
14962 18244 86754 90611 90612
14963 16204 11852 99695
14964 20166 6634 4383
14965 78391 92669 68397 62302 71355
14966 88773 107416 111121
14967 17687 50021 93633 63936 44938 95994 6561 47248 3805 2813 101001 106605 27982 37277 37251
14968 49315 43490 111211
14969 18144 69199 54338 72218 54283 86252 86357 28932 14284 104255 26701 10030
14970 92502 7459 15709
14971 84569 84571 97511 84569
14972 54616 49093 98825
14973 97885 61437 8575 77110 60023
14974 7295 1615 75724 104402
14975 8406 26474 111696
14976 40720 14090 6732
14977 83611 83612 83613 84532 99445
14978 5424 84340 84341 84342 84343 84437 81857 84691 84692 2597
14979 89412 90878 15536 11267 98115
14980 68635 35793 83136 1355 97654 16927 109542 50017 64136
14981 83371 85859 10105 107041
14982 45363 49048 42732 92285 5855 44014 59911 109042 44013 109406
14983 4444 307 834
14984 1380 41013 64148 44309 16492 2216 10560
14985 53032 62207 91007
14986 4444 67248 3819 62692
14987 84036 84555 89529 14535 97057 31973 27095 63322 44919 15501 52245 36750 101680 10958 101681 4870 101863 10247 93162 82607 5683 93573 36585 82345 7302 103674 4349 18871 87499 108927 89529
14988 93887 33056 44803
14989 87603 87604 86410 87740
14990 64595 95314 68733
14991 11421 61863 26701 20696 10281 13698 104944 17084 104958
14992 2604 65864 91949 91958 26230 96571 99750 15616 79500 104582 110416
14993 95976 95977 76941
14994 94846 73553 46028
14995 40321 41670 18823 13161 12872 71910 42179 19729
14996 84238 7011 74069
14997 9756 32093 39653 23575 96997 106357 95067
14998 22901 89051 17183 6471 73585 91497 45876 47339 92414 84558
14999 88435 61354 16094 15104 108407 77804
15000 10894 76962 278 53596 94602 58050
15001 82029 82029 20621 82029 50569 109902
15002 88009 6173 1871 51738 43982 112190
15003 12 18492 18848
15004 3819 92530 91837 1328 54041 97358 102999 68581 29074
15005 26206 109246 61242
15006 11947 48551 52934 844 10364 108871 39035
15007 85095 47967 104530 112341
15008 77973 87875 39111 29596 87919 87947 51195
15009 86771 49843 11049 70647 15722 5204 28570
15010 84814 52488 53001 550 92528 100717 100718 58884 100760 52488 100761 19927 35700
15011 8548 105135 90901
15012 86727 6845 44651 18702
15013 84202 77121 38820
15014 86468 28379 29595 10914 49651 90278 83329
15015 35647 2232 4836 11216 104213 4086 9437
15016 21200 78175 74553 85329 85330 11595 82512 17870 90885 97468 45564 11477
15017 76307 73337 83485
15018 23861 82045 95479 60050
15019 3765 3432 15860 1630 81709 80313 103999 57251
15020 44896 79658 21850
15021 85642 85643 95118 60746 109597 110610 40652
15022 13496 26518 21111
15023 2817 15877 18545 397 7602 70449 61188
15024 90054 90055 37863 100170 12575 35683 36814 108827 68799 112141 42008
15025 86445 6769 70365 94 37316 22918 3739 34235 93779 6863 23188 15551 20673 1289 7163 108803
15026 29807 56735 5337
15027 87195 69938 102675
15028 19409 407 88612 59969
15029 86022 70355 86273 14881 25709 993 11997
15030 83951 89523 66700
15031 97866 97867 101738
15032 21846 101227 13171
15033 27542 99986 99987
15034 82460 101140 34816
15035 61283 35683 102417
15036 91839 45030 82500
15037 38589 99526 77736 5350
15038 83940 4213 99122
15039 93218 5704 1540 33837 8161 20166 48574 1512
15040 4244 107794 14778
15041 23973 90680 90686 90687
15042 60967 28841 89528 74282 7970
15043 87059 43170 5922 19099 46074
15044 94554 47138 15783
15045 12263 91080 6038
15046 998 69415 73337 67427 165 97 62410 67009 277
15047 5298 25900 33115
15048 19676 38140 2120 29605
15049 90340 56172 38410 18920 13413
15050 44127 37295 28952 14090
15051 94485 32618 102735 75957
15052 90461 17057 28952
15053 35819 87147 94097 99901 108773
15054 87630 4663 75813 39549 27673 33916 5145 89015
15055 101402 18784 75845
15056 94145 64696 11477
15057 76389 107503 54293
15058 84091 63248 94101 38128 5156
15059 16896 84235 84236 25696 84386
15060 15302 96024 89529 2216 1604
15061 18200 307 103192
15062 89803 89897 99860 14276 108608 105606 108849 111989 62794
15063 96690 110709 3293 6757
15064 51500 10108 67358 108570
15065 8244 3741 22091 88621
15066 344 4663 27966
15067 1297 79975 99129 43685 23343
15068 86167 86193 86226 43095 1256 26802 63061 18161 78135
15069 96547 107855 107933
15070 15990 2115 9068
15071 76272 31297 335 4969 93268 22884 68243 23973 32073 66723
15072 1760 108787 109167 7269
15073 66503 96390 96391 96437 96438 2919 60219
15074 84248 4466 16397
15075 40971 3085 24235
15076 106415 62732 83726 33054 97831 10335 3932
15077 82421 32570 9898
15078 20166 67235 31719 48612 74709 102401
15079 35391 40622 10647
15080 6924 60487 25262
15081 90338 307 753
15082 70927 46 39699
15083 100847 103183 35951 103685
15084 30694 13711 4543
15085 25085 1374 111548 111582
15086 27230 343 85553 100040 50639 44436 25000
15087 69142 41670 109558
15088 19344 5301 693 816 71830
15089 33725 9748 52353 26494 103769 1880
15090 88511 73482 76788 60667
15091 736 68403 22914 3562 93675 69301
15092 18715 85320 82376 93289 92627
15093 21507 51793 93237 95938
15094 57176 84923 30157 85270 35707 10802 102980 84825
15095 93310 50668 109793
15096 10072 2216 94095 44103 110477 21216 29913
15097 88204 26469 59948 56204 106842 107257
15098 87854 94366 17663
15099 87720 92608 94087
15100 10334 55500 7031
15101 14932 198 81569 278 46074
15102 47721 87284 58509 107447 107448 110275
15103 73752 88449 63268 22426
15104 67822 17100 30931 85057
15105 62001 43820 61333
15106 93123 27356 110546 19602 87815 4657
15107 87225 87275 87277 100525 2464
15108 2276 1975 27476 1633 4327
15109 7491 1916 98802
15110 24668 93230 32043
15111 85309 32421 48333 87464 44905 63781 87493 7073 57285
15112 21723 39303 96495 26674 84714 68540 8897 5752 6732
15113 26368 89135 39433 101572 37963
15114 94922 1903 1165 37963 26802 1165
15115 36059 99904 51779
15116 75457 1320 2107 72086
15117 1207 41013 103781
15118 29499 33740 7376 26264
15119 87633 14932 8572 56011 88962 67740 10657 105611 30737
15120 5455 55497 14619 100787 65907
15121 307 101792 93606
15122 34652 55181 108220 1462
15123 69690 50156 93752 75672 4503 82403 109828
15124 79725 8564 81192 76687
15125 56423 85780 13171
15126 45961 9424 44747 6634 5742 22114 103512 73722 19462 2338
15127 55497 85788 3515 10074 87274 44462 87626 43020 31380 23697 10359 3317
15128 19138 1736 93065 77116 46142 74494 56480
15129 89325 89326 89370 36165 79992 89370
15130 36149 18841 14386 9465 1297 86287 29807
15131 83987 73549 71427 106400
15132 83641 61404 62071 30759 21315 27808 43025
15133 23822 14490 103638 69544
15134 23261 86615 65297
15135 4032 5898 9801 20815 106645 48314
15136 21422 8987 101789
15137 10986 14816 8856
15138 101967 101990 102025
15139 82559 16035 86617 18199 37040 20396 110373
15140 60153 91874 91875
15141 52546 82460 1542
15142 4331 221 50560 34282 11911 41129 19153 43139 3575 72764 34460 25495 93778
15143 89263 93299 93304 93305 96805 25405
15144 10359 18588 42317 55374 786 44840 63311 39618 16414 55406 10658 24972 36707 10359 26269 80990 104827 36920 24847 3317 11737 22114
15145 21069 82876 98024 39500
15146 5229 74636 88167 57654 23994 41704
15147 9184 21046 50588 41587 21372
15148 35461 16109 461 87538
15149 70837 91018 91019 52115 32596 93831 35070 93940 47177
15150 32655 92245 22952 93380 165 34302 1397
15151 56016 1225 11049 2314
15152 74824 40673 101161
15153 23341 4390 58442
15154 45051 41730 108212 109139
15155 25709 8966 4318 39818
15156 83750 57513 80540 88491 8673 24156 33907 23770 109609 54040
15157 106350 106403 1974
15158 97312 97322 103012 80562 103762 4012 3335 4345
15159 9328 56094 4598
15160 2106 9212 45239 14264
15161 93475 93476 44867 17956
15162 8255 24202 82529 57349
15163 23512 91161 6863
15164 66032 90119 1323 102326
15165 82973 26906 57417
15166 98452 36548 98550 98551
15167 18034 61242 48574 26050 32277 8244 15938 29286 49035 8412
15168 71598 56011 59723
15169 68241 87306 56171 30672 48737
15170 70051 86827 56011 20673 43170 35308 67847 21701 14908 993 56054
15171 71288 93237 84860 9478 16980
15172 25886 17068 52434
15173 4209 41802 13451 71728 94653
15174 62993 91733 102956
15175 15298 34816 3506 109429 110899
15176 101 92451 42180 2445 94288
15177 108262 2646 77355
15178 20374 67338 56259 34816
15179 81506 44331 50246
15180 86150 16551 56797 98961 947 102407
15181 5157 39174 38799 65074
15182 88906 89414 38064 109246 110146
15183 86406 6383 42209 1094 46807
15184 28931 16555 53674
15185 1368 85323 80079 9784 22457
15186 41227 86042 56042 71904 86163 88146 92948 60906 101487
15187 87926 109833 60349
15188 335 93354 3625
15189 51922 35887 37907 91499 101061 43044
15190 365 7856 98677
15191 95121 97852 100263 102696
15192 37110 108441 19359 71971 36860
15193 36418 16387 46098
15194 52151 91950 61173 85085
15195 576 94080 25121 80612 70733 95155 95362 97556 6683 82287 6072 99481 43602 98331
15196 94843 19763 94844 95943 38633 30272 97675 69403 93804
15197 6187 7767 99299 99336 7926
15198 86593 59934 95104 64903 48
15199 40720 6940 4157 99852
15200 36431 28930 2192 11474
15201 14082 5945 4780
15202 86558 84469 95315
15203 42900 96933 104810
15204 86582 80513 51730 86583 86584 86648 86649 86665 86666 34348 111087 102172 111111 64275 86584 111112 51730 111113 53372 59743 39108 103335
15205 63840 2312 111006 44540 112098
15206 84390 83799 3625 97
15207 2586 70655 9230 66074 1496
15208 87623 87690 3778 8659 103231
15209 92888 319 81635 7300 111360 106362 7937
15210 33663 7496 93997 26523 73361 30455 3223
15211 86622 26601 106478
15212 35827 6383 108363 109427
15213 87881 111119 19829
15214 19902 3897 59259 31053 103253
15215 84179 88085 15061 12219 9226
15216 30476 90183 104654
15217 9788 85714 85763 97214 2113 96014 38239 99385
15218 36495 84742 10669 14155 59969
15219 29129 33414 83846 80962
15220 4331 74265 109113
15221 10739 25020 58991 78887 38174 4922 2654 109338
15222 24936 7698 109999
15223 43706 83796 87974 84893 104240 78459 37562 107665 17379 107666 104401 4758
15224 97902 100452 93779 48835
15225 22334 107882 30503
15226 78254 79765 92879 106553 106588
15227 10227 86595 10894 51253 26050 39115 84957 104688 79693 60691
15228 80244 34669 17373
15229 5451 84686 27674 97605 93020
15230 28596 23972 56215 2277
15231 86025 86165 13 29636 98344 29125
15232 17956 420 109263 35222
15233 23697 2314 69243 1880 87813 5655 23341 16913 98067 73440 57631 3068 14379 32318 111186 111238
15234 11049 15298 15788 96307
15235 100107 26017 100221
15236 56399 100335 94769 41670
15237 7930 102855 102866 72652
15238 46290 28727 18093
15239 84070 603 20166 4302 1496 4969 15552 6003 67945 92593 576 12144
15240 668 83214 6171 72011 18677 6171 105322 46088 90464
15241 2391 8569 204
15242 85611 92752 93579 53068 34649 22106 20857 104058 39355 104147 5473
15243 307 56011 5424
15244 8748 1620 13629
15245 11765 89787 54768 55508
15246 97386 29887 109453 47190 75902
15247 5391 36647 89111 102433
15248 4663 53556 23576 91644 91662 99179 356
15249 52469 93857 93945 83819 35817 13900 110037 20798
15250 7976 83777 57812 83778 83818 27576 5499 38693 75663 74461 43615
15251 15495 99639 103557
15252 9354 12762 28882 1331
15253 26674 74511 70016 72009
15254 56616 92916 24056
15255 13960 79657 10064
15256 32256 19410 99620 99621 99834 36999 69038 61193 110142 110165 93025
15257 75370 11969 110837 110907 29699
15258 14137 61242 14236
15259 3153 49952 41867
15260 15298 1495 57631 93551 34816
15261 42644 2106 1564 4719
15262 1141 99505 5463 8770 16945 4318
15263 7837 177 5424
15264 91038 102074 25252 48844 11048 72069
15265 47659 103772 103773 8449
15266 88109 97567 103345 1147 521
15267 19807 41857 87032 21676 87003 45842 15298 11661 26350 31571 102707 56686
15268 16131 14530 99989
15269 84407 79959 58390
15270 9403 33977 8909
15271 87859 106168 34524 111757 111758 40893 111786 22791 112066 112067
15272 29517 70317 28184
15273 45061 109295 109296
15274 83592 83679 100771 97969 100772 4419
15275 86941 36739 102031
15276 6171 86484 91513
15277 52359 85123 106766 15327 111920
15278 13159 16880 120
15279 40212 94652 94748 16715 14893
15280 51823 106292 64439
15281 28110 10407 96359
15282 90252 95841 3646
15283 14037 88234 6415 35771 97832 103640 11840
15284 26580 30759 24483 45239
15285 30 67546 1328
15286 29712 107697 111377 7477 7130
15287 106223 9269 110243
15288 68754 45566 8966
15289 74142 43525 40529 85439 92891 16798
15290 94236 94237 94323 94325 94599
15291 59610 99180 99181
15292 72069 67848 20653 84630 89529
15293 88352 23954 68377
15294 2973 56954 13976
15295 77131 83487 94885
15296 24683 3486 11656 19153 97379 3662
15297 2833 65377 4935 89593 3162 306 43273 101157 26821 101158 15695 101159 14854 4397 103419 106076 32837
15298 9326 3203 23973 761
15299 65074 307 45239 230
15300 4496 75985 106 46858
15301 41917 36830 37660
15302 46411 4538 77299 10259 32888
15303 81398 2653 24779 26325 45771 54865
15304 4392 6701 6043 9784 101065
15305 708 43598 87879 41011 90097 41318
15306 5581 84197 10504
15307 3267 89251 89651
15308 38455 9119 60757 109905 9901 36655 67847 111725
15309 10793 93611 93612 102237 102248 102252 43683 45203
15310 90874 54501 94389 109920
15311 93531 93532 60400 75364 100655 106595
15312 10708 50640 14655
15313 14778 92054 60788 27737 83292 92668 93162 95156
15314 21514 74554 33185 5396 72898 56204 11731 6434
15315 280 82350 19975 36896
15316 46847 108557 108567 108568 112011
15317 9467 27082 27990
15318 75985 86184 5563 78501 7002 3042 10449 5563 110059 110483
15319 87043 87044 63710 91279 91280 91569 97891 36924
15320 27680 24870 8469
15321 71875 43372 42701 2215 47656 3515 14503 93797 93798 16198 94001 18920
15322 17248 68583 67106 34932 35314 43002
15323 9719 91020 6255 10541
15324 100025 68348 52598 1805 53649 1333
15325 15153 5804 76183 4878 34796
15326 86313 4145 93975 8406 43362 94401 58043 7302 67877
15327 48896 88153 46804 67267
15328 93875 93876 36621
15329 83479 83480 73820 1732 83513
15330 86245 52546 9467 11652 1941 53162 4157 4390
15331 83378 75993 87491 88020 88021 111020
15332 84554 8231 6105 1141 3317 91047 79096 11 307 41151 67877 76788
15333 52546 47161 1337
15334 97439 10301 13124 40854 68959 42052 68794 17138 8057 101177 99184
15335 80183 14362 103403 79978 103404 103444 103445
15336 10710 68581 33789 80346 278 10014 13972 3517 75985 25709 99732 59006 15100 81401
15337 110186 61242 111209
15338 28929 4567 42833 94987 103448 89538 106729
15339 14015 4561 20170 33809 2224
15340 32798 111544 68446 27639
15341 87296 88446 51558 38442
15342 335 19462 100523 18892 37467 14932 6435
15343 21809 85000 60022 42272 100127 108556 1656
15344 76251 32165 40464 13459 18520
15345 7116 43706 60514 86211 103317 25068 8418 17504
15346 878 2790 8748
15347 9729 97791 86646
15348 26796 5216 17345
15349 27762 3660 12102 34760 109843
15350 86615 8353 9032 7150 46755 16339
15351 22102 22988 19099
15352 98819 36797 19079 29817 343
15353 56204 91139 34371
15354 68581 676 98319 87150 26738 98333 3068 8782
15355 29636 3068 34727
15356 37088 91502 28638 87304 88213 4657 43095
15357 56204 3370 39978
15358 36864 96367 103062
15359 7839 86771 51343 6779 58854 107617
15360 86815 37103 44607 44925 35138
15361 412 25595 6865 46451
15362 91212 18435 93080
15363 17722 11862 51429 94995 36611 11862 4294 52950 85148
15364 78226 92863 92864 4419
15365 84585 86437 86438 86439 98691 76655 98738 108808 111760 111778 38180 111779
15366 96786 33151 22702
15367 50593 24467 69591
15368 6434 35742 97927 98282 711 107058
15369 32168 93012 38235 101411 62937 101434 101435 101436 101651 101684 52151 101685 101739 32717 101740 50886 101830 76975 54988 51363 9521
15370 67665 31459 52245 9467 23404 98905
15371 9637 34134 44091
15372 32645 94285 94461 52226 13507 99370 60430 83080
15373 25338 86274 25338 175 7825 68531 12465 76555 10433 109648 111916
15374 68533 90778 90804 3162 100716 102658
15375 2698 91048 5873 30072 13854
15376 43624 33409 27921
15377 20600 52555 2241 15988 38799 98013
15378 100251 103115 108184
15379 45966 3782 17774 88361 23590 18288 104594 17511 26414
15380 108622 86435 8893 108652
15381 8037 109364 84469 150 576
15382 89375 108579 109879
15383 137 26411 55691 110039
15384 89027 79275 99808
15385 84617 80151 91029
15386 86574 60126 30504
15387 83742 94191 78834 40658 4211 22560 74967
15388 88832 411 8094 103494 103524
15389 97496 86133 108023 98007 44127
15390 87258 109570 109602 15355
15391 63018 87020 17344
15392 87551 88277 88278 38014 18392 111221
15393 11906 75845 3486 50129 66618 7745 150 41425 4356
15394 5867 15882 4654
15395 39810 35990 77960 23136
15396 61279 14049 11136
15397 88378 27116 80359
15398 1531 14847 29605
15399 70087 29367 17956
15400 86784 67685 21472 69038 8548 24626 27246
15401 358 90944 90214
15402 35712 66161 64529
15403 61809 7521 2215 77917
15404 58235 6383 49602 5349 25306 9668
15405 26908 6308 105945
15406 83457 88644 97939 97012 110978 56397
15407 319 4318 10 11017
15408 91450 25050 91475 1100 107531
15409 102573 102574 111306
15410 67685 29125 16798
15411 85354 109324 109654
15412 43612 8192 107927
15413 5396 45593 6280 45328
15414 11569 6757 7748 20445 110795
15415 88348 41428 88411 88412 100782
15416 37868 75861 88829 8178 91864 7922
15417 10278 22060 83289
15418 4318 10541 29522
15419 86632 2070 86687 86688 98340 98453 42572 99022 521 50481 78962 2429 56135 59245 27084 76204 106518 106519 96002 50021 106596
15420 1645 996 18323 88114 54224
15421 19265 89531 27754 85066 785 44508 72665 111042 5053
15422 13770 2224 99900
15423 95336 95337 30220 95338 60864 4412
15424 31338 95168 8415 95441 95859
15425 15949 107705 109378 63061 24808 61908
15426 30247 84222 84250 5828 75499 31839 14544 85510 62386 96222 36705 46019 100440 90
15427 85933 21109 88476 62601 98304 94539 42198 21307 103776
15428 52677 76583 35990 41576
15429 84149 32626 110791
15430 18 94340 67356
15431 1388 33004 92683 43602 17583 89994
15432 7071 68160 90510 42143 55137 81291
15433 19462 676 71514 5267 20166
15434 82972 57304 3575 56648 32021 10379
15435 16798 18536 80033 95790
15436 56011 83828 105742 1505
15437 12898 279 18663 67594 72277 89122
15438 25966 105580 106200 107575
15439 4248 10407 343
15440 89513 91725 60597
15441 89545 89566 99013 106514
15442 45771 85066 34071
15443 85665 85666 86168 86220
15444 72653 89849 2338 7035
15445 88074 13171 13347 45926 78286 69506 43767
15446 38565 32529 45921 98450
15447 90772 5382 97547
15448 89900 90811 7182 24794
15449 83987 69030 2876 17797 28056 60667 13333 80102 3864 84095 40108 62404 9025 110425 10000
15450 99917 48270 105701 69769
15451 42375 83297 61917 2238 89416 89428 26459 91188 67427 107534 42375
15452 6052 56204 3575 16605 40373 9443 6148 4104 43851 17552 52798
15453 32832 97314 57140 105544 15551 5632
15454 80384 91637 21843
15455 736 19515 34875
15456 9705 307 33056
15457 19090 95166 78834
15458 92666 92667 175
15459 82962 5184 6674 58537
15460 97461 38291 38387 78170
15461 16377 24431 96705 66396
15462 89216 89217 94998 100530 98251 108775
15463 99889 18784 75845
15464 5181 5204 65817 89787 98513
15465 7302 86331 68910 11483 30386 6863 92584 50255 37 11997
15466 88364 88413 89356
15467 101356 71241 101915
15468 67594 28932 69722
15469 102688 13937 58927
15470 175 14041 29125 11122
15471 61599 105632 30672
15472 82983 48774 55574 96298 100626
15473 61242 22078 63085 98813 101979
15474 74393 33128 9639 76232 25710 74393 13265 100753 109921 49085
15475 81931 7970 1563
15476 37563 506 7304 6109
15477 7372 1914 7301 19125 68753 92536 60788 305 3370 107496 45612
15478 48737 35621 83090
15479 1975 5938 37867 16815 6540 41909 17002
15480 1163 104364 31788
15481 8830 61706 4663 89360 15129 14847
15482 69761 29034 13562
15483 8925 10648 67877 39978 190 4017 19424
15484 14234 9145 69288 110649
15485 75258 3211 55318 8005 102908 5028 100719 106109
15486 89259 89419 89467 96499 46327 8842 676 53684 23543 37724 92565 9739
15487 75724 90462 20145 10745 75724
15488 89533 89535 89536 2510 92375 93898 94079 29338 99933 99934 99950 52881 39872 25230 103834 52881 89533
15489 24856 44230 5301 40549 97967 75725 5327
15490 83911 84807 84978 89321 29841
15491 8019 12807 48039 92501 50885
15492 93098 81539 37658
15493 1388 98278 22908 62475 1656
15494 86105 86106 86107 61007 34741 100581 64102 87585 50298
15495 67093 70313 88816 13278 45833 48171 14224 23261 102600 70313 52727
15496 83522 96809 74740 72119
15497 28856 23341 13876
15498 18854 22038 4695
15499 48896 34813 70274 216 22114
15500 83937 83966 98334 98335 102961 77737 39325 107318
15501 33512 14427 99207
15502 101133 39709 109757 15300
15503 88061 2506 82627 38799
15504 89414 37602 41286
15505 42436 104624 108446
15506 43687 85517 84764 12905 3557
15507 15652 8400 83063 52621 88634 85347 35314
15508 99117 108403 108404 3782
15509 91104 91105 76827 91193 92611 77031 94043 94044 94537 94641 110024 110072
15510 36245 16893 53865 85641 22233
15511 7103 4802 30273 19847 28894 21872 44547 3465
15512 27990 86059 27737 59171 860 782 325 98322 98379 103107 80992 12921
15513 45838 4311 24856
15514 32381 54318 88002 68581 82529 78418 84095 29086 18836 2052 94874 28932 16267 54318 12905 56620 15109
15515 28907 23543 17057
15516 88606 56204 99081
15517 83045 74614 83282 83283 64028 83470 86257
15518 25222 16325 48448 90130
15519 63075 65229 54523 30214
15520 31401 17905 3925
15521 42052 85750 11694 103439 103440 103471
15522 19052 104819 104820
15523 92601 17031 104734 9403
15524 60736 83702 85416
15525 94249 99441 99442 89300
15526 97744 97751 100223 100337 100359
15527 1125 55137 111416
15528 104444 65140 3782
15529 5876 34235 25595 103359 28598 104928 13784
15530 25283 12917 104489 25871
15531 3819 79733 10213 1287 98450 8842 8187 95391 10393 66871
15532 96341 36116 87854
15533 45239 67877 111896 3805 99592 71910 5424 10234 15164 1252
15534 92003 36289 92025 10942
15535 84813 36850 84860 17903 27659 89441 3162 61532 6975 68782 65140 94475 104644 108396 108397
15536 2276 18671 1941 36860 101192 68975
15537 88640 89099 60014
15538 96598 72856 103373
15539 52203 49623 82361 7544
15540 35621 102220 102221 96998
15541 19153 1975 9032 6148
15542 60161 90844 50835 91595 91596
15543 68583 83529 86581 67877 103013 53988 108744
15544 12174 87574 693 11465
15545 6659 87121 88039 60023 79126 3659 15552 59311 3448 101746 41203 4157
15546 13171 18516 41236 76097 3086 101203 3582 38117 21409 52292 9058 27197 67329
15547 93730 83844 62630
15548 92889 10641 18895 108955 73369 108995
15549 80633 2736 7329 65133 48530 61177 101528
15550 87261 87262 41826 28543 31503
15551 12916 93064 95572 95667 106050 6248
15552 479 75985 43433
15553 3660 107587 16555
15554 28952 65996 37295 111185
15555 81025 102923 55497 3929
15556 67877 20684 45566
15557 42320 77501 81876 90615
15558 26229 1810 112042
15559 41408 83214 4379
15560 47374 92112 54023 92359 92360 92415 92416 68146
15561 17908 5023 67487 85647 23972 30767 18671 5023
15562 85257 71947 44636 78746 93421
15563 18217 6617 103349
15564 85425 85800 85801 85802 106749
15565 58882 72155 48574
15566 92587 92588 101012 103771
15567 59211 18280 433 11683 2504
15568 20573 106748 35220
15569 4755 40709 40921 34626 52798
15570 4318 8356 48855 24675 5350
15571 87652 87519 1620
15572 88368 60992 87813 102347 108720 11969
15573 1777 14601 98126 96811
15574 27332 87240 21873
15575 88749 94545 101250 107529
15576 8939 33134 50355 92908
15577 8481 19297 6007
15578 407 50885 9328 343 107748 112041
15579 13559 88707 64800
15580 88440 111512 111513
15581 58839 19332 21838 72898
15582 45900 88679 90625 96185 96260
15583 86898 47974 105721
15584 88657 14108 88657
15585 85721 50644 86906 97917 97793 103049 109581
15586 2833 37244 3162 79944
15587 103489 761 23836
15588 61262 1393 3882
15589 67877 6812 19975 106985 59095 18671 107334 107335
15590 109566 56251 41524
15591 88699 88700 88831 99604
15592 49425 93772 105692
15593 41703 330 64938
15594 88867 4368 38408
15595 86689 40751 110539
15596 6114 14217 16028 4581 11847 3387
15597 101861 101862 65252 21167 101706 67594
15598 23490 7244 1397
15599 93175 62480 108093
15600 68003 2900 1682 34233 10556 101978 86930
15601 85471 95939 85471
15602 67411 93118 106001
15603 4014 20760 93726 17978 60788
15604 107748 68937 88896
15605 56204 11716 13161 56011 3773 38766 59723 52798 18784
15606 40863 70500 67389 111267
15607 576 366 7480 6363 21624 89568 89618 35912
15608 63863 88885 63164 19138 73769
15609 92179 33856 75177 33856 99246
15610 85252 97424 71795 22971 98683 38085 36444
15611 41905 53865 29454 1032
15612 12342 7259 16075 16826 85085
15613 20364 60882 43075
15614 87344 6994 30557 49588
15615 95565 2107 43706
15616 13171 87722 6045
15617 42355 89291 98915 74473 92646
15618 88463 5085 12492 112089
15619 41628 92241 1930 110990 15642 111052 111143
15620 10525 87367 20784 41668
15621 307 103448 75544 103725 80057 106914 106915 900 37932 22170
15622 12379 16681 87303 28232 86608 63226
15623 44627 4004 77723
15624 74075 86097 75663 87213 30271
15625 89165 20644 307 100266
15626 48641 31149 10793 27105 37
15627 88513 9777 111230
15628 59764 41431 4536
15629 50658 94775 15319
15630 83958 41691 28164 18003 74307 96012 42052
15631 20925 100546 11541 109421
15632 91896 49037 82962
15633 51653 4958 83726 62045 112307 18276
15634 21610 68549 30759
15635 32214 31462 64017 102587
15636 83218 15140 96318
15637 61475 3727 2949 6758 918
15638 44785 84554 9704
15639 40163 18784 94364 94365 34468 12966 3267
15640 96201 10072 92466 96236
15641 82955 42644 40740 4318 75473 38552 17802 27016 99126 74915 31446
15642 28833 79579 5901 5694
15643 71996 6916 798
15644 87169 87170 67093 87821
15645 39497 14447 46290
15646 7260 926 67410 67877
15647 38751 41670 56283 8160
15648 15790 60280 9153
15649 16522 67847 4318
15650 92047 15480 12347
15651 58529 12614 54402
15652 5811 10182 1213
15653 58535 38873 16299
15654 9705 43602 54796 106362
15655 22536 16723 440 69769
15656 71863 7288 91470 9448 52062 72818 10782
15657 60047 23341 8440 90 23514 911 103124 109969 18142 110004
15658 48641 4657 38613
15659 100434 100479 100480 100481 106193 79324 102367 111117 111158
15660 101885 7031 19602
15661 92418 97659 100496
15662 94991 102939 102940 111276
15663 90228 89894 98394 53654 71702 49994
15664 84591 33703 92228 73776 73775 100788 104342
15665 25966 782 30503 5424 67872
15666 13088 89352 110171 110172
15667 89506 101541 101547 112210
15668 60274 45518 5390 96797
15669 28623 41580 11043
15670 3291 41013 2043 18385
15671 24221 12871 2306 3760 104294
15672 3848 79696 77213
15673 93827 12055 36089 108542 23936
15674 13123 24202 18167
15675 31775 23219 37517 5336 53307 7955
15676 95296 96908 98351 33631 79536
15677 23154 36847 88423 16606 88561 14837 88803 92660 92661 26188 105129 80289 105130 105131
15678 1628 65218 2276 87025 61412 30371 67685 17908 66922 20259
15679 88670 88671 101762
15680 12940 44481 65559
15681 44803 6965 107999
15682 7002 70388 43674 95064
15683 38362 8707 86800 100793
15684 50904 14251 6832 56928
15685 1960 93243 5270 8352 38507
15686 51768 50457 2320 43847
15687 25562 414 110450
15688 29712 85674 95865 62405 96890 101487
15689 31906 52435 14207
15690 13107 10648 39069
15691 20166 3475 10130
15692 79866 15299 53801 16211 83356 2270 5295 83634 9629 4950
15693 13459 29742 99105
15694 8532 5723 13245 5859
15695 2453 45100 86518 307 12606 94704 107955
15696 63357 30589 89476 34350
15697 6248 30858 97254 74208
15698 307 3741 15938
15699 62283 95240 62283
15700 38777 57862 104931 104932 2113 5716 62438
15701 13817 2277 109578
15702 7402 109036 67661
15703 65033 10651 21119 104267 17068 6287
15704 86870 91539 103032
15705 84866 2773 5295 46443 39433
15706 12907 41775 96353
15707 85411 78680 46295
15708 87986 88008 9220
15709 88692 88884 24760 73656 88967 84792 100994
15710 7521 112205 100799
15711 844 84348 26382 9290 68553 41100
15712 39074 59439 88325 101155 38938 101425
15713 57972 11477 98981 105418 96393
15714 41975 77685 365
15715 73381 78189 69377 17332
15716 83037 88675 88725 3278
15717 93490 93492 93901
15718 22172 1857 3190
15719 89343 9326 10281 73339 82760 8474 13366 36106 52857 73598
15720 11085 89407 43602 918 5400 111818
15721 52435 69763 33807
15722 62681 7260 11473 92626
15723 15373 85263 16394
15724 82990 73763 44428 75052
15725 90224 64384 45276
15726 56204 126 85493 78760
15727 88693 9057 42839 11842 18142 23341 105249 1826 105283 6315 81401
15728 49037 100986 100987 9005
15729 89033 41687 93114 71598 34104 30329 60736
15730 782 307 67877 5499 731 1920 21811 83570 306 104503 45239 19342 34725 91153 47046 29346
15731 576 25676 100888
15732 90092 542 90162 90216 105604 38796 16027
15733 24481 87070 111465 14655 46876 2338 34740
15734 24436 69801 55515
15735 73299 99209 6845
15736 27423 92127 230 92164 100135 92884 48530 78909 70525 100739 86566 71825 26411
15737 14876 29614 31810 98606 10224
15738 13159 15841 8479 17026
15739 87868 57167 46735
15740 41687 60681 29097 98403 101563 19538 12271 1826 56322 13379 19877 101636 18599 108079 14449
15741 44790 41246 32751
15742 32219 346 57472
15743 2276 76831 25992 4773 96100
15744 71422 89864 5082 7860 87813
15745 65403 65403 98159 9200
15746 86399 98698 418
15747 28841 68779 14348
15748 106820 108734 82174 108784 108805 110118
15749 3805 1975 2854 104261 912 106620 10593 106635 11403 19827 31955 8607 98361
15750 44613 5035 36889 15957 97285 58050 103298 103345
15751 8075 17500 57645 90597 2872 46735 57230 2645 13892 104942 66122 104967
15752 6797 22540 93886 94096
15753 112227 81905 19716
15754 54469 98555 98931 68761 100875 15493 101889 66919 63787
15755 90719 28126 25960
15756 10986 19537 106 434
15757 99871 61203 13249 2574 19192
15758 87832 88244 87177
15759 97429 96900 95067
15760 16747 16555 3104 15719 107247
15761 5424 45239 13763
15762 6746 5859 27475 7253
15763 13295 92374 46421 97709
15764 96614 68169 96619 91029 83129 13832 30767
15765 94536 23212 28410 10500 28447
15766 62644 106221 49563 110626
15767 26411 45476 83530
15768 95846 35621 101016 97116 522 45117 34421
15769 91721 30672 89763 101262 18011 111197
15770 319 84518 95298
15771 27580 71313 3055
15772 46992 112299 42732 64481
15773 21972 91244 24044 42174 92990 12033 28833 25762 94320
15774 13883 89213 106304
15775 58577 106585 106586 109294
15776 56483 66267 36508
15777 30701 88327 88515
15778 12146 86040 11021 34308 85928 75449 65398 89539 707 56173 83704 45277 91772 107013 9400 36199 48551 95122 98493 108758 10098 75449 104334 14313 65398
15779 94342 94391 95271
15780 2276 97229 14169
15781 30774 87592 85000 78315 30510 100330 91938 65478 9765
15782 6652 41550 104928
15783 10182 49256 45239
15784 58362 1403 66397 8394
15785 20791 32807 34677
15786 91800 92354 105816
15787 85352 384 81314 75468 94335 33789
15788 20896 13754 68515 9813 93786
15789 307 101779 107705
15790 78439 78440 27248 30680
15791 92159 72269 56735
15792 61242 39865 785
15793 75895 3424 68581 15552 19676 10745 98459 9428 98814 97348 30291 2272 10221 97358 9428 102567 106225 10140 3575 65537 80346 109484 95146
15794 46841 52860 57341
15795 23688 21989 74740
15796 96791 96792 46858 49680 83726
15797 71045 16412 110294
15798 92068 32946 108333 104928
15799 74086 38799 27990
15800 107297 107298 43585
15801 94045 94046 67593 92307 109670 4043
15802 60147 14244 104953 32540 73968 45011 37538
15803 9 68838 75574 31559 11404
15804 22789 86420 72729
15805 2453 1846 22530
15806 72845 5301 84273 79811 15448 63863 103431 83963
15807 5811 64973 85942 62602 16586 4663 83214 4710 39433 5700 12192 83289 17499 412 9057 15530 81025 7164 90585 50593 23341 2366 10393 54768 1981 4281 44789 43602 19194 52743
15808 13980 71536 123 58714 7467 107677 107678 19472 41746 107756
15809 95691 35061 10975 10
15810 3651 28578 90370
15811 85520 64891 96938 52156
15812 90501 12808 96328 98063 101327
15813 64950 93196 95120
15814 89281 17905 107052 2795
15815 89787 92615 1633
15816 90118 23096 44687 19676
15817 85131 85668 80947
15818 19639 38298 25680
15819 84135 2872 24202 33328 64517 16484 84223 101963 34156 101964 2872 16484 10842 27034 32126
15820 65074 65074 15763
15821 100756 15534 17743
15822 41476 5525 13304 52060 34878
15823 51723 3932 9719
15824 5324 54790 14636
15825 41100 4331 14462 41013 29935 23802
15826 28987 17739 4356 79660
15827 24349 18703 2224
15828 85486 15555 87185 60739 5211 88293 55181 101526 101537 41036 102441 90282 59664 4293 33370 32693 60739
15829 3486 28126 93020 112330
15830 84126 57241 17460 85818 105855 16209
15831 20166 3084 108331 1267
15832 26377 83466 86605
15833 7172 87022 104727
15834 71719 73942 53020 111865 13994
15835 50540 74594 11541 24470
15836 32799 84230 87779 98422 63422
15837 91669 89800 55753 96965 8046 72587 103340 53593
15838 192 77193 105785
15839 52270 39127 13302 89020 93417 110960
15840 106140 90823 97555 109019 11477
15841 89660 37816 111649
15842 81398 89865 5897
15843 9518 19994 19480
15844 3870 43750 54041 62033
15845 5295 2996 94452 101486 101487
15846 92398 94935 35906 70467 65867
15847 9290 41701 90659 64656 34602 2428
15848 87937 88899 100673 67816 100674 48019 100711 100712 100757 100758 100776 100777 101709 105640 31425 81868 105656 106707 88899 106736 74118 112133 59076 112193 35732 112232 62947
15849 10221 3813 3385 97880 6105 82442 97949 14394 18514 13091 109148 52862 109161
15850 86246 1981 12588 62315 60120
15851 90489 74666 22271 30384 106765 107942 11487 81244 105764 21696 104457 112038
15852 101134 101135 101242 101271 103412 103413 12159 78260
15853 24399 11024 89721 831 89750 107170
15854 80631 106362 27990
15855 20421 85837 107218
15856 4517 33676 112001 10221 83799
15857 21561 5333 71789 83726 93606 35030 10710 14379 6200 106910 21561 1620 61242 3319 14402
15858 30030 42067 42069 56012 7169
15859 61023 77329 14563
15860 92139 99058 2192
15861 28470 32946 14383 77250 41990
15862 86709 88743 88744 74724
15863 86880 107547 35323
15864 83798 24392 74995 84194 77062 13161
15865 85169 62820 40425 10577 5871
15866 18535 84994 89185 89460 90711 90712
15867 4496 1495 878 2313
15868 35643 108423 111730
15869 82961 16001 53637 34455
15870 20760 89259 14436 39174
15871 89420 89421 91591 19000
15872 90335 90350 39290 67951 7820 98910 28524 99054 82620 99070 67705 70702 107397 107532 24988 49056 33266 35203 107694 107856 110975
15873 103910 59571 109470
15874 3660 9390 44418 3370 61352 21285 24349 27981 27072 22998 99890 43767 10508 5946 109000 81025 10105 2900 4384 111882 26641
15875 16362 90403 101607
15876 72069 17633 278 7116 7389 105549 106453 94123 43415 20673 108932 6410 35777 39712 4223
15877 83970 75911 43328 68552
15878 64563 86994 86995 95099 86995 55134 110764
15879 5922 86907 41634 5579 45780
15880 75121 110821 110846
15881 86822 97176 103803
15882 85850 63446 36567
15883 97882 18736 81993 39257 13854
15884 14121 3551 77767 55181 7260
15885 94699 100803 12938 111378 5733
15886 90097 75622 94502 95831 66857 2515 67877
15887 29324 95152 850
15888 84932 95932 103358
15889 41013 72364 30367
15890 1755 2330 53786 3874
15891 39308 12219 91032 91043
15892 83793 3932 73902 15316 61694 95971 16753 22329 60673 65237 87119 50990 88380 11764 100082
15893 84127 87209 29554 27990 594 1908 64329 46859 106186 97314 106666 88005 77196
15894 12062 74127 6427 32277 18431 1811 40755
15895 17711 4318 319
15896 88914 23205 30264 108204 111519
15897 10894 603 88360 61870 3614
15898 4972 102014 26890 2537 27096 26065
15899 88845 79875 41702
15900 10318 9719 319 45771 11590 77397 4017 85940 22952 99321 6073 736 30635 68583 104928 110375 42573 782 71968 109455 110521 110522 1199 2790 4894 15821
15901 1433 27259 97396 41654 11672 34813
15902 12388 88709 88710 2690 307 58810 11761 3836
15903 66905 8636 46454 6506
15904 41716 48641 96668
15905 93427 1760 13711 4365 112119 112161 112162
15906 540 22535 73801 67258 63781 24868
15907 19138 10648 101246 23784
15908 11931 14348 2661 45024
15909 91478 7458 4318
15910 15707 103908 103909 103918 107522
15911 61218 91653 1009 58492 111797
15912 6441 10975 92338 107234 47803 8490
15913 47972 90189 106822
15914 56204 307 9710 7692 1278 89787 89798 4104 95085 8194 85641 7458 20840 4212 52798 89954
15915 24235 17797 103723 103724
15916 65000 772 99381 77804
15917 40514 54907 12605 94068
15918 22952 98583 6061 21472 100891
15919 10247 11434 70418
15920 76830 9959 103496 2774 56735 3870
15921 13323 23219 1901 1111
15922 878 74127 39299 108979 83726 111823
15923 2081 84555 90870 27455 28056 107225 107226
15924 39370 90606 94346 93129 93916
15925 307 93785 1908 1328 6363 52437
15926 16712 81051 65836
15927 397 91327 57788 61108
15928 12341 19424 97348 67220 92358
15929 46144 14272 30200 62623 29554 92494 16826 102350 88384 103338 83136
15930 18737 319 11761
15931 43862 80631 61242 4710 10708
15932 8394 69544 5601
15933 42749 14217 31086 49116 94953 24565
15934 90294 90321 90327 90446 90456 67521 90764 90765 90776
15935 32854 76082 6931 27742 104595 104596
15936 78078 192 102005
15937 90005 67706 1067 82914 101971 101972 102134 20158 6732
15938 3805 1781 20081
15939 33009 83393 26753 20648 88723
15940 24823 32822 48930
15941 68095 31363 62405
15942 102953 17607 53933 103197 103213 103214 103242 103278
15943 2106 17048 62425 93664 80365 1994 38132
15944 51843 14217 5483 7103 97674 68687 102307 6831
15945 15153 87573 79975 45720 15747 14228 36071
15946 16707 21010 66996 102147
15947 5971 85934 85935 65714 86069 86070 50374 90322 82842 65107
15948 60618 100667 82597 101986 41827
15949 9443 90041 16891
15950 92306 93262 96313 96314 103212 31735
15951 3882 90439 26002 96125 62694 7389 3708 102129 833 105787 96351
15952 92944 92945 12062 18462 15813 16887 26411
15953 49515 87519 18455 34058
15954 29235 72665 33115
15955 9424 7459 22406
15956 111864 1871 62877
15957 91442 8734 23428 93610 111494 111495 69685
15958 5014 36967 71536
15959 53807 86801 99169
15960 77648 67414 30302 7583 98702 24551 28297
15961 28779 62436 54677 99823 4069 104921
15962 86793 7930 101693
15963 83726 83799 111885
15964 83672 36071 82507
15965 50610 105921 2900
15966 100136 1376 82701
15967 39548 90413 15956 35833 33837 21116 104247 78669 39681 18703 104423 104424 2249 43767
15968 90902 67877 71910 30759 98167 100962
15969 87474 87523 87536 11727 56000
15970 83506 78089 61242 84026 40720 23547 30525 61242
15971 63230 3368 20166
15972 38597 149 104875
15973 92248 92652 43022
15974 7244 787 1010 22591 4517 36879 18041
15975 90021 77383 104001 422 45063 107260
15976 61242 70602 27971 13685 32839 6611 12264 6045
15977 90743 27166 90810 93770
15978 89919 112211 3707
15979 4173 38115 91236 67877 36800 5424
15980 5424 26571 12682 1403
15981 23309 1086 39537 63174
15982 44776 102699 9003 54953
15983 13887 53576 38206 4719 13656 22650 71945
15984 95100 104484 60719
15985 26996 72303 96771 94475
15986 86746 13366 5235
15987 44230 55691 105362
15988 54041 88406 75395 39174 23088 101940 101941
15989 44230 89983 41011
15990 89787 89861 63214 54517 94015 45239 94299
15991 16563 89390 89854 8820 42980 102429 102431 71782 102828
15992 70858 43479 61242 29125
15993 86982 104367 78983 13491
15994 69253 20557 12280 39816 16345 1496 81177 102330 102334 100135 52270 4969
15995 80918 95646 25676
15996 85245 84819 90106 50418 64163 12341 6105 94033
15997 72322 15852 81284 25166 34431 79509 89201 40621 9332 75138 12710 17068 48736 4249 15852 96470 25168
15998 90348 90355 102161 102162 102163 102164 108221
15999 1766 48743 51272 71143
16000 5871 45719 165 96307 784 199 69949 71277
16001 7372 732 13930 95648
16002 88748 51986 89870
16003 5711 59506 111810
16004 86038 86065 86096 25711 92624 92633 29579 92353 90252 25208 109143 8270 32038 67877 1007 110874 36850
16005 60115 89820 90372 90378 47167 101814 19439 25489 88482 81014
16006 24823 18678 54796 3739
16007 92044 40341 99606 40650
16008 98885 67484 111831 18283
16009 30013 61815 5333
16010 12385 96589 98257 98264 5070 107892
16011 42166 16866 84927 66295 94535 103630 2119 59449 62272 13332 83289
16012 52528 51257 106151 33202 44241 6873
16013 85066 9210 30987
16014 89298 89299 28318
16015 92758 101912 59325 81028
16016 32390 66275 32073 34425 52040 105657 4372
16017 67877 76881 39390
16018 38393 72792 54796 76589 83986
16019 61135 86558 23829 27 97774 98450 59491
16020 90098 53331 3278
16021 41953 101824 23505 101825 5019 30796 108335
16022 89729 99278 22006
16023 11995 55497 90799 965
16024 2183 2787 3494
16025 57349 8856 8376 10617
16026 17802 198 18854
16027 77329 23341 102061 23547 34417 17068 61242 93325 84469 58472
16028 92804 21261 95188
16029 1633 45564 10545 31380 39657 39209 65309 4390
16030 18677 39873 2106 736
16031 90228 2530 102331
16032 60531 101232 102038
16033 3950 6435 9739
16034 6915 98236 46771 98269 90464
16035 35620 36292 4029
16036 45361 7031 12032 19164
16037 8902 87454 95298
16038 83190 83191 83192 77453 83313 83314 27341 83350 83550 83551 290 83572 83617
16039 2199 84137 84163
16040 7164 13211 65229 42143
16041 92545 102466 102467
16042 19021 76742 94875
16043 39917 53425 91961
16044 29966 4494 17853
16045 24496 105111 18095
16046 69591 1475 28911
16047 85912 8048 92180
16048 9491 81867 85231 16878 110583 66199 7031 12032
16049 90391 96343 7412
16050 15507 83129 98345
16051 3258 39849 97094
16052 6351 60589 9208 64054
16053 51520 1225 11957 70691 5738
16054 50452 84116 85335 67969 8457 91634 108360 108460
16055 87069 44311 4318
16056 90493 102556 19877 53808
16057 19011 7293 75843
16058 95655 104527 106657 106785
16059 42220 60150 48702
16060 1616 40153 99571
16061 66285 94268 96447 27679 112022
16062 7521 17141 6621
16063 52292 16818 13780
16064 12214 40061 61043 88662 34698 25923 19033 22090 4022 25163 111954
16065 41419 55561 32126
16066 83841 40459 49779
16067 84122 110776 32776 11695
16068 46290 81112 2279 19924 40146 102492
16069 86592 103501 110141
16070 26221 50523 104067
16071 56773 34799 107894
16072 85169 54796 7391
16073 44263 111961 112203
16074 12896 93123 5930
16075 90455 90471 15061 69816 77817
16076 9688 43810 6800 4104 11512 20778
16077 5298 55280 12702 3220
16078 49661 33596 87937
16079 48896 90440 30357 1886
16080 13107 40403 63888
16081 87352 40189 2827 95230 108963
16082 1225 63644 66257
16083 68761 17720 3657
16084 4496 85416 63330
16085 99430 99431 109116 4557
16086 85994 90303 5946 4120 16380
16087 2517 75257 102520 31304 110089
16088 29098 108646 59896 16653
16089 1975 61483 87226 23404 13037 14707
16090 57788 60667 18000
16091 84723 3191 3190 77472 91391 110667
16092 18762 83385 20374
16093 64668 6301 88179 107988
16094 60985 13854 25875
16095 85999 67883 102814 106610
16096 6782 33409 66093 35038 13270
16097 40244 102715 68051 50984
16098 54910 31525 103698 108833 110111
16099 38497 33211 8385 17537
16100 24365 72307 33908 102673
16101 6827 21877 52435 70365
16102 94805 71522 99585 99650 99651 40363 110599 110671
16103 87940 2193 107470 63332 63825 85102 110699 69469
16104 104361 104382 94720 111076 111093
16105 90886 73097 77329 3932
16106 51922 10823 6647 103308 52868
16107 90272 109849 13350
16108 26675 86278 105262 6441 13413
16109 86287 63012 9719
16110 10359 878 1542 33392 12606 19537 1542 41608 95836 40784
16111 19046 85166 23343 86930 56520 85951
16112 99903 16319 80858
16113 72869 91305 14264
16114 2722 96210 51934 13161 2722 110205
16115 90802 4331 18182 74572 32958 82912 7687 5905 44330 17198 78325
16116 4970 100062 63010 4158
16117 6287 65140 21703
16118 98590 73301 98913
16119 3759 40216 8829 31801 6540 5802 19975 90903 55162 72988 7190 85655 32645 3026 43086 15294 106044 34275 52633 69971 83726 1874 108780 61145 9119 108798 72988
16120 3005 102725 5211
16121 87746 97633 97634 20896
16122 28855 70868 88380 3929 6171 5828 101494 107525
16123 2817 3963 8353 67594
16124 88281 91946 34988 7613 12656 43331
16125 59653 78093 16496 15099 91243 56204
16126 84504 6410 74641 95684
16127 85385 97925 42260 95794
16128 44772 30939 73494
16129 23697 5424 676
16130 39182 40425 75553 102613 3637 3203
16131 40150 8725 17086
16132 42884 5712 46191
16133 89732 97120 88418 97407 78261 99097 8734 62493 107049 97407
16134 57298 97366 99644 99686 103489 10344 75403 30790 9101 95080
16135 51523 80244 29174 90849 90050 90911
16136 60695 10434 8255 42459 68731 24826 5399
16137 100298 35297 41670 111029
16138 8548 36234 16798 88430 88431 88533 92145 11124 59230 98648 104120 91505 111390
16139 28981 56204 14636 343 11764
16140 92787 17505 63550
16141 93743 104585 104586 105127 110756
16142 83326 90579 112188 111161
16143 56204 92674 56204
16144 60910 60371 69625 18750 107342 98101
16145 45850 98551 29898 37150 110896 110933
16146 51684 3727 51321
16147 111274 111295 111296 111374
16148 14026 25764 33054 62023 6805 13974
16149 86207 93150 99305 99306 99446 106253 106397 87283
16150 85451 26997 90925
16151 11477 2761 72734 16366 3813
16152 3114 30526 27005 16348
16153 92674 46845 46308
16154 67877 27095 993
16155 22131 85641 10719 48143 45692 83570 56054 2690
16156 14401 37987 4086 55042 102428 7643
16157 11867 23822 87783
16158 39872 5235 87920 44685 90990 9401 5235 106246 60961 18516
16159 34371 50856 2075 88696
16160 22058 90808 3595
16161 87017 41167 87511
16162 87408 17692 3312
16163 77862 9 70292 10823 57788 98749 78447 109629 12871 110803
16164 106154 9132 75526 91062
16165 48095 4089 12149
16166 84138 25773 3635 5349
16167 69295 94786 59876 83357 67095 96843 96844
16168 94469 66043 94592 69620 95988 60748 31295 96066
16169 86138 86261 54587 13278 17904 97695 82067 105011 62020 88207 45810 13853
16170 40815 589 21256
16171 108 31210 12452
16172 104369 104392 109613 60734
16173 93814 66397 49402
16174 93891 32883 60346 27233 5145 36182
16175 38247 40676 58100
16176 89128 96 97988
16177 39620 4970 80516
16178 16600 1005 91876 3930
16179 6746 7392 20792 93084 92179 65173 94685 37197 94886 67877 96662 29522 23087 39978 23639 104179 50129
16180 93982 94107 100392 53774 100404
16181 5642 43061 41877 73644
16182 4205 63872 25359 44805 44274
16183 7561 46840 42778 11388 46840
16184 4998 61145 102538 26701 40705
16185 4728 83544 59817 92909 93025 63398 93026 96027 96122 50060 79827 96123 96143 96144 96145 96146 96374 16798 43206 96401 97276 43206 96144 2126 99966 99967 36423 101285 18968 101286 101331 19516 98972 4728 46730 19516 585 26457 46780 56126 104884 40224 109061 109093
16186 92976 40880 64994
16187 5787 26783 44774
16188 44719 59810 26065 83585 1810 38008 36213 45365 91129 34417 1604 5333 92746 761 14228 72363 103113 10826 56838 28012
16189 6616 102567 10932
16190 62627 51684 77668 106528 21559 7832 107651
16191 86416 3235 17170 99475 65325 3233 107099
16192 84461 41775 42799
16193 23134 46183 6148 61001
16194 87170 104336 104337 83799
16195 27774 8094 23903 97348
16196 20056 50620 23404 70365 107596
16197 86911 86912 46858 96700 4557 4444 3219
16198 85373 48223 103143
16199 77985 99705 103133 104161
16200 86452 40783 77670
16201 63472 95298 33821
16202 50454 111613 111614
16203 98689 102367 95528 109561
16204 14013 103575 103607
16205 110963 48509 111103 111129 91778
16206 40441 28017 39830 878 98188 23132 11011 1337 785 46965
16207 307 52628 53865
16208 74253 89988 7994
16209 6383 25532 4544
16210 65877 54853 49532 47183 94164 43512 71825 94343 99976 12161 100019 100045
16211 56204 34688 9719 23192 13873 47702
16212 33879 2279 63082 95305
16213 12062 97348 3278
16214 29523 87760 56452 9055 19356
16215 57062 106625 1205
16216 29470 69292 87515 67120
16217 86125 16378 95309
16218 1471 32654 4949 7288 31503 37023 44653
16219 60851 12226 30129 91212 2079 67580
16220 23341 5290 73745
16221 85186 53450 90867 1066 12634
16222 67877 13187 87667 3317 70481 109419 10777
16223 10084 1633 3068
16224 2276 14560 94653 98123 92990 4331 67685 105397 67877
16225 95825 102716 108217 103356 31762 39699 109379
16226 66664 21292 3008 38326 35049
16227 8758 40076 40330
16228 86287 86628 45612 43220 91609 107844
16229 68717 9498 13091
16230 96215 87831 23973
16231 22789 59967 86310 19161 1376
16232 13091 60958 46834
16233 76270 58991 97470 4010
16234 13203 86531 70505 86531
16235 68506 73234 10837 100560 95003
16236 51409 76387 80443 22884
16237 2106 35652 4997 6567 85338 540
16238 12899 50432 83451 14379 17921 74875
16239 45239 76682 93865 74096 71940
16240 89855 85957 92772
16241 27660 46315 43873 22083 21991 27618 106389
16242 192 59130 106114 82689
16243 5843 106466 45267
16244 89145 71598 43433 33190
16245 92701 10669 67129 77174
16246 89080 96308 96309
16247 11 56011 104667
16248 2073 85641 7433
16249 3864 11404 9367
16250 23128 21046 103730
16251 16593 103594 68387
16252 77062 91605 36860 26575 15391 84395 44103 18536 57213 36889
16253 5424 60693 31697 87966 87967 4368 89787 41300 90364 6479 47678 64126 23550 96660 88633 96661 1824 96662 82503 39020 42090 94445 100668 9220 7244 39978 2711 13714 35923 83580 15647 343 107696 86975 1656 67165 108350
16254 79960 38206 5396
16255 59006 4249 47177
16256 13855 466 75771 99110 99111 9403 63726 5214
16257 31701 32996 45719 66623 92367
16258 25732 47650 104404 71446 104950 24701 28307
16259 57819 46374 81933 10911
16260 4671 24351 7130 77917 111702
16261 91548 96861 96891 10227 110481 104303 105969 108678 110775
16262 3739 43002 4836
16263 66736 110993 111046
16264 54903 4441 108983
16265 6188 25927 54076 8532 60451
16266 96944 31838 107133
16267 1564 71586 26813
16268 75779 20755 86187 86201 28537 41670 18920 1612 11330
16269 71095 4657 7745 3458 94443 15865 6971 80415 97 67877 7745 50521 48701 88326
16270 83626 29794 98209 2018 108289
16271 26095 37364 11885 30504 67619 25073
16272 32457 77763 101273
16273 78017 1742 30892 39212
16274 9898 63517 99478 5693
16275 95138 34366 70837
16276 92006 92022 35211 98228
16277 31071 14339 99328
16278 92425 10194 7085 3486 6083 2666 25492 746
16279 88433 108039 7117
16280 109420 19982 65248
16281 35768 71254 1478
16282 6052 1147 112291
16283 25495 94165 33392 43312
16284 87956 3515 26454 46427 89084 41588 21991 107013 13413
16285 24235 38178 58435
16286 71863 7116 103616 103650 83726 99088 27297 111343
16287 305 99255 30029 27808
16288 89738 51583 94879
16289 58513 26756 106380 84101 112306
16290 5602 8576 66723
16291 2279 5235 26183 19924
16292 92584 25085 21048 80349
16293 23512 85166 39035 5145
16294 43433 65074 111858
16295 93885 262 111469 83550
16296 5424 86943 45239
16297 57893 83739 48062 74048 2696 9907 93697 28056 94985 10147 36705 103617 103654 11389 88621 35932
16298 93775 54595 21852 98265 98266 98470 98471 98508 51822
16299 26821 31297 19445 10020 91882 3659 28833 98958
16300 59598 40407 61406
16301 84792 88838 112255
16302 85810 10840 27990
16303 91129 5333 20481
16304 18784 27014 97474 58408 13698
16305 15512 84599 17299 3002 4863 92632 110614 26489
16306 96011 7517 111681 89778
16307 17048 576 91047
16308 91764 73405 95299
16309 70068 68581 4503
16310 17328 108640 108726
16311 84032 9225 42422 3253 110652
16312 4983 79575 16639 109970 109988
16313 41446 36510 84033 68534 89581 26621 108032 82467 30669
16314 85110 5677 44449 21678 16818 96331
16315 39754 13430 37426 79715
16316 67685 3332 29809 11049 43239
16317 73482 18536 110406
16318 98004 98005 98068 32132 98069 12673
16319 17420 86842 50851 85982 89866 91284 41472 34794 44745 97826 97855
16320 50044 75246 96472 6603 25538 12128 6148 13091 87144 107879 58699 50044
16321 6940 3099 79753
16322 2800 5333 18920
16323 49869 67053 51688
16324 61746 96567 23902
16325 34417 24143 111776
16326 90845 90846 90847 48314 31154 109520 109521 110297 49913 110326 110335
16327 52043 88636 85066 84515 38132
16328 92083 92084 92085 92101 92116 2704 95487 71226
16329 5570 83057 21436 34245 15763
16330 43490 43433 8035
16331 92417 1211 91510 102123
16332 32877 5588 32877 61256 53347 96381
16333 68508 34973 22905 104723 34639 104745 105063 297
16334 61242 23751 57968
16335 76392 83987 2312
16336 78457 65000 27004 5452
16337 69911 9996 94274 47896
16338 89610 33570 27248
16339 32598 33211 15164 10442
16340 10894 58644 60953 5013 30225 89439 56576
16341 34072 53342 8528
16342 10641 73377 2465 74152 447
16343 61577 45564 12682
16344 84306 63632 44006 90376 54663
16345 83630 83684 41047
16346 84358 6147 88359
16347 10454 4327 11498 10195 6105 17939
16348 34796 41346 47030
16349 90252 104503 106362 66962 5965 10904 14932 29754
16350 3064 40388 27808 5424 92540 66184
16351 92201 101072 199
16352 27776 43479 7301
16353 91166 91201 91457 91459 2871 102261 102262 103563 109105 91459 91166 110175
16354 63433 18177 50432 63139 59808 108119
16355 6035 61735 27990
16356 92610 93413 77530 93426
16357 82285 3645 108104 31259 28272 108370 57658 61705 67220 45410
16358 4946 45267 5700
16359 1896 32348 80453 46986 8936 33409 96025
16360 27998 14655 14655
16361 6567 10742 15327 782
16362 67666 11465 95391 80244 58683
16363 88737 19939 23130
16364 83653 14469 89214 102040 102041
16365 93818 106630 106631
16366 56204 65074 61242
16367 13058 59653 93616
16368 39433 23309 38387 1061 38799 1342 109641
16369 3558 319 12094 38288 85014 2732
16370 88349 7701 84293 91570 51278 92862 14979 42877 93091 24731 108026 108027 59636 108028 67877 77189
16371 11748 89675 89681 4513 108518
16372 99491 37489 99316
16373 96263 109776 109777
16374 11506 91813 55113
16375 7133 100999 107450
16376 83017 16752 77308 7011 18416
16377 41760 69383 69356 108522 108523 31587
16378 54727 67877 9032
16379 58966 13128 77724 89176 107109
16380 71303 76307 96473 67427 109224 5579
16381 14538 12682 22789
16382 41790 63078 107313 74413
16383 1981 90775 33428
16384 83880 1779 89758 54324
16385 1539 59811 102050
16386 15882 466 108185 5650
16387 30535 45566 36131
16388 65327 43303 25549
16389 36269 78042 102744 110214 84786
16390 50095 69128 14366
16391 71522 105189 106637
16392 59441 78663 9646 71536
16393 14651 89305 89319 89454 86285 41236
16394 50719 25507 97 92985 1131
16395 307 228 94467
16396 22796 4392 9937
16397 10975 5885 8829
16398 63259 22457 78978
16399 82996 66342 91685
16400 56204 57005 103767
16401 92208 16398 22229 9582 79943 17509 50
16402 90154 12190 100020 15825
16403 92103 92364 93130 93132 95643 22107 8195
16404 25397 19214 69755
16405 9894 412 2800
16406 88945 88946 47318 56578 63775 36472
16407 9481 8019 91389
16408 28872 18320 28614 43696 83570
16409 68501 91677 65439 71776 4095
16410 84996 84997 73304 53674 4444
16411 20760 15174 13903
16412 17462 108280 48973 22515 23002 34459 40805 109218
16413 19657 15077 86976
16414 110886 110925 79597 110949
16415 307 87195 22280 99376 41660 105818 62860 36910 111532
16416 14015 98447 45566
16417 15129 101223 9210 18416 101639
16418 46646 52273 88985
16419 27439 50880 103591
16420 18824 102571 7333
16421 83117 12684 88038 26296 29388 47724 16969 43961 91578 92463 92464
16422 4949 25254 101170 73785
16423 92365 97 103541 60954
16424 67546 1256 75407
16425 88255 94474 103446 67114
16426 94864 6535 86022 34828 106069 8479
16427 9703 90500 102764 30319
16428 53314 104534 104535
16429 45239 75218 68635 4958 7088 49256 14753 28135 9705 307 73367 4318 85206 87774 8771 52435 45239 8350 52151 68635
16430 50618 70695 83759 55181
16431 45239 230 57583 92929 98532 65559
16432 89749 51683 14808 27197 2937 46858 26922
16433 5581 93320 107381
16434 92005 91801 95080
16435 34704 9729 93352 93470 50203 93507 57919 93517 92915 56248 42037 96767 96768 26094 8564 96824
16436 15713 87329 95300 81443
16437 5752 22988 993
16438 18692 6540 85921 99684 110928
16439 103173 3557 6286 6422
16440 88587 28110 3026 9985 73682
16441 89580 34634 15692
16442 10767 15341 1016
16443 409 95553 50593
16444 63372 96762 63610 41239 103774 16366
16445 93952 31294 148 56204 4614 110383 15941 104183
16446 65879 62920 53770 4027
16447 29125 4032 78262 60085 7886 91838 93782 93783 43326 108326 75187 108372 10084
16448 90884 21393 90920 90921
16449 14703 73709 77113 5581 93108 93116
16450 43223 90976 71632
16451 27088 18280 12395
16452 56285 307 67619 86887 576
16453 59416 13420 18374 89151 93877 98693 94919 52286 49228 1225 7440 18374 94193
16454 31337 85261 88057 97488
16455 89737 89779 92512 102406 102415 102603 7474
16456 68515 91048 77192 98549 904 98752 109441 111949
16457 84566 61417 74485
16458 61653 8733 22191 76560
16459 92060 92062 92147 92167
16460 59542 11228 59432 69251
16461 107339 33210 34820
16462 18385 100678 17641 40663 3302 859
16463 3366 93682 104984 42226
16464 9437 63173 108745
16465 81086 307 5424
16466 83086 18177 101456
16467 3099 20320 96525 70486 43056 96712 96713 96737 49616 67239
16468 42209 55540 5589
16469 64150 90944 80863 110097 110207
16470 72869 84008 21336 97099
16471 84296 47645 87492
16472 66015 94953 19877
16473 58950 109345 42209
16474 2526 1678 98796 6911 103765
16475 65585 62001 71141
16476 5315 50339 16207 10304
16477 428 536 100111
16478 9070 14575 43628
16479 7164 4086 21576 71968 22536 27475
16480 19462 5844 4115
16481 4030 14812 91411 2683 5109 3110 33065
16482 22052 62920 86146 66161 22052 63441
16483 2277 63644 10394 41326
16484 83120 11278 84200 22066 8111
16485 82524 84506 106649
16486 42179 79434 19988
16487 50029 87065 87066 90681 111706
16488 37963 82711 7277 26802
16489 37815 2800 2306 70097 39810 29759 43950 108919 55891 101487 81025
16490 37622 79850 38668
16491 42324 105526 1552
16492 54763 87921 6987
16493 19640 98123 11049
16494 95161 58856 24245 86952 30113 100348
16495 17254 1996 15170 101368
16496 46297 11322 86567
16497 11658 22119 1564
16498 82390 108343 49197
16499 240 60682 13085
16500 57654 92275 96333 19598 2241 2291 108893
16501 83368 104043 83368
16502 40074 3739 761 4349 37606 2459 409 15551 39766 101613 49629
16503 99796 1977 106179
16504 10101 6073 7941 68910 155 5491 84420 66614 37295 4695 52040 96724 67835 89994 101864 6769 335 105468 26580 100123 66614 6208
16505 65321 93979 102938 78081
16506 87507 6879 3019 1225 1633 100574 3117 6236 84322
16507 35707 97136 33655 97137 7999 58989 63955 7790 109072 75045 57970 27344
16508 7683 67220 76484 14242
16509 15268 96067 49193 94499 71670
16510 5588 92076 37137
16511 25567 17606 89873
16512 91928 9851 1014
16513 1388 34072 67546
16514 9948 78760 47 61705 60736 73091
16515 7163 101984 6166 3267
16516 84961 87077 87078 94848 96174 98240 98270 98271 13917 102901
16517 88643 88645 89317 100700
16518 15152 84564 84565 84595 4561 4777 97073
16519 19156 55356 82193
16520 96440 6683 6788 106379 106778 106779 12210
16521 13 9003 69046 94619 86202
16522 93135 19872 24117 53351
16523 54663 96471 16933
16524 83731 32164 93397
16525 60923 73367 25837 87837 91686 21343 89589 14932 14120 21216 30990 36909 104753
16526 18952 14676 41007 41830 77472
16527 14967 9878 87831
16528 87786 8601 27649 35415 19951 18575 107929 8601 5070 41374 54137
16529 45444 75227 21787 33610 20924 70657 49922
16530 8128 94858 95263 36881
16531 8352 68212 84019
16532 56204 37941 38206
16533 102873 102874 102875
16534 84554 89798 95315
16535 62981 47028 94594 94605 37891
16536 53246 36511 46999 95911 100701
16537 8449 14589 15938 94796 104693 104758 1961 4444 100199 102602
16538 83445 101629 4958
16539 98044 104551 15071
16540 88289 89377 29390
16541 92386 101647 108156
16542 25382 94353 103799 103900
16543 12940 129 13333 86022 46210
16544 69234 35055 67877
16545 5990 44901 78342 11330 91999 66043 1971 75601 110576
16546 54763 104928 75140
16547 13183 15551 83558 53576 69600 51637 58865 104250 108760
16548 84330 69728 43384 1416 84360 84369
16549 4269 107579 80202 42556 107623 107639 85084 107640 34445 51498 62029 109204
16550 35923 8757 10585
16551 99335 9023 47710
16552 85707 85708 62256
16553 50243 52131 25261 109743
16554 26802 1165 44428
16555 69591 89776 79860
16556 43810 70919 86268 86291
16557 95889 9705 95914
16558 38192 8748 14786 8060 99852 71579 37474 9328 22884 8283 23341 8748 5399 72155
16559 84530 19548 8255
16560 14593 24353 91932
16561 87139 69801 5238 3262 101578
16562 24302 18151 6697 108651 76731
16563 96513 10192 29947
16564 81745 18700 95691 59124 94356 99534 104460 7682 97756
16565 88154 92625 102733 95323 109301
16566 88254 100927 101463 101121 101480 15768 101491 106287 106622
16567 91216 91180 104964 45895
16568 90996 95197 97409 107021
16569 3278 2106 37295 1287 78457
16570 83820 85168 88382 88318 65389
16571 74985 61694 89409 85641 56204
16572 94769 94340 4809 72554 35740
16573 3932 11150 102250 65383
16574 87300 87301 87855 12157 78267 50425
16575 52383 88045 1199 42681 68501 4368
16576 84717 37364 6581 92409 66599 94153 94396 74335 91047 4261 15047 33651
16577 31598 20677 99647 93093 28626 78062
16578 5110 3977 102047 8035
16579 86288 53560 98765 102851 105094 80207
16580 93567 93577 107833 84485
16581 15144 85066 88639 7854 5010 85066
16582 52434 33694 18276
16583 27790 107901 107902 15642
16584 14786 5366 93698 9239 93723 93724 93742
16585 68304 14599 101775 68056
16586 56204 40451 90907 42699 22781
16587 15190 20215 35995 101796
16588 95824 61826 95845
16589 17081 87437 22429
16590 878 60023 83246 33211 11318 2216
16591 5396 33 101513
16592 88741 14215 92820 94336
16593 5219 47938 26029
16594 48070 92465 105891 28397
16595 6463 89894 106747 106892
16596 65346 72011 34425 81886
16597 39192 8548 13201
16598 67095 5811 86125 105424 4695 69415
16599 11483 27381 55053 27000
16600 88403 1490 98820 107409 110973 111060 90368 21090
16601 29058 78315 89787 4063
16602 62694 34727 7260
16603 84338 64903 91686 66925 38304 111980
16604 5507 75951 54796
16605 3376 307 4802
16606 48314 2276 69506
16607 13007 75888 25676
16608 89504 91617 50481 53477 94829 96568
16609 7031 51072 76604
16610 96899 64839 25780
16611 83477 79739 73885
16612 72384 107148 99298
16613 91947 46804 57585 72155
16614 35202 69426 76147 51419 93407
16615 72476 87029 5216
16616 105826 37195 104474 9395
16617 2949 83519 103884
16618 39262 93248 44263
16619 69591 26802 50239
16620 86532 78175 22998
16621 4157 107740 107741 110921
16622 85009 12701 40196 12960 98999 71312 13091
16623 36028 17243 22286
16624 27034 17905 102494 32348
16625 83858 101427 104636 45768 24100 112207 112340
16626 6345 111261 111333
16627 72012 55500 85114 1320 69747 23341 37523 85155 14284 85521 85537 14736 41701 1141 17499
16628 20550 67797 23973 41588 2338 70066 10344
16629 91668 100 26805
16630 84473 32776 84524 58137 61242
16631 8837 72719 4304
16632 103182 1125 98512 12347
16633 93638 26678 103504 108941
16634 83463 64945 86136 86157 8191 2000 91544
16635 30284 12907 27503 72389 84597 84598 42179
16636 9622 65598 34813 22324 11764 33860 56498 2551 82685 7953 1846 85641 5350 100925 36245 1462
16637 9922 18854 291
16638 8221 69199 51934 95194 95195 95205 92951 76567 95229 52950 73148 84881 18454 61235 407
16639 90364 75382 5752 45720 307 78807
16640 57241 62610 92191 14403 25784 86230
16641 55865 44066 30748 39892
16642 53391 76272 105943 107240 335 91241 66723
16643 28350 57349 13171 16755 54529 27815 101291
16644 83230 603 307 104857
16645 61464 29426 94337
16646 86900 86968 27372 92169 92218 92219
16647 5819 100248 106555
16648 58999 84097 47754 63446 65751 48256 86486 91437 91438 91597 73228 98701
16649 22418 23341 43144
16650 89961 5901 98719 99338
16651 11046 72155 80607 7253 81858
16652 93737 95474 18784 111254 111828
16653 15799 307 993
16654 7295 4112 29265
16655 83747 61694 50874
16656 16366 51422 52022 71875 31327 60274
16657 87239 89900 68668
16658 1871 86392 43940 69549 21471 10393 67877 101719
16659 38233 72012 48033 13974 1225 31086
16660 52624 47426 81991 24139 105128
16661 67818 28746 75068 108928
16662 83987 76272 26802 9705 31917 12499 1165 64279 86193 14847 103616 3908 2279 109583 1243 108013 7144 107268 13366 77999 84783 67877 76441 63029 67594
16663 177 1604 47587
16664 69863 9665 40310 84887 51057 15178 87287 31115 10258 4942 111058 79887
16665 2589 11352 12345
16666 18790 21241 14180
16667 50339 2690 94992
16668 2276 29636 15972
16669 46747 90443 41076
16670 65821 32502 108697 54477 108906
16671 5391 97294 97608 51486
16672 5901 33860 8244
16673 8770 17983 319 47938 67772
16674 80765 5843 72423 10392 61242 4935 23049
16675 11022 55181 56714 41974 79866
16676 6 88806 14090
16677 69292 16597 107281 4599 47360
16678 31571 11689 72505
16679 71604 99541 20390
16680 86936 86937 90694
16681 96200 105402 103871
16682 80391 108377 108394
16683 39981 57416 27401 6286 10777 97769 100102 79163
16684 17738 90437 102229 870
16685 6087 10227 3046 43161
16686 12844 91650 55760
16687 93059 2192 4935
16688 398 6949 55042
16689 4302 27966 35867 110720
16690 91096 91097 40923
16691 85063 91953 39993
16692 96859 70474 66542
16693 41588 100598 84957 5845
16694 109155 41528 10313 16627 109195 71514
16695 109716 17496 6
16696 74056 40434 61137 101006
16697 100283 56011 64651 47409 60108 111459 307 4104 111641
16698 43225 89232 89233 89313 89314 91113 53136 55857 30596 94112
16699 89352 7174 4075
16700 101874 31130 28331
16701 86159 86191 13159 95533 24993 111893 111905 1465 111947
16702 44803 9688 37963
16703 87024 93055 19490 103290 98218 110746 110773
16704 20778 2276 29086
16705 4327 71307 93239 29125 62527 32325 21815 68752 103683 85286 68730 103684 103709
16706 13308 87495 82213 33713 14750
16707 5452 57942 25595
16708 23861 34685 52420 106473 70994
16709 97256 57522 14355 35615
16710 86786 65877 11186 87931 75131 88528
16711 90457 24484 82213 22857 101027 22357 79126
16712 31122 26790 31373 46552
16713 60274 69591 33090
16714 67220 28952 67411
16715 93654 62389 16812 78945 55835
16716 29621 14158 50029
16717 69731 84440 69685 15898 84535 84536 85127 21103
16718 88713 62266 9058
16719 89807 50224 38497 55947
16720 29898 93289 11278 24598
16721 52950 91901 93719
16722 23973 33075 33211 1496
16723 23349 25784 89022 10779 35740 23349
16724 86037 58520 90225 36598 25552
16725 80284 7164 11080
16726 84024 26436 4302 45239
16727 53210 61087 97631 16345 15345 38799 48896 92038 36078
16728 23505 2053 16585
16729 13207 9193 307
16730 8035 1397 12414 1579
16731 25521 1462 27413 61008
16732 16542 8518 81085 285 73955 10449 38597 29346 96734 12207 5499 72261 71277 55975 75168 110858 95381
16733 96925 107073 107102
16734 85110 84554 1785 6037
16735 53071 84834 6940 107910
16736 87971 62001 46334 46290 32040
16737 48207 63355 88680 80954 1495 65088 831 1720 93137
16738 5880 110021 11336
16739 42546 6982 101349
16740 83504 5286 83505 44613 16115 30601 76200 77794 91604 13570 36889 35602
16741 84894 84981 13410 96648 98103 98104 98543 105471 108467
16742 5311 64135 5491
16743 18065 33054 93609 57631
16744 92801 101819 101820 11079 104455 40338 55171 6139 42952 15850
16745 86515 59691 85317
16746 24320 53674 14786
16747 83657 30939 50310 77794 9210 26395 7190 27095 45807 95444 15735 57173 62370 27389 108082 18165 105828 108265 108296 108297 108298 105572
16748 33546 74424 33219 74092
16749 12207 11764 9749 100817 6521
16750 17525 9421 27 47729 33190 96984 31788
16751 47938 1256 47938 88716
16752 85897 57206 38594 95424 95606
16753 19267 40515 103152
16754 93749 66256 5214 43602 111213
16755 15325 3929 55042
16756 93682 64182 36655
16757 88641 31658 71865
16758 6697 8207 2612 7336
16759 48625 67877 73769
16760 6633 23679 50185
16761 32513 6449 67878 2192 12110
16762 97365 91230 97487 4629
16763 14217 93210 9725 104664
16764 92683 52434 68476
16765 55431 12431 42179 30593
16766 55323 39560 55306
16767 20784 87697 8994 57777 15325
16768 83159 103105 103544 105416
16769 43522 69340 78624 78974
16770 6979 14026 95046
16771 67877 1007 95813 13855 2666 101253 108181 98167 109886 5755
16772 43689 40578 87827
16773 4157 33809 99625 99626
16774 81292 107818 33669 107837
16775 96819 96194 67041 106364 6462 16317 107433
16776 717 47473 6083
16777 69904 3161 17881
16778 23697 3173 76272
16779 24648 67108 15501 68132
16780 38229 83469 89850 38229
16781 93005 79126 2324
16782 57298 105840 19676 83530
16783 12347 109194 10884 76019
16784 102315 9206 111159
16785 46239 68237 83799 76623 1119 71027
16786 98817 487 78028
16787 86043 31928 46755 92363
16788 18429 6845 31115
16789 11599 60361 107069
16790 91463 105426 105455
16791 56204 56011 14696 29522
16792 87358 42490 51754
16793 29898 32987 109878 110119 110120 110190
16794 12341 96246 97441 45016 67316
16795 6128 68456 71307 2224 2224
16796 24740 75663 85293 92446 92856 96895 98462 40151
16797 97521 98804 20295 73755
16798 15846 13538 110839 110840
16799 2499 37962 76561
16800 11663 25544 4857 42517 23022 88591 11619
16801 88764 14857 45692 29438 83337 13195
16802 83795 22352 21365 95913 108240
16803 29059 100743 50885 20210 85878
16804 83987 9467 398 96969
16805 99618 63596 100070 100071 100100
16806 70733 71536 998 12427 45528 104928
16807 93959 94764 44209 95839 108705 109354 60845
16808 75911 63622 77324 105123 107863
16809 103789 307 107362 10400
16810 29388 43961 26296
16811 73205 1110 65000 54768
16812 91666 20018 43754 75364
16813 35896 50374 59852 36291 101093 101110 36830
16814 84836 233 92785 93197 94563 101418
16815 25574 2277 91509 38058
16816 71799 91085 69949 91090
16817 45783 108924 109147
16818 80495 70858 1330 2833
16819 75039 69094 10117
16820 96225 107806 106980
16821 83983 44095 10221 6347 8094 92132 35831 1225 1328 61164
16822 86828 93179 96349 96663 99291 105386 109067
16823 83360 63524 18213
16824 95318 1141 68456
16825 29097 59429 28127 38 46319 18222 8504 100994
16826 8350 16208 6443 3932 3842 8757
16827 50432 14260 19502
16828 32598 30630 20531
16829 20166 84464 106611 109178
16830 4535 2119 5645 20166 47811 15706 41286 100629 105347 105364 73064 10983 6289 4935
16831 89413 37226 92519 9312
16832 307 8496 5872 41717 17694
16833 98439 90098 9655 110038
16834 2281 4032 106873
16835 21888 26164 17651
16836 40885 87153 82935 87194 7144 53865 74510 34796 82935 98965 104637 23184 15532 86597 18276 110906
16837 61242 61757 88014 88034 90160 11724 69805 10092 19537 103727 108510 88014 88034 70064
16838 88295 70580 7211 16081 24813
16839 87581 57026 69689
16840 25343 108534 36747
16841 4736 335 12062 83799 8255
16842 61512 9648 85115
16843 24089 41020 84232 84233 38751
16844 63985 98361 45564
16845 61043 33471 22090 82847 58033 4598 6587 88488
16846 27695 86717 14837 95940 25879 96283
16847 88521 99652 74740 8075
16848 88953 21233 16130 89399 89437 89438
16849 6721 30 97 6575
16850 74127 1370 104216
16851 18823 34221 38690 50003 110817
16852 15150 89174 27833 90081
16853 69215 37166 2790 102683
16854 20085 89327 11716
16855 1113 29753 110856 12347
16856 4077 14139 94121
16857 21941 74215 106362
16858 43651 24521 43220 48832 97373 99341 6007 44779 10005
16859 172 83116 94549
16860 4340 83850 7034 3122 53484 104360
16861 15533 2052 81724 16655 84469 18784
16862 56204 39978 489
16863 95115 32020 53275 1141 108740 29671
16864 56817 82536 98169 36379 98170
16865 54753 96963 106389
16866 14248 5824 5859
16867 97198 108747 47448
16868 62377 7929 19253 67360
16869 51429 13711 17713 2338
16870 57202 22102 13262 5267
16871 97211 98090 98091 110091
16872 20559 104410 53771
16873 65908 82724 108057 2277 23622
16874 57088 101544 69681 106031 109606
16875 6030 11761 27349 5858
16876 29646 9290 39275 14558 108904 108913 29353 84639 108982
16877 26945 11796 10394 80855
16878 5251 106824 58730 41013
16879 57005 1067 96682 13893 96721 63369 98175 33927 37621 99985
16880 85044 67787 29076 109428
16881 42936 42282 6479 37226 99087
16882 3481 70588 47587 22551 69270 7244 74202 9655 5844
16883 15294 5748 65327 6486
16884 85348 85349 91960 91961 92811 76855 37612
16885 6236 68975 69952
16886 87054 934 84003 9401
16887 28675 3022 97033 18234
16888 62946 12036 40358
16889 8094 4970 66596
16890 102504 55565 104882
16891 85450 48444 13830 105000 105001 22511 13830
16892 1181 24573 34245 15846
16893 94090 94553 102087
16894 35435 34072 20083 62475 7519
16895 25711 83934 45264
16896 59363 17788 897 18287 97673 97968 87040 31565
16897 83267 15659 83267
16898 83967 59109 21972 1578 4931 5230
16899 14753 409 3842 2817 80278 94426 85347 58398 64746 16231 58644 19670 6970 277 101940 844 62932
16900 44985 13184 7520 39812 11565 78067 87870 5008 87914 49742 90621 5806 61020 100464
16901 89489 69301 94387 72800 51449 99648 27 25709 731 69301 22041 18167 111486
16902 23733 93853 104474 24117
16903 60967 87382 23822 100021 34704 21080
16904 15763 68546 52435
16905 8418 58055 37110 15938 1127 15752 106023 19191
16906 5828 28557 95681 55628
16907 90108 45182 84746 28387 40871 784 10814 45719 69627 71317 80851 106385
16908 56837 81131 101657 82807 102984 98007 104681
16909 91917 18295 109287
16910 106797 27503 49380 42778
16911 89240 33209 16991
16912 2497 38734 29978 33409 8158 67981 26928
16913 16249 95396 95397 83375 95547 44443 56462
16914 81893 24302 37104
16915 18773 10108 15771
16916 13080 4157 6705
16917 44276 6561 83595 86166
16918 67740 11907 25020 4513 2928 63523 1612 10063 47120 97945 13840 98007 5070 19947 98386 98387 86133 15825 53801
16919 79136 2415 87705
16920 89815 67443 103539
16921 88649 111130 111160
16922 5608 37218 3516
16923 2794 106362 319
16924 75471 106906 43706 17525
16925 55442 51467 199
16926 641 32990 95641 641
16927 86873 12388 9705 101821
16928 74920 58554 1776 42768 20166
16929 25294 51810 98725 51811 55864 100666 37628 100769 34649 104366 51766 60635 104976 62056 107404 78802 110199
16930 94468 83633 13246
16931 92606 69500 14653 90811
16932 87830 59939 24492 50383
16933 89727 105263 12682 6055
16934 8394 97544 27573
16935 47485 2276 73553 23605 43558
16936 4972 11591 1474
16937 45239 16426 73449 67877
16938 73024 5984 100128 63054 48601 100274 103935 82202 16727
16939 95178 28868 6543 31192 16627
16940 9646 91552 27694 104066
16941 3883 75062 110039
16942 71536 4536 71536
16943 35203 100298 31389 109933 24396
16944 94138 7999 94161
16945 106038 20972 106120
16946 2669 4857 80266
16947 41761 71011 97763
16948 27143 91116 91742 91743 95382 13010 26372 29125
16949 83129 87252 23547 49256
16950 94047 10221 66962 94111 24320 25502 1328
16951 5335 8252 69575 70716 74202 106488 1297 20652 11169 106821 8160 2052 41687 108899 14567 4372 15498 3489 109024
16952 84280 87770 87771 102278 102279
16953 51950 54906 78052 78176 96800 42412 96817 96827 16438 67815 96828 6871
16954 85628 79702 40525
16955 76282 111931 111953
16956 4327 88230 40000
16957 86678 39933 2314
16958 45719 53067 41126 11070 13247 5333 57417
16959 65247 412 7301 56517
16960 86219 44499 103244 103245 10894 110377 111445 7190
16961 280 28470 1531 1908 13377 68223 13643 25020 126 5085 55156 1497 56694 16116 36934 26982
16962 110677 87340 111140
16963 80773 93373 88184 105017 105018
16964 5413 66443 3389 10619 33355 11536 2277 31079 97007 38233 4571
16965 2618 95805 60487
16966 15578 14401 16670 7848
16967 20275 36712 6040 668 9392
16968 88579 101806 101808
16969 3346 28866 109576
16970 19151 12001 10319 108514
16971 61031 5596 111983 1960
16972 1975 107262 63361
16973 1722 101557 45239
16974 3039 103647 103648
16975 60023 11161 18524
16976 45103 83958 84021 83522 64196 105098
16977 32336 104246 54583 64897
16978 13974 85499 12275
16979 87092 87327 11266
16980 5536 16022 7526 51637 80631
16981 33678 97669 97670
16982 14386 71541 1908 49316 6415
16983 19105 42768 50252
16984 55196 2234 87231 98527 98528 99218 99576 99577 109314
16985 2341 19170 99014 106520
16986 76916 84630 104094
16987 36867 60324 95006
16988 4536 59973 28564
16989 37808 84293 26035
16990 85197 3210 9329 55497 92647 48351 44403
16991 5922 4639 1564
16992 8661 50719 35314 18823 67877 77887 2429 307 28177 72011 105126
16993 59319 94422 94423 94525 101050 3091
16994 66738 86566 78827
16995 86125 86126 85110
16996 44102 100867 101764 103736
16997 89846 51673 94305
16998 86558 100063 106980 108482 55985
16999 12725 57059 33600
17000 78575 93569 93570 93571 25538 81140 8343 93721 93722 40734 44782 103714 103715 31572 33698 103937 103960 104170 104193 92388 105285 105383 70633 78201
17001 91545 64447 94861 34821
17002 42303 1495 53409
17003 77925 40842 99489 17904 34884 96466 110518
17004 19153 48406 2258 2848 55735 14786
17005 86660 97021 97022
17006 21622 19126 6205
17007 27588 95747 97989
17008 91434 6430 27423 109740
17009 83125 277 59006 52339 56694
17010 86388 94941 94942 44381
17011 3086 44772 38793
17012 84447 21166 90080
17013 85156 19823 44777 105739 108598 62439 58223
17014 67220 85066 5843
17015 319 6622 52435
17016 89798 19106 101757 104403 4249 36754
17017 93441 63879 97019
17018 15616 44793 15616 15616 35906 4145 96474
17019 84182 62876 46197
17020 17328 39657 5314 71472 14852 84078 12680
17021 89787 45239 25711 91517
17022 45192 16366 102544 17812
17023 94480 94481 98276 111583
17024 1531 13063 77159 104448 6751
17025 9727 99020 99021 99261 29664
17026 86715 94479 67397 65453 100715 4013
17027 15642 105081 44440
17028 30960 56204 110953
17029 28833 14449 49863 59912 46707
17030 5858 52021 84630
17031 50573 85870 82132 86659 86690 62644
17032 86715 93250 4147 55614 34682 7909 13018 10807 47175
17033 4110 43075 90400 5780
17034 85148 85149 80883 104561
17035 1287 47760 94626 25389 55972 111144 65921
17036 45239 56204 45239 31464
17037 54796 13249 92808 80631 3932
17038 8083 52434 67099
17039 5219 15594 93262 28841
17040 30004 58327 7044 104511 106720 85498
17041 73709 10975 99910 99911
17042 356 93273 109829 109830
17043 81756 87179 105564 41434 106262
17044 12025 5427 42209 101253
17045 19248 45689 36794
17046 39914 65967 35395
17047 69389 106489 111321
17048 11079 92040 75156 59028 15886 57258 82056
17049 14648 83164 95101
17050 84550 84840 81183 85001 53486 9917 88315 64375
17051 72845 94335 57070
17052 90875 15486 106691
17053 5135 13304 104764
17054 37192 82189 15865
17055 6975 19529 1961 47423 69440 40075
17056 1920 75622 27083 9391
17057 89002 101536 104288
17058 20472 87790 20635
17059 18984 4212 59148
17060 26604 29189 42143 97378 51010 6944
17061 96836 34071 4969
17062 95480 58198 95513 46699 91451 102183 102184 48989 101664
17063 71701 54938 109659
17064 16366 8246 45330 9903 83526 32146 29139 103781 106599
17065 37316 85040 62596
17066 19839 55838 25218
17067 86839 58344 86855 87888 60798 44203 257 98034
17068 15883 3902 83214 4627 1994
17069 4302 15771 110227 29125
17070 56215 6075 95483
17071 10773 105482 52958
17072 87027 13007 80025
17073 10182 16887 13806
17074 8610 72933 35168 28918 107649
17075 7160 29888 109577
17076 69292 19480 18134
17077 94189 3765 16655
17078 93762 93968 106810 106811 86491 21005 107359 107869 108080 108736 109034
17079 80632 42467 17561 12673 8629 9358 11299 107709 70018 42588 107770 15582 61242 61571
17080 67159 71394 26516 48402 56077
17081 87583 30892 90451 77644
17082 86023 97550 49827
17083 89422 92893 95592 96453 51244 35582 111187 576
17084 2320 56011 56054 17068 97850
17085 45095 6057 84786
17086 88053 92788 84095 3530
17087 32219 77294 17105 80790 20056 11611 19099 29189 45988 26669 56735 110597 111016 14090 11611
17088 57005 83129 22405 993 67877 9050 19342 5499
17089 56054 96972 18276 56204 91993 52629
17090 89562 78342 11049 4318 23481
17091 18677 16178 98976
17092 2369 92222 79654
17093 30261 83687 63368 94831 111299
17094 30759 86200 49515 32457 47938 18217 67877
17095 87800 5924 99016 80808 106209 87800
17096 2224 35458 1988 86187 9118
17097 33879 4151 99047 42179 103865 24089 72924
17098 57952 3864 24650
17099 35582 96176 107524 82428
17100 68659 17048 23515 34235
17101 68219 31891 41891 107375
17102 9719 45202 761
17103 104928 10116 7405 81713 83136 6537 107868 107632 106887 4513 1722
17104 84311 434 488
17105 104833 4468 29898 15269
17106 28537 2154 91729 88596 65085 8033
17107 6351 53331 93316 41636 93471
17108 87371 95375 16800
17109 45239 85228 40592 85229 319 567 85241 85315 38035
17110 33789 20166 35316 3659 53865
17111 35479 15961 97397
17112 67877 5424 18323
17113 90929 25992 12845
17114 28247 82067 96383
17115 86263 110032 2349
17116 62033 49997 72043 84630 49367
17117 85570 45780 16369 22951
17118 85735 85743 16913 105247
17119 86621 87571 7767 66102 43082
17120 108 89450 1145 44241
17121 823 93494 29688
17122 83044 3353 94435 105328
17123 92638 92789 92818 23086
17124 96495 90935 46203 31294
17125 75848 62374 86039
17126 74083 14596 10253
17127 230 2620 108730
17128 18736 2106 59811 101049
17129 79304 7365 45306 75858
17130 48449 62992 87181 79432 14718
17131 33713 58684 109005
17132 12263 82049 14217 99551 106846 106847
17133 61404 97399 11366 14858 86887 16587 36187 772 106956
17134 70785 71911 111874 111875 111876
17135 99602 109277 10489
17136 37131 29443 94467
17137 19910 2800 13654 34260
17138 14895 29125 3151 13832
17139 55044 98218 30103
17140 85041 45239 32396 55338 58889
17141 56957 84474 84916 80044
17142 80151 29125 9058 402 26802 28892
17143 45239 5424 92550
17144 39339 4319 36280 95760
17145 94911 100420 74377
17146 95636 1161 10812
17147 64148 9467 102264 32694
17148 93144 93169 94347 54098 94383 79377 11889 97020 97075
17149 97485 98439 23238
17150 102718 37800 67877
17151 20752 94427 9482
17152 93133 93134 93495 72630
17153 71940 16380 26029
17154 72011 74258 97874
17155 25562 5139 81713 18820
17156 13171 33837 8705
17157 85043 8037 55118
17158 87204 90709 52599 102724
17159 68761 41126 7854
17160 86053 3584 94647 78226 94648
17161 20677 2455 11540
17162 1111 108195 6689
17163 92055 92056 92057
17164 49765 28012 31991 78613
17165 61295 29299 34486
17166 84293 96960 97006
17167 87560 894 33874 24856
17168 60275 71038 11174 46096 8446 110929
17169 9739 89894 19269
17170 2192 40074 34727 87815 2052
17171 90596 8490 90602 12062 1471 93900
17172 4249 98267 106789
17173 92975 78226 92982 14366 38362 63358 96832 104708 92982
17174 48443 27046 89525 93036
17175 99535 99536 3219
17176 52073 86791 86792
17177 42119 83424 58456 109275 57757 4567
17178 75314 91292 109963
17179 9691 36036 106989
17180 27750 95392 2405 11918 78548 101894
17181 15069 19923 99452
17182 104436 12149 27990 104452 100777 29318 61483 35771 85407 53128 11699
17183 69141 70708 19994 86673 86697 86730 86731
17184 88840 2256 107467
17185 90748 12725 41286 102449 4657 106312 4970 108809
17186 76770 91262 59337 91561 102046 51511 1030 45680 109461 109462
17187 1287 576 7891 749
17188 33 42780 91927 93077 43393 72665
17189 13208 16903 61491
17190 94397 103587 17184 100296 10686 58135
17191 54047 64931 76355 108191 2224
17192 87578 87580 95905 90721 95992 19970 96715 103130 103134 45558
17193 84869 6982 87280 87322 78372 5745 98855 98869 99236 23196 6982 48737
17194 85761 104577 107372
17195 4039 65799 93068 71968 92374
17196 23972 47350 18717
17197 83098 34335 8635
17198 93083 96969 107290
17199 18266 68325 94059 10014
17200 61031 73289 22562
17201 80173 29099 95666
17202 87161 50129 4975 42572 17583 7302 71830 88818 59298 7124 57155 70859 99232 29462 99403 71663 55956 6026 112202
17203 42024 28172 103357 51981
17204 48199 40895 93787
17205 15000 18310 51567
17206 103990 12921 83124
17207 89515 91215 89189
17208 18287 59006 76272 4990 111262 92584
17209 86355 110570 38734
17210 56011 94122 22106
17211 76731 99135 33962 109773
17212 85603 58362 79061 9969 97382 53674
17213 7434 27700 43452 38084 78751 96276 96277 96278 31632 108379 1717
17214 6185 4445 86276
17215 38565 50811 84469
17216 12036 54796 3662 319
17217 41274 15404 95628 3350 7643 29060
17218 25222 6498 30029 14264
17219 73353 5858 80319
17220 10489 92327 29381 25837 1772 24235
17221 88950 8966 31264 52435 22468
17222 4112 8673 12341 86133
17223 56735 68738 72422 56735
17224 53059 92315 101289
17225 67307 93238 93247 5804 93269 10561
17226 35224 51389 22251 109847 10582
17227 86521 26269 68303 45977 86890 86891 86892 86985 86986 86987 16798 2276 87046 18784 11403 105197 105199 75845
17228 2106 50129 45782 63036
17229 3220 89703 13423
17230 79621 1125 45840
17231 89563 89564 40885
17232 69229 36184 62181 38528
17233 91053 42706 2603 20196
17234 32450 23728 83842 2216 94075 94076
17235 911 103489 1328 14942
17236 82956 82957 82959 82960 102512 81955
17237 94232 93528 82674
17238 21965 47972 38230
17239 92874 96988 100372
17240 15651 27598 106484
17241 65074 25262 77952 956
17242 48844 96689 23341
17243 40695 95813 2833
17244 48872 47853 93792 106941 107835 111735 111736
17245 57491 14141 106461 14140
17246 278 46074 43602
17247 20540 3121 5400
17248 6732 79218 3432
17249 8028 60435 69449
17250 83651 28529 72420 8842 3672 72665 27754
17251 94000 108632 2949
17252 46088 12210 91522
17253 88186 107603 4047
17254 28264 31250 61366
17255 83987 96307 14007
17256 109726 111600 62630
17257 8814 97918 110739
17258 1975 13124 2757 671 101548 2854 34280 102489 9068 34282 102522 9932 29125 3822 14082 106627
17259 58734 33279 8037 10308
17260 12040 23924 84959
17261 47030 6847 96486 75760
17262 52311 9709 20778 6524 96105 80881 1661
17263 42644 20275 30516 67835 6507 6346
17264 14410 64719 96267
17265 53619 102776 35742 68624 102834
17266 85811 16555 100278
17267 35894 39712 6173 2599 98305 8091
17268 103668 103669 103670 79362 103859 11500 109778
17269 45771 31328 91299
17270 1278 56011 83677 7366 81985
17271 14876 55758 84709
17272 3148 106960 36779
17273 68967 23867 111010
17274 16727 106241 99096 106282
17275 20098 63057 79825
17276 5694 94653 111022 98583
17277 94950 107717 107718 2368 75407 109550
17278 91674 23954 93370 93371 107295
17279 53391 73258 79091 44388 1303 33004 11129
17280 14777 64651 7012
17281 44103 3210 3805 5977 103720 103721 103722 103872 103873 80944 111996 111997 112081 112103
17282 17908 15391 41013 63600 16755
17283 31330 76349 52435 10021 108256 30305
17284 71276 278 71536 63931 34417
17285 95772 7980 59245 77887
17286 39385 254 6796
17287 86055 9132 663 89294
17288 23505 96007 4958
17289 20446 88848 59140 76097 28857 16681
17290 1715 65839 54840 2790 101900
17291 86932 94303 82193 12970 13111 105918
17292 5424 90252 25262
17293 105964 83337 19409
17294 29807 89193 96044 80631 103489 6331
17295 62490 58669 41013
17296 9808 12380 111764
17297 6003 14928 107044 107097 6003
17298 19994 87227 55574
17299 86800 55452 92526 67748 107253 109796 99376 109915 6349
17300 4281 79775 95384 99118 79775
17301 13731 46323 97124 97144 68156 10775
17302 12780 38796 37324
17303 3210 67546 6836
17304 3589 18543 49265
17305 18588 68479 319
17306 28892 36078 11049 96969 102264 9467 102844 79763 71728 15682
17307 68823 17522 72311
17308 73148 85427 85467 30593 62440 106351
17309 4135 4341 18034 5091 64537 62181
17310 88133 2313 36053 104682
17311 29636 72155 1814 103776
17312 1781 92957 95676 95869 96684 41 28045 16587
17313 82954 86389 25848
17314 4129 40788 24972 4327 12859 20694 52199 4433 110185 17555
17315 9826 75772 34810
17316 60667 61107 2314 4321 7075 69742 42778
17317 506 1630 100742
17318 612 58644 67877 21678
17319 23078 12210 7980 85183 50293
17320 91782 91783 48737
17321 1633 23088 69950
17322 56011 95554 101179 307
17323 61242 80631 6236 39174
17324 51329 91137 13023 40426
17325 15260 88247 88248 88507 88508 88509 16845 16844 88753 88804 88805 88836 15140 88880 88900
17326 15186 89211 94049 29056 100379
17327 95888 1860 44346
17328 641 109618 112174
17329 9688 38599 24246 56624 2224
17330 97643 97644 105894 13124 105911 105948 105949
17331 83992 46094 59723 46094 107014 14854 104654 10077 111847 15743
17332 83665 41132 68823 5214
17333 90278 28716 46564
17334 6479 61846 1656
17335 18211 99150 24367 17956 36694
17336 28310 3528 109741 96898 110557 22217
17337 38213 94732 39141
17338 36892 12993 60589 38943 6086 15736 51578 95508 95515 21290 7636 17594 51449 33003 99649 12725 7116 97533 14518 15452 105976 106614 95053 36078
17339 56011 56204 73948
17340 80459 79386 10816 37807
17341 42052 101429 47782 64651 13030
17342 100900 96768 92973 101131 101283
17343 13832 30629 29125 80456 3575 20632
17344 521 91886 93270 106592 11885
17345 67220 42223 90773
17346 27343 90412 10523 9650
17347 42665 27990 1207 81183
17348 19490 6779 48684 109940
17349 39549 6971 99384
17350 56753 73553 20210
17351 6683 85709 30076 16927
17352 40720 20196 75770 23543 13883 108420 84070 108421 79126 9448
17353 6737 6782 53684
17354 79861 83528 85569
17355 83987 83129 18041
17356 594 3646 785
17357 1103 10179 69591 9852 48747 90053 49256 19847
17358 3048 69 7300
17359 7302 14436 84401 12687 1871 4046 94996 7031 23953 41100 81112 35768 67427 76272 98468 75985 79850
17360 34194 48567 84630
17361 56204 11419 83672 97131 73454
17362 27084 12988 108070
17363 150 65099 18134 43602
17364 2368 42143 77397 95458 94652
17365 9867 7302 41911 4528
17366 85159 85160 85262 48221 88756 95796 54519 9068 106301 13832 106373 21116
17367 5601 59410 8744 3185
17368 1297 92681 165 34417 68687 75739 100105
17369 86951 87003 87004 39346 107763 107843
17370 88750 91775 47789
17371 30095 60948 94470 95262 70339 36582 34 11996
17372 42913 28509 48060 10070 35343 56720 50129 45603 28050 3625 97392 29523 14690 91027 79295 42572 108735 41532 110524 94720 98563 80244
17373 86413 71598 20780
17374 2286 46761 96435
17375 4441 23238 8315 38285
17376 61616 99818 46764
17377 3805 407 67877
17378 23884 68443 94637
17379 34 97592 1218 51400 69150 34
17380 14082 29125 18782
17381 52743 67685 98084 95535 105943 13249 30029 96482 77329
17382 74586 84912 34022 14996 99398 5002
17383 58013 94781 95431 39274 37585
17384 86942 68745 101707
17385 5097 15319 89133
17386 83907 35299 7103
17387 90733 53498 6737
17388 92810 96555 96585 96626 53983 94005 25657 56373 11613 103588 64887 18138 365 51178 74141
17389 83364 52121 78744 97198 99693 109397 98553
17390 95356 95686 111728
17391 3853 2912 46857 30557
17392 62601 73553 97379 305 9381 10828
17393 67986 13832 9948 7295
17394 73161 33147 33842 42445 32171
17395 19315 18854 72011
17396 24972 22884 81212 62216 28050 85648 5845 49033 100754 15790
17397 15736 2279 67095
17398 88656 99868 29557 111039 111040 111081 53063
17399 56204 17058 100160 1810 60480 5828 38096 412
17400 87861 14276 91990 92347 43583 109464 66923 109464
17401 6288 9996 6462 19246
17402 22006 829 46088 5145
17403 48839 13832 3789 11478 110649 75350
17404 50315 70051 92793 80810 100998 36042
17405 63307 12 17227 96466 111659 60246 72505
17406 83650 33275 56011
17407 6167 19951 5716
17408 70598 54882 6614 2661
17409 7265 86836 86879
17410 86558 29470 52435 67848 109310 106362 33903
17411 34613 1441 42613 73027 29043 69012 29595 71473
17412 20018 60233 93651
17413 90742 92801 92802 43684 68245
17414 33104 46770 8845 2627 90491
17415 83415 86797 84632 25889 27567 98023
17416 66023 11366 10756
17417 335 80631 93946 1785 108970 19173 57277
17418 71131 108543 50680
17419 65000 6970 6732 14090 45771 100067 6
17420 1857 79182 41588
17421 59848 37975 85066 761
17422 107066 11996 9400
17423 7297 1368 57671 32393
17424 107394 107395 111959 66937
17425 20481 17373 6167 11465
17426 81658 67220 21760 67519 86887 107521 4946 26411 71586
17427 32073 62895 76272 11654
17428 34898 13855 84947
17429 12822 76831 896
17430 67244 1832 88441 15373 5526 96448 37295 25886 60415 84272 31229
17431 87854 230 56054
17432 8469 86821 1382 1433 15529
17433 92146 64651 92670 96354 71910 1920
17434 85502 85503 87210 92107 88671 98239 109526
17435 4970 11330 96 77727
17436 3085 2970 2371 14840 13930
17437 11359 25180 57261 19422 100175
17438 28537 43368 33211
17439 4514 2053 8443
17440 4104 86255 31638
17441 92049 98542 34908 36950
17442 84588 95894 102020 103655 15670
17443 14503 72951 87813 96796
17444 278 74703 4969 24658 4969
17445 66723 14436 95431 95457 10393 24823 97789 49309 101296
17446 103069 80383 13177 104800 84029
17447 94392 94789 20882 9265
17448 69769 60238 58726
17449 52521 71205 68470
17450 6609 10587 105446 83927
17451 2279 46290 89787
17452 3782 37002 101334 102732 56623
17453 6147 5074 61797
17454 5071 64055 13122 88364 73064
17455 84263 4043 38035
17456 57659 108148 1306
17457 50690 72141 4921 7843 192 42368
17458 15153 7980 15136 15422 46807 412
17459 103391 8397 72323
17460 27273 27330 19331 21039
17461 27324 27343 38006 3574 27324
17462 24777 2279 65513
17463 30 1103 2817 8842 28498 19872 2669 21992 39469
17464 6721 72009 76831 68546 2188
17465 72838 92434 6417 17414 108267 11569
17466 88116 88117 69776 54367 54201 70183 108940
17467 92853 8758 92943 175 101975
17468 2192 27990 366
17469 4318 108551 56204 4318 8550 110374
17470 10810 101139 30672 103093
17471 10304 93469 7144 93809 22046
17472 28614 28614 45239
17473 97 2320 59700
17474 1267 47085 1564
17475 92400 92421 94384 94385
17476 47314 62158 98248 83890 28543
17477 84716 84754 54112 92197 93892 97990 97991 35389 58085
17478 92160 105555 11077
17479 26287 5701 6206 60047
17480 84487 56773 81834 56773
17481 15664 4758 68904 83999 19684 20012 6302
17482 27805 6501 107642 107832
17483 6971 92222 30635
17484 2415 5396 103022 95115 64887 27757
17485 92755 13228 24588 95031 94812
17486 48482 57696 81889
17487 12859 66443 95449
17488 85552 61013 88887 91558 94083 94405 94406
17489 72455 30020 4318 84714
17490 50161 59328 94816 21837 2822 50161 104518 104526 108004 33864
17491 62610 30507 39929 8738
17492 8412 23014 15480
17493 27343 2814 24432 94753 81947 6781
17494 83152 95192 51716 15998 65757 33009 74052
17495 9551 83436 93849 98226 98227 62813 27453 16069 19676
17496 7367 61577 4885 43202
17497 96885 76831 105996 104764
17498 17300 7293 42665 50593 106188 106202
17499 96691 8195 104895 105319
17500 9211 2314 18671 2854
17501 90531 84076 2780
17502 53185 107405 111522
17503 18733 64125 102053 102065 95533 106575
17504 21815 88168 9650 6561 107702
17505 15594 93262 32196 6470 14682 26883 97179 47385 10473 85058 10572 93262
17506 365 3202 48896 35426 2363 28537 74393 93601 34270 13247 11049 1225 2126 1880
17507 15324 10319 87517 13640 13208
17508 26474 5742 51077
17509 56204 5465 84469
17510 6603 84007 40244
17511 56204 5035 20794
17512 107392 107393 96795
17513 13462 51152 51426
17514 7080 49913 33218
17515 98762 94516 101348
17516 85095 14286 43612 104450 373 1975
17517 84603 23831 84620 84630 7412 19670 32645 86913 69746 25000 92712 59291 29807 27381 95596 95677 95678 98957 98958 297 71514 99005 69746 101662 101672 32815 21664 21881 3211 103985 64122 104046 104047 2836 44705 105288 7035 5427 106638 4525 41146 109014 109015 109022 96580 3428 2338
17518 84034 61502 12211
17519 109819 109842 109861
17520 56204 53067 53338
17521 2283 55713 17606
17522 20212 24811 14216 35830 68537 108425 1228 19424 14394 83819 54584 88257
17523 4248 5214 6832 7031 23079 68433 109136 109137
17524 2739 41298 92242 23605 103131 9211 59473 111574
17525 94373 95226 95405 96484 96497 96498 75494
17526 28148 25489 73827 47166
17527 19480 65700 19994
17528 100125 17654 43370
17529 88322 40403 56011 95627 96112 25000 15153
17530 859 671 55718
17531 103390 103867 108701
17532 80237 6087 69508
17533 97264 95003 110719
17534 56735 2320 6529
17535 82927 84586 13178 86947 86948 14070 108613 49991
17536 52743 13056 15871
17537 55449 104766 72620 8420
17538 47223 83832 23936
17539 88761 7192 77916 22502 51867 22328 90120 60756 58053 4095 21763 14090 96566
17540 60276 92322 10117
17541 87810 47705 101729 111397
17542 11737 30962 1861
17543 93185 93259 96249 84486 101561 11338 48229 107128 93259
17544 51801 88192 21643 88856 49306 88857 8244
17545 47238 13110 5424
17546 83896 1548 2292
17547 6045 1815 2087 8740 12082
17548 13159 71863 1633
17549 5901 33445 42796 7116 43706 21140 11902
17550 91787 85085 14304
17551 19192 3380 26382 98186 98480
17552 14494 6160 68780
17553 22834 3004 36860 91038 43082 19354 52115 108275
17554 84959 50440 69591 22457 93920
17555 39669 95184 43798
17556 84309 69166 21576 832
17557 11477 47659 7970 103484 103498
17558 64092 84534 33402 8015 45100
17559 56204 13301 85884
17560 99910 31955 52839 19975
17561 3202 55181 1261 68312 111231 100347
17562 37972 92991 40744
17563 3483 5337 5767 54985 85200 85385 2948 13496 91273 58726 32382 34698 63168 103336 111733
17564 83330 6003 83390 83444
17565 83374 106469 40204 108418
17566 67619 61856 23022 6441 40978
17567 8912 10560 9079
17568 94326 95435 96137 96256 96257
17569 56821 69742 31292 27775 93267 25490 35038 77494
17570 27343 8210 3574 32068
17571 1568 5670 80741 41905
17572 43658 20791 88611 8375 88853 88854 64510 88949 18082 84037 111021 13187 45505
17573 4318 1708 109191
17574 993 56787 56786
17575 12142 95813 10840
17576 7144 4561 61654 17658 15307 59700
17577 10623 52839 15938 14082 1975
17578 10123 54619 77805 27475 89120 56811 4131 96420 50067 11049 109535 109536
17579 12494 10694 76826
17580 41358 5424 30357 3618
17581 2471 4970 102487 4077
17582 35574 85825 85836 66750 89786 89788 27347 89844 24806 95301 54112 112280
17583 10545 25764 27808 6449
17584 87728 25824 5850
17585 47905 731 67427 96984 102276
17586 66219 108512 77691 12882
17587 66291 7302 27840 95763 34233 36848 28458 17328
17588 2872 29876 84035 2338 42693 4304 2515
17589 46159 17212 11384 87313
17590 84392 84781 84874 62318 93353 98644 110519
17591 87821 41076 53582 47924 101249 108739
17592 27495 3805 56011 24886
17593 2790 3319 66723 11422
17594 84562 92995 55137 108144 53009
17595 50383 29470 56148 50827 40796 78496 91552 91566 86558 32667 13987 45947 92072 22248 15541 47947 108661
17596 14165 11438 60773 53391
17597 4970 21130 65839 39433 7099 67115
17598 2653 5424 1749 1397 34727
17599 91920 22060 13684 9264
17600 9861 91693 8207 41013
17601 15519 96050 101041 62185 101042
17602 86788 86789 43606 4033 92941 16756 64219
17603 83251 319 782 30759 69679 27584
17604 44186 949 68533 1523
17605 90161 111572 56538 4172 111773 111775 112144
17606 40511 25732 5028 93131 105756
17607 47712 19764 55713 95865
17608 14383 20348 780 54179 94866 94867 82853 99466 85551
17609 28699 48570 104817
17610 59682 15775 28394 105709 27775
17611 59051 96969 102709 93783
17612 79111 87336 88225 3081 90752 95114 93259
17613 48063 64927 63061
17614 80875 87522 87932
17615 104600 13995 104608 82368 47967 11407 108324 101528 108346 8775 28389 108381 108382 66328
17616 104274 6240 59360
17617 78708 11241 47545 32871 28325 37334
17618 100827 32854 15172 16753 107279 30013 46530 110311
17619 61396 103418 11477
17620 51449 10742 15366 67427 1960 13043 22006 85066 68212 7500 17720 101784 36471 24954 96001 109310
17621 86041 1067 96243 63278 736 26611 7970 1788
17622 9605 91179 99931 100963
17623 68010 26395 93937
17624 4503 45439 50783
17625 83887 83888 60274 64844
17626 86794 43331 16128 86917 86918 84598 86631 67546 90362 11199 33004 1388 37786 29671 17048 8583 29286 367 30356 34333 576 46899 23266 102057 102056 102058 32769 44388 38261 102132 84554 67546
17627 100749 101933 62895 9465
17628 88427 88790 10539 97319 2347 97611 97612 101311 102107 2347
17629 80151 42570 307
17630 109080 110068 6330
17631 85709 23184 27990 35299
17632 23433 96902 86599 319 39390 15647 56204
17633 66504 91889 30015 91890 66452 91902 77783 91941 91942
17634 20780 61465 21467 80330 14517 9534
17635 47316 48156 48183 100527 100545 65307
17636 84298 25261 5692
17637 1764 95065 112043
17638 12427 19126 108255
17639 39057 107096 110748
17640 29974 44230 701 91006
17641 17677 37356 96435 7089 83488 84451 90063 16075
17642 70242 4032 1880 14026
17643 88112 1261 101370
17644 85090 97221 98507 8873 76676 38314 107776
17645 1722 16975 21192
17646 83562 54529 59525
17647 34826 85434 63206 3688 73970 48199
17648 57075 43135 5851 2574
17649 13413 91801 60487
17650 17904 53988 39877 86913 280 27692 37730 33524 80631 87813 37808 33086
17651 97370 97371 97372 61283 22860
17652 85527 57620 85987 32357 99208 107550 111461
17653 11716 13779 52434 77294 11716 95832
17654 93407 4157 10072 7011 24098 25000 47942 40651
17655 82738 14125 62360 112305
17656 307 90364 37207
17657 44867 46274 52534 75253
17658 81232 89013 107913 107956
17659 49936 93343 14798 108111 108112 5327 108174
17660 335 18134 5843 84455 49136 55691 58424 108025 99329 73955
17661 16075 12871 96248 79323
17662 4525 82780 47623 29814
17663 11351 10108 21317
17664 55181 13912 3879
17665 84490 84491 72961 87899 87948 66082
17666 96596 9396 73338
17667 71407 46972 100779 221 100780 18119 7800 68731
17668 100741 61680 75216 85280 6246 106723
17669 27496 102352 13591
17670 59469 103711 103761
17671 22107 99427 106534 14489 106552
17672 93946 83995 42884
17673 18034 16555 111597
17674 62724 69292 107914
17675 69498 3836 5386 14207
17676 12263 92541 93092 70987
17677 95920 98290 99674
17678 24897 97804 41333
17679 18742 280 101892 90510 38310
17680 42209 11127 94486
17681 91912 21516 109096
17682 86770 78496 48357 98714 88699
17683 48421 93980 101533 101708 89827 105631 105646 103628
17684 51000 19615 48369 48456 89565 92823 79454 43474 3422 18797 48504 92846 70995 92847 92848 39042 4674 4933 48456 19615 49869 36111 48456 4933 19615 18797 39042 56199 105917 39042 3422 107270 74951 107271
17685 5286 25574 35787 97349
17686 39251 92118 49265 54489 9238 92119 92144
17687 84125 47938 102359
17688 20259 41956 15099
17689 87524 93628 95039 75916
17690 88345 94227 4642 22551 56517 918 33856
17691 56950 92742 85347
17692 44653 95381 98288 94335
17693 2676 1526 17545 59541
17694 7168 75966 60394
17695 29357 82052 110338
17696 20576 12475 10816
17697 52163 10009 10987
17698 100845 2800 70695
17699 89290 61591 65558
17700 96696 37820 59549
17701 85392 74030 34617 94720
17702 93510 13531 104673
17703 107994 34826 107995 75421 61548 12632
17704 4920 36716 13562 103881 36716
17705 73148 48896 50892
17706 27934 102932 109930
17707 712 85734 45223 13698 16736 85792 4803 23512 95961 78134 96300
17708 7494 56348 34520
17709 41013 6697 27580 84792 5251 24065
17710 25709 76272 4536
17711 79947 91892 23936 2702 3267 110468 33056 35923
17712 93829 97558 109690
17713 50246 26353 2817
17714 34326 18863 53852 100346 91880
17715 89772 1947 9959 73689 27 1531 44787 20196 80243 90777 29605 5311 90591 319 7102 64279 110804 3914
17716 2599 10692 10906 736
17717 60681 71789 51877
17718 56204 84064 85167 101724 75370
17719 8400 20203 52434 43767 108621 43602
17720 55167 92430 92431
17721 6659 10050 6449
17722 78606 67859 107562
17723 99031 73231 50275 48046
17724 68985 97918 55283
17725 98391 98998 66639 93486
17726 4888 92859 5247
17727 103432 103433 103660 111399
17728 307 73 103239 103255
17729 83434 93685 80573
17730 57574 100957 52950 66241
17731 3938 24638 11922
17732 27179 53865 36669 44818 2338 4304 47467
17733 84967 17994 55972 4719 16782
17734 91482 94462 47972
17735 99592 17651 19574 99611 43609
17736 90724 94213 97170 24992
17737 85819 102410 103066 17331 105533 59170 33087
17738 67540 20402 56433
17739 37833 1633 108013 9347
17740 84226 52434 101864 101865 101890
17741 17141 1403 56605
17742 38412 42937 41011
17743 83333 92371 48359 12771 69479 69056 108948
17744 42058 51795 86562 15036 8994 319
17745 103781 103782 61002 17409
17746 84999 30573 63294 86681 87594 90025 8586
17747 96216 36078 68838
17748 34786 10590 64348
17749 86410 69911 88625 43411 53807 54850 91077
17750 86707 89136 89594 9551 2053 13358 100838 46370 23365
17751 70585 72009 104992 41691
17752 5424 33727 25966 83570 27642 52980 111620 531 19851
17753 98392 46501 99544 58381
17754 84574 89939 26254 9050 40812 38613 16753 9426 96058 96059 48050 96060 4292 4318 7952 96102 61607 96139
17755 92865 5333 19573 96618
17756 34227 83595 86162 72702 62956 103282
17757 64391 99907 27593
17758 88715 103970 25765 27762
17759 83247 94797 108816 111813
17760 45719 92834 3258 14553
17761 7190 97596 36423
17762 85085 60407 109300
17763 14847 94048 25676 14431 96399 18167
17764 4909 74709 81277 72277
17765 9070 58780 74635
17766 41200 19938 71598
17767 29769 62133 85476 80659 85444 93105 93127 1789 43754
17768 9332 319 11990 50379
17769 83099 83132 83141 96900 10016 10975
17770 13159 111136 111137 34731
17771 99734 75097 100884 108398 110074 36473
17772 84234 103046 56822 109205 109206
17773 92709 12036 4165
17774 83407 90843 58960 29633 98362
17775 64990 13104 53158 63849 90081 22998 109052 109053 17021 109088 109089
17776 60257 106482 651 910
17777 9689 43305 21713 111861
17778 73853 4038 28853
17779 93422 97574 5070
17780 2320 37808 2320
17781 16542 2911 4625 62868 48841
17782 30397 59811 106819 72011
17783 18588 1977 104124
17784 55149 93081 6811 6435
17785 3805 14560 28537 14952 67877 92000 92045 59742 3190 16774 63772
17786 5656 20354 27342 2833 48193 82323
17787 1397 7071 22869 71355 307 105845 10556
17788 106472 10227 106652 106653
17789 12150 36443 42785
17790 46714 18046 9894 98450 10556 79657 10526 107308
17791 1398 9079 18472 16748
17792 72011 101823 34071
17793 14373 10826 782 111824
17794 92351 49592 78359
17795 93058 71200 21077
17796 16657 6108 94068
17797 84541 49380 101361 108587
17798 29855 61242 18191
17799 43602 918 54796
17800 92053 95661 109483
17801 19805 104583 49708 12170
17802 17238 2733 103329
17803 16755 106003 106003
17804 22419 14580 102432
17805 55354 117 13799 79083
17806 89042 18854 7423 87735 95961 76608 60375
17807 59120 97011 102149
17808 4513 48862 99329 11137 58893 104622 22777
17809 84671 72332 10669 27660
17810 74703 772 30545 40813
17811 92016 10380 48189 4283
17812 86777 74253 100053 103911
17813 92313 92321 70646 108793 108806
17814 21216 5119 42665
17815 95599 43359 104517
17816 55181 83634 10102 105101 42631
17817 84251 40700 107282 8046
17818 7980 84174 61710 97719 42370 35220 99822 90821
17819 24658 87295 45771 48762 65033
17820 54964 307 40178 28771 10453 11024 47170
17821 15316 761 11885 9719
17822 22003 101281 101282 37647
17823 95712 103667 104081 105557
17824 88356 88357 88443 30576
17825 51607 16139 69642 82831 47929 95242 95243 95258 95259 60002 95260 95724 95726 23802 1641 7644 95737 44421 31770 95779 9806 102023 102024 16139 57609 35527 19529 3589
17826 103000 104132 20376
17827 55645 92370 32550 57860 31066 93293 91748 102593 33178 29053 109980
17828 85583 43512 5028
17829 85626 19676 12940
17830 21109 42861 16318 94676 94726 280
17831 84630 85066 14373 32073 61242 57277 4302 3951
17832 70720 86234 92027 92028 64975 11228
17833 20760 46223 25728 29651 85721 106830 64699 110372 109110 1961
17834 2369 27095 90717
17835 20677 10631 18332 90463 19079
17836 1656 48280 5350 93476
17837 32618 18759 19936
17838 26078 97033 81863
17839 10434 5988 41654 69199 91050 23973 16075 10159
17840 46078 28056 4384 96491 50640
17841 10719 29901 15046
17842 35887 78346 2787
17843 103794 103795 104533
17844 1548 33054 67877 8192
17845 71461 26621 93111
17846 215 70598 21703 56572 21080 104920
17847 48290 11278 4894 91676
17848 2661 101766 54853
17849 10258 2873 65000 17587 576 85725 85726 78521 69046 6648
17850 53169 3462 10526 8244 73665 10668 106290
17851 73805 92424 77150 7073
17852 43602 2320 5452
17853 101690 101691 101692 101750 101893 101932
17854 83527 36889 17532 100951 37323 101037
17855 192 3660 106362 10884
17856 27200 84750 71298 4318 84843 106476
17857 39387 99173 50487
17858 1682 18962 22180
17859 86086 25453 40744 92460 92495
17860 49116 16991 13247
17861 34523 83616 43183 100085
17862 1539 14806 48430 2106
17863 87649 76174 87677 87842 98079 50678
17864 90097 15551 10564 90097 71910 81834 5140 81992 110193
17865 63750 2639 11452 8777 37225 9562 92988 7636 110912
17866 307 5424 55083 42160
17867 77470 88503 88504 88560 37163 77468 33609 46663 77470 101420 110636 55
17868 6922 54680 5720 30079 54140
17869 86983 3202 85269 279 86983
17870 6589 35867 105980 16865
17871 6528 50075 27814 101855 6781
17872 83296 83713 105777
17873 66253 8192 52555
17874 27475 734 105436
17875 82982 3863 76147
17876 31647 53808 26488
17877 79960 1576 90364 7144
17878 104310 104311 110774
17879 11049 17022 11911 4033 29002 2276 23972 1975 86615
17880 85609 85610 86071 5080 88144 64200 88209 61947 76665 89011 58091 27821 37432 92575 27360 95306 95364
17881 45239 43602 30635 98186 67877
17882 79943 10738 96781
17883 55066 16392 92861 37545 62813 44348
17884 93668 19697 85514 76199
17885 62306 48700 63914 104826 105641 105642 45390 110309
17886 87353 49536 68879 3108 60657 97097 97476
17887 17846 55788 18784
17888 68479 56011 307 69120 8148
17889 14365 83344 3233 101488 73600
17890 26575 105843 44453 4212 105872 2103
17891 2190 11427 58467 91957 51531
17892 56798 98439 89529 106362 71910
17893 74282 2833 12771 26075
17894 32645 95862 9381
17895 10874 89632 42932
17896 1127 18953 4032 1961 57232 7643
17897 36187 14014 81398 13976 17068
17898 68031 8285 54062 56250 7201 8322
17899 95049 20640 110851
17900 37963 213 7295
17901 37523 25940 107463
17902 46290 307 2279 109703 58702 109787 5071 2428 109987
17903 50339 31144 92214
17904 55181 65313 17802
17905 83336 35366 12938 87846 7531 101502 58911
17906 4970 33689 10868
17907 55583 55532 2277 22036 9177 123
17908 25547 85717 94507 66455 99599
17909 35440 71637 15341
17910 99588 91049 7031 17606
17911 17525 39257 56375
17912 5028 50634 98331
17913 4710 98826 1832 72069
17914 4210 83008 83597 24641 45897 12797
17915 20360 90999 95407
17916 83040 93020 8160 100358
17917 86499 84440 70382 86557 98807
17918 85518 98019 29620 42041 98229
17919 63012 6950 94656 58147 46450 11630
17920 101044 10523 112231
17921 84258 99259 99294 104972 45859 108669 61198 21504
17922 88374 16432 7167 77023
17923 44495 74389 9002 24565 81390 102070 82168 16627
17924 88143 93554 104066 105635 73665
17925 89798 46231 69769
17926 91008 91030 93651 93652 96945 97125 97190 97191 105422 105466 105467
17927 45165 5481 8513 106362 2276
17928 33334 41076 1778
17929 14847 37967 28247 43331 13187 104036 38383 105870 109645
17930 10108 25538 11498 42041 60282 104695 17939 2526 62981
17931 16798 5234 79158 92858 23926 82847 93257 94528 21643 53674 28342 98444 69046 109380
17932 47 25709 5922 87449 16380 9090 7163 1817 94769 10014
17933 90909 92330 92331 18177
17934 13063 99091 99092
17935 25677 40971 107124
17936 7827 2118 39620
17937 5424 77917 15099 9145 52798
17938 15790 78868 60258 13171
17939 46251 10108 19985 24859 94157
17940 11608 68975 41236 12207 36340 68975 99852 76731
17941 8801 20259 42104
17942 7429 21736 21387 29934 35233 53388 54864 18677
17943 6248 62160 91824
17944 7381 49227 5588 59567
17945 93279 93280 93391 104667 101362
17946 3873 105536 6689
17947 100212 26701 57788
17948 24806 29470 67356
17949 13917 44349 96782 96783 96784 96785
17950 78724 76272 84630
17951 3027 85888 26413 38558 89347
17952 13323 98397 85385 918 742
17953 19588 87579 18445 42426
17954 49984 106690 66054 109339 47445
17955 44186 398 94032 94033 68794 94086 761
17956 53865 32888 30611 14753 33099 37243 22162
17957 80349 93380 94524 89798
17958 58263 65362 71701
17959 97309 5665 109890
17960 5424 71836 26482
17961 13976 103224 103460
17962 31891 100403 8787
17963 54763 71799 93887
17964 90693 58484 68848 90701 11427 18698 102392
17965 97873 105835 105117
17966 89900 45239 65074
17967 69971 28322 32645
17968 16755 14427 14427 48314 17772
17969 17720 25551 5214 61242 5922
17970 86259 2787 86537 23341
17971 16933 82593 995
17972 22429 736 25928 18854 69575 14384 109054
17973 96131 96132 96205 82824
17974 99852 8385 23995
17975 56789 25281 23382 6148 24293 1009 100684 38925
17976 31111 27016 105091
17977 61242 92222 105136 105137 105138 92393 105144 105166 105167 105168 34100
17978 88698 88746 88747 89332
17979 14125 92808 11282 96419 80861 99726
17980 57341 2413 541
17981 10334 2040 10108
17982 12028 5781 56094 1365
17983 10443 7031 38115
17984 35866 98383 98384 35600 99299 111418 87568
17985 26264 44505 43717 96930
17986 23278 92969 1633 80631 5704 57417 3068
17987 87461 95763 64919 83375
17988 4302 44928 15796 16564
17989 97530 76880 109523
17990 96540 98899 45264 106235
17991 87018 87081 87117
17992 12427 85362 11 41221
17993 2276 40816 98927
17994 14970 102729 1544
17995 14696 18953 55042
17996 83733 50266 83734 4758 84193 2268 46501 111719 111720
17997 96450 103364 103602 69954
17998 9025 273 6496 4367 24538
17999 1975 27496 7376 23831
18000 13198 93166 97776 100792
18001 25870 100643 100644 100846 15858 94401 42748 107593 13067 58803 57486 100777 86416 101376 45769 72599
18002 5828 42530 8237 43375 107464 7304
18003 56076 3333 94632 46181
18004 9032 3805 65229 27317 85035 90896 365 22499 74290 1633 99567 99568 99569 85035 54364 3780
18005 91114 57945 102414
18006 87172 87291 100318
18007 25564 44025 25435
18008 25780 70449 99670
18009 4346 68754 2000 101783 96885
18010 22825 7332 79377
18011 1620 63644 22218 6242
18012 18217 86481 93505 39528 98776 98782 74173 38866 67119 49833 88912 46112 32400
18013 23384 89787 5347 90991 62001 44249 41363 9765 33229 8046
18014 6832 1564 81886 15883
18015 106435 106456 106457
18016 67356 126 11594
18017 29522 96482 104290 19217 335 19865
18018 105668 27389 41029 60825 25090
18019 30323 81825 111822
18020 16366 36605 1896 18593
18021 88754 54578 111709 112026
18022 84504 85865 6394 22937
18023 1433 6721 17048 576
18024 108252 108286 14847 48531
18025 52979 49272 66929 54523 67847 41577
18026 31047 68163 11853 92607 60961 20444
18027 53772 17574 53772
18028 62377 70932 7930
18029 62117 85228 105967
18030 74072 79211 84444 84445 49347 88227 83889 8702 64956 91035 75242 91036
18031 993 13187 91880 2948 4958
18032 85066 5211 77887
18033 64329 12072 23899 100176
18034 14551 13171 9438 3110 4327 6383 5292 9403 104213
18035 53865 10194 12606
18036 74475 85838 102773
18037 85312 85313 97626 97810
18038 20755 72565 87246 43612 95637 4365
18039 77628 50564 9884
18040 10766 91419 70556 55583 13769 109368 38657
18041 19151 12808 45709 39095 99175
18042 86909 2666 13221 97089 52979
18043 78877 32226 99002 107319 29477
18044 86674 11477 87008 47659
18045 82850 78040 1886
18046 3190 6341 62441
18047 66015 16116 58611 6782
18048 91926 33583 53302 19315
18049 3760 4642 73232 27489 4802 82800 43706 71588 89849 15949
18050 87390 29125 28857 47082 17978 96529 34489
18051 14427 85121 25559 49380 39795 24354 69801
18052 53127 6254 91027 8927 576 28952 47187 39050 42749
18053 17720 16345 11411 24982 1994
18054 90223 39501 6117
18055 7144 75417 85066 23973
18056 4220 95770 15841 27687 27345 105229 105251
18057 91000 108483 67188 112290
18058 90147 13842 105312
18059 89480 90963 90964 90965 92226 102731
18060 40382 89743 8060 94484 97226 93268 14740 52416 17482
18061 86366 86368 86369 86391 60198
18062 51668 54876 51668
18063 52935 104598 29835
18064 11835 91901 2138
18065 83515 90157 90158 41703 94492 94493 94517 97516
18066 23336 18230 85782 36990 6335 3367 86058 86181 11050 13045 37184 89176 15404 33165 12999 26948 56215 96191 37908 35496 9403 105061 108278 108879 11049 5575 21724
18067 35486 92480 92511 43072 108012
18068 93815 96587 96588 96706
18069 3538 25252 33054 11911 28492 93194 21234 2277 2731 104612 17189 104793
18070 66810 15189 59251
18071 69769 12610 5901 57678 3518 89736
18072 2277 912 102597 1225 7643
18073 33070 84101 4047
18074 16389 99712 3822 99875 99876 99877 31382
18075 89184 19152 36292 19347 98636 1960 101033 17554
18076 772 4442 19865 676 81695 9568 20166 56867 91660 16328
18077 14207 99559 1832 42190
18078 32416 21157 88657
18079 83060 95705 57914 109448 3424
18080 69209 56892 99740 110722
18081 9718 16657 26350
18082 52434 71322 99087 22159
18083 1306 3510 1306
18084 41654 9948 10816
18085 8661 5484 23288 20393
18086 79700 61442 55042 104172
18087 87601 100768 111297 60985
18088 72117 34410 95028 75479 67319 3253 20118 72551
18089 95936 95937 95967 23636
18090 85534 100508 74485 62759 110001 110002 110054
18091 84751 63012 16406 13752 23764 21428 9655 96141 102037 107235 75742
18092 45771 25375 4891 5683
18093 85457 17557 39391
18094 50325 96175 99464 99465 99466 67054
18095 1397 4967 54796 9029 89529 35607 95700 59269
18096 104077 13298 104854 104855 104856
18097 1633 34608 4496
18098 1750 30350 43943 26364 9106
18099 87246 6788 192 6496 19099 2653 35670 34881 11977 3162 101487
18100 6035 91577 93075 37891 35462 8257 107254 74969
18101 44056 25077 7527 5536 74730
18102 14379 2813 57022 3458 106797 103489 6561
18103 32974 65873 44246
18104 15285 29043 30004 99948 54880 42884
18105 15316 88696 1445 101731 4946
18106 99485 85599 18038
18107 50050 8789 3027 100482
18108 7144 1397 749 1749 83484 25732 43512
18109 54587 35600 32819
18110 56735 82515 14925 37603 11068 81085 30676 16895
18111 50610 319 6363
18112 77088 1977 89859
18113 9032 15525 15920 87969
18114 21089 1496 1961 26166 8225
18115 9705 6363 1475 72633 52743
18116 85509 32568 62163
18117 44282 36106 14487 25219 62045 72069 5214
18118 3254 8349 7976
18119 82947 24071 17022
18120 41013 16369 77671 2757 110305 17904 61470 110464
18121 87403 87404 32290 54695 104158 104516
18122 88775 89063 36224 100300 35758
18123 3220 65088 101220
18124 92215 93267 24847 94850
18125 45921 14696 95081 65771
18126 89284 89613 89682 89694 89841 41439 92222 307 6595 90044 2833 56204 46979 46210 5424 993 46979 27546 7458 4538 89274 56054 45239 25213 49381
18127 84397 30593 100802
18128 99737 13161 35027 99738 99739 35162 26701 110134
18129 44914 1306 33837
18130 68479 65490 20792 90007
18131 993 19924 84504 6097 20065
18132 31481 25538 109992 110574
18133 91844 83133 111077
18134 6114 81929 51348 15036
18135 33732 101092 102561
18136 8255 1620 105358 61242 42896 111841 18920
18137 13547 3890 20078 102572
18138 12408 8160 43198
18139 5818 11475 83136 55942 65555 1154 15140 95713 104183 104204 44127 14897 62820 14272 104239 319
18140 82952 82994 1920 307
18141 44224 57347 40878
18142 14255 7067 38116 43368 80151 1397 97299 77887 54569 3220
18143 91911 52168 91997 91998
18144 37620 6668 45103 89270 89323 89324 76899 89365
18145 90571 92408 41730 93649
18146 27990 3486 53829 16893 4717 87815
18147 31177 83179 15415 98325 3328 3099 33938 11821 99298
18148 79285 17179 85410 84007 67546 40752 36798
18149 82681 102854 17407
18150 39955 77003 17246 6292 5721 79597 51595 20760
18151 16207 27423 38597 79866
18152 83074 83075 3350 37847 86963 97060
18153 177 65299 4138
18154 1131 7392 96500
18155 86746 88152 105196
18156 859 49256 57938 11049
18157 87814 6406 993 307 87965 70828 10708
18158 83746 356 103051
18159 90419 45525 107839
18160 9705 45239 49256 307 67877 5701 10884
18161 37921 28075 11988
18162 58702 9705 1403 17744 111118
18163 90536 90537 663
18164 896 85066 99105 58728
18165 77908 1261 98177 41378 54099
18166 31373 37062 83137 45330 32146 16366 6630 16941 87672 36147 8246 63950 90611 71347 32567
18167 34170 100522 32822 15345 100561 100562 75985 66303 7114 80331 31360 74364
18168 2326 77329 80631
18169 95762 101851 19400 101942 8457 43658 17086 102110 87599 75010 104546 112037 112115
18170 29776 50640 41588
18171 35766 48625 20208 24323
18172 61550 12427 90832 6652
18173 87983 2087 81846 93383 1722 101278 107718
18174 84705 52111 89378 92031 110790
18175 98535 98536 2246
18176 14477 26264 111033
18177 11343 100187 28405
18178 97325 107398 107399
18179 72759 41922 8153 8144 37467
18180 83817 5909 42591 102511 107033 80014
18181 20166 5393 14255 92584 102436 61242 12394
18182 54936 33608 96974 12581 32568 51798 787 5284 77812 98583 19581 98123 5608 36735 6147 26671
18183 9448 9448 84070 105287 107790 84070 72772 88646
18184 14090 16895 784 10577 15140 6595 5922 81929 96719 108051 76867
18185 84374 63863 84393 13306 6358 107845 53489 29965 5311
18186 8059 25669 75
18187 76189 89126 41108 94473
18188 45782 51514 4528
18189 15129 101090 111212 3863
18190 14800 10430 58542
18191 83041 4896 56661 39278 108125 15858 26802
18192 42467 89157 11318
18193 66922 17254 92984 93030 21699 93365 101069 101102 17691 101197 13612 104776 20366
18194 56011 88315 19049 93077 2087 12688 56517 67258 5358
18195 86021 60059 96377 76923 98889
18196 86388 85213 10434
18197 4671 97018 97019 28410 2833
18198 12347 16768 12702 12347 24434
18199 14015 67510 14082 10442
18200 35058 55946 20559 40211 3122
18201 56414 18671 51197
18202 949 64719 80390
18203 106008 83900 106320 106335 106336 106337 106381
18204 85978 98603 53391
18205 10431 98251 20895 33961
18206 5859 5755 102152
18207 97281 25538 2208 61124 82213 15124 96913 107248
18208 43602 64668 7589
18209 74389 45523 53865
18210 55053 3389 94393 106581
18211 84101 4165 61228 84133 6011 30939
18212 24823 70859 84390
18213 34792 10894 16355
18214 90044 15486 83941 92971 81104 86349
18215 31962 85805 90615 14658 38750 92636 105246
18216 21891 87659 30288 99815
18217 90356 100064 100065 100066 94627 100153
18218 35835 4104 38230
18219 72155 18022 31571 175 9264 93502 1061 17552 18817 58882 110609 10265
18220 89023 30685 92616 107969 62649 107970
18221 1306 21167 74999 11101 69591 5481 84549 3055
18222 22498 82401 105977
18223 49071 90813 1299 19574 107990
18224 67558 89500 36379
18225 3002 10221 2306
18226 12427 12388 71277 17720
18227 35971 13162 100097
18228 83227 83228 87889 64794
18229 60567 89669 48314 16681 7530 9763 52422
18230 19096 81825 106030
18231 71319 1084 21703
18232 11359 15195 24089 56100
18233 85413 88721 88722 88723 89388
18234 85691 51761 85719
18235 66084 90424 90425 3530 42150 98523 65742 88260 90425 80559
18236 5704 86538 35549
18237 21886 19105 12394 98498 19537 68748 890
18238 5230 14255 62181 35294 7075
18239 33916 83124 39657 8083 9582 84464 9582 1535 4710
18240 14401 61437 1306 10359 52543 319
18241 5071 23036 22742 111388
18242 90913 90914 90919 12329 80 66777 96311 90914 90919 27257 106793 67877
18243 101849 112077 112078
18244 16355 83240 38206
18245 54293 49085 307 65376
18246 23936 5849 106362 50593
18247 4347 77338 83767 84498 85619 1790 62841 95649 57688 43299
18248 93100 10359 1620
18249 73870 53588 50601 112328
18250 10278 67594 39433
18251 30103 55043 91371 91372 8797 105087
18252 4972 18416 98446
18253 99333 8605 24210
18254 20975 8943 19535 98557 62539
18255 87235 87236 87488 100009 100038
18256 95070 19640 30308
18257 21170 20894 6037
18258 19655 83672 9621 73894 10840 78457
18259 49232 900 7667
18260 16896 69441 9948 59437
18261 2312 3580 2824
18262 69969 78286 39069 67847
18263 32718 15320 69253
18264 95864 49807 10737
18265 94984 111127 67693 111313 111314
18266 85048 16495 6212 77290
18267 2042 58683 37027
18268 35595 11765 47779
18269 42701 2338 1732
18270 56259 67703 88207
18271 69355 73353 39057 5069 4192 43696 1496 104887 22162
18272 46290 97658 37232
18273 4946 107492 27356 15743
18274 74423 85068 10984 25079 54905 30145 6052 10874
18275 8569 45329 29354
18276 7144 90717 4248 37919
18277 13413 89084 41588
18278 62593 7071 48895
18279 11584 28159 74674 9903 13516 35436 17422 53718
18280 83399 20463 44743 106750 72010
18281 11046 39602 85379
18282 90899 3162 66184 2052 77322 108865 61260
18283 50892 1006 86109 23721
18284 85634 72988 98809 34072 65140
18285 2216 61646 84191 24209 95061 12652 95427 1141
18286 5074 22163 5021 98583 24114
18287 100351 4071 72107 84599 89235 80284 87070
18288 109900 110901 79435
18289 7434 29519 81608 12000 6148
18290 88286 88287 100467 106860
18291 29020 89845 2366
18292 93839 93123 1817 107391
18293 4663 101788 22884
18294 59967 1564 21848 21367 45988
18295 62874 3805 88495
18296 2515 56034 8738 103489
18297 8416 69199 46290 14479 2279
18298 88076 93889 7035
18299 69689 104581 105414 7778
18300 3810 105736 106694 25194
18301 45928 85382 37714 103271
18302 14563 7134 1604 84555 11336 4169
18303 104568 45709 80630 5251
18304 72307 12102 46074
18305 9634 87226 17499 7667 6496 5007 30093 89360 10664 85343
18306 89870 90057 111125
18307 6399 38724 81834
18308 108038 70638 108076 106564
18309 10564 34194 107543 71619 17068
18310 87742 90526 48797 47711 31232 91567
18311 12028 1975 1975
18312 5109 8244 93668
18313 23405 25275 87637 100569 98911
18314 1929 55049 73796 110955
18315 86087 24868 3002 11411 58810 69011
18316 84289 89285 2338 376 6672 30456 29090 2107 7924 44493
18317 19186 25908 38178 70257
18318 24130 90838 68433
18319 61035 90669 40880 112154
18320 109989 8734 58112 26048 110015
18321 52575 56373 41700
18322 39347 25254 96220 102205
18323 20067 87040 20729 33043
18324 85541 8440 89007 45937 24205 25491 27090 54563 35411 28911 7955 43706
18325 47659 5028 27895 11477 91940
18326 9328 90139 53439 97997
18327 3864 11404 12793 105719 112149
18328 17330 993 68396 109701 109719 109724 109731
18329 39354 59410 19622
18330 46512 101718 7218 5667 15036
18331 47978 10604 108884
18332 13895 70945 60874
18333 39208 78440 330
18334 77684 94895 36291 92106 91308 95826 70018
18335 2911 7295 2535 47729
18336 16906 16927 12977 97841
18337 84870 57043 101908
18338 22843 4565 67427
18339 99965 99974 33609 104711 46735 112013 112046 112047
18340 92453 14964 4716 97532 61610 14108 31892 4629 25996
18341 3162 13091 23341 61437 104200
18342 90591 90592 25507 95381 94372 109511 87040
18343 68985 88024 45771 198 3022 72011 13327 17853 81175 198 85066 109478
18344 319 11761 80559
18345 10667 15561 107089 77042 107380
18346 86939 69731 93382 15897
18347 72189 84662 96345 98353 98449
18348 1531 10284 58906 1473 61391 4404 26165
18349 84630 35835 82345 4692
18350 1878 96913 99980
18351 84746 18609 108683 10116 2445 67884
18352 15541 52435 43683
18353 79223 111992 52790 52789 111993 95131 112032
18354 23053 1981 13332 87415 14786 91061 22353 26687 53674 13088 103003 69769 30928
18355 84293 29807 86287 62033
18356 16991 65651 112225 36336
18357 32645 1975 83289 60985 5229 27084 106634
18358 83365 82607 98161 15176 110915
18359 12740 25177 60667 34132 65537
18360 6697 75291 24065 1912 32192
18361 80928 26140 101847 83063
18362 44157 68841 25749
18363 3739 1620 44006 195 5926 105316 17965 83289 110587
18364 52180 62712 90900 94417 69769 1892
18365 74967 19041 88077 88152
18366 3296 87174 5859 22697 109246 95832
18367 41297 10577 7277 16406
18368 96041 101621 101630
18369 56011 2428 11116
18370 67427 84504 102204 77294
18371 37 67220 64348
18372 91409 33075 36797 98260 8453 28634 71586
18373 90666 66266 94663
18374 6103 5135 6280
18375 83965 25928 19920 74511 53038
18376 36655 14210 89450 97152 97275 31149 97326
18377 20327 55118 77122 90241 47145 4220 78457
18378 30470 91501 12001 10874 75380
18379 93783 1975 89255 14026 1662
18380 19038 23494 36555 4538
18381 4970 89629 16003 51738 7288
18382 19142 13171 30767
18383 1520 98112 96804 58388
18384 34727 4969 40748
18385 83587 83757 83824 84470 85954 87893 103001
18386 4958 92663 32785
18387 31900 93924 94694
18388 434 15202 9187 69949 60511 81177 22466
18389 33662 26802 45886 4896
18390 60454 7034 30
18391 52986 79677 107437
18392 46421 61694 77952
18393 45236 83818 87862 87863 87864 88032 43037 79351 105946
18394 43649 100255 83089 16812
18395 36292 97390 97442 7698 19347 12796
18396 18276 75827 56204 105830 77867 47013 10617
18397 84560 31144 11583 71451 26229 22329
18398 60111 92836 54121
18399 71633 74290 16993
18400 83988 83991 84017
18401 85448 36089 30864 92680
18402 43204 90767 16038
18403 198 84714 91299
18404 93943 94247 94328 94339 6345 28616 5909 94370 67612 98534 10737
18405 22081 58571 11845 88233
18406 17694 61242 29049 43170
18407 15883 12265 23660
18408 44123 69764 3515 97497 94865 8820 8073 37607 51371 74769 63676 12686
18409 62473 46862 50805 18737 5898 51201 10108
18410 85803 49093 43551 87457 32592 82090 3110
18411 23341 1382 1706 19569 1633 59473 109914
18412 45719 4565 31647 1433
18413 83578 4261 28005 103542 110129
18414 5991 101302 8679
18415 34483 57862 17496
18416 75934 94649 37727
18417 87705 15988 343 12266 53532 40689
18418 53158 34072 91278 671 859 85957 80145
18419 24241 14942 52371 24199
18420 16962 20699 30200 2648 83136 24168 84867 103584 29129 103622 103623 4107 43706 104606 83799 103776 10182 58683 71863 106362
18421 56204 993 89652
18422 1207 3613 32602
18423 83171 30369 28126 62820
18424 70733 7399 67901
18425 12804 106129 43095 23238
18426 87459 4331 6148
18427 49545 16398 33301 39753
18428 4854 94183 61164 34459
18429 88991 10344 41
18430 93023 93024 1881
18431 17956 98980 98366 48608 19516 71914 32399 34607
18432 708 57382 26571 38048
18433 5427 7002 54041
18434 7144 5424 87410 11608 102428 88838 74083 101382 83726 10894
18435 102567 73482 5545 64800 20652
18436 79337 93832 14847
18437 8961 91027 736
18438 72296 101693 109502
18439 88994 17180 65439 44487 62917 109346
18440 4104 83570 4007 87325
18441 37016 89823 53437 90262 33732 38399 29505
18442 16954 104027 13027
18443 89261 89382 39262 108725
18444 65621 97344 97345
18445 93262 50203 110490
18446 2428 49256 50593
18447 101351 7860 108721
18448 23543 12062 12146
18449 89471 53049 68579
18450 24477 36646 89422
18451 78144 57631 20249
18452 51620 73553 34727 67510 19153 4896 16962 106247
18453 90589 66057 7959 21852 111320 111354
18454 103184 69894 16257 112093 112094
18455 62602 49086 62001 61242 41953 47650
18456 85781 56011 85907 108029 53576
18457 89787 91515 58474
18458 85595 7297 42953 9840
18459 4967 92584 7302 67411 1777
18460 19078 97 14567 6917 8160
18461 88340 108643 108644 108665
18462 14150 77366 84857 47488 32802
18463 54906 55940 83927 43470 88274 26231 36524 2322 78961 67847 57854
18464 3258 3842 77193 60829 41276
18465 65846 28225 3319
18466 26674 26543 78708 1889
18467 94982 14340 6173
18468 88373 95767 95957 96009 3574 56616 56817 101464 22679
18469 84016 18493 10396
18470 85272 85273 85820 21414 94386
18471 27713 65062 85641
18472 20879 16555 35900 40382 73367 18475 33107 68266 105797 5898 56793 5516
18473 97154 97155 97317
18474 53566 44955 6603
18475 1038 7031 12192 76589 8352 1297 3673 91824
18476 20803 94708 95885 63344 45436 54459 101631 110980
18477 83351 83458 1979
18478 57349 4422 3258
18479 101798 25596 80151 93046 101872 101994
18480 48877 36071 106714
18481 761 3278 1715 14090 41550
18482 1881 20458 278 5843
18483 72578 101 6849 65640 98759
18484 29125 55142 22218
18485 63697 87317 107488 107489 109244
18486 101562 34938 65944
18487 87462 5633 53981
18488 89875 41011 62643 96511 5350 68546
18489 4945 2808 104250
18490 3086 14619 74575
18491 71150 831 105190
18492 19898 14082 71276 9209 14883 19204
18493 92204 95973 95974 104134 104135 106758 106759
18494 24351 73362 6901
18495 10394 32645 82460 9515
18496 61242 89972 101717 101812 4970 84390
18497 62808 53717 53716
18498 5214 14217 16945
18499 90426 86802 48209 63337 56423 90472 55216
18500 57187 10894 67198
18501 707 10156 10098
18502 87319 87359 50772 87434
18503 11106 89817 16772
18504 12432 28490 36089
18505 80470 28932 55424
18506 66965 37967 30429 27048
18507 90184 66859 86120 3864 110905 13643
18508 99589 88910 105561 105562
18509 61031 12848 43433
18510 62829 48740 101414
18511 54296 93187 51360
18512 28322 74712 24865
18513 91684 88424 5922 66044 88023
18514 28952 87039 61459 87055 87056
18515 89928 90003 87958 99507 99508 26772 28266
18516 197 90022 429 53901 69611 33339 90185 53914 13167 87020 64169 90207 90208 90209 970 102119 20960 102140
18517 10606 78048 20699 9184 74127 9326 94971 9892 46678 61242 36370
18518 85317 84255 18854 78017 107961 56420
18519 85765 111482 111538 98887
18520 70222 33502 95275 1633 5424
18521 28185 34547 28420 44005 111825
18522 4373 88336 89785 15495 89838
18523 12789 48740 95281
18524 35360 85550 85483 85551 6507 33481 33352 103828 103921 93123 104095 46818 27428
18525 19776 45083 33281 48570
18526 87113 88084 88653 33161 92829 94522 94567 95799 87113 104192 32026
18527 86303 13148 10577
18528 101646 70588 109650
18529 86676 53067 1388
18530 54077 3441 107201 107338 107414 107510 107511
18531 2112 65599 64601
18532 7164 10419 6383
18533 89880 73534 51245
18534 55196 8820 93728 47154 99617 95027 100433 82052
18535 102194 102451 111761
18536 90717 59795 40450 91059 30767
18537 1543 13264 106942 48153 39180
18538 48443 20531 84387 84388 29574 73458 88582 32073 23516 92632 90554 1328 107672 33586
18539 98657 105624 100073
18540 51437 41568 10523 99734 100544 75958
18541 27475 44685 110130
18542 94663 34417 86287 13507 911 3339
18543 43511 9703 32866 1548
18544 43641 66378 75768
18545 81466 4321 109192 5506 2787
18546 76307 1742 14217
18547 7720 19172 10235 5286 21365 57522 69831
18548 74 98645 98646
18549 90866 20713 808
18550 62601 56016 63757 9633 89529
18551 24202 83620 97856 38643 703 97886 47237 59456 77893 4324 15808 24202 4324
18552 12940 91101 35986
18553 246 85658 14155 96624 97901 7643 49258
18554 15558 36797 382 67877
18555 83148 100996 859 16427 103492 106455 103489 90510 110889 110891 96395 111766 111807
18556 85993 99586 46395 105579
18557 100767 104728 110431 110475 110476
18558 1918 65810 13187 105502 111511
18559 43370 98314 104731 105408 105409
18560 71861 102461 1860
18561 57406 99780 99824 99935 102071 95988 102802 57188 102856
18562 85089 85598 2157 91112 12638 105885
18563 93191 93192 72155 106233 27095
18564 16755 13893 30767
18565 26148 82854 98674 25609 53298 30891 109730
18566 103682 107417 107418
18567 6461 24027 25047 77853
18568 18946 45657 104481 26499 23932 103342 11591 57681 12329 43512 877
18569 93702 93736 93758 93866 97930
18570 5056 76831 29137
18571 16209 65740 60741
18572 5110 40799 92626 85066
18573 5894 29497 30881
18574 20787 10009 83726
18575 86573 80278 98245 10419
18576 54692 75881 86516
18577 45986 3162 99197
18578 29324 3863 109996
18579 46847 107531 28509
18580 12146 40270 92585
18581 84599 16380 44505
18582 3366 21643 3741
18583 18934 88621 57781 67685 110893
18584 32645 97534 108225 79221 17892 78448
18585 54781 28411 102770
18586 24082 23905 91131 41013
18587 85875 85876 85913 108322 56909
18588 34371 319 1328 18962 14932
18589 85324 34155 92310 49483 105867 105919 109710 75048
18590 57978 68266 11032 45924 87600 107537
18591 101845 54824 110295 110296 110494 110547 110548
18592 95683 46986 8936 105781
18593 17908 103080 9190 103092 2040 6697 3317 56980
18594 8820 92576 93762
18595 48362 307 11585 9027
18596 111013 111072 77714 111073 111145 111176 111177
18597 82539 89336 89337
18598 84102 97849 53413 7519 7260
18599 51081 17739 42533 104477
18600 5702 69301 14558 748 38035 47184
18601 83193 9808 83194 83262
18602 86466 59865 82434 93430
18603 59934 83995 28352 43433
18604 7643 89529 2910 99358
18605 5071 92024 33807 15373
18606 86130 82963 92065 77391 99309 110801
18607 85408 85409 105215
18608 75247 92274 110621 64029
18609 40727 100254 92386 13791 44093
18610 54921 22889 99322 99323 83252 109547
18611 926 54950 1810
18612 85477 4780 21471 91609 8035 24823 108336
18613 64828 52862 36311
18614 25553 54649 8397 29090 7302 78481 388
18615 86125 67619 62410
18616 15312 9106 8757 55165 66598 36423 68291 18026 58395 69769 108273
18617 32337 83948 90766
18618 104357 104383 104408 106686 6611
18619 47430 92778 5244 2166
18620 11997 8929 55156 37665
18621 88695 19535 21472 97631
18622 83913 94487 110181 110182 22685 37542
18623 69949 30029 31405 13 2429 24207 54173 67171
18624 99566 65727 55038
18625 95495 5337 34257 23569
18626 94829 94849 41076 94890
18627 47250 10960 5754 4972
18628 2052 30838 816 94304
18629 5641 29470 7521 18460
18630 92326 92336 15000
18631 5253 21742 2453 80023
18632 85475 85992 2012 93708 110931
18633 89166 89167 89338 89464 10707 53124 79483 95538 101823 75535 65391 22549 91703 106787 55605 33813 47418
18634 230 45239 5424
18635 54875 5855 319 715
18636 5302 30503 38178
18637 97906 97793 32291 106175
18638 86332 11791 92272 47729 52898 92906 15846 31210 18416 94582 94583
18639 76407 42260 49863 104407 9503 10107 99826 88366
18640 76204 82995 24439 100314 109164
18641 1052 1960 75145
18642 109477 1391 109378
18643 30797 1112 6540
18644 76307 26019 6689
18645 60743 83658 83659
18646 83112 85015 85097 33620 9217 87394 87421 87442 99010 99012
18647 576 98779 35123 22009
18648 1564 77795 94588
18649 3822 93563 97933
18650 55852 77294 73801 67258
18651 63792 83129 9467
18652 17504 10235 104970
18653 85599 103758 103759
18654 22814 96747 34311 96764
18655 93533 38845 66026
18656 30029 27808 5214
18657 15529 18995 37517
18658 32602 28179 7324 4040 90105
18659 47257 15341 5424
18660 41928 25735 5922
18661 86012 9691 19975
18662 20531 93778 671
18663 795 23349 108585
18664 89082 90290 55351
18665 8912 49385 60967
18666 7402 93099 21457 19959 29626 55686 41591 15861
18667 51702 1163 75881 84447
18668 83386 34221 80495
18669 5811 57237 165 37808 3475 55007
18670 88534 88535 29446 6661 20524 23654 94467 5211 35971 11321 77932 109333 68820 918 20524
18671 4027 33393 96268 110099 101873
18672 9719 20652 6147
18673 90065 29238 57003 93978
18674 20481 64903 100622 76251
18675 84829 64903 91673 85712 26488
18676 47659 2343 95531 77763
18677 33171 1328 3515 96754 30456 96770
18678 19347 101193 97390 109298
18679 63468 58452 31075 19118 98730 19000 95517 98917 66256 92365 71973 99653 96482 99869 93383
18680 93326 93327 93733 106397
18681 84957 9350 69612 84275 76
18682 1542 15153 59912
18683 67877 33689 307 1620 13028
18684 82426 16345 18292
18685 47600 104781 47600 28537
18686 4514 97788 102548 71863 14242 67546
18687 12327 126 3296 24719 10641
18688 56265 70773 69012 107800 85528
18689 4373 11477 4657
18690 103678 87401 23618 10544 29058 31380
18691 11161 93013 15391
18692 86282 78517 93677 67302 52074 82505 64024
18693 53865 10227 67877
18694 56204 5424 307
18695 8255 61627 6288 32126
18696 4302 24496 98883 44495 62001
18697 66045 4299 16752 83641 45719 61404 102061 598 97
18698 87993 87994 87995 90550 90551
18699 29943 18688 83995
18700 14255 83453 41100
18701 83215 43128 92967 93484
18702 97764 97765 105907
18703 20896 16762 20794
18704 335 76272 61242
18705 55788 23341 18523 74498 19194 109451 55746 19657 11084 2276
18706 22436 83710 29730 58726 100291
18707 90981 21126 2579
18708 56380 2306 103966 55638 70744
18709 71533 11759 9527 95144 95175
18710 6721 55648 91281
18711 29347 80130 54064
18712 42929 5694 57824 40243 12939 47312
18713 95456 54258 21324 104861 73219
18714 54907 53391 14355 79597
18715 83234 16414 60090 42765
18716 55685 1656 91727 2531 55854
18717 17983 49440 59881 55230 5028
18718 100080 100130 102683 45505
18719 3575 15745 81259 26221 68552 104715 4990 72446
18720 28995 33903 33926 17305
18721 2876 11473 66619 44119 13654 109748
18722 45205 8469 18944 2106
18723 91453 101168 109196
18724 10227 2848 307 93160
18725 100502 74824 15836 71875
18726 844 65771 13938 87625 11255 14024 11150
18727 47270 81823 85788 106281
18728 19079 10171 13252 12669 37474
18729 84872 56204 89679 101297 101298
18730 89744 3874 93811 100735 4776
18731 40720 32627 110543
18732 62813 900 30790 105684
18733 81696 100097 100098 100099
18734 8536 32871 19340 3958 52021 104184
18735 31574 84541 82438
18736 5811 89320 56335 56517 67258
18737 4007 56204 92565
18738 5071 45328 30762 352
18739 87070 29636 1896 21216 4033 13108 20126 70549 37192 3055
18740 70358 83032 109510
18741 72155 88451 25099 319
18742 105159 61120 2079 99428 79531
18743 27930 18761 75773 12702
18744 32094 95103 50779 17956
18745 23547 86350 12342
18746 87992 24794 34704
18747 2848 451 93289 107858
18748 10194 13194 3465
18749 98039 98072 62404 98096 14496 15771 68223 71190 34602 21937
18750 96241 44359 5234 43201 27802 106014
18751 7959 20166 15316 109402
18752 20750 52979 1560 7056 110457
18753 87615 87616 90460
18754 91602 3262 26028
18755 3278 10449 95612
18756 91986 51738 10108
18757 30767 4758 21783 44795 54364 3864
18758 61242 8513 24006
18759 90079 53941 87435 39355 81832 90109 61242 62583
18760 81512 59811 37891 9719 45771
18761 1832 15691 2900
18762 67554 59245 14228 91660 105899
18763 91176 77452 50735 98131 98132
18764 10449 4392 17048 4302 25507 66016
18765 86670 4513 43555 1871
18766 319 71799 2081 109231
18767 50855 9756 6603
18768 10698 95343 7035
18769 14379 20166 684 102567 68581 101165 33028 77591
18770 3055 88624 37409 56013 97411 6004
18771 62601 98054 98055
18772 86927 22087 53287
18773 89360 23697 13643 94281 66688
18774 47488 87298 2106 4302 38979 109704 69415
18775 83392 70117 86075 86076 86117 91346 91347 81455 81498 86075 91412 91413 77977 56049 94430 94511 94512 78004 28565 98897 23739 83392 98918 106163 107072 107078
18776 56207 56208 2163 174 108695 108696
18777 96832 14721 73702 41227 51504 12098 5806
18778 9027 33501 24618
18779 12691 50588 106222 55928 878 111401 109378
18780 96969 1502 61242
18781 69430 47393 35205
18782 2276 75771 28128
18783 19865 7302 31494 10657 4536 4695 110383
18784 24416 86474 30220 49362 100260 20175
18785 9688 90773 2320 45024 17777 47938
18786 6434 8244 36078 1496
18787 109373 109374 109404
18788 9953 995 64951 49986 29522
18789 24820 6540 33568 27633 9184 27633 108964 9184
18790 76129 418 7164 27930 19173 5211 8412 83987 34037 20038
18791 102507 106751 108789
18792 1892 109246 25900 7579 96296
18793 91223 56169 87928 61555 100946 26672 101109 48315 11317 101147 34375 101149 101175 61780 103745 103826 103846 50903
18794 9691 1634 10029 67934 32539 10190
18795 91978 14003 85447
18796 13187 53858 81834 13459 1061 54985
18797 83691 102575 103426 16867
18798 61242 2800 576 97 51447 23510 93755 46691 3932 63012 106362
18799 5028 95700 89069 11591
18800 86684 35090 74282
18801 30711 55467 72011 8361 612
18802 75625 31771 26933
18803 895 93123 81834 107897 110606
18804 5333 4430 1523 48432
18805 6236 9329 57866 20772 54160 37730
18806 88224 77331 13501
18807 2653 65140 25020
18808 79540 25279 9784
18809 56376 91490 91520 91534
18810 46522 61761 9443 58779 45715
18811 38 56384 16616 83792 103476
18812 31976 14075 3291 44925 110025
18813 47 89548 102477
18814 466 281 32844
18815 1397 86713 27077
18816 9058 6782 19640
18817 6288 97955 388
18818 102265 2378 75372
18819 59767 1620 84515 32133 52809 35670 60023
18820 440 16818 201
18821 96177 96178 100579 75099
18822 79944 319 36398
18823 45720 56836 45720
18824 83489 23985 84385
18825 68633 69324 69205
18826 84201 43411 39929
18827 6262 3391 38183
18828 89179 110596 111671 111672 101341 111673 73039 112002 112112 112322 47017
18829 31571 88125 88126 57201 29449 55142 110944
18830 58923 68561 35843 7055
18831 30004 434 7780 22970 7627 50088
18832 3817 3486 15316 71960 7519
18833 90684 91339 91340 93311 94952 110390
18834 92308 307 67877
18835 100133 55098 103788 18588
18836 22419 90252 67877
18837 89423 10020 11366
18838 20320 45996 11791 93729 109889 99663
18839 14489 83802 2783 3649 71830 97360
18840 86817 86826 62985 64102
18841 75403 10430 77313 10430
18842 91213 108436 22001
18843 365 48816 82989 12789
18844 94403 68071 94466 70917
18845 1616 39602 108121
18846 89169 21508 93160 42112 10000
18847 56679 102514 109315 109352
18848 61053 87725 5039 93464 108807
18849 12859 418 65278 6148
18850 18719 81533 51371 102230 49243 109460
18851 33944 10294 1063 73801 319 85653 12393 85732 32563 85733 70733 14755 7589 27016 87429 10826 61404 45399 72011 506
18852 64279 103489 307
18853 21018 104133 50374 68279
18854 76769 90652 85003
18855 83078 108331 4639
18856 104689 104690 7244 83987 1225 95794 20652 7323 99058 99918
18857 5516 87109 77088 5898 4062 107760 41950
18858 84020 14255 7066 6868 58318 91696
18859 45239 782 67095 5424 15799 18823
18860 29139 82033 43149
18861 89266 3740 24144
18862 86125 87634 63036 69627
18863 84419 87214 56735 11243 89290 33995
18864 86924 94160 70691
18865 9583 59815 754 16399 72325
18866 64881 28017 11403 2276 17908 12497
18867 86209 92374 96779
18868 60757 15316 89991 17023 29742 4946 6114 42588 62404
18869 42255 8287 67416 100089
18870 23505 21811 278
18871 7363 96215 17033 25575 17677 6435 9739 21468 46287 11672 81350 76260 7002
18872 48891 93732 6956 8173
18873 1127 40373 82087
18874 84611 99855 105099
18875 4237 84876 57341
18876 100575 103521 112214
18877 104196 104254 32538 106160
18878 2653 102754 15726
18879 57287 19729 5987 92973
18880 94668 91240 49495 28093
18881 11359 34828 19322 87838
18882 105325 110008 67847
18883 1633 56016 33054 34816 85307 110484 1225
18884 80766 1471 50163 479 14604 22006 97484 97912 67095 97915 15916
18885 105396 33355 111488
18886 93595 23697 27754 46536 106612 18836 32114
18887 1908 85813 93785
18888 93211 67220 67877
18889 10491 14228 4318 94093
18890 104348 49809 28419
18891 18112 66683 8870 10109 91795 401 93661 8504 79311 46319 27695
18892 44924 8449 7253 20760 29522 97934
18893 8879 93488 17328
18894 85669 85670 25366
18895 72633 6363 23697 105758 13049 83799 111979
18896 576 102409 102413 57121 17048 26040 7108
18897 104283 104318 10522 29480
18898 50061 54047 104926
18899 78604 41687 55793 98740 69257 98777 45448 23305 31955
18900 110161 110162 6916
18901 18635 94029 67877 39978
18902 100939 62006 4974
18903 5069 3162 87304 80415
18904 65307 84467 56004 84547 86760 100782
18905 3675 83983 84793 4223
18906 7714 69892 108870
18907 18817 93296 22058
18908 8005 92209 7144 92225 69753
18909 69702 33222 89983
18910 107765 30494 5218
18911 5723 3486 2822 39433
18912 75072 106832 106833
18913 102072 102073 32186 102224 102225
18914 96795 54736 37016
18915 4642 89994 5214
18916 84646 35361 1516
18917 23697 40709 3864
18918 85192 91365 91703 61709
18919 85019 39007 18588
18920 3048 97426 3048
18921 96810 96811 94335
18922 72845 106177 4318 108808 109394
18923 33330 96647 18142 19865
18924 69001 10610 93513 40363 94618
18925 86125 107112 4181 82452 67490 722
18926 97393 30243 85674
18927 83471 83855 87556 94860 3110
18928 41889 92994 76270
18929 20376 16753 25928 79319 41819 98450 55442
18930 30904 57412 10910 97871 104286 8252 53737 3296 100440
18931 85677 8376 67279 59449 73587 84037 6796
18932 58979 103708 30456 2833
18933 86949 6242 785 36355
18934 307 61898 67877 66084
18935 97704 92334 53162
18936 998 31697 72264 5424
18937 75073 17324 94201 63561 14289 112153
18938 10344 104700 106362 41701 9367 8829
18939 79438 94363 79438 23780
18940 23409 56605 7190
18941 58040 56402 18269
18942 89769 100607 100608 44818 104157
18943 96169 89581 6129 98890 101495 5844 54768 22504 101846 35041 66057 102170
18944 84669 62555 94951
18945 32645 60985 67510
18946 42590 30476 36761
18947 77491 57528 90415 90416
18948 86285 67877 22884 29522 6971 61242
18949 34258 52434 105650
18950 85513 59846 42747 110799 99681 110832
18951 63659 84581 80428 36879
18952 67656 45571 97938 111466
18953 84628 131 1803
18954 14477 66541 72010
18955 15551 54796 4318 4967 96430 8842 92683
18956 2800 8558 15647
18957 93366 1277 82507 105651 110592 47961
18958 87169 19347 93926
18959 30346 94770 8728
18960 39084 14255 80401
18961 190 67877 230
18962 90167 86125 69292 830 101744
18963 11388 70024 9110
18964 101966 102245 104980 107979 82371
18965 59670 1961 94593 43763 37102 107091 75922 107143 107144 107145 88253 13734 82809
18966 83189 1502 91514
18967 64217 69980 32990 25538
18968 23891 35611 28584 39373 1742
18969 57748 108890 108891
18970 81413 3325 76589
18971 37688 44665 14619 94645 96491 12273 62695 101386 23432 102038 108045
18972 19640 91192 97863 109387
18973 73815 56204 18823 307 97781
18974 58244 16380 95064 105901
18975 8660 97499 99346 9414 102899 2814
18976 86869 91762 78327 31327 43763 102872
18977 14728 61277 26095 92437 93281 92160 27082
18978 19104 43433 1620
18979 91466 90392 86796 77058
18980 94367 13346 4370 14619 18784 6587
18981 51793 91452 2815 100785
18982 58340 14968 29034 41429
18983 42749 61333 5301 18323 41011 49137 2690 50610 45988
18984 32027 66043 111975 45865
18985 17904 34816 9428
18986 29807 23341 52583
18987 41153 71517 27471
18988 3203 2848 58683
18989 30665 95829 83136 104805 4187
18990 1741 51058 44300 58980 93097 80194
18991 43781 94155 106087 106169 106427 62198
18992 5424 56897 85460 41180 98321 50095 8726 108903 11614
18993 72011 5241 4071 33781
18994 63190 56204 109326
18995 29522 98186 17720
18996 39339 76272 102744 44687 65346 4513
18997 39162 14797 100725 102404
18998 55207 58135 9212 96773 98826 14325 68336 9705 12499 13366 16003 1328
18999 56204 6076 88838
19000 85723 98775 285 40403 86084 61031
19001 17414 43330 33789 67546 60589
19002 91973 61254 91992 49555 33677
19003 78659 29391 59830 110307
19004 98811 97230 40293 33732 97230
19005 61326 84810 85110 34892 16991 29470 8191 10742 86558 96548 96554 85110 51449 99559 86558 5880
19006 4032 23262 41013 56094
19007 8942 42759 22970
19008 18323 88838 5153 89902 54768 68479 89914
19009 95815 92179 45239 1633 84630 40403 2408 56011
19010 9403 19949 110487
19011 42644 94154 6622 1563 1141 993 693 100335 51086 100435 59723 15373 4135 7458
19012 78339 86424 25043 87133
19013 14245 39329 26630 4894 58148 29381
19014 67685 82946 17561 3739 107518
19015 65901 39708 96418 29896 96527 92102
19016 2854 18673 2971 37821 3317 2277 3110 89255
19017 84996 41538 6621
19018 91817 92770 42080 78067
19019 43803 65786 16238
19020 10022 85447 10793 16542 71863 46360 73553
19021 10290 19662 16748 106470 38245
19022 86851 111598 111599
19023 75985 51371 102567
19024 85565 85977 15319
19025 53674 14427 61119
19026 72783 2362 85685 65346 5922 80968
19027 97145 15000 98096
19028 14440 6788 10194
19029 641 3466 94009
19030 14031 65557 7782 104703
19031 14567 46667 2757 1225
19032 98532 366 20132 47324
19033 84074 19754 8640
19034 84881 81618 38762 5337 15162
19035 409 99069 4302
19036 82549 69415 85110 12427 67619
19037 67153 106176 58412 111759
19038 89663 89664 38250 8649 90169 90211 90212 95727 95778 95860
19039 44109 6052 41188
19040 11465 558 911 105174 27046 88203 6971 7777 34233 17068 35809 11070 47085
19041 93263 3005 10014 78017 917 19650 45771
19042 74217 59885 84630 61242 10996
19043 28283 34553 105873
19044 83059 67664 46705 84892 84895
19045 83987 409 15551 104356 34368 31177 4894 93749
19046 68460 13259 29057 335 13377 7910 38 89297
19047 58313 1737 57788 62404 61242
19048 17499 11049 42143
19049 91496 5901 9653 104473 86574
19050 80495 95644 79555 10253
19051 27273 84848 8580 16109 6350 74539 1478 3805 101447 24143 104045 18892 80631 95431 111285 62033 2800 38479 19332 3864 33629 111716
19052 106857 61761 19975
19053 30778 57781 21811 18841
19054 87573 1908 99090 99547 19283 10116 99748 99749 36078 99090
19055 94643 87498 97123
19056 8723 111085 111183
19057 55901 63566 20212 43809
19058 14050 37327 54 96774 96798 81863 96841 54835 25539 14009 54 32921 77652 59853 68981
19059 7910 76272 72277 335
19060 97975 54860 98180 42706 12578 109814 39598
19061 23384 5252 38536 74389
19062 73148 37254 3182 11337
19063 48385 68645 49316
19064 26382 58748 6662 4747 1920
19065 1225 2079 1633 37930 14026 106415
19066 90619 29520 51761
19067 80769 9187 10629 67877
19068 94368 94369 67877 94735
19069 1672 16723 5129 18167 14700 13123
19070 56897 47526 47967 110150 110249
19071 285 79739 100631 100632 2960 109723
19072 1912 2277 42826
19073 1496 48877 97526 106398 15971
19074 93747 64771 83313
19075 59074 15149 73810 88438 91309 62757
19076 3465 80855 28912 31437 84790
19077 87718 102121 102263
19078 10489 92020 33409 30141 103322 83530
19079 34441 83321 89531 106819
19080 13413 64955 91432 376 80632 89785
19081 84145 28564 102078
19082 33786 84479 7211 83442 8738 81025 13807 111255
19083 31259 60048 19383
19084 327 95544 46307 95545 61346 95589 32214 15248 46976
19085 4935 71863 34700
19086 911 50571 74641 92203 29807 70290 92309 23128 4972
19087 75313 106274 94803
19088 14402 16962 9503
19089 3162 16798 5109
19090 82323 25708 93624
19091 56011 54179 83570 11569 62045
19092 3099 90113 89628 96400
19093 2817 72343 13187 442 14387 63300 95648 7301 79156 97597 19800 49823 18784
19094 79960 92175 39978
19095 38799 25020 63741
19096 73687 106267 99184
19097 94012 27990 1328 95531 14125 69823
19098 105243 111035 29245
19099 55181 88437 28112 3562 51792 14778
19100 4050 13972 102777
19101 31901 67877 6043 20302
19102 26830 15962 94042 79897 35059 56660 11255 44215 3630 75242 105714
19103 92728 42142 105353 7820 77307 105379 105380
19104 34417 18823 84102 101162 12082
19105 6752 47538 13559 34417 165 7829 102005
19106 32289 89884 94722
19107 73231 104965 54014
19108 23861 42884 1337 88257
19109 11256 22437 75701 108876 101102 85083 110459 110625 110659 110660 14444
19110 92860 67877 93214
19111 87747 16172 93994 37440 64601 103139 103164
19112 80460 95883 6676 35419 37999 85766 20793
19113 35027 83128 54288 91943
19114 23908 91686 112288
19115 50133 83008 103434
19116 100039 40404 53801 66315 37556 103552
19117 4138 44080 104529 87386
19118 12998 101934 35003 102596 44776 59776 10204 8173 73311
19119 89359 58082 19887 89511
19120 3690 1575 59401
19121 21804 88580 92644 20327 26165 38035 68336 72898 9607 57658
19122 53552 18385 4249
19123 27105 17048 32114 22759 6770 67198 101997 101998
19124 26396 32309 85066 104418 97033 35740 16896
19125 186 60984 2822 14383 7273 24868 78028 11007
19126 96707 97857 105808
19127 307 27471 14155 4104 1256 15122 1256
19128 2699 23972 108949
19129 102528 105734 105755 105764
19130 71879 63517 109911
19131 53298 89786 30534 98166 94637
19132 38595 8734 72789
19133 90539 104143 4626
19134 15814 28952 79561
19135 35621 15969 49706 16467
19136 87638 14082 27248 5735
19137 99584 26209 109145
19138 93424 93527 5251 52039 18160 44335
19139 2192 307 45239 67877 56204
19140 21502 8376 14550
19141 107358 30743 107487 108561 76724
19142 92479 8072 96946 97298
19143 34281 97783 30420
19144 7886 56126 3202
19145 15480 43817 26325
19146 34124 99811 64301 21088 3317
19147 67471 5249 11256
19148 90177 3628 85922 62006 111966 111967
19149 18352 15891 59842 20609 70032 105823 105824 105825 106492 106623 106624
19150 83577 83706 83708 78639 72480 8785 35326 1998 28430 17844 14798 29010 12725 105271 59247 105730
19151 90865 50730 110223
19152 21472 23972 5317 41054
19153 88337 38884 52843 95105 17172 95106 43507 46390 111434 111435 111470 111498
19154 10840 33875 3448 9448 878 14284 26264
19155 99925 11477 29776
19156 5267 4318 49007
19157 93162 3819 93123 75779 13574 93544 77887 986 93573 21643 7907 34727 8330 4539 93593 20166
19158 39683 28106 14477
19159 12152 44308 65527 5804 31395 5982 93157 58393 41273 72894 47473 19000 17987
19160 9763 23679 4917
19161 34830 59662 56954 41227
19162 50035 32536 100727 100794 100824 100907 9583 62319 111126 5201
19163 83965 93665 11121 96730
19164 36852 67392 90901
19165 83591 74809 91710 85571 91711 13459 91731 91732 101899 101905
19166 92424 84565 84159 36406 16979
19167 21713 17891 80742 40443
19168 23505 37527 10657 12812 10387 5019 44913
19169 34417 31111 12152 98252 55628 111291
19170 1207 2147 86662 86663 86664 86712 32416 86722 86723 93224 93225 98922 14291 35003 2872 72550 106100 106192 62251 86663 106226 108000 32416 108413
19171 86322 9730 77380
19172 107744 71937 107773 107774 107807
19173 72011 41050 57132 51843
19174 83929 4998 95884 2770
19175 78062 13516 50640 32044 82459
19176 23778 96269 4223 73138 78038
19177 9856 1299 52435 34333 28907 745 12345
19178 4115 35730 19359
19179 18368 6871 105047
19180 17554 7698 107272
19181 1490 92794 19602 1776
19182 87708 4227 105815 7054
19183 27423 106362 94291
19184 84366 100883 82759
19185 99786 99787 99788
19186 59491 96106 96107 101484
19187 93089 56699 97245 16010 97404 97405 97433 64627 4525 62820 46875 29965 105538 73193 15787
19188 60354 65346 986
19189 35227 772 5640 10862 7860 93585 61673 6528 6083
19190 1814 42076 110887
19191 33054 14026 9003
19192 8820 36830 48574 1943 38637 110669
19193 78315 92222 100197 40919 111525
19194 5211 28841 93406
19195 92796 308 13431 2113 8921 92898 94657 37334 32853
19196 67120 70758 56285
19197 23296 8621 93995
19198 77062 29125 97562 62318 23903 111045 35604
19199 96134 98607 99089 100857
19200 85463 86205 110276
19201 58300 5333 38037 107690 8330
19202 45277 103847 25097
19203 7600 4514 39865 1811 10020 11966 13122
19204 91454 43810 926
19205 22958 44817 43848 6506 102478 102519 51174 102552 4385 102553 102554 41743 73402
19206 40788 6405 46804
19207 58004 96021 22776
19208 96105 102002 41760 10204
19209 64216 95840 30984
19210 29108 38307 4896 72719
19211 103875 43810 87070 3610
19212 26488 96451 98950 98167
19213 86266 86267 8954 104037
19214 95128 103527 110356
19215 83410 95015 105895
19216 63561 83671 30635
19217 62490 81288 32326
19218 101236 101260 12381 20254 107465 9593
19219 8842 2653 1622 3665 84927 97 64316 61242 20466
19220 2814 2458 87885 8676 94196 90320 15022
19221 84921 60422 109528 112088
19222 18823 64136 61550 60273
19223 95264 2567 37283
19224 93342 84924 103688
19225 99152 71863 67411
19226 12558 15837 85232
19227 83393 85740 90546 104329
19228 16355 4642 21369 76451 23317 67368
19229 57708 17655 7244 66256 26400 102881 14858 44548 10826 108614
19230 16484 19982 9326
19231 2148 25022 30289
19232 85421 31209 718
19233 60310 4642 93518 93840
19234 3819 5828 58129
19235 11998 4657 111163
19236 87666 25755 72237
19237 83805 83806 5349 73350 92902 83135
19238 6045 41936 89199
19239 99343 92639 84634 105634
19240 99461 41847 111405 14040 59609 111623
19241 93671 60464 7567
19242 1815 5212 112311
19243 81834 1475 23697 24302
19244 61694 67877 34654
19245 91233 94705 60501 95650 95651
19246 32037 94785 94809
19247 85852 60527 85853 53931 26625 110721 10436 10963 85853
19248 1495 51992 31598 102817 82276 23559
19249 83129 63609 5811 84543 84555 10412 2256 62716
19250 22178 4944 4921 94120
19251 487 50100 69587
19252 83391 95965 65632 13162 26631
19253 1975 9032 45162 32819 3389 5413 26049 57631
19254 75465 70920 11179 102523
19255 62790 93125 67877 307 41367
19256 3376 3759 6971 15685 30099 78663 22162 576 90952
19257 67847 61766 30503
19258 20550 83502 15910 86066
19259 12175 54468 52950
19260 83716 66030 41013 21997
19261 88539 101482 91748 103756 42321 3833 13972 105151 43056
19262 92312 7846 8504
19263 26116 83255 93177
19264 4047 18992 6292 33189 16555 109261 109353
19265 95041 40592 101398 2129 104232
19266 83567 41635 110405
19267 11129 10022 106770 33056 64903
19268 62302 92038 13157 7236 9143 32486 3258 57952
19269 14538 15529 27082 2653
19270 4481 6083 83017 83056 16231
19271 5922 2653 42617 96318
19272 702 67220 13940 59744 12388 6578
19273 86846 10763 6009 109418
19274 20215 47545 11287 230 18134 78521 95381 105369
19275 13206 3782 7412
19276 19622 53187 96655
19277 83959 6333 70769 56735 15376 7077 19046 101380 111976 56127
19278 34164 96346 15799
19279 91760 93904 93906
19280 97362 5383 7198
19281 90667 7176 6758 49657 73482
19282 83758 83774 83819 45030 95368
19283 47938 18740 18310 24722
19284 1306 4780 11911 28827 15956
19285 89819 60835 27857 106219 97468
19286 5828 22501 41871
19287 77347 44487 44011
19288 1110 7829 76320 71514 85378
19289 38410 7035 106441
19290 17956 34729 44495
19291 49256 69199 33963 3618 96338 1887 106928 106929
19292 663 62278 12052 29097
19293 14155 33 88438 88540
19294 86112 31647 75227
19295 28771 97143 111398
19296 95604 49913 105715 80746
19297 88971 99603 99604 99605 99685 99753 102310 102311 45576
19298 24678 7031 108304
19299 15137 51738 7920 99058
19300 99783 62421 99850 98449 106609 28467
19301 66984 24064 86123
19302 84050 9212 84081
19303 46462 22127 52345
19304 307 97740 97741 22814 99624
19305 84958 84998 87441 88115 91860 96761 97222 97223 97703 97710 97723 97743
19306 83570 80382 34391 3618
19307 72277 78760 48641 9070 85110 97091 8856 20721
19308 35786 93803 98908 105200 106157 32758
19309 60270 83895 8943 43424 23488
19310 78144 100438 50824 54559 42988
19311 19153 3909 80752 108569
19312 5187 32567 72149
19313 2192 12370 95381 104773 104774
19314 88402 30630 80540 56498 18492 108828 51844
19315 105269 9241 27184 50668 98192 105275
19316 48477 3688 13909 16786 14406 97737 92848 26772 97981 98842 98843 74874 31034 9662 45512
19317 51178 20841 11832 61218 98768 77949 4503 12290 24813 86243
19318 86227 9662 55997
19319 91834 87323 89791 107425
19320 19153 343 47835 48240 3660 74294 32645 79385 66443 37944 20251
19321 3121 926 73148 43614 41013
19322 24222 106477 106512 33473
19323 32632 86892 44224 108308 108309 108901
19324 85607 95794 94184
19325 93122 96544 103676
19326 74371 16828 108842 72241 3734 98258 34836 77074
19327 61348 76476 2666 72011 91238 15422 66226
19328 28118 95792 106446
19329 69544 2070 278 18944 77329 81112 14339 2279 35660 28906
19330 90620 106895 106896
19331 91628 22903 89480
19332 15972 4032 22190 48314 30483 16681 54843
19333 4047 57457 91556 30676
19334 26425 45612 177
19335 12573 9130 75845 41999
19336 6501 2277 38497
19337 1297 3458 7213 44548 70716 1337 80706 19984
19338 44515 28488 57752
19339 35681 11473 2258 85862
19340 6127 68061 48730 14026 45973 29293 89930 1225 91234
19341 16669 88511 28771
19342 85686 11541 9662 11363
19343 5608 85442 85768 13496 38205 79386
19344 5389 70585 97
19345 11584 48786 3810 63976
19346 95308 18563 100402
19347 87673 61889 61904
19348 39845 67109 45574 97443 29898 10227 16781 101887 86610 108170
19349 25262 65074 319 7108 10629 84263 87905 71799 91085 50868 2081 96638 4948 2682 7351 28924 40980
19350 76598 25538 21439
19351 32516 8636 20434 112102
19352 78315 45239 71536
19353 53596 21317 13878 51738 97631 13366 8267 14962 105358 70911 112019
19354 10449 4935 42089 11997 106344 19902 603 3441
19355 5859 73764 5301 54768 20275
19356 13323 10201 33789
19357 12256 32781 21077 85895
19358 3664 71846 60264 73688 4367 38943 14778 61593 48625 18635 37746 73373 21034
19359 80195 98574 3782
19360 29545 754 11324
19361 5424 34922 81830
19362 96850 96851 69221 96879 102452
19363 36838 17044 49679
19364 66524 32528 45063
19365 33837 50885 2115 4543 9190 80211 4604 93778 100406 19827 13091 15908 52546 29696 109721 19975 21116
19366 21471 58554 1462 18146
19367 89565 61601 97539
19368 41100 93641 53439
19369 37787 17492 112243 112244 112276
19370 45045 55098 6540 4356
19371 6242 80631 33781 23341 54855 51195
19372 68731 13577 86316 72417 91122 51683
19373 91871 92262 92263 92947 47141 94526 27535 96962
19374 52940 101555 109616
19375 9675 28929 45771
19376 9242 67095 67356
19377 86219 86025 54634 8904
19378 19153 74294 51924
19379 61992 44492 76575
19380 36889 78971 44103 4157
19381 78663 41011 14897
19382 5693 95102 21541 17414
19383 84738 84739 9342 87733 16786 98794 106248 15229 83229
19384 83462 30375 53024 4891 41805
19385 93744 41670 60713 34997
19386 99042 93637 80463
19387 4642 19951 32839
19388 62114 93381 24441 56299
19389 10459 91180 38230
19390 10258 2690 14042 5921 34298 11186 12752
19391 99038 35079 29546 29622
19392 52033 43512 13799 33715 24701 62475 6671 2661 34354
19393 93864 21641 32438
19394 29097 97230 52380 74210 17107 18222 75281 1331 111576
19395 20699 23530 3203 9892 103489 82218 35928
19396 34862 14503 20455
19397 4671 60514 35887
19398 6782 16555 26687 8412
19399 101416 76774 22869
19400 86547 29977 108938 108939 109197
19401 68076 80897 7560 34486 75457
19402 7927 77563 22890 736
19403 83696 99981 1789
19404 526 43305 86859
19405 3203 68581 54041 13333 4442 25437 10449 3819 55578 14436 306 103349 23953 16783 50891 107888 4302 4349
19406 31726 23660 53529 88111 88135 42415 37441 90259
19407 67877 110706 319
19408 86977 86978 86979 30629
19409 109575 16815 54711 109608
19410 20448 4792 33685 67899 22285 49038
19411 17552 84774 84775 12256
19412 12859 87023 87053 17739 74072 1061 101203 106558 15745 4331 106572 87023
19413 62333 87490 20210
19414 98046 98074 63490 100369 4007 106983 52798 10182 108917 15046 86133
19415 68044 87430 81473
19416 88170 57838 12701
19417 1633 3820 51637 14786 83310 105376
19418 5109 95634 3483 95719 95720
19419 4367 41286 17414 2224
19420 2040 2277 66443 41013
19421 83354 82295 8418 100181
19422 61710 98310 73529 4809
19423 65555 87384 31771 41769 3646 49312 97352
19424 6415 5424 2366 2587 60574 38848 75437
19425 26650 16484 93714 108584 33760
19426 14941 90836 90837 60704 29058 91073
19427 32429 100798 41654
19428 2168 91616 10000
19429 91325 14207 38393 62426
19430 2428 53576 7392 68546 9634 10182 78663
19431 43490 66320 6479 78425
19432 22884 44787 36036
19433 15409 68546 45771 71960 26227 4246
19434 1537 85432 61201 95498
19435 307 99246 56204 75623 13780
19436 16555 6797 10423
19437 95647 44348 9551 105874
19438 59576 2138 2391
19439 88174 8988 89527
19440 72270 46159 49309 92584 63041
19441 7129 5686 63109 99557 98990 69615
19442 94031 12697 4032 67594 18263
19443 98198 51475 2567
19444 28557 28230 9153
19445 11483 10150 4033 103775 74219 84089 19975 3646 110358
19446 27774 31719 6552
19447 10986 24143 53302
19448 92109 14925 108759
19449 576 3233 69769 90113
19450 93123 84469 80631
19451 43433 2655 56058 104631
19452 8576 84405 84475 8469 53067 109614
19453 69979 8601 97461
19454 21829 88912 79634 72893
19455 97800 19537 98321
19456 92556 92557 27689 2354 110904 27368
19457 98649 15792 98650
19458 19153 13171 10702
19459 87031 98231 98761
19460 104860 11605 57065 6376 105055
19461 70306 54550 47411 2351 106161
19462 84281 78372 71789 45709 44687
19463 70585 108063 7370
19464 33995 442 83537 10014 13791 75468
19465 3625 772 84390 71863 21965 82912 61747 93334 10449
19466 90839 32213 32877 91289
19467 91952 92190 92278
19468 57442 89979 28111 90383 76190 57298
19469 98746 81597 111026 48163
19470 307 97387 68687
19471 80715 26802 29470 103699 4896
19472 85073 105261 85073
19473 110675 37665 58135
19474 7486 86882 37736 23410 86993 4157 418 17905 100211
19475 92222 45239 782
19476 89655 78987 62951 109006 109007
19477 56204 11086 94892
19478 75468 28929 51843
19479 89028 54732 58683
19480 53351 68546 307 10407
19481 89990 87207 84404
19482 98857 60577 101493
19483 6363 319 8856 1496 7302 38272 24351 17677
19484 97230 100899 19014 13773 39726 100976 96333
19485 1368 15846 79975
19486 51539 106597 14403
19487 11132 92529 17786 100835 64023 100837 51000 79454
19488 54526 85489 12347
19489 87184 92411 30232
19490 93785 82536 52351 21343 98729 49159 52240
19491 14250 3557 48989 92961
19492 69949 41095 95817 40679 541
19493 62352 39826 2882
19494 91041 91083 6623 104824 90116
19495 91435 91663 75644 87419 6147 108218 9725
19496 97950 49856 97951
19497 15227 64017 110133
19498 6035 5811 5922 5151
19499 14216 1479 42061 34071 5711 3376 15140
19500 10004 319 87082 93908 76272 76867 99296 99312 378 87082 6900 2687 6811
19501 95991 97551 106543 108617
19502 92470 63218 92472 96126 96127
19503 89191 19153 30329
19504 25073 6721 412 104928 2106
19505 94527 70423 42572
19506 28314 95047 26945
19507 26360 84729 21823 67510 18595 684
19508 93386 19383 39339
19509 64903 4104 335 71947 8469 8771 36850 18892
19510 63275 109599 100340
19511 277 52583 1908 61242 3055 1737 79126 91901 75884 24823 33211 1814 45639
19512 11429 88663 11596 99804 99805
19513 17720 12587 12165 62006 12334 7274 41227 5667 98354 67427
19514 21167 2949 2696 97955 111915
19515 9400 33715 2152 49470
19516 25669 82947 17499 5545 1337 10932 31065
19517 34727 106 69591 46858
19518 14082 78144 912 35314
19519 92301 8341 687 60641
19520 22006 782 71120 97786 19622 93573 1700 104537 230 50316
19521 6561 105117 63414 6603
19522 21676 62601 84519 92260 95340
19523 11477 59332 3782
19524 3517 100692 39256 58788
19525 83102 68515 85624 46290 111173 63594 102152
19526 74597 84095 94874 106333 32126 56714 48958
19527 52797 89862 54721
19528 34607 88253 54491 91225
19529 2224 61469 6496 99136 4157 29010 14865
19530 6760 27475 84630 100436 69769
19531 86785 103939 101720
19532 91873 64655 107810
19533 16138 4397 74120
19534 67477 63525 10108 7860
19535 18706 83676 106414 106429 7307
19536 91066 29632 104674
19537 96343 97935 39278 8842
19538 93219 343 93380 56204
19539 49415 10987 93750 73358
19540 59785 111854 111855
19541 22501 105563 5345 108462
19542 11981 86975 6434
19543 83417 32348 101519 73729
19544 6057 102958 47919
19545 1942 105346 65908 82931
19546 7520 110982 51393 3329
19547 45176 97039 29962
19548 31124 52484 4765
19549 230 90784 71830 85641 5424 99014 33813
19550 77571 7778 94071 2106
19551 75913 2669 47593
19552 91486 45276 96591
19553 55534 4975 39978
19554 30890 87438 13094 92229 4970 23088 22191
19555 99522 73980 29015 81242 99709 110469 110470
19556 14807 26906 2320 1397
19557 81681 81234 84594 7947 42591 23859 39635 40748 81234 111194
19558 110356 111753 36466
19559 83076 83900 82910 84305 102689
19560 74220 5961 319 87625
19561 72898 106004 11216 40784 36340 4104
19562 36635 4390 110844
19563 15391 21043 8244 15790 20145 12290 1620
19564 22251 79603 22060 99382
19565 84949 84950 63821 63824 10204 100542 63822 100543
19566 67685 14560 89088
19567 4071 39502 82193 84275
19568 33410 48896 93656 39255 165 33410
19569 43441 23526 95369 95370 52973 95429 95430 76944 63858 79304 94939 20460 81317 70965 63357
19570 86861 86907 86908 80769 51018 42895
19571 10957 3399 96192 104218 22190 6011 91612
19572 45100 66443 12292 18595
19573 94551 94552 94578 59614 17539 96892
19574 42085 35802 45090 63887
19575 67848 95381 72898
19576 1388 993 89798 12391
19577 83864 31892 111622
19578 55118 63452 96509 63781 101634
19579 4013 35485 106798 19451 15664
19580 33456 110637 110638
19581 91584 91585 69414
19582 6806 25562 19344 84469 5859
19583 91598 95630 61991 99416 104226
19584 99044 99045 100201 20331
19585 8103 335 31719 75985
19586 319 45566 5110
19587 7144 17603 3220 1382
19588 15459 28932 16964 83289 41311 5070 10108 8572 28429
19589 2800 46804 53237 89787 2241
19590 87378 7318 63517 15149 5693 88438
19591 3646 31571 80633 64881 49168
19592 103582 103583 103620 99705
19593 19425 64279 87990 88000
19594 26474 23543 1496
19595 50040 27910 61815 49592 70024 56054
19596 10223 8315 34816 28123
19597 24431 21846 52435 105943
19598 46768 100154 101917 110006
19599 9402 12342 1912 9878 104961
19600 83921 83922 111298
19601 104887 6280 31183
19602 87276 87304 39549 87334 87335
19603 89389 37877 5253 83728
19604 29965 7031 12032
19605 85129 85253 83452 61487 94824
19606 88672 88807 8590 81985 101441 96969 101798
19607 87211 87212 41097 1620 68076 14365 73830 90786 61242 95749 98838 10560 67546 11116 33786 41049 17499 29604 7600 98615
19608 92320 5333 25971 102272 105368
19609 45060 15316 3839 99407 110114 15211
19610 61157 98793 98858
19611 11306 17644 22591 7058 48207 83317 99649 4356 98253
19612 7260 22804 69769
19613 18454 15482 110123 37795
19614 99906 102499 20631
19615 51409 49256 71455 28892 11997 2210 43444
19616 100731 18613 100971 1168 105682 105683 92610 99701 105794 111227 111251 111252 111309
19617 87901 14688 16257
19618 9568 32219 52060
19619 86729 86863 39380 86864
19620 15143 674 85207
19621 72013 10025 89637 100724 63037 101007 76987
19622 11049 100361 14596 1337 71190 23972 20636 16798 11403 100754 4331 10253 18703 45831 11661
19623 64394 32532 20166 80631 93785 48612 1464 109157 104796 1908 27758
19624 71403 71403 66974 100178
19625 34786 2653 3220 80631 85123 8480 21965 85066 47972
19626 88838 52435 1328 99489
19627 61031 6083 22736
19628 33219 64436 47318
19629 49142 67877 20001 106082
19630 88701 88702 9228 75455 15319 100882 100969 20725 13413 63525
19631 32305 24322 77042 21937
19632 94265 37120 111809
19633 10449 9948 3278 594 59834
19634 14260 106955 110454 110833
19635 53625 34949 79112 46357 7798 47972
19636 7363 84701 29318 64514 100747 100748 100749 10670 14359 100799 100829 100830 20551
19637 97148 97149 97483
19638 57919 11591 65877
19639 88414 88415 88416 64990
19640 48737 37726 25771 107474
19641 75111 42657 2098
19642 90636 11591 103342 36798 79083 78451
19643 85444 19676 100370 70177 100371
19644 59471 44368 70964 39373 56735 76611 111763
19645 12990 56817 82536 11832
19646 85879 6589 6248 13768
19647 65074 10304 97041 28763 28461 67877 34187 55309 34654 104687 99697 13401
19648 87070 49330 44161 4780 7002 23973 81476 104796 8221
19649 61242 88838 68479 4513
19650 98880 73587 92106 13201 79208
19651 15533 14925 18345
19652 76601 36594 87949 91818 34672
19653 13644 24094 17501 9333
19654 109655 111566 111567 111568
19655 2276 108202 73549 7412
19656 85036 68699 34026
19657 47488 14128 6004
19658 43433 94030 7764
19659 84263 82965 89489 101146 18899
19660 10654 57029 89398 41669 100723 69608 63560 100893
19661 2408 91408 11157
19662 31054 6043 55492 94773 94774 21997 91180 72965 83242 100050 100425 97523 106735 60915 1880 111939 65559
19663 36705 76831 780 10121 10014 926
19664 14796 47 3819
19665 75507 63091 45748 9964 55040 32509 92052 48916 86378 101810 92846 109412
19666 79939 29354 83151 5859
19667 16555 5608 94788 21982 94939 30589 84538
19668 87952 378 83136 17176 58541 15469 74280
19669 4692 11400 25301 14796
19670 10072 2224 45986
19671 6589 107928 78407
19672 81848 29676 29791 110639
19673 109775 46150 55311 90902 47760
19674 1287 6732 98513
19675 319 60347 67427 100739 18560
19676 93141 60212 57713 95341 36506 93129 105009 40099
19677 409 98875 98876 80631 75484
19678 24633 26561 1604 35466 86576 101201 103624 29522 29304 25557 52743 38903 54687 57585 13880 39333
19679 86535 86536 86714 29117 105708 1666 38147 21391 28614 71355 14383 111353
19680 42785 76352 3897
19681 12209 87036 88977 12762 89354
19682 65461 92141 93425 12748 93695 34541 92141 102131
19683 1981 20160 54768 19102
19684 9395 15967 100539 67802 80559 12805 3618 65081 5499 693 85858
19685 88798 88799 88800 29856 10166 89316 89363 89436 28158 89796 89797 110203 108398 110471 111787 111788 27916 112185
19686 100230 85519 110962 69983 111491
19687 80904 5634 22745 26382 66158 108526 1994 45328
19688 5029 90139 14393 45363 97468 35485 49592 100599 62711 100693
19689 40338 60274 388 108655 109943 50052
19690 12722 10020 110039 2937
19691 1211 39387 104182
19692 87011 4445 35369 87413 46868 1706 21965 34727 108181 68846
19693 50588 65278 103061
19694 70072 98206 94799 98215
19695 4878 88330 88331 111537
19696 28266 4972 69950 25676
19697 8912 28537 56517 10420 71825 15099 918
19698 15743 90770 91621
19699 4975 67095 14207 13431 30766 96885 918 10294 7302 108597
19700 67109 35436 84144 67257
19701 84874 97509 108960
19702 11079 25676 103666 439 4857 95381 7295 67220 106147 20019 62346 12345 56867
19703 84777 1084 993 52043 86483 44867
19704 9350 49256 92808
19705 30262 89012 111088 111148
19706 111094 111095 104150 80623 111165 111166
19707 17669 4136 97287 1656
19708 89057 51922 84957 27554
19709 86426 612 26643
19710 43038 100588 45506 8913
19711 7576 307 111507 111508
19712 7333 13036 22065 110056 58636
19713 4343 104788 71974 104789 104790 104791 104792 47392 65432 104848 104849
19714 100590 85110 100679 20166 20919 89418 576 37 31788 62410 25507 434 14436 111036 111037 4117
19715 9448 30 3203
19716 58379 101844 101856 56111
19717 102006 3293 3278 112235
19718 58753 14207 91299 36823 2808 453 67411 2106
19719 89954 79960 34087
19720 56022 23136 76199 41580
19721 98059 76272 92584
19722 26364 19371 38681
19723 101584 25538 32735
19724 31112 31151 8745
19725 98474 98475 19994
19726 22172 29257 62215
19727 87084 761 5333
19728 280 95863 52199 32709 95898 1871
19729 5247 108969 108975
19730 92570 67517 35417 111724
19731 90524 27288 97236 40622
19732 31073 5493 103839
19733 79295 51060 83289 78954 67472 36661 96477 79811 96521 67427
19734 42665 78135 86558 93887 65074 18677 41558 50593
19735 30 1678 1573
19736 61242 43245 37295
19737 28225 52971 89728 39684 45242 10344 16246 100582 77513 35428 79525 12196
19738 8160 21493 1225 51084 4519
19739 88714 12739 26377 87070 32543 21913 33140 51449 28932 99675 5460 29927 6293 36972
19740 4931 44577 108073 83316
19741 90000 90001 90002
19742 91023 91051 104064 79739
19743 11496 47750 45239 19535 48566 89839 56011 109098
19744 28228 111898 43206
19745 736 68336 91938 16991
19746 8046 6019 2279 46290 2666
19747 10894 31568 99132 69053 101430 101431 12307 102881 47271
19748 5503 4094 8768
19749 90133 12232 90168 90186 69677 89651 100923 100966 22736 83143 30372 73950 101345
19750 55985 27829 5220 2822
19751 3805 62847 110992 7372 62578
19752 12811 33077 40075 42293 297
19753 90196 2808 9871 12520 47237 41974 21633 26396
19754 93970 106615 107007 108242 108243
19755 55118 56011 25085 4736 10545
19756 100820 42459 103505 83633 1402 28372
19757 8287 91228 73 90063
19758 74290 85385 14813
19759 230 29097 14383 21860
19760 86738 3114 86763
19761 1495 102428 9467
19762 1799 41245 104091
19763 84939 19347 66524 84973 66546 91321 33721 29487 91357 91366 54677 94681 53533 102259
19764 32776 25596 90132 35700 90145 90146 1464 101928 101949 101081
19765 2279 335 1103 30372 36011
19766 76317 4826 712 4878 6652 5216
19767 96296 43368 102153
19768 84953 49954 101907
19769 48625 28734 89240
19770 89507 85636 13323 44919 65996 10031
19771 45409 83272 9443 14005 18563 46834 10306 19975
19772 102045 1429 104227 104228 71671
19773 106307 106308 1248 44287 74377 109183
19774 5424 366 47 55985 307
19775 21610 91598 12505 10715 96692
19776 7662 108272 42884
19777 36292 1313 10227
19778 72879 4318 49941 91900 10472 9765 1539 101098 111677
19779 92586 39597 24199
19780 90353 15541 13957 90369 90370
19781 63602 45896 1878 92931 6697 93502 101510
19782 4683 94106 24813 111832
19783 4803 108823 21722
19784 85572 18015 85595 73962 14956 89501 13938 24068 108774 94953
19785 74235 42299 8064 89418
19786 278 28461 9029 102037 56867 48855 95095
19787 20915 7011 104269 6030
19788 89860 100270 81964
19789 76487 95942 107160 8981
19790 1397 88788 926 11222 45762 6383 107405 85873 79822 36705 72484 12056 20397
19791 49684 25077 31226 75377 106356
19792 32862 23317 108815
19793 6236 91543 911
19794 85447 86791 27990
19795 89243 92257 27851 68675
19796 91299 1124 28458
19797 67095 22468 85110 782
19798 62956 83143 87945 87946 88011 89503
19799 5615 92374 54220 13540
19800 83346 83744 92755 60252 95196 95287 98944 53251 22119
19801 30711 21624 3021 98312
19802 2854 1306 1225 6979 33054 16323 8938 14026 7130 110312 2736
19803 90480 63710 90496 111079
19804 82311 47793 102642
19805 69155 13423 107615
19806 3839 92302 4538 43412
19807 30503 97697 91938
19808 86587 87145 90823 91528
19809 48314 88393 6108 54514 111540 111575 111609 111610
19810 83813 23768 49762 2281 56482 60748
19811 88151 55683 54529 105680 2429 6995 33125 76466 14264 20081 92969
19812 26674 4873 85641 35990 72011
19813 19065 84772 7962 45574 101542 102180
19814 52435 89573 93836 97842 3739
19815 82479 15298 92039 93833
19816 63659 8837 86795 3805
19817 45771 85066 72665
19818 85559 94182 34083 41285 104445 108743
19819 90642 65944 71657
19820 20327 52798 42601 576 711 67877 71120 4063 23640 6441 10560 106539 107228 107229 100436 33904
19821 93983 102518 103656 60817
19822 83531 17997 27695
19823 35013 43479 92365
19824 91011 90757 25553
19825 74535 8347 10064
19826 4663 34951 73546 76420 6920
19827 8394 77887 27095
19828 92294 92295 1333 61210 69946 8283
19829 1306 84896 14026 2576 2277
19830 10084 12192 58644 7618
19831 97210 30858 104156 7970 12329
19832 39355 100531 104173
19833 1798 107712 62921 44687 107852
19834 64403 80244 106565
19835 87040 4104 26488
19836 22605 13857 970 19854
19837 22011 85723 10085 32400 60113
19838 80237 43512 47938 83259 59653 63190
19839 83433 55780 75770 36550 14372 15551
19840 98440 70797 104080 104080
19841 5371 103917 103956 62028 107556
19842 88026 8685 41318
19843 13643 60681 94311 6268 41687
19844 16221 41701 10453 83738
19845 86862 53373 19582 93156 97126
19846 9164 51008 24432 1959 60526
19847 73746 42706 108490
19848 84825 31449 24669 97388 67111 102981 102982
19849 12688 7905 18546 67877
19850 7829 5413 14449 34196 15747 70547 2129 58053 51896
19851 100476 32847 72574
19852 96578 19604 53959
19853 9478 6105 84626
19854 84279 40403 69331
19855 15556 18953 13514
19856 41318 9448 4044 8757 38172 3362 61242 72665 84430
19857 278 36508 10422 83218 4642
19858 96658 663 715
19859 34654 95986 4302
19860 78760 10201 30665
19861 83042 2341 28225
19862 23192 6529 53968
19863 13323 32529 22884
19864 9906 6796 7011 110364 7600
19865 14402 48612 8999 33211
19866 90774 51302 104431 104487 104488
19867 29236 1214 35740 82808
19868 81201 103195 52921 35905 18842 13353
19869 83348 97228 52610
19870 98722 7520 49976 98859 59549 98862 98886 98887 98888 5091
19871 12243 41588 92954 93046 78449 19845 96210 96654 84662 30059 95145 86771 96758 4304 97406 97440 13215 13226
19872 96787 20738 5642
19873 83338 85538 11716
19874 20488 83481 19640
19875 23338 4318 99101
19876 28564 1905 46282 104917 104945
19877 15373 95610 43950
19878 63888 14619 101316 28881 39069 15307
19879 90089 993 88309 17048 106382 106383
19880 44161 9058 9852 57347 4157
19881 7369 98783 85066 54768 104764 89531
19882 5803 30635 35324
19883 67461 19065 106705
19884 10064 21261 56126
19885 35836 80556 782
19886 104280 84717 91544 39091 12052
19887 87315 75470 92832
19888 1656 84213 2163 4318
19889 97044 67567 67569 97045
19890 64915 98588 98589
19891 86246 382 612 6827 1776 71830 6167 67877 55926
19892 28833 53674 96240
19893 42880 93334 9855 108862 109246 34488 12388
19894 84644 84645 83742 84690 80100 94191
19895 70666 96114 26335
19896 91103 91159 91160 1620 80172 93367
19897 25676 104379 88865
19898 75706 93166 68717 7999 67679 73028
19899 10334 46293 32956 43140 57631 15302
19900 105173 43810 21992
19901 20166 109187 109203 37004 24407 109270 57911
19902 2320 553 15971
19903 30644 2320 96627
19904 11107 68975 100368
19905 13555 18717 1202 1306 15298
19906 9524 74831 9170 68531 93340 15319 37047 37283 123 2277 18034 35107 72764
19907 1326 5751 1112
19908 14219 69383 104384
19909 1067 10105 8347 15337
19910 9793 86303 7302 9772
19911 83557 17238 23596 14932 96969 109646
19912 734 89992 26497 90028 7527
19913 86766 50252 20347 89716 103473 129 106264 96734 48251
19914 6761 92977 6487 20780
19915 7144 5859 67877
19916 1312 93333 6167
19917 47965 67877 6397
19918 91259 36182 111904
19919 93428 93429 1620 95115
19920 70661 45279 35333
19921 82519 67937 87563 89104
19922 107445 107485 107486 14454
19923 23307 49935 10356 75437 24801 74096 68404 56643 3822
19924 83381 83881 71442 76177 88444 88512 96038 79782 79781 96080 96081 72435 104178 65864 72036 75978 56300 108611
19925 70396 307 93131 27032 61137 62602
19926 23935 67877 16566
19927 86983 12520 440
19928 81446 54875 105792
19929 94295 7498 75665
19930 30469 97520 93546 28753
19931 4913 22060 86848 37224 28841
19932 4665 92187 98598 43433
19933 15319 70407 94972 2040 16460 80196
19934 4444 52435 71960 4556
19935 65931 10894 6383 7970
19936 277 85862 26368 10370 808 90468 90473
19937 74393 58856 56204
19938 13007 98369 53063 108275 74499
19939 30918 20035 63758
19940 89674 101121 101122
19941 95365 103845 43046 71839 76795
19942 98178 98179 98202
19943 1512 5023 96931 94992
19944 5424 87214 307
19945 93465 33573 94411
19946 9130 231 17158 2800
19947 104111 70849 75389
19948 96615 78509 96708
19949 16268 30798 99123 8486 99552 99595
19950 38986 89911 106568 67623
19951 83340 83341 83566 43585 8307
19952 89049 89709 89710
19953 88796 39433 37963 23861 5074 1328 88796 111714
19954 14942 7088 85031
19955 71288 105577 93383
19956 16891 54690 25259 26341 97533 65173 99334 95981 99778 49969
19957 73304 1141 87070 3573 8231 7031 72193 83539 91824 1141
19958 52021 102983 102832 6410
19959 60537 81289 100526 40078 17414 12863 13004
19960 73371 40751 43082 106015 16080
19961 4223 1384 5145 82265 94440 82326 95502 95559 86555 103479
19962 84847 92398 104738 27955 29488 21641 105464
19963 2052 84630 56843 106406 5242
19964 11616 2052 35314 27475 34946
19965 92255 12012 37295
19966 8244 27673 53829 83987 76061 54885 20166 4040 84630 55042 106362 6944 434 60259 34602 42572 110894 62405 110956 110957
19967 45825 4785 40280
19968 91602 29470 4894
19969 41953 85530 25881
19970 93675 57077 16670
19971 78575 66498 58525
19972 25676 89800 26249
19973 32428 99897 108389 79461
19974 16698 92306 93614 40365 54339 81198 20907 16698 7673 100928 101239 99887
19975 55712 56483 26400 1697 45771
19976 52940 92093 12141 92094 92172
19977 92449 76182 15348 1252 3839
19978 97445 104456 104472 105406 105407 105799
19979 3446 24081 576
19980 72863 18034 14813
19981 67903 52063 15530 3562
19982 21409 4014 72082 894 10235 97438 3086 97122 106841 57033 19698
19983 25489 43947 16250
19984 35538 100421 35599 55042
19985 61242 4970 280
19986 7144 14217 53576
19987 101625 51501 14128
19988 105351 5640 107107 72926 108362
19989 105164 3822 110350 110368 110553
19990 87350 29688 823 110986
19991 93160 93161 1298 107734
19992 86264 30602 25532 98592
19993 19104 93202 11137 13323 29605 6751
19994 25717 90443 103613
19995 43649 8704 84298
19996 3950 47137 10934
19997 67559 79352 2723
19998 36245 88581 101243 60433
19999 94416 97349 36062 29467 31155 7402 55583 19671
20000 92897 15122 55350 28985
20001 58068 85587 107355
20002 66648 55671 434 6808 75985
20003 84031 81843 94719
20004 307 45239 711 9948 1920 76300 67220 37770
20005 58581 35923 8528 18784
20006 14108 94074 94208 103880 103484
20007 26147 25762 8361
20008 86122 88119 53555 101173 61920 106423 57660
20009 69301 38035 93834
20010 95785 95786 27300
20011 22788 90252 89787 90289 12679 40403 106661
20012 76756 96954 96980 96999 60741 97000
20013 5295 23384 97746 3929
20014 40403 39865 83799 66267
20015 39118 51022 5615 70512 16396
20016 91361 93903 108709
20017 33310 43178 21921 9710
20018 12581 38508 96926 55671
20019 98586 8255 53484
20020 45239 11 307 230
20021 89481 29213 5402
20022 4761 72011 21 14090
20023 58753 72423 319 61242 14858 9448 69591
20024 37047 35076 2504 2862 101054 105211 13626 108388 91268
20025 71960 53353 20275
20026 81260 2277 6697 912 36291 3822 743 33144 44363 30341 96405 96479 96480 96481 96551 8027
20027 4158 84737 17555
20028 54565 91697 25458
20029 12844 89581 8056
20030 10062 90107 47919
20031 69764 97555 51923
20032 91827 91830 91831
20033 83783 56323 75773 106371 106372
20034 10235 19422 109569
20035 92613 68178 92069 23727 32978 5171 63753
20036 83500 82612 83918 85699 86668 45161 83580
20037 88105 5452 101454
20038 86620 99853 110720
20039 15501 66805 77697
20040 85755 9562 7190
20041 103695 4444 29854
20042 65732 6501 4444 20800
20043 57976 2192 98450 89489 85066 62438 65685 5424 8927 7300 18345
20044 15196 104749 104752 104837 105727 106332 109075
20045 94712 108925 108936 30574
20046 63753 90373 4379 92044 82512 22820 22405
20047 13385 506 53145 57862
20048 12619 96334 17729
20049 29470 25676 97396
20050 18446 14777 89290 104412
20051 31942 23405 1475 10140 35795 9564 61755 14319 97987 35150
20052 4615 92760 30523 92792 97548
20053 13333 95484 67953
20054 70051 18575 33502 16486
20055 101755 101756 101977
20056 5843 26028 73722 3819
20057 108 21644 29470
20058 79193 106764 92434 96161
20059 81025 9058 94562 60589 52200 98006
20060 73103 88955 35831 57972
20061 30822 103378 5211
20062 27194 99940 32044 101000 105120
20063 89650 8268 13769 89856
20064 89025 544 89025 10459
20065 32396 29860 7307 108176
20066 84345 91164 106017
20067 19173 56016 6805
20068 87143 87144 89904 5286 24626 85771 17284
20069 28638 2928 94435 94535 5837
20070 49328 488 45876
20071 45021 69589 23130 92078 95546
20072 3162 3519 103447 5901 23973 95343 62978
20073 61614 52434 108251
20074 48660 70447 97036 97151 70472 108830 108831 16323
20075 84521 15496 50232
20076 72277 89603 15217 12062
20077 84361 34740 76168 70491 85498 1661 105882 106533 18518 9903 25257
20078 59859 71506 6427
20079 76940 67671 109522 12729
20080 74485 8532 90283
20081 107795 78835 72057
20082 92858 43602 72091
20083 4936 43602 3278 84293
20084 41716 84489 37053 38230 782 96293
20085 66502 91099 89959 108825 108856
20086 38762 3813 70337 99076 46254 10722 8824 878
20087 98597 51051 4318
20088 1544 81893 90626
20089 335 6399 8160 36047 335 96307 80151 90510 99918 6399
20090 10108 1306 101732 39522
20091 107789 107797 107816 107817 107831
20092 78760 33992 67546
20093 41819 80255 78538
20094 41588 93519 5366 52199 3151
20095 4442 1473 32756
20096 85633 29051 88544 5387
20097 88602 64191 57812 37930 42790 94947 45868 69625 20446 95011 2277 30989 2245 100446 10737 17002 37930 109232 25538
20098 84171 70757 99819
20099 79106 52456 32667 35808 79253 70766 108416 46010 81787
20100 16798 20636 30681
20101 19619 95704 29454 14619 95789
20102 61057 85664 12898 95873
20103 44871 93009 72703 93010 93066 30243
20104 82851 40260 81257 40461
20105 17540 89896 89901 89934 90869
20106 86338 90458 95036 101722
20107 31115 18822 91750 85722 105936
20108 28815 1563 7778 307 105758
20109 17499 9637 3664
20110 2138 90632 2597 40990 16498 46071
20111 49915 8877 107469
20112 8744 66607 46325 59700
20113 72277 69498 71799 34235 88027 37 106051
20114 56341 84572 71768 91297 94128 95428 42869 95734 61961
20115 16398 53887 48484 150
20116 5945 29497 41013
20117 101339 40622 101340 71115
20118 20642 16555 34908
20119 42118 94919 1880 1306
20120 56996 72384 50129 9403 1977 86597 86598 67365 67877 33445
20121 344 273 83310 70695
20122 7430 89297 34608 49309 47826 111050 434 29635 63864 49309 1328
20123 12919 16080 23365 5598 35861 26778
20124 717 4393 6652
20125 29620 64897 61872
20126 86074 21582 86100 2323 86539 3110 61232 44540 4598 65229
20127 87906 4938 26844
20128 99741 95585 9040 99884 99885 99886 47044 89443 102985 103009 103010 103011 103056
20129 62181 81834 83129 53858 11585 10560
20130 4710 14810 38543
20131 83483 86164 71275
20132 62151 27506 18200
20133 3853 83728 70325
20134 38732 30894 3084 51843
20135 29497 41305 99875 1794 1339
20136 30029 10541 64665 93027 17305 28126 2808 103541 106792 107824
20137 55045 92340 92341
20138 5424 78457 66158
20139 15452 94300 94301 94302 5074 94602 20081 18017 1149 106992 2900 18144 44948
20140 15241 86081 63344 107847 75956 109660
20141 20609 85673 6971 97313
20142 79603 3220 83739 9650 97957 6781 14296 9163 9414 39115 2813 92197
20143 95494 37939 71476
20144 88602 73199 94344
20145 64612 3055 96869
20146 82067 77630 94248 10770 60246
20147 49037 32276 5636
20148 37602 30593 87515 49113 88441 92707 24823 45771 72277 7102 110188
20149 30284 86072 16979 43200 31789
20150 70009 7594 16075 19847 1382
20151 9003 15298 2277 123 86202
20152 87768 6177 112212 69629 34208
20153 83001 71704 6810 99601 87931
20154 24993 80170 80244 9448
20155 65470 105713 105662
20156 93117 93251 111064 38041 111065
20157 85211 47290 43950 92007 92339 73443 96330 102959 4082 103082 109142
20158 4318 86131 86132 7295 86153 7461 89137
20159 42754 97571 47591 781 7391
20160 94623 16114 29414
20161 307 4248 40403 56204
20162 15316 4958 319 9719
20163 4906 7055 112018 56840
20164 6224 44263 90502 15047
20165 44540 37930 29162
20166 28892 96969 83987
20167 10432 26165 1198 93334 61068
20168 16345 50225 15912 105966 88205 105972 16555
20169 36214 104040 104041 35274 72140 105837
20170 108527 68870 108540
20171 39935 23580 108299
20172 23005 10182 84555 95566 71536
20173 77601 90100 92780 95173 32995
20174 83176 83177 44224 84105 108087 72323 83177
20175 26264 13540 96357 89443 7951 97888 101028
20176 3368 15512 42728 18187 71413 79904 17849 105391 2723 87254 105431 98859 105432 51196 8738 49913 105516 90997
20177 16811 31811 54857 34828 97310
20178 96825 96826 45715 50706
20179 61571 85570 87532 59936 90919
20180 88070 1035 17086 88106 88107 88108 88130
20181 6496 17694 92423
20182 98223 66975 9310
20183 1832 72800 22006
20184 86899 74257 70956 79234 105050
20185 11027 85145 78175 52392 9703
20186 85902 33580 85924 85952 85953 81500 1388
20187 83389 86686 90410 90411 97560 96072 74391
20188 93606 307 2471 9465 2276
20189 12408 75218 8921
20190 85054 101538 107215
20191 89265 104109 43149
20192 60587 85549 75985 100886
20193 26269 102028 18784
20194 98970 98971 98972
20195 72011 9568 13757 12808
20196 43339 31220 5676
20197 88103 33837 30470
20198 4043 40009 4145
20199 85940 17658 828
20200 576 87168 319 98190
20201 6588 62884 96921 72313 27199 48700 105809 105810 27199 107630 46851
20202 81776 32472 20886
20203 57025 69415 94597 94629 65341
20204 20251 94399 101208 2272 26816
20205 1563 48506 107707
20206 13420 38825 83552 2035 85085
20207 7860 8876 10308
20208 89628 7376 25222
20209 103204 107538 72433 107554 62710
20210 55773 11696 101194
20211 16677 73260 110313
20212 25486 911 34233 5214 4610 46074 104202 52040 106722
20213 3575 66311 20902 6697 27962 2245 2224 18784
20214 75035 89835 15665 82840 99664 99720 27862 93729 78101 99836 41751 102705 2258 44436 44441
20215 83474 103564 8318 72556 70416
20216 103176 103177 103235 103778 103779 103848 105228 104368
20217 83156 91962 31160 100537 101276 103495 103499 66691 103638 105048 105049 105076 105077 59771 106763 108497 110005
20218 74166 79311 109887
20219 105059 96296 37527 27014
20220 23954 87453 31066 50122
20221 13201 51253 12740
20222 90010 94630 23694 14276
20223 93637 89538 25564 86746 98678 69648 7265 69903 105481 89538
20224 89572 71083 28668 10560 63300 19049 53203
20225 4050 83766 66234 11268 267 36025 93657 75391 68130 72870 34700 94028 11465 95391 58187 6726 41716 100696 7077 29888
20226 83692 34250 65873 5324
20227 84433 85285 87411 87427 97121 80938 100169 34851 79289
20228 4370 27674 93746
20229 88534 81695 100105
20230 14800 86388 37303
20231 89374 96893 96790
20232 28334 588 110323 86933
20233 15938 16605 84152
20234 6948 56204 7457 39877
20235 91564 11997 3739 8745 94971
20236 87769 74794 102335
20237 57417 84469 25562 453 918 3842 1981 87290 42665 27812 6769 52435 45771 39907 50610 70868 784 98450 10182 66158 28307 97041 2081 84469 105958 19217 30635
20238 40256 29807 41550 14402 9953 79822
20239 103503 44441 77243 2258
20240 50359 10934 40395 95813
20241 21888 11079 31969 93905
20242 7999 75628 87737
20243 69301 83152 19622
20244 4571 35440 35390 94940
20245 85435 43767 2833 4812
20246 85659 98709 18041
20247 44341 63012 97464 80278
20248 85082 6351 40403
20249 6200 28076 1337
20250 91370 10823 93151
20251 83814 83815 83816 9499
20252 73709 59134 107947 107948 107997
20253 12001 70499 61045
20254 4321 91944 92240
20255 97839 1141 107931 22191 26643
20256 5074 75274 22753 84693 84694 50383 16798 1161 41013 42033
20257 95067 43300 102833 22061
20258 46572 41013 3506
20259 53802 73936 20331
20260 74151 31259 90739 13354 99553 18635 108920 108942
20261 4970 79311 9367
20262 38683 96665 59907
20263 88425 99513 103574 105044 40279 72498 52148 106387 109951 110320
20264 60238 81681 11449 5909
20265 43767 71789 8376
20266 61713 91824 21787
20267 37440 99747 97172
20268 25833 4561 1810 21472
20269 89000 89158 89164
20270 73806 73806 105033
20271 44228 52709 37687
20272 71830 9210 6706 478 96583
20273 44779 10005 14207
20274 87179 34893 88774 2338 25431
20275 1471 91049 76509 13208 30962
20276 92963 95109 95110 100955 101164 103135 104463
20277 105965 53618 83620 24065 91446
20278 72770 71680 39339
20279 3917 30819 21643
20280 34727 66981 1975
20281 94606 48532 97952 28868
20282 58810 5859 12921
20283 1751 81391 97338 34024 110441
20284 92402 69415 82266 44481 5430 10432 99563 43556 88675 38353
20285 91199 91344 103610 103611
20286 68663 88480 112241
20287 83359 6259 9209 83354 16657 47666 35870 11993
20288 96422 99256 99257 99258 102534 102549 102550
20289 85905 43933 3660 109391
20290 67877 92201 12921
20291 6462 9130 1105 82168 93014 34729 13733 27179 48551 79182 41363 63107 41060 101437 4561 21267
20292 30 77908 4318 7692 106324
20293 40349 22469 97833
20294 30988 89170 21879 99710 100662
20295 38418 50470 84312 43959 104986
20296 54652 70814 25288
20297 14150 62561 85709 11737 31861
20298 78339 44687 110696
20299 90973 4719 56204 33080
20300 86317 18843 65252
20301 407 72206 16503
20302 17470 63507 86550 2795 52304 72446 33962
20303 47152 76215 98099 110900
20304 14543 4878 106827 87070 17897 13577 30542 47937 11249 35858
20305 4710 6166 35270 18432 25543 19154 16378
20306 86088 15345 86819 36422 102516 104291 105953
20307 42876 14013 84700 100095 100096 75333 3132 31936
20308 14619 81424 97143
20309 59261 97789 103467 110541 4135
20310 297 10710 20131 4513 1908
20311 90717 31665 84564 108764 4561
20312 50521 86564 86565 50480 86623 4863 86624 9593 86706 789
20313 84841 50805 8356 94464 94472
20314 49934 109283 109826 109848
20315 85831 85832 97724 97725 98476 98772
20316 103658 80990 5898 110535
20317 83497 98705 98706 46455 108779
20318 72277 46215 20843 86063
20319 1328 59069 94576 30 13832 5603 18041
20320 67220 62924 24351 40067 89963 90757 22041 35310 7288 17198 38668 64636 103746 103760 1058
20321 85298 64836 39327
20322 97233 97234 97290 97291
20323 79843 102137 18740 6351 105182
20324 35424 65656 81401 94734
20325 38230 65248 112062
20326 28498 26165 10793 8043
20327 86529 24246 86577
20328 93315 83543 102559 23523
20329 52675 68422 66875
20330 89518 14141 19814 3675 40153 17890 58513 93757 93776 31186 11438 11438
20331 18598 20896 51173 64233 39387
20332 104928 56335 62534
20333 36810 79112 20393 37327 14284 102364
20334 76590 84045 110064 65537
20335 56474 32877 5588
20336 107100 107137 67764
20337 40832 4984 14503 19537 95741 16352 13714
20338 10221 52546 75939 29125 29746 17904 55969 61181 1225 15667 42778
20339 84876 84928 48685
20340 75154 1843 93532
20341 83287 36586 111241 111242 109746 111328
20342 56011 67877 89798 56204
20343 25500 7436 10050 74636 33581 10308 93708
20344 88548 88549 24065 96252 82085 35887 9913 22381 40373 32124 10221 21797
20345 85956 33054 100257
20346 84469 33366 6410
20347 31177 23559 86683 14884
20348 31416 91266 15752 19640
20349 26664 83182 83754
20350 83103 31585 32502 57668 95855 95856 22271 17814 95857 798 95858 71996 95917 87837 95995 41816 108831 109181 29306 37341 109238 109239
20351 87417 20636 50921 87460 5808
20352 74384 2854 74469
20353 9177 83180 86116 28596 62190
20354 85239 6950 85239 89527 95178 31973 1297 30795 6986
20355 93778 9211 33990 40259 39433 37930
20356 54763 3782 10975 4249 57308 54771 107373 54771
20357 52633 87607 76860 8385 13420 80962 54040 82090 9326 9448 104005 37780 104024 105313
20358 88118 3621 92824
20359 33874 24876 44225
20360 72411 96631 99292 108312 108313
20361 8154 35150 98152 98455 98456 21087
20362 100477 9354 100554 79126
20363 20374 16657 2277 3110 6633 108544
20364 37057 1106 16209 5828 13458 107686 50651 108276
20365 68237 11465 41286
20366 61242 77397 75843 19670 12495
20367 541 77887 93669
20368 48332 97444 97472 97502 16874 106530 9058 102888 81559 111423 111439 38245 46845
20369 306 3667 21502 88483 1846
20370 40434 50407 110242
20371 1154 15152 20196 61242 61856 8206
20372 66082 24260 33140
20373 89834 39665 22974 2947
20374 3140 365 86000 35426 1814 32842
20375 75847 102759 62374
20376 17152 1016 49863 35065
20377 69038 106390 49114 9196
20378 28492 78045 671 98943
20379 97726 37592 75882
20380 59896 60050 22381
20381 103741 103742 103993
20382 30 88742 61388 83596 108058 108059 6430 34063 108162 108229 108230 108410 98069 80495 111352
20383 99248 69155 71910 8548 48314 11049
20384 84640 19991 84641
20385 7701 277 5811 54076 77689 43362 104178
20386 2073 72108 110248 48005 110655 97254
20387 95443 6242 13596 74344
20388 4543 13405 17062 31794
20389 88455 35309 90915 5286 86247 78163 94329
20390 88160 29933 88302 88478
20391 86244 48715 87632
20392 66443 26002 13248 2587 1306 22782 335 1961
20393 4104 2224 96364 96365 40403 14984
20394 90803 57128 90829
20395 3254 11007 38693 19515 1604 25966 45901 16037 772 30759
20396 41720 11731 58698 96031 35971
20397 103210 103211 39497
20398 4032 2168 23618 14026
20399 23494 28490 8244
20400 15796 102007 37665
20401 87515 4513 6689
20402 9458 77887 305 23784
20403 89206 91378 110396
20404 19347 43433 101039
20405 24664 82059 4854 98830 31340
20406 106432 106433 106499
20407 68219 43038 99759 101254 76812 30530
20408 19153 12557 35314 14026 89255
20409 76743 86626 104898 49362
20410 71942 36071 61786
20411 3135 1961 103511 95562
20412 73853 47064 44897 27990
20413 83669 83707 45783 2814 83755 32038 83786 11278 83786 89777 683 55616 89824
20414 82563 84630 24518 67727 104874 1796 41746 13976 12370
20415 506 96100 7073 96160 74535 40358 48084 71852
20416 5071 39433 3646
20417 861 72009 11079 85355 13431
20418 37923 64403 112160
20419 88924 15551 13211
20420 16480 98948 17707 8184 102199
20421 88115 101673 69199 12797
20422 90247 90248 90249 95808 4092 19326 104252 104253
20423 83168 15373 89475 15312 90241
20424 106436 107329 107351 88739 107352
20425 76921 101279 22536 30727
20426 78285 67877 99697 14222 111703 91900
20427 94125 33012 54853
20428 24678 12887 95126 95157
20429 83678 104910 104927
20430 76098 734 14696 19344 44230
20431 85225 85280 85281 85282 91630 91790 77480
20432 16752 18790 16713 43662 39283 105308
20433 6268 20024 1544
20434 6410 576 9953 56735 19440
20435 100295 104850 104981 104982 112283
20436 90948 90949 91013
20437 83011 83035 83185
20438 89920 89944 81022
20439 100670 86303 77445
20440 13487 89918 87652 50328
20441 11348 3279 86785 12452 70172 50020 71375 87797
20442 92041 92059 44632 86139 106115
20443 6640 66330 76757 1777 11640 10577
20444 52880 90515 90520 34710 15887
20445 85758 88251 12043 105702 32945 105773
20446 86230 53466 28470
20447 18237 78407 10105 96802
20448 98756 53322 16080
20449 84333 84409 102233 102243 13741 46022 102285 102339 102353 102355
20450 4141 70198 81971
20451 93514 58982 40009
20452 1256 12347 17800
20453 36498 23286 22141 39461 19845 53063
20454 102972 31111 102998
20455 47938 3481 307
20456 99407 101081 83017
20457 63632 57812 107989
20458 105778 105779 105780
20459 95147 70988 11466 80392
20460 75526 108006 736 53253 108034 67894 112170
20461 96496 60955 107428
20462 99227 18523 99260 106033 106034 42041 105913 106938 106939 86161
20463 78457 35728 24560 2669 22038 79792 99839
20464 3515 14503 20310 38845
20465 27573 94230 103651 956 5776 50156 13754 3708 91940
20466 8385 45960 44925 72189
20467 44150 42058 93017 64482 96219 94216 7097 82189
20468 4118 14248 66422 27778 10559 77996
20469 91914 10491 105944 89051
20470 54796 42920 29807 93573 111869 111911 111912 42920 19462
20471 1656 91062 90044
20472 40740 42644 8921
20473 60274 91385 99028 10763
20474 451 107259 89067
20475 38099 50161 16713 72011
20476 22191 6043 45239 1920 25252
20477 43651 993 89091 32239 29669 41937 69591 43326
20478 67356 95972 5642 99874
20479 90477 53802 17079
20480 69390 17577 29470 43090 43943
20481 35803 26228 97568 76934 29522 108 61068 27985 190 47237 43602 44418 7130 24143
20482 30582 36738 31359
20483 5400 41531 18292 109571 746
20484 6048 2817 3819 12520 6971 83799
20485 1832 26707 25076 71514
20486 85710 40812 68690 16225 86296
20487 80109 92562 92563 81628 102952 77631 3097 103295 103401 103402 103490 103634 80394
20488 6845 19816 94188 105398 1972
20489 61812 376 79835
20490 283 13245 3993
20491 96445 4969 2775 97940
20492 45024 103325 40701
20493 93548 93549 89422
20494 64857 52262 36423 91656 88756
20495 8394 71863 84630 105424 17718
20496 6212 81970 93267 31292 11847 67858 12290 19200
20497 103704 70426 26474
20498 85898 19160 11765
20499 96586 95548 96665 62609 100006 107530 107552 79422
20500 4436 11847 109170 8376
20501 4932 92776 26428 92777 92852 93328 93329 103589
20502 4304 11161 43130 75449 29776
20503 10105 85733 95408 46604
20504 75391 15747 15887 44505 10504
20505 61242 75951 1781 4969 4173 1892 16814 61260 85345 5422 47270 29807
20506 85052 85053 85055
20507 67929 67619 96083 96342 90706 86887 55803 75062
20508 14074 87187 54496 86567 91603 25599 110179 111440 65503 32800
20509 75771 8480 83696 28429
20510 88635 13716 98840 7307
20511 61401 14339 73902 101202
20512 49069 33147 95479 11129 32441 14366 56172 13004 22851
20513 83601 83602 83614 83615
20514 96509 39372 103547
20515 5424 34235 45239
20516 83165 83166 83216
20517 92919 92920 92921 33589 7152
20518 14613 25222 29125
20519 789 10294 28300
20520 14514 10140 20166 48574
20521 74709 14375 60470
20522 85906 463 72275
20523 84630 214 37808 282 54796 5844 1397 13855 18595 42209 29319 24823
20524 52839 55283 69029 14082 60049 79664 67651
20525 41221 35192 91397
20526 1269 37128 56011 67877 69823 48832 56054 21436
20527 13303 92230 59542 92300 89419 92405 52357 92694 77248 92695 91507 95674
20528 26879 16345 3494 41616 90904 14616 1961 33437
20529 61805 55969 44625 25728 35940
20530 15341 4732 108441
20531 6758 95033 90522 89265 81044 66742 30014 111782 111783 111859
20532 94523 94568 94569 94570
20533 17502 93162 3739 12102 3932
20534 46885 70504 107981 107982
20535 68879 93101 25019 36731
20536 4318 92565 12331 98664 98685 22433 10657 4780
20537 14355 67882 3366
20538 21462 4318 28207
20539 63746 74513 79838 84398 12146 84412 19462 30120 96068 75375 47733 83153
20540 86488 86489 93958 81681
20541 93323 42296 106167 106168 32741
20542 2052 58565 83521 84936 94456 127 8135 1328 6149 214
20543 42699 31193 3220 6363 23287
20544 31000 9290 57344 67929 1810
20545 92090 92091 81539
20546 107889 21334 37280
20547 38799 2314 36669
20548 86558 90044 21760 89376 104928
20549 63307 77630 91722 91755 31481 65795 8942 101770 109350
20550 106178 32822 30291 43726
20551 95730 7698 63456 10667
20552 4561 27157 101594
20553 36972 3366 66331
20554 24104 19640 4663
20555 90243 90256 90264 90280 90431 90432 90433 90434 90444 90449 91246 21504
20556 61656 35211 7437 12544
20557 2210 2515 60274
20558 32603 21213 12567
20559 17422 6097 76147 44426
20560 67685 94477 74393
20561 104505 104975 104995 105227 40009 55035 105292
20562 50588 35775 88448 23594
20563 58683 2338 17713 31600 41588 20310 28789 77587 1103 52067
20564 101150 102295 2739 27506 3055
20565 85895 70565 71131 45054
20566 43208 83104 55235 7570
20567 83260 57137 84406 84493 84494 82839 43194
20568 9998 14205 88786 63581 4894 76 52459 24743 67587 86400 106323
20569 95880 102188 23077 88634 65559 15813
20570 81293 6097 71830 65075 6224 100579 108530
20571 6672 58554 61242 33211
20572 42826 2314 29696 2040 1961
20573 83003 56616 93938 17183 94010 90138 94186 94187
20574 26225 11042 63019 91956 65871 91982 91993 6139 93050 87855 93152 87300 6220 93172 75886