all_avg_price	period_avg_price
134.21	56.83
180.52	192.45
172.86	118.44
130.29	91.67
196.50	131.33
188.78	281.30
89.03	105.30
136.53	176.17
86.95	128.25
201.33	211.17
351.70	272.25
196.23	365.03
64.15	78.33
651.98	219.33
49.93	46.27
3860.01	2437.00
206.74	155.11
120.45	85.98
575.52	120.88
93.72	70.67
271.00	240.40
174.03	223.13
900.21	296.33
109.61	148.00
293.22	352.78
256.15	294.25
194.55	336.67
204.92	354.50
479.11	905.33
220.65	203.40
78.08	73.18
214.12	217.80
291.91	415.25
146.79	190.12
240.00	284.50
189.54	230.33
148.52	214.27
168.88	158.43
79.39	84.97
235.45	163.71
83.44	92.67
108.07	123.33
1497.76	1996.48
144.00	79.49
150.44	156.50
463.00	474.67
478.94	719.62
53.56	45.65
269.47	239.47
53.92	92.60
779.62	1493.14
283.36	191.00
1139.18	5771.80
862.67	861.14
292.09	291.67
114.57	94.33
2062.80	1033.16
1001.79	167.31
263.61	226.33
459.17	328.17
290.73	263.29
504.88	625.20
263.37	268.33
368.90	683.00
510.14	746.00
76.00	82.67
268.39	400.33
883.13	1145.93
121.46	117.08
234.17	251.36
240.96	227.22
85.93	108.83
655.17	145.00
98.48	81.20
196.09	94.57
306.51	327.47
72.12	64.47
220.27	241.00
89.18	104.13
3626.00	4861.91
416.45	1182.33
320.27	137.29
186.14	114.58
279.44	626.00
189.68	273.25
202.43	85.50
155.50	215.67
211.39	191.60
121.66	124.08
136.60	82.33
693.89	875.00
1473.89	1839.33
101.97	70.60
256.08	163.75
267.12	290.75
389.12	135.33
313.82	309.71
1719.16	520.50
365.00	315.75
153.40	44.17
88.81	171.70
97.40	90.05
349.09	414.00
724.83	1084.00
176.27	136.65
437.88	706.99
201.99	157.18
175.29	176.94
425.55	184.25
50.20	71.91
101.89	116.88
191.30	155.00
568.27	217.33
64.41	29.67
579.00	491.25
202.69	291.33
83.52	72.45
113.83	124.33
52.99	44.68
199.76	136.45
390.46	334.98
107.68	81.99
99.96	221.40
120.79	163.26
61.00	102.47
208.72	209.83
896.25	674.80
708.51	430.40
374.13	351.98
306.71	378.33
542.12	434.98
240.56	159.27
290.55	197.10
719.22	905.40
267.57	240.00
203.14	249.83
278.21	406.33
220.03	140.34
93.29	75.33
129.30	105.27
114.52	104.89
161.20	181.67
369.91	138.18
105.99	50.00
1013.30	991.27
483.55	915.54
52.16	33.77
612.60	533.51
181.20	136.82
136.25	225.00
269.44	140.75
577.50	1166.17
366.48	185.33
192.02	254.20
407.11	529.75
165.80	141.93
286.85	319.56
109.57	125.33
277.12	268.67
430.36	365.00
264.38	259.10
69.01	20.60
845.00	884.40
161.93	67.66
152.41	163.67
68.64	79.13
245.35	249.57
167.30	271.22
284.97	788.49
271.97	297.93
376.62	248.00
514.11	326.00
52.47	113.27
311.07	319.75
66.03	39.36
307.04	245.00
379.78	180.79
468.19	208.33
278.19	268.50
326.46	405.00
151.59	214.83
149.49	258.00
72.72	103.24
249.18	155.00
271.06	326.15
382.34	468.00
556.31	507.00
208.00	111.14
376.46	430.50
182.74	228.67
201.39	30.00
5276.37	7413.33
204.44	177.33
473.59	574.35
275.07	267.67
552.43	142.67
87.97	88.75
202.43	277.67
287.41	285.00
245.40	221.74
205.67	193.91
377.69	477.33
1396.78	1355.00
542.87	127.67
385.66	597.78
449.69	639.00
128.96	100.60
233.91	171.53
624.46	496.75
225.88	255.41
617.85	187.83
355.96	273.00
502.20	111.67
83.76	121.69
216.03	123.30
112.55	166.47
210.21	66.48
64.18	93.00
414.52	473.11
175.75	118.45
105.91	107.70
191.41	300.20
70.06	40.60
105.27	111.67
227.56	231.58
271.83	141.00
1152.21	620.75
211.27	167.67
180.59	190.20
444.80	425.28
2436.20	1327.00
270.50	345.00
536.71	481.50
2745.50	3113.58
185.24	289.45
56.80	33.27
79.13	100.52
81.13	163.82
517.92	637.55
166.56	207.00
140.19	123.62
101.06	66.45
361.69	508.00
179.63	159.92
125.90	179.47
153.73	113.86
92.20	124.30
43.24	75.87
374.50	354.00
72.59	61.83
241.89	142.50
142.71	141.51
1713.59	317.40
282.87	287.54
201.29	186.17
98.09	77.90
288.27	322.80
34.71	36.40
228.39	195.33
162.00	258.99
170.11	157.40
189.57	76.93
138.65	85.63
291.10	345.78
327.47	385.89
166.35	192.00
169.88	142.60
182.09	140.33
269.43	199.83
185.72	263.00
228.96	113.97
49.86	8.83
231.69	270.00
126.34	121.22
250.67	449.29
203.29	252.50
35.36	52.08
409.09	226.30
310.67	415.33
653.47	134.33
2248.43	1798.67
52.99	22.77
155.11	162.67
137.90	114.86
279.35	230.00
188.28	208.12
53.55	41.69
185.73	263.60
167.83	215.34
207.49	209.20
124.63	40.59
456.09	215.26
474.47	507.25
257.76	365.87
307.57	312.20
1878.29	2728.50
1256.53	445.29
189.82	150.00
15862.42	449.40
80.22	98.27
2311.54	885.33
85.50	93.00
304.45	241.67
514.94	263.50
174.44	210.79
371.88	105.20
132.33	156.33
513.92	608.25
257.12	273.85
593.12	118.61
256.86	291.67
152.70	158.75
93.52	80.73
267.85	268.70
2957.78	2878.81
410.42	171.63
108.62	92.91
253.12	421.67
87.96	71.05
120.78	114.40
119.01	180.67
289.94	260.33
389.00	297.25
144.18	111.22
245.45	230.53
378.11	192.17
101.45	47.24
324.18	206.00
66.03	77.50
149.80	121.00
312.14	338.00
315.48	197.68
133.21	125.60
498.45	512.00
175.72	155.98
120.35	86.92
363.52	332.62
34.86	5.86
495.33	759.33
246.70	208.14
46.92	76.12
96.03	74.36
130.95	142.86
109.91	144.00
515.21	373.33
413.61	271.30
245.47	334.36
329.41	404.54
85.59	91.67
180.06	207.90
1297.81	2045.43
290.70	272.98
119.11	138.50
209.63	234.20
87.73	105.00
127.02	42.20
329.56	330.33
281.74	289.43
641.68	237.25
173.38	260.50
386.86	527.75
123.12	230.60
236.50	244.14
1047.03	282.60
78.00	70.67
259.60	160.80
140.51	156.33
693.65	115.67
698.32	929.12
274.24	252.87
229.75	382.25
134.43	156.02
86.59	140.67
1017.33	1735.67
223.58	174.47
330.96	234.21
111.09	139.75
98.53	86.05
119.06	106.38
519.00	1037.00
340.51	570.14
203.78	264.80
228.93	179.29
93.76	53.75
225.87	282.97
226.17	205.83
315.86	204.99
185.41	95.53
131.87	104.00
331.33	735.83
134.51	120.41
101.10	106.10
702.08	674.60
302.05	428.99
147.71	134.97
209.85	328.00
196.93	190.46
83.24	71.80
148.11	130.41
495.43	605.30
214.52	305.41
67.03	114.41
356.96	435.50
124.76	84.39
550.30	213.71
266.99	292.85
36.23	5.50
186.88	152.82
274.43	287.47
301.83	353.32
120.14	173.50
232.26	303.75
321.75	175.67
289.23	129.00
188.92	100.74
53.36	64.27
64.40	88.36
207.51	304.47
289.09	75.64
167.60	250.67
364.75	405.50
152.76	146.97
112.96	94.12
208.58	215.43
183.67	163.33
330.36	495.33
61.65	89.67
139.09	75.00
160.20	193.95
480.93	415.80
44.14	46.10
194.81	115.70
770.00	243.38
138.92	139.80
370.88	641.33
168.08	165.00
1330.77	135.16
277.38	184.22
415.63	333.92
149.40	157.55
268.02	158.63
172.40	272.75
1763.38	623.00
673.39	526.92
126.81	124.87
180.88	159.53
67.41	70.63
257.78	214.17
59.88	52.38
1239.92	3607.46
190.56	195.25
332.31	397.40
227.05	391.33
216.63	109.00
244.31	269.97
165.12	128.33
397.66	379.67
345.15	202.00
79.96	145.20
1355.52	465.75
209.53	321.60
199.68	159.88
902.40	708.50
58.46	120.67
109.12	111.75
112.63	110.22
218.44	180.55
157.18	81.91
829.25	382.44
236.18	212.00
130.95	115.25
189.72	340.75
122.15	121.35
203.67	212.50
2093.87	168.60
211.50	254.99
396.53	385.00
164.26	373.15
340.87	378.09
212.61	279.00
218.39	321.33
781.79	744.43
229.57	111.67
191.67	176.00
1490.36	1364.20
299.30	128.97
157.84	150.16
176.23	166.00
125.93	175.30
409.77	426.59
121.38	144.00
137.97	235.00
222.05	374.67
214.48	204.10
215.74	211.36
903.59	252.33
2193.38	3058.37
172.33	119.09
255.00	120.00
155.76	190.33
35.47	33.85
184.94	119.13
76.37	118.93
220.00	247.00
150.81	98.00
148.84	136.36
1411.62	1990.00
116.86	168.57
310.77	431.57
166.66	102.78
837.84	1583.18
377.45	521.24
193.20	20.87
139.99	153.67
652.44	532.62
1180.44	974.50
176.10	220.75
333.46	338.80
1593.71	2319.75
1248.78	1914.00
267.15	211.11
176.71	99.00
923.82	136.67
930.88	874.22
1359.05	1552.25
125.36	80.72
86.33	115.39
83.99	90.39
360.12	381.83
128.90	113.00
105.97	70.27
409.19	539.80
178.79	108.06
89.30	112.63
77.57	47.33
281.28	328.12
109.09	108.40
486.40	554.30
513.81	575.29
123.45	95.15
31.40	24.10
124.68	195.13
67.83	111.78
345.09	275.75
487.63	226.00
112.45	114.22
158.89	165.33
199.11	202.73
300.25	337.67
270.78	119.75
172.44	172.53
3929.42	195.00
881.20	1163.67
123.44	119.08
91.46	83.94
6222.33	7126.00
289.50	365.33
84.43	81.94
301.80	247.94
561.98	319.78
268.21	247.29
660.78	454.33
90.98	106.92
484.38	518.33
109.09	49.02
202.77	183.10
11675.08	2843.00
13.59	19.93
136.75	116.75
142.90	129.47
103.97	83.12
183.12	51.91
251.96	178.94
514.85	77.76
572.10	381.71
138.37	52.45
107.69	98.00
1382.62	2608.67
37.74	15.29
387.00	146.60
139.14	143.60
180.23	131.43
266.56	243.67
300.86	274.83
194.80	205.00
48.45	63.98
173.62	254.67
80.24	71.67
504.67	295.76
145.43	158.75
122.57	117.02
92.97	84.37
42.86	38.00
371.95	92.24
74.42	98.33
143.60	191.00
59.65	44.40
83.43	73.10
232.39	162.33
272.30	420.40
181.57	208.50
158.10	159.99
230.58	224.18
271.02	132.00
462.14	145.68
287.64	228.67
254.13	173.50
100.98	49.97
117.31	142.00
152.33	123.00
672.52	163.38
137.49	173.40
152.32	314.20
558.22	385.33
63.16	34.33
260.76	203.52
262.38	291.00
78.46	62.16
212.11	300.18
217.83	294.00
76.50	121.70
479.86	860.71
408.72	529.56
188.08	239.71
201.20	269.53
413.57	367.75
90.62	79.16
145.80	156.40
100.11	104.67
233.11	264.07
92.24	18.20
124.88	167.00
741.83	431.00
68.08	69.30
182.95	215.53
174.91	201.20
628.57	918.33
8602.33	8132.00
396.50	464.14
502.29	779.75
297.90	295.29
505.34	477.70
181.71	175.80
244.43	348.50
386.00	380.67
307.22	227.83
4068.11	4632.00
155.84	75.30
194.77	198.25
133.45	224.20
396.50	181.29
52.22	50.98
136.25	125.00
250.44	245.33
247.89	299.23
209.31	238.69
2433.53	2051.43
326.93	204.14
170.68	158.76
248.24	253.33
437.08	713.17
140.32	151.33
230.97	298.76
153.26	68.75
110.36	84.29
241.70	215.17
180.97	121.17
167.24	129.60
397.60	644.30
41.90	28.52
208.91	227.41
206.67	124.33
42.01	62.05
290.18	320.50
154.87	110.27
65.53	58.99
1183.12	141.65
151.91	152.72
1386.85	96.24
54.54	62.39
1321.92	233.80
165.27	275.45
187.52	112.50
236.90	185.33
199.55	58.47
313.25	280.00
147.16	171.33
207.41	272.70
224.33	152.00
834.90	1391.25
264.22	337.50
160.05	165.89
147.46	167.71
1080.82	2006.50
350.81	197.33
60.84	107.93
303.54	304.38
249.29	214.67
39.02	30.92
123.31	94.00
63.97	52.00
1824.46	170.00
33.81	50.97
215.88	228.00
135.30	54.27
330.78	476.43
113.32	241.90
122.37	126.96
163.92	245.33
102.71	137.33
421.46	284.20
75.80	82.85
410.04	473.60
103.11	85.68
170.71	107.33
100418.85	11806.47
125.58	129.50
168.49	220.33
73.86	99.54
288.71	382.66
225.27	191.70
273.60	304.50
293.34	237.75
96.67	112.32
4940.33	6942.11
20.47	8.15
206.06	304.81
248.67	209.00
285.12	356.51
439.80	924.08
70.37	56.27
194.86	127.75
234.28	228.33
148.16	112.95
278.79	296.71
239.46	318.33
334.92	232.54
195.58	198.43
395.29	366.80
327.96	355.90
82.95	136.92
130.38	124.51
299.63	265.45
89.23	158.08
191.15	285.04
145.25	129.36
274.94	247.99
263.91	216.17
27.08	10.99
82.40	56.85
211.11	377.50
176.64	120.67
182.25	128.67
311.67	253.68
254.58	279.50
109.38	72.00
242.86	185.75
78.89	141.60
149.57	80.88
121.47	142.00
356.94	211.40
230.28	248.09
213.29	99.25
910.01	1507.08
348.47	460.35
132.07	86.90
380.21	383.75
119.72	112.78
115.21	160.18
544.73	1275.00
49.19	37.94
252.18	245.14
447.10	680.50
51.75	49.97
432.32	274.98
608.56	91.00
30.00	32.91
242.45	398.67
447643.91	246.00
257.18	198.04
127.60	20.61
188.29	177.50
789.47	392.50
3220.15	3064.00
142.89	139.10
82.92	115.85
252.25	166.22
237.74	279.13
73.12	29.30
2154.76	3068.33
87.43	63.67
129.46	151.67
207.86	114.75
214.06	56.33
50.22	56.00
815.64	218.25
1807.06	1407.00
259.56	281.20
127.10	136.00
218.47	114.53
242.64	191.83
83.83	151.20
185.31	158.68
315.02	390.20
241.29	190.67
154.07	123.48
172.82	102.23
362.89	220.50
93.43	125.99
1496.94	2760.93
210.19	290.50
1002.21	794.50
228.61	447.60
124.91	145.50
683.50	468.67
352.71	172.00
87.56	111.67
387.33	221.85
352.22	390.80
2030.67	4834.80
453.69	145.33
3155.40	96.04
177.14	222.00
124.09	271.16
94.00	91.80
176.64	192.16
338.33	358.00
135.25	156.80
178.78	98.67
265.87	197.29
418.65	428.63
154.70	313.50
247.96	230.60
227.17	179.48
309.89	255.67
198.85	265.00
151.69	77.94
65.85	244.97
577.31	137.67
149.59	127.99
419.52	457.15
652.18	750.00
230.06	293.75
171.16	220.33
235.46	87.90
98.15	99.89
65.07	74.27
284.18	433.00
267.67	151.33
620.74	798.34
228.98	301.16
127.45	124.00
77.40	36.20
2400.90	4349.00
168.73	148.33
640.57	662.00
685.05	173.37
385.61	331.55
111.83	92.33
209.89	281.44
128.26	94.27
212.85	263.50
234.54	175.00
277.99	106.15
347.49	258.91
487.83	840.67
482.82	182.50
181.73	101.52
319.50	165.00
65.36	31.33
71.41	96.54
523.98	485.69
403.07	261.50
238.00	212.00
486.87	616.33
188.72	308.33
202.62	141.67
141.37	190.00
74.82	81.56
154.64	137.96
124.68	95.90
340.62	243.22
318.73	269.45
206.06	241.40
132.69	96.12
33.17	13.53
183.59	112.62
105.56	67.97
421.00	348.67
254.88	271.40
404.62	251.38
123.51	125.31
343.11	368.00
218.64	128.95
249.31	375.40
131.94	157.80
271.19	376.60
323.09	450.57
97.55	128.97
164.50	82.81
467.63	273.90
221.19	224.86
218.90	221.33
92.46	89.46
244.08	159.25
4297.59	3892.20
1114.78	4318.50
299.44	174.33
439.14	418.67
166.89	167.90
315.17	387.80
50.56	44.67
438.53	1282.67
167.17	136.23
163.04	118.00
219.77	461.00
773.52	686.75
440.48	895.62
269.02	222.33
147.19	75.33
215.67	219.33
245.04	248.00
128.13	204.18
3268.32	6000.38
160.44	149.00
265.81	395.67
226.93	259.43
279.30	46.77
148.84	170.00
85.88	56.67
129.11	124.10
353.85	191.50
160.13	188.86
42.11	10.20
21.66	30.93
692.64	1027.40
42.21	56.19
340.11	413.00
186.26	181.36
15199.67	192.00
232.80	263.75
225.31	262.55
214.46	245.75
280.75	283.80
803.60	52.23
283.07	166.80
127.21	158.63
357.69	306.00
104.58	66.50
615.21	379.98
241.00	284.67
92.12	96.21
443.33	393.75
99.96	71.59
2366.86	1071.14
243.01	146.00
149.93	70.75
197.21	317.72
771.60	279.71
311.62	141.71
721.64	511.00
57.29	33.45
227.23	172.50
293.21	25.82
13.28	19.53
316.68	380.79
104.40	104.33
437.98	751.60
262.12	92.28
615.33	439.33
112.89	140.25
118.86	95.67
214.07	132.50
146.14	319.16
188.95	144.57
249.00	385.00
131.59	152.55
95.18	109.00
170.52	104.95
842.92	1353.20
208.45	143.25
298.29	345.67
168.69	103.94
374.38	185.00
123.24	104.22
132.29	98.67
317.98	93.60
961.59	91.00
465.63	888.75
555.37	306.12
40.13	51.65
64.51	50.60
86.68	94.35
354.43	153.24
110.17	77.00
84.20	129.67
237.87	284.60
186.86	173.50
87.67	135.55
94.72	119.02
537.38	731.67
229.41	234.72
295.27	333.07
166.52	163.43
231.59	241.17
307.75	45.71
299.77	327.75
320.12	498.25
164.62	118.40
535.25	265.67
269.06	265.25
79.71	58.00
336.45	196.07
269.67	247.80
143.83	105.12
1624.24	280.00
214.00	112.00
200.57	243.98
125.69	83.00
180.27	237.51
118.17	161.80
207.12	120.69
402.67	385.50
511.22	357.27
1762.32	477.27
214.54	335.65
356.35	236.07
147.93	119.39
257.82	137.17
455.00	788.80
142.57	192.50
237.91	188.33
168.80	181.38
182.87	125.04
142.53	174.50
180.83	208.00
197.52	161.25
301.58	367.17
91.71	62.97
289.94	172.00
277.79	247.88
372.55	478.97
621.96	577.14
179.68	77.36
276.75	215.60
65.51	41.46
620.40	457.20
121.99	187.00
166.50	182.50
685.67	804.67
401.92	507.60
606.16	344.00
130.03	144.39
350.19	299.00
162.91	102.40
308.56	282.33
128.59	128.75
128.26	32.01
141.10	90.50
289.73	245.75
237.48	164.96
116.83	82.00
84.97	49.33
794.71	352.67
484.71	161.67
1150.65	1191.86
390.54	458.20
75.54	40.96
1976.07	1176.25
261.57	308.00
107.38	189.37
210.22	151.67
282.56	242.33
290.14	366.25
220.21	216.50
249.86	337.50
203.12	117.80
274.40	202.00
71.17	86.00
76.06	95.70
48.64	66.67
203.03	262.40
1137.59	1472.67
262.46	189.02
140.05	169.78
485.25	598.67
196.87	214.00
356.81	592.50
116.49	140.33
1279.00	4198.00
631.91	695.00
223.87	210.35
701.20	275.80
192.31	191.97
305.91	347.25
229.97	175.47
112.25	124.13
395.68	448.67
341.07	228.60
246.94	249.67
300.21	426.50
177.97	42.97
292.42	302.17
83.50	46.45
257.57	233.65
108.84	78.35
104.42	149.00
102.49	52.30
208.02	139.94
313.82	259.20
309.87	177.40
144.62	51.38
184.20	204.56
221.44	218.33
81.70	63.20
1913.80	439.25
263.57	167.55
62.89	76.06
159.80	124.00
33.48	42.80
250.42	364.50
631.79	461.60
613.65	424.75
222.82	241.67
196.65	168.17
68.59	88.00
90.55	4.59
335.00	126.00
167.27	238.88
269.02	143.25
317.94	441.50
271.77	198.17
256.62	292.80
588.08	292.86
391.30	322.33
95.11	64.58
193.58	347.33
310.70	324.20
158.32	123.26
330.91	188.33
247.59	196.76
248.42	198.95
173.06	185.00
463.25	316.50
290.91	126.67
120.00	105.67
37.39	19.59
153.04	136.85
375.70	410.60
391.70	437.83
320.25	184.60
206.84	171.67
239.86	188.33
537.06	502.36
290.75	248.33
342.78	160.98
327.88	267.00
156.56	171.67
87.41	71.20
651.22	349.33
144.89	85.07
432.36	70.81
125.75	153.67
152.62	158.54
438.55	521.00
201.18	377.17
655.73	505.50
93.09	77.14
62.50	82.27
269.81	250.95
287.54	341.00
368.71	401.99
117.37	107.15
319.50	310.30
499.83	811.33
384.41	401.00
166.58	123.86
198.33	311.75
386.81	284.50
332.65	362.86
71.11	59.60
339.15	343.17
292.91	340.38
137.10	99.93
131.00	108.50
506.78	650.00
931.99	1498.97
127.84	67.80
225.15	505.33
199.73	78.93
497.50	613.86
360.56	105.00
97.81	50.93
179.07	205.80
557.00	988.67
67.64	76.60
187.73	74.66
338.74	243.88
178.27	208.40
215.40	259.06
191.78	251.55
107.34	23.67
147.79	153.33
1020.06	2485.00
112.66	53.92
756.65	717.80
289.91	385.33
165.90	190.98
84.02	65.63
92.22	106.63
265.64	207.72
259.26	434.93
173.74	197.81
41.98	55.67
87.25	98.60
177.12	154.67
525.67	125.33
1586.52	3509.29
169.56	155.50
63.29	81.16
576.45	391.09
2768.11	6652.89
199.90	238.45
440.99	1765.33
139.78	142.00
259.47	345.67
208.52	163.97
91.43	131.67
206.22	195.00
146.77	172.33
62.12	73.32
427.78	400.00
147.39	54.00
111.44	58.00
109.33	158.00
103.44	90.62
553.12	270.50
383.05	406.57
549.10	398.11
679.43	591.00
218.23	306.59
222.86	283.67
120.79	126.00
190.35	52.37
106.08	101.25
73.87	83.50
114.05	103.36
573.33	774.20
294.54	189.44
133.89	129.14
607.75	177.33
437.33	420.25
772.62	1126.50
714.00	1004.75
257.40	329.33
972.08	493.75
188.86	219.64
836.24	772.25
131.41	113.67
295.17	180.17
328.60	164.81
106.98	120.42
70.66	55.55
188.02	249.33
338.00	430.00
155.11	170.40
212.25	138.33
416.32	566.17
153.17	160.60
162.83	141.33
197.56	186.00
66.17	77.42
217.50	204.00
129.73	135.00
275.29	268.25
284.27	258.67
302.43	523.92
315.38	195.27
278.89	226.40
268.80	132.00
2988.87	3457.00
244.91	208.12
431.22	267.17
348.32	158.97
222.43	156.00
205.68	135.67
77.40	11.60
144.53	170.47
1153.10	328.00
99.07	131.67
348.06	1042.33
77.35	55.06
151.68	195.00
1044.35	272.13
33.43	29.75
62.54	78.50
578.31	330.75
182.08	163.11
128.87	194.25
87.13	51.60
171.36	130.75
226.91	203.25
176.80	228.00
740.97	668.17
261.00	259.50
408.62	308.67
262.47	59.63
643.11	521.67
160.97	268.71
385.92	1898.67
478.24	26.50
254.88	112.69
294.89	183.70
216.15	144.83
535.73	315.33
208.40	136.00
342.11	253.00
2908.79	1766.62
369.25	355.33
34.54	45.63
145.44	165.33
95.67	136.00
269.12	208.00
645.52	59.67
191.12	184.75
226.67	194.67
249.60	121.67
300.83	82.67
3517.71	2264.83
157.62	231.25
61.78	81.36
289.92	352.40
394.62	282.50
435.25	414.25
363.30	578.88
372.99	138.95
81.88	115.95
66.09	10.75
221.17	362.33
409.80	327.25
83.52	157.50
289.28	300.95
64.31	97.33
23.97	23.72
145.75	123.00
368.47	234.60
125.38	147.67
106.97	82.63
142.18	31.90
309.23	233.10
463.78	896.60
164.98	105.98
282.00	166.00
598.55	651.50
277.15	386.25
655.38	77.50
341.71	384.14
94.24	48.43
189.30	200.50
315.83	683.12
196.25	200.07
418.75	662.00
202.50	133.67
127.62	92.97
401.43	486.00
143.62	129.08
122.26	238.33
215.34	214.87
133.68	127.67
763.75	988.71
136.25	192.00
355.41	573.43
271.60	292.71
91.67	99.14
405.71	355.75
184.83	278.67
374.57	491.25
475.56	410.33
58.67	42.75
1115.12	368.00
49.91	120.50
157.62	83.25
128.57	141.33
220.49	8.82
168.85	57.93
450.14	294.67
446.86	288.67
226.37	222.40
45.29	73.87
159.67	151.17
243.22	340.80
396.57	731.25
148.99	105.67
218.00	272.05
755.17	1053.53
233.76	343.50
171.11	134.64
982.62	704.80
78.53	69.51
356.80	375.80
1065.17	863.33
150.93	178.73
271.72	277.67
350.54	265.33
618.90	173.97
135.27	169.81
207.31	244.62
33.98	53.59
80.13	66.13
19.79	5.38
103.03	155.33
303.12	248.33
110.78	118.12
167.01	107.96
95.09	151.33
178.91	157.00
1520.71	1399.67
2904.75	2666.25
619.22	759.83
70.98	38.60
192.88	160.60
288.14	185.33
672.14	776.60
209.06	155.33
396.14	314.67
383.18	484.38
71.50	39.33
347.99	151.83
179.43	200.99
180.10	220.25
2854.29	638.00
223.03	378.33
141.04	109.71
135.66	164.48
452.82	111.97
142.02	146.03
156.85	138.97
250.25	338.50
77.48	50.63
56.31	113.80
335.60	352.00
157.28	131.30
116.20	128.62
175.42	213.56
306.15	433.75
76.69	60.18
315.68	215.33
278.56	272.41
255.00	330.67
141.82	201.33
508.53	632.13
103.85	54.27
101.98	95.96
97.01	75.57
200.35	202.20
293.30	382.92
140.49	67.67
101.02	100.43
207.24	258.86
879.67	1363.33
58.58	38.12
1732.27	910.44
442.92	864.17
68.55	69.02
239.91	248.47
243.79	360.81
189.64	103.50
149.35	401.66
122.10	92.87
102.82	132.00
99.39	117.72
137.40	129.42
244.94	317.75
150.76	175.75
123.43	134.50
170.94	339.76
214.39	127.80
218.33	274.55
554.30	708.43
151.29	164.00
134.00	138.50
144.25	141.00
211.19	306.00
258.40	252.71
92.86	131.33
153.82	136.66
292.43	351.75
52.42	97.70
194.99	215.08
93.60	94.83
333.85	414.99
135.71	87.42
76.14	76.83
345.41	527.48
104.75	117.33
192.66	300.75
48.67	41.95
492.13	491.00
145.56	178.97
376.00	272.20
53.63	40.30
751.20	1279.12
480.08	946.00
174.28	149.14
73.70	71.62
224.69	139.40
804.46	496.20
146.57	182.62
202.53	237.08
1592.57	1514.25
263.33	197.67
506.38	509.50
129.39	15.50
395.11	500.33
72.08	8.88
95.00	59.00
156.75	120.75
107.60	113.00
109.48	108.66
192.84	216.57
239.91	250.50
148.19	198.25
247.69	63.93
167.82	129.04
449.99	454.33
720.15	926.20
135.26	135.33
163.00	224.33
140.36	201.33
191.38	224.67
336.29	284.80
312.41	334.00
492.83	408.00
222.42	255.55
295.45	271.84
81.45	125.31
51.54	83.00
239.60	222.50
437.33	464.67
138.35	108.33
800.20	107.17
287.42	316.25
78.62	57.99
257.17	326.20
76.11	42.93
228.08	101.98
134.77	88.33
163.71	169.25
142.61	124.69
203.17	238.00
209.42	311.84
73.18	49.04
765.71	192.50
981.78	150.00
829.09	1446.80
2913.11	95.27
1347.31	1965.06
649.88	727.93
146.79	111.33
262.31	286.72
393.49	302.38
125.53	122.91
127.67	64.68
222.93	104.17
375.50	296.00
188.16	212.65
184.60	200.72
173.18	194.80
214.33	264.67
20.00	7.70
506.59	276.31
1093.64	3226.45
511.54	627.00
7.74	1.33
297.73	200.28
197.55	330.67
187.26	155.00
242.28	268.43
108.63	84.78
227.00	197.99
168.22	460.80
261.79	304.52
389.11	417.86
424.20	400.00
299.67	334.43
325.73	358.67
110.91	120.00
210.00	158.33
86.74	32.30
53.18	56.58
277.88	323.00
58.49	47.54
112.09	89.38
100.98	147.78
509.55	257.25
111.99	68.80
421.87	347.50
99.00	224.33
158.29	201.00
70.67	64.67
214.29	213.75
136.76	121.00
117.82	121.84
172.41	125.33
175.06	238.50
110.25	121.50
107.14	91.00
351.44	226.83
73.36	98.43
202.97	269.33
356.89	402.50
62.24	93.44
439.25	287.17
163.88	142.33
347.49	559.38
133.32	158.00
199.78	236.48
287.69	294.50
135.30	113.00
327.00	648.80
134.77	154.00
338.61	303.62
384.55	375.00
282.65	215.78
186.95	204.47
267.50	281.33
47.96	86.14
1272.29	1978.50
188.27	373.70
574.07	454.67
227.71	179.00
214.75	250.47
23.78	2.86
230.85	102.30
428.67	388.67
36.67	47.18
319.18	308.80
486.23	364.77
235.49	251.00
34.78	51.83
193.90	127.96
69.01	53.25
272.35	319.80
444.90	279.77
78.62	76.11
95.48	90.80
142.60	123.25
398.00	515.67
13.78	16.38
207.19	301.95
96.17	78.33
176.78	187.50
428.18	142.80
52.97	38.34
67.16	94.64
278.16	309.62
633.27	112.00
192.50	248.18
151.23	144.47
90.93	87.00
287.33	211.33
238.26	204.25
189.82	221.50
233.87	264.33
821.83	661.00
744.25	974.00
169.03	158.17
1526.10	389.40
196.13	241.74
172.50	204.00
238.46	234.67
167.32	142.20
193.37	92.00
269.03	168.99
43.19	40.53
189.77	183.00
303.12	480.00
287.88	345.73
71.80	104.50
113.22	99.70
446.00	234.00
117.41	145.10
3639.75	4325.60
5739.54	7152.21
299.15	216.18
215.46	173.00
3343.45	266.50
273.18	334.57
332.71	545.67
366.82	605.33
317.60	357.83
1005.80	1351.50
670.00	823.25
356.33	313.00
187.56	175.00
493.42	279.00
3542.92	4594.17
42.27	38.12
210.85	229.71
242.98	213.08
549.71	305.33
271.11	260.78
1051.20	2585.40
334.82	338.83
421.12	540.50
302.70	281.60
213.14	174.36
91.20	49.25
521.69	701.00
222.95	240.08
297.50	196.10
270.97	86.76
216.22	162.26
179.50	88.00
182.14	177.60
211.00	312.00
123.83	154.45
185.61	238.67
635.51	2151.33
154.50	151.67
751.00	141.33
2791.98	3371.63
340.89	297.33
229.20	183.33
351.24	206.84
346.17	146.81
441.55	300.16
213.31	350.93
556.00	473.50
368.40	629.65
541.91	588.00
157.86	66.97
217.92	255.00
735.43	558.00
331.64	269.00
382.52	426.40
1317.68	2002.99
829.53	1296.17
200.20	389.67
185.67	199.00
474.12	511.67
248.49	123.75
74.21	75.83
225.64	136.00
213.42	139.33
152.83	130.67
145.44	241.83
97.91	94.58
44.69	41.87
261.70	104.30
1690.66	190.15
58.73	51.67
215.25	253.33
192.54	126.65
93.11	71.16
374.94	316.38
222.79	146.41
71.51	78.67
174.54	54.60
176.22	141.45
180.04	163.00
318.58	288.39
100.97	115.10
190.71	118.75
175.94	120.17
234.70	161.28
393.53	155.36
160.72	206.50
66.84	25.48
1597.00	2816.80
2062.97	2854.65
178.47	95.92
836.11	1434.08
628.60	544.60
180.17	184.40
100.99	118.00
175.56	197.33
442.88	20.44
104.96	89.67
285.56	336.03
40.77	24.02
363.27	301.93
99.71	274.11
261.45	270.67
117.83	67.43
5430.69	12362.42
58.93	62.68
154.87	135.53
307.72	119.11
89.29	69.22
240.36	190.10
3534.96	4589.43
135.66	99.33
151.35	203.09
899.17	1073.60
200.50	166.28
106.67	52.20
485.50	954.48
477.45	241.14
245.24	64.70
66.25	102.30
270.67	425.67
250.38	156.09
473.00	242.50
92.98	68.95
137.11	141.37
69.75	66.00
277.62	512.00
205.60	135.83
238.18	90.28
229.44	125.20
134.28	117.73
246.66	155.38
454.75	468.40
280.57	241.26
319.33	403.75
176.25	171.30
116.49	223.17
80.49	71.56
481.99	500.00
156.88	160.71
378.63	373.52
236.78	236.00
113.56	89.08
220.83	192.57
112.43	99.22
177.31	90.60
217.31	189.38
198.19	233.31
975.03	371.14
106.75	114.00
750.61	1039.33
172.70	419.27
184.60	184.75
425.24	361.00
152.35	136.18
113.85	95.33
279.78	84.57
718.49	1440.25
120.22	120.25
539.87	410.20
303.71	237.58
33.57	61.67
116.30	74.36
208.76	154.97
48.27	51.27
689.00	1259.67
1435.78	501.75
237.68	79.60
1026.73	675.81
358.21	641.25
909.22	975.75
211.09	190.17
463.43	1070.60
77.71	64.00
165.86	113.00
448.50	518.00
387.63	25.30
272.10	418.48
230.98	276.31
118.77	109.63
151.87	264.38
64.38	71.12
159.79	137.89
118.65	58.63
158.74	30.93
308.71	159.20
212.01	335.75
682.38	158.75
443.19	580.75
48.48	28.93
169.78	190.04
150.31	167.00
323.08	235.75
118.73	308.07
239.30	162.77
68.83	81.45
137.13	140.45
113.84	116.05
1227.15	224.00
133.07	112.36
242.18	176.67
159.59	161.59
182.46	112.75
324.78	131.00
205.36	151.67
118.33	171.25
309.41	362.25
195.14	231.50
60.25	52.67
101.37	104.17
546.38	182.35
397.33	446.54
141.86	144.67
248.61	200.07
418.32	391.33
180.22	383.43
251.25	183.75
570.98	1317.95
1013.59	552.77
207.02	234.53
707.88	884.69
689.20	779.00
436.83	159.00
249.53	186.67
90.24	121.41
99.93	61.76
111.59	81.58
158.23	202.97
206.21	208.82
64.91	65.20
145.41	150.41
283.37	252.42
628.50	299.33
199.74	260.43
213.56	93.75
1492.92	1169.50
285.19	286.80
319.73	362.63
322.62	251.25
119.99	123.66
221.83	174.27
301.32	374.14
417.15	368.25
179.54	175.50
62.68	67.92
127.76	98.38
3172.45	3690.33
686.69	545.57
158.47	201.83
189.56	214.20
323.00	441.75
209.54	235.93
314.33	394.80
198.82	127.20
195.22	227.00
141.09	110.00
91.73	287.70
243.53	64.71
315.33	349.33
568.75	463.00
179.91	126.50
163.84	138.25
656.86	860.83
100.13	128.47
416.00	380.40
275.64	254.00
359.44	335.90
282.64	368.93
78.44	87.92
97.93	101.62
142.12	89.74
119.67	170.33
184.11	179.12
355.94	388.67
419.94	272.29
208.38	237.50
78.90	113.33
125.73	138.80
1476.45	478.80
98.64	79.96
128.97	170.67
76.80	100.60
1095.50	2028.50
226.00	298.33
525.54	691.76
101.93	24.88
224.64	253.75
197.20	228.33
269.03	217.14
202.74	205.63
154.34	156.57
184.50	171.00
174.31	10.20
150.58	121.33
317.55	398.67
166.89	137.33
148.18	136.80
239.57	228.33
208.51	103.53
250.44	152.00
195.82	155.75
167.98	220.12
245.95	212.88
174.40	207.22
329.22	297.00
202.39	126.00
143.50	103.80
246.84	138.78
140.22	119.72
198.31	220.67
278.66	240.50
115.55	118.86
146.50	155.20
139.32	157.67
382.67	358.25
428.36	220.25
169.71	120.75
665.33	122.77
564.11	556.75
277.52	36.55
50.65	27.33
145.87	226.18
587.39	718.15
350.03	163.38
600.83	943.40
1672.78	3292.00
342.29	251.00
153.12	202.00
186.07	212.56
774.86	1619.50
371.44	506.33
87.50	62.63
217.98	169.11
163.75	106.83
118.34	25.20
210.32	326.60
519.07	707.80
172.69	246.00
86.88	125.34
31.66	58.97
37.04	21.47
149.78	130.56
67.09	111.67
31.13	60.27
187.82	208.33
135.20	149.50
177.71	153.00
347.10	221.00
271.83	284.93
345.38	390.50
540.07	507.00
388.74	146.88
64.13	52.06
378.53	307.48
721.83	93.00
547.06	517.00
306.88	274.00
65.34	62.54
111.42	103.43
66.17	70.33
374.28	296.00
244.80	202.67
127.08	107.47
418.12	242.78
175.94	278.00
144.61	117.54
272.42	133.62
69.31	125.17
446.55	635.83
189.81	145.60
199.46	131.00
243.60	261.67
149.71	175.86
228.75	317.00
537.39	180.25
206.07	211.40
660.82	2195.62
175.92	190.31
433.03	347.57
149.47	128.10
232.22	281.00
82.54	72.17
967.21	124.75
6238.88	17019.17
200.26	141.99
1874.67	348.00
413.45	255.00
48.44	41.13
390.31	527.62
53.55	45.53
92.88	88.66
357.10	712.62
611.40	1044.20
456.21	21.27
205.64	234.00
1063.71	1697.65
412.64	632.00
580.00	471.00
83.29	112.97
73.88	119.92
61.54	65.15
381.74	359.29
246.73	272.25
270.28	389.57
328.22	224.25
128.38	134.41
855.61	187.40
127.70	128.20
438.57	698.00
101.80	76.00
2202.71	4820.00
113.96	117.27
76.82	63.10
264.55	277.45
77.18	79.93
136.07	67.93
138.08	105.30
140.29	87.33
117.32	114.30
141.07	56.24
379.15	234.86
177.58	311.33
378.09	403.10
251.55	215.00
334.17	373.00
115.38	80.98
203.92	240.97
300.04	353.60
381.89	415.33
137.91	90.50
124.19	87.67
321.20	139.81
91.88	93.00
403.26	183.10
129.43	156.69
44.43	35.14
159.57	150.97
257.79	286.88
78.23	117.88
238.53	300.45
97.00	72.67
138.79	225.33
266.43	248.00
347.11	419.00
178.99	106.47
144.54	168.00
214.76	295.00
191.92	233.77
82.76	87.00
207.17	353.00
207.95	181.33
432.60	324.67
318.55	296.18
216.18	237.75
1651.15	1770.33
352.90	424.67
194.09	183.38
203.56	261.67
44.10	30.93
182.02	55.19
263.68	366.80
227.45	269.71
50.93	58.25
160.14	128.67
111.45	130.20
236.47	350.17
259.44	142.70
220.67	158.33
80.57	159.60
86.71	82.97
188.82	221.50
1575.96	1582.20
151.72	207.98
542.06	292.00
597.75	597.75
397.37	495.45
192.03	171.47
161.83	106.84
653.35	425.25
155.98	192.00
71.26	48.26
163.60	108.42
97.47	150.33
76.32	98.63
194.21	151.05
170.41	156.60
355.27	661.93
191.86	166.67
101.94	69.10
785.57	417.33
244.86	295.00
220.75	231.00
437.70	410.67
168.92	187.91
261.62	213.50
151.55	151.09
306.09	290.25
100.86	105.72
315.69	377.80
625.20	438.60
141.15	187.07
188.71	207.64
508.07	437.33
4902.61	11828.29
88.52	65.17
155.25	113.23
113.69	63.00
208.88	136.75
322.49	318.00
133.47	134.22
203.11	176.60
965.35	635.66
247.65	266.65
249.27	218.86
188.22	219.56
344.00	452.50
127.89	141.36
80.33	103.00
659.03	871.32
286.64	265.71
500.10	921.50
162.34	84.63
106.87	108.97
195.08	210.50
72.54	64.00
279.53	194.43
186.91	276.48
420.50	289.00
5932.94	6110.57
176.46	112.14
727.34	414.50
182.19	156.17
231.25	144.00
1318.17	233.91
620.43	177.94
1436.55	3030.88
248.27	125.57
309.94	317.25
152.99	105.25
99.54	110.55
248.79	96.02
73.46	56.10
69.74	88.22
247.82	146.97
85.03	125.00
283.76	260.50
268.65	254.90
999.82	1641.00
568.13	196.00
180.67	177.27
189.54	306.25
178.40	138.63
299.62	270.75
50.63	36.05
1218.50	1903.50
162.91	151.90
361.75	208.67
447.29	518.00
303.45	314.50
227.26	254.45
38.31	73.56
274.55	223.62
179.06	238.14
283.84	232.54
314.02	432.75
1581.71	351.33
66.83	43.70
195.44	70.19
242.62	208.75
369.40	310.78
228.62	387.00
1110.00	1800.00
123.71	98.43
399.15	555.36
363.46	646.00
822.71	187.93
94.75	145.27
931.91	892.00
382.04	242.00
25.02	23.95
417.33	308.33
86.50	96.21
314.33	392.40
443.14	268.71
3744.93	3699.33
194.22	193.50
193.17	400.67
159.19	183.50
159.57	161.83
1131.46	2484.00
227.76	367.00
253.06	263.20
80.95	84.00
564.27	181.10
457.64	397.67
155.68	205.00
287.11	342.14
243.00	300.20
521.71	172.75
141.50	141.33
160372.55	494.60
322.99	159.00
207.12	147.00
165.40	87.63
122.58	90.63
212.56	155.00
257.00	135.67
385.19	81.75
199.00	188.18
998.38	1937.00
435.38	74.48
1799.77	571.00
98.49	149.00
202.51	197.22
337.19	322.67
485.96	457.43
165.08	128.82
287.88	197.40
162.51	300.00
135.63	166.71
314.05	404.76
136.59	84.20
91.91	66.40
496.00	470.60
353.74	216.61
158.05	208.98
286.70	421.86
5212.00	1731.00
91.60	86.57
162.12	138.60
86.09	95.80
154.80	158.00
424.20	361.62
69.91	37.00
151.15	164.30
311.67	427.33
249.19	316.18
156.61	202.08
203.45	241.00
55.28	78.30
411.30	353.38
1642.75	982.33
322.96	292.93
114.45	155.72
345.15	188.53
127.63	95.30
89.98	53.96
283.13	276.57
104.83	71.45
60.70	74.07
90.70	99.20
77.34	36.23
171.66	203.50
188.80	223.24
312.80	232.50
168.12	188.25
158.72	70.00
104.12	75.65
2863.43	4945.67
121.81	60.80
56.88	47.50
151.03	174.29
126.60	125.25
59.90	109.00
89.32	85.82
370.66	157.00
222.53	209.64
138.18	84.34
152.70	101.33
153.75	186.33
79.30	52.00
166.31	171.97
314.22	499.33
121.00	66.40
472.29	265.00
79.03	9.23
137.06	158.56
361.73	312.40
248.52	164.27
176.54	197.60
303.71	169.80
60.75	78.00
260.00	241.83
293.17	204.67
798.26	476.33
234.71	106.33
258.00	102.89
32.78	34.27
132.89	164.47
610.56	306.50
168.55	111.05
251.69	192.67
258.04	178.32
114.40	114.65
199.12	188.57
220.59	208.25
61.61	31.60
331.38	158.25
158.77	140.33
85.72	102.99
37.49	35.07
132.24	205.30
48.72	128.25
247.87	294.33
277.98	225.75
129.20	156.25
67.17	46.13
155.99	161.47
65.03	58.00
2682.89	2216.33
231.40	194.00
275.89	260.67
121.57	163.24
257.16	240.67
193.93	225.00
170.13	239.86
159.26	155.73
118.10	135.51
535.06	530.83
107.66	123.20
1067.59	965.81
253.78	176.33
373.75	258.67
239.11	158.18
109.19	117.76
228.92	227.67
230.50	403.33
282.96	164.00
297.08	118.56
822.90	1844.00
57.81	51.93
288.86	179.00
200.29	574.65
100.47	132.33
336.40	335.00
366.83	443.67
203.07	332.40
7947.50	11389.00
1182.63	1440.25
120.25	158.00
113.50	103.30
143.66	15.59
126.89	151.25
458.50	317.67
220.15	216.30
28.27	22.27
263.43	376.00
3081.99	460.36
3207.99	789.60
299.38	179.75
542.37	513.23
268.76	81.80
325.96	492.67
95.73	44.88
318.33	189.50
403.25	222.40
452.28	88.57
155.39	161.63
100.66	181.99
307.21	409.33
138.89	129.60
207.38	170.54
87.46	73.16
308.63	243.50
342.18	362.67
279.50	406.75
44.10	19.18
243.00	223.00
145.53	225.00
429.11	578.96
50.95	22.90
1004.99	800.18
144.69	78.00
732.09	332.20
98.05	84.27
281.80	174.60
667.93	321.23
158.95	223.93
107.09	167.00
360.00	372.25
248.35	314.33
260.72	269.47
245.83	252.75
1449.78	1113.25
70.26	48.66
189.84	197.00
685.67	776.20
411.46	501.80
181.70	4.03
170.41	164.63
218.26	268.39
164.77	169.49
223.24	77.36
1254.74	1205.80
228.25	219.06
212.83	132.40
2597.52	53.50
150.32	38.50
253.00	277.33
256.99	182.26
234.97	261.86
168.00	174.78
138.11	49.66
185.00	250.20
159.15	141.30
262.73	254.92
24.48	4.83
250.00	211.67
233.72	335.20
153.72	231.57
86.49	83.20
266.54	298.56
164.88	155.75
174.10	186.66
104.06	137.60
326.59	239.60
350.53	208.25
152.39	142.98
1150.55	784.00
178.35	247.89
153.11	164.60
171.08	155.43
3405.00	1028.67
123.84	124.24
119.83	96.75
278.44	240.40
122.71	119.33
309.86	263.75
97.08	93.50
257.46	260.40
295.19	148.44
124.12	149.33
1123.19	1573.00
264.50	254.67
181.07	259.25
201.91	295.33
49.42	54.08
69.39	40.08
80.16	49.92
184.13	44.83
332.11	335.41
211.29	217.47
136.33	204.00
428.36	233.97
248.61	154.30
495.07	1189.00
143.71	51.33
173.51	211.67
269.00	262.20
291.56	417.17
241.09	198.28
330.12	344.00
433.00	330.00
223.50	252.80
189.98	199.60
243.80	224.00
864.83	473.62
87.57	85.25
310.58	288.00
57.61	73.26
383.35	518.70
148.00	170.75
1220.18	973.50
155.21	313.70
161.08	168.26
178.41	112.87
116.96	101.25
653.45	1970.18
210.43	192.12
144.93	209.67
1679.21	637.00
210.22	275.33
113.30	102.75
74.31	55.99
144.09	95.33
176.69	47.10
169.36	303.67
234.55	198.25
304.75	257.00
717.25	457.00
411.10	336.78
538.22	185.14
445.17	519.00
260.24	63.96
112.49	151.33
99.35	180.00
107.86	87.60
186.09	237.72
199.67	237.20
184.04	127.83
346.93	368.29
155.42	132.77
381.44	668.20
289.09	383.50
148.22	97.33
26.66	32.60
182.47	144.80
994.51	186.18
242.00	301.25
104.31	97.79
219.48	521.50
106.77	88.33
218.06	284.20
103.89	33.10
322.14	612.60
103.84	187.67
5063.84	5412.29
199.12	220.50
69.36	49.50
168.19	168.00
92.16	141.67
90.48	110.00
208.09	255.33
85.77	65.93
197.90	326.97
318.32	399.14
452.67	105.60
413.37	572.57
343.83	345.90
301.83	230.33
232.00	234.00
244.09	217.32
135.76	123.93
107.41	160.25
317.62	182.00
174.61	67.73
140.26	46.57
94.69	70.33
88.30	104.49
242.55	189.00
330.42	90.93
272.25	172.30
517.17	367.14
241.18	303.56
203.75	141.67
515.10	250.00
142.09	128.70
1087.57	105.00
464.12	275.33
81.41	95.00
285.22	101.83
238.95	426.67
157.76	268.72
108.55	173.75
429.55	294.00
269.33	124.00
78.74	151.33
118.42	200.99
351.69	512.25
55.89	48.05
167.00	224.20
950.92	808.00
117.85	64.75
237.57	350.00
320.33	329.00
128.48	171.67
153.19	234.40
342.45	404.83
166.43	127.00
330.75	280.67
200.92	253.20
166.34	293.55
829.30	684.67
229.70	323.83
38.92	33.70
336.50	364.00
50.42	34.97
170.85	145.33
149.91	155.00
475.36	287.50
110.82	249.20
256.95	365.37
15.53	4.47
236.21	161.67
261.41	129.96
697.43	543.29
278.49	82.30
127.32	105.83
960.27	1106.83
608.21	439.96
301.75	334.02
109.85	93.25
232.21	258.00
195.94	221.17
263.49	181.25
184.11	168.75
234.00	266.25
801.64	109.75
732.40	1058.00
293.40	835.67
98.43	82.25
195.41	284.00
186.47	228.97
79.54	34.56
115.77	138.50
212.90	194.77
156.63	115.11
182.79	220.00
336.18	460.57
763.09	86.42
169.09	93.60
157.62	164.20
162.01	156.33
3484.33	705.40
183.14	160.25
286.00	227.33
227.40	194.33
642.50	1978.60
89.00	118.44
246.62	272.57
123.00	105.25
135.84	101.92
17.11	7.93
165.96	97.17
220.35	270.71
106.07	90.33
145.00	164.67
269.67	237.53
219.98	356.00
254.32	282.00
198.00	245.00
219.52	251.70
256.24	142.40
562.75	987.95
206.23	187.14
241.82	278.02
160.00	121.75
145.45	198.97
155.56	176.00
236.04	246.29
302.00	228.33
53.29	50.95
37.60	32.67
433.25	414.67
262.40	114.35
75.92	43.90
79.32	59.15
402.48	186.67
113.64	89.28
399.62	343.14
2024.58	3394.33
227.17	280.50
43.47	24.05
393.67	662.33
110.22	97.75
142.22	214.33
195.09	56.60
323.55	421.20
255.90	405.83
2383.64	240.86
190.01	187.74
112.80	119.00
115.70	72.08
154.85	72.53
49.85	55.95
103.50	132.29
386.67	476.00
360.88	317.43
47.42	35.93
1409.38	1608.16
155.98	93.97
78.54	41.08
260.75	138.67
95.39	90.00
183.29	198.67
293.89	224.20
180.73	150.35
1817.34	985.25
230.33	188.67
292.40	148.33
56.08	44.63
324.51	161.60
139.12	147.85
109.93	161.41
124.19	194.50
44.55	48.32
164.27	135.00
240.78	279.37
284.28	324.17
718.08	467.00
291.25	185.00
423.82	692.20
693.00	974.25
268.54	401.50
328.17	484.67
246.93	218.50
125.91	175.00
154.41	138.72
473.86	305.33
383.62	474.40
328.11	467.00
397.82	383.80
157.84	170.75
147.66	108.08
269.54	259.60
272.38	285.67
259.33	289.29
283.71	393.83
275.00	274.00
504.82	444.00
148.10	201.40
81.10	87.30
271.83	298.67
145.41	160.23
395.20	255.67
147.74	218.32
233.09	264.62
252.49	206.25
55.08	51.14
182.83	204.23
251.78	300.00
545.77	207.57
206.21	182.50
628.79	575.57
92.79	104.18
175.50	118.69
242.48	193.00
131.22	138.99
13.54	1.43
432.97	663.42
232.31	228.25
105.72	137.98
148.83	170.00
324.85	160.67
201.40	326.83
131.14	135.00
101.50	97.67
302.59	412.97
135.75	123.25
205.07	205.25
90.55	76.83
153.00	185.67
128.86	250.47
94.57	85.33
6.80	10.56
308.71	322.00
47.99	47.60
138.17	161.67
87.64	75.93
301.82	468.25
154.49	106.54
146.91	83.09
178.01	170.73
643.54	223.09
408.11	261.00
949.59	1264.19
266.08	268.67
56.05	71.13
122.87	96.56
120.12	37.20
135.73	63.00
358.40	447.83
54.97	48.54
443.89	428.83
343.63	624.44
136.56	133.83
209.36	394.29
193.05	440.67
326.17	373.25
141.65	162.39
197.59	227.18
756.03	401.33
75.39	107.09
154.31	202.14
287.60	174.70
146.79	71.47
133.58	127.12
159.25	151.10
206.53	153.92
418.14	828.53
58.61	36.98
127.03	55.32
160.74	135.75
323.86	172.00
2073.25	435.33
192.58	202.00
147.96	194.95
212.62	87.87
81.16	75.54
113.26	73.60
76.67	136.67
271.82	137.78
233.51	273.48
297.25	351.25
222.55	245.33
95.60	93.00
205.00	206.75
132.91	182.33
48.00	6.17
168.59	26.62
194.88	66.00
102.51	59.47
749.23	554.50
51.35	53.83
163.88	135.50
24094.53	95645.00
135.00	112.24
1890.54	322.20
107.71	121.51
231.50	289.47
72.64	62.97
161.86	36.67
118.73	100.97
200.63	191.51
782.91	1042.83
1466.89	390.57
554.71	508.82
209.15	163.33
172.47	167.60
185.44	243.25
211.56	102.88
318.90	331.00
90.38	100.20
193.56	95.30
138.87	192.09
212.64	235.67
4.21	5.23
180.27	187.49
252.94	259.66
165.08	141.49
70.53	42.72
306.75	517.00
636.86	688.51
53.90	59.98
229.88	256.25
63.87	90.73
104.53	149.60
258.23	586.97
294.15	315.44
205.67	274.95
191.77	170.70
138.71	125.15
416.70	388.20
92.05	158.60
16538.30	94345.82
19.09	41.95
318.50	392.20
412.14	1045.75
782.50	338.33
101.29	103.63
231.95	280.69
151.35	99.14
999.70	203.80
185.67	133.00
31.81	19.17
548.01	566.79
224.27	171.47
53.81	58.95
84.90	104.33
263.33	186.00
146.43	210.09
106.08	120.44
126.45	157.24
214.04	229.54
333.09	186.67
113.88	97.58
465.32	515.69
276.58	331.50
1442.43	238.00
637.00	482.00
167.91	138.00
375.86	321.76
438.09	211.33
134.24	159.34
280.88	84.20
62.62	64.28
313.44	344.33
280.52	383.51
121.02	400.63
200.50	206.65
243.00	209.29
146.96	106.67
93.68	107.11
398.21	333.86
138.90	81.55
212.79	259.40
525.37	225.55
123.94	111.83
100.78	62.74
202.71	238.00
115.48	77.49
178.25	169.70
842.03	456.00
161.11	93.72
206.43	328.67
438.26	412.43
193.07	266.40
103.16	267.93
99.71	129.67
119.24	189.00
687.15	633.46
437.62	462.00
199.56	89.00
3731.27	3107.33
246.69	115.14
159.93	140.05
53.94	43.57
225.03	298.50
196.67	47.67
1008.19	1137.67
138.67	145.33
630.89	76.77
217.34	230.18
149.71	125.33
149.09	161.65
253.22	271.40
52.74	81.67
185.23	218.00
269.88	297.50
96.77	108.13
505.43	478.33
250.10	268.73
314.56	206.00
594.71	693.31
219.21	223.30
378.07	401.00
428.95	539.91
276.00	278.00
500.20	517.67
184.81	152.93
247.20	204.36
110.44	132.67
326.86	534.00
695.01	183.25
152.20	143.00
147.36	161.14
172.57	162.83
527.64	465.20
185.30	127.55
118.67	111.20
346.67	175.33
200.17	115.40
742.08	355.33
469.36	460.67
140.57	158.80
217.70	208.33
240.65	233.00
339.50	354.62
250.70	437.25
419.86	506.00
461.20	208.00
42.54	38.20
159.14	235.75
508.12	1045.33
751.51	1286.83
115.60	142.30
354.40	185.67
367.05	290.82
580.00	384.00
148.15	121.44
174.26	388.33
219.01	325.47
137.25	159.74
398.81	189.08
645.07	628.20
274.39	77.60
464.42	295.10
99.56	138.97
191.25	177.20
335.62	242.33
181.22	121.67
107.34	165.60
427.14	181.00
225.71	27.23
219.90	90.97
210.09	232.00
135.51	86.00
68.14	70.16
235.09	380.76
409.04	446.45
579.44	177.50
964.82	3027.00
213.51	199.54
334.00	414.00
150.79	233.86
131.59	94.61
68.94	31.64
437.62	245.50
711.11	221.43
228.90	350.75
232.18	118.00
133.43	116.33
117.26	138.64
288.77	138.76
115.41	90.93
272.55	106.31
96.90	165.20
141.52	176.38
136.80	99.00
2480.22	202.00
243.46	239.78
255.34	437.25
238.35	178.93
53.53	16.51
48.02	46.30
220.12	275.25
246.75	412.47
245.58	140.60
269.05	155.30
427.00	217.67
129.05	92.82
242.31	314.33
138.86	84.33
2240.50	2267.25
121.20	76.58
238.73	246.89
187.01	146.21
301.62	456.57
165.50	194.27
100.34	125.47
290.12	186.50
176.68	226.89
346.00	357.50
123.56	52.92
216.43	298.67
59.77	42.17
94.83	84.33
75.13	79.78
682.39	622.88
230.59	291.35
299.17	189.71
734.97	385.23
146.54	88.00
601.33	818.33
105.85	93.78
84.81	71.60
292.78	187.33
178.77	160.47
20.30	28.14
321.21	351.60
252.76	214.63
238.21	322.00
78.30	96.32
194.99	305.83
243.24	243.33
249.33	224.00
160.40	164.33
181.33	165.72
212.38	198.91
154.51	104.54
106.49	119.74
23.42	24.36
339.44	165.67
231.24	85.80
181.74	102.58
706.76	703.52
126.33	116.83
80.17	141.67
231.14	256.94
194.97	262.29
354.93	454.25
135.98	104.40
135.89	97.17
344.29	293.33
295.00	331.33
2856544.28	29633.33
138.06	178.33
203.31	128.98
587.31	820.35
36.32	25.89
206.83	190.53
110.83	87.32
61.16	20.30
92.71	48.67
82.94	122.20
136.31	148.77
679.38	1399.00
195.14	170.56
129.57	137.50
126.30	164.33
123.19	114.20
495.30	638.40
204.11	161.47
383.36	271.67
414.00	461.27
190.15	185.00
493.02	280.80
236.03	308.56
176.50	225.33
480.57	341.33
146.72	164.00
232.15	121.23
687.73	1044.47
196.72	181.73
108.54	90.29
556.77	588.25
206.00	244.00
79.06	72.27
436.50	622.33
368.67	420.44
218.53	219.33
73.57	74.93
2375.09	6854.89
214.75	222.00
40.99	37.92
99.51	190.67
617.59	360.71
184.14	368.33
150.80	165.20
185.11	155.33
212.20	160.25
670.93	416.75
197.70	181.40
169.79	281.78
65.82	78.63
237.40	230.68
158.09	193.47
119.95	176.33
317.88	572.60
88.35	126.10
506.50	533.40
176.14	162.88
835.43	468.00
88.52	95.80
290.78	255.45
185.00	222.00
196.55	119.26
265.67	129.80
413.45	407.39
765.31	343.11
112.64	155.17
342.77	464.00
221.83	160.67
986.26	106.98
663.08	66.00
534.60	559.00
514.23	234.67
181.32	183.30
389.98	291.19
468.74	477.31
289.26	167.75
213.25	286.56
115.36	101.00
111.81	107.30
80.69	60.63
469.20	548.75
322.62	341.50
601.60	716.00
28.30	26.93
114.42	105.19
64.71	93.00
145.98	105.95
68.43	61.63
192.30	198.17
98.20	195.33
81.76	47.17
202.38	242.50
125.38	117.00
135.89	164.40
258.43	254.46
277.99	246.27
298.93	355.24
212.70	237.80
1406.22	3889.33
353.49	332.50
179.75	129.83
119.20	95.60
18.25	37.67
146.47	172.00
367.84	181.97
244.68	166.67
242.59	314.67
9.68	3.33
89.15	104.92
107.40	115.50
640.09	747.67
147.57	140.55
93.81	72.70
270.77	106.67
159.58	161.50
194.21	204.08
580.03	985.60
81.89	68.87
43.52	82.67
132.93	136.99
167.55	152.67
473.80	535.67
223.42	149.80
129.04	68.40
359.88	255.12
46.73	56.97
280.63	229.63
100.50	66.60
367.45	358.90
98.33	29.53
202.38	229.30
295.04	242.33
152.45	115.75
160.57	182.70
327.57	367.67
242.35	388.20
373.42	292.75
730.44	798.75
524.34	146.85
219.68	209.40
93.06	191.19
233.47	149.60
539.55	493.00
415.60	386.70
147.29	125.51
263.82	384.89
98.02	152.26
86.78	113.48
394.38	219.01
144.69	133.95
95.66	155.87
155.43	211.00
137.31	72.51
393.69	282.65
211.09	22.86
116.82	74.95
171.80	201.29
157.39	128.00
108.27	84.00
107.25	49.41
97.68	81.20
279.10	168.24
722.66	526.95
139.53	74.97
108.00	94.20
93.81	80.14
294.98	332.75
518.27	533.71
150.70	53.67
148.26	255.50
539.00	423.00
665.67	487.25
93.00	72.75
223.08	302.20
37.57	48.34
267.82	248.50
220.88	150.40
229.35	262.00
314.11	275.00
95.33	82.00
250.16	403.00
272.43	234.33
126.32	150.69
143.33	181.25
220.96	193.93
108.10	106.50
75.84	77.55
262.52	361.41
162.56	131.33
177.87	164.35
255.21	251.33
95.46	86.72
245.90	245.00
154.28	118.32
90.59	83.10
166.49	240.67
91.86	113.97
186.50	248.67
130.87	148.14
205.74	266.00
146.32	137.97
764.50	329.00
382.79	2584.75
10.12	17.89
1184.00	1668.00
329.80	287.67
383.87	348.75
1211.62	1915.51
289.16	192.33
257.51	257.44
51.39	32.07
221.95	193.96
91.78	87.35
137.71	214.83
1508.26	76.96
1251.38	3116.00
220.75	173.01
120.86	43.93
281.65	257.40
440.61	1021.67
233.50	145.00
440.96	558.09
94.36	117.52
243.65	324.20
72.95	69.69
294.65	345.64
476.86	418.75
64.23	73.03
170.25	177.50
246.21	226.14
77.56	41.67
97.42	103.25
133.75	135.22
203.65	263.25
279.69	328.33
58.68	106.81
268.86	370.75
156.53	106.98
215.90	190.17
176.62	119.00
894.67	815.89
70.95	127.50
460.44	423.75
252.29	401.00
143.66	118.67
172.35	135.58
149.62	107.67
100.37	79.50
40.98	34.63
568.89	1109.20
35.47	55.95
620.56	459.40
283.29	151.67
159.00	157.83
176.69	194.83
114.01	54.11
95.14	114.00
470.90	295.50
241.33	178.00
79.95	61.43
424.38	408.67
285.38	321.67
33.28	40.78
418.80	402.62
383.67	895.75
142.66	111.00
345.75	429.29
147.64	121.33
147.66	115.39
83.35	91.70
115.98	137.90
184.63	200.60
814.86	1045.67
222.85	124.60
1133.43	1310.25
130.75	70.46
187.06	218.60
1028.67	314.00
61.65	77.98
190.72	169.76
1114.43	706.75
203.09	211.28
192.83	29.67
203.40	259.20
276.61	338.60
165.25	220.80
242.79	231.26
167.85	163.25
249.89	255.60
117.76	18.94
329.19	273.50
126.95	121.83
111.50	92.33
215.63	228.33
46.04	45.80
116.98	142.00
158.63	144.54
559.80	281.33
239.81	185.17
141.68	237.67
122.38	133.90
123.20	101.00
245.75	96.06
6163.60	5166.67
571.12	572.33
215.62	314.60
62.40	113.50
110.05	133.00
134.64	125.60
266.82	230.60
176.35	118.33
88.46	198.67
112.71	53.18
219.71	232.00
241.00	354.50
369.67	250.40
126.34	121.11
176.33	212.20
228.95	205.38
122.63	84.60
109.11	123.75
90.91	82.67
1473.67	2886.25
212.77	115.33
619.93	1242.00
200.58	134.83
167.86	195.10
91.60	98.00
65.46	15.47
245.50	464.32
196.38	165.32
276.50	321.33
310.84	370.75
350.94	195.60
91.42	70.63
187.98	131.00
142.91	164.04
582.69	298.97
24.54	39.29
72.90	111.93
177.53	242.17
223.89	220.33
212.94	171.00
336.47	354.78
126.65	113.74
297.08	240.67
332.30	491.33
175.42	157.71
304.61	237.33
182.00	136.40
193.13	221.13
310.67	379.67
147.53	173.00
263.20	454.67
764.50	854.67
138.31	153.83
150.55	242.50
237.88	168.00
327.09	752.61
91.88	76.20
124.16	122.82
290.68	347.97
296.94	318.33
1593.16	573.33
325.15	294.33
69.24	64.92
225.25	149.33
210.06	106.25
310.52	280.69
368.31	654.94
180.63	160.57
129.81	141.33
195.18	351.84
6058.67	10919.33
275.50	332.80
185.42	205.60
124.61	157.83
139.35	278.33
337.33	372.33
278.43	238.50
53.27	47.20
562.59	993.88
115.42	137.10
339.00	213.00
99.39	73.12
272.97	110.57
142.40	113.32
58.51	50.00
254.41	167.08
955.72	1004.00
421.25	354.75
289.40	300.80
327.67	386.67
461.90	493.00
33.97	33.10
355.06	310.33
157.50	150.67
181.58	240.31
105.26	115.29
268.29	282.60
125.36	134.16
286.47	287.00
331.12	376.33
56.94	55.03
121.47	182.65
592.38	558.67
222.29	246.88
362.25	485.33
291.68	172.24
6.83	10.50
341.56	315.33
163.50	137.33
79.54	55.05
259.39	403.44
175.58	173.21
131.22	176.99
183.89	138.40
123.66	117.80
208.29	175.33
196.74	283.42
335.06	390.20
404.55	341.73
254.83	243.25
231.50	288.67
332.07	226.83
2650.20	2691.78
1083.54	1453.79
245.71	371.67
156.19	139.50
594.62	484.67
239.24	270.00
141.88	163.70
322.40	400.16
146.81	153.40
135.46	130.50
42.32	33.78
193.20	282.27
304.25	405.00
930.32	1448.07
106.27	21.85
2750.77	4662.75
694.48	765.11
596.71	583.44
66.20	59.76
309.16	448.50
122.83	124.70
328.02	195.11
237.06	321.20
142.25	117.70
127.95	250.95
170.43	184.29
68.90	148.00
269.70	331.25
110.11	67.17
147.58	207.14
246.83	246.33
63.12	72.00
322.77	423.33
563.91	246.30
245.50	290.25
86.59	38.82
173.71	131.48
46.20	33.23
168.56	160.40
180.62	131.67
69.30	194.67
440.15	198.86
250.58	263.30
380.19	587.67
98.99	126.33
244.71	224.50
178.50	144.60
172.73	135.00
67.29	54.37
270.17	295.00
258.45	141.25
283.27	322.00
155.10	268.33
253.41	167.80
148.78	128.71
311.54	350.50
200.06	264.50
305.50	327.00
450.73	435.50
311.00	345.00
186.71	98.25
247.18	236.44
462.64	602.67
126.79	123.56
244.38	173.25
47.78	61.00
1510.00	1261.33
215.83	154.44
374.08	53.12
138.10	110.60
207.34	347.00
843.67	437.52
109.22	149.40
181.39	297.00
286.89	247.67
170.36	293.85
154.40	298.33
184.06	122.45
135.00	141.67
75.37	75.86
126.56	77.36
80.66	99.92
597.18	553.14
155.88	128.67
151.91	168.00
578.08	472.43
200.98	259.11
155.26	264.25
187.71	197.25
238.56	301.80
28.00	35.33
186.50	290.67
214.40	200.83
22.14	25.74
172.46	162.22
207.64	168.98
176.32	210.58
274.04	399.33
161.50	164.00
849.68	280.67
214.14	246.20
82.05	122.82
18.34	15.09
109.15	122.67
249.87	510.67
210.36	270.36
37.81	12.82
129.76	136.76
307.74	227.83
203.33	129.33
335.00	445.17
407.00	178.33
319.59	286.40
9.04	9.12
935.70	1716.00
1552.09	574.25
304.00	213.75
111.89	82.20
191.57	158.14
86.94	107.22
105.55	162.97
275.00	320.00
22.34	32.93
374.70	475.60
267.14	223.75
350.71	301.33
171.29	105.75
123.13	116.13
221.51	218.67
200.44	258.17
72.47	65.49
4551.44	3498.50
428.35	210.33
221.24	194.88
186.18	206.67
259.27	298.69
232.57	298.56
103.74	117.00
125.80	162.60
899.50	742.67
208.13	139.00
259.00	149.00
144.25	177.33
559.43	481.33
458.98	303.86
446.36	242.00
3505.53	338.00
415.22	273.33
283.95	347.67
132.03	179.54
69.26	59.70
54.81	58.80
102.09	121.93
248.18	215.00
211.17	137.33
1564.22	2010.75
304.36	401.71
1703.53	609.20
595.38	743.00
243.95	265.57
136.76	78.77
180.79	168.00
194.62	113.00
315.64	282.67
58.75	52.90
274.96	168.00
142.68	200.33
1062.00	255.33
333.05	352.00
746.40	419.55
1316.17	934.00
250.64	250.50
343.83	258.00
177.23	249.40
322.04	301.10
185.43	146.67
189.61	136.00
140.24	124.21
143.48	174.60
129.91	114.20
37.59	29.27
141.98	211.00
194.78	134.00
285.20	345.33
344.29	317.00
114.44	103.40
209.70	233.66
46.30	48.81
719.86	638.17
114.52	75.58
121.67	88.79
109.96	105.42
145.41	116.25
215.49	224.23
222.84	179.67
177.57	221.27
150.91	122.25
383.15	320.13
96.20	98.13
265.18	236.83
143.80	176.60
1467.11	1519.93
247.59	328.62
256.70	242.17
1472.29	1111.88
378.76	307.27
256.16	212.33
87.98	104.39
168.33	131.00
135.14	105.25
196.54	297.33
288.80	424.69
212.00	199.17
171.33	85.97
144.05	108.50
275.96	303.30
101.13	47.90
304.70	112.00
205.86	236.58
43.79	40.27
320.90	596.23
153.07	92.00
215.70	168.60
213.42	205.50
38.04	33.23
748.22	1337.67
152.01	100.33
542.61	474.33
378.84	365.18
1168.23	369.41
163.27	153.80
221.44	175.67
223.73	458.67
193.87	162.30
790.75	1505.20
280.14	253.25
151.35	252.12
347.09	508.33
165.28	171.67
512.33	494.00
3748.86	6399.00
161.54	205.00
88.08	87.58
248.75	257.34
363.04	397.48
369.45	338.33
258.56	326.57
388.12	290.89
273.38	149.32
470.75	506.50
163.68	238.40
218.00	208.33
362.83	353.20
267.10	236.57
920.05	2705.67
645.89	759.75
367.88	418.33
52.15	44.17
183.00	137.12
132.62	31.63
123.97	92.95
135.81	172.80
399.18	380.83
287.02	143.17
136.58	118.00
248.43	92.55
339.89	104.67
319.98	249.45
72.11	90.05
196.67	261.67
1156.22	526.67
83.38	73.32
220.10	260.22
193.03	226.09
333.36	194.50
179.88	192.33
253.64	213.50
90.53	121.34
1466.43	2304.50
272.77	199.20
365.86	526.33
285.27	228.30
340.76	357.57
44.42	48.16
186.93	163.13
220.61	137.58
89.91	50.63
1328.09	440.39
742.43	1953.63
440.50	452.33
216.67	175.00
423.96	429.78
208.05	333.23
190.18	197.88
412.73	444.00
85.24	44.59
225.71	156.67
40.58	34.34
1449.60	1553.55
86.24	64.63
55.38	54.36
97.71	118.97
124.64	118.00
794.07	1159.00
164.45	77.82
2411.14	436.00
349.00	403.91
265.40	495.00
29.28	7.89
364.70	303.00
184.62	239.46
140.50	240.67
356.71	482.33
199.79	192.36
305.48	224.45
841.06	28.83
105.33	168.69
228.29	329.85
404.75	208.00
169.14	309.80
32.17	24.93
214.66	253.99
129.05	56.95
133.07	240.75
83.12	70.70
100.77	128.67
26.62	13.23
172.08	219.50
97.40	137.97
107.91	97.98
22.78	9.83
702.24	705.98
205.63	286.67
107.13	127.62
143.05	132.54
56.48	38.41
293.19	366.21
184.44	187.67
113.74	74.47
203.86	193.00
111.67	158.33
15.72	8.57
58.06	27.70
222.89	287.48
291.58	253.00
277.00	419.00
72.28	37.72
306.45	312.00
297.63	286.42
2574.53	351.75
377.40	334.22
87.57	111.67
59.60	86.96
219.17	257.89
216.19	71.88
256.90	228.33
109.12	90.67
226.52	180.56
371.30	281.27
442.14	320.00
69.57	69.73
211.09	167.46
216.67	159.91
253.31	288.75
108.50	112.64
73.05	36.92
77.82	117.04
1312.80	341.00
246.97	369.00
175.36	236.75
149.24	104.67
72.60	76.59
41.35	32.60
373.62	500.99
221.80	220.00
110.53	97.25
430.91	223.50
130.83	130.33
135.69	131.80
430.31	313.00
312.14	174.11
455.19	394.10
177.13	133.08
326.38	517.67
99.50	126.76
202.34	253.00
600.56	1108.50
262.85	224.78
298.87	296.66
813.19	1288.67
123.59	133.34
58.53	99.63
1306.16	636.48
209.35	363.75
100.04	111.60
30.28	31.27
911.17	249.33
989.80	588.67
140.96	161.13
161.12	256.48
79.02	82.77
266.33	187.33
169.76	110.87
249.90	303.29
207.74	225.62
315.55	156.00
389.65	145.96
464.00	509.00
501.33	334.33
169.36	70.67
89.95	61.74
34.93	63.17
159.66	219.25
82.77	102.30
2209.81	6783.33
189.70	178.35
271.04	121.08
94.56	88.13
276.63	353.25
123.76	96.27
108.43	89.06
2567.25	279.25
242.00	191.00
202.60	242.69
410.77	362.86
157.44	114.25
147.80	203.60
181.98	53.60
191.41	145.33
390.45	496.50
216.33	121.26
66.19	32.42
125.31	199.74
164.44	272.40
103.50	160.78
121.15	139.00
346.98	331.33
235.59	297.91
963.38	143.00
157.45	95.63
182.28	217.61
94.22	8.93
177.87	164.76
6269.23	9492.00
357.35	205.60
411.23	393.06
75.93	56.40
438.48	499.67
167.73	159.00
118.63	124.67
159.66	135.63
307.79	509.88
150.34	128.60
159.31	154.00
168.35	147.99
107.75	141.38
120.49	131.99
402.86	394.00
125.75	131.67
336.57	392.50
1086.00	310.00
278.95	289.71
29.98	20.47
226.59	77.64
150.33	92.33
54.96	42.17
8234.50	15133.33
220.43	352.00
564.00	828.33
184.20	211.00
364.92	81.38
60.79	45.19
52.41	35.23
232.56	448.25
176.49	350.45
301.85	274.03
536.54	435.12
245.71	258.75
192.40	157.67
422.38	292.00
111.85	159.67
89.97	27.44
171.66	83.75
163.96	160.38
51.47	71.70
170.17	113.99
162.95	83.18
168.75	381.67
47.97	59.40
156.22	165.27
53.08	68.45
143.11	115.33
173.43	301.67
160.86	335.00
263.98	135.56
2209.85	422.58
128.52	170.55
235.44	181.86
94.00	92.33
146.77	264.98
214.54	421.20
251.32	245.00
105.36	76.26
846.98	867.45
222.11	268.80
414.87	434.22
105.80	74.60
167.30	48.86
79.86	105.20
130.86	134.61
924.83	761.00
806.54	732.31
176.92	119.00
91.14	116.67
123.33	207.83
179.68	146.47
149.81	205.40
576.12	268.50
235.14	299.33
446.86	314.33
383.20	190.00
1553.62	1924.10
88.57	14.23
260.95	301.11
144.76	264.37
1260.85	899.80
607.83	1061.00
136.59	133.20
175.17	213.67
608.96	394.35
93.31	85.15
152.79	190.13
92.73	32.07
231.08	271.25
142.78	83.75
1475.28	287.02
311.63	136.41
8539.79	30704.00
115.40	50.02
154.45	281.67
160.30	241.50
508.79	111.32
612.75	1274.69
226.58	205.67
278.00	328.00
1292.11	3529.00
190.62	208.50
231.25	246.00
224.21	194.40
1091.67	1257.67
103.67	161.05
197.56	178.50
591.63	255.00
271.24	385.63
110.97	101.25
158.16	53.77
152.88	82.56
176.24	200.93
699.35	121.25
233.00	266.00
117.55	125.02
130.55	127.47
181.38	114.67
174.05	112.45
199.98	53.00
234.01	126.95
447.88	1057.57
338.15	156.22
28.32	30.97
196.41	156.60
402.91	316.94
156.78	326.25
302.24	594.67
292.19	249.78
674.75	834.33
192.18	74.40
275.81	340.60
535.38	239.77
156.18	297.00
323.69	248.44
172.25	122.67
64.00	35.66
1648.36	2008.00
1322.17	2265.50
1236.19	2028.14
1430.22	122.25
89.35	65.13
251.80	265.30
110.11	112.97
233.21	166.00
214.64	114.17
288.52	476.95
136.16	153.83
123.88	125.00
348.58	220.45
212.57	115.50
159.76	197.37
30.92	87.33
294.62	346.33
89.47	101.96
1287.00	1214.67
187.97	120.56
51.92	8.25
257.86	171.33
251.62	493.10
543.06	272.00
151.02	146.48
136.00	94.66
107.08	87.71
344.49	509.00
445.90	472.50
76.80	68.56
142.50	106.00
229.44	109.05
59.95	72.00
181.94	220.69
102.65	112.63
343.02	153.72
133.08	148.18
433.61	237.00
89.12	136.44
87.68	79.90
93.29	88.93
410.62	547.00
163.44	161.36
89.28	108.20
410.43	454.25
2356.98	2944.25
132.69	136.00
183.53	143.43
380.43	291.20
159.20	140.17
551.53	544.00
166.27	167.00
207.92	159.44
350.93	357.23
219.70	217.00
140.58	175.07
157.60	113.88
123.95	235.00
201.70	125.57
372.50	687.00
254.52	336.40
220.75	214.20
216.39	103.47
211.55	236.50
347.91	387.75
391.08	255.50
145.00	185.33
158.07	187.18
187.25	178.67
165.07	116.00
126.86	124.67
93.37	113.10
193.14	135.52
149.12	180.33
301.99	447.00
129.44	79.66
706.11	1761.67
139.14	174.33
143.43	231.67
69.13	86.50
452.15	222.33
319.33	390.67
386.73	372.25
286.54	333.50
313.61	246.33
95.91	228.33
164.00	155.33
204.13	558.33
195.39	187.34
182.02	214.13
280.32	373.50
278.15	293.64
71.54	83.11
277.16	348.00
71.51	53.18
393.46	627.00
122.66	225.21
531.40	277.75
90.74	134.75
45.26	35.20
316.98	518.33
47.80	77.60
111.67	179.33
67.79	57.04
109.66	58.90
153.83	177.00
476.33	545.67
181.11	187.50
270.17	217.38
472.07	525.83
157.04	212.60
202.97	166.25
236.34	190.50
1943.61	1021.35
461.22	264.00
226.96	223.52
71.18	116.31
143.00	27.40
217.94	311.00
207.48	445.53
1822.90	2059.33
170.72	179.33
113.97	161.00
2820.24	1103.00
61.67	77.95
387.82	362.29
248.14	105.33
128.58	158.30
209.07	330.33
71.41	44.50
194.14	154.67
131.89	112.60
287.20	281.13
210.04	285.63
127.11	104.61
88.55	71.17
202.46	205.33
109.65	156.72
255.40	369.17
191.90	277.17
179.68	246.95
89.60	76.33
252.57	246.67
285.00	291.00
212.29	205.33
349.36	296.33
132.11	107.67
60.89	94.33
69.75	55.95
242.47	231.57
205.62	302.00
103.91	120.25
134.45	106.73
1171.55	1182.40
51.60	53.43
477.95	311.00
174.29	165.50
292.52	345.20
8606.44	509.67
4941.56	66.50
242.26	260.50
209.93	213.78
465.70	92.18
693.38	1139.00
145.48	155.25
288.08	315.00
170.06	123.30
870.36	697.70
724.33	1374.00
127.33	149.00
209.19	528.85
183.08	201.67
207.23	201.05
86.59	72.52
214.41	271.67
142.00	169.33
243.29	167.00
239.45	148.67
252.15	182.41
300.69	398.83
209.00	349.00
126.49	108.47
184.27	222.80
318.83	216.67
276.64	503.70
90.50	60.47
799.50	764.45
468.38	89.10
1045.54	141.20
96.08	132.15
54.59	75.57
251.42	213.00
147.07	239.30
132.41	152.60
198.00	160.67
119.50	186.25
382.83	344.33
253.10	138.30
396.88	470.00
164.38	125.00
133.69	114.58
446.67	312.50
169.62	158.25
472.36	718.20
123.57	133.71
152.69	142.78
146.45	159.43
174.36	141.25
276.45	119.57
178.24	225.18
196.35	202.67
160.11	208.33
73.06	70.25
70.27	86.10
108.20	105.20
161.23	110.27
120.13	136.00
160.99	221.15
107.17	88.67
638.04	262.34
299.56	329.00
475.67	442.00
673.73	506.87
290.64	431.00
248.23	248.00
370.78	534.33
210.02	309.33
317.73	194.00
226.26	133.27
394.77	125.75
190.86	220.00
145.58	72.80
239.38	269.50
337.81	275.33
226.57	125.33
409.71	307.67
167.66	183.80
83.33	99.00
51.80	34.55
160.05	160.00
500.11	297.44
2255.00	260.67
265.17	187.67
1147.12	1742.00
55.65	72.00
412.46	316.40
730.33	1115.67
91.15	57.19
158.68	51.27
300.39	408.29
151.31	132.80
73.54	114.25
732.83	465.51
260.64	198.17
282.97	109.67
177.17	183.76
365.35	418.31
100.05	99.57
494.13	490.00
154.43	173.57
296.47	154.67
90.46	164.75
172.09	182.25
346.43	471.33
239.25	254.50
268.62	249.73
233.91	177.75
1187.44	1187.40
337.00	352.00
106.43	119.00
171.25	179.33
160.44	189.98
57.05	46.00
171.40	155.57
53.38	45.01
107.06	94.16
201.48	152.69
232.17	99.18
305.36	351.55
358.81	303.12
308.90	327.50
74.71	115.97
197.10	221.97
29.29	18.56
131.99	56.78
229.10	95.25
189.69	190.10
86.06	45.80
467.43	727.33
395.78	64.27
148.43	138.67
48.86	6.53
1915.50	592.00
388.56	245.97
253.00	249.80
630.04	1282.82
235.27	163.12
77.37	24.27
875.65	790.38
94.62	85.45
709.99	2066.60
121.99	92.59
136.29	148.82
398.23	200.14
1279.33	278.33
217.51	258.93
77.83	68.92
109.19	107.50
250.12	394.00
37.85	42.30
60.53	63.33
118.72	97.67
165.90	16.63
54.36	46.88
131.52	123.00
274.11	301.46
226.90	191.00
113.63	76.98
218.88	409.33
189.77	153.00
299.27	152.00
122.06	119.73
344.73	378.75
782.48	1192.83
286.17	148.50
432.00	465.75
43.87	27.45
145.55	81.93
145.33	162.50
125.54	162.98
125.39	155.33
32.95	28.98
155.12	122.80
229.04	121.16
94.21	95.30
545.64	482.57
20.11	17.20
218.48	192.33
173.64	164.08
171.97	227.00
188.53	231.93
127.76	67.20
221.35	329.83
119.25	121.71
478.88	559.00
2722.75	2558.00
15.87	9.47
104.45	304.67
311.10	322.20
72.27	120.33
161.51	139.00
303.56	310.33
2969.07	3153.50
264.97	333.50
227.04	150.57
167.41	140.20
400.20	165.75
238.65	259.00
3069.08	2057.00
159.42	195.95
298.26	782.40
72.56	96.20
233.50	202.33
194.78	153.50
122.82	51.30
1508.12	2080.25
218.13	310.00
383.77	393.40
200.00	194.25
321.76	331.83
869.68	1698.21
281.96	205.67
424.50	680.67
126.81	195.75
34.07	38.93
295.76	198.80
159.86	198.30
148.91	141.31
116.00	112.00
55.99	55.57
433.96	406.25
293.83	347.00
92.69	33.99
82.96	103.00
269.50	330.00
280.70	229.50
314.11	327.75
361.65	234.63
113.50	73.74
356.42	225.15
242.00	210.25
1289.44	1822.00
175.71	120.29
381.33	449.67
98.89	50.55
223.04	209.00
180.25	198.67
692.30	360.75
263.12	259.25
141.62	188.75
330.21	111.20
157.78	177.63
83.54	81.97
151.33	121.33
139.18	131.40
493.14	683.25
266.75	244.82
51.99	57.63
230.14	247.71
142.35	163.00
403.94	707.20
287.05	192.38
192.87	94.30
347.25	434.57
148.41	109.72
109.91	171.75
48.41	34.02
208.93	207.32
768.53	56.20
175.35	220.40
115.68	131.82
314.82	91.97
301.46	273.80
397.73	557.56
229.42	260.41
62.38	84.22
1427.08	108.25
191.19	188.80
63.00	65.84
297.70	305.68
157.86	218.14
221.62	260.30
156.08	205.67
222.77	273.33
90.19	83.20
76.61	73.25
90.71	76.45
149.07	143.22
610.90	642.41
161.00	196.37
309.18	212.20
270.25	331.00
54.78	52.63
64.37	34.93
151.33	111.80
162.29	160.85
100.94	211.33
281.33	437.00
292.36	414.00
877.75	581.00
58.99	40.90
55.28	40.33
95.29	32.17
84.57	68.38
334.40	359.42
140.17	121.33
225.64	143.27
179.43	179.97
241.21	294.60
63.38	67.74
435.00	444.67
307.55	414.60
4245.29	4830.00
158.17	124.63
223.29	280.25
211.44	245.50
125.62	115.00
270.83	207.49
311.82	440.80
63.24	32.96
230.48	391.00
431.33	416.43
138.10	291.67
43.64	59.83
388.92	318.12
143.11	125.75
163.22	205.00
251.24	198.33
102.91	55.95
112.11	91.33
219.10	234.00
205.65	268.00
961.62	1061.00
330.42	560.40
533.66	735.67
100.46	37.59
104.60	94.75
119.33	94.00
192.26	235.30
234.43	289.00
292.97	248.93
89.38	109.25
267.71	261.22
77.21	77.27
458.92	521.14
152.96	125.32
84.85	83.75
277.58	176.00
209.10	153.20
156.63	230.95
745.00	809.33
277.56	264.98
94.87	96.60
129.54	135.50
15.41	23.67
319.80	393.00
109.68	119.80
361.21	260.68
87.30	72.49
455.86	628.50
464.03	378.75
211.51	317.50
299.24	400.67
146.75	238.97
134.68	189.60
267.18	110.00
284.39	282.35
114.31	72.61
248.29	169.62
200.41	115.96
419.21	256.20
186.41	325.33
330.06	212.25
179.56	174.67
35.44	34.58
348.21	252.00
512.96	660.00
381.38	149.13
349.12	508.00
122.55	161.62
495.50	580.60
205.73	180.72
477.90	822.75
184.38	251.33
93.93	79.05
648.63	179.34
166.46	68.52
271.61	180.00
329.86	388.50
111.06	76.34
211.89	219.40
207.50	224.67
380.76	244.39
357.18	401.33
138.29	168.25
187.50	256.67
206.94	386.83
165.72	128.60
282.86	367.66
454.50	585.86
59.72	47.13
124.37	173.00
423.32	608.33
480.86	202.75
1647.96	1279.72
366.50	251.00
469.56	459.56
174.94	146.80
2473.69	2259.45
288.17	364.67
288.77	388.71
184.99	271.40
279.92	281.00
794.63	632.93
439.43	449.75
416.01	199.00
276.26	239.82
172.38	117.99
431.24	699.75
829.33	1124.67
401.11	632.67
179.07	100.30
240.39	242.75
495.19	447.20
149.11	136.00
270.86	249.33
174.34	22.95
166.75	150.53
204.25	239.28
232.28	112.00
96.57	107.86
194.57	179.00
240.53	223.45
174.46	160.62
479.33	245.33
278.63	292.19
1590.71	3379.00
390.07	591.67
621.31	700.25
173.47	67.00
332.21	251.40
96.40	39.93
180.00	111.50
133.54	142.00
140.88	152.67
140.81	148.67
136.04	115.85
118.35	84.85
133.89	168.63
34.33	33.33
368.68	271.00
534.71	639.25
568.18	885.75
234.73	254.09
93.32	176.47
468.44	1022.00
201.27	271.67
955.23	12.32
250.62	267.73
78.28	59.42
173.00	170.33
2437.76	2435.88
761.50	3010.00
197.70	145.70
34.20	8.20
193.08	175.50
264.25	381.80
72.50	22.90
339.30	485.40
152.50	107.33
85.31	75.67
194.45	197.00
876.45	913.50
261.00	280.00
671.60	530.80
213.18	153.00
135.18	184.00
85.60	112.11
94.28	87.09
281.00	195.75
315.64	360.50
215.67	343.50
109.35	90.57
187.36	260.67
188.59	154.30
94.17	69.67
91.88	39.93
356.86	411.67
282.86	261.75
341.88	562.00
290.04	102.57
369.23	412.00
423.74	383.17
111.02	104.07
73.76	89.63
175.86	108.25
258.29	308.33
145.43	159.00
1109.21	194.00
355.80	377.29
63.11	59.53
27.41	29.05
62.96	88.76
331.01	248.29
96.86	106.00
60.62	102.97
409.14	645.25
183.82	186.80
316.00	398.50
75.47	52.95
271.72	471.83
140.40	170.00
270.35	291.20
138.42	110.47
372.35	372.58
721.80	623.25
28.62	19.15
291.28	212.19
486.23	372.00
57.89	36.77
530.00	205.43
232.21	98.75
1180.32	254.22
219.69	261.75
284.38	335.12
138.04	242.50
652.84	396.67
380.90	244.00
196.72	328.00
116.85	38.66
183.50	200.67
674.91	227.75
109.41	92.00
783.00	1597.60
732.72	204.97
215.88	180.83
222.82	103.25
132.66	98.52
1378.93	752.00
288.33	139.83
971.47	286.75
362.27	194.33
838.50	377.29
244.13	186.60
162.54	221.33
396.53	231.33
163.22	220.83
1715.45	270.25
4.26	1.74
99.83	117.67
155.18	148.27
363.67	269.67
199.67	262.00
640.08	537.72
150.23	134.86
507.00	444.29
235.77	226.33
295.80	225.70
1189.83	1117.33
284.45	267.00
101.00	73.85
233.38	348.33
499.50	567.33
445.00	353.14
137.78	28.79
541.42	712.50
2968.50	4052.66
143.08	312.00
177.62	290.67
115.13	94.38
388.45	214.18
57.97	153.24
163.56	62.34
306.80	297.00
336.07	201.77
125.06	93.14
93.80	131.33
1949.67	2322.25
319.32	528.96
810.06	325.25
234.11	304.00
151.89	170.74
330.50	209.50
516.91	267.40
100.33	14.30
234.77	163.20
491.75	396.62
203.67	96.60
281.77	498.25
179.61	290.15
882.56	645.50
332.92	320.50
2440.58	1855.56
341.00	138.67
92.82	84.35
206.40	234.75
178.37	615.75
180.00	224.00
34.69	24.97
86.08	67.52
124.24	71.28
59.77	94.27
403.17	571.67
474.01	863.10
239.72	642.83
299.81	294.57
234.22	213.00
462.25	631.14
46.30	44.60
183.75	71.60
299.33	121.00
627.39	267.46
2539.02	2394.82
95.90	153.25
430.42	297.17
264.07	307.67
233.33	268.67
567.12	971.00
2061.15	4039.63
70.32	77.96
915.28	49.97
2160.72	449.25
204.71	229.08
71.43	62.00
149.30	61.31
252.65	139.27
363.00	409.19
99.54	101.98
191.86	169.00
194.68	198.00
111.78	124.00
2593.57	262.00
332.01	462.76
141.52	271.67
95.98	105.75
380.92	809.86
240.50	136.00
417.55	128.45
243.99	250.36
64.86	49.97
135.13	106.33
157.40	155.29
155.22	144.00
218.58	170.78
349.67	133.67
334.44	179.33
927.54	2792.00
149.77	146.00
261.24	332.14
206.54	150.98
112.49	35.00
245.71	126.25
82.33	89.00
283.09	275.00
98.92	50.73
331.78	293.33
53.11	97.60
225.41	232.89
216.51	389.50
368.82	473.33
35.34	7.18
142.00	115.67
543.35	102.40
162.11	76.00
181.81	400.00
138.49	73.63
79.97	109.00
97.43	26.67
1368.35	865.37
244.84	224.16
191.62	136.60
177.61	136.22
246.43	658.73
157.53	136.17
130.93	42.04
204.38	156.00
266.69	662.00
153.56	114.97
353.25	343.50
156.62	145.00
202.89	175.73
293.17	169.41
352.15	504.67
83.01	75.13
39.91	16.27
320.71	305.67
219.58	70.49
384.57	333.40
1027.77	560.00
205.21	112.60
249.38	333.75
381.66	417.29
356.67	358.43
53.00	75.53
181.62	179.60
72.91	44.67
183.16	218.40
499.00	503.40
257.88	454.00
83.91	72.20
296.87	347.25
289.56	392.57
119.26	143.78
130.75	145.80
304.05	277.33
270.05	261.50
178.25	127.62
168.71	181.25
91.86	103.00
437.30	485.83
379.81	524.38
372.42	28.08
110.20	85.00
374.44	409.00
99.44	140.67
170.29	178.11
326.14	347.96
268.00	200.29
151.48	143.60
129.54	99.77
458.70	855.88
330.00	349.80
77.73	86.67
286.29	425.50
111.34	129.20
104.64	96.75
260.11	235.75
378.50	472.00
109.86	118.33
130.13	178.65
488.09	395.25
196.23	221.50
1141.50	91.00
647.00	524.00
204.89	158.30
114.61	39.94
176.11	195.20
170.43	205.50
154.26	153.43
732.69	877.33
349.12	653.37
242.87	275.30
310.06	346.57
321.32	292.58
126.71	141.33
471.50	641.00
114.50	85.33
91.66	98.80
345.89	272.00
181.86	214.00
74.47	41.72
171.91	170.55
152.73	133.75
31.03	26.05
201.31	250.20
420.20	444.00
159.34	204.20
82.47	107.00
131.16	155.67
55.74	68.87
424.11	503.67
215.79	28.63
112.70	79.97
156.75	128.75
71.68	101.60
298.94	252.90
472.17	554.00
316.08	422.33
166.71	213.25
74.04	78.38
177.73	221.50
18.42	7.68
515.13	424.00
137.84	155.80
266.03	594.22
109.06	67.25
208.43	235.50
207.38	201.75
180.56	102.38
136.91	132.53
127.09	173.65
248.14	233.33
149.43	172.98
230.37	141.33
153.38	194.34
663.52	62.60
233.88	290.50
267.15	370.33
313.12	218.67
22.31	7.45
107.70	40.76
189.13	161.00
141.06	89.55
120.58	95.12
380.93	270.33
79.89	151.69
260.30	78.50
799.39	120.83
203.47	405.33
1099.83	2109.33
122.45	109.65
84.05	52.95
351.35	359.90
89.33	117.00
264.16	310.19
203.12	156.33
162.15	98.67
498.76	625.80
239.43	330.67
150.59	141.92
195.27	159.30
58.26	48.45
309.67	290.37
95.29	37.71
150.31	122.65
65.95	74.33
360.73	432.33
152.19	258.25
274.76	236.82
665.85	392.50
256.56	163.33
187.14	232.00
76.46	54.50
391.25	395.00
165.23	86.09
370.44	501.20
190.47	220.81
367.00	483.33
641.93	1044.00
140.39	140.05
143.08	113.74
409.60	53.15
395.34	525.49
858.86	1562.00
203.64	211.00
333.07	253.45
306.26	326.00
51.67	22.23
1043.11	1195.26
173.56	204.16
117.93	103.52
489.89	405.83
294.50	222.00
230.65	143.97
272.99	451.67
147.97	193.75
142.80	332.67
106.70	104.60
775.00	928.00
280.55	69.26
147.22	110.60
320.03	324.08
643.62	668.67
168.67	157.20
361.65	342.71
71.12	61.58
351.50	266.33
234.38	252.50
195.62	206.67
236.67	234.67
160.75	132.75
505.69	436.80
223.21	215.44
125.97	219.53
104.96	98.00
155.36	128.25
246.36	235.69
110.02	9.40
246.63	366.67
3193.40	2379.47
143.79	122.95
195.59	138.63
286.14	256.00
128.67	105.33
171.00	111.00
121.92	91.00
87.11	97.64
146.81	140.93
36.44	55.38
391.00	282.67
169.86	120.75
113.66	34.97
173.35	275.60
141.16	185.20
75.72	34.00
139.57	57.33
639.17	933.00
172.30	133.04
353.40	541.60
75.62	125.16
226.64	175.33
134.81	150.20
200.04	156.71
339.57	359.69
321.90	401.73
140.10	159.79
132.33	89.60
235.31	133.50
697.48	974.68
93.16	120.32
153.32	92.63
455.60	475.25
85.70	97.20
92.47	87.88
135.29	176.85
530.58	631.43
196.42	244.63
97.78	114.00
196.26	277.00
39.59	47.83
102.98	107.30
444.29	697.33
361.99	269.48
418.55	630.00
54.27	46.30
4907.71	5013.33
141.03	131.99
50.93	62.27
294.38	154.33
1459.14	1971.50
148.70	174.77
150.26	176.34
157.43	168.63
84.09	61.20
181.71	189.00
56.41	69.98
151.05	125.40
92.55	136.47
656.65	208.16
58.95	48.59
76.75	77.30
79.36	91.85
431.21	275.75
65.68	111.40
1338.12	1195.67
53.83	30.91
442.23	244.00
408.74	374.25
291.18	36.25
169.21	217.67
246.25	376.33
182.59	151.00
337.47	291.57
235.18	309.70
491.91	879.84
252.12	270.29
28.99	23.48
398.73	694.00
61.56	72.08
423.69	215.07
29.48	25.72
83.82	66.08
123.50	78.67
64.39	86.33
186.61	222.30
268.31	177.67
1542.88	1303.33
1301.71	228.67
564.00	484.00
306.12	548.20
1222.21	1554.62
188.30	215.67
97.32	69.63
182.23	129.83
268.09	484.24
784.67	1348.94
57.07	102.00
46.93	25.20
152.77	105.25
1198.95	98.00
274.65	162.75
360.93	354.97
366.91	304.33
54.84	43.00
235.14	247.00
174.17	153.04
237.84	182.00
152.88	170.67
621.70	464.80
216.50	284.17
564.11	457.67
211.12	196.00
283.03	238.60
134.23	6.30
260.20	188.67
239.60	298.50
2214.33	3215.40
168.50	228.40
52.46	85.47
199.90	65.45
313.18	221.75
59.72	56.24
155.53	223.20
50.85	80.80
179.50	195.38
435.14	1054.21
285.29	260.50
115.02	77.96
72.20	27.40
192.50	190.60
93.74	89.98
3072.14	8002.98
291.88	247.33
266.46	288.74
1112.67	1166.33
200.83	208.33
871.20	259.75
127.37	178.75
455.96	68.57
120.33	129.00
265.94	368.00
131.10	174.60
295.49	353.27
165.05	243.30
124.74	104.61
179.33	238.00
514.44	542.50
220.75	143.80
337.79	462.40
475.70	807.80
927.17	1537.20
387.64	528.67
283.40	258.25
844.12	717.00
157.42	144.33
234.83	170.28
362.86	271.00
212.77	180.50
83.93	74.92
100.04	74.38
168.03	196.56
339.05	245.33
97.66	87.96
140.15	174.93
353.78	339.70
75.63	168.45
83.82	84.45
53.38	51.42
410.83	359.47
93.78	61.00
212.73	130.57
184.77	142.60
133.48	98.26
1553.95	3308.33
3121.00	2828.67
169.50	151.33
170.38	130.50
852.36	1514.36
664.73	1024.44
134.73	172.75
79.25	118.00
398.53	442.25
70.69	33.77
395.40	286.50
354.58	312.34
156.95	173.10
115.56	137.67
164.50	216.00
101.04	95.71
149.58	269.00
127.91	77.90
236.13	205.93
151.12	275.40
384.17	690.86
3226.44	3089.33
46.54	51.63
305.86	304.00
140.34	166.50
152.60	173.33
242.50	449.00
127.31	110.87
94.77	147.38
2862.00	494.00
75.11	122.86
254.27	149.62
99.72	151.29
125.13	133.74
178.28	173.41
86.34	118.26
262.90	227.75
12.28	7.65
449.12	698.33
131.00	173.80
45.00	52.70
182.36	124.98
166.83	142.57
98.39	68.96
140.43	141.33
360.00	447.67
112.77	148.69
3662.83	4804.19
128.68	271.50
280.73	256.43
165.79	138.80
81.09	103.25
1100.33	1061.20
1651.62	3051.89
488.00	683.67
52.07	6.00
427.69	418.67
2946.00	1368.83
610.42	305.00
32.23	22.40
182.58	200.82
142.00	134.00
472.53	359.60
328.59	473.67
277.09	215.00
295.56	225.67
156.58	184.33
152.90	96.58
126.00	148.50
2353.00	3122.00
371.31	98.20
203.27	395.33
245.96	167.80
287.00	380.29
53.62	3.27
213.17	275.50
271.62	340.50
211.43	344.00
161.97	110.00
93.23	108.25
211.48	179.75
186.21	147.38
904.38	2045.67
267.83	280.80
59.53	73.95
108.44	26.14
176.62	155.50
99.18	78.28
328.94	381.45
123.51	103.18
5.56	8.05
183.92	123.50
40.77	44.33
63.19	51.84
228.00	291.67
193.60	169.75
159.91	203.67
46.76	58.20
1043.78	728.00
118.13	66.65
286.50	138.00
141.00	129.00
152.36	62.63
91.11	64.12
105.53	63.07
305.55	318.40
97.33	103.00
69.57	103.32
257.14	284.50
161.23	358.00
142.67	140.67
97.72	107.94
228.33	286.67
73.96	32.63
239.58	293.25
139.87	144.02
150.22	173.32
231.29	127.75
281.50	220.67
135.07	161.25
112.20	78.12
168.08	185.78
57.68	156.00
109.35	85.67
82.70	108.13
335.08	417.00
1990.22	2680.00
72.91	116.50
173.74	185.05
101.67	95.33
351.44	272.80
189.20	292.80
250.58	326.33
169.76	73.62
118.37	140.49
75.15	33.60
361.52	380.50
177.58	183.86
253.43	335.50
265.43	219.71
192.90	191.04
298.00	358.33
295.42	427.67
143.08	113.43
677.62	668.71
105.94	107.32
162.62	106.26
323.12	511.00
329.06	315.67
280.15	311.48
143.21	163.60
676.11	248.27
379.58	361.67
139.62	122.60
268.88	220.25
162.97	147.75
227.92	231.12
212.95	204.33
166.91	111.00
80.68	75.93
103.21	101.60
203.44	148.33
171.31	171.33
256.29	140.67
197.65	253.00
129.79	138.20
180.00	185.12
545.08	944.33
111.69	99.79
275.93	317.44
228.86	339.00
154.92	261.26
82.75	61.86
184.11	172.67
289.18	255.33
182.16	165.76
153.15	166.18
161.26	103.37
98.11	87.97
75.61	68.62
234.63	244.20
150.66	199.33
341.21	409.88
234.60	248.75
745.27	704.25
271.44	231.14
199.46	197.40
435.85	664.50
89.35	114.00
340.28	444.14
513.95	274.67
140.60	108.11
110.15	46.30
118.61	50.89
452.55	292.00
179.24	145.98
358.49	334.67
177.07	190.00
121.04	89.28
231.38	227.33
134.20	154.27
46.68	45.74
99.06	125.59
147.12	158.20
614.84	1035.18
846.21	860.00
140.09	81.83
141.12	196.00
127.99	169.67
88.75	86.30
275.36	295.75
228.25	222.75
110.45	142.99
91.37	69.66
74.21	60.40
247.00	288.67
313.54	250.18
246.46	151.33
464.62	468.00
152.66	177.75
194.82	125.97
127.02	57.22
465.00	414.25
7140.56	9012.80
209.40	428.67
112.16	140.14
183.66	236.49
271.50	186.55
658.51	989.76
263.86	308.40
274.16	159.26
240.28	326.40
248.41	327.75
385.05	187.33
464.40	524.38
93.97	110.74
334.39	412.50
48.05	58.36
177.16	101.92
1302.64	66.97
221.46	235.86
333.29	181.33
141.41	139.72
209.85	177.44
1668.11	2106.80
159.91	79.16
63.26	48.27
143.35	142.00
146.79	67.18
159.00	181.17
171.30	252.93
9606.09	11457.71
320.70	321.50
218.54	242.62
402.15	350.33
190.07	158.58
129.77	105.99
174.75	176.26
376.95	399.38
116.46	188.63
90.07	148.63
329.94	48.55
284.11	352.25
183.43	179.99
292.78	312.20
176.48	222.33
167.15	130.78
112.40	119.83
78.09	93.62
176.09	107.67
60.33	59.72
168.68	144.10
288.22	411.67
227.44	221.00
112.59	71.93
131.43	100.44
217.12	185.80
146.71	172.33
101.26	101.58
91.80	75.04
98.19	63.95
251.41	336.31
195.57	443.75
331.21	684.33
191.02	192.64
299.25	352.00
269.57	344.67
399.49	400.57
64.15	60.86
213.00	137.99
498.18	96.67
199.45	312.50
295.09	266.62
220.99	282.60
289.43	331.91
331.55	221.66
62.33	47.27
166.49	188.20
290.53	260.88
183.11	231.33
403.44	775.11
193.50	148.67
386.44	347.08
384.92	183.00
335.17	343.67
368.64	347.25
123.90	138.42
187.75	305.00
238.43	139.00
319.84	371.67
236.06	305.70
42.80	62.63
119.98	93.78
309.54	159.67
153.13	46.67
844.34	89.93
192.45	365.33
134.25	212.33
389.99	482.67
131.92	108.67
100.11	57.20
206.07	233.34
130.21	113.00
55.64	57.78
137.32	150.80
437.72	283.88
62.69	55.27
169.84	144.15
182.90	198.81
120.57	131.33
90.05	130.60
178.23	274.15
174.08	167.17
114.16	157.24
572.36	520.60
1442.41	2796.98
96.10	137.75
901.20	26.10
101.55	82.68
24.30	10.62
4570.76	4048.29
274.06	246.30
105.86	147.75
856.32	308.97
5258.74	10287.00
179.97	271.33
77.83	50.45
611.99	203.54
182.31	254.08
462.33	333.00
309.75	266.75
229.08	296.60
150.21	173.72
566.96	1164.33
150.00	158.50
175.50	92.00
63.56	68.95
228.33	185.75
556.43	543.75
4379.12	5391.00
170.84	132.43
150.01	93.44
218.80	196.17
710.83	569.93
806.71	872.33
402.33	457.50
310.12	445.60
318.47	248.50
126.55	165.00
63.43	68.97
246.75	139.80
132.60	103.75
51.94	41.86
33.45	32.63
209.77	106.10
102.60	74.60
82.74	69.00
174.47	207.75
113.66	97.00
252.54	368.20
469.41	435.50
442.83	280.67
152.16	168.66
235.86	212.67
197.08	72.67
430.00	429.75
368.66	367.47
453.47	229.57
109.21	75.15
21.72	18.93
631.71	431.88
284.58	293.75
185.84	253.86
42.07	31.00
4380.32	304.83
132.22	190.75
1288.08	786.50
242.29	291.00
1156.72	3636.25
579.23	172.35
194.89	99.72
218.89	182.90
296.86	263.50
227.04	237.60
262.00	148.00
59.09	30.89
75.00	82.67
567.99	206.72
326.67	183.50
269.71	282.39
68.38	9.37
321.56	396.80
161.63	246.71
218.69	394.00
98.25	318.00
24.10	21.93
690.38	2839.00
532.63	603.33
225.60	239.80
169.20	89.67
416.33	409.00
164.91	101.40
228.12	116.97
164.18	173.00
81.54	87.00
73.74	77.97
295.89	178.33
253.91	242.25
335.64	363.75
128.43	89.40
1809.12	2996.59
336.00	359.00
123.68	95.22
157.46	121.50
575.54	1326.00
207.99	276.98
211.97	154.00
110.78	52.70
129.21	87.17
88.41	92.89
62.05	80.88
323.00	349.00
191.05	216.90
178.42	223.45
148.67	138.67
31.15	15.70
119.79	119.17
80.16	66.19
120.48	105.63
483.33	587.91
386.88	318.67
954.03	544.63
16.19	18.64
247.27	63.33
38.20	26.35
252.79	135.22
270.46	208.17
310.60	466.25
123.70	89.00
156.31	131.25
84.79	92.36
360.99	11.83
118.00	53.00
38.27	40.68
246.88	166.88
63.73	123.82
167.43	204.00
88.40	86.24
139.66	225.25
219.55	90.00
37.16	23.77
1406.59	1997.46
270.56	116.67
224.74	18.79
672.25	498.29
289.70	298.32
287.31	235.33
185.32	180.67
3602.12	5640.20
87.26	146.87
119.43	112.67
1117.08	131.78
336.94	188.12
101.58	58.86
226.98	261.31
196.67	258.33
197.00	118.67
1775.81	104.36
3158.83	5026.00
100.58	135.75
234.81	176.75
194.20	196.29
164.83	140.19
186.96	127.33
1084.17	465.75
237.33	294.33
113.27	192.47
112.95	129.88
563.81	402.00
427.54	642.00
379.69	290.25
147.31	358.00
212.43	242.25
309.47	66.33
107.44	91.33
577.44	603.75
161.98	188.20
303.25	206.17
576.36	317.33
45.42	59.66
737.99	1304.40
339.25	362.67
2644.43	4046.00
407.81	243.33
124.91	130.10
371.30	160.20
479.50	518.33
211.50	208.20
102.00	69.11
180.05	198.35
152.29	36.25
233.19	248.48
228.96	297.26
144.88	200.40
200.62	217.31
159.12	212.22
57.55	16.47
362.00	506.00
244.70	228.67
86.55	85.33
90.78	88.30
2969.52	1624.00
292.92	155.63
108.08	66.19
631.38	323.11
156.47	172.15
295.13	379.80
150.80	117.27
410.78	416.75
250.07	352.25
179.46	213.33
152.90	72.30
120.74	35.53
122.13	174.75
138.25	94.60
588.36	625.25
396.44	411.00
1081.73	989.00
234.61	219.33
217.80	334.00
159.67	118.00
87.70	125.67
12.66	12.15
179.43	120.67
350.15	388.83
246.45	210.22
124.43	140.39
92.41	85.06
241.53	328.33
125.19	234.75
301.59	276.00
132.00	157.75
178.33	328.00
157.00	135.75
214.88	198.67
311.86	231.10
209.39	98.00
250.68	182.80
116.35	125.67
271.10	194.21
51.90	47.17
195.11	328.50
7359.30	11076.83
394.81	161.63
437.25	191.00
609.00	634.00
88.43	73.33
167.00	152.75
323.85	401.25
90.81	119.37
108.43	105.32
355.87	421.40
543.38	617.80
209.74	165.80
120.83	187.00
591.50	458.00
798.81	469.75
626.38	482.00
804.42	719.67
85.96	221.46
84.48	80.13
148.08	169.17
149.36	87.33
116.57	127.40
144.74	139.60
244.57	219.33
153.33	127.00
188.06	223.75
169.27	262.00
300.83	187.33
291.30	444.00
365.14	344.14
129.22	146.25
126.17	100.00
106.21	204.00
86.34	38.36
259.12	304.80
2248.64	1037.67
288.94	320.00
116.91	135.75
154.40	102.33
52.77	62.27
346.09	380.75
136.39	147.00
249.36	305.59
3211.37	5309.00
112.03	171.20
99.00	101.23
779.90	127.25
1113.62	2198.00
64.78	72.00
148.37	153.51
121.20	66.63
241.57	212.33
63.12	85.00
142.83	75.19
204.11	373.91
632.60	650.71
177.95	241.80
125.71	108.88
47.20	52.96
28.20	35.62
517.98	822.30
195.75	134.67
214.99	205.00
128.36	145.25
132.30	217.62
214.29	212.00
151.12	119.26
388.44	328.00
214.14	83.25
152.10	191.67
71.43	77.00
179.70	180.43
161.38	117.33
149.49	84.22
176.00	101.00
68.11	91.47
103.75	146.34
215.81	113.06
150.17	141.67
278.20	319.66
125.66	166.87
3218.91	4478.33
206.20	275.67
208.12	193.60
144.58	72.33
255.85	231.33
159.37	169.78
257.45	190.35
137.29	120.92
168.71	164.67
142.22	148.20
227.55	276.25
350.73	389.00
389.25	463.36
429.25	78.67
229.53	306.00
183.87	206.13
138.65	88.27
84.06	101.87
198.47	37.23
166.61	97.36
393.46	307.00
177.00	108.50
34.46	44.12
51.91	45.93
126.11	92.33
248.67	238.67
90.70	90.33
101.38	147.28
202.99	180.50
270.32	260.75
180.97	151.00
286.11	417.33
329.22	354.25
130.85	131.27
192.51	218.36
646.92	2229.73
316.14	501.67
381.62	362.25
177.38	162.50
133.71	81.95
5027.42	3284.63
285.71	338.33
68.04	89.84
413.20	158.25
151.80	149.29
68.96	72.93
418.15	342.82
179.33	190.67
43283.11	324.00
131.87	152.48
263.33	265.00
207.76	307.33
24.44	13.30
193.98	72.72
47.47	34.60
207.18	184.67
179.25	102.93
220.88	322.75
158.00	142.00
258.08	279.00
338.57	189.67
361.88	205.00
289.75	66.00
163.00	260.33
308.32	330.27
194.97	117.25
364.37	578.80
143.73	142.04
79.82	109.22
268.86	282.00
203.22	207.33
100.28	103.15
67.95	116.70
228.37	216.40
402.74	541.79
207.95	158.20
338.00	234.00
350.80	509.56
125.56	117.66
137.22	213.80
192.67	246.33
199.31	300.33
233.64	289.31
475.95	372.25
86.95	73.20
219.86	118.75
122.09	116.25
95.37	74.59
103.61	105.00
119.22	63.27
246.25	396.00
42.38	46.20
224.14	115.33
125.59	113.75
224.91	152.33
376.47	75.27
596.51	567.60
189.78	262.27
297.81	405.67
209.65	234.27
130.00	135.00
509.28	415.83
316.88	335.00
230.60	185.44
155.78	191.20
647.11	1239.00
239.80	151.67
203.67	202.00
1128.61	566.50
3791.43	1110.25
55.60	51.48
315.94	620.48
97.06	72.93
3097.61	541.71
320.40	271.33
228.52	88.73
286.67	315.67
163.67	122.96
37.45	48.67
672.48	660.00
131.92	77.71
185.86	239.33
357.75	280.33
215.00	118.00
170.84	210.00
944.89	1492.33
347.95	304.75
381.75	533.50
192.70	207.18
26.88	7.35
1448.86	674.00
120.11	135.00
94.24	86.60
163.63	495.30
190.08	71.29
107.09	95.95
448.12	294.00
509.82	990.00
204.68	132.48
242.41	140.90
5.48	3.06
283.20	417.33
200.12	219.80
180.32	177.33
99.13	117.30
52.62	69.48
83.42	80.56
275.31	275.25
162.75	230.67
177.16	214.67
293.07	399.36
190.09	234.43
107.13	177.28
255.06	230.82
165.00	157.67
1829.27	3776.81
119.04	122.15
114.90	195.33
375.62	333.50
412.03	99.67
101.75	66.07
104.30	70.65
184.77	137.00
100.51	35.20
259.03	219.33
536.12	108.00
266.83	219.33
381.56	353.00
466.85	486.25
38.22	36.10
97.53	89.84
345.78	131.20
268.14	190.67
198.31	170.75
479.94	565.00
159.38	191.00
38.67	64.27
240.88	270.33
116.75	103.14
350.40	327.64
289.72	441.14
173.58	83.27
378.43	191.78
276.32	481.97
245.42	215.85
204.36	293.38
271.94	307.40
209.55	337.60
67.00	65.33
318.23	248.75
80.59	126.00
41.17	19.27
263.61	393.70
176.18	130.33
177.91	203.96
108.53	137.00
258.54	176.26
94.63	33.00
1453.59	4543.00
288.33	326.00
125.99	109.03
410.60	125.33
265.45	355.50
1660.66	1091.06
366.65	387.31
6.25	11.00
106.62	101.33
179.85	173.88
143.02	58.69
173.87	174.50
156.75	181.67
151.50	76.25
194.18	196.60
176.99	156.22
113.97	99.50
308.34	58.57
358.44	479.00
239.40	189.14
337.40	423.60
230.30	181.74
83.83	91.00
71.79	97.92
409.50	374.00
299.60	383.33
466.42	537.68
148.93	125.30
122.10	115.57
198.78	322.25
391.95	371.90
655.96	1055.67
1368.50	170.50
77.84	79.47
231.85	205.50
1926.11	3215.32
227.25	303.00
165.24	133.79
501.50	517.00
523.42	485.08
177.13	204.33
13.31	23.47
163.44	166.33
253.81	389.17
285.00	286.33
731.73	238.42
150.16	266.94
101.50	48.25
243.76	284.50
208.90	19.27
123.76	117.95
338.33	521.00
129.17	98.75
149.86	119.40
117.17	224.26
227.54	252.43
402.22	742.00
166.25	119.00
68.19	67.08
323.37	268.29
161.23	75.00
9.51	13.30
30.97	35.33
243.18	235.80
175.75	69.17
168.56	151.43
110.70	108.86
654.76	2334.50
99.40	83.13
96.79	121.00
183.30	211.33
177.74	248.40
439.68	382.88
136.01	130.30
553.24	459.33
1872.30	3334.60
48.15	47.97
154.15	166.58
31295.00	48890.80
181.09	76.45
444.12	378.35
292.58	210.22
116.16	69.78
132.48	117.63
209.42	132.67
120.02	114.88
184.86	189.00
563.59	417.25
1095.69	138.74
194.57	200.17
144.62	185.72
184.58	162.33
258.56	140.75
132.47	173.56
318.64	314.00
295.43	202.00
569.65	436.60
278.14	321.33
187.33	307.75
325.68	102.63
285.00	139.67
459.57	257.25
277.58	301.51
1533.33	2840.00
466.50	658.00
289.14	218.33
120.49	120.14
467.96	165.20
537.99	306.25
274.20	294.67
225.70	233.25
620.58	788.75
466.94	341.67
260.08	288.20
293.76	176.00
112.04	55.40
472.86	290.30
154.16	142.33
352.20	206.00
1200.38	1496.50
132.30	190.66
140.22	145.50
236.75	261.56
83.72	84.88
60.97	65.55
430.32	823.87
162.00	232.00
215.00	239.40
206.61	276.38
117.05	57.42
49.95	32.29
743.08	838.22
50.19	29.00
188.60	55.95
234.36	265.75
113.14	69.75
151.18	106.72
49.14	46.81
243.09	168.75
158.57	90.00
126.96	129.60
262.00	198.99
217.22	176.25
374.33	259.20
906.31	991.00
303.89	293.25
1454.81	3340.35
110.65	107.65
446.68	316.00
212.54	214.53
324.58	144.00
134.00	162.33
341.15	287.17
367.40	107.97
496.38	368.75
107.08	160.00
162.72	170.40
188.76	158.27
149.57	208.33
59.10	27.87
70.60	127.67
274.80	28.80
282.65	109.00
143.22	163.11
267.16	237.27
157.00	100.76
90.35	172.99
161.79	164.33
288.25	228.20
125.33	120.18
129.99	146.86
86.17	50.98
239.25	285.33
182.40	128.67
933.00	814.67
189.73	126.23
348.91	386.00
129.65	92.25
375.57	337.80
72.03	124.33
327.44	345.33
358.71	355.83
250.13	290.57
373.52	402.50
236.97	51.03
206.23	113.50
252.81	216.04
288.34	74.13
79.02	95.35
216.44	253.33
196.84	222.02
829.69	1321.29
120.45	297.67
63.76	70.29
187.27	209.71
66.33	30.20
102.08	135.33
205.92	143.25
400.70	367.12
188.58	198.75
79.00	58.52
296.89	233.22
192.07	150.95
220.38	233.80
347.93	759.27
232.18	187.28
180.57	220.76
122.47	188.67
251.50	224.50
123.42	103.17
186.00	169.20
146.27	104.00
176.95	121.93
196.43	75.25
177.90	214.25
297.52	203.78
190.62	308.42
266.70	394.67
274.09	211.33
348.26	80.86
187.78	135.45
93.78	84.93
350.85	387.17
105.60	122.50
287.67	330.33
63.80	39.96
101.54	134.00
391.38	305.00
601.94	427.12
95.14	100.33
57.86	36.30
260.90	363.09
166.45	121.67
82.50	107.17
64.83	55.78
3235.78	833.67
297.91	337.73
423.46	228.67
36.85	38.40
205.43	354.60
312.78	290.00
270.55	118.80
157.22	155.00
162.54	142.88
151.22	184.47
139.04	111.43
201.54	223.33
197.76	119.60
484.50	494.00
134.75	128.95
289.66	185.21
111.62	93.00
258.13	265.18
80.78	93.45
349.15	324.50
74.20	130.97
94.56	120.32
236.68	462.01
235.55	232.33
125.45	150.31
204.69	189.00
220.09	197.86
49.98	43.27
535.13	999.33
328.64	187.09
203.61	168.47
89.97	51.65
34.34	30.89
211.99	128.63
59.37	64.22
934.79	388.00
2369.54	2103.77
463.91	209.00
102.90	169.65
280.47	336.17
249.67	423.33
219.07	105.00
114.98	69.40
401.80	221.25
194.99	206.22
73.09	63.18
450.68	726.40
142.99	84.97
146.61	187.75
80.00	66.41
138.83	136.00
375.71	365.33
948.81	287.63
95.69	103.87
244.72	191.25
159.43	99.50
59.37	23.87
115.82	117.68
119.78	131.83
101.61	202.17
217.11	277.00
234.40	241.75
327.38	683.25
148.22	161.00
273.43	327.23
434.01	550.32
194.91	230.95
535.50	242.33
298.05	46.50
195.67	206.50
344.50	164.67
2104.66	2279.92
50.37	75.00
133.86	114.66
62.04	69.33
257.92	288.71
244.18	250.50
171.91	154.44
86.55	81.92
145.71	171.00
135.44	141.20
130.72	58.76
217.88	225.80
3718.19	3876.71
231.38	126.34
114.25	132.20
403.23	328.00
172.00	209.25
116.16	124.25
240.00	176.20
205.65	111.97
206.70	245.33
218.33	165.00
295.25	122.40
76.11	96.16
248.05	226.17
225.11	119.73
109.00	85.00
163.17	99.50
333.86	511.67
87.00	26.40
62.39	18.30
194.82	139.00
260.11	253.00
142.79	187.61
3098.10	7420.67
205.50	248.33
43.03	37.98
305.57	321.67
306.89	460.00
243.94	379.65
381.72	27.23
105.28	94.45
1771.77	541.12
65.10	58.80
688.90	1049.86
211.30	88.00
810.26	682.20
237.22	315.67
689.33	264.00
210.86	183.67
179.15	168.83
413.09	525.07
300.49	204.33
182.37	206.65
144.69	227.86
182.07	35.26
230.38	186.29
53.39	65.13
44.83	24.94
159.62	128.17
107.34	63.25
117.12	181.67
282.76	284.71
183.52	127.38
593.38	507.50
239.82	225.83
520.64	517.86
167.33	216.40
124.00	111.25
326.57	326.33
73.36	88.12
204.87	226.22
179.61	165.56
253.55	221.00
268.53	236.78
357.69	311.86
231.76	107.12
266.99	223.72
311.61	284.50
96.93	113.99
300.04	191.25
108.27	114.67
409.65	377.33
347.36	266.00
295.90	175.70
359.78	346.93
117.31	147.94
126.83	80.21
235.56	194.75
425.67	391.00
98.97	117.37
843.29	325.67
753.67	275.67
149.74	131.67
186.99	218.67
108.44	115.86
298.25	333.80
255.44	159.75
74.61	70.11
317.80	860.60
99.52	43.63
925.20	1403.40
129.70	213.60
100.50	90.80
684.70	712.80
318.88	395.00
1018.45	890.87
81.54	148.40
203.38	170.60
882.61	1169.33
166.79	96.47
129.64	98.22
149.42	355.33
207.39	120.60
175.77	621.32
200.98	259.97
207.56	233.50
189.05	178.00
111.36	131.33
305.76	315.00
39.66	66.93
281.08	304.40
92.62	99.18
358.68	358.33
301.22	358.33
449.45	501.00
133.86	118.00
246.82	263.96
1999.65	1100.58
186.24	436.00
151.67	231.33
194.04	169.40
273.77	321.25
205.50	128.67
310.54	176.72
332.18	431.80
207.65	212.00
202.76	241.44
93.54	47.50
104.43	131.33
265.41	312.38
348.00	666.00
320.40	272.00
189.62	156.56
327.32	407.60
160.32	150.66
3255.14	112.60
169.32	217.20
381.13	471.33
108.86	97.16
268.10	365.33
68.56	94.67
333.48	464.85
87.59	72.50
213.67	102.00
283.22	279.00
87.75	55.73
257.13	315.18
413.67	234.67
178.38	141.33
273.27	461.67
107.75	73.50
158.82	403.00
259.37	107.05
236.59	352.33
262.93	220.83
434.18	606.75
751.43	251.46
112.82	82.75
706.85	177.20
250.71	254.00
184.73	261.33
89.28	56.71
116.18	132.60
220.17	277.10
183.13	271.60
197.46	123.53
298.00	281.67
46.67	30.73
48.30	57.00
48.63	63.30
174.88	65.22
175.26	166.98
211.94	221.67
536.37	264.04
358.08	441.40
1568.14	2206.00
365.25	602.33
372.29	193.00
348.68	358.94
1019.77	1151.33
822.02	209.74
574.25	511.60
205.24	362.00
268.23	109.40
186.46	209.33
503.25	403.00
263.25	391.33
250.11	296.50
106.11	202.33
106.56	125.68
232.50	167.67
40.31	118.00
163.62	172.75
264.29	211.67
1138.10	637.60
178.33	140.40
54.10	43.75
447.18	92.71
269.12	102.00
345.39	311.83
579.00	221.00
228.47	253.00
259.13	273.62
353.07	296.65
208.45	247.50
256.12	223.33
260.09	200.80
208.09	265.67
182.71	97.22
125.15	95.63
110.56	55.50
229.68	477.00
108.25	121.70
80.76	106.60
168.73	134.67
64.93	28.06
150.37	146.43
320.08	308.29
231.87	198.50
491.41	417.75
291.73	361.50
125.03	105.13
305.55	333.00
588.89	240.89
1208.07	2711.33
170.44	160.50
311.92	422.75
61.88	90.72
161.90	134.77
463.57	700.33
143.20	107.07
939.46	852.50
88.93	55.95
234.22	73.00
382.34	132.22
157.83	210.21
440.78	228.67
65.32	55.51
124.43	120.33
11.87	16.13
227.04	217.00
64.65	56.63
277.55	547.67
38.66	28.93
65.44	51.85
96.15	111.47
1100.79	646.33
92.57	53.07
491.56	471.67
117.60	67.66
292.00	230.00
2490.74	81.22
64.08	38.97
101.81	136.85
104.18	132.13
307.56	475.00
169.18	143.99
261.82	176.75
519.71	467.00
102.60	63.24
278.63	308.00
2291.26	175.50
185.85	130.15
288.27	480.20
391.75	393.30
82.85	117.43
78.16	141.94
254.80	303.94
237.03	216.78
271.85	238.00
240.20	181.14
884.58	55.63
247.50	557.00
75.49	84.52
321.88	285.25
145.05	162.18
800.58	338.25
242.95	158.33
86.45	84.45
216.45	184.00
233.46	336.00
156.24	225.00
222.33	236.33
260.62	261.33
106.08	67.70
88.12	104.00
122.07	173.50
745.52	986.33
10807.51	1711.16
387.93	420.89
163.44	162.50
605.40	842.40
476.18	532.40
535.82	547.31
261.75	249.00
103.19	90.47
246.72	249.14
530.49	498.55
188.62	48.00
42.37	37.72
117.47	124.42
94.31	80.24
192.51	234.60
75.14	80.25
120.85	40.50
76.50	139.93
91.17	133.33
182.75	190.25
352.94	777.00
127.89	27.85
370.67	519.33
203.37	103.09
84.32	92.20
1424.17	24.00
75.36	113.95
219.06	208.60
272.00	361.33
91.10	99.33
177.46	225.00
329.00	468.67
265.99	266.60
153.68	155.52
75.55	69.48
119.53	128.85
187.68	98.22
1444.83	2672.67
76.71	33.72
395.39	106.97
74.43	71.80
120.55	137.33
188.15	208.77
111.68	184.98
213.80	238.00
189.00	207.67
106.16	89.33
330.62	245.33
169.98	217.67
367.05	352.06
187.54	199.23
69.33	79.38
271.60	296.50
143.48	137.71
46.78	73.51
212.80	131.33
174.88	272.00
71.90	77.86
240.38	180.99
178.00	138.99
135.67	206.67
733.53	79.67
247.07	325.64
172.36	207.80
262.48	253.96
242.65	250.43
54.22	36.13
200.66	255.30
230.53	246.33
181.24	73.33
50.32	45.95
167.06	95.67
161.56	100.33
49.83	74.62
343.14	156.52
241.57	190.00
266.00	273.67
707.94	815.14
273.75	228.33
309.48	191.83
169.38	175.00
233.71	40.50
220.76	269.32
210.87	191.99
129.88	95.20
143.44	104.50
826.67	344.67
285.25	105.80
182.14	202.67
82.69	116.65
192.16	276.33
1648.67	2498.83
216.48	58.32
98.38	128.00
1588.91	1583.88
238.86	371.30
565.29	436.67
448.72	152.00
472.25	408.67
156.12	134.67
279.25	190.67
2068.92	266.82
5161.85	7495.57
117.00	100.00
216.67	238.33
114.16	107.24
252.00	228.75
478.50	474.25
102.09	106.00
127.70	125.50
140.50	161.50
60.13	27.90
389.86	485.33
289.39	248.05
94.51	92.50
216.87	230.33
825.25	369.33
341.33	371.50
109.49	123.97
345.16	308.95
199.58	344.43
236.33	319.33
186.59	161.67
71.29	92.50
424.71	480.67
145.36	132.33
58.75	56.60
251.45	254.17
793.94	1817.60
122.59	98.97
254.56	324.60
141.40	27.00
306.29	255.67
102.14	117.77
295.40	346.67
599.49	300.83
473.43	371.08
99.65	118.08
75.21	109.00
277.37	365.99
3519.17	4638.33
383.60	677.67
161.37	215.29
193.41	102.97
174.74	212.00
317.83	358.33
151.32	141.08
347.78	269.60
121.85	99.26
91.07	100.20
361.27	231.50
242.49	238.67
380.15	162.00
247.44	239.80
369.70	363.33
190.14	84.80
744.45	1015.17
192.64	161.00
106.07	86.62
294.94	268.83
194.38	266.50
1361.50	2142.80
278.50	194.29
352.71	349.62
59.65	6.33
173.59	151.97
704.64	269.74
123.78	169.25
187.17	208.67
204.25	288.50
539.49	63.26
291.67	201.67
94.56	99.68
1019.00	143.50
213.71	240.00
428.88	308.67
380.38	415.38
265.76	238.25
585.61	456.00
266.12	311.86
169.58	148.48
176.98	471.67
116.90	89.97
378.11	433.17
168.25	104.60
226.30	346.33
448.35	171.78
831.75	1094.14
399.71	372.00
119.66	126.00
3852.66	377.33
295.14	181.67
295.17	314.00
175.88	165.67
780.88	1504.17
271.04	356.49
127.53	125.00
73.80	94.52
191.33	308.93
107.78	108.50
353.42	296.50
146.59	151.00
1433.29	3033.33
87.52	66.91
151.34	326.60
297.15	232.17
94.30	96.37
997.09	1027.80
171.41	162.35
203.53	256.20
247.00	244.33
36.30	19.10
194.14	302.14
135.71	179.67
286.91	271.33
107.37	50.46
98.77	34.91
474.79	765.67
241.86	361.80
254.00	235.67
399.23	557.14
558.00	348.00
143.83	180.67
184.50	68.67
162.32	151.85
195.84	247.90
212.54	211.56
146.50	129.25
455.99	191.80
2009.44	2887.29
117.59	70.33
145.81	241.86
450.54	484.16
189.45	130.18
262.25	353.80
108.44	142.66
317.08	218.75
193.92	99.50
357.78	102.80
260.89	171.00
165.46	56.60
324.14	370.75
274.88	365.20
611.64	754.94
361.84	428.50
468.69	273.67
153.97	192.33
969.62	1489.00
62.49	124.67
46.38	10.53
355.53	365.67
706.91	354.33
210.56	136.00
258.39	101.35
107.17	162.13
257.00	145.67
42.44	50.67
1486.55	101.21
104.60	139.00
228.82	229.84
271.28	483.83
130.38	102.93
338.60	472.00
480.69	262.00
565.56	590.00
160.37	218.44
929.62	347.67
318.29	308.25
219.14	260.50
139.73	89.33
100.50	122.25
110.06	181.25
104.00	82.00
662.78	725.40
306.56	394.00
264.32	283.28
175.50	188.75
336.95	433.00
232.88	138.33
211.10	333.00
111.29	104.63
215.57	166.25
810.30	422.33
270.25	123.40
228.42	310.57
144.95	194.31
89.55	80.53
93.60	68.28
270.63	385.93
125.20	171.56
317.92	323.00
1913.92	111.00
255.20	148.60
393.00	447.44
40.69	23.45
155.72	173.53
77.85	127.40
152.59	95.27
423.17	904.35
50.75	2.31
165.10	278.67
15.73	12.47
128.47	183.00
202.82	332.79
54.27	35.63
211.91	328.00
540.98	422.00
537.72	1232.00
98.20	59.45
236.13	273.67
39.13	37.32
110.85	84.67
174.15	140.80
137.63	139.66
288.48	188.00
304.14	228.00
174.92	210.58
128.67	232.67
249.02	129.50
83.04	97.99
266.44	269.75
376.18	707.50
148.49	147.19
150.53	120.60
291.13	480.40
359.98	210.25
150.42	117.00
81.38	147.60
455.17	811.45
542.08	508.20
310.03	130.77
364.00	260.33
98.36	157.33
133.78	144.80
107.75	67.50
123.33	100.69
121.62	128.25
277.56	243.06
132.55	116.00
402.44	377.75
953.22	1647.00
4811.80	1368.67
429.64	127.15
156.07	87.90
153.52	276.33
303.70	74.00
641.58	664.75
531.73	505.00
118.04	87.67
16.11	10.22
140.77	243.00
84.57	112.78
260.07	502.33
555.42	705.00
291.07	249.12
266.64	255.40
213.71	292.11
170.40	230.91
245.67	220.83
167.84	159.80
447.33	542.50
703.67	942.71
581.42	544.33
150.84	267.32
140.50	185.56
132.05	118.86
166.81	338.75
151.75	61.20
269.86	452.50
313.42	90.72
106.80	109.99
67.63	125.33
75.82	97.12
927.03	1497.20
223.00	267.75
236.94	181.99
28.41	39.47
138.84	194.35
460.46	318.96
2561.51	3865.75
194.31	188.00
117.12	181.41
248.09	401.60
125.00	137.33
755.00	432.43
597.54	166.22
96.85	179.60
318.26	440.86
81.84	69.33
168.17	221.67
483.75	156.67
48.70	93.25
2577.10	105.67
265.64	265.33
97.53	152.60
379.80	622.25
90.09	140.11
271.04	54.48
731.60	1543.75
349.38	408.00
67.19	108.75
244.09	91.67
214.67	272.00
87.59	43.58
806.71	186.50
767.57	1589.00
92.61	92.06
133.00	188.25
98.44	162.80
446.43	398.33
271.35	257.76
192.53	138.67
193.00	202.00
508.26	490.42
2401.75	3496.00
140.75	140.50
283.23	141.45
831.89	993.96
108.50	147.33
264.75	167.68
289.47	272.64
2725.97	2943.79
91.11	79.60
999.86	1030.83
4477.81	4879.33
681.71	446.00
330.20	174.20
96.10	61.72
163.60	122.69
226.56	254.20
433.11	1154.00
344.70	272.00
172.13	177.56
90.63	48.63
441.03	99.52
277.90	297.83
444.32	436.06
77.78	72.36
137.25	118.37
142.08	117.40
228.16	169.27
194.76	207.87
122.20	65.91
573.50	987.50
204.50	155.83
222.33	225.67
324.19	294.54
794.53	123.51
221.71	218.71
214.73	226.52
335.22	100.67
126.58	74.63
214.95	392.20
236.27	177.75
58.10	104.95
181.84	149.33
271.15	727.75
39.98	72.40
887.33	336.33
193.50	151.58
162.15	141.67
1031.86	694.25
2518.66	384.92
234.82	376.50
95.91	174.22
165.47	174.87
169.55	170.56
2105.99	548.33
223.88	214.33
215.78	260.25
252.83	201.33
138.56	97.99
270.47	322.40
146.67	164.67
267.43	199.00
1051.26	125.85
398.56	276.36
275.91	474.23
3319.21	2081.00
355.50	256.40
263.64	98.33
185.16	205.33
193.61	44.63
484.42	350.00
221.00	228.00
105.08	73.62
114.38	28.17
161.74	210.25
775.75	365.33
881.66	153.00
125.13	64.66
437.66	547.00
104.63	142.67
342.80	322.21
363.89	150.00
83.33	95.86
247.50	305.17
330.80	271.20
208.67	253.68
308.28	442.62
129.97	120.45
90.95	77.12
230.69	186.36
384.08	350.75
219.77	356.34
239.54	257.80
239.88	162.25
218.43	220.26
205.70	165.33
483.67	551.25
134.57	134.05
152.75	191.48
176.22	186.93
116.42	141.09
320.69	70.60
87.00	15.67
82.82	196.40
296.51	301.25
276.31	387.40
71.14	65.87
233.22	128.67
514.61	34.33
127.11	144.29
388.33	395.33
123.47	112.33
176.07	124.38
92.72	94.08
306.55	400.67
340.33	426.60
246.71	217.67
738.38	1471.22
225.00	159.33
319.17	218.42
90.87	231.33
336.00	191.33
2871.70	126.33
326.56	609.00
58.98	53.60
574.33	602.80
76.49	111.53
167.33	160.34
47.86	73.60
280.38	384.00
372.90	164.25
523.46	422.67
846.08	458.67
57.98	66.00
87.50	94.00
50.16	48.33
115.87	70.67
133.23	156.46
191.81	121.97
445.91	447.55
218.33	135.12
404.97	419.88
217.03	269.75
277.77	257.97
213.11	210.50
93.47	74.20
315.32	367.87
100.38	86.41
197.14	93.06
229.11	203.20
204.28	110.80
213.10	239.90
244.00	274.67
69.96	111.33
106.41	90.56
325.23	704.20
280.10	263.00
1036.69	2340.50
2541.71	3895.75
45.13	43.60
229.86	254.33
147.25	91.17
199.12	74.23
141.18	98.25
208.69	191.80
488.17	528.00
134.86	43.00
198.86	189.00
158.09	129.20
235.10	368.00
891.50	1405.67
206.69	271.00
93.47	50.40
146.98	122.33
219.79	263.92
324.89	304.00
100.83	76.75
110.53	117.40
493.09	305.67
144.88	138.80
131.67	136.45
145.20	264.00
66.62	162.00
378.69	577.95
269.62	408.25
145.06	165.49
363.92	371.80
89.40	168.33
398.36	369.80
30.56	32.83
107.09	186.75
83.58	18.49
260.79	158.50
402.82	317.20
281.88	148.67
69.67	104.35
248.46	273.66
65.97	69.87
93.25	105.88
7453.96	792.00
53.53	114.67
56.85	42.60
168.46	198.50
152.82	107.83
498.69	613.48
2831.95	3232.38
186.39	241.98
205.62	225.94
315.33	368.67
122.95	125.92
292.89	245.00
334.07	144.15
1880.96	2019.00
424.69	408.33
104.22	131.67
332.29	440.20
253.66	418.71
56.23	111.40
335.71	58.28
265.57	149.00
171.00	210.67
533.34	585.21
171.54	144.03
256.64	199.83
733.62	494.60
374.26	308.25
252.42	324.00
177.80	264.67
394.00	154.25
129.70	192.00
1768.39	2111.25
265.11	215.33
248.09	228.33
354.22	953.25
131.85	166.57
94.95	135.33
199.85	220.50
147.40	202.93
1575.55	17.97
449.40	406.64
185.50	180.00
226.68	258.60
510.95	790.60
144.56	195.33
196.53	358.00
177.43	231.20
808.24	1160.00
339.29	379.53
151.89	168.00
170.85	130.00
172.46	275.00
130.20	174.50
285.00	138.50
183.59	129.00
112.34	74.25
122.01	116.66
389.71	78.66
74.53	35.92
332.02	339.93
181.37	197.84
76.54	124.27
1368.00	2047.14
102.02	130.87
166.89	101.40
227.54	216.83
256.75	235.14
127.12	215.00
228.31	186.91
227.39	157.50
343.12	281.25
119.06	55.60
370.38	548.97
1075.53	907.29
165.88	292.80
91.71	63.15
809.05	459.32
127.34	91.43
122.60	121.00
133.87	155.36
25.31	29.21
164.93	149.00
509.99	181.67
407.78	372.20
985.39	2554.29
478.12	698.67
218.60	155.00
145.50	72.12
32.07	51.68
81.44	106.25
330.00	332.00
72.14	69.00
547.12	621.00
128.78	193.11
210.63	166.00
412.64	650.00
88.25	117.97
119.00	110.67
140.46	147.00
196.29	134.33
73.69	56.00
194.42	128.25
99.33	98.00
421.23	841.75
449.14	272.00
168.93	210.00
205.95	82.25
278.96	361.43
140.28	206.60
92.71	71.37
250.58	131.00
279.29	279.87
249.17	263.33
132.97	69.87
304.42	165.47
331.17	233.75
97.15	59.86
219.12	218.75
252.82	301.57
229.71	235.86
241.09	228.25
189.60	147.60
378.59	361.67
174.39	246.50
138.22	79.00
382.47	296.57
319.64	520.67
36.41	38.65
436.79	228.67
225.78	245.60
151.72	201.18
177.25	165.00
310.89	252.00
254.00	318.00
559.06	505.11
91.66	158.97
262.75	304.33
136.22	90.67
23.68	2.23
238.90	244.50
135.86	126.50
90.99	103.56
73.72	118.80
212.13	228.50
1185.66	2145.27
446.33	650.80
272.98	431.25
219.82	362.00
164.04	128.32
60.16	83.77
154.67	49.67
144.84	137.17
233.38	344.50
228.44	113.80
1593.43	1832.67
45.68	47.54
426.71	563.50
161.97	357.93
246.32	113.27
131.96	138.20
111.48	213.47
221.71	203.67
136.08	120.97
182.08	173.00
355.41	349.63
195.59	391.27
102.17	162.16
235.86	342.43
268.73	125.67
200.03	161.05
119.38	108.33
165.23	60.23
65.96	60.00
364.10	352.00
926.60	440.00
158.14	224.25
349.83	963.00
183.24	239.86
162.53	153.33
244.98	245.97
155.76	80.15
154.99	98.12
317.94	305.77
277.61	446.75
679.07	360.46
237.56	213.67
151.75	171.75
777.11	722.50
271.77	46.48
455.21	396.50
262.75	192.33
344.28	161.67
143.16	99.17
143.34	301.87
62.01	11.22
472.25	406.00
426.70	354.33
1433.38	3596.00
372.00	181.67
1266.88	323.00
36.56	38.92
110.70	67.12
118.93	109.33
46.26	35.00
59.82	91.27
378.32	392.20
180.76	180.75
237.98	149.98
145.97	188.00
199.82	296.60
117.99	122.00
223.34	232.21
192.85	152.67
85.47	46.27
177.28	166.40
1015.76	417.33
243.37	305.17
201.22	194.67
152.50	266.99
92.98	62.48
210.26	166.63
186.44	123.66
113.46	112.80
341.21	256.43
94.22	178.60
138.72	182.25
195.45	176.45
273.80	247.25
188.57	198.67
506.07	825.87
159.31	128.81
185.25	234.17
81.29	97.16
265.85	257.95
138.35	56.26
13.34	12.48
112.97	61.60
67.54	70.27
2763.78	3105.90
791.47	102.45
217.48	243.92
877.25	775.86
50.54	18.06
98.51	109.64
630.39	682.69
173.06	300.67
538.38	310.20
1578.62	451.67
248.41	189.87
432.69	308.00
100.45	91.40
114.31	72.16
343.97	448.00
135.41	125.47
157.30	109.20
17.03	17.35
293.92	143.66
268.11	130.67
72.61	82.55
324.83	656.33
98.35	98.65
190.97	125.34
361.33	393.38
364.56	667.00
76.14	45.20
141.64	90.00
456.00	253.67
122.44	118.00
235.17	218.00
218.94	239.72
347.91	144.33
989.48	342.50
320.88	375.67
131.22	49.05
24.15	19.23
316.00	141.25
142.83	240.60
406.55	529.33
727.46	59.65
943.57	1076.72
152.58	378.67
314.11	397.75
589.64	290.00
155.86	112.22
55.96	26.46
96.82	71.30
269.56	278.80
57.05	32.45
752.29	135.14
164.56	203.00
206.70	246.57
283.09	202.25
112.43	50.42
187.95	148.90
152.19	98.27
361.17	419.00
163.22	84.77
883.00	601.00
277.48	54.30
3791.82	1542.29
97.70	19.50
183.60	139.25
137.78	112.00
367.43	422.25
181.50	112.46
67.92	96.62
553.02	485.33
469.57	248.33
219.13	279.60
1108.79	208.20
436.43	404.33
155.25	156.75
144.29	124.00
358.22	358.20
1016.18	645.67
160.44	138.00
344.92	395.00
172.31	236.20
85.07	108.45
221.74	154.27
195.77	197.67
239.81	276.06
310.18	329.62
264.17	116.78
428.26	428.14
849.49	258.35
179.20	218.33
171.40	168.00
403.75	608.00
126.47	117.99
170.09	215.67
157.72	196.17
4992.58	4359.25
149.45	218.00
123.75	50.43
143.25	175.75
164.33	116.33
142.95	115.97
307.71	430.60
133.19	100.98
317.15	361.83
421.06	508.00
186.19	232.20
47.23	67.72
196.37	203.69
62.38	58.25
244.50	306.00
100.09	121.00
634.74	817.25
105.11	68.25
226.32	295.00
103.67	129.63
348.00	279.67
521.17	725.75
259.75	236.33
475.43	444.00
153.31	231.62
255.60	255.20
124.24	135.44
119.62	133.00
409.30	430.08
196.91	76.73
259.20	320.60
196.95	260.40
133.09	183.50
277.96	275.90
317.46	349.27
980.27	1396.67
150.92	110.87
172.43	145.67
99.11	87.24
408.86	447.80
245.00	178.33
463.33	524.67
485.47	774.75
425.27	371.00
280.30	153.71
486.25	363.94
252.65	267.33
131.15	115.71
125.19	118.00
49.68	35.42
274.25	297.67
563.83	323.67
324.06	408.86
126.84	132.50
83.63	51.60
244.04	319.00
246.67	307.50
405.42	413.74
134.50	93.00
104.45	89.75
229.89	255.00
107.51	121.71
101.50	117.75
199.58	200.50
419.91	481.50
479.30	566.00
527.60	380.67
228.07	254.20
46.62	96.26
201.93	285.00
219.57	68.33
61.55	67.43
405.79	366.00
63.55	52.30
577.28	286.08
66.62	92.99
323.14	323.00
284.63	281.89
238.47	89.13
313.62	288.67
178.10	221.00
194.35	155.00
820.00	975.33
169.19	317.67
3977.00	964.40
127.57	228.33
263.72	541.58
121.05	119.30
337.31	312.25
357.62	273.75
159.90	100.80
164.83	162.00
104.76	115.09
76.12	29.66
41.17	38.25
110.79	104.10
155.78	213.40
138.17	99.73
284.25	179.60
495.75	255.33
41.40	59.67
490.34	832.73
665.00	2005.33
245.84	283.50
342.82	364.20
920.40	345.70
89.07	51.40
1515.11	156.00
108.19	110.96
238.78	95.90
177.43	169.00
103.63	80.80
178.23	75.93
161.18	117.33
219.39	184.20
3057.57	324.00
483.58	283.15
83.66	103.56
166.28	111.00
380.39	312.86
228.33	313.50
260.47	269.80
254.59	114.66
73.97	80.63
69.00	97.33
129.37	80.16
809.86	578.33
188.57	245.33
187.61	95.33
305.86	396.00
756.64	572.78
175.93	294.10
760.64	804.75
433.82	560.80
333.06	370.00
271.52	121.88
314.11	207.71
238.12	244.00
631.59	403.83
291.48	248.75
89.06	138.63
154.50	227.33
102.43	94.93
214.62	39.72
665.45	601.22
395.62	499.95
471.94	334.67
185.56	143.33
443.78	475.75
963.26	1469.98
81.86	77.56
464.54	595.75
187.56	161.63
207.92	237.00
214.85	244.25
289.08	264.67
141.06	163.51
2521.00	1744.00
151.75	203.42
23.49	22.70
651.68	808.00
108.53	113.27
657.67	2148.70
441.00	171.00
904.17	628.00
247.17	264.75
104.17	55.18
151.83	217.67
338.91	307.86
213.64	71.00
269.36	204.00
93.49	105.55
266.50	208.05
285.50	510.33
162.25	93.61
68.93	63.35
160.00	224.67
95.64	159.87
127.24	88.98
71.02	78.24
278.55	299.83
163.57	134.59
127.50	163.33
251.00	378.67
32.31	3.21
132.13	169.60
162.00	159.25
264.28	451.67
215.34	221.44
151.95	171.00
162.91	93.50
199.39	183.66
49.97	79.12
211.64	225.88
377.67	314.00
165.31	269.00
291.24	334.33
360.57	353.00
507.90	25.89
621.17	457.33
91.25	21.46
85.98	105.60
184.00	164.50
69.76	56.57
258.55	296.69
38.15	31.60
335.00	300.50
260.03	298.29
102.95	125.33
211.29	180.50
316.02	322.33
301.43	178.67
541.33	274.20
512.40	461.75
888.10	698.00
84.01	129.54
190.43	250.00
1037.43	1048.67
77.54	72.19
153.33	145.33
291.78	296.00
279.50	348.89
37.84	46.68
324.09	203.00
189.91	282.30
183.30	91.60
169.31	189.48
208.29	281.89
78.19	106.96
54.06	43.23
203.38	180.20
184.52	213.54
190.67	212.40
512.09	428.53
146.25	98.99
416.70	505.00
283.56	568.00
379.75	672.33
79.33	40.40
451.86	424.75
86.74	109.76
84.45	90.28
189.95	161.66
209.53	224.25
128.68	281.20
5983.38	6216.33
259.71	235.75
199.62	265.00
213.50	197.56
183.00	174.00
276.50	202.00
210.12	207.30
182.08	227.80
100.72	95.00
163.33	95.00
104.98	134.00
346.58	388.84
131.28	117.85
1630.18	153.50
357.21	337.50
267.25	194.25
231.62	479.33
99.97	83.27
104.70	132.78
123.96	79.17
53.40	49.00
138.27	143.67
355.67	336.67
112.74	40.02
160.81	115.50
128.72	289.62
94.51	176.92
348.88	503.33
645.25	310.41
65.85	68.58
108.50	132.90
79.38	82.20
292.50	75.92
204.89	189.50
165.31	129.80
253.95	234.00
184.88	170.56
76.50	95.00
295.83	275.31
875.94	976.98
142.14	142.33
243.76	341.75
65.06	79.75
157.00	115.86
257.29	342.00
251.14	295.00
192.30	158.50
238.86	236.60
188.41	222.97
245.21	218.65
133.88	130.25
55.69	44.60
158.23	46.50
850.51	75.35
308.59	273.56
127.90	101.97
128.43	155.75
131.26	131.00
179.29	134.67
63.97	88.97
184.97	218.67
119.50	110.97
1340.07	4364.00
221.40	130.20
233.64	191.00
112.31	115.09
872.50	1173.39
2145.17	5126.00
566.16	103.33
84.54	103.67
890.14	1085.45
860.11	655.82
263.00	192.83
2443.00	2421.00
3395.55	1081.57
312.88	350.00
120.58	116.92
445.30	481.15
234.86	192.32
344.32	244.57
9726.83	5211.29
164.89	104.00
182.22	177.00
62.49	51.08
247.12	115.00
212.40	315.33
449.85	671.00
23.33	46.00
164.67	110.67
38.27	27.77
857.38	864.75
248.45	198.71
210.17	211.60
137.31	122.33
314.62	243.50
259.37	210.00
150.66	140.66
393.43	454.67
80.18	137.82
420.83	332.33
134.86	175.00
241.78	218.67
253.43	218.67
592.67	643.67
197.47	198.88
366.81	895.60
124.00	190.50
703.50	455.67
365.14	357.00
222.99	313.00
276.30	176.83
51.81	82.78
89.13	89.22
165.18	163.07
81.77	88.48
278.38	367.50
345.30	498.40
115.67	95.60
1248.20	232.75
272.35	198.67
165.34	153.57
168.78	140.80
49.83	64.67
321.21	339.67
2794.68	698.95
535.59	645.00
1799.14	2080.71
301.46	423.50
210.71	244.33
117.83	170.33
325.17	499.33
230.19	321.87
150.26	172.45
74.78	93.00
317.57	427.75
80.48	88.67
284.39	303.98
501.71	427.00
224.10	144.00
138.71	150.09
368.43	352.60
48.40	66.60
276.33	206.67
66.22	89.00
122.92	149.99
155.11	232.00
127.75	100.32
425.48	103.99
333.03	181.13
187.00	183.00
263.33	363.25
206.90	161.36
190.63	85.11
74.78	5.90
78.84	67.25
244.94	132.33
557.44	538.82
545.00	660.25
3064.36	10039.00
206.22	168.00
230.65	70.31
131.85	179.50
56.38	107.40
251.83	232.82
226.17	419.43
115.34	66.25
45.19	56.98
167.50	179.25
185.04	164.04
160.56	192.70
121.78	89.30
229.52	219.87
466.79	1066.00
134.62	149.56
275.00	177.20
190.95	119.80
276.32	349.33
177.83	224.67
165.95	92.20
222.82	299.33
122.89	118.25
458.38	252.43
76.28	81.42
410.71	477.75
409.52	354.80
468.10	794.67
186.64	286.48
691.24	461.85
149.17	153.25
94.09	55.23
194.71	228.33
242.09	461.67
228.50	151.67
212.12	227.33
159.30	127.47
134.00	66.21
64.31	85.50
105.67	112.54
198.86	271.37
151.85	120.03
277.61	231.49
369.50	652.33
242.20	255.07
124.14	109.27
377.94	464.99
15.05	15.65
146.77	431.27
202.24	253.25
514.36	676.13
327.71	187.00
504.33	169.68
166.00	200.75
121.65	114.25
115.74	105.28
472.57	552.00
169.75	220.79
210.86	110.33
51.77	59.70
202.40	197.18
256.57	325.33
111.12	114.96
340.00	378.33
121.34	113.67
71.87	99.00
133.83	105.70
285.86	79.17
253.66	249.65
561.79	682.86
174.85	212.40
22.61	23.30
293.44	240.00
271.52	357.75
208.42	167.64
97.07	141.27
245.38	218.50
199.15	204.83
133.25	138.97
2252.14	169.67
46.47	38.46
207.50	79.33
454.85	123.60
1640.08	1448.62
217.29	328.67
91.94	77.93
491.67	466.00
866.45	1886.47
486.90	469.00
113.69	45.92
937.17	1115.00
173.60	179.37
114.31	123.04
749.33	605.00
141.29	185.00
306.11	318.25
132.47	159.67
6090.99	142.00
78.23	126.49
818.78	1045.67
375.56	376.75
396.00	422.33
99.95	109.83
396.00	387.67
99.09	80.88
202.14	197.00
448.00	297.50
240.75	324.33
44.71	36.93
185.29	188.97
1129.11	3038.33
92.86	136.00
226.89	291.67
106.51	108.44
207.49	67.83
685.75	207.09
3459.22	600.00
165.72	216.25
151.22	28.59
189.13	143.46
140.87	177.78
310.73	565.33
280.93	336.14
322.62	382.80
258.81	254.33
260.62	170.67
355.45	535.00
81.69	119.00
126.77	94.41
342.97	486.15
536.00	715.67
84.47	42.18
188.50	147.67
168.08	153.86
170.55	282.00
74.49	76.20
277.29	191.20
33.24	29.71
158.31	165.05
169.98	309.00
318.91	400.50
110.25	76.75
226.00	222.43
99.80	93.93
209.29	161.41
244.43	206.52
192.37	147.85
124.19	37.66
80.75	83.83
86.48	60.54
108.71	122.71
223.90	238.93
102.27	111.47
142.45	122.20
151.56	190.50
598.07	256.60
195.02	154.67
192.79	120.10
207.19	198.86
147.69	134.38
477.66	702.50
99.44	78.00
127.44	171.74
144.00	211.67
212.01	158.60
106.07	51.53
47.06	34.50
359.88	405.33
222.22	113.17
51.79	61.66
695.43	72.50
311.17	431.25
1293.29	1106.33
349.06	458.25
550.17	812.00
345.11	391.93
236.58	286.40
200.00	308.67
148.94	296.57
360.00	148.00
942.50	2448.00
2292.07	199.72
151.59	129.82
191.04	234.40
403.57	79.03
806.44	652.33
71.45	52.37
384.40	168.00
151.67	202.67
127.73	104.40
542.75	238.00
263.81	323.20
151.67	387.00
259.78	101.00
58.62	61.34
247.21	269.83
131.59	97.78
240.71	302.00
99.47	120.16
73.08	96.43
123.10	110.58
180.90	37.27
128.97	123.36
214.11	183.31
3225.83	4993.00
89.98	102.33
148.45	217.73
42.71	41.61
898.86	989.00
139.58	218.33
137.25	248.40
179.50	203.75
382.45	458.00
131.70	149.97
82.70	98.32
369.42	173.00
635.18	702.62
228.56	285.75
136.73	154.19
540.25	619.33
169.99	193.50
343.44	314.33
229.07	181.00
237.07	167.60
224.15	211.56
168.33	145.91
267.00	281.50
99.55	91.38
101.72	65.50
140.01	123.81
267.69	167.30
266.86	161.33
55.85	67.65
249.75	295.33
35.95	31.27
188.31	208.86
151.45	164.31
1659.45	4733.80
719.86	1415.38
370.31	392.50
322.50	157.00
68.85	41.80
217.12	254.40
191.65	214.56
36.46	10.91
377.67	414.60
323.54	429.00
218.26	214.99
176.51	215.40
1689.47	946.50
242.54	148.58
410.69	262.00
163.29	131.75
243.45	249.67
230.03	222.33
164.52	142.07
211.29	192.67
293.98	299.26
184.63	181.21
292.38	320.14
253.05	398.14
614.86	554.67
440.33	550.00
258.12	274.40
109.42	141.00
43.06	37.96
1995.80	2924.33
145.35	157.67
281.29	475.73
158.72	152.50
313.91	134.67
106.61	108.92
436.51	684.75
419.00	363.86
159.90	215.67
536.17	242.10
1120.60	1031.67
162.42	270.75
351.75	438.50
172.00	200.67
149.57	143.41
215.36	283.60
485.71	259.00
128.81	72.55
312.99	388.63
123.65	77.83
146.19	138.44
542.82	443.33
426.00	345.33
775.97	710.29
138.70	130.47
215.08	152.06
23.81	29.80
97.34	144.63
806.00	248.00
227.59	282.18
277.80	312.38
223.44	247.33
199.72	178.01
179.24	250.79
110.26	104.40
41.53	13.33
109.38	139.13
182.57	198.78
76.06	73.10
202.08	474.00
50.92	82.33
462.57	224.67
108.94	95.91
24.43	8.30
139.41	162.97
291.49	481.29
1035.75	581.00
542.47	702.43
129.67	139.88
201.88	235.00
367.00	286.80
243.61	204.33
180.91	113.83
304.18	362.58
287.50	345.41
1111.77	121.69
40.65	37.16
235.82	252.75
518.74	1143.57
210.46	258.57
64.05	69.48
192.41	216.21
34.58	39.80
114.02	187.11
435.43	228.25
267.29	203.38
328.08	476.17
104.13	132.00
152.62	191.00
461.75	25.67
355.10	189.17
173.43	306.90
225.00	322.33
642.82	250.67
189.38	142.33
138.39	182.78
159.78	158.00
542.23	585.54
116.51	101.30
196.00	386.67
186.12	118.33
289.14	305.00
505.58	170.50
236.22	188.67
345.37	393.77
178.97	160.38
595.12	401.91
182.80	177.67
351.19	479.50
84.04	54.67
651.46	823.27
108.97	61.48
206.44	60.33
96.43	121.30
269.50	315.33
897.89	449.86
182.50	161.75
224.83	93.88
253.36	254.00
236.79	190.00
278.36	201.63
206.92	217.67
199.75	112.00
146.02	78.30
140.17	130.67
153.17	87.80
296.06	392.24
981.17	775.33
187.79	179.75
192.55	197.75
116.16	137.48
591.95	1407.97
649.31	388.17
1569.72	103.86
159.49	75.30
199.55	162.50
153.53	163.77
1175.72	2054.23
33.01	43.62
86.21	29.28
158.74	89.50
383.29	412.25
185.08	139.37
447.64	498.86
134.42	125.67
171.55	240.26
251.61	268.99
278.67	161.67
67.60	95.42
172.00	208.86
118.61	90.35
207.88	194.25
465.00	353.75
170.00	163.57
231.00	224.00
499.48	279.27
328.50	562.83
282.29	473.67
58.34	54.27
225.00	224.66
192.81	265.79
235.00	188.40
117.64	111.00
382.80	408.09
43.14	50.70
152.54	156.67
129.00	106.67
1908.64	2763.83
113.60	128.11
205.83	176.11
207.63	237.65
546.50	242.50
275.62	384.67
1039.07	125.75
282.56	508.33
169.86	158.33
984.78	815.00
1142.41	2199.33
143.50	132.33
141.52	73.17
178.00	67.70
479.86	335.50
139.33	137.33
114.30	113.60
333.80	375.67
1384.00	2184.75
161.55	235.22
304.31	327.38
159.76	158.88
193.49	213.40
151.17	135.18
274.88	97.25
60.51	60.15
204.77	68.32
267.73	126.32
87.52	74.34
734.80	204.33
561.64	1021.56
159.44	137.54
60.31	70.80
62.00	78.45
161.60	103.45
84.13	115.67
335.61	268.43
93.34	126.82
139.77	127.22
185.38	236.83
106.39	116.20
49.95	24.53
449.63	1335.50
278.16	88.67
249.25	388.33
42.80	46.60
21.56	32.98
396.67	268.00
253.57	297.67
47.29	42.60
126.73	48.97
312.87	145.00
385.90	364.50
159.27	146.51
162.14	63.67
174.34	85.85
235.64	184.49
486.39	26.90
203.83	259.00
1730.91	661.33
125.06	76.95
155.10	213.50
344.11	366.25
68.13	86.20
405.89	316.50
258.49	343.58
167.45	143.99
162.81	154.79
361.64	329.80
527.98	439.87
448.83	208.67
242.11	215.67
155.56	231.33
1065.64	275.50
194.89	225.24
100.45	53.53
333.00	584.67
157.06	194.90
918.00	524.33
201.88	262.20
309.29	485.00
3931.90	2344.90
926.75	1613.42
340.50	350.98
175.44	249.68
255.86	157.50
239.53	358.26
390.31	314.25
480.90	136.00
343.71	255.00
138.58	115.33
161.75	163.17
83.09	64.00
167.93	167.88
118.44	120.75
181.33	190.67
265.62	251.75
211.39	309.88
154.36	117.75
200.60	260.00
186.43	198.50
2234.86	4819.00
135.10	91.26
255.48	200.40
110.97	114.03
336.38	259.00
61.13	20.60
108.83	122.67
371.58	244.00
1115.71	1018.94
202.37	388.00
378.99	557.75
98.10	102.20
255.36	182.60
1360.82	122.67
382.38	614.78
140.71	174.18
113.22	113.50
116.95	75.02
421.83	542.33
345.82	303.75
30.66	1.53
621.00	1251.33
229.68	360.00
144.50	227.33
199.22	209.75
260.85	439.70
135.42	142.00
367.56	288.98
100.21	56.49
131.80	133.82
108.15	66.83
45.22	52.99
181.68	354.50
109.21	99.00
68.01	40.44
346.31	208.00
108.18	158.63
81.47	96.72
795.11	203.25
143.17	151.33
82.72	62.92
210.36	126.25
3809.23	3818.00
627.54	937.33
225.22	219.11
18292.62	24318.17
202.33	225.00
207.53	148.50
43.40	52.00
238.55	278.33
248.23	362.00
508.14	355.67
968.03	1648.38
345.00	139.78
218.86	161.33
80.56	120.58
356.11	155.33
232.46	250.25
376.22	336.50
45.38	40.26
450.64	225.33
613.67	1034.33
60.24	26.63
575.28	664.33
393.50	788.00
321.18	134.53
483.12	684.67
218.61	75.53
73.78	48.70
456.93	425.39
94.31	144.50
227.93	114.33
263.75	291.25
222.10	149.61
245.80	244.20
528.15	200.00
160.68	191.26
142.47	148.00
174.54	110.33
703.08	85.76
262.75	378.41
405.85	512.50
354.64	377.08
562.75	444.50
117.74	113.50
221.50	184.67
105.64	139.67
153.78	144.13
269.42	282.50
72.90	92.00
50.24	70.33
192.83	87.57
39.97	28.76
354.33	351.20
249.67	327.33
150.62	170.47
127.00	127.50
200.67	148.25
247.71	296.63
953.29	854.00
950.60	483.00
334.86	213.00
281.68	243.50
62.69	72.75
775.33	1278.67
295.11	426.19
2444.72	102.60
165.99	237.72
240.92	326.22
325.50	371.33
453.20	496.00
322.00	268.67
328.18	164.64
1630.82	2601.81
217.98	229.00
153.12	171.33
645.33	505.33
228.04	232.50
129.56	155.25
375.13	385.30
134.14	87.97
375.50	511.00
42.38	45.62
178.75	57.50
115.56	118.87
138.17	141.33
190.84	408.33
228.85	277.67
243.00	251.25
208.17	268.00
355.56	524.00
559.02	57.52
65.86	72.11
682.45	627.33
258.48	256.40
101.81	108.00
281.07	136.22
202.12	187.60
974.00	1859.67
163.61	146.00
345.23	183.82
196.99	183.98
393.83	587.00
1052.29	1578.50
109.99	75.83
68.51	84.78
339.50	420.79
253.21	153.18
436.38	472.00
110.98	82.74
366.15	340.20
175.75	140.14
364.02	164.06
77.36	61.05
72.54	69.22
138.96	224.24
138.12	196.67
213.96	214.82
312.00	335.00
10139.83	26733.67
1871.15	1242.33
124.99	107.14
271.60	229.38
67.47	40.93
230.38	214.00
144.49	136.75
169.00	212.33
514.71	602.00
242.27	177.50
185.95	75.80
343.90	385.17
90.21	151.50
194.12	216.50
94.27	121.92
84.93	81.67
133.83	133.50
173.15	415.20
42.44	26.60
384.17	553.67
252.67	263.67
121.97	116.35
229.78	150.97
353.69	227.25
1300.25	99.65
189.66	194.60
46.40	21.30
43.93	25.27
94.50	104.00
122.11	98.66
192.08	158.85
386.11	449.83
96.16	106.27
224.13	179.41
141.05	198.66
170.91	164.17
200.51	230.14
107.07	134.22
452.46	659.00
75.91	82.40
79.22	102.41
342.40	228.67
383.95	461.87
305.25	368.25
143.06	159.00
313.33	359.20
1478.86	246.25
118.80	86.38
758.07	1666.58
146.09	98.28
286.07	317.60
137.25	240.00
92.00	90.00
152.11	58.27
295.14	270.00
348.26	292.19
229.26	180.38
152.81	142.40
241.48	104.00
547.67	337.40
248.22	246.38
142.81	193.84
91.46	115.30
264.18	279.00
35.68	17.60
238.50	205.33
1708.21	1399.50
204.15	110.52
51.20	36.62
88.91	106.24
141.62	214.00
113.42	139.36
41.98	47.66
203.70	169.25
1327.24	448.48
250.67	292.18
198.75	200.80
722.78	780.78
1044.38	484.33
812.08	256.40
131.02	208.33
106.32	130.63
173.20	138.33
114.25	127.75
223.20	244.80
178.64	223.65
179.55	224.75
227.63	265.75
78.03	91.95
666.33	361.50
215.69	168.33
255.60	304.75
170.25	144.40
347.50	284.00
5357.61	409.00
310.33	278.25
210.81	355.33
1082.00	1113.66
195.63	81.26
336.43	550.33
164.47	230.43
321.71	542.80
165.02	47.41
155.71	167.20
64.94	107.22
92.71	86.81
24729.08	23446.40
703.00	745.20
192.00	87.67
618.59	2091.16
282.28	549.00
155.89	98.60
113.39	9.16
254.40	282.25
131.73	106.97
126.35	143.45
97.48	97.00
313.54	127.83
364.90	369.29
281.60	390.67
164.70	144.67
216.00	162.60
116.14	109.50
58.67	45.67
308.75	339.33
536.12	554.40
200.85	192.75
2959.72	729.89
639.43	1159.67
144.83	107.30
143.00	136.67
23.63	19.00
100.80	128.99
288.40	370.25
578.75	867.33
592.59	726.17
143.54	85.47
404.49	360.11
305.80	414.33
273.14	403.34
394.66	407.50
44.86	35.71
126.61	118.70
133.51	115.96
158.67	176.67
110.50	120.33
155.85	193.33
2194.17	4176.67
173.68	314.00
31.86	52.63
315.72	202.00
133.18	239.33
180.55	122.43
234.71	214.25
1543.42	1673.43
90.71	78.52
123.21	181.67
142.94	25.90
190.94	323.25
82.06	45.11
218.17	148.44
166.50	218.00
627.82	517.67
236.93	90.67
218.91	99.40
216.17	229.92
111.70	71.88
247.38	244.50
328.20	306.60
120.17	137.17
142.44	163.00
360.67	313.00
3711.86	1591.50
111.05	79.20
280.36	370.25
164.79	174.67
195.62	282.67
122.13	116.19
173.70	151.63
156.11	52.00
125.61	88.27
90.11	22.00
130.33	117.67
128.87	215.67
175.05	205.50
282.08	222.67
229.40	125.74
614.40	190.15
346.67	362.00
219.57	214.33
337.34	290.08
105.38	71.05
632.43	752.00
272.52	270.38
157.33	118.35
201.99	139.83
245.11	155.33
121.94	147.00
279.93	239.60
2737.50	8027.17
355.86	263.14
217.12	181.33
142.25	95.50
199.44	252.67
619.69	199.00
511.33	385.00
921.11	1032.33
228.50	198.00
32.05	49.26
60.65	35.32
280.89	351.12
70.32	57.30
220.25	207.25
402.08	433.83
127.43	128.75
118.38	128.20
57.33	54.00
127.71	138.00
234.89	67.53
135.27	169.80
440.89	67.67
439.34	797.88
395.52	69.67
101.31	159.73
183.98	187.50
294.00	333.67
140.18	147.75
351.88	180.75
1322.00	1124.00
52.31	105.53
306.10	261.67
535.92	385.79
320.86	194.00
263.05	553.67
145.58	114.73
396.10	64.58
668.77	789.33
1514.13	231.11
1124.46	1969.95
20.91	32.00
202.86	123.18
308.35	379.50
54.41	68.33
210.53	193.75
136.32	108.80
60.84	46.47
171.25	124.00
61.30	90.75
76.21	44.63
219.00	351.33
440.59	319.40
182.17	143.25
187.41	129.42
642.00	1049.00
281.50	253.17
1122.81	518.08
1172.83	1178.00
67.02	22.60
317.85	434.05
196.33	322.00
118.44	111.50
131.67	102.42
151.93	128.20
174.78	168.00
128.26	185.00
327.30	357.00
859.75	854.67
671.12	1550.67
148.00	148.33
227.05	403.74
245.77	112.63
586.88	442.00
173.42	69.57
273.56	268.25
116.48	145.63
1102.19	1594.28
172.26	146.65
326.14	478.25
267.70	219.50
97.71	72.27
119.94	107.32
213.61	288.25
165.62	207.07
5887.77	10271.00
245.78	112.30
44.13	52.75
228.01	152.75
160.50	145.33
57.35	33.81
184.38	146.08
236.91	278.82
254.25	236.70
60.36	72.40
172.03	288.67
2936.02	3071.23
304.10	779.25
398.38	367.54
167.94	197.89
144.88	145.00
144.74	147.40
195.16	197.75
147.99	212.72
163.60	155.00
541.82	481.33
178.69	207.15
287.83	30.33
167.04	210.50
158.14	227.67
104.79	99.02
26.32	33.88
304.37	171.49
274.85	239.50
7730.64	10254.38
107.90	74.96
102.80	178.00
251.30	176.33
119.31	49.62
234.97	238.08
165.14	219.25
275.00	179.67
85.57	18.27
142.98	61.20
59.41	79.00
104.19	100.51
510.03	809.62
218.12	157.67
646.94	792.21
154.33	253.98
1331.90	2513.33
165.29	191.00
276.67	227.33
202.00	307.00
467.67	339.33
121.64	110.00
210.96	301.60
482.25	636.60
122.76	112.33
73.16	81.86
121.86	157.41
1461.67	655.33
450.29	765.00
73.81	90.99
177.05	126.98
285.22	180.75
153.33	154.67
158.50	161.67
400.09	223.33
197.50	177.50
278.00	323.33
331.35	467.29
151.14	205.00
103.76	201.70
572.08	287.67
67.35	59.60
241.82	387.50
564.71	540.00
231.88	248.50
4.54	5.08
541.12	630.60
11.51	1.53
230.21	213.14
924.66	1279.41
334.67	532.33
88.73	31.97
272.70	393.40
952.42	618.66
242.82	154.33
362.60	300.40
97.68	207.89
345.80	351.33
45.32	22.54
102.75	90.33
314.75	341.17
287.31	317.68
216.23	238.25
684.00	512.00
230.11	198.50
61.97	66.30
140.64	204.71
89.77	104.67
443.67	585.33
183.44	172.00
102.32	135.22
138.33	140.33
120.78	115.56
1190.88	1236.50
214.46	265.67
87.06	42.46
472.69	873.55
185.35	139.90
355.76	220.25
172.25	189.00
115.42	141.28
289.82	248.25
370.00	381.33
149.65	155.00
525.75	621.50
1075.67	232.00
117.99	178.87
156.30	194.00
138.44	130.67
211.15	291.50
302.57	296.75
1.09	1.18
58.13	92.52
230.60	296.06
235.71	351.80
81.84	14.60
154.88	254.83
204.85	245.72
340.00	216.00
274.79	296.50
169.43	248.00
51.77	82.24
1572.00	1816.00
127.17	126.70
293.75	258.33
133.59	144.21
197.70	263.00
262.25	386.66
791.48	702.76
163.96	108.94
197.31	245.25
118.99	129.32
332.45	519.97
289.38	351.83
212.85	95.23
220.42	230.25
195.75	152.00
381.78	301.25
227.17	253.86
123.01	12.70
107.26	98.50
252.94	257.81
221.00	172.50
594.22	368.25
165.83	154.00
128.23	166.93
882.28	830.09
2387.50	2378.80
421.78	418.25
1901.00	1814.67
81.20	104.15
580.44	287.94
306.13	116.80
142.00	98.67
111.97	138.33
223.17	184.67
66.09	30.67
161.46	135.11
142.60	163.33
91.85	141.70
288.79	487.00
202.80	200.22
54.61	19.84
1196.73	1063.20
228.46	292.90
106.80	121.45
127.87	147.37
134.50	118.16
203.32	182.64
133.83	45.93
207.25	301.91
2232.36	2067.51
436.18	230.67
791.68	409.41
1589.69	1534.62
1136.78	908.60
119.53	127.00
171.43	67.33
133.85	165.00
110.86	142.67
824.59	387.60
282.57	485.25
187.62	175.00
173.83	189.00
144.14	237.29
77.78	102.33
164.60	150.14
467.43	373.67
182.89	212.67
54.75	99.17
150.84	208.08
186.37	99.88
133.50	116.00
238.64	182.30
223.67	173.00
174.85	324.88
104.00	125.50
199.71	246.50
554.07	1649.98
2164.78	218.33
37.99	46.65
174.83	201.20
67.58	90.17
779.45	980.86
349.15	378.60
282.33	349.20
370.00	182.20
390.30	733.63
88.65	40.63
1052.97	508.42
173.86	190.42
149.88	101.67
130.44	200.00
127.02	42.67
278.82	189.86
172.79	155.83
178.33	223.25
70.41	71.57
320.08	125.75
231.12	221.39
114.34	61.87
16924.90	13615.00
189.24	336.00
212.44	202.00
400.19	237.40
302.01	208.00
427.42	735.33
110.80	138.33
459.46	384.65
231.82	197.00
150.58	126.18
129.10	122.70
154.63	84.93
174.99	111.97
291.27	116.60
130.07	172.10
3879.25	6269.33
454.79	2614.25
249.95	264.62
1111.36	1226.18
134.32	132.60
173.68	163.60
2944.00	1559.00
286.98	127.27
89.50	74.00
697.64	826.62
355.94	286.67
229.25	227.00
243.73	178.92
607.06	631.00
53.02	63.79
185.04	244.67
804.60	235.18
84.64	100.15
265.86	341.67
168.08	154.00
209.92	196.83
159.49	96.25
120.78	140.66
3930.62	19707.00
106.70	80.30
386.94	437.81
226.71	271.00
358.83	356.33
961.54	136.33
187.67	169.00
254.71	207.57
305.84	302.58
125.62	125.03
137.12	91.00
160.50	40.67
145.36	153.58
294.43	318.33
222.92	214.78
224.53	235.75
168.00	204.00
76.44	97.75
188.32	220.00
286.73	410.61
121.60	192.33
271.60	348.17
297.00	364.33
207.80	332.00
52.09	68.57
133.38	105.27
1678.54	195.00
103.32	65.65
189.32	116.18
563.50	568.67
82.69	188.00
203.55	316.15
135.84	160.67
73.98	69.96
150.93	158.50
1589.62	772.00
175.06	202.71
113.17	122.33
241.30	284.67
294.55	391.16
54.29	77.20
504.67	464.67
151.91	88.63
293.68	442.00
478.39	432.06
134.13	115.09
140.53	133.41
151.65	182.20
179.15	275.68
2264.71	2393.57
76.90	74.38
927.62	1110.70
64.81	74.75
152.74	91.60
228.00	313.50
231.52	219.02
77.19	67.50
1379.45	1122.40
75.67	65.85
295.00	77.25
75.72	68.53
122.00	120.00
623.94	445.10
440.59	464.25
136.47	50.21
271.40	260.00
282.08	326.14
369.71	304.50
81.63	65.87
101.27	143.86
82.38	92.01
190.27	219.40
469.50	390.67
311.62	422.50
49.74	110.26
39.04	42.77
113.23	133.28
222.87	124.14
31.13	28.92
418.57	343.50
2192.12	3117.50
234.63	253.58
456.55	505.75
5824.62	4160.00
1621.52	1130.06
101.68	81.93
281.53	132.67
541.43	629.00
66.13	72.59
110.68	60.87
506.91	522.33
421.90	69.38
479.99	324.33
85.22	115.67
121.56	161.67
69.43	37.79
350.40	214.33
64.41	66.14
860.70	1174.33
184.37	92.33
370.59	265.40
366.10	451.00
460.00	484.67
46.20	36.42
304.33	374.67
379.24	420.48
119.70	158.67
473.33	372.00
1211.60	2793.33
100.93	128.64
76.23	146.50
463.45	727.86
231.75	183.50
228.50	201.10
552.71	548.67
515.75	246.50
686.50	814.67
1430.22	117.40
210.50	226.00
67.60	117.26
216.90	137.75
286.28	328.96
70.31	77.95
763.71	503.67
125.53	169.33
151.43	156.50
181.78	175.06
131.06	141.83
62.81	65.67
92.70	85.69
273.36	202.33
429.04	563.09
462.20	40.70
491.75	465.67
229.04	238.58
63.83	65.39
76.74	22.43
238.73	183.58
1619.45	1772.43
163.44	142.62
349.31	139.71
447.23	539.86
225.18	190.50
356.67	417.67
98.49	125.20
658.00	949.00
403.57	502.67
96.29	107.47
108.82	101.35
83.78	49.53
196.50	212.67
189.60	132.17
1623.33	179.00
169.17	233.33
1335.43	1596.33
117.79	59.56
2795.73	1718.50
245.48	176.76
75.75	74.53
99.10	48.87
508.27	263.31
650.67	492.00
152.00	134.75
248.76	220.38
77.33	80.67
365.62	644.67
85.81	44.00
193.91	235.16
242.55	244.29
72.47	74.48
260.36	326.50
161.38	109.00
282.00	254.33
71.86	74.58
136.17	61.67
882.43	212.78
156.57	263.33
152.99	135.33
181.80	164.67
266.75	223.00
69.00	60.86
221.06	181.86
86.27	54.84
182.13	116.80
342.94	148.42
122.47	142.60
93.34	107.63
296.00	327.33
196.86	148.50
167.34	195.24
314.91	232.00
87.99	83.63
57.50	71.13
423.00	268.33
254.54	236.45
527.12	222.00
148.36	125.80
194.00	198.33
182.96	185.77
246.78	181.25
1185.00	1143.67
163.14	369.16
140.40	109.28
162.38	174.00
123.50	132.00
27.66	32.60
93.82	68.15
192.28	169.23
149.44	106.33
85.49	58.27
771.22	281.06
182.12	193.33
48.97	48.93
436.02	611.25
496.18	467.33
217.92	174.00
177.46	155.69
318.21	325.20
393.60	278.00
1588.14	204.00
186.94	409.15
246.52	378.00
634.22	316.40
265.18	424.33
1513.35	2782.60
190.13	140.39
56.85	62.75
65.68	88.80
307.65	416.00
63.87	79.27
400.39	369.00
41.99	25.30
125.42	155.20
235.09	180.12
134.97	52.60
599.92	302.20
1050.67	934.00
230.83	237.00
185.23	101.67
230.58	95.27
51.12	97.33
173.07	224.06
66.01	65.82
168.31	203.75
116.60	187.27
159.01	351.00
215.50	186.11
218.67	147.67
342.29	272.75
1193.29	1191.50
176.14	206.46
299.92	343.80
273.15	288.11
210.83	127.87
1199.88	237.67
575.23	211.75
173.51	214.12
202.10	295.00
204.19	242.38
184.16	190.83
564.90	2347.76
1123.25	3251.88
251.53	339.00
62.70	30.08
939.00	1400.00
776.24	867.33
162.51	158.25
211.55	208.85
166.29	184.67
353.07	553.00
115.00	159.67
183.71	161.37
145.09	122.56
301.47	325.33
227.45	115.50
790.00	678.33
198.87	372.33
303.16	184.60
438.52	321.33
683.16	528.00
219.88	252.67
61.85	94.17
184.27	160.50
168.00	130.25
330.08	372.60
102.65	94.44
92.53	124.25
178.10	147.27
330.91	152.50
282.47	290.17
138.31	169.83
80.47	81.78
3112.20	243.00
126.57	153.75
48.38	68.75
293.56	239.33
339.29	371.13
1087.51	143.30
405.83	402.47
261.86	298.25
114.22	145.48
91.77	98.97
182.30	128.25
168.82	259.50
522.92	466.62
225.52	467.47
127.00	164.38
63.31	56.80
119.72	70.27
106.00	19.00
199.26	151.75
132.82	142.25
215.75	171.29
96.50	84.67
50.50	70.51
65.75	46.40
258.88	274.33
215.64	352.63
100.90	115.17
121.54	118.75
141.40	180.20
671.01	255.28
98.90	79.67
53.09	3.50
538.00	951.67
1609.79	1024.54
101.24	118.67
413.86	687.33
122.44	51.33
370.50	418.25
57.54	66.60
178.50	217.33
626.98	1008.30
255.00	288.00
67.69	59.13
413.35	299.67
293.52	76.22
164.62	95.14
216.31	318.16
235.12	148.57
136.17	268.00
239.81	344.00
408.38	316.25
1386.66	3414.67
224.08	113.45
1454.75	2108.25
127.56	177.59
65.51	87.90
4348.38	60.27
206.26	134.45
530.10	214.00
155.56	138.22
15.83	6.80
77.55	123.33
203.09	208.33
218.55	253.00
226.31	254.17
187.77	134.63
165.67	175.33
69.55	54.71
218.49	158.97
498.00	562.00
856.95	668.50
52882.20	471.50
217.44	296.48
35.61	22.74
205.07	182.75
288.53	297.56
312.18	366.67
183.71	164.27
125.69	73.96
139.20	184.67
354.48	567.54
293.95	295.75
110.82	49.16
335.83	398.99
196.17	137.33
182.67	117.33
217.43	577.83
311.36	373.25
279.25	258.33
480.88	386.67
268.86	234.00
42.84	84.67
330.88	208.70
160.80	150.44
187.08	188.88
170.07	214.60
81.13	102.76
102.87	105.00
691.46	916.89
323.67	285.00
214.36	403.67
193.83	156.20
108.57	93.11
97.64	110.67
133.88	152.96
149.54	157.27
588.17	505.00
225.78	237.62
110.80	222.25
218.98	158.67
175.01	174.54
328.95	498.44
284.88	251.67
3444.16	180.20
404.53	381.00
478.73	886.00
128.85	210.50
151.26	104.00
161.65	245.44
258.73	184.25
194.80	262.00
155.86	223.50
62.17	50.62
72.13	61.25
281.11	170.25
1490.71	1674.33
182.44	124.59
185.62	238.67
216.55	130.41
161.46	119.21
336.01	620.60
503.09	284.75
179.77	118.15
1081.12	29.67
395.30	122.60
242.43	119.67
89.84	147.33
191.31	137.00
702.92	550.00
55.63	62.00
476.00	537.00
162.08	182.29
138.37	170.90
1947.30	182.25
317.64	420.30
882.67	1673.33
195.10	157.80
327.38	305.75
379.29	117.67
178.67	228.00
145.54	128.97
88.12	96.17
544.41	481.25
606.38	945.25
275.79	288.67
495.13	294.54
224.96	48.69
328.19	208.24
244.89	69.33
218.36	276.75
169.56	154.27
163.70	166.94
159.87	237.52
316.62	302.40
261.00	365.67
237.11	345.67
677.86	530.00
1455.65	2314.78
224.27	283.78
216.74	280.50
160.86	123.67
281.33	268.33
260.25	181.67
433.21	237.00
292.57	318.75
362.48	258.14
160.32	110.75
1130.45	1190.75
409.51	326.55
146.21	85.67
909.44	1566.75
158.46	179.00
185.48	278.97
242.27	223.00
101.89	125.44
259.57	198.00
332.44	393.00
82.95	94.75
221.18	141.25
162.67	90.00
164.93	118.67
474.66	539.81
495.05	706.72
355.04	329.20
66.52	46.00
210.64	175.67
204.16	307.00
193.85	136.50
302.27	317.67
64.27	97.54
391.00	368.60
91.43	102.43
252.26	102.33
146.29	72.92
82.26	56.63
264.44	416.33
151.21	211.67
214.78	187.75
174.27	201.70
69.47	62.40
2861.75	1008.67
766.13	977.83
40.97	47.83
392.50	411.25
201.82	153.00
397.23	351.75
75.17	76.81
312.04	470.40
2522.90	2787.00
402.22	355.00
338.63	258.50
1151.50	2085.67
131.27	106.72
70.62	87.80
284.56	264.33
120.63	82.82
345.73	358.00
216.88	175.00
147.44	121.40
265.53	269.17
281.13	343.00
218.00	164.75
859.21	653.75
272.05	391.94
151.99	176.75
339.06	245.39
114.99	118.25
269.11	322.67
154.42	46.74
125.20	77.20
372.82	297.71
55.26	73.93
591.13	322.75
222.06	226.00
122.57	139.25
156.28	80.50
103.11	113.05
441.00	555.75
193.62	332.07
469.25	84.33
63.92	49.59
331.29	365.67
157.00	194.67
139.68	137.75
260.67	349.58
120.64	97.00
233.36	397.33
454.00	404.40
226.80	644.35
555.71	378.00
254.12	267.00
228.58	270.17
291.69	355.00
134.35	82.95
577.35	381.40
294.88	439.75
162.25	151.53
514.36	441.45
185.64	294.67
466.00	519.00
199.11	161.67
3101.91	7198.00
277.56	345.67
331.86	274.00
192.70	189.25
1788.29	2997.95
401.09	25.93
58.84	50.76
128.29	69.80
356.00	345.00
447.47	31.59
1231.53	100.63
166.61	168.50
113.79	55.15
233.35	261.09
615.83	380.78
154.69	161.00
267.80	165.75
62.71	51.94
265.23	210.25
222.86	385.00
265.88	314.33
87.60	64.95
160.80	159.70
117.14	99.25
5759.71	2343.33
252.76	236.00
12.07	9.65
205.17	232.00
176.17	128.33
217.14	234.27
143.00	157.75
2053.08	3037.00
329.75	583.50
3379.55	410.50
80.03	85.83
366.12	548.75
124.27	120.67
149.22	225.00
380.73	575.00
226.82	293.66
159.64	221.72
122.97	127.70
229.10	120.70
415.57	399.00
229.27	147.05
301.86	446.25
508.07	660.80
258.53	386.82
131.25	175.43
782.85	298.00
42.97	31.27
204.77	368.67
368.73	160.25
279.77	224.67
2193.00	2661.40
67.69	64.72
204.27	238.33
304.31	184.00
149.48	146.70
469.98	675.00
6787.14	26.00
61.01	20.30
226.38	256.75
125.67	121.67
505.18	705.00
142.53	121.83
300.19	262.33
372.77	888.57
627.06	928.91
63.53	69.42
618.22	828.75
186.71	377.97
193.67	95.80
62.47	93.47
70.80	33.37
130.83	137.00
133.27	181.45
416.12	387.33
110.50	121.67
720.46	709.33
1949.69	654.57
314.64	360.20
153.24	238.85
181.80	156.50
61.66	93.80
232.50	372.33
314.26	304.33
78.15	109.00
4640.33	5240.67
294.67	266.33
391.22	402.67
328.19	192.33
150.44	82.14
109.35	76.50
166.15	238.67
83.57	63.50
405.38	295.25
492.88	463.82
94.93	26.57
234.12	98.74
145.14	228.67
113.62	149.10
232.69	347.67
167.57	128.00
366.99	428.33
269606.36	613879.50
317.90	203.00
4984.17	5775.60
129.30	103.27
377.25	424.75
219.56	237.25
317.33	305.78
99.97	113.94
282.11	275.71
98.91	109.10
331.43	367.75
140.13	107.60
186.40	117.55
196.08	231.86
269.54	254.71
343.89	515.00
161.00	152.50
383.43	432.80
1216.82	920.10
170.00	180.00
425.57	219.75
237.00	204.50
133.82	127.40
4353.21	4777.43
287.75	213.80
258.96	243.17
56.78	49.65
5299.29	9580.98
1333.20	2681.29
362.60	235.33
54.07	54.87
169.50	245.00
82.87	83.48
48.38	49.26
9006.58	17985.33
3090.42	3105.20
114.55	217.27
114.68	155.47
462.62	112.10
136.14	123.36
384.68	463.86
253.60	204.21
603.08	103.00
251.45	71.67
141.99	132.28
137.49	58.63
95.97	67.95
226.51	191.67
324.89	235.33
58.89	10.87
1312.25	3182.00
154.32	139.38
260.06	169.13
241.27	243.17
53.89	3.27
1264.26	209.53
138.46	126.40
383.30	198.97
325.25	345.78
114.27	124.33
200.52	347.12
262.46	252.40
84.57	68.21
109.19	66.56
572.29	332.00
134.02	141.00
494.11	621.20
2639.39	3164.00
326.57	359.50
1105.01	1007.43
372.16	256.94
105.95	81.14
351.07	277.00
185.47	58.30
178.01	173.25
128.36	105.33
128.64	73.99
133.57	99.66
314.33	314.50
92.36	130.00
301.25	344.00
86.00	109.70
118.67	160.00
129.88	121.67
72.81	70.20
92.43	145.50
153.17	163.48
508.71	445.33
630.23	431.40
276.88	557.67
187.87	187.98
72.00	87.00
240.09	190.23
184.50	244.00
2603.64	1153.29
173.78	190.50
608.32	1386.14
105.46	93.47
142.59	227.67
185.93	109.25
221.47	239.67
1151.17	2161.33
211.53	112.33
300.07	371.33
563.18	873.50
247.14	287.33
288.32	315.78
101.06	85.47
158.41	154.62
28.86	57.20
461.47	807.32
256.98	335.86
84.36	84.38
379.80	377.33
320.45	541.67
1405.76	2573.12
104.32	87.36
243.41	111.70
193.00	188.67
195.75	126.50
202.83	137.00
111.00	109.91
131.62	161.62
195.74	144.38
208.67	262.00
358.42	121.25
231.88	172.00
59.32	7.25
265.83	376.33
24514.73	534.50
209.80	176.98
597.92	421.75
111.92	129.27
261.36	375.75
117.45	81.33
221.28	257.98
308.99	58.97
318.58	322.00
108.96	127.99
230.83	242.33
327.11	256.75
207.43	130.50
686.29	107.67
199.57	284.83
276.30	157.67
118.69	108.50
811.89	291.00
64.57	47.69
79.57	83.30
192.99	182.56
3934.38	8793.33
120.16	137.00
61.94	76.95
72.94	76.97
381.29	355.67
130.88	146.00
180.23	165.21
296.32	134.57
106.57	97.50
90.85	82.50
241.19	258.67
79.37	92.78
75.94	120.60
419.60	462.75
510.12	634.00
166.23	289.58
265.57	440.00
127.10	154.29
247.83	341.67
242.50	152.00
43.78	59.92
173.65	170.69
1003.83	1589.00
137.46	98.31
202.22	107.33
176.63	252.54
437.70	558.40
469.00	799.60
1554.35	171.63
256.17	289.68
278.00	348.33
212.71	228.00
418.12	363.33
156.78	158.25
260.76	199.50
377.17	351.31
744.64	2563.00
122.64	108.57
84.35	91.61
205.75	227.67
148.80	237.17
253.72	269.23
84.65	88.67
269.50	346.67
307.63	253.54
280.88	365.75
222.75	218.33
189.10	275.75
365.62	418.00
110.44	183.87
63.48	61.44
147.32	152.17
206.18	182.90
304.30	176.32
352.18	259.67
277.74	183.29
255.38	249.75
131.93	160.33
601.00	591.00
579.71	438.00
124.09	112.00
28.50	24.90
189.60	96.55
301.44	376.90
1533.15	2760.57
231.75	161.90
1257.88	3074.00
100.61	66.63
46.73	65.20
135.18	152.50
212.06	174.33
53.98	78.33
146.19	114.96
295.67	287.67
659.49	873.80
134.66	299.25
944.36	452.73
345.11	395.45
87.67	45.60
247.86	275.46
60.29	36.60
87.78	46.85
111.30	95.33
340.29	388.67
130.33	128.67
191.68	322.33
99.17	118.33
203.07	367.20
67.42	45.85
136.53	129.69
257.37	328.25
268.00	338.50
883.99	1345.38
220.89	202.66
607.71	613.24
124.24	224.67
134.07	62.12
89.76	57.67
493.92	378.50
117.30	151.67
337543.27	411289.64
1909.38	2643.50
47.11	18.02
55.90	77.50
376.75	524.00
377.50	385.00
216.33	238.33
124.26	86.58
154.04	101.95
138.59	143.00
75.97	63.98
409.10	337.20
590.33	963.00
262.60	353.33
98.79	70.64
168.39	87.75
213.29	192.27
179.49	242.75
313.52	215.90
218.93	203.78
219.88	316.13
215.56	251.67
54.44	29.34
86.68	83.25
64.87	64.43
991.77	1750.33
455.18	185.00
191.70	199.79
367.44	451.60
171.88	234.37
294.05	420.20
173.12	173.50
181.60	171.25
194.50	164.00
359.89	496.00
88.53	50.34
53.98	55.30
50.33	33.67
98.84	165.00
160.77	164.80
125.19	148.80
189.16	96.56
126.57	162.00
623.08	570.33
434.39	500.19
110.76	74.00
348.43	340.25
140.99	124.00
322.39	163.22
149.58	111.27
299.42	139.25
114.51	119.00
217.72	416.27
85.71	101.50
133.57	123.25
45.38	42.29
124.34	211.67
273.42	82.13
168.47	300.58
266.04	561.67
314.54	355.99
225.25	204.74
326.10	321.33
619.62	357.75
395.82	594.67
356.92	285.60
235.25	173.00
477.67	686.70
270.64	288.14
7996.20	18480.46
174.11	198.00
43.64	43.99
268.33	108.82
37.00	26.50
70.44	23.53
1385.00	2178.40
201.96	192.20
1499.90	165.25
229.92	287.63
197.00	202.17
165.00	278.33
621.54	689.50
219.11	181.50
159.98	31.97
168.16	201.00
143.17	129.00
133.62	170.00
320.33	514.67
681.62	810.75
89.73	117.56
67.97	38.33
341.67	275.00
242.91	230.25
91.88	128.93
251.82	103.97
120.33	192.00
119.74	123.90
449.52	448.20
158.18	164.50
91.39	95.11
488.20	186.77
203.25	279.33
117.10	116.45
396.30	331.50
171.10	213.00
64.26	64.30
111.60	98.56
56.72	94.95
234.62	239.20
113.60	213.67
83.39	72.36
290.33	139.00
377.20	362.30
452.94	650.20
161.84	120.99
58.94	56.08
267.33	197.67
296.86	370.75
164.71	127.33
111.08	156.00
291.60	124.09
691.36	292.17
253.75	429.75
98.54	16.10
76.20	43.00
152.99	105.72
594.33	559.33
37.75	31.28
186.01	193.81
827.57	338.67
190.35	102.86
207.50	283.33
500.05	573.89
91.11	102.60
215.63	285.11
856.00	789.00
256.07	148.86
115.59	141.42
147.00	122.00
65.80	88.00
168.85	180.64
117.83	119.44
286.14	363.33
265.20	136.00
71.73	81.98
749.68	123.25
113.36	85.96
512.00	285.00
106.35	110.80
202.56	179.08
613.55	131.00
650.11	304.25
177.70	226.20
215.67	213.67
157.89	187.31
406.86	333.10
345.76	482.99
97.48	110.74
357.57	256.63
60.52	60.71
328.36	329.33
366.14	374.47
83.92	76.12
234.83	107.33
46.32	21.00
4013.86	4345.07
278.83	329.33
705.99	916.33
3817.43	1594.50
285.25	366.25
318.91	383.25
746.12	1110.75
85.67	173.50
132.45	111.33
188.67	235.80
329.17	425.33
93.28	82.41
577.84	335.75
230.95	140.85
382.29	498.78
101.64	89.20
307.43	341.17
353.86	305.50
153.66	132.33
164.71	94.20
530.66	495.00
115.98	206.22
344.45	219.12
562.60	1231.75
2133.17	3311.67
295.10	184.33
147.00	138.17
137.90	134.00
1095.06	1706.67
60.36	100.83
130.25	101.00
132.41	175.00
142.67	141.33
128.53	201.17
183.38	234.40
542.36	174.54
7072.57	92.56
130.79	137.54
226.09	392.00
88.06	97.63
105.86	144.33
1083.17	159.00
366.40	480.00
313.23	268.88
319.53	67.51
254.29	263.43
577.82	184.67
155.20	130.25
98.78	126.56
143.40	131.84
203.33	190.74
600.93	830.87
310.62	415.33
211.57	230.33
165.66	119.80
137.75	79.58
71.05	71.96
339.18	545.00
156.89	130.33
157.31	122.12
44.97	38.74
3780.85	5121.00
97.94	118.73
488.73	136.20
442.38	563.60
71.20	10.25
199.45	119.07
8816.42	3733.50
123.33	54.53
121.65	171.53
56.11	83.47
2426.50	3694.00
118.25	128.78
597.36	242.00
443.22	812.80
126.36	141.50
1037.93	885.84
277.47	210.00
134.66	94.33
85.63	107.82
254.77	153.89
235.94	186.40
282.09	298.67
148.38	138.50
49.41	79.92
5103.40	222.20
297.33	481.67
62.01	69.04
232.25	148.00
277.25	511.33
1160.00	2312.00
184.90	170.33
119.13	72.22
60.60	74.90
103.82	101.35
261.78	305.33
588.90	564.67
352.30	201.67
171.57	150.00
234.13	264.20
182.07	271.00
964.68	318.00
251.45	272.00
238.35	285.06
257.23	331.00
158.97	230.60
146.91	132.40
46.04	36.17
428.93	567.75
375.31	159.89
279.56	331.00
158.96	153.24
206.68	193.50
2362.47	2496.58
193.47	199.75
142.86	124.67
57.00	36.67
627.14	693.84
440.17	95.33
164.42	306.60
64.04	26.11
369.44	591.43
98.04	97.63
246.81	272.20
188.27	143.25
176.42	184.43
350.21	329.27
266.73	378.50
166.84	131.67
231.37	108.34
219.93	235.00
191.54	207.60
283.67	216.67
468.17	465.80
423.67	352.33
298.21	70.00
319.89	610.16
38.00	37.20
240.30	258.00
215.00	220.75
133.54	175.00
82.74	68.05
131.86	86.58
269.71	300.33
80.77	89.27
170.26	91.92
1493.78	686.75
315.14	365.67
188.56	153.53
196.45	191.00
680.27	634.43
1594.23	101.40
150.07	111.80
120.73	147.33
857.54	71.25
138.14	169.40
124.29	119.00
162.75	202.38
181.12	209.75
306.40	395.33
101.98	87.82
109.57	127.25
103.94	90.53
364.25	318.42
119.96	93.83
170.53	177.67
783.21	64.50
208.43	211.98
211.06	213.06
114.47	91.33
182.31	172.00
267.91	263.50
99.47	161.88
134.17	133.41
352.50	484.75
138.11	131.50
114.02	106.19
156.45	210.00
238.57	204.50
389.86	638.25
989.43	342.90
89.60	113.00
143.46	181.60
157.86	153.00
200.48	82.27
191.00	305.50
317.49	371.64
182.22	151.33
296.89	178.17
174.72	183.14
522.19	502.17
1243.56	2737.00
958.83	1461.33
179.85	111.68
343.14	475.67
848.31	291.75
105.43	117.25
274.00	310.75
49.93	8.51
128.67	134.00
162.95	156.13
216.67	140.57
134.92	260.67
311.89	160.00
149.68	123.64
158.21	137.97
69.74	91.08
381.32	335.63
115.72	92.50
49.88	45.29
630.72	258.86
150.72	145.67
555.29	374.10
1051.56	2312.00
181.18	163.24
138.10	217.00
96.67	73.50
333.67	362.50
3768.11	6398.20
229.50	262.40
246.02	207.31
211.94	281.33
218.68	258.00
149.08	155.66
203.66	184.81
121.59	178.32
168.86	120.00
298.21	360.62
162.00	129.48
152.57	189.33
239.57	271.22
263.97	237.39
183.50	258.33
203.15	94.22
239.91	273.71
269.54	151.84
111.62	131.30
3149.33	3340.67
1131.95	21.53
1672.20	484.33
77.62	46.57
154.98	241.27
188.14	136.33
63.84	75.47
196.07	103.19
60.67	63.00
274.33	339.00
1489.72	1071.83
423.12	392.00
206.57	309.00
2973.50	2556.67
220.35	281.32
325.00	135.50
101.79	91.06
192.21	215.00
147.00	122.00
255.31	348.33
223.22	164.00
98.69	108.50
188.98	198.67
264.69	280.27
324.00	500.60
350.00	153.00
472.50	571.67
153.07	221.28
339.03	595.75
22.55	23.33
184.50	178.20
78.43	48.06
119.63	133.99
280.54	206.32
1081.74	1417.00
86.23	73.00
186.44	282.33
313.98	247.47
278.82	371.33
103.05	15.38
382.29	416.31
189.00	181.33
118.18	66.17
1156.17	2413.00
3159.28	94.27
104.87	83.75
248.25	157.00
228.49	267.38
465.17	1366.00
255.25	281.00
166.00	163.86
72.84	88.00
370.10	416.33
208.73	396.78
116.29	126.33
400.72	297.50
493.83	635.10
159.43	184.66
93.26	172.33
162.21	124.54
62.75	30.17
292.52	416.47
463.88	609.67
126.50	115.51
557.00	485.33
233.08	80.85
132.52	85.65
254.06	188.29
274.83	312.00
674.00	412.33
8249.72	4994.38
3734.06	2332.21
510.33	161.67
310.70	406.36
96.41	118.40
988.39	935.74
236.81	317.00
395.70	257.20
207.60	158.67
90.05	90.70
177.50	158.11
349.71	170.25
189.64	219.60
1044.57	1155.67
259.12	197.25
123.89	48.30
187.17	212.00
466.91	664.20
173.82	203.00
362.78	279.67
659.90	1293.00
213.18	120.00
136.23	100.97
118.76	146.40
82.17	83.33
209.33	228.00
188.48	335.76
225.12	132.00
147.60	186.03
345.33	261.50
262.28	206.50
94.62	112.47
511.41	499.33
113.95	124.27
173.53	209.12
567.29	682.25
254.16	238.71
231.93	352.65
279.58	252.45
317.86	214.33
89.00	56.00
109.10	101.68
101.04	103.37
273.56	135.33
292.31	259.47
218.47	235.25
1685.56	1879.40
183.71	197.05
209.09	241.67
251.18	151.17
194.90	270.33
116.41	167.50
334.82	595.33
401.57	564.00
264.62	443.83
338.25	191.67
83.19	89.16
150.01	145.40
120.15	125.33
238.83	169.52
118.10	57.23
194.54	151.00
679.25	2202.25
302.71	210.20
773.98	69.16
178.77	227.15
238.43	237.00
802.38	597.11
155.64	173.75
213.95	141.00
270.06	356.88
704.04	621.86
1163.83	2073.33
52.96	50.50
256.18	95.49
519.53	573.80
250.15	248.78
97.24	137.60
574.87	270.33
72.82	10.34
162.14	116.25
511.00	532.00
161.60	68.33
124.54	101.72
121.00	124.00
138.60	129.22
54.02	45.05
287.80	267.60
449.87	293.20
171.44	113.50
809.08	75.25
190.90	216.91
470.00	438.25
82.02	68.77
77.53	98.00
172.67	93.37
64.99	74.90
62.34	63.65
305.00	328.20
96.85	78.56
132.83	158.00
138.27	139.20
343.24	258.58
247.00	260.00
24.21	14.15
242.83	256.33
87.85	83.25
774.50	410.60
366.99	312.00
114.18	148.75
212.17	178.67
111.13	101.05
202.34	145.23
248.14	308.50
133.66	137.25
185.79	31.22
228.00	234.67
50.97	68.60
179.17	210.67
163.42	142.99
69.76	60.50
188.79	387.33
65.25	53.47
1142.00	174.33
272.79	397.62
167.89	202.75
432.56	488.39
292.73	361.67
177.26	116.75
211.51	203.33
441.80	502.60
24.17	9.08
145.68	116.35
320.20	342.62
313.83	453.00
152.96	213.45
171.18	154.00
194.81	166.65
157.79	121.73
239.00	173.50
988.63	865.67
146.48	143.33
171.22	462.77
83.31	143.80
161.12	181.25
72.36	40.30
186.44	196.36
187.30	173.40
3783.71	8445.33
237.82	198.20
332.43	318.00
4146.17	5490.67
231.26	130.33
1517.86	1147.67
2892.44	169.75
113.66	113.69
97.00	110.75
161.89	47.79
129.18	161.23
349.25	414.33
277.07	317.44
83.55	80.27
347.25	519.67
787.00	554.25
146.13	117.00
169.50	190.00
347.93	145.17
177.68	331.33
73.99	94.33
146.81	307.67
33.54	20.47
390.05	170.60
38.65	29.76
177.58	253.86
183.99	201.25
214.89	144.40
180.67	241.67
266.18	447.75
169.46	177.25
247.14	251.25
2177.50	4296.04
476.25	166.25
155.16	204.33
293.68	315.80
126.56	253.00
134.47	93.25
236.14	238.78
302.52	540.58
298.18	341.33
233.14	220.89
170.00	178.33
544.11	748.20
213.83	262.00
132.18	124.33
1380.91	228.66
282.00	311.40
8393.64	23512.73
93.75	104.03
324.64	366.18
137.31	122.45
131.56	108.60
204.40	69.40
105.90	91.90
208.41	183.25
321.50	334.33
252.62	270.47
205.18	313.00
169.44	221.67
108.50	112.00
138.35	144.76
213.86	304.00
95.48	42.27
170.71	281.33
41.30	45.88
385.42	1156.80
141.73	99.50
313.59	355.56
61.51	48.60
83.75	89.00
425.50	201.00
577.06	550.40
111.86	204.33
275.68	216.78
151.14	138.33
33.55	37.36
21.02	25.52
243.12	163.89
262.32	374.60
268.14	245.00
141.87	188.68
219.47	451.33
307.15	281.76
277.36	332.00
59.36	60.86
188.86	202.33
319.36	10.97
384.32	375.25
534.38	459.80
156.10	54.33
133.75	207.80
247.74	181.18
97.31	70.00
72.00	84.33
76.10	75.72
286.70	291.44
88.47	122.00
241.73	250.33
275.00	179.67
185.62	177.33
555.06	491.48
211.00	221.50
391.11	207.00
333.25	154.00
209.44	326.25
331.07	363.12
307.77	493.33
400.31	407.90
275.38	347.35
261.74	426.25
201.20	147.00
218.29	144.67
69.24	89.95
383.21	229.04
334.00	343.50
208.82	130.00
3706.94	4351.38
257.34	375.75
397.44	391.00
123.95	218.24
1093.03	260.00
87.44	124.40
113.09	155.19
307.55	542.75
306.25	357.00
142.57	38.27
81.98	62.95
907.62	1430.64
618.63	207.70
305.40	379.75
148.95	127.33
71.60	93.33
45.87	13.32
216.88	201.00
235.05	319.92
69.12	110.20
78.31	73.30
163.71	149.33
208.29	236.00
229.76	60.48
178.14	152.00
265.18	251.67
1667.38	1679.60
125.35	235.33
264.02	420.67
400.73	282.17
622.70	779.83
365.50	156.25
141.29	155.00
161.65	172.18
51.66	50.65
172.18	113.20
240.14	167.22
108.74	124.53
185.00	226.67
205.48	144.29
552.20	560.00
324.57	392.33
208.41	89.40
983.67	176.21
72.52	27.15
239.87	245.75
164.35	165.79
174.56	218.75
384.08	302.43
257.33	306.25
172.00	134.00
13436.92	35.50
329.62	427.70
346.58	269.62
330.04	385.00
365.17	481.33
1060.47	574.45
226.73	250.64
187.38	165.00
286.12	276.05
296.88	311.20
288.24	232.57
126.71	147.25
121.40	134.69
55.10	60.56
358.67	414.40
259.85	265.50
208.22	150.33
194.18	221.33
118.13	42.71
349.62	387.00
157.26	148.20
198.40	143.00
472.15	338.97
607.06	1258.40
255.67	199.17
175.90	142.54
84.66	119.56
60.49	51.47
46.85	25.63
150.88	120.40
284.07	302.32
96.97	44.53
2556.29	1967.25
445.38	599.00
139.85	142.57
157.94	47.27
93.53	46.30
366.75	376.33
368.35	843.00
78.32	75.70
287.57	288.50
157.85	268.13
107.87	108.47
1124.75	1487.00
325.45	205.25
225.88	232.00
38.35	29.29
15245.76	7996.67
214.34	268.33
232.68	73.60
232.27	235.60
2475.50	2652.00
136.29	141.75
117.98	141.17
287.44	454.50
626.25	1112.00
166.89	132.50
286.72	286.00
203.28	266.29
152.10	173.86
103.51	126.89
117.45	121.00
353.00	353.00
28.44	16.52
259.68	179.98
7141.29	6120.84
69.38	76.67
187.74	202.31
98.79	96.71
92.92	195.19
152.61	195.50
151.41	169.54
7407.03	2199.77
130.78	79.12
115.37	142.73
70.47	93.97
169.18	115.80
85.25	53.57
220.62	150.00
320.62	263.25
27.42	33.94
138.04	143.38
658.75	405.40
98.32	124.27
61.79	76.49
147.81	102.00
150.33	136.25
215.87	252.00
81.45	81.60
473.55	118.62
138.18	178.95
293.58	283.73
488.53	290.43
1142.52	375.00
167.14	207.67
133.07	138.81
108.96	180.09
261.79	272.78
407.66	430.67
679.07	719.38
466.45	823.31
124.37	207.84
191.83	98.62
283.93	239.67
50.48	40.20
230.36	212.33
637.56	491.25
100.47	117.12
200.62	230.67
218.70	313.67
54.50	67.47
230.59	184.30
57.59	36.25
241.69	211.85
179.98	265.75
178.03	71.00
50.24	82.33
237.08	310.50
1446.44	382.00
246.42	91.97
296.75	262.50
61.69	77.79
225.14	154.33
157.90	134.83
51.05	41.45
90.97	88.69
107.33	94.00
343.20	346.45
74.22	70.75
267.00	381.00
273.50	188.67
49.37	52.65
135.33	162.50
131.18	50.47
262.14	158.88
365.93	16.50
79.18	55.33
188.72	197.67
552.41	1081.15
1340.50	930.00
1261.88	3211.67
85.89	180.63
388.50	455.67
104.55	101.50
351.47	319.50
260.57	267.70
135.54	71.33
169.93	245.67
164.03	176.05
27.46	46.80
173.72	110.18
126.57	125.33
50.10	63.27
155.80	473.83
206.26	253.12
259.89	246.20
213.67	235.88
314.97	390.81
124.14	128.20
299.84	290.40
181.10	204.20
357.46	318.67
74.94	40.85
169.00	238.33
936.87	43.00
209.48	116.33
208.40	194.43
441.76	552.01
354.99	777.67
209.42	232.94
153.94	144.93
290.00	246.00
365.46	442.00
234.27	293.15
119.81	78.60
332.06	365.18
120.38	153.78
138.43	121.33
162.23	136.18
63.68	72.66
210.99	133.98
98.79	100.00
1939.33	2286.95
304.81	236.50
5615.37	94.97
231.03	297.73
194.05	204.92
163.71	180.00
1229.53	1503.56
101.79	103.58
166.78	198.50
165.99	121.49
163.33	149.00
36.50	69.33
142.59	101.50
57.15	68.20
489.03	1389.00
66.54	70.52
215.09	142.05
821.12	331.67
21.56	27.09
257.13	357.50
1015.86	392.33
143.09	95.93
146.00	108.67
419.28	227.20
1467.83	213.00
277.81	318.60
253.10	324.00
310.67	318.33
707.29	127.60
223.83	192.33
185.35	261.67
12.72	15.75
224.78	254.40
120.12	11.24
243.32	367.86
538.00	479.33
206.25	160.33
234.12	125.00
192.79	301.60
247.91	236.59
223.83	241.00
165.00	95.33
151.33	73.00
125.32	101.53
168.38	187.75
3682.50	2270.00
249.68	201.15
469.62	413.33
12.33	12.76
233.09	91.08
3817.71	7058.67
202.35	146.23
350.12	499.25
2080.44	3900.44
835.03	156.88
154.40	140.16
165.57	146.95
382.17	226.33
265.33	281.12
77.22	103.64
56.48	74.36
778.69	1080.12
457.83	403.17
347.11	276.67
180.57	155.00
885.57	1228.67
169.90	234.67
405.85	494.67
273.32	214.47
261.14	165.25
64.99	136.75
135.15	37.45
223.18	280.45
46.83	41.33
346.00	380.40
202.75	233.50
180.98	197.36
353.60	488.50
171.25	174.80
6253.57	10485.33
139.80	121.83
82.35	83.75
56.97	91.33
591.71	100.54
597.41	262.12
92.71	86.86
289.50	201.00
3315.14	5845.50
267.32	368.00
280.64	335.33
615.71	676.33
2901.00	3259.00
124.88	126.33
354.00	531.33
990.71	1641.00
50.82	5.80
270.75	124.00
32.89	23.15
337.14	578.67
288.59	261.88
1044.89	913.22
73.45	83.83
159.47	86.00
1857.88	2759.60
284.23	29.75
309.83	358.00
3382.70	4234.00
230.14	223.68
184.00	200.33
282.50	294.83
4147.08	764.20
210.15	294.66
91.63	99.65
1581.00	3040.00
220.81	116.20
78.86	124.00
211.98	131.93
281.84	88.18
102.62	76.25
246.00	235.25
121.02	135.32
2729.14	1731.00
272.90	277.75
168.33	184.67
275.62	407.75
122.91	37.53
153.98	101.97
477.57	312.00
157.14	146.25
188.44	206.80
165.33	130.33
220.24	353.67
122.19	128.57
305.88	295.00
1113.67	3306.67
340.56	334.33
312.55	247.00
890.11	1349.60
298.00	175.67
337.40	195.67
108.95	144.67
2034.70	4375.00
283.30	226.60
362.71	472.33
532.00	333.50
138.66	142.75
2017.50	587.67
75.93	103.27
389.25	565.33
162.47	19.04
196.28	191.67
1170.33	3125.33
423.00	580.50
192.92	138.40
285.62	237.00
231.49	248.07
625.20	971.06
258.49	192.66
158.00	164.33
226.50	228.00
149.07	113.83
2321.43	3689.00
599.40	304.40
260.18	295.30
482.76	480.16
146.72	138.64
238.16	166.33
258.15	97.97
224.53	252.00
101.11	140.80
281.38	294.80
714.73	503.44
187.12	214.67
345.18	44.76
832.41	1881.46
267.30	328.17
479.55	391.83
118.94	118.42
103.17	115.26
238.63	79.48
269.30	60.00
370.80	311.40
938.12	355.60
154.35	308.12
216.60	150.20
17.93	5.02
383.18	474.20
144.73	44.29
108.69	54.87
243.40	259.00
92.26	89.42
220.00	197.16
45.51	24.05
668.97	1061.45
88.29	98.93
474.86	581.25
49.97	7.40
1185.33	2051.00
122.80	117.95
1556.55	1120.36
389.10	245.50
251.38	136.25
221.82	338.00
452.00	558.00
369.64	42.33
203.38	279.00
2040.97	1009.40
205.90	261.79
265.77	465.67
167.88	160.67
929.50	1218.33
45.26	14.53
237.82	154.67
331.75	436.00
77.55	98.35
186.89	148.98
142.36	126.67
188.84	238.00
2806.50	1354.45
45.78	57.94
706.14	1031.20
155.03	136.70
1074.43	1253.50
151.93	112.56
53.03	71.14
107.60	104.67
153.78	131.33
219.38	273.50
944.54	1217.44
370.50	458.67
258.19	177.25
199.25	175.00
30.53	28.48
137.05	164.17
376.42	281.00
299.97	417.00
93.33	92.00
353.33	338.00
268.97	278.00
105.60	155.00
195.43	182.75
52.44	42.13
225.31	221.25
242.11	281.60
242.18	268.13
1308.03	854.50
101.43	117.33
388.50	328.67
235.77	136.33
781.33	1199.33
396.43	420.75
242.11	251.08
12065.61	16389.50
46.93	48.69
89.57	128.10
591.17	199.00
534.65	381.50
116.33	144.67
89.70	99.99
232.95	242.50
478.80	490.55
209.50	162.00
75.56	128.00
187.31	194.41
238.47	249.62
109.50	111.87
397.67	407.00
1404.00	759.75
115.72	125.25
218.98	191.60
234.07	297.50
145.42	171.00
133.50	82.33
1158.24	858.00
189.09	264.28
137.73	125.75
149.85	171.45
242.43	208.00
186.80	170.00
289.78	260.25
2470.26	10.75
211.36	126.50
255.51	50.27
176.00	262.00
167.72	192.85
946.75	172.00
358.11	393.21
1138.59	2582.80
87.18	40.98
1182.62	1871.75
228.83	86.64
364.28	89.99
175.24	182.20
262.52	132.69
174.00	157.60
264.94	238.00
299.00	130.25
84.89	158.22
150.75	116.00
1798.11	3459.28
109.57	73.33
41.18	28.92
122.68	88.86
231.85	131.00
936.17	1189.00
176.68	277.16
174.67	152.00
403.07	429.43
78.02	51.58
288.30	142.33
375.57	538.00
272.06	176.20
166.31	81.04
1143.84	1077.09
271.22	119.25
84.84	77.17
267.23	137.40
158.85	118.99
112.89	155.83
637.68	1354.26
413.18	340.60
464.18	646.16
786.33	906.33
395.14	441.56
540.09	253.94
380.78	332.00
331.43	343.29
188.25	172.38
251.15	180.36
118.67	103.67
181.51	302.20
292.00	311.67
41.73	22.39
166.15	144.00
346.33	552.40
247.27	293.37
253.11	259.50
216.00	188.75
150.73	158.23
108.24	77.50
85.88	41.93
380.83	368.67
349.57	222.17
389.67	581.00
223.63	372.56
105.74	89.05
75.42	89.93
52.81	167.00
337.20	371.45
155.10	130.00
132.11	155.67
125.99	145.00
893.25	291.29
180.37	199.00
1737.82	514.67
124.18	173.33
1874.61	282.42
201.22	214.50
130.59	91.72
570.25	438.66
129.52	218.25
161.38	211.00
235.25	265.00
584.75	755.33
330.62	224.00
178.84	36.00
200.91	290.22
714.68	90.75
182.04	194.09
361.88	225.00
44.44	28.49
1490.43	2910.33
208.07	197.38
300.50	327.50
523.37	237.87
145.38	150.25
487.40	462.78
189.67	178.33
160.33	123.00
95.80	101.67
222.67	113.33
86.35	142.20
148.40	130.00
670.69	171.67
262.00	304.50
50.12	67.42
369.91	517.75
197.09	201.00
273.89	357.78
182.75	147.60
245.12	307.14
411.42	309.36
109.60	83.50
243.98	247.67
60.75	67.20
115.47	50.75
260.21	242.12
925.88	831.50
254.11	275.17
191.28	237.52
90.02	147.50
630.50	780.25
24.25	35.05
164.21	227.29
87.08	86.25
135.18	194.00
324.23	449.00
157.50	157.60
511.71	339.33
529.02	278.32
221.33	324.00
2294.68	3343.00
347.23	386.93
277.12	233.85
67.40	26.18
209.60	157.20
797.54	764.45
202.39	142.25
167.21	144.58
642.96	2369.94
287.38	335.67
131.05	155.84
188.65	125.67
201.09	156.80
163.60	170.67
118.64	116.91
472.83	462.33
161.88	67.38
149.05	235.65
242.75	399.00
376.39	359.31
310.71	136.75
190.46	288.67
186.99	155.11
384.63	274.67
408.19	333.49
30.28	7.58
44.71	49.42
297.22	309.00
409.00	303.50
160.33	128.67
532.45	492.85
292.68	444.99
504.29	472.00
337.14	456.00
120.44	58.16
385.30	352.60
183.68	235.99
194.81	215.71
206.64	228.75
106.35	117.75
1959.58	3956.50
86.51	105.00
341.15	400.96
401.41	307.67
193.41	57.29
179.67	215.00
245.55	265.11
91.37	76.45
216.10	315.33
209.19	166.00
368.95	215.17
234.06	163.95
217.26	168.67
537.48	701.00
55.77	70.60
351.64	258.83
45.45	67.67
266.20	219.50
284.55	231.00
658.50	590.80
130.68	137.99
527.30	453.18
252.69	401.27
678.58	437.93
521.67	195.00
668.91	923.25
497.04	125.11
62.72	68.97
370.40	424.00
242.44	261.17
299.27	309.17
89.85	101.36
403.10	256.67
282.14	333.00
137.75	97.53
541.88	453.27
2195.59	3832.40
156.30	253.11
120.06	95.79
99.98	88.75
67.36	65.27
357.30	420.50
139.36	73.50
112.38	81.00
317.59	262.00
58.89	49.18
90.43	111.00
132.78	163.24
379.89	405.25
68.99	51.32
50.59	81.90
380.64	321.28
297.67	304.67
1665.43	50.86
216.44	256.60
380.57	265.60
133.37	51.12
18.22	16.92
214.21	225.56
185.14	185.50
311.00	280.60
77.24	71.36
224.17	197.00
197.68	196.56
239.15	250.83
298.82	554.67
270.89	265.89
185.38	258.67
371.92	302.24
294.83	342.67
321.29	545.33
243.70	140.65
408.94	411.88
167.07	71.57
191.77	159.00
138.75	156.33
184.84	97.97
130.83	170.27
435.91	214.60
241.12	235.33
659.07	140.70
865.48	974.33
114.13	72.33
242.70	471.33
94.56	74.72
214.66	316.25
216.43	127.33
174.55	151.00
29.15	31.19
1325.25	233.67
138.72	137.22
63.79	71.51
212.47	211.20
285.50	353.25
114.42	61.17
91.69	66.63
292.90	208.60
285.50	411.00
851.06	758.62
69.62	58.66
36.04	36.95
281.62	194.88
186.29	220.50
346.00	203.50
283.56	348.00
583.33	748.67
227.04	274.00
666.70	631.50
266.56	265.75
332.25	405.00
208.79	276.17
373.35	425.67
128.05	158.29
362.33	384.00
455.38	695.50
5273.58	5164.00
342.89	189.48
191.56	242.60
136.28	109.00
642.76	393.50
129.54	79.30
250.28	292.00
167.73	219.90
93.93	86.95
410.00	441.25
639.40	230.50
169.97	116.27
5437.33	595.33
105.96	117.67
680.88	564.00
1760.41	3784.86
109.78	134.00
302.42	204.43
119.94	324.67
31.33	36.18
760.57	252.86
12.75	16.60
166.81	152.00
166.54	230.62
97.19	107.30
158.50	216.39
191.62	230.00
3050.38	3037.69
313.50	215.67
228.82	263.80
311.33	411.67
172.92	138.08
69.45	100.00
154.97	181.00
99.11	118.00
291.22	217.57
64.38	72.00
576.90	260.63
139.26	89.72
173.42	190.58
254.56	215.60
45.21	26.87
80.08	48.41
448.06	140.60
317.39	302.00
115.10	145.47
61.09	46.83
90.22	86.60
155.53	45.07
163.76	166.66
139.12	162.00
228.56	178.00
240.66	432.30
96.53	97.46
144.64	141.80
211.79	70.97
355.33	306.67
140.50	49.00
2394.41	5268.17
119.67	143.67
1047.38	2385.14
146.72	78.33
202.38	287.80
141.50	248.67
120.99	137.00
281.68	276.20
291.11	314.67
723.30	1579.50
547.71	245.97
108.22	53.60
278.21	299.38
61.52	43.26
90.30	98.66
195.66	67.53
81.51	98.97
137.47	159.67
273.04	304.00
116.88	101.00
205.71	179.71
41.17	45.70
276.54	608.60
100.42	97.42
315.79	472.33
175.57	386.33
288.82	253.31
186.80	205.36
506.38	877.33
93.26	88.11
1720.30	2268.20
307.33	120.50
85.28	91.76
272.85	246.67
141.18	98.80
400.92	353.23
398.17	451.33
882.09	357.70
56.51	51.69
67.77	30.84
121.29	106.00
113.49	91.59
404.20	382.50
209.12	193.00
153.36	188.33
175.00	164.00
187.47	268.78
508.41	609.30
226.50	391.33
182.26	182.00
546.00	526.33
249.68	393.25
153.83	178.72
248.49	187.22
44.51	88.45
63.36	61.25
119.41	176.65
322.43	336.33
98.15	137.67
142.06	197.41
358.62	342.83
81.35	188.67
151.76	9.67
233.67	335.00
83.81	50.57
121.70	138.75
287.11	198.33
19.66	10.24
155.60	163.25
374.56	265.25
283.10	197.50
254.90	274.00
324.75	701.00
324.41	301.75
257.08	260.25
321.68	148.99
221.21	272.00
83.43	70.67
264.37	308.00
132.50	50.67
4.86	6.40
120.87	54.73
963.00	552.33
149.61	182.38
45.83	33.99
412.82	260.50
331.82	168.17
157.46	148.78
194.20	169.25
127.18	108.95
173.16	173.13
146.73	343.00
491.04	264.93
158.22	326.67
86.82	157.45
91.24	132.00
49.99	45.25
199.61	125.25
194.23	124.67
424.22	415.67
262.43	241.00
142.84	155.72
169.11	148.62
198.33	155.50
124.54	90.97
125.08	111.33
130.10	147.75
363.72	569.36
2878.12	3978.33
327.64	331.00
335.08	256.00
72.26	41.00
369.55	464.00
165.08	100.30
124.42	147.33
281.32	274.20
263.67	129.33
216.00	208.00
128.44	331.33
171.46	154.48
204.17	142.70
68.38	91.93
374.56	462.00
262.50	227.33
339.00	247.33
426.69	298.67
331.80	425.33
5718.37	148.50
480.66	1007.00
232.17	188.33
183.71	254.25
234.40	138.50
264.40	543.67
725.52	502.25
338.62	208.50
181.75	171.33
727.99	429.00
1336.01	718.07
262.00	218.33
168.29	186.88
163.90	119.67
140.45	195.00
265.54	314.25
557.09	1117.46
282.22	259.25
193.63	140.83
387.41	397.64
84.09	79.25
49105.60	201.33
195.89	211.00
203.97	144.00
562.90	678.60
271.43	351.67
516.29	462.62
65.47	119.67
231.18	315.29
2691.38	663.38
90.42	108.67
501.00	819.33
355.31	248.75
286.37	377.60
190.48	83.16
123.81	215.80
904.16	615.00
112.12	101.00
154.50	107.00
150.31	229.81
251.00	372.33
123.62	159.75
316.64	447.33
251.57	320.20
203.85	220.44
543.56	814.60
421.73	264.67
353.11	344.19
164.50	151.00
227.56	285.15
113.27	108.42
105.27	135.97
157.51	142.80
247.00	214.00
147.77	94.00
459.86	443.50
58.02	78.83
198.38	62.77
214.45	186.25
232.83	319.00
178.64	178.00
291.12	275.33
203.50	137.00
245.75	324.33
124.91	27.82
234.20	445.33
129.53	66.93
386.99	454.98
290.55	357.75
198.15	159.67
4497.57	369.33
378.56	578.75
276.20	230.55
116.41	110.67
366.51	378.70
216.86	150.25
122.39	98.75
337.79	287.83
154.55	268.66
219.42	227.75
307.15	278.21
2894.33	2934.00
139.44	135.20
424.12	485.50
331.11	305.98
145.90	231.67
56.44	66.49
189.20	177.05
288.04	311.60
100.10	73.72
167.17	177.00
165.05	56.65
474.00	372.00
161.70	172.34
162.40	196.80
177.33	148.00
297.75	207.00
191.27	181.74
160.41	178.28
222.00	237.75
1182.62	2075.50
108.35	95.96
754.05	811.67
1890.80	4304.17
307.57	157.66
561.67	448.33
165.32	87.20
115.33	121.52
36.13	50.66
134.00	45.00
298.12	189.00
231.51	486.00
150.35	99.97
108.60	176.93
196.44	151.40
279.64	214.50
140.70	54.20
962.82	135.60
162.41	75.75
148.17	131.73
93.49	95.75
553.62	316.67
2478.81	142.75
141.39	132.40
252.62	194.80
217.76	236.60
112.62	187.33
16.86	13.78
276.67	221.33
2060.53	2463.20
272.93	295.29
245.33	255.33
381.68	216.00
469.82	302.75
748.00	642.50
159.55	165.00
124.40	169.00
316.06	238.80
391.12	349.70
479.28	393.86
106.97	90.59
40.51	87.92
1174.62	1045.00
108.17	128.33
265.27	345.00
211.74	154.48
329.15	402.33
358.50	413.50
297.82	278.63
191.10	111.70
320.89	120.20
316.67	896.40
301.83	368.33
1188.95	382.57
163.00	214.33
366.68	362.56
230.41	213.67
198.10	165.63
212.83	144.67
408.00	324.00
151.17	175.98
180.32	171.50
223.00	253.00
219.47	187.60
564.46	421.67
207.21	112.22
776.59	2262.00
295.98	175.74
313.02	645.69
166.57	168.00
87.86	90.99
253.84	37.93
273.80	126.00
146.40	118.13
143.62	118.67
228.29	240.50
61.61	104.73
66.98	58.96
297.97	255.70
712.23	1755.00
734.91	547.00
268.00	258.00
242.62	205.00
324.27	379.88
275.19	166.92
173.21	170.71
276.33	428.67
611.46	698.33
104.53	80.19
265.23	256.14
83.50	86.00
491.80	625.67
74.55	55.96
97.33	85.33
58.62	37.63
275.04	104.75
115.45	139.14
43.63	55.39
153.70	169.75
198.45	214.37
206.00	194.86
2111.88	2623.60
328.62	439.17
322.67	247.67
325.15	347.13
320.60	272.50
672.16	638.06
356.63	382.67
210.58	218.00
13.03	19.73
162.29	155.00
180.96	125.44
187.73	184.88
2114.35	2652.11
183.47	91.93
139.35	161.56
307.50	405.00
162.83	161.33
273.79	303.33
394.62	316.20
196.49	302.00
139.16	118.20
191.35	164.90
68.09	60.00
162.00	154.67
82.48	77.67
121.94	100.90
264.30	305.02
275.91	332.89
140.42	182.88
372.64	252.50
202.54	441.00
138.83	96.96
314.95	364.83
86.43	52.98
40.79	45.60
90.78	77.69
302.30	372.60
102.45	101.80
76.06	162.83
5253.38	5031.33
163.43	165.33
49.68	66.23
207.00	112.33
70.56	64.00
331.67	379.33
212.00	233.00
73.53	60.97
302.42	414.40
171.00	173.75
187.06	159.38
94.58	73.94
313.50	282.67
3990.78	5205.70
1072.17	1201.67
266.05	155.50
77.55	90.24
527.78	552.30
113.81	158.09
206.44	173.36
119.97	103.70
313.50	409.80
365.97	241.50
1303.05	42.60
249.94	310.67
136.40	178.00
180.03	136.93
93.00	85.57
422.43	224.62
200.70	235.50
284.86	123.85
163.50	124.67
347.71	328.00
337.32	338.00
522.17	423.67
919.14	1157.33
123.61	148.16
89.44	212.00
194.90	161.67
155.70	390.63
58.05	52.50
346.71	318.33
550.71	447.33
74.10	69.60
15.70	14.50
157.97	174.67
110.10	112.80
216.00	175.50
146.60	131.80
120.29	111.70
121.37	108.00
182.13	184.38
311.67	307.20
223.13	236.00
155.09	87.35
409.58	945.33
174.64	246.75
300.80	229.75
337.68	183.00
399.57	533.33
118.38	93.75
159.37	188.75
538.08	496.00
285.04	284.67
510.47	210.00
104.49	97.92
185.23	285.33
150.23	147.82
477.00	528.75
150.81	84.32
191.82	130.57
99.81	108.83
127.02	123.50
4399.00	10240.00
164.69	233.83
69.27	106.39
124.37	157.97
2861.76	191.93
116.73	83.32
188.57	129.00
296.38	285.33
76.43	93.67
321.39	454.43
110.28	76.66
161.03	199.20
89.12	118.33
399.71	749.00
259.00	141.33
108.93	110.90
120.56	70.22
74.34	17.87
152.62	283.67
185.86	122.93
154.26	184.40
84.51	106.63
482.49	49.05
319.15	327.67
164.70	158.00
79.86	69.67
316.57	388.50
198.26	162.13
178.21	210.67
97.40	95.27
1184.77	2854.20
91.02	42.39
203.08	125.00
212.99	361.00
116.92	102.93
536.59	691.00
1125.04	948.00
286.81	253.00
58.34	65.24
175.29	165.25
288.44	305.25
167.95	266.31
240.73	306.20
82.26	57.48
145.44	173.86
151.03	128.77
41.97	42.78
1235.78	352.00
683.88	464.00
103.03	205.98
144.33	113.67
128.85	119.33
180.56	227.75
88.54	57.67
120.31	90.66
32.29	37.63
992.60	644.00
411.50	427.50
582.38	741.25
440.18	271.00
147.56	131.22
292.09	245.58
98.50	24.98
2927.04	3683.33
258.73	217.96
193.90	99.67
245.62	250.67
994.86	2146.00
264.82	273.25
135.04	89.33
129.48	129.20
348.18	570.95
169.07	178.36
177.84	171.67
84.59	110.99
316.38	221.33
398.86	464.00
1112.45	178.88
115.86	105.09
384.93	339.00
207.00	115.33
445.75	224.00
235.57	213.75
214.84	305.52
273.25	209.25
143.00	53.00
173.09	293.25
871.88	672.33
122.25	73.45
467.64	322.15
110.29	158.95
562.00	388.67
1420.83	1352.67
196.23	181.30
15.94	6.73
11.46	6.33
143.42	138.63
67.85	8.53
268.22	376.33
160.33	45.67
84.63	78.59
278.50	261.33
77.29	84.64
317.45	327.67
522.75	623.25
171.62	163.25
238.53	212.40
69.91	39.60
313.20	279.33
73.49	95.74
120.29	117.67
200.22	185.50
109.44	100.00
523.50	845.33
71.54	60.67
308.22	151.88
216.72	236.06
696.48	1322.00
1414.00	1085.00
290.38	275.00
369.33	568.67
271.30	155.60
308.75	359.00
206.87	216.92
161.44	194.80
184.31	187.31
375.67	319.00
718.50	510.80
170.38	197.00
103.10	105.00
290.11	289.00
100.15	50.10
8049.32	16076.40
187.36	110.50
83.76	76.36
419.98	481.05
342.86	212.00
128.56	244.60
153.12	105.00
27.32	37.13
240.00	386.33
169.83	147.20
212.26	191.37
346.21	490.75
97.84	58.00
148.48	100.97
373.00	151.33
418.63	302.29
43.61	39.74
105.23	11.60
452.96	335.04
401.43	332.71
60.43	90.25
228.00	261.25
108.36	94.72
173.46	255.50
91.27	81.88
101.29	68.00
145.60	161.80
106.86	100.78
54.73	65.83
172.03	96.06
269.70	391.00
142.94	160.86
141.88	195.33
143.80	83.14
101.02	143.50
219.57	182.00
151.69	183.50
113.90	49.00
139.49	76.33
176.71	131.79
166.78	173.60
81.92	103.67
1426.10	959.50
211.55	260.47
433.25	403.25
194.25	166.67
185.77	76.08
103.06	135.33
323.14	393.00
437.44	528.60
144.45	120.50
510.88	361.33
447.88	567.36
301.64	204.50
400.19	245.00
305.73	133.20
158.82	271.17
151.58	178.25
163.80	150.75
200.02	248.00
292.24	200.00
454.91	318.00
155.52	217.78
138.09	132.21
130.18	102.80
255.88	238.67
359.29	245.25
138.33	114.67
324.36	425.25
407.67	270.50
179.70	180.86
161.64	163.83
86.32	83.97
95.45	60.13
349.53	626.00
143.93	165.25
141.85	180.67
317.41	359.80
113.65	103.03
2840.86	882.00
126.20	120.05
105.81	92.40
49.02	41.86
57.97	52.53
411.75	355.33
201.14	255.00
252.25	331.33
5750.27	7851.38
84.87	17.32
35.76	41.88
623.56	34.51
41.38	27.90
206.98	198.33
387.24	1615.33
111.87	120.19
187.68	73.36
252.91	218.70
48.27	68.80
41.24	76.00
115.82	74.60
253.71	250.50
644.29	456.00
75.49	57.43
44.65	77.98
331.25	399.00
238.00	370.25
47.42	52.30
283.30	234.26
196.99	198.00
143.34	239.00
93.22	65.33
76.67	96.50
120.17	93.61
84.30	68.51
240.81	378.33
395.14	318.12
71.00	52.87
91.33	63.99
141.90	115.45
324.00	337.75
222.08	241.67
1537.12	5050.60
85.86	67.38
848.85	185.21
333.92	333.80
874.77	1473.00
291.42	105.08
197.77	200.50
378.22	384.33
137.44	185.67
99.01	88.75
680.24	259.67
154.34	83.17
92.47	36.96
210.73	181.25
139.16	262.80
3743.58	12091.67
477.03	876.50
182.50	132.67
164.76	254.33
158.00	144.60
124.47	48.99
98.06	88.00
153.89	166.25
5608.26	2380.93
103.68	99.61
423.00	463.75
79.60	124.76
258.75	146.33
83.52	94.57
807.12	1405.50
203.12	138.00
1623.88	257.06
109.20	130.90
106.25	92.93
369.57	262.95
492.00	484.43
46.24	55.97
2008.40	2481.75
164.71	173.75
490.43	478.33
415.27	310.33
133.67	138.16
316.04	82.83
394.70	276.67
358.17	357.67
88.46	109.97
7419.72	8731.40
1043.60	1874.20
45.64	13.95
270.76	273.80
71.02	48.59
273.83	683.60
278.84	168.00
99.88	91.20
334.85	361.33
169.00	146.25
3361.03	178.33
361.15	90.67
324.20	134.71
150.16	110.56
35.25	52.75
240.57	261.33
182.96	75.13
89.69	40.73
153.22	123.00
106.35	170.67
313.71	177.75
129.04	132.10
333.27	301.67
80.38	23.67
177.39	196.75
197.22	346.00
458.67	208.32
346.02	259.56
78.14	51.47
333.22	745.18
131.50	96.83
425.29	577.67
184.27	253.75
284.00	357.50
187.25	184.00
309.29	353.86
44.98	42.60
394.82	184.63
318.86	162.33
183.00	248.20
188.45	212.00
305.00	202.33
203.62	188.33
216.50	225.00
231.10	190.75
128.16	115.33
545.95	1344.00
194.74	205.40
127.85	129.00
137.30	125.30
1294.88	409.47
267.88	183.67
294.05	302.00
129.73	151.64
127.43	136.00
173.53	265.50
465.55	439.33
379.07	343.78
318.66	144.38
71.82	105.00
204.10	153.47
131.33	143.81
154.62	245.00
1791.71	109.33
1075.40	1763.83
475.71	378.06
206.93	238.33
44.64	48.76
91.28	79.80
212.33	122.40
137.09	88.13
178.20	277.25
92.96	63.12
93.69	55.86
112.90	95.40
119.87	137.25
272.32	152.00
41.22	38.90
39.51	76.78
2390.86	2314.25
810.24	122.92
356.76	354.00
184.80	211.00
1711.00	1441.67
219.56	172.98
203.89	89.36
376.25	36.91
130.33	138.00
170.00	183.50
91.80	71.93
1507.22	297.64
103.96	99.50
183.66	196.67
346.53	370.50
177.41	184.96
344.88	13.02
254.57	213.00
306.25	238.00
3664.29	5332.67
9643.67	25111.33
171.85	141.20
5185.50	2068.00
240.18	199.80
293.38	285.00
215.13	434.33
387.29	382.33
205.05	257.83
142.93	79.19
129.68	153.72
195.81	163.56
92.93	124.93
75.53	76.72
197.14	209.00
78.40	53.80
735.09	625.50
178.86	280.67
627.30	216.10
276.72	314.75
206.54	185.33
173.60	112.40
146.43	211.85
386.70	559.00
556.00	407.33
70.56	140.60
283.25	364.67
84.26	18.90
252.56	90.75
638.13	224.76
120.73	186.00
148.80	161.67
90.25	86.45
112.22	91.33
217.30	416.00
133.42	169.49
531.08	446.83
147.50	123.67
172.55	151.00
388.55	231.33
306.90	313.60
188.20	201.25
122.16	162.77
77.12	93.14
77.17	238.23
235.80	259.00
95.81	97.50
294.74	309.32
172.07	158.11
363.76	601.75
429.58	439.64
360.85	468.86
51.07	37.58
348.80	250.50
217.49	271.43
257.83	511.93
438.43	408.75
598.92	317.04
48.42	67.87
188.74	208.99
196.71	184.00
658.73	764.67
376.43	451.60
52.85	61.86
189.94	142.95
301.29	495.33
167.32	186.78
169.28	249.76
233.14	305.67
132.24	94.16
106.00	79.67
325.13	255.75
309.47	325.56
544.86	754.00
464.40	670.67
119.50	80.33
58.33	26.72
265.75	226.50
553.52	1182.00
294.03	277.30
323.57	357.85
605.75	603.00
123.96	201.70
304.57	298.75
382.05	465.22
336.23	255.00
264.26	239.88
170.26	128.34
218.13	45.54
1071.17	930.90
113.11	86.20
4775.18	4329.87
197.23	75.87
129.88	218.33
292.77	237.66
510.48	99.95
156.44	194.50
25.24	18.80
385.79	279.20
396.52	578.67
150.98	77.20
346.14	377.00
111.22	107.93
266.27	354.75
84.18	94.53
524.90	694.58
168.95	195.33
113.34	60.33
2836.96	3819.50
258.14	294.64
222.02	121.50
468.00	684.25
51.33	42.28
242.21	143.48
97.59	75.48
209.72	189.20
199.61	213.67
192.68	176.00
654.72	247.33
308.75	132.67
311.43	288.50
217.69	166.63
307.76	226.41
124.38	78.83
139.75	145.20
59.39	39.99
47.19	49.40
219.71	261.00
61.51	26.47
256.07	186.96
332.91	214.47
297.92	321.00
264.62	495.00
429.67	318.00
118.10	5.16
172.62	250.17
218.72	296.67
171.64	163.22
129.38	148.60
173.50	190.00
385.90	368.17
197.75	253.71
247.34	311.33
1416.80	1884.57
381.68	617.00
161.73	248.00
277.00	212.00
85.39	85.12
300.15	655.17
152.05	64.25
185.89	181.33
179.11	197.00
339.35	393.33
345.16	380.60
236.25	177.71
78.23	103.33
49.18	44.96
116.45	128.33
351.25	611.50
258.31	251.67
79.92	83.67
310.86	422.00
39.24	76.25
82.60	101.10
53.85	29.75
189.50	121.00
132.19	92.33
86.01	61.46
136.92	154.50
423.14	607.67
43.00	45.93
382.57	444.67
201.71	153.67
124.62	126.60
184.00	168.17
209.88	195.33
96.62	107.50
102.47	48.68
21.33	22.83
66.71	77.65
12075.50	31725.67
179.86	137.00
114.12	57.53
162.13	138.00
181.56	195.60
75.44	36.40
33.26	27.97
350.38	328.33
149.29	188.33
157.23	115.00
288.29	338.00
316.50	152.00
1434.86	1657.50
119.43	138.25
196.24	123.17
87.83	104.76
87.63	94.53
105.28	129.40
337.07	437.33
189.57	125.00
349.33	604.67
396.18	422.17
166.05	414.50
152.67	162.64
72.04	33.32
640.00	542.00
485.82	729.17
295.17	262.00
396.67	258.67
23.80	24.28
213.83	278.00
345.42	551.25
253.07	122.23
242.66	269.27
91.85	230.67
181.05	178.25
27.83	67.57
216.78	248.69
308.65	723.40
169.41	97.30
339.06	283.56
220.30	349.80
358.29	301.67
82.75	138.27
103.27	121.33
51.23	49.87
297.27	603.67
1094.58	1232.92
177.53	172.83
162.58	81.25
802.12	586.37
315.60	222.00
261.64	518.33
269.15	523.50
98.11	115.11
203.29	320.67
35.41	21.93
287.00	255.77
1944.11	1587.67
179.83	158.67
187.40	213.27
200.20	215.30
67.87	81.19
8827.81	5267.83
117.47	99.73
125.53	202.75
58.26	56.89
159.34	159.22
89.11	49.48
211.29	188.00
662.62	175.16
147.13	178.40
26.81	37.12
164.54	152.33
172.67	190.18
219.55	214.57
214.20	182.14
152.63	77.68
352.43	378.14
316.83	182.67
214.44	289.75
262.25	105.99
284.98	234.98
265.43	257.67
198.50	170.33
690.69	282.12
212.10	216.17
258.00	172.75
237.67	253.25
200.19	156.50
220.88	221.33
56.95	49.24
680.17	330.00
4766.87	3359.50
76.82	63.72
289.38	308.25
271.61	315.10
257.89	251.60
206.11	196.54
241.86	244.67
194.92	252.80
91.25	105.80
56.42	66.66
1109.72	589.22
79.32	77.20
184.69	79.50
315.09	379.20
102.66	98.18
94.09	61.14
145.71	118.75
326.36	290.66
162.94	152.83
164.08	171.83
82.09	78.88
138.14	86.63
290.38	221.00
982.86	1164.00
208.78	319.00
3116.47	2611.08
378.17	365.33
218.56	165.33
555.64	402.00
309.70	247.43
222.93	209.47
97.15	118.67
150.40	55.12
626.51	803.33
298.00	282.86
65.85	87.87
2013.29	2755.33
747.73	617.20
190.76	276.00
364.62	269.83
162.00	165.00
81.07	25.20
507.52	747.01
138.50	168.33
121.45	71.10
75.97	70.47
352.36	539.57
107.50	97.33
131.38	92.88
206.20	165.00
520.17	728.33
81.46	81.15
764.22	978.00
212.33	229.36
272.27	316.86
63.01	99.92
582.60	1123.25
462.55	498.90
392.44	98.00
125.75	126.00
281.83	368.67
297.37	105.20
241.32	128.80
278.95	473.63
40.37	37.47
286.34	254.82
293.38	288.33
202.94	100.45
421.14	465.00
2132.00	3299.00
270.59	288.00
244.22	211.50
62.11	47.63
168.45	177.38
344.14	450.00
73.62	68.20
61.83	38.25
231.67	306.67
157.56	135.00
196.37	184.93
251.93	159.62
242.50	178.00
370.92	505.00
121.10	168.75
216.14	297.80
109.87	145.62
176.97	101.94
89.57	80.50
190.67	234.00
244.14	77.50
259.78	268.20
1013.52	1694.25
805.47	2717.00
66.47	77.75
2139.76	3478.07
114.57	355.33
166.38	122.20
301.30	262.00
61.33	40.29
329.86	461.48
148.78	172.83
707.47	100.07
110.90	105.33
98.78	118.50
190.56	174.60
187.83	160.00
292.30	463.83
211.00	258.00
244.92	208.00
76.97	95.30
132.06	67.72
115.38	90.67
355.35	247.60
410.64	418.90
586.00	459.75
43.45	47.35
235.29	275.33
372.00	398.67
119.17	103.33
475.38	445.44
312.11	268.67
254.62	371.67
187.43	225.34
272.48	239.17
169.34	286.89
351.85	548.76
6863.86	4980.00
366.85	268.63
121.44	124.61
353.69	381.12
291.40	363.25
201.08	266.00
54.67	43.94
156.00	145.20
375.00	530.33
137.09	184.12
25.46	6.55
54.11	61.02
416.81	384.86
173.71	257.00
203.45	338.33
270.50	290.50
78.63	78.39
166.10	356.30
360.38	458.50
209.09	138.00
323.19	242.69
145.29	130.67
142.20	155.75
228.49	178.74
131.67	225.75
337.57	371.33
240.36	368.67
163.57	80.19
228.75	386.75
332.26	280.67
1073.33	503.75
49.12	46.67
92.73	36.83
90.22	77.76
68.71	43.33
135.86	173.00
43.46	32.20
9742.14	16729.75
235.00	177.75
237.50	181.33
113.33	142.62
187.27	126.00
200.13	249.89
79.34	56.70
195.78	182.00
92.19	108.03
140.85	96.66
88.60	120.22
100.30	112.03
5461.93	2822.80
72.97	85.40
180.58	50.30
59.88	67.40
539.40	256.58
43.72	13.10
33.97	34.46
162.78	114.33
96.65	106.30
366.51	112.43
519.04	470.29
213.97	214.83
3270.62	593.50
389.94	490.43
136.54	144.27
329.07	322.20
167.22	215.10
126.55	106.85
172.67	201.33
391.83	418.67
124.47	66.20
110.04	202.25
83.17	106.78
186.62	238.50
153.08	117.60
225.30	84.31
690.56	159.75
225.49	189.80
176.67	163.33
110.53	85.93
147.44	192.67
83.43	97.93
87.45	102.00
4633.86	448.75
83.30	83.68
184.88	223.75
123.74	75.97
275.00	364.67
298.64	451.14
295.46	284.67
337.64	368.60
404.32	728.12
155.29	295.00
119.83	156.33
294.19	124.73
103.60	40.93
147.91	168.33
603.70	604.40
235.22	384.40
478.78	369.76
129.97	92.97
270.68	318.08
137.95	168.83
356.95	377.80
646.62	670.00
265.60	205.45
796.88	718.71
185.51	162.00
195.14	152.33
396.41	230.33
92.59	102.61
154.30	79.93
359.56	234.67
489.42	500.80
271.00	427.00
984.29	457.75
238.94	32.87
252.89	237.00
183.30	146.07
264.10	286.00
312.86	340.33
870.39	131.00
113.67	145.33
199.36	293.12
112.04	150.20
218.88	245.00
229.15	292.40
253.00	288.33
389.32	1048.67
120.31	57.60
315.25	331.67
282.54	312.50
47.77	15.46
891.86	225.67
208.27	216.74
1699.33	3111.33
370.00	424.33
110.36	169.21
163.00	125.00
235.53	155.07
48.96	65.88
142.09	210.84
192.06	226.25
232.62	226.50
180.12	161.00
58.08	75.20
235.62	218.67
248.44	225.08
92.97	110.95
262.80	476.50
232.11	302.30
114.56	128.00
569.92	144.33
197.50	297.12
644.27	812.27
1014.75	599.00
58.84	84.30
183.14	312.67
405.29	368.67
116.13	83.42
441.50	599.80
119.99	127.72
676.30	780.33
155.21	76.08
707.60	2073.80
117.25	120.75
94.47	116.51
132.63	185.97
147.18	229.72
114.97	118.33
24.26	33.30
904.57	1670.00
305.49	407.20
208.50	237.20
216.29	272.00
236.69	234.00
299.67	398.75
174.22	203.60
45.88	13.78
282.50	211.50
8992.57	15018.75
56.00	37.50
400.67	250.25
264.33	457.33
435.23	488.35
5530.81	6137.00
105.55	118.84
181.50	162.33
3713.00	107.67
24.21	88.33
109.48	104.00
167.06	154.33
371.20	373.00
125.72	131.25
251.83	194.33
173.45	184.83
78.27	81.00
305.33	210.33
39.40	32.52
376.79	264.40
180.13	271.93
449.35	596.27
303.14	253.11
63.25	71.70
416.56	434.80
146.54	139.38
123.14	111.17
347.80	238.00
133.47	89.27
168.85	82.95
281.98	109.48
198.88	277.80
331.50	358.67
239.50	188.67
271.90	327.25
161.86	131.17
180.33	163.42
106.65	125.90
327.75	638.80
456.31	43.60
343.90	292.97
441.00	428.67
224.50	248.00
178.29	153.80
286.76	292.81
59.37	68.90
354.54	286.75
141.42	100.41
109.76	68.79
962.83	838.50
177.89	190.46
137.98	141.82
207.98	155.96
255.00	241.14
444.33	503.67
407.88	479.25
271.50	215.67
587.29	427.33
120.40	122.00
443.15	532.67
239.14	219.50
89.68	118.93
221.35	158.00
5075.67	4327.50
60.83	150.70
405.00	435.33
169.29	105.71
284.44	180.67
288.46	150.40
915.22	1522.60
100.25	118.94
167.50	179.80
1395.49	650.97
148.10	132.00
156.00	182.00
282.65	98.88
441.00	704.33
138.85	109.72
228.21	210.08
141.50	119.75
226.82	191.74
290.90	253.36
90.25	108.45
121.68	88.33
16.89	13.98
261.36	279.00
173.46	229.89
3134.69	2202.28
227.41	190.16
230.17	247.60
54.12	40.00
230.05	256.95
351.10	335.25
251.88	239.17
25.35	23.96
322.58	261.06
472.10	813.98
167.42	161.79
377.77	238.75
73.91	120.30
213.50	275.33
418.64	465.36
476.43	1498.00
227.75	287.40
206.14	207.63
206.33	115.66
1165.37	612.33
9258.55	10105.71
169.86	172.33
165.39	84.91
152.97	293.67
41.87	10.36
404.00	300.20
103.46	123.50
368.40	347.67
188.11	155.67
11543.98	2309.48
340.24	691.33
51.61	62.89
62.92	103.95
304.00	289.60
371.00	262.60
10149.25	7757.50
64.54	38.93
112.75	116.50
366.22	655.00
287.86	240.86
69.34	66.27
784.76	546.76
192.97	171.33
230.87	94.43
233.01	285.43
219.17	283.67
79.83	74.17
381.08	367.88
256.75	332.75
136.94	173.67
222.12	208.45
374.50	295.00
109.62	80.93
224.00	177.00
118.50	130.67
170.67	124.75
238.55	206.86
156.29	134.61
423.58	452.50
385.83	255.66
2308.33	1078.67
455.29	321.00
234.56	210.67
103.45	69.70
200.78	165.33
138.16	185.18
286.10	410.00
73.42	70.38
79.31	60.30
435.75	412.00
378.67	121.00
121.45	106.33
370.17	542.00
191.89	92.20
222.75	199.60
401.09	185.68
185.38	195.38
71.26	68.60
148.81	136.33
373.67	432.33
232.92	236.00
38.80	47.16
414.83	485.67
203.31	207.00
9217616.00	458.00
96.30	81.60
88.85	114.67
114.58	178.89
1028.48	778.82
156.70	107.96
96.06	101.33
95.04	152.95
167.88	86.33
211.47	195.86
249.44	208.00
217.25	193.12
309.69	331.00
1242.20	241.67
57.63	52.11
87.21	119.38
4418.86	306.83
187.40	152.33
306.89	215.67
573.60	875.40
276.00	124.00
223.43	327.67
125.48	76.95
399.75	338.00
182.92	152.00
111.81	142.76
145.99	136.20
231.91	26.17
176.29	168.50
79.23	76.32
192.44	171.33
168.44	146.50
139.03	34.32
296.35	271.50
98.36	133.54
60.50	26.47
34.82	32.85
134.00	93.00
320.11	445.00
595.17	717.00
77.52	38.96
431.30	848.67
196.00	220.33
346.00	497.33
234.45	133.63
157.40	212.97
49.96	100.47
241.64	137.67
36.03	37.09
449.31	440.17
208.56	200.75
150.38	118.67
260.45	176.00
289.85	403.33
238.01	120.83
184.79	290.67
185.12	221.25
207.45	115.76
180.83	194.10
790.83	687.67
94.76	105.27
803.00	1150.75
181.20	133.00
95.98	87.50
175.25	151.99
376.06	359.50
54.29	62.05
226.42	197.67
161.10	119.98
177.36	325.42
303.25	310.00
154.21	186.16
373.33	177.25
185.88	196.80
516.31	148.75
489.89	272.20
675.86	622.33
128.71	129.67
105.70	95.63
922.83	875.67
271.89	389.00
398.12	462.60
352.00	408.33
229.11	79.93
128.36	100.63
330.87	202.43
373.50	410.90
184.64	4.37
2066.80	332.40
236.79	358.50
570.15	342.33
1066.76	300.20
279.29	343.25
428.05	550.75
183.40	222.60
187.53	225.50
181.66	305.00
619.80	849.00
390.12	198.67
99.22	177.00
334.05	115.67
533.70	481.00
846.53	470.87
328.55	459.67
340.07	592.00
88.08	51.09
120.09	110.74
329.64	259.15
263.93	366.38
416.00	336.67
522.38	234.67
826.32	708.67
243.00	333.00
279.15	752.00
309.89	237.80
170.55	145.33
275.28	276.91
567.50	815.33
344.00	317.33
359.25	229.88
601.33	250.44
627.17	505.60
237.17	236.67
189.00	183.33
2009.78	3113.40
209.31	263.65
206.00	191.33
209.63	171.47
129.44	142.33
707.75	465.67
5.67	5.66
395.91	445.06
228.52	267.86
240.54	188.33
413.53	225.50
464.90	464.00
99.05	129.89
295.12	231.00
353.38	149.00
346.55	222.00
150.09	91.16
179.71	315.33
223.38	255.20
352.95	248.82
33.30	41.67
120.19	101.93
380.68	373.57
116.88	111.45
548.61	610.14
248.16	211.11
437.33	542.67
806.76	1230.67
54.10	23.87
116.46	110.71
1766.29	156.10
721.26	844.04
190.40	165.00
271.12	451.67
101.62	234.00
200.06	34.62
244.71	144.50
184.33	194.67
260.54	218.67
413.22	196.80
155.82	169.62
2464.65	134.00
332.92	447.57
134.86	88.72
415.25	505.25
311.51	340.33
440.73	643.50
291.53	132.38
184.86	129.66
98.17	99.07
424.12	66.23
285.28	287.36
296.45	281.20
94.11	21.93
167.50	94.33
301.82	256.96
173.83	267.33
327.10	326.33
178.73	146.38
5945.02	9273.14
75.99	63.00
83.89	32.24
201.48	194.95
271.67	260.60
432.29	551.00
255.50	144.20
26.40	20.16
328.00	452.40
406.83	441.67
131.15	214.97
5724.93	8050.99
494.70	493.50
236.72	263.67
249.75	291.80
76.46	84.34
161.37	131.00
524.20	494.17
152.67	131.78
365.91	403.80
573.56	135.63
497.50	571.00
234.82	263.60
153.59	149.36
217.88	384.00
2056.41	2709.81
239.33	248.33
127.79	98.93
229.64	256.50
212.86	333.73
108.12	123.98
129.88	291.33
284.26	288.67
185.00	204.67
166.86	138.69
84.87	78.60
91.67	131.33
1290.17	1145.60
220.00	286.80
280.36	251.25
111.70	171.13
263.20	441.38
57.74	88.00
196.64	235.80
174.68	144.00
149.64	154.29
52.72	62.71
125.20	122.08
89.12	107.96
173.71	151.25
35.78	40.36
547.33	485.00
107.23	159.56
3085.75	219.21
50.51	38.45
125.38	238.50
159.88	205.97
286.69	266.67
167.99	126.67
151.62	175.20
333.67	225.33
229.24	157.04
285.66	695.67
124.99	39.30
203.39	134.10
109.62	20.93
103.80	127.60
187.42	198.43
80.52	92.11
146.66	62.65
639.60	506.96
28.65	23.26
401.00	453.11
305.89	349.50
92.08	84.80
52.60	63.96
350.28	681.97
124.15	158.75
324.20	250.25
39.54	48.42
2261.12	1469.33
522.17	163.85
139.99	103.45
1105.18	205.86
746.11	953.80
151.67	162.40
140.10	145.43
87.57	35.43
321.44	332.20
444.15	195.67
357.50	347.33
168.22	215.33
86.60	91.78
1131.35	739.33
236.29	170.67
303.78	188.75
256.28	111.45
166.44	165.75
94.34	42.98
284.14	216.50
181.08	156.80
376.01	123.30
115.08	75.56
132.26	115.71
206.26	320.13
621.85	334.18
586.88	698.50
126.67	135.33
95.65	45.33
1443.80	5681.00
161.71	161.75
104.68	97.99
248.93	341.88
291.47	171.60
42.20	89.33
630.33	151.25
319.88	336.75
188.09	177.50
157.33	176.75
156.02	205.04
323.40	441.43
295.29	127.33
112.72	142.74
332.69	354.78
262.88	241.67
511.29	501.00
153.69	183.43
459.22	106.33
71.13	25.16
55.13	115.12
223.08	225.23
155.62	153.40
102.88	118.75
253.21	193.98
198.65	245.19
52.49	48.96
338.04	155.00
404.83	613.45
84.96	64.75
281.29	271.65
142.57	164.67
242.38	208.33
75.96	73.88
242.36	254.90
434.25	558.00
136.97	248.63
173.05	167.64
91.51	113.57
1207.83	1267.67
230.65	95.33
353.84	311.00
136.01	291.00
323.38	365.00
423.54	373.40
133.39	161.00
99.51	131.91
108.88	66.67
72.98	71.00
14.38	15.70
424.82	385.75
219.46	397.98
159.57	161.67
210.38	228.67
300.14	350.25
187.50	221.29
266.14	182.00
274.00	266.80
104.50	104.00
189.67	269.50
330.71	328.50
100.24	65.52
369.44	383.00
190.49	77.27
404.33	425.33
162.98	136.09
275.50	239.67
56.87	52.29
199.99	113.18
129.11	107.66
220.00	205.67
266.88	328.00
27.63	22.52
285.18	267.33
35.17	25.66
108.33	103.17
910.22	1009.40
150.99	157.98
215.22	111.00
219.18	252.33
331.62	325.50
180.45	135.00
403.08	535.00
582.44	158.50
321.67	462.00
1642.79	977.55
211.50	462.33
531.78	203.33
879.75	908.75
142.09	157.12
223.17	145.00
158.14	140.75
195.09	197.98
306.87	379.71
164.16	114.67
164.25	221.00
139.11	138.00
77.17	82.67
279.92	387.33
773.89	102.88
167.35	90.11
2378.29	242.00
357.29	108.03
647.77	498.80
604.15	1121.67
152.10	238.87
70.79	42.96
266.62	232.34
266.43	272.33
170.50	207.78
404.60	615.67
473.83	642.00
191.86	223.50
198.77	113.98
138.00	190.20
285.33	329.00
766.49	1090.50
134.91	21.65
126.25	133.80
164.00	178.33
265.90	204.80
173.17	206.50
304.10	342.33
371.40	341.33
168.22	187.00
525.15	1270.94
119.73	56.44
127.16	65.00
94.34	65.36
369.82	704.00
125.32	71.96
354.96	448.33
137.43	138.67
670.93	328.25
122.72	113.97
653.67	361.29
222.25	291.33
264.00	147.00
173.47	118.00
241.05	320.50
311.20	306.20
256.00	184.40
878.25	457.50
54.50	62.58
425.09	379.94
420.33	236.33
2151.71	1228.67
134.80	147.33
352.82	224.67
160.92	151.40
475.09	555.00
102.92	64.70
112.43	148.93
369.43	158.00
154.60	205.33
103.41	63.06
122.11	97.33
4583.54	6273.75
309.45	223.80
40.18	45.43
4886.27	1883.67
267.98	371.06
140.23	136.50
110.47	135.40
123.61	56.56
375.33	572.00
188.25	175.33
113.83	114.67
245.44	19.48
404.50	353.25
139.16	53.96
115.70	107.20
205.60	315.29
128.73	138.37
113.02	185.19
59.57	86.00
388.49	673.50
195.42	295.33
1469.39	402.67
224.16	360.45
388.67	181.67
179.70	137.92
122.79	225.33
330.59	205.50
63.59	40.33
160.00	168.00
289.84	69.01
124.50	139.43
63.46	54.27
157.89	118.95
1517.04	10.59
286.39	274.36
395.41	411.97
133.98	93.97
277.25	472.00
731.50	911.67
430.36	471.60
205.41	323.67
97.03	11.60
353.20	185.00
207.25	172.80
272.80	303.00
43.76	20.82
154.64	132.77
64.99	59.18
271.36	304.40
280.14	166.67
248.07	181.50
74.25	80.14
73.04	108.33
181.97	162.33
156.26	157.72
292.17	199.33
124.37	165.95
445.32	265.75
180.07	188.33
623.31	357.33
539.88	1094.67
604.31	83.00
178.88	202.00
365.11	375.00
288.67	373.17
185.25	233.50
196.00	262.50
251.98	191.67
283.00	217.67
16.50	13.97
507.04	229.80
103.30	96.13
404.00	469.33
70.16	144.55
642.78	608.67
106.30	131.12
227.71	311.50
800.89	241.31
218.71	265.62
137.76	120.72
106.69	87.71
1279.21	1101.17
327.13	374.11
114.37	155.21
91.38	78.00
1956.29	2736.75
481.74	774.23
66.28	32.38
463.67	410.80
89.67	86.29
236.23	215.47
90.47	28.60
143.82	248.33
122.91	189.00
136.33	43.27
45.09	51.94
55.77	38.34
92.40	132.00
409.50	361.33
99.36	105.91
307.84	408.23
101.36	138.97
153.09	222.57
279.62	228.25
180.44	220.75
230.83	608.25
206.71	197.33
128.55	382.30
205.79	153.97
359.21	409.49
93.47	105.53
4424.13	1423.87
917.90	1887.75
662.89	210.40
263.19	232.75
1383.55	540.40
170.65	199.00
2160.34	2278.07
734.69	755.86
209.67	275.33
429.30	557.33
303.80	264.71
139.84	145.97
155.64	153.50
218.99	306.00
406.81	529.60
279.22	517.50
104.75	49.17
113.16	67.27
69.97	69.33
458.19	506.33
41.25	9.68
274.24	346.07
224.70	225.75
165.32	101.65
279.17	302.67
158.83	261.60
144.93	127.67
132.47	200.60
362.75	390.00
137.00	102.25
151.60	119.00
215.94	258.20
368.20	138.00
144.09	193.00
72.10	31.89
462.82	136.67
62.24	78.97
937.06	2421.00
154.28	79.27
204.82	274.60
69.42	21.23
76.24	13.93
280.02	341.25
203.45	211.83
191.31	189.80
150.86	174.25
58.13	32.72
155.00	146.75
816.33	1013.91
149.43	195.50
70.97	71.12
397.64	524.00
118.91	124.22
1687.70	4738.20
1370.38	2514.00
217.82	227.71
118.16	80.77
440.11	575.77
183.71	165.50
141.83	172.33
142.49	67.97
238.38	342.00
379.64	608.50
93.66	81.93
3208.79	2958.69
119.71	59.60
327.91	265.00
177.27	253.50
135.39	92.97
806.54	916.53
229.12	65.80
103.96	32.47
429.31	325.75
210.75	262.20
226.58	206.29
348.80	369.60
8615.60	997.25
210.71	294.67
138.75	117.33
215.12	258.50
168.43	166.00
104.39	73.88
424.14	460.00
295.29	350.25
101.69	78.72
215.47	343.38
2786.11	5927.93
586.88	812.50
238.62	23.89
60.69	33.63
361.56	714.00
56.19	110.60
1560.92	649.65
184.14	128.33
298.57	292.07
166.86	47.38
393.88	408.40
138.07	122.88
350.67	351.83
169.77	109.66
136.67	181.33
29.80	33.48
315.65	130.63
87.59	31.66
139.38	103.67
88.56	53.58
199.59	290.63
525.14	227.67
415.33	298.67
166.25	129.33
216.50	228.00
126.66	136.67
138.15	108.58
74.48	44.94
41.30	39.63
201.03	197.70
4622.01	1635.11
157.24	166.73
255.17	145.33
110.13	124.00
105.81	107.14
47.83	54.88
221.79	186.01
194.13	131.97
427.71	374.67
330.27	318.22
574.11	952.00
1614.23	119.90
95.38	114.37
111.25	114.00
6368.17	108.73
413.83	432.00
6225.54	14294.67
209.56	209.74
281.59	299.58
559.48	344.14
227.00	172.12
293.73	422.20
427.50	321.67
105.67	86.67
53.04	141.25
165.50	135.00
357.33	472.60
135.43	91.20
252.83	340.00
187.53	272.23
335.36	302.00
473.31	122.00
39.40	37.00
157.84	168.97
220.38	163.00
48.08	48.26
106.09	181.75
819.35	657.50
226.04	137.08
238.14	282.00
189.67	220.67
471.00	678.33
119.51	82.84
150.43	124.67
111.35	85.21
163.97	116.27
127.07	172.88
311.41	376.49
276.74	401.15
124.34	38.35
150.24	35.23
167.53	174.00
253.33	270.71
244.60	204.33
132.01	79.65
134.44	204.60
264.67	197.33
190.80	292.30
397.15	639.33
176.13	199.42
182.90	153.67
147.39	160.35
136.14	101.67
165.50	106.33
141.15	114.61
4800.22	10172.67
206.55	152.25
220.80	242.60
63.81	98.95
218.46	176.90
197.08	197.08
110.90	148.60
413.88	350.60
218.64	168.00
227.86	212.00
303.67	210.33
115.67	185.00
175.76	199.78
57873.55	192686.01
55.95	50.97
244.81	201.23
201.23	250.25
90.53	84.41
167.67	148.00
209.67	177.43
298.07	241.00
168.81	222.75
306.86	325.25
141.67	150.80
83.33	65.32
350.57	339.00
131.23	192.00
69.19	39.52
2040.57	814.64
100.11	62.95
234.60	273.00
202.99	112.66
116.50	79.62
474.90	617.00
130.48	151.58
89.50	159.00
159.48	192.64
154.44	194.25
197.37	239.00
379.90	395.81
364.47	615.00
153.35	178.96
406.64	577.75
430.86	338.00
548.12	78.30
285.29	195.98
743.79	915.12
143.03	174.19
144.22	271.00
351.14	122.33
128.48	47.67
220.59	320.25
123.60	155.00
508.35	396.38
126.33	93.33
115.38	123.30
214.85	134.93
44.72	14.64
73.59	68.93
192.11	188.00
303.56	56.86
351.71	416.00
1487.84	1024.00
187.74	362.50
299.97	366.33
99.60	97.60
132.26	165.00
209.94	187.29
175.67	136.33
518.82	456.25
202.47	180.47
273.80	392.40
90.93	111.12
577.75	181.80
935.77	359.33
91.62	90.40
380.93	375.00
344.87	188.50
208.34	211.65
414.64	441.67
150.75	133.50
186.70	14.50
379.21	271.48
272.70	300.50
200.43	193.67
1168.33	1787.00
197.46	167.00
332.46	293.50
435.71	482.33
314.64	507.20
259.75	241.33
104.09	122.33
143.98	72.70
289.79	290.67
288.00	527.33
96.14	84.00
225.12	143.25
300.67	429.33
136.72	150.20
116.25	118.50
165.78	135.48
166.69	50.45
168.31	208.95
156.50	209.00
68.13	63.00
446.57	513.00
163.03	55.93
117.67	163.11
468.97	715.00
297.17	115.00
284.67	406.00
173.08	26.45
380.97	381.67
471.16	186.80
1933.78	2867.33
519.67	260.67
57.18	152.23
219.57	159.00
182.86	175.00
86.69	91.20
91.16	81.97
371.99	303.30
162.34	117.08
216.14	198.67
522.82	559.69
80.69	66.25
117.13	135.33
273.17	288.00
653.19	697.75
328.00	261.17
527.75	977.67
250.06	74.10
261.27	410.75
727.11	1016.25
108.81	89.62
380.71	278.25
149.38	163.67
477.56	948.50
267.00	421.17
161.16	243.75
1288.90	3138.33
211.17	184.33
323.67	408.33
336.62	419.67
331.67	405.00
115.73	137.80
113.82	98.50
162.20	137.43
232.21	251.40
113.92	121.33
271.83	116.56
158.02	147.83
1281.75	1479.17
967.51	998.25
888.06	3410.63
166.24	127.54
280.15	148.97
140.00	49.67
185.69	177.33
292.80	355.33
1015.88	1898.00
175.67	193.00
108.86	128.60
130.64	136.50
477.50	216.00
657.50	298.00
159.96	276.40
527.78	768.50
247.38	311.78
172.80	150.00
668.43	96.08
201.31	403.27
410.69	695.11
92.24	87.77
10927.78	5554.00
429.17	461.33
313.92	226.50
167.50	194.00
2550.67	1769.00
195.29	243.83
168.56	220.00
442.59	520.40
692.29	731.33
409.43	69.13
142.98	182.50
112.13	59.27
629.88	642.80
109.86	104.65
10.22	0.89
199.63	77.32
675.33	781.67
16.93	21.83
182.93	185.10
320.50	455.71
106.43	80.53
69.80	65.00
266.71	328.99
390.38	278.12
413.77	76.33
51.59	38.36
228.20	200.33
147.90	140.98
110.22	98.25
328.25	338.25
198.38	132.60
188.62	215.00
215.57	208.25
618.56	632.40
447.20	417.66
147.00	197.40
494.50	558.00
62.02	36.40
391.00	358.60
119.19	168.00
178.57	103.60
163.60	152.21
786.12	192.00
324.50	311.12
213.17	197.00
143.10	234.00
453.25	485.00
142.94	190.62
78.00	114.67
189.67	171.00
491.70	91.99
128.00	120.50
477.00	331.67
123.57	57.67
87.54	87.30
165.30	82.56
455.25	850.60
1014.15	4232.67
856.75	124.00
175.49	177.06
106.50	95.41
1231.24	2355.55
1069.49	771.33
273.95	405.33
167.37	294.58
212.35	87.97
121.99	111.83
481.62	635.50
234.84	245.85
410.34	181.73
57.61	45.93
63.05	103.94
214.06	364.00
219.24	156.96
9.92	9.60
272.18	127.25
277.22	463.40
67.02	75.73
256.17	397.07
166.07	267.20
338.50	355.00
196.50	185.00
304.57	273.75
37.27	47.69
276.23	381.70
191.11	177.20
182.38	161.83
201.06	186.40
265.62	255.50
207.44	72.60
215.00	218.00
134.90	142.14
125.28	142.31
584.42	908.90
198.46	253.50
213.36	250.67
330.22	29.10
190.04	132.66
62384.29	61310.25
297.30	389.67
300.32	284.91
285.55	227.33
137.60	218.00
249.60	244.67
528.00	513.13
183.21	31.25
261.84	199.00
189.67	169.00
395.83	110.34
142.62	153.75
263.11	29.22
202.25	248.00
1873.89	3474.25
433.29	279.67
124.45	126.50
142.75	136.45
120.00	132.00
135.16	111.33
277.92	317.33
195.56	161.67
381.27	616.20
169.33	135.00
40.14	29.33
160.00	172.00
357.78	309.40
298.77	406.17
124.54	157.67
452.67	442.75
104.44	91.40
316.47	92.78
20.77	16.13
381.40	283.67
163.91	141.97
281.44	98.00
272.81	407.43
202.36	265.00
384.70	588.80
1518.34	214.38
283.45	319.75
281.08	336.43
126.46	63.26
177.61	268.00
212.17	728.67
395.33	278.67
194.68	231.67
80.10	36.95
304.73	244.33
252.79	141.72
75.66	76.32
132.50	113.71
273.62	320.25
214.05	251.55
202.43	197.67
694.95	815.27
332.52	355.87
176.92	168.83
240.61	175.20
280.99	152.26
278.04	366.60
101.59	183.65
359.67	454.67
1526.17	529.33
225.12	172.50
196.12	242.00
358.62	334.18
267.67	418.00
76.58	62.57
377.46	479.75
1552.88	159.67
305.99	329.30
358.46	71.19
757.83	738.67
98.53	73.20
31.33	104.28
147.70	237.33
190.83	194.33
43.94	40.32
175.64	274.50
280.50	309.33
129.11	140.45
141.67	215.75
79.35	45.22
488.68	1288.67
44.16	49.16
179.53	174.00
262.75	258.67
305.25	300.00
172.44	127.84
318.43	296.17
205.28	204.98
403.62	392.80
139.14	100.45
117.09	101.77
102.39	101.75
146.10	86.47
195.65	94.92
261.91	235.15
189.00	252.33
536.55	374.25
1372.61	177.75
71.86	4.77
64.88	47.20
237.97	150.47
1054.87	2047.16
465.29	573.33
107.68	169.98
1843.00	3173.33
779.26	2423.25
125.99	136.78
56.02	81.27
140.99	85.40
93.57	115.00
68.87	31.93
711.75	763.71
231.05	252.69
352.31	252.50
240.22	270.20
82.83	147.33
185.36	183.00
251.46	272.25
405.00	375.33
203.47	246.77
87.51	43.93
155.34	125.92
810.20	1356.43
139.26	231.93
1451.58	1258.86
153.38	125.00
239.11	96.50
130.15	98.33
198.00	235.83
38.96	37.56
1252.95	230.75
120.00	172.00
56.65	52.19
254.25	278.40
61.51	44.27
167.29	170.00
192.50	200.00
129.42	138.03
41.16	35.57
365.86	358.67
177.07	234.33
61.26	57.40
118.41	131.64
465.17	542.42
420.92	322.40
277.83	88.00
988.12	1247.25
176.30	197.00
284.40	310.14
393.86	463.50
478.00	392.50
835.00	1211.00
348.22	273.63
113.29	177.67
98.91	117.80
114.10	99.50
475.84	56.87
187.72	154.06
151.63	171.50
142.68	151.56
267.43	239.16
289.83	184.33
602.23	514.00
106.78	158.00
131.59	107.18
100.76	59.93
203.93	254.67
173.46	166.00
117.33	141.80
294.71	406.00
154.87	192.75
265.64	300.70
176.48	80.67
58.34	55.99
446.45	287.20
85.15	85.94
361.00	358.00
79.13	127.31
1311.06	1789.10
129.90	84.68
386.52	276.67
232.83	249.00
136.57	151.00
129.22	118.17
1210.44	3459.67
95.40	101.83
548.55	571.75
86.59	94.20
309.83	184.67
291.88	277.04
235.83	192.67
395.76	567.40
169.36	171.91
149.25	194.67
332.62	379.62
73.49	101.93
207.27	193.00
404.10	401.50
306.50	68.33
190.08	21.83
123.54	129.11
54.74	46.86
112.50	76.33
151.11	165.50
496.50	425.75
327.44	831.67
124.27	119.80
107.27	86.17
184.83	238.20
104.43	70.00
122.63	74.60
649.53	609.00
534.89	320.67
151.00	183.75
614.85	770.44
199.67	168.67
212.38	308.67
96.71	61.00
269.11	262.25
229.25	253.80
97.62	71.59
564.99	465.67
156.97	121.35
600.30	60.77
209.82	205.14
585.46	653.00
632.29	800.50
193.06	125.14
110.31	109.86
265.30	345.00
35.25	39.74
253.78	258.33
918.37	1347.71
108.98	101.80
233.70	255.00
466.88	936.00
152.73	207.65
92.71	125.67
67.57	18.69
522.21	173.24
174.29	208.33
571.46	1835.12
91.26	4.53
158.86	111.47
315.67	286.20
119.70	164.75
650.37	515.14
263.40	344.60
277.67	157.33
98.40	78.75
223.34	254.84
306.89	311.38
109.76	100.97
182.14	122.25
155.10	161.67
241.00	303.33
105.89	141.16
202.12	325.25
47.98	59.67
56.28	97.33
276.24	201.82
197.14	232.00
186.82	253.80
205.12	179.00
632.97	247.00
413.46	636.00
97.85	173.50
214.67	224.00
73.89	78.76
894.29	1078.33
337.75	217.60
528.73	583.62
246.56	273.00
3030.24	1436.27
391.67	195.00
101.12	153.67
99.78	90.65
517.17	340.67
215.73	260.82
112.50	166.00
187.33	189.40
70.74	4.47
635.41	468.23
581.70	829.20
57.27	56.29
108.97	121.13
351.50	405.57
230.64	278.50
190.78	82.33
140.84	205.33
457.20	187.33
169.00	166.56
162.48	183.00
189.25	222.12
190.88	215.50
301.48	292.08
103.65	106.67
361.29	415.33
410.83	678.67
339.16	140.21
97.51	111.00
156.87	125.27
222.39	337.88
179.78	144.67
185.09	187.97
68.86	88.83
357.00	375.69
105.08	63.95
157.78	140.50
6239.12	11832.50
198.92	198.88
170.91	152.52
310.85	251.83
1241.94	380.00
313.38	338.33
193.52	215.15
134.45	109.60
1042.10	841.00
2121.00	5338.25
34.02	10.61
1333.90	2940.75
55.62	43.39
1115.49	228.20
197.29	227.00
231.62	227.03
235.00	251.33
271.08	258.50
397.86	507.50
291.50	165.00
368.76	306.45
216.27	199.00
205.11	161.23
319.00	292.88
100.66	73.00
377.29	337.33
39.30	52.98
39.18	29.10
171.71	143.67
330.00	295.00
229.45	251.79
221.30	165.60
211.84	205.50
124.00	97.00
1087.89	1645.75
140.92	262.50
218.09	176.40
258.95	155.80
466.43	342.33
240.00	234.50
233.65	265.69
425.54	465.17
2162.36	1173.52
265.88	294.50
256.29	393.40
144.83	156.67
48.28	58.95
207.08	222.11
157.82	108.24
103.33	106.33
44.31	6.30
361.23	608.17
202.15	227.00
489.86	363.75
55.66	6.49
244.75	260.60
76.52	77.17
145131.43	207.67
322.27	351.67
175.62	181.86
52.97	63.54
75.86	81.12
213.62	190.33
96.43	90.00
120.46	134.67
174.06	225.18
259.50	310.17
182.38	141.12
39.58	44.33
239.90	228.80
139.67	141.00
341.83	235.00
125.35	46.64
52.18	92.60
99.51	134.25
124.11	141.67
199.82	234.33
162.50	152.00
1994.23	3482.67
200.33	234.50
251.10	212.42
409.33	560.33
598.14	674.50
127.68	109.45
257.67	325.39
97.87	69.44
555.56	86.00
315.57	201.00
253.13	320.83
177.00	155.75
295.33	455.67
266.17	245.33
144.58	70.20
49.39	11.53
178.14	144.33
153.88	98.51
245.89	268.50
126.92	117.67
135.54	115.62
131.00	190.00
840.56	604.67
1133.20	1046.74
268.71	283.67
334.67	390.00
76.64	135.94
99.75	88.33
210.15	205.68
367.33	408.00
119.67	134.28
420.57	544.75
320.29	165.33
206.27	260.20
137.07	124.16
124.99	162.72
236.14	304.50
256.00	229.60
173.99	172.98
227.09	159.25
97.25	93.43
127.88	65.30
494.23	131.00
159.95	158.41
519.22	601.33
405.89	470.33
209.56	231.67
385.00	366.92
512.45	277.98
231.45	386.93
72.67	72.30
493.58	912.33
252.59	408.00
163.43	227.67
344.82	221.00
20.07	15.53
207.42	175.38
304.50	367.33
143.44	160.75
100.67	151.20
293.33	288.33
275.83	335.33
146.12	197.40
126.88	93.18
95.19	74.95
1407.95	1813.97
218.33	214.67
151.73	103.18
352.91	396.00
223.67	187.00
350.23	311.66
190.75	168.33
199.19	288.66
162.33	166.67
47.28	63.12
247.19	314.98
294.53	168.55
181.43	150.75
135.00	153.75
162.25	202.83
131.40	116.83
114.31	125.33
163.38	215.44
458.63	1297.00
224.06	180.50
84.86	49.11
6620.00	6407.00
304.60	374.50
290.11	311.60
317.41	651.11
138.48	153.00
1680.27	1619.00
64.33	50.83
146.29	101.67
344.39	310.28
109.71	105.50
411.12	447.33
63.82	38.95
204.18	165.00
234.69	344.97
97.79	240.60
264.01	617.33
81.18	53.76
125.49	112.67
278.47	168.00
139.83	184.67
53.33	31.39
1585.16	2096.67
107.83	184.40
75.40	52.70
626.68	504.67
59.20	79.00
191.06	253.16
173.07	58.17
811.15	421.80
70.98	55.30
691.54	554.00
264.26	194.88
344.74	383.33
245.90	239.57
184.57	144.93
303.43	318.00
189.52	248.37
79.73	138.30
124.60	110.47
1085.07	231.67
178.54	130.44
382.08	483.22
236.33	194.33
273.98	349.67
249.86	230.86
549.67	335.00
1389.35	1822.21
79.68	81.28
203.79	190.00
196.89	218.67
4150.11	4410.00
142.69	142.00
254.00	244.67
246.90	195.00
252.20	469.92
109.29	69.11
295.39	82.75
223.50	133.79
352.46	426.29
317.78	287.69
189.12	201.67
57.14	55.30
578.00	643.00
162.83	46.50
449.64	475.71
480.82	448.17
118.00	63.67
315.09	202.75
313.61	296.88
140.17	80.67
339.69	301.86
295.12	228.00
422.51	199.14
402.93	391.91
155.60	164.42
318.33	365.33
150.67	77.67
371.20	350.45
1933.31	92.46
4714.00	1191.33
392.30	380.67
151.42	142.20
703.44	1453.33
167.05	213.00
141.82	198.67
111.96	167.93
264.98	194.45
121.30	192.33
592.10	309.74
69.51	67.87
227.18	152.56
143.30	118.40
100.33	78.19
79.37	69.67
167.17	127.00
72.56	112.56
155.33	247.00
74.81	83.00
93.33	52.65
49.42	37.42
212.56	102.97
51.94	54.23
3160.65	5677.90
169.83	167.88
273.60	334.00
208.07	392.63
381.66	258.67
317.54	555.40
3897.81	794.40
241.08	329.00
570.78	502.33
267.11	318.96
257.26	336.00
469.56	657.75
215.03	204.05
313.17	172.73
345.50	354.80
118.93	127.53
1038.16	317.33
501.50	544.00
207.22	174.91
423.86	719.28
116.45	30.08
337.99	713.33
267.22	132.00
236.31	168.20
216.33	159.00
157.24	164.73
72.36	42.50
61.32	64.63
203.27	184.00
295.67	409.00
584.10	331.20
205.49	138.63
332.03	274.42
255.60	275.57
203.92	171.33
205.05	128.48
219.68	205.42
216.72	332.50
106.31	113.33
185.25	193.40
204.93	175.38
136.57	155.22
210.33	146.67
149.75	179.10
200.31	216.30
129.59	93.33
278.28	123.67
205.38	246.56
283.90	283.60
239.27	224.50
2113.07	2309.50
142.86	180.00
150.48	75.97
237.72	146.74
168.31	149.68
270.14	289.25
222.54	228.33
168737.83	335238.00
265.29	287.78
204.45	206.64
155.07	109.20
92.98	33.25
297.56	175.33
206.12	241.00
1412.86	110.33
305.60	310.50
123.55	143.69
235.05	302.88
263.14	220.67
131.13	98.05
125.05	103.83
124.69	181.00
608.75	474.00
392.00	418.10
157.85	222.50
160.08	221.00
1398.42	1967.17
195.00	214.57
131.92	129.20
773.41	1516.86
300.11	228.50
313.38	365.00
241.35	365.00
127.89	187.67
143.88	137.33
1092.50	2542.67
154.11	191.71
172.29	218.00
185.00	248.00
383.27	509.23
10172.54	590.83
255.54	263.00
437.04	423.50
215.12	245.00
181.20	219.40
354.78	516.75
147.17	148.67
273.86	293.69
317.91	405.75
191.14	235.00
263.41	395.49
291.36	288.75
122.52	148.54
137.41	126.66
96.84	72.90
859.50	857.62
381.60	471.67
146.22	116.25
571.71	119.75
225.82	119.60
86.27	76.90
149.16	111.00
1753.71	3602.00
709.94	145.25
276.48	373.50
152.67	150.67
242.78	240.40
140.04	137.16
337.14	314.00
1601.83	3052.00
260.48	167.80
962.29	703.67
334.64	228.20
178.66	186.00
144.45	131.33
203.44	163.25
476.50	267.33
552.67	286.45
83.72	89.45
279.88	341.95
423.12	235.60
224.11	292.33
165.79	135.80
498.35	232.33
154.38	128.67
134.78	84.57
278.36	220.17
216.38	254.67
55.61	58.45
399.18	676.20
919.18	841.00
86.95	66.25
129.62	120.58
9742.36	10440.33
158.19	172.00
252.90	243.20
109.14	109.75
238.22	343.75
292.51	402.00
119.28	58.90
2295.32	6118.33
1069.25	1362.82
631.42	600.40
107.22	124.25
72.55	76.98
351.84	246.60
225.24	364.86
313.11	392.00
387.00	521.33
96.71	95.25
110.03	158.67
186.21	200.32
312.75	181.40
413.68	1012.33
378.17	161.18
68.55	48.56
38.76	49.15
330.35	286.60
34.74	25.59
561.83	885.00
163.06	180.33
46.68	34.65
214.15	324.67
665.67	1285.60
242.40	236.42
141.84	129.00
146.78	169.78
333.12	352.75
249.60	281.67
174.07	190.00
347.37	353.87
258.38	291.00
143.78	80.07
139.97	186.50
2795.02	3963.79
307.71	157.33
122.91	111.64
240.57	367.89
203.00	198.00
335.22	230.44
127.00	170.00
349.67	279.67
305.97	163.50
22922.39	43595.98
151.79	210.19
121.19	118.00
479.62	125.06
331.56	553.23
104.15	67.63
99.90	145.78
293.64	508.25
84.21	104.00
247.20	362.00
784.17	917.09
354.78	551.60
260.57	494.33
165.68	107.27
358.50	208.00
108.09	71.42
281.99	105.15
600.29	871.33
248.47	164.83
163.71	162.50
247.00	238.20
278.12	225.83
1059.16	2742.67
121.97	200.60
246.33	170.33
433.84	243.49
112.40	86.33
318.17	405.33
208.26	279.67
200.47	158.93
2288.43	4646.00
267.23	148.80
1662.00	598.00
159.13	76.00
287.17	232.00
321.33	195.33
67.36	105.00
123.66	105.99
100.23	128.25
136.20	93.13
149.24	177.58
116.62	138.67
204.29	266.82
154.97	209.92
162.51	310.80
434.33	764.00
147.51	204.00
894.79	143.08
154.00	177.33
140.88	155.00
486.09	509.33
218.88	174.59
168.72	89.76
168.77	127.47
191.47	207.45
151.50	99.33
292.98	251.36
5563.60	339.67
117.42	187.00
134.33	82.52
247.17	199.00
208.00	235.00
506.32	965.12
63.54	60.70
80.20	10.38
24.80	16.61
41.00	22.94
536.75	432.12
172.16	173.00
143.42	186.90
488.50	580.80
84.82	80.00
109.56	93.34
21.09	21.07
126.66	145.00
142.33	120.33
284.85	340.50
205.33	166.25
86.86	99.80
4828.08	1188.20
436.32	434.64
219.43	193.00
408.85	271.00
72.81	80.78
201.30	128.69
555.44	470.43
201.38	148.25
311.00	481.67
200.71	180.45
87.40	118.97
196.24	226.73
281.62	707.67
18514.60	21536.14
176.78	125.40
3200.40	242.95
15963.86	15292.25
164.62	225.41
179.45	273.00
602.85	425.60
318.57	377.50
184.47	242.33
182.67	198.00
229.17	131.33
356.50	398.40
251.29	333.17
126.33	102.33
160.25	131.40
586.75	889.00
337.41	340.10
270.67	297.67
225.86	253.71
182.50	234.00
755.67	927.33
184.81	264.97
194.10	158.00
192.30	187.00
363.74	112.30
314.58	415.18
75.57	114.00
51.47	42.11
388.67	259.00
106.33	114.93
265.52	325.00
530.20	604.43
195.83	165.83
454.33	129.33
336.02	441.88
918.71	737.09
142.32	115.58
85.27	88.94
127.63	151.93
243.23	285.50
23.94	38.63
199.63	123.32
650.19	680.12
243.49	261.60
2954.07	2156.33
82.88	59.95
132.73	80.96
148.98	88.97
243.38	308.00
205.81	265.89
244.74	375.58
36.97	26.26
1386.99	506.73
156.69	151.27
320.73	285.33
202.49	244.21
972.00	1575.33
206.67	208.25
332.67	314.67
348.83	429.00
3703.18	33.85
129.83	70.67
207.50	232.86
182.83	169.33
9961.40	11647.33
166.31	173.25
221.00	247.83
302.70	578.67
149.44	148.33
83.00	97.25
79.11	119.56
297.60	120.00
331.50	348.33
159.17	156.17
1777.39	285.00
112.66	104.50
103.37	112.59
708.62	292.60
269.54	422.17
291.10	237.33
271.33	308.33
459.02	261.12
148.34	144.14
131.54	149.33
149.50	160.33
232.66	285.52
130.06	57.24
191.67	231.17
321.40	315.29
113.79	117.11
824.09	432.00
254.57	182.00
47.26	63.93
193.00	155.00
192.56	156.52
231.33	246.78
244.69	236.05
173.80	212.60
241.33	305.50
89.84	79.77
337.33	358.50
164.33	144.00
791.17	191.00
7559.25	1760.00
223.49	395.67
123.20	83.00
140.92	84.50
380.33	357.86
533.38	149.75
1336.75	760.67
96.51	127.50
173.83	156.07
555.09	424.75
226.50	172.27
257.82	224.36
46.00	35.56
266.22	368.67
108.17	143.67
127.03	164.33
237.13	436.00
141.85	187.00
54.09	28.27
392.10	578.50
392.98	393.95
545.19	679.97
387.43	466.67
351.45	437.60
71.49	99.84
1216.00	318.67
460.23	4.68
41.14	50.60
191.75	284.00
342.08	328.00
312.67	332.00
141.37	76.66
283.69	345.60
416.51	562.60
188.52	113.57
407.71	327.50
485.50	588.73
123.88	66.10
539.92	417.29
123.84	18.30
78.88	84.13
119.69	154.67
824.56	148.69
209.00	232.50
264.16	385.75
434.48	506.22
73.25	108.84
182.80	156.33
204.06	181.29
290.88	301.20
344.72	422.40
2819.50	1351.00
389.99	128.98
67.77	59.69
727.92	780.55
153.88	179.50
1508.46	237.46
195.67	150.67
343.00	495.20
1669.49	1687.10
435.71	386.33
364.65	408.72
217.94	274.75
259.71	198.00
122.27	88.67
89.95	138.96
240.54	123.74
176.00	158.75
41324.43	16932.18
238.31	122.93
237.94	215.44
1694.37	399.58
752.86	1162.67
169.28	125.36
36.49	63.53
172.88	107.93
137.08	125.13
708.28	425.25
250.71	242.75
151.57	107.00
1365.41	2021.33
344.50	308.33
207.76	191.00
157.12	91.33
802.91	382.75
155.10	178.20
273.62	491.63
139.00	115.67
153.23	125.99
93.84	92.75
156.61	192.70
123.97	64.00
284.62	257.20
802.72	258.00
173.23	154.83
222.60	192.17
29.06	22.62
157.54	190.00
173.68	170.61
87.79	115.75
397.57	397.75
23.30	21.96
398.33	392.14
281.33	351.00
240.17	206.24
266.43	320.92
944.00	611.33
42.32	16.10
208.85	237.29
94.02	25.26
235.77	89.17
240.69	96.93
405.00	303.67
90.33	38.92
228.50	171.75
155.60	136.33
231.00	146.75
156.00	111.67
276.36	219.67
519.95	779.69
321.79	328.25
80.56	68.45
76.30	87.93
921.31	496.20
264.50	282.67
19.65	14.60
333.85	235.00
618.13	661.60
239.22	197.08
174.03	114.58
1504.67	2776.33
143.07	130.97
78.91	62.75
421.00	285.00
687.33	1506.50
204.28	338.25
250.99	347.67
271.97	326.93
176.56	155.00
395.67	409.33
1267.68	3088.75
1386.66	4415.18
61.28	12.87
232.33	281.00
204.06	227.95
373.12	367.00
97.25	98.68
130.44	215.67
233.78	145.21
241.38	147.00
1482.29	129.50
113.12	86.07
212.00	197.00
1358.14	859.00
264.70	164.67
140.44	140.33
135.46	141.66
286.91	188.67
829.78	1706.00
334.46	503.86
293.86	361.33
1549.97	34.93
253.26	295.60
283.67	341.67
210.23	218.78
110.00	116.25
56.62	51.98
424.00	901.80
161.33	300.40
1055.41	1459.19
219.05	143.88
95.52	87.33
116.17	164.10
882.14	698.25
142.99	115.33
343.81	358.00
1116.40	1521.60
185.12	226.25
409.36	619.71
1760.43	1393.75
5920.80	9980.82
225.82	162.50
229.67	248.33
4727.12	6417.60
428.78	622.50
295.81	42.83
85.03	24.12
34.79	39.59
558.00	492.67
268.17	151.43
141.69	109.81
47.65	16.85
150.17	129.50
131.87	149.13
249.00	287.25
233.57	200.00
182.40	170.80
37.83	68.32
322.85	268.14
89.98	87.95
298.31	290.23
378.28	214.00
160.60	181.67
1524.44	1263.78
432.12	241.33
199.93	280.25
204.25	266.25
366.22	295.67
136.20	125.00
210.00	222.33
267.35	372.00
204.42	145.67
65.83	71.67
191.98	150.25
285.41	455.50
92.79	93.12
295.78	315.09
125.70	81.97
269.74	439.30
22423.18	171.10
891.00	469.00
4.93	3.89
169.14	118.75
210.27	218.14
202.50	220.60
377.91	858.23
247.79	684.50
67.69	60.83
321.14	338.33
195.36	81.47
174.20	208.00
132.91	208.00
252.78	274.20
102.63	158.67
165.18	192.00
676.75	496.60
1686.88	1390.57
197.74	225.90
32.81	9.13
175.78	75.31
103.62	133.67
213.43	231.00
65.11	51.75
83.86	103.75
145.43	83.18
576.09	198.00
220.89	162.73
232.23	246.50
142.86	78.27
186.56	188.00
95.12	106.30
165.35	177.28
160.76	224.33
332.54	241.25
249.70	263.57
87.99	56.47
122.83	56.72
307.57	262.00
12.98	2.37
125.71	158.57
245.86	130.43
442.73	833.87
141.09	137.30
55.20	101.00
101.59	102.10
142.83	328.67
348.65	1175.33
161.00	79.67
110.56	73.51
329.27	245.67
152.44	103.63
304.58	290.83
212.22	156.20
396.92	138.33
377.38	125.75
75.80	105.17
82.13	66.60
127.98	89.63
145.43	181.09
263.32	164.98
286.83	104.27
488.10	111.75
46.77	62.93
63.56	49.65
955.00	1573.00
181.65	62.70
193.60	202.54
579.97	821.45
153.27	170.00
220.67	174.34
73.11	43.66
1470.58	2464.43
83.96	77.69
81.97	88.67
176.64	49.60
158.07	173.03
176.03	178.80
253.00	214.50
161.25	185.33
126.99	115.60
120.33	106.00
470.14	659.00
372.17	321.80
130.88	132.40
83.45	110.88
185.67	138.33
228.48	205.30
868.97	995.27
398.61	379.54
224.39	211.50
194.06	207.08
269.68	442.81
367.50	353.00
510.45	512.11
350.57	343.00
138.67	139.16
747.08	339.00
1143.10	439.00
490.67	400.00
726.91	338.16
125.32	133.97
508.36	453.25
555.37	245.25
208.59	170.57
634.25	705.00
72.04	88.45
43.94	56.93
727.70	564.14
170.60	155.50
170.29	128.67
132.33	124.00
578.92	572.75
258.15	274.56
31.62	23.57
772.83	185.45
159.34	160.25
132.12	169.33
50.79	44.77
210.16	16.77
913.00	1189.33
104.85	121.66
51.96	58.66
146.30	164.33
249.67	195.50
177.39	270.33
131.27	114.30
116.95	70.95
234.60	186.36
210.29	247.00
93.47	101.25
333.86	349.00
233.60	395.67
160.26	157.22
215.17	292.00
1170.79	160.33
96.03	82.10
211.70	185.67
268.54	578.24
104.50	89.67
291.33	394.33
216.91	246.17
264.45	183.43
196.00	224.80
468.50	473.33
367.75	158.67
102.94	102.52
1033.98	858.50
252.62	233.30
100.97	96.22
545.58	732.33
73.76	110.08
366.88	404.60
158.63	83.63
313.58	253.75
164.75	152.08
83.60	69.95
168.99	261.67
68.23	101.00
149.60	155.96
112.83	42.93
122.94	135.33
337.50	210.80
229.70	263.33
163.61	190.63
788.50	677.50
176.60	210.00
305.67	349.33
279.50	203.26
215.43	238.25
655.07	624.83
156.41	131.72
65.07	76.83
3307.22	6102.00
135.48	71.60
56.80	104.78
63.61	29.00
255.83	211.20
229.90	221.67
100.50	70.83
375.38	506.40
144.05	193.63
168.66	197.33
843.01	1008.00
151.35	174.17
205.69	187.60
520.75	561.60
112.75	155.22
811.03	182.90
250.37	272.69
178.11	143.00
272.71	263.58
77.49	73.20
266.90	389.50
143.00	120.33
601.11	438.33
256.55	303.80
282.46	317.76
151.00	136.60
236.77	402.30
576.81	141.67
120.11	113.59
574.67	505.25
101.60	122.00
444.18	310.17
231.58	147.20
130.10	77.73
187.57	163.25
7126.25	1669.00
177.94	186.25
163.70	156.40
1927.00	1481.25
99.87	82.75
1542.86	2612.33
323.11	323.65
131.14	107.33
205.59	258.47
434.88	544.25
59.57	5.33
102.24	40.00
217.35	178.63
431.75	375.00
4696.80	10066.33
28.42	33.90
223.85	166.00
294.00	309.20
174.54	182.69
152.72	151.67
417.38	449.00
247.56	254.33
206.71	247.75
80.66	105.25
180.04	128.67
69.77	83.63
90.09	81.57
210.50	105.33
107.70	70.20
110.25	71.00
89.69	110.18
175.33	88.67
236.35	242.01
115.44	120.66
90.59	88.57
35.67	25.91
120.70	105.30
393.91	536.56
238.67	295.17
425.60	312.50
126.33	200.75
148.94	103.67
72.36	60.06
219.75	222.00
43.80	32.92
377.50	170.33
141.30	146.69
83.83	69.75
85.93	93.25
274.14	308.50
187.29	266.20
188.12	140.33
210.07	235.63
132.78	180.50
131.61	96.33
197.29	191.71
602.12	540.00
143.42	149.83
316.74	194.38
199.89	226.30
47.71	38.33
62.73	46.17
219.14	117.67
328.56	281.40
133.92	152.33
132.53	107.79
295.65	416.27
156.60	176.50
64.91	30.87
226.33	264.00
206.90	256.33
216.38	217.20
220.57	308.67
279.77	125.30
176.27	125.15
128.43	170.00
102.98	98.06
193.76	310.29
99.98	138.00
255.73	243.76
261.29	109.60
111.50	153.33
347.74	122.83
265.06	204.45
520.01	41.74
345.50	370.50
254.40	306.33
77.42	189.00
70.37	68.38
173.64	239.50
243.00	154.00
1517.13	2908.00
197.74	57.17
356.69	168.00
991.83	983.00
116.97	115.66
1334.12	348.67
128.74	72.73
269.86	99.00
275.53	314.14
356.89	449.17
130.24	50.78
303.51	295.44
251.67	167.30
251.11	244.53
45.93	39.33
210.07	258.29
124.15	54.63
315.90	382.60
776.67	1980.50
197.51	55.53
1293.64	1386.00
319.22	438.00
89.27	74.47
262.12	256.25
175.25	200.86
334.83	395.33
90.47	78.75
117.30	113.60
197.56	107.90
112.39	76.92
78.89	72.70
1866.08	4363.86
159.97	88.78
329.62	460.49
54.12	71.25
198.96	177.57
174.83	121.33
102.73	90.97
963.49	626.81
1280.97	381.43
320.89	273.00
111.61	113.23
826.00	868.50
1354.14	1172.67
169.85	107.33
159.04	183.63
226.79	340.20
150.97	187.50
5842.29	5649.00
117.88	159.72
520.92	420.17
223.51	198.85
218.85	216.64
132.18	73.63
87.57	115.33
110.27	180.87
397.86	386.75
65.75	71.96
228.00	260.67
244.45	335.80
83.99	86.51
166.26	93.00
305.23	362.86
5630.17	4955.00
588.88	1748.25
171.64	171.33
283.99	373.00
186.17	134.00
340.68	424.60
278.56	437.30
230.17	317.59
116.20	143.75
1112.15	1795.17
21019.55	67.33
351.32	354.63
59.43	52.76
250.80	37.47
399.11	528.00
242.00	371.67
180.70	179.26
192.46	273.40
312.65	215.03
396.29	299.33
291.57	255.00
146.43	170.00
643.67	1017.00
266.27	345.30
225.70	174.00
319.14	132.00
120.47	166.59
176.27	178.00
172.35	179.67
234.28	244.00
143.26	126.45
282.45	141.40
230.81	255.25
172.50	138.67
110.99	144.00
198.82	158.93
222.86	205.25
472.57	714.67
235.86	363.67
1135.97	1061.20
192.00	206.33
95.20	92.67
547.86	479.45
132.14	125.00
107.08	110.17
66.42	150.00
139.13	115.67
959.71	159.50
179.19	284.67
131.13	157.33
302.12	195.67
75.47	102.00
455.44	348.67
262.25	387.00
237.80	223.00
241.43	196.25
51.49	42.60
137.33	127.25
174.32	240.67
224.22	249.40
236.83	358.00
199.22	142.00
283.71	172.00
258.96	159.97
393.00	267.80
67.27	36.08
161.14	113.50
249.00	208.83
167.88	272.40
48.90	74.82
286.44	268.00
346.38	371.75
175.97	255.27
673.00	205.50
98.11	80.54
333.12	150.50
369.38	234.00
215.95	276.00
347.14	403.00
95.43	111.70
17039.98	7912.06
361.99	883.50
81.31	122.60
255.36	352.50
282.89	395.00
199.13	254.67
185.06	39.50
253.43	239.00
264.05	247.80
116.67	298.83
180.71	131.33
263.04	128.08
158.78	184.00
117.62	123.72
77.40	89.00
101.66	131.93
56.36	4.88
159.29	170.18
205.00	218.33
254.22	390.25
176.56	278.62
131.08	93.25
282.80	299.50
160.45	171.33
72.88	134.00
420.71	441.00
303.67	325.00
177.77	193.00
88.03	101.89
290.69	104.00
93.00	131.67
986.67	851.94
120.02	130.03
1571.85	1819.01
563.07	827.00
272.69	33.70
262.76	316.16
232.44	221.60
234.17	213.33
2643.92	5091.18
526.86	729.75
199.67	112.00
94.83	149.17
589.68	607.60
381.53	566.00
1098.21	2885.44
267.55	253.17
385.27	418.25
422.00	509.33
609.33	198.00
715.43	625.25
96.75	73.00
249.50	174.00
213.71	280.75
337.00	300.33
156.14	131.67
202.35	193.90
236.12	288.50
759.88	581.33
23.35	6.27
101.99	108.67
211.52	248.12
365.56	79.50
177.27	212.00
135.92	130.50
43.18	47.51
1162.14	1917.25
131.95	160.07
2220.15	2115.63
111.83	41.67
113.33	65.90
234.40	174.93
225.07	300.32
68.82	105.97
308.77	344.67
238.50	168.00
433.38	408.50
284.57	261.92
295.07	392.00
118.08	161.49
223.06	241.40
243.71	188.00
233.27	201.80
376.81	340.32
21194.38	15465.83
548.67	695.00
500.51	665.96
143.42	68.93
568.21	576.87
247.67	191.29
532.00	487.67
133.18	145.50
425.75	529.75
135.14	152.97
190.99	161.20
325.56	475.83
274.50	638.67
160.31	104.12
277.86	73.67
364.12	204.00
588.38	544.67
24725.16	48171.25
306.71	131.00
858.00	576.80
288.67	267.88
130.71	103.33
1813.06	35.33
1002.51	468.02
170.59	190.25
210.68	200.80
124.61	121.00
18.40	20.96
295.27	287.40
649.85	804.27
36.30	37.68
101.86	126.33
51.76	46.00
251.15	202.00
134.66	167.99
466.14	572.80
354.29	266.14
216.89	334.42
278.64	304.33
206.71	214.76
2102.25	686.40
239.38	240.00
496.45	513.00
722.33	948.00
134.54	168.08
546.93	581.60
75.89	125.50
471.73	11.42
21.26	18.88
94.40	137.92
206.77	256.50
229.10	153.00
106.24	225.10
183.92	191.60
305.36	369.67
39.35	38.40
161.50	113.50
381.17	372.33
62.73	93.90
608.78	819.00
112.25	72.30
188.77	324.00
193.50	149.33
131.33	100.33
450.74	98.63
251.14	341.67
194.42	234.80
373.21	383.42
115.69	99.33
239.19	409.33
317.35	323.25
53.85	70.80
140.74	153.14
364.00	86.95
189.93	48.12
156.53	156.56
436.17	322.00
525.85	169.33
180.80	111.67
595.18	626.40
163.65	182.29
49.18	98.00
202.15	106.89
148.23	152.06
3638.00	4813.60
172.72	171.41
152.20	149.00
375.10	385.98
120.91	53.60
352.89	875.00
68.83	72.22
574.07	237.33
292.58	302.88
279.12	369.67
85.63	111.60
148.29	204.42
185.87	215.33
415.64	314.00
72.99	53.99
165.16	69.06
295.74	77.85
310.00	361.00
90.56	68.00
314.38	316.60
238.33	242.33
423.70	165.25
317.92	252.25
129.40	72.45
80.46	77.96
125.50	257.00
207.33	260.00
199.13	267.50
504.25	662.22
223.57	263.88
165.30	186.67
95.96	85.97
65.64	55.33
214.50	115.83
220.68	228.00
244.32	256.75
5526.75	6429.00
61.38	69.00
295.17	275.00
90.43	95.20
406.83	286.67
810.09	1293.36
80.88	95.76
983.98	414.43
52.87	50.13
112.06	125.95
263.38	235.80
192.66	327.33
117.22	123.33
27.35	22.58
199.50	170.67
113.85	90.27
176.38	83.17
249.86	98.67
81.74	40.13
274.64	355.00
476.27	597.18
286.64	238.00
57.00	51.12
3312.12	809.80
136.56	148.33
153.62	178.25
142.62	156.00
309.24	352.86
234.29	403.00
598.38	327.33
91.07	91.19
104.50	88.25
52.46	78.49
256.14	197.25
155.94	126.00
138.30	144.67
53.73	12.40
301.83	487.66
434.88	466.80
146.99	219.33
519.36	441.67
158.89	154.17
6959.11	3402.67
137.19	166.85
1067.64	1706.17
58.62	58.60
235.00	223.67
363.41	418.08
160.55	13.88
127.50	136.33
144.75	69.25
102.83	79.02
271.37	406.67
54.52	61.76
161.42	40.87
118.60	176.45
112.63	152.20
422.75	694.67
27.06	30.56
92.13	77.67
240.21	392.30
136.83	162.00
170.00	174.14
96.27	78.77
318.13	375.43
84.35	60.38
33.75	56.97
162.20	148.53
104.67	72.29
218.93	215.60
124.34	148.18
160.58	150.50
187.52	149.72
340.12	358.40
61.11	53.13
344.61	634.33
5.60	7.00
319.78	308.67
83.74	153.80
126.54	142.67
650.00	991.00
142.54	177.00
497.67	229.00
294.28	69.08
406.56	427.00
8651.17	10849.33
213.83	528.50
255.82	213.83
201.84	194.36
167.83	237.33
90.13	65.66
151.62	96.60
8132.00	7690.33
69.67	49.00
364.80	362.00
2699.53	1735.86
159.66	98.20
141.88	47.29
1720.55	1197.58
134.57	113.00
223.36	217.33
259.33	274.33
342.12	240.40
266.69	149.60
251.86	203.76
162.40	138.67
293.72	297.50
258.25	252.33
314.00	248.25
96.30	56.29
230.82	133.00
91.60	74.38
91.24	93.93
241.95	548.00
109.19	80.83
240.66	223.36
79.88	115.65
157.00	145.25
203.74	225.30
113.42	82.75
342.46	309.83
283.50	250.25
112.83	103.67
157.83	144.73
242.39	228.25
116.76	102.98
294.45	382.29
102.64	73.60
136.67	198.67
215.17	221.62
165.27	146.25
144.50	122.00
299.67	366.00
92.10	112.70
119.29	172.00
790.71	1086.33
335.00	334.00
167.25	185.33
103.32	78.63
77.76	81.47
992.25	236.00
616.43	392.77
98.98	209.37
217.30	163.33
139.75	132.00
66.72	55.93
70.71	52.72
177.26	124.69
321.15	200.25
464.09	645.21
367.15	388.23
332.99	414.67
117.61	77.50
158.96	185.00
535.43	853.75
359.00	444.00
314.57	246.50
298.44	202.50
464.29	609.00
153.88	144.25
18.01	8.93
131.90	193.78
478.33	409.00
134.42	124.70
53.38	51.78
139.10	244.93
138.86	145.67
475.29	265.67
335.54	150.76
81.87	83.93
106.06	43.50
106.32	47.00
314.86	29.26
296.92	377.67
236.95	361.67
168.33	190.40
5256.81	5521.00
283.68	316.38
1452.76	2214.44
381.09	484.27
229.16	213.97
129.46	235.00
753.89	79.91
200.51	223.27
75.92	36.49
90.83	78.67
334.50	335.00
272.33	338.00
258.17	173.65
162.69	174.22
537.50	522.00
154.15	212.33
329.05	318.00
804.20	65.47
232.29	277.14
481.86	518.67
202.98	174.52
256.67	211.67
161.52	103.10
1462.70	1603.50
314.17	321.81
240.89	135.75
66.23	52.97
53.66	15.94
135.49	151.30
171.33	268.67
271.98	142.97
148.98	112.30
47.03	69.78
419.50	465.50
2283.43	3220.78
677.27	1267.97
102.45	165.85
303.75	312.00
144.40	211.10
308.58	248.20
143.29	120.25
381.67	347.67
355.03	183.67
161.17	93.19
108.80	75.00
124.12	129.00
356.24	395.45
43.09	49.43
537.41	1064.58
117.92	154.67
168.41	94.00
402.25	291.00
75.07	66.93
363.83	240.40
53.25	61.58
287.31	300.00
118.83	88.67
359.50	265.00
1060.00	1248.00
133.43	192.67
242.54	293.00
146.35	126.20
162.00	291.33
819.32	1228.11
105.57	85.99
135.80	145.71
858.09	146.33
122.96	28.01
100.64	134.35
100.42	171.67
909.33	1133.67
155.00	131.25
33.90	22.23
101.00	122.00
207.10	408.00
99.98	88.30
196.02	181.10
201.83	223.00
153.67	111.33
145.50	165.60
407.00	192.00
1672.00	3287.00
120.11	132.22
167.38	207.82
471.60	228.78
171.57	196.75
1532.71	2611.25
77.51	97.36
123.38	141.60
214.62	194.20
187.35	167.00
223.86	234.25
131.21	160.23
448.64	355.33
187.63	172.80
81.22	76.33
279.29	150.75
204.43	209.71
266.74	345.81
255.84	246.67
759.40	3277.67
856.73	744.75
282.00	309.14
72.49	63.00
232.56	240.20
150.13	225.00
524.50	294.33
114.27	70.20
390.41	321.66
152.15	167.33
63.91	67.90
191.75	212.33
185.97	189.25
130.71	75.50
103.42	64.75
153.00	185.33
101.33	65.17
167.23	266.00
414.10	376.19
123.14	142.75
383.67	218.00
678.78	743.33
231.50	218.67
88.14	131.67
256.88	248.00
48.81	33.82
148.00	202.33
171.33	218.33
214.56	94.00
47.99	22.03
445.67	630.67
859.89	735.00
47.46	8.14
101.09	137.67
283.29	141.50
185.88	236.10
251.14	154.67
280.33	72.33
583.00	723.33
233.98	158.70
176.30	206.43
275.75	142.20
219.45	155.00
4106.80	3606.63
251.63	290.33
152.45	153.04
240.55	150.75
79.00	95.67
295.05	377.00
164.50	66.33
310.94	132.72
149.20	220.15
184.80	164.86
75.76	85.27
167.97	161.07
231.00	233.00
205.57	218.09
93.89	92.00
503.36	1083.00
94.98	79.47
893.46	189.70
324.50	321.71
135.76	103.25
175.86	91.00
26.52	11.08
205.33	181.67
4260.97	3968.29
212.62	150.33
112.73	122.08
566.50	401.80
176.65	155.86
158.26	148.33
43.50	31.16
134.60	200.67
42.91	55.18
251.12	194.33
233.50	334.62
258.33	282.00
412.65	696.20
119.42	184.72
103.46	94.14
557.92	655.00
54.17	61.21
159.30	123.27
244.69	272.00
123.19	89.33
407.55	351.67
1437.67	1182.33
754.75	197.24
1497.00	123.25
223.58	224.00
124.43	139.38
345.38	453.71
146.88	139.60
84.72	66.00
76.35	57.56
205.50	221.67
79.69	64.67
239.11	324.33
188.22	274.53
33.47	8.67
244.71	206.25
1392.57	1977.50
5258.35	5304.75
124.02	87.33
103.17	127.63
144.36	233.00
281.07	262.98
106.35	219.00
423.33	452.00
57.55	88.33
215.14	170.25
239.78	196.17
257.88	507.67
305.29	268.00
191.85	159.42
2634.59	2300.50
192.33	201.00
143.36	141.00
279.42	136.16
101.30	150.67
221.52	12.62
246.67	238.33
147.15	94.42
249.80	64.60
283.89	115.67
239.27	133.98
283.43	269.75
224.15	136.83
80.75	87.79
89.04	57.00
94.65	158.87
125.86	43.99
289.12	295.80
126.91	148.83
101.50	41.87
115.54	184.00
173.71	182.50
190.23	179.05
177.44	184.67
160.58	201.06
427.40	488.67
449.00	359.60
500.00	456.00
94.38	73.34
738.45	190.53
586.43	646.67
370.14	308.00
2747.39	320.00
88.69	70.55
65.46	61.64
3767.92	965.08
78.00	57.24
483.69	146.25
99.24	103.98
205.28	256.44
53.41	29.78
67.53	52.93
238.61	238.16
146.83	140.00
62.13	25.33
196.88	255.50
731.75	945.29
196.57	446.87
334.71	384.33
3448.66	3680.19
315.40	273.75
123.80	147.00
11.52	14.01
177.93	256.75
1341.31	2661.40
7.78	8.47
313.31	350.00
209.29	240.33
141.48	184.33
181.14	111.00
180.89	120.25
128.19	110.33
55.87	45.23
221.85	152.74
208.45	220.25
352.52	162.25
964.50	3092.33
142.88	158.72
496.10	618.67
607.75	745.60
49.85	77.60
504.45	20.88
308.00	306.00
283.15	346.40
661.30	793.67
180.86	253.75
1685.65	39.62
697.40	631.43
539.83	668.67
110.65	90.30
1579.49	114.00
189.58	152.74
94.57	84.00
84.65	69.67
66.54	55.00
89.89	92.00
186.29	198.67
260.08	242.82
936.14	719.33
67.26	136.75
32.84	39.63
157.00	99.99
1136.97	193.93
250.67	282.75
502.43	534.67
198.09	186.67
98.40	116.36
83.98	103.40
2276.92	2249.50
6766.12	4567.75
109.97	88.70
188.33	105.00
234.40	272.68
545.70	377.17
350.76	377.72
398.46	514.40
132.38	152.75
2776.11	3399.60
77.85	59.91
158.19	154.00
4176.38	2849.80
210.05	231.50
137.46	162.67
69.31	64.75
242.69	315.70
241.17	151.19
359.60	439.17
303.71	257.75
50.59	88.47
54.93	18.90
153.77	168.55
305.75	193.67
160.00	161.67
232.53	289.20
140.58	163.07
796.81	958.96
96.83	62.67
63.32	59.35
151.32	273.09
31.39	61.57
229.86	287.33
219.70	165.97
187.01	132.34
206.00	115.00
91.75	116.35
198.73	214.75
517.71	469.33
919.40	2590.00
329.29	318.15
115.41	150.40
190.44	227.40
70.63	72.67
5580.29	829.43
100.59	104.33
263.29	375.33
192.20	155.52
344.04	340.33
522.77	463.12
75.97	91.97
155.54	212.75
111.22	123.17
269.16	309.88
218.57	191.67
412.12	514.60
234.60	280.00
342.44	320.00
273.14	391.67
163.62	182.25
183.50	241.67
167.47	187.67
435.00	507.22
224.78	331.67
92.98	41.30
540.31	222.67
272.56	227.67
42.55	57.63
78.17	73.14
58.37	31.63
208.92	230.67
312.79	765.33
2151.12	2931.00
110.64	123.88
286.29	255.25
223.00	215.00
675.60	1265.93
208.08	255.00
110.97	118.11
242.88	217.25
59.61	43.31
339.88	334.75
316.70	290.38
529.62	615.30
422.31	521.25
1314.56	1049.40
264.32	321.11
90.90	126.25
1235.40	666.14
145.37	175.67
202.00	96.25
392.30	300.50
441.99	791.33
221.50	155.00
102.33	150.67
335.10	361.71
372.46	118.45
179.50	443.97
300.99	226.38
173.88	150.00
175.53	120.72
364.67	134.67
547.50	534.50
200.88	173.49
158.29	214.42
41.22	46.00
122.00	126.00
132.00	153.33
94.88	93.53
494.38	506.75
326.86	308.00
75.22	72.24
86.17	64.43
126.86	101.67
185.29	143.00
54.04	63.96
113.12	107.74
63.22	72.97
341.00	384.67
247.00	271.33
101.58	65.30
688.22	830.25
81.45	60.65
226.00	350.33
100.22	142.00
99.79	134.27
252.83	227.00
314.20	472.67
37.63	25.70
91.43	107.00
244.56	175.50
60.10	53.95
125.87	84.96
146.58	140.37
278.45	127.33
194.10	365.95
171.10	222.50
801.43	718.25
272.71	308.33
509.55	441.40
22.08	38.07
233.04	162.32
576.29	527.89
235.20	326.40
275.75	362.50
77.46	35.60
227.31	95.27
78.07	79.44
359.25	374.67
231.29	211.67
389.99	256.30
142.88	85.67
178.64	256.85
186.50	175.25
396.90	405.29
183.05	229.51
3515.50	2374.60
352.44	380.67
878.67	1194.67
170.29	112.33
275.30	194.33
120.08	128.00
1108.31	1636.36
178.84	183.00
62.73	60.62
67.81	64.93
102.21	104.17
635.00	740.80
293.72	238.18
49.38	53.33
197.12	190.75
140.75	131.80
155.93	152.30
38.58	43.59
42.83	65.73
225.25	145.50
391.83	271.67
208.33	264.67
384.29	727.00
136.83	98.99
237.27	179.50
273.25	298.75
230.54	307.33
336.90	322.00
199.90	192.00
129.13	142.27
132.61	102.88
158.57	236.00
68.85	57.86
484.00	185.75
260.14	163.33
188.26	173.67
84.07	49.23
418.38	212.00
113.57	110.29
65.81	40.63
215.97	268.82
257.77	543.53
230.43	348.00
79.84	56.67
251.05	215.50
243.32	224.30
56.09	68.76
175.97	172.00
551.00	626.23
121.88	101.20
108.33	91.33
97.60	90.00
237.00	256.67
21.75	33.27
172.17	286.33
364.80	516.00
133.88	150.25
302.36	321.00
428.43	424.00
304.43	248.67
164.28	188.33
96.25	98.16
154.16	161.33
121.28	91.27
112.66	92.42
668.41	455.33
543.90	579.57
221.33	224.67
553.81	471.00
148.41	131.00
47.64	35.40
527.63	854.48
122.70	106.99
84.73	122.00
885.53	960.83
210.50	190.67
332.44	178.67
314.38	297.20
270.21	310.00
53.14	17.14
251.82	232.78
157.57	172.32
1579.87	2156.70
131.75	144.43
200.57	200.50
248.66	217.40
1514.62	3291.33
412.29	145.50
33.96	41.28
74.64	44.70
680.76	440.45
418.27	424.80
194.29	205.25
105.97	143.33
225.78	231.67
32.31	33.53
333.77	352.71
263.95	231.00
170.46	150.25
67.56	101.59
311.75	385.67
2590.06	345.00
74.33	68.00
323.64	290.33
141.77	148.05
140.61	100.33
196.00	183.67
28.97	14.69
195.79	189.52
86.30	66.67
182.00	182.00
47.57	64.93
42.78	45.53
317.62	284.67
263.33	274.67
390.63	390.35
136.38	129.60
343.56	373.98
1005.62	1616.00
392.62	755.33
47.70	38.06
65.25	64.57
128.80	178.40
255.15	408.00
491.50	630.33
144.14	145.33
54.85	67.37
195.48	215.36
747.09	837.20
908.62	1048.50
5410.09	3264.67
1392.08	1290.88
137.74	130.18
10.17	9.23
68.78	80.25
202.53	210.87
390.04	269.00
120.70	122.67
233.25	198.40
418.34	500.67
177.17	168.67
237.83	227.40
192.18	228.71
89.03	111.83
239.64	223.60
194.33	169.13
141.64	144.00
114.00	162.75
95.63	80.25
52.70	8.10
101.97	126.60
95.24	88.45
69.57	107.53
516.94	421.62
747.83	323.67
113.45	115.14
62.16	114.67
133.00	159.11
129.01	86.98
62.78	59.87
154.05	154.90
546.83	398.00
66.82	77.67
157.29	207.00
67.67	78.98
140.35	245.00
605.05	354.35
126.37	135.18
50.78	73.22
530.25	498.00
352.75	267.50
1510.14	2200.82
93.71	95.00
949.09	725.33
211.95	77.43
75.70	114.63
42.54	31.70
85.63	35.12
82.17	73.10
267.17	383.67
826.55	1385.33
279.42	225.89
193.11	225.20
50.94	31.63
195.00	181.00
255.37	170.75
439.00	758.50
40.20	59.99
167.79	175.80
20.06	30.52
258.00	190.17
1813.00	424.00
54.11	61.45
174.25	236.70
246.14	255.00
135.71	146.50
203.06	189.22
167.14	298.33
198.29	284.67
115.48	67.33
1443.24	283.68
163.29	121.00
211.77	330.67
127.98	151.27
429.29	337.33
173.50	248.33
185.44	153.75
351.21	476.00
81.89	32.38
397.13	85.97
428.29	171.00
185.67	217.00
270.75	150.50
71.82	131.33
95.57	53.87
524.43	773.75
67.77	69.10
208.73	115.30
118.91	111.85
57.74	52.10
109.33	75.00
216.83	261.56
206.83	292.00
210.97	189.93
310.00	311.33
461.30	452.50
202.57	118.33
136.34	148.67
500.33	489.00
112.17	71.00
134.52	160.91
422.90	413.14
76.03	44.27
385.06	116.25
5.03	4.74
182.09	158.50
267.71	228.17
78.09	106.92
75.23	82.74
1497.75	301.60
115.82	110.82
122.71	123.03
1852.89	398.33
293.50	306.40
583.83	368.67
162.83	190.33
153.17	202.00
216.57	247.75
197.80	254.67
86.93	31.93
128.87	110.02
244.64	268.50
3749.61	11036.60
80.27	99.30
308.00	190.00
118.34	49.34
211.99	219.32
186.33	109.67
313.13	382.27
160.56	145.47
112.18	108.32
161.83	115.24
351.95	528.67
181.50	198.33
206.86	220.50
631.67	695.00
298.67	342.25
215.10	268.00
40.43	49.82
294.28	298.65
47.38	24.68
128.90	268.72
245.80	394.67
228.43	251.82
219.22	91.16
336.69	302.72
155.25	142.00
163.50	128.67
66.24	88.97
281.65	288.33
297.68	263.29
96.45	22.27
297.74	361.83
180.89	161.54
1550.50	2253.83
297.00	326.33
309.50	418.00
83.24	62.67
298.50	352.33
86.97	94.20
85.19	111.99
126.97	272.00
489.29	802.71
341.40	371.00
418.67	302.00
100.08	100.00
295.00	168.33
393.73	273.67
150.87	185.66
189.75	170.00
132.15	102.30
626.50	994.00
336.08	464.00
228.23	115.00
349.26	518.00
470.00	612.33
366.99	338.75
157.67	221.22
116.56	127.33
6059.57	7274.50
76.88	105.71
100.08	89.25
2078.33	252.00
226.17	104.40
426.32	232.33
121.80	97.00
337.40	330.29
294.08	405.00
138.83	174.20
167.00	232.00
255.83	328.67
208.14	158.33
1125.00	1897.75
615.00	608.67
507.14	466.00
161.89	213.67
48.90	93.61
132.54	147.29
166.33	160.67
169.04	147.71
276.23	225.60
84.62	86.30
432.10	511.60
251.43	165.50
104.65	63.66
99.21	57.95
179.17	230.33
291.42	292.47
196.50	180.80
560.10	484.00
134.98	124.63
320.33	278.33
163.92	168.54
193.33	198.33
248.00	274.67
242.32	188.20
879.67	338.00
1017.83	1184.22
2264.60	4207.40
360.40	358.33
196.22	205.30
114.98	89.97
1938.00	1968.00
188.50	185.00
406.97	170.90
471.89	405.45
264.46	109.83
198.04	198.04
347.12	135.25
211.86	318.25
311.14	396.62
999.86	2008.67
202.89	289.10
178.15	154.33
262.09	309.86
304.50	354.67
149.26	163.45
112.99	70.58
146.39	195.00
81.27	139.96
241.56	195.50
201.36	324.98
342.67	422.75
94.22	115.30
196.07	156.52
201.75	189.33
119.89	143.33
231.85	183.60
291.50	314.43
670.54	619.10
193.97	182.59
301.42	217.50
590.50	949.00
329.31	597.60
285.42	342.17
351.33	332.00
111.69	112.20
244.20	127.67
54.63	54.20
219.25	258.40
720.72	206.60
377.23	474.00
198.06	234.95
528.83	691.33
11.14	12.78
178.66	145.75
192.21	397.91
204.32	268.33
374.00	395.33
105.19	81.20
102.66	71.10
242.67	159.33
2064.29	3853.00
255.06	340.33
174.38	105.67
144.27	144.75
423.17	537.67
137.38	146.90
170.34	315.67
127.75	99.20
2809.17	2505.67
213.24	248.50
176.03	141.22
174.18	188.45
281.02	266.00
225.44	255.50
199.60	215.57
160.08	153.80
89.24	69.27
130.63	133.75
217.31	205.00
124.47	59.67
801.75	177.00
152.50	189.25
6879.33	79.00
426.43	290.67
109.62	40.97
240.67	212.33
194.12	419.00
340.36	346.11
84.50	35.59
181.20	152.52
366.10	360.67
122.15	93.33
233.50	176.83
265.56	235.87
149.78	156.12
298.47	355.23
97.58	167.00
161.83	150.50
365.36	317.83
125.27	117.72
139.75	91.90
139.00	114.33
171.08	240.10
47.26	60.33
189.01	178.37
140.67	135.15
37.70	39.35
161.54	62.75
174.88	150.00
307.24	250.67
171.93	146.82
160.18	147.43
147.35	188.93
97.22	105.67
274.57	371.50
120.05	124.53
75.70	70.66
160.93	124.33
309.43	451.67
1180.43	2258.26
137.32	178.96
109.06	60.55
337.83	354.00
262.90	90.27
231.94	55.87
131.07	189.14
121.33	96.33
164.09	228.45
78.70	31.30
220.87	86.70
207.86	215.25
143.13	130.25
74.75	76.59
166.58	52.73
260.25	262.00
228.00	301.33
135.37	97.21
199.40	116.33
55260.59	88162.80
271.30	263.33
236.01	161.01
381.50	453.50
262.20	378.80
472.64	532.20
144.22	174.67
268.57	378.67
243.33	241.67
203.76	121.58
233.56	147.60
280.88	158.75
392.06	214.80
250.53	326.73
63.26	53.98
76.84	107.88
300.84	266.93
40.09	16.03
422.00	538.75
157.33	124.67
204.68	125.36
547.17	266.00
151.92	133.80
172.63	56.93
193.71	174.67
428.81	307.13
418.67	210.50
104.33	122.00
1067.00	858.00
1.94	1.03
77.27	72.33
187.96	192.17
317.98	371.76
89.52	68.63
168.01	191.29
228.23	187.40
78.28	93.00
127.83	128.86
91.76	99.00
120.01	104.70
141.82	151.33
197.11	168.33
158.11	137.67
411.40	62.25
90.50	45.60
546.58	311.33
854.50	444.00
1583.61	208.47
240.24	201.50
379.30	341.71
781.56	233.00
158.22	165.33
267.92	143.02
528.41	108.96
306.50	185.33
322.14	531.33
723.93	741.61
177.00	186.50
297.88	342.85
379.22	395.75
407.80	237.67
130.60	6.07
674.36	517.29
72.45	66.63
968.55	279.32
422.40	266.25
115.94	125.75
143516.75	252309.25
204.32	233.75
588.67	333.67
357.00	389.00
239.73	133.47
74.36	49.40
173.70	177.54
363.26	324.29
77.12	63.05
1611.25	1089.33
203.20	105.33
127.22	145.00
124.25	145.00
235.67	230.00
2998.64	2592.97
423.64	308.33
217.22	278.60
293.99	311.50
153.44	168.51
57.90	35.57
6.76	10.72
276.14	293.33
91.10	132.00
89.82	91.41
154.40	189.75
219.33	196.12
214.61	251.69
197.05	242.75
1093.33	1507.33
252.17	169.00
79.59	141.46
351.43	317.67
66.62	19.93
417.39	302.33
111.00	127.00
183.00	252.00
120.92	137.20
173.50	110.00
169.83	99.88
249.29	244.00
106.08	97.44
364.33	292.33
131.19	160.50
66.33	54.67
78.26	93.94
935.50	210.14
634.00	422.00
189.67	217.33
274.91	398.20
342.18	138.50
208.36	162.86
106.31	174.66
165.28	150.20
131.33	117.67
234.73	282.80
169.42	130.80
134.20	175.97
418.50	480.50
156.78	145.40
60.89	93.61
107.00	112.67
241.43	259.20
273.42	163.67
260.80	299.67
343.49	329.85
133.86	96.25
402.22	135.50
51.84	48.72
338.25	285.33
77.71	25.58
486.23	202.50
12.54	8.90
243.25	260.94
402.23	505.23
690.40	497.67
98.67	98.67
179.94	158.67
200.25	194.25
255.25	357.80
184.12	209.83
531.79	698.97
141.69	127.00
332.00	350.75
350.76	360.74
177.26	173.70
84.07	85.50
32.57	22.41
286.82	258.69
291.10	292.54
72.52	80.83
215.87	235.72
335.54	516.71
1716.80	1544.96
145.55	204.75
251.22	245.00
112.89	68.98
163.74	163.52
655.50	924.00
209.46	196.83
190.88	151.20
332.67	252.25
128.00	113.00
586.44	420.80
352.99	382.57
163.66	172.50
78.19	79.50
521.00	613.43
135.68	146.56
238.58	170.50
188.94	168.14
401.53	380.00
348.00	330.00
194.38	202.75
92.00	93.31
47.53	94.30
213.86	218.00
174.74	178.00
69.33	54.00
193.40	216.67
286.40	307.73
127.67	167.67
82.04	76.09
165.04	127.12
470.29	348.50
156.14	159.00
196.58	155.50
118.87	205.78
108.12	111.42
125.69	108.50
146.57	151.14
277.50	171.33
471.67	504.67
136.86	145.00
273.33	481.14
801.72	888.56
341.80	49.25
888.27	662.33
249.41	125.30
427.72	698.50
95.81	51.57
204.80	265.93
158.36	204.43
140.63	144.60
562.71	591.00
250.10	177.33
105.16	69.14
1306.38	198.33
385.44	157.50
84.69	71.25
378.10	347.25
70.00	37.00
156.76	185.73
154.22	97.32
125.00	88.14
1014.30	1575.67
103.84	78.59
391.14	438.25
240.00	194.67
595.62	138.50
288.29	93.20
37.03	48.62
164.82	130.99
168.54	203.95
9.00	9.97
216.50	182.00
1444.08	131.00
322.99	480.15
287.20	592.67
809.33	962.62
515.33	579.67
1124.60	189.00
145.43	144.33
520.32	55.20
110.31	88.00
1599.89	3898.00
40.62	44.33
92.46	48.95
505.71	143.00
177.80	381.00
224.12	240.00
167.89	137.92
192.00	195.67
57.50	36.33
164.25	175.00
679.84	850.88
189.31	194.53
317.50	230.00
1463.86	2307.43
217.57	229.67
264.40	170.60
51.14	44.20
4347.73	4876.19
417.86	215.67
53.17	74.14
213.71	186.75
188.41	262.00
43.78	18.23
91.11	75.27
214.29	175.33
197.74	144.97
341.87	75.41
288.88	141.00
341.12	281.50
257.71	317.33
64.31	55.85
89.98	74.22
150.17	115.67
370.07	315.47
75.65	59.89
1414.74	3045.33
163.15	180.32
84.79	49.20
248.85	251.96
152.83	158.33
241.83	121.00
418.39	596.40
69.79	62.87
138.50	142.00
181.79	216.10
405.00	94.80
1038.64	1651.50
197.17	228.67
55.63	30.27
340.50	283.67
332.29	178.25
683.29	992.67
255.45	131.00
532.14	143.99
89.11	37.30
258.80	198.50
164.55	133.93
221.21	101.45
95.30	128.00
100.90	82.57
139.62	102.80
225.17	227.67
610.38	446.00
131.83	105.25
273.68	220.71
64.64	64.53
213.39	166.68
1089.32	1869.22
178.75	123.33
89.79	50.90
368.23	366.71
345.67	320.33
127.14	104.75
2169.91	501.14
129.48	131.97
38.65	84.67
189.35	213.86
208.53	248.67
297.64	367.50
348.00	282.56
187.06	282.50
108.54	136.50
413.06	314.12
269.44	258.67
145.83	178.67
376.14	370.25
247.88	95.00
198.12	116.25
211.50	241.00
99.86	78.33
82.21	74.57
73.76	82.90
36.49	27.73
172.85	148.67
201.57	246.82
157.35	93.97
183.54	158.00
748.89	595.25
7647.33	6176.83
921.85	751.60
409.38	458.00
108.10	74.16
408.42	418.45
406.88	377.75
255.00	129.00
251.54	410.33
94.17	27.77
289.29	273.67
151.86	97.14
120.46	106.25
174.00	230.67
110.81	159.22
219.68	248.54
347.38	287.00
228.09	143.57
335.41	491.25
414.83	545.67
905.21	219.50
176.00	188.00
105.50	115.33
163.31	223.50
1017.65	1092.00
71.60	78.40
289.71	191.33
222.43	265.75
265.23	512.67
274.29	175.33
429.55	739.67
246.00	273.00
222.46	103.53
264.38	298.00
269.84	379.33
502.71	138.50
206.56	178.69
2096.33	1027.67
44.29	37.50
25.03	24.45
193.23	206.25
141.94	194.00
480.24	135.50
775.44	1545.51
96.32	105.97
215.12	259.33
177.88	129.80
287.79	247.00
833.18	1114.95
267.67	426.20
227.98	239.29
183.22	148.70
255.69	386.25
42.83	16.40
55.69	64.88
1364.97	677.04
155.50	298.33
440.10	430.77
235.99	168.97
81.05	63.29
169.31	166.60
174.06	239.48
208.76	158.80
463.14	576.90
116.54	213.00
92.89	80.58
264.44	428.23
236.97	181.97
821.45	708.33
158.11	138.11
123.75	93.00
326.43	384.33
307.17	207.33
1653.71	3666.67
270.00	220.25
86.34	182.43
277.66	289.17
136.88	25.75
151.43	141.67
126.95	59.55
283.92	342.57
224.61	288.50
167.00	172.00
108.92	104.17
198.61	159.65
143.84	164.50
290.11	256.50
203.30	375.67
383.83	481.00
757.77	1322.20
142.28	87.24
255.29	90.50
117.31	186.75
8741.45	10626.83
209.17	159.19
66.54	83.29
171.38	162.75
329.79	256.13
338.70	449.20
137.35	153.56
265.67	232.50
103.54	109.99
163.50	232.00
2682.33	332.00
404.53	207.60
258.00	57.67
79.00	118.33
310.66	175.37
262.27	279.30
431.00	469.33
238.65	153.76
209.90	191.60
368.75	213.83
44.43	30.75
351.88	337.00
443.58	789.10
191.10	101.40
173.57	188.00
141.12	114.20
185.30	276.00
163.45	149.06
1341.73	1089.00
259.78	333.60
538.62	234.00
581.33	411.67
82.20	55.10
404.30	409.50
302.43	242.00
462.44	521.00
3226.70	208.07
184.14	102.00
375.78	285.00
151.71	135.70
87.86	111.66
118.00	116.67
215.40	220.29
146.43	150.00
400.08	397.33
618.99	885.42
371.40	310.67
131.23	216.75
17.80	28.99
189.88	195.33
68.51	87.42
142.49	151.92
619.25	760.33
294.82	328.25
142.84	116.25
471.62	224.40
333.00	367.00
87.56	68.33
458.26	603.61
95.00	105.75
89.89	89.22
305.00	392.20
242.42	340.67
120.79	161.45
281.12	299.00
1188.15	1077.33
199.51	212.73
128.36	102.11
256.40	301.12
185.31	165.38
33.67	9.47
202.83	207.67
124.50	138.67
153.63	110.00
163.62	227.60
251.77	285.75
140.75	151.80
173.98	109.32
973.00	607.33
218.73	269.62
110.21	134.83
161.43	228.75
176.94	148.70
67.41	88.33
204.37	207.40
71.81	58.96
2217.79	2976.99
310.62	163.33
137.50	139.60
423.08	249.00
425.65	322.00
88.93	78.26
141.43	115.54
320.00	197.29
381.37	906.75
85.43	52.33
356.43	588.67
176.25	220.00
721.67	591.67
24.79	1.53
59.12	59.60
297.44	364.43
167.68	14.03
155.72	130.63
217.78	348.00
377.80	432.20
222.76	309.78
262.03	144.75
292.50	361.00
74.21	85.05
984.86	735.50
143.36	223.67
222.64	232.41
310.71	254.67
166.19	144.82
182.64	90.00
152.14	227.67
603.29	319.33
157.00	201.67
240.77	269.50
331.03	276.00
263.38	302.29
262.00	304.00
1151.62	1576.18
49.03	48.83
37.24	32.73
4431.44	10338.67
466.29	614.50
124.94	77.60
127.08	93.90
3872.67	4932.67
102.36	129.97
179.47	268.33
193.21	203.56
206.76	144.03
153.19	158.80
310.38	352.75
2790.75	3868.00
261.35	275.38
337.25	525.33
2552.06	207.75
265.81	300.85
640.29	822.00
177.46	169.20
154.29	239.33
166.00	188.00
383.38	422.60
793.80	1846.00
239.36	296.50
138.63	195.29
209.37	95.66
142.86	83.50
48.28	27.63
114.50	52.66
393.24	371.98
321.50	329.60
117.50	131.33
21.05	18.62
522.75	550.00
35.47	36.74
172.48	239.00
82.94	76.39
586.69	375.83
177.56	182.33
400.14	369.00
1393.62	2478.67
936.00	622.00
164.62	150.06
289.00	406.60
256.50	231.00
117.56	130.50
407.23	422.89
411.70	340.00
5289.67	5298.67
3218.12	1801.25
322.71	242.67
797.09	934.53
299.40	348.57
153.40	171.20
349.62	404.40
171.38	160.00
94.58	83.50
198.10	185.67
63.23	38.57
154.13	173.25
198.36	265.41
232.07	187.70
1969.80	2634.29
165.75	227.13
117.84	170.53
216.67	244.80
262.92	469.17
112.10	120.43
144.63	131.36
1310.50	2074.50
16944.07	15790.10
413.44	368.00
1546.14	2320.78
11.12	1.36
170.24	291.56
99.93	222.63
47.60	68.83
433.73	276.88
434.87	462.26
203.33	94.60
64.18	23.52
359.90	280.67
412.97	710.33
307.77	306.00
372.38	310.60
520.10	426.33
278.09	304.86
6850.34	7421.00
185.81	201.09
153.08	55.15
349.80	366.00
713.93	419.10
86.80	104.75
205.14	231.33
1359.89	2774.00
325.50	505.67
110.62	82.90
275.67	189.50
226.46	268.25
182.10	264.25
109.90	122.22
203.57	170.50
166.23	206.25
413.88	413.64
168.68	312.75
2754.10	3816.67
151.02	125.29
220.83	215.74
936.74	867.70
146.81	197.75
178.06	308.60
164.53	104.55
294.36	338.00
244.12	167.00
231.03	282.76
326.50	131.67
69.52	68.46
176.29	176.80
684.88	533.00
246.78	285.25
187.77	138.49
171.17	181.00
470.34	321.35
202.57	102.73
181.67	184.33
339.36	290.50
628.44	264.40
134.78	124.20
254.71	176.67
279.43	315.86
190.00	149.67
237.86	226.00
293.84	251.24
863.22	1254.17
3521.00	4081.80
142.50	142.33
150.11	185.75
106.20	123.25
146.20	143.31
215.93	214.67
322.09	277.00
363.50	333.33
200.24	241.25
129.08	70.92
154.09	145.25
1116.50	2099.33
176.22	95.75
1300.00	414.33
202.40	210.43
38.33	83.25
383.38	587.00
127.66	80.33
274.67	192.75
175.27	185.33
264.61	262.10
134.47	178.35
244.87	294.75
170.57	241.30
146.21	170.34
187.05	151.98
98.45	104.41
473.71	337.67
426.14	432.62
93.21	86.40
315.40	325.00
378.71	605.33
153.00	157.30
91.11	99.60
303.91	295.50
106.35	117.28
370.05	671.67
695.86	348.00
156.50	157.29
205.11	155.27
152.19	163.98
174.57	235.00
383.57	408.50
166.75	177.60
56.21	62.03
143.33	132.72
380.29	463.00
1188.80	727.13
179.49	25.00
174.12	132.50
55.17	55.42
313.58	299.14
32.87	32.94
226.43	69.77
74.11	132.33
405.86	102.48
92.72	19.93
148.85	132.80
93.81	77.82
176.00	247.81
277.64	278.12
96.62	102.83
99.27	84.55
145.83	170.00
160.86	337.00
184.59	431.70
149.14	335.00
105.66	138.47
898.92	124.67
91.96	116.57
252.50	412.33
1785.27	1322.74
208.50	132.11
2006.55	1513.20
83.50	163.67
229.38	251.40
164.20	149.20
224.56	284.50
49.73	17.72
59.83	106.17
152.42	146.33
840.27	1155.54
712.50	403.67
220.10	296.25
384.67	319.67
1088.19	146.45
219.00	159.67
378.71	102.33
231.87	206.95
204.56	172.83
97.71	123.60
144.86	145.00
304.00	328.67
222.19	51.03
108.49	132.75
298.62	383.67
249.17	311.33
222.27	148.17
218.07	128.62
158.76	199.00
345.22	549.33
307.91	236.56
181.43	126.20
396.14	497.33
140.78	69.19
186.33	170.67
141.88	91.25
174.13	232.36
153.22	157.67
231.22	306.33
456.43	443.25
116.79	131.80
170.22	173.00
91.76	80.41
8.44	7.17
118.03	142.97
233.94	209.05
389.51	380.33
240.42	306.83
105.71	106.00
157.37	126.25
52.60	7.33
118.17	79.33
408.11	337.75
159.27	180.50
170.45	134.90
490.50	286.67
173.69	77.88
131.60	198.00
185.68	215.92
19.80	30.43
242.69	205.67
5484.25	6831.80
152.64	282.20
183.19	267.67
816.22	245.67
167.33	118.17
220.62	280.58
429.73	269.48
387.33	437.67
193.43	176.56
173.50	269.67
170.50	172.00
277.62	321.00
342.00	375.75
126.99	154.33
291.29	168.33
103.98	102.30
130.78	178.33
556.31	315.33
123.14	84.00
252.84	283.00
542.58	519.94
171.00	137.33
139.12	121.82
79.37	38.00
368.70	266.97
63.12	48.96
221.55	268.00
197.68	275.00
723.27	1366.26
122.62	34.50
207.00	174.80
446.50	323.38
328.09	328.00
400.83	322.57
116.84	27.33
244.50	292.20
404.57	438.75
1466.25	3358.33
853.86	840.50
121.45	212.00
249.56	147.20
1515.62	173.67
120.69	81.46
143.90	138.20
215.57	109.33
82.73	44.05
276.70	282.50
784.72	211.62
175.19	186.34
283.78	410.75
170.57	257.33
151.23	155.55
5710.87	16836.60
294.12	238.33
145.87	167.50
240.67	232.80
321.40	333.50
479.33	489.67
256.33	304.33
120.10	103.00
234.86	172.97
1322.76	305.80
354.48	181.62
114.54	152.25
430.00	158.67
1721.60	3867.25
263.62	254.60
187.50	177.33
128.99	141.47
107.44	43.12
336.28	185.58
247.44	142.40
449.57	608.75
121.00	134.40
285.49	451.14
155.00	212.00
249.50	193.80
272.00	188.33
188.97	295.67
124.41	170.67
232.65	164.00
47.50	38.73
139.92	74.47
97.72	70.27
117.40	85.67
507.62	669.50
104.53	113.67
281.98	196.80
42.49	28.70
460.37	402.58
128.92	116.67
1032.22	1162.40
23.11	38.98
176.44	164.00
167.67	152.23
184.45	152.25
77.42	26.83
101.09	74.33
82.26	106.27
338.19	319.70
557.31	468.23
153.99	94.47
96.37	92.25
619.48	653.43
206.98	218.80
172.71	304.00
215.54	188.20
56.81	29.90
192.14	48.00
326.08	341.22
337.73	355.37
129.26	220.67
314.42	302.79
252.73	323.75
136.40	215.00
262.42	171.17
69.33	80.50
67.75	67.54
122.82	143.57
148.36	287.33
118.12	152.33
62.79	67.27
58.47	53.01
451.67	359.86
91.93	55.29
298.75	386.00
255.94	224.70
95.56	70.90
330.00	417.33
1287.00	548.75
69.82	82.40
3982.25	1457.29
102.26	83.33
130.76	89.67
156.96	65.70
45.06	67.40
96.70	90.47
834.92	1816.00
148.53	137.33
211.00	297.22
143.45	133.40
624.00	876.83
389.90	342.43
149.11	129.00
252.71	389.67
245.55	218.33
530.77	1301.00
240.00	319.25
498.97	369.27
144.00	171.67
161.46	59.38
204.39	190.25
203.97	303.18
142.99	178.33
273.65	293.48
168.00	206.00
325.01	642.57
297.01	315.75
179.14	112.75
38.44	14.90
233.71	318.00
149.40	111.00
548.50	1155.00
314.20	320.17
407.79	418.14
211.33	188.25
97.48	98.82
238.33	188.33
293.30	303.33
212.89	204.25
98.13	201.27
203.14	208.00
533.42	365.50
334.00	392.50
174.14	173.50
108.59	158.33
196.86	241.33
167.09	179.38
148.56	184.93
247.40	161.60
116.88	114.17
178.96	194.56
54.39	93.86
345.29	390.67
2111.14	4625.33
268.73	262.17
133.48	96.96
246.92	272.57
383.43	470.67
192.86	195.75
2962.75	7640.00
620.00	165.00
127.31	134.83
316.44	432.60
150.07	60.20
127.57	128.33
134.22	116.67
3470.33	1108.33
186.40	232.75
315.29	193.17
180.75	199.60
252.92	372.15
57.35	72.56
103.55	79.00
265.89	160.95
80.50	52.34
260.21	283.98
6.21	9.75
265.00	96.80
265.52	293.64
177.15	228.40
214.00	239.67
272.71	340.00
321.47	565.33
66.48	69.03
292.43	378.00
155.98	176.36
145.56	204.67
292.60	296.07
115.92	5.50
134.10	56.60
207.72	245.00
475.24	162.44
1059.57	2251.00
127.88	129.33
1720.27	158.00
162.11	195.30
56.79	50.56
371.51	351.15
86.90	82.23
284.12	347.67
291.10	408.40
477.33	646.67
147.45	142.00
178.91	187.07
117.30	154.33
259.83	321.00
340.95	279.33
550.40	493.33
689.19	1092.81
100.60	131.60
292.00	339.75
329.14	469.17
2841.86	3032.33
141.00	132.67
2648.32	839.29
68.07	62.67
61.24	39.30
546.86	597.50
161.81	393.33
228.00	211.00
101.29	88.33
228.84	173.25
136.98	115.33
481.81	894.25
134.00	128.00
168.20	71.73
83.25	115.00
3934.77	182.33
110.67	108.08
42.25	31.29
58.49	31.59
563.95	663.38
184.22	227.79
94.44	104.00
162.35	159.50
403.82	339.45
225.36	215.80
162.55	79.28
185.66	216.00
361.53	336.50
154.39	163.50
66.70	82.38
2626.99	112.60
315.93	190.00
168.97	76.00
1622.26	2071.64
2745.21	1602.00
194.71	141.67
1662.29	212.00
51.22	53.11
227.33	290.67
385.78	384.20
154.30	132.88
120.67	129.12
3594.57	8234.67
1904.86	3321.00
183.62	188.67
357.09	358.82
287.43	263.75
906.65	987.00
253.38	298.20
382.36	145.30
308.39	331.71
132.69	86.33
699.67	417.33
254.33	344.87
311.45	270.68
22.11	47.23
215.33	187.57
954.56	1714.75
330.90	351.10
349.00	394.00
389.89	232.80
291.89	357.00
320.14	414.05
373.50	372.33
4970.57	4801.56
81.38	113.42
78.96	124.76
391.12	231.00
2503.49	3894.13
463.43	593.33
78.78	111.70
159.88	161.54
219.45	222.92
163.68	133.97
244.33	193.67
86.20	105.25
376.46	772.00
100.75	140.33
644.82	798.94
226.00	198.00
107.00	122.00
112.56	98.00
190.83	139.00
146.11	119.60
130.97	183.33
899.83	298.67
277.25	345.00
264.95	276.50
167.88	377.00
192.86	141.00
76.33	93.12
154.67	181.80
693.18	200.88
180.01	168.28
81.05	38.14
132.72	121.50
286.47	352.00
242.57	158.67
276.22	315.75
325.92	412.00
229.33	211.67
392.11	324.20
175.44	180.75
229.42	162.63
330.14	353.75
301.08	273.50
94.03	140.75
551.17	454.50
242.12	116.00
1217.94	1091.92
17.32	33.15
166.80	285.73
437.30	375.60
325.89	467.00
168.12	98.33
405.56	433.57
180.89	191.67
75.34	109.83
49.00	37.00
557.52	642.52
301.75	271.33
125.24	245.18
393.70	267.23
151.68	63.87
242.71	300.00
292.22	312.33
154.78	206.38
43.07	48.35
176.86	258.75
778.94	381.25
25.50	48.05
199.86	168.75
90.37	101.45
69.57	42.76
747.25	476.00
149.40	154.76
148.45	92.54
88.35	189.33
98.89	88.00
809.00	261.33
483.12	548.00
95.14	46.06
229.64	231.21
974.37	126.78
583.89	202.33
443.25	492.00
101.08	264.67
286.10	288.33
440.38	465.81
327.95	186.50
42.00	47.50
162.25	145.00
365.43	275.00
242.29	146.00
528.73	102.00
496.82	726.00
220.78	372.23
86.81	116.20
83.33	75.67
211.43	344.00
78.66	111.33
286.00	330.00
265.33	316.67
159.17	99.33
192.57	158.67
324.29	407.67
486.00	394.33
484.92	504.27
236.83	220.33
1919.53	1904.60
62.29	117.70
648.47	275.43
247.89	227.50
385.00	272.67
270.00	397.60
297.83	368.33
256.38	127.20
202.70	279.00
281.26	81.46
193.67	160.00
140.61	181.92
411.62	118.00
372.57	491.36
165.98	94.70
134.75	149.80
177.33	219.33
138.00	158.60
176.29	168.67
485.48	156.50
85.68	84.69
48.23	34.62
239.91	401.68
530.59	61.00
538.64	222.17
156.00	109.33
100.67	108.63
343.17	165.67
213.43	157.33
198.62	81.00
116.94	64.90
768.25	1153.00
1446.16	2239.36
381.17	234.33
170.07	137.33
43.62	29.21
128.71	170.33
143.67	108.67
1326.82	388.97
163.93	163.29
155.50	156.40
184.79	197.00
516.90	360.00
439.32	185.64
529.86	859.33
73.67	81.67
63.03	61.45
675.33	769.80
287.57	269.50
56.41	74.00
213.70	234.60
179.06	166.80
277.38	380.75
388.18	359.50
160.14	113.75
235.54	292.67
133.60	127.25
13.92	10.43
156.00	146.50
188.97	192.20
216.52	115.29
235.00	220.00
128.93	121.32
215.56	225.20
1402.85	2184.98
143.89	183.00
125.54	157.25
226.50	290.50
174.50	258.17
189.83	200.00
191.12	146.60
93.49	121.08
508.40	270.75
185.22	145.43
339.25	371.00
146.43	110.75
216.71	244.40
292.11	273.75
276.83	158.00
134.67	178.00
150.03	202.67
151.56	146.75
428.00	528.33
211.81	237.68
242.93	306.33
169.38	84.72
448.72	501.00
183.04	670.93
175.14	126.33
50.37	40.20
105.33	105.33
227.71	159.33
433.00	687.33
280.85	321.98
314.25	348.40
93.94	100.26
360.86	175.76
229.75	118.60
82.10	84.25
68.77	78.44
239.21	125.22
280.50	154.33
198.12	161.33
299.60	248.56
261.43	263.17
355.61	194.30
449.11	68.73
133.28	205.20
44.02	47.80
39.46	37.08
360.67	407.17
124.70	119.14
598.00	588.67
83.89	144.43
208.68	501.67
619.71	470.00
201.47	251.33
97.31	96.23
35.45	12.33
306.78	314.50
292.09	274.00
285.97	1.60
409.20	473.00
337.67	341.00
222.06	163.50
601.56	783.83
164.96	176.30
55.57	57.14
57.13	57.32
62.14	40.99
250.89	266.67
241.86	203.75
247.35	276.51
189.61	102.75
94.97	81.93
198.60	176.40
7.88	7.76
208.37	216.60
189.14	121.84
93.13	89.53
384.34	118.92
164.17	107.00
112.57	117.67
149.89	177.25
98.75	141.72
59.18	67.74
4603.55	47.20
48.09	43.20
415.17	458.00
1388.35	112.67
189.83	218.33
102.61	127.33
87.28	85.93
118.33	116.43
134.00	112.00
325.03	554.48
262.06	329.33
124.00	112.33
200.20	441.67
38.72	45.87
279.67	384.00
149.02	237.33
620.80	319.45
213.33	244.57
514.00	454.50
139.18	180.78
213.67	196.68
4731.82	6341.40
111.00	140.67
465.16	218.82
379.86	221.33
166.50	192.33
91.00	76.17
142.37	36.93
59.59	62.48
78.37	46.00
86.16	17.90
167.08	136.75
222.25	276.23
431.83	705.33
103.66	90.60
22.20	7.25
138.74	174.40
158.67	290.50
313.94	311.43
268.25	233.33
145.97	82.61
225.56	101.65
211.50	372.33
127.73	116.97
340.47	518.50
223.76	194.41
185.69	173.33
198.75	225.00
59.96	43.09
212.67	187.67
42.68	41.50
397.22	346.50
241.83	370.33
253.74	283.78
291.20	309.83
172.23	286.67
182.29	196.00
117.31	91.29
353.83	387.33
150.64	177.45
119.43	97.50
323.62	454.00
415.57	295.20
266.67	335.33
352.00	352.67
414.33	170.88
95.33	77.67
213.82	159.00
238.17	426.25
342.20	288.50
229.62	111.67
329.23	295.04
790.97	980.69
589.26	638.92
108.77	72.64
74.13	121.00
236.13	77.66
246.00	268.75
210.97	360.33
84.30	69.27
990.56	1318.00
208.69	368.33
44.55	49.97
158.15	114.14
85.63	56.08
75.53	58.00
678.30	1592.33
216.55	248.09
246.41	355.33
450.40	712.25
209.83	174.67
154.62	196.50
782.98	158.98
302.43	368.00
73.08	59.00
424.50	328.67
169.16	116.10
77.64	71.57
313.33	474.67
198.89	222.75
1223.11	2471.00
306.85	266.00
208.67	244.00
322.00	197.33
402.00	462.67
141.68	205.00
86.27	60.75
248.67	168.33
277.00	229.00
106.07	38.49
106.62	110.60
460.17	693.25
10401.39	6451.20
189.69	190.63
461.67	269.00
220.00	232.40
413.10	38.87
146.85	176.05
241.35	268.33
144.28	163.08
278.21	220.75
137.00	98.50
143.77	127.75
240.67	205.67
188.38	143.25
231.97	247.10
124.90	121.50
293.41	27.23
227.33	269.67
158.13	202.00
117.83	54.32
165.87	91.55
7694.49	20283.33
295.82	521.33
79.63	44.97
107.43	108.50
231.14	378.83
1625.50	3095.00
113.10	129.44
194.12	195.25
634.88	694.25
289.97	479.00
267.00	282.33
144.85	125.26
163.33	108.67
717.92	1103.16
302.30	795.00
95.17	63.33
2492.00	721.67
139.10	150.67
112.25	76.00
313.99	384.67
181.88	130.16
242.78	195.69
449.15	177.67
259.57	205.50
171.23	221.76
65.35	64.67
356.14	522.00
156.00	111.55
101.03	117.10
265.50	236.60
173.00	155.00
56.65	25.60
1243.87	1764.47
310.95	291.29
190.20	136.00
2926.04	56.85
302.33	249.17
968.11	1592.75
198.38	181.50
115.49	94.33
683.33	1351.75
157.49	228.00
139.76	103.99
199.61	142.97
119.42	145.67
59.44	76.96
235.55	250.93
162.50	133.17
190.12	219.11
128.08	136.00
181.83	125.00
234.14	307.00
39.12	50.66
259.26	397.75
62.67	73.91
153.71	114.33
170.22	187.33
127.10	60.98
101.49	87.38
1660.22	3471.75
185.11	182.20
36.97	37.38
354.00	391.00
145.08	155.67
108.19	99.62
191.56	155.03
1663.57	3179.67
125.56	122.60
445.07	336.50
689.86	199.95
227.74	188.80
153.07	234.33
267.91	324.75
155.38	77.60
395.24	169.90
496.83	422.00
89.86	98.55
235.75	220.80
547.00	818.67
37.66	60.53
410.85	765.33
345.17	434.33
37.60	36.63
111.83	132.33
323.30	435.33
107.32	137.00
42.53	63.73
350.25	264.75
101.13	91.04
168.06	221.67
135.97	155.56
170.62	145.97
46.74	36.36
5.00	5.75
109.47	40.60
112.00	105.67
191.63	211.66
334.00	444.43
206.14	286.80
124.06	121.57
729.33	600.20
136.51	106.96
85.42	77.67
279.28	335.84
451.69	228.04
196.38	225.80
142.33	163.00
788.08	389.59
119.12	93.93
831.78	944.25
1091.73	1381.25
69.24	56.23
951.92	1690.50
91.54	62.20
294.06	286.93
92.65	83.93
295.62	87.03
107.00	79.50
109.84	187.75
71.50	75.00
193.67	214.20
353.11	262.38
63.09	56.67
95.37	100.25
92.84	110.25
106.29	111.16
53.66	68.88
37.33	39.06
320.67	259.33
158.12	138.60
433.86	49.00
59.90	14.10
297.56	266.80
37.68	30.67
56.58	42.43
97.24	143.50
162.08	88.30
78.34	124.00
196.65	206.12
87.30	83.27
256.86	286.23
283.62	145.75
62.99	59.57
167.91	185.67
56.26	58.63
219.00	178.67
800.83	181.67
287.89	139.40
110.97	109.70
295.16	332.54
150.00	157.33
147.44	43.33
375.71	305.67
199.24	306.80
1164.97	1396.67
130.70	97.83
137.89	129.00
86.18	142.75
211.52	230.35
242.05	273.71
404.11	456.40
222.20	210.26
231.67	249.00
526.29	107.25
211.00	266.00
660.57	794.00
360.83	186.16
71.52	73.85
458.67	481.14
924.23	2452.50
792.86	710.00
356.31	267.07
2332.16	3824.12
366.83	300.38
139.92	125.00
1000.49	1860.50
48.01	41.47
94.37	136.61
61.91	71.33
271.25	70.08
213.69	291.14
202.00	248.25
100.16	70.08
154.60	134.71
215.29	178.00
616.38	642.50
133.43	113.27
94.87	137.80
1342.92	410.33
66.04	53.67
112.02	121.67
120.29	126.25
557.52	702.66
72.56	95.67
1357.22	293.17
152.44	145.20
344.83	438.33
151.67	226.38
54.98	81.00
448.22	305.53
270.86	219.67
554.17	397.67
200.22	159.16
419.67	384.67
2295.58	3930.33
292.42	307.69
167.70	97.10
27.15	37.23
208.35	180.95
996.66	1385.75
181.75	255.57
214.57	50.00
177.57	165.00
237.26	251.00
197.67	201.33
990.90	1371.85
57.77	3.93
54.75	60.00
147.38	170.50
168.88	133.25
1002.33	1412.33
115.30	145.09
530.02	377.64
357.71	243.25
240.20	231.86
371.00	445.00
772.66	133.84
67.83	92.33
380.40	406.40
161.25	141.75
206.07	251.00
160.11	75.80
236.51	240.31
81.40	88.66
238.54	238.33
243.25	239.67
265.17	155.00
319.79	104.42
207.69	128.00
105.76	103.00
128.00	90.00
29.27	34.60
129.14	146.22
32.38	44.14
26.60	11.69
233.24	190.64
584.00	528.33
302.83	325.00
318.64	347.83
158.83	137.00
228.00	208.33
416.50	597.33
39.61	31.23
12241.19	31898.00
537.13	257.86
67.20	63.35
159.11	98.93
217.01	200.46
115.25	108.33
94.47	114.29
308.84	475.33
127.04	104.72
261.17	298.33
57.10	51.60
174.72	179.00
114.69	85.60
58.13	114.25
283.37	458.00
458.25	273.75
910.12	1070.95
210.27	105.30
2450.00	1783.33
91.78	137.60
242.38	401.67
359.33	333.00
156.76	244.78
196.07	277.43
4633.71	2344.00
173.96	259.43
47.09	59.75
172.83	78.67
64.62	63.08
424.78	404.00
423.00	221.50
265.82	195.67
461.31	500.60
95.67	88.33
66.47	56.97
218.75	160.60
266.29	266.75
637.14	492.00
139.19	103.00
239.64	184.67
175.89	197.33
240.14	355.00
2588.29	3212.50
69.88	82.58
1231.17	1583.33
395.88	524.67
239.32	207.75
147.29	111.00
3.82	6.54
193.38	251.33
10.56	11.81
202.22	127.67
321.62	376.66
84.96	73.03
133.17	164.33
163.70	180.80
297.33	252.12
219.08	135.50
278.61	370.90
233.59	217.00
127.73	261.67
48.40	51.00
159.29	227.33
255.25	187.50
273.15	277.22
85.33	92.00
53.51	137.00
373.26	412.29
262.10	209.76
362.86	325.67
225.50	108.60
167.08	116.00
2527.10	278.00
294.83	260.20
129.00	126.25
52.27	31.75
443.60	584.55
104.71	93.10
193.20	237.67
129.10	83.75
270.65	312.95
152.83	187.33
421.83	591.33
716.55	273.33
144.36	194.40
100.24	62.00
168.72	208.97
346.25	382.80
295.89	379.80
235.00	295.00
256.07	120.67
126.89	194.60
120.77	27.33
138.18	110.60
299.45	399.50
66.23	65.50
256.02	91.08
93.79	163.33
281.83	305.33
79.83	109.00
694.03	1007.89
4222.67	2016.00
167.14	133.75
171.77	195.42
206.71	188.33
139.89	94.33
724.12	1369.33
40.64	43.52
1677.61	2133.50
135.57	198.00
60.59	64.03
149.77	214.00
124.04	158.70
224.98	247.96
499.71	545.75
430.20	317.67
60.07	88.40
147.67	157.86
235.82	199.17
304.36	370.93
193.73	175.67
45.01	41.27
1800.50	3180.00
309.05	287.53
155.00	155.40
124.58	151.50
95.62	108.13
320.57	360.67
1777.00	3453.33
103.63	112.70
470.21	495.00
251.00	284.00
299.60	327.80
191.67	258.33
223.42	338.67
529.50	671.29
479.00	330.00
1735.67	619.00
314.57	228.75
608.83	408.33
412.91	371.25
49.06	31.67
189.57	190.25
379.73	348.11
165.69	151.33
171.04	49.35
180.75	239.00
259.25	369.00
171.60	128.97
56.60	65.60
481.14	607.67
6037.29	376.80
86.93	89.35
181.71	118.00
46.09	36.46
132.80	144.00
152.28	115.80
77.03	88.33
205.56	252.08
54.65	97.00
111.20	36.65
153.27	179.46
223.69	221.00
320.44	542.67
339.33	275.67
631.78	798.80
252.78	400.67
443.41	97.97
361.23	383.76
143.57	130.52
293.39	436.00
313.83	272.67
457.43	22.12
205.33	257.50
246.52	115.48
769.00	634.00
67.50	61.99
118.83	23.25
291.14	558.67
41.23	41.32
111.43	120.75
501.00	507.67
192.00	215.33
127.88	136.25
257.67	400.23
18.76	17.45
89.03	61.30
372.88	514.60
554.29	841.50
315.14	342.33
160.65	193.33
350.88	103.50
272.40	323.00
115.82	116.85
410.57	357.00
212.78	199.67
135.29	109.67
74.97	52.91
136.44	150.84
108.90	76.33
245.17	179.33
173.39	297.50
353.18	565.70
714.12	951.40
243.58	145.40
230.14	199.75
223.58	69.60
403.50	380.00
153.72	152.31
313.45	422.12
111.11	124.33
183.81	152.17
293.00	310.75
169.40	189.42
104.10	80.25
197.79	215.58
411.17	464.67
132.28	143.01
144.17	155.00
62.33	82.00
230.48	261.88
199.50	204.20
66.72	82.50
208.29	211.00
692.25	877.50
133.10	87.75
168.05	85.37
1133.10	1486.00
159.35	88.56
3782.42	3025.00
194.12	137.33
107.00	135.00
291.12	266.25
208.67	238.03
542.70	843.50
171.33	184.67
187.38	253.50
73.47	45.25
171.75	160.40
571.86	660.33
48.31	87.05
117.56	111.17
106.40	205.00
102.44	80.52
105.56	104.05
216.25	254.60
101.91	138.82
309.50	375.00
232.75	226.89
151.97	212.33
136.92	218.33
137.62	251.63
173.22	257.75
394.17	206.67
130.40	169.45
552.25	960.17
489.83	574.67
52.59	84.47
168.71	199.99
918.55	1110.67
106.87	130.00
509.29	418.33
547.67	651.33
644.75	398.40
501.14	368.90
146.60	164.00
170.54	303.33
426.32	361.83
108.29	100.13
257.60	216.50
129.75	97.63
72.04	82.40
367.57	437.75
91.67	82.33
49.47	62.54
658.50	863.00
53.83	20.99
78.75	78.30
1621.83	204.00
158.00	200.30
128.78	86.33
176.71	189.33
180.86	193.67
154.28	141.95
94.91	121.60
272.00	348.67
66.59	86.45
210.80	268.57
308.80	356.27
377.38	605.67
92.22	86.21
182.00	249.00
187.33	184.00
179.81	240.43
1718.77	29.95
220.44	236.80
101.00	78.00
989.58	407.40
817.73	1075.71
96.88	25.67
306.33	328.00
164.00	186.25
152.59	96.53
48.82	51.32
374.85	260.95
1559.75	2206.00
480.33	582.33
288.47	171.76
257.83	313.00
170.12	230.67
323.41	383.49
45.83	37.60
140.27	116.05
7.37	12.65
231.50	261.92
612.44	689.60
153.73	118.40
182.12	180.00
124.44	115.75
389.27	353.43
240.29	199.25
341.43	383.75
110.80	120.25
292.40	179.15
13.69	25.32
210.92	175.60
133.83	92.00
117.28	146.31
134.88	149.51
98.39	93.21
76.24	98.33
154.86	210.00
92.82	79.86
423.56	539.40
3240.43	546.00
304.67	434.67
298.71	118.67
122.04	91.92
2453.51	3885.96
388.83	340.00
177.88	125.75
188.75	222.97
53.61	102.85
597.50	728.00
167.43	157.75
223.63	313.00
187.57	114.50
47.30	11.60
42.22	49.35
243.82	211.81
296.85	452.67
207.70	223.33
205.16	217.37
726.82	853.98
207.55	338.93
235.96	350.00
183.86	187.67
120.78	126.06
66.77	80.18
218.57	258.50
3.40	2.54
345.57	184.67
47.83	58.96
112.71	110.75
108.23	96.93
269.36	461.50
268.84	283.71
146.89	153.00
2185.74	1507.12
288.00	394.33
134.36	130.97
138.92	129.30
23.22	23.82
30.20	25.13
757.91	828.86
278.00	297.50
283.82	207.34
210.18	298.25
56.08	51.99
142.63	124.15
155.29	135.00
312.38	358.60
796.50	658.20
318.33	344.67
94.45	144.67
145.40	182.48
259.25	350.60
412.99	638.75
235.18	222.92
135.25	114.00
275.68	148.12
118.48	93.87
157.56	170.20
24.75	12.03
149.22	134.20
24.83	47.92
65.53	46.07
368.64	352.27
545.88	695.32
262.71	181.00
127.40	90.20
229.31	232.25
230.33	248.60
142.50	167.33
327.00	181.00
172.70	178.00
212.00	206.25
230.45	379.33
116.85	74.36
425.90	708.86
326.33	354.50
277.05	349.90
539.17	589.33
149.13	14.89
195.11	171.72
405.00	371.00
256.12	399.75
464.40	1165.33
1015.08	135.69
398.78	242.00
135.17	155.33
178.11	272.66
303.02	260.04
471.33	666.00
144.92	128.43
330.50	326.27
146.81	180.51
139.27	140.50
286.87	185.67
142.97	114.95
180.00	238.67
338.00	248.00
160.56	145.25
71.05	84.30
392.57	347.75
129.25	192.24
69.21	75.54
57.20	24.80
254.62	414.67
202.48	239.42
24.35	5.77
212.25	198.33
251.73	125.50
165.57	170.75
229.61	284.33
140.58	100.00
122.09	178.78
311.10	372.29
122.84	141.41
90.14	83.75
132.30	116.41
351.25	295.92
225.57	331.00
161.95	175.80
331.80	498.00
209.80	285.40
163.06	148.92
2487.35	3893.00
167.12	185.50
289.57	165.00
199.38	208.67
76.25	65.17
96.07	32.12
105.03	111.30
78.33	45.00
206.15	218.08
232.20	210.17
98.74	144.00
230.63	290.54
306.00	475.50
127.15	159.54
291.69	25.37
114.70	72.20
98.87	73.60
229.08	212.33
540.83	526.65
251.00	265.00
160.38	207.67
64.26	49.36
447.29	172.85
223.21	183.60
364.15	437.68
207.55	231.66
475.67	538.33
2265.84	1012.92
647.14	788.75
393.20	602.25
169.74	171.36
5406.34	5919.47
234.00	226.40
189.52	122.53
915.38	961.40
108.61	137.26
170.25	232.75
84.29	75.00
237.62	221.15
205.88	171.67
51.67	40.90
52.96	104.45
167.60	72.05
255.92	201.29
259.62	298.33
207.47	214.68
70.99	60.75
652.38	504.33
118.52	159.53
206.80	216.00
154.54	168.00
62.81	33.70
113.43	116.65
180.29	149.25
157.86	172.50
96.00	158.67
13.66	2.80
122.56	138.50
100.10	94.87
2807.94	2767.64
68.11	44.59
151.92	148.17
261.22	130.47
141.13	132.25
87.51	126.50
154.57	194.67
462.88	277.50
176.50	151.00
365.58	336.00
134.83	110.67
79.94	44.50
467.33	530.67
264.00	103.67
78.55	61.77
107.44	126.37
121.50	44.33
4230.88	4667.00
186.00	209.00
42.00	34.30
174.38	156.50
100.55	110.21
168.64	126.83
331.47	452.60
396.59	398.67
401.78	312.60
84.14	97.31
433.62	420.00
2496.65	4731.97
221.45	131.62
181.18	186.49
182.50	123.00
74.71	57.24
223.38	272.80
322.17	358.78
5.20	4.80
214.69	206.62
125.20	143.25
833.00	1200.80
155.78	181.68
225.89	241.62
115.62	138.00
323.43	298.75
375.09	487.67
193.96	191.25
11406.50	548.33
85.19	134.50
278.25	392.67
120.27	108.66
815.12	345.67
738.70	1363.14
221.21	222.29
167.90	130.78
105.90	95.83
161.62	132.25
75.40	76.00
122.65	67.97
114.18	87.98
112.89	114.21
601.24	882.60
243.33	202.00
94.15	90.80
165.52	180.32
293.50	391.67
215.32	198.33
203.48	183.98
188.22	182.00
312.60	406.40
213.59	168.70
189.30	106.25
115.86	92.33
140.93	171.70
135.18	70.00
265.09	268.57
117.82	179.25
597.17	475.33
507.86	626.00
433.00	407.38
290.69	234.20
233.50	208.67
110.32	85.63
103.48	151.33
151.00	123.00
145.83	205.33
188.61	111.00
163.45	141.58
504.45	412.25
165.85	107.18
76.62	73.25
287.35	279.35
147.66	57.65
242.81	344.67
174.83	165.00
601.69	658.95
205.57	161.33
907.02	268.11
256.46	273.00
86.00	78.67
214.87	208.50
220.62	292.80
930.00	952.50
443.59	203.54
280.18	313.00
167.54	147.50
264.67	430.33
79.00	87.53
442.00	430.67
155.24	167.61
74.35	41.00
248.50	91.67
170.17	161.33
28.13	27.44
213.67	209.00
187.22	198.20
179.33	204.33
192.06	162.52
545.12	547.00
197.70	235.50
121.64	93.16
114.05	170.93
37.85	103.96
145.50	102.00
126.26	106.60
87.66	68.75
209.35	154.38
188.09	198.00
103.73	119.28
286.86	252.25
78.78	43.54
183.75	61.00
116.56	113.60
182.37	158.75
578.50	684.60
45.59	31.15
61.23	81.70
308.41	348.79
105.77	127.75
242.52	134.54
176.50	195.33
94.31	88.99
81.92	103.33
282.48	234.67
172.62	148.33
523.81	291.31
267.62	337.40
129.83	128.00
181.34	232.30
50.67	66.20
172.97	248.33
99.86	94.00
119.97	184.00
105.61	72.16
195.00	153.75
346.44	157.20
368.25	178.50
220.38	168.83
421.25	705.33
139.82	163.30
331.17	190.03
111.64	120.29
153.40	154.67
235.67	217.33
186.10	69.00
146.37	89.60
151.71	190.33
254.56	234.33
167.42	51.80
179.25	192.40
214.67	271.50
226.50	248.67
578.33	323.67
368.00	397.00
235.33	198.33
184.19	108.80
29.08	32.70
179.71	130.50
333.58	555.50
94.00	81.83
157.89	185.29
342.83	336.00
61.31	67.50
440.03	763.33
98.49	138.33
106.31	129.60
206.49	259.99
368.20	711.33
316.93	270.00
269.98	468.33
341.18	123.53
269.00	312.00
274.71	331.67
140.93	127.87
259.56	286.60
413.37	434.38
219.17	298.33
63.37	116.67
143.40	165.50
364.45	243.70
196.52	154.17
235.58	246.40
109.74	107.96
96.66	36.98
181.40	233.83
169.67	208.67
311.38	358.00
251.61	237.89
161.54	213.75
66.18	118.00
618.91	240.50
106.68	73.00
161.88	178.62
1136.58	969.78
815.25	254.17
122.35	127.60
290.33	205.00
170.81	395.67
114.97	52.27
274.58	136.38
115.56	142.00
206.00	149.50
424.64	542.00
331.15	309.80
135.29	130.25
236.29	308.29
475.00	152.00
102.20	116.92
225.50	265.00
268.83	382.00
260.75	270.20
205.45	205.33
164.82	213.50
280.63	194.67
951.67	1725.67
174.21	233.50
395.33	388.67
48.63	29.27
111.32	110.32
277.64	413.25
294.81	392.40
149.65	17.37
192.17	157.38
150.72	197.00
363.56	632.33
88.84	85.48
166.16	166.10
410.50	593.25
216.66	204.40
237.33	397.80
174.16	246.19
445.33	417.14
302.64	497.18
370.12	313.40
167.47	99.60
159.94	147.68
142.37	88.20
155.91	89.23
350.29	334.67
318.78	238.67
328.62	284.00
106.44	128.66
262.25	204.25
1052.66	187.13
339.00	422.00
141.67	44.72
469.33	544.00
710.00	727.07
72.53	94.00
476.33	545.33
187.50	147.25
305.56	276.64
400.00	492.00
269.91	197.50
274.37	415.53
126.77	127.16
392.83	363.00
244.33	198.80
467.55	493.60
229.55	303.00
231.86	179.50
1011.29	1610.26
41.83	49.31
847.29	832.33
201.14	201.33
246.00	273.67
353.14	385.67
193.87	253.75
445.50	479.50
146.58	191.40
139.29	164.67
272.66	78.50
101.81	43.28
135.44	136.86
209.19	194.67
320.38	122.40
201.29	185.33
328.72	159.31
48.94	42.60
438.17	474.33
158.36	162.00
75.25	84.43
99.00	66.75
169.58	143.19
257.10	298.60
225.00	278.33
85.14	115.75
383.43	77.25
63.84	41.67
105.14	147.00
360.83	323.00
116.83	80.20
262.57	305.57
314.64	302.00
163.68	231.47
236.05	244.94
69.83	40.67
102.00	110.00
113.09	76.93
40.94	41.60
265.50	503.67
287.00	525.33
276.20	290.20
278.33	262.67
719.93	148.43
1086.36	412.43
257.33	245.33
184.44	268.67
446.88	188.00
120.24	95.30
151.93	222.66
765.50	808.38
637.49	224.62
1310.60	1359.86
35.79	10.77
2549.64	2276.43
159.67	151.25
705.29	1045.00
129.31	40.95
123.83	171.00
176.59	271.00
39.19	35.96
193.17	277.67
383.18	231.50
578.67	398.00
264.88	323.75
110.82	73.63
97.35	120.72
79.52	69.95
266.00	199.50
568.00	578.33
85.66	67.58
970.00	1048.25
291.21	370.00
51.17	65.10
259.98	96.93
324.62	418.33
189.80	137.00
127.57	132.80
103.25	132.60
103.75	114.20
174.01	151.75
1332.36	3088.33
202.49	231.36
15.38	18.17
93.87	87.20
42.83	36.53
630.00	46.67
89.41	65.21
1486.67	3608.67
157.10	198.00
231.33	351.67
53.31	70.97
179.51	213.45
741.00	969.80
383.92	161.38
214.59	57.60
136.98	65.97
228.67	256.78
311.12	426.25
102.85	63.56
29.27	25.20
93.25	167.33
478.50	644.40
151.75	184.67
184.89	185.25
411.49	377.26
181.03	351.90
315.84	419.22
369.50	284.00
313.12	404.00
75.57	45.43
153.69	145.62
327.09	308.85
260.47	330.55
487.37	294.40
85.36	42.86
102.28	127.32
174.50	220.33
1239.14	128.05
609.93	616.33
297.29	332.75
74.70	41.51
175.88	218.78
352.00	318.00
229.67	355.00
112.66	116.45
341.00	533.33
401.29	488.75
387.00	322.10
253.46	256.55
68.69	111.53
707.00	979.33
81.67	84.67
157.14	191.00
441.21	387.30
83.73	44.60
61.40	62.06
226.57	246.04
138.13	142.27
9.28	9.00
451.33	579.33
241.83	362.33
154.10	96.03
307.22	299.60
258.99	233.19
244.17	295.33
131.01	156.67
152.89	153.31
155.64	120.63
97.69	118.50
67.67	41.32
264.83	261.33
42.32	14.30
189.83	164.33
124.99	116.98
167.72	15.13
144.08	171.94
242.35	355.00
226.22	218.60
279.89	360.40
291.45	398.40
171.50	156.40
99.64	109.22
478.22	261.67
136.16	175.52
163.69	187.62
184.18	193.00
269.18	351.40
154.48	114.63
194.37	149.25
127.50	120.50
208.11	235.75
117.14	120.50
602.67	637.00
162.00	172.67
116.03	54.68
475.60	466.43
99.73	129.00
154.05	252.20
81.75	108.33
290.10	227.16
162.38	122.00
223.30	239.71
167.30	95.99
389.36	473.56
609.00	497.40
223.75	260.25
238.88	149.00
290.78	250.71
128.29	127.25
357.83	325.00
48.31	84.29
329.98	431.96
358.62	440.60
216.76	176.29
99.18	98.19
281.80	305.80
191.49	127.00
229.83	151.67
233.67	57.33
323.73	46.45
347.29	404.33
377.57	725.00
331.67	323.25
19.12	21.00
143.45	131.20
155.48	242.33
237.00	372.00
159.43	110.25
2462.81	2355.91
2918.43	107.67
28.92	29.36
172.75	189.85
165.78	96.57
122.91	171.00
115.63	100.60
370.81	248.00
106.30	99.00
275.33	255.67
322.00	415.00
231.28	244.48
193.49	204.36
329.91	395.47
1565.40	1087.44
391.00	405.88
866.06	1038.88
73.66	85.00
224.97	287.44
224.79	194.19
404.15	188.33
1536.67	2557.65
185.71	176.30
288.64	285.29
235.16	238.60
367.96	643.43
257.67	231.78
375.14	300.67
497.00	217.33
100.70	72.73
191.00	260.67
209.00	257.50
275.00	358.67
294.25	248.25
136.93	177.78
144.26	102.00
429.61	556.08
134.48	173.00
170.86	138.00
266.29	255.50
1161.26	1960.25
204.94	205.73
116.67	209.33
235.75	218.00
339.11	325.50
657.50	797.00
298.40	325.94
213.00	221.00
401.50	508.00
139.65	97.63
138.27	197.60
201.75	185.60
157.79	38.58
297.00	310.67
111.66	88.20
189.25	183.95
784.71	1123.75
236.17	217.33
39.25	62.67
268.53	240.12
135.42	123.00
1226.83	1137.00
54.35	54.98
48.99	77.96
409.17	388.00
82.42	100.33
251.33	110.33
396.25	463.50
113.32	126.63
242.17	185.33
131.14	128.33
105.13	65.34
511.17	907.67
359.35	461.00
66.31	83.55
56.52	82.41
168.25	158.40
106.29	114.33
689.50	658.67
399.83	464.33
263.57	414.00
215.40	235.60
191.16	198.60
43.68	47.65
155.86	134.75
130.00	61.33
566.00	645.25
3992.92	3852.00
212.57	208.75
95.62	92.63
137.45	130.55
112.06	119.30
128.75	95.63
89.06	46.92
15.54	10.46
4.67	4.52
154.25	133.80
146.34	179.00
147.29	158.25
123.06	130.67
372.71	469.67
408.56	653.57
187.08	118.25
166.92	147.30
294.06	310.08
253.70	273.29
86.61	99.88
413.83	492.00
284.67	366.60
123.15	71.93
257.00	268.20
496.25	518.70
92.70	89.20
41.78	27.27
101.44	126.00
529.42	258.50
597.94	440.30
241.93	257.88
233.95	251.21
35.57	21.07
396.17	213.67
251.63	20.68
214.60	219.00
64.97	61.23
185.57	311.33
86.17	62.82
131.00	167.33
168.36	167.12
400.17	451.00
384.35	453.83
168.31	174.60
84.33	91.99
579.89	512.48
259.29	271.00
163.93	232.00
75.00	10.47
161.00	98.28
236.74	271.45
238.15	255.30
34.63	15.73
1393.20	1607.33
277.43	157.00
87.98	103.13
238.45	232.17
150.98	134.63
289.00	239.00
87.74	55.38
559.14	530.25
105.25	76.00
369.88	370.59
217.22	208.00
272.50	374.67
299.11	307.40
275.88	249.22
352.33	337.67
206.91	163.25
143.68	179.21
77.29	83.00
724.14	537.67
25.14	4.63
212.08	260.67
157.29	135.75
200.80	237.03
527.92	623.88
124.50	87.67
434.00	452.60
294.17	410.00
147.00	137.46
355.61	342.60
147.15	233.30
187.59	248.42
129.32	73.63
77.05	39.35
309.00	332.67
829.87	1306.67
359.00	315.75
227.57	233.50
281.70	260.25
107.05	23.80
209.50	261.00
468.56	445.33
680.50	873.30
244.20	248.00
343.00	454.67
393.54	442.14
169.69	75.03
180.61	226.75
450.86	437.25
223.23	230.57
78.80	66.17
1797.17	2453.00
281.53	224.99
237.66	141.83
183.50	258.67
186.87	208.30
626.50	208.60
268.71	228.67
369.71	388.50
181.29	249.00
11.16	10.53
99.14	41.96
350.71	490.00
345.33	172.33
172.83	195.00
1138.62	1680.20
428.67	425.00
203.04	298.95
405.00	312.20
17.53	17.90
142.67	102.67
227.13	183.97
252.14	251.00
6.93	6.17
230.35	254.22
353.86	414.75
156.50	121.33
301.98	448.80
1064.67	114.00
294.99	204.63
2392.39	2725.02
457.20	664.00
73.07	51.51
350.33	355.60
503.75	619.40
726.86	698.25
111.22	97.83
144.83	148.33
670.39	1013.95
1189.22	2860.00
147.58	182.38
372.57	427.71
325.67	323.04
51.07	57.50
187.59	273.60
1417.97	1361.96
109.00	85.67
1173.58	109.15
147.12	134.00
1650.30	298.67
2330.14	2158.75
63.90	72.00
360.22	158.00
150.10	217.33
237.08	191.16
332.89	373.33
449.83	421.33
349.00	368.75
2207.50	1456.67
557.56	665.29
40.60	31.63
150.83	135.33
110.33	99.33
194.10	163.83
278.43	274.67
195.00	268.00
280.43	260.67
785.86	751.33
389.83	375.67
1312.75	195.00
196.92	147.57
178.83	144.67
145.06	131.08
302.10	250.86
84.13	95.97
145.40	138.31
265.00	215.75
219.64	218.62
138.60	101.67
262.50	323.75
325.27	372.22
176.67	138.00
160.13	112.23
14.43	37.14
160.50	198.00
701.86	293.75
188.85	217.80
174.54	205.97
139.19	75.24
389.33	432.67
120.92	168.68
206.44	229.46
487.33	235.33
151.08	157.80
154.72	167.65
182.12	165.22
499.44	635.20
186.71	190.72
80.01	26.62
377.47	400.50
169.17	64.67
291.86	234.75
155.00	124.00
510.13	275.27
179.88	176.00
91.16	124.85
220.58	217.12
1452.33	1682.33
225.00	248.33
973.62	1185.88
197.00	248.50
3561.17	3331.19
64.45	36.32
207.60	121.50
360.00	266.40
264.37	286.90
235.67	260.67
35.94	37.33
279.57	304.50
181.98	220.95
142.84	181.22
311.00	231.75
148.81	258.07
501.90	325.50
1036.00	2036.00
178.00	145.66
121.04	114.27
11.14	11.66
447.00	458.67
370.09	296.67
408.81	308.73
82.01	66.33
228.61	312.00
269.93	273.42
539.91	727.29
62.76	67.47
213.75	207.22
1345.92	1326.80
329.31	321.38
389.38	468.60
597.83	858.00
84.72	86.86
123.39	129.93
270.87	322.80
93.36	138.95
33.93	48.47
148.15	160.88
267.33	270.33
229.72	245.00
167.35	165.70
5.61	2.44
111.02	150.80
162.92	163.20
124.58	178.00
56.71	46.56
1327.71	968.00
258.10	391.00
136.33	98.67
79.99	63.52
156.93	162.78
138.97	76.70
507.95	401.91
152.25	174.33
227.38	304.00
146.83	194.67
150.83	139.78
116.83	104.70
65.18	84.07
190.47	156.67
20.66	18.43
380.33	373.00
296.36	460.43
243.29	187.50
172.88	116.24
251.75	229.80
62.23	74.95
336.33	251.00
413.80	487.71
120.82	121.41
73.77	59.66
34.87	25.37
243.81	316.48
304.00	250.20
121.24	97.11
148.83	124.00
