user_id_new	item_id_new
128	0
42	0
404	0
34	1
49	2
46	2
45	2
215	2
168	2
109	2
67	2
169	2
112	2
168	3
49	3
4	3
46	3
215	3
45	3
109	3
67	3
169	3
46	4
49	4
110	4
169	4
50	4
173	4
108	5
37	5
33	5
79	5
153	5
221	5
34	5
65	5
1	8237
82	8238
711	8238
756	8238
769	6
364	6
656	6
1517	6
896	6
42	6
1670	6
575	6
1122	6
597	6
3031	6
478	6
194	6
557	6
694	6
249	7
2706	7
380	7
1347	7
490	7
2323	7
583	7
373	7
741	7
523	8239
37	8
108	8
96	8
9	8
33	8
55	8
115	8
149	8
196	8
151	8
221	8
86	8
223	8
34	8
108	9
24	9
52	9
62	9
250	9
37	9
53	9
79	9
132	9
54	9
72	9
96	9
115	9
80	9
94	9
73	9
57	9
147	9
9	9
59	9
221	9
109	9
95	9
152	9
196	9
149	9
523	9
40	9
86	9
136	9
27	9
92	9
223	9
26	9
65	9
64	9
62	10
79	10
9	10
33	10
72	10
54	10
407	10
86	10
65	10
34	10
116	10
153	10
137	10
9	11
62	11
33	11
72	11
93	11
43	11
493	12
620	12
224	12
51	13
69	13
214	13
49	13
5	13
192	13
50	13
173	13
44	13
190	13
168	13
233	13
51	14
215	14
422	14
67	14
169	14
173	14
4	15
49	15
215	15
190	15
109	15
50	15
107	16
28	16
99	16
79	16
108	16
37	16
114	16
250	16
100	16
30	16
78	16
9	16
83	16
32	16
72	16
102	16
134	16
11	16
132	16
73	16
133	16
143	16
96	16
88	16
33	16
86	16
221	16
89	16
196	16
98	16
150	16
95	16
40	16
91	16
43	16
25	16
136	16
64	16
65	16
34	16
66	16
92	16
223	16
24	17
29	17
79	17
99	17
107	17
250	17
39	17
108	17
187	17
37	17
114	17
53	17
52	17
55	17
78	17
72	17
87	17
93	17
102	17
80	17
134	17
132	17
133	17
143	17
9	17
83	17
33	17
147	17
10	17
73	17
101	17
58	17
221	17
95	17
89	17
40	17
149	17
196	17
150	17
152	17
61	17
98	17
153	17
43	17
136	17
91	17
86	17
27	17
34	17
223	17
92	17
69	18
46	18
129	18
110	18
45	18
215	18
5	18
119	18
234	18
192	18
49	18
106	18
7	18
282	18
130	18
173	18
112	18
50	18
127	18
169	18
109	18
190	18
168	18
233	18
47	18
0	8240
341	8240
2	19
215	20
45	20
49	20
50	20
126	20
173	20
144	21
62	21
28	21
52	21
78	21
132	21
97	21
99	21
30	21
100	21
250	21
9	21
134	21
102	21
93	21
54	21
87	21
115	21
225	21
80	21
32	21
82	21
148	21
83	21
147	21
128	21
33	21
53	21
221	21
135	21
226	21
59	21
90	21
40	21
1763	21
89	21
109	21
86	21
84	21
153	21
25	21
137	21
91	21
92	21
223	21
34	21
26	21
24	22
107	22
52	22
1110	22
70	22
62	22
250	22
113	22
30	22
37	22
108	22
132	22
128	22
9	22
102	22
93	22
54	22
1763	22
109	22
221	22
58	22
98	22
732	22
89	22
153	22
25	22
137	22
27	22
91	22
92	22
223	22
532	22
34	22
31	23
99	23
62	23
107	23
52	23
1110	23
79	23
3781	23
30	23
108	23
1763	23
745	23
37	23
250	23
132	23
145	23
133	23
54	23
93	23
102	23
143	23
9	23
33	23
221	23
59	23
407	23
109	23
86	23
465	23
796	23
60	23
64	23
196	23
35	23
149	23
151	23
98	23
137	23
128	23
25	23
153	23
65	23
84	23
223	23
532	23
34	23
26	23
671	24
349	24
1775	24
1535	24
541	24
466	24
56	25
39	25
152	25
251	25
9	26
58	26
132	26
65	26
86	26
148	26
56	26
55	26
134	26
82	26
81	26
77	26
133	26
223	26
62	26
27	26
30	26
79	26
153	26
196	26
10	26
80	26
64	26
146	26
108	26
33	26
221	26
109	26
43	26
92	26
91	26
59	26
149	26
229	26
61	26
28	26
107	26
52	26
78	26
143	26
250	26
136	26
218	26
187	26
114	26
132	27
80	27
94	27
148	27
30	27
151	27
29	27
250	27
196	27
86	27
64	27
223	27
137	27
153	27
101	27
2903	8241
11	8241
61	8241
151	8241
1380	28
215	30
45	30
119	30
49	30
48	30
7	30
282	30
129	30
168	30
173	30
9	31
31	31
250	31
99	31
146	31
102	31
134	31
93	31
82	31
128	31
75	31
221	31
60	31
151	31
35	31
153	31
25	31
137	31
92	31
34	31
65	31
2503	31
780	8242
215	32
49	32
6	32
106	32
45	32
8	32
169	32
127	32
173	32
215	33
106	33
49	33
8	33
6	33
169	33
127	33
47	33
173	33
28	34
9	34
133	34
62	34
99	34
72	34
102	34
153	34
221	34
64	34
34	34
223	34
92	34
43	34
250	35
144	35
70	35
108	35
78	35
82	35
2101	35
102	35
83	35
128	35
654	35
9	35
96	35
97	35
132	35
33	35
109	35
221	35
226	35
60	35
90	35
152	35
153	35
25	35
137	35
563	35
64	35
27	35
529	36
719	36
29	36
2232	36
130	36
78	36
54	36
87	36
82	36
57	36
341	36
226	36
40	36
671	36
105	37
45	37
192	37
49	37
7	37
168	37
19	38
159	38
162	38
417	38
384	38
655	38
1044	39
300	39
1373	39
1626	39
469	39
237	39
365	39
3224	39
350	39
51	40
129	40
215	40
105	40
7	40
119	40
106	40
234	40
130	40
192	40
8	40
190	40
67	40
169	40
112	40
173	40
50	40
51	41
105	41
192	41
106	41
7	41
45	41
127	41
67	41
173	41
5	42
128	42
45	42
192	42
4	42
7	42
173	42
523	42
127	42
168	42
51	43
45	43
47	43
214	43
7	43
48	43
215	43
190	43
127	43
912	43
50	43
105	44
110	44
49	44
7	44
282	44
112	44
250	45
108	45
101	45
531	45
33	45
436	45
684	45
128	45
764	8243
682	8243
562	8243
2563	8243
131	8243
398	8243
1764	8243
544	8243
600	8243
620	8244
2004	46
145	46
52	46
144	46
99	46
29	46
250	46
114	46
96	46
9	46
102	46
148	46
33	46
146	46
109	46
221	46
95	46
152	46
150	46
149	46
64	46
137	46
153	46
3228	46
34	46
222	46
27	46
1065	8245
9	47
79	47
37	47
108	47
73	47
55	47
40	47
65	47
34	47
153	47
154	48
2034	48
156	48
157	48
158	48
155	48
31	49
133	49
114	49
250	49
29	49
79	49
99	49
96	49
81	49
134	49
9	49
11	49
33	49
56	49
10	49
82	49
407	49
221	49
109	49
251	49
95	49
229	49
90	49
86	49
64	49
65	49
34	49
223	49
92	49
136	49
25	49
91	49
2034	50
154	50
156	50
142	50
158	50
155	50
157	50
2034	51
140	51
138	51
141	51
2034	52
140	52
138	52
141	52
551	53
1767	53
302	53
342	53
1128	53
990	53
2340	53
640	53
605	53
2391	53
324	53
540	53
2053	53
1766	53
655	53
344	53
2016	53
374	53
1377	53
477	53
1623	53
314	53
517	53
828	53
42	53
387	53
521	53
370	53
282	54
49	54
4	54
5	54
214	54
8	54
112	54
190	54
67	54
50	54
110	55
45	55
215	55
282	55
48	55
111	55
6	55
46	55
5	55
105	55
226	55
436	55
173	55
195	55
684	55
190	55
2506	8246
553	8247
3617	8248
48	56
282	56
215	56
119	56
214	56
2734	56
190	56
67	56
61	57
3886	8249
233	58
215	58
784	58
192	58
49	58
2903	58
50	58
109	58
1663	59
589	59
406	59
502	59
1984	59
387	59
181	59
385	59
487	60
600	60
2092	60
3797	60
401	60
1044	61
1295	61
2397	61
165	61
486	61
426	61
642	61
655	61
772	61
282	63
119	63
49	63
105	63
51	63
46	63
129	63
45	63
7	63
8	63
168	63
47	63
109	63
523	63
1072	64
7	65
4	65
49	65
282	65
50	65
169	65
8	65
1003	8250
129	66
282	66
215	66
45	66
48	66
105	66
57	66
49	66
7	66
6	66
8	66
169	66
109	66
190	66
124	67
215	67
214	67
8	67
69	67
105	67
4	67
192	67
49	67
7	67
173	67
50	67
169	67
47	67
3458	8251
129	69
125	69
119	69
7	69
48	69
194	69
168	69
466	69
407	69
67	69
173	69
216	69
105	70
33	70
51	70
8	70
190	70
357	70
466	70
627	70
50	70
40	70
49	71
192	71
214	71
51	71
220	71
70	71
50	71
118	71
173	71
48	72
96	72
8	72
45	72
187	72
282	72
215	72
46	72
9	72
49	72
106	72
102	72
119	72
592	72
7	72
11	72
105	72
192	72
169	72
67	72
221	72
109	72
2001	72
173	72
112	72
47	72
190	72
64	72
34	72
124	73
1110	73
129	73
46	73
45	73
215	73
108	73
8	73
48	73
250	73
51	73
282	73
30	73
171	73
87	73
592	73
7	73
11	73
115	73
49	73
214	73
128	73
10	73
192	73
94	73
80	73
221	73
109	73
190	73
64	73
34	73
67	73
223	73
40	73
173	73
112	73
169	73
90	73
92	73
168	73
137	73
47	73
367	74
502	74
363	74
1638	74
1883	74
1981	74
1782	74
353	74
478	74
1764	74
388	75
383	75
116	75
517	75
582	75
179	75
737	75
163	75
677	75
676	75
210	75
369	75
495	75
240	75
468	75
1135	75
700	75
462	75
1593	75
995	76
828	76
210	76
312	76
1109	76
764	76
631	76
426	76
436	76
576	76
1764	76
184	76
2709	77
383	77
1374	77
1197	77
244	77
324	77
1510	77
453	77
1008	77
582	77
323	77
495	77
473	77
897	77
642	77
1128	77
1593	77
576	77
1172	77
1032	77
1640	77
282	78
8	78
119	78
6	78
51	78
215	78
553	78
190	78
47	78
195	78
111	79
48	79
69	79
105	79
5	79
192	79
6	79
173	79
194	79
45	80
111	80
442	80
137	80
65	80
95	80
194	80
1454	81
282	81
69	81
192	81
49	81
119	81
7	81
118	81
34	81
137	81
194	81
620	83
187	83
968	8252
24	84
250	84
29	84
144	84
116	84
3307	84
1763	84
108	84
442	84
82	84
32	84
115	84
93	84
102	84
134	84
70	84
31	84
577	84
133	84
96	84
9	84
33	84
226	84
117	84
86	84
237	84
153	84
40	84
152	84
27	84
91	84
137	84
42	84
128	84
238	84
25	84
443	84
36	84
64	84
532	84
563	84
34	84
92	84
377	84
2007	8253
527	8253
187	85
531	85
921	85
235	85
44	85
284	85
24	86
921	86
70	86
82	86
9	86
33	86
223	86
95	86
442	86
40	86
35	86
151	86
86	86
377	86
137	86
42	86
25	86
2503	86
684	86
1615	86
36	86
858	87
2195	88
707	88
93	88
11	88
151	88
152	88
442	91
128	91
377	91
7	92
119	92
49	92
112	92
173	92
1823	8254
535	8254
1799	8255
82	8256
1750	8256
128	93
105	93
282	93
7	93
42	93
50	93
173	93
7	94
119	94
57	94
215	94
282	94
187	94
51	94
171	94
168	94
109	94
190	94
47	94
1778	95
118	95
828	95
128	95
357	95
226	95
466	95
544	95
2232	96
226	96
828	96
357	96
466	96
128	96
690	97
131	97
219	97
787	97
341	97
75	97
2101	98
219	98
690	98
235	98
75	98
341	98
690	99
131	99
219	99
341	99
75	99
690	100
219	100
131	100
1891	100
341	100
75	100
57	101
523	101
29	102
79	102
24	102
108	102
1110	102
3307	102
225	102
102	102
11	102
82	102
9	102
921	102
133	102
33	102
128	102
10	102
442	102
109	102
153	102
40	102
152	102
86	102
91	102
27	102
137	102
34	102
92	102
377	102
3664	103
199	103
342	103
200	103
632	103
700	103
74	103
1015	104
302	104
860	104
420	104
74	104
334	104
367	105
220	105
1761	105
453	105
576	105
353	105
573	105
1183	105
1398	105
70	106
128	106
828	106
357	106
226	106
544	106
79	107
99	107
24	107
107	107
108	107
100	107
223	107
102	107
88	107
132	107
133	107
97	107
9	107
146	107
33	107
10	107
98	107
227	107
221	107
89	107
95	107
149	107
229	107
151	107
61	107
38	107
64	107
34	107
92	107
91	107
215	108
49	108
6	108
106	108
7	108
173	108
127	108
169	108
8	108
614	108
224	108
298	8257
199	8257
2740	8257
1438	8257
108	8257
83	8257
981	8257
1056	8258
3080	8259
130	110
2101	110
192	110
214	110
577	110
845	110
126	110
127	110
442	110
448	111
1638	111
977	111
312	111
1538	111
2396	111
179	111
688	111
550	111
349	111
2706	111
2340	111
538	111
1767	111
1298	111
2323	111
324	111
548	111
588	111
332	111
1623	111
1666	111
2053	111
880	111
186	111
466	111
167	111
1158	111
1515	111
1172	111
1186	111
1764	111
1290	111
497	111
279	8260
45	114
111	114
48	114
3604	114
119	114
192	114
105	114
190	114
67	114
169	114
127	114
195	114
193	114
291	115
602	116
1671	116
1222	8261
1469	8261
784	117
1865	8262
928	8262
1895	8262
3716	118
2579	118
808	118
5	119
215	119
49	119
7	119
169	119
422	119
282	120
48	120
8	120
592	120
73	120
46	120
69	120
105	120
10	120
5	120
192	120
119	120
67	120
64	120
173	120
34	120
168	120
47	120
11	121
86	121
153	121
137	121
1185	8263
128	122
1068	122
1136	8264
1399	8265
2218	8265
1575	8265
620	124
2742	125
300	125
235	125
179	125
774	125
701	125
1012	125
3204	125
604	125
592	125
654	125
2719	125
1044	125
148	125
82	125
360	125
767	125
2449	125
897	125
2117	125
353	125
397	125
2237	125
425	125
1906	125
647	125
636	125
790	125
1289	125
966	125
880	125
424	125
366	125
2738	125
442	125
333	125
525	125
1900	125
180	125
267	125
1098	127
1061	127
1706	127
362	127
1060	127
2016	127
1721	127
133	128
29	128
84	128
72	128
93	128
102	128
11	128
2390	128
9	128
33	128
63	128
137	128
153	128
64	128
65	128
34	128
3427	8266
1854	8267
1046	8268
1343	130
2709	130
1872	8269
784	8270
388	132
381	132
1287	132
783	132
659	132
1110	132
1013	132
423	132
585	132
1426	132
453	132
798	132
2393	132
490	132
575	132
454	132
1981	132
74	132
226	132
316	132
1000	132
1532	132
277	132
664	132
557	132
116	132
600	132
777	132
292	132
172	132
386	132
688	133
995	133
1526	133
562	133
300	133
836	133
2340	133
2124	133
286	133
1426	133
1578	133
577	133
1110	133
1564	133
503	133
1595	133
1140	133
860	133
2705	133
1139	133
1637	133
1172	133
576	133
2475	133
602	133
556	133
546	134
182	134
18	134
498	134
263	134
502	134
242	134
477	134
241	134
197	134
159	134
1695	134
1592	134
399	134
1000	134
2016	134
570	134
1139	134
1811	134
1773	134
366	134
503	134
1637	134
269	134
351	134
367	134
418	134
16	134
176	135
12	135
396	135
380	135
2323	135
1773	135
477	135
1907	135
1010	135
1290	135
386	135
833	136
317	136
789	136
383	136
2340	136
585	136
197	136
1186	136
266	136
1478	136
2520	136
321	136
325	136
1550	136
612	136
2124	137
300	137
388	137
309	137
1638	137
235	137
71	137
1571	137
70	137
1664	137
577	137
1044	137
654	137
548	137
310	137
600	137
509	137
1660	137
572	137
485	137
384	137
503	137
860	137
1512	137
314	137
1112	137
602	137
1641	137
563	137
181	137
1564	137
1157	138
569	138
2303	138
550	138
175	138
15	138
605	138
676	138
677	138
1525	138
1649	138
339	138
573	138
2016	138
366	138
1374	138
2480	138
334	138
353	138
176	139
13	139
317	139
383	139
550	139
2396	139
677	139
490	139
2340	139
1298	139
2323	139
88	139
325	139
1981	139
1000	139
485	139
740	139
180	139
1158	139
578	139
514	140
49	142
124	142
195	142
614	142
1398	142
173	142
199	143
1901	8271
1865	8271
1384	8271
128	144
3281	8272
145	145
92	145
9	145
33	145
251	145
151	145
707	8273
2732	146
3744	146
578	146
214	147
46	147
8	147
5	147
192	147
47	147
112	147
173	147
129	148
51	148
125	148
105	148
5	148
6	148
119	148
48	148
8	148
173	148
127	148
67	148
195	148
47	148
168	148
2821	8274
1321	8275
1343	150
108	150
1649	150
1420	151
1962	151
1517	151
1427	151
493	151
501	151
3833	151
768	151
548	151
372	151
595	151
390	151
2670	151
467	151
490	151
1032	151
1782	151
3787	151
1611	151
1531	151
1592	151
597	151
2398	151
205	151
1533	151
377	151
1509	152
720	152
1427	152
1287	152
1798	152
276	152
1642	152
471	152
467	152
990	152
595	152
242	152
390	152
116	152
1902	152
1172	152
1811	152
186	152
2582	152
570	152
503	152
306	152
370	152
1637	152
1564	152
561	153
1427	153
1521	153
1287	153
303	153
1798	153
1523	153
467	153
502	153
605	153
1662	153
1664	153
390	153
220	153
537	153
503	153
572	153
1902	153
374	153
2582	153
575	153
655	153
226	153
314	153
576	153
306	153
1112	153
1963	153
386	153
105	154
168	154
192	154
49	154
7	154
195	154
109	154
614	154
127	154
1287	155
302	155
1459	155
493	155
561	155
688	155
1777	155
405	155
1292	155
592	155
539	155
174	155
1426	155
372	155
595	155
1286	155
1044	155
220	155
70	155
1110	155
300	155
1523	155
1637	155
339	155
1140	155
503	155
1530	155
226	155
575	155
570	155
684	155
664	155
116	155
1112	155
292	155
353	155
316	155
563	155
680	155
381	156
382	156
1287	156
302	156
395	156
482	156
1197	156
300	156
241	156
1662	156
508	156
1044	156
1015	156
1664	156
574	156
575	156
594	156
1122	156
503	156
1637	156
494	156
699	156
346	156
166	156
316	156
415	156
1523	156
263	156
269	156
306	156
12	157
176	157
1958	157
574	157
2323	157
798	157
605	157
1015	157
592	157
330	157
1662	157
1651	157
508	157
197	157
880	157
494	157
699	157
1177	157
346	157
1592	157
351	157
1351	157
581	158
481	158
1292	158
1459	158
493	158
118	158
405	158
235	158
300	158
128	158
1589	158
1110	158
113	158
640	158
539	158
241	158
1426	158
1044	158
798	158
1013	158
664	158
1514	158
340	158
339	158
226	158
385	158
570	158
485	158
1881	158
452	158
473	158
116	158
277	158
1637	158
184	158
316	158
177	158
1112	158
1641	158
803	158
600	158
1764	158
1984	158
185	158
493	159
1292	159
235	159
300	159
481	159
561	159
1431	159
388	159
381	159
1287	159
302	159
1459	159
303	159
1589	159
1110	159
131	159
539	159
241	159
585	159
1662	159
1426	159
1044	159
1013	159
537	159
391	159
1523	159
503	159
384	159
575	159
385	159
880	159
570	159
1666	159
485	159
468	159
436	159
181	159
664	159
1112	159
1641	159
128	159
316	159
684	159
1637	159
1092	8276
2004	160
62	160
144	160
79	160
108	160
114	160
250	160
100	160
101	160
78	160
87	160
82	160
32	160
72	160
94	160
33	160
145	160
133	160
143	160
9	160
73	160
56	160
10	160
89	160
38	160
98	160
58	160
135	160
221	160
95	160
40	160
149	160
152	160
63	160
90	160
238	160
136	160
91	160
218	160
86	160
282	161
110	161
7	161
46	161
5	161
4	161
49	161
50	161
127	161
169	161
67	161
131	8277
170	8277
107	164
62	164
30	164
250	164
78	164
52	164
55	164
134	164
102	164
87	164
72	164
38	164
33	164
9	164
133	164
86	164
109	164
59	164
152	164
732	164
196	164
40	164
64	164
153	164
65	164
43	164
137	164
27	164
92	164
34	164
2141	8278
427	8278
1048	8278
2417	8279
3214	8280
2745	165
1853	165
953	166
1692	8281
2034	167
3494	167
3698	167
1136	8282
2191	8282
2279	8283
2697	8283
1384	8284
3781	168
813	168
439	168
2124	168
592	168
2724	168
764	169
1108	169
1759	169
2709	169
666	169
18	169
3833	169
263	169
1648	169
726	169
1578	169
2393	169
1782	169
1177	169
1140	169
655	169
1881	169
966	169
290	169
469	169
205	169
1351	169
3858	169
578	169
353	169
1637	169
2783	170
145	170
75	170
1212	170
2783	171
145	171
1212	171
75	171
46	173
110	173
130	173
3	173
173	173
169	173
44	173
47	173
179	174
1767	174
1296	174
481	174
1527	174
988	174
989	174
512	174
2340	174
670	174
121	174
570	174
1523	174
647	174
1671	174
267	174
556	174
662	174
878	174
172	174
668	174
643	174
599	174
194	174
1061	175
362	175
1252	175
1384	8285
161	176
569	176
965	176
1012	176
3159	176
955	176
201	176
592	176
162	176
539	176
990	176
1671	176
880	176
425	176
1906	176
391	176
1566	176
3740	176
1010	176
988	176
130	177
215	177
45	177
46	177
173	177
169	177
44	177
47	177
493	178
471	178
235	178
3119	178
466	178
172	178
2723	8286
638	179
145	8287
62	181
79	181
144	181
2587	181
108	181
1763	181
250	181
493	181
132	181
225	181
10	181
3885	181
1110	181
11	181
592	181
2101	181
134	181
93	181
1020	181
531	181
133	181
577	181
31	181
70	181
921	181
52	181
33	181
146	181
9	181
96	181
117	181
109	181
221	181
89	181
34	181
36	181
152	181
35	181
58	181
151	181
25	181
116	181
3307	181
377	181
92	181
223	181
137	181
27	181
1872	182
273	182
839	182
226	185
7	186
215	186
282	186
67	186
169	186
50	186
173	186
30	187
11	187
102	187
115	187
94	187
135	187
59	187
221	187
223	187
65	187
2750	8288
561	189
1292	189
481	189
200	189
1762	189
303	189
381	189
342	189
235	189
488	189
1110	189
70	189
1013	189
1044	189
324	189
1426	189
2322	189
539	189
1648	189
423	189
1121	189
386	189
118	189
181	189
572	189
2243	189
402	189
339	189
385	189
680	189
128	189
316	189
1592	189
177	189
3772	189
602	189
185	189
300	190
536	190
1287	190
1373	190
482	190
989	190
789	190
1510	190
1590	190
175	190
2919	190
287	190
131	190
1015	190
1432	190
572	190
495	190
1782	190
1306	190
465	190
419	190
586	190
664	190
116	190
1592	190
204	190
649	190
566	190
777	190
2046	190
461	190
118	191
3039	191
0	191
341	191
1136	192
1996	192
3202	193
718	8289
696	194
612	194
1540	194
1878	194
185	194
589	194
300	194
1013	194
220	194
605	194
417	194
575	194
1140	194
491	194
357	194
426	194
2092	194
1092	8290
70	195
812	195
2124	195
183	195
1635	195
253	196
388	196
562	196
274	196
3664	196
453	196
482	196
1911	196
426	196
305	196
582	196
1180	196
649	8291
493	197
1015	197
608	197
1517	197
589	197
657	197
405	197
390	197
453	197
174	197
539	197
883	197
2392	197
452	197
485	197
573	197
575	197
503	197
1566	197
1430	197
1112	197
505	197
1580	197
181	197
3050	8292
128	8292
712	8292
131	198
436	198
3426	199
2161	200
2260	200
2263	200
1358	8293
3844	8293
501	8293
101	201
37	201
33	201
133	201
72	201
134	201
40	201
61	201
89	201
223	201
92	201
125	202
8	202
119	202
111	202
195	202
127	202
169	202
2685	8294
145	203
11	203
227	203
1878	204
2397	204
389	204
562	204
1159	204
249	204
605	204
372	204
1590	204
425	204
1522	204
424	204
1881	204
663	204
636	204
895	204
1387	204
769	204
377	204
3858	204
194	204
250	206
531	206
132	206
82	206
43	206
223	206
796	206
342	207
199	207
1012	207
406	207
863	207
697	207
502	207
1120	207
324	207
592	207
768	207
2391	207
453	207
300	207
2323	207
565	207
1695	207
1295	207
1297	207
536	207
1000	207
648	207
1122	207
424	207
393	207
1301	207
491	207
636	207
612	207
369	207
367	207
267	207
881	207
164	207
307	207
1196	208
1120	208
832	208
507	208
697	208
603	208
1110	208
2236	208
1610	208
128	208
1651	208
501	208
246	208
74	208
491	208
695	208
386	208
586	208
367	208
406	208
292	208
643	208
342	209
773	209
199	209
552	209
18	209
884	209
263	209
406	209
1420	209
1526	209
2394	209
768	209
2391	209
565	209
1596	209
880	209
1000	209
1531	209
2405	209
1811	209
636	209
1480	209
612	209
369	209
393	209
307	209
681	209
1564	209
1767	210
1526	210
160	210
199	210
1565	210
12	210
1695	210
349	210
2563	210
565	210
1113	210
478	210
17	210
557	210
326	210
1743	210
1611	210
502	210
1900	210
23	210
268	210
861	210
697	211
561	211
1517	211
603	211
1287	211
2397	211
118	211
536	211
1523	211
592	211
604	211
131	211
539	211
1662	211
220	211
1526	211
0	211
70	211
1110	211
235	211
200	211
300	211
581	211
503	211
74	211
226	211
575	211
489	211
2738	211
1531	211
485	211
1632	211
339	211
509	211
207	211
237	211
1430	211
1112	211
3854	211
305	211
386	211
1564	211
406	211
1509	212
536	212
564	212
603	212
1287	212
342	212
669	212
1374	212
118	212
581	212
1632	212
406	212
300	212
1589	212
179	212
1110	212
0	212
220	212
1286	212
131	212
604	212
592	212
1015	212
1112	212
573	212
74	212
402	212
575	212
484	212
570	212
571	212
2738	212
1531	212
1671	212
207	212
315	212
1593	212
881	212
386	212
1564	212
339	212
1119	213
406	213
490	213
581	213
540	213
568	213
698	213
398	213
2850	213
1296	213
70	213
323	213
320	213
226	213
375	213
370	213
578	213
246	213
1513	213
437	213
769	213
406	214
490	214
2709	214
1296	214
1567	214
2323	214
1198	214
483	214
277	214
435	214
1000	214
655	214
1530	214
237	214
597	214
2168	214
23	214
803	214
246	214
2527	8295
1765	8295
353	8295
1065	8296
2089	8296
559	216
451	216
957	216
1777	216
1536	216
1377	216
3862	216
1512	216
483	216
347	216
261	217
1527	217
1157	217
249	217
679	217
1139	217
386	217
2080	8297
9	220
531	220
690	220
144	220
62	220
79	220
632	220
33	220
134	220
102	220
1775	220
72	220
80	220
82	220
94	220
10	220
250	220
58	220
251	220
59	220
60	220
64	220
95	220
149	220
40	220
221	220
34	220
25	220
223	220
130	223
192	223
127	223
752	224
1373	8298
794	8299
2270	8299
45	225
119	225
282	225
129	225
51	225
214	225
57	225
8	225
67	225
190	225
168	225
195	225
3781	227
2397	227
493	227
475	227
1110	227
145	227
531	227
220	227
214	227
128	227
471	227
1006	227
226	227
465	227
593	227
1776	227
1900	227
777	227
2598	227
2127	227
881	227
128	8300
357	8300
690	228
1110	228
338	228
813	228
431	228
113	228
3781	228
145	228
425	228
0	228
18	228
515	228
423	228
471	228
117	228
685	228
2237	228
436	228
787	228
178	228
544	228
684	228
128	228
1763	228
881	228
172	228
1776	228
671	228
2475	228
300	231
1109	231
1650	231
482	231
200	231
257	231
1110	231
0	231
1044	231
548	231
519	231
406	231
116	231
339	231
237	231
181	231
1515	231
180	231
246	231
1170	8301
471	8302
2396	233
300	233
70	233
659	233
548	233
538	233
501	233
339	233
1284	233
1478	233
260	233
1660	233
2740	233
300	234
1638	234
550	234
372	234
2340	234
519	234
640	234
990	234
482	234
1623	234
332	234
2890	234
1284	234
516	234
477	234
556	234
313	234
863	234
321	234
490	235
1480	235
88	235
977	235
442	235
301	235
582	235
313	235
990	235
1695	235
237	235
2480	235
1284	235
647	235
545	235
437	235
1638	235
1186	235
3748	236
1762	237
302	237
405	237
559	237
536	237
720	237
1110	237
1526	237
300	237
1642	237
537	237
0	237
718	237
1044	237
539	237
400	237
406	237
339	237
116	237
442	237
1480	237
1113	237
402	237
1594	237
246	237
207	237
341	237
181	237
1109	238
481	238
1526	238
536	238
539	238
1642	238
1110	238
537	238
0	238
718	238
1044	238
1426	238
405	238
406	238
671	238
1114	238
402	238
1113	238
1549	238
341	238
1516	238
246	238
116	238
442	238
386	238
207	238
556	238
116	239
338	239
450	239
1878	239
302	239
581	239
1632	239
518	239
405	239
1112	239
539	239
128	239
577	239
161	239
1110	239
200	239
300	239
573	239
1620	239
74	239
402	239
384	239
1284	239
350	239
739	239
572	239
339	239
503	239
207	239
2475	239
861	239
687	239
237	239
881	239
386	239
593	239
113	240
697	240
1287	240
1520	240
985	240
342	240
536	240
493	240
568	240
989	240
1632	240
487	240
300	240
200	240
0	240
1110	240
451	240
331	240
363	240
20	240
2738	240
503	240
74	240
1000	240
2407	240
485	240
452	240
596	240
116	240
2046	240
16	240
184	240
237	240
326	240
2030	240
300	241
398	241
536	241
1287	241
985	241
449	241
2392	241
482	241
1632	241
406	241
1196	241
1015	241
710	241
664	241
2124	241
604	241
1286	241
0	241
1110	241
657	241
1297	241
116	241
339	241
2407	241
226	241
403	241
570	241
1432	241
1460	241
1906	241
177	241
572	241
1782	241
291	241
1430	241
1533	241
207	241
341	241
185	241
1517	242
300	242
536	242
561	242
589	242
1109	242
493	242
331	242
235	242
451	242
128	242
2124	242
539	242
174	242
242	242
653	242
1286	242
0	242
70	242
1110	242
406	242
2117	242
339	242
503	242
74	242
226	242
237	242
2738	242
1531	242
350	242
572	242
596	242
180	242
181	242
581	242
1523	242
1632	242
393	242
803	242
881	242
185	242
563	242
561	243
589	243
1517	243
2392	243
1287	243
985	243
300	243
493	243
501	243
536	243
451	243
331	243
1110	243
70	243
161	243
0	243
653	243
560	243
2322	243
471	243
131	243
577	243
581	243
1632	243
237	243
116	243
596	243
350	243
1531	243
74	243
503	243
339	243
2117	243
881	243
314	243
393	243
180	243
128	243
386	243
1764	243
185	243
341	243
181	243
1287	244
1567	244
331	244
670	244
581	244
1632	244
300	244
451	244
393	244
2124	244
423	244
131	244
287	244
2322	244
1110	244
955	244
653	244
220	244
0	244
631	244
406	244
180	244
452	244
350	244
327	244
485	244
320	244
74	244
339	244
1666	244
314	244
181	244
321	244
128	244
497	244
881	244
386	244
185	244
985	245
2392	245
18	245
1632	245
501	245
670	245
347	245
487	245
1287	245
393	245
128	245
0	245
1157	245
631	245
1110	245
1767	245
331	245
300	245
1158	245
180	245
339	245
365	245
74	245
1666	245
2738	245
1531	245
485	245
452	245
386	245
881	245
185	245
563	245
341	245
406	246
501	246
1523	246
1632	246
367	246
499	246
18	246
988	246
1110	246
199	246
303	246
1528	246
131	246
174	246
1020	246
0	246
300	246
536	246
561	246
1287	246
1567	246
267	246
2405	246
503	246
1531	246
485	246
350	246
452	246
1532	246
74	246
207	246
181	246
1115	246
1649	246
339	246
1632	247
235	247
536	247
564	247
1517	247
1110	247
1287	247
2392	247
18	247
501	247
1536	247
405	247
710	247
2124	247
604	247
131	247
653	247
220	247
0	247
159	247
581	247
300	247
664	247
402	247
74	247
226	247
339	247
570	247
1531	247
485	247
509	247
120	247
1112	247
128	247
386	247
334	247
277	247
630	247
116	247
237	247
725	248
300	248
921	248
337	248
1767	248
605	248
310	248
1020	248
548	248
654	248
3159	248
2324	248
490	248
1429	248
1649	248
1122	248
320	248
1000	248
366	248
685	248
1764	248
2044	248
736	248
1172	248
376	248
1287	249
300	249
536	249
561	249
985	249
493	249
501	249
451	249
3159	249
653	249
1632	249
131	249
324	249
1286	249
0	249
1414	249
1695	249
921	249
1110	249
581	249
725	249
736	249
339	249
503	249
74	249
320	249
403	249
366	249
570	249
2738	249
1531	249
350	249
452	249
1811	249
586	249
1649	249
502	249
336	249
393	249
180	249
386	249
185	249
563	249
314	249
2709	250
1287	250
985	250
393	250
501	250
1632	250
406	250
116	250
561	250
536	250
2124	250
131	250
653	250
220	250
0	250
70	250
1110	250
180	250
1112	250
497	250
226	250
402	250
575	250
320	250
570	250
571	250
2738	250
1531	250
350	250
739	250
503	250
1429	250
1122	250
563	250
881	250
185	250
181	250
509	250
572	250
600	251
561	251
589	251
603	251
1287	251
302	251
1459	251
493	251
501	251
1536	251
405	251
487	251
604	251
605	251
539	251
1015	251
128	251
654	251
70	251
1110	251
406	251
1531	251
1428	251
402	251
320	251
571	251
485	251
452	251
277	251
572	251
1671	251
339	251
180	251
509	251
563	251
1112	251
42	251
207	251
561	252
2925	252
697	252
176	252
1287	252
493	252
536	252
0	252
318	252
396	252
128	252
577	252
161	252
70	252
1110	252
989	252
1656	252
571	252
1531	252
452	252
341	252
612	252
1632	252
180	252
1303	252
505	252
207	252
1110	253
1571	253
300	253
1526	253
954	253
577	253
388	253
1622	253
1639	253
2124	253
310	253
1648	253
585	253
174	253
1651	253
1426	253
921	253
116	253
341	253
1564	253
314	253
1782	253
74	253
2921	253
2238	253
572	253
259	253
316	253
576	253
1660	253
336	253
172	253
180	253
1112	253
1550	253
521	253
1517	254
300	254
536	254
561	254
487	254
1287	254
176	254
1110	254
1459	254
450	254
493	254
396	254
70	254
539	254
174	254
2124	254
2926	254
390	254
0	254
577	254
161	254
1197	254
1535	254
340	254
563	254
341	254
314	254
509	254
207	254
1531	254
452	254
572	254
120	254
505	254
581	254
1632	254
406	254
1536	254
180	254
1112	254
3854	254
291	254
1583	254
1287	255
318	255
561	255
551	255
774	255
1510	255
406	255
340	255
588	255
2030	255
1683	255
314	255
74	255
341	255
180	255
601	255
1172	255
315	255
832	256
688	256
243	256
1648	256
1528	256
1637	256
442	256
1773	256
2053	256
761	256
655	256
1139	256
1122	256
489	256
292	256
1963	256
182	257
773	257
1287	257
589	257
487	257
561	257
536	257
471	257
1571	257
451	257
0	257
2706	257
241	257
1015	257
1906	257
74	257
503	257
341	257
207	257
881	257
2240	257
237	257
16	257
263	257
1632	257
834	258
369	258
1158	258
18	258
2709	258
1295	258
587	258
2851	258
609	258
515	258
568	258
473	258
575	258
1530	258
2404	258
1428	258
629	258
2740	258
334	258
2315	259
193	259
1599	261
1823	261
1677	261
2504	8303
536	8304
390	8304
3252	262
1027	262
1677	264
1677	265
77	266
108	266
9	266
56	266
82	266
187	266
44	266
89	266
224	266
90	266
40	266
476	267
3699	8305
1155	269
1075	270
93	272
1477	272
187	272
114	272
87	272
213	272
9	272
221	272
152	272
63	272
34	272
137	272
92	272
144	8306
84	8306
90	8306
215	273
45	273
8	273
48	273
4	273
49	273
6	273
7	273
214	273
422	273
109	273
693	273
112	273
47	273
190	273
2489	274
33	275
82	275
56	275
10	275
80	275
11	275
38	275
40	275
45	276
168	276
8	276
1253	276
7	276
46	276
956	276
126	276
169	276
693	276
47	276
57	8307
3026	8307
620	8307
523	8307
341	277
192	8308
119	8308
6	8308
125	8308
614	8308
126	8308
127	8308
487	278
562	278
200	278
179	278
1013	278
2670	278
174	278
660	278
184	278
1531	278
1010	278
123	278
1578	279
208	279
364	279
2220	279
1349	279
581	279
494	279
570	279
1302	279
680	279
352	279
393	279
572	279
1663	280
2324	280
1523	280
725	280
1158	280
1811	280
1666	280
3858	280
424	280
1595	280
1764	280
764	281
342	281
2709	281
697	281
182	281
895	281
1387	281
699	281
494	281
485	281
1649	281
393	281
630	281
1761	282
264	282
18	282
2392	282
2709	282
200	282
88	282
632	282
1993	282
286	282
1375	282
671	282
1168	282
118	282
566	282
177	282
436	282
434	282
860	282
1649	282
1072	282
1010	282
630	282
420	282
649	282
329	282
682	284
697	284
3833	284
559	284
522	284
1767	284
2393	284
423	284
336	284
600	284
437	284
1122	284
1430	284
2053	284
3031	284
478	284
579	284
1520	285
364	285
1196	285
1767	285
3870	285
640	285
1981	285
353	285
468	285
426	285
1290	285
1984	285
1010	285
172	285
1348	286
490	286
368	286
1013	286
1590	286
592	286
3870	286
1629	286
469	286
1903	286
353	286
403	286
1010	286
184	286
1984	286
643	286
1290	286
421	8309
2766	287
2776	287
1276	8310
3042	288
3844	288
1212	8311
1225	289
1226	289
1417	8312
3896	8312
78	290
69	290
33	290
119	290
67	290
173	290
3841	291
858	291
115	292
137	292
2519	8313
300	293
536	293
1315	293
383	293
302	293
1520	293
1292	293
1109	293
406	293
1295	293
235	293
584	293
1110	293
423	293
1648	293
539	293
420	293
1629	293
0	293
1636	293
1822	293
1112	293
339	293
1429	293
678	293
1113	293
292	293
385	293
1114	293
1671	293
42	293
1743	293
1579	293
246	293
580	293
3031	293
341	293
556	293
607	294
303	294
849	294
493	294
347	294
1632	294
1286	294
88	294
400	294
287	294
349	294
955	294
2738	294
664	294
198	294
610	294
1835	294
226	294
1666	294
473	294
966	294
339	294
1772	294
419	294
486	294
237	294
1430	294
180	294
1533	294
16	294
386	294
1764	294
454	294
684	294
341	294
404	294
338	295
2279	295
1292	296
1420	296
832	296
235	296
303	296
501	296
664	296
300	296
1295	296
1534	296
1110	296
921	296
1044	296
174	296
467	296
592	296
536	296
442	296
402	296
1637	296
655	296
386	296
1811	296
436	296
580	296
277	296
2046	296
177	296
393	296
511	296
600	296
775	296
1636	296
1112	296
1776	296
398	297
697	297
322	297
383	297
302	297
303	297
276	297
518	297
995	297
406	297
1292	297
300	297
179	297
770	297
1426	297
1511	297
423	297
515	297
664	297
1072	297
655	297
1113	297
1516	297
580	297
207	297
1579	297
687	297
291	297
497	297
442	297
1641	297
292	297
1532	297
331	298
300	298
536	298
1292	298
449	298
1459	298
1295	298
1110	298
921	298
1013	298
1044	298
654	298
128	298
1426	298
1651	298
539	298
162	298
210	298
1140	298
1113	298
402	298
655	298
442	298
181	298
1881	298
277	298
436	298
1672	298
1637	298
600	298
511	298
393	298
1430	298
1112	298
505	298
580	298
603	299
300	299
1120	299
1292	299
381	299
331	299
1015	299
383	299
1013	299
539	299
604	299
310	299
241	299
1008	299
471	299
128	299
2220	299
493	299
655	299
1113	299
575	299
761	299
19	299
1644	299
1564	299
181	299
664	299
204	299
292	299
687	299
246	299
580	299
1292	300
3870	300
921	300
179	300
1297	300
300	300
398	300
697	300
2709	300
439	300
592	300
199	300
2394	300
2391	300
1426	300
379	300
586	300
18	300
630	300
700	300
181	300
501	300
344	300
350	300
1532	300
580	300
118	300
995	300
369	300
16	300
1641	300
497	300
687	300
451	301
561	301
1292	301
448	301
1517	301
381	301
603	301
301	301
1109	301
379	301
604	301
400	301
592	301
439	301
957	301
539	301
584	301
241	301
632	301
1426	301
128	301
995	301
166	301
1564	301
1139	301
1532	301
672	301
420	301
567	301
1641	301
404	301
580	301
353	301
1423	302
764	302
420	302
204	302
1531	302
593	302
2153	8314
1332	8314
100	303
107	303
250	303
108	303
78	303
102	303
82	303
33	303
9	303
770	303
44	303
89	303
221	303
60	303
63	303
149	303
839	303
137	303
91	303
858	304
632	304
170	304
577	304
684	304
79	305
1323	305
471	305
89	305
61	305
95	305
671	305
684	305
42	305
632	306
531	306
92	306
528	8315
581	307
389	307
18	307
696	307
2394	307
286	307
667	307
369	307
1294	307
461	307
3781	308
564	308
711	308
653	308
286	308
635	308
113	308
419	308
417	308
403	308
3224	308
1981	308
1782	308
1287	309
1509	309
536	309
564	309
1762	309
501	309
364	309
1109	309
1373	309
568	309
1286	309
1015	309
210	309
595	309
200	309
670	309
537	309
1110	309
1777	309
503	309
509	309
339	309
406	309
226	309
544	309
1072	309
1460	309
181	309
292	309
116	309
352	309
1430	309
205	309
404	309
246	309
17	309
707	8316
2118	8316
2973	310
82	310
420	310
592	311
3337	311
820	311
759	8317
3252	312
1130	312
1027	312
3011	8318
2034	313
3747	8319
214	314
126	314
845	314
195	314
1011	315
130	315
214	315
526	315
845	315
126	315
195	315
4	316
46	316
214	316
192	316
6	316
7	316
173	316
50	316
169	316
110	316
47	316
8	316
215	316
214	317
111	317
192	317
6	317
8	317
195	317
614	317
126	317
169	317
127	317
1210	318
273	8320
62	320
79	320
28	320
30	320
39	320
29	320
37	320
250	320
53	320
54	320
87	320
80	320
134	320
93	320
82	320
9	320
31	320
132	320
78	320
33	320
10	320
221	320
227	320
65	320
86	320
152	320
196	320
149	320
40	320
61	320
98	320
218	320
153	320
101	320
66	320
92	320
26	320
34	320
27	320
43	320
493	321
128	321
711	321
0	321
620	322
2124	323
131	323
120	323
594	323
684	323
671	323
230	8321
858	8321
2	8321
2719	325
30	326
118	326
114	326
493	326
77	326
72	326
80	326
94	326
2973	326
134	326
102	326
531	326
56	326
839	326
89	326
227	326
341	326
593	326
2237	326
152	326
151	326
436	326
40	326
85	326
90	326
63	326
135	326
828	326
116	326
1997	326
2475	326
137	326
282	8322
215	8322
45	8322
110	8322
7	8322
46	8322
105	8322
5	8322
234	8322
49	8322
173	8322
50	8322
127	8322
44	8322
721	327
338	327
2124	327
0	327
70	327
710	327
128	327
532	327
684	327
969	327
117	327
466	327
570	327
532	328
70	328
710	328
338	328
341	328
465	328
969	328
466	328
436	328
1033	8323
128	329
117	329
466	329
570	329
85	329
721	329
70	330
719	330
128	330
2124	330
710	330
338	330
532	330
969	330
117	330
466	330
570	330
721	330
436	330
2124	331
70	331
466	331
721	331
0	333
128	333
466	333
570	333
2503	8324
3080	8325
912	8325
848	8325
1253	8326
1068	8326
273	8326
839	8327
192	334
614	334
126	334
195	334
1197	335
1520	335
1012	335
1180	335
1299	335
1523	335
1387	335
122	335
180	335
248	335
88	335
2742	335
1293	335
1900	335
683	335
1138	335
468	335
2405	335
1533	335
643	335
2240	335
370	335
259	335
1056	336
2871	336
30	337
99	337
62	337
250	337
82	337
115	337
32	337
148	337
94	337
73	337
72	337
93	337
102	337
78	337
9	337
33	337
59	337
109	337
86	337
196	337
150	337
152	337
63	337
839	337
1327	337
42	337
34	337
64	337
65	337
66	337
223	337
3430	8328
8	338
30	339
3781	339
37	339
250	339
53	339
99	339
62	339
28	339
38	339
101	339
108	339
80	339
87	339
54	339
102	339
94	339
134	339
592	339
82	339
78	339
132	339
133	339
143	339
9	339
1020	339
33	339
56	339
89	339
40	339
436	339
966	339
152	339
95	339
137	339
42	339
43	339
1776	339
172	339
153	339
66	339
65	339
64	339
34	339
387	339
223	339
919	340
523	340
1133	8329
707	341
192	341
614	341
845	341
195	341
675	343
118	343
582	343
371	343
363	343
1526	343
1778	343
1296	343
88	343
673	343
671	343
605	343
339	343
597	343
2175	343
165	343
321	343
334	343
207	343
2237	343
364	344
893	344
582	344
116	344
486	344
957	344
1589	344
1112	344
1798	344
340	344
503	344
641	344
2477	344
365	344
459	344
1883	344
2102	344
22	344
529	345
2836	345
2750	345
84	345
82	345
115	345
32	345
746	345
10	345
52	345
996	345
9	345
58	345
149	345
1068	345
92	345
71	346
387	8330
1798	8331
2116	8331
1380	8332
2239	8332
161	8332
1788	8332
2409	8332
884	347
1374	347
570	347
572	347
316	347
1580	347
2685	348
3232	348
944	349
3126	350
110	350
3251	350
833	350
493	350
8	350
212	350
282	350
49	350
604	350
531	350
119	350
441	350
7	350
734	350
46	350
3415	350
214	350
128	350
105	350
5	350
192	350
471	350
126	350
109	350
466	350
169	350
173	350
966	350
112	350
50	350
787	350
845	350
1776	350
755	350
42	350
47	350
703	352
1270	352
192	352
845	352
126	352
614	352
195	352
1021	352
1068	8333
1292	353
362	353
361	353
137	353
855	354
968	354
2279	8334
1939	8335
355	355
2814	8336
199	8337
244	356
1536	356
1566	356
592	356
210	356
954	356
0	356
331	356
1632	356
2190	356
2738	356
426	356
420	356
556	356
341	356
2545	357
734	8338
130	8338
195	8338
845	8338
614	8338
1703	358
1760	359
1640	361
344	361
387	361
1520	362
364	362
501	362
330	362
759	362
390	362
612	362
549	363
770	363
517	363
835	363
737	363
2296	363
670	364
1629	364
767	364
517	364
1528	364
1139	364
374	364
1903	364
22	364
643	364
357	364
449	365
317	365
380	365
640	365
249	365
662	365
194	365
477	365
387	365
643	365
1777	366
113	366
471	366
2393	366
2323	366
767	366
670	366
22	366
1903	366
699	366
828	366
517	366
564	367
566	367
1012	367
364	367
1420	367
390	367
595	367
186	367
612	367
305	367
662	368
2924	368
1520	368
697	368
380	368
640	368
605	368
249	368
442	368
377	368
477	368
1024	368
387	368
576	368
205	368
1741	369
199	369
18	369
1295	369
217	369
1566	369
513	369
1198	369
765	369
2241	369
1044	369
220	369
179	369
582	369
387	369
1290	369
662	369
184	369
583	369
1172	369
145	374
132	374
115	374
94	374
88	374
251	374
407	374
2166	376
1453	376
783	377
1389	377
1490	377
911	377
2243	8339
1914	8340
965	378
302	378
582	378
552	378
247	378
878	378
836	378
2704	378
415	378
605	378
1606	378
1426	378
453	378
2323	378
1013	378
217	378
1515	378
583	378
384	378
403	378
727	378
1965	378
1906	378
1522	378
505	378
612	378
3858	378
1764	378
22	378
694	378
868	8341
1765	8342
693	8343
2109	8344
3163	8344
2807	383
1557	383
1978	383
1116	383
68	384
3148	8345
1601	8346
875	8347
45	386
215	386
168	386
8	386
282	386
48	386
49	386
7	386
192	386
5	386
46	386
105	386
214	386
190	386
2757	386
173	386
64	386
3164	386
195	386
1509	387
449	387
607	387
113	387
244	387
391	387
515	387
1014	387
2581	387
426	387
2404	387
1140	387
685	387
1796	387
246	387
2585	8348
527	8348
69	388
46	388
215	388
105	388
8	388
214	388
5	388
4	388
49	388
6	388
2701	388
7	388
127	388
126	388
193	388
1872	389
421	389
1838	8349
779	390
2802	390
2640	391
1110	391
11	391
654	391
798	391
341	391
181	391
117	391
384	391
740	391
1480	391
116	391
490	391
128	391
944	392
1085	8350
446	394
476	394
2754	394
2472	394
2341	394
2792	394
3515	394
1944	394
1466	394
2572	394
2639	394
3254	394
873	394
0	395
70	395
128	395
2124	395
710	395
466	395
338	395
570	395
532	395
465	395
117	395
2002	396
3491	396
1840	8351
1013	397
1661	397
162	397
286	397
383	397
244	397
385	397
463	397
2175	397
292	397
3719	8352
842	398
338	399
465	399
471	399
2124	399
493	399
570	399
172	399
85	399
721	399
466	399
685	399
466	400
338	401
128	401
0	401
719	401
710	401
341	401
117	401
466	401
683	401
570	401
721	401
493	402
2124	402
338	402
172	402
685	402
465	402
466	402
338	403
493	403
2124	403
471	403
464	403
812	403
721	403
593	403
532	403
628	8353
2569	8354
1380	404
1393	404
3344	404
566	404
2527	405
1612	405
2026	405
3612	405
1029	405
1367	405
1583	405
2213	405
3681	405
3705	405
3719	8355
1991	8355
128	406
220	406
338	406
812	406
493	406
554	406
593	406
1926	407
846	407
2225	409
2137	409
867	409
3013	409
865	409
3614	8356
2192	8356
362	410
3820	410
1357	410
3751	8357
592	412
3526	412
471	412
1354	412
833	412
711	412
1842	412
1708	412
3713	412
1267	412
3307	412
341	412
436	412
118	412
1226	414
671	416
1527	416
442	416
1902	416
1072	416
426	416
700	416
803	416
517	8358
2621	8358
1695	8358
1589	8358
581	8358
646	8358
667	8358
469	8358
2175	8358
1695	417
364	417
1589	417
773	417
387	417
2175	417
305	417
469	417
483	417
490	418
893	418
995	418
884	418
566	418
664	418
536	418
515	418
1198	418
162	418
242	418
209	418
777	418
1140	418
424	418
880	418
647	418
1428	418
3869	418
612	418
376	418
386	418
253	419
176	419
113	419
310	419
605	419
1172	419
592	419
184	419
743	419
350	419
740	419
259	419
397	419
620	420
2831	420
224	420
1033	421
3499	421
108	421
872	421
32	421
115	421
94	421
145	421
2341	421
33	421
227	421
150	421
732	421
61	421
25	421
92	421
2738	422
854	423
619	8359
724	8360
2593	8360
1262	424
1453	424
1010	425
1384	8361
1056	8362
288	8363
2290	8363
445	426
1262	426
192	429
214	429
195	429
614	429
2155	430
1005	8364
1243	8365
1116	8365
935	8365
691	8365
1971	8365
2724	8366
741	8366
1033	438
2018	438
532	438
855	439
968	439
2067	442
1200	442
1689	8367
2057	8368
2570	8369
2	444
230	445
1002	446
1565	447
1373	447
1423	447
351	447
833	447
2030	447
1611	447
417	447
636	447
1564	447
2237	447
17	447
521	447
268	447
315	447
834	447
437	447
771	447
1539	448
635	448
552	448
330	448
1762	448
720	448
632	448
319	448
2117	448
316	448
268	448
351	448
405	448
23	448
2721	448
1172	448
1213	8370
1472	8370
1331	449
355	450
1557	450
1339	8371
1925	8372
3696	8372
70	451
813	452
471	452
2124	452
338	452
172	452
465	452
466	452
721	452
489	8373
885	8374
1160	8375
188	453
328	454
188	454
2874	454
1963	454
866	454
3694	457
2337	457
904	457
3036	8376
302	461
460	461
1761	461
1569	461
2474	461
589	461
179	461
595	461
2394	461
957	461
286	461
1517	461
417	461
1666	461
374	461
2016	461
3797	461
377	461
3672	462
2259	462
1287	464
501	464
657	464
1632	464
1108	464
0	464
1110	464
380	464
2444	464
604	464
248	464
88	464
220	464
363	464
517	464
655	464
326	464
339	464
3224	464
571	464
2738	464
1531	464
350	464
291	464
664	464
116	464
469	464
668	464
1010	464
181	464
1669	464
386	464
353	464
454	464
2513	466
1492	466
968	8377
2260	8377
3502	8378
128	8379
782	8380
1022	468
3111	468
1021	468
1175	8381
1124	8382
2068	8383
2076	469
693	8384
286	470
711	470
179	470
383	470
208	470
1632	470
377	470
246	470
478	470
593	470
455	470
1177	470
1460	470
1015	470
620	471
57	471
284	471
44	471
3073	473
626	473
1453	473
864	475
3073	475
3073	476
1453	476
3324	8385
398	478
832	478
507	478
253	478
1520	478
1566	478
1592	478
368	478
1695	478
1651	478
676	478
163	478
1414	478
551	478
583	478
685	478
466	478
769	478
2016	478
397	478
418	478
269	478
2475	478
3772	478
377	478
3858	478
291	478
1579	478
2102	478
3830	8386
1029	8386
940	479
3042	479
852	479
3864	479
3573	479
2619	479
126	479
3612	8387
2652	8387
188	8388
1615	8388
3350	480
865	480
1332	480
2016	480
2373	8389
2045	482
1250	482
305	482
620	8390
284	8390
932	483
851	483
3102	483
707	484
3675	8391
2545	8392
1991	8392
1056	8392
1233	8392
3096	8392
1552	8393
1056	8393
188	8394
806	8394
3065	8394
2145	8395
2153	8396
1343	485
1467	485
2461	8397
2017	8398
2004	8399
638	8399
1450	8399
1545	489
145	490
32	490
407	490
1018	8400
1497	491
2383	8401
1238	8401
2339	8402
2754	8402
3067	8403
2080	8404
3028	492
734	492
130	492
193	492
1704	493
658	496
174	496
130	497
1124	497
192	497
195	497
526	497
235	499
117	499
128	499
2237	499
740	499
128	501
118	501
404	501
2237	501
735	501
1014	502
756	502
870	502
1448	502
1599	8405
355	8406
3876	8406
1467	8407
1313	503
1051	8408
965	504
1358	504
72	8409
930	8409
3752	506
490	506
1659	506
272	506
1619	506
1182	506
848	506
1035	506
1023	506
1677	8410
2802	8410
1144	507
1212	8411
1718	8411
1448	8411
930	8411
2814	508
919	510
870	510
230	511
1210	513
1879	513
1712	513
3609	513
1006	8412
870	8412
2004	514
1064	514
926	515
2074	515
2553	8413
130	516
192	516
47	516
216	516
173	516
7	516
1136	517
3274	517
2327	517
2537	8414
871	8415
3645	8415
1056	8415
1767	519
1938	8416
1000	8416
2122	8416
45	520
794	520
111	520
3	520
48	520
49	520
106	520
119	520
7	520
1253	520
105	520
5	520
214	520
216	520
67	520
614	520
127	520
190	520
47	520
195	520
614	522
462	523
110	524
129	524
46	524
215	524
45	524
130	524
617	524
48	524
170	524
3	524
51	524
7	524
119	524
6	524
49	524
192	524
4	524
105	524
422	524
44	524
1099	525
427	525
1597	525
2153	526
759	526
153	526
2165	8417
1060	528
1191	528
1380	8418
1586	8418
819	8419
1805	529
2855	529
1598	529
1384	529
1009	529
3680	8420
1085	8420
3682	8420
3654	8420
3649	8421
2222	8422
2505	532
2888	532
947	532
1863	532
1222	8423
471	533
711	533
70	533
74	533
2903	533
172	533
1776	533
128	533
1187	534
983	535
952	535
3494	535
2855	536
844	536
1675	536
2113	536
1010	536
122	538
1762	538
2186	538
977	538
399	538
988	538
3425	538
582	538
314	538
1177	538
172	538
438	538
741	538
266	538
478	538
1380	541
1292	541
3831	541
1401	542
690	543
967	543
0	543
128	543
235	543
172	543
465	543
610	543
466	543
71	544
1287	544
1521	544
3028	544
235	544
690	544
577	544
131	544
1535	544
335	544
671	544
436	544
966	544
544	544
466	544
465	544
685	544
341	544
172	544
2829	8424
3624	8424
690	546
1509	546
720	546
431	546
176	546
965	546
2232	546
530	546
1110	546
2478	546
515	546
2124	546
396	546
734	546
471	546
967	546
719	546
921	546
559	546
555	546
2016	546
1480	546
2092	546
671	546
442	546
341	546
1776	546
42	546
563	546
387	546
377	546
215	547
1397	547
45	547
8	547
49	547
833	547
7	547
105	547
128	547
690	547
69	547
109	547
67	547
465	547
50	547
169	547
172	547
190	547
3694	8425
1748	8426
2360	548
170	549
131	549
2811	549
1706	550
1048	550
3073	8427
354	551
1225	551
2139	551
3274	8428
2980	8428
3033	552
1931	552
3075	552
2607	552
3609	554
2439	8429
3002	8429
801	8429
1376	8430
770	556
656	556
999	556
453	556
1761	556
1351	556
328	556
729	556
1138	556
1760	8431
1619	8431
2168	8431
801	8432
553	8432
2280	8433
1529	8433
1164	8434
2299	557
1031	557
2428	557
1006	8435
199	8436
2537	558
1725	558
2537	8437
913	8437
913	559
2260	559
1462	559
1937	559
1339	559
1718	8438
2883	8438
448	560
675	560
1664	560
2292	560
1520	560
3833	560
540	560
1536	560
582	560
337	560
1769	560
199	560
286	560
423	560
1286	560
488	560
1044	560
220	560
2323	560
632	560
163	560
339	560
1835	560
685	560
1621	560
2175	560
237	560
277	560
572	560
2921	560
570	560
571	560
172	560
1430	560
180	560
292	560
769	560
1591	560
165	560
1387	560
377	560
185	560
267	560
599	560
1735	560
1420	561
875	561
507	561
3604	561
253	561
18	561
2094	561
1380	561
2709	561
398	561
399	561
1375	561
3860	561
825	561
488	561
242	561
539	561
287	561
2391	561
2322	561
2740	561
468	561
1906	561
344	561
483	561
3373	561
583	561
769	561
486	561
1900	561
995	561
667	561
387	561
353	561
454	561
803	561
3858	561
722	562
1339	562
2178	564
2973	564
224	565
1729	566
1086	566
864	8439
831	8440
2312	8441
413	8442
3580	568
2377	568
527	568
752	568
2546	8443
703	569
446	569
734	569
130	569
912	569
3776	570
1120	571
1762	571
549	571
513	571
676	571
242	571
1289	571
1197	571
499	571
16	571
267	571
1453	8444
864	572
354	8445
3189	577
436	577
1018	577
341	577
1199	579
3815	579
2113	8446
844	8446
1719	580
3117	580
1006	8447
1065	581
2628	582
303	582
884	582
116	582
419	582
1297	582
1015	582
1775	582
174	582
1008	582
676	582
1044	582
1652	582
2582	582
1902	582
636	582
1984	582
121	582
1516	582
1669	582
334	582
593	582
1766	582
200	583
179	583
1420	583
162	583
2317	583
3844	583
121	583
642	583
357	583
3393	583
966	583
416	583
369	583
245	583
292	583
566	583
664	583
878	583
1024	583
1579	583
2317	584
910	8448
1062	8448
1758	8449
2067	8449
2288	8449
1009	8449
1226	8450
1110	585
471	585
3290	585
377	585
113	587
1110	587
3080	587
887	587
912	587
377	587
2239	8451
793	8451
2798	8451
885	8452
703	589
192	589
734	589
614	589
2074	8453
2552	8454
2589	8455
3527	591
2553	592
70	593
536	593
1110	593
1642	593
657	593
697	593
1287	593
399	593
174	593
453	593
128	593
1044	593
685	593
2740	593
503	593
226	593
402	593
501	593
181	593
544	593
563	593
442	593
540	593
1536	593
671	593
895	593
600	593
404	593
1636	593
292	593
718	8456
951	8456
3876	8456
130	594
192	594
195	594
912	594
845	594
193	594
526	594
1282	8457
1088	8458
2183	8459
620	595
1714	8460
94	596
357	596
170	597
128	597
226	597
969	597
532	597
404	597
1078	8461
754	598
1385	598
2568	8462
1503	599
459	600
1292	601
161	601
1564	601
325	601
912	8463
2545	8464
3579	8465
2486	8466
2315	8466
1872	8466
1308	8466
963	602
2545	8467
1033	607
1924	607
753	607
2447	607
3728	607
2607	608
2309	609
2295	609
1009	609
3622	609
670	610
644	610
2397	610
199	610
1521	610
1286	610
235	610
537	610
582	610
242	610
539	610
1424	610
1566	610
1287	610
684	610
1671	610
570	610
344	610
365	610
339	610
181	610
292	610
672	610
116	610
172	610
16	610
420	610
1851	8468
1359	8468
1339	8468
1971	8468
3491	8468
750	8468
1126	8469
710	612
117	612
912	8470
130	8471
2670	8471
214	8471
192	8471
734	8471
127	8471
126	8471
614	8471
2846	613
2488	613
1264	8472
1677	614
1860	615
1861	615
2078	615
2776	615
1861	616
1334	616
3185	617
1861	617
3185	618
3566	618
1861	618
2724	619
2488	619
2821	619
1725	619
1384	619
1472	619
3624	8473
130	620
703	620
192	620
170	620
1232	620
79	621
100	621
32	621
102	621
93	621
73	621
133	621
33	621
407	621
221	621
149	621
40	621
196	621
150	621
3379	621
86	621
92	621
34	621
3193	8474
1453	622
716	623
3324	623
2371	8475
1316	8476
983	8477
1010	8478
2412	8479
506	625
486	625
1375	625
1010	625
277	625
130	8480
703	8480
2141	8481
1716	8482
617	8483
2553	8484
3426	8485
493	626
921	626
235	626
131	626
404	626
490	626
1776	626
2899	627
1029	8486
3117	8486
3587	629
3698	629
1281	629
3800	630
1744	630
2016	630
947	630
1145	630
1411	631
118	631
734	8487
192	8487
130	8487
614	8487
2170	632
1145	632
1009	632
3204	633
3458	633
615	633
3589	8488
523	8489
446	635
2598	635
37	637
703	637
130	637
614	637
532	8490
2159	8491
865	8492
1267	639
950	639
3716	639
2550	639
501	640
536	640
664	640
539	640
878	640
2738	640
416	640
509	640
314	640
1669	640
771	640
769	640
600	640
2486	8493
1056	8494
172	641
446	641
226	641
465	641
620	642
44	642
523	642
2957	644
272	644
707	8495
1274	8496
747	8497
787	8497
3000	8497
637	8498
816	645
2378	645
3598	645
1208	8499
3530	646
3793	646
108	646
32	646
145	646
56	646
1222	646
33	646
40	646
150	646
61	646
238	646
1819	646
92	646
3248	646
2940	646
1063	647
1064	647
1799	647
1225	647
3165	647
851	647
870	647
1005	647
1373	648
3414	650
2745	650
1384	650
1252	650
2814	651
1225	651
2080	651
2417	652
1722	653
1986	654
3469	654
1781	654
2694	654
1398	654
2996	8500
1083	8500
1546	8500
1027	8501
3245	8501
193	8501
2652	655
1219	655
759	655
1222	656
231	8502
2034	657
140	657
138	657
1026	8503
130	658
617	658
45	658
46	658
69	658
5	658
192	658
49	658
119	658
7	658
233	658
190	658
173	658
47	658
118	659
649	659
1054	660
1025	660
1056	660
2409	660
2490	8504
2598	8505
1001	8505
1027	661
2575	661
951	661
1242	661
3697	661
1594	661
341	661
689	661
2598	661
2996	662
1027	662
2598	662
1280	663
127	664
193	664
1608	664
195	664
1014	8506
846	8506
1014	8507
1448	8507
846	8507
1207	8507
1750	8508
945	665
1060	665
362	665
1061	665
1357	665
3820	665
1545	665
2776	665
1065	665
947	665
3482	665
1858	665
2888	665
2098	665
3524	8509
1454	8509
3430	8509
1865	8509
887	666
224	667
890	667
2843	8510
3612	8511
1359	8511
1935	8511
1467	8512
2326	8512
2528	8513
1465	668
3339	668
272	8514
1465	8514
1068	8514
823	8515
780	672
1141	672
1559	673
2545	8516
3486	8516
1287	674
1295	674
331	674
536	674
1459	674
517	674
664	674
657	674
1198	674
604	674
0	674
512	674
175	674
654	674
420	674
402	674
385	674
2738	674
404	674
1531	674
277	674
648	674
497	674
386	674
563	674
181	674
237	674
1428	674
339	674
2352	8517
2488	8518
529	8519
1472	8519
1552	676
536	678
18	678
1520	678
256	678
199	678
1179	678
116	678
568	678
3833	678
1509	678
1424	678
609	678
1014	678
235	678
878	678
1115	678
1772	678
468	678
966	678
1773	678
172	678
369	678
260	678
376	678
612	678
643	678
438	678
1049	679
684	8520
62	680
2771	680
107	680
30	680
108	680
52	680
3278	680
87	680
72	680
93	680
102	680
134	680
80	680
9	680
143	680
132	680
78	680
82	680
94	680
56	680
58	680
109	680
86	680
953	680
95	680
40	680
61	680
152	680
151	680
153	680
839	680
218	680
84	680
223	680
34	680
64	680
27	680
722	8521
3699	681
3612	681
1161	681
968	681
279	681
2554	681
3716	681
3479	8522
1676	8522
1495	8523
2214	683
354	685
2385	685
1053	685
99	685
80	685
82	685
1746	685
531	685
3864	685
3002	685
1068	685
92	685
3205	685
3163	8524
691	8524
589	686
507	686
1380	686
398	686
399	686
18	686
482	686
896	686
609	686
632	686
595	686
2236	686
172	686
1387	686
987	686
164	686
1000	686
401	686
2520	686
205	686
803	686
649	686
211	686
17	686
352	686
267	686
612	686
3858	686
1579	686
387	686
3849	8525
1441	8525
2337	8525
2381	8525
2672	687
849	688
2409	688
1374	689
18	689
649	689
2324	689
1822	689
1380	689
2236	689
378	689
1295	689
172	689
3224	689
403	689
1000	689
366	689
374	689
468	689
477	689
3858	689
1866	690
650	690
1092	690
2814	690
429	690
2428	690
1202	690
2319	691
654	8526
811	8527
1810	692
2337	692
1712	692
1677	692
2017	8528
3540	8528
3260	8529
743	8530
1505	8531
1106	8532
2343	8533
1529	8533
2812	8534
1387	695
3504	695
3570	696
1235	696
363	697
118	697
763	697
828	697
128	697
664	697
186	697
1515	697
314	697
583	697
485	697
1000	697
166	697
305	697
607	698
1156	698
1526	698
788	698
118	698
462	698
477	698
417	698
468	698
1735	698
1515	698
2881	8535
949	8536
204	700
160	700
176	700
788	700
561	700
481	700
537	700
2851	700
320	700
477	700
1532	700
2067	8537
1021	8538
801	8538
1940	701
3509	8539
1096	8539
55	702
1619	702
1266	702
968	702
2595	702
1845	8540
1321	8541
2036	704
2833	706
1608	706
2481	706
3454	706
532	707
872	8542
1088	8543
2928	708
3694	709
2834	709
1997	709
612	712
947	8544
3892	8544
2825	8545
2396	715
263	715
2186	715
550	715
274	715
1298	715
569	715
676	715
3872	715
1349	715
736	715
164	715
1961	715
477	715
1139	715
366	715
606	715
167	715
612	715
307	715
369	715
987	715
1946	716
698	718
1632	718
1962	718
12	718
595	718
1480	718
327	718
2740	718
462	718
387	718
2444	719
1671	719
462	719
1748	721
1866	721
2386	721
1969	721
1406	721
3722	722
965	722
471	722
671	722
1295	722
836	722
2016	722
392	722
2092	722
377	722
3368	8546
1509	725
581	725
385	725
681	725
1594	725
352	725
1361	726
2418	726
3078	726
2111	726
2242	8547
2148	727
1553	8548
1857	8548
3028	729
436	730
865	8549
1317	8550
1724	732
1205	732
308	8551
3044	734
360	735
3648	735
1448	735
2168	735
1449	8552
1448	8552
2301	8552
581	736
3029	736
870	736
1005	736
2950	738
1376	738
377	738
301	739
1109	739
1350	739
585	739
1040	739
3183	739
548	739
466	739
2744	739
509	739
1306	739
700	739
3224	739
1623	739
2477	739
351	739
600	739
1172	739
502	739
2324	739
307	739
3772	739
1061	740
1060	740
1707	740
2097	8553
3027	743
1054	8554
3493	8554
3235	744
754	744
1130	744
1791	745
3899	8555
2901	8556
2952	748
756	748
1244	748
628	748
1616	8557
994	8557
2681	750
1785	750
1191	750
3005	751
2633	751
3095	751
3824	8558
2709	752
2589	752
2311	752
298	752
434	752
3800	754
2725	754
1384	754
3316	8559
1830	755
2869	755
2271	8560
780	8560
872	8561
1612	756
3102	756
2319	8562
1785	758
690	759
1598	760
1543	760
2802	760
226	761
3878	8563
2273	8563
1935	8563
3117	762
624	763
2488	763
2488	8564
1408	8565
2409	766
1376	767
624	768
1363	768
819	768
3836	8566
1717	8566
865	8566
829	769
2226	770
1220	770
2426	8567
1601	773
1894	773
2101	774
416	774
3427	775
1468	776
2227	776
1499	8568
1056	8568
1469	8569
3304	8569
1894	8569
1056	777
3304	777
1469	8570
1382	8570
1056	8571
2227	8571
2973	8571
1923	8571
2761	779
2912	779
1820	8572
3684	8573
1225	8574
296	8575
1993	781
447	781
213	782
787	782
1136	783
1359	783
3491	783
926	783
2409	783
2807	783
2519	8576
2958	785
913	8577
1202	786
1054	8578
1171	787
2035	8579
2582	789
3190	8580
3178	790
2301	790
1448	790
2386	8581
1470	8582
2776	8582
911	8582
1920	792
3859	8583
231	8584
3033	8585
2958	8585
1867	8586
994	8587
2000	795
787	795
621	8588
1469	796
2299	796
2276	796
3304	796
3900	8589
2478	8590
811	8590
2317	8590
2360	8591
2112	797
2908	8592
1359	798
2519	798
916	798
2243	798
2710	8593
382	802
2585	802
2101	802
658	802
2241	802
2428	802
357	802
2000	8594
292	8594
968	803
1312	803
1441	803
1955	805
1219	8595
2579	8595
735	808
128	8596
747	810
2216	8597
1529	8598
2043	8598
2256	8598
1327	8599
2112	8600
2112	814
1173	814
490	8601
857	815
3546	815
2388	815
3425	815
1609	817
2896	817
1923	817
2755	818
3260	818
1381	818
3748	818
3684	818
983	818
650	819
362	819
1327	821
1213	823
2418	8602
3096	8603
2914	824
2719	824
2380	824
2807	824
3323	8604
2032	825
398	8605
113	8605
286	8605
896	8605
442	8605
1177	8605
2705	8605
255	826
206	826
675	826
1536	826
1761	826
660	826
310	826
161	826
3860	826
2044	826
177	826
1670	826
344	826
3605	826
1140	826
630	826
386	826
1669	826
1743	826
687	826
586	826
1901	827
1510	827
201	827
451	827
179	827
1743	827
1638	827
2053	827
466	827
641	827
1197	827
1566	827
965	828
670	828
1797	828
482	828
640	828
378	828
205	828
211	828
1135	828
1301	828
1480	828
803	828
420	828
1796	828
832	829
501	829
1374	829
1566	829
116	829
604	829
174	829
595	829
201	829
220	829
1135	829
880	829
452	829
305	829
207	829
120	829
1638	830
803	830
420	830
324	830
665	830
12	830
1044	830
539	830
1528	830
1375	830
400	830
896	830
1550	830
277	830
1460	830
416	830
738	830
166	830
448	831
2396	831
235	831
893	831
1567	831
2397	831
118	831
690	831
1426	831
1015	831
400	831
595	831
2670	831
424	831
1649	831
365	831
353	831
123	831
368	831
334	831
1984	831
3772	831
601	831
420	831
2628	832
675	832
1427	832
589	832
1667	832
506	832
405	832
1761	832
244	832
2394	832
957	832
430	832
770	832
967	832
220	832
1652	832
1286	832
170	832
1562	832
2044	832
74	832
3797	832
1963	832
1881	832
1138	832
1478	832
172	832
177	832
165	832
499	832
664	832
353	832
680	832
185	832
334	832
1883	8606
759	8607
383	833
161	833
128	833
368	833
237	833
491	833
339	833
454	833
305	833
1516	833
1667	834
1638	834
2393	834
2340	834
836	834
1764	834
1177	834
2705	834
739	834
330	834
165	834
686	834
1533	834
3186	835
2279	837
1486	8608
3544	8608
3341	8609
108	838
32	838
33	838
9	838
34	838
152	838
1868	8610
3099	8611
1056	8611
2749	8612
1168	8613
1867	840
1043	840
1868	840
2749	840
1867	8614
1300	8615
2071	8616
2145	8616
1044	8617
1486	8617
2756	8618
2085	844
1033	844
859	844
926	844
1380	845
2545	846
2357	846
2259	847
382	848
1131	848
278	848
1035	848
291	848
1310	850
2145	850
3252	853
3800	854
1060	854
1099	854
1048	854
947	854
428	854
427	854
2098	854
3504	8619
362	8620
910	8620
947	856
910	856
947	857
362	8621
947	8621
1564	858
1090	8622
3681	8623
1615	8623
924	8624
746	8625
272	859
2409	859
926	859
658	8626
3283	8626
2945	8626
2409	8626
756	860
1448	860
2752	861
1951	861
1615	861
3586	861
2812	8627
1823	865
865	865
1508	8628
3018	8628
165	8628
2119	8629
2969	866
2741	866
1417	8630
1428	8631
1339	8632
2263	8633
756	8634
2098	869
3178	8635
747	8635
1359	870
2540	870
1584	870
3319	871
3274	871
1331	871
2504	871
3172	871
1395	871
1993	871
1937	871
3426	871
1380	8636
3763	8637
1910	873
1839	8638
2301	8639
3776	8640
3300	8641
1831	875
1283	875
906	875
1014	8642
3477	8642
2510	8643
272	876
3042	8644
3100	8644
301	877
1769	877
18	877
1548	877
2094	877
347	877
490	877
1540	877
323	877
502	877
1110	877
3860	877
2400	877
640	877
1424	877
286	877
1629	877
1610	877
654	877
2236	877
1959	877
243	877
2393	877
531	877
770	877
159	877
2455	877
1590	877
1640	877
700	877
385	877
2738	877
468	877
1158	877
473	877
2238	877
478	877
42	877
583	877
1430	877
180	877
3858	877
881	877
643	877
612	877
130	8645
2206	8646
1035	8647
3403	878
1445	879
2192	880
3309	880
2833	881
1004	881
458	8648
1218	8649
2428	883
865	883
1507	883
1210	8650
514	8651
1304	8652
2955	8653
2661	8653
1239	8653
344	8653
3621	8653
1959	8654
2567	8654
3526	8655
983	885
1372	885
983	886
1359	886
1250	887
1076	888
1076	889
780	889
447	889
1075	890
2201	891
2134	891
2829	891
2080	893
1332	893
2600	893
3878	8656
1076	894
2685	896
2244	896
3573	896
1352	896
2757	896
2134	8657
199	897
1567	898
1397	898
675	898
1962	898
2935	898
995	898
179	898
1198	898
1879	898
957	898
2581	898
2153	898
1135	898
3224	898
403	898
1000	898
3189	898
478	898
2240	898
1832	898
2416	8658
382	899
2048	899
2172	899
1380	900
61	900
1239	900
1949	8659
1337	901
362	901
1863	901
621	903
1750	903
1574	903
298	8660
1449	904
3190	904
3285	905
446	905
199	905
2454	905
2279	905
355	905
2730	905
2721	905
3305	905
1765	906
199	906
3590	906
2308	8661
264	907
2871	907
1562	907
662	907
1817	907
1294	907
1776	907
668	907
1580	907
578	907
1222	908
1380	8662
2054	909
2257	909
2145	909
1407	909
76	8663
1380	8664
3034	8664
1205	8664
1415	8664
3413	8664
3413	8665
2015	8666
865	910
355	910
852	910
2170	911
830	911
947	911
1336	911
1399	913
2170	913
1758	913
1716	913
1400	913
947	913
1336	913
910	914
2170	914
2032	915
1143	916
1225	916
1336	916
1877	916
2082	916
1692	916
1181	8667
1207	917
870	917
368	918
1916	918
1184	8668
1538	920
3872	920
2478	920
550	920
987	920
783	921
1196	921
507	921
342	921
989	921
733	921
380	921
2323	921
990	921
460	921
327	921
477	921
1811	921
1432	921
366	921
403	921
655	921
305	921
772	921
1172	921
1764	921
1506	922
2419	922
3342	8669
2193	923
55	8670
387	8670
1387	8670
1057	8671
145	924
1521	924
176	924
235	924
690	924
1110	924
531	924
172	924
1661	924
471	924
2101	924
136	924
61	924
25	924
226	924
684	924
137	924
1776	924
1592	925
1566	925
1632	925
1423	925
592	925
1659	925
2016	925
630	925
762	925
3672	926
624	927
3223	927
1006	8672
2973	928
3249	928
1880	931
120	932
398	933
18	933
1567	933
1761	933
989	933
490	933
995	933
1591	933
165	933
2709	933
286	933
162	933
287	933
539	933
584	933
2706	933
2323	933
1510	933
1297	933
1120	933
511	933
1666	933
1611	933
366	933
477	933
352	933
292	933
1533	933
267	933
269	933
775	933
1579	933
387	933
353	933
1514	933
3706	934
2439	8673
801	8673
272	8674
1041	936
1110	937
1527	937
536	937
1315	937
381	937
664	937
383	937
608	937
128	937
580	937
990	937
604	937
1109	937
957	937
1662	937
406	937
486	937
678	937
503	937
226	937
186	937
1114	937
1902	937
1112	937
1671	937
292	937
386	937
246	937
478	937
556	937
353	937
1527	938
536	938
1315	938
381	938
406	938
383	938
1109	938
1632	938
1110	938
2340	938
1424	938
128	938
339	938
678	938
1113	938
226	938
1902	938
1671	938
486	938
1112	938
292	938
1594	938
580	938
556	938
630	938
246	938
353	938
1297	939
300	939
1667	939
1295	939
1110	939
561	939
1664	939
1287	939
388	939
1292	939
720	939
1517	939
450	939
303	939
161	939
1013	939
162	939
0	939
2220	939
592	939
1375	939
609	939
310	939
539	939
349	939
1662	939
1426	939
955	939
595	939
88	939
1286	939
390	939
493	939
700	939
237	939
1782	939
491	939
226	939
555	939
1666	939
1531	939
350	939
739	939
1532	939
1671	939
571	939
563	939
2721	939
1668	939
1630	939
330	939
1566	939
1632	939
116	939
393	939
406	939
681	939
1112	939
292	939
246	939
386	939
1109	940
1287	940
1315	940
1517	940
448	940
1292	940
303	940
1566	940
1908	940
1548	940
347	940
1632	940
561	940
605	940
592	940
323	940
957	940
539	940
1511	940
241	940
1426	940
128	940
88	940
41	940
1286	940
2236	940
1664	940
733	940
1110	940
235	940
1196	940
352	940
671	940
426	940
237	940
326	940
339	940
491	940
1429	940
610	940
121	940
385	940
1665	940
277	940
1670	940
436	940
1531	940
687	940
664	940
116	940
393	940
486	940
1430	940
292	940
497	940
246	940
386	940
594	940
580	940
316	940
608	941
1527	941
383	941
1109	941
406	941
1632	941
442	941
1315	941
957	941
1424	941
1648	941
1662	941
536	941
990	941
128	941
1110	941
1636	941
678	941
1113	941
226	941
2738	941
1902	941
2477	941
339	941
835	941
509	941
386	941
292	941
246	941
580	941
556	941
353	941
630	941
716	943
1110	8675
578	8676
849	944
1609	8677
2221	8677
1133	8677
1380	8678
1372	8678
963	8678
2727	8679
531	8679
2056	8679
2256	8680
3414	945
1713	945
1060	945
3767	945
1065	945
749	945
2074	945
2535	945
2843	945
235	947
1420	948
1380	948
1283	948
662	948
3240	948
1306	948
1386	948
252	948
297	948
469	948
1396	948
459	948
1056	949
870	949
756	950
3830	951
1448	951
933	952
1411	952
1358	952
870	952
440	952
846	952
972	953
1205	954
2409	954
1378	954
172	956
1750	956
3752	957
1827	957
1033	8681
3425	8681
1038	8681
2643	8681
1346	8681
2012	959
3340	959
35	959
2500	959
360	8682
661	960
2163	961
1167	961
1013	962
537	962
1110	962
338	962
1732	962
220	962
1286	962
2340	962
592	962
131	962
1441	962
508	962
1685	962
1532	962
1811	962
1109	962
559	962
581	962
204	962
1430	962
42	962
1594	962
185	962
1718	963
1137	963
2783	963
3148	963
1169	963
809	8683
1701	965
3801	965
1951	965
231	965
1943	965
1181	966
1505	966
1054	966
1236	966
2457	966
1056	966
3473	8684
2387	967
2472	967
1495	8685
2096	8686
1065	8686
2004	8687
1005	8687
1448	8687
1449	969
149	969
2301	969
440	969
1010	8688
747	8688
1213	971
2884	8689
1415	972
3465	972
3034	972
3034	973
1415	973
1412	974
3720	975
3064	975
3207	975
1380	976
420	976
1392	977
1380	977
3413	977
3792	977
3563	977
2473	978
659	978
18	978
863	978
1186	978
1569	978
581	978
313	978
550	978
548	978
770	978
1642	978
1767	978
179	978
713	978
262	978
1659	978
1657	978
679	978
1072	978
1515	978
352	978
265	978
268	978
315	978
987	978
861	978
2449	979
1200	8690
2545	8691
2440	8692
766	981
1228	981
199	983
1240	983
303	983
3685	983
3617	983
2585	983
1880	983
1865	983
3092	983
2557	983
1475	983
2859	983
1010	983
1497	985
1499	985
1281	985
2347	986
1497	986
758	986
1474	8693
1497	8693
801	8694
735	8694
2426	8695
756	988
1401	988
1056	8696
1497	8697
1392	990
1380	990
272	990
1008	990
3117	990
926	990
3888	990
2661	990
1346	990
2872	990
1127	991
1380	991
1904	991
1441	991
2411	991
2721	991
1472	992
1607	993
1865	993
515	993
2279	993
1619	993
2316	993
3247	993
3711	993
387	993
1619	994
2629	994
2156	8698
446	8699
2643	995
1041	995
3266	8700
2436	996
3144	997
1462	997
1167	997
1714	997
1729	997
2411	997
1576	8701
2449	8702
3269	1000
1923	1000
754	1001
1047	8703
754	1002
1517	1003
507	1003
977	1003
300	1003
235	1003
1110	1003
217	1003
733	1003
1664	1003
1380	1003
389	1003
450	1003
337	1003
985	1003
1521	1003
1606	1003
287	1003
605	1003
311	1003
3860	1003
1044	1003
1578	1003
390	1003
1286	1003
289	1003
676	1003
1904	1003
1660	1003
3797	1003
683	1003
1522	1003
314	1003
555	1003
436	1003
1811	1003
350	1003
571	1003
1666	1003
374	1003
418	1003
1430	1003
769	1003
1211	1003
204	1003
368	1003
1172	1003
166	1003
580	1003
612	1003
643	1003
254	1004
1508	1004
589	1004
12	1004
1196	1004
1667	1004
1110	1004
763	1004
70	1004
1630	1004
1878	1004
1668	1004
482	1004
985	1004
339	1004
1287	1004
1904	1004
1511	1004
1458	1004
311	1004
304	1004
409	1004
241	1004
1013	1004
577	1004
1044	1004
390	1004
1286	1004
2323	1004
1549	1004
1595	1004
1428	1004
642	1004
314	1004
181	1004
683	1004
572	1004
647	1004
350	1004
345	1004
1666	1004
1660	1004
204	1004
664	1004
347	1004
292	1004
580	1004
1641	1004
1997	1004
207	1004
1580	1004
681	1004
315	1004
832	1005
954	1005
254	1005
713	1005
918	1005
774	1005
1180	1005
506	1005
540	1005
389	1005
2186	1005
650	1005
1606	1005
1424	1005
770	1005
798	1005
587	1005
242	1005
2833	1005
392	1005
20	1005
494	1005
252	1005
1881	1005
590	1005
1138	1005
3536	1005
1172	1005
771	1005
351	1005
878	1005
166	1005
881	1005
478	1005
662	1006
1667	1006
893	1006
1110	1006
1287	1006
302	1006
1109	1006
303	1006
1548	1006
18	1006
1630	1006
1566	1006
2324	1006
884	1006
584	1006
1664	1006
604	1006
162	1006
131	1006
957	1006
539	1006
3680	1006
1629	1006
737	1006
1286	1006
0	1006
531	1006
116	1006
681	1006
442	1006
491	1006
610	1006
1644	1006
385	1006
1666	1006
494	1006
504	1006
1671	1006
436	1006
1963	1006
2237	1006
680	1006
486	1006
1736	1006
580	1006
246	1006
1743	1006
207	1006
185	1006
364	1007
1287	1007
1120	1007
451	1007
235	1007
1566	1007
493	1007
988	1007
1964	1007
1110	1007
584	1007
349	1007
241	1007
539	1007
1458	1007
1570	1007
592	1007
662	1007
1008	1007
1619	1007
921	1007
1664	1007
1414	1007
1013	1007
1849	1007
1286	1007
955	1007
328	1007
385	1007
2395	1007
555	1007
1670	1007
1532	1007
1460	1007
1902	1007
1531	1007
452	1007
269	1007
42	1007
393	1007
1303	1007
1900	1007
556	1007
341	1007
558	1007
563	1007
120	1007
185	1007
246	1007
543	1008
893	1008
256	1008
482	1008
1878	1008
3872	1008
548	1008
324	1008
1695	1008
1642	1008
1667	1008
1478	1008
2016	1008
1421	1008
260	1008
521	1008
371	1008
769	1008
265	1008
1897	1008
710	1009
331	1009
1287	1009
364	1009
1535	1009
988	1009
493	1009
256	1009
1297	1009
1964	1009
1110	1009
70	1009
539	1009
131	1009
1458	1009
513	1009
241	1009
349	1009
737	1009
1695	1009
577	1009
2652	1009
385	1009
1835	1009
1140	1009
1529	1009
2383	1009
555	1009
344	1009
2405	1009
572	1009
2016	1009
452	1009
341	1009
393	1009
1566	1009
42	1009
556	1009
563	1009
120	1009
246	1009
1393	1010
1053	1010
1158	1010
1043	1010
1619	1010
1440	1010
388	1011
300	1011
1013	1011
562	1011
1526	1011
70	1011
657	1011
1642	1011
1110	1011
550	1011
720	1011
665	1011
1732	1011
1459	1011
450	1011
256	1011
161	1011
311	1011
604	1011
1458	1011
1008	1011
1639	1011
560	1011
990	1011
512	1011
1286	1011
390	1011
718	1011
0	1011
2392	1011
577	1011
1549	1011
541	1011
1766	1011
341	1011
385	1011
1881	1011
350	1011
1460	1011
1532	1011
1668	1011
589	1011
185	1011
1645	1011
1536	1011
995	1011
582	1011
1548	1011
266	1011
681	1011
246	1011
505	1011
386	1011
42	1011
1636	1011
1660	1011
371	8704
2878	8704
1110	1012
170	1012
1367	8705
1697	1013
2814	1014
2749	1014
865	1014
5	1015
234	1015
6	1015
119	1015
8	1015
48	1015
111	1015
47	1015
195	1015
171	1015
2589	8706
1748	8707
1222	8708
2959	1016
165	1016
1719	1016
1099	1017
362	1017
1858	1017
427	1017
2098	1017
3323	8709
2074	8710
3190	1018
1872	1019
2390	1019
3864	1019
2282	1019
1714	1019
421	1019
1133	1019
200	1020
1110	1020
339	1020
1292	1020
1013	1020
551	1020
70	1020
161	1020
577	1020
390	1020
1286	1020
1008	1020
450	1020
1287	1020
199	1020
740	1020
2596	1020
590	1020
555	1020
385	1020
712	1020
341	1020
681	1020
1641	1020
1430	1020
204	1020
1536	1020
1630	1020
450	1021
1520	1021
339	1021
1287	1021
1013	1021
161	1021
577	1021
718	1021
390	1021
1286	1021
653	1021
289	1021
311	1021
1536	1021
671	1021
314	1021
1909	1021
1666	1021
712	1021
181	1021
207	1021
1641	1021
664	1021
3431	8711
3870	8711
1263	1022
1607	1023
2855	1023
3711	1023
416	1023
1099	1026
2227	1026
1056	1026
1609	1027
2390	8712
2388	8712
2014	8712
960	1028
2080	1028
919	1029
3506	1029
11	1029
2024	1029
3878	8713
1762	1031
517	1031
1451	1031
210	1031
605	1031
1671	1031
1592	1031
649	1031
426	1031
292	1031
2494	1031
1250	8714
2057	8714
432	1032
1195	1032
1962	1032
176	1032
1287	1032
308	1032
399	1032
1761	1032
1566	1032
517	1032
2611	1032
1570	1032
131	1032
539	1032
1662	1032
1651	1032
175	1032
1286	1032
70	1032
921	1032
1110	1032
262	1032
1529	1032
1981	1032
3787	1032
2407	1032
385	1032
570	1032
1902	1032
350	1032
1900	1032
455	1032
663	1032
1430	1032
1592	1032
1172	1032
563	1032
556	1032
404	1032
594	1032
235	1033
1195	1033
1194	1033
176	1033
1287	1033
1567	1033
199	1033
1777	1033
1566	1033
490	1033
1110	1033
1664	1033
1013	1033
1008	1033
1286	1033
328	1033
314	1033
186	1033
662	1033
484	1033
350	1033
1532	1033
240	1033
385	1033
455	1033
438	1033
664	1033
116	1033
420	1033
404	1033
1430	1033
505	1033
207	1033
558	1033
700	1033
246	1033
594	1033
235	1034
1962	1034
300	1034
1110	1034
378	1034
893	1034
1287	1034
308	1034
1664	1034
450	1034
1777	1034
70	1034
399	1034
1013	1034
432	1034
592	1034
439	1034
604	1034
1570	1034
131	1034
539	1034
1008	1034
512	1034
175	1034
390	1034
1109	1034
116	1034
1529	1034
3787	1034
1644	1034
385	1034
320	1034
2016	1034
1531	1034
350	1034
1532	1034
1670	1034
663	1034
477	1034
594	1034
775	1034
1430	1034
1592	1034
404	1034
1303	1034
386	1034
334	1034
207	1034
185	1034
580	1034
563	1034
556	1034
246	1034
166	1034
308	1035
364	1035
1287	1035
493	1035
1777	1035
1536	1035
660	1035
564	1035
546	1035
2220	1035
300	1035
1015	1035
592	1035
1121	1035
539	1035
174	1035
1008	1035
1651	1035
1286	1035
967	1035
733	1035
1110	1035
1962	1035
662	1035
1140	1035
2407	1035
503	1035
555	1035
485	1035
350	1035
452	1035
1532	1035
664	1035
571	1035
469	1035
1430	1035
420	1035
594	1035
505	1035
881	1035
246	1035
185	1035
563	1035
762	1035
1963	1035
116	1035
3812	8715
1508	1036
932	1036
460	1036
1082	1037
1409	8716
2273	8716
1825	8716
1344	8717
220	1039
669	1039
1762	1039
545	1039
766	1039
988	1039
1761	1039
486	1039
1963	1039
1114	1039
1736	1039
2521	1039
3451	8718
957	8719
1584	8719
1222	8720
1099	8720
3006	8720
1385	8721
337	1041
675	1041
383	1041
448	1041
349	1041
324	1041
587	1041
509	1041
606	1041
516	1041
351	1041
771	1041
323	1041
3109	1043
811	1043
3661	1043
937	1043
743	1043
388	1044
562	1044
41	1044
1110	1044
3797	1044
18	1044
570	1044
2596	1044
1177	1044
1900	1044
3112	1045
958	8722
735	8723
1919	1046
2964	1047
309	1049
832	1049
300	1049
1195	1049
789	1049
1287	1049
710	1049
339	1049
18	1049
1548	1049
244	1049
318	1049
698	1049
493	1049
1769	1049
1567	1049
182	1049
1297	1049
14	1049
539	1049
1375	1049
592	1049
2340	1049
1186	1049
453	1049
2403	1049
1510	1049
1534	1049
1110	1049
12	1049
378	1049
733	1049
70	1049
1664	1049
537	1049
1634	1049
654	1049
3797	1049
463	1049
375	1049
2407	1049
1293	1049
1625	1049
474	1049
516	1049
1909	1049
646	1049
346	1049
1460	1049
452	1049
1139	1049
1114	1049
1000	1049
181	1049
320	1049
1656	1049
180	1049
2929	1049
123	1049
3295	1049
671	1049
2044	1049
995	1049
42	1049
506	1049
630	1049
341	1049
307	1049
1897	1049
394	1049
1550	1049
612	1049
741	1049
1010	1049
1287	1050
977	1050
339	1050
561	1050
300	1050
76	1050
789	1050
3032	1050
1520	1050
669	1050
995	1050
3087	1050
347	1050
409	1050
1761	1050
330	1050
1548	1050
450	1050
710	1050
453	1050
539	1050
592	1050
400	1050
289	1050
1534	1050
1110	1050
733	1050
1590	1050
70	1050
1664	1050
551	1050
537	1050
1634	1050
770	1050
209	1050
718	1050
565	1050
262	1050
2921	1050
320	1050
375	1050
1981	1050
392	1050
516	1050
1460	1050
452	1050
350	1050
1881	1050
180	1050
1563	1050
172	1050
1660	1050
351	1050
442	1050
741	1050
42	1050
1142	1050
259	1050
341	1050
1516	1050
185	1050
941	8724
1800	1051
1065	1051
1813	1051
2578	1051
1707	8725
779	1052
2290	1052
1069	1053
2802	1054
1069	1054
1448	1054
2709	1055
1033	1055
2635	1055
2716	1055
291	1055
238	8726
2753	8727
3227	8728
914	1056
2677	1056
1009	1056
411	8729
910	1057
3308	1057
1483	8730
856	8731
2387	1058
2039	1058
1080	1058
945	1058
2035	8732
2436	8732
3705	8733
2383	8733
337	1060
659	1060
552	1060
1413	1060
324	1060
1629	1060
248	1060
172	1060
3802	1060
2596	1060
612	1060
557	1060
1516	1060
2829	8734
1865	1062
1305	8735
893	1063
324	1063
539	1063
162	1063
1872	1063
491	1063
1374	1063
203	1063
1032	1063
1380	1064
1239	1064
1304	1064
747	1064
3711	1064
3740	1064
1261	1065
1264	1065
3740	1065
747	1065
3711	1065
2696	1066
783	1066
801	1067
2607	8736
2378	8737
188	8738
827	8738
1030	8739
2061	8740
2847	8741
759	8741
448	1069
200	1069
1767	1069
798	1069
2957	1069
539	1069
1592	1069
1567	1069
482	1069
387	1069
685	1069
3858	1069
1172	1069
3295	1069
3253	1070
2618	8742
3608	8742
420	8742
2965	1072
3547	1072
1845	1072
1801	1072
3292	1073
2259	1074
2259	1075
1061	1076
3401	1076
713	8743
1019	8744
3683	8744
2479	8745
256	1077
1347	1077
383	1077
301	1077
176	1077
989	1077
325	1077
469	1077
165	1077
1836	1077
1566	1077
585	1077
324	1077
605	1077
1121	1077
2833	1077
1571	1077
1110	1077
12	1077
1590	1077
70	1077
289	1077
737	1077
393	1077
2317	1077
1428	1077
401	1077
3797	1077
738	1077
1549	1077
343	1077
1115	1077
1177	1077
590	1077
452	1077
2405	1077
477	1077
572	1077
636	1077
494	1077
1142	1077
377	1077
42	1077
1425	1077
694	1077
164	1077
1120	1078
603	1078
448	1078
1420	1078
235	1078
1527	1078
1589	1078
339	1078
660	1078
506	1078
1630	1078
303	1078
1567	1078
659	1078
605	1078
1424	1078
1130	1078
640	1078
1367	1078
471	1078
582	1078
1110	1078
1664	1078
1286	1078
595	1078
420	1078
401	1078
424	1078
655	1078
2407	1078
992	1078
1135	1078
366	1078
1666	1078
436	1078
473	1078
350	1078
544	1078
671	1078
571	1078
172	1078
583	1078
205	1078
664	1078
1659	1078
325	1078
1430	1078
1533	1078
694	1078
353	1078
586	1078
267	1078
388	1079
364	1079
1287	1079
13	1079
1420	1079
199	1079
2392	1079
1518	1079
635	1079
660	1079
517	1079
1589	1079
657	1079
1110	1079
896	1079
286	1079
883	1079
584	1079
1008	1079
248	1079
1015	1079
289	1079
1286	1079
1013	1079
2403	1079
116	1079
1140	1079
402	1079
385	1079
403	1079
1302	1079
401	1079
571	1079
1627	1079
1531	1079
350	1079
1532	1079
699	1079
184	1079
1158	1079
2046	1079
172	1079
1430	1079
1776	1079
1982	1079
42	1079
420	1079
246	1079
207	1079
185	1079
120	1079
694	1079
1963	1079
307	1079
70	8746
604	8746
483	8746
556	8746
1630	1080
1962	1080
1538	1080
1287	1080
308	1080
235	1080
1109	1080
493	1080
2397	1080
568	1080
921	1080
512	1080
592	1080
1375	1080
1458	1080
131	1080
539	1080
2391	1080
175	1080
331	1080
999	1080
88	1080
1286	1080
1013	1080
70	1080
1110	1080
179	1080
1668	1080
1297	1080
1666	1080
491	1080
1981	1080
1644	1080
555	1080
178	1080
350	1080
699	1080
646	1080
1670	1080
1905	1080
1671	1080
1658	1080
671	1080
314	1080
1532	1080
367	1080
662	1080
292	1080
42	1080
687	1080
505	1080
166	1080
1637	1080
558	1080
684	1080
207	1080
309	1081
301	1081
1287	1081
1668	1081
669	1081
263	1081
589	1081
1286	1081
3887	1081
1538	1081
1110	1081
1642	1081
451	1081
536	1081
226	1081
1432	1081
1532	1081
510	1081
483	1081
1736	1081
370	1081
172	1081
23	1081
681	1081
207	1081
1287	1082
1527	1082
1962	1082
564	1082
2742	1082
1420	1082
364	1082
308	1082
1536	1082
300	1082
1589	1082
275	1082
1015	1082
883	1082
539	1082
174	1082
471	1082
372	1082
289	1082
88	1082
1286	1082
2220	1082
967	1082
733	1082
1110	1082
555	1082
660	1082
341	1082
594	1082
1140	1082
3787	1082
2407	1082
503	1082
403	1082
570	1082
571	1082
485	1082
350	1082
452	1082
699	1082
572	1082
762	1082
420	1082
563	1082
566	1082
664	1082
769	1082
1430	1082
1158	1082
1900	1082
246	1082
303	1083
1630	1083
568	1083
698	1083
450	1083
1109	1083
985	1083
2168	1083
1566	1083
363	1083
884	1083
2044	1083
1158	1083
172	1083
486	1083
245	1083
675	1083
893	1083
512	1083
604	1083
162	1083
131	1083
539	1083
584	1083
1008	1083
1629	1083
242	1083
2323	1083
1286	1083
1013	1083
1110	1083
1667	1083
561	1083
507	1083
1292	1083
1766	1083
357	1083
491	1083
606	1083
1140	1083
610	1083
74	1083
1644	1083
385	1083
1531	1083
452	1083
1532	1083
684	1083
1736	1083
580	1083
22	1083
687	1083
120	1083
185	1083
1764	1083
681	1083
246	1083
505	1083
2192	8747
1526	1084
561	1084
1732	1084
1109	1084
300	1084
537	1084
1642	1084
1458	1084
538	1084
654	1084
1110	1084
485	1084
1529	1084
340	1084
678	1084
385	1084
403	1084
314	1084
662	1084
116	1084
486	1084
1636	1084
1593	1084
505	1084
246	1084
1764	1084
1580	1084
1732	1085
589	1085
536	1085
985	1085
559	1085
1645	1085
1646	1085
562	1085
654	1085
539	1085
1458	1085
304	1085
577	1085
161	1085
1664	1085
1110	1085
1767	1085
388	1085
678	1085
555	1085
385	1085
1644	1085
1530	1085
503	1085
1549	1085
606	1085
491	1085
237	1085
966	1085
275	1085
1658	1085
436	1085
572	1085
1532	1085
740	1085
544	1085
442	1085
662	1085
486	1085
1566	1085
371	1085
261	1085
563	1085
180	1085
268	1085
1900	1085
1793	1086
1571	1087
1526	1087
589	1087
1539	1087
1792	1087
308	1087
2479	1087
450	1087
1668	1087
1630	1087
657	1087
1110	1087
2340	1087
512	1087
654	1087
1286	1087
718	1087
1013	1087
70	1087
315	1087
237	1087
1177	1087
343	1087
1549	1087
678	1087
1530	1087
1644	1087
555	1087
563	1087
1631	1087
544	1087
1658	1087
1536	1087
1532	1087
180	1087
1540	1087
1633	1087
2044	1087
671	1087
3854	1087
541	1087
602	1087
268	1087
1526	1088
589	1088
603	1088
1732	1088
554	1088
339	1088
302	1088
450	1088
1668	1088
1548	1088
1630	1088
275	1088
379	1088
1110	1088
548	1088
371	1088
592	1088
605	1088
584	1088
676	1088
2478	1088
560	1088
1652	1088
0	1088
581	1088
1632	1088
1764	1088
557	1088
556	1088
181	1088
1653	1088
226	1088
1742	1088
1480	1088
541	1088
671	1088
386	1088
116	1088
442	1088
486	1088
1736	1088
687	1088
1669	1088
246	1088
763	1089
536	1089
589	1089
1459	1089
302	1089
450	1089
1109	1089
303	1089
275	1089
371	1089
3032	1089
235	1089
539	1089
471	1089
379	1089
1629	1089
289	1089
70	1089
1110	1089
657	1089
451	1089
1667	1089
1778	1089
1632	1089
1549	1089
226	1089
403	1089
555	1089
835	1089
494	1089
510	1089
572	1089
363	1089
1591	1089
769	1089
420	1089
1736	1089
602	1089
306	1089
580	1089
556	1089
160	1090
656	1090
1732	1090
893	1090
589	1090
2473	1090
1650	1090
554	1090
1668	1090
1630	1090
581	1090
1423	1090
512	1090
562	1090
116	1090
605	1090
1458	1090
584	1090
1639	1090
990	1090
1526	1090
0	1090
1013	1090
537	1090
70	1090
1110	1090
657	1090
1667	1090
836	1090
74	1090
1529	1090
1549	1090
1644	1090
835	1090
1742	1090
1532	1090
1653	1090
292	1090
1641	1090
1620	1090
556	1090
1736	1090
687	1090
1669	1090
246	1090
681	1090
1764	1090
316	1090
557	1090
206	1091
302	1091
1638	1091
893	1091
589	1091
546	1091
1292	1091
1459	1091
1632	1091
303	1091
1197	1091
1668	1091
1630	1091
559	1091
592	1091
1510	1091
1458	1091
162	1091
676	1091
990	1091
289	1091
2236	1091
257	1091
0	1091
3870	1091
537	1091
2478	1091
1110	1091
657	1091
116	1091
671	1091
402	1091
181	1091
1653	1091
1113	1091
1644	1091
557	1091
1742	1091
1655	1091
1480	1091
1658	1091
556	1091
442	1091
177	1091
649	1091
172	1091
420	1091
246	1091
387	1091
1736	1091
1510	1092
589	1092
1667	1092
657	1092
2478	1092
1110	1092
1732	1092
381	1092
665	1092
339	1092
450	1092
1109	1092
1634	1092
1664	1092
957	1092
310	1092
1639	1092
379	1092
128	1092
289	1092
568	1092
2392	1092
580	1092
556	1092
1113	1092
1644	1092
555	1092
2705	1092
739	1092
835	1092
1658	1092
316	1092
185	1092
1112	1092
681	1092
559	1092
1645	1092
405	1092
275	1092
486	1092
180	1092
1548	1092
321	1092
386	1092
601	1092
1292	1093
339	1093
1638	1093
559	1093
1197	1093
1548	1093
1630	1093
405	1093
1632	1093
671	1093
1110	1093
557	1093
537	1093
1650	1093
181	1093
592	1093
605	1093
1458	1093
162	1093
2391	1093
560	1093
1629	1093
512	1093
289	1093
1652	1093
589	1093
555	1093
1644	1093
3224	1093
1531	1093
1183	1093
835	1093
2576	1093
1905	1093
556	1093
486	1093
1636	1093
420	1093
3854	1093
1736	1093
442	1093
687	1093
386	1093
246	1093
505	1093
577	1094
1110	1094
1642	1094
589	1094
1520	1094
2392	1094
1668	1094
654	1094
1286	1094
289	1094
605	1094
131	1094
1008	1094
512	1094
471	1094
538	1094
548	1094
559	1094
1645	1094
1516	1094
181	1094
1549	1094
555	1094
1478	1094
1532	1094
1480	1094
436	1094
1637	1094
491	1094
563	1094
1569	1094
371	1094
1591	1094
351	1094
1158	1094
601	1094
687	1094
386	1094
1112	1094
1315	1095
1571	1095
179	1095
275	1095
1638	1095
450	1095
256	1095
1668	1095
559	1095
1645	1095
1536	1095
1569	1095
1110	1095
371	1095
609	1095
605	1095
1458	1095
131	1095
15	1095
1008	1095
512	1095
1286	1095
1653	1095
491	1095
1530	1095
555	1095
1478	1095
1532	1095
646	1095
572	1095
492	1095
1636	1095
2532	1095
687	1095
505	1095
246	1095
563	1095
181	1095
308	1096
1537	1096
1527	1096
1287	1096
339	1096
449	1096
1957	1096
1878	1096
1964	1096
539	1096
1639	1096
955	1096
2478	1096
1110	1096
774	1096
343	1096
1140	1096
74	1096
1965	1096
2477	1096
2921	1096
341	1096
1660	1096
180	1096
42	1096
1430	1096
266	1096
315	1096
268	1096
316	1096
1287	1097
1427	1097
339	1097
1292	1097
589	1097
536	1097
300	1097
1741	1097
399	1097
337	1097
406	1097
1109	1097
1659	1097
671	1097
1667	1097
363	1097
1540	1097
263	1097
1632	1097
1523	1097
581	1097
405	1097
1761	1097
559	1097
540	1097
501	1097
1630	1097
1548	1097
568	1097
199	1097
235	1097
2394	1097
241	1097
539	1097
957	1097
131	1097
1528	1097
1424	1097
319	1097
592	1097
1110	1097
1013	1097
0	1097
1286	1097
128	1097
990	1097
379	1097
3872	1097
664	1097
1530	1097
610	1097
678	1097
332	1097
1140	1097
1429	1097
491	1097
2740	1097
1135	1097
2582	1097
1671	1097
277	1097
473	1097
468	1097
366	1097
544	1097
1531	1097
571	1097
570	1097
237	1097
2480	1097
1882	1097
42	1097
1982	1097
292	1097
1430	1097
486	1097
369	1097
172	1097
442	1097
483	1097
3295	1097
499	1097
116	1097
1984	1097
420	1097
377	1097
681	1097
166	1097
580	1097
334	1097
246	1097
1425	1097
306	1097
1743	1097
386	1097
70	1098
2396	1098
300	1098
1110	1098
179	1098
783	1098
337	1098
1109	1098
1908	1098
1013	1098
1664	1098
539	1098
439	1098
286	1098
604	1098
1964	1098
2394	1098
471	1098
1426	1098
324	1098
1286	1098
2236	1098
0	1098
370	1098
1782	1098
2740	1098
1644	1098
655	1098
1611	1098
1531	1098
468	1098
1523	1098
1532	1098
357	1098
1672	1098
671	1098
836	1098
664	1098
116	1098
442	1098
437	1098
245	1098
1430	1098
386	1098
1736	1098
580	1098
207	1098
246	1098
687	1098
377	1098
1427	1099
1012	1099
339	1099
1287	1099
665	1099
1292	1099
323	1099
985	1099
1668	1099
1109	1099
303	1099
2392	1099
493	1099
1548	1099
581	1099
995	1099
536	1099
1286	1099
128	1099
592	1099
1964	1099
539	1099
241	1099
1426	1099
390	1099
1013	1099
380	1099
1110	1099
235	1099
200	1099
486	1099
1659	1099
491	1099
503	1099
402	1099
2582	1099
570	1099
571	1099
1531	1099
544	1099
327	1099
1665	1099
452	1099
277	1099
610	1099
237	1099
116	1099
1430	1099
292	1099
42	1099
246	1099
386	1099
492	1099
316	1099
2182	8748
2007	8749
817	8750
547	8751
1075	8751
3544	8751
1129	1100
1075	8752
3544	8752
2538	8753
2791	8753
2580	8754
2686	8755
704	8756
1507	1103
3413	1103
2527	8757
1033	8758
906	8759
1079	8760
2823	1105
1131	1105
1823	1105
2193	1105
2421	8761
1614	8762
3084	8763
787	8763
299	8764
3536	8765
1045	1108
853	1109
2279	8766
589	1113
1538	1113
536	1113
450	1113
562	1113
1668	1113
235	1113
15	1113
390	1113
967	1113
577	1113
161	1113
710	1113
559	1113
1637	1113
237	1113
1595	1113
1532	1113
1646	1113
762	1113
275	1113
1660	1113
180	1113
23	1113
496	1113
1292	1114
388	1114
561	1114
13	1114
254	1114
1287	1114
339	1114
1012	1114
985	1114
1548	1114
581	1114
235	1114
995	1114
200	1114
654	1114
592	1114
1570	1114
310	1114
539	1114
471	1114
1110	1114
737	1114
1286	1114
577	1114
1013	1114
380	1114
1695	1114
452	1114
116	1114
392	1114
1657	1114
491	1114
503	1114
375	1114
226	1114
402	1114
570	1114
571	1114
1531	1114
544	1114
277	1114
477	1114
1658	1114
237	1114
1430	1114
42	1114
602	1114
629	1114
341	1114
2243	8767
1035	8768
2690	1117
2916	1117
747	1118
1369	1118
2350	1118
41	8769
662	8769
3536	8769
3122	8769
747	8769
578	8769
2690	8769
965	1119
3681	1119
3761	1119
747	1119
2264	1120
1598	8770
2059	8770
1806	1121
1384	1122
2948	1123
846	1123
945	1123
1065	1123
778	1125
272	1125
624	1125
1756	1125
3684	1125
983	1125
2577	1125
1749	8771
921	1126
3657	1126
294	8772
3108	8773
1538	8774
3022	8774
2383	8774
748	8774
2636	8775
395	1128
1699	1128
79	8776
2831	8777
1758	1129
1601	1129
1066	1129
2745	1130
1056	1130
2034	1130
1951	8778
1591	1131
1893	8779
341	8780
1696	1132
2963	1132
2385	8781
555	8782
444	8782
2360	8783
3700	8783
2982	8783
1380	1133
1249	1133
2908	1134
3129	1134
2751	1135
1058	1136
3759	1136
2034	1136
1092	1136
2814	1136
1747	1136
1745	1136
1744	1136
1282	1136
1788	1136
1691	1136
1923	1136
638	1136
411	1136
938	1136
555	1136
1065	1136
2747	1136
2448	1136
2120	1136
2802	1136
1087	1136
1048	1136
1448	1136
901	1136
865	1136
1882	1136
2975	1136
1721	1138
1709	8784
2654	1139
440	1139
2103	1139
1721	1139
2025	1139
1099	1140
2108	8785
2331	8786
2572	1142
2188	8787
1823	1143
2540	1144
2185	1144
3048	1144
3454	1144
3647	1144
1081	1145
1748	1146
1336	1146
2855	1147
714	1147
1707	1147
2505	1148
1336	1148
1925	1149
3170	1149
1345	1149
1933	1150
3399	8788
2259	1151
2997	1152
1338	1152
1951	1153
3333	1153
1434	8789
2097	8789
1457	8789
913	1154
431	1154
1876	1154
983	1154
1058	1154
3039	1154
1748	1154
1935	1154
272	1154
2260	1154
1152	1154
2901	1154
3054	1154
1339	1154
1946	1154
1265	1154
2651	1154
947	1154
1252	1154
1997	1154
2748	1154
1894	1154
3165	8790
2344	1155
3148	1155
3042	8791
2056	8791
2056	1156
2056	1157
1696	1157
2406	8792
996	1158
3527	8793
1589	1159
1610	1159
569	1159
209	1159
587	1159
3350	1159
634	1159
2324	1159
3292	1159
2161	1159
400	1159
1121	1159
3643	1159
1666	1159
489	1159
1782	1159
434	1159
966	1159
436	1159
729	1159
419	1159
3091	1159
668	1159
687	1159
173	8794
2154	1160
447	8795
3112	8796
3112	1162
2462	1162
2902	8797
3474	8798
3148	8799
3900	8800
448	1163
921	1163
1534	1163
589	1163
1664	1163
339	1163
383	1163
560	1163
159	1163
1179	1163
1629	1163
1286	1163
2397	1163
1981	1163
74	1163
630	1163
740	1163
668	1163
387	1163
1764	1163
2276	1164
2034	1165
2437	1165
2262	1165
1145	1165
1252	1165
2098	1165
1009	1165
3680	8801
2034	1166
232	1166
34	1166
1065	1166
1065	8802
865	8803
2877	1167
1065	1167
2068	1167
1497	1168
3566	1169
1674	8804
2111	8804
1474	1172
1497	1172
1470	1172
2111	1172
2578	1172
1497	1173
2999	1173
2276	1173
2537	1174
1484	1175
1056	1175
1969	1175
420	1175
416	1175
801	8805
2975	8806
650	1176
944	1176
900	1176
2448	1176
1163	1177
1382	1177
2387	1177
702	1177
1236	1177
2867	1177
749	1177
3427	1177
1457	1178
1255	8807
3852	8807
1098	1179
800	1180
806	1180
1707	1180
1919	1180
720	1181
1642	1181
3032	1181
2396	1181
1110	1181
589	1181
603	1181
339	1181
1638	1181
338	1181
1459	1181
1590	1181
1013	1181
609	1181
311	1181
1458	1181
379	1181
1629	1181
1652	1181
0	1181
1535	1181
492	1181
237	1181
2828	1181
1529	1181
1657	1181
1653	1181
340	1181
1637	1181
678	1181
1113	1181
1644	1181
555	1181
1532	1181
1480	1181
556	1181
116	1181
1536	1181
275	1181
1566	1181
671	1181
836	1181
687	1181
681	1181
386	1181
1736	1181
1636	1181
1292	1182
1732	1182
720	1182
1526	1182
1667	1182
339	1182
302	1182
71	1182
275	1182
1536	1182
1645	1182
256	1182
308	1182
660	1182
657	1182
162	1182
584	1182
539	1182
1458	1182
604	1182
1629	1182
1110	1182
2478	1182
577	1182
289	1182
990	1182
379	1182
1671	1182
1644	1182
226	1182
1549	1182
712	1182
340	1182
1657	1182
237	1182
1658	1182
436	1182
572	1182
1811	1182
494	1182
740	1182
739	1182
679	1182
345	1182
1566	1182
862	1182
601	1182
321	1182
1641	1182
1112	1182
1430	1182
442	1182
1736	1182
116	1182
563	1182
518	1182
580	1182
185	1182
521	1182
681	1182
246	1182
687	1182
386	1182
404	1182
388	1183
1292	1183
302	1183
1732	1183
561	1183
562	1183
300	1183
338	1183
1645	1183
1630	1183
1668	1183
255	1183
2392	1183
303	1183
450	1183
1667	1183
604	1183
1793	1183
957	1183
1458	1183
311	1183
304	1183
1536	1183
657	1183
1110	1183
1013	1183
0	1183
1652	1183
390	1183
1549	1183
555	1183
385	1183
1644	1183
1631	1183
340	1183
1657	1183
1763	1183
1658	1183
436	1183
1532	1183
350	1183
1596	1183
1284	1183
601	1183
42	1183
1641	1183
180	1183
1636	1183
1430	1183
486	1183
116	1183
263	1183
1566	1183
371	1183
3776	1183
275	1183
2175	1183
1515	1183
563	1183
1580	1183
681	1183
386	1183
246	1183
1743	1183
1292	1184
546	1184
561	1184
3032	1184
545	1184
300	1184
1667	1184
1638	1184
331	1184
339	1184
1645	1184
302	1184
451	1184
405	1184
559	1184
1535	1184
540	1184
1630	1184
338	1184
2392	1184
2473	1184
450	1184
550	1184
179	1184
1008	1184
957	1184
1458	1184
311	1184
2340	1184
1015	1184
657	1184
1642	1184
1110	1184
577	1184
0	1184
1286	1184
289	1184
1629	1184
990	1184
379	1184
1643	1184
571	1184
275	1184
1653	1184
2828	1184
237	1184
593	1184
563	1184
580	1184
1549	1184
572	1184
1532	1184
1742	1184
739	1184
1284	1184
1654	1184
403	1184
1644	1184
316	1184
649	1184
442	1184
116	1184
406	1184
518	1184
1632	1184
1566	1184
1523	1184
185	1184
1112	1184
2480	1184
1641	1184
681	1184
386	1184
687	1184
321	1184
1736	1184
1620	1184
1315	1185
303	1185
1109	1185
450	1185
487	1185
244	1185
199	1185
1878	1185
1630	1185
1645	1185
405	1185
1667	1185
331	1185
1015	1185
592	1185
2124	1185
604	1185
605	1185
990	1185
128	1185
1652	1185
3870	1185
1110	1185
678	1185
1644	1185
555	1185
452	1185
1742	1185
1670	1185
1905	1185
1428	1185
1636	1185
42	1185
1594	1185
1736	1185
314	1185
505	1185
207	1185
594	1185
536	1186
589	1186
1431	1186
200	1186
13	1186
2396	1186
176	1186
1536	1186
338	1186
1459	1186
303	1186
2392	1186
1668	1186
331	1186
2124	1186
1458	1186
131	1186
577	1186
70	1186
1110	1186
1642	1186
314	1186
332	1186
1530	1186
350	1186
1532	1186
494	1186
2044	1186
1421	1186
594	1186
1637	1186
671	1186
684	1186
351	1186
1660	1186
393	1186
3247	1186
167	1186
42	1186
2532	1186
563	1186
541	1186
578	1186
386	1186
487	1187
179	1187
1292	1187
176	1187
1109	1187
1287	1187
302	1187
337	1187
450	1187
493	1187
568	1187
1767	1187
1642	1187
1110	1187
1121	1187
467	1187
310	1187
1511	1187
379	1187
990	1187
128	1187
0	1187
3870	1187
1630	1187
564	1187
1649	1187
1644	1187
402	1187
555	1187
835	1187
277	1187
405	1187
581	1187
406	1187
1594	1187
1736	1187
681	1187
594	1187
630	1187
306	1187
200	1188
536	1188
589	1188
1315	1188
674	1188
549	1188
450	1188
1109	1188
303	1188
199	1188
1668	1188
592	1188
331	1188
515	1188
1458	1188
131	1188
1426	1188
451	1188
2393	1188
70	1188
1622	1188
1110	1188
1642	1188
1536	1188
561	1188
1566	1188
403	1188
237	1188
588	1188
332	1188
678	1188
1530	1188
555	1188
314	1188
350	1188
1532	1188
494	1188
1670	1188
1905	1188
671	1188
594	1188
687	1188
593	1188
393	1188
486	1188
180	1188
3854	1188
1736	1188
505	1188
1764	1188
541	1188
563	1188
329	1188
1287	1189
1297	1189
589	1189
235	1189
182	1189
1642	1189
1186	1189
1630	1189
568	1189
18	1189
1109	1189
1110	1189
1020	1189
2391	1189
539	1189
1935	1189
1458	1189
513	1189
1424	1189
592	1189
249	1189
515	1189
582	1189
1426	1189
2527	1189
1013	1189
1634	1189
2393	1189
257	1189
390	1189
1286	1189
512	1189
1836	1189
1530	1189
678	1189
491	1189
1649	1189
1644	1189
237	1189
314	1189
226	1189
436	1189
1905	1189
277	1189
636	1189
1532	1189
1666	1189
2759	1189
1531	1189
1533	1189
292	1189
1776	1189
486	1189
116	1189
681	1189
246	1189
1736	1189
1287	1190
200	1190
1962	1190
582	1190
368	1190
442	1190
235	1190
1567	1190
18	1190
493	1190
1777	1190
482	1190
1548	1190
1107	1190
605	1190
1458	1190
539	1190
604	1190
592	1190
2309	1190
2340	1190
1121	1190
220	1190
1286	1190
2391	1190
402	1190
251	1190
1782	1190
1649	1190
504	1190
1671	1190
854	1190
1532	1190
1530	1190
42	1190
1776	1190
369	1190
437	1190
741	1190
2092	1190
181	1190
1593	1190
505	1190
386	1190
1287	1191
450	1191
1109	1191
493	1191
1630	1191
582	1191
442	1191
592	1191
589	1191
536	1191
605	1191
131	1191
539	1191
1008	1191
1286	1191
2393	1191
1013	1191
1664	1191
921	1191
1110	1191
451	1191
331	1191
1571	1191
1636	1191
393	1191
491	1191
678	1191
468	1191
1532	1191
277	1191
1905	1191
292	1191
1649	1191
478	1191
42	1191
1736	1191
687	1191
246	1191
386	1191
314	1191
1529	1191
237	1191
783	1192
1287	1192
589	1192
536	1192
450	1192
568	1192
1109	1192
1630	1192
501	1192
1536	1192
592	1192
1424	1192
604	1192
605	1192
131	1192
539	1192
1013	1192
1286	1192
541	1192
563	1192
684	1192
181	1192
314	1192
1766	1192
503	1192
1530	1192
555	1192
1000	1192
1532	1192
636	1192
277	1192
572	1192
1905	1192
363	1192
334	1192
386	1192
442	1192
393	1192
687	1192
42	1192
589	1193
710	1193
13	1193
1110	1193
733	1193
1013	1193
1536	1193
2392	1193
1287	1193
577	1193
605	1193
604	1193
1765	1193
2124	1193
592	1193
654	1193
2391	1193
2322	1193
1020	1193
131	1193
582	1193
491	1193
1657	1193
237	1193
503	1193
1530	1193
555	1193
572	1193
636	1193
1532	1193
314	1193
1900	1193
42	1193
16	1193
172	1193
393	1193
442	1193
502	1193
181	1193
684	1193
563	1193
541	1193
578	1193
386	1193
496	1193
1287	1194
589	1194
235	1194
1459	1194
450	1194
1109	1194
1565	1194
18	1194
493	1194
331	1194
1571	1194
197	1194
1938	1194
604	1194
1775	1194
605	1194
1458	1194
131	1194
539	1194
174	1194
1008	1194
1013	1194
1110	1194
2395	1194
393	1194
1649	1194
598	1194
468	1194
2477	1194
1532	1194
572	1194
1905	1194
1671	1194
436	1194
570	1194
769	1194
1636	1194
42	1194
1516	1194
386	1194
237	1194
314	1194
1141	8808
1287	1195
449	1195
302	1195
285	1195
607	1195
116	1195
664	1195
517	1195
995	1195
247	1195
1962	1195
2563	1195
654	1195
1286	1195
1292	1195
179	1195
1295	1195
1013	1195
649	1195
583	1195
466	1195
402	1195
2174	1195
571	1195
21	1195
2405	1195
647	1195
1141	1195
777	1195
404	1195
305	1195
602	1195
2614	8809
2640	8810
872	1197
1729	1197
904	1197
754	8811
199	1199
3668	8812
904	1200
3144	1200
3245	1200
1979	1201
3666	1201
633	1202
1527	1202
118	1202
1641	1202
761	1202
710	1203
2773	1203
3734	1203
2749	1203
3302	1203
1862	1203
3612	8813
720	1205
388	1205
1292	1205
546	1205
1315	1205
564	1205
1767	1205
1732	1205
331	1205
300	1205
536	1205
1668	1205
1197	1205
1548	1205
1630	1205
540	1205
559	1205
1645	1205
450	1205
308	1205
302	1205
383	1205
339	1205
310	1205
471	1205
1426	1205
1458	1205
1528	1205
604	1205
311	1205
609	1205
304	1205
1015	1205
70	1205
1622	1205
1590	1205
379	1205
2478	1205
1110	1205
657	1205
577	1205
3870	1205
257	1205
289	1205
990	1205
1742	1205
1536	1205
860	1205
712	1205
1549	1205
332	1205
74	1205
226	1205
1644	1205
237	1205
1514	1205
572	1205
740	1205
1532	1205
1671	1205
436	1205
1658	1205
879	1205
739	1205
679	1205
345	1205
2016	1205
762	1205
680	1205
469	1205
442	1205
321	1205
1430	1205
836	1205
1632	1205
1523	1205
1299	1205
275	1205
686	1205
1566	1205
580	1205
316	1205
185	1205
681	1205
246	1205
601	1205
1736	1205
404	1205
42	1205
1170	8814
2871	1209
3509	1209
1180	1210
977	1210
536	1210
1420	1210
1528	1210
1348	1210
664	1210
669	1210
2475	1210
1906	1210
485	1210
655	1210
1140	1210
1429	1210
1653	1210
667	1211
988	1211
878	1211
245	1211
3826	1211
564	1211
1429	1211
436	1211
277	1211
2520	1211
2237	1211
1782	1211
783	1212
666	1212
603	1212
675	1212
589	1212
536	1212
1196	1212
1012	1212
517	1212
338	1212
1518	1212
118	1212
644	1212
275	1212
710	1212
235	1212
2323	1212
179	1212
884	1212
1015	1212
896	1212
2400	1212
131	1212
2706	1212
471	1212
1286	1212
531	1212
70	1212
1110	1212
1534	1212
582	1212
671	1212
181	1212
314	1212
491	1212
1429	1212
17	1212
1113	1212
385	1212
1531	1212
679	1212
684	1212
681	1212
662	1212
368	1212
204	1212
649	1212
583	1212
437	1212
418	1212
420	1212
1984	1212
1579	1212
246	1212
962	1213
701	1213
963	1213
1346	1213
3407	8815
1710	1214
1335	1215
632	8816
1885	8817
1956	1216
1832	1216
3735	1216
1222	1217
1861	1218
1690	1219
3482	1219
2749	1219
2804	1219
1497	1220
1235	1220
2290	1220
1690	1221
2254	1221
295	1221
2575	8818
3024	8818
1203	8819
2965	8820
1226	8820
21	8820
2965	1222
1265	1222
904	1222
3117	1222
1971	1222
1966	8821
3442	1223
2907	1223
1238	1223
2161	8822
2749	8823
3117	8824
1774	8825
2358	8826
1707	8826
179	1226
710	1226
300	1226
550	1226
589	1226
1287	1226
921	1226
1110	1226
70	1226
1013	1226
1668	1226
1628	1226
471	1226
548	1226
577	1226
2392	1226
987	1226
181	1226
314	1226
392	1226
491	1226
1285	1226
1549	1226
332	1226
1530	1226
1531	1226
1532	1226
1480	1226
265	1226
1536	1226
275	1226
442	1226
862	1226
167	1226
180	1226
1645	1226
386	1226
541	1226
1744	8827
1009	1228
2947	1230
2490	1230
2784	1230
3189	1230
3482	1230
914	1230
3465	8828
2309	8828
2828	8829
2278	1231
2820	1231
2906	1232
2380	1232
1071	1232
1089	1232
476	1233
1680	8830
844	1234
1684	8831
1006	8832
2430	8832
1047	8833
1823	8833
2127	8833
649	1235
3759	1236
2787	1236
1925	1236
2901	1236
3766	1236
975	1236
420	1236
819	1236
1346	1236
2834	8834
1409	8835
618	1238
2686	1239
1276	1239
1003	8836
2253	1240
3326	1240
2694	8837
2636	1241
1403	1241
1220	1241
3171	1241
3454	1241
303	8838
1010	8839
973	1242
2934	8840
2480	8840
2168	8841
716	8842
2934	8843
3761	1243
30	1243
3550	1243
2018	1243
1263	1243
1822	1243
1292	1244
300	1244
607	1244
1589	1244
1534	1244
1110	1244
2478	1244
1521	1244
501	1244
989	1244
1630	1244
450	1244
339	1244
1664	1244
1904	1244
310	1244
311	1244
286	1244
2124	1244
304	1244
1015	1244
1662	1244
577	1244
159	1244
531	1244
1286	1244
289	1244
595	1244
2899	1244
14	1244
247	1244
489	1244
1907	1244
314	1244
181	1244
2175	1244
436	1244
740	1244
327	1244
571	1244
1666	1244
2016	1244
555	1244
180	1244
1660	1244
204	1244
368	1244
664	1244
671	1244
1822	1244
19	1244
643	1244
580	1244
521	1244
394	1244
681	1244
563	1244
612	1244
1826	1245
976	1245
3430	1245
650	8844
1508	8844
3550	1246
604	1246
31	1246
3821	1246
1880	1246
1164	1246
2449	1246
1832	1246
89	1246
661	1247
1380	1247
2409	1247
2666	1247
2975	8845
2549	8846
1004	8847
1235	8847
3526	8848
852	8848
2187	8848
865	8848
885	1249
1598	1249
2003	1249
904	1249
3503	8849
1209	1250
3106	1253
1832	8850
3350	8851
2937	8852
2652	8853
383	8854
200	8854
3870	8854
439	8854
566	8854
486	8854
2406	8854
436	8854
1043	1255
3694	1257
2691	1257
1385	8855
787	1262
1508	1264
1499	1265
3351	1265
2106	1265
3081	1265
1099	1267
1060	1267
362	1267
2098	1267
816	8856
1123	8856
1886	8856
367	8856
2168	1270
808	1270
1865	8857
3419	1271
164	8858
979	1274
3011	1275
979	1275
1099	1276
2070	1276
960	1276
1861	1276
2098	1276
2106	1277
1821	1277
666	1278
1196	1278
507	1278
118	1278
1761	1278
540	1278
303	1278
130	1278
568	1278
111	1278
1648	1278
734	1278
4	1278
5	1278
119	1278
883	1278
6	1278
105	1278
990	1278
324	1278
614	1278
610	1278
1026	1278
385	1278
424	1278
67	1278
465	1278
173	1278
473	1278
641	1278
127	1278
769	1278
777	1278
369	1278
486	1278
1636	1278
1032	1278
3803	1278
205	1278
1900	1278
47	1278
505	1278
1796	1278
630	1278
3058	1278
1594	1278
216	1278
866	8859
1204	8860
780	8861
1033	8861
1204	8861
873	8862
2014	8863
2924	8864
356	8864
1474	1279
1497	1279
1080	1279
972	1279
3278	8865
2440	8865
1330	8865
2661	1280
1099	1283
779	1283
2015	1283
900	1283
2888	1283
1557	1283
1912	1284
3310	1285
2750	1285
948	1285
3300	8866
2253	8866
2314	8867
3199	8868
979	8868
1484	1286
2545	1286
1468	1286
888	1286
3524	1287
3011	8869
3867	8870
1748	1289
1866	1289
2505	1289
2170	1289
1725	1289
2254	8871
2234	8871
1748	8872
1393	8873
1989	1290
1746	1290
2505	1290
1069	1290
1497	1291
1969	1291
3186	8874
479	8874
2786	8874
2434	8875
3070	8876
2428	1294
2481	1294
3816	8877
979	1296
2535	1296
1056	8878
1991	1297
2034	8879
1705	1298
1613	1299
2115	1299
1225	1299
785	1299
292	1299
1832	1299
3234	1299
3226	1299
785	1300
360	8880
1434	8880
711	8880
1730	8880
2554	8881
381	1302
634	1302
481	1302
568	1302
1197	1302
988	1302
698	1302
1110	1302
609	1302
2340	1302
1044	1302
1414	1302
426	1302
3792	1302
1301	1302
474	1302
3797	1302
1377	1302
1523	1302
292	1302
442	1302
3176	1302
2758	1302
2240	1302
1760	1303
2982	1304
661	1305
2260	1305
1133	1305
3334	1306
2752	1306
2513	1306
1880	1306
3253	1306
2598	1306
1010	1306
2713	1308
2516	1308
1100	1308
3206	8882
913	8882
118	1309
3260	1310
1254	1310
565	1310
1153	1310
1943	1310
3167	1310
1006	1310
532	1310
2670	1311
2899	1311
2775	1311
1041	8883
442	1312
884	1312
1834	1312
1427	1312
431	1312
1767	1312
175	1312
2706	1312
878	1312
2030	1312
2016	1312
314	1312
1593	1312
556	1312
501	1313
764	1313
399	1313
582	1313
490	1313
592	1313
589	1313
323	1313
1286	1313
12	1313
1110	1313
667	1313
325	1313
226	1313
1627	1313
1660	1313
482	1314
1834	1314
574	1314
1431	1314
349	1314
1420	1314
453	1314
1610	1314
1013	1314
713	1314
499	1314
1907	1314
357	1314
3534	1314
2407	1314
966	1314
292	1314
2480	1314
700	1314
1962	1315
179	1315
1778	1315
832	1315
108	1315
568	1315
581	1315
3452	1315
1441	1315
2901	1315
1015	1315
471	1315
737	1315
573	1315
1566	1315
1032	1315
1572	1315
292	1315
267	1315
431	8884
1347	1316
391	1316
2929	1316
335	1316
122	1316
3860	1316
1509	1316
955	1316
433	1316
3772	1316
1140	1316
494	1316
434	1316
1529	1316
397	1316
762	1316
694	1316
2030	1316
658	1317
1908	1317
635	1317
364	1317
1606	1317
88	1317
986	1317
737	1317
955	1317
1523	1317
648	1317
2310	1317
1627	1317
582	1317
1579	1317
1011	1318
1161	1318
713	1318
2589	1318
2832	1318
3365	1318
652	1318
3421	1319
3870	1319
2476	1319
768	1319
1457	1320
2622	8885
1427	1322
470	1322
199	1322
18	1322
582	1322
448	1322
1120	1322
179	1322
677	1322
632	1322
1606	1322
314	1322
510	1322
1072	1322
1183	1322
1666	1322
401	1322
1135	1322
415	1322
576	1322
2475	1322
612	1322
3858	1322
291	1322
828	1323
323	1323
18	1323
399	1323
2563	1323
1015	1323
2296	1323
3224	1323
494	1323
353	1323
1183	1323
1302	1323
1514	1323
655	1323
12	1324
453	1324
430	1324
604	1324
210	1324
1015	1324
644	1324
1428	1324
1981	1324
353	1324
1526	1325
1420	1325
317	1325
254	1325
301	1325
18	1325
2241	1325
1108	1325
1589	1325
595	1325
509	1325
357	1325
761	1325
1513	1325
344	1325
1811	1325
314	1325
172	1325
775	1325
668	1325
377	1325
387	1325
762	1325
2816	8886
1287	1326
543	1326
1521	1326
122	1326
1517	1326
200	1326
682	1326
589	1326
1431	1326
561	1326
562	1326
339	1326
302	1326
1630	1326
1536	1326
1535	1326
3833	1326
501	1326
985	1326
2397	1326
1373	1326
1565	1326
1769	1326
131	1326
179	1326
3872	1326
1413	1326
2706	1326
584	1326
539	1326
548	1326
276	1326
1570	1326
2124	1326
538	1326
1534	1326
1110	1326
921	1326
2241	1326
551	1326
1013	1326
243	1326
1639	1326
2220	1326
257	1326
1286	1326
737	1326
955	1326
347	1326
203	1326
314	1326
320	1326
74	1326
503	1326
1429	1326
1512	1326
237	1326
555	1326
406	1326
1658	1326
1671	1326
572	1326
240	1326
1811	1326
740	1326
1460	1326
835	1326
1000	1326
350	1326
485	1326
570	1326
402	1326
404	1326
42	1326
834	1326
180	1326
1430	1326
1563	1326
511	1326
23	1326
828	1326
204	1326
442	1326
116	1326
671	1326
594	1326
377	1326
2175	1326
630	1326
567	1326
353	1326
194	1326
1142	1326
478	1326
2240	1326
505	1326
387	1326
394	1326
337	1327
543	1327
1287	1327
339	1327
985	1327
338	1327
773	1327
1521	1327
977	1327
589	1327
561	1327
13	1327
562	1327
2397	1327
405	1327
244	1327
275	1327
300	1327
664	1327
671	1327
406	1327
995	1327
1566	1327
988	1327
1536	1327
1645	1327
1777	1327
1535	1327
3833	1327
1668	1327
1526	1327
2396	1327
200	1327
1661	1327
1426	1327
1413	1327
174	1327
241	1327
539	1327
131	1327
1458	1327
604	1327
2403	1327
537	1327
1110	1327
733	1327
1013	1327
1639	1327
1634	1327
220	1327
2220	1327
1286	1327
242	1327
512	1327
116	1327
502	1327
570	1327
1000	1327
555	1327
403	1327
385	1327
384	1327
402	1327
74	1327
503	1327
678	1327
1429	1327
491	1327
2740	1327
1531	1327
1658	1327
436	1327
1421	1327
1671	1327
477	1327
572	1327
1460	1327
473	1327
2143	1327
1432	1327
452	1327
350	1327
1665	1327
332	1327
461	1327
404	1327
612	1327
442	1327
1594	1327
3854	1327
42	1327
509	1327
292	1327
1900	1327
1636	1327
1430	1327
437	1327
1158	1327
1515	1327
2398	1327
505	1327
684	1327
881	1327
492	1327
314	1327
594	1327
2175	1327
341	1327
237	1327
1516	1327
386	1327
387	1327
1764	1327
681	1327
334	1327
1580	1327
563	1327
1879	1330
2636	1330
3287	8887
2710	1332
1251	1332
2106	1332
1251	8888
2388	8888
1149	8889
3453	8890
2855	8891
849	1334
1936	1334
3731	8892
429	1335
3662	1335
3801	1336
3000	1336
2034	1337
3503	1337
1823	1337
3766	1337
2028	1337
542	1337
2032	8893
1184	8894
1082	8894
650	8894
1710	8894
701	1339
118	1339
1576	1339
1004	1339
2538	1339
1056	1339
2075	1339
1888	8895
411	8895
1688	8895
3035	1340
2304	1340
1567	1340
3781	1340
908	1340
441	1340
2237	1340
990	1340
770	1340
357	1340
642	1340
1513	1340
641	1340
465	1340
1900	1340
775	1340
828	1340
292	1340
497	1340
2295	1340
612	1340
1033	1341
1189	1341
1685	1341
3413	1341
1212	8896
2746	1342
2123	1342
1677	1342
756	1342
975	1342
2538	1342
3701	1343
1700	1343
1215	1344
1680	1345
428	1345
2098	1345
704	8897
1237	8897
1923	8897
2899	8898
831	8899
1372	1346
1184	8900
1831	1348
3275	1348
3275	1349
747	1349
2350	8901
747	8901
2350	1350
491	8902
3017	1355
2144	1356
3536	1356
2066	1356
2002	1357
2144	1357
1708	1357
3843	8903
1928	8903
1685	8904
2640	8905
3865	8905
2745	8906
1552	8907
462	8907
1496	8908
2083	1358
2080	1358
947	1358
2096	1359
2075	1359
3561	8909
1136	8910
840	8910
1470	1360
2101	8911
1274	8912
2073	1363
1689	1363
3881	1363
874	8913
3040	8913
3434	8914
1921	1365
434	1365
2063	8915
1538	1370
543	1370
309	1370
659	1370
672	1370
18	1370
574	1370
1120	1370
13	1370
2323	1370
441	1370
162	1370
349	1370
1629	1370
999	1370
1131	1370
2393	1370
531	1370
1589	1370
348	1370
1647	1370
344	1370
835	1370
469	1370
576	1370
316	1370
762	1370
2850	1371
449	1371
1538	1371
1420	1371
3480	1371
989	1371
244	1371
1197	1371
3198	1371
767	1371
3501	1371
2340	1371
515	1371
751	1371
2638	1371
3870	1371
1959	1371
1760	1371
453	1371
582	1371
2117	1371
340	1371
438	1371
2171	1371
1428	1371
403	1371
1302	1371
1289	1371
1139	1371
2194	1371
401	1371
655	1371
1533	1371
1982	1371
172	1371
649	1371
1591	1371
694	1371
700	1371
184	1371
1698	1371
1287	1372
449	1372
383	1372
364	1372
607	1372
1527	1372
659	1372
1120	1372
1769	1372
18	1372
574	1372
1568	1372
348	1372
1589	1372
609	1372
286	1372
162	1372
1662	1372
1629	1372
999	1372
654	1372
531	1372
863	1372
563	1372
438	1372
1647	1372
509	1372
357	1372
1177	1372
1811	1372
572	1372
316	1372
1659	1372
469	1372
419	1372
336	1372
775	1372
576	1372
267	1372
377	1372
305	1372
1255	1374
1317	8916
3596	8917
734	8918
1841	8918
801	8919
1094	1375
3461	1375
2006	1376
3143	8920
191	8920
1395	8921
979	1377
1552	1378
2687	1378
958	1378
1092	8922
1689	8922
2105	8922
2909	1379
1713	1380
612	1380
1385	1382
988	1385
1694	1385
383	1385
697	1385
832	1385
3032	1385
1664	1385
162	1385
373	1385
606	1385
775	1385
988	1386
1629	1386
955	1386
896	1386
1632	1386
1523	1386
728	1386
1567	1387
1515	1387
263	1387
235	1387
985	1387
1295	1387
209	1387
220	1387
1350	1387
539	1387
513	1387
896	1387
495	1387
1113	1387
1963	1387
593	1387
22	1387
377	1387
1900	1387
302	1388
352	1388
566	1388
1761	1388
812	1388
300	1388
673	1388
2220	1388
471	1388
121	1388
1301	1388
571	1388
647	1388
1113	1388
2395	1388
1984	1388
2498	1389
3721	1391
2524	1391
3493	1392
2212	1395
86	8923
1138	8923
547	1397
1040	1397
1928	1397
2672	1397
2239	1398
1431	1398
1392	1398
399	1398
2116	1398
1568	1398
199	1398
1454	1398
400	1398
2259	1398
3666	1398
1074	1398
798	1398
737	1398
990	1398
508	1398
2117	1398
164	1398
966	1398
1139	1398
401	1398
1512	1398
180	1398
1533	1398
172	1398
2046	1398
511	1398
769	1398
649	1398
3713	1398
685	1398
1010	1398
199	1399
793	1399
713	1399
1880	1399
1441	1399
2409	1399
1379	1399
2319	1399
1255	1399
1247	1400
2927	1400
826	1401
1842	1401
2657	1401
2433	1401
1283	1401
1441	1401
2133	1401
2643	1401
1389	1401
1379	1401
3861	1401
3247	1401
2858	1401
3274	8924
2990	8924
2625	8925
3761	8925
2365	8925
2860	8925
2367	8925
2624	8925
2368	8925
2863	8925
3260	1402
913	1402
2814	1402
1339	1402
2179	1402
2025	1402
2127	1402
1287	1403
1527	1403
2478	1403
70	1403
3870	1403
243	1403
712	1403
1660	1403
1567	1404
536	1404
531	1404
988	1404
1798	1404
426	1404
573	1404
1529	1404
1672	1404
675	1405
1527	1405
338	1405
1659	1405
1431	1405
640	1405
274	1405
531	1405
3263	1405
184	1405
2405	1405
424	1405
426	1405
462	1405
3193	8926
128	1406
3760	1406
1704	1407
2439	1407
1339	1407
2212	8927
898	8928
3114	8929
3248	8929
2733	8929
2916	8929
2737	8930
2843	1409
213	1410
2817	1411
2907	1411
2527	1411
2426	1411
2259	1411
1880	1411
3045	1411
2229	1411
905	1411
2958	1411
1801	1411
3095	1411
2191	1411
2451	1411
1473	1411
2281	1411
1222	1412
3108	1412
1071	1413
1376	1413
785	1413
1176	1413
3106	1413
2586	1413
3484	1413
1997	1413
3788	1414
1165	1415
1921	1416
2083	1416
2080	1416
2104	1416
542	1418
103	1419
2694	1419
3303	8931
979	8931
2034	8932
2165	8932
1010	1420
2725	8933
3760	8934
1749	8934
1192	8934
2976	8934
2886	8935
471	8936
844	1421
3495	1421
3827	1422
1331	8937
1247	8938
2574	8939
3134	8940
1063	1423
2069	1423
72	1423
808	1423
86	1423
258	1423
1225	1423
1614	1423
1056	1423
1995	1423
2193	1423
1448	1423
2612	1423
612	1423
2007	8941
3598	8941
2365	8942
2624	8942
2625	8942
2778	8942
2860	8942
2367	8942
2863	8942
1447	8942
2368	8942
1680	8942
1855	8942
1418	1425
2259	1425
919	1425
624	1425
1129	1425
1354	1425
1133	1425
1529	1425
2237	1425
3205	1425
421	1425
1244	1425
2326	1425
3111	1425
1007	1425
3850	1425
2415	1425
3223	1425
1655	8943
2862	1426
3159	1426
3097	1426
3231	1426
2625	8944
2624	8944
2365	8944
2778	8944
2860	8944
2367	8944
2863	8944
2368	8944
2624	1427
2625	1427
2860	1427
2368	1427
1854	1428
1575	1430
2260	8945
3237	8945
447	8946
1041	8947
1448	8948
2746	8949
3150	8950
1709	8950
2025	8950
3834	8951
609	8952
2422	1435
913	1436
1697	1436
86	1436
1774	1436
1954	8953
2553	8954
2887	8955
994	8955
2119	8956
2166	1438
3510	8957
1440	8957
425	8957
3702	1439
2272	1440
865	1440
1697	8958
787	8959
2209	8959
2245	8960
1043	1444
2038	1445
2966	8961
2365	1446
2778	1446
2624	1446
2860	1446
2367	1446
2625	1446
2368	1446
2863	1446
2365	1447
2625	1447
2624	1447
2367	1447
2124	1447
2860	1447
2778	1447
2368	1447
1154	1447
2178	8962
3665	1448
2832	1448
3268	1448
1225	1448
747	1449
1558	8963
2257	8964
1336	8964
1526	1452
200	1452
710	1452
179	1452
1642	1452
388	1452
1539	1452
985	1452
669	1452
550	1452
160	1452
1110	1452
921	1452
1793	1452
1458	1452
1015	1452
577	1452
1013	1452
70	1452
1925	1452
1549	1452
314	1452
181	1452
987	1452
1532	1452
1668	1452
541	1452
442	1452
671	1452
275	1452
1536	1452
1645	1452
559	1452
1660	1452
265	1452
315	1452
386	1452
1690	1453
1343	1454
1996	1454
2257	8965
299	8966
1785	8966
945	8966
947	8966
2288	8966
1062	8966
1721	8966
396	1455
2245	8967
2506	8968
1055	8969
3587	1456
1192	1456
1497	1456
1979	1456
1222	1456
555	1456
2982	1456
3587	1457
3221	8970
1106	1460
1388	1460
1999	1460
2725	1460
232	1460
1082	1460
2170	1460
2485	8971
1077	1461
972	1461
929	1462
1181	1464
2036	1464
2914	1465
1219	8972
3702	8973
1953	1466
865	1466
870	1466
708	8974
1188	1467
2802	1467
3652	8975
1044	8976
1010	8976
3306	1468
1680	1469
2592	8977
1252	1470
2548	1470
1719	1470
2055	8978
1697	8978
2750	8978
1336	8978
420	8978
823	1471
1225	1471
2083	1471
199	1472
388	1472
41	1472
200	1472
499	1472
878	1472
2399	1472
439	1472
957	1472
699	1472
420	1472
1594	1472
394	1472
3606	1472
41	1473
645	1473
1194	1473
675	1473
398	1473
1414	1473
957	1473
2400	1473
1881	1473
485	1473
1550	1473
292	1473
486	1473
2957	8979
2273	1474
2455	1474
1598	1474
3893	1474
1310	1474
1825	1474
3443	1474
1776	1474
2800	1475
1724	1475
2808	1475
1402	1475
309	1477
1292	1477
656	1477
603	1477
720	1477
388	1477
589	1477
561	1477
481	1477
554	1477
1777	1477
540	1477
3452	1477
501	1477
1630	1477
1548	1477
1287	1477
493	1477
1518	1477
303	1477
1109	1477
659	1477
985	1477
200	1477
577	1477
1767	1477
1426	1477
174	1477
241	1477
1511	1477
539	1477
286	1477
1375	1477
2124	1477
592	1477
1015	1477
657	1477
1110	1477
1664	1477
537	1477
1013	1477
1634	1477
581	1477
967	1477
0	1477
1044	1477
1286	1477
512	1477
990	1477
1901	1477
1536	1477
571	1477
1666	1477
555	1477
610	1477
678	1477
591	1477
1531	1477
1671	1477
572	1477
699	1477
1906	1477
1532	1477
740	1477
1460	1477
1072	1477
1881	1477
727	1477
681	1477
306	1477
1303	1477
404	1477
1158	1477
204	1477
1640	1477
671	1477
517	1477
246	1477
1580	1477
594	1477
166	1477
316	1477
185	1477
580	1477
567	1477
558	1477
517	8980
245	8981
1077	1478
1505	1478
3759	1478
1704	1478
1724	1478
1859	1478
1999	1478
2103	1478
2144	1478
299	1478
1922	1478
1144	1478
1447	1478
1691	1478
1804	1478
1407	1478
1912	1478
2068	1478
429	1478
3075	1478
2802	1478
1087	1478
1252	1478
3150	1478
2536	1478
1208	1478
1448	1478
1709	1478
2111	1478
1791	1478
612	1478
535	1478
235	1479
2800	1479
1129	1479
716	1479
1203	1479
1476	1479
1994	1479
1244	1479
2271	1479
2228	1479
1594	1479
1268	1480
1221	1482
2060	1483
2288	1483
1009	1483
2032	1483
2259	8982
651	8982
915	8983
1939	1484
408	1484
1252	1484
1345	1484
1805	1485
1184	1485
1208	1485
2187	8984
1198	8984
904	8984
802	8985
1678	1486
3759	1486
1745	1486
1936	1486
1719	1486
1691	1486
2061	1486
2016	1486
1407	1486
2802	1486
1877	1486
1709	1486
542	1486
1894	1486
2012	1488
713	1488
702	1489
944	1489
1061	1489
1858	1489
2360	8986
844	8987
1688	1492
1469	1494
2267	1494
2728	1494
1946	1494
75	1494
2964	8988
3434	8989
440	1497
1056	1497
1919	1497
2103	8990
1785	1498
1598	1498
2864	1498
1225	1498
2802	1498
1069	1498
2578	1498
2042	1498
2767	1498
980	1500
1235	1500
2034	1500
2300	1500
1143	1500
299	1500
2078	1500
3766	1500
1225	1500
1065	1500
865	1500
2413	1500
1894	1500
1448	1500
1721	1501
2107	1501
1711	1501
1409	1501
3122	8991
659	8992
1542	8992
3684	8993
2973	8994
2426	1502
1056	1503
3541	1503
1926	1503
2079	1504
3573	8995
1832	8996
752	8996
532	8997
2624	1508
2365	1508
2625	1508
2569	1508
1872	1508
2144	1508
2367	1508
2973	1508
2860	1508
2778	1508
2145	1508
2368	1508
2331	1508
2863	1508
2625	8998
2778	8998
2624	8998
2365	8998
2860	8998
2367	8998
2368	8998
2863	8998
3209	8999
2487	9000
1242	9000
837	9000
2487	9001
3441	1510
887	1510
1225	9002
429	9003
532	9004
1292	1512
1024	1512
1624	1512
654	1513
611	1513
1292	1514
2186	1514
162	1514
2954	1515
3092	1515
1035	1515
3807	9005
1468	1516
1597	1517
1737	1517
1497	1517
702	1517
1357	1517
944	1517
1059	1517
2335	1517
1706	1517
1861	1517
1065	1517
2776	1517
2938	1517
428	1517
3647	1517
1615	1518
2509	1518
3510	1519
2166	1519
317	1521
3781	1521
71	1521
812	1521
1763	1521
1902	1521
85	1521
474	1521
377	1521
881	1521
2034	1522
1082	1522
823	1522
1400	1522
2010	1522
2802	1522
2888	1522
2578	1522
2504	1523
906	1523
2333	1524
1615	9006
2640	1525
2997	1526
1048	1526
2506	1527
3700	1527
2554	1527
281	1527
2452	1527
1077	1528
2299	1528
3489	1528
1678	1528
3482	1528
1859	1528
362	1528
945	1528
1099	1528
1691	1528
1065	1528
938	1528
947	1528
2059	1528
1894	1528
1185	1528
846	1528
1048	1528
1721	1528
2381	9007
1821	1530
1851	1531
888	1532
3269	1533
2753	1534
3379	1534
161	9008
952	9009
1584	9010
2698	9011
3040	9012
3048	9013
2047	9014
529	1536
1542	1536
493	1536
1040	1536
2259	1536
2672	1536
341	1536
2934	1536
586	1536
1110	1537
2548	1538
906	1539
295	1539
2328	1540
1706	9015
945	9015
2777	9015
128	1541
2556	1542
1068	9016
1381	1545
2825	1545
3652	1545
237	1545
970	1545
760	1545
780	1545
167	1545
341	1545
42	1545
1092	1546
3494	1546
707	1546
425	1546
1872	1547
3025	1547
1866	1548
2545	9017
2453	1551
2761	9018
1823	9019
2973	9019
1814	1553
1615	1554
780	1554
1599	1555
2223	1556
2067	1556
2489	1556
2012	9020
1152	1559
2975	1559
297	1562
1463	1562
2158	1562
1133	1562
3806	1564
1101	1564
904	1565
440	1565
1785	9021
1865	9021
2387	9021
2000	1566
2034	1568
2257	1568
3072	1568
749	1568
295	1568
3816	1571
3645	1571
1152	1572
2328	1572
3302	1572
1499	9022
1070	9023
2015	9024
1354	9025
1892	9025
2176	1573
2957	1573
272	1573
2791	1573
1892	1573
3701	1573
1554	1575
1963	1575
1555	1575
1010	1575
2050	9026
2459	1576
2145	1576
2957	1577
3196	1577
1065	1577
1404	1578
2807	1578
3603	1579
1675	9027
1448	9027
2046	9028
3290	9028
2532	9028
2178	1581
1345	1582
2187	1583
1212	1584
804	1584
2443	9029
628	1585
2522	1585
2318	1585
1455	1587
2113	1587
3453	1587
3506	9030
1222	9031
3198	9032
3165	9033
3832	9033
281	9034
3610	9035
3705	9035
975	9036
661	9037
2288	9037
1813	1593
3630	9038
1982	9039
231	9039
3508	9040
3658	9040
2462	9040
3427	9040
1940	1596
2101	1596
1544	1596
1951	1596
2101	1597
1365	1597
1951	1598
2048	1598
747	1598
1577	1598
1391	1599
2101	1599
1365	1599
300	1600
747	1600
2811	1600
2837	1601
3552	9041
2539	9041
1724	1604
779	1604
1225	1604
1448	1604
2104	1604
642	1605
2476	9042
1006	1608
682	1609
669	1609
1509	1609
163	1609
439	1609
1198	1609
175	1609
88	1609
1286	1609
1298	1609
648	1609
1623	1609
511	1609
664	1609
306	1609
2054	1610
2104	1610
1704	1611
1718	1611
2973	1611
2003	1611
2088	1611
1152	1611
1599	1611
2167	1611
1711	1611
1155	1611
1577	9043
2710	1612
1205	1612
2965	1612
2775	1612
1225	1612
2034	1614
2948	1614
1748	1614
947	1614
2802	1614
2083	1614
1721	1614
615	1615
965	1616
1261	1616
1932	1617
3234	1617
2098	1617
1942	9044
2106	1618
3087	9045
18	1619
1908	1619
988	1619
896	1619
2403	1619
3253	1619
990	1619
423	1619
1666	1619
434	1619
424	1619
403	1619
178	1619
1072	1619
491	1619
2117	1619
369	1619
1142	1619
292	1619
2714	9046
2182	1620
440	1620
1201	1620
1004	1621
2076	9047
1544	9048
2054	1622
1143	1622
1785	1622
947	1622
2010	1622
2964	9049
2077	1623
2877	1624
1336	1624
628	1625
3249	1625
2331	1625
731	1625
161	9050
2183	9051
57	1626
2598	1626
2196	1627
113	1628
2094	1628
511	1628
566	1628
1767	1628
3687	1628
3870	1628
352	1628
2016	1628
1906	1628
277	1628
1671	1628
790	1628
1595	1628
461	1628
194	1628
237	1628
2437	9052
2257	9052
2905	9052
1833	9053
866	9053
2187	9054
3014	1630
3802	9055
1847	9056
2189	9057
1896	9057
2658	1631
3046	1631
2658	1632
3046	1632
1033	9058
2248	1634
2420	1634
2965	1634
1788	1634
1838	1634
1996	1634
2275	1634
2441	1634
1949	1636
2519	1636
2897	1636
2829	1639
3639	1639
1483	1639
734	1640
2658	1640
2494	1640
1380	1641
2728	1641
3119	1641
2172	1641
1841	1641
199	1642
1913	1642
389	1642
1609	1642
3100	1642
1582	1643
2926	1643
3860	1643
568	1643
436	1643
1766	1643
1513	1643
387	1643
2111	9059
805	1644
382	1644
2537	1644
2015	9060
805	9060
2279	9060
2887	1646
2887	9061
3215	9062
2720	9062
2072	9063
1502	1648
237	1648
2742	1649
670	1649
3374	1649
1523	1649
335	1649
1591	1649
3833	1649
1013	1649
2340	1649
433	1649
798	1649
3224	1649
366	1649
516	1649
436	1649
897	1649
424	1649
376	1649
1579	1649
685	1649
387	1649
1590	9064
2652	9064
1319	1651
715	1651
757	1651
2018	1651
3129	1651
425	1651
964	1651
497	1651
421	9065
997	9066
2551	9067
2822	1653
3612	9068
594	9068
1396	9068
2239	1654
393	1655
1972	9069
2101	9069
1835	9070
751	9071
199	1657
1441	1657
2279	1657
3314	1657
926	1657
3119	1657
2468	1657
2058	1657
2646	1657
314	1657
649	1657
483	1657
533	1657
612	1657
3148	9072
3199	9073
2652	9073
2447	9073
1933	9074
2643	1660
3794	1660
511	1660
3530	1661
1380	1662
2227	1662
3702	1662
1010	1662
2192	1663
2116	1663
938	9075
3227	1664
2534	1666
2032	1666
3564	1667
3214	1667
2071	1667
3164	1668
1150	9076
2640	9077
3827	9077
3097	9077
2721	9077
1952	1669
1510	1670
1635	1670
3510	9078
1269	9078
2537	1672
1713	1672
3523	1672
3253	1673
1317	1674
1388	1674
1706	1674
2259	1674
139	1675
1225	1676
3433	9079
1213	1677
2315	1677
1094	1677
2591	1677
1136	1678
1949	1679
702	1679
362	1679
2788	1679
428	1679
1858	1679
623	1679
1048	1679
2773	9080
623	9080
278	1680
1521	1681
1661	1681
1110	1681
833	1681
176	1681
172	1681
1776	1681
387	1681
1280	9081
3529	9082
347	1682
1292	1682
1148	1682
226	1682
1624	1682
497	1682
643	1682
971	9083
1435	9084
2011	9085
271	9085
3324	9086
2125	9086
1754	1683
1181	1684
2267	1684
2678	1684
2999	1684
2535	1684
658	1686
2094	1687
440	1687
2291	1688
1070	1688
3306	1689
975	9087
3782	1694
2517	1694
2607	9088
3865	9089
1707	9090
254	1695
589	1695
2601	1695
2241	1695
160	1695
1537	1695
1518	1695
989	1695
1834	1695
568	1695
688	1695
199	1695
656	1695
1567	1695
1520	1695
1606	1695
957	1695
605	1695
3727	1695
286	1695
1424	1695
2340	1695
88	1695
2393	1695
978	1695
390	1695
2323	1695
595	1695
548	1695
17	1695
992	1695
1522	1695
648	1695
1782	1695
1514	1695
700	1695
477	1695
670	1695
240	1695
494	1695
1733	1695
1294	1695
185	1695
180	1695
771	1695
769	1695
469	1695
1659	1695
863	1695
1822	1695
490	1695
1172	1695
612	1695
292	1695
307	1695
3858	1695
377	1695
2240	1695
2905	1695
1982	1695
576	1695
803	1695
2094	1696
983	1696
2581	1696
12	1696
398	1696
2567	1696
643	1696
2905	1696
3854	1696
469	1696
383	1697
1431	1697
507	1697
500	1697
2324	1697
518	1697
1180	1697
898	1697
449	1697
391	1697
398	1697
287	1697
605	1697
1606	1697
2581	1697
585	1697
640	1697
441	1697
400	1697
380	1697
770	1697
243	1697
2236	1697
324	1697
1822	1697
1140	1697
747	1697
606	1697
1522	1697
489	1697
2520	1697
366	1697
344	1697
897	1697
437	1697
377	1697
418	1697
769	1697
166	1697
2175	1697
3560	1697
586	1697
454	1697
266	1697
387	1697
1023	1697
3346	9091
2317	1698
3713	1698
2616	1698
1713	9092
766	9093
1367	9094
1615	9094
1872	9094
1951	9095
3244	9095
2128	1700
2950	9096
2305	1703
2256	1704
2158	1704
3564	1705
1553	1706
3652	9097
406	1707
1618	9098
868	9099
2303	9100
2718	1709
1164	1709
3561	1710
2340	9101
759	9101
1452	9101
578	9101
1840	9101
972	9101
3357	1711
1839	9102
1063	9103
476	9104
2034	1713
3759	1713
1542	1713
2069	1713
1404	1713
2864	1713
1225	1713
1707	1713
1603	1713
2059	1713
650	1714
779	1714
3085	9105
1884	9106
754	1716
3618	1716
947	1716
2010	1716
2802	1716
901	1717
3618	1719
945	1719
1185	1719
823	1720
1710	1720
1448	1720
1410	1721
1409	1721
1218	1722
1784	1722
2681	1722
1936	1722
2078	1722
2855	9107
1009	9107
2387	1724
886	1724
2257	1725
1690	1725
865	9108
2965	1726
3003	1726
2423	1726
2621	9109
2146	9109
3104	1727
2802	1730
1497	1730
1785	1730
2145	1730
1678	1731
2265	1731
2726	1731
1258	1731
1806	1731
2060	9110
779	9111
1092	1732
2185	1732
1690	1732
1470	1732
1859	1732
1218	1732
1613	1732
2082	1732
1936	1732
1543	1732
1406	1732
1009	1732
226	1732
1813	1732
1784	1734
1221	1734
2288	1734
2946	1734
1721	1734
2288	9112
2257	1735
900	1735
1813	1735
2211	1736
1010	1737
3095	1737
2754	9113
2635	1739
1358	9114
1504	1740
3264	1740
154	1742
156	1742
155	1742
157	1742
158	1742
2455	9115
1209	9115
3204	9116
3334	1746
3782	9117
3795	1748
1033	1748
1081	1748
3491	1748
2707	1749
2248	1751
1828	1752
199	1752
3042	1754
904	1755
2973	1755
3592	1755
3090	9118
872	9118
2941	1756
2047	1757
1573	1757
2387	9119
1236	1758
2387	9120
2760	1759
3527	1759
1056	1759
2537	9121
1470	9121
2814	9122
2801	9122
3618	9123
2283	9124
2013	1762
1714	1762
2353	1763
3346	1764
3464	1764
231	1764
1697	9125
1615	1765
2540	1766
3800	1766
1386	1766
1393	1767
3381	1767
1355	1767
3313	1768
2056	1769
2750	1769
865	1769
1069	1769
2042	1769
1448	1769
295	1769
1713	9126
314	9126
3876	1770
448	1771
793	1771
1033	1771
983	1771
1470	1771
808	1771
539	1771
604	1771
3849	1771
1372	1771
3592	1771
55	1771
1782	1771
2175	1771
1725	1771
1444	1772
3646	1772
2086	1772
2678	1772
2775	1772
1808	1772
1713	1773
2575	1773
2348	1774
1872	1774
1713	1774
3085	1774
2279	1774
1573	1774
1378	1774
3586	9127
1869	1777
780	1777
1725	1778
1455	1778
661	9128
2584	9128
74	9128
3694	1781
1678	1783
1600	1783
2069	1783
661	1783
653	1783
1222	1783
1225	1783
1543	1783
1946	1783
2802	1783
1603	1783
2536	1783
3482	1783
2066	1783
2155	1783
1757	1783
2042	1783
888	1783
2290	1783
612	1783
3190	9129
3522	9130
2562	9130
228	1784
2070	1785
2387	1785
2170	1785
1410	1785
2346	1785
1147	1785
3618	1785
2802	1785
2066	1785
2105	1786
1051	1786
1858	1786
1936	1786
2817	9131
2208	1787
1288	1787
1246	1787
421	1787
1200	1787
2577	1787
528	1787
2149	9132
1810	9132
1103	1790
3232	1790
2973	9133
1060	1791
2098	1791
2505	9134
411	9134
3413	1794
3816	9135
3800	1795
2468	1795
1435	1795
3513	1796
3573	1796
212	1797
2048	1797
3890	1797
1814	1797
1808	1797
1387	1797
3450	1797
3513	1797
2499	1798
3893	9136
2968	9137
2269	9138
2269	9139
2471	9140
1861	9140
2078	9140
1335	9140
3260	9141
1284	9141
1493	1801
3888	1801
2536	1802
1396	1803
2218	1803
1314	1804
767	1805
1579	1805
2967	1805
2763	1806
1199	9142
92	1807
145	1807
532	1807
565	1807
456	9143
2412	9143
2755	1808
213	1808
1728	1808
1920	9144
3522	9144
1942	1809
1487	1809
3522	1809
2131	1809
425	1809
283	1810
2131	1810
2689	1811
1287	1812
254	1812
1732	1812
329	1812
1015	1812
400	1812
347	1812
728	1812
2740	1812
403	1812
3259	1812
636	1812
1909	1812
1525	1812
292	1812
3031	1812
16	1812
2131	1813
827	1813
1390	1813
2823	1814
2320	1814
2197	1815
2026	1815
3839	1815
1133	1816
619	1816
1327	1816
2715	9145
2755	9146
3434	9147
2691	1819
2381	1820
2218	1820
769	1820
2331	1823
86	1824
164	1824
2505	1825
1803	1825
1099	1825
1737	1825
362	1825
2600	1825
947	1825
1861	1825
823	1825
1855	1825
1974	9148
2944	9148
1391	1826
2320	9149
3324	1827
1646	9150
3834	9151
3758	9151
523	9152
1251	9153
3082	1829
3547	1829
2645	1829
1855	1829
399	1830
200	1830
235	1830
609	1830
576	1830
387	1830
3502	1832
1280	1832
1054	1832
3800	1832
1713	1832
1497	1832
730	1832
2582	1832
2428	1832
1357	1832
1709	1832
3896	9154
2761	9155
2104	9156
1220	9157
1723	9158
1437	9159
2672	9160
3548	9160
3747	9161
3444	9162
923	9163
3527	1836
1874	1836
1724	1838
650	1838
1684	1838
2107	1838
1250	9164
2142	9165
2911	9166
3510	9167
1227	9167
1990	1841
2067	9168
1934	9168
1148	9169
2805	9170
462	9171
2267	9172
2986	9173
1056	1843
2749	1843
1951	1844
963	9174
2357	1845
735	1845
3112	9175
811	9176
2233	9177
780	9178
3342	9178
2208	9179
1991	9179
2085	1850
3273	9180
1979	9180
3494	9181
2693	9181
2610	1851
2109	1851
359	1851
2390	1851
2840	1851
2594	1851
1321	1851
1615	1851
2470	1851
212	9182
1470	9183
1384	9183
852	1852
1269	1852
3347	1852
2635	1854
922	1854
2027	1857
717	9184
1221	1858
1082	1858
2303	1859
2829	1859
2911	1859
1720	1859
2982	1859
1220	1861
471	1861
577	1861
1661	1861
425	1861
1102	1861
2485	1861
1611	1861
436	1861
671	1861
2160	1862
2050	1862
2697	9185
3148	9185
2526	1863
453	1866
2340	1866
895	1866
881	1866
1743	1866
3205	9186
2650	1867
2467	1867
3598	1868
3633	9187
2814	9187
2178	9187
1875	9187
2051	9187
2625	1869
2624	1869
2860	1869
2626	1869
2863	1869
2780	1869
1033	1871
2056	9188
802	1872
1099	1872
2055	1872
947	1872
429	1872
2083	1872
2813	9189
981	1875
972	1875
2051	1875
1213	9190
1868	1877
1371	1877
1116	1877
1819	1877
1721	1877
1707	1877
1790	1879
2263	9191
1048	9191
1192	9192
2232	1880
3077	1880
2067	1881
1401	1881
1677	1881
1919	1881
1088	1881
2500	9193
1094	9194
1470	1883
2203	1883
911	1883
3004	1883
362	1883
1383	1883
2078	1883
948	1883
353	1883
1399	1885
1099	1885
1143	1885
802	1885
1225	1885
2082	1885
2828	9195
573	1886
1061	1887
1048	1887
2181	1887
997	9196
2750	9197
1861	9197
2761	9198
3867	9198
170	1889
1377	1889
1094	9199
3890	9200
2426	9200
3448	9201
1720	9202
2772	9203
213	9204
953	9205
3279	1891
1584	1891
528	1891
2594	1891
609	9206
2380	9206
2203	1892
3594	1892
1848	1892
3106	1892
2110	1892
1707	1892
1615	1892
1486	9207
2374	1894
431	1895
199	1895
1243	1895
482	1895
1300	1895
249	1895
3269	1895
174	1895
1662	1895
209	1895
1514	1895
426	1895
3813	1895
3797	1895
1000	1895
1776	1895
377	1895
2296	1895
3619	1896
3534	1896
1453	1896
416	1896
1925	9208
3128	1897
3594	1897
2131	9209
3806	1898
3405	9210
3451	9210
199	1899
1392	1899
431	1899
632	1899
808	1899
1010	1899
271	1901
2212	1901
3334	9211
1287	1902
589	1902
1521	1902
274	1902
561	1902
1420	1902
1526	1902
410	1902
1778	1902
331	1902
18	1902
406	1902
1299	1902
1630	1902
1668	1902
1798	1902
1534	1902
2392	1902
199	1902
608	1902
303	1902
1109	1902
669	1902
179	1902
289	1902
605	1902
241	1902
767	1902
1606	1902
539	1902
1964	1902
2400	1902
2340	1902
515	1902
1628	1902
1032	1902
1651	1902
676	1902
1013	1902
531	1902
220	1902
718	1902
1044	1902
170	1902
999	1902
595	1902
990	1902
379	1902
1291	1902
325	1902
418	1902
662	1902
74	1902
1140	1902
648	1902
491	1902
1529	1902
489	1902
1135	1902
465	1902
2402	1902
1644	1902
655	1902
2582	1902
2406	1902
21	1902
277	1902
1532	1902
740	1902
1902	1902
452	1902
350	1902
1911	1902
385	1902
1621	1902
344	1902
1636	1902
803	1902
292	1902
1900	1902
1563	1902
483	1902
341	1902
741	1902
664	1902
1984	1902
681	1902
329	1902
185	1902
266	1902
334	1902
394	1902
246	1902
505	1902
1425	1902
687	1902
602	1902
690	1903
1459	1903
2392	1903
2923	1903
1761	1903
1013	1903
1424	1903
441	1903
1606	1903
1588	1903
2394	1903
248	1903
197	1903
955	1903
390	1903
335	1903
1595	1903
1522	1903
2407	1903
74	1903
385	1903
3648	1903
424	1903
2401	1903
1911	1903
350	1903
452	1903
1961	1903
292	1903
2381	1903
664	1903
3295	1903
769	1903
1353	1903
1900	1903
1425	1903
267	1903
505	1903
589	1904
448	1904
536	1904
1120	1904
1521	1904
1459	1904
2392	1904
501	1904
405	1904
441	1904
1424	1904
1606	1904
1349	1904
3872	1904
676	1904
289	1904
1286	1904
390	1904
718	1904
3870	1904
1013	1904
1664	1904
335	1904
1532	1904
328	1904
1135	1904
1522	1904
606	1904
2407	1904
74	1904
655	1904
385	1904
3648	1904
2401	1904
1911	1904
350	1904
452	1904
1670	1904
477	1904
662	1904
1621	1904
329	1904
664	1904
3295	1904
1636	1904
267	1904
505	1904
2381	1904
478	1904
681	1904
1425	1904
602	1904
561	1905
1315	1905
448	1905
1292	1905
589	1905
562	1905
41	1905
1778	1905
1667	1905
1822	1905
1287	1905
1590	1905
406	1905
501	1905
1668	1905
1798	1905
1179	1905
608	1905
1109	1905
1567	1905
783	1905
383	1905
2241	1905
1664	1905
2581	1905
241	1905
584	1905
957	1905
1424	1905
2400	1905
2340	1905
896	1905
323	1905
1013	1905
1634	1905
515	1905
531	1905
1286	1905
128	1905
453	1905
1020	1905
186	1905
226	1905
2407	1905
1653	1905
1525	1905
489	1905
325	1905
474	1905
2406	1905
477	1905
1670	1905
2238	1905
1532	1905
1301	1905
1881	1905
1733	1905
86	1905
180	1905
1636	1905
486	1905
177	1905
600	1905
368	1905
442	1905
116	1905
836	1905
662	1905
292	1905
246	1905
3854	1905
181	1905
341	1905
580	1905
207	1905
334	1905
387	1905
681	1905
386	1905
267	1905
1425	1905
483	1906
1287	1906
2850	1906
388	1906
337	1906
300	1906
540	1906
736	1906
1195	1906
512	1906
2124	1906
539	1906
1008	1906
2394	1906
1426	1906
999	1906
170	1906
1044	1906
718	1906
967	1906
70	1906
733	1906
1812	1906
642	1906
1122	1906
655	1906
178	1906
509	1906
1138	1906
1911	1906
1532	1906
1636	1906
504	1906
2406	1906
563	1906
1900	1906
687	1906
185	1906
762	1906
1621	1906
700	1906
314	1906
684	1906
1767	1907
1510	1907
70	1907
1013	1907
718	1907
690	1907
536	1907
832	1907
783	1907
160	1907
512	1907
88	1907
1015	1907
1670	1907
2400	1907
2403	1907
197	1907
1518	1907
178	1907
684	1907
1621	1907
340	1907
74	1907
655	1907
452	1907
1532	1907
494	1907
572	1907
436	1907
386	1907
377	1907
263	1907
568	1907
574	1907
725	1907
498	1907
667	1907
1636	1907
1315	1908
507	1908
1416	1908
254	1908
3833	1908
1521	1908
18	1908
1197	1908
2924	1908
1571	1908
990	1908
1286	1908
390	1908
488	1908
1350	1908
718	1908
1013	1908
1664	1908
70	1908
862	1908
314	1908
1981	1908
655	1908
327	1908
1911	1908
1532	1908
2238	1908
1670	1908
572	1908
879	1908
366	1908
505	1908
1636	1908
681	1908
329	1908
684	1908
185	1908
478	1908
2704	1909
561	1909
235	1909
569	1909
1664	1909
773	1909
1962	1909
675	1909
449	1909
2393	1909
1459	1909
199	1909
118	1909
587	1909
605	1909
241	1909
174	1909
2391	1909
453	1909
676	1909
2443	1909
1286	1909
1044	1909
242	1909
1115	1909
74	1909
787	1909
374	1909
1621	1909
350	1909
1432	1909
1532	1909
1289	1909
370	1909
664	1909
486	1909
437	1909
180	1909
671	1909
681	1909
386	1909
478	1909
687	1909
3858	1909
303	1910
1287	1910
589	1910
18	1910
561	1910
1668	1910
1180	1910
263	1910
406	1910
300	1910
1008	1910
442	1910
515	1910
2340	1910
592	1910
3727	1910
1426	1910
175	1910
390	1910
1013	1910
70	1910
2124	1910
1660	1910
683	1910
1653	1910
340	1910
375	1910
1530	1910
2405	1910
436	1910
1658	1910
392	1910
386	1910
1533	1910
803	1910
2480	1910
687	1910
505	1910
352	1910
681	1910
1637	1910
259	1910
1621	1910
594	1910
684	1910
563	1910
185	1910
1538	1911
448	1911
2850	1911
322	1911
1287	1911
1012	1911
337	1911
398	1911
1195	1911
2392	1911
1197	1911
1630	1911
639	1911
990	1911
799	1911
718	1911
751	1911
179	1911
1812	1911
509	1911
642	1911
1981	1911
1122	1911
1911	1911
258	1911
1743	1911
736	1911
1897	1911
1621	1911
185	1911
762	1911
763	1912
317	1912
1767	1912
1538	1912
1420	1912
783	1912
1792	1912
18	1912
574	1912
1630	1912
540	1912
405	1912
247	1912
1986	1912
286	1912
633	1912
2563	1912
799	1912
999	1912
498	1912
2794	1912
426	1912
2030	1912
727	1912
494	1912
263	1912
1115	1912
323	1912
672	1912
566	1912
862	1912
583	1912
511	1912
517	1912
172	1912
643	1912
1982	1912
3247	1912
1287	1913
543	1913
253	1913
1459	1913
2392	1913
1668	1913
1180	1913
263	1913
1120	1913
131	1913
515	1913
2124	1913
172	1913
310	1913
349	1913
2394	1913
1426	1913
453	1913
197	1913
372	1913
654	1913
390	1913
577	1913
1013	1913
70	1913
1571	1913
662	1913
606	1913
375	1913
74	1913
683	1913
1611	1913
573	1913
1532	1913
436	1913
340	1913
1529	1913
563	1913
392	1913
2480	1913
185	1913
2150	1913
594	1913
684	1913
507	1914
675	1914
399	1914
2392	1914
482	1914
1630	1914
118	1914
569	1914
2044	1914
286	1914
3727	1914
605	1914
2394	1914
2391	1914
453	1914
766	1914
799	1914
242	1914
88	1914
2236	1914
587	1914
2393	1914
725	1914
370	1914
1782	1914
648	1914
1644	1914
1139	1914
1532	1914
387	1914
328	1914
566	1914
437	1914
180	1914
377	1914
497	1914
3858	1914
1897	1914
1533	1914
773	1915
339	1915
549	1915
1958	1915
2924	1915
2398	1915
330	1915
3833	1915
310	1915
2581	1915
592	1915
999	1915
488	1915
658	1915
1510	1915
1157	1915
1350	1915
393	1915
1644	1915
2016	1915
366	1915
879	1915
2238	1915
611	1915
266	1915
643	1915
1703	1916
638	1916
979	1916
116	1916
1497	1918
2403	1919
1993	1919
2678	1919
2950	9212
2263	9213
716	9214
1071	9215
3249	9216
2414	9217
1841	9218
2383	9218
2445	9218
3391	1927
1530	1927
1033	9219
2891	1928
1880	9220
1713	1929
2308	1929
2914	1929
791	1929
1065	1929
2807	1929
2775	1929
429	1929
906	1929
3322	1930
3066	1930
2182	1930
250	1930
3612	1930
3564	1930
39	1930
2190	1930
1543	1930
1832	1930
808	1930
3023	1930
1971	1930
444	1930
34	1930
1326	1930
1241	1931
2512	1931
1921	1931
1225	1931
972	1931
2181	1931
904	1931
2269	1932
2007	1932
908	1933
2360	1933
3667	1934
2537	1934
527	1934
781	1934
1133	9221
264	9222
708	9223
3168	1936
3595	1936
1594	9224
2811	9225
164	9226
383	1937
1962	1937
200	1937
179	1937
2397	1937
174	1937
3159	1937
672	1937
678	1937
198	1937
1595	1937
1135	1937
1670	1937
1902	1937
420	1937
502	1937
566	1937
630	1937
541	1937
1764	1937
1840	1937
387	1937
1743	1937
56	1938
11	1938
1246	1938
25	1938
1384	1938
74	1941
3668	1941
649	1941
833	9227
3243	1942
117	1946
3718	1947
1146	1948
1880	9228
991	9229
2494	9229
2753	1950
2753	1951
934	1951
2317	1952
2193	9230
2508	1953
649	1953
3091	1954
3494	9231
647	9231
780	1956
1940	9232
2090	9232
780	9233
2291	1958
2433	1958
1268	1958
1343	1958
983	1958
3181	1958
2352	1958
1359	1958
2783	1958
3391	1958
1372	1958
2036	1958
3274	1958
2279	1958
3253	1958
2267	1958
1389	1958
1244	1958
2021	1958
3596	1958
2450	1958
1065	1958
1126	1958
615	1958
1387	1958
2965	1959
252	1959
2425	1959
2410	1959
2458	1959
3825	9234
882	9234
1033	1960
3371	1960
2791	1960
1164	1960
413	1960
1609	1961
1392	9235
2218	9235
996	9236
2025	9236
1880	1963
2105	1964
449	1965
1889	1965
199	1965
1359	1965
3202	1965
3491	1965
3169	9237
2279	9237
3491	9237
2436	9238
1315	9239
2494	9239
172	9240
464	9241
609	9241
1938	9241
2506	1967
2545	1970
449	9242
3219	9242
2579	9242
2254	1971
2068	1971
901	1971
2387	9243
2548	9243
2058	9243
2066	9243
724	9244
3362	9244
3204	9244
1726	1972
3244	1973
2632	9245
1906	9245
3260	1975
913	1975
1713	1975
3891	1975
3039	1975
1613	1975
2965	1975
1799	1975
2682	1975
2489	1975
3622	1975
1384	1975
1555	1975
3549	1977
758	1977
2578	1980
865	9246
2685	1981
1056	1981
2719	1982
3761	9247
1441	9248
555	9249
327	9249
1753	9249
1270	9250
3442	9250
1635	9250
976	9250
3015	9250
3462	1984
1014	9251
1161	1985
3442	1985
2732	1985
2567	1985
1921	9252
3241	9253
1712	9253
3622	9254
1061	1986
2111	1986
3304	1986
1280	1987
2736	1987
2952	1987
2079	1987
1880	1987
2904	1987
2425	1987
440	1987
1384	1987
2022	9255
1056	1988
2034	1988
865	1988
1507	1988
2748	1988
2208	1989
2753	1989
3163	1989
2844	1989
264	1990
2456	1991
2456	1992
904	1993
3132	1993
1985	1993
1502	1994
1695	1994
1611	1994
3649	1994
3680	1996
2672	1996
480	1996
1473	1996
2791	1997
2488	9256
2506	9256
1232	9257
300	2001
425	2001
1554	9258
1571	2002
561	2002
589	2002
1539	2002
788	2002
160	2002
774	2002
2340	2002
2124	2002
1648	2002
539	2002
1013	2002
512	2002
654	2002
1286	2002
1578	2002
718	2002
577	2002
1668	2002
556	2002
1529	2002
340	2002
1549	2002
74	2002
1911	2002
1965	2002
572	2002
42	2002
185	2002
371	2002
116	2002
1660	2002
405	2002
387	2002
1764	2002
394	2002
521	2002
405	2003
1638	2003
656	2003
1565	2003
1668	2003
1431	2003
512	2003
472	2003
1964	2003
654	2003
1286	2003
718	2003
577	2003
312	2003
572	2003
116	2003
340	2003
368	2003
1478	2003
1631	2003
2243	2003
2406	2003
861	2003
687	2003
316	2003
563	2003
1656	2003
259	2003
3723	2004
3684	2004
1785	2005
2560	2008
2233	2009
3032	2010
1527	2010
665	2010
1957	2010
256	2010
669	2010
405	2010
1981	2010
3862	2010
1479	2010
1183	2010
426	2010
862	2010
1564	2010
667	2010
259	2010
521	2010
589	2011
2925	2011
561	2011
656	2011
2850	2011
1521	2011
1798	2011
241	2011
131	2011
1013	2011
2124	2011
400	2011
1008	2011
1426	2011
3872	2011
1291	2011
1286	2011
1044	2011
718	2011
631	2011
672	2011
164	2011
1653	2011
1529	2011
74	2011
1530	2011
452	2011
1532	2011
572	2011
406	2011
321	2011
20	2011
563	2011
681	2011
687	2011
602	2011
309	2012
788	2012
561	2012
1957	2012
303	2012
482	2012
1668	2012
405	2012
406	2012
1571	2012
324	2012
539	2012
1426	2012
1286	2012
3687	2012
577	2012
1013	2012
1664	2012
340	2012
491	2012
1284	2012
2406	2012
1421	2012
680	2012
368	2012
1660	2012
1873	2012
580	2012
185	2012
1160	2012
563	2012
687	2012
602	2012
235	2013
1539	2013
561	2013
1778	2013
1767	2013
431	2013
657	2013
669	2013
1668	2013
530	2013
70	2013
1008	2013
405	2013
1015	2013
1648	2013
174	2013
1013	2013
453	2013
512	2013
654	2013
88	2013
718	2013
967	2013
577	2013
309	2013
506	2013
237	2013
1529	2013
340	2013
74	2013
1530	2013
1478	2013
572	2013
863	2013
671	2013
836	2013
483	2013
442	2013
406	2013
556	2013
681	2013
3410	2013
602	2013
1638	2014
160	2014
2924	2014
405	2014
197	2014
1108	2014
955	2014
1286	2014
718	2014
836	2014
562	2014
368	2014
3726	2014
588	2014
74	2014
402	2014
600	2014
1373	2014
2402	2014
3858	2014
315	2014
268	2014
1593	2014
307	2014
505	2014
681	2014
266	2014
185	2014
1564	2014
580	2014
1577	2015
2505	2015
2374	9259
2465	2018
1454	2019
1011	2019
3015	2019
1880	2019
746	2019
870	9260
2182	2021
618	2021
1317	2021
2145	2021
1856	2021
1618	2022
2387	2022
1748	2023
2750	2023
2839	9261
3243	9261
1166	9262
2899	9262
3639	2024
1543	2024
3296	2025
2980	2025
3439	2026
2783	2026
2826	2026
3272	9263
3334	9263
1613	9263
1486	9263
2077	9263
1334	9263
3112	9264
1677	2029
3419	2029
1538	2029
3029	2030
2620	2032
3254	2033
2426	9265
2429	9266
3479	9267
3015	9267
764	2036
2957	9268
2464	9268
3252	2037
1382	2038
1804	2038
869	2039
3013	2039
2895	2039
875	2040
118	2040
425	2041
2837	9269
1748	2043
1784	2043
2234	2043
838	9270
3561	9271
1029	2047
2221	2048
1865	2049
425	2049
1193	2050
1056	2051
2731	2051
3451	9272
1756	2053
1700	2053
2949	9273
1201	9273
2914	2054
2907	2054
1692	2054
2939	2054
983	2054
2479	9274
3376	9274
1106	9275
2116	9276
2266	9277
1501	9278
1085	9279
853	9279
2893	9280
2851	2055
1852	2055
2668	2056
1380	2056
3722	2056
3732	2056
1594	2056
3018	2057
847	2057
2255	2057
2411	2057
3358	2059
3166	2059
2713	2060
1100	2060
1831	9281
2872	9282
1212	2061
865	2061
3158	2062
2239	2063
709	2063
2347	2063
3279	9283
2791	9283
747	2064
2340	2065
546	2065
589	2065
1297	2065
512	2065
676	2065
768	2065
1570	2065
1375	2065
1881	2065
2622	2065
727	2065
437	2065
682	2066
160	2066
406	2066
1110	2066
584	2066
1008	2066
653	2066
220	2066
344	2066
2929	2066
1981	2066
630	2066
835	2066
2243	2066
2480	2066
1900	2066
1669	2066
2653	9284
3244	9285
980	2068
133	2068
923	2069
923	2070
3273	2070
131	2070
2955	2070
3809	2070
839	2070
965	9286
723	9286
1367	9287
2879	9287
993	9288
3619	2072
3178	2072
2562	2072
2547	2072
1191	2073
2595	2073
2233	9289
1053	9289
3178	2075
1247	9290
2272	2076
1508	2078
627	2078
3039	2080
908	2080
735	2080
2222	2080
2528	9291
1508	2082
3841	2082
2773	2082
3102	2082
904	2082
528	2082
1615	2082
2820	2082
2197	9292
3002	9292
1271	9293
1051	9293
290	9293
2015	9294
2973	9295
2031	9296
2848	9296
3003	9296
2636	9297
1613	2083
952	9298
2636	9298
540	2084
1192	2084
952	2084
2527	2085
3253	9299
1088	9300
747	2086
2286	2087
3336	2087
3011	2088
2943	9301
916	9302
2347	2089
1678	2090
714	2090
2070	2090
1280	2090
1713	2090
1718	2090
1209	2090
3442	2090
1173	2090
1748	2090
2274	2090
1099	2090
1497	2090
288	2090
362	2090
2377	2090
2725	2090
3363	2090
1399	2090
1697	2090
1402	2090
3766	2090
870	2090
2167	2090
1447	2090
2802	2090
3150	2090
2082	2090
1448	2090
2155	2090
865	2090
1390	9303
3345	9303
1405	9304
2034	2091
2534	2091
2387	2091
1716	2091
1690	2091
2036	2091
1388	2091
2288	2091
2080	2091
1145	2091
2749	2091
2776	2091
1200	2091
1721	2091
1448	2091
2767	2091
295	2091
2975	9305
1685	9305
577	9306
1274	9306
2935	2092
3406	2092
800	9307
3843	2094
3530	2094
808	2095
1860	2096
1497	2096
2997	2096
1861	2096
747	2097
747	9308
2462	9309
2146	2099
3282	2100
1010	2101
3575	2101
1368	9310
610	9311
2430	9312
3680	9313
1017	9313
1785	9314
3500	9314
3382	2102
1173	2102
2414	2103
2494	2104
1613	9315
2197	9315
2319	9315
569	2105
451	2105
536	2105
832	2105
1567	2105
302	2105
1286	2105
1798	2105
1630	2105
2323	2105
1761	2105
604	2105
2391	2105
3872	2105
1661	2105
1568	2105
608	2105
1529	2105
1525	2105
1543	2105
1113	2105
3802	2105
1666	2105
2405	2105
1632	2105
1135	2105
1769	2105
593	2105
263	2105
649	2105
1593	2105
386	2105
334	2105
3108	9316
2791	2107
2440	2107
3251	2108
2794	2108
1787	9317
1092	9318
1435	9318
1150	9319
1456	2111
3011	9320
1380	9320
2439	9321
1877	2112
2566	2112
2054	2112
2548	9322
2155	2113
2066	2113
872	9323
411	9323
354	9324
3296	9324
616	2116
1280	2117
3619	2117
1340	2117
175	2117
3085	2117
2548	2117
3349	2117
2646	2117
3100	2117
2791	2117
1815	2117
1330	2117
1990	2118
3826	9325
2998	9325
3442	9326
1450	2119
3294	2120
1384	2124
2050	2124
1923	2124
1783	2125
1997	2125
2304	2126
2015	2126
996	2126
1246	2126
1102	2126
3448	2127
2319	2127
2979	2128
1386	2128
3247	2128
3756	9327
2842	9327
1858	9328
1054	9329
1056	9329
82	2131
3549	2131
3118	2132
2183	2132
2074	2132
2652	2133
1476	2133
2275	2133
1476	9330
532	9330
2548	9331
2734	2135
1081	2135
3081	2135
2204	9332
3874	9333
3219	9333
2074	9334
1953	9335
2074	9335
2074	9336
3865	9337
566	9338
2833	9338
1025	9339
566	9339
3477	2136
2833	2136
2052	2136
2561	2136
1055	2137
1753	2138
2282	2138
2494	2138
2545	9340
2892	9340
3075	9340
2114	2139
2565	2139
2100	2140
2443	9341
1056	9341
2773	9342
980	2141
2052	2141
1225	2141
1448	2141
1435	9343
760	9343
1033	2142
199	2142
1913	2142
2669	2142
3286	2144
2940	9344
1861	9344
1448	2145
2075	9345
1267	9346
918	9346
3272	2146
547	2146
628	2146
1776	2146
875	9347
449	2147
257	2147
323	2147
605	2147
1476	2147
383	2147
490	2147
1140	2147
2582	2147
1284	2147
966	2147
369	2147
1572	2147
2197	2148
1695	2148
1133	2148
3601	2148
525	2150
1968	2152
934	2152
2210	9348
2682	9349
1061	9349
702	9349
3414	9350
844	9351
2113	9351
917	9351
1455	9351
2504	9352
1996	9352
2566	9353
2802	9353
2653	2153
2095	9354
1615	9354
2506	2154
1615	2154
2086	9355
1075	2155
3690	9356
3100	9356
3447	9356
3003	9357
1107	2156
2056	2156
2749	2156
3091	9358
3038	9358
1684	2157
2416	9359
2688	2158
2577	9360
2034	9361
18	2160
1287	2160
1537	2160
122	2160
1962	2160
977	2160
672	2160
1659	2160
517	2160
1761	2160
540	2160
999	2160
657	2160
1110	2160
1964	2160
286	2160
609	2160
2220	2160
217	2160
209	2160
220	2160
776	2160
379	2160
1651	2160
1518	2160
2053	2160
484	2160
424	2160
1644	2160
1429	2160
374	2160
436	2160
1671	2160
504	2160
1909	2160
1906	2160
1460	2160
1072	2160
727	2160
2480	2160
3313	2160
576	2160
1776	2160
1900	2160
180	2160
245	2160
437	2160
2447	2160
486	2160
511	2160
1529	2160
1135	2160
1647	2160
166	2160
207	2160
1743	2160
938	2161
2000	2162
2947	2163
1033	2163
1222	2163
1447	2163
2715	2163
2327	2163
1384	2163
3777	9362
1661	9363
780	9363
1334	9364
2085	9365
3015	2165
2989	2165
733	2165
1012	2166
2989	2166
3290	2166
1078	9366
2664	2167
3417	2167
2837	2167
3015	2167
953	2167
3196	9367
562	2170
1110	2170
952	2170
1296	2170
1287	2170
564	2170
1962	2170
656	2170
3870	2170
2340	2170
1424	2170
162	2170
539	2170
2391	2170
990	2170
128	2170
1629	2170
170	2170
1286	2170
220	2170
700	2170
1529	2170
226	2170
1666	2170
2520	2170
1811	2170
1523	2170
397	2170
1632	2170
263	2170
406	2170
486	2170
245	2170
836	2170
246	2170
1425	2170
536	2171
832	2171
1292	2171
254	2171
302	2171
1761	2171
1567	2171
608	2171
1798	2171
1630	2171
451	2171
1442	2171
335	2171
605	2171
1661	2171
1286	2171
1632	2171
1525	2171
1543	2171
1522	2171
1666	2171
325	2171
1529	2171
20	2171
649	2171
486	2171
292	2171
1533	2171
3858	2171
687	2171
386	2171
681	2171
593	2171
665	2172
451	2172
1296	2172
562	2172
589	2172
1292	2172
1315	2172
317	2172
1287	2172
1638	2172
302	2172
338	2172
608	2172
1110	2172
640	2172
3872	2172
990	2172
1286	2172
220	2172
499	2172
503	2172
1530	2172
366	2172
2238	2172
1905	2172
1671	2172
681	2172
1636	2172
1900	2172
267	2172
1425	2172
580	2172
1110	2173
1642	2173
1767	2173
1295	2173
1296	2173
562	2173
1287	2173
1548	2173
0	2173
1632	2173
1286	2173
2340	2173
2400	2173
640	2173
604	2173
1008	2173
990	2173
1299	2173
1666	2173
181	2173
1529	2173
326	2173
580	2173
504	2173
1905	2173
879	2173
20	2173
316	2173
352	2173
325	2173
2697	2173
442	2173
406	2173
1900	2173
461	2173
1425	2173
246	2173
386	2173
681	2173
334	2173
3028	9368
3028	2174
1492	9369
3496	9370
1497	2175
2560	2176
3817	9371
1380	9371
3899	9372
2760	2177
2636	2177
3700	9373
2585	9373
272	9373
3211	9373
3700	9374
3055	9374
3355	2179
1726	2179
2753	9375
3770	9376
2892	9376
3075	9376
3593	9377
3057	9377
892	9377
2524	9378
3591	9379
1046	9380
2529	2181
2862	2181
2178	2181
3700	2181
735	2181
1046	2181
3817	9381
1959	9381
3669	9381
604	2182
712	2182
2963	9382
2766	2184
1686	9383
2709	9384
1148	9384
368	9384
2051	9385
1751	9386
3419	9387
3836	2185
1825	2186
2373	2187
3214	2187
2439	2188
3434	2188
3715	2188
2842	2188
2171	2188
2791	9388
730	9389
2682	9389
984	2193
2305	2193
3680	2193
2607	2193
2090	2193
2593	2193
3832	2193
2286	2194
3015	2194
2880	2194
3832	2194
2458	2194
2970	9390
626	2195
2684	2195
2791	2195
2603	2195
2084	9391
2590	2196
2563	2196
3471	2196
3707	2196
2168	2196
2717	2199
163	2199
1919	2199
117	9392
2707	2201
3832	2202
2607	2202
2612	2202
2319	2203
1006	2203
2436	2203
1250	2203
2789	2203
3003	2203
3212	2204
3069	2204
3419	2204
3153	2204
3581	2205
3850	2206
2015	2206
1253	2206
2439	2206
2436	2206
3599	2206
1614	2206
3003	2206
1133	2206
3832	2206
2585	2207
901	2207
2436	2208
1260	2209
1199	2209
2335	2209
2231	2209
1936	2209
1216	2209
3769	2209
3106	2209
2747	2209
3422	2209
2413	2209
2082	2209
2831	2210
3158	2210
3549	2211
530	2211
2315	2211
2160	2211
2264	2211
1529	2211
2172	2211
2607	2211
2821	2211
3541	2212
3680	2212
1873	2212
3586	2214
3679	2215
3541	2215
1718	2215
2029	2215
1264	2215
1599	2215
1305	2215
1153	2215
3740	2215
1680	2215
2757	9393
1608	2216
982	2216
982	9394
1325	9394
1608	9394
3760	2217
1466	2217
3364	9395
2707	2218
1248	2218
2580	2218
1776	2218
3484	2218
2024	9396
1033	9397
3357	9397
2586	2219
1220	2219
3576	2219
1750	9398
1439	9398
747	2221
648	2221
1024	2221
1734	2221
2573	2221
2946	2224
944	2225
2959	2227
493	2227
1851	2227
251	2227
824	2227
3532	9399
3665	2228
199	2228
1043	2228
1718	2228
2000	2229
1376	2229
1941	2229
1376	9400
2632	9400
2000	9400
1173	2230
2000	2230
128	9401
2688	9401
983	2231
850	2231
3040	2233
2976	2233
891	2234
3505	9402
1893	9402
1393	2236
1031	2236
978	2236
3307	2236
2560	2236
3022	2236
792	2236
1698	2236
3313	2236
1078	2237
2266	2237
3505	2237
2426	2238
2315	2238
1760	2238
3365	2238
3253	9403
3826	2239
1475	2239
442	2239
3430	2239
2735	2239
3510	2240
658	2240
3392	2240
3794	2240
2065	2240
1684	2240
174	2240
3680	2240
2957	2240
1831	2240
3352	2240
684	2240
2384	2240
2698	2240
2791	2240
1000	2240
1475	2240
3560	2240
1220	2241
2028	2241
410	2242
188	2242
3440	2242
3269	2243
3046	2243
2458	2243
3435	9404
1052	9404
2709	2244
337	2244
490	2244
989	2244
1120	2244
531	2244
3420	2244
539	2244
633	2244
1413	2244
990	2244
2323	2244
1591	2244
380	2244
267	2244
648	2244
1671	2244
1177	2244
511	2244
771	2244
1172	2244
269	2244
292	2244
1646	2245
2640	2248
517	2249
3461	2250
3313	2250
529	2252
2556	2252
2347	2252
1387	2253
3247	2253
3015	9405
1369	2254
436	2255
128	2256
747	2256
2753	9406
3558	9407
3649	2257
440	9408
3169	2259
3106	2259
2056	9409
819	9410
3152	9410
815	9410
795	9411
3163	9411
1094	9411
1046	9411
3756	2261
759	2263
258	2263
566	2263
1163	9412
653	9412
1880	2266
866	2266
1880	2267
2034	2268
2239	2268
2979	2268
2486	2268
1979	2268
3527	2268
2914	2268
2378	2268
2541	2268
694	2268
929	2268
2781	2269
199	2269
2646	2269
926	2269
1452	2269
2816	2270
2497	2270
1380	2271
3442	2271
2671	2271
1148	2271
566	2271
3245	2271
164	2271
1928	2271
2442	2271
3117	2272
1979	2272
2979	9413
2349	9414
3665	2273
2239	2273
1166	2273
1380	2273
755	2273
1338	2273
199	2273
3181	2273
1192	2273
1078	2273
1127	2273
3132	2273
2319	2273
2439	2273
2965	2273
1842	2273
1205	2273
2161	2273
2315	2273
1734	2273
2442	2273
434	2273
801	2273
3573	2273
2791	2273
3711	2273
1444	2273
2487	2273
1386	2273
2135	2273
1346	2273
650	2274
1854	2274
3160	2274
2267	2274
3170	2274
2243	2274
2171	2274
2982	2274
1263	2274
1023	2274
622	2275
2913	2275
3167	2275
297	2275
3353	2276
1748	2276
2274	2276
2328	2276
2144	2276
1553	2276
3095	2276
1726	2276
1225	2276
2145	2276
947	2276
2691	2276
2843	2276
1268	2277
944	2278
1407	2278
2749	2278
1144	2278
947	2278
252	2278
901	2278
1501	2279
2118	9415
3349	2280
922	9416
2000	2281
2794	2281
3239	2281
1673	2282
1205	2282
747	2282
2985	2282
2750	9417
959	9418
2492	9419
2716	9419
2056	9420
1239	9420
3457	2287
2802	2288
2155	2288
2066	2288
1690	2289
1225	2289
1448	2289
1972	9421
1123	9421
3625	9422
434	9422
961	2290
3135	2290
1381	2291
3686	2291
3135	2291
1239	2291
2880	2291
1023	2291
3686	2292
3160	2292
2880	2292
1508	2293
2197	2293
1959	2293
2439	2293
1393	2293
688	2293
2880	2293
354	2295
514	2295
3144	2295
1344	2295
1339	2295
1838	2295
3713	2295
1697	9423
1768	2296
1304	2296
1930	2296
1327	9424
891	9425
3508	2300
3841	2300
3264	2302
661	9426
464	9427
189	9427
1074	9427
2125	9427
2981	9427
128	2305
2466	2306
759	2306
258	2306
257	2307
631	2307
551	2307
1120	2307
1520	2307
1878	2307
249	2307
640	2307
287	2307
3872	2307
1661	2307
2395	2307
1611	2307
1289	2307
644	2307
1523	2307
1387	2307
418	2307
166	2307
302	2308
460	2308
1761	2308
340	2308
2703	2308
1685	2308
366	2308
353	2308
862	2308
315	2308
589	2309
1315	2309
1287	2309
308	2309
518	2309
1110	2309
577	2309
2319	2309
1348	2309
2340	2309
592	2309
640	2309
3794	2309
175	2309
2563	2309
0	2309
323	2309
442	2309
503	2309
2728	2309
2401	2309
469	2309
452	2309
1480	2309
1365	2309
340	2309
2284	2309
1594	2309
1984	2309
1303	2309
563	2309
1896	2309
603	2310
589	2310
1315	2310
2392	2310
1110	2310
673	2310
1286	2310
1458	2310
244	2310
494	2310
1480	2310
1460	2310
1140	2310
1881	2310
185	2310
367	2310
204	2310
442	2310
1287	2311
1822	2311
1110	2311
70	2311
577	2311
1959	2311
131	2311
592	2311
442	2311
483	2311
1532	2311
563	2311
572	2311
2582	2311
503	2311
1429	2311
1010	2311
367	2311
207	2311
42	2311
1594	2311
602	2311
643	2311
3577	2312
674	2312
1732	2312
1042	2312
1274	2312
318	2312
3896	2312
2317	2312
584	2312
547	2312
460	2312
711	2312
2236	2312
2914	2312
390	2312
2926	2312
163	2312
2530	2312
1276	2312
117	2312
740	2312
1294	2312
880	2312
758	2312
281	2312
1263	2312
1387	2312
334	2312
17	2312
315	2312
728	2312
254	2313
2850	2313
518	2313
123	2313
832	2313
1424	2313
548	2313
1140	2313
1685	2313
727	2313
1579	2313
1142	2313
2237	2313
398	2314
832	2314
380	2314
1901	2314
1424	2314
432	2314
368	2314
325	2314
3247	2314
473	2314
1177	2314
494	2314
20	2314
478	2314
586	2314
3157	2316
2332	2317
2752	2317
1446	2319
1449	2321
3794	2321
1387	2322
3274	2322
2286	2322
2664	9428
2707	9429
1746	2323
362	2323
2128	2323
1222	2324
1886	2324
1216	2324
3425	9430
3312	9430
2312	9430
674	9431
1575	2326
2904	2326
2998	9432
865	9433
2182	2327
2197	2327
3546	2327
1825	2328
3646	2330
2249	2330
929	9434
880	2333
3294	2333
3789	9435
649	9435
1894	2335
1864	2335
2064	2335
2345	9436
2133	2338
3070	2338
2319	2338
199	2339
355	2339
3206	2339
2279	2339
2314	2339
693	2339
2560	2339
355	9437
1573	9437
2709	9438
2979	9438
1488	9438
693	9438
2348	2340
1393	2340
727	2340
1845	2340
3510	2341
1508	2341
314	2341
1573	9439
610	9440
1125	2342
120	2342
1385	9441
3235	2343
2732	9442
2438	9443
3005	9443
1281	9444
3540	2344
780	2344
1819	2344
3413	2344
1556	9445
1497	9446
947	9446
2335	2345
1497	9447
1191	9447
362	9448
1408	9449
1191	9449
2776	2346
427	2347
428	2347
1383	2348
3633	9450
2384	9450
1858	9450
1318	2349
1098	2349
1737	2349
1060	2349
1059	2349
2335	2349
1383	2349
1545	2349
3229	2349
1191	2349
947	2349
3504	2349
3308	2349
353	2349
2098	2349
1202	2349
1371	9451
2035	9452
1768	9453
2319	9453
1422	9453
2572	9453
3546	9453
1078	2352
2056	2352
3719	2352
965	2354
3627	2354
1052	2354
2287	2354
1019	2354
2907	9454
1612	9455
1205	2355
1907	2355
1321	2355
3413	9456
824	9456
1723	2356
3235	2357
1944	2357
68	2359
1494	9457
2076	2360
2830	2361
1494	2361
2260	2361
1955	2361
3689	2361
3082	2362
1321	2362
1615	2362
1501	2362
1745	2363
2232	2363
2749	2363
1384	2363
2577	9458
1794	2365
3518	2365
2593	2365
1821	2365
2738	2367
3790	2367
2537	2369
3783	2369
1234	2369
3464	9459
2091	9459
2056	9460
2060	2370
3648	9461
3226	9462
2771	2371
3774	2371
2239	9463
3874	9463
682	2372
3860	2372
2340	2372
1015	2372
198	2372
966	2372
2557	2372
1614	2372
2714	2372
688	2373
244	2373
1536	2373
1032	2373
162	2373
957	2373
1592	2373
649	2373
2219	2374
1394	2375
361	2375
3376	2375
1448	9464
2801	2376
1336	2376
2695	2378
1942	2378
2567	2378
926	2378
3222	2378
2577	2378
2031	2378
2862	9465
1751	9465
2095	9465
1584	9466
2222	9466
2097	9467
2537	9468
2868	9468
3317	2379
1237	9469
2588	9470
1617	2380
2781	2381
2781	2382
3177	2382
889	2382
3463	9471
2462	9471
2128	9472
1280	9472
1237	9472
2054	2383
1382	2383
1448	2383
2817	9473
1888	2385
2248	2385
2773	2385
561	2386
893	2386
1287	2386
339	2386
493	2386
1509	2386
1632	2386
672	2386
116	2386
1110	2386
336	2386
128	2386
1286	2386
220	2386
0	2386
70	2386
657	2386
179	2386
1108	2386
205	2386
352	2386
1113	2386
226	2386
571	2386
1531	2386
350	2386
1072	2386
437	2386
570	2386
420	2386
505	2386
307	2386
478	2386
563	2386
700	2386
1295	2387
536	2387
1427	2387
339	2387
3833	2387
1179	2387
1373	2387
1180	2387
883	2387
3159	2387
1015	2387
1632	2387
287	2387
372	2387
0	2387
995	2387
1796	2387
700	2387
385	2387
2016	2387
570	2387
1531	2387
350	2387
599	2387
1764	2387
884	2387
387	2387
664	2387
116	2387
649	2387
600	2387
172	2387
977	2388
893	2388
1287	2388
985	2388
339	2388
364	2388
1632	2388
493	2388
501	2388
1120	2388
536	2388
776	2388
1662	2388
774	2388
220	2388
0	2388
1110	2388
490	2388
517	2388
357	2388
503	2388
226	2388
664	2388
1531	2388
2405	2388
646	2388
181	2388
116	2388
469	2388
393	2388
771	2388
205	2388
386	2388
563	2388
762	2388
364	2389
536	2389
2742	2389
893	2389
1287	2389
339	2389
348	2389
985	2389
1957	2389
2392	2389
493	2389
300	2389
561	2389
677	2389
1198	2389
604	2389
776	2389
774	2389
1286	2389
0	2389
577	2389
70	2389
1632	2389
509	2389
357	2389
503	2389
573	2389
571	2389
1531	2389
350	2389
762	2389
563	2389
386	2389
393	2389
664	2389
461	2389
305	2389
188	9474
2690	9474
952	9475
1269	2390
188	2390
2772	2390
189	9476
764	2393
3207	2393
532	2393
2095	2393
2325	2394
3739	2394
303	2395
431	2395
1292	2395
667	2395
263	2395
1566	2395
530	2395
3872	2395
286	2395
12	2395
1110	2395
512	2395
383	2395
3393	2395
966	2395
699	2395
417	2395
1532	2395
679	2395
3555	2395
649	2395
387	2395
478	2395
3136	2395
493	2396
568	2396
764	2396
895	2396
431	2396
2883	2396
1292	2396
1349	2396
1120	2396
243	2396
2030	2396
1647	2396
1902	2396
699	2396
647	2396
1911	2396
1139	2396
1135	2396
315	2396
181	2396
520	2396
834	2396
292	2396
556	2396
316	2396
1181	2397
650	2397
980	2397
1470	2397
1410	2397
802	2397
2287	2397
1788	2397
2814	2397
1497	2397
1598	2397
1223	2397
1476	2397
2049	2397
2058	2397
428	2397
1861	2397
2408	2397
1172	2397
2111	2397
2975	2397
1384	2397
865	2397
2228	2397
612	2397
2777	2397
1894	2397
1992	2398
980	2398
1212	2398
3072	2398
2068	2398
888	2398
2155	2398
2232	9477
2257	9477
457	9478
2438	9479
3042	9480
2354	2401
2168	2402
1506	2403
1077	2404
2973	2404
2965	2404
1312	2404
870	2404
909	2404
555	2404
252	2404
2075	2404
1327	2404
1791	2404
2361	2404
440	2404
1514	2404
1709	2404
1448	2404
601	9481
3429	9481
2479	9481
3688	9481
3410	9481
3881	2406
929	9482
1387	2409
2178	9483
2380	9483
2584	9483
235	9484
1470	2412
3660	9485
3483	9485
2607	9486
2131	9487
1387	9488
3631	9488
387	9488
1868	2417
1506	2417
2441	2417
1553	9489
930	9489
1209	9490
1088	9491
3612	9492
1225	9492
2782	9493
2544	9493
1425	9494
1888	2420
911	2420
948	2420
1723	2420
2068	2420
2169	2420
3735	2420
1954	2420
2295	2420
1010	2422
2769	9495
2769	9496
3494	2423
191	2423
1892	2423
2769	9497
1394	2424
272	2424
2099	9498
1945	9498
3532	2425
3532	2426
2279	9499
1190	2427
1831	2428
1867	2428
1807	2429
1431	2430
2292	2430
1180	2430
3681	2430
2034	2430
565	2430
324	2430
21	2430
2567	2430
769	2430
262	2430
292	2430
367	2430
1243	9500
1455	9500
1222	9501
3300	9501
1092	2431
2709	2431
2327	2431
3105	2431
1092	9502
1470	9503
3105	9503
2253	9504
2112	9505
1222	9506
1107	2433
3482	9507
1784	2434
1092	2434
362	2434
1749	2434
1447	2434
1092	9508
1321	2436
1504	9509
1010	9510
747	9510
1497	2437
2777	2437
623	2437
1048	2437
2566	2438
443	2438
3230	2439
362	2439
1858	2439
3063	9511
947	9511
2111	9511
1624	9512
3190	9513
2128	2441
2170	9514
2265	9514
1092	9514
3077	9514
2365	2442
1557	2442
2625	2442
2860	2442
2367	2442
2368	2442
2627	2442
2861	2442
2369	2442
55	2443
1226	2443
3120	2444
3761	2444
2214	2444
649	2444
2670	2445
2039	2445
1840	2445
1452	2446
747	2446
3132	2447
360	2447
1979	2447
3240	2447
1380	2447
3120	2447
1133	2448
3120	2449
1386	2449
2982	2449
2239	9515
2589	9515
3405	9515
2782	9516
2982	9516
1010	9516
2914	2450
539	2450
747	2450
3369	2451
2372	2451
2000	2451
926	2452
2099	2453
3671	2453
2116	2453
434	2453
2372	2454
434	2454
2761	9517
1594	2456
2791	2456
2652	9518
1917	9519
3130	9520
1266	9521
2764	9521
3004	2458
1337	2458
2894	2458
2767	2458
3130	2458
2998	2458
1951	2460
2647	2460
3148	2460
3287	2460
420	9522
626	9523
2844	9524
1609	9525
2769	9525
2769	9526
1997	9527
780	9528
2036	9528
948	9529
3375	9530
948	9530
1553	9531
2036	9532
2366	2461
2365	2461
2625	2461
2860	2461
2367	2461
2780	2461
2627	2461
2368	2461
2861	2461
1605	2463
801	9533
3339	9533
2118	9533
3406	9533
1698	9533
517	2465
3870	2465
1435	2465
1812	2465
714	2467
2257	2467
1891	9534
1891	9535
3489	2468
3077	2468
1405	2468
1225	2468
1861	2468
2802	2468
1894	2468
2566	2470
2815	2470
3095	2471
3413	9536
2833	9537
3196	2472
1594	9538
1892	2474
832	2476
1668	2476
545	2476
328	2476
442	2476
494	2476
186	2476
463	2476
2740	2476
2480	2476
680	2476
3260	2477
1490	2477
188	2478
3334	2478
1739	2478
2099	2480
952	2480
3625	2480
2637	2480
983	2480
2378	2480
3394	2480
3243	2480
3200	2480
2538	2480
3447	2480
1687	2480
709	9539
1522	2482
3414	2483
2460	2483
1821	2483
3010	9540
2797	9540
2675	9541
3786	9542
3334	2484
3347	2484
1830	2485
1751	2485
3002	2485
984	2485
2314	9543
2447	9543
924	9543
413	2488
2312	2488
2168	2488
2527	2488
2308	2488
429	2488
1997	2488
3756	2489
2103	2489
3545	2489
2893	2489
2275	2489
358	2489
2258	2489
355	9544
972	9544
980	2491
2070	2491
2387	2491
1181	2491
2855	2491
1844	2491
1542	2491
2300	2491
1357	2491
1470	2491
1705	2491
362	2491
2103	2491
1497	2491
1382	2491
1758	2491
1188	2491
2435	2491
1250	2491
1144	2491
3210	2491
2548	2491
2749	2491
2058	2491
1804	2491
1800	2491
428	2491
1216	2491
1187	2491
2285	2491
1861	2491
2120	2491
3075	2491
2747	2491
1384	2491
116	2491
1877	2491
1954	2491
1721	2491
2098	2491
2082	2491
2111	2491
2975	2491
1448	2491
2032	2491
1054	2493
578	2493
2607	9545
952	9546
2379	9546
1812	2494
1821	2494
1359	2495
2504	2495
2457	2495
355	2495
1553	2495
2533	2495
1065	2495
1339	2495
819	2495
1448	2495
816	2496
913	2497
431	2497
1557	2497
2167	2497
1086	2497
1717	2497
873	2497
3167	9547
431	2498
1181	2498
1209	2498
2176	2498
1506	2498
2103	2498
2332	2498
3254	2498
1225	2498
1339	2498
2218	2498
2553	2498
3456	2498
865	2498
998	2498
2762	2498
1003	9548
1434	9548
650	2499
3778	2499
662	2499
1336	9549
1380	2501
2574	2501
2152	2501
2453	2502
2466	9550
3761	2503
747	2503
1373	2504
409	2504
1523	2504
1387	2504
122	2504
1350	2504
565	2504
2016	2504
366	2504
315	2504
1909	2504
1421	2504
494	2504
1530	2504
593	2504
643	2504
290	2504
2740	2504
501	2505
18	2505
308	2505
182	2505
603	2505
581	2505
995	2505
671	2505
325	2505
172	2505
131	2505
471	2505
289	2505
1286	2505
577	2505
70	2505
1110	2505
1685	2505
2790	2505
452	2505
1480	2505
572	2505
1135	2505
1430	2505
420	2505
1900	2505
1594	2505
681	2505
1621	2505
807	9551
1951	2507
1342	2507
11	9552
1951	2508
1699	2508
1344	2509
3273	2509
2519	2511
2652	2511
420	2511
3561	2512
1713	2513
1359	2513
3155	2513
2839	2513
2047	2513
1708	2513
2879	2513
2711	2513
2411	2513
1387	2513
1815	2513
2798	2513
1998	2513
944	2514
2103	2514
1065	2514
2060	2514
2068	2514
2120	2514
1252	2514
3469	2516
1649	2517
1476	9553
3719	9554
1344	9555
577	9555
1418	9555
1929	9556
2934	9556
3113	9557
3187	9557
3638	2519
498	2519
2928	2519
335	2519
436	2519
1899	2519
3153	2519
2358	2520
952	2520
3353	2520
2643	9558
2541	9559
3562	2521
264	9560
3022	9560
1176	2522
653	2525
2338	2525
1570	2525
3860	2525
484	2525
494	2525
1522	2525
1033	9561
2436	9561
983	9561
1503	9561
2283	9561
2436	2526
3307	2526
2570	2526
2531	9562
166	9562
3892	9562
1047	2528
2259	2528
1003	2529
1717	2529
1185	2529
830	2530
1880	2530
1075	2530
2204	9563
3395	9564
2997	9565
732	9565
3831	9566
1160	9566
2234	2533
612	2533
2831	2534
1615	2534
1615	2536
1380	9567
2828	9568
1865	9569
3856	9570
888	9571
2328	2538
2272	2538
272	2538
1983	2538
1345	2538
399	2540
747	2540
1222	9572
3020	9573
1891	9574
3148	9574
2510	9575
2071	9576
3167	2542
2131	2544
2057	2545
1010	9577
2814	2548
708	9578
1093	9579
2976	9579
2592	2549
1605	2549
429	2549
1384	2549
2558	2549
3395	2550
2746	2551
362	9580
1707	9580
2625	2553
2471	2553
1731	2553
3004	2553
2378	2553
2367	2553
2623	2553
2778	2553
1849	2553
2366	2553
2860	2553
2060	2553
2863	2553
2627	2553
2861	2553
1603	2553
2369	2553
3105	2553
2336	2554
1680	2554
865	2555
2857	9581
3318	9582
2502	9583
3042	2556
626	2556
3010	2556
2957	2556
3846	2556
3106	2556
2000	2556
3598	2556
2131	2556
3234	2556
3513	2556
1615	2556
2540	2557
2502	2557
2154	2558
2845	2558
2502	2558
2126	2559
2505	2559
1866	2559
1092	2559
1393	2559
1748	2559
1969	2559
1865	2559
1497	2559
2036	2559
2997	2559
2173	2559
3449	2559
104	2559
353	2559
1406	2559
1453	2559
2253	2559
1863	2559
2498	2559
2234	2559
3070	2559
612	2559
1154	9584
1154	2560
747	2561
2494	2562
1693	2563
3362	9585
1030	2564
3598	2564
2593	2564
2753	9586
337	2566
675	2566
301	2566
696	2566
764	2566
398	2566
448	2566
303	2566
481	2566
720	2566
1536	2566
275	2566
1111	2566
1626	2566
3452	2566
1373	2566
1798	2566
1197	2566
244	2566
2924	2566
545	2566
2220	2566
310	2566
1511	2566
2706	2566
1662	2566
471	2566
1198	2566
1015	2566
640	2566
1375	2566
537	2566
1695	2566
1298	2566
1157	2566
2324	2566
2323	2566
2236	2566
565	2566
1350	2566
798	2566
2393	2566
531	2566
517	2566
3862	2566
186	2566
403	2566
2016	2566
992	2566
1177	2566
491	2566
712	2566
416	2566
835	2566
1072	2566
494	2566
2238	2566
202	2566
1909	2566
363	2566
1139	2566
468	2566
583	2566
211	2566
769	2566
1563	2566
576	2566
803	2566
415	2566
649	2566
521	2566
557	2566
567	2566
762	2566
1564	2566
17	2566
680	2566
578	2566
579	2566
1764	2566
1593	2566
307	2566
3606	2566
2278	9587
961	2567
1769	2569
669	2569
1957	2569
256	2569
364	2569
1315	2569
1962	2569
206	2569
1287	2569
325	2569
582	2569
1903	2569
2841	2569
672	2569
836	2569
989	2569
1630	2569
1908	2569
1373	2569
371	2569
498	2569
405	2569
1761	2569
1606	2569
539	2569
248	2569
765	2569
592	2569
319	2569
605	2569
396	2569
1526	2569
3032	2569
1667	2569
179	2569
197	2569
3872	2569
1350	2569
2236	2569
88	2569
2323	2569
799	2569
955	2569
3862	2569
1140	2569
403	2569
1772	2569
357	2569
1529	2569
1115	2569
2030	2569
202	2569
2405	2569
494	2569
1478	2569
1658	2569
477	2569
1902	2569
1742	2569
366	2569
1000	2569
1911	2569
1183	2569
426	2569
741	2569
321	2569
1910	2569
1982	2569
292	2569
612	2569
269	2569
3854	2569
803	2569
1636	2569
419	2569
1515	2569
828	2569
469	2569
167	2569
2929	2569
16	2569
454	2569
557	2569
1513	2569
316	2569
1774	2569
3858	2569
729	2569
185	2569
3478	2569
578	2569
3606	2569
1743	2569
2547	2570
3753	2571
3753	2572
2445	2572
2387	2573
2709	2573
2232	2573
2987	2573
824	2573
1545	2573
3229	2573
1864	2573
3612	9588
2426	2574
3230	2574
3771	2574
1836	2574
3639	2574
3729	2574
369	2574
2196	2574
2426	2575
369	2575
2404	2575
3729	2575
3175	2575
976	2577
3274	2578
2814	2578
2334	2578
1061	2578
1598	2578
1188	2578
1545	2578
2078	2578
2428	2578
2047	2578
425	9589
2973	2580
3520	2580
3119	2580
775	2580
2101	2581
820	2581
420	9590
2036	2582
3267	2582
3765	9591
3267	9591
2365	2584
2367	2584
2860	2584
2861	2584
2834	2584
2365	2585
2625	2585
2624	2585
2366	2585
2367	2585
2778	2585
2623	2585
2627	2585
2626	2585
2863	2585
2780	2585
2369	2585
940	2586
2088	2586
2367	2586
2860	2586
2627	2586
2861	2586
2780	2586
2863	2586
2366	2587
1163	2587
2625	2587
2624	2587
2860	2587
2367	2587
2627	2587
2368	2587
2863	2587
2369	2587
2702	2588
1321	9592
3668	9593
1714	2590
2565	9594
2860	2592
2367	2592
924	2592
2624	2592
2625	2592
2627	2592
2365	2593
2624	2593
2625	2593
2367	2593
2860	2593
2778	2593
2164	2593
3054	2593
2368	2593
2624	2594
2625	2594
2860	2594
2626	2594
2863	2594
2627	2594
2780	2594
2365	9595
2624	9595
2625	9595
2897	9595
2367	9595
2860	9595
2778	9595
1201	9595
2863	9595
2780	9595
2861	9595
2381	2596
1700	2597
1831	9596
2939	9597
1220	9598
2753	9598
1795	9599
3042	2598
2205	9600
2545	9600
1687	9601
2063	2599
3775	9602
1295	2600
460	2600
896	2600
664	2600
648	2600
320	2600
352	2600
551	2601
2581	2601
957	2601
1761	2601
118	2601
630	2601
263	2601
556	2601
424	2601
1666	2601
1961	2601
493	2602
1761	2602
1196	2602
1667	2602
471	2602
1511	2602
1020	2602
436	2602
468	2602
333	2602
2387	9603
3502	2605
2106	2605
3015	2606
3138	2606
2849	2606
1891	2606
2880	2606
891	2606
3166	9604
3013	9604
2823	9605
388	2608
977	2608
589	2608
507	2608
1521	2608
13	2608
1287	2608
337	2608
338	2608
1668	2608
2923	2608
1526	2608
235	2608
1015	2608
1458	2608
131	2608
471	2608
289	2608
175	2608
1286	2608
159	2608
577	2608
1013	2608
70	2608
1110	2608
690	2608
179	2608
1571	2608
582	2608
1516	2608
684	2608
1637	2608
181	2608
1293	2608
314	2608
392	2608
340	2608
1177	2608
491	2608
1530	2608
1432	2608
1532	2608
494	2608
762	2608
328	2608
442	2608
878	2608
180	2608
386	2608
207	2608
1743	2608
601	2608
86	9606
807	2609
2385	2610
1502	9607
2306	9607
2688	9607
3362	9608
2881	2611
554	2612
492	2612
357	9609
1313	9609
3352	2614
2380	2614
3110	2614
3089	2614
2584	2614
2179	2614
1201	2614
443	2614
3411	2614
387	2614
1085	9610
1342	2616
3340	2616
3251	2617
3351	2618
3682	2618
1342	2618
2601	2619
3416	2619
1340	2619
3351	2619
1342	2619
3056	2619
462	2619
1843	2619
1919	2620
751	2621
3333	2621
1669	2621
3500	9611
950	9611
2396	2622
1110	2622
307	2622
175	2622
2851	2622
1761	2622
1797	2622
178	2622
655	2622
1900	2622
483	2622
406	2622
1425	2622
1736	2622
1958	2623
1821	2627
1953	9612
3734	9612
2260	9612
1387	9612
3050	2628
2008	2628
1044	2628
425	2628
1410	2629
1716	2629
2686	2629
2435	2629
900	2629
2060	2629
1691	2629
2864	2629
1361	2629
2630	2629
1721	2629
3449	9613
2448	9613
3453	9614
1470	2631
3173	2631
1706	2632
1282	2632
1447	2632
2815	2632
3108	2632
2068	2632
948	2632
979	2632
2749	2632
1066	2632
1803	9615
1025	9615
1497	2634
2267	2634
3177	2634
3153	2634
2091	9616
3527	2635
3270	2635
1613	2635
2542	2635
2557	2635
1246	2635
3241	2635
2612	2635
3867	2635
2862	2638
562	2639
1759	2639
645	2639
1315	2639
1519	2639
549	2639
609	2639
383	2639
2581	2639
943	2639
2894	2639
1958	2639
1512	2639
2175	2639
455	2639
1140	2639
641	2639
1432	2639
1177	2639
499	2639
260	2639
1563	2639
419	2639
1587	2639
367	2639
1523	2639
454	2639
496	2639
268	2639
2033	2640
3541	2640
1895	2640
2056	2640
2476	2640
2955	2640
2021	2640
975	2640
3557	2640
1409	2640
1791	2640
3091	2640
2025	2640
1448	2640
3403	2643
2885	2644
586	2644
2736	2645
1043	2647
1365	9617
2653	9618
2885	9619
2387	2649
2625	2649
2624	2649
2365	2649
2367	2649
2623	2649
2778	2649
1857	2649
2863	2649
2064	2649
2368	2649
3738	2649
2369	2649
2780	2649
2624	2650
2625	2650
1703	2650
2365	2650
3307	2650
2029	2650
2367	2650
2623	2650
2778	2650
2627	2650
2368	2650
1237	2650
3738	2650
2780	2650
1384	2650
1680	2650
2369	2650
2863	2650
1857	2650
2577	2650
2872	9620
1099	2651
2387	2651
960	2651
945	2651
2103	2651
2335	2651
1222	2651
1861	2651
2998	2651
1098	2652
2098	2652
1949	2653
3604	2653
2036	2653
3756	2653
3306	2653
2853	2653
3228	2653
3302	2653
529	2654
3413	2654
2953	2654
3427	2654
749	9621
1056	9622
1551	9622
1227	2656
780	2656
1056	2657
3885	2657
3885	2658
1990	2659
3493	2659
1483	2660
1249	9623
2812	9624
2387	2662
3062	2662
2988	2662
362	2662
1059	2662
2334	2662
1061	2662
1383	2662
428	2662
3229	2662
947	2662
2337	2662
2098	2662
612	2662
2527	9625
3735	9626
961	2664
3260	2664
2522	2664
2633	2665
3338	9627
2585	9628
2058	9628
1376	9628
2335	2668
3062	2668
2387	2668
1747	2668
362	2668
2987	2668
2402	2668
3229	2668
2098	2668
3504	2669
2813	2672
2504	2672
1700	2672
2791	2673
2807	2673
3480	2674
1921	2674
413	2674
1892	2674
2958	2674
2363	9629
975	9629
1825	9629
1804	2675
2750	2675
2635	2676
1010	2676
2184	2677
2179	9630
3487	9630
2677	2678
1880	2679
817	2679
2313	2679
1615	2679
2538	9631
2861	2680
2365	2680
2860	2680
2367	2680
2365	2681
2625	2681
2002	2681
2624	2681
2860	2681
2367	2681
3160	2681
2778	2681
2863	2681
2450	2681
2369	2681
2368	2681
2627	2681
2861	2681
3624	2682
2366	2682
2860	2682
2779	2682
3431	2682
3738	2682
2863	2682
2780	2682
2365	2683
722	2683
2779	2683
2367	2683
2623	2683
2863	2683
2780	2683
2369	2683
514	2684
965	2684
2307	2684
2371	2684
2615	2684
947	2684
1612	2685
1043	2685
2691	2685
2625	2686
2860	2686
2913	2686
2627	2686
2368	2686
2369	2686
2691	2686
3805	2687
341	2687
1780	9632
3169	2688
3060	2688
1376	2688
1677	2688
2594	2688
932	9633
2943	9634
3011	2689
1184	2689
2965	2689
2955	2689
3871	2689
734	2689
231	2689
1819	2689
2691	2689
3242	2689
2247	2689
1840	2690
1755	2692
1467	2692
2913	2692
3326	2692
2311	2692
865	2693
1295	2694
1755	2694
3840	2694
2281	2694
1248	2695
1973	2696
2527	2696
1033	2696
1664	2696
3185	2696
3132	2696
2476	2696
2056	2696
2435	2696
1476	2696
2955	2696
1930	2696
2933	2696
3558	2696
615	2696
1019	2696
1271	9635
2960	2697
3782	2697
1552	2697
2679	2697
706	2698
3753	9636
3660	9636
932	2699
3075	2699
222	2702
2910	9637
2912	9637
2761	9637
2026	2703
2912	2703
222	2703
2761	2705
2912	2705
2026	2705
2271	2705
2820	2706
2912	2707
222	2707
2063	2707
3760	2708
3370	2708
2540	2708
1441	2708
1446	2708
2907	2708
1388	2708
1028	2708
1133	2708
2425	2708
929	2708
2127	2708
2884	2709
3042	9638
3463	9638
1554	9639
436	9639
3095	9639
769	2710
769	2711
301	2713
1521	2713
1427	2713
589	2713
536	2713
1526	2713
985	2713
559	2713
275	2713
1777	2713
501	2713
274	2713
1424	2713
471	2713
1662	2713
582	2713
70	2713
690	2713
1534	2713
1110	2713
1643	2713
587	2713
512	2713
490	2713
325	2713
314	2713
3797	2713
402	2713
491	2713
366	2713
323	2713
436	2713
740	2713
2401	2713
452	2713
1881	2713
1531	2713
1594	2713
42	2713
172	2713
315	2713
878	2713
594	2713
181	2713
341	2713
1637	2713
462	2713
207	2713
684	2713
386	2713
1425	2713
1109	2714
1459	2714
1521	2714
3781	2714
1427	2714
559	2714
275	2714
371	2714
589	2714
536	2714
200	2714
605	2714
174	2714
324	2714
1476	2714
1015	2714
1286	2714
718	2714
577	2714
1110	2714
657	2714
1534	2714
690	2714
1297	2714
392	2714
555	2714
1531	2714
327	2714
452	2714
494	2714
1294	2714
572	2714
582	2714
594	2714
181	2714
442	2714
368	2714
878	2714
393	2714
42	2714
1594	2714
184	2714
1430	2714
461	2714
1637	2714
454	2714
684	2714
207	2714
386	2714
1521	2715
589	2715
1962	2715
536	2715
1526	2715
1548	2715
398	2715
1109	2715
493	2715
1834	2715
274	2715
2340	2715
174	2715
1015	2715
592	2715
539	2715
690	2715
654	2715
161	2715
70	2715
1110	2715
657	2715
1644	2715
1530	2715
314	2715
594	2715
555	2715
740	2715
1670	2715
572	2715
1777	2715
181	2715
684	2715
736	2715
16	2715
469	2715
878	2715
325	2715
1636	2715
371	2715
275	2715
454	2715
1430	2715
42	2715
404	2715
207	2715
386	2715
1425	2715
1594	2715
1431	2716
487	2716
235	2716
562	2716
312	2716
3675	2716
644	2716
482	2716
18	2716
783	2716
1414	2716
1424	2716
2706	2716
605	2716
2087	2716
400	2716
432	2716
347	2716
3870	2716
770	2716
390	2716
955	2716
344	2716
2582	2716
738	2716
1649	2716
1531	2716
879	2716
436	2716
2406	2716
21	2716
240	2716
3868	2716
468	2716
205	2716
483	2716
1566	2716
1963	2716
20	2716
2175	2716
166	2716
397	2716
497	2716
185	2716
690	2717
1759	2717
1642	2717
2393	2717
536	2717
1973	2717
176	2717
2850	2717
1520	2717
718	2717
1286	2717
287	2717
432	2717
592	2717
1424	2717
768	2717
605	2717
88	2717
2763	2717
1522	2717
491	2717
465	2717
207	2717
181	2717
2092	2717
226	2717
1733	2717
350	2717
1532	2717
572	2717
1580	2717
635	2717
1668	2717
275	2717
671	2717
2811	2717
1984	2717
269	2717
42	2717
586	2717
260	2717
393	2717
1660	2717
322	2718
788	2718
2742	2718
348	2718
364	2718
302	2718
1568	2718
303	2718
1578	2718
432	2718
2340	2718
286	2718
1264	2718
175	2718
1020	2718
3872	2718
163	2718
1981	2718
1649	2718
897	2718
1138	2718
636	2718
1773	2718
2582	2718
1180	2718
1566	2718
204	2718
367	2718
499	2718
307	2718
2240	2718
2102	2718
643	2718
315	2718
184	2718
601	2718
720	2719
1962	2719
1315	2719
1110	2719
1427	2719
589	2719
274	2719
690	2719
1521	2719
1777	2719
70	2719
363	2719
371	2719
308	2719
1622	2719
2124	2719
537	2719
311	2719
15	2719
539	2719
131	2719
2340	2719
325	2719
2322	2719
380	2719
2393	2719
1044	2719
1286	2719
654	2719
2763	2719
1629	2719
1530	2719
678	2719
563	2719
237	2719
684	2719
1644	2719
1671	2719
2238	2719
1532	2719
1666	2719
555	2719
1658	2719
3854	2719
42	2719
292	2719
1636	2719
1430	2719
172	2719
878	2719
368	2719
1736	2719
505	2719
687	2719
1010	2719
741	2719
113	2720
2924	2720
2923	2720
391	2720
1834	2720
322	2720
451	2720
3727	2720
812	2720
285	2720
569	2720
3870	2720
209	2720
88	2720
2763	2720
776	2720
2407	2720
1529	2720
1514	2720
424	2720
1532	2720
598	2720
485	2720
116	2720
836	2720
566	2720
643	2720
454	2720
1425	2720
292	2720
315	2720
2173	9640
2161	2724
1081	2724
3273	9641
2525	9641
2442	9641
1945	9641
2690	9641
1320	9642
2386	9642
3401	9643
3600	2725
2687	2725
3407	2725
649	2725
1136	2726
1470	2728
983	2728
2984	2728
2388	2730
2498	2731
369	2732
3125	2732
1475	2734
658	9644
1182	9644
3639	9644
1530	9644
3175	9644
369	9644
1775	2735
3844	2735
1583	9645
1618	2736
3401	2736
1751	2736
769	2737
3655	2737
3015	2737
2178	2737
1118	2737
3143	2737
3262	2737
3534	2737
3492	2737
1017	2737
2511	2737
924	2739
3858	9646
2019	2740
2527	2740
1043	2740
2056	2740
1078	2740
3182	2740
1621	2740
2183	2740
2433	2741
1441	2741
566	2741
1314	9647
3488	9647
3674	9647
1474	9648
2311	9648
335	2744
752	9649
1403	2745
1470	2745
2791	2745
3517	9650
1470	9650
1356	9650
2761	9651
3867	9651
1013	9652
2106	9652
2791	9653
2625	2746
1318	2746
2365	2746
2779	2746
362	2746
2367	2746
2623	2746
3820	2746
2368	2746
2627	2746
2863	2746
2780	2746
2369	2746
1919	2746
3577	2747
1273	2747
3227	2747
2197	2747
1331	2747
3026	2747
1388	2747
1104	2747
3149	2747
1419	2747
3265	2747
3163	2747
820	2747
3043	2747
3338	2747
3684	2749
1369	2750
3299	2750
545	2751
1962	2751
988	2751
1110	2751
1510	2751
605	2751
1797	2751
1653	2751
2474	2751
406	2751
1533	2751
1736	2751
1963	2751
1919	2753
2346	9654
2033	9655
2973	9655
2202	9655
369	9655
1361	9655
1807	9655
1554	9656
2119	9657
2750	9657
425	9657
2255	9657
3842	2754
1546	2754
1989	2755
894	2755
1056	2755
1697	2755
2080	2755
411	2755
2245	9658
3057	2756
1282	2756
1999	2756
2725	2756
475	2756
2428	2756
2159	2756
732	2756
1408	2756
2600	9659
891	9659
1522	9660
1904	2757
904	2757
1081	9661
2753	2758
3893	9662
425	9663
1557	2759
3713	9664
1361	9664
1167	2762
3470	2763
1361	2763
872	2764
2957	2764
2176	9665
2898	9665
2176	2765
3193	2765
2791	2765
3470	9666
2957	9666
2644	9667
2791	9667
2248	2766
413	2766
1713	2767
1892	2767
2451	2767
2204	2767
649	9668
1380	2770
2958	2770
2564	9669
2798	2771
413	2771
1220	2771
2965	2771
3682	2771
2807	2771
2898	9670
1809	2772
2176	2772
1243	2772
2889	2772
1372	2772
1921	2772
1845	2772
2791	2772
1249	2772
2558	2772
3345	2772
3274	2773
2457	2773
1809	2773
2958	2773
2411	2773
2451	2773
1713	2774
2791	2774
2538	2774
1713	2775
1096	2775
2411	2775
1361	2775
2451	2775
2958	2775
1713	2776
2015	2776
1243	2776
1809	2776
2087	2776
2791	2776
2558	2776
1971	2776
3494	2777
903	2777
3136	2778
649	2778
3153	2779
2270	2779
1437	2780
3526	2783
3680	2785
3202	2785
1810	2785
1433	2785
810	2785
3615	9671
359	9672
1326	9672
1919	9673
565	9674
1635	9674
1118	9674
1106	9675
780	9675
3596	9675
3612	2787
1990	2787
3870	9676
1484	9677
3577	9678
1449	9678
281	9678
199	2791
532	2791
2741	2791
264	2792
1925	9679
3844	9680
3442	2795
3752	2795
2240	2796
3304	2796
1220	2797
2527	2797
776	2797
2161	2797
2825	2797
2002	2798
2187	2798
1493	9681
3779	9682
1190	9683
3848	9683
1078	9684
3523	9685
572	9686
2385	2801
2968	9687
2545	2803
1033	9688
1977	2805
2840	9689
2839	9690
3239	9690
3890	2807
1010	2807
3800	2808
3317	2809
865	2809
1397	9691
1043	2811
2267	2811
2451	2811
809	2811
2105	2812
1010	9692
2384	9692
3178	9693
2105	9694
3811	9694
818	2814
2417	9695
191	9696
1254	2816
2555	2816
1890	2816
1009	9697
2854	9698
235	9699
2193	9699
235	2818
3161	2818
235	2819
235	9700
1265	9700
1375	9701
3838	9701
235	9702
3838	9702
2409	9702
592	2820
2543	2822
3382	2822
2875	2822
1258	2822
3051	2822
2169	2822
824	2825
2750	2826
2946	2826
901	2826
2524	9703
1865	2828
2911	2829
3019	2829
2599	2829
1714	2829
3011	2830
1175	2830
3880	2830
2343	2831
1529	2832
2342	2833
1084	9704
1083	9705
3036	9706
1010	2835
3378	2835
1649	2835
1354	2836
2839	2836
3213	9707
2604	9708
1649	9708
2782	2839
3453	2839
2113	2839
2376	2839
2527	2839
2652	2839
1244	2839
1997	2839
3269	2840
1776	2840
1223	9709
780	9709
2059	9710
1011	9711
751	9711
3156	9711
161	9712
3197	9713
2976	9713
3612	2842
3284	2842
2303	2843
3801	2843
2874	2843
507	2844
3696	2845
2049	2845
1088	2845
2071	2845
3633	2846
3623	2846
116	9714
2618	2847
155	9715
983	9716
531	2848
1567	2848
482	2848
88	2848
896	2848
1375	2848
1424	2848
287	2848
166	2848
1529	2848
2117	2848
1772	2848
1881	2848
263	2848
3031	2848
17	2848
667	2848
566	2848
664	2848
469	2848
1743	2848
741	2848
643	2848
339	2850
301	2850
482	2850
199	2850
1179	2850
551	2850
3870	2850
1015	2850
1424	2850
605	2850
1662	2850
737	2850
770	2850
1761	2850
610	2850
366	2850
323	2850
655	2850
186	2850
426	2850
570	2850
509	2850
649	2850
1158	2850
461	2850
521	2850
563	2850
1513	2850
653	9717
877	9717
1010	9717
1214	9718
1974	2851
2387	2852
824	2852
2749	2852
2248	2853
3425	2854
690	2854
2479	2854
2040	2854
2266	2854
2275	2854
3546	2854
3545	2854
1467	2856
3482	2856
387	2856
2791	2856
2047	2857
836	2858
1747	9719
142	9719
1225	9720
975	9720
3230	9721
1757	9721
2034	2859
1056	2859
3571	2861
2749	9722
283	9723
1384	2866
1202	2866
2057	9724
2986	2867
1938	9725
181	2868
604	2870
946	2871
2234	2871
3011	9726
3181	9726
3247	9726
2781	9727
838	9728
820	9728
1314	2872
1861	2872
3477	2873
616	2873
1914	2876
696	2877
1214	2879
865	9729
2527	9730
1364	9730
2980	9731
1078	9732
104	2882
2749	2882
1866	2883
104	2883
1470	2883
1865	2884
911	2884
1470	2884
3393	2884
2749	2884
1035	2885
2931	2888
1150	9733
462	9734
747	9734
2662	2891
2539	2892
3493	2892
926	2892
2619	2892
2697	2892
1483	2892
2235	2892
2821	2892
2814	9735
3633	9735
2204	9735
2849	9736
1598	9736
1088	9736
975	2894
2218	2894
2098	9737
3682	9738
1024	9739
3057	9740
1111	9741
2188	9741
2222	2900
2365	9742
2860	9742
2367	9742
3836	9742
3738	9742
2861	9742
2780	9742
1690	2901
2060	2901
976	2901
910	2901
3647	2901
2358	2902
3680	9743
751	9744
881	2905
3800	2908
1174	2908
3800	2909
1388	2910
1713	2910
1815	2910
2468	2910
2545	2911
128	2911
2462	9745
2333	2912
174	2912
3250	9746
1250	9747
800	2914
1830	2914
1508	2914
2436	2914
1698	2914
3389	2914
2293	2914
3100	2914
3475	2914
2646	2914
792	2914
2140	2915
1503	2915
1503	2916
1503	2917
2825	9748
299	9749
2862	2918
1101	9750
314	9751
904	2920
2636	2920
2917	2921
916	2921
1070	2921
2454	2923
2118	2923
562	2924
3028	2924
2094	2924
3849	2924
210	2924
1938	2924
2030	2924
1782	2924
1679	2924
2072	2924
1776	2924
2532	2924
671	2924
165	2924
315	2924
2479	2925
1441	2925
3615	2925
356	2925
3482	2926
2791	2926
1111	9752
2376	9752
889	9752
3611	9752
1747	2927
3618	2927
2548	2927
3724	2928
1689	9753
1476	9754
1412	9754
1475	9754
448	2930
1120	2930
536	2930
2709	2930
1762	2930
609	2930
1424	2930
1520	2930
164	2930
18	2930
2016	2930
184	2930
2474	2930
490	2930
363	2930
582	2930
502	2930
437	2930
292	2930
3445	2931
1205	2931
3106	2931
2085	2932
1117	2932
2753	2932
1475	2932
1205	2932
3705	2932
1306	2932
772	2932
314	2932
3510	2933
816	2933
3667	2933
2197	2933
3551	2933
2026	2933
1117	2933
952	2933
3753	2933
2643	2933
2914	2933
2527	2933
2585	2933
1951	2933
1182	2933
1105	2933
2720	2933
1845	2933
3451	2933
1306	2933
2880	2933
2619	2933
2977	2933
3802	2933
1967	2933
1475	2933
377	2933
2878	2933
2753	2934
3413	2934
2087	2935
3306	2935
2196	2935
3309	2935
1392	9755
3531	9755
826	9755
3034	9756
3178	2937
2278	2937
1830	2938
2719	2938
1475	2938
1788	2939
3302	2939
2984	9757
420	2940
428	2941
2070	2942
3489	2942
1410	2942
3303	2942
1912	2942
2801	2942
3819	9758
2467	9759
1091	9760
92	9761
3145	2943
1801	2943
3494	9762
747	9762
3417	9763
3389	9763
848	9763
2811	2945
3655	9764
2127	9764
972	2947
425	2947
3611	2947
2872	9765
1151	9765
3219	2949
3612	9766
615	9766
1852	2950
410	2951
1380	2951
199	2951
1041	2951
855	2951
626	2951
3098	2951
926	2951
3851	2952
2527	2953
2527	2954
3567	2954
1935	2954
1239	9767
957	9768
1498	9769
1997	9769
1913	2956
2537	9770
2728	9770
1935	2958
2554	2958
2537	9771
625	9771
2589	2959
74	2959
566	2959
3748	9772
969	9773
965	2960
1053	2960
1932	2960
3042	2960
2370	2960
1054	2960
1190	2960
3270	2960
2582	2960
2557	2960
2677	2960
735	2960
3219	2960
2075	2961
2635	2962
3041	2963
2494	2963
3153	2963
1248	2964
1765	2964
3148	2964
2494	2965
3192	2966
1462	2966
2315	2966
1913	2966
1845	2966
793	2967
2640	2967
1461	2967
2486	2967
2015	2967
3840	2967
3172	2967
1913	2967
2332	2967
1880	2967
434	2967
3222	2967
2661	2967
2956	2967
3189	2967
840	2967
2337	2967
3711	2967
434	9774
3358	2973
1821	9775
2358	2974
1619	2974
2669	9776
2433	2975
1933	2975
3114	2975
1993	2975
2138	2975
2900	2975
161	2975
1462	2975
3306	2975
3536	2975
2956	2975
1890	2975
2683	2975
787	2975
1361	2975
2557	2975
3006	2975
929	2975
2507	2975
1966	2975
3308	2975
3228	2975
1973	2977
1380	2978
747	2978
1362	2978
801	9777
982	9778
2601	9779
1993	2980
3833	2981
2186	2981
1196	2981
1198	2981
1348	2981
1015	2981
1180	2981
490	2981
685	2981
1302	2981
1653	2981
333	2981
497	2981
1883	2981
3023	2983
2810	2983
1381	2983
2315	2983
839	2984
76	2985
3679	2985
3767	2986
2002	2987
3727	2987
2973	2987
2871	2987
802	2987
2460	9780
2797	9780
3033	2989
1414	2990
318	2990
1777	2990
1428	2990
1772	2990
1377	2990
699	2990
1751	2990
478	2990
362	2991
1545	2991
2776	2991
428	2991
2098	2991
1258	2992
1497	2992
2897	2992
2548	2992
947	2992
2275	2992
2888	2992
612	2992
3430	9781
1557	2995
1674	2995
2678	2995
889	2995
3545	2995
1076	2996
1483	2996
3075	2996
2071	2997
3023	9782
3468	9782
984	9782
1065	9782
2646	9782
2879	9782
3521	3001
3761	3001
2093	3001
3447	9783
1497	3002
824	3002
2871	9784
1508	3003
1076	9785
2485	9785
1033	3004
3569	3004
128	3004
3582	3004
1277	9786
179	3006
338	3006
603	3006
300	3006
274	3006
1629	3006
2186	3006
1529	3006
116	3006
1963	3006
387	3006
377	3006
1883	3006
1900	3006
1636	3006
400	3006
2871	9787
361	9787
705	9788
3281	9788
2577	9789
2502	9790
1682	3010
1078	3011
1508	3012
1076	3012
1818	9791
2260	9791
983	3013
735	3013
2543	9792
3878	3015
1076	3015
3355	9793
2288	3016
1661	3017
1387	9794
2506	9795
1698	9796
2791	3020
805	3021
3507	9797
1359	3022
2791	3022
2420	3023
2185	3024
807	3024
1068	3024
1380	3025
2085	3025
1338	3025
3253	3025
2168	3025
2791	3025
2326	3025
801	3025
2646	3025
1247	3025
2540	3026
1205	3026
1904	3027
3320	3027
2512	3027
972	3027
2319	3027
649	3027
420	3027
950	3028
1919	3029
2041	3029
2035	3030
1280	3030
979	3030
3539	3030
1497	3031
1054	3031
889	3031
199	3032
1222	3032
1467	3032
1316	3032
1795	3033
2935	3033
2919	3033
1508	9798
1682	9799
1682	9800
1250	9801
2448	9801
3488	3034
3486	9802
981	3035
2783	3035
2328	3035
2527	3035
1067	9803
3521	9804
1486	9805
3808	9806
2508	9807
3407	9808
947	3037
2378	9809
3040	9810
2696	3040
1010	9811
3827	3041
3727	3041
2202	9812
3824	9812
3384	9812
2072	9813
3819	9813
2853	9813
2377	3042
2948	9814
979	9814
2287	9815
225	9816
3186	9817
3268	9817
2246	9818
3436	9819
1033	3044
2420	3044
139	3045
713	3046
1444	3046
1999	3046
1821	3046
2908	3047
154	3047
1199	3047
1364	3047
1261	3047
1931	3047
3888	3047
2217	3047
3294	3047
823	9820
358	3048
3094	3048
1091	9821
162	3049
1682	9822
3400	9823
1682	9823
389	3050
2208	3050
1963	3050
2667	3050
742	9824
3746	9825
3280	9825
2347	9826
1111	3051
1581	3051
1698	9827
3318	3053
2122	9828
965	3054
264	3054
515	3054
539	3054
995	3054
1592	3054
486	3054
1743	3054
2521	3054
2144	9829
1056	3055
995	9830
829	9830
2335	9831
2262	9831
2060	9831
2039	3056
3308	3056
362	3056
3616	3056
1543	3056
938	3056
1861	3056
947	3056
2747	3056
865	3056
2888	3056
2802	3056
612	3056
2229	9832
1022	9833
1107	9834
1579	9834
787	9834
235	3058
2198	3058
2073	3058
664	3058
2658	3059
3369	3059
2204	3059
957	3059
1342	3059
2940	3059
2646	3059
3039	3060
2529	3060
2203	3060
3893	3060
3318	3060
1825	3060
1833	3062
3314	3062
1160	3063
1975	9835
1342	9835
2676	9835
2470	9835
2122	9835
2831	3064
3009	3066
2034	3067
1678	3067
980	3067
1173	3067
362	3067
944	3067
3278	3067
299	3067
779	3067
2345	3067
1447	3067
2059	3067
1405	3067
2081	3067
938	3067
1861	3067
947	3067
865	3067
1208	3067
1721	3067
1448	3067
1757	3067
2585	9836
2820	9836
1725	9837
2411	3070
870	3071
226	3071
161	9838
1938	3072
2682	9839
428	9839
1545	9839
1713	3073
3407	3074
1272	3074
794	3075
3341	3075
3216	9840
2707	9841
2719	9841
2387	3081
2232	3081
3060	3081
945	3081
1678	3082
1077	3082
830	3082
1744	3082
1703	3082
2948	3082
2814	3082
3877	3082
1497	3082
362	3082
288	3082
1399	3082
2815	3082
1691	3082
2336	3082
2059	3082
1336	3082
2081	3082
3542	3082
979	3082
2041	3082
947	3082
2802	3082
1048	3082
3077	3082
1877	3082
3308	3082
1009	3082
3824	3082
2777	3082
1448	3082
824	3082
2098	3082
2155	3082
3027	3084
3022	3084
1202	9842
2462	3087
976	9843
2939	9843
2641	3088
3727	3088
2317	3088
995	9844
2371	9845
1419	9845
1248	9845
2140	3091
2056	3091
3163	3091
528	3091
2559	3091
3305	3091
840	9846
2639	9847
2365	3092
2629	3092
2625	3092
2950	3092
2249	3092
2860	3092
3317	3092
2938	3092
2863	3092
2627	3092
231	9848
2526	9849
3561	9849
2782	3093
2646	3093
2869	9850
2782	3094
2749	3094
2869	3094
2131	3095
1470	3096
2286	3096
2048	3096
1497	3096
2455	3096
3253	3096
3684	3096
1250	3096
2665	3096
428	3096
801	3096
2183	3096
2789	3096
2331	3096
1445	3096
628	3096
1839	3096
3412	3097
780	3098
3327	3098
2782	3099
747	3099
462	3099
976	9851
3729	3100
1554	3102
708	3103
2015	3103
2612	3103
2259	3104
3064	3104
1677	3104
371	3105
1172	3105
973	9852
1078	9853
3526	9854
2365	3106
3702	3106
2625	3106
2624	3106
3587	3106
2860	3106
2367	3106
2779	3106
1199	3106
2369	3106
2627	3106
3738	3106
2368	3106
2497	3106
3095	9855
709	3107
1248	3108
2504	3108
2328	3108
3533	3108
1697	3108
2554	3108
3578	3108
2951	3108
1011	9856
3242	9856
904	9857
1169	9857
2451	9858
1729	9858
2025	9858
2678	9858
3334	3109
3463	3109
3527	3109
1220	3109
486	3109
3360	3110
2028	3111
3813	3111
2197	3112
410	3112
2849	3112
3761	3112
2658	3112
2945	3112
976	3112
1839	3112
2361	3112
1841	3112
410	3113
1392	3113
2056	3113
2383	3113
1543	3113
3815	3113
736	3113
1219	9859
1382	9860
1061	9860
2869	9860
3413	9860
2813	9861
1461	3118
2670	3118
3022	3118
3189	3118
431	3119
1638	3119
568	3119
1622	3119
163	3119
384	3119
426	3119
315	3119
2398	3119
2198	3120
2231	3120
1861	3121
965	9862
1860	9862
2036	9862
1061	9862
2617	3124
2267	3124
649	9863
529	3125
3667	3125
730	3125
1029	3125
1441	3125
1389	3125
1812	3125
3247	3125
3290	3127
3794	3128
2978	9864
2274	3129
1331	3129
2056	3129
1785	3129
2378	3129
911	3129
684	3129
2600	3129
2289	3129
1070	3129
387	3129
198	9865
1436	3131
735	3131
3579	9866
2181	3134
3342	9867
2079	3135
1281	3136
2127	3136
3794	3137
1503	3138
2000	3138
2201	3139
1975	3139
2643	3139
2445	3139
2000	3139
850	3139
2248	3140
1849	3140
1584	3140
2897	9868
449	9868
3646	3141
2303	3141
913	3141
446	3141
199	3141
2029	3141
1470	3142
3819	9869
1915	9870
2749	9871
1825	9872
3236	3144
182	3145
898	3145
660	3145
1110	3145
2157	3145
1952	3145
3040	3145
2615	3145
2660	3145
426	3145
1153	3145
3728	3145
615	3145
1281	3145
2494	3145
1690	3146
2864	3146
1757	3146
3864	9873
1150	9873
2973	9874
3891	3149
1036	3149
3110	3149
3095	3150
3233	3152
2545	9875
965	3154
1787	3154
2315	3154
1611	3154
1637	3154
2575	9876
2168	9877
872	3155
2251	3155
723	3155
1931	3155
74	3155
2879	3155
2275	3156
3689	9878
2737	9879
2266	3157
525	3158
1053	3159
896	3159
1350	3159
1014	3159
1013	3159
1611	3159
344	3159
1139	3159
1072	3159
369	3159
267	3159
2905	3159
461	3159
333	3159
3577	9880
1953	9881
3118	9882
2126	3160
2601	3160
118	3160
2973	3160
1558	3160
870	3160
2077	3160
2982	3160
2951	3160
3101	3162
2638	9883
3039	9883
1635	9883
650	3163
2725	3163
2120	3163
3596	3163
2999	3163
3175	3163
1676	3164
3595	3164
213	9884
3819	9884
2136	3167
3447	3167
2494	3167
2307	9885
2827	9885
2488	9885
2452	9885
2126	3168
2377	3168
3128	3168
911	3168
946	3168
3246	3169
619	3170
2916	3170
2318	3170
1093	9886
3653	9887
1868	3171
3523	3171
2709	3173
1470	3173
988	3173
2958	3173
2653	3173
2697	3173
3805	3174
3013	9888
3142	9889
1876	9890
1904	3179
3603	3179
3561	9891
2640	9892
832	3186
300	3186
645	3186
41	3186
179	3186
432	3186
472	3186
2394	3186
3872	3186
955	3186
1044	3186
434	3186
384	3186
655	3186
1848	3186
417	3186
346	3186
646	3186
3797	3186
1566	3186
204	3186
1309	3187
2076	3188
2140	3191
708	3191
2753	3191
3871	3191
3663	3191
3804	3191
2734	3191
1839	9893
2070	9894
2560	9894
2939	9895
1456	9896
1052	9896
893	3193
41	3193
1667	3193
965	3193
1798	3193
482	3193
513	3193
592	3193
999	3193
372	3193
531	3193
1671	3193
320	3193
655	3193
177	3193
1592	3193
3540	3193
600	3193
1736	3193
245	3193
3119	9897
532	9897
1161	3194
2719	3194
1375	3194
1913	3194
1950	3195
1886	3195
890	3196
2504	3196
996	3196
3042	3196
972	3196
2180	3196
2191	9898
3349	3197
2680	3198
3106	3198
2467	3198
1376	3199
2795	3199
2353	3199
3790	3199
2595	3203
3619	3204
2954	3204
2837	3204
2502	3204
1900	3204
3410	3204
1700	3204
387	3204
3453	9899
2652	9899
1225	9900
3730	3205
2906	3205
1715	3205
1819	3205
959	9901
1970	3206
1343	3208
354	3208
3570	3208
628	3208
1877	3208
3310	3208
1823	3208
2203	3208
2088	3208
1922	3208
1339	3208
1086	3208
972	3208
2139	3208
865	3208
2066	3208
2148	3209
1225	3209
2051	3209
1997	3209
800	3211
2385	3212
2605	3212
2618	3212
425	3212
1865	3213
1738	3213
2547	3213
1181	3214
2140	3214
2683	3214
1331	9902
2519	9903
2017	3215
3628	3216
1608	3219
2383	9904
1904	3220
3464	3222
948	3222
952	3225
2777	3225
1844	3226
2815	3226
3598	9905
3834	3228
2701	9906
2537	9906
3516	9906
1762	3229
431	3229
456	3229
666	3229
1798	3229
605	3229
2478	3229
812	3229
12	3229
3575	3229
1430	3229
185	3229
1738	9907
916	3232
872	3233
2698	9908
1028	3234
1030	9909
1157	9909
1209	9910
1225	9910
1825	9910
2476	3238
3641	3238
1010	3239
3094	9911
3630	9912
1092	3240
1886	3240
2894	3240
3185	3240
3160	9913
1880	9914
777	9914
877	9914
2051	3242
2904	3242
2060	3243
1408	3243
3391	3244
1181	9915
3845	3246
2548	3247
1070	3247
2204	9916
2930	9917
1259	9917
711	3250
298	3250
2932	9918
3291	3251
2718	3252
3383	3252
420	3252
3083	3253
2654	3254
1646	3254
3701	9919
3142	9919
3231	9920
3505	9920
1380	3256
1818	3256
3703	3256
2511	3256
1722	3256
595	9921
1378	9921
199	9921
387	9921
1395	3259
3619	3259
2170	9922
962	3261
1223	3267
2659	3268
2585	3268
2219	3270
113	3271
1566	3271
546	3271
645	3271
589	3271
186	3271
897	3271
880	3271
1881	3271
1532	3271
326	3271
478	3271
2175	3271
2658	9923
1102	3272
2589	3273
1301	3274
1373	3274
761	3274
210	3274
493	3274
1289	3274
612	3274
406	3275
1622	3275
737	3275
204	3275
575	3275
1981	3275
835	3275
2477	3275
494	3275
699	3275
599	3275
2929	3275
1550	3275
2102	3275
1963	3275
1230	3278
2134	9924
454	9925
2387	3280
1861	3280
1037	9926
3100	9926
118	9927
2816	3281
174	3281
2087	9928
2204	9929
410	3285
2197	3285
511	3285
1183	3290
532	3290
3112	3291
1648	9930
1653	9930
1644	9930
1475	9931
2648	9931
1750	9932
3344	3292
856	3292
986	9933
2922	9934
1613	3294
780	9935
3290	9935
1952	3296
130	3299
3005	9936
118	9936
3163	9936
3118	9937
1132	3302
2820	3302
3054	9938
1380	3303
2791	3303
844	9939
1839	3306
2781	9940
1380	3307
3194	3307
684	3307
1841	3307
3690	9941
199	3308
2711	9942
3646	9943
889	9943
1893	9944
1573	9945
747	9945
525	9945
3521	3310
1266	3310
1889	9946
661	9946
1921	9946
3476	3312
3052	3312
1675	3312
1706	3312
1726	3312
252	3312
2177	9947
1441	9947
2831	9947
2456	9948
1343	3313
1118	3314
2640	3314
3855	3314
1320	3314
1684	3314
432	3314
249	3314
2056	3314
1918	3314
3335	3314
1081	3314
2131	3314
3882	3314
2859	3314
2762	3314
1343	3315
3413	3315
1928	3315
1147	3316
996	3316
1877	3316
3639	3316
1332	3316
801	3317
2640	3319
3796	3319
3855	3319
1850	3319
3149	3319
2131	3319
292	3319
2235	9949
1411	3320
981	3320
960	3320
1461	3320
2814	3320
1241	3320
2352	3320
1147	3320
1209	3320
2003	3320
288	3320
2965	3320
952	3320
1697	3320
1086	3320
1447	3320
1065	3320
1225	3320
756	3320
142	3320
2051	3320
865	3320
906	3320
2025	3320
3814	3320
3305	3320
1316	3320
3058	3320
1755	3322
2515	3322
829	9950
2640	3324
2659	3324
3850	3324
1416	3324
235	3324
2545	3324
690	3324
3708	3324
493	3324
3025	3324
2124	3324
1578	3324
3415	3324
1110	3324
1020	3324
357	3324
237	3324
452	3324
966	3324
1433	3324
937	3324
1614	3324
2607	3324
664	3324
1591	3324
828	3324
3277	3324
3139	3324
803	3324
1303	3324
3438	9951
2659	9952
2545	9952
1497	3325
226	3325
1220	3326
2840	3326
1990	3326
3709	3327
757	3327
1523	3328
765	3328
1510	3328
895	3328
209	3329
1668	3329
3681	3329
1375	3329
1665	3329
2690	3329
42	3329
602	3329
764	3330
338	3330
582	3330
1684	3330
604	3330
460	3330
237	3330
1776	3330
22	3330
3381	3331
231	9953
2635	9954
2432	3333
2017	3333
746	3333
3270	3333
2294	3333
1473	3333
3347	3333
3447	3333
2501	9955
1890	9955
2527	3335
2320	3335
1467	9956
2445	3337
1323	9957
1323	3338
3106	3339
2445	3339
3384	3339
3493	3339
2886	9958
199	3341
685	9959
1686	9960
1178	3342
3148	3342
3254	9961
1242	9961
1233	9962
2202	3343
2090	3343
2911	9963
1868	9964
3256	9964
2693	9964
2545	9964
2609	3345
1266	3345
901	3345
2906	3345
778	3345
3762	3345
797	3345
3828	3345
1819	3345
1990	3345
524	3345
2865	3346
2134	3346
3556	3347
2512	3348
1776	3348
314	3348
2744	3348
2348	3349
235	3349
3132	3349
1309	3349
272	9965
808	9965
2198	3350
1450	3350
3876	3350
2639	3350
983	9966
292	9966
865	3351
866	3352
1105	3353
1141	3354
1840	3354
199	3355
1137	3355
1542	3355
2918	3355
1442	3355
1959	3355
2619	3355
2139	3355
2858	3355
1010	3355
2781	3356
2646	3356
372	3358
2706	3358
460	3358
417	3358
416	3358
3503	9967
866	9967
1808	9968
3625	9969
2781	9969
609	9969
3105	9969
1978	3361
2781	3361
2164	3361
2192	3361
3440	3361
2645	9970
1380	3362
1033	3362
235	3362
872	3362
3155	3362
1986	3362
272	3362
2719	3362
3397	3362
975	3362
3017	3362
2841	3362
235	3363
1033	3363
1161	3363
199	3363
3120	3363
1880	3364
1775	3364
1827	3364
3221	3364
1023	3364
1387	3364
1029	3365
1612	3366
1040	3366
483	3366
1205	3367
3067	3367
2319	3367
2131	3367
2191	3367
3847	3367
2601	3368
3841	9971
2427	9972
3222	3369
1710	3369
2086	3370
3079	3370
2865	3370
3079	3371
1494	3371
1003	3371
2439	3371
3454	3371
2865	3371
2831	3372
3354	3372
3673	3374
399	3375
696	3375
487	3375
263	3375
3462	3375
1111	3375
587	3375
328	3375
2340	3375
2444	3375
1676	3375
349	3375
1667	3375
163	3375
654	3375
1981	3375
2520	3375
1532	3375
1905	3375
477	3375
1623	3375
3607	3375
3247	3375
1430	3375
576	3375
681	3375
357	3375
2239	9973
1831	9973
1395	9973
3106	9973
2701	3376
3138	9974
709	9975
3778	9975
1917	3378
3677	3378
3342	3378
1053	3381
2481	3381
1821	9976
2917	9977
1249	9977
3538	9978
2583	9979
2991	9980
293	9981
1406	9981
1345	9981
1802	3384
2275	3384
2636	9982
3114	9982
3228	9982
413	9983
1567	3385
3115	3385
1990	3385
2271	3385
1819	3385
1061	3387
1706	3387
730	3387
2988	3387
2240	3387
2776	3387
947	3387
2873	3389
425	9984
2500	9985
3147	3390
3527	3390
2100	3390
2056	3390
3823	3390
2271	3390
2183	3390
939	3390
3741	3390
2480	3390
3147	3391
956	3392
2131	3394
1225	3394
2517	3394
1217	3395
3269	3396
2000	3396
3211	3397
3612	3398
2679	3398
2062	3398
2572	3398
3078	3398
576	9986
1893	3399
787	3399
624	9987
965	9988
3554	9989
2712	9989
747	9989
1027	9989
3363	3400
1471	3401
3090	3401
621	3401
2973	3401
1441	3401
3491	3401
1498	3401
904	3401
3247	3401
2781	3402
1389	3402
2899	3402
1395	3402
1449	3402
1452	3402
2807	3402
2371	3404
188	3404
2719	3404
904	3404
1946	3404
2411	3404
1783	3405
3518	3405
757	3405
3417	3405
2488	3405
3113	3405
3407	3405
2434	3405
2278	3406
3136	3406
1689	3407
3780	9990
2025	9990
842	9991
2672	9991
2727	3410
2569	3411
3535	3411
780	3412
780	3413
3576	3413
780	3416
787	3417
446	9992
1150	9992
1056	9993
2182	9994
2100	9994
2495	9995
1760	3420
1818	3420
914	3420
1422	3420
3468	3421
3839	3421
2192	3421
1014	3422
1212	3422
2901	3422
870	3422
851	3422
1225	3422
3157	3423
2668	3425
128	3425
922	3425
1033	3426
2874	3426
1953	3426
2716	3426
3494	3428
1806	3428
3489	3430
1745	3430
11	3430
1554	3431
1054	3431
1010	3431
1456	3431
294	3432
3431	9996
875	9997
3850	9997
1613	9997
1443	9997
2293	9997
2653	9997
2760	3433
1343	3433
1558	3433
3545	3433
1923	3433
1253	9998
1304	3434
2699	3434
1337	9999
2312	10000
425	3435
2110	10001
3658	3436
1951	3436
2274	10002
3091	3437
3526	10003
1367	10003
462	10004
2331	3438
612	3438
121	10005
1192	3443
975	10006
972	3445
3015	10007
174	3446
3000	3446
225	10008
1092	3447
1288	3447
971	3447
1022	10009
2390	10009
1053	10010
446	10011
3065	10012
2790	10012
3658	3449
3658	3450
1782	3450
2744	3450
2092	3450
3683	3450
2466	3451
2717	3451
113	3452
624	3452
3658	3452
2744	3452
1495	10013
2835	10013
145	10013
2328	10013
730	10013
969	10013
3030	10013
2997	10014
2749	10014
2527	10015
1010	10015
1872	3453
3663	10016
2108	10016
3057	10017
604	10017
1753	10018
3495	3454
753	10019
1790	10019
577	10020
2352	10021
638	10021
2971	3456
2171	3456
2939	10022
3557	10023
3541	3458
3464	3458
2218	3458
3707	3458
2893	3458
1919	3458
2458	3458
3485	10024
2635	10024
536	3459
1741	3459
391	3459
1523	3459
582	3459
1767	3459
662	3459
88	3459
1198	3459
1302	3459
1897	3459
277	3459
1906	3459
655	3459
1963	3459
1115	3459
772	3459
1736	3459
3263	3459
2707	3463
413	3463
3436	10025
1343	10026
2763	10027
2506	10027
1030	3464
2374	3464
3798	3464
425	3464
805	3465
3843	3465
174	3465
1752	3465
2016	3465
2056	10028
3305	10029
2975	10030
2473	3466
1527	3466
276	3466
406	3466
261	3466
537	3466
441	3466
383	3466
372	3466
172	3466
1652	3466
1510	3466
451	3466
1515	3466
3854	3466
341	3466
181	3466
2395	3466
601	3466
1596	3466
739	3466
259	3466
1883	3466
1897	3466
246	3466
387	3466
521	3466
557	3466
680	3466
556	3466
649	3467
709	10031
3142	10031
3655	10032
3072	10032
249	10033
3100	10033
1934	10033
1792	3470
1120	3470
767	3470
2563	3470
14	3470
2030	3470
642	3470
465	3470
2407	3470
277	3470
699	3470
721	3470
466	3470
686	3470
3023	3470
3447	3470
397	3470
377	3470
942	10034
3108	3473
1470	3474
3273	3475
2807	3475
2454	3477
2338	3477
2744	3477
3473	3477
3337	3479
801	3479
128	3480
2353	10035
1202	10036
2310	10037
1288	10038
1832	10038
1010	10038
166	10038
555	3483
3600	3484
1280	3485
2218	3485
1249	3485
1343	3486
1033	3486
3274	3486
1826	3486
2736	3486
3155	3486
3033	3486
2259	3486
2087	3486
3522	3486
2839	3486
1714	3486
947	3486
2204	3486
1343	3487
1380	3487
2433	3487
2849	3487
1268	3487
1280	3487
913	3487
2994	3487
1241	3487
2087	3487
3269	3487
1372	3487
2455	3487
2952	3487
1868	3487
3132	3487
1993	3487
2450	3487
2451	3487
1941	3487
2540	3488
1461	3488
1343	3488
1267	3488
3442	3488
2351	3488
1868	3488
2328	3488
2087	3488
2952	3488
1993	3488
3132	3488
1241	3488
3095	3488
3290	3488
2451	3488
436	3488
2690	3488
1387	3488
3006	3488
2896	3488
1997	3488
1594	3488
1948	3488
1941	3488
1380	3489
1268	3489
3015	3489
1737	3489
1372	3489
2087	3489
2259	3489
3470	3489
2410	3489
2807	3489
2463	3489
1387	3489
1249	3489
2186	3490
2410	3490
3095	3490
1343	3491
1372	3491
1837	3491
2441	3491
1343	3492
3274	3492
2410	3492
1700	3492
1343	3493
3274	3493
2849	3493
2176	3493
1395	3493
2973	3493
2087	3493
2259	3493
1956	3493
1388	3493
3360	3493
2450	3493
434	3493
1004	3493
1361	3493
2463	3493
1700	3493
3006	3493
2811	3493
1387	3493
3095	3493
532	10039
1731	10040
1605	10040
2309	10040
2299	3497
3390	10041
2370	3499
1865	3499
1581	10042
2252	10043
1029	10044
2607	10044
2263	3501
946	3501
3128	3503
2129	3503
1830	3504
2015	3504
3005	3504
983	3504
3198	3504
3417	3504
2583	3504
3250	3504
3163	3504
1788	3504
3883	3505
1832	3506
3650	3506
1102	10045
3734	3511
2105	3511
3051	10046
2543	10046
2105	3512
1258	3512
1453	3512
1775	3513
2250	10047
1251	10047
3836	10047
1689	10048
3586	10048
3477	3515
3520	3515
2692	3515
2636	3515
1380	3516
1441	10049
1441	3517
1497	3519
2776	3519
3594	3520
2297	3520
2129	3520
1861	3520
1863	3520
1222	3521
3004	3521
1497	3521
1865	10050
2386	10050
1860	3522
2776	3522
1861	3522
2946	3522
2386	10051
2129	10051
2386	10052
2894	3523
2129	3523
684	3523
2345	3524
1335	3524
2860	3525
2624	3525
2625	3525
2627	3525
3147	3526
1457	3526
3147	3527
2018	3527
1203	3528
778	3529
1771	3529
3609	3529
2027	10053
189	10054
3081	10055
1380	10055
2439	10056
1027	10056
1390	10057
3204	10058
1312	10058
787	10058
121	10059
1053	3530
3273	3530
2420	3530
1980	3530
175	3530
1220	3530
3770	3530
1386	3530
3208	10060
1074	10060
2030	10060
434	10060
3778	10060
594	10060
3504	3533
2710	10061
2420	3534
1751	3534
619	3535
2613	3536
2399	3536
2484	3536
1022	3536
1546	3536
734	10062
1561	10062
1133	10062
3061	10063
3451	10063
2858	10064
424	10065
882	10065
2116	10066
777	10066
2773	10067
1935	10067
1237	10067
2554	10067
2015	3537
2138	3537
1618	3537
2880	3537
2264	3537
2602	3537
1033	10068
811	10069
3334	10070
1280	3539
3369	3539
235	3540
1481	3540
2019	3540
3729	10071
3756	10072
420	10073
1335	10073
74	10073
1331	3542
1880	3542
445	3542
2005	3542
2625	3543
2989	10074
2040	10074
3738	10074
1484	10075
3738	10075
3736	10075
3393	3544
1022	10076
3749	3545
3223	3545
1575	3546
2116	10077
3613	10078
3178	10078
801	10079
2056	3548
236	3548
922	3548
3680	3548
1728	3548
3296	3548
1287	10080
3005	10080
983	10080
2791	10080
1433	10080
1056	3549
1211	10081
950	3550
818	3550
2027	3550
3079	10082
341	10083
2981	3552
1683	3552
341	3552
2454	3553
2336	3553
2197	10084
2984	10084
2210	10084
3692	10084
1262	10085
3712	3555
2578	3555
3298	3555
3230	10086
1361	3557
1575	3558
2420	3558
817	3558
1921	3558
2130	3558
278	3559
3879	10087
3561	10088
2370	10089
3223	10089
609	3560
1805	10090
1010	10091
2955	10092
2662	10092
3156	10092
3035	3561
607	3561
1537	3561
203	3561
918	3561
383	3561
2564	3561
460	3561
2220	3561
1898	3561
512	3561
324	3561
163	3561
198	3561
575	3561
245	3561
1632	3561
1180	3561
17	3561
22	3561
281	10093
1081	10093
1056	3563
1220	3563
759	3563
1695	10094
179	10094
1387	3565
3085	3567
2750	10095
1396	10096
1792	10096
3735	3569
1508	3569
2971	3570
3663	10097
55	10098
1033	10098
365	10099
1070	3572
1638	3574
1287	3574
564	3574
453	3574
424	3574
502	3574
664	3574
3180	10100
2593	10101
3147	3575
317	10102
131	10103
1637	3576
2102	3576
2447	10104
3576	10104
2524	10104
1613	10105
220	10105
1456	10106
1056	3577
3149	3577
769	10107
2831	10108
3106	10108
1037	10109
844	3580
2377	3581
2750	3581
3097	3582
2511	3582
1755	3583
1220	3583
2428	3583
2204	10110
2070	3584
1181	3584
1866	3584
1678	3584
3759	3584
1600	3584
1280	3584
3489	3584
1542	3584
2069	3584
288	3584
362	3584
1221	3584
3877	3584
945	3584
1598	3584
1744	3584
1099	3584
1713	3584
2889	3584
2776	3584
3766	3584
3422	3584
3542	3584
1752	3584
555	3584
1153	3584
2802	3584
1384	3584
865	3584
946	3584
2155	3584
1448	3584
749	3584
1066	3584
2578	3584
1438	3584
3223	3586
3357	3586
3580	3587
1010	3587
2466	10111
1497	10112
3589	10113
2665	3588
3102	3588
1921	3589
787	3589
298	3589
649	3589
3269	3592
2380	3592
2719	3592
2411	3592
3344	3592
2807	3592
2047	3592
3518	10114
2266	10115
2203	10116
2753	10117
3438	10117
3200	10117
2896	10118
1380	3598
3136	3598
387	3599
2551	3601
3442	3601
235	10119
3658	10119
2672	3603
1053	10120
1531	3605
2319	3605
2161	3606
3309	10121
1573	10121
2203	10122
2669	10122
2127	10122
2149	10123
2127	10123
3162	10124
781	3607
780	10125
2879	10125
3888	3610
2073	3611
2029	3612
2347	3612
2056	3612
2020	3613
3840	3613
1823	3613
2577	3613
2642	3614
2905	3614
3175	3614
1436	3615
3175	3615
428	3615
2905	3615
1436	10126
3527	10126
2262	10126
972	10126
976	3616
3840	3616
732	3616
3387	3618
1321	3619
3102	3620
2115	10127
3178	10128
2458	3622
2170	3623
1009	3623
3185	3624
1861	3624
2345	3626
2078	3627
2765	3627
1470	3628
1222	3628
104	3628
2776	3628
1863	3628
2940	3628
2143	3629
1130	3630
2607	3630
2762	10129
1017	10129
1471	3631
2894	3631
976	3631
1698	3631
2954	3632
3545	3632
2803	3632
3124	10130
1889	10131
981	3634
1686	3635
649	3635
1686	3636
2873	3637
2875	3637
747	3637
662	3637
780	10132
2579	10132
2976	10133
3028	10134
1443	3639
2312	3639
1700	3639
3729	3639
399	3640
747	3640
1521	3642
965	3642
2659	3642
921	3642
813	3642
3564	3642
338	3642
1763	3642
71	3642
2101	3642
2124	3642
441	3642
812	3642
3762	3642
436	3642
3102	3642
172	3642
116	3642
2721	3642
1776	3642
1763	10135
841	3643
1150	3643
1474	10136
1992	3645
976	3645
1201	10137
1708	3650
2607	3651
1865	3652
1150	3652
2887	3654
1763	3655
71	3655
1521	3655
529	3655
441	3655
2766	3655
341	3655
172	3655
42	3655
2721	3655
2849	3657
2131	10138
2585	3659
3579	3659
353	3659
1681	3660
1127	3660
1470	10139
2791	10139
2066	10140
2157	3662
11	3662
1751	3662
649	3662
2209	3662
1710	3663
3393	3663
3622	3663
2544	3663
2402	3663
889	3663
2566	3664
2831	3664
3675	3664
1336	3664
1145	3664
2473	3665
688	3665
2444	3665
3872	3665
548	3665
518	3665
509	3665
1657	3665
1532	3665
1881	3665
454	3665
478	3665
533	3665
520	3665
2837	3666
2675	3667
3695	3667
3457	3667
2198	3669
1389	3669
2904	3669
3315	3669
2205	3671
1686	3671
292	3671
71	3672
577	3672
2101	3672
441	3672
1763	3672
172	3672
436	3672
74	3672
787	10141
2137	3673
3108	3673
436	3673
3085	10142
2229	10142
2423	10142
2904	10142
2913	10143
3008	10143
2138	10143
1004	10143
2904	10143
2958	10143
2066	10143
889	3674
1919	3674
1056	3674
3577	3675
1380	3676
1380	3677
3178	3677
2154	3677
3374	3679
3247	3680
2056	10144
3467	10144
2907	3681
1079	3681
2956	3681
2204	3682
1966	3682
3070	3682
2378	3682
2476	3682
1845	3682
1361	3682
2775	3682
2313	3682
2248	10145
3419	10145
1713	3684
2066	3684
2807	3684
2502	10146
2739	10146
998	10146
3061	3685
976	3685
3700	3685
2014	3685
2506	3685
3278	3685
2439	3685
3129	3685
2315	3685
2436	3685
1246	3685
750	3685
1529	3685
2468	3685
2496	3685
2024	3685
2557	3685
3773	3685
2612	3685
2461	10147
843	3687
2260	10148
1363	10148
1274	10149
2173	3689
2471	3689
2677	3689
2615	3689
1601	3689
2128	3689
34	3689
3413	3689
1506	3690
2720	3690
1357	3691
1269	3691
2841	3691
3153	3691
2084	10150
3405	10151
2012	3692
2360	10152
272	10153
2387	3696
1173	3696
1258	3696
2875	3696
2713	3696
3449	3696
1453	3696
3390	3696
2698	3696
3596	3696
1894	3696
1894	3697
3282	3697
2874	10154
3178	10155
3577	10156
2957	10156
2414	10156
2764	10156
3326	3698
1010	3699
447	10157
3199	10158
808	10158
2844	10158
201	3700
3306	10159
3457	10159
1687	10159
3360	3701
1930	3701
1035	10160
759	3704
1264	3704
2621	10161
1446	10161
3775	10162
3441	10162
1731	3705
1552	3705
1592	10163
3690	10164
1013	10164
1027	10164
1159	3709
2063	3709
1892	3710
469	3710
2660	3711
2524	3712
2604	10165
2810	10166
2411	10166
3263	3713
1221	10167
808	10168
1380	3714
1958	3714
2768	3714
2388	3715
3794	10169
2381	10169
1124	3716
1958	3716
1022	3716
1219	3716
2278	3716
2658	3718
1152	3719
3729	3720
3369	10170
3511	3721
2387	10171
2645	10172
1461	10172
3269	3722
3297	3722
3761	10173
892	3724
664	3724
3369	3724
2402	3724
3714	3724
251	3724
3516	3724
1919	3724
684	3724
3066	10174
1508	10175
1608	10175
1053	10176
1010	10176
619	3727
3508	3727
804	3727
2795	3727
1703	3728
1960	3728
413	3729
1325	3730
688	3731
2907	3731
1485	10177
957	10178
2017	10179
1443	10180
3294	10180
298	10180
3680	10181
2537	10182
2197	3733
2006	3733
3297	3733
1029	3733
3717	3733
3545	3733
3639	3733
3280	3733
3093	3734
1474	3734
1111	3734
3177	3734
3393	3734
1837	3734
1234	3734
3560	3734
3015	10183
1704	10183
2021	10183
1504	10184
2266	10185
69	3736
1269	3736
1880	3736
956	3736
3590	3736
1036	3736
2481	3736
2820	3736
2695	3737
2685	3737
2319	3737
121	3737
529	3738
1235	3738
1201	3738
3177	3738
1393	3739
2533	10186
2773	10186
2965	10187
872	10187
3685	10187
1553	10187
1361	10187
1931	10187
2951	10188
1947	10188
3528	10188
1502	3740
2719	3740
826	3741
660	10189
1632	10190
443	10190
2768	10190
3818	3743
664	3744
440	3744
2972	3744
2762	3745
1870	3746
734	3746
734	10191
1870	10191
3604	3747
2478	3747
1395	3747
2317	3747
1839	3747
649	3747
2849	3748
713	3748
1065	3748
2525	3748
1033	3749
2882	3749
2920	3749
2525	3749
1945	3749
604	10192
1938	3750
1073	3751
3105	3752
1380	3753
902	10193
854	10194
2833	3755
3390	3755
2432	10195
2812	10196
1330	10196
2852	10197
3106	10197
1182	10198
1915	3756
3366	10199
650	3757
1950	3757
3004	3757
1705	3757
1865	3757
2386	3757
3382	3757
2234	3757
2078	3757
353	3757
235	3758
2293	3759
2754	3761
1486	3761
3789	3761
2439	3761
3793	10200
411	10201
2186	10202
3745	10202
2345	3763
1383	3763
425	10203
759	3764
787	3764
1010	3764
3095	3764
872	3765
3647	10204
1091	3766
3456	3766
3670	3766
2381	10205
2108	3767
2917	10206
1951	10206
1456	10206
3619	3768
431	3768
1039	3768
1395	3768
1387	3768
1340	3768
3702	3768
2938	3768
2791	3768
1729	3768
1330	3768
387	3768
894	3769
2466	3769
3331	3769
1190	3769
1125	3769
1486	3769
2589	3769
1543	3769
3639	3769
853	3769
2711	3769
1395	3770
1239	3771
2844	3771
2985	3773
2815	3774
428	3774
1419	10207
1205	3775
446	3775
1056	3775
1056	10208
660	10208
1010	10208
604	3776
1010	3776
1056	3776
1056	10209
711	10209
1010	10209
1530	10210
1962	3777
1521	3777
263	3777
1986	3777
1008	3777
776	3777
663	3777
402	3777
424	3777
436	3777
741	3777
2402	3777
834	3777
1796	3777
1637	3777
965	3778
113	3778
671	3778
493	3778
584	3778
3399	3778
248	3778
439	3778
1125	3778
1481	3778
1634	3778
2606	3778
235	3778
1571	3778
414	3778
278	3778
3378	3778
655	3778
3657	3778
425	3778
2646	3778
2576	3778
3742	3778
416	3778
1915	3778
1377	3778
2856	3778
2896	3778
486	3778
2774	3778
3729	3778
185	3778
1472	3778
2494	3778
752	3778
2458	3778
255	3779
1315	3779
667	3779
1761	3779
639	3779
3872	3779
235	3779
1084	3779
671	3779
1530	3779
1981	3779
573	3779
172	3779
3450	10211
2781	10212
3042	10212
3236	10212
2635	10212
3488	10212
3873	10212
2869	3783
3371	3783
1033	10213
661	3784
3091	3784
231	3784
2960	3785
1727	3785
3470	3785
2956	3785
1687	3785
875	10214
2299	3786
1713	3786
2055	3786
3514	3786
2535	3786
2168	3786
1384	3786
2233	10215
2315	3787
2476	3788
1266	3788
2467	3788
3257	10216
3079	10217
2015	10217
1220	10217
1591	10218
2101	10219
2781	3790
493	3790
3393	3790
444	3790
1039	3790
3080	10220
929	3793
3329	3793
806	3794
3531	3795
3016	3796
429	3796
2791	10221
1010	10222
3193	10223
1959	10224
1123	10225
1029	10226
3729	10226
3607	3797
793	10227
3085	3798
829	10228
1615	3799
1980	3800
3488	3800
1096	3800
1146	3800
2791	3801
1102	3802
1870	10229
2231	10229
3156	3804
1703	3808
961	3808
2040	3808
2058	3808
457	3808
972	3808
1945	3808
865	3808
1384	3808
1327	3808
2951	3808
2577	3808
2687	10230
1201	10230
3791	10231
1388	10231
1256	10232
806	3812
1078	3813
2056	10233
1938	3814
2201	3815
1503	3815
2791	3818
3706	3819
1397	10234
1053	10235
199	10235
431	10236
3213	10236
2421	10236
2208	10237
1781	10238
2607	10239
357	10240
3612	3825
1029	3826
2629	10241
1382	3827
3565	3827
2261	10242
1251	3829
917	3829
389	3830
1030	3831
179	3831
2462	3831
1239	3831
179	3832
179	3833
3320	3833
179	3834
1030	3834
1951	3834
2751	10243
1342	10243
3005	10244
3396	10244
2954	3838
2506	3838
2784	3839
3087	10245
2293	10245
2760	3840
1117	3840
3249	3840
780	3840
3895	3840
743	3840
357	3841
1625	3842
1904	10246
1990	10246
747	10246
2939	3844
1727	10247
2442	10247
1054	3845
1850	3846
2655	3847
3225	3847
2225	3847
1615	3847
2787	10248
3130	3848
3761	3849
816	3849
3045	3849
2997	3849
199	10249
199	3850
2203	3850
2145	3850
3017	3850
2887	3850
2915	3850
368	10250
2191	10251
94	10252
1503	10252
965	3853
813	3853
235	3853
1763	3853
559	3853
71	3853
2473	3853
338	3853
471	3853
921	3853
70	3853
577	3853
74	3853
436	3853
1776	3853
2721	3853
2796	3853
2731	3854
1388	10253
2629	10253
2849	3855
2668	3855
1389	3855
128	3855
2904	3855
926	3855
2879	3855
1010	3855
702	3856
1061	3856
3618	3856
2876	3856
623	3856
1244	3856
2016	3856
1220	10254
1775	10255
2914	10255
1150	10255
2156	10256
188	10256
2781	10256
923	10256
866	10257
661	3860
1350	3860
880	10258
3148	10258
2266	3861
849	10259
3222	10259
800	3862
1931	3862
1705	3864
3470	3866
3519	3866
3267	3868
1994	3868
1501	3868
2505	10260
1585	10260
2968	10261
3807	3870
456	3871
1880	3871
3667	3872
3613	3872
3083	3872
3132	3872
3081	3872
1692	3874
592	10262
3359	10262
2635	10263
2846	10263
2567	10263
2810	3875
121	3875
2872	10264
3371	3876
1689	10265
3088	10265
2533	3877
2115	3877
1868	3877
2180	3877
2958	3877
3794	3878
2164	3878
612	3878
1039	10266
1387	10266
128	10266
286	3880
1245	10267
425	10268
2419	3881
298	3881
3411	3881
1371	10269
425	10269
3003	10270
3254	3883
118	3883
3419	3883
2207	3884
1010	3884
235	3885
3154	3885
3269	3886
1684	3890
2902	3890
3693	3890
3379	3890
1550	3890
553	10271
1220	10272
1885	10272
2124	3891
3047	10273
294	10273
428	3892
2466	3896
2466	3897
3104	3897
2460	3897
972	3897
2797	3897
1820	3897
865	3897
3826	3899
2293	3899
1053	10274
3068	10274
1617	3900
1986	3901
3799	3901
730	3901
3325	10275
1851	3903
929	3905
3738	3905
3522	3906
3316	10276
3124	3908
1205	10277
649	10277
480	10278
685	10279
3278	10280
2676	10281
747	10281
1917	3914
1054	3914
889	3914
976	3915
3148	3916
1470	3918
1437	3918
661	3918
128	3918
3880	3918
3529	10282
3212	3919
1893	3919
231	3920
1178	3921
1380	3921
787	3921
1921	3922
3871	10283
2414	10284
2180	10284
1937	10284
3119	3923
1614	3923
1475	3924
3202	3924
3203	3925
1011	3925
3088	3925
235	3925
2781	3925
2857	3925
1161	10285
2203	10285
787	10285
1456	10286
3659	10287
2029	10287
2426	10287
2048	10287
2466	10287
1056	10287
1990	10287
2759	10287
179	3927
1295	3927
1904	3927
3801	3927
1105	3927
1817	3927
3611	3927
387	3927
2387	3928
1099	3928
2505	3928
2365	3928
2625	3928
2624	3928
362	3928
1061	3928
2367	3928
2366	3928
2623	3928
2863	3928
3750	3928
1383	3928
2402	3928
428	3928
2627	3928
2626	3928
252	3928
947	3928
3738	3928
2041	3928
3075	3928
3411	3928
1855	3928
1757	3928
2098	3928
1721	3928
2369	3928
749	3928
2888	3928
2780	3928
1919	3928
972	3929
1938	3930
3093	3930
2625	3931
2366	3931
2860	3931
2951	3931
2627	3931
3738	3931
2368	3931
2369	3931
2134	3932
1471	3932
3473	3932
440	3933
2878	3933
3673	3934
2907	3934
1360	3934
871	3934
2634	3934
1393	3934
974	3934
2823	3934
2522	3934
2273	3934
2378	3934
2807	3934
1946	3934
2411	3934
1614	3934
566	3934
2381	3934
553	3934
1498	3934
2239	3935
2328	3935
3468	3935
764	3935
199	3935
2056	3935
1395	3935
3269	3935
1959	3935
3816	3935
1928	3935
2183	3935
1265	3935
413	3935
3242	3935
440	3935
447	3935
3487	3935
2719	3937
3203	3937
1786	3937
3618	3937
3069	3937
3047	3937
904	3937
3203	3938
1131	3938
2781	3938
2272	3938
199	3938
589	3938
2504	3938
1441	3938
3771	3938
1675	3938
1004	3938
3095	3938
1734	3938
2673	3938
975	3938
787	3938
2560	3938
1386	3938
3203	10288
1977	3939
2967	3939
2637	3939
1449	3939
941	3939
1739	3939
2303	10289
787	10289
393	10289
1330	3940
161	10290
3039	3942
1269	3942
2439	3942
3059	3942
2803	3942
3274	3943
1713	3944
1345	3944
2223	3945
2682	3946
1713	3946
3670	3946
1145	3946
2535	3946
2303	3947
2428	3947
2975	3947
185	3947
272	10291
3774	3948
957	3948
3319	3949
3625	3949
2879	3949
86	3949
926	3949
2741	3949
3711	3949
1105	3950
1041	3951
581	3951
314	3951
3511	3951
3226	3952
2808	10292
3101	3953
1161	3954
3649	3954
3857	3954
3438	3954
185	3954
1896	3954
969	3954
2119	3955
1041	3955
2000	3955
2428	3955
3726	3955
1780	3955
2927	3955
2760	3957
2842	3957
3649	3957
1846	3958
210	3958
2028	10293
3175	10294
2809	3959
172	10295
225	10296
1266	10296
3659	3961
2026	3962
2635	3962
1812	3962
316	3962
965	3963
1925	3963
1865	10297
172	10297
323	3965
2765	3965
3420	10298
759	3966
2551	3966
1321	3966
1160	10299
1195	10300
292	3967
530	3970
1379	3970
3153	3970
983	3972
517	3972
2183	10301
3159	3973
682	3973
3151	3973
449	3973
244	3973
1628	3973
383	3973
2030	3973
1177	3973
1595	3973
1531	3973
590	3973
517	3973
700	3973
328	3973
3897	3973
1592	3973
204	3973
1010	3973
199	3974
669	3974
773	3974
518	3974
500	3974
682	3974
1297	3974
774	3974
170	3974
1651	3974
131	3974
812	3974
896	3974
3087	3974
1910	3974
664	3974
417	3974
598	3974
350	3974
2666	3974
511	3974
1927	3975
2023	3975
3719	3975
3242	3975
1846	3977
1015	3978
1342	3978
2594	3978
3217	3979
1792	3979
675	3979
3826	3979
1942	3979
3089	3979
645	3979
3374	3979
1762	3979
3425	3979
264	3979
263	3979
303	3979
3833	3979
2094	3979
2426	3979
806	3979
3123	3979
604	3979
1253	3979
432	3979
2444	3979
609	3979
380	3979
243	3979
3844	3979
2585	3979
512	3979
1272	3979
2293	3979
340	3979
2666	3979
1135	3979
2310	3979
426	3979
186	3979
435	3979
1301	3979
1176	3979
790	3979
1623	3979
2053	3979
424	3979
897	3979
679	3979
468	3979
252	3979
2560	3979
172	3979
769	3979
1982	3979
3336	3979
1796	3979
341	3979
1010	3979
832	3980
312	3980
160	3980
1459	3980
1769	3980
1393	3980
725	3980
433	3980
1528	3980
1190	3980
2394	3980
257	3980
263	3980
3021	3980
367	3980
368	3980
397	3980
1572	3980
3551	3981
3840	3981
1248	3982
632	3982
2692	3982
1304	3982
3065	3982
1621	3982
1380	10302
539	10302
1771	10302
3274	10302
2131	10302
1384	10302
649	10302
1256	10302
694	10302
3289	10302
2732	3983
3724	3983
3733	3983
1734	3983
3191	3984
213	3985
2483	10303
3085	3986
2980	3986
1068	10304
1014	3987
3511	3987
1770	3988
3190	3989
3204	3990
1502	3990
3234	3990
2935	3991
3398	3991
3040	3991
1862	3991
837	3991
1024	3991
3088	10305
2354	10305
3289	10305
2813	10306
1662	3992
3717	3992
3047	10307
294	10307
2162	10307
1948	10307
1830	3994
2015	3994
3506	3994
1078	3994
2685	3994
1276	3994
3002	3994
801	3994
1682	3994
3313	3994
2595	3994
2076	3995
1468	3995
353	3995
3147	3996
1713	3996
1118	10308
1106	10309
3112	10310
805	10311
2814	10311
1317	10311
2824	10311
2250	10312
3488	3998
3592	3998
2842	3998
222	10313
3637	10314
649	10314
2495	10314
1930	10315
965	4000
2171	4000
3424	4001
2203	4001
1986	10316
1564	10316
2143	10316
592	10317
3761	10317
1676	4002
2374	4002
460	4002
1644	4002
1321	4002
2545	4003
2743	10318
529	4005
2949	4005
2937	4005
1326	4005
3164	4005
578	4005
2320	10319
3786	10320
1150	10320
3147	10321
41	4007
2659	4007
3087	4007
632	4007
3844	4007
1649	4007
3729	4007
2129	4008
3434	10322
3596	10322
239	10322
2781	10323
1951	10323
3196	10323
2902	10323
1507	10323
2243	4009
3457	4010
462	4010
2332	4011
1449	4011
2679	4011
3210	4011
649	4011
3447	4011
2509	4011
3423	10324
923	10324
3719	10324
3377	10325
3003	4012
1938	10326
3433	10327
985	4013
1459	4013
1540	4013
537	4013
2926	4013
1606	4013
957	4013
3457	4013
1641	4013
176	4014
324	4014
3860	4014
291	4014
1351	4014
351	4014
1197	4015
688	4015
985	4015
204	4015
385	4015
1656	4015
583	4015
1624	4016
2161	4017
176	4018
1639	4018
3872	4018
736	4018
741	4018
462	4018
685	4018
20	4018
327	4018
647	4018
1811	4018
1951	10328
2243	4021
961	4022
1322	4022
2587	4022
2204	4022
3455	10329
1951	10329
2243	10329
1325	4023
1951	4023
3693	4023
2510	4023
1550	4023
1013	10330
2625	4024
2624	4024
2860	4024
2366	4024
2863	4024
2627	4024
2626	4024
2780	4024
2380	4025
3422	4025
1836	10331
857	10331
3039	10332
1342	10333
1220	4027
1788	4028
117	4028
3125	4028
292	4028
3572	4029
1916	4030
2378	4030
1705	4030
2244	4030
3363	4030
3879	4030
403	4030
352	4030
3634	4030
1262	4030
3107	4030
2846	10334
1342	10335
2216	4033
1209	4034
1713	4034
2057	4034
1376	4034
2035	4034
1449	10336
3043	4035
1751	4035
3631	4035
2278	10337
1449	4036
2941	4037
3847	4037
3577	4037
2331	4037
2476	4037
897	4037
3195	4037
3692	4037
2905	4037
1997	4037
1073	4037
2668	4038
1288	4038
2247	4038
1244	10338
1397	4039
3756	4039
2239	4040
1713	4040
1393	4040
2719	4040
3206	4040
825	4040
1927	4040
1979	4040
2646	4040
2150	4040
1386	4040
649	4040
1524	4041
932	4041
2996	4042
3194	4042
1786	10339
2668	10339
3132	10339
3795	4043
3495	4043
3247	10340
2685	10341
2018	10342
2021	10342
764	4045
3503	4045
2204	4045
3096	4045
1345	4045
3199	4046
2199	4046
632	4046
2389	4046
2646	4046
3617	4046
3847	4046
3194	4047
3471	4048
1280	4048
2775	4048
1343	4049
1058	4049
3471	4049
1713	4049
2319	4049
3847	4049
3646	4050
1452	4050
1979	4051
3767	4051
2512	4051
3888	4051
3766	4051
2319	4051
2204	4051
3218	10343
2239	4052
3420	10344
2512	10344
632	10344
2781	4053
2899	4053
1880	4053
1466	4053
2697	4054
2957	4054
1530	4054
2225	10345
2719	10345
2668	10346
1386	4055
3735	4055
1524	4055
3516	4055
2423	4055
431	4056
1452	4056
898	4056
2239	4056
1865	4056
2660	4056
2280	4056
120	4056
2073	10347
691	10347
1196	4057
446	4057
3786	4057
2979	4057
3258	4057
3391	4058
2376	4058
2121	4059
3316	4059
1974	4059
1722	4060
2752	10348
1378	10348
1416	10349
3641	10349
690	4062
710	4062
235	4062
176	4062
603	4062
1521	4062
1110	4062
531	4062
33	4062
1661	4062
81	4062
2101	4062
389	4062
226	4062
1776	4062
172	4062
1015	4063
2137	4064
1972	4064
3404	4064
1304	4064
389	4067
3658	4067
425	4067
704	4067
980	4069
1165	4069
288	4069
1697	4069
2060	4069
1448	4069
3453	10350
389	10350
1435	10351
3619	4070
1757	10352
3679	4072
356	4072
2031	4072
2000	4072
3555	4072
1101	4073
2315	4073
2349	4073
2350	4073
2171	4073
2465	4073
1418	4073
1246	4073
2710	4074
3293	4074
1821	4074
1092	4075
3612	10353
1176	10353
2855	10354
2781	4076
1856	10355
3625	4077
1685	4077
787	4078
1384	10356
1738	10357
3369	4079
2762	4080
2218	4081
2073	10358
1880	10358
1829	4082
2557	10359
3670	4084
3682	10360
658	4086
2770	10361
622	4087
3694	4087
2229	4087
2691	4087
865	4087
1473	4088
3671	4089
2842	4090
605	10362
1682	10362
1649	10362
3082	4091
793	4091
1713	4091
1979	4091
2685	4091
3045	4091
1395	10363
2846	10364
3127	10365
1614	10365
3178	10366
1702	10367
2057	4093
1228	10368
1342	4095
1406	10369
3756	4097
3501	4098
2360	10370
1920	4099
3708	4099
2571	4099
795	4099
2407	4099
2468	4099
3632	4099
692	4099
2957	10371
3830	4100
3369	10372
2351	4102
2831	4102
624	4102
1922	4102
2218	4102
2327	4102
3880	4102
2893	4102
1361	4102
542	4103
1209	4103
529	10373
3337	10373
1944	10374
2854	10375
2545	10376
2830	4105
937	4106
2304	4107
3522	4107
272	4107
953	4107
2026	4109
1412	4111
2655	4111
1324	4111
1500	4111
1037	4111
3801	4111
3559	4111
3220	4111
1476	4111
2652	4111
2142	4111
3678	4111
3040	4111
3333	4111
1490	4111
3447	4111
2169	4111
868	4111
443	4111
291	4111
305	4111
529	4113
1844	4113
1033	4113
724	4113
3350	4113
2973	4113
2439	4113
2781	4113
3269	4113
3246	4113
897	4113
457	4113
1056	4113
2507	4113
2458	4113
1390	4113
2000	10377
1321	10378
1380	10379
3714	10379
983	4116
1137	4116
2160	4116
3007	4116
1578	10380
3561	10380
1712	10381
3040	10382
1220	10383
2645	10383
3336	10383
2056	10384
3456	10384
3139	10385
369	10386
781	10387
3757	10387
3460	10388
1694	10389
1106	4118
3596	4118
780	4118
2225	4119
3806	10390
436	10391
3898	4120
3237	10392
3444	10392
1375	10393
1216	10393
2632	10393
2429	10393
3578	4122
2504	4122
440	4122
1946	4122
649	4123
3048	4123
3053	10394
1851	10395
525	10396
2977	4124
2533	4125
3716	4125
1203	10397
2889	10398
1065	10398
2411	10399
1604	10400
3147	10401
1997	10401
199	4126
3794	4126
3522	4126
2279	4126
1389	4126
1614	4126
3440	4126
3194	4126
3337	4127
952	4127
3045	4127
1263	4127
873	4127
188	4128
378	4128
1056	4129
3013	4129
3577	4130
923	4130
3160	4130
118	4130
3358	4130
3751	10402
2850	4131
1878	4131
812	4131
561	4131
1120	4131
747	4131
1658	4131
822	4131
2243	4131
769	4131
664	4131
667	4131
492	4131
17	4131
10	10403
2975	10403
3242	10403
3692	10403
983	4132
2719	4132
2293	4132
436	4132
2646	4132
747	4132
848	4132
436	4133
1111	4134
1076	4134
1322	4135
908	4135
3403	4135
3381	4136
3784	4136
1508	4138
3510	4138
3297	4138
2087	4138
1239	4138
3222	4138
3784	4138
525	4138
931	4139
3719	4139
41	4140
2169	4140
2775	4140
1649	4140
2781	10404
886	10404
3187	10404
3194	10404
2699	10405
3510	4141
3297	4141
1865	4141
2087	4141
3784	4141
3790	4141
3187	10406
2499	4142
1435	4142
3637	4143
3408	4143
649	4143
3478	4143
3070	4143
3152	4144
2204	4144
3178	4144
2189	4144
3106	4144
2012	4145
2014	4145
3821	4145
3680	4145
735	4145
2575	4145
2982	4145
3590	4145
2711	4148
3190	4149
767	4149
2101	4149
2035	4149
1959	4149
1105	4149
1931	4149
1475	4149
290	4149
1947	4149
929	4149
3190	4150
3470	4150
1105	4150
2742	4151
783	4151
2397	4151
2474	4151
582	4151
325	4151
1110	4151
165	4151
896	4151
1198	4151
1651	4151
0	4151
673	4151
1647	4151
1649	4151
1530	4151
1644	4151
2053	4151
1666	4151
1479	4151
2774	4151
3606	4151
837	4151
3719	10407
1869	4152
2058	4152
436	4152
1133	4152
2655	10408
2568	10408
2763	10408
1324	10408
389	10409
889	4153
2749	4153
3177	4153
1356	10410
739	10411
2422	4155
1280	4156
3414	4157
2091	10412
2812	4158
1033	4158
1485	4158
1925	4158
1826	4158
1916	4158
1449	4158
2378	4158
3469	4158
2574	4158
1740	4158
3160	4158
3602	4158
1222	4158
3222	4158
3701	4158
2172	4158
1435	4158
553	4158
1739	4158
355	4159
2542	4159
1380	4159
3334	4159
3039	4159
3625	4159
3469	4159
3608	4159
3709	4159
1573	4159
2381	4159
1094	4159
1094	4160
3440	4160
199	4161
2034	4161
2086	4161
905	4161
1386	4161
2319	4161
3220	10413
1420	4162
2845	4163
1376	4163
2128	4163
1817	4164
2811	10414
2461	4165
652	10415
2353	4166
2717	10416
494	10416
1810	10416
747	10417
118	4169
1380	4169
3194	4169
2853	4169
1013	4172
1895	4172
2387	4172
2955	4172
2275	4172
2703	4172
800	10418
3368	10418
2138	10418
1402	10418
237	10418
2296	10418
2165	10418
2786	10418
2566	10419
2753	10420
2491	10420
2205	10420
3358	4174
1989	4174
2172	4174
1753	4174
2481	4174
3334	10421
2428	4176
1201	4178
2611	10422
2184	4180
2145	10423
3265	4181
236	4182
3680	4182
2218	4182
2789	4182
2168	4182
630	10424
3434	4183
2125	4183
2545	10425
2785	4184
872	4184
2319	4184
2965	4184
972	4184
2551	4184
2819	4184
271	10426
3897	10427
2894	4185
2107	4185
1861	4185
1251	10428
2386	4186
1705	4186
3004	4186
2234	4186
1861	4186
2972	4186
2078	4186
353	4186
1334	4186
685	10429
399	4187
1392	4187
2348	4187
2646	4187
403	4187
975	4187
2389	4187
74	4189
2737	4189
1393	4190
3053	4190
3617	4190
3794	4190
3469	4190
1831	4190
831	4190
2436	4190
3245	4190
1004	4190
972	4190
1259	4190
2204	4190
2646	4190
3625	10430
2699	10430
2781	4191
973	4191
2899	4191
2319	4191
972	4191
3148	4191
2927	4191
387	10431
1686	10432
3009	10433
236	10434
445	10434
2231	10435
663	10436
509	10436
618	10437
786	4194
3567	4195
1160	4195
1239	4195
3178	10438
2087	10439
3070	10439
1056	10439
272	4198
1056	4198
1220	4198
3176	4198
1864	4198
3176	4199
1056	10440
2087	10440
2447	10440
3085	4202
1892	4202
2131	10441
3039	4203
2176	4203
2957	4203
3604	4203
1892	4203
2831	4205
2902	10442
2733	10443
2733	10444
2353	10444
2991	4207
1831	4208
2803	4208
3695	10445
691	10445
3695	10446
3850	4210
2873	4210
3407	4210
2180	10447
3177	10447
2170	4213
3185	4213
2056	4213
1785	4213
1258	4213
1861	4213
353	4213
1989	4214
2078	4214
1334	4214
2297	4214
2687	4215
2433	10448
292	10448
1493	4216
934	4216
2717	4217
922	4217
2945	4219
2662	4219
801	10449
2965	10450
2746	10450
1613	10450
440	10450
2988	10451
3177	10451
2246	10452
387	10452
3014	10453
2086	4224
1033	4226
2753	4226
3141	4226
3138	4226
764	4228
1280	4228
2161	4228
2669	4228
1034	4228
3818	4228
1892	4228
207	4228
1696	4229
2226	4231
2259	4231
801	4231
731	4231
231	4231
3180	4231
909	10454
1242	4232
747	4232
296	4233
1013	4234
3531	4234
3092	4234
747	4235
1943	4236
1380	4237
1802	4237
1366	4238
2564	10455
2875	10455
2048	10455
3623	10456
747	4239
3584	4240
2852	4240
2983	4240
2000	4240
3387	4240
3487	4240
2383	4240
3100	4240
1166	4241
2358	4241
2303	10457
1560	10457
1812	10458
3153	10458
3125	10459
2699	10459
3767	4243
841	4248
2641	4248
3082	4248
2875	10460
1470	10460
3299	10460
3340	10460
2760	4250
1053	10461
3442	10461
2093	10461
764	4251
2785	4251
872	4251
2277	4251
2319	4251
2697	4251
1980	4251
2267	4251
3132	4251
1018	4251
2028	4251
252	4251
3305	4251
3538	4251
2093	4251
235	4252
3761	4252
2643	4252
2161	4252
3528	4252
3242	4252
1430	4252
3048	4253
1056	10462
2632	10463
1674	4254
3177	4254
2749	4254
357	10464
1477	4255
3826	4255
431	4255
301	4255
3690	4255
2640	4255
3386	4255
1762	4255
2631	4255
529	4255
331	4255
1508	4255
1962	4255
660	4255
3015	4255
2474	4255
1454	4255
398	4255
1161	4255
1851	4255
1393	4255
1373	4255
1798	4255
3791	4255
2087	4255
1015	4255
2476	4255
3780	4255
928	4255
3274	4255
12	4255
379	4255
2589	4255
170	4255
726	4255
3771	4255
2446	4255
2375	4255
1994	4255
2939	4255
1307	4255
2442	4255
1272	4255
3575	4255
117	4255
1742	4255
1418	4255
1034	4255
416	4255
2425	4255
3202	4255
1304	4255
615	4255
1032	4255
2277	4255
583	4255
1279	4255
3117	4255
1885	4255
1997	4255
246	4255
3560	4255
1947	4255
3440	4255
2631	4256
2527	4256
3109	4256
2640	4256
3761	4256
1014	4256
2589	4256
2008	4256
2939	4256
1021	4256
3179	4256
1938	4257
1951	4257
1115	4257
2204	4257
2291	10465
2073	10465
965	4258
1010	4258
3273	4258
2697	4259
1215	4261
1751	4261
3510	4262
2020	4262
2533	4262
3250	4262
3194	4262
1686	4262
3109	4263
987	4263
3028	4264
966	4265
1435	4266
1065	4266
997	10466
2800	4267
2056	4267
2901	4267
1226	4267
954	10467
1836	4269
2450	4269
792	4271
2016	10468
3420	4274
292	4274
1011	4275
2854	4275
410	4275
3591	4277
943	10469
529	10470
3090	4278
658	4278
1682	4280
1322	4282
2315	4282
3583	4283
1159	10471
3773	10471
3513	10471
3395	4285
3569	4285
438	4285
2037	4286
2476	10472
2316	10473
3657	10474
3434	10475
174	10476
1280	10477
174	10478
1220	10478
2037	10478
3623	10479
3446	10480
872	4293
2056	4293
730	4293
1422	4293
1370	4293
1998	4293
2849	4294
3771	4294
3133	4294
1714	4294
1384	4294
1751	4294
3808	4295
2503	10481
2709	10482
3756	4298
2387	4298
3587	4298
2781	4298
2902	4298
358	4298
2037	4298
1350	10483
821	4300
292	4300
2378	4300
3639	4300
1394	4301
454	4301
712	4301
2998	4301
2517	10484
3398	10485
1470	4304
357	4304
964	4304
3621	10486
2131	10487
266	10488
3388	10489
1235	10489
2594	10489
2237	10490
1325	4307
3571	4308
1039	4308
1237	4308
1572	10491
3572	4309
429	4309
2452	4309
2891	10492
2503	10492
1133	10493
3744	4311
3698	4311
2058	4311
929	4311
1133	4313
3330	4313
3301	4314
1395	4314
314	4314
436	4314
630	4314
3488	4314
2984	10494
2860	4315
2624	4315
2367	4315
2625	4315
2627	4315
3001	10495
3334	10496
3752	4318
865	4318
300	4319
1010	4319
425	4319
2753	10497
278	10497
2271	10497
2622	10498
3119	4320
1010	4320
2339	4321
1870	4321
1845	4321
929	4321
1195	4322
1497	4323
2633	10499
2009	10500
2466	10501
574	4324
1054	4324
2528	4325
2562	4326
2284	4326
2026	4327
3577	4327
1821	4327
2106	4327
997	10502
166	10502
2378	10503
1781	10503
3318	10503
2017	10504
3202	4328
474	4329
3640	4329
2699	4330
529	10505
3236	4332
3639	4332
1028	10506
2806	10507
200	4334
481	4334
381	4334
339	4334
1109	4334
1769	4334
199	4334
1110	4334
1630	4334
1528	4334
584	4334
174	4334
414	4334
0	4334
1649	4334
581	4334
392	4334
226	4334
402	4334
385	4334
555	4334
1666	4334
2738	4334
1881	4334
504	4334
1905	4334
509	4334
483	4334
442	4334
1636	4334
3488	4334
1112	4334
292	4334
246	4334
580	4334
353	4334
3594	10508
1950	10508
2773	10508
1705	10508
2548	10508
1380	4337
1238	4340
3435	10509
724	10510
3783	10511
3068	4342
1503	10512
2716	10512
1503	10513
2642	10514
1600	4344
2712	10515
844	4345
1554	4345
2880	4345
1010	4345
1065	4346
1810	4346
3412	10516
2997	10516
367	10516
1	4347
3555	4350
1780	4351
121	4351
875	4352
163	4352
2689	4352
3350	4353
163	4353
2842	10517
1010	4355
713	10518
314	10518
2237	10519
1134	4357
3315	4357
3608	4357
1244	4357
1352	4357
2027	4357
2511	4357
3741	4357
1597	4358
1312	4358
344	10520
2386	4359
1428	4359
1753	4359
663	4359
1282	10521
823	10521
3584	4360
1269	4360
1259	4360
2387	4361
2997	4361
1886	4362
1865	4362
2265	4362
2078	4362
3594	4364
3566	4364
1861	4364
2541	4364
2749	4364
2640	4365
813	4365
2232	4365
3658	4365
3029	4365
2101	4365
1320	4365
94	4365
2837	4365
117	4365
1930	4365
969	4365
3103	4365
356	4365
755	4365
3756	10522
3516	10523
74	10523
1280	10524
1937	10524
1715	10524
2270	10524
1237	10525
1039	4368
917	4368
3470	4369
1921	4370
2138	4370
1868	4370
3160	4370
3006	4370
1136	10526
2331	4372
2089	4372
2451	4372
3768	4372
1921	4373
3011	4374
780	10527
2753	10528
2001	10528
2545	4377
3151	4377
235	4377
1608	4377
3261	10529
3507	10530
2309	4379
3194	4379
1962	4380
867	4380
2655	4380
2354	4380
865	4380
1615	4380
3510	10531
3214	10532
2419	10533
1033	10533
3710	10533
3351	10534
3311	10534
1189	10535
1951	10536
3311	10536
1311	10536
2343	4383
1311	4383
2527	4384
3416	4384
1162	4384
1816	10537
2892	10537
3123	10538
3123	10539
2758	10540
3581	10541
2105	10542
2650	10543
1875	10543
1442	10543
3366	10543
2216	10544
2321	10545
3732	10545
576	10546
1192	4386
1174	4386
2749	4386
2347	10547
1983	10547
2654	4387
2015	4387
2510	4387
660	4387
3552	4387
3522	4388
1544	10548
3612	4390
2472	4390
1266	4390
1033	4391
2711	10549
1919	10550
952	10551
2839	10551
3015	10552
3659	4392
926	4392
2000	4392
225	10553
3492	10553
2353	10553
1686	10553
3252	10554
3000	10554
1475	4394
3826	4394
3175	10555
239	10555
2996	4395
443	4395
1136	4396
3712	4396
1193	4396
3391	4397
3794	4397
1751	4397
810	10556
997	4398
2682	10557
1904	4402
3602	4403
1750	4403
3283	4405
2572	4405
983	4407
3718	4407
2792	4408
3079	4409
3400	4409
359	4409
2260	4409
1035	4409
1010	4409
2018	10558
2958	10558
1906	10559
743	4410
2838	4413
3484	10560
1759	10561
926	10562
235	4414
1196	4414
1120	4414
665	4414
1427	4414
1013	4414
1662	4414
430	4414
1348	4414
1044	4414
2402	4414
571	4414
1531	4414
557	4414
1900	4414
116	4414
483	4414
442	4414
649	4414
583	4414
929	4414
2521	4414
1303	4414
454	4415
3416	4416
1930	4416
747	10563
3287	10564
3147	10565
1038	10565
927	10565
934	10565
3720	4421
1324	4421
2378	4421
2058	4421
1132	4424
3448	4424
2186	4425
901	4425
642	4425
780	10566
2012	4426
489	10567
1	10568
1255	10569
1340	10570
1220	10570
2298	10570
1345	10571
2233	4429
2437	4430
3076	4430
3438	4430
2594	4431
820	4431
867	4433
1391	4433
237	4433
2652	10572
2698	4434
2730	4434
2832	4436
1990	4436
3809	4436
651	10573
2599	4437
2087	4437
1488	10574
2827	4439
1133	4439
3561	10575
1865	10576
1042	10576
2607	10576
2805	10577
2557	10577
3178	4440
3079	4440
2993	4440
797	4440
1958	4442
2955	4442
1849	4442
3565	4442
1472	10578
1454	10579
745	10580
1951	10580
1728	10581
2700	4444
2610	4445
2454	10582
2834	4446
1030	4447
3255	10583
843	4448
3812	4449
1266	4449
76	4449
458	4449
436	4449
1655	4449
2183	4449
649	4449
2699	4449
1928	4450
440	4450
624	4452
1529	4455
3193	4456
2837	10584
2260	10585
3040	10586
2874	10586
350	10586
929	10586
3206	4457
2239	4457
1386	4457
1321	10587
3878	4459
1225	4459
1825	4459
853	4459
542	4459
1692	4459
3850	10588
1939	4461
3882	4461
2698	10589
1872	10590
278	10591
3429	10592
3738	10592
1253	4463
2835	4463
3219	4463
425	4463
2493	4463
2411	10593
1361	10593
2451	10593
3219	10594
1392	10595
946	4466
2946	4466
3413	4466
2386	4467
1866	4468
2387	4468
1860	4468
2386	4468
1865	4468
163	4468
2749	4468
948	4468
3375	4468
1865	4469
2946	4469
911	4469
946	4469
1048	10596
1865	4470
2997	4470
2078	4470
1888	4471
163	4471
1861	4471
2776	4472
2386	10597
1861	10597
911	10598
3594	10598
2773	10598
3375	10598
2387	10599
1866	10599
2386	10599
1470	10599
2773	10600
1989	4473
3375	4473
2078	4473
2750	4474
1092	4474
2129	4474
1861	4474
2387	4475
3375	4475
1861	4475
387	4475
2387	4476
1092	4476
3594	4476
946	4476
3185	4476
3051	4476
1705	4476
2263	4476
2997	4476
3595	4476
1861	4476
3566	4476
948	4476
2078	4476
163	4477
2378	4477
2750	4477
3596	4477
3594	4478
3128	4478
2776	4478
2765	4478
2387	4480
3127	4481
2387	4481
1888	4481
2378	4481
1865	4481
2749	4481
2345	4481
2946	4482
1919	4483
2129	4484
1989	4485
1865	4485
2129	4485
1866	4486
1865	4486
1989	10601
3185	4487
1705	4487
2970	10602
3528	10602
649	10602
1084	4488
393	4488
3132	4489
3011	4489
1591	10603
2013	4493
3763	4493
2753	4493
2203	4493
2679	4493
1213	4493
3026	4493
952	4493
2982	4493
1990	4493
2509	4493
3298	4493
2204	10604
735	10604
3015	4494
1714	10605
1331	4496
2773	4496
1705	4496
2997	4496
2998	4496
2773	4497
2289	4497
1714	4498
3301	4499
420	4499
1493	4501
2483	4501
3092	4501
3881	4502
3728	4502
1251	10606
1821	10606
2797	10606
1914	4503
917	4503
650	4504
1030	4504
950	4504
726	4504
3018	4504
540	4504
1564	4504
2092	4504
1624	4504
3564	4506
445	4506
610	10607
811	4507
3470	4507
2620	4507
3558	4507
3848	4507
393	4507
2735	4507
11	10608
2804	10608
2136	4509
3470	10609
2438	4511
589	4511
113	4511
1110	4511
562	4511
3837	4511
501	4511
247	4511
518	4511
3610	4511
764	4511
1459	4511
302	4511
568	4511
2426	4511
1798	4511
1935	4511
396	4511
210	4511
2065	4511
765	4511
3860	4511
2444	4511
163	4511
324	4511
3870	4511
922	4511
383	4511
1779	4511
538	4511
1644	4511
2375	4511
610	4511
3511	4511
1907	4511
2383	4511
1963	4511
591	4511
2030	4511
740	4511
835	4511
277	4511
1034	4511
1294	4511
880	4511
1654	4511
186	4511
897	4511
1466	4511
1881	4511
1379	4511
2074	4511
1201	4511
393	4511
1279	4511
2538	4511
325	4511
185	4511
685	4511
1998	4511
2982	4511
561	4512
562	4512
645	4512
1033	4512
546	4512
3044	4512
161	4512
412	4512
197	4512
2190	4512
807	4512
1790	4512
642	4512
1532	4512
2477	4512
452	4512
484	4512
727	4512
1491	4512
649	4512
884	4512
862	4512
478	4512
1638	4513
208	4513
1120	4513
1667	4513
501	4513
626	4513
995	4513
493	4513
2979	4513
765	4513
131	4513
1775	4513
584	4513
585	4513
383	4513
1198	4513
439	4513
1008	4513
2743	4513
0	4513
220	4513
657	4513
1110	4513
537	4513
1622	4513
1651	4513
289	4513
3222	4513
1644	4513
1835	4513
1529	4513
1226	4513
1079	4513
494	4513
835	4513
699	4513
474	4513
344	4513
880	4513
186	4513
827	4513
1627	4513
290	4513
393	4513
2929	4513
1776	4513
3662	4513
22	4513
1669	4513
599	4513
207	4513
1963	4513
341	4513
1283	10610
1056	10610
3110	4514
1010	4514
2907	4515
2947	4515
2043	4515
3313	10611
2839	10612
1203	10612
1471	10612
3160	4518
2660	4518
3124	4518
3410	10613
3430	10614
2454	10614
3437	10614
1248	10615
1095	10615
973	4519
2197	4519
2469	4519
3060	4519
2320	4519
649	4519
3070	4519
1412	4520
2168	4520
2529	10616
1990	10616
2208	10617
3705	10617
1254	4521
420	4521
3756	4522
1304	10618
2143	10618
1111	4524
2430	4524
1472	4524
3005	4525
2177	4525
1219	4525
2870	10619
2380	10619
1065	10619
2791	10619
3264	10619
3875	4526
3740	4526
2685	4526
1831	4526
1013	4526
443	4527
1678	4527
1258	4528
2654	10620
1933	10620
2523	4529
735	4529
553	4529
128	4530
456	4531
3190	4531
709	10621
1236	10621
595	4532
1865	4533
2868	4534
2813	4534
2176	4534
286	4534
2684	4534
2955	4534
707	4534
1220	4534
2229	4534
2279	4534
3085	4534
3054	4534
425	4534
2791	4534
1892	4534
1729	4534
2538	4534
1467	4534
2958	4534
3656	4534
1547	4534
887	4535
249	4535
3767	10622
2078	4536
2743	4537
971	4537
2009	4537
2813	4538
1340	4538
975	4538
1010	4538
1035	4538
3794	4539
395	4539
612	4539
2315	4540
1895	4540
1010	4540
525	4540
1111	4541
1230	4542
1354	4542
1164	4542
2557	4542
2646	4542
1133	4542
2699	4542
2770	10623
3091	10623
3863	4544
2007	4544
2424	4544
692	4545
2879	10624
406	4546
589	4546
1110	4546
1295	4546
710	4546
562	4546
561	4546
581	4546
733	4546
1287	4546
339	4546
302	4546
1109	4546
493	4546
1013	4546
539	4546
174	4546
0	4546
990	4546
654	4546
2220	4546
671	4546
116	4546
402	4546
385	4546
1666	4546
1531	4546
1670	4546
1671	4546
442	4546
509	4546
42	4546
1158	4546
245	4546
292	4546
486	4546
1594	4546
681	4546
246	4546
199	4547
2133	4547
2831	4547
1685	4547
624	4549
2154	4549
2502	4549
3808	10625
3560	10626
755	4550
534	10627
468	4551
3871	10628
3000	4552
2186	4554
3527	4554
2439	4554
922	4554
1614	4555
1604	10629
922	10629
185	10629
3137	4556
1090	4556
2881	4557
1033	4558
3110	4558
1277	10630
3628	10631
2818	4560
2758	4560
3132	4561
1955	4561
410	4563
3147	4563
952	4563
1367	4563
752	4563
2625	4564
2624	4564
2365	4564
2860	4564
2367	4564
2861	4564
2627	4564
2780	4564
1164	4566
1387	10632
649	10632
1010	10632
2138	4567
2712	4567
2504	10633
3794	10633
1010	10633
1380	4568
128	4568
3794	4568
2490	4569
3307	4569
1991	10634
2105	4571
1853	4571
3166	4571
2107	4571
2035	10635
1990	4573
3541	4575
3465	4575
1760	4575
1586	10636
1010	4576
1380	4576
2895	10637
428	4577
3880	4578
199	10638
3848	10638
1955	10638
688	4579
3224	4579
3762	10639
1890	10639
1081	10640
2218	10640
3411	10640
3628	10641
3864	10641
2608	10641
3445	10642
1161	10642
2722	10642
1269	4580
3871	4580
2722	4580
997	10643
3324	10644
895	10644
3897	4583
1751	4583
2157	4586
2113	4587
3326	4588
387	4588
1474	4590
1756	4590
2387	4590
730	4590
1234	4590
3699	4593
139	4593
2271	4593
1035	4594
139	4595
3396	4595
139	4596
713	4596
3699	4597
3589	4597
3685	4597
139	4599
2422	4599
1767	4600
1713	4600
3134	4601
3727	4601
2674	4601
3420	4603
3273	10645
975	10645
525	10645
2849	4605
3015	4605
976	4605
1880	4605
2602	4605
2007	10646
2311	4606
2271	4606
2245	4606
2640	4607
425	4607
2209	4607
2528	4608
624	4608
3502	4610
2433	4610
1297	4610
661	4610
1506	4610
2504	4610
1935	4610
220	4610
3844	4610
1824	4610
2674	4610
353	4610
1998	4610
2432	4611
1963	4611
3333	4611
2775	4611
1584	4611
3529	4612
2504	4613
3160	4613
972	4613
1225	4613
1345	4613
542	4613
3334	4614
1306	4614
1215	4614
3433	4614
2483	4614
1174	4615
3809	4615
2328	4617
2852	4618
3209	4618
3805	4618
937	4618
3223	4619
1560	4619
2231	4620
271	4620
843	4621
3780	4621
2771	4621
2557	4621
2169	4622
1093	10647
2973	4623
2429	4623
1649	4623
1508	4624
1431	4624
3007	4624
3178	4624
2087	4624
1372	4624
2409	4624
3511	4624
1573	4624
2183	4624
1304	4624
1632	4624
490	4624
1155	4624
1161	4625
3272	4625
661	4625
2636	4625
2293	4625
1440	4625
929	4625
2593	4625
1959	4626
3472	4626
2775	4626
2181	4626
2319	4626
829	4626
3116	4626
2056	4627
2168	4627
3596	4627
2933	4627
2028	4627
3899	4628
3642	10648
1345	4629
3019	10649
897	10650
1771	10651
575	10652
2907	4633
1244	4633
976	4633
3194	4633
2197	10653
2589	10653
1275	10653
185	10653
3621	4634
2533	10654
3613	4635
1856	10655
456	4636
832	4637
1292	4637
2668	4637
1777	4637
274	4637
325	4637
662	4637
1667	4637
319	4637
1664	4637
591	4637
1620	4637
772	4637
2521	4637
630	4637
370	4637
2291	4638
918	10656
2056	10657
1007	4639
3147	4639
2367	4640
2860	4640
2627	4640
2625	4640
2624	4640
3223	10658
462	10658
1451	4642
1958	4645
2949	4646
3102	4646
529	10659
3839	10660
1248	4647
297	4647
2625	4648
2624	4648
2365	4648
2860	4648
2367	4648
2627	4648
2780	4648
2861	4648
568	10661
3331	10661
2583	10661
3193	10662
2476	10662
1436	10663
2990	10663
2015	4649
3617	4649
3564	4649
2199	4649
2618	4649
2443	4649
870	4649
3231	4649
3598	4649
1327	4649
2458	4649
743	4649
3527	4650
3177	4650
128	4653
303	4654
896	4654
2564	4654
2231	4654
3052	4654
2699	4654
1557	4656
747	4657
1686	4658
3630	10664
2646	10664
1013	4660
3630	4660
747	4660
747	10665
983	4661
2914	4661
3448	4661
747	4661
1686	4661
3321	4662
747	4662
2092	4663
231	4664
1765	10666
128	10666
1321	10666
1160	10667
2887	10668
2022	10668
3778	10669
3626	4666
1245	4666
3144	4666
2983	4666
1376	4666
3451	4666
3525	4667
747	4667
2712	4667
804	4668
2850	4669
2015	4669
603	4669
431	4669
589	4669
564	4669
832	4669
1567	4669
406	4669
582	4669
2324	4669
995	4669
2297	4669
3833	4669
41	4669
1606	4669
162	4669
1528	4669
798	4669
217	4669
1414	4669
453	4669
1610	4669
1291	4669
655	4669
1140	4669
566	4669
489	4669
425	4669
426	4669
1513	4669
3719	4669
1905	4669
572	4669
277	4669
966	4669
1294	4669
494	4669
452	4669
2520	4669
1114	4669
290	4669
803	4669
292	4669
367	4669
3555	4669
245	4669
177	4669
600	4669
878	4669
368	4669
116	4669
649	4669
599	4669
334	4669
1669	4669
612	4669
2696	4670
3350	4670
3756	4670
1352	4670
3756	4671
410	4671
1552	4671
3728	4671
1550	10670
974	10671
2789	10671
1200	10671
2586	4673
2640	4674
1695	10672
2796	10673
2105	10674
3282	10674
3620	4675
1222	4675
3282	4675
987	4676
578	4677
387	4678
3714	10675
2845	4679
1453	4679
3735	4679
3390	4681
1453	4681
2105	4682
2997	10676
2157	10676
2105	10677
2745	4683
1790	4683
2105	4684
1258	4684
411	4684
2875	10678
1258	10678
3596	10678
1258	4685
3013	10679
2740	10679
1133	10679
944	4686
1705	4686
293	4686
3482	4686
2139	4686
1336	4686
1065	4686
3007	10680
953	4687
2657	4689
263	4690
755	4690
725	4690
1287	4690
13	4690
1297	4690
390	4690
632	4690
472	4690
204	4690
557	4690
966	4690
240	4690
320	4690
1595	4690
20	4690
728	4690
42	4690
1092	10681
1216	10681
3869	10682
1056	4693
3074	4693
2999	4693
1236	4694
1684	4694
3320	4694
1235	4694
1238	10683
128	4696
1967	4697
3393	4697
2707	4698
1476	4698
3266	4698
445	10684
199	4700
811	4700
2918	4700
3420	4701
3104	4701
2186	10685
1767	10686
3776	4703
2555	10687
2476	10687
2428	10688
655	4704
3418	4704
2549	10689
2724	10690
3494	10691
2557	10692
2557	10693
780	10694
2051	4708
2451	4708
2216	4708
1817	10695
1508	10696
199	10697
1393	4710
1306	4710
2759	4710
3471	4711
41	4712
1352	4712
2577	4712
2259	4713
2218	4713
2270	4713
2264	10698
3683	10699
3807	4715
2545	4715
937	10700
844	10701
3466	4716
2166	4716
2133	4716
1117	4716
2595	4716
2433	4718
3600	10702
2595	4719
2680	4720
787	10703
416	10703
3187	10703
2195	4723
2546	10704
3613	4724
1035	4724
1451	10705
3262	10706
2259	4727
272	4727
2163	4728
3821	4728
2753	4728
3178	4728
2849	4728
2015	4728
1022	4728
1449	4728
3419	4728
3328	4728
3822	4728
1619	4728
735	4728
750	4728
3056	4728
2557	4728
403	4728
1132	4728
2507	4728
1574	4728
3590	4728
2294	4728
2716	4728
3454	10707
1076	4729
3795	10708
2652	10708
2439	10709
357	10709
1574	4730
2503	4730
732	10710
2302	10710
1831	10711
3412	4731
1995	4731
1683	4732
3011	4732
520	4732
2166	10712
2992	10712
3445	10712
1053	4733
2370	4733
1376	4733
3839	4733
1342	4733
1948	10713
2132	10714
3088	4734
1765	4735
1014	10715
1873	10716
1320	4736
3618	10717
1961	4738
810	4738
3735	10718
2902	4739
1384	10719
1164	10719
2528	4741
2154	4741
2169	4741
2502	4741
691	4742
1819	10720
3106	10721
1043	4743
1497	4743
1858	4743
2041	4743
2749	4743
2315	10722
611	10722
3193	4744
2373	4745
842	4746
2880	4746
2094	4747
3430	4747
2171	4747
2494	4747
2360	10723
2416	4749
1171	4749
3096	4749
3549	4749
2836	4750
1684	4750
1699	4750
3113	4750
3844	4751
1344	4752
3891	4752
2764	4753
2264	4753
2187	10724
3632	10724
2113	4754
2388	4754
2670	10725
1096	10725
2411	10725
2895	10725
2249	4756
2116	10726
980	4757
957	4757
2019	10727
3488	10727
554	10728
3820	10728
2739	4759
3012	4759
1342	10729
2168	10730
3094	10730
2517	4762
1849	4763
2883	10731
2503	4764
3187	4765
2503	10732
2391	10733
3632	10734
1655	10734
3447	10734
253	4767
3721	4767
176	4767
1128	4767
574	4767
118	4767
1761	4767
2394	4767
1424	4767
1951	4767
737	4767
88	4767
2890	4767
1595	4767
747	4767
1902	4767
1811	4767
490	4767
662	4767
368	4767
771	4767
1910	4767
2837	4769
1951	4769
747	4769
357	4769
675	4770
1850	4770
1015	4770
2462	4770
2838	4770
2204	4770
747	4771
1951	10735
3461	10735
357	10735
747	10735
1502	10736
1380	4773
2793	4773
2595	4773
3194	4774
1289	4774
3552	4775
3008	4776
2753	4777
1244	4777
1827	4777
649	4777
2758	4777
1750	4779
2467	4779
1001	10737
1703	10738
2586	10738
2878	4781
1847	10739
2196	10739
925	10740
1309	10741
2702	10742
874	10742
1311	10742
3216	10743
2595	10743
1226	10744
1713	4784
1727	4784
1613	10745
1592	10746
3032	4787
41	4787
562	4787
1527	4787
1767	4787
243	4787
163	4787
1008	4787
286	4787
563	4787
493	4787
558	4787
1666	4787
392	4787
2923	4787
406	4787
275	4788
3032	4788
1638	4788
390	4788
289	4788
287	4788
2399	4788
1532	4788
1666	4788
1631	4788
880	4788
1657	4788
392	4788
1650	4789
550	4789
2392	4789
1798	4789
2044	4789
560	4789
895	4789
1398	4789
1532	4789
740	4789
491	4789
1900	4789
1119	4790
1668	4790
303	4790
493	4790
1964	4790
1767	4790
1121	4790
1570	4790
1664	4790
955	4790
186	4790
2016	4790
2520	4790
1532	4790
836	4790
1637	4790
3854	4790
612	4790
681	4790
3765	4791
3564	4792
456	4793
1990	4793
3705	4793
973	10747
2094	4794
3658	4794
406	4794
1000	4794
975	4794
3729	4794
576	4795
2165	4795
3651	10748
2753	10748
1054	4796
3393	4796
717	4797
1473	4797
2640	4799
2587	4800
3624	10749
2449	10750
1103	4801
3593	4801
55	4801
3680	4801
3328	4801
3756	4801
1417	4801
1833	4802
793	4803
1065	4803
486	4803
2986	10751
3147	10751
3106	4805
2248	10752
2062	10752
2004	4807
2387	4807
3063	4807
1060	4807
944	4807
2876	4807
2867	4807
1383	4807
295	4807
2788	4807
947	4807
428	4807
3647	4807
1057	4807
1257	4807
1466	4808
1832	4808
2114	10753
1456	10754
1052	10754
1010	10754
3618	10755
3447	10755
2844	10755
1380	4810
2791	4810
1503	10756
3770	10757
889	10757
3514	10758
2955	10759
3338	10759
3793	4814
1476	4814
1491	4814
630	4814
594	4814
2919	10760
2782	10761
3155	4816
3083	4816
2165	4816
1507	4816
1497	4817
2696	4817
2749	4817
2041	4817
2097	10762
1497	10762
2998	10762
2749	10762
2106	10763
914	4818
1308	10764
2132	10765
212	4820
2466	4820
1508	4820
2688	4820
1393	4820
1979	4820
131	4820
2160	4820
1104	4820
2918	4820
2348	4820
2350	4820
2646	4820
2172	4820
2425	4820
3048	4820
1387	4820
2191	4820
1010	4820
1498	4820
382	4821
1300	4821
235	4821
1380	4821
2986	4821
2918	4821
2703	4821
1776	4821
865	4821
1253	4822
3585	4822
1615	4822
2523	4822
2127	4822
2458	4822
2303	4823
2295	4823
3585	4823
3507	4823
3828	4824
2572	4824
292	10766
2908	4825
3010	4825
2736	4825
3008	4825
1372	4825
1945	4825
2523	4825
3866	4825
1872	4826
2523	4826
292	4826
2641	4827
2585	4827
898	4827
3546	4827
3013	4827
1376	4827
956	4827
1435	4827
3127	10767
3626	10767
1892	10767
3545	10767
2781	4829
1684	4829
1990	4830
1436	10768
2197	10769
2527	10770
1164	10770
949	10771
3413	10772
1208	10773
440	10773
904	10773
2504	10773
2788	10773
2694	10773
1626	10774
3382	10775
3672	10775
1713	4832
3496	4832
1241	4832
961	4833
1441	4833
2973	4833
2671	4833
3114	4833
1946	4833
387	4833
2433	4834
1199	4834
3114	4834
3504	4834
2694	4834
3488	4834
801	10776
1389	4836
1043	4836
3136	10777
1390	10777
2260	10778
2168	4840
2056	4843
3767	4843
1467	4843
1041	4844
3114	4844
3570	4844
922	4844
412	4844
974	4844
2056	4844
3160	4844
2781	4844
2161	4844
1491	4844
3175	4844
2337	4844
2553	4844
1466	4844
3413	4844
2420	10779
3724	10780
2220	4845
1810	10781
1927	4846
11	10782
589	4848
3147	4848
1695	4848
3082	10783
949	10783
2199	10783
2027	10784
2751	4849
1775	4849
3618	4849
3597	4849
3596	4849
1228	4849
1747	10785
2683	10785
3545	4850
1204	10786
1161	4851
2585	4851
1342	4851
2281	4851
1938	4852
2394	4852
1958	4852
42	4852
457	10787
1278	10788
3633	4854
3431	4854
2535	4854
3304	4854
889	4855
932	10789
1951	10789
2685	10789
1800	10789
2917	4856
2260	4856
2095	4856
3099	10790
1366	10791
2381	10791
3136	10791
1931	10791
3114	4858
2361	4858
3442	4858
3398	4858
1275	4858
3585	4858
2784	4858
420	4858
1673	4859
3136	4859
2377	10792
3062	4861
3799	4861
1713	4861
3288	4861
3516	4861
2558	4861
1393	4864
2397	4864
1013	4864
1723	4864
1027	4865
1394	4865
2035	4865
2819	4866
1444	4866
2504	4867
1696	4867
1824	4867
428	4868
2200	4869
2199	10793
3616	4870
2856	4870
908	10794
2670	4871
3740	4872
436	4872
3488	4872
2879	4872
730	4873
1372	4873
2494	4873
2893	4873
684	4873
3428	4874
875	4876
902	4876
2101	4876
1052	4876
3160	10795
3293	10795
2488	4877
2237	4878
1195	4879
2260	10796
2514	10796
3023	10796
2601	4880
942	4880
3560	10797
179	4881
562	4881
645	4881
199	4881
493	4881
1374	4881
247	4881
1111	4881
667	4881
690	4881
640	4881
2643	4881
1110	4881
1651	4881
798	4881
2907	4881
297	4881
1530	4881
2117	4881
3224	4881
424	4881
1398	4881
436	4881
668	4881
728	4881
567	4881
392	4881
2646	4881
3705	10798
2902	10799
3175	4884
972	4884
434	10800
2899	4886
787	4887
1896	4887
3612	4889
3143	4889
1392	4889
210	4889
905	4889
592	4889
2309	4889
1435	4889
1987	4889
994	10801
2766	10801
1194	4890
200	4890
2394	4890
2575	4890
181	4890
1524	10802
3148	10803
3147	4892
2315	4892
3253	4893
2089	10804
3044	10805
2412	10805
2915	10806
41	4896
1373	4896
409	4896
524	4896
1013	4896
928	4896
2402	4896
327	4896
1183	4896
2356	4896
1614	4896
1133	4896
205	4896
2929	4896
1032	4896
207	4896
1010	4896
612	4898
2061	4899
3365	10807
1016	10808
3859	10808
3199	10809
1730	10810
3615	4900
3457	4901
2909	4901
2619	4902
3724	10811
826	10812
983	10812
2441	10812
1387	4906
1244	10813
185	4907
3442	10814
1729	10814
2577	10815
1449	4910
2123	4910
1231	4910
2946	4910
3866	4910
2281	4910
2826	4910
2243	10816
2676	4911
357	4911
3651	10817
1980	4912
3807	4912
3856	4912
1497	4913
2387	4913
2842	4914
3135	4914
1419	10818
899	10819
2325	10819
86	10819
3538	10819
41	4915
1768	4915
1008	4915
632	4915
512	4915
3629	4915
1965	4915
1398	4915
2576	4915
116	4915
2117	4915
22	4915
265	4915
1669	4915
465	4915
237	4915
682	4916
665	4916
539	4916
304	4916
2822	4916
3629	4916
739	4916
760	4916
1398	4916
646	4916
667	4916
261	4916
377	4916
184	4916
3616	10820
2259	10821
3467	10821
3380	4919
1033	4920
2527	4920
2870	4920
3442	4920
1441	4920
852	4920
2973	4920
2965	4920
2889	4920
2332	4920
2683	4920
3117	4920
440	4920
1592	4920
1684	10822
713	10822
3269	4921
1255	4921
2760	10823
2592	10823
3656	10824
1341	10825
529	4923
2656	4923
3083	10826
3407	10827
2873	10828
3881	10828
172	10829
2605	4928
1621	4928
2171	10830
3071	10831
2898	10831
2108	4929
3062	4930
3752	4930
622	4930
2807	4930
2575	4930
3654	4930
2111	4930
2691	4930
2100	4931
1951	4932
3479	4934
1453	10832
713	4936
1010	4937
684	10833
3091	4939
2979	4940
2982	4940
917	4940
952	4941
2131	4941
1695	10834
994	10835
1695	10836
2668	10837
2985	10837
2524	10838
1951	10839
1010	10839
869	10840
3322	10841
2315	4949
1933	4949
2811	4949
3434	10842
2315	10842
2771	10843
3756	10843
3729	10843
2825	10844
2782	10844
2756	10844
1649	10844
3519	10844
1852	10844
1812	10845
116	4951
243	4951
1287	4951
323	4951
664	4951
2404	4951
576	4951
2840	4952
3599	4952
1720	4952
1543	4952
2982	4952
2517	4952
3782	4953
1071	4953
2203	4953
2509	4953
1560	4953
2303	4955
1266	4955
3752	4955
3782	4955
3026	4955
3618	4955
2669	4955
2906	4955
3458	4955
2488	4955
3599	4955
3384	4955
2594	4955
2805	4955
2075	4955
2447	4955
1313	4955
994	4955
2383	4955
3639	4955
3078	4955
1841	4955
2439	4956
2575	4956
3490	4956
493	4957
1376	4957
1037	4958
2624	4959
2625	4959
2860	4959
2367	4959
2627	4959
908	10846
3581	10846
2795	10846
3269	4961
3589	4961
3267	4961
2224	4962
1789	4963
1091	10847
212	10848
1681	10848
3817	10848
1815	10848
2758	10848
3866	10849
1615	10849
1078	10850
1227	4964
2493	4964
735	10851
3748	10852
2551	10852
2907	10852
237	10852
3254	10853
2661	4966
747	10854
431	4967
920	4967
2685	4967
2964	4967
1635	4967
1848	4967
532	4967
1883	4967
2964	4969
2879	10855
2439	4971
3442	4971
849	4971
1078	10856
649	10857
922	4972
743	4972
2015	4973
3194	4973
1927	4973
2668	4973
929	4973
2651	4973
1482	4974
1033	4974
1675	4974
1022	4974
2214	10858
3028	10858
3194	10858
2273	4975
2508	4976
1847	4976
1745	4976
3807	4976
3103	4976
3764	4978
780	4978
2831	10859
301	4979
1527	4979
1667	4979
550	4979
669	4979
2124	4979
3860	4979
304	4979
14	4979
1110	4979
217	4979
1664	4979
967	4979
2474	4979
2909	4979
2520	4979
1303	4979
695	4979
3202	4980
529	10860
3011	10861
1393	4981
118	4982
387	4983
2496	4983
3540	4983
3561	4984
2034	4985
902	10862
1370	10863
767	4986
3751	4986
2493	10864
2847	10865
3251	10866
2676	10866
3408	10866
3200	10866
3408	10867
1037	10868
2266	4987
3547	10869
1238	10869
3513	10870
56	10871
1465	10871
2515	10872
2760	4990
1870	10873
2852	10873
2160	10874
3404	4991
2983	4993
3637	4993
185	4993
2927	4995
3719	4995
1041	4996
1664	4997
3408	4997
3242	4997
172	4997
3793	10875
1325	10876
780	10876
1091	10877
2736	10877
1644	10877
462	10878
456	4999
534	5000
189	5000
1392	5001
3350	10879
1959	10879
3530	10880
501	5003
1411	5003
2005	5004
2887	10881
2110	10881
2005	10881
2950	5005
791	5006
3089	10882
2719	10882
1865	10882
3290	10882
3890	10883
1222	5009
2234	5009
1191	5009
1216	5009
1951	5011
3693	5011
1625	10884
162	10885
2819	5018
2191	5018
1921	5019
1392	5021
3447	10886
3836	10886
1568	10887
63	5022
747	5022
3420	10888
951	10888
747	10888
3494	5024
1037	5024
1865	5024
2480	5024
1968	10889
3028	10889
2094	10889
609	10889
2198	10889
2589	10889
1301	10889
1808	10889
3819	10889
1538	10890
1695	10890
1350	10890
671	10890
1470	10891
3147	10891
3288	10891
767	5027
2416	10892
2358	5028
3091	5028
2897	10893
2239	10893
3178	5029
3786	5029
2782	5029
443	5029
3125	5029
2462	5029
3758	5029
2087	5030
3795	5031
1979	5031
1393	5031
926	5031
747	5031
3156	5031
3496	5031
972	5031
998	5031
3284	5032
3062	10894
1278	10894
1999	10894
2527	10894
1023	10894
446	10895
1092	10895
2572	5033
2059	5033
2439	5034
1133	5034
301	5036
335	5036
3273	5036
1980	5036
765	5036
957	5036
1121	5036
896	5036
582	5036
3160	5036
331	5036
2220	5036
2672	5036
1000	5036
1113	5036
343	5036
3670	5036
1627	5036
1752	5036
436	5036
572	5036
1532	5036
649	5036
576	5036
3006	5036
771	5036
2646	5036
557	5036
2521	5036
695	5036
2970	5037
3673	5037
2280	5037
3011	5037
1693	5037
1395	5037
3469	5037
1441	5037
2551	5037
3132	5037
1937	5037
2819	5037
1386	5037
2467	5037
2730	5037
2731	5039
1937	10896
2191	10896
1394	5040
917	5040
1990	10897
1770	5042
1589	5042
1695	5042
674	5042
1673	5042
1117	5042
1570	5042
584	5042
3791	5042
159	5042
1500	5042
582	5042
1276	5042
3719	5042
572	5042
2738	5042
366	5042
2053	5042
3038	5042
269	5042
3497	5042
2646	5042
1010	5042
1621	5042
394	5042
3144	10898
2254	5045
1585	10899
3020	5046
3537	10900
440	5047
387	5047
2267	10901
951	10901
3207	10901
3761	5049
1393	5049
1410	5049
3574	5049
3488	10902
3758	5050
1013	5051
1013	10903
2056	5052
3686	5053
1759	5053
3178	5053
2439	5053
676	5053
642	5053
2633	5053
462	5053
3348	5053
2353	5053
2582	5053
2789	5053
822	5053
1815	5053
915	5053
3527	5054
2360	5054
1216	5054
822	5054
1613	5055
3296	5055
3579	5055
1975	5056
3033	10904
2466	5060
2357	5060
743	5060
2451	10905
3548	5062
1713	5063
2636	5063
3817	5064
825	5064
706	5064
3160	5064
2446	5064
3015	5064
2047	5064
3653	5064
1547	5064
1594	5064
2101	10906
2293	10906
2646	10907
2012	5065
2607	5065
3023	5065
2204	5066
1751	10908
2609	10908
2466	5067
2360	5067
1798	5067
2447	5067
2000	5067
1503	5067
3621	5067
2320	5067
2383	5067
2572	10909
575	10909
1037	5068
3091	5068
2982	5068
1975	10910
3575	5069
2201	5070
462	5070
2000	5070
2445	5070
1841	5070
2000	5071
2427	10911
1037	5072
1029	5072
3063	5072
734	5072
2643	5072
2000	5072
2619	5072
3575	5072
3091	5072
1387	5072
1841	5072
3700	5073
1831	5073
2852	5073
575	5073
1483	5073
3091	5073
2517	5073
2831	5074
3841	10912
2679	10913
2136	10914
199	5075
3781	5075
726	5075
1643	5075
349	5075
584	5075
2400	5075
3860	5075
672	5075
688	5075
442	5075
649	5075
1122	5075
387	5075
1900	5075
2237	5075
2032	10915
661	5076
2969	5076
1306	5076
2667	5076
1933	5077
608	5078
770	5078
1540	5078
592	5078
642	5078
1666	5078
647	5078
435	5078
368	5078
1158	5078
478	5078
2466	5079
609	5079
3575	5079
3294	5079
1043	10916
3493	5081
2798	10917
3082	5082
3658	5082
3013	5082
3876	5082
2662	5083
393	10918
3318	10919
2008	10920
3218	10921
425	10921
2255	10921
3015	5085
2436	5085
3015	5086
800	5086
3475	5086
3022	5086
2283	5086
2819	5086
792	5086
3195	5086
3350	5087
800	5087
2138	5087
3381	5087
1810	5087
2666	5087
2646	5087
763	5088
965	5088
985	5088
208	5088
179	5088
1606	5088
632	5088
1110	5088
2520	5088
416	5088
1644	5088
434	5088
3605	5088
678	5088
563	5088
836	5088
649	5088
579	5088
1620	5088
1067	5091
2062	5091
1297	5091
1297	5092
1929	5092
120	5092
2931	5092
688	10922
1297	10922
821	5093
937	5093
2458	5093
3250	5093
1880	5094
1453	5094
649	5094
267	5094
1513	5095
2892	10923
1010	10923
2330	5097
2422	5098
3396	5098
3182	10924
3327	10924
179	10925
1820	10925
1010	10925
968	10925
2429	5099
2624	5101
2367	5101
2625	5101
2763	5102
3575	10926
1305	5104
2062	5105
3152	5105
763	10927
3373	10927
2030	10927
2266	10928
3221	10928
1972	5106
2034	5106
957	5106
3698	5106
2468	5106
2188	5106
2204	5106
3302	5106
3634	10929
1802	5107
2856	10930
2971	10930
1395	10931
1711	10931
1839	5108
3670	5108
3156	10932
1000	10933
1199	10934
3132	10934
3779	5110
1773	5112
1983	5112
2976	5113
736	5115
3252	10935
1870	5117
2539	5117
1482	10936
3178	10936
1295	10936
1289	5118
1812	5118
697	10937
1649	10938
3840	5119
2852	5120
3233	5120
74	5120
1380	5121
3256	5122
1111	10939
2851	5127
2315	5127
1321	5127
2437	10940
3395	10941
2266	10942
3374	10943
1963	10943
3394	10944
3100	10944
1963	10944
2957	10945
771	10945
2966	10946
2886	5129
2272	5131
199	5131
1361	5131
3148	5131
787	5131
787	5132
2341	5133
1388	5133
3044	5133
413	5133
661	5134
2274	5134
3699	5134
1203	5134
294	5134
3245	5134
2218	5134
2428	5134
2379	5134
2127	5134
199	5135
1828	5135
3668	5135
3650	5135
1614	5135
904	5135
753	5135
297	5135
2661	10947
544	10948
2575	10948
2310	10948
2427	10949
1990	10950
3550	10951
3194	5140
3136	5140
3708	10952
3063	5141
935	5142
2749	5142
3115	5143
3256	5143
2749	5143
3154	10953
486	5144
3838	5145
2481	10954
1990	10955
2466	5146
3220	5146
2373	5146
1435	5146
664	5146
3039	10956
882	10956
1508	5147
3782	5147
3513	5147
1327	5147
2197	5148
1365	5148
1990	5148
3254	5149
2950	5150
3158	5150
2677	5150
1887	5150
3348	5150
735	5150
2135	5150
1887	5151
2592	10957
456	5153
1990	5153
2383	5153
1073	5153
3852	5153
3420	10958
2250	10958
1251	10958
1812	10959
1453	5155
2201	5157
2445	5157
2131	5157
3012	5157
2382	5157
940	5158
3850	5158
715	5158
3015	5158
1117	5158
475	5158
3680	5158
2315	5158
1246	5158
2014	5158
3419	5158
1068	5158
1751	5158
1319	10960
1325	5159
3475	5159
735	5159
2592	10961
747	10962
547	10963
3191	10963
76	5160
1470	5160
764	5160
3812	5160
3415	5160
3290	5160
1453	5160
1583	5160
2113	5161
2552	5161
1443	5161
2646	5161
2162	5162
3302	5163
2551	5164
1594	5164
1470	5167
3365	5167
902	10964
902	10965
2781	10966
3096	5168
2287	10967
2096	5170
1357	5170
1969	5170
2749	5170
1117	5171
2317	5171
2737	5171
1164	5171
936	5171
3539	5171
3711	5171
1355	5171
904	5171
3151	10968
1170	10968
1178	10969
2421	10970
3540	5173
2035	10971
995	5174
3194	10972
3053	5175
972	5175
2450	5175
3790	5175
1850	10973
2981	10973
1978	10973
594	10973
1102	5176
1078	5176
1830	10974
393	10974
1367	10975
3589	5178
2781	10976
1687	10977
3260	5180
1033	5180
2292	5180
1558	5180
3684	5180
1216	5180
1083	5181
1694	5182
1380	10978
2023	5183
3079	10979
1136	10979
117	10979
780	10980
1165	10981
1756	5185
1054	10982
3273	10982
2860	5187
2367	5187
2625	5187
2624	5187
2627	5187
2863	5187
1521	5188
722	5188
3738	5188
2386	5189
2795	5189
2164	10983
1703	10983
3281	10983
2414	5190
1035	5190
387	5190
2656	5190
2723	5192
946	5192
2262	5192
3063	5192
1066	5192
3489	5193
3626	5193
1613	5193
3487	5194
3736	5195
1986	10984
3736	10984
2625	10985
2365	10985
2860	10985
3737	10985
2863	10985
2627	10985
1154	10985
2367	5196
2860	5196
2624	5196
2625	5196
2863	5196
2627	5196
3217	10986
3736	10986
1614	10986
3738	5197
3737	5197
2366	5198
2625	5198
2860	5198
1506	5198
2368	5198
2627	5198
2369	5198
3736	5198
2366	5199
2625	5199
2860	5199
2368	5199
2627	5199
3736	5199
2029	10987
3167	10987
3136	10988
1196	5204
1110	5204
657	5204
160	5204
589	5204
1013	5204
70	5204
1286	5204
289	5204
676	5204
1458	5204
592	5204
2340	5204
1015	5204
1908	5204
255	5204
315	5204
559	5204
385	5204
729	5204
881	5204
602	5204
1532	5204
671	5204
442	5204
769	5204
1430	5204
2269	10989
2094	10989
1986	10989
747	10989
687	10989
1494	5209
2443	10990
1754	10990
2786	5211
2228	5212
640	5213
2134	5213
3093	10991
3144	5215
3430	5215
3195	5215
1632	10992
2735	10992
3743	5217
3015	5217
769	10993
323	5220
2512	10994
3332	10994
3123	10995
141	10995
1556	10996
3743	10997
1272	10997
323	10997
747	5221
840	5221
1928	5221
323	5221
3743	5222
747	5223
3269	10998
3733	10998
3442	5224
1192	5224
2390	5224
1130	5224
2555	5224
907	5224
3214	5224
995	5224
120	5224
1470	5225
3525	5226
3099	5226
2359	5226
950	5226
875	5226
3629	5226
357	5226
3889	10999
2075	11000
2246	11001
2658	5229
199	5229
3417	5229
2433	5230
1450	5230
1713	5231
1199	5231
2494	11002
542	11002
2515	5233
2838	5233
3723	5235
2563	5235
1635	5235
865	11003
2957	5236
2370	5236
3095	5236
1361	5236
344	5236
2379	11004
708	11004
1503	11005
3102	11006
2073	5237
2838	5237
769	11007
2976	11007
803	11007
1118	5238
2143	5238
3267	5238
1477	5239
1118	5239
3434	5239
3267	5239
2448	5239
3393	5241
1779	5242
1213	5242
515	5242
3844	5242
393	5242
1010	5242
2723	5244
2262	5244
1382	5244
2630	5244
2145	5244
1216	5244
2120	5244
2802	5244
888	5244
3132	5245
3288	5245
2531	11008
1280	5247
3063	5247
408	5247
889	11009
3072	5248
1056	11010
2276	11010
408	11010
2079	5249
945	5249
3516	5249
3689	5250
2484	5251
3747	11011
2011	11012
1089	11013
2625	5253
1521	5253
2624	5253
2367	5253
2860	5253
2365	5253
2368	5253
808	5254
849	5255
2138	5255
3044	5255
976	5255
3596	5255
2453	5255
3308	5255
2331	5255
3656	5255
3427	5255
1477	5256
1456	5256
3349	5256
1260	5258
1191	5258
2767	5258
1260	5259
3780	5260
1043	5260
3213	5260
923	5260
2712	5260
715	5260
1002	5261
3890	5261
1325	5261
615	5261
2577	11014
1536	11015
939	11015
3449	5263
2342	11016
2761	11017
3532	5264
2641	5265
2668	5266
3795	5266
2194	5267
2557	5268
3200	5268
1178	11018
1484	11019
1007	11020
554	11021
2934	11022
2942	5269
480	5269
1033	5270
1154	5271
1747	11023
3565	5272
1995	5272
3295	5272
3794	11024
2970	11025
3419	11025
3640	5273
1951	11026
1767	5275
217	5275
2220	5275
131	5275
957	5275
711	5275
512	5275
1294	5275
1911	5275
226	5275
2117	5275
277	5275
1115	5275
771	5275
478	5275
2175	5275
20	5275
1454	5276
2266	5276
1104	5276
1500	5276
764	11027
3443	11027
2462	11027
786	11027
1105	11028
3436	5277
985	5278
1347	5278
1510	5278
765	5278
632	5278
1110	5278
3687	5278
1275	5278
2044	5278
1515	5278
1091	11029
3476	11030
3196	11030
3212	5279
170	5279
2496	5279
3644	5279
2493	5279
1973	11031
1951	11031
618	11032
3203	11032
2088	11032
1719	11032
1614	11032
3079	11033
928	5282
3460	5282
2735	11034
715	11035
1133	11035
2119	11036
1930	5283
1318	5284
3489	5284
3082	5284
1713	5284
2781	5284
1360	5284
1470	5284
1117	5284
3285	5284
2664	5284
174	5284
3731	5284
3172	5284
974	5284
3794	5284
2457	5284
3470	5284
2328	5284
2144	5284
1880	5284
1404	5284
3054	5284
3545	5284
1463	5284
2699	5284
1079	5284
1931	5284
2977	5284
2775	5284
1386	5284
440	5284
2280	5284
3070	5284
3314	5284
1856	5284
1757	5284
3523	5284
1257	5284
3153	5284
3194	5284
1894	5284
841	11037
2391	11037
2442	11038
447	11039
462	11040
1199	11041
1200	11041
3081	11041
3273	5286
121	5286
2291	5288
2387	5288
3612	5288
2048	5288
2973	5288
1868	5288
1986	5288
3052	5288
3036	5288
128	5288
3876	5288
630	5288
2915	5288
3750	5288
2980	5288
1928	5288
2384	5288
1725	5288
3677	5288
447	5288
2511	5288
965	5289
2959	5289
1380	5289
3796	5289
1612	5289
1166	5289
199	5289
1161	5289
2426	5289
1979	5289
1880	5289
2551	5289
2965	5289
3160	5289
1388	5289
2117	5289
2544	5289
787	5289
926	5289
2703	5289
3496	5289
1715	5289
2425	5289
1466	5289
1725	5289
2331	5289
1387	5289
199	11042
613	11042
3577	5290
3042	5291
2537	5291
2782	5291
2922	5291
2781	5291
1462	5291
2899	5291
822	5291
1614	5291
2697	5291
1452	5291
612	5291
3194	5291
3214	5292
2527	5293
3794	5293
811	5293
3247	5293
3194	5293
649	5294
2228	5294
1501	5294
3513	5294
2184	5294
357	5296
464	5298
302	5299
1521	5299
763	5299
113	5299
659	5299
957	5299
806	5299
161	5299
1695	5299
562	5299
1792	5299
290	5299
2030	5299
434	5299
598	5299
835	5299
1649	5299
1883	5299
664	5299
895	5299
803	5299
612	5299
695	5299
185	5299
2837	11043
2931	11043
3613	5300
3374	5301
2468	5301
3449	5302
2215	5302
3101	5302
2714	5302
1464	5303
2964	11044
1456	11044
933	5305
3847	5305
3866	5305
2204	5306
176	5308
235	5308
710	5308
690	5308
1110	5308
3628	5308
531	5308
1661	5308
603	5308
1521	5308
151	5308
684	5308
389	5308
1776	5308
25	5308
172	5308
3628	5309
3864	5309
1661	5309
2360	5310
425	5310
2719	5313
3732	5313
2982	5314
3155	5316
3499	5316
2035	5316
3472	5316
2933	5316
1808	5316
2634	5317
199	5317
2315	5317
922	5317
1488	5317
3861	5317
610	5317
436	5317
2933	5317
3052	5318
2965	5318
1890	5318
929	5318
957	5319
1564	11045
1962	5320
3155	5320
270	5320
3402	5320
1089	5320
2837	5320
3658	5320
649	5320
486	5320
2457	5321
1065	5321
1126	5321
3147	11046
130	11046
299	11046
3318	11046
3729	11047
3147	5322
684	11048
2089	11049
3147	5323
2089	11050
3147	5324
1054	11051
649	11051
1944	11051
2677	11052
128	5327
1008	11053
3615	5333
2704	5334
1423	5334
263	5334
764	5334
2391	5334
726	5334
406	5334
712	5334
504	5334
699	5334
835	5334
350	5334
373	5334
583	5334
499	5334
1836	5334
1796	5334
496	5334
2773	11054
756	5335
2781	5336
1951	11055
671	11056
1251	11056
3671	11056
1776	11057
1872	5338
235	11058
899	5339
859	5339
2791	5339
821	11059
2874	11059
2237	11060
1914	11061
179	11062
3459	11063
1739	11064
3782	5343
921	11065
969	11065
3443	11065
2527	5345
3380	5348
3355	5348
2749	5348
2247	5348
2652	5350
3601	5353
2456	11066
2624	5355
2625	5355
2779	5355
2860	5355
2366	5355
2863	5355
2626	5355
2627	5355
2780	5355
2932	11067
2737	11067
1472	11067
1790	11067
1951	11068
3459	11068
1342	11068
1403	11069
1951	11069
3157	5356
1455	5356
2466	5358
2260	5358
1081	5358
1499	5358
1069	5358
896	11070
3512	11071
3086	11072
1037	11073
1594	11074
416	11074
476	11075
1826	11076
393	11077
393	11078
3825	11079
416	11080
2527	5363
1017	5363
3095	5363
2320	5367
1830	5369
1136	5369
2970	5369
1449	5369
787	5369
808	5369
3850	5370
3018	11081
1376	11081
3619	11082
3351	11082
3794	11083
875	11084
2768	11084
2678	11085
3561	11086
3010	11087
1010	11087
1836	5373
3173	5374
855	11088
3344	11088
1709	5376
974	11089
1151	11090
1452	5377
1248	5377
1152	5377
1388	5377
1105	5377
2737	5377
1304	5377
1314	5377
1637	5377
2560	11091
3421	5378
199	5378
2781	5378
1713	5378
3044	5378
1576	5378
2775	5378
3496	5378
2319	5378
1831	5379
3155	5379
2973	5379
1487	5379
3194	5379
1178	5380
1576	5380
252	5380
1466	5380
3779	5380
2648	5380
1462	5382
805	5383
3496	5383
2635	11092
1990	11092
1220	5384
2505	5384
1951	5384
807	5384
3693	5384
1951	5385
751	11093
747	11094
3383	11094
2698	11095
1921	5387
2957	5388
2535	11096
2186	5390
2475	5390
3154	5390
1873	5391
1990	11097
747	5392
3691	5393
129	5393
1	5393
2268	5393
3005	5393
213	5393
649	5393
743	5393
2009	5393
359	5393
2152	5393
3318	5393
2766	5393
1971	5393
1328	5393
3735	5393
1456	5393
3070	5393
305	5393
2226	5394
2739	5394
3588	5395
1081	5395
2191	5395
2448	11098
780	11098
1615	11098
3619	5396
3612	5396
3597	5396
3358	5396
1826	5396
2260	5396
1904	5396
2315	5396
3143	5396
412	5396
2840	5396
3470	5396
3884	5396
2718	5396
2000	5396
3548	5396
3440	5396
1615	5396
3358	11099
3668	11100
2013	5397
2849	5397
1619	5397
914	5397
2607	5397
2294	5397
2595	5397
314	11101
3432	11101
2266	5399
128	11102
2413	11102
1092	11103
2882	11104
1481	5401
769	11105
1010	11105
3539	11105
1951	5402
1951	5404
3112	5404
3196	5404
3171	5404
1342	5404
3693	5404
2510	5404
2601	11106
3423	11107
2022	11107
3281	11108
3194	11108
2040	11109
3677	11109
516	5406
2221	5406
3449	5406
604	11110
3780	11110
3510	5407
3795	5407
387	5407
3494	11111
2260	11111
3269	11111
1557	11112
2765	11112
1621	5408
1470	5409
2879	11113
357	11114
777	11114
3613	5410
220	5410
2589	5410
914	5410
2212	5410
3347	5410
3194	5410
2640	5411
3059	5411
917	5411
1006	11115
884	11116
1752	11117
2466	5413
3151	5413
1138	11118
131	11119
2816	5414
1016	5414
2874	5415
1167	11120
3636	11120
747	11121
2370	11122
1756	5417
3577	5418
2466	5418
2260	5418
2164	5418
2527	5418
2374	11123
3541	11124
3188	11124
3089	5419
3178	5419
3144	5419
920	5419
1305	5419
1211	5419
371	5419
3467	5419
2475	5419
780	11125
1049	11125
3084	11125
358	11126
2598	11127
742	11128
2388	11128
517	11129
3324	11129
997	11129
957	5421
3000	5421
3016	11130
2101	11130
2138	11130
2907	11130
2685	11130
2117	11130
1169	11130
426	11130
1572	11130
2321	11130
896	5422
2564	5422
199	11131
3117	11131
2433	5424
649	5424
3136	5424
1199	11132
925	5425
1979	5426
1786	5426
2551	5428
3269	11133
1938	11133
2052	11134
2334	11134
1061	5429
2387	5429
2938	5429
1577	5429
1497	11135
2777	11135
2058	11135
428	11135
1220	5430
3180	5430
747	5430
2572	5430
3279	11136
1604	11137
1125	11137
1125	11138
711	11139
1632	11139
891	11139
3718	11139
3436	11140
2649	5432
3674	5432
2459	5433
41	5433
2585	5433
632	5433
932	5433
1503	5433
2000	5433
2852	5433
292	5433
512	5434
1765	5434
3686	5435
3011	5435
624	5436
2147	5436
1327	5436
1924	11141
3308	5438
3695	11142
2855	11143
2047	11143
1847	11143
787	5439
3431	11144
3038	5441
1373	5442
208	5442
985	5442
3462	5442
671	5442
1032	5442
460	5442
955	5442
300	5442
995	5442
2774	5442
226	5442
494	5442
3497	5442
1761	5443
540	5443
1348	5443
433	5443
3415	5443
1632	5443
1621	5443
344	5443
2705	5443
647	5443
185	5443
3676	5443
878	5443
775	5443
2521	5443
3497	5443
2492	5444
767	5444
953	5444
267	5445
675	5446
660	5446
3791	5446
1014	5446
592	5446
767	5446
928	5446
2589	5446
1083	5446
926	5446
3534	5446
1947	5446
566	5446
3440	5446
2812	11145
3112	11145
2902	11145
3715	11145
2355	11146
3702	5447
2987	11147
3698	11148
1892	5449
1381	5450
1280	5450
1236	5450
1869	5450
1864	5450
3371	5450
1056	5450
2869	5450
2348	5451
1283	5451
2331	5451
3558	11149
2451	5454
3141	5455
1708	5455
3558	5455
2451	5456
1931	5456
2787	11150
3213	11150
3213	11151
2684	11152
3423	5457
2508	5458
1053	5458
2513	5458
1030	5458
1362	5458
3008	11153
3346	11154
1684	11155
876	11155
2664	11156
3612	11157
3337	11157
3474	11157
2387	11158
1896	11159
3291	11160
3447	5460
280	5460
1687	5461
2354	5461
1065	5462
2144	11161
1854	11161
1065	11161
1057	11161
1868	11162
2971	11162
1106	5463
3391	5463
1056	5463
2447	5463
2015	5464
3015	5464
1342	5465
2172	5465
1958	5467
3168	5467
2064	5467
693	5467
3471	5468
2634	5468
1222	11163
3214	11164
1065	11165
1409	11166
1380	11167
2331	5473
2000	5473
684	5473
3649	11168
2567	11168
2303	5474
969	5474
458	5475
3160	5475
1871	5475
674	5476
1638	5476
1509	5476
330	5476
1633	5476
304	5476
812	5476
3664	5476
1510	5476
372	5476
379	5476
799	5476
226	5476
425	5476
344	5476
494	5476
416	5476
2401	5476
641	5476
281	5476
3854	5476
771	5476
1883	5476
394	5476
681	5476
505	5476
1669	5476
1287	5477
339	5477
308	5477
1298	5477
710	5477
1186	5477
559	5477
2392	5477
539	5477
1458	5477
592	5477
551	5477
577	5477
378	5477
921	5477
1110	5477
390	5477
0	5477
1536	5477
1549	5477
503	5477
555	5477
117	5477
3726	5477
2962	5477
1480	5477
1532	5477
442	5477
2934	5477
275	5477
371	5477
671	5477
556	5477
23	5477
1580	5477
861	5477
505	5477
2134	5479
1951	5479
3178	5480
354	5481
3512	5481
1557	5481
2504	5481
3156	5481
2630	5481
1557	5482
609	11169
3693	11169
2018	11170
1282	5483
944	5483
3658	5483
1754	5483
1281	5483
1282	11171
1056	11171
1141	11171
3256	11172
3754	11172
1397	5484
3405	11173
1963	11174
2244	5486
757	5486
3757	5486
3140	5486
3850	5487
3851	11175
191	11175
2609	11175
185	11176
2758	11176
2719	5488
1326	5488
3440	5489
2251	11177
3144	11177
283	11177
515	11177
231	11177
3413	11177
1028	11177
3201	5490
3194	5491
3470	5492
965	11178
3811	5494
1730	11179
3444	5496
1552	5497
2483	5497
717	5497
1201	5497
2366	5498
2625	5498
2779	5498
2860	5498
2627	5498
2368	5498
2369	5498
2896	5500
3794	5500
2643	5500
3132	5500
2185	5500
3671	5500
3535	5500
2936	11180
1456	11181
2746	5501
2411	5501
2384	5501
2233	5501
796	5501
1713	11182
1264	11183
2646	11184
1480	11184
2055	5503
2387	5504
2988	5504
3675	5505
1470	5505
979	5505
2387	5506
3675	5506
945	5506
1470	5506
2582	5506
979	5506
1582	5507
317	5507
1420	5507
235	5507
1695	5507
988	5507
401	5507
436	5507
572	5507
646	5507
366	5507
333	5507
769	5507
649	5507
2433	5508
3350	5508
3570	5508
1283	5508
2542	5508
1956	5508
3504	5508
1444	5508
2507	5508
3309	5509
2231	5509
1845	5509
2807	5509
3748	5510
3206	5510
1993	5510
3053	5510
2425	5510
3095	5510
649	5510
3665	5511
3597	5511
3246	5511
3261	5511
3070	5511
517	5511
2996	5511
2229	5511
1904	5511
2275	5511
3440	5511
3031	5511
1976	5511
1133	5511
1342	11185
3374	5512
468	11186
170	5513
2629	5514
1678	5515
3404	5515
2624	5515
830	5515
1267	5515
3752	5515
2625	5515
2860	5515
2259	5515
2367	5515
2863	5515
2627	5515
2626	5515
947	5515
2411	5515
2861	5515
2780	5515
1997	5515
3736	5515
1686	5515
2063	5515
1056	5516
2530	5516
222	5516
3756	11187
1953	5517
2197	5519
2629	5519
3346	5519
1004	5519
1056	5519
222	5519
3696	11188
1861	11188
3464	11188
281	5520
2061	5520
2957	11189
2197	5521
3019	5521
3256	5521
3346	5521
1056	5521
2629	5521
222	5521
3869	5524
3776	11190
3205	11191
811	5525
1220	5527
1694	5529
924	11192
3604	11193
2482	5531
723	5531
2202	5533
3761	5534
751	5534
3205	5534
3194	11194
2898	11194
3327	11194
1222	5535
2231	5535
973	11195
235	11195
3269	11195
1440	11196
1382	5536
2585	5536
2057	5536
3650	5536
3813	5536
387	11197
661	5537
2756	5537
1220	5537
3653	5537
2462	5537
2281	5537
1594	5537
2227	11198
524	11198
1078	11199
3031	11200
3147	11201
3147	11202
3827	11203
2545	11203
2364	5538
2116	5538
2645	5539
2771	11204
3425	5540
2666	5542
3756	5543
2790	5543
3756	11205
2790	11205
3369	11205
984	11205
3774	11206
1557	11207
1559	5545
3160	5546
1559	5546
2020	5547
1343	5547
3545	5547
3756	5548
889	11208
2879	11209
3700	5549
2974	5549
410	5549
2305	5549
170	11210
2935	5550
2531	5550
2837	5550
1588	5550
2875	5550
840	5550
3719	5550
1353	5550
207	5550
3080	11211
2879	5552
2245	11212
1794	11213
3370	5555
1502	5555
1283	5555
3273	5555
2868	5555
3039	5555
2781	5555
1854	5555
3522	5555
3269	5555
2773	5555
2457	5555
2839	5555
2645	5555
3563	5555
2326	5555
1233	5555
3496	5555
2775	5555
2356	5555
576	5555
1386	5555
387	5555
3147	11214
70	11215
2101	11215
1053	5556
3855	5556
1118	5556
2599	5556
2685	5556
2902	5556
576	5556
764	5557
3494	5557
3292	5557
2332	5557
1361	5557
2204	5557
1010	5561
1848	5561
2743	5562
1481	5562
2907	5562
2527	5562
199	5562
2782	5562
2033	5562
3206	5562
1395	5562
1441	5562
3269	5562
1372	5562
2332	5562
1956	5562
2845	5562
2218	5562
2442	5562
1845	5562
1466	5562
434	5562
3809	5562
3383	5562
2425	5562
1361	5562
3450	5562
2697	5562
906	5562
3504	5562
2204	5562
3752	5562
976	5562
3114	5562
3070	5562
1056	5562
2281	5562
387	5562
2507	5562
3114	5563
2277	5563
1946	5563
787	5563
3450	5563
3468	5564
670	5564
1283	5564
3261	5564
1872	5564
2504	5564
3169	5564
1904	5564
1446	5564
1203	5564
1040	5564
1043	5564
2973	5564
2965	5564
935	5564
1022	5564
1388	5564
2687	5564
3222	5564
1217	5564
3514	5564
2902	5564
1906	5564
3654	5564
963	5564
3106	5564
1614	5564
3167	5564
3369	5564
2690	5564
2538	5564
120	5564
3031	5564
2191	5564
3594	11216
3200	11216
3147	5565
2018	5565
3107	5565
998	11217
1172	11217
787	11217
3587	5567
2164	5567
609	5567
3267	5567
2462	5567
1473	5567
2607	5567
279	5568
2807	5569
1004	5569
2629	5570
3063	5570
1053	11218
2762	11218
3476	5571
2115	5571
2983	5571
3879	5571
2451	5571
2281	5571
3188	5572
1713	5572
2203	5572
1921	5572
2743	5572
2904	5572
2152	5572
664	5572
800	5573
1760	5573
711	5573
1621	5573
642	5573
934	5573
1560	5573
1075	5573
2580	5575
983	5575
3063	5576
3008	5576
2904	5576
2328	11219
3063	5577
2983	5577
2402	5577
1506	5578
2897	5578
3470	5578
1344	5578
3132	5578
2775	5578
3288	5578
2075	5578
2066	5578
566	5579
2635	5579
235	11220
2597	5580
915	5580
2857	5580
1852	5580
2717	11221
2317	11221
3481	11221
1376	5581
1055	5581
172	5581
3519	11222
2106	11223
983	11224
3402	5582
1243	5583
1181	5583
592	5583
2635	5583
3844	5583
3149	5583
2718	5583
2866	5583
3729	5583
2524	5583
1390	5583
1760	11225
3053	11226
3471	5584
2619	5584
2331	5584
3679	5585
3042	5586
3079	5586
1771	5586
357	5586
413	5587
1345	5587
179	5588
3201	11227
1831	5589
2018	5589
1849	5590
3755	5590
454	5590
2714	5590
3430	11228
3528	11229
295	11230
3506	11231
3009	11232
2887	11232
2051	11232
1703	11233
1775	11234
3383	11234
3674	11234
387	11234
844	5593
3420	5593
2527	5593
3095	5593
3201	5594
651	5594
1042	5595
2736	5595
2979	5595
1331	5595
3521	5595
2315	5595
2328	5595
3160	5595
3799	5595
811	5595
2383	5595
2131	5595
3558	5595
1148	5595
344	5595
2699	5595
1533	5595
3861	5595
2545	11235
3742	11236
3784	11236
2760	5596
1054	5596
662	5596
1750	5596
1263	5596
2564	5596
3719	5596
490	5597
1633	5597
263	5597
1413	5597
324	5597
1589	5597
1592	5597
1139	5597
2117	5597
727	5597
3145	5597
2503	5597
828	5597
583	5597
2331	5597
367	5597
194	5597
376	5597
772	5597
220	5598
3436	5598
3258	5598
2735	5598
292	5598
3674	5598
3470	5599
3132	5599
2242	5599
10	5600
896	5600
2545	11237
3510	11237
3784	11237
3521	11238
3132	11238
3857	11238
1141	11238
3094	11238
2781	11239
3203	11239
1434	11239
3897	5601
2564	5601
3377	5601
747	5601
1362	5601
3443	5601
2858	5601
179	5602
3635	5602
3496	5602
438	5602
780	5602
1456	5602
868	5602
511	5602
3742	5603
3784	5603
76	5604
983	5604
2908	5604
2973	5604
2018	5604
2719	5604
3233	5604
3758	5604
228	5604
3194	5604
2982	5604
2135	5604
3510	5605
3132	5605
3898	5605
3247	5605
3286	11240
2799	11240
3257	5606
3327	5606
712	5607
3151	5608
1091	5609
1473	11241
2433	5610
2351	5610
1318	5610
1359	5610
1206	5610
3255	5610
3059	5610
2476	5610
3522	5610
1713	5610
1055	5610
1257	5610
3194	5610
408	5610
1087	5610
3288	5610
1997	5610
185	5610
2888	5611
1448	5611
1252	5612
2300	5612
3750	5612
2397	5613
559	5613
833	5613
2703	5613
1508	11242
1022	11242
3062	5614
3063	5614
974	5614
3470	5614
1602	5614
1342	5614
2691	5614
3288	5614
1205	11243
2953	5617
1880	5618
2809	11244
2758	11245
3490	5621
2447	5621
1356	11246
432	11247
3545	5623
2286	11248
3332	11248
2585	11248
3819	11248
1150	11248
2447	11249
1807	11250
1951	5626
2164	11251
387	5630
2419	5631
693	5631
3147	5633
3552	11252
3316	11253
3256	5634
2827	11254
3889	11255
2260	11256
1713	5636
3127	5636
3028	5636
2422	5636
867	5637
1166	5637
2564	5637
3301	5637
3190	5638
816	5638
225	5638
3871	5638
2599	5638
2932	5638
1433	5638
3513	5638
609	11257
3513	11257
2968	11258
2968	11259
3222	5643
3510	11260
1065	11260
3618	5646
1497	5646
1099	5646
1918	5646
1803	5646
1724	5646
730	5646
2889	5646
2548	5646
3750	5646
1382	5646
2276	5646
3098	5646
2777	5646
749	5646
353	5646
2041	5646
3075	5646
2345	5646
2337	5646
1065	5646
1058	5646
626	5646
2802	5646
1252	5646
1855	5646
3308	5646
1555	5646
3485	5647
3791	11261
1010	5648
3082	5649
1042	5649
2606	5649
3812	5649
3783	5649
1030	5649
1581	5649
3299	5649
3534	5649
3049	5649
3682	5649
3724	5649
3447	5649
3554	5649
339	5650
562	5650
561	5650
589	5650
1292	5650
1287	5650
1109	5650
1110	5650
581	5650
1632	5650
406	5650
1296	5650
733	5650
1606	5650
319	5650
310	5650
539	5650
1426	5650
1661	5650
990	5650
654	5650
671	5650
116	5650
2740	5650
678	5650
1644	5650
402	5650
2738	5650
1531	5650
1532	5650
1670	5650
442	5650
509	5650
1671	5650
181	5650
486	5650
292	5650
593	5650
687	5650
246	5650
681	5650
1297	5651
1667	5651
562	5651
561	5651
1521	5651
347	5651
1287	5651
339	5651
302	5651
773	5651
450	5651
2124	5651
2220	5651
406	5651
539	5651
585	5651
174	5651
1661	5651
0	5651
1013	5651
733	5651
671	5651
555	5651
343	5651
678	5651
503	5651
121	5651
570	5651
509	5651
1531	5651
485	5651
1183	5651
1671	5651
116	5651
1122	5651
237	5651
42	5651
2398	5651
245	5651
1172	5651
1430	5651
1735	5651
314	5651
1538	5652
339	5652
1521	5652
1287	5652
710	5652
2124	5652
493	5652
501	5652
562	5652
1898	5652
347	5652
539	5652
585	5652
471	5652
2322	5652
324	5652
999	5652
159	5652
1013	5652
406	5652
237	5652
509	5652
1122	5652
343	5652
555	5652
485	5652
1671	5652
402	5652
1637	5652
42	5652
116	5652
1430	5652
321	5652
576	5652
334	5652
1735	5652
1521	5653
1287	5653
339	5653
302	5653
449	5653
199	5653
442	5653
18	5653
406	5653
671	5653
116	5653
1172	5653
539	5653
1606	5653
174	5653
2220	5653
1013	5653
537	5653
70	5653
733	5653
1110	5653
562	5653
561	5653
1430	5653
678	5653
402	5653
555	5653
573	5653
1531	5653
485	5653
1665	5653
1671	5653
1782	5653
570	5653
334	5653
1594	5653
237	5653
586	5653
120	5653
181	5653
314	5653
622	5655
2782	5656
2783	5656
952	5656
3059	5656
1212	5656
3025	5656
1395	5656
1388	5656
972	5656
357	5656
3876	5656
3768	5656
3710	11262
1694	11262
1010	11263
2750	5657
3193	11264
1056	5658
2414	5658
3092	5658
387	5658
3263	11265
3151	5659
3871	5659
3483	5659
2230	5660
1010	5660
1066	11266
3274	5662
3592	5662
2439	5662
2447	11267
1326	11267
3651	5663
2915	5663
2135	11268
2187	5664
847	5665
3467	5665
1435	5665
3720	5666
1353	5666
447	5666
1091	11269
1010	11269
1273	5669
3642	5669
1273	5670
1508	11270
857	11270
3576	11270
3186	5672
1792	5673
3720	5673
472	5673
3782	5673
1751	11271
2955	5674
3682	5674
2768	11272
626	5675
1360	5675
3756	5676
1934	5676
2885	5676
2806	11273
3545	11273
2795	11273
626	11273
2603	11273
1195	11274
1740	11275
1380	5679
3289	5679
2188	5679
2791	5679
2966	5679
3364	5679
2312	5679
2913	5680
1309	5680
2979	5681
2775	5681
3119	5681
3758	5681
1687	5681
1058	5682
2015	5683
744	5683
975	5683
1531	5683
3711	5683
2331	5683
2649	5683
3847	11276
872	5684
2486	5684
974	5684
2198	5684
1387	5684
2204	5684
2826	5685
3666	5686
713	5686
3273	5686
849	5686
3201	5686
2664	5686
2941	5686
2056	5686
2411	5686
1105	5686
2071	5686
2954	5687
3096	5687
1420	11277
2424	5688
1987	5689
2468	11278
2718	11278
3515	11278
649	5690
610	5692
2709	11279
1278	11280
3696	11280
3390	11280
1497	5694
1987	5694
185	5694
997	5695
3751	5695
2248	5696
2770	5696
2773	5696
913	5696
3173	5696
735	5696
162	5697
3480	5697
3654	5697
2371	5699
1393	5699
1632	5700
2268	5700
1684	5700
3794	5700
2476	5700
2138	5700
711	5700
1013	5700
1581	5700
2687	5700
3306	5700
426	5700
2932	5700
2575	5700
2215	5700
1091	5700
3735	5700
2985	5700
2175	5700
632	11281
1100	5703
1242	5703
2538	5703
3427	5703
1613	11282
2542	11282
1354	11283
1468	11283
2429	11283
443	5705
2132	11284
3005	5709
3114	5709
3836	5709
1386	5709
1828	5709
1078	5709
2439	5709
3160	5709
2411	5709
3669	5709
1150	5709
2835	5710
814	5710
1342	5710
566	5710
3429	5711
1928	5711
829	5711
1808	5711
2537	5712
2782	5712
1681	5712
1675	5712
1979	5712
412	5712
2645	5712
2512	5712
3160	5712
3054	5712
2719	5712
3273	5712
3108	5712
3472	5712
3536	5712
1206	5712
2204	5712
1947	5712
2670	11285
2717	11285
2056	11285
3308	11285
2079	5713
2719	5714
2118	5714
3218	11286
3832	5715
2431	11287
3612	5716
2634	5716
2036	5716
358	5716
387	11288
2911	5717
713	5717
2026	5717
3420	5717
2672	5717
972	5717
3487	5717
1713	5718
730	5718
2582	5718
3781	11289
2580	5719
3253	5720
3400	5721
539	5721
3844	5721
928	5721
1364	5722
2224	5723
2598	5723
3716	5724
3716	5725
2444	11290
3705	11290
3513	11291
1615	11291
3704	11292
1189	11292
3205	11292
113	5727
3744	5727
2424	5727
3526	11293
2224	5728
3526	11294
2116	11295
2640	11296
2853	11296
780	5729
2281	5731
2033	5732
3334	5732
2218	5732
1752	5732
3426	5732
1962	5734
3334	5734
3691	5734
2476	5734
3162	5734
3162	11297
1380	5735
3398	5735
2476	11298
3334	5736
2476	5736
2994	5736
184	5736
2654	11299
716	5738
3073	5738
1453	5738
2358	5740
3618	5740
174	11300
1010	11301
3048	11301
921	5742
1078	5742
3290	5742
1546	5742
3021	5742
2282	5742
2759	5742
3408	11302
200	11302
3795	11303
1286	11303
194	11303
3402	5743
2753	5744
1865	5744
1544	5744
1129	5744
2554	5744
403	5744
3231	5744
1238	5744
1619	5745
926	5745
3721	5746
926	5746
3391	11304
983	5747
859	5747
1355	5747
1594	5747
2869	5748
2038	5749
2750	5749
3442	5750
2331	5750
2660	5750
1891	5751
3028	5751
2094	5751
1760	5751
3329	5751
1307	5751
2304	11305
3436	11305
611	11306
1342	5752
1281	5753
3526	11307
1342	5756
410	11308
3648	11308
1847	5757
2285	5758
3306	11309
401	11309
2131	11310
3740	11310
952	5759
3016	5759
3036	5759
1990	5759
1313	5759
3852	5759
2028	11311
2753	5760
612	5760
2869	5760
3442	5761
2192	5761
780	5762
1050	5762
1050	5763
1477	5765
3515	11312
751	5767
1550	5768
2658	5769
664	5769
2545	5770
425	5770
3559	11313
3323	11314
1506	5772
2751	5772
3382	11315
3382	11316
3658	5775
3477	5775
2380	5776
3612	5778
1870	5778
2574	5778
1865	5778
3707	5778
787	5778
1081	5778
3844	11317
1550	5782
3339	5783
2675	5783
3695	5783
1380	11318
2842	11318
1078	11319
3048	11319
17	11319
780	11320
3725	5784
1470	5785
2476	5785
82	5785
3809	5785
2057	5785
938	5785
428	5785
2143	5785
1831	11321
3875	5787
1397	5787
3033	5787
1343	5787
2259	5787
2501	5788
2386	5788
1252	5788
315	5788
1387	5789
751	5789
1010	5789
1586	11322
3587	5790
1538	5791
2955	5791
1422	5791
1033	5792
657	11323
2045	5793
922	5793
2164	5793
2036	5793
3728	5793
185	5793
113	5794
1767	11324
1972	11324
661	11324
1862	11324
3527	11325
1212	11325
1133	11325
3194	11325
2781	5795
3588	5795
3844	5795
2902	5795
1342	5795
1951	11326
3693	11326
449	5797
3515	5797
3148	5797
1951	5798
1342	5798
3454	5798
3159	11327
3844	11327
3112	5799
3693	5799
1739	5799
3844	11328
3459	5801
142	11329
1721	5803
3411	5803
3882	5804
2680	5804
3194	11330
2132	5806
3607	11331
747	11332
1000	5808
357	5808
1010	5808
986	11333
1130	11334
2483	11335
2462	11335
3040	11335
1487	11336
199	5812
811	5812
2703	5812
787	5812
2188	5812
2916	5812
2081	5812
443	5812
3369	5812
1919	11337
1378	11338
1338	11339
3183	11339
1702	11340
3278	11341
976	5814
1875	5814
2146	5814
1241	5814
1577	5814
2204	5814
1288	11342
1047	5815
3514	5815
2252	5816
3527	5816
1248	5816
3271	5816
652	5816
1794	5817
1084	5817
2824	11343
1213	5818
3298	5818
3352	5819
1998	5819
893	5821
1172	11344
2280	11344
3557	11344
3471	11345
3734	5823
2275	5823
663	5823
2199	11346
3460	11346
3807	11347
425	5824
2918	11348
2737	11348
1978	11348
3334	5826
1958	5828
396	5828
3537	5828
1765	11349
3662	11350
2781	11351
3151	11351
2202	11352
1573	11353
544	5831
1594	11354
785	5832
3215	5833
2246	5833
2890	5833
1832	5833
3823	11355
3071	11356
3656	5834
3695	5835
525	5835
3695	11357
1792	11358
2143	11358
2524	5836
3823	5836
2383	11359
2524	11359
1342	11360
2213	11361
235	11362
2212	11362
2424	11363
2134	11364
2524	11364
2000	11364
3347	11365
1831	5837
2563	11366
2188	11367
1686	11367
2699	11367
811	11368
2793	11368
2261	11368
2941	5841
3829	5841
2685	5841
2159	5841
511	5841
3116	5841
2866	5842
3829	5842
907	5842
1817	5842
1224	5842
3443	5842
461	5842
3116	5842
3658	5843
747	5843
2961	5843
417	5843
3868	5844
2879	5844
811	5845
3855	5846
2036	5846
2463	5846
2934	5846
1205	5848
696	5849
2280	5849
3749	5849
3005	5850
3642	5851
2320	5851
3545	5851
649	5851
1380	5852
2644	5852
2907	5852
849	5852
2311	5852
2990	5852
2798	5852
2519	5853
2712	5853
344	5853
2411	5853
3516	5853
2131	5853
1435	5853
3217	5854
2029	5854
1147	5854
2176	5854
2625	5854
1557	5854
3794	5854
2983	5854
945	5854
2860	5854
2203	5854
661	5854
3132	5854
3545	5854
1225	5854
2863	5854
2627	5854
2561	5854
2368	5854
2977	5854
1712	5854
323	5854
2780	5854
3736	5854
786	11369
2777	11369
3135	5855
314	5855
2508	5856
162	5856
3001	5856
3393	5857
1790	5857
2961	5857
2685	5858
113	11370
191	11370
2676	11370
747	11370
2593	11370
2685	5859
1304	5859
2188	5859
3045	11371
2573	11371
2716	5861
1044	5862
425	5862
2651	11372
2108	11372
2360	11373
3257	11373
1325	11373
1308	11373
2766	5864
1003	5864
1089	11374
3048	11374
2412	11374
3036	11375
3468	11376
3071	11376
1440	11376
2202	5865
1220	5865
3601	5865
2423	5865
945	11377
2940	11377
1065	5866
2417	11378
2743	11379
1283	11379
2660	11379
2474	5867
2538	11380
747	5868
1076	11381
2538	11382
3121	11383
1111	5869
3526	5869
1111	11384
2862	5871
3526	5871
982	5871
649	5871
2189	5872
1453	5872
1111	11385
113	11385
3526	11386
1111	11387
3871	5873
1366	5874
2310	5874
3516	5874
735	11388
1111	5876
3526	11389
116	11390
2799	5877
649	5877
3174	11391
3833	11392
1914	11393
3406	11394
3533	5879
1230	5879
280	5879
3758	11395
71	5880
1758	11396
121	5882
2399	5885
2786	5885
2475	5885
609	5886
2349	5886
569	5886
3513	5886
1661	5887
174	5887
3780	5887
2184	5887
3013	11397
3596	11398
3650	11399
808	11400
2805	11401
2971	11401
3199	5888
2753	5888
1056	5888
3028	11402
2186	5889
3100	5889
121	5889
3513	5889
3199	5890
1625	5891
3613	11403
3850	5893
3151	5893
2653	5893
2646	5893
1321	5893
2991	5894
1159	11404
2132	11404
2015	5895
1220	5896
1951	5896
1452	5897
3273	5897
2781	5897
2823	5898
2697	5898
1931	5898
975	5898
1575	5899
1845	5899
1612	5900
1361	5900
199	5901
3550	5901
1136	5901
2020	5901
2653	5901
975	5901
904	5901
2658	5903
3240	5903
3146	5903
2610	5904
2329	11405
2632	11406
1384	11406
2883	5908
2121	11407
917	11407
2663	11407
3819	5909
3192	5910
1815	5910
1435	5910
3130	5910
2407	11408
1679	11408
3879	5911
1002	11409
2386	11410
1880	5912
3540	5914
1214	5914
3684	5914
428	5914
2795	5914
2200	5914
2810	5914
3822	5915
3243	5916
3680	11411
3055	11411
3202	11412
3199	11413
969	11414
776	11415
1358	5918
3471	5918
3722	5918
1929	5918
3826	5919
3486	5919
3708	5919
811	5920
3521	5920
315	5920
3686	11416
333	11417
292	11418
2281	11418
693	11418
1393	5921
2143	5921
2967	11419
2845	11419
3388	11419
3857	11419
3194	11419
522	11419
191	11420
2699	11420
2672	5923
2000	5923
2699	5923
1921	11421
1830	5924
3756	5924
2506	5924
707	5924
3618	5924
2585	5924
2383	5924
1238	5924
2510	5924
3088	5924
2555	11422
3030	5925
2995	5925
993	5925
3093	5926
3814	5926
3754	5927
2058	5928
1825	5928
1192	5931
1470	5932
3807	5932
759	5937
2476	5937
3042	5939
1333	5939
2914	5939
2585	5939
804	5939
2293	5939
436	5939
2665	5939
2221	5939
2510	11423
3048	5940
939	5941
652	5941
3084	5942
2571	5942
2781	5943
1452	5943
297	5943
298	5943
2328	5944
3048	5944
2875	5945
199	5946
1175	5946
3612	5947
904	5947
2329	5947
3194	5947
2957	5948
3334	5949
3070	5949
2085	5949
1845	5949
975	5949
3830	11424
3005	11424
188	11424
447	11424
2272	5950
1395	5950
3141	5950
3222	5950
2468	5950
1339	5950
1361	5950
2697	5950
3488	5950
3440	5950
1498	5950
2944	5950
199	5951
118	5951
1993	5951
2899	5951
2670	5951
3809	5951
1212	5952
1118	5953
1817	5953
3638	5954
728	5954
2180	5954
3478	11425
3564	11426
2495	11427
904	11428
2475	11429
3335	11430
1120	5959
1315	5959
1527	5959
550	5959
1195	5959
318	5959
540	5959
518	5959
1426	5959
1643	5959
512	5959
217	5959
12	5959
3087	5959
226	5959
1644	5959
384	5959
186	5959
590	5959
1183	5959
596	5959
442	5959
42	5959
694	5959
1883	5959
1621	5959
185	5959
1616	11431
1554	5961
3193	5961
2564	5962
174	11432
2870	11432
2646	5963
3575	11433
2837	5965
1273	5966
1248	5966
1003	5967
2454	5967
627	5967
751	11434
3705	11434
628	11435
815	11435
2331	11435
449	11436
2331	11436
921	11437
2494	5971
1963	5971
3887	11438
3862	11438
3450	11438
200	5972
1136	5972
188	5972
55	5972
2456	5972
3857	5972
2217	5972
2872	5972
1751	5972
1963	5972
1010	5972
2278	5973
2019	5973
780	5974
744	11439
3555	11439
2494	11439
3415	5975
2595	11440
1297	5976
2186	5976
2640	11441
2131	11442
1464	5977
3625	11443
1713	5978
983	11444
1010	11445
2907	5980
3494	5980
2436	5980
226	5980
3194	5980
1489	5980
3135	11446
3639	11446
2782	5981
3194	5981
3106	5981
2844	5981
462	5981
116	5982
3418	5982
875	5983
2597	5984
3576	11447
2225	5985
970	11448
3119	5986
3481	5986
2029	5987
1441	5987
3794	5987
2375	5987
3736	5987
1164	5988
1248	5989
1493	5989
2807	11449
3118	11450
3207	11450
2950	11451
1188	11451
3258	11452
3200	11452
3680	11453
2187	11454
3193	5990
2957	5991
3470	11455
2233	11455
3155	5993
3702	5993
3132	5993
3141	5993
2839	5993
2939	5993
1976	5993
1912	5993
3179	5993
599	5993
2131	5994
3299	11456
2567	11456
1494	11457
1955	11457
3108	11457
2199	11458
1364	5996
859	5997
2998	5997
425	5997
292	5998
3334	5998
2635	5998
2584	5999
3260	11459
832	6000
300	6000
1778	6000
1110	6000
657	6000
287	6000
3727	6000
286	6000
460	6000
161	6000
1044	6000
491	6000
465	6000
1293	6000
1611	6000
397	6000
185	6000
1387	6000
3676	6000
836	6000
667	6000
662	6000
1572	6000
2480	6000
2521	6000
741	6000
113	6001
300	6001
2474	6001
1778	6001
1111	6001
767	6001
3658	6001
1110	6001
217	6001
798	6001
995	6001
397	6001
642	6001
1796	6001
1670	6001
416	6001
667	6001
2401	6001
563	6001
3497	6001
1032	6001
599	6001
895	6001
185	6001
2521	6001
1669	6001
1354	6002
2859	6002
767	6002
2653	6002
2850	6003
540	6003
667	6003
431	6003
2650	6003
1198	6003
765	6003
584	6003
1044	6003
2220	6003
798	6003
1157	6003
1767	6003
678	6003
3862	6003
1644	6003
384	6003
186	6003
436	6003
2475	6003
1303	6003
22	6003
397	6003
567	6003
431	11460
2164	11461
1214	6004
3260	6004
2015	6004
2187	6004
902	6004
2914	6004
2218	6004
2608	6004
3685	6005
1715	6005
2214	6007
2156	6007
1865	6007
801	6007
3369	6009
2781	6011
2321	6011
2795	6012
1863	6012
1141	6012
3886	6012
185	11462
3439	11463
3434	11463
1315	6013
3115	6013
2680	6013
3467	6013
1865	6014
747	6014
968	6014
2482	6014
2321	6014
3638	11464
3800	6016
1061	6016
2052	6016
2145	6016
1991	6016
428	6016
3304	6016
1103	6017
3730	6017
2001	6017
1255	6017
3583	6017
1637	6017
1506	6018
2001	6018
3583	6018
983	6019
1685	6019
116	6019
814	6020
3091	6020
116	6020
3575	11465
3091	11465
1342	11465
3531	6021
2048	11466
3643	11466
3091	11466
2266	11467
632	11467
2466	6022
3724	6022
3356	11468
1694	6023
300	6023
199	6023
1798	6023
540	6023
324	6023
577	6023
896	6023
432	6023
441	6023
605	6023
2706	6023
3872	6023
726	6023
325	6023
562	6023
1113	6023
121	6023
2520	6023
1911	6023
646	6023
2030	6023
668	6023
404	6023
1883	6023
1743	6023
878	6023
246	6023
341	6023
550	6024
1120	6024
1798	6024
199	6024
18	6024
244	6024
1630	6024
540	6024
118	6024
300	6024
1295	6024
441	6024
286	6024
1570	6024
310	6024
3872	6024
548	6024
798	6024
366	6024
1183	6024
1294	6024
582	6024
884	6024
895	6024
265	6024
517	6024
612	6024
1425	6024
1743	6024
881	6024
322	6025
1295	6025
1120	6025
1792	6025
1519	6025
483	6025
878	6025
896	6025
3860	6025
3727	6025
605	6025
584	6025
15	6025
1426	6025
1627	6025
699	6025
684	6025
3854	6025
612	6025
246	6025
3898	6026
1810	6026
3259	6026
2962	6026
3040	11469
610	11470
1573	6027
1214	6028
3151	6028
1333	6028
1851	6028
3366	6028
1453	11471
2530	11471
3684	6029
3510	6030
2601	6031
724	6031
2476	6031
1398	6031
622	6032
3269	6032
559	11472
172	11472
3785	11473
3580	11474
1225	6033
2018	11475
2983	11476
3728	11477
3154	6035
2750	6036
901	11478
199	11479
1731	11479
2893	11480
2447	11481
747	6037
416	11482
2781	6038
199	6038
272	6038
2673	6038
2870	6038
998	11483
3286	11484
2260	6040
355	6040
3212	6040
1188	6040
3102	6040
998	6040
3736	6040
1173	6041
1393	11485
969	11485
2248	11486
1000	11487
2551	6042
983	6042
2663	6042
2331	6042
3024	6042
2908	6043
2877	6043
2900	6043
2753	6044
2233	6045
2930	6046
1661	6047
1134	6049
2679	11488
2795	11489
2292	6050
2011	11490
1092	6051
1282	6051
3156	6051
2125	6051
3479	6052
2000	6052
3809	6052
1708	6052
1951	11491
1388	6053
3227	11492
2174	11492
357	6054
2719	11493
1245	11494
2554	11495
2414	6057
2685	6057
2645	11496
1313	6060
1581	6061
3599	6061
1698	6061
555	11497
2698	6062
2035	6064
2177	6065
1008	6065
1556	6065
1725	6065
2197	11498
3848	11498
2796	11499
2397	11500
1982	11501
2428	11502
2782	11503
2428	11503
3703	11504
432	11504
1508	11505
1977	6069
2586	6069
2491	6069
3762	6069
3160	6069
2620	6069
3828	6069
1081	6069
3492	6069
1614	6069
3894	6069
2853	6069
2467	6069
3352	6070
3467	6070
3730	11506
616	11507
3254	11507
609	6072
199	6073
130	6073
664	6073
2781	6073
3234	6073
1550	6073
3386	11508
2132	11508
3641	11508
780	11509
1617	11510
517	11510
3021	6075
387	6075
1917	11511
2841	11512
2941	11512
3470	6077
1497	11513
2508	6078
3260	6080
628	6080
2665	6080
2330	6080
237	6081
1353	6081
3539	6081
2108	11514
1997	6083
1010	11515
3011	11516
416	11517
2419	6085
2239	6085
713	6085
2882	6085
1812	6085
917	6085
1251	6085
959	6085
316	6085
2026	6086
2239	6086
713	6086
2527	6086
2760	6086
3062	6086
2466	6086
1999	6086
1871	6086
3453	6086
2900	6086
917	6086
3646	11518
3420	11518
3174	11518
2460	11519
2526	11519
3825	11520
1251	6089
2457	6089
1821	6089
2980	11521
1821	11521
612	11522
3160	11523
3679	6090
581	6090
2317	6090
3887	6090
1685	6090
1224	6090
1171	6090
1682	6090
1355	6090
649	6090
1893	6090
2577	6090
387	11524
1301	11524
529	6091
3842	11525
1441	6092
3585	11526
1287	6095
1638	6095
773	6095
1459	6095
450	6095
1109	6095
303	6095
1565	6095
559	6095
1315	6095
1645	6095
1536	6095
654	6095
1121	6095
604	6095
131	6095
537	6095
1110	6095
451	6095
331	6095
1296	6095
1636	6095
671	6095
678	6095
1530	6095
1644	6095
402	6095
320	6095
555	6095
1666	6095
1531	6095
452	6095
494	6095
699	6095
1905	6095
1428	6095
492	6095
180	6095
42	6095
601	6095
2240	6095
594	6095
306	6095
505	6095
687	6095
1637	6095
181	6095
341	6095
684	6095
802	11527
199	6096
1473	6097
780	11528
2696	11529
3844	6098
1837	6098
2527	6099
1084	6099
1967	6099
1701	11530
1380	11530
2681	11531
2604	11531
1491	11531
3374	11532
3498	6100
1470	6100
3835	6100
1453	6100
2590	6101
809	6101
2481	11533
1978	11533
684	11534
2217	6104
3379	6104
815	6104
1130	6104
2484	6104
1204	6104
2963	6105
625	11535
2782	6106
3029	6106
743	11536
1008	11537
76	11538
2894	11538
247	11538
3794	6109
804	6109
3600	11539
2502	11540
3343	6111
2378	6111
1384	6112
2244	6112
1097	11541
2842	11542
2842	6113
2842	11543
842	11544
818	11544
2645	6114
2914	6114
2353	6114
865	6114
555	6115
3225	6117
1032	6117
1398	6117
1231	6117
3782	6118
2075	6118
3340	6119
1997	6119
747	11545
747	11546
2370	6121
113	11547
413	11547
747	11547
3427	6123
747	6123
2879	6123
747	11548
2562	11548
1162	6126
747	11549
780	11550
1594	11550
1354	11551
747	11551
780	6127
747	6127
3575	6127
780	11552
3013	11553
2183	6128
1708	11554
3114	6129
2697	6129
1359	6129
976	6129
3206	6129
1395	6129
3521	6129
905	6129
1727	6129
2138	6129
1993	6129
383	6129
2899	6129
2040	6129
2720	6129
3558	6129
2049	6129
929	6129
873	6129
2958	6129
1023	6129
3443	6130
3488	6130
962	11555
1786	6131
86	6131
1265	6131
2027	6131
3081	6131
2212	6131
3310	11556
2188	11556
2641	6132
3042	6132
1502	11557
3119	11557
1350	11558
2614	11558
3053	6133
872	6133
3114	6133
3442	6133
2782	6133
2816	6133
1993	6133
3316	6133
434	6133
1845	6133
3563	6133
2720	6133
3828	6133
2708	6133
3153	6133
2128	6133
1309	6133
292	6133
3523	6133
1325	6135
3351	6135
3216	6135
3735	6135
3735	11559
3735	6136
1395	11560
2955	11560
3485	11561
1391	11562
2635	11562
2339	11562
2278	11563
3207	11563
1743	6139
3454	11564
3540	11564
213	11565
3530	6141
1567	6141
2995	6141
3760	11566
1775	6143
3559	11567
776	11567
828	11567
3549	6145
3563	6145
2095	11568
3729	11568
3015	6149
1865	6149
931	6149
3702	6149
3276	6149
357	6149
2424	6149
393	6149
780	6149
3242	6149
2381	6149
3081	6149
2598	6149
3582	11569
3318	6150
1776	6150
1702	6151
3610	6151
1829	6151
1854	6151
0	6151
3356	6151
937	6151
1017	6151
2408	6151
1435	6151
3758	6151
2125	6151
2879	6151
2524	6151
1195	11570
1136	11570
1089	11570
605	11570
2050	11570
3268	11571
3255	11572
1727	11572
3663	11572
1007	6152
2056	6152
2279	6152
1594	6152
3014	6153
431	11573
2563	6155
1836	6155
1715	6155
3106	6155
1376	6155
2101	11574
2687	11574
1050	11574
1636	11574
983	11575
3635	11576
1321	11576
532	11576
1321	11577
741	11578
1759	11579
3339	6156
3695	6156
3656	6157
728	6158
684	6158
1363	11580
1695	11581
2839	11581
2048	6159
448	6160
1762	6160
659	6160
482	6160
990	6160
881	6160
366	6160
2477	6160
518	6160
1579	6160
502	6160
205	6160
583	6160
533	6160
1010	6160
377	6160
675	6161
176	6161
398	6161
1197	6161
249	6161
1008	6161
257	6161
1903	6161
363	6161
740	6161
1294	6161
712	6161
205	6161
1430	6161
20	6161
687	6161
2856	11582
1013	6162
1589	6162
562	6162
257	6162
577	6162
2160	6162
639	6162
954	6162
185	6162
509	6162
1766	6162
1981	6162
394	6162
3428	6162
518	6162
483	6162
177	6162
172	6162
1882	6162
983	11583
619	11583
2284	11583
3411	11583
2482	11584
3215	6163
128	6163
1319	11585
1614	11585
1614	11586
1862	6164
3242	6165
2687	6166
3739	11587
941	6167
1679	6167
2435	6169
3047	6169
2431	6169
1355	6170
2494	6171
3372	11588
577	11589
2695	6172
3135	6172
3840	6172
1930	6172
1224	6172
2835	11590
1904	6173
1819	6174
2017	6174
3248	6174
116	6175
306	6175
1787	6176
2781	6177
2965	6177
355	6177
1175	6177
2507	6177
1966	6177
1912	6178
3503	11591
2901	11591
3318	11591
11	6179
675	11592
1380	6180
3223	6180
1575	6180
1467	6180
1470	6180
1040	6180
1823	6180
2344	6180
3132	6180
925	6180
293	6180
2644	6180
2144	6180
1404	6180
2839	6180
1389	6180
2671	6180
1004	6180
1931	6180
1376	6180
2791	6180
1912	6180
3170	6180
3542	6180
457	6180
1729	6180
1948	6180
2281	6180
2517	6180
1919	6180
2951	6180
3794	6181
1419	6181
2881	6181
2259	6183
1010	6183
2134	11593
113	11594
225	6184
128	6185
2757	6185
480	6185
1915	11595
1280	6187
2239	6187
131	6187
3403	6187
2039	11596
1236	11596
2020	6189
972	6189
2849	11597
2164	11598
529	6190
3028	6190
711	6190
787	6190
872	11599
3888	11599
1963	6191
1757	6191
3099	6192
2930	6192
1930	6192
3261	6193
932	6193
3746	11600
3147	11601
1491	11602
2116	11603
2717	11604
1094	6194
1342	11605
2095	11605
3671	11605
1287	6195
1292	6195
554	6195
1548	6195
1630	6195
1632	6195
263	6195
406	6195
562	6195
1778	6195
2400	6195
640	6195
3872	6195
1296	6195
990	6195
1286	6195
1590	6195
1110	6195
2738	6195
403	6195
678	6195
1742	6195
1905	6195
503	6195
1113	6195
1112	6195
486	6195
292	6195
1882	6195
1425	6195
246	6195
387	6195
316	6195
357	6196
2499	11606
592	11606
2551	11607
2635	11607
3813	11607
3502	6198
3898	6198
1344	6198
2839	6198
1707	6198
3100	6198
3012	6198
2661	6198
3137	6199
2491	6200
1465	6201
3695	6201
3656	6201
3556	6203
615	6203
3178	6204
1750	6204
610	6204
2122	6204
185	6204
3420	11608
1397	11608
2979	6206
1573	6206
3222	6206
3251	6207
1164	6209
3574	11609
1508	11609
613	11609
1095	11610
2306	6213
76	6214
464	6214
2056	11611
2202	11611
1314	11611
2771	11612
997	11613
3392	6216
649	6217
1052	6217
1097	6218
1982	6218
1215	6220
3529	6220
745	6221
2604	6221
2514	6221
1376	6221
1574	6221
1267	11614
1918	11614
2249	11614
2050	11614
2214	6223
3450	11615
3810	11616
366	11616
882	11617
1190	6225
390	6225
868	6225
3194	6225
2946	6225
2990	6225
1230	6227
2197	6227
3889	6227
2266	6227
1837	6227
3850	6228
2197	6228
3369	6228
1990	6228
1117	6229
3409	6229
2197	6229
2699	11618
272	6230
1752	6230
3067	11619
3089	6232
2271	6232
3012	6232
1070	6232
649	6232
3231	6232
3179	6232
3869	11620
446	11621
2134	6236
1706	6237
2750	6237
2166	11622
3028	6238
3126	11623
3232	11623
2964	11624
983	11624
1295	6239
3841	6240
3425	6240
966	6240
3398	6241
1989	6242
2974	6242
2105	6242
1173	6242
3662	6242
1061	6242
475	6242
2894	6242
2314	6242
411	6242
3390	6242
855	11625
3751	11625
3253	6244
3522	6244
610	6244
2594	6244
2482	6244
1474	6245
2692	6245
2845	11626
2263	11627
910	11627
2749	11628
1334	11628
1938	6246
1081	6246
689	6247
873	11629
1461	6249
1993	6249
3453	6249
2936	6250
3027	11630
2218	11631
1723	6254
3591	6254
3756	6255
2633	11632
953	11632
1684	6256
1475	6257
695	6257
1624	6257
3572	11633
3565	11633
1133	6258
1029	11634
1266	11634
3801	11635
113	6260
3416	6260
3213	6260
1276	6260
1594	6260
3325	11636
3323	11637
734	11637
1619	11637
2852	11637
1971	11637
2915	11637
3151	6261
2085	11638
1195	11638
2094	11638
70	11639
1527	6262
1041	6262
2183	6262
2635	11640
2969	11640
870	11640
1502	11641
2687	11641
3869	11641
3840	6264
915	6264
2207	6268
529	11642
3367	11642
997	11642
547	6269
2961	6269
532	11643
2048	6270
2755	6270
2131	6270
926	6270
2095	6270
2000	6271
3443	6271
1022	6272
2315	11644
226	11644
1257	11644
2245	11644
3342	11644
575	11644
3403	11644
1743	11644
2547	11645
1743	11645
3381	6276
1849	6277
3808	11646
1694	6278
2101	6278
2589	6278
1013	6278
2721	6278
2122	6278
2667	11647
592	11648
3135	6280
3851	6281
3875	6281
2280	6281
3160	6281
1344	6281
3258	6281
1378	6281
3752	6286
1452	6286
2781	6286
3713	6286
2973	6286
2497	6286
3221	6286
1136	6287
2433	6287
1542	6287
1393	6287
199	6287
3469	6287
3245	6287
3221	6287
2646	6287
3496	6287
2389	6287
2567	6287
1384	6287
2191	6287
2979	6288
1979	6288
1488	6288
2446	6288
2585	6288
2213	6288
2728	6288
3247	6288
2858	6288
2321	6288
2052	6289
119	6289
974	6289
3623	6289
926	6289
3669	6289
437	6289
2390	6291
2478	6291
2137	6291
270	6291
1372	6291
3194	6291
1816	11649
2991	11650
3900	11650
1056	11650
413	11650
2986	11651
2588	11651
416	11652
1206	6293
2021	6293
1833	11653
1454	6294
1422	6294
983	6294
2729	6294
1707	6294
3856	6296
653	11654
3361	6297
3501	6297
780	6297
918	6298
2394	6298
3383	6298
650	6298
3005	6299
896	6299
884	6299
2277	11655
2084	11656
335	6301
713	6303
2499	6303
3576	6303
3207	6303
397	6304
2057	6304
2699	6304
2796	6304
2035	6305
397	11657
3553	11658
3144	6307
2073	6309
3898	6310
1040	6310
3141	6310
1661	6310
931	11659
3756	6311
2617	6311
1199	6313
2918	6313
2792	11660
3864	6314
1350	6315
697	6315
3242	6315
529	6318
3089	6318
2017	6318
2846	6318
2466	11661
3884	11661
3277	11661
2678	11661
2260	11662
1470	11663
3823	6319
1199	6320
2919	6320
3443	6320
2093	6320
575	11664
2458	11665
3356	11665
1056	11666
3641	11666
2263	11667
3330	11667
3649	11667
1542	11668
1213	6326
1713	6326
3537	6326
3795	11669
1544	11669
1575	11669
3898	11670
1686	11670
272	6327
3775	6328
767	6328
3027	6328
3220	6329
592	6329
357	6329
3413	6329
782	6330
3510	6330
357	6330
3413	6330
3784	6330
194	6330
1830	6331
3510	6331
2466	6331
3756	6331
3532	6331
1261	6331
357	6331
3393	6331
194	6331
3810	11671
767	11671
3784	11671
272	11672
782	6332
767	6332
3784	6332
609	6333
292	6333
318	6334
1751	6335
2736	6336
2585	6337
2331	6337
2246	6339
2636	6339
2971	6339
1507	6339
2151	11673
264	11674
2643	11675
3144	11675
3101	11675
1119	6341
1527	6341
41	6341
2742	6341
300	6341
3089	6341
832	6341
2094	6341
1761	6341
179	6341
3872	6341
1775	6341
957	6341
2851	6341
383	6341
896	6341
432	6341
441	6341
3860	6341
1044	6341
2220	6341
1664	6341
955	6341
491	6341
3605	6341
1113	6341
2175	6341
1766	6341
417	6341
2406	6341
384	6341
1654	6341
205	6341
511	6341
437	6341
2966	6341
263	6341
995	6341
667	6341
836	6341
929	6341
120	6341
684	6341
983	11676
664	11677
3511	11677
2197	6342
3048	11678
1178	11679
357	11679
3671	6344
2387	6345
655	6345
3869	6345
2228	6347
2703	11680
3635	11681
2577	11681
1685	11681
3581	6348
595	6348
3863	6349
2635	11682
2355	11682
3107	11683
468	11684
2360	11685
1013	6350
3152	6350
2761	11686
2186	6351
2419	6353
2204	6355
3825	11687
965	11688
2553	11689
2950	6356
2953	11690
3172	6357
1220	6358
3861	6358
2645	11691
1705	11691
3712	11691
649	11691
3220	6359
3693	6359
2184	11692
3132	6361
3163	6361
2354	6362
2439	6362
609	6362
3704	6362
1013	6362
3603	6362
1449	6363
609	6363
3184	6363
2595	6363
425	11693
649	6365
425	11694
534	6367
1488	6367
2018	6367
515	6367
976	6367
1847	11695
2637	11695
3869	11695
443	11696
562	11697
3722	11697
2871	11697
2687	11698
3869	11698
983	11699
128	11700
1239	11700
2383	11700
2945	6372
958	11701
1899	6373
3081	6373
2618	6374
3625	6374
711	6374
1868	6374
3562	6374
3575	6374
1715	6374
2425	6374
2278	6374
1094	6374
2015	6375
3763	6375
1049	6375
2303	6375
3471	6375
3590	6375
2794	6375
2364	6375
3746	6375
3756	6376
983	11702
2792	11702
1913	11702
2973	11702
2525	11702
1488	11703
3184	11703
1439	11703
1195	6378
535	6378
2698	6378
1439	6378
434	6378
120	6379
2599	11704
3575	11704
3674	11704
2847	11705
658	11705
3044	11705
3356	11705
199	11706
3194	6384
2658	6385
2979	6385
3796	6385
983	6385
2719	6385
787	6385
1808	6385
1456	6385
131	6386
3384	6387
3209	11707
1237	11708
2017	11709
3570	11710
3117	11710
3147	6388
1181	6389
946	6389
2105	6389
1258	6389
2254	6389
2229	6389
1164	6389
2068	6389
3515	6389
891	6389
1384	6389
2749	6389
1066	6389
2765	6389
3426	6389
2830	6390
1615	6390
2717	11711
3062	11711
357	11712
256	6391
1874	6391
2373	6391
2342	6391
1538	6392
2882	11713
1839	6393
1195	6394
1846	6395
2531	6395
3438	6395
811	6396
2101	6396
292	6396
3528	6397
566	11714
2494	11714
416	11714
909	11714
2643	6398
3671	6398
2189	11715
2836	11716
2793	11716
1585	11716
1703	11717
1455	11717
3239	11718
1990	11718
2794	6399
814	11719
2542	11720
731	11720
3161	11721
3131	6400
1728	6400
2011	6400
3179	6400
3188	6402
3672	11722
1592	6403
1821	11723
539	6404
2488	6404
2647	6404
1010	6405
387	6405
1229	11724
228	11724
3445	11725
806	6407
3697	11726
2914	6409
2402	6409
469	11727
1724	6410
3304	6410
443	6411
3147	6412
1391	6412
2585	6412
1839	6412
1740	6413
653	11728
3460	11728
757	6414
3249	6414
1325	11729
2168	11729
2811	11730
3853	11731
3559	11731
256	6416
3853	6417
3768	6420
1682	6422
1470	6423
684	6423
1321	6423
983	11732
2447	11733
2249	11734
1136	11734
3208	6425
1164	6425
3517	11735
1880	11735
2828	11736
963	11737
1762	6427
682	6427
2742	6427
300	6427
764	6427
540	6427
644	6427
1646	6427
2474	6427
995	6427
1110	6427
957	6427
383	6427
2400	6427
1008	6427
2220	6427
1664	6427
766	6427
560	6427
3787	6427
1113	6427
186	6427
2401	6427
3814	6427
3861	6427
1032	6427
663	6427
3295	6427
207	6427
341	6427
3772	6427
113	6428
1197	6428
644	6428
995	6428
300	6428
1008	6428
383	6428
957	6428
1113	6428
3605	6428
186	6428
1293	6428
2175	6428
1762	6429
431	6429
2397	6429
1798	6429
644	6429
300	6429
957	6429
1110	6429
1664	6429
379	6429
383	6429
1032	6429
341	6429
1772	6429
2406	6429
185	6429
1669	6429
511	6429
3676	6429
3606	6429
3455	6430
300	6431
460	6431
199	6431
644	6431
1664	6431
2400	6431
2220	6431
2474	6431
642	6431
121	6431
494	6431
1963	6431
663	6431
695	6431
41	6432
433	6432
1198	6432
162	6432
174	6432
1398	6432
881	6432
541	6432
563	6432
2499	6433
897	11738
2499	11739
2390	6434
2891	6434
2666	6434
3316	6435
2249	6435
199	11740
904	11740
1573	11740
904	6436
1056	11741
2527	11742
2866	6437
3488	11743
2670	11744
849	11744
1673	11744
3156	11744
3851	6440
983	6440
976	6440
2839	6440
2138	6440
1395	6440
1361	6440
3535	6440
1353	6440
2748	6440
357	6440
3194	11745
2959	6441
1880	6441
1932	6442
3623	6442
120	11746
1199	11747
3526	11748
2811	6443
3380	6445
2034	6447
2248	6447
2743	6448
3256	6448
281	6448
292	6448
1502	11749
712	11750
3705	11751
3804	11751
2207	6451
961	6451
2914	6451
2965	6451
1573	6451
1974	6451
3741	6451
2281	6451
2437	6452
887	6452
2453	6452
1244	6452
1387	6452
3091	6452
2719	11752
3767	6453
2973	11753
3786	11753
2819	11753
2781	6454
957	11754
3723	11755
1134	11755
3466	11755
3258	11755
2937	11755
3831	11755
2235	11755
3522	11756
2446	11756
983	11756
1353	11756
660	6458
3606	6458
2259	6459
945	6459
922	6459
3496	6459
3430	11757
2412	11757
2239	11758
1543	11758
3155	6461
983	6461
2056	6461
2361	6461
2319	6461
3194	6461
632	6462
1078	6462
983	6462
3015	6462
1078	6464
3306	6464
3464	6464
2962	6464
2213	6465
2553	11759
2258	11760
2095	11760
2466	6466
2348	6466
3476	6466
3443	6466
2131	6466
2015	6467
2672	6467
3819	6469
760	6471
3397	6472
721	11761
3510	6474
983	6474
1203	6474
2056	6474
3320	6474
2645	6474
2653	6474
3596	6474
1708	6474
2073	6475
3201	6475
1436	11762
3717	6477
3245	6477
3223	6478
1261	6478
1033	6478
3815	6478
2692	6478
3710	6478
2567	6479
2979	6480
1673	6480
3470	6480
887	6480
1573	6480
1387	6480
3488	6481
1295	6481
3465	11763
3447	11763
3015	6482
3494	6482
2428	6482
1726	6482
1454	6483
3132	6483
2721	6483
1989	6484
1748	6484
199	6484
3044	6484
1880	6484
3809	6484
1466	6484
2646	6484
3194	6484
2276	11764
3082	6485
2688	6485
2837	6485
2973	6485
1713	6485
2914	6485
3691	6485
3048	6485
649	6485
3194	6485
353	6485
1441	6486
2668	6487
2760	6487
764	6487
2965	6487
2645	6487
1544	6487
1814	6487
1053	6488
1462	6488
3259	6488
3451	6488
3413	6488
667	6488
555	11765
2941	6489
2073	6489
2643	6489
278	6489
2632	6489
3238	6489
3740	6489
2839	6490
2970	6491
1058	6492
2466	6492
609	6492
3562	6492
976	6492
2450	6492
3535	6492
667	6492
1573	11766
1488	6493
2781	6494
2965	6494
1280	6494
3618	6494
1395	6494
3488	6494
595	11767
2056	6495
3815	6495
3344	6495
1635	6496
2314	6497
1058	6498
1474	6500
3230	6500
362	6500
944	6500
1048	6500
3229	6500
1936	6500
2058	6500
1170	6501
2699	6501
3577	11768
1342	6503
2976	11769
3527	6504
1010	11770
3413	6505
2212	11771
2792	11772
3079	6509
2474	6510
2770	6510
1081	6510
3677	6510
2442	6510
387	6510
2353	6510
460	11773
1292	6511
465	6511
3788	6512
3106	6512
2459	6513
2841	6513
559	11774
3175	11774
3668	6514
3692	6514
2503	6514
983	11775
212	6516
1660	11776
2101	6517
2232	6517
578	6517
196	6518
1552	6519
206	6520
300	6520
1120	6520
2742	6520
322	6520
764	6520
199	6520
645	6520
439	6520
286	6520
289	6520
1111	6520
1963	6520
314	6520
384	6520
1621	6520
995	6520
878	6520
649	6520
3772	6520
3858	6520
767	11777
2319	11777
1247	11777
113	6521
832	6521
1214	6521
2474	6521
285	6521
1650	6521
1459	6521
1198	6521
331	6521
439	6521
3722	6521
657	6521
995	6521
384	6521
465	6521
1460	6521
679	6521
3497	6521
511	6521
878	6521
664	6521
629	6521
895	6521
1796	6521
353	6521
3197	6522
2138	6522
1130	6522
1900	6522
897	6522
3005	6523
983	6523
767	6523
3658	6523
2415	6523
2595	6523
2237	6523
1397	11778
3658	11778
3791	11778
3415	11778
2492	11778
3100	11778
3194	11778
2593	11778
3011	6524
3415	6524
2492	6524
1635	6524
2595	6524
116	6525
1760	6525
1083	6525
1635	6525
3194	6525
2595	6525
3751	6526
2595	6526
1083	6526
767	6526
3415	6526
767	11779
747	11779
1502	11780
684	11780
550	6527
449	6527
1527	6527
199	6527
18	6527
1798	6527
3872	6527
2474	6527
441	6527
1413	6527
1767	6527
325	6527
1766	6527
397	6527
1796	6527
662	6527
511	6527
3023	6527
328	6527
1425	6527
681	6527
695	6527
1180	6528
832	6528
431	6528
665	6528
1567	6528
1347	6528
2397	6528
1798	6528
1111	6528
561	6528
690	6528
3870	6528
1110	6528
1766	6528
591	6528
121	6528
681	6528
511	6528
2480	6528
1572	6528
1985	11781
611	11781
2251	11782
2017	11782
927	11782
1091	6529
3574	11783
3433	11783
2966	11783
3332	11784
431	6530
2624	6530
2307	6530
2365	6530
2625	6530
2029	6530
1441	6530
3883	6530
2367	6530
2335	6530
2366	6530
2779	6530
2623	6530
2436	6530
3470	6530
3146	6530
1244	6530
3096	6530
3245	6530
1225	6530
2863	6530
2057	6530
1825	6530
1376	6530
2627	6530
1614	6530
2626	6530
3738	6530
2780	6530
664	6530
2467	6530
903	6530
2369	6530
3487	6530
1919	6530
1880	11785
2215	6531
1250	6532
1195	11786
1513	11786
805	11787
1943	6533
1473	11788
603	6535
3436	6535
2147	6535
443	11789
1594	11790
3357	11791
1237	11791
1451	11792
18	6537
113	6537
884	6537
441	6537
2706	6537
324	6537
3870	6537
612	6537
323	6537
186	6537
325	6537
1183	6537
1425	6537
579	6537
265	6537
3437	11793
3313	11793
1033	11794
3203	11795
2616	6539
1378	11796
2914	6541
1449	6541
2211	11797
3347	11797
3757	11797
2753	6542
2983	6542
2280	6542
2235	6542
2387	6543
892	6543
1713	6543
1551	6543
3068	11798
2025	6546
609	11799
3679	11799
1222	6547
3079	11800
2835	6548
2871	6548
2709	6549
2732	6549
3037	6549
1693	6549
1441	6549
2199	6549
2588	6549
1338	11801
1466	11801
309	6550
1459	6550
1632	6550
347	6550
203	6550
3404	6550
432	6550
197	6550
2635	6550
537	6550
1622	6550
1512	6550
469	6550
969	6550
860	6550
557	6550
314	6550
3803	11802
3767	11803
713	11804
3079	11805
1162	11805
2469	11806
2514	11807
820	11807
3307	6553
2496	6553
1751	6553
1397	11808
3131	6554
3726	6554
3148	6554
120	6554
3866	6555
3705	6555
2435	6557
2701	6557
2750	6557
3210	6557
3018	11809
2105	6558
3471	6558
1621	6558
786	6558
2680	6558
2405	6558
1807	6558
3894	6558
3555	6558
2035	6558
2981	11810
3561	11810
3336	6559
2121	6559
3320	6559
3417	6559
2432	6559
3089	6559
2580	6559
1234	6559
901	6559
3278	6561
2445	6561
1474	6562
867	6563
2781	6563
2899	6563
1452	6563
1362	6563
2613	6563
904	6563
1737	11811
3684	11811
2673	11811
2781	11812
3488	11812
975	11812
1000	11812
871	6564
199	6564
3178	6564
3793	6564
1393	6564
974	6564
2746	6564
1471	6564
3779	6564
1004	6564
1217	6564
1946	6564
1316	6564
2066	6564
185	6564
3258	11813
3434	11814
1817	11814
1915	11814
3381	6566
2319	6570
1833	6570
1751	6570
615	6570
3499	11815
3470	11815
1810	11815
3194	11815
2941	11816
2018	11816
3194	11816
2412	6571
2056	6572
2629	6573
3547	6573
2138	6573
2411	6573
2965	6574
1475	6574
852	6574
1808	6574
3218	6575
2941	6575
2685	6575
3685	6575
1000	6575
2553	6575
1858	6575
952	6576
3503	6576
2781	6576
1395	6576
1452	6576
2887	6576
1661	11817
2527	6577
2972	11818
231	11818
2419	6578
3151	6578
2766	6578
2575	6578
3028	11819
1117	6579
908	6579
1016	6579
951	6579
2384	6579
904	6579
3635	6579
2995	6579
3205	6579
3799	11820
3757	11820
1989	11821
1056	11822
706	6580
3867	11823
3357	6581
1706	6581
1999	6581
2726	6581
425	6581
922	6582
1468	6584
3334	11824
2677	11825
2991	6585
2027	6585
11	11826
3492	11826
964	11826
1053	11827
3899	6587
2420	6588
2719	6588
1481	6588
2949	6588
2680	6588
1725	6588
2595	6588
983	6589
2875	6589
2782	6590
1756	6591
1753	6591
428	6591
1936	6591
2058	6591
3504	6592
428	6592
1795	11828
3079	11828
3220	11828
2646	11828
416	11828
1301	11828
1938	6593
314	6593
3859	11829
559	11830
1120	6594
300	6594
1111	6594
878	6594
957	6594
286	6594
1157	6594
384	6594
186	6594
1460	6594
599	6594
1425	6594
541	6594
397	6594
465	6594
1963	6594
341	6594
2433	11831
431	11831
3033	11831
926	11831
1460	11831
2782	6595
3658	6595
3325	6595
2685	6595
747	6595
2573	6595
3658	6596
3325	6596
3643	6596
2685	6596
747	6596
2573	6596
3658	6597
2961	6597
747	6597
2573	6597
1783	11832
2700	11833
3188	11834
3901	11834
3102	6600
3227	11835
2153	11836
2387	6603
2111	6603
1395	6604
2131	6604
3741	6604
1744	6605
894	6605
1724	6605
1613	6605
1689	6605
3001	6605
1225	6605
1936	6605
1688	6605
428	6605
387	6606
2117	11837
2532	11838
3725	11838
1594	6608
3555	6608
3725	11839
872	11840
3109	11840
3047	11840
2446	6609
1502	11841
755	11842
2937	11843
2135	6611
1703	6613
3884	11844
3795	11844
833	11844
172	11844
741	11844
1612	6614
805	6614
3486	6615
2401	11845
664	6616
3540	11846
3100	11846
357	11846
1166	11847
1199	11848
2619	11848
735	11849
2160	11850
2611	11851
2160	11851
2317	6622
1422	6622
2672	11852
2781	11853
3619	6623
1026	6623
3428	6623
689	6623
1592	6623
3474	6623
649	6623
2588	6623
718	11854
3039	6625
1765	6625
3164	6625
684	6625
1831	6626
1637	6626
1033	11855
1695	11855
684	11855
3194	11856
2248	11857
2095	11857
1503	11857
3402	6627
2640	6627
1084	6627
806	6627
3221	6627
787	6627
1947	6627
1214	6628
2467	6628
3134	6629
843	6630
1199	6630
1849	6630
3470	6630
3149	6630
1602	6630
3100	6630
2050	6630
3038	6630
3814	6630
2034	11858
3494	11858
1991	11858
2565	11858
1056	11858
1508	6631
2466	6631
462	6631
2573	6631
410	6632
3160	6632
1428	11859
1441	6634
755	11860
2559	11861
2070	6635
2387	6635
2103	6635
1410	6635
1999	6635
2104	6635
1447	6635
1861	6635
1403	6637
1598	6637
1879	6637
1212	6637
1800	6637
1543	6637
2577	6637
1894	6637
2566	6638
930	6638
2068	6638
1710	6638
3756	11862
3575	11862
2601	6640
1367	6640
3879	6640
1921	6641
1729	6641
3523	6641
1921	11863
2451	11863
1033	6642
2635	11864
2983	11865
3705	11865
3076	6644
3598	6644
2572	6645
3741	6645
682	6646
1197	6646
1762	6646
3772	6646
1921	6648
2452	6648
592	11866
3161	11866
1341	11867
908	6649
1171	6649
1321	6649
446	6651
3353	6651
3040	6651
609	6652
3144	6652
747	6652
1141	6652
1354	11868
2574	11869
1821	11870
3141	11871
720	6655
883	6655
1340	6655
349	6655
632	6655
1426	6655
88	6655
2236	6655
3159	6655
3870	6655
1695	6655
2030	6655
606	6655
880	6655
2401	6655
727	6655
327	6655
2243	6655
516	6655
438	6655
406	6655
1663	6655
483	6655
211	6655
377	6655
1172	6655
307	6655
1641	6655
2131	11872
1251	11872
3561	11873
1247	11873
1091	11874
3890	6658
3512	6659
1397	6660
2168	6660
780	6661
2316	6662
3561	11875
1705	11876
3086	11876
2909	11877
3658	6666
1397	11878
3658	11878
3751	11878
550	6667
1762	6667
1119	6667
3032	6667
540	6667
1823	6667
1664	6667
257	6667
560	6667
766	6667
548	6667
3605	6667
835	6667
741	6667
2878	6667
1502	11879
640	6668
1589	6668
449	6668
1638	6668
324	6668
3224	6668
350	6668
1529	6668
205	6668
2065	6671
615	11880
1553	6672
3199	6673
1033	6673
716	6673
2575	6673
3677	6673
3537	6673
1133	6673
1129	11881
3530	11882
609	11882
3513	11883
987	6674
425	11884
607	6675
3108	6675
2866	11885
2570	11886
1141	11887
1340	11888
1229	11888
3193	11888
1508	6677
1280	11889
2635	6680
1959	6680
2263	6680
1938	6680
1496	6680
684	6680
1393	11890
1604	11891
767	11892
747	11892
787	6682
2212	11893
2796	6683
3340	6683
3513	6683
3776	6684
1346	6684
3302	6684
2851	11894
2338	6686
1970	6686
3425	6686
2363	6686
647	6686
2175	6686
671	6687
1770	6687
2875	6687
3775	6687
316	6687
2269	6688
2973	6688
2007	6688
3756	11895
3273	11895
486	11896
649	11896
2201	6689
1232	6689
300	6690
3374	6690
1778	6690
1589	6690
1287	6690
1347	6690
18	6690
632	6690
551	6690
539	6690
396	6690
383	6690
595	6690
2323	6690
2719	6690
1115	6690
403	6690
1301	6690
417	6690
2237	6690
769	6690
828	6690
165	6690
662	6690
1659	6690
586	6690
1593	6690
741	6690
377	6690
683	6691
3377	6692
961	6695
3028	11897
3144	11897
1476	6697
1452	6697
3786	6698
3777	6698
3030	6698
1342	6698
2721	6698
1239	6698
314	6698
3604	6700
3756	6700
3452	6700
3194	6700
1024	11898
578	11898
3729	11898
1967	6701
1105	6701
117	6701
1307	6701
357	6701
2383	6701
1148	6701
533	6701
2721	6701
661	6702
3144	6702
2973	6702
1503	6702
3234	6702
172	6702
479	6704
3040	6704
3604	6707
3442	6707
3151	6707
1694	6707
770	6707
1906	6707
684	6707
2095	6707
2348	6707
710	11899
3335	11899
3510	6708
3285	6708
1770	6708
1491	6708
2000	6708
684	6708
1023	6708
957	6709
2635	6710
2878	6710
1695	11900
547	11900
3385	11900
3866	6712
1569	11901
2201	6713
1033	6713
1831	6713
592	6713
706	6713
2353	6713
3511	6713
2356	6713
2651	6713
2517	6713
3330	6713
393	6713
743	6713
172	6714
771	11902
2781	11903
3398	11903
1392	6716
2942	11904
3607	11904
3350	11905
314	11906
1938	6718
1239	6718
2424	6718
1836	11907
3053	11908
2094	6719
2867	6721
2749	6721
2796	6721
3578	6721
1468	6721
604	6722
1091	6723
1220	11909
298	11909
2557	6724
3151	11910
2744	11910
3203	6726
2835	6726
1441	11911
1013	11911
1953	11912
438	11912
3513	11912
1477	11913
3141	11914
3513	11914
3020	6729
609	6730
2585	6730
2172	6730
372	6731
2466	6735
3837	6735
832	6735
1119	6735
2048	6735
884	6735
957	6735
517	6735
325	6735
1766	6735
186	6735
1183	6735
328	6735
646	6735
1963	6735
649	6735
265	6735
612	6735
1686	6735
246	6735
2445	6736
2130	6736
2195	6737
2130	6737
3457	6737
1342	6737
2092	6737
2445	6737
566	6737
3219	6738
923	6739
2965	6739
1187	6739
747	6739
1307	6739
3423	6740
673	11915
3682	11916
897	6741
2906	6742
241	6743
1053	11917
3224	11917
2729	11918
3056	11918
3055	6745
31	11919
2532	11920
580	11920
3269	6746
3135	6746
3567	6746
1196	6747
3269	6747
3223	6747
2981	11921
832	6748
18	6748
1527	6748
2186	6748
199	6748
2397	6748
441	6748
3664	6748
3605	6748
2406	6748
2474	6748
518	6748
874	11922
650	11922
3381	6749
1776	6749
711	11923
1435	11923
1435	6750
3156	6751
1512	6751
464	11924
3122	11925
2137	6752
801	6752
2000	11926
609	6754
3269	6754
3835	11927
185	11927
624	6756
2646	6756
3898	6757
2354	6757
3091	6757
3353	6758
2048	11928
3717	11929
649	11930
3091	11930
982	6760
3029	6760
3469	6760
547	6760
3603	6760
862	6760
547	6761
2689	6761
341	6761
3273	6761
1162	6762
3788	6762
1958	6763
431	6763
1342	6764
1393	6765
898	6765
3679	6766
1327	6766
509	11931
649	11931
1342	11931
3619	6767
649	6767
1734	6768
897	11932
3441	6769
3866	6769
649	6769
575	6769
735	6769
3686	11933
649	11933
3553	6770
2248	6771
3686	6771
3629	6771
2353	6771
2095	6771
3507	6771
649	11934
3897	11934
2248	6772
3871	6772
1256	6775
2248	6775
3756	11935
3323	11935
3512	11935
2795	11935
3136	11936
1153	11937
2330	11937
2842	11938
1990	11939
3614	6776
3855	6776
3227	6776
2354	6776
755	6776
2937	11940
2085	6778
438	11941
1851	6780
3452	6780
621	6780
1777	6780
3029	6780
1845	6780
425	6780
3194	6780
443	6780
1211	6780
341	6780
1024	6780
3418	6780
3452	6781
3501	6781
1437	6781
3250	6781
1156	11942
1156	11943
519	6782
341	6782
2970	6783
3120	6783
3603	6783
2478	6784
1054	6784
2363	6784
3829	6784
2743	6784
747	6784
3055	6784
3487	6784
670	11944
3675	11945
3869	11945
3434	11946
2942	11947
3848	6788
2946	6788
982	6789
3555	6789
292	6789
1313	6789
3749	11948
184	11948
2771	6790
649	6790
357	6793
1847	11949
3031	11949
3385	11949
1014	11950
827	11950
1274	6794
1587	6794
3005	6795
1124	6795
2965	6795
1372	6795
2416	6795
808	6795
3254	6795
2588	6795
649	6795
2559	6795
3795	6796
965	6796
3076	6796
2275	6796
3618	11951
2570	11952
554	6798
1453	11953
3391	6799
2056	6799
2189	6800
1990	6800
1695	11954
1496	11955
2852	11955
292	11955
3538	11955
3795	6802
774	6802
3637	6802
3541	11956
2551	11956
1201	11956
2585	6804
1544	11957
1785	11957
1461	6805
2291	6806
2606	6806
3470	6806
2429	6806
3880	6806
1573	6806
2337	6806
1102	6806
976	6806
3587	6806
3311	11958
2469	11958
1049	6807
2723	11959
3118	11960
1588	11961
3739	11961
3877	11962
1680	11962
965	11963
529	11963
1725	6809
529	6810
3199	6811
2552	6811
2414	6812
1847	11964
2589	11965
2101	11966
2556	11967
2816	11967
718	11968
1392	6815
2527	6815
3017	6815
3769	6815
3254	6815
1725	6815
2283	6815
2730	6815
769	6817
3500	6817
1259	6817
1636	6818
2805	6818
621	6819
1159	6819
1110	6819
21	6819
2737	6819
2480	6819
1196	11969
2359	11969
3866	11969
323	11969
2396	6821
1296	6821
710	6821
1110	6821
1194	6821
1566	6821
581	6821
989	6821
783	6821
2478	6821
131	6821
515	6821
363	6821
1286	6821
175	6821
289	6821
1629	6821
1562	6821
1903	6821
594	6821
2582	6821
74	6821
1549	6821
2000	6821
320	6821
572	6821
2238	6821
350	6821
2738	6821
385	6821
686	6821
769	6821
3226	6821
1660	6821
862	6821
442	6821
454	6821
394	6821
741	6821
3781	6823
308	6823
339	6823
1315	6823
1732	6823
450	6823
1668	6823
2392	6823
275	6823
1630	6823
1110	6823
604	6823
311	6823
519	6823
2340	6823
560	6823
1667	6823
710	6823
657	6823
577	6823
371	6823
555	6823
1549	6823
491	6823
1782	6823
1566	6823
1421	6823
1480	6823
1532	6823
1460	6823
350	6823
492	6823
23	6823
1736	6823
601	6823
1776	6823
1636	6823
1660	6823
341	6823
563	6823
580	6823
185	6823
1580	6823
386	6823
246	6823
505	6823
1470	6824
3273	6824
2831	6824
2000	6824
3153	6824
609	11970
711	11970
2925	6825
1589	6825
789	6825
1538	6825
1110	6825
589	6825
550	6825
176	6825
1287	6825
160	6825
1590	6825
199	6825
574	6825
1458	6825
324	6825
289	6825
1286	6825
1285	6825
2395	6825
332	6825
468	6825
494	6825
2238	6825
3247	6825
1516	6825
325	6825
167	6825
23	6825
612	6825
42	6825
1982	6825
1958	11971
2742	6826
2466	6827
2415	6827
729	6827
740	6828
3280	6828
3160	11972
3108	11972
1239	11972
3194	11972
1315	6829
1539	6829
1521	6829
1287	6829
339	6829
985	6829
371	6829
308	6829
399	6829
2397	6829
1548	6829
1777	6829
589	6829
755	6829
1286	6829
592	6829
2124	6829
131	6829
539	6829
1651	6829
1898	6829
289	6829
718	6829
1110	6829
710	6829
1566	6829
1549	6829
503	6829
325	6829
2064	6829
350	6829
1460	6829
1532	6829
741	6829
563	6829
1660	6829
180	6829
292	6829
1641	6829
1594	6829
404	6829
1425	6829
246	6829
1580	6829
207	6829
185	6829
3236	6830
3711	6830
2646	6830
577	11973
1632	11973
3389	11973
589	6831
1571	6831
1667	6831
176	6831
710	6831
3679	6831
1287	6831
1777	6831
1958	6831
3781	6831
308	6831
339	6831
1521	6831
539	6831
592	6831
2340	6831
1008	6831
2394	6831
289	6831
175	6831
718	6831
0	6831
559	6831
1549	6831
2253	6831
2699	6831
341	6831
563	6831
503	6831
121	6831
1532	6831
2477	6831
350	6831
2401	6831
3868	6831
1641	6831
1566	6831
371	6831
1580	6831
292	6831
602	6831
1594	6831
23	6831
1792	6832
1908	6832
988	6832
14	6832
1198	6832
2394	6832
1662	6832
508	6832
955	6832
3675	6832
918	6832
1478	6832
762	6832
1000	6832
966	6832
694	6832
600	6832
1862	6832
1985	6832
1579	6832
586	6832
741	6832
1792	11974
2510	11975
695	11976
3214	11976
3276	11976
2979	11977
1321	11978
3471	6835
908	6836
593	11979
3873	11980
833	6837
1453	6837
530	11981
1349	11981
875	6838
3424	6838
1388	6838
1497	6838
2131	6838
994	6838
893	6839
3329	6839
237	6839
1259	6839
3555	6839
442	6839
3089	11982
1199	11982
2597	11983
3512	11983
1865	6841
2771	6843
661	6843
1695	6843
1387	6843
2967	6844
1839	6845
3873	11984
3864	6846
1743	6846
1594	6846
292	6846
2750	6846
1022	6847
1256	6847
1110	11985
1755	11985
3835	11985
2117	11986
1986	6849
1199	6849
3604	6850
2204	6850
1033	11987
3528	11987
858	6851
3780	6851
2206	6851
1963	6851
612	11988
942	11989
1958	11990
3365	11990
2050	11990
2357	11990
1538	11991
341	11991
292	11992
2383	11992
1977	11993
292	11993
3614	6853
730	6853
2786	6853
1350	6856
787	6856
2478	6857
3452	11994
474	11994
3755	11994
3900	6860
3637	6860
2851	6860
2479	6860
3219	6860
1362	6861
1442	11995
1053	11995
3269	6862
2643	6862
3250	6862
1538	6863
631	6863
2660	6863
664	6863
1567	6865
2018	6865
2018	6866
3224	6866
292	6866
3136	6866
787	11996
3577	6868
1831	6868
1199	6868
1101	6868
2273	6868
2530	6868
2383	6868
1929	6868
2302	6868
2319	6868
946	11997
1042	11998
3214	6871
2186	11999
3681	11999
1527	6873
160	6873
1373	6873
1878	6873
206	6873
675	6873
1762	6873
304	6873
2391	6873
560	6873
789	6873
1293	6873
1772	6873
880	6873
2092	6873
835	6873
205	6873
1883	6873
3551	6876
1865	12000
1608	12000
1608	12001
1050	12002
1449	12002
2239	12003
1202	12004
122	6880
3781	12005
1594	12005
3359	12006
1195	6881
2792	6881
2050	6881
3568	12007
379	12008
1659	6882
1627	6882
1286	12009
3756	12010
3660	6884
3874	6887
191	6889
1295	12011
3855	12011
695	12012
2573	12013
357	6890
1192	12014
1751	12014
605	6891
1792	12015
2906	12015
3350	12015
3658	12016
3207	12017
3661	12017
2656	6893
2906	12018
1616	12018
1000	6895
1008	6896
300	6896
41	6896
657	6896
967	6896
2220	6896
512	6896
1775	6896
896	6896
1398	6896
1111	6896
1963	6896
341	6896
642	6896
2474	6896
995	6896
1032	6896
3497	6896
3772	6896
1762	6897
300	6897
657	6897
2220	6897
1008	6897
460	6897
3772	6897
1111	6897
207	6897
2401	6897
1549	6897
198	6897
1963	6897
341	6897
3606	6897
3676	6897
3497	6897
751	6898
3350	6898
3499	6898
764	6898
121	6898
2933	6898
1947	6898
3868	6899
2030	6900
3688	6900
1297	12019
3132	12020
2563	12021
393	12021
3567	6905
3678	6905
3897	12022
3807	12023
1594	12023
3154	6907
918	12024
21	12025
1710	12025
323	6909
2204	6909
425	6909
807	6909
3682	6910
1876	6911
3863	6911
1031	6911
3431	6911
3895	6911
1467	6911
322	6913
2545	6913
2200	6913
1751	12026
3504	12027
3677	12027
3757	12028
3757	12029
898	6914
1081	6914
742	6915
2469	6915
2698	6915
2330	6915
410	12030
1677	12030
2659	12031
983	12031
3647	12032
3423	6917
852	6917
2056	6917
2498	6917
1960	6917
2575	6917
2204	6917
2418	6917
2984	6917
2185	6918
3136	6918
2601	12033
2687	6919
3060	6919
711	12034
764	12035
3424	12035
3420	12036
1860	12037
3293	12038
1925	12039
2978	12039
2971	12039
2781	6922
3404	6922
962	6922
3151	6922
1031	6922
1450	6922
3875	6923
1054	6923
3038	6923
3601	6923
2826	6923
2056	6924
3685	6924
1000	6924
1924	6924
2181	6924
3219	6924
3510	6925
2056	6925
1865	6925
2551	6925
1175	6925
571	6925
3520	6925
859	12040
609	12041
994	12042
983	12043
2280	6926
1544	6926
175	6926
3019	12044
1241	6927
2185	6927
3807	6928
611	6928
3154	12045
3442	12046
2679	12046
1865	12046
2834	12046
17	12046
2966	12047
2246	6930
3079	6930
3199	6931
3618	6931
1705	6931
2958	6931
2295	6931
2163	6932
3042	6932
3015	6932
3777	6932
3132	6932
922	6932
2809	6932
2687	6932
3691	6932
3711	6932
1819	6932
1621	6932
2879	6932
3450	6932
1997	6932
2812	6933
2775	6933
272	6934
1544	6934
3471	6934
2608	6934
2447	6934
172	6934
3205	6934
3746	6934
1022	6936
2306	6936
371	6936
1091	6936
3139	6936
3026	6937
128	6937
3139	6937
952	6938
462	6938
3151	12048
1091	12049
3127	12050
3160	6940
2685	6940
950	6940
2633	6940
2194	6940
2501	6941
272	6943
1607	6944
3001	6944
3470	6944
2980	6944
1033	12051
1261	12051
2194	12051
3614	6946
780	6946
2606	6947
776	6947
3894	6947
2645	12052
2436	12052
3901	12052
2219	12052
2114	12053
3611	12053
3147	6950
2908	6950
2605	6950
3817	6950
2645	6950
2468	6950
1228	6950
3763	12054
225	12054
1839	12054
3568	12055
431	6951
3039	12056
2806	12056
1874	12056
711	12056
2794	12056
3785	6952
2645	6952
2378	6952
3901	6952
68	6952
1591	6952
2423	6953
3411	6954
3697	6954
3307	6955
961	6955
393	6955
3214	6955
1040	6957
2687	6957
3407	12057
2397	6958
2392	6958
1694	6958
1762	6958
1292	6958
2742	6958
300	6958
41	6958
1110	6958
310	6958
957	6958
599	6958
739	6958
598	6958
1113	6958
3605	6958
237	6958
437	6958
1197	6959
113	6959
1762	6959
41	6959
1110	6959
2851	6959
3676	6959
1623	6959
760	6959
2477	6959
186	6959
198	6959
2240	6959
3497	6959
1963	6959
1755	6960
2781	6960
369	6960
3469	12058
3306	12058
2646	12058
3337	12059
2474	6961
995	6961
3676	6961
300	6961
2494	6961
41	6961
1008	6961
433	6961
1775	6961
957	6961
967	6961
642	6961
1549	6961
2475	6961
3772	6961
120	6961
2175	6961
1963	6961
3792	6962
3096	12060
3046	12060
1438	12060
2397	6963
649	6963
1172	12061
2793	6965
2503	6967
872	6968
3050	6968
1933	6968
1372	6968
891	6968
3135	6968
3228	6968
1228	12062
626	6970
3543	6970
3866	6970
1081	6970
3106	6970
854	6970
3012	6970
1841	6970
801	6971
383	12063
1752	12063
3703	12064
1365	12065
3684	12065
1206	12066
3635	6974
3898	6974
3658	6974
2101	6974
2542	6974
3774	6974
3373	6974
1839	6974
3460	6975
2526	6976
3378	6976
2479	6976
865	6976
3318	6977
2164	12067
3151	6978
1371	6978
3174	12068
970	12069
3561	12070
2719	12071
2628	12072
3577	12072
2113	12072
2138	12072
1251	12072
1445	12072
420	12073
2708	12073
3408	12074
957	12075
865	12075
2436	12076
1044	12076
1010	12076
2668	6980
3049	6981
1467	6982
646	6982
829	6985
2381	6985
3223	6985
2315	6985
1049	6985
747	6985
827	6985
3880	6985
2303	12077
983	12077
3647	12078
1136	12078
3337	12079
3337	12080
1718	6987
2781	6987
1220	6987
1470	12081
3151	12081
1199	12081
1843	12081
3312	12081
3388	12082
1035	12082
120	12083
3193	12084
3593	12085
2514	12085
769	12086
3193	6989
166	6989
3403	12087
2976	12087
199	12088
1989	12088
1192	12088
661	6992
2709	6992
3680	6992
3526	6992
2147	6992
329	6992
3773	6993
3783	12089
1655	12089
3540	6995
2736	12090
1529	12090
3002	12090
3309	6997
3672	6998
2772	12091
806	12092
2571	12092
3197	6999
1068	7002
3672	7002
1384	12093
2132	7005
1159	7006
1376	12094
3416	12094
3725	7007
1282	7009
2889	7009
3072	7009
2681	7009
1748	7009
2103	7009
3303	7009
1680	7009
2802	7009
2098	7009
3118	12095
3508	7011
1613	7011
2792	7011
2944	7011
2877	7012
2346	7012
3510	12096
2251	12097
2139	12098
428	12099
3736	12099
983	7013
3655	7013
2144	7013
2366	7013
2203	7013
3738	7013
3713	7013
1686	7013
3736	7013
3737	7013
1573	12100
3523	12101
3374	7014
619	7014
2315	7014
1168	7014
3714	7014
2676	7014
3760	7015
1678	7015
801	7015
2174	12102
3402	7016
2251	7017
3685	7017
711	7017
2737	7017
3778	7017
3309	12103
1146	7020
21	7020
3471	12104
1870	7021
397	7021
2150	7022
3769	7023
2101	12105
3893	12105
1497	7024
2449	7024
199	7027
2613	7027
2416	12106
3760	7028
1873	7028
3147	12107
3331	7030
2539	7030
2982	7030
2295	7030
2386	7031
41	7032
2466	7032
2773	7032
3220	7032
3755	7032
41	7033
730	7035
2470	7035
120	7035
1529	12108
1865	7040
2749	7040
688	7041
3869	7041
1541	7041
3555	7041
576	12109
2174	12110
887	7044
3513	12111
1768	7045
3490	7045
2142	7046
2015	12112
2132	12112
3049	12112
780	12113
1220	12114
2156	12114
2245	12115
517	7048
2559	7048
128	7049
808	7050
3419	12116
2973	7052
1013	7053
3861	7053
3194	7053
2971	7053
3039	7054
1871	7054
3265	7054
2260	12117
3532	12117
2640	12117
1422	12117
2930	7055
1174	7055
1598	7055
1825	7055
2071	7055
1310	7055
3443	7055
1026	7055
1385	7055
522	7056
3487	7056
199	7057
983	7057
2610	7057
2640	7057
1013	7057
3706	7057
2572	7057
1422	7057
3178	12118
2594	12119
2214	12120
3841	7060
2917	7060
2237	12121
2387	7062
3051	7062
2362	7062
3509	7062
1635	7063
1880	7064
3015	7065
3160	7065
2280	7065
2835	7065
2337	7065
1960	7065
2986	7065
3223	7065
2943	7065
1164	7066
1685	7067
3221	7067
3109	7068
3132	7068
3269	7068
976	7068
1076	12122
2260	12122
3254	7070
3040	7070
1199	12123
2236	12123
3215	12124
2575	12124
3022	12124
2527	12125
1400	7071
2059	7071
2802	7071
1252	7071
2568	7074
708	12126
1181	7075
3675	7075
3074	7075
3745	7075
3364	7075
1456	12127
2619	7077
764	7078
2719	7078
2890	7078
1428	7078
787	7078
2194	7078
1394	7078
3513	7078
821	12128
869	12129
3174	7079
2552	12130
3256	12131
3869	12131
1951	12132
3178	7081
1031	12133
2347	12133
3408	12134
2048	12134
1392	7085
2171	7085
2209	7085
437	12135
748	12135
3348	12136
748	12136
3109	7087
2840	7087
328	12137
3886	12138
3192	12139
2447	12139
2382	7088
1395	12140
3096	12141
3496	12142
2168	12142
811	7090
2721	7090
2781	12143
1092	7091
1371	7091
3768	12144
113	7092
2317	7092
524	7092
3611	7092
1817	7092
2302	7092
1757	7092
2982	7092
2726	7094
369	7094
2385	12145
2226	12146
368	12147
532	12148
3571	12149
3367	12149
2447	12149
3066	7096
3386	7096
875	7096
410	7096
3498	7096
3425	7096
2474	7096
2149	7096
0	7096
795	7096
3657	7096
3815	7096
2646	7096
3586	7096
2734	7096
566	7096
2796	7096
3729	7096
3284	7096
1608	12150
1056	7097
3845	7097
3702	7098
425	7098
3244	7098
1231	7098
393	7098
3634	7098
3513	12151
2056	7101
2739	12152
1821	12153
2160	12154
3421	7103
1181	7103
1061	7103
3063	7103
1919	7103
2383	7103
997	12155
2026	12156
2518	12156
2197	7105
3302	7106
2041	7106
780	12157
1789	12157
1044	7109
2699	7109
931	7111
511	7113
3587	7114
425	7114
3069	7114
302	12158
994	12159
3630	12160
2222	12160
3484	12160
3770	12161
2038	12161
2064	12161
3764	12162
3543	12162
2355	12162
420	12162
874	12162
3794	12163
2727	12164
3326	12164
3314	7116
3217	7116
612	7116
2425	7116
2056	7117
2646	7117
2965	7118
2020	7118
1350	7118
1488	7118
290	7118
2280	7118
2441	12165
983	7119
913	7119
1713	7119
2218	7119
2584	7120
2333	12166
2227	12166
3636	12167
3334	7122
3439	7122
3323	7122
1064	7122
3631	7122
3294	7124
3554	7124
1837	7125
2381	7126
2545	7126
637	7126
2260	7126
1486	7126
2001	7126
1948	7126
769	7126
3132	7128
2717	7128
2510	12168
3883	12169
3435	12169
3271	12169
2607	7131
724	7132
1751	7132
1751	7133
322	7135
674	7135
1650	7135
199	7135
18	7135
244	7135
1292	7135
441	7135
957	7135
765	7135
310	7135
1195	7135
414	7135
955	7135
1578	7135
718	7135
3605	7135
1644	7135
202	7135
684	7135
558	7135
2474	7135
1903	7135
406	7135
667	7135
205	7135
437	7135
2929	7135
246	7135
578	7135
521	7135
291	7136
1873	7137
3749	12170
759	7138
3220	7138
2414	12171
3680	12172
3194	12172
3306	12172
3471	12173
2249	7140
896	7140
1602	7140
2389	7140
2108	7140
1456	7140
3298	7140
3513	7140
2703	7141
3536	7141
2527	7142
555	7142
2550	7142
1919	7142
1968	7143
118	7143
952	12174
2809	12174
2494	12174
300	7144
160	7144
988	7144
540	7144
41	7144
217	7144
577	7144
626	7144
1742	7144
544	7144
1479	7144
1460	7144
384	7144
2401	7144
3676	7144
1766	7144
2204	12175
675	7146
3510	7146
116	7146
416	7146
436	7146
237	7146
2743	12176
2228	12177
456	12178
2544	12178
3884	12179
3277	12179
1468	12179
1010	12179
3810	12180
1554	12181
185	12181
3421	7149
1092	7149
655	7149
2064	7149
1707	7149
2299	7150
3074	7150
2246	12182
3063	12183
1706	12183
824	12183
2902	12184
3174	12185
1149	12185
3151	7152
2643	12186
366	12186
3447	7154
1321	7154
199	7155
1393	7155
876	7155
1879	7155
1935	7155
1979	7155
3149	7155
2117	7155
904	7155
1379	7155
1831	7156
2693	7156
1240	7156
2760	7156
1755	7156
2537	7156
1035	7156
1858	7156
3482	7156
2869	7156
1220	12187
3112	12187
2252	12188
3633	7157
1474	7157
3063	7157
1061	7157
2408	7157
353	7157
3304	7157
3847	12189
711	12190
2355	12190
2233	12190
1195	7158
1932	7158
3109	7158
2109	7158
2259	7158
3822	7158
3663	7158
2633	7158
3102	7158
641	7158
2021	7158
3895	7158
2805	7158
443	7158
2046	7158
1091	7158
1205	12191
2820	12191
3238	12191
323	7159
1063	12192
2314	12192
2967	7160
874	12193
3322	12194
3619	12194
3444	12194
2380	12195
488	12196
3619	7163
3334	7163
3342	7163
3147	12197
200	12198
1393	7165
1695	7165
684	7165
751	7166
1033	7167
1868	7167
1213	7167
2191	7167
3536	7167
649	7167
1971	7167
1117	7168
2486	7168
3752	7168
3842	7168
1452	7169
3404	7169
1938	7169
3359	7169
811	7169
3297	7171
2567	12199
637	12200
462	12200
2697	7172
3487	7172
1658	7172
2443	12201
2848	12201
983	12202
3407	12203
3040	12203
2362	7174
3132	7174
3011	7174
983	12204
3327	12204
2017	7175
2017	7176
3147	7176
718	7178
2017	12205
1586	12205
632	12206
1362	7180
612	7180
711	12207
1870	12207
3445	7182
3071	7182
1990	7182
2782	12208
3471	12208
3681	12208
3208	7184
3147	7185
3756	7185
1933	7185
2687	7185
2229	7185
121	7185
3075	7185
2516	7185
3130	7185
2750	7185
2804	7185
2777	7185
3118	7186
1391	7186
3584	7186
961	7186
1598	7186
2056	7186
2332	7186
555	7186
2275	7186
975	7186
628	7186
599	7186
916	12209
786	12209
295	12209
650	7187
1832	7187
2519	7188
747	12210
3411	7190
2607	12211
3821	12212
3892	12213
3112	12214
1507	12214
3428	12215
1440	12216
239	12217
983	7191
1705	7191
2642	7191
1611	7191
2519	12218
2349	12218
661	12218
3648	12218
968	12218
3292	7192
2186	7192
649	7192
3581	7194
718	12219
3590	7196
3079	7197
3061	7197
3655	7197
530	7197
2436	7197
2199	7197
1471	7197
653	7197
2602	7197
1547	7197
3297	7198
1225	7198
908	7199
2973	7199
2482	12220
3620	7201
3147	7201
2749	7201
3372	7203
1990	7203
1117	7204
2315	7204
1619	7204
3773	7204
891	7204
3241	7204
75	7204
2387	12221
2951	12221
1078	12222
2753	12223
3197	7205
3826	7205
2638	7205
1054	7205
764	7205
2211	7205
847	7205
1449	7205
2138	7205
632	7205
3486	7205
2646	7205
1503	7205
2294	7205
3194	7205
792	7205
3631	7205
3722	12224
1492	12224
2233	12224
2593	12224
3722	7206
682	7207
160	7207
470	7207
988	7207
995	7207
1767	7207
765	7207
548	7207
921	7207
12	7207
1110	7207
832	7207
384	7207
1766	7207
332	7207
678	7207
3862	7207
3605	7207
186	7207
1479	7207
2406	7207
499	7207
878	7207
292	7207
437	7207
599	7207
881	7207
2585	7208
3722	7208
3194	7208
3205	12225
3205	7210
2818	12226
3628	12227
1751	7212
272	7213
3794	12228
199	12229
1832	7214
1482	7216
199	7218
3455	7218
3794	7218
769	7218
1977	7219
612	7219
975	7220
2567	7220
3841	7221
3679	7222
2387	7223
2999	7223
889	7223
1710	7223
2658	12230
1010	7225
3104	7227
3308	12231
3130	12231
2767	12231
1033	12232
3216	12232
895	12232
186	7228
660	7230
2472	7231
1773	7231
2075	12233
3306	7233
1615	7233
780	7234
3361	12234
653	7237
1380	7238
3168	7238
3285	7238
609	7238
2376	7238
1476	7238
1045	7238
2717	7238
2831	7238
2585	7238
811	7238
3492	7238
3639	7238
3569	7238
1095	7238
2741	7238
2085	12235
2869	7239
2501	7240
2271	7240
1435	7240
1325	12236
2061	7243
3591	7244
2386	7245
944	7245
2804	7245
1056	7245
3077	7245
1048	7245
2006	7247
2387	7247
1278	7247
1879	7247
2151	7247
3384	7247
2560	7247
2016	7247
1141	7247
687	7247
1707	7247
2286	7248
1494	7248
3106	7248
179	12237
1413	12238
2585	12239
2214	7250
3198	7250
1684	7250
2992	7250
2378	7250
1865	7250
3901	7250
3780	7250
3801	7250
2354	7250
3333	7250
1133	7250
425	7250
231	7250
615	7250
291	7250
828	7253
70	7253
1604	12240
1053	7254
1503	7255
3161	7255
1219	12241
3513	12241
3178	12242
3602	12242
3017	12242
3602	7259
2204	7260
3817	7261
3431	12243
1938	7262
1475	7262
1604	12244
1117	7264
3409	7264
1614	7264
3790	7264
1117	12245
1041	12245
2204	12245
3409	12245
2974	7265
3696	7266
1370	7266
1333	12246
1701	7268
264	7268
3698	7269
220	7269
3333	7269
3317	12247
1713	12248
3373	7270
1092	7272
3057	7272
3471	7272
103	7272
2505	7272
3063	7272
2145	7272
2561	7272
1575	7272
3006	7272
2643	12249
2562	12250
2781	12251
3625	7274
2979	12252
1200	12252
369	12253
1977	7277
2979	7277
733	7277
188	7277
2266	7277
425	7277
2411	7277
1982	7277
1133	7277
160	7278
550	7278
674	7278
1762	7278
552	7278
2007	7278
1633	7278
1798	7278
41	7278
547	7278
548	7278
1110	7278
921	7278
332	7278
3605	7278
2475	7278
265	7278
313	7278
3754	7278
335	7278
2142	7279
810	7279
1384	7280
2264	7280
1977	12254
1248	7282
280	7282
2955	7283
3399	7283
3013	7283
1832	7283
2000	7283
2733	7283
2898	7283
3173	7283
3121	7283
3437	7283
939	7283
2278	12255
1887	12256
2657	7284
3614	7288
3896	7288
1883	7288
231	12257
1341	12258
1342	12258
952	7289
1883	7289
2781	7290
3698	7290
3770	7290
3614	7291
3060	7291
3434	7291
2777	7291
1951	12259
626	7292
179	12260
1003	12260
74	12260
2494	12260
1062	12260
808	12260
1704	12261
2101	7294
3385	7294
2235	7294
1441	12262
1010	7296
166	7296
2024	7297
2465	12263
3794	12264
2138	7299
610	7299
2237	7299
2466	7300
1022	12265
1951	7302
3871	12266
1963	12267
2832	7303
2583	7303
2827	7303
2321	7303
2493	7304
979	7304
632	7305
2781	12268
2729	12269
3420	12270
852	12270
1529	12270
1884	12271
2466	12272
2824	12273
2158	7309
2825	12274
2635	7310
961	7312
2350	7312
1734	7312
231	7312
2095	7312
779	12275
3650	12275
1925	12276
1340	7313
709	12277
825	12277
2978	7314
3589	12278
888	7316
2060	7316
2998	12279
323	12280
2877	7317
2548	7317
2089	7317
2579	12281
1683	12282
199	12283
3446	7318
683	7318
2097	7319
2387	7319
2785	7319
3011	7319
3364	7319
3658	7319
1092	7319
2040	7319
1476	7319
201	7319
3464	7319
3222	7319
1463	7319
3046	7319
425	7319
1234	7319
3487	7319
1134	7320
1999	7320
3310	7320
3709	7320
661	7320
2938	7320
1234	7320
2572	7320
121	12284
2105	7321
2516	7321
2827	12285
2271	12285
2273	12286
2271	12287
2458	12287
3645	7322
1470	7322
3528	12288
2632	12288
3051	7326
2750	7326
1689	7326
2258	7326
2749	7326
616	7326
3147	12289
2197	7328
2544	7328
1257	7328
3079	7329
724	12290
162	7330
2151	7330
2679	12291
1384	12291
2515	12291
1661	12292
3351	12293
3019	7331
3149	7332
3506	7332
3598	7332
957	12294
2809	12295
2461	12295
1865	7334
366	7334
3474	7334
1508	7335
2099	7335
1041	7335
3283	7335
575	7335
2596	7336
661	12296
1110	12296
2634	12297
3361	12298
1962	12298
3125	7337
371	7337
929	7337
3133	12299
563	7338
1343	7340
1397	7340
1015	7340
3654	7340
1365	7340
2458	7340
2164	12300
931	12301
1661	12301
3898	12301
3219	7341
2546	7342
3396	7342
2586	12302
3191	7345
3757	7346
357	7346
3276	7347
1490	7347
1412	12303
393	12303
393	7348
3469	12304
2646	12304
1262	12304
2184	12304
1028	12304
3303	7350
1220	7350
979	7350
2038	7350
3046	7350
2640	12305
3571	12305
3016	12306
1921	12306
1971	12306
1238	12306
3518	7352
2187	12307
3518	12307
3324	12307
1395	12308
1001	7355
3650	12309
3596	7356
2130	12310
2101	7357
3870	12311
3194	12311
1197	7358
2545	7358
1476	7358
891	7358
3728	7358
517	7359
1207	7359
2335	7360
2225	7360
1636	12312
2387	12313
2320	12314
2964	7363
3765	12315
2833	12315
476	7364
1503	7364
2385	12316
3897	12316
76	12317
3324	12317
3194	7365
3015	7365
1685	7365
3060	7366
2317	7366
1045	7366
735	7366
820	12318
1962	7368
1759	7368
1380	7368
2251	7368
1199	7368
547	7368
2663	7368
1342	7368
1939	7368
462	7368
1919	7368
3494	7371
1956	7371
1757	7371
1824	7371
3401	7371
3304	7371
1438	7371
1707	7371
1033	7372
664	7373
2643	7373
2729	7373
787	7373
1685	7373
612	7373
1117	7374
2551	7374
1576	7374
3175	7374
296	7374
3109	12319
1919	12319
3202	7375
522	7375
357	7377
747	7377
684	7378
1905	7378
650	12320
931	7379
1329	7380
1234	7380
3682	7380
1035	7380
3136	7380
3610	7381
3298	7381
1054	12321
3611	12321
3137	12322
3855	7382
2015	7382
3771	7382
553	7382
818	7382
2818	7385
3336	7387
387	7387
2611	7388
3169	7388
2622	7388
122	12323
1244	12323
692	12324
3147	7391
3559	12325
1192	12325
3147	7392
2910	12326
3147	12326
3540	12327
3147	7394
2591	7394
420	7394
1661	12328
116	7395
298	7395
2000	7395
3798	12329
2562	12329
3257	7398
3144	12330
2562	7399
3592	12331
1687	12331
3277	12331
3098	12332
622	7403
3305	12333
688	12334
2679	12335
1146	12336
3256	7406
3898	7406
231	7406
904	7406
529	7407
2504	12337
991	7409
397	7409
1503	7409
1582	12338
2056	12338
2770	12339
3869	12339
1111	12339
2989	12340
3688	12340
453	12341
2483	12341
3428	12342
1703	7410
493	7410
3403	7410
3028	12343
2648	12343
991	7411
1056	7411
3028	7412
601	12344
3842	12345
742	12346
2991	7413
3447	7413
1092	7416
758	7416
1092	7417
3658	7417
1865	7417
1947	7417
2327	7417
2750	7417
1384	7417
1814	7418
993	7420
1508	7420
3782	7420
421	7420
3102	7420
2604	12347
1900	12347
2015	7422
780	12348
2354	12348
368	7423
1381	7424
2871	7424
3798	7426
2664	7430
2640	7430
887	7430
691	7430
1503	7430
3668	7430
387	7430
728	7430
2641	7431
3199	7431
271	7431
3121	7432
1451	7432
3012	7432
3106	7432
2000	7432
2051	12349
2831	7435
3164	7436
2242	7436
2277	7437
1921	7437
1548	12350
684	12350
2855	7438
1452	7438
1684	7438
3466	7438
926	7438
2936	7438
2884	7438
2739	7440
1369	7440
2924	12351
2447	12352
3795	7441
1987	7441
355	7442
1508	7442
3118	7442
1986	7442
3521	7442
2700	7442
199	12353
3708	12353
1822	12354
1010	12354
2643	12355
2358	12356
1013	12357
3819	12357
2034	7444
1181	7444
3587	7444
1461	7444
1280	7444
952	7444
2614	7444
1092	7444
1033	7444
2141	7444
1381	7444
2299	7444
2753	7444
3358	7444
1331	7444
1243	7444
2372	7444
1054	7444
944	7444
131	7444
2476	7444
945	7444
2037	7444
1918	7444
2267	7444
3471	7444
787	7444
1234	7444
1541	7444
1237	7444
2560	7444
2064	7444
3857	7444
2302	7444
890	7444
1263	7444
3006	7444
2678	7444
1056	7444
3411	7444
3487	7444
3413	7444
687	7444
3451	7444
353	7444
3427	7444
1919	7444
649	12358
3569	12359
2603	12359
1945	7446
3012	7446
399	7447
3100	7447
2732	12360
3097	12360
2790	12361
2844	12362
235	12363
2837	12363
658	12364
957	12364
356	12365
2576	12366
3764	12367
2271	12367
1792	7450
575	7451
1615	7451
2730	7451
2433	12368
3064	12369
898	7452
3015	7452
2753	7452
2439	7452
3527	7452
2380	7452
3884	7452
2530	7452
3376	7452
2285	7452
3511	7452
2095	7452
1036	7452
2209	7452
1865	12370
2354	7453
2737	7453
2424	7453
1164	12371
3799	7454
3523	7454
1958	12372
3149	12372
3447	12372
1751	7457
827	7458
1013	7459
439	7459
921	7459
3798	12373
688	7461
780	7462
684	12374
1452	7464
1833	7464
695	12375
3776	12376
2453	7465
2961	7466
1997	12377
1081	12377
2131	12377
1391	12378
128	7467
2753	7467
2483	12379
3126	7468
3234	7468
390	7470
3091	7470
3805	7470
610	7470
2137	12380
128	12381
1043	12382
3194	12382
2117	7471
2963	12383
2781	7474
2344	7474
1684	7474
1368	7474
3515	7474
2647	7474
1342	7474
3693	7474
1995	7474
1507	7474
1229	12384
3423	7475
661	7475
3898	7476
2092	7476
780	7476
3898	12385
649	12385
3225	12386
488	12386
3717	12386
780	12386
2716	12386
1040	12387
3370	12387
2259	12388
2907	12388
2157	12388
2315	12388
2388	12388
2015	12389
2818	12390
2462	12390
1321	12390
2631	7478
231	12391
3276	7479
622	7480
3625	7480
2476	7480
2315	7480
628	7480
853	7480
649	7480
3598	12392
3781	7481
3776	7481
3522	7481
2722	7482
3871	7482
2992	7482
926	7482
1976	7483
3315	12393
2549	12393
806	12393
3369	12393
120	12393
421	7484
1352	7484
1321	7484
2095	7485
913	7485
3412	12394
3327	12394
769	7486
3079	12395
1335	12396
3147	12396
2580	12397
3021	12397
3028	7488
3679	7490
2266	7490
1222	7490
2632	7490
634	12398
2973	7491
2527	7492
626	7492
2636	7492
2753	7492
3109	7492
2208	7492
1372	7492
3527	7492
2001	7492
820	7492
1068	7492
2494	7492
3413	7492
2364	7492
1321	7492
1919	7492
1023	7492
3394	7493
532	7493
983	7495
3785	7495
3680	7495
237	7495
272	12399
649	7496
3585	7496
3354	7496
2552	7497
787	12400
2538	12400
1567	7499
2619	7499
1614	12401
708	7500
2015	7500
2248	7500
2657	7500
3517	7500
983	7500
3521	7500
3269	7500
1013	7500
2384	7500
3022	7500
970	12402
199	12403
2935	7501
2036	7501
2973	7501
747	12404
2246	7504
744	7504
2474	7506
3555	12405
3600	12406
3525	12406
1792	12407
3365	12408
183	7507
2643	7507
3224	7507
3513	7507
1380	7508
2527	7508
131	7508
3012	7508
1031	12409
2040	12410
1056	12411
490	12411
2387	12411
3075	12411
2749	12411
2466	7511
2481	7511
2749	7511
1170	12412
952	12412
3799	12412
3178	7513
952	7513
2105	7514
2833	7514
3644	7514
2607	7514
188	7515
3761	7515
3420	12413
2876	12414
3876	12414
3432	7517
213	7518
994	12415
1989	12416
2874	12416
2772	12417
1331	12418
966	12418
3764	12419
2035	12419
183	12420
2817	7519
661	7519
983	7519
1039	7519
3522	7519
2138	7519
3691	7519
1220	7519
3085	7519
2556	7519
1602	7519
1890	7519
2218	7519
2357	7519
2575	7519
3194	7519
1948	7519
2066	7519
612	7519
1010	7519
2196	12421
3262	7522
755	12422
2595	7523
2197	12423
3735	12424
983	7525
3349	7525
2475	12425
3854	12425
2514	7529
2283	7529
1477	7530
2794	7530
2991	7531
1220	7531
2898	7531
2859	12426
2100	12427
232	7533
2725	7533
2204	7533
708	7534
3415	12428
3291	12428
1327	7537
1056	7538
1947	7538
1951	12429
1713	7539
2411	7539
3601	7540
1422	7540
1136	12430
1297	7541
1038	7541
2674	7541
76	7542
660	7542
1967	7542
493	7542
2518	7542
936	7542
2289	7542
1492	7542
3487	7542
1446	12431
2596	12432
1751	7544
1751	12433
1084	12434
3803	12434
3612	7545
2942	7546
3524	7547
2910	7547
3821	7547
3299	7547
166	7547
1321	7547
128	12435
3111	12435
225	12436
231	12436
3867	12436
2466	7550
3598	7550
1422	7550
1472	7550
3729	7550
1056	7550
3612	12437
3035	12438
928	12438
780	12438
1328	12439
3661	7552
3825	7552
632	12440
2781	12441
1284	12442
360	12443
103	7553
959	12444
416	12444
397	12445
3005	12446
1499	12446
416	12447
2526	12448
609	12448
2250	12448
172	12448
1055	12449
2315	7556
2607	7556
2954	12450
2708	12450
298	7557
1010	7557
2753	7558
2716	7558
356	12451
826	12451
2688	7559
1615	7559
2258	7559
1329	7560
3319	7560
706	7560
3523	7560
2750	7560
393	12452
1234	12453
3141	12454
2982	12455
3835	12455
1220	7568
1441	7568
2298	7568
1990	12456
903	7570
3640	7572
527	7573
3573	7576
3444	7576
2105	7577
2372	7577
3075	7577
3266	7577
3596	7578
1635	7579
1477	7580
1703	7580
1120	7580
547	7580
3216	7580
899	7580
2172	7580
1384	7580
2551	12457
3809	12457
2023	7581
447	12458
3393	12458
1117	7582
524	7582
811	7582
3655	7582
292	7582
818	7582
2248	7583
928	7583
2832	7583
690	7583
1673	7583
1117	7583
3199	7583
2101	7583
1104	7583
3381	7583
3660	7583
2845	7583
2380	7583
2646	7583
1947	7583
790	7583
3857	7583
818	7583
335	7583
1830	7584
1270	7584
3037	7585
1454	7585
1489	12459
2349	7586
1111	7586
1161	7587
1607	7588
2229	7588
2845	7588
2599	7588
2094	7589
1994	7589
2699	7589
174	12460
2796	12461
1554	12461
3242	12461
425	12461
936	7591
3331	12462
281	12462
2831	12463
2912	12464
3543	7593
2355	7593
644	12465
1677	12466
3102	7594
2836	7595
2781	7595
188	7595
3171	7595
2024	7595
3715	7595
131	12467
926	12467
3038	12467
1013	12468
1195	12469
3273	12470
2015	7598
2230	7598
1970	7598
315	7598
3093	7599
856	7599
3483	7599
2760	12471
2135	12471
411	12472
3134	7600
1166	7600
3846	7600
2358	7600
2123	7600
575	7600
2131	7600
2619	7600
3100	7600
3630	7601
3582	7601
1230	12473
3501	12473
166	12473
649	12473
118	7604
240	12474
1561	7605
814	7605
733	7605
674	7607
550	7607
3872	7607
460	7607
1538	12475
609	12475
3776	12475
3354	7609
3639	7609
3152	7609
649	7609
3513	7609
2598	12476
3368	7611
1465	7611
3798	7611
2192	7611
1925	7612
865	12477
236	7613
3595	7613
1248	12478
872	7615
2640	7616
2239	7616
976	7616
3178	7616
3198	7616
225	7616
2919	7616
272	7616
1588	7616
1497	7616
3328	7616
1131	7616
2328	7616
1713	7616
3801	7616
1285	7616
3329	7616
668	7616
2192	7616
1068	7616
3027	7616
258	12479
1248	7617
3523	7617
3627	7617
3628	12480
966	12480
2466	7618
621	7618
1765	7618
1970	7619
1655	7619
2641	12481
476	12481
649	12481
1333	7620
3256	7620
747	7620
3729	7620
3898	7620
3023	7620
1958	7621
2378	7621
887	7622
2229	7622
3468	7624
3256	7624
3794	7624
3729	7624
3299	7624
747	7624
431	7625
1243	7625
3121	7625
2813	7625
1544	7625
1220	7625
877	7625
2219	7625
1249	7625
1010	7625
3488	12482
3431	12483
1765	12484
1592	12484
3516	7627
1035	7627
3411	7627
410	7628
3883	7628
2687	7629
3513	7629
3785	7630
270	7630
2187	7630
2014	7630
2591	7630
2002	7631
2575	7631
3613	7633
2847	7634
971	7635
2269	7635
1725	7635
3635	7637
2699	7637
3112	12485
1684	12485
1342	12485
1507	12485
3364	12486
3680	12486
1395	12486
3780	12486
3369	12486
3853	7638
3112	12487
3459	12487
3222	12487
1013	12488
3204	7639
2466	7639
2105	7639
425	7639
239	7639
801	7640
3458	12489
3430	12489
317	12490
1567	7641
2925	7641
1298	7641
575	7641
1456	12491
358	12492
1056	12493
2881	12493
2385	7644
2849	7644
3751	7644
747	7644
2313	7644
3447	7645
3341	12494
3624	7647
1391	7648
3711	7648
3384	7648
1013	12495
978	12495
3341	12495
3173	7649
833	7650
3144	7650
1493	7650
1899	7650
1151	12496
2530	12496
1120	12497
991	12497
2742	12497
3100	12497
747	12497
966	12497
2435	7651
1899	7651
1508	7653
2753	7654
2259	7654
3038	7654
2595	7654
866	12498
2161	7656
735	12499
3269	7657
3684	7657
1556	7657
3746	7657
1036	12500
1392	12501
2883	7661
908	7661
1751	7661
1035	7661
1541	7661
956	7661
2731	7661
2194	7661
1370	7661
890	7661
3740	7661
3641	7661
1094	7661
1594	7661
1988	12502
1891	7663
2474	7663
2519	7663
2585	7663
3841	7663
1368	7663
3094	7663
1342	7663
1026	7663
2174	7664
1342	7665
2886	12503
957	12503
3848	12503
3735	12504
2601	7667
2545	7667
170	12505
1703	7668
170	12506
3005	7670
1751	7671
3079	7672
1395	7672
2737	7672
3274	7673
747	7673
3719	7673
3481	7673
3039	7674
3613	7674
950	12507
1220	7676
3488	7676
3748	7677
199	7677
2648	7677
2717	12508
2585	12508
2540	7678
872	7678
3789	7678
2464	7678
199	7679
2056	7679
2913	12509
1890	12509
1306	12509
3545	7680
2174	7681
3813	12510
742	7682
2785	7683
358	7683
3220	12511
3192	7684
975	7684
1879	7685
3440	7685
3132	12512
1435	12512
3137	7686
2587	7686
2397	12513
3893	12513
1380	12514
697	7689
2239	7689
3374	7689
2781	7689
3236	7689
1040	7689
2101	7689
1220	7689
3470	7689
3245	7689
787	7689
3621	7689
1725	7689
2646	7689
207	7689
1747	12515
1990	7690
1990	12516
462	12517
1817	12517
747	12517
1328	12518
1978	12519
3369	12519
2642	12520
2186	12521
2563	12522
3096	12522
2043	12522
3536	7692
1057	7692
2204	7693
3471	12523
1013	12523
1990	7696
2447	7696
3844	7698
3518	7699
1220	12524
2751	12524
2781	12524
1951	12525
2551	12526
2355	12526
1843	12526
2551	7700
2174	12527
1000	7701
2095	7701
1790	12528
2601	12529
1157	7702
1527	7705
1767	7705
3870	7705
3872	7705
3727	7705
441	7705
199	7705
3802	7705
1766	7705
465	7705
2092	7705
499	7705
518	7705
2474	7705
1347	7705
1952	7706
2796	7706
397	7706
1012	7707
1296	7707
176	7707
665	7707
836	7707
199	7707
1179	7707
244	7707
1630	7707
1632	7707
263	7707
406	7707
159	7707
1110	7707
1458	7707
390	7707
604	7707
383	7707
1426	7707
379	7707
990	7707
128	7707
1629	7707
1286	7707
664	7707
1113	7707
1644	7707
2582	7707
573	7707
494	7707
1811	7707
277	7707
491	7707
292	7707
1883	7707
1425	7707
246	7707
1636	7707
386	7707
580	7707
353	7707
438	7707
1529	7707
3487	7708
2607	12530
1240	12531
1618	12531
2266	7709
3719	12532
443	7710
353	7710
1058	7711
1474	7711
944	7711
3230	7711
353	7711
2777	7711
1724	7712
148	7712
1858	7712
2777	7712
702	12533
1060	12533
1597	7713
2776	7714
3230	7715
2387	7715
623	7715
1724	7715
2334	7715
1936	7715
1065	7715
295	7715
2041	7715
947	7715
1791	7715
1048	7715
353	7715
517	7716
2267	12534
2475	7717
1465	7718
1010	7718
2531	12535
1342	12535
611	12535
1352	12535
2033	7720
3042	7720
1693	7720
3597	7720
3260	7720
1117	7720
2753	7720
264	7720
2510	7720
3655	7720
2846	7720
1851	7720
2696	7720
2439	7720
3846	7720
1740	7720
2325	7720
2358	7720
1713	7720
1471	7720
2279	7720
2315	7720
3799	7720
2123	7720
1199	7720
1388	7720
2326	7720
3682	7720
964	7720
3133	7720
2152	7720
1490	7720
2795	7720
1614	7720
3456	7720
2789	7720
1829	7720
3432	7720
2075	7720
1725	7720
1057	7720
2550	7720
2559	7720
2734	7720
3411	7720
2841	7720
3897	7720
2978	7720
3074	7720
1201	7720
3866	7720
1839	7720
3379	7720
3413	7720
915	7720
1369	7720
752	7720
1995	7720
2364	7720
3410	7720
2577	7720
2094	7721
1111	7721
1759	7722
1958	12536
1737	12537
816	7723
1033	7723
3252	7723
3337	7723
2019	7723
964	7723
280	7723
1753	7723
2172	7723
2180	7723
2447	7723
3149	12538
2607	12538
3149	12539
1853	7724
3018	7724
3717	7724
3071	7724
3254	7724
2838	7724
390	12540
1089	7725
2753	7725
3425	7725
2276	7725
2142	12541
1471	7728
2598	7728
2876	12542
2353	12542
361	12542
2718	7731
3804	7731
1369	7731
2827	7731
2642	7732
3682	7733
2911	7733
1476	7734
113	7735
3756	7736
3259	7736
3513	7738
3374	12543
3674	12544
604	7740
3242	7740
664	7741
787	7741
3674	7741
2998	12545
2668	7742
2241	7743
2188	12546
3250	12547
896	7744
1614	7744
984	7744
795	12548
3884	12548
1199	12548
3391	12549
3498	12550
2883	12551
3674	12552
1456	7747
3039	7749
3786	7749
1373	7749
1760	7749
2614	7749
926	7749
1010	7749
3511	7749
990	7751
246	7751
1642	7751
162	7751
1296	7751
1113	7751
681	7751
386	7751
1643	7751
1425	7751
557	7751
302	7751
2340	7751
1905	7751
562	7751
1762	7751
1287	7751
554	7751
2520	7751
665	7751
1548	7751
163	7751
325	7751
121	7751
1110	7751
1286	7751
863	7751
388	7752
451	7752
562	7752
1523	7752
254	7752
674	7752
1287	7752
302	7752
568	7752
1642	7752
2340	7752
640	7752
604	7752
605	7752
162	7752
990	7752
128	7752
654	7752
1286	7752
1632	7752
406	7752
503	7752
1530	7752
555	7752
2520	7752
1742	7752
325	7752
1905	7752
20	7752
1516	7752
442	7752
1636	7752
292	7752
1112	7752
386	7752
681	7752
580	7752
246	7752
1425	7752
1629	7753
1008	7753
162	7753
1110	7753
1286	7753
1510	7753
710	7753
1732	7753
589	7753
1315	7753
220	7753
1638	7753
263	7753
990	7753
595	7753
1982	7753
176	7753
605	7753
562	7753
1642	7753
1424	7753
1287	7753
1292	7753
302	7753
332	7753
1516	7753
181	7753
1766	7753
1529	7753
580	7753
1666	7753
1742	7753
1670	7753
563	7753
681	7753
442	7753
450	7753
1636	7753
42	7753
1984	7753
246	7753
386	7753
1286	7754
334	7754
1593	7754
399	7754
1287	7754
450	7754
640	7754
990	7754
1742	7754
741	7754
1424	7754
406	7754
1671	7754
2340	7754
387	7754
562	7754
589	7754
1905	7754
1530	7754
246	7754
1982	7754
386	7754
17	7754
316	7754
580	7754
1529	7754
678	7754
494	7754
277	7754
405	7754
128	7754
681	7754
1292	7754
2400	7754
1590	7754
665	7754
325	7754
302	7754
381	7755
179	7755
2396	7755
1526	7755
176	7755
773	7755
608	7755
159	7755
1642	7755
3872	7755
531	7755
243	7755
323	7755
286	7755
605	7755
957	7755
548	7755
324	7755
2323	7755
518	7755
2395	7755
2117	7755
263	7755
2596	7755
1733	7755
1902	7755
417	7755
504	7755
1421	7755
1177	7755
121	7755
351	7755
269	7755
23	7755
557	7755
578	7755
3679	12553
191	7759
1708	7761
1362	7761
3702	7761
1555	12554
2187	12554
3260	7763
2636	7763
3776	12555
3658	12556
2848	12556
3091	7765
1200	7765
2235	7766
3680	7768
2839	7769
2479	7769
3103	7769
649	7769
2813	7769
2000	7769
2619	7769
3682	7769
2015	7769
1751	7769
3275	7769
3874	7769
2166	7769
2920	7769
2973	7770
3389	7770
2917	7770
2186	7770
2839	7770
3809	7770
2831	7770
3470	7770
1162	7770
524	7770
2182	7770
1925	7770
1655	7770
2920	7770
517	7770
1212	7770
1102	7770
1893	7770
357	12557
1081	12558
3146	12559
1821	12559
3510	7773
3752	7773
2101	7773
3686	7776
2994	7776
2702	7776
2138	7776
3844	7776
357	7776
2699	7776
1775	12560
3507	12561
2672	7778
2117	7778
3616	7779
2390	7779
3536	12562
2554	7780
2976	7782
3689	12563
2846	7783
1748	7784
2564	7784
2568	7785
2964	7786
2431	7786
3887	12564
2248	7787
764	12565
1277	12565
3901	12566
3583	12566
887	12567
1395	12567
3091	12567
1183	12568
779	7793
2918	7793
3147	12569
3719	7794
1033	12570
3043	12570
1097	12571
2498	12571
3804	12571
2048	12571
3136	12571
2312	12572
2742	12573
2776	12573
1160	12574
2519	12575
1933	12576
3364	7797
3880	7797
3298	7797
3269	12577
2085	7798
2532	7798
3883	12578
3814	12578
3420	7800
2818	7800
2101	7800
2011	7800
876	7801
3094	7801
810	7801
780	12579
1911	12579
897	7804
3553	7804
2230	7806
1970	7806
412	7806
2475	7806
3269	7807
2423	7807
3393	7807
3367	7808
957	7809
649	7810
705	12580
2475	12580
3612	12581
2635	12582
3198	12582
447	12583
390	7811
3269	7811
3393	7811
2474	7813
2781	7813
2965	7813
2021	7813
2337	7813
3847	7813
1751	7813
2064	7814
2560	7814
3483	7815
1033	7816
3732	7818
3564	12584
983	12584
3836	12584
3866	12584
2525	12584
968	7819
689	7819
2917	7823
278	7823
1044	7823
355	7824
2645	7824
1167	7824
963	7824
3636	7824
3471	7825
1097	12585
2856	12585
3318	12586
2610	7829
1848	12587
3646	12588
3194	7833
1010	7833
2372	7834
3270	7834
609	7834
213	7834
3194	7834
632	12589
1594	12589
3561	7835
1301	7836
3646	7838
1247	12590
3745	7839
2105	12591
1330	7840
1010	12592
220	12593
2703	12593
1768	12594
806	12595
1731	7841
983	7841
610	7841
2449	7841
1073	7841
3265	12596
76	12597
577	12598
3392	12599
609	7845
589	12600
2131	12601
2172	12601
2728	12601
1970	7847
3131	7847
2349	12602
1932	7848
2085	7848
3044	7848
1935	7848
3397	7848
1926	7848
1614	7848
2580	7848
2517	7848
529	12603
2314	12603
2178	7849
2787	7849
855	7849
1034	7849
292	7849
1149	12604
387	7850
2676	12605
2256	7851
2260	12606
1468	12606
113	7852
751	7852
3402	12607
1195	7853
1393	7853
1111	7853
1765	7853
1930	7853
2204	7853
2532	7853
1832	12608
933	7854
609	7854
3331	7854
1455	7854
1664	7857
3561	12609
1384	7859
968	7861
1277	12610
2849	7862
3082	7862
764	7862
661	7862
1136	7862
3070	7862
2529	7862
1161	7862
3571	7862
1925	7862
3521	7862
3604	7862
2315	7862
2672	7862
3221	7862
3511	7862
1586	7862
3258	7862
3488	7862
1055	7862
599	7862
2839	12611
1089	12612
1849	12613
2911	12613
1836	12613
1015	12614
3196	12614
2026	7868
2113	7868
2527	7868
1455	7868
959	7868
1821	7868
1067	7869
3756	7869
2618	7869
3311	7869
1291	7869
2506	12615
874	12615
1327	12615
3423	7870
3888	7870
2168	7870
199	7870
1033	12616
3612	12616
1491	12617
2221	12617
3190	7871
2846	7871
3628	7871
1951	7871
2001	7871
2791	7871
663	7871
1472	7871
1369	7871
1393	12618
1038	12618
2819	12618
1033	7872
1029	12619
2983	7874
2983	12620
2982	12620
1010	12621
2697	12622
2000	12622
3147	7875
3440	7875
1852	7876
3424	7877
2917	7877
2893	7877
1453	7877
3688	12623
653	7880
1937	7880
525	7880
1282	7881
3611	7881
889	7881
1470	12624
2715	7882
3890	12625
3734	12626
592	7883
1871	12627
3369	12627
1726	12627
3048	12627
1880	7885
3394	7886
2280	7886
1579	12628
1398	12629
2668	12630
3672	12631
399	12631
1195	7887
632	7887
3385	7887
3336	7888
1092	7888
3653	7888
3302	7888
3147	12632
2142	12633
1887	7891
2586	7891
1836	7891
3012	7891
3644	7891
3678	12634
1033	7894
2178	7894
957	7894
2249	7894
3709	7894
128	7894
2204	7894
616	7894
1874	7895
1765	12635
2995	12635
3546	12635
3550	7897
2252	7897
1552	12636
1149	12636
2189	12637
3869	12638
3446	7899
3816	7899
1470	7899
1137	7899
1074	7899
3120	7899
3647	7899
791	7899
1992	7900
3008	7900
1376	7900
972	7901
2047	7901
3504	12639
3798	12640
1982	12640
1025	7903
1078	7903
3586	7903
1000	7904
372	12641
2204	12642
1081	12642
2822	7905
2057	7905
3866	12643
1990	12644
838	7907
2303	7907
1176	7908
2680	7908
3276	12645
3322	7910
1990	7910
2753	12646
1847	7911
1391	7911
3756	7913
3141	7914
1010	7914
3149	7915
1041	12647
2577	12647
239	12648
1734	7917
3147	7918
3538	7918
1397	7919
2439	7919
625	7919
3520	7919
3649	7920
2484	12649
1677	12649
3109	12650
1117	12650
1448	12651
589	7922
3845	7922
462	7922
914	7923
3364	7923
865	7923
2719	12652
2018	12653
1361	12654
1215	12654
3744	12655
1472	12655
1707	7924
2679	12656
1999	12656
2183	12656
3100	12656
3613	12657
3298	12657
3620	7926
1222	7926
3422	7926
2433	12658
3237	12658
3533	7927
2424	7927
3119	7927
661	12659
1703	12659
3134	7930
781	7930
652	7930
922	7930
2077	7930
1244	7930
1815	12660
1508	7932
2753	7932
872	7932
3635	7932
2378	7932
3464	7932
341	12661
281	12662
1486	7933
1816	7933
1613	7933
2151	7933
1010	7933
3338	12663
1081	12663
281	7934
2986	12664
3040	12664
755	12665
1905	12665
1731	7935
2439	7935
2986	7935
3258	7935
3447	7935
2577	7935
1004	12666
1817	7936
3361	7938
2642	7938
3309	7938
2677	7938
2553	7938
3598	7938
735	7938
128	12667
1762	7939
3037	7939
1767	7939
832	7939
667	7939
518	7939
3015	7939
1798	7939
199	7939
3727	7939
584	7939
2439	7939
441	7939
3860	7939
855	7939
2617	7939
3704	7939
1157	7939
1619	7939
548	7939
1471	7939
3222	7939
3605	7939
491	7939
1418	7939
3145	7939
2261	7939
173	7939
2880	7939
2464	7939
3238	7939
652	7939
2475	7939
205	7939
207	7939
199	7940
1832	7940
1372	12668
1694	12669
2466	12669
1848	7942
3646	12670
889	7944
2462	7945
1703	12671
922	12671
1836	12671
3104	12672
632	12673
1530	12673
1251	7947
3226	7948
2235	12674
740	7950
3825	12675
2318	12676
3834	12677
2797	7952
1821	7952
3174	12678
3730	12679
740	12679
2874	12680
1836	12681
3086	12682
2026	7954
2154	7954
1295	7954
1010	7954
2424	7954
416	12683
1789	12684
3420	7955
3104	7955
1528	7955
2977	7955
1855	7955
1821	7955
393	7956
1141	12685
1538	7957
740	7957
767	7958
3104	7959
2000	7961
576	12686
2964	12687
2753	12688
2964	7966
1587	7966
1456	12689
2294	12689
676	7969
2230	7972
2687	7973
1448	7973
3413	7973
3618	7974
446	12690
780	12690
3151	12691
3513	12691
278	7978
2641	7978
2461	7978
446	7979
3084	7980
1780	12692
747	7982
2422	7983
3735	7984
3390	12693
3556	7986
3140	7986
613	7987
1271	7987
1033	7987
2839	7987
1958	7987
1456	7989
2764	7989
3821	7989
3599	7989
437	7989
1006	7990
1091	7990
3183	7990
3773	7990
1384	7990
3545	7990
2458	7990
1384	7991
437	7991
2583	7991
3610	7992
2321	7992
3005	7993
2138	7993
1449	7993
1713	7993
2965	7993
3691	7993
2408	7993
2011	7993
3545	7993
2795	7993
2560	7993
2990	7993
2612	7993
649	7993
3023	7993
2960	12694
3271	12694
3147	12695
2749	12695
3321	12695
1729	12696
3147	7994
2251	7994
2795	7994
2616	7994
3147	7995
1202	7995
3209	7996
662	12697
2434	12697
2101	12698
3642	7999
199	7999
2979	7999
1393	7999
1542	7999
1871	7999
2056	7999
2087	7999
3588	7999
3203	7999
1831	7999
3573	7999
1892	7999
1386	7999
2011	7999
2904	7999
750	7999
231	7999
964	7999
3680	8000
3194	8000
1229	12699
2201	8002
280	8002
1160	8002
2697	8002
3318	12700
3041	8003
131	8003
3532	8003
2636	8003
684	8003
2911	12701
780	12701
1090	12701
1277	12701
225	8004
2015	8005
2352	8005
3310	8005
2669	8005
2960	8005
952	8005
2831	8005
3220	8005
2763	8005
638	8005
3387	8005
2677	8005
3135	8005
3024	8005
3442	8007
1988	12702
1053	12703
1051	12703
2385	8008
780	8008
3874	8008
1951	12704
1561	12705
1935	8009
2839	8009
2187	8009
2407	8010
897	12706
3752	8011
3309	8011
3442	8012
1213	8012
2643	8012
3194	8012
3347	12707
2794	12707
929	12708
3761	8015
902	8015
466	8015
3765	12709
3795	12710
2967	12711
3849	8016
3044	8016
1044	8016
1220	8016
1912	8016
1129	12712
2717	12712
1393	12712
649	12712
3002	12713
2186	8018
470	8018
2658	8018
1119	8018
518	8018
1296	8018
3584	8018
2923	8018
2397	8018
548	8018
439	8018
1441	8018
883	8018
1779	8018
798	8018
3220	8018
3872	8018
667	8018
384	8018
434	8018
3605	8018
1766	8018
2406	8018
292	8018
499	8018
2092	8018
1686	8018
2240	8018
3858	8018
1572	8018
3100	8019
1470	8020
3260	8020
3206	8020
3568	8020
1327	12714
3430	12714
3406	12715
832	8021
1767	8021
2474	8021
2397	8021
1198	8021
439	8021
3860	8021
798	8021
3664	8021
384	8021
465	8021
679	8021
332	8021
511	8021
836	8021
292	8021
541	8021
1572	8021
3772	8021
341	8022
842	12716
341	12716
341	12717
170	8023
387	8023
3646	12718
3820	12719
1853	8024
3595	8024
1321	8024
3347	12720
3732	12720
2935	12721
3406	12721
3276	12722
675	8026
1459	8026
244	8026
1008	8026
1651	8026
2220	8026
3833	8026
417	8026
3802	8026
1796	8026
1661	8028
3447	8028
1884	12723
1416	8030
2362	8030
1831	8030
2685	8030
3113	8030
630	8030
2467	8030
3813	8030
1841	8030
2204	8030
525	8030
3483	12724
3121	8032
2845	8033
238	8033
1553	8034
913	8035
2419	8035
3756	8035
1002	8035
1352	8035
780	8035
3263	8035
3429	12725
3377	12725
2842	12725
3141	12726
2223	8037
2163	8037
1693	8037
3168	8037
1359	8037
3039	8037
1851	8037
1544	8037
1765	8037
94	8037
931	8037
2018	8037
2773	8037
2907	8037
747	8037
1164	8037
1801	8037
3145	8037
3241	8037
2933	8037
1725	8037
2510	8037
3729	8037
1856	8037
1052	8037
2281	8037
2595	8037
1023	8037
3847	8038
3019	8038
1160	8038
1160	12727
2590	8039
2402	8039
2355	12728
3178	12729
393	8040
920	8041
670	8041
393	8041
1672	8042
2672	8043
489	8045
2015	8046
1119	8046
589	8046
1039	8046
325	8046
518	8046
3727	8046
3029	8046
1767	8046
3870	8046
328	8046
836	8046
3605	8046
3716	8046
3161	8046
511	8046
509	8046
465	8046
1342	12730
2621	8047
3015	8048
2941	8049
999	8049
950	8049
209	8050
1067	8050
164	8050
950	12731
1594	8051
787	8051
2056	12732
1178	12732
3669	12732
3471	12733
3261	12734
2359	12735
1544	12736
3470	12737
2151	12737
3565	12737
1219	12738
1296	8052
1519	8052
1347	8052
264	8052
2474	8052
995	8052
441	8052
3727	8052
584	8052
491	8052
332	8052
1683	8052
646	8052
1766	8052
511	8052
376	8052
2532	8052
205	8052
496	8052
3858	8052
2092	8052
2268	8053
2385	8053
1759	8053
1032	8053
3812	8053
907	8053
2138	8053
2476	8053
978	8053
711	8053
425	8053
2298	8053
3653	8053
966	8053
1193	8053
3226	8053
1257	8053
387	8053
2000	8054
3273	12739
3104	8056
1044	12740
2640	12740
3575	12740
425	12740
2206	8059
2205	8059
3835	8060
3432	12741
2258	12742
1456	8061
446	12743
3173	12744
2965	8063
3818	8063
1035	12745
179	8064
231	8064
2210	12746
3420	8065
2979	8065
3082	8065
609	8065
1979	8065
1350	8065
2899	8065
3132	8065
314	8065
1379	8065
1450	8065
425	12747
2642	12748
1938	12749
2262	8067
545	8069
76	8069
258	12750
2640	8071
2204	12751
886	12752
2260	12753
2110	8074
3781	8075
3808	8075
2000	8075
3211	8075
1056	8076
983	8077
3015	8077
1089	8077
1056	8077
2466	8078
3312	8078
2135	12754
3612	8079
2865	8079
1376	8079
3507	8079
3513	8079
3079	8081
3234	8081
3895	12755
2753	12756
1297	8082
2918	8082
2593	8082
292	8082
2959	8083
562	8083
1389	8083
737	8083
3095	8083
3290	8083
3731	12757
1990	12757
341	12758
2506	12759
1412	8087
1664	8087
1608	8088
2231	8089
3528	8089
314	8089
163	8090
245	8090
1608	8090
2015	8091
2199	8091
1990	12760
2189	12760
2781	12761
3276	12761
649	12761
1720	12762
2846	8092
1999	8092
2534	8093
1882	8094
2970	8095
2035	8095
1575	8095
3702	8095
1094	8095
3837	8096
1223	8096
1932	8097
1160	8097
1422	8097
2635	12763
2687	12763
3887	8098
3526	8099
2928	8099
3788	8099
1053	8100
2831	8101
3011	8101
3767	8103
3224	8103
199	12764
1295	12764
2540	8104
1474	8104
199	8104
2056	8104
3059	8104
2164	8104
595	8104
2985	8104
2922	8106
235	8106
1033	8106
2432	8106
479	8106
2782	8106
3791	8106
3132	8106
3871	8106
2380	8106
3780	8106
1740	8106
3604	8106
1329	8106
3592	8106
3470	8106
1476	8106
128	8106
2685	8106
628	8106
1105	8106
1837	8106
3200	8106
2575	8106
3407	8106
818	8106
1594	8106
314	8106
1615	8106
3141	12765
1661	12766
2424	12767
3141	12768
751	12769
3898	12769
1040	8108
3881	8108
2874	12770
949	8109
3231	8109
2993	8109
2180	12771
1230	8110
782	8110
1037	8110
2320	8110
3299	8110
434	8110
729	8110
793	8111
2034	8111
651	8111
235	8113
782	8113
1190	8113
434	8113
3299	8113
2131	8113
3740	8113
729	8113
1841	12772
838	8114
3731	8114
2753	8114
2672	8114
1832	8114
1832	12773
609	12774
3306	12774
3731	8115
2494	8117
976	12775
3731	12775
3729	12775
3729	8118
2510	12776
3680	8119
1036	8119
3197	12777
3641	12777
2799	12778
2260	8121
2439	8121
2912	12779
2823	8125
1788	8126
806	8126
1394	8126
1447	8126
1750	8126
1384	8126
3824	12780
2753	8128
3552	12781
3700	8129
2831	8132
3268	8132
3726	8132
3467	8132
3042	8133
2160	8133
2663	8133
2679	8134
1832	8135
2844	8135
3824	8135
1313	12782
3194	12783
2771	8137
1255	8137
2148	12784
3390	12784
1397	12785
3547	12786
927	8139
3733	8139
1880	12787
272	12788
2556	12788
3884	12788
797	8141
884	12789
1301	12789
1502	12790
2519	12791
1751	12791
1452	8142
3202	8142
652	8142
943	8143
2045	8143
2575	8143
2985	8143
3513	12792
3188	8146
850	8146
2827	8146
2208	8147
1551	8147
1055	8147
2114	8147
1497	8147
1080	8147
2165	8147
3269	12793
2341	12794
3269	12794
3345	12795
3684	12796
2812	8149
631	8152
2617	8152
2461	8152
3184	12797
3850	8153
1456	8154
1959	8154
2382	8154
769	8156
3447	8156
1342	8156
3784	8157
2189	8157
1279	12798
2329	12799
2246	8159
3845	8159
1092	12800
3528	8161
972	8161
3413	8161
3610	12801
3021	12802
1584	12803
1033	8164
1420	8164
1003	8164
2837	8164
2973	8164
1376	8164
2583	8164
3811	8164
866	8164
1345	8164
663	8164
3298	8164
3205	8164
3372	8164
1489	8164
3140	8164
1052	8164
2545	8165
2552	8165
2874	8165
3302	8165
1056	12804
3326	12805
893	12806
3343	12806
3182	12807
1428	8166
3141	8168
3269	8168
1428	8168
1679	8168
3857	8168
2445	8168
2447	8168
649	12808
11	12809
1553	8171
2259	8171
1199	8172
882	12810
3203	8173
2223	8173
3079	8175
1779	8175
3672	8175
2646	8175
3627	8175
747	8175
3058	8175
3685	12811
281	12811
3447	12811
3585	12811
2771	12812
2162	12813
1054	8178
3132	8178
2673	8178
1485	8178
3364	8179
2682	8179
2165	8179
1754	8179
1141	8179
2125	8179
1751	8179
2518	12814
3756	12815
926	12815
17	8180
1837	8180
2732	8181
3780	8182
1850	12816
2852	8183
2993	8183
3750	8185
1848	8185
2183	8185
2799	8186
818	8187
705	12817
605	8189
671	8189
2262	12818
2185	8190
1241	8190
3786	8190
1041	8190
162	8190
1695	8190
1727	8190
2160	8190
2390	8190
2378	8190
3220	8190
2663	8190
2904	8190
1931	8190
2525	8190
3221	8190
290	8190
2572	8190
571	8190
2775	8190
1711	8190
3790	8190
390	12819
2000	12819
440	12820
2130	12821
2251	8191
1053	8191
3709	8192
3321	8192
3358	8192
2666	8192
3343	8192
1977	8193
818	8193
3526	12822
2125	12823
1010	12824
3041	8195
3502	8195
2957	8195
117	8195
3866	8195
1841	8195
1613	8196
1704	12825
1806	12825
2776	12825
2677	12825
888	8197
2808	12826
2143	12826
1010	12827
764	8199
658	8201
718	8201
2677	8201
1988	8201
559	8202
113	8203
1608	12828
2996	12829
747	12829
1006	12830
2424	12830
1219	8204
3065	8204
649	8204
3619	12831
2978	12832
3148	12832
3616	8206
3079	8207
3684	8208
747	8208
2026	8211
3374	8211
2466	8211
2038	8211
2613	8211
172	8211
1393	8212
2056	12833
1850	8213
2839	8213
706	8213
486	8213
3298	8213
895	8214
2891	12834
206	8216
113	8216
3032	8216
300	8216
954	8216
540	8216
957	8216
2220	8216
759	8216
161	8216
3381	8216
2171	8216
341	8216
371	8216
2796	8216
3497	8216
1032	8216
567	8216
3756	12835
1441	8217
337	8218
1012	8218
1287	8218
507	8218
500	8218
988	8218
1179	8218
1414	8218
569	8218
159	8218
243	8218
2323	8218
1514	8218
385	8218
121	8218
3122	8218
747	8218
572	8218
3002	8218
803	8218
583	8218
469	8218
671	8218
593	8218
387	8218
681	8218
586	8218
1303	8218
1130	12836
3276	12836
3343	12837
2428	12837
2390	12838
1070	12838
2414	12839
810	12839
872	8221
1268	8221
2374	8221
897	8221
1464	8221
3028	8221
632	8222
3448	8222
997	8223
3205	8224
1896	12840
2862	8226
578	8226
2649	8226
3385	8227
2553	8228
577	12841
3154	8229
2907	12842
3147	12843
3081	12843
1043	8230
1361	8230
3147	8231
1755	8231
1695	8231
1585	8231
3817	8231
3595	8231
2792	8231
2672	8231
1342	8231
649	8231
3147	8232
2855	8232
1696	8232
3663	8232
2505	8233
2561	8233
3418	8234
2429	8234
1237	8234
1410	8235
1282	8236
1449	8236
3494	8236
3471	8236
1325	8236
