user_id_new	item_id_new
0	4513
0	4151
0	7096
0	6151
0	2173
0	1088
0	1090
0	1091
0	1011
0	1181
0	1187
0	1184
0	1183
0	2309
0	5477
0	1098
0	1006
0	6831
0	939
0	1097
0	1477
0	4546
0	5651
0	4334
0	543
0	228
0	356
0	2386
0	254
0	464
0	2389
0	2387
0	211
0	212
0	2388
0	240
0	241
0	242
0	243
0	245
0	244
0	674
0	247
0	249
0	250
0	252
0	257
0	246
0	293
0	321
0	237
0	238
0	231
0	395
0	333
0	327
0	401
1	4347
1	10568
2	444
3	520
4	1278
4	42
4	67
4	54
4	161
4	524
4	273
4	316
4	388
4	3
5	1278
5	388
5	1015
5	55
5	79
5	520
5	148
5	386
5	42
5	350
5	120
5	161
5	8322
5	18
5	147
5	54
5	658
6	317
6	8308
6	55
6	1278
6	79
6	1015
6	78
6	148
6	66
6	32
6	33
6	108
6	273
6	316
7	81
7	42
7	63
7	94
7	386
7	273
7	547
7	41
7	516
7	276
7	40
7	37
7	66
7	108
7	350
7	161
7	154
7	18
7	520
7	44
7	43
7	92
7	73
7	72
7	67
7	8322
7	524
7	316
7	388
7	93
7	69
7	65
7	30
7	186
8	388
8	317
8	1015
8	148
8	202
8	70
8	225
8	276
8	73
8	78
8	386
8	72
8	273
8	547
8	66
8	40
8	63
8	32
8	108
8	33
8	350
8	120
8	54
8	147
8	316
8	67
9	345
9	320
9	107
9	303
9	181
9	102
9	160
9	84
9	47
9	272
9	339
9	35
9	31
9	49
9	266
9	46
9	164
9	26
9	23
9	220
9	680
9	22
9	145
9	128
9	34
9	21
9	16
9	72
9	17
9	838
9	337
9	9
9	11
9	86
10	5600
10	10403
10	345
10	320
10	181
10	160
10	49
10	220
10	275
10	26
10	73
10	17
10	102
11	9552
11	12809
11	3662
11	10782
11	10608
11	1029
11	187
11	3430
11	102
11	181
11	49
11	16
11	1938
11	73
11	8241
11	88
11	72
11	391
11	6179
11	11826
11	128
11	275
12	7207
12	5959
12	4255
12	3229
12	2395
12	1696
12	1313
12	1049
12	1004
12	1077
12	830
12	718
12	1324
12	210
13	1370
13	1193
13	1186
13	2608
13	1079
13	1114
13	1327
14	4979
14	3470
14	1244
15	6025
15	2719
15	1113
16	1812
16	2569
16	1193
16	2715
16	610
16	257
16	294
16	240
16	571
17	8180
17	4131
17	3561
17	2566
17	1695
17	11319
17	12046
17	1212
17	2312
17	7754
17	2848
17	686
17	210
18	6748
18	7135
18	6537
18	6527
18	6024
18	2716
18	1912
18	1910
18	1908
18	2160
18	1902
18	1372
18	1370
18	1190
18	2505
18	1194
18	1189
18	1006
18	877
18	1049
18	978
18	5653
18	6690
18	2930
18	1619
18	561
18	1325
18	933
18	1044
18	678
18	686
18	689
18	246
18	245
18	1323
18	247
18	307
18	369
18	282
18	134
18	300
18	228
18	258
18	209
19	1244
20	5275
20	2716
20	2011
20	2171
20	2173
20	7752
20	2314
20	1005
20	6161
20	4690
21	12025
21	2716
21	1902
21	7020
21	2430
21	6819
22	6003
22	4915
22	4513
22	3561
22	3330
22	1083
22	1387
22	344
22	378
23	7755
23	1113
23	1081
23	6825
23	6823
23	5477
23	6831
23	1326
23	210
24	107
24	86
24	22
24	17
24	84
25	924
25	5308
25	421
25	84
25	86
25	181
25	49
25	220
25	22
25	23
25	31
25	21
25	35
26	320
26	23
27	320
27	35
27	102
27	84
27	26
27	46
27	181
27	680
27	164
27	17
28	26
28	16
28	320
28	339
29	320
29	49
29	46
29	17
29	84
29	102
29	27
30	1243
30	320
30	23
30	27
30	326
30	26
30	164
30	680
30	187
30	21
30	22
30	16
30	337
31	1246
31	320
31	11919
31	31
31	49
31	181
32	621
32	490
32	337
32	345
32	421
32	646
32	84
32	160
32	16
33	4062
33	337
33	621
33	107
33	303
33	102
33	181
33	160
33	84
33	320
33	646
33	339
33	49
33	35
33	86
33	46
33	26
33	23
33	275
33	128
33	164
33	290
33	201
33	16
33	17
33	838
33	421
33	21
33	11
33	5
33	45
33	10
33	220
33	70
34	3689
34	621
34	1166
34	320
34	1
34	107
34	272
34	1930
34	47
34	181
34	102
34	84
34	49
34	31
34	46
34	220
34	680
34	34
34	23
34	164
34	128
34	22
34	17
34	16
34	838
34	21
34	339
34	73
34	72
34	120
34	337
34	10
34	5
35	31
35	959
35	181
36	84
37	201
37	16
37	23
37	320
37	17
37	22
37	47
37	339
37	9
37	637
38	107
38	160
38	339
39	17
39	1930
40	621
40	160
40	320
40	339
40	646
40	84
40	102
40	266
40	326
40	220
40	86
40	680
40	275
40	164
40	17
40	201
40	36
40	16
40	21
40	73
40	47
41	7278
41	7144
41	7033
41	7032
41	6961
41	6896
41	6959
41	6958
41	6341
41	6432
41	4915
41	4787
41	4896
41	4140
41	4669
41	3193
41	3186
41	5433
41	4007
41	1905
41	1473
41	1472
41	940
41	1044
42	5959
42	4852
42	3329
42	2002
42	1545
42	7753
42	1186
42	6825
42	6095
42	2719
42	2717
42	2715
42	2714
42	2713
42	1190
42	1080
42	1185
42	1194
42	1193
42	1192
42	1191
42	1077
42	1011
42	1079
42	962
42	2311
42	1183
42	1009
42	1007
42	1205
42	877
42	1096
42	1050
42	1049
42	1099
42	1097
42	1114
42	1326
42	546
42	5651
42	1327
42	4690
42	5652
42	4546
42	339
42	305
42	350
42	293
42	251
42	86
42	84
42	3655
42	337
42	0
42	53
43	26
43	164
43	206
43	320
43	17
43	16
43	34
44	524
44	173
44	177
44	471
44	303
44	642
44	13
44	85
45	114
45	80
45	520
45	276
45	225
45	73
45	386
45	42
45	72
45	55
45	273
45	41
45	63
45	66
45	547
45	37
45	30
45	18
45	32
45	43
45	20
45	2
45	177
45	8322
45	3
46	276
46	73
46	386
46	161
46	18
46	63
46	120
46	350
46	8322
46	147
46	524
46	316
46	388
46	4
46	72
46	2
46	3
46	173
46	55
47	148
47	43
47	516
47	1015
47	520
47	1278
47	78
47	73
47	276
47	72
47	94
47	63
47	273
47	33
47	18
47	120
47	67
47	147
47	316
47	177
47	350
48	1015
48	79
48	148
48	114
48	520
48	73
48	56
48	55
48	66
48	273
48	386
48	30
48	72
48	120
48	69
49	547
49	81
49	37
49	350
49	273
49	66
49	73
49	63
49	520
49	67
49	32
49	92
49	72
49	108
49	33
49	4
49	142
49	154
49	161
49	8322
49	386
49	44
49	18
49	54
49	524
49	30
49	388
49	3
49	65
49	2
49	658
49	58
49	71
49	20
49	13
50	8322
50	18
50	70
50	161
50	43
50	350
50	54
50	4
50	67
50	316
50	186
50	93
50	65
50	547
50	71
50	58
50	20
50	13
51	71
51	148
51	70
51	78
51	225
51	94
51	40
51	41
51	63
51	43
51	73
51	524
52	345
52	181
52	46
52	17
52	23
52	26
52	164
52	680
52	21
53	320
53	339
53	17
54	339
54	23
54	22
54	21
54	36
54	320
55	8670
55	1771
55	2443
55	4801
55	702
55	5972
55	164
55	26
55	17
55	47
56	10871
56	160
56	339
56	646
56	266
56	49
56	26
56	326
56	275
56	680
57	101
57	8307
57	66
57	94
57	1626
57	36
57	471
58	345
58	26
58	160
58	220
58	680
58	181
59	26
59	164
59	220
59	23
59	21
59	337
60	31
60	35
60	303
61	900
61	924
61	421
61	107
61	320
61	305
61	646
61	57
61	26
61	680
61	201
62	160
62	320
62	26
62	680
62	181
62	220
62	22
62	23
62	164
62	21
62	339
62	11
62	10
62	337
63	5022
63	337
63	160
63	272
63	303
64	337
64	107
64	84
64	35
64	49
64	46
64	26
64	27
64	220
64	680
64	34
64	128
64	16
64	164
64	23
64	339
64	386
64	120
64	73
65	320
65	31
65	49
65	26
65	23
65	164
65	128
65	16
65	339
65	337
65	9
65	10
65	5
65	47
66	339
66	16
67	1278
67	40
67	520
67	114
67	148
67	225
67	73
67	69
67	56
67	72
67	547
67	41
67	120
67	161
67	54
67	290
67	14
67	186
68	2359
69	3736
69	290
69	120
69	79
69	547
69	658
69	18
69	81
69	388
70	7253
70	11639
70	11215
70	2013
70	1906
70	1908
70	1907
70	1913
70	1910
70	1403
70	1186
70	1188
70	1452
70	1226
70	2719
70	2608
70	2713
70	2715
70	1087
70	1077
70	5204
70	1090
70	1089
70	1205
70	1212
70	2505
70	2311
70	1011
70	1098
70	1009
70	1032
70	1034
70	1020
70	1080
70	8746
70	1004
70	1049
70	1050
70	5653
70	2389
70	2386
70	254
70	251
70	211
70	252
70	243
70	242
70	250
70	3853
70	213
70	233
70	71
70	593
70	137
70	155
70	189
70	106
70	327
70	328
70	330
70	395
70	331
70	451
70	181
70	22
70	195
70	86
70	84
71	5880
71	1182
71	3642
71	3655
71	3672
71	3853
71	1521
71	544
72	160
72	164
72	220
72	8409
72	1423
72	680
72	128
72	16
72	34
72	17
72	201
72	11
72	337
72	326
73	160
73	621
73	47
73	16
73	17
73	337
74	10523
74	5120
74	1902
74	2002
74	1903
74	1904
74	2011
74	12260
74	1913
74	2959
74	2013
74	3155
74	10073
74	1907
74	4189
74	1909
74	1090
74	2014
74	1083
74	6821
74	1205
74	3672
74	1096
74	1326
74	1327
74	1163
74	832
74	9128
74	1941
74	533
74	245
74	240
74	239
74	246
74	247
74	257
74	211
74	212
74	249
74	243
74	244
74	242
74	208
74	255
74	253
74	132
74	103
75	7204
75	1494
75	99
75	100
75	97
75	98
75	31
76	8663
76	12597
76	7542
76	1050
76	2985
76	4449
76	5160
76	6214
76	8069
76	11538
77	266
78	320
78	160
78	35
78	303
78	16
78	339
78	680
78	290
78	26
78	337
78	164
78	17
79	621
79	107
79	320
79	305
79	160
79	49
79	181
79	102
79	26
79	220
79	8776
79	23
79	17
79	16
79	9
79	10
80	26
80	220
80	320
80	680
80	21
80	17
80	27
80	326
80	685
80	275
80	9
81	4062
82	345
82	320
82	303
82	84
82	102
82	339
82	160
82	35
82	49
82	266
82	2131
82	5785
82	31
82	310
82	8256
82	220
82	86
82	680
82	26
82	685
82	206
82	275
82	125
82	21
82	337
83	35
83	16
83	17
84	8306
84	345
84	680
84	23
85	1521
85	399
86	9606
86	10819
86	1824
86	8923
86	1436
86	1423
86	3949
86	621
86	1905
86	160
86	49
86	680
86	26
86	23
86	164
86	320
86	27
86	16
86	337
86	21
86	17
86	6131
86	84
86	10
86	9
86	102
86	86
87	272
87	320
87	160
87	680
87	73
87	17
87	36
87	164
88	2720
88	1914
88	6655
88	2013
88	1907
88	2569
88	1695
88	2717
88	3459
88	1317
88	1080
88	1609
88	940
88	1082
88	939
88	2848
88	4767
88	335
88	464
88	294
88	235
88	282
88	139
88	343
88	107
89	1246
89	107
89	160
89	305
89	339
89	303
89	266
89	326
89	17
89	16
89	201
89	22
90	8306
90	160
90	49
90	35
90	266
90	73
91	303
91	49
91	107
91	160
91	84
91	102
91	26
91	17
91	16
92	9761
92	1807
92	181
92	345
92	421
92	84
92	107
92	320
92	102
92	621
92	646
92	49
92	685
92	26
92	272
92	31
92	145
92	164
92	306
92	73
92	201
92	17
92	16
92	22
92	21
93	337
93	621
93	320
93	84
93	181
93	22
93	23
93	272
93	17
93	31
93	88
93	680
93	21
94	10252
94	596
94	4365
94	8037
94	160
94	339
94	421
94	73
94	220
94	680
94	326
94	337
94	27
94	187
95	160
95	107
95	86
95	339
95	49
95	305
95	46
95	220
95	17
95	680
95	16
96	49
96	46
96	181
96	16
96	9
96	84
96	8
97	107
98	107
98	160
98	320
98	23
98	17
99	107
99	339
99	49
99	31
99	46
99	685
99	23
99	16
99	17
99	21
100	107
100	303
100	160
100	621
101	160
101	320
101	45
101	27
101	17
102	621
102	107
102	339
102	303
102	35
102	680
102	220
102	31
102	46
102	326
102	164
102	128
102	16
102	34
102	23
102	22
102	17
102	102
102	84
102	21
102	337
103	7553
104	2559
104	2882
105	1278
105	79
105	40
105	55
105	520
105	388
105	114
105	148
105	70
105	386
105	547
105	37
105	41
105	72
105	66
105	63
105	67
105	8322
105	120
105	154
105	350
105	44
106	520
106	72
106	41
106	108
106	18
106	32
107	107
107	303
107	22
107	23
107	26
107	17
107	164
108	1315
108	421
108	150
108	646
108	107
108	181
108	160
108	84
108	102
108	339
108	35
108	266
108	26
108	303
108	23
108	680
108	17
108	838
108	22
108	47
108	73
108	16
108	9
108	8257
108	8
109	46
109	102
109	49
109	181
109	35
109	66
109	63
109	26
109	18
109	73
109	94
109	273
109	547
109	350
109	22
109	23
109	72
109	21
109	164
109	58
109	9
109	2
109	3
109	154
109	680
110	161
110	350
110	18
110	8322
110	4
110	316
110	44
110	55
111	317
111	520
111	55
111	1015
111	1278
111	79
111	114
112	273
112	18
112	40
112	44
112	92
112	350
112	73
112	54
112	147
113	5794
113	11370
113	7092
113	8203
113	5727
113	11547
113	8216
113	6959
113	6537
113	6521
113	11594
113	6428
113	6001
113	7735
113	7852
113	5299
113	6260
113	4511
113	3778
113	3452
113	11385
113	3271
113	2720
113	8605
113	1628
113	587
113	240
113	308
113	387
113	158
113	228
113	419
114	160
114	272
114	326
114	16
114	17
114	26
115	337
115	345
115	421
115	187
115	84
115	73
115	292
115	374
115	8
116	7146
116	6020
116	6019
116	6525
116	11390
116	4915
116	4414
116	5982
116	7395
116	4669
116	2720
116	9714
116	2003
116	2002
116	1905
116	3006
116	1088
116	1091
116	1189
116	1084
116	1033
116	1090
116	1183
116	1035
116	1006
116	1098
116	1182
116	1184
116	1034
116	939
116	1079
116	1181
116	940
116	1099
116	1114
116	1097
116	5652
116	5650
116	5651
116	1327
116	1326
116	4546
116	5653
116	678
116	1195
116	610
116	829
116	582
116	152
116	241
116	2387
116	240
116	247
116	464
116	239
116	6175
116	4951
116	2388
116	250
116	243
116	2386
116	309
116	190
116	158
116	231
116	237
116	238
116	155
116	326
116	1916
116	2491
116	344
116	132
116	253
116	391
116	10
116	75
116	3642
117	5477
117	8195
117	10979
117	4365
117	4028
117	1946
117	9392
117	6701
117	2312
117	4255
117	228
117	499
117	329
117	330
117	395
117	327
117	401
117	84
117	181
118	4169
118	6024
118	1909
118	1914
118	9936
118	2040
118	2601
118	1212
118	9927
118	5951
118	3883
118	4767
118	7604
118	4982
118	659
118	1339
118	3160
118	631
118	831
118	1202
118	1309
118	282
118	698
118	211
118	343
118	300
118	1278
118	212
118	81
118	501
118	326
118	71
118	158
118	697
118	189
118	4130
118	95
118	7143
119	8308
119	1278
119	114
119	202
119	148
119	69
119	520
119	1015
119	81
119	225
119	6289
119	78
119	56
119	94
119	72
119	63
119	40
119	30
119	350
119	120
119	92
119	290
119	18
120	6961
120	6341
120	6554
120	6379
120	5092
120	5224
120	2342
120	12393
120	11746
120	7035
120	1009
120	1079
120	1083
120	1007
120	5653
120	829
120	323
120	254
120	247
120	12083
120	4056
121	6431
121	6528
121	6023
121	12284
121	5286
121	7185
121	3875
121	3737
121	5889
121	10005
121	10059
121	4351
121	7755
121	8218
121	1388
121	6898
121	7751
121	6831
121	5651
121	940
121	583
121	5882
122	6880
122	2160
122	1316
122	12323
122	2504
122	1326
123	2313
123	1049
124	67
125	8308
125	69
126	350
126	352
126	388
126	315
126	479
126	314
126	334
126	8471
126	110
126	8308
126	317
127	110
127	154
127	8471
127	223
127	148
127	520
127	388
127	317
127	664
127	8308
127	1278
127	114
127	202
127	42
127	41
127	161
127	108
127	43
127	8322
127	33
128	12667
128	5288
128	6185
128	4568
128	10266
128	5327
128	7467
128	11102
128	3855
128	1905
128	2170
128	7752
128	7754
128	1541
128	1185
128	7049
128	6163
128	12435
128	3480
128	3425
128	7707
128	1092
128	1187
128	3918
128	833
128	3004
128	12381
128	940
128	1099
128	1097
128	4530
128	941
128	938
128	937
128	1406
128	8106
128	547
128	4696
128	543
128	10666
128	8596
128	350
128	8300
128	228
128	533
128	227
128	243
128	242
128	247
128	321
128	2386
128	102
128	239
128	252
128	4653
128	84
128	2305
128	251
128	244
128	245
128	208
128	91
128	2911
128	7894
128	499
128	406
128	593
128	501
128	301
128	299
128	697
128	189
128	158
128	144
128	35
128	159
128	329
128	298
128	401
128	395
128	31
128	106
128	95
128	8292
128	11700
128	8379
128	333
128	96
128	327
128	23
128	22
128	21
128	9401
128	2256
128	6937
128	45
128	42
128	597
128	122
128	391
128	73
128	330
129	5393
129	148
129	73
129	225
129	69
129	63
129	66
129	40
129	18
130	3299
130	8480
130	637
130	569
130	8487
130	594
130	8471
130	497
130	492
130	516
130	8338
130	620
130	8645
130	11046
130	6073
130	315
130	1278
130	110
130	223
130	40
130	18
130	36
130	524
130	177
131	5275
131	12467
131	4513
131	3974
131	7508
131	6187
131	10103
131	4820
131	1913
131	2011
131	8003
131	2719
131	1194
131	1191
131	1080
131	6095
131	1188
131	2608
131	1186
131	1094
131	1193
131	1192
131	1095
131	2505
131	6829
131	1083
131	2311
131	6821
131	1032
131	962
131	1034
131	1212
131	1009
131	1006
131	7444
131	11119
131	1097
131	1327
131	1326
131	2070
131	544
131	549
131	323
131	8277
131	250
131	212
131	211
131	246
131	247
131	243
131	249
131	244
131	6386
131	159
131	100
131	99
131	97
131	626
131	190
132	107
132	320
132	181
132	339
132	35
132	206
132	26
132	680
132	27
132	23
132	17
132	16
132	22
132	21
133	2068
133	107
133	160
133	84
133	102
133	339
133	621
133	181
133	49
133	23
133	26
133	164
133	34
133	128
133	16
134	26
134	31
134	49
134	84
134	181
134	320
134	680
134	220
134	326
134	164
134	16
134	17
134	201
135	160
135	326
136	924
136	160
136	49
136	17
136	16
137	353
137	303
137	272
137	181
137	102
137	339
137	84
137	86
137	35
137	31
137	326
137	46
137	164
137	23
137	22
137	21
137	292
137	924
137	73
137	10
137	128
137	81
137	80
138	51
139	1675
139	4593
139	4595
139	4596
140	51
141	10995
142	9719
142	3320
143	160
143	339
143	26
143	680
143	23
144	8306
144	160
144	46
144	220
144	21
144	35
145	1807
145	924
145	10013
145	490
145	8287
145	228
145	145
145	421
145	227
145	203
145	646
145	160
145	171
145	170
145	23
146	107
146	181
146	26
147	17
148	7712
148	46
148	26
148	125
148	21
149	969
149	345
149	107
149	621
149	320
149	160
149	303
149	46
149	26
149	23
149	17
149	220
150	337
150	646
150	46
150	621
150	16
151	145
151	181
151	107
151	326
151	31
151	86
151	23
151	680
151	27
151	8241
151	88
152	320
152	181
152	272
152	84
152	102
152	35
152	160
152	46
152	680
152	164
152	337
152	838
152	17
152	326
152	339
152	25
153	339
153	320
153	102
153	84
153	35
153	31
153	46
153	26
153	164
153	128
153	680
153	22
153	23
153	21
153	17
153	34
153	47
153	27
153	526
153	10
154	3047
154	48
155	9715
155	48
156	48
157	48
158	48
159	5042
159	7755
159	2608
159	8218
159	1244
159	877
159	7707
159	5652
159	1163
159	247
160	7278
160	7144
160	6873
160	7207
160	3980
160	2014
160	2066
160	1907
160	2002
160	1695
160	1452
160	6825
160	5204
160	1090
161	6000
161	8216
161	5299
161	4512
161	2975
161	9838
161	9008
161	9712
161	2715
161	1113
161	1085
161	1011
161	939
161	833
161	1021
161	1020
161	826
161	8332
161	10290
161	9050
161	254
161	252
161	243
161	239
162	6432
162	8190
162	4669
162	2373
162	5697
162	5856
162	1370
162	1372
162	1385
162	2170
162	1514
162	7753
162	7751
162	7752
162	1063
162	1182
162	1091
162	1093
162	1083
162	1006
162	7330
162	939
162	10885
162	583
162	933
162	397
162	418
162	176
162	298
163	8090
163	4787
163	4511
163	3561
163	3375
163	3119
163	4477
163	2718
163	4352
163	4353
163	2199
163	7751
163	1609
163	2312
163	4468
163	560
163	478
164	2011
164	9226
164	8050
164	1398
164	2271
164	1077
164	715
164	2930
164	1824
164	686
165	4151
165	2924
165	834
165	1077
165	6690
165	832
165	560
165	8628
165	933
165	343
166	7547
166	2716
166	2160
166	10038
166	1697
166	1080
166	1005
166	1034
166	2307
166	1003
166	1097
166	2848
166	1477
166	830
166	10502
166	6989
166	7296
166	9562
166	301
166	156
167	2569
167	1226
167	1186
167	6825
167	715
168	148
168	276
168	225
168	69
168	73
168	94
168	30
168	42
168	63
168	37
168	154
168	120
168	18
168	386
168	3
169	317
169	202
169	114
169	547
169	72
169	276
169	18
169	108
169	350
169	73
169	40
169	33
169	32
169	4
169	161
169	316
169	66
169	14
169	67
169	186
169	65
169	173
169	177
169	3
170	8023
170	11210
170	12506
170	3974
170	5279
170	5513
170	12505
170	2170
170	1906
170	1902
170	1012
170	620
170	1889
170	549
170	524
170	832
170	304
170	4255
171	1015
172	3979
172	3466
172	5581
172	10295
172	6162
172	11844
172	3779
172	10297
172	6934
172	11472
172	2713
172	2719
172	1912
172	1913
172	12448
172	1371
172	1398
172	1193
172	2505
172	1081
172	1079
172	6714
172	4997
172	1091
172	1078
172	1083
172	9240
172	6702
172	1050
172	1060
172	3672
172	3655
172	1097
172	924
172	5308
172	1681
172	538
172	610
172	1325
172	4062
172	3642
172	8211
172	560
172	678
172	544
172	543
172	547
172	689
172	686
172	832
172	956
172	339
172	2387
172	10829
172	253
172	533
172	228
172	174
172	178
172	132
172	641
172	452
172	402
173	7939
173	8794
173	516
173	148
173	386
173	30
173	41
173	42
173	55
173	72
173	1278
173	73
173	142
173	108
173	92
173	33
173	32
173	120
173	67
173	8322
173	350
173	4
173	147
173	316
173	290
173	79
173	14
173	186
173	658
173	69
173	173
173	93
173	40
173	177
173	18
173	20
174	6432
174	5887
174	11300
174	11432
174	5284
174	10476
174	10478
174	3281
174	1909
174	3465
174	1937
174	2013
174	2240
174	2715
174	2714
174	1194
174	1035
174	1082
174	1477
174	1327
174	5653
174	4546
174	5651
174	4334
174	1895
174	3446
174	2912
174	829
174	582
174	593
174	254
174	246
174	242
174	278
174	197
174	155
174	253
174	496
175	6926
175	3530
175	2622
175	2718
175	2117
175	1910
175	1312
175	2608
175	6821
175	1609
175	1080
175	6831
175	1034
175	2309
175	1032
175	674
176	7755
176	7753
176	6825
176	1186
176	6831
176	2717
176	1033
176	1032
176	7707
176	1187
176	6161
176	1681
176	1077
176	5308
176	924
176	4062
176	546
176	4767
176	4018
176	4014
176	252
176	254
176	700
176	135
176	157
177	6162
177	4669
177	1905
177	3193
177	1091
177	832
177	826
177	241
177	282
177	158
178	2622
178	1907
178	1906
178	1080
179	6341
179	5088
179	10925
179	4881
179	11062
179	3927
179	12237
179	5602
179	3834
179	3831
179	3832
179	3833
179	8064
179	12260
179	5588
179	1911
179	3186
179	1937
179	1902
179	2569
179	7755
179	3006
179	1315
179	1095
179	1098
179	1080
179	2608
179	1212
179	1187
179	1452
179	1184
179	978
179	1226
179	1326
179	898
179	583
179	827
179	10094
179	1195
179	461
179	470
179	2386
179	212
179	369
179	300
179	278
179	125
179	111
179	297
179	174
180	2160
180	1905
180	1914
180	1909
180	1695
180	1398
180	6095
180	1188
180	1226
180	1092
180	1244
180	6829
180	1183
180	1087
180	1113
180	1085
180	2608
180	877
180	1049
180	1096
180	1050
180	1326
180	560
180	335
180	251
180	252
180	255
180	294
180	249
180	139
180	243
180	242
180	254
180	250
180	245
180	244
180	125
181	3466
181	4890
181	2396
181	1905
181	7753
181	2173
181	6095
181	1095
181	2608
181	1193
181	1192
181	2717
181	1088
181	2714
181	1452
181	1226
181	1212
181	1093
181	2715
181	1091
181	1094
181	2713
181	1190
181	1004
181	1021
181	1244
181	1049
181	5653
181	5650
181	610
181	2868
181	242
181	243
181	674
181	2388
181	244
181	246
181	464
181	250
181	197
181	593
181	309
181	231
181	237
181	137
181	299
181	159
181	189
181	300
181	298
182	3145
182	1189
182	2505
182	1049
182	257
183	7507
184	11948
184	4916
184	1371
184	2714
184	2718
184	1079
184	1405
184	5736
184	2930
184	240
184	158
184	369
184	278
184	286
185	11927
185	6429
185	6001
185	12181
185	6000
185	5959
185	5443
185	5299
185	10653
185	5793
185	4511
185	11462
185	3947
185	11176
185	3778
185	6162
185	4907
185	2716
185	3229
185	4993
185	6204
185	5694
185	3954
185	1910
185	1913
185	2569
185	2012
185	1902
185	1908
185	2002
185	1906
185	1911
185	10629
185	1695
185	2014
185	6564
185	5610
185	6823
185	1007
185	1079
185	1034
185	1035
185	962
185	1205
185	1011
185	1083
185	1182
185	6829
185	1092
185	2310
185	1184
185	1006
185	1477
185	1050
185	560
185	832
185	243
185	242
185	241
185	194
185	250
185	245
185	244
185	249
186	7207
186	6959
186	6735
186	6537
186	6427
186	6594
186	6428
186	6003
186	5959
186	4790
186	4513
186	3979
186	2476
186	4511
186	3271
186	7228
186	2566
186	1905
186	1033
186	2850
186	937
186	152
186	697
187	83
187	85
187	272
187	94
187	266
187	17
188	9474
188	2390
188	4128
188	454
188	11424
188	8394
188	8738
188	453
188	8388
188	2242
188	5972
188	7595
188	2478
188	7515
188	3404
189	9427
189	9476
190	520
190	70
190	114
190	43
190	73
190	78
190	94
190	225
190	386
190	55
190	72
190	66
190	54
190	547
190	40
190	273
190	658
190	56
190	15
191	11420
191	7759
191	11370
191	11175
191	2423
191	8920
192	8487
192	589
192	594
192	497
192	429
192	620
192	341
192	516
192	350
192	352
192	8471
192	110
192	223
192	334
192	154
192	317
192	40
192	8308
192	79
192	114
192	71
192	386
192	81
192	72
192	42
192	37
192	73
192	41
192	120
192	147
192	316
192	524
192	13
192	18
192	658
193	8501
193	594
193	492
193	259
193	664
194	6331
194	11303
194	6330
194	1326
194	1628
194	5597
194	204
194	174
194	80
194	81
194	69
194	79
195	594
195	497
195	429
195	8338
195	1015
195	520
195	341
195	352
195	314
195	315
195	154
195	78
195	142
195	148
195	334
195	664
195	317
195	114
195	55
195	202
196	6518
196	621
196	26
196	164
196	23
196	320
196	17
196	16
196	27
196	337
197	4512
197	2014
197	1903
197	1907
197	1913
197	2569
197	1194
197	6550
197	134
198	6897
198	6959
198	3561
198	2372
198	1937
199	143
199	6748
199	7705
199	7027
199	7939
199	7135
199	6520
199	6431
199	6527
199	11706
199	12353
199	6038
199	6023
199	6024
199	5812
199	11479
199	3974
199	10638
199	5946
199	5951
199	10249
199	3850
199	11740
199	3935
199	5901
199	7155
199	3938
199	6287
199	5131
199	1902
199	1909
199	7999
199	5229
199	6484
199	12764
199	1695
199	2791
199	1472
199	1398
199	6825
199	5075
199	1188
199	1020
199	1185
199	1033
199	7707
199	1079
199	3032
199	5317
199	7679
199	2269
199	7677
199	7218
199	12229
199	12088
199	3363
199	1399
199	5289
199	6073
199	2273
199	1657
199	3355
199	8104
199	3341
199	2850
199	4161
199	6564
199	5378
199	6096
199	2228
199	905
199	5562
199	983
199	1097
199	12403
199	4126
199	2339
199	906
199	4334
199	4700
199	5653
199	11042
199	5135
199	3141
199	1895
199	610
199	560
199	678
199	8436
199	1199
199	1642
199	1752
199	2951
199	9921
199	10235
199	4547
199	7870
199	3308
199	7057
199	2142
199	11131
199	4881
199	10697
199	7940
199	897
199	1899
199	246
199	12283
199	210
199	1965
199	369
199	300
199	209
199	207
199	103
199	1322
200	12198
200	5972
200	11302
200	4890
200	1937
200	1472
200	8854
200	1186
200	1188
200	2714
200	1452
200	1190
200	1020
200	1099
200	1114
200	1477
200	1327
200	1326
200	4334
200	583
200	1069
200	278
200	240
200	239
200	1830
200	282
200	211
200	231
200	309
201	7319
201	827
201	829
202	7135
203	3561
203	1063
204	3973
204	2718
204	3275
204	3186
204	1212
204	962
204	2310
204	1020
204	1244
204	1003
204	1004
204	1477
204	1326
204	4690
204	302
204	190
204	700
205	8052
205	7939
205	7135
205	6873
205	6668
205	6341
205	4896
205	2716
205	1078
205	6161
205	6160
205	686
205	828
205	2388
205	2386
205	1278
205	309
205	151
206	6873
206	6520
206	8216
206	2569
207	7939
207	6897
207	6427
207	4896
207	4513
207	7689
207	4228
207	2160
207	1905
207	5550
207	2608
207	2717
207	2715
207	1081
207	2714
207	1185
207	1080
207	2713
207	6829
207	1006
207	1033
207	1034
207	1079
207	1098
207	1004
207	2311
207	1021
207	829
207	257
207	239
207	251
207	252
207	211
207	246
207	212
207	254
207	241
207	238
207	343
208	5088
208	5442
208	4513
209	8050
209	3329
209	2720
209	2160
209	1387
209	1159
209	1050
210	4889
210	3274
210	4511
210	1031
210	1324
210	3958
210	356
210	309
210	2924
210	298
211	2566
211	6655
212	10848
212	6516
212	9182
212	350
213	5393
213	11565
213	7518
213	3985
213	7834
213	9884
213	9204
213	1808
213	1410
214	429
214	350
214	520
214	388
214	315
214	8471
214	110
214	314
214	316
214	317
214	227
214	71
214	225
214	56
214	273
214	73
214	43
214	386
214	13
214	67
215	73
215	547
215	94
215	78
215	72
215	66
215	56
215	55
215	108
215	43
215	33
215	32
215	30
215	18
215	8322
215	40
215	273
215	316
215	186
215	386
215	388
215	177
215	2
215	524
215	58
215	20
215	15
215	14
215	3
216	516
216	520
217	7144
217	6001
217	5959
217	5275
217	4979
217	4669
217	2160
217	1003
218	160
218	680
219	99
219	100
220	4513
220	5598
220	7269
220	5410
220	4610
220	10105
220	2160
220	1902
220	2066
220	1387
220	2170
220	7753
220	2172
220	1190
220	1039
220	962
220	1327
220	560
220	12593
220	832
220	829
220	2388
220	247
220	250
220	212
220	194
220	211
220	2386
220	369
220	244
220	464
220	155
220	406
220	153
220	227
221	320
221	303
221	107
221	181
221	272
221	49
221	35
221	160
221	621
221	46
221	31
221	26
221	220
221	34
221	22
221	23
221	16
221	187
221	21
221	17
221	73
221	9
221	5
222	2707
222	10313
222	5516
222	2702
222	2703
222	5519
223	107
223	49
223	26
223	181
223	86
223	680
223	220
223	23
223	22
223	27
223	206
223	337
223	21
223	34
223	201
223	339
223	17
223	16
223	9
223	73
224	108
224	667
224	565
224	420
225	5638
225	12054
225	10008
225	8004
225	6184
225	12436
225	7616
225	10553
225	9816
225	10296
225	181
226	11644
226	5959
226	5476
226	5442
226	5275
226	1905
226	2170
226	2717
226	1313
226	1189
226	1088
226	1182
226	1089
226	1081
226	939
226	1205
226	3071
226	1114
226	4334
226	941
226	938
226	937
226	924
226	1732
226	241
226	2386
226	294
226	250
226	242
226	227
226	211
226	2388
226	4062
226	247
226	5980
226	761
226	3325
226	309
226	213
226	593
226	1682
226	153
226	132
226	55
226	155
226	158
226	96
226	106
226	185
226	36
226	95
226	641
226	35
226	84
227	421
227	107
227	203
228	1784
229	107
230	445
231	7406
231	9039
231	8064
231	9848
231	4664
231	7250
231	8584
231	11818
231	7312
231	9953
231	965
231	3784
231	12391
231	4231
231	7999
231	2689
231	12436
231	3920
231	1764
231	11177
232	7533
233	13
233	18
234	40
234	1015
235	4414
235	3778
235	3779
235	2716
235	4821
235	9484
235	3349
235	3363
235	11362
235	1909
235	2013
235	11220
235	8113
235	4252
235	5507
235	1387
235	3058
235	3885
235	1212
235	1479
235	947
235	11195
235	3324
235	1194
235	1189
235	1190
235	2608
235	1113
235	1080
235	1033
235	1078
235	1089
235	1034
235	1007
235	1003
235	1099
235	1114
235	1097
235	940
235	3362
235	5308
235	924
235	4062
235	9699
235	2818
235	3540
235	3925
235	2819
235	9700
235	3758
235	3853
235	8106
235	543
235	544
235	678
235	610
235	4377
235	831
235	9702
235	10119
235	1830
235	293
235	247
235	12363
235	211
235	178
235	242
235	125
235	85
235	499
235	98
235	159
235	158
235	189
235	137
235	626
236	10434
236	7613
237	6958
237	6839
237	10418
237	4915
237	7146
237	3330
237	2013
237	1545
237	10852
237	7495
237	2719
237	1189
237	1113
237	1191
237	1188
237	3324
237	1085
237	1087
237	1205
237	1184
237	1182
237	1193
237	1181
237	939
237	1194
237	1099
237	1114
237	4433
237	940
237	1097
237	1648
237	5652
237	5651
237	1327
237	5653
237	1326
237	1628
237	6081
237	833
237	560
237	294
237	214
237	235
237	240
237	674
237	247
237	243
237	242
237	257
237	239
237	211
237	231
238	8033
238	8726
238	160
239	7639
239	12217
239	10322
240	12474
240	2716
240	1695
240	1033
240	1326
241	6743
241	1902
241	2011
241	1909
241	1905
241	1009
241	1007
241	1004
241	940
241	1099
241	1097
241	1477
241	1327
241	257
241	159
241	299
241	134
241	301
242	1914
242	1005
242	1909
242	1083
242	1327
242	610
242	561
242	242
242	152
242	571
243	4787
243	2396
243	3979
243	7755
243	1697
243	8218
243	1403
243	877
243	1326
244	7135
244	8026
244	6024
244	3973
244	2373
244	2566
244	2310
244	1049
244	1185
244	1371
244	7707
244	1327
244	832
244	397
244	387
245	8090
245	4669
245	2160
245	3561
245	3193
245	1211
245	2170
245	8981
245	1098
245	1083
245	5651
246	7135
246	6735
246	6025
246	6023
246	4255
246	3466
246	1902
246	1905
246	7752
246	7753
246	6195
246	7754
246	2173
246	7751
246	1212
246	2170
246	1090
246	1189
246	1093
246	1091
246	1084
246	1095
246	6823
246	1183
246	1011
246	1034
246	1182
246	6829
246	1205
246	1098
246	7707
246	1006
246	1083
246	1088
246	1033
246	1009
246	1082
246	1079
246	1191
246	1007
246	1035
246	939
246	940
246	1097
246	1477
246	1099
246	4546
246	5650
246	938
246	937
246	4334
246	941
246	470
246	387
246	214
246	293
246	238
246	231
246	309
246	213
246	237
247	4881
247	11538
247	1912
247	4511
247	1244
248	3778
248	1903
248	2569
248	1079
248	1060
249	4535
249	3314
249	1189
249	2307
249	6161
249	1895
249	204
249	217
249	10033
249	7
250	337
250	320
250	303
250	84
250	160
250	1930
250	181
250	35
250	46
250	49
250	31
250	26
250	220
250	73
250	27
250	164
250	206
250	23
250	17
250	16
250	22
250	21
250	339
251	2227
251	3724
251	1190
251	145
251	49
251	220
252	3312
252	3928
252	5380
252	1005
252	4251
252	948
252	1959
252	2278
253	1913
253	561
253	4767
253	478
254	1812
254	1908
254	1695
254	2171
254	2313
254	7752
254	1005
254	1114
255	3779
255	1183
256	6416
256	6391
256	2010
256	2569
256	1095
256	1009
256	1008
256	1011
256	1182
257	6667
257	3980
257	6162
257	1189
257	1205
257	1091
257	6161
257	2307
257	2147
258	1423
258	12479
258	2263
258	2306
259	3466
259	2003
259	1910
259	2010
259	1050
259	335
260	2639
260	2717
260	1008
261	4916
261	3466
262	2430
262	1032
263	6341
263	5334
263	3777
263	3979
263	3980
263	3375
263	2395
263	1907
263	1912
263	1913
263	1910
263	7755
263	2601
263	2105
263	1387
263	7753
263	6195
263	2170
263	1183
263	7707
263	2848
263	1097
263	715
263	4690
263	5597
263	257
263	1081
263	209
263	156
264	8052
264	3979
264	9560
264	3054
264	7720
264	1990
264	2792
264	907
264	9222
264	7268
265	7278
265	6735
265	6537
265	6024
265	4915
265	1226
265	1452
266	1915
266	1902
266	2014
266	1697
266	1011
266	1096
266	538
267	1903
267	1905
267	1904
267	5445
267	2172
267	1372
267	1315
267	5094
267	1078
267	2244
267	3159
267	933
267	560
267	686
267	246
267	571
267	174
268	2014
268	2639
268	1087
268	1085
268	978
268	1096
268	210
269	5042
269	2569
269	7755
269	2717
269	1007
269	933
269	2244
269	478
270	6291
271	10426
271	1901
271	4620
272	990
272	2424
272	2538
272	1573
272	1125
272	12399
272	4107
272	6230
272	876
272	7213
272	6934
272	9373
272	859
272	11672
272	6327
272	10291
272	12788
272	644
272	4727
272	6038
272	506
272	10153
272	3362
272	8514
272	6943
272	7616
272	4198
272	1154
273	8326
274	4637
274	1902
274	3006
274	1405
274	2713
274	2715
274	2719
275	4788
275	2566
275	1095
275	2713
275	1113
275	2714
275	1452
275	2717
275	1088
275	1212
275	1226
275	2715
275	1085
275	1082
275	6823
275	1181
275	5477
275	1184
275	1183
275	1182
275	1205
275	1089
276	3466
276	1326
277	5275
277	3470
277	4669
277	4511
277	1902
277	3459
277	1211
277	7754
277	1191
277	1192
277	1189
277	1187
277	7707
277	940
277	1097
277	1114
277	1099
277	625
277	830
277	1628
277	560
277	214
277	251
277	674
277	247
277	132
277	298
278	7823
278	10591
278	7978
278	10497
278	6489
278	848
278	1680
279	5568
280	5879
280	8002
280	7723
281	12662
281	6448
281	12811
281	9034
281	7934
281	12462
281	9678
281	10093
281	5520
281	1527
282	225
282	78
282	73
282	94
282	386
282	56
282	72
282	30
282	55
282	81
282	63
282	66
282	8322
282	350
282	161
282	18
282	44
282	54
282	120
282	186
283	1810
284	8390
285	6521
286	6520
286	6594
286	6000
286	6024
286	4787
286	2718
286	2160
286	2395
286	1912
286	1914
286	3880
286	1695
286	7755
286	4534
286	1372
286	1079
286	877
286	1477
286	1244
286	1098
286	8605
286	560
286	933
286	461
286	470
286	397
286	308
286	307
287	6000
287	4788
287	1697
287	2717
287	2307
287	1003
287	2848
287	561
287	933
287	244
287	294
288	3320
288	8363
288	3082
288	4069
289	6520
289	4788
289	4513
289	1904
289	1902
289	6825
289	2608
289	1094
289	1093
289	1091
289	1089
289	1182
289	2505
289	5204
289	1082
289	1079
289	1205
289	1077
289	6821
289	6831
289	6829
289	1184
289	1092
289	1021
289	1244
290	5299
290	4513
290	4149
290	8190
290	4669
290	7118
290	9293
291	4111
291	848
291	1055
291	478
291	4014
291	254
291	464
291	241
291	7136
291	297
291	7250
292	6866
292	6789
292	11993
292	8018
292	11418
292	6333
292	6846
292	7207
292	11992
292	8021
292	8082
292	10448
292	6396
292	11955
292	7849
292	6448
292	3319
292	4028
292	4669
292	2720
292	4300
292	5433
292	2396
292	1905
292	1903
292	1902
292	3671
292	1812
292	2569
292	2430
292	9966
292	1473
292	1695
292	2171
292	1302
292	7752
292	4826
292	10766
292	6195
292	1315
292	3967
292	5598
292	1031
292	1080
292	2719
292	1189
292	1191
292	1090
292	6829
292	7707
292	7582
292	6831
292	939
292	1004
292	1099
292	1097
292	940
292	5650
292	4546
292	1327
292	1619
292	941
292	937
292	933
292	938
292	2244
292	4334
292	2930
292	583
292	1314
292	610
292	560
292	1299
292	397
292	208
292	5998
292	293
292	132
292	309
292	593
292	256
292	155
292	6133
292	8594
292	4274
292	297
293	9981
294	10273
294	3432
294	10307
295	1221
295	1769
295	12209
295	1539
295	1568
295	2091
295	4807
296	4233
297	948
297	1562
297	5943
297	2275
297	4647
298	3250
298	8660
298	3881
298	10180
298	8257
298	7557
298	3589
298	5943
298	11909
299	1478
299	3067
299	1500
299	9749
299	8764
300	6961
300	7144
300	6897
300	6896
300	6958
300	6427
300	6341
300	6520
300	6594
300	6431
300	6428
300	6429
300	6001
300	6000
300	8216
300	6024
300	6023
300	5442
300	3186
300	1910
300	1906
300	3006
300	1388
300	1082
300	1035
300	1226
300	1084
300	1205
300	1011
300	1183
300	1098
300	1034
300	1184
300	939
300	1244
300	1003
300	1097
300	1049
300	6690
300	1050
300	1327
300	1600
300	2389
300	248
300	234
300	241
300	194
300	240
300	211
300	243
300	242
300	245
300	244
300	293
300	246
300	249
300	254
300	212
300	239
300	233
300	247
300	125
300	237
300	231
300	133
300	253
300	299
300	155
300	137
300	156
300	296
300	2001
300	190
300	159
300	158
300	297
300	300
300	298
300	4319
301	5036
301	4979
301	4255
301	2566
301	1081
301	2713
301	877
301	2850
301	739
301	1077
301	1325
302	5299
302	4511
302	12158
302	2718
302	2105
302	2171
302	7752
302	7751
302	2172
302	7753
302	1388
302	1088
302	1187
302	1089
302	1184
302	1205
302	7754
302	1183
302	1091
302	1182
302	1006
302	5653
302	5651
302	4546
302	1326
302	1195
302	461
302	239
302	293
302	251
302	2308
302	297
302	237
302	159
302	378
302	155
302	156
303	4790
303	4654
303	3979
303	2718
303	2395
303	2566
303	1902
303	1910
303	2012
303	1188
303	1186
303	6095
303	1185
303	1183
303	1089
303	1006
303	1078
303	1083
303	1091
303	939
303	1099
303	1477
303	940
303	582
303	246
303	294
303	1278
303	189
303	159
303	153
303	8838
303	296
304	6873
304	5476
304	4916
304	4979
304	1085
304	1183
304	1205
305	4111
305	1372
305	5393
305	833
305	921
305	829
305	1195
305	2389
305	211
305	697
305	482
305	196
306	1609
306	1089
306	6095
306	1187
306	1097
306	1477
306	6175
306	152
307	2622
307	2718
307	6655
307	2566
307	2014
307	1695
307	1079
307	1049
307	739
307	715
307	2386
308	1087
308	1080
308	2719
308	1032
308	1034
308	6823
308	5477
308	2505
308	6829
308	2309
308	1035
308	1082
308	1182
308	6831
308	1205
309	2012
309	2013
309	1370
309	1081
309	1049
309	1477
310	7135
310	6958
310	6024
310	1915
310	2566
310	1913
310	1187
310	1205
310	1114
310	1092
310	1244
310	939
310	5650
310	826
310	248
310	299
310	137
311	2719
311	1011
311	1181
311	6823
311	1183
311	1184
311	1205
311	1003
311	1004
312	3980
312	2716
312	2003
313	7278
313	978
314	11906
314	8065
314	6698
314	11101
314	3348
314	2341
314	1908
314	6520
314	1906
314	3951
314	2932
314	8106
314	9751
314	1657
314	1033
314	1312
314	9126
314	2713
314	2715
314	1185
314	10518
314	1191
314	1194
314	1188
314	1186
314	1192
314	1193
314	1080
314	1212
314	2608
314	1189
314	1226
314	1084
314	1452
314	1244
314	1004
314	1003
314	1021
314	4314
314	8089
314	1327
314	1326
314	5653
314	5651
314	538
314	5855
314	1325
314	640
314	6550
314	244
314	243
314	253
314	254
314	249
314	255
314	6593
314	153
314	697
314	137
315	5788
315	5920
315	7598
315	5204
315	3119
315	2718
315	2720
315	2396
315	2014
315	1087
315	2713
315	1452
315	2312
315	2504
315	1096
315	1004
315	978
315	212
315	255
315	2308
316	6687
316	2396
316	2003
316	2569
316	6085
316	3962
316	1372
316	1370
316	1090
316	1092
316	1184
316	1205
316	7754
316	2173
316	6195
316	1096
316	940
316	1477
316	1099
316	347
316	189
316	253
316	156
316	448
316	132
316	159
317	1912
317	5507
317	2172
317	12490
317	10102
317	1521
317	1325
317	136
318	5959
318	2312
318	1049
318	6334
318	2990
319	4637
319	2569
319	1097
320	2600
320	3193
320	6095
320	6821
320	1034
320	1049
320	1050
320	1326
320	4690
320	213
320	250
320	248
320	249
320	251
321	2011
321	2569
321	1182
321	1184
321	1205
321	1092
321	5652
321	244
321	234
322	7135
322	6520
322	6025
322	2718
322	2720
322	1911
323	6537
323	3965
323	12280
323	5220
323	1905
323	1912
323	11969
323	5854
323	5221
323	10997
323	7755
323	1313
323	2713
323	1041
323	2309
323	2147
323	1099
323	877
323	2850
323	940
323	6909
323	4951
323	1323
323	7159
324	6668
324	6537
324	6023
324	4511
324	3561
324	2012
324	7755
324	2430
324	1697
324	6825
324	2714
324	1077
324	1098
324	1008
324	1063
324	1041
324	1060
324	5652
324	830
324	5597
324	4014
324	249
324	1278
324	189
324	111
324	207
325	8046
325	6735
325	6537
325	6527
325	6023
325	4637
325	4511
325	4151
325	1902
325	1905
325	2569
325	2171
325	2505
325	2173
325	2314
325	7754
325	7752
325	6829
325	7751
325	6825
325	2715
325	2713
325	1313
325	2719
325	1078
325	1077
325	136
326	3271
326	2173
326	940
326	240
327	4896
327	1908
327	2714
327	1099
327	1244
327	6655
327	921
327	718
327	4018
328	12137
328	8046
328	6735
328	6527
328	3973
328	3375
328	2476
328	1904
328	1914
328	1007
328	1033
328	2608
329	6992
329	1908
329	1902
329	1904
329	1188
330	1915
330	5476
330	1050
330	939
330	834
330	157
331	6521
331	5036
331	4255
331	1902
331	1194
331	1191
331	1009
331	1080
331	6095
331	1185
331	1188
331	1186
331	1205
331	1184
331	356
331	245
331	244
331	243
331	242
331	240
331	674
332	8052
332	8021
332	7278
332	7207
332	6825
332	1186
332	1188
332	1226
332	7753
332	1205
332	1097
332	1327
333	11417
333	2602
333	5507
333	2981
334	4669
334	1902
334	1905
334	2105
334	2173
334	7754
334	2312
334	1192
334	1034
334	5652
334	1097
334	5653
334	831
334	1327
334	582
334	832
334	247
334	343
334	138
335	7278
335	6301
335	7583
335	5036
335	2519
335	1903
335	1904
335	2744
335	2171
335	1316
336	1372
336	249
336	2386
337	1906
337	1911
337	2566
337	2608
337	1098
337	8218
337	1041
337	1097
337	1187
337	1003
337	1327
337	1060
337	560
338	3330
338	3006
338	1405
338	2172
338	2608
338	1186
338	1212
338	962
338	1184
338	1181
338	1183
338	1327
338	239
338	228
338	452
338	402
338	399
338	406
338	403
338	401
338	330
338	327
338	395
338	328
338	3642
339	1915
339	1093
339	1088
339	6831
339	6823
339	5477
339	1182
339	1181
339	6829
339	1092
339	1184
339	1205
339	1020
339	1004
339	1244
339	833
339	1021
339	1078
339	940
339	1050
339	1049
339	1099
339	1114
339	1097
339	1096
339	1326
339	5652
339	5651
339	1327
339	2850
339	4546
339	5650
339	5653
339	4334
339	941
339	938
339	560
339	610
339	1163
339	233
339	237
339	2387
339	293
339	294
339	239
339	243
339	242
339	2389
339	2388
339	464
339	674
339	251
339	247
339	212
339	244
339	2386
339	241
339	245
339	249
339	211
339	246
339	343
339	231
339	138
339	309
339	155
340	2013
340	2003
340	1910
340	1913
340	3979
340	2002
340	2012
340	1907
340	1371
340	2608
340	1084
340	2309
340	1181
340	1182
340	1183
340	254
340	2308
340	158
341	8216
341	6761
341	12758
341	6897
341	6896
341	6780
341	6782
341	11991
341	6427
341	6594
341	6429
341	6023
341	4513
341	3979
341	3466
341	12716
341	3552
341	10083
341	8022
341	2687
341	12717
341	1545
341	12661
341	1905
341	1902
341	6095
341	8780
341	2713
341	1011
341	6823
341	6831
341	1009
341	1007
341	1082
341	3655
341	1020
341	1050
341	1096
341	1049
341	1114
341	1327
341	544
341	1536
341	546
341	252
341	254
341	293
341	294
341	243
341	356
341	245
341	241
341	257
341	237
341	238
341	255
341	98
341	97
341	100
341	99
341	326
341	328
341	661
341	253
341	401
341	36
341	8240
341	412
341	277
341	391
342	921
342	212
342	240
342	281
342	189
342	207
342	209
343	5036
343	1087
343	1077
343	1096
344	5443
344	5476
344	5595
344	4513
344	5853
344	2716
344	2066
344	1902
344	5236
344	1697
344	1370
344	1009
344	3159
344	1325
344	561
344	610
344	10520
344	826
344	8653
344	300
345	1205
346	3186
346	1049
347	2716
347	1812
347	1682
347	1004
347	877
347	940
347	1050
347	5651
347	5652
347	1326
347	6550
347	245
348	2718
348	1370
349	3375
349	1913
349	6655
349	1370
349	5075
349	939
349	1007
349	1009
349	1041
349	1314
349	210
349	294
350	6668
350	5334
350	3974
350	10586
350	1904
350	1903
350	1902
350	1909
350	1188
350	1186
350	1080
350	2717
350	6823
350	1050
350	6831
350	1032
350	1033
350	1034
350	1035
350	6821
350	1011
350	1079
350	6829
350	1082
350	1183
350	939
350	1078
350	1004
350	1003
350	1326
350	1327
350	246
350	250
350	242
350	243
350	2389
350	249
350	244
350	239
350	464
350	2386
350	300
350	2387
351	7755
351	1094
351	1186
351	1050
351	1041
351	1005
351	739
351	4014
351	134
351	157
352	1910
352	2600
352	2173
352	1388
352	978
352	940
352	1628
352	933
352	686
352	279
352	2386
352	725
353	6521
353	7715
353	7710
353	7157
353	3995
353	2349
353	5646
353	4610
353	7711
353	3659
353	3757
353	4213
353	1883
353	6485
353	7707
353	1078
353	1326
353	831
353	832
353	2559
353	4334
353	941
353	938
353	937
353	561
353	933
353	1324
353	464
353	1323
353	2308
353	8295
353	301
353	155
353	138
353	125
353	4186
353	7444
353	105
353	169
353	74
354	551
354	8445
354	685
354	9324
354	2295
355	910
355	9544
355	2495
355	7824
355	9437
355	2339
355	905
355	6040
355	450
355	8406
355	4159
355	6177
356	8864
356	2925
356	4072
356	4365
357	6890
357	7776
357	7346
357	12557
357	6701
357	6054
357	7377
357	6793
357	10464
357	5808
357	3375
357	10709
357	6196
357	3841
357	10735
357	11114
357	6440
357	11679
357	5226
357	11846
357	10240
357	6149
357	5296
357	11712
357	2569
357	4911
357	1372
357	5656
357	9609
357	1098
357	4304
357	4769
357	6329
357	6331
357	1083
357	6330
357	3324
357	5586
357	802
357	583
357	1314
357	1325
357	596
357	2389
357	2388
357	194
357	106
357	96
357	95
357	70
357	8300
358	2489
358	4298
358	12492
358	11126
358	5716
359	5393
359	4409
360	8682
360	735
360	2447
360	8880
361	12542
361	353
362	2439
362	1017
362	6500
362	3584
362	665
362	8620
362	8621
362	901
362	9448
362	410
362	9580
362	353
362	127
362	2434
362	819
362	1825
362	175
362	3082
362	3067
362	3056
362	2991
362	2746
362	2668
362	2662
362	2491
362	1267
362	1528
362	2323
362	3928
362	1883
363	2566
363	1192
363	6821
363	2719
363	6161
363	1083
363	1089
363	1097
363	2930
363	240
363	464
363	343
364	2718
364	2569
364	1372
364	1317
364	1007
364	1009
364	1035
364	1079
364	1082
364	279
364	2388
364	309
364	2389
364	344
364	6
364	367
364	417
365	831
365	610
365	245
365	344
366	6024
366	5042
366	12186
366	1908
366	1915
366	7334
366	2569
366	1697
366	2172
366	2713
366	5507
366	1097
366	6160
366	2504
366	2850
366	1078
366	715
366	1649
366	921
366	11616
366	933
366	689
366	248
366	249
366	2308
366	138
367	3980
367	4669
367	2718
367	2639
367	2430
367	10516
367	8856
367	2311
367	1080
367	2310
367	5597
367	246
367	208
367	134
367	207
368	3980
368	10250
368	4669
368	2014
368	2003
368	2012
368	1905
368	1190
368	1212
368	2314
368	1244
368	2714
368	2719
368	1003
368	918
368	9384
368	833
368	831
368	12147
368	7423
368	4767
368	478
369	9644
369	2574
369	6960
369	2575
369	2732
369	1190
369	2147
369	1097
369	715
369	1619
369	3159
369	583
369	678
369	12253
369	9655
369	307
369	1278
369	258
369	300
369	209
369	207
369	10386
370	4637
370	1909
370	1914
370	1081
370	1098
370	335
370	213
371	8216
371	2002
371	2569
371	7337
371	5419
371	6936
371	2719
371	1088
371	2715
371	2714
371	1094
371	1085
371	1095
371	8704
371	5477
371	6823
371	1089
371	6829
371	6831
371	1183
371	1008
372	12641
372	5476
372	3466
372	6731
372	1913
372	3358
372	3193
372	1082
372	204
372	234
372	2387
373	5334
374	2160
374	1909
374	1003
374	461
374	689
374	153
375	1910
375	1913
375	1114
375	1049
376	8052
376	1649
376	5597
376	678
377	4916
377	3470
377	1907
377	1914
377	6655
377	1695
377	1697
377	1372
377	1387
377	3006
377	1521
377	1097
377	6160
377	6690
377	1326
377	1077
377	1895
377	560
377	1325
377	587
377	546
377	585
377	722
377	478
377	461
377	2933
377	470
377	204
377	181
377	102
377	86
377	84
377	151
377	91
377	1098
378	5477
378	1034
378	1049
378	689
379	6429
379	12008
379	5476
379	4255
379	2160
379	1902
379	1088
379	1184
379	1089
379	1092
379	1205
379	1181
379	1182
379	7707
379	1187
379	1097
380	3979
380	2719
380	1697
380	2314
380	1099
380	1114
380	921
380	2244
380	464
380	135
380	365
381	7755
381	1302
381	1092
381	937
381	938
381	4334
381	299
381	132
381	189
381	301
382	848
382	4821
382	156
382	899
383	6427
383	6341
383	6428
383	6429
383	12063
383	4513
383	3561
383	3973
383	3466
383	4511
383	2395
383	6129
383	1937
383	1905
383	2639
383	1372
383	1697
383	1385
383	8854
383	2147
383	7707
383	1205
383	1041
383	833
383	1077
383	6690
383	941
383	938
383	937
383	1163
383	470
383	397
383	293
383	139
383	136
383	299
383	297
384	8021
384	8018
384	7144
384	7207
384	6520
384	6341
384	6594
384	6003
384	5959
384	6521
384	3119
384	3186
384	1327
384	239
384	378
384	159
384	137
385	1904
385	1903
385	1902
385	8218
385	1212
385	1032
385	1034
385	1085
385	1084
385	1183
385	5204
385	1006
385	6821
385	1083
385	1079
385	1033
385	1011
385	1009
385	1007
385	1020
385	940
385	877
385	1327
385	4546
385	4334
385	397
385	2387
385	725
385	1278
385	293
385	674
385	4015
385	159
385	158
386	1909
386	1910
386	1905
386	1907
386	2105
386	2171
386	7753
386	7751
386	2173
386	7754
386	2713
386	7752
386	1094
386	1088
386	2714
386	1190
386	1186
386	1192
386	2608
386	1226
386	1193
386	1093
386	1452
386	2715
386	1011
386	1182
386	1034
386	1191
386	6823
386	1194
386	1184
386	1181
386	1098
386	1092
386	7707
386	1183
386	939
386	1099
386	1097
386	940
386	1327
386	937
386	941
386	826
386	243
386	217
386	208
386	249
386	418
386	239
386	247
386	244
386	674
386	294
386	2389
386	211
386	2388
386	245
386	238
386	464
386	212
386	135
386	296
386	153
387	11197
387	7850
387	7387
387	6405
387	3466
387	5047
387	10431
387	7430
387	3204
387	4588
387	10452
387	6075
387	5190
387	5658
387	3129
387	11524
387	3599
387	3768
387	9488
387	2395
387	11234
387	3927
387	2856
387	5630
387	8053
387	5407
387	6510
387	1914
387	9921
387	2002
387	1937
387	1905
387	5562
387	5555
387	1697
387	4678
387	1643
387	11288
387	4475
387	2614
387	3006
387	6606
387	5075
387	4833
387	8670
387	7754
387	6195
387	8218
387	1091
387	993
387	1681
387	1326
387	1327
387	546
387	1649
387	8023
387	561
387	1325
387	933
387	1069
387	718
387	686
387	1163
387	339
387	8330
387	369
387	1830
387	2387
387	365
387	59
387	53
387	4983
387	368
388	1906
388	1472
388	1079
388	7752
388	2608
388	1452
388	1085
388	1183
388	1011
388	1205
388	1114
388	939
388	1477
388	1044
388	253
388	137
388	132
388	159
389	1003
389	1005
389	5308
389	4062
389	4067
389	3050
389	10350
389	204
389	1642
389	3830
390	4788
390	7811
390	12540
390	6225
390	2716
390	12819
390	7470
390	1908
390	1904
390	1903
390	1910
390	1913
390	1695
390	2312
390	1003
390	1113
390	1189
390	5477
390	1183
390	1034
390	7707
390	1011
390	1004
390	1021
390	1020
390	939
390	1099
390	4690
390	8304
390	254
390	197
390	151
390	153
390	152
391	2720
391	1697
391	1316
391	3459
391	387
392	4787
392	4788
392	4881
392	1913
392	1910
392	2608
392	2714
392	1005
392	1050
392	1114
392	1226
393	8040
393	7956
393	6713
393	12452
393	7348
393	4513
393	12021
393	11078
393	4511
393	1915
393	1188
393	1186
393	1192
393	1194
393	1191
393	2714
393	1193
393	2717
393	1077
393	1009
393	1007
393	939
393	940
393	11077
393	10918
393	279
393	281
393	10289
393	245
393	244
393	249
393	242
393	243
393	2389
393	250
393	2388
393	10974
393	1655
393	5242
393	6955
393	6149
393	7098
393	296
393	298
393	207
393	209
393	4507
393	4488
394	5476
394	5042
394	6162
394	1902
394	1472
394	2002
394	1049
394	1244
395	1128
396	5828
396	4511
396	2569
396	6690
396	546
396	1455
396	252
397	12445
397	6594
397	6527
397	6000
397	6003
397	11657
397	6304
397	7021
397	7706
397	7409
397	3980
397	3470
397	2716
397	1316
397	2170
397	6001
397	478
398	2566
398	1911
398	1473
398	1696
398	1697
398	2715
398	2314
398	6161
398	8605
398	561
398	933
398	478
398	686
398	4255
398	213
398	241
398	300
399	12631
399	4187
399	3375
399	1914
399	7754
399	1313
399	1398
399	1032
399	1034
399	6829
399	1097
399	2540
399	3640
399	538
399	561
399	7447
399	686
399	593
399	1323
400	2716
400	2011
400	1812
400	1697
400	1398
400	1159
400	3006
400	1050
400	830
400	831
400	294
401	5507
401	1371
401	1398
401	1077
401	1079
401	1078
401	686
401	11309
402	3777
402	2014
402	6095
402	1091
402	2713
402	1190
402	1187
402	1079
402	1114
402	1099
402	1326
402	5652
402	5653
402	5650
402	1327
402	4546
402	4334
402	1195
402	251
402	250
402	247
402	674
402	239
402	212
402	593
402	238
402	237
402	298
403	5744
403	4187
403	2566
403	1812
403	2569
403	6195
403	1371
403	1082
403	1084
403	1079
403	1188
403	1184
403	1089
403	4030
403	1327
403	6690
403	4728
403	898
403	1619
403	921
403	689
403	249
403	308
403	241
404	6023
404	2715
404	6829
404	1205
404	1182
404	1034
404	1032
404	1033
404	1326
404	1327
404	1477
404	1195
404	294
404	674
404	309
404	593
404	501
404	301
404	626
405	1912
405	2010
405	2013
405	1904
405	2012
405	2003
405	2014
405	2002
405	2569
405	7754
405	1185
405	1093
405	1187
405	1184
405	1092
405	1097
405	1327
405	832
405	197
405	251
405	247
405	239
405	238
405	237
405	448
406	7135
406	5334
406	4787
406	3466
406	2622
406	3275
406	2751
406	4669
406	1905
406	1910
406	2011
406	2012
406	2013
406	1902
406	6655
406	2066
406	6195
406	7752
406	2173
406	7754
406	2170
406	1187
406	7707
406	1184
406	939
406	1097
406	5652
406	5653
406	4546
406	5651
406	5650
406	1326
406	1327
406	941
406	938
406	937
406	4794
406	214
406	251
406	254
406	211
406	242
406	293
406	241
406	212
406	250
406	246
406	244
406	1707
406	255
406	213
406	238
406	237
406	208
406	231
406	309
406	297
406	209
407	490
407	621
407	49
407	23
407	374
408	1484
408	5247
409	4896
409	1004
410	6632
410	4275
410	4563
410	11308
410	12030
410	1902
410	7628
410	3112
410	3113
410	3285
410	2242
410	2951
410	5549
411	8895
411	6242
411	9134
411	10201
411	8729
411	1136
411	9323
411	2755
412	4512
412	5396
412	7806
413	5133
413	11547
413	3729
413	8442
413	3935
413	2674
413	2766
413	2771
413	2488
413	9983
413	3463
413	5587
414	7135
415	2566
415	156
416	6001
416	5476
416	5088
416	7146
416	12444
416	11828
416	11482
416	4255
416	12683
416	11652
416	11517
416	10703
416	11080
416	3778
416	11074
416	12447
416	11714
416	2566
416	3358
416	1175
416	1896
416	774
416	830
416	583
417	6341
417	8026
417	5843
417	3974
417	3186
417	2395
417	3358
417	7755
417	6690
417	461
417	308
417	194
417	698
418	1902
418	1697
418	1212
418	2307
418	1003
419	2569
419	2639
419	1372
419	1159
419	582
419	308
420	2940
420	3252
420	12162
420	4521
420	1937
420	12073
420	1472
420	1033
420	1093
420	1091
420	1212
420	1082
420	1079
420	1035
420	2505
420	1078
420	1089
420	1097
420	830
420	4499
420	610
420	828
420	831
420	7394
420	976
420	1236
420	674
420	2511
420	2386
420	302
420	356
420	301
420	9590
420	293
420	282
420	10073
420	104
420	8742
420	1175
420	310
420	9522
420	8978
421	1019
421	9065
421	1787
421	8309
421	7420
421	7484
422	14
422	273
423	1619
423	560
423	244
423	284
423	293
423	228
423	132
424	4881
424	2720
424	3979
424	10065
424	2160
424	1903
424	3574
424	2601
424	1405
424	1078
424	3777
424	831
424	1619
424	1649
424	280
424	204
424	1278
424	418
425	11694
425	6780
425	4669
425	12747
425	6909
425	7277
425	10921
425	7098
425	8053
425	4463
425	7639
425	9984
425	4607
425	9589
425	3212
425	7250
425	2628
425	9657
425	1651
425	7114
425	2049
425	7319
425	5997
425	11884
425	5770
425	12461
425	5824
425	5310
425	2947
425	10269
425	10268
425	4067
425	204
425	3464
425	228
425	9663
425	1809
425	1861
425	8957
425	125
425	176
425	2001
425	5476
425	1546
425	11693
425	3435
425	10203
425	4534
425	2041
425	6581
425	3778
425	12740
426	11130
426	5700
426	3979
426	3119
426	4669
426	2569
426	2010
426	1302
426	1912
426	1031
426	1405
426	1404
426	940
426	2850
426	3145
426	1895
426	387
426	356
426	194
426	61
426	416
426	196
427	2347
427	1017
427	854
428	3774
428	5785
428	5914
428	6605
428	6016
428	3096
428	6591
428	6592
428	2941
428	2662
428	2491
428	2397
428	2347
428	1679
428	1517
428	1345
428	4807
428	11135
428	12099
428	3892
428	3615
428	9839
428	4868
428	4577
428	2991
429	4309
429	1929
429	2488
429	2549
429	3796
429	690
429	1335
429	1478
430	4414
431	6528
431	6429
431	6763
431	6951
431	11460
431	6003
431	4255
431	3229
431	4669
431	11831
431	3119
431	2395
431	2396
431	2013
431	1312
431	4967
431	11573
431	4056
431	2498
431	1899
431	3768
431	10236
431	546
431	1895
431	1154
431	7625
431	2497
431	8884
432	6341
432	6023
432	11247
432	3314
432	3979
432	2718
432	3186
432	2716
432	2717
432	1032
432	1034
432	2314
433	6961
433	6432
433	5443
433	3980
434	8018
434	5299
434	5088
434	3186
434	10060
434	9774
434	8110
434	8113
434	1316
434	1159
434	2273
434	5562
434	2967
434	9422
434	6378
434	1365
434	10800
434	6133
434	752
434	1619
434	3493
434	2453
435	3979
436	7146
436	5036
436	6003
436	4872
436	4881
436	4449
436	3777
436	4132
436	4133
436	10391
436	2716
436	5317
436	2160
436	3673
436	3488
436	5939
436	1913
436	1910
436	1907
436	2602
436	5507
436	1643
436	1211
436	1159
436	8854
436	2519
436	2713
436	1194
436	1085
436	1094
436	1189
436	1006
436	1183
436	1182
436	1205
436	730
436	3672
436	3853
436	1244
436	1003
436	1078
436	3642
436	940
436	4314
436	1327
436	544
436	1649
436	2255
436	4152
436	9639
436	339
436	228
436	282
436	1861
436	326
436	159
436	296
436	298
436	55
436	198
436	45
436	328
436	330
436	412
437	7135
437	7991
437	7989
437	7207
437	6958
437	6341
437	12135
437	6289
437	2160
437	1909
437	1914
437	2065
437	1697
437	1212
437	1190
437	1098
437	1327
437	2930
437	2386
437	213
437	284
438	11912
438	4285
438	6655
438	11941
438	1372
438	1033
438	1371
438	7707
438	5602
439	8021
439	7459
439	8018
439	6521
439	6520
439	4513
439	3778
439	1472
439	1034
439	1098
439	8854
439	1609
439	168
440	4920
440	10773
440	1620
440	4122
440	952
440	5047
440	4450
440	10450
440	3935
440	3933
440	3744
440	2404
440	9408
440	1987
440	1687
440	1565
440	1497
440	1139
440	969
441	8052
441	7705
441	6748
441	7939
441	7135
441	6537
441	6341
441	6527
441	6023
441	6024
441	3466
441	1903
441	1904
441	1370
441	1697
441	3642
441	3672
441	3655
442	5959
442	4414
442	2476
442	2013
442	1910
442	2239
442	6839
442	1905
442	1302
442	5075
442	1312
442	7753
442	2173
442	7752
442	1093
442	2608
442	2714
442	1193
442	1088
442	1226
442	1085
442	1192
442	1452
442	1191
442	1091
442	1190
442	2309
442	5477
442	1184
442	6821
442	2310
442	2311
442	1205
442	5204
442	1182
442	1006
442	1098
442	8605
442	1050
442	1097
442	5650
442	1326
442	1327
442	5653
442	4546
442	4334
442	941
442	546
442	235
442	256
442	102
442	86
442	84
442	125
442	91
442	237
442	238
442	80
442	593
442	110
442	296
442	298
442	297
443	4111
443	2438
443	2614
443	10190
443	11696
443	11789
443	7710
443	4395
443	6780
443	7158
443	5812
443	5705
443	5029
443	4527
444	8782
445	3542
445	10684
445	4506
446	10011
446	12690
446	6651
446	10895
446	4057
446	3775
446	7979
446	12743
446	8699
446	9992
446	569
446	3141
446	905
446	641
446	11621
447	12458
447	12583
447	8946
447	781
447	3935
447	5666
447	11424
447	8795
447	11039
447	5288
448	2566
448	1911
448	1904
448	1905
448	1041
448	1078
448	940
448	6160
448	831
448	2930
448	560
448	1069
448	1163
448	1771
448	111
449	6668
449	6527
449	3973
449	5797
449	1909
449	1697
449	1371
449	1372
449	11436
449	2147
449	1096
449	5653
449	1965
449	1195
449	387
449	241
449	298
449	9242
450	7753
450	6095
450	1185
450	1088
450	7754
450	1188
450	1095
450	1087
450	1113
450	1187
450	6823
450	1092
450	1205
450	1089
450	1184
450	1011
450	1183
450	1194
450	1192
450	1191
450	1034
450	1083
450	939
450	1244
450	1021
450	1003
450	1020
450	1050
450	5651
451	3466
451	2720
451	2171
451	2105
451	1081
451	2172
451	1007
451	7752
451	6095
451	1188
451	1191
451	1089
451	1184
451	827
451	257
451	240
451	244
451	249
451	243
451	242
452	4512
452	4669
452	1904
452	1903
452	2011
452	1907
452	1902
452	6095
452	2714
452	2713
452	1185
452	3324
452	1077
452	1007
452	1009
452	1082
452	1035
452	2505
452	1083
452	1099
452	1114
452	2309
452	1049
452	1050
452	1327
452	829
452	244
452	245
452	251
452	254
452	240
452	252
452	249
452	246
453	4669
453	1909
453	2013
453	1913
453	1905
453	12341
453	1914
453	3574
453	1371
453	1049
453	1050
453	1314
453	1866
453	1324
453	197
453	556
453	593
453	207
453	132
453	378
453	105
454	5590
454	4415
454	3665
454	2720
454	4301
454	2569
454	2639
454	1697
454	2714
454	2715
454	9925
454	6821
454	833
454	561
454	464
455	2639
455	1032
456	4999
456	9143
456	3229
456	4793
456	5153
456	4531
456	4636
457	4113
457	3808
457	6180
458	8648
459	600
460	7607
460	6897
460	6431
460	6000
460	5442
460	3561
460	3330
460	2600
460	3358
460	2312
460	11773
460	921
460	461
460	2308
461	2714
461	2173
461	1327
461	2850
461	1628
461	3159
461	5842
461	307
462	11040
462	4010
462	12517
462	6938
462	5981
462	3099
462	12200
462	7368
462	10878
462	5053
462	2619
462	10004
462	1405
462	8907
462	9734
462	9171
462	10658
462	2713
462	5070
462	718
462	719
462	4018
462	7922
462	698
462	6631
463	2476
464	11924
464	9427
464	9241
464	6214
465	8021
465	7705
465	8046
465	6521
465	6511
465	6594
465	6000
465	4915
465	3470
465	1902
465	2717
465	544
465	543
465	547
465	452
465	402
465	399
465	1278
465	227
465	190
465	395
465	328
465	641
466	8015
466	3470
466	739
466	827
466	544
466	543
466	1195
466	478
466	350
466	178
466	111
466	70
466	69
466	402
466	452
466	399
466	328
466	329
466	395
466	327
466	333
466	331
466	330
466	401
466	96
466	95
467	1187
467	152
467	153
468	2716
468	3979
468	11186
468	11684
468	4551
468	2566
468	2602
468	6825
468	1098
468	1191
468	1194
468	1097
468	877
468	561
468	678
468	689
468	335
468	159
468	698
469	11727
469	3710
469	2569
469	1695
469	1696
469	1370
469	1372
469	2715
469	1035
469	8218
469	2309
469	1205
469	2848
469	1077
469	464
469	948
469	2388
469	6550
469	39
469	169
469	8358
470	8018
471	2566
471	2602
471	1388
471	1226
471	1094
471	2608
471	1212
471	2505
471	2713
471	1315
471	1205
471	1082
471	1089
471	1098
471	1078
471	1114
471	924
471	5652
471	546
471	585
471	722
471	3853
471	305
471	350
471	228
471	8302
471	227
471	533
471	257
471	243
471	403
471	399
471	452
471	178
471	1861
471	299
471	152
471	8936
472	3186
472	2003
473	2314
473	1078
473	877
473	1097
473	1327
473	294
473	1278
473	258
474	11994
474	4513
474	4329
474	1905
474	1302
475	2756
475	5158
476	12481
476	11075
476	9104
476	7364
476	267
477	3375
477	1904
477	1905
477	2569
477	1695
477	1034
477	1327
477	1114
477	1077
477	715
477	921
477	933
477	689
477	234
477	134
477	698
477	700
477	135
477	53
478	5275
478	4512
478	3665
478	2395
478	3271
478	1908
478	1909
478	1904
478	2314
478	1191
478	1005
478	877
478	1326
478	937
478	898
478	538
478	5078
478	2990
478	2386
478	210
478	470
478	284
479	6704
480	1996
480	10278
481	2566
481	1302
481	1477
481	4334
481	174
481	238
481	700
481	158
482	2716
482	2012
482	1914
482	3193
482	1190
482	1004
482	1008
482	6160
482	2850
482	2848
482	1895
482	1314
482	1069
482	686
482	828
482	241
482	234
482	231
482	190
483	6025
483	4414
483	6162
483	2622
483	2716
483	3366
483	6655
483	1902
483	2013
483	1906
483	1657
483	2311
483	1081
483	8746
483	1097
483	4334
483	561
483	214
484	4512
484	2525
484	2160
485	2720
485	1210
485	1473
485	1084
485	1082
485	1035
485	5653
485	5651
485	5652
485	1326
485	281
485	139
485	197
485	240
485	247
485	251
485	245
485	244
485	246
485	211
485	158
485	697
486	8213
486	5144
486	2160
486	1909
486	3054
486	4803
486	3778
486	3109
486	1905
486	1473
486	2171
486	6195
486	8854
486	11896
486	2170
486	1189
486	1088
486	1093
486	1188
486	1085
486	1084
486	1006
486	1092
486	1083
486	1039
486	1183
486	1099
486	1097
486	940
486	5650
486	625
486	4546
486	938
486	937
486	561
486	5320
486	344
486	294
487	3375
487	2716
487	1185
487	1187
487	240
487	257
487	245
487	254
487	251
488	12386
488	1908
488	1915
488	12196
488	560
489	4669
489	8045
489	1902
489	1905
489	1697
489	1159
489	1244
489	10567
489	8373
490	1695
490	1033
490	2981
490	2713
490	1313
490	2147
490	877
490	5597
490	933
490	2244
490	2930
490	506
490	4767
490	248
490	214
490	2388
490	213
490	235
490	418
490	139
490	132
490	626
490	4624
490	12411
490	8601
490	151
490	391
491	8052
491	7939
491	6341
491	6000
491	4789
491	2566
491	2012
491	1902
491	8902
491	2713
491	1191
491	1189
491	1193
491	1095
491	1212
491	1085
491	2717
491	1094
491	7707
491	1083
491	1006
491	6823
491	1080
491	2608
491	1063
491	1226
491	833
491	939
491	1097
491	1114
491	1099
491	940
491	1327
491	1619
491	208
492	4131
492	2612
492	1181
492	6095
492	1095
492	6823
493	7410
493	4787
493	4957
493	4790
493	4881
493	4513
493	3778
493	3790
493	3274
493	2396
493	2602
493	2715
493	1190
493	1191
493	1194
493	1080
493	2227
493	3324
493	1049
493	1035
493	1007
493	1009
493	1187
493	939
493	1099
493	1477
493	5652
493	4546
493	1536
493	7542
493	350
493	254
493	178
493	2389
493	2388
493	294
493	2386
493	243
493	251
493	252
493	321
493	240
493	249
493	242
493	197
493	227
493	402
493	403
493	159
493	155
493	406
493	299
493	326
493	399
493	626
493	158
493	181
494	6431
494	5476
494	5442
494	4513
494	4669
494	3275
494	10416
494	2525
494	2476
494	2566
494	1912
494	1907
494	2569
494	1695
494	6825
494	2310
494	2314
494	1186
494	6095
494	2714
494	1188
494	2608
494	7754
494	2504
494	1316
494	7707
494	1005
494	1182
494	1089
494	1006
494	1077
494	281
494	279
494	1323
495	1387
495	190
496	8052
496	5334
496	2639
497	2716
497	1914
497	1682
497	2981
497	940
497	111
497	244
497	674
497	300
497	250
497	297
498	2519
498	1907
498	1912
499	7705
499	8018
499	7207
499	5334
499	2718
499	2639
499	1472
499	1097
499	2172
499	1314
499	832
500	3974
501	4513
501	4511
501	1904
501	1905
501	1192
501	1313
501	2713
501	2505
501	1244
501	1477
501	1097
501	5652
501	1326
501	640
501	5003
501	829
501	247
501	2388
501	243
501	251
501	249
501	246
501	250
501	245
501	233
501	208
501	464
501	309
501	593
501	300
501	296
501	8293
502	1937
502	3574
502	1193
502	877
502	6160
502	739
502	1327
502	2930
502	210
502	249
502	134
502	153
502	207
503	2172
503	6195
503	7752
503	1193
503	1192
503	1085
503	6829
503	2311
503	6831
503	2309
503	1082
503	1035
503	5477
503	1099
503	1114
503	5651
503	1327
503	1326
503	937
503	246
503	243
503	211
503	257
503	197
503	2388
503	2389
503	250
503	242
503	239
503	240
503	249
503	593
503	309
503	133
503	137
503	155
503	134
503	159
503	153
503	344
504	5334
504	1906
504	2160
504	2173
504	7755
504	1006
505	5476
505	1902
505	1904
505	1903
505	2014
505	1910
505	2719
505	6095
505	1080
505	1908
505	1093
505	1185
505	1084
505	1188
505	1095
505	1190
505	6823
505	1083
505	1011
505	5477
505	1033
505	1035
505	1326
505	1327
505	254
505	252
505	197
505	2386
505	1278
506	2013
506	1005
506	1078
506	1049
507	1908
507	1914
507	1697
507	8218
507	2608
507	1083
507	1003
507	921
507	561
507	478
507	686
507	208
508	1398
508	6832
508	962
509	8046
509	10436
509	6162
509	3665
509	1911
509	1906
509	1372
509	1041
509	5651
509	2850
509	1327
509	5652
509	4546
509	5650
509	11931
509	739
509	941
509	4334
509	1325
509	640
509	2389
509	254
509	250
509	309
509	251
509	211
510	1081
511	8052
511	8021
511	8046
511	6521
511	6341
511	6528
511	6527
511	6429
511	5602
511	3974
511	5841
511	3285
511	2160
511	1912
511	1398
511	1609
511	7113
511	1326
511	1628
511	1660
511	933
511	2244
512	6896
512	5959
512	5275
512	4915
512	5434
512	3561
512	3979
512	2395
512	2065
512	1907
512	1906
512	2002
512	2013
512	2003
512	1080
512	2713
512	1090
512	1094
512	1093
512	1095
512	1034
512	1083
512	1189
512	1087
512	1011
512	1477
512	1327
513	3193
513	1387
513	1009
513	1189
514	2295
514	2684
515	1905
515	1913
515	1910
515	3054
515	1902
515	1371
515	6821
515	1188
515	1189
515	6367
515	5242
515	11177
515	993
515	546
515	387
515	228
515	258
516	5406
516	6655
516	1050
516	1041
516	1049
517	7770
517	6735
517	6024
517	3973
517	11510
517	5511
517	2566
517	1912
517	7359
517	3972
517	1079
517	1212
517	1031
517	1032
517	1477
517	2160
517	11129
517	7048
517	7716
517	1195
517	2249
517	2465
517	674
517	8980
517	2388
517	464
517	53
517	8358
517	363
517	75
518	8046
518	7705
518	6748
518	8018
518	7939
518	5959
518	4511
518	3974
518	6162
518	3665
518	1697
518	7755
518	1182
518	2313
518	1184
518	2309
518	6160
519	6782
519	6823
520	3665
521	7135
521	3466
521	2002
521	2566
521	2010
521	1182
521	1244
521	1008
521	2850
521	253
522	7056
522	11419
523	8307
523	101
523	340
523	8239
523	9
523	42
523	63
523	8489
524	11198
524	7092
524	7582
524	3345
525	9945
525	10396
525	5835
525	4540
525	7880
525	4138
525	3158
525	2150
525	8030
526	594
527	8348
527	1934
527	8253
528	1787
528	2082
528	3091
529	10659
529	4923
529	10860
529	2654
529	11642
529	10470
529	3655
529	3738
529	2252
529	7407
529	8519
529	6318
529	6810
529	11963
529	10505
529	4113
529	4255
529	3125
529	6091
529	4005
529	345
529	12603
529	6190
529	1536
530	11981
530	7197
530	3970
530	2013
530	546
531	2566
531	1905
531	1902
531	1372
531	1370
531	1212
531	1405
531	8679
531	1404
531	877
531	1006
531	1244
531	2848
531	7755
531	5308
531	4062
531	924
531	3193
531	2244
531	350
531	181
531	227
531	220
531	306
531	326
531	85
531	45
532	4967
532	1807
532	1310
532	3290
532	8490
532	9330
532	11576
532	2393
532	7493
532	11643
532	9897
532	707
532	2791
532	438
532	12148
532	8997
532	9004
532	403
532	395
532	330
532	328
532	327
532	84
532	23
532	22
533	1657
533	3665
534	10627
535	8254
536	1907
536	1904
536	2105
536	2171
536	1404
536	1210
536	3459
536	1212
536	2714
536	2715
536	1188
536	1186
536	1113
536	2713
536	1085
536	2717
536	1081
536	1192
536	1191
536	1089
536	1205
536	1099
536	1097
536	2930
536	941
536	937
536	938
536	640
536	8304
536	678
536	247
536	2389
536	2388
536	246
536	2387
536	212
536	241
536	254
536	252
536	211
536	242
536	243
536	674
536	257
536	418
536	250
536	293
536	240
536	249
536	593
536	207
536	238
536	298
536	309
536	237
537	4513
537	3466
537	2566
537	1093
537	6095
537	2719
537	1084
537	1091
537	962
537	1090
537	1477
537	1049
537	1050
537	5653
537	1327
537	610
537	153
537	6550
537	309
537	4013
537	238
537	237
538	4511
538	1084
538	1094
538	1326
539	6404
539	4916
539	5721
539	10302
539	2450
539	2012
539	1902
539	2569
539	1906
539	1771
539	3054
539	2002
539	1387
539	2170
539	2719
539	2715
539	1194
539	1191
539	1192
539	1190
539	1085
539	1189
539	1080
539	5477
539	6829
539	1032
539	1034
539	1182
539	1082
539	1035
539	6831
539	1089
539	1007
539	1006
539	1009
539	1098
539	1063
539	1083
539	939
539	1114
539	1099
539	1096
539	1477
539	1049
539	1050
539	1097
539	940
539	6690
539	5650
539	5651
539	5652
539	5653
539	4546
539	1327
539	1326
539	830
539	2244
539	933
539	640
539	610
539	1069
539	561
539	251
539	254
539	293
539	239
539	242
539	211
539	176
539	197
539	238
539	237
539	158
539	298
539	299
539	189
539	301
540	7144
540	8216
540	6667
540	6427
540	6003
540	6024
540	6023
540	5959
540	5443
540	2160
540	1912
540	1906
540	1005
540	1477
540	4504
540	1205
540	1184
540	1097
540	560
540	2084
540	1278
540	593
541	8021
541	6432
541	6594
541	1937
541	1192
541	1193
541	1088
541	1186
541	1188
541	1452
541	1226
541	1087
542	4613
542	4103
542	11002
542	1418
542	1486
543	1913
543	1370
543	1008
544	7144
544	10948
544	5831
544	1085
544	1087
544	1078
544	1097
544	1099
544	1114
544	544
544	228
544	95
544	106
544	309
545	2751
545	2566
545	8069
545	1039
545	2476
546	4512
546	3271
546	2065
546	1035
546	1091
546	1184
547	11900
547	6269
547	7278
547	6761
547	6760
547	7368
547	2146
547	10963
547	2312
547	8751
548	8018
548	7939
548	7278
548	7207
548	6667
548	6024
548	3665
548	7755
548	1695
548	1088
548	1094
548	2313
548	1226
548	1008
548	978
548	739
548	1326
548	248
548	137
548	233
548	111
549	1915
549	2639
549	1188
550	7278
550	7607
550	6667
550	6527
550	6024
550	5959
550	4789
550	4979
550	1226
550	1452
550	6825
550	1011
550	1184
550	920
550	978
550	715
550	234
550	111
551	2601
551	2307
551	5477
551	1020
551	1050
551	2850
551	1326
551	6690
551	478
552	7278
552	1060
552	448
553	10271
553	3934
553	8247
553	78
553	8432
553	4158
554	10728
554	11021
554	2612
554	7751
554	6195
554	1088
554	1090
554	1477
555	11765
555	11497
555	7752
555	2404
555	8782
555	1094
555	6095
555	1095
555	1087
555	1188
555	1085
555	1080
555	1093
555	1192
555	2714
555	1185
555	2719
555	1193
555	2715
555	1183
555	6823
555	1082
555	1035
555	1089
555	1007
555	5477
555	1009
555	1181
555	1187
555	1092
555	1020
555	939
555	1244
555	1477
555	1326
555	5653
555	1327
555	5651
555	5652
555	546
555	4334
555	7186
555	1136
555	3584
555	3483
555	1003
555	9249
555	7142
556	3466
556	2396
556	2013
556	2002
556	1312
556	1093
556	2601
556	1091
556	1090
556	5477
556	1088
556	1089
556	1092
556	1007
556	1009
556	1032
556	1181
556	1034
556	941
556	938
556	937
556	234
556	8746
556	293
556	356
556	238
557	5036
557	4414
557	3466
557	2566
557	2569
557	7755
557	1091
557	1093
557	7751
557	1088
557	1090
557	1060
557	4690
557	210
557	132
558	7135
558	4787
558	1080
558	1033
559	11830
559	11472
559	11774
559	8202
559	1094
559	1091
559	2713
559	1452
559	1085
559	1093
559	2714
559	6095
559	1113
559	1095
559	1184
559	6831
559	1092
559	5204
559	1205
559	962
559	5477
559	1097
559	546
559	3853
559	284
559	216
560	6873
560	6667
560	6427
560	4789
560	1088
560	1093
560	1011
560	6823
561	6528
561	4512
561	4131
561	2013
561	2012
561	1910
561	1909
561	1905
561	2011
561	2002
561	1902
561	1083
561	1188
561	1084
561	1184
561	1183
561	939
561	1050
561	1477
561	1114
561	940
561	5651
561	5653
561	5650
561	1326
561	1327
561	4546
561	243
561	242
561	2389
561	254
561	2386
561	257
561	252
561	249
561	211
561	246
561	250
561	251
561	700
561	255
561	153
561	155
561	189
562	6023
562	5299
562	4787
562	8083
562	4881
562	4512
562	6162
562	2716
562	2014
562	1905
562	2639
562	11697
562	2172
562	7751
562	2170
562	7752
562	2173
562	6195
562	7754
562	7753
562	1113
562	1085
562	1090
562	1183
562	1011
562	2924
562	1327
562	1326
562	5652
562	4546
562	5651
562	5653
562	5650
562	1044
562	204
562	4511
562	278
562	133
563	6432
563	6001
563	7338
563	4787
563	5088
563	2012
563	2011
563	1906
563	1910
563	1913
563	2003
563	7753
563	1372
563	2719
563	1188
563	1186
563	1192
563	1193
563	1085
563	1087
563	1095
563	1094
563	1184
563	1007
563	6823
563	1009
563	1035
563	1082
563	1182
563	1183
563	6829
563	6831
563	1032
563	1034
563	2309
563	2311
563	939
563	1244
563	2850
563	1327
563	546
563	245
563	254
563	2388
563	2389
563	249
563	250
563	242
563	2386
563	251
563	674
563	593
563	137
563	155
564	4669
564	3574
564	1211
564	1082
564	2170
564	1035
564	1187
564	1205
564	308
564	212
564	247
565	9674
565	1807
565	2566
565	2430
565	1310
565	2504
565	1050
565	210
566	7096
566	11714
566	4669
566	2720
566	9338
566	9339
566	1914
566	1912
566	1937
566	5446
566	2263
566	2741
566	1388
566	1082
566	8854
566	2848
566	2959
566	1628
566	583
566	5710
566	3934
566	2271
566	404
566	6737
566	418
566	282
566	190
567	6003
567	8216
567	4881
567	2566
567	1326
568	3119
568	4511
568	2396
568	1907
568	1695
568	1315
568	1302
568	7752
568	1080
568	1643
568	1187
568	1189
568	1083
568	1192
568	1092
568	1097
568	678
568	10661
568	309
568	213
568	240
569	5886
569	2720
569	1909
569	1914
569	2105
569	8218
569	1159
569	715
570	1194
570	1082
570	1032
570	1099
570	1114
570	1097
570	5653
570	5651
570	1326
570	2850
570	1327
570	1044
570	560
570	610
570	347
570	2386
570	279
570	2387
570	399
570	247
570	250
570	249
570	241
570	212
570	174
570	134
570	152
570	330
570	327
570	395
570	159
570	155
570	333
570	329
571	4414
571	1388
571	1184
571	1035
571	1079
571	1082
571	1244
571	939
571	1003
571	1078
571	1114
571	1099
571	1097
571	1477
571	560
571	6925
571	1195
571	8190
571	2389
571	250
571	252
571	251
571	2386
572	5042
572	5036
572	4669
572	9686
572	2003
572	2002
572	2013
572	2011
572	1908
572	1907
572	5507
572	1372
572	8218
572	1194
572	1192
572	1193
572	1095
572	2717
572	2714
572	1085
572	2715
572	2311
572	1009
572	1082
572	1182
572	6821
572	1077
572	1184
572	1205
572	1089
572	2505
572	1004
572	1477
572	1326
572	1327
572	560
572	279
572	347
572	241
572	254
572	251
572	239
572	250
572	242
572	189
572	253
572	153
573	3779
573	1913
573	1315
573	1404
573	7707
573	5653
573	1886
573	2389
573	138
573	197
573	212
574	4324
574	1907
574	1912
574	1370
574	1372
574	6825
574	1314
574	4767
575	11644
575	11664
575	10909
575	10652
575	7451
575	6769
575	7335
575	7600
575	3561
575	5073
575	3275
575	194
575	211
575	212
575	250
575	197
575	7641
575	156
575	258
575	155
575	153
575	132
575	159
576	12686
576	5036
576	3375
576	5555
576	12109
576	4795
576	2160
576	2566
576	1695
576	10546
576	1370
576	1372
576	5652
576	5556
576	9986
576	4951
576	1830
576	253
576	153
576	133
576	105
576	1322
576	368
577	7144
577	12841
577	6023
577	11973
577	12598
577	6162
577	1913
577	2013
577	2012
577	2002
577	2003
577	9555
577	1094
577	1226
577	2714
577	1186
577	1193
577	1085
577	1113
577	1452
577	2608
577	6823
577	2311
577	2309
577	1011
577	5477
577	1205
577	2505
577	1182
577	1184
577	1009
577	3672
577	3853
577	1020
577	1244
577	1004
577	1021
577	1477
577	1114
577	544
577	10020
577	9306
577	11589
577	2389
577	239
577	252
577	243
577	254
577	1861
577	181
577	84
577	304
577	110
577	253
578	7135
578	2493
578	2566
578	2569
578	1193
578	1186
578	9101
578	6517
578	7755
578	11898
578	907
578	4005
578	4677
578	8676
578	8769
578	213
578	8226
578	139
579	6537
579	5088
580	2014
580	2012
580	1905
580	7753
580	7754
580	7752
580	2173
580	2172
580	6823
580	1004
580	1003
580	1244
580	1006
580	1098
580	1034
580	1083
580	1089
580	1092
580	7707
580	1205
580	1182
580	1184
580	940
580	1477
580	1097
580	938
580	937
580	4334
580	941
580	11920
580	293
580	300
580	297
580	301
580	299
581	3951
581	1315
581	1187
581	1090
581	1088
581	2505
581	962
581	6821
581	978
581	1114
581	1099
581	1097
581	1477
581	5650
581	4546
581	4334
581	6090
581	254
581	279
581	307
581	213
581	243
581	242
581	247
581	725
581	212
581	211
581	244
581	239
581	249
581	736
582	6024
582	5036
582	5042
582	4151
582	3330
582	4669
582	2569
582	1371
582	1317
582	1190
582	3459
582	1313
582	1212
582	2714
582	2713
582	1193
582	1078
582	1191
582	1189
582	2608
582	1011
582	2930
582	610
582	560
582	538
582	235
582	369
582	343
582	378
582	344
582	1322
582	196
583	5334
583	4414
583	4255
583	2566
583	1912
583	8218
583	1212
583	1078
583	6160
583	877
583	5597
583	561
583	1195
583	478
583	369
583	697
583	4015
584	8052
584	7939
584	6003
584	6025
584	5042
584	4513
584	3778
584	2066
584	1905
584	2312
584	5075
584	1088
584	1006
584	1182
584	1007
584	1083
584	1079
584	1090
584	1326
584	933
584	4334
585	4513
585	1697
585	5651
585	5652
585	739
585	1077
585	132
585	136
586	2644
586	1697
586	2717
586	8218
586	2314
586	6832
586	1078
586	5653
586	6690
586	826
586	208
586	249
586	190
587	3375
587	1909
587	1914
587	2713
587	1159
587	1005
588	2014
588	1188
589	4669
589	3271
589	4511
589	8046
589	1904
589	1902
589	1910
589	2002
589	2011
589	1905
589	1695
589	7922
589	4848
589	12600
589	7753
589	7754
589	2172
589	2719
589	2713
589	1313
589	1091
589	1093
589	1088
589	2715
589	1090
589	2714
589	1189
589	6825
589	1094
589	1192
589	1193
589	1194
589	1226
589	2608
589	1113
589	1191
589	1212
589	1186
589	1188
589	1087
589	1011
589	1181
589	1092
589	2310
589	6829
589	1085
589	1081
589	2309
589	6831
589	5204
589	1089
589	1004
589	2065
589	1477
589	1097
589	3938
589	5650
589	1326
589	4546
589	1327
589	832
589	1163
589	461
589	686
589	251
589	257
589	194
589	242
589	243
590	5959
590	3973
590	1005
591	6528
591	4637
592	3193
592	4889
592	7883
592	2569
592	1910
592	2820
592	10262
592	1915
592	11606
592	11648
592	6329
592	6713
592	10317
592	5583
592	1193
592	1192
592	1313
592	1185
592	1188
592	2717
592	2715
592	1189
592	1190
592	1191
592	1093
592	1080
592	1091
592	1088
592	6829
592	5477
592	6831
592	5204
592	1034
592	962
592	2309
592	2311
592	1007
592	1035
592	925
592	939
592	1050
592	1049
592	1114
592	1477
592	940
592	1097
592	1099
592	5446
592	5078
592	339
592	181
592	356
592	212
592	211
592	311
592	176
592	125
592	157
592	168
592	207
592	300
592	296
592	301
592	155
592	11866
592	73
592	120
592	72
592	412
593	11979
593	2171
593	2105
593	8218
593	2504
593	1188
593	1387
593	1184
593	5650
593	582
593	470
593	302
593	239
593	403
593	326
594	10060
594	10973
594	9068
594	1913
594	1910
594	2714
594	2713
594	1185
594	1186
594	2715
594	1188
594	6095
594	6821
594	1033
594	1187
594	4814
594	1034
594	1032
594	1035
594	1082
594	1477
594	940
594	1326
594	1327
595	6348
595	9921
595	1902
595	8104
595	11767
595	1695
595	7753
595	1244
595	939
595	1078
595	4532
595	6690
595	1325
595	718
595	461
595	829
595	686
595	831
595	309
595	152
595	155
596	5959
596	240
597	214
597	151
598	6958
598	5299
598	3974
599	7207
599	6958
599	6594
599	6001
599	4513
599	3275
599	4669
599	7186
599	7862
599	5993
599	560
600	4669
600	2014
600	1905
600	3193
600	6832
600	739
600	640
600	284
600	2387
600	251
600	593
600	132
600	137
600	158
600	298
600	296
601	3466
601	2718
601	1094
601	9481
601	6095
601	2608
601	1183
601	1182
601	1205
601	6823
601	1092
601	12344
602	3329
602	1902
602	2013
602	2012
602	1904
602	2011
602	1087
602	5204
602	6831
602	1089
602	2311
602	1114
602	1195
602	137
602	133
603	4669
603	6535
603	3006
603	1212
603	2310
603	1088
603	2505
603	1181
603	1078
603	1477
603	4062
603	5308
603	251
603	211
603	212
603	208
604	11110
604	6722
604	3330
604	3979
604	1771
604	2105
604	7752
604	2173
604	1194
604	1185
604	1192
604	1190
604	1193
604	6095
604	1083
604	1182
604	1183
604	1205
604	6823
604	1011
604	1098
604	7740
604	1006
604	1034
604	7707
604	3776
604	10017
604	1327
604	937
604	1324
604	2870
604	1246
604	2182
604	829
604	350
604	212
604	251
604	2389
604	464
604	674
604	247
604	8746
604	241
604	211
604	125
604	299
605	6891
605	6025
605	6023
605	8189
605	11570
605	3229
605	2751
605	2716
605	1914
605	1909
605	2569
605	1902
605	7755
605	2171
605	1695
605	7753
605	1697
605	7752
605	1193
605	1192
605	2717
605	2147
605	1093
605	1003
605	1191
605	1090
605	1088
605	1194
605	1031
605	1094
605	1095
605	1190
605	1185
605	2714
605	1078
605	940
605	2850
605	1077
605	251
605	248
605	204
605	10362
605	194
605	138
605	343
605	153
605	157
605	378
605	53
606	1904
606	1913
606	6655
606	1697
606	1085
606	1385
606	1083
607	3561
607	1372
607	1244
607	1195
607	6675
607	294
608	1905
608	1902
608	7755
608	2105
608	2171
608	2172
608	937
608	941
609	6730
609	5567
609	11257
609	11799
609	10889
609	6363
609	6362
609	8065
609	12475
609	6754
609	6072
609	11970
609	6333
609	6652
609	6492
609	12041
609	7845
609	11882
609	11169
609	7854
609	12448
609	7834
609	5886
609	7238
609	12774
609	3979
609	9969
609	2160
609	2639
609	9241
609	9206
609	1302
609	1372
609	3560
609	5079
609	1095
609	1181
609	1205
609	939
609	2930
609	8952
609	678
609	686
610	6204
610	5692
610	7299
610	7470
610	10607
610	11470
610	5317
610	9311
610	1083
610	1006
610	1477
610	2850
610	940
610	1099
610	1097
610	543
610	6244
610	4511
610	1278
610	294
611	11306
611	11781
611	12535
611	6928
611	1513
612	6735
612	6537
612	11522
612	7180
612	7373
612	5760
612	6025
612	6024
612	5291
612	5299
612	4790
612	7219
612	7519
612	4539
612	3878
612	3056
612	4669
612	3274
612	2662
612	2569
612	1695
612	2992
612	6825
612	2559
612	1657
612	11988
612	877
612	1244
612	1003
612	2533
612	1478
612	1423
612	4898
612	712
612	1783
612	1049
612	2397
612	1060
612	1380
612	1327
612	715
612	678
612	7116
612	686
612	252
612	194
612	136
612	418
612	209
612	207
612	378
612	3438
612	1322
612	1340
613	11042
614	637
614	589
614	8487
614	8471
614	522
614	429
614	8338
614	520
614	1278
614	341
614	352
614	154
614	334
614	108
614	317
615	3145
615	9766
615	7250
615	6570
615	1615
615	2696
615	4255
615	5261
615	633
615	11880
616	2116
616	2873
616	7894
617	8483
618	11032
618	10437
619	7014
619	11583
619	3170
619	3535
619	3727
620	124
620	8307
620	8390
620	595
620	8244
620	83
620	322
620	420
620	471
621	6780
621	6819
621	903
621	3401
622	5655
622	2275
622	7480
622	6032
622	4087
623	2437
623	3856
623	7715
624	5436
624	768
624	1125
624	4549
624	4102
624	4608
624	1425
624	4452
624	927
624	9987
624	3452
625	9771
626	7144
626	6970
626	7292
626	7492
626	4513
626	11273
626	2556
626	9523
626	5646
626	2951
626	2195
627	5967
628	2146
628	7480
628	8106
628	3096
628	6080
628	3208
628	7186
628	748
628	1585
628	1625
629	6521
630	4637
630	5288
630	2066
630	1937
630	2601
630	4314
630	10424
630	4814
630	1187
630	925
630	1049
630	1326
630	8030
630	941
630	938
630	1163
630	826
630	281
630	282
630	1278
631	6863
631	2011
631	2307
631	8152
631	244
632	12589
632	12673
632	12440
632	7887
632	12206
632	7305
632	6462
632	5278
632	7205
632	4915
632	5088
632	4046
632	10344
632	5433
632	4007
632	11281
632	6655
632	8222
632	11467
632	6690
632	8816
632	4690
632	560
632	686
632	304
632	1899
632	282
632	220
632	301
632	306
632	1322
632	448
633	1912
634	1302
635	1317
635	2717
635	1079
636	2718
636	1812
636	1189
636	1192
636	1193
636	1077
636	582
636	204
636	207
636	125
637	8498
638	1136
638	1916
638	8005
638	179
639	6162
640	6668
640	5213
640	4881
640	2566
640	1697
640	1405
640	6195
640	2173
640	2172
640	7752
640	7754
640	877
640	2307
640	2309
640	1078
640	828
640	234
640	158
640	53
640	368
641	5476
641	2639
641	827
641	7158
641	1278
642	6961
642	6896
642	6431
642	6001
642	4512
642	3470
642	1906
642	1911
642	1004
642	4425
642	583
642	1605
642	5053
642	5573
642	5078
642	77
643	2718
643	2720
643	1915
643	1912
643	1682
643	1696
643	2504
643	2311
643	1244
643	1003
643	877
643	2848
643	678
643	335
643	208
643	174
643	365
644	12465
644	6427
644	6428
644	6431
644	6429
644	2716
644	1212
644	2307
645	6520
645	4881
645	4512
645	3979
645	3271
645	3186
646	8052
646	6735
646	6023
646	4916
646	3186
646	6982
646	5507
646	1080
646	1095
646	1049
647	6686
647	5443
647	2396
647	1388
647	1004
647	9231
647	1195
647	4018
647	5078
647	418
647	174
648	1902
648	1914
648	2221
648	2600
648	1695
648	1317
648	1609
648	2244
649	6735
649	6520
649	6217
649	12385
649	5036
649	6623
649	5088
649	6365
649	12358
649	5690
649	7993
649	4512
649	5424
649	4414
649	4040
649	10277
649	11691
649	5294
649	10302
649	10314
649	12808
649	6790
649	5320
649	2725
649	4669
649	8231
649	12481
649	2373
649	2444
649	2395
649	4011
649	3662
649	8204
649	11930
649	9435
649	7496
649	2566
649	7609
649	6485
649	6963
649	4143
649	4519
649	5507
649	5877
649	2105
649	1371
649	2171
649	7480
649	4123
649	1398
649	1657
649	9668
649	3747
649	1212
649	5075
649	6232
649	11051
649	3467
649	1031
649	5094
649	11931
649	1091
649	6769
649	10632
649	3027
649	5851
649	1184
649	2850
649	6767
649	3635
649	10602
649	11896
649	7769
649	4449
649	9863
649	4777
649	1953
649	1941
649	6090
649	7810
649	11933
649	11934
649	659
649	12473
649	3589
649	12712
649	7167
649	1195
649	5510
649	12761
649	686
649	689
649	7192
649	10857
649	8291
649	5393
649	6795
649	2387
649	5871
649	282
649	190
650	11922
650	7187
650	2499
650	1838
650	12320
650	3163
650	6298
650	4504
650	3757
650	2274
650	8894
650	819
650	2397
650	1714
650	1176
650	690
651	10573
651	8982
652	7939
652	10415
652	5816
652	5941
652	8142
653	2525
653	2066
653	1021
653	9412
653	11654
653	9717
653	7237
653	1783
653	7197
653	11728
653	7880
653	308
653	243
653	250
653	249
653	244
654	3375
654	1913
654	2013
654	2003
654	2002
654	1513
654	1372
654	7752
654	1085
654	1193
654	1094
654	6095
654	2719
654	1087
654	1084
654	2715
654	877
654	1114
654	1049
654	4546
654	5650
654	8526
654	1195
654	248
654	251
654	674
654	125
654	137
654	298
655	4669
655	2622
655	3186
655	1908
655	1902
655	1906
655	1907
655	1904
655	3193
655	1371
655	3459
655	1098
655	1210
655	1078
655	2850
655	3778
655	4704
655	6345
655	921
655	7149
655	214
655	464
655	1323
655	256
655	298
655	153
655	296
655	299
655	297
655	61
655	38
656	2003
656	2011
656	1695
656	1090
656	2170
656	1477
657	6897
657	6896
657	6521
657	6000
657	11323
657	4513
657	2160
657	2013
657	1087
657	1091
657	1090
657	6823
657	1184
657	1183
657	1205
657	1182
657	1011
657	1089
657	1092
657	2714
657	2715
657	1079
657	5204
657	1477
657	197
657	464
657	241
657	2386
658	12364
658	4278
658	8626
658	4086
658	802
658	2240
658	1317
658	8201
658	9644
658	11705
658	1915
659	5299
659	1370
659	1372
659	978
659	1078
659	1477
659	6160
659	1060
659	8992
660	7230
660	7542
660	6458
660	4387
660	10189
660	3145
660	10208
660	1182
660	1079
660	4255
660	5446
660	1035
660	1078
660	1082
661	4625
661	7519
661	6992
661	5854
661	9946
661	12296
661	11324
661	7320
661	9128
661	9426
661	7862
661	6702
661	6843
661	3918
661	5076
661	9037
661	1783
661	4610
661	12218
661	3860
661	3784
661	960
661	1247
661	7475
661	12659
661	5134
662	6527
662	6000
662	4637
662	12697
662	1913
662	1902
662	1904
662	1905
662	3459
662	1212
662	1080
662	1085
662	1084
662	1035
662	1033
662	1006
662	907
662	1007
662	6690
662	2499
662	948
662	5596
662	4767
662	369
662	8769
662	3637
662	174
663	6427
663	6431
663	3777
663	4359
663	7871
663	10436
663	1032
663	1034
663	204
664	6863
664	5146
664	6616
664	6521
664	6073
664	5769
664	7373
664	5299
664	4131
664	3974
664	11677
664	5572
664	3744
664	3724
664	6530
664	3058
664	1902
664	1904
664	1903
664	1909
664	3574
664	2600
664	1210
664	1609
664	3324
664	1033
664	1035
664	1082
664	7707
664	1098
664	1244
664	1004
664	2848
664	1021
664	1078
664	940
664	1097
664	1327
664	832
664	937
664	583
664	640
664	7741
664	1195
664	2388
664	2387
664	674
664	464
664	2389
664	241
664	4951
664	418
664	247
664	294
664	697
664	299
664	158
664	159
664	297
664	132
664	296
665	6528
665	4916
665	4414
665	2010
665	7754
665	7751
665	1092
665	1011
665	2172
665	7707
666	3229
666	1212
667	8018
667	7939
667	6488
667	7135
667	6341
667	6001
667	6000
667	6003
667	4916
667	4881
667	4131
667	3779
667	2395
667	1907
667	2010
667	1211
667	1313
667	2848
667	561
667	6492
668	6023
668	4881
668	7616
668	1159
668	907
668	1325
668	1163
669	4979
669	3974
669	2013
669	2010
669	1902
669	2569
669	1452
669	1039
669	1210
669	1609
669	1050
670	1695
670	11944
670	1649
670	8041
670	610
670	828
670	245
670	244
670	309
670	174
670	5564
671	5442
671	3778
671	3779
671	1909
671	2013
671	8218
671	8189
671	6687
671	10890
671	2717
671	1186
671	1188
671	1212
671	1088
671	1098
671	1080
671	1091
671	1087
671	1093
671	2505
671	6095
671	5477
671	1181
671	5204
671	1021
671	1244
671	1452
671	1078
671	1477
671	1097
671	1049
671	940
671	5651
671	546
671	5650
671	4546
671	1327
671	1326
671	5653
671	11056
671	544
671	722
671	305
671	323
671	2924
671	1861
671	228
671	282
671	593
671	343
671	238
671	24
672	2160
672	2011
672	1937
672	1912
672	2569
672	1370
672	5075
672	610
673	11915
673	4151
673	1388
674	7278
674	7607
674	7135
674	5476
674	5042
674	7752
674	2312
675	6873
675	8026
675	7146
675	3979
675	5446
675	11592
675	2566
675	1909
675	1914
675	1473
675	1405
675	1083
675	1212
675	1041
675	6161
675	832
675	898
675	560
675	826
676	1904
676	2065
676	1909
676	1902
676	5053
676	1003
676	1088
676	1091
676	5204
676	715
676	7969
676	478
676	582
676	138
677	2389
677	139
677	138
678	7207
678	6003
678	5088
678	1937
678	7754
678	6195
678	6095
678	2719
678	1189
678	1188
678	1191
678	1185
678	1087
678	1085
678	1084
678	1181
678	1097
678	1477
678	1327
678	5650
678	5651
678	5653
678	941
678	938
679	8021
679	6521
679	3979
679	2395
679	1212
679	1205
679	978
680	3466
680	2476
680	2566
680	2012
680	1006
680	1205
680	832
680	279
681	6528
681	6527
681	5476
681	4790
681	3375
681	1902
681	2011
681	1910
681	1904
681	1909
681	1908
681	2014
681	2013
681	1905
681	2171
681	8218
681	7753
681	7752
681	7751
681	2505
681	7754
681	2173
681	2172
681	1090
681	1189
681	1212
681	1081
681	1187
681	1011
681	1184
681	1092
681	1181
681	1083
681	1182
681	1183
681	1006
681	1205
681	1020
681	1244
681	939
681	1004
681	1097
681	1477
681	4546
681	5650
681	1327
682	7207
682	6646
682	6427
682	4916
682	3974
682	3973
682	2372
682	2066
682	1609
682	1326
683	6691
683	7318
683	1910
683	1913
683	1003
683	1004
684	7135
684	6707
684	6341
684	8003
684	7378
684	6423
684	12350
684	6025
684	6158
684	12374
684	7165
684	4873
684	6708
684	5473
684	11534
684	3307
684	3724
684	1906
684	3523
684	10833
684	1913
684	1908
684	3129
684	1910
684	6625
684	11780
684	1907
684	2715
684	2714
684	2713
684	1186
684	1212
684	6095
684	2719
684	1083
684	2608
684	1080
684	1193
684	1192
684	5308
684	924
684	1327
684	11048
684	8520
684	610
684	305
684	294
684	304
684	323
684	228
684	86
684	6680
684	159
684	155
684	327
684	55
684	45
685	10279
685	4511
685	2981
685	1398
685	9959
685	1649
685	560
685	1069
685	478
685	544
685	4018
685	248
685	593
685	387
685	399
685	402
686	3470
686	1205
687	10989
687	1902
687	2003
687	1910
687	1909
687	2011
687	2012
687	1906
687	2171
687	7247
687	1159
687	1191
687	6095
687	2719
687	1188
687	1088
687	1192
687	1093
687	1094
687	1090
687	1095
687	1080
687	1181
687	1098
687	1182
687	1184
687	1083
687	6161
687	940
687	7444
687	5650
687	826
687	239
687	300
688	12334
688	10922
688	7041
688	4579
688	7461
688	3665
688	1695
688	2373
688	2293
688	5075
688	3731
688	155
688	256
688	4015
689	6247
689	661
690	6528
690	4881
690	7583
690	1907
690	1903
690	2717
690	2714
690	2719
690	2713
690	3324
690	2608
690	2715
690	5308
690	924
690	4062
690	544
690	543
690	759
690	547
690	2854
690	546
690	831
690	228
690	220
690	99
690	98
691	10347
691	8365
691	10445
691	7430
692	4099
693	276
693	273
693	8343
693	2339
693	5631
693	8384
693	11418
694	5959
694	1371
694	2268
694	1316
694	1079
694	6832
694	1077
694	1078
694	10302
695	12012
695	11976
695	12375
695	6431
695	6527
695	6257
695	5299
695	5036
696	5849
696	3375
696	2877
696	2566
697	1385
697	252
697	281
697	211
697	284
697	208
697	207
697	593
697	10937
697	6315
697	7689
697	297
697	300
698	1302
698	1083
698	1049
699	6025
699	5334
699	4513
699	3470
699	3275
699	2395
699	2396
699	1472
699	1079
699	1082
699	6095
699	1080
699	1477
699	2990
699	281
699	157
700	3973
700	1906
700	1695
700	1371
700	2170
700	1033
700	877
700	939
700	739
700	1314
700	2386
700	2387
700	300
700	103
701	1213
702	9349
702	1489
702	1517
702	1679
702	3856
703	8480
703	637
703	569
703	589
704	8756
705	9788
706	7560
706	2698
706	5064
706	6713
707	4534
707	8495
707	1546
707	484
707	341
707	8273
707	8316
708	3191
708	7534
708	11004
708	9223
708	12126
708	9578
708	3103
709	9975
709	10621
709	2063
709	10031
709	9539
710	11899
710	7753
710	1193
710	1452
710	1226
710	1203
710	1113
710	1212
710	6829
710	6821
710	6823
710	6831
710	5477
710	1009
710	1049
710	1050
710	4062
710	4546
710	5308
710	5652
710	241
710	247
710	401
710	330
710	395
710	327
711	12034
711	5275
711	11970
711	5700
711	8053
711	12190
711	10209
711	11139
711	7017
711	2312
711	12056
711	6374
711	470
711	5573
711	6190
711	8880
711	533
711	321
711	308
711	11923
711	3250
711	12207
712	11750
712	5334
712	2566
712	1403
712	1182
712	1205
712	6161
712	1021
712	1020
712	5607
712	2182
713	5717
713	3046
713	6086
713	6085
713	11804
713	10822
713	4936
713	1318
713	8743
713	5686
713	1314
713	1005
713	1399
713	978
713	1488
713	10518
713	4596
714	1147
715	5260
715	11035
716	623
716	943
716	8842
716	1479
716	9214
717	9184
718	7135
718	11968
718	11854
718	12219
718	2014
718	1911
718	2003
718	1906
718	1902
718	7178
718	2013
718	2002
718	1904
718	2011
718	1908
718	1907
718	2717
718	6829
718	6831
718	8201
718	1011
718	1087
718	2714
718	1021
718	1050
718	238
718	237
719	546
719	330
720	2566
720	6655
720	1205
720	1181
720	1011
720	1182
720	939
720	2719
720	1477
720	546
720	152
721	11761
721	399
721	403
721	452
721	327
721	329
721	330
721	331
722	562
722	8521
723	3155
724	8360
724	4113
724	10510
724	6031
724	7132
725	3980
725	1907
725	1914
725	4690
725	248
726	6023
726	5334
726	4255
726	5075
727	4512
727	2340
727	2160
727	1912
727	2065
727	6655
727	2313
727	1477
728	4881
728	5954
728	6158
728	1812
728	7430
728	1386
729	8110
729	8113
729	6827
729	2569
729	5204
730	4293
730	5718
730	1832
730	3125
730	4873
730	3387
730	5646
730	9389
730	4590
730	3901
730	10013
731	1625
732	10710
732	421
732	9565
732	2756
732	3616
733	7605
733	7277
733	1906
733	1193
733	1082
733	1035
733	1003
733	940
733	1049
733	1050
733	2165
733	5653
733	1327
733	4546
733	5650
734	11637
734	10062
734	2689
734	569
734	589
734	10191
734	3746
734	8487
734	1640
734	8471
734	492
734	546
734	1278
734	8338
734	350
735	7366
735	6769
735	5150
735	10604
735	8694
735	8723
735	2960
735	11849
735	5696
735	5159
735	10851
735	4728
735	7938
735	12499
735	4145
735	3013
735	3131
735	2181
735	11388
735	2080
735	1845
735	4529
736	1906
736	1911
736	2715
736	715
736	3113
736	5115
736	4018
737	8083
737	3275
737	1315
737	1398
737	1317
737	1009
737	1006
737	1114
737	1077
737	1326
737	2850
737	4767
738	2716
739	6958
739	4916
739	3466
739	10411
739	1182
739	1184
739	1205
739	1092
739	939
739	834
740	12679
740	7957
740	7950
740	6828
740	4789
740	4511
740	1902
740	2312
740	1085
740	2715
740	2713
740	1205
740	1477
740	1182
740	1020
740	1244
740	6161
740	1326
740	1163
740	139
740	419
741	6667
741	11844
741	6000
741	3777
741	1902
741	2569
741	7754
741	6821
741	2719
741	1190
741	6832
741	6829
741	1050
741	1049
741	2848
741	6690
741	11578
741	538
741	4018
742	9824
742	11128
742	6915
743	4649
743	5393
743	11536
743	1043
743	5060
743	4410
743	6713
743	3840
743	4972
744	5683
745	10580
746	3333
746	8625
747	7377
747	8218
747	7644
747	11547
747	6985
747	6014
747	2086
747	12829
747	5868
747	2282
747	8037
747	4771
747	12497
747	2064
747	5392
747	10989
747	9510
747	11332
747	1449
747	11779
747	12210
747	8175
747	10246
747	2503
747	11094
747	2561
747	11121
747	7624
747	2540
747	3640
747	11892
747	10417
747	6127
747	6123
747	11551
747	11549
747	10888
747	6739
747	1598
747	5022
747	9762
747	4132
747	4131
747	2446
747	1064
747	1065
747	7620
747	5601
747	5031
747	2450
747	6652
747	5430
747	3637
747	10735
747	4667
747	4767
747	4661
747	2978
747	1118
747	4232
747	4235
747	9945
747	5221
747	4239
747	10563
747	4657
747	8769
747	4660
747	1119
747	1349
747	8901
747	10281
747	10665
747	4662
747	3099
747	2097
747	9308
747	5223
747	10962
747	9989
747	4769
747	10854
747	6037
747	6784
747	8497
747	12517
747	6595
747	6596
747	6597
747	11370
747	5843
747	1600
747	2221
747	2256
747	11546
747	11545
747	11548
747	9734
747	1697
747	7673
747	810
747	8635
747	8688
747	12404
748	12136
749	945
749	3928
749	1568
749	3584
749	5646
750	3685
750	4728
751	7166
751	1911
751	1371
751	9711
751	9744
751	9071
751	11093
751	6898
751	5534
751	5767
751	11434
751	2621
751	7852
752	7720
752	3778
752	8996
752	4563
752	9649
753	607
754	8811
754	1001
754	598
754	744
755	11842
755	12665
755	12422
755	6829
755	2273
755	4690
755	4365
755	6776
755	11860
756	8634
756	5335
756	860
756	950
756	1342
756	502
756	3320
756	988
757	6414
757	1651
757	3327
758	986
758	7416
759	9101
759	5937
759	2263
759	2306
759	3966
759	362
759	8216
759	8317
759	526
759	8741
759	7138
759	655
759	3563
759	3764
760	6959
760	4916
760	1545
761	3274
761	1202
761	1325
762	2566
762	1911
762	1906
762	1370
762	1113
762	1316
762	2608
762	6832
762	1205
762	1035
762	1082
762	925
762	1325
763	5299
763	5088
763	1912
763	1089
763	1004
764	6427
764	6520
764	6487
764	5334
764	4511
764	4251
764	7205
764	5160
764	3330
764	6898
764	12565
764	2396
764	5557
764	7862
764	2566
764	7078
764	4045
764	4228
764	1313
764	2393
764	11027
764	12035
764	8199
764	2036
764	3935
764	302
764	281
764	169
765	7135
765	7207
765	6003
765	5036
765	4513
765	5278
765	3328
765	4511
766	6667
766	6427
766	1914
766	1039
767	6523
767	5444
767	5446
767	6526
767	6002
767	6001
767	3470
767	4986
767	11779
767	11777
767	7958
767	1902
767	1371
767	11892
767	11671
767	6332
767	5027
767	6328
767	1805
767	125
767	4149
768	2065
768	2717
768	1319
768	207
769	11007
769	12086
769	8156
769	4131
769	7218
769	3979
769	2566
769	1903
769	2430
769	1695
769	5507
769	1697
769	1194
769	1398
769	5204
769	1082
769	1089
769	1008
769	6821
769	1003
769	6817
769	2737
769	6690
769	1820
769	561
769	11105
769	640
769	560
769	478
769	7126
769	7486
769	2710
769	10107
769	204
769	2711
769	213
769	10993
770	2716
770	1697
770	1005
770	877
770	978
770	1050
770	2850
770	832
770	5078
770	556
770	297
770	303
770	6707
771	11902
771	5476
771	5275
771	5036
771	1695
771	10945
771	1005
771	1041
771	640
771	4767
771	2244
772	4637
772	2932
772	3459
772	921
773	3974
773	1915
773	1909
773	7755
773	6095
773	5651
773	1327
773	257
774	3974
774	2002
774	1005
774	1096
774	255
774	2388
774	2389
775	5443
775	1372
775	1385
775	1034
775	1325
775	933
775	2580
776	11415
776	3777
776	2720
776	2160
776	6947
776	11567
776	2797
777	11114
777	10066
777	1195
777	9914
777	227
777	418
777	1278
778	1125
779	12275
779	390
779	1052
779	1283
779	1604
779	9111
779	3067
780	12690
780	12579
780	7234
780	8008
780	12438
780	12113
780	10980
780	9178
780	6149
780	11550
780	7476
780	12386
780	5762
780	3412
780	1777
780	6127
780	3416
780	11552
780	3413
780	10876
780	1545
780	10527
780	6297
780	8560
780	9675
780	4118
780	10694
780	1956
780	9233
780	9709
780	10132
780	672
780	8861
780	12701
780	6661
780	8035
780	9528
780	7462
780	5974
780	11528
780	3098
780	9363
780	10566
780	11098
780	2344
780	4978
780	2656
780	1554
780	9935
780	11320
780	3840
780	6946
780	12348
780	11509
780	889
780	5602
780	11125
780	10125
780	12157
781	7930
781	10387
782	8380
782	6330
782	6332
783	4151
783	2716
783	1907
783	1912
783	1905
783	1192
783	1212
783	1098
783	6821
783	921
783	132
784	117
785	5832
785	1413
786	6558
786	4194
786	11027
787	6627
787	6385
787	10289
787	5778
787	3399
787	9834
787	5132
787	8051
787	10285
787	6190
787	5131
787	7373
787	1262
787	5563
787	8959
787	6856
787	7078
787	6682
787	350
787	228
787	11996
787	3921
787	12400
787	3938
787	4887
787	8497
787	3589
787	7444
787	4078
787	7689
787	1909
787	3764
787	7741
787	10058
787	10703
787	795
787	8763
787	782
787	2975
787	5812
787	5289
787	3417
787	11217
787	10141
787	97
788	2718
788	2002
788	2012
789	6873
789	6825
789	1049
789	1050
790	3979
790	7583
791	7899
792	2236
792	2914
792	5086
793	4091
793	8111
793	1771
793	2967
793	1399
793	8451
794	8299
795	4099
795	7096
796	5501
797	3345
798	8021
798	8018
798	6001
798	6003
798	6024
798	4881
798	2566
798	4669
798	1398
798	1005
798	1649
798	1069
798	132
798	157
799	5476
799	1912
799	1914
800	5087
800	5573
800	1180
800	9307
800	10418
800	2914
800	5086
801	6752
801	8673
801	7640
801	10776
801	9777
801	6971
801	3025
801	4231
801	3096
801	2273
801	8919
801	1067
801	8538
801	3479
801	8432
801	8429
801	8694
801	8805
801	7015
801	3317
801	3994
801	10079
801	10449
802	8985
802	1872
802	1885
802	2397
803	5299
803	11007
803	4669
803	2566
803	1910
803	1902
803	2569
803	1695
803	8218
803	3324
803	830
803	561
803	686
803	828
803	242
803	214
804	3727
804	4668
804	5939
805	6614
805	11787
805	10311
805	3021
805	5383
805	1644
806	3979
806	12595
806	6627
806	6407
806	12092
806	3812
806	1180
806	12393
806	8394
806	5299
807	6909
807	5384
807	3024
807	9551
808	2095
808	7050
808	1423
808	5254
808	11400
808	10158
808	5369
808	1771
808	1930
808	9965
808	12260
808	10168
808	6795
808	1899
809	8683
810	2785
810	10556
810	4738
810	7279
811	8527
811	8590
811	1043
811	7090
811	5525
811	4700
811	7238
811	7582
811	4507
811	10069
811	5812
811	11368
811	5845
811	5920
811	6396
811	7169
811	5293
812	5476
812	4131
812	3974
812	2720
812	3229
812	1388
812	1521
812	3642
812	403
813	4365
813	3853
813	3642
813	228
814	7605
814	6020
815	11435
816	8856
816	7723
816	645
816	3849
816	2933
817	8750
818	2814
818	3550
818	7382
818	7582
818	7583
818	8106
818	8187
819	9410
819	1236
819	2495
820	7492
820	2581
820	9728
820	4431
820	11807
820	12318
821	5093
821	4300
822	5053
822	5054
823	8515
823	9820
823	1471
823	1522
823	1720
824	2227
824	9456
824	2852
824	3082
824	12183
824	2573
825	561
825	4040
826	1401
826	9755
826	3741
827	1813
827	6985
827	4513
827	11950
828	11567
828	7253
828	2569
828	3324
828	6690
828	1326
828	5597
828	1323
828	697
828	326
828	106
828	96
828	95
828	53
828	1340
829	4626
829	5711
829	9950
829	769
829	9830
830	5515
830	3082
831	4190
832	8021
832	6748
832	7939
832	7207
832	6735
832	6521
832	6341
832	6528
832	6000
832	4637
832	3980
832	4669
832	3186
832	2476
832	1907
832	2171
832	2105
832	1315
832	2314
832	1385
832	2313
832	1005
832	1049
832	478
832	829
832	208
833	11844
833	7650
833	9227
833	1681
833	547
833	6837
833	350
833	136
833	447
834	3777
834	2396
834	1326
835	6873
835	6667
835	5334
835	5299
835	4513
835	4511
835	3275
835	2566
835	2066
835	1370
835	1093
835	1090
835	1187
835	1089
835	1092
835	1326
836	8021
836	8046
836	6341
836	6000
836	5088
836	4790
836	2720
836	2013
836	2014
836	2569
836	1905
836	1098
836	2170
836	1090
836	1181
836	1205
836	7707
836	834
836	722
836	2858
837	4151
838	9728
838	7907
839	2070
839	2984
839	337
839	8327
839	182
839	326
840	5550
840	2967
840	5221
841	3643
842	12716
842	9991
842	398
843	6630
843	4621
844	536
844	8446
844	1234
844	1421
844	8987
844	9351
844	9939
844	4345
844	10701
845	594
845	8338
845	341
845	350
845	352
845	314
846	407
846	1528
846	952
846	8507
847	5665
848	9763
848	4132
849	294
849	688
849	944
849	1334
849	10259
849	4971
849	5255
849	5686
850	8146
851	483
852	910
852	8848
852	12270
852	4920
852	6917
852	479
853	3769
853	7480
853	1109
854	10194
854	423
855	2951
855	7849
855	7939
855	11625
855	11088
856	8731
857	10331
858	8321
858	291
858	87
859	844
859	5747
859	12040
860	1205
860	282
860	133
860	6550
861	2003
861	5477
861	978
862	6760
862	4512
862	1912
862	2010
862	1908
862	1226
862	1182
863	2013
863	1695
863	1372
863	7751
863	978
864	475
865	9246
865	3351
865	9729
865	7923
865	2061
865	8566
865	3897
865	3808
865	6976
865	910
865	6114
865	8549
865	2555
865	9433
865	2809
865	12477
865	4318
865	2693
865	3067
865	480
865	4087
865	2498
865	1500
865	1988
865	883
865	2090
865	3056
865	3584
865	12075
865	2397
865	1440
865	1014
865	1466
865	4380
865	4821
865	11003
865	8492
865	1769
865	1136
865	409
865	8848
865	3320
865	9108
865	8803
866	9967
866	3352
866	2266
866	9053
866	8164
866	12498
866	454
867	4380
867	4433
867	5637
868	4111
868	6225
868	5602
869	10840
870	3071
870	2090
870	2404
870	952
870	1466
870	736
870	949
870	3422
870	3160
870	4649
870	11640
870	647
870	9260
870	917
870	8412
871	3934
872	5684
872	11599
872	11840
872	7932
872	6968
872	8542
872	2764
872	6133
872	3765
872	1197
872	4184
872	3155
872	9323
872	10187
872	4293
872	421
872	8561
872	8221
872	4251
872	9118
872	7615
872	7678
873	4127
873	11629
873	8862
873	2497
874	12615
874	12162
874	10742
874	11922
875	9347
875	5983
875	2040
875	4352
875	10214
875	7096
875	561
875	5226
875	11084
875	6838
875	4876
876	11155
877	9717
878	7207
878	6521
878	6520
878	6594
878	6025
878	6023
878	5443
878	4669
878	1472
878	1211
878	1312
878	2714
878	2719
878	2713
878	2608
878	1005
878	2715
878	583
878	678
878	640
879	2716
879	1908
879	1915
880	6873
880	4788
880	4513
880	4511
880	3271
880	6655
880	2312
880	2333
880	829
880	10258
880	159
880	418
880	209
880	176
880	157
881	7207
881	6432
881	6024
881	1005
881	5204
881	1035
881	877
881	1521
881	6160
881	1327
881	1866
881	2905
881	244
881	245
881	250
881	257
881	212
881	239
881	242
881	227
881	243
882	10065
882	11617
882	10956
883	8018
883	6655
883	1079
883	1082
883	197
884	6735
884	6537
884	6299
884	12789
884	6024
884	11116
884	4512
884	1312
884	1083
884	1212
884	1006
884	582
884	347
884	2387
885	8374
886	12752
887	1510
887	4535
887	6480
887	7622
887	12567
887	587
887	666
887	6452
888	1286
888	1532
888	1783
888	2398
888	7316
888	8197
889	3663
889	9943
889	10757
889	2995
889	11208
889	3674
889	3914
889	4855
889	7223
889	2382
889	3031
889	4153
889	11009
889	7881
890	3196
890	7661
891	2606
891	2234
891	11139
891	7358
891	9659
891	9425
891	6389
892	3724
893	12806
893	6839
893	5821
893	3193
893	1008
893	1091
893	1090
893	1063
893	1083
893	1034
893	1006
893	831
893	2386
893	2388
893	2389
894	3769
895	6521
895	6001
895	8214
895	6024
895	5299
895	4789
895	3328
895	2396
895	12232
895	10644
895	1866
895	204
896	6341
896	7140
896	7744
896	6299
896	6896
896	6025
896	6023
896	5600
896	11070
896	5422
896	5036
896	4654
896	4151
896	3974
896	1905
896	2600
896	1212
896	1386
896	1387
896	1079
896	2848
896	8605
896	830
896	1619
896	3159
897	6522
897	7804
897	4511
897	3271
897	11932
897	2718
897	3979
897	12706
897	4113
897	1697
897	1649
897	10650
897	6741
897	8221
897	4037
897	125
898	6765
898	1697
898	4056
898	4827
898	3145
898	7452
899	10819
900	1176
900	1735
901	1717
901	1971
901	2826
901	11478
901	1136
901	2278
901	3345
901	2207
902	6004
902	10193
902	4876
902	10862
902	10964
903	6530
904	7406
904	6579
904	10773
904	5947
904	8984
904	5901
904	5171
904	1222
904	5135
904	9857
904	11428
904	3401
904	2920
904	3937
904	1565
904	1249
904	11740
904	1200
904	1197
904	457
904	2082
904	1931
904	6436
904	1755
904	6563
904	2757
904	7155
905	4889
905	1411
906	1539
906	875
906	1929
906	5562
906	8759
907	5224
908	10794
908	4135
908	10846
908	6579
908	2080
908	7661
908	6836
908	1340
908	6649
909	2404
910	8448
910	11627
910	8620
910	856
910	914
911	2420
911	3129
911	3168
911	4469
911	1883
911	8582
911	2884
912	569
912	594
912	8463
912	8470
912	8325
913	1402
913	3487
913	1154
913	1436
913	1975
913	2497
913	3141
913	7119
913	8035
913	559
913	8577
913	5696
913	8437
914	5397
914	7923
914	1230
914	5410
914	1056
915	8983
915	5053
915	5580
916	9302
916	2921
916	12209
917	4940
917	5040
917	9351
917	6085
917	4503
917	6086
917	3829
917	5411
918	6298
918	10656
918	3561
918	9346
918	1005
919	340
919	1425
920	5419
921	7278
921	7207
921	11437
921	7459
921	5742
921	1080
921	1452
921	1226
921	5477
921	1007
921	1032
921	1191
921	3642
921	3853
921	1126
921	546
921	1326
921	1163
921	248
921	249
921	181
921	102
921	86
921	11065
921	85
921	298
921	253
921	300
922	6932
922	6459
922	4217
922	7930
922	1854
922	5317
922	4972
922	4844
922	3548
922	3425
922	12671
922	9416
922	10629
922	4554
922	4511
923	10256
923	5260
923	4130
923	6739
923	9163
923	2069
924	11192
924	2592
924	2739
925	5425
926	12467
926	7438
926	5746
926	5745
926	5289
926	3949
926	4392
926	6289
926	5446
926	5031
926	10562
926	7749
926	515
926	2452
926	2269
926	1657
926	990
926	844
926	3855
926	12815
926	11831
926	2378
926	2951
926	2892
926	6270
926	859
927	8139
928	4255
928	5446
928	7583
928	5721
928	4896
928	12438
929	4625
929	4149
929	9434
929	9482
929	2268
929	4973
929	4414
929	4311
929	10586
929	12708
929	3793
929	6341
929	4321
929	1462
929	3905
929	2975
929	2708
929	5318
930	9489
930	8409
931	7111
931	4139
931	11659
931	12301
931	6149
932	483
932	1036
932	9633
932	2699
932	5433
932	4041
933	5305
934	1951
934	2152
934	4216
935	5142
936	7591
937	6151
937	3324
937	4106
937	4618
937	10700
938	2161
938	9075
938	5785
938	1136
938	1528
939	11015
939	5941
940	2586
941	3939
942	11989
943	8143
944	392
944	1176
944	1517
944	2278
944	3067
944	4686
944	4807
944	6500
944	349
944	1489
944	2225
944	2514
944	5483
944	7245
945	5854
945	3081
945	3584
945	9015
945	7444
945	2651
945	1058
945	6459
945	5249
945	1528
945	1123
945	1719
945	8966
945	5506
946	3584
946	6389
946	4469
946	11997
946	3168
946	3501
946	4466
946	4476
947	3037
947	665
947	2349
947	3928
947	2662
947	2992
947	1825
947	1154
947	3056
947	3067
947	630
947	9511
947	7715
947	3486
947	2684
947	8544
947	2276
947	4807
947	3387
947	532
947	9446
947	857
947	1872
947	854
947	8621
947	1358
947	1622
947	1528
947	911
947	3082
947	1716
947	1614
947	8966
947	913
947	856
948	1883
948	2420
948	3222
948	4476
948	1285
948	9529
948	9530
949	8109
949	10783
950	8049
950	12731
950	639
950	3028
950	9611
950	6940
950	3550
950	4504
951	8456
951	10901
951	10888
952	10551
952	6938
952	12174
952	9546
952	5656
952	4493
952	2480
952	2520
952	6576
952	9298
952	5759
952	4941
952	7289
952	12412
952	7444
952	8005
952	7513
952	2933
952	2170
952	3320
952	2084
952	4563
952	3225
952	9009
952	9475
953	5444
953	2167
953	4687
953	4107
953	680
953	11632
954	6162
954	8216
954	1005
954	10467
955	7135
955	6341
955	5442
955	4790
955	3186
955	2716
955	1903
955	2569
955	2014
955	1386
955	1317
955	1316
955	1007
955	6832
955	1096
955	1326
955	939
955	294
956	4827
956	3392
956	3736
957	9768
957	8216
957	6961
957	7135
957	6735
957	6958
957	6427
957	6341
957	6594
957	6428
957	6429
957	5299
957	5275
957	5036
957	11754
957	7809
957	3948
957	5421
957	2373
957	7894
957	4757
957	6709
957	5319
957	1905
957	2601
957	7755
957	1695
957	1473
957	1472
957	1183
957	1184
957	1006
957	940
957	1092
957	1097
957	12075
957	832
957	898
957	941
957	937
957	461
957	8719
957	344
957	301
957	5106
957	12294
957	12364
957	12503
957	10178
957	4013
958	11701
959	9901
959	7868
959	9418
960	1276
960	2651
961	6695
961	2290
961	7186
961	2567
961	7312
961	2664
961	3808
961	4022
961	4833
962	1213
962	6922
963	602
963	8678
963	1213
963	9174
963	5564
964	11826
964	7723
964	7720
964	1651
965	5088
965	6796
965	3778
965	11963
965	2354
965	2960
965	1616
965	3054
965	3193
965	1119
965	4258
965	5289
965	4000
965	2684
965	9988
965	546
965	3154
965	9862
965	9286
965	722
965	3963
965	504
965	11688
965	828
965	11178
965	3642
965	3853
966	6240
966	4265
966	12497
966	4669
966	2372
966	2395
966	1398
966	1085
966	1159
966	6832
966	2147
966	8053
966	12418
966	3324
966	12480
966	4690
966	583
966	1314
966	678
966	544
966	339
966	294
966	350
967	6961
967	6896
967	4979
967	1906
967	2013
967	1113
967	1035
967	1082
967	1477
967	546
968	10925
968	12218
968	7861
968	8377
968	6014
968	7819
968	681
968	8252
968	439
968	803
969	11414
969	6550
969	11485
969	3954
969	5474
969	4365
969	9773
969	11065
969	10013
969	327
969	328
970	11448
970	12069
971	7635
971	9083
972	1279
972	9101
972	5175
972	4884
972	3027
972	4613
972	3897
972	3929
972	5656
972	10126
972	8161
972	2947
972	4184
972	6189
972	4191
972	4190
972	953
972	3445
972	3208
972	3196
972	9544
972	7901
972	3808
972	1931
972	1461
972	5031
973	10747
973	4191
973	11195
973	9852
974	5284
974	5614
974	10671
974	5684
974	6289
974	3934
974	4844
975	9720
975	11812
975	5901
975	4794
975	3938
975	7220
975	9629
975	4187
975	2894
975	5683
975	5949
975	7684
975	5898
975	4538
975	3362
975	10006
975	9036
975	2640
975	7186
975	10645
975	9087
976	7068
976	5814
976	6129
976	5562
976	4633
976	3645
976	3915
976	6440
976	2901
976	3616
976	6492
976	3685
976	6806
976	6367
976	9250
976	5255
976	2577
976	4605
976	12775
976	9851
976	9843
976	3631
976	7616
977	2160
977	1210
977	2608
977	1050
977	1003
977	1327
977	538
977	2388
978	12495
978	8053
979	2632
979	5505
979	8931
979	9814
979	1274
979	1296
979	7304
979	1275
979	3030
979	3082
979	5506
979	8868
979	1377
980	2397
980	2068
980	4757
980	4069
980	1500
980	2398
980	3067
981	1875
981	3035
981	3634
982	9778
982	5871
982	6789
982	2216
983	6042
983	2728
983	1154
983	6589
983	2231
983	9561
983	10812
983	6461
983	7500
983	9966
983	11775
983	2054
983	818
983	1125
983	11732
983	3972
983	7525
983	3013
983	10080
983	11583
983	12204
983	1696
983	3504
983	5604
983	4407
983	2480
983	12202
983	11444
983	12043
983	11676
983	4132
983	9716
983	7057
983	1771
983	11702
983	7013
983	7841
983	7495
983	885
983	6523
983	886
983	5575
983	7519
983	6440
983	11756
983	6474
983	12031
983	8477
983	12077
983	5747
983	1958
983	11624
983	7119
983	12584
983	535
983	6385
983	6019
983	4661
983	6462
983	11699
983	4116
983	7191
983	11575
983	6294
984	9782
984	7744
984	2485
985	5442
985	5278
985	5088
985	1387
985	2713
985	1452
985	1085
985	6829
985	1083
985	1003
985	1004
985	1477
985	1099
985	1114
985	1326
985	1327
985	241
985	240
985	250
985	249
985	2388
985	2389
985	245
985	243
986	9933
987	4676
987	1226
987	1452
987	920
987	978
987	715
987	4263
988	7144
988	7207
988	2751
988	5507
988	1302
988	1386
988	1385
988	8218
988	1211
988	1009
988	1007
988	6832
988	1404
988	1039
988	3173
988	1327
988	1619
988	538
988	246
989	2569
989	1695
989	1371
989	1077
989	1244
989	6821
989	921
989	933
989	2244
989	240
989	252
990	1908
990	1911
990	1902
990	1398
990	7752
990	6195
990	2170
990	7753
990	7751
990	2173
990	2172
990	7754
990	1091
990	1185
990	1090
990	1182
990	1187
990	1205
990	1011
990	7707
990	1184
990	6160
990	1477
990	1097
990	5650
990	4546
990	2244
990	1619
990	937
990	921
990	941
990	234
990	235
990	1278
990	152
990	176
991	7411
991	9229
992	2566
993	5925
994	10801
994	4955
994	10835
994	6838
994	12159
994	8955
994	8557
994	8587
995	8052
995	6961
995	7207
995	6896
995	6427
995	6341
995	6520
995	6428
995	6521
995	6001
995	5442
995	4513
995	4669
995	3054
995	2505
995	1011
995	5224
995	1049
995	1114
995	1099
995	1050
995	1327
995	898
995	9844
995	561
995	1195
995	933
995	2387
995	5174
995	418
995	133
995	9830
995	297
995	301
996	2126
996	1158
996	3196
996	3316
997	11129
997	11613
997	11642
997	12155
997	8223
997	9066
997	9196
997	10466
997	10643
997	4398
998	10146
998	11217
998	11483
998	5031
999	8049
999	2160
999	1902
999	1906
999	1912
999	1915
999	3193
999	1370
999	1372
999	1080
1000	5808
1000	10933
1000	5036
1000	6895
1000	4794
1000	11812
1000	1192
1000	6832
1000	8416
1000	7701
1000	1049
1000	2569
1000	1327
1000	1326
1000	898
1000	1895
1000	2240
1000	6575
1000	6924
1000	686
1000	689
1000	11487
1000	248
1000	240
1000	214
1000	134
1000	132
1000	209
1000	207
1000	139
1001	7355
1002	11409
1002	8035
1003	5967
1003	5864
1003	12260
1003	8164
1003	8836
1003	9548
1003	3371
1004	881
1004	8847
1004	3493
1004	10143
1004	3938
1004	5519
1004	6180
1004	6564
1004	12666
1004	1621
1004	4190
1005	736
1005	8687
1006	7990
1006	2203
1006	11115
1006	12830
1006	8832
1006	8435
1006	8412
1006	8672
1006	8447
1006	1608
1007	4639
1007	11020
1008	6961
1008	6897
1008	6896
1008	6427
1008	8026
1008	6428
1008	11053
1008	4915
1008	4787
1008	4513
1008	3777
1008	2066
1008	1906
1008	2013
1008	1910
1008	2011
1008	11537
1008	7753
1008	2173
1008	1191
1008	1095
1008	1094
1008	1194
1008	6831
1008	1034
1008	1079
1008	1184
1008	1035
1008	1011
1008	1083
1008	1033
1008	1007
1008	6161
1008	1020
1008	582
1008	990
1008	6065
1009	8449
1009	1056
1009	1228
1009	1483
1009	632
1009	1732
1009	3082
1009	1165
1009	9107
1009	3623
1009	529
1010	7519
1010	12179
1010	10925
1010	7933
1010	5042
1010	11301
1010	5561
1010	4538
1010	4540
1010	11087
1010	6183
1010	10633
1010	11269
1010	4409
1010	4514
1010	5242
1010	11515
1010	12592
1010	4320
1010	7914
1010	10923
1010	10754
1010	4576
1010	4355
1010	3973
1010	3239
1010	3884
1010	6405
1010	5660
1010	11105
1010	2676
1010	4345
1010	7954
1010	12621
1010	10176
1010	9692
1010	12354
1010	5648
1010	11263
1010	3855
1010	7833
1010	3355
1010	4258
1010	4820
1010	3699
1010	3979
1010	5808
1010	2835
1010	5789
1010	7557
1010	12827
1010	3764
1010	7718
1010	3587
1010	2422
1010	9516
1010	2807
1010	1575
1010	4937
1010	2719
1010	1662
1010	1420
1010	7225
1010	8976
1010	10839
1010	10209
1010	10208
1010	3776
1010	9510
1010	7625
1010	4319
1010	1306
1010	3431
1010	9577
1010	1899
1010	2311
1010	10222
1010	9717
1010	12824
1010	10015
1010	10091
1010	8688
1010	7296
1010	10632
1010	11445
1010	10038
1010	9811
1010	4896
1010	8839
1010	7749
1010	5972
1010	983
1010	1398
1010	1049
1010	1737
1010	6160
1010	625
1010	8478
1010	464
1010	11770
1010	2101
1010	425
1010	282
1010	135
1010	536
1010	278
1010	12076
1010	176
1011	3925
1011	2019
1011	9856
1011	1318
1011	9711
1012	1911
1012	2166
1012	8218
1012	7707
1012	1212
1012	1099
1012	1114
1012	335
1012	125
1012	176
1013	4896
1013	4414
1013	12523
1013	7459
1013	5700
1013	6162
1013	12495
1013	12488
1013	6278
1013	6362
1013	4660
1013	6350
1013	9652
1013	1903
1013	2013
1013	2012
1013	2011
1013	2002
1013	1913
1013	1910
1013	1908
1013	1907
1013	1904
1013	1902
1013	7500
1013	1905
1013	12468
1013	12357
1013	10330
1013	10903
1013	4526
1013	5051
1013	4172
1013	1191
1013	1194
1013	2608
1013	1087
1013	1080
1013	1452
1013	1226
1013	1193
1013	1189
1013	1192
1013	1090
1013	1083
1013	962
1013	1007
1013	5204
1013	1183
1013	1034
1013	1011
1013	1181
1013	1033
1013	1079
1013	1098
1013	1021
1013	1004
1013	939
1013	1020
1013	1477
1013	1114
1013	1099
1013	1097
1013	7053
1013	1326
1013	1327
1013	4546
1013	5652
1013	5651
1013	5653
1013	11911
1013	7057
1013	1649
1013	3159
1013	1314
1013	4234
1013	1195
1013	397
1013	194
1013	278
1013	159
1013	378
1013	298
1013	189
1013	132
1013	299
1013	158
1013	4864
1014	678
1014	9251
1014	3987
1014	10715
1014	5446
1014	387
1014	3159
1014	4256
1014	502
1014	8506
1014	8507
1014	11950
1015	12614
1015	4770
1015	3978
1015	4063
1015	7340
1015	2372
1015	2013
1015	1907
1015	1812
1015	2566
1015	2981
1015	1315
1015	2714
1015	1212
1015	2608
1015	2715
1015	1185
1015	1452
1015	5204
1015	1082
1015	1035
1015	1205
1015	1079
1015	1184
1015	1244
1015	2850
1015	4255
1015	1477
1015	831
1015	582
1015	1324
1015	470
1015	1323
1015	257
1015	241
1015	251
1015	2387
1015	197
1015	309
1015	212
1015	190
1015	157
1015	156
1016	10808
1017	5363
1017	9313
1017	2737
1018	4251
1019	2696
1020	2718
1020	2602
1020	1905
1020	1189
1020	1193
1020	3324
1020	246
1020	248
1021	352
1021	468
1022	6272
1022	6936
1022	4728
1022	3536
1022	5564
1022	6847
1022	10009
1022	11242
1022	3716
1022	12265
1022	9833
1022	10076
1023	1697
1023	2291
1023	8037
1023	3364
1023	10894
1023	506
1023	2274
1023	6129
1024	11898
1024	2221
1024	3991
1024	583
1024	1512
1024	9739
1025	7903
1025	9339
1026	7055
1026	1278
1026	8503
1027	8501
1027	662
1027	661
1027	10164
1027	4865
1027	9989
1027	10056
1028	3234
1028	11177
1028	12304
1029	10044
1029	8486
1029	3365
1029	3733
1029	11634
1029	10226
1029	8386
1029	3826
1029	12619
1029	2047
1029	405
1030	5649
1030	2564
1030	9909
1030	4504
1030	8739
1030	3831
1030	3834
1030	4447
1031	12133
1031	12409
1031	2236
1031	557
1032	8216
1032	6896
1032	6427
1032	6001
1032	6429
1032	5442
1032	4896
1032	4255
1032	6117
1032	2373
1032	1902
1032	1315
1032	1063
1032	8053
1032	1278
1033	9219
1033	5270
1033	7816
1033	1960
1033	7372
1033	9561
1033	6673
1033	11855
1033	4512
1033	8106
1033	11794
1033	7444
1033	2163
1033	2696
1033	6713
1033	12232
1033	7723
1033	3426
1033	4158
1033	8164
1033	1055
1033	9688
1033	10098
1033	9397
1033	12570
1033	7872
1033	12051
1033	7894
1033	5792
1033	4391
1033	1341
1033	4974
1033	844
1033	8681
1033	1871
1033	2142
1033	7987
1033	3486
1033	1771
1033	10533
1033	8758
1033	1748
1033	4558
1033	4920
1033	10213
1033	7167
1033	11987
1033	3362
1033	6642
1033	5180
1033	3044
1033	3004
1033	6478
1033	9058
1033	607
1033	3749
1033	3363
1033	12616
1033	4226
1033	10068
1033	8323
1033	438
1033	8861
1034	4255
1034	4228
1035	12745
1035	5190
1035	4594
1035	10160
1035	4409
1035	1515
1035	7661
1035	12082
1035	4538
1035	2885
1035	8768
1035	8647
1035	7627
1035	7156
1035	848
1035	4724
1036	7452
1036	3149
1036	8119
1037	4111
1037	5072
1037	8110
1037	4958
1037	11073
1037	10868
1037	10109
1037	5024
1038	7541
1038	8681
1039	3790
1039	8046
1039	10266
1039	3768
1039	7519
1040	6957
1040	1397
1040	3366
1040	8108
1040	12387
1040	6310
1040	739
1040	1536
1040	5564
1041	7335
1041	2951
1041	12647
1041	8947
1041	8883
1041	3951
1041	6262
1041	12245
1041	995
1041	3955
1041	936
1041	4844
1042	5595
1042	5649
1042	11998
1043	10916
1043	5260
1043	2647
1043	1255
1043	2228
1043	2740
1043	2811
1043	1444
1043	2685
1043	4743
1043	4836
1043	12382
1043	8230
1043	1010
1044	6341
1044	6003
1044	6000
1044	3186
1044	4414
1044	1302
1044	1909
1044	2011
1044	1906
1044	2719
1044	1902
1044	1004
1044	1003
1044	1477
1044	830
1044	12076
1044	560
1044	7823
1044	582
1044	8976
1044	12740
1044	8617
1044	2628
1044	369
1044	231
1044	593
1044	125
1044	238
1044	237
1044	8016
1044	137
1044	155
1044	156
1044	159
1044	158
1044	189
1044	296
1044	298
1044	39
1044	7109
1045	7238
1046	9380
1046	9411
1047	5815
1047	8703
1048	7245
1048	10596
1048	9191
1048	1887
1048	1679
1048	1136
1048	1528
1048	3082
1048	854
1048	2437
1048	6500
1048	7715
1048	550
1049	6807
1049	6375
1049	11125
1050	5762
1050	5763
1051	8408
1051	1786
1052	6217
1052	8037
1052	10754
1052	9896
1052	8164
1052	4876
1053	8191
1053	7254
1053	11827
1053	3530
1053	4733
1053	6488
1053	10235
1053	8100
1053	11917
1053	2960
1053	5458
1053	5556
1053	11218
1053	10461
1053	9289
1053	12703
1053	10010
1053	3159
1053	10176
1053	10120
1053	10274
1053	11995
1053	1010
1054	3845
1054	7444
1054	3914
1054	12321
1054	3031
1054	2493
1054	4796
1054	9329
1054	10982
1054	1832
1054	966
1054	8554
1054	8178
1054	660
1054	6923
1054	5596
1054	11051
1054	3431
1054	6784
1054	7205
1054	4324
1055	5610
1055	7862
1055	8969
1055	5581
1055	12449
1056	1759
1056	4693
1056	9341
1056	8696
1056	3549
1056	2051
1056	7444
1056	12493
1056	4198
1056	10439
1056	7245
1056	3674
1056	660
1056	3776
1056	10208
1056	4129
1056	1175
1056	8611
1056	10209
1056	2657
1056	1026
1056	3577
1056	11666
1056	9622
1056	10610
1056	3775
1056	1497
1056	8392
1056	949
1056	10440
1056	9993
1056	1423
1056	1339
1056	8393
1056	5562
1056	8878
1056	777
1056	8568
1056	7538
1056	5450
1056	7097
1056	966
1056	11171
1056	7411
1056	11822
1056	5658
1056	10462
1056	12804
1056	8077
1056	2859
1056	8494
1056	1503
1056	5463
1056	8415
1056	11650
1056	7550
1056	1981
1056	9329
1056	11010
1056	8571
1056	8076
1056	11858
1056	11741
1056	10287
1056	336
1056	5519
1056	5516
1056	2755
1056	8258
1056	3055
1056	5521
1056	1130
1056	4113
1056	1988
1056	1843
1056	12411
1056	3563
1057	11161
1057	7692
1057	4807
1058	1136
1058	1154
1058	4049
1058	5646
1058	5682
1058	6492
1059	1517
1060	854
1060	1267
1060	12533
1060	665
1060	4807
1060	1791
1060	945
1060	528
1060	2349
1061	7103
1061	7157
1061	3387
1061	3856
1061	2578
1061	3928
1061	9860
1061	2662
1061	6016
1061	9862
1061	6242
1061	9349
1061	1986
1061	1887
1061	1489
1061	1076
1061	5429
1061	665
1061	175
1062	12260
1063	647
1063	1423
1064	7122
1065	11161
1065	10619
1065	3748
1065	4803
1065	1577
1065	1958
1065	3320
1065	1929
1065	5321
1065	5462
1065	11165
1065	4346
1065	1517
1065	8686
1065	665
1065	581
1065	7715
1065	2514
1065	5646
1065	945
1065	1136
1065	1123
1065	1051
1065	1528
1065	4686
1065	1500
1065	1167
1065	2495
1065	10398
1065	9782
1065	8296
1065	4266
1065	5866
1065	8802
1065	11260
1066	1129
1066	11266
1066	2632
1066	3584
1067	8050
1067	7869
1068	8514
1068	345
1068	685
1068	7616
1068	122
1068	5158
1068	8333
1068	7492
1068	9016
1068	7002
1068	8326
1069	1290
1069	1054
1069	1498
1069	1769
1070	2921
1070	3572
1070	12838
1070	3129
1070	1688
1070	9023
1071	4953
1071	1413
1072	2160
1072	2566
1072	978
1072	1477
1072	3159
1072	1619
1072	2386
1072	309
1072	282
1072	64
1072	297
1073	4037
1073	3751
1074	1398
1074	9427
1075	270
1075	8751
1075	8752
1075	2155
1075	2530
1076	4729
1076	11381
1076	2996
1076	9785
1076	3015
1076	888
1076	889
1076	894
1076	4134
1077	1478
1077	1528
1077	2404
1078	5742
1078	5709
1078	2352
1078	12222
1078	3994
1078	2740
1078	6462
1078	10856
1078	9684
1078	7903
1078	2273
1078	11319
1078	11199
1078	10850
1078	3011
1078	2237
1078	6464
1078	9732
1078	5176
1078	9366
1078	9853
1079	8760
1079	3681
1080	1058
1081	6069
1081	10640
1081	3314
1081	6970
1081	2135
1081	12558
1081	12663
1081	1748
1081	9661
1081	10093
1081	12642
1081	12377
1081	6914
1081	2724
1081	6246
1081	6510
1081	5395
1081	5358
1082	1037
1082	1460
1082	1522
1083	5446
1083	5181
1083	8500
1083	6525
1084	3779
1084	4488
1084	6099
1084	5817
1084	12434
1085	9279
1085	8420
1086	2497
1086	3208
1087	1136
1088	2845
1088	9736
1088	8458
1088	1881
1088	9491
1089	11374
1089	11570
1089	8077
1089	7725
1089	1232
1089	12612
1090	4556
1091	6723
1091	11269
1091	6936
1091	7158
1091	5609
1091	9760
1091	6529
1091	5700
1091	9821
1091	10877
1091	11029
1091	11874
1091	12049
1091	7990
1092	4474
1092	1732
1092	4476
1092	1546
1092	9514
1092	2559
1092	10681
1092	8922
1092	7319
1092	7149
1092	7416
1092	2434
1092	9508
1092	3240
1092	6051
1092	7888
1092	3447
1092	4075
1092	9502
1092	2431
1092	1136
1092	690
1092	10895
1092	11103
1092	7417
1092	8276
1092	9318
1092	12800
1092	7444
1092	7272
1093	9579
1094	1677
1094	9194
1094	4160
1094	8095
1094	1375
1094	9199
1094	9411
1094	7661
1094	6194
1095	10615
1096	8539
1096	2775
1097	11541
1097	12571
1098	2349
1098	2652
1099	525
1099	1825
1099	3928
1099	1267
1099	5646
1099	854
1099	1276
1099	1017
1099	3584
1099	2090
1099	8720
1099	1283
1099	1140
1099	1885
1099	1026
1099	1528
1100	1308
1101	9750
1101	6868
1102	3802
1102	1861
1102	2126
1102	3272
1102	10045
1102	5176
1103	4801
1104	5276
1104	7583
1105	3927
1105	3950
1105	4149
1105	6701
1105	5686
1105	2933
1105	11028
1105	8106
1105	4150
1106	5463
1106	9275
1106	10309
1106	1460
1106	8532
1107	2433
1107	1190
1108	2014
1108	1325
1108	2386
1109	1902
1109	1905
1109	6095
1109	1185
1109	1191
1109	1084
1109	1194
1109	1187
1109	962
1109	1034
1109	1080
1109	1192
1109	2714
1109	1089
1109	1188
1109	2715
1109	1098
1109	1189
1109	1092
1109	1006
1109	1083
1109	940
1109	1097
1109	1099
1109	739
1109	1477
1109	5650
1109	4546
1109	4334
1109	941
1109	938
1109	937
1109	242
1109	231
1109	309
1109	293
1109	238
1110	7278
1110	12296
1110	7207
1110	6959
1110	6958
1110	6427
1110	6819
1110	11985
1110	6528
1110	6429
1110	6001
1110	6000
1110	5278
1110	4881
1110	4979
1110	5088
1110	4513
1110	4151
1110	4511
1110	2751
1110	2622
1110	2395
1110	2160
1110	2066
1110	1302
1110	7753
1110	7751
1110	6195
1110	2173
1110	6095
1110	6825
1110	1193
1110	2719
1110	2713
1110	2714
1110	2172
1110	1313
1110	2715
1110	1091
1110	1185
1110	3324
1110	1084
1110	1537
1110	1452
1110	1194
1110	1191
1110	1188
1110	1186
1110	1094
1110	2170
1110	1212
1110	1088
1110	1095
1110	1226
1110	1093
1110	2608
1110	1090
1110	1189
1110	1085
1110	1081
1110	1080
1110	1087
1110	6829
1110	5477
1110	1083
1110	6821
1110	6823
1110	2505
1110	1187
1110	2311
1110	1092
1110	1077
1110	2310
1110	2309
1110	1082
1110	1035
1110	5204
1110	962
1110	1079
1110	1184
1110	1205
1110	1089
1110	1012
1110	1098
1110	1181
1110	1011
1110	1183
1110	1182
1110	1009
1110	1006
1110	1007
1110	1033
1110	1034
1110	1032
1110	7707
1110	1244
1110	1020
1110	1078
1110	1004
1110	1003
1110	939
1110	8675
1110	3145
1110	1477
1110	940
1110	877
1110	1096
1110	1049
1110	1050
1110	1114
1110	1097
1110	1099
1110	5653
1110	1326
1110	1327
1110	5650
1110	4546
1110	937
1110	941
1110	4334
1110	938
1110	4062
1110	1681
1110	924
1110	5308
1110	585
1110	546
1110	587
1110	1044
1110	181
1110	293
1110	254
1110	252
1110	227
1110	240
1110	241
1110	242
1110	249
1110	243
1110	250
1110	246
1110	2388
1110	244
1110	245
1110	464
1110	212
1110	251
1110	2386
1110	211
1110	247
1110	239
1110	237
1110	593
1110	231
1110	238
1110	208
1110	309
1110	298
1110	189
1110	296
1110	159
1110	158
1110	253
1110	133
1110	132
1110	155
1110	23
1110	391
1110	102
1110	228
1111	4134
1111	7586
1111	12339
1111	6897
1111	6896
1111	7721
1111	6594
1111	6520
1111	6528
1111	6001
1111	11387
1111	7853
1111	5869
1111	11385
1111	5876
1111	11384
1111	4881
1111	4541
1111	3375
1111	3051
1111	4524
1111	10939
1111	9741
1111	3734
1112	7752
1112	6195
1112	1094
1112	1184
1112	1182
1112	1092
1112	939
1112	4334
1112	938
1112	937
1112	344
1112	293
1112	254
1112	251
1112	250
1112	247
1112	239
1112	212
1112	211
1112	197
1112	296
1112	298
1112	159
1112	158
1112	155
1112	153
1113	6958
1113	6427
1113	6341
1113	6428
1113	6023
1113	5036
1113	2105
1113	1387
1113	1388
1113	7751
1113	6195
1113	1212
1113	1091
1113	1181
1113	7707
1113	1092
1113	941
1113	938
1113	2386
1113	210
1113	293
1113	238
1113	237
1113	298
1114	4669
1114	1039
1114	1049
1114	937
1115	5275
1115	4257
1115	1909
1115	1912
1115	2569
1115	3459
1115	6690
1115	1077
1116	383
1117	12650
1117	5158
1117	5171
1117	4716
1117	7168
1117	7720
1117	12245
1117	7264
1117	7204
1117	6579
1117	6229
1117	5284
1117	2933
1117	2932
1117	7374
1117	5042
1117	7582
1118	3314
1118	2737
1118	5238
1118	5239
1118	5953
1118	10308
1119	8018
1119	8046
1119	6735
1119	6667
1119	6341
1120	7580
1120	6520
1120	6594
1120	6025
1120	6024
1120	5959
1120	4513
1120	4414
1120	4131
1120	3470
1120	1904
1120	1913
1120	1370
1120	2396
1120	1372
1120	1078
1120	2307
1120	1007
1120	2244
1120	2930
1120	933
1120	2388
1120	299
1120	208
1120	207
1120	12497
1121	5036
1121	4790
1121	6095
1121	1077
1121	1159
1121	1190
1121	1035
1122	1911
1122	1906
1122	5075
1122	5652
1122	5651
1122	248
1122	250
1122	256
1122	284
1122	207
1123	8856
1124	8382
1124	497
1125	11137
1125	11138
1125	3769
1126	8469
1127	991
1128	4767
1129	12712
1129	1479
1129	11881
1129	5744
1130	6522
1130	12836
1130	6104
1130	744
1130	3630
1130	5224
1130	1078
1131	848
1131	1370
1131	7616
1132	3302
1133	2206
1133	6258
1133	4439
1133	10062
1133	4152
1133	4542
1133	1562
1133	9221
1133	11035
1133	7277
1133	2708
1133	10493
1133	5034
1133	2148
1133	11325
1133	1816
1133	5511
1133	7250
1133	10679
1133	1019
1133	6673
1133	1425
1133	4313
1133	4896
1133	8677
1133	1305
1134	11755
1134	6049
1135	2160
1135	2396
1135	1902
1135	1904
1135	1937
1135	2105
1135	2505
1135	1097
1135	1078
1135	3979
1135	898
1135	828
1135	829
1136	11570
1136	5901
1136	12430
1136	7862
1136	12078
1136	6287
1136	5369
1136	4396
1136	10526
1136	8910
1136	2726
1136	1678
1136	5972
1136	192
1136	8282
1136	10979
1136	8264
1136	783
1137	7899
1137	3355
1138	2718
1138	1906
1138	1005
1138	832
1138	8923
1138	335
1139	2396
1139	2566
1139	1914
1139	1371
1139	1398
1139	1049
1139	715
1139	3159
1139	5597
1139	217
1139	134
1139	256
1139	301
1140	4669
1140	2569
1140	2639
1140	1902
1140	1697
1140	1316
1140	2313
1140	1210
1140	1083
1140	1035
1140	1082
1140	1079
1140	2310
1140	1009
1140	2147
1140	1096
1140	1097
1140	826
1140	387
1140	194
1140	418
1140	155
1140	133
1141	6652
1141	672
1141	8808
1141	1195
1141	11238
1141	11887
1141	12685
1141	11171
1141	6012
1141	7247
1142	2313
1142	1077
1142	1326
1143	916
1143	1500
1144	2278
1144	2491
1145	1165
1145	3946
1145	2091
1145	630
1146	7020
1146	3800
1147	3316
1147	3320
1148	9169
1148	1682
1148	9384
1148	2271
1149	12636
1149	12185
1150	9873
1150	11248
1150	9992
1150	10320
1150	9076
1150	9319
1150	3643
1150	9733
1150	5709
1151	11090
1152	1154
1152	5377
1152	1611
1152	1559
1153	3145
1153	3584
1153	1310
1154	1447
1154	10985
1154	5271
1155	269
1156	11942
1157	7939
1157	6594
1157	6003
1157	7702
1157	1915
1157	2566
1157	217
1157	245
1158	1094
1158	1010
1158	1082
1158	1079
1158	1083
1158	877
1158	1327
1158	2850
1158	1477
1158	4546
1158	5078
1158	280
1158	245
1158	258
1159	11404
1159	10471
1159	7006
1159	3709
1160	10299
1160	12574
1160	10667
1160	3063
1160	8375
1160	12727
1160	2012
1160	9566
1160	4195
1160	8002
1161	4625
1161	3194
1161	7587
1161	7862
1161	1318
1161	3363
1161	1985
1161	3954
1161	5289
1161	10285
1161	10642
1161	4255
1162	4384
1162	7770
1162	6762
1163	1177
1164	5988
1164	8434
1164	5171
1164	6425
1164	1246
1164	10719
1164	6209
1164	6389
1164	7066
1164	1960
1164	8037
1164	4566
1164	10770
1164	12371
1165	1415
1166	5637
1166	7600
1166	11847
1166	9262
1166	4241
1167	961
1167	997
1167	2762
1168	8613
1169	963
1170	12412
1170	6501
1170	10968
1171	4749
1171	6649
1172	11344
1172	6655
1172	1695
1172	1032
1172	1003
1172	1005
1172	5653
1172	739
1172	921
1172	2244
1172	1069
1172	5651
1172	12061
1172	248
1172	255
1172	369
1172	152
1172	133
1172	11217
1172	111
1172	448
1172	419
1172	2397
1173	6041
1173	6242
1173	3696
1173	2102
1173	814
1173	2090
1174	4386
1174	4615
1175	2830
1175	5946
1175	6177
1176	3979
1176	1413
1176	2522
1177	3973
1177	2566
1177	2639
1177	7755
1177	2314
1177	1087
1177	1372
1177	2608
1177	834
1177	8605
1177	1077
1177	2244
1177	538
1177	1044
1177	470
1178	3342
1178	10969
1178	11018
1178	11679
1178	12732
1179	1905
1179	8218
1179	7707
1179	2850
1179	1163
1180	6528
1180	3561
1180	2718
1180	1910
1180	1913
1180	1697
1180	2430
1180	2981
1180	1210
1180	1005
1180	335
1181	8667
1181	966
1181	1464
1181	2397
1181	2491
1181	2498
1181	3214
1181	9915
1181	3584
1181	5583
1181	6389
1181	7075
1181	7103
1182	2933
1182	9644
1183	6735
1183	12568
1183	6537
1183	6024
1183	5959
1183	4896
1183	3290
1183	2569
1183	2010
1183	1093
1183	5651
1183	1323
1184	8900
1184	8894
1184	8668
1185	8263
1185	1528
1186	5477
1186	1189
1186	1049
1186	978
1186	235
1187	2491
1188	11451
1188	2491
1188	2578
1189	1341
1190	2427
1190	9683
1190	2960
1190	3769
1190	6225
1191	528
1191	2349
1191	750
1191	9447
1191	9449
1191	5009
1192	8934
1192	5931
1192	12325
1192	2273
1192	5224
1192	3443
1192	4386
1192	12088
1192	1456
1192	12014
1193	2050
1194	4890
1194	1473
1195	7135
1195	11638
1195	6378
1195	7887
1195	10300
1195	6394
1195	12469
1195	11786
1195	5959
1195	7158
1195	11570
1195	1911
1195	1906
1195	4322
1195	7853
1195	11274
1195	4879
1195	6881
1195	1033
1196	6747
1196	11969
1196	4414
1196	2602
1196	1212
1196	2981
1196	5204
1196	1004
1196	940
1196	921
1196	208
1196	241
1196	1278
1197	6959
1197	6646
1197	6428
1197	2566
1197	1911
1197	1908
1197	7358
1197	1371
1197	1302
1197	1093
1197	1091
1197	6161
1197	1205
1197	827
1197	335
1197	254
1197	571
1197	4015
1198	8021
1198	6521
1198	6432
1198	6003
1198	4513
1198	4151
1198	2566
1198	2981
1198	3459
1198	1609
1198	6832
1198	8984
1198	898
1198	2389
1198	674
1198	214
1199	7720
1199	6868
1199	6630
1199	7368
1199	6320
1199	12123
1199	12081
1199	11848
1199	11747
1199	6313
1199	8172
1199	11041
1199	5231
1199	4834
1199	3106
1199	3047
1199	2209
1199	10934
1199	11982
1199	6849
1199	9142
1199	11132
1200	8690
1200	1787
1200	2091
1200	442
1200	10671
1200	11041
1201	9595
1201	10230
1201	11956
1201	7720
1201	3738
1201	1620
1201	2614
1201	9273
1201	10137
1201	4178
1202	7995
1202	2866
1202	9842
1202	2349
1202	10036
1202	786
1203	1479
1203	10397
1203	3528
1203	5134
1203	5564
1203	6474
1204	10786
1204	6104
1205	1612
1205	2931
1205	2355
1205	2932
1205	8664
1205	954
1205	2273
1205	732
1205	3367
1205	3775
1205	11243
1205	5848
1205	12191
1205	3026
1206	6293
1206	12066
1207	8507
1208	8499
1208	1478
1208	3067
1209	9115
1209	4103
1209	1250
1209	2090
1209	9490
1209	2498
1209	4034
1210	513
1211	1003
1211	10081
1212	8411
1212	7770
1212	5952
1212	3422
1212	5656
1212	6637
1212	2398
1212	11325
1212	8896
1212	8311
1212	1584
1212	2061
1213	4493
1213	971
1213	5242
1213	6326
1213	8012
1213	9190
1213	5818
1213	1677
1213	8370
1214	6521
1214	6628
1214	9718
1214	2879
1214	6004
1215	1344
1215	4614
1215	6220
1216	2209
1216	2324
1216	2491
1216	5244
1216	10681
1216	5180
1216	10393
1217	3395
1218	8649
1219	12738
1219	12241
1219	4525
1219	8204
1219	655
1219	8595
1219	8972
1220	5527
1220	10254
1220	7568
1220	3563
1220	11909
1220	4027
1220	5430
1220	6358
1220	2241
1220	5537
1220	10570
1220	10383
1220	7689
1220	2219
1220	2797
1220	9598
1220	12187
1220	3109
1220	5384
1220	770
1220	8016
1220	10478
1220	12524
1220	3530
1220	5896
1220	2771
1220	10272
1220	5865
1220	7531
1220	7625
1220	7519
1220	3583
1220	7350
1220	4198
1220	6987
1220	3326
1220	7676
1220	12114
1220	10217
1220	9157
1220	4534
1221	1734
1221	1858
1221	3584
1222	11163
1222	1456
1222	2324
1222	8720
1222	2651
1222	5535
1222	7490
1222	6547
1222	2163
1222	5009
1222	3521
1222	4675
1222	1783
1222	9501
1222	1217
1222	9506
1222	3628
1222	7926
1222	9572
1222	9031
1222	8708
1222	3032
1222	908
1222	8423
1222	656
1222	8261
1222	646
1223	9709
1223	2397
1224	6090
1225	9492
1225	6530
1225	7198
1225	9720
1225	2289
1225	1604
1225	3320
1225	2498
1225	1885
1225	1783
1225	1498
1225	3394
1225	9002
1225	1713
1225	1471
1225	1448
1225	1423
1225	3422
1225	4459
1225	651
1225	2141
1225	916
1225	1500
1225	6605
1225	3209
1225	4613
1225	1299
1225	8574
1225	1931
1225	9900
1225	551
1225	2276
1225	2468
1225	5854
1225	289
1225	647
1225	1612
1225	1676
1226	8450
1226	8820
1226	4267
1226	2443
1226	4513
1226	10744
1227	4964
1228	981
1228	10368
1228	4849
1229	11724
1229	12699
1230	5879
1230	3278
1230	12473
1230	8110
1231	4910
1232	9257
1233	9962
1234	12453
1234	3734
1234	4590
1234	7444
1234	2369
1234	7319
1234	7320
1235	1500
1235	10489
1235	696
1235	1220
1235	8847
1236	1758
1236	1177
1236	4694
1236	5450
1236	966
1237	8897
1237	9469
1237	10067
1237	11791
1237	8234
1237	2650
1237	7444
1237	4308
1237	9472
1238	4340
1238	1223
1238	8401
1238	10683
1238	10869
1238	5744
1239	6718
1239	3831
1239	4138
1239	11972
1239	1064
1239	9420
1239	11700
1239	8653
1239	2291
1239	4195
1239	3771
1239	9767
1240	12531
1241	8190
1241	4832
1241	1931
1241	3320
1241	3487
1241	3488
1242	9000
1242	9961
1242	5703
1243	5583
1243	9500
1243	7625
1243	1895
1243	7444
1243	8365
1244	10813
1244	6530
1244	4357
1244	4777
1244	7930
1244	3856
1244	10338
1244	4633
1244	12323
1244	1958
1244	1479
1244	6452
1244	748
1245	4666
1246	1938
1246	1787
1246	2635
1246	3685
1246	4073
1247	11777
1247	11873
1247	12590
1247	1400
1247	9290
1248	10615
1248	2218
1248	3982
1248	2695
1248	5377
1248	5816
1248	3108
1248	4647
1248	5966
1248	7617
1248	5989
1248	9845
1248	12478
1249	2772
1249	9977
1249	1133
1249	9623
1249	3485
1250	9164
1250	8714
1250	2203
1250	887
1250	9747
1250	6532
1250	9801
1250	3096
1251	10606
1251	6089
1251	12072
1251	11872
1251	8888
1251	10428
1251	1332
1251	9153
1251	10047
1251	3829
1251	10958
1251	11056
1252	5788
1252	1470
1252	1165
1252	175
1252	1154
1252	1478
1252	5646
1252	1484
1252	2514
1252	7071
1253	2206
1253	4822
1253	520
1253	9998
1253	3979
1253	276
1254	1310
1255	10569
1255	8137
1255	4921
1255	8807
1255	1374
1256	10232
1256	10302
1257	4807
1257	5284
1257	7328
1257	5610
1258	2822
1258	3512
1258	3696
1258	4528
1258	4684
1258	10678
1258	4685
1258	6389
1258	1731
1259	4360
1259	6817
1259	4190
1260	2209
1261	1065
1261	6331
1261	1616
1261	3047
1262	426
1262	424
1262	4030
1263	1022
1263	1243
1263	2312
1263	5596
1263	2274
1264	3704
1264	2215
1264	8472
1264	11183
1265	9700
1265	1222
1265	1154
1266	3788
1266	11634
1266	4955
1266	4390
1266	3310
1266	3345
1266	4449
1266	10296
1267	11614
1267	9346
1267	412
1267	639
1268	1480
1268	1958
1268	2277
1268	3487
1269	4580
1269	3736
1269	2390
1269	1852
1269	3691
1269	3942
1270	7584
1271	9635
1272	3979
1272	4255
1273	5669
1273	5670
1274	6794
1274	2312
1274	10149
1274	9306
1275	5278
1276	5042
1276	6260
1276	3994
1276	1239
1277	12610
1277	9786
1277	12565
1278	10894
1278	11280
1279	4255
1280	6187
1280	2117
1280	3539
1280	1987
1280	10477
1280	3485
1280	3487
1280	6494
1280	3584
1280	3030
1280	10524
1280	5450
1280	9472
1280	4156
1280	5247
1280	7444
1280	4048
1280	2090
1280	11889
1280	1832
1280	9081
1281	5753
1281	629
1281	9444
1281	3136
1281	3145
1282	2632
1282	7881
1282	8457
1282	1136
1282	10521
1282	5483
1282	7009
1282	8236
1282	6051
1283	875
1283	10610
1283	5508
1283	5555
1283	5564
1283	5451
1283	11379
1284	2012
1284	1184
1284	2147
1284	1183
1284	239
1284	234
1284	233
1284	235
1285	7616
1286	11303
1286	12009
1286	1908
1286	1909
1286	1904
1286	2012
1286	2014
1286	2002
1286	2011
1286	2003
1286	1905
1286	2171
1286	2105
1286	6195
1286	2173
1286	2172
1286	7753
1286	7752
1286	2170
1286	7751
1286	7754
1286	2714
1286	2719
1286	2608
1286	2717
1286	1609
1286	1313
1286	1212
1286	6825
1286	1191
1286	1190
1286	1189
1286	1192
1286	1080
1286	1095
1286	1094
1286	1087
1286	1081
1286	6821
1286	1007
1286	1032
1286	962
1286	1082
1286	1035
1286	6829
1286	2310
1286	1083
1286	7707
1286	1033
1286	5204
1286	1006
1286	1011
1286	2505
1286	1098
1286	1079
1286	1184
1286	1244
1286	1003
1286	939
1286	1004
1286	1020
1286	1078
1286	1021
1286	1477
1286	1097
1286	1114
1286	1099
1286	940
1286	1327
1286	1326
1286	832
1286	1163
1286	560
1286	610
1286	1195
1286	309
1286	294
1286	249
1286	2389
1286	242
1286	2386
1286	241
1287	2160
1287	1906
1287	1911
1287	1812
1287	1910
1287	1913
1287	1902
1287	2569
1287	1905
1287	3574
1287	8218
1287	2173
1287	7753
1287	7752
1287	1009
1287	7754
1287	1007
1287	2172
1287	2170
1287	6195
1287	1372
1287	7751
1287	6095
1287	6825
1287	1190
1287	1081
1287	1080
1287	1189
1287	1191
1287	1226
1287	1193
1287	1194
1287	2608
1287	1192
1287	1006
1287	1033
1287	2309
1287	1079
1287	6831
1287	6829
1287	1187
1287	1082
1287	1035
1287	5477
1287	1034
1287	1032
1287	2311
1287	1020
1287	1004
1287	939
1287	1021
1287	1403
1287	10080
1287	6690
1287	1477
1287	1097
1287	940
1287	1049
1287	1050
1287	1096
1287	1114
1287	1099
1287	1326
1287	5652
1287	5653
1287	5651
1287	1327
1287	5650
1287	4546
1287	4690
1287	610
1287	1195
1287	544
1287	247
1287	251
1287	240
1287	241
1287	593
1287	2389
1287	674
1287	246
1287	257
1287	464
1287	2388
1287	212
1287	243
1287	252
1287	254
1287	211
1287	249
1287	2386
1287	244
1287	245
1287	250
1287	4951
1287	309
1287	255
1287	190
1287	155
1287	132
1287	159
1287	156
1288	11342
1288	4038
1288	1787
1289	5118
1289	4774
1289	3274
1289	1909
1289	1371
1289	2307
1290	369
1290	111
1290	135
1291	7869
1291	4669
1292	7135
1292	6958
1292	6511
1292	4637
1292	2396
1292	2395
1292	1905
1292	2171
1292	6195
1292	1682
1292	7754
1292	2172
1292	7753
1292	1187
1292	1205
1292	1184
1292	1183
1292	1182
1292	1083
1292	1091
1292	1093
1292	1020
1292	939
1292	1244
1292	1477
1292	1099
1292	1114
1292	940
1292	1097
1292	5650
1292	541
1292	1514
1292	1195
1292	293
1292	353
1292	159
1292	155
1292	189
1292	158
1292	301
1292	300
1292	299
1292	298
1292	297
1292	296
1293	6873
1293	6428
1293	6000
1293	1049
1294	6024
1294	5275
1294	4511
1294	4669
1294	1695
1294	2714
1294	2312
1294	6161
1295	12764
1295	6025
1295	6024
1295	7954
1295	12011
1295	6481
1295	6239
1295	3927
1295	2694
1295	2600
1295	1387
1295	2173
1295	10936
1295	939
1295	4546
1295	722
1295	689
1295	1195
1295	2387
1295	674
1295	369
1295	293
1295	258
1295	207
1295	298
1296	8052
1296	8018
1296	6821
1296	2170
1296	2172
1296	2173
1296	6195
1296	7707
1296	7751
1296	6095
1296	5650
1296	214
1296	213
1297	7541
1297	12019
1297	10922
1297	3974
1297	8082
1297	5976
1297	5092
1297	2065
1297	2714
1297	1080
1297	1189
1297	939
1297	1009
1297	1049
1297	5651
1297	4610
1297	4690
1297	5091
1297	933
1297	582
1297	241
1298	2566
1298	5477
1298	1609
1298	715
1298	111
1299	1902
1299	2173
1300	4821
1301	12789
1301	11828
1301	11524
1301	10889
1301	7836
1301	3274
1301	3979
1301	1905
1301	1302
1301	1388
1301	6690
1302	1371
1302	1079
1302	2981
1302	3459
1303	6003
1303	4979
1303	4414
1303	8218
1303	3324
1303	1034
1303	1007
1303	2309
1304	4064
1304	4255
1304	5377
1304	3982
1304	10618
1304	2296
1304	3434
1304	1064
1304	5859
1305	2215
1305	5104
1306	2932
1306	2933
1306	4614
1306	739
1306	190
1306	948
1306	4710
1307	4255
1307	5751
1308	11373
1309	5680
1309	3187
1309	3349
1310	850
1311	10742
1312	10058
1312	803
1313	6789
1313	12782
1313	6060
1313	503
1313	9609
1314	1804
1314	5377
1314	11611
1315	5959
1315	3779
1315	1908
1315	2569
1315	2639
1315	1905
1315	6013
1315	7753
1315	2172
1315	2719
1315	1185
1315	6095
1315	1095
1315	1188
1315	2309
1315	2310
1315	6829
1315	6823
1315	1205
1315	940
1315	941
1315	938
1315	937
1316	8476
1316	3032
1317	1674
1317	10311
1317	8916
1318	2349
1318	2746
1319	11585
1320	3314
1320	4365
1321	7492
1321	3966
1321	11577
1321	11576
1321	1851
1321	8024
1321	8541
1321	7484
1321	9592
1321	2362
1321	2355
1321	10378
1321	10666
1321	7154
1321	6423
1321	12390
1321	2436
1321	3619
1321	6649
1321	8275
1321	5127
1321	10587
1321	4002
1321	5893
1322	4282
1323	9957
1324	4111
1325	12236
1325	11373
1325	11729
1325	10876
1325	6135
1325	5261
1325	4307
1325	4023
1325	8236
1325	9394
1326	11267
1326	4005
1326	5488
1327	4649
1327	9424
1327	5147
1327	5436
1327	1816
1327	12714
1327	2404
1327	3808
1327	7537
1327	12615
1327	821
1327	6766
1328	5393
1329	7380
1330	8865
1330	10196
1330	2117
1330	3768
1331	3129
1331	7444
1331	4496
1331	2747
1331	871
1331	12418
1331	8937
1331	3542
1331	9902
1332	8314
1332	893
1333	5939
1333	7620
1334	616
1334	9364
1334	4186
1334	4214
1335	10073
1335	9140
1335	1215
1336	8978
1336	3082
1336	911
1336	913
1336	8964
1336	1624
1336	2376
1336	1146
1336	9549
1336	4686
1336	1148
1337	9999
1338	11339
1338	11801
1338	1152
1339	559
1339	1154
1339	1407
1339	2295
1339	8632
1339	2498
1339	1402
1339	3208
1339	8371
1339	562
1339	8468
1340	4538
1340	2117
1340	3768
1340	6655
1340	10570
1340	2619
1341	11867
1342	5798
1342	7665
1342	5795
1342	12485
1342	7474
1342	5404
1342	11068
1342	5752
1342	6737
1342	11465
1342	11931
1342	7368
1342	6698
1342	12730
1342	11185
1342	5614
1342	4851
1342	5465
1342	10243
1342	10729
1342	4095
1342	7663
1342	10333
1342	6764
1342	8156
1342	5756
1342	12258
1342	3978
1342	5710
1342	10335
1342	8231
1342	11360
1342	6503
1342	4733
1342	12535
1342	3059
1342	11605
1342	2507
1342	2619
1342	2618
1343	10026
1343	4049
1343	3493
1343	3492
1343	3491
1343	5787
1343	3315
1343	7340
1343	1958
1343	3313
1343	3208
1343	3486
1343	3487
1343	3488
1343	3433
1343	1454
1343	485
1343	150
1344	9555
1344	5578
1344	6198
1344	2509
1344	8717
1344	4752
1345	4629
1345	8164
1345	4613
1345	10571
1345	3944
1345	5587
1345	1582
1345	1149
1345	2538
1345	9981
1346	2273
1346	8681
1346	1213
1346	1236
1347	8052
1347	7705
1347	6528
1347	5278
1347	1316
1347	6690
1348	5443
1348	4414
1348	1210
1348	2981
1349	11981
1349	2396
1349	1904
1350	7118
1350	8065
1350	3860
1350	10890
1350	6856
1350	2566
1350	6315
1350	1908
1350	1915
1350	2569
1350	1387
1350	10483
1350	2504
1350	739
1351	4014
1351	556
1352	896
1352	4357
1352	4712
1352	7484
1352	12535
1353	1903
1353	5550
1353	5666
1353	6081
1354	2836
1354	11551
1354	11283
1354	11868
1354	1425
1354	412
1354	9025
1355	5171
1355	6090
1355	6170
1356	9650
1357	410
1357	665
1357	1517
1357	1832
1357	2491
1358	952
1358	8293
1358	5918
1359	783
1359	1965
1359	8468
1359	798
1359	2513
1359	3022
1359	8511
1359	870
1359	886
1359	1958
1359	2495
1359	5610
1360	5675
1361	9655
1361	5900
1361	2775
1361	3493
1361	726
1361	2763
1361	2975
1361	5562
1361	5236
1361	12654
1361	5950
1361	10593
1361	10187
1361	3557
1361	2629
1361	3682
1361	5557
1361	9664
1361	6440
1361	4102
1362	6861
1362	7180
1362	5601
1362	5458
1362	7761
1363	10148
1364	3047
1364	5722
1365	5148
1365	2309
1365	12065
1365	7340
1365	1597
1366	10791
1367	9287
1367	4563
1367	10975
1367	1078
1367	9094
1367	405
1367	8705
1368	7663
1369	2750
1369	7440
1369	7731
1369	7871
1369	2254
1370	4293
1370	10863
1371	6978
1371	1877
1371	9451
1372	12668
1372	885
1372	5562
1372	6795
1372	1346
1372	4873
1372	6291
1372	1771
1372	3491
1372	4624
1372	8678
1372	1958
1372	2772
1372	3487
1372	3489
1372	7492
1373	6873
1373	5442
1373	4896
1373	7749
1373	4255
1373	3274
1373	2566
1373	2569
1373	2014
1373	2504
1373	1326
1373	2387
1373	309
1373	190
1373	447
1373	39
1374	4881
1374	1063
1374	829
1374	689
1374	347
1374	212
1375	3329
1375	3194
1375	2566
1375	2065
1375	1080
1375	1049
1375	1477
1375	2848
1375	939
1375	9701
1375	625
1375	10393
1375	830
1376	6155
1376	11081
1376	4666
1376	6221
1376	767
1376	2229
1376	9400
1376	5581
1376	4163
1376	6180
1376	4034
1376	4733
1376	8164
1376	9628
1376	8430
1376	7900
1376	8079
1376	2688
1376	738
1376	12094
1376	4827
1376	3199
1376	6530
1377	3778
1377	1302
1377	1889
1377	2990
1378	10348
1378	11338
1378	11796
1378	6281
1378	9921
1379	4511
1379	7155
1379	1399
1379	1401
1380	4773
1380	4169
1380	5121
1380	2447
1380	3598
1380	5679
1380	1662
1380	7368
1380	2978
1380	3714
1380	4237
1380	3489
1380	3487
1380	4568
1380	1133
1380	3753
1380	10055
1380	541
1380	3516
1380	5852
1380	11167
1380	4337
1380	11318
1380	11530
1380	9320
1380	10302
1380	3362
1380	948
1380	2501
1380	4821
1380	1247
1380	4576
1380	3677
1380	12514
1380	10978
1380	7508
1380	5289
1380	4810
1380	1003
1380	2951
1380	8662
1380	845
1380	686
1380	1064
1380	2770
1380	1641
1380	976
1380	4159
1380	990
1380	3676
1380	3025
1380	8664
1380	2273
1380	991
1380	2271
1380	689
1380	6180
1380	9567
1380	977
1380	8636
1380	404
1380	10379
1380	8678
1380	3256
1380	5735
1380	7238
1380	561
1380	8418
1380	8332
1380	900
1380	2056
1380	3307
1380	28
1380	3303
1381	2983
1381	7424
1381	2291
1381	5450
1381	7444
1382	9860
1382	2038
1382	2491
1382	5244
1382	5646
1382	2383
1382	1177
1382	3827
1383	3763
1383	4807
1383	2662
1383	3928
1383	2348
1384	11406
1384	7990
1384	6112
1384	1938
1384	12093
1384	7991
1384	2549
1384	2124
1384	2650
1384	3584
1384	2397
1384	2866
1384	12291
1384	3808
1384	10719
1384	1122
1384	4294
1384	7859
1384	3786
1384	1987
1384	10356
1384	529
1384	9183
1384	6389
1384	7280
1384	8126
1384	8361
1384	754
1384	6287
1384	7580
1384	619
1384	10302
1384	2491
1384	8284
1384	8271
1384	8285
1384	2363
1384	2163
1384	650
1385	8721
1385	1382
1385	9441
1385	598
1386	3938
1386	4040
1386	4161
1386	4457
1386	5037
1386	7999
1386	2449
1386	5709
1386	2128
1386	1766
1386	4055
1386	5284
1386	3530
1386	2273
1387	6000
1387	2409
1387	9488
1387	10266
1387	5289
1387	5072
1387	10632
1387	3768
1387	4906
1387	9794
1387	695
1387	6480
1387	3565
1387	2513
1387	2312
1387	2504
1387	2307
1387	6843
1387	2253
1387	6452
1387	5789
1387	1797
1387	2322
1387	8670
1387	3488
1387	1958
1387	3489
1387	3493
1387	4820
1387	3364
1387	5684
1387	9612
1387	560
1387	686
1387	281
1388	5377
1388	2910
1388	10231
1388	5133
1388	5656
1388	3493
1388	5289
1388	1460
1388	1674
1388	5564
1388	6053
1388	7720
1388	2747
1388	2091
1388	2708
1389	3669
1389	4126
1389	3855
1389	3125
1389	4836
1389	6180
1389	8083
1389	377
1389	1401
1390	10777
1390	9303
1390	5583
1390	10057
1391	1599
1391	7648
1391	7911
1391	12378
1391	1826
1391	11562
1391	7186
1392	1899
1392	9235
1392	4187
1392	4889
1392	5021
1392	7085
1392	1398
1392	9755
1392	990
1392	5001
1392	3113
1392	977
1392	10595
1392	6716
1393	2236
1393	4255
1393	4864
1393	5049
1393	4981
1393	6564
1393	11890
1393	4710
1393	6765
1393	7155
1393	3980
1393	7165
1393	7853
1393	2559
1393	12618
1393	2293
1393	8873
1393	1010
1393	5921
1393	11485
1393	7999
1393	6287
1393	404
1393	5031
1393	12712
1393	4820
1393	4190
1393	4040
1393	3934
1393	3739
1393	2340
1393	1767
1394	8126
1394	2424
1394	4301
1394	5040
1394	2375
1395	10363
1395	4314
1395	12140
1395	3770
1395	5656
1395	3402
1395	5037
1395	6576
1395	11560
1395	10931
1395	9973
1395	6440
1395	3259
1395	6129
1395	3493
1395	5950
1395	3935
1395	8921
1395	12567
1395	3768
1395	6604
1395	12486
1395	871
1395	7672
1395	3747
1395	5562
1396	1803
1396	948
1397	11808
1397	6660
1397	7340
1397	7919
1397	9691
1397	12785
1397	11608
1397	11878
1397	4039
1397	898
1397	11778
1397	5787
1397	10234
1398	6896
1398	6432
1398	12629
1398	4915
1398	4916
1398	4789
1398	4881
1398	6117
1398	6031
1398	654
1399	2090
1399	3082
1399	8265
1400	7071
1401	1881
1402	1475
1403	11069
1403	6637
1404	1578
1404	1713
1405	9304
1406	10369
1406	1732
1406	9981
1407	1486
1407	2278
1408	8565
1408	9449
1409	1501
1409	8835
1409	1721
1409	8716
1410	1785
1410	2629
1410	2942
1410	5049
1410	1721
1410	6635
1411	631
1411	952
1412	8087
1412	4111
1412	12303
1412	4520
1413	6527
1413	12238
1413	1060
1413	1326
1413	1327
1414	4669
1414	2716
1414	1473
1414	1302
1414	8218
1414	1007
1414	478
1415	8664
1416	10349
1416	8030
1417	4801
1418	1425
1418	9555
1418	4073
1419	9845
1419	10207
1419	10818
1420	11277
1420	1912
1420	1902
1420	1371
1420	5507
1420	1210
1420	1082
1420	1078
1420	1079
1420	561
1420	583
1420	1314
1420	1325
1420	296
1420	4162
1420	948
1420	151
1420	209
1421	2012
1421	7755
1421	2504
1421	1186
1421	6823
1422	8097
1422	6622
1422	12117
1422	9453
1422	3420
1422	6294
1422	7057
1422	7550
1422	7540
1423	5334
1423	1090
1423	925
1424	2716
1424	1904
1424	1903
1424	1905
1424	2170
1424	1695
1424	7753
1424	7754
1424	1189
1424	1192
1424	2717
1424	2713
1424	2313
1424	2314
1424	1097
1424	877
1424	1005
1424	1078
1424	2848
1424	2850
1424	941
1424	2930
1424	938
1424	610
1425	6537
1425	6594
1425	6527
1425	6024
1425	9494
1425	2622
1425	2720
1425	1903
1425	1904
1425	1905
1425	1902
1425	2172
1425	7751
1425	2170
1425	6195
1425	1077
1425	7752
1425	2173
1425	2715
1425	2713
1425	6829
1426	6025
1426	5959
1426	6655
1426	1913
1426	1910
1426	1906
1426	2011
1426	2012
1426	1189
1426	1188
1426	1205
1426	939
1426	7707
1426	1098
1426	1099
1426	1477
1426	940
1426	5650
1426	1327
1426	831
1426	238
1426	301
1426	132
1426	300
1426	189
1426	133
1426	155
1426	253
1426	159
1426	297
1426	298
1427	4414
1427	2719
1427	2713
1427	2714
1427	1312
1427	1097
1427	1099
1427	832
1427	2387
1427	152
1427	153
1428	4359
1428	11859
1428	8166
1428	7078
1428	8168
1428	6095
1428	1371
1428	1185
1428	1004
1428	1077
1428	8631
1428	2990
1428	251
1428	1324
1428	418
1429	1210
1429	1211
1429	2160
1429	1212
1429	2311
1429	1097
1429	940
1429	1326
1429	1327
1429	248
1430	3375
1430	4252
1430	3229
1430	2719
1430	2715
1430	2714
1430	5204
1430	2505
1430	1032
1430	1033
1430	1034
1430	1079
1430	1082
1430	1035
1430	962
1430	1078
1430	1183
1430	1098
1430	1205
1430	1182
1430	6161
1430	1003
1430	1020
1430	1114
1430	1096
1430	1097
1430	940
1430	1099
1430	877
1430	5652
1430	5651
1430	5653
1430	1326
1430	1327
1430	560
1430	241
1430	197
1430	284
1430	211
1430	294
1431	2716
1431	4624
1431	2003
1431	2430
1431	1697
1431	1186
1431	1398
1431	1405
1431	1326
1432	1909
1432	2639
1432	2608
1432	1327
1432	1081
1432	921
1433	2785
1433	10080
1434	8789
1434	8880
1435	5910
1435	7240
1435	4889
1435	9084
1435	10351
1435	6151
1435	4142
1435	5146
1435	9318
1435	4158
1435	12512
1435	5665
1435	5853
1435	11923
1435	6750
1435	4827
1435	1795
1435	9343
1436	10768
1436	10663
1436	3131
1436	11762
1437	3918
1437	9159
1438	12060
1438	3584
1439	9398
1440	11196
1440	12216
1440	11376
1440	4625
1441	11911
1441	5987
1441	6549
1441	9947
1441	6486
1441	3517
1441	6530
1441	5562
1441	4920
1441	4833
1441	3938
1441	3125
1441	10049
1441	8018
1441	6092
1441	8217
1441	1657
1441	5037
1441	1401
1441	3401
1441	12262
1441	1315
1441	2741
1441	6634
1441	803
1441	9248
1441	962
1441	2708
1441	7568
1441	2925
1441	1399
1442	11995
1442	10543
1443	5161
1443	9997
1444	1772
1444	5508
1444	2273
1445	12072
1446	12431
1446	10161
1446	2319
1447	8942
1447	2163
1447	2632
1447	8126
1447	2090
1447	1478
1447	6635
1447	3067
1448	1500
1448	1604
1448	2145
1448	9464
1448	8687
1448	951
1448	5611
1448	790
1448	8552
1448	8507
1448	8411
1448	860
1448	2091
1448	2404
1448	2383
1448	2491
1448	3067
1448	2141
1448	2090
1448	1769
1448	3584
1448	9027
1448	2495
1448	1478
1448	8948
1448	1423
1448	1136
1448	735
1448	3082
1448	2640
1448	502
1448	12651
1448	1720
1448	2289
1448	7973
1449	4910
1449	6541
1449	6363
1449	4036
1449	5369
1449	4158
1449	10336
1449	12002
1449	4728
1449	7993
1449	7205
1449	2321
1449	969
1449	8236
1449	3402
1449	8552
1449	4011
1449	9678
1450	6922
1450	8399
1450	2119
1450	5230
1451	4642
1451	1031
1451	7432
1452	7464
1452	9101
1452	6697
1452	7169
1452	6576
1452	6563
1452	6286
1452	5943
1452	5897
1452	5291
1452	4056
1452	4050
1452	3402
1452	2446
1452	2269
1452	5377
1453	5155
1453	4681
1453	3696
1453	3512
1453	4679
1453	11953
1453	6837
1453	7877
1453	1896
1453	11471
1453	424
1453	5094
1453	376
1453	5872
1453	10832
1453	2559
1453	8444
1453	473
1453	5738
1453	5160
1453	6100
1454	1398
1454	10579
1454	5276
1454	6483
1454	4255
1454	8509
1454	6294
1454	7585
1455	1587
1455	1778
1455	7868
1455	9351
1455	5356
1455	9500
1456	11181
1456	5393
1456	12127
1456	3431
1456	7747
1456	5602
1456	7140
1456	12689
1456	12491
1456	10286
1456	6385
1456	10106
1456	8061
1456	5256
1456	10754
1456	8154
1456	11044
1456	10206
1456	9896
1457	8789
1457	1320
1458	6825
1458	1452
1458	1084
1458	1186
1458	1188
1458	1091
1458	2608
1458	1090
1458	1093
1458	1095
1458	1085
1458	1189
1458	1190
1458	1194
1458	1080
1458	1183
1458	1181
1458	1182
1458	1184
1458	5477
1458	1205
1458	5204
1458	2310
1458	1011
1458	1009
1458	1007
1458	7707
1459	8026
1459	6521
1459	4511
1459	3980
1459	1904
1459	1903
1459	1194
1459	6095
1459	2714
1459	1091
1459	1011
1459	1181
1459	1089
1459	1186
1459	1913
1459	1909
1459	254
1459	6550
1459	674
1459	251
1459	4013
1459	159
1459	158
1460	7144
1460	6521
1460	6594
1460	11831
1460	2160
1460	6823
1460	1007
1460	6829
1460	2310
1460	1011
1460	1049
1460	1050
1460	1477
1460	1327
1460	1326
1460	830
1460	470
1461	3320
1461	3488
1461	3118
1461	6249
1461	7444
1461	2967
1462	5382
1462	997
1462	2966
1462	2975
1462	5291
1463	7319
1464	8221
1465	7718
1465	668
1465	8514
1465	6201
1466	2217
1466	11801
1466	4053
1466	4511
1466	4844
1466	5289
1466	6484
1466	4808
1466	5380
1467	2856
1467	8512
1467	6982
1467	6911
1467	8407
1467	3032
1467	4534
1467	6180
1467	485
1467	4843
1468	12179
1468	1286
1468	1516
1468	776
1468	11283
1468	6721
1468	12606
1469	8569
1469	796
1469	1494
1470	10460
1470	8020
1470	5932
1470	6100
1470	5225
1470	2412
1470	5505
1470	10891
1470	2883
1470	3918
1470	2631
1470	12081
1470	3142
1470	7899
1470	2491
1470	9183
1470	2884
1470	2397
1470	3628
1470	1883
1470	1360
1470	10599
1470	5785
1470	7322
1470	5409
1470	6180
1470	11663
1470	9650
1470	2745
1470	5506
1470	1172
1470	9121
1470	3474
1470	10139
1470	4304
1470	5167
1470	5160
1470	5284
1470	6824
1470	12624
1470	2728
1470	9503
1470	6423
1470	8582
1470	1771
1470	1732
1471	3631
1471	7939
1471	7720
1471	7197
1471	10612
1471	6564
1471	3401
1472	11067
1472	7871
1472	10578
1472	7550
1472	12655
1472	4524
1472	3778
1472	619
1472	992
1473	1996
1473	5567
1473	1411
1473	11788
1473	3333
1473	4797
1473	11241
1474	6245
1474	10136
1474	3734
1474	9648
1474	4590
1474	6562
1474	6500
1474	7157
1474	7711
1474	1172
1474	1279
1475	2240
1475	2239
1475	2932
1475	2933
1475	3924
1475	4149
1475	4394
1475	2938
1475	6257
1475	6574
1475	7262
1475	983
1475	9754
1476	4698
1476	8106
1476	1479
1476	7358
1476	9553
1476	4814
1476	2397
1476	6697
1476	2696
1476	7319
1476	9330
1476	2133
1476	7734
1476	2714
1476	9754
1476	4111
1477	11913
1477	4255
1477	5239
1477	7530
1477	5765
1477	7580
1478	2003
1478	2013
1478	2569
1478	1094
1478	6832
1478	1095
1478	1008
1478	832
1479	7144
1479	7207
1480	11184
1480	1094
1480	1226
1480	1088
1480	1091
1480	2309
1480	5477
1480	6823
1480	1181
1480	2505
1480	2310
1480	718
1480	546
1480	828
1480	235
1480	237
1481	3778
1481	5401
1481	5562
1482	4974
1483	2892
1483	1639
1483	2660
1483	2996
1484	9677
1484	10075
1484	1286
1485	4158
1486	9207
1486	9805
1486	3769
1486	8608
1486	9263
1486	3761
1486	7126
1487	11336
1488	9438
1488	10574
1488	5317
1488	6288
1488	6367
1488	11703
1489	5980
1490	4111
1490	7347
1490	7720
1491	4844
1491	11602
1491	4512
1491	11531
1491	6708
1492	9369
1492	12224
1493	9681
1493	4216
1493	4501
1493	1801
1494	11457
1494	9457
1494	2361
1494	3371
1495	8523
1496	11955
1497	5694
1497	9447
1497	3002
1497	6838
1497	9446
1497	11135
1497	3096
1497	1517
1497	7616
1497	5646
1497	2397
1497	2491
1497	2634
1497	2992
1497	3031
1497	3082
1497	3519
1497	3521
1497	4913
1497	2090
1497	1173
1497	3325
1497	1730
1497	7024
1497	1832
1497	1456
1497	2559
1497	1172
1497	8693
1497	986
1497	4743
1497	985
1497	491
1497	2096
1497	1168
1497	1220
1497	8697
1497	4817
1497	2175
1497	1291
1497	10762
1497	1918
1497	1279
1497	2437
1497	8147
1497	10112
1498	9769
1498	3401
1498	3934
1499	9022
1499	5358
1499	985
1499	12446
1500	5042
1501	2279
1501	5294
1501	2362
1502	3990
1502	12790
1502	1648
1502	11749
1502	9607
1502	11841
1502	11879
1502	11780
1502	1994
1502	3740
1502	10736
1502	11557
1503	7430
1503	11005
1503	7409
1503	11857
1503	10756
1503	6702
1503	10512
1503	10513
1503	7255
1503	7205
1503	10252
1503	5433
1503	3815
1503	3138
1503	5067
1503	599
1503	7364
1503	2916
1503	2915
1504	9509
1505	966
1506	2403
1506	2498
1506	3690
1506	5198
1506	5578
1506	5772
1506	6018
1506	2417
1507	7474
1507	4816
1507	10323
1507	12214
1507	12485
1507	6339
1507	1103
1508	7442
1508	1036
1508	7420
1508	7335
1508	6677
1508	4255
1508	11242
1508	3569
1508	3003
1508	3012
1508	9798
1508	8628
1508	4624
1508	4820
1508	2293
1508	10696
1508	11609
1508	10175
1508	2082
1508	11270
1508	4138
1508	2341
1508	8844
1508	1004
1508	11505
1508	1264
1508	5147
1508	7653
1508	6631
1508	2914
1509	5476
1509	1316
1509	1609
1509	546
1509	678
1509	387
1509	212
1509	309
1509	725
1510	5476
1510	5278
1510	3466
1510	3328
1510	2751
1510	1907
1510	1915
1510	7753
1510	1091
1510	1049
1510	1092
1510	827
1510	933
1510	1670
1510	255
1511	2566
1511	2602
1511	1004
1511	1187
1511	940
1512	2639
1512	1398
1512	6751
1512	1326
1512	6550
1513	11786
1513	5095
1513	2569
1513	4669
1513	1643
1513	2850
1513	1325
1514	2720
1514	1695
1514	8218
1514	1205
1514	1895
1514	933
1514	2404
1515	5278
1515	3466
1515	2569
1515	1387
1515	1183
1515	978
1515	1327
1515	231
1515	111
1515	697
1516	2608
1516	1194
1516	6825
1516	1094
1516	833
1516	7752
1516	7753
1516	1050
1516	1060
1516	1327
1516	582
1517	939
1517	1003
1517	1326
1517	940
1517	461
1517	211
1517	197
1517	247
1517	242
1517	243
1517	254
1517	151
1518	2160
1518	1907
1518	1695
1518	1079
1519	8052
1520	1695
1520	2717
1520	1094
1520	2307
1520	1021
1520	1050
1520	2930
1520	560
1520	478
1520	678
1520	240
1520	293
1520	335
1520	285
1521	5299
1521	3777
1521	1902
1521	2011
1521	1908
1521	1904
1521	2714
1521	2719
1521	2715
1521	2713
1521	2608
1521	6831
1521	6829
1521	1244
1521	1003
1521	3655
1521	3642
1521	4062
1521	924
1521	5651
1521	5308
1521	5653
1521	5652
1521	1327
1521	1326
1521	1681
1521	544
1521	610
1521	5253
1522	2525
1522	1903
1522	1904
1522	2171
1522	1695
1522	1697
1522	2717
1522	1003
1522	2482
1522	9660
1523	3328
1523	2639
1523	1386
1523	1302
1523	3459
1523	7752
1523	1317
1523	1098
1523	2504
1523	2307
1523	2170
1523	1205
1523	1184
1523	1097
1523	1649
1523	335
1523	280
1523	246
1523	211
1523	242
1523	153
1523	174
1523	159
1524	4055
1525	1812
1525	1905
1525	2171
1526	1902
1526	2569
1526	7755
1526	2713
1526	2715
1526	1084
1526	1087
1526	2608
1526	1452
1526	1090
1526	1182
1526	1011
1526	1088
1526	1327
1526	1325
1526	210
1526	211
1526	209
1526	133
1526	698
1526	253
1526	237
1527	6748
1527	7705
1527	6873
1527	6341
1527	6527
1527	6262
1527	5959
1527	4787
1527	4979
1527	3466
1527	2010
1527	1372
1527	1403
1527	1405
1527	1082
1527	1096
1527	1078
1527	938
1527	941
1527	937
1527	1202
1527	217
1528	3980
1528	7955
1528	4669
1528	1210
1528	1205
1528	1097
1528	830
1528	4334
1528	246
1529	6668
1529	12108
1529	4513
1529	2720
1529	2160
1529	2011
1529	2002
1529	1902
1529	2013
1529	1913
1529	2569
1529	2170
1529	2105
1529	2171
1529	1191
1529	1316
1529	3006
1529	1009
1529	1404
1529	7753
1529	1034
1529	1032
1529	1090
1529	2173
1529	7754
1529	2832
1529	1084
1529	7707
1529	8533
1529	1181
1529	4455
1529	3685
1529	2211
1529	2848
1529	12270
1529	12090
1529	8598
1530	12673
1530	4881
1530	4151
1530	3779
1530	10210
1530	9644
1530	1927
1530	2013
1530	1910
1530	2011
1530	4054
1530	7752
1530	2172
1530	7754
1530	1190
1530	1095
1530	2719
1530	2608
1530	2715
1530	1193
1530	1192
1530	1189
1530	6095
1530	1226
1530	1087
1530	2504
1530	1186
1530	1188
1530	1085
1530	1097
1530	214
1531	4414
1531	3973
1531	3605
1531	2716
1531	5683
1531	1189
1531	6095
1531	1083
1531	2714
1531	2713
1531	1212
1531	1098
1531	1007
1531	1034
1531	1093
1531	1079
1531	1226
1531	939
1531	940
1531	1477
1531	1097
1531	1114
1531	1099
1531	1327
1531	5653
1531	5651
1531	5650
1531	4546
1531	302
1531	247
1531	464
1531	254
1531	211
1531	212
1531	242
1531	249
1531	245
1531	243
1531	2388
1531	2387
1531	2386
1531	251
1531	250
1531	246
1531	2389
1531	252
1531	674
1531	278
1532	5036
1532	4790
1532	4789
1532	4788
1532	4512
1532	3375
1532	3665
1532	3271
1532	2720
1532	2395
1532	1914
1532	1909
1532	1906
1532	1904
1532	1905
1532	1907
1532	1908
1532	1913
1532	2011
1532	1902
1532	1081
1532	1080
1532	1090
1532	2719
1532	2717
1532	1193
1532	1189
1532	1226
1532	1095
1532	1190
1532	1192
1532	1191
1532	1094
1532	1194
1532	1452
1532	1113
1532	2608
1532	1188
1532	1186
1532	1087
1532	1085
1532	1184
1532	1183
1532	1181
1532	1098
1532	1033
1532	1011
1532	962
1532	1205
1532	5204
1532	5477
1532	6823
1532	6831
1532	6829
1532	1083
1532	1079
1532	1035
1532	1007
1532	2311
1532	1034
1532	939
1532	1477
1532	5650
1532	246
1532	297
1532	700
1532	300
1533	2751
1533	5595
1533	1910
1533	1914
1533	2171
1533	1371
1533	1189
1533	1398
1533	1078
1533	834
1533	933
1533	335
1533	241
1534	1902
1534	1212
1534	2713
1534	2714
1534	1244
1534	1049
1534	1050
1534	1326
1535	1009
1535	1181
1535	1184
1535	1326
1535	1327
1535	544
1536	2373
1536	2566
1536	11015
1536	1452
1536	1087
1536	6095
1536	1193
1536	1192
1536	1095
1536	1188
1536	1186
1536	1011
1536	1181
1536	1205
1536	1183
1536	1182
1536	5477
1536	1226
1536	1035
1536	1082
1536	1021
1536	1020
1536	1477
1536	1327
1536	1326
1536	560
1536	826
1536	254
1536	356
1536	247
1536	251
1537	3561
1537	2160
1538	6863
1538	11991
1538	6392
1538	7957
1538	12475
1538	1912
1538	1911
1538	1371
1538	1370
1538	6825
1538	2029
1538	1081
1538	1080
1538	920
1538	5652
1538	10890
1538	5791
1538	111
1539	2002
1539	2013
1539	1087
1539	1452
1540	1087
1540	877
1540	1097
1540	5078
1541	7661
1542	8992
1542	11668
1542	1536
1542	1713
1542	2491
1542	3584
1542	3355
1543	11758
1543	2105
1543	2171
1543	3056
1543	2024
1543	760
1543	4952
1543	1783
1543	1930
1543	3113
1543	1732
1544	7625
1544	8037
1544	12736
1544	1596
1544	11957
1544	6487
1544	11669
1544	9048
1544	5744
1544	6934
1545	2578
1545	2349
1545	2991
1545	9839
1545	489
1546	2754
1546	8500
1547	4534
1548	12350
1548	2173
1548	7751
1548	6195
1548	2715
1548	1190
1548	1093
1548	1088
1548	6829
1548	1011
1548	1006
1548	1092
1548	1205
1548	1099
1548	1114
1548	1097
1548	1049
1548	1477
1548	1050
1549	6961
1549	6897
1549	2002
1549	1085
1549	1090
1549	1094
1549	1452
1549	1087
1549	1226
1549	1183
1549	6831
1549	6829
1549	6823
1549	6821
1549	1184
1549	1182
1549	1089
1549	1077
1549	1011
1549	1205
1549	5477
1550	6073
1550	3890
1550	4023
1550	3275
1550	5768
1550	5782
1550	1473
1550	1049
1550	10670
1550	830
1551	6543
1552	5497
1552	6519
1552	2697
1552	1378
1552	3705
1552	4671
1552	8393
1552	676
1553	9489
1553	8548
1553	1706
1553	9531
1553	2495
1553	6672
1553	8034
1553	8171
1554	9258
1554	1575
1554	12461
1554	5961
1554	3102
1554	9639
1554	9656
1554	4345
1555	5646
1555	12554
1556	10996
1556	7657
1557	5482
1557	2442
1557	4656
1557	5481
1557	5854
1557	450
1557	11112
1557	2759
1557	2497
1557	1283
1557	383
1558	5180
1558	8963
1559	5546
1560	10457
1560	5573
1561	10062
1562	6821
1563	2566
1563	1902
1563	2639
1564	4504
1564	2010
1564	2566
1564	11045
1564	858
1564	2014
1564	10316
1564	211
1564	152
1564	253
1564	133
1564	212
1564	447
1564	137
1564	209
1564	301
1565	2003
1565	6095
1565	1194
1565	1326
1566	3271
1566	2718
1566	2716
1566	3186
1566	2395
1566	1033
1566	1315
1566	1188
1566	1085
1566	1009
1566	1007
1566	6831
1566	6821
1566	1006
1566	6829
1566	1077
1566	6823
1566	1205
1566	1083
1566	1184
1566	1032
1566	1181
1566	1183
1566	1182
1566	940
1566	939
1566	925
1566	1327
1566	827
1566	610
1566	478
1566	829
1566	197
1566	356
1567	6528
1567	6141
1567	4669
1567	1905
1567	2105
1567	2171
1567	1695
1567	1387
1567	1404
1567	1190
1567	6865
1567	1078
1567	1033
1567	7499
1567	1049
1567	3385
1567	2848
1567	831
1567	933
1567	898
1567	1069
1567	214
1567	246
1567	244
1568	2718
1568	2105
1568	1372
1569	11901
1569	1094
1569	1095
1570	6024
1570	5042
1570	4790
1570	2525
1570	2065
1570	1034
1570	1032
1570	1007
1571	2002
1571	2012
1571	1913
1571	1908
1571	3778
1571	1087
1571	1095
1571	2608
1571	6831
1571	1077
1571	1191
1571	1194
1571	257
1572	8021
1572	8018
1572	6528
1572	6000
1572	11130
1572	3980
1572	1315
1573	10121
1573	4624
1573	6027
1573	6480
1573	1774
1573	9437
1573	9439
1573	6206
1573	11740
1573	6451
1573	11766
1573	6806
1573	4159
1573	12100
1573	11353
1574	4728
1574	903
1575	3558
1575	8265
1575	1430
1575	2326
1575	3546
1575	5899
1575	6180
1575	11669
1576	8701
1576	5380
1576	1339
1577	1598
1577	2015
1577	5429
1578	7135
1578	10380
1578	2718
1578	2002
1578	1003
1578	3324
1578	279
1579	1212
1579	1317
1579	6832
1579	2313
1579	12628
1579	6160
1579	1649
1579	583
1579	1805
1579	9834
1579	478
1579	933
1579	686
1580	2717
1580	1084
1580	5477
1580	1183
1580	6829
1580	6831
1580	6823
1580	907
1580	1004
1580	1477
1580	1327
1581	5700
1581	3051
1581	6061
1582	12338
1583	9645
1583	405
1584	1891
1584	9466
1584	3140
1584	4611
1584	12803
1584	8719
1585	10260
1585	10899
1586	8418
1586	10636
1586	12205
1587	2639
1588	7616
1588	11961
1589	6668
1589	5042
1589	6162
1589	1372
1589	1370
1589	1159
1589	1082
1589	1244
1589	6825
1589	1078
1589	1079
1589	6690
1589	5597
1589	1325
1589	212
1589	344
1589	159
1589	158
1590	1905
1590	9064
1590	6825
1590	6195
1590	7754
1590	1205
1590	877
1590	1181
1590	1050
1590	1077
1590	204
1591	10218
1591	1371
1591	3324
1591	1094
1591	1089
1591	933
1591	1649
1591	2244
1591	560
1591	1131
1592	3973
1592	10746
1592	6403
1592	2373
1592	12484
1592	3054
1592	3193
1592	10163
1592	1031
1592	1032
1592	1034
1592	925
1592	5597
1592	1069
1592	478
1592	4920
1592	6623
1592	189
1592	190
1592	157
1593	2014
1593	2566
1593	2105
1593	1312
1593	1190
1593	7754
1593	1084
1593	6690
1593	212
1594	11790
1594	6608
1594	11550
1594	12589
1594	7661
1594	12023
1594	9224
1594	11074
1594	11354
1594	5537
1594	5064
1594	8106
1594	6846
1594	5747
1594	12005
1594	6152
1594	5164
1594	2456
1594	2056
1594	8051
1594	9538
1594	1472
1594	2713
1594	1185
1594	2715
1594	2714
1594	1479
1594	2505
1594	2311
1594	6829
1594	1187
1594	962
1594	2309
1594	6831
1594	1327
1594	5653
1594	4546
1594	938
1594	661
1594	6260
1594	725
1594	1278
1595	3973
1595	1903
1595	1937
1595	1113
1595	1004
1595	1628
1595	4690
1595	4767
1596	3466
1597	525
1597	1517
1598	2578
1598	8770
1598	9736
1598	760
1598	1474
1598	7055
1598	7186
1598	1249
1598	2397
1598	3584
1598	1498
1599	8405
1599	1611
1599	261
1600	1783
1601	1129
1601	3689
1602	7140
1602	6630
1603	1713
1604	11891
1604	10629
1604	10400
1604	12240
1605	2463
1606	5088
1606	4669
1606	1903
1606	1904
1606	1902
1606	2569
1606	1695
1606	1697
1606	1317
1606	1003
1606	1005
1606	5653
1606	5650
1606	4013
1607	6944
1607	993
1608	4377
1608	12000
1608	12001
1608	3219
1608	12150
1608	10175
1608	8090
1608	12828
1608	664
1608	8088
1608	706
1609	1027
1609	9525
1609	1961
1609	1642
1610	4669
1610	1159
1610	877
1611	6000
1611	1913
1611	1098
1611	2307
1611	933
1611	3159
1611	1861
1611	1994
1611	3154
1611	7191
1611	210
1612	6614
1612	9455
1612	5289
1612	756
1612	405
1612	2685
1613	11282
1613	1975
1613	3294
1613	5193
1613	7933
1613	10105
1613	9997
1613	1299
1613	2635
1613	8196
1613	6605
1613	5055
1613	1732
1613	9315
1613	2083
1613	10450
1613	7011
1614	10365
1614	7744
1614	3923
1614	12401
1614	7264
1614	3324
1614	3934
1614	11586
1614	11585
1614	5135
1614	2206
1614	8762
1614	6530
1614	10986
1614	2372
1614	11032
1614	5291
1614	4896
1614	4555
1614	4126
1614	7848
1614	5564
1614	1423
1615	6390
1615	8106
1615	1851
1615	7233
1615	2679
1615	2536
1615	7559
1615	2362
1615	2534
1615	9006
1615	1518
1615	861
1615	8623
1615	2556
1615	5396
1615	11098
1615	9354
1615	2154
1615	1892
1615	9094
1615	7451
1615	8388
1615	3847
1615	4380
1615	1765
1615	2082
1615	11291
1615	1554
1615	3799
1615	4822
1616	8557
1617	2380
1618	3537
1618	2022
1618	2736
1619	4728
1619	7204
1619	2974
1619	5397
1619	1007
1619	11637
1619	993
1619	994
1619	5745
1619	702
1619	506
1619	7939
1620	5088
1620	4637
1620	1090
1621	6932
1621	6520
1621	5959
1621	5443
1621	5042
1621	5408
1621	3982
1621	4928
1621	6558
1621	1911
1621	1909
1621	1910
1621	1902
1621	1906
1621	1904
1621	1907
1621	2740
1621	2505
1622	4513
1622	3119
1622	3275
1622	1188
1622	2719
1622	1205
1623	6959
1623	3375
1623	3979
1623	1609
1623	739
1623	234
1624	1512
1624	1682
1624	6257
1624	9512
1625	1049
1625	3842
1626	2566
1627	6882
1627	6025
1627	5036
1627	4513
1627	1079
1628	3973
1629	1372
1629	1370
1629	3006
1629	1386
1629	7753
1629	2170
1629	6821
1629	2719
1629	1093
1629	1181
1629	1089
1629	1006
1629	7707
1629	1182
1629	1083
1629	1184
1629	877
1629	1060
1629	1163
1629	293
1630	6024
1630	1914
1630	1911
1630	1902
1630	1912
1630	2569
1630	2171
1630	2105
1630	1192
1630	1191
1630	1185
1630	1189
1630	1090
1630	1088
1630	1087
1630	1093
1630	1091
1630	1080
1630	6195
1630	1184
1630	6823
1630	1006
1630	7707
1630	1205
1630	1187
1630	1183
1630	1083
1630	1244
1630	1078
1630	1020
1630	1004
1630	1326
1630	939
1630	1477
1631	4788
1631	2003
1632	5443
1632	3561
1632	10992
1632	4624
1632	10190
1632	11973
1632	5700
1632	11139
1632	2171
1632	2105
1632	1386
1632	2173
1632	2170
1632	7752
1632	6195
1632	1093
1632	1091
1632	1088
1632	1205
1632	1184
1632	1089
1632	7707
1632	925
1632	939
1632	940
1632	1097
1632	5650
1632	941
1632	938
1632	718
1632	470
1632	356
1632	2388
1632	244
1632	243
1632	242
1632	294
1632	257
1632	2389
1632	252
1632	245
1632	239
1632	6550
1632	247
1632	250
1632	211
1632	254
1632	464
1632	2387
1632	241
1632	240
1632	2386
1632	249
1633	7278
1633	5476
1634	3778
1634	1905
1634	1189
1634	1092
1634	1049
1634	1050
1635	5235
1635	4967
1635	6496
1635	7579
1635	6525
1635	7063
1635	9674
1635	1670
1635	6524
1635	9883
1636	1902
1636	1904
1636	2569
1636	1908
1636	1906
1636	1907
1636	1905
1636	12312
1636	3006
1636	7753
1636	2172
1636	7752
1636	1191
1636	1194
1636	1185
1636	2719
1636	1084
1636	2715
1636	6095
1636	1095
1636	1093
1636	1011
1636	1181
1636	1183
1636	6823
1636	7707
1636	1327
1636	4334
1636	941
1636	6818
1636	1278
1636	293
1636	593
1637	4790
1637	6017
1637	5377
1637	3777
1637	3576
1637	3154
1637	1910
1637	6626
1637	6095
1637	2714
1637	2713
1637	2608
1637	1186
1637	1181
1637	1080
1637	1094
1637	5652
1637	1113
1637	152
1637	256
1637	169
1637	156
1637	134
1637	298
1637	155
1637	133
1637	296
1638	6668
1638	5476
1638	4788
1638	4513
1638	3119
1638	2014
1638	2003
1638	3574
1638	7753
1638	6095
1638	1095
1638	1184
1638	1181
1638	1091
1638	2172
1638	1093
1638	834
1638	830
1638	827
1638	234
1638	235
1638	137
1639	1090
1639	1011
1639	1092
1639	1096
1639	1326
1639	1327
1640	1477
1640	877
1641	6655
1641	1090
1641	6831
1641	1183
1641	1182
1641	1184
1641	6829
1641	1021
1641	1004
1641	1020
1641	1202
1641	4013
1641	301
1641	297
1641	159
1641	158
1642	7755
1642	7753
1642	7752
1642	7751
1642	2717
1642	2173
1642	1008
1642	1188
1642	1081
1642	1094
1642	1186
1642	1084
1642	1187
1642	1184
1642	1011
1642	1181
1642	1189
1642	1452
1642	978
1642	238
1642	237
1643	5959
1643	5075
1643	7751
1644	7135
1644	6003
1644	5959
1644	5088
1644	4513
1644	10877
1644	4151
1644	4511
1644	2160
1644	1915
1644	1914
1644	1902
1644	9930
1644	1080
1644	1189
1644	1185
1644	1090
1644	2719
1644	1093
1644	1091
1644	2715
1644	1085
1644	6095
1644	1087
1644	1205
1644	1183
1644	1182
1644	1083
1644	1006
1644	1184
1644	1187
1644	1181
1644	1098
1644	1092
1644	1034
1644	7707
1644	5650
1645	1183
1645	6095
1645	1185
1645	1094
1645	1452
1645	1226
1645	1095
1645	1085
1645	1205
1645	1184
1645	1011
1645	1182
1646	6427
1646	1113
1646	2245
1646	3254
1647	4151
1647	2160
1647	2396
1648	9930
1648	2002
1648	2013
1648	941
1648	256
1648	293
1648	1278
1648	189
1649	5299
1649	4151
1649	10362
1649	4623
1649	9708
1649	2835
1649	2718
1649	2716
1649	4007
1649	10844
1649	10938
1649	4140
1649	2517
1649	1190
1649	1189
1649	1194
1649	1191
1649	1187
1649	4334
1649	831
1649	281
1649	150
1649	246
1649	248
1649	249
1650	7135
1650	6521
1650	4789
1650	1090
1651	8026
1651	4881
1651	4151
1651	4513
1651	3974
1651	2160
1651	1902
1651	1032
1651	1035
1651	6829
1651	478
1651	208
1651	157
1652	3466
1652	1093
1652	1185
1652	1088
1652	1181
1652	1183
1653	2751
1653	9930
1653	1910
1653	2011
1653	1905
1653	1210
1653	2981
1653	1095
1653	1090
1653	1088
1653	1091
1654	6341
1655	12089
1655	7619
1655	7770
1655	4449
1655	8943
1656	2003
1656	1049
1657	4788
1657	3665
1657	1181
1657	1193
1657	978
1657	1114
1658	4131
1658	1910
1658	2569
1658	7172
1658	2719
1658	1205
1658	1085
1658	1087
1658	1183
1658	1182
1658	1092
1658	1091
1658	1080
1658	1114
1659	6882
1659	2160
1659	1405
1659	1372
1659	1695
1659	978
1659	1078
1659	925
1659	6690
1659	1097
1660	11776
1660	2012
1660	1910
1660	2002
1660	1403
1660	1452
1660	1113
1660	2717
1660	1186
1660	1313
1660	6821
1660	6823
1660	6829
1660	1011
1660	1050
1660	1004
1660	1244
1660	1003
1660	1096
1660	233
1661	11817
1661	8028
1661	12301
1661	6310
1661	3017
1661	5887
1661	2105
1661	2171
1661	12766
1661	6047
1661	2307
1661	12292
1661	5650
1661	1327
1661	9363
1661	5651
1661	5308
1661	4062
1661	1681
1661	924
1661	5309
1661	397
1662	4414
1662	2566
1662	2713
1662	1372
1662	3992
1662	6832
1662	1032
1662	1244
1662	939
1662	2850
1662	1895
1662	937
1662	941
1662	211
1662	2388
1662	157
1662	156
1663	6655
1664	8087
1664	6667
1664	6427
1664	6341
1664	6431
1664	7857
1664	6429
1664	4790
1664	4637
1664	4979
1664	2696
1664	1909
1664	1908
1664	2012
1664	1904
1664	1905
1664	1385
1664	1191
1664	1085
1664	4997
1664	1033
1664	1034
1664	1092
1664	1007
1664	1098
1664	1244
1664	1078
1664	1006
1664	1003
1664	939
1664	940
1664	1050
1664	1049
1664	1477
1664	1163
1664	560
1664	156
1665	3329
1665	940
1665	1099
1666	4788
1666	4787
1666	4151
1666	2601
1666	2170
1666	2171
1666	2105
1666	7753
1666	1159
1666	2173
1666	6095
1666	1189
1666	1080
1666	2719
1666	1006
1666	1078
1666	1244
1666	1004
1666	1003
1666	939
1666	1021
1666	1477
1666	4546
1666	1619
1666	4334
1666	933
1666	461
1666	5078
1666	280
1666	245
1666	294
1666	244
1666	111
1667	4979
1667	4637
1667	4513
1667	3375
1667	1905
1667	2569
1667	2602
1667	3193
1667	1185
1667	1090
1667	6831
1667	1184
1667	1006
1667	1083
1667	1089
1667	6823
1667	1183
1667	1182
1667	1092
1667	1008
1667	939
1667	1004
1667	834
1667	1097
1668	4790
1668	3329
1668	2476
1668	2012
1668	2003
1668	2002
1668	1913
1668	1910
1668	1902
1668	2013
1668	1905
1668	2608
1668	1452
1668	1226
1668	1188
1668	1186
1668	2717
1668	1095
1668	1094
1668	1091
1668	1090
1668	1088
1668	1113
1668	1087
1668	1081
1668	1080
1668	1183
1668	6823
1668	1011
1668	1205
1668	1004
1668	939
1669	6429
1669	6001
1669	5476
1669	4915
1669	4513
1669	4669
1669	2621
1669	2066
1669	1088
1669	1090
1669	640
1669	582
1670	6001
1670	1937
1670	1907
1670	1908
1670	1905
1670	1904
1670	2715
1670	1185
1670	1188
1670	1034
1670	1007
1670	7753
1670	1080
1670	940
1670	5650
1670	4546
1671	2160
1671	3193
1671	7754
1671	2172
1671	2719
1671	1190
1671	1031
1671	1194
1671	1080
1671	1006
1671	1205
1671	1182
1671	939
1671	1477
1671	1097
1671	5653
1671	5650
1671	5651
1671	5652
1671	4546
1671	1327
1671	1326
1671	1628
1671	938
1671	937
1671	719
1671	2244
1671	610
1671	293
1671	212
1671	251
1671	176
1672	1404
1672	1098
1673	7583
1673	5042
1673	4859
1673	11744
1674	8804
1675	9027
1675	536
1675	5712
1675	3312
1676	3375
1676	8522
1677	12466
1677	2029
1677	1342
1677	12030
1677	12649
1677	1881
1677	2688
1677	8410
1677	3104
1677	692
1677	261
1677	264
1678	7015
1678	4527
1678	1486
1678	1528
1678	1731
1678	1783
1678	2090
1678	3067
1678	3082
1679	11408
1679	6167
1680	8942
1680	1345
1680	11962
1680	8830
1680	2650
1680	2554
1680	7009
1681	3660
1682	3994
1682	4280
1682	9800
1682	9799
1682	9822
1682	3010
1682	9823
1682	10362
1683	8052
1683	12282
1683	4732
1684	4829
1684	12485
1684	11155
1684	10822
1684	3890
1684	7474
1684	7438
1684	6256
1684	2240
1684	8831
1684	7250
1684	4694
1684	2157
1684	4750
1684	3330
1684	5700
1685	962
1685	1341
1685	8904
1685	2308
1685	2313
1685	4547
1685	11681
1685	7365
1685	7067
1685	9305
1685	7373
1685	2505
1685	6019
1686	7013
1686	9960
1686	10432
1686	4262
1686	8018
1686	11367
1686	11670
1686	3635
1686	3636
1686	4658
1686	4661
1686	6735
1686	5515
1686	3671
1687	2480
1687	10977
1687	5681
1687	5461
1687	12331
1687	10159
1688	8895
1689	8922
1689	6605
1689	10265
1689	7326
1689	1363
1689	3407
1689	8367
1690	1732
1690	1219
1690	1221
1690	1453
1690	1725
1690	2091
1690	2289
1691	1136
1691	1478
1691	1486
1691	1528
1692	916
1692	3874
1692	4459
1693	7720
1693	8037
1693	2563
1694	6958
1694	6023
1694	12669
1694	6278
1694	10389
1694	5182
1694	5529
1694	1385
1695	11900
1695	6843
1695	7165
1695	11855
1695	11954
1695	11581
1695	5299
1695	5042
1695	10672
1695	6655
1695	2566
1695	10094
1695	5507
1695	10890
1695	10836
1695	10834
1695	8231
1695	4848
1695	8190
1695	1009
1695	1114
1695	1994
1695	478
1695	2148
1695	210
1695	1008
1695	249
1695	235
1695	207
1695	134
1696	1132
1696	1157
1696	4229
1697	9423
1697	1436
1697	3108
1697	3320
1697	8978
1697	2090
1697	2755
1697	4069
1697	1013
1698	2236
1698	9533
1698	2914
1698	9827
1698	6061
1698	9796
1699	4750
1700	3492
1700	2597
1700	1343
1700	2672
1700	3204
1700	3493
1701	11530
1702	6151
1703	7410
1703	7580
1703	10738
1703	10983
1703	12659
1703	7668
1703	11233
1703	12671
1703	11717
1703	3728
1703	6613
1703	3808
1703	358
1703	2650
1704	1407
1704	1478
1704	10183
1704	493
1704	12261
1705	7191
1705	10508
1705	2491
1705	3757
1705	4186
1705	4476
1705	4487
1705	4496
1705	4686
1705	11691
1705	11876
1705	6931
1705	1298
1706	9015
1706	2632
1706	3312
1706	6237
1706	12183
1706	1517
1706	3387
1706	6581
1706	1674
1707	740
1707	1147
1707	1180
1707	8826
1707	9090
1707	1713
1707	1877
1707	1892
1707	9580
1707	6198
1707	7149
1707	7247
1707	7371
1707	7924
1708	3650
1708	11554
1708	2513
1708	1357
1708	412
1708	5455
1708	6052
1709	1486
1709	8784
1709	1478
1709	2404
1709	5376
1710	3369
1710	3663
1710	7223
1710	12025
1710	1214
1710	1720
1711	1501
1711	1611
1712	10381
1712	5854
1712	692
1713	5610
1713	4832
1713	5231
1713	6485
1713	1380
1713	4091
1713	1929
1713	4600
1713	4784
1713	4861
1713	5063
1713	5284
1713	5378
1713	945
1713	5636
1713	5718
1713	6326
1713	6543
1713	7119
1713	7539
1713	7616
1713	5572
1713	4049
1713	4040
1713	7993
1713	1672
1713	3946
1713	3944
1713	3786
1713	3684
1713	3584
1713	9092
1713	1832
1713	1975
1713	2090
1713	3996
1713	2513
1713	1773
1713	1774
1713	2767
1713	2774
1713	2775
1713	2910
1713	11182
1713	9126
1713	5978
1713	7720
1713	2776
1713	12248
1714	1762
1714	2590
1714	2829
1714	4294
1714	4498
1714	8460
1714	1019
1714	997
1715	10524
1715	6155
1715	3205
1715	6005
1716	2629
1716	8482
1717	8566
1718	8411
1718	2228
1718	6987
1718	8438
1718	1611
1718	2090
1719	580
1719	1016
1719	1470
1720	1859
1720	9202
1721	1877
1721	2491
1721	1138
1721	1139
1721	8966
1721	1501
1721	1528
1721	1614
1721	1734
1721	2091
1721	2629
1721	3067
1721	3928
1722	4060
1723	2420
1723	9158
1723	6254
1724	7712
1724	1475
1724	1478
1724	6410
1724	5646
1724	1838
1724	6605
1724	7715
1725	5288
1725	6815
1725	7689
1725	7720
1725	8037
1725	1289
1725	9837
1725	6065
1725	1778
1725	1771
1725	558
1725	619
1725	5289
1725	6588
1726	1972
1726	2179
1726	6482
1726	12627
1727	3785
1727	10247
1727	4784
1727	6129
1728	10581
1728	6400
1729	10814
1729	12696
1729	9858
1729	3768
1729	6641
1729	566
1729	997
1729	1197
1730	10810
1731	11479
1731	7841
1731	2553
1731	10040
1732	1812
1732	7753
1732	1084
1732	1085
1732	1088
1732	1090
1732	2312
1732	6823
1732	962
1732	1011
1732	1092
1732	1205
1733	1905
1733	7755
1734	3983
1734	2221
1734	2273
1734	7312
1734	6768
1735	5651
1735	5652
1736	2622
1736	2751
1736	3193
1736	1081
1736	3459
1736	1093
1736	1191
1736	1185
1736	2719
1736	1189
1736	1091
1736	1090
1736	1088
1736	1039
1736	1188
1736	1205
1736	1006
1736	1184
1736	1182
1736	1181
1736	1098
1736	1089
1736	1083
1737	12537
1737	11811
1737	3489
1737	1517
1738	9907
1739	4158
1739	3939
1739	2478
1740	6413
1740	4158
1740	8106
1741	3459
1742	7144
1742	4255
1742	2569
1742	6195
1742	7752
1742	7753
1742	7754
1742	1088
1742	1090
1742	1091
1742	1185
1743	6024
1743	6023
1743	11644
1743	6139
1743	11645
1743	6846
1743	2160
1743	1911
1743	2569
1743	3054
1743	1937
1743	2608
1743	1006
1743	2848
1743	1183
1743	1097
1743	1866
1743	827
1743	826
1744	1136
1744	8827
1744	3082
1744	630
1745	1136
1745	1486
1745	2363
1746	2323
1747	2668
1747	2927
1747	9719
1747	10785
1747	11023
1748	2043
1748	1289
1748	2559
1748	8707
1748	1146
1748	1614
1748	1154
1748	2023
1748	2090
1748	2276
1748	6484
1748	7009
1748	7784
1748	8426
1749	8934
1750	9932
1750	5596
1750	6204
1750	8126
1750	4403
1750	4779
1750	9398
1750	956
1750	903
1751	12791
1751	4397
1751	12026
1751	5972
1751	4035
1751	2990
1751	7212
1751	7544
1751	7813
1751	9386
1751	3662
1751	12433
1751	7457
1751	10908
1751	11271
1751	4583
1751	7132
1751	7661
1751	7133
1751	7769
1751	7671
1751	6335
1751	6570
1751	6553
1751	5158
1751	4261
1751	2736
1751	2485
1751	9465
1751	8179
1751	4294
1752	3584
1752	3465
1752	5036
1752	6230
1752	11117
1753	4174
1753	4359
1753	7723
1753	9249
1753	2138
1754	10990
1754	5483
1755	6960
1755	8231
1755	11985
1755	7156
1755	3322
1755	3583
1756	4590
1756	6591
1756	5185
1756	5417
1757	10352
1757	9721
1757	3067
1757	3146
1757	3928
1757	7092
1757	1783
1757	5284
1758	913
1758	2491
1758	8449
1759	8053
1759	2639
1759	5053
1759	11579
1759	2717
1759	10561
1759	7368
1760	6525
1760	8431
1760	3420
1760	11225
1760	7749
1760	1303
1760	359
1760	5573
1760	5751
1760	1371
1761	6341
1761	5443
1761	3779
1761	2622
1761	1903
1761	2160
1761	2569
1761	2601
1761	2602
1761	2105
1761	2171
1761	1032
1761	1050
1761	1388
1761	1039
1761	2850
1761	1097
1761	832
1761	933
1761	4767
1761	461
1761	826
1761	556
1761	2308
1761	1278
1762	7939
1762	7278
1762	6897
1762	6873
1762	6959
1762	6958
1762	6667
1762	6646
1762	6427
1762	6429
1762	4255
1762	3229
1762	3979
1762	7751
1762	1031
1762	1039
1762	6160
1762	2930
1762	538
1762	571
1762	309
1762	237
1763	1521
1763	3642
1763	3655
1763	3853
1763	3672
1763	10135
1763	1183
1763	228
1763	21
1763	23
1763	84
1764	2566
1764	1937
1764	2002
1764	1083
1764	1188
1764	1084
1764	1090
1764	1088
1764	834
1764	1327
1764	921
1764	1163
1764	280
1764	243
1764	2387
1764	294
1764	248
1764	158
1764	111
1764	378
1764	8243
1765	10666
1765	7618
1765	5434
1765	906
1765	2964
1765	6625
1765	12484
1765	1193
1765	4735
1765	11349
1765	8037
1765	8295
1765	8342
1766	8052
1766	8018
1766	7705
1766	7144
1766	7207
1766	6735
1766	6341
1766	6528
1766	6527
1766	6162
1766	1192
1766	7753
1766	1083
1766	1011
1766	1643
1767	8021
1767	8046
1767	7705
1767	7939
1767	7207
1767	6527
1767	6003
1767	5275
1767	4790
1767	4787
1767	4600
1767	11324
1767	10686
1767	1912
1767	1907
1767	2013
1767	1312
1767	3459
1767	1085
1767	1205
1767	1187
1767	978
1767	2173
1767	1477
1767	1628
1767	519
1767	1069
1767	248
1767	245
1767	210
1767	174
1767	284
1767	111
1768	7045
1768	12594
1768	2296
1769	3980
1769	2569
1769	2105
1769	1372
1769	1049
1769	877
1769	1326
1770	5042
1770	3988
1771	3529
1771	10651
1772	6873
1772	6429
1772	2569
1772	2848
1772	678
1773	2718
1773	7231
1773	678
1773	134
1773	256
1774	2569
1775	12560
1775	6961
1775	6896
1775	6341
1775	4513
1775	3364
1775	10255
1775	1194
1775	4849
1775	3513
1775	2735
1775	11234
1775	582
1775	6143
1776	6749
1776	4513
1776	3330
1776	2840
1776	4821
1776	3348
1776	2160
1776	2146
1776	2218
1776	11057
1776	2924
1776	1189
1776	1190
1776	6150
1776	1474
1776	1079
1776	6823
1776	907
1776	924
1776	4062
1776	5308
1776	1681
1776	3853
1776	546
1776	1895
1776	350
1776	339
1776	533
1776	227
1776	228
1776	626
1777	6780
1777	4637
1777	2719
1777	2713
1777	2715
1777	1190
1777	6831
1777	1035
1777	1034
1777	1033
1777	6829
1777	1477
1777	1327
1777	2990
1777	309
1777	216
1778	6001
1778	6000
1778	1902
1778	2013
1778	1905
1778	1315
1778	6195
1778	1089
1778	6690
1779	8018
1779	8175
1780	12692
1780	3955
1781	10238
1782	1914
1782	1695
1782	1159
1782	1211
1782	1098
1782	1190
1782	6823
1782	3450
1782	939
1782	5653
1782	1771
1782	308
1782	241
1782	2924
1782	253
1782	190
1782	151
1783	11832
1784	2434
1784	1722
1785	3129
1785	4213
1785	1498
1785	9021
1785	11957
1785	750
1785	8966
1785	1730
1785	9314
1785	2005
1786	10339
1786	3937
1787	3154
1788	2939
1788	1136
1788	2397
1788	3504
1788	4028
1788	8126
1789	12157
1790	4683
1790	10019
1790	4512
1790	11067
1790	5857
1791	1478
1791	2640
1791	2404
1792	12015
1792	6025
1792	5299
1792	3979
1792	3470
1792	7450
1792	1912
1792	10096
1792	6832
1792	1087
1792	11358
1792	5673
1793	1183
1794	5817
1795	11828
1796	8026
1796	6521
1796	6527
1796	6001
1796	5334
1796	3979
1796	3777
1796	828
1796	387
1797	2622
1798	7939
1798	7278
1798	6528
1798	6527
1798	6429
1798	6024
1798	6023
1798	4789
1798	4511
1798	4255
1798	3229
1798	2011
1798	2566
1798	3193
1798	1905
1798	1902
1798	2105
1798	2171
1798	1404
1798	8331
1798	344
1798	5067
1799	8255
1800	1051
1800	2491
1801	8037
1801	1411
1802	3384
1803	1825
1804	2038
1804	2491
1805	10090
1806	3428
1806	1731
1807	11250
1807	2429
1808	10889
1808	9968
1808	6385
1808	1797
1808	5316
1808	6574
1809	2772
1810	6026
1810	9132
1810	4346
1810	10781
1810	5087
1810	2785
1810	11815
1811	1372
1811	2170
1811	1182
1811	962
1811	1003
1811	7707
1811	1326
1811	921
1811	1325
1811	4767
1811	4018
1811	280
1811	249
1811	134
1811	152
1812	1906
1812	1911
1812	2465
1812	2494
1812	3125
1812	3962
1812	10458
1812	10845
1812	5118
1813	1051
1813	1593
1814	1797
1814	6487
1815	10848
1815	5910
1815	5053
1815	2117
1815	2513
1816	7933
1817	7936
1817	10695
1817	7092
1817	3927
1817	5842
1817	12517
1817	4164
1817	11814
1818	3420
1819	3345
1819	3385
1819	3205
1819	1877
1819	10720
1819	2344
1819	2689
1819	6174
1820	3897
1821	12153
1821	7952
1821	9976
1821	10606
1821	7955
1821	4327
1821	3046
1821	11870
1821	11723
1821	6089
1821	12559
1821	1530
1821	2494
1821	2483
1821	7868
1821	9775
1821	4074
1821	11521
1821	1277
1822	12354
1822	1905
1822	1697
1822	1695
1822	1244
1822	2311
1822	1243
1823	8833
1823	6667
1823	9019
1823	3613
1823	3208
1823	261
1823	865
1823	1105
1823	1337
1823	6180
1824	4867
1825	9872
1825	8716
1825	1474
1825	2186
1825	9910
1825	4459
1825	5928
1825	7055
1825	2328
1825	9629
1826	11076
1826	5396
1826	1245
1827	957
1828	1752
1829	7720
1830	2938
1830	3504
1830	10974
1830	2485
1830	5369
1830	755
1830	3994
1830	5924
1830	6331
1831	8030
1831	7156
1831	6868
1831	4190
1831	5379
1831	11321
1831	2428
1831	9973
1831	6713
1831	4526
1831	5589
1831	2240
1831	9281
1831	5837
1831	7999
1831	5073
1831	10711
1831	9596
1831	1348
1831	875
1832	8114
1832	8135
1832	7214
1832	12608
1832	7283
1832	8850
1832	1216
1832	8996
1832	12773
1832	1930
1832	3506
1832	10038
1832	7940
1832	4808
1832	1299
1832	1246
1832	7187
1833	4802
1833	11653
1833	9053
1833	3062
1834	2720
1834	1695
1834	1312
1835	4513
1835	1009
1835	560
1836	7891
1836	12671
1836	4269
1836	5373
1836	12613
1836	12681
1836	6155
1836	1077
1836	11907
1836	1189
1836	2574
1837	8180
1837	3734
1837	6227
1837	8106
1837	6098
1838	1634
1839	6393
1839	6845
1839	8638
1839	3306
1839	5108
1839	3747
1839	6412
1839	12054
1839	6974
1839	3096
1839	3112
1839	7720
1840	2690
1840	9101
1840	1937
1840	2445
1841	3307
1841	6970
1841	1641
1841	3112
1841	8195
1841	8030
1841	4955
1841	12772
1841	5070
1841	8918
1842	1401
1843	2619
1844	2491
1845	2340
1845	2966
1845	3682
1845	5509
1845	5562
1845	6133
1845	6780
1845	1072
1845	2933
1845	5949
1845	8540
1845	2772
1846	3958
1847	11964
1847	11949
1847	7911
1847	5757
1847	4976
1847	11143
1847	9056
1848	3186
1848	5561
1848	4967
1848	12587
1848	7942
1849	3140
1849	12613
1849	2553
1849	5590
1849	4442
1849	6277
1849	4763
1850	4770
1850	12816
1850	3846
1850	3319
1851	2227
1851	3903
1851	10395
1851	6028
1851	4255
1851	8037
1851	7720
1851	8468
1852	5580
1852	10844
1852	7876
1853	7724
1853	8024
1854	1428
1854	2274
1854	11161
1854	6151
1855	7955
1855	1829
1855	8942
1855	1825
1856	10355
1856	5284
1856	10655
1857	2649
1858	9450
1858	2439
1858	7712
1858	4743
1858	7156
1858	1679
1858	1017
1858	665
1858	1489
1858	1786
1859	1478
1860	2096
1860	9862
1860	4468
1860	615
1861	3280
1861	4213
1861	4474
1861	9344
1861	3056
1861	4186
1861	2096
1861	2397
1861	3067
1861	4471
1861	11188
1861	2651
1861	2491
1861	6635
1861	3520
1861	2468
1861	4185
1861	1825
1861	2872
1861	1517
1861	4475
1861	4364
1861	1276
1861	616
1861	617
1861	618
1861	615
1861	3121
1861	1218
1861	9140
1861	9197
1861	4476
1861	3624
1862	6832
1862	11324
1862	3991
1863	3520
1863	3628
1863	2559
1863	532
1864	4198
1864	2573
1865	12000
1865	3757
1865	4470
1865	10050
1865	7334
1865	2828
1865	2049
1865	3213
1865	5744
1865	10882
1865	9021
1865	6149
1865	6014
1865	3499
1865	10576
1865	7040
1865	10297
1865	7417
1865	2559
1865	12370
1865	2884
1865	9569
1865	8509
1865	993
1865	6007
1865	1062
1865	6925
1865	5024
1865	5778
1865	4469
1865	12046
1865	4468
1865	4481
1865	4485
1865	4056
1865	8857
1865	8262
1865	4486
1865	3652
1865	4362
1865	4533
1865	8271
1865	983
1865	4141
1866	10599
1866	2559
1866	2883
1866	4468
1866	1289
1866	3584
1866	4486
1866	721
1867	8586
1867	840
1868	5288
1868	2417
1868	3487
1868	3488
1868	3877
1868	7167
1868	8610
1868	840
1868	1877
1868	9964
1868	4370
1868	11162
1869	4152
1870	3746
1870	10191
1870	5117
1870	7021
1870	10229
1870	5778
1870	12207
1871	7054
1871	6086
1871	7999
1872	1019
1872	8466
1872	1063
1872	1508
1872	9094
1872	1774
1872	5564
1872	8269
1872	182
1872	389
1872	3453
1872	10590
1872	5338
1873	7137
1873	10716
1873	5391
1873	7028
1874	7895
1874	12056
1875	9187
1876	6911
1877	1486
1877	3316
1877	916
1877	3082
1877	2112
1878	6873
1878	4131
1878	2307
1878	1004
1878	1008
1878	1185
1878	1096
1878	239
1879	7247
1879	7155
1879	513
1879	7685
1879	898
1880	2266
1880	11785
1880	7885
1880	2019
1880	9914
1880	5289
1880	1306
1880	3736
1880	9220
1880	1963
1880	5912
1880	4053
1880	2267
1880	2679
1880	5094
1880	5284
1880	931
1880	11735
1880	6441
1880	6484
1880	7064
1880	5618
1880	4605
1880	3364
1880	3871
1880	3542
1880	2967
1880	2530
1880	1987
1880	9228
1880	1411
1880	1399
1880	1246
1880	983
1881	4511
1881	3665
1881	3271
1881	2065
1881	1473
1881	2713
1881	2310
1881	1905
1881	1005
1881	1011
1881	1050
1881	1477
1881	2848
1881	4334
1881	832
1881	204
1881	298
1882	8094
1882	6162
1882	6195
1883	6873
1883	6023
1883	5959
1883	5299
1883	5476
1883	4967
1883	3466
1883	7289
1883	7288
1883	2981
1883	3006
1883	7707
1883	344
1884	9106
1885	8817
1886	8856
1886	2324
1886	3195
1887	7891
1887	5150
1888	8895
1888	2420
1888	4471
1889	9946
1890	5318
1890	10639
1890	9955
1890	12509
1890	2816
1891	7663
1891	9534
1891	2606
1891	5751
1891	9535
1892	3710
1892	7999
1892	4228
1892	10767
1892	5449
1892	4534
1892	4203
1892	4202
1892	9025
1892	1573
1892	2474
1892	2423
1893	3919
1893	3399
1893	8779
1893	9944
1893	6090
1894	1486
1894	1500
1894	1528
1894	2397
1894	2468
1894	3696
1894	6637
1894	3697
1894	773
1894	2335
1894	1154
1895	4540
1895	4172
1896	11159
1896	3954
1896	4887
1896	12840
1897	3466
1897	1914
1897	1911
1897	3459
1898	3561
1899	7651
1899	7650
1900	3204
1900	12347
1900	6522
1900	4789
1900	4414
1900	2622
1900	2160
1900	2066
1900	1902
1900	1903
1900	1906
1900	1387
1900	3006
1900	2172
1900	5075
1900	1007
1900	2173
1900	2505
1900	1193
1900	1085
1900	1082
1900	1032
1900	1327
1900	561
1900	1044
1900	335
1900	210
1900	227
1900	1278
1901	2314
1901	1477
1902	2396
1902	1937
1902	1902
1902	2569
1902	7755
1902	1032
1902	1007
1902	1521
1902	937
1902	938
1902	941
1902	4767
1902	582
1902	152
1903	7135
1903	2569
1903	6821
1903	6161
1903	286
1904	6173
1904	4402
1904	3927
1904	5396
1904	10246
1904	1244
1904	1003
1904	1004
1904	5511
1904	3027
1904	3179
1904	991
1904	3220
1905	12665
1905	3375
1905	4669
1905	7751
1905	6195
1905	7752
1905	7754
1905	2172
1905	2173
1905	1093
1905	1189
1905	6095
1905	1185
1905	1194
1905	1192
1905	1191
1905	1188
1905	1080
1906	6707
1906	5564
1906	2160
1906	10559
1906	1210
1906	3459
1906	1477
1906	1628
1906	561
1906	9245
1906	241
1906	257
1906	176
1907	4511
1907	2355
1907	1244
1908	2569
1908	1098
1908	5204
1908	6832
1908	940
1909	2160
1909	2566
1909	1812
1909	2504
1910	3974
1910	2569
1911	6023
1911	5275
1911	12579
1911	2396
1911	1902
1911	2569
1911	1903
1911	1904
1911	1906
1911	1911
1911	1908
1912	5993
1912	8016
1912	6178
1912	6180
1912	1284
1913	1642
1913	2967
1913	3194
1913	11702
1913	2966
1914	2876
1914	11393
1914	4503
1915	3756
1915	11814
1915	11595
1916	918
1917	9519
1917	3378
1918	11614
1918	7444
1919	2620
1919	12319
1919	7368
1919	3458
1919	4483
1919	3674
1919	7492
1919	7142
1919	7103
1919	6530
1919	3029
1919	7444
1919	10550
1919	1881
1919	11337
1919	3724
1919	2199
1919	9673
1919	2746
1919	1497
1919	3928
1919	6180
1919	1046
1920	9144
1921	3922
1921	7437
1921	6648
1921	3558
1921	11863
1921	6641
1921	4370
1921	1931
1921	1416
1921	9946
1921	5387
1921	2674
1921	11421
1921	1365
1921	5019
1921	5572
1921	2772
1921	3589
1921	9252
1922	3208
1923	817
1923	1000
1923	1136
1923	8897
1923	2124
1924	11141
1925	1236
1925	1149
1925	4158
1925	7612
1925	7770
1925	7862
1925	1452
1925	8372
1925	9208
1925	9679
1925	3963
1926	7848
1927	4040
1927	4973
1928	4450
1928	3315
1928	5221
1928	5288
1928	2271
1928	1397
1928	3935
1929	6868
1929	9556
1930	4365
1930	7853
1930	6192
1930	5283
1930	2296
1930	2696
1930	10315
1930	6172
1931	10187
1931	5898
1931	10791
1931	5284
1931	5456
1931	6180
1931	3155
1931	552
1931	3047
1931	3862
1932	1617
1932	8097
1932	2960
1932	6442
1933	10620
1933	12576
1933	9074
1933	1150
1933	4949
1933	5077
1933	6968
1934	5676
1935	4511
1935	2958
1935	8511
1935	8563
1935	1154
1935	1189
1935	2954
1935	10067
1935	4610
1935	7155
1936	2209
1936	6605
1936	7715
1936	1786
1936	1486
1936	1722
1936	6500
1936	6591
1937	10284
1937	5037
1937	559
1937	10524
1937	10896
1938	8416
1938	6246
1938	11133
1938	4852
1938	4257
1938	3814
1938	10326
1938	9241
1938	1194
1938	3750
1938	3930
1938	7262
1938	6593
1938	7169
1938	12749
1938	3072
1938	2924
1938	9725
1939	7368
1939	4461
1940	9232
1941	2229
1942	1809
1942	2378
1943	1310
1943	965
1944	2357
1944	394
1945	9641
1945	4825
1945	9498
1945	3749
1946	4833
1946	716
1946	1783
1946	3404
1946	4122
1946	5563
1946	6564
1946	1154
1947	10188
1947	4149
1947	4255
1947	5446
1947	5712
1947	6898
1947	7583
1947	7538
1948	6180
1948	7519
1948	10713
1948	7126
1949	1636
1949	1679
1950	10508
1951	12429
1951	7871
1951	12704
1951	12259
1951	11326
1951	11491
1951	11068
1951	11069
1951	5384
1951	5385
1951	5011
1951	5896
1951	10735
1951	4769
1951	4767
1951	5479
1951	4932
1951	12525
1951	11026
1951	11031
1951	2508
1951	10329
1951	10323
1951	5798
1951	5402
1951	4257
1951	7302
1951	2460
1951	10789
1951	10328
1951	2507
1951	3834
1951	4023
1951	1844
1951	11055
1951	5404
1951	12132
1951	10206
1951	10839
1951	5626
1951	10580
1951	2933
1951	10536
1951	9095
1951	1153
1951	965
1951	861
1951	3436
1951	1598
1952	3145
1952	1669
1953	9881
1953	11912
1953	9612
1953	1466
1953	3426
1954	2420
1955	11457
1955	10638
1955	2361
1956	3493
1956	5508
1956	1216
1957	2012
1957	2010
1957	2569
1958	4442
1958	4852
1958	2639
1958	3714
1958	1915
1958	6831
1958	11990
1958	3716
1958	12536
1958	12372
1958	6763
1958	5828
1958	7987
1958	11971
1958	4645
1958	5467
1958	2623
1959	4149
1959	3935
1959	4626
1959	10879
1959	10224
1959	877
1959	8654
1959	1371
1959	9381
1959	2293
1959	2311
1959	3355
1960	3728
1961	1903
1961	2601
1962	12298
1962	5320
1962	3777
1962	7368
1962	4255
1962	2751
1962	2160
1962	1937
1962	1909
1962	2569
1962	4380
1962	2170
1962	1315
1962	1035
1962	1082
1962	1080
1962	2715
1962	1190
1962	2719
1962	1034
1962	1032
1962	898
1962	718
1962	1195
1963	6961
1963	6896
1963	6897
1963	6959
1963	6735
1963	6520
1963	6594
1963	6431
1963	12267
1963	6851
1963	4513
1963	4611
1963	5972
1963	3275
1963	4511
1963	10943
1963	10944
1963	2716
1963	2751
1963	11174
1963	3050
1963	6191
1963	1387
1963	5971
1963	3006
1963	1575
1963	3459
1963	1079
1963	1035
1963	1039
1963	1006
1963	832
1963	256
1964	4790
1964	2160
1964	1902
1964	2003
1964	1099
1964	1007
1964	1009
1965	4915
1965	2002
1966	2975
1966	3682
1967	6701
1967	4697
1967	2933
1968	2152
1969	1175
1969	2559
1969	1291
1970	7619
1970	7847
1970	6686
1970	7598
1971	8468
1971	1930
1971	8365
1971	5393
1971	1222
1971	7167
1971	2776
1972	9069
1972	9421
1972	4064
1973	2717
1973	2696
1974	4059
1974	9148
1975	5056
1975	9835
1976	5511
1977	11993
1977	12254
1977	7277
1977	7219
1977	2805
1977	3939
1978	11533
1978	12519
1978	10973
1978	11348
1979	8065
1979	6288
1979	1456
1979	2268
1979	4051
1979	7155
1979	4820
1979	5289
1979	9180
1979	2272
1979	5712
1979	4091
1979	4040
1979	5031
1979	5426
1980	3530
1980	4912
1980	3800
1981	3375
1981	6162
1981	3779
1981	2718
1981	3275
1981	1908
1981	1911
1981	2066
1981	2010
1981	1080
1981	1032
1981	1050
1981	1163
1981	1324
1981	308
1981	139
1981	132
1982	9039
1982	7277
1982	12640
1982	6218
1982	3979
1982	1912
1982	2569
1982	11501
1982	1695
1982	1371
1982	7753
1982	6825
1982	1079
1983	2538
1984	1902
1984	1388
1984	7753
1984	1212
1984	2717
1984	2309
1984	1097
1984	582
1984	831
1984	158
1984	59
1985	1993
1986	5288
1986	3362
1986	3777
1986	10984
1986	10316
1986	7442
1986	10989
1986	1912
1986	6849
1987	7441
1987	5689
1988	8201
1989	4214
1989	12088
1989	2755
1989	4473
1989	4485
1989	10601
1989	6484
1989	11821
1989	1290
1989	4174
1990	2118
1990	2787
1990	7203
1990	5153
1990	10955
1990	10616
1990	4793
1990	4830
1990	12760
1990	5759
1990	10950
1990	2659
1990	7690
1990	6800
1990	6228
1990	5148
1990	4436
1990	11097
1990	3326
1990	12456
1990	1841
1990	7696
1990	7910
1990	12757
1990	12644
1990	11718
1990	12516
1990	10287
1990	3385
1990	11939
1990	10897
1990	4493
1990	3345
1990	11092
1990	7182
1991	8355
1991	9179
1991	1297
1991	10634
1991	6016
1992	7900
1993	6129
1993	2975
1993	2980
1993	6133
1993	6249
1993	781
1993	5510
1993	3487
1993	3488
1993	871
1993	5951
1994	3868
1994	1479
1995	4731
1995	5272
1995	7474
1996	9352
1996	192
1997	2839
1997	5610
1997	5515
1997	6932
1997	4255
1997	9527
1997	9769
1997	3209
1997	10401
1997	12377
1997	3488
1997	6083
1997	2125
1997	1413
1997	1154
1997	1004
1997	709
1997	2488
1997	4037
1998	2513
1998	5819
1998	4293
1999	6581
1999	2756
1999	6086
1999	6635
1999	7320
1999	12656
1999	3046
1999	10894
1999	1460
2000	5923
2000	5473
2000	4072
2000	5433
2000	8054
2000	2451
2000	11364
2000	5072
2000	4392
2000	6271
2000	7432
2000	5070
2000	5067
2000	4240
2000	5071
2000	3138
2000	7769
2000	2230
2000	9400
2000	2229
2000	1566
2000	3139
2000	12622
2000	11926
2000	12819
2000	3955
2000	10377
2000	6824
2000	3396
2000	6821
2000	795
2000	5396
2000	7395
2000	6708
2000	8594
2000	8075
2000	7961
2000	7283
2000	2281
2000	2556
2001	10528
2001	6017
2001	6018
2001	7126
2001	7871
2002	396
2002	1357
2002	2681
2002	7631
2003	1249
2004	4807
2004	8399
2004	514
2004	8687
2005	5004
2006	7247
2007	4544
2007	7278
2007	6688
2007	8941
2007	10646
2007	1932
2008	2628
2009	4537
2010	1522
2011	11012
2011	11490
2011	7993
2011	7999
2011	9085
2012	4426
2012	4145
2012	5065
2012	1488
2012	959
2013	4493
2014	8712
2014	3685
2014	5158
2014	7630
2015	7598
2015	5895
2015	7382
2015	4728
2015	5464
2015	12112
2015	4669
2015	4649
2015	4387
2015	3994
2015	10217
2015	3537
2015	3103
2015	7422
2015	2206
2015	12389
2015	7769
2015	8005
2015	3504
2015	6004
2015	7500
2015	6375
2015	6467
2015	8091
2015	4973
2015	8046
2015	2967
2015	2776
2015	2126
2015	9294
2015	5683
2015	1283
2015	9024
2016	4790
2016	1915
2016	2566
2016	1312
2016	1486
2016	1009
2016	1034
2016	1008
2016	2504
2016	1205
2016	1244
2016	925
2016	7247
2016	10468
2016	1628
2016	2930
2016	478
2016	546
2016	461
2016	3465
2016	722
2016	2387
2016	630
2016	480
2016	127
2016	3856
2016	138
2017	3333
2017	11709
2017	3215
2017	7175
2017	12205
2017	11782
2017	6174
2017	7176
2017	8398
2017	8528
2017	10179
2018	6866
2018	6865
2018	12653
2018	5565
2018	6367
2018	5604
2018	10558
2018	10342
2018	11475
2018	11170
2018	5589
2018	8037
2018	3527
2018	11816
2018	1243
2019	10727
2019	7723
2019	3540
2020	3613
2020	5547
2020	7118
2020	4262
2021	1958
2021	6293
2021	2640
2021	10342
2021	7813
2022	9255
2023	7581
2024	9396
2024	1029
2024	7297
2025	6546
2025	9858
2025	9990
2025	3320
2025	2640
2025	9236
2025	1139
2026	12156
2026	2933
2026	7954
2026	8211
2026	6086
2026	7868
2026	4327
2026	3962
2026	1815
2026	4109
2026	2705
2026	2703
2027	3550
2027	1857
2027	4357
2027	6585
2027	6131
2028	10293
2028	1337
2028	4627
2028	11311
2028	4251
2029	10287
2029	3612
2029	3141
2029	10987
2029	5854
2029	5987
2029	6530
2030	6023
2030	5299
2030	4511
2030	3973
2030	3470
2030	6655
2030	1912
2030	2396
2030	2569
2030	1312
2030	1316
2030	6900
2030	10060
2030	240
2030	255
2030	2924
2031	4072
2032	825
2032	8893
2032	10915
2032	915
2032	1483
2033	9655
2033	5732
2033	2640
2034	4161
2034	2268
2034	2430
2034	313
2034	2859
2034	8932
2034	1988
2034	5106
2034	11858
2034	657
2034	8879
2034	167
2034	8111
2034	3067
2034	1500
2034	1568
2034	1614
2034	1165
2034	9361
2034	1136
2034	2091
2034	6447
2034	1337
2034	51
2034	52
2034	1166
2034	50
2034	48
2034	1713
2034	4985
2034	1130
2035	8095
2035	10971
2035	4034
2035	9452
2035	4149
2035	4865
2035	8579
2035	6305
2035	5316
2035	8732
2035	12419
2035	10635
2035	6064
2036	2653
2036	5793
2036	1464
2036	2559
2036	1958
2036	9862
2036	9528
2036	704
2036	9532
2036	7501
2036	2091
2036	2582
2037	4286
2037	10478
2038	5749
2038	12161
2038	7350
2039	3056
2039	2445
2040	6129
2040	11109
2040	7319
2040	2854
2040	12410
2041	7106
2041	4743
2041	4817
2041	3029
2041	3082
2041	3928
2042	1498
2043	8598
2044	5278
2044	4789
2044	1914
2044	1087
2044	1186
2044	1049
2044	1083
2044	826
2045	5793
2046	7158
2046	1398
2046	1079
2046	9028
2046	240
2047	5064
2047	2578
2047	2857
2047	3592
2047	1757
2047	2513
2047	11143
2048	12134
2048	11928
2048	6159
2048	12571
2048	6270
2048	10287
2048	10455
2048	6735
2048	5288
2048	899
2048	1598
2048	1797
2049	2397
2050	9026
2050	11614
2050	6630
2050	6881
2050	2124
2050	11990
2051	9385
2051	11232
2051	3320
2051	4708
2051	9187
2051	1875
2051	3209
2052	2141
2052	2136
2052	11134
2053	5042
2053	4151
2053	3979
2053	2160
2053	827
2053	284
2053	111
2054	2112
2054	2383
2054	909
2055	3786
2055	5503
2056	12833
2056	10657
2056	4627
2056	4293
2056	1769
2056	12338
2056	6461
2056	9420
2056	6474
2056	6572
2056	3548
2056	6799
2056	3113
2056	3091
2056	4213
2056	3314
2056	9409
2056	3129
2056	4844
2056	3390
2056	2156
2056	2740
2056	3935
2056	11611
2056	10384
2056	6495
2056	6925
2056	6924
2056	7679
2056	7999
2056	12732
2056	6917
2056	6152
2056	7101
2056	11285
2056	8679
2056	9460
2056	8791
2056	9188
2056	5686
2056	2696
2056	10028
2056	4267
2056	10144
2056	10233
2056	4843
2056	3612
2056	2352
2056	1157
2056	1156
2056	7117
2056	8104
2056	2640
2057	5785
2057	4093
2057	5536
2057	6530
2057	2545
2057	4034
2057	8714
2057	9724
2057	6304
2058	3808
2058	11135
2058	5928
2058	9628
2058	2397
2058	2491
2058	6500
2058	6591
2058	9243
2058	4152
2058	4311
2059	1713
2059	3067
2059	3082
2059	1528
2059	9710
2059	5033
2060	1483
2060	2370
2060	2514
2060	2629
2060	3243
2060	4069
2060	7316
2060	2553
2060	9831
2061	7243
2061	5520
2061	1486
2062	3398
2062	10752
2063	2707
2063	8915
2063	3709
2064	2335
2064	12161
2064	6829
2064	7149
2064	7444
2064	7814
2065	6671
2066	1356
2066	1783
2066	1785
2066	9243
2066	2113
2066	2288
2066	10143
2066	3684
2066	5578
2066	6564
2066	7519
2067	1881
2067	8537
2067	1556
2067	9168
2068	1971
2068	2420
2068	6389
2068	8383
2068	2398
2068	6638
2068	1167
2068	1478
2069	1423
2069	1783
2070	9894
2070	2942
2070	1276
2070	3584
2070	2090
2070	2491
2071	7055
2071	2845
2071	2997
2071	1667
2071	9576
2072	9063
2073	3058
2073	10347
2073	10358
2073	6475
2073	6489
2073	3611
2073	5237
2073	1363
2074	9334
2074	9335
2074	9336
2074	945
2074	8710
2074	4511
2074	8453
2075	12233
2075	5578
2075	2961
2075	11000
2075	1339
2075	9345
2075	2404
2075	1359
2075	4955
2076	2360
2076	3188
2076	9047
2077	1623
2077	9263
2078	1722
2078	4362
2078	4476
2078	615
2078	9140
2078	1883
2078	2578
2078	3627
2078	3757
2078	4186
2078	4214
2078	4470
2078	4473
2079	3135
2079	5249
2079	1987
2080	893
2080	2091
2080	2755
2080	8404
2080	8297
2080	651
2080	1028
2081	3067
2082	1885
2082	2090
2082	916
2082	1732
2083	1358
2083	1416
2083	1872
2084	9391
2085	11638
2085	9365
2085	7798
2085	844
2085	2932
2085	3025
2085	5949
2085	6778
2085	1850
2086	9355
2086	3370
2086	4224
2087	7999
2087	3487
2087	3486
2087	4437
2087	3489
2087	3493
2087	2935
2087	10439
2087	10440
2087	3488
2087	4138
2087	4141
2087	4255
2087	9928
2087	5030
2087	2776
2088	1611
2088	2586
2089	11049
2089	11050
2089	4372
2089	10804
2090	2193
2091	9459
2092	8052
2092	8018
2092	7705
2092	7476
2092	6873
2092	4504
2092	1190
2092	2717
2092	722
2092	546
2092	4663
2092	3450
2092	6737
2093	10461
2093	6320
2094	3979
2094	7721
2094	2924
2094	10989
2094	11638
2094	1687
2094	6341
2094	4794
2094	6719
2094	4747
2094	877
2094	10889
2094	561
2094	1696
2094	7589
2095	4856
2095	9354
2095	9465
2095	2393
2095	11568
2095	11605
2095	6270
2095	11760
2095	11857
2095	6707
2095	6771
2095	7312
2095	7452
2096	8686
2097	8789
2097	9467
2097	7319
2098	3082
2098	2668
2098	2662
2098	7009
2098	2991
2098	1267
2098	1276
2098	2491
2098	665
2098	1345
2098	1017
2098	1617
2098	3928
2098	2349
2098	2652
2098	1165
2098	869
2098	854
2099	2480
2099	7335
2100	2140
2100	12427
2100	3390
2101	4365
2101	12105
2101	6974
2101	7294
2101	11215
2101	11966
2101	6517
2101	6396
2101	10906
2101	6278
2101	11574
2101	7583
2101	7800
2101	7773
2101	12698
2101	7689
2101	4149
2101	4876
2101	11130
2101	10219
2101	9069
2101	2581
2101	7357
2101	1597
2101	1599
2101	1596
2101	3672
2101	3642
2101	802
2101	924
2101	4062
2101	8911
2101	774
2101	181
2101	110
2102	2718
2102	3275
2102	3576
2103	2514
2103	6635
2103	1478
2103	8990
2103	2489
2103	2491
2103	2498
2103	2651
2104	1416
2104	9156
2104	1604
2105	6558
2105	9694
2105	10542
2105	4571
2105	12591
2105	7514
2105	3511
2105	3512
2105	6389
2105	6242
2105	7577
2105	4684
2105	4682
2105	1786
2105	10677
2105	7639
2105	10674
2105	2812
2105	7321
2106	2605
2106	9652
2106	1265
2106	1277
2106	1332
2106	10763
2106	11223
2107	1838
2107	4185
2108	11372
2108	11514
2108	7140
2108	10016
2108	3767
2109	7158
2110	8074
2110	10001
2111	726
2111	8804
2111	1172
2111	1986
2111	6603
2111	9059
2111	2397
2111	2491
2111	4930
2112	9505
2112	797
2113	12072
2113	7868
2113	4587
2113	5161
2113	2839
2113	1587
2113	9351
2113	4754
2114	10753
2114	12053
2115	1299
2115	3877
2116	10077
2116	8331
2116	11295
2116	1663
2116	9276
2116	5538
2116	10726
2116	11603
2116	1398
2117	11986
2117	7471
2117	5275
2117	7778
2117	11130
2117	4915
2117	4881
2117	7155
2117	5289
2117	7755
2117	11837
2117	1371
2117	1398
2117	2848
2117	1619
2117	5597
2117	243
2117	242
2118	5714
2118	9415
2118	9533
2119	8629
2119	8956
2119	9657
2120	2491
2120	5244
2120	1136
2121	4059
2122	6278
2122	8416
2122	6204
2123	7720
2123	4910
2124	4979
2124	2011
2124	1913
2124	1910
2124	2002
2124	1906
2124	3891
2124	3324
2124	1185
2124	6829
2124	1193
2124	1186
2124	2719
2124	3642
2124	1244
2124	1477
2124	5651
2124	1326
2124	5652
2124	546
2124	1447
2124	195
2124	323
2124	250
2124	247
2124	241
2124	254
2124	244
2124	242
2124	403
2124	402
2124	399
2124	168
2124	452
2124	137
2124	253
2124	133
2124	331
2124	330
2125	9086
2125	6051
2125	6151
2125	4183
2125	8179
2126	3160
2127	10122
2127	8833
2127	10123
2127	2708
2127	9764
2127	4822
2127	5134
2127	227
2128	1700
2128	2323
2128	3689
2128	6133
2128	9472
2129	4474
2129	3503
2129	4484
2129	3520
2129	4485
2129	10051
2130	3558
2130	12821
2130	6736
2131	12377
2131	11310
2131	5994
2131	5595
2131	11872
2131	5853
2131	11442
2131	6604
2131	6466
2131	10441
2131	2556
2131	5157
2131	10487
2131	3394
2131	6838
2131	1810
2131	1813
2131	10302
2131	9487
2131	4941
2131	6270
2131	2544
2131	1809
2131	3314
2131	3319
2131	10138
2131	3095
2131	7600
2131	12601
2131	8113
2132	10714
2132	10765
2132	11284
2132	5806
2132	11404
2132	11508
2133	4716
2133	1401
2134	3932
2134	5213
2134	11364
2134	3346
2134	11593
2134	5479
2134	6236
2134	9924
2135	5150
2135	5604
2135	12754
2135	11268
2135	6611
2136	10914
2137	4064
2137	12380
2137	409
2137	3673
2138	3537
2138	7519
2138	4567
2138	11130
2138	4370
2138	2975
2138	7776
2138	7299
2138	6522
2138	6129
2138	5087
2138	10418
2138	5700
2138	8053
2138	6440
2138	5255
2138	10143
2138	7993
2138	6573
2139	4686
2139	12098
2139	3208
2140	3091
2140	3214
2141	8481
2142	9165
2142	7279
2142	12541
2142	4111
2143	3629
2143	5238
2143	5921
2143	12826
2143	10618
2143	10316
2143	5785
2144	5284
2144	7013
2144	1356
2144	1357
2144	1508
2144	2276
2144	9829
2144	1478
2145	10423
2145	6016
2145	7272
2145	8616
2145	2021
2145	850
2145	3850
2145	2276
2145	1508
2145	8395
2145	1576
2145	909
2146	9109
2147	5436
2148	12784
2149	9132
2150	1913
2151	12737
2151	11673
2151	7247
2152	5393
2152	5572
2153	8314
2153	8396
2153	526
2154	2558
2154	3677
2154	4549
2154	4741
2155	2113
2155	2398
2155	3082
2155	3584
2155	1783
2155	2090
2156	8698
2156	12114
2157	10676
2157	3662
2157	3145
2158	1704
2159	2756
2160	11851
2160	8133
2160	4116
2160	8190
2160	4820
2160	11850
2160	1862
2160	6162
2160	10874
2161	2724
2161	3606
2161	4252
2161	4844
2161	4228
2161	8822
2161	2273
2161	2797
2161	7656
2161	1159
2162	10307
2163	6932
2163	8037
2164	5567
2164	3878
2164	11598
2164	3361
2164	12300
2164	8104
2164	5793
2164	11251
2164	2593
2164	11461
2164	12067
2165	8932
2165	4816
2165	8147
2165	10418
2165	4795
2166	376
2166	1438
2166	1519
2166	11622
2166	4716
2167	1611
2168	12142
2168	2196
2168	11729
2168	4840
2168	10730
2168	8841
2168	4520
2168	4182
2168	9877
2168	3786
2168	4627
2168	7870
2168	2488
2168	1270
2168	2402
2168	8431
2168	6660
2168	214
2168	1083
2169	4111
2169	4140
2169	2420
2169	4741
2170	1785
2170	632
2170	911
2170	913
2170	914
2170	1460
2170	9922
2170	3623
2170	1289
2171	4073
2171	10830
2171	2188
2171	2274
2171	4747
2171	1371
2171	7085
2171	8216
2172	5465
2172	4820
2172	7723
2172	12601
2172	1641
2172	2211
2172	4158
2172	7580
2172	4174
2173	3689
2174	12102
2174	12527
2174	12110
2174	7664
2174	11492
2175	6961
2175	6341
2175	6428
2175	5275
2175	5700
2175	3271
2175	2639
2175	1771
2175	1697
2175	6686
2175	2716
2175	1183
2175	1244
2175	1326
2175	1327
2175	560
2175	397
2175	343
2176	5854
2176	2498
2176	1573
2176	2772
2176	4203
2176	3493
2176	9665
2177	9947
2178	1581
2178	564
2178	8962
2178	9187
2178	2181
2178	9483
2178	2737
2179	9630
2180	3196
2180	12771
2180	3877
2180	7723
2180	10447
2181	1887
2181	6924
2181	1931
2182	1620
2182	7770
2182	1930
2182	2021
2182	8748
2183	4449
2183	4624
2183	6262
2183	10301
2183	8459
2183	9051
2183	3390
2183	3935
2183	6128
2183	12656
2183	2132
2183	2740
2184	12304
2184	2677
2184	5887
2184	5294
2185	6927
2185	1732
2185	6918
2185	3024
2185	1144
2186	8018
2186	6748
2186	5889
2186	4554
2186	6351
2186	12521
2186	2981
2186	3006
2186	4425
2186	10685
2186	7192
2186	715
2186	538
2186	1005
2186	11999
2186	1514
2186	10202
2186	3490
2186	7770
2187	9054
2187	8984
2187	2798
2187	5664
2187	11454
2187	12307
2187	10724
2187	6004
2187	7630
2187	8848
2187	1583
2188	5106
2188	9741
2188	5679
2188	5812
2188	11367
2188	5859
2188	12546
2189	8157
2189	11715
2189	4144
2189	5872
2189	6800
2189	12760
2190	4512
2191	5018
2191	5395
2191	5564
2191	9898
2191	10251
2191	4820
2191	6287
2191	10896
2191	1411
2191	3367
2192	7611
2192	7616
2192	5761
2192	3421
2192	1663
2192	8747
2192	8356
2193	1423
2193	9230
2193	923
2194	12051
2194	7078
2194	7661
2194	5267
2195	4723
2196	2935
2196	12421
2196	1627
2197	10084
2197	7328
2197	5519
2197	6228
2197	3733
2197	5148
2197	10769
2197	6227
2197	10653
2197	4519
2197	12423
2197	6229
2197	3112
2197	2293
2197	11498
2197	9315
2197	7105
2197	6342
2197	2148
2197	3285
2197	9292
2197	2747
2197	2933
2197	5521
2198	3058
2198	3350
2198	10889
2198	5684
2199	11346
2199	10783
2199	11458
2199	7197
2199	4046
2199	6549
2199	10793
2200	5914
2201	891
2201	3815
2201	5070
2201	6689
2201	6713
2201	3139
2202	11611
2202	3343
2202	5533
2202	9655
2202	9812
2203	10116
2203	1892
2203	10122
2203	5572
2203	5854
2203	7013
2203	1883
2203	4493
2203	4953
2203	3208
2203	3060
2203	10285
2204	4051
2204	5684
2204	4190
2204	4257
2204	4022
2204	9735
2204	9929
2204	6909
2204	9563
2204	4770
2204	7894
2204	6917
2204	3486
2204	5306
2204	4045
2204	3682
2204	5712
2204	8030
2204	6355
2204	6850
2204	7693
2204	5562
2204	12245
2204	5066
2204	12642
2204	10604
2204	5106
2204	5557
2204	4144
2204	3059
2204	7853
2204	7533
2204	2767
2204	9916
2204	12751
2204	5814
2204	12175
2204	9332
2205	10420
2205	9600
2206	8059
2207	6451
2208	7492
2208	1989
2208	8147
2208	9179
2208	10617
2208	3050
2209	7085
2209	7452
2209	8959
2210	12746
2211	1736
2212	11771
2212	11893
2212	6131
2212	1395
2212	11362
2212	8927
2213	6465
2213	405
2214	7250
2214	6007
2214	6223
2214	10858
2214	683
2215	5302
2216	4708
2216	10544
2217	6104
2218	11631
2218	9235
2218	5134
2218	2894
2218	4713
2218	3485
2218	4081
2218	4182
2218	4102
2218	6004
2218	7519
2218	3458
2218	2498
2218	1803
2218	7119
2218	10640
2218	5562
2218	5732
2219	2374
2219	3270
2220	8216
2220	6896
2220	6897
2220	6427
2220	6341
2220	6431
2220	8026
2220	6003
2220	5275
2220	5036
2220	3561
2220	2160
2220	2566
2220	4845
2220	1388
2220	1082
2220	1035
2220	939
2220	5653
2220	5651
2220	1327
2220	1326
2220	4546
2221	2048
2221	5406
2221	5939
2222	8422
2222	12160
2222	9466
2223	8037
2223	8173
2224	4962
2225	409
2225	3847
2225	10345
2225	4119
2226	12146
2226	5394
2227	8571
2227	1662
2227	11198
2227	776
2228	5212
2228	1479
2228	2397
2228	5294
2229	4534
2229	10142
2229	4087
2229	7588
2229	1411
2229	9832
2229	5511
2229	6389
2230	5660
2230	7806
2231	8089
2231	2209
2231	10435
2231	3120
2231	10229
2231	5535
2231	4620
2232	1880
2232	2363
2232	9477
2232	2573
2232	3081
2232	6517
2232	4365
2232	546
2233	12224
2233	10215
2233	12190
2233	9289
2233	2009
2233	4429
2233	11455
2233	6045
2234	8871
2234	2043
2234	2559
2234	2871
2234	3757
2234	4186
2235	12674
2235	11755
2235	7294
2235	6542
2235	7766
2236	12123
2236	2566
2236	6655
2236	1914
2236	2569
2236	1697
2236	1091
2236	2312
2236	877
2236	940
2236	1098
2236	686
2237	6523
2237	12121
2237	7299
2237	10519
2237	11060
2237	1211
2237	5075
2237	1006
2237	2313
2237	6690
2237	1425
2237	4878
2237	10490
2237	228
2237	343
2237	125
2237	326
2237	447
2237	499
2238	2566
2238	1915
2238	1908
2238	1905
2238	2172
2238	2719
2238	6825
2238	6821
2239	7689
2239	6187
2239	10893
2239	6085
2239	6086
2239	12003
2239	2268
2239	9463
2239	7616
2239	11758
2239	1654
2239	9515
2239	2063
2239	9973
2239	3935
2239	4056
2239	4457
2239	8451
2239	4040
2239	2273
2239	1398
2240	8018
2240	6959
2240	3387
2240	2718
2240	2796
2240	1695
2240	1302
2240	6095
2240	1326
2240	898
2241	7743
2241	1905
2241	1695
2241	1326
2241	1325
2242	5599
2243	4131
2243	2003
2243	6655
2243	4021
2243	10329
2243	10816
2243	2066
2243	8767
2243	4009
2243	798
2243	8339
2244	896
2244	4030
2245	12115
2245	11212
2245	8960
2245	8967
2245	9658
2246	6339
2246	12182
2246	8159
2246	9818
2246	10452
2246	7504
2246	5833
2247	2689
2248	7787
2248	7500
2248	6775
2248	3140
2248	10145
2248	7583
2248	6772
2248	11857
2248	6771
2248	2385
2248	10752
2248	6447
2248	2853
2248	1634
2248	1751
2248	11486
2249	6435
2249	7140
2249	11614
2249	3092
2249	11734
2249	2330
2250	10312
2250	10958
2251	11782
2251	3155
2251	7368
2251	12097
2251	11177
2251	7017
2252	10043
2252	5816
2253	8866
2253	2559
2253	9504
2254	1221
2254	8871
2254	1971
2255	2057
2256	8680
2256	7851
2257	909
2257	8964
2257	8965
2257	9052
2257	1725
2257	1735
2257	2467
2258	11760
2258	2489
2258	12742
2259	6183
2259	3489
2259	1411
2259	5787
2259	3493
2259	4713
2259	8171
2259	5515
2259	4231
2259	10821
2259	2528
2259	847
2259	1425
2259	8982
2259	1398
2259	1674
2259	3104
2259	6459
2259	12388
2259	462
2259	7654
2259	1536
2259	4727
2259	3486
2259	1075
2259	1074
2260	4409
2260	7126
2260	9612
2260	12117
2260	8121
2260	12122
2260	11662
2260	10796
2260	11256
2260	11111
2260	1154
2260	6040
2260	559
2260	200
2260	10778
2260	9791
2260	8377
2260	5358
2260	5396
2260	10148
2260	2361
2260	1305
2260	12606
2260	10585
2260	5418
2260	12753
2261	7939
2262	8067
2262	1165
2262	9831
2262	10126
2262	5192
2263	11627
2263	6680
2263	200
2263	8633
2263	9191
2263	9213
2263	3501
2264	7280
2264	3537
2264	10698
2264	4753
2265	9514
2266	10115
2266	4987
2266	2237
2266	10942
2266	2854
2266	10928
2266	5276
2266	3157
2266	7277
2266	7490
2266	9277
2266	6227
2266	10185
2266	7709
2266	5399
2267	2274
2267	4251
2267	12534
2267	2811
2267	1494
2267	9172
2267	1958
2267	2634
2267	3124
2267	7444
2268	5700
2269	9138
2269	9139
2269	1932
2269	10989
2270	4713
2270	10524
2271	12287
2271	12285
2271	10497
2271	6232
2271	4606
2271	3385
2271	8560
2271	12367
2271	3390
2271	7240
2271	1479
2272	1440
2272	2076
2272	3938
2272	5131
2273	4975
2273	6868
2273	3934
2273	8563
2273	8716
2274	10002
2274	2276
2274	3129
2275	5823
2275	2992
2275	2489
2275	2854
2275	4172
2275	3156
2275	3384
2275	1634
2275	2133
2275	5511
2276	1164
2276	1173
2276	5646
2276	11764
2276	7725
2277	5563
2277	7437
2277	4251
2278	2937
2278	11563
2278	12255
2278	1231
2278	3406
2278	3716
2278	9587
2278	10337
2279	993
2279	9499
2279	2339
2279	7720
2279	837
2279	4534
2279	4126
2279	6152
2279	1774
2279	9237
2279	1657
2279	9060
2279	8766
2279	905
2279	1958
2279	8334
2280	7886
2280	5284
2280	7065
2280	5849
2280	11344
2280	6926
2280	6542
2280	8433
2280	6281
2280	7118
2281	4851
2281	4910
2281	5537
2281	11418
2281	6180
2281	8037
2281	2694
2281	5562
2281	5731
2281	1411
2282	1019
2283	5086
2283	9561
2283	9124
2284	4326
2285	7452
2286	2087
2286	7248
2286	2194
2286	11248
2287	9815
2287	2354
2288	3016
2288	8449
2288	9112
2288	1483
2288	9037
2288	1734
2289	7542
2290	8363
2290	1052
2291	1958
2291	5288
2291	6806
2291	10465
2292	6050
2292	2430
2293	3759
2293	4625
2293	10906
2293	10245
2293	3979
2293	5939
2293	2914
2293	3899
2294	12689
2294	3333
2294	4728
2295	7030
2295	4823
2295	2420
2295	609
2296	10418
2296	1895
2297	4669
2298	7568
2299	796
2299	1528
2299	3497
2299	3786
2299	7444
2300	1500
2301	8552
2301	790
2302	7092
2302	10710
2303	4955
2303	2843
2303	10457
2303	12077
2303	7907
2303	9100
2303	4823
2303	6375
2303	3141
2303	1859
2303	10289
2303	3947
2304	2126
2304	1340
2305	1703
2306	6213
2307	9885
2308	8661
2309	609
2309	8828
2309	10040
2309	4379
2310	10948
2310	1317
2310	10037
2311	2692
2311	9648
2311	4606
2312	9430
2312	12572
2312	5679
2312	10000
2312	8441
2313	7644
2314	12192
2314	2339
2314	6242
2314	12603
2314	6497
2315	5595
2315	11644
2315	8466
2315	3685
2315	5317
2315	5158
2315	4949
2315	7862
2315	7204
2315	2983
2315	3154
2315	5127
2315	7720
2315	2211
2315	4892
2315	10842
2315	4540
2315	1677
2315	3787
2315	7014
2315	5396
2315	6985
2315	2273
2315	4073
2315	4282
2315	7480
2315	2238
2315	12388
2315	2966
2315	10722
2316	6662
2317	7366
2317	583
2317	584
2317	8590
2317	1077
2317	1698
2317	1952
2317	3088
2317	3747
2317	5171
2317	11221
2317	6090
2317	6622
2318	3170
2319	6868
2319	2203
2319	4051
2319	6461
2319	4161
2319	5378
2319	4251
2319	4191
2319	4184
2319	4049
2319	3737
2319	6570
2319	691
2319	2338
2319	2309
2319	2273
2319	9315
2319	1399
2319	3367
2319	3605
2319	9453
2319	2127
2319	4626
2319	8562
2320	5367
2320	10319
2320	12314
2320	9149
2320	1814
2320	5851
2320	4519
2320	5067
2321	6011
2321	7992
2321	6288
2321	7303
2321	10545
2322	1193
2322	2719
2322	5652
2322	561
2322	244
2323	2566
2323	2569
2323	7755
2323	2105
2323	1695
2323	1370
2323	8218
2323	1212
2323	1083
2323	1004
2323	6690
2323	2244
2323	921
2323	933
2323	560
2323	214
2323	135
2323	157
2323	111
2323	139
2323	378
2323	207
2324	4669
2324	2566
2324	1697
2324	1006
2324	1159
2324	739
2324	689
2325	7720
2326	8512
2326	1425
2326	3025
2327	4102
2327	2163
2327	7417
2328	2538
2328	1572
2328	5284
2328	1540
2328	3035
2328	10013
2328	3935
2328	11219
2328	5595
2328	5944
2328	7616
2328	4617
2328	2276
2329	12799
2330	6080
2330	11937
2331	8786
2331	11436
2331	11435
2331	5683
2331	5597
2331	5584
2331	5473
2331	5451
2331	6042
2331	5289
2331	4372
2331	4037
2331	3438
2331	1508
2331	5255
2331	6337
2331	5750
2331	3096
2332	2317
2332	2498
2332	2967
2332	4011
2332	4920
2332	5557
2333	1524
2334	2578
2334	2662
2335	2651
2335	9831
2335	2349
2335	2668
2335	1517
2335	2345
2335	2209
2336	2554
2337	2662
2337	7065
2337	7813
2337	5646
2337	2967
2337	4844
2337	457
2337	8525
2338	6686
2339	4321
2340	3375
2340	2718
2340	2372
2340	1902
2340	2002
2340	1910
2340	2065
2340	1905
2340	1695
2340	1302
2340	1371
2340	7751
2340	2173
2340	7752
2340	7754
2340	2719
2340	1190
2340	2715
2340	5204
2340	1087
2340	962
2340	2170
2340	1049
2340	6823
2340	1184
2340	834
2340	6831
2340	2309
2340	938
2340	1649
2340	1866
2340	9101
2340	234
2340	133
2340	111
2340	174
2340	139
2341	12794
2341	394
2342	11016
2343	4383
2344	6180
2345	3763
2345	5646
2345	3067
2345	4481
2345	3524
2346	1785
2347	2089
2347	986
2347	2063
2347	10547
2347	12133
2347	3612
2348	5451
2348	1774
2348	2340
2348	4187
2348	4820
2348	3349
2349	7586
2349	9414
2349	12602
2349	4073
2350	4820
2350	4073
2350	7312
2350	1118
2351	3488
2352	8005
2352	3320
2352	8517
2353	10035
2353	6510
2353	1763
2353	6713
2353	6771
2353	3199
2353	5053
2353	12542
2353	10553
2353	4166
2354	2401
2354	6776
2354	7453
2354	12348
2354	4380
2354	6362
2354	7250
2354	10305
2355	12162
2355	12728
2355	7593
2355	11146
2355	11682
2356	4896
2357	7519
2357	11990
2357	1845
2358	4241
2358	7600
2358	2902
2358	12356
2358	8826
2358	5028
2358	5740
2358	7720
2359	11969
2360	548
2360	8591
2360	8783
2360	10723
2360	11373
2360	8986
2360	10152
2360	5067
2360	1933
2360	10370
2360	5054
2361	2404
2361	3112
2362	7174
2363	9629
2364	5538
2364	7492
2365	2683
2365	2649
2365	3928
2365	2746
2365	2585
2365	6530
2365	2442
2365	2461
2365	2584
2365	4648
2365	4564
2365	9595
2365	2680
2365	9742
2365	8998
2365	8942
2365	3106
2365	8944
2365	2681
2365	1508
2365	2650
2365	5253
2365	2593
2365	1447
2365	1446
2365	8925
2366	2585
2366	3928
2366	6530
2366	7013
2366	2461
2366	2553
2366	2587
2366	2682
2366	3931
2366	4024
2366	5198
2366	5199
2367	6530
2367	2746
2367	2683
2367	3928
2367	2680
2367	2649
2367	9595
2367	4564
2367	9742
2367	2585
2367	2586
2367	2553
2367	2461
2367	2442
2367	4648
2367	2584
2367	4640
2367	2592
2367	4959
2367	4315
2367	5101
2367	5187
2367	5196
2367	3106
2367	5253
2367	8925
2367	5515
2367	2593
2367	2587
2367	8998
2367	1508
2367	1447
2367	1446
2367	8944
2367	8942
2368	5854
2368	5199
2368	5198
2368	3931
2368	3106
2368	2746
2368	2686
2368	2442
2368	2461
2368	2587
2368	5498
2368	2681
2368	2650
2368	8925
2368	8998
2368	1508
2368	1446
2368	8944
2368	8942
2368	2649
2368	2593
2368	1447
2369	2553
2369	2585
2369	2649
2369	2650
2369	2683
2369	2746
2369	3928
2369	6530
2369	2587
2369	2686
2369	3106
2369	3931
2369	5198
2369	5498
2370	4733
2370	5236
2370	6121
2370	3499
2370	11122
2371	8475
2371	2684
2371	9845
2372	7834
2372	7444
2372	7577
2373	5146
2373	4745
2373	6391
2374	8221
2374	4002
2374	11123
2374	1894
2375	5987
2376	9752
2376	7238
2377	3168
2377	3581
2377	2090
2377	3042
2378	4421
2378	3129
2378	4481
2378	4477
2378	7250
2378	6952
2378	2553
2378	9809
2378	6111
2378	8190
2378	2268
2378	3682
2378	645
2378	3934
2378	2480
2378	8737
2378	10503
2378	4300
2378	4158
2378	7932
2379	9546
2380	10619
2380	4025
2380	5776
2380	7583
2380	8106
2380	12195
2380	3592
2380	7452
2380	2614
2380	1232
2380	9206
2381	10169
2381	10791
2381	2596
2381	1904
2381	9007
2381	1903
2381	4159
2381	1820
2381	10205
2381	3934
2381	8525
2381	6985
2382	5157
2383	4240
2383	11359
2383	4511
2383	5595
2383	9904
2383	7103
2383	11700
2383	6868
2383	4955
2383	3113
2383	1009
2383	11992
2383	9218
2383	8774
2383	8733
2383	5067
2383	6701
2383	8401
2384	5288
2384	2240
2384	7500
2384	9450
2384	5501
2385	2610
2385	3212
2385	12145
2385	8053
2385	685
2385	8781
2385	12316
2385	7644
2386	11410
2386	10051
2386	4186
2386	5189
2386	7245
2386	10050
2386	10052
2386	3757
2386	10599
2386	4468
2386	10597
2386	5788
2386	4359
2386	7031
2386	4467
2386	8581
2387	3928
2387	7247
2387	7223
2387	2649
2387	2022
2387	4172
2387	2491
2387	12411
2387	4590
2387	4468
2387	10599
2387	4475
2387	4476
2387	4361
2387	4807
2387	5429
2387	5504
2387	6635
2387	12221
2387	4480
2387	4481
2387	7715
2387	3280
2387	3081
2387	2852
2387	2668
2387	2573
2387	3696
2387	6345
2387	9603
2387	10171
2387	9119
2387	11158
2387	5288
2387	7319
2387	12313
2387	9243
2387	2651
2387	2662
2387	4298
2387	1785
2387	9021
2387	1177
2387	1058
2387	9120
2387	6603
2387	6543
2387	4913
2387	1724
2387	967
2387	7062
2388	3715
2388	8888
2388	4754
2388	11128
2388	815
2388	8712
2389	7140
2389	6287
2390	10009
2390	1019
2390	8712
2390	1851
2390	6291
2390	6434
2390	7779
2390	8190
2390	5224
2391	6873
2391	1914
2391	1909
2391	2170
2391	2105
2391	11037
2391	10733
2391	1093
2391	1080
2391	1189
2391	1190
2391	1193
2391	561
2391	5334
2391	300
2391	209
2392	6958
2392	4789
2392	1913
2392	1911
2392	1914
2392	1904
2392	1903
2392	1902
2392	1193
2392	1226
2392	1094
2392	1186
2392	6823
2392	1011
2392	1183
2392	1184
2392	1079
2392	2310
2392	5477
2392	1092
2392	1099
2392	282
2392	2389
2392	197
2392	241
2392	247
2393	1909
2393	1914
2393	2566
2393	1695
2393	1370
2393	2717
2393	2719
2393	1188
2393	1189
2393	1191
2393	877
2393	834
2393	132
2393	284
2394	6298
2394	6831
2394	3980
2394	4890
2394	3186
2394	4852
2394	1913
2394	1914
2394	1903
2394	1906
2394	6832
2394	1098
2394	1097
2394	4767
2394	461
2394	832
2394	307
2395	3466
2395	7755
2395	2307
2395	1007
2395	6825
2396	2622
2396	7755
2396	1186
2396	1098
2396	6821
2396	1181
2396	1327
2396	715
2396	831
2396	233
2397	8021
2397	6748
2397	8018
2397	6958
2397	6528
2397	6429
2397	4151
2397	6963
2397	11500
2397	5613
2397	1080
2397	6829
2397	12513
2397	1326
2397	1327
2397	4864
2397	1163
2397	610
2397	831
2397	1937
2397	204
2397	211
2398	3119
2398	1915
2398	5651
2399	5885
2399	4788
2400	6427
2400	6431
2400	1907
2400	1902
2400	1905
2400	1473
2400	5075
2400	1212
2400	6195
2400	2173
2401	7144
2401	6897
2401	6427
2401	6001
2401	5476
2401	11845
2401	6655
2401	1903
2401	1904
2401	2713
2402	4896
2402	5577
2402	4414
2402	3724
2402	3777
2402	8039
2402	3663
2402	6409
2402	2668
2402	3928
2403	1907
2403	1919
2403	1079
2403	1049
2404	4951
2404	387
2405	2569
2405	1910
2405	2105
2405	1405
2405	1009
2405	1077
2405	6558
2405	1195
2405	2388
2405	335
2406	6748
2406	8018
2406	7207
2406	6341
2406	6429
2406	2716
2406	1902
2406	2003
2406	1906
2406	2012
2406	1905
2407	11408
2407	8010
2407	3470
2407	4099
2407	2720
2407	1903
2407	1904
2407	1905
2407	1032
2407	1035
2407	1049
2407	1078
2407	1082
2407	1314
2408	2397
2408	6151
2409	1399
2409	9702
2409	859
2409	4624
2409	8626
2409	766
2409	660
2409	688
2409	954
2409	1247
2410	1959
2410	3489
2411	2057
2411	2513
2411	5853
2411	5515
2411	3592
2411	10166
2411	7277
2411	10399
2411	7539
2411	997
2411	6573
2411	3070
2411	10593
2411	10725
2411	991
2411	3404
2411	2775
2411	2773
2411	5686
2411	5709
2412	9143
2412	10805
2412	11374
2412	11757
2413	2209
2414	10284
2414	12171
2414	2103
2414	5190
2414	5658
2414	9217
2414	10156
2414	6057
2415	6523
2416	8658
2416	9359
2416	10892
2416	6795
2417	11378
2417	9695
2418	726
2419	6578
2419	10533
2419	5631
2419	6085
2419	6353
2419	8035
2420	3044
2420	6588
2420	10779
2420	1634
2420	3530
2420	3558
2421	10236
2422	4155
2422	5098
2422	5636
2422	1435
2423	4055
2423	7807
2423	10142
2423	5865
2424	7453
2424	7927
2424	7954
2424	12767
2424	6718
2424	5688
2424	12830
2424	11363
2424	6149
2425	2708
2425	1987
2425	4820
2425	5289
2425	5510
2425	5562
2425	6374
2425	7116
2426	2574
2426	2575
2426	1411
2426	3979
2426	2238
2426	10287
2426	8567
2426	9200
2426	4511
2426	1502
2426	9265
2427	10949
2428	557
2428	10688
2428	4176
2428	3955
2428	2756
2428	3583
2428	1294
2428	883
2428	690
2428	1832
2428	6482
2428	11502
2428	11503
2428	12837
2428	3947
2428	802
2429	5099
2429	4623
2429	9266
2429	10393
2429	11283
2430	8832
2431	11287
2432	4611
2432	8106
2432	3333
2433	11831
2433	2741
2433	10448
2433	4610
2433	5424
2433	5508
2433	5230
2433	4834
2433	2975
2433	6287
2433	5610
2433	1401
2433	4718
2433	3487
2433	1958
2434	3405
2435	2696
2435	7651
2435	2491
2435	2629
2436	12076
2436	2914
2436	6530
2436	5980
2436	5085
2436	4190
2436	3685
2436	7197
2436	9561
2436	2206
2436	2203
2436	2526
2436	2208
2436	9238
2436	8732
2437	4430
2437	10940
2437	1165
2438	9443
2439	10709
2439	3371
2439	2206
2439	7939
2439	4554
2439	5053
2439	6362
2439	3685
2439	7919
2439	7935
2439	3942
2439	2293
2439	5662
2439	4971
2439	9321
2439	7720
2439	5709
2439	5034
2439	1407
2439	2188
2439	4113
2439	10056
2439	8429
2439	7452
2439	3761
2439	4956
2439	2273
2440	8865
2441	10812
2441	12165
2441	1634
2442	10247
2442	4255
2442	11038
2442	2271
2442	2273
2442	6510
2443	1909
2443	4649
2443	12201
2443	9029
2444	11290
2444	3375
2444	3665
2444	4511
2444	3979
2445	5070
2445	6561
2445	8168
2445	6736
2445	6737
2445	2572
2445	9218
2445	3139
2445	3337
2446	4255
2446	6609
2446	6288
2447	12352
2447	12139
2447	8168
2447	11249
2447	7723
2447	4955
2447	5463
2447	2160
2447	10104
2447	10440
2447	11733
2447	7696
2447	11267
2447	6934
2447	607
2447	5067
2447	11481
2447	9073
2447	12149
2448	11098
2448	9801
2448	9613
2448	5239
2449	1246
2449	8702
2449	7841
2449	7024
2449	10750
2450	1958
2450	3487
2450	2681
2450	3493
2450	4269
2451	2767
2451	5571
2451	4708
2451	3487
2451	10905
2451	5454
2451	5456
2451	2773
2451	10593
2451	2775
2451	3488
2451	4372
2451	1411
2451	9858
2452	9885
2452	1527
2453	7465
2453	1551
2453	2502
2454	5967
2454	3477
2454	10582
2454	10614
2454	905
2455	3096
2455	1474
2455	9115
2456	5972
2456	11066
2456	1991
2457	5555
2457	5284
2457	6089
2457	2495
2457	2773
2458	12287
2458	2243
2458	4113
2458	7990
2458	1959
2458	3622
2458	5093
2458	11665
2458	3778
2458	2194
2458	3458
2458	4649
2459	1576
2460	2483
2460	9780
2461	8152
2461	7978
2461	4165
2461	12295
2462	5029
2462	3831
2462	5567
2462	9309
2462	9745
2462	4770
2462	11335
2462	5537
2462	9471
2462	12390
2462	1162
2462	3087
2462	7945
2463	3489
2464	7939
2465	2018
2466	5146
2466	6735
2466	7550
2466	7032
2466	3451
2466	5413
2466	6631
2466	7511
2466	11661
2466	6022
2466	6827
2466	3769
2466	6331
2466	5060
2466	10287
2466	6086
2466	12272
2466	5418
2466	10111
2466	5067
2466	3896
2466	2306
2466	10501
2466	7618
2466	6466
2466	7639
2466	8211
2466	3897
2466	5358
2466	6492
2466	4820
2466	9550
2466	12669
2466	5079
2467	6530
2467	5037
2467	6628
2467	3788
2467	9759
2467	6069
2467	1867
2467	4779
2468	2910
2468	5301
2468	6950
2468	1657
2468	3685
2468	1795
2468	4099
2468	5106
2469	11958
2469	11806
2470	7035
2471	2553
2472	4390
2472	7231
2473	3466
2473	3665
2473	1184
2473	1090
2474	7663
2474	8052
2474	8021
2474	7705
2474	6748
2474	6961
2474	7135
2474	6510
2474	6896
2474	6521
2474	6427
2474	7096
2474	6527
2474	6431
2474	6001
2474	7506
2474	7813
2474	4979
2474	4255
2474	4151
2474	2751
2474	2930
2475	7939
2475	7278
2475	6961
2475	12425
2475	6003
2475	12580
2475	5885
2475	7717
2475	5390
2475	5419
2475	1210
2475	11429
2475	478
2475	239
2475	228
2475	133
2475	326
2476	5937
2476	2696
2476	2640
2476	8053
2476	9042
2476	3238
2476	5785
2476	3788
2476	5736
2476	4255
2476	11298
2476	7480
2476	5734
2476	5700
2476	6031
2476	5610
2476	3682
2476	10662
2476	4037
2476	10472
2476	10687
2477	6959
2477	4512
2477	3275
2477	1194
2477	6831
2477	1096
2477	6160
2477	739
2478	6291
2478	6857
2478	6784
2478	3229
2478	6821
2478	3747
2478	1403
2478	1205
2478	1091
2478	1088
2478	1182
2478	920
2478	1244
2478	1092
2478	1096
2479	6860
2479	2854
2479	6976
2479	9481
2479	7769
2479	1087
2479	8745
2480	6528
2480	6000
2480	6819
2480	2476
2480	2160
2480	2066
2480	1910
2480	1913
2480	1184
2480	3390
2480	1097
2480	1314
2480	5024
2480	8840
2481	4174
2481	706
2481	10954
2481	1294
2481	11533
2481	7511
2482	5531
2482	6014
2482	6244
2483	10303
2483	4501
2483	4614
2483	5497
2483	11335
2484	12649
2484	6104
2485	8971
2486	5684
2486	2967
2486	8466
2486	8493
2487	9000
2488	9885
2488	9256
2488	3405
2488	4877
2488	4955
2488	763
2488	8564
2488	6404
2488	613
2489	274
2490	8504
2491	6069
2492	5444
2492	11778
2493	7304
2493	5279
2493	10864
2494	9229
2494	4873
2494	4747
2494	5971
2494	6171
2494	2104
2494	9239
2494	2138
2494	3167
2494	7492
2494	2965
2494	1640
2494	12260
2494	2963
2494	11439
2494	11714
2494	1031
2494	3778
2494	3145
2494	11002
2494	12174
2494	8117
2495	10314
2496	3685
2496	6553
2497	3106
2498	6917
2498	2559
2498	2731
2499	6433
2499	11739
2499	6303
2499	4142
2500	959
2501	9955
2501	5788
2502	10146
2502	9583
2502	2558
2502	9790
2502	2557
2502	3204
2502	4549
2503	10481
2503	10492
2503	4764
2503	10732
2503	5597
2503	4730
2503	86
2503	31
2503	8324
2504	3938
2504	4613
2504	5564
2504	3196
2504	12337
2504	3108
2504	4867
2504	5481
2504	2495
2504	1523
2504	9352
2504	10773
2504	2672
2504	4122
2504	10633
2504	871
2505	1290
2505	2559
2505	1289
2505	532
2505	1148
2505	1825
2505	3928
2505	9134
2505	2015
2505	10260
2505	5384
2506	5924
2506	9256
2506	8968
2506	1527
2506	12759
2506	10027
2506	3685
2506	2154
2506	3838
2506	12615
2506	8246
2507	2975
2507	6177
2507	4728
2507	4113
2508	1953
2508	9807
2508	5458
2508	4976
2509	4011
2509	4953
2510	4023
2510	4387
2510	5404
2510	7720
2510	8037
2510	12776
2510	5924
2510	11975
2510	11423
2510	12168
2511	3256
2511	2737
2511	3582
2512	3348
2512	4051
2512	10994
2512	10344
2512	5712
2513	466
2514	10796
2514	6221
2514	11807
2515	10872
2515	12291
2516	1308
2517	10484
2517	4762
2517	5073
2517	6180
2517	1694
2517	3394
2517	6713
2518	12156
2519	12218
2519	7663
2519	1636
2519	5853
2519	8313
2519	2511
2519	798
2519	12575
2519	12791
2519	7188
2520	6023
2520	4790
2520	5088
2520	4979
2520	3375
2520	4669
2520	1697
2520	2170
2520	1211
2520	7751
2520	7752
2521	6001
2521	6000
2521	5443
2521	5036
2521	4637
2521	4414
2522	3934
2523	4822
2523	4825
2524	9703
2524	5583
2524	9378
2524	10104
2524	6151
2524	10838
2524	11359
2524	3712
2524	5836
2525	11702
2525	8190
2525	9641
2525	3748
2526	12448
2526	11519
2526	9849
2527	3035
2527	2740
2527	1411
2527	4920
2527	1189
2527	6815
2527	7492
2527	2933
2527	405
2527	4384
2527	7142
2527	2696
2527	7868
2527	12125
2527	2839
2527	5418
2527	2488
2527	10770
2527	8757
2527	10894
2527	6086
2527	9730
2527	5562
2527	9625
2527	10015
2527	6577
2527	2085
2527	5593
2527	5363
2527	4256
2527	8295
2527	11742
2527	5293
2527	6099
2527	7508
2527	3335
2527	2954
2527	2953
2528	4325
2528	4608
2528	8513
2529	2181
2529	7862
2530	5516
2530	6868
2530	2312
2530	11471
2531	11008
2531	9562
2531	12535
2532	8052
2532	11920
2532	7798
2532	7853
2532	1186
2532	1095
2532	11838
2533	10186
2533	2495
2533	4125
2533	4262
2534	1666
2535	1296
2535	945
2535	1684
2535	3786
2535	3946
2536	1478
2537	10182
2537	2369
2537	9906
2537	9468
2537	9121
2537	9770
2537	5712
2537	7156
2537	1174
2537	1644
2537	9771
2537	8414
2537	8437
2537	558
2537	5291
2538	9631
2538	2480
2538	1339
2538	1342
2538	5564
2538	11380
2538	11382
2538	12400
2538	8753
2538	2774
2538	4511
2539	5117
2539	7030
2540	870
2540	2708
2540	3026
2540	3488
2540	8104
2540	7678
2540	1144
2541	4364
2542	6974
2542	2635
2542	4159
2542	5508
2543	2822
2544	12178
2544	7328
2544	5289
2545	8165
2545	4377
2545	11237
2545	11235
2545	7667
2545	2803
2545	10376
2545	9952
2545	9875
2545	3324
2545	5770
2545	9017
2545	11203
2545	9600
2545	7358
2545	8516
2545	8691
2545	8467
2545	846
2545	8464
2545	7126
2545	6913
2545	2911
2545	1970
2545	4003
2545	4715
2545	10425
2545	9340
2545	9964
2545	1286
2546	8443
2547	3213
2547	11645
2548	2927
2548	5646
2548	9243
2548	2992
2548	1470
2548	1538
2548	9322
2548	10508
2548	7317
2548	2117
2548	9331
2549	10689
2550	7142
2551	12457
2551	5037
2551	3601
2551	5428
2551	6042
2551	7700
2551	5289
2551	11956
2551	3966
2551	10852
2551	7374
2551	5164
2551	6925
2551	9067
2551	12526
2552	6811
2552	7497
2552	12130
2552	5161
2553	11759
2553	2498
2553	6575
2553	8228
2553	7938
2553	592
2553	8484
2553	8954
2553	4844
2554	11495
2554	1527
2554	3108
2554	8881
2554	7780
2554	2958
2554	10067
2555	5224
2555	2816
2556	2252
2556	7519
2556	12788
2557	10359
2557	10577
2557	4621
2557	2975
2557	4728
2557	2635
2557	3685
2557	5268
2557	6724
2557	2372
2557	10693
2557	10692
2557	2960
2558	2772
2558	2776
2559	3091
2559	11861
2559	6795
2560	3938
2560	2008
2560	2236
2560	2339
2560	9894
2560	11091
2560	7444
2560	7993
2560	2176
2560	3979
2561	2136
2561	5854
2562	9130
2562	2072
2562	12329
2562	7399
2562	4326
2563	11366
2563	2196
2563	6155
2563	3470
2563	5235
2563	12021
2563	1912
2563	12522
2563	2309
2563	1195
2563	1323
2564	4654
2564	5422
2564	5601
2564	10455
2564	7784
2564	5596
2564	5637
2564	3561
2565	2139
2566	2112
2566	9353
2566	2438
2566	2470
2566	3664
2567	8654
2567	1696
2567	2378
2567	2430
2567	11168
2567	6479
2567	12199
2567	1985
2567	10263
2567	11456
2568	8462
2568	10408
2569	3411
2570	2526
2570	11886
2571	5942
2572	7320
2572	5033
2572	5430
2572	8190
2572	4405
2572	3398
2572	4824
2572	1142
2572	9453
2572	7057
2572	10909
2573	6595
2573	6596
2573	6597
2573	2221
2573	6631
2574	11869
2574	4158
2574	5778
2575	4145
2575	12124
2575	4890
2575	8143
2575	5700
2575	10948
2575	4930
2575	7519
2575	6917
2575	9876
2575	4956
2575	1773
2575	7631
2575	6673
2575	8106
2575	6578
2576	4915
2576	3778
2577	6090
2577	9789
2577	7720
2577	9458
2577	7935
2577	3808
2577	6637
2577	12647
2577	4712
2577	2378
2577	11014
2577	9360
2577	11681
2577	1787
2577	10815
2577	1125
2578	1980
2578	3555
2578	1051
2578	1172
2578	1498
2579	9242
2579	10132
2579	12281
2580	2218
2580	5575
2580	8754
2580	5719
2580	6559
2581	1915
2581	1905
2581	2639
2581	2601
2581	1697
2581	1696
2582	2718
2582	2716
2582	5506
2582	1832
2582	1902
2582	5718
2582	5053
2582	2960
2582	6821
2582	2311
2582	7707
2582	2147
2582	1097
2582	1099
2582	789
2582	582
2583	7991
2583	8164
2583	10661
2583	9979
2584	9128
2584	5999
2584	7120
2585	11248
2585	6730
2585	7208
2585	12239
2585	3268
2585	5536
2585	4851
2585	3659
2585	5433
2585	5939
2585	5924
2585	3979
2585	2933
2585	12508
2585	9836
2585	9628
2585	7663
2585	983
2585	2207
2585	6288
2585	6337
2585	802
2585	4827
2585	6412
2585	9373
2585	7238
2586	6069
2586	7891
2586	4673
2586	10738
2586	12302
2587	4022
2587	4800
2588	6549
2588	6795
2588	9470
2589	11965
2589	10889
2589	10653
2589	3769
2589	5410
2589	9515
2589	6278
2589	3273
2589	4255
2589	5446
2589	4256
2589	1318
2589	8706
2589	8455
2590	2196
2591	7630
2592	10823
2592	8977
2592	10961
2593	8082
2593	11778
2593	2365
2593	4625
2593	11370
2593	10101
2593	2564
2593	12224
2594	1891
2594	2688
2594	10489
2594	4431
2594	4955
2594	6244
2594	12119
2595	6523
2595	11440
2595	6526
2595	6524
2595	7523
2595	7654
2595	6525
2595	4773
2595	3994
2595	4719
2595	6588
2595	3203
2595	4716
2595	8037
2595	2073
2595	702
2595	10743
2596	7755
2596	1020
2596	1060
2596	7336
2597	5984
2598	11127
2598	1626
2598	8505
2598	662
2598	661
2598	635
2598	1306
2598	5723
2598	12476
2598	7728
2599	11704
2599	7588
2599	2829
2599	5638
2600	3129
2600	893
2601	1695
2601	12033
2601	6640
2601	2619
2601	9779
2601	3368
2601	11106
2601	12529
2601	3160
2601	4880
2602	3537
2603	11273
2604	12347
2604	10165
2604	11531
2605	3212
2606	5649
2606	6806
2607	12530
2607	3630
2607	608
2607	10576
2607	9088
2607	2193
2607	10239
2607	9486
2607	12211
2607	5397
2607	2211
2607	2202
2607	3651
2607	7131
2607	5065
2607	9545
2607	7514
2607	12538
2607	10044
2607	5567
2607	3324
2607	552
2608	10641
2609	3345
2610	4445
2610	5904
2610	1851
2611	10422
2611	1032
2612	3685
2612	1423
2612	2635
2612	2202
2613	7027
2613	8211
2614	8809
2614	7444
2615	3145
2616	7994
2617	3124
2617	7939
2618	6374
2618	7869
2618	4649
2618	3212
2619	4902
2619	2933
2619	11848
2619	3355
2619	5584
2619	7499
2619	2892
2619	5072
2619	7600
2619	7769
2620	4507
2621	10161
2621	8047
2622	2065
2622	7388
2623	2553
2623	2585
2623	2649
2623	2650
2623	2683
2623	2746
2624	6530
2624	5515
2624	2594
2624	3928
2624	2585
2624	1869
2624	4024
2624	5355
2624	4648
2624	5101
2624	5187
2624	5196
2624	2592
2624	4640
2624	4564
2624	4315
2624	3525
2624	4959
2624	2649
2624	2681
2624	2587
2624	5253
2624	8925
2624	9595
2624	2593
2624	8998
2624	1508
2624	1447
2624	1446
2624	1427
2624	8944
2624	8942
2625	4648
2625	3543
2625	2442
2625	6530
2625	5355
2625	2594
2625	4024
2625	3928
2625	1869
2625	2585
2625	5854
2625	2587
2625	2461
2625	2746
2625	5198
2625	5199
2625	3931
2625	5498
2625	2686
2625	3106
2625	3525
2625	5101
2625	4640
2625	4959
2625	2592
2625	5187
2625	5196
2625	4564
2625	4315
2625	2553
2625	5253
2625	8925
2625	2649
2625	9595
2625	2593
2625	8998
2625	1508
2625	1447
2625	1446
2625	1427
2625	8944
2625	8942
2625	2681
2625	2650
2625	10985
2626	1869
2626	2585
2626	2594
2626	3928
2626	4024
2626	5355
2627	6530
2627	5515
2627	2585
2627	5355
2627	2594
2627	4024
2627	5498
2627	5199
2627	5198
2627	5854
2627	3928
2627	2442
2627	3931
2627	2461
2627	2587
2627	2686
2627	2746
2627	2592
2627	5196
2627	5187
2627	4648
2627	4959
2627	4564
2627	4315
2627	3525
2627	3106
2627	4640
2627	2553
2627	10985
2627	2650
2627	2681
2628	12072
2629	5570
2629	6573
2629	10241
2629	5514
2629	3092
2629	5519
2629	5521
2630	5244
2631	4255
2632	10463
2632	12288
2632	10393
2632	11406
2632	9245
2632	9400
2633	10499
2633	2665
2633	5053
2633	6940
2633	7158
2634	3934
2634	5317
2634	5468
2635	11682
2635	1854
2635	2676
2635	2962
2635	1739
2635	5998
2635	7310
2635	11092
2635	1055
2635	10024
2635	12582
2635	11864
2635	3962
2635	9954
2635	10263
2635	10212
2635	11562
2635	6680
2635	12763
2635	5579
2635	11607
2635	6550
2635	5583
2636	8775
2636	1241
2636	9982
2636	9297
2636	9298
2636	2177
2636	5063
2636	6339
2636	7492
2636	8003
2636	1330
2636	7763
2636	3515
2637	11695
2638	1371
2639	3350
2640	12740
2640	12305
2640	3314
2640	3319
2640	4607
2640	11441
2640	9892
2640	4255
2640	4256
2640	5411
2640	7057
2640	8071
2640	7616
2640	3324
2640	12117
2640	7430
2640	4365
2640	2248
2640	8905
2640	8810
2640	11296
2640	1525
2640	6627
2640	9077
2640	2967
2640	4674
2641	6132
2641	7978
2641	12481
2641	4248
2641	4827
2641	7431
2642	10514
2642	7732
2642	3614
2642	7191
2642	12520
2643	12249
2643	6398
2643	11675
2643	6862
2643	6489
2643	8012
2643	12186
2643	4881
2643	4252
2643	7507
2643	5072
2643	3139
2643	1660
2643	995
2643	1401
2643	8681
2643	2933
2643	5500
2643	7373
2644	9667
2645	5539
2645	10172
2645	5712
2645	6487
2645	7824
2645	9970
2645	5555
2645	11496
2645	11691
2645	12052
2645	6952
2645	10383
2645	6950
2645	1829
2646	10907
2646	6830
2646	7205
2646	3093
2646	11184
2646	7096
2646	5042
2646	3778
2646	5161
2646	4542
2646	5893
2646	7583
2646	12058
2646	4187
2646	4820
2646	12304
2646	4046
2646	4190
2646	3025
2646	4881
2646	7689
2646	9782
2646	11828
2646	4040
2646	6756
2646	1657
2646	8175
2646	2117
2646	6484
2646	7117
2646	5963
2646	6287
2646	3059
2646	10664
2646	4132
2646	3356
2646	2269
2646	5087
2647	6404
2648	7677
2648	9931
2649	8226
2650	10543
2651	11372
2651	4973
2652	9518
2652	9073
2652	9064
2652	2839
2652	9899
2652	4111
2652	1009
2652	10572
2652	5350
2652	8853
2652	2133
2652	10708
2652	2511
2653	6002
2653	5893
2653	9618
2653	2153
2653	5901
2653	6474
2653	9284
2654	1139
2654	3254
2654	4387
2655	3847
2655	4111
2656	6893
2657	4689
2657	7284
2658	3059
2658	5769
2658	9923
2658	1631
2658	12230
2658	1632
2658	1640
2658	3718
2658	3112
2658	5229
2658	6385
2659	3268
2659	9952
2659	4007
2659	3324
2660	4518
2660	3711
2660	11379
2660	4056
2660	3145
2661	8653
2661	990
2661	2967
2661	6198
2661	1280
2662	4219
2662	2891
2663	11407
2663	8190
2663	7368
2664	7430
2664	9428
2664	5686
2664	2167
2665	5939
2665	3588
2666	8192
2666	3974
2666	3979
2666	5087
2666	6434
2667	11647
2668	12630
2668	6980
2668	7742
2668	3855
2668	4038
2668	10339
2668	10346
2668	4637
2668	4973
2668	10837
2668	6487
2668	2056
2669	8005
2669	10122
2669	9776
2669	2142
2670	10725
2670	8471
2670	1311
2670	2445
2670	3118
2670	4871
2670	11285
2670	5951
2670	11744
2670	831
2671	2271
2672	11852
2672	5036
2672	3603
2672	7862
2672	7778
2672	1996
2672	9991
2672	8114
2672	1397
2672	8043
2672	1536
2672	6467
2672	5923
2672	687
2672	8231
2673	8178
2673	11811
2674	4610
2675	9541
2676	11370
2676	10281
2676	4911
2676	12605
2676	9835
2677	2678
2677	5150
2677	11052
2677	3689
2677	11825
2677	12825
2677	1056
2677	2960
2677	7938
2678	11085
2678	2995
2678	11661
2678	1772
2678	1684
2678	1919
2679	2697
2679	4493
2679	12046
2679	12291
2679	12335
2679	8134
2679	3398
2679	12656
2679	4011
2680	6558
2680	4720
2680	6588
2680	3198
2680	5804
2681	750
2681	1722
2682	9389
2682	9349
2682	9839
2682	8179
2682	3946
2683	2975
2683	3214
2684	11152
2685	6596
2685	6595
2685	5859
2685	5858
2685	5841
2685	11130
2685	4967
2685	3994
2685	10789
2685	3737
2685	6057
2685	4526
2685	8106
2685	4091
2685	1981
2685	5556
2685	8030
2685	6575
2685	10341
2685	896
2685	6940
2686	1239
2687	5700
2687	6957
2687	12763
2687	7185
2687	11698
2687	2725
2687	5564
2687	6932
2687	7973
2687	11574
2687	4215
2687	6919
2687	11641
2687	10230
2687	7629
2688	2158
2688	4820
2688	6485
2688	9401
2689	6761
2690	9474
2690	1117
2690	8769
2690	9641
2690	3329
2691	1819
2691	4930
2691	2276
2691	2685
2691	4087
2691	2686
2691	2689
2692	6478
2692	3982
2693	9181
2694	654
2694	10773
2694	4834
2695	3737
2696	3040
2696	4817
2696	11529
2696	4670
2697	2892
2697	4251
2697	5291
2697	6129
2697	9185
2697	5950
2697	7172
2697	12622
2697	8002
2697	5562
2697	2173
2697	3173
2697	4054
2697	4259
2698	9011
2698	6915
2698	2240
2698	11095
2698	10589
2698	6062
2698	9908
2698	3696
2699	10405
2699	10459
2699	11367
2699	4542
2699	4330
2699	3434
2699	11618
2699	4654
2699	5923
2699	10430
2699	7776
2699	5595
2699	11420
2699	6831
2699	6304
2699	4449
2699	7589
2699	6501
2699	7637
2700	7442
2701	9906
2701	3376
2702	2588
2703	2308
2703	12593
2703	4172
2703	4821
2703	5289
2703	5812
2703	11680
2704	5334
2705	5443
2705	1092
2705	834
2706	6537
2706	6023
2706	2716
2706	2566
2706	3358
2706	1312
2706	1212
2706	1326
2706	933
2706	257
2707	2201
2707	4698
2707	9841
2707	9429
2707	3463
2708	12073
2709	6549
2709	2573
2709	6992
2709	9438
2709	9384
2709	2431
2709	2930
2709	933
2709	561
2709	2244
2709	1055
2709	11279
2709	281
2709	752
2709	10482
2709	250
2709	214
2709	300
2709	258
2709	282
2709	130
2709	3173
2710	10061
2710	1612
2710	8593
2711	4148
2711	10549
2711	3769
2712	4567
2712	5853
2712	4667
2712	9989
2713	1308
2714	9046
2714	5302
2715	9145
2716	10512
2716	4728
2716	7558
2716	9419
2716	5861
2716	3426
2717	12508
2717	3451
2717	2199
2717	11221
2717	11285
2717	11604
2717	7128
2717	4217
2717	12712
2717	10416
2718	3252
2718	11278
2718	1709
2718	5396
2719	6690
2719	11493
2719	6385
2719	9841
2719	3740
2719	1982
2719	5712
2719	7078
2719	5604
2719	3194
2719	3592
2719	5488
2719	6588
2719	3404
2719	824
2719	12071
2719	325
2719	3937
2719	11752
2719	3362
2719	12652
2719	125
2719	4040
2719	10882
2719	2938
2719	10345
2719	5714
2720	2933
2720	9062
2720	6129
2721	6278
2721	939
2721	3655
2721	3642
2721	7090
2721	3853
2721	6483
2721	9077
2721	6698
2721	6701
2721	448
2722	10642
2723	5192
2723	5244
2724	168
2724	8366
2725	754
2725	8933
2725	1460
2725	2090
2725	2756
2726	1731
2727	3410
2728	2309
2728	1494
2728	6288
2728	1641
2729	11918
2729	12269
2730	4434
2730	7451
2730	6815
2731	5039
2731	7661
2732	12360
2732	6549
2732	3983
2732	1985
2732	9442
2733	7283
2733	10444
2734	7096
2734	3191
2734	7720
2735	4507
2735	10992
2735	5598
2736	10877
2736	2645
2736	1987
2736	3486
2736	4825
2736	5595
2737	9879
2737	5171
2737	6819
2737	7017
2737	7453
2737	5377
2737	8930
2737	11348
2737	4189
2738	5042
2738	6195
2738	6821
2738	877
2738	5650
2738	4334
2738	941
2738	640
2738	242
2738	422
2738	2367
2738	674
2738	245
2738	294
2738	464
2738	250
2738	249
2738	240
2738	212
2738	211
2739	7440
2739	12152
2739	10146
2740	10679
2740	2476
2740	1812
2740	2504
2740	1098
2740	1327
2740	1097
2740	5650
2740	561
2740	718
2740	233
2740	593
2741	866
2741	3949
2742	6958
2742	12573
2742	6427
2742	6341
2742	6520
2742	6826
2742	4151
2742	2718
2742	12497
2742	1082
2742	1649
2742	335
2743	10318
2743	4513
2743	4537
2743	5562
2743	5572
2743	11379
2743	6448
2744	11910
2744	3477
2744	3450
2744	3452
2745	165
2745	650
2745	1130
2746	1342
2746	8949
2746	2551
2746	10450
2747	2209
2747	3056
2748	6440
2749	7201
2749	4817
2749	8612
2749	840
2749	1219
2749	4386
2749	2852
2749	10762
2749	2091
2749	4254
2749	3094
2749	2491
2749	4743
2749	12695
2749	8823
2749	2632
2749	2363
2749	11628
2749	2278
2749	4153
2749	9722
2749	6721
2749	9871
2749	12411
2749	5142
2749	1014
2749	7511
2749	5143
2749	1843
2749	2884
2749	4468
2749	4481
2749	4364
2749	1203
2749	5170
2749	5348
2749	6389
2749	7040
2749	2156
2749	7326
2750	10095
2750	7560
2750	7185
2750	7326
2750	6557
2750	6237
2750	6036
2750	5749
2750	5657
2750	4477
2750	4474
2750	7417
2750	3581
2750	9657
2750	2675
2750	2023
2750	9197
2750	1769
2750	8978
2750	1285
2750	2826
2750	9417
2750	6846
2751	5772
2751	4849
2751	1135
2752	861
2752	1306
2753	8114
2753	10528
2753	8128
2753	6044
2753	12646
2753	4493
2753	12223
2753	6542
2753	2932
2753	2934
2753	4226
2753	12756
2753	10117
2753	2758
2753	3191
2753	4728
2753	5888
2753	10748
2753	7654
2753	5744
2753	1989
2753	7720
2753	10420
2753	5760
2753	7452
2753	9598
2753	9375
2753	1950
2753	1951
2753	10497
2753	7444
2753	7558
2753	12688
2753	9586
2753	1534
2753	7467
2753	7492
2753	4777
2753	7725
2753	8727
2754	9113
2754	394
2755	6270
2755	1808
2756	8618
2757	6185
2757	9393
2758	10540
2758	4777
2758	10848
2758	4560
2758	11245
2759	5742
2759	1189
2760	4250
2760	3957
2760	7156
2760	6086
2760	3840
2760	5596
2760	2177
2760	1759
2760	12471
2760	6487
2760	10823
2761	11017
2761	9155
2761	9198
2761	9517
2761	9637
2761	2705
2761	11686
2761	9651
2762	3745
2762	2498
2762	3314
2762	10129
2763	8005
2763	1806
2763	2717
2763	2719
2763	2720
2763	10027
2764	4753
2764	7989
2765	6389
2765	3965
2765	3627
2766	5393
2766	6578
2766	3655
2766	287
2766	5864
2767	5258
2767	12231
2767	1498
2768	10190
2768	11272
2769	9525
2769	9496
2769	9526
2770	10623
2770	6510
2770	5696
2771	11204
2771	2371
2771	4621
2771	6843
2771	12812
2771	8137
2771	6790
2771	10843
2772	2390
2772	9203
2773	10508
2773	10598
2773	4497
2773	10186
2773	9342
2773	10067
2773	11054
2773	2385
2773	7032
2773	10600
2773	8037
2773	5555
2773	2082
2773	5696
2773	4496
2774	5442
2775	5284
2775	5555
2775	1311
2775	1612
2775	1772
2775	3682
2775	4048
2775	4611
2775	5578
2775	6933
2775	1929
2775	4140
2775	4626
2775	5378
2776	3522
2776	4478
2776	12573
2776	3628
2776	4472
2776	2991
2776	1517
2776	665
2776	8582
2776	2346
2776	3387
2776	2091
2776	7714
2776	3519
2776	3584
2776	287
2777	3082
2777	9015
2777	2397
2777	7185
2777	5646
2777	7711
2777	11135
2777	2437
2777	3225
2777	7712
2778	2553
2778	8942
2778	8944
2778	1446
2778	1447
2778	1508
2778	8998
2778	2585
2778	2593
2778	9595
2778	2649
2779	2682
2779	2683
2779	2746
2779	3106
2779	5355
2780	6530
2780	3928
2780	2746
2780	2650
2780	2649
2780	2683
2780	2586
2780	9742
2780	2461
2780	4564
2780	4648
2780	5515
2780	9595
2780	2594
2780	2682
2780	5854
2780	2585
2780	4024
2781	12524
2781	6011
2781	11853
2781	7595
2781	6987
2781	5795
2781	7474
2781	5336
2781	10323
2781	3925
2781	3356
2781	9969
2781	10966
2781	12143
2781	11351
2781	6960
2781	6922
2781	11903
2781	4829
2781	7290
2781	12761
2781	12251
2781	7689
2781	4113
2781	9727
2781	3938
2781	4053
2781	5555
2781	4191
2781	6494
2781	6177
2781	5378
2781	6454
2781	4076
2781	7813
2781	3361
2781	12268
2781	5943
2781	6073
2781	5291
2781	3402
2781	5897
2781	10212
2781	6286
2781	6576
2781	12441
2781	11239
2781	10976
2781	6563
2781	11812
2781	4844
2781	9940
2781	3790
2781	10404
2781	6038
2781	4298
2781	2382
2781	2381
2781	2269
2782	11503
2782	6590
2782	10844
2782	12208
2782	3099
2782	8106
2782	5712
2782	5656
2782	5029
2782	3094
2782	2839
2782	3093
2782	5981
2782	6595
2782	5291
2782	9516
2782	10761
2782	6133
2782	6106
2783	5656
2783	3035
2783	963
2783	1958
2783	2026
2784	3839
2785	4251
2785	7319
2786	10418
2786	6853
2786	5885
2787	11150
2787	10248
2788	10773
2789	4182
2789	10671
2789	5053
2789	7720
2790	5543
2790	11205
2790	2505
2791	3768
2791	3801
2791	4810
2791	9653
2791	2195
2791	10221
2791	2745
2791	2117
2791	3303
2791	10139
2791	5339
2791	2240
2791	2273
2791	6180
2791	10080
2791	9388
2791	2107
2791	3818
2791	5679
2791	2926
2791	10619
2791	2673
2791	3022
2791	2856
2791	4534
2791	3020
2791	2776
2791	2772
2791	2774
2791	9667
2791	9283
2791	1997
2791	1960
2791	7871
2791	2456
2791	1573
2791	2765
2792	4408
2792	11660
2792	6881
2792	11772
2792	394
2792	11702
2793	11368
2793	11716
2794	12707
2794	6399
2794	7530
2794	2281
2794	12056
2794	1912
2795	11935
2795	7993
2795	11273
2795	6012
2795	10846
2795	5189
2795	3199
2795	7720
2795	7994
2795	3727
2796	11499
2796	12461
2796	6721
2796	6304
2796	8216
2796	7706
2796	10673
2796	7096
2797	9780
2797	9540
2797	3897
2798	5852
2798	8451
2798	10917
2799	11240
2799	5877
2800	1479
2801	9122
2802	1478
2802	1785
2802	3584
2802	3082
2802	2090
2802	2468
2802	1522
2802	7009
2802	1730
2802	3056
2802	2288
2802	7071
2802	1614
2802	1498
2802	1486
2802	1467
2802	1136
2802	760
2802	8410
2802	1716
2802	5244
2802	9353
2802	1054
2802	5646
2803	3632
2804	10608
2804	1219
2805	9170
2805	10577
2805	4955
2805	11401
2806	11273
2807	11449
2807	3684
2807	3934
2807	2673
2807	5509
2807	2771
2807	5569
2807	3489
2807	4930
2807	3592
2807	1929
2807	824
2807	783
2807	1578
2807	3402
2808	10292
2809	11244
2809	6932
2809	12174
2810	5914
2810	2983
2811	2717
2811	6443
2811	10414
2811	9225
2811	1600
2811	549
2811	11730
2811	2945
2812	10196
2812	6933
2812	4158
2812	11145
2812	8149
2812	8534
2813	4538
2813	4534
2813	2672
2813	9861
2813	10306
2813	9189
2814	651
2814	690
2814	1014
2814	1136
2814	9122
2814	2397
2814	2578
2814	3082
2814	2548
2814	10311
2814	9735
2814	9187
2814	508
2814	1402
2815	2632
2815	2470
2815	3082
2816	3281
2816	2270
2816	6133
2816	8886
2817	1411
2817	9473
2818	7385
2818	12226
2818	7800
2819	4866
2819	4184
2819	5018
2819	5086
2819	5037
2820	12191
2820	1231
2820	2706
2820	9836
2820	2082
2821	2892
2821	2211
2822	4916
2823	9605
2823	1814
2823	8125
2823	1105
2824	11343
2825	10844
2825	1545
2825	9748
2825	8545
2826	2026
2826	4910
2827	12285
2827	7731
2827	11254
2827	4439
2827	9885
2828	11736
2828	9568
2828	8829
2828	9195
2829	8424
2829	891
2829	1639
2830	4105
2831	5074
2831	8132
2831	3664
2831	7435
2831	7770
2831	3372
2831	4102
2831	7238
2831	8005
2831	12463
2831	10108
2831	10859
2831	2534
2831	3064
2831	4547
2831	6824
2831	4205
2831	2210
2831	8777
2831	8101
2832	4436
2832	1448
2832	7583
2833	3755
2833	9338
2833	2136
2833	7514
2833	9537
2833	1077
2833	1005
2833	706
2834	2584
2834	8834
2834	12046
2835	10013
2835	5710
2835	4463
2835	6548
2835	7065
2836	7595
2836	4750
2837	3204
2837	5320
2837	1601
2837	8164
2837	11043
2837	5550
2837	4365
2837	12363
2837	2167
2837	3666
2837	4769
2837	5965
2837	9269
2838	5233
2838	4413
2838	4770
2839	5555
2839	8009
2839	10612
2839	6490
2839	6440
2839	2513
2839	9261
2839	9690
2839	7987
2839	12611
2839	7770
2839	7769
2839	11581
2839	6180
2839	5993
2839	10551
2839	3486
2839	2836
2840	1851
2840	4952
2840	5396
2840	3326
2841	11512
2841	2569
2841	3691
2841	3362
2842	3957
2842	4090
2842	4914
2842	11542
2842	6113
2842	3998
2842	12725
2842	11543
2842	11318
2842	10517
2842	9327
2843	8510
2843	945
2844	5981
2844	10755
2844	12362
2844	1989
2844	10158
2844	8135
2845	11626
2845	7583
2845	2558
2845	4163
2845	4679
2845	11419
2845	7588
2846	7783
2846	8092
2846	10364
2846	7720
2846	7871
2846	613
2846	10263
2847	11705
2847	10865
2848	9296
2849	3855
2849	4294
2849	4728
2849	5397
2849	7644
2849	9736
2849	4605
2849	7862
2849	3748
2849	2606
2849	11597
2849	3487
2849	3657
2850	6003
2850	4131
2850	1906
2850	1911
2850	2011
2850	4669
2850	1371
2850	2717
2851	6959
2851	6341
2851	6860
2851	11894
2851	2622
2851	5127
2851	2055
2852	10197
2852	5433
2852	8183
2852	4618
2852	5073
2852	11955
2852	10873
2852	11637
2853	6069
2853	11296
2853	2653
2854	4275
2855	1023
2855	8232
2855	529
2855	536
2855	1147
2855	8891
2855	9107
2855	2491
2855	10354
2856	12585
2856	11582
2856	4870
2857	9581
2858	10064
2858	3355
2858	6288
2859	983
2859	3314
2860	2553
2860	9595
2860	9742
2860	2586
2860	2584
2860	4648
2860	4564
2860	2680
2860	2442
2860	2461
2860	2686
2860	2682
2860	5198
2860	5199
2860	5355
2860	5498
2860	4024
2860	3931
2860	5854
2860	2587
2860	1869
2860	2594
2860	4640
2860	2592
2860	3106
2860	3525
2860	4315
2860	5196
2860	4959
2860	5187
2860	8942
2860	8944
2860	5253
2860	1427
2860	1446
2860	2593
2860	1447
2860	1508
2860	8998
2860	5515
2860	2681
2860	8925
2861	2553
2861	2442
2861	2461
2861	2584
2861	2586
2861	9595
2861	2680
2861	9742
2861	4564
2861	4648
2862	5871
2862	1426
2862	2181
2862	9465
2862	2638
2863	2585
2863	2650
2863	3928
2863	2746
2863	2683
2863	2649
2863	2553
2863	6530
2863	2594
2863	5355
2863	5854
2863	2682
2863	1869
2863	4024
2863	5196
2863	5187
2863	2587
2863	2681
2863	8998
2863	5515
2863	8944
2863	1446
2863	1508
2863	9595
2863	8942
2863	8925
2863	3092
2864	3146
2864	1498
2865	3346
2865	3370
2866	11885
2866	6437
2867	4807
2868	5555
2869	5450
2869	7156
2869	7239
2869	755
2869	9850
2869	3094
2869	3783
2869	5760
2870	10619
2870	4920
2871	9787
2871	1209
2871	11697
2871	907
2871	9784
2871	2987
2871	6548
2872	9620
2872	9282
2872	10264
2872	5972
2873	3637
2873	3389
2874	11059
2874	12770
2874	10586
2874	8165
2874	12416
2874	12680
2874	5415
2874	2843
2874	3426
2875	3637
2875	10460
2875	10455
2875	2822
2875	10678
2875	6589
2875	5550
2875	6687
2876	3856
2876	4807
2877	1167
2877	1624
2877	6043
2878	2933
2878	6667
2878	8704
2878	3933
2879	6151
2879	11113
2879	3949
2879	3855
2879	5844
2879	11209
2879	2513
2879	6932
2879	3155
2879	5552
2879	4872
2879	9782
2879	10624
2879	9287
2879	6123
2880	4345
2880	2194
2880	2291
2880	2292
2880	2293
2880	2606
2880	2933
2880	3537
2881	6181
2881	12493
2881	8535
2882	6085
2882	11104
2883	7661
2883	10731
2883	5908
2883	12551
2884	2709
2885	5676
2886	9958
2886	12503
2887	3654
2887	3850
2887	11232
2887	6576
2887	8955
2887	10668
2887	1646
2888	532
2888	665
2888	1522
2888	3056
2888	5611
2888	1283
2889	7009
2889	10398
2889	3584
2889	5646
2890	5833
2890	4767
2891	12834
2891	10492
2892	10923
2892	9376
2893	9280
2893	7877
2893	4873
2893	3458
2893	2489
2894	3631
2894	2458
2894	3523
2894	6242
2894	3240
2894	4185
2895	2039
2896	817
2896	10118
2896	3488
2897	5578
2897	9595
2897	10893
2897	1636
2898	9665
2898	9670
2898	10831
2898	11194
2899	6563
2899	4886
2899	8898
2899	4191
2899	6129
2899	1311
2899	4053
2899	5291
2899	8065
2899	3402
2899	1244
2899	627
2900	6086
2901	8556
2901	11591
2901	1154
2901	1236
2901	1315
2902	4739
2902	5564
2902	5795
2902	10799
2902	5556
2902	4298
2902	10323
2902	12184
2902	11145
2902	8797
2903	533
2904	3242
2904	10142
2904	10143
2904	3855
2904	5572
2904	5576
2904	7999
2904	8190
2904	2326
2905	3159
2905	9052
2905	3614
2905	3615
2905	1695
2906	6742
2906	3205
2906	4955
2906	1232
2906	3345
2907	12842
2907	12388
2907	5980
2907	4881
2907	8037
2907	3934
2907	9454
2907	5852
2907	5562
2907	1223
2907	3731
2907	3681
2907	2708
2907	1411
2907	4515
2907	4633
2907	11130
2908	5604
2908	6043
2908	6950
2908	1134
2908	3047
2909	4979
2909	11877
2910	7547
2911	12701
2911	12613
2911	9963
2911	7733
2911	2829
2911	1859
2912	12464
2912	779
2912	2705
2912	12779
2912	2707
2913	2275
2913	2692
2913	10143
2913	12509
2914	6114
2914	1465
2914	1929
2914	6451
2914	6409
2914	2312
2914	2933
2914	6485
2914	824
2914	10255
2914	2450
2914	2268
2914	2054
2914	4661
2914	6541
2915	11637
2915	10806
2915	3850
2916	1117
2916	8929
2917	10206
2917	7060
2917	7877
2917	7770
2917	2921
2917	7823
2918	4820
2918	4821
2918	7793
2918	11348
2918	8082
2918	6313
2919	6320
2919	3033
2919	7616
2920	7769
2921	1050
2921	1096
2922	5291
2923	8018
2923	4787
2923	2720
2924	12351
2924	2720
2924	1908
2924	1915
2924	2566
2924	2014
2925	2011
2925	6825
2926	1643
2926	2312
2927	4191
2927	1400
2928	2519
2929	7135
2929	4513
2929	4896
2929	3275
2929	2569
2929	2066
2930	7055
2930	9917
2931	2888
2932	5700
2932	5638
2933	2696
2933	8037
2933	4627
2933	5317
2934	8840
2934	8843
2934	1536
2934	11022
2934	5477
2935	898
2935	3991
2935	5550
2935	7501
2935	3033
2936	6250
2937	4005
2937	11843
2937	11940
2938	5429
2938	1517
2938	3092
2939	9597
2939	10022
2939	5993
2939	9895
2939	4255
2939	4256
2939	9843
2940	3059
2940	3628
2940	9344
2941	4037
2941	11512
2941	5841
2941	6489
2941	11816
2941	6575
2941	8049
2942	11904
2942	11947
2943	9634
2944	5950
2945	3112
2945	4219
2946	6225
2946	4910
2946	6788
2946	1734
2946	2224
2946	3522
2946	4466
2946	4469
2947	1230
2948	9814
2948	3082
2949	9273
2949	4005
2950	5150
2950	6356
2950	5005
2950	9096
2950	3092
2950	11451
2951	3931
2951	12221
2951	3108
2951	3160
2951	3808
2952	3487
2952	3488
2953	5617
2954	12450
2954	3632
2954	1515
2954	3204
2955	4534
2955	2689
2955	10759
2955	5791
2955	7283
2955	4442
2955	11560
2955	8653
2955	2696
2955	2070
2955	2640
2955	10092
2956	2967
2956	2975
2957	644
2957	8979
2957	5948
2957	5388
2957	9268
2957	10945
2957	2556
2957	11189
2957	10371
2957	8195
2957	2764
2957	2240
2957	1577
2957	1573
2957	1069
2957	9666
2957	5991
2957	4054
2957	5236
2958	785
2958	1411
2958	2770
2958	2773
2958	10558
2958	6129
2958	6931
2958	3173
2958	8585
2958	2674
2958	2775
2958	10143
2959	5289
2959	6441
2959	2227
2960	12694
2960	8005
2961	6597
2961	5857
2961	5843
2962	5477
2963	6105
2963	9382
2964	7363
2964	4967
2964	12687
2964	11624
2964	8988
2964	11044
2964	7786
2964	1047
2964	9049
2965	6487
2965	10187
2965	8820
2965	6739
2965	1072
2965	7813
2965	6574
2965	6494
2965	6451
2965	6177
2965	5318
2965	4920
2965	4184
2965	8063
2965	1959
2965	2404
2965	2273
2965	1975
2965	1726
2965	1634
2965	1612
2965	2689
2965	5289
2965	1222
2965	7993
2965	5564
2965	3320
2965	7118
2965	2771
2966	10946
2966	6341
2966	11783
2966	8961
2967	7160
2967	12711
2967	1805
2967	3939
2968	10261
2968	9137
2968	11259
2969	11640
2970	9390
2970	5037
2970	6783
2970	8095
2970	6491
2970	10602
2971	10930
2971	11162
2971	6339
2971	7053
2971	3570
2971	11401
2972	3744
2973	11702
2973	8571
2973	310
2973	4113
2973	9133
2973	9019
2973	3493
2973	928
2973	8994
2973	7052
2973	6702
2973	6485
2973	11753
2973	6286
2973	5604
2973	5564
2973	5288
2973	1508
2973	4833
2973	4623
2973	4920
2973	7770
2973	1755
2973	9295
2973	564
2973	2580
2973	8164
2973	9874
2973	3401
2973	2987
2973	9655
2973	5379
2973	1611
2973	7199
2973	326
2973	6688
2973	3160
2973	7491
2974	5549
2975	10403
2975	9305
2975	1136
2975	8845
2975	1559
2975	2397
2975	2491
2975	10030
2976	7782
2976	9713
2976	8934
2976	5113
2976	9579
2976	12087
2976	10133
2976	11007
2977	7955
2977	5854
2977	4124
2978	12039
2978	7314
2978	9864
2979	8065
2979	11977
2979	7277
2979	4940
2979	6385
2979	6480
2979	6288
2979	7999
2979	12252
2979	2128
2979	5595
2979	4057
2979	9438
2979	9413
2979	2268
2979	6206
2980	3986
2980	6944
2980	9731
2980	11521
2980	8428
2981	3552
2981	10973
2981	9427
2982	12620
2982	4511
2982	3160
2982	7030
2982	2274
2982	2449
2982	9516
2982	4940
2982	4952
2982	12455
2982	8783
2982	5068
2982	5604
2982	4493
2982	1456
2982	5314
2982	7092
2982	4145
2983	7874
2983	5577
2983	5854
2983	5571
2983	4240
2983	11865
2983	12620
2983	11476
2983	6542
2984	10084
2984	2728
2984	9757
2985	10837
2985	5700
2985	8104
2985	3773
2986	2867
2986	12664
2986	11651
2986	4821
2986	7065
2986	7935
2987	2573
2988	10451
2988	3387
2989	2165
2989	2166
2990	6225
2990	10663
2990	7993
2991	6585
2991	4207
2991	11650
2991	7531
2991	9980
2992	7482
2993	4440
2994	7776
2995	5925
2995	6141
2996	12829
2996	4395
2996	5511
2996	4042
2997	4476
2997	4496
2997	4470
2997	10676
2997	9565
2997	4361
2997	1152
2997	10516
2997	1526
2997	10014
2997	3849
2998	10762
2998	4301
2998	12279
2998	4496
2998	12545
2998	5997
2998	2651
2998	9325
2999	7223
2999	3163
2999	1173
3000	5421
3000	8497
3000	1336
3000	3446
3001	10495
3001	5856
3002	3994
3002	12713
3002	8429
3002	9292
3002	12090
3002	685
3003	1726
3003	9296
3003	10270
3003	4012
3003	2203
3004	2458
3004	2553
3004	1883
3004	3521
3005	6523
3005	6299
3005	3504
3005	6795
3005	9936
3005	7670
3005	5850
3005	12446
3005	10244
3005	10080
3005	11424
3005	7993
3005	9443
3005	5393
3005	4525
3006	3488
3006	2975
3006	3493
3006	8720
3006	4370
3006	5036
3007	10680
3008	4776
3008	7900
3008	10143
3008	4825
3009	11232
3010	2556
3010	4825
3011	4489
3011	5037
3011	7174
3011	2830
3011	7319
3011	11516
3011	8869
3011	1275
3011	9320
3011	6524
3011	9726
3011	4374
3011	10861
3011	5435
3011	8101
3011	8318
3011	2689
3012	6198
3012	4759
3012	6970
3012	7446
3012	5157
3012	7508
3012	6232
3013	9604
3013	5082
3013	11397
3013	4129
3013	2039
3013	10679
3013	409
3013	9888
3013	7283
3014	1630
3015	7452
3015	7365
3015	7065
3015	5464
3015	2019
3015	10552
3015	9250
3015	6932
3015	6482
3015	6462
3015	5217
3015	5086
3015	5085
3015	4494
3015	4605
3015	8077
3015	10183
3015	2165
3015	2167
3015	10007
3015	2194
3015	4255
3015	7939
3015	9405
3015	2606
3015	2737
3015	5158
3015	5064
3015	3489
3015	9267
3016	3796
3016	11130
3017	6815
3017	3362
3017	1355
3018	11809
3018	11081
3018	8628
3018	2057
3019	12044
3019	10649
3019	8038
3019	5521
3020	5046
3021	12397
3021	12802
3021	3980
3022	2236
3022	9560
3022	7500
3022	5086
3022	3118
3022	3084
3023	3470
3023	7993
3023	6527
3023	2983
3023	5065
3023	1930
3023	9782
3024	8818
3025	1547
3026	8307
3026	2747
3026	4493
3027	7616
3027	743
3027	3084
3028	6190
3028	5751
3028	11897
3028	6238
3028	9368
3028	2174
3028	4264
3028	11402
3028	5636
3028	7412
3028	10889
3028	8221
3028	7488
3028	11819
3028	10134
3028	729
3028	544
3028	492
3028	10858
3029	6780
3029	4365
3029	8046
3029	6760
3029	2030
3030	5925
3031	11949
3031	1812
3031	5511
3031	5564
3031	2848
3031	11200
3031	293
3032	8216
3032	6667
3032	4787
3032	4788
3032	2010
3032	2569
3032	1385
3032	1050
3032	1181
3033	5787
3033	2989
3033	10904
3033	11831
3033	3486
3034	8664
3034	972
3035	3561
3036	11375
3036	8376
3036	9706
3037	7585
3038	5441
3038	6923
3038	7654
3038	5042
3038	6630
3039	3942
3039	7749
3039	9883
3039	1154
3039	12056
3039	2080
3039	10332
3039	4159
3039	5555
3039	10956
3039	8037
3039	7674
3039	191
3039	3060
3039	6625
3039	1975
3040	7070
3040	12664
3040	6704
3040	4111
3040	2233
3040	9012
3040	12203
3040	9810
3040	3145
3040	11335
3040	11469
3040	3991
3040	10586
3040	8913
3041	8195
3042	8791
3042	9480
3042	9638
3042	10212
3042	288
3042	6932
3042	6132
3042	5939
3042	5586
3042	5291
3042	2960
3042	7720
3042	2598
3042	2556
3042	1754
3042	8644
3042	479
3043	4035
3044	6484
3044	8016
3044	7848
3044	4512
3044	10805
3044	734
3044	5133
3044	5255
3045	11371
3045	3849
3045	4127
3046	7350
3046	1631
3046	1632
3046	12060
3047	3937
3047	10273
3047	10307
3048	11301
3048	11678
3048	4123
3048	4253
3048	5940
3048	6485
3048	12627
3048	1144
3048	4820
3048	11374
3048	5944
3049	5649
3050	2628
3051	2822
3051	4476
3051	7062
3052	3312
3052	4654
3053	6133
3053	10394
3053	11908
3053	5175
3053	11226
3054	4534
3054	1154
3054	2593
3054	9938
3055	11411
3055	6745
3056	2619
3057	10017
3057	9740
3057	2756
3058	3320
3059	3942
3059	5610
3059	8104
3060	4519
3060	3081
3060	2688
3060	6919
3061	10063
3062	4861
3062	4930
3062	5614
3062	10894
3062	11711
3062	6086
3063	5577
3063	5247
3063	5614
3063	7272
3063	5570
3063	5576
3063	9511
3063	5192
3063	7103
3063	12183
3063	7157
3063	4807
3064	3104
3065	10012
3065	3982
3066	10174
3067	11619
3068	4342
3069	7114
3070	5393
3070	3682
3070	5562
3070	7862
3070	4143
3070	5284
3070	2338
3070	8876
3070	10439
3070	5511
3070	5949
3071	11356
3071	7724
3071	11376
3072	5248
3072	7009
3072	1568
3073	473
3073	475
3073	476
3074	4693
3074	7075
3075	7185
3075	7577
3075	1478
3075	9340
3075	9376
3075	2491
3075	2699
3075	3928
3075	5646
3075	552
3076	4430
3077	1880
3077	2468
3077	3082
3078	4955
3079	7329
3079	4440
3079	8081
3079	11800
3079	3371
3079	3370
3079	8207
3079	11805
3079	10979
3079	10082
3079	4409
3079	10217
3079	7197
3079	11828
3079	11033
3079	5586
3079	7672
3079	8175
3079	6509
3080	8259
3080	8325
3080	587
3081	6131
3081	6149
3081	6373
3081	3872
3081	2135
3081	11041
3081	10055
3082	5649
3082	1829
3082	2362
3082	4091
3082	5284
3082	7862
3082	8065
3082	6485
3082	5082
3083	3872
3083	10826
3084	7980
3084	8763
3085	3567
3085	4534
3085	3798
3085	4202
3085	7519
3085	2117
3085	3986
3085	10142
3086	12682
3087	5959
3087	3974
3087	4007
3087	10245
3088	5924
3088	4734
3088	3925
3089	5419
3089	3979
3089	2614
3089	6341
3089	6559
3089	6232
3089	11982
3090	4278
3091	7470
3091	5068
3091	5072
3091	6757
3091	4939
3091	3784
3091	6452
3091	5028
3091	7765
3091	3437
3091	9358
3091	10623
3091	11466
3091	6020
3091	5073
3091	11465
3091	11930
3091	1159
3091	1954
3092	4501
3092	4234
3092	1515
3093	7599
3093	3734
3093	5926
3094	7663
3094	10730
3094	11238
3094	7801
3095	5236
3095	9855
3095	2276
3095	1411
3095	5363
3095	751
3095	3150
3095	5593
3095	3938
3095	8083
3095	3493
3095	9639
3095	3764
3095	2471
3095	1737
3095	5510
3096	4749
3096	5168
3096	12141
3096	4045
3096	5687
3096	12060
3096	8392
3096	8603
3097	1426
3097	3582
3098	12332
3099	8611
3099	6192
3100	12497
3100	10944
3100	8019
3100	7447
3100	6630
3100	12656
3100	11846
3100	5889
3100	4240
3100	1642
3100	2117
3100	10033
3100	7600
3100	6198
3100	11778
3100	9356
3100	9926
3101	3953
3101	11675
3102	6600
3102	7594
3102	11006
3102	3642
3102	3588
3102	4646
3102	3620
3102	6040
3102	756
3102	2082
3102	7420
3103	4365
3104	4701
3104	8056
3104	3897
3104	7227
3104	7959
3104	12672
3105	2431
3105	9503
3105	2553
3106	10197
3106	6512
3106	6155
3106	2259
3106	4805
3106	3198
3106	1253
3106	6970
3106	10721
3106	7248
3106	10108
3106	2556
3106	5981
3106	1413
3106	7432
3106	5564
3106	2209
3106	1892
3106	9973
3106	4144
3107	11683
3108	8773
3108	1412
3108	3673
3108	6675
3108	5712
3108	11972
3108	11457
3108	2632
3109	4263
3109	7068
3109	7087
3109	1043
3109	4256
3109	11840
3109	12650
3109	12319
3110	4558
3110	4514
3111	468
3112	5799
3112	12214
3112	9175
3112	1045
3112	9264
3112	3291
3112	10310
3112	5404
3112	11145
3112	12187
3112	12487
3112	1162
3113	3405
3113	9557
3114	4858
3114	2975
3114	4833
3114	6133
3114	9982
3114	5562
3114	5563
3114	6129
3114	5709
3114	4844
3115	5143
3116	5841
3117	4255
3117	11131
3117	580
3117	8486
3117	11710
3117	4920
3117	762
3117	990
3117	1222
3118	2132
3118	7442
3118	11450
3118	11960
3118	7186
3118	9882
3119	3923
3119	5681
3119	4320
3119	5986
3119	9897
3119	2580
3119	7927
3119	11557
3119	1657
3120	7899
3120	2444
3120	2447
3120	2449
3121	7283
3121	11383
3121	7625
3122	11925
3122	8218
3123	10995
3123	3979
3124	4518
3125	10459
3125	5029
3125	7337
3126	11623
3127	10767
3127	5636
3127	10365
3128	1897
3128	3168
3129	1134
3130	5910
3130	9520
3130	2458
3130	12231
3131	6400
3132	6180
3132	5993
3132	7128
3132	5854
3132	5578
3132	5245
3132	6361
3132	12020
3132	8106
3132	8178
3132	2447
3132	5500
3132	3872
3132	3487
3132	7174
3132	3349
3132	3488
3132	1993
3132	12512
3132	10339
3132	2273
3132	4489
3132	5037
3132	10934
3132	2696
3132	6483
3132	4561
3132	8065
3132	5599
3132	11238
3132	5605
3132	4251
3133	4294
3134	7930
3134	7600
3134	6629
3135	6172
3135	6746
3135	6968
3135	2290
3135	4914
3135	5855
3135	8005
3135	2291
3136	12571
3136	11936
3136	5140
3136	6866
3136	6918
3136	10988
3136	10777
3136	10791
3136	4859
3136	5424
3136	2778
3136	3598
3136	2395
3137	4556
3137	6199
3138	4226
3139	6937
3139	6936
3140	5486
3141	8168
3141	12768
3141	11914
3141	6310
3141	12726
3141	7914
3141	11871
3141	4226
3141	5993
3141	12454
3141	12765
3142	10031
3143	8920
3143	2737
3144	11675
3144	7650
3144	10898
3144	6307
3144	5419
3144	11897
3144	6652
3144	12330
3144	4666
3144	5215
3144	6702
3144	1200
3144	997
3145	5597
3145	7939
3146	5903
3147	8232
3147	12843
3147	12632
3147	6412
3147	12396
3147	10891
3147	12289
3147	12569
3147	8231
3147	7918
3147	4892
3147	4563
3147	5322
3147	12107
3147	6388
3147	12695
3147	7994
3147	7185
3147	7995
3147	4848
3147	12197
3147	4639
3147	3390
3147	7392
3147	12326
3147	3996
3147	3526
3147	3527
3147	10751
3147	7201
3147	11046
3147	11601
3147	5323
3147	5324
3147	3391
3147	3575
3147	5633
3147	10565
3147	10321
3147	6950
3147	11214
3147	10401
3147	11201
3147	11202
3147	7394
3147	7391
3147	7176
3148	1155
3148	8799
3148	4191
3148	3342
3148	12832
3148	10803
3148	2964
3148	9185
3148	9072
3148	9574
3148	5797
3148	2460
3148	963
3148	6554
3148	3916
3148	5131
3149	3319
3149	3577
3149	6630
3149	7155
3149	2747
3149	12538
3149	7332
3149	7915
3149	5583
3150	8950
3151	11910
3151	6707
3151	6261
3151	6978
3151	7152
3151	12081
3151	5659
3151	5893
3151	10968
3151	6922
3151	11351
3151	3973
3151	5608
3151	12691
3151	12048
3151	4377
3151	6028
3152	6350
3152	5105
3152	4144
3153	2779
3153	6133
3153	6824
3153	2204
3153	10458
3153	5284
3153	3970
3153	2519
3153	3691
3154	12045
3154	10953
3154	6035
3154	6907
3154	3885
3155	4816
3155	3362
3155	5320
3155	5993
3155	2513
3155	5316
3155	6461
3156	5031
3156	11744
3156	3804
3156	10092
3156	6051
3156	5481
3156	9711
3157	2316
3158	2210
3159	11327
3159	3973
3159	1937
3159	6655
3159	1426
3159	248
3159	249
3160	6632
3160	11523
3160	4370
3160	5595
3160	5546
3160	5036
3160	5064
3160	6281
3160	6069
3160	4518
3160	10795
3160	4130
3160	7065
3160	4613
3160	6940
3160	4158
3160	2681
3160	5289
3160	5475
3160	4844
3160	5709
3160	9913
3160	2292
3160	11972
3161	11866
3161	8046
3161	2818
3162	11297
3163	9936
3163	2747
3163	8524
3163	1989
3163	9411
3163	3091
3163	3504
3164	6625
3164	7436
3164	4005
3165	8790
3166	9604
3167	2275
3167	9547
3167	2542
3167	10987
3168	1936
3168	5467
3169	2259
3169	2688
3169	5564
3170	6180
3171	5404
3172	6357
3172	871
3173	5374
3173	12744
3173	5696
3173	2631
3174	7079
3174	11391
3174	11518
3174	12068
3175	2575
3175	3163
3175	9644
3175	3615
3175	4844
3175	4884
3175	7374
3175	3614
3175	10555
3176	1302
3177	4153
3177	3734
3177	10447
3177	10451
3177	4254
3177	3738
3177	4650
3178	5419
3178	4624
3178	10366
3178	5029
3178	5053
3178	4144
3178	10155
3178	2937
3178	10936
3178	7616
3178	4728
3178	6204
3178	10438
3178	6564
3178	12118
3178	4440
3178	10078
3178	5480
3178	9693
3178	2075
3178	790
3178	12242
3178	7081
3178	2072
3178	8635
3178	7513
3178	3677
3179	4256
3179	5993
3180	10100
3181	2273
3182	12807
3183	739
3184	11703
3185	617
3185	618
3185	3624
3185	3240
3185	4487
3185	2696
3186	9817
3186	835
3187	10404
3187	4765
3187	10406
3188	11834
3188	5572
3188	8146
3189	2967
3189	3118
3189	1230
3190	9129
3190	9513
3190	3989
3190	4150
3190	4531
3190	5638
3190	7871
3190	8580
3190	904
3191	7345
3192	5910
3192	12139
3193	2765
3193	5961
3193	4456
3193	10662
3193	4744
3193	11264
3193	5990
3193	11888
3193	12084
3193	6989
3193	8474
3194	11745
3194	5293
3194	4169
3194	4262
3194	10972
3194	12172
3194	10858
3194	5604
3194	11816
3194	5491
3194	11778
3194	6525
3194	5379
3194	11325
3194	6461
3194	4973
3194	6485
3194	6484
3194	3307
3194	11856
3194	6384
3194	6700
3194	6780
3194	12311
3194	12382
3194	7519
3194	7833
3194	8000
3194	11815
3194	6225
3194	5980
3194	12783
3194	4633
3194	10404
3194	5981
3194	4774
3194	4126
3194	5284
3194	5291
3194	11108
3194	5410
3194	4047
3194	5610
3194	11330
3194	11419
3194	5947
3194	4042
3194	4379
3194	7365
3194	6291
3194	7053
3194	5140
3194	11194
3194	7205
3194	7208
3194	7834
3195	4037
3196	11030
3196	9367
3196	5404
3196	1577
3196	2472
3197	9713
3197	6522
3197	6999
3198	9032
3198	3504
3198	1371
3198	7250
3199	10158
3199	10809
3199	8868
3199	11413
3199	5890
3199	9073
3199	5888
3199	4046
3199	7583
3199	7431
3199	6811
3200	8106
3200	11216
3200	10117
3200	2480
3200	5268
3201	5686
3201	5490
3201	5594
3202	7375
3202	4980
3202	4255
3202	3924
3202	4328
3202	11412
3202	193
3202	1965
3203	3925
3203	11239
3203	8173
3203	3937
3203	10288
3203	7999
3203	11795
3203	3938
3204	633
3204	125
3204	3990
3204	7639
3204	9116
3205	1425
3205	11191
3205	8164
3205	9186
3205	5534
3205	12225
3205	8224
3205	6579
3205	6934
3205	7210
3206	2339
3206	4040
3206	4457
3206	6129
3206	8020
3206	8882
3207	12017
3207	10901
3207	11450
3207	6303
3207	11563
3208	7184
3209	11707
3209	7996
3210	4011
3211	9373
3212	5279
3212	6040
3213	9707
3213	5260
3213	11150
3213	6260
3214	11164
3214	10532
3214	2187
3214	5224
3214	5292
3214	1667
3214	11976
3214	6871
3215	12124
3215	6163
3216	9840
3216	10743
3216	12232
3217	3979
3217	7116
3218	10343
3218	11286
3219	2960
3219	4463
3219	10594
3219	6860
3219	2949
3219	9333
3219	6738
3219	9242
3220	7032
3220	8018
3220	8005
3220	12511
3220	4111
3220	7138
3220	11828
3220	6359
3220	10413
3220	5146
3221	7067
3221	6627
3221	7862
3221	3364
3221	6286
3221	8970
3221	10928
3222	3369
3222	5643
3222	12487
3222	10259
3222	7939
3222	5950
3222	4513
3222	2378
3222	6206
3222	4158
3222	2967
3222	4138
3223	7065
3223	6985
3223	3586
3223	6478
3223	3545
3223	10089
3223	10658
3223	6747
3223	927
3223	1425
3224	6668
3224	11917
3224	6866
3224	8103
3224	4881
3224	7507
3224	1093
3224	739
3224	898
3224	1649
3224	689
3224	308
3224	464
3224	4579
3225	12386
3226	7948
3226	8053
3226	6821
3226	9462
3227	11492
3227	6776
3227	1664
3227	11835
3228	2975
3228	9982
3228	46
3229	2573
3229	2668
3229	2662
3230	10086
3230	2439
3230	7715
3230	6500
3230	7711
3231	5744
3231	6232
3231	4649
3231	9920
3232	11623
3233	3152
3234	1299
3234	1617
3234	2556
3234	3990
3234	6073
3234	6702
3235	2357
3236	4332
3236	3144
3236	7689
3237	10392
3238	6489
3239	11718
3240	948
3241	8037
3241	9253
3242	4252
3242	12461
3242	7740
3242	9856
3242	6149
3242	6315
3242	6165
3242	4997
3242	10403
3242	3975
3243	2480
3243	9261
3244	9285
3244	9095
3245	6530
3245	1200
3245	2271
3245	4190
3245	5134
3245	6287
3245	6477
3246	3169
3247	3375
3247	1912
3247	6825
3247	1186
3247	2314
3247	9726
3247	2253
3247	993
3247	10340
3247	3125
3247	1401
3247	5293
3247	3401
3247	5605
3247	3680
3248	646
3249	3840
3249	6414
3249	9216
3250	12547
3250	9746
3250	3504
3250	4262
3250	6781
3251	10866
3251	2617
3251	350
3252	7723
3252	10554
3252	2037
3252	10935
3252	312
3253	9403
3253	3025
3253	5720
3253	3096
3253	1306
3253	1070
3253	4893
3253	6244
3253	1619
3253	1958
3254	7070
3254	6815
3254	10853
3254	5149
3254	7724
3254	2033
3254	2498
3254	9961
3254	11507
3254	6795
3255	5610
3256	12131
3256	5143
3256	5634
3256	6448
3256	7406
3256	7620
3256	7624
3256	5521
3256	11172
3257	11373
3257	5606
3258	6281
3258	4057
3258	11755
3258	7862
3258	11452
3258	11813
3259	7736
3259	6488
3260	6080
3260	9141
3260	1310
3260	1402
3260	1975
3260	11459
3260	818
3260	5180
3260	8529
3260	7763
3260	6004
3260	7720
3260	8020
3261	10529
3261	5511
3261	5564
3262	2737
3263	8035
3263	3713
3263	11265
3264	10619
3265	2747
3265	12596
3266	4698
3267	3868
3267	5238
3267	5239
3267	9591
3267	4961
3268	1448
3268	8132
3269	12794
3269	10998
3269	11195
3269	11133
3269	7811
3269	7807
3269	2243
3269	12577
3269	3396
3269	6754
3269	6747
3269	6746
3269	12793
3269	6862
3269	6032
3269	8168
3269	4921
3269	1533
3269	11111
3269	3722
3269	3886
3269	4961
3269	7500
3269	3592
3269	7657
3269	1895
3269	4113
3269	7068
3269	5562
3269	2840
3269	5555
3269	3935
3270	2960
3270	3333
3271	5816
3272	9263
3273	9641
3273	6824
3273	3475
3273	10645
3273	2509
3273	5686
3273	12739
3273	5712
3273	2070
3273	10982
3273	9180
3273	6761
3273	5286
3273	5555
3273	5897
3273	11895
3273	3530
3273	12470
3274	8428
3274	871
3274	2322
3274	2773
3274	10302
3274	5662
3274	7673
3274	8924
3274	1958
3274	2578
3274	3486
3274	3492
3274	3493
3274	4255
3275	7769
3276	7347
3276	12722
3276	11976
3276	6149
3276	12645
3276	12761
3277	11661
3277	12179
3278	10280
3278	11341
3278	6561
3278	3685
3278	3067
3279	9283
3280	3733
3281	10983
3281	8272
3282	3697
3282	4675
3283	4405
3284	2842
3285	6708
3285	7238
3286	2144
3287	2460
3288	5245
3288	5614
3288	5578
3288	5610
3289	10305
3290	9028
3290	2166
3290	3488
3290	8083
3290	10882
3290	5160
3290	585
3290	3127
3291	11160
3292	7192
3292	1159
3293	10795
3294	10180
3294	3047
3294	5079
3294	2120
3295	6427
3295	5272
3295	1903
3295	1904
3295	1049
3296	9324
3296	3548
3297	7171
3297	4138
3297	4141
3297	3733
3298	5818
3298	7140
3298	12657
3298	8164
3298	3555
3298	7797
3298	8213
3299	10460
3299	5649
3299	7624
3299	2750
3299	11456
3299	7547
3300	8641
3301	5637
3302	2939
3302	5163
3302	8165
3302	7106
3302	2653
3302	7888
3302	1203
3302	5106
3303	7009
3303	8931
3304	1986
3304	6410
3304	6016
3304	7371
3304	8569
3304	777
3304	796
3304	2796
3305	10029
3305	3091
3305	12333
3305	3320
3306	7233
3306	2935
3306	12058
3306	1468
3306	1689
3306	2975
3306	5700
3306	12172
3306	10159
3306	11309
3306	12774
3307	412
3307	4569
3307	6553
3307	2236
3307	2526
3307	2650
3307	6955
3307	84
3308	5438
3308	5646
3308	1057
3308	2349
3308	2975
3308	3056
3308	3082
3308	5255
3309	6997
3309	7938
3309	5509
3309	12103
3309	2935
3309	10121
3310	8005
3310	11556
3310	7320
3311	11958
3311	10536
3312	9430
3313	10611
3313	11793
3313	3994
3313	2236
3313	2250
3314	1657
3314	3062
3315	4357
3316	11253
3316	8559
3316	6133
3316	4059
3317	2379
3317	3092
3318	10503
3318	6977
3318	5393
3318	6150
3318	3060
3318	11046
3318	12700
3318	9582
3318	11591
3318	10919
3319	7560
3320	3027
3320	4694
3320	3833
3321	12695
3322	7910
3322	1930
3323	8709
3323	11314
3323	11637
3323	8604
3324	12307
3324	1827
3324	8385
3324	623
3324	12317
3324	11129
3325	10275
3325	11636
3326	12805
3326	12164
3326	2692
3326	4588
3327	11194
3327	3098
3327	10924
3327	5606
3328	4801
3329	6839
3329	5751
3330	6713
3331	10661
3331	7030
3331	3769
3332	10994
3333	4611
3333	1153
3333	4111
3333	7250
3334	11824
3334	4614
3334	10496
3334	9211
3334	7122
3334	5736
3334	5734
3334	1746
3334	5826
3334	5732
3334	9263
3334	2484
3334	5998
3334	7163
3334	10070
3334	1306
3334	4159
3334	5949
3334	10421
3335	3314
3336	7387
3336	10383
3336	2087
3336	3979
3337	4127
3337	3479
3337	12080
3337	10373
3337	11157
3337	12059
3337	7723
3338	10759
3338	9627
3339	668
3339	6156
3340	6683
3340	10460
3340	2616
3341	12495
3341	3075
3342	3378
3342	7163
3342	9867
3342	11644
3343	8192
3343	12837
3344	6495
3344	404
3344	3592
3345	12795
3346	11154
3346	9091
3346	1764
3347	5410
3347	11797
3347	12707
3347	11365
3347	12720
3347	3333
3348	5150
3349	7525
3349	5256
3349	2117
3350	11905
3350	6898
3350	4670
3350	4353
3350	12015
3350	1159
3350	5087
3350	4113
3350	480
3350	5508
3351	6135
3351	1265
3351	11082
3351	12293
3351	2618
3352	2614
3352	2240
3353	2276
3353	6758
3354	3372
3355	2179
3356	11468
3356	11665
3357	3586
3357	1711
3357	9397
3358	7444
3358	2973
3358	2059
3358	4130
3358	4174
3358	5396
3359	7169
3360	3110
3361	6297
3361	12234
3362	9585
3363	3400
3364	9395
3364	12486
3364	8179
3364	7797
3364	5679
3364	7075
3365	10807
3365	5167
3365	12408
3365	2238
3366	10199
3367	11642
3368	7611
3369	11205
3369	10372
3369	10170
3369	3724
3369	12393
3369	12519
3369	12627
3369	6009
3369	4079
3369	5812
3369	6228
3369	12486
3369	3059
3369	3539
3370	2708
3371	1960
3371	3876
3372	8164
3373	6974
3373	7270
3374	7014
3374	8211
3374	6690
3374	12543
3374	7689
3374	10943
3374	3979
3374	5512
3374	3679
3374	11532
3375	4475
3375	9530
3375	4468
3376	9274
3377	6692
3377	12725
3378	3778
3379	6104
3379	3890
3379	621
3380	6445
3381	8216
3381	6276
3381	6749
3381	4136
3381	3331
3381	7583
3381	5087
3382	10775
3382	11315
3382	11316
3382	2102
3383	11094
3383	5562
3383	11234
3384	3339
3384	9812
3384	4955
3384	7247
3385	11949
3385	11900
3385	7294
3386	7096
3387	4240
3388	10489
3389	7770
3389	2914
3390	12693
3390	3755
3390	6242
3390	12784
3390	3696
3390	4681
3391	1958
3391	11304
3391	12549
3391	1927
3391	4397
3391	3244
3391	4058
3392	2240
3393	6331
3393	12458
3393	7807
3393	7811
3393	3790
3393	5857
3393	3663
3393	4796
3393	3734
3393	2884
3393	5241
3393	3544
3393	2395
3394	7493
3394	7886
3395	10941
3395	4285
3396	10244
3396	7342
3397	6472
3398	10485
3398	3991
3398	6241
3398	4858
3399	7283
3400	9823
3401	2736
3401	9643
3402	5743
3402	12607
3402	6627
3402	7016
3403	11644
3403	4135
3403	7410
3403	2643
3403	6187
3404	6922
3404	4064
3404	6550
3404	7169
3405	10151
3405	9515
3406	11394
3406	2092
3406	9533
3407	8815
3407	9808
3407	3074
3407	2725
3407	3405
3407	4210
3407	10827
3407	12057
3408	12074
3408	12134
3408	11302
3408	10866
3408	10867
3409	6229
3410	2013
3410	3204
3410	10613
3411	3928
3411	5803
3411	7627
3411	7444
3411	7190
3411	3881
3411	2614
3411	7720
3411	10640
3412	10516
3412	4731
3413	7720
3413	7492
3413	3689
3413	4466
3413	7444
3413	6488
3413	9860
3413	7973
3413	2654
3413	3315
3413	1794
3413	6330
3413	4844
3413	10772
3413	8161
3413	1103
3413	8665
3413	11177
3413	1341
3413	977
3413	8664
3413	9536
3413	9456
3413	6329
3413	2344
3414	650
3414	945
3414	2483
3415	6524
3415	11778
3415	5975
3415	5443
3415	3324
3415	6526
3415	12428
3416	12094
3416	4416
3416	2619
3417	3504
3417	6559
3417	3405
3417	9763
3418	4704
3418	5982
3419	11025
3419	10145
3419	12116
3419	3883
3419	4728
3419	2204
3419	5158
3419	2029
3420	7955
3420	11518
3420	7800
3420	11608
3420	2244
3420	5717
3420	8065
3420	10344
3420	5593
3420	10298
3420	4274
3420	12413
3420	4701
3420	4603
3420	12036
3420	12270
3421	1319
3421	5378
3422	2209
3422	4025
3423	7475
3423	10324
3423	6740
3423	7870
3423	11107
3424	12035
3424	4001
3425	9430
3425	8681
3425	815
3425	538
3425	7096
3425	3979
3425	6240
3425	6686
3425	7725
3426	871
3426	5732
3426	199
3427	2654
3427	7444
3427	5703
3427	775
3427	6123
3427	9040
3427	8266
3428	12215
3428	12342
3428	6623
3429	5711
3429	10592
3430	5215
3430	2239
3430	4747
3430	1245
3430	8509
3430	12714
3430	11228
3430	9781
3430	8328
3430	12489
3431	9996
3431	4854
3431	12243
3431	11144
3431	8711
3431	6911
3432	12741
3432	11101
3433	10327
3433	4614
3434	5239
3434	9147
3434	2188
3434	10322
3434	11463
3434	11814
3434	8989
3434	8914
3434	4183
3434	10475
3434	10842
3435	9404
3436	11140
3436	11305
3436	6535
3436	10025
3436	5277
3437	11793
3438	9951
3438	10117
3438	4430
3439	11463
3440	3361
3440	4160
3440	4255
3440	5446
3440	5511
3440	5489
3440	5396
3440	2242
3440	4126
3440	5950
3441	10162
3442	8012
3442	6707
3442	9326
3442	2271
3442	5761
3442	4920
3442	9250
3442	6133
3442	3601
3442	8007
3442	12046
3442	4858
3442	3488
3442	5750
3442	2090
3442	1223
3442	5224
3442	2795
3442	4971
3442	10461
3443	6466
3443	11027
3443	5601
3443	5842
3443	6130
3443	6271
3443	6320
3443	11065
3444	5496
3444	12194
3444	7576
3445	10642
3445	7182
3445	2931
3446	7899
3447	7645
3447	5649
3447	3470
3447	5460
3447	12372
3447	4111
3447	10734
3447	8156
3447	10755
3447	9356
3447	3333
3447	12811
3447	8028
3447	7413
3447	3167
3447	4011
3447	2480
3447	10886
3447	11763
3447	7154
3448	2127
3448	8222
3448	4661
3449	3696
3449	5263
3449	5302
3449	5406
3450	11438
3450	1797
3450	5562
3450	5563
3450	6932
3451	6488
3451	7444
3451	9210
3451	4666
3451	8718
3451	9272
3452	11994
3452	6780
3452	6781
3452	6700
3452	2566
3453	6249
3453	9614
3453	8890
3453	2839
3453	9899
3453	10350
3454	11564
3454	3371
3454	706
3454	1144
3454	1241
3455	6430
3456	10384
3456	3766
3457	6737
3457	10159
3457	4010
3457	4013
3457	3667
3458	4955
3458	12489
3459	11068
3459	12487
3460	10388
3460	6975
3460	5282
3461	2250
3462	3375
3463	3109
3464	3222
3464	7932
3464	9459
3464	11188
3464	6464
3464	7319
3465	11763
3465	8828
3466	7438
3467	6070
3467	8132
3467	6013
3467	5419
3467	10144
3468	11376
3468	9782
3468	5564
3468	3935
3469	4158
3469	2516
3469	5037
3469	6760
3469	4159
3469	4190
3469	6287
3469	12058
3470	12737
3470	5614
3470	5284
3470	6806
3470	6530
3470	4369
3470	6077
3470	6480
3470	6630
3470	4507
3470	4150
3470	11815
3470	5599
3470	7689
3470	5396
3470	5578
3470	10609
3470	8106
3470	9666
3470	2763
3470	7770
3470	3866
3470	3489
3470	6944
3470	5492
3471	2196
3471	6558
3471	12208
3471	12523
3471	11345
3471	6375
3471	4711
3471	12173
3471	5918
3471	6934
3471	12104
3471	4048
3471	4049
3471	5468
3471	7825
3471	12733
3471	6835
3471	8236
3471	5584
3472	4626
3473	8684
3474	6623
3474	8798
3475	5086
3476	11030
3476	6466
3477	8642
3477	2136
3477	2873
3478	4143
3479	8522
3479	9267
3480	1371
3481	5986
3482	2856
3482	2926
3482	7156
3482	1230
3482	665
3482	1219
3482	1528
3482	1783
3483	7815
3483	9485
3483	5659
3484	2218
3484	12160
3485	10024
3486	8516
3486	6615
3486	5919
3487	6530
3487	5717
3487	7319
3487	5194
3487	7542
3487	6784
3487	4240
3487	9630
3487	7444
3487	7172
3487	3935
3488	12482
3488	11743
3488	6494
3488	4834
3488	3034
3488	11812
3488	6130
3488	10727
3488	5950
3488	9647
3488	4872
3488	3800
3488	10902
3488	7862
3488	7676
3488	4314
3488	6481
3488	10212
3489	2942
3489	3430
3489	3584
3489	5193
3489	5284
3490	7045
3491	396
3491	8468
3491	783
3491	1748
3491	1965
3492	10553
3492	11826
3492	7238
3493	2659
3493	2892
3493	3339
3493	8554
3494	10691
3494	535
3494	9231
3494	2423
3494	9762
3494	5980
3494	8236
3494	6482
3494	9181
3494	2777
3494	7371
3494	5024
3494	11111
3494	5557
3494	3428
3494	11858
3495	4043
3496	5602
3496	5383
3496	12142
3496	4832
3496	5031
3496	5378
3496	6459
3496	5555
3496	5289
3497	8216
3497	6896
3497	6959
3497	6897
3497	6521
3497	6001
3497	5443
3498	7096
3499	11815
3499	6898
3500	9314
3501	6781
3501	4098
3501	6297
3502	6198
3502	8378
3502	4610
3502	8195
3503	6576
3503	8849
3503	9967
3503	1337
3504	2669
3504	695
3504	3533
3504	4834
3504	5508
3504	5562
3504	12639
3504	8619
3504	2349
3505	9920
3506	11231
3506	3994
3506	9030
3507	12561
3507	4823
3507	8079
3507	9797
3508	2300
3508	3727
3509	1209
3510	6925
3510	6708
3510	6331
3510	6330
3510	11260
3510	4141
3510	5605
3510	4138
3510	7146
3510	7773
3510	2240
3510	8957
3510	2341
3510	4262
3510	2933
3510	6030
3510	6474
3510	1519
3510	10531
3510	12096
3510	5407
3510	9167
3511	4624
3511	7749
3511	11677
3511	7452
3511	7862
3511	3951
3511	3721
3511	4511
3512	11935
3512	11983
3512	6659
3513	12792
3513	12111
3513	7078
3513	6683
3513	7738
3513	12691
3513	7507
3513	5889
3513	7140
3513	5638
3513	12151
3513	5886
3513	11257
3513	11883
3513	11914
3513	11291
3513	5147
3513	11912
3513	5294
3513	7609
3513	12241
3513	7629
3513	8079
3513	10471
3513	2556
3513	1796
3514	10758
3514	3786
3515	5797
3515	7474
3515	11278
3515	6389
3516	5853
3516	4861
3516	4055
3516	3724
3516	5874
3516	5249
3516	9906
3517	9650
3518	10114
3518	7352
3518	12307
3518	7699
3519	11222
3520	7919
3520	2580
3521	11238
3521	5595
3521	5920
3521	6129
3521	7862
3521	7500
3521	7442
3521	3001
3522	7481
3522	6244
3522	11756
3522	9144
3522	1809
3522	4388
3522	7519
3522	3486
3522	4126
3522	9130
3522	5555
3522	4107
3523	9685
3523	5284
3523	6133
3523	7560
3523	1672
3523	3171
3523	6641
3523	12101
3524	7547
3525	4667
3526	10003
3526	11386
3526	11293
3526	5871
3526	11294
3526	12822
3526	5869
3526	2783
3526	11748
3526	6992
3526	11389
3526	412
3526	9854
3526	8848
3526	8099
3527	10126
3527	5054
3527	4650
3527	7492
3527	7452
3527	1759
3527	5816
3527	3390
3527	2635
3527	1836
3527	3109
3527	8793
3527	2268
3527	4554
3527	591
3528	6397
3528	11229
3528	11987
3528	10188
3528	12288
3528	4252
3528	8089
3529	9082
3529	10282
3530	11882
3530	6141
3530	2094
3530	1661
3531	9755
3531	3795
3532	6331
3532	9399
3532	8003
3532	2425
3532	2426
3533	5879
3534	2737
3534	1314
3534	5446
3535	6440
3535	3411
3536	7167
3536	8765
3536	7692
3536	12562
3536	2975
3536	1005
3536	8769
3536	1356
3537	6326
3537	10900
3538	9978
3538	7918
3538	11955
3539	11105
3539	3030
3540	8528
3540	6995
3540	4983
3540	11846
3540	3193
3540	12327
3540	5173
3540	5914
3541	11124
3541	11956
3541	1503
3541	2212
3541	2215
3541	2640
3542	6180
3543	12162
3544	8608
3545	2489
3545	2854
3545	3433
3545	7990
3545	5547
3545	5623
3545	7680
3545	2995
3545	3632
3545	3733
3545	10767
3545	11273
3545	5851
3545	5854
3545	4850
3546	9453
3546	4827
3546	12635
3546	2327
3547	1829
3547	10869
3547	1072
3548	9160
3549	4749
3549	6145
3549	1977
3550	10951
3550	7897
3550	5901
3551	6876
3552	11252
3552	4775
3552	4387
3553	6770
3554	7124
3555	11439
3555	6839
3555	6789
3555	6608
3555	12405
3555	4072
3555	6558
3555	4350
3555	4669
3556	7986
3557	2640
3558	4507
3558	5595
3558	5455
3558	11149
3558	6129
3559	11567
3559	12325
3559	4111
3560	10797
3560	3734
3560	10626
3560	1697
3561	11810
3561	7835
3561	11873
3561	1710
3561	12609
3561	9849
3561	11086
3561	2512
3561	9891
3561	10575
3561	10380
3561	9271
3561	8909
3561	4984
3561	10088
3562	6374
3563	6133
3563	6145
3564	11426
3564	12584
3564	1705
3564	4506
3564	4792
3564	1667
3564	4649
3565	3827
3565	5272
3565	4442
3566	618
3566	1169
3567	2954
3567	6746
3568	12007
3569	3004
3569	4285
3570	3208
3570	4844
3570	5508
3571	2861
3571	12149
3571	7862
3572	4309
3573	7576
3573	7999
3573	2273
3573	896
3573	479
3574	11609
3575	5072
3575	11862
3575	10926
3575	5079
3575	6374
3575	5069
3575	3229
3575	4255
3575	11433
3575	11704
3575	6127
3575	11465
3576	3413
3576	6303
3576	2219
3576	11447
3577	5290
3577	5418
3577	4130
3577	4327
3577	12072
3577	3675
3577	10156
3577	4037
3577	9880
3577	6868
3577	2312
3577	2747
3578	3108
3579	9866
3579	5055
3580	11474
3581	10541
3581	2205
3581	6348
3582	3004
3583	4283
3583	6017
3584	8018
3584	7186
3585	4822
3585	4823
3585	4858
3585	7496
3586	2214
3586	10048
3586	9127
3586	7096
3587	5567
3587	629
3587	1456
3587	1457
3587	3106
3587	4298
3587	5790
3587	6806
3588	5795
3589	8488
3589	12278
3589	10113
3589	4597
3590	4728
3590	7196
3590	6375
3590	4145
3591	7244
3591	4277
3592	1771
3592	8106
3592	5662
3592	1755
3593	4801
3594	11216
3594	10508
3594	3520
3594	4364
3594	10598
3594	4476
3594	4478
3595	7613
3595	3164
3595	4476
3595	8231
3596	3696
3596	10678
3596	7578
3596	4477
3596	9675
3596	3163
3596	10322
3596	4118
3596	11398
3596	7356
3596	4627
3596	4849
3596	5255
3596	8917
3597	7720
3597	4849
3598	7938
3598	7332
3598	2556
3598	1868
3598	4649
3598	645
3598	8941
3598	2564
3598	12392
3598	7550
3599	2206
3599	4952
3599	4955
3600	2725
3600	3484
3600	10702
3601	2148
3601	5865
3601	7540
3602	4158
3602	12242
3603	1579
3603	3179
3603	6362
3604	6707
3604	11193
3604	6700
3604	6850
3604	2653
3604	4203
3604	8106
3604	3747
3604	7862
3605	8018
3605	6748
3605	8046
3605	7939
3605	7278
3605	7207
3605	7135
3605	6958
3605	6667
3605	6341
3605	6428
3606	6458
3606	6897
3606	6429
3606	4151
3606	2566
3607	11904
3607	3375
3608	8742
3609	3529
3610	7381
3610	7992
3610	9035
3610	4511
3611	9752
3611	2947
3611	12321
3611	12053
3611	7881
3612	12437
3612	11157
3612	2787
3612	3398
3612	1930
3612	10353
3612	4889
3612	8387
3612	5778
3612	8813
3612	4390
3612	2842
3612	9766
3612	9588
3612	12581
3612	405
3612	5947
3612	3825
3612	12616
3612	9492
3612	5716
3612	9068
3612	8079
3612	7545
3612	681
3612	5396
3613	5410
3613	4724
3613	7674
3613	11403
3613	12657
3613	4635
3613	5300
3613	10078
3614	6853
3614	7288
3614	6776
3614	8356
3615	4900
3615	9671
3616	10820
3616	3056
3616	7779
3617	4190
3617	983
3617	4046
3618	10755
3618	6494
3618	10717
3618	3937
3618	1716
3618	1719
3618	4955
3618	11951
3618	4849
3618	5924
3618	5740
3618	7974
3618	3856
3618	1785
3618	5646
3618	2927
3619	12831
3619	2117
3619	11082
3619	7163
3619	3768
3619	5396
3619	12194
3619	3204
3619	2072
3619	6623
3619	1896
3619	3259
3620	4675
3621	10486
3621	5067
3621	4634
3622	609
3622	3663
3623	10456
3623	2846
3623	6442
3624	10749
3624	2682
3624	8424
3625	9969
3625	10430
3625	2480
3625	11443
3625	6374
3625	7274
3625	4077
3625	7480
3625	3949
3626	5193
3627	2354
3628	7871
3628	12227
3628	12480
3628	10631
3628	3216
3628	10641
3629	6771
3629	4915
3630	12160
3630	10664
3630	4660
3630	9912
3631	7205
3631	9488
3632	10724
3633	4854
3633	9450
3633	7157
3633	2846
3634	4030
3635	5602
3635	6974
3635	7932
3635	11576
3635	6579
3636	12167
3637	6860
3637	10314
3637	4993
3638	5954
3639	7238
3639	7609
3639	2574
3639	9644
3639	3316
3639	4300
3639	11446
3639	3733
3639	3769
3639	1639
3639	2024
3640	4329
3641	7661
3641	11508
3641	11666
3641	3238
3642	5669
3642	10648
3643	1159
3644	5279
3645	1571
3646	1772
3646	11518
3646	7838
3646	12670
3646	2330
3646	3141
3646	9943
3646	4050
3647	1517
3647	2901
3647	10204
3647	4807
3647	7899
3647	1144
3648	735
3648	1903
3648	1904
3648	9461
3649	11168
3649	2257
3649	11667
3649	7920
3649	1994
3649	3954
3650	11399
3650	3506
3650	5135
3650	12275
3651	5663
3652	9097
3653	7888
3653	9887
3653	5064
3654	4930
3654	5564
3654	5697
3655	7720
3655	7582
3655	10032
3655	7197
3655	2737
3656	5834
3656	6157
3656	6201
3656	10824
3657	3778
3657	10474
3658	12016
3658	5082
3658	5320
3658	6974
3658	5843
3658	3450
3658	3449
3658	3436
3658	3452
3658	6596
3658	6595
3658	6597
3658	4067
3658	7319
3658	5775
3658	7417
3658	5483
3658	6001
3658	10119
3658	6523
3658	9040
3658	11878
3658	4794
3658	11778
3658	4365
3659	10287
3660	6884
3660	7583
3661	7552
3662	4513
3662	6242
3663	3191
3663	8232
3663	10097
3663	11572
3664	8021
3664	6748
3664	5476
3665	1448
3665	2228
3666	1201
3667	2933
3667	3125
3668	11100
3668	1941
3668	7430
3668	9593
3668	5135
3669	5709
3669	6289
3670	3946
3670	4084
3670	5036
3671	11605
3671	5500
3671	2453
3671	6344
3671	4089
3672	12631
3672	10775
3672	11722
3672	7002
3672	462
3672	926
3673	3374
3674	9647
3674	12544
3674	7741
3674	12552
3674	5432
3674	5598
3675	3664
3675	2716
3675	7075
3675	5505
3675	5506
3675	11945
3676	7144
3676	6961
3676	6897
3676	6959
3676	6429
3677	11109
3677	5288
3677	6673
3677	6510
3678	4111
3679	6766
3679	12553
3679	7490
3679	11799
3679	4072
3679	6090
3679	7222
3679	5585
3679	6831
3680	12486
3680	12172
3680	9743
3680	11411
3680	4801
3680	6992
3680	8119
3680	10181
3680	7768
3680	9313
3680	4145
3680	8000
3680	5158
3680	8801
3680	1006
3680	2212
3680	2240
3680	3548
3680	4182
3680	8420
3680	2785
3680	11453
3680	2193
3681	11999
3681	3329
3681	405
3681	8623
3681	1119
3682	7733
3682	10360
3682	5674
3682	11916
3682	7720
3682	9738
3682	7380
3682	7769
3682	2618
3682	8420
3682	6910
3683	8744
3684	8573
3684	818
3684	1125
3684	8993
3684	2004
3684	2749
3684	3096
3684	5180
3684	5914
3684	11811
3684	7657
3684	12796
3684	8208
3685	7017
3685	6924
3685	6575
3685	10187
3685	12811
3685	4597
3686	7776
3686	2291
3686	2292
3686	5053
3686	5435
3686	11933
3687	5278
3688	12340
3688	6900
3689	12563
3689	2361
3690	10164
3690	9941
3691	7993
3691	7519
3691	5393
3691	6932
3692	6514
3692	10084
3693	7474
3693	5799
3693	6359
3693	5404
3693	11326
3693	3890
3693	5384
3693	11169
3694	457
3694	8425
3694	709
3694	1257
3695	5783
3695	5835
3695	11357
3695	6201
3695	6156
3695	10445
3695	10446
3696	2845
3696	11188
3696	11280
3697	6954
3698	629
3698	4311
3698	7269
3698	5106
3698	11148
3699	4593
3699	4597
3699	8305
3700	3685
3700	8129
3700	9374
3700	2181
3700	5073
3700	9373
3700	1527
3701	1343
3701	4158
3702	8095
3702	5447
3702	3768
3702	7098
3702	1439
3702	1662
3702	3106
3702	5993
3702	6149
3703	3256
3704	6362
3705	10617
3705	10798
3705	11434
3705	11751
3705	11865
3705	6555
3705	11290
3705	4793
3705	2932
3705	9035
3706	7057
3707	2196
3708	12353
3708	10952
3708	5919
3709	8192
3709	3327
3709	7320
3710	10533
3711	6830
3711	7648
3711	2273
3711	993
3711	1023
3711	1064
3711	1065
3711	2967
3711	3949
3711	5171
3712	11691
3713	1698
3713	6286
3713	7013
3713	2295
3713	412
3714	10675
3714	10379
3715	11145
3716	4125
3716	5724
3716	5725
3716	639
3716	118
3717	7724
3717	11929
3717	12386
3717	6477
3718	11139
3719	5042
3719	5596
3719	4995
3719	12532
3719	7794
3719	4669
3719	4139
3719	10324
3719	7673
3719	3975
3719	9554
3719	2352
3719	8355
3719	10407
3720	5666
3720	5673
3721	5746
3722	11697
3722	12224
3722	7206
3722	7208
3722	6521
3722	5918
3723	2004
3724	6022
3724	10780
3724	2928
3724	10811
3725	11839
3725	7007
3726	2014
3726	3955
3726	5477
3727	8052
3727	7705
3727	8046
3727	7939
3727	6000
3727	6025
3727	2720
3727	1910
3727	1914
3727	3041
3727	2987
3727	3088
3728	5793
3728	11477
3728	4502
3728	7358
3728	4671
3729	7096
3729	11898
3729	5583
3729	8037
3729	4007
3729	10226
3729	7620
3729	3778
3729	3100
3729	7624
3729	8118
3729	11568
3729	3720
3729	12775
3729	2574
3729	10843
3729	2575
3729	11047
3729	7550
3729	4794
3730	6017
3730	12679
3731	12757
3731	8114
3731	8115
3731	12775
3732	2056
3732	10545
3732	5313
3733	3983
3734	3511
3734	1203
3734	5823
3735	4055
3735	5393
3735	6136
3735	5700
3735	11559
3735	3569
3735	1216
3735	9626
3735	10718
3735	12504
3735	7984
3735	2420
3735	4679
3736	10986
3736	5198
3736	12099
3736	7013
3736	10075
3736	5195
3736	10984
3736	5199
3736	5987
3736	5854
3737	10985
3738	6530
3738	7013
3738	3928
3738	5188
3738	9742
3738	10074
3738	10075
3738	3905
3738	3931
3738	10592
3738	5197
3738	2649
3738	2682
3739	11961
3740	11310
3740	8113
3740	4526
3740	1064
3740	1065
3740	6489
3740	4872
3740	2215
3741	4357
3741	6451
3741	6604
3742	3778
3743	5217
3744	5727
3744	4311
3745	7839
3746	6934
3746	7657
3746	9825
3747	8319
3748	9772
3748	10852
3748	7677
3748	5510
3749	5849
3749	11948
3750	5288
3750	8185
3750	5612
3751	11625
3751	10402
3751	11878
3751	6526
3751	5695
3751	7644
3752	4930
3752	5515
3752	7168
3752	506
3752	4955
3752	4318
3752	5562
3752	8011
3752	957
3752	2795
3753	2571
3753	2572
3754	7278
3755	11994
3756	10522
3756	7736
3756	11862
3756	4670
3756	5676
3756	8035
3756	5924
3756	7869
3756	12010
3756	11935
3756	6700
3756	7913
3756	4671
3756	4801
3756	10843
3756	11187
3756	6311
3756	6255
3756	5548
3756	12835
3756	2261
3756	11205
3756	5543
3756	6331
3756	6376
3756	4522
3756	2653
3756	4097
3756	10072
3756	9327
3756	4298
3756	4039
3756	7185
3756	2489
3757	7346
3757	11820
3757	5486
3757	12029
3757	11797
3758	11395
3758	9151
3758	5029
3758	5050
3758	5604
3759	1136
3759	1236
3759	1478
3759	3584
3760	7015
3760	1406
3760	8934
3760	2217
3760	2708
3761	10173
3761	3001
3761	3112
3761	10317
3761	1243
3761	2444
3761	7515
3761	9247
3761	8925
3761	3849
3761	4252
3761	5049
3761	2503
3761	5534
3761	1119
3762	3345
3762	3642
3763	4493
3763	6375
3764	12367
3764	12162
3765	4791
3765	12709
3766	4051
3766	2090
3766	1236
3766	3584
3767	10622
3767	2986
3767	4051
3767	945
3767	4243
3767	4843
3767	6453
3768	6420
3768	5656
3769	6815
3770	9376
3770	3530
3770	7290
3771	4255
3771	4294
3771	7382
3772	6961
3772	6896
3772	6897
3772	6646
3772	6427
3772	6520
3772	8021
3772	1316
3772	739
3772	478
3773	3685
3773	6993
3773	10471
3774	2371
3774	3948
3775	9602
3775	6687
3776	12475
3776	6684
3776	1183
3776	11190
3776	12376
3776	7481
3776	8640
3776	570
3777	6698
3778	9975
3778	7017
3778	2499
3779	9682
3779	5110
3780	8106
3780	5260
3780	4255
3780	7250
3780	12486
3780	9990
3780	5887
3780	4621
3780	8182
3781	12005
3781	7481
3781	8075
3781	11289
3781	1521
3781	5075
3781	2714
3781	6823
3781	6831
3781	308
3781	339
3781	228
3781	227
3781	168
3782	5343
3782	1694
3782	4955
3782	7420
3782	6118
3782	2697
3782	5673
3782	5147
3783	10511
3783	5649
3784	8157
3784	4136
3784	4138
3784	4141
3784	11236
3784	11237
3784	5603
3784	6330
3785	11473
3785	7495
3786	9542
3786	7749
3786	11753
3786	5029
3786	10320
3786	4057
3787	6427
3787	1032
3787	1034
3788	6762
3788	8099
3789	9435
3790	4141
3790	7264
3790	8190
3790	3199
3791	11778
3791	5446
3791	5042
3791	8106
3791	4255
3792	6962
3793	10875
3793	10200
3793	4814
3794	11083
3794	3878
3794	5284
3794	5987
3794	5854
3794	4539
3794	6109
3794	10633
3794	5700
3794	12163
3794	3128
3794	4568
3794	4126
3794	11024
3794	5293
3794	7218
3794	10169
3794	5500
3794	4397
3794	2240
3794	7624
3794	2321
3794	4190
3794	6181
3794	12264
3794	1660
3794	2309
3795	11303
3795	11669
3795	11844
3795	7441
3795	10708
3795	6802
3795	5031
3795	4043
3795	6796
3795	5266
3795	1748
3796	5289
3797	3186
3797	1302
3797	2713
3797	1049
3797	1003
3797	1077
3797	832
3797	1895
3797	461
3798	12373
3798	12640
3798	12329
3798	7426
3799	11820
3799	12412
3799	3901
3799	4861
3799	5595
3800	1832
3800	6016
3800	630
3800	754
3800	854
3800	1766
3800	1795
3800	2808
3801	7616
3801	11635
3801	4111
3801	7250
3801	965
3801	1336
3802	7705
3802	8026
3802	2105
3802	2933
3803	1278
3804	11751
3804	7731
3805	4618
3805	2687
3806	10390
3807	3870
3807	4912
3807	6928
3807	12023
3807	5932
3807	4976
3807	11347
3808	8075
3808	9806
3808	11646
3809	4615
3809	12457
3809	7770
3809	2070
3809	4436
3809	5562
3809	5785
3809	5951
3810	12180
3811	8164
3812	8053
3812	5649
3812	4449
3813	3111
3813	12510
3813	5536
3813	8030
3814	3320
3814	5926
3814	6630
3815	6495
3815	579
3815	3113
3816	8877
3816	1571
3816	9135
3817	8231
3817	6950
3817	7261
3817	10848
3817	5064
3818	8063
3819	9869
3819	9884
3819	9813
3819	10889
3819	9758
3819	6469
3819	5909
3820	10728
3820	12719
3820	410
3821	12212
3821	7989
3821	4728
3821	4145
3822	5915
3823	11355
3823	5836
3824	8135
3824	8558
3824	9812
3825	12675
3825	9234
3825	11079
3825	11687
3826	9325
3826	3899
3826	3979
3826	4255
3826	2239
3826	4394
3826	5919
3827	11203
3827	1422
3828	6069
3828	6133
3829	5841
3830	11424
3830	951
3831	11755
3832	5715
3832	9033
3832	2193
3832	2202
3833	8026
3833	3979
3833	4669
3833	1908
3833	1915
3833	2981
3833	1326
3833	1327
3833	1649
3833	560
3833	11392
3833	678
3833	2387
3833	284
3834	12677
3834	9151
3835	11985
3835	11927
3835	8060
3836	10886
3836	5709
3836	2185
3836	8566
3836	12584
3837	6735
3838	5145
3839	10660
3839	3421
3840	2694
3840	2967
3840	6172
3840	5119
3840	6264
3840	3981
3841	2300
3841	9971
3841	7663
3841	2082
3841	10912
3841	7060
3841	6240
3842	7168
3842	2754
3843	8903
3844	3979
3844	6098
3844	5242
3844	4007
3844	5583
3844	4610
3844	2735
3844	5795
3844	11317
3844	7776
3844	5721
3844	7698
3844	11327
3844	288
3844	4751
3844	9680
3844	11328
3845	3246
3845	7097
3846	2556
3847	5305
3847	4046
3847	4037
3847	4049
3847	11276
3847	3367
3847	7813
3848	12503
3848	6788
3848	4507
3848	10638
3849	2924
3849	8525
3850	6228
3850	5370
3850	10588
3850	5893
3850	8153
3850	1425
3850	2206
3850	3324
3850	9997
3850	4210
3851	11175
3851	2952
3852	8807
3853	6417
3854	6025
3854	5476
3854	12425
3854	1905
3854	2569
3854	4790
3854	1696
3854	3466
3854	1093
3854	1327
3854	1087
3854	1188
3854	2719
3855	3314
3855	3319
3855	5556
3855	5846
3855	6776
3856	6296
3857	11419
3857	8168
3857	11238
3857	7444
3857	7583
3858	8052
3858	8018
3858	6520
3858	1909
3858	1914
3858	2014
3858	2569
3858	2171
3858	1695
3858	9646
3858	877
3858	561
3858	1069
3858	478
3858	686
3858	689
3858	204
3858	280
3858	378
3859	10808
3860	8021
3860	7939
3860	6341
3860	6025
3860	4979
3860	4511
3860	2525
3860	2372
3860	1316
3860	1643
3860	5075
3860	877
3860	1003
3860	561
3861	6427
3861	6358
3861	5595
3861	1401
3862	11438
3862	7207
3862	6003
3862	2566
3862	2010
3863	4544
3864	5309
3864	6846
3864	9873
3864	6314
3864	10641
3864	479
3865	9337
3866	4825
3866	4910
3866	5305
3866	6555
3866	6712
3866	6769
3866	7720
3866	8195
3866	11969
3866	6970
3866	12643
3867	11823
3867	9651
3867	9198
3867	2635
3868	2716
3868	6831
3869	12339
3869	5524
3869	12638
3869	11945
3869	11698
3869	11695
3869	7041
3869	6345
3869	12131
3869	10682
3869	11620
3870	8046
3870	7705
3870	6537
3870	6528
3870	12311
3870	4511
3870	2720
3870	2716
3870	6655
3870	1904
3870	2465
3870	1371
3870	1403
3870	2170
3870	1091
3870	1185
3870	8854
3870	1205
3870	1187
3870	2850
3870	1628
3870	9676
3870	8711
3870	1319
3870	300
3871	6772
3871	12266
3871	5659
3871	5873
3871	5638
3871	10283
3871	8106
3871	2689
3871	4580
3871	7482
3872	8018
3872	7705
3872	7607
3872	6341
3872	6527
3872	6024
3872	6023
3872	3665
3872	2718
3872	3779
3872	3186
3872	2395
3872	2011
3872	1904
3872	2569
3872	7755
3872	2105
3872	920
3872	6195
3872	1008
3872	1097
3872	2172
3872	2307
3872	1326
3873	11984
3874	8008
3874	9333
3874	6887
3875	6281
3875	6923
3876	12414
3876	5288
3876	5656
3876	5082
3876	3350
3876	8406
3877	3082
3878	4459
3878	3015
3878	8656
3879	5571
3879	6640
3879	5911
3880	4578
3880	7797
3880	6985
3880	6806
3880	3918
3881	1363
3881	4502
3881	2406
3882	5804
3883	12169
3883	12578
3883	7628
3884	11661
3884	5396
3884	12548
3884	7452
3884	11844
3885	2657
3886	12138
3887	11438
3887	12564
3887	8098
3888	3047
3888	11599
3888	1801
3888	3610
3888	4051
3889	11255
3890	10883
3890	12625
3890	6658
3890	1797
3890	5261
3891	1975
3892	12213
3893	9136
3893	12105
3893	9662
3893	1474
3894	6069
3895	3840
3895	6911
3896	9154
3896	2312
3897	12316
3897	12022
3897	11934
3897	4583
3897	3973
3897	7720
3898	5605
3898	6310
3898	12301
3898	11670
3898	6757
3898	7406
3898	7476
3898	7620
3898	6026
3898	12385
3898	12769
3898	6974
3899	6587
3899	4628
3900	6860
3900	8589
3901	12566
3901	7250
3901	12052
