new_user_id	all_avg_price	first_seven_avg_price	last_three_avg_price
0	134.21	155.32	56.83
1	180.52	167.39	192.45
2	172.86	206.88	118.44
3	130.29	159.25	91.67
4	196.50	261.67	131.33
5	188.78	173.78	281.30
6	89.03	85.34	105.30
7	136.53	126.62	176.17
8	86.95	58.35	128.25
9	201.33	181.67	211.17
10	351.70	404.67	272.25
11	196.23	83.70	365.03
12	64.15	58.64	78.33
13	651.98	781.78	219.33
14	49.93	53.13	46.27
15	3860.01	4248.10	2437.00
16	206.74	224.62	155.11
17	120.45	131.33	85.98
18	575.52	873.87	120.88
19	93.72	98.84	70.67
20	271.00	286.30	240.40
21	174.03	131.94	223.13
22	900.21	1064.91	296.33
23	109.61	80.83	148.00
24	293.22	236.79	352.78
25	256.15	230.75	294.25
26	194.55	159.03	336.67
27	204.92	150.53	354.50
28	479.11	266.00	905.33
29	220.65	227.83	203.40
30	78.08	80.84	73.18
31	214.12	211.49	217.80
32	291.91	237.09	415.25
33	146.79	89.00	190.12
34	240.00	223.82	284.50
35	189.54	177.30	230.33
36	148.52	33.45	214.27
37	168.88	193.27	158.43
38	79.39	77.73	84.97
39	235.45	261.88	163.71
40	83.44	79.97	92.67
41	108.07	106.24	123.33
42	1497.76	1254.19	1996.48
43	144.00	163.35	79.49
44	150.44	148.58	156.50
45	463.00	451.33	474.67
46	478.94	286.40	719.62
47	53.56	63.45	45.65
48	269.47	280.06	239.47
49	53.92	37.34	92.60
50	779.62	366.53	1493.14
51	283.36	296.29	191.00
52	1139.18	285.80	5771.80
53	862.67	863.14	861.14
54	292.09	292.25	291.67
55	114.57	129.75	94.33
56	2062.80	2341.08	1033.16
57	1001.79	1221.39	167.31
58	263.61	282.25	226.33
59	459.17	524.67	328.17
60	290.73	302.74	263.29
61	504.88	304.33	625.20
62	263.37	262.89	268.33
63	368.90	223.93	683.00
64	510.14	333.25	746.00
65	76.00	69.33	82.67
66	268.39	211.84	400.33
67	883.13	833.41	1145.93
68	121.46	123.92	117.08
69	234.17	229.87	251.36
70	240.96	247.14	227.22
71	85.93	61.27	108.83
72	655.17	1165.33	145.00
73	98.48	110.00	81.20
74	196.09	272.23	94.57
75	306.51	284.24	327.47
76	72.12	73.60	64.47
77	220.27	208.43	241.00
78	89.18	87.73	104.13
79	3626.00	1683.86	4861.91
80	416.45	129.24	1182.33
81	320.27	466.65	137.29
82	186.14	214.76	114.58
83	279.44	81.40	626.00
84	189.68	78.25	273.25
85	202.43	358.33	85.50
86	155.50	95.33	215.67
87	211.39	215.70	191.60
88	121.66	119.25	124.08
89	136.60	159.86	82.33
90	693.89	603.33	875.00
91	1473.89	1291.17	1839.33
92	101.97	125.50	70.60
93	256.08	302.25	163.75
94	267.12	243.50	290.75
95	389.12	541.40	135.33
96	313.82	321.00	309.71
97	1719.16	2651.44	520.50
98	365.00	397.83	315.75
99	153.40	184.61	44.17
100	88.81	41.44	171.70
101	97.40	98.75	90.05
102	349.09	324.75	414.00
103	724.83	611.41	1084.00
104	176.27	242.30	136.65
105	437.88	168.76	706.99
106	201.99	239.33	157.18
107	175.29	173.83	176.94
108	425.55	1069.00	184.25
109	50.20	38.51	71.91
110	101.89	97.73	116.88
111	191.30	206.86	155.00
112	568.27	656.00	217.33
113	64.41	69.62	29.67
114	579.00	666.75	491.25
115	202.69	136.20	291.33
116	83.52	87.95	72.45
117	113.83	103.33	124.33
118	52.99	56.07	44.68
119	199.76	215.01	136.45
120	390.46	416.58	334.98
121	107.68	122.79	81.99
122	99.96	39.24	221.40
123	120.79	96.02	163.26
124	61.00	29.89	102.47
125	208.72	207.78	209.83
126	896.25	1265.33	674.80
127	708.51	778.04	430.40
128	374.13	380.95	351.98
129	306.71	253.00	378.33
130	542.12	606.40	434.98
131	240.56	294.76	159.27
132	290.55	300.08	197.10
133	719.22	486.50	905.40
134	267.57	288.25	240.00
135	203.14	168.12	249.83
136	278.21	195.85	406.33
137	220.03	299.71	140.34
138	93.29	102.27	75.33
139	129.30	151.72	105.27
140	114.52	116.36	104.89
141	161.20	152.43	181.67
142	369.91	535.43	138.18
143	105.99	116.66	50.00
144	1013.30	1035.33	991.27
145	483.55	144.13	915.54
146	52.16	60.75	33.77
147	612.60	751.00	533.51
148	181.20	234.46	136.82
149	136.25	114.06	225.00
150	269.44	372.40	140.75
151	577.50	356.75	1166.17
152	366.48	420.82	185.33
153	192.02	174.74	254.20
154	407.11	372.07	529.75
155	165.80	189.67	141.93
156	286.85	265.04	319.56
157	109.57	105.27	125.33
158	277.12	282.20	268.67
159	430.36	457.46	365.00
160	264.38	267.84	259.10
161	69.01	77.08	20.60
162	845.00	825.30	884.40
163	161.93	216.92	67.66
164	152.41	148.19	163.67
165	68.64	59.64	79.13
166	245.35	242.40	249.57
167	167.30	84.16	271.22
168	284.97	86.22	788.49
169	271.97	252.50	297.93
170	376.62	453.80	248.00
171	514.11	608.17	326.00
172	52.47	29.68	113.27
173	311.07	308.80	319.75
174	66.03	92.70	39.36
175	307.04	315.50	245.00
176	379.78	600.88	180.79
177	468.19	528.15	208.33
178	278.19	282.80	268.50
179	326.46	291.56	405.00
180	151.59	117.09	214.83
181	149.49	119.90	258.00
182	72.72	42.19	103.24
183	249.18	284.50	155.00
184	271.06	229.75	326.15
185	382.34	336.45	468.00
186	556.31	567.69	507.00
187	208.00	304.86	111.14
188	376.46	352.44	430.50
189	182.74	155.18	228.67
190	201.39	265.66	30.00
191	5276.37	4875.69	7413.33
192	204.44	218.00	177.33
193	473.59	406.41	574.35
194	275.07	277.85	267.67
195	552.43	859.75	142.67
196	87.97	86.93	88.75
197	202.43	146.00	277.67
198	287.41	287.91	285.00
199	245.40	253.29	221.74
200	205.67	226.25	193.91
201	377.69	327.88	477.33
202	1396.78	1430.20	1355.00
203	542.87	750.47	127.67
204	385.66	191.22	597.78
205	449.69	365.56	639.00
206	128.96	152.60	100.60
207	233.91	280.69	171.53
208	624.46	650.00	496.75
209	225.88	208.66	255.41
210	617.85	802.14	187.83
211	355.96	368.40	273.00
212	502.20	632.38	111.67
213	83.76	58.46	121.69
214	216.03	251.69	123.30
215	112.55	73.01	166.47
216	210.21	322.00	66.48
217	64.18	41.12	93.00
218	414.52	374.49	473.11
219	175.75	193.38	118.45
220	105.91	105.01	107.70
221	191.41	152.56	300.20
222	70.06	82.69	40.60
223	105.27	103.99	111.67
224	227.56	226.15	231.58
225	271.83	402.67	141.00
226	1152.21	1240.79	620.75
227	211.27	227.62	167.67
228	180.59	172.58	190.20
229	444.80	457.00	425.28
230	2436.20	3175.67	1327.00
231	270.50	225.80	345.00
232	536.71	610.33	481.50
233	2745.50	2411.94	3113.58
234	185.24	143.56	289.45
235	56.80	80.33	33.27
236	79.13	65.28	100.52
237	81.13	42.97	163.82
238	517.92	423.93	637.55
239	166.56	136.22	207.00
240	140.19	156.75	123.62
241	101.06	108.35	66.45
242	361.69	215.38	508.00
243	179.63	195.40	159.92
244	125.90	109.42	179.47
245	153.73	159.09	113.86
246	92.20	76.15	124.30
247	43.24	29.26	75.87
248	374.50	384.75	354.00
249	72.59	75.67	61.83
250	241.89	308.15	142.50
251	142.71	144.42	141.51
252	1713.59	2124.24	317.40
253	282.87	278.20	287.54
254	201.29	205.82	186.17
255	98.09	110.20	77.90
256	288.27	259.50	322.80
257	34.71	33.36	36.40
258	228.39	240.06	195.33
259	162.00	65.00	258.99
260	170.11	172.30	157.40
261	189.57	202.57	76.93
262	138.65	191.67	85.63
263	291.10	249.29	345.78
264	327.47	304.61	385.89
265	166.35	144.98	192.00
266	169.88	197.16	142.60
267	182.09	188.69	140.33
268	269.43	313.73	199.83
269	185.72	162.54	263.00
270	228.96	243.33	113.97
271	49.86	57.55	8.83
272	231.69	222.57	270.00
273	126.34	129.75	121.22
274	250.67	159.00	449.29
275	203.29	137.67	252.50
276	35.36	14.45	52.08
277	409.09	518.76	226.30
278	310.67	206.00	415.33
279	653.47	783.25	134.33
280	2248.43	2585.75	1798.67
281	52.99	67.09	22.77
282	155.11	151.33	162.67
283	137.90	191.67	114.86
284	279.35	299.09	230.00
285	188.28	180.71	208.12
286	53.55	58.30	41.69
287	185.73	172.30	263.60
288	167.83	120.32	215.34
289	207.49	207.23	209.20
290	124.63	208.67	40.59
291	456.09	651.76	215.26
292	474.47	457.22	507.25
293	257.76	185.69	365.87
294	307.57	305.25	312.20
295	1878.29	1646.41	2728.50
296	1256.53	1772.77	445.29
297	189.82	215.16	150.00
298	15862.42	21367.06	449.40
299	80.22	78.14	98.27
300	2311.54	2739.40	885.33
301	85.50	78.00	93.00
302	304.45	328.00	241.67
303	514.94	665.80	263.50
304	174.44	133.55	210.79
305	371.88	493.09	105.20
306	132.33	124.32	156.33
307	513.92	466.75	608.25
308	257.12	245.68	273.85
309	593.12	1067.64	118.61
310	256.86	230.75	291.67
311	152.70	150.01	158.75
312	93.52	108.64	80.73
313	267.85	267.42	268.70
314	2957.78	3017.00	2878.81
315	410.42	490.02	171.63
316	108.62	124.33	92.91
317	253.12	152.00	421.67
318	87.96	94.46	71.05
319	120.78	123.06	114.40
320	119.01	109.77	180.67
321	289.94	295.16	260.33
322	389.00	434.88	297.25
323	144.18	158.13	111.22
324	245.45	249.92	230.53
325	378.11	471.08	192.17
326	101.45	113.85	47.24
327	324.18	344.73	206.00
328	66.03	58.97	77.50
329	149.80	162.14	121.00
330	312.14	292.75	338.00
331	315.48	390.74	197.68
332	133.21	139.98	125.60
333	498.45	493.53	512.00
334	175.72	192.17	155.98
335	120.35	135.20	86.92
336	363.52	445.92	332.62
337	34.86	55.57	5.86
338	495.33	231.33	759.33
339	246.70	336.67	208.14
340	46.92	43.15	76.12
341	96.03	108.07	74.36
342	130.95	129.59	142.86
343	109.91	75.83	144.00
344	515.21	621.62	373.33
345	413.61	499.00	271.30
346	245.47	181.99	334.36
347	329.41	278.38	404.54
348	85.59	81.94	91.67
349	180.06	173.43	207.90
350	1297.81	1022.37	2045.43
351	290.70	297.90	272.98
352	119.11	103.60	138.50
353	209.63	204.72	234.20
354	87.73	74.78	105.00
355	127.02	211.83	42.20
356	329.56	329.17	330.33
357	281.74	278.58	289.43
358	641.68	718.71	237.25
359	173.38	115.30	260.50
360	386.86	349.28	527.75
361	123.12	87.30	230.60
362	236.50	225.80	244.14
363	1047.03	1593.06	282.60
364	78.00	83.50	70.67
365	259.60	358.40	160.80
366	140.51	137.35	156.33
367	693.65	941.36	115.67
368	698.32	594.09	929.12
369	274.24	287.07	252.87
370	229.75	77.25	382.25
371	134.43	126.03	156.02
372	86.59	65.35	140.67
373	1017.33	299.00	1735.67
374	223.58	248.12	174.47
375	330.96	358.61	234.21
376	111.09	88.16	139.75
377	98.53	104.76	86.05
378	119.06	131.75	106.38
379	519.00	130.50	1037.00
380	340.51	34.33	570.14
381	203.78	169.88	264.80
382	228.93	244.73	179.29
383	93.76	125.78	53.75
384	225.87	111.67	282.97
385	226.17	235.67	205.83
386	315.86	408.25	204.99
387	185.41	219.12	95.53
388	131.87	145.80	104.00
389	331.33	100.19	735.83
390	134.51	140.78	120.41
391	101.10	97.97	106.10
392	702.08	706.66	674.60
393	302.05	129.79	428.99
394	147.71	150.65	134.97
395	209.85	138.96	328.00
396	196.93	208.25	190.46
397	83.24	90.11	71.80
398	148.11	163.29	130.41
399	495.43	403.87	605.30
400	214.52	93.33	305.41
401	67.03	36.87	114.41
402	356.96	310.76	435.50
403	124.76	151.66	84.39
404	550.30	971.04	213.71
405	266.99	242.65	292.85
406	36.23	66.97	5.50
407	186.88	255.00	152.82
408	274.43	267.10	287.47
409	301.83	198.87	353.32
410	120.14	49.00	173.50
411	232.26	219.83	303.75
412	321.75	355.46	175.67
413	289.23	337.30	129.00
414	188.92	208.96	100.74
415	53.36	48.68	64.27
416	64.40	45.88	88.36
417	207.51	176.41	304.47
418	289.09	422.50	75.64
419	167.60	132.00	250.67
420	364.75	344.38	405.50
421	152.76	153.81	146.97
422	112.96	119.74	94.12
423	208.58	205.76	215.43
424	183.67	204.00	163.33
425	330.36	268.50	495.33
426	61.65	56.04	89.67
427	139.09	166.56	75.00
428	160.20	154.80	193.95
429	480.93	567.78	415.80
430	44.14	42.17	46.10
431	194.81	273.93	115.70
432	770.00	1472.17	243.38
433	138.92	138.36	139.80
434	370.88	208.60	641.33
435	168.08	171.17	165.00
436	1330.77	1817.86	135.16
437	277.38	289.80	184.22
438	415.63	492.80	333.92
439	149.40	145.32	157.55
440	268.02	473.12	158.63
441	172.40	105.50	272.75
442	1763.38	2026.54	623.00
443	673.39	701.74	526.92
444	126.81	127.22	124.87
445	180.88	193.19	159.53
446	67.41	65.00	70.63
447	257.78	345.00	214.17
448	59.88	67.38	52.38
449	1239.92	611.80	3607.46
450	190.56	180.00	195.25
451	332.31	250.95	397.40
452	227.05	165.45	391.33
453	216.63	278.13	109.00
454	244.31	193.00	269.97
455	165.12	187.20	128.33
456	397.66	415.66	379.67
457	345.15	373.78	202.00
458	79.96	58.22	145.20
459	1355.52	1525.00	465.75
460	209.53	69.45	321.60
461	199.68	239.47	159.88
462	902.40	972.91	708.50
463	58.46	31.81	120.67
464	109.12	108.00	111.75
465	112.63	114.37	110.22
466	218.44	237.39	180.55
467	157.18	213.62	81.91
468	829.25	975.14	382.44
469	236.18	245.25	212.00
470	130.95	134.65	115.25
471	189.72	114.20	340.75
472	122.15	123.06	121.35
473	203.67	196.60	212.50
474	2093.87	3056.50	168.60
475	211.50	119.10	254.99
476	396.53	399.60	385.00
477	164.26	25.00	373.15
478	340.87	323.07	378.09
479	212.61	146.22	279.00
480	218.39	141.19	321.33
481	781.79	819.14	744.43
482	229.57	318.00	111.67
483	191.67	199.50	176.00
484	1490.36	1526.98	1364.20
485	299.30	350.40	128.97
486	157.84	161.68	150.16
487	176.23	179.30	166.00
488	125.93	101.25	175.30
489	409.77	401.98	426.59
490	121.38	93.10	144.00
491	137.97	40.93	235.00
492	222.05	186.83	374.67
493	214.48	220.59	204.10
494	215.74	220.94	211.36
495	903.59	1043.14	252.33
496	2193.38	1792.52	3058.37
497	172.33	191.94	119.09
498	255.00	336.00	120.00
499	155.76	146.33	190.33
500	35.47	36.14	33.85
501	184.94	255.13	119.13
502	76.37	44.45	118.93
503	220.00	206.50	247.00
504	150.81	162.99	98.00
505	148.84	158.54	136.36
506	1411.62	447.67	1990.00
507	116.86	65.16	168.57
508	310.77	141.65	431.57
509	166.66	246.50	102.78
510	837.84	576.98	1583.18
511	377.45	220.59	521.24
512	193.20	296.60	20.87
513	139.99	136.84	153.67
514	652.44	708.82	532.62
515	1180.44	1592.33	974.50
516	176.10	164.19	220.75
517	333.46	330.12	338.80
518	1593.71	625.67	2319.75
519	1248.78	417.25	1914.00
520	267.15	298.83	211.11
521	176.71	280.33	99.00
522	923.82	1219.00	136.67
523	930.88	1003.71	874.22
524	1359.05	1165.84	1552.25
525	125.36	140.24	80.72
526	86.33	77.43	115.39
527	83.99	80.33	90.39
528	360.12	327.56	381.83
529	128.90	136.86	113.00
530	105.97	112.46	70.27
531	409.19	366.60	539.80
532	178.79	185.37	108.06
533	89.30	65.97	112.63
534	77.57	100.25	47.33
535	281.28	243.80	328.12
536	109.09	109.27	108.40
537	486.40	434.17	554.30
538	513.81	466.00	575.29
539	123.45	151.75	95.15
540	31.40	35.05	24.10
541	124.68	104.55	195.13
542	67.83	62.60	111.78
543	345.09	384.71	275.75
544	487.63	527.27	226.00
545	112.45	111.67	114.22
546	158.89	156.13	165.33
547	199.11	193.43	202.73
548	300.25	262.83	337.67
549	270.78	311.06	119.75
550	172.44	172.30	172.53
551	3929.42	6063.37	195.00
552	881.20	457.50	1163.67
553	123.44	126.98	119.08
554	91.46	102.00	83.94
555	6222.33	5964.14	7126.00
556	289.50	257.00	365.33
557	84.43	89.91	81.94
558	301.80	339.50	247.94
559	561.98	1369.33	319.78
560	268.21	285.13	247.29
561	660.78	764.00	454.33
562	90.98	88.59	106.92
563	484.38	464.00	518.33
564	109.09	179.17	49.02
565	202.77	208.82	183.10
566	11675.08	15600.44	2843.00
567	13.59	4.09	19.93
568	136.75	156.75	116.75
569	142.90	148.65	129.47
570	103.97	113.45	83.12
571	183.12	232.32	51.91
572	251.96	269.15	178.94
573	514.85	636.45	77.76
574	572.10	641.90	381.71
575	138.37	195.65	52.45
576	107.69	110.60	98.00
577	1382.62	647.00	2608.67
578	37.74	42.39	15.29
579	387.00	627.40	146.60
580	139.14	137.82	143.60
581	180.23	237.17	131.43
582	266.56	277.41	243.67
583	300.86	311.27	274.83
584	194.80	190.43	205.00
585	48.45	40.79	63.98
586	173.62	125.00	254.67
587	80.24	83.45	71.67
588	504.67	635.24	295.76
589	145.43	134.78	158.75
590	122.57	132.86	117.02
591	92.97	95.12	84.37
592	42.86	46.50	38.00
593	371.95	416.12	92.24
594	74.42	68.44	98.33
595	143.60	112.00	191.00
596	59.65	62.20	44.40
597	83.43	95.48	73.10
598	232.39	240.80	162.33
599	272.30	179.74	420.40
600	181.57	145.67	208.50
601	158.10	156.68	159.99
602	230.58	235.00	224.18
603	271.02	289.98	132.00
604	462.14	642.97	145.68
605	287.64	303.73	228.67
606	254.13	300.21	173.50
607	100.98	126.48	49.97
608	117.31	100.85	142.00
609	152.33	181.67	123.00
610	672.52	912.12	163.38
611	137.49	130.01	173.40
612	152.32	71.38	314.20
613	558.22	661.95	385.33
614	63.16	69.81	34.33
615	260.76	308.47	203.52
616	262.38	244.50	291.00
617	78.46	94.76	62.16
618	212.11	179.81	300.18
619	217.83	192.43	294.00
620	76.50	40.34	121.70
621	479.86	146.61	860.71
622	408.72	357.84	529.56
623	188.08	127.83	239.71
624	201.20	117.69	269.53
625	413.57	474.67	367.75
626	90.62	102.09	79.16
627	145.80	131.67	156.40
628	100.11	96.69	104.67
629	233.11	204.73	264.07
630	92.24	114.45	18.20
631	124.88	103.82	167.00
632	741.83	963.86	431.00
633	68.08	65.63	69.30
634	182.95	178.96	215.53
635	174.91	153.00	201.20
636	628.57	411.25	918.33
637	8602.33	9072.67	8132.00
638	396.50	238.67	464.14
639	502.29	416.92	779.75
640	297.90	299.21	295.29
641	505.34	522.92	477.70
642	181.71	184.17	175.80
643	244.43	105.67	348.50
644	386.00	390.00	380.67
645	307.22	466.00	227.83
646	4068.11	3617.00	4632.00
647	155.84	216.25	75.30
648	194.77	193.98	198.25
649	133.45	106.75	224.20
650	396.50	462.00	181.29
651	52.22	53.00	50.98
652	136.25	143.00	125.00
653	250.44	253.00	245.33
654	247.89	145.22	299.23
655	209.31	200.36	238.69
656	2433.53	2624.59	2051.43
657	326.93	449.71	204.14
658	170.68	178.12	158.76
659	248.24	245.33	253.33
660	437.08	200.43	713.17
661	140.32	133.72	151.33
662	230.97	198.91	298.76
663	153.26	201.56	68.75
664	110.36	121.10	84.29
665	241.70	242.98	215.17
666	180.97	193.78	121.17
667	167.24	175.92	129.60
668	397.60	68.67	644.30
669	41.90	58.62	28.52
670	208.91	193.27	227.41
671	206.67	289.00	124.33
672	42.01	31.99	62.05
673	290.18	276.71	320.50
674	154.87	171.86	110.27
675	65.53	67.49	58.99
676	1183.12	1356.70	141.65
677	151.91	150.60	152.72
678	1386.85	2596.79	96.24
679	54.54	46.70	62.39
680	1321.92	1587.31	233.80
681	165.27	128.55	275.45
682	187.52	207.52	112.50
683	236.90	259.00	185.33
684	199.55	230.90	58.47
685	313.25	379.75	280.00
686	147.16	135.07	171.33
687	207.41	166.60	272.70
688	224.33	230.36	152.00
689	834.90	199.07	1391.25
690	264.22	201.41	337.50
691	160.05	155.67	165.89
692	147.46	120.06	167.71
693	1080.82	617.98	2006.50
694	350.81	408.36	197.33
695	60.84	32.58	107.93
696	303.54	302.20	304.38
697	249.29	275.25	214.67
698	39.02	43.08	30.92
699	123.31	130.64	94.00
700	63.97	71.16	52.00
701	1824.46	2559.78	170.00
702	33.81	25.23	50.97
703	215.88	207.21	228.00
704	135.30	162.31	54.27
705	330.78	270.81	476.43
706	113.32	91.89	241.90
707	122.37	120.07	126.96
708	163.92	139.50	245.33
709	102.71	76.75	137.33
710	421.46	519.51	284.20
711	75.80	61.70	82.85
712	410.04	393.32	473.60
713	103.11	106.78	85.68
714	170.71	178.02	107.33
715	100418.85	149647.94	11806.47
716	125.58	121.67	129.50
717	168.49	152.94	220.33
718	73.86	48.18	99.54
719	288.71	218.25	382.66
720	225.27	255.10	191.70
721	273.60	253.00	304.50
722	293.34	307.24	237.75
723	96.67	88.54	112.32
724	4940.33	3796.46	6942.11
725	20.47	24.57	8.15
726	206.06	140.22	304.81
727	248.67	288.33	209.00
728	285.12	161.82	356.51
729	439.80	141.79	924.08
730	70.37	75.07	56.27
731	194.86	284.33	127.75
732	234.28	235.09	228.33
733	148.16	168.29	112.95
734	278.79	264.85	296.71
735	239.46	228.71	318.33
736	334.92	429.99	232.54
737	195.58	194.41	198.43
738	395.29	411.11	366.80
739	327.96	305.19	355.90
740	82.95	50.56	136.92
741	130.38	133.88	124.51
742	299.63	368.00	265.45
743	89.23	68.57	158.08
744	191.15	125.43	285.04
745	145.25	151.88	129.36
746	274.94	328.86	247.99
747	263.91	274.14	216.17
748	27.08	33.11	10.99
749	82.40	107.95	56.85
750	211.11	78.00	377.50
751	176.64	197.62	120.67
752	182.25	214.40	128.67
753	311.67	364.83	253.68
754	254.58	250.05	279.50
755	109.38	121.83	72.00
756	242.86	319.00	185.75
757	78.89	56.50	141.60
758	149.57	177.05	80.88
759	121.47	116.34	142.00
760	356.94	412.92	211.40
761	230.28	196.45	248.09
762	213.29	229.01	99.25
763	910.01	475.77	1507.08
764	348.47	307.12	460.35
765	132.07	142.11	86.90
766	380.21	379.27	383.75
767	119.72	130.13	112.78
768	115.21	58.99	160.18
769	544.73	106.56	1275.00
770	49.19	54.19	37.94
771	252.18	264.50	245.14
772	447.10	291.50	680.50
773	51.75	52.41	49.97
774	432.32	558.20	274.98
775	608.56	1022.60	91.00
776	30.00	25.34	32.91
777	242.45	148.72	398.67
778	447643.91	615418.12	246.00
779	257.18	294.82	198.04
780	127.60	165.04	20.61
781	188.29	202.67	177.50
782	789.47	933.82	392.50
783	3220.15	3239.08	3064.00
784	142.89	146.14	139.10
785	82.92	69.75	115.85
786	252.25	301.41	166.22
787	237.74	218.43	279.13
788	73.12	86.26	29.30
789	2154.76	1697.97	3068.33
790	87.43	105.25	63.67
791	129.46	122.80	151.67
792	207.86	269.93	114.75
793	214.06	247.86	56.33
794	50.22	46.76	56.00
795	815.64	1157.00	218.25
796	1807.06	2007.08	1407.00
797	259.56	232.50	281.20
798	127.10	121.17	136.00
799	218.47	272.52	114.53
800	242.64	280.75	191.83
801	83.83	50.15	151.20
802	185.31	207.50	158.68
803	315.02	268.02	390.20
804	241.29	279.25	190.67
805	154.07	180.29	123.48
806	172.82	314.00	102.23
807	362.89	476.80	220.50
808	93.43	69.00	125.99
809	1496.94	232.95	2760.93
810	210.19	129.88	290.50
811	1002.21	1106.06	794.50
812	228.61	124.33	447.60
813	124.91	114.62	145.50
814	683.50	812.40	468.67
815	352.71	488.25	172.00
816	87.56	75.50	111.67
817	387.33	462.82	221.85
818	352.22	304.00	390.80
819	2030.67	736.46	4834.80
820	453.69	546.20	145.33
821	3155.40	4802.75	96.04
822	177.14	143.50	222.00
823	124.09	79.97	271.16
824	94.00	96.20	91.80
825	176.64	165.36	192.16
826	338.33	326.23	358.00
827	135.25	130.12	156.80
828	178.78	218.83	98.67
829	265.87	325.88	197.29
830	418.65	408.67	428.63
831	154.70	109.33	313.50
832	247.96	262.43	230.60
833	227.17	244.21	179.48
834	309.89	337.00	255.67
835	198.85	187.18	265.00
836	151.69	174.74	77.94
837	65.85	56.58	244.97
838	577.31	643.25	137.67
839	149.59	182.00	127.99
840	419.52	381.90	457.15
841	652.18	570.67	750.00
842	230.06	204.59	293.75
843	171.16	122.00	220.33
844	235.46	317.44	87.90
845	98.15	96.19	99.89
846	65.07	60.47	74.27
847	284.18	160.17	433.00
848	267.67	306.44	151.33
849	620.74	490.16	798.34
850	228.98	168.83	301.16
851	127.45	127.79	124.00
852	77.40	132.33	36.20
853	2400.90	1553.90	4349.00
854	168.73	176.38	148.33
855	640.57	612.00	662.00
856	685.05	1094.40	173.37
857	385.61	507.25	331.55
858	111.83	131.33	92.33
859	209.89	166.95	281.44
860	128.26	153.75	94.27
861	212.85	145.33	263.50
862	234.54	329.80	175.00
863	277.99	424.05	106.15
864	347.49	418.36	258.91
865	487.83	135.00	840.67
866	482.82	654.43	182.50
867	181.73	288.67	101.52
868	319.50	412.20	165.00
869	65.36	85.78	31.33
870	71.41	63.76	96.54
871	523.98	543.12	485.69
872	403.07	438.47	261.50
873	238.00	247.75	212.00
874	486.87	445.99	616.33
875	188.72	137.46	308.33
876	202.62	239.20	141.67
877	141.37	121.92	190.00
878	74.82	71.22	81.56
879	154.64	188.00	137.96
880	124.68	141.13	95.90
881	340.62	373.08	243.22
882	318.73	368.00	269.45
883	206.06	188.87	241.40
884	132.69	144.12	96.12
885	33.17	42.23	13.53
886	183.59	219.08	112.62
887	105.56	133.75	67.97
888	421.00	439.08	348.67
889	254.88	227.33	271.40
890	404.62	498.92	251.38
891	123.51	121.93	125.31
892	343.11	330.67	368.00
893	218.64	290.40	128.95
894	249.31	192.00	375.40
895	131.94	124.33	157.80
896	271.19	165.78	376.60
897	323.09	100.00	450.57
898	97.55	92.83	128.97
899	164.50	209.89	82.81
900	467.63	513.75	273.90
901	221.19	219.68	224.86
902	218.90	217.86	221.33
903	92.46	93.46	89.46
904	244.08	286.50	159.25
905	4297.59	4453.51	3892.20
906	1114.78	440.32	4318.50
907	299.44	362.00	174.33
908	439.14	446.81	418.67
909	166.89	166.33	167.90
910	315.17	263.29	387.80
911	50.56	54.98	44.67
912	438.53	227.50	1282.67
913	167.17	173.93	136.23
914	163.04	168.44	118.00
915	219.77	99.15	461.00
916	773.52	801.28	686.75
917	440.48	255.58	895.62
918	269.02	325.05	222.33
919	147.19	161.56	75.33
920	215.67	213.83	219.33
921	245.04	242.81	248.00
922	128.13	71.09	204.18
923	3268.32	1281.36	6000.38
924	160.44	166.97	149.00
925	265.81	222.53	395.67
926	226.93	198.50	259.43
927	279.30	500.20	46.77
928	148.84	120.63	170.00
929	85.88	103.40	56.67
930	129.11	134.67	124.10
931	353.85	423.43	191.50
932	160.13	135.00	188.86
933	42.11	46.18	10.20
934	21.66	12.39	30.93
935	692.64	413.67	1027.40
936	42.21	35.22	56.19
937	340.11	283.42	413.00
938	186.26	193.88	181.36
939	15199.67	22703.50	192.00
940	232.80	212.17	263.75
941	225.31	201.22	262.55
942	214.46	202.54	245.75
943	280.75	278.57	283.80
944	803.60	1125.61	52.23
945	283.07	372.50	166.80
946	127.21	111.50	158.63
947	357.69	373.20	306.00
948	104.58	150.28	66.50
949	615.21	753.59	379.98
950	241.00	197.33	284.67
951	92.12	90.69	96.21
952	443.33	451.96	393.75
953	99.96	106.64	71.59
954	2366.86	3014.71	1071.14
955	243.01	252.71	146.00
956	149.93	171.05	70.75
957	197.21	150.86	317.72
958	771.60	1084.61	279.71
959	311.62	361.59	141.71
960	721.64	800.62	511.00
961	57.29	67.28	33.45
962	227.23	251.56	172.50
963	293.21	407.81	25.82
964	13.28	12.11	19.53
965	316.68	102.96	380.79
966	104.40	104.50	104.33
967	437.98	228.90	751.60
968	262.12	289.51	92.28
969	615.33	791.33	439.33
970	112.89	108.33	140.25
971	118.86	136.25	95.67
972	214.07	275.25	132.50
973	146.14	59.63	319.16
974	188.95	233.33	144.57
975	249.00	167.40	385.00
976	131.59	102.25	152.55
977	95.18	87.28	109.00
978	170.52	199.67	104.95
979	842.92	524.00	1353.20
980	208.45	222.94	143.25
981	298.29	262.75	345.67
982	168.69	282.00	103.94
983	374.38	458.56	185.00
984	123.24	132.75	104.22
985	132.29	144.15	98.67
986	317.98	691.93	93.60
987	961.59	1396.88	91.00
988	465.63	223.84	888.75
989	555.37	655.07	306.12
990	40.13	30.92	51.65
991	64.51	70.98	50.60
992	86.68	82.59	94.35
993	354.43	406.35	153.24
994	110.17	143.33	77.00
995	84.20	61.47	129.67
996	237.87	159.99	284.60
997	186.86	200.22	173.50
998	87.67	52.20	135.55
999	94.72	89.25	119.02
1000	537.38	420.80	731.67
1001	229.41	226.75	234.72
1002	295.27	214.29	333.07
1003	166.52	168.07	163.43
1004	231.59	219.29	241.17
1005	307.75	386.36	45.71
1006	299.77	287.33	327.75
1007	320.12	142.00	498.25
1008	164.62	185.64	118.40
1009	535.25	697.00	265.67
1010	269.06	270.14	265.25
1011	79.71	92.74	58.00
1012	336.45	368.54	196.07
1013	269.67	278.08	247.80
1014	143.83	169.63	105.12
1015	1624.24	2184.33	280.00
1016	214.00	290.50	112.00
1017	200.57	150.97	243.98
1018	125.69	132.43	83.00
1019	180.27	162.66	237.51
1020	118.17	101.81	161.80
1021	207.12	256.51	120.69
1022	402.67	416.40	385.50
1023	511.22	558.99	357.27
1024	1762.32	2244.21	477.27
1025	214.54	166.09	335.65
1026	356.35	382.66	236.07
1027	147.93	163.99	119.39
1028	257.82	323.64	137.17
1029	455.00	216.57	788.80
1030	142.57	76.00	192.50
1031	237.91	267.65	188.33
1032	168.80	157.35	181.38
1033	182.87	198.35	125.04
1034	142.53	83.91	174.50
1035	180.83	153.67	208.00
1036	197.52	207.89	161.25
1037	301.58	236.00	367.17
1038	91.71	98.10	62.97
1039	289.94	348.92	172.00
1040	277.79	305.94	247.88
1041	372.55	230.67	478.97
1042	621.96	646.40	577.14
1043	179.68	282.00	77.36
1044	276.75	378.67	215.60
1045	65.51	68.94	41.46
1046	620.40	702.00	457.20
1047	121.99	97.61	187.00
1048	166.50	155.83	182.50
1049	685.67	646.00	804.67
1050	401.92	331.47	507.60
1051	606.16	647.55	344.00
1052	130.03	113.45	144.39
1053	350.19	366.19	299.00
1054	162.91	213.33	102.40
1055	308.56	321.67	282.33
1056	128.59	128.48	128.75
1057	128.26	165.28	32.01
1058	141.10	154.90	90.50
1059	289.73	314.86	245.75
1060	237.48	255.61	164.96
1061	116.83	151.67	82.00
1062	84.97	94.69	49.33
1063	794.71	1126.25	352.67
1064	484.71	727.00	161.67
1065	1150.65	1128.46	1191.86
1066	390.54	372.74	458.20
1067	75.54	92.83	40.96
1068	1976.07	2266.91	1176.25
1069	261.57	226.75	308.00
1070	107.38	58.18	189.37
1071	210.22	239.50	151.67
1072	282.56	286.87	242.33
1073	290.14	188.67	366.25
1074	220.21	223.00	216.50
1075	249.86	133.00	337.50
1076	203.12	231.55	117.80
1077	274.40	292.50	202.00
1078	71.17	56.33	86.00
1079	76.06	59.69	95.70
1080	48.64	35.12	66.67
1081	203.03	180.20	262.40
1082	1137.59	936.54	1472.67
1083	262.46	307.92	189.02
1084	140.05	117.75	169.78
1085	485.25	417.20	598.67
1086	196.87	186.60	214.00
1087	356.81	278.25	592.50
1088	116.49	103.86	140.33
1089	1279.00	792.50	4198.00
1090	631.91	622.90	695.00
1091	223.87	231.79	210.35
1092	701.20	913.90	275.80
1093	192.31	192.58	191.97
1094	305.91	282.29	347.25
1095	229.97	261.11	175.47
1096	112.25	106.71	124.13
1097	395.68	385.75	448.67
1098	341.07	434.80	228.60
1099	246.94	240.40	249.67
1100	300.21	237.06	426.50
1101	177.97	214.79	42.97
1102	292.42	282.67	302.17
1103	83.50	99.38	46.45
1104	257.57	268.62	233.65
1105	108.84	116.97	78.35
1106	104.42	97.66	149.00
1107	102.49	106.85	52.30
1108	208.02	244.33	139.94
1109	313.82	336.58	259.20
1110	309.87	376.10	177.40
1111	144.62	173.31	51.38
1112	184.20	158.75	204.56
1113	221.44	222.07	218.33
1114	81.70	88.31	63.20
1115	1913.80	2307.01	439.25
1116	263.57	296.68	167.55
1117	62.89	58.66	76.06
1118	159.80	167.76	124.00
1119	33.48	28.81	42.80
1120	250.42	214.39	364.50
1121	631.79	646.46	461.60
1122	613.65	671.77	424.75
1123	222.82	214.75	241.67
1124	196.65	205.20	168.17
1125	68.59	56.95	88.00
1126	90.55	176.50	4.59
1127	335.00	544.00	126.00
1128	167.27	123.21	238.88
1129	269.02	319.32	143.25
1130	317.94	264.99	441.50
1131	271.77	334.86	198.17
1132	256.62	240.18	292.80
1133	588.08	1001.40	292.86
1134	391.30	494.75	322.33
1135	95.11	102.75	64.58
1136	193.58	127.69	347.33
1137	310.70	306.20	324.20
1138	158.32	207.40	123.26
1139	330.91	384.38	188.33
1140	247.59	273.00	196.76
1141	248.42	264.90	198.95
1142	173.06	165.38	185.00
1143	463.25	551.30	316.50
1144	290.91	389.45	126.67
1145	120.00	134.33	105.67
1146	37.39	46.29	19.59
1147	153.04	166.82	136.85
1148	375.70	366.00	410.60
1149	391.70	375.42	437.83
1150	320.25	405.02	184.60
1151	206.84	217.40	171.67
1152	239.86	278.50	188.33
1153	537.06	547.97	502.36
1154	290.75	316.20	248.33
1155	342.78	500.33	160.98
1156	327.88	343.91	267.00
1157	156.56	149.00	171.67
1158	87.41	98.22	71.20
1159	651.22	802.17	349.33
1160	144.89	156.85	85.07
1161	432.36	596.71	70.81
1162	125.75	109.00	153.67
1163	152.62	128.93	158.54
1164	438.55	356.10	521.00
1165	201.18	25.19	377.17
1166	655.73	741.57	505.50
1167	93.09	103.24	77.14
1168	62.50	57.94	82.27
1169	269.81	275.61	250.95
1170	287.54	263.78	341.00
1171	368.71	362.84	401.99
1172	117.37	134.90	107.15
1173	319.50	321.41	310.30
1174	499.83	188.33	811.33
1175	384.41	379.53	401.00
1176	166.58	184.18	123.86
1177	198.33	168.09	311.75
1178	386.81	416.04	284.50
1179	332.65	316.38	362.86
1180	71.11	79.42	59.60
1181	339.15	335.71	343.17
1182	292.91	269.90	340.38
1183	137.10	164.97	99.93
1184	131.00	161.00	108.50
1185	506.78	435.17	650.00
1186	931.99	176.00	1498.97
1187	127.84	168.78	67.80
1188	225.15	120.08	505.33
1189	199.73	240.00	78.93
1190	497.50	381.14	613.86
1191	360.56	701.30	105.00
1192	97.81	123.85	50.93
1193	179.07	172.70	205.80
1194	557.00	298.00	988.67
1195	67.64	61.24	76.60
1196	187.73	225.42	74.66
1197	338.74	367.19	243.88
1198	178.27	174.41	208.40
1199	215.40	208.03	259.06
1200	191.78	168.39	251.55
1201	107.34	123.02	23.67
1202	147.79	145.23	153.33
1203	1020.06	141.10	2485.00
1204	112.66	145.29	53.92
1205	756.65	767.44	717.80
1206	289.91	258.10	385.33
1207	165.90	142.22	190.98
1208	84.02	93.22	65.63
1209	92.22	77.80	106.63
1210	265.64	283.46	207.72
1211	259.26	136.30	434.93
1212	173.74	162.73	197.81
1213	41.98	28.30	55.67
1214	87.25	68.33	98.60
1215	177.12	190.60	154.67
1216	525.67	926.00	125.33
1217	1586.52	745.31	3509.29
1218	169.56	180.80	155.50
1219	63.29	58.93	81.16
1220	576.45	854.50	391.09
1221	2768.11	340.12	6652.89
1222	199.90	172.77	238.45
1223	440.99	157.21	1765.33
1224	139.78	135.33	142.00
1225	259.47	173.27	345.67
1226	208.52	224.02	163.97
1227	91.43	85.39	131.67
1228	206.22	212.96	195.00
1229	146.77	144.44	172.33
1230	62.12	48.68	73.32
1231	427.78	462.50	400.00
1232	147.39	170.73	54.00
1233	111.44	218.33	58.00
1234	109.33	60.67	158.00
1235	103.44	117.85	90.62
1236	553.12	640.08	270.50
1237	383.05	373.14	406.57
1238	549.10	584.87	398.11
1239	679.43	690.04	591.00
1240	218.23	169.14	306.59
1241	222.86	177.25	283.67
1242	120.79	119.40	126.00
1243	190.35	328.33	52.37
1244	106.08	108.84	101.25
1245	73.87	47.38	83.50
1246	114.05	118.91	103.36
1247	573.33	211.76	774.20
1248	294.54	350.18	189.44
1249	133.89	137.22	129.14
1250	607.75	866.00	177.33
1251	437.33	451.00	420.25
1252	772.62	418.75	1126.50
1253	714.00	481.40	1004.75
1254	257.40	234.68	329.33
1255	972.08	1184.67	493.75
1256	188.86	135.00	219.64
1257	836.24	854.53	772.25
1258	131.41	134.54	113.67
1259	295.17	352.67	180.17
1260	328.60	410.50	164.81
1261	106.98	102.97	120.42
1262	70.66	77.83	55.55
1263	188.02	178.34	249.33
1264	338.00	298.57	430.00
1265	155.11	127.60	170.40
1266	212.25	256.60	138.33
1267	416.32	360.12	566.17
1268	153.17	150.20	160.60
1269	162.83	166.51	141.33
1270	197.56	199.73	186.00
1271	66.17	56.32	77.42
1272	217.50	222.00	204.00
1273	129.73	127.85	135.00
1274	275.29	284.67	268.25
1275	284.27	293.88	258.67
1276	302.43	219.38	523.92
1277	315.38	366.86	195.27
1278	278.89	344.50	226.40
1279	268.80	327.43	132.00
1280	2988.87	2818.64	3457.00
1281	244.91	343.00	208.12
1282	431.22	492.74	267.17
1283	348.32	443.00	158.97
1284	222.43	238.06	156.00
1285	205.68	226.68	135.67
1286	77.40	126.75	11.60
1287	144.53	136.76	170.47
1288	1153.10	1978.20	328.00
1289	99.07	74.62	131.67
1290	348.06	199.29	1042.33
1291	77.35	96.85	55.06
1292	151.68	146.68	195.00
1293	1044.35	1537.71	272.13
1294	33.43	36.38	29.75
1295	62.54	41.27	78.50
1296	578.31	688.33	330.75
1297	182.08	192.91	163.11
1298	128.87	76.56	194.25
1299	87.13	100.45	51.60
1300	171.36	211.97	130.75
1301	226.91	240.43	203.25
1302	176.80	154.86	228.00
1303	740.97	901.12	668.17
1304	261.00	261.55	259.50
1305	408.62	468.60	308.67
1306	262.47	303.03	59.63
1307	643.11	715.98	521.67
1308	160.97	137.41	268.71
1309	385.92	252.44	1898.67
1310	478.24	604.73	26.50
1311	254.88	295.50	112.69
1312	294.89	358.43	183.70
1313	216.15	316.00	144.83
1314	535.73	630.19	315.33
1315	208.40	232.53	136.00
1316	342.11	464.62	253.00
1317	2908.79	4736.27	1766.62
1318	369.25	373.89	355.33
1319	34.54	32.88	45.63
1320	145.44	135.50	165.33
1321	95.67	55.33	136.00
1322	269.12	330.25	208.00
1323	645.52	743.17	59.67
1324	191.12	193.67	184.75
1325	226.67	258.67	194.67
1326	249.60	304.43	121.67
1327	300.83	519.00	82.67
1328	3517.71	4770.58	2264.83
1329	157.62	98.72	231.25
1330	61.78	50.91	81.36
1331	289.92	255.21	352.40
1332	394.62	506.75	282.50
1333	435.25	442.25	414.25
1334	363.30	228.56	578.88
1335	372.99	451.00	138.95
1336	81.88	59.17	115.95
1337	66.09	102.98	10.75
1338	221.17	80.00	362.33
1339	409.80	439.82	327.25
1340	83.52	34.20	157.50
1341	289.28	285.69	300.95
1342	64.31	31.29	97.33
1343	23.97	24.17	23.72
1344	145.75	159.40	123.00
1345	368.47	502.34	234.60
1346	125.38	112.00	147.67
1347	106.97	115.09	82.63
1348	142.18	252.47	31.90
1349	309.23	345.48	233.10
1350	463.78	278.29	896.60
1351	164.98	188.57	105.98
1352	282.00	328.40	166.00
1353	598.55	527.94	651.50
1354	277.15	234.45	386.25
1355	655.38	1233.25	77.50
1356	341.71	327.57	384.14
1357	94.24	115.38	48.43
1358	189.30	181.83	200.50
1359	315.83	132.19	683.12
1360	196.25	190.90	200.07
1361	418.75	272.80	662.00
1362	202.50	225.44	133.67
1363	127.62	141.09	92.97
1364	401.43	338.00	486.00
1365	143.62	169.80	129.08
1366	122.26	93.24	238.33
1367	215.34	215.88	214.87
1368	133.68	135.93	127.67
1369	763.75	588.78	988.71
1370	136.25	80.50	192.00
1371	355.41	191.90	573.43
1372	271.60	259.63	292.71
1373	91.67	82.97	99.14
1374	405.71	450.11	355.75
1375	184.83	153.54	278.67
1376	374.57	219.00	491.25
1377	475.56	508.17	410.33
1378	58.67	71.40	42.75
1379	1115.12	1955.62	368.00
1380	49.91	14.61	120.50
1381	157.62	232.00	83.25
1382	128.57	119.00	141.33
1383	220.49	326.32	8.82
1384	168.85	235.40	57.93
1385	450.14	566.75	294.67
1386	446.86	565.50	288.67
1387	226.37	228.85	222.40
1388	45.29	36.89	73.87
1389	159.67	168.17	151.17
1390	243.22	121.25	340.80
1391	396.57	229.22	731.25
1392	148.99	158.99	105.67
1393	218.00	151.94	272.05
1394	755.17	586.09	1053.53
1395	233.76	184.99	343.50
1396	171.11	178.56	134.64
1397	982.62	1020.16	704.80
1398	78.53	80.64	69.51
1399	356.80	337.80	375.80
1400	1065.17	1132.44	863.33
1401	150.93	95.33	178.73
1402	271.72	270.53	277.67
1403	350.54	376.10	265.33
1404	618.90	785.75	173.97
1405	135.27	121.70	169.81
1406	207.31	180.16	244.62
1407	33.98	25.57	53.59
1408	80.13	84.33	66.13
1409	19.79	34.20	5.38
1410	103.03	92.80	155.33
1411	303.12	336.00	248.33
1412	110.78	108.23	118.12
1413	167.01	204.97	107.96
1414	95.09	66.97	151.33
1415	178.91	237.33	157.00
1416	1520.71	1611.50	1399.67
1417	2904.75	3024.00	2666.25
1418	619.22	548.92	759.83
1419	70.98	87.17	38.60
1420	192.88	225.15	160.60
1421	288.14	365.25	185.33
1422	672.14	630.36	776.60
1423	209.06	235.92	155.33
1424	396.14	457.25	314.67
1425	383.18	281.99	484.38
1426	71.50	90.80	39.33
1427	347.99	439.06	151.83
1428	179.43	161.79	200.99
1429	180.10	153.33	220.25
1430	2854.29	4516.50	638.00
1431	223.03	145.38	378.33
1432	141.04	152.58	109.71
1433	135.66	106.84	164.48
1434	452.82	566.44	111.97
1435	142.02	132.00	146.03
1436	156.85	161.62	138.97
1437	250.25	206.12	338.50
1438	77.48	104.33	50.63
1439	56.31	39.41	113.80
1440	335.60	328.57	352.00
1441	157.28	163.32	131.30
1442	116.20	95.50	128.62
1443	175.42	167.13	213.56
1444	306.15	249.44	433.75
1445	76.69	80.13	60.18
1446	315.68	332.89	215.33
1447	278.56	282.58	272.41
1448	255.00	209.60	330.67
1449	141.82	82.30	201.33
1450	508.53	360.20	632.13
1451	103.85	133.60	54.27
1452	101.98	106.50	95.96
1453	97.01	101.07	75.57
1454	200.35	199.04	202.20
1455	293.30	213.29	382.92
1456	140.49	164.77	67.67
1457	101.02	101.82	100.43
1458	207.24	134.98	258.86
1459	879.67	396.00	1363.33
1460	58.58	64.87	38.12
1461	1732.27	2260.59	910.44
1462	442.92	328.04	864.17
1463	68.55	68.41	69.02
1464	239.91	233.50	248.47
1465	243.79	139.76	360.81
1466	189.64	238.86	103.50
1467	149.35	109.52	401.66
1468	122.10	139.64	92.87
1469	102.82	80.94	132.00
1470	99.39	74.93	117.72
1471	137.40	141.27	129.42
1472	244.94	220.67	317.75
1473	150.76	135.38	175.75
1474	123.43	119.00	134.50
1475	170.94	65.42	339.76
1476	214.39	257.69	127.80
1477	218.33	196.33	274.55
1478	554.30	194.67	708.43
1479	151.29	141.75	164.00
1480	134.00	128.00	138.50
1481	144.25	145.88	141.00
1482	211.19	197.14	306.00
1483	258.40	263.38	252.71
1484	92.86	69.78	131.33
1485	153.82	159.54	136.66
1486	292.43	282.11	351.75
1487	52.42	43.80	97.70
1488	194.99	190.75	215.08
1489	93.60	93.42	94.83
1490	333.85	264.74	414.99
1491	135.71	147.78	87.42
1492	76.14	75.62	76.83
1493	345.41	169.84	527.48
1494	104.75	97.20	117.33
1495	192.66	153.35	300.75
1496	48.67	50.91	41.95
1497	492.13	492.28	491.00
1498	145.56	134.42	178.97
1499	376.00	479.80	272.20
1500	53.63	60.30	40.30
1501	751.20	399.25	1279.12
1502	480.08	247.12	946.00
1503	174.28	182.66	149.14
1504	73.70	75.36	71.62
1505	224.69	281.54	139.40
1506	804.46	944.57	496.20
1507	146.57	131.12	182.62
1508	202.53	176.62	237.08
1509	1592.57	1606.81	1514.25
1510	263.33	285.22	197.67
1511	506.38	503.71	509.50
1512	129.39	160.45	15.50
1513	395.11	357.97	500.33
1514	72.08	110.00	8.88
1515	95.00	116.60	59.00
1516	156.75	174.75	120.75
1517	107.60	102.20	113.00
1518	109.48	110.18	108.66
1519	192.84	182.05	216.57
1520	239.91	211.67	250.50
1521	148.19	142.12	198.25
1522	247.69	385.50	63.93
1523	167.82	185.92	129.04
1524	449.99	447.38	454.33
1525	720.15	634.29	926.20
1526	135.26	135.20	135.33
1527	163.00	132.33	224.33
1528	140.36	103.78	201.33
1529	191.38	171.40	224.67
1530	336.29	364.89	284.80
1531	312.41	297.30	334.00
1532	492.83	577.67	408.00
1533	222.42	205.86	255.55
1534	295.45	316.81	271.84
1535	81.45	22.97	125.31
1536	51.54	27.95	83.00
1537	239.60	265.25	222.50
1538	437.33	428.22	464.67
1539	138.35	168.37	108.33
1540	800.20	973.46	107.17
1541	287.42	273.00	316.25
1542	78.62	87.96	57.99
1543	257.17	199.65	326.20
1544	76.11	95.46	42.93
1545	228.08	265.17	101.98
1546	134.77	148.90	88.33
1547	163.71	156.33	169.25
1548	142.61	145.17	124.69
1549	203.17	168.33	238.00
1550	209.42	107.01	311.84
1551	73.18	80.72	49.04
1552	765.71	1530.00	192.50
1553	981.78	2645.33	150.00
1554	829.09	314.33	1446.80
1555	2913.11	5026.50	95.27
1556	1347.31	1141.39	1965.06
1557	649.88	285.67	727.93
1558	146.79	164.51	111.33
1559	262.31	255.05	286.72
1560	393.49	416.27	302.38
1561	125.53	127.44	122.91
1562	127.67	180.17	64.68
1563	222.93	295.22	104.17
1564	375.50	455.00	296.00
1565	188.16	158.78	212.65
1566	184.60	179.22	200.72
1567	173.18	155.17	194.80
1568	214.33	164.00	264.67
1569	20.00	26.15	7.70
1570	506.59	629.40	276.31
1571	1093.64	441.94	3226.45
1572	511.54	424.94	627.00
1573	7.74	8.62	1.33
1574	297.73	326.15	200.28
1575	197.55	184.24	330.67
1576	187.26	194.18	155.00
1577	242.28	235.40	268.43
1578	108.63	130.10	84.78
1579	227.00	241.50	197.99
1580	168.22	101.73	460.80
1581	261.79	213.73	304.52
1582	389.11	378.52	417.86
1583	424.20	460.50	400.00
1584	299.67	288.09	334.43
1585	325.73	297.50	358.67
1586	110.91	103.33	120.00
1587	210.00	261.67	158.33
1588	86.74	119.40	32.30
1589	53.18	52.56	56.58
1590	277.88	250.80	323.00
1591	58.49	63.96	47.54
1592	112.09	119.67	89.38
1593	100.98	74.24	147.78
1594	509.55	653.71	257.25
1595	111.99	128.60	68.80
1596	421.87	448.91	347.50
1597	99.00	72.14	224.33
1598	158.29	126.25	201.00
1599	70.67	74.28	64.67
1600	214.29	215.00	213.75
1601	136.76	141.26	121.00
1602	117.82	116.65	121.84
1603	172.41	178.29	125.33
1604	175.06	151.99	238.50
1605	110.25	104.62	121.50
1606	107.14	128.67	91.00
1607	351.44	426.20	226.83
1608	73.36	65.38	98.43
1609	202.97	184.00	269.33
1610	356.89	320.40	402.50
1611	62.24	31.04	93.44
1612	439.25	489.94	287.17
1613	163.88	176.80	142.33
1614	347.49	227.73	559.38
1615	133.32	108.63	158.00
1616	199.78	177.06	236.48
1617	287.69	276.80	294.50
1618	135.30	139.18	113.00
1619	327.00	192.92	648.80
1620	134.77	129.00	154.00
1621	338.61	357.27	303.62
1622	384.55	390.00	375.00
1623	282.65	366.25	215.78
1624	186.95	169.43	204.47
1625	267.50	253.67	281.33
1626	47.96	32.05	86.14
1627	1272.29	330.67	1978.50
1628	188.27	156.02	373.70
1629	574.07	606.64	454.67
1630	227.71	264.25	179.00
1631	214.75	198.52	250.47
1632	23.78	49.93	2.86
1633	230.85	285.94	102.30
1634	428.67	448.67	388.67
1635	36.67	32.62	47.18
1636	319.18	323.50	308.80
1637	486.23	634.69	364.77
1638	235.49	229.52	251.00
1639	34.78	9.20	51.83
1640	193.90	259.83	127.96
1641	69.01	76.02	53.25
1642	272.35	258.40	319.80
1643	444.90	559.23	279.77
1644	78.62	80.19	76.11
1645	95.48	97.66	90.80
1646	142.60	155.50	123.25
1647	398.00	362.70	515.67
1648	13.78	11.17	16.38
1649	207.19	183.49	301.95
1650	96.17	114.00	78.33
1651	176.78	155.33	187.50
1652	428.18	606.54	142.80
1653	52.97	62.11	38.34
1654	67.16	53.42	94.64
1655	278.16	250.20	309.62
1656	633.27	737.52	112.00
1657	192.50	173.94	248.18
1658	151.23	155.88	144.47
1659	90.93	97.23	87.00
1660	287.33	363.33	211.33
1661	238.26	247.33	204.25
1662	189.82	151.80	221.50
1663	233.87	226.25	264.33
1664	821.83	867.78	661.00
1665	744.25	514.50	974.00
1666	169.03	170.37	158.17
1667	1526.10	2662.80	389.40
1668	196.13	93.50	241.74
1669	172.50	156.75	204.00
1670	238.46	239.60	234.67
1671	167.32	185.26	142.20
1672	193.37	213.65	92.00
1673	269.03	327.88	168.99
1674	43.19	44.76	40.53
1675	189.77	191.20	183.00
1676	303.12	197.00	480.00
1677	287.88	241.60	345.73
1678	71.80	39.10	104.50
1679	113.22	120.73	99.70
1680	446.00	573.20	234.00
1681	117.41	89.71	145.10
1682	3639.75	3411.13	4325.60
1683	5739.54	5250.54	7152.21
1684	299.15	323.56	216.18
1685	215.46	227.04	173.00
1686	3343.45	4081.92	266.50
1687	273.18	165.75	334.57
1688	332.71	173.00	545.67
1689	366.82	128.30	605.33
1690	317.60	287.43	357.83
1691	1005.80	487.25	1351.50
1692	670.00	516.75	823.25
1693	356.33	366.18	313.00
1694	187.56	204.30	175.00
1695	493.42	564.89	279.00
1696	3542.92	2641.86	4594.17
1697	42.27	43.49	38.12
1698	210.85	203.89	229.71
1699	242.98	249.39	213.08
1700	549.71	733.00	305.33
1701	271.11	288.33	260.78
1702	1051.20	284.10	2585.40
1703	334.82	330.14	338.83
1704	421.12	301.75	540.50
1705	302.70	323.80	281.60
1706	213.14	355.33	174.36
1707	91.20	129.65	49.25
1708	521.69	461.92	701.00
1709	222.95	217.91	240.08
1710	297.50	369.93	196.10
1711	270.97	363.07	86.76
1712	216.22	248.60	162.26
1713	179.50	234.40	88.00
1714	182.14	184.67	177.60
1715	211.00	110.00	312.00
1716	123.83	83.00	154.45
1717	185.61	164.38	238.67
1718	635.51	202.41	2151.33
1719	154.50	157.33	151.67
1720	751.00	1208.25	141.33
1721	2791.98	2096.40	3371.63
1722	340.89	362.67	297.33
1723	229.20	248.86	183.33
1724	351.24	463.56	206.84
1725	346.17	421.79	146.81
1726	441.55	603.14	300.16
1727	213.31	146.72	350.93
1728	556.00	569.20	473.50
1729	368.40	91.78	629.65
1730	541.91	524.62	588.00
1731	157.86	190.91	66.97
1732	217.92	206.80	255.00
1733	735.43	806.40	558.00
1734	331.64	355.12	269.00
1735	382.52	338.65	426.40
1736	1317.68	906.50	2002.99
1737	829.53	614.15	1296.17
1738	200.20	129.15	389.67
1739	185.67	167.00	199.00
1740	474.12	451.60	511.67
1741	248.49	331.65	123.75
1742	74.21	73.94	75.83
1743	225.64	259.25	136.00
1744	213.42	231.94	139.33
1745	152.83	175.00	130.67
1746	145.44	29.76	241.83
1747	97.91	99.39	94.58
1748	44.69	47.50	41.87
1749	261.70	293.18	104.30
1750	1690.66	3691.33	190.15
1751	58.73	61.09	51.67
1752	215.25	192.40	253.33
1753	192.54	207.19	126.65
1754	93.11	101.55	71.16
1755	374.94	421.80	316.38
1756	222.79	242.72	146.41
1757	71.51	69.98	78.67
1758	174.54	212.41	54.60
1759	176.22	211.00	141.45
1760	180.04	185.33	163.00
1761	318.58	327.04	288.39
1762	100.97	91.56	115.10
1763	190.71	203.80	118.75
1764	175.94	192.68	120.17
1765	234.70	253.05	161.28
1766	393.53	466.01	155.36
1767	160.72	114.93	206.50
1768	66.84	92.69	25.48
1769	1597.00	377.20	2816.80
1770	2062.97	932.00	2854.65
1771	178.47	237.43	95.92
1772	836.11	284.14	1434.08
1773	628.60	688.60	544.60
1774	180.17	177.14	184.40
1775	100.99	89.65	118.00
1776	175.56	164.67	197.33
1777	442.88	865.33	20.44
1778	104.96	112.60	89.67
1779	285.56	263.49	336.03
1780	40.77	53.93	24.02
1781	363.27	398.32	301.93
1782	99.71	63.21	274.11
1783	261.45	259.33	270.67
1784	117.83	159.82	67.43
1785	5430.69	809.53	12362.42
1786	58.93	56.92	62.68
1787	154.87	174.20	135.53
1788	307.72	496.33	119.11
1789	89.29	102.67	69.22
1790	240.36	273.87	190.10
1791	3534.96	3100.76	4589.43
1792	135.66	172.00	99.33
1793	151.35	127.46	203.09
1794	899.17	774.57	1073.60
1795	200.50	225.27	166.28
1796	106.67	116.57	52.20
1797	485.50	297.91	954.48
1798	477.45	684.22	241.14
1799	245.24	451.57	64.70
1800	66.25	30.20	102.30
1801	270.67	115.67	425.67
1802	250.38	303.43	156.09
1803	473.00	526.60	242.50
1804	92.98	112.20	68.95
1805	137.11	132.84	141.37
1806	69.75	72.00	66.00
1807	277.62	137.00	512.00
1808	205.60	235.50	135.83
1809	238.18	262.83	90.28
1810	229.44	269.54	125.20
1811	134.28	138.97	117.73
1812	246.66	311.86	155.38
1813	454.75	448.55	468.40
1814	280.57	290.74	241.26
1815	319.33	295.21	403.75
1816	176.25	177.90	171.30
1817	116.49	82.80	223.17
1818	80.49	84.95	71.56
1819	481.99	478.13	500.00
1820	156.88	153.84	160.71
1821	378.63	380.49	373.52
1822	236.78	237.75	236.00
1823	113.56	128.25	89.08
1824	220.83	238.81	192.57
1825	112.43	120.91	99.22
1826	177.31	216.73	90.60
1827	217.31	245.25	189.38
1828	198.19	174.79	233.31
1829	975.03	1359.32	371.14
1830	106.75	105.71	114.00
1831	750.61	173.15	1039.33
1832	172.70	67.03	419.27
1833	184.60	184.52	184.75
1834	425.24	510.89	361.00
1835	152.35	157.02	136.18
1836	113.85	127.75	95.33
1837	279.78	474.99	84.57
1838	718.49	357.61	1440.25
1839	120.22	120.20	120.25
1840	539.87	598.82	410.20
1841	303.71	333.10	237.58
1842	33.57	12.50	61.67
1843	116.30	146.26	74.36
1844	208.76	235.65	154.97
1845	48.27	47.84	51.27
1846	689.00	403.67	1259.67
1847	1435.78	2183.00	501.75
1848	237.68	305.43	79.60
1849	1026.73	1120.31	675.81
1850	358.21	282.73	641.25
1851	909.22	856.00	975.75
1852	211.09	223.64	190.17
1853	463.43	341.99	1070.60
1854	77.71	81.44	64.00
1855	165.86	205.50	113.00
1856	448.50	379.00	518.00
1857	387.63	445.60	25.30
1858	272.10	155.00	418.48
1859	230.98	194.72	276.31
1860	118.77	119.94	109.63
1861	151.87	82.64	264.38
1862	64.38	62.45	71.12
1863	159.79	179.50	137.89
1864	118.65	154.66	58.63
1865	158.74	222.65	30.93
1866	308.71	391.78	159.20
1867	212.01	184.51	335.75
1868	682.38	1206.00	158.75
1869	443.19	410.82	580.75
1870	48.48	56.85	28.93
1871	169.78	157.92	190.04
1872	150.31	141.97	167.00
1873	323.08	339.71	235.75
1874	118.73	65.71	308.07
1875	239.30	260.55	162.77
1876	68.83	64.51	81.45
1877	137.13	134.69	140.45
1878	113.84	113.37	116.05
1879	1227.15	1338.61	224.00
1880	133.07	166.20	112.36
1881	242.18	273.00	176.67
1882	159.59	158.05	161.59
1883	182.46	207.80	112.75
1884	324.78	421.67	131.00
1885	205.36	220.00	151.67
1886	118.33	91.86	171.25
1887	309.41	299.35	362.25
1888	195.14	146.67	231.50
1889	60.25	64.80	52.67
1890	101.37	99.33	104.17
1891	546.38	837.60	182.35
1892	397.33	373.70	446.54
1893	141.86	139.75	144.67
1894	248.61	271.27	200.07
1895	418.32	425.07	391.33
1896	180.22	118.37	383.43
1897	251.25	318.75	183.75
1898	570.98	73.00	1317.95
1899	1013.59	1128.80	552.77
1900	207.02	199.82	234.53
1901	707.88	638.23	884.69
1902	689.20	666.75	779.00
1903	436.83	484.46	159.00
1904	249.53	263.00	186.67
1905	90.24	84.78	121.41
1906	99.93	106.74	61.76
1907	111.59	129.60	81.58
1908	158.23	122.91	202.97
1909	206.21	196.67	208.82
1910	64.91	64.85	65.20
1911	145.41	144.54	150.41
1912	283.37	340.12	252.42
1913	628.50	704.46	299.33
1914	199.74	164.33	260.43
1915	213.56	309.40	93.75
1916	1492.92	1816.33	1169.50
1917	285.19	284.46	286.80
1918	319.73	276.83	362.63
1919	322.62	354.33	251.25
1920	119.99	113.06	123.66
1921	221.83	253.90	174.27
1922	301.32	199.38	374.14
1923	417.15	438.89	368.25
1924	179.54	181.27	175.50
1925	62.68	62.30	67.92
1926	127.76	136.31	98.38
1927	3172.45	3112.69	3690.33
1928	686.69	796.44	545.57
1929	158.47	138.46	201.83
1930	189.56	158.75	214.20
1931	323.00	204.25	441.75
1932	209.54	206.09	235.93
1933	314.33	213.75	394.80
1934	198.82	294.31	127.20
1935	195.22	179.33	227.00
1936	141.09	167.00	110.00
1937	91.73	10.08	287.70
1938	243.53	275.08	64.71
1939	315.33	298.33	349.33
1940	568.75	621.62	463.00
1941	179.91	206.61	126.50
1942	163.84	178.46	138.25
1943	656.86	391.69	860.83
1944	100.13	62.33	128.47
1945	416.00	433.80	380.40
1946	275.64	285.11	254.00
1947	359.44	380.85	335.90
1948	282.64	239.50	368.93
1949	78.44	68.95	87.92
1950	97.93	93.00	101.62
1951	142.12	182.87	89.74
1952	119.67	105.85	170.33
1953	184.11	188.10	179.12
1954	355.94	350.49	388.67
1955	419.94	456.86	272.29
1956	208.38	179.25	237.50
1957	78.90	64.14	113.33
1958	125.73	120.12	138.80
1959	1476.45	2307.83	478.80
1960	98.64	107.97	79.96
1961	128.97	87.27	170.67
1962	76.80	57.77	100.60
1963	1095.50	629.00	2028.50
1964	226.00	182.60	298.33
1965	525.54	491.68	691.76
1966	101.93	113.61	24.88
1967	224.64	208.00	253.75
1968	197.20	178.52	228.33
1969	269.03	298.08	217.14
1970	202.74	201.00	205.63
1971	154.34	152.80	156.57
1972	184.50	194.14	171.00
1973	174.31	272.78	10.20
1974	150.58	156.84	121.33
1975	317.55	287.12	398.67
1976	166.89	179.56	137.33
1977	148.18	153.35	136.80
1978	239.57	248.00	228.33
1979	208.51	260.99	103.53
1980	250.44	299.67	152.00
1981	195.82	204.72	155.75
1982	167.98	141.91	220.12
1983	245.95	263.49	212.88
1984	174.40	146.26	207.22
1985	329.22	355.00	297.00
1986	202.39	240.58	126.00
1987	143.50	156.73	103.80
1988	246.84	344.10	138.78
1989	140.22	150.47	119.72
1990	198.31	191.25	220.67
1991	278.66	290.41	240.50
1992	115.55	113.77	118.86
1993	146.50	132.00	155.20
1994	139.32	130.15	157.67
1995	382.67	388.77	358.25
1996	428.36	636.47	220.25
1997	169.71	235.00	120.75
1998	665.33	1072.25	122.77
1999	564.11	566.14	556.75
2000	277.52	470.30	36.55
2001	50.65	58.88	27.33
2002	145.87	65.56	226.18
2003	587.39	358.55	718.15
2004	350.03	414.95	163.38
2005	600.83	561.00	943.40
2006	1672.78	482.17	3292.00
2007	342.29	410.75	251.00
2008	153.12	123.80	202.00
2009	186.07	155.97	212.56
2010	774.86	268.07	1619.50
2011	371.44	304.00	506.33
2012	87.50	99.93	62.63
2013	217.98	247.31	169.11
2014	163.75	220.67	106.83
2015	118.34	146.28	25.20
2016	210.32	185.40	326.60
2017	519.07	424.70	707.80
2018	172.69	152.33	246.00
2019	86.88	77.83	125.34
2020	31.66	18.00	58.97
2021	37.04	56.51	21.47
2022	149.78	162.14	130.56
2023	67.09	55.94	111.67
2024	31.13	16.57	60.27
2025	187.82	180.12	208.33
2026	135.20	125.67	149.50
2027	177.71	210.67	153.00
2028	347.10	382.13	221.00
2029	271.83	262.00	284.93
2030	345.38	331.50	390.50
2031	540.07	555.50	507.00
2032	388.74	463.16	146.88
2033	64.13	72.90	52.06
2034	378.53	410.11	307.48
2035	721.83	1001.31	93.00
2036	547.06	585.71	517.00
2037	306.88	326.60	274.00
2038	65.34	66.43	62.54
2039	111.42	114.84	103.43
2040	66.17	64.61	70.33
2041	374.28	413.41	296.00
2042	244.80	262.86	202.67
2043	127.08	133.35	107.47
2044	418.12	484.91	242.78
2045	175.94	39.87	278.00
2046	144.61	158.14	117.54
2047	272.42	360.32	133.62
2048	69.31	43.24	125.17
2049	446.55	383.46	635.83
2050	189.81	221.39	145.60
2051	199.46	236.80	131.00
2052	243.60	237.58	261.67
2053	149.71	139.54	175.86
2054	228.75	175.80	317.00
2055	537.39	647.28	180.25
2056	206.07	201.63	211.40
2057	660.82	126.97	2195.62
2058	175.92	170.84	190.31
2059	433.03	507.80	347.57
2060	149.47	158.15	128.10
2061	232.22	193.20	281.00
2062	82.54	87.72	72.17
2063	967.21	1641.18	124.75
2064	6238.88	2645.44	17019.17
2065	200.26	233.55	141.99
2066	1874.67	3401.33	348.00
2067	413.45	690.75	255.00
2068	48.44	56.98	41.13
2069	390.31	253.00	527.62
2070	53.55	60.43	45.53
2071	92.88	94.98	88.66
2072	357.10	203.05	712.62
2073	611.40	178.60	1044.20
2074	456.21	543.20	21.27
2075	205.64	195.00	234.00
2076	1063.71	810.13	1697.65
2077	412.64	330.38	632.00
2078	580.00	725.33	471.00
2079	83.29	60.20	112.97
2080	73.88	58.54	119.92
2081	61.54	59.38	65.15
2082	381.74	397.46	359.29
2083	246.73	232.14	272.25
2084	270.28	214.61	389.57
2085	328.22	346.30	224.25
2086	128.38	121.42	134.41
2087	855.61	1031.46	187.40
2088	127.70	127.20	128.20
2089	438.57	352.10	698.00
2090	101.80	127.60	76.00
2091	2202.71	239.75	4820.00
2092	113.96	112.72	117.27
2093	76.82	84.82	63.10
2094	264.55	258.82	277.45
2095	77.18	75.52	79.93
2096	136.07	165.27	67.93
2097	138.08	149.00	105.30
2098	140.29	144.83	87.33
2099	117.32	120.33	114.30
2100	141.07	178.76	56.24
2101	379.15	409.76	234.86
2102	177.58	133.00	311.33
2103	378.09	369.19	403.10
2104	251.55	265.25	215.00
2105	334.17	295.33	373.00
2106	115.38	134.49	80.98
2107	203.92	174.46	240.97
2108	300.04	285.17	353.60
2109	381.89	353.23	415.33
2110	137.91	160.22	90.50
2111	124.19	139.84	87.67
2112	321.20	349.84	139.81
2113	91.88	91.20	93.00
2114	403.26	557.38	183.10
2115	129.43	115.80	156.69
2116	44.43	59.90	35.14
2117	159.57	162.43	150.97
2118	257.79	250.29	286.88
2119	78.23	58.41	117.88
2120	238.53	135.33	300.45
2121	97.00	121.33	72.67
2122	138.79	101.70	225.33
2123	266.43	280.25	248.00
2124	347.11	311.17	419.00
2125	178.99	233.38	106.47
2126	144.54	137.50	168.00
2127	214.76	197.57	295.00
2128	191.92	169.09	233.77
2129	82.76	82.01	87.00
2130	207.17	156.12	353.00
2131	207.95	241.58	181.33
2132	432.60	478.86	324.67
2133	318.55	324.55	296.18
2134	216.18	206.60	237.75
2135	1651.15	1549.00	1770.33
2136	352.90	322.14	424.67
2137	194.09	198.55	183.38
2138	203.56	191.11	261.67
2139	44.10	57.27	30.93
2140	182.02	230.34	55.19
2141	263.68	199.24	366.80
2142	227.45	153.50	269.71
2143	50.93	41.17	58.25
2144	160.14	183.75	128.67
2145	111.45	95.83	130.20
2146	236.47	174.45	350.17
2147	259.44	454.00	142.70
2148	220.67	251.83	158.33
2149	80.57	55.88	159.60
2150	86.71	88.07	82.97
2151	188.82	167.04	221.50
2152	1575.96	1574.32	1582.20
2153	151.72	103.49	207.98
2154	542.06	692.10	292.00
2155	597.75	597.75	597.75
2156	397.37	133.80	495.45
2157	192.03	198.36	171.47
2158	161.83	171.70	106.84
2159	653.35	723.54	425.25
2160	155.98	140.54	192.00
2161	71.26	100.00	48.26
2162	163.60	172.09	108.42
2163	97.47	44.60	150.33
2164	76.32	54.00	98.63
2165	194.21	212.20	151.05
2166	170.41	176.17	156.60
2167	355.27	48.60	661.93
2168	191.86	237.20	166.67
2169	101.94	114.58	69.10
2170	785.57	1061.75	417.33
2171	244.86	226.06	295.00
2172	220.75	213.06	231.00
2173	437.70	449.29	410.67
2174	168.92	130.95	187.91
2175	261.62	268.84	213.50
2176	151.55	152.00	151.09
2177	306.09	315.14	290.25
2178	100.86	96.00	105.72
2179	315.69	287.45	377.80
2180	625.20	718.50	438.60
2181	141.15	83.75	187.07
2182	188.71	174.51	207.64
2183	508.07	520.20	437.33
2184	4902.61	495.36	11828.29
2185	88.52	94.35	65.17
2186	155.25	167.02	113.23
2187	113.69	122.63	63.00
2188	208.88	281.00	136.75
2189	322.49	327.88	318.00
2190	133.47	132.72	134.22
2191	203.11	236.25	176.60
2192	965.35	1163.16	635.66
2193	247.65	237.03	266.65
2194	249.27	258.52	218.86
2195	188.22	136.00	219.56
2196	344.00	271.67	452.50
2197	127.89	121.38	141.36
2198	80.33	69.00	103.00
2199	659.03	517.50	871.32
2200	286.64	323.25	265.71
2201	500.10	400.94	921.50
2202	162.34	196.12	84.63
2203	106.87	105.00	108.97
2204	195.08	191.45	210.50
2205	72.54	78.95	64.00
2206	279.53	339.10	194.43
2207	186.91	152.46	276.48
2208	420.50	473.10	289.00
2209	5932.94	5819.91	6110.57
2210	176.46	193.14	112.14
2211	727.34	823.60	414.50
2212	182.19	197.80	156.17
2213	231.25	283.60	144.00
2214	1318.17	2131.38	233.91
2215	620.43	994.85	177.94
2216	1436.55	525.50	3030.88
2217	248.27	289.17	125.57
2218	309.94	307.50	317.25
2219	152.99	166.63	105.25
2220	99.54	95.88	110.55
2221	248.79	292.44	96.02
2222	73.46	87.93	56.10
2223	69.74	57.42	88.22
2224	247.82	281.44	146.97
2225	85.03	45.07	125.00
2226	283.76	302.36	260.50
2227	268.65	278.46	254.90
2228	999.82	465.50	1641.00
2229	568.13	816.22	196.00
2230	180.67	183.89	177.27
2231	189.54	122.84	306.25
2232	178.40	208.22	138.63
2233	299.62	345.80	270.75
2234	50.63	55.64	36.05
2235	1218.50	191.00	1903.50
2236	162.91	166.91	151.90
2237	361.75	453.60	208.67
2238	447.29	353.00	518.00
2239	303.45	297.63	314.50
2240	227.26	200.08	254.45
2241	38.31	13.13	73.56
2242	274.55	286.53	223.62
2243	179.06	75.67	238.14
2244	283.84	294.60	232.54
2245	314.02	106.23	432.75
2246	1581.71	2504.50	351.33
2247	66.83	77.11	43.70
2248	195.44	233.97	70.19
2249	242.62	296.80	208.75
2250	369.40	417.36	310.78
2251	228.62	133.60	387.00
2252	1110.00	75.00	1800.00
2253	123.71	144.34	98.43
2254	399.15	337.79	555.36
2255	363.46	333.19	646.00
2256	822.71	1593.52	187.93
2257	94.75	73.10	145.27
2258	931.91	946.88	892.00
2259	382.04	424.05	242.00
2260	25.02	28.23	23.95
2261	417.33	439.13	308.33
2262	86.50	81.04	96.21
2263	314.33	258.57	392.40
2264	443.14	501.29	268.71
2265	3744.93	3763.17	3699.33
2266	194.22	194.70	193.50
2267	193.17	115.36	400.67
2268	159.19	134.88	183.50
2269	159.57	159.23	161.83
2270	1131.46	725.70	2484.00
2271	227.76	111.73	367.00
2272	253.06	251.37	263.20
2273	80.95	80.25	84.00
2274	564.27	635.56	181.10
2275	457.64	474.00	397.67
2276	155.68	144.29	205.00
2277	287.11	264.45	342.14
2278	243.00	147.67	300.20
2279	521.71	603.82	172.75
2280	141.50	141.67	141.33
2281	160372.55	283355.59	494.60
2282	322.99	363.98	159.00
2283	207.12	237.18	147.00
2284	165.40	243.16	87.63
2285	122.58	170.50	90.63
2286	212.56	255.72	155.00
2287	257.00	378.33	135.67
2288	385.19	496.98	81.75
2289	199.00	206.73	188.18
2290	998.38	716.80	1937.00
2291	435.38	567.71	74.48
2292	1799.77	2106.96	571.00
2293	98.49	60.60	149.00
2294	202.51	207.80	197.22
2295	337.19	340.54	322.67
2296	485.96	552.53	457.43
2297	165.08	193.57	128.82
2298	287.88	329.00	197.40
2299	162.51	125.02	300.00
2300	135.63	130.57	166.71
2301	314.05	256.93	404.76
2302	136.59	164.65	84.20
2303	91.91	117.42	66.40
2304	496.00	514.14	470.60
2305	353.74	422.31	216.61
2306	158.05	119.85	208.98
2307	286.70	231.05	421.86
2308	5212.00	6759.11	1731.00
2309	91.60	94.12	86.57
2310	162.12	168.32	138.60
2311	86.09	69.09	95.80
2312	154.80	152.67	158.00
2313	424.20	495.71	361.62
2314	69.91	80.89	37.00
2315	151.15	143.98	164.30
2316	311.67	196.00	427.33
2317	249.19	206.57	316.18
2318	156.61	118.72	202.08
2319	203.45	189.38	241.00
2320	55.28	43.77	78.30
2321	411.30	446.94	353.38
2322	1642.75	2039.00	982.33
2323	322.96	330.47	292.93
2324	114.45	88.39	155.72
2325	345.15	361.35	188.53
2326	127.63	159.97	95.30
2327	89.98	115.71	53.96
2328	283.13	284.36	276.57
2329	104.83	149.33	71.45
2330	60.70	56.24	74.07
2331	90.70	86.84	99.20
2332	77.34	102.01	36.23
2333	171.66	146.20	203.50
2334	188.80	165.83	223.24
2335	312.80	366.33	232.50
2336	168.12	148.00	188.25
2337	158.72	177.39	70.00
2338	104.12	119.65	75.65
2339	2863.43	1301.75	4945.67
2340	121.81	138.76	60.80
2341	56.88	61.58	47.50
2342	151.03	139.40	174.29
2343	126.60	127.50	125.25
2344	59.90	42.37	109.00
2345	89.32	89.56	85.82
2346	370.66	437.43	157.00
2347	222.53	240.25	209.64
2348	138.18	152.35	84.34
2349	152.70	191.22	101.33
2350	153.75	121.17	186.33
2351	79.30	106.60	52.00
2352	166.31	157.12	171.97
2353	314.22	221.67	499.33
2354	121.00	212.00	66.40
2355	472.29	627.75	265.00
2356	79.03	105.20	9.23
2357	137.06	109.43	158.56
2358	361.73	386.40	312.40
2359	248.52	266.57	164.27
2360	176.54	163.38	197.60
2361	303.71	357.27	169.80
2362	60.75	58.17	78.00
2363	260.00	296.33	241.83
2364	293.17	381.67	204.67
2365	798.26	828.44	476.33
2366	234.71	269.72	106.33
2367	258.00	432.50	102.89
2368	32.78	31.30	34.27
2369	132.89	117.10	164.47
2370	610.56	853.80	306.50
2371	168.55	245.22	111.05
2372	251.69	269.40	192.67
2373	258.04	368.42	178.32
2374	114.40	114.31	114.65
2375	199.12	206.50	188.57
2376	220.59	228.82	208.25
2377	61.61	79.62	31.60
2378	331.38	417.94	158.25
2379	158.77	164.30	140.33
2380	85.72	64.99	102.99
2381	37.49	39.26	35.07
2382	132.24	88.40	205.30
2383	48.72	25.99	128.25
2384	247.87	232.38	294.33
2385	277.98	312.80	225.75
2386	129.20	111.17	156.25
2387	67.17	69.92	46.13
2388	155.99	153.79	161.47
2389	65.03	65.68	58.00
2390	2682.89	3616.00	2216.33
2391	231.40	256.33	194.00
2392	275.89	282.42	260.67
2393	121.57	69.47	163.24
2394	257.16	261.66	240.67
2395	193.93	182.64	225.00
2396	170.13	143.02	239.86
2397	159.26	161.03	155.73
2398	118.10	103.85	135.51
2399	535.06	537.36	530.83
2400	107.66	100.75	123.20
2401	1067.59	1126.52	965.81
2402	253.78	286.97	176.33
2403	373.75	442.80	258.67
2404	239.11	258.38	158.18
2405	109.19	99.90	117.76
2406	228.92	229.30	227.67
2407	230.50	156.43	403.33
2408	282.96	330.55	164.00
2409	297.08	338.73	118.56
2410	822.90	93.54	1844.00
2411	57.81	61.34	51.93
2412	288.86	371.25	179.00
2413	200.29	33.91	574.65
2414	100.47	86.81	132.33
2415	336.40	337.00	335.00
2416	366.83	317.43	443.67
2417	203.07	184.05	332.40
2418	7947.50	4506.00	11389.00
2419	1182.63	1088.95	1440.25
2420	120.25	102.83	158.00
2421	113.50	118.60	103.30
2422	143.66	152.81	15.59
2423	126.89	110.65	151.25
2424	458.50	518.86	317.67
2425	220.15	221.43	216.30
2426	28.27	31.27	22.27
2427	263.43	225.90	376.00
2428	3081.99	4392.80	460.36
2429	3207.99	4551.53	789.60
2430	299.38	352.56	179.75
2431	542.37	589.00	513.23
2432	268.76	372.62	81.80
2433	325.96	247.72	492.67
2434	95.73	129.63	44.88
2435	318.33	369.86	189.50
2436	403.25	467.84	222.40
2437	452.28	519.28	88.57
2438	155.39	152.71	161.63
2439	100.66	19.33	181.99
2440	307.21	268.91	409.33
2441	138.89	143.53	129.60
2442	207.38	249.13	170.54
2443	87.46	111.30	73.16
2444	308.63	322.34	243.50
2445	342.18	337.06	362.67
2446	279.50	194.67	406.75
2447	44.10	77.33	19.18
2448	243.00	251.00	223.00
2449	145.53	115.73	225.00
2450	429.11	159.38	578.96
2451	50.95	67.78	22.90
2452	1004.99	1346.33	800.18
2453	144.69	154.70	78.00
2454	732.09	841.16	332.20
2455	98.05	106.32	84.27
2456	281.80	389.00	174.60
2457	667.93	852.84	321.23
2458	158.95	137.29	223.93
2459	107.09	62.15	167.00
2460	360.00	351.83	372.25
2461	248.35	208.76	314.33
2462	260.72	245.23	269.47
2463	245.83	242.38	252.75
2464	1449.78	1719.00	1113.25
2465	70.26	78.36	48.66
2466	189.84	183.70	197.00
2467	685.67	621.00	776.20
2468	411.46	336.17	501.80
2469	181.70	270.53	4.03
2470	170.41	174.75	164.63
2471	218.26	193.19	268.39
2472	164.77	155.33	169.49
2473	223.24	284.66	77.36
2474	1254.74	1268.33	1205.80
2475	228.25	236.88	219.06
2476	212.83	229.58	132.40
2477	2597.52	3196.12	53.50
2478	150.32	192.25	38.50
2479	253.00	242.57	277.33
2480	256.99	271.00	182.26
2481	234.97	201.36	261.86
2482	168.00	164.41	174.78
2483	138.11	147.94	49.66
2484	185.00	174.13	250.20
2485	159.15	165.85	141.30
2486	262.73	266.62	254.92
2487	24.48	32.34	4.83
2488	250.00	262.78	211.67
2489	233.72	216.23	335.20
2490	153.72	130.03	231.57
2491	86.49	87.75	83.20
2492	266.54	247.33	298.56
2493	164.88	174.00	155.75
2494	174.10	167.06	186.66
2495	104.06	87.29	137.60
2496	326.59	362.83	239.60
2497	350.53	383.37	208.25
2498	152.39	159.78	142.98
2499	1150.55	1360.00	784.00
2500	178.35	161.88	247.89
2501	153.11	144.50	164.60
2502	171.08	192.49	155.43
2503	3405.00	4593.17	1028.67
2504	123.84	123.60	124.24
2505	119.83	150.60	96.75
2506	278.44	295.73	240.40
2507	122.71	124.40	119.33
2508	309.86	371.33	263.75
2509	97.08	98.67	93.50
2510	257.46	255.62	260.40
2511	295.19	483.86	148.44
2512	124.12	109.00	149.33
2513	1123.19	544.86	1573.00
2514	264.50	274.33	254.67
2515	181.07	152.64	259.25
2516	201.91	108.49	295.33
2517	49.42	47.49	54.08
2518	69.39	128.00	40.08
2519	80.16	117.95	49.92
2520	184.13	199.60	44.83
2521	332.11	329.79	335.41
2522	211.29	206.00	217.47
2523	136.33	119.42	204.00
2524	428.36	467.23	233.97
2525	248.61	405.80	154.30
2526	495.07	148.10	1189.00
2527	143.71	150.64	51.33
2528	173.51	169.10	211.67
2529	269.00	277.50	262.20
2530	291.56	244.46	417.17
2531	241.09	316.00	198.28
2532	330.12	323.18	344.00
2533	433.00	515.40	330.00
2534	223.50	194.20	252.80
2535	189.98	182.91	199.60
2536	243.80	274.93	224.00
2537	864.83	1451.62	473.62
2538	87.57	90.67	85.25
2539	310.58	318.11	288.00
2540	57.61	48.67	73.26
2541	383.35	248.00	518.70
2542	148.00	135.00	170.75
2543	1220.18	1361.14	973.50
2544	155.21	96.82	313.70
2545	161.08	157.49	168.26
2546	178.41	217.73	112.87
2547	116.96	122.67	101.25
2548	653.45	287.69	1970.18
2549	210.43	221.69	192.12
2550	144.93	128.75	209.67
2551	1679.21	1963.45	637.00
2552	210.22	177.67	275.33
2553	113.30	120.33	102.75
2554	74.31	80.42	55.99
2555	144.09	162.38	95.33
2556	176.69	219.89	47.10
2557	169.36	68.62	303.67
2558	234.55	255.29	198.25
2559	304.75	352.50	257.00
2560	717.25	804.00	457.00
2561	411.10	432.68	336.78
2562	538.22	966.95	185.14
2563	445.17	371.33	519.00
2564	260.24	378.00	63.96
2565	112.49	73.65	151.33
2566	99.35	18.70	180.00
2567	107.86	132.18	87.60
2568	186.09	170.20	237.72
2569	199.67	165.90	237.20
2570	184.04	205.11	127.83
2571	346.93	317.04	368.29
2572	155.42	162.58	132.77
2573	381.44	238.06	668.20
2574	289.09	235.14	383.50
2575	148.22	173.67	97.33
2576	26.66	22.20	32.60
2577	182.47	198.17	144.80
2578	994.51	1371.73	186.18
2579	242.00	194.60	301.25
2580	104.31	110.84	97.79
2581	219.48	171.79	521.50
2582	106.77	112.30	88.33
2583	218.06	173.97	284.20
2584	103.89	144.34	33.10
2585	322.14	227.57	612.60
2586	103.84	82.88	187.67
2587	5063.84	4860.58	5412.29
2588	199.12	177.75	220.50
2589	69.36	79.28	49.50
2590	168.19	168.28	168.00
2591	92.16	80.74	141.67
2592	90.48	86.71	110.00
2593	208.09	137.22	255.33
2594	85.77	94.27	65.93
2595	197.90	141.43	326.97
2596	318.32	312.55	399.14
2597	452.67	517.75	105.60
2598	413.37	301.93	572.57
2599	343.83	342.40	345.90
2600	301.83	373.33	230.33
2601	232.00	231.25	234.00
2602	244.09	249.90	217.32
2603	135.76	138.99	123.93
2604	107.41	78.06	160.25
2605	317.62	358.30	182.00
2606	174.61	367.00	67.73
2607	140.26	215.20	46.57
2608	94.69	112.95	70.33
2609	88.30	82.22	104.49
2610	242.55	254.44	189.00
2611	330.42	450.17	90.93
2612	272.25	300.81	172.30
2613	517.17	612.64	367.14
2614	241.18	178.81	303.56
2615	203.75	227.03	141.67
2616	515.10	647.65	250.00
2617	142.09	148.04	128.70
2618	1087.57	2397.67	105.00
2619	464.12	507.69	275.33
2620	81.41	74.61	95.00
2621	285.22	327.54	101.83
2622	238.95	152.31	426.67
2623	157.76	115.08	268.72
2624	108.55	86.82	173.75
2625	429.55	502.54	294.00
2626	269.33	414.67	124.00
2627	78.74	54.54	151.33
2628	118.42	65.88	200.99
2629	351.69	280.33	512.25
2630	55.89	63.73	48.05
2631	167.00	95.50	224.20
2632	950.92	1117.67	808.00
2633	117.85	170.94	64.75
2634	237.57	87.67	350.00
2635	320.33	311.67	329.00
2636	128.48	118.51	171.67
2637	153.19	108.08	234.40
2638	342.45	306.07	404.83
2639	166.43	196.00	127.00
2640	330.75	360.80	280.67
2641	200.92	163.57	253.20
2642	166.34	130.00	293.55
2643	829.30	901.62	684.67
2644	229.70	192.05	323.83
2645	38.92	44.13	33.70
2646	336.50	309.00	364.00
2647	50.42	56.74	34.97
2648	170.85	178.50	145.33
2649	149.91	148.22	155.00
2650	475.36	582.71	287.50
2651	110.82	58.92	249.20
2652	256.95	184.67	365.37
2653	15.53	30.26	4.47
2654	236.21	273.48	161.67
2655	261.41	311.96	129.96
2656	697.43	732.24	543.29
2657	278.49	309.47	82.30
2658	127.32	135.38	105.83
2659	960.27	799.06	1106.83
2660	608.21	888.63	439.96
2661	301.75	291.56	334.02
2662	109.85	126.45	93.25
2663	232.21	225.18	258.00
2664	195.94	182.18	221.17
2665	263.49	296.39	181.25
2666	184.11	196.40	168.75
2667	234.00	212.50	266.25
2668	801.64	1355.16	109.75
2669	732.40	592.86	1058.00
2670	293.40	157.83	835.67
2671	98.43	120.00	82.25
2672	195.41	168.15	284.00
2673	186.47	180.09	228.97
2674	79.54	97.53	34.56
2675	115.77	105.67	138.50
2676	212.90	224.52	194.77
2677	156.63	159.82	115.11
2678	182.79	170.95	220.00
2679	336.18	118.50	460.57
2680	763.09	1439.75	86.42
2681	169.09	232.00	93.60
2682	157.62	146.67	164.20
2683	162.01	163.90	156.33
2684	3484.33	6958.00	705.40
2685	183.14	196.21	160.25
2686	286.00	344.67	227.33
2687	227.40	241.57	194.33
2688	642.50	352.04	1978.60
2689	89.00	77.37	118.44
2690	246.62	220.67	272.57
2691	123.00	134.83	105.25
2692	135.84	203.67	101.92
2693	17.11	26.29	7.93
2694	165.96	188.89	97.17
2695	220.35	205.65	270.71
2696	106.07	117.88	90.33
2697	145.00	125.33	164.67
2698	269.67	290.33	237.53
2699	219.98	134.96	356.00
2700	254.32	243.94	282.00
2701	198.00	151.00	245.00
2702	219.52	191.36	251.70
2703	256.24	271.09	142.40
2704	562.75	373.78	987.95
2705	206.23	215.13	187.14
2706	241.82	216.94	278.02
2707	160.00	173.91	121.75
2708	145.45	110.66	198.97
2709	155.56	145.33	176.00
2710	236.04	230.91	246.29
2711	302.00	329.62	228.33
2712	53.29	54.33	50.95
2713	37.60	41.53	32.67
2714	433.25	444.40	414.67
2715	262.40	276.84	114.35
2716	75.92	81.58	43.90
2717	79.32	101.72	59.15
2718	402.48	450.44	186.67
2719	113.64	128.26	89.28
2720	399.62	443.56	343.14
2721	2024.58	1828.90	3394.33
2722	227.17	173.83	280.50
2723	43.47	77.45	24.05
2724	393.67	125.00	662.33
2725	110.22	120.20	97.75
2726	142.22	115.18	214.33
2727	195.09	272.03	56.60
2728	323.55	242.17	421.20
2729	255.90	195.93	405.83
2730	2383.64	3883.59	240.86
2731	190.01	191.29	187.74
2732	112.80	110.14	119.00
2733	115.70	198.10	72.08
2734	154.85	173.85	72.53
2735	49.85	48.79	55.95
2736	103.50	91.98	132.29
2737	386.67	342.00	476.00
2738	360.88	376.89	317.43
2739	47.42	54.32	35.93
2740	1409.38	1210.60	1608.16
2741	155.98	238.66	93.97
2742	78.54	116.00	41.08
2743	260.75	334.00	138.67
2744	95.39	96.64	90.00
2745	183.29	171.75	198.67
2746	293.89	328.73	224.20
2747	180.73	202.43	150.35
2748	1817.34	2073.37	985.25
2749	230.33	237.27	188.67
2750	292.40	354.14	148.33
2751	56.08	67.53	44.63
2752	324.51	704.63	161.60
2753	139.12	135.76	147.85
2754	109.93	100.98	161.41
2755	124.19	104.10	194.50
2756	44.55	42.66	48.32
2757	164.27	188.67	135.00
2758	240.78	221.49	279.37
2759	284.28	262.52	324.17
2760	718.08	829.67	467.00
2761	291.25	326.67	185.00
2762	423.82	232.13	692.20
2763	693.00	318.00	974.25
2764	268.54	179.90	401.50
2765	328.17	296.87	484.67
2766	246.93	255.05	218.50
2767	125.91	52.27	175.00
2768	154.41	158.89	138.72
2769	473.86	600.25	305.33
2770	383.62	342.36	474.40
2771	328.11	304.96	467.00
2772	397.82	403.66	383.80
2773	157.84	152.10	170.75
2774	147.66	163.50	108.08
2775	269.54	312.60	259.60
2776	272.38	270.03	285.67
2777	259.33	209.40	289.29
2778	283.71	239.67	393.83
2779	275.00	276.00	274.00
2780	504.82	523.54	444.00
2781	148.10	81.47	201.40
2782	81.10	77.38	87.30
2783	271.83	245.00	298.67
2784	145.41	139.06	160.23
2785	395.20	455.00	255.67
2786	147.74	94.80	218.32
2787	233.09	149.00	264.62
2788	252.49	270.98	206.25
2789	55.08	56.75	51.14
2790	182.83	157.55	204.23
2791	251.78	235.71	300.00
2792	545.77	940.33	207.57
2793	206.21	237.83	182.50
2794	628.79	682.00	575.57
2795	92.79	79.76	104.18
2796	175.50	202.23	118.69
2797	242.48	249.23	193.00
2798	131.22	121.73	138.99
2799	13.54	25.65	1.43
2800	432.97	301.29	663.42
2801	232.31	237.73	228.25
2802	105.72	83.54	137.98
2803	148.83	127.67	170.00
2804	324.85	365.90	160.67
2805	201.40	117.78	326.83
2806	131.14	128.25	135.00
2807	101.50	105.33	97.67
2808	302.59	258.43	412.97
2809	135.75	148.25	123.25
2810	205.07	205.00	205.25
2811	90.55	103.28	76.83
2812	153.00	136.67	185.67
2813	128.86	80.22	250.47
2814	94.57	101.50	85.33
2815	6.80	3.03	10.56
2816	308.71	291.00	322.00
2817	47.99	48.43	47.60
2818	138.17	114.67	161.67
2819	87.64	93.50	75.93
2820	301.82	235.25	468.25
2821	154.49	193.72	106.54
2822	146.91	177.60	83.09
2823	178.01	181.82	170.73
2824	643.54	979.90	223.09
2825	408.11	439.63	261.00
2826	949.59	110.67	1264.19
2827	266.08	265.30	268.67
2828	56.05	40.96	71.13
2829	122.87	155.75	96.56
2830	120.12	187.97	37.20
2831	135.73	177.29	63.00
2832	358.40	297.71	447.83
2833	54.97	57.83	48.54
2834	443.89	447.82	428.83
2835	343.63	203.22	624.44
2836	136.56	138.20	133.83
2837	209.36	109.78	394.29
2838	193.05	149.35	440.67
2839	326.17	316.75	373.25
2840	141.65	111.85	162.39
2841	197.59	168.00	227.18
2842	756.03	852.77	401.33
2843	75.39	39.74	107.09
2844	154.31	98.50	202.14
2845	287.60	337.78	174.70
2846	146.79	167.33	71.47
2847	133.58	134.69	127.12
2848	159.25	167.40	151.10
2849	206.53	276.67	153.92
2850	418.14	193.09	828.53
2851	58.61	94.67	36.98
2852	127.03	136.81	55.32
2853	160.74	165.09	135.75
2854	323.86	437.75	172.00
2855	2073.25	2892.21	435.33
2856	192.58	183.17	202.00
2857	147.96	85.30	194.95
2858	212.62	239.36	87.87
2859	81.16	82.12	75.54
2860	113.26	133.08	73.60
2861	76.67	16.67	136.67
2862	271.82	325.44	137.78
2863	233.51	215.35	273.48
2864	297.25	243.25	351.25
2865	222.55	220.10	245.33
2866	95.60	96.47	93.00
2867	205.00	203.60	206.75
2868	132.91	116.43	182.33
2869	48.00	65.93	6.17
2870	168.59	199.46	26.62
2871	194.88	272.20	66.00
2872	102.51	116.86	59.47
2873	749.23	774.35	554.50
2874	51.35	50.01	53.83
2875	163.88	192.25	135.50
2876	24094.53	3651.53	95645.00
2877	135.00	148.00	112.24
2878	1890.54	3197.50	322.20
2879	107.71	90.45	121.51
2880	231.50	208.03	289.47
2881	72.64	73.85	62.97
2882	161.86	186.90	36.67
2883	118.73	129.40	100.97
2884	200.63	204.18	191.51
2885	782.91	471.00	1042.83
2886	1466.89	1885.46	390.57
2887	554.71	723.00	508.82
2888	209.15	218.31	163.33
2889	172.47	174.68	167.60
2890	185.44	170.03	243.25
2891	211.56	263.31	102.88
2892	318.90	313.71	331.00
2893	90.38	74.00	100.20
2894	193.56	267.25	95.30
2895	138.87	108.06	192.09
2896	212.64	201.13	235.67
2897	4.21	3.60	5.23
2898	180.27	170.66	187.49
2899	252.94	242.88	259.66
2900	165.08	193.38	141.49
2901	70.53	85.71	42.72
2902	306.75	96.50	517.00
2903	636.86	617.49	688.51
2904	53.90	45.80	59.98
2905	229.88	214.81	256.25
2906	63.87	52.35	90.73
2907	104.53	81.99	149.60
2908	258.23	60.98	586.97
2909	294.15	287.54	315.44
2910	205.67	184.89	274.95
2911	191.77	205.81	170.70
2912	138.71	145.49	125.15
2913	416.70	428.10	388.20
2914	92.05	75.41	158.60
2915	16538.30	3370.88	94345.82
2916	19.09	0.80	41.95
2917	318.50	195.67	392.20
2918	412.14	291.45	1045.75
2919	782.50	972.86	338.33
2920	101.29	100.11	103.63
2921	231.95	208.48	280.69
2922	151.35	163.53	99.14
2923	999.70	1147.09	203.80
2924	185.67	251.50	133.00
2925	31.81	41.63	19.17
2926	548.01	538.25	566.79
2927	224.27	244.58	171.47
2928	53.81	51.75	58.95
2929	84.90	80.04	104.33
2930	263.33	302.00	186.00
2931	146.43	103.98	210.09
2932	106.08	94.12	120.44
2933	126.45	118.24	157.24
2934	214.04	205.00	229.54
2935	333.09	420.95	186.67
2936	113.88	125.38	97.58
2937	465.32	438.81	515.69
2938	276.58	252.42	331.50
2939	1442.43	1696.00	238.00
2940	637.00	730.00	482.00
2941	167.91	177.88	138.00
2942	375.86	393.89	321.76
2943	438.09	535.27	211.33
2944	134.24	122.15	159.34
2945	280.88	412.00	84.20
2946	62.62	60.55	64.28
2947	313.44	299.40	344.33
2948	280.52	160.38	383.51
2949	121.02	75.92	400.63
2950	200.50	198.88	206.65
2951	243.00	302.00	209.29
2952	146.96	153.00	106.67
2953	93.68	86.45	107.11
2954	398.21	462.57	333.86
2955	138.90	158.02	81.55
2956	212.79	189.48	259.40
2957	525.37	637.80	225.55
2958	123.94	131.20	111.83
2959	100.78	126.13	62.74
2960	202.71	176.25	238.00
2961	115.48	138.86	77.49
2962	178.25	183.13	169.70
2963	842.03	1099.38	456.00
2964	161.11	183.58	93.72
2965	206.43	114.75	328.67
2966	438.26	477.00	412.43
2967	193.07	156.40	266.40
2968	103.16	32.54	267.93
2969	99.71	88.47	129.67
2970	119.24	107.11	189.00
2971	687.15	722.05	633.46
2972	437.62	413.25	462.00
2973	199.56	254.83	89.00
2974	3731.27	4480.00	3107.33
2975	246.69	262.73	115.14
2976	159.93	185.79	140.05
2977	53.94	55.29	43.57
2978	225.03	210.33	298.50
2979	196.67	209.45	47.67
2980	1008.19	965.03	1137.67
2981	138.67	132.00	145.33
2982	630.89	728.67	76.77
2983	217.34	212.05	230.18
2984	149.71	159.25	125.33
2985	149.09	123.97	161.65
2986	253.22	230.50	271.40
2987	52.74	35.38	81.67
2988	185.23	178.99	218.00
2989	269.88	242.25	297.50
2990	96.77	89.85	108.13
2991	505.43	532.53	478.33
2992	250.10	203.50	268.73
2993	314.56	383.64	206.00
2994	594.71	561.84	693.31
2995	219.21	217.43	223.30
2996	378.07	368.90	401.00
2997	428.95	273.60	539.91
2998	276.00	274.50	278.00
2999	500.20	495.83	517.67
3000	184.81	203.41	152.93
3001	247.20	261.48	204.36
3002	110.44	66.00	132.67
3003	326.86	171.50	534.00
3004	695.01	841.23	183.25
3005	152.20	158.33	143.00
3006	147.36	123.25	161.14
3007	172.57	178.42	162.83
3008	527.64	562.33	465.20
3009	185.30	205.68	127.55
3010	118.67	128.00	111.20
3011	346.67	375.22	175.33
3012	200.17	260.71	115.40
3013	742.08	871.00	355.33
3014	469.36	471.73	460.67
3015	140.57	122.34	158.80
3016	217.70	221.71	208.33
3017	240.65	243.19	233.00
3018	339.50	330.19	354.62
3019	250.70	126.33	437.25
3020	419.86	387.56	506.00
3021	461.20	630.00	208.00
3022	42.54	44.35	38.20
3023	159.14	57.00	235.75
3024	508.12	384.15	1045.33
3025	751.51	504.43	1286.83
3026	115.60	111.14	142.30
3027	354.40	417.68	185.67
3028	367.05	435.25	290.82
3029	580.00	776.00	384.00
3030	148.15	157.05	121.44
3031	174.26	134.12	388.33
3032	219.01	99.25	325.47
3033	137.25	117.27	159.74
3034	398.81	566.60	189.08
3035	645.07	659.13	628.20
3036	274.39	316.56	77.60
3037	464.42	543.44	295.10
3038	99.56	70.00	138.97
3039	191.25	201.29	177.20
3040	335.62	347.79	242.33
3041	181.22	211.00	121.67
3042	107.34	72.38	165.60
3043	427.14	755.33	181.00
3044	225.71	275.33	27.23
3045	219.90	293.57	90.97
3046	210.09	185.99	232.00
3047	135.51	157.51	86.00
3048	68.14	66.62	70.16
3049	235.09	53.00	380.76
3050	409.04	398.75	446.45
3051	579.44	901.00	177.50
3052	964.82	681.78	3027.00
3053	213.51	220.03	199.54
3054	334.00	274.00	414.00
3055	150.79	78.11	233.86
3056	131.59	140.29	94.61
3057	68.94	118.67	31.64
3058	437.62	523.00	245.50
3059	711.11	996.75	221.43
3060	228.90	147.67	350.75
3061	232.18	262.63	118.00
3062	133.43	146.25	116.33
3063	117.26	103.00	138.64
3064	288.77	332.89	138.76
3065	115.41	134.46	90.93
3066	272.55	391.29	106.31
3067	96.90	62.75	165.20
3068	141.52	119.74	176.38
3069	136.80	167.04	99.00
3070	2480.22	2968.41	202.00
3071	243.46	244.17	239.78
3072	255.34	222.26	437.25
3073	238.35	274.00	178.93
3074	53.53	94.90	16.51
3075	48.02	49.16	46.30
3076	220.12	165.00	275.25
3077	246.75	104.71	412.47
3078	245.58	320.57	140.60
3079	269.05	317.80	155.30
3080	427.00	584.00	217.67
3081	129.05	153.20	92.82
3082	242.31	225.69	314.33
3083	138.86	166.12	84.33
3084	2240.50	2220.44	2267.25
3085	121.20	128.17	76.58
3086	238.73	235.73	246.89
3087	187.01	238.00	146.21
3088	301.62	237.82	456.57
3089	165.50	136.73	194.27
3090	100.34	85.98	125.47
3091	290.12	341.94	186.50
3092	176.68	131.50	226.89
3093	346.00	340.89	357.50
3094	123.56	163.93	52.92
3095	216.43	167.08	298.67
3096	59.77	67.31	42.17
3097	94.83	102.70	84.33
3098	75.13	69.33	79.78
3099	682.39	730.00	622.88
3100	230.59	204.88	291.35
3101	299.17	337.48	189.71
3102	734.97	1007.00	385.23
3103	146.54	158.25	88.00
3104	601.33	438.58	818.33
3105	105.85	115.92	93.78
3106	84.81	89.22	71.60
3107	292.78	312.55	187.33
3108	178.77	187.92	160.47
3109	20.30	14.02	28.14
3110	321.21	283.23	351.60
3111	252.76	267.55	214.63
3112	238.21	215.36	322.00
3113	78.30	73.00	96.32
3114	194.99	150.65	305.83
3115	243.24	243.22	243.33
3116	249.33	262.00	224.00
3117	160.40	159.09	164.33
3118	181.33	187.58	165.72
3119	212.38	217.61	198.91
3120	154.51	213.84	104.54
3121	106.49	93.25	119.74
3122	23.42	22.25	24.36
3123	339.44	382.88	165.67
3124	231.24	291.83	85.80
3125	181.74	194.93	102.58
3126	706.76	710.92	703.52
3127	126.33	135.83	116.83
3128	80.17	53.81	141.67
3129	231.14	215.27	256.94
3130	194.97	167.25	262.29
3131	354.93	315.20	454.25
3132	135.98	167.55	104.40
3133	135.89	141.06	97.17
3134	344.29	355.21	293.33
3135	295.00	258.67	331.33
3136	2856544.28	3421926.47	29633.33
3137	138.06	127.07	178.33
3138	203.31	229.86	128.98
3139	587.31	375.45	820.35
3140	36.32	42.70	25.89
3141	206.83	212.27	190.53
3142	110.83	134.33	87.32
3143	61.16	79.74	20.30
3144	92.71	104.73	48.67
3145	82.94	68.91	122.20
3146	136.31	120.29	148.77
3147	679.38	319.58	1399.00
3148	195.14	214.80	170.56
3149	129.57	119.00	137.50
3150	126.30	117.52	164.33
3151	123.19	128.58	114.20
3152	495.30	352.20	638.40
3153	204.11	229.70	161.47
3154	383.36	425.25	271.67
3155	414.00	327.33	461.27
3156	190.15	191.70	185.00
3157	493.02	644.60	280.80
3158	236.03	213.96	308.56
3159	176.50	127.67	225.33
3160	480.57	585.00	341.33
3161	146.72	117.93	164.00
3162	232.15	426.25	121.23
3163	687.73	596.65	1044.47
3164	196.72	204.46	181.73
3165	108.54	118.96	90.29
3166	556.77	542.78	588.25
3167	206.00	177.50	244.00
3168	79.06	84.15	72.27
3169	436.50	325.00	622.33
3170	368.67	350.75	420.44
3171	218.53	218.13	219.33
3172	73.57	72.98	74.93
3173	2375.09	135.19	6854.89
3174	214.75	207.50	222.00
3175	40.99	43.44	37.92
3176	99.51	65.33	190.67
3177	617.59	797.40	360.71
3178	184.14	133.91	368.33
3179	150.80	136.40	165.20
3180	185.11	200.00	155.33
3181	212.20	246.83	160.25
3182	670.93	763.36	416.75
3183	197.70	206.76	181.40
3184	169.79	118.89	281.78
3185	65.82	53.00	78.63
3186	237.40	240.28	230.68
3187	158.09	136.87	193.47
3188	119.95	111.49	176.33
3189	317.88	219.92	572.60
3190	88.35	61.39	126.10
3191	506.50	461.67	533.40
3192	176.14	183.71	162.88
3193	835.43	1111.00	468.00
3194	88.52	83.67	95.80
3195	290.78	314.33	255.45
3196	185.00	162.80	222.00
3197	196.55	479.93	119.26
3198	265.67	435.50	129.80
3199	413.45	433.67	407.39
3200	765.31	950.02	343.11
3201	112.64	80.75	155.17
3202	342.77	270.04	464.00
3203	221.83	283.00	160.67
3204	986.26	2041.40	106.98
3205	663.08	1089.57	66.00
3206	534.60	518.33	559.00
3207	514.23	598.10	234.67
3208	181.32	180.68	183.30
3209	389.98	446.43	291.19
3210	468.74	466.52	477.31
3211	289.26	344.49	167.75
3212	213.25	152.17	286.56
3213	115.36	121.74	101.00
3214	111.81	125.33	107.30
3215	80.69	90.72	60.63
3216	469.20	416.17	548.75
3217	322.62	306.43	341.50
3218	601.60	552.57	716.00
3219	28.30	29.67	26.93
3220	114.42	143.96	105.19
3221	64.71	48.54	93.00
3222	145.98	166.00	105.95
3223	68.43	72.40	61.63
3224	192.30	183.50	198.17
3225	98.20	39.92	195.33
3226	81.76	108.00	47.17
3227	202.38	162.25	242.50
3228	125.38	126.86	117.00
3229	135.89	100.25	164.40
3230	258.43	263.20	254.46
3231	277.99	299.80	246.27
3232	298.93	273.05	355.24
3233	212.70	187.60	237.80
3234	1406.22	164.67	3889.33
3235	353.49	358.74	332.50
3236	179.75	237.98	129.83
3237	119.20	131.00	95.60
3238	18.25	6.60	37.67
3239	146.47	142.99	172.00
3240	367.84	507.25	181.97
3241	244.68	268.09	166.67
3242	242.59	80.41	314.67
3243	9.68	10.48	3.33
3244	89.15	83.89	104.92
3245	107.40	102.00	115.50
3246	640.09	621.11	747.67
3247	147.57	166.89	140.55
3248	93.81	96.23	72.70
3249	270.77	332.31	106.67
3250	159.58	158.62	161.50
3251	194.21	184.33	204.08
3252	580.03	411.05	985.60
3253	81.89	138.33	68.87
3254	43.52	4.37	82.67
3255	132.93	131.84	136.99
3256	167.55	173.93	152.67
3257	473.80	432.56	535.67
3258	223.42	591.50	149.80
3259	129.04	138.62	68.40
3260	359.88	402.29	255.12
3261	46.73	26.27	56.97
3262	280.63	387.27	229.63
3263	100.50	117.45	66.60
3264	367.45	377.55	358.90
3265	98.33	139.60	29.53
3266	202.38	172.48	229.30
3267	295.04	347.75	242.33
3268	152.45	167.13	115.75
3269	160.57	149.50	182.70
3270	327.57	297.50	367.67
3271	242.35	193.73	388.20
3272	373.42	386.33	292.75
3273	730.44	675.80	798.75
3274	524.34	669.53	146.85
3275	219.68	226.10	209.40
3276	93.06	56.26	191.19
3277	233.47	275.40	149.60
3278	539.55	595.40	493.00
3279	415.60	425.23	386.70
3280	147.29	162.84	125.51
3281	263.82	191.18	384.89
3282	98.02	77.35	152.26
3283	86.78	68.98	113.48
3284	394.38	545.57	219.01
3285	144.69	159.00	133.95
3286	95.66	82.76	155.87
3287	155.43	113.75	211.00
3288	137.31	202.11	72.51
3289	393.69	473.00	282.65
3290	211.09	242.46	22.86
3291	116.82	137.75	74.95
3292	171.80	103.00	201.29
3293	157.39	163.52	128.00
3294	108.27	113.13	84.00
3295	107.25	153.52	49.41
3296	97.68	105.00	81.20
3297	279.10	371.48	168.24
3298	722.66	768.72	526.95
3299	139.53	161.05	74.97
3300	108.00	115.67	94.20
3301	93.81	102.92	80.14
3302	294.98	278.20	332.75
3303	518.27	512.58	533.71
3304	150.70	223.47	53.67
3305	148.26	41.02	255.50
3306	539.00	597.00	423.00
3307	665.67	808.40	487.25
3308	93.00	120.00	72.75
3309	223.08	166.57	302.20
3310	37.57	16.03	48.34
3311	267.82	278.86	248.50
3312	220.88	338.33	150.40
3313	229.35	206.03	262.00
3314	314.11	333.67	275.00
3315	95.33	108.67	82.00
3316	250.16	190.72	403.00
3317	272.43	301.00	234.33
3318	126.32	92.20	150.69
3319	143.33	113.00	181.25
3320	220.96	232.23	193.93
3321	108.10	109.16	106.50
3322	75.84	75.09	77.55
3323	262.52	130.67	361.41
3324	162.56	178.17	131.33
3325	177.87	193.65	164.35
3326	255.21	255.60	251.33
3327	95.46	98.38	86.72
3328	245.90	246.02	245.00
3329	154.28	190.25	118.32
3330	90.59	92.13	83.10
3331	166.49	121.98	240.67
3332	91.86	69.75	113.97
3333	186.50	139.88	248.67
3334	130.87	115.75	148.14
3335	205.74	193.27	266.00
3336	146.32	154.67	137.97
3337	764.50	847.45	329.00
3338	382.79	144.74	2584.75
3339	10.12	7.90	17.89
3340	1184.00	579.00	1668.00
3341	329.80	347.86	287.67
3342	383.87	389.27	348.75
3343	1211.62	226.16	1915.51
3344	289.16	333.85	192.33
3345	257.51	257.66	257.44
3346	51.39	63.46	32.07
3347	221.95	229.58	193.96
3348	91.78	95.57	87.35
3349	137.71	70.22	214.83
3350	1508.26	1849.05	76.96
3351	1251.38	132.60	3116.00
3352	220.75	244.62	173.01
3353	120.86	159.33	43.93
3354	281.65	289.73	257.40
3355	440.61	91.98	1021.67
3356	233.50	322.00	145.00
3357	440.96	341.85	558.09
3358	94.36	87.58	117.52
3359	243.65	210.08	324.20
3360	72.95	77.66	69.69
3361	294.65	276.21	345.64
3362	476.86	554.33	418.75
3363	64.23	58.63	73.03
3364	170.25	168.99	177.50
3365	246.21	254.99	226.14
3366	77.56	81.28	41.67
3367	97.42	94.50	103.25
3368	133.75	132.93	135.22
3369	203.65	177.17	263.25
3370	279.69	268.46	328.33
3371	58.68	32.77	106.81
3372	268.86	206.15	370.75
3373	156.53	197.08	106.98
3374	215.90	235.20	190.17
3375	176.62	212.62	119.00
3376	894.67	945.31	815.89
3377	70.95	42.67	127.50
3378	460.44	489.80	423.75
3379	252.29	54.00	401.00
3380	143.66	154.38	118.67
3381	172.35	203.00	135.58
3382	149.62	159.31	107.67
3383	100.37	124.21	79.50
3384	40.98	47.33	34.63
3385	568.89	388.79	1109.20
3386	35.47	8.17	55.95
3387	620.56	822.00	459.40
3388	283.29	382.00	151.67
3389	159.00	160.75	157.83
3390	176.69	165.80	194.83
3391	114.01	133.97	54.11
3392	95.14	60.11	114.00
3393	470.90	734.00	295.50
3394	241.33	304.67	178.00
3395	79.95	86.89	61.43
3396	424.38	433.80	408.67
3397	285.38	278.98	321.67
3398	33.28	31.33	40.78
3399	418.80	447.56	402.62
3400	383.67	281.25	895.75
3401	142.66	187.00	111.00
3402	345.75	248.30	429.29
3403	147.64	157.50	121.33
3404	147.66	171.52	115.39
3405	83.35	75.00	91.70
3406	115.98	96.25	137.90
3407	184.63	168.67	200.60
3408	814.86	641.75	1045.67
3409	222.85	284.25	124.60
3410	1133.43	974.29	1310.25
3411	130.75	213.66	70.46
3412	187.06	172.72	218.60
3413	1028.67	1386.00	314.00
3414	61.65	45.32	77.98
3415	190.72	218.67	169.76
3416	1114.43	1658.00	706.75
3417	203.09	194.91	211.28
3418	192.83	315.20	29.67
3419	203.40	133.65	259.20
3420	276.61	237.86	338.60
3421	165.25	125.57	220.80
3422	242.79	247.77	231.26
3423	167.85	170.91	163.25
3424	249.89	234.67	255.60
3425	117.76	123.81	18.94
3426	329.19	362.60	273.50
3427	126.95	128.56	121.83
3428	111.50	130.67	92.33
3429	215.63	213.25	228.33
3430	46.04	46.35	45.80
3431	116.98	104.47	142.00
3432	158.63	172.71	144.54
3433	559.80	635.75	281.33
3434	239.81	272.60	185.17
3435	141.68	84.08	237.67
3436	122.38	118.84	133.90
3437	123.20	145.40	101.00
3438	245.75	370.50	96.06
3439	6163.60	6590.86	5166.67
3440	571.12	570.40	572.33
3441	215.62	50.67	314.60
3442	62.40	28.33	113.50
3443	110.05	95.70	133.00
3444	134.64	136.60	125.60
3445	266.82	278.90	230.60
3446	176.35	193.75	118.33
3447	88.46	58.40	198.67
3448	112.71	121.64	53.18
3449	219.71	210.50	232.00
3450	241.00	127.50	354.50
3451	369.67	454.86	250.40
3452	126.34	127.87	121.11
3453	176.33	131.50	212.20
3454	228.95	240.04	205.38
3455	122.63	160.67	84.60
3456	109.11	97.40	123.75
3457	90.91	97.97	82.67
3458	1473.67	343.60	2886.25
3459	212.77	261.48	115.33
3460	619.93	521.71	1242.00
3461	200.58	266.33	134.83
3462	167.86	156.96	195.10
3463	91.60	83.07	98.00
3464	65.46	115.44	15.47
3465	245.50	154.33	464.32
3466	196.38	218.57	165.32
3467	276.50	261.56	321.33
3468	310.84	303.11	370.75
3469	350.94	410.69	195.60
3470	91.42	95.57	70.63
3471	187.98	220.54	131.00
3472	142.91	133.10	164.04
3473	582.69	704.29	298.97
3474	24.54	18.22	39.29
3475	72.90	53.38	111.93
3476	177.53	166.75	242.17
3477	223.89	224.45	220.33
3478	212.94	254.88	171.00
3479	336.47	315.88	354.78
3480	126.65	135.59	113.74
3481	297.08	353.50	240.67
3482	332.30	264.14	491.33
3483	175.42	187.82	157.71
3484	304.61	312.68	237.33
3485	182.00	220.00	136.40
3486	193.13	159.52	221.13
3487	310.67	264.67	379.67
3488	147.53	130.54	173.00
3489	263.20	181.14	454.67
3490	764.50	725.86	854.67
3491	138.31	124.08	153.83
3492	150.55	140.33	242.50
3493	237.88	279.80	168.00
3494	327.09	114.33	752.61
3495	91.88	116.98	76.20
3496	124.16	125.98	122.82
3497	290.68	267.33	347.97
3498	296.94	294.64	318.33
3499	1593.16	2103.07	573.33
3500	325.15	355.97	294.33
3501	69.24	70.68	64.92
3502	225.25	236.10	149.33
3503	210.06	232.31	106.25
3504	310.52	322.27	280.69
3505	368.31	313.19	654.94
3506	180.63	192.33	160.57
3507	129.81	127.34	141.33
3508	195.18	149.10	351.84
3509	6058.67	1198.00	10919.33
3510	275.50	218.20	332.80
3511	185.42	177.66	205.60
3512	124.61	99.69	157.83
3513	139.35	55.96	278.33
3514	337.33	302.33	372.33
3515	278.43	331.67	238.50
3516	53.27	67.42	47.20
3517	562.59	239.12	993.88
3518	115.42	101.88	137.10
3519	339.00	465.00	213.00
3520	99.39	120.40	73.12
3521	272.97	303.42	110.57
3522	142.40	158.56	113.32
3523	58.51	67.03	50.00
3524	254.41	293.22	167.08
3525	955.72	931.58	1004.00
3526	421.25	487.75	354.75
3527	289.40	278.00	300.80
3528	327.67	268.67	386.67
3529	461.90	430.80	493.00
3530	33.97	34.35	33.10
3531	355.06	379.45	310.33
3532	157.50	164.33	150.67
3533	181.58	134.60	240.31
3534	105.26	98.24	115.29
3535	268.29	264.53	282.60
3536	125.36	122.43	134.16
3537	286.47	286.30	287.00
3538	331.12	304.00	376.33
3539	56.94	59.49	55.03
3540	121.47	95.24	182.65
3541	592.38	602.50	558.67
3542	222.29	210.00	246.88
3543	362.25	288.40	485.33
3544	291.68	338.61	172.24
3545	6.83	4.07	10.50
3546	341.56	354.67	315.33
3547	163.50	189.67	137.33
3548	79.54	99.94	55.05
3549	259.39	115.33	403.44
3550	175.58	182.67	173.21
3551	131.22	108.33	176.99
3552	183.89	240.75	138.40
3553	123.66	124.34	117.80
3554	208.29	233.00	175.33
3555	196.74	179.40	283.42
3556	335.06	312.08	390.20
3557	404.55	413.79	341.73
3558	254.83	257.26	243.25
3559	231.50	174.33	288.67
3560	332.07	365.30	226.83
3561	2650.20	2621.42	2691.78
3562	1083.54	805.85	1453.79
3563	245.71	211.36	371.67
3564	156.19	168.70	139.50
3565	594.62	660.60	484.67
3566	239.24	227.70	270.00
3567	141.88	130.97	163.70
3568	322.40	305.50	400.16
3569	146.81	141.63	153.40
3570	135.46	143.40	130.50
3571	42.32	50.87	33.78
3572	193.20	115.26	282.27
3573	304.25	289.86	405.00
3574	930.32	585.16	1448.07
3575	106.27	154.51	21.85
3576	2750.77	1221.18	4662.75
3577	694.48	641.50	765.11
3578	596.71	620.60	583.44
3579	66.20	68.96	59.76
3580	309.16	253.43	448.50
3581	122.83	121.39	124.70
3582	328.02	398.90	195.11
3583	237.06	217.93	321.20
3584	142.25	156.29	117.70
3585	127.95	4.95	250.95
3586	170.43	160.73	184.29
3587	68.90	39.24	148.00
3588	269.70	254.31	331.25
3589	110.11	178.80	67.17
3590	147.58	129.46	207.14
3591	246.83	246.93	246.33
3592	63.12	61.85	72.00
3593	322.77	96.50	423.33
3594	563.91	818.00	246.30
3595	245.50	223.12	290.25
3596	86.59	107.06	38.82
3597	173.71	183.31	131.48
3598	46.20	55.92	33.23
3599	168.56	173.75	160.40
3600	180.62	210.00	131.67
3601	69.30	57.55	194.67
3602	440.15	721.67	198.86
3603	250.58	242.10	263.30
3604	380.19	241.88	587.67
3605	98.99	78.47	126.33
3606	244.71	250.23	224.50
3607	178.50	189.80	144.60
3608	172.73	185.31	135.00
3609	67.29	72.14	54.37
3610	270.17	146.00	295.00
3611	258.45	325.43	141.25
3612	283.27	236.80	322.00
3613	155.10	98.48	268.33
3614	253.41	289.08	167.80
3615	148.78	152.38	128.71
3616	311.54	301.80	350.50
3617	200.06	181.64	264.50
3618	305.50	284.00	327.00
3619	450.73	459.43	435.50
3620	311.00	285.50	345.00
3621	186.71	304.67	98.25
3622	247.18	249.04	236.44
3623	462.64	410.12	602.67
3624	126.79	128.22	123.56
3625	244.38	291.80	173.25
3626	47.78	31.25	61.00
3627	1510.00	2256.00	1261.33
3628	215.83	227.34	154.44
3629	374.08	488.71	53.12
3630	138.10	165.60	110.60
3631	207.34	192.89	347.00
3632	843.67	1104.77	437.52
3633	109.22	59.00	149.40
3634	181.39	145.82	297.00
3635	286.89	306.50	247.67
3636	170.36	136.68	293.85
3637	154.40	92.71	298.33
3638	184.06	258.00	122.45
3639	135.00	131.00	141.67
3640	75.37	74.40	75.86
3641	126.56	135.87	77.36
3642	80.66	55.90	99.92
3643	597.18	631.43	553.14
3644	155.88	172.20	128.67
3645	151.91	146.54	168.00
3646	578.08	596.57	472.43
3647	200.98	176.06	259.11
3648	155.26	118.93	264.25
3649	187.71	185.70	197.25
3650	238.56	159.50	301.80
3651	28.00	20.68	35.33
3652	186.50	165.66	290.67
3653	214.40	223.90	200.83
3654	22.14	19.73	25.74
3655	172.46	178.22	162.22
3656	207.64	258.19	168.98
3657	176.32	133.50	210.58
3658	274.04	180.06	399.33
3659	161.50	159.83	164.00
3660	849.68	923.90	280.67
3661	214.14	187.43	246.20
3662	82.05	72.35	122.82
3663	18.34	22.67	15.09
3664	109.15	96.67	122.67
3665	249.87	119.47	510.67
3666	210.36	150.36	270.36
3667	37.81	46.13	12.82
3668	129.76	121.59	136.76
3669	307.74	355.69	227.83
3670	203.33	277.33	129.33
3671	335.00	114.67	445.17
3672	407.00	578.50	178.33
3673	319.59	333.42	286.40
3674	9.04	8.99	9.12
3675	935.70	798.00	1716.00
3676	1552.09	2110.86	574.25
3677	304.00	424.33	213.75
3678	111.89	118.08	82.20
3679	191.57	212.84	158.14
3680	86.94	66.65	107.22
3681	105.55	87.88	162.97
3682	275.00	203.00	320.00
3683	22.34	18.49	32.93
3684	374.70	346.67	475.60
3685	267.14	284.50	223.75
3686	350.71	387.75	301.33
3687	171.29	258.67	105.75
3688	123.13	130.12	116.13
3689	221.51	223.06	218.67
3690	200.44	165.80	258.17
3691	72.47	100.40	65.49
3692	4551.44	5393.80	3498.50
3693	428.35	466.82	210.33
3694	221.24	231.12	194.88
3695	186.18	159.84	206.67
3696	259.27	222.66	298.69
3697	232.57	183.08	298.56
3698	103.74	101.25	117.00
3699	125.80	98.20	162.60
3700	899.50	993.60	742.67
3701	208.13	242.69	139.00
3702	259.00	289.00	149.00
3703	144.25	124.40	177.33
3704	559.43	618.00	481.33
3705	458.98	531.98	303.86
3706	446.36	476.41	242.00
3707	3505.53	5353.25	338.00
3708	415.22	486.17	273.33
3709	283.95	260.06	347.67
3710	132.03	116.76	179.54
3711	69.26	70.17	59.70
3712	54.81	53.57	58.80
3713	102.09	87.20	121.93
3714	248.18	267.14	215.00
3715	211.17	285.00	137.33
3716	1564.22	820.00	2010.75
3717	304.36	134.00	401.71
3718	1703.53	2094.36	609.20
3719	595.38	506.80	743.00
3720	243.95	236.75	265.57
3721	136.76	180.25	78.77
3722	180.79	188.46	168.00
3723	194.62	243.60	113.00
3724	315.64	340.38	282.67
3725	58.75	63.95	52.90
3726	274.96	299.65	168.00
3727	142.68	113.86	200.33
3728	1062.00	1868.67	255.33
3729	333.05	323.99	352.00
3730	746.40	957.90	419.55
3731	1316.17	1443.56	934.00
3732	250.64	250.70	250.50
3733	343.83	386.75	258.00
3734	177.23	128.46	249.40
3735	322.04	341.08	301.10
3736	185.43	197.06	146.67
3737	189.61	216.42	136.00
3738	140.24	156.27	124.21
3739	143.48	96.80	174.60
3740	129.91	143.00	114.20
3741	37.59	42.58	29.27
3742	141.98	72.97	211.00
3743	194.78	209.98	134.00
3744	285.20	255.13	345.33
3745	344.29	364.75	317.00
3746	114.44	128.25	103.40
3747	209.70	203.16	233.66
3748	46.30	45.19	48.81
3749	719.86	781.12	638.17
3750	114.52	131.21	75.58
3751	121.67	150.90	88.79
3752	109.96	111.61	105.42
3753	145.41	154.38	116.25
3754	215.49	189.25	224.23
3755	222.84	235.79	179.67
3756	177.57	168.30	221.27
3757	150.91	156.65	122.25
3758	383.15	456.67	320.13
3759	96.20	92.33	98.13
3760	265.18	280.64	236.83
3761	143.80	111.00	176.60
3762	1467.11	1447.30	1519.93
3763	247.59	117.93	328.62
3764	256.70	281.61	242.17
3765	1472.29	1652.50	1111.88
3766	378.76	414.50	307.27
3767	256.16	267.59	212.33
3768	87.98	78.35	104.39
3769	168.33	205.67	131.00
3770	135.14	175.00	105.25
3771	196.54	178.75	297.33
3772	288.80	183.11	424.69
3773	212.00	216.53	199.17
3774	171.33	235.35	85.97
3775	144.05	161.82	108.50
3776	275.96	266.84	303.30
3777	101.13	117.10	47.90
3778	304.70	409.82	112.00
3779	205.86	154.67	236.58
3780	43.79	44.96	40.27
3781	320.90	100.64	596.23
3782	153.07	162.72	92.00
3783	215.70	262.80	168.60
3784	213.42	217.38	205.50
3785	38.04	39.48	33.23
3786	748.22	453.50	1337.67
3787	152.01	220.93	100.33
3788	542.61	576.75	474.33
3789	378.84	386.43	365.18
3790	1168.23	1265.06	369.41
3791	163.27	170.71	153.80
3792	221.44	244.33	175.67
3793	223.73	135.62	458.67
3794	193.87	199.79	162.30
3795	790.75	280.43	1505.20
3796	280.14	316.00	253.25
3797	151.35	81.60	252.12
3798	347.09	286.62	508.33
3799	165.28	164.22	171.67
3800	512.33	530.67	494.00
3801	3748.86	215.33	6399.00
3802	161.54	107.22	205.00
3803	88.08	88.43	87.58
3804	248.75	233.72	257.34
3805	363.04	351.57	397.48
3806	369.45	381.12	338.33
3807	258.56	205.67	326.57
3808	388.12	444.42	290.89
3809	273.38	454.69	149.32
3810	470.75	435.00	506.50
3811	163.68	153.30	238.40
3812	218.00	222.14	208.33
3813	362.83	384.22	353.20
3814	267.10	282.36	236.57
3815	920.05	250.44	2705.67
3816	645.89	554.80	759.75
3817	367.88	352.74	418.33
3818	52.15	56.14	44.17
3819	183.00	244.17	137.12
3820	132.62	166.28	31.63
3821	123.97	165.33	92.95
3822	135.81	104.99	172.80
3823	399.18	409.18	380.83
3824	287.02	316.78	143.17
3825	136.58	141.53	118.00
3826	248.43	299.19	92.55
3827	339.89	457.50	104.67
3828	319.98	367.00	249.45
3829	72.11	68.77	90.05
3830	196.67	175.00	261.67
3831	1156.22	1471.00	526.67
3832	83.38	89.76	73.32
3833	220.10	210.44	260.22
3834	193.03	175.52	226.09
3835	333.36	358.61	194.50
3836	179.88	174.54	192.33
3837	253.64	301.80	213.50
3838	90.53	64.86	121.34
3839	1466.43	795.98	2304.50
3840	272.77	318.75	199.20
3841	365.86	301.67	526.33
3842	285.27	328.00	228.30
3843	340.76	330.07	357.57
3844	44.42	39.75	48.16
3845	186.93	270.25	163.13
3846	220.61	240.38	137.58
3847	89.91	103.00	50.63
3848	1328.09	2469.43	440.39
3849	742.43	136.83	1953.63
3850	440.50	428.67	452.33
3851	216.67	258.33	175.00
3852	423.96	420.88	429.78
3853	208.05	172.29	333.23
3854	190.18	169.67	197.88
3855	412.73	392.64	444.00
3856	85.24	130.40	44.59
3857	225.71	277.50	156.67
3858	40.58	48.37	34.34
3859	1449.60	1410.17	1553.55
3860	86.24	99.20	64.63
3861	55.38	57.95	54.36
3862	97.71	88.60	118.97
3863	124.64	126.85	118.00
3864	794.07	661.36	1159.00
3865	164.45	183.70	77.82
3866	2411.14	4386.29	436.00
3867	349.00	323.83	403.91
3868	265.40	208.00	495.00
3869	29.28	50.67	7.89
3870	364.70	405.83	303.00
3871	184.62	160.63	239.46
3872	140.50	40.33	240.67
3873	356.71	262.50	482.33
3874	199.79	203.27	192.36
3875	305.48	386.50	224.45
3876	841.06	984.40	28.83
3877	105.33	79.98	168.69
3878	228.29	92.87	329.85
3879	404.75	432.86	208.00
3880	169.14	157.80	309.80
3881	32.17	36.52	24.93
3882	214.66	194.99	253.99
3883	129.05	165.10	56.95
3884	133.07	71.54	240.75
3885	83.12	90.21	70.70
3886	100.77	88.81	128.67
3887	26.62	31.09	13.23
3888	172.08	148.37	219.50
3889	97.40	77.11	137.97
3890	107.91	110.83	97.98
3891	22.78	26.67	9.83
3892	702.24	696.43	705.98
3893	205.63	175.25	286.67
3894	107.13	89.57	127.62
3895	143.05	149.62	132.54
3896	56.48	76.36	38.41
3897	293.19	164.00	366.21
3898	184.44	182.83	187.67
3899	113.74	133.37	74.47
3900	203.86	205.22	193.00
3901	111.67	96.11	158.33
3902	15.72	17.31	8.57
3903	58.06	80.83	27.70
3904	222.89	179.83	287.48
3905	291.58	302.10	253.00
3906	277.00	170.50	419.00
3907	72.28	87.99	37.72
3908	306.45	299.78	312.00
3909	297.63	299.40	286.42
3910	2574.53	3382.82	351.75
3911	377.40	403.30	334.22
3912	87.57	63.47	111.67
3913	59.60	44.41	86.96
3914	219.17	188.20	257.89
3915	216.19	331.64	71.88
3916	256.90	269.14	228.33
3917	109.12	120.20	90.67
3918	226.52	249.50	180.56
3919	371.30	540.12	281.27
3920	442.14	605.00	320.00
3921	69.57	69.55	69.73
3922	211.09	236.54	167.46
3923	216.67	268.71	159.91
3924	253.31	237.56	288.75
3925	108.50	104.36	112.64
3926	73.05	85.09	36.92
3927	77.82	67.82	117.04
3928	1312.80	1555.75	341.00
3929	246.97	84.27	369.00
3930	175.36	140.29	236.75
3931	149.24	158.79	104.67
3932	72.60	70.61	76.59
3933	41.35	55.93	32.60
3934	373.62	274.56	500.99
3935	221.80	222.57	220.00
3936	110.53	118.11	97.25
3937	430.91	690.19	223.50
3938	130.83	131.33	130.33
3939	135.69	137.63	131.80
3940	430.31	465.50	313.00
3941	312.14	404.17	174.11
3942	455.19	484.29	394.10
3943	177.13	185.80	133.08
3944	326.38	211.60	517.67
3945	99.50	74.20	126.76
3946	202.34	162.94	253.00
3947	600.56	194.20	1108.50
3948	262.85	289.22	224.78
3949	298.87	299.44	296.66
3950	813.19	670.55	1288.67
3951	123.59	108.00	133.34
3952	58.53	50.82	99.63
3953	1306.16	1752.62	636.48
3954	209.35	176.84	363.75
3955	100.04	98.39	111.60
3956	30.28	29.30	31.27
3957	911.17	1131.78	249.33
3958	989.80	1019.15	588.67
3959	140.96	116.76	161.13
3960	161.12	138.24	256.48
3961	79.02	75.27	82.77
3962	266.33	345.33	187.33
3963	169.76	187.42	110.87
3964	249.90	125.33	303.29
3965	207.74	194.73	225.62
3966	315.55	421.92	156.00
3967	389.65	527.96	145.96
3968	464.00	449.00	509.00
3969	501.33	584.83	334.33
3970	169.36	179.22	70.67
3971	89.95	100.02	61.74
3972	34.93	29.63	63.17
3973	159.66	139.80	219.25
3974	82.77	75.44	102.30
3975	2209.81	249.73	6783.33
3976	189.70	195.38	178.35
3977	271.04	383.50	121.08
3978	94.56	105.72	88.13
3979	276.63	263.30	353.25
3980	123.76	131.25	96.27
3981	108.43	137.50	89.06
3982	2567.25	4855.25	279.25
3983	242.00	272.60	191.00
3984	202.60	171.94	242.69
3985	410.77	448.04	362.86
3986	157.44	192.00	114.25
3987	147.80	119.90	203.60
3988	181.98	246.16	53.60
3989	191.41	196.73	145.33
3990	390.45	302.07	496.50
3991	216.33	263.86	121.26
3992	66.19	83.07	32.42
3993	125.31	93.41	199.74
3994	164.44	122.92	272.40
3995	103.50	64.12	160.78
3996	121.15	103.30	139.00
3997	346.98	350.34	331.33
3998	235.59	207.89	297.91
3999	963.38	1578.66	143.00
4000	157.45	180.62	95.63
4001	182.28	151.38	217.61
4002	94.22	145.40	8.93
4003	177.87	183.11	164.76
4004	6269.23	3506.86	9492.00
4005	357.35	420.58	205.60
4006	411.23	432.00	393.06
4007	75.93	82.44	56.40
4008	438.48	401.76	499.67
4009	167.73	169.27	159.00
4010	118.63	116.36	124.67
4011	159.66	171.67	135.63
4012	307.79	128.17	509.88
4013	150.34	152.11	128.60
4014	159.31	160.20	154.00
4015	168.35	174.61	147.99
4016	107.75	87.06	141.38
4017	120.49	101.33	131.99
4018	402.86	409.50	394.00
4019	125.75	123.54	131.67
4020	336.57	262.00	392.50
4021	1086.00	1418.57	310.00
4022	278.95	274.51	289.71
4023	29.98	33.15	20.47
4024	226.59	487.25	77.64
4025	150.33	179.33	92.33
4026	54.96	72.00	42.17
4027	8234.50	6164.85	15133.33
4028	220.43	169.83	352.00
4029	564.00	365.75	828.33
4030	184.20	157.40	211.00
4031	364.92	542.12	81.38
4032	60.79	65.98	45.19
4033	52.41	62.23	35.23
4034	232.56	160.66	448.25
4035	176.49	106.90	350.45
4036	301.85	335.24	274.03
4037	536.54	601.44	435.12
4038	245.71	228.33	258.75
4039	192.40	207.29	157.67
4040	422.38	520.17	292.00
4041	111.85	83.16	159.67
4042	89.97	152.50	27.44
4043	171.66	184.21	83.75
4044	163.96	171.12	160.38
4045	51.47	39.91	71.70
4046	170.17	184.22	113.99
4047	162.95	167.22	83.18
4048	168.75	104.87	381.67
4049	47.97	36.54	59.40
4050	156.22	153.21	165.27
4051	53.08	47.31	68.45
4052	143.11	159.78	115.33
4053	173.43	77.25	301.67
4054	160.86	30.25	335.00
4055	263.98	345.70	135.56
4056	2209.85	2805.61	422.58
4057	128.52	93.50	170.55
4058	235.44	293.15	181.86
4059	94.00	95.67	92.33
4060	146.77	121.88	264.98
4061	214.54	42.32	421.20
4062	251.32	279.75	245.00
4063	105.36	127.19	76.26
4064	846.98	835.71	867.45
4065	222.11	163.75	268.80
4066	414.87	395.52	434.22
4067	105.80	117.50	74.60
4068	167.30	201.14	48.86
4069	79.86	75.17	105.20
4070	130.86	129.55	134.61
4071	924.83	1088.67	761.00
4072	806.54	867.27	732.31
4073	176.92	194.30	119.00
4074	91.14	72.00	116.67
4075	123.33	106.98	207.83
4076	179.68	192.97	146.47
4077	149.81	136.57	205.40
4078	576.12	883.75	268.50
4079	235.14	213.74	299.33
4080	446.86	546.25	314.33
4081	383.20	417.29	190.00
4082	1553.62	936.17	1924.10
4083	88.57	181.50	14.23
4084	260.95	228.09	301.11
4085	144.76	79.52	264.37
4086	1260.85	1399.72	899.80
4087	607.83	154.67	1061.00
4088	136.59	137.49	133.20
4089	175.17	136.67	213.67
4090	608.96	671.86	394.35
4091	93.31	96.94	85.15
4092	152.79	137.85	190.13
4093	92.73	176.15	32.07
4094	231.08	204.30	271.25
4095	142.78	190.00	83.75
4096	1475.28	2465.50	287.02
4097	311.63	409.76	136.41
4098	8539.79	5584.57	30704.00
4099	115.40	148.09	50.02
4100	154.45	78.12	281.67
4101	160.30	133.23	241.50
4102	508.79	1105.00	111.32
4103	612.75	301.25	1274.69
4104	226.58	233.56	205.67
4105	278.00	240.50	328.00
4106	1292.11	173.67	3529.00
4107	190.62	131.00	208.50
4108	231.25	222.40	246.00
4109	224.21	234.86	194.40
4110	1091.67	925.67	1257.67
4111	103.67	77.85	161.05
4112	197.56	212.80	178.50
4113	591.63	690.16	255.00
4114	271.24	113.96	385.63
4115	110.97	120.69	101.25
4116	158.16	236.45	53.77
4117	152.88	179.25	82.56
4118	176.24	166.99	200.93
4119	699.35	1029.70	121.25
4120	233.00	189.00	266.00
4121	117.55	108.60	125.02
4122	130.55	134.66	127.47
4123	181.38	221.40	114.67
4124	174.05	201.42	112.45
4125	199.98	233.90	53.00
4126	234.01	249.87	126.95
4127	447.88	82.06	1057.57
4128	338.15	378.58	156.22
4129	28.32	27.19	30.97
4130	196.41	200.93	156.60
4131	402.91	484.11	316.94
4132	156.78	95.15	326.25
4133	302.24	126.78	594.67
4134	292.19	346.71	249.78
4135	674.75	621.56	834.33
4136	192.18	467.00	74.40
4137	275.81	261.73	340.60
4138	535.38	751.68	239.77
4139	156.18	95.83	297.00
4140	323.69	493.00	248.44
4141	172.25	188.78	122.67
4142	64.00	92.33	35.66
4143	1648.36	1348.67	2008.00
4144	1322.17	850.50	2265.50
4145	1236.19	444.23	2028.14
4146	1430.22	2476.60	122.25
4147	89.35	93.28	65.13
4148	251.80	241.68	265.30
4149	110.11	109.54	112.97
4150	233.21	251.55	166.00
4151	214.64	290.00	114.17
4152	288.52	137.78	476.95
4153	136.16	94.93	153.83
4154	123.88	122.00	125.00
4155	348.58	370.86	220.45
4156	212.57	342.00	115.50
4157	159.76	142.06	197.37
4158	30.92	24.41	87.33
4159	294.62	263.60	346.33
4160	89.47	81.14	101.96
4161	1287.00	1323.17	1214.67
4162	187.97	221.68	120.56
4163	51.92	121.80	8.25
4164	257.86	281.45	171.33
4165	251.62	228.98	493.10
4166	543.06	930.29	272.00
4167	151.02	153.91	146.48
4168	136.00	160.80	94.66
4169	107.08	152.27	87.71
4170	344.49	245.78	509.00
4171	445.90	428.17	472.50
4172	76.80	83.66	68.56
4173	142.50	169.88	106.00
4174	229.44	394.98	109.05
4175	59.95	54.79	72.00
4176	181.94	169.61	220.69
4177	102.65	92.67	112.63
4178	343.02	370.06	153.72
4179	133.08	126.36	148.18
4180	433.61	482.76	237.00
4181	89.12	71.69	136.44
4182	87.68	88.92	79.90
4183	93.29	95.46	88.93
4184	410.62	274.25	547.00
4185	163.44	164.92	161.36
4186	89.28	75.77	108.20
4187	410.43	394.50	454.25
4188	2356.98	2122.08	2944.25
4189	132.69	130.20	136.00
4190	183.53	211.60	143.43
4191	380.43	430.00	291.20
4192	159.20	187.75	140.17
4193	551.53	554.67	544.00
4194	166.27	165.67	167.00
4195	207.92	221.77	159.44
4196	350.93	344.63	357.23
4197	219.70	221.50	217.00
4198	140.58	112.99	175.07
4199	157.60	232.55	113.88
4200	123.95	12.90	235.00
4201	201.70	277.83	125.57
4202	372.50	282.64	687.00
4203	254.52	196.04	336.40
4204	220.75	231.67	214.20
4205	216.39	291.67	103.47
4206	211.55	181.60	236.50
4207	347.91	325.14	387.75
4208	391.08	433.89	255.50
4209	145.00	114.75	185.33
4210	158.07	146.88	187.18
4211	187.25	189.59	178.67
4212	165.07	189.60	116.00
4213	126.86	128.50	124.67
4214	93.37	78.58	113.10
4215	193.14	250.76	135.52
4216	149.12	130.40	180.33
4217	301.99	175.11	447.00
4218	129.44	179.22	79.66
4219	706.11	72.78	1761.67
4220	139.14	112.75	174.33
4221	143.43	77.25	231.67
4222	69.13	62.18	86.50
4223	452.15	649.14	222.33
4224	319.33	248.00	390.67
4225	386.73	390.59	372.25
4226	286.54	266.41	333.50
4227	313.61	364.06	246.33
4228	95.91	46.25	228.33
4229	164.00	166.89	155.33
4230	204.13	151.00	558.33
4231	195.39	216.83	187.34
4232	182.02	161.74	214.13
4233	280.32	255.47	373.50
4234	278.15	268.85	293.64
4235	71.54	64.60	83.11
4236	277.16	250.60	348.00
4237	71.51	95.97	53.18
4238	393.46	247.50	627.00
4239	122.66	58.57	225.21
4240	531.40	594.81	277.75
4241	90.74	32.07	134.75
4242	45.26	51.96	35.20
4243	316.98	115.63	518.33
4244	47.80	18.00	77.60
4245	111.67	77.83	179.33
4246	67.79	71.14	57.04
4247	109.66	135.03	58.90
4248	153.83	139.35	177.00
4249	476.33	407.00	545.67
4250	181.11	180.00	187.50
4251	270.17	312.40	217.38
4252	472.07	431.75	525.83
4253	157.04	64.43	212.60
4254	202.97	251.93	166.25
4255	236.34	250.09	190.50
4256	1943.61	2227.38	1021.35
4257	461.22	489.39	264.00
4258	226.96	231.92	223.52
4259	71.18	30.57	116.31
4260	143.00	186.35	27.40
4261	217.94	124.88	311.00
4262	207.48	147.97	445.53
4263	1822.90	1704.69	2059.33
4264	170.72	160.40	179.33
4265	113.97	93.07	161.00
4266	2820.24	4022.30	1103.00
4267	61.67	45.40	77.95
4268	387.82	405.70	362.29
4269	248.14	355.25	105.33
4270	128.58	104.80	158.30
4271	209.07	188.86	330.33
4272	71.41	78.13	44.50
4273	194.14	223.75	154.67
4274	131.89	136.71	112.60
4275	287.20	289.51	281.13
4276	210.04	195.87	285.63
4277	127.11	138.36	104.61
4278	88.55	100.13	71.17
4279	202.46	201.60	205.33
4280	109.65	97.36	156.72
4281	255.40	170.07	369.17
4282	191.90	172.22	277.17
4283	179.68	134.83	246.95
4284	89.60	109.50	76.33
4285	252.57	255.29	246.67
4286	285.00	283.50	291.00
4287	212.29	217.50	205.33
4288	349.36	363.82	296.33
4289	132.11	150.45	107.67
4290	60.89	50.30	94.33
4291	69.75	73.77	55.95
4292	242.47	252.00	231.57
4293	205.62	147.80	302.00
4294	103.91	94.57	120.25
4295	134.45	154.25	106.73
4296	1171.55	1162.50	1182.40
4297	51.60	49.17	53.43
4298	477.95	527.06	311.00
4299	174.29	186.00	165.50
4300	292.52	277.88	345.20
4301	8606.44	12654.83	509.67
4302	4941.56	11035.38	66.50
4303	242.26	234.75	260.50
4304	209.93	204.44	213.78
4305	465.70	932.61	92.18
4306	693.38	495.33	1139.00
4307	145.48	141.57	155.25
4308	288.08	279.47	315.00
4309	170.06	185.65	123.30
4310	870.36	985.47	697.70
4311	724.33	399.50	1374.00
4312	127.33	120.66	149.00
4313	209.19	145.26	528.85
4314	183.08	176.89	201.67
4315	207.23	225.75	201.05
4316	86.59	92.45	72.52
4317	214.41	160.74	271.67
4318	142.00	121.50	169.33
4319	243.29	264.74	167.00
4320	239.45	273.50	148.67
4321	252.15	276.76	182.41
4322	300.69	241.80	398.83
4323	209.00	115.67	349.00
4324	126.49	135.50	108.47
4325	184.27	165.00	222.80
4326	318.83	625.33	216.67
4327	276.64	95.00	503.70
4328	90.50	116.24	60.47
4329	799.50	854.57	764.45
4330	468.38	685.11	89.10
4331	1045.54	1949.88	141.20
4332	96.08	23.93	132.15
4333	54.59	46.90	75.57
4334	251.42	270.62	213.00
4335	147.07	132.50	239.30
4336	132.41	124.64	152.60
4337	198.00	226.00	160.67
4338	119.50	86.12	186.25
4339	382.83	421.33	344.33
4340	253.10	310.50	138.30
4341	396.88	372.50	470.00
4342	164.38	189.00	125.00
4343	133.69	152.80	114.58
4344	446.67	580.83	312.50
4345	169.62	181.00	158.25
4346	472.36	165.05	718.20
4347	123.57	118.84	133.71
4348	152.69	155.99	142.78
4349	146.45	140.69	159.43
4350	174.36	193.29	141.25
4351	276.45	433.33	119.57
4352	178.24	167.91	225.18
4353	196.35	191.62	202.67
4354	160.11	136.00	208.33
4355	73.06	74.46	70.25
4356	70.27	60.96	86.10
4357	108.20	109.81	105.20
4358	161.23	173.12	110.27
4359	120.13	108.22	136.00
4360	160.99	126.61	221.15
4361	107.17	113.33	88.67
4362	638.04	1295.50	262.34
4363	299.56	276.00	329.00
4364	475.67	502.60	442.00
4365	673.73	736.30	506.87
4366	290.64	212.67	431.00
4367	248.23	248.30	248.00
4368	370.78	289.00	534.33
4369	210.02	187.10	309.33
4370	317.73	370.75	194.00
4371	226.26	296.00	133.27
4372	394.77	436.16	125.75
4373	190.86	152.00	220.00
4374	145.58	202.77	72.80
4375	239.38	213.56	269.50
4376	337.81	352.22	275.33
4377	226.57	302.50	125.33
4378	409.71	486.25	307.67
4379	167.66	140.75	183.80
4380	83.33	67.67	99.00
4381	51.80	88.22	34.55
4382	160.05	160.10	160.00
4383	500.11	541.57	297.44
4384	2255.00	3451.60	260.67
4385	265.17	291.00	187.67
4386	1147.12	552.25	1742.00
4387	55.65	50.20	72.00
4388	412.46	543.45	316.40
4389	730.33	537.67	1115.67
4390	91.15	129.36	57.19
4391	158.68	164.54	51.27
4392	300.39	205.97	408.29
4393	151.31	154.50	132.80
4394	73.54	50.27	114.25
4395	732.83	1601.62	465.51
4396	260.64	274.03	198.17
4397	282.97	412.95	109.67
4398	177.17	175.11	183.76
4399	365.35	312.40	418.31
4400	100.05	100.35	99.57
4401	494.13	496.33	490.00
4402	154.43	135.29	173.57
4403	296.47	381.55	154.67
4404	90.46	72.98	164.75
4405	172.09	168.70	182.25
4406	346.43	252.75	471.33
4407	239.25	231.62	254.50
4408	268.62	284.62	249.73
4409	233.91	266.00	177.75
4410	1187.44	1187.50	1187.40
4411	337.00	322.00	352.00
4412	106.43	97.00	119.00
4413	171.25	166.40	179.33
4414	160.44	139.34	189.98
4415	57.05	68.10	46.00
4416	171.40	208.33	155.57
4417	53.38	60.92	45.01
4418	107.06	112.43	94.16
4419	201.48	254.33	152.69
4420	232.17	287.58	99.18
4421	305.36	281.04	351.55
4422	358.81	414.50	303.12
4423	308.90	281.00	327.50
4424	74.71	41.70	115.97
4425	197.10	178.45	221.97
4426	29.29	38.23	18.56
4427	131.99	257.33	56.78
4428	229.10	277.77	95.25
4429	189.69	189.53	190.10
4430	86.06	102.90	45.80
4431	467.43	272.50	727.33
4432	395.78	432.61	64.27
4433	148.43	155.75	138.67
4434	48.86	62.97	6.53
4435	1915.50	3239.00	592.00
4436	388.56	495.50	245.97
4437	253.00	256.20	249.80
4438	630.04	276.46	1282.82
4439	235.27	267.01	163.12
4440	77.37	117.20	24.27
4441	875.65	932.50	790.38
4442	94.62	99.86	85.45
4443	709.99	188.22	2066.60
4444	121.99	180.78	92.59
4445	136.29	127.93	148.82
4446	398.23	440.25	200.14
4447	1279.33	1779.83	278.33
4448	217.51	201.98	258.93
4449	77.83	88.97	68.92
4450	109.19	112.00	107.50
4451	250.12	163.80	394.00
4452	37.85	34.13	42.30
4453	60.53	58.81	63.33
4454	118.72	131.36	97.67
4455	165.90	277.85	16.63
4456	54.36	57.81	46.88
4457	131.52	135.78	123.00
4458	274.11	226.25	301.46
4459	226.90	238.87	191.00
4460	113.63	153.11	76.98
4461	218.88	174.92	409.33
4462	189.77	206.11	153.00
4463	299.27	354.50	152.00
4464	122.06	123.23	119.73
4465	344.73	325.29	378.75
4466	782.48	492.82	1192.83
4467	286.17	389.42	148.50
4468	432.00	398.25	465.75
4469	43.87	65.77	27.45
4470	145.55	159.18	81.93
4471	145.33	131.60	162.50
4472	125.54	94.33	162.98
4473	125.39	111.58	155.33
4474	32.95	36.14	28.98
4475	155.12	187.44	122.80
4476	229.04	272.19	121.16
4477	94.21	93.67	95.30
4478	545.64	575.07	482.57
4479	20.11	23.01	17.20
4480	218.48	227.71	192.33
4481	173.64	176.59	164.08
4482	171.97	130.70	227.00
4483	188.53	166.83	231.93
4484	127.76	176.20	67.20
4485	221.35	205.48	329.83
4486	119.25	116.80	121.71
4487	478.88	454.84	559.00
4488	2722.75	2821.60	2558.00
4489	15.87	21.36	9.47
4490	104.45	78.34	304.67
4491	311.10	300.00	322.20
4492	72.27	36.23	120.33
4493	161.51	178.40	139.00
4494	303.56	301.71	310.33
4495	2969.07	2895.30	3153.50
4496	264.97	210.14	333.50
4497	227.04	256.77	150.57
4498	167.41	173.59	140.20
4499	400.20	556.50	165.75
4500	238.65	218.30	259.00
4501	3069.08	3575.12	2057.00
4502	159.42	130.20	195.95
4503	298.26	96.54	782.40
4504	72.56	67.83	96.20
4505	233.50	243.89	202.33
4506	194.78	205.10	153.50
4507	122.82	194.33	51.30
4508	1508.12	936.00	2080.25
4509	218.13	172.20	310.00
4510	383.77	378.42	393.40
4511	200.00	203.29	194.25
4512	321.76	317.29	331.83
4513	869.68	159.51	1698.21
4514	281.96	320.10	205.67
4515	424.50	314.71	680.67
4516	126.81	103.83	195.75
4517	34.07	33.50	38.93
4518	295.76	356.36	198.80
4519	159.86	150.98	198.30
4520	148.91	156.50	141.31
4521	116.00	120.00	112.00
4522	55.99	56.28	55.57
4523	433.96	445.62	406.25
4524	293.83	219.40	347.00
4525	92.69	127.90	33.99
4526	82.96	67.92	103.00
4527	269.50	233.20	330.00
4528	280.70	314.83	229.50
4529	314.11	309.57	327.75
4530	361.65	488.67	234.63
4531	113.50	125.73	73.74
4532	356.42	401.69	225.15
4533	242.00	254.70	210.25
4534	1289.44	1023.17	1822.00
4535	175.71	231.14	120.29
4536	381.33	347.17	449.67
4537	98.89	163.33	50.55
4538	223.04	232.40	209.00
4539	180.25	174.11	198.67
4540	692.30	1053.98	360.75
4541	263.12	267.00	259.25
4542	141.62	103.92	188.75
4543	330.21	408.43	111.20
4544	157.78	137.93	177.63
4545	83.54	84.33	81.97
4546	151.33	181.33	121.33
4547	139.18	141.95	131.40
4548	493.14	239.67	683.25
4549	266.75	288.67	244.82
4550	51.99	45.72	57.63
4551	230.14	224.29	247.71
4552	142.35	130.56	163.00
4553	403.94	294.76	707.20
4554	287.05	355.91	192.38
4555	192.87	211.36	94.30
4556	347.25	225.00	434.57
4557	148.41	189.68	109.72
4558	109.91	74.57	171.75
4559	48.41	59.92	34.02
4560	208.93	209.56	207.32
4561	768.53	806.02	56.20
4562	175.35	130.30	220.40
4563	115.68	106.00	131.82
4564	314.82	537.67	91.97
4565	301.46	316.55	273.80
4566	397.73	237.90	557.56
4567	229.42	188.11	260.41
4568	62.38	51.45	84.22
4569	1427.08	2013.22	108.25
4570	191.19	192.27	188.80
4571	63.00	55.20	65.84
4572	297.70	291.85	305.68
4573	157.86	137.77	218.14
4574	221.62	205.50	260.30
4575	156.08	149.32	205.67
4576	222.77	184.85	273.33
4577	90.19	102.02	83.20
4578	76.61	79.30	73.25
4579	90.71	98.86	76.45
4580	149.07	160.75	143.22
4581	610.90	582.89	642.41
4582	161.00	143.32	196.37
4583	309.18	390.00	212.20
4584	270.25	260.65	331.00
4585	54.78	56.93	52.63
4586	64.37	73.20	34.93
4587	151.33	171.10	111.80
4588	162.29	164.60	160.85
4589	100.94	78.86	211.33
4590	281.33	203.50	437.00
4591	292.36	191.00	414.00
4592	877.75	1026.12	581.00
4593	58.99	62.86	40.90
4594	55.28	66.50	40.33
4595	95.29	133.16	32.17
4596	84.57	94.69	68.38
4597	334.40	234.33	359.42
4598	140.17	144.88	121.33
4599	225.64	266.83	143.27
4600	179.43	179.17	179.97
4601	241.21	211.56	294.60
4602	63.38	60.47	67.74
4603	435.00	429.20	444.67
4604	307.55	271.87	414.60
4605	4245.29	3465.67	4830.00
4606	158.17	172.54	124.63
4607	223.29	147.33	280.25
4608	211.44	191.00	245.50
4609	125.62	132.00	115.00
4610	270.83	304.36	207.49
4611	311.82	277.88	440.80
4612	63.24	67.33	32.96
4613	230.48	69.97	391.00
4614	431.33	440.82	416.43
4615	138.10	22.93	291.67
4616	43.64	31.50	59.83
4617	388.92	530.50	318.12
4618	143.11	148.07	125.75
4619	163.22	121.44	205.00
4620	251.24	282.98	198.33
4621	102.91	123.04	55.95
4622	112.11	116.91	91.33
4623	219.10	204.20	234.00
4624	205.65	161.11	268.00
4625	961.62	902.00	1061.00
4626	330.42	292.09	560.40
4627	533.66	495.78	735.67
4628	100.46	163.33	37.59
4629	104.60	111.17	94.75
4630	119.33	144.67	94.00
4631	192.26	181.50	235.30
4632	234.43	193.50	289.00
4633	292.97	319.38	248.93
4634	89.38	76.13	109.25
4635	267.71	270.79	261.22
4636	77.21	77.20	77.27
4637	458.92	371.80	521.14
4638	152.96	164.81	125.32
4639	84.85	85.47	83.75
4640	277.58	324.46	176.00
4641	209.10	265.00	153.20
4642	156.63	57.53	230.95
4643	745.00	696.75	809.33
4644	277.56	290.13	264.98
4645	94.87	92.00	96.60
4646	129.54	126.13	135.50
4647	15.41	11.87	23.67
4648	319.80	288.43	393.00
4649	109.68	99.56	119.80
4650	361.21	417.38	260.68
4651	87.30	104.23	72.49
4652	455.86	225.67	628.50
4653	464.03	477.68	378.75
4654	211.51	105.51	317.50
4655	299.24	243.91	400.67
4656	146.75	77.59	238.97
4657	134.68	79.76	189.60
4658	267.18	398.17	110.00
4659	284.39	285.79	282.35
4660	114.31	167.93	72.61
4661	248.29	283.56	169.62
4662	200.41	217.29	115.96
4663	419.21	509.78	256.20
4664	186.41	134.32	325.33
4665	330.06	447.88	212.25
4666	179.56	182.00	174.67
4667	35.44	36.30	34.58
4668	348.21	386.70	252.00
4669	512.96	414.93	660.00
4670	381.38	729.75	149.13
4671	349.12	282.92	508.00
4672	122.55	107.62	161.62
4673	495.50	434.71	580.60
4674	205.73	215.35	180.72
4675	477.90	248.00	822.75
4676	184.38	170.03	251.33
4677	93.93	111.52	79.05
4678	648.63	883.28	179.34
4679	166.46	176.06	68.52
4680	271.61	317.42	180.00
4681	329.86	251.67	388.50
4682	111.06	140.00	76.34
4683	211.89	209.00	219.40
4684	207.50	190.33	224.67
4685	380.76	471.67	244.39
4686	357.18	340.62	401.33
4687	138.29	98.33	168.25
4688	187.50	118.33	256.67
4689	206.94	134.99	386.83
4690	165.72	173.68	128.60
4691	282.86	240.47	367.66
4692	454.50	352.33	585.86
4693	59.72	72.30	47.13
4694	124.37	100.05	173.00
4695	423.32	377.06	608.33
4696	480.86	851.67	202.75
4697	1647.96	2068.80	1279.72
4698	366.50	410.92	251.00
4699	469.56	482.43	459.56
4700	174.94	187.73	146.80
4701	2473.69	2759.33	2259.45
4702	288.17	211.67	364.67
4703	288.77	255.45	388.71
4704	184.99	151.75	271.40
4705	279.92	279.00	281.00
4706	794.63	956.33	632.93
4707	439.43	425.67	449.75
4708	416.01	453.75	199.00
4709	276.26	288.41	239.82
4710	172.38	180.26	117.99
4711	431.24	377.54	699.75
4712	829.33	730.89	1124.67
4713	401.11	285.33	632.67
4714	179.07	203.69	100.30
4715	240.39	239.87	242.75
4716	495.19	506.09	447.20
4717	149.11	155.67	136.00
4718	270.86	287.00	249.33
4719	174.34	376.20	22.95
4720	166.75	174.23	150.53
4721	204.25	184.23	239.28
4722	232.28	352.55	112.00
4723	96.57	83.40	107.86
4724	194.57	200.41	179.00
4725	240.53	250.97	223.45
4726	174.46	177.02	160.62
4727	479.33	596.33	245.33
4728	278.63	270.50	292.19
4729	1590.71	249.50	3379.00
4730	390.07	238.88	591.67
4731	621.31	586.22	700.25
4732	173.47	200.08	67.00
4733	332.21	353.47	251.40
4734	96.40	138.75	39.93
4735	180.00	234.80	111.50
4736	133.54	130.37	142.00
4737	140.88	138.15	152.67
4738	140.81	136.10	148.67
4739	136.04	145.12	115.85
4740	118.35	127.92	84.85
4741	133.89	120.86	168.63
4742	34.33	35.33	33.33
4743	368.68	424.50	271.00
4744	534.71	395.33	639.25
4745	568.18	497.61	885.75
4746	234.73	218.14	254.09
4747	93.32	37.88	176.47
4748	468.44	260.85	1022.00
4749	201.27	174.88	271.67
4750	955.23	1709.56	12.32
4751	250.62	247.96	267.73
4752	78.28	97.12	59.42
4753	173.00	175.00	170.33
4754	2437.76	2438.25	2435.88
4755	761.50	148.27	3010.00
4756	197.70	254.90	145.70
4757	34.20	37.45	8.20
4758	193.08	200.89	175.50
4759	264.25	180.29	381.80
4760	72.50	86.02	22.90
4761	339.30	306.09	485.40
4762	152.50	179.60	107.33
4763	85.31	88.52	75.67
4764	194.45	193.53	197.00
4765	876.45	832.00	913.50
4766	261.00	246.75	280.00
4767	671.60	812.40	530.80
4768	213.18	229.60	153.00
4769	135.18	114.26	184.00
4770	85.60	62.40	112.11
4771	94.28	97.43	87.09
4772	281.00	394.67	195.75
4773	315.64	270.78	360.50
4774	215.67	173.06	343.50
4775	109.35	123.96	90.57
4776	187.36	99.40	260.67
4777	188.59	203.83	154.30
4778	94.17	118.67	69.67
4779	91.88	111.36	39.93
4780	356.86	315.75	411.67
4781	282.86	291.30	261.75
4782	341.88	209.80	562.00
4783	290.04	435.84	102.57
4784	369.23	347.84	412.00
4785	423.74	442.46	383.17
4786	111.02	117.97	104.07
4787	73.76	68.47	89.63
4788	175.86	202.90	108.25
4789	258.29	220.75	308.33
4790	145.43	135.25	159.00
4791	1109.21	1566.82	194.00
4792	355.80	351.38	377.29
4793	63.11	83.43	59.53
4794	27.41	24.67	29.05
4795	62.96	44.91	88.76
4796	331.01	359.97	248.29
4797	96.86	84.67	106.00
4798	60.62	35.22	102.97
4799	409.14	94.33	645.25
4800	183.82	182.58	186.80
4801	316.00	283.00	398.50
4802	75.47	88.97	52.95
4803	271.72	217.14	471.83
4804	140.40	96.00	170.00
4805	270.35	257.32	291.20
4806	138.42	154.40	110.47
4807	372.35	371.67	372.58
4808	721.80	746.44	623.25
4809	28.62	33.36	19.15
4810	291.28	311.05	212.19
4811	486.23	557.62	372.00
4812	57.89	65.34	36.77
4813	530.00	719.33	205.43
4814	232.21	270.34	98.75
4815	1180.32	1375.29	254.22
4816	219.69	191.65	261.75
4817	284.38	269.46	335.12
4818	138.04	111.92	242.50
4819	652.84	735.18	396.67
4820	380.90	439.57	244.00
4821	196.72	121.70	328.00
4822	116.85	175.50	38.66
4823	183.50	176.14	200.67
4824	674.91	930.43	227.75
4825	109.41	112.03	92.00
4826	783.00	457.17	1597.60
4827	732.72	873.45	204.97
4828	215.88	297.67	180.83
4829	222.82	291.14	103.25
4830	132.66	148.17	98.52
4831	1378.93	1549.91	752.00
4832	288.33	387.33	139.83
4833	971.47	1754.00	286.75
4834	362.27	530.20	194.33
4835	838.50	1914.67	377.29
4836	244.13	257.83	186.60
4837	162.54	144.90	221.33
4838	396.53	520.43	231.33
4839	163.22	146.76	220.83
4840	1715.45	2541.29	270.25
4841	4.26	4.86	1.74
4842	99.83	93.89	117.67
4843	155.18	158.14	148.27
4844	363.67	410.67	269.67
4845	199.67	137.33	262.00
4846	640.08	666.33	537.72
4847	150.23	153.14	134.86
4848	507.00	522.13	444.29
4849	235.77	247.10	226.33
4850	295.80	335.86	225.70
4851	1189.83	1262.33	1117.33
4852	284.45	294.43	267.00
4853	101.00	122.71	73.85
4854	233.38	164.40	348.33
4855	499.50	431.67	567.33
4856	445.00	525.38	353.14
4857	137.78	174.11	28.79
4858	541.42	370.33	712.50
4859	2968.50	2318.00	4052.66
4860	143.08	118.95	312.00
4861	177.62	64.57	290.67
4862	115.13	120.67	94.38
4863	388.45	533.67	214.18
4864	57.97	17.14	153.24
4865	163.56	202.49	62.34
4866	306.80	312.08	297.00
4867	336.07	399.68	201.77
4868	125.06	150.60	93.14
4869	93.80	56.27	131.33
4870	1949.67	1843.22	2322.25
4871	319.32	169.57	528.96
4872	810.06	971.67	325.25
4873	234.11	199.17	304.00
4874	151.89	140.11	170.74
4875	330.50	391.00	209.50
4876	516.91	606.02	267.40
4877	100.33	215.03	14.30
4878	234.77	294.42	163.20
4879	491.75	555.17	396.62
4880	203.67	222.56	96.60
4881	281.77	185.56	498.25
4882	179.61	119.32	290.15
4883	882.56	1072.20	645.50
4884	332.92	338.44	320.50
4885	2440.58	2557.59	1855.56
4886	341.00	427.71	138.67
4887	92.82	99.60	84.35
4888	206.40	187.50	234.75
4889	178.37	3.41	615.75
4890	180.00	144.80	224.00
4891	34.69	41.98	24.97
4892	86.08	92.71	67.52
4893	124.24	138.96	71.28
4894	59.77	33.90	94.27
4895	403.17	347.00	571.67
4896	474.01	162.74	863.10
4897	239.72	159.09	642.83
4898	299.81	304.39	294.57
4899	234.22	244.83	213.00
4900	462.25	412.99	631.14
4901	46.30	48.00	44.60
4902	183.75	225.81	71.60
4903	299.33	358.78	121.00
4904	627.39	781.64	267.46
4905	2539.02	2587.09	2394.82
4906	95.90	72.96	153.25
4907	430.42	470.40	297.17
4908	264.07	253.17	307.67
4909	233.33	198.00	268.67
4910	567.12	163.25	971.00
4911	2061.15	82.66	4039.63
4912	70.32	68.73	77.96
4913	915.28	1780.59	49.97
4914	2160.72	2921.38	449.25
4915	204.71	168.17	229.08
4916	71.43	73.10	62.00
4917	149.30	325.28	61.31
4918	252.65	290.44	139.27
4919	363.00	350.26	409.19
4920	99.54	96.60	101.98
4921	191.86	209.00	169.00
4922	194.68	194.08	198.00
4923	111.78	102.00	124.00
4924	2593.57	4342.25	262.00
4925	332.01	168.56	462.76
4926	141.52	76.45	271.67
4927	95.98	88.16	105.75
4928	380.92	176.66	809.86
4929	240.50	292.75	136.00
4930	417.55	500.15	128.45
4931	243.99	227.00	250.36
4932	64.86	66.65	49.97
4933	135.13	156.72	106.33
4934	157.40	160.36	155.29
4935	155.22	160.83	144.00
4936	218.58	362.00	170.78
4937	349.67	457.67	133.67
4938	334.44	412.00	179.33
4939	927.54	228.37	2792.00
4940	149.77	150.90	146.00
4941	261.24	203.23	332.14
4942	206.54	317.67	150.98
4943	112.49	120.51	35.00
4944	245.71	405.00	126.25
4945	82.33	81.76	89.00
4946	283.09	287.71	275.00
4947	98.92	195.30	50.73
4948	331.78	408.67	293.33
4949	53.11	26.42	97.60
4950	225.41	211.96	232.89
4951	216.51	188.83	389.50
4952	368.82	290.44	473.33
4953	35.34	54.12	7.18
4954	142.00	157.80	115.67
4955	543.35	712.94	102.40
4956	162.11	205.17	76.00
4957	181.81	50.89	400.00
4958	138.49	177.40	73.63
4959	79.97	62.56	109.00
4960	97.43	123.96	26.67
4961	1368.35	1703.67	865.37
4962	244.84	249.61	224.16
4963	191.62	219.13	136.60
4964	177.61	270.75	136.22
4965	246.43	128.64	658.73
4966	157.53	160.59	136.17
4967	130.93	338.33	42.04
4968	204.38	285.00	156.00
4969	266.69	97.27	662.00
4970	153.56	182.50	114.97
4971	353.25	363.00	343.50
4972	156.62	176.00	145.00
4973	202.89	245.57	175.73
4974	293.17	334.43	169.41
4975	352.15	319.47	504.67
4976	83.01	85.26	75.13
4977	39.91	45.36	16.27
4978	320.71	332.00	305.67
4979	219.58	368.67	70.49
4980	384.57	400.56	333.40
4981	1027.77	1320.12	560.00
4982	205.21	228.36	112.60
4983	249.38	165.00	333.75
4984	381.66	350.68	417.29
4985	356.67	355.12	358.43
4986	53.00	47.88	75.53
4987	181.62	185.00	179.60
4988	72.91	83.50	44.67
4989	183.16	135.10	218.40
4990	499.00	493.50	503.40
4991	257.88	205.59	454.00
4992	83.91	89.77	72.20
4993	296.87	278.55	347.25
4994	289.56	268.96	392.57
4995	119.26	100.88	143.78
4996	130.75	105.66	145.80
4997	304.05	325.91	277.33
4998	270.05	272.68	261.50
4999	178.25	228.88	127.62
5000	168.71	152.00	181.25
5001	91.86	77.00	103.00
5002	437.30	416.50	485.83
5003	379.81	235.25	524.38
5004	372.42	667.57	28.08
5005	110.20	115.24	85.00
5006	374.44	305.33	409.00
5007	99.44	78.83	140.67
5008	170.29	156.20	178.11
5009	326.14	296.12	347.96
5010	268.00	279.85	200.29
5011	151.48	154.11	143.60
5012	129.54	288.33	99.77
5013	458.70	193.91	855.88
5014	330.00	310.20	349.80
5015	77.73	74.38	86.67
5016	286.29	100.67	425.50
5017	111.34	79.20	129.20
5018	104.64	109.14	96.75
5019	260.11	279.60	235.75
5020	378.50	285.00	472.00
5021	109.86	108.27	118.33
5022	130.13	105.88	178.65
5023	488.09	580.94	395.25
5024	196.23	192.75	221.50
5025	1141.50	1307.37	91.00
5026	647.00	739.25	524.00
5027	204.89	224.85	158.30
5028	114.61	160.57	39.94
5029	176.11	150.67	195.20
5030	170.43	123.67	205.50
5031	154.26	154.57	153.43
5032	732.69	670.69	877.33
5033	349.12	44.87	653.37
5034	242.87	227.43	275.30
5035	310.06	281.67	346.57
5036	321.32	326.85	292.58
5037	126.71	115.75	141.33
5038	471.50	302.00	641.00
5039	114.50	132.00	85.33
5040	91.66	83.87	98.80
5041	345.89	382.83	272.00
5042	181.86	157.75	214.00
5043	74.47	101.76	41.72
5044	171.91	173.08	170.55
5045	152.73	154.42	133.75
5046	31.03	41.82	26.05
5047	201.31	170.75	250.20
5048	420.20	404.33	444.00
5049	159.34	145.32	204.20
5050	82.47	57.93	107.00
5051	131.16	106.66	155.67
5052	55.74	53.67	68.87
5053	424.11	384.33	503.67
5054	215.79	296.00	28.63
5055	112.70	156.33	79.97
5056	156.75	165.36	128.75
5057	71.68	66.07	101.60
5058	298.94	319.86	252.90
5059	472.17	390.33	554.00
5060	316.08	274.50	422.33
5061	166.71	104.67	213.25
5062	74.04	71.63	78.38
5063	177.73	166.06	221.50
5064	18.42	38.10	7.68
5065	515.13	560.70	424.00
5066	137.84	127.86	155.80
5067	266.03	208.12	594.22
5068	109.06	127.65	67.25
5069	208.43	192.19	235.50
5070	207.38	213.00	201.75
5071	180.56	216.09	102.38
5072	136.91	139.23	132.53
5073	127.09	114.67	173.65
5074	248.14	259.25	233.33
5075	149.43	120.00	172.98
5076	230.37	250.92	141.33
5077	153.38	106.57	194.34
5078	663.52	753.65	62.60
5079	233.88	177.25	290.50
5080	267.15	252.41	370.33
5081	313.12	369.80	218.67
5082	22.31	34.20	7.45
5083	107.70	152.33	40.76
5084	189.13	193.92	161.00
5085	141.06	192.56	89.55
5086	120.58	171.50	95.12
5087	380.93	411.09	270.33
5088	79.89	61.94	151.69
5089	260.30	289.38	78.50
5090	799.39	1025.58	120.83
5091	203.47	1.61	405.33
5092	1099.83	90.33	2109.33
5093	122.45	135.25	109.65
5094	84.05	89.70	52.95
5095	351.35	349.56	359.90
5096	89.33	67.20	117.00
5097	264.16	224.71	310.19
5098	203.12	214.82	156.33
5099	162.15	179.47	98.67
5100	498.76	459.06	625.80
5101	239.43	171.00	330.67
5102	150.59	159.25	141.92
5103	195.27	222.25	159.30
5104	58.26	69.71	48.45
5105	309.67	330.35	290.37
5106	95.29	143.27	37.71
5107	150.31	188.72	122.65
5108	65.95	43.60	74.33
5109	360.73	274.80	432.33
5110	152.19	113.62	258.25
5111	274.76	325.33	236.82
5112	665.85	787.33	392.50
5113	256.56	281.98	163.33
5114	187.14	153.50	232.00
5115	76.46	92.94	54.50
5116	391.25	390.00	395.00
5117	165.23	187.39	86.09
5118	370.44	261.47	501.20
5119	190.47	180.61	220.81
5120	367.00	337.92	483.33
5121	641.93	541.42	1044.00
5122	140.39	140.63	140.05
5123	143.08	165.09	113.74
5124	409.60	647.24	53.15
5125	395.34	345.76	525.49
5126	858.86	331.50	1562.00
5127	203.64	200.88	211.00
5128	333.07	378.57	253.45
5129	306.26	303.65	326.00
5130	51.67	57.03	22.23
5131	1043.11	939.86	1195.26
5132	173.56	159.21	204.16
5133	117.93	125.13	103.52
5134	489.89	589.23	405.83
5135	294.50	325.57	222.00
5136	230.65	239.32	143.97
5137	272.99	196.41	451.67
5138	147.97	86.93	193.75
5139	142.80	71.60	332.67
5140	106.70	108.80	104.60
5141	775.00	673.00	928.00
5142	280.55	416.87	69.26
5143	147.22	200.11	110.60
5144	320.03	317.60	324.08
5145	643.62	628.60	668.67
5146	168.67	172.50	157.20
5147	361.65	378.23	342.71
5148	71.12	80.67	61.58
5149	351.50	402.60	266.33
5150	234.38	174.00	252.50
5151	195.62	189.00	206.67
5152	236.67	237.67	234.67
5153	160.75	188.75	132.75
5154	505.69	524.82	436.80
5155	223.21	226.54	215.44
5156	125.97	55.80	219.53
5157	104.96	107.64	98.00
5158	155.36	170.86	128.25
5159	246.36	251.70	235.69
5160	110.02	160.33	9.40
5161	246.63	186.62	366.67
5162	3193.40	3574.94	2379.47
5163	143.79	149.74	122.95
5164	195.59	204.14	138.63
5165	286.14	308.75	256.00
5166	128.67	140.33	105.33
5167	171.00	201.00	111.00
5168	121.92	171.40	91.00
5169	87.11	73.57	97.64
5170	146.81	147.98	140.93
5171	36.44	13.72	55.38
5172	391.00	456.00	282.67
5173	169.86	180.20	120.75
5174	113.66	123.92	34.97
5175	173.35	122.22	275.60
5176	141.16	105.92	185.20
5177	75.72	145.27	34.00
5178	139.57	201.25	57.33
5179	639.17	345.33	933.00
5180	172.30	197.71	133.04
5181	353.40	290.67	541.60
5182	75.62	34.33	125.16
5183	226.64	252.30	175.33
5184	134.81	130.41	150.20
5185	200.04	215.20	156.71
5186	339.57	321.27	359.69
5187	321.90	207.86	401.73
5188	140.10	127.36	159.79
5189	132.33	144.99	89.60
5190	235.31	405.00	133.50
5191	697.48	235.48	974.68
5192	93.16	62.13	120.32
5193	153.32	214.00	92.63
5194	455.60	442.50	475.25
5195	85.70	78.80	97.20
5196	92.47	97.97	87.88
5197	135.29	111.54	176.85
5198	530.58	471.75	631.43
5199	196.42	119.30	244.63
5200	97.78	90.83	114.00
5201	196.26	142.43	277.00
5202	39.59	29.70	47.83
5203	102.98	98.67	107.30
5204	444.29	254.50	697.33
5205	361.99	423.67	269.48
5206	418.55	381.24	630.00
5207	54.27	60.25	46.30
5208	4907.71	4828.50	5013.33
5209	141.03	143.04	131.99
5210	50.93	47.14	62.27
5211	294.38	336.40	154.33
5212	1459.14	776.00	1971.50
5213	148.70	131.32	174.77
5214	150.26	126.55	176.34
5215	157.43	154.07	168.63
5216	84.09	96.80	61.20
5217	181.71	178.80	189.00
5218	56.41	29.26	69.98
5219	151.05	180.98	125.40
5220	92.55	86.27	136.47
5221	656.65	756.31	208.16
5222	58.95	69.30	48.59
5223	76.75	76.58	77.30
5224	79.36	62.72	91.85
5225	431.21	493.40	275.75
5226	65.68	49.36	111.40
5227	1338.12	1423.60	1195.67
5228	53.83	63.66	30.91
5229	442.23	508.31	244.00
5230	408.74	463.92	374.25
5231	291.18	436.86	36.25
5232	169.21	156.00	217.67
5233	246.25	168.20	376.33
5234	182.59	194.62	151.00
5235	337.47	377.62	291.57
5236	235.18	160.67	309.70
5237	491.91	190.18	879.84
5238	252.12	238.49	270.29
5239	28.99	33.40	23.48
5240	398.73	230.00	694.00
5241	61.56	58.27	72.08
5242	423.69	528.00	215.07
5243	29.48	32.30	25.72
5244	83.82	94.46	66.08
5245	123.50	168.33	78.67
5246	64.39	51.22	86.33
5247	186.61	159.15	222.30
5248	268.31	434.50	177.67
5249	1542.88	1686.60	1303.33
5250	1301.71	2106.50	228.67
5251	564.00	628.00	484.00
5252	306.12	225.43	548.20
5253	1222.21	779.00	1554.62
5254	188.30	171.88	215.67
5255	97.32	125.00	69.63
5256	182.23	213.66	129.83
5257	268.09	160.02	484.24
5258	784.67	314.45	1348.94
5259	57.07	23.38	102.00
5260	46.93	55.07	25.20
5261	152.77	184.46	105.25
5262	1198.95	1349.08	98.00
5263	274.65	298.21	162.75
5264	360.93	362.21	354.97
5265	366.91	390.38	304.33
5266	54.84	60.77	43.00
5267	235.14	226.25	247.00
5268	174.17	196.93	153.04
5269	237.84	248.31	182.00
5270	152.88	142.20	170.67
5271	621.70	653.08	464.80
5272	216.50	196.20	284.17
5273	564.11	617.33	457.67
5274	211.12	226.25	196.00
5275	283.03	291.26	238.60
5276	134.23	182.20	6.30
5277	260.20	290.86	188.67
5278	239.60	200.33	298.50
5279	2214.33	963.00	3215.40
5280	168.50	68.67	228.40
5281	52.46	30.45	85.47
5282	199.90	267.12	65.45
5283	313.18	365.43	221.75
5284	59.72	62.61	56.24
5285	155.53	101.40	223.20
5286	50.85	43.36	80.80
5287	179.50	167.95	195.38
5288	435.14	146.23	1054.21
5289	285.29	297.69	260.50
5290	115.02	123.85	77.96
5291	72.20	117.00	27.40
5292	192.50	193.36	190.60
5293	93.74	100.00	89.98
5294	3072.14	1175.66	8002.98
5295	291.88	318.60	247.33
5296	266.46	256.33	288.74
5297	1112.67	1059.00	1166.33
5298	200.83	193.33	208.33
5299	871.20	1278.83	259.75
5300	127.37	58.87	178.75
5301	455.96	746.50	68.57
5302	120.33	111.67	129.00
5303	265.94	163.88	368.00
5304	131.10	119.66	174.60
5305	295.49	214.60	353.27
5306	165.05	47.67	243.30
5307	124.74	135.48	104.61
5308	179.33	120.67	238.00
5309	514.44	492.00	542.50
5310	220.75	235.17	143.80
5311	337.79	281.15	462.40
5312	475.70	383.44	807.80
5313	927.17	491.43	1537.20
5314	387.64	357.42	528.67
5315	283.40	300.17	258.25
5316	844.12	971.25	717.00
5317	157.42	170.50	144.33
5318	234.83	283.24	170.28
5319	362.86	485.33	271.00
5320	212.77	227.11	180.50
5321	83.93	95.20	74.92
5322	100.04	104.79	74.38
5323	168.03	149.00	196.56
5324	339.05	382.30	245.33
5325	97.66	99.74	87.96
5326	140.15	127.10	174.93
5327	353.78	363.16	339.70
5328	75.63	57.06	168.45
5329	83.82	83.32	84.45
5330	53.38	54.94	51.42
5331	410.83	477.60	359.47
5332	93.78	110.17	61.00
5333	212.73	251.07	130.57
5334	184.77	197.18	142.60
5335	133.48	143.71	98.26
5336	1553.95	744.23	3308.33
5337	3121.00	3296.40	2828.67
5338	169.50	173.69	151.33
5339	170.38	210.25	130.50
5340	852.36	24.85	1514.36
5341	664.73	383.22	1024.44
5342	134.73	120.91	172.75
5343	79.25	56.00	118.00
5344	398.53	348.57	442.25
5345	70.69	84.54	33.77
5346	395.40	442.07	286.50
5347	354.58	392.60	312.34
5348	156.95	140.80	173.10
5349	115.56	98.97	137.67
5350	164.50	133.60	216.00
5351	101.04	109.93	95.71
5352	149.58	89.87	269.00
5353	127.91	146.09	77.90
5354	236.13	240.44	205.93
5355	151.12	88.98	275.40
5356	384.17	257.89	690.86
5357	3226.44	3295.00	3089.33
5358	46.54	45.59	51.63
5359	305.86	306.89	304.00
5360	140.34	120.72	166.50
5361	152.60	143.71	173.33
5362	242.50	173.67	449.00
5363	127.31	135.53	110.87
5364	94.77	50.92	147.38
5365	2862.00	4756.40	494.00
5366	75.11	59.19	122.86
5367	254.27	314.07	149.62
5368	99.72	71.96	151.29
5369	125.13	121.25	133.74
5370	178.28	182.03	173.41
5371	86.34	72.65	118.26
5372	262.90	286.33	227.75
5373	12.28	14.34	7.65
5374	449.12	299.60	698.33
5375	131.00	109.60	173.80
5376	45.00	42.98	52.70
5377	182.36	194.18	124.98
5378	166.83	195.12	142.57
5379	98.39	104.00	68.96
5380	140.43	140.25	141.33
5381	360.00	316.17	447.67
5382	112.77	55.28	148.69
5383	3662.83	3010.62	4804.19
5384	128.68	87.88	271.50
5385	280.73	302.00	256.43
5386	165.79	179.28	138.80
5387	81.09	68.43	103.25
5388	1100.33	1149.25	1061.20
5389	1651.62	531.40	3051.89
5390	488.00	194.50	683.67
5391	52.07	113.50	6.00
5392	427.69	434.45	418.67
5393	2946.00	4838.60	1368.83
5394	610.42	671.50	305.00
5395	32.23	37.15	22.40
5396	182.58	172.57	200.82
5397	142.00	148.40	134.00
5398	472.53	529.00	359.60
5399	328.59	266.41	473.67
5400	277.09	328.83	215.00
5401	295.56	330.50	225.67
5402	156.58	147.32	184.33
5403	152.90	205.20	96.58
5404	126.00	121.01	148.50
5405	2353.00	1776.25	3122.00
5406	371.31	589.80	98.20
5407	203.27	120.96	395.33
5408	245.96	265.50	167.80
5409	287.00	223.56	380.29
5410	53.62	58.49	3.27
5411	213.17	200.05	275.50
5412	271.62	255.41	340.50
5413	211.43	78.87	344.00
5414	161.97	200.95	110.00
5415	93.23	86.56	108.25
5416	211.48	253.78	179.75
5417	186.21	202.56	147.38
5418	904.38	219.60	2045.67
5419	267.83	248.38	280.80
5420	59.53	45.11	73.95
5421	108.44	182.50	26.14
5422	176.62	197.75	155.50
5423	99.18	140.99	78.28
5424	328.94	291.43	381.45
5425	123.51	157.38	103.18
5426	5.56	3.07	8.05
5427	183.92	214.12	123.50
5428	40.77	37.20	44.33
5429	63.19	71.13	51.84
5430	228.00	196.17	291.67
5431	193.60	206.32	169.75
5432	159.91	143.50	203.67
5433	46.76	42.95	58.20
5434	1043.78	1296.40	728.00
5435	118.13	137.44	66.65
5436	286.50	336.00	138.00
5437	141.00	148.20	129.00
5438	152.36	166.53	62.63
5439	91.11	97.11	64.12
5440	105.53	148.00	63.07
5441	305.55	301.27	318.40
5442	97.33	91.67	103.00
5443	69.57	35.81	103.32
5444	257.14	220.67	284.50
5445	161.23	43.16	358.00
5446	142.67	143.17	140.67
5447	97.72	87.51	107.94
5448	228.33	170.00	286.67
5449	73.96	89.47	32.63
5450	239.58	212.75	293.25
5451	139.87	137.35	144.02
5452	150.22	133.71	173.32
5453	231.29	287.77	127.75
5454	281.50	342.33	220.67
5455	135.07	126.34	161.25
5456	112.20	124.23	78.12
5457	168.08	145.95	185.78
5458	57.68	15.54	156.00
5459	109.35	118.55	85.67
5460	82.70	75.07	108.13
5461	335.08	310.50	417.00
5462	1990.22	1645.33	2680.00
5463	72.91	60.46	116.50
5464	173.74	128.50	185.05
5465	101.67	103.78	95.33
5466	351.44	381.89	272.80
5467	189.20	85.60	292.80
5468	250.58	174.83	326.33
5469	169.76	241.86	73.62
5470	118.37	106.57	140.49
5471	75.15	86.48	33.60
5472	361.52	342.55	380.50
5473	177.58	168.80	183.86
5474	253.43	144.00	335.50
5475	265.43	336.53	219.71
5476	192.90	194.11	191.04
5477	298.00	277.89	358.33
5478	295.42	229.29	427.67
5479	143.08	177.67	113.43
5480	677.62	688.00	668.71
5481	105.94	105.57	107.32
5482	162.62	261.26	106.26
5483	323.12	220.64	511.00
5484	329.06	332.15	315.67
5485	280.15	241.75	311.48
5486	143.21	137.55	163.60
5487	676.11	997.00	248.27
5488	379.58	381.50	361.67
5489	139.62	150.25	122.60
5490	268.88	290.98	220.25
5491	162.97	178.20	147.75
5492	227.92	227.03	231.12
5493	212.95	225.88	204.33
5494	166.91	187.88	111.00
5495	80.68	82.46	75.93
5496	103.21	103.39	101.60
5497	203.44	231.00	148.33
5498	171.31	171.31	171.33
5499	256.29	343.00	140.67
5500	197.65	158.11	253.00
5501	129.79	121.38	138.20
5502	180.00	175.44	185.12
5503	545.08	412.00	944.33
5504	111.69	114.44	99.79
5505	275.93	201.20	317.44
5506	228.86	146.25	339.00
5507	154.92	101.76	261.26
5508	82.75	88.56	61.86
5509	184.11	186.56	172.67
5510	289.18	294.52	255.33
5511	182.16	198.56	165.76
5512	153.15	142.91	166.18
5513	161.26	219.14	103.37
5514	98.11	104.20	87.97
5515	75.61	80.42	68.62
5516	234.63	225.06	244.20
5517	150.66	143.35	199.33
5518	341.21	249.67	409.88
5519	234.60	225.17	248.75
5520	745.27	768.71	704.25
5521	271.44	297.09	231.14
5522	199.46	200.75	197.40
5523	435.85	386.86	664.50
5524	89.35	74.56	114.00
5525	340.28	115.25	444.14
5526	513.95	531.90	274.67
5527	140.60	157.93	108.11
5528	110.15	134.10	46.30
5529	118.61	130.56	50.89
5530	452.55	586.33	292.00
5531	179.24	234.67	145.98
5532	358.49	394.23	334.67
5533	177.07	166.30	190.00
5534	121.04	203.60	89.28
5535	231.38	234.84	227.33
5536	134.20	124.17	154.27
5537	46.68	47.62	45.74
5538	99.06	82.01	125.59
5539	147.12	128.67	158.20
5540	614.84	352.12	1035.18
5541	846.21	842.53	860.00
5542	140.09	149.54	81.83
5543	141.12	86.25	196.00
5544	127.99	110.13	169.67
5545	88.75	91.20	86.30
5546	275.36	263.71	295.75
5547	228.25	233.75	222.75
5548	110.45	81.53	142.99
5549	91.37	107.64	69.66
5550	74.21	79.14	60.40
5551	247.00	234.50	288.67
5552	313.54	366.33	250.18
5553	246.46	270.24	151.33
5554	464.62	462.60	468.00
5555	152.66	132.58	177.75
5556	194.82	263.67	125.97
5557	127.02	161.92	57.22
5558	465.00	498.83	414.25
5559	7140.56	6289.55	9012.80
5560	209.40	154.58	428.67
5561	112.16	88.85	140.14
5562	183.66	158.16	236.49
5563	271.50	299.81	186.55
5564	658.51	421.91	989.76
5565	263.86	208.20	308.40
5566	274.16	317.25	159.26
5567	240.28	201.13	326.40
5568	248.41	208.74	327.75
5569	385.05	416.27	187.33
5570	464.40	374.43	524.38
5571	93.97	77.21	110.74
5572	334.39	312.07	412.50
5573	48.05	37.74	58.36
5574	177.16	217.29	101.92
5575	1302.64	1714.53	66.97
5576	221.46	204.67	235.86
5577	333.29	405.26	181.33
5578	141.41	141.88	139.72
5579	209.85	240.35	177.44
5580	1668.11	1119.75	2106.80
5581	159.91	213.75	79.16
5582	63.26	85.75	48.27
5583	143.35	143.75	142.00
5584	146.79	226.40	67.18
5585	159.00	132.40	181.17
5586	171.30	116.89	252.93
5587	9606.09	6365.75	11457.71
5588	320.70	320.17	321.50
5589	218.54	211.66	242.62
5590	402.15	479.88	350.33
5591	190.07	216.32	158.58
5592	129.77	134.53	105.99
5593	174.75	174.47	176.26
5594	376.95	371.83	399.38
5595	116.46	73.16	188.63
5596	90.07	46.15	148.63
5597	329.94	611.33	48.55
5598	284.11	233.00	352.25
5599	183.43	183.91	179.99
5600	292.78	268.50	312.20
5601	176.48	130.63	222.33
5602	167.15	187.61	130.78
5603	112.40	101.25	119.83
5604	78.09	73.44	93.62
5605	176.09	187.49	107.67
5606	60.33	60.54	59.72
5607	168.68	224.00	144.10
5608	288.22	226.50	411.67
5609	227.44	232.60	221.00
5610	112.59	136.98	71.93
5611	131.43	146.93	100.44
5612	217.12	269.33	185.80
5613	146.71	127.50	172.33
5614	101.26	101.02	101.58
5615	91.80	101.11	75.04
5616	98.19	111.23	63.95
5617	251.41	166.50	336.31
5618	195.57	173.50	443.75
5619	331.21	154.65	684.33
5620	191.02	190.48	192.64
5621	299.25	267.60	352.00
5622	269.57	213.25	344.67
5623	399.49	398.81	400.57
5624	64.15	64.74	60.86
5625	213.00	229.07	137.99
5626	498.18	648.75	96.67
5627	199.45	134.86	312.50
5628	295.09	310.27	266.62
5629	220.99	176.99	282.60
5630	289.43	250.50	331.91
5631	331.55	441.44	221.66
5632	62.33	73.63	47.27
5633	166.49	154.43	188.20
5634	290.53	312.09	260.88
5635	183.11	159.00	231.33
5636	403.44	340.32	775.11
5637	193.50	238.33	148.67
5638	386.44	465.17	347.08
5639	384.92	839.25	183.00
5640	335.17	326.67	343.67
5641	368.64	425.67	347.25
5642	123.90	106.48	138.42
5643	187.75	137.50	305.00
5644	238.43	247.21	139.00
5645	319.84	309.81	371.67
5646	236.06	208.20	305.70
5647	42.80	34.30	62.63
5648	119.98	124.95	93.78
5649	309.54	384.48	159.67
5650	153.13	180.90	46.67
5651	844.34	1050.09	89.93
5652	192.45	127.62	365.33
5653	134.25	87.40	212.33
5654	389.99	328.21	482.67
5655	131.92	139.67	108.67
5656	100.11	157.33	57.20
5657	206.07	199.09	233.34
5658	130.21	138.82	113.00
5659	55.64	54.36	57.78
5660	137.32	120.47	150.80
5661	437.72	622.32	283.88
5662	62.69	68.25	55.27
5663	169.84	190.40	144.15
5664	182.90	128.80	198.81
5665	120.57	112.50	131.33
5666	90.05	69.78	130.60
5667	178.23	60.99	274.15
5668	174.08	181.00	167.17
5669	114.16	43.65	157.24
5670	572.36	601.11	520.60
5671	1442.41	87.84	2796.98
5672	96.10	68.33	137.75
5673	901.20	1088.72	26.10
5674	101.55	113.35	82.68
5675	24.30	35.25	10.62
5676	4570.76	7009.00	4048.29
5677	274.06	316.77	246.30
5678	105.86	74.45	147.75
5679	856.32	1061.58	308.97
5680	5258.74	230.47	10287.00
5681	179.97	174.49	271.33
5682	77.83	114.33	50.45
5683	611.99	666.17	203.54
5684	182.31	56.72	254.08
5685	462.33	591.67	333.00
5686	309.75	328.87	266.75
5687	229.08	200.14	296.60
5688	150.21	126.70	173.72
5689	566.96	356.12	1164.33
5690	150.00	145.14	158.50
5691	175.50	259.00	92.00
5692	63.56	58.16	68.95
5693	228.33	262.40	185.75
5694	556.43	573.33	543.75
5695	4379.12	4274.45	5391.00
5696	170.84	183.64	132.43
5697	150.01	190.41	93.44
5698	218.80	252.75	196.17
5699	710.83	816.50	569.93
5700	806.71	788.82	872.33
5701	402.33	374.75	457.50
5702	310.12	174.63	445.60
5703	318.47	335.96	248.50
5704	126.55	116.30	165.00
5705	63.43	61.72	68.97
5706	246.75	323.14	139.80
5707	132.60	151.83	103.75
5708	51.94	59.49	41.86
5709	33.45	33.94	32.63
5710	209.77	244.32	106.10
5711	102.60	130.60	74.60
5712	82.74	93.05	69.00
5713	174.47	141.19	207.75
5714	113.66	122.00	97.00
5715	252.54	188.29	368.20
5716	469.41	497.67	435.50
5717	442.83	605.00	280.67
5718	152.16	146.67	168.66
5719	235.86	253.25	212.67
5720	197.08	234.40	72.67
5721	430.00	430.17	429.75
5722	368.66	369.22	367.47
5723	453.47	511.52	229.57
5724	109.21	117.32	75.15
5725	21.72	24.50	18.93
5726	631.71	754.69	431.88
5727	284.58	280.00	293.75
5728	185.84	106.48	253.86
5729	42.07	46.99	31.00
5730	4380.32	5491.82	304.83
5731	132.22	85.40	190.75
5732	1288.08	1481.00	786.50
5733	242.29	177.33	291.00
5734	1156.72	255.07	3636.25
5735	579.23	904.73	172.35
5736	194.89	237.18	99.72
5737	218.89	240.48	182.90
5738	296.86	341.33	263.50
5739	227.04	220.44	237.60
5740	262.00	376.00	148.00
5741	59.09	71.91	30.89
5742	75.00	67.33	82.67
5743	567.99	857.00	206.72
5744	326.67	441.20	183.50
5745	269.71	265.78	282.39
5746	68.38	88.04	9.37
5747	321.56	279.77	396.80
5748	161.63	112.00	246.71
5749	218.69	178.23	394.00
5750	98.25	60.36	318.00
5751	24.10	25.03	21.93
5752	690.38	153.23	2839.00
5753	532.63	517.48	603.33
5754	225.60	211.40	239.80
5755	169.20	203.29	89.67
5756	416.33	420.00	409.00
5757	164.91	217.83	101.40
5758	228.12	275.75	116.97
5759	164.18	160.88	173.00
5760	81.54	79.35	87.00
5761	73.74	71.20	77.97
5762	295.89	354.67	178.33
5763	253.91	260.57	242.25
5764	335.64	319.57	363.75
5765	128.43	145.51	89.40
5766	1809.12	1107.43	2996.59
5767	336.00	325.55	359.00
5768	123.68	204.32	95.22
5769	157.46	169.63	121.50
5770	575.54	325.39	1326.00
5771	207.99	162.00	276.98
5772	211.97	231.29	154.00
5773	110.78	143.97	52.70
5774	129.21	140.18	87.17
5775	88.41	80.71	92.89
5776	62.05	57.10	80.88
5777	323.00	303.50	349.00
5778	191.05	169.50	216.90
5779	178.42	142.40	223.45
5780	148.67	152.00	138.67
5781	31.15	39.98	15.70
5782	119.79	120.21	119.17
5783	80.16	94.13	66.19
5784	120.48	135.33	105.63
5785	483.33	291.60	587.91
5786	386.88	412.46	318.67
5787	954.03	1158.72	544.63
5788	16.19	9.67	18.64
5789	247.27	276.32	63.33
5790	38.20	44.79	26.35
5791	252.79	288.96	135.22
5792	270.46	289.15	208.17
5793	310.60	206.83	466.25
5794	123.70	138.57	89.00
5795	156.31	167.44	131.25
5796	84.79	72.90	92.36
5797	360.99	640.32	11.83
5798	118.00	139.67	53.00
5799	38.27	34.04	40.68
5800	246.88	271.50	166.88
5801	63.73	37.98	123.82
5802	167.43	118.67	204.00
5803	88.40	96.33	86.24
5804	139.66	71.18	225.25
5805	219.55	241.15	90.00
5806	37.16	40.51	23.77
5807	1406.59	224.86	1997.46
5808	270.56	347.50	116.67
5809	224.74	379.20	18.79
5810	672.25	773.73	498.29
5811	289.70	282.45	298.32
5812	287.31	339.30	235.33
5813	185.32	187.06	180.67
5814	3602.12	205.33	5640.20
5815	87.26	63.42	146.87
5816	119.43	124.50	112.67
5817	1117.08	1938.17	131.78
5818	336.94	485.75	188.12
5819	101.58	132.90	58.86
5820	226.98	207.36	261.31
5821	196.67	135.00	258.33
5822	197.00	275.33	118.67
5823	1775.81	2820.47	104.36
5824	3158.83	1291.67	5026.00
5825	100.58	82.99	135.75
5826	234.81	284.57	176.75
5827	194.20	192.41	196.29
5828	164.83	179.89	140.19
5829	186.96	206.83	127.33
5830	1084.17	2321.00	465.75
5831	237.33	180.33	294.33
5832	113.27	73.67	192.47
5833	112.95	103.29	129.88
5834	563.81	601.15	402.00
5835	427.54	384.64	642.00
5836	379.69	425.37	290.25
5837	147.31	84.10	358.00
5838	212.43	172.67	242.25
5839	309.47	361.57	66.33
5840	107.44	115.50	91.33
5841	577.44	554.06	603.75
5842	161.98	148.88	188.20
5843	303.25	335.61	206.17
5844	576.36	606.25	317.33
5845	45.42	38.30	59.66
5846	737.99	553.29	1304.40
5847	339.25	325.20	362.67
5848	2644.43	775.67	4046.00
5849	407.81	490.05	243.33
5850	124.91	118.00	130.10
5851	371.30	424.07	160.20
5852	479.50	456.20	518.33
5853	211.50	214.80	208.20
5854	102.00	112.96	69.11
5855	180.05	102.25	198.35
5856	152.29	173.78	36.25
5857	233.19	223.68	248.48
5858	228.96	160.67	297.26
5859	144.88	120.74	200.40
5860	200.62	178.38	217.31
5861	159.12	127.26	212.22
5862	57.55	67.82	16.47
5863	362.00	246.80	506.00
5864	244.70	251.57	228.67
5865	86.55	87.28	85.33
5866	90.78	91.85	88.30
5867	2969.52	3171.35	1624.00
5868	292.92	334.10	155.63
5869	108.08	139.50	66.19
5870	631.38	752.00	323.11
5871	156.47	143.20	172.15
5872	295.13	248.09	379.80
5873	150.80	160.58	117.27
5874	410.78	406.00	416.75
5875	250.07	191.68	352.25
5876	179.46	140.37	213.33
5877	152.90	183.12	72.30
5878	120.74	157.26	35.53
5879	122.13	101.08	174.75
5880	138.25	169.43	94.60
5881	588.36	567.29	625.25
5882	396.44	384.80	411.00
5883	1081.73	1115.45	989.00
5884	234.61	242.24	219.33
5885	217.80	101.60	334.00
5886	159.67	180.50	118.00
5887	87.70	78.21	125.67
5888	12.66	13.17	12.15
5889	179.43	223.50	120.67
5890	350.15	328.05	388.83
5891	246.45	270.60	210.22
5892	124.43	104.48	140.39
5893	92.41	101.70	85.06
5894	241.53	203.24	328.33
5895	125.19	99.41	234.75
5896	301.59	315.55	276.00
5897	132.00	111.40	157.75
5898	178.33	103.50	328.00
5899	157.00	167.62	135.75
5900	214.88	224.60	198.67
5901	311.86	337.09	231.10
5902	209.39	246.52	98.00
5903	250.68	266.85	182.80
5904	116.35	109.37	125.67
5905	271.10	340.30	194.21
5906	51.90	55.05	47.17
5907	195.11	159.53	328.50
5908	7359.30	4571.16	11076.83
5909	394.81	534.72	161.63
5910	437.25	585.00	191.00
5911	609.00	594.42	634.00
5912	88.43	99.75	73.33
5913	167.00	174.12	152.75
5914	323.85	289.44	401.25
5915	90.81	87.24	119.37
5916	108.43	114.67	105.32
5917	355.87	273.95	421.40
5918	543.38	523.79	617.80
5919	209.74	258.56	165.80
5920	120.83	94.36	187.00
5921	591.50	725.00	458.00
5922	798.81	963.33	469.75
5923	626.38	713.00	482.00
5924	804.42	822.59	719.67
5925	85.96	37.88	221.46
5926	84.48	88.83	80.13
5927	148.08	116.45	169.17
5928	149.36	173.49	87.33
5929	116.57	108.45	127.40
5930	144.74	147.08	139.60
5931	244.57	263.50	219.33
5932	153.33	174.40	127.00
5933	188.06	152.37	223.75
5934	169.27	116.29	262.00
5935	300.83	385.95	187.33
5936	291.30	204.04	444.00
5937	365.14	386.14	344.14
5938	129.22	115.60	146.25
5939	126.17	152.33	100.00
5940	106.21	73.62	204.00
5941	86.34	92.82	38.36
5942	259.12	182.98	304.80
5943	2248.64	2702.75	1037.67
5944	288.94	264.78	320.00
5945	116.91	108.53	135.75
5946	154.40	193.45	102.33
5947	52.77	43.27	62.27
5948	346.09	337.94	380.75
5949	136.39	131.84	147.00
5950	249.36	214.99	305.59
5951	3211.37	327.12	5309.00
5952	112.03	82.45	171.20
5953	99.00	97.34	101.23
5954	779.90	1215.00	127.25
5955	1113.62	209.96	2198.00
5956	64.78	55.75	72.00
5957	148.37	132.97	153.51
5958	121.20	175.76	66.63
5959	241.57	249.55	212.33
5960	63.12	56.21	85.00
5961	142.83	167.43	75.19
5962	204.11	122.90	373.91
5963	632.60	622.85	650.71
5964	177.95	114.11	241.80
5965	125.71	154.33	108.88
5966	47.20	44.73	52.96
5967	28.20	18.30	35.62
5968	517.98	175.62	822.30
5969	195.75	232.40	134.67
5970	214.99	218.56	205.00
5971	128.36	121.60	145.25
5972	132.30	46.97	217.62
5973	214.29	216.00	212.00
5974	151.12	163.52	119.26
5975	388.44	418.67	328.00
5976	214.14	388.67	83.25
5977	152.10	135.14	191.67
5978	71.43	67.25	77.00
5979	179.70	178.00	180.43
5980	161.38	187.80	117.33
5981	149.49	193.00	84.22
5982	176.00	221.00	101.00
5983	68.11	44.75	91.47
5984	103.75	96.94	146.34
5985	215.81	309.22	113.06
5986	150.17	158.67	141.67
5987	278.20	260.43	319.66
5988	125.66	105.05	166.87
5989	3218.91	1707.60	4478.33
5990	206.20	176.42	275.67
5991	208.12	212.16	193.60
5992	144.58	152.06	72.33
5993	255.85	266.35	231.33
5994	159.37	156.12	169.78
5995	257.45	291.00	190.35
5996	137.29	157.75	120.92
5997	168.71	171.75	164.67
5998	142.22	141.41	148.20
5999	227.55	188.60	276.25
6000	350.73	318.83	389.00
6001	389.25	226.20	463.36
6002	429.25	510.15	78.67
6003	229.53	185.83	306.00
6004	183.87	174.22	206.13
6005	138.65	148.18	88.27
6006	84.06	70.70	101.87
6007	198.47	252.22	37.23
6008	166.61	188.25	97.36
6009	393.46	416.52	307.00
6010	177.00	231.80	108.50
6011	34.46	32.36	44.12
6012	51.91	55.90	45.93
6013	126.11	132.07	92.33
6014	248.67	258.67	238.67
6015	90.70	90.86	90.33
6016	101.38	64.66	147.28
6017	202.99	217.98	180.50
6018	270.32	277.50	260.75
6019	180.97	210.93	151.00
6020	286.11	220.50	417.33
6021	329.22	309.20	354.25
6022	130.85	130.67	131.27
6023	192.51	186.05	218.36
6024	646.92	53.36	2229.73
6025	316.14	265.54	501.67
6026	381.62	388.08	362.25
6027	177.38	192.25	162.50
6028	133.71	156.71	81.95
6029	5027.42	8513.00	3284.63
6030	285.71	246.25	338.33
6031	68.04	61.99	89.84
6032	413.20	583.17	158.25
6033	151.80	153.06	149.29
6034	68.96	66.97	72.93
6035	418.15	455.82	342.82
6036	179.33	168.00	190.67
6037	43283.11	64762.67	324.00
6038	131.87	97.50	152.48
6039	263.33	261.67	265.00
6040	207.76	157.97	307.33
6041	24.44	43.00	13.30
6042	193.98	315.23	72.72
6043	47.47	49.21	34.60
6044	207.18	210.12	184.67
6045	179.25	200.06	102.93
6046	220.88	119.00	322.75
6047	158.00	184.67	142.00
6048	258.08	247.62	279.00
6049	338.57	450.25	189.67
6050	361.88	456.00	205.00
6051	289.75	364.33	66.00
6052	163.00	90.00	260.33
6053	308.32	301.00	330.27
6054	194.97	224.11	117.25
6055	364.37	21.28	578.80
6056	143.73	144.51	142.04
6057	79.82	69.66	109.22
6058	268.86	259.00	282.00
6059	203.22	201.17	207.33
6060	100.28	96.78	103.15
6061	67.95	40.10	116.70
6062	228.37	230.59	216.40
6063	402.74	315.83	541.79
6064	207.95	221.04	158.20
6065	338.00	416.00	234.00
6066	350.80	65.03	509.56
6067	125.56	130.30	117.66
6068	137.22	96.38	213.80
6069	192.67	165.83	246.33
6070	199.31	123.54	300.33
6071	233.64	177.98	289.31
6072	475.95	500.35	372.25
6073	86.95	92.45	73.20
6074	219.86	354.67	118.75
6075	122.09	125.43	116.25
6076	95.37	116.16	74.59
6077	103.61	102.22	105.00
6078	119.22	143.20	63.27
6079	246.25	156.40	396.00
6080	42.38	39.32	46.20
6081	224.14	305.75	115.33
6082	125.59	132.36	113.75
6083	224.91	252.12	152.33
6084	376.47	503.28	75.27
6085	596.51	601.33	567.60
6086	189.78	168.04	262.27
6087	297.81	257.36	405.67
6088	209.65	204.58	234.27
6089	130.00	125.00	135.00
6090	509.28	727.33	415.83
6091	316.88	306.00	335.00
6092	230.60	259.63	185.44
6093	155.78	132.17	191.20
6094	647.11	351.17	1239.00
6095	239.80	261.83	151.67
6096	203.67	205.33	202.00
6097	1128.61	1289.21	566.50
6098	3791.43	7366.33	1110.25
6099	55.60	56.21	51.48
6100	315.94	180.60	620.48
6101	97.06	107.40	72.93
6102	3097.61	4375.56	541.71
6103	320.40	341.43	271.33
6104	228.52	294.29	88.73
6105	286.67	257.67	315.67
6106	163.67	181.11	122.96
6107	37.45	30.72	48.67
6108	672.48	676.12	660.00
6109	131.92	281.00	77.71
6110	185.86	173.03	239.33
6111	357.75	404.20	280.33
6112	215.00	287.75	118.00
6113	170.84	147.34	210.00
6114	944.89	534.30	1492.33
6115	347.95	376.75	304.75
6116	381.75	230.00	533.50
6117	192.70	184.66	207.18
6118	26.88	35.25	7.35
6119	1448.86	1670.25	674.00
6120	120.11	108.95	135.00
6121	94.24	99.97	86.60
6122	163.63	80.71	495.30
6123	190.08	204.93	71.29
6124	107.09	124.92	95.95
6125	448.12	540.60	294.00
6126	509.82	413.79	990.00
6127	204.68	325.00	132.48
6128	242.41	332.64	140.90
6129	5.48	7.90	3.06
6130	283.20	225.71	417.33
6131	200.12	167.33	219.80
6132	180.32	181.82	177.33
6133	99.13	85.50	117.30
6134	52.62	39.98	69.48
6135	83.42	85.80	80.56
6136	275.31	275.33	275.25
6137	162.75	142.38	230.67
6138	177.16	164.66	214.67
6139	293.07	222.21	399.36
6140	190.09	138.36	234.43
6141	107.13	83.74	177.28
6142	255.06	258.36	230.82
6143	165.00	168.67	157.67
6144	1829.27	299.07	3776.81
6145	119.04	112.82	122.15
6146	114.90	54.58	195.33
6147	375.62	417.75	333.50
6148	412.03	763.44	99.67
6149	101.75	112.32	66.07
6150	104.30	115.52	70.65
6151	184.77	208.65	137.00
6152	100.51	149.50	35.20
6153	259.03	298.73	219.33
6154	536.12	664.56	108.00
6155	266.83	314.33	219.33
6156	381.56	404.40	353.00
6157	466.85	458.22	486.25
6158	38.22	40.88	36.10
6159	97.53	101.68	89.84
6160	345.78	614.00	131.20
6161	268.14	314.62	190.67
6162	198.31	210.56	170.75
6163	479.94	441.27	565.00
6164	159.38	127.75	191.00
6165	38.67	23.32	64.27
6166	240.88	223.20	270.33
6167	116.75	130.36	103.14
6168	350.40	392.13	327.64
6169	289.72	157.22	441.14
6170	173.58	196.74	83.27
6171	378.43	453.09	191.78
6172	276.32	173.50	481.97
6173	245.42	264.24	215.85
6174	204.36	85.67	293.38
6175	271.94	260.86	307.40
6176	209.55	166.87	337.60
6177	67.00	68.00	65.33
6178	318.23	349.11	248.75
6179	80.59	35.17	126.00
6180	41.17	49.39	19.27
6181	263.61	209.40	393.70
6182	176.18	193.37	130.33
6183	177.91	155.57	203.96
6184	108.53	87.18	137.00
6185	258.54	279.87	176.26
6186	94.63	156.27	33.00
6187	1453.59	372.29	4543.00
6188	288.33	258.20	326.00
6189	125.99	133.26	109.03
6190	410.60	505.69	125.33
6191	265.45	157.40	355.50
6192	1660.66	1835.92	1091.06
6193	366.65	339.80	387.31
6194	6.25	1.50	11.00
6195	106.62	109.80	101.33
6196	179.85	182.02	173.88
6197	143.02	154.65	58.69
6198	173.87	173.44	174.50
6199	156.75	141.80	181.67
6200	151.50	211.70	76.25
6201	194.18	192.17	196.60
6202	176.99	185.29	156.22
6203	113.97	121.21	99.50
6204	308.34	458.20	58.57
6205	358.44	298.17	479.00
6206	239.40	255.39	189.14
6207	337.40	279.93	423.60
6208	230.30	260.30	181.74
6209	83.83	76.67	91.00
6210	71.79	36.93	97.92
6211	409.50	423.15	374.00
6212	299.60	263.71	383.33
6213	466.42	395.15	537.68
6214	148.93	160.75	125.30
6215	122.10	127.00	115.57
6216	198.78	153.89	322.25
6217	391.95	412.00	371.90
6218	655.96	576.02	1055.67
6219	1368.50	2566.50	170.50
6220	77.84	75.67	79.47
6221	231.85	258.20	205.50
6222	1926.11	780.14	3215.32
6223	227.25	151.50	303.00
6224	165.24	179.65	133.79
6225	501.50	492.20	517.00
6226	523.42	551.11	485.08
6227	177.13	153.81	204.33
6228	13.31	7.21	23.47
6229	163.44	162.00	166.33
6230	253.81	199.67	389.17
6231	285.00	284.43	286.33
6232	731.73	1389.48	238.42
6233	150.16	107.69	266.94
6234	101.50	128.12	48.25
6235	243.76	162.27	284.50
6236	208.90	272.11	19.27
6237	123.76	131.50	117.95
6238	338.33	155.67	521.00
6239	129.17	142.69	98.75
6240	149.86	175.25	119.40
6241	117.17	23.47	224.26
6242	227.54	207.99	252.43
6243	402.22	297.67	742.00
6244	166.25	182.00	119.00
6245	68.19	68.86	67.08
6246	323.37	340.13	268.29
6247	161.23	222.82	75.00
6248	9.51	6.68	13.30
6249	30.97	27.70	35.33
6250	243.18	246.25	235.80
6251	175.75	211.28	69.17
6252	168.56	181.89	151.43
6253	110.70	112.54	108.86
6254	654.76	259.53	2334.50
6255	99.40	103.02	83.13
6256	96.79	91.94	121.00
6257	183.30	171.29	211.33
6258	177.74	158.11	248.40
6259	439.68	466.41	382.88
6260	136.01	152.00	130.30
6261	553.24	573.36	459.33
6262	1872.30	410.00	3334.60
6263	48.15	48.33	47.97
6264	154.15	143.50	166.58
6265	31295.00	1968.67	48890.80
6266	181.09	264.80	76.45
6267	444.12	519.29	378.35
6268	292.58	365.78	210.22
6269	116.16	139.35	69.78
6270	132.48	147.33	117.63
6271	209.42	219.43	132.67
6272	120.02	122.58	114.88
6273	184.86	179.33	189.00
6274	563.59	739.20	417.25
6275	1095.69	2722.50	138.74
6276	194.57	191.99	200.17
6277	144.62	117.22	185.72
6278	184.58	206.83	162.33
6279	258.56	352.80	140.75
6280	132.47	108.51	173.56
6281	318.64	320.38	314.00
6282	295.43	336.31	202.00
6283	569.65	601.33	436.60
6284	278.14	245.75	321.33
6285	187.33	26.77	307.75
6286	325.68	392.60	102.63
6287	285.00	394.00	139.67
6288	459.57	729.33	257.25
6289	277.58	266.53	301.51
6290	1533.33	226.67	2840.00
6291	466.50	275.00	658.00
6292	289.14	342.25	218.33
6293	120.49	120.71	120.14
6294	467.96	552.06	165.20
6295	537.99	630.68	306.25
6296	274.20	265.43	294.67
6297	225.70	215.63	233.25
6298	620.58	536.50	788.75
6299	466.94	492.00	341.67
6300	260.08	242.50	288.20
6301	293.76	394.69	176.00
6302	112.04	123.37	55.40
6303	472.86	582.40	290.30
6304	154.16	160.07	142.33
6305	352.20	388.75	206.00
6306	1200.38	1022.70	1496.50
6307	132.30	122.00	190.66
6308	140.22	129.67	145.50
6309	236.75	162.33	261.56
6310	83.72	81.78	84.88
6311	60.97	57.99	65.55
6312	430.32	194.20	823.87
6313	162.00	92.00	232.00
6314	215.00	190.60	239.40
6315	206.61	167.84	276.38
6316	117.05	164.76	57.42
6317	49.95	63.20	32.29
6318	743.08	529.00	838.22
6319	50.19	58.67	29.00
6320	188.60	321.25	55.95
6321	234.36	221.80	265.75
6322	113.14	130.50	69.75
6323	151.18	165.99	106.72
6324	49.14	51.94	46.81
6325	243.09	441.33	168.75
6326	158.57	210.00	90.00
6327	126.96	126.24	129.60
6328	262.00	325.00	198.99
6329	217.22	250.00	176.25
6330	374.33	404.63	259.20
6331	906.31	807.50	991.00
6332	303.89	312.40	293.25
6333	1454.81	616.79	3340.35
6334	110.65	113.30	107.65
6335	446.68	533.80	316.00
6336	212.54	210.55	214.53
6337	324.58	384.78	144.00
6338	134.00	105.67	162.33
6339	341.15	361.20	287.17
6340	367.40	399.82	107.97
6341	496.38	624.00	368.75
6342	107.08	83.56	160.00
6343	162.72	151.98	170.40
6344	188.76	204.00	158.27
6345	149.57	105.50	208.33
6346	59.10	71.24	27.87
6347	70.60	59.19	127.67
6348	274.80	422.40	28.80
6349	282.65	326.06	109.00
6350	143.22	136.83	163.11
6351	267.16	278.38	237.27
6352	157.00	178.88	100.76
6353	90.35	28.38	172.99
6354	161.79	161.09	164.33
6355	288.25	388.33	228.20
6356	125.33	126.86	120.18
6357	129.99	118.18	146.86
6358	86.17	147.75	50.98
6359	239.25	211.60	285.33
6360	182.40	222.70	128.67
6361	933.00	1004.00	814.67
6362	189.73	232.91	126.23
6363	348.91	335.82	386.00
6364	129.65	148.35	92.25
6365	375.57	413.33	337.80
6366	72.03	58.95	124.33
6367	327.44	318.50	345.33
6368	358.71	359.87	355.83
6369	250.13	232.44	290.57
6370	373.52	344.55	402.50
6371	236.97	292.76	51.03
6372	206.23	247.44	113.50
6373	252.81	274.44	216.04
6374	288.34	449.00	74.13
6375	79.02	75.75	95.35
6376	216.44	194.30	253.33
6377	196.84	184.25	222.02
6378	829.69	127.40	1321.29
6379	120.45	53.99	297.67
6380	63.76	58.48	70.29
6381	187.27	148.00	209.71
6382	66.33	76.18	30.20
6383	102.08	91.00	135.33
6384	205.92	233.78	143.25
6385	400.70	418.60	367.12
6386	188.58	186.55	198.75
6387	79.00	99.49	58.52
6388	296.89	360.56	233.22
6389	192.07	215.57	150.95
6390	220.38	198.00	233.80
6391	347.93	101.13	759.27
6392	232.18	307.00	187.28
6393	180.57	147.69	220.76
6394	122.47	97.64	188.67
6395	251.50	271.75	224.50
6396	123.42	134.47	103.17
6397	186.00	198.00	169.20
6398	146.27	172.69	104.00
6399	176.95	209.96	121.93
6400	196.43	224.94	75.25
6401	177.90	153.67	214.25
6402	297.52	344.39	203.78
6403	190.62	145.31	308.42
6404	266.70	170.72	394.67
6405	274.09	297.62	211.33
6406	348.26	467.11	80.86
6407	187.78	257.55	135.45
6408	93.78	98.94	84.93
6409	350.85	331.05	387.17
6410	105.60	88.70	122.50
6411	287.67	245.00	330.33
6412	63.80	75.72	39.96
6413	101.54	92.26	134.00
6414	391.38	417.30	305.00
6415	601.94	776.75	427.12
6416	95.14	93.41	100.33
6417	57.86	70.80	36.30
6418	260.90	198.44	363.09
6419	166.45	181.37	121.67
6420	82.50	67.70	107.17
6421	64.83	72.37	55.78
6422	3235.78	4436.83	833.67
6423	297.91	261.42	337.73
6424	423.46	481.90	228.67
6425	36.85	35.90	38.40
6426	205.43	56.26	354.60
6427	312.78	331.00	290.00
6428	270.55	397.00	118.80
6429	157.22	161.67	155.00
6430	162.54	172.38	142.88
6431	151.22	117.97	184.47
6432	139.04	157.44	111.43
6433	201.54	154.84	223.33
6434	197.76	236.83	119.60
6435	484.50	478.17	494.00
6436	134.75	136.53	128.95
6437	289.66	335.36	185.21
6438	111.62	122.80	93.00
6439	258.13	253.43	265.18
6440	80.78	74.45	93.45
6441	349.15	370.29	324.50
6442	74.20	41.75	130.97
6443	94.56	81.31	120.32
6444	236.68	165.52	462.01
6445	235.55	236.93	232.33
6446	125.45	92.30	150.31
6447	204.69	211.82	189.00
6448	220.09	259.00	197.86
6449	49.98	54.00	43.27
6450	535.13	225.67	999.33
6451	328.64	361.00	187.09
6452	203.61	245.78	168.47
6453	89.97	100.19	51.65
6454	34.34	38.93	30.89
6455	211.99	262.00	128.63
6456	59.37	57.80	64.22
6457	934.79	1238.56	388.00
6458	2369.54	2537.40	2103.77
6459	463.91	559.50	209.00
6460	102.90	77.87	169.65
6461	280.47	267.61	336.17
6462	249.67	76.00	423.33
6463	219.07	253.29	105.00
6464	114.98	137.77	69.40
6465	401.80	522.17	221.25
6466	194.99	186.00	206.22
6467	73.09	83.00	63.18
6468	450.68	278.36	726.40
6469	142.99	177.80	84.97
6470	146.61	130.15	187.75
6471	80.00	86.39	66.41
6472	138.83	141.10	136.00
6473	375.71	383.50	365.33
6474	948.81	1196.75	287.63
6475	95.69	93.04	103.87
6476	244.72	298.20	191.25
6477	159.43	195.38	99.50
6478	59.37	86.00	23.87
6479	115.82	114.82	117.68
6480	119.78	113.28	131.83
6481	101.61	61.39	202.17
6482	217.11	181.17	277.00
6483	234.40	231.73	241.75
6484	327.38	208.76	683.25
6485	148.22	138.00	161.00
6486	273.43	225.19	327.23
6487	434.01	356.47	550.32
6488	194.91	186.90	230.95
6489	535.50	828.67	242.33
6490	298.05	423.82	46.50
6491	195.67	190.25	206.50
6492	344.50	411.94	164.67
6493	2104.66	1995.12	2279.92
6494	50.37	32.77	75.00
6495	133.86	148.25	114.66
6496	62.04	60.88	69.33
6497	257.92	239.45	288.71
6498	244.18	240.57	250.50
6499	171.91	224.30	154.44
6500	86.55	91.17	81.92
6501	145.71	126.75	171.00
6502	135.44	128.25	141.20
6503	130.72	151.28	58.76
6504	217.88	215.05	225.80
6505	3718.19	3559.67	3876.71
6506	231.38	324.76	126.34
6507	114.25	84.33	132.20
6508	403.23	450.25	328.00
6509	172.00	147.17	209.25
6510	116.16	111.44	124.25
6511	240.00	264.54	176.20
6512	205.65	299.33	111.97
6513	206.70	190.14	245.33
6514	218.33	271.67	165.00
6515	295.25	439.28	122.40
6516	76.11	66.08	96.16
6517	248.05	258.99	226.17
6518	225.11	390.71	119.73
6519	109.00	139.00	85.00
6520	163.17	225.39	99.50
6521	333.86	200.50	511.67
6522	87.00	137.50	26.40
6523	62.39	95.45	18.30
6524	194.82	215.75	139.00
6525	260.11	265.80	253.00
6526	142.79	126.50	187.61
6527	3098.10	1245.57	7420.67
6528	205.50	179.80	248.33
6529	43.03	47.08	37.98
6530	305.57	293.50	321.67
6531	306.89	184.40	460.00
6532	243.94	202.81	379.65
6533	381.72	545.33	27.23
6534	105.28	112.50	94.45
6535	1771.77	2289.94	541.12
6536	65.10	69.92	58.80
6537	688.90	57.23	1049.86
6538	211.30	285.28	88.00
6539	810.26	856.00	682.20
6540	237.22	213.69	315.67
6541	689.33	902.00	264.00
6542	210.86	231.25	183.67
6543	179.15	182.25	168.83
6544	413.09	217.12	525.07
6545	300.49	396.65	204.33
6546	182.37	137.84	206.65
6547	144.69	96.18	227.86
6548	182.07	240.79	35.26
6549	230.38	252.43	186.29
6550	53.39	47.52	65.13
6551	44.83	69.70	24.94
6552	159.62	186.57	128.17
6553	107.34	114.40	63.25
6554	117.12	78.40	181.67
6555	282.76	280.21	284.71
6556	183.52	206.92	127.38
6557	593.38	679.25	507.50
6558	239.82	256.60	225.83
6559	520.64	525.50	517.86
6560	167.33	132.27	216.40
6561	124.00	127.40	111.25
6562	326.57	326.75	326.33
6563	73.36	65.05	88.12
6564	204.87	190.63	226.22
6565	179.61	186.64	165.56
6566	253.55	292.60	221.00
6567	268.53	281.52	236.78
6568	357.69	409.25	311.86
6569	231.76	301.01	107.12
6570	266.99	282.72	223.72
6571	311.61	345.50	284.50
6572	96.93	84.12	113.99
6573	300.04	332.27	191.25
6574	108.27	106.36	114.67
6575	409.65	420.42	377.33
6576	347.36	396.18	266.00
6577	295.90	446.15	175.70
6578	359.78	378.14	346.93
6579	117.31	92.81	147.94
6580	126.83	164.98	80.21
6581	235.56	268.20	194.75
6582	425.67	453.40	391.00
6583	98.97	73.20	117.37
6584	843.29	1231.50	325.67
6585	753.67	1231.67	275.67
6586	149.74	153.13	131.67
6587	186.99	173.41	218.67
6588	108.44	104.39	115.86
6589	298.25	262.70	333.80
6590	255.44	287.33	159.75
6591	74.61	76.34	70.11
6592	317.80	154.96	860.60
6593	99.52	147.43	43.63
6594	925.20	447.00	1403.40
6595	129.70	45.80	213.60
6596	100.50	110.20	90.80
6597	684.70	675.33	712.80
6598	318.88	192.00	395.00
6599	1018.45	1095.00	890.87
6600	81.54	33.79	148.40
6601	203.38	213.02	170.60
6602	882.61	569.82	1169.33
6603	166.79	213.67	96.47
6604	129.64	154.78	98.22
6605	149.42	122.56	355.33
6606	207.39	236.33	120.60
6607	175.77	54.25	621.32
6608	200.98	186.23	259.97
6609	207.56	186.80	233.50
6610	189.05	191.00	178.00
6611	111.36	99.38	131.33
6612	305.76	301.92	315.00
6613	39.66	27.97	66.93
6614	281.08	266.50	304.40
6615	92.62	88.51	99.18
6616	358.68	358.79	358.33
6617	301.22	272.67	358.33
6618	449.45	436.56	501.00
6619	133.86	155.00	118.00
6620	246.82	236.83	263.96
6621	1999.65	3348.25	1100.58
6622	186.24	82.17	436.00
6623	151.67	72.00	231.33
6624	194.04	224.85	169.40
6625	273.77	254.78	321.25
6626	205.50	282.33	128.67
6627	310.54	328.00	176.72
6628	332.18	301.68	431.80
6629	207.65	206.47	212.00
6630	202.76	171.10	241.44
6631	93.54	116.56	47.50
6632	104.43	84.25	131.33
6633	265.41	248.63	312.38
6634	348.00	157.20	666.00
6635	320.40	341.14	272.00
6636	189.62	211.65	156.56
6637	327.32	273.80	407.60
6638	160.32	161.84	150.66
6639	3255.14	4237.19	112.60
6640	169.32	109.47	217.20
6641	381.13	358.58	471.33
6642	108.86	115.36	97.16
6643	268.10	250.94	365.33
6644	68.56	42.46	94.67
6645	333.48	265.17	464.85
6646	87.59	97.65	72.50
6647	213.67	269.50	102.00
6648	283.22	285.33	279.00
6649	87.75	96.90	55.73
6650	257.13	177.31	315.18
6651	413.67	473.33	234.67
6652	178.38	189.50	141.33
6653	273.27	202.62	461.67
6654	107.75	142.00	73.50
6655	158.82	12.32	403.00
6656	259.37	498.71	107.05
6657	236.59	159.43	352.33
6658	262.93	273.91	220.83
6659	434.18	335.57	606.75
6660	751.43	1401.40	251.46
6661	112.82	130.00	82.75
6662	706.85	910.56	177.20
6663	250.71	248.25	254.00
6664	184.73	108.12	261.33
6665	89.28	103.24	56.71
6666	116.18	102.50	132.60
6667	220.17	182.22	277.10
6668	183.13	153.64	271.60
6669	197.46	280.62	123.53
6670	298.00	310.25	281.67
6671	46.67	52.65	30.73
6672	48.30	47.12	57.00
6673	48.63	33.97	63.30
6674	174.88	242.36	65.22
6675	175.26	182.17	166.98
6676	211.94	210.00	221.67
6677	536.37	740.61	264.04
6678	358.08	298.57	441.40
6679	1568.14	717.67	2206.00
6680	365.25	286.22	602.33
6681	372.29	444.00	193.00
6682	348.68	335.00	358.94
6683	1019.77	940.84	1151.33
6684	822.02	1104.62	209.74
6685	574.25	602.73	511.60
6686	205.24	177.58	362.00
6687	268.23	367.50	109.40
6688	186.46	178.39	209.33
6689	503.25	563.40	403.00
6690	263.25	186.40	391.33
6691	250.11	157.33	296.50
6692	106.11	64.87	202.33
6693	106.56	57.38	125.68
6694	232.50	297.33	167.67
6695	40.31	25.74	118.00
6696	163.62	154.50	172.75
6697	264.29	303.75	211.67
6698	1138.10	1495.59	637.60
6699	178.33	225.75	140.40
6700	54.10	67.90	43.75
6701	447.18	624.42	92.71
6702	269.12	300.95	102.00
6703	345.39	362.17	311.83
6704	579.00	1175.67	221.00
6705	228.47	223.21	253.00
6706	259.13	242.56	273.62
6707	353.07	409.50	296.65
6708	208.45	194.25	247.50
6709	256.12	275.80	223.33
6710	260.09	278.61	200.80
6711	208.09	186.50	265.67
6712	182.71	231.56	97.22
6713	125.15	154.67	95.63
6714	110.56	154.60	55.50
6715	229.68	123.69	477.00
6716	108.25	84.72	121.70
6717	80.76	59.23	106.60
6718	168.73	177.25	134.67
6719	64.93	75.78	28.06
6720	150.37	156.68	146.43
6721	320.08	325.71	308.29
6722	231.87	265.25	198.50
6723	491.41	589.63	417.75
6724	291.73	251.86	361.50
6725	125.03	133.32	105.13
6726	305.55	295.25	333.00
6727	588.89	902.10	240.89
6728	1208.07	606.77	2711.33
6729	170.44	176.13	160.50
6730	311.92	256.50	422.75
6731	61.88	33.02	90.72
6732	161.90	206.00	134.77
6733	463.57	286.00	700.33
6734	143.20	155.66	107.07
6735	939.46	978.11	852.50
6736	88.93	107.77	55.95
6737	234.22	257.25	73.00
6738	382.34	549.08	132.22
6739	157.83	127.27	210.21
6740	440.78	546.83	228.67
6741	65.32	81.66	55.51
6742	124.43	127.50	120.33
6743	11.87	8.68	16.13
6744	227.04	233.95	217.00
6745	64.65	72.67	56.63
6746	277.55	254.40	547.67
6747	38.66	41.09	28.93
6748	65.44	72.91	51.85
6749	96.15	85.93	111.47
6750	1100.79	1271.21	646.33
6751	92.57	122.20	53.07
6752	491.56	501.50	471.67
6753	117.60	131.23	67.66
6754	292.00	312.67	230.00
6755	2490.74	3293.92	81.22
6756	64.08	89.20	38.97
6757	101.81	86.48	136.85
6758	104.18	48.27	132.13
6759	307.56	265.70	475.00
6760	169.18	176.85	143.99
6761	261.82	288.00	176.75
6762	519.71	559.25	467.00
6763	102.60	116.91	63.24
6764	278.63	263.95	308.00
6765	2291.26	3060.63	175.50
6766	185.85	213.71	130.15
6767	288.27	128.33	480.20
6768	391.75	389.17	393.30
6769	82.85	22.35	117.43
6770	78.16	49.17	141.94
6771	254.80	205.67	303.94
6772	237.03	245.71	216.78
6773	271.85	384.67	238.00
6774	240.20	378.00	181.14
6775	884.58	1186.02	55.63
6776	247.50	172.47	557.00
6777	75.49	64.20	84.52
6778	321.88	334.08	285.25
6779	145.05	141.80	162.18
6780	800.58	1031.75	338.25
6781	242.95	279.21	158.33
6782	86.45	88.45	84.45
6783	216.45	222.18	184.00
6784	233.46	130.92	336.00
6785	156.24	110.40	225.00
6786	222.33	208.33	236.33
6787	260.62	260.20	261.33
6788	106.08	136.78	67.70
6789	88.12	85.85	104.00
6790	122.07	92.68	173.50
6791	745.52	601.03	986.33
6792	10807.51	13276.52	1711.16
6793	387.93	338.50	420.89
6794	163.44	164.20	162.50
6795	605.40	368.40	842.40
6796	476.18	345.00	532.40
6797	535.82	498.50	547.31
6798	261.75	283.00	249.00
6799	103.19	115.90	90.47
6800	246.72	246.11	249.14
6801	530.49	550.01	498.55
6802	188.62	272.99	48.00
6803	42.37	45.85	37.72
6804	117.47	105.57	124.42
6805	94.31	99.78	80.24
6806	192.51	139.90	234.60
6807	75.14	68.33	80.25
6808	120.85	156.56	40.50
6809	76.50	13.06	139.93
6810	91.17	77.11	133.33
6811	182.75	180.25	190.25
6812	352.94	13.69	777.00
6813	127.89	261.29	27.85
6814	370.67	222.00	519.33
6815	203.37	242.61	103.09
6816	84.32	81.70	92.20
6817	1424.17	1949.24	24.00
6818	75.36	53.31	113.95
6819	219.06	223.08	208.60
6820	272.00	182.67	361.33
6821	91.10	87.57	99.33
6822	177.46	147.75	225.00
6823	329.00	224.25	468.67
6824	265.99	265.69	266.60
6825	153.68	152.66	155.52
6826	75.55	81.62	69.48
6827	119.53	96.25	128.85
6828	187.68	216.69	98.22
6829	1444.83	1035.56	2672.67
6830	76.71	111.10	33.72
6831	395.39	725.00	106.97
6832	74.43	76.08	71.80
6833	120.55	113.36	137.33
6834	188.15	176.12	208.77
6835	111.68	78.69	184.98
6836	213.80	189.60	238.00
6837	189.00	179.67	207.67
6838	106.16	110.04	89.33
6839	330.62	356.20	245.33
6840	169.98	164.02	217.67
6841	367.05	373.05	352.06
6842	187.54	165.83	199.23
6843	69.33	60.97	79.38
6844	271.60	255.00	296.50
6845	143.48	151.04	137.71
6846	46.78	41.86	73.51
6847	212.80	247.71	131.33
6848	174.88	155.45	272.00
6849	71.90	69.91	77.86
6850	240.38	266.78	180.99
6851	178.00	192.62	138.99
6852	135.67	121.47	206.67
6853	733.53	971.29	79.67
6854	247.07	217.77	325.64
6855	172.36	142.83	207.80
6856	262.48	271.00	253.96
6857	242.65	240.62	250.43
6858	54.22	66.88	36.13
6859	200.66	146.01	255.30
6860	230.53	224.60	246.33
6861	181.24	245.98	73.33
6862	50.32	57.30	45.95
6863	167.06	211.68	95.67
6864	161.56	192.17	100.33
6865	49.83	39.91	74.62
6866	343.14	467.56	156.52
6867	241.57	280.25	190.00
6868	266.00	261.40	273.67
6869	707.94	656.19	815.14
6870	273.75	301.00	228.33
6871	309.48	329.08	191.83
6872	169.38	165.88	175.00
6873	233.71	276.64	40.50
6874	220.76	156.00	269.32
6875	210.87	236.04	191.99
6876	129.88	158.78	95.20
6877	143.44	174.60	104.50
6878	826.67	1308.67	344.67
6879	285.25	332.47	105.80
6880	182.14	166.75	202.67
6881	82.69	31.75	116.65
6882	192.16	150.08	276.33
6883	1648.67	798.50	2498.83
6884	216.48	374.63	58.32
6885	98.38	80.60	128.00
6886	1588.91	1590.92	1583.88
6887	238.86	172.63	371.30
6888	565.29	661.75	436.67
6889	448.72	575.89	152.00
6890	472.25	510.40	408.67
6891	156.12	169.00	134.67
6892	279.25	332.40	190.67
6893	2068.92	3871.02	266.82
6894	5161.85	4072.79	7495.57
6895	117.00	134.00	100.00
6896	216.67	212.33	238.33
6897	114.16	117.62	107.24
6898	252.00	270.60	228.75
6899	478.50	482.75	474.25
6900	102.09	99.74	106.00
6901	127.70	130.31	125.50
6902	140.50	119.50	161.50
6903	60.13	69.80	27.90
6904	389.86	318.25	485.33
6905	289.39	304.51	248.05
6906	94.51	94.88	92.50
6907	216.87	122.63	230.33
6908	825.25	890.38	369.33
6909	341.33	305.12	371.50
6910	109.49	95.00	123.97
6911	345.16	392.69	308.95
6912	199.58	54.73	344.43
6913	236.33	153.33	319.33
6914	186.59	190.53	161.67
6915	71.29	43.00	92.50
6916	424.71	382.75	480.67
6917	145.36	148.37	132.33
6918	58.75	60.18	56.60
6919	251.45	247.38	254.17
6920	793.94	328.64	1817.60
6921	122.59	132.71	98.97
6922	254.56	149.50	324.60
6923	141.40	175.72	27.00
6924	306.29	313.52	255.67
6925	102.14	91.20	117.77
6926	295.40	244.12	346.67
6927	599.49	666.69	300.83
6928	473.43	558.72	371.08
6929	99.65	91.27	118.08
6930	75.21	55.90	109.00
6931	277.37	135.58	365.99
6932	3519.17	2400.00	4638.33
6933	383.60	89.53	677.67
6934	161.37	119.43	215.29
6935	193.41	261.25	102.97
6936	174.74	156.11	212.00
6937	317.83	277.33	358.33
6938	151.32	166.11	141.08
6939	347.78	377.85	269.60
6940	121.85	142.89	99.26
6941	91.07	89.25	100.20
6942	361.27	435.43	231.50
6943	242.49	243.77	238.67
6944	380.15	598.30	162.00
6945	247.44	257.00	239.80
6946	369.70	372.43	363.33
6947	190.14	221.12	84.80
6948	744.45	419.58	1015.17
6949	192.64	200.17	161.00
6950	106.07	120.66	86.62
6951	294.94	310.60	268.83
6952	194.38	187.51	266.50
6953	1361.50	59.33	2142.80
6954	278.50	362.71	194.29
6955	352.71	356.83	349.62
6956	59.65	118.91	6.33
6957	173.59	179.63	151.97
6958	704.64	958.33	269.74
6959	123.78	87.40	169.25
6960	187.17	165.67	208.67
6961	204.25	120.00	288.50
6962	539.49	777.60	63.26
6963	291.67	321.67	201.67
6964	94.56	90.90	99.68
6965	1019.00	1519.29	143.50
6966	213.71	178.67	240.00
6967	428.88	501.00	308.67
6968	380.38	324.40	415.38
6969	265.76	277.99	238.25
6970	585.61	630.70	456.00
6971	266.12	248.33	311.86
6972	169.58	180.12	148.48
6973	176.98	118.05	471.67
6974	116.90	125.88	89.97
6975	378.11	268.00	433.17
6976	168.25	213.71	104.60
6977	226.30	211.29	346.33
6978	448.35	678.83	171.78
6979	831.75	219.50	1094.14
6980	399.71	420.50	372.00
6981	119.66	118.50	126.00
6982	3852.66	5590.33	377.33
6983	295.14	380.25	181.67
6984	295.17	238.67	314.00
6985	175.88	180.98	165.67
6986	780.88	324.07	1504.17
6987	271.04	159.31	356.49
6988	127.53	128.16	125.00
6989	73.80	71.09	94.52
6990	191.33	156.05	308.93
6991	107.78	106.70	108.50
6992	353.42	410.33	296.50
6993	146.59	144.99	151.00
6994	1433.29	233.25	3033.33
6995	87.52	115.63	66.91
6996	151.34	107.53	326.60
6997	297.15	352.86	232.17
6998	94.30	92.46	96.37
6999	997.09	971.50	1027.80
7000	171.41	176.12	162.35
7001	203.53	137.69	256.20
7002	247.00	248.45	244.33
7003	36.30	49.20	19.10
7004	194.14	99.64	302.14
7005	135.71	109.34	179.67
7006	286.91	305.60	271.33
7007	107.37	154.80	50.46
7008	98.77	107.74	34.91
7009	474.79	183.92	765.67
7010	241.86	204.38	361.80
7011	254.00	260.88	235.67
7012	399.23	215.00	557.14
7013	558.00	708.00	348.00
7014	143.83	107.00	180.67
7015	184.50	254.00	68.67
7016	162.32	182.20	151.85
7017	195.84	181.64	247.90
7018	212.54	215.50	211.56
7019	146.50	154.17	129.25
7020	455.99	621.11	191.80
7021	2009.44	692.67	2887.29
7022	117.59	137.84	70.33
7023	145.81	90.92	241.86
7024	450.54	441.46	484.16
7025	189.45	226.49	130.18
7026	262.25	109.67	353.80
7027	108.44	91.33	142.66
7028	317.08	366.25	218.75
7029	193.92	288.33	99.50
7030	357.78	676.50	102.80
7031	260.89	305.83	171.00
7032	165.46	212.11	56.60
7033	324.14	262.00	370.75
7034	274.88	124.33	365.20
7035	611.64	229.50	754.94
7036	361.84	340.33	428.50
7037	468.69	527.20	273.67
7038	153.97	125.20	192.33
7039	969.62	658.00	1489.00
7040	62.49	43.84	124.67
7041	46.38	61.74	10.53
7042	355.53	353.00	365.67
7043	706.91	782.46	354.33
7044	210.56	247.83	136.00
7045	258.39	321.20	101.35
7046	107.17	74.20	162.13
7047	257.00	279.27	145.67
7048	42.44	38.91	50.67
7049	1486.55	4257.23	101.21
7050	104.60	77.08	139.00
7051	228.82	228.03	229.84
7052	271.28	89.09	483.83
7053	130.38	139.53	102.93
7054	338.60	205.20	472.00
7055	480.69	496.69	262.00
7056	565.56	546.00	590.00
7057	160.37	137.64	218.44
7058	929.62	1278.80	347.67
7059	318.29	331.67	308.25
7060	219.14	164.00	260.50
7061	139.73	167.23	89.33
7062	100.50	71.50	122.25
7063	110.06	84.17	181.25
7064	104.00	117.20	82.00
7065	662.78	584.50	725.40
7066	306.56	262.83	394.00
7067	264.32	262.01	283.28
7068	175.50	162.25	188.75
7069	336.95	310.27	433.00
7070	232.88	273.40	138.33
7071	211.10	119.67	333.00
7072	111.29	113.51	104.63
7073	215.57	281.33	166.25
7074	810.30	976.57	422.33
7075	270.25	322.70	123.40
7076	228.42	204.45	310.57
7077	144.95	120.27	194.31
7078	89.55	116.60	80.53
7079	93.60	107.11	68.28
7080	270.63	155.33	385.93
7081	125.20	67.25	171.56
7082	317.92	315.38	323.00
7083	1913.92	2227.47	111.00
7084	255.20	361.80	148.60
7085	393.00	270.50	447.44
7086	40.69	63.67	23.45
7087	155.72	144.27	173.53
7088	77.85	28.30	127.40
7089	152.59	177.15	95.27
7090	423.17	302.88	904.35
7091	50.75	99.18	2.31
7092	165.10	96.96	278.67
7093	15.73	18.99	12.47
7094	128.47	37.60	183.00
7095	202.82	29.53	332.79
7096	54.27	61.73	35.63
7097	211.91	161.13	328.00
7098	540.98	591.97	422.00
7099	537.72	429.23	1232.00
7100	98.20	129.20	59.45
7101	236.13	198.60	273.67
7102	39.13	40.94	37.32
7103	110.85	130.50	84.67
7104	174.15	195.00	140.80
7105	137.63	137.12	139.66
7106	288.48	308.57	188.00
7107	304.14	349.82	228.00
7108	174.92	163.78	210.58
7109	128.67	89.67	232.67
7110	249.02	288.86	129.50
7111	83.04	63.81	97.99
7112	266.44	265.33	269.75
7113	376.18	195.45	707.50
7114	148.49	149.57	147.19
7115	150.53	161.75	120.60
7116	291.13	253.28	480.40
7117	359.98	402.76	210.25
7118	150.42	187.56	117.00
7119	81.38	15.17	147.60
7120	455.17	259.21	811.45
7121	542.08	563.25	508.20
7122	310.03	369.78	130.77
7123	364.00	415.83	260.33
7124	98.36	68.88	157.33
7125	133.78	129.70	144.80
7126	107.75	148.00	67.50
7127	123.33	136.54	100.69
7128	121.62	117.84	128.25
7129	277.56	292.89	243.06
7130	132.55	137.41	116.00
7131	402.44	422.20	377.75
7132	953.22	86.00	1647.00
7133	4811.80	6287.43	1368.67
7134	429.64	933.79	127.15
7135	156.07	204.77	87.90
7136	153.52	100.89	276.33
7137	303.70	402.14	74.00
7138	641.58	633.78	664.75
7139	531.73	538.42	505.00
7140	118.04	184.85	87.67
7141	16.11	22.84	10.22
7142	140.77	89.65	243.00
7143	84.57	68.90	112.78
7144	260.07	78.37	502.33
7145	555.42	505.56	705.00
7146	291.07	312.51	249.12
7147	266.64	276.00	255.40
7148	213.71	163.31	292.11
7149	170.40	150.23	230.91
7150	245.67	262.22	220.83
7151	167.84	172.31	159.80
7152	447.33	371.20	542.50
7153	703.67	369.00	942.71
7154	581.42	599.96	544.33
7155	150.84	129.94	267.32
7156	140.50	120.78	185.56
7157	132.05	142.90	118.86
7158	166.81	104.29	338.75
7159	151.75	176.45	61.20
7160	269.86	148.10	452.50
7161	313.42	387.65	90.72
7162	106.80	102.70	109.99
7163	67.63	33.02	125.33
7164	75.82	60.60	97.12
7165	927.03	641.95	1497.20
7166	223.00	187.20	267.75
7167	236.94	266.54	181.99
7168	28.41	21.05	39.47
7169	138.84	130.91	194.35
7170	460.46	884.98	318.96
7171	2561.51	1257.27	3865.75
7172	194.31	197.47	188.00
7173	117.12	94.62	181.41
7174	248.09	205.44	401.60
7175	125.00	115.75	137.33
7176	755.00	980.80	432.43
7177	597.54	885.08	166.22
7178	96.85	27.90	179.60
7179	318.26	195.67	440.86
7180	81.84	89.09	69.33
7181	168.17	114.67	221.67
7182	483.75	559.23	156.67
7183	48.70	4.15	93.25
7184	2577.10	3636.29	105.67
7185	265.64	265.75	265.33
7186	97.53	76.88	152.60
7187	379.80	218.17	622.25
7188	90.09	66.28	140.11
7189	271.04	332.91	54.48
7190	731.60	436.27	1543.75
7191	349.38	314.20	408.00
7192	67.19	50.56	108.75
7193	244.09	301.25	91.67
7194	214.67	195.56	272.00
7195	87.59	131.60	43.58
7196	806.71	1633.67	186.50
7197	767.57	151.50	1589.00
7198	92.61	92.86	92.06
7199	133.00	96.17	188.25
7200	98.44	70.86	162.80
7201	446.43	482.50	398.33
7202	271.35	294.00	257.76
7203	192.53	206.00	138.67
7204	193.00	184.00	202.00
7205	508.26	538.86	490.42
7206	2401.75	2079.91	3496.00
7207	140.75	140.83	140.50
7208	283.23	472.27	141.45
7209	831.89	696.83	993.96
7210	108.50	69.67	147.33
7211	264.75	306.96	167.68
7212	289.47	303.50	272.64
7213	2725.97	2407.62	2943.79
7214	91.11	105.50	79.60
7215	999.86	979.21	1030.83
7216	4477.81	4277.04	4879.33
7217	681.71	996.00	446.00
7218	330.20	354.20	174.20
7219	96.10	102.65	61.72
7220	163.60	177.76	122.69
7221	226.56	215.92	254.20
7222	433.11	175.64	1154.00
7223	344.70	375.86	272.00
7224	172.13	171.29	177.56
7225	90.63	99.63	48.63
7226	441.03	514.21	99.52
7227	277.90	248.00	297.83
7228	444.32	446.03	436.06
7229	77.78	80.24	72.36
7230	137.25	152.36	118.37
7231	142.08	157.50	117.40
7232	228.16	241.75	169.27
7233	194.76	191.26	207.87
7234	122.20	133.46	65.91
7235	573.50	159.50	987.50
7236	204.50	221.68	155.83
7237	222.33	219.00	225.67
7238	324.19	339.66	294.54
7239	794.53	1465.54	123.51
7240	221.71	222.94	218.71
7241	214.73	200.00	226.52
7242	335.22	452.50	100.67
7243	126.58	148.84	74.63
7244	214.95	182.12	392.20
7245	236.27	269.71	177.75
7246	58.10	26.86	104.95
7247	181.84	206.22	149.33
7248	271.15	68.22	727.75
7249	39.98	28.41	72.40
7250	887.33	1025.08	336.33
7251	193.50	212.37	151.58
7252	162.15	168.30	141.67
7253	1031.86	1482.00	694.25
7254	2518.66	3100.59	384.92
7255	234.82	157.53	376.50
7256	95.91	61.10	174.22
7257	165.47	158.63	174.87
7258	169.55	168.74	170.56
7259	2105.99	2884.82	548.33
7260	223.88	225.18	214.33
7261	215.78	186.13	260.25
7262	252.83	270.00	201.33
7263	138.56	160.20	97.99
7264	270.47	244.50	322.40
7265	146.67	128.67	164.67
7266	267.43	301.65	199.00
7267	1051.26	1976.67	125.85
7268	398.56	561.48	276.36
7269	275.91	149.71	474.23
7270	3319.21	4557.43	2081.00
7271	355.50	426.29	256.40
7272	263.64	299.06	98.33
7273	185.16	182.74	205.33
7274	193.61	283.00	44.63
7275	484.42	524.75	350.00
7276	221.00	215.75	228.00
7277	105.08	127.96	73.62
7278	114.38	183.34	28.17
7279	161.74	113.22	210.25
7280	775.75	1022.00	365.33
7281	881.66	1464.58	153.00
7282	125.13	209.80	64.66
7283	437.66	218.97	547.00
7284	104.63	66.60	142.67
7285	342.80	366.82	322.21
7286	363.89	422.23	150.00
7287	83.33	73.30	95.86
7288	247.50	189.84	305.17
7289	330.80	390.40	271.20
7290	208.67	178.66	253.68
7291	308.28	162.74	442.62
7292	129.97	134.72	120.45
7293	90.95	108.25	77.12
7294	230.69	275.02	186.36
7295	384.08	400.74	350.75
7296	219.77	171.00	356.34
7297	239.54	228.12	257.80
7298	239.88	317.50	162.25
7299	218.43	217.75	220.26
7300	205.70	223.00	165.33
7301	483.67	429.60	551.25
7302	134.57	134.69	134.05
7303	152.75	140.22	191.48
7304	176.22	159.56	186.93
7305	116.42	76.94	141.09
7306	320.69	404.06	70.60
7307	87.00	158.33	15.67
7308	82.82	59.15	196.40
7309	296.51	295.51	301.25
7310	276.31	220.77	387.40
7311	71.14	73.40	65.87
7312	233.22	285.50	128.67
7313	514.61	547.35	34.33
7314	127.11	115.09	144.29
7315	388.33	381.33	395.33
7316	123.47	134.60	112.33
7317	176.07	245.00	124.38
7318	92.72	90.97	94.08
7319	306.55	271.25	400.67
7320	340.33	232.50	426.60
7321	246.71	268.50	217.67
7322	738.38	267.26	1471.22
7323	225.00	323.50	159.33
7324	319.17	520.67	218.42
7325	90.87	85.01	231.33
7326	336.00	422.80	191.33
7327	2871.70	4048.29	126.33
7328	326.56	185.33	609.00
7329	58.98	60.22	53.60
7330	574.33	560.10	602.80
7331	76.49	56.79	111.53
7332	167.33	177.81	160.34
7333	47.86	28.55	73.60
7334	280.38	176.75	384.00
7335	372.90	512.00	164.25
7336	523.46	609.86	422.67
7337	846.08	1233.50	458.67
7338	57.98	52.26	66.00
7339	87.50	81.00	94.00
7340	50.16	50.67	48.33
7341	115.87	138.47	70.67
7342	133.23	108.07	156.46
7343	191.81	218.00	121.97
7344	445.91	444.41	447.55
7345	218.33	313.43	135.12
7346	404.97	391.72	419.88
7347	217.03	174.85	269.75
7348	277.77	287.67	257.97
7349	213.11	218.33	210.50
7350	93.47	112.75	74.20
7351	315.32	283.80	367.87
7352	100.38	106.27	86.41
7353	197.14	266.53	93.06
7354	229.11	258.25	203.20
7355	204.28	247.42	110.80
7356	213.10	202.21	239.90
7357	244.00	225.60	274.67
7358	69.96	28.59	111.33
7359	106.41	109.35	90.56
7360	325.23	41.00	704.20
7361	280.10	291.50	263.00
7362	1036.69	457.22	2340.50
7363	2541.71	736.33	3895.75
7364	45.13	45.42	43.60
7365	229.86	211.50	254.33
7366	147.25	203.33	91.17
7367	199.12	221.16	74.23
7368	141.18	165.71	98.25
7369	208.69	219.25	191.80
7370	488.17	448.33	528.00
7371	134.86	203.75	43.00
7372	198.86	212.00	189.00
7373	158.09	169.20	129.20
7374	235.10	201.88	368.00
7375	891.50	377.33	1405.67
7376	206.69	190.62	271.00
7377	93.47	201.15	50.40
7378	146.98	159.30	122.33
7379	219.79	175.67	263.92
7380	324.89	335.33	304.00
7381	100.83	149.00	76.75
7382	110.53	103.66	117.40
7383	493.09	563.38	305.67
7384	144.88	155.00	138.80
7385	131.67	130.08	136.45
7386	145.20	117.78	264.00
7387	66.62	18.94	162.00
7388	378.69	113.00	577.95
7389	269.62	131.00	408.25
7390	145.06	131.67	165.49
7391	363.92	359.00	371.80
7392	89.40	10.47	168.33
7393	398.36	422.17	369.80
7394	30.56	28.74	32.83
7395	107.09	85.36	186.75
7396	83.58	148.67	18.49
7397	260.79	288.07	158.50
7398	402.82	474.17	317.20
7399	281.88	348.48	148.67
7400	69.67	52.33	104.35
7401	248.46	220.12	273.66
7402	65.97	63.63	69.87
7403	93.25	64.85	105.88
7404	7453.96	9040.14	792.00
7405	53.53	45.89	114.67
7406	56.85	62.20	42.60
7407	168.46	155.11	198.50
7408	152.82	177.35	107.83
7409	498.69	452.78	613.48
7410	2831.95	2653.98	3232.38
7411	186.39	75.19	241.98
7412	205.62	144.67	225.94
7413	315.33	262.00	368.67
7414	122.95	118.00	125.92
7415	292.89	352.75	245.00
7416	334.07	486.00	144.15
7417	1880.96	1851.38	2019.00
7418	424.69	436.95	408.33
7419	104.22	87.76	131.67
7420	332.29	272.33	440.20
7421	253.66	189.48	418.71
7422	56.23	44.74	111.40
7423	335.71	400.99	58.28
7424	265.57	421.00	149.00
7425	171.00	123.40	210.67
7426	533.34	503.08	585.21
7427	171.54	183.78	144.03
7428	256.64	268.00	199.83
7429	733.62	842.27	494.60
7430	374.26	391.87	308.25
7431	252.42	109.27	324.00
7432	177.80	90.93	264.67
7433	394.00	713.67	154.25
7434	129.70	116.36	192.00
7435	1768.39	1699.81	2111.25
7436	265.11	290.00	215.33
7437	248.09	255.50	228.33
7438	354.22	169.91	953.25
7439	131.85	50.83	166.57
7440	94.95	70.72	135.33
7441	199.85	196.80	220.50
7442	147.40	105.75	202.93
7443	1575.55	1909.31	17.97
7444	449.40	474.16	406.64
7445	185.50	191.00	180.00
7446	226.68	206.72	258.60
7447	510.95	423.56	790.60
7448	144.56	106.47	195.33
7449	196.53	115.80	358.00
7450	177.43	87.80	231.20
7451	808.24	645.89	1160.00
7452	339.29	323.20	379.53
7453	151.89	148.67	168.00
7454	170.85	191.28	130.00
7455	172.46	141.70	275.00
7456	130.20	123.11	174.50
7457	285.00	350.11	138.50
7458	183.59	207.86	129.00
7459	112.34	238.06	74.25
7460	122.01	131.66	116.66
7461	389.71	623.00	78.66
7462	74.53	96.59	35.92
7463	332.02	325.00	339.93
7464	181.37	176.56	197.84
7465	76.54	61.47	124.27
7466	1368.00	773.75	2047.14
7467	102.02	73.17	130.87
7468	166.89	248.75	101.40
7469	227.54	236.71	216.83
7470	256.75	273.56	235.14
7471	127.12	116.46	215.00
7472	228.31	344.20	186.91
7473	227.39	250.69	157.50
7474	343.12	405.00	281.25
7475	119.06	146.26	55.60
7476	370.38	255.16	548.97
7477	1075.53	1122.64	907.29
7478	165.88	38.96	292.80
7479	91.71	100.50	63.15
7480	809.05	1508.50	459.32
7481	127.34	181.20	91.43
7482	122.60	123.29	121.00
7483	133.87	115.96	155.36
7484	25.31	18.80	29.21
7485	164.93	172.17	149.00
7486	509.99	706.98	181.67
7487	407.78	452.25	372.20
7488	985.39	375.26	2554.29
7489	478.12	354.06	698.67
7490	218.60	245.86	155.00
7491	145.50	187.43	72.12
7492	32.07	21.18	51.68
7493	81.44	67.27	106.25
7494	330.00	329.86	332.00
7495	72.14	74.50	69.00
7496	547.12	502.80	621.00
7497	128.78	108.82	193.11
7498	210.63	232.95	166.00
7499	412.64	214.83	650.00
7500	88.25	75.51	117.97
7501	119.00	125.25	110.67
7502	140.46	134.86	147.00
7503	196.29	242.75	134.33
7504	73.69	80.33	56.00
7505	194.42	238.53	128.25
7506	99.33	102.00	98.00
7507	421.23	234.33	841.75
7508	449.14	582.00	272.00
7509	168.93	150.26	210.00
7510	205.95	288.42	82.25
7511	278.96	178.17	361.43
7512	140.28	118.17	206.60
7513	92.71	108.72	71.37
7514	250.58	310.38	131.00
7515	279.29	278.00	279.87
7516	249.17	235.00	263.33
7517	132.97	148.75	69.87
7518	304.42	360.00	165.47
7519	331.17	379.88	233.75
7520	97.15	128.23	59.86
7521	219.12	219.25	218.75
7522	252.82	218.70	301.57
7523	229.71	225.40	235.86
7524	241.09	249.65	228.25
7525	189.60	199.29	147.60
7526	378.59	387.05	361.67
7527	174.39	120.31	246.50
7528	138.22	185.60	79.00
7529	382.47	398.29	296.57
7530	319.64	244.25	520.67
7531	36.41	35.72	38.65
7532	436.79	493.55	228.67
7533	225.78	201.00	245.60
7534	151.72	143.48	201.18
7535	177.25	184.60	165.00
7536	310.89	340.33	252.00
7537	254.00	190.00	318.00
7538	559.06	613.00	505.11
7539	91.66	58.00	158.97
7540	262.75	237.80	304.33
7541	136.22	159.00	90.67
7542	23.68	36.54	2.23
7543	238.90	230.50	244.50
7544	135.86	148.33	126.50
7545	90.99	69.00	103.56
7546	73.72	28.65	118.80
7547	212.13	205.31	228.50
7548	1185.66	993.74	2145.27
7549	446.33	344.09	650.80
7550	272.98	146.36	431.25
7551	219.82	77.63	362.00
7552	164.04	178.33	128.32
7553	60.16	52.30	83.77
7554	154.67	189.67	49.67
7555	144.84	188.33	137.17
7556	233.38	122.25	344.50
7557	228.44	371.75	113.80
7558	1593.43	1414.00	1832.67
7559	45.68	43.83	47.54
7560	426.71	244.33	563.50
7561	161.97	96.66	357.93
7562	246.32	296.21	113.27
7563	131.96	129.36	138.20
7564	111.48	77.48	213.47
7565	221.71	235.25	203.67
7566	136.08	141.75	120.97
7567	182.08	188.57	173.00
7568	355.41	359.75	349.63
7569	195.59	78.18	391.27
7570	102.17	78.17	162.16
7571	235.86	129.29	342.43
7572	268.73	283.03	125.67
7573	200.03	216.73	161.05
7574	119.38	125.40	108.33
7575	165.23	200.23	60.23
7576	65.96	66.91	60.00
7577	364.10	369.29	352.00
7578	926.60	1251.00	440.00
7579	158.14	137.80	224.25
7580	349.83	196.54	963.00
7581	183.24	130.39	239.86
7582	162.53	168.04	153.33
7583	244.98	244.00	245.97
7584	155.76	206.17	80.15
7585	154.99	180.26	98.12
7586	317.94	370.67	305.77
7587	277.61	108.47	446.75
7588	679.07	768.28	360.46
7589	237.56	268.29	213.67
7590	151.75	142.87	171.75
7591	777.11	820.80	722.50
7592	271.77	400.50	46.48
7593	455.21	475.93	396.50
7594	262.75	286.22	192.33
7595	344.28	370.37	161.67
7596	143.16	152.94	99.17
7597	143.34	125.05	301.87
7598	62.01	112.80	11.22
7599	472.25	538.50	406.00
7600	426.70	457.71	354.33
7601	1433.38	472.22	3596.00
7602	372.00	514.75	181.67
7603	1266.88	1833.20	323.00
7604	36.56	34.67	38.92
7605	110.70	139.75	67.12
7606	118.93	126.12	109.33
7607	46.26	48.67	35.00
7608	59.82	44.10	91.27
7609	378.32	372.54	392.20
7610	180.76	180.76	180.75
7611	237.98	292.98	149.98
7612	145.97	114.45	188.00
7613	199.82	139.32	296.60
7614	117.99	117.24	122.00
7615	223.34	206.87	232.21
7616	192.85	216.96	152.67
7617	85.47	124.67	46.27
7618	177.28	180.74	166.40
7619	1015.76	1314.97	417.33
7620	243.37	190.40	305.17
7621	201.22	204.50	194.67
7622	152.50	83.80	266.99
7623	92.98	106.53	62.48
7624	210.26	247.66	166.63
7625	186.44	232.09	123.66
7626	113.46	113.83	112.80
7627	341.21	359.20	256.43
7628	94.22	47.33	178.60
7629	138.72	134.14	182.25
7630	195.45	202.36	176.45
7631	273.80	283.45	247.25
7632	188.57	181.00	198.67
7633	506.07	346.17	825.87
7634	159.31	168.02	128.81
7635	185.25	162.68	234.17
7636	81.29	71.38	97.16
7637	265.85	273.75	257.95
7638	138.35	187.60	56.26
7639	13.34	14.19	12.48
7640	112.97	151.50	61.60
7641	67.54	65.50	70.27
7642	2763.78	2608.27	3105.90
7643	791.47	1067.08	102.45
7644	217.48	192.93	243.92
7645	877.25	1019.20	775.86
7646	50.54	63.03	18.06
7647	98.51	85.99	109.64
7648	630.39	413.71	682.69
7649	173.06	143.61	300.67
7650	538.38	918.67	310.20
7651	1578.62	2254.80	451.67
7652	248.41	273.50	189.87
7653	432.69	488.11	308.00
7654	100.45	106.10	91.40
7655	114.31	144.43	72.16
7656	343.97	284.53	448.00
7657	135.41	140.38	125.47
7658	157.30	205.40	109.20
7659	17.03	16.18	17.35
7660	293.92	519.29	143.66
7661	268.11	295.60	130.67
7662	72.61	66.49	82.55
7663	324.83	214.33	656.33
7664	98.35	98.25	98.65
7665	190.97	227.43	125.34
7666	361.33	275.87	393.38
7667	364.56	122.60	667.00
7668	76.14	83.02	45.20
7669	141.64	161.00	90.00
7670	456.00	566.36	253.67
7671	122.44	124.67	118.00
7672	235.17	252.33	218.00
7673	218.94	210.28	239.72
7674	347.91	424.25	144.33
7675	989.48	1312.97	342.50
7676	320.88	288.00	375.67
7677	131.22	186.00	49.05
7678	24.15	25.99	19.23
7679	316.00	490.75	141.25
7680	142.83	88.51	240.60
7681	406.55	360.50	529.33
7682	727.46	1172.67	59.65
7683	943.57	766.03	1076.72
7684	152.58	104.14	378.67
7685	314.11	247.20	397.75
7686	589.64	760.86	290.00
7687	155.86	190.76	112.22
7688	55.96	65.80	26.46
7689	96.82	122.33	71.30
7690	269.56	258.00	278.80
7691	57.05	69.35	32.45
7692	752.29	1184.30	135.14
7693	164.56	133.80	203.00
7694	206.70	178.79	246.57
7695	283.09	329.29	202.25
7696	112.43	205.45	50.42
7697	187.95	227.00	148.90
7698	152.19	166.90	98.27
7699	361.17	317.80	419.00
7700	163.22	190.91	84.77
7701	883.00	988.75	601.00
7702	277.48	411.38	54.30
7703	3791.82	4579.16	1542.29
7704	97.70	136.80	19.50
7705	183.60	203.31	139.25
7706	137.78	142.08	112.00
7707	367.43	294.33	422.25
7708	181.50	218.68	112.46
7709	67.92	58.36	96.62
7710	553.02	579.23	485.33
7711	469.57	635.50	248.33
7712	219.13	206.53	279.60
7713	1108.79	1509.06	208.20
7714	436.43	460.50	404.33
7715	155.25	152.50	156.75
7716	144.29	171.33	124.00
7717	358.22	358.25	358.20
7718	1016.18	1155.12	645.67
7719	160.44	171.67	138.00
7720	344.92	244.75	395.00
7721	172.31	121.20	236.20
7722	85.07	66.36	108.45
7723	221.74	241.98	154.27
7724	195.77	195.25	197.67
7725	239.81	221.68	276.06
7726	310.18	292.89	329.62
7727	264.17	359.98	116.78
7728	428.26	428.35	428.14
7729	849.49	1031.38	258.35
7730	179.20	166.16	218.33
7731	171.40	172.86	168.00
7732	403.75	281.20	608.00
7733	126.47	171.67	117.99
7734	170.09	153.00	215.67
7735	157.72	144.90	196.17
7736	4992.58	5212.87	4359.25
7737	149.45	132.31	218.00
7738	123.75	167.73	50.43
7739	143.25	124.67	175.75
7740	164.33	188.33	116.33
7741	142.95	169.93	115.97
7742	307.71	239.44	430.60
7743	133.19	208.33	100.98
7744	317.15	304.38	361.83
7745	421.06	368.90	508.00
7746	186.19	167.01	232.20
7747	47.23	19.90	67.72
7748	196.37	180.50	203.69
7749	62.38	66.50	58.25
7750	244.50	183.00	306.00
7751	100.09	89.63	121.00
7752	634.74	573.90	817.25
7753	105.11	115.64	68.25
7754	226.32	216.51	295.00
7755	103.67	77.70	129.63
7756	348.00	416.33	279.67
7757	521.17	248.40	725.75
7758	259.75	273.80	236.33
7759	475.43	488.00	444.00
7760	153.31	101.11	231.62
7761	255.60	255.76	255.20
7762	124.24	110.25	135.44
7763	119.62	106.25	133.00
7764	409.30	370.71	430.08
7765	196.91	257.00	76.73
7766	259.20	197.80	320.60
7767	196.95	133.50	260.40
7768	133.09	92.76	183.50
7769	277.96	279.58	275.90
7770	317.46	309.31	349.27
7771	980.27	824.12	1396.67
7772	150.92	165.94	110.87
7773	172.43	192.50	145.67
7774	99.11	104.85	87.24
7775	408.86	373.45	447.80
7776	245.00	311.67	178.33
7777	463.33	432.67	524.67
7778	485.47	408.33	774.75
7779	425.27	520.25	371.00
7780	280.30	375.25	153.71
7781	486.25	649.33	363.94
7782	252.65	237.97	267.33
7783	131.15	140.41	115.71
7784	125.19	127.15	118.00
7785	49.68	61.08	35.42
7786	274.25	260.20	297.67
7787	563.83	643.89	323.67
7788	324.06	264.70	408.86
7789	126.84	121.17	132.50
7790	83.63	115.67	51.60
7791	244.04	204.07	319.00
7792	246.67	198.00	307.50
7793	405.42	398.76	413.74
7794	134.50	176.00	93.00
7795	104.45	126.50	89.75
7796	229.89	217.33	255.00
7797	107.51	100.82	121.71
7798	101.50	85.25	117.75
7799	199.58	199.30	200.50
7800	419.91	391.91	481.50
7801	479.30	421.50	566.00
7802	527.60	590.57	380.67
7803	228.07	187.00	254.20
7804	46.62	30.74	96.26
7805	201.93	139.62	285.00
7806	219.57	333.00	68.33
7807	61.55	60.05	67.43
7808	405.79	421.70	366.00
7809	63.55	70.30	52.30
7810	577.28	623.26	286.08
7811	66.62	22.67	92.99
7812	323.14	323.25	323.00
7813	284.63	285.81	281.89
7814	238.47	350.48	89.13
7815	313.62	318.97	288.67
7816	178.10	159.71	221.00
7817	194.35	209.11	155.00
7818	820.00	742.33	975.33
7819	169.19	113.52	317.67
7820	3977.00	5650.67	964.40
7821	127.57	102.38	228.33
7822	263.72	109.36	541.58
7823	121.05	124.90	119.30
7824	337.31	348.44	312.25
7825	357.62	441.50	273.75
7826	159.90	219.00	100.80
7827	164.83	167.67	162.00
7828	104.76	98.86	115.09
7829	76.12	99.35	29.66
7830	41.17	42.41	38.25
7831	110.79	116.36	104.10
7832	155.78	145.49	213.40
7833	138.17	184.30	99.73
7834	284.25	458.67	179.60
7835	495.75	598.79	255.33
7836	41.40	23.13	59.67
7837	490.34	241.33	832.73
7838	665.00	413.69	2005.33
7839	245.84	213.57	283.50
7840	342.82	312.29	364.20
7841	920.40	1380.16	345.70
7842	89.07	126.75	51.40
7843	1515.11	2194.67	156.00
7844	108.19	106.65	110.96
7845	238.78	324.50	95.90
7846	177.43	180.80	169.00
7847	103.63	110.76	80.80
7848	178.23	222.07	75.93
7849	161.18	205.03	117.33
7850	219.39	231.96	184.20
7851	3057.57	5107.75	324.00
7852	483.58	572.67	283.15
7853	83.66	67.08	103.56
7854	166.28	203.13	111.00
7855	380.39	419.79	312.86
7856	228.33	143.17	313.50
7857	260.47	257.14	269.80
7858	254.59	284.57	114.66
7859	73.97	67.30	80.63
7860	69.00	47.75	97.33
7861	129.37	146.73	80.16
7862	809.86	983.50	578.33
7863	188.57	146.00	245.33
7864	187.61	202.99	95.33
7865	305.86	185.67	396.00
7866	756.64	1087.60	572.78
7867	175.93	119.66	294.10
7868	760.64	735.43	804.75
7869	433.82	328.00	560.80
7870	333.06	320.75	370.00
7871	271.52	323.57	121.88
7872	314.11	336.68	207.71
7873	238.12	234.60	244.00
7874	631.59	717.00	403.83
7875	291.48	317.77	248.75
7876	89.06	49.40	138.63
7877	154.50	81.67	227.33
7878	102.43	104.68	94.93
7879	214.62	261.26	39.72
7880	665.45	709.92	601.22
7881	395.62	239.12	499.95
7882	471.94	503.62	334.67
7883	185.56	217.22	143.33
7884	443.78	418.20	475.75
7885	963.26	456.55	1469.98
7886	81.86	86.78	77.56
7887	464.54	406.22	595.75
7888	187.56	201.63	161.63
7889	207.92	178.83	237.00
7890	214.85	185.45	244.25
7891	289.08	294.50	264.67
7892	141.06	111.13	163.51
7893	2521.00	2987.20	1744.00
7894	151.75	65.63	203.42
7895	23.49	24.60	22.70
7896	651.68	564.83	808.00
7897	108.53	106.17	113.27
7898	657.67	18.66	2148.70
7899	441.00	711.00	171.00
7900	904.17	1180.33	628.00
7901	247.17	243.03	264.75
7902	104.17	117.23	55.18
7903	151.83	86.00	217.67
7904	338.91	393.25	307.86
7905	213.64	267.12	71.00
7906	269.36	293.88	204.00
7907	93.49	76.26	105.55
7908	266.50	315.21	208.05
7909	285.50	60.66	510.33
7910	162.25	210.30	93.61
7911	68.93	72.42	63.35
7912	160.00	95.33	224.67
7913	95.64	47.48	159.87
7914	127.24	191.00	88.98
7915	71.02	46.93	78.24
7916	278.55	253.00	299.83
7917	163.57	179.37	134.59
7918	127.50	114.06	163.33
7919	251.00	196.29	378.67
7920	32.31	61.40	3.21
7921	132.13	108.71	169.60
7922	162.00	163.38	159.25
7923	264.28	226.80	451.67
7924	215.34	209.84	221.44
7925	151.95	118.62	171.00
7926	162.91	202.57	93.50
7927	199.39	216.70	183.66
7928	49.97	41.64	79.12
7929	211.64	173.67	225.88
7930	377.67	441.33	314.00
7931	165.31	103.10	269.00
7932	291.24	284.06	334.33
7933	360.57	374.20	353.00
7934	507.90	936.36	25.89
7935	621.17	785.00	457.33
7936	91.25	120.32	21.46
7937	85.98	76.16	105.60
7938	184.00	203.50	164.50
7939	69.76	73.36	56.57
7940	258.55	203.44	296.69
7941	38.15	41.43	31.60
7942	335.00	347.55	300.50
7943	260.03	249.73	298.29
7944	102.95	91.76	125.33
7945	211.29	252.33	180.50
7946	316.02	314.97	322.33
7947	301.43	393.50	178.67
7948	541.33	875.25	274.20
7949	512.40	546.17	461.75
7950	888.10	904.28	698.00
7951	84.01	68.40	129.54
7952	190.43	166.60	250.00
7953	1037.43	1029.00	1048.67
7954	77.54	84.22	72.19
7955	153.33	161.33	145.33
7956	291.78	289.67	296.00
7957	279.50	190.28	348.89
7958	37.84	30.47	46.68
7959	324.09	369.50	203.00
7960	189.91	120.62	282.30
7961	183.30	275.00	91.60
7962	169.31	128.97	189.48
7963	208.29	193.57	281.89
7964	78.19	49.43	106.96
7965	54.06	57.48	43.23
7966	203.38	217.86	180.20
7967	184.52	144.61	213.54
7968	190.67	163.50	212.40
7969	512.09	614.22	428.53
7970	146.25	174.60	98.99
7971	416.70	378.86	505.00
7972	283.56	212.45	568.00
7973	379.75	204.20	672.33
7974	79.33	118.26	40.40
7975	451.86	488.00	424.75
7976	86.74	69.47	109.76
7977	84.45	79.15	90.28
7978	189.95	250.57	161.66
7979	209.53	204.18	224.25
7980	128.68	41.52	281.20
7981	5983.38	5913.50	6216.33
7982	259.71	277.69	235.75
7983	199.62	160.40	265.00
7984	213.50	242.20	197.56
7985	183.00	192.00	174.00
7986	276.50	351.00	202.00
7987	210.12	219.50	207.30
7988	182.08	161.77	227.80
7989	100.72	106.45	95.00
7990	163.33	231.67	95.00
7991	104.98	85.63	134.00
7992	346.58	225.86	388.84
7993	131.28	135.44	117.85
7994	1630.18	2435.64	153.50
7995	357.21	365.10	337.50
7996	267.25	281.85	194.25
7997	231.62	107.77	479.33
7998	99.97	108.79	83.27
7999	104.70	76.62	132.78
8000	123.96	168.75	79.17
8001	53.40	56.70	49.00
8002	138.27	136.25	143.67
8003	355.67	374.67	336.67
8004	112.74	129.27	40.02
8005	160.81	177.28	115.50
8006	128.72	81.05	289.62
8007	94.51	32.70	176.92
8008	348.88	282.69	503.33
8009	645.25	1166.11	310.41
8010	65.85	64.69	68.58
8011	108.50	75.97	132.90
8012	79.38	75.85	82.20
8013	292.50	346.64	75.92
8014	204.89	209.29	189.50
8015	165.31	168.80	129.80
8016	253.95	380.33	234.00
8017	184.88	192.83	170.56
8018	76.50	65.40	95.00
8019	295.83	313.11	275.31
8020	875.94	819.81	976.98
8021	142.14	142.06	142.33
8022	243.76	165.36	341.75
8023	65.06	57.71	79.75
8024	157.00	214.60	115.86
8025	257.29	227.04	342.00
8026	251.14	218.25	295.00
8027	192.30	214.83	158.50
8028	238.86	240.11	236.60
8029	188.41	168.66	222.97
8030	245.21	266.47	218.65
8031	133.88	135.33	130.25
8032	55.69	66.79	44.60
8033	158.23	202.93	46.50
8034	850.51	1625.67	75.35
8035	308.59	314.85	273.56
8036	127.90	131.14	101.97
8037	128.43	92.00	155.75
8038	131.26	131.36	131.00
8039	179.29	212.75	134.67
8040	63.97	56.47	88.97
8041	184.97	151.27	218.67
8042	119.50	123.29	110.97
8043	1340.07	240.45	4364.00
8044	221.40	259.40	130.20
8045	233.64	244.31	191.00
8046	112.31	108.74	115.09
8047	872.50	195.50	1173.39
8048	2145.17	1151.56	5126.00
8049	566.16	705.01	103.33
8050	84.54	77.36	103.67
8051	890.14	174.00	1085.45
8052	860.11	926.21	655.82
8053	263.00	347.20	192.83
8054	2443.00	2472.33	2421.00
8055	3395.55	4475.40	1081.57
8056	312.88	251.00	350.00
8057	120.58	126.97	116.92
8058	445.30	417.88	481.15
8059	234.86	258.90	192.32
8060	344.32	364.85	244.57
8061	9726.83	11702.38	5211.29
8062	164.89	181.50	104.00
8063	182.22	184.83	177.00
8064	62.49	72.47	51.08
8065	247.12	326.40	115.00
8066	212.40	178.09	315.33
8067	449.85	351.56	671.00
8068	23.33	12.00	46.00
8069	164.67	182.67	110.67
8070	38.27	48.77	27.77
8071	857.38	854.92	864.75
8072	248.45	271.65	198.71
8073	210.17	209.52	211.60
8074	137.31	146.30	122.33
8075	314.62	385.75	243.50
8076	259.37	269.25	210.00
8077	150.66	155.67	140.66
8078	393.43	347.50	454.67
8079	80.18	57.13	137.82
8080	420.83	509.33	332.33
8081	134.86	104.75	175.00
8082	241.78	253.33	218.67
8083	253.43	279.50	218.67
8084	592.67	541.67	643.67
8085	197.47	196.45	198.88
8086	366.81	73.04	895.60
8087	124.00	92.71	190.50
8088	703.50	852.20	455.67
8089	365.14	366.57	357.00
8090	222.99	132.97	313.00
8091	276.30	297.61	176.83
8092	51.81	38.04	82.78
8093	89.13	89.00	89.22
8094	165.18	169.70	163.07
8095	81.77	68.33	88.48
8096	278.38	189.25	367.50
8097	345.30	192.20	498.40
8098	115.67	126.62	95.60
8099	1248.20	1925.17	232.75
8100	272.35	288.14	198.67
8101	165.34	177.10	153.57
8102	168.78	196.75	140.80
8103	49.83	35.00	64.67
8104	321.21	316.17	339.67
8105	2794.68	9431.17	698.95
8106	535.59	490.00	645.00
8107	1799.14	1517.57	2080.71
8108	301.46	282.68	423.50
8109	210.71	185.50	244.33
8110	117.83	65.33	170.33
8111	325.17	299.05	499.33
8112	230.19	184.36	321.87
8113	150.26	120.67	172.45
8114	74.78	52.00	93.00
8115	317.57	170.67	427.75
8116	80.48	72.30	88.67
8117	284.39	259.90	303.98
8118	501.71	636.20	427.00
8119	224.10	411.00	144.00
8120	138.71	127.32	150.09
8121	368.43	377.22	352.60
8122	48.40	34.74	66.60
8123	276.33	346.00	206.67
8124	66.22	54.46	89.00
8125	122.92	111.31	149.99
8126	155.11	116.67	232.00
8127	127.75	155.18	100.32
8128	425.48	746.97	103.99
8129	333.03	484.93	181.13
8130	187.00	191.00	183.00
8131	263.33	234.79	363.25
8132	206.90	220.29	161.36
8133	190.63	276.96	85.11
8134	74.78	143.67	5.90
8135	78.84	81.74	67.25
8136	244.94	270.92	132.33
8137	557.44	598.40	538.82
8138	545.00	391.33	660.25
8139	3064.36	448.88	10039.00
8140	206.22	236.80	168.00
8141	230.65	436.79	70.31
8142	131.85	123.57	179.50
8143	56.38	30.88	107.40
8144	251.83	270.83	232.82
8145	226.17	75.86	419.43
8146	115.34	143.39	66.25
8147	45.19	25.53	56.98
8148	167.50	161.62	179.25
8149	185.04	276.00	164.04
8150	160.56	140.48	192.70
8151	121.78	160.76	89.30
8152	229.52	241.58	219.87
8153	466.79	144.14	1066.00
8154	134.62	101.00	149.56
8155	275.00	438.00	177.20
8156	190.95	241.77	119.80
8157	276.32	248.94	349.33
8158	177.83	131.00	224.67
8159	165.95	210.20	92.20
8160	222.82	181.09	299.33
8161	122.89	126.60	118.25
8162	458.38	531.93	252.43
8163	76.28	74.40	81.42
8164	410.71	321.33	477.75
8165	409.52	426.62	354.80
8166	468.10	359.24	794.67
8167	186.64	153.36	286.48
8168	691.24	997.09	461.85
8169	149.17	147.81	153.25
8170	94.09	120.00	55.23
8171	194.71	169.50	228.33
8172	242.09	207.42	461.67
8173	228.50	274.60	151.67
8174	212.12	203.00	227.33
8175	159.30	195.67	127.47
8176	134.00	218.72	66.21
8177	64.31	57.25	85.50
8178	105.67	100.33	112.54
8179	198.86	173.64	271.37
8180	151.85	173.73	120.03
8181	277.61	294.73	231.49
8182	369.50	86.67	652.33
8183	242.20	230.75	255.07
8184	124.14	178.67	109.27
8185	377.94	329.58	464.99
8186	15.05	14.71	15.65
8187	146.77	93.43	431.27
8188	202.24	192.04	253.25
8189	514.36	366.07	676.13
8190	327.71	433.25	187.00
8191	504.33	720.87	169.68
8192	166.00	119.67	200.75
8193	121.65	123.92	114.25
8194	115.74	134.05	105.28
8195	472.57	413.00	552.00
8196	169.75	126.00	220.79
8197	210.86	286.25	110.33
8198	51.77	41.19	59.70
8199	202.40	209.53	197.18
8200	256.57	205.00	325.33
8201	111.12	109.65	114.96
8202	340.00	301.67	378.33
8203	121.34	123.85	113.67
8204	71.87	60.24	99.00
8205	133.83	171.33	105.70
8206	285.86	342.23	79.17
8207	253.66	255.67	249.65
8208	561.79	392.30	682.86
8209	174.85	112.27	212.40
8210	22.61	22.10	23.30
8211	293.44	360.25	240.00
8212	271.52	218.46	357.75
8213	208.42	249.20	167.64
8214	97.07	80.50	141.27
8215	245.38	261.50	218.50
8216	199.15	191.84	204.83
8217	133.25	128.10	138.97
8218	2252.14	3814.00	169.67
8219	46.47	58.49	38.46
8220	207.50	284.40	79.33
8221	454.85	526.87	123.60
8222	1640.08	1749.49	1448.62
8223	217.29	133.75	328.67
8224	91.94	129.30	77.93
8225	491.67	500.22	466.00
8226	866.45	283.57	1886.47
8227	486.90	504.80	469.00
8228	113.69	198.40	45.92
8229	937.17	759.33	1115.00
8230	173.60	169.75	179.37
8231	114.31	100.34	123.04
8232	749.33	893.67	605.00
8233	141.29	83.00	185.00
8234	306.11	296.40	318.25
8235	132.47	114.33	159.67
8236	6090.99	7713.45	142.00
8237	78.23	49.28	126.49
8238	818.78	705.33	1045.67
8239	375.56	375.17	376.75
8240	396.00	376.25	422.33
8241	99.95	90.08	109.83
8242	396.00	400.17	387.67
8243	99.09	108.84	80.88
8244	202.14	209.00	197.00
8245	448.00	648.67	297.50
8246	240.75	133.29	324.33
8247	44.71	48.05	36.93
8248	185.29	182.14	188.97
8249	1129.11	174.50	3038.33
8250	92.86	66.98	136.00
8251	226.89	194.50	291.67
8252	106.51	105.41	108.44
8253	207.49	238.53	67.83
8254	685.75	1186.18	207.09
8255	3459.22	4745.88	600.00
8256	165.72	136.84	216.25
8257	151.22	200.27	28.59
8258	189.13	239.87	143.46
8259	140.87	94.72	177.78
8260	310.73	225.87	565.33
8261	280.93	232.62	336.14
8262	322.62	295.27	382.80
8263	258.81	261.50	254.33
8264	260.62	314.60	170.67
8265	355.45	288.12	535.00
8266	81.69	53.70	119.00
8267	126.77	155.53	94.41
8268	342.97	226.62	486.15
8269	536.00	446.17	715.67
8270	84.47	112.66	42.18
8271	188.50	229.33	147.67
8272	168.08	188.00	153.86
8273	170.55	122.79	282.00
8274	74.49	71.63	76.20
8275	277.29	313.16	191.20
8276	33.24	37.56	29.71
8277	158.31	144.83	165.05
8278	169.98	110.40	309.00
8279	318.91	272.29	400.50
8280	110.25	143.75	76.75
8281	226.00	228.50	222.43
8282	99.80	105.67	93.93
8283	209.29	244.57	161.41
8284	244.43	257.07	206.52
8285	192.37	229.47	147.85
8286	124.19	138.61	37.66
8287	80.75	77.67	83.83
8288	86.48	109.03	60.54
8289	108.71	87.72	122.71
8290	223.90	208.87	238.93
8291	102.27	99.21	111.47
8292	142.45	147.85	122.20
8293	151.56	138.58	190.50
8294	598.07	787.78	256.60
8295	195.02	203.67	154.67
8296	192.79	232.44	120.10
8297	207.19	215.51	198.86
8298	147.69	161.00	134.38
8299	477.66	177.88	702.50
8300	99.44	110.17	78.00
8301	127.44	115.78	171.74
8302	144.00	93.25	211.67
8303	212.01	231.08	158.60
8304	106.07	122.43	51.53
8305	47.06	62.75	34.50
8306	359.88	332.60	405.33
8307	222.22	290.38	113.17
8308	51.79	19.73	61.66
8309	695.43	1526.00	72.50
8310	311.17	288.30	431.25
8311	1293.29	1433.50	1106.33
8312	349.06	312.67	458.25
8313	550.17	288.33	812.00
8314	345.11	316.61	391.93
8315	236.58	186.75	286.40
8316	200.00	91.33	308.67
8317	148.94	94.55	296.57
8318	360.00	416.53	148.00
8319	942.50	297.29	2448.00
8320	2292.07	3222.00	199.72
8321	151.59	162.48	129.82
8322	191.04	179.00	234.40
8323	403.57	542.66	79.03
8324	806.44	883.50	652.33
8325	71.45	78.61	52.37
8326	384.40	477.14	168.00
8327	151.67	100.67	202.67
8328	127.73	160.40	104.40
8329	542.75	779.78	238.00
8330	263.81	204.41	323.20
8331	151.67	57.54	387.00
8332	259.78	316.49	101.00
8333	58.62	57.11	61.34
8334	247.21	236.77	269.83
8335	131.59	154.13	97.78
8336	240.71	227.57	302.00
8337	99.47	65.00	120.16
8338	73.08	59.08	96.43
8339	123.10	129.36	110.58
8340	180.90	288.62	37.27
8341	128.97	133.65	123.36
8342	214.11	253.70	183.31
8343	3225.83	2342.25	4993.00
8344	89.98	77.63	102.33
8345	148.45	102.26	217.73
8346	42.71	42.96	41.61
8347	898.86	778.67	989.00
8348	139.58	92.33	218.33
8349	137.25	44.63	248.40
8350	179.50	155.25	203.75
8351	382.45	319.50	458.00
8352	131.70	107.33	149.97
8353	82.70	63.17	98.32
8354	369.42	434.89	173.00
8355	635.18	455.33	702.62
8356	228.56	182.80	285.75
8357	136.73	103.73	154.19
8358	540.25	480.94	619.33
8359	169.99	154.32	193.50
8360	343.44	358.00	314.33
8361	229.07	248.30	181.00
8362	237.07	271.80	167.60
8363	224.15	233.59	211.56
8364	168.33	174.23	145.91
8365	267.00	255.40	281.50
8366	99.55	107.72	91.38
8367	101.72	137.93	65.50
8368	140.01	145.98	123.81
8369	267.69	303.12	167.30
8370	266.86	346.00	161.33
8371	55.85	49.11	67.65
8372	249.75	240.63	295.33
8373	35.95	39.46	31.27
8374	188.31	173.94	208.86
8375	151.45	134.30	164.31
8376	1659.45	506.57	4733.80
8377	719.86	156.81	1415.38
8378	370.31	352.55	392.50
8379	322.50	421.80	157.00
8380	68.85	95.90	41.80
8381	217.12	155.00	254.40
8382	191.65	177.32	214.56
8383	36.46	62.00	10.91
8384	377.67	331.50	414.60
8385	323.54	303.46	429.00
8386	218.26	227.00	214.99
8387	176.51	89.00	215.40
8388	1689.47	1959.64	946.50
8389	242.54	313.00	148.58
8390	410.69	455.30	262.00
8391	163.29	205.33	131.75
8392	243.45	235.98	249.67
8393	230.03	238.43	222.33
8394	164.52	206.62	142.07
8395	211.29	225.25	192.67
8396	293.98	286.43	299.26
8397	184.63	187.57	181.21
8398	292.38	270.78	320.14
8399	253.05	174.92	398.14
8400	614.86	660.00	554.67
8401	440.33	352.60	550.00
8402	258.12	251.33	274.40
8403	109.42	77.83	141.00
8404	43.06	46.25	37.96
8405	1995.80	1763.67	2924.33
8406	145.35	142.27	157.67
8407	281.29	114.63	475.73
8408	158.72	161.82	152.50
8409	313.91	381.12	134.67
8410	106.61	105.58	108.92
8411	436.51	346.25	684.75
8412	419.00	474.14	363.86
8413	159.90	136.00	215.67
8414	536.17	756.72	242.10
8415	1120.60	1158.71	1031.67
8416	162.42	108.25	270.75
8417	351.75	265.00	438.50
8418	172.00	150.50	200.67
8419	149.57	155.06	143.41
8420	215.36	158.50	283.60
8421	485.71	655.75	259.00
8422	128.81	171.00	72.55
8423	312.99	256.25	388.63
8424	123.65	154.20	77.83
8425	146.19	156.14	138.44
8426	542.82	561.47	443.33
8427	426.00	450.20	345.33
8428	775.97	929.22	710.29
8429	138.70	144.88	130.47
8430	215.08	226.04	152.06
8431	23.81	18.82	29.80
8432	97.34	77.07	144.63
8433	806.00	1045.14	248.00
8434	227.59	173.00	282.18
8435	277.80	185.60	312.38
8436	223.44	211.50	247.33
8437	199.72	224.32	178.01
8438	179.24	148.88	250.79
8439	110.26	113.61	104.40
8440	41.53	69.73	13.33
8441	109.38	100.46	139.13
8442	182.57	153.40	198.78
8443	76.06	81.00	73.10
8444	202.08	85.54	474.00
8445	50.92	40.45	82.33
8446	462.57	641.00	224.67
8447	108.94	137.60	95.91
8448	24.43	40.57	8.30
8449	139.41	98.17	162.97
8450	291.49	143.86	481.29
8451	1035.75	1187.33	581.00
8452	542.47	402.50	702.43
8453	129.67	116.54	139.88
8454	201.88	190.83	235.00
8455	367.00	467.25	286.80
8456	243.61	251.47	204.33
8457	180.91	206.06	113.83
8458	304.18	287.00	362.58
8459	287.50	259.37	345.41
8460	1111.77	2101.84	121.69
8461	40.65	45.29	37.16
8462	235.82	190.67	252.75
8463	518.74	245.38	1143.57
8464	210.46	190.65	258.57
8465	64.05	61.28	69.48
8466	192.41	164.63	216.21
8467	34.58	31.97	39.80
8468	114.02	70.16	187.11
8469	435.43	711.67	228.25
8470	267.29	288.59	203.38
8471	328.08	180.00	476.17
8472	104.13	84.23	132.00
8473	152.62	119.71	191.00
8474	461.75	723.40	25.67
8475	355.10	410.41	189.17
8476	173.43	78.09	306.90
8477	225.00	127.67	322.33
8478	642.82	789.88	250.67
8479	189.38	217.60	142.33
8480	138.39	81.31	182.78
8481	159.78	160.67	158.00
8482	542.23	533.57	585.54
8483	116.51	127.92	101.30
8484	196.00	81.60	386.67
8485	186.12	201.77	118.33
8486	289.14	283.19	305.00
8487	505.58	673.12	170.50
8488	236.22	260.00	188.67
8489	345.37	240.50	393.77
8490	178.97	197.56	160.38
8491	595.12	775.87	401.91
8492	182.80	185.00	177.67
8493	351.19	308.42	479.50
8494	84.04	95.06	54.67
8495	651.46	581.18	823.27
8496	108.97	156.47	61.48
8497	206.44	261.23	60.33
8498	96.43	84.00	121.30
8499	269.50	223.67	315.33
8500	897.89	1159.25	449.86
8501	182.50	199.10	161.75
8502	224.83	268.48	93.88
8503	253.36	253.16	254.00
8504	236.79	260.19	190.00
8505	278.36	324.40	201.63
8506	206.92	196.17	217.67
8507	199.75	229.00	112.00
8508	146.02	152.37	78.30
8509	140.17	142.76	130.67
8510	153.17	185.85	87.80
8511	296.06	271.24	392.24
8512	981.17	1049.78	775.33
8513	187.79	193.64	179.75
8514	192.55	188.40	197.75
8515	116.16	89.01	137.48
8516	591.95	242.23	1407.97
8517	649.31	806.00	388.17
8518	1569.72	1767.05	103.86
8519	159.49	201.58	75.30
8520	199.55	220.71	162.50
8521	153.53	151.89	163.77
8522	1175.72	795.03	2054.23
8523	33.01	24.52	43.62
8524	86.21	126.87	29.28
8525	158.74	168.63	89.50
8526	383.29	344.67	412.25
8527	185.08	258.20	139.37
8528	447.64	358.00	498.86
8529	134.42	138.80	125.67
8530	171.55	130.32	240.26
8531	251.61	199.46	268.99
8532	278.67	395.67	161.67
8533	67.60	57.05	95.42
8534	172.00	143.33	208.86
8535	118.61	139.80	90.35
8536	207.88	221.50	194.25
8537	465.00	613.33	353.75
8538	170.00	175.62	163.57
8539	231.00	238.00	224.00
8540	499.48	631.60	279.27
8541	328.50	187.90	562.83
8542	282.29	138.75	473.67
8543	58.34	61.40	54.27
8544	225.00	225.14	224.66
8545	192.81	83.33	265.79
8546	235.00	293.25	188.40
8547	117.64	120.30	111.00
8548	382.80	369.85	408.09
8549	43.14	35.57	50.70
8550	152.54	143.25	156.67
8551	129.00	162.50	106.67
8552	1908.64	1395.52	2763.83
8553	113.60	88.19	128.11
8554	205.83	218.57	176.11
8555	207.63	192.62	237.65
8556	546.50	850.50	242.50
8557	275.62	210.20	384.67
8558	1039.07	1404.40	125.75
8559	282.56	169.67	508.33
8560	169.86	176.78	158.33
8561	984.78	1069.67	815.00
8562	1142.41	85.50	2199.33
8563	143.50	154.67	132.33
8564	141.52	196.20	73.17
8565	178.00	192.71	67.70
8566	479.86	672.33	335.50
8567	139.33	139.58	137.33
8568	114.30	115.00	113.60
8569	333.80	315.86	375.67
8570	1384.00	583.25	2184.75
8571	161.55	87.88	235.22
8572	304.31	287.54	327.38
8573	159.76	160.47	158.88
8574	193.49	187.64	213.40
8575	151.17	176.29	135.18
8576	274.88	393.30	97.25
8577	60.51	60.71	60.15
8578	204.77	375.33	68.32
8579	267.73	362.00	126.32
8580	87.52	98.91	74.34
8581	734.80	1088.44	204.33
8582	561.64	408.33	1021.56
8583	159.44	184.98	137.54
8584	60.31	49.82	70.80
8585	62.00	51.03	78.45
8586	161.60	219.75	103.45
8587	84.13	60.48	115.67
8588	335.61	374.79	268.43
8589	93.34	51.50	126.82
8590	139.77	148.13	127.22
8591	185.38	133.92	236.83
8592	106.39	103.78	116.20
8593	49.95	55.30	24.53
8594	449.63	177.05	1335.50
8595	278.16	420.28	88.67
8596	249.25	165.80	388.33
8597	42.80	39.00	46.60
8598	21.56	13.00	32.98
8599	396.67	461.00	268.00
8600	253.57	220.50	297.67
8601	47.29	51.98	42.60
8602	126.73	204.50	48.97
8603	312.87	354.83	145.00
8604	385.90	391.25	364.50
8605	159.27	162.85	146.51
8606	162.14	236.00	63.67
8607	174.34	215.99	85.85
8608	235.64	277.50	184.49
8609	486.39	831.00	26.90
8610	203.83	148.67	259.00
8611	1730.91	2132.00	661.33
8612	125.06	150.72	76.95
8613	155.10	116.16	213.50
8614	344.11	326.40	366.25
8615	68.13	59.10	86.20
8616	405.89	480.38	316.50
8617	258.49	116.67	343.58
8618	167.45	208.50	143.99
8619	162.81	172.17	154.79
8620	361.64	388.17	329.80
8621	527.98	568.03	439.87
8622	448.83	689.00	208.67
8623	242.11	295.00	215.67
8624	155.56	117.67	231.33
8625	1065.64	1658.25	275.50
8626	194.89	185.41	225.24
8627	100.45	116.09	53.53
8628	333.00	144.25	584.67
8629	157.06	94.00	194.90
8630	918.00	1049.22	524.33
8631	201.88	164.19	262.20
8632	309.29	177.50	485.00
8633	3931.90	4460.90	2344.90
8634	926.75	338.19	1613.42
8635	340.50	331.77	350.98
8636	175.44	124.39	249.68
8637	255.86	277.72	157.50
8638	239.53	180.16	358.26
8639	390.31	415.67	314.25
8640	480.90	549.88	136.00
8641	343.71	462.00	255.00
8642	138.58	146.32	115.33
8643	161.75	160.33	163.17
8644	83.09	97.40	64.00
8645	167.93	168.00	167.88
8646	118.44	117.42	120.75
8647	181.33	172.00	190.67
8648	265.62	279.50	251.75
8649	211.39	132.60	309.88
8650	154.36	175.29	117.75
8651	200.60	164.04	260.00
8652	186.43	170.33	198.50
8653	2234.86	296.75	4819.00
8654	135.10	161.40	91.26
8655	255.48	263.83	200.40
8656	110.97	109.24	114.03
8657	336.38	382.80	259.00
8658	61.13	101.67	20.60
8659	108.83	95.00	122.67
8660	371.58	435.38	244.00
8661	1115.71	1309.25	1018.94
8662	202.37	90.99	388.00
8663	378.99	235.98	557.75
8664	98.10	92.97	102.20
8665	255.36	316.00	182.60
8666	1360.82	1825.12	122.67
8667	382.38	327.34	614.78
8668	140.71	129.55	174.18
8669	113.22	113.00	113.50
8670	116.95	142.12	75.02
8671	421.83	301.33	542.33
8672	345.82	369.86	303.75
8673	30.66	37.38	1.53
8674	621.00	148.25	1251.33
8675	229.68	55.93	360.00
8676	144.50	133.70	227.33
8677	199.22	190.80	209.75
8678	260.85	82.00	439.70
8679	135.42	132.13	142.00
8680	367.56	472.33	288.98
8681	100.21	110.49	56.49
8682	131.80	130.21	133.82
8683	108.15	124.68	66.83
8684	45.22	42.62	52.99
8685	181.68	107.62	354.50
8686	109.21	119.42	99.00
8687	68.01	81.80	40.44
8688	346.31	378.23	208.00
8689	108.18	86.56	158.63
8690	81.47	50.95	96.72
8691	795.11	1268.60	203.25
8692	143.17	135.00	151.33
8693	82.72	98.56	62.92
8694	210.36	229.05	126.25
8695	3809.23	3806.60	3818.00
8696	627.54	600.21	937.33
8697	225.22	226.60	219.11
8698	18292.62	215.97	24318.17
8699	202.33	184.20	225.00
8700	207.53	215.96	148.50
8701	43.40	37.67	52.00
8702	238.55	208.72	278.33
8703	248.23	223.85	362.00
8704	508.14	622.50	355.67
8705	968.03	473.23	1648.38
8706	345.00	487.07	139.78
8707	218.86	240.44	161.33
8708	80.56	51.97	120.58
8709	356.11	456.50	155.33
8710	232.46	165.75	250.25
8711	376.22	408.00	336.50
8712	45.38	49.22	40.26
8713	450.64	535.12	225.33
8714	613.67	403.33	1034.33
8715	60.24	69.85	26.63
8716	575.28	521.85	664.33
8717	393.50	262.00	788.00
8718	321.18	526.50	134.53
8719	483.12	362.20	684.67
8720	218.61	347.38	75.53
8721	73.78	80.05	48.70
8722	456.93	477.00	425.39
8723	94.31	27.40	144.50
8724	227.93	306.58	114.33
8725	263.75	236.25	291.25
8726	222.10	237.64	149.61
8727	245.80	247.40	244.20
8728	528.15	762.54	200.00
8729	160.68	151.42	191.26
8730	142.47	139.45	148.00
8731	174.54	222.70	110.33
8732	703.08	1731.93	85.76
8733	262.75	196.66	378.41
8734	405.85	314.43	512.50
8735	354.64	333.92	377.08
8736	562.75	621.88	444.50
8737	117.74	121.97	113.50
8738	221.50	258.33	184.67
8739	105.64	88.63	139.67
8740	153.78	168.25	144.13
8741	269.42	262.88	282.50
8742	72.90	66.53	92.00
8743	50.24	46.47	70.33
8744	192.83	231.61	87.57
8745	39.97	51.18	28.76
8746	354.33	358.25	351.20
8747	249.67	172.00	327.33
8748	150.62	133.95	170.47
8749	127.00	126.60	127.50
8750	200.67	242.60	148.25
8751	247.71	196.06	296.63
8752	953.29	1027.75	854.00
8753	950.60	1262.33	483.00
8754	334.86	426.25	213.00
8755	281.68	298.64	243.50
8756	62.69	54.07	72.75
8757	775.33	523.67	1278.67
8758	295.11	120.33	426.19
8759	2444.72	2932.66	102.60
8760	165.99	142.08	237.72
8761	240.92	87.38	326.22
8762	325.50	298.00	371.33
8763	453.20	424.67	496.00
8764	322.00	339.78	268.67
8765	328.18	375.88	164.64
8766	1630.82	336.17	2601.81
8767	217.98	214.30	229.00
8768	153.12	142.20	171.33
8769	645.33	785.33	505.33
8770	228.04	226.25	232.50
8771	129.56	121.00	155.25
8772	375.13	367.00	385.30
8773	134.14	180.32	87.97
8774	375.50	330.33	511.00
8775	42.38	38.07	45.62
8776	178.75	230.71	57.50
8777	115.56	112.69	118.87
8778	138.17	137.83	141.33
8779	190.84	125.60	408.33
8780	228.85	220.24	277.67
8781	243.00	240.25	251.25
8782	208.17	148.33	268.00
8783	355.56	254.50	524.00
8784	559.02	709.47	57.52
8785	65.86	51.27	72.11
8786	682.45	703.12	627.33
8787	258.48	259.10	256.40
8788	101.81	96.85	108.00
8789	281.07	342.05	136.22
8790	202.12	208.17	187.60
8791	974.00	531.17	1859.67
8792	163.61	169.11	146.00
8793	345.23	434.00	183.82
8794	196.99	216.50	183.98
8795	393.83	200.67	587.00
8796	1052.29	350.67	1578.50
8797	109.99	125.93	75.83
8798	68.51	59.89	84.78
8799	339.50	258.21	420.79
8800	253.21	308.78	153.18
8801	436.38	415.00	472.00
8802	110.98	119.80	82.74
8803	366.15	382.38	340.20
8804	175.75	194.92	140.14
8805	364.02	478.29	164.06
8806	77.36	84.61	61.05
8807	72.54	73.86	69.22
8808	138.96	96.33	224.24
8809	138.12	103.00	196.67
8810	213.96	211.67	214.82
8811	312.00	281.33	335.00
8812	10139.83	183.52	26733.67
8813	1871.15	1970.43	1242.33
8814	124.99	135.40	107.14
8815	271.60	279.86	229.38
8816	67.47	83.40	40.93
8817	230.38	235.30	214.00
8818	144.49	148.36	136.75
8819	169.00	125.66	212.33
8820	514.71	449.25	602.00
8821	242.27	279.29	177.50
8822	185.95	225.29	75.80
8823	343.90	282.00	385.17
8824	90.21	59.57	151.50
8825	194.12	171.75	216.50
8826	94.27	77.25	121.92
8827	84.93	88.60	81.67
8828	133.83	134.00	133.50
8829	173.15	112.64	415.20
8830	42.44	51.94	26.60
8831	384.17	214.67	553.67
8832	252.67	241.67	263.67
8833	121.97	148.98	116.35
8834	229.78	340.10	150.97
8835	353.69	522.27	227.25
8836	1300.25	2260.73	99.65
8837	189.66	187.76	194.60
8838	46.40	51.11	21.30
8839	43.93	50.92	25.27
8840	94.50	89.07	104.00
8841	122.11	133.83	98.66
8842	192.08	211.46	158.85
8843	386.11	258.67	449.83
8844	96.16	82.00	106.27
8845	224.13	233.48	179.41
8846	141.05	116.36	198.66
8847	170.91	179.00	164.17
8848	200.51	161.00	230.14
8849	107.07	70.87	134.22
8850	452.46	323.38	659.00
8851	75.91	72.97	82.40
8852	79.22	60.25	102.41
8853	342.40	391.14	228.67
8854	383.95	353.29	461.87
8855	305.25	273.75	368.25
8856	143.06	138.28	159.00
8857	313.33	256.00	359.20
8858	1478.86	3122.33	246.25
8859	118.80	140.42	86.38
8860	758.07	303.82	1666.58
8861	146.09	181.94	98.28
8862	286.07	275.56	317.60
8863	137.25	34.49	240.00
8864	92.00	95.33	90.00
8865	152.11	222.50	58.27
8866	295.14	314.00	270.00
8867	348.26	395.36	292.19
8868	229.26	242.75	180.38
8869	152.81	159.05	142.40
8870	241.48	296.47	104.00
8871	547.67	810.50	337.40
8872	248.22	249.27	246.38
8873	142.81	124.95	193.84
8874	91.46	89.79	115.30
8875	264.18	258.62	279.00
8876	35.68	53.77	17.60
8877	238.50	252.71	205.33
8878	1708.21	1955.18	1399.50
8879	204.15	233.41	110.52
8880	51.20	58.49	36.62
8881	88.91	82.71	106.24
8882	141.62	69.23	214.00
8883	113.42	81.00	139.36
8884	41.98	39.54	47.66
8885	203.70	212.31	169.25
8886	1327.24	1766.62	448.48
8887	250.67	195.33	292.18
8888	198.75	195.33	200.80
8889	722.78	606.78	780.78
8890	1044.38	1212.40	484.33
8891	812.08	1209.00	256.40
8892	131.02	92.37	208.33
8893	106.32	82.00	130.63
8894	173.20	188.14	138.33
8895	114.25	100.75	127.75
8896	223.20	201.60	244.80
8897	178.64	154.09	223.65
8898	179.55	153.71	224.75
8899	227.63	212.38	265.75
8900	78.03	68.75	91.95
8901	666.33	753.43	361.50
8902	215.69	226.62	168.33
8903	255.60	219.85	304.75
8904	170.25	196.10	144.40
8905	347.50	411.00	284.00
8906	5357.61	5821.54	409.00
8907	310.33	316.75	278.25
8908	210.81	66.30	355.33
8909	1082.00	1075.67	1113.66
8910	195.63	274.26	81.26
8911	336.43	176.00	550.33
8912	164.47	142.49	230.43
8913	321.71	262.75	542.80
8914	165.02	269.56	47.41
8915	155.71	152.26	167.20
8916	64.94	56.88	107.22
8917	92.71	100.39	86.81
8918	24729.08	25645.29	23446.40
8919	703.00	650.25	745.20
8920	192.00	296.33	87.67
8921	618.59	250.44	2091.16
8922	282.28	122.25	549.00
8923	155.89	204.37	98.60
8924	113.39	165.50	9.16
8925	254.40	238.48	282.25
8926	131.73	138.49	106.97
8927	126.35	109.25	143.45
8928	97.48	97.69	97.00
8929	313.54	375.44	127.83
8930	364.90	361.79	369.29
8931	281.60	216.15	390.67
8932	164.70	179.72	144.67
8933	216.00	269.40	162.60
8934	116.14	125.00	109.50
8935	58.67	70.22	45.67
8936	308.75	290.40	339.33
8937	536.12	528.50	554.40
8938	200.85	204.44	192.75
8939	2959.72	3596.81	729.89
8940	639.43	249.25	1159.67
8941	144.83	156.09	107.30
8942	143.00	149.33	136.67
8943	23.63	28.78	19.00
8944	100.80	85.77	128.99
8945	288.40	267.94	370.25
8946	578.75	405.60	867.33
8947	592.59	492.40	726.17
8948	143.54	172.57	85.47
8949	404.49	473.52	360.11
8950	305.80	197.27	414.33
8951	273.14	180.14	403.34
8952	394.66	390.38	407.50
8953	44.86	49.44	35.71
8954	126.61	129.78	118.70
8955	133.51	144.47	115.96
8956	158.67	140.67	176.67
8957	110.50	106.97	120.33
8958	155.85	126.26	193.33
8959	2194.17	211.67	4176.67
8960	173.68	89.48	314.00
8961	31.86	16.27	52.63
8962	315.72	375.57	202.00
8963	133.18	53.57	239.33
8964	180.55	224.13	122.43
8965	234.71	262.00	214.25
8966	1543.42	1361.40	1673.43
8967	90.71	98.84	78.52
8968	123.21	98.16	181.67
8969	142.94	299.00	25.90
8970	190.94	165.74	323.25
8971	82.06	119.00	45.11
8972	218.17	234.27	148.44
8973	166.50	135.60	218.00
8974	627.82	760.00	517.67
8975	236.93	266.18	90.67
8976	218.91	318.50	99.40
8977	216.17	199.91	229.92
8978	111.70	123.08	71.88
8979	247.38	248.06	244.50
8980	328.20	339.00	306.60
8981	120.17	99.78	137.17
8982	142.44	137.87	163.00
8983	360.67	384.50	313.00
8984	3711.86	4418.65	1591.50
8985	111.05	122.99	79.20
8986	280.36	229.00	370.25
8987	164.79	158.20	174.67
8988	195.62	143.40	282.67
8989	122.13	125.26	116.19
8990	173.70	190.25	151.63
8991	156.11	234.20	52.00
8992	125.61	153.62	88.27
8993	90.11	141.20	22.00
8994	130.33	136.67	117.67
8995	128.87	85.47	215.67
8996	175.05	169.83	205.50
8997	282.08	301.89	222.67
8998	229.40	321.54	125.74
8999	614.40	845.81	190.15
9000	346.67	331.33	362.00
9001	219.57	223.50	214.33
9002	337.34	365.70	290.08
9003	105.38	136.27	71.05
9004	632.43	585.64	752.00
9005	272.52	274.43	270.38
9006	157.33	211.30	118.35
9007	201.99	213.64	139.83
9008	245.11	290.00	155.33
9009	121.94	89.71	147.00
9010	279.93	312.20	239.60
9011	2737.50	621.63	8027.17
9012	355.86	402.21	263.14
9013	217.12	238.60	181.33
9014	142.25	189.00	95.50
9015	199.44	184.24	252.67
9016	619.69	703.83	199.00
9017	511.33	553.44	385.00
9018	921.11	865.50	1032.33
9019	228.50	259.00	198.00
9020	32.05	14.83	49.26
9021	60.65	75.31	35.32
9022	280.89	229.82	351.12
9023	70.32	79.00	57.30
9024	220.25	233.25	207.25
9025	402.08	370.33	433.83
9026	127.43	125.67	128.75
9027	118.38	102.00	128.20
9028	57.33	60.67	54.00
9029	127.71	123.46	138.00
9030	234.89	270.75	67.53
9031	135.27	121.45	169.80
9032	440.89	525.72	67.67
9033	439.34	308.97	797.88
9034	395.52	558.44	69.67
9035	101.31	57.50	159.73
9036	183.98	181.12	187.50
9037	294.00	254.33	333.67
9038	140.18	135.86	147.75
9039	351.88	386.10	180.75
9040	1322.00	1398.15	1124.00
9041	52.31	12.40	105.53
9042	306.10	320.92	261.67
9043	535.92	786.15	385.79
9044	320.86	416.00	194.00
9045	263.05	88.68	553.67
9046	145.58	161.00	114.73
9047	396.10	810.50	64.58
9048	668.77	632.60	789.33
9049	1514.13	2204.98	231.11
9050	1124.46	278.98	1969.95
9051	20.91	12.60	32.00
9052	202.86	238.72	123.18
9053	308.35	286.45	379.50
9054	54.41	52.32	68.33
9055	210.53	229.71	193.75
9056	136.32	154.67	108.80
9057	60.84	68.03	46.47
9058	171.25	218.50	124.00
9059	61.30	41.67	90.75
9060	76.21	82.72	44.63
9061	219.00	139.60	351.33
9062	440.59	469.44	319.40
9063	182.17	201.62	143.25
9064	187.41	215.46	129.42
9065	642.00	235.00	1049.00
9066	281.50	324.00	253.17
9067	1122.81	1458.77	518.08
9068	1172.83	1168.95	1178.00
9069	67.02	77.28	22.60
9070	317.85	201.66	434.05
9071	196.33	133.50	322.00
9072	118.44	122.60	111.50
9073	131.67	170.67	102.42
9074	151.93	159.05	128.20
9075	174.78	180.43	168.00
9076	128.26	95.84	185.00
9077	327.30	314.57	357.00
9078	859.75	864.83	854.67
9079	671.12	143.40	1550.67
9080	148.00	147.67	148.33
9081	227.05	121.04	403.74
9082	245.77	302.83	112.63
9083	586.88	673.80	442.00
9084	173.42	329.20	69.57
9085	273.56	277.80	268.25
9086	116.48	87.33	145.63
9087	1102.19	118.00	1594.28
9088	172.26	182.50	146.65
9089	326.14	123.33	478.25
9090	267.70	340.00	219.50
9091	97.71	115.32	72.27
9092	119.94	135.08	107.32
9093	213.61	200.63	288.25
9094	165.62	125.98	207.07
9095	5887.77	3550.04	10271.00
9096	245.78	379.25	112.30
9097	44.13	31.20	52.75
9098	228.01	271.02	152.75
9099	160.50	175.67	145.33
9100	57.35	67.30	33.81
9101	184.38	222.67	146.08
9102	236.91	229.70	278.82
9103	254.25	261.93	236.70
9104	60.36	48.32	72.40
9105	172.03	133.14	288.67
9106	2936.02	2900.14	3071.23
9107	304.10	224.91	779.25
9108	398.38	423.44	367.54
9109	167.94	130.50	197.89
9110	144.88	144.82	145.00
9111	144.74	142.62	147.40
9112	195.16	193.68	197.75
9113	147.99	61.67	212.72
9114	163.60	168.97	155.00
9115	541.82	564.50	481.33
9116	178.69	132.43	207.15
9117	287.83	545.33	30.33
9118	167.04	152.56	210.50
9119	158.14	149.79	227.67
9120	104.79	107.67	99.02
9121	26.32	18.77	33.88
9122	304.37	437.25	171.49
9123	274.85	301.36	239.50
9124	7730.64	4365.67	10254.38
9125	107.90	140.83	74.96
9126	102.80	57.67	178.00
9127	251.30	268.60	176.33
9128	119.31	147.19	49.62
9129	234.97	224.61	238.08
9130	165.14	93.00	219.25
9131	275.00	346.50	179.67
9132	85.57	175.30	18.27
9133	142.98	160.50	61.20
9134	59.41	53.53	79.00
9135	104.19	109.25	100.51
9136	510.03	395.90	809.62
9137	218.12	254.40	157.67
9138	646.94	591.97	792.21
9139	154.33	71.28	253.98
9140	1331.90	825.57	2513.33
9141	165.29	146.00	191.00
9142	276.67	295.18	227.33
9143	202.00	123.25	307.00
9144	467.67	596.00	339.33
9145	121.64	128.11	110.00
9146	210.96	196.80	301.60
9147	482.25	225.00	636.60
9148	122.76	125.89	112.33
9149	73.16	67.03	81.86
9150	121.86	38.90	157.41
9151	1461.67	2268.00	655.33
9152	450.29	214.25	765.00
9153	73.81	67.36	90.99
9154	177.05	202.08	126.98
9155	285.22	368.80	180.75
9156	153.33	152.67	154.67
9157	158.50	155.33	161.67
9158	400.09	466.38	223.33
9159	197.50	217.50	177.50
9160	278.00	250.80	323.33
9161	331.35	308.69	467.29
9162	151.14	79.33	205.00
9163	103.76	54.79	201.70
9164	572.08	678.74	287.67
9165	67.35	75.10	59.60
9166	241.82	144.70	387.50
9167	564.71	583.25	540.00
9168	231.88	208.14	248.50
9169	4.54	4.39	5.08
9170	541.12	392.00	630.60
9171	11.51	15.79	1.53
9172	230.21	234.48	213.14
9173	924.66	661.89	1279.41
9174	334.67	137.00	532.33
9175	88.73	145.50	31.97
9176	272.70	212.35	393.40
9177	952.42	1202.75	618.66
9178	242.82	276.00	154.33
9179	362.60	389.64	300.40
9180	97.68	31.55	207.89
9181	345.80	343.43	351.33
9182	45.32	55.09	22.54
9183	102.75	106.89	90.33
9184	314.75	209.08	341.17
9185	287.31	268.07	317.68
9186	216.23	211.33	238.25
9187	684.00	770.00	512.00
9188	230.11	248.71	198.50
9189	61.97	58.73	66.30
9190	140.64	85.71	204.71
9191	89.77	82.32	104.67
9192	443.67	372.83	585.33
9193	183.44	189.17	172.00
9194	102.32	97.62	135.22
9195	138.33	130.33	140.33
9196	120.78	122.35	115.56
9197	1190.88	1163.50	1236.50
9198	214.46	199.10	265.67
9199	87.06	131.67	42.46
9200	472.69	71.83	873.55
9201	185.35	192.92	139.90
9202	355.76	397.46	220.25
9203	172.25	160.29	189.00
9204	115.42	84.40	141.28
9205	289.82	313.57	248.25
9206	370.00	358.67	381.33
9207	149.65	148.79	155.00
9208	525.75	487.45	621.50
9209	1075.67	1356.89	232.00
9210	117.99	57.11	178.87
9211	156.30	118.60	194.00
9212	138.44	142.33	130.67
9213	211.15	191.06	291.50
9214	302.57	310.33	296.75
9215	1.09	1.00	1.18
9216	58.13	39.03	92.52
9217	230.60	155.79	296.06
9218	235.71	148.65	351.80
9219	81.84	122.18	14.60
9220	154.88	129.89	254.83
9221	204.85	160.58	245.72
9222	340.00	428.57	216.00
9223	274.79	260.32	296.50
9224	169.43	110.50	248.00
9225	51.77	38.23	82.24
9226	1572.00	1478.15	1816.00
9227	127.17	128.00	126.70
9228	293.75	320.31	258.33
9229	133.59	112.33	144.21
9230	197.70	169.71	263.00
9231	262.25	220.78	386.66
9232	791.48	880.20	702.76
9233	163.96	213.47	108.94
9234	197.31	158.95	245.25
9235	118.99	109.70	129.32
9236	332.45	201.18	519.97
9237	289.38	251.90	351.83
9238	212.85	242.25	95.23
9239	220.42	219.15	230.25
9240	195.75	222.00	152.00
9241	381.78	446.20	301.25
9242	227.17	156.00	253.86
9243	123.01	205.75	12.70
9244	107.26	110.18	98.50
9245	252.94	248.84	257.81
9246	221.00	253.33	172.50
9247	594.22	775.00	368.25
9248	165.83	169.77	154.00
9249	128.23	89.53	166.93
9250	882.28	913.60	830.09
9251	2387.50	2396.20	2378.80
9252	421.78	424.60	418.25
9253	1901.00	1987.33	1814.67
9254	81.20	71.00	104.15
9255	580.44	836.38	287.94
9256	306.13	353.46	116.80
9257	142.00	185.33	98.67
9258	111.97	85.60	138.33
9259	223.17	261.67	184.67
9260	66.09	75.75	30.67
9261	161.46	173.17	135.11
9262	142.60	138.45	163.33
9263	91.85	42.00	141.70
9264	288.79	270.77	487.00
9265	202.80	206.67	200.22
9266	54.61	106.76	19.84
9267	1196.73	1308.00	1063.20
9268	228.46	209.60	292.90
9269	106.80	87.27	121.45
9270	127.87	113.07	147.37
9271	134.50	161.73	118.16
9272	203.32	224.00	182.64
9273	133.83	199.75	45.93
9274	207.25	197.19	301.91
9275	2232.36	2617.00	2067.51
9276	436.18	513.25	230.67
9277	791.68	1237.67	409.41
9278	1589.69	1677.80	1534.62
9279	1136.78	1312.31	908.60
9280	119.53	111.00	127.00
9281	171.43	223.48	67.33
9282	133.85	110.50	165.00
9283	110.86	87.00	142.67
9284	824.59	1188.75	387.60
9285	282.57	79.90	485.25
9286	187.62	200.25	175.00
9287	173.83	158.67	189.00
9288	144.14	107.91	237.29
9289	77.78	74.10	102.33
9290	164.60	171.83	150.14
9291	467.43	537.75	373.67
9292	182.89	170.13	212.67
9293	54.75	10.33	99.17
9294	150.84	106.32	208.08
9295	186.37	316.10	99.88
9296	133.50	151.00	116.00
9297	238.64	266.81	182.30
9298	223.67	274.33	173.00
9299	174.85	121.27	324.88
9300	104.00	75.33	125.50
9301	199.71	137.33	246.50
9302	554.07	381.86	1649.98
9303	2164.78	2366.14	218.33
9304	37.99	29.32	46.65
9305	174.83	165.34	201.20
9306	67.58	64.35	90.17
9307	779.45	427.00	980.86
9308	349.15	325.60	378.60
9309	282.33	198.75	349.20
9310	370.00	526.50	182.20
9311	390.30	145.06	733.63
9312	88.65	136.67	40.63
9313	1052.97	1647.03	508.42
9314	173.86	160.60	190.42
9315	149.88	178.80	101.67
9316	130.44	78.26	200.00
9317	127.02	169.20	42.67
9318	278.82	341.10	189.86
9319	172.79	178.44	155.83
9320	178.33	155.86	223.25
9321	70.41	67.33	71.57
9322	320.08	417.25	125.75
9323	231.12	236.69	221.39
9324	114.34	127.46	61.87
9325	16924.90	19131.50	13615.00
9326	189.24	105.39	336.00
9327	212.44	217.67	202.00
9328	400.19	454.45	237.40
9329	302.01	358.42	208.00
9330	427.42	324.78	735.33
9331	110.80	83.26	138.33
9332	459.46	509.33	384.65
9333	231.82	242.54	197.00
9334	150.58	167.48	126.18
9335	129.10	135.50	122.70
9336	154.63	224.33	84.93
9337	174.99	206.50	111.97
9338	291.27	436.83	116.60
9339	130.07	82.03	172.10
9340	3879.25	3327.69	6269.33
9341	454.79	109.28	2614.25
9342	249.95	247.60	264.62
9343	1111.36	690.33	1226.18
9344	134.32	135.56	132.60
9345	173.68	178.25	163.60
9346	2944.00	4329.00	1559.00
9347	286.98	366.83	127.27
9348	89.50	105.00	74.00
9349	697.64	353.67	826.62
9350	355.94	371.92	286.67
9351	229.25	231.13	227.00
9352	243.73	299.29	178.92
9353	607.06	577.12	631.00
9354	53.02	49.79	63.79
9355	185.04	177.59	244.67
9356	804.60	2370.50	235.18
9357	84.64	63.97	100.15
9358	265.86	209.00	341.67
9359	168.08	172.78	154.00
9360	209.92	221.13	196.83
9361	159.49	180.57	96.25
9362	120.78	112.26	140.66
9363	3930.62	218.53	19707.00
9364	106.70	111.98	80.30
9365	386.94	346.25	437.81
9366	226.71	193.50	271.00
9367	358.83	361.33	356.33
9368	961.54	1270.99	136.33
9369	187.67	213.80	169.00
9370	254.71	289.44	207.57
9371	305.84	308.84	302.58
9372	125.62	126.50	125.03
9373	137.12	164.80	91.00
9374	160.50	211.86	40.67
9375	145.36	131.67	153.58
9376	294.43	287.91	318.33
9377	222.92	224.71	214.78
9378	224.53	220.45	235.75
9379	168.00	154.50	204.00
9380	76.44	55.14	97.75
9381	188.32	175.65	220.00
9382	286.73	145.14	410.61
9383	121.60	79.16	192.33
9384	271.60	156.75	348.17
9385	297.00	256.60	364.33
9386	207.80	83.60	332.00
9387	52.09	45.91	68.57
9388	133.38	142.76	105.27
9389	1678.54	2314.34	195.00
9390	103.32	140.98	65.65
9391	189.32	280.75	116.18
9392	563.50	560.40	568.67
9393	82.69	47.58	188.00
9394	203.55	170.18	316.15
9395	135.84	117.22	160.67
9396	73.98	79.00	69.96
9397	150.93	149.80	158.50
9398	1589.62	2080.20	772.00
9399	175.06	147.40	202.71
9400	113.17	104.00	122.33
9401	241.30	197.93	284.67
9402	294.55	101.33	391.16
9403	54.29	41.21	77.20
9404	504.67	544.67	464.67
9405	151.91	183.54	88.63
9406	293.68	230.11	442.00
9407	478.39	496.93	432.06
9408	134.13	145.43	115.09
9409	140.53	143.88	133.41
9410	151.65	129.83	182.20
9411	179.15	101.92	275.68
9412	2264.71	2114.38	2393.57
9413	76.90	78.92	74.38
9414	927.62	317.33	1110.70
9415	64.81	58.18	74.75
9416	152.74	160.38	91.60
9417	228.00	171.00	313.50
9418	231.52	260.67	219.02
9419	77.19	80.42	67.50
9420	1379.45	1593.67	1122.40
9421	75.67	85.50	65.85
9422	295.00	362.00	77.25
9423	75.72	77.88	68.53
9424	122.00	122.85	120.00
9425	623.94	922.00	445.10
9426	440.59	427.07	464.25
9427	136.47	195.29	50.21
9428	271.40	282.80	260.00
9429	282.08	204.97	326.14
9430	369.71	456.67	304.50
9431	81.63	93.45	65.87
9432	101.27	67.19	143.86
9433	82.38	75.17	92.01
9434	190.27	166.00	219.40
9435	469.50	548.33	390.67
9436	311.62	277.50	422.50
9437	49.74	44.69	110.26
9438	39.04	37.94	42.77
9439	113.23	85.16	133.28
9440	222.87	339.55	124.14
9441	31.13	32.23	28.92
9442	418.57	518.67	343.50
9443	2192.12	1266.75	3117.50
9444	234.63	218.83	253.58
9445	456.55	428.43	505.75
9446	5824.62	6324.00	4160.00
9447	1621.52	1844.91	1130.06
9448	101.68	104.98	81.93
9449	281.53	318.75	132.67
9450	541.43	475.75	629.00
9451	66.13	59.67	72.59
9452	110.68	222.75	60.87
9453	506.91	495.35	522.33
9454	421.90	539.41	69.38
9455	479.99	573.38	324.33
9456	85.22	58.58	115.67
9457	121.56	91.47	161.67
9458	69.43	80.94	37.79
9459	350.40	408.71	214.33
9460	64.41	62.68	66.14
9461	860.70	672.52	1174.33
9462	184.37	209.47	92.33
9463	370.59	386.06	265.40
9464	366.10	329.71	451.00
9465	460.00	452.21	484.67
9466	46.20	62.50	36.42
9467	304.33	269.17	374.67
9468	379.24	338.00	420.48
9469	119.70	80.73	158.67
9470	473.33	524.00	372.00
9471	1211.60	533.71	2793.33
9472	100.93	78.11	128.64
9473	76.23	60.01	146.50
9474	463.45	309.21	727.86
9475	231.75	280.00	183.50
9476	228.50	240.95	201.10
9477	552.71	555.75	548.67
9478	515.75	785.00	246.50
9479	686.50	609.60	814.67
9480	1430.22	1692.79	117.40
9481	210.50	195.00	226.00
9482	67.60	37.80	117.26
9483	216.90	269.67	137.75
9484	286.28	218.00	328.96
9485	70.31	65.22	77.95
9486	763.71	834.64	503.67
9487	125.53	119.81	169.33
9488	151.43	147.62	156.50
9489	181.78	188.50	175.06
9490	131.06	126.45	141.83
9491	62.81	60.67	65.67
9492	92.70	95.89	85.69
9493	273.36	289.75	202.33
9494	429.04	321.81	563.09
9495	462.20	799.40	40.70
9496	491.75	507.40	465.67
9497	229.04	217.59	238.58
9498	63.83	62.58	65.39
9499	76.74	103.90	22.43
9500	238.73	286.00	183.58
9501	1619.45	1351.75	1772.43
9502	163.44	184.25	142.62
9503	349.31	593.83	139.71
9504	447.23	92.17	539.86
9505	225.18	245.00	190.50
9506	356.67	295.67	417.67
9507	98.49	90.63	125.20
9508	658.00	439.75	949.00
9509	403.57	329.25	502.67
9510	96.29	82.88	107.47
9511	108.82	110.77	101.35
9512	83.78	95.20	49.53
9513	196.50	180.33	212.67
9514	189.60	275.75	132.17
9515	1623.33	2465.85	179.00
9516	169.17	105.00	233.33
9517	1335.43	1139.75	1596.33
9518	117.79	135.51	59.56
9519	2795.73	3187.45	1718.50
9520	245.48	283.66	176.76
9521	75.75	76.98	74.53
9522	99.10	120.93	48.87
9523	508.27	643.00	263.31
9524	650.67	730.00	492.00
9525	152.00	175.00	134.75
9526	248.76	261.37	220.38
9527	77.33	75.71	80.67
9528	365.62	198.20	644.67
9529	85.81	94.76	44.00
9530	193.91	171.41	235.16
9531	242.55	240.81	244.29
9532	72.47	71.55	74.48
9533	260.36	222.57	326.50
9534	161.38	245.20	109.00
9535	282.00	302.75	254.33
9536	71.86	67.33	74.58
9537	136.17	173.42	61.67
9538	882.43	1073.75	212.78
9539	156.57	76.50	263.33
9540	152.99	163.58	135.33
9541	181.80	194.65	164.67
9542	266.75	293.00	223.00
9543	69.00	81.80	60.86
9544	221.06	232.50	181.86
9545	86.27	101.99	54.84
9546	182.13	214.79	116.80
9547	342.94	518.00	148.42
9548	122.47	111.29	142.60
9549	93.34	88.70	107.63
9550	296.00	272.50	327.33
9551	196.86	261.33	148.50
9552	167.34	61.32	195.24
9553	314.91	362.29	232.00
9554	87.99	91.25	83.63
9555	57.50	53.41	71.13
9556	423.00	474.56	268.33
9557	254.54	278.67	236.45
9558	527.12	628.83	222.00
9559	148.36	162.46	125.80
9560	194.00	189.67	198.33
9561	182.96	181.68	185.77
9562	246.78	299.20	181.25
9563	1185.00	1216.00	1143.67
9564	163.14	111.64	369.16
9565	140.40	171.52	109.28
9566	162.38	143.00	174.00
9567	123.50	115.00	132.00
9568	27.66	23.95	32.60
9569	93.82	119.50	68.15
9570	192.28	205.57	169.23
9571	149.44	155.91	106.33
9572	85.49	95.95	58.27
9573	771.22	1401.43	281.06
9574	182.12	175.40	193.33
9575	48.97	48.98	48.93
9576	436.02	335.89	611.25
9577	496.18	507.00	467.33
9578	217.92	232.56	174.00
9579	177.46	188.92	155.69
9580	318.21	310.44	325.20
9581	393.60	457.82	278.00
9582	1588.14	2626.25	204.00
9583	186.94	131.39	409.15
9584	246.52	188.09	378.00
9585	634.22	1031.50	316.40
9586	265.18	205.50	424.33
9587	1513.35	751.80	2782.60
9588	190.13	248.65	140.39
9589	56.85	52.14	62.75
9590	65.68	42.56	88.80
9591	307.65	275.15	416.00
9592	63.87	57.60	79.27
9593	400.39	416.08	369.00
9594	41.99	54.50	25.30
9595	125.42	104.14	155.20
9596	235.09	279.06	180.12
9597	134.97	217.33	52.60
9598	599.92	786.00	302.20
9599	1050.67	1167.33	934.00
9600	230.83	226.43	237.00
9601	185.23	210.30	101.67
9602	230.58	267.48	95.27
9603	51.12	4.90	97.33
9604	173.07	103.54	224.06
9605	66.01	66.06	65.82
9606	168.31	155.81	203.75
9607	116.60	45.93	187.27
9608	159.01	134.23	351.00
9609	215.50	268.40	186.11
9610	218.67	289.67	147.67
9611	342.29	435.00	272.75
9612	1193.29	1195.67	1191.50
9613	176.14	143.30	206.46
9614	299.92	289.94	343.80
9615	273.15	250.70	288.11
9616	210.83	356.00	127.87
9617	1199.88	1777.20	237.67
9618	575.23	938.70	211.75
9619	173.51	105.83	214.12
9620	202.10	162.29	295.00
9621	204.19	166.00	242.38
9622	184.16	172.50	190.83
9623	564.90	89.47	2347.76
9624	1123.25	177.20	3251.88
9625	251.53	189.06	339.00
9626	62.70	82.28	30.08
9627	939.00	324.33	1400.00
9628	776.24	748.91	867.33
9629	162.51	168.20	158.25
9630	211.55	214.64	208.85
9631	166.29	152.50	184.67
9632	353.07	253.10	553.00
9633	115.00	70.33	159.67
9634	183.71	211.62	161.37
9635	145.09	167.62	122.56
9636	301.47	296.36	325.33
9637	227.45	302.08	115.50
9638	790.00	901.67	678.33
9639	198.87	112.14	372.33
9640	303.16	387.84	184.60
9641	438.52	500.57	321.33
9642	683.16	694.87	528.00
9643	219.88	200.20	252.67
9644	61.85	29.53	94.17
9645	184.27	197.86	160.50
9646	168.00	186.88	130.25
9647	330.08	303.50	372.60
9648	102.65	107.93	94.44
9649	92.53	39.67	124.25
9650	178.10	201.22	147.27
9651	330.91	432.86	152.50
9652	282.47	251.67	290.17
9653	138.31	75.27	169.83
9654	80.47	78.30	81.78
9655	3112.20	3972.97	243.00
9656	126.57	108.45	153.75
9657	48.38	21.23	68.75
9658	293.56	334.23	239.33
9659	339.29	314.94	371.13
9660	1087.51	1402.25	143.30
9661	405.83	415.33	402.47
9662	261.86	254.92	298.25
9663	114.22	107.00	145.48
9664	91.77	90.17	98.97
9665	182.30	218.33	128.25
9666	168.82	147.48	259.50
9667	522.92	635.50	466.62
9668	225.52	128.75	467.47
9669	127.00	80.28	164.38
9670	63.31	68.04	56.80
9671	119.72	144.45	70.27
9672	106.00	171.25	19.00
9673	199.26	223.01	151.75
9674	132.82	127.43	142.25
9675	215.75	278.00	171.29
9676	96.50	108.33	84.67
9677	50.50	30.50	70.51
9678	65.75	98.00	46.40
9679	258.88	249.60	274.33
9680	215.64	186.28	352.63
9681	100.90	79.50	115.17
9682	121.54	125.27	118.75
9683	141.40	113.68	180.20
9684	671.01	1225.33	255.28
9685	98.90	107.14	79.67
9686	53.09	119.22	3.50
9687	538.00	331.17	951.67
9688	1609.79	2078.00	1024.54
9689	101.24	95.43	118.67
9690	413.86	208.75	687.33
9691	122.44	149.10	51.33
9692	370.50	343.21	418.25
9693	57.54	50.74	66.60
9694	178.50	155.20	217.33
9695	626.98	436.32	1008.30
9696	255.00	228.60	288.00
9697	67.69	70.90	59.13
9698	413.35	455.99	299.67
9699	293.52	341.81	76.22
9700	164.62	187.78	95.14
9701	216.31	89.00	318.16
9702	235.12	292.82	148.57
9703	136.17	81.89	268.00
9704	239.81	161.67	344.00
9705	408.38	500.50	316.25
9706	1386.66	918.66	3414.67
9707	224.08	293.22	113.45
9708	1454.75	147.75	2108.25
9709	127.56	96.29	177.59
9710	65.51	54.31	87.90
9711	4348.38	8636.50	60.27
9712	206.26	216.95	134.45
9713	530.10	782.98	214.00
9714	155.56	178.67	138.22
9715	15.83	39.90	6.80
9716	77.55	54.67	123.33
9717	203.09	201.24	208.33
9718	218.55	198.86	253.00
9719	226.31	142.75	254.17
9720	187.77	214.33	134.63
9721	165.67	156.00	175.33
9722	69.55	76.97	54.71
9723	218.49	254.20	158.97
9724	498.00	370.00	562.00
9725	856.95	932.33	668.50
9726	52882.20	69432.95	471.50
9727	217.44	172.27	296.48
9728	35.61	52.77	22.74
9729	205.07	294.33	182.75
9730	288.53	278.38	297.56
9731	312.18	246.80	366.67
9732	183.71	191.00	164.27
9733	125.69	151.55	73.96
9734	139.20	124.84	184.67
9735	354.48	169.82	567.54
9736	293.95	293.14	295.75
9737	110.82	138.22	49.16
9738	335.83	314.78	398.99
9739	196.17	225.58	137.33
9740	182.67	248.00	117.33
9741	217.43	170.43	577.83
9742	311.36	286.60	373.25
9743	279.25	291.80	258.33
9744	480.88	502.62	386.67
9745	268.86	295.00	234.00
9746	42.84	11.47	84.67
9747	330.88	412.33	208.70
9748	160.80	165.51	150.44
9749	187.08	183.50	188.88
9750	170.07	81.00	214.60
9751	81.13	68.16	102.76
9752	102.87	101.60	105.00
9753	691.46	488.58	916.89
9754	323.67	343.00	285.00
9755	214.36	100.78	403.67
9756	193.83	217.35	156.20
9757	108.57	122.10	93.11
9758	97.64	87.86	110.67
9759	133.88	120.26	152.96
9760	149.54	143.75	157.27
9761	588.17	704.60	505.00
9762	225.78	203.18	237.62
9763	110.80	70.27	222.25
9764	218.98	279.30	158.67
9765	175.01	175.26	174.54
9766	328.95	282.01	498.44
9767	284.88	292.00	251.67
9768	3444.16	4464.15	180.20
9769	404.53	410.42	381.00
9770	478.73	246.00	886.00
9771	128.85	100.03	210.50
9772	151.26	158.34	104.00
9773	161.65	131.92	245.44
9774	258.73	301.29	184.25
9775	194.80	144.40	262.00
9776	155.86	140.83	223.50
9777	62.17	79.50	50.62
9778	72.13	77.57	61.25
9779	281.11	428.93	170.25
9780	1490.71	1353.00	1674.33
9781	182.44	230.65	124.59
9782	185.62	153.80	238.67
9783	216.55	265.77	130.41
9784	161.46	169.15	119.21
9785	336.01	98.85	620.60
9786	503.09	627.86	284.75
9787	179.77	303.00	118.15
9788	1081.12	1712.00	29.67
9789	395.30	668.00	122.60
9790	242.43	303.82	119.67
9791	89.84	80.76	147.33
9792	191.31	207.60	137.00
9793	702.92	748.80	550.00
9794	55.63	49.27	62.00
9795	476.00	453.12	537.00
9796	162.08	133.78	182.29
9797	138.37	95.00	170.90
9798	1947.30	3124.00	182.25
9799	317.64	189.32	420.30
9800	882.67	92.00	1673.33
9801	195.10	232.40	157.80
9802	327.38	338.92	305.75
9803	379.29	575.50	117.67
9804	178.67	129.33	228.00
9805	145.54	153.83	128.97
9806	88.12	80.08	96.17
9807	544.41	563.85	481.25
9808	606.38	267.50	945.25
9809	275.79	270.96	288.67
9810	495.13	633.99	294.54
9811	224.96	460.00	48.69
9812	328.19	364.17	208.24
9813	244.89	332.67	69.33
9814	218.36	140.50	276.75
9815	169.56	182.31	154.27
9816	163.70	161.10	166.94
9817	159.87	82.21	237.52
9818	316.62	325.50	302.40
9819	261.00	156.33	365.67
9820	237.11	155.69	345.67
9821	677.86	875.00	530.00
9822	1455.65	596.53	2314.78
9823	224.27	149.88	283.78
9824	216.74	184.86	280.50
9825	160.86	179.46	123.67
9826	281.33	294.33	268.33
9827	260.25	307.40	181.67
9828	433.21	486.72	237.00
9829	292.57	257.67	318.75
9830	362.48	399.00	258.14
9831	160.32	185.10	110.75
9832	1130.45	1096.00	1190.75
9833	409.51	444.62	326.55
9834	146.21	191.62	85.67
9835	909.44	383.60	1566.75
9836	158.46	125.60	179.00
9837	185.48	134.48	278.97
9838	242.27	264.29	223.00
9839	101.89	81.98	125.44
9840	259.57	341.67	198.00
9841	332.44	211.33	393.00
9842	82.95	67.22	94.75
9843	221.18	266.86	141.25
9844	162.67	220.80	90.00
9845	164.93	174.84	118.67
9846	474.66	279.20	539.81
9847	495.05	148.68	706.72
9848	355.04	369.39	329.20
9849	66.52	87.03	46.00
9850	210.64	223.75	175.67
9851	204.16	101.33	307.00
9852	193.85	251.21	136.50
9853	302.27	286.86	317.67
9854	64.27	31.00	97.54
9855	391.00	419.00	368.60
9856	91.43	84.36	102.43
9857	252.26	364.70	102.33
9858	146.29	268.57	72.92
9859	82.26	101.47	56.63
9860	264.44	188.50	416.33
9861	151.21	120.98	211.67
9862	214.78	231.00	187.75
9863	174.27	163.30	201.70
9864	69.47	71.59	62.40
9865	2861.75	3973.60	1008.67
9866	766.13	554.44	977.83
9867	40.97	31.83	47.83
9868	392.50	355.00	411.25
9869	201.82	226.22	153.00
9870	397.23	417.44	351.75
9871	75.17	74.74	76.81
9872	312.04	270.37	470.40
9873	2522.90	2390.86	2787.00
9874	402.22	425.83	355.00
9875	338.63	347.07	258.50
9876	1151.50	591.00	2085.67
9877	131.27	146.00	106.72
9878	70.62	42.00	87.80
9879	284.56	296.70	264.33
9880	120.63	160.95	82.82
9881	345.73	338.71	358.00
9882	216.88	242.00	175.00
9883	147.44	180.00	121.40
9884	265.53	263.11	269.17
9885	281.13	250.20	343.00
9886	218.00	248.43	164.75
9887	859.21	941.40	653.75
9888	272.05	164.14	391.94
9889	151.99	143.74	176.75
9890	339.06	495.17	245.39
9891	114.99	110.63	118.25
9892	269.11	162.00	322.67
9893	154.42	297.99	46.74
9894	125.20	163.60	77.20
9895	372.82	504.25	297.71
9896	55.26	47.26	73.93
9897	591.13	688.73	322.75
9898	222.06	215.50	226.00
9899	122.57	100.33	139.25
9900	156.28	175.22	80.50
9901	103.11	88.20	113.05
9902	441.00	288.00	555.75
9903	193.62	124.39	332.07
9904	469.25	597.56	84.33
9905	63.92	102.50	49.59
9906	331.29	305.50	365.67
9907	157.00	128.75	194.67
9908	139.68	140.02	137.75
9909	260.67	142.13	349.58
9910	120.64	140.33	97.00
9911	233.36	171.88	397.33
9912	454.00	489.43	404.40
9913	226.80	74.97	644.35
9914	555.71	689.00	378.00
9915	254.12	246.40	267.00
9916	228.58	220.26	270.17
9917	291.69	272.70	355.00
9918	134.35	185.75	82.95
9919	577.35	598.65	381.40
9920	294.88	150.00	439.75
9921	162.25	167.44	151.53
9922	514.36	538.67	441.45
9923	185.64	103.86	294.67
9924	466.00	360.00	519.00
9925	199.11	217.83	161.67
9926	3101.91	1565.88	7198.00
9927	277.56	243.50	345.67
9928	331.86	375.25	274.00
9929	192.70	193.69	189.25
9930	1788.29	1049.06	2997.95
9931	401.09	588.67	25.93
9932	58.84	68.95	50.76
9933	128.29	155.29	69.80
9934	356.00	361.50	345.00
9935	447.47	967.32	31.59
9936	1231.53	1492.50	100.63
9937	166.61	165.67	168.50
9938	113.79	184.16	55.15
9939	233.35	200.98	261.09
9940	615.83	1321.00	380.78
9941	154.69	152.16	161.00
9942	267.80	304.91	165.75
9943	62.71	75.26	51.94
9944	265.23	289.67	210.25
9945	222.86	101.25	385.00
9946	265.88	236.80	314.33
9947	87.60	110.25	64.95
9948	160.80	163.00	159.70
9949	117.14	124.30	99.25
9950	5759.71	8322.00	2343.33
9951	252.76	269.52	236.00
9952	12.07	15.30	9.65
9953	205.17	178.33	232.00
9954	176.17	224.00	128.33
9955	217.14	206.67	234.27
9956	143.00	136.44	157.75
9957	2053.08	1069.17	3037.00
9958	329.75	76.00	583.50
9959	3379.55	5076.14	410.50
9960	80.03	71.92	85.83
9961	366.12	183.50	548.75
9962	124.27	126.97	120.67
9963	149.22	116.74	225.00
9964	380.73	218.83	575.00
9965	226.82	159.97	293.66
9966	159.64	90.66	221.72
9967	122.97	121.50	127.70
9968	229.10	337.50	120.70
9969	415.57	423.85	399.00
9970	229.27	288.00	147.05
9971	301.86	109.33	446.25
9972	508.07	431.70	660.80
9973	258.53	148.57	386.82
9974	131.25	66.99	175.43
9975	782.85	928.30	298.00
9976	42.97	51.75	31.27
9977	204.77	122.82	368.67
9978	368.73	487.86	160.25
9979	279.77	286.96	224.67
9980	2193.00	1412.33	2661.40
9981	67.69	69.67	64.72
9982	204.27	198.89	238.33
9983	304.31	332.07	184.00
9984	149.48	150.59	146.70
9985	469.98	382.11	675.00
9986	6787.14	11858.00	26.00
9987	61.01	74.59	20.30
9988	226.38	196.00	256.75
9989	125.67	126.60	121.67
9990	505.18	338.67	705.00
9991	142.53	151.39	121.83
9992	300.19	413.75	262.33
9993	372.77	151.71	888.57
9994	627.06	73.67	928.91
9995	63.53	57.64	69.42
9996	618.22	449.80	828.75
9997	186.71	91.08	377.97
9998	193.67	316.00	95.80
9999	62.47	21.13	93.47
10000	70.80	111.36	33.37
10001	130.83	122.60	137.00
10002	133.27	115.75	181.45
10003	416.12	433.40	387.33
10004	110.50	99.33	121.67
10005	720.46	723.80	709.33
10006	1949.69	2426.84	654.57
10007	314.64	276.67	360.20
10008	153.24	73.33	238.85
10009	181.80	219.75	156.50
10010	61.66	43.80	93.80
10011	232.50	185.89	372.33
10012	314.26	316.74	304.33
10013	78.15	62.72	109.00
10014	4640.33	4340.17	5240.67
10015	294.67	308.83	266.33
10016	391.22	385.50	402.67
10017	328.19	336.51	192.33
10018	150.44	195.96	82.14
10019	109.35	142.20	76.50
10020	166.15	149.42	238.67
10021	83.57	110.33	63.50
10022	405.38	442.08	295.25
10023	492.88	551.00	463.82
10024	94.93	163.30	26.57
10025	234.12	309.33	98.74
10026	145.14	95.02	228.67
10027	113.62	71.04	149.10
10028	232.69	209.69	347.67
10029	167.57	197.25	128.00
10030	366.99	343.99	428.33
10031	269606.36	11401.50	613879.50
10032	317.90	367.14	203.00
10033	4984.17	4418.86	5775.60
10034	129.30	155.33	103.27
10035	377.25	329.75	424.75
10036	219.56	205.40	237.25
10037	317.33	352.00	305.78
10038	99.97	87.52	113.94
10039	282.11	284.35	275.71
10040	98.91	58.13	109.10
10041	331.43	316.90	367.75
10042	140.13	156.40	107.60
10043	186.40	255.25	117.55
10044	196.08	146.00	231.86
10045	269.54	281.08	254.71
10046	343.89	258.33	515.00
10047	161.00	172.33	152.50
10048	383.43	368.00	432.80
10049	1216.82	1454.20	920.10
10050	170.00	163.33	180.00
10051	425.57	631.40	219.75
10052	237.00	302.00	204.50
10053	133.82	140.25	127.40
10054	4353.21	4239.00	4777.43
10055	287.75	411.00	213.80
10056	258.96	274.75	243.17
10057	56.78	66.29	49.65
10058	5299.29	1017.60	9580.98
10059	1333.20	607.30	2681.29
10060	362.60	417.14	235.33
10061	54.07	53.48	54.87
10062	169.50	124.20	245.00
10063	82.87	82.35	83.48
10064	48.38	48.13	49.26
10065	9006.58	27.83	17985.33
10066	3090.42	3079.86	3105.20
10067	114.55	52.92	217.27
10068	114.68	80.69	155.47
10069	462.62	637.88	112.10
10070	136.14	156.21	123.36
10071	384.68	199.92	463.86
10072	253.60	284.00	204.21
10073	603.08	790.62	103.00
10074	251.45	318.88	71.67
10075	141.99	153.00	132.28
10076	137.49	171.29	58.63
10077	95.97	107.17	67.95
10078	226.51	230.87	191.67
10079	324.89	363.27	235.33
10080	58.89	69.98	10.87
10081	1312.25	190.40	3182.00
10082	154.32	173.00	139.38
10083	260.06	328.25	169.13
10084	241.27	239.00	243.17
10085	53.89	94.38	3.27
10086	1264.26	1716.29	209.53
10087	138.46	141.48	126.40
10088	383.30	530.76	198.97
10089	325.25	300.60	345.78
10090	114.27	104.20	124.33
10091	200.52	53.92	347.12
10092	262.46	266.66	252.40
10093	84.57	128.20	68.21
10094	109.19	135.84	66.56
10095	572.29	637.82	332.00
10096	134.02	130.53	141.00
10097	494.11	436.35	621.20
10098	2639.39	2202.22	3164.00
10099	326.57	282.67	359.50
10100	1105.01	1222.10	1007.43
10101	372.16	577.00	256.94
10102	105.95	116.97	81.14
10103	351.07	364.96	277.00
10104	185.47	215.39	58.30
10105	178.01	180.38	173.25
10106	128.36	137.00	105.33
10107	128.64	155.97	73.99
10108	133.57	159.00	99.66
10109	314.33	314.00	314.50
10110	92.36	69.78	130.00
10111	301.25	258.50	344.00
10112	86.00	81.01	109.70
10113	118.67	77.33	160.00
10114	129.88	138.08	121.67
10115	72.81	76.30	70.20
10116	92.43	82.33	145.50
10117	153.17	137.70	163.48
10118	508.71	556.25	445.33
10119	630.23	754.50	431.40
10120	276.88	156.54	557.67
10121	187.87	187.75	187.98
10122	72.00	58.50	87.00
10123	240.09	274.21	190.23
10124	184.50	164.67	244.00
10125	2603.64	5141.75	1153.29
10126	173.78	140.33	190.50
10127	608.32	113.35	1386.14
10128	105.46	110.03	93.47
10129	142.59	106.13	227.67
10130	185.93	213.82	109.25
10131	221.47	213.68	239.67
10132	1151.17	141.00	2161.33
10133	211.53	236.33	112.33
10134	300.07	246.62	371.33
10135	563.18	385.86	873.50
10136	247.14	217.00	287.33
10137	288.32	278.44	315.78
10138	101.06	105.52	85.47
10139	158.41	159.57	154.62
10140	28.86	7.60	57.20
10141	461.47	72.38	807.32
10142	256.98	72.93	335.86
10143	84.36	84.33	84.38
10144	379.80	383.50	377.33
10145	320.45	225.64	541.67
10146	1405.76	238.40	2573.12
10147	104.32	113.74	87.36
10148	243.41	296.10	111.70
10149	193.00	197.33	188.67
10150	195.75	241.92	126.50
10151	202.83	224.78	137.00
10152	111.00	111.23	109.91
10153	131.62	107.61	161.62
10154	195.74	224.28	144.38
10155	208.67	155.33	262.00
10156	358.42	477.00	121.25
10157	231.88	267.80	172.00
10158	59.32	82.46	7.25
10159	265.83	182.95	376.33
10160	24514.73	34791.97	534.50
10161	209.80	223.47	176.98
10162	597.92	686.00	421.75
10163	111.92	94.57	129.27
10164	261.36	185.10	375.75
10165	117.45	131.00	81.33
10166	221.28	206.60	257.98
10167	308.99	496.50	58.97
10168	318.58	315.17	322.00
10169	108.96	99.45	127.99
10170	230.83	219.33	242.33
10171	327.11	355.25	256.75
10172	207.43	223.62	130.50
10173	686.29	1120.25	107.67
10174	199.57	114.30	284.83
10175	276.30	327.14	157.67
10176	118.69	123.22	108.50
10177	811.89	916.07	291.00
10178	64.57	76.18	47.69
10179	79.57	77.97	83.30
10180	192.99	195.35	182.56
10181	3934.38	2476.70	8793.33
10182	120.16	116.20	137.00
10183	61.94	41.93	76.95
10184	72.94	71.21	76.97
10185	381.29	400.50	355.67
10186	130.88	115.75	146.00
10187	180.23	187.74	165.21
10188	296.32	373.34	134.57
10189	106.57	118.67	97.50
10190	90.85	94.57	82.50
10191	241.19	230.70	258.67
10192	79.37	57.03	92.78
10193	75.94	46.17	120.60
10194	419.60	390.83	462.75
10195	510.12	386.25	634.00
10196	166.23	143.39	289.58
10197	265.57	134.75	440.00
10198	127.10	63.67	154.29
10199	247.83	154.00	341.67
10200	242.50	267.18	152.00
10201	43.78	23.60	59.92
10202	173.65	177.80	170.69
10203	1003.83	418.67	1589.00
10204	137.46	173.61	98.31
10205	202.22	249.67	107.33
10206	176.63	145.37	252.54
10207	437.70	317.00	558.40
10208	469.00	193.50	799.60
10209	1554.35	1969.16	171.63
10210	256.17	147.25	289.68
10211	278.00	225.25	348.33
10212	212.71	192.33	228.00
10213	418.12	448.00	363.33
10214	156.78	155.60	158.25
10215	260.76	294.18	199.50
10216	377.17	444.40	351.31
10217	744.64	248.72	2563.00
10218	122.64	143.75	108.57
10219	84.35	65.00	91.61
10220	205.75	192.60	227.67
10221	148.80	124.70	237.17
10222	253.72	213.40	269.23
10223	84.65	82.93	88.67
10224	269.50	223.20	346.67
10225	307.63	375.96	253.54
10226	280.88	196.00	365.75
10227	222.75	224.41	218.33
10228	189.10	131.33	275.75
10229	365.62	334.20	418.00
10230	110.44	78.97	183.87
10231	63.48	66.43	61.44
10232	147.32	142.48	152.17
10233	206.18	257.40	182.90
10234	304.30	363.37	176.32
10235	352.18	416.23	259.67
10236	277.74	302.23	183.29
10237	255.38	261.00	249.75
10238	131.93	124.18	160.33
10239	601.00	607.92	591.00
10240	579.71	686.00	438.00
10241	124.09	131.34	112.00
10242	28.50	32.10	24.90
10243	189.60	247.75	96.55
10244	301.44	283.69	376.90
10245	1533.15	872.23	2760.57
10246	231.75	348.17	161.90
10247	1257.88	349.82	3074.00
10248	100.61	121.00	66.63
10249	46.73	31.33	65.20
10250	135.18	120.34	152.50
10251	212.06	222.35	174.33
10252	53.98	44.85	78.33
10253	146.19	154.18	114.96
10254	295.67	299.67	287.67
10255	659.49	421.36	873.80
10256	134.66	104.74	299.25
10257	944.36	1190.17	452.73
10258	345.11	278.00	395.45
10259	87.67	108.71	45.60
10260	247.86	215.24	275.46
10261	60.29	63.52	36.60
10262	87.78	106.68	46.85
10263	111.30	127.27	95.33
10264	340.29	304.00	388.67
10265	130.33	132.00	128.67
10266	191.68	161.53	322.33
10267	99.17	76.18	118.33
10268	203.07	137.42	367.20
10269	67.42	75.26	45.85
10270	136.53	145.42	129.69
10271	257.37	243.19	328.25
10272	268.00	242.36	338.50
10273	883.99	145.78	1345.38
10274	220.89	230.01	202.66
10275	607.71	584.25	613.24
10276	124.24	99.13	224.67
10277	134.07	230.00	62.12
10278	89.76	113.83	57.67
10279	493.92	517.00	378.50
10280	117.30	82.93	151.67
10281	337543.27	204799.80	411289.64
10282	1909.38	1175.25	2643.50
10283	47.11	66.50	18.02
10284	55.90	39.70	77.50
10285	376.75	170.60	524.00
10286	377.50	370.00	385.00
10287	216.33	194.33	238.33
10288	124.26	140.41	86.58
10289	154.04	177.19	101.95
10290	138.59	134.18	143.00
10291	75.97	83.97	63.98
10292	409.10	498.98	337.20
10293	590.33	217.67	963.00
10294	262.60	126.50	353.33
10295	98.79	106.47	70.64
10296	168.39	191.43	87.75
10297	213.29	219.60	192.27
10298	179.49	143.34	242.75
10299	313.52	388.62	215.90
10300	218.93	233.19	203.78
10301	219.88	91.53	316.13
10302	215.56	197.50	251.67
10303	54.44	66.99	29.34
10304	86.68	90.10	83.25
10305	64.87	65.60	64.43
10306	991.77	341.57	1750.33
10307	455.18	556.50	185.00
10308	191.70	182.00	199.79
10309	367.44	262.25	451.60
10310	171.88	116.33	234.37
10311	294.05	230.97	420.20
10312	173.12	172.75	173.50
10313	181.60	188.50	171.25
10314	194.50	216.28	164.00
10315	359.89	189.75	496.00
10316	88.53	102.01	50.34
10317	53.98	52.40	55.30
10318	50.33	60.32	33.67
10319	98.84	49.22	165.00
10320	160.77	155.72	164.80
10321	125.19	113.38	148.80
10322	189.16	374.36	96.56
10323	126.57	100.00	162.00
10324	623.08	654.72	570.33
10325	434.39	417.13	500.19
10326	110.76	132.82	74.00
10327	348.43	351.70	340.25
10328	140.99	144.99	124.00
10329	322.39	380.26	163.22
10330	149.58	157.25	111.27
10331	299.42	331.46	139.25
10332	114.51	108.53	119.00
10333	217.72	171.90	416.27
10334	85.71	64.67	101.50
10335	133.57	147.33	123.25
10336	45.38	47.70	42.29
10337	124.34	105.63	211.67
10338	273.42	560.36	82.13
10339	168.47	78.63	300.58
10340	266.04	155.18	561.67
10341	314.54	227.50	355.99
10342	225.25	243.81	204.74
10343	326.10	328.14	321.33
10344	619.62	881.50	357.75
10345	395.82	321.25	594.67
10346	356.92	401.50	285.60
10347	235.25	249.62	173.00
10348	477.67	344.65	686.70
10349	270.64	264.81	288.14
10350	7996.20	133.00	18480.46
10351	174.11	142.27	198.00
10352	43.64	43.37	43.99
10353	268.33	324.64	108.82
10354	37.00	45.40	26.50
10355	70.44	133.00	23.53
10356	1385.00	393.25	2178.40
10357	201.96	209.95	192.20
10358	1499.90	2389.67	165.25
10359	229.92	212.61	287.63
10360	197.00	195.18	202.17
10361	165.00	108.33	278.33
10362	621.54	591.33	689.50
10363	219.11	226.28	181.50
10364	159.98	223.98	31.97
10365	168.16	148.45	201.00
10366	143.17	157.33	129.00
10367	133.62	111.80	170.00
10368	320.33	126.00	514.67
10369	681.62	552.50	810.75
10370	89.73	75.82	117.56
10371	67.97	90.20	38.33
10372	341.67	408.33	275.00
10373	242.91	250.14	230.25
10374	91.88	54.83	128.93
10375	251.82	399.67	103.97
10376	120.33	96.44	192.00
10377	119.74	117.25	123.90
10378	449.52	450.62	448.20
10379	158.18	156.87	164.50
10380	91.39	86.43	95.11
10381	488.20	699.20	186.77
10382	203.25	157.60	279.33
10383	117.10	117.75	116.45
10384	396.30	446.15	331.50
10385	171.10	129.20	213.00
10386	64.26	64.25	64.30
10387	111.60	117.89	98.56
10388	56.72	26.14	94.95
10389	234.62	227.00	239.20
10390	113.60	88.58	213.67
10391	83.39	89.17	72.36
10392	290.33	328.17	139.00
10393	377.20	407.00	362.30
10394	452.94	387.19	650.20
10395	161.84	186.35	120.99
10396	58.94	64.67	56.08
10397	267.33	337.00	197.67
10398	296.86	198.33	370.75
10399	164.71	192.75	127.33
10400	111.08	97.60	156.00
10401	291.60	390.13	124.09
10402	691.36	1170.40	292.17
10403	253.75	212.34	429.75
10404	98.54	133.87	16.10
10405	76.20	109.40	43.00
10406	152.99	175.05	105.72
10407	594.33	629.33	559.33
10408	37.75	42.37	31.28
10409	186.01	171.51	193.81
10410	827.57	960.91	338.67
10411	190.35	343.45	102.86
10412	207.50	131.67	283.33
10413	500.05	444.67	573.89
10414	91.11	76.75	102.60
10415	215.63	193.15	285.11
10416	856.00	889.50	789.00
10417	256.07	381.15	148.86
10418	115.59	72.53	141.42
10419	147.00	172.00	122.00
10420	65.80	53.11	88.00
10421	168.85	156.15	180.64
10422	117.83	115.54	119.44
10423	286.14	228.25	363.33
10424	265.20	329.80	136.00
10425	71.73	66.13	81.98
10426	749.68	1028.10	123.25
10427	113.36	128.58	85.96
10428	512.00	597.12	285.00
10429	106.35	101.00	110.80
10430	202.56	228.00	179.08
10431	613.55	794.50	131.00
10432	650.11	748.92	304.25
10433	177.70	138.90	226.20
10434	215.67	217.67	213.67
10435	157.89	113.75	187.31
10436	406.86	445.68	333.10
10437	345.76	71.30	482.99
10438	97.48	74.27	110.74
10439	357.57	391.22	256.63
10440	60.52	60.40	60.71
10441	328.36	327.20	329.33
10442	366.14	345.33	374.47
10443	83.92	90.61	76.12
10444	234.83	362.33	107.33
10445	46.32	48.69	21.00
10446	4013.86	3592.33	4345.07
10447	278.83	228.33	329.33
10448	705.99	660.91	916.33
10449	3817.43	6781.33	1594.50
10450	285.25	204.25	366.25
10451	318.91	293.18	383.25
10452	746.12	613.53	1110.75
10453	85.67	41.76	173.50
10454	132.45	137.72	111.33
10455	188.67	129.75	235.80
10456	329.17	233.00	425.33
10457	93.28	97.81	82.41
10458	577.84	819.92	335.75
10459	230.95	264.73	140.85
10460	382.29	356.08	498.78
10461	101.64	107.86	89.20
10462	307.43	285.26	341.17
10463	353.86	418.33	305.50
10464	153.66	164.33	132.33
10465	164.71	206.19	94.20
10466	530.66	542.54	495.00
10467	115.98	73.23	206.22
10468	344.45	428.00	219.12
10469	562.60	116.50	1231.75
10470	2133.17	1838.54	3311.67
10471	295.10	342.57	184.33
10472	147.00	157.60	138.17
10473	137.90	139.57	134.00
10474	1095.06	953.92	1706.67
10475	60.36	30.00	100.83
10476	130.25	136.41	101.00
10477	132.41	124.42	175.00
10478	142.67	144.00	141.33
10479	128.53	55.89	201.17
10480	183.38	151.50	234.40
10481	542.36	735.02	174.54
10482	7072.57	8198.37	92.56
10483	130.79	127.42	137.54
10484	226.09	101.65	392.00
10485	88.06	80.88	97.63
10486	105.86	77.00	144.33
10487	1083.17	2007.33	159.00
10488	366.40	252.80	480.00
10489	313.23	337.86	268.88
10490	319.53	607.56	67.51
10491	254.29	245.14	263.43
10492	577.82	792.27	184.67
10493	155.20	175.16	130.25
10494	98.78	75.63	126.56
10495	143.40	163.62	131.84
10496	203.33	215.13	190.74
10497	600.93	371.00	830.87
10498	310.62	247.80	415.33
10499	211.57	197.50	230.33
10500	165.66	223.00	119.80
10501	137.75	162.67	79.58
10502	71.05	70.14	71.96
10503	339.18	262.00	545.00
10504	156.89	196.72	130.33
10505	157.31	185.47	122.12
10506	44.97	51.20	38.74
10507	3780.85	2943.25	5121.00
10508	97.94	82.35	118.73
10509	488.73	541.61	136.20
10510	442.38	366.62	563.60
10511	71.20	91.52	10.25
10512	199.45	237.73	119.07
10513	8816.42	11357.88	3733.50
10514	123.33	142.09	54.53
10515	121.65	61.80	171.53
10516	56.11	50.35	83.47
10517	2426.50	525.25	3694.00
10518	118.25	114.21	128.78
10519	597.36	893.50	242.00
10520	443.22	212.24	812.80
10521	126.36	123.23	141.50
10522	1037.93	1162.36	885.84
10523	277.47	316.83	210.00
10524	134.66	175.00	94.33
10525	85.63	72.94	107.82
10526	254.77	328.48	153.89
10527	235.94	297.87	186.40
10528	282.09	278.27	298.67
10529	148.38	158.25	138.50
10530	49.41	18.90	79.92
10531	5103.40	11611.67	222.20
10532	297.33	113.00	481.67
10533	62.01	57.09	69.04
10534	232.25	270.55	148.00
10535	277.25	199.22	511.33
10536	1160.00	200.00	2312.00
10537	184.90	191.14	170.33
10538	119.13	181.67	72.22
10539	60.60	46.30	74.90
10540	103.82	105.80	101.35
10541	261.78	253.07	305.33
10542	588.90	599.29	564.67
10543	352.30	416.86	201.67
10544	171.57	187.75	150.00
10545	234.13	174.00	264.20
10546	182.07	122.78	271.00
10547	964.68	1180.24	318.00
10548	251.45	247.60	272.00
10549	238.35	216.89	285.06
10550	257.23	220.35	331.00
10551	158.97	87.33	230.60
10552	146.91	149.82	132.40
10553	46.04	59.20	36.17
10554	428.93	373.40	567.75
10555	375.31	563.80	159.89
10556	279.56	238.40	331.00
10557	158.96	167.04	153.24
10558	206.68	212.77	193.50
10559	2362.47	2132.57	2496.58
10560	193.47	186.29	199.75
10561	142.86	156.50	124.67
10562	57.00	62.55	36.67
10563	627.14	415.95	693.84
10564	440.17	785.00	95.33
10565	164.42	113.64	306.60
10566	64.04	86.80	26.11
10567	369.44	211.48	591.43
10568	98.04	98.35	97.63
10569	246.81	217.52	272.20
10570	188.27	204.64	143.25
10571	176.42	173.98	184.43
10572	350.21	363.76	329.27
10573	266.73	210.85	378.50
10574	166.84	193.22	131.67
10575	231.37	565.29	108.34
10576	219.93	215.82	235.00
10577	191.54	181.50	207.60
10578	283.67	317.17	216.67
10579	468.17	469.86	465.80
10580	423.67	495.00	352.33
10581	298.21	480.78	70.00
10582	319.89	29.62	610.16
10583	38.00	38.80	37.20
10584	240.30	199.00	258.00
10585	215.00	211.17	220.75
10586	133.54	102.45	175.00
10587	82.74	102.33	68.05
10588	131.86	177.14	86.58
10589	269.71	261.36	300.33
10590	80.77	72.27	89.27
10591	170.26	248.60	91.92
10592	1493.78	1663.68	686.75
10593	315.14	277.25	365.67
10594	188.56	211.07	153.53
10595	196.45	203.00	191.00
10596	680.27	760.50	634.43
10597	1594.23	2272.79	101.40
10598	150.07	181.97	111.80
10599	120.73	110.75	147.33
10600	857.54	1905.93	71.25
10601	138.14	120.78	169.40
10602	124.29	128.25	119.00
10603	162.75	142.94	202.38
10604	181.12	152.50	209.75
10605	306.40	268.29	395.33
10606	101.98	124.99	87.82
10607	109.57	86.00	127.25
10608	103.94	111.98	90.53
10609	364.25	608.67	318.42
10610	119.96	146.10	93.83
10611	170.53	165.17	177.67
10612	783.21	1193.90	64.50
10613	208.43	201.33	211.98
10614	211.06	210.52	213.06
10615	114.47	123.14	91.33
10616	182.31	205.50	172.00
10617	267.91	270.43	263.50
10618	99.47	69.91	161.88
10619	134.17	134.67	133.41
10620	352.50	220.25	484.75
10621	138.11	140.51	131.50
10622	114.02	119.90	106.19
10623	156.45	67.20	210.00
10624	238.57	323.75	204.50
10625	389.86	58.67	638.25
10626	989.43	1478.70	342.90
10627	89.60	50.60	113.00
10628	143.46	127.11	181.60
10629	157.86	161.50	153.00
10630	200.48	244.81	82.27
10631	191.00	166.89	305.50
10632	317.49	265.90	371.64
10633	182.22	244.00	151.33
10634	296.89	534.33	178.17
10635	174.72	160.00	183.14
10636	522.19	531.16	502.17
10637	1243.56	123.47	2737.00
10638	958.83	456.33	1461.33
10639	179.85	236.67	111.68
10640	343.14	243.75	475.67
10641	848.31	1050.69	291.75
10642	105.43	89.66	117.25
10643	274.00	225.00	310.75
10644	49.93	64.22	8.51
10645	128.67	126.00	134.00
10646	162.95	166.67	156.13
10647	216.67	254.71	140.57
10648	134.92	81.03	260.67
10649	311.89	387.83	160.00
10650	149.68	162.69	123.64
10651	158.21	170.36	137.97
10652	69.74	48.41	91.08
10653	381.32	396.54	335.63
10654	115.72	127.33	92.50
10655	49.88	53.81	45.29
10656	630.72	701.08	258.86
10657	150.72	152.61	145.67
10658	555.29	1008.25	374.10
10659	1051.56	421.33	2312.00
10660	181.18	196.88	163.24
10661	138.10	90.76	217.00
10662	96.67	115.20	73.50
10663	333.67	310.60	362.50
10664	3768.11	480.50	6398.20
10665	229.50	196.60	262.40
10666	246.02	268.14	207.31
10667	211.94	170.30	281.33
10668	218.68	208.85	258.00
10669	149.08	142.50	155.66
10670	203.66	222.50	184.81
10671	121.59	79.99	178.32
10672	168.86	205.50	120.00
10673	298.21	267.00	360.62
10674	162.00	198.59	129.48
10675	152.57	130.52	189.33
10676	239.57	182.60	271.22
10677	263.97	310.50	237.39
10678	183.50	108.67	258.33
10679	203.15	275.76	94.22
10680	239.91	180.75	273.71
10681	269.54	328.39	151.84
10682	111.62	99.82	131.30
10683	3149.33	2958.00	3340.67
10684	1131.95	1465.07	21.53
10685	1672.20	2181.29	484.33
10686	77.62	82.59	46.57
10687	154.98	81.96	241.27
10688	188.14	203.68	136.33
10689	63.84	38.23	75.47
10690	196.07	239.42	103.19
10691	60.67	57.75	63.00
10692	274.33	242.00	339.00
10693	1489.72	1907.60	1071.83
10694	423.12	441.80	392.00
10695	206.57	129.75	309.00
10696	2973.50	3598.75	2556.67
10697	220.35	151.26	281.32
10698	325.00	419.75	135.50
10699	101.79	114.32	91.06
10700	192.21	161.83	215.00
10701	147.00	172.00	122.00
10702	255.31	233.85	348.33
10703	223.22	297.25	164.00
10704	98.69	85.60	108.50
10705	188.98	179.30	198.67
10706	264.69	253.00	280.27
10707	324.00	103.25	500.60
10708	350.00	497.75	153.00
10709	472.50	373.33	571.67
10710	153.07	62.13	221.28
10711	339.03	281.98	595.75
10712	22.55	22.36	23.33
10713	184.50	195.00	178.20
10714	78.43	124.00	48.06
10715	119.63	109.18	133.99
10716	280.54	429.00	206.32
10717	1081.74	1025.86	1417.00
10718	86.23	92.11	73.00
10719	186.44	157.67	282.33
10720	313.98	342.49	247.47
10721	278.82	244.12	371.33
10722	103.05	150.86	15.38
10723	382.29	361.35	416.31
10724	189.00	194.75	181.33
10725	118.18	180.60	66.17
10726	1156.17	737.23	2413.00
10727	3159.28	4472.86	94.27
10728	104.87	126.00	83.75
10729	248.25	278.67	157.00
10730	228.49	206.89	267.38
10731	465.17	127.36	1366.00
10732	255.25	222.14	281.00
10733	166.00	167.67	163.86
10734	72.84	52.63	88.00
10735	370.10	300.75	416.33
10736	208.73	128.14	396.78
10737	116.29	108.75	126.33
10738	400.72	446.59	297.50
10739	493.83	140.65	635.10
10740	159.43	148.22	184.66
10741	93.26	53.72	172.33
10742	162.21	199.88	124.54
10743	62.75	95.33	30.17
10744	292.52	252.11	416.47
10745	463.88	376.40	609.67
10746	126.50	144.82	115.51
10747	557.00	610.75	485.33
10748	233.08	315.05	80.85
10749	132.52	161.81	85.65
10750	254.06	295.91	188.29
10751	274.83	237.67	312.00
10752	674.00	988.00	412.33
10753	8249.72	10854.00	4994.38
10754	3734.06	5603.20	2332.21
10755	510.33	859.00	161.67
10756	310.70	229.76	406.36
10757	96.41	85.41	118.40
10758	988.39	1016.47	935.74
10759	236.81	156.62	317.00
10760	395.70	534.20	257.20
10761	207.60	228.57	158.67
10762	90.05	89.40	90.70
10763	177.50	206.58	158.11
10764	349.71	589.00	170.25
10765	189.64	164.67	219.60
10766	1044.57	844.60	1155.67
10767	259.12	279.75	197.25
10768	123.89	224.67	48.30
10769	187.17	182.20	212.00
10770	466.91	379.23	664.20
10771	173.82	144.63	203.00
10772	362.78	404.33	279.67
10773	659.90	487.24	1293.00
10774	213.18	253.11	120.00
10775	136.23	158.67	100.97
10776	118.76	91.12	146.40
10777	82.17	81.00	83.33
10778	209.33	190.66	228.00
10779	188.48	82.12	335.76
10780	225.12	281.00	132.00
10781	147.60	55.38	186.03
10782	345.33	387.25	261.50
10783	262.28	288.53	206.50
10784	94.62	84.41	112.47
10785	511.41	514.00	499.33
10786	113.95	107.76	124.27
10787	173.53	132.86	209.12
10788	567.29	414.00	682.25
10789	254.16	256.46	238.71
10790	231.93	159.50	352.65
10791	279.58	295.29	252.45
10792	317.86	395.50	214.33
10793	89.00	113.75	56.00
10794	109.10	111.58	101.68
10795	101.04	99.48	103.37
10796	273.56	342.67	135.33
10797	292.31	306.79	259.47
10798	218.47	205.04	235.25
10799	1685.56	1362.50	1879.40
10800	183.71	174.81	197.05
10801	209.09	200.20	241.67
10802	251.18	371.20	151.17
10803	194.90	133.17	270.33
10804	116.41	75.54	167.50
10805	334.82	139.44	595.33
10806	401.57	185.00	564.00
10807	264.62	197.42	443.83
10808	338.25	426.20	191.67
10809	83.19	75.22	89.16
10810	150.01	151.78	145.40
10811	120.15	119.24	125.33
10812	238.83	325.48	169.52
10813	118.10	140.24	57.23
10814	194.54	213.89	151.00
10815	679.25	171.58	2202.25
10816	302.71	354.11	210.20
10817	773.98	1361.33	69.16
10818	178.77	82.00	227.15
10819	238.43	239.50	237.00
10820	802.38	1066.29	597.11
10821	155.64	145.29	173.75
10822	213.95	232.19	141.00
10823	270.06	158.43	356.88
10824	704.04	737.88	621.86
10825	1163.83	254.33	2073.33
10826	52.96	55.58	50.50
10827	256.18	738.25	95.49
10828	519.53	492.40	573.80
10829	250.15	250.89	248.78
10830	97.24	73.49	137.60
10831	574.87	620.55	270.33
10832	72.82	147.80	10.34
10833	162.14	223.33	116.25
10834	511.00	504.00	532.00
10835	161.60	201.57	68.33
10836	124.54	142.80	101.72
10837	121.00	118.75	124.00
10838	138.60	146.10	129.22
10839	54.02	66.98	45.05
10840	287.80	308.00	267.60
10841	449.87	508.62	293.20
10842	171.44	200.40	113.50
10843	809.08	1004.77	75.25
10844	190.90	159.11	216.91
10845	470.00	512.33	438.25
10846	82.02	95.27	68.77
10847	77.53	50.23	98.00
10848	172.67	205.33	93.37
10849	64.99	59.05	74.90
10850	62.34	60.60	63.65
10851	305.00	288.43	328.20
10852	96.85	142.56	78.56
10853	132.83	99.27	158.00
10854	138.27	137.50	139.20
10855	343.24	427.90	258.58
10856	247.00	225.33	260.00
10857	24.21	37.62	14.15
10858	242.83	229.33	256.33
10859	87.85	89.16	83.25
10860	774.50	1034.43	410.60
10861	366.99	386.63	312.00
10862	114.18	101.61	148.75
10863	212.17	237.30	178.67
10864	111.13	116.17	101.05
10865	202.34	235.93	145.23
10866	248.14	167.67	308.50
10867	133.66	130.80	137.25
10868	185.79	288.83	31.22
10869	228.00	214.67	234.67
10870	50.97	33.33	68.60
10871	179.17	147.67	210.67
10872	163.42	238.33	142.99
10873	69.76	73.88	60.50
10874	188.79	151.56	387.33
10875	65.25	72.32	53.47
10876	1142.00	1867.75	174.33
10877	272.79	225.23	397.62
10878	167.89	147.97	202.75
10879	432.56	376.73	488.39
10880	292.73	263.19	361.67
10881	177.26	195.88	116.75
10882	211.51	214.57	203.33
10883	441.80	381.00	502.60
10884	24.17	28.29	9.08
10885	145.68	204.33	116.35
10886	320.20	314.92	342.62
10887	313.83	174.67	453.00
10888	152.96	126.08	213.45
10889	171.18	185.50	154.00
10890	194.81	219.65	166.65
10891	157.79	179.43	121.73
10892	239.00	304.50	173.50
10893	988.63	1019.38	865.67
10894	146.48	149.62	143.33
10895	171.22	98.33	462.77
10896	83.31	57.39	143.80
10897	161.12	141.00	181.25
10898	72.36	91.60	40.30
10899	186.44	164.60	196.36
10900	187.30	191.93	173.40
10901	3783.71	287.50	8445.33
10902	237.82	270.83	198.20
10903	332.43	343.25	318.00
10904	4146.17	2801.67	5490.67
10905	231.26	306.95	130.33
10906	1517.86	1795.50	1147.67
10907	2892.44	5070.60	169.75
10908	113.66	113.64	113.69
10909	97.00	78.67	110.75
10910	161.89	218.94	47.79
10911	129.18	91.31	161.23
10912	349.25	310.20	414.33
10913	277.07	186.22	317.44
10914	83.55	84.64	80.27
10915	347.25	243.80	519.67
10916	787.00	903.38	554.25
10917	146.13	167.97	117.00
10918	169.50	159.25	190.00
10919	347.93	388.48	145.17
10920	177.68	85.48	331.33
10921	73.99	58.73	94.33
10922	146.81	26.18	307.67
10923	33.54	59.70	20.47
10924	390.05	474.45	170.60
10925	38.65	56.43	29.76
10926	177.58	119.46	253.86
10927	183.99	177.09	201.25
10928	214.89	303.00	144.40
10929	180.67	119.67	241.67
10930	266.18	130.00	447.75
10931	169.46	164.27	177.25
10932	247.14	241.67	251.25
10933	2177.50	58.97	4296.04
10934	476.25	786.25	166.25
10935	155.16	143.81	204.33
10936	293.68	280.40	315.80
10937	126.56	54.31	253.00
10938	134.47	164.44	93.25
10939	236.14	230.88	238.78
10940	302.52	200.50	540.58
10941	298.18	282.00	341.33
10942	233.14	241.62	220.89
10943	170.00	166.43	178.33
10944	544.11	272.00	748.20
10945	213.83	165.67	262.00
10946	132.18	138.06	124.33
10947	1380.91	1655.26	228.66
10948	282.00	263.62	311.40
10949	8393.64	1077.95	23512.73
10950	93.75	56.76	104.03
10951	324.64	292.00	366.18
10952	137.31	149.20	122.45
10953	131.56	142.00	108.60
10954	204.40	312.40	69.40
10955	105.90	114.30	91.90
10956	208.41	241.97	183.25
10957	321.50	308.67	334.33
10958	252.62	246.67	270.47
10959	205.18	170.68	313.00
10960	169.44	143.33	221.67
10961	108.50	105.00	112.00
10962	138.35	134.35	144.76
10963	213.86	163.78	304.00
10964	95.48	115.44	42.27
10965	170.71	133.83	281.33
10966	41.30	38.25	45.88
10967	385.42	38.30	1156.80
10968	141.73	173.40	99.50
10969	313.59	297.17	355.56
10970	61.51	65.96	48.60
10971	83.75	80.60	89.00
10972	425.50	650.00	201.00
10973	577.06	587.31	550.40
10974	111.86	42.50	204.33
10975	275.68	381.72	216.78
10976	151.14	157.54	138.33
10977	33.55	27.19	37.36
10978	21.02	13.53	25.52
10979	243.12	280.85	163.89
10980	262.32	182.11	374.60
10981	268.14	285.50	245.00
10982	141.87	48.24	188.68
10983	219.47	45.58	451.33
10984	307.15	335.92	281.76
10985	277.36	256.88	332.00
10986	59.36	58.46	60.86
10987	188.86	178.75	202.33
10988	319.36	627.75	10.97
10989	384.32	389.50	375.25
10990	534.38	658.67	459.80
10991	156.10	199.71	54.33
10992	133.75	72.04	207.80
10993	247.74	339.25	181.18
10994	97.31	110.97	70.00
10995	72.00	65.83	84.33
10996	76.10	76.40	75.72
10997	286.70	282.91	291.44
10998	88.47	63.33	122.00
10999	241.73	231.40	250.33
11000	275.00	346.50	179.67
11001	185.62	190.60	177.33
11002	555.06	602.75	491.48
11003	211.00	208.00	221.50
11004	391.11	415.13	207.00
11005	333.25	440.80	154.00
11006	209.44	116.00	326.25
11007	331.07	288.33	363.12
11008	307.77	148.71	493.33
11009	400.31	391.87	407.90
11010	275.38	227.40	347.35
11011	261.74	97.22	426.25
11012	201.20	237.33	147.00
11013	218.29	273.50	144.67
11014	69.24	52.68	89.95
11015	383.21	537.38	229.04
11016	334.00	326.40	343.50
11017	208.82	265.13	130.00
11018	3706.94	3062.50	4351.38
11019	257.34	217.87	375.75
11020	397.44	400.47	391.00
11021	123.95	57.95	218.24
11022	1093.03	1189.15	260.00
11023	87.44	65.26	124.40
11024	113.09	71.00	155.19
11025	307.55	173.14	542.75
11026	306.25	289.33	357.00
11027	142.57	205.16	38.27
11028	81.98	89.59	62.95
11029	907.62	344.37	1430.64
11030	618.63	926.83	207.70
11031	305.40	255.83	379.75
11032	148.95	157.06	127.33
11033	71.60	49.87	93.33
11034	45.87	73.00	13.32
11035	216.88	232.75	201.00
11036	235.05	190.77	319.92
11037	69.12	48.59	110.20
11038	78.31	83.33	73.30
11039	163.71	174.50	149.33
11040	208.29	171.33	236.00
11041	229.76	274.31	60.48
11042	178.14	197.75	152.00
11043	265.18	270.25	251.67
11044	1667.38	1659.75	1679.60
11045	125.35	95.35	235.33
11046	264.02	107.37	420.67
11047	400.73	543.00	282.17
11048	622.70	387.00	779.83
11049	365.50	574.75	156.25
11050	141.29	123.00	155.00
11051	161.65	152.07	172.18
11052	51.66	53.00	50.65
11053	172.18	221.33	113.20
11054	240.14	294.83	167.22
11055	108.74	99.71	124.53
11056	185.00	143.33	226.67
11057	205.48	304.31	144.29
11058	552.20	544.40	560.00
11059	324.57	273.75	392.33
11060	208.41	239.73	89.40
11061	983.67	1418.45	176.21
11062	72.52	90.67	27.15
11063	239.87	237.90	245.75
11064	164.35	161.20	165.79
11065	174.56	139.20	218.75
11066	384.08	417.71	302.43
11067	257.33	186.18	306.25
11068	172.00	200.50	134.00
11069	13436.92	26838.33	35.50
11070	329.62	296.93	427.70
11071	346.58	500.50	269.62
11072	330.04	321.80	385.00
11073	365.17	249.00	481.33
11074	1060.47	1546.50	574.45
11075	226.73	161.00	250.64
11076	187.38	200.80	165.00
11077	286.12	294.50	276.05
11078	296.88	273.00	311.20
11079	288.24	354.34	232.57
11080	126.71	108.44	147.25
11081	121.40	102.80	134.69
11082	55.10	51.83	60.56
11083	358.67	289.00	414.40
11084	259.85	259.04	265.50
11085	208.22	237.17	150.33
11086	194.18	187.39	221.33
11087	118.13	157.82	42.71
11088	349.62	334.67	387.00
11089	157.26	159.32	148.20
11090	198.40	235.33	143.00
11091	472.15	605.33	338.97
11092	607.06	310.99	1258.40
11093	255.67	265.08	199.17
11094	175.90	209.25	142.54
11095	84.66	57.51	119.56
11096	60.49	67.25	51.47
11097	46.85	58.17	25.63
11098	150.88	201.67	120.40
11099	284.07	276.25	302.32
11100	96.97	128.44	44.53
11101	2556.29	3341.67	1967.25
11102	445.38	353.20	599.00
11103	139.85	139.11	142.57
11104	157.94	240.95	47.27
11105	93.53	140.75	46.30
11106	366.75	361.00	376.33
11107	368.35	284.59	843.00
11108	78.32	79.40	75.70
11109	287.57	286.33	288.50
11110	157.85	47.56	268.13
11111	107.87	106.67	108.47
11112	1124.75	762.50	1487.00
11113	325.45	394.14	205.25
11114	225.88	219.75	232.00
11115	38.35	41.37	29.29
11116	15245.76	17420.48	7996.67
11117	214.34	173.85	268.33
11118	232.68	328.13	73.60
11119	232.27	225.14	235.60
11120	2475.50	2299.00	2652.00
11121	136.29	129.00	141.75
11122	117.98	83.20	141.17
11123	287.44	153.80	454.50
11124	626.25	334.80	1112.00
11125	166.89	194.40	132.50
11126	286.72	287.08	286.00
11127	203.28	163.18	266.29
11128	152.10	140.38	173.86
11129	103.51	95.30	126.89
11130	117.45	115.24	121.00
11131	353.00	353.00	353.00
11132	28.44	44.33	16.52
11133	259.68	295.91	179.98
11134	7141.29	7481.44	6120.84
11135	69.38	65.00	76.67
11136	187.74	180.45	202.31
11137	98.79	103.63	96.71
11138	92.92	59.94	195.19
11139	152.61	99.00	195.50
11140	151.41	126.03	169.54
11141	7407.03	10350.26	2199.77
11142	130.78	173.83	79.12
11143	115.37	94.85	142.73
11144	70.47	56.38	93.97
11145	169.18	213.67	115.80
11146	85.25	104.26	53.57
11147	220.62	338.33	150.00
11148	320.62	378.00	263.25
11149	27.42	22.52	33.94
11150	138.04	124.16	143.38
11151	658.75	839.71	405.40
11152	98.32	90.69	124.27
11153	61.79	42.20	76.49
11154	147.81	175.30	102.00
11155	150.33	161.60	136.25
11156	215.87	202.32	252.00
11157	81.45	81.30	81.60
11158	473.55	608.76	118.62
11159	138.18	97.40	178.95
11160	293.58	303.43	283.73
11161	488.53	529.32	290.43
11162	1142.52	1526.28	375.00
11163	167.14	136.75	207.67
11164	133.07	128.66	138.81
11165	108.96	73.40	180.09
11166	261.79	242.00	272.78
11167	407.66	399.99	430.67
11168	679.07	625.33	719.38
11169	466.45	137.05	823.31
11170	124.37	40.89	207.84
11171	191.83	238.43	98.62
11172	283.93	310.49	239.67
11173	50.48	53.64	40.20
11174	230.36	237.12	212.33
11175	637.56	754.60	491.25
11176	100.47	87.14	117.12
11177	200.62	182.60	230.67
11178	218.70	191.57	313.67
11179	54.50	37.20	67.47
11180	230.59	249.88	184.30
11181	57.59	78.93	36.25
11182	241.69	261.58	211.85
11183	179.98	65.63	265.75
11184	178.03	200.96	71.00
11185	50.24	39.54	82.33
11186	237.08	200.38	310.50
11187	1446.44	2298.00	382.00
11188	246.42	312.61	91.97
11189	296.75	331.00	262.50
11190	61.69	43.30	77.79
11191	225.14	278.25	154.33
11192	157.90	192.50	134.83
11193	51.05	54.89	41.45
11194	90.97	93.25	88.69
11195	107.33	120.67	94.00
11196	343.20	340.64	346.45
11197	74.22	77.11	70.75
11198	267.00	210.00	381.00
11199	273.50	324.40	188.67
11200	49.37	40.16	52.65
11201	135.33	113.60	162.50
11202	131.18	179.60	50.47
11203	262.14	321.14	158.88
11204	365.93	482.41	16.50
11205	79.18	89.40	55.33
11206	188.72	185.36	197.67
11207	552.41	111.80	1081.15
11208	1340.50	1614.17	930.00
11209	1261.88	92.00	3211.67
11210	85.89	45.29	180.63
11211	388.50	321.33	455.67
11212	104.55	105.27	101.50
11213	351.47	372.78	319.50
11214	260.57	258.43	267.70
11215	135.54	159.62	71.33
11216	169.93	160.05	245.67
11217	164.03	140.00	176.05
11218	27.46	15.86	46.80
11219	173.72	226.67	110.18
11220	126.57	127.50	125.33
11221	50.10	36.93	63.27
11222	155.80	63.04	473.83
11223	206.26	152.70	253.12
11224	259.89	267.71	246.20
11225	213.67	195.90	235.88
11226	314.97	231.54	390.81
11227	124.14	121.89	128.20
11228	299.84	304.56	290.40
11229	181.10	158.00	204.20
11230	357.46	390.71	318.67
11231	74.94	109.04	40.85
11232	169.00	117.00	238.33
11233	936.87	1160.33	43.00
11234	209.48	274.69	116.33
11235	208.40	220.62	194.43
11236	441.76	258.00	552.01
11237	354.99	101.38	777.67
11238	209.42	168.25	232.94
11239	153.94	179.69	144.93
11240	290.00	348.67	246.00
11241	365.46	342.50	442.00
11242	234.27	189.23	293.15
11243	119.81	125.70	78.60
11244	332.06	313.67	365.18
11245	120.38	86.98	153.78
11246	138.43	151.25	121.33
11247	162.23	173.08	136.18
11248	63.68	56.95	72.66
11249	210.99	288.00	133.98
11250	98.79	98.27	100.00
11251	1939.33	1475.83	2286.95
11252	304.81	345.80	236.50
11253	5615.37	8375.57	94.97
11254	231.03	181.00	297.73
11255	194.05	187.18	204.92
11256	163.71	142.00	180.00
11257	1229.53	818.50	1503.56
11258	101.79	101.34	103.58
11259	166.78	164.08	198.50
11260	165.99	225.33	121.49
11261	163.33	177.67	149.00
11262	36.50	3.67	69.33
11263	142.59	157.53	101.50
11264	57.15	46.10	68.20
11265	489.03	404.66	1389.00
11266	66.54	65.05	70.52
11267	215.09	281.18	142.05
11268	821.12	1114.80	331.67
11269	21.56	17.14	27.09
11270	257.13	123.30	357.50
11271	1015.86	1483.50	392.33
11272	143.09	178.45	95.93
11273	146.00	174.00	108.67
11274	419.28	525.98	227.20
11275	1467.83	3140.93	213.00
11276	277.81	243.82	318.60
11277	253.10	196.38	324.00
11278	310.67	308.11	318.33
11279	707.29	881.20	127.60
11280	223.83	255.33	192.33
11281	185.35	143.72	261.67
11282	12.72	9.70	15.75
11283	224.78	187.75	254.40
11284	120.12	137.55	11.24
11285	243.32	170.67	367.86
11286	538.00	582.00	479.33
11287	206.25	215.43	160.33
11288	234.12	280.89	125.00
11289	192.79	132.33	301.60
11290	247.91	280.00	236.59
11291	223.83	206.67	241.00
11292	165.00	206.80	95.33
11293	151.33	186.14	73.00
11294	125.32	149.11	101.53
11295	168.38	149.00	187.75
11296	3682.50	5095.00	2270.00
11297	249.68	354.83	201.15
11298	469.62	503.40	413.33
11299	12.33	12.04	12.76
11300	233.09	403.50	91.08
11301	3817.71	1873.13	7058.67
11302	202.35	223.02	146.23
11303	350.12	201.00	499.25
11304	2080.44	260.43	3900.44
11305	835.03	1211.78	156.88
11306	154.40	197.13	140.16
11307	165.57	170.53	146.95
11308	382.17	538.00	226.33
11309	265.33	252.70	281.12
11310	77.22	72.32	103.64
11311	56.48	41.58	74.36
11312	778.69	175.81	1080.12
11313	457.83	512.50	403.17
11314	347.11	382.33	276.67
11315	180.57	199.75	155.00
11316	885.57	628.25	1228.67
11317	169.90	121.32	234.67
11318	405.85	385.35	494.67
11319	273.32	332.17	214.47
11320	261.14	389.00	165.25
11321	64.99	17.15	136.75
11322	135.15	178.58	37.45
11323	223.18	185.00	280.45
11324	46.83	48.89	41.33
11325	346.00	288.67	380.40
11326	202.75	172.00	233.50
11327	180.98	171.81	197.36
11328	353.60	263.67	488.50
11329	171.25	165.33	174.80
11330	6253.57	3079.75	10485.33
11331	139.80	166.75	121.83
11332	82.35	82.00	83.75
11333	56.97	39.78	91.33
11334	591.71	694.04	100.54
11335	597.41	719.34	262.12
11336	92.71	95.21	86.86
11337	289.50	378.00	201.00
11338	3315.14	1417.38	5845.50
11339	267.32	227.05	368.00
11340	280.64	239.62	335.33
11341	615.71	570.25	676.33
11342	2901.00	2543.00	3259.00
11343	124.88	124.00	126.33
11344	354.00	287.50	531.33
11345	990.71	340.43	1641.00
11346	50.82	80.83	5.80
11347	270.75	282.04	124.00
11348	32.89	37.76	23.15
11349	337.14	156.00	578.67
11350	288.59	296.50	261.88
11351	1044.89	1176.55	913.22
11352	73.45	61.00	83.83
11353	159.47	168.95	86.00
11354	1857.88	355.00	2759.60
11355	284.23	589.60	29.75
11356	309.83	261.67	358.00
11357	3382.70	3169.88	4234.00
11358	230.14	234.66	223.68
11359	184.00	167.67	200.33
11360	282.50	264.00	294.83
11361	4147.08	5355.25	764.20
11362	210.15	161.86	294.66
11363	91.63	75.60	99.65
11364	1581.00	486.75	3040.00
11365	220.81	253.50	116.20
11366	78.86	71.73	124.00
11367	211.98	246.29	131.93
11368	281.84	604.60	88.18
11369	102.62	115.80	76.25
11370	246.00	260.33	235.25
11371	121.02	103.86	135.32
11372	2729.14	3022.71	1731.00
11373	272.90	265.62	277.75
11374	168.33	152.00	184.67
11375	275.62	143.50	407.75
11376	122.91	159.50	37.53
11377	153.98	216.40	101.97
11378	477.57	601.75	312.00
11379	157.14	171.67	146.25
11380	188.44	173.14	206.80
11381	165.33	200.33	130.33
11382	220.24	147.45	353.67
11383	122.19	119.00	128.57
11384	305.88	312.40	295.00
11385	1113.67	382.67	3306.67
11386	340.56	343.67	334.33
11387	312.55	337.12	247.00
11388	890.11	315.75	1349.60
11389	298.00	420.33	175.67
11390	337.40	367.77	195.67
11391	108.95	97.04	144.67
11392	2034.70	474.50	4375.00
11393	283.30	340.00	226.60
11394	362.71	280.50	472.33
11395	532.00	645.43	333.50
11396	138.66	133.99	142.75
11397	2017.50	3447.33	587.67
11398	75.93	56.40	103.27
11399	389.25	283.60	565.33
11400	162.47	244.43	19.04
11401	196.28	199.75	191.67
11402	1170.33	192.83	3125.33
11403	423.00	383.62	580.50
11404	192.92	374.67	138.40
11405	285.62	314.80	237.00
11406	231.49	219.87	248.07
11407	625.20	427.57	971.06
11408	258.49	307.87	192.66
11409	158.00	153.25	164.33
11410	226.50	225.00	228.00
11411	149.07	162.71	113.83
11412	2321.43	1774.40	3689.00
11413	599.40	894.40	304.40
11414	260.18	230.07	295.30
11415	482.76	486.00	480.16
11416	146.72	175.00	138.64
11417	238.16	324.36	166.33
11418	258.15	329.33	97.97
11419	224.53	217.67	252.00
11420	101.11	72.76	140.80
11421	281.38	259.00	294.80
11422	714.73	809.81	503.44
11423	187.12	170.60	214.67
11424	345.18	645.60	44.76
11425	832.41	176.75	1881.46
11426	267.30	176.00	328.17
11427	479.55	584.80	391.83
11428	118.94	120.00	118.42
11429	103.17	76.79	115.26
11430	238.63	306.84	79.48
11431	269.30	344.05	60.00
11432	370.80	430.20	311.40
11433	938.12	1909.00	355.60
11434	154.35	99.43	308.12
11435	216.60	283.00	150.20
11436	17.93	26.54	5.02
11437	383.18	307.33	474.20
11438	144.73	267.49	44.29
11439	108.69	140.98	54.87
11440	243.40	236.71	259.00
11441	92.26	92.86	89.42
11442	220.00	254.25	197.16
11443	45.51	81.27	24.05
11444	668.97	145.67	1061.45
11445	88.29	81.90	98.93
11446	474.86	333.00	581.25
11447	49.97	59.79	7.40
11448	1185.33	103.25	2051.00
11449	122.80	127.64	117.95
11450	1556.55	1992.73	1120.36
11451	389.10	484.83	245.50
11452	251.38	343.48	136.25
11453	221.82	105.63	338.00
11454	452.00	432.12	558.00
11455	369.64	492.38	42.33
11456	203.38	180.70	279.00
11457	2040.97	2728.69	1009.40
11458	205.90	157.00	261.79
11459	265.77	65.87	465.67
11460	167.88	172.20	160.67
11461	929.50	850.73	1218.33
11462	45.26	76.00	14.53
11463	237.82	269.00	154.67
11464	331.75	269.20	436.00
11465	77.55	62.42	98.35
11466	186.89	215.31	148.98
11467	142.36	151.78	126.67
11468	188.84	175.44	238.00
11469	2806.50	3532.53	1354.45
11470	45.78	38.19	57.94
11471	706.14	525.56	1031.20
11472	155.03	165.50	136.70
11473	1074.43	895.36	1253.50
11474	151.93	222.80	112.56
11475	53.03	30.40	71.14
11476	107.60	108.85	104.67
11477	153.78	165.00	131.33
11478	219.38	195.33	273.50
11479	944.54	330.50	1217.44
11480	370.50	282.33	458.67
11481	258.19	316.00	177.25
11482	199.25	213.80	175.00
11483	30.53	33.27	28.48
11484	137.05	125.43	164.17
11485	376.42	452.75	281.00
11486	299.97	182.93	417.00
11487	93.33	94.67	92.00
11488	353.33	368.67	338.00
11489	268.97	259.93	278.00
11490	105.60	93.25	155.00
11491	195.43	212.33	182.75
11492	52.44	61.72	42.13
11493	225.31	229.38	221.25
11494	242.11	212.50	281.60
11495	242.18	222.00	268.13
11496	1308.03	1567.19	854.50
11497	101.43	97.45	117.33
11498	388.50	414.14	328.67
11499	235.77	321.00	136.33
11500	781.33	572.33	1199.33
11501	396.43	364.00	420.75
11502	242.11	241.21	251.08
11503	12065.61	10896.99	16389.50
11504	46.93	45.16	48.69
11505	89.57	75.12	128.10
11506	591.17	983.33	199.00
11507	534.65	626.53	381.50
11508	116.33	88.00	144.67
11509	89.70	79.40	99.99
11510	232.95	225.00	242.50
11511	478.80	464.44	490.55
11512	209.50	257.00	162.00
11513	75.56	69.26	128.00
11514	187.31	178.92	194.41
11515	238.47	231.26	249.62
11516	109.50	106.90	111.87
11517	397.67	391.00	407.00
11518	1404.00	1919.40	759.75
11519	115.72	106.20	125.25
11520	218.98	229.25	191.60
11521	234.07	157.96	297.50
11522	145.42	138.60	171.00
11523	133.50	164.20	82.33
11524	1158.24	1558.56	858.00
11525	189.09	154.39	264.28
11526	137.73	144.57	125.75
11527	149.85	128.25	171.45
11528	242.43	268.25	208.00
11529	186.80	191.00	170.00
11530	289.78	313.40	260.25
11531	2470.26	3454.06	10.75
11532	211.36	267.93	126.50
11533	255.51	317.08	50.27
11534	176.00	90.00	262.00
11535	167.72	117.46	192.85
11536	946.75	1592.37	172.00
11537	358.11	316.00	393.21
11538	1138.59	336.24	2582.80
11539	87.18	98.18	40.98
11540	1182.62	876.33	1871.75
11541	228.83	424.34	86.64
11542	364.28	858.00	89.99
11543	175.24	170.89	182.20
11544	262.52	376.12	132.69
11545	174.00	194.50	157.60
11546	264.94	311.11	238.00
11547	299.00	355.25	130.25
11548	84.89	51.05	158.22
11549	150.75	175.57	116.00
11550	1798.11	413.80	3459.28
11551	109.57	125.10	73.33
11552	41.18	51.14	28.92
11553	122.68	131.91	88.86
11554	231.85	292.36	131.00
11555	936.17	683.33	1189.00
11556	176.68	76.20	277.16
11557	174.67	197.33	152.00
11558	403.07	380.00	429.43
11559	78.02	94.55	51.58
11560	288.30	350.86	142.33
11561	375.57	253.75	538.00
11562	272.06	312.00	176.20
11563	166.31	191.39	81.04
11564	1143.84	1235.62	1077.09
11565	271.22	392.80	119.25
11566	84.84	92.50	77.17
11567	267.23	341.41	137.40
11568	158.85	175.93	118.99
11569	112.89	80.69	155.83
11570	637.68	390.58	1354.26
11571	413.18	473.67	340.60
11572	464.18	245.80	646.16
11573	786.33	666.33	906.33
11574	395.14	358.00	441.56
11575	540.09	908.00	253.94
11576	380.78	405.17	332.00
11577	331.43	319.57	343.29
11578	188.25	198.83	172.38
11579	251.15	306.21	180.36
11580	118.67	148.67	103.67
11581	181.51	147.99	302.20
11582	292.00	277.25	311.67
11583	41.73	51.40	22.39
11584	166.15	172.80	144.00
11585	346.33	243.30	552.40
11586	247.27	226.00	293.37
11587	253.11	248.00	259.50
11588	216.00	243.25	188.75
11589	150.73	148.79	158.23
11590	108.24	128.73	77.50
11591	85.88	102.36	41.93
11592	380.83	393.00	368.67
11593	349.57	400.53	222.17
11594	389.67	294.00	581.00
11595	223.63	166.35	372.56
11596	105.74	128.00	89.05
11597	75.42	62.98	89.93
11598	52.81	28.34	167.00
11599	337.20	317.37	371.45
11600	155.10	170.54	130.00
11601	132.11	117.98	155.67
11602	125.99	114.58	145.00
11603	893.25	1736.00	291.29
11604	180.37	165.89	199.00
11605	1737.82	2655.19	514.67
11606	124.18	110.77	173.33
11607	1874.61	3611.55	282.42
11608	201.22	190.60	214.50
11609	130.59	150.53	91.72
11610	570.25	649.20	438.66
11611	129.52	78.81	218.25
11612	161.38	111.75	211.00
11613	235.25	223.00	265.00
11614	584.75	482.40	755.33
11615	330.62	379.09	224.00
11616	178.84	285.98	36.00
11617	200.91	40.14	290.22
11618	714.68	991.99	90.75
11619	182.04	174.24	194.09
11620	361.88	444.00	225.00
11621	44.44	54.59	28.49
11622	1490.43	425.50	2910.33
11623	208.07	221.81	197.38
11624	300.50	282.50	327.50
11625	523.37	594.75	237.87
11626	145.38	140.50	150.25
11627	487.40	505.88	462.78
11628	189.67	201.00	178.33
11629	160.33	197.67	123.00
11630	95.80	91.40	101.67
11631	222.67	332.00	113.33
11632	86.35	62.41	142.20
11633	148.40	153.00	130.00
11634	670.69	820.40	171.67
11635	262.00	228.00	304.50
11636	50.12	30.66	67.42
11637	369.91	133.36	517.75
11638	197.09	190.25	201.00
11639	273.89	106.11	357.78
11640	182.75	241.33	147.60
11641	245.12	121.07	307.14
11642	411.42	470.67	309.36
11643	109.60	118.30	83.50
11644	243.98	240.29	247.67
11645	60.75	54.30	67.20
11646	115.47	139.00	50.75
11647	260.21	267.45	242.12
11648	925.88	968.77	831.50
11649	254.11	212.00	275.17
11650	191.28	131.83	237.52
11651	90.02	57.17	147.50
11652	630.50	530.67	780.25
11653	24.25	21.01	35.05
11654	164.21	146.55	227.29
11655	87.08	87.75	86.25
11656	135.18	109.97	194.00
11657	324.23	249.36	449.00
11658	157.50	157.40	157.60
11659	511.71	641.00	339.33
11660	529.02	640.44	278.32
11661	221.33	187.11	324.00
11662	2294.68	1018.46	3343.00
11663	347.23	312.49	386.93
11664	277.12	315.59	233.85
11665	67.40	100.38	26.18
11666	209.60	262.00	157.20
11667	797.54	841.67	764.45
11668	202.39	262.54	142.25
11669	167.21	195.50	144.58
11670	642.96	211.21	2369.94
11671	287.38	258.40	335.67
11672	131.05	111.77	155.84
11673	188.65	210.88	125.67
11674	201.09	235.15	156.80
11675	163.60	161.67	170.67
11676	118.64	121.66	116.91
11677	472.83	483.33	462.33
11678	161.88	280.00	67.38
11679	149.05	74.82	235.65
11680	242.75	149.00	399.00
11681	376.39	390.05	359.31
11682	310.71	393.92	136.75
11683	190.46	161.00	288.67
11684	186.99	205.58	155.11
11685	384.63	414.62	274.67
11686	408.19	527.70	333.49
11687	30.28	45.42	7.58
11688	44.71	37.16	49.42
11689	297.22	294.87	309.00
11690	409.00	549.67	303.50
11691	160.33	192.00	128.67
11692	532.45	553.04	492.85
11693	292.68	115.00	444.99
11694	504.29	547.33	472.00
11695	337.14	248.00	456.00
11696	120.44	182.71	58.16
11697	385.30	418.00	352.60
11698	183.68	142.99	235.99
11699	194.81	185.67	215.71
11700	206.64	147.67	228.75
11701	106.35	94.95	117.75
11702	1959.58	628.30	3956.50
11703	86.51	72.12	105.00
11704	341.15	298.43	400.96
11705	401.41	452.55	307.67
11706	193.41	329.53	57.29
11707	179.67	151.40	215.00
11708	245.55	226.00	265.11
11709	91.37	98.01	76.45
11710	216.10	173.57	315.33
11711	209.19	224.90	166.00
11712	368.95	426.62	215.17
11713	234.06	361.55	163.95
11714	217.26	235.49	168.67
11715	537.48	486.38	701.00
11716	55.77	40.93	70.60
11717	351.64	421.25	258.83
11718	45.45	39.39	67.67
11719	266.20	297.33	219.50
11720	284.55	329.17	231.00
11721	658.50	771.33	590.80
11722	130.68	124.22	137.99
11723	527.30	547.68	453.18
11724	252.69	141.25	401.27
11725	678.58	781.71	437.93
11726	521.67	685.00	195.00
11727	668.91	109.36	923.25
11728	497.04	733.73	125.11
11729	62.72	56.48	68.97
11730	370.40	343.60	424.00
11731	242.44	205.00	261.17
11732	299.27	292.67	309.17
11733	89.85	66.84	101.36
11734	403.10	465.86	256.67
11735	282.14	244.00	333.00
11736	137.75	183.00	97.53
11737	541.88	689.56	453.27
11738	2195.59	1513.58	3832.40
11739	156.30	97.52	253.11
11740	120.06	188.80	95.79
11741	99.98	109.17	88.75
11742	67.36	68.06	65.27
11743	357.30	315.17	420.50
11744	139.36	150.81	73.50
11745	112.38	131.20	81.00
11746	317.59	325.17	262.00
11747	58.89	80.26	49.18
11748	90.43	73.98	111.00
11749	132.78	97.23	163.24
11750	379.89	369.74	405.25
11751	68.99	82.25	51.32
11752	50.59	31.80	81.90
11753	380.64	407.36	321.28
11754	297.67	290.67	304.67
11755	1665.43	2049.85	50.86
11756	216.44	166.25	256.60
11757	380.57	444.44	265.60
11758	133.37	215.60	51.12
11759	18.22	19.52	16.92
11760	214.21	205.70	225.56
11761	185.14	184.67	185.50
11762	311.00	349.00	280.60
11763	77.24	80.50	71.36
11764	224.17	251.33	197.00
11765	197.68	198.80	196.56
11766	239.15	221.62	250.83
11767	298.82	42.97	554.67
11768	270.89	273.04	265.89
11769	185.38	141.40	258.67
11770	371.92	431.64	302.24
11771	294.83	247.00	342.67
11772	321.29	153.25	545.33
11773	243.70	346.75	140.65
11774	408.94	406.33	411.88
11775	167.07	195.72	71.57
11776	191.77	203.69	159.00
11777	138.75	121.16	156.33
11778	184.84	242.76	97.97
11779	130.83	101.25	170.27
11780	435.91	620.33	214.60
11781	241.12	244.60	235.33
11782	659.07	1073.76	140.70
11783	865.48	818.83	974.33
11784	114.13	155.93	72.33
11785	242.70	71.22	471.33
11786	94.56	127.63	74.72
11787	214.66	156.61	316.25
11788	216.43	283.25	127.33
11789	174.55	182.40	151.00
11790	29.15	26.59	31.19
11791	1325.25	1980.20	233.67
11792	138.72	140.22	137.22
11793	63.79	52.63	71.51
11794	212.47	213.05	211.20
11795	285.50	217.75	353.25
11796	114.42	167.67	61.17
11797	91.69	102.43	66.63
11798	292.90	318.19	208.60
11799	285.50	97.25	411.00
11800	851.06	925.00	758.62
11801	69.62	73.84	58.66
11802	36.04	35.43	36.95
11803	281.62	420.40	194.88
11804	186.29	140.67	220.50
11805	346.00	427.43	203.50
11806	283.56	232.00	348.00
11807	583.33	418.00	748.67
11808	227.04	206.91	274.00
11809	666.70	690.17	631.50
11810	266.56	267.20	265.75
11811	332.25	288.60	405.00
11812	208.79	181.83	276.17
11813	373.35	341.96	425.67
11814	128.05	85.72	158.29
11815	362.33	340.67	384.00
11816	455.38	348.67	695.50
11817	5273.58	5324.15	5164.00
11818	342.89	573.00	189.48
11819	191.56	127.75	242.60
11820	136.28	145.37	109.00
11821	642.76	808.93	393.50
11822	129.54	154.67	79.30
11823	250.28	229.43	292.00
11824	167.73	141.65	219.90
11825	93.93	99.52	86.95
11826	410.00	378.75	441.25
11827	639.40	831.82	230.50
11828	169.97	223.67	116.27
11829	5437.33	10279.33	595.33
11830	105.96	100.10	117.67
11831	680.88	751.00	564.00
11832	1760.41	495.12	3784.86
11833	109.78	90.40	134.00
11834	302.42	353.00	204.43
11835	119.94	76.07	324.67
11836	31.33	26.93	36.18
11837	760.57	969.64	252.86
11838	12.75	6.00	16.60
11839	166.81	206.30	152.00
11840	166.54	123.82	230.62
11841	97.19	89.61	107.30
11842	158.50	90.97	216.39
11843	191.62	153.25	230.00
11844	3050.38	3080.00	3037.69
11845	313.50	411.33	215.67
11846	228.82	199.67	263.80
11847	311.33	211.00	411.67
11848	172.92	197.60	138.08
11849	69.45	32.78	100.00
11850	154.97	128.93	181.00
11851	99.11	84.95	118.00
11852	291.22	309.00	217.57
11853	64.38	61.83	72.00
11854	576.90	695.50	260.63
11855	139.26	167.57	89.72
11856	173.42	151.97	190.58
11857	254.56	303.25	215.60
11858	45.21	58.98	26.87
11859	80.08	95.91	48.41
11860	448.06	587.82	140.60
11861	317.39	320.11	302.00
11862	115.10	92.33	145.47
11863	61.09	63.34	46.83
11864	90.22	92.40	86.60
11865	155.53	221.80	45.07
11866	163.76	160.59	166.66
11867	139.12	125.40	162.00
11868	228.56	240.23	178.00
11869	240.66	158.53	432.30
11870	96.53	95.60	97.46
11871	144.64	150.33	141.80
11872	211.79	305.67	70.97
11873	355.33	404.00	306.67
11874	140.50	232.00	49.00
11875	2394.41	239.10	5268.17
11876	119.67	95.67	143.67
11877	1047.38	327.05	2385.14
11878	146.72	180.92	78.33
11879	202.38	148.99	287.80
11880	141.50	77.20	248.67
11881	120.99	108.97	137.00
11882	281.68	287.78	276.20
11883	291.11	276.98	314.67
11884	723.30	152.50	1579.50
11885	547.71	630.00	245.97
11886	108.22	124.60	53.60
11887	278.21	250.00	299.38
11888	61.52	74.98	43.26
11889	90.30	86.71	98.66
11890	195.66	291.75	67.53
11891	81.51	76.28	98.97
11892	137.47	115.27	159.67
11893	273.04	260.00	304.00
11894	116.88	132.75	101.00
11895	205.71	223.90	179.71
11896	41.17	37.55	45.70
11897	276.54	157.94	608.60
11898	100.42	103.42	97.42
11899	315.79	198.38	472.33
11900	175.57	49.12	386.33
11901	288.82	395.33	253.31
11902	186.80	135.75	205.36
11903	506.38	283.80	877.33
11904	93.26	105.27	88.11
11905	1720.30	1328.94	2268.20
11906	307.33	456.80	120.50
11907	85.28	82.33	91.76
11908	272.85	293.80	246.67
11909	141.18	204.75	98.80
11910	400.92	427.87	353.23
11911	398.17	345.00	451.33
11912	882.09	1301.60	357.70
11913	56.51	59.96	51.69
11914	67.77	206.25	30.84
11915	121.29	141.67	106.00
11916	113.49	123.60	91.59
11917	404.20	418.67	382.50
11918	209.12	225.25	193.00
11919	153.36	145.29	188.33
11920	175.00	180.50	164.00
11921	187.47	167.14	268.78
11922	508.41	432.75	609.30
11923	226.50	61.67	391.33
11924	182.26	182.38	182.00
11925	546.00	557.80	526.33
11926	249.68	153.97	393.25
11927	153.83	141.38	178.72
11928	248.49	297.50	187.22
11929	44.51	19.40	88.45
11930	63.36	64.15	61.25
11931	119.41	100.33	176.65
11932	322.43	312.00	336.33
11933	98.15	58.63	137.67
11934	142.06	93.62	197.41
11935	358.62	368.10	342.83
11936	81.35	41.11	188.67
11937	151.76	176.84	9.67
11938	233.67	132.33	335.00
11939	83.81	130.34	50.57
11940	121.70	110.33	138.75
11941	287.11	331.50	198.33
11942	19.66	27.51	10.24
11943	155.60	152.20	163.25
11944	374.56	462.00	265.25
11945	283.10	303.24	197.50
11946	254.90	244.79	274.00
11947	324.75	163.50	701.00
11948	324.41	344.56	301.75
11949	257.08	255.67	260.25
11950	321.68	420.36	148.99
11951	221.21	213.60	272.00
11952	83.43	93.00	70.67
11953	264.37	191.66	308.00
11954	132.50	181.60	50.67
11955	4.86	2.56	6.40
11956	120.87	174.98	54.73
11957	963.00	1271.00	552.33
11958	149.61	95.00	182.38
11959	45.83	52.94	33.99
11960	412.82	499.86	260.50
11961	331.82	389.58	168.17
11962	157.46	162.94	148.78
11963	194.20	210.83	169.25
11964	127.18	141.76	108.95
11965	173.16	173.20	173.13
11966	146.73	59.50	343.00
11967	491.04	552.71	264.93
11968	158.22	74.00	326.67
11969	86.82	35.45	157.45
11970	91.24	60.67	132.00
11971	49.99	54.73	45.25
11972	199.61	273.98	125.25
11973	194.23	350.75	124.67
11974	424.22	427.08	415.67
11975	262.43	278.50	241.00
11976	142.84	125.67	155.72
11977	169.11	196.43	148.62
11978	198.33	232.60	155.50
11979	124.54	141.33	90.97
11980	125.08	130.97	111.33
11981	130.10	112.45	147.75
11982	363.72	295.18	569.36
11983	2878.12	2218.00	3978.33
11984	327.64	323.60	331.00
11985	335.08	370.22	256.00
11986	72.26	77.47	41.00
11987	369.55	290.83	464.00
11988	165.08	194.53	100.30
11989	124.42	116.78	147.33
11990	281.32	286.07	274.20
11991	263.67	398.00	129.33
11992	216.00	222.40	208.00
11993	128.44	77.71	331.33
11994	171.46	192.22	154.48
11995	204.17	226.52	142.70
11996	68.38	61.32	91.93
11997	374.56	304.60	462.00
11998	262.50	283.60	227.33
11999	339.00	369.56	247.33
12000	426.69	481.55	298.67
12001	331.80	291.71	425.33
12002	5718.37	8503.30	148.50
12003	480.66	151.70	1007.00
12004	232.17	276.00	188.33
12005	183.71	89.67	254.25
12006	234.40	330.29	138.50
12007	264.40	144.71	543.67
12008	725.52	758.59	502.25
12009	338.62	382.00	208.50
12010	181.75	188.00	171.33
12011	727.99	914.86	429.00
12012	1336.01	1541.99	718.07
12013	262.00	280.71	218.33
12014	168.29	149.69	186.88
12015	163.90	208.12	119.67
12016	140.45	119.99	195.00
12017	265.54	246.06	314.25
12018	557.09	85.19	1117.46
12019	282.22	300.60	259.25
12020	193.63	233.24	140.83
12021	387.41	368.67	397.64
12022	84.09	85.95	79.25
12023	49105.60	70064.57	201.33
12024	195.89	186.82	211.00
12025	203.97	212.54	144.00
12026	562.90	505.05	678.60
12027	271.43	211.25	351.67
12028	516.29	532.19	462.62
12029	65.47	32.96	119.67
12030	231.18	211.77	315.29
12031	2691.38	4043.38	663.38
12032	90.42	81.29	108.67
12033	501.00	310.00	819.33
12034	355.31	390.83	248.75
12035	286.37	195.13	377.60
12036	190.48	222.05	83.16
12037	123.81	66.31	215.80
12038	904.16	958.38	615.00
12039	112.12	130.67	101.00
12040	154.50	202.00	107.00
12041	150.31	86.70	229.81
12042	251.00	217.91	372.33
12043	123.62	87.50	159.75
12044	316.64	159.80	447.33
12045	251.57	213.44	320.20
12046	203.85	192.00	220.44
12047	543.56	374.16	814.60
12048	421.73	610.20	264.67
12049	353.11	365.00	344.19
12050	164.50	178.00	151.00
12051	227.56	152.70	285.15
12052	113.27	116.50	108.42
12053	105.27	82.25	135.97
12054	157.51	172.22	142.80
12055	247.00	263.50	214.00
12056	147.77	170.81	94.00
12057	459.86	481.67	443.50
12058	58.02	37.20	78.83
12059	198.38	243.59	62.77
12060	214.45	230.57	186.25
12061	232.83	189.75	319.00
12062	178.64	179.00	178.00
12063	291.12	300.60	275.33
12064	203.50	225.67	137.00
12065	245.75	167.17	324.33
12066	124.91	222.00	27.82
12067	234.20	181.42	445.33
12068	129.53	176.47	66.93
12069	386.99	296.33	454.98
12070	290.55	252.14	357.75
12071	198.15	236.63	159.67
12072	4497.57	7593.75	369.33
12073	378.56	218.40	578.75
12074	276.20	295.76	230.55
12075	116.41	117.32	110.67
12076	366.51	364.19	378.70
12077	216.86	305.67	150.25
12078	122.39	153.92	98.75
12079	337.79	353.57	287.83
12080	154.55	68.97	268.66
12081	219.42	212.76	227.75
12082	307.15	340.92	278.21
12083	2894.33	2854.67	2934.00
12084	139.44	144.75	135.20
12085	424.12	362.75	485.50
12086	331.11	338.85	305.98
12087	145.90	109.14	231.67
12088	56.44	48.40	66.49
12089	189.20	198.92	177.05
12090	288.04	281.84	311.60
12091	100.10	126.47	73.72
12092	167.17	157.33	177.00
12093	165.05	237.32	56.65
12094	474.00	542.00	372.00
12095	161.70	154.39	172.34
12096	162.40	128.00	196.80
12097	177.33	206.67	148.00
12098	297.75	319.45	207.00
12099	191.27	200.80	181.74
12100	160.41	142.54	178.28
12101	222.00	209.40	237.75
12102	1182.62	289.75	2075.50
12103	108.35	113.66	95.96
12104	754.05	732.44	811.67
12105	1890.80	80.78	4304.17
12106	307.57	420.00	157.66
12107	561.67	675.00	448.33
12108	165.32	234.76	87.20
12109	115.33	104.50	121.52
12110	36.13	32.17	50.66
12111	134.00	167.38	45.00
12112	298.12	363.60	189.00
12113	231.51	193.34	486.00
12114	150.35	238.50	99.97
12115	108.60	40.27	176.93
12116	196.44	252.75	151.40
12117	279.64	328.49	214.50
12118	140.70	169.53	54.20
12119	962.82	1169.62	135.60
12120	162.41	189.08	75.75
12121	148.17	152.55	131.73
12122	93.49	90.48	95.75
12123	553.62	695.80	316.67
12124	2478.81	3257.50	142.75
12125	141.39	150.38	132.40
12126	252.62	349.00	194.80
12127	217.76	209.92	236.60
12128	112.62	80.60	187.33
12129	16.86	19.18	13.78
12130	276.67	332.00	221.33
12131	2060.53	1657.87	2463.20
12132	272.93	250.57	295.29
12133	245.33	235.33	255.33
12134	381.68	443.81	216.00
12135	469.82	489.47	302.75
12136	748.00	888.67	642.50
12137	159.55	157.50	165.00
12138	124.40	90.95	169.00
12139	316.06	444.83	238.80
12140	391.12	409.95	349.70
12141	479.28	509.79	393.86
12142	106.97	118.24	90.59
12143	40.51	6.64	87.92
12144	1174.62	1252.40	1045.00
12145	108.17	88.00	128.33
12146	265.27	145.66	345.00
12147	211.74	249.92	154.48
12148	329.15	307.20	402.33
12149	358.50	321.83	413.50
12150	297.82	317.00	278.63
12151	191.10	230.80	111.70
12152	320.89	571.75	120.20
12153	316.67	220.05	896.40
12154	301.83	235.33	368.33
12155	1188.95	1623.15	382.57
12156	163.00	111.67	214.33
12157	366.68	368.55	362.56
12158	230.41	239.55	213.67
12159	198.10	214.33	165.63
12160	212.83	235.56	144.67
12161	408.00	492.00	324.00
12162	151.17	126.36	175.98
12163	180.32	187.38	171.50
12164	223.00	203.00	253.00
12165	219.47	251.33	187.60
12166	564.46	607.30	421.67
12167	207.21	283.20	112.22
12168	776.59	139.99	2262.00
12169	295.98	476.33	175.74
12170	313.02	91.23	645.69
12171	166.57	164.67	168.00
12172	87.86	86.51	90.99
12173	253.84	297.03	37.93
12174	273.80	372.33	126.00
12175	146.40	174.67	118.13
12176	143.62	158.60	118.67
12177	228.29	212.00	240.50
12178	61.61	4.11	104.73
12179	66.98	75.00	58.96
12180	297.97	314.88	255.70
12181	712.23	190.85	1755.00
12182	734.91	865.00	547.00
12183	268.00	274.67	258.00
12184	242.62	252.88	205.00
12185	324.27	299.56	379.88
12186	275.19	295.07	166.92
12187	173.21	177.20	170.71
12188	276.33	124.00	428.67
12189	611.46	568.02	698.33
12190	104.53	124.00	80.19
12191	265.23	275.83	256.14
12192	83.50	81.00	86.00
12193	491.80	434.43	625.67
12194	74.55	90.67	55.96
12195	97.33	109.33	85.33
12196	58.62	69.12	37.63
12197	275.04	343.15	104.75
12198	115.45	73.97	139.14
12199	43.63	37.21	55.39
12200	153.70	132.30	169.75
12201	198.45	183.98	214.37
12202	206.00	258.00	194.86
12203	2111.88	1259.00	2623.60
12204	328.62	233.87	439.17
12205	322.67	397.67	247.67
12206	325.15	297.67	347.13
12207	320.60	352.67	272.50
12208	672.16	687.32	638.06
12209	356.63	346.86	382.67
12210	210.58	192.76	218.00
12211	13.03	12.02	19.73
12212	162.29	172.00	155.00
12213	180.96	217.96	125.44
12214	187.73	188.65	184.88
12215	2114.35	1509.38	2652.11
12216	183.47	275.00	91.93
12217	139.35	120.83	161.56
12218	307.50	249.00	405.00
12219	162.83	164.33	161.33
12220	273.79	251.62	303.33
12221	394.62	525.33	316.20
12222	196.49	117.35	302.00
12223	139.16	156.63	118.20
12224	191.35	217.80	164.90
12225	68.09	70.57	60.00
12226	162.00	169.33	154.67
12227	82.48	87.30	77.67
12228	121.94	133.27	100.90
12229	264.30	251.44	305.02
12230	275.91	229.28	332.89
12231	140.42	121.56	182.88
12232	372.64	420.70	252.50
12233	202.54	83.31	441.00
12234	138.83	159.76	96.96
12235	314.95	291.92	364.83
12236	86.43	98.98	52.98
12237	40.79	32.14	45.60
12238	90.78	121.33	77.69
12239	302.30	232.00	372.60
12240	102.45	103.76	101.80
12241	76.06	61.99	162.83
12242	5253.38	5386.60	5031.33
12243	163.43	162.00	165.33
12244	49.68	33.13	66.23
12245	207.00	301.67	112.33
12246	70.56	79.30	64.00
12247	331.67	284.00	379.33
12248	212.00	205.00	233.00
12249	73.53	82.95	60.97
12250	302.42	240.21	414.40
12251	171.00	168.80	173.75
12252	187.06	214.75	159.38
12253	94.58	102.09	73.94
12254	313.50	344.33	282.67
12255	3990.78	346.00	5205.70
12256	1072.17	942.67	1201.67
12257	266.05	376.60	155.50
12258	77.55	61.70	90.24
12259	527.78	519.02	552.30
12260	113.81	50.56	158.09
12261	206.44	217.47	173.36
12262	119.97	141.67	103.70
12263	313.50	153.00	409.80
12264	365.97	431.47	241.50
12265	1303.05	2563.50	42.60
12266	249.94	236.93	310.67
12267	136.40	115.60	178.00
12268	180.03	194.39	136.93
12269	93.00	106.00	85.57
12270	422.43	686.17	224.62
12271	200.70	174.60	235.50
12272	284.86	342.36	123.85
12273	163.50	202.33	124.67
12274	347.71	362.50	328.00
12275	337.32	336.94	338.00
12276	522.17	620.67	423.67
12277	919.14	740.50	1157.33
12278	123.61	103.15	148.16
12279	89.44	38.37	212.00
12280	194.90	214.84	161.67
12281	155.70	91.63	390.63
12282	58.05	63.59	52.50
12283	346.71	368.00	318.33
12284	550.71	628.25	447.33
12285	74.10	78.60	69.60
12286	15.70	16.60	14.50
12287	157.97	141.27	174.67
12288	110.10	107.40	112.80
12289	216.00	256.50	175.50
12290	146.60	155.85	131.80
12291	120.29	140.33	111.70
12292	121.37	125.08	108.00
12293	182.13	180.89	184.38
12294	311.67	317.25	307.20
12295	223.13	205.97	236.00
12296	155.09	188.96	87.35
12297	409.58	231.00	945.33
12298	174.64	133.43	246.75
12299	300.80	348.17	229.75
12300	337.68	358.77	183.00
12301	399.57	299.25	533.33
12302	118.38	143.00	93.75
12303	159.37	130.00	188.75
12304	538.08	605.40	496.00
12305	285.04	285.31	284.67
12306	510.47	1712.33	210.00
12307	104.49	108.14	97.92
12308	185.23	151.87	285.33
12309	150.23	153.85	147.82
12310	477.00	408.00	528.75
12311	150.81	166.15	84.32
12312	191.82	222.44	130.57
12313	99.81	88.21	108.83
12314	127.02	134.76	123.50
12315	4399.00	894.40	10240.00
12316	164.69	123.20	233.83
12317	69.27	59.99	106.39
12318	124.37	105.16	157.97
12319	2861.76	4005.97	191.93
12320	116.73	158.50	83.32
12321	188.57	233.25	129.00
12322	296.38	303.00	285.33
12323	76.43	70.69	93.67
12324	321.39	236.73	454.43
12325	110.28	135.50	76.66
12326	161.03	133.77	199.20
12327	89.12	71.60	118.33
12328	399.71	137.75	749.00
12329	259.00	306.07	141.33
12330	108.93	107.68	110.90
12331	120.56	187.67	70.22
12332	74.34	116.70	17.87
12333	152.62	74.00	283.67
12334	185.86	217.32	122.93
12335	154.26	116.59	184.40
12336	84.51	67.92	106.63
12337	482.49	915.93	49.05
12338	319.15	310.63	327.67
12339	164.70	167.57	158.00
12340	79.86	87.50	69.67
12341	316.57	220.67	388.50
12342	198.26	224.07	162.13
12343	178.21	119.80	210.67
12344	97.40	99.00	95.27
12345	1184.77	183.11	2854.20
12346	91.02	120.20	42.39
12347	203.08	242.11	125.00
12348	212.99	128.41	361.00
12349	116.92	123.92	102.93
12350	536.59	428.50	691.00
12351	1125.04	1195.86	948.00
12352	286.81	298.09	253.00
12353	58.34	49.13	65.24
12354	175.29	188.67	165.25
12355	288.44	271.62	305.25
12356	167.95	107.06	266.31
12357	240.73	208.00	306.20
12358	82.26	115.30	57.48
12359	145.44	127.36	173.86
12360	151.03	159.38	128.77
12361	41.97	41.60	42.78
12362	1235.78	1677.67	352.00
12363	683.88	903.75	464.00
12364	103.03	51.55	205.98
12365	144.33	175.00	113.67
12366	128.85	131.05	119.33
12367	180.56	142.80	227.75
12368	88.54	101.77	57.67
12369	120.31	145.71	90.66
12370	32.29	29.09	37.63
12371	992.60	1108.80	644.00
12372	411.50	405.10	427.50
12373	582.38	423.50	741.25
12374	440.18	503.62	271.00
12375	147.56	169.33	131.22
12376	292.09	338.60	245.58
12377	98.50	138.08	24.98
12378	2927.04	2473.26	3683.33
12379	258.73	326.67	217.96
12380	193.90	234.29	99.67
12381	245.62	242.60	250.67
12382	994.86	131.50	2146.00
12383	264.82	260.61	273.25
12384	135.04	144.83	89.33
12385	129.48	129.64	129.20
12386	348.18	169.96	570.95
12387	169.07	159.78	178.36
12388	177.84	180.93	171.67
12389	84.59	68.76	110.99
12390	316.38	344.90	221.33
12391	398.86	350.00	464.00
12392	1112.45	1791.41	178.88
12393	115.86	127.99	105.09
12394	384.93	410.44	339.00
12395	207.00	298.67	115.33
12396	445.75	578.80	224.00
12397	235.57	264.67	213.75
12398	214.84	188.17	305.52
12399	273.25	337.25	209.25
12400	143.00	162.29	53.00
12401	173.09	76.96	293.25
12402	871.88	991.60	672.33
12403	122.25	140.00	73.45
12404	467.64	530.00	322.15
12405	110.29	71.36	158.95
12406	562.00	735.33	388.67
12407	1420.83	1489.00	1352.67
12408	196.23	201.21	181.30
12409	15.94	19.00	6.73
12410	11.46	14.40	6.33
12411	143.42	145.01	138.63
12412	67.85	85.64	8.53
12413	268.22	146.60	376.33
12414	160.33	275.00	45.67
12415	84.63	90.67	78.59
12416	278.50	295.67	261.33
12417	77.29	71.40	84.64
12418	317.45	315.54	327.67
12419	522.75	321.75	623.25
12420	171.62	180.00	163.25
12421	238.53	251.60	212.40
12422	69.91	82.03	39.60
12423	313.20	318.04	279.33
12424	73.49	61.50	95.74
12425	120.29	121.08	117.67
12426	200.22	214.95	185.50
12427	109.44	118.88	100.00
12428	523.50	330.40	845.33
12429	71.54	74.51	60.67
12430	308.22	377.71	151.88
12431	216.72	147.10	236.06
12432	696.48	70.97	1322.00
12433	1414.00	1660.75	1085.00
12434	290.38	305.75	275.00
12435	369.33	170.00	568.67
12436	271.30	387.00	155.60
12437	308.75	278.60	359.00
12438	206.87	196.07	216.92
12439	161.44	119.75	194.80
12440	184.31	183.19	187.31
12441	375.67	421.00	319.00
12442	718.50	866.86	510.80
12443	170.38	126.00	197.00
12444	103.10	102.29	105.00
12445	290.11	292.33	289.00
12446	100.15	141.85	50.10
12447	8049.32	22.24	16076.40
12448	187.36	279.60	110.50
12449	83.76	93.00	76.36
12450	419.98	358.91	481.05
12451	342.86	441.00	212.00
12452	128.56	111.98	244.60
12453	153.12	201.25	105.00
12454	27.32	5.25	37.13
12455	240.00	130.25	386.33
12456	169.83	179.89	147.20
12457	212.26	233.16	191.37
12458	346.21	263.61	490.75
12459	97.84	150.97	58.00
12460	148.48	196.00	100.97
12461	373.00	594.67	151.33
12462	418.63	500.07	302.29
12463	43.61	44.90	39.74
12464	105.23	131.98	11.60
12465	452.96	511.92	335.04
12466	401.43	508.33	332.71
12467	60.43	36.58	90.25
12468	228.00	216.92	261.25
12469	108.36	122.00	94.72
12470	173.46	91.42	255.50
12471	91.27	103.80	81.88
12472	101.29	126.25	68.00
12473	145.60	125.36	161.80
12474	106.86	119.00	100.78
12475	54.73	43.63	65.83
12476	172.03	234.18	96.06
12477	269.70	217.71	391.00
12478	142.94	130.14	160.86
12479	141.88	109.80	195.33
12480	143.80	182.40	83.14
12481	101.02	79.79	143.50
12482	219.57	247.75	182.00
12483	151.69	109.27	183.50
12484	113.90	130.12	49.00
12485	139.49	154.06	76.33
12486	176.71	230.61	131.79
12487	166.78	158.25	173.60
12488	81.92	60.17	103.67
12489	1426.10	1799.38	959.50
12490	211.55	182.20	260.47
12491	433.25	448.25	403.25
12492	194.25	210.80	166.67
12493	185.77	229.65	76.08
12494	103.06	94.25	135.33
12495	323.14	270.75	393.00
12496	437.44	323.50	528.60
12497	144.45	168.40	120.50
12498	510.88	600.60	361.33
12499	447.88	346.77	567.36
12500	301.64	340.50	204.50
12501	400.19	433.44	245.00
12502	305.73	391.99	133.20
12503	158.82	116.69	271.17
12504	151.58	133.80	178.25
12505	163.80	172.50	150.75
12506	200.02	176.03	248.00
12507	292.24	325.18	200.00
12508	454.91	495.18	318.00
12509	155.52	86.33	217.78
12510	138.09	144.70	132.21
12511	130.18	141.58	102.80
12512	255.88	266.20	238.67
12513	359.29	511.33	245.25
12514	138.33	162.00	114.67
12515	324.36	266.71	425.25
12516	407.67	476.25	270.50
12517	179.70	179.19	180.86
12518	161.64	159.00	163.83
12519	86.32	88.67	83.97
12520	95.45	125.71	60.13
12521	349.53	321.89	626.00
12522	143.93	135.40	165.25
12523	141.85	118.56	180.67
12524	317.41	302.27	359.80
12525	113.65	126.20	103.03
12526	2840.86	5452.67	882.00
12527	126.20	131.33	120.05
12528	105.81	109.16	92.40
12529	49.02	56.18	41.86
12530	57.97	60.01	52.53
12531	411.75	468.17	355.33
12532	201.14	160.75	255.00
12533	252.25	204.80	331.33
12534	5750.27	147.33	7851.38
12535	84.87	109.43	17.32
12536	35.76	23.53	41.88
12537	623.56	1801.67	34.51
12538	41.38	46.43	27.90
12539	206.98	215.63	198.33
12540	387.24	219.78	1615.33
12541	111.87	98.00	120.19
12542	187.68	223.40	73.36
12543	252.91	268.11	218.70
12544	48.27	34.59	68.80
12545	41.24	20.38	76.00
12546	115.82	150.17	74.60
12547	253.71	258.00	250.50
12548	644.29	895.33	456.00
12549	75.49	80.81	57.43
12550	44.65	26.46	77.98
12551	331.25	282.86	399.00
12552	238.00	105.75	370.25
12553	47.42	42.53	52.30
12554	283.30	324.17	234.26
12555	196.99	196.22	198.00
12556	143.34	71.60	239.00
12557	93.22	117.11	65.33
12558	76.67	66.75	96.50
12559	120.17	160.00	93.61
12560	84.30	110.63	68.51
12561	240.81	192.27	378.33
12562	395.14	497.83	318.12
12563	71.00	77.80	52.87
12564	91.33	118.67	63.99
12565	141.90	155.12	115.45
12566	324.00	313.00	337.75
12567	222.08	219.52	241.67
12568	1537.12	365.96	5050.60
12569	85.86	101.70	67.38
12570	848.85	1702.11	185.21
12571	333.92	334.00	333.80
12572	874.77	362.00	1473.00
12573	291.42	451.14	105.08
12574	197.77	196.21	200.50
12575	378.22	375.17	384.33
12576	137.44	122.98	185.67
12577	99.01	106.95	88.75
12578	680.24	909.64	259.67
12579	154.34	211.28	83.17
12580	92.47	97.84	36.96
12581	210.73	227.57	181.25
12582	139.16	36.13	262.80
12583	3743.58	165.83	12091.67
12584	477.03	343.88	876.50
12585	182.50	212.40	132.67
12586	164.76	119.97	254.33
12587	158.00	174.75	144.60
12588	124.47	181.07	48.99
12589	98.06	104.10	88.00
12590	153.89	144.00	166.25
12591	5608.26	8028.75	2380.93
12592	103.68	121.33	99.61
12593	423.00	368.67	463.75
12594	79.60	34.44	124.76
12595	258.75	314.96	146.33
12596	83.52	75.78	94.57
12597	807.12	208.75	1405.50
12598	203.12	286.86	138.00
12599	1623.88	2079.49	257.06
12600	109.20	96.18	130.90
12601	106.25	116.25	92.93
12602	369.57	476.20	262.95
12603	492.00	502.60	484.43
12604	46.24	34.56	55.97
12605	2008.40	1629.72	2481.75
12606	164.71	152.67	173.75
12607	490.43	499.50	478.33
12608	415.27	454.62	310.33
12609	133.67	131.32	138.16
12610	316.04	389.68	82.83
12611	394.70	413.34	276.67
12612	358.17	358.67	357.67
12613	88.46	79.24	109.97
12614	7419.72	5780.12	8731.40
12615	1043.60	213.00	1874.20
12616	45.64	77.33	13.95
12617	270.76	269.85	273.80
12618	71.02	78.50	48.59
12619	273.83	116.22	683.60
12620	278.84	325.02	168.00
12621	99.88	108.57	91.20
12622	334.85	312.14	361.33
12623	169.00	191.75	146.25
12624	3361.03	4725.05	178.33
12625	361.15	477.07	90.67
12626	324.20	425.25	134.71
12627	150.16	168.16	110.56
12628	35.25	25.24	52.75
12629	240.57	225.00	261.33
12630	182.96	362.67	75.13
12631	89.69	175.38	40.73
12632	153.22	177.40	123.00
12633	106.35	42.03	170.67
12634	313.71	495.00	177.75
12635	129.04	125.47	132.10
12636	333.27	345.12	301.67
12637	80.38	137.08	23.67
12638	177.39	170.35	196.75
12639	197.22	122.83	346.00
12640	458.67	510.47	208.32
12641	346.02	377.45	259.56
12642	78.14	88.81	51.47
12643	333.22	38.96	745.18
12644	131.50	157.51	96.83
12645	425.29	311.00	577.67
12646	184.27	128.68	253.75
12647	284.00	186.00	357.50
12648	187.25	189.20	184.00
12649	309.29	283.30	353.86
12650	44.98	45.78	42.60
12651	394.82	605.00	184.63
12652	318.86	436.25	162.33
12653	183.00	74.33	248.20
12654	188.45	160.20	212.00
12655	305.00	366.60	202.33
12656	203.62	212.80	188.33
12657	216.50	211.40	225.00
12658	231.10	244.55	190.75
12659	128.16	140.99	115.33
12660	545.95	67.12	1344.00
12661	194.74	176.97	205.40
12662	127.85	126.33	129.00
12663	137.30	143.30	125.30
12664	1294.88	2091.76	409.47
12665	267.88	318.40	183.67
12666	294.05	292.46	302.00
12667	129.73	64.00	151.64
12668	127.43	121.00	136.00
12669	173.53	81.55	265.50
12670	465.55	497.00	439.33
12671	379.07	405.54	343.78
12672	318.66	536.50	144.38
12673	71.82	60.76	105.00
12674	204.10	244.60	153.47
12675	131.33	122.25	143.81
12676	154.62	100.40	245.00
12677	1791.71	2250.55	109.33
12678	1075.40	42.75	1763.83
12679	475.71	588.38	378.06
12680	206.93	181.80	238.33
12681	44.64	37.77	48.76
12682	91.28	95.11	79.80
12683	212.33	246.92	122.40
12684	137.09	241.12	88.13
12685	178.20	151.18	277.25
12686	92.96	122.80	63.12
12687	93.69	137.83	55.86
12688	112.90	125.40	95.40
12689	119.87	102.50	137.25
12690	272.32	289.51	152.00
12691	41.22	42.19	38.90
12692	39.51	11.57	76.78
12693	2390.86	2493.00	2314.25
12694	810.24	1726.67	122.92
12695	356.76	357.94	354.00
12696	184.80	145.50	211.00
12697	1711.00	1913.00	1441.67
12698	219.56	252.61	172.98
12699	203.89	240.33	89.36
12700	376.25	473.21	36.91
12701	130.33	122.67	138.00
12702	170.00	152.00	183.50
12703	91.80	106.70	71.93
12704	1507.22	4228.75	297.64
12705	103.96	106.19	99.50
12706	183.66	157.63	196.67
12707	346.53	337.82	370.50
12708	177.41	167.33	184.96
12709	344.88	610.36	13.02
12710	254.57	265.91	213.00
12711	306.25	374.50	238.00
12712	3664.29	2413.00	5332.67
12713	9643.67	5776.75	25111.33
12714	171.85	222.92	141.20
12715	5185.50	5964.88	2068.00
12716	240.18	273.83	199.80
12717	293.38	298.40	285.00
12718	215.13	142.07	434.33
12719	387.29	391.00	382.33
12720	205.05	178.66	257.83
12721	142.93	206.67	79.19
12722	129.68	113.16	153.72
12723	195.81	218.38	163.56
12724	92.93	60.93	124.93
12725	75.53	73.75	76.72
12726	197.14	188.25	209.00
12727	78.40	103.00	53.80
12728	735.09	797.71	625.50
12729	178.86	91.60	280.67
12730	627.30	785.46	216.10
12731	276.72	268.27	314.75
12732	206.54	212.90	185.33
12733	173.60	280.70	112.40
12734	146.43	113.72	211.85
12735	386.70	312.86	559.00
12736	556.00	704.67	407.33
12737	70.56	43.62	140.60
12738	283.25	256.11	364.67
12739	84.26	127.82	18.90
12740	252.56	382.00	90.75
12741	638.13	867.78	224.76
12742	120.73	68.52	186.00
12743	148.80	139.14	161.67
12744	90.25	91.42	86.45
12745	112.22	122.67	91.33
12746	217.30	58.34	416.00
12747	133.42	85.33	169.49
12748	531.08	615.33	446.83
12749	147.50	171.33	123.67
12750	172.55	184.86	151.00
12751	388.55	447.50	231.33
12752	306.90	300.20	313.60
12753	188.20	179.50	201.25
12754	122.16	61.25	162.77
12755	77.12	39.75	93.14
12756	77.17	16.77	238.23
12757	235.80	220.33	259.00
12758	95.81	94.38	97.50
12759	294.74	272.88	309.32
12760	172.07	197.20	158.11
12761	363.76	173.36	601.75
12762	429.58	415.75	439.64
12763	360.85	234.83	468.86
12764	51.07	56.85	37.58
12765	348.80	414.33	250.50
12766	217.49	175.54	271.43
12767	257.83	148.93	511.93
12768	438.43	478.00	408.75
12769	598.92	677.84	317.04
12770	48.42	28.97	67.87
12771	188.74	148.25	208.99
12772	196.71	199.25	184.00
12773	658.73	619.00	764.67
12774	376.43	328.60	451.60
12775	52.85	41.58	61.86
12776	189.94	218.66	142.95
12777	301.29	155.75	495.33
12778	167.32	143.00	186.78
12779	169.28	78.30	249.76
12780	233.14	178.75	305.67
12781	132.24	183.00	94.16
12782	106.00	119.17	79.67
12783	325.13	335.81	255.75
12784	309.47	296.60	325.56
12785	544.86	266.00	754.00
12786	464.40	309.70	670.67
12787	119.50	158.67	80.33
12788	58.33	89.95	26.72
12789	265.75	305.00	226.50
12790	553.52	239.29	1182.00
12791	294.03	306.57	277.30
12792	323.57	283.23	357.85
12793	605.75	608.50	603.00
12794	123.96	46.23	201.70
12795	304.57	312.33	298.75
12796	382.05	328.58	465.22
12797	336.23	363.31	255.00
12798	264.26	271.48	239.88
12799	170.26	191.23	128.34
12800	218.13	520.15	45.54
12801	1071.17	1246.50	930.90
12802	113.11	146.75	86.20
12803	4775.18	5398.60	4329.87
12804	197.23	318.60	75.87
12805	129.88	76.80	218.33
12806	292.77	403.00	237.66
12807	510.48	784.17	99.95
12808	156.44	126.00	194.50
12809	25.24	28.91	18.80
12810	385.79	445.00	279.20
12811	396.52	341.88	578.67
12812	150.98	200.17	77.20
12813	346.14	323.00	377.00
12814	111.22	113.20	107.93
12815	266.27	177.79	354.75
12816	84.18	75.30	94.53
12817	524.90	411.77	694.58
12818	168.95	164.99	195.33
12819	113.34	133.22	60.33
12820	2836.96	2400.28	3819.50
12821	258.14	221.64	294.64
12822	222.02	257.20	121.50
12823	468.00	323.83	684.25
12824	51.33	54.19	42.28
12825	242.21	291.57	143.48
12826	97.59	178.67	75.48
12827	209.72	219.98	189.20
12828	199.61	195.39	213.67
12829	192.68	198.64	176.00
12830	654.72	807.49	247.33
12831	308.75	349.38	132.67
12832	311.43	342.00	288.50
12833	217.69	239.57	166.63
12834	307.76	348.44	226.41
12835	124.38	169.92	78.83
12836	139.75	137.27	145.20
12837	59.39	69.08	39.99
12838	47.19	46.00	49.40
12839	219.71	188.75	261.00
12840	61.51	79.03	26.47
12841	256.07	300.78	186.96
12842	332.91	421.75	214.47
12843	297.92	283.50	321.00
12844	264.62	149.43	495.00
12845	429.67	541.33	318.00
12846	118.10	167.79	5.16
12847	172.62	56.30	250.17
12848	218.72	171.95	296.67
12849	171.64	180.06	163.22
12850	129.38	97.33	148.60
12851	173.50	146.00	190.00
12852	385.90	393.50	368.17
12853	197.75	174.71	253.71
12854	247.34	229.89	311.33
12855	1416.80	305.85	1884.57
12856	381.68	303.24	617.00
12857	161.73	97.03	248.00
12858	277.00	342.00	212.00
12859	85.39	85.67	85.12
12860	300.15	122.64	655.17
12861	152.05	210.58	64.25
12862	185.89	188.17	181.33
12863	179.11	156.75	197.00
12864	339.35	319.10	393.33
12865	345.16	309.72	380.60
12866	236.25	281.78	177.71
12867	78.23	59.40	103.33
12868	49.18	54.45	44.96
12869	116.45	111.99	128.33
12870	351.25	91.00	611.50
12871	258.31	262.30	251.67
12872	79.92	79.11	83.67
12873	310.86	227.50	422.00
12874	39.24	17.04	76.25
12875	82.60	68.72	101.10
12876	53.85	64.56	29.75
12877	189.50	258.00	121.00
12878	132.19	149.27	92.33
12879	86.01	107.83	61.46
12880	136.92	128.12	154.50
12881	423.14	284.75	607.67
12882	43.00	41.74	45.93
12883	382.57	336.00	444.67
12884	201.71	219.72	153.67
12885	124.62	122.63	126.60
12886	184.00	195.88	168.17
12887	209.88	218.60	195.33
12888	96.62	85.75	107.50
12889	102.47	115.92	48.68
12890	21.33	19.83	22.83
12891	66.71	50.30	77.65
12892	12075.50	285.40	31725.67
12893	179.86	237.00	137.00
12894	114.12	138.37	57.53
12895	162.13	180.22	138.00
12896	181.56	174.54	195.60
12897	75.44	94.96	36.40
12898	33.26	35.03	27.97
12899	350.38	363.60	328.33
12900	149.29	136.28	188.33
12901	157.23	171.31	115.00
12902	288.29	281.19	338.00
12903	316.50	387.00	152.00
12904	1434.86	1138.00	1657.50
12905	119.43	94.33	138.25
12906	196.24	293.67	123.17
12907	87.83	83.80	104.76
12908	87.63	84.18	94.53
12909	105.28	90.21	129.40
12910	337.07	309.73	437.33
12911	189.57	238.00	125.00
12912	349.33	94.00	604.67
12913	396.18	365.00	422.17
12914	166.05	59.57	414.50
12915	152.67	141.70	162.64
12916	72.04	94.16	33.32
12917	640.00	689.00	542.00
12918	485.82	193.80	729.17
12919	295.17	328.33	262.00
12920	396.67	534.67	258.67
12921	23.80	23.20	24.28
12922	213.83	149.67	278.00
12923	345.42	263.09	551.25
12924	253.07	321.93	122.23
12925	242.66	226.70	269.27
12926	91.85	57.15	230.67
12927	181.05	182.92	178.25
12928	27.83	10.80	67.57
12929	216.78	142.33	248.69
12930	308.65	186.66	723.40
12931	169.41	223.50	97.30
12932	339.06	365.18	283.56
12933	220.30	47.63	349.80
12934	358.29	400.75	301.67
12935	82.75	41.12	138.27
12936	103.27	98.75	121.33
12937	51.23	52.25	49.87
12938	297.27	182.38	603.67
12939	1094.58	983.90	1232.92
12940	177.53	179.69	172.83
12941	162.58	187.61	81.25
12942	802.12	903.26	586.37
12943	315.60	349.64	222.00
12944	261.64	133.30	518.33
12945	269.15	151.76	523.50
12946	98.11	68.36	115.11
12947	203.29	144.59	320.67
12948	35.41	41.19	21.93
12949	287.00	332.11	255.77
12950	1944.11	2122.33	1587.67
12951	179.83	201.00	158.67
12952	187.40	175.33	213.27
12953	200.20	192.65	215.30
12954	67.87	52.33	81.19
12955	8827.81	10963.80	5267.83
12956	117.47	167.15	99.73
12957	125.53	81.41	202.75
12958	58.26	59.26	56.89
12959	159.34	159.57	159.22
12960	89.11	99.67	49.48
12961	211.29	228.75	188.00
12962	662.62	1010.81	175.16
12963	147.13	129.76	178.40
12964	26.81	16.50	37.12
12965	164.54	173.70	152.33
12966	172.67	155.16	190.18
12967	219.55	228.25	214.57
12968	214.20	236.65	182.14
12969	152.63	171.37	77.68
12970	352.43	345.24	378.14
12971	316.83	343.67	182.67
12972	214.44	154.20	289.75
12973	262.25	379.45	105.99
12974	284.98	359.98	234.98
12975	265.43	271.25	257.67
12976	198.50	213.86	170.33
12977	690.69	1099.25	282.12
12978	212.10	206.00	216.17
12979	258.00	326.20	172.75
12980	237.67	225.20	253.25
12981	200.19	235.15	156.50
12982	220.88	220.77	221.33
12983	56.95	61.85	49.24
12984	680.17	796.90	330.00
12985	4766.87	5278.64	3359.50
12986	76.82	80.31	63.72
12987	289.38	270.50	308.25
12988	271.61	217.25	315.10
12989	257.89	265.75	251.60
12990	206.11	209.59	196.54
12991	241.86	239.75	244.67
12992	194.92	158.75	252.80
12993	91.25	67.00	105.80
12994	56.42	35.95	66.66
12995	1109.72	1695.28	589.22
12996	79.32	80.83	77.20
12997	184.69	250.44	79.50
12998	315.09	234.95	379.20
12999	102.66	105.87	98.18
13000	94.09	149.00	61.14
13001	145.71	181.67	118.75
13002	326.36	338.26	290.66
13003	162.94	169.00	152.83
13004	164.08	152.45	171.83
13005	82.09	83.01	78.88
13006	138.14	159.21	86.63
13007	290.38	332.00	221.00
13008	982.86	741.33	1164.00
13009	208.78	145.80	319.00
13010	3116.47	3579.75	2611.08
13011	378.17	400.36	365.33
13012	218.56	245.17	165.33
13013	555.64	613.25	402.00
13014	309.70	455.00	247.43
13015	222.93	227.42	209.47
13016	97.15	87.93	118.67
13017	150.40	198.05	55.12
13018	626.51	343.60	803.33
13019	298.00	324.50	282.86
13020	65.85	56.41	87.87
13021	2013.29	1456.75	2755.33
13022	747.73	856.50	617.20
13023	190.76	139.62	276.00
13024	364.62	421.49	269.83
13025	162.00	159.60	165.00
13026	81.07	136.93	25.20
13027	507.52	238.09	747.01
13028	138.50	108.67	168.33
13029	121.45	171.80	71.10
13030	75.97	81.47	70.47
13031	352.36	24.75	539.57
13032	107.50	117.67	97.33
13033	131.38	166.67	92.88
13034	206.20	224.51	165.00
13035	520.17	312.00	728.33
13036	81.46	81.97	81.15
13037	764.22	695.50	978.00
13038	212.33	165.50	229.36
13039	272.27	236.60	316.86
13040	63.01	32.26	99.92
13041	582.60	342.31	1123.25
13042	462.55	426.20	498.90
13043	392.44	760.50	98.00
13044	125.75	125.60	126.00
13045	281.83	195.00	368.67
13046	297.37	341.05	105.20
13047	241.32	276.49	128.80
13048	278.95	84.27	473.63
13049	40.37	41.43	37.47
13050	286.34	325.75	254.82
13051	293.38	296.40	288.33
13052	202.94	292.62	100.45
13053	421.14	413.83	465.00
13054	2132.00	381.50	3299.00
13055	270.59	249.70	288.00
13056	244.22	256.11	211.50
13057	62.11	72.97	47.63
13058	168.45	163.36	177.38
13059	344.14	264.75	450.00
13060	73.62	77.96	68.20
13061	61.83	93.27	38.25
13062	231.67	156.67	306.67
13063	157.56	168.83	135.00
13064	196.37	202.08	184.93
13065	251.93	357.43	159.62
13066	242.50	307.00	178.00
13067	370.92	311.33	505.00
13068	121.10	82.98	168.75
13069	216.14	192.12	297.80
13070	109.87	38.35	145.62
13071	176.97	237.00	101.94
13072	89.57	101.67	80.50
13073	190.67	169.00	234.00
13074	244.14	466.33	77.50
13075	259.78	251.36	268.20
13076	1013.52	786.62	1694.25
13077	805.47	217.31	2717.00
13078	66.47	53.57	77.75
13079	2139.76	355.33	3478.07
13080	114.57	59.01	355.33
13081	166.38	194.00	122.20
13082	301.30	318.14	262.00
13083	61.33	73.96	40.29
13084	329.86	198.25	461.48
13085	148.78	100.67	172.83
13086	707.47	1314.87	100.07
13087	110.90	112.57	105.33
13088	98.78	83.00	118.50
13089	190.56	210.50	174.60
13090	187.83	215.66	160.00
13091	292.30	145.27	463.83
13092	211.00	148.33	258.00
13093	244.92	257.22	208.00
13094	76.97	58.63	95.30
13095	132.06	168.83	67.72
13096	115.38	130.20	90.67
13097	355.35	382.29	247.60
13098	410.64	407.89	418.90
13099	586.00	658.14	459.75
13100	43.45	36.95	47.35
13101	235.29	205.25	275.33
13102	372.00	345.33	398.67
13103	119.17	135.00	103.33
13104	475.38	571.20	445.44
13105	312.11	333.83	268.67
13106	254.62	184.40	371.67
13107	187.43	180.14	225.34
13108	272.48	283.00	239.17
13109	169.34	98.80	286.89
13110	351.85	215.54	548.76
13111	6863.86	7805.79	4980.00
13112	366.85	403.68	268.63
13113	121.44	118.44	124.61
13114	353.69	326.25	381.12
13115	291.40	243.50	363.25
13116	201.08	179.43	266.00
13117	54.67	63.44	43.94
13118	156.00	174.00	145.20
13119	375.00	281.80	530.33
13120	137.09	69.90	184.12
13121	25.46	29.44	6.55
13122	54.11	42.60	61.02
13123	416.81	441.66	384.86
13124	173.71	111.25	257.00
13125	203.45	122.52	338.33
13126	270.50	255.50	290.50
13127	78.63	78.98	78.39
13128	166.10	51.98	356.30
13129	360.38	262.25	458.50
13130	209.09	294.40	138.00
13131	323.19	403.69	242.69
13132	145.29	156.25	130.67
13133	142.20	133.16	155.75
13134	228.49	240.10	178.74
13135	131.67	84.62	225.75
13136	337.57	312.25	371.33
13137	240.36	192.25	368.67
13138	163.57	213.60	80.19
13139	228.75	149.75	386.75
13140	332.26	347.73	280.67
13141	1073.33	1529.00	503.75
13142	49.12	50.60	46.67
13143	92.73	148.63	36.83
13144	90.22	97.15	77.76
13145	68.71	87.75	43.33
13146	135.86	101.81	173.00
13147	43.46	49.08	32.20
13148	9742.14	425.33	16729.75
13149	235.00	273.17	177.75
13150	237.50	293.67	181.33
13151	113.33	54.73	142.62
13152	187.27	204.78	126.00
13153	200.13	125.50	249.89
13154	79.34	92.27	56.70
13155	195.78	209.56	182.00
13156	92.19	48.62	108.03
13157	140.85	174.00	96.66
13158	88.60	70.53	120.22
13159	100.30	88.57	112.03
13160	5461.93	6781.50	2822.80
13161	72.97	67.79	85.40
13162	180.58	267.43	50.30
13163	59.88	49.87	67.40
13164	539.40	667.96	256.58
13165	43.72	94.75	13.10
13166	33.97	33.69	34.46
13167	162.78	171.86	114.33
13168	96.65	94.24	106.30
13169	366.51	620.59	112.43
13170	519.04	567.79	470.29
13171	213.97	213.32	214.83
13172	3270.62	4609.19	593.50
13173	389.94	326.00	490.43
13174	136.54	130.75	144.27
13175	329.07	332.89	322.20
13176	167.22	91.97	215.10
13177	126.55	146.25	106.85
13178	172.67	144.00	201.33
13179	391.83	365.00	418.67
13180	124.47	141.11	66.20
13181	110.04	86.99	202.25
13182	83.17	65.47	106.78
13183	186.62	134.75	238.50
13184	153.08	178.43	117.60
13185	225.30	346.14	84.31
13186	690.56	926.48	159.75
13187	225.49	239.21	189.80
13188	176.67	190.00	163.33
13189	110.53	114.42	85.93
13190	147.44	124.83	192.67
13191	83.43	68.93	97.93
13192	87.45	79.14	102.00
13193	4633.86	10214.00	448.75
13194	83.30	83.06	83.68
13195	184.88	146.00	223.75
13196	123.74	134.77	75.97
13197	275.00	140.50	364.67
13198	298.64	191.89	451.14
13199	295.46	298.70	284.67
13200	337.64	320.44	368.60
13201	404.32	168.82	728.12
13202	155.29	123.05	295.00
13203	119.83	83.33	156.33
13204	294.19	590.75	124.73
13205	103.60	127.10	40.93
13206	147.91	141.78	168.33
13207	603.70	603.00	604.40
13208	235.22	86.04	384.40
13209	478.78	587.80	369.76
13210	129.97	151.11	92.97
13211	270.68	249.14	318.08
13212	137.95	110.92	168.83
13213	356.95	350.00	377.80
13214	646.62	632.60	670.00
13215	265.60	325.75	205.45
13216	796.88	857.67	718.71
13217	185.51	248.22	162.00
13218	195.14	227.25	152.33
13219	396.41	458.69	230.33
13220	92.59	75.06	102.61
13221	154.30	228.67	79.93
13222	359.56	388.38	234.67
13223	489.42	478.04	500.80
13224	271.00	63.00	427.00
13225	984.29	1686.33	457.75
13226	238.94	393.50	32.87
13227	252.89	260.83	237.00
13228	183.30	224.67	146.07
13229	264.10	244.94	286.00
13230	312.86	292.25	340.33
13231	870.39	1187.27	131.00
13232	113.67	82.00	145.33
13233	199.36	145.78	293.12
13234	112.04	90.84	150.20
13235	218.88	203.20	245.00
13236	229.15	189.62	292.40
13237	253.00	217.67	288.33
13238	389.32	224.48	1048.67
13239	120.31	135.24	57.60
13240	315.25	305.40	331.67
13241	282.54	222.63	312.50
13242	47.77	59.89	15.46
13243	891.86	1391.50	225.67
13244	208.27	196.98	216.74
13245	1699.33	287.33	3111.33
13246	370.00	315.67	424.33
13247	110.36	91.64	169.21
13248	163.00	201.00	125.00
13249	235.53	283.80	155.07
13250	48.96	34.87	65.88
13251	142.09	87.10	210.84
13252	192.06	176.87	226.25
13253	232.62	238.75	226.50
13254	180.12	191.60	161.00
13255	58.08	44.39	75.20
13256	235.62	245.80	218.67
13257	248.44	326.33	225.08
13258	92.97	69.00	110.95
13259	262.80	185.09	476.50
13260	232.11	190.00	302.30
13261	114.56	107.83	128.00
13262	569.92	697.60	144.33
13263	197.50	48.07	297.12
13264	644.27	308.25	812.27
13265	1014.75	1153.33	599.00
13266	58.84	43.56	84.30
13267	183.14	86.00	312.67
13268	405.29	432.75	368.67
13269	116.13	140.67	83.42
13270	441.50	177.67	599.80
13271	119.99	114.24	127.72
13272	676.30	520.25	780.33
13273	155.21	200.43	76.08
13274	707.60	138.35	2073.80
13275	117.25	113.75	120.75
13276	94.47	79.04	116.51
13277	132.63	79.30	185.97
13278	147.18	88.23	229.72
13279	114.97	111.60	118.33
13280	24.26	21.25	33.30
13281	904.57	330.50	1670.00
13282	305.49	216.50	407.20
13283	208.50	160.67	237.20
13284	216.29	185.90	272.00
13285	236.69	238.03	234.00
13286	299.67	220.40	398.75
13287	174.22	137.50	203.60
13288	45.88	99.37	13.78
13289	282.50	353.50	211.50
13290	8992.57	957.67	15018.75
13291	56.00	80.67	37.50
13292	400.67	455.36	250.25
13293	264.33	71.33	457.33
13294	435.23	329.00	488.35
13295	5530.81	5025.65	6137.00
13296	105.55	94.47	118.84
13297	181.50	200.67	162.33
13298	3713.00	7318.33	107.67
13299	24.21	12.19	88.33
13300	109.48	114.95	104.00
13301	167.06	169.18	154.33
13302	371.20	370.00	373.00
13303	125.72	110.97	131.25
13304	251.83	271.00	194.33
13305	173.45	159.80	184.83
13306	78.27	76.22	81.00
13307	305.33	400.33	210.33
13308	39.40	48.00	32.52
13309	376.79	416.93	264.40
13310	180.13	88.33	271.93
13311	449.35	311.62	596.27
13312	303.14	324.58	253.11
13313	63.25	58.43	71.70
13314	416.56	393.75	434.80
13315	146.54	151.01	139.38
13316	123.14	132.12	111.17
13317	347.80	512.50	238.00
13318	133.47	177.67	89.27
13319	168.85	254.75	82.95
13320	281.98	454.48	109.48
13321	198.88	67.33	277.80
13322	331.50	304.33	358.67
13323	239.50	270.00	188.67
13324	271.90	235.00	327.25
13325	161.86	173.38	131.17
13326	180.33	189.05	163.42
13327	106.65	98.40	125.90
13328	327.75	105.57	638.80
13329	456.31	1006.58	43.60
13330	343.90	394.83	292.97
13331	441.00	447.17	428.67
13332	224.50	201.00	248.00
13333	178.29	202.78	153.80
13334	286.76	279.31	292.81
13335	59.37	46.67	68.90
13336	354.54	384.67	286.75
13337	141.42	152.00	100.41
13338	109.76	137.07	68.79
13339	962.83	1012.56	838.50
13340	177.89	158.13	190.46
13341	137.98	132.60	141.82
13342	207.98	247.00	155.96
13343	255.00	303.50	241.14
13344	444.33	385.00	503.67
13345	407.88	336.50	479.25
13346	271.50	305.00	215.67
13347	587.29	707.25	427.33
13348	120.40	119.71	122.00
13349	443.15	404.79	532.67
13350	239.14	265.33	219.50
13351	89.68	38.50	118.93
13352	221.35	232.53	158.00
13353	5075.67	5449.75	4327.50
13354	60.83	9.48	150.70
13355	405.00	374.67	435.33
13356	169.29	232.88	105.71
13357	284.44	336.33	180.67
13358	288.46	374.75	150.40
13359	915.22	156.00	1522.60
13360	100.25	75.33	118.94
13361	167.50	136.75	179.80
13362	1395.49	1714.57	650.97
13363	148.10	158.83	132.00
13364	156.00	112.66	182.00
13365	282.65	387.66	98.88
13366	441.00	177.67	704.33
13367	138.85	173.80	109.72
13368	228.21	249.96	210.08
13369	141.50	152.38	119.75
13370	226.82	308.67	191.74
13371	290.90	314.00	253.36
13372	90.25	68.40	108.45
13373	121.68	127.94	88.33
13374	16.89	19.80	13.98
13375	261.36	251.29	279.00
13376	173.46	163.51	229.89
13377	3134.69	3600.89	2202.28
13378	227.41	248.11	190.16
13379	230.17	212.73	247.60
13380	54.12	62.60	40.00
13381	230.05	187.00	256.95
13382	351.10	361.67	335.25
13383	251.88	259.50	239.17
13384	25.35	25.76	23.96
13385	322.58	357.19	261.06
13386	472.10	130.22	813.98
13387	167.42	173.98	161.79
13388	377.77	436.30	238.75
13389	73.91	39.12	120.30
13390	213.50	151.67	275.33
13391	418.64	398.62	465.36
13392	476.43	272.12	1498.00
13393	227.75	128.33	287.40
13394	206.14	204.65	207.63
13395	206.33	251.67	115.66
13396	1165.37	1293.00	612.33
13397	9258.55	7776.00	10105.71
13398	169.86	168.00	172.33
13399	165.39	266.00	84.91
13400	152.97	47.45	293.67
13401	41.87	65.50	10.36
13402	404.00	533.75	300.20
13403	103.46	76.73	123.50
13404	368.40	377.29	347.67
13405	188.11	194.60	155.67
13406	11543.98	16763.48	2309.48
13407	340.24	164.70	691.33
13408	51.61	43.15	62.89
13409	62.92	21.89	103.95
13410	304.00	328.00	289.60
13411	371.00	551.67	262.60
13412	10149.25	12541.00	7757.50
13413	64.54	79.90	38.93
13414	112.75	109.00	116.50
13415	366.22	221.83	655.00
13416	287.86	350.53	240.86
13417	69.34	71.64	66.27
13418	784.76	1141.75	546.76
13419	192.97	205.96	171.33
13420	230.87	321.83	94.43
13421	233.01	202.44	285.43
13422	219.17	154.67	283.67
13423	79.83	83.05	74.17
13424	381.08	402.20	367.88
13425	256.75	245.06	332.75
13426	136.94	109.40	173.67
13427	222.12	235.78	208.45
13428	374.50	422.20	295.00
13429	109.62	123.96	80.93
13430	224.00	271.00	177.00
13431	118.50	106.33	130.67
13432	170.67	207.40	124.75
13433	238.55	294.00	206.86
13434	156.29	170.39	134.61
13435	423.58	409.12	452.50
13436	385.83	516.00	255.66
13437	2308.33	3538.00	1078.67
13438	455.29	488.86	321.00
13439	234.56	246.50	210.67
13440	103.45	162.50	69.70
13441	200.78	218.50	165.33
13442	138.16	98.98	185.18
13443	286.10	203.50	410.00
13444	73.42	76.47	70.38
13445	79.31	98.33	60.30
13446	435.75	450.00	412.00
13447	378.67	435.93	121.00
13448	121.45	127.12	106.33
13449	370.17	198.33	542.00
13450	191.89	274.97	92.20
13451	222.75	261.33	199.60
13452	401.09	767.30	185.68
13453	185.38	175.39	195.38
13454	71.26	73.25	68.60
13455	148.81	155.05	136.33
13456	373.67	315.00	432.33
13457	232.92	232.72	236.00
13458	38.80	29.15	47.16
13459	414.83	344.00	485.67
13460	203.31	196.97	207.00
13461	9217616.00	12674050.25	458.00
13462	96.30	111.00	81.60
13463	88.85	73.36	114.67
13464	114.58	66.35	178.89
13465	1028.48	1213.94	778.82
13466	156.70	242.00	107.96
13467	96.06	92.90	101.33
13468	95.04	61.94	152.95
13469	167.88	193.63	86.33
13470	211.47	223.61	195.86
13471	249.44	270.17	208.00
13472	217.25	265.50	193.12
13473	309.69	281.27	331.00
13474	1242.20	2242.73	241.67
13475	57.63	66.83	52.11
13476	87.21	33.60	119.38
13477	4418.86	7502.88	306.83
13478	187.40	217.08	152.33
13479	306.89	352.50	215.67
13480	573.60	271.80	875.40
13481	276.00	478.67	124.00
13482	223.43	145.25	327.67
13483	125.48	157.83	76.95
13484	399.75	436.80	338.00
13485	182.92	192.20	152.00
13486	111.81	42.19	142.76
13487	145.99	162.30	136.20
13488	231.91	322.68	26.17
13489	176.29	179.76	168.50
13490	79.23	81.42	76.32
13491	192.44	203.00	171.33
13492	168.44	186.00	146.50
13493	139.03	222.80	34.32
13494	296.35	305.39	271.50
13495	98.36	51.47	133.54
13496	60.50	94.53	26.47
13497	34.82	39.16	32.85
13498	134.00	169.88	93.00
13499	320.11	257.67	445.00
13500	595.17	473.33	717.00
13501	77.52	96.80	38.96
13502	431.30	13.93	848.67
13503	196.00	183.83	220.33
13504	346.00	194.67	497.33
13505	234.45	375.60	133.63
13506	157.40	142.58	212.97
13507	49.96	27.51	100.47
13508	241.64	280.62	137.67
13509	36.03	35.14	37.09
13510	449.31	454.80	440.17
13511	208.56	214.80	200.75
13512	150.38	169.40	118.67
13513	260.45	308.71	176.00
13514	289.85	241.21	403.33
13515	238.01	284.89	120.83
13516	184.79	105.38	290.67
13517	185.12	149.00	221.25
13518	207.45	264.75	115.76
13519	180.83	177.71	194.10
13520	790.83	842.42	687.67
13521	94.76	88.46	105.27
13522	803.00	524.80	1150.75
13523	181.20	210.12	133.00
13524	95.98	101.63	87.50
13525	175.25	198.50	151.99
13526	376.06	384.33	359.50
13527	54.29	33.60	62.05
13528	226.42	230.52	197.67
13529	161.10	243.33	119.98
13530	177.36	29.30	325.42
13531	303.25	299.88	310.00
13532	154.21	26.39	186.16
13533	373.33	471.38	177.25
13534	185.88	167.67	196.80
13535	516.31	586.32	148.75
13536	489.89	614.29	272.20
13537	675.86	716.00	622.33
13538	128.71	128.00	129.67
13539	105.70	113.25	95.63
13540	922.83	970.00	875.67
13541	271.89	178.20	389.00
13542	398.12	290.67	462.60
13543	352.00	284.40	408.33
13544	229.11	341.00	79.93
13545	128.36	159.55	100.63
13546	330.87	443.25	202.43
13547	373.50	280.00	410.90
13548	184.64	292.80	4.37
13549	2066.80	4379.33	332.40
13550	236.79	155.65	358.50
13551	570.15	638.50	342.33
13552	1066.76	1275.83	300.20
13553	279.29	259.62	343.25
13554	428.05	378.97	550.75
13555	183.40	154.00	222.60
13556	187.53	174.87	225.50
13557	181.66	172.64	305.00
13558	619.80	521.57	849.00
13559	390.12	505.00	198.67
13560	99.22	21.44	177.00
13561	334.05	357.45	115.67
13562	533.70	543.00	481.00
13563	846.53	1081.32	470.87
13564	328.55	272.36	459.67
13565	340.07	304.08	592.00
13566	88.08	96.30	51.09
13567	120.09	135.66	110.74
13568	329.64	417.75	259.15
13569	263.93	146.85	366.38
13570	416.00	475.50	336.67
13571	522.38	695.00	234.67
13572	826.32	914.56	708.67
13573	243.00	198.00	333.00
13574	279.15	137.30	752.00
13575	309.89	381.98	237.80
13576	170.55	183.16	145.33
13577	275.28	273.11	276.91
13578	567.50	461.29	815.33
13579	344.00	384.00	317.33
13580	359.25	462.75	229.88
13581	601.33	1654.00	250.44
13582	627.17	652.50	505.60
13583	237.17	237.22	236.67
13584	189.00	195.80	183.33
13585	2009.78	630.25	3113.40
13586	209.31	176.70	263.65
13587	206.00	217.00	191.33
13588	209.63	222.90	171.47
13589	129.44	123.00	142.33
13590	707.75	853.00	465.67
13591	5.67	5.70	5.66
13592	395.91	375.01	445.06
13593	228.52	217.51	267.86
13594	240.54	262.92	188.33
13595	413.53	526.35	225.50
13596	464.90	467.00	464.00
13597	99.05	83.63	129.89
13598	295.12	333.60	231.00
13599	353.38	476.00	149.00
13600	346.55	450.33	222.00
13601	150.09	223.75	91.16
13602	179.71	142.73	315.33
13603	223.38	170.33	255.20
13604	352.95	394.60	248.82
13605	33.30	24.93	41.67
13606	120.19	123.24	101.93
13607	380.68	384.83	373.57
13608	116.88	120.50	111.45
13609	548.61	462.46	610.14
13610	248.16	313.00	211.11
13611	437.33	332.00	542.67
13612	806.76	679.59	1230.67
13613	54.10	67.06	23.87
13614	116.46	126.53	110.71
13615	1766.29	2916.43	156.10
13616	721.26	533.00	844.04
13617	190.40	207.33	165.00
13618	271.12	203.41	451.67
13619	101.62	80.72	234.00
13620	200.06	233.14	34.62
13621	244.71	378.33	144.50
13622	184.33	174.00	194.67
13623	260.54	273.10	218.67
13624	413.22	567.80	196.80
13625	155.82	126.49	169.62
13626	2464.65	3435.75	134.00
13627	332.92	172.40	447.57
13628	134.86	181.00	88.72
13629	415.25	363.83	505.25
13630	311.51	289.90	340.33
13631	440.73	324.86	643.50
13632	291.53	405.21	132.38
13633	184.86	226.25	129.66
13634	98.17	96.20	99.07
13635	424.12	782.00	66.23
13636	285.28	283.20	287.36
13637	296.45	309.17	281.20
13638	94.11	148.25	21.93
13639	167.50	240.67	94.33
13640	301.82	333.87	256.96
13641	173.83	80.33	267.33
13642	327.10	328.25	326.33
13643	178.73	265.00	146.38
13644	5945.02	120.81	9273.14
13645	75.99	92.22	63.00
13646	83.89	142.00	32.24
13647	201.48	211.05	194.95
13648	271.67	277.20	260.60
13649	432.29	343.25	551.00
13650	255.50	306.09	144.20
13651	26.40	38.88	20.16
13652	328.00	120.67	452.40
13653	406.83	372.00	441.67
13654	131.15	47.33	214.97
13655	5724.93	297.45	8050.99
13656	494.70	495.90	493.50
13657	236.72	231.96	263.67
13658	249.75	179.67	291.80
13659	76.46	63.33	84.34
13660	161.37	173.52	131.00
13661	524.20	569.25	494.17
13662	152.67	215.33	131.78
13663	365.91	334.33	403.80
13664	573.56	902.00	135.63
13665	497.50	424.00	571.00
13666	234.82	217.56	263.60
13667	153.59	155.00	149.36
13668	217.88	118.20	384.00
13669	2056.41	1521.82	2709.81
13670	239.33	230.33	248.33
13671	127.79	137.41	98.93
13672	229.64	221.96	256.50
13673	212.86	143.80	333.73
13674	108.12	96.80	123.98
13675	129.88	49.15	291.33
13676	284.26	280.95	288.67
13677	185.00	170.25	204.67
13678	166.86	242.00	138.69
13679	84.87	86.12	78.60
13680	91.67	52.00	131.33
13681	1290.17	1393.43	1145.60
13682	220.00	108.67	286.80
13683	280.36	292.00	251.25
13684	111.70	67.12	171.13
13685	263.20	40.47	441.38
13686	57.74	42.62	88.00
13687	196.64	174.89	235.80
13688	174.68	178.36	144.00
13689	149.64	146.92	154.29
13690	52.72	22.73	62.71
13691	125.20	130.18	122.08
13692	89.12	77.34	107.96
13693	173.71	203.67	151.25
13694	35.78	30.36	40.36
13695	547.33	591.86	485.00
13696	107.23	75.83	159.56
13697	3085.75	5315.28	219.21
13698	50.51	55.33	38.45
13699	125.38	106.53	238.50
13700	159.88	151.24	205.97
13701	286.69	291.31	266.67
13702	167.99	185.70	126.67
13703	151.62	147.26	175.20
13704	333.67	387.83	225.33
13705	229.24	319.50	157.04
13706	285.66	162.66	695.67
13707	124.99	167.83	39.30
13708	203.39	236.00	134.10
13709	109.62	198.30	20.93
13710	103.80	80.00	127.60
13711	187.42	172.00	198.43
13712	80.52	61.98	92.11
13713	146.66	184.00	62.65
13714	639.60	728.02	506.96
13715	28.65	32.70	23.26
13716	401.00	334.00	453.11
13717	305.89	271.00	349.50
13718	92.08	103.00	84.80
13719	52.60	32.72	63.96
13720	350.28	18.60	681.97
13721	124.15	101.08	158.75
13722	324.20	373.50	250.25
13723	39.54	36.87	48.42
13724	2261.12	2736.20	1469.33
13725	522.17	880.50	163.85
13726	139.99	164.35	103.45
13727	1105.18	2679.00	205.86
13728	746.11	486.50	953.80
13729	151.67	138.25	162.40
13730	140.10	127.67	145.43
13731	87.57	132.27	35.43
13732	321.44	308.00	332.20
13733	444.15	518.70	195.67
13734	357.50	367.67	347.33
13735	168.22	158.80	215.33
13736	86.60	81.73	91.78
13737	1131.35	1278.36	739.33
13738	236.29	285.50	170.67
13739	303.78	395.80	188.75
13740	256.28	288.14	111.45
13741	166.44	167.54	165.75
13742	94.34	179.93	42.98
13743	284.14	374.33	216.50
13744	181.08	201.32	156.80
13745	376.01	473.20	123.30
13746	115.08	139.79	75.56
13747	132.26	148.82	115.71
13748	206.26	69.62	320.13
13749	621.85	765.68	334.18
13750	586.88	475.25	698.50
13751	126.67	118.00	135.33
13752	95.65	145.97	45.33
13753	1443.80	465.98	5681.00
13754	161.71	161.67	161.75
13755	104.68	113.60	97.99
13756	248.93	125.00	341.88
13757	291.47	411.33	171.60
13758	42.20	18.63	89.33
13759	630.33	869.88	151.25
13760	319.88	303.00	336.75
13761	188.09	194.14	177.50
13762	157.33	141.80	176.75
13763	156.02	98.83	205.04
13764	323.40	185.71	441.43
13765	295.29	421.25	127.33
13766	112.72	87.71	142.74
13767	332.69	310.60	354.78
13768	262.88	275.60	241.67
13769	511.29	519.00	501.00
13770	153.69	123.96	183.43
13771	459.22	576.84	106.33
13772	71.13	98.72	25.16
13773	55.13	39.13	115.12
13774	223.08	218.63	225.23
13775	155.62	159.33	153.40
13776	102.88	87.00	118.75
13777	253.21	269.67	193.98
13778	198.65	185.35	245.19
13779	52.49	54.96	48.96
13780	338.04	364.19	155.00
13781	404.83	126.67	613.45
13782	84.96	91.18	64.75
13783	281.29	289.49	271.65
13784	142.57	126.00	164.67
13785	242.38	262.80	208.33
13786	75.96	85.63	73.88
13787	242.36	211.00	254.90
13788	434.25	360.00	558.00
13789	136.97	53.23	248.63
13790	173.05	180.50	167.64
13791	91.51	66.30	113.57
13792	1207.83	1148.00	1267.67
13793	230.65	288.64	95.33
13794	353.84	422.38	311.00
13795	136.01	58.51	291.00
13796	323.38	269.86	365.00
13797	423.54	454.88	373.40
13798	133.39	96.57	161.00
13799	99.51	54.14	131.91
13800	108.88	126.97	66.67
13801	72.98	74.97	71.00
13802	14.38	13.63	15.70
13803	424.82	436.85	385.75
13804	219.46	112.35	397.98
13805	159.57	158.00	161.67
13806	210.38	199.40	228.67
13807	300.14	233.33	350.25
13808	187.50	108.67	221.29
13809	266.14	329.25	182.00
13810	274.00	283.00	266.80
13811	104.50	105.00	104.00
13812	189.67	136.45	269.50
13813	330.71	333.67	328.50
13814	100.24	113.10	65.52
13815	369.44	361.91	383.00
13816	190.49	275.40	77.27
13817	404.33	383.33	425.33
13818	162.98	171.43	136.09
13819	275.50	311.33	239.67
13820	56.87	62.98	52.29
13821	199.99	233.38	113.18
13822	129.11	137.15	107.66
13823	220.00	234.33	205.67
13824	266.88	230.20	328.00
13825	27.63	32.74	22.52
13826	285.18	291.88	267.33
13827	35.17	39.92	25.66
13828	108.33	112.74	103.17
13829	910.22	865.14	1009.40
13830	150.99	138.40	157.98
13831	215.22	298.60	111.00
13832	219.18	206.75	252.33
13833	331.62	337.75	325.50
13834	180.45	206.43	135.00
13835	403.08	376.70	535.00
13836	582.44	921.60	158.50
13837	321.67	181.33	462.00
13838	1642.79	2557.50	977.55
13839	211.50	143.09	462.33
13840	531.78	696.00	203.33
13841	879.75	850.75	908.75
13842	142.09	132.07	157.12
13843	223.17	301.33	145.00
13844	158.14	181.33	140.75
13845	195.09	190.75	197.98
13846	306.87	243.12	379.71
13847	164.16	182.72	114.67
13848	164.25	130.20	221.00
13849	139.11	139.78	138.00
13850	77.17	71.67	82.67
13851	279.92	244.11	387.33
13852	773.89	1612.66	102.88
13853	167.35	221.41	90.11
13854	2378.29	3980.50	242.00
13855	357.29	481.92	108.03
13856	647.77	740.88	498.80
13857	604.15	86.63	1121.67
13858	152.10	65.33	238.87
13859	70.79	93.98	42.96
13860	266.62	304.01	232.34
13861	266.43	260.53	272.33
13862	170.50	95.93	207.78
13863	404.60	263.89	615.67
13864	473.83	305.67	642.00
13865	191.86	112.75	223.50
13866	198.77	368.33	113.98
13867	138.00	117.92	190.20
13868	285.33	241.67	329.00
13869	766.49	442.48	1090.50
13870	134.91	323.67	21.65
13871	126.25	113.67	133.80
13872	164.00	153.25	178.33
13873	265.90	291.35	204.80
13874	173.17	139.83	206.50
13875	304.10	287.71	342.33
13876	371.40	384.29	341.33
13877	168.22	149.43	187.00
13878	525.15	98.99	1270.94
13879	119.73	170.97	56.44
13880	127.16	142.71	65.00
13881	94.34	118.50	65.36
13882	369.82	109.91	704.00
13883	125.32	163.43	71.96
13884	354.96	314.94	448.33
13885	137.43	136.50	138.67
13886	670.93	808.00	328.25
13887	122.72	125.84	113.97
13888	653.67	972.64	361.29
13889	222.25	180.80	291.33
13890	264.00	381.00	147.00
13891	173.47	184.04	118.00
13892	241.05	145.70	320.50
13893	311.20	316.20	306.20
13894	256.00	375.33	184.40
13895	878.25	1018.50	457.50
13896	54.50	47.77	62.58
13897	425.09	457.60	379.94
13898	420.33	604.33	236.33
13899	2151.71	2844.00	1228.67
13900	134.80	122.27	147.33
13901	352.82	422.73	224.67
13902	160.92	163.19	151.40
13903	475.09	379.20	555.00
13904	102.92	129.37	64.70
13905	112.43	75.93	148.93
13906	369.43	528.00	158.00
13907	154.60	132.86	205.33
13908	103.41	143.75	63.06
13909	122.11	140.70	97.33
13910	4583.54	3907.46	6273.75
13911	309.45	380.83	223.80
13912	40.18	37.55	45.43
13913	4886.27	6012.25	1883.67
13914	267.98	204.54	371.06
13915	140.23	141.89	136.50
13916	110.47	68.93	135.40
13917	123.61	217.50	56.56
13918	375.33	178.67	572.00
13919	188.25	196.00	175.33
13920	113.83	113.00	114.67
13921	245.44	414.91	19.48
13922	404.50	455.75	353.25
13923	139.16	203.06	53.96
13924	115.70	120.33	107.20
13925	205.60	109.62	315.29
13926	128.73	99.78	138.37
13927	113.02	73.66	185.19
13928	59.57	46.36	86.00
13929	388.49	245.99	673.50
13930	195.42	168.17	295.33
13931	1469.39	1845.88	402.67
13932	224.16	117.07	360.45
13933	388.67	595.67	181.67
13934	179.70	191.10	137.92
13935	122.79	103.56	225.33
13936	330.59	377.50	205.50
13937	63.59	72.31	40.33
13938	160.00	152.00	168.00
13939	289.84	599.00	69.01
13940	124.50	120.23	139.43
13941	63.46	65.96	54.27
13942	157.89	180.14	118.95
13943	1517.04	2722.20	10.59
13944	286.39	298.42	274.36
13945	395.41	389.89	411.97
13946	133.98	174.00	93.97
13947	277.25	160.40	472.00
13948	731.50	551.33	911.67
13949	430.36	396.00	471.60
13950	205.41	140.91	323.67
13951	97.03	125.51	11.60
13952	353.20	465.33	185.00
13953	207.25	264.67	172.80
13954	272.80	242.60	303.00
13955	43.76	74.33	20.82
13956	154.64	182.75	132.77
13957	64.99	69.83	59.18
13958	271.36	253.00	304.40
13959	280.14	365.25	166.67
13960	248.07	274.70	181.50
13961	74.25	68.36	80.14
13962	73.04	59.81	108.33
13963	181.97	183.34	162.33
13964	156.26	154.80	157.72
13965	292.17	385.00	199.33
13966	124.37	113.97	165.95
13967	445.32	588.98	265.75
13968	180.07	173.87	188.33
13969	623.31	684.69	357.33
13970	539.88	207.00	1094.67
13971	604.31	1021.36	83.00
13972	178.88	165.00	202.00
13973	365.11	345.33	375.00
13974	288.67	187.28	373.17
13975	185.25	153.08	233.50
13976	196.00	107.33	262.50
13977	251.98	312.30	191.67
13978	283.00	299.33	217.67
13979	16.50	17.77	13.97
13980	507.04	853.58	229.80
13981	103.30	110.47	96.13
13982	404.00	338.67	469.33
13983	70.16	10.64	144.55
13984	642.78	659.83	608.67
13985	106.30	75.28	131.12
13986	227.71	189.04	311.50
13987	800.89	1285.87	241.31
13988	218.71	189.85	265.62
13989	137.76	145.33	120.72
13990	106.69	125.67	87.71
13991	1279.21	1412.75	1101.17
13992	327.13	201.83	374.11
13993	114.37	57.19	155.21
13994	91.38	99.40	78.00
13995	1956.29	915.67	2736.75
13996	481.74	189.25	774.23
13997	66.28	94.53	32.38
13998	463.67	501.43	410.80
13999	89.67	94.75	86.29
14000	236.23	257.00	215.47
14001	90.47	152.33	28.60
14002	143.82	91.56	248.33
14003	122.91	73.35	189.00
14004	136.33	149.02	43.27
14005	45.09	35.95	51.94
14006	55.77	79.00	38.34
14007	92.40	75.43	132.00
14008	409.50	430.14	361.33
14009	99.36	90.18	105.91
14010	307.84	174.00	408.23
14011	101.36	63.75	138.97
14012	153.09	111.40	222.57
14013	279.62	331.00	228.25
14014	180.44	148.20	220.75
14015	230.83	63.09	608.25
14016	206.71	213.75	197.33
14017	128.55	92.29	382.30
14018	205.79	228.00	153.97
14019	359.21	271.21	409.49
14020	93.47	89.76	105.53
14021	4424.13	7210.08	1423.87
14022	917.90	271.33	1887.75
14023	662.89	1228.50	210.40
14024	263.19	303.77	232.75
14025	1383.55	2086.17	540.40
14026	170.65	142.30	199.00
14027	2160.34	1728.67	2278.07
14028	734.69	710.00	755.86
14029	209.67	144.00	275.33
14030	429.30	301.27	557.33
14031	303.80	395.00	264.71
14032	139.84	137.39	145.97
14033	155.64	161.33	153.50
14034	218.99	178.84	306.00
14035	406.81	351.00	529.60
14036	279.22	88.60	517.50
14037	104.75	119.92	49.17
14038	113.16	136.11	67.27
14039	69.97	70.60	69.33
14040	458.19	313.75	506.33
14041	41.25	52.29	9.68
14042	274.24	236.62	346.07
14043	224.70	224.00	225.75
14044	165.32	229.00	101.65
14045	279.17	255.67	302.67
14046	158.83	85.43	261.60
14047	144.93	162.20	127.67
14048	132.47	47.30	200.60
14049	362.75	335.50	390.00
14050	137.00	150.90	102.25
14051	151.60	165.57	119.00
14052	215.94	199.69	258.20
14053	368.20	492.15	138.00
14054	144.09	111.48	193.00
14055	72.10	89.80	31.89
14056	462.82	585.12	136.67
14057	62.24	53.87	78.97
14058	937.06	277.53	2421.00
14059	154.28	229.30	79.27
14060	204.82	175.75	274.60
14061	69.42	98.34	21.23
14062	76.24	107.40	13.93
14063	280.02	245.04	341.25
14064	203.45	200.30	211.83
14065	191.31	191.99	189.80
14066	150.86	119.67	174.25
14067	58.13	92.00	32.72
14068	155.00	159.71	146.75
14069	816.33	273.00	1013.91
14070	149.43	88.00	195.50
14071	70.97	70.91	71.12
14072	397.64	144.93	524.00
14073	118.91	113.60	124.22
14074	1687.70	670.87	4738.20
14075	1370.38	390.14	2514.00
14076	217.82	200.50	227.71
14077	118.16	146.20	80.77
14078	440.11	314.14	575.77
14079	183.71	208.00	165.50
14080	141.83	111.33	172.33
14081	142.49	179.75	67.97
14082	238.38	176.20	342.00
14083	379.64	248.86	608.50
14084	93.66	102.45	81.93
14085	3208.79	3709.00	2958.69
14086	119.71	145.46	59.60
14087	327.91	363.86	265.00
14088	177.27	133.71	253.50
14089	135.39	163.67	92.97
14090	806.54	656.55	916.53
14091	229.12	501.33	65.80
14092	103.96	120.79	32.47
14093	429.31	475.33	325.75
14094	210.75	125.00	262.20
14095	226.58	255.00	206.29
14096	348.80	328.00	369.60
14097	8615.60	13694.50	997.25
14098	210.71	147.75	294.67
14099	138.75	143.69	117.33
14100	215.12	171.75	258.50
14101	168.43	170.86	166.00
14102	104.39	128.80	73.88
14103	424.14	414.36	460.00
14104	295.29	222.00	350.25
14105	101.69	124.65	78.72
14106	215.47	124.11	343.38
14107	2786.11	429.75	5927.93
14108	586.88	361.26	812.50
14109	238.62	330.64	23.89
14110	60.69	81.00	33.63
14111	361.56	150.10	714.00
14112	56.19	49.09	110.60
14113	1560.92	2244.38	649.65
14114	184.14	226.00	128.33
14115	298.57	303.84	292.07
14116	166.86	366.00	47.38
14117	393.88	369.67	408.40
14118	138.07	158.33	122.88
14119	350.67	348.33	351.83
14120	169.77	199.82	109.66
14121	136.67	92.00	181.33
14122	29.80	28.26	33.48
14123	315.65	500.67	130.63
14124	87.59	115.56	31.66
14125	139.38	154.68	103.67
14126	88.56	117.71	53.58
14127	199.59	160.57	290.63
14128	525.14	748.25	227.67
14129	415.33	532.00	298.67
14130	166.25	188.40	129.33
14131	216.50	209.60	228.00
14132	126.66	123.32	136.67
14133	138.15	148.71	108.58
14134	74.48	90.89	44.94
14135	41.30	41.86	39.63
14136	201.03	202.70	197.70
14137	4622.01	9781.21	1635.11
14138	157.24	152.89	166.73
14139	255.17	365.00	145.33
14140	110.13	96.27	124.00
14141	105.81	102.50	107.14
14142	47.83	40.77	54.88
14143	221.79	248.63	186.01
14144	194.13	277.00	131.97
14145	427.71	467.50	374.67
14146	330.27	348.33	318.22
14147	574.11	101.75	952.00
14148	1614.23	2734.97	119.90
14149	95.38	47.91	114.37
14150	111.25	109.87	114.00
14151	6368.17	8246.00	108.73
14152	413.83	395.67	432.00
14153	6225.54	173.70	14294.67
14154	209.56	209.25	209.74
14155	281.59	276.29	299.58
14156	559.48	653.69	344.14
14157	227.00	289.71	172.12
14158	293.73	229.50	422.20
14159	427.50	533.33	321.67
14160	105.67	124.67	86.67
14161	53.04	8.94	141.25
14162	165.50	196.00	135.00
14163	357.33	213.25	472.60
14164	135.43	179.67	91.20
14165	252.83	187.45	340.00
14166	187.53	74.60	272.23
14167	335.36	347.88	302.00
14168	473.31	590.42	122.00
14169	39.40	42.60	37.00
14170	157.84	143.00	168.97
14171	220.38	277.75	163.00
14172	48.08	47.98	48.26
14173	106.09	62.85	181.75
14174	819.35	981.20	657.50
14175	226.04	270.52	137.08
14176	238.14	224.98	282.00
14177	189.67	158.67	220.67
14178	471.00	346.60	678.33
14179	119.51	174.50	82.84
14180	150.43	169.75	124.67
14181	111.35	122.78	85.21
14182	163.97	199.75	116.27
14183	127.07	66.00	172.88
14184	311.41	246.32	376.49
14185	276.74	110.87	401.15
14186	124.34	193.68	38.35
14187	150.24	181.61	35.23
14188	167.53	163.65	174.00
14189	253.33	229.00	270.71
14190	244.60	248.92	204.33
14191	132.01	247.20	79.65
14192	134.44	75.97	204.60
14193	264.67	332.00	197.33
14194	190.80	89.30	292.30
14195	397.15	316.42	639.33
14196	176.13	142.86	199.42
14197	182.90	195.43	153.67
14198	147.39	137.31	160.35
14199	136.14	162.00	101.67
14200	165.50	224.67	106.33
14201	141.15	155.53	114.61
14202	4800.22	2114.00	10172.67
14203	206.55	351.33	152.25
14204	220.80	199.00	242.60
14205	63.81	43.73	98.95
14206	218.46	246.17	176.90
14207	197.08	197.07	197.08
14208	110.90	93.77	148.60
14209	413.88	519.33	350.60
14210	218.64	227.58	168.00
14211	227.86	239.75	212.00
14212	303.67	334.78	210.33
14213	115.67	46.33	185.00
14214	175.76	157.75	199.78
14215	57873.55	1701.69	192686.01
14216	55.95	62.59	50.97
14217	244.81	277.50	201.23
14218	201.23	179.44	250.25
14219	90.53	95.87	84.41
14220	167.67	177.50	148.00
14221	209.67	254.80	177.43
14222	298.07	313.64	241.00
14223	168.81	146.11	222.75
14224	306.86	282.33	325.25
14225	141.67	135.14	150.80
14226	83.33	101.33	65.32
14227	350.57	366.00	339.00
14228	131.23	85.65	192.00
14229	69.19	87.74	39.52
14230	2040.57	2721.64	814.64
14231	100.11	118.69	62.95
14232	234.60	218.14	273.00
14233	202.99	219.93	112.66
14234	116.50	165.67	79.62
14235	474.90	380.17	617.00
14236	130.48	118.26	151.58
14237	89.50	47.80	159.00
14238	159.48	37.92	192.64
14239	154.44	122.60	194.25
14240	197.37	172.40	239.00
14241	379.90	361.48	395.81
14242	364.47	330.31	615.00
14243	153.35	110.67	178.96
14244	406.64	308.86	577.75
14245	430.86	500.50	338.00
14246	548.12	1017.93	78.30
14247	285.29	374.60	195.98
14248	743.79	619.18	915.12
14249	143.03	102.97	174.19
14250	144.22	80.83	271.00
14251	351.14	522.75	122.33
14252	128.48	209.30	47.67
14253	220.59	154.15	320.25
14254	123.60	104.76	155.00
14255	508.35	568.07	396.38
14256	126.33	159.33	93.33
14257	115.38	110.44	123.30
14258	214.85	262.80	134.93
14259	44.72	51.56	14.64
14260	73.59	76.38	68.93
14261	192.11	194.17	188.00
14262	303.56	599.60	56.86
14263	351.71	303.50	416.00
14264	1487.84	1951.67	1024.00
14265	187.74	100.36	362.50
14266	299.97	233.62	366.33
14267	99.60	100.80	97.60
14268	132.26	107.70	165.00
14269	209.94	219.23	187.29
14270	175.67	215.00	136.33
14271	518.82	554.57	456.25
14272	202.47	285.00	180.47
14273	273.80	155.20	392.40
14274	90.93	80.83	111.12
14275	577.75	917.14	181.80
14276	935.77	1108.70	359.33
14277	91.62	93.67	90.40
14278	380.93	382.55	375.00
14279	344.87	449.11	188.50
14280	208.34	205.80	211.65
14281	414.64	410.95	441.67
14282	150.75	168.00	133.50
14283	186.70	301.50	14.50
14284	379.21	594.67	271.48
14285	272.70	254.17	300.50
14286	200.43	205.50	193.67
14287	1168.33	395.00	1787.00
14288	197.46	217.76	167.00
14289	332.46	462.33	293.50
14290	435.71	400.75	482.33
14291	314.64	154.17	507.20
14292	259.75	270.80	241.33
14293	104.09	85.85	122.33
14294	143.98	191.50	72.70
14295	289.79	289.41	290.67
14296	288.00	108.50	527.33
14297	96.14	105.25	84.00
14298	225.12	307.00	143.25
14299	300.67	172.00	429.33
14300	136.72	119.88	150.20
14301	116.25	114.00	118.50
14302	165.78	188.50	135.48
14303	166.69	321.67	50.45
14304	168.31	135.80	208.95
14305	156.50	104.00	209.00
14306	68.13	68.62	63.00
14307	446.57	358.00	513.00
14308	163.03	203.20	55.93
14309	117.67	105.43	163.11
14310	468.97	58.93	715.00
14311	297.17	479.33	115.00
14312	284.67	224.00	406.00
14313	173.08	270.83	26.45
14314	380.97	380.55	381.67
14315	471.16	674.27	186.80
14316	1933.78	66.67	2867.33
14317	519.67	778.67	260.67
14318	57.18	25.50	152.23
14319	219.57	236.09	159.00
14320	182.86	188.75	175.00
14321	86.69	82.19	91.20
14322	91.16	107.25	81.97
14323	371.99	423.50	303.30
14324	162.34	196.29	117.08
14325	216.14	229.25	198.67
14326	522.82	500.00	559.69
14327	80.69	92.41	66.25
14328	117.13	98.93	135.33
14329	273.17	258.33	288.00
14330	653.19	638.33	697.75
14331	328.00	356.64	261.17
14332	527.75	257.80	977.67
14333	250.06	484.67	74.10
14334	261.27	61.97	410.75
14335	727.11	495.80	1016.25
14336	108.81	128.00	89.62
14337	380.71	517.33	278.25
14338	149.38	142.23	163.67
14339	477.56	268.26	948.50
14340	267.00	82.00	421.17
14341	161.16	51.03	243.75
14342	1288.90	496.29	3138.33
14343	211.17	238.00	184.33
14344	323.67	281.33	408.33
14345	336.62	311.70	419.67
14346	331.67	295.00	405.00
14347	115.73	88.15	137.80
14348	113.82	117.91	98.50
14349	162.20	194.03	137.43
14350	232.21	221.56	251.40
14351	113.92	106.50	121.33
14352	271.83	371.20	116.56
14353	158.02	166.93	147.83
14354	1281.75	1084.33	1479.17
14355	967.51	947.02	998.25
14356	888.06	200.09	3410.63
14357	166.24	182.17	127.54
14358	280.15	411.33	148.97
14359	140.00	230.33	49.67
14360	185.69	190.25	177.33
14361	292.80	266.00	355.33
14362	1015.88	486.60	1898.00
14363	175.67	158.33	193.00
14364	108.86	75.97	128.60
14365	130.64	127.28	136.50
14366	477.50	512.37	216.00
14367	657.50	777.33	298.00
14368	159.96	101.74	276.40
14369	527.78	418.36	768.50
14370	247.38	207.12	311.78
14371	172.80	192.75	150.00
14372	668.43	1026.15	96.08
14373	201.31	150.81	403.27
14374	410.69	149.97	695.11
14375	92.24	97.60	87.77
14376	10927.78	15226.80	5554.00
14377	429.17	418.44	461.33
14378	313.92	401.33	226.50
14379	167.50	141.00	194.00
14380	2550.67	3332.33	1769.00
14381	195.29	168.81	243.83
14382	168.56	123.55	220.00
14383	442.59	364.78	520.40
14384	692.29	663.00	731.33
14385	409.43	579.58	69.13
14386	142.98	116.63	182.50
14387	112.13	165.00	59.27
14388	629.88	608.33	642.80
14389	109.86	117.67	104.65
14390	10.22	13.71	0.89
14391	199.63	246.67	77.32
14392	675.33	569.00	781.67
14393	16.93	15.46	21.83
14394	182.93	181.63	185.10
14395	320.50	215.33	455.71
14396	106.43	132.33	80.53
14397	69.80	73.40	65.00
14398	266.71	220.00	328.99
14399	390.38	502.62	278.12
14400	413.77	751.20	76.33
14401	51.59	66.29	38.36
14402	228.20	244.92	200.33
14403	147.90	160.36	140.98
14404	110.22	122.20	98.25
14405	328.25	318.25	338.25
14406	198.38	228.27	132.60
14407	188.62	157.83	215.00
14408	215.57	225.33	208.25
14409	618.56	601.25	632.40
14410	447.20	459.86	417.66
14411	147.00	119.00	197.40
14412	494.50	456.40	558.00
14413	62.02	78.48	36.40
14414	391.00	445.00	358.60
14415	119.19	94.78	168.00
14416	178.57	220.22	103.60
14417	163.60	175.00	152.21
14418	786.12	1142.60	192.00
14419	324.50	351.25	311.12
14420	213.17	218.56	197.00
14421	143.10	52.20	234.00
14422	453.25	439.64	485.00
14423	142.94	85.74	190.62
14424	78.00	41.33	114.67
14425	189.67	208.33	171.00
14426	491.70	600.72	91.99
14427	128.00	134.00	120.50
14428	477.00	586.00	331.67
14429	123.57	173.00	57.67
14430	87.54	87.67	87.30
14431	165.30	224.40	82.56
14432	455.25	172.86	850.60
14433	1014.15	446.18	4232.67
14434	856.75	1101.00	124.00
14435	175.49	173.40	177.06
14436	106.50	139.76	95.41
14437	1231.24	106.93	2355.55
14438	1069.49	1111.09	771.33
14439	273.95	217.64	405.33
14440	167.37	40.16	294.58
14441	212.35	253.81	87.97
14442	121.99	132.14	111.83
14443	481.62	327.75	635.50
14444	234.84	218.32	245.85
14445	410.34	638.94	181.73
14446	57.61	69.29	45.93
14447	63.05	44.46	103.94
14448	214.06	120.35	364.00
14449	219.24	243.19	156.96
14450	9.92	10.11	9.60
14451	272.18	355.00	127.25
14452	277.22	144.23	463.40
14453	67.02	55.40	75.73
14454	256.17	206.86	397.07
14455	166.07	105.40	267.20
14456	338.50	322.00	355.00
14457	196.50	208.00	185.00
14458	304.57	345.67	273.75
14459	37.27	32.05	47.69
14460	276.23	170.75	381.70
14461	191.11	208.50	177.20
14462	182.38	194.70	161.83
14463	201.06	205.64	186.40
14464	265.62	275.75	255.50
14465	207.44	376.00	72.60
14466	215.00	212.00	218.00
14467	134.90	118.00	142.14
14468	125.28	119.09	142.31
14469	584.42	289.45	908.90
14470	198.46	170.94	253.50
14471	213.36	185.39	250.67
14472	330.22	459.27	29.10
14473	190.04	247.42	132.66
14474	62384.29	63816.33	61310.25
14475	297.30	204.93	389.67
14476	300.32	308.02	284.91
14477	285.55	307.38	227.33
14478	137.60	77.30	218.00
14479	249.60	252.38	244.67
14480	528.00	537.91	513.13
14481	183.21	243.99	31.25
14482	261.84	308.98	199.00
14483	189.67	210.33	169.00
14484	395.83	445.48	110.34
14485	142.62	131.50	153.75
14486	263.11	497.00	29.22
14487	202.25	174.80	248.00
14488	1873.89	593.60	3474.25
14489	433.29	548.50	279.67
14490	124.45	119.67	126.50
14491	142.75	146.34	136.45
14492	120.00	111.00	132.00
14493	135.16	144.10	111.33
14494	277.92	238.50	317.33
14495	195.56	212.50	161.67
14496	381.27	146.33	616.20
14497	169.33	196.80	135.00
14498	40.14	43.09	29.33
14499	160.00	154.00	172.00
14500	357.78	418.25	309.40
14501	298.77	234.34	406.17
14502	124.54	99.70	157.67
14503	452.67	460.60	442.75
14504	104.44	120.75	91.40
14505	316.47	428.32	92.78
14506	20.77	23.55	16.13
14507	381.40	423.29	283.67
14508	163.91	177.08	141.97
14509	281.44	350.23	98.00
14510	272.81	205.50	407.43
14511	202.36	139.72	265.00
14512	384.70	180.60	588.80
14513	1518.34	2170.33	214.38
14514	283.45	257.82	319.75
14515	281.08	203.60	336.43
14516	126.46	153.54	63.26
14517	177.61	123.38	268.00
14518	212.17	18.49	728.67
14519	395.33	512.00	278.67
14520	194.68	183.58	231.67
14521	80.10	95.79	36.95
14522	304.73	316.06	244.33
14523	252.79	326.83	141.72
14524	75.66	75.20	76.32
14525	132.50	176.33	113.71
14526	273.62	227.00	320.25
14527	214.05	201.56	251.55
14528	202.43	206.00	197.67
14529	694.95	394.17	815.27
14530	332.52	297.50	355.87
14531	176.92	185.00	168.83
14532	240.61	265.77	175.20
14533	280.99	371.10	152.26
14534	278.04	130.45	366.60
14535	101.59	60.57	183.65
14536	359.67	264.67	454.67
14537	1526.17	2124.27	529.33
14538	225.12	312.83	172.50
14539	196.12	150.23	242.00
14540	358.62	415.67	334.18
14541	267.67	117.33	418.00
14542	76.58	79.39	62.57
14543	377.46	351.89	479.75
14544	1552.88	1831.52	159.67
14545	305.99	288.06	329.30
14546	358.46	538.01	71.19
14547	757.83	767.42	738.67
14548	98.53	117.53	73.20
14549	31.33	15.47	104.28
14550	147.70	58.07	237.33
14551	190.83	187.33	194.33
14552	43.94	47.57	40.32
14553	175.64	136.09	274.50
14554	280.50	228.60	309.33
14555	129.11	119.67	140.45
14556	141.67	104.62	215.75
14557	79.35	98.86	45.22
14558	488.68	88.69	1288.67
14559	44.16	35.83	49.16
14560	179.53	181.19	174.00
14561	262.75	264.28	258.67
14562	305.25	315.75	300.00
14563	172.44	196.46	127.84
14564	318.43	330.04	296.17
14565	205.28	205.61	204.98
14566	403.62	421.67	392.80
14567	139.14	181.70	100.45
14568	117.09	130.88	101.77
14569	102.39	102.82	101.75
14570	146.10	193.80	86.47
14571	195.65	220.83	94.92
14572	261.91	288.67	235.15
14573	189.00	125.67	252.33
14574	536.55	651.12	374.25
14575	1372.61	2268.75	177.75
14576	71.86	105.40	4.77
14577	64.88	88.46	47.20
14578	237.97	278.36	150.47
14579	1054.87	62.58	2047.16
14580	465.29	384.25	573.33
14581	107.68	68.74	169.98
14582	1843.00	1177.83	3173.33
14583	779.26	340.87	2423.25
14584	125.99	115.20	136.78
14585	56.02	40.87	81.27
14586	140.99	181.43	85.40
14587	93.57	77.50	115.00
14588	68.87	87.33	31.93
14589	711.75	639.00	763.71
14590	231.05	218.68	252.69
14591	352.31	437.86	252.50
14592	240.22	202.75	270.20
14593	82.83	18.33	147.33
14594	185.36	188.50	183.00
14595	251.46	245.06	272.25
14596	405.00	434.67	375.33
14597	203.47	156.56	246.77
14598	87.51	131.08	43.93
14599	155.34	173.00	125.92
14600	810.20	332.25	1356.43
14601	139.26	69.75	231.93
14602	1451.58	1721.40	1258.86
14603	153.38	159.92	125.00
14604	239.11	353.20	96.50
14605	130.15	201.75	98.33
14606	198.00	141.25	235.83
14607	38.96	39.34	37.56
14608	1252.95	2786.25	230.75
14609	120.00	94.00	172.00
14610	56.65	60.00	52.19
14611	254.25	214.00	278.40
14612	61.51	74.45	44.27
14613	167.29	165.25	170.00
14614	192.50	185.00	200.00
14615	129.42	95.00	138.03
14616	41.16	46.76	35.57
14617	365.86	371.25	358.67
14618	177.07	157.98	234.33
14619	61.26	67.68	57.40
14620	118.41	105.18	131.64
14621	465.17	310.67	542.42
14622	420.92	491.29	322.40
14623	277.83	467.67	88.00
14624	988.12	729.00	1247.25
14625	176.30	155.60	197.00
14626	284.40	261.88	310.14
14627	393.86	301.00	463.50
14628	478.00	575.71	392.50
14629	835.00	459.00	1211.00
14630	348.22	412.14	273.63
14631	113.29	65.00	177.67
14632	98.91	83.17	117.80
14633	114.10	123.83	99.50
14634	475.84	685.33	56.87
14635	187.72	219.13	154.06
14636	151.63	138.98	171.50
14637	142.68	139.45	151.56
14638	267.43	278.74	239.16
14639	289.83	395.33	184.33
14640	602.23	628.70	514.00
14641	106.78	81.17	158.00
14642	131.59	143.80	107.18
14643	100.76	111.89	59.93
14644	203.93	165.88	254.67
14645	173.46	180.91	166.00
14646	117.33	86.75	141.80
14647	294.71	146.33	406.00
14648	154.87	111.57	192.75
14649	265.64	178.00	300.70
14650	176.48	272.30	80.67
14651	58.34	59.76	55.99
14652	446.45	496.22	287.20
14653	85.15	84.53	85.94
14654	361.00	364.00	358.00
14655	79.13	39.71	127.31
14656	1311.06	514.33	1789.10
14657	129.90	156.49	84.68
14658	386.52	441.44	276.67
14659	232.83	216.67	249.00
14660	136.57	125.75	151.00
14661	129.22	138.69	118.17
14662	1210.44	85.83	3459.67
14663	95.40	88.97	101.83
14664	548.55	531.67	571.75
14665	86.59	78.97	94.20
14666	309.83	403.70	184.67
14667	291.88	311.67	277.04
14668	235.83	279.00	192.67
14669	395.76	281.33	567.40
14670	169.36	160.00	171.91
14671	149.25	122.00	194.67
14672	332.62	257.40	379.62
14673	73.49	52.15	101.93
14674	207.27	215.43	193.00
14675	404.10	405.83	401.50
14676	306.50	544.67	68.33
14677	190.08	358.33	21.83
14678	123.54	120.75	129.11
14679	54.74	60.64	46.86
14680	112.50	148.67	76.33
14681	151.11	139.60	165.50
14682	496.50	567.25	425.75
14683	327.44	138.35	831.67
14684	124.27	128.33	119.80
14685	107.27	123.10	86.17
14686	184.83	146.71	238.20
14687	104.43	150.33	70.00
14688	122.63	170.67	74.60
14689	649.53	730.60	609.00
14690	534.89	642.00	320.67
14691	151.00	107.33	183.75
14692	614.85	187.00	770.44
14693	199.67	210.00	168.67
14694	212.38	154.60	308.67
14695	96.71	123.50	61.00
14696	269.11	274.60	262.25
14697	229.25	188.33	253.80
14698	97.62	141.00	71.59
14699	564.99	639.48	465.67
14700	156.97	216.33	121.35
14701	600.30	802.63	60.77
14702	209.82	218.00	205.14
14703	585.46	565.20	653.00
14704	632.29	408.00	800.50
14705	193.06	240.60	125.14
14706	110.31	110.74	109.86
14707	265.30	231.14	345.00
14708	35.25	33.74	39.74
14709	253.78	251.50	258.33
14710	918.37	645.15	1347.71
14711	108.98	112.57	101.80
14712	233.70	224.57	255.00
14713	466.88	185.40	936.00
14714	152.73	84.07	207.65
14715	92.71	68.00	125.67
14716	67.57	110.35	18.69
14717	522.21	987.50	173.24
14718	174.29	148.75	208.33
14719	571.46	210.41	1835.12
14720	91.26	178.00	4.53
14721	158.86	206.25	111.47
14722	315.67	336.71	286.20
14723	119.70	59.63	164.75
14724	650.37	785.60	515.14
14725	263.40	182.20	344.60
14726	277.67	398.00	157.33
14727	98.40	108.22	78.75
14728	223.34	139.33	254.84
14729	306.89	303.00	311.38
14730	109.76	114.15	100.97
14731	182.14	262.00	122.25
14732	155.10	145.25	161.67
14733	241.00	178.67	303.33
14734	105.89	65.57	141.16
14735	202.12	37.95	325.25
14736	47.98	39.22	59.67
14737	56.28	42.60	97.33
14738	276.24	320.90	201.82
14739	197.14	150.67	232.00
14740	186.82	131.00	253.80
14741	205.12	220.80	179.00
14742	632.97	922.45	247.00
14743	413.46	357.82	636.00
14744	97.85	22.20	173.50
14745	214.67	205.33	224.00
14746	73.89	70.85	78.76
14747	894.29	756.25	1078.33
14748	337.75	538.00	217.60
14749	528.73	382.33	583.62
14750	246.56	193.67	273.00
14751	3030.24	4943.00	1436.27
14752	391.67	490.00	195.00
14753	101.12	48.57	153.67
14754	99.78	104.35	90.65
14755	517.17	576.00	340.67
14756	215.73	160.23	260.82
14757	112.50	59.00	166.00
14758	187.33	184.75	189.40
14759	70.74	120.45	4.47
14760	635.41	858.33	468.23
14761	581.70	334.20	829.20
14762	57.27	60.20	56.29
14763	108.97	103.76	121.13
14764	351.50	317.09	405.57
14765	230.64	166.83	278.50
14766	190.78	214.01	82.33
14767	140.84	92.47	205.33
14768	457.20	572.85	187.33
14769	169.00	176.33	166.56
14770	162.48	141.97	183.00
14771	189.25	171.72	222.12
14772	190.88	166.25	215.50
14773	301.48	313.57	292.08
14774	103.65	100.63	106.67
14775	361.29	320.75	415.33
14776	410.83	143.00	678.67
14777	339.16	445.27	140.21
14778	97.51	86.72	111.00
14779	156.87	172.67	125.27
14780	222.39	164.65	337.88
14781	179.78	194.83	144.67
14782	185.09	183.17	187.97
14783	68.86	28.93	88.83
14784	357.00	339.64	375.69
14785	105.08	121.53	63.95
14786	157.78	192.33	140.50
14787	6239.12	645.75	11832.50
14788	198.92	199.00	198.88
14789	170.91	198.50	152.52
14790	310.85	334.46	251.83
14791	1241.94	1672.91	380.00
14792	313.38	305.90	338.33
14793	193.52	174.98	215.15
14794	134.45	155.17	109.60
14795	1042.10	1128.29	841.00
14796	2121.00	282.57	5338.25
14797	34.02	60.76	10.61
14798	1333.90	262.67	2940.75
14799	55.62	80.10	43.39
14800	1115.49	1854.89	228.20
14801	197.29	157.67	227.00
14802	231.62	240.80	227.03
14803	235.00	222.75	251.33
14804	271.08	277.38	258.50
14805	397.86	251.67	507.50
14806	291.50	418.00	165.00
14807	368.76	418.60	306.45
14808	216.27	220.33	199.00
14809	205.11	249.00	161.23
14810	319.00	335.08	292.88
14811	100.66	137.53	73.00
14812	377.29	407.25	337.33
14813	39.30	25.62	52.98
14814	39.18	49.26	29.10
14815	171.71	192.75	143.67
14816	330.00	341.67	295.00
14817	229.45	199.67	251.79
14818	221.30	277.00	165.60
14819	211.84	213.79	205.50
14820	124.00	144.25	97.00
14821	1087.89	715.98	1645.75
14822	140.92	80.12	262.50
14823	218.09	252.83	176.40
14824	258.95	291.19	155.80
14825	466.43	559.50	342.33
14826	240.00	245.50	234.50
14827	233.65	216.68	265.69
14828	425.54	391.57	465.17
14829	2162.36	2711.71	1173.52
14830	265.88	237.25	294.50
14831	256.29	199.17	393.40
14832	144.83	133.00	156.67
14833	48.28	37.61	58.95
14834	207.08	159.48	222.11
14835	157.82	175.66	108.24
14836	103.33	100.33	106.33
14837	44.31	67.12	6.30
14838	361.23	149.57	608.17
14839	202.15	164.88	227.00
14840	489.86	658.00	363.75
14841	55.66	92.54	6.49
14842	244.75	218.33	260.60
14843	76.52	75.87	77.17
14844	145131.43	253824.25	207.67
14845	322.27	311.25	351.67
14846	175.62	164.70	181.86
14847	52.97	45.71	63.54
14848	75.86	73.98	81.12
14849	213.62	227.60	190.33
14850	96.43	105.00	90.00
14851	120.46	96.11	134.67
14852	174.06	150.82	225.18
14853	259.50	183.50	310.17
14854	182.38	215.38	141.12
14855	39.58	37.21	44.33
14856	239.90	251.00	228.80
14857	139.67	138.33	141.00
14858	341.83	448.67	235.00
14859	125.35	181.57	46.64
14860	52.18	31.96	92.60
14861	99.51	79.67	134.25
14862	124.11	89.00	141.67
14863	199.82	165.30	234.33
14864	162.50	168.80	152.00
14865	1994.23	877.90	3482.67
14866	200.33	183.25	234.50
14867	251.10	341.33	212.42
14868	409.33	258.33	560.33
14869	598.14	496.33	674.50
14870	127.68	139.83	109.45
14871	257.67	122.24	325.39
14872	97.87	110.50	69.44
14873	555.56	1025.12	86.00
14874	315.57	401.50	201.00
14875	253.13	158.36	320.83
14876	177.00	198.25	155.75
14877	295.33	135.00	455.67
14878	266.17	271.38	245.33
14879	144.58	194.16	70.20
14880	49.39	77.78	11.53
14881	178.14	203.50	144.33
14882	153.88	256.71	98.51
14883	245.89	227.80	268.50
14884	126.92	129.70	117.67
14885	135.54	155.45	115.62
14886	131.00	95.60	190.00
14887	840.56	958.50	604.67
14888	1133.20	1164.64	1046.74
14889	268.71	257.50	283.67
14890	334.67	279.33	390.00
14891	76.64	37.11	135.94
14892	99.75	103.18	88.33
14893	210.15	216.40	205.68
14894	367.33	326.67	408.00
14895	119.67	95.33	134.28
14896	420.57	255.00	544.75
14897	320.29	436.50	165.33
14898	206.27	156.82	260.20
14899	137.07	148.90	124.16
14900	124.99	99.83	162.72
14901	236.14	145.00	304.50
14902	256.00	261.28	229.60
14903	173.99	176.40	172.98
14904	227.09	265.86	159.25
14905	97.25	110.00	93.43
14906	127.88	159.17	65.30
14907	494.23	784.82	131.00
14908	159.95	161.04	158.41
14909	519.22	478.17	601.33
14910	405.89	373.67	470.33
14911	209.56	198.50	231.67
14912	385.00	411.11	366.92
14913	512.45	746.92	277.98
14914	231.45	75.97	386.93
14915	72.67	72.91	72.30
14916	493.58	74.83	912.33
14917	252.59	219.29	408.00
14918	163.43	99.20	227.67
14919	344.82	391.25	221.00
14920	20.07	24.60	15.53
14921	207.42	214.66	175.38
14922	304.50	241.67	367.33
14923	143.44	129.60	160.75
14924	100.67	66.98	151.20
14925	293.33	298.33	288.33
14926	275.83	216.33	335.33
14927	146.12	123.32	197.40
14928	126.88	169.00	93.18
14929	95.19	100.59	74.95
14930	1407.95	866.58	1813.97
14931	218.33	222.00	214.67
14932	151.73	167.92	103.18
14933	352.91	238.00	396.00
14934	223.67	260.33	187.00
14935	350.23	401.67	311.66
14936	190.75	204.20	168.33
14937	199.19	139.55	288.66
14938	162.33	158.00	166.67
14939	47.28	27.48	63.12
14940	247.19	202.00	314.98
14941	294.53	360.52	168.55
14942	181.43	214.91	150.75
14943	135.00	116.25	153.75
14944	162.25	137.90	202.83
14945	131.40	153.25	116.83
14946	114.31	111.56	125.33
14947	163.38	124.33	215.44
14948	458.63	144.24	1297.00
14949	224.06	253.10	180.50
14950	84.86	100.35	49.11
14951	6620.00	6779.75	6407.00
14952	304.60	199.75	374.50
14953	290.11	274.00	311.60
14954	317.41	231.60	651.11
14955	138.48	132.12	153.00
14956	1680.27	1696.98	1619.00
14957	64.33	74.45	50.83
14958	146.29	179.75	101.67
14959	344.39	378.50	310.28
14960	109.71	113.92	105.50
14961	411.12	364.57	447.33
14962	63.82	80.40	38.95
14963	204.18	227.69	165.00
14964	234.69	187.43	344.97
14965	97.79	62.09	240.60
14966	264.01	87.35	617.33
14967	81.18	96.41	53.76
14968	125.49	133.18	112.67
14969	278.47	499.42	168.00
14970	139.83	95.00	184.67
14971	53.33	65.87	31.39
14972	1585.16	1278.26	2096.67
14973	107.83	80.48	184.40
14974	75.40	105.67	52.70
14975	626.68	748.70	504.67
14976	59.20	47.31	79.00
14977	191.06	128.96	253.16
14978	173.07	287.98	58.17
14979	811.15	1054.50	421.80
14980	70.98	75.53	55.30
14981	691.54	874.92	554.00
14982	264.26	310.52	194.88
14983	344.74	335.83	383.33
14984	245.90	260.67	239.57
14985	184.57	208.36	144.93
14986	303.43	284.00	318.00
14987	189.52	135.85	248.37
14988	79.73	21.15	138.30
14989	124.60	135.90	110.47
14990	1085.07	1725.12	231.67
14991	178.54	221.84	130.44
14992	382.08	296.50	483.22
14993	236.33	278.33	194.33
14994	273.98	198.30	349.67
14995	249.86	271.57	230.86
14996	549.67	764.33	335.00
14997	1389.35	884.33	1822.21
14998	79.68	78.67	81.28
14999	203.79	214.12	190.00
15000	196.89	153.33	218.67
15001	4150.11	3630.33	4410.00
15002	142.69	143.07	142.00
15003	254.00	258.67	244.67
15004	246.90	289.36	195.00
15005	252.20	158.89	469.92
15006	109.29	156.17	69.11
15007	295.39	416.89	82.75
15008	223.50	380.50	133.79
15009	352.46	266.33	426.29
15010	317.78	345.71	287.69
15011	189.12	181.60	201.67
15012	57.14	58.62	55.30
15013	578.00	529.25	643.00
15014	162.83	366.40	46.50
15015	449.64	404.00	475.71
15016	480.82	559.20	448.17
15017	118.00	134.30	63.67
15018	315.09	379.29	202.75
15019	313.61	358.23	296.88
15020	140.17	199.67	80.67
15021	339.69	383.83	301.86
15022	295.12	335.40	228.00
15023	422.51	735.22	199.14
15024	402.93	433.25	391.91
15025	155.60	143.83	164.42
15026	318.33	271.33	365.33
15027	150.67	223.67	77.67
15028	371.20	387.80	350.45
15029	1933.31	2649.19	92.46
15030	4714.00	7356.00	1191.33
15031	392.30	397.29	380.67
15032	151.42	160.63	142.20
15033	703.44	141.01	1453.33
15034	167.05	147.36	213.00
15035	141.82	122.87	198.67
15036	111.96	78.38	167.93
15037	264.98	305.29	194.45
15038	121.30	50.27	192.33
15039	592.10	656.64	309.74
15040	69.51	70.75	67.87
15041	227.18	326.67	152.56
15042	143.30	168.20	118.40
15043	100.33	108.24	78.19
15044	79.37	83.01	69.67
15045	167.17	207.33	127.00
15046	72.56	61.97	112.56
15047	155.33	132.41	247.00
15048	74.81	66.62	83.00
15049	93.33	100.11	52.65
15050	49.42	61.42	37.42
15051	212.56	358.67	102.97
15052	51.94	51.08	54.23
15053	3160.65	643.40	5677.90
15054	169.83	170.95	167.88
15055	273.60	247.71	334.00
15056	208.07	69.65	392.63
15057	381.66	443.15	258.67
15058	317.54	198.61	555.40
15059	3897.81	5308.45	794.40
15060	241.08	197.13	329.00
15061	570.78	586.58	502.33
15062	267.11	189.33	318.96
15063	257.26	152.27	336.00
15064	469.56	319.00	657.75
15065	215.03	226.00	204.05
15066	313.17	418.50	172.73
15067	345.50	336.20	354.80
15068	118.93	109.25	127.53
15069	1038.16	1192.62	317.33
15070	501.50	476.00	544.00
15071	207.22	288.00	174.91
15072	423.86	29.97	719.28
15073	116.45	217.21	30.08
15074	337.99	112.78	713.33
15075	267.22	334.83	132.00
15076	236.31	331.67	168.20
15077	216.33	245.00	159.00
15078	157.24	146.00	164.73
15079	72.36	94.75	42.50
15080	61.32	58.00	64.63
15081	203.27	210.50	184.00
15082	295.67	182.33	409.00
15083	584.10	837.00	331.20
15084	205.49	245.60	138.63
15085	332.03	346.44	274.42
15086	255.60	209.00	275.57
15087	203.92	213.70	171.33
15088	205.05	239.85	128.48
15089	219.68	236.80	205.42
15090	216.72	100.95	332.50
15091	106.31	100.29	113.33
15092	185.25	171.67	193.40
15093	204.93	244.33	175.38
15094	136.57	125.09	155.22
15095	210.33	274.00	146.67
15096	149.75	129.20	179.10
15097	200.31	168.33	216.30
15098	129.59	165.85	93.33
15099	278.28	355.58	123.67
15100	205.38	174.50	246.56
15101	283.90	284.20	283.60
15102	239.27	257.00	224.50
15103	2113.07	2041.64	2309.50
15104	142.86	93.33	180.00
15105	150.48	225.00	75.97
15106	237.72	419.67	146.74
15107	168.31	186.93	149.68
15108	270.14	246.25	289.25
15109	222.54	219.65	228.33
15110	168737.83	2237.67	335238.00
15111	265.29	257.20	287.78
15112	204.45	199.50	206.64
15113	155.07	174.19	109.20
15114	92.98	114.06	33.25
15115	297.56	358.67	175.33
15116	206.12	171.25	241.00
15117	1412.86	2389.75	110.33
15118	305.60	303.82	310.50
15119	123.55	93.33	143.69
15120	235.05	122.00	302.88
15121	263.14	295.00	220.67
15122	131.13	157.60	98.05
15123	125.05	134.95	103.83
15124	124.69	49.60	181.00
15125	608.75	653.67	474.00
15126	392.00	305.00	418.10
15127	157.85	120.90	222.50
15128	160.08	74.79	221.00
15129	1398.42	829.67	1967.17
15130	195.00	175.43	214.57
15131	131.92	132.91	129.20
15132	773.41	253.00	1516.86
15133	300.11	357.40	228.50
15134	313.38	282.40	365.00
15135	241.35	92.96	365.00
15136	127.89	98.00	187.67
15137	143.88	147.80	137.33
15138	1092.50	222.40	2542.67
15139	154.11	130.17	191.71
15140	172.29	155.15	218.00
15141	185.00	122.00	248.00
15142	383.27	257.30	509.23
15143	10172.54	18385.43	590.83
15144	255.54	240.63	263.00
15145	437.04	440.42	423.50
15146	215.12	203.92	245.00
15147	181.20	143.00	219.40
15148	354.78	304.95	516.75
15149	147.17	145.67	148.67
15150	273.86	227.60	293.69
15151	317.91	267.71	405.75
15152	191.14	158.25	235.00
15153	263.41	131.33	395.49
15154	291.36	292.86	288.75
15155	122.52	96.50	148.54
15156	137.41	150.84	126.66
15157	96.84	111.20	72.90
15158	859.50	861.38	857.62
15159	381.60	343.00	471.67
15160	146.22	170.20	116.25
15161	571.71	1174.33	119.75
15162	225.82	310.80	119.60
15163	86.27	95.63	76.90
15164	149.16	160.91	111.00
15165	1753.71	367.50	3602.00
15166	709.94	851.12	145.25
15167	276.48	230.28	373.50
15168	152.67	154.67	150.67
15169	242.78	245.75	240.40
15170	140.04	144.56	137.16
15171	337.14	350.00	314.00
15172	1601.83	151.67	3052.00
15173	260.48	337.71	167.80
15174	962.29	1156.25	703.67
15175	334.64	423.33	228.20
15176	178.66	176.37	186.00
15177	144.45	152.32	131.33
15178	203.44	235.60	163.25
15179	476.50	566.14	267.33
15180	552.67	780.86	286.45
15181	83.72	79.14	89.45
15182	279.88	217.80	341.95
15183	423.12	735.67	235.60
15184	224.11	190.00	292.33
15185	165.79	187.21	135.80
15186	498.35	797.61	232.33
15187	154.38	169.80	128.67
15188	134.78	185.00	84.57
15189	278.36	322.00	220.17
15190	216.38	193.40	254.67
15191	55.61	54.19	58.45
15192	399.18	168.33	676.20
15193	919.18	948.50	841.00
15194	86.95	91.31	66.25
15195	129.62	136.64	120.58
15196	9742.36	8844.97	10440.33
15197	158.19	151.91	172.00
15198	252.90	256.63	243.20
15199	109.14	108.33	109.75
15200	238.22	132.70	343.75
15201	292.51	262.65	402.00
15202	119.28	179.67	58.90
15203	2295.32	656.89	6118.33
15204	1069.25	820.85	1362.82
15205	631.42	653.57	600.40
15206	107.22	90.19	124.25
15207	72.55	65.17	76.98
15208	351.84	389.43	246.60
15209	225.24	116.66	364.86
15210	313.11	276.30	392.00
15211	387.00	252.67	521.33
15212	96.71	98.67	95.25
15213	110.03	99.61	158.67
15214	186.21	176.13	200.32
15215	312.75	531.67	181.40
15216	413.68	157.11	1012.33
15217	378.17	493.90	161.18
15218	68.55	82.83	48.56
15219	38.76	32.83	49.15
15220	330.35	356.60	286.60
15221	34.74	45.20	25.59
15222	561.83	238.67	885.00
15223	163.06	156.37	180.33
15224	46.68	53.56	34.65
15225	214.15	103.63	324.67
15226	665.67	502.53	1285.60
15227	242.40	247.00	236.42
15228	141.84	148.26	129.00
15229	146.78	123.78	169.78
15230	333.12	313.50	352.75
15231	249.60	201.50	281.67
15232	174.07	167.70	190.00
15233	347.37	334.36	353.87
15234	258.38	225.75	291.00
15235	143.78	182.00	80.07
15236	139.97	77.93	186.50
15237	2795.02	1626.25	3963.79
15238	307.71	420.50	157.33
15239	122.91	156.72	111.64
15240	240.57	145.08	367.89
15241	203.00	208.00	198.00
15242	335.22	412.07	230.44
15243	127.00	94.75	170.00
15244	349.67	419.67	279.67
15245	305.97	419.95	163.50
15246	22922.39	2248.80	43595.98
15247	151.79	93.39	210.19
15248	121.19	123.97	118.00
15249	479.62	1046.91	125.06
15250	331.56	247.48	553.23
15251	104.15	140.67	67.63
15252	99.90	73.69	145.78
15253	293.64	171.00	508.25
15254	84.21	74.32	104.00
15255	247.20	215.89	362.00
15256	784.17	671.69	917.09
15257	354.78	108.75	551.60
15258	260.57	85.25	494.33
15259	165.68	200.72	107.27
15260	358.50	466.00	208.00
15261	108.09	144.75	71.42
15262	281.99	635.67	105.15
15263	600.29	397.00	871.33
15264	248.47	294.09	164.83
15265	163.71	165.33	162.50
15266	247.00	252.50	238.20
15267	278.12	330.42	225.83
15268	1059.16	217.41	2742.67
15269	121.97	43.33	200.60
15270	246.33	322.33	170.33
15271	433.84	751.08	243.49
15272	112.40	121.08	86.33
15273	318.17	231.00	405.33
15274	208.26	122.58	279.67
15275	200.47	242.00	158.93
15276	2288.43	520.25	4646.00
15277	267.23	341.25	148.80
15278	1662.00	2726.00	598.00
15279	159.13	164.98	76.00
15280	287.17	342.33	232.00
15281	321.33	384.33	195.33
15282	67.36	39.12	105.00
15283	123.66	148.40	105.99
15284	100.23	77.81	128.25
15285	136.20	168.50	93.13
15286	149.24	135.07	177.58
15287	116.62	103.40	138.67
15288	204.29	183.44	266.82
15289	154.97	127.50	209.92
15290	162.51	14.22	310.80
15291	434.33	104.67	764.00
15292	147.51	112.20	204.00
15293	894.79	1216.94	143.08
15294	154.00	130.67	177.33
15295	140.88	132.40	155.00
15296	486.09	458.20	509.33
15297	218.88	269.07	174.59
15298	168.72	200.30	89.76
15299	168.77	201.80	127.47
15300	191.47	175.50	207.45
15301	151.50	203.67	99.33
15302	292.98	319.00	251.36
15303	5563.60	13399.50	339.67
15304	117.42	92.57	187.00
15305	134.33	149.14	82.52
15306	247.17	295.33	199.00
15307	208.00	199.00	235.00
15308	506.32	290.41	965.12
15309	63.54	67.33	60.70
15310	80.20	150.02	10.38
15311	24.80	34.64	16.61
15312	41.00	50.03	22.94
15313	536.75	746.00	432.12
15314	172.16	171.72	173.00
15315	143.42	114.43	186.90
15316	488.50	437.22	580.80
15317	84.82	89.63	80.00
15318	109.56	129.83	93.34
15319	21.09	21.12	21.07
15320	126.66	115.66	145.00
15321	142.33	230.33	120.33
15322	284.85	237.14	340.50
15323	205.33	236.60	166.25
15324	86.86	61.00	99.80
15325	4828.08	7428.00	1188.20
15326	436.32	441.33	434.64
15327	219.43	254.67	193.00
15328	408.85	450.20	271.00
15329	72.81	67.83	80.78
15330	201.30	284.29	128.69
15331	555.44	640.45	470.43
15332	201.38	272.22	148.25
15333	311.00	208.60	481.67
15334	200.71	275.00	180.45
15335	87.40	62.84	118.97
15336	196.24	135.27	226.73
15337	281.62	183.31	707.67
15338	18514.60	11464.33	21536.14
15339	176.78	241.00	125.40
15340	3200.40	7143.67	242.95
15341	15963.86	16859.33	15292.25
15342	164.62	117.33	225.41
15343	179.45	85.91	273.00
15344	602.85	713.62	425.60
15345	318.57	240.00	377.50
15346	184.47	126.60	242.33
15347	182.67	167.33	198.00
15348	229.17	327.00	131.33
15349	356.50	333.22	398.40
15350	251.29	128.47	333.17
15351	126.33	150.33	102.33
15352	160.25	208.33	131.40
15353	586.75	405.40	889.00
15354	337.41	333.83	340.10
15355	270.67	243.67	297.67
15356	225.86	198.00	253.71
15357	182.50	131.00	234.00
15358	755.67	669.83	927.33
15359	184.81	88.62	264.97
15360	194.10	230.20	158.00
15361	192.30	195.83	187.00
15362	363.74	514.60	112.30
15363	314.58	254.22	415.18
15364	75.57	44.82	114.00
15365	51.47	58.07	42.11
15366	388.67	518.33	259.00
15367	106.33	103.47	114.93
15368	265.52	238.07	325.00
15369	530.20	357.00	604.43
15370	195.83	225.83	165.83
15371	454.33	779.33	129.33
15372	336.02	259.04	441.88
15373	918.71	983.16	737.09
15374	142.32	162.38	115.58
15375	85.27	81.60	88.94
15376	127.63	103.33	151.93
15377	243.23	211.53	285.50
15378	23.94	15.12	38.63
15379	199.63	285.48	123.32
15380	650.19	610.27	680.12
15381	243.49	237.45	261.60
15382	2954.07	3552.38	2156.33
15383	82.88	93.07	59.95
15384	132.73	163.80	80.96
15385	148.98	209.00	88.97
15386	243.38	204.60	308.00
15387	205.81	65.63	265.89
15388	244.74	81.20	375.58
15389	36.97	42.92	26.26
15390	1386.99	2091.20	506.73
15391	156.69	160.75	151.27
15392	320.73	363.20	285.33
15393	202.49	148.86	244.21
15394	972.00	368.67	1575.33
15395	206.67	205.40	208.25
15396	332.67	350.67	314.67
15397	348.83	268.67	429.00
15398	3703.18	7372.50	33.85
15399	129.83	189.00	70.67
15400	207.50	199.78	232.86
15401	182.83	196.33	169.33
15402	9961.40	8696.95	11647.33
15403	166.31	164.68	173.25
15404	221.00	167.33	247.83
15405	302.70	164.72	578.67
15406	149.44	151.67	148.33
15407	83.00	73.50	97.25
15408	79.11	56.64	119.56
15409	297.60	475.20	120.00
15410	331.50	314.67	348.33
15411	159.17	160.67	156.17
15412	1777.39	2523.58	285.00
15413	112.66	119.20	104.50
15414	103.37	88.00	112.59
15415	708.62	1402.00	292.60
15416	269.54	138.71	422.17
15417	291.10	317.98	237.33
15418	271.33	234.33	308.33
15419	459.02	647.92	261.12
15420	148.34	155.33	144.14
15421	131.54	91.50	149.33
15422	149.50	138.67	160.33
15423	232.66	193.02	285.52
15424	130.06	202.88	57.24
15425	191.67	157.81	231.17
15426	321.40	335.67	315.29
15427	113.79	111.48	117.11
15428	824.09	1216.19	432.00
15429	254.57	309.00	182.00
15430	47.26	30.60	63.93
15431	193.00	269.00	155.00
15432	192.56	235.80	156.52
15433	231.33	220.29	246.78
15434	244.69	253.33	236.05
15435	173.80	135.00	212.60
15436	241.33	190.00	305.50
15437	89.84	104.95	79.77
15438	337.33	320.40	358.50
15439	164.33	171.11	144.00
15440	791.17	1391.33	191.00
15441	7559.25	13358.50	1760.00
15442	223.49	120.18	395.67
15443	123.20	155.36	83.00
15444	140.92	169.12	84.50
15445	380.33	389.59	357.86
15446	533.38	703.89	149.75
15447	1336.75	1682.40	760.67
15448	96.51	55.20	127.50
15449	173.83	227.12	156.07
15450	555.09	629.57	424.75
15451	226.50	272.38	172.27
15452	257.82	319.17	224.36
15453	46.00	53.83	35.56
15454	266.22	215.00	368.67
15455	108.17	72.67	143.67
15456	127.03	114.60	164.33
15457	237.13	87.97	436.00
15458	141.85	114.76	187.00
15459	54.09	79.90	28.27
15460	392.10	242.98	578.50
15461	392.98	392.00	393.95
15462	545.19	487.43	679.97
15463	387.43	328.00	466.67
15464	351.45	279.67	437.60
15465	71.49	55.74	99.84
15466	1216.00	1754.40	318.67
15467	460.23	688.00	4.68
15468	41.14	38.77	50.60
15469	191.75	161.00	284.00
15470	342.08	348.33	328.00
15471	312.67	303.00	332.00
15472	141.37	195.30	76.66
15473	283.69	221.78	345.60
15474	416.51	294.76	562.60
15475	188.52	226.00	113.57
15476	407.71	514.67	327.50
15477	485.50	258.40	588.73
15478	123.88	181.67	66.10
15479	539.92	711.60	417.29
15480	123.84	176.62	18.30
15481	78.88	71.00	84.13
15482	119.69	93.45	154.67
15483	824.56	1613.08	148.69
15484	209.00	193.33	232.50
15485	264.16	175.73	385.75
15486	434.48	291.00	506.22
15487	73.25	13.93	108.84
15488	182.80	272.80	156.33
15489	204.06	215.45	181.29
15490	290.88	273.67	301.20
15491	344.72	314.85	422.40
15492	2819.50	4288.00	1351.00
15493	389.99	553.12	128.98
15494	67.77	92.00	59.69
15495	727.92	583.19	780.55
15496	153.88	128.25	179.50
15497	1508.46	1985.08	237.46
15498	195.67	240.67	150.67
15499	343.00	152.75	495.20
15500	1669.49	1646.00	1687.10
15501	435.71	472.75	386.33
15502	364.65	305.89	408.72
15503	217.94	189.53	274.75
15504	259.71	306.00	198.00
15505	122.27	147.47	88.67
15506	89.95	40.94	138.96
15507	240.54	342.74	123.74
15508	176.00	193.25	158.75
15509	41324.43	62232.07	16932.18
15510	238.31	270.35	122.93
15511	237.94	245.76	215.44
15512	1694.37	2557.56	399.58
15513	752.86	445.50	1162.67
15514	169.28	191.24	125.36
15515	36.49	22.97	63.53
15516	172.88	185.87	107.93
15517	137.08	158.00	125.13
15518	708.28	762.19	425.25
15519	250.71	253.89	242.75
15520	151.57	185.00	107.00
15521	1365.41	53.57	2021.33
15522	344.50	366.20	308.33
15523	207.76	212.92	191.00
15524	157.12	196.60	91.33
15525	802.91	989.64	382.75
15526	155.10	132.00	178.20
15527	273.62	55.60	491.63
15528	139.00	153.00	115.67
15529	153.23	185.00	125.99
15530	93.84	94.92	92.75
15531	156.61	111.49	192.70
15532	123.97	168.95	64.00
15533	284.62	309.54	257.20
15534	802.72	1000.80	258.00
15535	173.23	179.24	154.83
15536	222.60	268.25	192.17
15537	29.06	33.89	22.62
15538	157.54	147.80	190.00
15539	173.68	176.75	170.61
15540	87.79	50.50	115.75
15541	397.57	397.33	397.75
15542	23.30	24.98	21.96
15543	398.33	407.00	392.14
15544	281.33	225.60	351.00
15545	240.17	291.07	206.24
15546	266.43	195.60	320.92
15547	944.00	1143.60	611.33
15548	42.32	58.06	16.10
15549	208.85	193.55	237.29
15550	94.02	136.99	25.26
15551	235.77	361.43	89.17
15552	240.69	348.50	96.93
15553	405.00	481.00	303.67
15554	90.33	124.60	38.92
15555	228.50	285.25	171.75
15556	155.60	163.86	136.33
15557	231.00	298.40	146.75
15558	156.00	178.17	111.67
15559	276.36	297.62	219.67
15560	519.95	104.36	779.69
15561	321.79	317.09	328.25
15562	80.56	95.70	68.45
15563	76.30	70.48	87.93
15564	921.31	1629.83	496.20
15565	264.50	246.33	282.67
15566	19.65	24.70	14.60
15567	333.85	395.62	235.00
15568	618.13	574.67	661.60
15569	239.22	253.27	197.08
15570	174.03	211.18	114.58
15571	1504.67	233.00	2776.33
15572	143.07	155.17	130.97
15573	78.91	88.14	62.75
15574	421.00	523.00	285.00
15575	687.33	32.00	1506.50
15576	204.28	70.30	338.25
15577	250.99	209.56	347.67
15578	271.97	239.00	326.93
15579	176.56	187.33	155.00
15580	395.67	382.00	409.33
15581	1267.68	53.63	3088.75
15582	1386.66	221.85	4415.18
15583	61.28	90.32	12.87
15584	232.33	183.67	281.00
15585	204.06	176.18	227.95
15586	373.12	379.25	367.00
15587	97.25	96.40	98.68
15588	130.44	79.30	215.67
15589	233.78	335.00	145.21
15590	241.38	298.00	147.00
15591	1482.29	3286.00	129.50
15592	113.12	124.71	86.07
15593	212.00	219.50	197.00
15594	1358.14	1732.50	859.00
15595	264.70	307.57	164.67
15596	140.44	140.67	140.33
15597	135.46	126.15	141.66
15598	286.91	323.75	188.67
15599	829.78	391.67	1706.00
15600	334.46	136.83	503.86
15601	293.86	275.45	361.33
15602	1549.97	3065.00	34.93
15603	253.26	210.92	295.60
15604	283.67	254.67	341.67
15605	210.23	191.00	218.78
15606	110.00	101.67	116.25
15607	56.62	69.00	51.98
15608	424.00	253.36	901.80
15609	161.33	107.84	300.40
15610	1055.41	113.27	1459.19
15611	219.05	262.00	143.88
15612	95.52	100.07	87.33
15613	116.17	92.20	164.10
15614	882.14	1127.33	698.25
15615	142.99	163.72	115.33
15616	343.81	341.44	358.00
15617	1116.40	711.20	1521.60
15618	185.12	144.00	226.25
15619	409.36	286.65	619.71
15620	1760.43	2249.33	1393.75
15621	5920.80	120.76	9980.82
15622	225.82	260.36	162.50
15623	229.67	211.00	248.33
15624	4727.12	1909.67	6417.60
15625	428.78	273.80	622.50
15626	295.81	548.80	42.83
15627	85.03	111.13	24.12
15628	34.79	29.99	39.59
15629	558.00	597.20	492.67
15630	268.17	431.60	151.43
15631	141.69	184.20	109.81
15632	47.65	70.75	16.85
15633	150.17	160.50	129.50
15634	131.87	114.60	149.13
15635	249.00	198.00	287.25
15636	233.57	258.75	200.00
15637	182.40	188.20	170.80
15638	37.83	31.73	68.32
15639	322.85	386.67	268.14
15640	89.98	91.60	87.95
15641	298.31	320.52	290.23
15642	378.28	425.21	214.00
15643	160.60	151.57	181.67
15644	1524.44	1872.00	1263.78
15645	432.12	546.60	241.33
15646	199.93	170.72	280.25
15647	204.25	142.25	266.25
15648	366.22	401.50	295.67
15649	136.20	141.80	125.00
15650	210.00	197.67	222.33
15651	267.35	204.56	372.00
15652	204.42	224.00	145.67
15653	65.83	60.00	71.67
15654	191.98	203.91	150.25
15655	285.41	58.63	455.50
15656	92.79	92.53	93.12
15657	295.78	247.50	315.09
15658	125.70	158.50	81.97
15659	269.74	15.40	439.30
15660	22423.18	29098.81	171.10
15661	891.00	1207.50	469.00
15662	4.93	5.97	3.89
15663	169.14	229.60	118.75
15664	210.27	203.38	218.14
15665	202.50	184.40	220.60
15666	377.91	271.17	858.23
15667	247.79	88.98	684.50
15668	67.69	76.83	60.83
15669	321.14	308.25	338.33
15670	195.36	309.25	81.47
15671	174.20	140.40	208.00
15672	132.91	107.88	208.00
15673	252.78	226.00	274.20
15674	102.63	46.60	158.67
15675	165.18	133.00	192.00
15676	676.75	977.00	496.60
15677	1686.88	2064.00	1390.57
15678	197.74	181.18	225.90
15679	32.81	50.56	9.13
15680	175.78	203.18	75.31
15681	103.62	73.57	133.67
15682	213.43	190.00	231.00
15683	65.11	75.80	51.75
15684	83.86	57.33	103.75
15685	145.43	223.25	83.18
15686	576.09	878.56	198.00
15687	220.89	264.50	162.73
15688	232.23	220.00	246.50
15689	142.86	170.54	78.27
15690	186.56	185.70	188.00
15691	95.12	83.93	106.30
15692	165.35	152.10	177.28
15693	160.76	128.97	224.33
15694	332.54	454.26	241.25
15695	249.70	217.33	263.57
15696	87.99	119.50	56.47
15697	122.83	188.95	56.72
15698	307.57	341.75	262.00
15699	12.98	17.52	2.37
15700	125.71	102.70	158.57
15701	245.86	284.33	130.43
15702	442.73	247.17	833.87
15703	141.09	148.67	137.30
15704	55.20	9.40	101.00
15705	101.59	100.95	102.10
15706	142.83	87.08	328.67
15707	348.65	73.09	1175.33
15708	161.00	222.00	79.67
15709	110.56	136.50	73.51
15710	329.27	344.03	245.67
15711	152.44	170.74	103.63
15712	304.58	318.33	290.83
15713	212.22	282.25	156.20
15714	396.92	483.11	138.33
15715	377.38	629.00	125.75
15716	75.80	69.62	105.17
15717	82.13	97.67	66.60
15718	127.98	166.33	89.63
15719	145.43	115.71	181.09
15720	263.32	361.67	164.98
15721	286.83	365.07	104.27
15722	488.10	739.00	111.75
15723	46.77	30.60	62.93
15724	63.56	65.79	49.65
15725	955.00	491.50	1573.00
15726	181.65	241.12	62.70
15727	193.60	185.40	202.54
15728	579.97	258.00	821.45
15729	153.27	144.90	170.00
15730	220.67	406.00	174.34
15731	73.11	95.20	43.66
15732	1470.58	79.20	2464.43
15733	83.96	86.55	77.69
15734	81.97	75.27	88.67
15735	176.64	240.17	49.60
15736	158.07	125.67	173.03
15737	176.03	175.30	178.80
15738	253.00	291.50	214.50
15739	161.25	155.69	185.33
15740	126.99	140.14	115.60
15741	120.33	134.67	106.00
15742	470.14	328.50	659.00
15743	372.17	408.14	321.80
15744	130.88	128.33	132.40
15745	83.45	71.26	110.88
15746	185.67	233.00	138.33
15747	228.48	251.67	205.30
15748	868.97	814.84	995.27
15749	398.61	448.20	379.54
15750	224.39	235.86	211.50
15751	194.06	155.00	207.08
15752	269.68	183.11	442.81
15753	367.50	382.00	353.00
15754	510.45	509.09	512.11
15755	350.57	356.25	343.00
15756	138.67	138.00	139.16
15757	747.08	1087.15	339.00
15758	1143.10	1444.86	439.00
15759	490.67	536.00	400.00
15760	726.91	942.89	338.16
15761	125.32	116.67	133.97
15762	508.36	539.86	453.25
15763	555.37	693.20	245.25
15764	208.59	229.06	170.57
15765	634.25	602.09	705.00
15766	72.04	61.10	88.45
15767	43.94	37.45	56.93
15768	727.70	854.92	564.14
15769	170.60	193.25	155.50
15770	170.29	201.50	128.67
15771	132.33	140.67	124.00
15772	578.92	581.67	572.75
15773	258.15	221.25	274.56
15774	31.62	39.67	23.57
15775	772.83	1556.00	185.45
15776	159.34	158.80	160.25
15777	132.12	109.80	169.33
15778	50.79	59.16	44.77
15779	210.16	326.20	16.77
15780	913.00	705.75	1189.33
15781	104.85	93.22	121.66
15782	51.96	45.27	58.66
15783	146.30	128.27	164.33
15784	249.67	293.00	195.50
15785	177.39	107.67	270.33
15786	131.27	144.00	114.30
15787	116.95	136.66	70.95
15788	234.60	315.00	186.36
15789	210.29	182.75	247.00
15790	93.47	85.70	101.25
15791	333.86	322.50	349.00
15792	233.60	164.14	395.67
15793	160.26	163.95	157.22
15794	215.17	138.33	292.00
15795	1170.79	1928.62	160.33
15796	96.03	104.74	82.10
15797	211.70	222.86	185.67
15798	268.54	62.08	578.24
15799	104.50	119.33	89.67
15800	291.33	188.33	394.33
15801	216.91	191.83	246.17
15802	264.45	321.16	183.43
15803	196.00	148.00	224.80
15804	468.50	463.67	473.33
15805	367.75	404.65	158.67
15806	102.94	103.19	102.52
15807	1033.98	1343.65	858.50
15808	252.62	284.83	233.30
15809	100.97	102.33	96.22
15810	545.58	483.33	732.33
15811	73.76	44.71	110.08
15812	366.88	304.00	404.60
15813	158.63	214.88	83.63
15814	313.58	343.50	253.75
15815	164.75	169.50	152.08
15816	83.60	97.25	69.95
15817	168.99	99.47	261.67
15818	68.23	43.65	101.00
15819	149.60	125.75	155.96
15820	112.83	165.25	42.93
15821	122.94	115.50	135.33
15822	337.50	548.67	210.80
15823	229.70	215.29	263.33
15824	163.61	150.09	190.63
15825	788.50	955.00	677.50
15826	176.60	154.33	210.00
15827	305.67	262.00	349.33
15828	279.50	423.49	203.26
15829	215.43	185.00	238.25
15830	655.07	677.75	624.83
15831	156.41	189.33	131.72
15832	65.07	62.72	76.83
15833	3307.22	1909.83	6102.00
15834	135.48	181.11	71.60
15835	56.80	37.61	104.78
15836	63.61	76.92	29.00
15837	255.83	315.33	211.20
15838	229.90	234.02	221.67
15839	100.50	145.00	70.83
15840	375.38	293.49	506.40
15841	144.05	114.30	193.63
15842	168.66	162.05	197.33
15843	843.01	719.27	1008.00
15844	151.35	143.05	174.17
15845	205.69	217.00	187.60
15846	520.75	452.67	561.60
15847	112.75	61.80	155.22
15848	811.03	1871.00	182.90
15849	250.37	223.99	272.69
15850	178.11	222.00	143.00
15851	272.71	294.60	263.58
15852	77.49	79.51	73.20
15853	266.90	119.78	389.50
15854	143.00	156.60	120.33
15855	601.11	682.50	438.33
15856	256.55	222.80	303.80
15857	282.46	244.64	317.76
15858	151.00	175.00	136.60
15859	236.77	154.00	402.30
15860	576.81	903.17	141.67
15861	120.11	128.25	113.59
15862	574.67	630.20	505.25
15863	101.60	96.04	122.00
15864	444.18	517.27	310.17
15865	231.58	291.86	147.20
15866	130.10	182.47	77.73
15867	187.57	220.00	163.25
15868	7126.25	10400.60	1669.00
15869	177.94	166.87	186.25
15870	163.70	169.54	156.40
15871	1927.00	2521.33	1481.25
15872	99.87	116.99	82.75
15873	1542.86	740.75	2612.33
15874	323.11	322.48	323.65
15875	131.14	149.00	107.33
15876	205.59	117.46	258.47
15877	434.88	325.50	544.25
15878	59.57	88.78	5.33
15879	102.24	205.97	40.00
15880	217.35	231.88	178.63
15881	431.75	488.50	375.00
15882	4696.80	2395.57	10066.33
15883	28.42	25.93	33.90
15884	223.85	252.78	166.00
15885	294.00	281.33	309.20
15886	174.54	169.36	182.69
15887	152.72	153.36	151.67
15888	417.38	398.40	449.00
15889	247.56	244.17	254.33
15890	206.71	152.00	247.75
15891	80.66	71.72	105.25
15892	180.04	201.44	128.67
15893	69.77	47.24	83.63
15894	90.09	105.00	81.57
15895	210.50	315.67	105.33
15896	107.70	145.20	70.20
15897	110.25	128.09	71.00
15898	89.69	48.72	110.18
15899	175.33	262.00	88.67
15900	236.35	211.81	242.01
15901	115.44	105.00	120.66
15902	90.59	93.28	88.57
15903	35.67	40.01	25.91
15904	120.70	132.25	105.30
15905	393.91	194.20	536.56
15906	238.67	125.67	295.17
15907	425.60	501.00	312.50
15908	126.33	83.80	200.75
15909	148.94	164.03	103.67
15910	72.36	92.87	60.06
15911	219.75	216.00	222.00
15912	43.80	60.12	32.92
15913	377.50	584.67	170.33
15914	141.30	131.72	146.69
15915	83.83	97.90	69.75
15916	85.93	80.08	93.25
15917	274.14	228.33	308.50
15918	187.29	88.65	266.20
15919	188.12	216.80	140.33
15920	210.07	158.93	235.63
15921	132.78	94.60	180.50
15922	131.61	202.17	96.33
15923	197.29	200.84	191.71
15924	602.12	705.67	540.00
15925	143.42	130.60	149.83
15926	316.74	408.50	194.38
15927	199.89	164.67	226.30
15928	47.71	55.53	38.33
15929	62.73	70.01	46.17
15930	219.14	269.88	117.67
15931	328.56	387.50	281.40
15932	133.92	115.50	152.33
15933	132.53	182.00	107.79
15934	295.65	235.34	416.27
15935	156.60	126.75	176.50
15936	64.91	98.96	30.87
15937	226.33	113.33	264.00
15938	206.90	185.71	256.33
15939	216.38	215.00	217.20
15940	220.57	154.50	308.67
15941	279.77	357.00	125.30
15942	176.27	278.50	125.15
15943	128.43	86.86	170.00
15944	102.98	112.83	98.06
15945	193.76	119.61	310.29
15946	99.98	69.56	138.00
15947	255.73	272.83	243.76
15948	261.29	412.98	109.60
15949	111.50	86.40	153.33
15950	347.74	403.97	122.83
15951	265.06	360.32	204.45
15952	520.01	759.15	41.74
15953	345.50	320.50	370.50
15954	254.40	232.14	306.33
15955	77.42	21.63	189.00
15956	70.37	71.22	68.38
15957	173.64	127.54	239.50
15958	243.00	309.75	154.00
15959	1517.13	126.27	2908.00
15960	197.74	525.73	57.17
15961	356.69	459.62	168.00
15962	991.83	1000.67	983.00
15963	116.97	117.19	115.66
15964	1334.12	1925.40	348.67
15965	128.74	170.75	72.73
15966	269.86	398.00	99.00
15967	275.53	252.03	314.14
15968	356.89	172.33	449.17
15969	130.24	187.00	50.78
15970	303.51	309.96	295.44
15971	251.67	287.83	167.30
15972	251.11	254.40	244.53
15973	45.93	52.53	39.33
15974	210.07	167.88	258.29
15975	124.15	150.23	54.63
15976	315.90	271.44	382.60
15977	776.67	88.77	1980.50
15978	197.51	227.94	55.53
15979	1293.64	1108.93	1386.00
15980	319.22	224.20	438.00
15981	89.27	109.00	74.47
15982	262.12	268.00	256.25
15983	175.25	164.71	200.86
15984	334.83	274.33	395.33
15985	90.47	102.20	78.75
15986	117.30	121.00	113.60
15987	197.56	227.44	107.90
15988	112.39	143.43	76.92
15989	78.89	80.32	72.70
15990	1866.08	837.59	4363.86
15991	159.97	192.01	88.78
15992	329.62	198.75	460.49
15993	54.12	37.00	71.25
15994	198.96	214.06	177.57
15995	174.83	228.33	121.33
15996	102.73	108.26	90.97
15997	963.49	1131.84	626.81
15998	1280.97	1765.34	381.43
15999	320.89	359.20	273.00
16000	111.61	110.62	113.23
16001	826.00	783.50	868.50
16002	1354.14	1490.25	1172.67
16003	169.85	207.36	107.33
16004	159.04	99.32	183.63
16005	226.79	151.18	340.20
16006	150.97	102.27	187.50
16007	5842.29	6100.00	5649.00
16008	117.88	96.95	159.72
16009	520.92	621.67	420.17
16010	223.51	260.50	198.85
16011	218.85	221.90	216.64
16012	132.18	220.00	73.63
16013	87.57	66.75	115.33
16014	110.27	39.67	180.87
16015	397.86	412.67	386.75
16016	65.75	61.80	71.96
16017	228.00	214.00	260.67
16018	244.45	187.35	335.80
16019	83.99	82.02	86.51
16020	166.26	221.20	93.00
16021	305.23	254.81	362.86
16022	5630.17	6305.33	4955.00
16023	588.88	202.42	1748.25
16024	171.64	171.75	171.33
16025	283.99	212.78	373.00
16026	186.17	238.33	134.00
16027	340.68	130.88	424.60
16028	278.56	159.50	437.30
16029	230.17	142.75	317.59
16030	116.20	105.18	143.75
16031	1112.15	599.89	1795.17
16032	21019.55	31495.67	67.33
16033	351.32	348.00	354.63
16034	59.43	64.98	52.76
16035	250.80	378.80	37.47
16036	399.11	227.27	528.00
16037	242.00	112.33	371.67
16038	180.70	182.40	179.26
16039	192.46	131.75	273.40
16040	312.65	368.43	215.03
16041	396.29	469.00	299.33
16042	291.57	319.00	255.00
16043	146.43	128.75	170.00
16044	643.67	270.33	1017.00
16045	266.27	207.00	345.30
16046	225.70	247.86	174.00
16047	319.14	459.50	132.00
16048	120.47	28.23	166.59
16049	176.27	175.62	178.00
16050	172.35	169.21	179.67
16051	234.28	230.11	244.00
16052	143.26	165.67	126.45
16053	282.45	321.63	141.40
16054	230.81	215.77	255.25
16055	172.50	206.33	138.67
16056	110.99	98.98	144.00
16057	198.82	212.11	158.93
16058	222.86	246.33	205.25
16059	472.57	291.00	714.67
16060	235.86	140.00	363.67
16061	1135.97	1189.38	1061.20
16062	192.00	186.62	206.33
16063	95.20	95.63	92.67
16064	547.86	798.67	479.45
16065	132.14	137.50	125.00
16066	107.08	106.66	110.17
16067	66.42	36.02	150.00
16068	139.13	154.78	115.67
16069	959.71	1226.44	159.50
16070	179.19	126.45	284.67
16071	131.13	111.47	157.33
16072	302.12	366.00	195.67
16073	75.47	48.93	102.00
16074	455.44	508.83	348.67
16075	262.25	54.33	387.00
16076	237.80	260.00	223.00
16077	241.43	301.67	196.25
16078	51.49	60.39	42.60
16079	137.33	145.40	127.25
16080	174.32	107.97	240.67
16081	224.22	192.75	249.40
16082	236.83	115.67	358.00
16083	199.22	210.67	142.00
16084	283.71	367.50	172.00
16085	258.96	308.45	159.97
16086	393.00	518.20	267.80
16087	67.27	106.25	36.08
16088	161.14	224.67	113.50
16089	249.00	297.20	208.83
16090	167.88	89.50	272.40
16091	48.90	33.35	74.82
16092	286.44	297.50	268.00
16093	346.38	335.11	371.75
16094	175.97	128.40	255.27
16095	673.00	880.78	205.50
16096	98.11	120.08	80.54
16097	333.12	515.75	150.50
16098	369.38	595.00	234.00
16099	215.95	191.93	276.00
16100	347.14	272.67	403.00
16101	95.43	73.73	111.70
16102	17039.98	21908.20	7912.06
16103	361.99	101.23	883.50
16104	81.31	29.69	122.60
16105	255.36	158.22	352.50
16106	282.89	142.75	395.00
16107	199.13	143.60	254.67
16108	185.06	427.67	39.50
16109	253.43	264.25	239.00
16110	264.05	278.82	247.80
16111	116.67	66.99	298.83
16112	180.71	217.75	131.33
16113	263.04	364.25	128.08
16114	158.78	108.33	184.00
16115	117.62	106.43	123.72
16116	77.40	68.12	89.00
16117	101.66	86.52	131.93
16118	56.36	94.97	4.88
16119	159.29	132.55	170.18
16120	205.00	197.00	218.33
16121	254.22	145.40	390.25
16122	176.56	74.50	278.62
16123	131.08	146.21	93.25
16124	282.80	257.75	299.50
16125	160.45	147.40	171.33
16126	72.88	23.98	134.00
16127	420.71	393.67	441.00
16128	303.67	282.33	325.00
16129	177.77	173.62	193.00
16130	88.03	77.63	101.89
16131	290.69	346.70	104.00
16132	93.00	69.80	131.67
16133	986.67	1047.91	851.94
16134	120.02	114.75	130.03
16135	1571.85	1360.00	1819.01
16136	563.07	193.58	827.00
16137	272.69	591.33	33.70
16138	262.76	213.16	316.16
16139	232.44	246.00	221.60
16140	234.17	255.00	213.33
16141	2643.92	196.65	5091.18
16142	526.86	256.33	729.75
16143	199.67	287.33	112.00
16144	94.83	78.53	149.17
16145	589.68	574.31	607.60
16146	381.53	335.41	566.00
16147	1098.21	204.60	2885.44
16148	267.55	284.80	253.17
16149	385.27	297.33	418.25
16150	422.00	334.67	509.33
16151	609.33	1123.50	198.00
16152	715.43	835.67	625.25
16153	96.75	111.00	73.00
16154	249.50	294.80	174.00
16155	213.71	124.33	280.75
16156	337.00	373.67	300.33
16157	156.14	174.50	131.67
16158	202.35	214.43	193.90
16159	236.12	183.75	288.50
16160	759.88	867.00	581.33
16161	23.35	33.60	6.27
16162	101.99	99.49	108.67
16163	211.52	185.38	248.12
16164	365.56	594.40	79.50
16165	177.27	151.22	212.00
16166	135.92	138.62	130.50
16167	43.18	41.96	47.51
16168	1162.14	155.33	1917.25
16169	131.95	116.62	160.07
16170	2220.15	2324.67	2115.63
16171	111.83	182.00	41.67
16172	113.33	140.43	65.90
16173	234.40	279.00	174.93
16174	225.07	203.57	300.32
16175	68.82	31.67	105.97
16176	308.77	281.85	344.67
16177	238.50	309.00	168.00
16178	433.38	458.25	408.50
16179	284.57	339.57	261.92
16180	295.07	260.45	392.00
16181	118.08	74.67	161.49
16182	223.06	207.78	241.40
16183	243.71	266.92	188.00
16184	233.27	259.50	201.80
16185	376.81	453.29	340.32
16186	21194.38	24631.50	15465.83
16187	548.67	402.33	695.00
16188	500.51	86.88	665.96
16189	143.42	168.26	68.93
16190	568.21	562.70	576.87
16191	247.67	326.60	191.29
16192	532.00	565.25	487.67
16193	133.18	126.14	145.50
16194	425.75	321.75	529.75
16195	135.14	120.88	152.97
16196	190.99	203.41	161.20
16197	325.56	175.29	475.83
16198	274.50	56.00	638.67
16199	160.31	197.77	104.12
16200	277.86	431.00	73.67
16201	364.12	460.20	204.00
16202	588.38	614.60	544.67
16203	24725.16	1279.08	48171.25
16204	306.71	438.50	131.00
16205	858.00	1326.67	576.80
16206	288.67	307.57	267.88
16207	130.71	151.25	103.33
16208	1813.06	3146.35	35.33
16209	1002.51	1537.00	468.02
16210	170.59	141.11	190.25
16211	210.68	230.43	200.80
16212	124.61	128.22	121.00
16213	18.40	17.12	20.96
16214	295.27	301.83	287.40
16215	649.85	557.20	804.27
16216	36.30	34.93	37.68
16217	101.86	83.50	126.33
16218	51.76	65.19	46.00
16219	251.15	300.30	202.00
16220	134.66	101.33	167.99
16221	466.14	434.76	572.80
16222	354.29	442.43	266.14
16223	216.89	128.75	334.42
16224	278.64	232.40	304.33
16225	206.71	203.89	214.76
16226	2102.25	4462.00	686.40
16227	239.38	239.00	240.00
16228	496.45	476.60	513.00
16229	722.33	496.67	948.00
16230	134.54	101.00	168.08
16231	546.93	527.67	581.60
16232	75.89	46.12	125.50
16233	471.73	555.43	11.42
16234	21.26	24.43	18.88
16235	94.40	72.64	137.92
16236	206.77	166.98	256.50
16237	229.10	250.84	153.00
16238	106.24	17.10	225.10
16239	183.92	178.43	191.60
16240	305.36	281.25	369.67
16241	39.35	39.70	38.40
16242	161.50	209.50	113.50
16243	381.17	390.00	372.33
16244	62.73	21.17	93.90
16245	608.78	538.71	819.00
16246	112.25	142.21	72.30
16247	188.77	121.15	324.00
16248	193.50	220.00	149.33
16249	131.33	146.83	100.33
16250	450.74	662.00	98.63
16251	251.14	183.25	341.67
16252	194.42	171.99	234.80
16253	373.21	335.40	383.42
16254	115.69	125.50	99.33
16255	239.19	137.10	409.33
16256	317.35	314.20	323.25
16257	53.85	25.60	70.80
16258	140.74	111.80	153.14
16259	364.00	733.40	86.95
16260	189.93	367.20	48.12
16261	156.53	156.50	156.56
16262	436.17	550.33	322.00
16263	525.85	632.80	169.33
16264	180.80	215.37	111.67
16265	595.18	569.17	626.40
16266	163.65	145.00	182.29
16267	49.18	19.88	98.00
16268	202.15	416.50	106.89
16269	148.23	145.55	152.06
16270	3638.00	2168.50	4813.60
16271	172.72	175.33	171.41
16272	152.20	153.40	149.00
16273	375.10	366.40	385.98
16274	120.91	210.67	53.60
16275	352.89	157.10	875.00
16276	68.83	67.32	72.22
16277	574.07	665.91	237.33
16278	292.58	272.00	302.88
16279	279.12	224.80	369.67
16280	85.63	66.15	111.60
16281	148.29	106.20	204.42
16282	185.87	179.98	215.33
16283	415.64	473.71	314.00
16284	72.99	130.00	53.99
16285	165.16	261.25	69.06
16286	295.74	513.62	77.85
16287	310.00	280.85	361.00
16288	90.56	101.83	68.00
16289	314.38	313.00	316.60
16290	238.33	234.33	242.33
16291	423.70	596.00	165.25
16292	317.92	350.75	252.25
16293	129.40	205.33	72.45
16294	80.46	82.96	77.96
16295	125.50	67.06	257.00
16296	207.33	154.67	260.00
16297	199.13	149.40	267.50
16298	504.25	219.90	662.22
16299	223.57	206.59	263.88
16300	165.30	156.14	186.67
16301	95.96	103.45	85.97
16302	65.64	70.80	55.33
16303	214.50	288.50	115.83
16304	220.68	214.58	228.00
16305	244.32	230.11	256.75
16306	5526.75	4624.50	6429.00
16307	61.38	57.56	69.00
16308	295.17	315.33	275.00
16309	90.43	85.67	95.20
16310	406.83	430.87	286.67
16311	810.09	206.00	1293.36
16312	80.88	66.00	95.76
16313	983.98	2009.16	414.43
16314	52.87	58.33	50.13
16315	112.06	102.80	125.95
16316	263.38	309.33	235.80
16317	192.66	147.77	327.33
16318	117.22	105.00	123.33
16319	27.35	31.09	22.58
16320	199.50	242.75	170.67
16321	113.85	128.00	90.27
16322	176.38	269.60	83.17
16323	249.86	363.25	98.67
16324	81.74	99.57	40.13
16325	274.64	244.50	355.00
16326	476.27	427.01	597.18
16327	286.64	327.17	238.00
16328	57.00	66.40	51.12
16329	3312.12	7482.67	809.80
16330	136.56	127.72	148.33
16331	153.62	129.00	178.25
16332	142.62	115.87	156.00
16333	309.24	265.62	352.86
16334	234.29	107.75	403.00
16335	598.38	761.00	327.33
16336	91.07	90.95	91.19
16337	104.50	120.75	88.25
16338	52.46	39.45	78.49
16339	256.14	334.67	197.25
16340	155.94	176.90	126.00
16341	138.30	135.57	144.67
16342	53.73	83.26	12.40
16343	301.83	232.15	487.66
16344	434.88	381.67	466.80
16345	146.99	119.86	219.33
16346	519.36	565.98	441.67
16347	158.89	161.08	154.17
16348	6959.11	8737.33	3402.67
16349	137.19	126.41	166.85
16350	1067.64	588.75	1706.17
16351	58.62	58.63	58.60
16352	235.00	237.43	223.67
16353	363.41	290.51	418.08
16354	160.55	240.55	13.88
16355	127.50	122.20	136.33
16356	144.75	178.31	69.25
16357	102.83	162.36	79.02
16358	271.37	253.72	406.67
16359	54.52	48.90	61.76
16360	161.42	206.62	40.87
16361	118.60	72.32	176.45
16362	112.63	79.65	152.20
16363	422.75	383.90	694.67
16364	27.06	21.23	30.56
16365	92.13	102.97	77.67
16366	240.21	164.17	392.30
16367	136.83	111.67	162.00
16368	170.00	160.33	174.14
16369	96.27	131.27	78.77
16370	318.13	165.34	375.43
16371	84.35	97.67	60.38
16372	33.75	23.80	56.97
16373	162.20	170.40	148.53
16374	104.67	128.95	72.29
16375	218.93	219.38	215.60
16376	124.34	94.55	148.18
16377	160.58	170.67	150.50
16378	187.52	210.20	149.72
16379	340.12	309.67	358.40
16380	61.11	65.09	53.13
16381	344.61	170.78	634.33
16382	5.60	4.48	7.00
16383	319.78	325.33	308.67
16384	83.74	67.26	153.80
16385	126.54	114.45	142.67
16386	650.00	309.00	991.00
16387	142.54	125.32	177.00
16388	497.67	766.33	229.00
16389	294.28	455.14	69.08
16390	406.56	396.33	427.00
16391	8651.17	6453.00	10849.33
16392	213.83	87.96	528.50
16393	255.82	306.20	213.83
16394	201.84	211.20	194.36
16395	167.83	98.33	237.33
16396	90.13	108.47	65.66
16397	151.62	172.25	96.60
16398	8132.00	8279.22	7690.33
16399	69.67	90.33	49.00
16400	364.80	366.00	362.00
16401	2699.53	3261.67	1735.86
16402	159.66	186.98	98.20
16403	141.88	274.32	47.29
16404	1720.55	1944.68	1197.58
16405	134.57	150.75	113.00
16406	223.36	230.60	217.33
16407	259.33	244.33	274.33
16408	342.12	511.67	240.40
16409	266.69	339.88	149.60
16410	251.86	273.73	203.76
16411	162.40	172.57	138.67
16412	293.72	292.85	297.50
16413	258.25	258.86	252.33
16414	314.00	379.75	248.25
16415	96.30	186.33	56.29
16416	230.82	267.50	133.00
16417	91.60	105.95	74.38
16418	91.24	89.22	93.93
16419	241.95	165.43	548.00
16420	109.19	126.20	80.83
16421	240.66	267.83	223.36
16422	79.88	32.19	115.65
16423	157.00	162.87	145.25
16424	203.74	192.97	225.30
16425	113.42	123.65	82.75
16426	342.46	370.43	309.83
16427	283.50	316.75	250.25
16428	112.83	122.00	103.67
16429	157.83	172.38	144.73
16430	242.39	251.82	228.25
16431	116.76	144.33	102.98
16432	294.45	140.75	382.29
16433	102.64	117.17	73.60
16434	136.67	74.67	198.67
16435	215.17	206.58	221.62
16436	165.27	176.14	146.25
16437	144.50	158.00	122.00
16438	299.67	252.29	366.00
16439	92.10	64.63	112.70
16440	119.29	97.33	172.00
16441	790.71	569.00	1086.33
16442	335.00	336.00	334.00
16443	167.25	156.40	185.33
16444	103.32	113.19	78.63
16445	77.76	76.57	81.47
16446	992.25	1748.50	236.00
16447	616.43	810.27	392.77
16448	98.98	43.79	209.37
16449	217.30	298.25	163.33
16450	139.75	144.40	132.00
16451	66.72	73.20	55.93
16452	70.71	93.20	52.72
16453	177.26	201.68	124.69
16454	321.15	381.60	200.25
16455	464.09	389.51	645.21
16456	367.15	325.00	388.23
16457	332.99	292.15	414.67
16458	117.61	149.71	77.50
16459	158.96	145.94	185.00
16460	535.43	111.00	853.75
16461	359.00	274.00	444.00
16462	314.57	365.62	246.50
16463	298.44	330.42	202.50
16464	464.29	355.75	609.00
16465	153.88	163.50	144.25
16466	18.01	24.82	8.93
16467	131.90	28.77	193.78
16468	478.33	547.67	409.00
16469	134.42	140.50	124.70
16470	53.38	54.45	51.78
16471	139.10	59.72	244.93
16472	138.86	133.75	145.67
16473	475.29	632.50	265.67
16474	335.54	412.53	150.76
16475	81.87	80.83	83.93
16476	106.06	133.86	43.50
16477	106.32	165.63	47.00
16478	314.86	457.67	29.26
16479	296.92	227.71	377.67
16480	236.95	112.23	361.67
16481	168.33	146.26	190.40
16482	5256.81	5098.30	5521.00
16483	283.68	265.00	316.38
16484	1452.76	183.30	2214.44
16485	381.09	329.50	484.27
16486	229.16	234.22	213.97
16487	129.46	63.50	235.00
16488	753.89	1139.01	79.91
16489	200.51	186.60	223.27
16490	75.92	105.50	36.49
16491	90.83	103.00	78.67
16492	334.50	334.00	335.00
16493	272.33	239.50	338.00
16494	258.17	304.27	173.65
16495	162.69	155.00	174.22
16496	537.50	542.67	522.00
16497	154.15	134.76	212.33
16498	329.05	331.12	318.00
16499	804.20	1120.79	65.47
16500	232.29	187.43	277.14
16501	481.86	454.25	518.67
16502	202.98	265.60	174.52
16503	256.67	301.67	211.67
16504	161.52	232.92	103.10
16505	1462.70	1368.83	1603.50
16506	314.17	297.00	321.81
16507	240.89	295.75	135.75
16508	66.23	79.49	52.97
16509	53.66	85.09	15.94
16510	135.49	126.00	151.30
16511	171.33	74.00	268.67
16512	271.98	401.00	142.97
16513	148.98	185.67	112.30
16514	47.03	42.16	69.78
16515	419.50	388.83	465.50
16516	2283.43	1936.26	3220.78
16517	677.27	86.56	1267.97
16518	102.45	68.31	165.85
16519	303.75	301.00	312.00
16520	144.40	115.22	211.10
16521	308.58	351.71	248.20
16522	143.29	174.00	120.25
16523	381.67	398.67	347.67
16524	355.03	397.87	183.67
16525	161.17	229.15	93.19
16526	108.80	142.60	75.00
16527	124.12	121.20	129.00
16528	356.24	325.43	395.45
16529	43.09	32.00	49.43
16530	537.41	185.97	1064.58
16531	117.92	106.89	154.67
16532	168.41	224.22	94.00
16533	402.25	469.00	291.00
16534	75.07	79.96	66.93
16535	363.83	452.00	240.40
16536	53.25	44.92	61.58
16537	287.31	245.00	300.00
16538	118.83	149.00	88.67
16539	359.50	416.20	265.00
16540	1060.00	966.00	1248.00
16541	133.43	89.00	192.67
16542	242.54	175.27	293.00
16543	146.35	163.15	126.20
16544	162.00	132.15	291.33
16545	819.32	359.44	1228.11
16546	105.57	120.25	85.99
16547	135.80	113.50	145.71
16548	858.09	1186.59	146.33
16549	122.96	174.75	28.01
16550	100.64	66.93	134.35
16551	100.42	64.80	171.67
16552	909.33	685.00	1133.67
16553	155.00	178.75	131.25
16554	33.90	42.65	22.23
16555	101.00	88.40	122.00
16556	207.10	73.17	408.00
16557	99.98	111.67	88.30
16558	196.02	248.25	181.10
16559	201.83	180.67	223.00
16560	153.67	196.00	111.33
16561	145.50	112.00	165.60
16562	407.00	765.33	192.00
16563	1672.00	57.00	3287.00
16564	120.11	98.32	132.22
16565	167.38	99.97	207.82
16566	471.60	608.18	228.78
16567	171.57	138.00	196.75
16568	1532.71	94.67	2611.25
16569	77.51	52.69	97.36
16570	123.38	105.16	141.60
16571	214.62	248.67	194.20
16572	187.35	198.66	167.00
16573	223.86	210.00	234.25
16574	131.21	96.38	160.23
16575	448.64	560.60	355.33
16576	187.63	209.88	172.80
16577	81.22	83.05	76.33
16578	279.29	450.67	150.75
16579	204.43	196.50	209.71
16580	266.74	161.30	345.81
16581	255.84	258.90	246.67
16582	759.40	255.75	3277.67
16583	856.73	920.71	744.75
16584	282.00	218.67	309.14
16585	72.49	81.97	63.00
16586	232.56	223.00	240.20
16587	150.13	112.70	225.00
16588	524.50	754.67	294.33
16589	114.27	158.33	70.20
16590	390.41	459.17	321.66
16591	152.15	136.96	167.33
16592	63.91	58.60	67.90
16593	191.75	179.40	212.33
16594	185.97	181.60	189.25
16595	130.71	204.33	75.50
16596	103.42	122.75	64.75
16597	153.00	128.75	185.33
16598	101.33	137.49	65.17
16599	167.23	134.31	266.00
16600	414.10	489.94	376.19
16601	123.14	97.00	142.75
16602	383.67	549.33	218.00
16603	678.78	549.67	743.33
16604	231.50	239.20	218.67
16605	88.14	71.81	131.67
16606	256.88	262.20	248.00
16607	48.81	55.23	33.82
16608	148.00	66.50	202.33
16609	171.33	124.33	218.33
16610	214.56	304.98	94.00
16611	47.99	63.56	22.03
16612	445.67	260.67	630.67
16613	859.89	959.80	735.00
16614	47.46	113.00	8.14
16615	101.09	87.38	137.67
16616	283.29	340.00	141.50
16617	185.88	135.67	236.10
16618	251.14	323.50	154.67
16619	280.33	488.33	72.33
16620	583.00	442.67	723.33
16621	233.98	277.00	158.70
16622	176.30	106.00	206.43
16623	275.75	306.56	142.20
16624	219.45	256.29	155.00
16625	4106.80	4690.33	3606.63
16626	251.63	244.37	290.33
16627	152.45	150.22	153.04
16628	240.55	319.12	150.75
16629	79.00	62.33	95.67
16630	295.05	226.75	377.00
16631	164.50	223.40	66.33
16632	310.94	429.75	132.72
16633	149.20	78.25	220.15
16634	184.80	231.33	164.86
16635	75.76	72.73	85.27
16636	167.97	174.46	161.07
16637	231.00	229.00	233.00
16638	205.57	182.10	218.09
16639	93.89	97.67	92.00
16640	503.36	374.56	1083.00
16641	94.98	105.32	79.47
16642	893.46	1509.25	189.70
16643	324.50	326.67	321.71
16644	135.76	168.27	103.25
16645	175.86	239.50	91.00
16646	26.52	49.67	11.08
16647	205.33	229.00	181.67
16648	4260.97	4612.18	3968.29
16649	212.62	250.00	150.33
16650	112.73	109.34	122.08
16651	566.50	841.00	401.80
16652	176.65	211.30	155.86
16653	158.26	165.70	148.33
16654	43.50	48.13	31.16
16655	134.60	94.96	200.67
16656	42.91	18.37	55.18
16657	251.12	285.20	194.33
16658	233.50	188.56	334.62
16659	258.33	248.87	282.00
16660	412.65	375.34	696.20
16661	119.42	90.40	184.72
16662	103.46	112.42	94.14
16663	557.92	528.80	655.00
16664	54.17	49.72	61.21
16665	159.30	195.33	123.27
16666	244.69	242.21	272.00
16667	123.19	132.43	89.33
16668	407.55	428.50	351.67
16669	1437.67	1693.00	1182.33
16670	754.75	1312.26	197.24
16671	1497.00	2870.75	123.25
16672	223.58	223.43	224.00
16673	124.43	105.75	139.38
16674	345.38	305.47	453.71
16675	146.88	149.02	139.60
16676	84.72	95.96	66.00
16677	76.35	92.00	57.56
16678	205.50	189.33	221.67
16679	79.69	90.95	64.67
16680	239.11	196.50	324.33
16681	188.22	101.90	274.53
16682	33.47	41.74	8.67
16683	244.71	265.23	206.25
16684	1392.57	612.67	1977.50
16685	5258.35	5227.42	5304.75
16686	124.02	129.82	87.33
16687	103.17	90.95	127.63
16688	144.36	91.18	233.00
16689	281.07	290.12	262.98
16690	106.35	38.76	219.00
16691	423.33	394.67	452.00
16692	57.55	26.77	88.33
16693	215.14	275.00	170.25
16694	239.78	327.00	196.17
16695	257.88	108.00	507.67
16696	305.29	355.00	268.00
16697	191.85	240.50	159.42
16698	2634.59	2857.32	2300.50
16699	192.33	188.00	201.00
16700	143.36	143.87	141.00
16701	279.42	494.30	136.16
16702	101.30	51.93	150.67
16703	221.52	404.31	12.62
16704	246.67	255.00	238.33
16705	147.15	223.32	94.42
16706	249.80	435.00	64.60
16707	283.89	368.00	115.67
16708	239.27	287.13	133.98
16709	283.43	301.67	269.75
16710	224.15	299.00	136.83
16711	80.75	68.45	87.79
16712	89.04	105.06	57.00
16713	94.65	30.43	158.87
16714	125.86	174.98	43.99
16715	289.12	278.00	295.80
16716	126.91	113.76	148.83
16717	101.50	126.61	41.87
16718	115.54	81.32	184.00
16719	173.71	162.00	182.50
16720	190.23	199.18	179.05
16721	177.44	173.83	184.67
16722	160.58	140.34	201.06
16723	427.40	335.50	488.67
16724	449.00	560.75	359.60
16725	500.00	522.00	456.00
16726	94.38	99.99	73.34
16727	738.45	1560.33	190.53
16728	586.43	541.25	646.67
16729	370.14	416.75	308.00
16730	2747.39	5983.92	320.00
16731	88.69	99.06	70.55
16732	65.46	76.30	61.64
16733	3767.92	5169.33	965.08
16734	78.00	94.60	57.24
16735	483.69	676.51	146.25
16736	99.24	91.33	103.98
16737	205.28	128.54	256.44
16738	53.41	67.58	29.78
16739	67.53	76.28	52.93
16740	238.61	238.99	238.16
16741	146.83	167.33	140.00
16742	62.13	98.93	25.33
16743	196.88	138.25	255.50
16744	731.75	19.93	945.29
16745	196.57	46.40	446.87
16746	334.71	297.50	384.33
16747	3448.66	3236.42	3680.19
16748	315.40	343.17	273.75
16749	123.80	110.91	147.00
16750	11.52	7.18	14.01
16751	177.93	146.40	256.75
16752	1341.31	741.27	2661.40
16753	7.78	7.26	8.47
16754	313.31	267.44	350.00
16755	209.29	186.00	240.33
16756	141.48	98.63	184.33
16757	181.14	233.75	111.00
16758	180.89	229.40	120.25
16759	128.19	138.90	110.33
16760	55.87	66.50	45.23
16761	221.85	243.45	152.74
16762	208.45	201.71	220.25
16763	352.52	447.65	162.25
16764	964.50	255.22	3092.33
16765	142.88	130.20	158.72
16766	496.10	443.57	618.67
16767	607.75	378.00	745.60
16768	49.85	34.00	77.60
16769	504.45	780.79	20.88
16770	308.00	308.35	306.00
16771	283.15	72.33	346.40
16772	661.30	644.75	793.67
16773	180.86	83.67	253.75
16774	1685.65	2783.00	39.62
16775	697.40	732.92	631.43
16776	539.83	411.00	668.67
16777	110.65	131.00	90.30
16778	1579.49	2458.78	114.00
16779	189.58	208.00	152.74
16780	94.57	108.67	84.00
16781	84.65	99.63	69.67
16782	66.54	73.13	55.00
16783	89.89	88.20	92.00
16784	186.29	183.64	198.67
16785	260.08	280.80	242.82
16786	936.14	1098.75	719.33
16787	67.26	20.93	136.75
16788	32.84	28.76	39.63
16789	157.00	214.00	99.99
16790	1136.97	2080.00	193.93
16791	250.67	234.62	282.75
16792	502.43	478.25	534.67
16793	198.09	220.93	186.67
16794	98.40	85.57	116.36
16795	83.98	59.70	103.40
16796	2276.92	2320.80	2249.50
16797	6766.12	8964.50	4567.75
16798	109.97	138.33	88.70
16799	188.33	271.67	105.00
16800	234.40	219.51	272.68
16801	545.70	798.50	377.17
16802	350.76	323.80	377.72
16803	398.46	326.00	514.40
16804	132.38	112.00	152.75
16805	2776.11	2592.73	3399.60
16806	77.85	91.30	59.91
16807	158.19	167.97	154.00
16808	4176.38	6387.33	2849.80
16809	210.05	192.90	231.50
16810	137.46	124.85	162.67
16811	69.31	72.96	64.75
16812	242.69	145.33	315.70
16813	241.17	293.67	151.19
16814	359.60	240.25	439.17
16815	303.71	365.00	257.75
16816	50.59	42.18	88.47
16817	54.93	81.95	18.90
16818	153.77	139.00	168.55
16819	305.75	373.00	193.67
16820	160.00	158.75	161.67
16821	232.53	151.57	289.20
16822	140.58	101.23	163.07
16823	796.81	634.67	958.96
16824	96.83	131.00	62.67
16825	63.32	71.25	59.35
16826	151.32	70.13	273.09
16827	31.39	20.08	61.57
16828	229.86	186.75	287.33
16829	219.70	291.33	165.97
16830	187.01	223.47	132.34
16831	206.00	246.44	115.00
16832	91.75	61.00	116.35
16833	198.73	195.17	214.75
16834	517.71	554.00	469.33
16835	919.40	203.43	2590.00
16836	329.29	333.63	318.15
16837	115.41	80.43	150.40
16838	190.44	144.25	227.40
16839	70.63	68.60	72.67
16840	5580.29	8430.80	829.43
16841	100.59	97.47	104.33
16842	263.29	179.25	375.33
16843	192.20	253.33	155.52
16844	344.04	346.82	340.33
16845	522.77	556.86	463.12
16846	75.97	43.96	91.97
16847	155.54	79.27	212.75
16848	111.22	87.33	123.17
16849	269.16	214.88	309.88
16850	218.57	238.75	191.67
16851	412.12	241.33	514.60
16852	234.60	204.33	280.00
16853	342.44	360.40	320.00
16854	273.14	184.25	391.67
16855	163.62	145.00	182.25
16856	183.50	125.33	241.67
16857	167.47	147.27	187.67
16858	435.00	305.00	507.22
16859	224.78	171.33	331.67
16860	92.98	144.67	41.30
16861	540.31	812.57	222.67
16862	272.56	295.00	227.67
16863	42.55	24.44	57.63
16864	78.17	80.45	73.14
16865	58.37	78.42	31.63
16866	208.92	201.67	230.67
16867	312.79	189.36	765.33
16868	2151.12	1371.25	2931.00
16869	110.64	93.00	123.88
16870	286.29	327.67	255.25
16871	223.00	231.00	215.00
16872	675.60	85.27	1265.93
16873	208.08	174.57	255.00
16874	110.97	102.05	118.11
16875	242.88	268.50	217.25
16876	59.61	80.57	43.31
16877	339.88	345.00	334.75
16878	316.70	334.25	290.38
16879	529.62	244.00	615.30
16880	422.31	378.33	521.25
16881	1314.56	1646.00	1049.40
16882	264.32	213.20	321.11
16883	90.90	75.19	126.25
16884	1235.40	1733.50	666.14
16885	145.37	127.20	175.67
16886	202.00	307.75	96.25
16887	392.30	453.50	300.50
16888	441.99	337.19	791.33
16889	221.50	288.00	155.00
16890	102.33	54.00	150.67
16891	335.10	273.00	361.71
16892	372.46	474.07	118.45
16893	179.50	20.82	443.97
16894	300.99	363.16	226.38
16895	173.88	188.20	150.00
16896	175.53	248.60	120.72
16897	364.67	594.67	134.67
16898	547.50	557.25	534.50
16899	200.88	278.50	173.49
16900	158.29	86.85	214.42
16901	41.22	34.33	46.00
16902	122.00	116.67	126.00
16903	132.00	113.71	153.33
16904	94.88	96.23	93.53
16905	494.38	474.60	506.75
16906	326.86	352.00	308.00
16907	75.22	81.17	72.24
16908	86.17	103.09	64.43
16909	126.86	145.75	101.67
16910	185.29	241.67	143.00
16911	54.04	46.61	63.96
16912	113.12	125.67	107.74
16913	63.22	59.63	72.97
16914	341.00	330.08	384.67
16915	247.00	228.75	271.33
16916	101.58	117.13	65.30
16917	688.22	593.53	830.25
16918	81.45	114.40	60.65
16919	226.00	132.75	350.33
16920	100.22	79.33	142.00
16921	99.79	94.62	134.27
16922	252.83	278.67	227.00
16923	314.20	155.73	472.67
16924	37.63	43.60	25.70
16925	91.43	79.75	107.00
16926	244.56	299.80	175.50
16927	60.10	63.61	53.95
16928	125.87	155.09	84.96
16929	146.58	158.32	140.37
16930	278.45	323.79	127.33
16931	194.10	56.62	365.95
16932	171.10	136.83	222.50
16933	801.43	912.33	718.25
16934	272.71	246.00	308.33
16935	509.55	566.33	441.40
16936	22.08	17.29	38.07
16937	233.04	303.75	162.32
16938	576.29	663.40	527.89
16939	235.20	144.00	326.40
16940	275.75	189.00	362.50
16941	77.46	95.40	35.60
16942	227.31	293.33	95.27
16943	78.07	77.66	79.44
16944	359.25	354.11	374.67
16945	231.29	233.64	211.67
16946	389.99	490.25	256.30
16947	142.88	200.10	85.67
16948	178.64	109.11	256.85
16949	186.50	197.75	175.25
16950	396.90	377.33	405.29
16951	183.05	147.74	229.51
16952	3515.50	5417.00	2374.60
16953	352.44	310.11	380.67
16954	878.67	562.67	1194.67
16955	170.29	178.57	112.33
16956	275.30	310.00	194.33
16957	120.08	117.44	128.00
16958	1108.31	184.22	1636.36
16959	178.84	177.00	183.00
16960	62.73	66.95	60.62
16961	67.81	75.50	64.93
16962	102.21	100.75	104.17
16963	635.00	458.67	740.80
16964	293.72	337.36	238.18
16965	49.38	47.69	53.33
16966	197.12	203.50	190.75
16967	140.75	155.67	131.80
16968	155.93	156.77	152.30
16969	38.58	33.57	43.59
16970	42.83	12.30	65.73
16971	225.25	305.00	145.50
16972	391.83	512.00	271.67
16973	208.33	152.00	264.67
16974	384.29	127.25	727.00
16975	136.83	174.67	98.99
16976	237.27	306.60	179.50
16977	273.25	247.75	298.75
16978	230.54	207.50	307.33
16979	336.90	343.29	322.00
16980	199.90	207.80	192.00
16981	129.13	116.00	142.27
16982	132.61	141.36	102.88
16983	158.57	100.50	236.00
16984	68.85	93.60	57.86
16985	484.00	881.67	185.75
16986	260.14	332.75	163.33
16987	188.26	191.38	173.67
16988	84.07	104.98	49.23
16989	418.38	542.20	212.00
16990	113.57	118.16	110.29
16991	65.81	90.99	40.63
16992	215.97	151.38	268.82
16993	257.77	143.47	543.53
16994	230.43	142.25	348.00
16995	79.84	97.22	56.67
16996	251.05	260.53	215.50
16997	243.32	252.83	224.30
16998	56.09	34.97	68.76
16999	175.97	177.46	172.00
17000	551.00	386.86	626.23
17001	121.88	135.67	101.20
17002	108.33	125.33	91.33
17003	97.60	115.33	90.00
17004	237.00	207.50	256.67
17005	21.75	14.84	33.27
17006	172.17	58.00	286.33
17007	364.80	308.10	516.00
17008	133.88	129.21	150.25
17009	302.36	293.89	321.00
17010	428.43	434.33	424.00
17011	304.43	346.25	248.67
17012	164.28	159.47	188.33
17013	96.25	94.02	98.16
17014	154.16	147.00	161.33
17015	121.28	151.30	91.27
17016	112.66	136.96	92.42
17017	668.41	748.31	455.33
17018	543.90	460.67	579.57
17019	221.33	218.00	224.67
17020	553.81	618.22	471.00
17021	148.41	171.63	131.00
17022	47.64	59.88	35.40
17023	527.63	340.86	854.48
17024	122.70	138.40	106.99
17025	84.73	66.10	122.00
17026	885.53	835.33	960.83
17027	210.50	230.33	190.67
17028	332.44	409.33	178.67
17029	314.38	343.00	297.20
17030	270.21	250.32	310.00
17031	53.14	96.35	17.14
17032	251.82	273.25	232.78
17033	157.57	149.14	172.32
17034	1579.87	1118.40	2156.70
17035	131.75	113.99	144.43
17036	200.57	200.67	200.50
17037	248.66	287.73	217.40
17038	1514.62	448.60	3291.33
17039	412.29	768.00	145.50
17040	33.96	22.97	41.28
17041	74.64	98.60	44.70
17042	680.76	873.00	440.45
17043	418.27	415.00	424.80
17044	194.29	179.67	205.25
17045	105.97	77.95	143.33
17046	225.78	222.83	231.67
17047	32.31	31.09	33.53
17048	333.77	311.67	352.71
17049	263.95	270.12	231.00
17050	170.46	202.80	150.25
17051	67.56	56.22	101.59
17052	311.75	267.40	385.67
17053	2590.06	3937.10	345.00
17054	74.33	76.70	68.00
17055	323.64	363.60	290.33
17056	141.77	138.64	148.05
17057	140.61	160.75	100.33
17058	196.00	208.33	183.67
17059	28.97	39.67	14.69
17060	195.79	208.33	189.52
17061	86.30	94.71	66.67
17062	182.00	182.00	182.00
17063	47.57	30.20	64.93
17064	42.78	41.40	45.53
17065	317.62	337.40	284.67
17066	263.33	252.00	274.67
17067	390.63	391.19	390.35
17068	136.38	147.67	129.60
17069	343.56	303.00	373.98
17070	1005.62	864.77	1616.00
17071	392.62	175.00	755.33
17072	47.70	54.93	38.06
17073	65.25	65.93	64.57
17074	128.80	79.20	178.40
17075	255.15	102.30	408.00
17076	491.50	408.20	630.33
17077	144.14	143.25	145.33
17078	54.85	45.01	67.37
17079	195.48	164.55	215.36
17080	747.09	672.00	837.20
17081	908.62	768.75	1048.50
17082	5410.09	6214.62	3264.67
17083	1392.08	1594.50	1290.88
17084	137.74	141.18	130.18
17085	10.17	11.10	9.23
17086	68.78	61.13	80.25
17087	202.53	171.25	210.87
17088	390.04	478.07	269.00
17089	120.70	117.75	122.67
17090	233.25	291.33	198.40
17091	418.34	393.64	500.67
17092	177.17	185.67	168.67
17093	237.83	245.29	227.40
17094	192.18	128.25	228.71
17095	89.03	61.66	111.83
17096	239.64	253.00	223.60
17097	194.33	229.60	169.13
17098	141.64	140.75	144.00
17099	114.00	49.00	162.75
17100	95.63	105.88	80.25
17101	52.70	97.30	8.10
17102	101.97	77.33	126.60
17103	95.24	102.03	88.45
17104	69.57	58.18	107.53
17105	516.94	612.25	421.62
17106	747.83	1111.40	323.67
17107	113.45	111.76	115.14
17108	62.16	9.66	114.67
17109	133.00	93.83	159.11
17110	129.01	152.36	86.98
17111	62.78	63.75	59.87
17112	154.05	153.74	154.90
17113	546.83	695.67	398.00
17114	66.82	55.97	77.67
17115	157.29	120.00	207.00
17116	67.67	59.60	78.98
17117	140.35	110.45	245.00
17118	605.05	855.75	354.35
17119	126.37	117.56	135.18
17120	50.78	20.87	73.22
17121	530.25	541.00	498.00
17122	352.75	438.00	267.50
17123	1510.14	957.60	2200.82
17124	93.71	92.00	95.00
17125	949.09	1016.22	725.33
17126	211.95	252.30	77.43
17127	75.70	61.10	114.63
17128	42.54	57.00	31.70
17129	85.63	114.49	35.12
17130	82.17	93.50	73.10
17131	267.17	150.67	383.67
17132	826.55	156.00	1385.33
17133	279.42	327.60	225.89
17134	193.11	153.00	225.20
17135	50.94	65.42	31.63
17136	195.00	209.00	181.00
17137	255.37	303.73	170.75
17138	439.00	256.43	758.50
17139	40.20	28.32	59.99
17140	167.79	154.45	175.80
17141	20.06	9.60	30.52
17142	258.00	359.75	190.17
17143	1813.00	3202.00	424.00
17144	54.11	44.33	61.45
17145	174.25	136.78	236.70
17146	246.14	239.50	255.00
17147	135.71	121.33	146.50
17148	203.06	208.47	189.22
17149	167.14	88.43	298.33
17150	198.29	133.50	284.67
17151	115.48	163.62	67.33
17152	1443.24	2989.33	283.68
17153	163.29	195.00	121.00
17154	211.77	176.10	330.67
17155	127.98	121.32	151.27
17156	429.29	498.25	337.33
17157	173.50	128.60	248.33
17158	185.44	210.80	153.75
17159	351.21	257.62	476.00
17160	81.89	131.40	32.38
17161	397.13	630.50	85.97
17162	428.29	621.25	171.00
17163	185.67	154.33	217.00
17164	270.75	391.00	150.50
17165	71.82	12.30	131.33
17166	95.57	137.27	53.87
17167	524.43	192.00	773.75
17168	67.77	66.63	69.10
17169	208.73	230.29	115.30
17170	118.91	130.67	111.85
17171	57.74	66.20	52.10
17172	109.33	143.67	75.00
17173	216.83	199.33	261.56
17174	206.83	164.25	292.00
17175	210.97	232.00	189.93
17176	310.00	308.67	311.33
17177	461.30	474.50	452.50
17178	202.57	265.75	118.33
17179	136.34	131.71	148.67
17180	500.33	511.67	489.00
17181	112.17	153.33	71.00
17182	134.52	93.06	160.91
17183	422.90	445.67	413.14
17184	76.03	89.64	44.27
17185	385.06	653.88	116.25
17186	5.03	5.30	4.74
17187	182.09	200.96	158.50
17188	267.71	297.38	228.17
17189	78.09	49.27	106.92
17190	75.23	60.20	82.74
17191	1497.75	2352.14	301.60
17192	115.82	125.80	110.82
17193	122.71	122.52	123.03
17194	1852.89	2580.17	398.33
17195	293.50	272.00	306.40
17196	583.83	799.00	368.67
17197	162.83	135.33	190.33
17198	153.17	104.33	202.00
17199	216.57	175.00	247.75
17200	197.80	140.93	254.67
17201	86.93	141.93	31.93
17202	128.87	173.62	110.02
17203	244.64	225.55	268.50
17204	3749.61	106.12	11036.60
17205	80.27	66.00	99.30
17206	308.00	396.50	190.00
17207	118.34	187.33	49.34
17208	211.99	204.67	219.32
17209	186.33	263.00	109.67
17210	313.13	244.00	382.27
17211	160.56	180.67	145.47
17212	112.18	117.97	108.32
17213	161.83	332.67	115.24
17214	351.95	311.17	528.67
17215	181.50	164.67	198.33
17216	206.86	188.67	220.50
17217	631.67	505.00	695.00
17218	298.67	263.80	342.25
17219	215.10	192.43	268.00
17220	40.43	21.67	49.82
17221	294.28	287.00	298.65
17222	47.38	77.66	24.68
17223	128.90	49.00	268.72
17224	245.80	96.94	394.67
17225	228.43	181.67	251.82
17226	219.22	432.67	91.16
17227	336.69	362.17	302.72
17228	155.25	168.50	142.00
17229	163.50	198.33	128.67
17230	66.24	52.60	88.97
17231	281.65	279.42	288.33
17232	297.68	325.20	263.29
17233	96.45	123.42	22.27
17234	297.74	272.11	361.83
17235	180.89	200.25	161.54
17236	1550.50	847.17	2253.83
17237	297.00	279.40	326.33
17238	309.50	201.00	418.00
17239	83.24	90.95	62.67
17240	298.50	244.67	352.33
17241	86.97	77.33	94.20
17242	85.19	73.70	111.99
17243	126.97	39.96	272.00
17244	489.29	175.86	802.71
17245	341.40	321.67	371.00
17246	418.67	535.33	302.00
17247	100.08	100.11	100.00
17248	295.00	349.29	168.33
17249	393.73	438.75	273.67
17250	150.87	120.42	185.66
17251	189.75	201.60	170.00
17252	132.15	162.00	102.30
17253	626.50	259.00	994.00
17254	336.08	281.26	464.00
17255	228.23	262.20	115.00
17256	349.26	222.70	518.00
17257	470.00	327.67	612.33
17258	366.99	404.65	338.75
17259	157.67	72.93	221.22
17260	116.56	108.47	127.33
17261	6059.57	4439.67	7274.50
17262	76.88	36.51	105.71
17263	100.08	116.33	89.25
17264	2078.33	3904.67	252.00
17265	226.17	273.00	104.40
17266	426.32	542.72	232.33
17267	121.80	159.00	97.00
17268	337.40	343.62	330.29
17269	294.08	183.17	405.00
17270	138.83	113.57	174.20
17271	167.00	102.00	232.00
17272	255.83	183.00	328.67
17273	208.14	245.50	158.33
17274	1125.00	94.67	1897.75
17275	615.00	621.33	608.67
17276	507.14	562.00	466.00
17277	161.89	110.11	213.67
17278	48.90	11.64	93.61
17279	132.54	115.33	147.29
17280	166.33	172.00	160.67
17281	169.04	202.22	147.71
17282	276.23	307.88	225.60
17283	84.62	82.95	86.30
17284	432.10	352.60	511.60
17285	251.43	366.00	165.50
17286	104.65	125.15	63.66
17287	99.21	114.21	57.95
17288	179.17	128.00	230.33
17289	291.42	289.33	292.47
17290	196.50	212.20	180.80
17291	560.10	651.42	484.00
17292	134.98	145.33	124.63
17293	320.33	330.82	278.33
17294	163.92	154.67	168.54
17295	193.33	188.33	198.33
17296	248.00	228.00	274.67
17297	242.32	263.14	188.20
17298	879.67	1421.33	338.00
17299	1017.83	518.67	1184.22
17300	2264.60	321.80	4207.40
17301	360.40	363.50	358.33
17302	196.22	191.68	205.30
17303	114.98	140.00	89.97
17304	1938.00	1908.00	1968.00
17305	188.50	192.00	185.00
17306	406.97	554.52	170.90
17307	471.89	538.33	405.45
17308	264.46	397.00	109.83
17309	198.04	198.03	198.04
17310	347.12	387.48	135.25
17311	211.86	105.47	318.25
17312	311.14	254.16	396.62
17313	999.86	243.25	2008.67
17314	202.89	152.17	289.10
17315	178.15	201.97	154.33
17316	262.09	178.50	309.86
17317	304.50	254.33	354.67
17318	149.26	130.33	163.45
17319	112.99	166.00	70.58
17320	146.39	97.78	195.00
17321	81.27	46.06	139.96
17322	241.56	278.40	195.50
17323	201.36	118.95	324.98
17324	342.67	278.60	422.75
17325	94.22	69.90	115.30
17326	196.07	245.50	156.52
17327	201.75	209.20	189.33
17328	119.89	115.98	143.33
17329	231.85	262.00	183.60
17330	291.50	259.40	314.43
17331	670.54	842.00	619.10
17332	193.97	201.56	182.59
17333	301.42	385.33	217.50
17334	590.50	232.00	949.00
17335	329.31	233.49	597.60
17336	285.42	228.67	342.17
17337	351.33	370.67	332.00
17338	111.69	111.23	112.20
17339	244.20	302.47	127.67
17340	54.63	55.20	54.20
17341	219.25	154.00	258.40
17342	720.72	1042.05	206.60
17343	377.23	294.29	474.00
17344	198.06	175.00	234.95
17345	528.83	366.33	691.33
17346	11.14	9.84	12.78
17347	178.66	187.43	145.75
17348	192.21	27.64	397.91
17349	204.32	191.52	268.33
17350	374.00	361.20	395.33
17351	105.19	121.19	81.20
17352	102.66	128.97	71.10
17353	242.67	326.00	159.33
17354	2064.29	722.75	3853.00
17355	255.06	203.90	340.33
17356	174.38	215.60	105.67
17357	144.27	143.00	144.75
17358	423.17	308.67	537.67
17359	137.38	126.59	146.90
17360	170.34	139.19	315.67
17361	127.75	175.33	99.20
17362	2809.17	3112.67	2505.67
17363	213.24	177.97	248.50
17364	176.03	189.42	141.22
17365	174.18	168.48	188.45
17366	281.02	296.04	266.00
17367	225.44	201.40	255.50
17368	199.60	162.33	215.57
17369	160.08	163.51	153.80
17370	89.24	97.80	69.27
17371	130.63	122.30	133.75
17372	217.31	244.40	205.00
17373	124.47	189.27	59.67
17374	801.75	1176.60	177.00
17375	152.50	115.75	189.25
17376	6879.33	10279.50	79.00
17377	426.43	528.25	290.67
17378	109.62	178.27	40.97
17379	240.67	297.33	212.33
17380	194.12	59.20	419.00
17381	340.36	330.00	346.11
17382	84.50	126.41	35.59
17383	181.20	229.00	152.52
17384	366.10	368.43	360.67
17385	122.15	150.97	93.33
17386	233.50	261.83	176.83
17387	265.56	287.83	235.87
17388	149.78	126.00	156.12
17389	298.47	241.71	355.23
17390	97.58	28.17	167.00
17391	161.83	176.93	150.50
17392	365.36	422.40	317.83
17393	125.27	135.33	117.72
17394	139.75	156.84	91.90
17395	139.00	157.50	114.33
17396	171.08	160.30	240.10
17397	47.26	37.45	60.33
17398	189.01	199.64	178.37
17399	140.67	149.50	135.15
17400	37.70	34.40	39.35
17401	161.54	217.99	62.75
17402	174.88	199.75	150.00
17403	307.24	338.09	250.67
17404	171.93	187.00	146.82
17405	160.18	182.50	147.43
17406	147.35	122.40	188.93
17407	97.22	93.00	105.67
17408	274.57	145.33	371.50
17409	120.05	118.13	124.53
17410	75.70	82.75	70.66
17411	160.93	234.15	124.33
17412	309.43	202.75	451.67
17413	1180.43	102.60	2258.26
17414	137.32	107.57	178.96
17415	109.06	167.28	60.55
17416	337.83	321.67	354.00
17417	262.90	565.00	90.27
17418	231.94	319.98	55.87
17419	131.07	29.45	189.14
17420	121.33	146.33	96.33
17421	164.09	112.60	228.45
17422	78.70	114.25	31.30
17423	220.87	328.20	86.70
17424	207.86	198.00	215.25
17425	143.13	160.29	130.25
17426	74.75	73.65	76.59
17427	166.58	223.50	52.73
17428	260.25	258.50	262.00
17429	228.00	154.67	301.33
17430	135.37	165.36	97.21
17431	199.40	261.70	116.33
17432	55260.59	423.57	88162.80
17433	271.30	283.25	263.33
17434	236.01	411.00	161.01
17435	381.50	309.50	453.50
17436	262.20	231.52	378.80
17437	472.64	423.00	532.20
17438	144.22	129.00	174.67
17439	268.57	186.00	378.67
17440	243.33	244.17	241.67
17441	203.76	313.33	121.58
17442	233.56	341.00	147.60
17443	280.88	403.00	158.75
17444	392.06	502.84	214.80
17445	250.53	181.95	326.73
17446	63.26	71.00	53.98
17447	76.84	35.47	107.88
17448	300.84	321.18	266.93
17449	40.09	54.52	16.03
17450	422.00	266.33	538.75
17451	157.33	190.00	124.67
17452	204.68	284.00	125.36
17453	547.17	828.33	266.00
17454	151.92	174.56	133.80
17455	172.63	288.33	56.93
17456	193.71	198.10	174.67
17457	428.81	533.11	307.13
17458	418.67	557.44	210.50
17459	104.33	86.67	122.00
17460	1067.00	1345.67	858.00
17461	1.94	3.08	1.03
17462	77.27	79.12	72.33
17463	187.96	180.40	192.17
17464	317.98	228.33	371.76
17465	89.52	107.43	68.63
17466	168.01	144.73	191.29
17467	228.23	253.75	187.40
17468	78.28	63.55	93.00
17469	127.83	126.60	128.86
17470	91.76	87.63	99.00
17471	120.01	128.51	104.70
17472	141.82	132.30	151.33
17473	197.11	211.50	168.33
17474	158.11	173.45	137.67
17475	411.40	644.17	62.25
17476	90.50	165.33	45.60
17477	546.58	1252.33	311.33
17478	854.50	1100.80	444.00
17479	1583.61	2958.75	208.47
17480	240.24	262.37	201.50
17481	379.30	416.89	341.71
17482	781.56	1220.40	233.00
17483	158.22	154.67	165.33
17484	267.92	392.83	143.02
17485	528.41	877.96	108.96
17486	306.50	427.67	185.33
17487	322.14	165.25	531.33
17488	723.93	693.00	741.61
17489	177.00	164.33	186.50
17490	297.88	148.00	342.85
17491	379.22	366.00	395.75
17492	407.80	480.71	237.67
17493	130.60	177.31	6.07
17494	674.36	949.25	517.29
17495	72.45	76.19	66.63
17496	968.55	1519.93	279.32
17497	422.40	526.50	266.25
17498	115.94	107.54	125.75
17499	143516.75	89120.50	252309.25
17500	204.32	196.97	233.75
17501	588.67	843.67	333.67
17502	357.00	345.00	389.00
17503	239.73	345.98	133.47
17504	74.36	115.97	49.40
17505	173.70	158.33	177.54
17506	363.26	423.89	324.29
17507	77.12	100.58	63.05
17508	1611.25	1924.40	1089.33
17509	203.20	245.14	105.33
17510	127.22	118.33	145.00
17511	124.25	111.80	145.00
17512	235.67	241.33	230.00
17513	2998.64	3172.50	2592.97
17514	423.64	439.36	308.33
17515	217.22	180.40	278.60
17516	293.99	276.48	311.50
17517	153.44	119.72	168.51
17518	57.90	74.65	35.57
17519	6.76	2.80	10.72
17520	276.14	263.25	293.33
17521	91.10	66.56	132.00
17522	89.82	86.63	91.41
17523	154.40	114.00	189.75
17524	219.33	265.75	196.12
17525	214.61	177.54	251.69
17526	197.05	174.20	242.75
17527	1093.33	886.33	1507.33
17528	252.17	335.33	169.00
17529	79.59	17.71	141.46
17530	351.43	376.75	317.67
17531	66.62	113.30	19.93
17532	417.39	503.69	302.33
17533	111.00	95.00	127.00
17534	183.00	141.60	252.00
17535	120.92	111.62	137.20
17536	173.50	237.00	110.00
17537	169.83	225.80	99.88
17538	249.29	253.25	244.00
17539	106.08	117.30	97.44
17540	364.33	400.33	292.33
17541	131.19	124.29	160.50
17542	66.33	78.00	54.67
17543	78.26	58.10	93.94
17544	935.50	1951.00	210.14
17545	634.00	846.00	422.00
17546	189.67	162.00	217.33
17547	274.91	69.42	398.20
17548	342.18	545.87	138.50
17549	208.36	288.00	162.86
17550	106.31	37.97	174.66
17551	165.28	180.36	150.20
17552	131.33	145.00	117.67
17553	234.73	205.15	282.80
17554	169.42	197.00	130.80
17555	134.20	113.32	175.97
17556	418.50	377.17	480.50
17557	156.78	171.00	145.40
17558	60.89	33.62	93.61
17559	107.00	102.75	112.67
17560	241.43	231.27	259.20
17561	273.42	310.00	163.67
17562	260.80	221.93	299.67
17563	343.49	384.40	329.85
17564	133.86	184.00	96.25
17565	402.22	615.60	135.50
17566	51.84	55.75	48.72
17567	338.25	370.00	285.33
17568	77.71	164.60	25.58
17569	486.23	940.20	202.50
17570	12.54	17.40	8.90
17571	243.25	233.14	260.94
17572	402.23	327.83	505.23
17573	690.40	773.00	497.67
17574	98.67	98.67	98.67
17575	179.94	187.91	158.67
17576	200.25	209.25	194.25
17577	255.25	84.33	357.80
17578	184.12	122.40	209.83
17579	531.79	460.14	698.97
17580	141.69	148.22	127.00
17581	332.00	313.25	350.75
17582	350.76	342.78	360.74
17583	177.26	182.00	173.70
17584	84.07	83.00	85.50
17585	32.57	49.50	22.41
17586	286.82	324.33	258.69
17587	291.10	288.80	292.54
17588	72.52	65.25	80.83
17589	215.87	209.76	235.72
17590	335.54	124.17	516.71
17591	1716.80	1923.00	1544.96
17592	145.55	111.71	204.75
17593	251.22	256.20	245.00
17594	112.89	156.80	68.98
17595	163.74	165.00	163.52
17596	655.50	387.00	924.00
17597	209.46	213.67	196.83
17598	190.88	230.56	151.20
17599	332.67	355.64	252.25
17600	128.00	148.00	113.00
17601	586.44	661.73	420.80
17602	352.99	335.73	382.57
17603	163.66	145.99	172.50
17604	78.19	77.32	79.50
17605	521.00	471.23	613.43
17606	135.68	124.80	146.56
17607	238.58	258.04	170.50
17608	188.94	198.79	168.14
17609	401.53	412.29	380.00
17610	348.00	370.50	330.00
17611	194.38	186.00	202.75
17612	92.00	90.68	93.31
17613	47.53	41.15	94.30
17614	213.86	210.75	218.00
17615	174.74	169.67	178.00
17616	69.33	84.67	54.00
17617	193.40	186.42	216.67
17618	286.40	243.75	307.73
17619	127.67	87.67	167.67
17620	82.04	89.97	76.09
17621	165.04	192.62	127.12
17622	470.29	632.67	348.50
17623	156.14	154.00	159.00
17624	196.58	237.67	155.50
17625	118.87	60.93	205.78
17626	108.12	81.70	111.42
17627	125.69	142.88	108.50
17628	146.57	131.33	151.14
17629	277.50	341.20	171.33
17630	471.67	438.67	504.67
17631	136.86	126.00	145.00
17632	273.33	169.43	481.14
17633	801.72	714.89	888.56
17634	341.80	451.51	49.25
17635	888.27	1159.40	662.33
17636	249.41	342.50	125.30
17637	427.72	156.93	698.50
17638	95.81	129.00	51.57
17639	204.80	143.67	265.93
17640	158.36	96.93	204.43
17641	140.63	137.11	144.60
17642	562.71	525.00	591.00
17643	250.10	281.29	177.33
17644	105.16	136.68	69.14
17645	1306.38	1971.20	198.33
17646	385.44	522.20	157.50
17647	84.69	111.57	71.25
17648	378.10	389.32	347.25
17649	70.00	103.00	37.00
17650	156.76	113.30	185.73
17651	154.22	201.63	97.32
17652	125.00	176.60	88.14
17653	1014.30	172.25	1575.67
17654	103.84	117.31	78.59
17655	391.14	328.33	438.25
17656	240.00	285.33	194.67
17657	595.62	900.37	138.50
17658	288.29	331.65	93.20
17659	37.03	25.44	48.62
17660	164.82	185.97	130.99
17661	168.54	121.32	203.95
17662	9.00	8.62	9.97
17663	216.50	251.00	182.00
17664	1444.08	2100.62	131.00
17665	322.99	205.12	480.15
17666	287.20	58.10	592.67
17667	809.33	634.14	962.62
17668	515.33	386.67	579.67
17669	1124.60	1826.31	189.00
17670	145.43	146.25	144.33
17671	520.32	1101.71	55.20
17672	110.31	115.45	88.00
17673	1599.89	450.83	3898.00
17674	40.62	36.90	44.33
17675	92.46	100.75	48.95
17676	505.71	650.80	143.00
17677	177.80	25.40	381.00
17678	224.12	214.60	240.00
17679	167.89	184.54	137.92
17680	192.00	188.33	195.67
17681	57.50	78.67	36.33
17682	164.25	146.33	175.00
17683	679.84	599.35	850.88
17684	189.31	175.68	194.53
17685	317.50	342.50	230.00
17686	1463.86	1042.07	2307.43
17687	217.57	208.50	229.67
17688	264.40	334.75	170.60
17689	51.14	58.09	44.20
17690	4347.73	3114.67	4876.19
17691	417.86	569.50	215.67
17692	53.17	43.84	74.14
17693	213.71	249.66	186.75
17694	188.41	133.22	262.00
17695	43.78	56.56	18.23
17696	91.11	103.00	75.27
17697	214.29	243.50	175.33
17698	197.74	229.40	144.97
17699	341.87	608.33	75.41
17700	288.88	377.60	141.00
17701	341.12	400.75	281.50
17702	257.71	213.00	317.33
17703	64.31	81.23	55.85
17704	89.98	105.74	74.22
17705	150.17	184.67	115.67
17706	370.07	424.67	315.47
17707	75.65	85.28	59.89
17708	1414.74	191.80	3045.33
17709	163.15	154.57	180.32
17710	84.79	106.14	49.20
17711	248.85	247.07	251.96
17712	152.83	147.33	158.33
17713	241.83	362.67	121.00
17714	418.39	195.88	596.40
17715	69.79	111.30	62.87
17716	138.50	135.00	142.00
17717	181.79	161.21	216.10
17718	405.00	626.57	94.80
17719	1038.64	303.20	1651.50
17720	197.17	165.67	228.67
17721	55.63	80.99	30.27
17722	340.50	397.33	283.67
17723	332.29	537.67	178.25
17724	683.29	451.25	992.67
17725	255.45	338.41	131.00
17726	532.14	823.25	143.99
17727	89.11	123.64	37.30
17728	258.80	299.00	198.50
17729	164.55	195.16	133.93
17730	221.21	261.13	101.45
17731	95.30	81.29	128.00
17732	100.90	143.67	82.57
17733	139.62	176.44	102.80
17734	225.17	222.67	227.67
17735	610.38	884.33	446.00
17736	131.83	145.12	105.25
17737	273.68	304.58	220.71
17738	64.64	64.68	64.53
17739	213.39	275.67	166.68
17740	1089.32	114.45	1869.22
17741	178.75	197.22	123.33
17742	89.79	104.37	50.90
17743	368.23	370.00	366.71
17744	345.67	355.80	320.33
17745	127.14	157.00	104.75
17746	2169.91	5090.24	501.14
17747	129.48	129.10	131.97
17748	38.65	18.93	84.67
17749	189.35	146.47	213.86
17750	208.53	163.38	248.67
17751	297.64	257.71	367.50
17752	348.00	495.25	282.56
17753	187.06	148.88	282.50
17754	108.54	87.57	136.50
17755	413.06	492.20	314.12
17756	269.44	291.00	258.67
17757	145.83	140.90	178.67
17758	376.14	384.00	370.25
17759	247.88	370.18	95.00
17760	198.12	225.41	116.25
17761	211.50	182.00	241.00
17762	99.86	121.39	78.33
17763	82.21	97.50	74.57
17764	73.76	68.54	82.90
17765	36.49	41.74	27.73
17766	172.85	176.66	148.67
17767	201.57	120.12	246.82
17768	157.35	193.57	93.97
17769	183.54	205.44	158.00
17770	748.89	871.80	595.25
17771	7647.33	8750.20	6176.83
17772	921.85	1205.60	751.60
17773	409.38	380.20	458.00
17774	108.10	164.67	74.16
17775	408.42	394.62	418.45
17776	406.88	436.00	377.75
17777	255.00	381.00	129.00
17778	251.54	132.45	410.33
17779	94.17	116.31	27.77
17780	289.29	301.00	273.67
17781	151.86	220.25	97.14
17782	120.46	127.57	106.25
17783	174.00	145.67	230.67
17784	110.81	62.40	159.22
17785	219.68	184.42	248.54
17786	347.38	371.53	287.00
17787	228.09	376.00	143.57
17788	335.41	179.56	491.25
17789	414.83	284.00	545.67
17790	905.21	1819.50	219.50
17791	176.00	164.00	188.00
17792	105.50	95.66	115.33
17793	163.31	83.07	223.50
17794	1017.65	943.30	1092.00
17795	71.60	66.50	78.40
17796	289.71	363.50	191.33
17797	222.43	164.67	265.75
17798	265.23	79.65	512.67
17799	274.29	348.50	175.33
17800	429.55	313.25	739.67
17801	246.00	237.00	273.00
17802	222.46	311.65	103.53
17803	264.38	244.20	298.00
17804	269.84	249.31	379.33
17805	502.71	988.33	138.50
17806	206.56	234.43	178.69
17807	2096.33	3165.00	1027.67
17808	44.29	51.08	37.50
17809	25.03	25.42	24.45
17810	193.23	187.44	206.25
17811	141.94	72.52	194.00
17812	480.24	595.16	135.50
17813	775.44	592.10	1545.51
17814	96.32	86.67	105.97
17815	215.12	188.60	259.33
17816	177.88	258.00	129.80
17817	287.79	308.19	247.00
17818	833.18	81.80	1114.95
17819	267.67	201.62	426.20
17820	227.98	208.20	239.29
17821	183.22	217.75	148.70
17822	255.69	168.65	386.25
17823	42.83	69.25	16.40
17824	55.69	49.57	64.88
17825	1364.97	1900.04	677.04
17826	155.50	69.80	298.33
17827	440.10	451.50	430.77
17828	235.99	286.25	168.97
17829	81.05	98.80	63.29
17830	169.31	173.38	166.60
17831	174.06	141.35	239.48
17832	208.76	233.73	158.80
17833	463.14	178.75	576.90
17834	116.54	44.20	213.00
17835	92.89	105.20	80.58
17836	264.44	46.07	428.23
17837	236.97	291.97	181.97
17838	821.45	863.88	708.33
17839	158.11	175.89	138.11
17840	123.75	175.00	93.00
17841	326.43	283.00	384.33
17842	307.17	407.00	207.33
17843	1653.71	144.00	3666.67
17844	270.00	336.33	220.25
17845	86.34	14.28	182.43
17846	277.66	269.99	289.17
17847	136.88	248.00	25.75
17848	151.43	158.75	141.67
17849	126.95	150.19	59.55
17850	283.92	232.60	342.57
17851	224.61	173.50	288.50
17852	167.00	162.00	172.00
17853	108.92	113.67	104.17
17854	198.61	232.00	159.65
17855	143.84	127.32	164.50
17856	290.11	357.33	256.50
17857	203.30	129.43	375.67
17858	383.83	286.67	481.00
17859	757.77	405.00	1322.20
17860	142.28	162.91	87.24
17861	255.29	475.00	90.50
17862	117.31	61.76	186.75
17863	8741.45	5913.38	10626.83
17864	209.17	273.43	159.19
17865	66.54	54.94	83.29
17866	171.38	180.00	162.75
17867	329.79	388.71	256.13
17868	338.70	228.20	449.20
17869	137.35	110.33	153.56
17870	265.67	292.20	232.50
17871	103.54	102.25	109.99
17872	163.50	122.40	232.00
17873	2682.33	5032.67	332.00
17874	404.53	503.00	207.60
17875	258.00	458.33	57.67
17876	79.00	49.50	118.33
17877	310.66	418.90	175.37
17878	262.27	249.50	279.30
17879	431.00	373.50	469.33
17880	238.65	719.67	153.76
17881	209.90	228.20	191.60
17882	368.75	523.67	213.83
17883	44.43	64.95	30.75
17884	351.88	366.75	337.00
17885	443.58	136.44	789.10
17886	191.10	260.87	101.40
17887	173.57	162.75	188.00
17888	141.12	186.00	114.20
17889	185.30	94.60	276.00
17890	163.45	180.72	149.06
17891	1341.73	1552.33	1089.00
17892	259.78	167.50	333.60
17893	538.62	843.25	234.00
17894	581.33	751.00	411.67
17895	82.20	98.46	55.10
17896	404.30	396.50	409.50
17897	302.43	352.80	242.00
17898	462.44	345.33	521.00
17899	3226.70	6245.33	208.07
17900	184.14	245.75	102.00
17901	375.78	421.17	285.00
17902	151.71	161.32	135.70
17903	87.86	73.58	111.66
17904	118.00	119.00	116.67
17905	215.40	204.00	220.29
17906	146.43	143.75	150.00
17907	400.08	401.17	397.33
17908	618.99	352.55	885.42
17909	371.40	397.43	310.67
17910	131.23	62.82	216.75
17911	17.80	6.60	28.99
17912	189.88	186.60	195.33
17913	68.51	53.38	87.42
17914	142.49	131.18	151.92
17915	619.25	534.60	760.33
17916	294.82	275.71	328.25
17917	142.84	153.07	116.25
17918	471.62	883.67	224.40
17919	333.00	265.00	367.00
17920	87.56	99.10	68.33
17921	458.26	70.67	603.61
17922	95.00	80.67	105.75
17923	89.89	90.77	89.22
17924	305.00	232.33	392.20
17925	242.42	144.17	340.67
17926	120.79	88.84	161.45
17927	281.12	251.33	299.00
17928	1188.15	1225.09	1077.33
17929	199.51	179.67	212.73
17930	128.36	175.60	102.11
17931	256.40	226.58	301.12
17932	185.31	210.22	165.38
17933	33.67	65.93	9.47
17934	202.83	201.22	207.67
17935	124.50	110.33	138.67
17936	153.63	169.99	110.00
17937	163.62	110.30	227.60
17938	251.77	236.67	285.75
17939	140.75	122.33	151.80
17940	173.98	231.44	109.32
17941	973.00	1338.67	607.33
17942	218.73	160.57	269.62
17943	110.21	91.75	134.83
17944	161.43	71.67	228.75
17945	176.94	187.81	148.70
17946	67.41	51.73	88.33
17947	204.37	201.33	207.40
17948	71.81	84.67	58.96
17949	2217.79	1079.00	2976.99
17950	310.62	399.00	163.33
17951	137.50	134.00	139.60
17952	423.08	531.88	249.00
17953	425.65	457.54	322.00
17954	88.93	99.60	78.26
17955	141.43	161.56	115.54
17956	320.00	606.33	197.29
17957	381.37	171.22	906.75
17958	85.43	110.25	52.33
17959	356.43	182.25	588.67
17960	176.25	150.00	220.00
17961	721.67	851.67	591.67
17962	24.79	38.74	1.53
17963	59.12	58.96	59.60
17964	297.44	281.28	364.43
17965	167.68	321.33	14.03
17966	155.72	170.78	130.63
17967	217.78	152.67	348.00
17968	377.80	323.40	432.20
17969	222.76	113.97	309.78
17970	262.03	295.53	144.75
17971	292.50	224.00	361.00
17972	74.21	55.24	85.05
17973	984.86	1084.60	735.50
17974	143.36	95.18	223.67
17975	222.64	212.88	232.41
17976	310.71	352.75	254.67
17977	166.19	187.56	144.82
17978	182.64	235.57	90.00
17979	152.14	95.50	227.67
17980	603.29	816.25	319.33
17981	157.00	134.67	201.67
17982	240.77	228.00	269.50
17983	331.03	349.38	276.00
17984	263.38	172.60	302.29
17985	262.00	241.00	304.00
17986	1151.62	160.97	1576.18
17987	49.03	49.30	48.83
17988	37.24	43.27	32.73
17989	4431.44	1477.83	10338.67
17990	466.29	268.67	614.50
17991	124.94	135.08	77.60
17992	127.08	160.25	93.90
17993	3872.67	2812.67	4932.67
17994	102.36	85.80	129.97
17995	179.47	146.14	268.33
17996	193.21	174.60	203.56
17997	206.76	269.50	144.03
17998	153.19	147.58	158.80
17999	310.38	268.00	352.75
18000	2790.75	1713.50	3868.00
18001	261.35	205.25	275.38
18002	337.25	224.40	525.33
18003	2552.06	5677.81	207.75
18004	265.81	219.08	300.85
18005	640.29	504.00	822.00
18006	177.46	179.72	169.20
18007	154.29	90.50	239.33
18008	166.00	152.80	188.00
18009	383.38	318.00	422.60
18010	793.80	530.75	1846.00
18011	239.36	163.17	296.50
18012	138.63	81.97	195.29
18013	209.37	351.50	95.66
18014	142.86	222.00	83.50
18015	48.28	68.93	27.63
18016	114.50	176.33	52.66
18017	393.24	414.50	371.98
18018	321.50	308.00	329.60
18019	117.50	109.20	131.33
18020	21.05	23.48	18.62
18021	522.75	495.50	550.00
18022	35.47	34.19	36.74
18023	172.48	128.13	239.00
18024	82.94	91.67	76.39
18025	586.69	767.43	375.83
18026	177.56	174.70	182.33
18027	400.14	423.50	369.00
18028	1393.62	742.60	2478.67
18029	936.00	1250.00	622.00
18030	164.62	199.58	150.06
18031	289.00	142.00	406.60
18032	256.50	282.00	231.00
18033	117.56	107.20	130.50
18034	407.23	372.00	422.89
18035	411.70	442.43	340.00
18036	5289.67	5280.67	5298.67
18037	3218.12	4635.00	1801.25
18038	322.71	370.74	242.67
18039	797.09	694.00	934.53
18040	299.40	184.67	348.57
18041	153.40	131.15	171.20
18042	349.62	258.33	404.40
18043	171.38	190.33	160.00
18044	94.58	99.50	83.50
18045	198.10	203.43	185.67
18046	63.23	81.72	38.57
18047	154.13	128.63	173.25
18048	198.36	108.97	265.41
18049	232.07	320.80	187.70
18050	1969.80	419.33	2634.29
18051	165.75	141.88	227.13
18052	117.84	81.37	170.53
18053	216.67	181.50	244.80
18054	262.92	56.67	469.17
18055	112.10	101.00	120.43
18056	144.63	154.95	131.36
18057	1310.50	546.50	2074.50
18058	16944.07	17809.55	15790.10
18059	413.44	504.33	368.00
18060	1546.14	151.80	2320.78
18061	11.12	14.17	1.36
18062	170.24	79.25	291.56
18063	99.93	7.90	222.63
18064	47.60	26.37	68.83
18065	433.73	613.00	276.88
18066	434.87	367.64	462.26
18067	203.33	339.25	94.60
18068	64.18	96.71	23.52
18069	359.90	415.82	280.67
18070	412.97	115.60	710.33
18071	307.77	309.29	306.00
18072	372.38	400.45	310.60
18073	520.10	560.29	426.33
18074	278.09	231.25	304.86
18075	6850.34	6089.47	7421.00
18076	185.81	160.33	201.09
18077	153.08	283.67	55.15
18078	349.80	342.86	366.00
18079	713.93	959.62	419.10
18080	86.80	76.54	104.75
18081	205.14	185.50	231.33
18082	1359.89	228.60	2774.00
18083	325.50	145.33	505.67
18084	110.62	138.33	82.90
18085	275.67	344.60	189.50
18086	226.46	207.89	268.25
18087	182.10	72.57	264.25
18088	109.90	93.48	122.22
18089	203.57	247.67	170.50
18090	166.23	96.17	206.25
18091	413.88	414.40	413.64
18092	168.68	120.65	312.75
18093	2754.10	1691.53	3816.67
18094	151.02	176.75	125.29
18095	220.83	224.53	215.74
18096	936.74	1005.78	867.70
18097	146.81	95.87	197.75
18098	178.06	96.47	308.60
18099	164.53	274.50	104.55
18100	294.36	178.00	338.00
18101	244.12	372.67	167.00
18102	231.03	158.60	282.76
18103	326.50	443.40	131.67
18104	69.52	71.10	68.46
18105	176.29	175.78	176.80
18106	684.88	776.00	533.00
18107	246.78	216.00	285.25
18108	187.77	274.00	138.49
18109	171.17	169.06	181.00
18110	470.34	512.91	321.35
18111	202.57	252.48	102.73
18112	181.67	179.00	184.33
18113	339.36	367.29	290.50
18114	628.44	1083.50	264.40
18115	134.78	148.00	124.20
18116	254.71	313.25	176.67
18117	279.43	247.56	315.86
18118	190.00	230.33	149.67
18119	237.86	246.75	226.00
18120	293.84	350.65	251.24
18121	863.22	81.33	1254.17
18122	3521.00	2586.33	4081.80
18123	142.50	142.57	142.33
18124	150.11	121.60	185.75
18125	106.20	94.83	123.25
18126	146.20	151.36	143.31
18127	215.93	216.28	214.67
18128	322.09	442.33	277.00
18129	363.50	393.67	333.33
18130	200.24	159.22	241.25
18131	129.08	146.19	70.92
18132	154.09	159.14	145.25
18133	1116.50	133.67	2099.33
18134	176.22	199.21	95.75
18135	1300.00	2185.67	414.33
18136	202.40	183.67	210.43
18137	38.33	20.36	83.25
18138	383.38	261.20	587.00
18139	127.66	279.12	80.33
18140	274.67	340.20	192.75
18141	175.27	167.72	185.33
18142	264.61	267.75	262.10
18143	134.47	119.85	178.35
18144	244.87	187.86	294.75
18145	170.57	113.98	241.30
18146	146.21	125.52	170.34
18147	187.05	239.67	151.98
18148	98.45	91.50	104.41
18149	473.71	575.75	337.67
18150	426.14	417.50	432.62
18151	93.21	96.62	86.40
18152	315.40	301.00	325.00
18153	378.71	208.75	605.33
18154	153.00	150.85	157.30
18155	91.11	84.75	99.60
18156	303.91	307.28	295.50
18157	106.35	80.83	117.28
18158	370.05	68.43	671.67
18159	695.86	956.75	348.00
18160	156.50	154.67	157.29
18161	205.11	242.50	155.27
18162	152.19	140.40	163.98
18163	174.57	138.32	235.00
18164	383.57	350.33	408.50
18165	166.75	148.67	177.60
18166	56.21	46.51	62.03
18167	143.33	168.80	132.72
18168	380.29	318.25	463.00
18169	1188.80	1855.67	727.13
18170	179.49	245.70	25.00
18171	174.12	215.75	132.50
18172	55.17	55.05	55.42
18173	313.58	333.80	299.14
18174	32.87	32.77	32.94
18175	226.43	293.57	69.77
18176	74.11	45.00	132.33
18177	405.86	587.89	102.48
18178	92.72	116.98	19.93
18179	148.85	158.88	132.80
18180	93.81	109.80	77.82
18181	176.00	104.18	247.81
18182	277.64	276.78	278.12
18183	96.62	86.68	102.83
18184	99.27	122.40	84.55
18185	145.83	91.45	170.00
18186	160.86	72.79	337.00
18187	184.59	43.38	431.70
18188	149.14	9.74	335.00
18189	105.66	72.85	138.47
18190	898.92	1157.00	124.67
18191	91.96	34.53	116.57
18192	252.50	156.60	412.33
18193	1785.27	2787.42	1322.74
18194	208.50	230.67	132.11
18195	2006.55	2417.67	1513.20
18196	83.50	56.78	163.67
18197	229.38	192.67	251.40
18198	164.20	179.20	149.20
18199	224.56	176.60	284.50
18200	49.73	89.75	17.72
18201	59.83	36.67	106.17
18202	152.42	155.47	146.33
18203	840.27	104.67	1155.54
18204	712.50	897.80	403.67
18205	220.10	169.33	296.25
18206	384.67	449.67	319.67
18207	1088.19	2343.83	146.45
18208	219.00	263.50	159.67
18209	378.71	586.00	102.33
18210	231.87	251.80	206.95
18211	204.56	268.00	172.83
18212	97.71	91.74	123.60
18213	144.86	144.75	145.00
18214	304.00	267.00	328.67
18215	222.19	274.29	51.03
18216	108.49	84.22	132.75
18217	298.62	128.53	383.67
18218	249.17	187.00	311.33
18219	222.27	518.67	148.17
18220	218.07	352.25	128.62
18221	158.76	129.50	199.00
18222	345.22	141.11	549.33
18223	307.91	347.56	236.56
18224	181.43	236.67	126.20
18225	396.14	320.25	497.33
18226	140.78	188.50	69.19
18227	186.33	202.00	170.67
18228	141.88	192.50	91.25
18229	174.13	72.25	232.36
18230	153.22	151.00	157.67
18231	231.22	193.67	306.33
18232	456.43	474.00	443.25
18233	116.79	101.78	131.80
18234	170.22	168.83	173.00
18235	91.76	107.98	80.41
18236	8.44	9.40	7.17
18237	118.03	103.48	142.97
18238	233.94	249.50	209.05
18239	389.51	396.40	380.33
18240	240.42	107.58	306.83
18241	105.71	105.33	106.00
18242	157.37	210.71	126.25
18243	52.60	86.55	7.33
18244	118.17	157.00	79.33
18245	408.11	464.40	337.75
18246	159.27	147.14	180.50
18247	170.45	206.00	134.90
18248	490.50	694.33	286.67
18249	173.69	269.50	77.88
18250	131.60	98.39	198.00
18251	185.68	178.70	215.92
18252	19.80	13.42	30.43
18253	242.69	258.56	205.67
18254	5484.25	3238.33	6831.80
18255	152.64	44.68	282.20
18256	183.19	168.28	267.67
18257	816.22	1101.50	245.67
18258	167.33	265.67	118.17
18259	220.62	160.67	280.58
18260	429.73	509.86	269.48
18261	387.33	337.00	437.67
18262	193.43	204.67	176.56
18263	173.50	77.33	269.67
18264	170.50	169.00	172.00
18265	277.62	205.33	321.00
18266	342.00	315.00	375.75
18267	126.99	110.58	154.33
18268	291.29	383.50	168.33
18269	103.98	105.67	102.30
18270	130.78	107.00	178.33
18271	556.31	1098.50	315.33
18272	123.14	152.50	84.00
18273	252.84	212.63	283.00
18274	542.58	578.80	519.94
18275	171.00	204.67	137.33
18276	139.12	152.96	121.82
18277	79.37	104.20	38.00
18278	368.70	445.00	266.97
18279	63.12	82.00	48.96
18280	221.55	182.83	268.00
18281	197.68	139.69	275.00
18282	723.27	223.17	1366.26
18283	122.62	210.75	34.50
18284	207.00	239.20	174.80
18285	446.50	569.62	323.38
18286	328.09	328.17	328.00
18287	400.83	510.40	322.57
18288	116.84	183.97	27.33
18289	244.50	165.00	292.20
18290	404.57	359.00	438.75
18291	1466.25	331.00	3358.33
18292	853.86	871.67	840.50
18293	121.45	53.54	212.00
18294	249.56	377.50	147.20
18295	1515.62	1918.20	173.67
18296	120.69	173.00	81.46
18297	143.90	149.60	138.20
18298	215.57	295.25	109.33
18299	82.73	134.30	44.05
18300	276.70	272.83	282.50
18301	784.72	1243.20	211.62
18302	175.19	161.80	186.34
18303	283.78	182.20	410.75
18304	170.57	105.50	257.33
18305	151.23	142.60	155.55
18306	5710.87	148.00	16836.60
18307	294.12	327.60	238.33
18308	145.87	133.51	167.50
18309	240.67	246.29	232.80
18310	321.40	303.25	333.50
18311	479.33	469.00	489.67
18312	256.33	232.33	304.33
18313	120.10	125.81	103.00
18314	234.86	296.75	172.97
18315	1322.76	3356.67	305.80
18316	354.48	700.20	181.62
18317	114.54	84.38	152.25
18318	430.00	565.67	158.67
18319	1721.60	291.17	3867.25
18320	263.62	278.67	254.60
18321	187.50	191.86	177.33
18322	128.99	119.00	141.47
18323	107.44	171.75	43.12
18324	336.28	537.21	185.58
18325	247.44	271.31	142.40
18326	449.57	237.33	608.75
18327	121.00	107.60	134.40
18328	285.49	119.83	451.14
18329	155.00	98.00	212.00
18330	249.50	289.29	193.80
18331	272.00	334.75	188.33
18332	188.97	82.27	295.67
18333	124.41	89.72	170.67
18334	232.65	280.70	164.00
18335	47.50	59.20	38.73
18336	139.92	169.00	74.47
18337	97.72	114.20	70.27
18338	117.40	141.20	85.67
18339	507.62	248.60	669.50
18340	104.53	101.37	113.67
18341	281.98	320.70	196.80
18342	42.49	48.93	28.70
18343	460.37	633.75	402.58
18344	128.92	141.17	116.67
18345	1032.22	869.50	1162.40
18346	23.11	12.53	38.98
18347	176.44	182.09	164.00
18348	167.67	174.03	152.23
18349	184.45	202.86	152.25
18350	77.42	128.00	26.83
18351	101.09	141.22	74.33
18352	82.26	71.97	106.27
18353	338.19	381.33	319.70
18354	557.31	629.69	468.23
18355	153.99	233.33	94.47
18356	96.37	97.75	92.25
18357	619.48	571.95	653.43
18358	206.98	192.20	218.80
18359	172.71	122.22	304.00
18360	215.54	232.62	188.20
18361	56.81	83.72	29.90
18362	192.14	300.25	48.00
18363	326.08	280.67	341.22
18364	337.73	328.92	355.37
18365	129.26	37.85	220.67
18366	314.42	337.67	302.79
18367	252.73	212.14	323.75
18368	136.40	112.82	215.00
18369	262.42	353.67	171.17
18370	69.33	60.40	80.50
18371	67.75	67.95	67.54
18372	122.82	86.50	143.57
18373	148.36	96.25	287.33
18374	118.12	97.60	152.33
18375	62.79	55.33	67.27
18376	58.47	60.86	53.01
18377	451.67	580.20	359.86
18378	91.93	153.00	55.29
18379	298.75	153.33	386.00
18380	255.94	269.83	224.70
18381	95.56	126.40	70.90
18382	330.00	264.50	417.33
18383	1287.00	1656.12	548.75
18384	69.82	57.24	82.40
18385	3982.25	7517.20	1457.29
18386	102.26	113.62	83.33
18387	130.76	151.30	89.67
18388	156.96	369.89	65.70
18389	45.06	32.29	67.40
18390	96.70	102.93	90.47
18391	834.92	246.28	1816.00
18392	148.53	154.13	137.33
18393	211.00	81.67	297.22
18394	143.45	153.50	133.40
18395	624.00	118.33	876.83
18396	389.90	500.67	342.43
18397	149.11	189.33	129.00
18398	252.71	150.00	389.67
18399	245.55	255.75	218.33
18400	530.77	338.21	1301.00
18401	240.00	134.33	319.25
18402	498.97	628.67	369.27
18403	144.00	116.33	171.67
18404	161.46	247.85	59.38
18405	204.39	213.82	190.25
18406	203.97	124.60	303.18
18407	142.99	125.32	178.33
18408	273.65	194.33	293.48
18409	168.00	79.33	206.00
18410	325.01	194.26	642.57
18411	297.01	283.90	315.75
18412	179.14	267.67	112.75
18413	38.44	77.67	14.90
18414	233.71	170.50	318.00
18415	149.40	165.86	111.00
18416	548.50	184.60	1155.00
18417	314.20	305.25	320.17
18418	407.79	397.43	418.14
18419	211.33	229.80	188.25
18420	97.48	93.67	98.82
18421	238.33	288.33	188.33
18422	293.30	283.27	303.33
18423	212.89	219.80	204.25
18424	98.13	59.45	201.27
18425	203.14	196.67	208.00
18426	533.42	701.33	365.50
18427	334.00	295.00	392.50
18428	174.14	175.00	173.50
18429	108.59	89.94	158.33
18430	196.86	163.50	241.33
18431	167.09	134.33	179.38
18432	148.56	100.07	184.93
18433	247.40	290.30	161.60
18434	116.88	119.60	114.17
18435	178.96	163.36	194.56
18436	54.39	30.72	93.86
18437	345.29	311.25	390.67
18438	2111.14	225.50	4625.33
18439	268.73	276.60	262.17
18440	133.48	170.00	96.96
18441	246.92	217.00	272.57
18442	383.43	318.00	470.67
18443	192.86	189.00	195.75
18444	2962.75	156.40	7640.00
18445	620.00	961.25	165.00
18446	127.31	121.66	134.83
18447	316.44	246.74	432.60
18448	150.07	195.00	60.20
18449	127.57	127.00	128.33
18450	134.22	143.00	116.67
18451	3470.33	5832.33	1108.33
18452	186.40	93.69	232.75
18453	315.29	498.48	193.17
18454	180.75	149.33	199.60
18455	252.92	150.71	372.15
18456	57.35	31.99	72.56
18457	103.55	112.75	79.00
18458	265.89	325.86	160.95
18459	80.50	115.70	52.34
18460	260.21	230.50	283.98
18461	6.21	2.67	9.75
18462	265.00	405.17	96.80
18463	265.52	248.34	293.64
18464	177.15	145.11	228.40
18465	214.00	188.33	239.67
18466	272.71	183.00	340.00
18467	321.47	77.60	565.33
18468	66.48	64.95	69.03
18469	292.43	228.25	378.00
18470	155.98	141.43	176.36
18471	145.56	86.46	204.67
18472	292.60	285.67	296.07
18473	115.92	226.33	5.50
18474	134.10	211.60	56.60
18475	207.72	108.30	245.00
18476	475.24	642.06	162.44
18477	1059.57	166.00	2251.00
18478	127.88	127.15	129.33
18479	1720.27	3595.00	158.00
18480	162.11	137.22	195.30
18481	56.79	61.98	50.56
18482	371.51	398.67	351.15
18483	86.90	91.56	82.23
18484	284.12	246.00	347.67
18485	291.10	173.80	408.40
18486	477.33	308.00	646.67
18487	147.45	149.50	142.00
18488	178.91	162.60	187.07
18489	117.30	95.08	154.33
18490	259.83	198.67	321.00
18491	340.95	377.92	279.33
18492	550.40	636.00	493.33
18493	689.19	336.01	1092.81
18494	100.60	69.60	131.60
18495	292.00	228.33	339.75
18496	329.14	161.11	469.17
18497	2841.86	2699.00	3032.33
18498	141.00	149.33	132.67
18499	2648.32	5814.12	839.29
18500	68.07	73.47	62.67
18501	61.24	74.40	39.30
18502	546.86	479.33	597.50
18503	161.81	22.90	393.33
18504	228.00	245.00	211.00
18505	101.29	111.00	88.33
18506	228.84	243.66	173.25
18507	136.98	162.95	115.33
18508	481.81	69.38	894.25
18509	134.00	140.00	128.00
18510	168.20	264.67	71.73
18511	83.25	59.44	115.00
18512	3934.77	5060.50	182.33
18513	110.67	115.00	108.08
18514	42.25	50.08	31.29
18515	58.49	79.42	31.59
18516	563.95	340.25	663.38
18517	184.22	124.32	227.79
18518	94.44	75.33	104.00
18519	162.35	164.25	159.50
18520	403.82	416.19	339.45
18521	225.36	233.33	215.80
18522	162.55	231.93	79.28
18523	185.66	170.48	216.00
18524	361.53	470.00	336.50
18525	154.39	147.10	163.50
18526	66.70	51.03	82.38
18527	2626.99	3207.23	112.60
18528	315.93	391.49	190.00
18529	168.97	196.86	76.00
18530	1622.26	993.12	2071.64
18531	2745.21	3057.00	1602.00
18532	194.71	234.50	141.67
18533	1662.29	2283.84	212.00
18534	51.22	46.19	53.11
18535	227.33	164.00	290.67
18536	385.78	387.75	384.20
18537	154.30	190.00	132.88
18538	120.67	110.81	129.12
18539	3594.57	114.50	8234.67
18540	1904.86	205.50	3321.00
18541	183.62	180.60	188.67
18542	357.09	354.50	358.82
18543	287.43	319.00	263.75
18544	906.65	879.87	987.00
18545	253.38	178.67	298.20
18546	382.36	524.60	145.30
18547	308.39	298.18	331.71
18548	132.69	160.50	86.33
18549	699.67	840.83	417.33
18550	254.33	163.80	344.87
18551	311.45	359.64	270.68
18552	22.11	12.69	47.23
18553	215.33	254.20	187.57
18554	954.56	346.40	1714.75
18555	330.90	265.25	351.10
18556	349.00	313.00	394.00
18557	389.89	586.25	232.80
18558	291.89	210.50	357.00
18559	320.14	202.75	414.05
18560	373.50	374.67	372.33
18561	4970.57	5274.80	4801.56
18562	81.38	42.94	113.42
18563	78.96	40.80	124.76
18564	391.12	487.20	231.00
18565	2503.49	69.88	3894.13
18566	463.43	366.00	593.33
18567	78.78	56.84	111.70
18568	159.88	156.83	161.54
18569	219.45	213.67	222.92
18570	163.68	173.59	133.97
18571	244.33	295.00	193.67
18572	86.20	73.50	105.25
18573	376.46	257.80	772.00
18574	100.75	77.00	140.33
18575	644.82	439.33	798.94
18576	226.00	247.00	198.00
18577	107.00	98.00	122.00
18578	112.56	119.83	98.00
18579	190.83	242.67	139.00
18580	146.11	166.00	119.60
18581	130.97	91.70	183.33
18582	899.83	1501.00	298.67
18583	277.25	164.33	345.00
18584	264.95	247.62	276.50
18585	167.88	42.40	377.00
18586	192.86	262.00	141.00
18587	76.33	65.84	93.12
18588	154.67	120.75	181.80
18589	693.18	2006.00	200.88
18590	180.01	197.60	168.28
18591	81.05	181.17	38.14
18592	132.72	143.95	121.50
18593	286.47	211.57	352.00
18594	242.57	305.50	158.67
18595	276.22	244.60	315.75
18596	325.92	225.50	412.00
18597	229.33	238.17	211.67
18598	392.11	477.00	324.20
18599	175.44	171.20	180.75
18600	229.42	363.00	162.63
18601	330.14	298.67	353.75
18602	301.08	313.33	273.50
18603	94.03	47.30	140.75
18604	551.17	599.50	454.50
18605	242.12	368.25	116.00
18606	1217.94	1470.00	1091.92
18607	17.32	1.50	33.15
18608	166.80	47.88	285.73
18609	437.30	475.86	375.60
18610	325.89	43.67	467.00
18611	168.12	210.00	98.33
18612	405.56	387.73	433.57
18613	180.89	175.50	191.67
18614	75.34	51.21	109.83
18615	49.00	60.99	37.00
18616	557.52	401.67	642.52
18617	301.75	320.00	271.33
18618	125.24	82.40	245.18
18619	393.70	562.33	267.23
18620	151.68	201.86	63.87
18621	242.71	166.33	300.00
18622	292.22	252.00	312.33
18623	154.78	123.02	206.38
18624	43.07	37.80	48.35
18625	176.86	94.97	258.75
18626	778.94	911.50	381.25
18627	25.50	7.46	48.05
18628	199.86	241.33	168.75
18629	90.37	75.60	101.45
18630	69.57	75.75	42.76
18631	747.25	1018.50	476.00
18632	149.40	145.57	154.76
18633	148.45	183.65	92.54
18634	88.35	37.86	189.33
18635	98.89	105.11	88.00
18636	809.00	1356.67	261.33
18637	483.12	418.25	548.00
18638	95.14	203.12	46.06
18639	229.64	227.12	231.21
18640	974.37	1821.96	126.78
18641	583.89	774.67	202.33
18642	443.25	414.00	492.00
18643	101.08	2.93	264.67
18644	286.10	285.14	288.33
18645	440.38	427.67	465.81
18646	327.95	445.83	186.50
18647	42.00	34.67	47.50
18648	162.25	172.60	145.00
18649	365.43	433.25	275.00
18650	242.29	370.67	146.00
18651	528.73	670.97	102.00
18652	496.82	410.88	726.00
18653	220.78	69.33	372.23
18654	86.81	73.74	116.20
18655	83.33	91.00	75.67
18656	211.43	112.00	344.00
18657	78.66	54.15	111.33
18658	286.00	212.67	330.00
18659	265.33	214.00	316.67
18660	159.17	219.00	99.33
18661	192.57	218.00	158.67
18662	324.29	261.75	407.67
18663	486.00	577.67	394.33
18664	484.92	473.32	504.27
18665	236.83	253.33	220.33
18666	1919.53	1959.33	1904.60
18667	62.29	25.35	117.70
18668	648.47	928.25	275.43
18669	247.89	288.67	227.50
18670	385.00	525.42	272.67
18671	270.00	142.40	397.60
18672	297.83	227.33	368.33
18673	256.38	342.50	127.20
18674	202.70	100.97	279.00
18675	281.26	352.62	81.46
18676	193.67	220.60	160.00
18677	140.61	58.00	181.92
18678	411.62	705.25	118.00
18679	372.57	283.47	491.36
18680	165.98	213.50	94.70
18681	134.75	109.67	149.80
18682	177.33	135.33	219.33
18683	138.00	117.40	158.60
18684	176.29	180.86	168.67
18685	485.48	631.69	156.50
18686	85.68	87.67	84.69
18687	48.23	70.93	34.62
18688	239.91	105.10	401.68
18689	530.59	812.34	61.00
18690	538.64	617.76	222.17
18691	156.00	202.67	109.33
18692	100.67	82.11	108.63
18693	343.17	520.67	165.67
18694	213.43	255.50	157.33
18695	198.62	250.89	81.00
18696	116.94	142.96	64.90
18697	768.25	273.57	1153.00
18698	1446.16	124.17	2239.36
18699	381.17	528.00	234.33
18700	170.07	194.62	137.33
18701	43.62	62.83	29.21
18702	128.71	107.90	170.33
18703	143.67	178.67	108.67
18704	1326.82	2264.67	388.97
18705	163.93	164.57	163.29
18706	155.50	154.00	156.40
18707	184.79	175.62	197.00
18708	516.90	673.80	360.00
18709	439.32	693.00	185.64
18710	529.86	282.75	859.33
18711	73.67	67.67	81.67
18712	63.03	64.60	61.45
18713	675.33	607.86	769.80
18714	287.57	311.67	269.50
18715	56.41	42.34	74.00
18716	213.70	192.80	234.60
18717	179.06	199.50	166.80
18718	277.38	231.44	380.75
18719	388.18	464.67	359.50
18720	160.14	222.00	113.75
18721	235.54	121.30	292.67
18722	133.60	137.83	127.25
18723	13.92	16.01	10.43
18724	156.00	165.50	146.50
18725	188.97	184.67	192.20
18726	216.52	287.38	115.29
18727	235.00	255.00	220.00
18728	128.93	132.39	121.32
18729	215.56	203.50	225.20
18730	1402.85	99.30	2184.98
18731	143.89	114.56	183.00
18732	125.54	83.27	157.25
18733	226.50	162.50	290.50
18734	174.50	111.75	258.17
18735	189.83	179.67	200.00
18736	191.12	265.33	146.60
18737	93.49	65.90	121.08
18738	508.40	666.83	270.75
18739	185.22	234.95	145.43
18740	339.25	320.20	371.00
18741	146.43	194.00	110.75
18742	216.71	208.06	244.40
18743	292.11	297.36	273.75
18744	276.83	371.90	158.00
18745	134.67	91.33	178.00
18746	150.03	97.40	202.67
18747	151.56	155.40	146.75
18748	428.00	352.75	528.33
18749	211.81	174.86	237.68
18750	242.93	208.35	306.33
18751	169.38	225.82	84.72
18752	448.72	422.58	501.00
18753	183.04	36.67	670.93
18754	175.14	211.75	126.33
18755	50.37	60.53	40.20
18756	105.33	105.33	105.33
18757	227.71	265.00	159.33
18758	433.00	305.83	687.33
18759	280.85	257.36	321.98
18760	314.25	257.33	348.40
18761	93.94	89.20	100.26
18762	360.86	592.23	175.76
18763	229.75	415.00	118.60
18764	82.10	78.88	84.25
18765	68.77	55.88	78.44
18766	239.21	353.20	125.22
18767	280.50	356.20	154.33
18768	198.12	220.20	161.33
18769	299.60	367.67	248.56
18770	261.43	259.70	263.17
18771	355.61	452.40	194.30
18772	449.11	734.39	68.73
18773	133.28	93.33	205.20
18774	44.02	35.20	47.80
18775	39.46	41.93	37.08
18776	360.67	329.67	407.17
18777	124.70	137.67	119.14
18778	598.00	605.00	588.67
18779	83.89	51.30	144.43
18780	208.68	98.81	501.67
18781	619.71	732.00	470.00
18782	201.47	151.60	251.33
18783	97.31	98.25	96.23
18784	35.45	44.69	12.33
18785	306.78	291.33	314.50
18786	292.09	302.43	274.00
18787	285.97	570.33	1.60
18788	409.20	345.40	473.00
18789	337.67	331.00	341.00
18790	222.06	305.71	163.50
18791	601.56	492.20	783.83
18792	164.96	158.66	176.30
18793	55.57	48.50	57.14
18794	57.13	56.90	57.32
18795	62.14	78.00	40.99
18796	250.89	243.62	266.67
18797	241.86	292.67	203.75
18798	247.35	232.78	276.51
18799	189.61	214.43	102.75
18800	94.97	102.80	81.93
18801	198.60	220.80	176.40
18802	7.88	7.97	7.76
18803	208.37	194.67	216.60
18804	189.14	199.91	121.84
18805	93.13	100.33	89.53
18806	384.34	543.60	118.92
18807	164.17	221.33	107.00
18808	112.57	108.75	117.67
18809	149.89	128.00	177.25
18810	98.75	55.78	141.72
18811	59.18	48.48	67.74
18812	4603.55	7451.28	47.20
18813	48.09	50.53	43.20
18814	415.17	372.33	458.00
18815	1388.35	2153.75	112.67
18816	189.83	161.33	218.33
18817	102.61	87.78	127.33
18818	87.28	88.63	85.93
18819	118.33	119.00	116.43
18820	134.00	156.00	112.00
18821	325.03	19.10	554.48
18822	262.06	194.78	329.33
18823	124.00	131.00	112.33
18824	200.20	119.71	441.67
18825	38.72	31.56	45.87
18826	279.67	175.33	384.00
18827	149.02	104.86	237.33
18828	620.80	1449.50	319.45
18829	213.33	169.60	244.57
18830	514.00	573.50	454.50
18831	139.18	89.26	180.78
18832	213.67	227.83	196.68
18833	4731.82	1512.67	6341.40
18834	111.00	88.75	140.67
18835	465.16	793.60	218.82
18836	379.86	498.75	221.33
18837	166.50	151.00	192.33
18838	91.00	113.25	76.17
18839	142.37	212.67	36.93
18840	59.59	57.67	62.48
18841	78.37	99.95	46.00
18842	86.16	127.12	17.90
18843	167.08	180.56	136.75
18844	222.25	211.45	276.23
18845	431.83	158.33	705.33
18846	103.66	119.97	90.60
18847	22.20	32.17	7.25
18848	138.74	79.30	174.40
18849	158.67	70.78	290.50
18850	313.94	318.97	311.43
18851	268.25	314.80	233.33
18852	145.97	209.33	82.61
18853	225.56	308.17	101.65
18854	211.50	50.67	372.33
18855	127.73	132.34	116.97
18856	340.47	276.89	518.50
18857	223.76	258.00	194.41
18858	185.69	193.10	173.33
18859	198.75	172.50	225.00
18860	59.96	67.19	43.09
18861	212.67	221.00	187.67
18862	42.68	44.27	41.50
18863	397.22	498.67	346.50
18864	241.83	113.33	370.33
18865	253.74	216.19	283.78
18866	291.20	263.25	309.83
18867	172.23	134.09	286.67
18868	182.29	157.60	196.00
18869	117.31	152.00	91.29
18870	353.83	320.33	387.33
18871	150.64	127.41	177.45
18872	119.43	148.67	97.50
18873	323.62	245.40	454.00
18874	415.57	535.93	295.20
18875	266.67	198.00	335.33
18876	352.00	351.33	352.67
18877	414.33	738.93	170.88
18878	95.33	113.00	77.67
18879	213.82	245.14	159.00
18880	238.17	130.70	426.25
18881	342.20	378.00	288.50
18882	229.62	300.40	111.67
18883	329.23	409.00	295.04
18884	790.97	95.33	980.69
18885	589.26	539.60	638.92
18886	108.77	131.77	72.64
18887	74.13	27.27	121.00
18888	236.13	265.85	77.66
18889	246.00	227.80	268.75
18890	210.97	61.60	360.33
18891	84.30	102.67	69.27
18892	990.56	335.67	1318.00
18893	208.69	88.95	368.33
18894	44.55	42.22	49.97
18895	158.15	209.50	114.14
18896	85.63	101.54	56.08
18897	75.53	83.32	58.00
18898	678.30	286.57	1592.33
18899	216.55	176.00	248.09
18900	246.41	164.72	355.33
18901	450.40	275.83	712.25
18902	209.83	245.00	174.67
18903	154.62	136.00	196.50
18904	782.98	1317.84	158.98
18905	302.43	215.00	368.00
18906	73.08	80.12	59.00
18907	424.50	520.33	328.67
18908	169.16	235.50	116.10
18909	77.64	78.86	71.57
18910	313.33	152.00	474.67
18911	198.89	179.80	222.75
18912	1223.11	287.20	2471.00
18913	306.85	320.47	266.00
18914	208.67	173.33	244.00
18915	322.00	396.80	197.33
18916	402.00	341.33	462.67
18917	141.68	94.19	205.00
18918	86.27	120.30	60.75
18919	248.67	329.00	168.33
18920	277.00	313.00	229.00
18921	106.07	156.75	38.49
18922	106.62	100.00	110.60
18923	460.17	343.62	693.25
18924	10401.39	15339.12	6451.20
18925	189.69	189.49	190.63
18926	461.67	654.33	269.00
18927	220.00	204.50	232.40
18928	413.10	787.33	38.87
18929	146.85	95.75	176.05
18930	241.35	227.86	268.33
18931	144.28	122.33	163.08
18932	278.21	324.18	220.75
18933	137.00	167.80	98.50
18934	143.77	151.78	127.75
18935	240.67	275.67	205.67
18936	188.38	233.50	143.25
18937	231.97	216.83	247.10
18938	124.90	130.00	121.50
18939	293.41	648.33	27.23
18940	227.33	185.00	269.67
18941	158.13	125.22	202.00
18942	117.83	223.67	54.32
18943	165.87	206.41	91.55
18944	7694.49	141.18	20283.33
18945	295.82	211.25	521.33
18946	79.63	92.62	44.97
18947	107.43	106.00	108.50
18948	231.14	104.54	378.83
18949	1625.50	156.00	3095.00
18950	113.10	93.50	129.44
18951	194.12	193.00	195.25
18952	634.88	575.50	694.25
18953	289.97	100.93	479.00
18954	267.00	251.67	282.33
18955	144.85	160.10	125.26
18956	163.33	218.00	108.67
18957	717.92	387.71	1103.16
18958	302.30	138.07	795.00
18959	95.17	127.00	63.33
18960	2492.00	4262.33	721.67
18961	139.10	134.14	150.67
18962	112.25	172.67	76.00
18963	313.99	271.58	384.67
18964	181.88	233.60	130.16
18965	242.78	286.50	195.69
18966	449.15	530.60	177.67
18967	259.57	331.67	205.50
18968	171.23	87.00	221.76
18969	65.35	66.03	64.67
18970	356.14	231.75	522.00
18971	156.00	210.33	111.55
18972	101.03	79.60	117.10
18973	265.50	313.67	236.60
18974	173.00	197.00	155.00
18975	56.65	87.69	25.60
18976	1243.87	202.67	1764.47
18977	310.95	345.38	291.29
18978	190.20	213.43	136.00
18979	2926.04	5221.40	56.85
18980	302.33	408.67	249.17
18981	968.11	135.27	1592.75
18982	198.38	215.25	181.50
18983	115.49	134.53	94.33
18984	683.33	148.60	1351.75
18985	157.49	133.99	228.00
18986	139.76	161.22	103.99
18987	199.61	233.60	142.97
18988	119.42	93.17	145.67
18989	59.44	41.92	76.96
18990	235.55	222.37	250.93
18991	162.50	191.83	133.17
18992	190.12	103.17	219.11
18993	128.08	122.80	136.00
18994	181.83	238.67	125.00
18995	234.14	179.50	307.00
18996	39.12	25.28	50.66
18997	259.26	120.77	397.75
18998	62.67	43.41	73.91
18999	153.71	183.25	114.33
19000	170.22	135.99	187.33
19001	127.10	209.75	60.98
19002	101.49	125.00	87.38
19003	1660.22	211.00	3471.75
19004	185.11	188.75	182.20
19005	36.97	36.42	37.38
19006	354.00	304.67	391.00
19007	145.08	141.90	155.67
19008	108.19	115.69	99.62
19009	191.56	250.00	155.03
19010	1663.57	526.50	3179.67
19011	125.56	130.74	122.60
19012	445.07	488.50	336.50
19013	689.86	1669.67	199.95
19014	227.74	240.72	188.80
19015	153.07	104.32	234.33
19016	267.91	116.33	324.75
19017	155.38	202.05	77.60
19018	395.24	524.00	169.90
19019	496.83	571.67	422.00
19020	89.86	85.19	98.55
19021	235.75	260.67	220.80
19022	547.00	384.00	818.67
19023	37.66	20.50	60.53
19024	410.85	56.37	765.33
19025	345.17	256.00	434.33
19026	37.60	38.34	36.63
19027	111.83	91.33	132.33
19028	323.30	211.27	435.33
19029	107.32	77.63	137.00
19030	42.53	28.40	63.73
19031	350.25	435.75	264.75
19032	101.13	107.85	91.04
19033	168.06	150.19	221.67
19034	135.97	116.38	155.56
19035	170.62	195.27	145.97
19036	46.74	59.72	36.36
19037	5.00	4.00	5.75
19038	109.47	224.25	40.60
19039	112.00	118.33	105.67
19040	191.63	154.43	211.66
19041	334.00	76.33	444.43
19042	206.14	161.33	286.80
19043	124.06	125.93	121.57
19044	729.33	890.75	600.20
19045	136.51	195.60	106.96
19046	85.42	87.90	77.67
19047	279.28	232.15	335.84
19048	451.69	675.33	228.04
19049	196.38	147.33	225.80
19050	142.33	125.80	163.00
19051	788.08	1062.05	389.59
19052	119.12	144.30	93.93
19053	831.78	741.80	944.25
19054	1091.73	126.66	1381.25
19055	69.24	75.74	56.23
19056	951.92	213.33	1690.50
19057	91.54	130.67	62.20
19058	294.06	305.94	286.93
19059	92.65	97.64	83.93
19060	295.62	782.33	87.03
19061	107.00	120.75	79.50
19062	109.84	31.93	187.75
19063	71.50	69.40	75.00
19064	193.67	179.00	214.20
19065	353.11	462.00	262.38
19066	63.09	66.30	56.67
19067	95.37	94.06	100.25
19068	92.84	78.92	110.25
19069	106.29	98.97	111.16
19070	53.66	45.20	68.88
19071	37.33	33.86	39.06
19072	320.67	382.00	259.33
19073	158.12	164.63	138.60
19074	433.86	722.50	49.00
19075	59.90	105.70	14.10
19076	297.56	336.00	266.80
19077	37.68	40.69	30.67
19078	56.58	67.19	42.43
19079	97.24	35.57	143.50
19080	162.08	272.75	88.30
19081	78.34	44.10	124.00
19082	196.65	188.22	206.12
19083	87.30	91.33	83.27
19084	256.86	204.00	286.23
19085	283.62	421.50	145.75
19086	62.99	68.12	59.57
19087	167.91	161.25	185.67
19088	56.26	54.48	58.63
19089	219.00	259.33	178.67
19090	800.83	1420.00	181.67
19091	287.89	473.50	139.40
19092	110.97	112.67	109.70
19093	295.16	214.17	332.54
19094	150.00	146.33	157.33
19095	147.44	199.50	43.33
19096	375.71	428.25	305.67
19097	199.24	134.70	306.80
19098	1164.97	1025.96	1396.67
19099	130.70	180.00	97.83
19100	137.89	143.22	129.00
19101	86.18	40.92	142.75
19102	211.52	185.62	230.35
19103	242.05	226.21	273.71
19104	404.11	338.75	456.40
19105	222.20	250.07	210.26
19106	231.67	214.33	249.00
19107	526.29	945.33	107.25
19108	211.00	156.00	266.00
19109	660.57	171.33	794.00
19110	360.83	448.17	186.16
19111	71.52	67.45	73.85
19112	458.67	439.00	481.14
19113	924.23	160.10	2452.50
19114	792.86	855.00	710.00
19115	356.31	423.25	267.07
19116	2332.16	94.22	3824.12
19117	366.83	400.06	300.38
19118	139.92	173.50	125.00
19119	1000.49	140.47	1860.50
19120	48.01	50.81	41.47
19121	94.37	61.87	136.61
19122	61.91	59.08	71.33
19123	271.25	673.60	70.08
19124	213.69	123.33	291.14
19125	202.00	109.50	248.25
19126	100.16	111.44	70.08
19127	154.60	201.00	134.71
19128	215.29	243.25	178.00
19129	616.38	590.25	642.50
19130	133.43	153.60	113.27
19131	94.87	41.20	137.80
19132	1342.92	2275.50	410.33
19133	66.04	75.33	53.67
19134	112.02	109.13	121.67
19135	120.29	112.33	126.25
19136	557.52	364.00	702.66
19137	72.56	55.23	95.67
19138	1357.22	3485.33	293.17
19139	152.44	161.50	145.20
19140	344.83	251.33	438.33
19141	151.67	98.30	226.38
19142	54.98	28.95	81.00
19143	448.22	590.92	305.53
19144	270.86	309.25	219.67
19145	554.17	710.67	397.67
19146	200.22	268.67	159.16
19147	419.67	454.67	384.67
19148	2295.58	660.82	3930.33
19149	292.42	279.49	307.69
19150	167.70	393.60	97.10
19151	27.15	21.09	37.23
19152	208.35	235.75	180.95
19153	996.66	62.84	1385.75
19154	181.75	78.40	255.57
19155	214.57	313.32	50.00
19156	177.57	187.00	165.00
19157	237.26	221.55	251.00
19158	197.67	194.00	201.33
19159	990.90	495.68	1371.85
19160	57.77	84.68	3.93
19161	54.75	49.50	60.00
19162	147.38	114.36	170.50
19163	168.88	204.50	133.25
19164	1002.33	592.33	1412.33
19165	115.30	65.65	145.09
19166	530.02	784.00	377.64
19167	357.71	510.33	243.25
19168	240.20	259.67	231.86
19169	371.00	297.00	445.00
19170	772.66	2689.12	133.84
19171	67.83	43.33	92.33
19172	380.40	354.40	406.40
19173	161.25	180.75	141.75
19174	206.07	146.17	251.00
19175	160.11	206.94	75.80
19176	236.51	231.75	240.31
19177	81.40	68.70	88.66
19178	238.54	238.69	238.33
19179	243.25	245.40	239.67
19180	265.17	375.33	155.00
19181	319.79	427.48	104.42
19182	207.69	243.11	128.00
19183	105.76	106.94	103.00
19184	128.00	166.00	90.00
19185	29.27	27.49	34.60
19186	129.14	115.48	146.22
19187	32.38	19.78	44.14
19188	26.60	32.98	11.69
19189	233.24	271.58	190.64
19190	584.00	639.67	528.33
19191	302.83	280.67	325.00
19192	318.64	283.60	347.83
19193	158.83	174.41	137.00
19194	228.00	237.83	208.33
19195	416.50	268.54	597.33
19196	39.61	43.80	31.23
19197	12241.19	447.10	31898.00
19198	537.13	816.40	257.86
19199	67.20	72.33	63.35
19200	159.11	204.25	98.93
19201	217.01	244.60	200.46
19202	115.25	119.40	108.33
19203	94.47	66.72	114.29
19204	308.84	183.97	475.33
19205	127.04	163.31	104.72
19206	261.17	224.00	298.33
19207	57.10	62.60	51.60
19208	174.72	170.45	179.00
19209	114.69	136.50	85.60
19210	58.13	44.93	114.25
19211	283.37	50.53	458.00
19212	458.25	642.75	273.75
19213	910.12	838.64	1070.95
19214	210.27	289.00	105.30
19215	2450.00	2783.33	1783.33
19216	91.78	64.29	137.60
19217	242.38	146.80	401.67
19218	359.33	412.00	333.00
19219	156.76	131.21	244.78
19220	196.07	82.16	277.43
19221	4633.71	7686.67	2344.00
19222	173.96	125.13	259.43
19223	47.09	34.42	59.75
19224	172.83	267.00	78.67
19225	64.62	65.54	63.08
19226	424.78	435.17	404.00
19227	423.00	538.14	221.50
19228	265.82	350.00	195.67
19229	461.31	330.33	500.60
19230	95.67	103.00	88.33
19231	66.47	75.97	56.97
19232	218.75	236.20	160.60
19233	266.29	265.67	266.75
19234	637.14	746.00	492.00
19235	139.19	160.90	103.00
19236	239.64	267.12	184.67
19237	175.89	143.72	197.33
19238	240.14	154.00	355.00
19239	2588.29	1756.00	3212.50
19240	69.88	50.83	82.58
19241	1231.17	879.00	1583.33
19242	395.88	318.60	524.67
19243	239.32	264.58	207.75
19244	147.29	174.50	111.00
19245	3.82	1.10	6.54
19246	193.38	158.60	251.33
19247	10.56	7.76	11.81
19248	202.22	351.33	127.67
19249	321.62	233.56	376.66
19250	84.96	100.87	73.03
19251	133.17	102.00	164.33
19252	163.70	146.60	180.80
19253	297.33	387.75	252.12
19254	219.08	260.88	135.50
19255	278.61	163.25	370.90
19256	233.59	258.47	217.00
19257	127.73	94.25	261.67
19258	48.40	46.67	51.00
19259	159.29	108.25	227.33
19260	255.25	323.00	187.50
19261	273.15	263.98	277.22
19262	85.33	78.67	92.00
19263	53.51	28.47	137.00
19264	373.26	282.20	412.29
19265	262.10	349.33	209.76
19266	362.86	390.75	325.67
19267	225.50	342.40	108.60
19268	167.08	248.80	116.00
19269	2527.10	4026.50	278.00
19270	294.83	308.15	260.20
19271	129.00	131.75	126.25
19272	52.27	64.58	31.75
19273	443.60	255.67	584.55
19274	104.71	135.67	93.10
19275	193.20	166.52	237.67
19276	129.10	156.32	83.75
19277	270.65	244.22	312.95
19278	152.83	126.95	187.33
19279	421.83	252.33	591.33
19280	716.55	882.75	273.33
19281	144.36	102.67	194.40
19282	100.24	111.49	62.00
19283	168.72	128.47	208.97
19284	346.25	285.33	382.80
19285	295.89	191.00	379.80
19286	235.00	190.00	295.00
19287	256.07	289.92	120.67
19288	126.89	59.18	194.60
19289	120.77	176.83	27.33
19290	138.18	151.97	110.60
19291	299.45	242.28	399.50
19292	66.23	66.47	65.50
19293	256.02	350.27	91.08
19294	93.79	63.98	163.33
19295	281.83	258.33	305.33
19296	79.83	71.50	109.00
19297	694.03	290.50	1007.89
19298	4222.67	6429.33	2016.00
19299	167.14	211.67	133.75
19300	171.77	143.40	195.42
19301	206.71	220.50	188.33
19302	139.89	150.41	94.33
19303	724.12	337.00	1369.33
19304	40.64	37.04	43.52
19305	1677.61	765.83	2133.50
19306	135.57	116.36	198.00
19307	60.59	56.67	64.03
19308	149.77	94.71	214.00
19309	124.04	102.38	158.70
19310	224.98	196.25	247.96
19311	499.71	438.33	545.75
19312	430.20	478.43	317.67
19313	60.07	36.46	88.40
19314	147.67	138.75	157.86
19315	235.82	279.80	199.17
19316	304.36	193.41	370.93
19317	193.73	223.83	175.67
19318	45.01	47.83	41.27
19319	1800.50	421.00	3180.00
19320	309.05	348.50	287.53
19321	155.00	154.33	155.40
19322	124.58	106.63	151.50
19323	95.62	84.90	108.13
19324	320.57	290.50	360.67
19325	1777.00	519.75	3453.33
19326	103.63	85.50	112.70
19327	470.21	445.43	495.00
19328	251.00	226.25	284.00
19329	299.60	280.80	327.80
19330	191.67	125.00	258.33
19331	223.42	108.17	338.67
19332	529.50	419.22	671.29
19333	479.00	598.20	330.00
19334	1735.67	2852.33	619.00
19335	314.57	429.00	228.75
19336	608.83	809.33	408.33
19337	412.91	524.00	371.25
19338	49.06	57.75	31.67
19339	189.57	188.67	190.25
19340	379.73	427.17	348.11
19341	165.69	171.07	151.33
19342	171.04	225.12	49.35
19343	180.75	130.81	239.00
19344	259.25	193.40	369.00
19345	171.60	214.22	128.97
19346	56.60	49.85	65.60
19347	481.14	386.25	607.67
19348	6037.29	20188.50	376.80
19349	86.93	76.67	89.35
19350	181.71	199.08	118.00
19351	46.09	58.93	36.46
19352	132.80	121.60	144.00
19353	152.28	232.55	115.80
19354	77.03	61.97	88.33
19355	205.56	166.80	252.08
19356	54.65	12.30	97.00
19357	111.20	185.75	36.65
19358	153.27	127.08	179.46
19359	223.69	225.70	221.00
19360	320.44	98.22	542.67
19361	339.33	403.00	275.67
19362	631.78	423.00	798.80
19363	252.78	178.83	400.67
19364	443.41	702.50	97.97
19365	361.23	284.60	383.76
19366	143.57	154.00	130.52
19367	293.39	186.44	436.00
19368	313.83	355.00	272.67
19369	457.43	1001.58	22.12
19370	205.33	163.60	257.50
19371	246.52	318.00	115.48
19372	769.00	971.50	634.00
19373	67.50	82.20	61.99
19374	118.83	214.40	23.25
19375	291.14	90.50	558.67
19376	41.23	41.16	41.32
19377	111.43	99.00	120.75
19378	501.00	498.14	507.67
19379	192.00	168.67	215.33
19380	127.88	119.50	136.25
19381	257.67	150.75	400.23
19382	18.76	19.81	17.45
19383	89.03	172.23	61.30
19384	372.88	136.67	514.60
19385	554.29	171.33	841.50
19386	315.14	294.75	342.33
19387	160.65	127.97	193.33
19388	350.88	598.25	103.50
19389	272.40	259.75	323.00
19390	115.82	114.00	116.85
19391	410.57	482.00	357.00
19392	212.78	225.89	199.67
19393	135.29	154.50	109.67
19394	74.97	141.17	52.91
19395	136.44	111.25	150.84
19396	108.90	122.86	76.33
19397	245.17	311.00	179.33
19398	173.39	137.93	297.50
19399	353.18	140.67	565.70
19400	714.12	318.67	951.40
19401	243.58	304.95	145.40
19402	230.14	270.67	199.75
19403	223.58	289.57	69.60
19404	403.50	427.00	380.00
19405	153.72	160.06	152.31
19406	313.45	204.77	422.12
19407	111.11	104.50	124.33
19408	183.81	226.00	152.17
19409	293.00	281.17	310.75
19410	169.40	139.38	189.42
19411	104.10	120.00	80.25
19412	197.79	180.00	215.58
19413	411.17	357.67	464.67
19414	132.28	108.65	143.01
19415	144.17	133.33	155.00
19416	62.33	50.52	82.00
19417	230.48	222.30	261.88
19418	199.50	194.80	204.20
19419	66.72	50.95	82.50
19420	208.29	204.67	211.00
19421	692.25	507.00	877.50
19422	133.10	163.33	87.75
19423	168.05	283.80	85.37
19424	1133.10	956.64	1486.00
19425	159.35	218.33	88.56
19426	3782.42	4539.83	3025.00
19427	194.12	228.20	137.33
19428	107.00	79.00	135.00
19429	291.12	316.00	266.25
19430	208.67	140.17	238.03
19431	542.70	342.17	843.50
19432	171.33	158.00	184.67
19433	187.38	88.20	253.50
19434	73.47	101.70	45.25
19435	171.75	190.67	160.40
19436	571.86	505.50	660.33
19437	48.31	17.32	87.05
19438	117.56	121.40	111.17
19439	106.40	64.14	205.00
19440	102.44	138.97	80.52
19441	105.56	107.38	104.05
19442	216.25	192.28	254.60
19443	101.91	65.00	138.82
19444	309.50	244.00	375.00
19445	232.75	250.33	226.89
19446	151.97	106.70	212.33
19447	136.92	55.52	218.33
19448	137.62	23.60	251.63
19449	173.22	145.04	257.75
19450	394.17	581.67	206.67
19451	130.40	108.08	169.45
19452	552.25	144.33	960.17
19453	489.83	405.00	574.67
19454	52.59	27.08	84.47
19455	168.71	145.25	199.99
19456	918.55	688.00	1110.67
19457	106.87	83.73	130.00
19458	509.29	577.50	418.33
19459	547.67	444.00	651.33
19460	644.75	1055.33	398.40
19461	501.14	666.44	368.90
19462	146.60	129.20	164.00
19463	170.54	70.95	303.33
19464	426.32	555.30	361.83
19465	108.29	122.98	100.13
19466	257.60	285.00	216.50
19467	129.75	145.81	97.63
19468	72.04	56.50	82.40
19469	367.57	274.00	437.75
19470	91.67	101.00	82.33
19471	49.47	33.15	62.54
19472	658.50	454.00	863.00
19473	53.83	86.67	20.99
19474	78.75	79.75	78.30
19475	1621.83	3039.67	204.00
19476	158.00	87.50	200.30
19477	128.78	150.00	86.33
19478	176.71	174.00	189.33
19479	180.86	171.25	193.67
19480	154.28	164.14	141.95
19481	94.91	74.90	121.60
19482	272.00	195.33	348.67
19483	66.59	26.88	86.45
19484	210.80	76.00	268.57
19485	308.80	261.33	356.27
19486	377.38	240.40	605.67
19487	92.22	104.25	86.21
19488	182.00	115.00	249.00
19489	187.33	190.67	184.00
19490	179.81	147.18	240.43
19491	1718.77	2844.65	29.95
19492	220.44	200.00	236.80
19493	101.00	124.00	78.00
19494	989.58	1571.76	407.40
19495	817.73	366.25	1075.71
19496	96.88	139.60	25.67
19497	306.33	284.67	328.00
19498	164.00	146.20	186.25
19499	152.59	250.70	96.53
19500	48.82	44.17	51.32
19501	374.85	488.75	260.95
19502	1559.75	482.67	2206.00
19503	480.33	378.33	582.33
19504	288.47	483.00	171.76
19505	257.83	202.67	313.00
19506	170.12	133.80	230.67
19507	323.41	263.33	383.49
19508	45.83	52.00	37.60
19509	140.27	204.87	116.05
19510	7.37	3.42	12.65
19511	231.50	152.40	261.92
19512	612.44	516.00	689.60
19513	153.73	224.40	118.40
19514	182.12	185.67	180.00
19515	124.44	131.40	115.75
19516	389.27	420.62	353.43
19517	240.29	295.00	199.25
19518	341.43	285.00	383.75
19519	110.80	103.24	120.25
19520	292.40	379.52	179.15
19521	13.69	2.05	25.32
19522	210.92	236.14	175.60
19523	133.83	175.67	92.00
19524	117.28	88.25	146.31
19525	134.88	129.49	149.51
19526	98.39	101.69	93.21
19527	76.24	59.68	98.33
19528	154.86	81.33	210.00
19529	92.82	115.50	79.86
19530	423.56	278.75	539.40
19531	3240.43	5261.25	546.00
19532	304.67	174.67	434.67
19533	298.71	433.75	118.67
19534	122.04	152.15	91.92
19535	2453.51	66.10	3885.96
19536	388.83	437.67	340.00
19537	177.88	230.00	125.75
19538	188.75	169.20	222.97
19539	53.61	25.47	102.85
19540	597.50	467.00	728.00
19541	167.43	180.33	157.75
19542	223.63	134.27	313.00
19543	187.57	285.00	114.50
19544	47.30	83.00	11.60
19545	42.22	35.10	49.35
19546	243.82	265.17	211.81
19547	296.85	203.36	452.67
19548	207.70	195.97	223.33
19549	205.16	176.67	217.37
19550	726.82	625.10	853.98
19551	207.55	76.17	338.93
19552	235.96	178.93	350.00
19553	183.86	181.00	187.67
19554	120.78	117.08	126.06
19555	66.77	51.12	80.18
19556	218.57	165.33	258.50
19557	3.40	5.12	2.54
19558	345.57	466.25	184.67
19559	47.83	36.70	58.96
19560	112.71	115.33	110.75
19561	108.23	130.83	96.93
19562	269.36	125.25	461.50
19563	268.84	260.16	283.71
19564	146.89	142.00	153.00
19565	2185.74	2679.27	1507.12
19566	288.00	208.25	394.33
19567	134.36	137.75	130.97
19568	138.92	146.14	129.30
19569	23.22	22.62	23.82
19570	30.20	36.28	25.13
19571	757.91	633.75	828.86
19572	278.00	262.40	297.50
19573	283.82	375.60	207.34
19574	210.18	159.86	298.25
19575	56.08	58.54	51.99
19576	142.63	151.88	124.15
19577	155.29	170.50	135.00
19578	312.38	235.33	358.60
19579	796.50	934.80	658.20
19580	318.33	292.00	344.67
19581	94.45	44.23	144.67
19582	145.40	99.05	182.48
19583	259.25	107.00	350.60
19584	412.99	111.97	638.75
19585	235.18	238.24	222.92
19586	135.25	148.00	114.00
19587	275.68	348.57	148.12
19588	118.48	143.10	93.87
19589	157.56	141.75	170.20
19590	24.75	50.19	12.03
19591	149.22	168.00	134.20
19592	24.83	14.57	47.92
19593	65.53	78.50	46.07
19594	368.64	376.83	352.27
19595	545.88	321.73	695.32
19596	262.71	371.67	181.00
19597	127.40	177.00	90.20
19598	229.31	226.95	232.25
19599	230.33	207.50	248.60
19600	142.50	117.67	167.33
19601	327.00	414.60	181.00
19602	172.70	168.28	178.00
19603	212.00	216.60	206.25
19604	230.45	81.57	379.33
19605	116.85	187.67	74.36
19606	425.90	178.32	708.86
19607	326.33	213.65	354.50
19608	277.05	216.33	349.90
19609	539.17	489.00	589.33
19610	149.13	193.88	14.89
19611	195.11	247.75	171.72
19612	405.00	430.50	371.00
19613	256.12	112.50	399.75
19614	464.40	289.17	1165.33
19615	1015.08	3067.00	135.69
19616	398.78	806.40	242.00
19617	135.17	115.00	155.33
19618	178.11	130.83	272.66
19619	303.02	346.00	260.04
19620	471.33	276.67	666.00
19621	144.92	168.00	128.43
19622	330.50	335.38	326.27
19623	146.81	100.47	180.51
19624	139.27	138.90	140.50
19625	286.87	438.67	185.67
19626	142.97	180.33	114.95
19627	180.00	121.33	238.67
19628	338.00	428.00	248.00
19629	160.56	172.80	145.25
19630	71.05	54.48	84.30
19631	392.57	452.33	347.75
19632	129.25	82.00	192.24
19633	69.21	58.67	75.54
19634	57.20	75.71	24.80
19635	254.62	201.28	414.67
19636	202.48	42.40	239.42
19637	24.35	42.93	5.77
19638	212.25	220.60	198.33
19639	251.73	323.86	125.50
19640	165.57	158.67	170.75
19641	229.61	216.98	284.33
19642	140.58	181.17	100.00
19643	122.09	65.40	178.78
19644	311.10	168.33	372.29
19645	122.84	98.07	141.41
19646	90.14	98.66	83.75
19647	132.30	142.34	116.41
19648	351.25	475.75	295.92
19649	225.57	84.99	331.00
19650	161.95	138.87	175.80
19651	331.80	260.57	498.00
19652	209.80	83.80	285.40
19653	163.06	169.34	148.92
19654	2487.35	1550.25	3893.00
19655	167.12	148.75	185.50
19656	289.57	383.00	165.00
19657	199.38	193.80	208.67
19658	76.25	87.33	65.17
19659	96.07	202.66	32.12
19660	105.03	92.50	111.30
19661	78.33	111.67	45.00
19662	206.15	172.33	218.08
19663	232.20	265.25	210.17
19664	98.74	76.12	144.00
19665	230.63	110.80	290.54
19666	306.00	170.40	475.50
19667	127.15	51.57	159.54
19668	291.69	558.01	25.37
19669	114.70	157.20	72.20
19670	98.87	111.50	73.60
19671	229.08	234.10	212.33
19672	540.83	555.00	526.65
19673	251.00	227.67	265.00
19674	160.38	132.00	207.67
19675	64.26	73.58	49.36
19676	447.29	886.40	172.85
19677	223.21	272.73	183.60
19678	364.15	196.10	437.68
19679	207.55	159.33	231.66
19680	475.67	413.00	538.33
19681	2265.84	3832.00	1012.92
19682	647.14	560.00	788.75
19683	393.20	253.83	602.25
19684	169.74	166.18	171.36
19685	5406.34	4920.21	5919.47
19686	234.00	241.60	226.40
19687	189.52	210.96	122.53
19688	915.38	762.00	961.40
19689	108.61	65.63	137.26
19690	170.25	107.75	232.75
19691	84.29	91.25	75.00
19692	237.62	254.09	221.15
19693	205.88	226.40	171.67
19694	51.67	62.45	40.90
19695	52.96	23.54	104.45
19696	167.60	295.00	72.05
19697	255.92	319.67	201.29
19698	259.62	236.40	298.33
19699	207.47	189.45	214.68
19700	70.99	84.63	60.75
19701	652.38	741.20	504.33
19702	118.52	59.28	159.53
19703	206.80	193.00	216.00
19704	154.54	144.44	168.00
19705	62.81	101.63	33.70
19706	113.43	107.00	116.65
19707	180.29	221.67	149.25
19708	157.86	138.33	172.50
19709	96.00	48.99	158.67
19710	13.66	22.34	2.80
19711	122.56	101.30	138.50
19712	100.10	103.00	94.87
19713	2807.94	2881.83	2767.64
19714	68.11	162.19	44.59
19715	151.92	155.67	148.17
19716	261.22	319.33	130.47
19717	141.13	144.68	132.25
19718	87.51	56.32	126.50
19719	154.57	124.50	194.67
19720	462.88	648.25	277.50
19721	176.50	202.00	151.00
19722	365.58	371.92	336.00
19723	134.83	159.00	110.67
19724	79.94	97.67	44.50
19725	467.33	404.00	530.67
19726	264.00	424.33	103.67
19727	78.55	95.33	61.77
19728	107.44	79.05	126.37
19729	121.50	198.67	44.33
19730	4230.88	3794.75	4667.00
19731	186.00	155.33	209.00
19732	42.00	45.85	34.30
19733	174.38	234.00	156.50
19734	100.55	81.24	110.21
19735	168.64	179.09	126.83
19736	331.47	279.56	452.60
19737	396.59	391.60	398.67
19738	401.78	513.25	312.60
19739	84.14	61.10	97.31
19740	433.62	447.25	420.00
19741	2496.65	261.33	4731.97
19742	221.45	281.33	131.62
19743	181.18	175.88	186.49
19744	182.50	242.00	123.00
19745	74.71	97.99	57.24
19746	223.38	141.00	272.80
19747	322.17	267.27	358.78
19748	5.20	5.60	4.80
19749	214.69	249.67	206.62
19750	125.20	113.17	143.25
19751	833.00	373.25	1200.80
19752	155.78	112.63	181.68
19753	225.89	213.30	241.62
19754	115.62	78.33	138.00
19755	323.43	364.55	298.75
19756	375.09	240.00	487.67
19757	193.96	194.80	191.25
19758	11406.50	22264.67	548.33
19759	85.19	70.01	134.50
19760	278.25	209.60	392.67
19761	120.27	128.97	108.66
19762	815.12	1096.80	345.67
19763	738.70	278.58	1363.14
19764	221.21	218.50	222.29
19765	167.90	194.41	130.78
19766	105.90	121.00	95.83
19767	161.62	191.00	132.25
19768	75.40	74.95	76.00
19769	122.65	177.33	67.97
19770	114.18	131.65	87.98
19771	112.89	110.25	114.21
19772	601.24	132.30	882.60
19773	243.33	264.00	202.00
19774	94.15	99.73	90.80
19775	165.52	150.72	180.32
19776	293.50	195.33	391.67
19777	215.32	232.30	198.33
19778	203.48	262.00	183.98
19779	188.22	191.33	182.00
19780	312.60	218.80	406.40
19781	213.59	318.33	168.70
19782	189.30	244.66	106.25
19783	115.86	133.50	92.33
19784	140.93	64.00	171.70
19785	135.18	222.08	70.00
19786	265.09	259.00	268.57
19787	117.82	56.39	179.25
19788	597.17	719.00	475.33
19789	507.86	350.33	626.00
19790	433.00	474.62	407.38
19791	290.69	326.00	234.20
19792	233.50	258.33	208.67
19793	110.32	135.00	85.63
19794	103.48	55.63	151.33
19795	151.00	188.33	123.00
19796	145.83	110.13	205.33
19797	188.61	212.48	111.00
19798	163.45	196.25	141.58
19799	504.45	557.14	412.25
19800	165.85	241.29	107.18
19801	76.62	80.00	73.25
19802	287.35	316.67	279.35
19803	147.66	267.67	57.65
19804	242.81	140.96	344.67
19805	174.83	184.67	165.00
19806	601.69	525.33	658.95
19807	205.57	238.75	161.33
19808	907.02	1332.97	268.11
19809	256.46	230.00	273.00
19810	86.00	97.00	78.67
19811	214.87	228.89	208.50
19812	220.62	100.33	292.80
19813	930.00	885.00	952.50
19814	443.59	843.67	203.54
19815	280.18	236.42	313.00
19816	167.54	176.44	147.50
19817	264.67	99.00	430.33
19818	79.00	61.93	87.53
19819	442.00	453.33	430.67
19820	155.24	105.75	167.61
19821	74.35	107.70	41.00
19822	248.50	405.33	91.67
19823	170.17	179.00	161.33
19824	28.13	28.82	27.44
19825	213.67	218.33	209.00
19826	187.22	173.50	198.20
19827	179.33	154.33	204.33
19828	192.06	221.60	162.52
19829	545.12	542.00	547.00
19830	197.70	172.50	235.50
19831	121.64	157.25	93.16
19832	114.05	85.61	170.93
19833	37.85	15.82	103.96
19834	145.50	189.00	102.00
19835	126.26	134.69	106.60
19836	87.66	106.58	68.75
19837	209.35	239.89	154.38
19838	188.09	176.20	198.00
19839	103.73	80.40	119.28
19840	286.86	321.48	252.25
19841	78.78	122.83	43.54
19842	183.75	306.50	61.00
19843	116.56	120.25	113.60
19844	182.37	206.00	158.75
19845	578.50	401.67	684.60
19846	45.59	69.67	31.15
19847	61.23	48.94	81.70
19848	308.41	237.75	348.79
19849	105.77	76.47	127.75
19850	242.52	296.51	134.54
19851	176.50	157.67	195.33
19852	94.31	99.63	88.99
19853	81.92	69.08	103.33
19854	282.48	330.30	234.67
19855	172.62	187.20	148.33
19856	523.81	1046.95	291.31
19857	267.62	151.33	337.40
19858	129.83	131.67	128.00
19859	181.34	150.76	232.30
19860	50.67	35.13	66.20
19861	172.97	97.60	248.33
19862	99.86	104.25	94.00
19863	119.97	55.93	184.00
19864	105.61	129.51	72.16
19865	195.00	236.25	153.75
19866	346.44	583.00	157.20
19867	368.25	558.00	178.50
19868	220.38	237.56	168.83
19869	421.25	250.80	705.33
19870	139.82	106.27	163.30
19871	331.17	585.22	190.03
19872	111.64	102.99	120.29
19873	153.40	152.98	154.67
19874	235.67	254.00	217.33
19875	186.10	256.36	69.00
19876	146.37	240.99	89.60
19877	151.71	122.75	190.33
19878	254.56	295.00	234.33
19879	167.42	398.67	51.80
19880	179.25	157.33	192.40
19881	214.67	101.00	271.50
19882	226.50	204.33	248.67
19883	578.33	833.00	323.67
19884	368.00	346.25	397.00
19885	235.33	272.33	198.33
19886	184.19	218.45	108.80
19887	29.08	25.46	32.70
19888	179.71	245.33	130.50
19889	333.58	222.62	555.50
19890	94.00	103.12	81.83
19891	157.89	96.25	185.29
19892	342.83	349.67	336.00
19893	61.31	46.86	67.50
19894	440.03	52.06	763.33
19895	98.49	74.58	138.33
19896	106.31	71.38	129.60
19897	206.49	194.14	259.99
19898	368.20	110.85	711.33
19899	316.93	348.22	270.00
19900	269.98	71.63	468.33
19901	341.18	531.62	123.53
19902	269.00	243.20	312.00
19903	274.71	232.00	331.67
19904	140.93	154.00	127.87
19905	259.56	225.75	286.60
19906	413.37	404.27	434.38
19907	219.17	140.00	298.33
19908	63.37	10.07	116.67
19909	143.40	128.67	165.50
19910	364.45	418.11	243.70
19911	196.52	238.87	154.17
19912	235.58	227.86	246.40
19913	109.74	113.75	107.96
19914	96.66	123.19	36.98
19915	181.40	128.97	233.83
19916	169.67	130.67	208.67
19917	311.38	283.40	358.00
19918	251.61	265.33	237.89
19919	161.54	91.93	213.75
19920	66.18	43.97	118.00
19921	618.91	835.14	240.50
19922	106.68	129.13	73.00
19923	161.88	131.75	178.62
19924	1136.58	1279.56	969.78
19925	815.25	1376.33	254.17
19926	122.35	119.20	127.60
19927	290.33	375.67	205.00
19928	170.81	58.38	395.67
19929	114.97	177.67	52.27
19930	274.58	412.78	136.38
19931	115.56	82.50	142.00
19932	206.00	281.33	149.50
19933	424.64	336.62	542.00
19934	331.15	352.50	309.80
19935	135.29	142.00	130.25
19936	236.29	135.50	308.29
19937	475.00	668.80	152.00
19938	102.20	77.67	116.92
19939	225.50	214.73	265.00
19940	268.83	155.67	382.00
19941	260.75	245.00	270.20
19942	205.45	205.50	205.33
19943	164.82	137.00	213.50
19944	280.63	323.62	194.67
19945	951.67	177.67	1725.67
19946	174.21	95.17	233.50
19947	395.33	402.00	388.67
19948	48.63	68.00	29.27
19949	111.32	113.33	110.32
19950	277.64	96.83	413.25
19951	294.81	132.17	392.40
19952	149.65	281.93	17.37
19953	192.17	220.00	157.38
19954	150.72	122.96	197.00
19955	363.56	273.97	632.33
19956	88.84	97.25	85.48
19957	166.16	166.22	166.10
19958	410.50	227.75	593.25
19959	216.66	245.27	204.40
19960	237.33	36.75	397.80
19961	174.16	142.85	246.19
19962	445.33	484.80	417.14
19963	302.64	108.10	497.18
19964	370.12	464.67	313.40
19965	167.47	235.33	99.60
19966	159.94	200.82	147.68
19967	142.37	183.00	88.20
19968	155.91	205.92	89.23
19969	350.29	362.00	334.67
19970	318.78	358.83	238.67
19971	328.62	342.00	284.00
19972	106.44	95.33	128.66
19973	262.25	320.25	204.25
19974	1052.66	2536.43	187.13
19975	339.00	200.67	422.00
19976	141.67	303.27	44.72
19977	469.33	376.00	544.00
19978	710.00	695.36	727.07
19979	72.53	61.80	94.00
19980	476.33	407.33	545.33
19981	187.50	227.75	147.25
19982	305.56	351.00	276.64
19983	400.00	308.00	492.00
19984	269.91	311.29	197.50
19985	274.37	133.20	415.53
19986	126.77	126.47	127.16
19987	392.83	422.67	363.00
19988	244.33	301.25	198.80
19989	467.55	445.83	493.60
19990	229.55	180.59	303.00
19991	231.86	301.67	179.50
19992	1011.29	212.67	1610.26
19993	41.83	26.87	49.31
19994	847.29	858.50	832.33
19995	201.14	201.00	201.33
19996	246.00	218.33	273.67
19997	353.14	328.75	385.67
19998	193.87	134.00	253.75
19999	445.50	377.50	479.50
20000	146.58	120.97	191.40
20001	139.29	120.25	164.67
20002	272.66	596.27	78.50
20003	101.81	160.33	43.28
20004	135.44	131.67	136.86
20005	209.19	220.80	194.67
20006	320.38	650.33	122.40
20007	201.29	213.25	185.33
20008	328.72	724.00	159.31
20009	48.94	53.70	42.60
20010	438.17	402.00	474.33
20011	158.36	152.00	162.00
20012	75.25	64.24	84.43
20013	99.00	142.00	66.75
20014	169.58	195.97	143.19
20015	257.10	215.60	298.60
20016	225.00	171.67	278.33
20017	85.14	44.33	115.75
20018	383.43	791.67	77.25
20019	63.84	80.47	41.67
20020	105.14	49.33	147.00
20021	360.83	398.67	323.00
20022	116.83	165.67	80.20
20023	262.57	202.36	305.57
20024	314.64	337.40	302.00
20025	163.68	95.90	231.47
20026	236.05	200.50	244.94
20027	69.83	99.00	40.67
20028	102.00	94.00	110.00
20029	113.09	131.17	76.93
20030	40.94	40.62	41.60
20031	265.50	27.33	503.67
20032	287.00	108.25	525.33
20033	276.20	262.20	290.20
20034	278.33	294.00	262.67
20035	719.93	1291.43	148.43
20036	1086.36	2265.75	412.43
20037	257.33	269.33	245.33
20038	184.44	142.33	268.67
20039	446.88	602.20	188.00
20040	120.24	135.20	95.30
20041	151.93	128.36	222.66
20042	765.50	708.33	808.38
20043	637.49	986.85	224.62
20044	1310.60	1195.67	1359.86
20045	35.79	60.82	10.77
20046	2549.64	3027.75	2276.43
20047	159.67	166.40	151.25
20048	705.29	450.50	1045.00
20049	129.31	217.67	40.95
20050	123.83	60.93	171.00
20051	176.59	19.23	271.00
20052	39.19	41.21	35.96
20053	193.17	108.67	277.67
20054	383.18	504.52	231.50
20055	578.67	669.00	398.00
20056	264.88	206.00	323.75
20057	110.82	148.00	73.63
20058	97.35	73.97	120.72
20059	79.52	98.67	69.95
20060	266.00	354.67	199.50
20061	568.00	557.67	578.33
20062	85.66	108.25	67.58
20063	970.00	865.67	1048.25
20064	291.21	228.18	370.00
20065	51.17	32.60	65.10
20066	259.98	329.86	96.93
20067	324.62	268.40	418.33
20068	189.80	313.00	137.00
20069	127.57	124.67	132.80
20070	103.25	92.25	132.60
20071	103.75	86.33	114.20
20072	174.01	205.18	151.75
20073	1332.36	278.78	3088.33
20074	202.49	164.00	231.36
20075	15.38	12.60	18.17
20076	93.87	98.32	87.20
20077	42.83	65.93	36.53
20078	630.00	1213.33	46.67
20079	89.41	121.67	65.21
20080	1486.67	213.48	3608.67
20081	157.10	132.56	198.00
20082	231.33	111.00	351.67
20083	53.31	35.65	70.97
20084	179.51	138.78	213.45
20085	741.00	455.00	969.80
20086	383.92	740.00	161.38
20087	214.59	308.78	57.60
20088	136.98	208.00	65.97
20089	228.67	181.83	256.78
20090	311.12	196.00	426.25
20091	102.85	168.33	63.56
20092	29.27	33.33	25.20
20093	93.25	48.80	167.33
20094	478.50	202.00	644.40
20095	151.75	132.00	184.67
20096	184.89	184.60	185.25
20097	411.49	476.53	377.26
20098	181.03	78.50	351.90
20099	315.84	182.93	419.22
20100	369.50	455.00	284.00
20101	313.12	289.21	404.00
20102	75.57	95.67	45.43
20103	153.69	158.09	145.62
20104	327.09	351.43	308.85
20105	260.47	143.67	330.55
20106	487.37	744.67	294.40
20107	85.36	115.71	42.86
20108	102.28	60.53	127.32
20109	174.50	128.67	220.33
20110	1239.14	3461.33	128.05
20111	609.93	603.52	616.33
20112	297.29	250.00	332.75
20113	74.70	100.51	41.51
20114	175.88	127.62	218.78
20115	352.00	397.33	318.00
20116	229.67	104.33	355.00
20117	112.66	107.60	116.45
20118	341.00	148.67	533.33
20119	401.29	284.67	488.75
20120	387.00	516.80	322.10
20121	253.46	252.09	256.55
20122	68.69	42.52	111.53
20123	707.00	162.33	979.33
20124	81.67	78.67	84.67
20125	157.14	131.75	191.00
20126	441.21	576.00	387.30
20127	83.73	122.87	44.60
20128	61.40	60.33	62.06
20129	226.57	203.20	246.04
20130	138.13	134.00	142.27
20131	9.28	9.50	9.00
20132	451.33	323.33	579.33
20133	241.83	121.33	362.33
20134	154.10	231.53	96.03
20135	307.22	316.75	299.60
20136	258.99	345.00	233.19
20137	244.17	193.00	295.33
20138	131.01	105.35	156.67
20139	152.89	152.00	153.31
20140	155.64	225.67	120.63
20141	97.69	76.88	118.50
20142	67.67	130.90	41.32
20143	264.83	268.33	261.33
20144	42.32	70.33	14.30
20145	189.83	215.33	164.33
20146	124.99	138.33	116.98
20147	167.72	320.30	15.13
20148	144.08	41.93	171.94
20149	242.35	54.60	355.00
20150	226.22	235.75	218.60
20151	279.89	179.25	360.40
20152	291.45	184.50	398.40
20153	171.50	186.60	156.40
20154	99.64	86.87	109.22
20155	478.22	586.50	261.67
20156	136.16	70.57	175.52
20157	163.69	75.97	187.62
20158	184.18	168.75	193.00
20159	269.18	200.67	351.40
20160	154.48	194.33	114.63
20161	194.37	214.42	149.25
20162	127.50	133.10	120.50
20163	208.11	180.47	235.75
20164	117.14	112.67	120.50
20165	602.67	568.33	637.00
20166	162.00	151.33	172.67
20167	116.03	167.17	54.68
20168	475.60	497.00	466.43
20169	99.73	55.82	129.00
20170	154.05	55.90	252.20
20171	81.75	65.80	108.33
20172	290.10	395.00	227.16
20173	162.38	229.67	122.00
20174	223.30	185.00	239.71
20175	167.30	250.48	95.99
20176	389.36	342.00	473.56
20177	609.00	795.00	497.40
20178	223.75	187.25	260.25
20179	238.88	388.67	149.00
20180	290.78	302.47	250.71
20181	128.29	129.33	127.25
20182	357.83	390.67	325.00
20183	48.31	32.89	84.29
20184	329.98	202.50	431.96
20185	358.62	222.00	440.60
20186	216.76	237.00	176.29
20187	99.18	100.17	98.19
20188	281.80	257.80	305.80
20189	191.49	230.18	127.00
20190	229.83	308.00	151.67
20191	233.67	321.83	57.33
20192	323.73	601.00	46.45
20193	347.29	304.50	404.33
20194	377.57	117.00	725.00
20195	331.67	338.40	323.25
20196	19.12	17.23	21.00
20197	143.45	150.80	131.20
20198	155.48	68.63	242.33
20199	237.00	102.00	372.00
20200	159.43	225.00	110.25
20201	2462.81	2698.00	2355.91
20202	2918.43	5026.50	107.67
20203	28.92	28.20	29.36
20204	172.75	155.66	189.85
20205	165.78	235.00	96.57
20206	122.91	42.76	171.00
20207	115.63	130.67	100.60
20208	370.81	444.50	248.00
20209	106.30	113.60	99.00
20210	275.33	295.00	255.67
20211	322.00	229.00	415.00
20212	231.28	207.52	244.48
20213	193.49	171.75	204.36
20214	329.91	189.43	395.47
20215	1565.40	2362.00	1087.44
20216	391.00	351.33	405.88
20217	866.06	446.34	1038.88
20218	73.66	62.33	85.00
20219	224.97	162.50	287.44
20220	224.79	265.60	194.19
20221	404.15	468.90	188.33
20222	1536.67	175.37	2557.65
20223	185.71	209.22	176.30
20224	288.64	294.50	285.29
20225	235.16	221.38	238.60
20226	367.96	92.50	643.43
20227	257.67	335.33	231.78
20228	375.14	431.00	300.67
20229	497.00	776.67	217.33
20230	100.70	128.67	72.73
20231	191.00	156.17	260.67
20232	209.00	160.50	257.50
20233	275.00	191.33	358.67
20234	294.25	340.25	248.25
20235	136.93	68.83	177.78
20236	144.26	175.95	102.00
20237	429.61	119.18	556.08
20238	134.48	108.80	173.00
20239	170.86	214.67	138.00
20240	266.29	280.67	255.50
20241	1161.26	95.93	1960.25
20242	204.94	204.35	205.73
20243	116.67	76.96	209.33
20244	235.75	253.50	218.00
20245	339.11	350.00	325.50
20246	657.50	518.00	797.00
20247	298.40	261.67	325.94
20248	213.00	207.00	221.00
20249	401.50	295.00	508.00
20250	139.65	181.67	97.63
20251	138.27	59.17	197.60
20252	201.75	228.67	185.60
20253	157.79	277.00	38.58
20254	297.00	283.33	310.67
20255	111.66	141.00	88.20
20256	189.25	202.50	183.95
20257	784.71	332.67	1123.75
20258	236.17	255.00	217.33
20259	39.25	25.20	62.67
20260	268.53	293.78	240.12
20261	135.42	141.63	123.00
20262	1226.83	1316.67	1137.00
20263	54.35	52.23	54.98
20264	48.99	10.37	77.96
20265	409.17	430.33	388.00
20266	82.42	64.50	100.33
20267	251.33	392.33	110.33
20268	396.25	329.00	463.50
20269	113.32	100.00	126.63
20270	242.17	299.00	185.33
20271	131.14	133.25	128.33
20272	105.13	154.88	65.34
20273	511.17	114.67	907.67
20274	359.35	274.65	461.00
20275	66.31	53.99	83.55
20276	56.52	11.20	82.41
20277	168.25	184.67	158.40
20278	106.29	100.25	114.33
20279	689.50	708.00	658.67
20280	399.83	335.33	464.33
20281	263.57	63.00	414.00
20282	215.40	200.25	235.60
20283	191.16	181.85	198.60
20284	43.68	35.74	47.65
20285	155.86	184.00	134.75
20286	130.00	181.50	61.33
20287	566.00	407.50	645.25
20288	3992.92	4157.33	3852.00
20289	212.57	217.67	208.75
20290	95.62	98.60	92.63
20291	137.45	174.27	130.55
20292	112.06	100.00	119.30
20293	128.75	148.62	95.63
20294	89.06	141.72	46.92
20295	15.54	24.00	10.46
20296	4.67	4.83	4.52
20297	154.25	188.33	133.80
20298	146.34	121.84	179.00
20299	147.29	132.67	158.25
20300	123.06	117.35	130.67
20301	372.71	300.00	469.67
20302	408.56	218.00	653.57
20303	187.08	278.85	118.25
20304	166.92	174.19	147.30
20305	294.06	256.67	310.08
20306	253.70	208.00	273.29
20307	86.61	73.35	99.88
20308	413.83	335.67	492.00
20309	284.67	182.25	366.60
20310	123.15	165.83	71.93
20311	257.00	238.33	268.20
20312	496.25	458.83	518.70
20313	92.70	96.20	89.20
20314	41.78	61.12	27.27
20315	101.44	52.33	126.00
20316	529.42	664.88	258.50
20317	597.94	795.00	440.30
20318	241.93	220.67	257.88
20319	233.95	193.67	251.21
20320	35.57	55.35	21.07
20321	396.17	578.67	213.67
20322	251.63	436.38	20.68
20323	214.60	210.20	219.00
20324	64.97	69.97	61.23
20325	185.57	138.41	311.33
20326	86.17	117.30	62.82
20327	131.00	109.20	167.33
20328	168.36	170.00	167.12
20329	400.17	349.33	451.00
20330	384.35	340.47	453.83
20331	168.31	160.45	174.60
20332	84.33	76.67	91.99
20333	579.89	681.00	512.48
20334	259.29	251.48	271.00
20335	163.93	95.87	232.00
20336	75.00	123.39	10.47
20337	161.00	270.75	98.28
20338	236.74	189.00	271.45
20339	238.15	221.00	255.30
20340	34.63	41.72	15.73
20341	1393.20	1072.00	1607.33
20342	277.43	438.00	157.00
20343	87.98	52.63	103.13
20344	238.45	246.00	232.17
20345	150.98	167.33	134.63
20346	289.00	339.00	239.00
20347	87.74	120.10	55.38
20348	559.14	597.67	530.25
20349	105.25	122.80	76.00
20350	369.88	364.67	370.59
20351	217.22	228.75	208.00
20352	272.50	170.33	374.67
20353	299.11	288.75	307.40
20354	275.88	305.88	249.22
20355	352.33	381.67	337.67
20356	206.91	323.33	163.25
20357	143.68	88.41	179.21
20358	77.29	73.00	83.00
20359	724.14	864.00	537.67
20360	25.14	59.33	4.63
20361	212.08	163.50	260.67
20362	157.29	186.00	135.75
20363	200.80	128.33	237.03
20364	527.92	374.40	623.88
20365	124.50	161.33	87.67
20366	434.00	403.00	452.60
20367	294.17	178.33	410.00
20368	147.00	167.67	137.46
20369	355.61	377.30	342.60
20370	147.15	61.00	233.30
20371	187.59	65.93	248.42
20372	129.32	185.00	73.63
20373	77.05	95.91	39.35
20374	309.00	285.33	332.67
20375	829.87	591.47	1306.67
20376	359.00	416.67	315.75
20377	227.57	219.67	233.50
20378	281.70	296.00	260.25
20379	107.05	190.30	23.80
20380	209.50	158.00	261.00
20381	468.56	480.17	445.33
20382	680.50	102.10	873.30
20383	244.20	238.50	248.00
20384	343.00	231.33	454.67
20385	393.54	336.83	442.14
20386	169.69	359.00	75.03
20387	180.61	134.47	226.75
20388	450.86	469.00	437.25
20389	223.23	214.67	230.57
20390	78.80	95.63	66.17
20391	1797.17	1141.33	2453.00
20392	281.53	372.00	224.99
20393	237.66	429.33	141.83
20394	183.50	108.33	258.67
20395	186.87	144.00	208.30
20396	626.50	1323.00	208.60
20397	268.71	298.75	228.67
20398	369.71	344.67	388.50
20399	181.29	130.50	249.00
20400	11.16	11.79	10.53
20401	99.14	116.29	41.96
20402	350.71	165.00	490.00
20403	345.33	518.33	172.33
20404	172.83	150.67	195.00
20405	1138.62	236.00	1680.20
20406	428.67	432.33	425.00
20407	203.04	59.18	298.95
20408	405.00	521.00	312.20
20409	17.53	17.03	17.90
20410	142.67	182.67	102.67
20411	227.13	284.67	183.97
20412	252.14	253.67	251.00
20413	6.93	8.58	6.17
20414	230.35	203.50	254.22
20415	353.86	272.67	414.75
20416	156.50	191.67	121.33
20417	301.98	228.57	448.80
20418	1064.67	2015.33	114.00
20419	294.99	362.75	204.63
20420	2392.39	1838.00	2725.02
20421	457.20	319.33	664.00
20422	73.07	107.56	51.51
20423	350.33	343.75	355.60
20424	503.75	311.00	619.40
20425	726.86	765.00	698.25
20426	111.22	138.00	97.83
20427	144.83	141.33	148.33
20428	670.39	212.30	1013.95
20429	1189.22	353.83	2860.00
20430	147.58	118.58	182.38
20431	372.57	317.43	427.71
20432	325.67	328.30	323.04
20433	51.07	44.63	57.50
20434	187.59	115.92	273.60
20435	1417.97	1511.33	1361.96
20436	109.00	126.50	85.67
20437	1173.58	2238.00	109.15
20438	147.12	155.00	134.00
20439	1650.30	3001.93	298.67
20440	2330.14	2558.67	2158.75
20441	63.90	47.70	72.00
20442	360.22	613.00	158.00
20443	150.10	49.25	217.33
20444	237.08	283.00	191.16
20445	332.89	252.00	373.33
20446	449.83	478.33	421.33
20447	349.00	329.25	368.75
20448	2207.50	2958.33	1456.67
20449	557.56	288.25	665.29
20450	40.60	49.57	31.63
20451	150.83	166.33	135.33
20452	110.33	121.33	99.33
20453	194.10	239.50	163.83
20454	278.43	281.25	274.67
20455	195.00	122.00	268.00
20456	280.43	295.25	260.67
20457	785.86	811.75	751.33
20458	389.83	404.00	375.67
20459	1312.75	2430.50	195.00
20460	196.92	266.00	147.57
20461	178.83	213.00	144.67
20462	145.06	191.67	131.08
20463	302.10	421.67	250.86
20464	84.13	68.33	95.97
20465	145.40	153.38	138.31
20466	265.00	330.67	215.75
20467	219.64	222.33	218.62
20468	138.60	194.00	101.67
20469	262.50	201.25	323.75
20470	325.27	254.83	372.22
20471	176.67	215.33	138.00
20472	160.13	208.03	112.23
20473	14.43	1.46	37.14
20474	160.50	122.99	198.00
20475	701.86	1246.00	293.75
20476	188.85	140.60	217.80
20477	174.54	111.68	205.97
20478	139.19	224.45	75.24
20479	389.33	346.00	432.67
20480	120.92	41.33	168.68
20481	206.44	99.00	229.46
20482	487.33	550.33	235.33
20483	151.08	146.29	157.80
20484	154.72	139.20	167.65
20485	182.12	204.66	165.22
20486	499.44	329.75	635.20
20487	186.71	169.33	190.72
20488	80.01	146.75	26.62
20489	377.47	371.19	400.50
20490	169.17	273.67	64.67
20491	291.86	368.00	234.75
20492	155.00	186.00	124.00
20493	510.13	745.00	275.27
20494	179.88	186.33	176.00
20495	91.16	79.13	124.85
20496	220.58	227.50	217.12
20497	1452.33	1222.33	1682.33
20498	225.00	201.67	248.33
20499	973.62	407.60	1185.88
20500	197.00	128.33	248.50
20501	3561.17	3824.00	3331.19
20502	64.45	111.33	36.32
20503	207.60	293.70	121.50
20504	360.00	477.00	266.40
20505	264.37	219.30	286.90
20506	235.67	210.67	260.67
20507	35.94	32.23	37.33
20508	279.57	217.25	304.50
20509	181.98	150.80	220.95
20510	142.84	91.67	181.22
20511	311.00	374.40	231.75
20512	148.81	83.26	258.07
20513	501.90	619.50	325.50
20514	1036.00	286.00	2036.00
20515	178.00	210.33	145.66
20516	121.04	122.60	114.27
20517	11.14	10.27	11.66
20518	447.00	438.25	458.67
20519	370.09	397.62	296.67
20520	408.81	508.90	308.73
20521	82.01	87.23	66.33
20522	228.61	166.08	312.00
20523	269.93	256.00	273.42
20524	539.91	212.00	727.29
20525	62.76	59.23	67.47
20526	213.75	224.20	207.22
20527	1345.92	1374.60	1326.80
20528	329.31	342.00	321.38
20529	389.38	257.33	468.60
20530	597.83	337.67	858.00
20531	84.72	77.60	86.86
20532	123.39	114.67	129.93
20533	270.87	184.33	322.80
20534	93.36	32.57	138.95
20535	33.93	14.53	48.47
20536	148.15	138.89	160.88
20537	267.33	264.33	270.33
20538	229.72	222.08	245.00
20539	167.35	173.97	165.70
20540	5.61	9.83	2.44
20541	111.02	44.72	150.80
20542	162.92	162.00	163.20
20543	124.58	86.41	178.00
20544	56.71	69.40	46.56
20545	1327.71	1597.50	968.00
20546	258.10	201.14	391.00
20547	136.33	174.00	98.67
20548	79.99	107.43	63.52
20549	156.93	146.40	162.78
20550	138.97	166.64	76.70
20551	507.95	614.00	401.91
20552	152.25	130.16	174.33
20553	227.38	150.77	304.00
20554	146.83	99.00	194.67
20555	150.83	195.00	139.78
20556	116.83	133.00	104.70
20557	65.18	46.30	84.07
20558	190.47	224.27	156.67
20559	20.66	23.63	18.43
20560	380.33	387.67	373.00
20561	296.36	132.29	460.43
20562	243.29	317.67	187.50
20563	172.88	361.67	116.24
20564	251.75	288.33	229.80
20565	62.23	45.27	74.95
20566	336.33	404.60	251.00
20567	413.80	241.33	487.71
20568	120.82	119.20	121.41
20569	73.77	101.99	59.66
20570	34.87	48.18	25.37
20571	243.81	146.93	316.48
20572	304.00	393.67	250.20
20573	121.24	169.50	97.11
20574	148.83	273.00	124.00
