original_user_id	new_user_id
514836	0
631022	1
756736	2
570922	3
339793	4
243841	5
1121861	6
1004483	7
59512	8
544338	9
248674	10
879277	11
481852	12
1009203	13
911393	14
232439	15
309192	16
6771	17
220768	18
1037800	19
461307	20
385725	21
144069	22
634294	23
277639	24
6445	25
131041	26
662106	27
74030	28
888626	29
610332	30
544779	31
1002328	32
62248	33
902627	34
121369	35
910214	36
1118448	37
101229	38
453915	39
952789	40
678479	41
686654	42
474385	43
917538	44
810085	45
893841	46
34990	47
319814	48
627237	49
1097680	50
712216	51
476117	52
524188	53
631399	54
859194	55
409104	56
381975	57
705328	58
606668	59
744546	60
636887	61
549015	62
437009	63
84004	64
148074	65
524206	66
373770	67
629846	68
551880	69
135786	70
577577	71
520161	72
315312	73
404895	74
854712	75
406268	76
384499	77
313860	78
525754	79
33082	80
167379	81
883699	82
713154	83
214278	84
378732	85
553242	86
252271	87
353061	88
830645	89
64035	90
308838	91
163518	92
464294	93
781832	94
426661	95
1055452	96
922721	97
145912	98
992543	99
142793	100
728105	101
205528	102
1098001	103
301604	104
723851	105
229614	106
130516	107
260432	108
220002	109
923299	110
760020	111
429503	112
210561	113
549241	114
1045466	115
840329	116
536083	117
911600	118
253081	119
908028	120
1099321	121
313969	122
165764	123
764680	124
1103408	125
1125166	126
862369	127
394196	128
238230	129
190353	130
457166	131
692869	132
738923	133
127772	134
99822	135
1107008	136
318125	137
718901	138
1014611	139
3277	140
909118	141
468635	142
480779	143
416376	144
614007	145
8004	146
316933	147
800556	148
17940	149
274879	150
173295	151
375011	152
381951	153
730617	154
1130748	155
576968	156
96793	157
1141341	158
657154	159
934036	160
1026199	161
552922	162
246232	163
152106	164
474523	165
55604	166
616584	167
168637	168
966374	169
984225	170
827233	171
776833	172
502806	173
311857	174
411967	175
67779	176
871668	177
327945	178
570434	179
878677	180
1093325	181
543003	182
320429	183
1011802	184
514934	185
109951	186
859637	187
2282	188
1110499	189
1079538	190
318440	191
609876	192
407886	193
654526	194
83692	195
19169	196
288827	197
12606	198
742567	199
400497	200
573199	201
1081033	202
637363	203
457916	204
61036	205
208635	206
940718	207
210454	208
501662	209
327288	210
669595	211
605144	212
253876	213
996805	214
828483	215
425110	216
34180	217
678535	218
663350	219
953489	220
1102028	221
568870	222
61526	223
551463	224
218882	225
1097569	226
456966	227
782462	228
399466	229
10025	230
875354	231
865558	232
494196	233
366302	234
390295	235
284898	236
631446	237
513234	238
115524	239
1130006	240
686003	241
681911	242
511589	243
262645	244
132032	245
341794	246
56098	247
1026427	248
303434	249
857629	250
977121	251
1097869	252
206169	253
754518	254
513053	255
96900	256
1002667	257
635988	258
117978	259
492921	260
826402	261
38731	262
885927	263
682039	264
217843	265
996756	266
516338	267
888653	268
523185	269
201862	270
660913	271
14767	272
978940	273
773882	274
1070566	275
728953	276
321183	277
901692	278
676624	279
805233	280
236734	281
1112319	282
250124	283
27912	284
1118335	285
708780	286
860499	287
729277	288
323309	289
587526	290
736202	291
695597	292
358209	293
650177	294
81748	295
485324	296
394696	297
365224	298
358195	299
138113	300
330298	301
589717	302
736498	303
98117	304
613580	305
619519	306
134419	307
458523	308
1054185	309
514196	310
312658	311
255915	312
1046168	313
1036854	314
774769	315
393024	316
927293	317
59247	318
309928	319
27051	320
1139692	321
385100	322
528875	323
349038	324
1112845	325
180208	326
862993	327
1007028	328
899538	329
494762	330
617187	331
870157	332
686120	333
612982	334
1029362	335
267872	336
545384	337
347150	338
1112705	339
937671	340
240478	341
816971	342
509575	343
191229	344
167096	345
753534	346
80466	347
450932	348
1099358	349
418048	350
441834	351
654188	352
1126421	353
931338	354
471405	355
649508	356
368621	357
224727	358
58934	359
969585	360
850761	361
431107	362
28878	363
237947	364
855971	365
574625	366
232149	367
537651	368
99687	369
210020	370
996877	371
694403	372
1023579	373
435339	374
876991	375
297191	376
366667	377
255853	378
222006	379
1008591	380
825786	381
880211	382
449957	383
905322	384
294547	385
1139773	386
43455	387
908710	388
217392	389
1110232	390
236062	391
23396	392
667152	393
659327	394
1088552	395
454566	396
109760	397
333330	398
551997	399
90709	400
218007	401
249257	402
994371	403
904902	404
797106	405
1112399	406
719615	407
278113	408
843152	409
586089	410
416780	411
295595	412
834286	413
682149	414
507386	415
325880	416
750995	417
198698	418
885408	419
623431	420
146547	421
630996	422
11120	423
679036	424
1080417	425
1061495	426
30796	427
814931	428
799185	429
703486	430
900351	431
989674	432
17760	433
21982	434
607183	435
9646	436
783200	437
28012	438
278675	439
783818	440
480754	441
291636	442
914695	443
685739	444
415343	445
302740	446
593601	447
698582	448
1125508	449
831346	450
782354	451
345133	452
173927	453
570447	454
301749	455
364	456
854029	457
1136515	458
618235	459
154020	460
566889	461
27213	462
463775	463
555849	464
908249	465
170333	466
1131762	467
422585	468
563622	469
1050043	470
965821	471
158945	472
465330	473
530562	474
465221	475
529671	476
249139	477
1071966	478
568671	479
748009	480
355533	481
670372	482
503676	483
414419	484
721697	485
602460	486
380258	487
33476	488
524145	489
764544	490
867716	491
229280	492
225139	493
431573	494
684609	495
865155	496
813380	497
357878	498
283896	499
522892	500
166825	501
155356	502
887143	503
816321	504
664961	505
331194	506
603422	507
384599	508
250023	509
1134731	510
630134	511
763864	512
235872	513
245508	514
718421	515
1030548	516
884505	517
272944	518
240988	519
859001	520
319746	521
870618	522
16828	523
139769	524
127026	525
1009067	526
1049129	527
625548	528
954826	529
552314	530
512423	531
869267	532
328492	533
367917	534
1011017	535
474968	536
757979	537
794152	538
1072816	539
236445	540
26029	541
57960	542
1024260	543
364982	544
41984	545
588551	546
82281	547
984655	548
356903	549
105145	550
535318	551
734808	552
117321	553
8264	554
747529	555
730233	556
20883	557
332668	558
422159	559
32270	560
20408	561
774011	562
591068	563
1116526	564
272355	565
508514	566
493827	567
465209	568
173706	569
517235	570
535708	571
54553	572
928284	573
555021	574
238601	575
230680	576
101075	577
438220	578
938615	579
465333	580
993603	581
333398	582
595067	583
146875	584
336589	585
1008932	586
765463	587
986407	588
77442	589
544263	590
860905	591
502941	592
840453	593
94034	594
656796	595
28434	596
159719	597
290174	598
345508	599
1016208	600
264187	601
960882	602
695954	603
494697	604
797923	605
352646	606
905120	607
987590	608
190848	609
1010132	610
181634	611
1014038	612
520311	613
43411	614
848018	615
144070	616
970094	617
1039968	618
288692	619
464765	620
890030	621
208612	622
220152	623
469793	624
962847	625
406723	626
1080034	627
909462	628
485532	629
52840	630
212174	631
656337	632
331285	633
988400	634
333220	635
506751	636
788982	637
485754	638
210364	639
163893	640
655735	641
256829	642
208237	643
1033971	644
691895	645
1073357	646
1064335	647
318857	648
708383	649
326292	650
614266	651
701448	652
1015491	653
139088	654
723853	655
637299	656
950680	657
1001429	658
375018	659
1003620	660
214544	661
373309	662
391917	663
795778	664
490430	665
228979	666
1052487	667
1013962	668
768533	669
407939	670
40110	671
945014	672
29583	673
956792	674
783516	675
917528	676
409845	677
66784	678
88822	679
1018958	680
254566	681
623899	682
1140871	683
237141	684
834085	685
1004568	686
727363	687
394765	688
182710	689
268042	690
95213	691
544348	692
561997	693
1069909	694
702860	695
1073345	696
1065473	697
836532	698
621535	699
598784	700
405303	701
245748	702
554700	703
167572	704
495896	705
300751	706
1010344	707
102078	708
693413	709
1096627	710
1011015	711
849944	712
422201	713
804074	714
782331	715
815519	716
51238	717
754979	718
235463	719
917166	720
734547	721
591566	722
900559	723
15656	724
16177	725
405786	726
1059362	727
816794	728
1055748	729
1053451	730
473509	731
164602	732
811685	733
198947	734
772520	735
712717	736
743041	737
442645	738
107992	739
229081	740
1087954	741
404586	742
1045439	743
181478	744
717241	745
290473	746
494052	747
908151	748
670957	749
1034473	750
714827	751
842383	752
117251	753
825880	754
846478	755
765037	756
932590	757
937174	758
5619	759
778494	760
557812	761
264850	762
530864	763
205565	764
642254	765
34295	766
234905	767
208496	768
423755	769
348667	770
325919	771
624307	772
541722	773
136422	774
901742	775
210232	776
740066	777
216849	778
769486	779
1130821	780
337812	781
184734	782
782399	783
658764	784
134288	785
861037	786
315223	787
89594	788
272771	789
611021	790
836471	791
701184	792
990472	793
979474	794
280685	795
812920	796
827241	797
817545	798
522820	799
397608	800
378063	801
56237	802
386881	803
770780	804
426127	805
38178	806
907902	807
311238	808
920888	809
830365	810
19751	811
579387	812
200077	813
30987	814
48409	815
1070078	816
292228	817
797463	818
829334	819
859219	820
1100495	821
481644	822
101874	823
1001656	824
895440	825
416023	826
318425	827
772390	828
1085013	829
613919	830
1057627	831
532900	832
967594	833
232890	834
53849	835
970569	836
658044	837
750064	838
398082	839
712653	840
745367	841
877845	842
357121	843
754203	844
613254	845
398971	846
882085	847
444954	848
113876	849
567213	850
107483	851
246408	852
637447	853
1071790	854
705638	855
252990	856
716194	857
939612	858
1002813	859
442478	860
955378	861
224705	862
12544	863
549010	864
791279	865
1038075	866
826956	867
59460	868
752714	869
979674	870
435408	871
533998	872
10103	873
660169	874
822245	875
121294	876
392491	877
169334	878
589343	879
429405	880
933143	881
569310	882
222506	883
1028191	884
1064494	885
366579	886
218160	887
574613	888
637361	889
482752	890
904394	891
802319	892
311721	893
234571	894
929999	895
857380	896
138219	897
112650	898
236496	899
1080670	900
255628	901
551787	902
782457	903
1131903	904
806616	905
57796	906
1066005	907
765690	908
665523	909
855444	910
695132	911
975203	912
908696	913
58758	914
520900	915
89223	916
172910	917
1123033	918
57579	919
367305	920
1011276	921
388413	922
1031737	923
992196	924
447879	925
836364	926
242757	927
234188	928
493213	929
1084593	930
225125	931
377211	932
598858	933
140860	934
638543	935
433012	936
800986	937
314873	938
899620	939
1102279	940
68522	941
458585	942
455227	943
791764	944
36066	945
424057	946
34915	947
52389	948
858551	949
700045	950
143706	951
296400	952
431988	953
1091241	954
539404	955
871740	956
117409	957
1132973	958
616677	959
374666	960
281673	961
260660	962
826170	963
648749	964
530587	965
1026997	966
605930	967
387456	968
885076	969
504789	970
122485	971
1061503	972
549634	973
920795	974
157022	975
192388	976
268564	977
314477	978
833894	979
878601	980
1023991	981
56639	982
222809	983
791337	984
878767	985
271138	986
370522	987
687168	988
598469	989
402291	990
54548	991
993265	992
1024700	993
734676	994
208449	995
732035	996
915467	997
180315	998
33551	999
910845	1000
598528	1001
587241	1002
747010	1003
36348	1004
848207	1005
797308	1006
766523	1007
766215	1008
895688	1009
403125	1010
192371	1011
23880	1012
1087705	1013
53466	1014
1127168	1015
352291	1016
392487	1017
578528	1018
694442	1019
721607	1020
1081236	1021
83974	1022
277625	1023
1018144	1024
870129	1025
203440	1026
198870	1027
776786	1028
218786	1029
997198	1030
527920	1031
1014321	1032
760845	1033
405572	1034
23542	1035
1126504	1036
69899	1037
941724	1038
1131688	1039
578469	1040
903336	1041
559060	1042
696162	1043
521346	1044
740681	1045
1130348	1046
939874	1047
1067673	1048
729653	1049
916585	1050
245798	1051
479068	1052
211720	1053
77873	1054
1098321	1055
722030	1056
825446	1057
329107	1058
828447	1059
1028248	1060
895452	1061
49840	1062
1028933	1063
477847	1064
563091	1065
469439	1066
469243	1067
728743	1068
1005359	1069
855930	1070
627872	1071
858147	1072
1105324	1073
691784	1074
1026857	1075
784804	1076
19791	1077
88200	1078
143281	1079
306435	1080
191926	1081
177456	1082
57935	1083
403554	1084
742300	1085
967589	1086
100666	1087
1137526	1088
416425	1089
310579	1090
484019	1091
214376	1092
1110074	1093
445592	1094
987776	1095
50187	1096
732029	1097
730741	1098
457834	1099
24987	1100
261037	1101
803357	1102
991744	1103
306761	1104
5636	1105
564308	1106
37817	1107
672993	1108
909555	1109
267879	1110
1089380	1111
6976	1112
456373	1113
13635	1114
835715	1115
663356	1116
1060021	1117
8930	1118
772183	1119
644661	1120
1005110	1121
1120872	1122
1082780	1123
833395	1124
749645	1125
284572	1126
762931	1127
133059	1128
1045047	1129
353163	1130
776670	1131
426296	1132
109096	1133
1074871	1134
23261	1135
425338	1136
262501	1137
1098235	1138
101186	1139
718609	1140
948203	1141
542057	1142
869065	1143
116059	1144
441545	1145
663670	1146
999970	1147
663873	1148
122549	1149
868884	1150
54328	1151
549644	1152
794674	1153
645844	1154
444150	1155
1124808	1156
149269	1157
9745	1158
564020	1159
859366	1160
122688	1161
540523	1162
300292	1163
771655	1164
610457	1165
115422	1166
965159	1167
125987	1168
296938	1169
1012060	1170
647875	1171
57134	1172
73694	1173
887534	1174
902577	1175
89557	1176
901934	1177
362087	1178
418630	1179
612159	1180
419689	1181
369040	1182
208823	1183
960268	1184
435535	1185
146123	1186
622456	1187
531299	1188
644906	1189
1055513	1190
597676	1191
875436	1192
570340	1193
560420	1194
764128	1195
143633	1196
1089743	1197
885262	1198
130811	1199
1123398	1200
1010415	1201
216807	1202
964409	1203
255654	1204
1088546	1205
548935	1206
995732	1207
794818	1208
387093	1209
575783	1210
566110	1211
1066629	1212
1128655	1213
671898	1214
571012	1215
229008	1216
1047453	1217
276397	1218
397289	1219
504174	1220
1051452	1221
580576	1222
65349	1223
941340	1224
79772	1225
752039	1226
871159	1227
1082436	1228
625814	1229
811950	1230
893597	1231
588356	1232
109292	1233
423853	1234
62284	1235
799299	1236
502102	1237
321142	1238
345849	1239
432061	1240
751349	1241
788517	1242
496102	1243
580936	1244
548493	1245
267748	1246
798070	1247
14481	1248
563986	1249
907447	1250
75522	1251
423137	1252
61753	1253
409308	1254
534193	1255
514804	1256
871825	1257
1128035	1258
803635	1259
690781	1260
249030	1261
170236	1262
205393	1263
931713	1264
930968	1265
878251	1266
779910	1267
433240	1268
406045	1269
565671	1270
639036	1271
156344	1272
1121452	1273
1073326	1274
756197	1275
544232	1276
715891	1277
1000456	1278
937884	1279
830575	1280
61710	1281
962752	1282
1079474	1283
133699	1284
340476	1285
667824	1286
44994	1287
529643	1288
1046321	1289
819019	1290
452678	1291
577926	1292
39194	1293
815257	1294
88959	1295
160846	1296
1114435	1297
956326	1298
723084	1299
897328	1300
550033	1301
1052456	1302
523700	1303
242463	1304
39630	1305
1065699	1306
1094802	1307
884670	1308
640731	1309
1115653	1310
1079241	1311
477922	1312
697560	1313
1005696	1314
201799	1315
785200	1316
1062499	1317
377408	1318
675044	1319
639176	1320
731748	1321
359076	1322
115045	1323
223905	1324
453340	1325
244010	1326
901240	1327
179522	1328
1091560	1329
550943	1330
67184	1331
950232	1332
82003	1333
203549	1334
619888	1335
630977	1336
716345	1337
3725	1338
1113821	1339
1027824	1340
739507	1341
113735	1342
22595	1343
949077	1344
365521	1345
231373	1346
609537	1347
629068	1348
144799	1349
62340	1350
670049	1351
1137530	1352
187371	1353
587289	1354
33118	1355
282585	1356
4875	1357
364150	1358
351832	1359
367370	1360
540247	1361
675580	1362
119287	1363
397718	1364
613012	1365
47125	1366
630234	1367
1062390	1368
1004129	1369
725281	1370
1080948	1371
1077105	1372
1041564	1373
391867	1374
246205	1375
1096056	1376
664611	1377
996097	1378
220531	1379
190411	1380
764896	1381
441321	1382
804725	1383
34692	1384
517487	1385
198382	1386
697140	1387
1035571	1388
529124	1389
977844	1390
898479	1391
779320	1392
1005448	1393
830653	1394
402480	1395
569318	1396
827723	1397
281641	1398
776409	1399
664692	1400
592295	1401
1139101	1402
445432	1403
999446	1404
313863	1405
548255	1406
606966	1407
474731	1408
269178	1409
623737	1410
844019	1411
104736	1412
76731	1413
308726	1414
1033319	1415
251092	1416
1118333	1417
797400	1418
7828	1419
212671	1420
874444	1421
659186	1422
735486	1423
346573	1424
329245	1425
304916	1426
645753	1427
431897	1428
1069914	1429
1054656	1430
669365	1431
402805	1432
653036	1433
277839	1434
468555	1435
521808	1436
426831	1437
378600	1438
451500	1439
665289	1440
148084	1441
159896	1442
769925	1443
154776	1444
234062	1445
1107619	1446
722157	1447
338340	1448
597365	1449
552952	1450
344953	1451
1021200	1452
471738	1453
1040022	1454
977757	1455
928128	1456
923640	1457
785968	1458
570652	1459
819584	1460
166424	1461
1098184	1462
77315	1463
614835	1464
859957	1465
203240	1466
996486	1467
390006	1468
585161	1469
627514	1470
316868	1471
382519	1472
30131	1473
1102962	1474
1049505	1475
1065946	1476
1133660	1477
345801	1478
586978	1479
922391	1480
323060	1481
478637	1482
849635	1483
139969	1484
727273	1485
471850	1486
48393	1487
337837	1488
326029	1489
111126	1490
474927	1491
232290	1492
252742	1493
492475	1494
918385	1495
368844	1496
195908	1497
257174	1498
806388	1499
548850	1500
622371	1501
506070	1502
382075	1503
654827	1504
259273	1505
4243	1506
700246	1507
601353	1508
973069	1509
974603	1510
337781	1511
728050	1512
1047920	1513
588133	1514
1109563	1515
55335	1516
158539	1517
1008056	1518
690229	1519
889850	1520
388186	1521
1098012	1522
627462	1523
707835	1524
350742	1525
724851	1526
363629	1527
638993	1528
456251	1529
301092	1530
553579	1531
962350	1532
361910	1533
933166	1534
243770	1535
503986	1536
921188	1537
518276	1538
800306	1539
744013	1540
587630	1541
981166	1542
1056449	1543
969860	1544
485109	1545
227405	1546
484145	1547
1046322	1548
469822	1549
395779	1550
1080890	1551
965905	1552
26754	1553
9048	1554
471982	1555
406178	1556
824998	1557
745458	1558
6944	1559
1126774	1560
1010148	1561
441691	1562
1082580	1563
423560	1564
885485	1565
445933	1566
233517	1567
1049599	1568
374113	1569
542287	1570
881161	1571
791804	1572
644695	1573
445143	1574
75574	1575
934114	1576
517803	1577
297479	1578
644513	1579
965308	1580
871777	1581
430521	1582
538663	1583
59954	1584
133497	1585
868316	1586
447925	1587
682880	1588
978259	1589
892866	1590
739141	1591
563320	1592
22247	1593
567895	1594
420474	1595
1127829	1596
334613	1597
489379	1598
510507	1599
96800	1600
385478	1601
593424	1602
363087	1603
831482	1604
632037	1605
107743	1606
562923	1607
4625	1608
68353	1609
1012361	1610
487373	1611
662511	1612
327414	1613
816206	1614
165128	1615
182910	1616
352773	1617
435650	1618
472414	1619
196451	1620
1088232	1621
833085	1622
162522	1623
509713	1624
9326	1625
986799	1626
519686	1627
23796	1628
59509	1629
644663	1630
212949	1631
145327	1632
1098891	1633
1133080	1634
969843	1635
25948	1636
602585	1637
557798	1638
782245	1639
985254	1640
690757	1641
647048	1642
632688	1643
1079969	1644
818084	1645
336703	1646
577579	1647
471524	1648
1006215	1649
371600	1650
803007	1651
136417	1652
459561	1653
559395	1654
869673	1655
615205	1656
1024999	1657
304136	1658
1056129	1659
290090	1660
29603	1661
590752	1662
166328	1663
192301	1664
362826	1665
385180	1666
100281	1667
912911	1668
819613	1669
229693	1670
420371	1671
388487	1672
392905	1673
632591	1674
295461	1675
794481	1676
541051	1677
1007223	1678
36267	1679
192266	1680
816689	1681
177870	1682
296595	1683
678004	1684
458353	1685
193171	1686
81240	1687
403702	1688
401949	1689
1129884	1690
471612	1691
625235	1692
1076771	1693
52435	1694
490161	1695
446212	1696
781168	1697
313551	1698
78762	1699
894221	1700
1082272	1701
29269	1702
422597	1703
925482	1704
710657	1705
33502	1706
561598	1707
184699	1708
1046438	1709
270091	1710
281242	1711
138462	1712
682415	1713
350777	1714
279251	1715
919030	1716
843130	1717
47907	1718
846080	1719
939573	1720
222115	1721
143444	1722
883248	1723
849042	1724
427101	1725
461504	1726
317982	1727
722828	1728
637004	1729
662453	1730
71641	1731
653201	1732
710468	1733
400172	1734
106657	1735
618030	1736
189437	1737
133383	1738
494233	1739
66274	1740
123776	1741
623785	1742
156924	1743
986535	1744
605463	1745
1021055	1746
442699	1747
450572	1748
632164	1749
1132821	1750
769270	1751
912549	1752
90587	1753
105459	1754
371620	1755
820173	1756
365218	1757
948991	1758
117419	1759
232174	1760
684697	1761
888177	1762
883221	1763
854185	1764
453819	1765
858102	1766
1095037	1767
93546	1768
708834	1769
152890	1770
436871	1771
470392	1772
980267	1773
279925	1774
908644	1775
977795	1776
177442	1777
291874	1778
307596	1779
85266	1780
793150	1781
1129655	1782
454222	1783
1076981	1784
230954	1785
303591	1786
890866	1787
807047	1788
982966	1789
618706	1790
826756	1791
677371	1792
23640	1793
689733	1794
850964	1795
284730	1796
464249	1797
961805	1798
5474	1799
36642	1800
978439	1801
630772	1802
417883	1803
1109304	1804
1013405	1805
843278	1806
759512	1807
549299	1808
1058909	1809
744637	1810
390932	1811
909231	1812
834019	1813
1111647	1814
701812	1815
10979	1816
218962	1817
67560	1818
133416	1819
326341	1820
211556	1821
1072224	1822
271912	1823
293099	1824
33257	1825
498847	1826
318630	1827
476517	1828
163140	1829
482975	1830
1140053	1831
294000	1832
263993	1833
530223	1834
162708	1835
210696	1836
253796	1837
764539	1838
840503	1839
366042	1840
83958	1841
45193	1842
533570	1843
183387	1844
585944	1845
950513	1846
974595	1847
62568	1848
344807	1849
901516	1850
98126	1851
918496	1852
468370	1853
401681	1854
89082	1855
838079	1856
279671	1857
248513	1858
474139	1859
772437	1860
345418	1861
67759	1862
674492	1863
621876	1864
668470	1865
190415	1866
1016859	1867
487037	1868
717510	1869
388115	1870
789952	1871
120964	1872
416504	1873
716203	1874
996961	1875
117456	1876
877396	1877
297960	1878
1049040	1879
681837	1880
313193	1881
784713	1882
193219	1883
208912	1884
40092	1885
96714	1886
450199	1887
162302	1888
123938	1889
380086	1890
1093767	1891
78021	1892
202552	1893
867921	1894
7839	1895
257249	1896
980685	1897
1141645	1898
140343	1899
473482	1900
973292	1901
342277	1902
560347	1903
636466	1904
1045409	1905
65331	1906
137811	1907
455421	1908
495359	1909
259101	1910
401318	1911
1104314	1912
581296	1913
1081708	1914
161364	1915
622344	1916
825533	1917
505593	1918
272798	1919
576393	1920
948256	1921
953064	1922
274308	1923
624105	1924
579499	1925
326624	1926
900566	1927
705219	1928
450801	1929
621028	1930
1079567	1931
1054172	1932
875584	1933
364012	1934
554762	1935
862318	1936
99117	1937
356048	1938
701574	1939
789813	1940
108149	1941
355873	1942
257334	1943
1130499	1944
578903	1945
378037	1946
832156	1947
856001	1948
583519	1949
1103200	1950
200607	1951
510382	1952
913072	1953
776268	1954
883787	1955
891927	1956
575247	1957
340262	1958
11942	1959
562662	1960
580646	1961
169600	1962
356166	1963
831962	1964
1072373	1965
48529	1966
24874	1967
261865	1968
144545	1969
1120089	1970
705788	1971
629837	1972
718485	1973
1113787	1974
642785	1975
1005558	1976
627295	1977
231817	1978
147487	1979
1110114	1980
339729	1981
225019	1982
657116	1983
228097	1984
721783	1985
1031714	1986
19939	1987
137389	1988
973715	1989
417263	1990
750839	1991
418473	1992
434063	1993
556153	1994
1089723	1995
775249	1996
1045518	1997
1090719	1998
1022199	1999
541385	2000
1137803	2001
141478	2002
516808	2003
565753	2004
155846	2005
126815	2006
1014684	2007
674108	2008
833962	2009
1027727	2010
81533	2011
344271	2012
773817	2013
790340	2014
407027	2015
666173	2016
449864	2017
965400	2018
989024	2019
706962	2020
384145	2021
929559	2022
55844	2023
1018994	2024
572717	2025
598399	2026
142695	2027
413706	2028
373618	2029
429624	2030
593845	2031
16354	2032
385343	2033
821123	2034
735763	2035
521191	2036
119643	2037
642926	2038
10549	2039
436035	2040
458408	2041
1066976	2042
600308	2043
410216	2044
910437	2045
310793	2046
471039	2047
961234	2048
475527	2049
969791	2050
1044137	2051
942484	2052
887197	2053
762720	2054
113308	2055
734548	2056
460692	2057
1011618	2058
651479	2059
858970	2060
1031114	2061
1024118	2062
941536	2063
697232	2064
429012	2065
317423	2066
894280	2067
130846	2068
550846	2069
264270	2070
705884	2071
1999	2072
51496	2073
286436	2074
411258	2075
144740	2076
1007627	2077
888577	2078
1112457	2079
353380	2080
211102	2081
638302	2082
193099	2083
982392	2084
698172	2085
472391	2086
814997	2087
861542	2088
573242	2089
88534	2090
368791	2091
658614	2092
363926	2093
814562	2094
415322	2095
273175	2096
236569	2097
1051004	2098
207045	2099
488875	2100
1073777	2101
346913	2102
920632	2103
298796	2104
197419	2105
114777	2106
20123	2107
1090667	2108
1055451	2109
346497	2110
545525	2111
255203	2112
826823	2113
394483	2114
181505	2115
787043	2116
471657	2117
1056497	2118
632448	2119
240878	2120
608755	2121
714501	2122
761907	2123
390408	2124
140624	2125
58241	2126
144374	2127
490208	2128
488917	2129
1074497	2130
200390	2131
1105651	2132
45741	2133
1027457	2134
804155	2135
54354	2136
973731	2137
695085	2138
93064	2139
1010643	2140
86722	2141
1134681	2142
922161	2143
869886	2144
244230	2145
304816	2146
768902	2147
251193	2148
962151	2149
469549	2150
573209	2151
1030746	2152
784504	2153
837808	2154
824459	2155
353606	2156
579587	2157
818830	2158
566866	2159
184255	2160
497517	2161
792983	2162
188726	2163
260121	2164
983136	2165
1004906	2166
1023060	2167
1069780	2168
1051382	2169
120636	2170
722049	2171
662855	2172
675542	2173
713408	2174
68544	2175
758338	2176
568141	2177
688037	2178
240593	2179
227450	2180
149152	2181
502280	2182
495482	2183
107755	2184
367411	2185
347043	2186
916713	2187
88780	2188
693220	2189
193005	2190
446179	2191
781454	2192
981763	2193
658994	2194
921162	2195
120200	2196
42906	2197
523665	2198
402843	2199
252609	2200
197152	2201
786039	2202
962120	2203
705741	2204
1122840	2205
640940	2206
486492	2207
734370	2208
581619	2209
465132	2210
48630	2211
758157	2212
451383	2213
509329	2214
1037605	2215
29734	2216
685804	2217
919260	2218
625208	2219
443812	2220
1087655	2221
224518	2222
247640	2223
126708	2224
795644	2225
5776	2226
1134508	2227
4225	2228
968686	2229
352435	2230
581769	2231
308425	2232
484759	2233
811874	2234
165907	2235
444073	2236
741728	2237
700307	2238
332274	2239
347675	2240
181413	2241
983546	2242
378389	2243
20776	2244
736028	2245
954801	2246
741431	2247
93688	2248
783490	2249
975526	2250
427775	2251
133896	2252
878076	2253
756917	2254
407456	2255
264870	2256
900945	2257
162029	2258
972416	2259
377901	2260
892318	2261
220834	2262
865873	2263
219603	2264
128287	2265
894447	2266
965327	2267
942062	2268
406822	2269
904485	2270
936546	2271
337108	2272
164129	2273
654307	2274
237053	2275
780598	2276
722579	2277
129065	2278
1032991	2279
174226	2280
791471	2281
339106	2282
1070894	2283
32499	2284
485463	2285
186808	2286
127581	2287
882068	2288
629631	2289
246613	2290
703985	2291
1034993	2292
769568	2293
1069034	2294
823347	2295
270035	2296
630394	2297
749262	2298
869456	2299
348333	2300
77036	2301
290179	2302
543812	2303
690400	2304
64449	2305
196643	2306
51713	2307
652478	2308
865896	2309
589755	2310
191274	2311
343546	2312
1134466	2313
141219	2314
389279	2315
693569	2316
1076066	2317
305346	2318
1126017	2319
670054	2320
253613	2321
865460	2322
866897	2323
1140615	2324
1015622	2325
646221	2326
972277	2327
25455	2328
916776	2329
1126502	2330
103837	2331
394672	2332
565227	2333
1031471	2334
1137403	2335
678840	2336
742816	2337
303316	2338
903381	2339
732364	2340
81472	2341
533207	2342
1119654	2343
383401	2344
1140306	2345
36600	2346
141470	2347
505332	2348
6740	2349
1030843	2350
476027	2351
142590	2352
85158	2353
375211	2354
337732	2355
205074	2356
413040	2357
884314	2358
221120	2359
20755	2360
762829	2361
517080	2362
1070546	2363
1084959	2364
780821	2365
784806	2366
838778	2367
371362	2368
889673	2369
869275	2370
628562	2371
242361	2372
529977	2373
1106465	2374
1096439	2375
224137	2376
164552	2377
310256	2378
990649	2379
677083	2380
334126	2381
878959	2382
622542	2383
1119726	2384
870069	2385
1081826	2386
187576	2387
490539	2388
699780	2389
33065	2390
305966	2391
589070	2392
590123	2393
99097	2394
510137	2395
299832	2396
351325	2397
528460	2398
970680	2399
605278	2400
907687	2401
1088412	2402
512270	2403
382802	2404
92193	2405
903209	2406
161601	2407
130592	2408
503600	2409
274836	2410
393107	2411
529913	2412
905450	2413
776344	2414
1129134	2415
466495	2416
400094	2417
573843	2418
1097800	2419
439420	2420
1045924	2421
1006537	2422
679337	2423
661993	2424
434911	2425
633342	2426
718884	2427
899760	2428
184317	2429
277502	2430
358059	2431
165729	2432
433096	2433
1728	2434
1037938	2435
528874	2436
1030522	2437
1039366	2438
685186	2439
695823	2440
434266	2441
1058263	2442
187289	2443
814718	2444
801796	2445
1137325	2446
149772	2447
5910	2448
608258	2449
736176	2450
1115553	2451
1072437	2452
597971	2453
61790	2454
121510	2455
854806	2456
481073	2457
17947	2458
789191	2459
290398	2460
216369	2461
1013561	2462
146630	2463
557370	2464
91148	2465
685556	2466
1090762	2467
554751	2468
453266	2469
971259	2470
227927	2471
484632	2472
233026	2473
262859	2474
1018948	2475
795012	2476
40698	2477
615318	2478
209814	2479
539833	2480
996797	2481
25871	2482
992987	2483
81334	2484
356194	2485
4918	2486
1017893	2487
202300	2488
101100	2489
384821	2490
1016728	2491
86054	2492
483889	2493
606208	2494
1013785	2495
468464	2496
402587	2497
845460	2498
174550	2499
355987	2500
436603	2501
58040	2502
14095	2503
91495	2504
1036181	2505
465513	2506
389329	2507
138980	2508
69477	2509
627691	2510
1047008	2511
961136	2512
593784	2513
45492	2514
784287	2515
886238	2516
192378	2517
414543	2518
2035	2519
95948	2520
1022437	2521
937057	2522
158095	2523
444277	2524
781181	2525
861608	2526
590440	2527
15730	2528
219887	2529
44467	2530
694358	2531
211963	2532
30029	2533
298732	2534
996029	2535
645591	2536
259259	2537
767491	2538
119458	2539
378270	2540
301634	2541
592568	2542
556886	2543
625877	2544
668242	2545
309942	2546
228588	2547
739406	2548
354996	2549
835786	2550
285277	2551
68042	2552
401669	2553
2566	2554
821809	2555
58243	2556
983730	2557
93184	2558
900530	2559
401343	2560
675739	2561
1109811	2562
79231	2563
293924	2564
208642	2565
122393	2566
483091	2567
675029	2568
114620	2569
1141184	2570
683532	2571
473204	2572
85494	2573
646435	2574
118980	2575
94856	2576
1021581	2577
376037	2578
872553	2579
748999	2580
1004972	2581
302953	2582
601289	2583
354993	2584
885433	2585
29355	2586
722536	2587
680849	2588
278629	2589
130962	2590
794516	2591
784967	2592
304222	2593
56726	2594
839744	2595
665073	2596
123422	2597
1056609	2598
835405	2599
640679	2600
685044	2601
57191	2602
219146	2603
249449	2604
850742	2605
377043	2606
716594	2607
568872	2608
652142	2609
46380	2610
473887	2611
420978	2612
479742	2613
867497	2614
19426	2615
216546	2616
937183	2617
497433	2618
385663	2619
282555	2620
502003	2621
13529	2622
271200	2623
788694	2624
498182	2625
204625	2626
642072	2627
334135	2628
1134221	2629
860420	2630
816781	2631
203600	2632
205480	2633
474786	2634
371243	2635
295626	2636
1110234	2637
556571	2638
752694	2639
1033631	2640
465046	2641
1030276	2642
1018760	2643
1059482	2644
836116	2645
127979	2646
257242	2647
819879	2648
138528	2649
577728	2650
1086838	2651
649343	2652
327186	2653
474368	2654
226141	2655
487173	2656
857591	2657
103757	2658
670009	2659
717494	2660
410204	2661
422891	2662
657977	2663
1008657	2664
722173	2665
1022698	2666
496002	2667
1074281	2668
754169	2669
91750	2670
1138415	2671
728314	2672
723320	2673
762804	2674
197375	2675
217790	2676
1077158	2677
877023	2678
514005	2679
978416	2680
459967	2681
978986	2682
994232	2683
931460	2684
546044	2685
216377	2686
10427	2687
719900	2688
842542	2689
95561	2690
745202	2691
1028168	2692
685746	2693
809847	2694
833187	2695
973747	2696
241089	2697
112876	2698
1122869	2699
41660	2700
1039803	2701
257641	2702
1091591	2703
834368	2704
1116725	2705
764427	2706
898978	2707
1104896	2708
419524	2709
877676	2710
78524	2711
759691	2712
252512	2713
564573	2714
406284	2715
1013732	2716
343478	2717
115127	2718
456976	2719
319619	2720
427175	2721
681802	2722
431987	2723
870146	2724
1077985	2725
316053	2726
930827	2727
241438	2728
782928	2729
700494	2730
1014376	2731
232972	2732
150946	2733
649158	2734
232132	2735
292765	2736
948352	2737
429079	2738
228643	2739
908113	2740
156378	2741
767011	2742
582633	2743
291004	2744
1012523	2745
1097233	2746
1115155	2747
197406	2748
229798	2749
673201	2750
994168	2751
852271	2752
1123228	2753
143813	2754
538245	2755
545786	2756
861725	2757
693157	2758
355780	2759
961430	2760
944425	2761
1096376	2762
724613	2763
579037	2764
324613	2765
918164	2766
455252	2767
419300	2768
1072927	2769
772366	2770
101849	2771
699263	2772
1042256	2773
66391	2774
1985	2775
953166	2776
715791	2777
1076600	2778
535258	2779
223375	2780
583427	2781
953803	2782
150147	2783
477152	2784
824840	2785
341426	2786
308702	2787
381472	2788
402801	2789
6025	2790
412705	2791
662742	2792
168793	2793
278448	2794
251686	2795
1119079	2796
44035	2797
756040	2798
601076	2799
357924	2800
710245	2801
1052394	2802
1049334	2803
852597	2804
113022	2805
663170	2806
1090944	2807
856775	2808
224141	2809
864493	2810
814178	2811
61425	2812
245050	2813
639949	2814
312512	2815
283839	2816
298119	2817
885637	2818
21355	2819
1014818	2820
744478	2821
118271	2822
993901	2823
382094	2824
1093917	2825
948864	2826
643795	2827
188000	2828
546841	2829
894075	2830
694270	2831
806323	2832
631999	2833
746996	2834
931655	2835
44694	2836
557054	2837
814412	2838
755288	2839
1078024	2840
617771	2841
848152	2842
155722	2843
333078	2844
512061	2845
886977	2846
364080	2847
591909	2848
1141113	2849
1106461	2850
512879	2851
295536	2852
35613	2853
237190	2854
777662	2855
140859	2856
812161	2857
591959	2858
435003	2859
978164	2860
409001	2861
1089504	2862
296768	2863
311219	2864
901873	2865
169968	2866
845647	2867
699737	2868
552934	2869
85831	2870
101219	2871
246571	2872
416213	2873
952903	2874
657140	2875
801451	2876
120235	2877
534276	2878
95934	2879
30178	2880
763354	2881
600256	2882
11239	2883
317196	2884
375390	2885
423079	2886
563629	2887
744572	2888
266008	2889
1087674	2890
1063678	2891
989002	2892
847483	2893
57060	2894
987904	2895
777991	2896
216033	2897
663232	2898
494412	2899
33681	2900
664802	2901
516102	2902
5768	2903
881266	2904
694595	2905
390583	2906
598720	2907
322791	2908
459114	2909
423858	2910
199082	2911
856697	2912
967056	2913
476761	2914
900928	2915
307160	2916
806719	2917
936213	2918
510628	2919
154792	2920
900723	2921
799581	2922
143029	2923
149824	2924
460425	2925
484076	2926
181230	2927
666558	2928
84502	2929
444173	2930
478797	2931
516313	2932
952201	2933
505372	2934
741191	2935
706185	2936
1093312	2937
207794	2938
252713	2939
463063	2940
1078277	2941
351491	2942
1135554	2943
1017502	2944
516121	2945
451789	2946
494845	2947
864155	2948
64268	2949
649171	2950
273887	2951
439723	2952
496011	2953
974821	2954
238131	2955
418925	2956
644988	2957
1091753	2958
198808	2959
611550	2960
392316	2961
590728	2962
1107946	2963
481880	2964
601703	2965
243014	2966
229353	2967
960211	2968
1099318	2969
977572	2970
755300	2971
1117186	2972
783778	2973
1086318	2974
418237	2975
859411	2976
144361	2977
161415	2978
691209	2979
123366	2980
906901	2981
144295	2982
610368	2983
432483	2984
76274	2985
214495	2986
84861	2987
1015745	2988
920897	2989
798576	2990
168237	2991
345902	2992
707334	2993
733942	2994
934120	2995
765470	2996
837137	2997
285557	2998
625391	2999
23584	3000
1134557	3001
305479	3002
397889	3003
435150	3004
467628	3005
581962	3006
549078	3007
748865	3008
359648	3009
70354	3010
389483	3011
1124443	3012
914347	3013
241291	3014
580940	3015
1053834	3016
561588	3017
1073207	3018
544469	3019
1053894	3020
542117	3021
515158	3022
885061	3023
921223	3024
608041	3025
635854	3026
693741	3027
975736	3028
678386	3029
841624	3030
84358	3031
1090489	3032
345617	3033
415005	3034
69663	3035
590213	3036
672988	3037
836861	3038
406763	3039
839915	3040
277835	3041
712680	3042
504160	3043
772269	3044
673258	3045
608419	3046
515362	3047
146465	3048
582424	3049
1136290	3050
123220	3051
677052	3052
702021	3053
257301	3054
855735	3055
880709	3056
880510	3057
792446	3058
1017626	3059
363418	3060
578320	3061
65238	3062
977154	3063
248417	3064
567449	3065
447029	3066
61049	3067
441681	3068
1072261	3069
1083197	3070
239948	3071
1012119	3072
801262	3073
869864	3074
629916	3075
446292	3076
312483	3077
1096595	3078
488395	3079
937985	3080
255534	3081
1093473	3082
495599	3083
755980	3084
624888	3085
445035	3086
192809	3087
1127899	3088
420988	3089
302834	3090
986916	3091
348674	3092
382449	3093
753081	3094
665322	3095
123514	3096
1014827	3097
406394	3098
49719	3099
299992	3100
792570	3101
1065627	3102
358112	3103
171002	3104
229790	3105
193395	3106
1086422	3107
1115402	3108
89283	3109
308935	3110
985917	3111
355552	3112
298937	3113
187094	3114
19548	3115
206615	3116
188475	3117
359555	3118
158218	3119
791720	3120
547963	3121
487690	3122
176349	3123
837376	3124
524961	3125
931912	3126
177232	3127
212563	3128
173347	3129
701329	3130
821854	3131
343138	3132
939147	3133
424769	3134
808691	3135
111091	3136
347763	3137
764851	3138
1074841	3139
625998	3140
50450	3141
45094	3142
391237	3143
1053926	3144
881963	3145
52281	3146
836551	3147
418555	3148
70394	3149
257708	3150
495421	3151
746231	3152
369590	3153
365257	3154
227649	3155
84099	3156
1010318	3157
580700	3158
887682	3159
592672	3160
732821	3161
279347	3162
184324	3163
245129	3164
629518	3165
1086798	3166
581749	3167
520908	3168
331976	3169
1127144	3170
715755	3171
1090809	3172
994318	3173
218288	3174
785115	3175
275200	3176
62561	3177
1101623	3178
352259	3179
495157	3180
330660	3181
822267	3182
301363	3183
277322	3184
940439	3185
228052	3186
581688	3187
984582	3188
562451	3189
1080444	3190
347632	3191
613173	3192
413970	3193
641950	3194
1019032	3195
607717	3196
1084711	3197
813242	3198
383242	3199
1101672	3200
813932	3201
107557	3202
810652	3203
153261	3204
515506	3205
735649	3206
743043	3207
1030207	3208
460333	3209
107882	3210
620509	3211
552479	3212
440972	3213
711204	3214
353646	3215
211189	3216
614471	3217
376661	3218
986096	3219
795039	3220
692677	3221
65104	3222
87713	3223
472410	3224
20155	3225
657278	3226
627124	3227
794982	3228
833666	3229
26564	3230
114902	3231
892704	3232
289293	3233
744694	3234
1074308	3235
716515	3236
672334	3237
22548	3238
1000724	3239
1077613	3240
782403	3241
1073015	3242
118488	3243
22233	3244
70244	3245
897556	3246
946853	3247
112070	3248
900481	3249
313023	3250
611469	3251
196609	3252
659056	3253
6024	3254
845352	3255
1058673	3256
1081222	3257
733748	3258
458224	3259
717607	3260
1041531	3261
780111	3262
601991	3263
728043	3264
538570	3265
715460	3266
735816	3267
23054	3268
614611	3269
36161	3270
963623	3271
560890	3272
338469	3273
557358	3274
757234	3275
100922	3276
122543	3277
611179	3278
1061813	3279
636568	3280
107209	3281
479119	3282
544811	3283
782853	3284
384858	3285
473517	3286
859044	3287
1129913	3288
803764	3289
839662	3290
979557	3291
740015	3292
789694	3293
1005263	3294
452768	3295
423917	3296
123360	3297
350175	3298
194000	3299
241259	3300
577892	3301
871917	3302
132134	3303
93770	3304
24939	3305
169729	3306
657179	3307
248251	3308
1047211	3309
700324	3310
98339	3311
50306	3312
1028279	3313
193870	3314
982227	3315
692518	3316
418428	3317
1098423	3318
465383	3319
152331	3320
883133	3321
258025	3322
500644	3323
889910	3324
306660	3325
1115692	3326
471328	3327
933860	3328
518646	3329
1888	3330
574583	3331
793165	3332
1054654	3333
666257	3334
738311	3335
493579	3336
223816	3337
878916	3338
259861	3339
120652	3340
1095452	3341
894757	3342
1015237	3343
1046749	3344
700304	3345
631111	3346
587999	3347
79864	3348
314570	3349
1011819	3350
540939	3351
813734	3352
1121792	3353
839739	3354
966673	3355
130212	3356
307664	3357
610129	3358
753620	3359
90688	3360
981748	3361
994190	3362
820558	3363
417692	3364
1041928	3365
947369	3366
361123	3367
737427	3368
666035	3369
851130	3370
541155	3371
132107	3372
913141	3373
398479	3374
1083260	3375
642117	3376
1057497	3377
184428	3378
559044	3379
827869	3380
1125572	3381
378777	3382
325390	3383
527896	3384
859803	3385
429751	3386
154870	3387
1078877	3388
914706	3389
393815	3390
368597	3391
748377	3392
507556	3393
520211	3394
9110	3395
96508	3396
1049988	3397
697407	3398
319483	3399
909049	3400
469021	3401
791992	3402
410125	3403
776432	3404
726101	3405
205181	3406
865550	3407
975830	3408
743525	3409
1086102	3410
785724	3411
512212	3412
1098548	3413
536034	3414
630991	3415
762964	3416
662397	3417
321512	3418
1106790	3419
897784	3420
482843	3421
249009	3422
548528	3423
914931	3424
451040	3425
381175	3426
674534	3427
998625	3428
557115	3429
344663	3430
229483	3431
554318	3432
429407	3433
918726	3434
594278	3435
288882	3436
546175	3437
991823	3438
458686	3439
340439	3440
669881	3441
414482	3442
1117972	3443
2724	3444
103510	3445
466893	3446
264323	3447
485363	3448
328292	3449
976329	3450
380981	3451
510492	3452
441188	3453
1058056	3454
661943	3455
219701	3456
6724	3457
201568	3458
451240	3459
498783	3460
832338	3461
993604	3462
975748	3463
178006	3464
210399	3465
1128587	3466
758428	3467
767014	3468
1132241	3469
693115	3470
655434	3471
648245	3472
575105	3473
976860	3474
122254	3475
1057406	3476
287316	3477
906176	3478
27669	3479
384953	3480
122740	3481
1103895	3482
763907	3483
1058917	3484
927987	3485
573761	3486
532090	3487
446294	3488
188369	3489
128325	3490
57731	3491
245794	3492
894636	3493
117188	3494
619755	3495
473623	3496
383601	3497
677469	3498
1065941	3499
673620	3500
821419	3501
190269	3502
497583	3503
341186	3504
487970	3505
86617	3506
589096	3507
1025180	3508
137911	3509
492700	3510
19457	3511
18520	3512
471108	3513
514226	3514
507821	3515
422569	3516
675710	3517
966319	3518
15855	3519
206287	3520
859506	3521
314605	3522
856316	3523
1036669	3524
661692	3525
345184	3526
318683	3527
525231	3528
455537	3529
1115136	3530
814099	3531
213065	3532
644472	3533
148089	3534
169529	3535
201813	3536
446359	3537
918531	3538
169369	3539
60468	3540
1133839	3541
563944	3542
96007	3543
429982	3544
514784	3545
303861	3546
699406	3547
719563	3548
628305	3549
1065793	3550
411863	3551
654849	3552
422553	3553
818994	3554
500380	3555
736219	3556
40010	3557
1115121	3558
721046	3559
826057	3560
553722	3561
612320	3562
303382	3563
931062	3564
82017	3565
1066381	3566
19902	3567
12311	3568
893564	3569
796482	3570
354145	3571
784428	3572
38072	3573
973920	3574
740837	3575
623228	3576
802186	3577
768265	3578
494024	3579
1073848	3580
232283	3581
395762	3582
890857	3583
167524	3584
431146	3585
166078	3586
429153	3587
910350	3588
157018	3589
525931	3590
889157	3591
324063	3592
232749	3593
189484	3594
990995	3595
373763	3596
195860	3597
599369	3598
695249	3599
177365	3600
884052	3601
26499	3602
581869	3603
880112	3604
825997	3605
131971	3606
161867	3607
317534	3608
950625	3609
836824	3610
421226	3611
64466	3612
1087853	3613
807293	3614
858452	3615
770339	3616
384417	3617
495153	3618
36629	3619
983196	3620
113387	3621
761841	3622
692609	3623
391377	3624
352581	3625
761753	3626
1127663	3627
482929	3628
815016	3629
51895	3630
43176	3631
496631	3632
789286	3633
184221	3634
593352	3635
245324	3636
796298	3637
1070874	3638
133557	3639
199423	3640
56534	3641
635603	3642
836613	3643
900848	3644
667430	3645
961515	3646
340863	3647
331914	3648
670199	3649
413726	3650
1027080	3651
286548	3652
535349	3653
98203	3654
650230	3655
193091	3656
157457	3657
905279	3658
183482	3659
689806	3660
442133	3661
409450	3662
1005901	3663
625473	3664
232393	3665
480048	3666
536319	3667
121583	3668
729776	3669
997575	3670
540546	3671
439169	3672
982603	3673
471818	3674
388049	3675
1072512	3676
691202	3677
274577	3678
889904	3679
104482	3680
459381	3681
650749	3682
722465	3683
786906	3684
735271	3685
136528	3686
795884	3687
358403	3688
865407	3689
983801	3690
952391	3691
1009302	3692
173679	3693
152386	3694
314838	3695
708961	3696
418426	3697
254815	3698
507102	3699
725043	3700
73314	3701
203492	3702
241879	3703
817684	3704
476183	3705
444418	3706
83897	3707
75595	3708
872867	3709
149982	3710
874064	3711
643589	3712
386194	3713
79913	3714
588875	3715
548473	3716
1030687	3717
471198	3718
57605	3719
1035870	3720
981134	3721
839012	3722
884251	3723
581289	3724
301687	3725
103950	3726
991714	3727
1110620	3728
66803	3729
638539	3730
1097141	3731
305971	3732
645843	3733
299883	3734
482593	3735
397291	3736
40215	3737
143004	3738
495452	3739
521251	3740
257979	3741
228852	3742
519547	3743
344937	3744
855819	3745
900287	3746
438721	3747
421920	3748
1094908	3749
313121	3750
439992	3751
853129	3752
902845	3753
50144	3754
353000	3755
779847	3756
1125638	3757
1041409	3758
546417	3759
808206	3760
775175	3761
539418	3762
387590	3763
1117295	3764
148919	3765
752960	3766
860519	3767
17692	3768
969865	3769
707901	3770
558458	3771
60523	3772
796929	3773
450166	3774
1068852	3775
66862	3776
773938	3777
104845	3778
1007048	3779
849521	3780
860573	3781
498527	3782
884630	3783
518533	3784
495368	3785
626800	3786
366535	3787
653492	3788
235782	3789
842893	3790
964863	3791
706096	3792
884247	3793
1037303	3794
985496	3795
1064827	3796
96690	3797
860688	3798
326254	3799
554605	3800
529823	3801
976609	3802
1012868	3803
130306	3804
973724	3805
976344	3806
979590	3807
1111526	3808
793001	3809
308669	3810
795913	3811
153952	3812
885647	3813
552741	3814
872834	3815
621758	3816
531969	3817
507129	3818
462756	3819
106036	3820
579251	3821
175494	3822
669017	3823
534918	3824
154223	3825
794330	3826
161560	3827
901656	3828
250213	3829
1123373	3830
362729	3831
803743	3832
710337	3833
389520	3834
1044300	3835
115039	3836
899972	3837
281026	3838
845197	3839
203450	3840
162317	3841
973677	3842
443173	3843
252211	3844
228204	3845
856801	3846
914791	3847
624071	3848
131541	3849
739367	3850
390734	3851
375761	3852
312208	3853
400770	3854
1011684	3855
985340	3856
1134352	3857
111748	3858
279103	3859
70190	3860
186083	3861
315910	3862
333757	3863
984683	3864
537459	3865
88698	3866
50835	3867
299321	3868
312629	3869
590635	3870
1060431	3871
30884	3872
34316	3873
422047	3874
1111668	3875
17908	3876
937415	3877
403094	3878
249452	3879
1023706	3880
91089	3881
975114	3882
679136	3883
131849	3884
1067170	3885
990589	3886
4832	3887
445678	3888
791581	3889
1077213	3890
360216	3891
1110031	3892
824750	3893
1023230	3894
873060	3895
247509	3896
755743	3897
815490	3898
1000660	3899
643980	3900
787552	3901
769859	3902
37702	3903
1024201	3904
1003797	3905
412629	3906
1056061	3907
66240	3908
796286	3909
697527	3910
697473	3911
303497	3912
680318	3913
957786	3914
220977	3915
1041504	3916
858183	3917
28236	3918
381481	3919
1102834	3920
965861	3921
202544	3922
720367	3923
623241	3924
746076	3925
1053705	3926
357044	3927
133788	3928
549718	3929
1026762	3930
815159	3931
865936	3932
21542	3933
312420	3934
341701	3935
644468	3936
97018	3937
231966	3938
477896	3939
942718	3940
745524	3941
827950	3942
480925	3943
697876	3944
317649	3945
765069	3946
498413	3947
555971	3948
907562	3949
532927	3950
1102319	3951
570208	3952
699212	3953
114027	3954
121678	3955
34116	3956
18811	3957
357300	3958
1044506	3959
37682	3960
494390	3961
307988	3962
867107	3963
751201	3964
793092	3965
1096672	3966
159104	3967
584916	3968
206271	3969
159129	3970
315977	3971
754157	3972
217123	3973
1073044	3974
718140	3975
724557	3976
485240	3977
310937	3978
686123	3979
323785	3980
450714	3981
782744	3982
658921	3983
219816	3984
59878	3985
551987	3986
873564	3987
915920	3988
374920	3989
222353	3990
3104	3991
878328	3992
1023043	3993
351966	3994
212552	3995
22725	3996
1097868	3997
1079852	3998
380774	3999
777592	4000
497928	4001
758533	4002
1058680	4003
132505	4004
857989	4005
509877	4006
34517	4007
467673	4008
427603	4009
878956	4010
979323	4011
672540	4012
350712	4013
539600	4014
979076	4015
704947	4016
1041161	4017
843389	4018
120930	4019
114405	4020
793579	4021
1089836	4022
787479	4023
161492	4024
437234	4025
60212	4026
27258	4027
182044	4028
907979	4029
1079283	4030
970992	4031
557616	4032
13608	4033
280131	4034
886574	4035
836314	4036
21033	4037
148987	4038
416426	4039
159906	4040
437730	4041
817116	4042
448740	4043
162340	4044
225168	4045
410162	4046
395091	4047
390228	4048
584338	4049
488727	4050
184132	4051
1022739	4052
53494	4053
207047	4054
718320	4055
207536	4056
677879	4057
189072	4058
201972	4059
329887	4060
383763	4061
296160	4062
266477	4063
1128717	4064
122687	4065
100169	4066
1136822	4067
1084827	4068
754621	4069
143166	4070
910060	4071
335582	4072
11586	4073
716202	4074
472440	4075
72386	4076
112020	4077
933089	4078
970176	4079
105075	4080
351039	4081
877633	4082
532889	4083
502217	4084
1030263	4085
238562	4086
613238	4087
562355	4088
657655	4089
74383	4090
1080062	4091
321760	4092
744448	4093
96551	4094
577969	4095
194213	4096
307117	4097
566923	4098
1059183	4099
606566	4100
798460	4101
655312	4102
1067305	4103
549001	4104
570497	4105
583177	4106
701551	4107
384577	4108
375335	4109
495200	4110
878816	4111
553269	4112
217680	4113
228807	4114
1016753	4115
37902	4116
625414	4117
827151	4118
551634	4119
634597	4120
565706	4121
288956	4122
375319	4123
277562	4124
240517	4125
822593	4126
1060883	4127
554787	4128
116565	4129
894396	4130
337690	4131
37367	4132
179480	4133
576640	4134
460535	4135
383001	4136
178844	4137
246132	4138
879073	4139
257195	4140
1016988	4141
1063533	4142
912975	4143
315015	4144
740173	4145
1040395	4146
457438	4147
902954	4148
464228	4149
143792	4150
674243	4151
1023751	4152
701985	4153
374351	4154
966469	4155
794561	4156
489598	4157
390494	4158
288479	4159
455782	4160
975100	4161
57413	4162
366538	4163
581471	4164
879801	4165
1073040	4166
467847	4167
70626	4168
241348	4169
704059	4170
745788	4171
42261	4172
320689	4173
147575	4174
470130	4175
312700	4176
8668	4177
1044631	4178
134753	4179
499134	4180
677473	4181
342212	4182
278573	4183
1078491	4184
139767	4185
1051721	4186
232005	4187
899288	4188
586251	4189
664747	4190
196469	4191
814367	4192
405039	4193
234060	4194
964469	4195
1030611	4196
904830	4197
1132030	4198
87337	4199
480675	4200
1125721	4201
521468	4202
981380	4203
527972	4204
855818	4205
714490	4206
890185	4207
823413	4208
915888	4209
332597	4210
791575	4211
989007	4212
780875	4213
878850	4214
847233	4215
1089005	4216
192691	4217
224415	4218
365061	4219
310316	4220
332233	4221
234152	4222
1079561	4223
374281	4224
1113711	4225
841606	4226
645024	4227
175194	4228
1087894	4229
99869	4230
168086	4231
897667	4232
48573	4233
428210	4234
40735	4235
548237	4236
573368	4237
1080485	4238
929798	4239
592756	4240
297778	4241
947138	4242
640803	4243
837509	4244
105808	4245
67173	4246
683711	4247
1073601	4248
934922	4249
924201	4250
366687	4251
343278	4252
562591	4253
1072077	4254
1067109	4255
45322	4256
1086662	4257
804749	4258
980886	4259
991729	4260
833717	4261
669455	4262
503818	4263
1016996	4264
5159	4265
634857	4266
230782	4267
728076	4268
18677	4269
675951	4270
583859	4271
1009997	4272
379861	4273
1002757	4274
1140244	4275
1137915	4276
803240	4277
500401	4278
159612	4279
677209	4280
513845	4281
85041	4282
83356	4283
840167	4284
698050	4285
1030513	4286
139359	4287
710842	4288
143957	4289
1058033	4290
469697	4291
302799	4292
975740	4293
623207	4294
815650	4295
771371	4296
797551	4297
661416	4298
773621	4299
856644	4300
247935	4301
380776	4302
533849	4303
1058681	4304
1140282	4305
794960	4306
580376	4307
854105	4308
1085018	4309
552364	4310
365534	4311
1111987	4312
1308	4313
552505	4314
1934	4315
392418	4316
442678	4317
705661	4318
28034	4319
1044658	4320
961006	4321
464044	4322
188721	4323
341458	4324
454220	4325
1128174	4326
795930	4327
230449	4328
773220	4329
476677	4330
514924	4331
49455	4332
861005	4333
830475	4334
970767	4335
288051	4336
264278	4337
368920	4338
845382	4339
1000707	4340
446364	4341
1118002	4342
558511	4343
997302	4344
1078198	4345
748094	4346
1057937	4347
283921	4348
90545	4349
1019104	4350
880037	4351
388651	4352
592772	4353
695260	4354
448925	4355
677382	4356
149198	4357
147336	4358
391185	4359
113579	4360
1108752	4361
775514	4362
276816	4363
1104608	4364
840142	4365
844335	4366
146996	4367
647033	4368
408091	4369
631821	4370
206134	4371
781827	4372
295199	4373
913928	4374
745515	4375
230543	4376
1129023	4377
514188	4378
163371	4379
175216	4380
55780	4381
885221	4382
821558	4383
233264	4384
444935	4385
615588	4386
594609	4387
975960	4388
925852	4389
423370	4390
465757	4391
92552	4392
331688	4393
830173	4394
882075	4395
380685	4396
217083	4397
48993	4398
917191	4399
1004087	4400
786356	4401
1010802	4402
219764	4403
199583	4404
427245	4405
759915	4406
20639	4407
911764	4408
477181	4409
52638	4410
666567	4411
319752	4412
338948	4413
469383	4414
218218	4415
148897	4416
736355	4417
79936	4418
79665	4419
1126068	4420
509700	4421
1138997	4422
466654	4423
469468	4424
669336	4425
253451	4426
921456	4427
20061	4428
1109695	4429
998373	4430
10375	4431
900068	4432
254209	4433
91977	4434
314039	4435
389911	4436
393365	4437
587974	4438
1065358	4439
392159	4440
54165	4441
178082	4442
103406	4443
691988	4444
630154	4445
1096948	4446
922091	4447
530550	4448
312555	4449
104739	4450
842432	4451
163029	4452
1057591	4453
638045	4454
471600	4455
227651	4456
767626	4457
846702	4458
247817	4459
333409	4460
1067377	4461
806061	4462
650888	4463
384401	4464
248027	4465
726959	4466
911166	4467
383306	4468
973873	4469
600334	4470
428559	4471
468309	4472
887522	4473
1008303	4474
741717	4475
1066725	4476
432752	4477
357187	4478
726199	4479
485727	4480
809525	4481
768337	4482
608817	4483
21084	4484
538480	4485
140200	4486
589048	4487
175397	4488
934166	4489
606651	4490
1009720	4491
154242	4492
489134	4493
586749	4494
354220	4495
978274	4496
822201	4497
932593	4498
1011909	4499
1075167	4500
942792	4501
936187	4502
952039	4503
517100	4504
553749	4505
1001472	4506
42329	4507
50031	4508
821402	4509
1038268	4510
922536	4511
883667	4512
25884	4513
149306	4514
69686	4515
637907	4516
516035	4517
503816	4518
1110299	4519
590183	4520
485526	4521
351268	4522
88468	4523
379210	4524
1064090	4525
834459	4526
255616	4527
405097	4528
303405	4529
991604	4530
279737	4531
1125938	4532
223826	4533
765225	4534
620545	4535
513086	4536
780304	4537
1031740	4538
645473	4539
671082	4540
985812	4541
30597	4542
136916	4543
684425	4544
531262	4545
696110	4546
999513	4547
868454	4548
300819	4549
331544	4550
252342	4551
1010232	4552
412288	4553
468355	4554
361118	4555
565795	4556
891532	4557
693761	4558
354572	4559
219801	4560
562818	4561
543893	4562
753753	4563
238221	4564
802416	4565
195794	4566
793503	4567
473632	4568
1032218	4569
83975	4570
606096	4571
978826	4572
57273	4573
806732	4574
400226	4575
729002	4576
729829	4577
561615	4578
620200	4579
18824	4580
842385	4581
210840	4582
801035	4583
202609	4584
2345	4585
947577	4586
333620	4587
91943	4588
85112	4589
210097	4590
1023229	4591
841164	4592
862819	4593
379839	4594
688306	4595
1051812	4596
62	4597
213856	4598
482395	4599
364652	4600
1068541	4601
763290	4602
99522	4603
984715	4604
18183	4605
55410	4606
260412	4607
405894	4608
133605	4609
867737	4610
385786	4611
295101	4612
719669	4613
890061	4614
927382	4615
547589	4616
72685	4617
942924	4618
833560	4619
1137772	4620
626082	4621
167962	4622
9244	4623
425773	4624
438922	4625
197206	4626
252618	4627
1028683	4628
177100	4629
586216	4630
561370	4631
95441	4632
38918	4633
418101	4634
843867	4635
778722	4636
512701	4637
475893	4638
367998	4639
1048975	4640
1028500	4641
542220	4642
585916	4643
860302	4644
573115	4645
643070	4646
869977	4647
1009240	4648
880749	4649
502002	4650
1027868	4651
398981	4652
852002	4653
690922	4654
308933	4655
1134096	4656
414035	4657
102514	4658
531419	4659
1104533	4660
801933	4661
1103401	4662
878667	4663
812200	4664
303125	4665
203372	4666
113832	4667
945670	4668
78968	4669
39964	4670
336912	4671
592060	4672
1086226	4673
991832	4674
324093	4675
212733	4676
844940	4677
196137	4678
500835	4679
696729	4680
600137	4681
676844	4682
83111	4683
833346	4684
102333	4685
1033220	4686
82642	4687
823220	4688
1032460	4689
818659	4690
587052	4691
1027449	4692
140932	4693
494103	4694
709842	4695
327335	4696
332881	4697
115858	4698
869923	4699
166125	4700
23298	4701
1136729	4702
793631	4703
1133579	4704
994901	4705
782773	4706
29217	4707
247521	4708
1057538	4709
408609	4710
1129695	4711
502328	4712
773746	4713
59099	4714
518360	4715
1046410	4716
153909	4717
88954	4718
882567	4719
616913	4720
154202	4721
887743	4722
737556	4723
932621	4724
327289	4725
434420	4726
770073	4727
868047	4728
806906	4729
440859	4730
665075	4731
191365	4732
1090915	4733
524348	4734
901135	4735
105211	4736
731692	4737
849715	4738
460542	4739
1003569	4740
1024030	4741
866551	4742
933665	4743
1108712	4744
1059636	4745
506964	4746
296079	4747
215114	4748
955205	4749
714146	4750
109503	4751
1041372	4752
517374	4753
530546	4754
653353	4755
727401	4756
262119	4757
229683	4758
935659	4759
1032337	4760
733559	4761
752773	4762
81157	4763
942241	4764
258898	4765
283758	4766
864231	4767
1101082	4768
138800	4769
926451	4770
293018	4771
484823	4772
810841	4773
791397	4774
24454	4775
322956	4776
653226	4777
782719	4778
1134954	4779
403450	4780
657873	4781
1082653	4782
599856	4783
115471	4784
741058	4785
1071152	4786
766767	4787
65212	4788
834013	4789
240408	4790
742008	4791
626564	4792
576729	4793
620641	4794
528088	4795
1002678	4796
658245	4797
442353	4798
376883	4799
201606	4800
184802	4801
885749	4802
163736	4803
782715	4804
1129354	4805
1072137	4806
379723	4807
1034705	4808
566401	4809
236266	4810
1110217	4811
355706	4812
87623	4813
309295	4814
38174	4815
1108512	4816
225120	4817
1110519	4818
193573	4819
399006	4820
34138	4821
107437	4822
559876	4823
882326	4824
233871	4825
981771	4826
1119473	4827
68036	4828
1041162	4829
714308	4830
162366	4831
455166	4832
655828	4833
206916	4834
1134285	4835
726774	4836
563185	4837
35772	4838
16871	4839
438208	4840
640821	4841
230109	4842
128674	4843
77381	4844
977306	4845
688420	4846
664471	4847
910852	4848
432356	4849
834043	4850
2634	4851
812256	4852
280127	4853
662338	4854
1080592	4855
70627	4856
1075369	4857
852524	4858
270770	4859
69218	4860
785002	4861
750721	4862
9620	4863
849034	4864
761145	4865
341453	4866
671611	4867
290245	4868
1721	4869
191958	4870
793060	4871
779867	4872
320356	4873
889035	4874
18958	4875
395449	4876
453507	4877
1137598	4878
964950	4879
666066	4880
372102	4881
374341	4882
201611	4883
140233	4884
451709	4885
156084	4886
1001246	4887
629302	4888
892998	4889
614638	4890
974512	4891
476105	4892
869962	4893
1007555	4894
436796	4895
1049651	4896
999202	4897
759734	4898
594882	4899
558656	4900
123796	4901
480511	4902
760548	4903
51896	4904
822645	4905
153260	4906
681702	4907
489373	4908
1020810	4909
589715	4910
950461	4911
41261	4912
656478	4913
891631	4914
961476	4915
187449	4916
55740	4917
875833	4918
1063726	4919
1107780	4920
733029	4921
1085422	4922
661191	4923
250853	4924
1062505	4925
56261	4926
373134	4927
563717	4928
356597	4929
330766	4930
85592	4931
31558	4932
147792	4933
970202	4934
200350	4935
220510	4936
856239	4937
1064953	4938
296590	4939
717036	4940
371030	4941
601998	4942
803255	4943
1010180	4944
101247	4945
538723	4946
732684	4947
109288	4948
649928	4949
339316	4950
1091404	4951
296820	4952
431329	4953
14557	4954
354804	4955
1079920	4956
134874	4957
567369	4958
697651	4959
679719	4960
1031745	4961
257417	4962
10611	4963
189680	4964
546252	4965
518459	4966
278941	4967
1087634	4968
1018070	4969
186987	4970
662594	4971
1031704	4972
475374	4973
946802	4974
195432	4975
56182	4976
179151	4977
881197	4978
263942	4979
382344	4980
1033011	4981
89179	4982
844550	4983
472518	4984
192364	4985
996843	4986
279913	4987
970983	4988
989185	4989
354833	4990
1124533	4991
174882	4992
7096	4993
315023	4994
152977	4995
408361	4996
239990	4997
662848	4998
240488	4999
545225	5000
474204	5001
222148	5002
192058	5003
729556	5004
437989	5005
877686	5006
888707	5007
733278	5008
43188	5009
633133	5010
515970	5011
569413	5012
976808	5013
366254	5014
780628	5015
811883	5016
285480	5017
616801	5018
707495	5019
327439	5020
58804	5021
479855	5022
152618	5023
180597	5024
546616	5025
535041	5026
337872	5027
559142	5028
1064367	5029
517248	5030
451954	5031
112065	5032
727730	5033
681545	5034
159725	5035
7913	5036
898597	5037
1015019	5038
884075	5039
864039	5040
739842	5041
767620	5042
628494	5043
1007554	5044
827300	5045
185084	5046
1044126	5047
724147	5048
343415	5049
75336	5050
153297	5051
605406	5052
996921	5053
335061	5054
348331	5055
154796	5056
220786	5057
154031	5058
505960	5059
687858	5060
394716	5061
296907	5062
30106	5063
922765	5064
5682	5065
498364	5066
246468	5067
191140	5068
992624	5069
971035	5070
997440	5071
169514	5072
565222	5073
630416	5074
1086804	5075
192553	5076
1014298	5077
987518	5078
1047989	5079
717387	5080
270520	5081
908365	5082
537887	5083
686635	5084
49167	5085
267083	5086
618890	5087
463612	5088
360829	5089
360187	5090
1115788	5091
74172	5092
730810	5093
940943	5094
529160	5095
13446	5096
765654	5097
399990	5098
904074	5099
671606	5100
879217	5101
527787	5102
446386	5103
501368	5104
1124979	5105
280643	5106
199460	5107
927100	5108
55640	5109
238348	5110
763884	5111
441258	5112
34385	5113
989142	5114
513038	5115
844617	5116
757785	5117
980913	5118
460380	5119
802714	5120
870752	5121
472918	5122
809650	5123
342820	5124
902302	5125
814438	5126
518149	5127
539722	5128
1026573	5129
16913	5130
494055	5131
700517	5132
408923	5133
98376	5134
1012978	5135
586810	5136
175519	5137
670716	5138
11683	5139
572133	5140
570083	5141
1125503	5142
249539	5143
1043403	5144
1029080	5145
299923	5146
549429	5147
428403	5148
376968	5149
862076	5150
739909	5151
881199	5152
826077	5153
879355	5154
824060	5155
938409	5156
987342	5157
480483	5158
741121	5159
952928	5160
285358	5161
988806	5162
597584	5163
254267	5164
845213	5165
908969	5166
695314	5167
1077335	5168
661572	5169
374526	5170
595102	5171
250003	5172
371057	5173
455580	5174
100994	5175
137362	5176
30100	5177
1131647	5178
772832	5179
241302	5180
652399	5181
929087	5182
232012	5183
658716	5184
441657	5185
1019758	5186
612946	5187
169126	5188
556985	5189
705925	5190
392910	5191
147593	5192
42249	5193
12305	5194
511843	5195
534210	5196
465572	5197
1093389	5198
1056020	5199
914891	5200
311404	5201
534013	5202
283162	5203
556996	5204
751500	5205
614890	5206
677767	5207
1061227	5208
562887	5209
269513	5210
169118	5211
172876	5212
206455	5213
405803	5214
523505	5215
469400	5216
720915	5217
560592	5218
391287	5219
992485	5220
494750	5221
204887	5222
573283	5223
466128	5224
2410	5225
633487	5226
848076	5227
519894	5228
904387	5229
61865	5230
431546	5231
1014980	5232
1109247	5233
449162	5234
370078	5235
754121	5236
201131	5237
637081	5238
559088	5239
1121499	5240
21225	5241
1110759	5242
714275	5243
286660	5244
1011826	5245
381419	5246
138754	5247
587230	5248
149609	5249
867894	5250
1139331	5251
173438	5252
756143	5253
404613	5254
539853	5255
255502	5256
1041756	5257
878883	5258
807606	5259
153507	5260
438551	5261
596707	5262
992981	5263
911825	5264
441237	5265
1090411	5266
1140906	5267
456110	5268
870697	5269
162834	5270
927865	5271
781231	5272
869383	5273
183209	5274
483838	5275
807270	5276
514020	5277
721100	5278
1088050	5279
308714	5280
285824	5281
12587	5282
297321	5283
681616	5284
77504	5285
223834	5286
608514	5287
915425	5288
491713	5289
877556	5290
167940	5291
877904	5292
153423	5293
445412	5294
154097	5295
1120102	5296
268199	5297
434441	5298
275615	5299
642086	5300
163187	5301
876377	5302
594829	5303
530205	5304
283816	5305
223472	5306
101325	5307
288585	5308
267803	5309
89392	5310
278317	5311
445532	5312
979408	5313
188188	5314
3593	5315
898265	5316
23615	5317
583827	5318
644767	5319
679369	5320
401777	5321
40704	5322
400376	5323
44655	5324
130713	5325
365155	5326
983509	5327
318082	5328
241714	5329
711019	5330
1022697	5331
678413	5332
515958	5333
911687	5334
22319	5335
459055	5336
440881	5337
888756	5338
574877	5339
380353	5340
537640	5341
823790	5342
143859	5343
349559	5344
1129895	5345
905650	5346
19471	5347
358375	5348
585373	5349
736865	5350
933009	5351
427038	5352
71253	5353
588888	5354
43117	5355
938381	5356
245863	5357
669339	5358
998535	5359
597925	5360
494604	5361
534052	5362
90888	5363
205859	5364
171283	5365
1031748	5366
873763	5367
1052513	5368
252061	5369
421715	5370
218334	5371
775934	5372
389495	5373
794899	5374
244085	5375
354763	5376
97204	5377
210007	5378
1061994	5379
610781	5380
1037268	5381
592406	5382
1022061	5383
407937	5384
132903	5385
51695	5386
105412	5387
501973	5388
1053597	5389
1085607	5390
557509	5391
368141	5392
466566	5393
762962	5394
424983	5395
938371	5396
739885	5397
1108118	5398
524594	5399
276963	5400
875750	5401
841316	5402
699065	5403
324351	5404
180832	5405
841989	5406
1007443	5407
508938	5408
1113029	5409
525430	5410
350822	5411
690595	5412
972130	5413
1004108	5414
1092086	5415
691933	5416
381749	5417
688696	5418
769775	5419
381820	5420
1059301	5421
383522	5422
983542	5423
230083	5424
1119113	5425
563969	5426
510506	5427
754404	5428
714262	5429
431025	5430
354032	5431
1090914	5432
611859	5433
552096	5434
1047954	5435
913829	5436
29179	5437
580861	5438
337749	5439
732336	5440
458972	5441
771112	5442
988331	5443
1051527	5444
749093	5445
993708	5446
495237	5447
130297	5448
159381	5449
983479	5450
557889	5451
652725	5452
601930	5453
801949	5454
511920	5455
312889	5456
263744	5457
378361	5458
448723	5459
848017	5460
157561	5461
418853	5462
1115795	5463
531294	5464
72134	5465
188267	5466
383054	5467
962724	5468
625082	5469
89808	5470
793071	5471
673078	5472
524218	5473
244928	5474
360673	5475
231857	5476
374703	5477
661187	5478
513711	5479
115807	5480
417424	5481
820630	5482
480202	5483
693884	5484
989682	5485
360439	5486
873462	5487
234534	5488
672102	5489
455803	5490
523211	5491
1053089	5492
833583	5493
1022946	5494
113968	5495
829437	5496
35118	5497
200979	5498
94150	5499
875204	5500
562339	5501
974953	5502
809463	5503
278523	5504
927977	5505
559870	5506
335769	5507
723328	5508
465179	5509
650645	5510
707277	5511
830457	5512
333658	5513
270834	5514
724583	5515
1075145	5516
854530	5517
855947	5518
786644	5519
967026	5520
720043	5521
593142	5522
995704	5523
1029212	5524
1015885	5525
665564	5526
448446	5527
651587	5528
280669	5529
575935	5530
392858	5531
499753	5532
1012572	5533
444117	5534
337162	5535
627623	5536
235104	5537
308384	5538
627253	5539
283115	5540
994961	5541
1113267	5542
1007322	5543
893737	5544
266941	5545
251384	5546
824256	5547
100039	5548
813811	5549
846734	5550
798859	5551
91896	5552
296386	5553
50392	5554
691352	5555
360168	5556
825338	5557
815693	5558
538970	5559
165803	5560
202982	5561
1136416	5562
965975	5563
783125	5564
574846	5565
487895	5566
505145	5567
1004855	5568
1078858	5569
471102	5570
189225	5571
299744	5572
509464	5573
11443	5574
629482	5575
215137	5576
67529	5577
92956	5578
751378	5579
43962	5580
388952	5581
156999	5582
485072	5583
636523	5584
152888	5585
166733	5586
1095272	5587
394723	5588
909564	5589
939981	5590
513180	5591
466914	5592
738487	5593
899599	5594
285614	5595
1032182	5596
578410	5597
392747	5598
1021517	5599
156141	5600
1073609	5601
1052274	5602
500957	5603
585681	5604
361284	5605
58571	5606
841685	5607
769721	5608
22525	5609
822049	5610
246338	5611
55303	5612
581788	5613
67296	5614
41350	5615
328127	5616
997120	5617
521487	5618
875456	5619
1025723	5620
4813	5621
612043	5622
50526	5623
49387	5624
58952	5625
833756	5626
796308	5627
235510	5628
575705	5629
588227	5630
348786	5631
866495	5632
447033	5633
522115	5634
138533	5635
992451	5636
127384	5637
708547	5638
796980	5639
170961	5640
622861	5641
734652	5642
326134	5643
310009	5644
200391	5645
1045974	5646
608846	5647
468208	5648
384341	5649
35360	5650
284000	5651
561525	5652
762224	5653
1055141	5654
1082074	5655
899409	5656
16554	5657
257767	5658
997502	5659
98226	5660
889772	5661
537133	5662
666180	5663
187498	5664
576365	5665
1033856	5666
115278	5667
305541	5668
481911	5669
190052	5670
183821	5671
739350	5672
473666	5673
957132	5674
759544	5675
908033	5676
420550	5677
697207	5678
230749	5679
2778	5680
1136137	5681
379838	5682
432055	5683
789329	5684
547181	5685
87035	5686
799516	5687
323213	5688
742318	5689
1063129	5690
990146	5691
43359	5692
707474	5693
1044765	5694
1090661	5695
910443	5696
1593	5697
154125	5698
679835	5699
53352	5700
82522	5701
1007637	5702
154340	5703
382796	5704
985780	5705
552755	5706
722889	5707
848818	5708
460523	5709
1094321	5710
77331	5711
551433	5712
429545	5713
777273	5714
722498	5715
94927	5716
241693	5717
876635	5718
82804	5719
454925	5720
618707	5721
708145	5722
787159	5723
223673	5724
981221	5725
873997	5726
1050688	5727
359577	5728
997341	5729
1141619	5730
199275	5731
1104785	5732
787337	5733
852869	5734
714643	5735
14949	5736
356834	5737
453341	5738
1077765	5739
540876	5740
568957	5741
1117573	5742
426811	5743
1000129	5744
838366	5745
335186	5746
467799	5747
641820	5748
194995	5749
5524	5750
488766	5751
755806	5752
382044	5753
152178	5754
799055	5755
979226	5756
201108	5757
269219	5758
761195	5759
156668	5760
782530	5761
819999	5762
335326	5763
1027861	5764
868821	5765
892820	5766
723022	5767
960637	5768
1056858	5769
572144	5770
484053	5771
644570	5772
179872	5773
685808	5774
294516	5775
696959	5776
992109	5777
663632	5778
1020838	5779
1082938	5780
602652	5781
1076029	5782
214652	5783
207007	5784
304839	5785
399709	5786
967585	5787
535276	5788
392477	5789
121399	5790
866734	5791
192779	5792
227460	5793
28018	5794
288635	5795
18895	5796
1070223	5797
85809	5798
727832	5799
1095104	5800
1103910	5801
596319	5802
913044	5803
121560	5804
501769	5805
565656	5806
531162	5807
458229	5808
100674	5809
887739	5810
708871	5811
114729	5812
279528	5813
630811	5814
166970	5815
357699	5816
458190	5817
387486	5818
315103	5819
263319	5820
1111981	5821
693847	5822
1030682	5823
212295	5824
290081	5825
801569	5826
607631	5827
259539	5828
30555	5829
735720	5830
114113	5831
420305	5832
778787	5833
765065	5834
697219	5835
505472	5836
396593	5837
816561	5838
689405	5839
1039257	5840
599497	5841
89724	5842
1083413	5843
961285	5844
85454	5845
107154	5846
238864	5847
877090	5848
387166	5849
743553	5850
951179	5851
581338	5852
585814	5853
1002542	5854
238875	5855
771652	5856
293759	5857
57642	5858
391217	5859
479551	5860
237635	5861
301001	5862
1030977	5863
265228	5864
421218	5865
748448	5866
608567	5867
895586	5868
120205	5869
669848	5870
880257	5871
465451	5872
949132	5873
983019	5874
593992	5875
869953	5876
565128	5877
986942	5878
983734	5879
1072853	5880
778080	5881
405934	5882
267625	5883
34895	5884
61838	5885
753153	5886
393676	5887
432857	5888
19026	5889
1017053	5890
503017	5891
1099322	5892
242624	5893
732138	5894
529768	5895
708451	5896
1006774	5897
1044468	5898
361502	5899
107570	5900
924053	5901
133624	5902
1136354	5903
474937	5904
572803	5905
1027970	5906
752192	5907
1016156	5908
5856	5909
244698	5910
567857	5911
864444	5912
17751	5913
802858	5914
823878	5915
779176	5916
824892	5917
1076332	5918
200608	5919
163042	5920
551195	5921
963145	5922
845291	5923
399887	5924
925875	5925
1016013	5926
730815	5927
325492	5928
454944	5929
343575	5930
200031	5931
97535	5932
55306	5933
1087098	5934
1111351	5935
838062	5936
905536	5937
204987	5938
15389	5939
593019	5940
360413	5941
706953	5942
831408	5943
198369	5944
1008246	5945
419509	5946
318243	5947
776057	5948
968676	5949
206095	5950
495784	5951
878691	5952
1068393	5953
133453	5954
529248	5955
272421	5956
398203	5957
196591	5958
426497	5959
559559	5960
966978	5961
1131658	5962
742469	5963
500018	5964
1101698	5965
101524	5966
827264	5967
245996	5968
880972	5969
972459	5970
37552	5971
1127529	5972
987306	5973
281323	5974
1090040	5975
712638	5976
861526	5977
1013598	5978
570339	5979
966055	5980
1099181	5981
300635	5982
215734	5983
164302	5984
393269	5985
462215	5986
421818	5987
248897	5988
393425	5989
647089	5990
431016	5991
469072	5992
1046739	5993
1004433	5994
733959	5995
1116691	5996
212663	5997
551180	5998
1101188	5999
634817	6000
832852	6001
329315	6002
1113087	6003
832377	6004
458174	6005
917803	6006
469709	6007
154597	6008
378316	6009
864934	6010
630004	6011
108570	6012
541451	6013
1049636	6014
735828	6015
625606	6016
185157	6017
846585	6018
675399	6019
512308	6020
1117575	6021
1066363	6022
1137065	6023
285233	6024
295911	6025
829569	6026
1129638	6027
419344	6028
45364	6029
753236	6030
425795	6031
752409	6032
640881	6033
432	6034
693169	6035
773207	6036
572098	6037
1091050	6038
332119	6039
417885	6040
331125	6041
1041400	6042
762326	6043
868842	6044
836275	6045
641459	6046
1093049	6047
91076	6048
313653	6049
419269	6050
804663	6051
371647	6052
1031823	6053
289787	6054
140506	6055
641217	6056
311447	6057
574339	6058
280738	6059
208131	6060
769464	6061
625901	6062
770836	6063
487410	6064
61501	6065
443991	6066
986426	6067
142629	6068
464128	6069
1065888	6070
641356	6071
713764	6072
244858	6073
702173	6074
357956	6075
80808	6076
1129193	6077
749757	6078
1043652	6079
64303	6080
8563	6081
355276	6082
633860	6083
523379	6084
879697	6085
62612	6086
238090	6087
1085919	6088
38212	6089
742003	6090
571633	6091
334927	6092
839700	6093
883949	6094
13200	6095
169420	6096
339666	6097
1119640	6098
592134	6099
424129	6100
891349	6101
1016244	6102
80331	6103
828111	6104
400319	6105
61467	6106
953120	6107
990748	6108
1065900	6109
908624	6110
843718	6111
726789	6112
329176	6113
656246	6114
667149	6115
823355	6116
936191	6117
890343	6118
70065	6119
317754	6120
849005	6121
116757	6122
968754	6123
595589	6124
601581	6125
276881	6126
921933	6127
275816	6128
201210	6129
423595	6130
926868	6131
106157	6132
394096	6133
1005677	6134
353676	6135
95483	6136
973199	6137
317723	6138
149081	6139
805114	6140
614629	6141
472232	6142
64761	6143
447722	6144
793965	6145
514204	6146
388259	6147
728944	6148
517394	6149
248436	6150
741404	6151
1057053	6152
639061	6153
370442	6154
587211	6155
258396	6156
276890	6157
53014	6158
1139677	6159
248074	6160
890469	6161
633197	6162
1087354	6163
825265	6164
891277	6165
907209	6166
385334	6167
383689	6168
1081670	6169
906581	6170
566903	6171
137336	6172
691680	6173
569730	6174
471210	6175
247144	6176
26660	6177
1100917	6178
684608	6179
967504	6180
353504	6181
509501	6182
162101	6183
1045797	6184
223851	6185
484472	6186
400924	6187
271077	6188
802441	6189
485625	6190
131001	6191
513254	6192
1068159	6193
843558	6194
672634	6195
940360	6196
428825	6197
184727	6198
218202	6199
710961	6200
671171	6201
635419	6202
1020631	6203
1137287	6204
335005	6205
927837	6206
311247	6207
1045626	6208
52593	6209
88823	6210
814897	6211
517888	6212
571834	6213
729593	6214
310717	6215
759252	6216
346231	6217
423967	6218
630370	6219
562158	6220
1092484	6221
324576	6222
135459	6223
296884	6224
819201	6225
89039	6226
320015	6227
1089294	6228
617171	6229
928408	6230
1042856	6231
913919	6232
1141458	6233
16288	6234
588404	6235
615448	6236
1058214	6237
1087959	6238
46011	6239
602019	6240
518879	6241
1128318	6242
515220	6243
987975	6244
58992	6245
828535	6246
295079	6247
743951	6248
328577	6249
911696	6250
885855	6251
1095542	6252
15715	6253
996299	6254
427792	6255
416874	6256
1016882	6257
986893	6258
962335	6259
115222	6260
859711	6261
845318	6262
216361	6263
1031483	6264
1026221	6265
358614	6266
474111	6267
178074	6268
1124399	6269
927766	6270
1100076	6271
504273	6272
258510	6273
906103	6274
465719	6275
475553	6276
1000119	6277
6775	6278
765825	6279
819498	6280
405236	6281
711676	6282
496562	6283
521218	6284
220193	6285
1088167	6286
805994	6287
149654	6288
160146	6289
275532	6290
988977	6291
3674	6292
737849	6293
127370	6294
61043	6295
278505	6296
886584	6297
1049185	6298
179186	6299
178464	6300
23779	6301
281519	6302
508693	6303
878393	6304
566440	6305
354536	6306
536596	6307
137523	6308
1053099	6309
474607	6310
340799	6311
211908	6312
406384	6313
183222	6314
226231	6315
1000766	6316
172399	6317
1138886	6318
230251	6319
305264	6320
127939	6321
683959	6322
847907	6323
480160	6324
563923	6325
157382	6326
53057	6327
570864	6328
254532	6329
1133461	6330
171205	6331
171977	6332
182455	6333
596665	6334
365474	6335
125301	6336
34677	6337
318384	6338
455135	6339
834467	6340
806095	6341
78068	6342
441902	6343
724173	6344
153074	6345
336838	6346
932229	6347
774317	6348
857294	6349
867860	6350
484815	6351
468375	6352
665305	6353
1128450	6354
93813	6355
276519	6356
512759	6357
814624	6358
271673	6359
503843	6360
762991	6361
625415	6362
1075817	6363
35491	6364
822918	6365
811687	6366
992344	6367
910469	6368
761917	6369
260262	6370
1046679	6371
813236	6372
1080152	6373
68785	6374
393236	6375
398100	6376
1083632	6377
784848	6378
532599	6379
504696	6380
86614	6381
190305	6382
505265	6383
365691	6384
106403	6385
294005	6386
1126213	6387
565302	6388
949897	6389
251577	6390
657350	6391
1050306	6392
452580	6393
1095469	6394
783246	6395
125901	6396
831743	6397
987499	6398
455540	6399
538049	6400
1008737	6401
605101	6402
516585	6403
752527	6404
1879	6405
730389	6406
692880	6407
890488	6408
797565	6409
78308	6410
544902	6411
493568	6412
906949	6413
1044505	6414
968548	6415
1009532	6416
882598	6417
491621	6418
1105753	6419
1074638	6420
270872	6421
20300	6422
614731	6423
1105678	6424
455822	6425
211770	6426
861665	6427
623369	6428
510338	6429
638011	6430
846490	6431
621925	6432
1109806	6433
694832	6434
160218	6435
348747	6436
867743	6437
1082686	6438
1039484	6439
583106	6440
521388	6441
326829	6442
469812	6443
372954	6444
130020	6445
608910	6446
113671	6447
26079	6448
1127467	6449
176448	6450
466113	6451
739800	6452
586395	6453
171212	6454
149736	6455
376503	6456
849272	6457
568091	6458
19585	6459
878634	6460
904777	6461
751996	6462
143700	6463
384252	6464
835339	6465
372347	6466
994835	6467
218125	6468
407924	6469
176911	6470
97343	6471
575552	6472
95473	6473
988229	6474
225124	6475
290424	6476
642057	6477
491189	6478
943665	6479
762681	6480
912323	6481
1089193	6482
360565	6483
845751	6484
230460	6485
1090167	6486
103585	6487
376998	6488
922535	6489
685420	6490
290831	6491
560783	6492
320192	6493
783389	6494
556918	6495
387266	6496
834784	6497
525974	6498
821098	6499
154773	6500
540953	6501
1106319	6502
126109	6503
21424	6504
407688	6505
352983	6506
851739	6507
1051865	6508
459592	6509
1043185	6510
849975	6511
409694	6512
429945	6513
371577	6514
87395	6515
679005	6516
1049308	6517
119273	6518
70992	6519
658554	6520
1074148	6521
799647	6522
952145	6523
267900	6524
541515	6525
575542	6526
20576	6527
285421	6528
638896	6529
844953	6530
225793	6531
1005175	6532
530522	6533
819151	6534
246663	6535
565749	6536
737052	6537
994204	6538
755068	6539
360636	6540
684938	6541
215590	6542
707285	6543
209577	6544
766144	6545
790596	6546
861806	6547
680608	6548
986829	6549
366076	6550
510494	6551
477320	6552
993969	6553
194673	6554
752869	6555
699488	6556
694533	6557
427563	6558
473557	6559
790683	6560
439683	6561
588361	6562
262564	6563
538916	6564
244601	6565
262138	6566
698480	6567
317329	6568
898490	6569
890550	6570
1051403	6571
328298	6572
596166	6573
211023	6574
629988	6575
219270	6576
522149	6577
652287	6578
842163	6579
214718	6580
410967	6581
296277	6582
573284	6583
824894	6584
278921	6585
610846	6586
996249	6587
4388	6588
126131	6589
580636	6590
862883	6591
897084	6592
531490	6593
362181	6594
1134203	6595
828987	6596
1132751	6597
1077322	6598
1052484	6599
845569	6600
556114	6601
862021	6602
585605	6603
122034	6604
896655	6605
34696	6606
265970	6607
558162	6608
1133479	6609
470604	6610
117121	6611
67766	6612
1066885	6613
174852	6614
312440	6615
230152	6616
108034	6617
131391	6618
1105949	6619
550644	6620
98022	6621
1037843	6622
978794	6623
1091480	6624
1003795	6625
114918	6626
185955	6627
984565	6628
1105390	6629
267611	6630
324822	6631
599340	6632
38182	6633
985744	6634
785753	6635
22107	6636
645286	6637
344622	6638
711007	6639
384180	6640
9920	6641
204117	6642
473091	6643
382903	6644
421237	6645
570592	6646
753704	6647
372682	6648
13636	6649
9706	6650
844142	6651
799875	6652
617884	6653
1119966	6654
1017062	6655
1099467	6656
984925	6657
917292	6658
400028	6659
279311	6660
960336	6661
366438	6662
220118	6663
801356	6664
441234	6665
523858	6666
176272	6667
804769	6668
189745	6669
1078998	6670
496460	6671
756823	6672
328396	6673
243784	6674
557704	6675
615810	6676
349518	6677
851804	6678
898466	6679
1108746	6680
131758	6681
577820	6682
69953	6683
88475	6684
979630	6685
10846	6686
582754	6687
916039	6688
918208	6689
320425	6690
169942	6691
119037	6692
114230	6693
664253	6694
569273	6695
411243	6696
144998	6697
334244	6698
20641	6699
58792	6700
1004679	6701
15870	6702
365015	6703
593229	6704
523287	6705
774754	6706
979730	6707
978286	6708
1041387	6709
771548	6710
42068	6711
1038774	6712
676518	6713
833104	6714
219036	6715
500822	6716
121298	6717
52484	6718
429800	6719
756661	6720
397179	6721
1070682	6722
217036	6723
552659	6724
1027586	6725
800524	6726
514477	6727
63242	6728
726859	6729
103324	6730
22840	6731
72549	6732
391277	6733
1012318	6734
731991	6735
987350	6736
19992	6737
571822	6738
492993	6739
641232	6740
859000	6741
88141	6742
1016423	6743
525175	6744
708931	6745
612439	6746
555543	6747
104459	6748
202669	6749
1109140	6750
720025	6751
81819	6752
559974	6753
591892	6754
422074	6755
705296	6756
90885	6757
168463	6758
306674	6759
736195	6760
494543	6761
321331	6762
326397	6763
376391	6764
235455	6765
557420	6766
1082735	6767
1106357	6768
141746	6769
304973	6770
1000785	6771
1138390	6772
1132102	6773
256345	6774
136671	6775
983285	6776
156384	6777
1070668	6778
1055007	6779
481145	6780
164203	6781
288526	6782
268198	6783
259620	6784
349298	6785
112833	6786
633167	6787
30513	6788
18434	6789
543233	6790
331456	6791
826763	6792
813067	6793
361916	6794
769098	6795
529909	6796
333292	6797
62526	6798
835448	6799
274631	6800
295906	6801
604910	6802
97717	6803
78417	6804
235870	6805
1108229	6806
170241	6807
656669	6808
1078913	6809
1002770	6810
32971	6811
997059	6812
690825	6813
1090782	6814
526045	6815
170530	6816
613998	6817
337302	6818
899865	6819
501105	6820
843420	6821
1065505	6822
904789	6823
581996	6824
17818	6825
762945	6826
789186	6827
751421	6828
702132	6829
144296	6830
1039186	6831
53342	6832
781547	6833
811458	6834
158861	6835
57624	6836
349240	6837
663854	6838
570007	6839
715327	6840
984452	6841
12415	6842
107217	6843
558751	6844
511383	6845
43392	6846
244148	6847
1055654	6848
159990	6849
845536	6850
1096981	6851
298600	6852
144260	6853
513151	6854
743623	6855
1138880	6856
776518	6857
1025593	6858
975821	6859
270231	6860
773379	6861
315029	6862
1007038	6863
626367	6864
995322	6865
96966	6866
131189	6867
244045	6868
85088	6869
861540	6870
992538	6871
478702	6872
726369	6873
216777	6874
38749	6875
335390	6876
704201	6877
419981	6878
384728	6879
643263	6880
10651	6881
750086	6882
807377	6883
935274	6884
740543	6885
323563	6886
537818	6887
878701	6888
305511	6889
423167	6890
743226	6891
168955	6892
641663	6893
1095588	6894
589411	6895
410458	6896
107212	6897
85887	6898
263580	6899
140250	6900
521807	6901
974723	6902
749792	6903
64287	6904
260800	6905
1012244	6906
667351	6907
693993	6908
243884	6909
309490	6910
1096015	6911
705582	6912
1015063	6913
652117	6914
627499	6915
659672	6916
371092	6917
49318	6918
784578	6919
507484	6920
397153	6921
134492	6922
525331	6923
881311	6924
929103	6925
109959	6926
604905	6927
1000329	6928
666397	6929
107565	6930
91114	6931
709870	6932
500502	6933
479014	6934
281910	6935
883554	6936
1018461	6937
351970	6938
607251	6939
282604	6940
419345	6941
1045488	6942
1014828	6943
1066722	6944
1123461	6945
710490	6946
209778	6947
841853	6948
389645	6949
401829	6950
900239	6951
275926	6952
228039	6953
854994	6954
544274	6955
250173	6956
1056557	6957
917120	6958
752755	6959
601713	6960
825430	6961
61628	6962
310311	6963
274493	6964
406925	6965
1097362	6966
1081692	6967
33338	6968
435566	6969
139382	6970
841193	6971
689737	6972
70719	6973
667607	6974
166977	6975
393941	6976
89993	6977
1128741	6978
55253	6979
931069	6980
475452	6981
773333	6982
662918	6983
15936	6984
154640	6985
555949	6986
237454	6987
120196	6988
561809	6989
129415	6990
494860	6991
284993	6992
1099983	6993
182405	6994
626550	6995
188265	6996
1101901	6997
982207	6998
1037536	6999
1026758	7000
183825	7001
409756	7002
162445	7003
362798	7004
94512	7005
325717	7006
1107000	7007
214532	7008
707844	7009
565189	7010
860624	7011
1082781	7012
908568	7013
359458	7014
1094710	7015
253002	7016
209900	7017
828882	7018
344096	7019
736210	7020
445758	7021
247922	7022
595453	7023
653231	7024
775907	7025
359262	7026
176483	7027
759536	7028
408339	7029
56706	7030
319355	7031
62260	7032
398523	7033
1095248	7034
491638	7035
152932	7036
628033	7037
702826	7038
248118	7039
628596	7040
87486	7041
516632	7042
192157	7043
1009327	7044
963496	7045
357338	7046
316240	7047
111885	7048
352939	7049
908019	7050
176490	7051
672836	7052
15334	7053
1116240	7054
655563	7055
233947	7056
655134	7057
229685	7058
120753	7059
686115	7060
187432	7061
377633	7062
154401	7063
207838	7064
398640	7065
825550	7066
847581	7067
409327	7068
436711	7069
392734	7070
80449	7071
393977	7072
343054	7073
750450	7074
198286	7075
546829	7076
408301	7077
38636	7078
917116	7079
39947	7080
753659	7081
71666	7082
118691	7083
200670	7084
634753	7085
359905	7086
993811	7087
483739	7088
776187	7089
184849	7090
219813	7091
1006845	7092
374302	7093
72448	7094
848610	7095
452960	7096
578371	7097
219569	7098
515671	7099
1076919	7100
44835	7101
468111	7102
67578	7103
718747	7104
1066474	7105
39796	7106
223742	7107
1018892	7108
511251	7109
26255	7110
641415	7111
776423	7112
734272	7113
379187	7114
526180	7115
1029880	7116
184289	7117
819035	7118
644338	7119
976743	7120
873562	7121
196062	7122
1048566	7123
606794	7124
1013039	7125
383607	7126
181211	7127
737053	7128
336020	7129
714926	7130
494727	7131
776586	7132
913819	7133
811280	7134
206989	7135
998837	7136
873661	7137
853650	7138
472958	7139
480527	7140
281116	7141
964338	7142
17812	7143
445796	7144
517440	7145
846391	7146
484577	7147
99583	7148
67093	7149
549958	7150
532269	7151
1015673	7152
160940	7153
96666	7154
882640	7155
137807	7156
257889	7157
17963	7158
15419	7159
530063	7160
837259	7161
791965	7162
180614	7163
121078	7164
204705	7165
993673	7166
98450	7167
168250	7168
121247	7169
541592	7170
746615	7171
540480	7172
1097611	7173
709213	7174
581810	7175
12514	7176
953638	7177
14079	7178
326821	7179
492448	7180
812346	7181
726966	7182
180417	7183
637790	7184
307972	7185
584416	7186
871986	7187
220003	7188
267666	7189
438347	7190
1135968	7191
875537	7192
224593	7193
711723	7194
1135245	7195
516207	7196
1058563	7197
1136895	7198
904688	7199
401598	7200
494919	7201
524663	7202
460540	7203
75014	7204
866662	7205
160485	7206
737054	7207
488011	7208
778292	7209
75622	7210
1133928	7211
576251	7212
1074990	7213
394113	7214
1079584	7215
126400	7216
873886	7217
964147	7218
302895	7219
502184	7220
341286	7221
1066700	7222
776380	7223
700007	7224
158630	7225
1086469	7226
811952	7227
881657	7228
928276	7229
312364	7230
1046978	7231
1001775	7232
157742	7233
987867	7234
121759	7235
892296	7236
291107	7237
230380	7238
238408	7239
941427	7240
408771	7241
1116271	7242
1022051	7243
873691	7244
1011297	7245
1040218	7246
846899	7247
694536	7248
294892	7249
1013611	7250
397505	7251
496597	7252
37375	7253
649002	7254
1033570	7255
5597	7256
816951	7257
973167	7258
905307	7259
253053	7260
51023	7261
1066534	7262
812273	7263
749819	7264
1118670	7265
486460	7266
991060	7267
488615	7268
851312	7269
1038259	7270
512800	7271
4124	7272
97171	7273
911909	7274
1001092	7275
443747	7276
258595	7277
609867	7278
249612	7279
821210	7280
1086319	7281
527000	7282
168803	7283
653256	7284
199209	7285
996884	7286
93373	7287
524476	7288
599904	7289
720696	7290
246052	7291
12533	7292
956492	7293
685949	7294
860065	7295
241885	7296
2078	7297
424834	7298
271290	7299
782592	7300
1098124	7301
454661	7302
730705	7303
618896	7304
639842	7305
461074	7306
987457	7307
782232	7308
496400	7309
776724	7310
582356	7311
521043	7312
248187	7313
339268	7314
40618	7315
677809	7316
236644	7317
1006710	7318
977341	7319
1031350	7320
1112672	7321
206769	7322
394293	7323
430485	7324
225823	7325
143867	7326
285680	7327
684068	7328
921773	7329
243068	7330
590709	7331
285565	7332
77471	7333
362123	7334
483201	7335
227030	7336
784173	7337
301725	7338
641934	7339
818728	7340
857705	7341
253669	7342
1122639	7343
857824	7344
827617	7345
732022	7346
450768	7347
245872	7348
380077	7349
1066517	7350
13484	7351
630640	7352
531990	7353
294515	7354
925103	7355
972097	7356
86880	7357
784414	7358
738428	7359
841462	7360
191802	7361
437233	7362
444186	7363
144269	7364
415027	7365
991912	7366
274208	7367
978111	7368
993726	7369
572814	7370
479142	7371
1027443	7372
185297	7373
746745	7374
1135816	7375
1069381	7376
59154	7377
632984	7378
430676	7379
371491	7380
982613	7381
102796	7382
416593	7383
473443	7384
1024543	7385
726944	7386
113521	7387
1005969	7388
1032142	7389
398709	7390
795842	7391
1076863	7392
890545	7393
477620	7394
896933	7395
772039	7396
751176	7397
853376	7398
957546	7399
117195	7400
1105667	7401
336788	7402
1112493	7403
731176	7404
4048	7405
690158	7406
83102	7407
436148	7408
232160	7409
533791	7410
246665	7411
183456	7412
39189	7413
885310	7414
545801	7415
257299	7416
869519	7417
379439	7418
550095	7419
106372	7420
315509	7421
622895	7422
715163	7423
764453	7424
718992	7425
577761	7426
479529	7427
232916	7428
462892	7429
985139	7430
208718	7431
86379	7432
580628	7433
248482	7434
374830	7435
862646	7436
649496	7437
862288	7438
449431	7439
32149	7440
267150	7441
394671	7442
274314	7443
493079	7444
276381	7445
168537	7446
526351	7447
930749	7448
305984	7449
1065404	7450
701764	7451
805344	7452
327504	7453
821900	7454
48442	7455
136633	7456
1109135	7457
87267	7458
107051	7459
750554	7460
230172	7461
643328	7462
1046776	7463
1021697	7464
675436	7465
26882	7466
1009763	7467
246283	7468
104382	7469
110954	7470
646205	7471
1089191	7472
372172	7473
99336	7474
567672	7475
337573	7476
465803	7477
912186	7478
1055721	7479
769205	7480
493872	7481
10057	7482
345882	7483
513036	7484
1046915	7485
859682	7486
717459	7487
348254	7488
315620	7489
882998	7490
973802	7491
471808	7492
515460	7493
239276	7494
300280	7495
732091	7496
328204	7497
449166	7498
233552	7499
252969	7500
419505	7501
250327	7502
1094093	7503
422440	7504
909142	7505
504878	7506
932225	7507
753070	7508
873566	7509
398809	7510
52490	7511
995715	7512
458244	7513
511683	7514
78038	7515
960938	7516
598722	7517
638395	7518
550170	7519
23116	7520
445145	7521
502408	7522
893327	7523
856633	7524
825720	7525
1134297	7526
530363	7527
55025	7528
83850	7529
700063	7530
490648	7531
533193	7532
1027998	7533
557450	7534
507670	7535
384605	7536
571782	7537
381584	7538
251021	7539
996724	7540
331889	7541
54997	7542
861289	7543
5430	7544
734638	7545
380025	7546
60690	7547
319759	7548
236803	7549
490190	7550
475133	7551
345609	7552
977229	7553
1109459	7554
589994	7555
719525	7556
502701	7557
1118372	7558
223239	7559
635767	7560
877807	7561
257474	7562
351939	7563
218098	7564
76136	7565
1134927	7566
1003200	7567
521307	7568
21953	7569
381246	7570
104949	7571
802388	7572
445497	7573
386458	7574
132207	7575
971298	7576
609560	7577
894973	7578
1022752	7579
1016894	7580
703185	7581
673311	7582
588850	7583
948346	7584
1044803	7585
553322	7586
261293	7587
679249	7588
464172	7589
398876	7590
782168	7591
23428	7592
157661	7593
714409	7594
245618	7595
738246	7596
183001	7597
1020780	7598
570853	7599
944212	7600
573477	7601
332250	7602
292410	7603
145561	7604
809643	7605
432403	7606
763526	7607
232305	7608
1008838	7609
1106467	7610
1035312	7611
653452	7612
848419	7613
540564	7614
604025	7615
278747	7616
812319	7617
381338	7618
1102956	7619
733144	7620
152678	7621
871918	7622
302950	7623
999379	7624
881573	7625
1004326	7626
360539	7627
610080	7628
577452	7629
37068	7630
388846	7631
555329	7632
574205	7633
782663	7634
626649	7635
116491	7636
909956	7637
64356	7638
611337	7639
962430	7640
512503	7641
823621	7642
569654	7643
818709	7644
433596	7645
417557	7646
24439	7647
733287	7648
630458	7649
843399	7650
13435	7651
656121	7652
1066711	7653
51073	7654
851094	7655
582971	7656
1138464	7657
706677	7658
963720	7659
987082	7660
502180	7661
44661	7662
597402	7663
253498	7664
99670	7665
101870	7666
752464	7667
2730	7668
65432	7669
534615	7670
1123117	7671
821733	7672
758778	7673
425408	7674
40640	7675
429165	7676
1040911	7677
816958	7678
840689	7679
25996	7680
136423	7681
433768	7682
791188	7683
437172	7684
385019	7685
528435	7686
886081	7687
316163	7688
760190	7689
31072	7690
282668	7691
214360	7692
1048446	7693
348327	7694
253533	7695
266778	7696
607351	7697
531370	7698
115158	7699
814014	7700
190251	7701
820848	7702
617631	7703
265319	7704
772216	7705
172485	7706
1047162	7707
34411	7708
419788	7709
7676	7710
254268	7711
1126353	7712
972867	7713
117210	7714
127334	7715
83375	7716
1023935	7717
1117256	7718
986965	7719
1011306	7720
819153	7721
687471	7722
755975	7723
137114	7724
961822	7725
1058402	7726
875539	7727
810484	7728
195333	7729
638527	7730
123359	7731
208120	7732
41230	7733
330480	7734
321652	7735
798503	7736
245398	7737
482977	7738
490318	7739
148326	7740
418395	7741
517021	7742
64966	7743
427812	7744
513941	7745
373677	7746
179200	7747
10692	7748
371985	7749
650821	7750
1114710	7751
734662	7752
141972	7753
665783	7754
697714	7755
1091815	7756
712709	7757
1049760	7758
497980	7759
1004695	7760
613568	7761
631862	7762
473295	7763
492674	7764
891857	7765
129880	7766
890137	7767
649118	7768
446054	7769
687778	7770
1134686	7771
851564	7772
356720	7773
343674	7774
172121	7775
932018	7776
970185	7777
847245	7778
225285	7779
879861	7780
771009	7781
415391	7782
435430	7783
258693	7784
47660	7785
1021905	7786
785992	7787
880459	7788
681832	7789
380630	7790
921114	7791
1116371	7792
576642	7793
625269	7794
877931	7795
514661	7796
810883	7797
1057998	7798
41189	7799
323297	7800
977830	7801
1078857	7802
331038	7803
856472	7804
419200	7805
460764	7806
390501	7807
744211	7808
508097	7809
346841	7810
1028077	7811
129406	7812
667489	7813
1059946	7814
434926	7815
1091459	7816
82425	7817
1139422	7818
11388	7819
648196	7820
1060421	7821
186858	7822
802392	7823
1079087	7824
81725	7825
1111464	7826
630860	7827
558482	7828
741946	7829
135802	7830
205968	7831
812283	7832
370009	7833
1051694	7834
949758	7835
1074184	7836
402674	7837
439878	7838
87174	7839
99220	7840
186441	7841
516923	7842
182777	7843
431665	7844
1063786	7845
248478	7846
412020	7847
982733	7848
224654	7849
639470	7850
1132807	7851
580624	7852
416834	7853
693304	7854
963482	7855
75244	7856
492101	7857
470363	7858
1028009	7859
1029103	7860
766680	7861
484778	7862
564977	7863
604674	7864
812836	7865
345389	7866
916593	7867
825585	7868
107213	7869
606618	7870
296041	7871
70154	7872
256038	7873
176287	7874
725207	7875
531680	7876
471184	7877
1016237	7878
265852	7879
833222	7880
877679	7881
1060084	7882
1133562	7883
873972	7884
228072	7885
560674	7886
723288	7887
1066103	7888
463296	7889
913065	7890
792273	7891
250318	7892
385023	7893
720970	7894
815688	7895
1031580	7896
604176	7897
132991	7898
802703	7899
1084985	7900
288231	7901
593026	7902
370945	7903
683742	7904
242910	7905
1067976	7906
873268	7907
834253	7908
1103303	7909
507659	7910
59472	7911
621704	7912
834502	7913
572876	7914
775947	7915
107343	7916
1139434	7917
1038614	7918
343852	7919
24330	7920
75311	7921
289584	7922
725047	7923
820624	7924
716681	7925
1080101	7926
1050813	7927
773884	7928
198922	7929
126247	7930
875777	7931
334664	7932
161300	7933
148915	7934
474228	7935
744138	7936
644411	7937
917031	7938
982647	7939
851521	7940
571061	7941
470099	7942
601922	7943
424692	7944
727562	7945
339838	7946
358803	7947
70489	7948
212255	7949
838323	7950
276570	7951
757705	7952
133731	7953
984040	7954
1076876	7955
222690	7956
418719	7957
876803	7958
797515	7959
977031	7960
57123	7961
994522	7962
89411	7963
116976	7964
482239	7965
994976	7966
1011083	7967
189889	7968
450738	7969
852275	7970
101200	7971
554308	7972
286929	7973
325043	7974
723626	7975
383753	7976
281536	7977
932248	7978
212327	7979
1109153	7980
1066115	7981
700412	7982
805209	7983
310949	7984
800330	7985
1128288	7986
984745	7987
1124708	7988
884578	7989
415204	7990
445793	7991
241610	7992
186811	7993
527061	7994
464086	7995
460697	7996
195938	7997
341347	7998
498121	7999
949140	8000
260378	8001
678940	8002
794416	8003
739082	8004
258711	8005
136522	8006
269291	8007
491776	8008
977103	8009
876906	8010
563915	8011
739593	8012
383161	8013
133877	8014
498002	8015
182148	8016
675786	8017
234950	8018
607277	8019
721191	8020
180232	8021
29118	8022
1084514	8023
352923	8024
161666	8025
876654	8026
60390	8027
349510	8028
694208	8029
838889	8030
566978	8031
442345	8032
475014	8033
398641	8034
573715	8035
797836	8036
441200	8037
93651	8038
737506	8039
162199	8040
1131403	8041
228025	8042
1096470	8043
125637	8044
945872	8045
851241	8046
999059	8047
72461	8048
162738	8049
299735	8050
626925	8051
567000	8052
713020	8053
1036825	8054
589205	8055
674510	8056
15174	8057
766637	8058
430283	8059
179199	8060
979367	8061
217224	8062
434081	8063
203434	8064
1121554	8065
1078683	8066
742383	8067
994568	8068
1116181	8069
726854	8070
817797	8071
56217	8072
38671	8073
49717	8074
652090	8075
86629	8076
457991	8077
659307	8078
807803	8079
29119	8080
166971	8081
30835	8082
160201	8083
212079	8084
199102	8085
44799	8086
44229	8087
29548	8088
754894	8089
644626	8090
697165	8091
393400	8092
389037	8093
847680	8094
307217	8095
360784	8096
803118	8097
192506	8098
808495	8099
491899	8100
577542	8101
116362	8102
197654	8103
106847	8104
186093	8105
229116	8106
1008923	8107
703070	8108
801519	8109
1128405	8110
524972	8111
124225	8112
994423	8113
139078	8114
379925	8115
622501	8116
204649	8117
675905	8118
61730	8119
100582	8120
28876	8121
1100164	8122
747118	8123
627181	8124
595929	8125
467857	8126
1033915	8127
536574	8128
664892	8129
347957	8130
116130	8131
931874	8132
717920	8133
861450	8134
434135	8135
1063231	8136
50474	8137
409500	8138
339063	8139
1109023	8140
860118	8141
557855	8142
238686	8143
1041544	8144
687223	8145
585979	8146
197313	8147
976026	8148
711499	8149
918403	8150
601784	8151
827079	8152
643620	8153
400905	8154
366894	8155
423894	8156
170297	8157
1139235	8158
810681	8159
516871	8160
31753	8161
708137	8162
114242	8163
841175	8164
869762	8165
432477	8166
685407	8167
383589	8168
795617	8169
124593	8170
258564	8171
701914	8172
82979	8173
367883	8174
1141182	8175
192037	8176
114237	8177
609619	8178
1010023	8179
55451	8180
352133	8181
171736	8182
314714	8183
1074280	8184
1017482	8185
447265	8186
603820	8187
250614	8188
1016182	8189
1125622	8190
603173	8191
978442	8192
477203	8193
55566	8194
488697	8195
43517	8196
217770	8197
21598	8198
319129	8199
1103568	8200
1080012	8201
93218	8202
901411	8203
272183	8204
1115162	8205
528739	8206
1126881	8207
918623	8208
783869	8209
1050599	8210
117999	8211
38661	8212
203970	8213
570173	8214
919312	8215
100345	8216
474990	8217
523881	8218
359912	8219
450126	8220
527047	8221
844296	8222
632007	8223
848703	8224
124725	8225
814071	8226
1133846	8227
26233	8228
46997	8229
1051823	8230
625841	8231
1053610	8232
1041533	8233
264728	8234
889414	8235
1105714	8236
272297	8237
71029	8238
1139616	8239
505670	8240
641034	8241
849006	8242
85330	8243
116467	8244
754040	8245
508526	8246
941479	8247
777251	8248
629099	8249
788614	8250
686304	8251
203368	8252
663444	8253
795307	8254
757671	8255
1006488	8256
1138134	8257
636055	8258
1040308	8259
613220	8260
1125541	8261
74797	8262
378421	8263
582466	8264
511130	8265
384027	8266
65289	8267
717385	8268
824120	8269
738208	8270
85325	8271
520961	8272
640828	8273
560256	8274
255543	8275
389940	8276
936589	8277
397990	8278
1083748	8279
117226	8280
822579	8281
309549	8282
356733	8283
202239	8284
210397	8285
352704	8286
10368	8287
243880	8288
761308	8289
30539	8290
1047747	8291
1001724	8292
333145	8293
233299	8294
761654	8295
1095167	8296
1067128	8297
551362	8298
996587	8299
1096072	8300
50372	8301
239418	8302
192554	8303
28136	8304
1055349	8305
564319	8306
930940	8307
513370	8308
655870	8309
478896	8310
872039	8311
248785	8312
567133	8313
1015700	8314
656723	8315
71265	8316
976731	8317
160308	8318
134199	8319
118817	8320
45169	8321
627793	8322
488500	8323
268654	8324
292918	8325
910908	8326
909192	8327
310094	8328
968266	8329
824773	8330
397696	8331
974916	8332
315457	8333
64860	8334
496652	8335
963246	8336
909626	8337
50656	8338
871564	8339
66864	8340
97745	8341
473788	8342
605610	8343
424403	8344
544797	8345
267282	8346
867038	8347
480093	8348
894635	8349
724676	8350
664244	8351
191635	8352
838941	8353
20199	8354
831324	8355
298846	8356
512547	8357
332560	8358
781652	8359
1039218	8360
405902	8361
12026	8362
822184	8363
391299	8364
667612	8365
1030706	8366
261590	8367
777513	8368
582138	8369
378818	8370
1048310	8371
631559	8372
1575	8373
390915	8374
276439	8375
36607	8376
809296	8377
644534	8378
756253	8379
770715	8380
521442	8381
208899	8382
38666	8383
702419	8384
834858	8385
1099162	8386
896054	8387
1063778	8388
839877	8389
89274	8390
923598	8391
967181	8392
292679	8393
960894	8394
380039	8395
1014989	8396
626681	8397
313722	8398
822524	8399
51354	8400
438093	8401
102018	8402
756235	8403
573259	8404
138862	8405
1128829	8406
568951	8407
819040	8408
600200	8409
896352	8410
1007817	8411
109314	8412
647999	8413
688093	8414
604403	8415
62151	8416
439854	8417
85006	8418
427194	8419
194909	8420
531363	8421
963600	8422
420764	8423
765004	8424
321012	8425
686357	8426
722987	8427
243091	8428
39524	8429
33209	8430
516628	8431
953951	8432
884018	8433
606269	8434
554365	8435
882224	8436
545581	8437
560492	8438
255839	8439
942249	8440
288751	8441
474420	8442
659642	8443
1088109	8444
328020	8445
283572	8446
597353	8447
1124534	8448
963297	8449
406132	8450
1010487	8451
1118206	8452
180372	8453
159696	8454
159666	8455
1062691	8456
471711	8457
966608	8458
728168	8459
44494	8460
127629	8461
1120822	8462
750820	8463
165011	8464
80772	8465
926953	8466
341116	8467
553268	8468
503147	8469
890042	8470
817002	8471
118484	8472
813191	8473
1100546	8474
290056	8475
531450	8476
953991	8477
374940	8478
1113115	8479
611228	8480
158889	8481
220960	8482
1086215	8483
156025	8484
528135	8485
158872	8486
833536	8487
303919	8488
476720	8489
1050759	8490
451748	8491
477890	8492
901951	8493
298810	8494
771537	8495
1087648	8496
248876	8497
47058	8498
426531	8499
192174	8500
887843	8501
470301	8502
232735	8503
598327	8504
554232	8505
21532	8506
976216	8507
989926	8508
906512	8509
1095729	8510
355710	8511
582397	8512
641823	8513
727865	8514
127038	8515
961943	8516
209327	8517
432354	8518
761988	8519
1004827	8520
689933	8521
577047	8522
1012673	8523
648027	8524
528330	8525
657555	8526
759874	8527
312664	8528
1100312	8529
159368	8530
1107741	8531
483210	8532
1015694	8533
590176	8534
179709	8535
748997	8536
1032970	8537
634968	8538
554084	8539
957681	8540
213225	8541
122590	8542
91949	8543
604893	8544
379254	8545
121121	8546
665307	8547
108890	8548
377319	8549
852860	8550
188569	8551
141217	8552
55023	8553
1130774	8554
1049638	8555
668801	8556
157313	8557
160763	8558
358971	8559
649512	8560
899749	8561
1082468	8562
975230	8563
920600	8564
1072935	8565
128488	8566
389073	8567
963408	8568
173596	8569
329776	8570
614177	8571
633012	8572
676405	8573
170102	8574
1061326	8575
632131	8576
1002168	8577
620318	8578
63632	8579
187338	8580
481198	8581
1034239	8582
527761	8583
230672	8584
708596	8585
978443	8586
1095645	8587
323648	8588
204978	8589
926201	8590
186608	8591
655502	8592
299936	8593
1048790	8594
33748	8595
1085561	8596
1014292	8597
152362	8598
628392	8599
895109	8600
396019	8601
1108983	8602
478241	8603
320803	8604
867646	8605
1118797	8606
672084	8607
33579	8608
1070050	8609
173351	8610
856190	8611
801097	8612
793648	8613
95819	8614
141900	8615
182943	8616
842879	8617
25486	8618
464724	8619
456843	8620
1072732	8621
588229	8622
1007432	8623
729014	8624
651253	8625
1120631	8626
871078	8627
491434	8628
290468	8629
224911	8630
457067	8631
759427	8632
396867	8633
457340	8634
1064520	8635
905913	8636
275273	8637
886361	8638
90832	8639
727961	8640
1126302	8641
904633	8642
1048037	8643
563723	8644
456835	8645
61979	8646
298248	8647
646718	8648
448405	8649
141984	8650
1028609	8651
536828	8652
205863	8653
590227	8654
209408	8655
725315	8656
940562	8657
751220	8658
1011033	8659
896703	8660
73462	8661
95584	8662
236635	8663
277998	8664
108524	8665
558322	8666
13071	8667
1101594	8668
109921	8669
871505	8670
826457	8671
430952	8672
562727	8673
594636	8674
1105374	8675
44550	8676
1028965	8677
78298	8678
113676	8679
73950	8680
141796	8681
826082	8682
184983	8683
102486	8684
249274	8685
694933	8686
419349	8687
922942	8688
407667	8689
1118511	8690
768959	8691
347907	8692
134229	8693
929816	8694
828069	8695
827314	8696
1005353	8697
81874	8698
916918	8699
858960	8700
236309	8701
475917	8702
751214	8703
104479	8704
984240	8705
743668	8706
1138463	8707
226523	8708
683523	8709
1087420	8710
145361	8711
878354	8712
821781	8713
142710	8714
763580	8715
689058	8716
663406	8717
1104906	8718
244600	8719
234366	8720
756970	8721
185075	8722
580020	8723
97415	8724
557478	8725
658715	8726
441401	8727
725191	8728
204425	8729
613980	8730
482964	8731
1071936	8732
709352	8733
424895	8734
789879	8735
95266	8736
738355	8737
653135	8738
35301	8739
738666	8740
156436	8741
408567	8742
837575	8743
225214	8744
384223	8745
122217	8746
126829	8747
227174	8748
263331	8749
289867	8750
698133	8751
845592	8752
192350	8753
232434	8754
511602	8755
567996	8756
910228	8757
794094	8758
1059869	8759
71346	8760
373762	8761
817294	8762
175335	8763
798061	8764
1014398	8765
618912	8766
985644	8767
888369	8768
508215	8769
583476	8770
909987	8771
1082059	8772
784188	8773
133187	8774
1000408	8775
800544	8776
465052	8777
630731	8778
57810	8779
583027	8780
253430	8781
744097	8782
766012	8783
379713	8784
25057	8785
1119077	8786
606592	8787
300034	8788
27361	8789
715472	8790
569992	8791
811164	8792
825783	8793
388124	8794
1051350	8795
842961	8796
1060583	8797
897109	8798
662403	8799
513913	8800
190287	8801
28276	8802
917487	8803
727241	8804
837297	8805
841983	8806
282337	8807
560419	8808
1120486	8809
801921	8810
416172	8811
949769	8812
21106	8813
685470	8814
828144	8815
118025	8816
1047547	8817
498474	8818
165184	8819
872484	8820
237128	8821
839680	8822
226793	8823
840000	8824
566918	8825
680753	8826
123901	8827
264697	8828
273443	8829
965793	8830
748123	8831
1069805	8832
32844	8833
1118188	8834
1123641	8835
263749	8836
711652	8837
359850	8838
836479	8839
814677	8840
835714	8841
782866	8842
797815	8843
1072763	8844
44177	8845
105099	8846
541281	8847
637569	8848
926855	8849
758391	8850
413798	8851
1076436	8852
808198	8853
1130911	8854
224020	8855
187286	8856
930782	8857
863818	8858
845084	8859
37053	8860
298022	8861
868845	8862
612422	8863
685193	8864
129480	8865
1058458	8866
179527	8867
605737	8868
1099427	8869
718405	8870
61510	8871
54653	8872
697731	8873
684940	8874
18439	8875
136949	8876
230100	8877
807712	8878
569152	8879
28672	8880
615177	8881
543785	8882
183845	8883
605343	8884
559417	8885
830006	8886
81937	8887
262107	8888
510167	8889
598280	8890
146175	8891
323470	8892
172428	8893
172743	8894
838229	8895
10738	8896
343171	8897
441190	8898
902152	8899
273720	8900
683126	8901
246139	8902
1014475	8903
299073	8904
437122	8905
570179	8906
925099	8907
323012	8908
396660	8909
159018	8910
1033910	8911
249123	8912
966782	8913
966867	8914
561648	8915
101571	8916
532218	8917
132102	8918
872263	8919
238733	8920
799313	8921
529735	8922
1088411	8923
420365	8924
795708	8925
937476	8926
346511	8927
452849	8928
652985	8929
692847	8930
463757	8931
676698	8932
480691	8933
18153	8934
809406	8935
535435	8936
577344	8937
112316	8938
414823	8939
778627	8940
5317	8941
905631	8942
197643	8943
369692	8944
967699	8945
336878	8946
133236	8947
1010638	8948
901455	8949
497083	8950
201577	8951
898901	8952
531970	8953
821374	8954
95192	8955
283669	8956
471817	8957
10688	8958
1117022	8959
52693	8960
57773	8961
695564	8962
1109222	8963
173544	8964
532156	8965
920769	8966
178835	8967
432918	8968
369413	8969
565347	8970
321923	8971
891690	8972
1038945	8973
260637	8974
429457	8975
370610	8976
248868	8977
679811	8978
68671	8979
84864	8980
306015	8981
690339	8982
491430	8983
351048	8984
132904	8985
1023540	8986
1029800	8987
992606	8988
640220	8989
626545	8990
823578	8991
628055	8992
628161	8993
407830	8994
156234	8995
94957	8996
1032125	8997
44189	8998
114050	8999
361987	9000
768695	9001
595373	9002
303789	9003
82537	9004
653860	9005
468049	9006
720774	9007
931642	9008
59888	9009
709647	9010
736532	9011
46839	9012
20114	9013
395827	9014
289567	9015
1048623	9016
409373	9017
1005709	9018
416394	9019
483702	9020
118969	9021
546826	9022
605904	9023
382241	9024
451325	9025
108753	9026
1067589	9027
551417	9028
9233	9029
664897	9030
708355	9031
765797	9032
300451	9033
703673	9034
757083	9035
663418	9036
293242	9037
344381	9038
896677	9039
1091347	9040
854661	9041
328387	9042
592628	9043
238899	9044
365718	9045
858326	9046
214727	9047
628600	9048
168159	9049
758756	9050
736681	9051
45070	9052
746513	9053
164709	9054
455157	9055
292567	9056
622237	9057
627544	9058
353642	9059
652235	9060
558681	9061
437075	9062
605242	9063
643342	9064
688473	9065
1102122	9066
654685	9067
68930	9068
439136	9069
439577	9070
868781	9071
42086	9072
360291	9073
489086	9074
1007361	9075
376250	9076
698646	9077
623365	9078
5187	9079
814733	9080
180658	9081
221774	9082
167731	9083
646782	9084
318579	9085
895963	9086
1015073	9087
717668	9088
450674	9089
116445	9090
46439	9091
966032	9092
412108	9093
263045	9094
676109	9095
368724	9096
92213	9097
712092	9098
584660	9099
1083241	9100
839805	9101
1067068	9102
876311	9103
1002197	9104
284207	9105
46329	9106
700443	9107
843002	9108
467098	9109
626696	9110
1050371	9111
180989	9112
889726	9113
508395	9114
521130	9115
690102	9116
461519	9117
228572	9118
902288	9119
986429	9120
987977	9121
869772	9122
163127	9123
654232	9124
356401	9125
309535	9126
529169	9127
5363	9128
342880	9129
233791	9130
878796	9131
495682	9132
206036	9133
516690	9134
874447	9135
2483	9136
1056996	9137
787105	9138
87067	9139
524646	9140
375412	9141
867992	9142
1136124	9143
873013	9144
1110457	9145
629088	9146
875842	9147
807608	9148
354204	9149
675030	9150
246914	9151
1093521	9152
527164	9153
577947	9154
1080312	9155
129547	9156
1093560	9157
927327	9158
1092084	9159
1013480	9160
549175	9161
311703	9162
1008886	9163
18377	9164
1007164	9165
906864	9166
744550	9167
497810	9168
165264	9169
1107326	9170
575169	9171
857772	9172
628062	9173
904301	9174
200458	9175
1089728	9176
148555	9177
548035	9178
773312	9179
276434	9180
113301	9181
1039491	9182
233636	9183
717304	9184
979605	9185
265806	9186
573466	9187
527768	9188
857947	9189
513552	9190
775908	9191
46322	9192
1027560	9193
1093262	9194
565639	9195
691846	9196
699647	9197
887598	9198
215586	9199
611830	9200
509264	9201
937524	9202
490662	9203
837423	9204
1096861	9205
1080211	9206
531062	9207
517698	9208
382783	9209
337643	9210
187886	9211
150095	9212
1006217	9213
44870	9214
527090	9215
692477	9216
314008	9217
70415	9218
858086	9219
282428	9220
687677	9221
472687	9222
209511	9223
9138	9224
185545	9225
597681	9226
980114	9227
687784	9228
9861	9229
246842	9230
858237	9231
270867	9232
243025	9233
679615	9234
619963	9235
1009849	9236
557658	9237
637608	9238
466861	9239
246244	9240
1103392	9241
1076040	9242
331531	9243
1129684	9244
642585	9245
510385	9246
390840	9247
534915	9248
886781	9249
122989	9250
664693	9251
997623	9252
962311	9253
464277	9254
992024	9255
1010328	9256
428192	9257
984833	9258
654487	9259
459808	9260
499427	9261
373197	9262
97629	9263
340958	9264
1066841	9265
647880	9266
104681	9267
1062556	9268
514494	9269
787862	9270
1103589	9271
542811	9272
980353	9273
968199	9274
1135746	9275
298335	9276
365387	9277
447004	9278
1140290	9279
1139039	9280
279623	9281
562540	9282
715555	9283
277120	9284
765896	9285
906771	9286
854590	9287
926580	9288
368547	9289
763669	9290
885543	9291
996118	9292
488219	9293
199446	9294
266880	9295
206478	9296
1101764	9297
618634	9298
787261	9299
1129923	9300
4742	9301
298215	9302
481336	9303
1015708	9304
290347	9305
457626	9306
705216	9307
411992	9308
516327	9309
193342	9310
244852	9311
255979	9312
154080	9313
693429	9314
39173	9315
980115	9316
841136	9317
80054	9318
305268	9319
405988	9320
723516	9321
420712	9322
876423	9323
1083288	9324
353474	9325
1000705	9326
10291	9327
981487	9328
22615	9329
818845	9330
875955	9331
617275	9332
323325	9333
440854	9334
38114	9335
460270	9336
398171	9337
28481	9338
934495	9339
553631	9340
136264	9341
53198	9342
316300	9343
499558	9344
125317	9345
441202	9346
635670	9347
393906	9348
11610	9349
259719	9350
129929	9351
351708	9352
1122691	9353
664421	9354
826859	9355
702582	9356
224945	9357
1005584	9358
839970	9359
1029306	9360
151985	9361
797340	9362
250478	9363
411772	9364
203214	9365
636834	9366
845280	9367
395440	9368
845150	9369
446358	9370
709149	9371
362348	9372
256967	9373
687686	9374
194165	9375
680921	9376
677914	9377
180642	9378
335540	9379
190603	9380
417889	9381
997186	9382
146843	9383
634438	9384
63980	9385
976863	9386
116064	9387
776992	9388
257357	9389
926244	9390
612926	9391
123213	9392
1040131	9393
927677	9394
680688	9395
1035596	9396
1069366	9397
567793	9398
895490	9399
154836	9400
1119493	9401
642011	9402
1036206	9403
1115766	9404
8014	9405
661369	9406
406210	9407
87837	9408
1121832	9409
441287	9410
542549	9411
904122	9412
84655	9413
1011695	9414
978904	9415
255247	9416
754546	9417
1094817	9418
1084558	9419
107081	9420
538544	9421
778063	9422
86336	9423
323895	9424
832154	9425
316178	9426
1003496	9427
1001319	9428
876689	9429
940090	9430
200768	9431
634276	9432
496063	9433
830058	9434
286877	9435
611161	9436
302996	9437
809785	9438
791340	9439
529263	9440
326042	9441
765714	9442
1058265	9443
461061	9444
163573	9445
726143	9446
721243	9447
16197	9448
1089050	9449
130997	9450
1130362	9451
722337	9452
788989	9453
439454	9454
504703	9455
714773	9456
266999	9457
355970	9458
1095834	9459
366586	9460
790841	9461
1006512	9462
694268	9463
809151	9464
1075245	9465
470283	9466
395751	9467
623756	9468
354015	9469
804077	9470
390065	9471
25001	9472
832171	9473
978339	9474
700081	9475
246787	9476
656739	9477
800236	9478
23951	9479
189376	9480
1068306	9481
282887	9482
885353	9483
676605	9484
681225	9485
735646	9486
797140	9487
265648	9488
335707	9489
545237	9490
877704	9491
67016	9492
176256	9493
66563	9494
38409	9495
543021	9496
1117908	9497
693480	9498
369064	9499
62871	9500
983463	9501
1068027	9502
540346	9503
427822	9504
75572	9505
296248	9506
573752	9507
365888	9508
1028100	9509
253605	9510
193295	9511
186224	9512
600236	9513
880651	9514
426067	9515
922167	9516
830501	9517
530641	9518
232649	9519
415682	9520
153029	9521
474804	9522
735232	9523
580878	9524
583639	9525
612385	9526
222934	9527
739639	9528
335519	9529
1050765	9530
274762	9531
139353	9532
556462	9533
637935	9534
1120388	9535
668154	9536
458811	9537
1091880	9538
995375	9539
1136327	9540
792858	9541
979038	9542
566000	9543
872511	9544
327111	9545
575152	9546
778910	9547
23172	9548
555599	9549
291134	9550
483531	9551
362733	9552
40196	9553
652119	9554
940425	9555
590716	9556
769546	9557
354816	9558
211073	9559
50483	9560
281571	9561
168839	9562
462473	9563
383675	9564
125819	9565
769722	9566
222032	9567
853067	9568
743527	9569
251948	9570
672085	9571
784364	9572
288111	9573
760438	9574
963704	9575
503752	9576
408446	9577
701495	9578
567123	9579
900496	9580
467956	9581
929632	9582
827004	9583
88076	9584
376949	9585
202188	9586
564975	9587
516196	9588
615530	9589
1043091	9590
151999	9591
245123	9592
430171	9593
204269	9594
547732	9595
1017209	9596
84974	9597
875749	9598
282682	9599
739230	9600
713323	9601
584623	9602
999802	9603
472831	9604
1126724	9605
563600	9606
819136	9607
1078938	9608
948713	9609
4525	9610
856207	9611
379614	9612
1050912	9613
53833	9614
1116656	9615
890738	9616
645674	9617
38598	9618
678794	9619
1125951	9620
292061	9621
392004	9622
547369	9623
581738	9624
721219	9625
709931	9626
884503	9627
720524	9628
112992	9629
698286	9630
722960	9631
558610	9632
450948	9633
834819	9634
627266	9635
181039	9636
613181	9637
1140402	9638
462342	9639
1056210	9640
385604	9641
1062641	9642
197709	9643
1039245	9644
378789	9645
944768	9646
850829	9647
322077	9648
185912	9649
466750	9650
654086	9651
796977	9652
745703	9653
603028	9654
1020813	9655
720779	9656
119123	9657
499800	9658
158899	9659
107789	9660
98951	9661
274037	9662
394014	9663
347520	9664
379686	9665
484224	9666
110162	9667
282960	9668
786077	9669
378115	9670
384188	9671
10700	9672
877566	9673
883641	9674
517157	9675
910887	9676
333972	9677
391919	9678
1033354	9679
187305	9680
606795	9681
230017	9682
1031784	9683
893861	9684
1021562	9685
842867	9686
718573	9687
994523	9688
1128206	9689
435850	9690
577254	9691
1072355	9692
668544	9693
336244	9694
916050	9695
682639	9696
185681	9697
284394	9698
252139	9699
795262	9700
495068	9701
371181	9702
612801	9703
940345	9704
209898	9705
107560	9706
1090400	9707
381234	9708
1039259	9709
250861	9710
962441	9711
510866	9712
1052307	9713
179118	9714
395021	9715
120767	9716
843272	9717
957595	9718
998269	9719
953408	9720
117009	9721
62953	9722
11294	9723
1013718	9724
729567	9725
976745	9726
627185	9727
897535	9728
6816	9729
246783	9730
703013	9731
684878	9732
688907	9733
1013207	9734
997832	9735
861425	9736
1030879	9737
383399	9738
797327	9739
451721	9740
851967	9741
1020842	9742
240512	9743
703473	9744
113928	9745
110279	9746
927	9747
40770	9748
1083729	9749
265160	9750
87459	9751
255799	9752
587712	9753
432740	9754
425719	9755
194378	9756
650692	9757
203602	9758
602704	9759
157784	9760
1050420	9761
1116286	9762
775394	9763
701394	9764
323176	9765
39084	9766
429149	9767
581001	9768
363874	9769
965893	9770
220891	9771
208133	9772
839358	9773
750895	9774
827120	9775
621802	9776
429675	9777
240803	9778
836634	9779
792426	9780
335008	9781
843194	9782
15605	9783
548235	9784
373508	9785
421754	9786
361398	9787
977539	9788
885713	9789
1074517	9790
885601	9791
224724	9792
779715	9793
205389	9794
973901	9795
779130	9796
197045	9797
238605	9798
836730	9799
528634	9800
196995	9801
379357	9802
600562	9803
197195	9804
622238	9805
73348	9806
1114642	9807
523997	9808
771560	9809
1055755	9810
669556	9811
784954	9812
430089	9813
615989	9814
663530	9815
929285	9816
192583	9817
29487	9818
954760	9819
480022	9820
563111	9821
885955	9822
2810	9823
229498	9824
782146	9825
260411	9826
922816	9827
222481	9828
1129297	9829
626754	9830
483780	9831
11283	9832
1115979	9833
592336	9834
765848	9835
337549	9836
671809	9837
437638	9838
579729	9839
875170	9840
257207	9841
742796	9842
803285	9843
235683	9844
236141	9845
1080073	9846
749823	9847
543962	9848
972781	9849
673735	9850
829599	9851
403204	9852
48742	9853
715752	9854
295291	9855
751466	9856
706128	9857
295204	9858
665218	9859
581951	9860
259813	9861
381076	9862
1122974	9863
13523	9864
46895	9865
731740	9866
311714	9867
1133060	9868
1116025	9869
524550	9870
231041	9871
749227	9872
672557	9873
281078	9874
87797	9875
734393	9876
766884	9877
13520	9878
531704	9879
524319	9880
698858	9881
247763	9882
1012875	9883
244467	9884
639576	9885
514959	9886
402569	9887
792111	9888
1055698	9889
9109	9890
250484	9891
416960	9892
516567	9893
86072	9894
556974	9895
593678	9896
654853	9897
209981	9898
622157	9899
830673	9900
1098301	9901
270025	9902
1129412	9903
161503	9904
537990	9905
790556	9906
956764	9907
1012142	9908
717572	9909
25929	9910
499630	9911
1033341	9912
22258	9913
791573	9914
734165	9915
850235	9916
1086196	9917
3435	9918
490612	9919
546259	9920
893177	9921
744842	9922
465378	9923
1037640	9924
874659	9925
448666	9926
74251	9927
556461	9928
685152	9929
256160	9930
485785	9931
259221	9932
391190	9933
465392	9934
1045658	9935
857216	9936
738952	9937
203876	9938
368610	9939
739453	9940
1052775	9941
433833	9942
457412	9943
800647	9944
621564	9945
358987	9946
968775	9947
338156	9948
1023692	9949
709770	9950
849362	9951
287735	9952
259893	9953
528686	9954
439876	9955
20826	9956
260961	9957
957137	9958
298682	9959
188678	9960
848051	9961
64183	9962
2790	9963
258230	9964
1038307	9965
166387	9966
80987	9967
232207	9968
224358	9969
776234	9970
804723	9971
1046587	9972
446066	9973
74838	9974
649673	9975
984428	9976
856008	9977
731475	9978
456278	9979
175342	9980
922594	9981
955306	9982
278764	9983
915659	9984
647060	9985
862577	9986
380166	9987
821151	9988
511551	9989
1001653	9990
921169	9991
1017646	9992
361326	9993
432077	9994
856025	9995
967883	9996
255400	9997
360098	9998
271388	9999
1076113	10000
477834	10001
1040929	10002
421073	10003
565156	10004
1110861	10005
280716	10006
453074	10007
819520	10008
536559	10009
8389	10010
777497	10011
233170	10012
1011037	10013
854483	10014
81441	10015
419416	10016
48719	10017
434953	10018
128491	10019
390535	10020
706388	10021
883664	10022
697724	10023
983331	10024
552418	10025
42717	10026
695932	10027
170344	10028
1092035	10029
578497	10030
877990	10031
884299	10032
12244	10033
474846	10034
247948	10035
608018	10036
538432	10037
579121	10038
602988	10039
516743	10040
44537	10041
452777	10042
822651	10043
210172	10044
105809	10045
43945	10046
156585	10047
1114225	10048
68252	10049
1114950	10050
175307	10051
1043580	10052
566736	10053
329539	10054
210303	10055
1071713	10056
389951	10057
498321	10058
908594	10059
1024939	10060
85100	10061
1069755	10062
31025	10063
185963	10064
9364	10065
997022	10066
231358	10067
843552	10068
1110401	10069
423982	10070
654208	10071
1117314	10072
472442	10073
294948	10074
223182	10075
637594	10076
208650	10077
519127	10078
1100403	10079
307206	10080
551918	10081
489444	10082
752976	10083
545096	10084
241769	10085
136707	10086
550303	10087
100438	10088
854013	10089
524824	10090
1105057	10091
110383	10092
581682	10093
742522	10094
252844	10095
67908	10096
736405	10097
370648	10098
529115	10099
855303	10100
94130	10101
480566	10102
133516	10103
686341	10104
1038738	10105
985067	10106
422285	10107
807994	10108
534586	10109
292183	10110
886818	10111
683678	10112
460438	10113
164289	10114
152983	10115
69098	10116
858209	10117
1107395	10118
834489	10119
305856	10120
688756	10121
516510	10122
494078	10123
749651	10124
680670	10125
773	10126
1005824	10127
844852	10128
145459	10129
628374	10130
35847	10131
839770	10132
498506	10133
1066552	10134
176037	10135
346907	10136
778382	10137
427188	10138
519871	10139
357495	10140
741931	10141
822561	10142
862823	10143
555803	10144
235080	10145
712697	10146
21356	10147
1067497	10148
875292	10149
544296	10150
875764	10151
367058	10152
828992	10153
459343	10154
23885	10155
512896	10156
870298	10157
530323	10158
1079412	10159
372365	10160
1030169	10161
1138038	10162
337884	10163
896524	10164
573662	10165
277365	10166
203393	10167
336022	10168
473201	10169
774606	10170
875064	10171
800634	10172
788586	10173
980586	10174
335839	10175
23536	10176
911299	10177
11707	10178
837805	10179
394915	10180
729240	10181
350927	10182
786766	10183
235787	10184
551857	10185
975368	10186
1131926	10187
516727	10188
110873	10189
166892	10190
830089	10191
460180	10192
214597	10193
177165	10194
822594	10195
902950	10196
1028363	10197
410231	10198
124999	10199
1125322	10200
186922	10201
958387	10202
768739	10203
446346	10204
673033	10205
957372	10206
123423	10207
64353	10208
7701	10209
768898	10210
424296	10211
58470	10212
412007	10213
568702	10214
878834	10215
979544	10216
243722	10217
46151	10218
236428	10219
997864	10220
1092183	10221
427437	10222
331221	10223
613233	10224
27305	10225
595303	10226
550679	10227
195588	10228
404006	10229
365929	10230
530748	10231
903091	10232
556786	10233
2521	10234
544610	10235
551596	10236
677257	10237
1017077	10238
1072323	10239
992927	10240
108499	10241
204660	10242
1133695	10243
1123532	10244
88406	10245
755983	10246
1079828	10247
239850	10248
447575	10249
783786	10250
1139013	10251
225016	10252
1033689	10253
499299	10254
914055	10255
403985	10256
682940	10257
1011803	10258
735614	10259
671740	10260
683840	10261
372768	10262
1002009	10263
759272	10264
432942	10265
812705	10266
79775	10267
327515	10268
1117436	10269
809574	10270
734912	10271
452069	10272
129861	10273
53518	10274
1134812	10275
137142	10276
748854	10277
1125355	10278
596729	10279
472596	10280
592960	10281
345893	10282
143832	10283
333300	10284
917945	10285
65796	10286
591090	10287
1120830	10288
259971	10289
893036	10290
413692	10291
563047	10292
274444	10293
1068410	10294
59063	10295
1003005	10296
623765	10297
695790	10298
134254	10299
458349	10300
1020564	10301
535839	10302
438430	10303
234140	10304
568262	10305
1118537	10306
907794	10307
524301	10308
982369	10309
214538	10310
506165	10311
448926	10312
1097186	10313
835775	10314
904623	10315
923967	10316
181799	10317
935063	10318
332704	10319
71940	10320
569335	10321
59953	10322
371874	10323
127474	10324
970809	10325
383225	10326
661543	10327
816055	10328
760470	10329
396948	10330
389315	10331
387408	10332
983356	10333
1126243	10334
670288	10335
144127	10336
487650	10337
436054	10338
682327	10339
1084917	10340
801403	10341
466628	10342
1123011	10343
143849	10344
639189	10345
113556	10346
126622	10347
86252	10348
629100	10349
689118	10350
992401	10351
697696	10352
1012452	10353
910426	10354
948943	10355
246387	10356
786107	10357
722639	10358
766726	10359
699552	10360
358657	10361
404551	10362
357674	10363
443567	10364
836156	10365
876466	10366
229537	10367
50696	10368
973085	10369
54039	10370
202488	10371
226520	10372
713351	10373
1013590	10374
493480	10375
49442	10376
210707	10377
733894	10378
1129211	10379
342885	10380
287917	10381
792670	10382
688291	10383
371471	10384
278599	10385
118685	10386
400753	10387
789155	10388
1024988	10389
192265	10390
595168	10391
235284	10392
680901	10393
1012427	10394
212927	10395
795921	10396
1044555	10397
17311	10398
903202	10399
251777	10400
321777	10401
903548	10402
665529	10403
396437	10404
165578	10405
360013	10406
774298	10407
1003085	10408
1008901	10409
788886	10410
9703	10411
23171	10412
1021657	10413
870782	10414
918302	10415
625636	10416
1128566	10417
115442	10418
864489	10419
710285	10420
21625	10421
284115	10422
448830	10423
52757	10424
30532	10425
1030671	10426
196394	10427
196309	10428
630824	10429
433102	10430
486643	10431
160386	10432
914652	10433
614425	10434
549873	10435
43019	10436
819704	10437
833213	10438
826271	10439
218485	10440
433129	10441
306500	10442
223464	10443
895850	10444
822006	10445
403489	10446
601009	10447
298586	10448
621555	10449
985388	10450
32350	10451
451925	10452
786961	10453
1002453	10454
156742	10455
1027055	10456
1123695	10457
820417	10458
17528	10459
984121	10460
251958	10461
1138764	10462
1066623	10463
7662	10464
292566	10465
218664	10466
932114	10467
618354	10468
931888	10469
1005657	10470
594857	10471
11650	10472
466883	10473
287087	10474
914464	10475
1016502	10476
714381	10477
119556	10478
170049	10479
600627	10480
846689	10481
881153	10482
581118	10483
816675	10484
165565	10485
20187	10486
262694	10487
591252	10488
1083286	10489
249615	10490
390999	10491
706323	10492
663168	10493
1114645	10494
1104555	10495
1057110	10496
190021	10497
271016	10498
190974	10499
1060276	10500
54664	10501
870469	10502
535967	10503
1109413	10504
718709	10505
922130	10506
204481	10507
426210	10508
599293	10509
874131	10510
839420	10511
770331	10512
763614	10513
234710	10514
77069	10515
130178	10516
254238	10517
926139	10518
711557	10519
1072893	10520
1104969	10521
115573	10522
1052570	10523
728925	10524
122273	10525
439520	10526
119179	10527
116519	10528
27059	10529
516780	10530
22932	10531
105863	10532
976953	10533
243677	10534
994535	10535
355725	10536
478935	10537
482059	10538
327269	10539
704457	10540
347093	10541
374851	10542
242918	10543
849532	10544
316031	10545
506095	10546
290559	10547
190272	10548
282513	10549
441497	10550
253987	10551
260314	10552
390540	10553
578854	10554
295313	10555
533809	10556
869528	10557
1129344	10558
237487	10559
1088176	10560
1108326	10561
628450	10562
187176	10563
1114917	10564
647131	10565
700578	10566
782073	10567
767039	10568
975462	10569
555735	10570
586503	10571
460295	10572
228273	10573
308984	10574
192045	10575
641059	10576
723920	10577
32173	10578
112853	10579
374892	10580
716136	10581
215597	10582
249265	10583
964854	10584
9604	10585
794735	10586
580675	10587
25623	10588
875552	10589
112283	10590
1029724	10591
114306	10592
406205	10593
512272	10594
1012180	10595
339669	10596
569146	10597
113554	10598
618199	10599
68329	10600
353292	10601
582133	10602
359160	10603
964663	10604
532008	10605
580561	10606
215843	10607
639376	10608
181800	10609
654525	10610
1012944	10611
670410	10612
1017512	10613
924215	10614
811162	10615
159019	10616
1000041	10617
382632	10618
117861	10619
203003	10620
571146	10621
56548	10622
1000477	10623
979981	10624
587155	10625
16517	10626
694592	10627
599998	10628
1013193	10629
267187	10630
315543	10631
171908	10632
200037	10633
401751	10634
1115050	10635
945376	10636
980844	10637
150261	10638
510705	10639
308627	10640
1052555	10641
164718	10642
500296	10643
549489	10644
1131782	10645
226725	10646
752150	10647
235360	10648
101893	10649
539177	10650
483939	10651
1032378	10652
1047797	10653
82036	10654
474123	10655
54418	10656
76339	10657
976433	10658
832152	10659
856876	10660
115225	10661
960850	10662
24960	10663
595630	10664
823734	10665
1018102	10666
374909	10667
1016582	10668
80480	10669
151932	10670
1065681	10671
802961	10672
731696	10673
1013303	10674
674075	10675
966447	10676
972437	10677
234772	10678
61513	10679
774555	10680
64825	10681
45511	10682
1005104	10683
373627	10684
146353	10685
517666	10686
389386	10687
105014	10688
1030953	10689
159509	10690
487844	10691
355161	10692
1002156	10693
261495	10694
101227	10695
568147	10696
563756	10697
286356	10698
1075500	10699
341401	10700
436550	10701
607947	10702
253953	10703
823949	10704
200341	10705
259026	10706
699765	10707
38437	10708
4298	10709
1070957	10710
967673	10711
245244	10712
530816	10713
996565	10714
1117030	10715
84398	10716
209429	10717
852051	10718
95140	10719
495180	10720
227415	10721
701239	10722
908842	10723
55075	10724
658009	10725
155929	10726
948620	10727
1015139	10728
1025892	10729
796149	10730
534774	10731
1053530	10732
573786	10733
186013	10734
958163	10735
330667	10736
647237	10737
34181	10738
590896	10739
322908	10740
105782	10741
964103	10742
1037075	10743
1115723	10744
452313	10745
710624	10746
514729	10747
849526	10748
814502	10749
809872	10750
544295	10751
812604	10752
1119645	10753
130077	10754
402939	10755
643629	10756
201352	10757
708004	10758
1122427	10759
45326	10760
196014	10761
243303	10762
1064928	10763
234639	10764
89870	10765
739870	10766
849348	10767
13344	10768
938928	10769
152720	10770
291283	10771
556864	10772
785818	10773
507056	10774
322072	10775
30227	10776
887677	10777
981509	10778
748174	10779
1060557	10780
498540	10781
846145	10782
655329	10783
1090242	10784
795158	10785
1132983	10786
412981	10787
651543	10788
51148	10789
467264	10790
707673	10791
106562	10792
119320	10793
1055616	10794
403860	10795
1003581	10796
994615	10797
804067	10798
968145	10799
623618	10800
223964	10801
21133	10802
613053	10803
230691	10804
803278	10805
829237	10806
733468	10807
955594	10808
590093	10809
180411	10810
674598	10811
393032	10812
860243	10813
221262	10814
618282	10815
1061689	10816
1040979	10817
927674	10818
727839	10819
734218	10820
572198	10821
380641	10822
477106	10823
645155	10824
1036113	10825
285555	10826
897434	10827
266396	10828
285023	10829
490759	10830
666394	10831
372049	10832
628475	10833
263864	10834
1076641	10835
54557	10836
1053141	10837
522813	10838
400552	10839
781304	10840
1069841	10841
276986	10842
812300	10843
686842	10844
834323	10845
312459	10846
155156	10847
687006	10848
418442	10849
161389	10850
528680	10851
280836	10852
950262	10853
367141	10854
471095	10855
458423	10856
616010	10857
1072820	10858
582577	10859
119946	10860
1073939	10861
287046	10862
287227	10863
30236	10864
124136	10865
465364	10866
541575	10867
896628	10868
1086635	10869
898681	10870
351280	10871
935464	10872
1140033	10873
169186	10874
30376	10875
700736	10876
38305	10877
1048287	10878
776260	10879
358249	10880
107488	10881
255374	10882
909020	10883
299034	10884
538275	10885
320208	10886
1017402	10887
9089	10888
454248	10889
112788	10890
231411	10891
1057177	10892
1001408	10893
875590	10894
1121613	10895
272896	10896
983574	10897
99848	10898
695942	10899
510590	10900
542806	10901
1122362	10902
1013208	10903
825457	10904
598147	10905
713912	10906
738218	10907
1134159	10908
380186	10909
750410	10910
537110	10911
669781	10912
726950	10913
66659	10914
119986	10915
846371	10916
102946	10917
701643	10918
1097735	10919
249902	10920
731796	10921
391949	10922
468157	10923
1063441	10924
486951	10925
320170	10926
415932	10927
397002	10928
415565	10929
545985	10930
711137	10931
1103870	10932
602420	10933
587401	10934
674566	10935
142000	10936
848943	10937
325664	10938
714537	10939
829681	10940
584270	10941
651834	10942
329757	10943
417774	10944
1132061	10945
189167	10946
1113248	10947
136867	10948
555014	10949
295867	10950
200712	10951
986812	10952
33719	10953
1024298	10954
845298	10955
866467	10956
364170	10957
899097	10958
976398	10959
1072157	10960
121681	10961
378030	10962
893067	10963
375844	10964
173806	10965
190615	10966
289068	10967
766737	10968
291935	10969
164212	10970
95277	10971
1034168	10972
81056	10973
804262	10974
274085	10975
180390	10976
177075	10977
323143	10978
842611	10979
1078115	10980
778751	10981
61168	10982
105631	10983
341978	10984
597765	10985
371398	10986
692071	10987
1097155	10988
720666	10989
89597	10990
424644	10991
1058244	10992
488349	10993
835008	10994
310143	10995
194971	10996
960999	10997
96573	10998
493513	10999
174033	11000
639201	11001
151725	11002
1072241	11003
487389	11004
1208	11005
112996	11006
285664	11007
579157	11008
998223	11009
308783	11010
349009	11011
1038988	11012
672111	11013
926159	11014
658238	11015
652929	11016
24160	11017
782481	11018
964282	11019
1051291	11020
741016	11021
470440	11022
672146	11023
142428	11024
449829	11025
689793	11026
475457	11027
1111592	11028
547399	11029
995032	11030
430528	11031
369493	11032
367447	11033
392262	11034
386584	11035
700802	11036
11473	11037
266579	11038
502863	11039
231748	11040
221814	11041
739937	11042
890543	11043
43849	11044
963329	11045
679565	11046
529117	11047
22996	11048
486573	11049
486085	11050
559385	11051
659705	11052
755507	11053
563879	11054
127822	11055
81051	11056
518229	11057
781257	11058
476800	11059
704601	11060
658336	11061
1140422	11062
1004788	11063
285356	11064
344625	11065
235144	11066
430595	11067
1032671	11068
435600	11069
552076	11070
629822	11071
61128	11072
24060	11073
733396	11074
80183	11075
611620	11076
748322	11077
411984	11078
104489	11079
1083790	11080
537159	11081
60458	11082
982518	11083
1067319	11084
389751	11085
858355	11086
40861	11087
727766	11088
59634	11089
532017	11090
9537	11091
830361	11092
716837	11093
84932	11094
685764	11095
487909	11096
729305	11097
1021850	11098
775693	11099
387606	11100
242479	11101
872231	11102
485377	11103
260282	11104
371455	11105
662045	11106
1055819	11107
988597	11108
1074214	11109
1733	11110
942887	11111
411573	11112
1081097	11113
281053	11114
826920	11115
371674	11116
432860	11117
931592	11118
1131321	11119
284772	11120
43494	11121
985991	11122
317488	11123
482808	11124
560035	11125
1052802	11126
1092153	11127
416013	11128
121879	11129
375326	11130
198570	11131
1081814	11132
1095028	11133
906578	11134
612069	11135
1023456	11136
1064687	11137
559243	11138
471265	11139
782748	11140
617602	11141
103717	11142
353139	11143
817628	11144
827257	11145
307626	11146
64612	11147
658973	11148
905063	11149
626482	11150
918691	11151
675085	11152
627982	11153
997415	11154
1100828	11155
318843	11156
290558	11157
966385	11158
359297	11159
711527	11160
268729	11161
253775	11162
1003831	11163
525363	11164
291503	11165
1123717	11166
749224	11167
1073493	11168
824121	11169
476887	11170
103016	11171
566705	11172
515481	11173
635322	11174
574581	11175
1009937	11176
228432	11177
822792	11178
318075	11179
1094622	11180
351929	11181
617118	11182
193689	11183
226328	11184
784469	11185
819272	11186
710682	11187
601002	11188
751495	11189
157651	11190
555270	11191
379848	11192
502566	11193
356882	11194
432629	11195
690059	11196
54872	11197
606175	11198
128036	11199
764280	11200
750482	11201
262185	11202
493482	11203
257997	11204
603488	11205
675579	11206
88022	11207
184661	11208
355277	11209
374659	11210
39069	11211
343428	11212
535461	11213
716236	11214
51660	11215
459357	11216
116286	11217
553928	11218
102129	11219
1021427	11220
44670	11221
868368	11222
1112438	11223
913431	11224
134612	11225
55713	11226
1065808	11227
833950	11228
148738	11229
296875	11230
909797	11231
1119405	11232
399302	11233
658632	11234
325368	11235
72407	11236
58808	11237
317843	11238
780531	11239
1026192	11240
563359	11241
592190	11242
1128957	11243
247741	11244
456096	11245
49424	11246
1126950	11247
140799	11248
188422	11249
646141	11250
567075	11251
1099703	11252
98295	11253
1079578	11254
577534	11255
230915	11256
227641	11257
428299	11258
249185	11259
14144	11260
414308	11261
189923	11262
1106212	11263
199293	11264
859978	11265
745955	11266
75250	11267
863423	11268
346900	11269
771747	11270
260590	11271
162881	11272
1037666	11273
414178	11274
403373	11275
786279	11276
809403	11277
745946	11278
112111	11279
1073002	11280
1083222	11281
982493	11282
592735	11283
571301	11284
630307	11285
258891	11286
609330	11287
915614	11288
1032308	11289
1030800	11290
394554	11291
455406	11292
930026	11293
745000	11294
851665	11295
1095039	11296
328825	11297
559992	11298
903576	11299
1005888	11300
303499	11301
725192	11302
1056009	11303
1056662	11304
646449	11305
456087	11306
182373	11307
1109280	11308
420578	11309
1122918	11310
1007314	11311
407194	11312
1121913	11313
387106	11314
440899	11315
762144	11316
890063	11317
717545	11318
556597	11319
86202	11320
1002815	11321
177031	11322
720041	11323
783076	11324
226605	11325
507148	11326
949164	11327
876724	11328
114575	11329
151401	11330
528699	11331
449014	11332
228333	11333
128194	11334
796358	11335
327136	11336
766473	11337
503006	11338
165101	11339
988958	11340
882706	11341
818114	11342
490965	11343
62559	11344
913850	11345
822357	11346
664990	11347
1000418	11348
21637	11349
1070760	11350
27105	11351
191348	11352
390479	11353
909591	11354
72711	11355
1069503	11356
1031358	11357
245266	11358
777365	11359
775644	11360
793128	11361
592903	11362
949241	11363
892510	11364
602599	11365
1009908	11366
250382	11367
390568	11368
585947	11369
625875	11370
1135121	11371
206716	11372
1036929	11373
983691	11374
62009	11375
841269	11376
1099169	11377
1064023	11378
561419	11379
939992	11380
1137224	11381
1073739	11382
510027	11383
509875	11384
1046863	11385
477822	11386
309092	11387
493093	11388
1130190	11389
650035	11390
730540	11391
27781	11392
208741	11393
296571	11394
938525	11395
654163	11396
1068815	11397
1062452	11398
390936	11399
888088	11400
137639	11401
31841	11402
344893	11403
105615	11404
1018832	11405
144341	11406
142133	11407
984399	11408
980455	11409
1083639	11410
1026291	11411
774607	11412
937726	11413
328553	11414
915348	11415
68355	11416
638322	11417
181853	11418
953901	11419
390262	11420
902794	11421
382384	11422
21692	11423
266235	11424
738660	11425
722371	11426
470701	11427
723611	11428
1033427	11429
318635	11430
606852	11431
351930	11432
515818	11433
837848	11434
183568	11435
264727	11436
446914	11437
999630	11438
89952	11439
1075174	11440
331462	11441
369025	11442
232388	11443
289725	11444
20934	11445
74300	11446
103898	11447
711625	11448
889810	11449
347361	11450
1114762	11451
159111	11452
977389	11453
868901	11454
675996	11455
760728	11456
1007774	11457
238249	11458
111829	11459
175712	11460
809057	11461
302375	11462
1040866	11463
327844	11464
36769	11465
722784	11466
337688	11467
278109	11468
888866	11469
194211	11470
416772	11471
479093	11472
74997	11473
553398	11474
197413	11475
470068	11476
886883	11477
723646	11478
870409	11479
97875	11480
199146	11481
717762	11482
80407	11483
659837	11484
285182	11485
335388	11486
549178	11487
518332	11488
144200	11489
202854	11490
304938	11491
72767	11492
1041538	11493
994495	11494
1009339	11495
749334	11496
1133796	11497
391176	11498
1108636	11499
817074	11500
857538	11501
589904	11502
729103	11503
808424	11504
737862	11505
875879	11506
1018159	11507
246305	11508
489473	11509
74995	11510
1110196	11511
321570	11512
547084	11513
166952	11514
581107	11515
100183	11516
769705	11517
1073061	11518
857640	11519
965058	11520
177304	11521
1065636	11522
716089	11523
975082	11524
109842	11525
844477	11526
1137017	11527
1095847	11528
465420	11529
89804	11530
1056757	11531
713420	11532
267279	11533
833052	11534
260103	11535
979180	11536
626049	11537
975912	11538
482867	11539
391094	11540
477458	11541
721370	11542
971823	11543
149115	11544
377697	11545
268414	11546
620687	11547
115091	11548
154545	11549
340434	11550
202215	11551
553088	11552
772454	11553
1813	11554
748878	11555
287337	11556
783667	11557
384064	11558
641570	11559
257762	11560
92529	11561
633861	11562
214979	11563
764314	11564
1141714	11565
104838	11566
228955	11567
956024	11568
380940	11569
290451	11570
198220	11571
952286	11572
1044965	11573
800075	11574
585085	11575
1005587	11576
526164	11577
221159	11578
1008395	11579
223296	11580
585315	11581
785296	11582
404051	11583
745573	11584
1017497	11585
188431	11586
978624	11587
520204	11588
822193	11589
422905	11590
426648	11591
844863	11592
155271	11593
811277	11594
975488	11595
181232	11596
744000	11597
1022083	11598
51360	11599
950274	11600
439832	11601
260501	11602
248970	11603
672013	11604
359176	11605
143739	11606
325457	11607
40315	11608
897798	11609
117551	11610
636231	11611
193355	11612
115659	11613
805974	11614
656743	11615
970534	11616
347369	11617
574722	11618
983050	11619
717222	11620
322731	11621
10174	11622
627414	11623
20201	11624
1134453	11625
175661	11626
621385	11627
591982	11628
111947	11629
177661	11630
971648	11631
267390	11632
24563	11633
80060	11634
13775	11635
669112	11636
692624	11637
399053	11638
176501	11639
1004595	11640
679207	11641
251895	11642
297143	11643
873975	11644
634791	11645
423910	11646
460329	11647
1107660	11648
171527	11649
656269	11650
896431	11651
794664	11652
509396	11653
691986	11654
500573	11655
359071	11656
899163	11657
120579	11658
823049	11659
863672	11660
570032	11661
1096101	11662
532833	11663
489194	11664
257590	11665
210597	11666
829407	11667
396025	11668
663762	11669
1026037	11670
355434	11671
468171	11672
1113385	11673
169081	11674
168716	11675
904353	11676
920934	11677
547361	11678
985031	11679
178985	11680
1060576	11681
589867	11682
821864	11683
445573	11684
276379	11685
660423	11686
776852	11687
1105532	11688
338341	11689
265006	11690
755932	11691
487398	11692
107073	11693
533880	11694
341585	11695
743513	11696
526287	11697
499725	11698
915607	11699
51869	11700
21739	11701
10344	11702
840754	11703
72288	11704
779574	11705
370405	11706
242017	11707
1055752	11708
455234	11709
963290	11710
424934	11711
219641	11712
666563	11713
621154	11714
789519	11715
86116	11716
746569	11717
216431	11718
952469	11719
1126247	11720
400332	11721
887184	11722
298838	11723
840285	11724
441701	11725
580539	11726
361271	11727
444245	11728
211014	11729
50703	11730
50350	11731
1037888	11732
1070150	11733
553186	11734
46272	11735
317819	11736
1099516	11737
1047259	11738
698893	11739
180544	11740
220502	11741
17041	11742
131167	11743
133577	11744
458232	11745
713653	11746
394623	11747
642097	11748
909064	11749
173352	11750
158867	11751
349451	11752
612794	11753
994243	11754
284116	11755
718878	11756
78402	11757
337819	11758
242848	11759
905283	11760
938846	11761
165298	11762
1049746	11763
87932	11764
996992	11765
588920	11766
19193	11767
822071	11768
749058	11769
132899	11770
528123	11771
255717	11772
1066325	11773
10743	11774
827849	11775
150614	11776
1009427	11777
1006508	11778
210656	11779
12077	11780
962082	11781
921017	11782
853978	11783
163847	11784
748632	11785
353128	11786
1077368	11787
444846	11788
713699	11789
623603	11790
182667	11791
674289	11792
679489	11793
137414	11794
305818	11795
1099243	11796
849344	11797
768906	11798
660655	11799
560698	11800
928068	11801
538512	11802
802661	11803
1136862	11804
823264	11805
605134	11806
901409	11807
259050	11808
813317	11809
584874	11810
250273	11811
582400	11812
792333	11813
1120511	11814
82186	11815
525283	11816
924665	11817
1096939	11818
12994	11819
297618	11820
84610	11821
553842	11822
73716	11823
1002914	11824
882740	11825
38135	11826
1079975	11827
138625	11828
723857	11829
299111	11830
796372	11831
987923	11832
120719	11833
480937	11834
759854	11835
1134668	11836
821703	11837
347194	11838
981452	11839
1010051	11840
1010337	11841
478414	11842
96206	11843
125834	11844
667163	11845
189495	11846
303807	11847
782997	11848
96336	11849
1029121	11850
430797	11851
278135	11852
517165	11853
1128724	11854
370947	11855
418533	11856
417205	11857
454852	11858
382834	11859
381809	11860
707362	11861
747532	11862
978912	11863
247235	11864
349471	11865
118462	11866
334228	11867
822078	11868
612818	11869
981836	11870
153411	11871
153832	11872
248151	11873
253594	11874
974748	11875
5566	11876
344647	11877
1018409	11878
652541	11879
611605	11880
94697	11881
508109	11882
115539	11883
519967	11884
945868	11885
998977	11886
1046603	11887
187859	11888
60965	11889
1099311	11890
357350	11891
608388	11892
837778	11893
115545	11894
15700	11895
1137617	11896
953513	11897
120449	11898
1100706	11899
1074784	11900
865757	11901
20417	11902
998185	11903
239059	11904
259859	11905
22196	11906
310445	11907
551134	11908
108406	11909
629790	11910
1097128	11911
619394	11912
314708	11913
806600	11914
1042335	11915
231349	11916
78831	11917
346544	11918
133992	11919
558643	11920
185771	11921
38657	11922
115535	11923
140752	11924
102619	11925
1074842	11926
1068150	11927
116759	11928
1049794	11929
538678	11930
636125	11931
584222	11932
418368	11933
1085012	11934
571332	11935
1104589	11936
417110	11937
171031	11938
546586	11939
793739	11940
175730	11941
805643	11942
529653	11943
555964	11944
297691	11945
1102945	11946
338292	11947
36442	11948
722270	11949
785899	11950
918177	11951
406340	11952
158907	11953
520730	11954
158067	11955
372144	11956
716475	11957
59148	11958
939160	11959
1092899	11960
875307	11961
612066	11962
498726	11963
994678	11964
1038985	11965
283702	11966
729063	11967
532233	11968
1058931	11969
878419	11970
530992	11971
190015	11972
812104	11973
972693	11974
939468	11975
964509	11976
875518	11977
570393	11978
761399	11979
75822	11980
536032	11981
841398	11982
391182	11983
531110	11984
584323	11985
367540	11986
133667	11987
134171	11988
1020848	11989
746832	11990
787285	11991
763468	11992
835818	11993
850405	11994
1057077	11995
236260	11996
453877	11997
682986	11998
638207	11999
862099	12000
477755	12001
964752	12002
406038	12003
844682	12004
805470	12005
354750	12006
992963	12007
327826	12008
970554	12009
401924	12010
192437	12011
1118965	12012
1113892	12013
244360	12014
862670	12015
618610	12016
312301	12017
270674	12018
361184	12019
427129	12020
675878	12021
109394	12022
1015670	12023
163972	12024
759007	12025
312594	12026
256209	12027
1125255	12028
237170	12029
938399	12030
568394	12031
610789	12032
38238	12033
433598	12034
1119111	12035
503371	12036
366499	12037
188589	12038
242661	12039
484524	12040
201672	12041
670973	12042
793571	12043
71049	12044
1004130	12045
770517	12046
158644	12047
471589	12048
286266	12049
704712	12050
701994	12051
494220	12052
561568	12053
1136603	12054
187773	12055
674171	12056
907306	12057
579276	12058
199618	12059
583502	12060
1037930	12061
1120028	12062
6246	12063
502776	12064
576417	12065
101146	12066
315113	12067
278424	12068
884158	12069
526742	12070
163180	12071
50740	12072
528442	12073
238213	12074
603634	12075
101421	12076
1040766	12077
529225	12078
435370	12079
432414	12080
1106116	12081
85037	12082
50290	12083
853967	12084
1023872	12085
310167	12086
154564	12087
873714	12088
1081171	12089
579999	12090
743133	12091
471645	12092
541166	12093
469240	12094
67358	12095
788638	12096
1130456	12097
576559	12098
292223	12099
406753	12100
506188	12101
206259	12102
471250	12103
613171	12104
68448	12105
1111069	12106
829858	12107
1118326	12108
873120	12109
833673	12110
796512	12111
892041	12112
372956	12113
875394	12114
143744	12115
1023277	12116
441000	12117
196291	12118
955799	12119
102191	12120
922144	12121
617906	12122
584528	12123
875223	12124
241651	12125
621912	12126
918545	12127
1131654	12128
950514	12129
303101	12130
1127560	12131
1007061	12132
495977	12133
12164	12134
1105083	12135
50244	12136
344057	12137
1096068	12138
467754	12139
43815	12140
192603	12141
192700	12142
146528	12143
1086204	12144
136675	12145
360537	12146
203766	12147
711056	12148
480004	12149
91416	12150
479883	12151
652348	12152
68525	12153
1130352	12154
903348	12155
245763	12156
592236	12157
677825	12158
1060760	12159
495904	12160
151346	12161
590298	12162
499293	12163
244442	12164
763207	12165
50159	12166
866912	12167
4544	12168
22650	12169
548792	12170
1023550	12171
636600	12172
928034	12173
712486	12174
913651	12175
844445	12176
166621	12177
1094636	12178
524656	12179
289953	12180
861553	12181
726580	12182
555540	12183
621418	12184
293870	12185
558213	12186
193299	12187
934563	12188
726241	12189
547241	12190
84880	12191
628283	12192
426629	12193
652292	12194
883553	12195
815134	12196
407598	12197
388965	12198
882048	12199
888266	12200
550407	12201
378065	12202
902449	12203
780941	12204
476469	12205
758569	12206
207630	12207
444310	12208
784197	12209
656822	12210
1029345	12211
949414	12212
1115209	12213
457422	12214
765664	12215
252723	12216
791795	12217
831646	12218
368345	12219
985749	12220
421939	12221
437978	12222
717650	12223
397082	12224
183950	12225
351519	12226
44594	12227
28767	12228
1135110	12229
403848	12230
738545	12231
96786	12232
685744	12233
941991	12234
813918	12235
1040727	12236
780876	12237
1108541	12238
158998	12239
798182	12240
506326	12241
458400	12242
734323	12243
593636	12244
144118	12245
719449	12246
513572	12247
497268	12248
826288	12249
1007610	12250
1022856	12251
423759	12252
242317	12253
720786	12254
172600	12255
271223	12256
832449	12257
196363	12258
519730	12259
380237	12260
899987	12261
448175	12262
183149	12263
979712	12264
778767	12265
667343	12266
40475	12267
472620	12268
1140667	12269
911307	12270
993277	12271
422076	12272
245638	12273
577538	12274
571054	12275
417968	12276
662330	12277
98179	12278
740087	12279
1029846	12280
484304	12281
725928	12282
1051244	12283
321035	12284
774965	12285
378881	12286
1127963	12287
889059	12288
260453	12289
220221	12290
597717	12291
618789	12292
543066	12293
462647	12294
47984	12295
475681	12296
776044	12297
1127843	12298
171990	12299
203670	12300
808482	12301
9813	12302
474022	12303
1126059	12304
505717	12305
245559	12306
637541	12307
1004256	12308
656586	12309
398786	12310
744674	12311
565258	12312
148597	12313
906458	12314
253719	12315
859092	12316
452482	12317
477591	12318
98218	12319
352157	12320
915212	12321
512048	12322
514981	12323
447200	12324
805457	12325
93053	12326
1063556	12327
329576	12328
1111401	12329
568871	12330
233509	12331
25988	12332
905629	12333
408081	12334
418627	12335
403552	12336
840122	12337
340074	12338
111862	12339
408522	12340
534550	12341
1002181	12342
21442	12343
576326	12344
166928	12345
43629	12346
195322	12347
88845	12348
1007605	12349
850446	12350
14140	12351
493890	12352
1083774	12353
144877	12354
896274	12355
34352	12356
987618	12357
823073	12358
991193	12359
662674	12360
1054148	12361
826622	12362
277108	12363
830923	12364
1132273	12365
321420	12366
548299	12367
538421	12368
734796	12369
1077162	12370
595562	12371
956031	12372
610615	12373
681045	12374
363451	12375
59412	12376
583420	12377
858476	12378
284295	12379
550781	12380
159816	12381
1054353	12382
905059	12383
249046	12384
620051	12385
558968	12386
597899	12387
81438	12388
113808	12389
166623	12390
1123743	12391
398352	12392
786934	12393
279966	12394
806891	12395
917978	12396
127019	12397
903785	12398
893240	12399
770244	12400
1063115	12401
85495	12402
656277	12403
674447	12404
774146	12405
138701	12406
204025	12407
531189	12408
881204	12409
1039373	12410
75436	12411
428038	12412
848829	12413
207147	12414
2526	12415
617314	12416
748148	12417
1072310	12418
1028670	12419
112383	12420
702612	12421
232069	12422
467766	12423
605503	12424
825827	12425
1134254	12426
1091766	12427
1047541	12428
842012	12429
61280	12430
403027	12431
767290	12432
760592	12433
34023	12434
575982	12435
812542	12436
928971	12437
186933	12438
247562	12439
631900	12440
1139404	12441
963807	12442
117040	12443
143821	12444
449945	12445
475147	12446
918928	12447
414391	12448
508140	12449
446100	12450
897693	12451
282147	12452
484656	12453
1060349	12454
393239	12455
312854	12456
1133287	12457
814850	12458
124239	12459
881784	12460
407837	12461
123682	12462
47745	12463
1002868	12464
148048	12465
61794	12466
114615	12467
26293	12468
830031	12469
200711	12470
983367	12471
155679	12472
966857	12473
306005	12474
570250	12475
553372	12476
506927	12477
153120	12478
117184	12479
159787	12480
877332	12481
111789	12482
227189	12483
698674	12484
152507	12485
116261	12486
304508	12487
633394	12488
910795	12489
470503	12490
500520	12491
374574	12492
514466	12493
468810	12494
196269	12495
1107944	12496
680823	12497
335999	12498
178241	12499
495002	12500
358426	12501
934912	12502
295119	12503
513247	12504
891482	12505
519305	12506
405544	12507
597747	12508
904784	12509
859622	12510
296604	12511
847211	12512
614320	12513
311485	12514
690314	12515
969850	12516
914643	12517
375337	12518
403904	12519
795168	12520
735987	12521
664895	12522
973306	12523
397756	12524
443546	12525
646318	12526
767132	12527
231650	12528
528691	12529
33352	12530
109173	12531
73238	12532
665441	12533
60904	12534
348425	12535
754661	12536
1124093	12537
653940	12538
905638	12539
599667	12540
1136929	12541
659843	12542
252883	12543
353918	12544
431132	12545
1002922	12546
648537	12547
1109295	12548
578863	12549
917410	12550
335181	12551
578974	12552
477536	12553
995037	12554
290327	12555
568780	12556
443621	12557
158942	12558
1068743	12559
400357	12560
664351	12561
590319	12562
221236	12563
21696	12564
207524	12565
33436	12566
872287	12567
909154	12568
553564	12569
204229	12570
1106170	12571
1069470	12572
628408	12573
882032	12574
206418	12575
730842	12576
1059855	12577
284642	12578
310439	12579
44638	12580
559895	12581
747570	12582
1085730	12583
97128	12584
1080256	12585
720214	12586
318530	12587
552697	12588
38872	12589
626280	12590
907985	12591
474855	12592
1136174	12593
542505	12594
890537	12595
975056	12596
17291	12597
1029546	12598
302489	12599
510046	12600
297679	12601
16186	12602
325171	12603
3055	12604
340438	12605
521309	12606
889448	12607
211406	12608
805177	12609
245654	12610
1131549	12611
40225	12612
312203	12613
786588	12614
462246	12615
371932	12616
856313	12617
677132	12618
1115622	12619
154681	12620
355035	12621
544701	12622
751734	12623
1020563	12624
20297	12625
85701	12626
239489	12627
347367	12628
871181	12629
951751	12630
62023	12631
18700	12632
1031721	12633
54345	12634
447834	12635
557197	12636
782344	12637
1135839	12638
1039671	12639
7510	12640
777101	12641
868586	12642
950823	12643
237035	12644
346335	12645
770539	12646
563643	12647
512091	12648
24703	12649
630023	12650
427731	12651
455923	12652
1131330	12653
204031	12654
518606	12655
413789	12656
719778	12657
1099277	12658
337936	12659
36738	12660
1012814	12661
548412	12662
259403	12663
64216	12664
804253	12665
736268	12666
580159	12667
476222	12668
504739	12669
1090790	12670
522568	12671
1008879	12672
204860	12673
498861	12674
261240	12675
709812	12676
376798	12677
364487	12678
230644	12679
880802	12680
549862	12681
1035880	12682
290359	12683
35992	12684
63729	12685
138358	12686
306398	12687
686026	12688
12875	12689
649542	12690
1078809	12691
68275	12692
454188	12693
512095	12694
391815	12695
468135	12696
505238	12697
1089786	12698
694307	12699
597111	12700
436935	12701
977194	12702
340572	12703
113449	12704
1004046	12705
386034	12706
977514	12707
714487	12708
117189	12709
407369	12710
549417	12711
112884	12712
1048837	12713
538488	12714
1024857	12715
252075	12716
6165	12717
1030718	12718
306758	12719
145976	12720
887092	12721
314436	12722
126422	12723
923645	12724
775002	12725
788089	12726
263547	12727
36812	12728
294535	12729
510677	12730
289748	12731
224559	12732
502331	12733
1007180	12734
452524	12735
798593	12736
476575	12737
501311	12738
515992	12739
200047	12740
209401	12741
61256	12742
637257	12743
103666	12744
983271	12745
349758	12746
1018088	12747
732772	12748
639159	12749
179622	12750
555337	12751
192524	12752
544951	12753
69722	12754
1137219	12755
405721	12756
999073	12757
198442	12758
1071556	12759
1111027	12760
253528	12761
74781	12762
49045	12763
843917	12764
400127	12765
80489	12766
610605	12767
270149	12768
157378	12769
725754	12770
693804	12771
137606	12772
1026327	12773
209520	12774
195723	12775
33291	12776
35135	12777
116346	12778
418464	12779
988562	12780
72806	12781
988740	12782
770637	12783
122734	12784
401257	12785
1049326	12786
1105840	12787
632121	12788
1027454	12789
368218	12790
300720	12791
68099	12792
942443	12793
417874	12794
801494	12795
325541	12796
295443	12797
382550	12798
564911	12799
202417	12800
600914	12801
631115	12802
1054876	12803
328069	12804
561328	12805
206115	12806
442378	12807
978810	12808
608971	12809
54106	12810
1043739	12811
598001	12812
1076615	12813
1006593	12814
52755	12815
673422	12816
1071886	12817
147161	12818
719245	12819
818957	12820
527572	12821
415624	12822
401938	12823
463979	12824
545993	12825
438932	12826
712242	12827
483455	12828
398328	12829
179654	12830
1132332	12831
732278	12832
178769	12833
1125897	12834
489495	12835
564683	12836
703571	12837
559169	12838
629866	12839
862926	12840
114359	12841
1088012	12842
676845	12843
906564	12844
917521	12845
467148	12846
935245	12847
767570	12848
1006736	12849
429441	12850
1082948	12851
610859	12852
667228	12853
34432	12854
432797	12855
199659	12856
948939	12857
275196	12858
725190	12859
1136128	12860
316282	12861
267525	12862
789026	12863
31930	12864
942231	12865
983084	12866
486570	12867
169113	12868
205790	12869
1081263	12870
838028	12871
25581	12872
1138816	12873
628131	12874
1020277	12875
865293	12876
315715	12877
969181	12878
737400	12879
1061678	12880
536929	12881
306129	12882
130907	12883
877595	12884
288012	12885
302258	12886
985121	12887
1109341	12888
494061	12889
520910	12890
636203	12891
823547	12892
368918	12893
1061711	12894
701369	12895
662595	12896
736190	12897
852244	12898
1063579	12899
1111649	12900
637142	12901
565013	12902
64474	12903
1119411	12904
145266	12905
409186	12906
969172	12907
1076355	12908
70602	12909
1082420	12910
681671	12911
1017413	12912
837054	12913
221800	12914
624961	12915
812205	12916
441978	12917
713700	12918
492752	12919
358957	12920
561885	12921
1102510	12922
921896	12923
588904	12924
120989	12925
831163	12926
691039	12927
22799	12928
177972	12929
1113062	12930
240086	12931
797866	12932
957966	12933
1132674	12934
558542	12935
524798	12936
179170	12937
633515	12938
374433	12939
434071	12940
177185	12941
479298	12942
594783	12943
1116915	12944
62978	12945
155357	12946
713358	12947
810952	12948
542838	12949
25504	12950
29241	12951
117918	12952
545856	12953
754440	12954
751240	12955
416035	12956
36266	12957
952936	12958
458082	12959
611850	12960
940411	12961
595142	12962
476153	12963
50149	12964
899442	12965
54437	12966
85092	12967
1051836	12968
1110411	12969
965118	12970
523898	12971
61805	12972
145204	12973
991650	12974
844919	12975
925365	12976
197858	12977
281872	12978
11383	12979
469541	12980
356602	12981
584399	12982
885247	12983
828555	12984
885982	12985
699292	12986
244632	12987
811764	12988
854139	12989
322861	12990
345224	12991
765727	12992
251247	12993
344501	12994
267983	12995
1090694	12996
814308	12997
704747	12998
553525	12999
312095	13000
136053	13001
626179	13002
691678	13003
1054388	13004
1008585	13005
914145	13006
18888	13007
800909	13008
661814	13009
66214	13010
1116333	13011
273127	13012
533672	13013
143375	13014
742262	13015
7454	13016
1018260	13017
510451	13018
481254	13019
54767	13020
898866	13021
845859	13022
947556	13023
474241	13024
350261	13025
863533	13026
33696	13027
560917	13028
534461	13029
1049779	13030
835817	13031
174524	13032
223927	13033
1005088	13034
780318	13035
834805	13036
310418	13037
344422	13038
267762	13039
886032	13040
744877	13041
762911	13042
931204	13043
354093	13044
624628	13045
1051263	13046
179888	13047
410101	13048
424258	13049
1065121	13050
282809	13051
418903	13052
1028793	13053
655745	13054
476959	13055
311332	13056
1032393	13057
173316	13058
23980	13059
145760	13060
615586	13061
822663	13062
300039	13063
1042754	13064
153244	13065
862335	13066
593108	13067
353035	13068
15653	13069
566969	13070
964278	13071
78256	13072
7615	13073
419004	13074
568613	13075
327474	13076
863288	13077
586221	13078
204923	13079
298650	13080
390752	13081
638976	13082
681533	13083
307896	13084
631902	13085
394827	13086
933514	13087
167414	13088
312859	13089
42367	13090
994655	13091
219210	13092
989433	13093
231190	13094
973077	13095
711612	13096
429763	13097
33740	13098
247464	13099
90058	13100
935779	13101
938578	13102
71008	13103
219371	13104
72331	13105
1128180	13106
463284	13107
1016262	13108
572534	13109
178691	13110
910542	13111
394874	13112
757527	13113
1000866	13114
137499	13115
1084604	13116
274886	13117
860383	13118
19534	13119
109329	13120
237443	13121
598138	13122
383405	13123
312905	13124
885155	13125
572821	13126
1007601	13127
981537	13128
1086620	13129
470994	13130
757657	13131
541988	13132
290256	13133
189185	13134
475986	13135
624556	13136
377490	13137
736275	13138
549428	13139
132655	13140
1126583	13141
147209	13142
236122	13143
190055	13144
941636	13145
279893	13146
1029935	13147
632087	13148
746939	13149
792910	13150
955388	13151
1113606	13152
746664	13153
213363	13154
843624	13155
706528	13156
139312	13157
233448	13158
210497	13159
317450	13160
51553	13161
634291	13162
1139483	13163
145469	13164
275564	13165
930405	13166
856141	13167
21517	13168
963364	13169
1113935	13170
770663	13171
170923	13172
1781	13173
310619	13174
1015519	13175
879526	13176
212011	13177
108643	13178
161331	13179
618467	13180
793230	13181
360834	13182
110728	13183
796231	13184
789903	13185
75560	13186
621910	13187
1091324	13188
30873	13189
171976	13190
357706	13191
788679	13192
55587	13193
592230	13194
602971	13195
458411	13196
451817	13197
559580	13198
1068828	13199
279766	13200
1110812	13201
260413	13202
17909	13203
547950	13204
27203	13205
287551	13206
244149	13207
1139028	13208
1133129	13209
707413	13210
988204	13211
1071633	13212
1021648	13213
162788	13214
93275	13215
12006	13216
245570	13217
80997	13218
1087325	13219
384872	13220
921596	13221
108127	13222
494872	13223
237195	13224
229765	13225
1126542	13226
723686	13227
192615	13228
166614	13229
312569	13230
388092	13231
812210	13232
341976	13233
120021	13234
387391	13235
45770	13236
323729	13237
405835	13238
164076	13239
1128212	13240
918664	13241
312214	13242
877367	13243
536788	13244
289604	13245
1104210	13246
668481	13247
914220	13248
10880	13249
796671	13250
562277	13251
653092	13252
996229	13253
292850	13254
348779	13255
561382	13256
552979	13257
189114	13258
381272	13259
907472	13260
915225	13261
355795	13262
1023655	13263
488153	13264
499459	13265
209047	13266
30056	13267
1018035	13268
93573	13269
234538	13270
211401	13271
638528	13272
188873	13273
1126209	13274
80754	13275
1045672	13276
95107	13277
154309	13278
243617	13279
409018	13280
1011253	13281
848713	13282
1109463	13283
1130041	13284
230558	13285
360044	13286
278730	13287
492417	13288
1028781	13289
842890	13290
673680	13291
504277	13292
157533	13293
379230	13294
39940	13295
728649	13296
307570	13297
1009664	13298
839505	13299
998435	13300
668144	13301
700840	13302
151297	13303
711658	13304
610816	13305
355464	13306
845312	13307
255929	13308
852672	13309
551168	13310
977068	13311
86633	13312
128944	13313
606493	13314
593232	13315
133575	13316
927009	13317
595056	13318
596624	13319
635606	13320
963273	13321
1000531	13322
235780	13323
268499	13324
192213	13325
180128	13326
505972	13327
14216	13328
196091	13329
419231	13330
261251	13331
767080	13332
1028396	13333
65342	13334
94181	13335
875704	13336
489406	13337
118159	13338
1058981	13339
628402	13340
671943	13341
277975	13342
594253	13343
575433	13344
264708	13345
358610	13346
708185	13347
789402	13348
87862	13349
507915	13350
405365	13351
822030	13352
625009	13353
288054	13354
436062	13355
254076	13356
817791	13357
976093	13358
986720	13359
177068	13360
426482	13361
430473	13362
609528	13363
26376	13364
1008228	13365
910231	13366
993734	13367
750928	13368
1516	13369
542291	13370
599053	13371
93337	13372
842289	13373
85563	13374
11134	13375
157193	13376
207085	13377
941708	13378
671146	13379
65120	13380
582552	13381
529600	13382
729805	13383
38956	13384
1139924	13385
108717	13386
226379	13387
115580	13388
307094	13389
77976	13390
749488	13391
751741	13392
626724	13393
715035	13394
479919	13395
965606	13396
1004167	13397
143323	13398
516906	13399
399189	13400
10055	13401
37106	13402
784155	13403
430201	13404
1061578	13405
628270	13406
555976	13407
378525	13408
205782	13409
222585	13410
572838	13411
1002372	13412
685001	13413
836395	13414
235456	13415
1091989	13416
200671	13417
90588	13418
970541	13419
890583	13420
342818	13421
439573	13422
745816	13423
776655	13424
770634	13425
407471	13426
335634	13427
498404	13428
34735	13429
326314	13430
511303	13431
798516	13432
89566	13433
853974	13434
635288	13435
915658	13436
147800	13437
749082	13438
117749	13439
609703	13440
885152	13441
299572	13442
860920	13443
564036	13444
7630	13445
1002441	13446
748936	13447
144090	13448
656632	13449
652336	13450
234586	13451
121575	13452
653304	13453
343209	13454
88444	13455
195644	13456
122708	13457
252474	13458
710048	13459
5365	13460
73156	13461
493905	13462
834831	13463
527097	13464
210912	13465
523091	13466
708107	13467
87448	13468
1033647	13469
538727	13470
970009	13471
829619	13472
187817	13473
173047	13474
853188	13475
45480	13476
469424	13477
360451	13478
547324	13479
324860	13480
1002586	13481
642008	13482
646608	13483
166326	13484
53582	13485
174988	13486
826010	13487
796956	13488
837015	13489
505601	13490
278569	13491
940426	13492
943234	13493
475004	13494
1092438	13495
366152	13496
464816	13497
458338	13498
29632	13499
593792	13500
316573	13501
424613	13502
78498	13503
476030	13504
580662	13505
334643	13506
828805	13507
1043958	13508
399373	13509
264071	13510
538255	13511
982354	13512
1078123	13513
644454	13514
198051	13515
392839	13516
465067	13517
354612	13518
400616	13519
396883	13520
777348	13521
274557	13522
360753	13523
56494	13524
984609	13525
997907	13526
692583	13527
330776	13528
611975	13529
1112797	13530
995985	13531
6093	13532
715391	13533
444812	13534
784957	13535
674049	13536
151809	13537
362669	13538
24123	13539
776460	13540
1132876	13541
409559	13542
401793	13543
715178	13544
53087	13545
1098116	13546
801261	13547
469122	13548
230619	13549
434205	13550
499155	13551
979191	13552
457458	13553
100953	13554
335119	13555
51991	13556
290802	13557
734583	13558
1007273	13559
687144	13560
903526	13561
880292	13562
847628	13563
767593	13564
371668	13565
934586	13566
741457	13567
780686	13568
151566	13569
143309	13570
548180	13571
1064502	13572
522789	13573
258131	13574
799626	13575
930682	13576
33197	13577
996042	13578
114987	13579
552657	13580
794907	13581
888623	13582
987349	13583
252764	13584
395725	13585
286937	13586
591614	13587
1062592	13588
1074182	13589
755816	13590
221384	13591
892409	13592
727442	13593
137157	13594
408353	13595
373001	13596
310551	13597
192302	13598
245512	13599
838319	13600
1099023	13601
360895	13602
441854	13603
783891	13604
574843	13605
277085	13606
980085	13607
279083	13608
800949	13609
360361	13610
793210	13611
397144	13612
686111	13613
978037	13614
849093	13615
421266	13616
908533	13617
990464	13618
366905	13619
1002500	13620
779107	13621
561472	13622
37853	13623
374886	13624
643581	13625
982234	13626
1095922	13627
164878	13628
466932	13629
902918	13630
365292	13631
150010	13632
459379	13633
1034890	13634
869825	13635
390035	13636
1032797	13637
991308	13638
478498	13639
683451	13640
976535	13641
536289	13642
171669	13643
243085	13644
665541	13645
164394	13646
116774	13647
421899	13648
448237	13649
924771	13650
193495	13651
631371	13652
1100086	13653
998116	13654
559563	13655
658881	13656
405225	13657
1088126	13658
799868	13659
122650	13660
1097748	13661
187884	13662
147297	13663
505081	13664
653341	13665
471984	13666
124430	13667
497033	13668
68335	13669
691768	13670
565349	13671
199214	13672
933602	13673
284608	13674
463330	13675
421309	13676
202979	13677
813083	13678
385511	13679
907130	13680
485657	13681
1077489	13682
388066	13683
541868	13684
6117	13685
491697	13686
219408	13687
1068088	13688
628375	13689
839652	13690
1101537	13691
1087966	13692
462820	13693
242512	13694
673646	13695
92913	13696
739304	13697
1059499	13698
886815	13699
73727	13700
235444	13701
6596	13702
831504	13703
1120799	13704
81540	13705
1079459	13706
862759	13707
507275	13708
89158	13709
715535	13710
821326	13711
46491	13712
709676	13713
934378	13714
539528	13715
393095	13716
873357	13717
898288	13718
220721	13719
809449	13720
735206	13721
437016	13722
949034	13723
711989	13724
288410	13725
491644	13726
167227	13727
1076204	13728
382380	13729
753181	13730
515716	13731
354907	13732
769485	13733
915638	13734
1008421	13735
146455	13736
242203	13737
763234	13738
1052277	13739
458279	13740
800498	13741
628989	13742
565743	13743
1097696	13744
79697	13745
661123	13746
600418	13747
924303	13748
234137	13749
814106	13750
178531	13751
313810	13752
859700	13753
1090646	13754
733755	13755
271237	13756
1022662	13757
357628	13758
879263	13759
362274	13760
211438	13761
494428	13762
470817	13763
472968	13764
15210	13765
375883	13766
177459	13767
339169	13768
229097	13769
324042	13770
309035	13771
1109146	13772
464728	13773
469215	13774
1045396	13775
423935	13776
862332	13777
359061	13778
1087586	13779
927420	13780
284251	13781
351784	13782
732498	13783
384640	13784
114173	13785
391252	13786
546292	13787
1071726	13788
686998	13789
28425	13790
1036790	13791
415180	13792
102774	13793
828962	13794
350375	13795
1135224	13796
767265	13797
272082	13798
816545	13799
652401	13800
601869	13801
904655	13802
825257	13803
984094	13804
622844	13805
61553	13806
838943	13807
354628	13808
534487	13809
452509	13810
733701	13811
307814	13812
589909	13813
656248	13814
357339	13815
91407	13816
869011	13817
251678	13818
1049672	13819
700290	13820
186545	13821
470053	13822
618795	13823
410348	13824
221505	13825
508433	13826
777847	13827
295978	13828
1126545	13829
156936	13830
295745	13831
867968	13832
298855	13833
49595	13834
297851	13835
550774	13836
225695	13837
915047	13838
676142	13839
655997	13840
650174	13841
473389	13842
951239	13843
400385	13844
69962	13845
709725	13846
785533	13847
532118	13848
418648	13849
327949	13850
505229	13851
941474	13852
423114	13853
880579	13854
950489	13855
216682	13856
936324	13857
794888	13858
134844	13859
862922	13860
867479	13861
59890	13862
102341	13863
74052	13864
745203	13865
804033	13866
1017730	13867
185224	13868
547186	13869
1043727	13870
838248	13871
356850	13872
59928	13873
215544	13874
664991	13875
678138	13876
483545	13877
672132	13878
277848	13879
411426	13880
880916	13881
1101192	13882
608934	13883
703759	13884
751095	13885
738147	13886
536305	13887
572539	13888
745850	13889
204215	13890
913752	13891
990900	13892
1131889	13893
1082939	13894
1074684	13895
643315	13896
420399	13897
299343	13898
652698	13899
225593	13900
213095	13901
1092843	13902
743124	13903
430718	13904
828871	13905
1010063	13906
24546	13907
680549	13908
165280	13909
270204	13910
1064533	13911
207549	13912
521385	13913
484051	13914
964542	13915
259877	13916
445831	13917
887206	13918
1035124	13919
438157	13920
173887	13921
391081	13922
727614	13923
300832	13924
289340	13925
367240	13926
377920	13927
24707	13928
161616	13929
660129	13930
1136231	13931
95727	13932
766955	13933
795212	13934
372535	13935
751863	13936
619379	13937
804906	13938
328300	13939
801732	13940
209770	13941
407997	13942
48435	13943
685631	13944
26483	13945
1125302	13946
874082	13947
671831	13948
916090	13949
873731	13950
225310	13951
46881	13952
847870	13953
143359	13954
381519	13955
428590	13956
11754	13957
995646	13958
654178	13959
271195	13960
171140	13961
26627	13962
441071	13963
930938	13964
239219	13965
154425	13966
10568	13967
575466	13968
986305	13969
460088	13970
181303	13971
823048	13972
822626	13973
1001992	13974
154657	13975
682	13976
296728	13977
413707	13978
395057	13979
119053	13980
234347	13981
11250	13982
932873	13983
648584	13984
369049	13985
1115113	13986
380633	13987
708448	13988
281112	13989
556754	13990
663519	13991
646948	13992
9600	13993
110810	13994
531390	13995
968341	13996
592282	13997
326935	13998
242585	13999
610655	14000
1117166	14001
789481	14002
728240	14003
891242	14004
482866	14005
1019580	14006
353826	14007
854968	14008
962365	14009
10613	14010
554222	14011
271400	14012
632673	14013
92804	14014
482546	14015
567784	14016
979587	14017
570246	14018
1107907	14019
51043	14020
629541	14021
698731	14022
1054351	14023
808212	14024
706078	14025
812708	14026
938790	14027
214103	14028
457543	14029
728720	14030
840106	14031
1125800	14032
506639	14033
833465	14034
423090	14035
486136	14036
474136	14037
727312	14038
298249	14039
794884	14040
493356	14041
1085131	14042
298938	14043
729125	14044
679244	14045
411214	14046
543523	14047
1066977	14048
904381	14049
791435	14050
41104	14051
869699	14052
336765	14053
218216	14054
237622	14055
558397	14056
590861	14057
88402	14058
202136	14059
387491	14060
481463	14061
994333	14062
566683	14063
404713	14064
118561	14065
405989	14066
312869	14067
1077014	14068
297579	14069
822989	14070
425125	14071
1093493	14072
666922	14073
331630	14074
27510	14075
999642	14076
569873	14077
610475	14078
681684	14079
999526	14080
380670	14081
43987	14082
831985	14083
232820	14084
1003349	14085
441387	14086
398577	14087
239707	14088
279996	14089
6444	14090
937679	14091
932735	14092
421478	14093
901419	14094
143505	14095
911519	14096
777914	14097
305493	14098
262835	14099
802342	14100
396057	14101
1000783	14102
484410	14103
63618	14104
880993	14105
681628	14106
619463	14107
908629	14108
622795	14109
170984	14110
414192	14111
555567	14112
687892	14113
1039099	14114
1010316	14115
436877	14116
150280	14117
356954	14118
831109	14119
1108948	14120
452390	14121
1012779	14122
289392	14123
169987	14124
210360	14125
1099327	14126
350374	14127
672925	14128
503002	14129
203396	14130
640032	14131
231131	14132
498227	14133
696997	14134
589696	14135
29521	14136
511137	14137
449143	14138
335020	14139
387584	14140
964291	14141
160755	14142
256531	14143
704277	14144
996941	14145
405434	14146
89209	14147
576850	14148
618288	14149
155283	14150
548545	14151
1053546	14152
943667	14153
667875	14154
283830	14155
145624	14156
967121	14157
371621	14158
112140	14159
646168	14160
669982	14161
360840	14162
177629	14163
496117	14164
154160	14165
612100	14166
786831	14167
586043	14168
247345	14169
84450	14170
195748	14171
197962	14172
696865	14173
541317	14174
861154	14175
337123	14176
801521	14177
1059931	14178
623333	14179
1108743	14180
407838	14181
613796	14182
950719	14183
1106137	14184
525035	14185
324788	14186
935578	14187
733441	14188
743327	14189
1043151	14190
99342	14191
846467	14192
792484	14193
862857	14194
263599	14195
577310	14196
670533	14197
1100922	14198
776220	14199
120455	14200
438101	14201
849673	14202
85340	14203
1112681	14204
865950	14205
712231	14206
183126	14207
235060	14208
727822	14209
143775	14210
1002283	14211
546501	14212
586329	14213
969956	14214
881179	14215
6181	14216
779424	14217
562165	14218
326081	14219
84583	14220
107053	14221
199439	14222
835380	14223
468199	14224
748268	14225
810710	14226
778097	14227
142335	14228
631273	14229
253342	14230
278758	14231
227126	14232
402601	14233
234410	14234
108539	14235
187667	14236
451420	14237
549149	14238
1039118	14239
517930	14240
111218	14241
408469	14242
50994	14243
3046	14244
348881	14245
463044	14246
123058	14247
409291	14248
968270	14249
409258	14250
646375	14251
208792	14252
147095	14253
1080403	14254
675162	14255
508220	14256
216172	14257
604081	14258
187549	14259
461937	14260
829097	14261
994754	14262
467382	14263
354938	14264
562622	14265
726956	14266
1126675	14267
685132	14268
1030735	14269
528126	14270
651938	14271
793321	14272
556176	14273
674204	14274
740655	14275
972358	14276
631841	14277
1010856	14278
188929	14279
694210	14280
745227	14281
399476	14282
362523	14283
492263	14284
704212	14285
1107587	14286
8619	14287
218571	14288
933832	14289
772362	14290
895262	14291
195595	14292
756276	14293
802105	14294
279771	14295
355291	14296
524925	14297
629753	14298
735800	14299
1072046	14300
1009628	14301
1122510	14302
295640	14303
569950	14304
151017	14305
649321	14306
455016	14307
625471	14308
274526	14309
1098334	14310
1112070	14311
521170	14312
611594	14313
450037	14314
179214	14315
713367	14316
173504	14317
639151	14318
695925	14319
163976	14320
931051	14321
732922	14322
914788	14323
1132866	14324
430382	14325
287968	14326
278435	14327
173177	14328
405183	14329
623684	14330
198824	14331
548247	14332
595546	14333
232175	14334
968766	14335
466787	14336
123190	14337
971165	14338
697864	14339
875087	14340
1025380	14341
826236	14342
586459	14343
531765	14344
735982	14345
826821	14346
555743	14347
570482	14348
76307	14349
151130	14350
449747	14351
233600	14352
189941	14353
957761	14354
340993	14355
558546	14356
771338	14357
142646	14358
840605	14359
526772	14360
152519	14361
352933	14362
21108	14363
786013	14364
385336	14365
28567	14366
1068638	14367
453063	14368
784094	14369
390357	14370
826265	14371
365396	14372
807893	14373
504461	14374
263316	14375
223010	14376
629595	14377
901065	14378
123163	14379
387386	14380
753541	14381
419069	14382
375823	14383
236596	14384
222888	14385
479212	14386
140794	14387
477803	14388
127648	14389
427592	14390
251099	14391
365880	14392
340576	14393
423048	14394
690077	14395
488267	14396
1067616	14397
1015260	14398
531588	14399
808093	14400
1131439	14401
699451	14402
737424	14403
594885	14404
126999	14405
1063544	14406
516024	14407
1112886	14408
142692	14409
372994	14410
971183	14411
589182	14412
921696	14413
893300	14414
145706	14415
267361	14416
21346	14417
541802	14418
775974	14419
469860	14420
775521	14421
1014065	14422
681641	14423
1040155	14424
426036	14425
90577	14426
403650	14427
287519	14428
988639	14429
194272	14430
505066	14431
1111302	14432
881956	14433
233361	14434
796365	14435
1113851	14436
1102124	14437
971038	14438
503905	14439
682417	14440
914569	14441
866616	14442
186786	14443
133732	14444
139860	14445
569378	14446
994277	14447
325579	14448
851629	14449
224233	14450
359179	14451
728570	14452
912122	14453
388770	14454
469906	14455
461269	14456
309116	14457
1133817	14458
700377	14459
741924	14460
727424	14461
870251	14462
202451	14463
863947	14464
1134820	14465
1125732	14466
731227	14467
402853	14468
480906	14469
410790	14470
399824	14471
231732	14472
533821	14473
42416	14474
772197	14475
651736	14476
961653	14477
929877	14478
121393	14479
204823	14480
459998	14481
289507	14482
1063111	14483
1078035	14484
499691	14485
821756	14486
847714	14487
538525	14488
1042577	14489
910652	14490
1007853	14491
437906	14492
128462	14493
1013795	14494
420919	14495
787699	14496
413539	14497
94497	14498
1086630	14499
604698	14500
585710	14501
59766	14502
325524	14503
617203	14504
593308	14505
408748	14506
235603	14507
102451	14508
752723	14509
791348	14510
653352	14511
135895	14512
453174	14513
903930	14514
375036	14515
989902	14516
88353	14517
925465	14518
622109	14519
136240	14520
570421	14521
261930	14522
526836	14523
85274	14524
716346	14525
852613	14526
882462	14527
380925	14528
446324	14529
721503	14530
317797	14531
91532	14532
1078879	14533
309233	14534
220369	14535
695621	14536
749827	14537
780127	14538
424717	14539
528076	14540
172043	14541
559644	14542
724277	14543
538221	14544
454322	14545
327302	14546
341904	14547
566782	14548
430571	14549
878459	14550
1054395	14551
1121392	14552
805797	14553
861027	14554
319650	14555
245941	14556
558973	14557
317535	14558
1139259	14559
991885	14560
43832	14561
278509	14562
352772	14563
543955	14564
389041	14565
673519	14566
541314	14567
347783	14568
185940	14569
1056475	14570
264833	14571
229329	14572
1059131	14573
1093146	14574
1140764	14575
924698	14576
21837	14577
181698	14578
634910	14579
408607	14580
370172	14581
866142	14582
674673	14583
72764	14584
1006915	14585
196035	14586
482344	14587
502543	14588
204904	14589
1105423	14590
670107	14591
1039560	14592
367283	14593
384397	14594
624901	14595
828779	14596
153012	14597
409029	14598
609170	14599
828873	14600
587047	14601
511135	14602
353014	14603
628968	14604
904103	14605
479158	14606
169984	14607
1084609	14608
1038326	14609
93713	14610
474682	14611
816409	14612
496378	14613
1108050	14614
481598	14615
319534	14616
379126	14617
477166	14618
599749	14619
512839	14620
25211	14621
977728	14622
360630	14623
605116	14624
169592	14625
735007	14626
166392	14627
354024	14628
623242	14629
235930	14630
238495	14631
879040	14632
964494	14633
639892	14634
822839	14635
651602	14636
40880	14637
32355	14638
89130	14639
707288	14640
713960	14641
571864	14642
258744	14643
529191	14644
686106	14645
721778	14646
359307	14647
523175	14648
829740	14649
434222	14650
402865	14651
322622	14652
836194	14653
281708	14654
818946	14655
662634	14656
839541	14657
1132521	14658
622692	14659
1117511	14660
768971	14661
1061680	14662
526229	14663
563575	14664
871551	14665
1047964	14666
892715	14667
797791	14668
456648	14669
1005993	14670
39363	14671
707858	14672
157100	14673
5521	14674
462005	14675
802191	14676
396372	14677
683349	14678
892305	14679
276393	14680
978658	14681
1043012	14682
997249	14683
985533	14684
143797	14685
244649	14686
519495	14687
201698	14688
202097	14689
928066	14690
914632	14691
54953	14692
669264	14693
719249	14694
743837	14695
74228	14696
918009	14697
456808	14698
579155	14699
285623	14700
115165	14701
216882	14702
869432	14703
549209	14704
297311	14705
653854	14706
669296	14707
601132	14708
527991	14709
394731	14710
602041	14711
841299	14712
110848	14713
946884	14714
1085299	14715
170829	14716
1063532	14717
427237	14718
227780	14719
616656	14720
981905	14721
626920	14722
247955	14723
717961	14724
78035	14725
31996	14726
881928	14727
559933	14728
985015	14729
872949	14730
351463	14731
838032	14732
513978	14733
268646	14734
656245	14735
352145	14736
432258	14737
479257	14738
369373	14739
33619	14740
110000	14741
844422	14742
300663	14743
510263	14744
365309	14745
381518	14746
759255	14747
545263	14748
91950	14749
118865	14750
229133	14751
12484	14752
188389	14753
408582	14754
39187	14755
280984	14756
997811	14757
945550	14758
112602	14759
545167	14760
856868	14761
691699	14762
300738	14763
542854	14764
59096	14765
495683	14766
123311	14767
558780	14768
846106	14769
927577	14770
960305	14771
325211	14772
622272	14773
223497	14774
644274	14775
705820	14776
197256	14777
11843	14778
161232	14779
1035708	14780
1065140	14781
20345	14782
603428	14783
128147	14784
120409	14785
634979	14786
519492	14787
359552	14788
48405	14789
109923	14790
731137	14791
374946	14792
883911	14793
1066394	14794
1137774	14795
715598	14796
1122214	14797
1074422	14798
862399	14799
680403	14800
264101	14801
776293	14802
768038	14803
254970	14804
722654	14805
826167	14806
528463	14807
1036605	14808
1081742	14809
214628	14810
219023	14811
105804	14812
392335	14813
7923	14814
107180	14815
620790	14816
657677	14817
445710	14818
783011	14819
1047558	14820
394228	14821
1007529	14822
723024	14823
973965	14824
976377	14825
878430	14826
447944	14827
1094618	14828
594086	14829
562582	14830
691363	14831
333129	14832
374840	14833
141216	14834
905453	14835
690193	14836
1066649	14837
101261	14838
392296	14839
666663	14840
147187	14841
145980	14842
715676	14843
840397	14844
654276	14845
1102644	14846
468455	14847
940517	14848
477272	14849
18514	14850
674112	14851
1028534	14852
56011	14853
770472	14854
270753	14855
160017	14856
555879	14857
1086193	14858
504843	14859
735761	14860
854604	14861
165502	14862
865644	14863
1096113	14864
356314	14865
965320	14866
896413	14867
988838	14868
664978	14869
1023850	14870
851678	14871
127561	14872
751973	14873
487049	14874
426829	14875
356172	14876
1133075	14877
983005	14878
890962	14879
112846	14880
734284	14881
303601	14882
101681	14883
556880	14884
908795	14885
995641	14886
311098	14887
298254	14888
251572	14889
1015036	14890
218116	14891
105566	14892
738306	14893
779518	14894
555844	14895
69604	14896
999624	14897
1049416	14898
739558	14899
237338	14900
799555	14901
709592	14902
651319	14903
403521	14904
1115832	14905
419285	14906
311285	14907
556573	14908
73281	14909
746323	14910
37766	14911
43414	14912
445673	14913
286138	14914
173757	14915
439761	14916
450735	14917
875412	14918
434107	14919
357383	14920
684960	14921
95354	14922
27637	14923
377448	14924
911556	14925
557452	14926
612771	14927
566199	14928
137081	14929
1028302	14930
683922	14931
918461	14932
573354	14933
513606	14934
747923	14935
573886	14936
1139489	14937
762056	14938
21888	14939
218306	14940
300675	14941
150910	14942
81496	14943
576185	14944
104906	14945
453807	14946
110290	14947
15006	14948
382655	14949
385104	14950
1033437	14951
428393	14952
572748	14953
538636	14954
107314	14955
636614	14956
1107828	14957
911250	14958
1141569	14959
264910	14960
837178	14961
924941	14962
57249	14963
645840	14964
595692	14965
581359	14966
405612	14967
577580	14968
589858	14969
1015706	14970
485703	14971
147710	14972
409394	14973
120346	14974
425332	14975
144391	14976
497115	14977
778537	14978
509162	14979
1087077	14980
854366	14981
690159	14982
205010	14983
1041503	14984
666198	14985
640177	14986
1132254	14987
559753	14988
338895	14989
131348	14990
420386	14991
885156	14992
806554	14993
111305	14994
1033468	14995
144078	14996
233181	14997
436245	14998
876472	14999
346049	15000
467900	15001
586118	15002
278339	15003
526624	15004
8837	15005
946708	15006
81442	15007
149415	15008
57678	15009
26588	15010
449689	15011
660452	15012
865796	15013
267134	15014
868847	15015
697144	15016
200576	15017
203800	15018
1122169	15019
408733	15020
777108	15021
503591	15022
342575	15023
1078767	15024
199171	15025
92369	15026
859111	15027
1110916	15028
872496	15029
779408	15030
462073	15031
595459	15032
993190	15033
56501	15034
1005773	15035
261635	15036
514224	15037
204004	15038
973386	15039
1118775	15040
453351	15041
737276	15042
491381	15043
403619	15044
1075044	15045
394593	15046
714697	15047
931915	15048
446132	15049
308716	15050
507395	15051
613279	15052
534178	15053
434254	15054
515673	15055
583088	15056
15664	15057
129843	15058
807009	15059
408251	15060
303400	15061
616093	15062
605934	15063
431742	15064
944808	15065
347922	15066
218808	15067
1018864	15068
922183	15069
294183	15070
1065448	15071
220937	15072
687665	15073
212489	15074
77478	15075
1048810	15076
1113414	15077
66024	15078
296572	15079
731606	15080
369661	15081
787430	15082
162014	15083
398645	15084
393287	15085
892182	15086
226522	15087
2222	15088
536394	15089
84100	15090
102353	15091
82870	15092
1099433	15093
632367	15094
886669	15095
247369	15096
290577	15097
1108871	15098
797002	15099
112815	15100
197183	15101
565286	15102
150794	15103
847073	15104
533858	15105
187591	15106
640302	15107
177350	15108
365172	15109
1102627	15110
731403	15111
803648	15112
356230	15113
1113252	15114
1031654	15115
9566	15116
861839	15117
756680	15118
2830	15119
1068946	15120
536922	15121
263183	15122
628707	15123
867207	15124
736242	15125
451946	15126
202531	15127
852363	15128
832743	15129
20454	15130
1044254	15131
1042751	15132
606020	15133
638559	15134
518051	15135
722439	15136
223900	15137
716309	15138
1014894	15139
411094	15140
497181	15141
466849	15142
48119	15143
1068169	15144
444650	15145
119570	15146
153270	15147
548005	15148
1135932	15149
62473	15150
53801	15151
569426	15152
80972	15153
763567	15154
292693	15155
806499	15156
1018943	15157
700687	15158
852171	15159
287982	15160
877073	15161
994129	15162
940412	15163
619287	15164
1015869	15165
1028863	15166
1038822	15167
317081	15168
1034784	15169
87982	15170
1126369	15171
1101599	15172
916110	15173
840209	15174
239989	15175
877635	15176
1110329	15177
1088242	15178
104889	15179
480837	15180
697160	15181
289849	15182
354566	15183
932303	15184
245059	15185
376738	15186
534711	15187
476136	15188
10883	15189
505558	15190
355456	15191
553232	15192
153687	15193
530134	15194
972260	15195
1088169	15196
771623	15197
411837	15198
644629	15199
836663	15200
1011516	15201
391211	15202
1121588	15203
1076135	15204
115646	15205
963413	15206
303374	15207
807925	15208
88232	15209
226298	15210
126840	15211
629710	15212
93877	15213
790273	15214
706716	15215
784693	15216
503229	15217
901849	15218
249565	15219
631533	15220
1019737	15221
1127360	15222
287501	15223
979369	15224
790191	15225
591216	15226
679673	15227
851965	15228
201091	15229
635704	15230
1121916	15231
614363	15232
342441	15233
390512	15234
951542	15235
612847	15236
880084	15237
1140706	15238
97726	15239
595597	15240
335908	15241
862885	15242
132368	15243
778315	15244
555836	15245
466031	15246
174675	15247
697981	15248
107415	15249
425251	15250
68907	15251
399143	15252
816756	15253
1136798	15254
208134	15255
947398	15256
283906	15257
946516	15258
859671	15259
287946	15260
638285	15261
510745	15262
533851	15263
839324	15264
244237	15265
238009	15266
371248	15267
540043	15268
267267	15269
68743	15270
36759	15271
575389	15272
958529	15273
59042	15274
954776	15275
897371	15276
841738	15277
87749	15278
1076538	15279
705635	15280
800336	15281
802517	15282
1108226	15283
408129	15284
1067293	15285
728368	15286
772778	15287
256851	15288
916235	15289
158766	15290
505065	15291
22109	15292
1043409	15293
970090	15294
153618	15295
1071310	15296
13607	15297
33843	15298
656859	15299
620417	15300
1129719	15301
877327	15302
292051	15303
1116615	15304
245088	15305
697910	15306
374975	15307
105259	15308
499222	15309
889418	15310
117779	15311
427615	15312
174087	15313
843529	15314
960663	15315
884155	15316
632266	15317
572062	15318
1090546	15319
1076522	15320
881714	15321
394779	15322
228686	15323
674661	15324
1024594	15325
593906	15326
853271	15327
53223	15328
952949	15329
290774	15330
612470	15331
129087	15332
842775	15333
1090319	15334
1053552	15335
240960	15336
284014	15337
435161	15338
829068	15339
1133867	15340
514738	15341
512195	15342
849630	15343
904845	15344
379657	15345
567818	15346
487519	15347
967517	15348
886834	15349
792769	15350
609963	15351
656828	15352
1057183	15353
264575	15354
357123	15355
194103	15356
170181	15357
974708	15358
1221	15359
796647	15360
72445	15361
497926	15362
753423	15363
1074849	15364
1121745	15365
800471	15366
757235	15367
324065	15368
386577	15369
1108158	15370
674047	15371
539090	15372
529444	15373
451656	15374
590575	15375
1115767	15376
78446	15377
1070541	15378
152182	15379
62445	15380
497844	15381
514667	15382
1004877	15383
244713	15384
886069	15385
822138	15386
419698	15387
1029822	15388
783967	15389
527406	15390
686043	15391
1045603	15392
910305	15393
730641	15394
326479	15395
825745	15396
249954	15397
450511	15398
850190	15399
122846	15400
999363	15401
737518	15402
924064	15403
54790	15404
91614	15405
503874	15406
137896	15407
550824	15408
504860	15409
994486	15410
997108	15411
70432	15412
394400	15413
88678	15414
573313	15415
117404	15416
157429	15417
346847	15418
882138	15419
620254	15420
1021611	15421
1079680	15422
618528	15423
607512	15424
161698	15425
1084463	15426
643756	15427
798029	15428
1032594	15429
147777	15430
196566	15431
329177	15432
685138	15433
918196	15434
116659	15435
889135	15436
632757	15437
385076	15438
165026	15439
48366	15440
716042	15441
41542	15442
711120	15443
1134955	15444
204140	15445
772594	15446
911394	15447
1072909	15448
851914	15449
854960	15450
740075	15451
549228	15452
742830	15453
702243	15454
421382	15455
184391	15456
513049	15457
663061	15458
937358	15459
1044334	15460
342102	15461
252818	15462
722961	15463
861320	15464
332628	15465
697740	15466
503249	15467
279874	15468
969986	15469
1133900	15470
746240	15471
933347	15472
127946	15473
874154	15474
227952	15475
140223	15476
1104918	15477
315723	15478
1075313	15479
939036	15480
657522	15481
776762	15482
348948	15483
705161	15484
568524	15485
980824	15486
340755	15487
795952	15488
678385	15489
685719	15490
507365	15491
612448	15492
534015	15493
544421	15494
219476	15495
763866	15496
177736	15497
29616	15498
195319	15499
817538	15500
1082149	15501
192256	15502
746853	15503
475174	15504
1076186	15505
781087	15506
719505	15507
821334	15508
1021413	15509
263704	15510
496701	15511
58621	15512
838692	15513
315222	15514
426507	15515
425602	15516
533947	15517
839390	15518
1001244	15519
1119057	15520
403208	15521
309117	15522
918998	15523
663401	15524
307726	15525
763763	15526
32271	15527
58474	15528
658199	15529
503985	15530
106406	15531
52174	15532
621078	15533
726920	15534
451732	15535
347580	15536
80776	15537
135739	15538
839002	15539
958684	15540
247848	15541
644724	15542
812825	15543
503108	15544
365752	15545
1062124	15546
1024449	15547
388131	15548
545062	15549
708048	15550
1011334	15551
583482	15552
116117	15553
72492	15554
295875	15555
62805	15556
864365	15557
149881	15558
831593	15559
400203	15560
452169	15561
946280	15562
503769	15563
584035	15564
845214	15565
1061638	15566
613925	15567
181266	15568
239222	15569
854215	15570
619621	15571
807255	15572
610980	15573
493602	15574
697563	15575
372410	15576
544460	15577
1002988	15578
1092162	15579
754137	15580
633989	15581
912028	15582
827307	15583
221412	15584
692087	15585
247456	15586
49071	15587
176408	15588
135057	15589
512189	15590
109175	15591
1052707	15592
624135	15593
249771	15594
1131581	15595
140433	15596
633667	15597
794715	15598
542451	15599
101414	15600
755176	15601
122246	15602
346983	15603
546223	15604
664917	15605
751905	15606
183210	15607
95132	15608
697711	15609
449831	15610
647181	15611
58206	15612
559074	15613
814263	15614
358383	15615
919226	15616
267405	15617
399345	15618
52347	15619
756834	15620
843967	15621
922083	15622
299900	15623
170455	15624
851375	15625
80574	15626
976872	15627
219042	15628
563448	15629
1080071	15630
857079	15631
949358	15632
153881	15633
446975	15634
765248	15635
99130	15636
739863	15637
1111000	15638
73390	15639
69225	15640
328557	15641
529018	15642
133373	15643
457936	15644
558281	15645
1071698	15646
180233	15647
50531	15648
667649	15649
171436	15650
211875	15651
465721	15652
573869	15653
660809	15654
926479	15655
457301	15656
398804	15657
204868	15658
318061	15659
103625	15660
493139	15661
852071	15662
94956	15663
1038990	15664
259020	15665
1117566	15666
679968	15667
17665	15668
119676	15669
289839	15670
786638	15671
347365	15672
27232	15673
1138277	15674
808743	15675
4786	15676
717515	15677
96010	15678
798255	15679
96681	15680
336550	15681
978460	15682
1126596	15683
1109100	15684
56553	15685
178527	15686
537236	15687
293427	15688
525165	15689
505489	15690
1009309	15691
918568	15692
1071383	15693
604343	15694
403959	15695
929621	15696
1122340	15697
182178	15698
384508	15699
746544	15700
498763	15701
693788	15702
1014108	15703
245854	15704
297634	15705
582000	15706
989772	15707
189315	15708
785843	15709
617334	15710
1050991	15711
452299	15712
981079	15713
825722	15714
39454	15715
1007022	15716
349324	15717
1003404	15718
474327	15719
386697	15720
561923	15721
352840	15722
21724	15723
91182	15724
281793	15725
715481	15726
470200	15727
355120	15728
60495	15729
492458	15730
42822	15731
164887	15732
38941	15733
689494	15734
324369	15735
296414	15736
19309	15737
1043650	15738
294222	15739
445787	15740
10122	15741
41654	15742
1110087	15743
834271	15744
941235	15745
374793	15746
1114084	15747
55339	15748
833365	15749
214214	15750
706450	15751
1081718	15752
629774	15753
1094860	15754
572674	15755
97450	15756
1107654	15757
64315	15758
782953	15759
102939	15760
671673	15761
753761	15762
1073362	15763
825492	15764
133986	15765
933080	15766
550987	15767
772436	15768
337604	15769
1001982	15770
486934	15771
140761	15772
626836	15773
582181	15774
231634	15775
823597	15776
950275	15777
163493	15778
1003033	15779
832907	15780
807978	15781
941074	15782
496801	15783
652837	15784
1123733	15785
672714	15786
608239	15787
881329	15788
238478	15789
997936	15790
882152	15791
315361	15792
612113	15793
374443	15794
1019923	15795
863056	15796
741093	15797
866235	15798
1059221	15799
396796	15800
1032451	15801
446501	15802
623274	15803
110344	15804
752541	15805
244049	15806
684622	15807
651614	15808
1082711	15809
644733	15810
442300	15811
532870	15812
900001	15813
611447	15814
129227	15815
836298	15816
561636	15817
113783	15818
766435	15819
374068	15820
1068431	15821
166876	15822
143651	15823
322815	15824
729055	15825
906140	15826
199201	15827
928326	15828
910970	15829
263273	15830
531899	15831
252386	15832
627744	15833
15178	15834
399370	15835
54477	15836
888568	15837
346288	15838
1076015	15839
95255	15840
269955	15841
105591	15842
967741	15843
1030938	15844
733474	15845
976552	15846
1049597	15847
262448	15848
445005	15849
1117743	15850
17354	15851
93123	15852
762934	15853
625477	15854
857542	15855
327554	15856
328234	15857
436632	15858
246698	15859
1018749	15860
241832	15861
163447	15862
582594	15863
621371	15864
105182	15865
1094342	15866
307213	15867
637294	15868
1130249	15869
501880	15870
262976	15871
1046620	15872
906125	15873
967187	15874
810675	15875
908861	15876
294869	15877
870471	15878
456713	15879
696828	15880
812301	15881
748314	15882
214459	15883
171162	15884
326070	15885
848579	15886
833135	15887
862014	15888
93735	15889
1106579	15890
888989	15891
126008	15892
1057285	15893
703211	15894
1010448	15895
964102	15896
651096	15897
550434	15898
523045	15899
867976	15900
727426	15901
325863	15902
260092	15903
701692	15904
523642	15905
791090	15906
490019	15907
1108958	15908
41728	15909
55326	15910
1039064	15911
1027408	15912
112783	15913
528749	15914
1054465	15915
696787	15916
286881	15917
989303	15918
516099	15919
768378	15920
847629	15921
215262	15922
191709	15923
104412	15924
883013	15925
675373	15926
1076582	15927
1120942	15928
43549	15929
389321	15930
269039	15931
838846	15932
318014	15933
945118	15934
868793	15935
966985	15936
360370	15937
665038	15938
92504	15939
360063	15940
507209	15941
539889	15942
316982	15943
295325	15944
731489	15945
345900	15946
393263	15947
1054961	15948
764521	15949
369956	15950
45229	15951
1035163	15952
39702	15953
1098884	15954
973367	15955
1051783	15956
504685	15957
118099	15958
378886	15959
904782	15960
737536	15961
304034	15962
901261	15963
865473	15964
842348	15965
908582	15966
1134507	15967
876031	15968
172058	15969
131271	15970
1085716	15971
670781	15972
164211	15973
235811	15974
363737	15975
737807	15976
1112303	15977
1069253	15978
205040	15979
719175	15980
593999	15981
895143	15982
106170	15983
308244	15984
12979	15985
443262	15986
632395	15987
664849	15988
1051210	15989
297430	15990
116000	15991
428680	15992
858811	15993
552770	15994
389096	15995
521791	15996
1135975	15997
856509	15998
909707	15999
839823	16000
1047997	16001
1017032	16002
13590	16003
32700	16004
204248	16005
500933	16006
1073807	16007
506728	16008
1063271	16009
717960	16010
725403	16011
649267	16012
974415	16013
331418	16014
879383	16015
852286	16016
994899	16017
165511	16018
576018	16019
1132681	16020
739557	16021
555213	16022
1109220	16023
501872	16024
357874	16025
1050435	16026
1058050	16027
1133037	16028
422999	16029
516490	16030
150694	16031
860897	16032
252083	16033
680497	16034
176065	16035
338681	16036
971677	16037
871761	16038
838529	16039
23160	16040
207369	16041
292252	16042
989735	16043
532645	16044
780665	16045
482997	16046
322296	16047
559972	16048
167567	16049
369978	16050
262273	16051
298630	16052
537077	16053
38049	16054
272169	16055
817397	16056
540398	16057
699473	16058
493338	16059
756236	16060
697821	16061
335767	16062
123839	16063
291074	16064
260162	16065
305217	16066
1033557	16067
989785	16068
770362	16069
448533	16070
856942	16071
202859	16072
916180	16073
46501	16074
1067045	16075
14293	16076
682375	16077
520403	16078
770444	16079
773874	16080
307205	16081
333399	16082
1063226	16083
388286	16084
443687	16085
116579	16086
250884	16087
499331	16088
619740	16089
752415	16090
779388	16091
12748	16092
973114	16093
661963	16094
793869	16095
644040	16096
353707	16097
1084197	16098
774745	16099
1098893	16100
1049451	16101
264012	16102
767631	16103
314974	16104
407989	16105
290845	16106
213915	16107
145197	16108
99831	16109
707720	16110
195672	16111
998893	16112
354690	16113
844338	16114
604565	16115
642947	16116
710256	16117
508457	16118
435435	16119
682557	16120
985719	16121
839792	16122
303677	16123
517231	16124
707284	16125
913978	16126
981318	16127
525265	16128
412730	16129
56861	16130
1083628	16131
18579	16132
787826	16133
365238	16134
774210	16135
884608	16136
625494	16137
354844	16138
850751	16139
162389	16140
310862	16141
636431	16142
398240	16143
444811	16144
937963	16145
318739	16146
926857	16147
987008	16148
712119	16149
909404	16150
429507	16151
230537	16152
1092366	16153
33273	16154
22361	16155
1066028	16156
1063339	16157
647817	16158
582300	16159
430787	16160
252796	16161
747326	16162
1118608	16163
615299	16164
925907	16165
222482	16166
693190	16167
911529	16168
217785	16169
663029	16170
513261	16171
83166	16172
724392	16173
298113	16174
628142	16175
1964	16176
352412	16177
395716	16178
1044001	16179
1081961	16180
683421	16181
387000	16182
1088557	16183
147752	16184
538030	16185
8088	16186
41335	16187
793994	16188
827978	16189
1044455	16190
757206	16191
1122567	16192
480109	16193
425306	16194
222734	16195
992399	16196
435118	16197
129875	16198
750438	16199
128099	16200
591488	16201
844636	16202
757622	16203
1139375	16204
831392	16205
1117056	16206
973876	16207
801483	16208
867057	16209
450401	16210
1054324	16211
540094	16212
498021	16213
192453	16214
861605	16215
272004	16216
863077	16217
325207	16218
786468	16219
694493	16220
788135	16221
909534	16222
18015	16223
93497	16224
505719	16225
542397	16226
876242	16227
937826	16228
14427	16229
1041801	16230
293195	16231
204569	16232
37229	16233
1112246	16234
416059	16235
1129022	16236
705416	16237
771173	16238
166218	16239
1023939	16240
584913	16241
470786	16242
874166	16243
247024	16244
770849	16245
185242	16246
248483	16247
514991	16248
989117	16249
1118400	16250
420390	16251
945039	16252
468224	16253
1120881	16254
422230	16255
1088208	16256
77129	16257
573854	16258
305275	16259
255429	16260
922824	16261
820509	16262
1131814	16263
897449	16264
899460	16265
248730	16266
102966	16267
982182	16268
728477	16269
476336	16270
356607	16271
204785	16272
64595	16273
190034	16274
1042273	16275
559815	16276
203713	16277
988611	16278
334431	16279
1058333	16280
667914	16281
533749	16282
389564	16283
562179	16284
1099944	16285
79077	16286
279550	16287
529131	16288
208691	16289
47740	16290
116384	16291
334042	16292
369988	16293
658855	16294
520638	16295
296608	16296
266732	16297
1064757	16298
807304	16299
119157	16300
1121707	16301
1011372	16302
1098763	16303
30907	16304
392749	16305
493167	16306
513177	16307
1088861	16308
517630	16309
1043959	16310
1033898	16311
874235	16312
280093	16313
1137323	16314
119565	16315
882698	16316
21959	16317
206024	16318
379837	16319
494307	16320
709217	16321
185731	16322
984614	16323
33	16324
345371	16325
1049755	16326
704318	16327
504146	16328
860770	16329
729018	16330
744236	16331
1112279	16332
1064305	16333
1091294	16334
600351	16335
454681	16336
844339	16337
582843	16338
1068237	16339
1060727	16340
1012015	16341
670462	16342
1761	16343
1037065	16344
783619	16345
598605	16346
420731	16347
805318	16348
682192	16349
264176	16350
344147	16351
146420	16352
804310	16353
718218	16354
1104099	16355
366911	16356
305347	16357
974771	16358
606999	16359
910173	16360
67414	16361
240865	16362
64550	16363
611958	16364
102747	16365
410623	16366
858663	16367
967739	16368
229530	16369
1070809	16370
954774	16371
696223	16372
982268	16373
1030055	16374
68048	16375
394532	16376
270754	16377
985591	16378
875741	16379
890376	16380
307858	16381
1070859	16382
815481	16383
915713	16384
209380	16385
1001419	16386
249080	16387
314402	16388
964504	16389
415834	16390
528867	16391
254761	16392
766178	16393
886247	16394
181309	16395
396352	16396
852714	16397
811543	16398
374188	16399
1018010	16400
104727	16401
219671	16402
25445	16403
1029378	16404
29164	16405
61680	16406
299649	16407
1128588	16408
516672	16409
677837	16410
756717	16411
301787	16412
719071	16413
559261	16414
542462	16415
1141141	16416
169142	16417
50242	16418
677935	16419
32041	16420
1074343	16421
263371	16422
935212	16423
247209	16424
632540	16425
724663	16426
483067	16427
607883	16428
1112767	16429
649693	16430
1124933	16431
1087429	16432
979633	16433
887019	16434
339780	16435
58077	16436
736073	16437
585645	16438
520107	16439
1085682	16440
202104	16441
17216	16442
589356	16443
897240	16444
283482	16445
661376	16446
670825	16447
37894	16448
715423	16449
305259	16450
2703	16451
418506	16452
431888	16453
408556	16454
522064	16455
1068003	16456
254189	16457
1062426	16458
1064831	16459
115666	16460
614487	16461
431354	16462
747489	16463
801294	16464
1368	16465
779582	16466
878446	16467
162355	16468
500564	16469
103663	16470
299100	16471
670111	16472
885540	16473
182469	16474
903370	16475
262476	16476
893638	16477
882679	16478
803575	16479
815291	16480
468980	16481
352866	16482
426573	16483
728694	16484
29689	16485
833414	16486
482680	16487
20915	16488
746620	16489
335778	16490
790196	16491
491247	16492
816131	16493
1032761	16494
1023844	16495
1101614	16496
498604	16497
806265	16498
1002650	16499
1031147	16500
633999	16501
913929	16502
568418	16503
72989	16504
790844	16505
606188	16506
31494	16507
658183	16508
488209	16509
464847	16510
863989	16511
830292	16512
870410	16513
81863	16514
699253	16515
1108543	16516
671514	16517
22907	16518
1136021	16519
387251	16520
636625	16521
719444	16522
216865	16523
134729	16524
971906	16525
430108	16526
125275	16527
270128	16528
72261	16529
69245	16530
574691	16531
516367	16532
126580	16533
572382	16534
656574	16535
203285	16536
566830	16537
603392	16538
9516	16539
820253	16540
1000969	16541
158448	16542
778518	16543
314538	16544
273960	16545
628361	16546
875773	16547
447055	16548
1075257	16549
1091318	16550
595687	16551
185564	16552
1028531	16553
918014	16554
436217	16555
1057596	16556
706320	16557
1098632	16558
1039350	16559
379071	16560
330254	16561
763439	16562
99941	16563
369649	16564
593877	16565
631585	16566
651564	16567
957272	16568
684337	16569
662220	16570
775144	16571
978933	16572
477592	16573
623002	16574
6974	16575
443891	16576
532398	16577
715610	16578
720369	16579
965694	16580
603840	16581
777489	16582
593505	16583
900451	16584
173775	16585
1076144	16586
240448	16587
836518	16588
838104	16589
1101274	16590
55957	16591
730806	16592
235522	16593
124513	16594
917110	16595
714451	16596
404403	16597
791425	16598
297719	16599
275221	16600
886293	16601
405799	16602
1029790	16603
645488	16604
515417	16605
836313	16606
13401	16607
794428	16608
1006078	16609
12083	16610
244742	16611
649427	16612
459860	16613
76304	16614
181226	16615
269427	16616
518010	16617
293248	16618
1015144	16619
274483	16620
416466	16621
127593	16622
578259	16623
265521	16624
513160	16625
707455	16626
609309	16627
1006270	16628
168267	16629
879437	16630
1006877	16631
1068335	16632
484663	16633
157915	16634
139898	16635
288355	16636
826869	16637
382320	16638
646997	16639
807240	16640
136937	16641
141434	16642
45745	16643
781856	16644
1125679	16645
163200	16646
497367	16647
661302	16648
978369	16649
20628	16650
738312	16651
725008	16652
289343	16653
1054718	16654
848958	16655
70084	16656
304758	16657
399961	16658
426746	16659
646689	16660
464781	16661
995356	16662
482031	16663
813225	16664
521846	16665
1072600	16666
648077	16667
1095463	16668
1059316	16669
456927	16670
544952	16671
127937	16672
290632	16673
330168	16674
100393	16675
841611	16676
58612	16677
289101	16678
304660	16679
958493	16680
1056861	16681
157721	16682
1015857	16683
134569	16684
701587	16685
735528	16686
245122	16687
346381	16688
324832	16689
248039	16690
888793	16691
883487	16692
664993	16693
1054390	16694
712359	16695
514233	16696
310071	16697
760037	16698
870294	16699
1069667	16700
85215	16701
503201	16702
982918	16703
205703	16704
1005324	16705
144253	16706
472492	16707
550698	16708
768195	16709
751364	16710
137900	16711
381654	16712
371236	16713
210306	16714
914793	16715
752105	16716
945655	16717
143229	16718
770814	16719
1084958	16720
243626	16721
63076	16722
337342	16723
983752	16724
418513	16725
284584	16726
89826	16727
973377	16728
372100	16729
859430	16730
1091534	16731
330336	16732
244728	16733
453005	16734
222813	16735
207332	16736
1127508	16737
629124	16738
686104	16739
113251	16740
377825	16741
72939	16742
1006773	16743
116053	16744
56626	16745
142655	16746
301481	16747
283754	16748
1049420	16749
887577	16750
1031141	16751
901021	16752
362960	16753
162057	16754
430261	16755
431978	16756
256580	16757
177879	16758
647321	16759
1128624	16760
1015737	16761
815403	16762
324450	16763
689270	16764
414960	16765
201237	16766
371608	16767
813327	16768
292149	16769
665231	16770
884143	16771
377455	16772
920991	16773
867612	16774
925203	16775
663069	16776
795379	16777
317190	16778
1003458	16779
65314	16780
881514	16781
257175	16782
204186	16783
47214	16784
536508	16785
621099	16786
1057807	16787
381188	16788
976118	16789
885345	16790
593777	16791
538619	16792
585742	16793
819773	16794
784607	16795
665030	16796
649283	16797
500594	16798
118330	16799
674252	16800
697926	16801
849407	16802
391063	16803
774124	16804
634757	16805
1012919	16806
972055	16807
522741	16808
453062	16809
77060	16810
1134904	16811
736783	16812
455282	16813
144722	16814
145322	16815
833110	16816
925532	16817
674759	16818
1050525	16819
351594	16820
226390	16821
508701	16822
922035	16823
753969	16824
336811	16825
242468	16826
477124	16827
421338	16828
765055	16829
253956	16830
569797	16831
987293	16832
417309	16833
85107	16834
531175	16835
257462	16836
137661	16837
200081	16838
849677	16839
499480	16840
996319	16841
28798	16842
835788	16843
393419	16844
1120202	16845
358135	16846
521341	16847
800915	16848
440613	16849
672086	16850
706231	16851
496258	16852
696909	16853
863219	16854
407082	16855
910702	16856
353518	16857
918779	16858
242420	16859
809802	16860
1101020	16861
781654	16862
639039	16863
885901	16864
443116	16865
494759	16866
918310	16867
1051787	16868
21382	16869
105231	16870
1082452	16871
252015	16872
1021849	16873
551758	16874
626376	16875
288739	16876
1083549	16877
31864	16878
480528	16879
841762	16880
203383	16881
220671	16882
154197	16883
346012	16884
1001882	16885
562167	16886
221664	16887
83963	16888
1045947	16889
305665	16890
547199	16891
203065	16892
715390	16893
837461	16894
313967	16895
295151	16896
645757	16897
107165	16898
411417	16899
972576	16900
962247	16901
233479	16902
857009	16903
650569	16904
444804	16905
918816	16906
637442	16907
885026	16908
332804	16909
502577	16910
674255	16911
157951	16912
457858	16913
74197	16914
972917	16915
1073316	16916
234899	16917
918374	16918
759451	16919
658940	16920
1052398	16921
641348	16922
824372	16923
1005348	16924
266013	16925
561136	16926
1000074	16927
1014470	16928
192920	16929
111058	16930
1013240	16931
827726	16932
661509	16933
403499	16934
1112863	16935
18160	16936
943032	16937
558331	16938
269980	16939
1110061	16940
344463	16941
1104611	16942
315868	16943
696720	16944
2290	16945
542938	16946
602318	16947
817191	16948
63101	16949
473527	16950
850192	16951
396540	16952
492392	16953
293529	16954
1108445	16955
371930	16956
137059	16957
592068	16958
845226	16959
520687	16960
776188	16961
55505	16962
833979	16963
737651	16964
651744	16965
513505	16966
316978	16967
561576	16968
200137	16969
309240	16970
885427	16971
536770	16972
668296	16973
1122617	16974
199879	16975
1103565	16976
924281	16977
964081	16978
404563	16979
419256	16980
748093	16981
232088	16982
1011087	16983
1069811	16984
309953	16985
1082674	16986
1078434	16987
669049	16988
384069	16989
540319	16990
1034123	16991
10796	16992
461596	16993
70468	16994
190651	16995
795134	16996
318698	16997
426489	16998
39694	16999
1092472	17000
1083989	17001
377516	17002
76932	17003
1114794	17004
309906	17005
1131234	17006
991986	17007
974878	17008
1052109	17009
7838	17010
651207	17011
549507	17012
875653	17013
65385	17014
730153	17015
701395	17016
849448	17017
102962	17018
323382	17019
934623	17020
821674	17021
303380	17022
786941	17023
930269	17024
865525	17025
763024	17026
1080507	17027
1078534	17028
585346	17029
826927	17030
987133	17031
673564	17032
919440	17033
208296	17034
825749	17035
264888	17036
737676	17037
516316	17038
538280	17039
376681	17040
874407	17041
813571	17042
310641	17043
755678	17044
43169	17045
557844	17046
362463	17047
249296	17048
999858	17049
566177	17050
67153	17051
727525	17052
25765	17053
531353	17054
728867	17055
1127867	17056
2058	17057
484954	17058
336447	17059
700893	17060
705458	17061
379095	17062
865911	17063
992512	17064
1008705	17065
997071	17066
88531	17067
256861	17068
412035	17069
347325	17070
1039193	17071
66797	17072
104770	17073
160932	17074
848124	17075
557080	17076
1068321	17077
544188	17078
834008	17079
859773	17080
417872	17081
605347	17082
1113342	17083
919099	17084
140416	17085
542247	17086
427717	17087
764538	17088
673272	17089
559699	17090
836822	17091
1112761	17092
792882	17093
812974	17094
349504	17095
829836	17096
1119508	17097
325561	17098
1088737	17099
601962	17100
825619	17101
1095948	17102
39245	17103
979726	17104
610161	17105
302642	17106
1112614	17107
751834	17108
343399	17109
942295	17110
1074401	17111
423035	17112
306685	17113
740499	17114
814235	17115
209838	17116
183829	17117
628124	17118
127857	17119
642163	17120
53650	17121
1047172	17122
894383	17123
173529	17124
927557	17125
629467	17126
992741	17127
248352	17128
995383	17129
882945	17130
661331	17131
1130713	17132
577474	17133
373670	17134
381396	17135
1146	17136
564548	17137
425268	17138
891061	17139
748673	17140
825088	17141
21198	17142
183313	17143
293694	17144
459478	17145
223147	17146
1075917	17147
714932	17148
1055551	17149
1076499	17150
631227	17151
525146	17152
1324	17153
601906	17154
208324	17155
60151	17156
161935	17157
123326	17158
746093	17159
394417	17160
562140	17161
929666	17162
231278	17163
728242	17164
1013948	17165
66268	17166
803391	17167
37691	17168
1007607	17169
408807	17170
956191	17171
143653	17172
1070014	17173
252226	17174
886626	17175
187368	17176
333427	17177
826180	17178
595419	17179
664207	17180
1080763	17181
310935	17182
311316	17183
1085281	17184
632314	17185
889455	17186
255472	17187
1105000	17188
686206	17189
249154	17190
840575	17191
1023722	17192
49583	17193
817469	17194
452860	17195
306068	17196
671721	17197
829277	17198
102492	17199
211928	17200
228287	17201
423086	17202
331825	17203
250102	17204
122381	17205
979373	17206
208678	17207
18491	17208
1030375	17209
804375	17210
512964	17211
893332	17212
779932	17213
308996	17214
395160	17215
649479	17216
1054524	17217
587564	17218
183029	17219
242728	17220
430231	17221
270707	17222
778198	17223
902544	17224
714246	17225
452996	17226
714704	17227
747333	17228
28229	17229
2527	17230
819838	17231
111074	17232
527958	17233
596999	17234
706261	17235
910502	17236
1045036	17237
515345	17238
650672	17239
545969	17240
7863	17241
114334	17242
1081526	17243
1109717	17244
231449	17245
444965	17246
342867	17247
142873	17248
407762	17249
930077	17250
577337	17251
1034434	17252
156652	17253
622733	17254
806742	17255
128949	17256
80404	17257
1120986	17258
176263	17259
1105325	17260
430930	17261
425188	17262
410013	17263
206040	17264
458138	17265
134634	17266
576346	17267
655039	17268
356857	17269
717663	17270
551605	17271
1051785	17272
920680	17273
537815	17274
735681	17275
693434	17276
906061	17277
978845	17278
469022	17279
234806	17280
68810	17281
464649	17282
336457	17283
75132	17284
365648	17285
15015	17286
377831	17287
1034218	17288
96923	17289
426418	17290
592666	17291
1072087	17292
336234	17293
260338	17294
413991	17295
71743	17296
737587	17297
39291	17298
368213	17299
1074136	17300
613728	17301
47169	17302
347105	17303
699243	17304
716330	17305
793002	17306
1062237	17307
1073148	17308
829058	17309
507340	17310
82564	17311
640808	17312
697131	17313
929722	17314
696840	17315
1041419	17316
874714	17317
499920	17318
321130	17319
330956	17320
559866	17321
638068	17322
358399	17323
456182	17324
469417	17325
162332	17326
505323	17327
227836	17328
812695	17329
72672	17330
139906	17331
267386	17332
483623	17333
1093403	17334
127035	17335
565037	17336
1018684	17337
817422	17338
785170	17339
945821	17340
419154	17341
701397	17342
135941	17343
18052	17344
556014	17345
992245	17346
260605	17347
275857	17348
1112680	17349
807552	17350
168875	17351
611502	17352
776292	17353
866757	17354
1091277	17355
321843	17356
299380	17357
633189	17358
22794	17359
477207	17360
727745	17361
228240	17362
1072072	17363
249912	17364
498749	17365
1137615	17366
769202	17367
631419	17368
993123	17369
72912	17370
526044	17371
980117	17372
398973	17373
917004	17374
1115256	17375
513059	17376
974744	17377
132203	17378
829872	17379
279972	17380
752676	17381
767572	17382
16522	17383
491656	17384
655778	17385
800820	17386
508378	17387
869093	17388
817803	17389
543092	17390
408745	17391
1026735	17392
436449	17393
76458	17394
1133234	17395
1104270	17396
892814	17397
960947	17398
177163	17399
1090051	17400
1090676	17401
827663	17402
668642	17403
73489	17404
67101	17405
210462	17406
969009	17407
1113292	17408
80889	17409
61415	17410
1097397	17411
1693	17412
368778	17413
849472	17414
193918	17415
748752	17416
383989	17417
775111	17418
470996	17419
500556	17420
625377	17421
114004	17422
379932	17423
68328	17424
560652	17425
171808	17426
239790	17427
815173	17428
903133	17429
463992	17430
378206	17431
1001259	17432
73574	17433
128080	17434
551572	17435
52147	17436
163910	17437
616403	17438
236760	17439
850647	17440
880087	17441
149853	17442
823317	17443
167852	17444
222558	17445
784044	17446
1130633	17447
519599	17448
647542	17449
303387	17450
288053	17451
980655	17452
1007726	17453
743618	17454
308930	17455
681763	17456
562273	17457
973845	17458
717713	17459
655020	17460
643027	17461
676481	17462
522234	17463
781795	17464
109165	17465
991530	17466
942233	17467
832941	17468
1015120	17469
1123944	17470
319955	17471
362726	17472
173151	17473
850121	17474
472369	17475
1129059	17476
940178	17477
248021	17478
895032	17479
649014	17480
659966	17481
122853	17482
360641	17483
1098927	17484
1018699	17485
751036	17486
780355	17487
1058612	17488
572857	17489
688214	17490
767960	17491
556217	17492
1071129	17493
8256	17494
308035	17495
4990	17496
907313	17497
377456	17498
918470	17499
644273	17500
312942	17501
1131069	17502
855623	17503
282349	17504
544415	17505
691566	17506
201608	17507
497387	17508
437223	17509
494443	17510
1023793	17511
611409	17512
1086286	17513
61993	17514
402513	17515
210005	17516
613655	17517
216232	17518
409642	17519
1029204	17520
1040335	17521
340024	17522
795637	17523
1009164	17524
18575	17525
154823	17526
447209	17527
293270	17528
249985	17529
261472	17530
295762	17531
755012	17532
1015510	17533
805951	17534
771900	17535
627801	17536
857300	17537
831574	17538
38327	17539
373566	17540
1060246	17541
249526	17542
466362	17543
977258	17544
788228	17545
1041393	17546
468925	17547
287096	17548
682487	17549
632217	17550
602150	17551
205545	17552
539888	17553
804911	17554
627485	17555
582632	17556
1039705	17557
993469	17558
510104	17559
400682	17560
617720	17561
254666	17562
181024	17563
331444	17564
666439	17565
310692	17566
807394	17567
694426	17568
1080371	17569
901442	17570
870150	17571
655617	17572
1120600	17573
683699	17574
291999	17575
1008092	17576
290860	17577
971282	17578
524248	17579
85132	17580
362800	17581
160016	17582
458588	17583
40942	17584
202195	17585
571236	17586
16571	17587
679971	17588
233010	17589
1084632	17590
343893	17591
531801	17592
758761	17593
428008	17594
91390	17595
366838	17596
678470	17597
1003793	17598
317349	17599
623546	17600
285546	17601
647845	17602
664678	17603
418713	17604
850057	17605
162549	17606
174946	17607
1109075	17608
111722	17609
669190	17610
353861	17611
744967	17612
130824	17613
85040	17614
371945	17615
991087	17616
906222	17617
1110145	17618
235650	17619
953767	17620
202629	17621
970103	17622
124185	17623
401713	17624
95699	17625
529159	17626
973486	17627
620463	17628
259672	17629
857819	17630
440826	17631
91880	17632
420037	17633
1020507	17634
667217	17635
324491	17636
966271	17637
476854	17638
14857	17639
1066436	17640
562004	17641
1060946	17642
1067259	17643
382622	17644
618943	17645
883465	17646
546861	17647
883918	17648
586035	17649
997409	17650
1072428	17651
175282	17652
393054	17653
1057303	17654
143895	17655
686160	17656
450718	17657
713736	17658
1003295	17659
361057	17660
777066	17661
377001	17662
1111570	17663
649064	17664
512530	17665
359897	17666
190964	17667
279772	17668
1084006	17669
93193	17670
433784	17671
1042487	17672
491818	17673
558523	17674
600785	17675
50070	17676
1052594	17677
1086585	17678
184411	17679
482891	17680
880573	17681
890589	17682
202569	17683
770006	17684
300137	17685
38685	17686
288311	17687
553353	17688
317623	17689
667877	17690
372893	17691
1140547	17692
175520	17693
221424	17694
221395	17695
260036	17696
356273	17697
544562	17698
285386	17699
702636	17700
708054	17701
646706	17702
555239	17703
1088441	17704
1049034	17705
917338	17706
473731	17707
670180	17708
1092215	17709
448580	17710
82343	17711
979782	17712
312160	17713
59318	17714
353842	17715
863405	17716
603950	17717
113334	17718
1108870	17719
662111	17720
404968	17721
1054629	17722
390172	17723
902218	17724
935356	17725
328759	17726
377786	17727
149411	17728
189999	17729
159106	17730
264182	17731
168861	17732
1136922	17733
692206	17734
997680	17735
733412	17736
780396	17737
345648	17738
172962	17739
455298	17740
239316	17741
1054264	17742
78450	17743
378831	17744
200909	17745
1019471	17746
839353	17747
141318	17748
321241	17749
832077	17750
872504	17751
353841	17752
761547	17753
490777	17754
707496	17755
848233	17756
276996	17757
1008754	17758
847611	17759
411142	17760
711006	17761
343613	17762
394702	17763
1059276	17764
91912	17765
258988	17766
729315	17767
532737	17768
333783	17769
342812	17770
801059	17771
937789	17772
789016	17773
1119668	17774
318971	17775
398945	17776
964025	17777
505189	17778
295606	17779
345651	17780
1102330	17781
163863	17782
28635	17783
334641	17784
426075	17785
499547	17786
125125	17787
95664	17788
293257	17789
76974	17790
216938	17791
497357	17792
851118	17793
132460	17794
574954	17795
606926	17796
496714	17797
890023	17798
318920	17799
390011	17800
777434	17801
30415	17802
63132	17803
1021495	17804
114003	17805
545244	17806
422022	17807
489992	17808
42435	17809
770263	17810
710985	17811
302775	17812
473904	17813
500604	17814
859757	17815
680829	17816
655808	17817
450277	17818
402715	17819
19041	17820
418953	17821
304149	17822
172038	17823
450860	17824
273310	17825
24093	17826
898386	17827
360171	17828
89163	17829
528084	17830
1066255	17831
357975	17832
827192	17833
543976	17834
1036013	17835
910999	17836
717808	17837
750494	17838
993711	17839
690600	17840
988632	17841
590711	17842
355856	17843
388933	17844
628504	17845
171700	17846
502714	17847
631276	17848
488855	17849
547119	17850
574572	17851
1052724	17852
413981	17853
221916	17854
672008	17855
1033657	17856
172787	17857
73105	17858
600714	17859
466132	17860
961594	17861
79850	17862
1094235	17863
996218	17864
403098	17865
89608	17866
793013	17867
1057776	17868
786251	17869
55028	17870
1076485	17871
560782	17872
123178	17873
530826	17874
511869	17875
454417	17876
169162	17877
971454	17878
7325	17879
670931	17880
511498	17881
541195	17882
727567	17883
603756	17884
679854	17885
148234	17886
93353	17887
144584	17888
898763	17889
998860	17890
149599	17891
1068701	17892
895247	17893
1128665	17894
780778	17895
372883	17896
747414	17897
168551	17898
377714	17899
93	17900
306253	17901
125166	17902
179421	17903
2386	17904
491111	17905
619798	17906
884958	17907
203717	17908
371776	17909
175608	17910
113759	17911
828605	17912
666993	17913
89036	17914
274891	17915
56321	17916
442890	17917
156179	17918
174378	17919
721725	17920
146708	17921
254140	17922
917386	17923
309730	17924
372115	17925
608799	17926
209949	17927
194785	17928
363961	17929
784463	17930
1122277	17931
630368	17932
951661	17933
179194	17934
232611	17935
123952	17936
447188	17937
240770	17938
1061424	17939
677709	17940
1093414	17941
471142	17942
461813	17943
1134578	17944
648792	17945
93819	17946
658826	17947
349024	17948
918138	17949
546625	17950
357112	17951
213229	17952
158360	17953
1107367	17954
749276	17955
341022	17956
156038	17957
568726	17958
878966	17959
1015356	17960
823448	17961
903176	17962
393070	17963
114047	17964
328642	17965
195362	17966
1086717	17967
99517	17968
659021	17969
506144	17970
712706	17971
336173	17972
828594	17973
499298	17974
895382	17975
234325	17976
609612	17977
200481	17978
155538	17979
738007	17980
603549	17981
599811	17982
120397	17983
1109572	17984
811346	17985
532035	17986
426672	17987
942642	17988
809402	17989
20598	17990
73284	17991
577603	17992
508121	17993
850204	17994
514244	17995
692309	17996
1105499	17997
197630	17998
153181	17999
1044827	18000
1087697	18001
310537	18002
457935	18003
562917	18004
280429	18005
908715	18006
408436	18007
488912	18008
836128	18009
830270	18010
1077580	18011
483486	18012
985675	18013
907907	18014
438821	18015
499552	18016
20003	18017
83340	18018
1074149	18019
594653	18020
517956	18021
57543	18022
1089424	18023
127968	18024
101955	18025
48487	18026
943027	18027
915623	18028
863591	18029
877587	18030
528395	18031
763139	18032
668925	18033
981356	18034
441687	18035
1141663	18036
542605	18037
795253	18038
1088642	18039
913383	18040
1120838	18041
711303	18042
240443	18043
296895	18044
655819	18045
967720	18046
714854	18047
454419	18048
915793	18049
194080	18050
884476	18051
189108	18052
371949	18053
639268	18054
192616	18055
922993	18056
626943	18057
1023544	18058
230709	18059
1056253	18060
263724	18061
796111	18062
697278	18063
371760	18064
696313	18065
359440	18066
925584	18067
786573	18068
1123426	18069
77257	18070
575495	18071
999488	18072
320786	18073
655359	18074
192360	18075
817344	18076
251359	18077
671781	18078
374187	18079
723593	18080
50925	18081
1123487	18082
623788	18083
56833	18084
791383	18085
798869	18086
527679	18087
572643	18088
619880	18089
433023	18090
884359	18091
58365	18092
714914	18093
698191	18094
382403	18095
405770	18096
880864	18097
1100583	18098
648977	18099
67430	18100
770432	18101
1033819	18102
240411	18103
241120	18104
748005	18105
930237	18106
126307	18107
1063117	18108
237561	18109
84883	18110
165240	18111
1118086	18112
1118519	18113
194760	18114
50286	18115
203537	18116
1013174	18117
81076	18118
1021422	18119
201386	18120
794016	18121
48736	18122
775720	18123
481058	18124
296842	18125
414354	18126
855847	18127
59071	18128
494688	18129
963105	18130
469688	18131
1042336	18132
854996	18133
1010488	18134
711172	18135
1127431	18136
123014	18137
548841	18138
132449	18139
460781	18140
511258	18141
1122528	18142
12452	18143
848799	18144
958705	18145
78600	18146
287305	18147
1093075	18148
134540	18149
369243	18150
442335	18151
1091503	18152
678895	18153
1066203	18154
521350	18155
503312	18156
670632	18157
106733	18158
1077318	18159
261523	18160
93481	18161
1076684	18162
500923	18163
555725	18164
428995	18165
7881	18166
63437	18167
984372	18168
233076	18169
109914	18170
819289	18171
509607	18172
1021436	18173
765824	18174
933784	18175
545951	18176
801678	18177
347706	18178
138082	18179
426019	18180
458180	18181
547625	18182
1018270	18183
805142	18184
802059	18185
1112593	18186
654586	18187
484263	18188
71043	18189
960766	18190
886147	18191
1060121	18192
48007	18193
248285	18194
320285	18195
220621	18196
192316	18197
156874	18198
720658	18199
918012	18200
149170	18201
815286	18202
189150	18203
515801	18204
223615	18205
783403	18206
359767	18207
680942	18208
444155	18209
519595	18210
596070	18211
1060961	18212
716490	18213
960673	18214
532120	18215
526631	18216
495709	18217
698547	18218
749442	18219
696122	18220
302255	18221
125146	18222
879819	18223
715337	18224
168444	18225
100735	18226
837731	18227
218363	18228
814198	18229
130616	18230
804429	18231
596859	18232
85321	18233
753801	18234
845402	18235
618680	18236
1020811	18237
481971	18238
1095322	18239
427639	18240
752121	18241
704324	18242
941287	18243
768084	18244
168018	18245
523609	18246
455350	18247
268525	18248
1056175	18249
784534	18250
348833	18251
709735	18252
141784	18253
1093442	18254
1024926	18255
609702	18256
524547	18257
629132	18258
45913	18259
380141	18260
459634	18261
343004	18262
844494	18263
434652	18264
918017	18265
759197	18266
1133012	18267
351486	18268
420996	18269
747036	18270
207171	18271
10216	18272
628666	18273
834396	18274
13243	18275
1031787	18276
300534	18277
1063389	18278
379030	18279
1125043	18280
923345	18281
594372	18282
110444	18283
42940	18284
703055	18285
261858	18286
145332	18287
938451	18288
100447	18289
996857	18290
479784	18291
178856	18292
428287	18293
980833	18294
1014450	18295
508946	18296
968388	18297
179391	18298
417876	18299
758667	18300
1034561	18301
923725	18302
20193	18303
36475	18304
14111	18305
691197	18306
1072896	18307
696974	18308
360936	18309
1001519	18310
616946	18311
13773	18312
84056	18313
853399	18314
31191	18315
224998	18316
621356	18317
980368	18318
193815	18319
653858	18320
522977	18321
537547	18322
144043	18323
643691	18324
61703	18325
593627	18326
602046	18327
515076	18328
170143	18329
428822	18330
470201	18331
1089624	18332
393477	18333
37633	18334
516540	18335
665727	18336
293803	18337
578197	18338
105759	18339
580570	18340
1126896	18341
624068	18342
709678	18343
1015860	18344
99182	18345
983135	18346
690292	18347
790280	18348
146706	18349
777638	18350
85250	18351
36425	18352
303262	18353
878082	18354
381015	18355
533020	18356
886930	18357
911803	18358
373979	18359
754255	18360
746851	18361
300240	18362
203408	18363
46434	18364
851138	18365
1070549	18366
181255	18367
745408	18368
823109	18369
729383	18370
199278	18371
554463	18372
225685	18373
1057460	18374
751446	18375
646030	18376
1061108	18377
1055203	18378
643689	18379
707599	18380
698399	18381
845576	18382
1032801	18383
620068	18384
262130	18385
989869	18386
16146	18387
836939	18388
1092640	18389
408587	18390
861694	18391
1064125	18392
361512	18393
267066	18394
84470	18395
706933	18396
191701	18397
632486	18398
850580	18399
599300	18400
1130083	18401
583463	18402
95504	18403
204729	18404
272589	18405
120402	18406
253706	18407
185676	18408
212312	18409
182966	18410
401947	18411
90641	18412
180905	18413
439302	18414
341722	18415
868392	18416
249500	18417
243335	18418
883967	18419
478233	18420
368363	18421
403113	18422
1104422	18423
63470	18424
621698	18425
815137	18426
514087	18427
482889	18428
861991	18429
722678	18430
575023	18431
844564	18432
1076304	18433
1106780	18434
1068753	18435
749478	18436
560272	18437
463158	18438
368503	18439
271784	18440
566324	18441
772904	18442
630035	18443
621487	18444
449770	18445
632947	18446
37335	18447
466516	18448
329484	18449
1069132	18450
303897	18451
964568	18452
450264	18453
901216	18454
197599	18455
806522	18456
425368	18457
971723	18458
538380	18459
356150	18460
411233	18461
324027	18462
962141	18463
18778	18464
602928	18465
262150	18466
217398	18467
1091341	18468
310931	18469
999556	18470
725880	18471
1071627	18472
675300	18473
553672	18474
302941	18475
106345	18476
1079419	18477
117917	18478
374582	18479
3005	18480
1094026	18481
352203	18482
796488	18483
491061	18484
700610	18485
320567	18486
742806	18487
233529	18488
868303	18489
353316	18490
670651	18491
1110423	18492
1080604	18493
144675	18494
12080	18495
440839	18496
1140331	18497
511429	18498
95837	18499
932877	18500
229526	18501
36911	18502
23319	18503
1090624	18504
823924	18505
720983	18506
847648	18507
484887	18508
696901	18509
479859	18510
1001195	18511
576853	18512
129986	18513
341711	18514
501294	18515
944541	18516
157765	18517
332875	18518
553012	18519
775127	18520
542900	18521
19439	18522
259952	18523
1001937	18524
80025	18525
517723	18526
339216	18527
1108904	18528
782178	18529
1058178	18530
520490	18531
513405	18532
751115	18533
143947	18534
978163	18535
954823	18536
957817	18537
696994	18538
1067736	18539
838931	18540
734496	18541
408925	18542
494948	18543
60673	18544
186203	18545
322804	18546
873404	18547
367716	18548
662485	18549
1140254	18550
182413	18551
370758	18552
183460	18553
628301	18554
1122328	18555
504405	18556
857112	18557
964479	18558
1076838	18559
834596	18560
862876	18561
337841	18562
423524	18563
407948	18564
274199	18565
1002677	18566
601585	18567
903468	18568
413402	18569
68861	18570
1043371	18571
776601	18572
941292	18573
59483	18574
579823	18575
406303	18576
429101	18577
921245	18578
336666	18579
636733	18580
604587	18581
81198	18582
1140132	18583
404323	18584
731688	18585
26295	18586
1107960	18587
551442	18588
982790	18589
876037	18590
651289	18591
768478	18592
1040494	18593
604656	18594
216169	18595
998972	18596
462684	18597
722566	18598
1085265	18599
930473	18600
76347	18601
1108940	18602
901637	18603
766104	18604
50557	18605
667440	18606
641761	18607
188763	18608
495462	18609
362525	18610
602147	18611
332483	18612
868716	18613
281146	18614
402244	18615
947383	18616
995693	18617
1014417	18618
31498	18619
238846	18620
579819	18621
359834	18622
249098	18623
983873	18624
775807	18625
720707	18626
994933	18627
40669	18628
393011	18629
742558	18630
815523	18631
459435	18632
1051251	18633
512586	18634
924712	18635
721066	18636
927817	18637
905925	18638
381226	18639
910570	18640
188685	18641
879055	18642
983184	18643
563686	18644
882436	18645
494370	18646
1110753	18647
550919	18648
673927	18649
1060063	18650
978074	18651
727492	18652
238134	18653
447672	18654
711893	18655
167548	18656
1014127	18657
582707	18658
173767	18659
78304	18660
541813	18661
1050141	18662
183688	18663
765028	18664
467038	18665
585696	18666
836773	18667
281527	18668
460462	18669
513227	18670
999413	18671
208067	18672
963959	18673
355022	18674
1016213	18675
996320	18676
684201	18677
227793	18678
1025460	18679
1140894	18680
937488	18681
827846	18682
988080	18683
1017483	18684
534976	18685
296117	18686
81812	18687
548810	18688
99249	18689
520450	18690
988849	18691
363065	18692
1135861	18693
510380	18694
1068950	18695
421155	18696
858734	18697
560029	18698
1073721	18699
1133390	18700
586083	18701
679891	18702
1124473	18703
704757	18704
413038	18705
363279	18706
240962	18707
219479	18708
805038	18709
857562	18710
1034191	18711
287886	18712
651606	18713
1092004	18714
970064	18715
683235	18716
481045	18717
787498	18718
267562	18719
996124	18720
4363	18721
676935	18722
41561	18723
798796	18724
48019	18725
524439	18726
827624	18727
1008663	18728
492809	18729
762600	18730
1051000	18731
372896	18732
577660	18733
581363	18734
653094	18735
176119	18736
34957	18737
1107022	18738
736142	18739
583196	18740
334481	18741
285200	18742
714576	18743
906444	18744
989571	18745
797297	18746
1079144	18747
837614	18748
234098	18749
806535	18750
849435	18751
647143	18752
959095	18753
15244	18754
870781	18755
706218	18756
996852	18757
902944	18758
209419	18759
965386	18760
243101	18761
1131038	18762
452915	18763
432157	18764
204461	18765
654098	18766
382155	18767
469854	18768
889918	18769
514270	18770
1138215	18771
34491	18772
613476	18773
755221	18774
59598	18775
789372	18776
240389	18777
524753	18778
187231	18779
1089448	18780
554701	18781
844476	18782
374025	18783
157913	18784
854363	18785
84199	18786
370647	18787
532677	18788
492121	18789
809940	18790
352821	18791
1048632	18792
588306	18793
347708	18794
557341	18795
764454	18796
222134	18797
940554	18798
287249	18799
873872	18800
508975	18801
207593	18802
160802	18803
1049814	18804
1070079	18805
378956	18806
594877	18807
1103513	18808
905306	18809
335430	18810
949189	18811
119819	18812
928369	18813
569315	18814
916175	18815
794600	18816
1057292	18817
56170	18818
630125	18819
69859	18820
520229	18821
896170	18822
791562	18823
641640	18824
273938	18825
628584	18826
209988	18827
834510	18828
1026071	18829
209865	18830
30757	18831
1087140	18832
542921	18833
127867	18834
1116372	18835
162400	18836
1005634	18837
609700	18838
431263	18839
939998	18840
694428	18841
454254	18842
933003	18843
562246	18844
688096	18845
1034537	18846
586549	18847
939835	18848
119007	18849
452305	18850
867943	18851
479630	18852
452287	18853
103647	18854
389832	18855
247115	18856
530279	18857
296121	18858
809949	18859
504639	18860
1036358	18861
405073	18862
616397	18863
525118	18864
24988	18865
282558	18866
699987	18867
865690	18868
743370	18869
276500	18870
1008484	18871
457410	18872
113567	18873
518887	18874
859973	18875
579010	18876
49634	18877
502127	18878
1076956	18879
426821	18880
1061672	18881
975326	18882
334741	18883
222722	18884
685912	18885
1126489	18886
179120	18887
451651	18888
1110564	18889
338391	18890
873960	18891
362577	18892
585590	18893
223328	18894
151262	18895
951708	18896
881238	18897
338285	18898
282989	18899
469426	18900
537589	18901
214090	18902
640843	18903
20196	18904
203034	18905
272940	18906
147929	18907
413491	18908
529145	18909
612236	18910
560459	18911
111569	18912
1102320	18913
475104	18914
340626	18915
575540	18916
884219	18917
801771	18918
346811	18919
779152	18920
93690	18921
569975	18922
267696	18923
690867	18924
27795	18925
860728	18926
665148	18927
332836	18928
269356	18929
122621	18930
60236	18931
663293	18932
767828	18933
1029754	18934
428091	18935
956532	18936
49645	18937
353374	18938
347740	18939
575496	18940
1084819	18941
879539	18942
371870	18943
359209	18944
491976	18945
784734	18946
21997	18947
81745	18948
232964	18949
505790	18950
524768	18951
1138352	18952
332674	18953
759073	18954
125915	18955
815768	18956
870011	18957
603022	18958
638625	18959
329967	18960
141494	18961
135627	18962
494797	18963
82708	18964
311307	18965
845946	18966
725256	18967
1069036	18968
152159	18969
323606	18970
501568	18971
734142	18972
698040	18973
290766	18974
297558	18975
267434	18976
536070	18977
159599	18978
152787	18979
778380	18980
718990	18981
495038	18982
341559	18983
333499	18984
1057314	18985
1030627	18986
403744	18987
565647	18988
43926	18989
545347	18990
887031	18991
437305	18992
130996	18993
767645	18994
156149	18995
530543	18996
310493	18997
474314	18998
519975	18999
135720	19000
526858	19001
941739	19002
46437	19003
147536	19004
656228	19005
572277	19006
957416	19007
1111189	19008
207532	19009
824141	19010
344632	19011
246476	19012
499988	19013
429863	19014
632097	19015
354105	19016
496647	19017
815292	19018
820422	19019
104031	19020
378262	19021
810742	19022
730886	19023
945678	19024
1106022	19025
227949	19026
636846	19027
380223	19028
266206	19029
382426	19030
443828	19031
965073	19032
50439	19033
825467	19034
1064476	19035
1049624	19036
677174	19037
104277	19038
398458	19039
514993	19040
1048130	19041
988565	19042
179154	19043
435616	19044
150799	19045
609674	19046
429412	19047
342352	19048
707113	19049
670464	19050
39864	19051
507410	19052
305771	19053
426360	19054
137412	19055
334819	19056
585479	19057
19242	19058
431893	19059
371810	19060
724306	19061
998144	19062
318658	19063
1023717	19064
193492	19065
874324	19066
913228	19067
726526	19068
706655	19069
86693	19070
88222	19071
480399	19072
936460	19073
974990	19074
929724	19075
219027	19076
173466	19077
182576	19078
1077586	19079
235585	19080
728046	19081
908396	19082
554079	19083
337401	19084
642950	19085
906169	19086
320166	19087
82620	19088
1113884	19089
69703	19090
551487	19091
63576	19092
563697	19093
62457	19094
369816	19095
979275	19096
1034711	19097
637246	19098
263327	19099
207759	19100
540056	19101
970685	19102
625233	19103
302919	19104
896764	19105
841676	19106
721743	19107
731530	19108
108337	19109
162296	19110
567839	19111
1123741	19112
448934	19113
988556	19114
837293	19115
4881	19116
1106944	19117
938287	19118
1015179	19119
288142	19120
525622	19121
171404	19122
922292	19123
31915	19124
239265	19125
273118	19126
218859	19127
1079404	19128
129872	19129
1004255	19130
640786	19131
194245	19132
97628	19133
1034428	19134
115185	19135
1101832	19136
269148	19137
267559	19138
639181	19139
64484	19140
666882	19141
66964	19142
916013	19143
474947	19144
919286	19145
103546	19146
369885	19147
1086792	19148
436056	19149
167126	19150
36037	19151
297896	19152
886124	19153
1016790	19154
837471	19155
32156	19156
561893	19157
12811	19158
861212	19159
313252	19160
773320	19161
739311	19162
558586	19163
535911	19164
598647	19165
282194	19166
646017	19167
1108376	19168
410944	19169
528950	19170
11886	19171
1021446	19172
750842	19173
140727	19174
386197	19175
74920	19176
170018	19177
919197	19178
89769	19179
357752	19180
425671	19181
1018918	19182
489983	19183
1017821	19184
302579	19185
548046	19186
938233	19187
1077879	19188
416926	19189
1112708	19190
946256	19191
942994	19192
835569	19193
545694	19194
83912	19195
9242	19196
1004948	19197
976727	19198
376489	19199
259843	19200
611942	19201
266346	19202
835718	19203
913434	19204
53162	19205
399382	19206
313341	19207
1091205	19208
941394	19209
208086	19210
358378	19211
162706	19212
652364	19213
171147	19214
1016537	19215
914093	19216
1076833	19217
287421	19218
678048	19219
5151	19220
568453	19221
705847	19222
39273	19223
925322	19224
1134915	19225
765123	19226
155867	19227
932894	19228
1036540	19229
1042031	19230
653159	19231
1118097	19232
869844	19233
566864	19234
208507	19235
1083636	19236
911602	19237
600926	19238
1065133	19239
511490	19240
527777	19241
1128125	19242
311246	19243
183782	19244
824417	19245
584	19246
937948	19247
593585	19248
464408	19249
831238	19250
32433	19251
528627	19252
637703	19253
120060	19254
368822	19255
987877	19256
116174	19257
830751	19258
12975	19259
329352	19260
1101608	19261
40769	19262
460085	19263
396339	19264
368132	19265
793424	19266
305601	19267
291706	19268
1046351	19269
168439	19270
363665	19271
204668	19272
215407	19273
253684	19274
1049570	19275
681218	19276
428190	19277
406401	19278
876338	19279
277718	19280
772933	19281
159146	19282
1141381	19283
1051570	19284
745662	19285
887471	19286
485517	19287
443169	19288
479868	19289
72428	19290
630415	19291
229066	19292
1132825	19293
139063	19294
24410	19295
398165	19296
1111997	19297
221303	19298
388332	19299
941506	19300
6167	19301
96773	19302
689833	19303
411850	19304
94201	19305
807565	19306
555647	19307
614976	19308
383480	19309
39076	19310
564672	19311
1135567	19312
179272	19313
1121433	19314
506611	19315
479647	19316
52116	19317
144793	19318
798849	19319
564061	19320
929190	19321
25087	19322
688745	19323
205697	19324
706819	19325
625457	19326
42989	19327
715140	19328
910972	19329
618676	19330
1047308	19331
916169	19332
54148	19333
210072	19334
965671	19335
671037	19336
202406	19337
471635	19338
1078760	19339
462692	19340
670758	19341
98960	19342
114103	19343
488174	19344
703499	19345
693078	19346
1004982	19347
949050	19348
155184	19349
118851	19350
324104	19351
327174	19352
405306	19353
5784	19354
316892	19355
43379	19356
1102872	19357
959107	19358
1011259	19359
1099576	19360
80822	19361
593147	19362
498650	19363
411882	19364
1040972	19365
425241	19366
382657	19367
412823	19368
1014473	19369
769624	19370
848955	19371
84866	19372
110916	19373
399174	19374
870019	19375
305649	19376
719369	19377
705016	19378
984585	19379
679949	19380
277895	19381
583801	19382
1066916	19383
537047	19384
393927	19385
784671	19386
909014	19387
276957	19388
171747	19389
255555	19390
351241	19391
520527	19392
484084	19393
547258	19394
677348	19395
225103	19396
1038558	19397
777548	19398
152415	19399
609521	19400
323166	19401
1013749	19402
113803	19403
377999	19404
542765	19405
835314	19406
377274	19407
609845	19408
45862	19409
60466	19410
288897	19411
622534	19412
379776	19413
1091563	19414
893467	19415
24316	19416
20652	19417
439597	19418
318529	19419
441331	19420
196326	19421
647438	19422
31548	19423
926183	19424
178744	19425
1052406	19426
1008611	19427
1062810	19428
515884	19429
738255	19430
697317	19431
484006	19432
830421	19433
1125335	19434
849222	19435
162608	19436
66449	19437
312344	19438
290012	19439
513471	19440
1088518	19441
767007	19442
317711	19443
996180	19444
942658	19445
810958	19446
415655	19447
541694	19448
189235	19449
397150	19450
803212	19451
356074	19452
374998	19453
1112098	19454
454741	19455
82025	19456
546988	19457
663983	19458
778078	19459
413110	19460
902246	19461
199319	19462
551847	19463
640487	19464
946873	19465
3032	19466
264124	19467
1132895	19468
870525	19469
840310	19470
199656	19471
931896	19472
827155	19473
592307	19474
117938	19475
1005636	19476
455980	19477
116980	19478
47165	19479
432221	19480
336718	19481
538954	19482
864916	19483
753512	19484
725963	19485
814596	19486
685010	19487
516149	19488
478162	19489
123432	19490
594554	19491
688898	19492
1053214	19493
420549	19494
47264	19495
1104667	19496
994287	19497
761021	19498
782555	19499
887694	19500
518279	19501
617059	19502
545336	19503
1033113	19504
287582	19505
102506	19506
650332	19507
560501	19508
1020130	19509
1066328	19510
727861	19511
661172	19512
251981	19513
1063868	19514
400186	19515
933986	19516
546782	19517
642964	19518
226376	19519
776564	19520
508779	19521
784494	19522
613794	19523
406778	19524
807605	19525
574145	19526
662162	19527
397709	19528
381657	19529
616607	19530
712691	19531
1124883	19532
443933	19533
246354	19534
1071754	19535
1102553	19536
217096	19537
1107201	19538
1094943	19539
932806	19540
275670	19541
414260	19542
1061879	19543
442539	19544
500841	19545
76846	19546
197486	19547
426504	19548
571985	19549
1020706	19550
643577	19551
448535	19552
384559	19553
399700	19554
189221	19555
974905	19556
634364	19557
27932	19558
866171	19559
33784	19560
131804	19561
423845	19562
661977	19563
124743	19564
939463	19565
495742	19566
748053	19567
29886	19568
651576	19569
348964	19570
980210	19571
1027966	19572
664905	19573
1067103	19574
912906	19575
996415	19576
1128066	19577
399977	19578
890159	19579
1013521	19580
27392	19581
716913	19582
235076	19583
871264	19584
315542	19585
635348	19586
308367	19587
909201	19588
1126909	19589
350837	19590
26777	19591
663305	19592
951758	19593
747177	19594
223164	19595
842983	19596
170562	19597
266819	19598
849233	19599
575270	19600
229963	19601
373653	19602
353196	19603
860468	19604
66675	19605
49803	19606
969515	19607
972164	19608
522153	19609
68344	19610
304276	19611
245292	19612
390332	19613
650301	19614
719184	19615
990754	19616
1111330	19617
199339	19618
738526	19619
151800	19620
864623	19621
469811	19622
1133879	19623
450866	19624
1061988	19625
841433	19626
128924	19627
228069	19628
447514	19629
18154	19630
476675	19631
497629	19632
536692	19633
461000	19634
988680	19635
2234	19636
923512	19637
781295	19638
1111810	19639
86265	19640
121296	19641
475624	19642
347020	19643
1016746	19644
86986	19645
994040	19646
964613	19647
970665	19648
103138	19649
847064	19650
657374	19651
824546	19652
416441	19653
326696	19654
330975	19655
762774	19656
102338	19657
615049	19658
1019456	19659
65995	19660
578744	19661
1131717	19662
257600	19663
704619	19664
427116	19665
395581	19666
657016	19667
937416	19668
754150	19669
1082145	19670
745900	19671
850053	19672
442419	19673
567796	19674
1004713	19675
592404	19676
868544	19677
441208	19678
169523	19679
1067819	19680
438776	19681
523860	19682
1034728	19683
609250	19684
189293	19685
966784	19686
984571	19687
740277	19688
262897	19689
381074	19690
152652	19691
401838	19692
44145	19693
269850	19694
135708	19695
273547	19696
598515	19697
1118626	19698
630927	19699
103981	19700
896548	19701
881983	19702
898862	19703
446330	19704
1008788	19705
215129	19706
915936	19707
691188	19708
813053	19709
863407	19710
464198	19711
286519	19712
280092	19713
36027	19714
457360	19715
1053797	19716
252381	19717
191071	19718
728508	19719
171678	19720
850591	19721
378384	19722
753464	19723
1073674	19724
415422	19725
511473	19726
454150	19727
377048	19728
840137	19729
666742	19730
262151	19731
759711	19732
883099	19733
760876	19734
590927	19735
542178	19736
411421	19737
590018	19738
909197	19739
119963	19740
162286	19741
265836	19742
209725	19743
727481	19744
1013614	19745
512949	19746
302869	19747
728660	19748
965623	19749
341726	19750
854451	19751
357346	19752
888343	19753
1072474	19754
1132024	19755
895701	19756
566071	19757
121645	19758
129824	19759
1051191	19760
230101	19761
1047081	19762
399731	19763
892659	19764
80271	19765
374777	19766
447481	19767
887016	19768
56898	19769
663838	19770
328624	19771
108362	19772
172752	19773
115355	19774
968148	19775
1052754	19776
745225	19777
631945	19778
855388	19779
46870	19780
340610	19781
916898	19782
103678	19783
918340	19784
75391	19785
281772	19786
1101127	19787
791507	19788
26333	19789
12556	19790
1075646	19791
991019	19792
1022364	19793
183175	19794
509257	19795
452325	19796
206895	19797
629160	19798
471471	19799
754572	19800
88288	19801
194905	19802
743716	19803
156977	19804
529163	19805
449176	19806
909841	19807
911527	19808
792681	19809
210434	19810
600705	19811
116572	19812
681316	19813
551375	19814
1113199	19815
854911	19816
687713	19817
563608	19818
442958	19819
310198	19820
341906	19821
910352	19822
1135929	19823
161498	19824
287380	19825
280696	19826
969512	19827
256784	19828
625736	19829
214461	19830
415764	19831
362114	19832
651138	19833
931784	19834
1109878	19835
89031	19836
817341	19837
1082799	19838
1080505	19839
68117	19840
992025	19841
1083996	19842
301769	19843
682868	19844
1107682	19845
235251	19846
277310	19847
907340	19848
336834	19849
1098716	19850
1137536	19851
656039	19852
643501	19853
1069215	19854
108031	19855
649629	19856
437736	19857
872771	19858
579373	19859
529874	19860
962554	19861
676057	19862
133801	19863
137530	19864
45727	19865
498048	19866
779856	19867
849850	19868
335997	19869
1023846	19870
326033	19871
725538	19872
525291	19873
32300	19874
183710	19875
706682	19876
212574	19877
888404	19878
967567	19879
474507	19880
1139118	19881
990249	19882
533210	19883
330308	19884
82277	19885
978238	19886
1011722	19887
811264	19888
76546	19889
839909	19890
787097	19891
772341	19892
292988	19893
683898	19894
29862	19895
144404	19896
443023	19897
973018	19898
399273	19899
557272	19900
536239	19901
306386	19902
1033110	19903
678902	19904
666648	19905
351291	19906
408611	19907
538561	19908
974293	19909
317984	19910
806610	19911
528093	19912
41312	19913
111518	19914
585510	19915
760691	19916
829824	19917
962926	19918
146592	19919
14435	19920
202126	19921
724947	19922
16479	19923
136995	19924
525094	19925
1132988	19926
736063	19927
530303	19928
324635	19929
1116393	19930
867022	19931
143414	19932
158000	19933
413156	19934
735317	19935
358009	19936
412884	19937
1020269	19938
982943	19939
183833	19940
479043	19941
355227	19942
874161	19943
1078258	19944
972438	19945
1019163	19946
885507	19947
579399	19948
1091399	19949
678848	19950
128743	19951
1094737	19952
247909	19953
312877	19954
833743	19955
188529	19956
469466	19957
99632	19958
46858	19959
745151	19960
61449	19961
954106	19962
603244	19963
620618	19964
1102123	19965
879443	19966
114947	19967
42176	19968
746818	19969
762142	19970
652619	19971
1019254	19972
1087416	19973
435378	19974
1025168	19975
116895	19976
869638	19977
796784	19978
632379	19979
959128	19980
922338	19981
5777	19982
979856	19983
5106	19984
382720	19985
614276	19986
509267	19987
604751	19988
386447	19989
1127638	19990
275765	19991
372477	19992
922947	19993
22080	19994
977797	19995
1109763	19996
415720	19997
837100	19998
247906	19999
251722	20000
52077	20001
600716	20002
287381	20003
84711	20004
836181	20005
535761	20006
572665	20007
287706	20008
734201	20009
354970	20010
804291	20011
350023	20012
774598	20013
422138	20014
70901	20015
324081	20016
121954	20017
384350	20018
406102	20019
390232	20020
625931	20021
464148	20022
728381	20023
185405	20024
288096	20025
961305	20026
498051	20027
198362	20028
2732	20029
100694	20030
17444	20031
1077658	20032
844509	20033
809359	20034
824763	20035
146616	20036
1037884	20037
776129	20038
447876	20039
820057	20040
694716	20041
836097	20042
26638	20043
439495	20044
942614	20045
220050	20046
912619	20047
160451	20048
968214	20049
455696	20050
966422	20051
30881	20052
1120183	20053
568821	20054
236624	20055
546206	20056
552651	20057
797640	20058
225606	20059
852718	20060
710306	20061
787042	20062
129808	20063
408059	20064
855611	20065
644390	20066
809159	20067
640591	20068
77044	20069
279703	20070
729607	20071
408167	20072
525279	20073
938700	20074
638954	20075
5779	20076
1075653	20077
167026	20078
101965	20079
674986	20080
754269	20081
1112168	20082
601416	20083
313020	20084
1047519	20085
1101277	20086
605490	20087
856767	20088
302409	20089
376339	20090
682942	20091
448119	20092
369384	20093
698098	20094
917541	20095
33861	20096
589535	20097
81989	20098
61591	20099
664621	20100
326647	20101
651485	20102
857263	20103
899313	20104
757746	20105
795099	20106
417602	20107
671649	20108
990117	20109
789299	20110
601588	20111
378561	20112
322482	20113
734355	20114
1101048	20115
636442	20116
309273	20117
792078	20118
914994	20119
997941	20120
482301	20121
86708	20122
273119	20123
330459	20124
558044	20125
786384	20126
504442	20127
823082	20128
37044	20129
1112764	20130
934081	20131
1007880	20132
1102785	20133
495045	20134
123003	20135
430247	20136
1114321	20137
150959	20138
751060	20139
344551	20140
67169	20141
1106047	20142
6307	20143
252103	20144
520409	20145
382028	20146
478266	20147
540418	20148
922057	20149
549153	20150
327641	20151
233642	20152
514730	20153
853531	20154
403806	20155
95424	20156
333557	20157
566193	20158
209307	20159
302879	20160
291057	20161
310866	20162
538000	20163
197597	20164
841917	20165
117893	20166
508417	20167
165132	20168
196	20169
557048	20170
815289	20171
705043	20172
1091625	20173
481559	20174
1063777	20175
829587	20176
483249	20177
1067033	20178
37934	20179
945643	20180
124396	20181
509356	20182
930121	20183
69017	20184
707387	20185
892941	20186
798573	20187
61695	20188
361788	20189
415096	20190
925178	20191
105605	20192
518327	20193
492025	20194
451633	20195
948904	20196
783504	20197
158512	20198
893433	20199
221645	20200
507193	20201
799952	20202
425290	20203
295924	20204
215007	20205
927265	20206
998132	20207
395289	20208
564625	20209
68727	20210
919316	20211
1036751	20212
1101142	20213
974872	20214
51966	20215
557899	20216
893706	20217
239243	20218
743262	20219
960628	20220
154574	20221
232656	20222
848467	20223
100683	20224
988986	20225
357132	20226
229162	20227
702966	20228
1014515	20229
468809	20230
585615	20231
849961	20232
127096	20233
96612	20234
904057	20235
963256	20236
826594	20237
1128858	20238
602142	20239
14332	20240
560234	20241
41147	20242
509450	20243
1114531	20244
288437	20245
1113534	20246
791800	20247
106985	20248
579104	20249
951379	20250
749535	20251
984658	20252
422225	20253
1091802	20254
114352	20255
1113986	20256
267447	20257
1065385	20258
445541	20259
46714	20260
812274	20261
21901	20262
507586	20263
1003882	20264
711251	20265
302478	20266
1053485	20267
512799	20268
630030	20269
997707	20270
1097439	20271
434424	20272
105543	20273
1141541	20274
156349	20275
540322	20276
268003	20277
583074	20278
484559	20279
817650	20280
547080	20281
504129	20282
540518	20283
220798	20284
228074	20285
72284	20286
180275	20287
341140	20288
771886	20289
334739	20290
921443	20291
488822	20292
35048	20293
733536	20294
921988	20295
478152	20296
132178	20297
26636	20298
675669	20299
207584	20300
941820	20301
674240	20302
627234	20303
455123	20304
967640	20305
479346	20306
809514	20307
437027	20308
979882	20309
981339	20310
670924	20311
98185	20312
822102	20313
674430	20314
682970	20315
137578	20316
21954	20317
153338	20318
925077	20319
274903	20320
867779	20321
391633	20322
800874	20323
981872	20324
688319	20325
470011	20326
967615	20327
601158	20328
347688	20329
617213	20330
386752	20331
369676	20332
32619	20333
468054	20334
1059618	20335
753796	20336
599171	20337
558909	20338
1034016	20339
496392	20340
35089	20341
513707	20342
609808	20343
1062361	20344
441344	20345
846941	20346
1094051	20347
613388	20348
506022	20349
212511	20350
1617	20351
1104170	20352
1132207	20353
962029	20354
763513	20355
600461	20356
520682	20357
637883	20358
432252	20359
466737	20360
438445	20361
531311	20362
648556	20363
1132577	20364
171355	20365
1003164	20366
111506	20367
999537	20368
246558	20369
837052	20370
16060	20371
1141708	20372
770811	20373
660283	20374
673570	20375
272692	20376
353730	20377
752844	20378
472704	20379
154578	20380
834259	20381
395205	20382
525066	20383
216721	20384
39191	20385
180957	20386
1093971	20387
105012	20388
556154	20389
515091	20390
740096	20391
623523	20392
429591	20393
670007	20394
240240	20395
1014122	20396
1115577	20397
1010142	20398
632431	20399
174419	20400
770825	20401
463432	20402
815953	20403
133525	20404
475574	20405
1031346	20406
959323	20407
1009235	20408
311743	20409
701326	20410
925408	20411
775585	20412
231431	20413
387823	20414
736399	20415
243591	20416
1031110	20417
955689	20418
522891	20419
340102	20420
514745	20421
765072	20422
605615	20423
683020	20424
38439	20425
1036437	20426
490572	20427
833547	20428
266186	20429
842639	20430
762226	20431
885778	20432
674186	20433
313272	20434
742095	20435
961564	20436
409816	20437
30929	20438
966432	20439
147892	20440
623098	20441
236592	20442
705185	20443
1032021	20444
615183	20445
168954	20446
677499	20447
64168	20448
768236	20449
350253	20450
677426	20451
876823	20452
891709	20453
258813	20454
622094	20455
98985	20456
1017227	20457
433802	20458
1118954	20459
827159	20460
272874	20461
640523	20462
181218	20463
831076	20464
624130	20465
229996	20466
683035	20467
25899	20468
737470	20469
826728	20470
611913	20471
1141377	20472
171531	20473
119902	20474
441116	20475
299318	20476
453540	20477
472991	20478
618049	20479
349960	20480
200173	20481
223048	20482
353072	20483
813494	20484
144517	20485
887847	20486
454114	20487
962027	20488
207664	20489
540144	20490
916073	20491
272192	20492
512006	20493
855331	20494
875160	20495
999917	20496
293234	20497
550006	20498
542827	20499
970261	20500
731401	20501
760949	20502
1081697	20503
1242	20504
421333	20505
197484	20506
45723	20507
714408	20508
384625	20509
231176	20510
93579	20511
818622	20512
1084089	20513
77672	20514
916643	20515
437173	20516
173578	20517
167709	20518
186860	20519
306297	20520
180419	20521
318662	20522
493027	20523
985362	20524
44755	20525
82445	20526
629845	20527
176604	20528
957931	20529
109955	20530
762273	20531
847151	20532
428161	20533
997005	20534
102110	20535
616161	20536
707371	20537
199371	20538
1082915	20539
743524	20540
72596	20541
57458	20542
32341	20543
72030	20544
179473	20545
148151	20546
687988	20547
488731	20548
324031	20549
630342	20550
869232	20551
917892	20552
901602	20553
980632	20554
417228	20555
569908	20556
1108693	20557
925320	20558
101344	20559
885696	20560
470379	20561
655406	20562
91819	20563
400435	20564
94715	20565
598822	20566
412081	20567
199669	20568
1022633	20569
709781	20570
706333	20571
350771	20572
250966	20573
510271	20574
