all_avg_price	first_seven_avg_price	last_three_avg_price
134.21	155.32	56.83
180.52	167.39	192.45
172.86	206.88	118.44
130.29	159.25	91.67
196.5	261.67	131.33
188.78	173.78	281.3
89.03	85.34	105.3
136.53	126.62	176.17
86.95	58.35	128.25
201.33	181.67	211.17
351.7	404.67	272.25
196.23	83.7	365.03
64.15	58.64	78.33
651.98	781.78	219.33
49.93	53.13	46.27
3860.01	4248.1	2437.0
206.74	224.62	155.11
120.45	131.33	85.98
575.52	873.87	120.88
93.72	98.84	70.67
271.0	286.3	240.4
174.03	131.94	223.13
900.21	1064.91	296.33
109.61	80.83	148.0
293.22	236.79	352.78
256.15	230.75	294.25
194.55	159.03	336.67
204.92	150.53	354.5
479.11	266.0	905.33
220.65	227.83	203.4
78.08	80.84	73.18
214.12	211.49	217.8
291.91	237.09	415.25
146.79	89.0	190.12
240.0	223.82	284.5
189.54	177.3	230.33
148.52	33.45	214.27
168.88	193.27	158.43
79.39	77.73	84.97
235.45	261.88	163.71
83.44	79.97	92.67
108.07	106.24	123.33
1497.76	1254.19	1996.48
144.0	163.35	79.49
150.44	148.58	156.5
463.0	451.33	474.67
478.94	286.4	719.62
53.56	63.45	45.65
269.47	280.06	239.47
53.92	37.34	92.6
779.62	366.53	1493.14
283.36	296.29	191.0
1139.18	285.8	5771.8
862.67	863.14	861.14
292.09	292.25	291.67
114.57	129.75	94.33
2062.8	2341.08	1033.16
1001.79	1221.39	167.31
263.61	282.25	226.33
459.17	524.67	328.17
290.73	302.74	263.29
504.88	304.33	625.2
263.37	262.89	268.33
368.9	223.93	683.0
510.14	333.25	746.0
76.0	69.33	82.67
268.39	211.84	400.33
883.13	833.41	1145.93
121.46	123.92	117.08
234.17	229.87	251.36
240.96	247.14	227.22
85.93	61.27	108.83
655.17	1165.33	145.0
98.48	110.0	81.2
196.09	272.23	94.57
306.51	284.24	327.47
72.12	73.6	64.47
220.27	208.43	241.0
89.18	87.73	104.13
3626.0	1683.86	4861.91
416.45	129.24	1182.33
320.27	466.65	137.29
186.14	214.76	114.58
279.44	81.4	626.0
189.68	78.25	273.25
202.43	358.33	85.5
155.5	95.33	215.67
211.39	215.7	191.6
121.66	119.25	124.08
136.6	159.86	82.33
693.89	603.33	875.0
1473.89	1291.17	1839.33
101.97	125.5	70.6
256.08	302.25	163.75
267.12	243.5	290.75
389.12	541.4	135.33
313.82	321.0	309.71
1719.16	2651.44	520.5
365.0	397.83	315.75
153.4	184.61	44.17
88.81	41.44	171.7
97.4	98.75	90.05
349.09	324.75	414.0
724.83	611.41	1084.0
176.27	242.3	136.65
437.88	168.76	706.99
201.99	239.33	157.18
175.29	173.83	176.94
425.55	1069.0	184.25
50.2	38.51	71.91
101.89	97.73	116.88
191.3	206.86	155.0
568.27	656.0	217.33
64.41	69.62	29.67
579.0	666.75	491.25
202.69	136.2	291.33
83.52	87.95	72.45
113.83	103.33	124.33
52.99	56.07	44.68
199.76	215.01	136.45
390.46	416.58	334.98
107.68	122.79	81.99
99.96	39.24	221.4
120.79	96.02	163.26
61.0	29.89	102.47
208.72	207.78	209.83
896.25	1265.33	674.8
708.51	778.04	430.4
374.13	380.95	351.98
306.71	253.0	378.33
542.12	606.4	434.98
240.56	294.76	159.27
290.55	300.08	197.1
719.22	486.5	905.4
267.57	288.25	240.0
203.14	168.12	249.83
278.21	195.85	406.33
220.03	299.71	140.34
93.29	102.27	75.33
129.3	151.72	105.27
114.52	116.36	104.89
161.2	152.43	181.67
369.91	535.43	138.18
105.99	116.66	50.0
1013.3	1035.33	991.27
483.55	144.13	915.54
52.16	60.75	33.77
612.6	751.0	533.51
181.2	234.46	136.82
136.25	114.06	225.0
269.44	372.4	140.75
577.5	356.75	1166.17
366.48	420.82	185.33
192.02	174.74	254.2
407.11	372.07	529.75
165.8	189.67	141.93
286.85	265.04	319.56
109.57	105.27	125.33
277.12	282.2	268.67
430.36	457.46	365.0
264.38	267.84	259.1
69.01	77.08	20.6
845.0	825.3	884.4
161.93	216.92	67.66
152.41	148.19	163.67
68.64	59.64	79.13
245.35	242.4	249.57
167.3	84.16	271.22
284.97	86.22	788.49
271.97	252.5	297.93
376.62	453.8	248.0
514.11	608.17	326.0
52.47	29.68	113.27
311.07	308.8	319.75
66.03	92.7	39.36
307.04	315.5	245.0
379.78	600.88	180.79
468.19	528.15	208.33
278.19	282.8	268.5
326.46	291.56	405.0
151.59	117.09	214.83
149.49	119.9	258.0
72.72	42.19	103.24
249.18	284.5	155.0
271.06	229.75	326.15
382.34	336.45	468.0
556.31	567.69	507.0
208.0	304.86	111.14
376.46	352.44	430.5
182.74	155.18	228.67
201.39	265.66	30.0
5276.37	4875.69	7413.33
204.44	218.0	177.33
473.59	406.41	574.35
275.07	277.85	267.67
552.43	859.75	142.67
87.97	86.93	88.75
202.43	146.0	277.67
287.41	287.91	285.0
245.4	253.29	221.74
205.67	226.25	193.91
377.69	327.88	477.33
1396.78	1430.2	1355.0
542.87	750.47	127.67
385.66	191.22	597.78
449.69	365.56	639.0
128.96	152.6	100.6
233.91	280.69	171.53
624.46	650.0	496.75
225.88	208.66	255.41
617.85	802.14	187.83
355.96	368.4	273.0
502.2	632.38	111.67
83.76	58.46	121.69
216.03	251.69	123.3
112.55	73.01	166.47
210.21	322.0	66.48
64.18	41.12	93.0
414.52	374.49	473.11
175.75	193.38	118.45
105.91	105.01	107.7
191.41	152.56	300.2
70.06	82.69	40.6
105.27	103.99	111.67
227.56	226.15	231.58
271.83	402.67	141.0
1152.21	1240.79	620.75
211.27	227.62	167.67
180.59	172.58	190.2
444.8	457.0	425.28
2436.2	3175.67	1327.0
270.5	225.8	345.0
536.71	610.33	481.5
2745.5	2411.94	3113.58
185.24	143.56	289.45
56.8	80.33	33.27
79.13	65.28	100.52
81.13	42.97	163.82
517.92	423.93	637.55
166.56	136.22	207.0
140.19	156.75	123.62
101.06	108.35	66.45
361.69	215.38	508.0
179.63	195.4	159.92
125.9	109.42	179.47
153.73	159.09	113.86
92.2	76.15	124.3
43.24	29.26	75.87
374.5	384.75	354.0
72.59	75.67	61.83
241.89	308.15	142.5
142.71	144.42	141.51
1713.59	2124.24	317.4
282.87	278.2	287.54
201.29	205.82	186.17
98.09	110.2	77.9
288.27	259.5	322.8
34.71	33.36	36.4
228.39	240.06	195.33
162.0	65.0	258.99
170.11	172.3	157.4
189.57	202.57	76.93
138.65	191.67	85.63
291.1	249.29	345.78
327.47	304.61	385.89
166.35	144.98	192.0
169.88	197.16	142.6
182.09	188.69	140.33
269.43	313.73	199.83
185.72	162.54	263.0
228.96	243.33	113.97
49.86	57.55	8.83
231.69	222.57	270.0
126.34	129.75	121.22
250.67	159.0	449.29
203.29	137.67	252.5
35.36	14.45	52.08
409.09	518.76	226.3
310.67	206.0	415.33
653.47	783.25	134.33
2248.43	2585.75	1798.67
52.99	67.09	22.77
155.11	151.33	162.67
137.9	191.67	114.86
279.35	299.09	230.0
188.28	180.71	208.12
53.55	58.3	41.69
185.73	172.3	263.6
167.83	120.32	215.34
207.49	207.23	209.2
124.63	208.67	40.59
456.09	651.76	215.26
474.47	457.22	507.25
257.76	185.69	365.87
307.57	305.25	312.2
1878.29	1646.41	2728.5
1256.53	1772.77	445.29
189.82	215.16	150.0
15862.42	21367.06	449.4
80.22	78.14	98.27
2311.54	2739.4	885.33
85.5	78.0	93.0
304.45	328.0	241.67
514.94	665.8	263.5
174.44	133.55	210.79
371.88	493.09	105.2
132.33	124.32	156.33
513.92	466.75	608.25
257.12	245.68	273.85
593.12	1067.64	118.61
256.86	230.75	291.67
152.7	150.01	158.75
93.52	108.64	80.73
267.85	267.42	268.7
2957.78	3017.0	2878.81
410.42	490.02	171.63
108.62	124.33	92.91
253.12	152.0	421.67
87.96	94.46	71.05
120.78	123.06	114.4
119.01	109.77	180.67
289.94	295.16	260.33
389.0	434.88	297.25
144.18	158.13	111.22
245.45	249.92	230.53
378.11	471.08	192.17
101.45	113.85	47.24
324.18	344.73	206.0
66.03	58.97	77.5
149.8	162.14	121.0
312.14	292.75	338.0
315.48	390.74	197.68
133.21	139.98	125.6
498.45	493.53	512.0
175.72	192.17	155.98
120.35	135.2	86.92
363.52	445.92	332.62
34.86	55.57	5.86
495.33	231.33	759.33
246.7	336.67	208.14
46.92	43.15	76.12
96.03	108.07	74.36
130.95	129.59	142.86
109.91	75.83	144.0
515.21	621.62	373.33
413.61	499.0	271.3
245.47	181.99	334.36
329.41	278.38	404.54
85.59	81.94	91.67
180.06	173.43	207.9
1297.81	1022.37	2045.43
290.7	297.9	272.98
119.11	103.6	138.5
209.63	204.72	234.2
87.73	74.78	105.0
127.02	211.83	42.2
329.56	329.17	330.33
281.74	278.58	289.43
641.68	718.71	237.25
173.38	115.3	260.5
386.86	349.28	527.75
123.12	87.3	230.6
236.5	225.8	244.14
1047.03	1593.06	282.6
78.0	83.5	70.67
259.6	358.4	160.8
140.51	137.35	156.33
693.65	941.36	115.67
698.32	594.09	929.12
274.24	287.07	252.87
229.75	77.25	382.25
134.43	126.03	156.02
86.59	65.35	140.67
1017.33	299.0	1735.67
223.58	248.12	174.47
330.96	358.61	234.21
111.09	88.16	139.75
98.53	104.76	86.05
119.06	131.75	106.38
519.0	130.5	1037.0
340.51	34.33	570.14
203.78	169.88	264.8
228.93	244.73	179.29
93.76	125.78	53.75
225.87	111.67	282.97
226.17	235.67	205.83
315.86	408.25	204.99
185.41	219.12	95.53
131.87	145.8	104.0
331.33	100.19	735.83
134.51	140.78	120.41
101.1	97.97	106.1
702.08	706.66	674.6
302.05	129.79	428.99
147.71	150.65	134.97
209.85	138.96	328.0
196.93	208.25	190.46
83.24	90.11	71.8
148.11	163.29	130.41
495.43	403.87	605.3
214.52	93.33	305.41
67.03	36.87	114.41
356.96	310.76	435.5
124.76	151.66	84.39
550.3	971.04	213.71
266.99	242.65	292.85
36.23	66.97	5.5
186.88	255.0	152.82
274.43	267.1	287.47
301.83	198.87	353.32
120.14	49.0	173.5
232.26	219.83	303.75
321.75	355.46	175.67
289.23	337.3	129.0
188.92	208.96	100.74
53.36	48.68	64.27
64.4	45.88	88.36
207.51	176.41	304.47
289.09	422.5	75.64
167.6	132.0	250.67
364.75	344.38	405.5
152.76	153.81	146.97
112.96	119.74	94.12
208.58	205.76	215.43
183.67	204.0	163.33
330.36	268.5	495.33
61.65	56.04	89.67
139.09	166.56	75.0
160.2	154.8	193.95
480.93	567.78	415.8
44.14	42.17	46.1
194.81	273.93	115.7
770.0	1472.17	243.38
138.92	138.36	139.8
370.88	208.6	641.33
168.08	171.17	165.0
1330.77	1817.86	135.16
277.38	289.8	184.22
415.63	492.8	333.92
149.4	145.32	157.55
268.02	473.12	158.63
172.4	105.5	272.75
1763.38	2026.54	623.0
673.39	701.74	526.92
126.81	127.22	124.87
180.88	193.19	159.53
67.41	65.0	70.63
257.78	345.0	214.17
59.88	67.38	52.38
1239.92	611.8	3607.46
190.56	180.0	195.25
332.31	250.95	397.4
227.05	165.45	391.33
216.63	278.13	109.0
244.31	193.0	269.97
165.12	187.2	128.33
397.66	415.66	379.67
345.15	373.78	202.0
79.96	58.22	145.2
1355.52	1525.0	465.75
209.53	69.45	321.6
199.68	239.47	159.88
902.4	972.91	708.5
58.46	31.81	120.67
109.12	108.0	111.75
112.63	114.37	110.22
218.44	237.39	180.55
157.18	213.62	81.91
829.25	975.14	382.44
236.18	245.25	212.0
130.95	134.65	115.25
189.72	114.2	340.75
122.15	123.06	121.35
203.67	196.6	212.5
2093.87	3056.5	168.6
211.5	119.1	254.99
396.53	399.6	385.0
164.26	25.0	373.15
340.87	323.07	378.09
212.61	146.22	279.0
218.39	141.19	321.33
781.79	819.14	744.43
229.57	318.0	111.67
191.67	199.5	176.0
1490.36	1526.98	1364.2
299.3	350.4	128.97
157.84	161.68	150.16
176.23	179.3	166.0
125.93	101.25	175.3
409.77	401.98	426.59
121.38	93.1	144.0
137.97	40.93	235.0
222.05	186.83	374.67
214.48	220.59	204.1
215.74	220.94	211.36
903.59	1043.14	252.33
2193.38	1792.52	3058.37
172.33	191.94	119.09
255.0	336.0	120.0
155.76	146.33	190.33
35.47	36.14	33.85
184.94	255.13	119.13
76.37	44.45	118.93
220.0	206.5	247.0
150.81	162.99	98.0
148.84	158.54	136.36
1411.62	447.67	1990.0
116.86	65.16	168.57
310.77	141.65	431.57
166.66	246.5	102.78
837.84	576.98	1583.18
377.45	220.59	521.24
193.2	296.6	20.87
139.99	136.84	153.67
652.44	708.82	532.62
1180.44	1592.33	974.5
176.1	164.19	220.75
333.46	330.12	338.8
1593.71	625.67	2319.75
1248.78	417.25	1914.0
267.15	298.83	211.11
176.71	280.33	99.0
923.82	1219.0	136.67
930.88	1003.71	874.22
1359.05	1165.84	1552.25
125.36	140.24	80.72
86.33	77.43	115.39
83.99	80.33	90.39
360.12	327.56	381.83
128.9	136.86	113.0
105.97	112.46	70.27
409.19	366.6	539.8
178.79	185.37	108.06
89.3	65.97	112.63
77.57	100.25	47.33
281.28	243.8	328.12
109.09	109.27	108.4
486.4	434.17	554.3
513.81	466.0	575.29
123.45	151.75	95.15
31.4	35.05	24.1
124.68	104.55	195.13
67.83	62.6	111.78
345.09	384.71	275.75
487.63	527.27	226.0
112.45	111.67	114.22
158.89	156.13	165.33
199.11	193.43	202.73
300.25	262.83	337.67
270.78	311.06	119.75
172.44	172.3	172.53
3929.42	6063.37	195.0
881.2	457.5	1163.67
123.44	126.98	119.08
91.46	102.0	83.94
6222.33	5964.14	7126.0
289.5	257.0	365.33
84.43	89.91	81.94
301.8	339.5	247.94
561.98	1369.33	319.78
268.21	285.13	247.29
660.78	764.0	454.33
90.98	88.59	106.92
484.38	464.0	518.33
109.09	179.17	49.02
202.77	208.82	183.1
11675.08	15600.44	2843.0
13.59	4.09	19.93
136.75	156.75	116.75
142.9	148.65	129.47
103.97	113.45	83.12
183.12	232.32	51.91
251.96	269.15	178.94
514.85	636.45	77.76
572.1	641.9	381.71
138.37	195.65	52.45
107.69	110.6	98.0
1382.62	647.0	2608.67
37.74	42.39	15.29
387.0	627.4	146.6
139.14	137.82	143.6
180.23	237.17	131.43
266.56	277.41	243.67
300.86	311.27	274.83
194.8	190.43	205.0
48.45	40.79	63.98
173.62	125.0	254.67
80.24	83.45	71.67
504.67	635.24	295.76
145.43	134.78	158.75
122.57	132.86	117.02
92.97	95.12	84.37
42.86	46.5	38.0
371.95	416.12	92.24
74.42	68.44	98.33
143.6	112.0	191.0
59.65	62.2	44.4
83.43	95.48	73.1
232.39	240.8	162.33
272.3	179.74	420.4
181.57	145.67	208.5
158.1	156.68	159.99
230.58	235.0	224.18
271.02	289.98	132.0
462.14	642.97	145.68
287.64	303.73	228.67
254.13	300.21	173.5
100.98	126.48	49.97
117.31	100.85	142.0
152.33	181.67	123.0
672.52	912.12	163.38
137.49	130.01	173.4
152.32	71.38	314.2
558.22	661.95	385.33
63.16	69.81	34.33
260.76	308.47	203.52
262.38	244.5	291.0
78.46	94.76	62.16
212.11	179.81	300.18
217.83	192.43	294.0
76.5	40.34	121.7
479.86	146.61	860.71
408.72	357.84	529.56
188.08	127.83	239.71
201.2	117.69	269.53
413.57	474.67	367.75
90.62	102.09	79.16
145.8	131.67	156.4
100.11	96.69	104.67
233.11	204.73	264.07
92.24	114.45	18.2
124.88	103.82	167.0
741.83	963.86	431.0
68.08	65.63	69.3
182.95	178.96	215.53
174.91	153.0	201.2
628.57	411.25	918.33
8602.33	9072.67	8132.0
396.5	238.67	464.14
502.29	416.92	779.75
297.9	299.21	295.29
505.34	522.92	477.7
181.71	184.17	175.8
244.43	105.67	348.5
386.0	390.0	380.67
307.22	466.0	227.83
4068.11	3617.0	4632.0
155.84	216.25	75.3
194.77	193.98	198.25
133.45	106.75	224.2
396.5	462.0	181.29
52.22	53.0	50.98
136.25	143.0	125.0
250.44	253.0	245.33
247.89	145.22	299.23
209.31	200.36	238.69
2433.53	2624.59	2051.43
326.93	449.71	204.14
170.68	178.12	158.76
248.24	245.33	253.33
437.08	200.43	713.17
140.32	133.72	151.33
230.97	198.91	298.76
153.26	201.56	68.75
110.36	121.1	84.29
241.7	242.98	215.17
180.97	193.78	121.17
167.24	175.92	129.6
397.6	68.67	644.3
41.9	58.62	28.52
208.91	193.27	227.41
206.67	289.0	124.33
42.01	31.99	62.05
290.18	276.71	320.5
154.87	171.86	110.27
65.53	67.49	58.99
1183.12	1356.7	141.65
151.91	150.6	152.72
1386.85	2596.79	96.24
54.54	46.7	62.39
1321.92	1587.31	233.8
165.27	128.55	275.45
187.52	207.52	112.5
236.9	259.0	185.33
199.55	230.9	58.47
313.25	379.75	280.0
147.16	135.07	171.33
207.41	166.6	272.7
224.33	230.36	152.0
834.9	199.07	1391.25
264.22	201.41	337.5
160.05	155.67	165.89
147.46	120.06	167.71
1080.82	617.98	2006.5
350.81	408.36	197.33
60.84	32.58	107.93
303.54	302.2	304.38
249.29	275.25	214.67
39.02	43.08	30.92
123.31	130.64	94.0
63.97	71.16	52.0
1824.46	2559.78	170.0
33.81	25.23	50.97
215.88	207.21	228.0
135.3	162.31	54.27
330.78	270.81	476.43
113.32	91.89	241.9
122.37	120.07	126.96
163.92	139.5	245.33
102.71	76.75	137.33
421.46	519.51	284.2
75.8	61.7	82.85
410.04	393.32	473.6
103.11	106.78	85.68
170.71	178.02	107.33
100418.85	149647.94	11806.47
125.58	121.67	129.5
168.49	152.94	220.33
73.86	48.18	99.54
288.71	218.25	382.66
225.27	255.1	191.7
273.6	253.0	304.5
293.34	307.24	237.75
96.67	88.54	112.32
4940.33	3796.46	6942.11
20.47	24.57	8.15
206.06	140.22	304.81
248.67	288.33	209.0
285.12	161.82	356.51
439.8	141.79	924.08
70.37	75.07	56.27
194.86	284.33	127.75
234.28	235.09	228.33
148.16	168.29	112.95
278.79	264.85	296.71
239.46	228.71	318.33
334.92	429.99	232.54
195.58	194.41	198.43
395.29	411.11	366.8
327.96	305.19	355.9
82.95	50.56	136.92
130.38	133.88	124.51
299.63	368.0	265.45
89.23	68.57	158.08
191.15	125.43	285.04
145.25	151.88	129.36
274.94	328.86	247.99
263.91	274.14	216.17
27.08	33.11	10.99
82.4	107.95	56.85
211.11	78.0	377.5
176.64	197.62	120.67
182.25	214.4	128.67
311.67	364.83	253.68
254.58	250.05	279.5
109.38	121.83	72.0
242.86	319.0	185.75
78.89	56.5	141.6
149.57	177.05	80.88
121.47	116.34	142.0
356.94	412.92	211.4
230.28	196.45	248.09
213.29	229.01	99.25
910.01	475.77	1507.08
348.47	307.12	460.35
132.07	142.11	86.9
380.21	379.27	383.75
119.72	130.13	112.78
115.21	58.99	160.18
544.73	106.56	1275.0
49.19	54.19	37.94
252.18	264.5	245.14
447.1	291.5	680.5
51.75	52.41	49.97
432.32	558.2	274.98
608.56	1022.6	91.0
30.0	25.34	32.91
242.45	148.72	398.67
447643.91	615418.12	246.0
257.18	294.82	198.04
127.6	165.04	20.61
188.29	202.67	177.5
789.47	933.82	392.5
3220.15	3239.08	3064.0
142.89	146.14	139.1
82.92	69.75	115.85
252.25	301.41	166.22
237.74	218.43	279.13
73.12	86.26	29.3
2154.76	1697.97	3068.33
87.43	105.25	63.67
129.46	122.8	151.67
207.86	269.93	114.75
214.06	247.86	56.33
50.22	46.76	56.0
815.64	1157.0	218.25
1807.06	2007.08	1407.0
259.56	232.5	281.2
127.1	121.17	136.0
218.47	272.52	114.53
242.64	280.75	191.83
83.83	50.15	151.2
185.31	207.5	158.68
315.02	268.02	390.2
241.29	279.25	190.67
154.07	180.29	123.48
172.82	314.0	102.23
362.89	476.8	220.5
93.43	69.0	125.99
1496.94	232.95	2760.93
210.19	129.88	290.5
1002.21	1106.06	794.5
228.61	124.33	447.6
124.91	114.62	145.5
683.5	812.4	468.67
352.71	488.25	172.0
87.56	75.5	111.67
387.33	462.82	221.85
352.22	304.0	390.8
2030.67	736.46	4834.8
453.69	546.2	145.33
3155.4	4802.75	96.04
177.14	143.5	222.0
124.09	79.97	271.16
94.0	96.2	91.8
176.64	165.36	192.16
338.33	326.23	358.0
135.25	130.12	156.8
178.78	218.83	98.67
265.87	325.88	197.29
418.65	408.67	428.63
154.7	109.33	313.5
247.96	262.43	230.6
227.17	244.21	179.48
309.89	337.0	255.67
198.85	187.18	265.0
151.69	174.74	77.94
65.85	56.58	244.97
577.31	643.25	137.67
149.59	182.0	127.99
419.52	381.9	457.15
652.18	570.67	750.0
230.06	204.59	293.75
171.16	122.0	220.33
235.46	317.44	87.9
98.15	96.19	99.89
65.07	60.47	74.27
284.18	160.17	433.0
267.67	306.44	151.33
620.74	490.16	798.34
228.98	168.83	301.16
127.45	127.79	124.0
77.4	132.33	36.2
2400.9	1553.9	4349.0
168.73	176.38	148.33
640.57	612.0	662.0
685.05	1094.4	173.37
385.61	507.25	331.55
111.83	131.33	92.33
209.89	166.95	281.44
128.26	153.75	94.27
212.85	145.33	263.5
234.54	329.8	175.0
277.99	424.05	106.15
347.49	418.36	258.91
487.83	135.0	840.67
482.82	654.43	182.5
181.73	288.67	101.52
319.5	412.2	165.0
65.36	85.78	31.33
71.41	63.76	96.54
523.98	543.12	485.69
403.07	438.47	261.5
238.0	247.75	212.0
486.87	445.99	616.33
188.72	137.46	308.33
202.62	239.2	141.67
141.37	121.92	190.0
74.82	71.22	81.56
154.64	188.0	137.96
124.68	141.13	95.9
340.62	373.08	243.22
318.73	368.0	269.45
206.06	188.87	241.4
132.69	144.12	96.12
33.17	42.23	13.53
183.59	219.08	112.62
105.56	133.75	67.97
421.0	439.08	348.67
254.88	227.33	271.4
404.62	498.92	251.38
123.51	121.93	125.31
343.11	330.67	368.0
218.64	290.4	128.95
249.31	192.0	375.4
131.94	124.33	157.8
271.19	165.78	376.6
323.09	100.0	450.57
97.55	92.83	128.97
164.5	209.89	82.81
467.63	513.75	273.9
221.19	219.68	224.86
218.9	217.86	221.33
92.46	93.46	89.46
244.08	286.5	159.25
4297.59	4453.51	3892.2
1114.78	440.32	4318.5
299.44	362.0	174.33
439.14	446.81	418.67
166.89	166.33	167.9
315.17	263.29	387.8
50.56	54.98	44.67
438.53	227.5	1282.67
167.17	173.93	136.23
163.04	168.44	118.0
219.77	99.15	461.0
773.52	801.28	686.75
440.48	255.58	895.62
269.02	325.05	222.33
147.19	161.56	75.33
215.67	213.83	219.33
245.04	242.81	248.0
128.13	71.09	204.18
3268.32	1281.36	6000.38
160.44	166.97	149.0
265.81	222.53	395.67
226.93	198.5	259.43
279.3	500.2	46.77
148.84	120.63	170.0
85.88	103.4	56.67
129.11	134.67	124.1
353.85	423.43	191.5
160.13	135.0	188.86
42.11	46.18	10.2
21.66	12.39	30.93
692.64	413.67	1027.4
42.21	35.22	56.19
340.11	283.42	413.0
186.26	193.88	181.36
15199.67	22703.5	192.0
232.8	212.17	263.75
225.31	201.22	262.55
214.46	202.54	245.75
280.75	278.57	283.8
803.6	1125.61	52.23
283.07	372.5	166.8
127.21	111.5	158.63
357.69	373.2	306.0
104.58	150.28	66.5
615.21	753.59	379.98
241.0	197.33	284.67
92.12	90.69	96.21
443.33	451.96	393.75
99.96	106.64	71.59
2366.86	3014.71	1071.14
243.01	252.71	146.0
149.93	171.05	70.75
197.21	150.86	317.72
771.6	1084.61	279.71
311.62	361.59	141.71
721.64	800.62	511.0
57.29	67.28	33.45
227.23	251.56	172.5
293.21	407.81	25.82
13.28	12.11	19.53
316.68	102.96	380.79
104.4	104.5	104.33
437.98	228.9	751.6
262.12	289.51	92.28
615.33	791.33	439.33
112.89	108.33	140.25
118.86	136.25	95.67
214.07	275.25	132.5
146.14	59.63	319.16
188.95	233.33	144.57
249.0	167.4	385.0
131.59	102.25	152.55
95.18	87.28	109.0
170.52	199.67	104.95
842.92	524.0	1353.2
208.45	222.94	143.25
298.29	262.75	345.67
168.69	282.0	103.94
374.38	458.56	185.0
123.24	132.75	104.22
132.29	144.15	98.67
317.98	691.93	93.6
961.59	1396.88	91.0
465.63	223.84	888.75
555.37	655.07	306.12
40.13	30.92	51.65
64.51	70.98	50.6
86.68	82.59	94.35
354.43	406.35	153.24
110.17	143.33	77.0
84.2	61.47	129.67
237.87	159.99	284.6
186.86	200.22	173.5
87.67	52.2	135.55
94.72	89.25	119.02
537.38	420.8	731.67
229.41	226.75	234.72
295.27	214.29	333.07
166.52	168.07	163.43
231.59	219.29	241.17
307.75	386.36	45.71
299.77	287.33	327.75
320.12	142.0	498.25
164.62	185.64	118.4
535.25	697.0	265.67
269.06	270.14	265.25
79.71	92.74	58.0
336.45	368.54	196.07
269.67	278.08	247.8
143.83	169.63	105.12
1624.24	2184.33	280.0
214.0	290.5	112.0
200.57	150.97	243.98
125.69	132.43	83.0
180.27	162.66	237.51
118.17	101.81	161.8
207.12	256.51	120.69
402.67	416.4	385.5
511.22	558.99	357.27
1762.32	2244.21	477.27
214.54	166.09	335.65
356.35	382.66	236.07
147.93	163.99	119.39
257.82	323.64	137.17
455.0	216.57	788.8
142.57	76.0	192.5
237.91	267.65	188.33
168.8	157.35	181.38
182.87	198.35	125.04
142.53	83.91	174.5
180.83	153.67	208.0
197.52	207.89	161.25
301.58	236.0	367.17
91.71	98.1	62.97
289.94	348.92	172.0
277.79	305.94	247.88
372.55	230.67	478.97
621.96	646.4	577.14
179.68	282.0	77.36
276.75	378.67	215.6
65.51	68.94	41.46
620.4	702.0	457.2
121.99	97.61	187.0
166.5	155.83	182.5
685.67	646.0	804.67
401.92	331.47	507.6
606.16	647.55	344.0
130.03	113.45	144.39
350.19	366.19	299.0
162.91	213.33	102.4
308.56	321.67	282.33
128.59	128.48	128.75
128.26	165.28	32.01
141.1	154.9	90.5
289.73	314.86	245.75
237.48	255.61	164.96
116.83	151.67	82.0
84.97	94.69	49.33
794.71	1126.25	352.67
484.71	727.0	161.67
1150.65	1128.46	1191.86
390.54	372.74	458.2
75.54	92.83	40.96
1976.07	2266.91	1176.25
261.57	226.75	308.0
107.38	58.18	189.37
210.22	239.5	151.67
282.56	286.87	242.33
290.14	188.67	366.25
220.21	223.0	216.5
249.86	133.0	337.5
203.12	231.55	117.8
274.4	292.5	202.0
71.17	56.33	86.0
76.06	59.69	95.7
48.64	35.12	66.67
203.03	180.2	262.4
1137.59	936.54	1472.67
262.46	307.92	189.02
140.05	117.75	169.78
485.25	417.2	598.67
196.87	186.6	214.0
356.81	278.25	592.5
116.49	103.86	140.33
1279.0	792.5	4198.0
631.91	622.9	695.0
223.87	231.79	210.35
701.2	913.9	275.8
192.31	192.58	191.97
305.91	282.29	347.25
229.97	261.11	175.47
112.25	106.71	124.13
395.68	385.75	448.67
341.07	434.8	228.6
246.94	240.4	249.67
300.21	237.06	426.5
177.97	214.79	42.97
292.42	282.67	302.17
83.5	99.38	46.45
257.57	268.62	233.65
108.84	116.97	78.35
104.42	97.66	149.0
102.49	106.85	52.3
208.02	244.33	139.94
313.82	336.58	259.2
309.87	376.1	177.4
144.62	173.31	51.38
184.2	158.75	204.56
221.44	222.07	218.33
81.7	88.31	63.2
1913.8	2307.01	439.25
263.57	296.68	167.55
62.89	58.66	76.06
159.8	167.76	124.0
33.48	28.81	42.8
250.42	214.39	364.5
631.79	646.46	461.6
613.65	671.77	424.75
222.82	214.75	241.67
196.65	205.2	168.17
68.59	56.95	88.0
90.55	176.5	4.59
335.0	544.0	126.0
167.27	123.21	238.88
269.02	319.32	143.25
317.94	264.99	441.5
271.77	334.86	198.17
256.62	240.18	292.8
588.08	1001.4	292.86
391.3	494.75	322.33
95.11	102.75	64.58
193.58	127.69	347.33
310.7	306.2	324.2
158.32	207.4	123.26
330.91	384.38	188.33
247.59	273.0	196.76
248.42	264.9	198.95
173.06	165.38	185.0
463.25	551.3	316.5
290.91	389.45	126.67
120.0	134.33	105.67
37.39	46.29	19.59
153.04	166.82	136.85
375.7	366.0	410.6
391.7	375.42	437.83
320.25	405.02	184.6
206.84	217.4	171.67
239.86	278.5	188.33
537.06	547.97	502.36
290.75	316.2	248.33
342.78	500.33	160.98
327.88	343.91	267.0
156.56	149.0	171.67
87.41	98.22	71.2
651.22	802.17	349.33
144.89	156.85	85.07
432.36	596.71	70.81
125.75	109.0	153.67
152.62	128.93	158.54
438.55	356.1	521.0
201.18	25.19	377.17
655.73	741.57	505.5
93.09	103.24	77.14
62.5	57.94	82.27
269.81	275.61	250.95
287.54	263.78	341.0
368.71	362.84	401.99
117.37	134.9	107.15
319.5	321.41	310.3
499.83	188.33	811.33
384.41	379.53	401.0
166.58	184.18	123.86
198.33	168.09	311.75
386.81	416.04	284.5
332.65	316.38	362.86
71.11	79.42	59.6
339.15	335.71	343.17
292.91	269.9	340.38
137.1	164.97	99.93
131.0	161.0	108.5
506.78	435.17	650.0
931.99	176.0	1498.97
127.84	168.78	67.8
225.15	120.08	505.33
199.73	240.0	78.93
497.5	381.14	613.86
360.56	701.3	105.0
97.81	123.85	50.93
179.07	172.7	205.8
557.0	298.0	988.67
67.64	61.24	76.6
187.73	225.42	74.66
338.74	367.19	243.88
178.27	174.41	208.4
215.4	208.03	259.06
191.78	168.39	251.55
107.34	123.02	23.67
147.79	145.23	153.33
1020.06	141.1	2485.0
112.66	145.29	53.92
756.65	767.44	717.8
289.91	258.1	385.33
165.9	142.22	190.98
84.02	93.22	65.63
92.22	77.8	106.63
265.64	283.46	207.72
259.26	136.3	434.93
173.74	162.73	197.81
41.98	28.3	55.67
87.25	68.33	98.6
177.12	190.6	154.67
525.67	926.0	125.33
1586.52	745.31	3509.29
169.56	180.8	155.5
63.29	58.93	81.16
576.45	854.5	391.09
2768.11	340.12	6652.89
199.9	172.77	238.45
440.99	157.21	1765.33
139.78	135.33	142.0
259.47	173.27	345.67
208.52	224.02	163.97
91.43	85.39	131.67
206.22	212.96	195.0
146.77	144.44	172.33
62.12	48.68	73.32
427.78	462.5	400.0
147.39	170.73	54.0
111.44	218.33	58.0
109.33	60.67	158.0
103.44	117.85	90.62
553.12	640.08	270.5
383.05	373.14	406.57
549.1	584.87	398.11
679.43	690.04	591.0
218.23	169.14	306.59
222.86	177.25	283.67
120.79	119.4	126.0
190.35	328.33	52.37
106.08	108.84	101.25
73.87	47.38	83.5
114.05	118.91	103.36
573.33	211.76	774.2
294.54	350.18	189.44
133.89	137.22	129.14
607.75	866.0	177.33
437.33	451.0	420.25
772.62	418.75	1126.5
714.0	481.4	1004.75
257.4	234.68	329.33
972.08	1184.67	493.75
188.86	135.0	219.64
836.24	854.53	772.25
131.41	134.54	113.67
295.17	352.67	180.17
328.6	410.5	164.81
106.98	102.97	120.42
70.66	77.83	55.55
188.02	178.34	249.33
338.0	298.57	430.0
155.11	127.6	170.4
212.25	256.6	138.33
416.32	360.12	566.17
153.17	150.2	160.6
162.83	166.51	141.33
197.56	199.73	186.0
66.17	56.32	77.42
217.5	222.0	204.0
129.73	127.85	135.0
275.29	284.67	268.25
284.27	293.88	258.67
302.43	219.38	523.92
315.38	366.86	195.27
278.89	344.5	226.4
268.8	327.43	132.0
2988.87	2818.64	3457.0
244.91	343.0	208.12
431.22	492.74	267.17
348.32	443.0	158.97
222.43	238.06	156.0
205.68	226.68	135.67
77.4	126.75	11.6
144.53	136.76	170.47
1153.1	1978.2	328.0
99.07	74.62	131.67
348.06	199.29	1042.33
77.35	96.85	55.06
151.68	146.68	195.0
1044.35	1537.71	272.13
33.43	36.38	29.75
62.54	41.27	78.5
578.31	688.33	330.75
182.08	192.91	163.11
128.87	76.56	194.25
87.13	100.45	51.6
171.36	211.97	130.75
226.91	240.43	203.25
176.8	154.86	228.0
740.97	901.12	668.17
261.0	261.55	259.5
408.62	468.6	308.67
262.47	303.03	59.63
643.11	715.98	521.67
160.97	137.41	268.71
385.92	252.44	1898.67
478.24	604.73	26.5
254.88	295.5	112.69
294.89	358.43	183.7
216.15	316.0	144.83
535.73	630.19	315.33
208.4	232.53	136.0
342.11	464.62	253.0
2908.79	4736.27	1766.62
369.25	373.89	355.33
34.54	32.88	45.63
145.44	135.5	165.33
95.67	55.33	136.0
269.12	330.25	208.0
645.52	743.17	59.67
191.12	193.67	184.75
226.67	258.67	194.67
249.6	304.43	121.67
300.83	519.0	82.67
3517.71	4770.58	2264.83
157.62	98.72	231.25
61.78	50.91	81.36
289.92	255.21	352.4
394.62	506.75	282.5
435.25	442.25	414.25
363.3	228.56	578.88
372.99	451.0	138.95
81.88	59.17	115.95
66.09	102.98	10.75
221.17	80.0	362.33
409.8	439.82	327.25
83.52	34.2	157.5
289.28	285.69	300.95
64.31	31.29	97.33
23.97	24.17	23.72
145.75	159.4	123.0
368.47	502.34	234.6
125.38	112.0	147.67
106.97	115.09	82.63
142.18	252.47	31.9
309.23	345.48	233.1
463.78	278.29	896.6
164.98	188.57	105.98
282.0	328.4	166.0
598.55	527.94	651.5
277.15	234.45	386.25
655.38	1233.25	77.5
341.71	327.57	384.14
94.24	115.38	48.43
189.3	181.83	200.5
315.83	132.19	683.12
196.25	190.9	200.07
418.75	272.8	662.0
202.5	225.44	133.67
127.62	141.09	92.97
401.43	338.0	486.0
143.62	169.8	129.08
122.26	93.24	238.33
215.34	215.88	214.87
133.68	135.93	127.67
763.75	588.78	988.71
136.25	80.5	192.0
355.41	191.9	573.43
271.6	259.63	292.71
91.67	82.97	99.14
405.71	450.11	355.75
184.83	153.54	278.67
374.57	219.0	491.25
475.56	508.17	410.33
58.67	71.4	42.75
1115.12	1955.62	368.0
49.91	14.61	120.5
157.62	232.0	83.25
128.57	119.0	141.33
220.49	326.32	8.82
168.85	235.4	57.93
450.14	566.75	294.67
446.86	565.5	288.67
226.37	228.85	222.4
45.29	36.89	73.87
159.67	168.17	151.17
243.22	121.25	340.8
396.57	229.22	731.25
148.99	158.99	105.67
218.0	151.94	272.05
755.17	586.09	1053.53
233.76	184.99	343.5
171.11	178.56	134.64
982.62	1020.16	704.8
78.53	80.64	69.51
356.8	337.8	375.8
1065.17	1132.44	863.33
150.93	95.33	178.73
271.72	270.53	277.67
350.54	376.1	265.33
618.9	785.75	173.97
135.27	121.7	169.81
207.31	180.16	244.62
33.98	25.57	53.59
80.13	84.33	66.13
19.79	34.2	5.38
103.03	92.8	155.33
303.12	336.0	248.33
110.78	108.23	118.12
167.01	204.97	107.96
95.09	66.97	151.33
178.91	237.33	157.0
1520.71	1611.5	1399.67
2904.75	3024.0	2666.25
619.22	548.92	759.83
70.98	87.17	38.6
192.88	225.15	160.6
288.14	365.25	185.33
672.14	630.36	776.6
209.06	235.92	155.33
396.14	457.25	314.67
383.18	281.99	484.38
71.5	90.8	39.33
347.99	439.06	151.83
179.43	161.79	200.99
180.1	153.33	220.25
2854.29	4516.5	638.0
223.03	145.38	378.33
141.04	152.58	109.71
135.66	106.84	164.48
452.82	566.44	111.97
142.02	132.0	146.03
156.85	161.62	138.97
250.25	206.12	338.5
77.48	104.33	50.63
56.31	39.41	113.8
335.6	328.57	352.0
157.28	163.32	131.3
116.2	95.5	128.62
175.42	167.13	213.56
306.15	249.44	433.75
76.69	80.13	60.18
315.68	332.89	215.33
278.56	282.58	272.41
255.0	209.6	330.67
141.82	82.3	201.33
508.53	360.2	632.13
103.85	133.6	54.27
101.98	106.5	95.96
97.01	101.07	75.57
200.35	199.04	202.2
293.3	213.29	382.92
140.49	164.77	67.67
101.02	101.82	100.43
207.24	134.98	258.86
879.67	396.0	1363.33
58.58	64.87	38.12
1732.27	2260.59	910.44
442.92	328.04	864.17
68.55	68.41	69.02
239.91	233.5	248.47
243.79	139.76	360.81
189.64	238.86	103.5
149.35	109.52	401.66
122.1	139.64	92.87
102.82	80.94	132.0
99.39	74.93	117.72
137.4	141.27	129.42
244.94	220.67	317.75
150.76	135.38	175.75
123.43	119.0	134.5
170.94	65.42	339.76
214.39	257.69	127.8
218.33	196.33	274.55
554.3	194.67	708.43
151.29	141.75	164.0
134.0	128.0	138.5
144.25	145.88	141.0
211.19	197.14	306.0
258.4	263.38	252.71
92.86	69.78	131.33
153.82	159.54	136.66
292.43	282.11	351.75
52.42	43.8	97.7
194.99	190.75	215.08
93.6	93.42	94.83
333.85	264.74	414.99
135.71	147.78	87.42
76.14	75.62	76.83
345.41	169.84	527.48
104.75	97.2	117.33
192.66	153.35	300.75
48.67	50.91	41.95
492.13	492.28	491.0
145.56	134.42	178.97
376.0	479.8	272.2
53.63	60.3	40.3
751.2	399.25	1279.12
480.08	247.12	946.0
174.28	182.66	149.14
73.7	75.36	71.62
224.69	281.54	139.4
804.46	944.57	496.2
146.57	131.12	182.62
202.53	176.62	237.08
1592.57	1606.81	1514.25
263.33	285.22	197.67
506.38	503.71	509.5
129.39	160.45	15.5
395.11	357.97	500.33
72.08	110.0	8.88
95.0	116.6	59.0
156.75	174.75	120.75
107.6	102.2	113.0
109.48	110.18	108.66
192.84	182.05	216.57
239.91	211.67	250.5
148.19	142.12	198.25
247.69	385.5	63.93
167.82	185.92	129.04
449.99	447.38	454.33
720.15	634.29	926.2
135.26	135.2	135.33
163.0	132.33	224.33
140.36	103.78	201.33
191.38	171.4	224.67
336.29	364.89	284.8
312.41	297.3	334.0
492.83	577.67	408.0
222.42	205.86	255.55
295.45	316.81	271.84
81.45	22.97	125.31
51.54	27.95	83.0
239.6	265.25	222.5
437.33	428.22	464.67
138.35	168.37	108.33
800.2	973.46	107.17
287.42	273.0	316.25
78.62	87.96	57.99
257.17	199.65	326.2
76.11	95.46	42.93
228.08	265.17	101.98
134.77	148.9	88.33
163.71	156.33	169.25
142.61	145.17	124.69
203.17	168.33	238.0
209.42	107.01	311.84
73.18	80.72	49.04
765.71	1530.0	192.5
981.78	2645.33	150.0
829.09	314.33	1446.8
2913.11	5026.5	95.27
1347.31	1141.39	1965.06
649.88	285.67	727.93
146.79	164.51	111.33
262.31	255.05	286.72
393.49	416.27	302.38
125.53	127.44	122.91
127.67	180.17	64.68
222.93	295.22	104.17
375.5	455.0	296.0
188.16	158.78	212.65
184.6	179.22	200.72
173.18	155.17	194.8
214.33	164.0	264.67
20.0	26.15	7.7
506.59	629.4	276.31
1093.64	441.94	3226.45
511.54	424.94	627.0
7.74	8.62	1.33
297.73	326.15	200.28
197.55	184.24	330.67
187.26	194.18	155.0
242.28	235.4	268.43
108.63	130.1	84.78
227.0	241.5	197.99
168.22	101.73	460.8
261.79	213.73	304.52
389.11	378.52	417.86
424.2	460.5	400.0
299.67	288.09	334.43
325.73	297.5	358.67
110.91	103.33	120.0
210.0	261.67	158.33
86.74	119.4	32.3
53.18	52.56	56.58
277.88	250.8	323.0
58.49	63.96	47.54
112.09	119.67	89.38
100.98	74.24	147.78
509.55	653.71	257.25
111.99	128.6	68.8
421.87	448.91	347.5
99.0	72.14	224.33
158.29	126.25	201.0
70.67	74.28	64.67
214.29	215.0	213.75
136.76	141.26	121.0
117.82	116.65	121.84
172.41	178.29	125.33
175.06	151.99	238.5
110.25	104.62	121.5
107.14	128.67	91.0
351.44	426.2	226.83
73.36	65.38	98.43
202.97	184.0	269.33
356.89	320.4	402.5
62.24	31.04	93.44
439.25	489.94	287.17
163.88	176.8	142.33
347.49	227.73	559.38
133.32	108.63	158.0
199.78	177.06	236.48
287.69	276.8	294.5
135.3	139.18	113.0
327.0	192.92	648.8
134.77	129.0	154.0
338.61	357.27	303.62
384.55	390.0	375.0
282.65	366.25	215.78
186.95	169.43	204.47
267.5	253.67	281.33
47.96	32.05	86.14
1272.29	330.67	1978.5
188.27	156.02	373.7
574.07	606.64	454.67
227.71	264.25	179.0
214.75	198.52	250.47
23.78	49.93	2.86
230.85	285.94	102.3
428.67	448.67	388.67
36.67	32.62	47.18
319.18	323.5	308.8
486.23	634.69	364.77
235.49	229.52	251.0
34.78	9.2	51.83
193.9	259.83	127.96
69.01	76.02	53.25
272.35	258.4	319.8
444.9	559.23	279.77
78.62	80.19	76.11
95.48	97.66	90.8
142.6	155.5	123.25
398.0	362.7	515.67
13.78	11.17	16.38
207.19	183.49	301.95
96.17	114.0	78.33
176.78	155.33	187.5
428.18	606.54	142.8
52.97	62.11	38.34
67.16	53.42	94.64
278.16	250.2	309.62
633.27	737.52	112.0
192.5	173.94	248.18
151.23	155.88	144.47
90.93	97.23	87.0
287.33	363.33	211.33
238.26	247.33	204.25
189.82	151.8	221.5
233.87	226.25	264.33
821.83	867.78	661.0
744.25	514.5	974.0
169.03	170.37	158.17
1526.1	2662.8	389.4
196.13	93.5	241.74
172.5	156.75	204.0
238.46	239.6	234.67
167.32	185.26	142.2
193.37	213.65	92.0
269.03	327.88	168.99
43.19	44.76	40.53
189.77	191.2	183.0
303.12	197.0	480.0
287.88	241.6	345.73
71.8	39.1	104.5
113.22	120.73	99.7
446.0	573.2	234.0
117.41	89.71	145.1
3639.75	3411.13	4325.6
5739.54	5250.54	7152.21
299.15	323.56	216.18
215.46	227.04	173.0
3343.45	4081.92	266.5
273.18	165.75	334.57
332.71	173.0	545.67
366.82	128.3	605.33
317.6	287.43	357.83
1005.8	487.25	1351.5
670.0	516.75	823.25
356.33	366.18	313.0
187.56	204.3	175.0
493.42	564.89	279.0
3542.92	2641.86	4594.17
42.27	43.49	38.12
210.85	203.89	229.71
242.98	249.39	213.08
549.71	733.0	305.33
271.11	288.33	260.78
1051.2	284.1	2585.4
334.82	330.14	338.83
421.12	301.75	540.5
302.7	323.8	281.6
213.14	355.33	174.36
91.2	129.65	49.25
521.69	461.92	701.0
222.95	217.91	240.08
297.5	369.93	196.1
270.97	363.07	86.76
216.22	248.6	162.26
179.5	234.4	88.0
182.14	184.67	177.6
211.0	110.0	312.0
123.83	83.0	154.45
185.61	164.38	238.67
635.51	202.41	2151.33
154.5	157.33	151.67
751.0	1208.25	141.33
2791.98	2096.4	3371.63
340.89	362.67	297.33
229.2	248.86	183.33
351.24	463.56	206.84
346.17	421.79	146.81
441.55	603.14	300.16
213.31	146.72	350.93
556.0	569.2	473.5
368.4	91.78	629.65
541.91	524.62	588.0
157.86	190.91	66.97
217.92	206.8	255.0
735.43	806.4	558.0
331.64	355.12	269.0
382.52	338.65	426.4
1317.68	906.5	2002.99
829.53	614.15	1296.17
200.2	129.15	389.67
185.67	167.0	199.0
474.12	451.6	511.67
248.49	331.65	123.75
74.21	73.94	75.83
225.64	259.25	136.0
213.42	231.94	139.33
152.83	175.0	130.67
145.44	29.76	241.83
97.91	99.39	94.58
44.69	47.5	41.87
261.7	293.18	104.3
1690.66	3691.33	190.15
58.73	61.09	51.67
215.25	192.4	253.33
192.54	207.19	126.65
93.11	101.55	71.16
374.94	421.8	316.38
222.79	242.72	146.41
71.51	69.98	78.67
174.54	212.41	54.6
176.22	211.0	141.45
180.04	185.33	163.0
318.58	327.04	288.39
100.97	91.56	115.1
190.71	203.8	118.75
175.94	192.68	120.17
234.7	253.05	161.28
393.53	466.01	155.36
160.72	114.93	206.5
66.84	92.69	25.48
1597.0	377.2	2816.8
2062.97	932.0	2854.65
178.47	237.43	95.92
836.11	284.14	1434.08
628.6	688.6	544.6
180.17	177.14	184.4
100.99	89.65	118.0
175.56	164.67	197.33
442.88	865.33	20.44
104.96	112.6	89.67
285.56	263.49	336.03
40.77	53.93	24.02
363.27	398.32	301.93
99.71	63.21	274.11
261.45	259.33	270.67
117.83	159.82	67.43
5430.69	809.53	12362.42
58.93	56.92	62.68
154.87	174.2	135.53
307.72	496.33	119.11
89.29	102.67	69.22
240.36	273.87	190.1
3534.96	3100.76	4589.43
135.66	172.0	99.33
151.35	127.46	203.09
899.17	774.57	1073.6
200.5	225.27	166.28
106.67	116.57	52.2
485.5	297.91	954.48
477.45	684.22	241.14
245.24	451.57	64.7
66.25	30.2	102.3
270.67	115.67	425.67
250.38	303.43	156.09
473.0	526.6	242.5
92.98	112.2	68.95
137.11	132.84	141.37
69.75	72.0	66.0
277.62	137.0	512.0
205.6	235.5	135.83
238.18	262.83	90.28
229.44	269.54	125.2
134.28	138.97	117.73
246.66	311.86	155.38
454.75	448.55	468.4
280.57	290.74	241.26
319.33	295.21	403.75
176.25	177.9	171.3
116.49	82.8	223.17
80.49	84.95	71.56
481.99	478.13	500.0
156.88	153.84	160.71
378.63	380.49	373.52
236.78	237.75	236.0
113.56	128.25	89.08
220.83	238.81	192.57
112.43	120.91	99.22
177.31	216.73	90.6
217.31	245.25	189.38
198.19	174.79	233.31
975.03	1359.32	371.14
106.75	105.71	114.0
750.61	173.15	1039.33
172.7	67.03	419.27
184.6	184.52	184.75
425.24	510.89	361.0
152.35	157.02	136.18
113.85	127.75	95.33
279.78	474.99	84.57
718.49	357.61	1440.25
120.22	120.2	120.25
539.87	598.82	410.2
303.71	333.1	237.58
33.57	12.5	61.67
116.3	146.26	74.36
208.76	235.65	154.97
48.27	47.84	51.27
689.0	403.67	1259.67
1435.78	2183.0	501.75
237.68	305.43	79.6
1026.73	1120.31	675.81
358.21	282.73	641.25
909.22	856.0	975.75
211.09	223.64	190.17
463.43	341.99	1070.6
77.71	81.44	64.0
165.86	205.5	113.0
448.5	379.0	518.0
387.63	445.6	25.3
272.1	155.0	418.48
230.98	194.72	276.31
118.77	119.94	109.63
151.87	82.64	264.38
64.38	62.45	71.12
159.79	179.5	137.89
118.65	154.66	58.63
158.74	222.65	30.93
308.71	391.78	159.2
212.01	184.51	335.75
682.38	1206.0	158.75
443.19	410.82	580.75
48.48	56.85	28.93
169.78	157.92	190.04
150.31	141.97	167.0
323.08	339.71	235.75
118.73	65.71	308.07
239.3	260.55	162.77
68.83	64.51	81.45
137.13	134.69	140.45
113.84	113.37	116.05
1227.15	1338.61	224.0
133.07	166.2	112.36
242.18	273.0	176.67
159.59	158.05	161.59
182.46	207.8	112.75
324.78	421.67	131.0
205.36	220.0	151.67
118.33	91.86	171.25
309.41	299.35	362.25
195.14	146.67	231.5
60.25	64.8	52.67
101.37	99.33	104.17
546.38	837.6	182.35
397.33	373.7	446.54
141.86	139.75	144.67
248.61	271.27	200.07
418.32	425.07	391.33
180.22	118.37	383.43
251.25	318.75	183.75
570.98	73.0	1317.95
1013.59	1128.8	552.77
207.02	199.82	234.53
707.88	638.23	884.69
689.2	666.75	779.0
436.83	484.46	159.0
249.53	263.0	186.67
90.24	84.78	121.41
99.93	106.74	61.76
111.59	129.6	81.58
158.23	122.91	202.97
206.21	196.67	208.82
64.91	64.85	65.2
145.41	144.54	150.41
283.37	340.12	252.42
628.5	704.46	299.33
199.74	164.33	260.43
213.56	309.4	93.75
1492.92	1816.33	1169.5
285.19	284.46	286.8
319.73	276.83	362.63
322.62	354.33	251.25
119.99	113.06	123.66
221.83	253.9	174.27
301.32	199.38	374.14
417.15	438.89	368.25
179.54	181.27	175.5
62.68	62.3	67.92
127.76	136.31	98.38
3172.45	3112.69	3690.33
686.69	796.44	545.57
158.47	138.46	201.83
189.56	158.75	214.2
323.0	204.25	441.75
209.54	206.09	235.93
314.33	213.75	394.8
198.82	294.31	127.2
195.22	179.33	227.0
141.09	167.0	110.0
91.73	10.08	287.7
243.53	275.08	64.71
315.33	298.33	349.33
568.75	621.62	463.0
179.91	206.61	126.5
163.84	178.46	138.25
656.86	391.69	860.83
100.13	62.33	128.47
416.0	433.8	380.4
275.64	285.11	254.0
359.44	380.85	335.9
282.64	239.5	368.93
78.44	68.95	87.92
97.93	93.0	101.62
142.12	182.87	89.74
119.67	105.85	170.33
184.11	188.1	179.12
355.94	350.49	388.67
419.94	456.86	272.29
208.38	179.25	237.5
78.9	64.14	113.33
125.73	120.12	138.8
1476.45	2307.83	478.8
98.64	107.97	79.96
128.97	87.27	170.67
76.8	57.77	100.6
1095.5	629.0	2028.5
226.0	182.6	298.33
525.54	491.68	691.76
101.93	113.61	24.88
224.64	208.0	253.75
197.2	178.52	228.33
269.03	298.08	217.14
202.74	201.0	205.63
154.34	152.8	156.57
184.5	194.14	171.0
174.31	272.78	10.2
150.58	156.84	121.33
317.55	287.12	398.67
166.89	179.56	137.33
148.18	153.35	136.8
239.57	248.0	228.33
208.51	260.99	103.53
250.44	299.67	152.0
195.82	204.72	155.75
167.98	141.91	220.12
245.95	263.49	212.88
174.4	146.26	207.22
329.22	355.0	297.0
202.39	240.58	126.0
143.5	156.73	103.8
246.84	344.1	138.78
140.22	150.47	119.72
198.31	191.25	220.67
278.66	290.41	240.5
115.55	113.77	118.86
146.5	132.0	155.2
139.32	130.15	157.67
382.67	388.77	358.25
428.36	636.47	220.25
169.71	235.0	120.75
665.33	1072.25	122.77
564.11	566.14	556.75
277.52	470.3	36.55
50.65	58.88	27.33
145.87	65.56	226.18
587.39	358.55	718.15
350.03	414.95	163.38
600.83	561.0	943.4
1672.78	482.17	3292.0
342.29	410.75	251.0
153.12	123.8	202.0
186.07	155.97	212.56
774.86	268.07	1619.5
371.44	304.0	506.33
87.5	99.93	62.63
217.98	247.31	169.11
163.75	220.67	106.83
118.34	146.28	25.2
210.32	185.4	326.6
519.07	424.7	707.8
172.69	152.33	246.0
86.88	77.83	125.34
31.66	18.0	58.97
37.04	56.51	21.47
149.78	162.14	130.56
67.09	55.94	111.67
31.13	16.57	60.27
187.82	180.12	208.33
135.2	125.67	149.5
177.71	210.67	153.0
347.1	382.13	221.0
271.83	262.0	284.93
345.38	331.5	390.5
540.07	555.5	507.0
388.74	463.16	146.88
64.13	72.9	52.06
378.53	410.11	307.48
721.83	1001.31	93.0
547.06	585.71	517.0
306.88	326.6	274.0
65.34	66.43	62.54
111.42	114.84	103.43
66.17	64.61	70.33
374.28	413.41	296.0
244.8	262.86	202.67
127.08	133.35	107.47
418.12	484.91	242.78
175.94	39.87	278.0
144.61	158.14	117.54
272.42	360.32	133.62
69.31	43.24	125.17
446.55	383.46	635.83
189.81	221.39	145.6
199.46	236.8	131.0
243.6	237.58	261.67
149.71	139.54	175.86
228.75	175.8	317.0
537.39	647.28	180.25
206.07	201.63	211.4
660.82	126.97	2195.62
175.92	170.84	190.31
433.03	507.8	347.57
149.47	158.15	128.1
232.22	193.2	281.0
82.54	87.72	72.17
967.21	1641.18	124.75
6238.88	2645.44	17019.17
200.26	233.55	141.99
1874.67	3401.33	348.0
413.45	690.75	255.0
48.44	56.98	41.13
390.31	253.0	527.62
53.55	60.43	45.53
92.88	94.98	88.66
357.1	203.05	712.62
611.4	178.6	1044.2
456.21	543.2	21.27
205.64	195.0	234.0
1063.71	810.13	1697.65
412.64	330.38	632.0
580.0	725.33	471.0
83.29	60.2	112.97
73.88	58.54	119.92
61.54	59.38	65.15
381.74	397.46	359.29
246.73	232.14	272.25
270.28	214.61	389.57
328.22	346.3	224.25
128.38	121.42	134.41
855.61	1031.46	187.4
127.7	127.2	128.2
438.57	352.1	698.0
101.8	127.6	76.0
2202.71	239.75	4820.0
113.96	112.72	117.27
76.82	84.82	63.1
264.55	258.82	277.45
77.18	75.52	79.93
136.07	165.27	67.93
138.08	149.0	105.3
140.29	144.83	87.33
117.32	120.33	114.3
141.07	178.76	56.24
379.15	409.76	234.86
177.58	133.0	311.33
378.09	369.19	403.1
251.55	265.25	215.0
334.17	295.33	373.0
115.38	134.49	80.98
203.92	174.46	240.97
300.04	285.17	353.6
381.89	353.23	415.33
137.91	160.22	90.5
124.19	139.84	87.67
321.2	349.84	139.81
91.88	91.2	93.0
403.26	557.38	183.1
129.43	115.8	156.69
44.43	59.9	35.14
159.57	162.43	150.97
257.79	250.29	286.88
78.23	58.41	117.88
238.53	135.33	300.45
97.0	121.33	72.67
138.79	101.7	225.33
266.43	280.25	248.0
347.11	311.17	419.0
178.99	233.38	106.47
144.54	137.5	168.0
214.76	197.57	295.0
191.92	169.09	233.77
82.76	82.01	87.0
207.17	156.12	353.0
207.95	241.58	181.33
432.6	478.86	324.67
318.55	324.55	296.18
216.18	206.6	237.75
1651.15	1549.0	1770.33
352.9	322.14	424.67
194.09	198.55	183.38
203.56	191.11	261.67
44.1	57.27	30.93
182.02	230.34	55.19
263.68	199.24	366.8
227.45	153.5	269.71
50.93	41.17	58.25
160.14	183.75	128.67
111.45	95.83	130.2
236.47	174.45	350.17
259.44	454.0	142.7
220.67	251.83	158.33
80.57	55.88	159.6
86.71	88.07	82.97
188.82	167.04	221.5
1575.96	1574.32	1582.2
151.72	103.49	207.98
542.06	692.1	292.0
597.75	597.75	597.75
397.37	133.8	495.45
192.03	198.36	171.47
161.83	171.7	106.84
653.35	723.54	425.25
155.98	140.54	192.0
71.26	100.0	48.26
163.6	172.09	108.42
97.47	44.6	150.33
76.32	54.0	98.63
194.21	212.2	151.05
170.41	176.17	156.6
355.27	48.6	661.93
191.86	237.2	166.67
101.94	114.58	69.1
785.57	1061.75	417.33
244.86	226.06	295.0
220.75	213.06	231.0
437.7	449.29	410.67
168.92	130.95	187.91
261.62	268.84	213.5
151.55	152.0	151.09
306.09	315.14	290.25
100.86	96.0	105.72
315.69	287.45	377.8
625.2	718.5	438.6
141.15	83.75	187.07
188.71	174.51	207.64
508.07	520.2	437.33
4902.61	495.36	11828.29
88.52	94.35	65.17
155.25	167.02	113.23
113.69	122.63	63.0
208.88	281.0	136.75
322.49	327.88	318.0
133.47	132.72	134.22
203.11	236.25	176.6
965.35	1163.16	635.66
247.65	237.03	266.65
249.27	258.52	218.86
188.22	136.0	219.56
344.0	271.67	452.5
127.89	121.38	141.36
80.33	69.0	103.0
659.03	517.5	871.32
286.64	323.25	265.71
500.1	400.94	921.5
162.34	196.12	84.63
106.87	105.0	108.97
195.08	191.45	210.5
72.54	78.95	64.0
279.53	339.1	194.43
186.91	152.46	276.48
420.5	473.1	289.0
5932.94	5819.91	6110.57
176.46	193.14	112.14
727.34	823.6	414.5
182.19	197.8	156.17
231.25	283.6	144.0
1318.17	2131.38	233.91
620.43	994.85	177.94
1436.55	525.5	3030.88
248.27	289.17	125.57
309.94	307.5	317.25
152.99	166.63	105.25
99.54	95.88	110.55
248.79	292.44	96.02
73.46	87.93	56.1
69.74	57.42	88.22
247.82	281.44	146.97
85.03	45.07	125.0
283.76	302.36	260.5
268.65	278.46	254.9
999.82	465.5	1641.0
568.13	816.22	196.0
180.67	183.89	177.27
189.54	122.84	306.25
178.4	208.22	138.63
299.62	345.8	270.75
50.63	55.64	36.05
1218.5	191.0	1903.5
162.91	166.91	151.9
361.75	453.6	208.67
447.29	353.0	518.0
303.45	297.63	314.5
227.26	200.08	254.45
38.31	13.13	73.56
274.55	286.53	223.62
179.06	75.67	238.14
283.84	294.6	232.54
314.02	106.23	432.75
1581.71	2504.5	351.33
66.83	77.11	43.7
195.44	233.97	70.19
242.62	296.8	208.75
369.4	417.36	310.78
228.62	133.6	387.0
1110.0	75.0	1800.0
123.71	144.34	98.43
399.15	337.79	555.36
363.46	333.19	646.0
822.71	1593.52	187.93
94.75	73.1	145.27
931.91	946.88	892.0
382.04	424.05	242.0
25.02	28.23	23.95
417.33	439.13	308.33
86.5	81.04	96.21
314.33	258.57	392.4
443.14	501.29	268.71
3744.93	3763.17	3699.33
194.22	194.7	193.5
193.17	115.36	400.67
159.19	134.88	183.5
159.57	159.23	161.83
1131.46	725.7	2484.0
227.76	111.73	367.0
253.06	251.37	263.2
80.95	80.25	84.0
564.27	635.56	181.1
457.64	474.0	397.67
155.68	144.29	205.0
287.11	264.45	342.14
243.0	147.67	300.2
521.71	603.82	172.75
141.5	141.67	141.33
160372.55	283355.59	494.6
322.99	363.98	159.0
207.12	237.18	147.0
165.4	243.16	87.63
122.58	170.5	90.63
212.56	255.72	155.0
257.0	378.33	135.67
385.19	496.98	81.75
199.0	206.73	188.18
998.38	716.8	1937.0
435.38	567.71	74.48
1799.77	2106.96	571.0
98.49	60.6	149.0
202.51	207.8	197.22
337.19	340.54	322.67
485.96	552.53	457.43
165.08	193.57	128.82
287.88	329.0	197.4
162.51	125.02	300.0
135.63	130.57	166.71
314.05	256.93	404.76
136.59	164.65	84.2
91.91	117.42	66.4
496.0	514.14	470.6
353.74	422.31	216.61
158.05	119.85	208.98
286.7	231.05	421.86
5212.0	6759.11	1731.0
91.6	94.12	86.57
162.12	168.32	138.6
86.09	69.09	95.8
154.8	152.67	158.0
424.2	495.71	361.62
69.91	80.89	37.0
151.15	143.98	164.3
311.67	196.0	427.33
249.19	206.57	316.18
156.61	118.72	202.08
203.45	189.38	241.0
55.28	43.77	78.3
411.3	446.94	353.38
1642.75	2039.0	982.33
322.96	330.47	292.93
114.45	88.39	155.72
345.15	361.35	188.53
127.63	159.97	95.3
89.98	115.71	53.96
283.13	284.36	276.57
104.83	149.33	71.45
60.7	56.24	74.07
90.7	86.84	99.2
77.34	102.01	36.23
171.66	146.2	203.5
188.8	165.83	223.24
312.8	366.33	232.5
168.12	148.0	188.25
158.72	177.39	70.0
104.12	119.65	75.65
2863.43	1301.75	4945.67
121.81	138.76	60.8
56.88	61.58	47.5
151.03	139.4	174.29
126.6	127.5	125.25
59.9	42.37	109.0
89.32	89.56	85.82
370.66	437.43	157.0
222.53	240.25	209.64
138.18	152.35	84.34
152.7	191.22	101.33
153.75	121.17	186.33
79.3	106.6	52.0
166.31	157.12	171.97
314.22	221.67	499.33
121.0	212.0	66.4
472.29	627.75	265.0
79.03	105.2	9.23
137.06	109.43	158.56
361.73	386.4	312.4
248.52	266.57	164.27
176.54	163.38	197.6
303.71	357.27	169.8
60.75	58.17	78.0
260.0	296.33	241.83
293.17	381.67	204.67
798.26	828.44	476.33
234.71	269.72	106.33
258.0	432.5	102.89
32.78	31.3	34.27
132.89	117.1	164.47
610.56	853.8	306.5
168.55	245.22	111.05
251.69	269.4	192.67
258.04	368.42	178.32
114.4	114.31	114.65
199.12	206.5	188.57
220.59	228.82	208.25
61.61	79.62	31.6
331.38	417.94	158.25
158.77	164.3	140.33
85.72	64.99	102.99
37.49	39.26	35.07
132.24	88.4	205.3
48.72	25.99	128.25
247.87	232.38	294.33
277.98	312.8	225.75
129.2	111.17	156.25
67.17	69.92	46.13
155.99	153.79	161.47
65.03	65.68	58.0
2682.89	3616.0	2216.33
231.4	256.33	194.0
275.89	282.42	260.67
121.57	69.47	163.24
257.16	261.66	240.67
193.93	182.64	225.0
170.13	143.02	239.86
159.26	161.03	155.73
118.1	103.85	135.51
535.06	537.36	530.83
107.66	100.75	123.2
1067.59	1126.52	965.81
253.78	286.97	176.33
373.75	442.8	258.67
239.11	258.38	158.18
109.19	99.9	117.76
228.92	229.3	227.67
230.5	156.43	403.33
282.96	330.55	164.0
297.08	338.73	118.56
822.9	93.54	1844.0
57.81	61.34	51.93
288.86	371.25	179.0
200.29	33.91	574.65
100.47	86.81	132.33
336.4	337.0	335.0
366.83	317.43	443.67
203.07	184.05	332.4
7947.5	4506.0	11389.0
1182.63	1088.95	1440.25
120.25	102.83	158.0
113.5	118.6	103.3
143.66	152.81	15.59
126.89	110.65	151.25
458.5	518.86	317.67
220.15	221.43	216.3
28.27	31.27	22.27
263.43	225.9	376.0
3081.99	4392.8	460.36
3207.99	4551.53	789.6
299.38	352.56	179.75
542.37	589.0	513.23
268.76	372.62	81.8
325.96	247.72	492.67
95.73	129.63	44.88
318.33	369.86	189.5
403.25	467.84	222.4
452.28	519.28	88.57
155.39	152.71	161.63
100.66	19.33	181.99
307.21	268.91	409.33
138.89	143.53	129.6
207.38	249.13	170.54
87.46	111.3	73.16
308.63	322.34	243.5
342.18	337.06	362.67
279.5	194.67	406.75
44.1	77.33	19.18
243.0	251.0	223.0
145.53	115.73	225.0
429.11	159.38	578.96
50.95	67.78	22.9
1004.99	1346.33	800.18
144.69	154.7	78.0
732.09	841.16	332.2
98.05	106.32	84.27
281.8	389.0	174.6
667.93	852.84	321.23
158.95	137.29	223.93
107.09	62.15	167.0
360.0	351.83	372.25
248.35	208.76	314.33
260.72	245.23	269.47
245.83	242.38	252.75
1449.78	1719.0	1113.25
70.26	78.36	48.66
189.84	183.7	197.0
685.67	621.0	776.2
411.46	336.17	501.8
181.7	270.53	4.03
170.41	174.75	164.63
218.26	193.19	268.39
164.77	155.33	169.49
223.24	284.66	77.36
1254.74	1268.33	1205.8
228.25	236.88	219.06
212.83	229.58	132.4
2597.52	3196.12	53.5
150.32	192.25	38.5
253.0	242.57	277.33
256.99	271.0	182.26
234.97	201.36	261.86
168.0	164.41	174.78
138.11	147.94	49.66
185.0	174.13	250.2
159.15	165.85	141.3
262.73	266.62	254.92
24.48	32.34	4.83
250.0	262.78	211.67
233.72	216.23	335.2
153.72	130.03	231.57
86.49	87.75	83.2
266.54	247.33	298.56
164.88	174.0	155.75
174.1	167.06	186.66
104.06	87.29	137.6
326.59	362.83	239.6
350.53	383.37	208.25
152.39	159.78	142.98
1150.55	1360.0	784.0
178.35	161.88	247.89
153.11	144.5	164.6
171.08	192.49	155.43
3405.0	4593.17	1028.67
123.84	123.6	124.24
119.83	150.6	96.75
278.44	295.73	240.4
122.71	124.4	119.33
309.86	371.33	263.75
97.08	98.67	93.5
257.46	255.62	260.4
295.19	483.86	148.44
124.12	109.0	149.33
1123.19	544.86	1573.0
264.5	274.33	254.67
181.07	152.64	259.25
201.91	108.49	295.33
49.42	47.49	54.08
69.39	128.0	40.08
80.16	117.95	49.92
184.13	199.6	44.83
332.11	329.79	335.41
211.29	206.0	217.47
136.33	119.42	204.0
428.36	467.23	233.97
248.61	405.8	154.3
495.07	148.1	1189.0
143.71	150.64	51.33
173.51	169.1	211.67
269.0	277.5	262.2
291.56	244.46	417.17
241.09	316.0	198.28
330.12	323.18	344.0
433.0	515.4	330.0
223.5	194.2	252.8
189.98	182.91	199.6
243.8	274.93	224.0
864.83	1451.62	473.62
87.57	90.67	85.25
310.58	318.11	288.0
57.61	48.67	73.26
383.35	248.0	518.7
148.0	135.0	170.75
1220.18	1361.14	973.5
155.21	96.82	313.7
161.08	157.49	168.26
178.41	217.73	112.87
116.96	122.67	101.25
653.45	287.69	1970.18
210.43	221.69	192.12
144.93	128.75	209.67
1679.21	1963.45	637.0
210.22	177.67	275.33
113.3	120.33	102.75
74.31	80.42	55.99
144.09	162.38	95.33
176.69	219.89	47.1
169.36	68.62	303.67
234.55	255.29	198.25
304.75	352.5	257.0
717.25	804.0	457.0
411.1	432.68	336.78
538.22	966.95	185.14
445.17	371.33	519.0
260.24	378.0	63.96
112.49	73.65	151.33
99.35	18.7	180.0
107.86	132.18	87.6
186.09	170.2	237.72
199.67	165.9	237.2
184.04	205.11	127.83
346.93	317.04	368.29
155.42	162.58	132.77
381.44	238.06	668.2
289.09	235.14	383.5
148.22	173.67	97.33
26.66	22.2	32.6
182.47	198.17	144.8
994.51	1371.73	186.18
242.0	194.6	301.25
104.31	110.84	97.79
219.48	171.79	521.5
106.77	112.3	88.33
218.06	173.97	284.2
103.89	144.34	33.1
322.14	227.57	612.6
103.84	82.88	187.67
5063.84	4860.58	5412.29
199.12	177.75	220.5
69.36	79.28	49.5
168.19	168.28	168.0
92.16	80.74	141.67
90.48	86.71	110.0
208.09	137.22	255.33
85.77	94.27	65.93
197.9	141.43	326.97
318.32	312.55	399.14
452.67	517.75	105.6
413.37	301.93	572.57
343.83	342.4	345.9
301.83	373.33	230.33
232.0	231.25	234.0
244.09	249.9	217.32
135.76	138.99	123.93
107.41	78.06	160.25
317.62	358.3	182.0
174.61	367.0	67.73
140.26	215.2	46.57
94.69	112.95	70.33
88.3	82.22	104.49
242.55	254.44	189.0
330.42	450.17	90.93
272.25	300.81	172.3
517.17	612.64	367.14
241.18	178.81	303.56
203.75	227.03	141.67
515.1	647.65	250.0
142.09	148.04	128.7
1087.57	2397.67	105.0
464.12	507.69	275.33
81.41	74.61	95.0
285.22	327.54	101.83
238.95	152.31	426.67
157.76	115.08	268.72
108.55	86.82	173.75
429.55	502.54	294.0
269.33	414.67	124.0
78.74	54.54	151.33
118.42	65.88	200.99
351.69	280.33	512.25
55.89	63.73	48.05
167.0	95.5	224.2
950.92	1117.67	808.0
117.85	170.94	64.75
237.57	87.67	350.0
320.33	311.67	329.0
128.48	118.51	171.67
153.19	108.08	234.4
342.45	306.07	404.83
166.43	196.0	127.0
330.75	360.8	280.67
200.92	163.57	253.2
166.34	130.0	293.55
829.3	901.62	684.67
229.7	192.05	323.83
38.92	44.13	33.7
336.5	309.0	364.0
50.42	56.74	34.97
170.85	178.5	145.33
149.91	148.22	155.0
475.36	582.71	287.5
110.82	58.92	249.2
256.95	184.67	365.37
15.53	30.26	4.47
236.21	273.48	161.67
261.41	311.96	129.96
697.43	732.24	543.29
278.49	309.47	82.3
127.32	135.38	105.83
960.27	799.06	1106.83
608.21	888.63	439.96
301.75	291.56	334.02
109.85	126.45	93.25
232.21	225.18	258.0
195.94	182.18	221.17
263.49	296.39	181.25
184.11	196.4	168.75
234.0	212.5	266.25
801.64	1355.16	109.75
732.4	592.86	1058.0
293.4	157.83	835.67
98.43	120.0	82.25
195.41	168.15	284.0
186.47	180.09	228.97
79.54	97.53	34.56
115.77	105.67	138.5
212.9	224.52	194.77
156.63	159.82	115.11
182.79	170.95	220.0
336.18	118.5	460.57
763.09	1439.75	86.42
169.09	232.0	93.6
157.62	146.67	164.2
162.01	163.9	156.33
3484.33	6958.0	705.4
183.14	196.21	160.25
286.0	344.67	227.33
227.4	241.57	194.33
642.5	352.04	1978.6
89.0	77.37	118.44
246.62	220.67	272.57
123.0	134.83	105.25
135.84	203.67	101.92
17.11	26.29	7.93
165.96	188.89	97.17
220.35	205.65	270.71
106.07	117.88	90.33
145.0	125.33	164.67
269.67	290.33	237.53
219.98	134.96	356.0
254.32	243.94	282.0
198.0	151.0	245.0
219.52	191.36	251.7
256.24	271.09	142.4
562.75	373.78	987.95
206.23	215.13	187.14
241.82	216.94	278.02
160.0	173.91	121.75
145.45	110.66	198.97
155.56	145.33	176.0
236.04	230.91	246.29
302.0	329.62	228.33
53.29	54.33	50.95
37.6	41.53	32.67
433.25	444.4	414.67
262.4	276.84	114.35
75.92	81.58	43.9
79.32	101.72	59.15
402.48	450.44	186.67
113.64	128.26	89.28
399.62	443.56	343.14
2024.58	1828.9	3394.33
227.17	173.83	280.5
43.47	77.45	24.05
393.67	125.0	662.33
110.22	120.2	97.75
142.22	115.18	214.33
195.09	272.03	56.6
323.55	242.17	421.2
255.9	195.93	405.83
2383.64	3883.59	240.86
190.01	191.29	187.74
112.8	110.14	119.0
115.7	198.1	72.08
154.85	173.85	72.53
49.85	48.79	55.95
103.5	91.98	132.29
386.67	342.0	476.0
360.88	376.89	317.43
47.42	54.32	35.93
1409.38	1210.6	1608.16
155.98	238.66	93.97
78.54	116.0	41.08
260.75	334.0	138.67
95.39	96.64	90.0
183.29	171.75	198.67
293.89	328.73	224.2
180.73	202.43	150.35
1817.34	2073.37	985.25
230.33	237.27	188.67
292.4	354.14	148.33
56.08	67.53	44.63
324.51	704.63	161.6
139.12	135.76	147.85
109.93	100.98	161.41
124.19	104.1	194.5
44.55	42.66	48.32
164.27	188.67	135.0
240.78	221.49	279.37
284.28	262.52	324.17
718.08	829.67	467.0
291.25	326.67	185.0
423.82	232.13	692.2
693.0	318.0	974.25
268.54	179.9	401.5
328.17	296.87	484.67
246.93	255.05	218.5
125.91	52.27	175.0
154.41	158.89	138.72
473.86	600.25	305.33
383.62	342.36	474.4
328.11	304.96	467.0
397.82	403.66	383.8
157.84	152.1	170.75
147.66	163.5	108.08
269.54	312.6	259.6
272.38	270.03	285.67
259.33	209.4	289.29
283.71	239.67	393.83
275.0	276.0	274.0
504.82	523.54	444.0
148.1	81.47	201.4
81.1	77.38	87.3
271.83	245.0	298.67
145.41	139.06	160.23
395.2	455.0	255.67
147.74	94.8	218.32
233.09	149.0	264.62
252.49	270.98	206.25
55.08	56.75	51.14
182.83	157.55	204.23
251.78	235.71	300.0
545.77	940.33	207.57
206.21	237.83	182.5
628.79	682.0	575.57
92.79	79.76	104.18
175.5	202.23	118.69
242.48	249.23	193.0
131.22	121.73	138.99
13.54	25.65	1.43
432.97	301.29	663.42
232.31	237.73	228.25
105.72	83.54	137.98
148.83	127.67	170.0
324.85	365.9	160.67
201.4	117.78	326.83
131.14	128.25	135.0
101.5	105.33	97.67
302.59	258.43	412.97
135.75	148.25	123.25
205.07	205.0	205.25
90.55	103.28	76.83
153.0	136.67	185.67
128.86	80.22	250.47
94.57	101.5	85.33
6.8	3.03	10.56
308.71	291.0	322.0
47.99	48.43	47.6
138.17	114.67	161.67
87.64	93.5	75.93
301.82	235.25	468.25
154.49	193.72	106.54
146.91	177.6	83.09
178.01	181.82	170.73
643.54	979.9	223.09
408.11	439.63	261.0
949.59	110.67	1264.19
266.08	265.3	268.67
56.05	40.96	71.13
122.87	155.75	96.56
120.12	187.97	37.2
135.73	177.29	63.0
358.4	297.71	447.83
54.97	57.83	48.54
443.89	447.82	428.83
343.63	203.22	624.44
136.56	138.2	133.83
209.36	109.78	394.29
193.05	149.35	440.67
326.17	316.75	373.25
141.65	111.85	162.39
197.59	168.0	227.18
756.03	852.77	401.33
75.39	39.74	107.09
154.31	98.5	202.14
287.6	337.78	174.7
146.79	167.33	71.47
133.58	134.69	127.12
159.25	167.4	151.1
206.53	276.67	153.92
418.14	193.09	828.53
58.61	94.67	36.98
127.03	136.81	55.32
160.74	165.09	135.75
323.86	437.75	172.0
2073.25	2892.21	435.33
192.58	183.17	202.0
147.96	85.3	194.95
212.62	239.36	87.87
81.16	82.12	75.54
113.26	133.08	73.6
76.67	16.67	136.67
271.82	325.44	137.78
233.51	215.35	273.48
297.25	243.25	351.25
222.55	220.1	245.33
95.6	96.47	93.0
205.0	203.6	206.75
132.91	116.43	182.33
48.0	65.93	6.17
168.59	199.46	26.62
194.88	272.2	66.0
102.51	116.86	59.47
749.23	774.35	554.5
51.35	50.01	53.83
163.88	192.25	135.5
24094.53	3651.53	95645.0
135.0	148.0	112.24
1890.54	3197.5	322.2
107.71	90.45	121.51
231.5	208.03	289.47
72.64	73.85	62.97
161.86	186.9	36.67
118.73	129.4	100.97
200.63	204.18	191.51
782.91	471.0	1042.83
1466.89	1885.46	390.57
554.71	723.0	508.82
209.15	218.31	163.33
172.47	174.68	167.6
185.44	170.03	243.25
211.56	263.31	102.88
318.9	313.71	331.0
90.38	74.0	100.2
193.56	267.25	95.3
138.87	108.06	192.09
212.64	201.13	235.67
4.21	3.6	5.23
180.27	170.66	187.49
252.94	242.88	259.66
165.08	193.38	141.49
70.53	85.71	42.72
306.75	96.5	517.0
636.86	617.49	688.51
53.9	45.8	59.98
229.88	214.81	256.25
63.87	52.35	90.73
104.53	81.99	149.6
258.23	60.98	586.97
294.15	287.54	315.44
205.67	184.89	274.95
191.77	205.81	170.7
138.71	145.49	125.15
416.7	428.1	388.2
92.05	75.41	158.6
16538.3	3370.88	94345.82
19.09	0.8	41.95
318.5	195.67	392.2
412.14	291.45	1045.75
782.5	972.86	338.33
101.29	100.11	103.63
231.95	208.48	280.69
151.35	163.53	99.14
999.7	1147.09	203.8
185.67	251.5	133.0
31.81	41.63	19.17
548.01	538.25	566.79
224.27	244.58	171.47
53.81	51.75	58.95
84.9	80.04	104.33
263.33	302.0	186.0
146.43	103.98	210.09
106.08	94.12	120.44
126.45	118.24	157.24
214.04	205.0	229.54
333.09	420.95	186.67
113.88	125.38	97.58
465.32	438.81	515.69
276.58	252.42	331.5
1442.43	1696.0	238.0
637.0	730.0	482.0
167.91	177.88	138.0
375.86	393.89	321.76
438.09	535.27	211.33
134.24	122.15	159.34
280.88	412.0	84.2
62.62	60.55	64.28
313.44	299.4	344.33
280.52	160.38	383.51
121.02	75.92	400.63
200.5	198.88	206.65
243.0	302.0	209.29
146.96	153.0	106.67
93.68	86.45	107.11
398.21	462.57	333.86
138.9	158.02	81.55
212.79	189.48	259.4
525.37	637.8	225.55
123.94	131.2	111.83
100.78	126.13	62.74
202.71	176.25	238.0
115.48	138.86	77.49
178.25	183.13	169.7
842.03	1099.38	456.0
161.11	183.58	93.72
206.43	114.75	328.67
438.26	477.0	412.43
193.07	156.4	266.4
103.16	32.54	267.93
99.71	88.47	129.67
119.24	107.11	189.0
687.15	722.05	633.46
437.62	413.25	462.0
199.56	254.83	89.0
3731.27	4480.0	3107.33
246.69	262.73	115.14
159.93	185.79	140.05
53.94	55.29	43.57
225.03	210.33	298.5
196.67	209.45	47.67
1008.19	965.03	1137.67
138.67	132.0	145.33
630.89	728.67	76.77
217.34	212.05	230.18
149.71	159.25	125.33
149.09	123.97	161.65
253.22	230.5	271.4
52.74	35.38	81.67
185.23	178.99	218.0
269.88	242.25	297.5
96.77	89.85	108.13
505.43	532.53	478.33
250.1	203.5	268.73
314.56	383.64	206.0
594.71	561.84	693.31
219.21	217.43	223.3
378.07	368.9	401.0
428.95	273.6	539.91
276.0	274.5	278.0
500.2	495.83	517.67
184.81	203.41	152.93
247.2	261.48	204.36
110.44	66.0	132.67
326.86	171.5	534.0
695.01	841.23	183.25
152.2	158.33	143.0
147.36	123.25	161.14
172.57	178.42	162.83
527.64	562.33	465.2
185.3	205.68	127.55
118.67	128.0	111.2
346.67	375.22	175.33
200.17	260.71	115.4
742.08	871.0	355.33
469.36	471.73	460.67
140.57	122.34	158.8
217.7	221.71	208.33
240.65	243.19	233.0
339.5	330.19	354.62
250.7	126.33	437.25
419.86	387.56	506.0
461.2	630.0	208.0
42.54	44.35	38.2
159.14	57.0	235.75
508.12	384.15	1045.33
751.51	504.43	1286.83
115.6	111.14	142.3
354.4	417.68	185.67
367.05	435.25	290.82
580.0	776.0	384.0
148.15	157.05	121.44
174.26	134.12	388.33
219.01	99.25	325.47
137.25	117.27	159.74
398.81	566.6	189.08
645.07	659.13	628.2
274.39	316.56	77.6
464.42	543.44	295.1
99.56	70.0	138.97
191.25	201.29	177.2
335.62	347.79	242.33
181.22	211.0	121.67
107.34	72.38	165.6
427.14	755.33	181.0
225.71	275.33	27.23
219.9	293.57	90.97
210.09	185.99	232.0
135.51	157.51	86.0
68.14	66.62	70.16
235.09	53.0	380.76
409.04	398.75	446.45
579.44	901.0	177.5
964.82	681.78	3027.0
213.51	220.03	199.54
334.0	274.0	414.0
150.79	78.11	233.86
131.59	140.29	94.61
68.94	118.67	31.64
437.62	523.0	245.5
711.11	996.75	221.43
228.9	147.67	350.75
232.18	262.63	118.0
133.43	146.25	116.33
117.26	103.0	138.64
288.77	332.89	138.76
115.41	134.46	90.93
272.55	391.29	106.31
96.9	62.75	165.2
141.52	119.74	176.38
136.8	167.04	99.0
2480.22	2968.41	202.0
243.46	244.17	239.78
255.34	222.26	437.25
238.35	274.0	178.93
53.53	94.9	16.51
48.02	49.16	46.3
220.12	165.0	275.25
246.75	104.71	412.47
245.58	320.57	140.6
269.05	317.8	155.3
427.0	584.0	217.67
129.05	153.2	92.82
242.31	225.69	314.33
138.86	166.12	84.33
2240.5	2220.44	2267.25
121.2	128.17	76.58
238.73	235.73	246.89
187.01	238.0	146.21
301.62	237.82	456.57
165.5	136.73	194.27
100.34	85.98	125.47
290.12	341.94	186.5
176.68	131.5	226.89
346.0	340.89	357.5
123.56	163.93	52.92
216.43	167.08	298.67
59.77	67.31	42.17
94.83	102.7	84.33
75.13	69.33	79.78
682.39	730.0	622.88
230.59	204.88	291.35
299.17	337.48	189.71
734.97	1007.0	385.23
146.54	158.25	88.0
601.33	438.58	818.33
105.85	115.92	93.78
84.81	89.22	71.6
292.78	312.55	187.33
178.77	187.92	160.47
20.3	14.02	28.14
321.21	283.23	351.6
252.76	267.55	214.63
238.21	215.36	322.0
78.3	73.0	96.32
194.99	150.65	305.83
243.24	243.22	243.33
249.33	262.0	224.0
160.4	159.09	164.33
181.33	187.58	165.72
212.38	217.61	198.91
154.51	213.84	104.54
106.49	93.25	119.74
23.42	22.25	24.36
339.44	382.88	165.67
231.24	291.83	85.8
181.74	194.93	102.58
706.76	710.92	703.52
126.33	135.83	116.83
80.17	53.81	141.67
231.14	215.27	256.94
194.97	167.25	262.29
354.93	315.2	454.25
135.98	167.55	104.4
135.89	141.06	97.17
344.29	355.21	293.33
295.0	258.67	331.33
2856544.28	3421926.47	29633.33
138.06	127.07	178.33
203.31	229.86	128.98
587.31	375.45	820.35
36.32	42.7	25.89
206.83	212.27	190.53
110.83	134.33	87.32
61.16	79.74	20.3
92.71	104.73	48.67
82.94	68.91	122.2
136.31	120.29	148.77
679.38	319.58	1399.0
195.14	214.8	170.56
129.57	119.0	137.5
126.3	117.52	164.33
123.19	128.58	114.2
495.3	352.2	638.4
204.11	229.7	161.47
383.36	425.25	271.67
414.0	327.33	461.27
190.15	191.7	185.0
493.02	644.6	280.8
236.03	213.96	308.56
176.5	127.67	225.33
480.57	585.0	341.33
146.72	117.93	164.0
232.15	426.25	121.23
687.73	596.65	1044.47
196.72	204.46	181.73
108.54	118.96	90.29
556.77	542.78	588.25
206.0	177.5	244.0
79.06	84.15	72.27
436.5	325.0	622.33
368.67	350.75	420.44
218.53	218.13	219.33
73.57	72.98	74.93
2375.09	135.19	6854.89
214.75	207.5	222.0
40.99	43.44	37.92
99.51	65.33	190.67
617.59	797.4	360.71
184.14	133.91	368.33
150.8	136.4	165.2
185.11	200.0	155.33
212.2	246.83	160.25
670.93	763.36	416.75
197.7	206.76	181.4
169.79	118.89	281.78
65.82	53.0	78.63
237.4	240.28	230.68
158.09	136.87	193.47
119.95	111.49	176.33
317.88	219.92	572.6
88.35	61.39	126.1
506.5	461.67	533.4
176.14	183.71	162.88
835.43	1111.0	468.0
88.52	83.67	95.8
290.78	314.33	255.45
185.0	162.8	222.0
196.55	479.93	119.26
265.67	435.5	129.8
413.45	433.67	407.39
765.31	950.02	343.11
112.64	80.75	155.17
342.77	270.04	464.0
221.83	283.0	160.67
986.26	2041.4	106.98
663.08	1089.57	66.0
534.6	518.33	559.0
514.23	598.1	234.67
181.32	180.68	183.3
389.98	446.43	291.19
468.74	466.52	477.31
289.26	344.49	167.75
213.25	152.17	286.56
115.36	121.74	101.0
111.81	125.33	107.3
80.69	90.72	60.63
469.2	416.17	548.75
322.62	306.43	341.5
601.6	552.57	716.0
28.3	29.67	26.93
114.42	143.96	105.19
64.71	48.54	93.0
145.98	166.0	105.95
68.43	72.4	61.63
192.3	183.5	198.17
98.2	39.92	195.33
81.76	108.0	47.17
202.38	162.25	242.5
125.38	126.86	117.0
135.89	100.25	164.4
258.43	263.2	254.46
277.99	299.8	246.27
298.93	273.05	355.24
212.7	187.6	237.8
1406.22	164.67	3889.33
353.49	358.74	332.5
179.75	237.98	129.83
119.2	131.0	95.6
18.25	6.6	37.67
146.47	142.99	172.0
367.84	507.25	181.97
244.68	268.09	166.67
242.59	80.41	314.67
9.68	10.48	3.33
89.15	83.89	104.92
107.4	102.0	115.5
640.09	621.11	747.67
147.57	166.89	140.55
93.81	96.23	72.7
270.77	332.31	106.67
159.58	158.62	161.5
194.21	184.33	204.08
580.03	411.05	985.6
81.89	138.33	68.87
43.52	4.37	82.67
132.93	131.84	136.99
167.55	173.93	152.67
473.8	432.56	535.67
223.42	591.5	149.8
129.04	138.62	68.4
359.88	402.29	255.12
46.73	26.27	56.97
280.63	387.27	229.63
100.5	117.45	66.6
367.45	377.55	358.9
98.33	139.6	29.53
202.38	172.48	229.3
295.04	347.75	242.33
152.45	167.13	115.75
160.57	149.5	182.7
327.57	297.5	367.67
242.35	193.73	388.2
373.42	386.33	292.75
730.44	675.8	798.75
524.34	669.53	146.85
219.68	226.1	209.4
93.06	56.26	191.19
233.47	275.4	149.6
539.55	595.4	493.0
415.6	425.23	386.7
147.29	162.84	125.51
263.82	191.18	384.89
98.02	77.35	152.26
86.78	68.98	113.48
394.38	545.57	219.01
144.69	159.0	133.95
95.66	82.76	155.87
155.43	113.75	211.0
137.31	202.11	72.51
393.69	473.0	282.65
211.09	242.46	22.86
116.82	137.75	74.95
171.8	103.0	201.29
157.39	163.52	128.0
108.27	113.13	84.0
107.25	153.52	49.41
97.68	105.0	81.2
279.1	371.48	168.24
722.66	768.72	526.95
139.53	161.05	74.97
108.0	115.67	94.2
93.81	102.92	80.14
294.98	278.2	332.75
518.27	512.58	533.71
150.7	223.47	53.67
148.26	41.02	255.5
539.0	597.0	423.0
665.67	808.4	487.25
93.0	120.0	72.75
223.08	166.57	302.2
37.57	16.03	48.34
267.82	278.86	248.5
220.88	338.33	150.4
229.35	206.03	262.0
314.11	333.67	275.0
95.33	108.67	82.0
250.16	190.72	403.0
272.43	301.0	234.33
126.32	92.2	150.69
143.33	113.0	181.25
220.96	232.23	193.93
108.1	109.16	106.5
75.84	75.09	77.55
262.52	130.67	361.41
162.56	178.17	131.33
177.87	193.65	164.35
255.21	255.6	251.33
95.46	98.38	86.72
245.9	246.02	245.0
154.28	190.25	118.32
90.59	92.13	83.1
166.49	121.98	240.67
91.86	69.75	113.97
186.5	139.88	248.67
130.87	115.75	148.14
205.74	193.27	266.0
146.32	154.67	137.97
764.5	847.45	329.0
382.79	144.74	2584.75
10.12	7.9	17.89
1184.0	579.0	1668.0
329.8	347.86	287.67
383.87	389.27	348.75
1211.62	226.16	1915.51
289.16	333.85	192.33
257.51	257.66	257.44
51.39	63.46	32.07
221.95	229.58	193.96
91.78	95.57	87.35
137.71	70.22	214.83
1508.26	1849.05	76.96
1251.38	132.6	3116.0
220.75	244.62	173.01
120.86	159.33	43.93
281.65	289.73	257.4
440.61	91.98	1021.67
233.5	322.0	145.0
440.96	341.85	558.09
94.36	87.58	117.52
243.65	210.08	324.2
72.95	77.66	69.69
294.65	276.21	345.64
476.86	554.33	418.75
64.23	58.63	73.03
170.25	168.99	177.5
246.21	254.99	226.14
77.56	81.28	41.67
97.42	94.5	103.25
133.75	132.93	135.22
203.65	177.17	263.25
279.69	268.46	328.33
58.68	32.77	106.81
268.86	206.15	370.75
156.53	197.08	106.98
215.9	235.2	190.17
176.62	212.62	119.0
894.67	945.31	815.89
70.95	42.67	127.5
460.44	489.8	423.75
252.29	54.0	401.0
143.66	154.38	118.67
172.35	203.0	135.58
149.62	159.31	107.67
100.37	124.21	79.5
40.98	47.33	34.63
568.89	388.79	1109.2
35.47	8.17	55.95
620.56	822.0	459.4
283.29	382.0	151.67
159.0	160.75	157.83
176.69	165.8	194.83
114.01	133.97	54.11
95.14	60.11	114.0
470.9	734.0	295.5
241.33	304.67	178.0
79.95	86.89	61.43
424.38	433.8	408.67
285.38	278.98	321.67
33.28	31.33	40.78
418.8	447.56	402.62
383.67	281.25	895.75
142.66	187.0	111.0
345.75	248.3	429.29
147.64	157.5	121.33
147.66	171.52	115.39
83.35	75.0	91.7
115.98	96.25	137.9
184.63	168.67	200.6
814.86	641.75	1045.67
222.85	284.25	124.6
1133.43	974.29	1310.25
130.75	213.66	70.46
187.06	172.72	218.6
1028.67	1386.0	314.0
61.65	45.32	77.98
190.72	218.67	169.76
1114.43	1658.0	706.75
203.09	194.91	211.28
192.83	315.2	29.67
203.4	133.65	259.2
276.61	237.86	338.6
165.25	125.57	220.8
242.79	247.77	231.26
167.85	170.91	163.25
249.89	234.67	255.6
117.76	123.81	18.94
329.19	362.6	273.5
126.95	128.56	121.83
111.5	130.67	92.33
215.63	213.25	228.33
46.04	46.35	45.8
116.98	104.47	142.0
158.63	172.71	144.54
559.8	635.75	281.33
239.81	272.6	185.17
141.68	84.08	237.67
122.38	118.84	133.9
123.2	145.4	101.0
245.75	370.5	96.06
6163.6	6590.86	5166.67
571.12	570.4	572.33
215.62	50.67	314.6
62.4	28.33	113.5
110.05	95.7	133.0
134.64	136.6	125.6
266.82	278.9	230.6
176.35	193.75	118.33
88.46	58.4	198.67
112.71	121.64	53.18
219.71	210.5	232.0
241.0	127.5	354.5
369.67	454.86	250.4
126.34	127.87	121.11
176.33	131.5	212.2
228.95	240.04	205.38
122.63	160.67	84.6
109.11	97.4	123.75
90.91	97.97	82.67
1473.67	343.6	2886.25
212.77	261.48	115.33
619.93	521.71	1242.0
200.58	266.33	134.83
167.86	156.96	195.1
91.6	83.07	98.0
65.46	115.44	15.47
245.5	154.33	464.32
196.38	218.57	165.32
276.5	261.56	321.33
310.84	303.11	370.75
350.94	410.69	195.6
91.42	95.57	70.63
187.98	220.54	131.0
142.91	133.1	164.04
582.69	704.29	298.97
24.54	18.22	39.29
72.9	53.38	111.93
177.53	166.75	242.17
223.89	224.45	220.33
212.94	254.88	171.0
336.47	315.88	354.78
126.65	135.59	113.74
297.08	353.5	240.67
332.3	264.14	491.33
175.42	187.82	157.71
304.61	312.68	237.33
182.0	220.0	136.4
193.13	159.52	221.13
310.67	264.67	379.67
147.53	130.54	173.0
263.2	181.14	454.67
764.5	725.86	854.67
138.31	124.08	153.83
150.55	140.33	242.5
237.88	279.8	168.0
327.09	114.33	752.61
91.88	116.98	76.2
124.16	125.98	122.82
290.68	267.33	347.97
296.94	294.64	318.33
1593.16	2103.07	573.33
325.15	355.97	294.33
69.24	70.68	64.92
225.25	236.1	149.33
210.06	232.31	106.25
310.52	322.27	280.69
368.31	313.19	654.94
180.63	192.33	160.57
129.81	127.34	141.33
195.18	149.1	351.84
6058.67	1198.0	10919.33
275.5	218.2	332.8
185.42	177.66	205.6
124.61	99.69	157.83
139.35	55.96	278.33
337.33	302.33	372.33
278.43	331.67	238.5
53.27	67.42	47.2
562.59	239.12	993.88
115.42	101.88	137.1
339.0	465.0	213.0
99.39	120.4	73.12
272.97	303.42	110.57
142.4	158.56	113.32
58.51	67.03	50.0
254.41	293.22	167.08
955.72	931.58	1004.0
421.25	487.75	354.75
289.4	278.0	300.8
327.67	268.67	386.67
461.9	430.8	493.0
33.97	34.35	33.1
355.06	379.45	310.33
157.5	164.33	150.67
181.58	134.6	240.31
105.26	98.24	115.29
268.29	264.53	282.6
125.36	122.43	134.16
286.47	286.3	287.0
331.12	304.0	376.33
56.94	59.49	55.03
121.47	95.24	182.65
592.38	602.5	558.67
222.29	210.0	246.88
362.25	288.4	485.33
291.68	338.61	172.24
6.83	4.07	10.5
341.56	354.67	315.33
163.5	189.67	137.33
79.54	99.94	55.05
259.39	115.33	403.44
175.58	182.67	173.21
131.22	108.33	176.99
183.89	240.75	138.4
123.66	124.34	117.8
208.29	233.0	175.33
196.74	179.4	283.42
335.06	312.08	390.2
404.55	413.79	341.73
254.83	257.26	243.25
231.5	174.33	288.67
332.07	365.3	226.83
2650.2	2621.42	2691.78
1083.54	805.85	1453.79
245.71	211.36	371.67
156.19	168.7	139.5
594.62	660.6	484.67
239.24	227.7	270.0
141.88	130.97	163.7
322.4	305.5	400.16
146.81	141.63	153.4
135.46	143.4	130.5
42.32	50.87	33.78
193.2	115.26	282.27
304.25	289.86	405.0
930.32	585.16	1448.07
106.27	154.51	21.85
2750.77	1221.18	4662.75
694.48	641.5	765.11
596.71	620.6	583.44
66.2	68.96	59.76
309.16	253.43	448.5
122.83	121.39	124.7
328.02	398.9	195.11
237.06	217.93	321.2
142.25	156.29	117.7
127.95	4.95	250.95
170.43	160.73	184.29
68.9	39.24	148.0
269.7	254.31	331.25
110.11	178.8	67.17
147.58	129.46	207.14
246.83	246.93	246.33
63.12	61.85	72.0
322.77	96.5	423.33
563.91	818.0	246.3
245.5	223.12	290.25
86.59	107.06	38.82
173.71	183.31	131.48
46.2	55.92	33.23
168.56	173.75	160.4
180.62	210.0	131.67
69.3	57.55	194.67
440.15	721.67	198.86
250.58	242.1	263.3
380.19	241.88	587.67
98.99	78.47	126.33
244.71	250.23	224.5
178.5	189.8	144.6
172.73	185.31	135.0
67.29	72.14	54.37
270.17	146.0	295.0
258.45	325.43	141.25
283.27	236.8	322.0
155.1	98.48	268.33
253.41	289.08	167.8
148.78	152.38	128.71
311.54	301.8	350.5
200.06	181.64	264.5
305.5	284.0	327.0
450.73	459.43	435.5
311.0	285.5	345.0
186.71	304.67	98.25
247.18	249.04	236.44
462.64	410.12	602.67
126.79	128.22	123.56
244.38	291.8	173.25
47.78	31.25	61.0
1510.0	2256.0	1261.33
215.83	227.34	154.44
374.08	488.71	53.12
138.1	165.6	110.6
207.34	192.89	347.0
843.67	1104.77	437.52
109.22	59.0	149.4
181.39	145.82	297.0
286.89	306.5	247.67
170.36	136.68	293.85
154.4	92.71	298.33
184.06	258.0	122.45
135.0	131.0	141.67
75.37	74.4	75.86
126.56	135.87	77.36
80.66	55.9	99.92
597.18	631.43	553.14
155.88	172.2	128.67
151.91	146.54	168.0
578.08	596.57	472.43
200.98	176.06	259.11
155.26	118.93	264.25
187.71	185.7	197.25
238.56	159.5	301.8
28.0	20.68	35.33
186.5	165.66	290.67
214.4	223.9	200.83
22.14	19.73	25.74
172.46	178.22	162.22
207.64	258.19	168.98
176.32	133.5	210.58
274.04	180.06	399.33
161.5	159.83	164.0
849.68	923.9	280.67
214.14	187.43	246.2
82.05	72.35	122.82
18.34	22.67	15.09
109.15	96.67	122.67
249.87	119.47	510.67
210.36	150.36	270.36
37.81	46.13	12.82
129.76	121.59	136.76
307.74	355.69	227.83
203.33	277.33	129.33
335.0	114.67	445.17
407.0	578.5	178.33
319.59	333.42	286.4
9.04	8.99	9.12
935.7	798.0	1716.0
1552.09	2110.86	574.25
304.0	424.33	213.75
111.89	118.08	82.2
191.57	212.84	158.14
86.94	66.65	107.22
105.55	87.88	162.97
275.0	203.0	320.0
22.34	18.49	32.93
374.7	346.67	475.6
267.14	284.5	223.75
350.71	387.75	301.33
171.29	258.67	105.75
123.13	130.12	116.13
221.51	223.06	218.67
200.44	165.8	258.17
72.47	100.4	65.49
4551.44	5393.8	3498.5
428.35	466.82	210.33
221.24	231.12	194.88
186.18	159.84	206.67
259.27	222.66	298.69
232.57	183.08	298.56
103.74	101.25	117.0
125.8	98.2	162.6
899.5	993.6	742.67
208.13	242.69	139.0
259.0	289.0	149.0
144.25	124.4	177.33
559.43	618.0	481.33
458.98	531.98	303.86
446.36	476.41	242.0
3505.53	5353.25	338.0
415.22	486.17	273.33
283.95	260.06	347.67
132.03	116.76	179.54
69.26	70.17	59.7
54.81	53.57	58.8
102.09	87.2	121.93
248.18	267.14	215.0
211.17	285.0	137.33
1564.22	820.0	2010.75
304.36	134.0	401.71
1703.53	2094.36	609.2
595.38	506.8	743.0
243.95	236.75	265.57
136.76	180.25	78.77
180.79	188.46	168.0
194.62	243.6	113.0
315.64	340.38	282.67
58.75	63.95	52.9
274.96	299.65	168.0
142.68	113.86	200.33
1062.0	1868.67	255.33
333.05	323.99	352.0
746.4	957.9	419.55
1316.17	1443.56	934.0
250.64	250.7	250.5
343.83	386.75	258.0
177.23	128.46	249.4
322.04	341.08	301.1
185.43	197.06	146.67
189.61	216.42	136.0
140.24	156.27	124.21
143.48	96.8	174.6
129.91	143.0	114.2
37.59	42.58	29.27
141.98	72.97	211.0
194.78	209.98	134.0
285.2	255.13	345.33
344.29	364.75	317.0
114.44	128.25	103.4
209.7	203.16	233.66
46.3	45.19	48.81
719.86	781.12	638.17
114.52	131.21	75.58
121.67	150.9	88.79
109.96	111.61	105.42
145.41	154.38	116.25
215.49	189.25	224.23
222.84	235.79	179.67
177.57	168.3	221.27
150.91	156.65	122.25
383.15	456.67	320.13
96.2	92.33	98.13
265.18	280.64	236.83
143.8	111.0	176.6
1467.11	1447.3	1519.93
247.59	117.93	328.62
256.7	281.61	242.17
1472.29	1652.5	1111.88
378.76	414.5	307.27
256.16	267.59	212.33
87.98	78.35	104.39
168.33	205.67	131.0
135.14	175.0	105.25
196.54	178.75	297.33
288.8	183.11	424.69
212.0	216.53	199.17
171.33	235.35	85.97
144.05	161.82	108.5
275.96	266.84	303.3
101.13	117.1	47.9
304.7	409.82	112.0
205.86	154.67	236.58
43.79	44.96	40.27
320.9	100.64	596.23
153.07	162.72	92.0
215.7	262.8	168.6
213.42	217.38	205.5
38.04	39.48	33.23
748.22	453.5	1337.67
152.01	220.93	100.33
542.61	576.75	474.33
378.84	386.43	365.18
1168.23	1265.06	369.41
163.27	170.71	153.8
221.44	244.33	175.67
223.73	135.62	458.67
193.87	199.79	162.3
790.75	280.43	1505.2
280.14	316.0	253.25
151.35	81.6	252.12
347.09	286.62	508.33
165.28	164.22	171.67
512.33	530.67	494.0
3748.86	215.33	6399.0
161.54	107.22	205.0
88.08	88.43	87.58
248.75	233.72	257.34
363.04	351.57	397.48
369.45	381.12	338.33
258.56	205.67	326.57
388.12	444.42	290.89
273.38	454.69	149.32
470.75	435.0	506.5
163.68	153.3	238.4
218.0	222.14	208.33
362.83	384.22	353.2
267.1	282.36	236.57
920.05	250.44	2705.67
645.89	554.8	759.75
367.88	352.74	418.33
52.15	56.14	44.17
183.0	244.17	137.12
132.62	166.28	31.63
123.97	165.33	92.95
135.81	104.99	172.8
399.18	409.18	380.83
287.02	316.78	143.17
136.58	141.53	118.0
248.43	299.19	92.55
339.89	457.5	104.67
319.98	367.0	249.45
72.11	68.77	90.05
196.67	175.0	261.67
1156.22	1471.0	526.67
83.38	89.76	73.32
220.1	210.44	260.22
193.03	175.52	226.09
333.36	358.61	194.5
179.88	174.54	192.33
253.64	301.8	213.5
90.53	64.86	121.34
1466.43	795.98	2304.5
272.77	318.75	199.2
365.86	301.67	526.33
285.27	328.0	228.3
340.76	330.07	357.57
44.42	39.75	48.16
186.93	270.25	163.13
220.61	240.38	137.58
89.91	103.0	50.63
1328.09	2469.43	440.39
742.43	136.83	1953.63
440.5	428.67	452.33
216.67	258.33	175.0
423.96	420.88	429.78
208.05	172.29	333.23
190.18	169.67	197.88
412.73	392.64	444.0
85.24	130.4	44.59
225.71	277.5	156.67
40.58	48.37	34.34
1449.6	1410.17	1553.55
86.24	99.2	64.63
55.38	57.95	54.36
97.71	88.6	118.97
124.64	126.85	118.0
794.07	661.36	1159.0
164.45	183.7	77.82
2411.14	4386.29	436.0
349.0	323.83	403.91
265.4	208.0	495.0
29.28	50.67	7.89
364.7	405.83	303.0
184.62	160.63	239.46
140.5	40.33	240.67
356.71	262.5	482.33
199.79	203.27	192.36
305.48	386.5	224.45
841.06	984.4	28.83
105.33	79.98	168.69
228.29	92.87	329.85
404.75	432.86	208.0
169.14	157.8	309.8
32.17	36.52	24.93
214.66	194.99	253.99
129.05	165.1	56.95
133.07	71.54	240.75
83.12	90.21	70.7
100.77	88.81	128.67
26.62	31.09	13.23
172.08	148.37	219.5
97.4	77.11	137.97
107.91	110.83	97.98
22.78	26.67	9.83
702.24	696.43	705.98
205.63	175.25	286.67
107.13	89.57	127.62
143.05	149.62	132.54
56.48	76.36	38.41
293.19	164.0	366.21
184.44	182.83	187.67
113.74	133.37	74.47
203.86	205.22	193.0
111.67	96.11	158.33
15.72	17.31	8.57
58.06	80.83	27.7
222.89	179.83	287.48
291.58	302.1	253.0
277.0	170.5	419.0
72.28	87.99	37.72
306.45	299.78	312.0
297.63	299.4	286.42
2574.53	3382.82	351.75
377.4	403.3	334.22
87.57	63.47	111.67
59.6	44.41	86.96
219.17	188.2	257.89
216.19	331.64	71.88
256.9	269.14	228.33
109.12	120.2	90.67
226.52	249.5	180.56
371.3	540.12	281.27
442.14	605.0	320.0
69.57	69.55	69.73
211.09	236.54	167.46
216.67	268.71	159.91
253.31	237.56	288.75
108.5	104.36	112.64
73.05	85.09	36.92
77.82	67.82	117.04
1312.8	1555.75	341.0
246.97	84.27	369.0
175.36	140.29	236.75
149.24	158.79	104.67
72.6	70.61	76.59
41.35	55.93	32.6
373.62	274.56	500.99
221.8	222.57	220.0
110.53	118.11	97.25
430.91	690.19	223.5
130.83	131.33	130.33
135.69	137.63	131.8
430.31	465.5	313.0
312.14	404.17	174.11
455.19	484.29	394.1
177.13	185.8	133.08
326.38	211.6	517.67
99.5	74.2	126.76
202.34	162.94	253.0
600.56	194.2	1108.5
262.85	289.22	224.78
298.87	299.44	296.66
813.19	670.55	1288.67
123.59	108.0	133.34
58.53	50.82	99.63
1306.16	1752.62	636.48
209.35	176.84	363.75
100.04	98.39	111.6
30.28	29.3	31.27
911.17	1131.78	249.33
989.8	1019.15	588.67
140.96	116.76	161.13
161.12	138.24	256.48
79.02	75.27	82.77
266.33	345.33	187.33
169.76	187.42	110.87
249.9	125.33	303.29
207.74	194.73	225.62
315.55	421.92	156.0
389.65	527.96	145.96
464.0	449.0	509.0
501.33	584.83	334.33
169.36	179.22	70.67
89.95	100.02	61.74
34.93	29.63	63.17
159.66	139.8	219.25
82.77	75.44	102.3
2209.81	249.73	6783.33
189.7	195.38	178.35
271.04	383.5	121.08
94.56	105.72	88.13
276.63	263.3	353.25
123.76	131.25	96.27
108.43	137.5	89.06
2567.25	4855.25	279.25
242.0	272.6	191.0
202.6	171.94	242.69
410.77	448.04	362.86
157.44	192.0	114.25
147.8	119.9	203.6
181.98	246.16	53.6
191.41	196.73	145.33
390.45	302.07	496.5
216.33	263.86	121.26
66.19	83.07	32.42
125.31	93.41	199.74
164.44	122.92	272.4
103.5	64.12	160.78
121.15	103.3	139.0
346.98	350.34	331.33
235.59	207.89	297.91
963.38	1578.66	143.0
157.45	180.62	95.63
182.28	151.38	217.61
94.22	145.4	8.93
177.87	183.11	164.76
6269.23	3506.86	9492.0
357.35	420.58	205.6
411.23	432.0	393.06
75.93	82.44	56.4
438.48	401.76	499.67
167.73	169.27	159.0
118.63	116.36	124.67
159.66	171.67	135.63
307.79	128.17	509.88
150.34	152.11	128.6
159.31	160.2	154.0
168.35	174.61	147.99
107.75	87.06	141.38
120.49	101.33	131.99
402.86	409.5	394.0
125.75	123.54	131.67
336.57	262.0	392.5
1086.0	1418.57	310.0
278.95	274.51	289.71
29.98	33.15	20.47
226.59	487.25	77.64
150.33	179.33	92.33
54.96	72.0	42.17
8234.5	6164.85	15133.33
220.43	169.83	352.0
564.0	365.75	828.33
184.2	157.4	211.0
364.92	542.12	81.38
60.79	65.98	45.19
52.41	62.23	35.23
232.56	160.66	448.25
176.49	106.9	350.45
301.85	335.24	274.03
536.54	601.44	435.12
245.71	228.33	258.75
192.4	207.29	157.67
422.38	520.17	292.0
111.85	83.16	159.67
89.97	152.5	27.44
171.66	184.21	83.75
163.96	171.12	160.38
51.47	39.91	71.7
170.17	184.22	113.99
162.95	167.22	83.18
168.75	104.87	381.67
47.97	36.54	59.4
156.22	153.21	165.27
53.08	47.31	68.45
143.11	159.78	115.33
173.43	77.25	301.67
160.86	30.25	335.0
263.98	345.7	135.56
2209.85	2805.61	422.58
128.52	93.5	170.55
235.44	293.15	181.86
94.0	95.67	92.33
146.77	121.88	264.98
214.54	42.32	421.2
251.32	279.75	245.0
105.36	127.19	76.26
846.98	835.71	867.45
222.11	163.75	268.8
414.87	395.52	434.22
105.8	117.5	74.6
167.3	201.14	48.86
79.86	75.17	105.2
130.86	129.55	134.61
924.83	1088.67	761.0
806.54	867.27	732.31
176.92	194.3	119.0
91.14	72.0	116.67
123.33	106.98	207.83
179.68	192.97	146.47
149.81	136.57	205.4
576.12	883.75	268.5
235.14	213.74	299.33
446.86	546.25	314.33
383.2	417.29	190.0
1553.62	936.17	1924.1
88.57	181.5	14.23
260.95	228.09	301.11
144.76	79.52	264.37
1260.85	1399.72	899.8
607.83	154.67	1061.0
136.59	137.49	133.2
175.17	136.67	213.67
608.96	671.86	394.35
93.31	96.94	85.15
152.79	137.85	190.13
92.73	176.15	32.07
231.08	204.3	271.25
142.78	190.0	83.75
1475.28	2465.5	287.02
311.63	409.76	136.41
8539.79	5584.57	30704.0
115.4	148.09	50.02
154.45	78.12	281.67
160.3	133.23	241.5
508.79	1105.0	111.32
612.75	301.25	1274.69
226.58	233.56	205.67
278.0	240.5	328.0
1292.11	173.67	3529.0
190.62	131.0	208.5
231.25	222.4	246.0
224.21	234.86	194.4
1091.67	925.67	1257.67
103.67	77.85	161.05
197.56	212.8	178.5
591.63	690.16	255.0
271.24	113.96	385.63
110.97	120.69	101.25
158.16	236.45	53.77
152.88	179.25	82.56
176.24	166.99	200.93
699.35	1029.7	121.25
233.0	189.0	266.0
117.55	108.6	125.02
130.55	134.66	127.47
181.38	221.4	114.67
174.05	201.42	112.45
199.98	233.9	53.0
234.01	249.87	126.95
447.88	82.06	1057.57
338.15	378.58	156.22
28.32	27.19	30.97
196.41	200.93	156.6
402.91	484.11	316.94
156.78	95.15	326.25
302.24	126.78	594.67
292.19	346.71	249.78
674.75	621.56	834.33
192.18	467.0	74.4
275.81	261.73	340.6
535.38	751.68	239.77
156.18	95.83	297.0
323.69	493.0	248.44
172.25	188.78	122.67
64.0	92.33	35.66
1648.36	1348.67	2008.0
1322.17	850.5	2265.5
1236.19	444.23	2028.14
1430.22	2476.6	122.25
89.35	93.28	65.13
251.8	241.68	265.3
110.11	109.54	112.97
233.21	251.55	166.0
214.64	290.0	114.17
288.52	137.78	476.95
136.16	94.93	153.83
123.88	122.0	125.0
348.58	370.86	220.45
212.57	342.0	115.5
159.76	142.06	197.37
30.92	24.41	87.33
294.62	263.6	346.33
89.47	81.14	101.96
1287.0	1323.17	1214.67
187.97	221.68	120.56
51.92	121.8	8.25
257.86	281.45	171.33
251.62	228.98	493.1
543.06	930.29	272.0
151.02	153.91	146.48
136.0	160.8	94.66
107.08	152.27	87.71
344.49	245.78	509.0
445.9	428.17	472.5
76.8	83.66	68.56
142.5	169.88	106.0
229.44	394.98	109.05
59.95	54.79	72.0
181.94	169.61	220.69
102.65	92.67	112.63
343.02	370.06	153.72
133.08	126.36	148.18
433.61	482.76	237.0
89.12	71.69	136.44
87.68	88.92	79.9
93.29	95.46	88.93
410.62	274.25	547.0
163.44	164.92	161.36
89.28	75.77	108.2
410.43	394.5	454.25
2356.98	2122.08	2944.25
132.69	130.2	136.0
183.53	211.6	143.43
380.43	430.0	291.2
159.2	187.75	140.17
551.53	554.67	544.0
166.27	165.67	167.0
207.92	221.77	159.44
350.93	344.63	357.23
219.7	221.5	217.0
140.58	112.99	175.07
157.6	232.55	113.88
123.95	12.9	235.0
201.7	277.83	125.57
372.5	282.64	687.0
254.52	196.04	336.4
220.75	231.67	214.2
216.39	291.67	103.47
211.55	181.6	236.5
347.91	325.14	387.75
391.08	433.89	255.5
145.0	114.75	185.33
158.07	146.88	187.18
187.25	189.59	178.67
165.07	189.6	116.0
126.86	128.5	124.67
93.37	78.58	113.1
193.14	250.76	135.52
149.12	130.4	180.33
301.99	175.11	447.0
129.44	179.22	79.66
706.11	72.78	1761.67
139.14	112.75	174.33
143.43	77.25	231.67
69.13	62.18	86.5
452.15	649.14	222.33
319.33	248.0	390.67
386.73	390.59	372.25
286.54	266.41	333.5
313.61	364.06	246.33
95.91	46.25	228.33
164.0	166.89	155.33
204.13	151.0	558.33
195.39	216.83	187.34
182.02	161.74	214.13
280.32	255.47	373.5
278.15	268.85	293.64
71.54	64.6	83.11
277.16	250.6	348.0
71.51	95.97	53.18
393.46	247.5	627.0
122.66	58.57	225.21
531.4	594.81	277.75
90.74	32.07	134.75
45.26	51.96	35.2
316.98	115.63	518.33
47.8	18.0	77.6
111.67	77.83	179.33
67.79	71.14	57.04
109.66	135.03	58.9
153.83	139.35	177.0
476.33	407.0	545.67
181.11	180.0	187.5
270.17	312.4	217.38
472.07	431.75	525.83
157.04	64.43	212.6
202.97	251.93	166.25
236.34	250.09	190.5
1943.61	2227.38	1021.35
461.22	489.39	264.0
226.96	231.92	223.52
71.18	30.57	116.31
143.0	186.35	27.4
217.94	124.88	311.0
207.48	147.97	445.53
1822.9	1704.69	2059.33
170.72	160.4	179.33
113.97	93.07	161.0
2820.24	4022.3	1103.0
61.67	45.4	77.95
387.82	405.7	362.29
248.14	355.25	105.33
128.58	104.8	158.3
209.07	188.86	330.33
71.41	78.13	44.5
194.14	223.75	154.67
131.89	136.71	112.6
287.2	289.51	281.13
210.04	195.87	285.63
127.11	138.36	104.61
88.55	100.13	71.17
202.46	201.6	205.33
109.65	97.36	156.72
255.4	170.07	369.17
191.9	172.22	277.17
179.68	134.83	246.95
89.6	109.5	76.33
252.57	255.29	246.67
285.0	283.5	291.0
212.29	217.5	205.33
349.36	363.82	296.33
132.11	150.45	107.67
60.89	50.3	94.33
69.75	73.77	55.95
242.47	252.0	231.57
205.62	147.8	302.0
103.91	94.57	120.25
134.45	154.25	106.73
1171.55	1162.5	1182.4
51.6	49.17	53.43
477.95	527.06	311.0
174.29	186.0	165.5
292.52	277.88	345.2
8606.44	12654.83	509.67
4941.56	11035.38	66.5
242.26	234.75	260.5
209.93	204.44	213.78
465.7	932.61	92.18
693.38	495.33	1139.0
145.48	141.57	155.25
288.08	279.47	315.0
170.06	185.65	123.3
870.36	985.47	697.7
724.33	399.5	1374.0
127.33	120.66	149.0
209.19	145.26	528.85
183.08	176.89	201.67
207.23	225.75	201.05
86.59	92.45	72.52
214.41	160.74	271.67
142.0	121.5	169.33
243.29	264.74	167.0
239.45	273.5	148.67
252.15	276.76	182.41
300.69	241.8	398.83
209.0	115.67	349.0
126.49	135.5	108.47
184.27	165.0	222.8
318.83	625.33	216.67
276.64	95.0	503.7
90.5	116.24	60.47
799.5	854.57	764.45
468.38	685.11	89.1
1045.54	1949.88	141.2
96.08	23.93	132.15
54.59	46.9	75.57
251.42	270.62	213.0
147.07	132.5	239.3
132.41	124.64	152.6
198.0	226.0	160.67
119.5	86.12	186.25
382.83	421.33	344.33
253.1	310.5	138.3
396.88	372.5	470.0
164.38	189.0	125.0
133.69	152.8	114.58
446.67	580.83	312.5
169.62	181.0	158.25
472.36	165.05	718.2
123.57	118.84	133.71
152.69	155.99	142.78
146.45	140.69	159.43
174.36	193.29	141.25
276.45	433.33	119.57
178.24	167.91	225.18
196.35	191.62	202.67
160.11	136.0	208.33
73.06	74.46	70.25
70.27	60.96	86.1
108.2	109.81	105.2
161.23	173.12	110.27
120.13	108.22	136.0
160.99	126.61	221.15
107.17	113.33	88.67
638.04	1295.5	262.34
299.56	276.0	329.0
475.67	502.6	442.0
673.73	736.3	506.87
290.64	212.67	431.0
248.23	248.3	248.0
370.78	289.0	534.33
210.02	187.1	309.33
317.73	370.75	194.0
226.26	296.0	133.27
394.77	436.16	125.75
190.86	152.0	220.0
145.58	202.77	72.8
239.38	213.56	269.5
337.81	352.22	275.33
226.57	302.5	125.33
409.71	486.25	307.67
167.66	140.75	183.8
83.33	67.67	99.0
51.8	88.22	34.55
160.05	160.1	160.0
500.11	541.57	297.44
2255.0	3451.6	260.67
265.17	291.0	187.67
1147.12	552.25	1742.0
55.65	50.2	72.0
412.46	543.45	316.4
730.33	537.67	1115.67
91.15	129.36	57.19
158.68	164.54	51.27
300.39	205.97	408.29
151.31	154.5	132.8
73.54	50.27	114.25
732.83	1601.62	465.51
260.64	274.03	198.17
282.97	412.95	109.67
177.17	175.11	183.76
365.35	312.4	418.31
100.05	100.35	99.57
494.13	496.33	490.0
154.43	135.29	173.57
296.47	381.55	154.67
90.46	72.98	164.75
172.09	168.7	182.25
346.43	252.75	471.33
239.25	231.62	254.5
268.62	284.62	249.73
233.91	266.0	177.75
1187.44	1187.5	1187.4
337.0	322.0	352.0
106.43	97.0	119.0
171.25	166.4	179.33
160.44	139.34	189.98
57.05	68.1	46.0
171.4	208.33	155.57
53.38	60.92	45.01
107.06	112.43	94.16
201.48	254.33	152.69
232.17	287.58	99.18
305.36	281.04	351.55
358.81	414.5	303.12
308.9	281.0	327.5
74.71	41.7	115.97
197.1	178.45	221.97
29.29	38.23	18.56
131.99	257.33	56.78
229.1	277.77	95.25
189.69	189.53	190.1
86.06	102.9	45.8
467.43	272.5	727.33
395.78	432.61	64.27
148.43	155.75	138.67
48.86	62.97	6.53
1915.5	3239.0	592.0
388.56	495.5	245.97
253.0	256.2	249.8
630.04	276.46	1282.82
235.27	267.01	163.12
77.37	117.2	24.27
875.65	932.5	790.38
94.62	99.86	85.45
709.99	188.22	2066.6
121.99	180.78	92.59
136.29	127.93	148.82
398.23	440.25	200.14
1279.33	1779.83	278.33
217.51	201.98	258.93
77.83	88.97	68.92
109.19	112.0	107.5
250.12	163.8	394.0
37.85	34.13	42.3
60.53	58.81	63.33
118.72	131.36	97.67
165.9	277.85	16.63
54.36	57.81	46.88
131.52	135.78	123.0
274.11	226.25	301.46
226.9	238.87	191.0
113.63	153.11	76.98
218.88	174.92	409.33
189.77	206.11	153.0
299.27	354.5	152.0
122.06	123.23	119.73
344.73	325.29	378.75
782.48	492.82	1192.83
286.17	389.42	148.5
432.0	398.25	465.75
43.87	65.77	27.45
145.55	159.18	81.93
145.33	131.6	162.5
125.54	94.33	162.98
125.39	111.58	155.33
32.95	36.14	28.98
155.12	187.44	122.8
229.04	272.19	121.16
94.21	93.67	95.3
545.64	575.07	482.57
20.11	23.01	17.2
218.48	227.71	192.33
173.64	176.59	164.08
171.97	130.7	227.0
188.53	166.83	231.93
127.76	176.2	67.2
221.35	205.48	329.83
119.25	116.8	121.71
478.88	454.84	559.0
2722.75	2821.6	2558.0
15.87	21.36	9.47
104.45	78.34	304.67
311.1	300.0	322.2
72.27	36.23	120.33
161.51	178.4	139.0
303.56	301.71	310.33
2969.07	2895.3	3153.5
264.97	210.14	333.5
227.04	256.77	150.57
167.41	173.59	140.2
400.2	556.5	165.75
238.65	218.3	259.0
3069.08	3575.12	2057.0
159.42	130.2	195.95
298.26	96.54	782.4
72.56	67.83	96.2
233.5	243.89	202.33
194.78	205.1	153.5
122.82	194.33	51.3
1508.12	936.0	2080.25
218.13	172.2	310.0
383.77	378.42	393.4
200.0	203.29	194.25
321.76	317.29	331.83
869.68	159.51	1698.21
281.96	320.1	205.67
424.5	314.71	680.67
126.81	103.83	195.75
34.07	33.5	38.93
295.76	356.36	198.8
159.86	150.98	198.3
148.91	156.5	141.31
116.0	120.0	112.0
55.99	56.28	55.57
433.96	445.62	406.25
293.83	219.4	347.0
92.69	127.9	33.99
82.96	67.92	103.0
269.5	233.2	330.0
280.7	314.83	229.5
314.11	309.57	327.75
361.65	488.67	234.63
113.5	125.73	73.74
356.42	401.69	225.15
242.0	254.7	210.25
1289.44	1023.17	1822.0
175.71	231.14	120.29
381.33	347.17	449.67
98.89	163.33	50.55
223.04	232.4	209.0
180.25	174.11	198.67
692.3	1053.98	360.75
263.12	267.0	259.25
141.62	103.92	188.75
330.21	408.43	111.2
157.78	137.93	177.63
83.54	84.33	81.97
151.33	181.33	121.33
139.18	141.95	131.4
493.14	239.67	683.25
266.75	288.67	244.82
51.99	45.72	57.63
230.14	224.29	247.71
142.35	130.56	163.0
403.94	294.76	707.2
287.05	355.91	192.38
192.87	211.36	94.3
347.25	225.0	434.57
148.41	189.68	109.72
109.91	74.57	171.75
48.41	59.92	34.02
208.93	209.56	207.32
768.53	806.02	56.2
175.35	130.3	220.4
115.68	106.0	131.82
314.82	537.67	91.97
301.46	316.55	273.8
397.73	237.9	557.56
229.42	188.11	260.41
62.38	51.45	84.22
1427.08	2013.22	108.25
191.19	192.27	188.8
63.0	55.2	65.84
297.7	291.85	305.68
157.86	137.77	218.14
221.62	205.5	260.3
156.08	149.32	205.67
222.77	184.85	273.33
90.19	102.02	83.2
76.61	79.3	73.25
90.71	98.86	76.45
149.07	160.75	143.22
610.9	582.89	642.41
161.0	143.32	196.37
309.18	390.0	212.2
270.25	260.65	331.0
54.78	56.93	52.63
64.37	73.2	34.93
151.33	171.1	111.8
162.29	164.6	160.85
100.94	78.86	211.33
281.33	203.5	437.0
292.36	191.0	414.0
877.75	1026.12	581.0
58.99	62.86	40.9
55.28	66.5	40.33
95.29	133.16	32.17
84.57	94.69	68.38
334.4	234.33	359.42
140.17	144.88	121.33
225.64	266.83	143.27
179.43	179.17	179.97
241.21	211.56	294.6
63.38	60.47	67.74
435.0	429.2	444.67
307.55	271.87	414.6
4245.29	3465.67	4830.0
158.17	172.54	124.63
223.29	147.33	280.25
211.44	191.0	245.5
125.62	132.0	115.0
270.83	304.36	207.49
311.82	277.88	440.8
63.24	67.33	32.96
230.48	69.97	391.0
431.33	440.82	416.43
138.1	22.93	291.67
43.64	31.5	59.83
388.92	530.5	318.12
143.11	148.07	125.75
163.22	121.44	205.0
251.24	282.98	198.33
102.91	123.04	55.95
112.11	116.91	91.33
219.1	204.2	234.0
205.65	161.11	268.0
961.62	902.0	1061.0
330.42	292.09	560.4
533.66	495.78	735.67
100.46	163.33	37.59
104.6	111.17	94.75
119.33	144.67	94.0
192.26	181.5	235.3
234.43	193.5	289.0
292.97	319.38	248.93
89.38	76.13	109.25
267.71	270.79	261.22
77.21	77.2	77.27
458.92	371.8	521.14
152.96	164.81	125.32
84.85	85.47	83.75
277.58	324.46	176.0
209.1	265.0	153.2
156.63	57.53	230.95
745.0	696.75	809.33
277.56	290.13	264.98
94.87	92.0	96.6
129.54	126.13	135.5
15.41	11.87	23.67
319.8	288.43	393.0
109.68	99.56	119.8
361.21	417.38	260.68
87.3	104.23	72.49
455.86	225.67	628.5
464.03	477.68	378.75
211.51	105.51	317.5
299.24	243.91	400.67
146.75	77.59	238.97
134.68	79.76	189.6
267.18	398.17	110.0
284.39	285.79	282.35
114.31	167.93	72.61
248.29	283.56	169.62
200.41	217.29	115.96
419.21	509.78	256.2
186.41	134.32	325.33
330.06	447.88	212.25
179.56	182.0	174.67
35.44	36.3	34.58
348.21	386.7	252.0
512.96	414.93	660.0
381.38	729.75	149.13
349.12	282.92	508.0
122.55	107.62	161.62
495.5	434.71	580.6
205.73	215.35	180.72
477.9	248.0	822.75
184.38	170.03	251.33
93.93	111.52	79.05
648.63	883.28	179.34
166.46	176.06	68.52
271.61	317.42	180.0
329.86	251.67	388.5
111.06	140.0	76.34
211.89	209.0	219.4
207.5	190.33	224.67
380.76	471.67	244.39
357.18	340.62	401.33
138.29	98.33	168.25
187.5	118.33	256.67
206.94	134.99	386.83
165.72	173.68	128.6
282.86	240.47	367.66
454.5	352.33	585.86
59.72	72.3	47.13
124.37	100.05	173.0
423.32	377.06	608.33
480.86	851.67	202.75
1647.96	2068.8	1279.72
366.5	410.92	251.0
469.56	482.43	459.56
174.94	187.73	146.8
2473.69	2759.33	2259.45
288.17	211.67	364.67
288.77	255.45	388.71
184.99	151.75	271.4
279.92	279.0	281.0
794.63	956.33	632.93
439.43	425.67	449.75
416.01	453.75	199.0
276.26	288.41	239.82
172.38	180.26	117.99
431.24	377.54	699.75
829.33	730.89	1124.67
401.11	285.33	632.67
179.07	203.69	100.3
240.39	239.87	242.75
495.19	506.09	447.2
149.11	155.67	136.0
270.86	287.0	249.33
174.34	376.2	22.95
166.75	174.23	150.53
204.25	184.23	239.28
232.28	352.55	112.0
96.57	83.4	107.86
194.57	200.41	179.0
240.53	250.97	223.45
174.46	177.02	160.62
479.33	596.33	245.33
278.63	270.5	292.19
1590.71	249.5	3379.0
390.07	238.88	591.67
621.31	586.22	700.25
173.47	200.08	67.0
332.21	353.47	251.4
96.4	138.75	39.93
180.0	234.8	111.5
133.54	130.37	142.0
140.88	138.15	152.67
140.81	136.1	148.67
136.04	145.12	115.85
118.35	127.92	84.85
133.89	120.86	168.63
34.33	35.33	33.33
368.68	424.5	271.0
534.71	395.33	639.25
568.18	497.61	885.75
234.73	218.14	254.09
93.32	37.88	176.47
468.44	260.85	1022.0
201.27	174.88	271.67
955.23	1709.56	12.32
250.62	247.96	267.73
78.28	97.12	59.42
173.0	175.0	170.33
2437.76	2438.25	2435.88
761.5	148.27	3010.0
197.7	254.9	145.7
34.2	37.45	8.2
193.08	200.89	175.5
264.25	180.29	381.8
72.5	86.02	22.9
339.3	306.09	485.4
152.5	179.6	107.33
85.31	88.52	75.67
194.45	193.53	197.0
876.45	832.0	913.5
261.0	246.75	280.0
671.6	812.4	530.8
213.18	229.6	153.0
135.18	114.26	184.0
85.6	62.4	112.11
94.28	97.43	87.09
281.0	394.67	195.75
315.64	270.78	360.5
215.67	173.06	343.5
109.35	123.96	90.57
187.36	99.4	260.67
188.59	203.83	154.3
94.17	118.67	69.67
91.88	111.36	39.93
356.86	315.75	411.67
282.86	291.3	261.75
341.88	209.8	562.0
290.04	435.84	102.57
369.23	347.84	412.0
423.74	442.46	383.17
111.02	117.97	104.07
73.76	68.47	89.63
175.86	202.9	108.25
258.29	220.75	308.33
145.43	135.25	159.0
1109.21	1566.82	194.0
355.8	351.38	377.29
63.11	83.43	59.53
27.41	24.67	29.05
62.96	44.91	88.76
331.01	359.97	248.29
96.86	84.67	106.0
60.62	35.22	102.97
409.14	94.33	645.25
183.82	182.58	186.8
316.0	283.0	398.5
75.47	88.97	52.95
271.72	217.14	471.83
140.4	96.0	170.0
270.35	257.32	291.2
138.42	154.4	110.47
372.35	371.67	372.58
721.8	746.44	623.25
28.62	33.36	19.15
291.28	311.05	212.19
486.23	557.62	372.0
57.89	65.34	36.77
530.0	719.33	205.43
232.21	270.34	98.75
1180.32	1375.29	254.22
219.69	191.65	261.75
284.38	269.46	335.12
138.04	111.92	242.5
652.84	735.18	396.67
380.9	439.57	244.0
196.72	121.7	328.0
116.85	175.5	38.66
183.5	176.14	200.67
674.91	930.43	227.75
109.41	112.03	92.0
783.0	457.17	1597.6
732.72	873.45	204.97
215.88	297.67	180.83
222.82	291.14	103.25
132.66	148.17	98.52
1378.93	1549.91	752.0
288.33	387.33	139.83
971.47	1754.0	286.75
362.27	530.2	194.33
838.5	1914.67	377.29
244.13	257.83	186.6
162.54	144.9	221.33
396.53	520.43	231.33
163.22	146.76	220.83
1715.45	2541.29	270.25
4.26	4.86	1.74
99.83	93.89	117.67
155.18	158.14	148.27
363.67	410.67	269.67
199.67	137.33	262.0
640.08	666.33	537.72
150.23	153.14	134.86
507.0	522.13	444.29
235.77	247.1	226.33
295.8	335.86	225.7
1189.83	1262.33	1117.33
284.45	294.43	267.0
101.0	122.71	73.85
233.38	164.4	348.33
499.5	431.67	567.33
445.0	525.38	353.14
137.78	174.11	28.79
541.42	370.33	712.5
2968.5	2318.0	4052.66
143.08	118.95	312.0
177.62	64.57	290.67
115.13	120.67	94.38
388.45	533.67	214.18
57.97	17.14	153.24
163.56	202.49	62.34
306.8	312.08	297.0
336.07	399.68	201.77
125.06	150.6	93.14
93.8	56.27	131.33
1949.67	1843.22	2322.25
319.32	169.57	528.96
810.06	971.67	325.25
234.11	199.17	304.0
151.89	140.11	170.74
330.5	391.0	209.5
516.91	606.02	267.4
100.33	215.03	14.3
234.77	294.42	163.2
491.75	555.17	396.62
203.67	222.56	96.6
281.77	185.56	498.25
179.61	119.32	290.15
882.56	1072.2	645.5
332.92	338.44	320.5
2440.58	2557.59	1855.56
341.0	427.71	138.67
92.82	99.6	84.35
206.4	187.5	234.75
178.37	3.41	615.75
180.0	144.8	224.0
34.69	41.98	24.97
86.08	92.71	67.52
124.24	138.96	71.28
59.77	33.9	94.27
403.17	347.0	571.67
474.01	162.74	863.1
239.72	159.09	642.83
299.81	304.39	294.57
234.22	244.83	213.0
462.25	412.99	631.14
46.3	48.0	44.6
183.75	225.81	71.6
299.33	358.78	121.0
627.39	781.64	267.46
2539.02	2587.09	2394.82
95.9	72.96	153.25
430.42	470.4	297.17
264.07	253.17	307.67
233.33	198.0	268.67
567.12	163.25	971.0
2061.15	82.66	4039.63
70.32	68.73	77.96
915.28	1780.59	49.97
2160.72	2921.38	449.25
204.71	168.17	229.08
71.43	73.1	62.0
149.3	325.28	61.31
252.65	290.44	139.27
363.0	350.26	409.19
99.54	96.6	101.98
191.86	209.0	169.0
194.68	194.08	198.0
111.78	102.0	124.0
2593.57	4342.25	262.0
332.01	168.56	462.76
141.52	76.45	271.67
95.98	88.16	105.75
380.92	176.66	809.86
240.5	292.75	136.0
417.55	500.15	128.45
243.99	227.0	250.36
64.86	66.65	49.97
135.13	156.72	106.33
157.4	160.36	155.29
155.22	160.83	144.0
218.58	362.0	170.78
349.67	457.67	133.67
334.44	412.0	179.33
927.54	228.37	2792.0
149.77	150.9	146.0
261.24	203.23	332.14
206.54	317.67	150.98
112.49	120.51	35.0
245.71	405.0	126.25
82.33	81.76	89.0
283.09	287.71	275.0
98.92	195.3	50.73
331.78	408.67	293.33
53.11	26.42	97.6
225.41	211.96	232.89
216.51	188.83	389.5
368.82	290.44	473.33
35.34	54.12	7.18
142.0	157.8	115.67
543.35	712.94	102.4
162.11	205.17	76.0
181.81	50.89	400.0
138.49	177.4	73.63
79.97	62.56	109.0
97.43	123.96	26.67
1368.35	1703.67	865.37
244.84	249.61	224.16
191.62	219.13	136.6
177.61	270.75	136.22
246.43	128.64	658.73
157.53	160.59	136.17
130.93	338.33	42.04
204.38	285.0	156.0
266.69	97.27	662.0
153.56	182.5	114.97
353.25	363.0	343.5
156.62	176.0	145.0
202.89	245.57	175.73
293.17	334.43	169.41
352.15	319.47	504.67
83.01	85.26	75.13
39.91	45.36	16.27
320.71	332.0	305.67
219.58	368.67	70.49
384.57	400.56	333.4
1027.77	1320.12	560.0
205.21	228.36	112.6
249.38	165.0	333.75
381.66	350.68	417.29
356.67	355.12	358.43
53.0	47.88	75.53
181.62	185.0	179.6
72.91	83.5	44.67
183.16	135.1	218.4
499.0	493.5	503.4
257.88	205.59	454.0
83.91	89.77	72.2
296.87	278.55	347.25
289.56	268.96	392.57
119.26	100.88	143.78
130.75	105.66	145.8
304.05	325.91	277.33
270.05	272.68	261.5
178.25	228.88	127.62
168.71	152.0	181.25
91.86	77.0	103.0
437.3	416.5	485.83
379.81	235.25	524.38
372.42	667.57	28.08
110.2	115.24	85.0
374.44	305.33	409.0
99.44	78.83	140.67
170.29	156.2	178.11
326.14	296.12	347.96
268.0	279.85	200.29
151.48	154.11	143.6
129.54	288.33	99.77
458.7	193.91	855.88
330.0	310.2	349.8
77.73	74.38	86.67
286.29	100.67	425.5
111.34	79.2	129.2
104.64	109.14	96.75
260.11	279.6	235.75
378.5	285.0	472.0
109.86	108.27	118.33
130.13	105.88	178.65
488.09	580.94	395.25
196.23	192.75	221.5
1141.5	1307.37	91.0
647.0	739.25	524.0
204.89	224.85	158.3
114.61	160.57	39.94
176.11	150.67	195.2
170.43	123.67	205.5
154.26	154.57	153.43
732.69	670.69	877.33
349.12	44.87	653.37
242.87	227.43	275.3
310.06	281.67	346.57
321.32	326.85	292.58
126.71	115.75	141.33
471.5	302.0	641.0
114.5	132.0	85.33
91.66	83.87	98.8
345.89	382.83	272.0
181.86	157.75	214.0
74.47	101.76	41.72
171.91	173.08	170.55
152.73	154.42	133.75
31.03	41.82	26.05
201.31	170.75	250.2
420.2	404.33	444.0
159.34	145.32	204.2
82.47	57.93	107.0
131.16	106.66	155.67
55.74	53.67	68.87
424.11	384.33	503.67
215.79	296.0	28.63
112.7	156.33	79.97
156.75	165.36	128.75
71.68	66.07	101.6
298.94	319.86	252.9
472.17	390.33	554.0
316.08	274.5	422.33
166.71	104.67	213.25
74.04	71.63	78.38
177.73	166.06	221.5
18.42	38.1	7.68
515.13	560.7	424.0
137.84	127.86	155.8
266.03	208.12	594.22
109.06	127.65	67.25
208.43	192.19	235.5
207.38	213.0	201.75
180.56	216.09	102.38
136.91	139.23	132.53
127.09	114.67	173.65
248.14	259.25	233.33
149.43	120.0	172.98
230.37	250.92	141.33
153.38	106.57	194.34
663.52	753.65	62.6
233.88	177.25	290.5
267.15	252.41	370.33
313.12	369.8	218.67
22.31	34.2	7.45
107.7	152.33	40.76
189.13	193.92	161.0
141.06	192.56	89.55
120.58	171.5	95.12
380.93	411.09	270.33
79.89	61.94	151.69
260.3	289.38	78.5
799.39	1025.58	120.83
203.47	1.61	405.33
1099.83	90.33	2109.33
122.45	135.25	109.65
84.05	89.7	52.95
351.35	349.56	359.9
89.33	67.2	117.0
264.16	224.71	310.19
203.12	214.82	156.33
162.15	179.47	98.67
498.76	459.06	625.8
239.43	171.0	330.67
150.59	159.25	141.92
195.27	222.25	159.3
58.26	69.71	48.45
309.67	330.35	290.37
95.29	143.27	37.71
150.31	188.72	122.65
65.95	43.6	74.33
360.73	274.8	432.33
152.19	113.62	258.25
274.76	325.33	236.82
665.85	787.33	392.5
256.56	281.98	163.33
187.14	153.5	232.0
76.46	92.94	54.5
391.25	390.0	395.0
165.23	187.39	86.09
370.44	261.47	501.2
190.47	180.61	220.81
367.0	337.92	483.33
641.93	541.42	1044.0
140.39	140.63	140.05
143.08	165.09	113.74
409.6	647.24	53.15
395.34	345.76	525.49
858.86	331.5	1562.0
203.64	200.88	211.0
333.07	378.57	253.45
306.26	303.65	326.0
51.67	57.03	22.23
1043.11	939.86	1195.26
173.56	159.21	204.16
117.93	125.13	103.52
489.89	589.23	405.83
294.5	325.57	222.0
230.65	239.32	143.97
272.99	196.41	451.67
147.97	86.93	193.75
142.8	71.6	332.67
106.7	108.8	104.6
775.0	673.0	928.0
280.55	416.87	69.26
147.22	200.11	110.6
320.03	317.6	324.08
643.62	628.6	668.67
168.67	172.5	157.2
361.65	378.23	342.71
71.12	80.67	61.58
351.5	402.6	266.33
234.38	174.0	252.5
195.62	189.0	206.67
236.67	237.67	234.67
160.75	188.75	132.75
505.69	524.82	436.8
223.21	226.54	215.44
125.97	55.8	219.53
104.96	107.64	98.0
155.36	170.86	128.25
246.36	251.7	235.69
110.02	160.33	9.4
246.63	186.62	366.67
3193.4	3574.94	2379.47
143.79	149.74	122.95
195.59	204.14	138.63
286.14	308.75	256.0
128.67	140.33	105.33
171.0	201.0	111.0
121.92	171.4	91.0
87.11	73.57	97.64
146.81	147.98	140.93
36.44	13.72	55.38
391.0	456.0	282.67
169.86	180.2	120.75
113.66	123.92	34.97
173.35	122.22	275.6
141.16	105.92	185.2
75.72	145.27	34.0
139.57	201.25	57.33
639.17	345.33	933.0
172.3	197.71	133.04
353.4	290.67	541.6
75.62	34.33	125.16
226.64	252.3	175.33
134.81	130.41	150.2
200.04	215.2	156.71
339.57	321.27	359.69
321.9	207.86	401.73
140.1	127.36	159.79
132.33	144.99	89.6
235.31	405.0	133.5
697.48	235.48	974.68
93.16	62.13	120.32
153.32	214.0	92.63
455.6	442.5	475.25
85.7	78.8	97.2
92.47	97.97	87.88
135.29	111.54	176.85
530.58	471.75	631.43
196.42	119.3	244.63
97.78	90.83	114.0
196.26	142.43	277.0
39.59	29.7	47.83
102.98	98.67	107.3
444.29	254.5	697.33
361.99	423.67	269.48
418.55	381.24	630.0
54.27	60.25	46.3
4907.71	4828.5	5013.33
141.03	143.04	131.99
50.93	47.14	62.27
294.38	336.4	154.33
1459.14	776.0	1971.5
148.7	131.32	174.77
150.26	126.55	176.34
157.43	154.07	168.63
84.09	96.8	61.2
181.71	178.8	189.0
56.41	29.26	69.98
151.05	180.98	125.4
92.55	86.27	136.47
656.65	756.31	208.16
58.95	69.3	48.59
76.75	76.58	77.3
79.36	62.72	91.85
431.21	493.4	275.75
65.68	49.36	111.4
1338.12	1423.6	1195.67
53.83	63.66	30.91
442.23	508.31	244.0
408.74	463.92	374.25
291.18	436.86	36.25
169.21	156.0	217.67
246.25	168.2	376.33
182.59	194.62	151.0
337.47	377.62	291.57
235.18	160.67	309.7
491.91	190.18	879.84
252.12	238.49	270.29
28.99	33.4	23.48
398.73	230.0	694.0
61.56	58.27	72.08
423.69	528.0	215.07
29.48	32.3	25.72
83.82	94.46	66.08
123.5	168.33	78.67
64.39	51.22	86.33
186.61	159.15	222.3
268.31	434.5	177.67
1542.88	1686.6	1303.33
1301.71	2106.5	228.67
564.0	628.0	484.0
306.12	225.43	548.2
1222.21	779.0	1554.62
188.3	171.88	215.67
97.32	125.0	69.63
182.23	213.66	129.83
268.09	160.02	484.24
784.67	314.45	1348.94
57.07	23.38	102.0
46.93	55.07	25.2
152.77	184.46	105.25
1198.95	1349.08	98.0
274.65	298.21	162.75
360.93	362.21	354.97
366.91	390.38	304.33
54.84	60.77	43.0
235.14	226.25	247.0
174.17	196.93	153.04
237.84	248.31	182.0
152.88	142.2	170.67
621.7	653.08	464.8
216.5	196.2	284.17
564.11	617.33	457.67
211.12	226.25	196.0
283.03	291.26	238.6
134.23	182.2	6.3
260.2	290.86	188.67
239.6	200.33	298.5
2214.33	963.0	3215.4
168.5	68.67	228.4
52.46	30.45	85.47
199.9	267.12	65.45
313.18	365.43	221.75
59.72	62.61	56.24
155.53	101.4	223.2
50.85	43.36	80.8
179.5	167.95	195.38
435.14	146.23	1054.21
285.29	297.69	260.5
115.02	123.85	77.96
72.2	117.0	27.4
192.5	193.36	190.6
93.74	100.0	89.98
3072.14	1175.66	8002.98
291.88	318.6	247.33
266.46	256.33	288.74
1112.67	1059.0	1166.33
200.83	193.33	208.33
871.2	1278.83	259.75
127.37	58.87	178.75
455.96	746.5	68.57
120.33	111.67	129.0
265.94	163.88	368.0
131.1	119.66	174.6
295.49	214.6	353.27
165.05	47.67	243.3
124.74	135.48	104.61
179.33	120.67	238.0
514.44	492.0	542.5
220.75	235.17	143.8
337.79	281.15	462.4
475.7	383.44	807.8
927.17	491.43	1537.2
387.64	357.42	528.67
283.4	300.17	258.25
844.12	971.25	717.0
157.42	170.5	144.33
234.83	283.24	170.28
362.86	485.33	271.0
212.77	227.11	180.5
83.93	95.2	74.92
100.04	104.79	74.38
168.03	149.0	196.56
339.05	382.3	245.33
97.66	99.74	87.96
140.15	127.1	174.93
353.78	363.16	339.7
75.63	57.06	168.45
83.82	83.32	84.45
53.38	54.94	51.42
410.83	477.6	359.47
93.78	110.17	61.0
212.73	251.07	130.57
184.77	197.18	142.6
133.48	143.71	98.26
1553.95	744.23	3308.33
3121.0	3296.4	2828.67
169.5	173.69	151.33
170.38	210.25	130.5
852.36	24.85	1514.36
664.73	383.22	1024.44
134.73	120.91	172.75
79.25	56.0	118.0
398.53	348.57	442.25
70.69	84.54	33.77
395.4	442.07	286.5
354.58	392.6	312.34
156.95	140.8	173.1
115.56	98.97	137.67
164.5	133.6	216.0
101.04	109.93	95.71
149.58	89.87	269.0
127.91	146.09	77.9
236.13	240.44	205.93
151.12	88.98	275.4
384.17	257.89	690.86
3226.44	3295.0	3089.33
46.54	45.59	51.63
305.86	306.89	304.0
140.34	120.72	166.5
152.6	143.71	173.33
242.5	173.67	449.0
127.31	135.53	110.87
94.77	50.92	147.38
2862.0	4756.4	494.0
75.11	59.19	122.86
254.27	314.07	149.62
99.72	71.96	151.29
125.13	121.25	133.74
178.28	182.03	173.41
86.34	72.65	118.26
262.9	286.33	227.75
12.28	14.34	7.65
449.12	299.6	698.33
131.0	109.6	173.8
45.0	42.98	52.7
182.36	194.18	124.98
166.83	195.12	142.57
98.39	104.0	68.96
140.43	140.25	141.33
360.0	316.17	447.67
112.77	55.28	148.69
3662.83	3010.62	4804.19
128.68	87.88	271.5
280.73	302.0	256.43
165.79	179.28	138.8
81.09	68.43	103.25
1100.33	1149.25	1061.2
1651.62	531.4	3051.89
488.0	194.5	683.67
52.07	113.5	6.0
427.69	434.45	418.67
2946.0	4838.6	1368.83
610.42	671.5	305.0
32.23	37.15	22.4
182.58	172.57	200.82
142.0	148.4	134.0
472.53	529.0	359.6
328.59	266.41	473.67
277.09	328.83	215.0
295.56	330.5	225.67
156.58	147.32	184.33
152.9	205.2	96.58
126.0	121.01	148.5
2353.0	1776.25	3122.0
371.31	589.8	98.2
203.27	120.96	395.33
245.96	265.5	167.8
287.0	223.56	380.29
53.62	58.49	3.27
213.17	200.05	275.5
271.62	255.41	340.5
211.43	78.87	344.0
161.97	200.95	110.0
93.23	86.56	108.25
211.48	253.78	179.75
186.21	202.56	147.38
904.38	219.6	2045.67
267.83	248.38	280.8
59.53	45.11	73.95
108.44	182.5	26.14
176.62	197.75	155.5
99.18	140.99	78.28
328.94	291.43	381.45
123.51	157.38	103.18
5.56	3.07	8.05
183.92	214.12	123.5
40.77	37.2	44.33
63.19	71.13	51.84
228.0	196.17	291.67
193.6	206.32	169.75
159.91	143.5	203.67
46.76	42.95	58.2
1043.78	1296.4	728.0
118.13	137.44	66.65
286.5	336.0	138.0
141.0	148.2	129.0
152.36	166.53	62.63
91.11	97.11	64.12
105.53	148.0	63.07
305.55	301.27	318.4
97.33	91.67	103.0
69.57	35.81	103.32
257.14	220.67	284.5
161.23	43.16	358.0
142.67	143.17	140.67
97.72	87.51	107.94
228.33	170.0	286.67
73.96	89.47	32.63
239.58	212.75	293.25
139.87	137.35	144.02
150.22	133.71	173.32
231.29	287.77	127.75
281.5	342.33	220.67
135.07	126.34	161.25
112.2	124.23	78.12
168.08	145.95	185.78
57.68	15.54	156.0
109.35	118.55	85.67
82.7	75.07	108.13
335.08	310.5	417.0
1990.22	1645.33	2680.0
72.91	60.46	116.5
173.74	128.5	185.05
101.67	103.78	95.33
351.44	381.89	272.8
189.2	85.6	292.8
250.58	174.83	326.33
169.76	241.86	73.62
118.37	106.57	140.49
75.15	86.48	33.6
361.52	342.55	380.5
177.58	168.8	183.86
253.43	144.0	335.5
265.43	336.53	219.71
192.9	194.11	191.04
298.0	277.89	358.33
295.42	229.29	427.67
143.08	177.67	113.43
677.62	688.0	668.71
105.94	105.57	107.32
162.62	261.26	106.26
323.12	220.64	511.0
329.06	332.15	315.67
280.15	241.75	311.48
143.21	137.55	163.6
676.11	997.0	248.27
379.58	381.5	361.67
139.62	150.25	122.6
268.88	290.98	220.25
162.97	178.2	147.75
227.92	227.03	231.12
212.95	225.88	204.33
166.91	187.88	111.0
80.68	82.46	75.93
103.21	103.39	101.6
203.44	231.0	148.33
171.31	171.31	171.33
256.29	343.0	140.67
197.65	158.11	253.0
129.79	121.38	138.2
180.0	175.44	185.12
545.08	412.0	944.33
111.69	114.44	99.79
275.93	201.2	317.44
228.86	146.25	339.0
154.92	101.76	261.26
82.75	88.56	61.86
184.11	186.56	172.67
289.18	294.52	255.33
182.16	198.56	165.76
153.15	142.91	166.18
161.26	219.14	103.37
98.11	104.2	87.97
75.61	80.42	68.62
234.63	225.06	244.2
150.66	143.35	199.33
341.21	249.67	409.88
234.6	225.17	248.75
745.27	768.71	704.25
271.44	297.09	231.14
199.46	200.75	197.4
435.85	386.86	664.5
89.35	74.56	114.0
340.28	115.25	444.14
513.95	531.9	274.67
140.6	157.93	108.11
110.15	134.1	46.3
118.61	130.56	50.89
452.55	586.33	292.0
179.24	234.67	145.98
358.49	394.23	334.67
177.07	166.3	190.0
121.04	203.6	89.28
231.38	234.84	227.33
134.2	124.17	154.27
46.68	47.62	45.74
99.06	82.01	125.59
147.12	128.67	158.2
614.84	352.12	1035.18
846.21	842.53	860.0
140.09	149.54	81.83
141.12	86.25	196.0
127.99	110.13	169.67
88.75	91.2	86.3
275.36	263.71	295.75
228.25	233.75	222.75
110.45	81.53	142.99
91.37	107.64	69.66
74.21	79.14	60.4
247.0	234.5	288.67
313.54	366.33	250.18
246.46	270.24	151.33
464.62	462.6	468.0
152.66	132.58	177.75
194.82	263.67	125.97
127.02	161.92	57.22
465.0	498.83	414.25
7140.56	6289.55	9012.8
209.4	154.58	428.67
112.16	88.85	140.14
183.66	158.16	236.49
271.5	299.81	186.55
658.51	421.91	989.76
263.86	208.2	308.4
274.16	317.25	159.26
240.28	201.13	326.4
248.41	208.74	327.75
385.05	416.27	187.33
464.4	374.43	524.38
93.97	77.21	110.74
334.39	312.07	412.5
48.05	37.74	58.36
177.16	217.29	101.92
1302.64	1714.53	66.97
221.46	204.67	235.86
333.29	405.26	181.33
141.41	141.88	139.72
209.85	240.35	177.44
1668.11	1119.75	2106.8
159.91	213.75	79.16
63.26	85.75	48.27
143.35	143.75	142.0
146.79	226.4	67.18
159.0	132.4	181.17
171.3	116.89	252.93
9606.09	6365.75	11457.71
320.7	320.17	321.5
218.54	211.66	242.62
402.15	479.88	350.33
190.07	216.32	158.58
129.77	134.53	105.99
174.75	174.47	176.26
376.95	371.83	399.38
116.46	73.16	188.63
90.07	46.15	148.63
329.94	611.33	48.55
284.11	233.0	352.25
183.43	183.91	179.99
292.78	268.5	312.2
176.48	130.63	222.33
167.15	187.61	130.78
112.4	101.25	119.83
78.09	73.44	93.62
176.09	187.49	107.67
60.33	60.54	59.72
168.68	224.0	144.1
288.22	226.5	411.67
227.44	232.6	221.0
112.59	136.98	71.93
131.43	146.93	100.44
217.12	269.33	185.8
146.71	127.5	172.33
101.26	101.02	101.58
91.8	101.11	75.04
98.19	111.23	63.95
251.41	166.5	336.31
195.57	173.5	443.75
331.21	154.65	684.33
191.02	190.48	192.64
299.25	267.6	352.0
269.57	213.25	344.67
399.49	398.81	400.57
64.15	64.74	60.86
213.0	229.07	137.99
498.18	648.75	96.67
199.45	134.86	312.5
295.09	310.27	266.62
220.99	176.99	282.6
289.43	250.5	331.91
331.55	441.44	221.66
62.33	73.63	47.27
166.49	154.43	188.2
290.53	312.09	260.88
183.11	159.0	231.33
403.44	340.32	775.11
193.5	238.33	148.67
386.44	465.17	347.08
384.92	839.25	183.0
335.17	326.67	343.67
368.64	425.67	347.25
123.9	106.48	138.42
187.75	137.5	305.0
238.43	247.21	139.0
319.84	309.81	371.67
236.06	208.2	305.7
42.8	34.3	62.63
119.98	124.95	93.78
309.54	384.48	159.67
153.13	180.9	46.67
844.34	1050.09	89.93
192.45	127.62	365.33
134.25	87.4	212.33
389.99	328.21	482.67
131.92	139.67	108.67
100.11	157.33	57.2
206.07	199.09	233.34
130.21	138.82	113.0
55.64	54.36	57.78
137.32	120.47	150.8
437.72	622.32	283.88
62.69	68.25	55.27
169.84	190.4	144.15
182.9	128.8	198.81
120.57	112.5	131.33
90.05	69.78	130.6
178.23	60.99	274.15
174.08	181.0	167.17
114.16	43.65	157.24
572.36	601.11	520.6
1442.41	87.84	2796.98
96.1	68.33	137.75
901.2	1088.72	26.1
101.55	113.35	82.68
24.3	35.25	10.62
4570.76	7009.0	4048.29
274.06	316.77	246.3
105.86	74.45	147.75
856.32	1061.58	308.97
5258.74	230.47	10287.0
179.97	174.49	271.33
77.83	114.33	50.45
611.99	666.17	203.54
182.31	56.72	254.08
462.33	591.67	333.0
309.75	328.87	266.75
229.08	200.14	296.6
150.21	126.7	173.72
566.96	356.12	1164.33
150.0	145.14	158.5
175.5	259.0	92.0
63.56	58.16	68.95
228.33	262.4	185.75
556.43	573.33	543.75
4379.12	4274.45	5391.0
170.84	183.64	132.43
150.01	190.41	93.44
218.8	252.75	196.17
710.83	816.5	569.93
806.71	788.82	872.33
402.33	374.75	457.5
310.12	174.63	445.6
318.47	335.96	248.5
126.55	116.3	165.0
63.43	61.72	68.97
246.75	323.14	139.8
132.6	151.83	103.75
51.94	59.49	41.86
33.45	33.94	32.63
209.77	244.32	106.1
102.6	130.6	74.6
82.74	93.05	69.0
174.47	141.19	207.75
113.66	122.0	97.0
252.54	188.29	368.2
469.41	497.67	435.5
442.83	605.0	280.67
152.16	146.67	168.66
235.86	253.25	212.67
197.08	234.4	72.67
430.0	430.17	429.75
368.66	369.22	367.47
453.47	511.52	229.57
109.21	117.32	75.15
21.72	24.5	18.93
631.71	754.69	431.88
284.58	280.0	293.75
185.84	106.48	253.86
42.07	46.99	31.0
4380.32	5491.82	304.83
132.22	85.4	190.75
1288.08	1481.0	786.5
242.29	177.33	291.0
1156.72	255.07	3636.25
579.23	904.73	172.35
194.89	237.18	99.72
218.89	240.48	182.9
296.86	341.33	263.5
227.04	220.44	237.6
262.0	376.0	148.0
59.09	71.91	30.89
75.0	67.33	82.67
567.99	857.0	206.72
326.67	441.2	183.5
269.71	265.78	282.39
68.38	88.04	9.37
321.56	279.77	396.8
161.63	112.0	246.71
218.69	178.23	394.0
98.25	60.36	318.0
24.1	25.03	21.93
690.38	153.23	2839.0
532.63	517.48	603.33
225.6	211.4	239.8
169.2	203.29	89.67
416.33	420.0	409.0
164.91	217.83	101.4
228.12	275.75	116.97
164.18	160.88	173.0
81.54	79.35	87.0
73.74	71.2	77.97
295.89	354.67	178.33
253.91	260.57	242.25
335.64	319.57	363.75
128.43	145.51	89.4
1809.12	1107.43	2996.59
336.0	325.55	359.0
123.68	204.32	95.22
157.46	169.63	121.5
575.54	325.39	1326.0
207.99	162.0	276.98
211.97	231.29	154.0
110.78	143.97	52.7
129.21	140.18	87.17
88.41	80.71	92.89
62.05	57.1	80.88
323.0	303.5	349.0
191.05	169.5	216.9
178.42	142.4	223.45
148.67	152.0	138.67
31.15	39.98	15.7
119.79	120.21	119.17
80.16	94.13	66.19
120.48	135.33	105.63
483.33	291.6	587.91
386.88	412.46	318.67
954.03	1158.72	544.63
16.19	9.67	18.64
247.27	276.32	63.33
38.2	44.79	26.35
252.79	288.96	135.22
270.46	289.15	208.17
310.6	206.83	466.25
123.7	138.57	89.0
156.31	167.44	131.25
84.79	72.9	92.36
360.99	640.32	11.83
118.0	139.67	53.0
38.27	34.04	40.68
246.88	271.5	166.88
63.73	37.98	123.82
167.43	118.67	204.0
88.4	96.33	86.24
139.66	71.18	225.25
219.55	241.15	90.0
37.16	40.51	23.77
1406.59	224.86	1997.46
270.56	347.5	116.67
224.74	379.2	18.79
672.25	773.73	498.29
289.7	282.45	298.32
287.31	339.3	235.33
185.32	187.06	180.67
3602.12	205.33	5640.2
87.26	63.42	146.87
119.43	124.5	112.67
1117.08	1938.17	131.78
336.94	485.75	188.12
101.58	132.9	58.86
226.98	207.36	261.31
196.67	135.0	258.33
197.0	275.33	118.67
1775.81	2820.47	104.36
3158.83	1291.67	5026.0
100.58	82.99	135.75
234.81	284.57	176.75
194.2	192.41	196.29
164.83	179.89	140.19
186.96	206.83	127.33
1084.17	2321.0	465.75
237.33	180.33	294.33
113.27	73.67	192.47
112.95	103.29	129.88
563.81	601.15	402.0
427.54	384.64	642.0
379.69	425.37	290.25
147.31	84.1	358.0
212.43	172.67	242.25
309.47	361.57	66.33
107.44	115.5	91.33
577.44	554.06	603.75
161.98	148.88	188.2
303.25	335.61	206.17
576.36	606.25	317.33
45.42	38.3	59.66
737.99	553.29	1304.4
339.25	325.2	362.67
2644.43	775.67	4046.0
407.81	490.05	243.33
124.91	118.0	130.1
371.3	424.07	160.2
479.5	456.2	518.33
211.5	214.8	208.2
102.0	112.96	69.11
180.05	102.25	198.35
152.29	173.78	36.25
233.19	223.68	248.48
228.96	160.67	297.26
144.88	120.74	200.4
200.62	178.38	217.31
159.12	127.26	212.22
57.55	67.82	16.47
362.0	246.8	506.0
244.7	251.57	228.67
86.55	87.28	85.33
90.78	91.85	88.3
2969.52	3171.35	1624.0
292.92	334.1	155.63
108.08	139.5	66.19
631.38	752.0	323.11
156.47	143.2	172.15
295.13	248.09	379.8
150.8	160.58	117.27
410.78	406.0	416.75
250.07	191.68	352.25
179.46	140.37	213.33
152.9	183.12	72.3
120.74	157.26	35.53
122.13	101.08	174.75
138.25	169.43	94.6
588.36	567.29	625.25
396.44	384.8	411.0
1081.73	1115.45	989.0
234.61	242.24	219.33
217.8	101.6	334.0
159.67	180.5	118.0
87.7	78.21	125.67
12.66	13.17	12.15
179.43	223.5	120.67
350.15	328.05	388.83
246.45	270.6	210.22
124.43	104.48	140.39
92.41	101.7	85.06
241.53	203.24	328.33
125.19	99.41	234.75
301.59	315.55	276.0
132.0	111.4	157.75
178.33	103.5	328.0
157.0	167.62	135.75
214.88	224.6	198.67
311.86	337.09	231.1
209.39	246.52	98.0
250.68	266.85	182.8
116.35	109.37	125.67
271.1	340.3	194.21
51.9	55.05	47.17
195.11	159.53	328.5
7359.3	4571.16	11076.83
394.81	534.72	161.63
437.25	585.0	191.0
609.0	594.42	634.0
88.43	99.75	73.33
167.0	174.12	152.75
323.85	289.44	401.25
90.81	87.24	119.37
108.43	114.67	105.32
355.87	273.95	421.4
543.38	523.79	617.8
209.74	258.56	165.8
120.83	94.36	187.0
591.5	725.0	458.0
798.81	963.33	469.75
626.38	713.0	482.0
804.42	822.59	719.67
85.96	37.88	221.46
84.48	88.83	80.13
148.08	116.45	169.17
149.36	173.49	87.33
116.57	108.45	127.4
144.74	147.08	139.6
244.57	263.5	219.33
153.33	174.4	127.0
188.06	152.37	223.75
169.27	116.29	262.0
300.83	385.95	187.33
291.3	204.04	444.0
365.14	386.14	344.14
129.22	115.6	146.25
126.17	152.33	100.0
106.21	73.62	204.0
86.34	92.82	38.36
259.12	182.98	304.8
2248.64	2702.75	1037.67
288.94	264.78	320.0
116.91	108.53	135.75
154.4	193.45	102.33
52.77	43.27	62.27
346.09	337.94	380.75
136.39	131.84	147.0
249.36	214.99	305.59
3211.37	327.12	5309.0
112.03	82.45	171.2
99.0	97.34	101.23
779.9	1215.0	127.25
1113.62	209.96	2198.0
64.78	55.75	72.0
148.37	132.97	153.51
121.2	175.76	66.63
241.57	249.55	212.33
63.12	56.21	85.0
142.83	167.43	75.19
204.11	122.9	373.91
632.6	622.85	650.71
177.95	114.11	241.8
125.71	154.33	108.88
47.2	44.73	52.96
28.2	18.3	35.62
517.98	175.62	822.3
195.75	232.4	134.67
214.99	218.56	205.0
128.36	121.6	145.25
132.3	46.97	217.62
214.29	216.0	212.0
151.12	163.52	119.26
388.44	418.67	328.0
214.14	388.67	83.25
152.1	135.14	191.67
71.43	67.25	77.0
179.7	178.0	180.43
161.38	187.8	117.33
149.49	193.0	84.22
176.0	221.0	101.0
68.11	44.75	91.47
103.75	96.94	146.34
215.81	309.22	113.06
150.17	158.67	141.67
278.2	260.43	319.66
125.66	105.05	166.87
3218.91	1707.6	4478.33
206.2	176.42	275.67
208.12	212.16	193.6
144.58	152.06	72.33
255.85	266.35	231.33
159.37	156.12	169.78
257.45	291.0	190.35
137.29	157.75	120.92
168.71	171.75	164.67
142.22	141.41	148.2
227.55	188.6	276.25
350.73	318.83	389.0
389.25	226.2	463.36
429.25	510.15	78.67
229.53	185.83	306.0
183.87	174.22	206.13
138.65	148.18	88.27
84.06	70.7	101.87
198.47	252.22	37.23
166.61	188.25	97.36
393.46	416.52	307.0
177.0	231.8	108.5
34.46	32.36	44.12
51.91	55.9	45.93
126.11	132.07	92.33
248.67	258.67	238.67
90.7	90.86	90.33
101.38	64.66	147.28
202.99	217.98	180.5
270.32	277.5	260.75
180.97	210.93	151.0
286.11	220.5	417.33
329.22	309.2	354.25
130.85	130.67	131.27
192.51	186.05	218.36
646.92	53.36	2229.73
316.14	265.54	501.67
381.62	388.08	362.25
177.38	192.25	162.5
133.71	156.71	81.95
5027.42	8513.0	3284.63
285.71	246.25	338.33
68.04	61.99	89.84
413.2	583.17	158.25
151.8	153.06	149.29
68.96	66.97	72.93
418.15	455.82	342.82
179.33	168.0	190.67
43283.11	64762.67	324.0
131.87	97.5	152.48
263.33	261.67	265.0
207.76	157.97	307.33
24.44	43.0	13.3
193.98	315.23	72.72
47.47	49.21	34.6
207.18	210.12	184.67
179.25	200.06	102.93
220.88	119.0	322.75
158.0	184.67	142.0
258.08	247.62	279.0
338.57	450.25	189.67
361.88	456.0	205.0
289.75	364.33	66.0
163.0	90.0	260.33
308.32	301.0	330.27
194.97	224.11	117.25
364.37	21.28	578.8
143.73	144.51	142.04
79.82	69.66	109.22
268.86	259.0	282.0
203.22	201.17	207.33
100.28	96.78	103.15
67.95	40.1	116.7
228.37	230.59	216.4
402.74	315.83	541.79
207.95	221.04	158.2
338.0	416.0	234.0
350.8	65.03	509.56
125.56	130.3	117.66
137.22	96.38	213.8
192.67	165.83	246.33
199.31	123.54	300.33
233.64	177.98	289.31
475.95	500.35	372.25
86.95	92.45	73.2
219.86	354.67	118.75
122.09	125.43	116.25
95.37	116.16	74.59
103.61	102.22	105.0
119.22	143.2	63.27
246.25	156.4	396.0
42.38	39.32	46.2
224.14	305.75	115.33
125.59	132.36	113.75
224.91	252.12	152.33
376.47	503.28	75.27
596.51	601.33	567.6
189.78	168.04	262.27
297.81	257.36	405.67
209.65	204.58	234.27
130.0	125.0	135.0
509.28	727.33	415.83
316.88	306.0	335.0
230.6	259.63	185.44
155.78	132.17	191.2
647.11	351.17	1239.0
239.8	261.83	151.67
203.67	205.33	202.0
1128.61	1289.21	566.5
3791.43	7366.33	1110.25
55.6	56.21	51.48
315.94	180.6	620.48
97.06	107.4	72.93
3097.61	4375.56	541.71
320.4	341.43	271.33
228.52	294.29	88.73
286.67	257.67	315.67
163.67	181.11	122.96
37.45	30.72	48.67
672.48	676.12	660.0
131.92	281.0	77.71
185.86	173.03	239.33
357.75	404.2	280.33
215.0	287.75	118.0
170.84	147.34	210.0
944.89	534.3	1492.33
347.95	376.75	304.75
381.75	230.0	533.5
192.7	184.66	207.18
26.88	35.25	7.35
1448.86	1670.25	674.0
120.11	108.95	135.0
94.24	99.97	86.6
163.63	80.71	495.3
190.08	204.93	71.29
107.09	124.92	95.95
448.12	540.6	294.0
509.82	413.79	990.0
204.68	325.0	132.48
242.41	332.64	140.9
5.48	7.9	3.06
283.2	225.71	417.33
200.12	167.33	219.8
180.32	181.82	177.33
99.13	85.5	117.3
52.62	39.98	69.48
83.42	85.8	80.56
275.31	275.33	275.25
162.75	142.38	230.67
177.16	164.66	214.67
293.07	222.21	399.36
190.09	138.36	234.43
107.13	83.74	177.28
255.06	258.36	230.82
165.0	168.67	157.67
1829.27	299.07	3776.81
119.04	112.82	122.15
114.9	54.58	195.33
375.62	417.75	333.5
412.03	763.44	99.67
101.75	112.32	66.07
104.3	115.52	70.65
184.77	208.65	137.0
100.51	149.5	35.2
259.03	298.73	219.33
536.12	664.56	108.0
266.83	314.33	219.33
381.56	404.4	353.0
466.85	458.22	486.25
38.22	40.88	36.1
97.53	101.68	89.84
345.78	614.0	131.2
268.14	314.62	190.67
198.31	210.56	170.75
479.94	441.27	565.0
159.38	127.75	191.0
38.67	23.32	64.27
240.88	223.2	270.33
116.75	130.36	103.14
350.4	392.13	327.64
289.72	157.22	441.14
173.58	196.74	83.27
378.43	453.09	191.78
276.32	173.5	481.97
245.42	264.24	215.85
204.36	85.67	293.38
271.94	260.86	307.4
209.55	166.87	337.6
67.0	68.0	65.33
318.23	349.11	248.75
80.59	35.17	126.0
41.17	49.39	19.27
263.61	209.4	393.7
176.18	193.37	130.33
177.91	155.57	203.96
108.53	87.18	137.0
258.54	279.87	176.26
94.63	156.27	33.0
1453.59	372.29	4543.0
288.33	258.2	326.0
125.99	133.26	109.03
410.6	505.69	125.33
265.45	157.4	355.5
1660.66	1835.92	1091.06
366.65	339.8	387.31
6.25	1.5	11.0
106.62	109.8	101.33
179.85	182.02	173.88
143.02	154.65	58.69
173.87	173.44	174.5
156.75	141.8	181.67
151.5	211.7	76.25
194.18	192.17	196.6
176.99	185.29	156.22
113.97	121.21	99.5
308.34	458.2	58.57
358.44	298.17	479.0
239.4	255.39	189.14
337.4	279.93	423.6
230.3	260.3	181.74
83.83	76.67	91.0
71.79	36.93	97.92
409.5	423.15	374.0
299.6	263.71	383.33
466.42	395.15	537.68
148.93	160.75	125.3
122.1	127.0	115.57
198.78	153.89	322.25
391.95	412.0	371.9
655.96	576.02	1055.67
1368.5	2566.5	170.5
77.84	75.67	79.47
231.85	258.2	205.5
1926.11	780.14	3215.32
227.25	151.5	303.0
165.24	179.65	133.79
501.5	492.2	517.0
523.42	551.11	485.08
177.13	153.81	204.33
13.31	7.21	23.47
163.44	162.0	166.33
253.81	199.67	389.17
285.0	284.43	286.33
731.73	1389.48	238.42
150.16	107.69	266.94
101.5	128.12	48.25
243.76	162.27	284.5
208.9	272.11	19.27
123.76	131.5	117.95
338.33	155.67	521.0
129.17	142.69	98.75
149.86	175.25	119.4
117.17	23.47	224.26
227.54	207.99	252.43
402.22	297.67	742.0
166.25	182.0	119.0
68.19	68.86	67.08
323.37	340.13	268.29
161.23	222.82	75.0
9.51	6.68	13.3
30.97	27.7	35.33
243.18	246.25	235.8
175.75	211.28	69.17
168.56	181.89	151.43
110.7	112.54	108.86
654.76	259.53	2334.5
99.4	103.02	83.13
96.79	91.94	121.0
183.3	171.29	211.33
177.74	158.11	248.4
439.68	466.41	382.88
136.01	152.0	130.3
553.24	573.36	459.33
1872.3	410.0	3334.6
48.15	48.33	47.97
154.15	143.5	166.58
31295.0	1968.67	48890.8
181.09	264.8	76.45
444.12	519.29	378.35
292.58	365.78	210.22
116.16	139.35	69.78
132.48	147.33	117.63
209.42	219.43	132.67
120.02	122.58	114.88
184.86	179.33	189.0
563.59	739.2	417.25
1095.69	2722.5	138.74
194.57	191.99	200.17
144.62	117.22	185.72
184.58	206.83	162.33
258.56	352.8	140.75
132.47	108.51	173.56
318.64	320.38	314.0
295.43	336.31	202.0
569.65	601.33	436.6
278.14	245.75	321.33
187.33	26.77	307.75
325.68	392.6	102.63
285.0	394.0	139.67
459.57	729.33	257.25
277.58	266.53	301.51
1533.33	226.67	2840.0
466.5	275.0	658.0
289.14	342.25	218.33
120.49	120.71	120.14
467.96	552.06	165.2
537.99	630.68	306.25
274.2	265.43	294.67
225.7	215.63	233.25
620.58	536.5	788.75
466.94	492.0	341.67
260.08	242.5	288.2
293.76	394.69	176.0
112.04	123.37	55.4
472.86	582.4	290.3
154.16	160.07	142.33
352.2	388.75	206.0
1200.38	1022.7	1496.5
132.3	122.0	190.66
140.22	129.67	145.5
236.75	162.33	261.56
83.72	81.78	84.88
60.97	57.99	65.55
430.32	194.2	823.87
162.0	92.0	232.0
215.0	190.6	239.4
206.61	167.84	276.38
117.05	164.76	57.42
49.95	63.2	32.29
743.08	529.0	838.22
50.19	58.67	29.0
188.6	321.25	55.95
234.36	221.8	265.75
113.14	130.5	69.75
151.18	165.99	106.72
49.14	51.94	46.81
243.09	441.33	168.75
158.57	210.0	90.0
126.96	126.24	129.6
262.0	325.0	198.99
217.22	250.0	176.25
374.33	404.63	259.2
906.31	807.5	991.0
303.89	312.4	293.25
1454.81	616.79	3340.35
110.65	113.3	107.65
446.68	533.8	316.0
212.54	210.55	214.53
324.58	384.78	144.0
134.0	105.67	162.33
341.15	361.2	287.17
367.4	399.82	107.97
496.38	624.0	368.75
107.08	83.56	160.0
162.72	151.98	170.4
188.76	204.0	158.27
149.57	105.5	208.33
59.1	71.24	27.87
70.6	59.19	127.67
274.8	422.4	28.8
282.65	326.06	109.0
143.22	136.83	163.11
267.16	278.38	237.27
157.0	178.88	100.76
90.35	28.38	172.99
161.79	161.09	164.33
288.25	388.33	228.2
125.33	126.86	120.18
129.99	118.18	146.86
86.17	147.75	50.98
239.25	211.6	285.33
182.4	222.7	128.67
933.0	1004.0	814.67
189.73	232.91	126.23
348.91	335.82	386.0
129.65	148.35	92.25
375.57	413.33	337.8
72.03	58.95	124.33
327.44	318.5	345.33
358.71	359.87	355.83
250.13	232.44	290.57
373.52	344.55	402.5
236.97	292.76	51.03
206.23	247.44	113.5
252.81	274.44	216.04
288.34	449.0	74.13
79.02	75.75	95.35
216.44	194.3	253.33
196.84	184.25	222.02
829.69	127.4	1321.29
120.45	53.99	297.67
63.76	58.48	70.29
187.27	148.0	209.71
66.33	76.18	30.2
102.08	91.0	135.33
205.92	233.78	143.25
400.7	418.6	367.12
188.58	186.55	198.75
79.0	99.49	58.52
296.89	360.56	233.22
192.07	215.57	150.95
220.38	198.0	233.8
347.93	101.13	759.27
232.18	307.0	187.28
180.57	147.69	220.76
122.47	97.64	188.67
251.5	271.75	224.5
123.42	134.47	103.17
186.0	198.0	169.2
146.27	172.69	104.0
176.95	209.96	121.93
196.43	224.94	75.25
177.9	153.67	214.25
297.52	344.39	203.78
190.62	145.31	308.42
266.7	170.72	394.67
274.09	297.62	211.33
348.26	467.11	80.86
187.78	257.55	135.45
93.78	98.94	84.93
350.85	331.05	387.17
105.6	88.7	122.5
287.67	245.0	330.33
63.8	75.72	39.96
101.54	92.26	134.0
391.38	417.3	305.0
601.94	776.75	427.12
95.14	93.41	100.33
57.86	70.8	36.3
260.9	198.44	363.09
166.45	181.37	121.67
82.5	67.7	107.17
64.83	72.37	55.78
3235.78	4436.83	833.67
297.91	261.42	337.73
423.46	481.9	228.67
36.85	35.9	38.4
205.43	56.26	354.6
312.78	331.0	290.0
270.55	397.0	118.8
157.22	161.67	155.0
162.54	172.38	142.88
151.22	117.97	184.47
139.04	157.44	111.43
201.54	154.84	223.33
197.76	236.83	119.6
484.5	478.17	494.0
134.75	136.53	128.95
289.66	335.36	185.21
111.62	122.8	93.0
258.13	253.43	265.18
80.78	74.45	93.45
349.15	370.29	324.5
74.2	41.75	130.97
94.56	81.31	120.32
236.68	165.52	462.01
235.55	236.93	232.33
125.45	92.3	150.31
204.69	211.82	189.0
220.09	259.0	197.86
49.98	54.0	43.27
535.13	225.67	999.33
328.64	361.0	187.09
203.61	245.78	168.47
89.97	100.19	51.65
34.34	38.93	30.89
211.99	262.0	128.63
59.37	57.8	64.22
934.79	1238.56	388.0
2369.54	2537.4	2103.77
463.91	559.5	209.0
102.9	77.87	169.65
280.47	267.61	336.17
249.67	76.0	423.33
219.07	253.29	105.0
114.98	137.77	69.4
401.8	522.17	221.25
194.99	186.0	206.22
73.09	83.0	63.18
450.68	278.36	726.4
142.99	177.8	84.97
146.61	130.15	187.75
80.0	86.39	66.41
138.83	141.1	136.0
375.71	383.5	365.33
948.81	1196.75	287.63
95.69	93.04	103.87
244.72	298.2	191.25
159.43	195.38	99.5
59.37	86.0	23.87
115.82	114.82	117.68
119.78	113.28	131.83
101.61	61.39	202.17
217.11	181.17	277.0
234.4	231.73	241.75
327.38	208.76	683.25
148.22	138.0	161.0
273.43	225.19	327.23
434.01	356.47	550.32
194.91	186.9	230.95
535.5	828.67	242.33
298.05	423.82	46.5
195.67	190.25	206.5
344.5	411.94	164.67
2104.66	1995.12	2279.92
50.37	32.77	75.0
133.86	148.25	114.66
62.04	60.88	69.33
257.92	239.45	288.71
244.18	240.57	250.5
171.91	224.3	154.44
86.55	91.17	81.92
145.71	126.75	171.0
135.44	128.25	141.2
130.72	151.28	58.76
217.88	215.05	225.8
3718.19	3559.67	3876.71
231.38	324.76	126.34
114.25	84.33	132.2
403.23	450.25	328.0
172.0	147.17	209.25
116.16	111.44	124.25
240.0	264.54	176.2
205.65	299.33	111.97
206.7	190.14	245.33
218.33	271.67	165.0
295.25	439.28	122.4
76.11	66.08	96.16
248.05	258.99	226.17
225.11	390.71	119.73
109.0	139.0	85.0
163.17	225.39	99.5
333.86	200.5	511.67
87.0	137.5	26.4
62.39	95.45	18.3
194.82	215.75	139.0
260.11	265.8	253.0
142.79	126.5	187.61
3098.1	1245.57	7420.67
205.5	179.8	248.33
43.03	47.08	37.98
305.57	293.5	321.67
306.89	184.4	460.0
243.94	202.81	379.65
381.72	545.33	27.23
105.28	112.5	94.45
1771.77	2289.94	541.12
65.1	69.92	58.8
688.9	57.23	1049.86
211.3	285.28	88.0
810.26	856.0	682.2
237.22	213.69	315.67
689.33	902.0	264.0
210.86	231.25	183.67
179.15	182.25	168.83
413.09	217.12	525.07
300.49	396.65	204.33
182.37	137.84	206.65
144.69	96.18	227.86
182.07	240.79	35.26
230.38	252.43	186.29
53.39	47.52	65.13
44.83	69.7	24.94
159.62	186.57	128.17
107.34	114.4	63.25
117.12	78.4	181.67
282.76	280.21	284.71
183.52	206.92	127.38
593.38	679.25	507.5
239.82	256.6	225.83
520.64	525.5	517.86
167.33	132.27	216.4
124.0	127.4	111.25
326.57	326.75	326.33
73.36	65.05	88.12
204.87	190.63	226.22
179.61	186.64	165.56
253.55	292.6	221.0
268.53	281.52	236.78
357.69	409.25	311.86
231.76	301.01	107.12
266.99	282.72	223.72
311.61	345.5	284.5
96.93	84.12	113.99
300.04	332.27	191.25
108.27	106.36	114.67
409.65	420.42	377.33
347.36	396.18	266.0
295.9	446.15	175.7
359.78	378.14	346.93
117.31	92.81	147.94
126.83	164.98	80.21
235.56	268.2	194.75
425.67	453.4	391.0
98.97	73.2	117.37
843.29	1231.5	325.67
753.67	1231.67	275.67
149.74	153.13	131.67
186.99	173.41	218.67
108.44	104.39	115.86
298.25	262.7	333.8
255.44	287.33	159.75
74.61	76.34	70.11
317.8	154.96	860.6
99.52	147.43	43.63
925.2	447.0	1403.4
129.7	45.8	213.6
100.5	110.2	90.8
684.7	675.33	712.8
318.88	192.0	395.0
1018.45	1095.0	890.87
81.54	33.79	148.4
203.38	213.02	170.6
882.61	569.82	1169.33
166.79	213.67	96.47
129.64	154.78	98.22
149.42	122.56	355.33
207.39	236.33	120.6
175.77	54.25	621.32
200.98	186.23	259.97
207.56	186.8	233.5
189.05	191.0	178.0
111.36	99.38	131.33
305.76	301.92	315.0
39.66	27.97	66.93
281.08	266.5	304.4
92.62	88.51	99.18
358.68	358.79	358.33
301.22	272.67	358.33
449.45	436.56	501.0
133.86	155.0	118.0
246.82	236.83	263.96
1999.65	3348.25	1100.58
186.24	82.17	436.0
151.67	72.0	231.33
194.04	224.85	169.4
273.77	254.78	321.25
205.5	282.33	128.67
310.54	328.0	176.72
332.18	301.68	431.8
207.65	206.47	212.0
202.76	171.1	241.44
93.54	116.56	47.5
104.43	84.25	131.33
265.41	248.63	312.38
348.0	157.2	666.0
320.4	341.14	272.0
189.62	211.65	156.56
327.32	273.8	407.6
160.32	161.84	150.66
3255.14	4237.19	112.6
169.32	109.47	217.2
381.13	358.58	471.33
108.86	115.36	97.16
268.1	250.94	365.33
68.56	42.46	94.67
333.48	265.17	464.85
87.59	97.65	72.5
213.67	269.5	102.0
283.22	285.33	279.0
87.75	96.9	55.73
257.13	177.31	315.18
413.67	473.33	234.67
178.38	189.5	141.33
273.27	202.62	461.67
107.75	142.0	73.5
158.82	12.32	403.0
259.37	498.71	107.05
236.59	159.43	352.33
262.93	273.91	220.83
434.18	335.57	606.75
751.43	1401.4	251.46
112.82	130.0	82.75
706.85	910.56	177.2
250.71	248.25	254.0
184.73	108.12	261.33
89.28	103.24	56.71
116.18	102.5	132.6
220.17	182.22	277.1
183.13	153.64	271.6
197.46	280.62	123.53
298.0	310.25	281.67
46.67	52.65	30.73
48.3	47.12	57.0
48.63	33.97	63.3
174.88	242.36	65.22
175.26	182.17	166.98
211.94	210.0	221.67
536.37	740.61	264.04
358.08	298.57	441.4
1568.14	717.67	2206.0
365.25	286.22	602.33
372.29	444.0	193.0
348.68	335.0	358.94
1019.77	940.84	1151.33
822.02	1104.62	209.74
574.25	602.73	511.6
205.24	177.58	362.0
268.23	367.5	109.4
186.46	178.39	209.33
503.25	563.4	403.0
263.25	186.4	391.33
250.11	157.33	296.5
106.11	64.87	202.33
106.56	57.38	125.68
232.5	297.33	167.67
40.31	25.74	118.0
163.62	154.5	172.75
264.29	303.75	211.67
1138.1	1495.59	637.6
178.33	225.75	140.4
54.1	67.9	43.75
447.18	624.42	92.71
269.12	300.95	102.0
345.39	362.17	311.83
579.0	1175.67	221.0
228.47	223.21	253.0
259.13	242.56	273.62
353.07	409.5	296.65
208.45	194.25	247.5
256.12	275.8	223.33
260.09	278.61	200.8
208.09	186.5	265.67
182.71	231.56	97.22
125.15	154.67	95.63
110.56	154.6	55.5
229.68	123.69	477.0
108.25	84.72	121.7
80.76	59.23	106.6
168.73	177.25	134.67
64.93	75.78	28.06
150.37	156.68	146.43
320.08	325.71	308.29
231.87	265.25	198.5
491.41	589.63	417.75
291.73	251.86	361.5
125.03	133.32	105.13
305.55	295.25	333.0
588.89	902.1	240.89
1208.07	606.77	2711.33
170.44	176.13	160.5
311.92	256.5	422.75
61.88	33.02	90.72
161.9	206.0	134.77
463.57	286.0	700.33
143.2	155.66	107.07
939.46	978.11	852.5
88.93	107.77	55.95
234.22	257.25	73.0
382.34	549.08	132.22
157.83	127.27	210.21
440.78	546.83	228.67
65.32	81.66	55.51
124.43	127.5	120.33
11.87	8.68	16.13
227.04	233.95	217.0
64.65	72.67	56.63
277.55	254.4	547.67
38.66	41.09	28.93
65.44	72.91	51.85
96.15	85.93	111.47
1100.79	1271.21	646.33
92.57	122.2	53.07
491.56	501.5	471.67
117.6	131.23	67.66
292.0	312.67	230.0
2490.74	3293.92	81.22
64.08	89.2	38.97
101.81	86.48	136.85
104.18	48.27	132.13
307.56	265.7	475.0
169.18	176.85	143.99
261.82	288.0	176.75
519.71	559.25	467.0
102.6	116.91	63.24
278.63	263.95	308.0
2291.26	3060.63	175.5
185.85	213.71	130.15
288.27	128.33	480.2
391.75	389.17	393.3
82.85	22.35	117.43
78.16	49.17	141.94
254.8	205.67	303.94
237.03	245.71	216.78
271.85	384.67	238.0
240.2	378.0	181.14
884.58	1186.02	55.63
247.5	172.47	557.0
75.49	64.2	84.52
321.88	334.08	285.25
145.05	141.8	162.18
800.58	1031.75	338.25
242.95	279.21	158.33
86.45	88.45	84.45
216.45	222.18	184.0
233.46	130.92	336.0
156.24	110.4	225.0
222.33	208.33	236.33
260.62	260.2	261.33
106.08	136.78	67.7
88.12	85.85	104.0
122.07	92.68	173.5
745.52	601.03	986.33
10807.51	13276.52	1711.16
387.93	338.5	420.89
163.44	164.2	162.5
605.4	368.4	842.4
476.18	345.0	532.4
535.82	498.5	547.31
261.75	283.0	249.0
103.19	115.9	90.47
246.72	246.11	249.14
530.49	550.01	498.55
188.62	272.99	48.0
42.37	45.85	37.72
117.47	105.57	124.42
94.31	99.78	80.24
192.51	139.9	234.6
75.14	68.33	80.25
120.85	156.56	40.5
76.5	13.06	139.93
91.17	77.11	133.33
182.75	180.25	190.25
352.94	13.69	777.0
127.89	261.29	27.85
370.67	222.0	519.33
203.37	242.61	103.09
84.32	81.7	92.2
1424.17	1949.24	24.0
75.36	53.31	113.95
219.06	223.08	208.6
272.0	182.67	361.33
91.1	87.57	99.33
177.46	147.75	225.0
329.0	224.25	468.67
265.99	265.69	266.6
153.68	152.66	155.52
75.55	81.62	69.48
119.53	96.25	128.85
187.68	216.69	98.22
1444.83	1035.56	2672.67
76.71	111.1	33.72
395.39	725.0	106.97
74.43	76.08	71.8
120.55	113.36	137.33
188.15	176.12	208.77
111.68	78.69	184.98
213.8	189.6	238.0
189.0	179.67	207.67
106.16	110.04	89.33
330.62	356.2	245.33
169.98	164.02	217.67
367.05	373.05	352.06
187.54	165.83	199.23
69.33	60.97	79.38
271.6	255.0	296.5
143.48	151.04	137.71
46.78	41.86	73.51
212.8	247.71	131.33
174.88	155.45	272.0
71.9	69.91	77.86
240.38	266.78	180.99
178.0	192.62	138.99
135.67	121.47	206.67
733.53	971.29	79.67
247.07	217.77	325.64
172.36	142.83	207.8
262.48	271.0	253.96
242.65	240.62	250.43
54.22	66.88	36.13
200.66	146.01	255.3
230.53	224.6	246.33
181.24	245.98	73.33
50.32	57.3	45.95
167.06	211.68	95.67
161.56	192.17	100.33
49.83	39.91	74.62
343.14	467.56	156.52
241.57	280.25	190.0
266.0	261.4	273.67
707.94	656.19	815.14
273.75	301.0	228.33
309.48	329.08	191.83
169.38	165.88	175.0
233.71	276.64	40.5
220.76	156.0	269.32
210.87	236.04	191.99
129.88	158.78	95.2
143.44	174.6	104.5
826.67	1308.67	344.67
285.25	332.47	105.8
182.14	166.75	202.67
82.69	31.75	116.65
192.16	150.08	276.33
1648.67	798.5	2498.83
216.48	374.63	58.32
98.38	80.6	128.0
1588.91	1590.92	1583.88
238.86	172.63	371.3
565.29	661.75	436.67
448.72	575.89	152.0
472.25	510.4	408.67
156.12	169.0	134.67
279.25	332.4	190.67
2068.92	3871.02	266.82
5161.85	4072.79	7495.57
117.0	134.0	100.0
216.67	212.33	238.33
114.16	117.62	107.24
252.0	270.6	228.75
478.5	482.75	474.25
102.09	99.74	106.0
127.7	130.31	125.5
140.5	119.5	161.5
60.13	69.8	27.9
389.86	318.25	485.33
289.39	304.51	248.05
94.51	94.88	92.5
216.87	122.63	230.33
825.25	890.38	369.33
341.33	305.12	371.5
109.49	95.0	123.97
345.16	392.69	308.95
199.58	54.73	344.43
236.33	153.33	319.33
186.59	190.53	161.67
71.29	43.0	92.5
424.71	382.75	480.67
145.36	148.37	132.33
58.75	60.18	56.6
251.45	247.38	254.17
793.94	328.64	1817.6
122.59	132.71	98.97
254.56	149.5	324.6
141.4	175.72	27.0
306.29	313.52	255.67
102.14	91.2	117.77
295.4	244.12	346.67
599.49	666.69	300.83
473.43	558.72	371.08
99.65	91.27	118.08
75.21	55.9	109.0
277.37	135.58	365.99
3519.17	2400.0	4638.33
383.6	89.53	677.67
161.37	119.43	215.29
193.41	261.25	102.97
174.74	156.11	212.0
317.83	277.33	358.33
151.32	166.11	141.08
347.78	377.85	269.6
121.85	142.89	99.26
91.07	89.25	100.2
361.27	435.43	231.5
242.49	243.77	238.67
380.15	598.3	162.0
247.44	257.0	239.8
369.7	372.43	363.33
190.14	221.12	84.8
744.45	419.58	1015.17
192.64	200.17	161.0
106.07	120.66	86.62
294.94	310.6	268.83
194.38	187.51	266.5
1361.5	59.33	2142.8
278.5	362.71	194.29
352.71	356.83	349.62
59.65	118.91	6.33
173.59	179.63	151.97
704.64	958.33	269.74
123.78	87.4	169.25
187.17	165.67	208.67
204.25	120.0	288.5
539.49	777.6	63.26
291.67	321.67	201.67
94.56	90.9	99.68
1019.0	1519.29	143.5
213.71	178.67	240.0
428.88	501.0	308.67
380.38	324.4	415.38
265.76	277.99	238.25
585.61	630.7	456.0
266.12	248.33	311.86
169.58	180.12	148.48
176.98	118.05	471.67
116.9	125.88	89.97
378.11	268.0	433.17
168.25	213.71	104.6
226.3	211.29	346.33
448.35	678.83	171.78
831.75	219.5	1094.14
399.71	420.5	372.0
119.66	118.5	126.0
3852.66	5590.33	377.33
295.14	380.25	181.67
295.17	238.67	314.0
175.88	180.98	165.67
780.88	324.07	1504.17
271.04	159.31	356.49
127.53	128.16	125.0
73.8	71.09	94.52
191.33	156.05	308.93
107.78	106.7	108.5
353.42	410.33	296.5
146.59	144.99	151.0
1433.29	233.25	3033.33
87.52	115.63	66.91
151.34	107.53	326.6
297.15	352.86	232.17
94.3	92.46	96.37
997.09	971.5	1027.8
171.41	176.12	162.35
203.53	137.69	256.2
247.0	248.45	244.33
36.3	49.2	19.1
194.14	99.64	302.14
135.71	109.34	179.67
286.91	305.6	271.33
107.37	154.8	50.46
98.77	107.74	34.91
474.79	183.92	765.67
241.86	204.38	361.8
254.0	260.88	235.67
399.23	215.0	557.14
558.0	708.0	348.0
143.83	107.0	180.67
184.5	254.0	68.67
162.32	182.2	151.85
195.84	181.64	247.9
212.54	215.5	211.56
146.5	154.17	129.25
455.99	621.11	191.8
2009.44	692.67	2887.29
117.59	137.84	70.33
145.81	90.92	241.86
450.54	441.46	484.16
189.45	226.49	130.18
262.25	109.67	353.8
108.44	91.33	142.66
317.08	366.25	218.75
193.92	288.33	99.5
357.78	676.5	102.8
260.89	305.83	171.0
165.46	212.11	56.6
324.14	262.0	370.75
274.88	124.33	365.2
611.64	229.5	754.94
361.84	340.33	428.5
468.69	527.2	273.67
153.97	125.2	192.33
969.62	658.0	1489.0
62.49	43.84	124.67
46.38	61.74	10.53
355.53	353.0	365.67
706.91	782.46	354.33
210.56	247.83	136.0
258.39	321.2	101.35
107.17	74.2	162.13
257.0	279.27	145.67
42.44	38.91	50.67
1486.55	4257.23	101.21
104.6	77.08	139.0
228.82	228.03	229.84
271.28	89.09	483.83
130.38	139.53	102.93
338.6	205.2	472.0
480.69	496.69	262.0
565.56	546.0	590.0
160.37	137.64	218.44
929.62	1278.8	347.67
318.29	331.67	308.25
219.14	164.0	260.5
139.73	167.23	89.33
100.5	71.5	122.25
110.06	84.17	181.25
104.0	117.2	82.0
662.78	584.5	725.4
306.56	262.83	394.0
264.32	262.01	283.28
175.5	162.25	188.75
336.95	310.27	433.0
232.88	273.4	138.33
211.1	119.67	333.0
111.29	113.51	104.63
215.57	281.33	166.25
810.3	976.57	422.33
270.25	322.7	123.4
228.42	204.45	310.57
144.95	120.27	194.31
89.55	116.6	80.53
93.6	107.11	68.28
270.63	155.33	385.93
125.2	67.25	171.56
317.92	315.38	323.0
1913.92	2227.47	111.0
255.2	361.8	148.6
393.0	270.5	447.44
40.69	63.67	23.45
155.72	144.27	173.53
77.85	28.3	127.4
152.59	177.15	95.27
423.17	302.88	904.35
50.75	99.18	2.31
165.1	96.96	278.67
15.73	18.99	12.47
128.47	37.6	183.0
202.82	29.53	332.79
54.27	61.73	35.63
211.91	161.13	328.0
540.98	591.97	422.0
537.72	429.23	1232.0
98.2	129.2	59.45
236.13	198.6	273.67
39.13	40.94	37.32
110.85	130.5	84.67
174.15	195.0	140.8
137.63	137.12	139.66
288.48	308.57	188.0
304.14	349.82	228.0
174.92	163.78	210.58
128.67	89.67	232.67
249.02	288.86	129.5
83.04	63.81	97.99
266.44	265.33	269.75
376.18	195.45	707.5
148.49	149.57	147.19
150.53	161.75	120.6
291.13	253.28	480.4
359.98	402.76	210.25
150.42	187.56	117.0
81.38	15.17	147.6
455.17	259.21	811.45
542.08	563.25	508.2
310.03	369.78	130.77
364.0	415.83	260.33
98.36	68.88	157.33
133.78	129.7	144.8
107.75	148.0	67.5
123.33	136.54	100.69
121.62	117.84	128.25
277.56	292.89	243.06
132.55	137.41	116.0
402.44	422.2	377.75
953.22	86.0	1647.0
4811.8	6287.43	1368.67
429.64	933.79	127.15
156.07	204.77	87.9
153.52	100.89	276.33
303.7	402.14	74.0
641.58	633.78	664.75
531.73	538.42	505.0
118.04	184.85	87.67
16.11	22.84	10.22
140.77	89.65	243.0
84.57	68.9	112.78
260.07	78.37	502.33
555.42	505.56	705.0
291.07	312.51	249.12
266.64	276.0	255.4
213.71	163.31	292.11
170.4	150.23	230.91
245.67	262.22	220.83
167.84	172.31	159.8
447.33	371.2	542.5
703.67	369.0	942.71
581.42	599.96	544.33
150.84	129.94	267.32
140.5	120.78	185.56
132.05	142.9	118.86
166.81	104.29	338.75
151.75	176.45	61.2
269.86	148.1	452.5
313.42	387.65	90.72
106.8	102.7	109.99
67.63	33.02	125.33
75.82	60.6	97.12
927.03	641.95	1497.2
223.0	187.2	267.75
236.94	266.54	181.99
28.41	21.05	39.47
138.84	130.91	194.35
460.46	884.98	318.96
2561.51	1257.27	3865.75
194.31	197.47	188.0
117.12	94.62	181.41
248.09	205.44	401.6
125.0	115.75	137.33
755.0	980.8	432.43
597.54	885.08	166.22
96.85	27.9	179.6
318.26	195.67	440.86
81.84	89.09	69.33
168.17	114.67	221.67
483.75	559.23	156.67
48.7	4.15	93.25
2577.1	3636.29	105.67
265.64	265.75	265.33
97.53	76.88	152.6
379.8	218.17	622.25
90.09	66.28	140.11
271.04	332.91	54.48
731.6	436.27	1543.75
349.38	314.2	408.0
67.19	50.56	108.75
244.09	301.25	91.67
214.67	195.56	272.0
87.59	131.6	43.58
806.71	1633.67	186.5
767.57	151.5	1589.0
92.61	92.86	92.06
133.0	96.17	188.25
98.44	70.86	162.8
446.43	482.5	398.33
271.35	294.0	257.76
192.53	206.0	138.67
193.0	184.0	202.0
508.26	538.86	490.42
2401.75	2079.91	3496.0
140.75	140.83	140.5
283.23	472.27	141.45
831.89	696.83	993.96
108.5	69.67	147.33
264.75	306.96	167.68
289.47	303.5	272.64
2725.97	2407.62	2943.79
91.11	105.5	79.6
999.86	979.21	1030.83
4477.81	4277.04	4879.33
681.71	996.0	446.0
330.2	354.2	174.2
96.1	102.65	61.72
163.6	177.76	122.69
226.56	215.92	254.2
433.11	175.64	1154.0
344.7	375.86	272.0
172.13	171.29	177.56
90.63	99.63	48.63
441.03	514.21	99.52
277.9	248.0	297.83
444.32	446.03	436.06
77.78	80.24	72.36
137.25	152.36	118.37
142.08	157.5	117.4
228.16	241.75	169.27
194.76	191.26	207.87
122.2	133.46	65.91
573.5	159.5	987.5
204.5	221.68	155.83
222.33	219.0	225.67
324.19	339.66	294.54
794.53	1465.54	123.51
221.71	222.94	218.71
214.73	200.0	226.52
335.22	452.5	100.67
126.58	148.84	74.63
214.95	182.12	392.2
236.27	269.71	177.75
58.1	26.86	104.95
181.84	206.22	149.33
271.15	68.22	727.75
39.98	28.41	72.4
887.33	1025.08	336.33
193.5	212.37	151.58
162.15	168.3	141.67
1031.86	1482.0	694.25
2518.66	3100.59	384.92
234.82	157.53	376.5
95.91	61.1	174.22
165.47	158.63	174.87
169.55	168.74	170.56
2105.99	2884.82	548.33
223.88	225.18	214.33
215.78	186.13	260.25
252.83	270.0	201.33
138.56	160.2	97.99
270.47	244.5	322.4
146.67	128.67	164.67
267.43	301.65	199.0
1051.26	1976.67	125.85
398.56	561.48	276.36
275.91	149.71	474.23
3319.21	4557.43	2081.0
355.5	426.29	256.4
263.64	299.06	98.33
185.16	182.74	205.33
193.61	283.0	44.63
484.42	524.75	350.0
221.0	215.75	228.0
105.08	127.96	73.62
114.38	183.34	28.17
161.74	113.22	210.25
775.75	1022.0	365.33
881.66	1464.58	153.0
125.13	209.8	64.66
437.66	218.97	547.0
104.63	66.6	142.67
342.8	366.82	322.21
363.89	422.23	150.0
83.33	73.3	95.86
247.5	189.84	305.17
330.8	390.4	271.2
208.67	178.66	253.68
308.28	162.74	442.62
129.97	134.72	120.45
90.95	108.25	77.12
230.69	275.02	186.36
384.08	400.74	350.75
219.77	171.0	356.34
239.54	228.12	257.8
239.88	317.5	162.25
218.43	217.75	220.26
205.7	223.0	165.33
483.67	429.6	551.25
134.57	134.69	134.05
152.75	140.22	191.48
176.22	159.56	186.93
116.42	76.94	141.09
320.69	404.06	70.6
87.0	158.33	15.67
82.82	59.15	196.4
296.51	295.51	301.25
276.31	220.77	387.4
71.14	73.4	65.87
233.22	285.5	128.67
514.61	547.35	34.33
127.11	115.09	144.29
388.33	381.33	395.33
123.47	134.6	112.33
176.07	245.0	124.38
92.72	90.97	94.08
306.55	271.25	400.67
340.33	232.5	426.6
246.71	268.5	217.67
738.38	267.26	1471.22
225.0	323.5	159.33
319.17	520.67	218.42
90.87	85.01	231.33
336.0	422.8	191.33
2871.7	4048.29	126.33
326.56	185.33	609.0
58.98	60.22	53.6
574.33	560.1	602.8
76.49	56.79	111.53
167.33	177.81	160.34
47.86	28.55	73.6
280.38	176.75	384.0
372.9	512.0	164.25
523.46	609.86	422.67
846.08	1233.5	458.67
57.98	52.26	66.0
87.5	81.0	94.0
50.16	50.67	48.33
115.87	138.47	70.67
133.23	108.07	156.46
191.81	218.0	121.97
445.91	444.41	447.55
218.33	313.43	135.12
404.97	391.72	419.88
217.03	174.85	269.75
277.77	287.67	257.97
213.11	218.33	210.5
93.47	112.75	74.2
315.32	283.8	367.87
100.38	106.27	86.41
197.14	266.53	93.06
229.11	258.25	203.2
204.28	247.42	110.8
213.1	202.21	239.9
244.0	225.6	274.67
69.96	28.59	111.33
106.41	109.35	90.56
325.23	41.0	704.2
280.1	291.5	263.0
1036.69	457.22	2340.5
2541.71	736.33	3895.75
45.13	45.42	43.6
229.86	211.5	254.33
147.25	203.33	91.17
199.12	221.16	74.23
141.18	165.71	98.25
208.69	219.25	191.8
488.17	448.33	528.0
134.86	203.75	43.0
198.86	212.0	189.0
158.09	169.2	129.2
235.1	201.88	368.0
891.5	377.33	1405.67
206.69	190.62	271.0
93.47	201.15	50.4
146.98	159.3	122.33
219.79	175.67	263.92
324.89	335.33	304.0
100.83	149.0	76.75
110.53	103.66	117.4
493.09	563.38	305.67
144.88	155.0	138.8
131.67	130.08	136.45
145.2	117.78	264.0
66.62	18.94	162.0
378.69	113.0	577.95
269.62	131.0	408.25
145.06	131.67	165.49
363.92	359.0	371.8
89.4	10.47	168.33
398.36	422.17	369.8
30.56	28.74	32.83
107.09	85.36	186.75
83.58	148.67	18.49
260.79	288.07	158.5
402.82	474.17	317.2
281.88	348.48	148.67
69.67	52.33	104.35
248.46	220.12	273.66
65.97	63.63	69.87
93.25	64.85	105.88
7453.96	9040.14	792.0
53.53	45.89	114.67
56.85	62.2	42.6
168.46	155.11	198.5
152.82	177.35	107.83
498.69	452.78	613.48
2831.95	2653.98	3232.38
186.39	75.19	241.98
205.62	144.67	225.94
315.33	262.0	368.67
122.95	118.0	125.92
292.89	352.75	245.0
334.07	486.0	144.15
1880.96	1851.38	2019.0
424.69	436.95	408.33
104.22	87.76	131.67
332.29	272.33	440.2
253.66	189.48	418.71
56.23	44.74	111.4
335.71	400.99	58.28
265.57	421.0	149.0
171.0	123.4	210.67
533.34	503.08	585.21
171.54	183.78	144.03
256.64	268.0	199.83
733.62	842.27	494.6
374.26	391.87	308.25
252.42	109.27	324.0
177.8	90.93	264.67
394.0	713.67	154.25
129.7	116.36	192.0
1768.39	1699.81	2111.25
265.11	290.0	215.33
248.09	255.5	228.33
354.22	169.91	953.25
131.85	50.83	166.57
94.95	70.72	135.33
199.85	196.8	220.5
147.4	105.75	202.93
1575.55	1909.31	17.97
449.4	474.16	406.64
185.5	191.0	180.0
226.68	206.72	258.6
510.95	423.56	790.6
144.56	106.47	195.33
196.53	115.8	358.0
177.43	87.8	231.2
808.24	645.89	1160.0
339.29	323.2	379.53
151.89	148.67	168.0
170.85	191.28	130.0
172.46	141.7	275.0
130.2	123.11	174.5
285.0	350.11	138.5
183.59	207.86	129.0
112.34	238.06	74.25
122.01	131.66	116.66
389.71	623.0	78.66
74.53	96.59	35.92
332.02	325.0	339.93
181.37	176.56	197.84
76.54	61.47	124.27
1368.0	773.75	2047.14
102.02	73.17	130.87
166.89	248.75	101.4
227.54	236.71	216.83
256.75	273.56	235.14
127.12	116.46	215.0
228.31	344.2	186.91
227.39	250.69	157.5
343.12	405.0	281.25
119.06	146.26	55.6
370.38	255.16	548.97
1075.53	1122.64	907.29
165.88	38.96	292.8
91.71	100.5	63.15
809.05	1508.5	459.32
127.34	181.2	91.43
122.6	123.29	121.0
133.87	115.96	155.36
25.31	18.8	29.21
164.93	172.17	149.0
509.99	706.98	181.67
407.78	452.25	372.2
985.39	375.26	2554.29
478.12	354.06	698.67
218.6	245.86	155.0
145.5	187.43	72.12
32.07	21.18	51.68
81.44	67.27	106.25
330.0	329.86	332.0
72.14	74.5	69.0
547.12	502.8	621.0
128.78	108.82	193.11
210.63	232.95	166.0
412.64	214.83	650.0
88.25	75.51	117.97
119.0	125.25	110.67
140.46	134.86	147.0
196.29	242.75	134.33
73.69	80.33	56.0
194.42	238.53	128.25
99.33	102.0	98.0
421.23	234.33	841.75
449.14	582.0	272.0
168.93	150.26	210.0
205.95	288.42	82.25
278.96	178.17	361.43
140.28	118.17	206.6
92.71	108.72	71.37
250.58	310.38	131.0
279.29	278.0	279.87
249.17	235.0	263.33
132.97	148.75	69.87
304.42	360.0	165.47
331.17	379.88	233.75
97.15	128.23	59.86
219.12	219.25	218.75
252.82	218.7	301.57
229.71	225.4	235.86
241.09	249.65	228.25
189.6	199.29	147.6
378.59	387.05	361.67
174.39	120.31	246.5
138.22	185.6	79.0
382.47	398.29	296.57
319.64	244.25	520.67
36.41	35.72	38.65
436.79	493.55	228.67
225.78	201.0	245.6
151.72	143.48	201.18
177.25	184.6	165.0
310.89	340.33	252.0
254.0	190.0	318.0
559.06	613.0	505.11
91.66	58.0	158.97
262.75	237.8	304.33
136.22	159.0	90.67
23.68	36.54	2.23
238.9	230.5	244.5
135.86	148.33	126.5
90.99	69.0	103.56
73.72	28.65	118.8
212.13	205.31	228.5
1185.66	993.74	2145.27
446.33	344.09	650.8
272.98	146.36	431.25
219.82	77.63	362.0
164.04	178.33	128.32
60.16	52.3	83.77
154.67	189.67	49.67
144.84	188.33	137.17
233.38	122.25	344.5
228.44	371.75	113.8
1593.43	1414.0	1832.67
45.68	43.83	47.54
426.71	244.33	563.5
161.97	96.66	357.93
246.32	296.21	113.27
131.96	129.36	138.2
111.48	77.48	213.47
221.71	235.25	203.67
136.08	141.75	120.97
182.08	188.57	173.0
355.41	359.75	349.63
195.59	78.18	391.27
102.17	78.17	162.16
235.86	129.29	342.43
268.73	283.03	125.67
200.03	216.73	161.05
119.38	125.4	108.33
165.23	200.23	60.23
65.96	66.91	60.0
364.1	369.29	352.0
926.6	1251.0	440.0
158.14	137.8	224.25
349.83	196.54	963.0
183.24	130.39	239.86
162.53	168.04	153.33
244.98	244.0	245.97
155.76	206.17	80.15
154.99	180.26	98.12
317.94	370.67	305.77
277.61	108.47	446.75
679.07	768.28	360.46
237.56	268.29	213.67
151.75	142.87	171.75
777.11	820.8	722.5
271.77	400.5	46.48
455.21	475.93	396.5
262.75	286.22	192.33
344.28	370.37	161.67
143.16	152.94	99.17
143.34	125.05	301.87
62.01	112.8	11.22
472.25	538.5	406.0
426.7	457.71	354.33
1433.38	472.22	3596.0
372.0	514.75	181.67
1266.88	1833.2	323.0
36.56	34.67	38.92
110.7	139.75	67.12
118.93	126.12	109.33
46.26	48.67	35.0
59.82	44.1	91.27
378.32	372.54	392.2
180.76	180.76	180.75
237.98	292.98	149.98
145.97	114.45	188.0
199.82	139.32	296.6
117.99	117.24	122.0
223.34	206.87	232.21
192.85	216.96	152.67
85.47	124.67	46.27
177.28	180.74	166.4
1015.76	1314.97	417.33
243.37	190.4	305.17
201.22	204.5	194.67
152.5	83.8	266.99
92.98	106.53	62.48
210.26	247.66	166.63
186.44	232.09	123.66
113.46	113.83	112.8
341.21	359.2	256.43
94.22	47.33	178.6
138.72	134.14	182.25
195.45	202.36	176.45
273.8	283.45	247.25
188.57	181.0	198.67
506.07	346.17	825.87
159.31	168.02	128.81
185.25	162.68	234.17
81.29	71.38	97.16
265.85	273.75	257.95
138.35	187.6	56.26
13.34	14.19	12.48
112.97	151.5	61.6
67.54	65.5	70.27
2763.78	2608.27	3105.9
791.47	1067.08	102.45
217.48	192.93	243.92
877.25	1019.2	775.86
50.54	63.03	18.06
98.51	85.99	109.64
630.39	413.71	682.69
173.06	143.61	300.67
538.38	918.67	310.2
1578.62	2254.8	451.67
248.41	273.5	189.87
432.69	488.11	308.0
100.45	106.1	91.4
114.31	144.43	72.16
343.97	284.53	448.0
135.41	140.38	125.47
157.3	205.4	109.2
17.03	16.18	17.35
293.92	519.29	143.66
268.11	295.6	130.67
72.61	66.49	82.55
324.83	214.33	656.33
98.35	98.25	98.65
190.97	227.43	125.34
361.33	275.87	393.38
364.56	122.6	667.0
76.14	83.02	45.2
141.64	161.0	90.0
456.0	566.36	253.67
122.44	124.67	118.0
235.17	252.33	218.0
218.94	210.28	239.72
347.91	424.25	144.33
989.48	1312.97	342.5
320.88	288.0	375.67
131.22	186.0	49.05
24.15	25.99	19.23
316.0	490.75	141.25
142.83	88.51	240.6
406.55	360.5	529.33
727.46	1172.67	59.65
943.57	766.03	1076.72
152.58	104.14	378.67
314.11	247.2	397.75
589.64	760.86	290.0
155.86	190.76	112.22
55.96	65.8	26.46
96.82	122.33	71.3
269.56	258.0	278.8
57.05	69.35	32.45
752.29	1184.3	135.14
164.56	133.8	203.0
206.7	178.79	246.57
283.09	329.29	202.25
112.43	205.45	50.42
187.95	227.0	148.9
152.19	166.9	98.27
361.17	317.8	419.0
163.22	190.91	84.77
883.0	988.75	601.0
277.48	411.38	54.3
3791.82	4579.16	1542.29
97.7	136.8	19.5
183.6	203.31	139.25
137.78	142.08	112.0
367.43	294.33	422.25
181.5	218.68	112.46
67.92	58.36	96.62
553.02	579.23	485.33
469.57	635.5	248.33
219.13	206.53	279.6
1108.79	1509.06	208.2
436.43	460.5	404.33
155.25	152.5	156.75
144.29	171.33	124.0
358.22	358.25	358.2
1016.18	1155.12	645.67
160.44	171.67	138.0
344.92	244.75	395.0
172.31	121.2	236.2
85.07	66.36	108.45
221.74	241.98	154.27
195.77	195.25	197.67
239.81	221.68	276.06
310.18	292.89	329.62
264.17	359.98	116.78
428.26	428.35	428.14
849.49	1031.38	258.35
179.2	166.16	218.33
171.4	172.86	168.0
403.75	281.2	608.0
126.47	171.67	117.99
170.09	153.0	215.67
157.72	144.9	196.17
4992.58	5212.87	4359.25
149.45	132.31	218.0
123.75	167.73	50.43
143.25	124.67	175.75
164.33	188.33	116.33
142.95	169.93	115.97
307.71	239.44	430.6
133.19	208.33	100.98
317.15	304.38	361.83
421.06	368.9	508.0
186.19	167.01	232.2
47.23	19.9	67.72
196.37	180.5	203.69
62.38	66.5	58.25
244.5	183.0	306.0
100.09	89.63	121.0
634.74	573.9	817.25
105.11	115.64	68.25
226.32	216.51	295.0
103.67	77.7	129.63
348.0	416.33	279.67
521.17	248.4	725.75
259.75	273.8	236.33
475.43	488.0	444.0
153.31	101.11	231.62
255.6	255.76	255.2
124.24	110.25	135.44
119.62	106.25	133.0
409.3	370.71	430.08
196.91	257.0	76.73
259.2	197.8	320.6
196.95	133.5	260.4
133.09	92.76	183.5
277.96	279.58	275.9
317.46	309.31	349.27
980.27	824.12	1396.67
150.92	165.94	110.87
172.43	192.5	145.67
99.11	104.85	87.24
408.86	373.45	447.8
245.0	311.67	178.33
463.33	432.67	524.67
485.47	408.33	774.75
425.27	520.25	371.0
280.3	375.25	153.71
486.25	649.33	363.94
252.65	237.97	267.33
131.15	140.41	115.71
125.19	127.15	118.0
49.68	61.08	35.42
274.25	260.2	297.67
563.83	643.89	323.67
324.06	264.7	408.86
126.84	121.17	132.5
83.63	115.67	51.6
244.04	204.07	319.0
246.67	198.0	307.5
405.42	398.76	413.74
134.5	176.0	93.0
104.45	126.5	89.75
229.89	217.33	255.0
107.51	100.82	121.71
101.5	85.25	117.75
199.58	199.3	200.5
419.91	391.91	481.5
479.3	421.5	566.0
527.6	590.57	380.67
228.07	187.0	254.2
46.62	30.74	96.26
201.93	139.62	285.0
219.57	333.0	68.33
61.55	60.05	67.43
405.79	421.7	366.0
63.55	70.3	52.3
577.28	623.26	286.08
66.62	22.67	92.99
323.14	323.25	323.0
284.63	285.81	281.89
238.47	350.48	89.13
313.62	318.97	288.67
178.1	159.71	221.0
194.35	209.11	155.0
820.0	742.33	975.33
169.19	113.52	317.67
3977.0	5650.67	964.4
127.57	102.38	228.33
263.72	109.36	541.58
121.05	124.9	119.3
337.31	348.44	312.25
357.62	441.5	273.75
159.9	219.0	100.8
164.83	167.67	162.0
104.76	98.86	115.09
76.12	99.35	29.66
41.17	42.41	38.25
110.79	116.36	104.1
155.78	145.49	213.4
138.17	184.3	99.73
284.25	458.67	179.6
495.75	598.79	255.33
41.4	23.13	59.67
490.34	241.33	832.73
665.0	413.69	2005.33
245.84	213.57	283.5
342.82	312.29	364.2
920.4	1380.16	345.7
89.07	126.75	51.4
1515.11	2194.67	156.0
108.19	106.65	110.96
238.78	324.5	95.9
177.43	180.8	169.0
103.63	110.76	80.8
178.23	222.07	75.93
161.18	205.03	117.33
219.39	231.96	184.2
3057.57	5107.75	324.0
483.58	572.67	283.15
83.66	67.08	103.56
166.28	203.13	111.0
380.39	419.79	312.86
228.33	143.17	313.5
260.47	257.14	269.8
254.59	284.57	114.66
73.97	67.3	80.63
69.0	47.75	97.33
129.37	146.73	80.16
809.86	983.5	578.33
188.57	146.0	245.33
187.61	202.99	95.33
305.86	185.67	396.0
756.64	1087.6	572.78
175.93	119.66	294.1
760.64	735.43	804.75
433.82	328.0	560.8
333.06	320.75	370.0
271.52	323.57	121.88
314.11	336.68	207.71
238.12	234.6	244.0
631.59	717.0	403.83
291.48	317.77	248.75
89.06	49.4	138.63
154.5	81.67	227.33
102.43	104.68	94.93
214.62	261.26	39.72
665.45	709.92	601.22
395.62	239.12	499.95
471.94	503.62	334.67
185.56	217.22	143.33
443.78	418.2	475.75
963.26	456.55	1469.98
81.86	86.78	77.56
464.54	406.22	595.75
187.56	201.63	161.63
207.92	178.83	237.0
214.85	185.45	244.25
289.08	294.5	264.67
141.06	111.13	163.51
2521.0	2987.2	1744.0
151.75	65.63	203.42
23.49	24.6	22.7
651.68	564.83	808.0
108.53	106.17	113.27
657.67	18.66	2148.7
441.0	711.0	171.0
904.17	1180.33	628.0
247.17	243.03	264.75
104.17	117.23	55.18
151.83	86.0	217.67
338.91	393.25	307.86
213.64	267.12	71.0
269.36	293.88	204.0
93.49	76.26	105.55
266.5	315.21	208.05
285.5	60.66	510.33
162.25	210.3	93.61
68.93	72.42	63.35
160.0	95.33	224.67
95.64	47.48	159.87
127.24	191.0	88.98
71.02	46.93	78.24
278.55	253.0	299.83
163.57	179.37	134.59
127.5	114.06	163.33
251.0	196.29	378.67
32.31	61.4	3.21
132.13	108.71	169.6
162.0	163.38	159.25
264.28	226.8	451.67
215.34	209.84	221.44
151.95	118.62	171.0
162.91	202.57	93.5
199.39	216.7	183.66
49.97	41.64	79.12
211.64	173.67	225.88
377.67	441.33	314.0
165.31	103.1	269.0
291.24	284.06	334.33
360.57	374.2	353.0
507.9	936.36	25.89
621.17	785.0	457.33
91.25	120.32	21.46
85.98	76.16	105.6
184.0	203.5	164.5
69.76	73.36	56.57
258.55	203.44	296.69
38.15	41.43	31.6
335.0	347.55	300.5
260.03	249.73	298.29
102.95	91.76	125.33
211.29	252.33	180.5
316.02	314.97	322.33
301.43	393.5	178.67
541.33	875.25	274.2
512.4	546.17	461.75
888.1	904.28	698.0
84.01	68.4	129.54
190.43	166.6	250.0
1037.43	1029.0	1048.67
77.54	84.22	72.19
153.33	161.33	145.33
291.78	289.67	296.0
279.5	190.28	348.89
37.84	30.47	46.68
324.09	369.5	203.0
189.91	120.62	282.3
183.3	275.0	91.6
169.31	128.97	189.48
208.29	193.57	281.89
78.19	49.43	106.96
54.06	57.48	43.23
203.38	217.86	180.2
184.52	144.61	213.54
190.67	163.5	212.4
512.09	614.22	428.53
146.25	174.6	98.99
416.7	378.86	505.0
283.56	212.45	568.0
379.75	204.2	672.33
79.33	118.26	40.4
451.86	488.0	424.75
86.74	69.47	109.76
84.45	79.15	90.28
189.95	250.57	161.66
209.53	204.18	224.25
128.68	41.52	281.2
5983.38	5913.5	6216.33
259.71	277.69	235.75
199.62	160.4	265.0
213.5	242.2	197.56
183.0	192.0	174.0
276.5	351.0	202.0
210.12	219.5	207.3
182.08	161.77	227.8
100.72	106.45	95.0
163.33	231.67	95.0
104.98	85.63	134.0
346.58	225.86	388.84
131.28	135.44	117.85
1630.18	2435.64	153.5
357.21	365.1	337.5
267.25	281.85	194.25
231.62	107.77	479.33
99.97	108.79	83.27
104.7	76.62	132.78
123.96	168.75	79.17
53.4	56.7	49.0
138.27	136.25	143.67
355.67	374.67	336.67
112.74	129.27	40.02
160.81	177.28	115.5
128.72	81.05	289.62
94.51	32.7	176.92
348.88	282.69	503.33
645.25	1166.11	310.41
65.85	64.69	68.58
108.5	75.97	132.9
79.38	75.85	82.2
292.5	346.64	75.92
204.89	209.29	189.5
165.31	168.8	129.8
253.95	380.33	234.0
184.88	192.83	170.56
76.5	65.4	95.0
295.83	313.11	275.31
875.94	819.81	976.98
142.14	142.06	142.33
243.76	165.36	341.75
65.06	57.71	79.75
157.0	214.6	115.86
257.29	227.04	342.0
251.14	218.25	295.0
192.3	214.83	158.5
238.86	240.11	236.6
188.41	168.66	222.97
245.21	266.47	218.65
133.88	135.33	130.25
55.69	66.79	44.6
158.23	202.93	46.5
850.51	1625.67	75.35
308.59	314.85	273.56
127.9	131.14	101.97
128.43	92.0	155.75
131.26	131.36	131.0
179.29	212.75	134.67
63.97	56.47	88.97
184.97	151.27	218.67
119.5	123.29	110.97
1340.07	240.45	4364.0
221.4	259.4	130.2
233.64	244.31	191.0
112.31	108.74	115.09
872.5	195.5	1173.39
2145.17	1151.56	5126.0
566.16	705.01	103.33
84.54	77.36	103.67
890.14	174.0	1085.45
860.11	926.21	655.82
263.0	347.2	192.83
2443.0	2472.33	2421.0
3395.55	4475.4	1081.57
312.88	251.0	350.0
120.58	126.97	116.92
445.3	417.88	481.15
234.86	258.9	192.32
344.32	364.85	244.57
9726.83	11702.38	5211.29
164.89	181.5	104.0
182.22	184.83	177.0
62.49	72.47	51.08
247.12	326.4	115.0
212.4	178.09	315.33
449.85	351.56	671.0
23.33	12.0	46.0
164.67	182.67	110.67
38.27	48.77	27.77
857.38	854.92	864.75
248.45	271.65	198.71
210.17	209.52	211.6
137.31	146.3	122.33
314.62	385.75	243.5
259.37	269.25	210.0
150.66	155.67	140.66
393.43	347.5	454.67
80.18	57.13	137.82
420.83	509.33	332.33
134.86	104.75	175.0
241.78	253.33	218.67
253.43	279.5	218.67
592.67	541.67	643.67
197.47	196.45	198.88
366.81	73.04	895.6
124.0	92.71	190.5
703.5	852.2	455.67
365.14	366.57	357.0
222.99	132.97	313.0
276.3	297.61	176.83
51.81	38.04	82.78
89.13	89.0	89.22
165.18	169.7	163.07
81.77	68.33	88.48
278.38	189.25	367.5
345.3	192.2	498.4
115.67	126.62	95.6
1248.2	1925.17	232.75
272.35	288.14	198.67
165.34	177.1	153.57
168.78	196.75	140.8
49.83	35.0	64.67
321.21	316.17	339.67
2794.68	9431.17	698.95
535.59	490.0	645.0
1799.14	1517.57	2080.71
301.46	282.68	423.5
210.71	185.5	244.33
117.83	65.33	170.33
325.17	299.05	499.33
230.19	184.36	321.87
150.26	120.67	172.45
74.78	52.0	93.0
317.57	170.67	427.75
80.48	72.3	88.67
284.39	259.9	303.98
501.71	636.2	427.0
224.1	411.0	144.0
138.71	127.32	150.09
368.43	377.22	352.6
48.4	34.74	66.6
276.33	346.0	206.67
66.22	54.46	89.0
122.92	111.31	149.99
155.11	116.67	232.0
127.75	155.18	100.32
425.48	746.97	103.99
333.03	484.93	181.13
187.0	191.0	183.0
263.33	234.79	363.25
206.9	220.29	161.36
190.63	276.96	85.11
74.78	143.67	5.9
78.84	81.74	67.25
244.94	270.92	132.33
557.44	598.4	538.82
545.0	391.33	660.25
3064.36	448.88	10039.0
206.22	236.8	168.0
230.65	436.79	70.31
131.85	123.57	179.5
56.38	30.88	107.4
251.83	270.83	232.82
226.17	75.86	419.43
115.34	143.39	66.25
45.19	25.53	56.98
167.5	161.62	179.25
185.04	276.0	164.04
160.56	140.48	192.7
121.78	160.76	89.3
229.52	241.58	219.87
466.79	144.14	1066.0
134.62	101.0	149.56
275.0	438.0	177.2
190.95	241.77	119.8
276.32	248.94	349.33
177.83	131.0	224.67
165.95	210.2	92.2
222.82	181.09	299.33
122.89	126.6	118.25
458.38	531.93	252.43
76.28	74.4	81.42
410.71	321.33	477.75
409.52	426.62	354.8
468.1	359.24	794.67
186.64	153.36	286.48
691.24	997.09	461.85
149.17	147.81	153.25
94.09	120.0	55.23
194.71	169.5	228.33
242.09	207.42	461.67
228.5	274.6	151.67
212.12	203.0	227.33
159.3	195.67	127.47
134.0	218.72	66.21
64.31	57.25	85.5
105.67	100.33	112.54
198.86	173.64	271.37
151.85	173.73	120.03
277.61	294.73	231.49
369.5	86.67	652.33
242.2	230.75	255.07
124.14	178.67	109.27
377.94	329.58	464.99
15.05	14.71	15.65
146.77	93.43	431.27
202.24	192.04	253.25
514.36	366.07	676.13
327.71	433.25	187.0
504.33	720.87	169.68
166.0	119.67	200.75
121.65	123.92	114.25
115.74	134.05	105.28
472.57	413.0	552.0
169.75	126.0	220.79
210.86	286.25	110.33
51.77	41.19	59.7
202.4	209.53	197.18
256.57	205.0	325.33
111.12	109.65	114.96
340.0	301.67	378.33
121.34	123.85	113.67
71.87	60.24	99.0
133.83	171.33	105.7
285.86	342.23	79.17
253.66	255.67	249.65
561.79	392.3	682.86
174.85	112.27	212.4
22.61	22.1	23.3
293.44	360.25	240.0
271.52	218.46	357.75
208.42	249.2	167.64
97.07	80.5	141.27
245.38	261.5	218.5
199.15	191.84	204.83
133.25	128.1	138.97
2252.14	3814.0	169.67
46.47	58.49	38.46
207.5	284.4	79.33
454.85	526.87	123.6
1640.08	1749.49	1448.62
217.29	133.75	328.67
91.94	129.3	77.93
491.67	500.22	466.0
866.45	283.57	1886.47
486.9	504.8	469.0
113.69	198.4	45.92
937.17	759.33	1115.0
173.6	169.75	179.37
114.31	100.34	123.04
749.33	893.67	605.0
141.29	83.0	185.0
306.11	296.4	318.25
132.47	114.33	159.67
6090.99	7713.45	142.0
78.23	49.28	126.49
818.78	705.33	1045.67
375.56	375.17	376.75
396.0	376.25	422.33
99.95	90.08	109.83
396.0	400.17	387.67
99.09	108.84	80.88
202.14	209.0	197.0
448.0	648.67	297.5
240.75	133.29	324.33
44.71	48.05	36.93
185.29	182.14	188.97
1129.11	174.5	3038.33
92.86	66.98	136.0
226.89	194.5	291.67
106.51	105.41	108.44
207.49	238.53	67.83
685.75	1186.18	207.09
3459.22	4745.88	600.0
165.72	136.84	216.25
151.22	200.27	28.59
189.13	239.87	143.46
140.87	94.72	177.78
310.73	225.87	565.33
280.93	232.62	336.14
322.62	295.27	382.8
258.81	261.5	254.33
260.62	314.6	170.67
355.45	288.12	535.0
81.69	53.7	119.0
126.77	155.53	94.41
342.97	226.62	486.15
536.0	446.17	715.67
84.47	112.66	42.18
188.5	229.33	147.67
168.08	188.0	153.86
170.55	122.79	282.0
74.49	71.63	76.2
277.29	313.16	191.2
33.24	37.56	29.71
158.31	144.83	165.05
169.98	110.4	309.0
318.91	272.29	400.5
110.25	143.75	76.75
226.0	228.5	222.43
99.8	105.67	93.93
209.29	244.57	161.41
244.43	257.07	206.52
192.37	229.47	147.85
124.19	138.61	37.66
80.75	77.67	83.83
86.48	109.03	60.54
108.71	87.72	122.71
223.9	208.87	238.93
102.27	99.21	111.47
142.45	147.85	122.2
151.56	138.58	190.5
598.07	787.78	256.6
195.02	203.67	154.67
192.79	232.44	120.1
207.19	215.51	198.86
147.69	161.0	134.38
477.66	177.88	702.5
99.44	110.17	78.0
127.44	115.78	171.74
144.0	93.25	211.67
212.01	231.08	158.6
106.07	122.43	51.53
47.06	62.75	34.5
359.88	332.6	405.33
222.22	290.38	113.17
51.79	19.73	61.66
695.43	1526.0	72.5
311.17	288.3	431.25
1293.29	1433.5	1106.33
349.06	312.67	458.25
550.17	288.33	812.0
345.11	316.61	391.93
236.58	186.75	286.4
200.0	91.33	308.67
148.94	94.55	296.57
360.0	416.53	148.0
942.5	297.29	2448.0
2292.07	3222.0	199.72
151.59	162.48	129.82
191.04	179.0	234.4
403.57	542.66	79.03
806.44	883.5	652.33
71.45	78.61	52.37
384.4	477.14	168.0
151.67	100.67	202.67
127.73	160.4	104.4
542.75	779.78	238.0
263.81	204.41	323.2
151.67	57.54	387.0
259.78	316.49	101.0
58.62	57.11	61.34
247.21	236.77	269.83
131.59	154.13	97.78
240.71	227.57	302.0
99.47	65.0	120.16
73.08	59.08	96.43
123.1	129.36	110.58
180.9	288.62	37.27
128.97	133.65	123.36
214.11	253.7	183.31
3225.83	2342.25	4993.0
89.98	77.63	102.33
148.45	102.26	217.73
42.71	42.96	41.61
898.86	778.67	989.0
139.58	92.33	218.33
137.25	44.63	248.4
179.5	155.25	203.75
382.45	319.5	458.0
131.7	107.33	149.97
82.7	63.17	98.32
369.42	434.89	173.0
635.18	455.33	702.62
228.56	182.8	285.75
136.73	103.73	154.19
540.25	480.94	619.33
169.99	154.32	193.5
343.44	358.0	314.33
229.07	248.3	181.0
237.07	271.8	167.6
224.15	233.59	211.56
168.33	174.23	145.91
267.0	255.4	281.5
99.55	107.72	91.38
101.72	137.93	65.5
140.01	145.98	123.81
267.69	303.12	167.3
266.86	346.0	161.33
55.85	49.11	67.65
249.75	240.63	295.33
35.95	39.46	31.27
188.31	173.94	208.86
151.45	134.3	164.31
1659.45	506.57	4733.8
719.86	156.81	1415.38
370.31	352.55	392.5
322.5	421.8	157.0
68.85	95.9	41.8
217.12	155.0	254.4
191.65	177.32	214.56
36.46	62.0	10.91
377.67	331.5	414.6
323.54	303.46	429.0
218.26	227.0	214.99
176.51	89.0	215.4
1689.47	1959.64	946.5
242.54	313.0	148.58
410.69	455.3	262.0
163.29	205.33	131.75
243.45	235.98	249.67
230.03	238.43	222.33
164.52	206.62	142.07
211.29	225.25	192.67
293.98	286.43	299.26
184.63	187.57	181.21
292.38	270.78	320.14
253.05	174.92	398.14
614.86	660.0	554.67
440.33	352.6	550.0
258.12	251.33	274.4
109.42	77.83	141.0
43.06	46.25	37.96
1995.8	1763.67	2924.33
145.35	142.27	157.67
281.29	114.63	475.73
158.72	161.82	152.5
313.91	381.12	134.67
106.61	105.58	108.92
436.51	346.25	684.75
419.0	474.14	363.86
159.9	136.0	215.67
536.17	756.72	242.1
1120.6	1158.71	1031.67
162.42	108.25	270.75
351.75	265.0	438.5
172.0	150.5	200.67
149.57	155.06	143.41
215.36	158.5	283.6
485.71	655.75	259.0
128.81	171.0	72.55
312.99	256.25	388.63
123.65	154.2	77.83
146.19	156.14	138.44
542.82	561.47	443.33
426.0	450.2	345.33
775.97	929.22	710.29
138.7	144.88	130.47
215.08	226.04	152.06
23.81	18.82	29.8
97.34	77.07	144.63
806.0	1045.14	248.0
227.59	173.0	282.18
277.8	185.6	312.38
223.44	211.5	247.33
199.72	224.32	178.01
179.24	148.88	250.79
110.26	113.61	104.4
41.53	69.73	13.33
109.38	100.46	139.13
182.57	153.4	198.78
76.06	81.0	73.1
202.08	85.54	474.0
50.92	40.45	82.33
462.57	641.0	224.67
108.94	137.6	95.91
24.43	40.57	8.3
139.41	98.17	162.97
291.49	143.86	481.29
1035.75	1187.33	581.0
542.47	402.5	702.43
129.67	116.54	139.88
201.88	190.83	235.0
367.0	467.25	286.8
243.61	251.47	204.33
180.91	206.06	113.83
304.18	287.0	362.58
287.5	259.37	345.41
1111.77	2101.84	121.69
40.65	45.29	37.16
235.82	190.67	252.75
518.74	245.38	1143.57
210.46	190.65	258.57
64.05	61.28	69.48
192.41	164.63	216.21
34.58	31.97	39.8
114.02	70.16	187.11
435.43	711.67	228.25
267.29	288.59	203.38
328.08	180.0	476.17
104.13	84.23	132.0
152.62	119.71	191.0
461.75	723.4	25.67
355.1	410.41	189.17
173.43	78.09	306.9
225.0	127.67	322.33
642.82	789.88	250.67
189.38	217.6	142.33
138.39	81.31	182.78
159.78	160.67	158.0
542.23	533.57	585.54
116.51	127.92	101.3
196.0	81.6	386.67
186.12	201.77	118.33
289.14	283.19	305.0
505.58	673.12	170.5
236.22	260.0	188.67
345.37	240.5	393.77
178.97	197.56	160.38
595.12	775.87	401.91
182.8	185.0	177.67
351.19	308.42	479.5
84.04	95.06	54.67
651.46	581.18	823.27
108.97	156.47	61.48
206.44	261.23	60.33
96.43	84.0	121.3
269.5	223.67	315.33
897.89	1159.25	449.86
182.5	199.1	161.75
224.83	268.48	93.88
253.36	253.16	254.0
236.79	260.19	190.0
278.36	324.4	201.63
206.92	196.17	217.67
199.75	229.0	112.0
146.02	152.37	78.3
140.17	142.76	130.67
153.17	185.85	87.8
296.06	271.24	392.24
981.17	1049.78	775.33
187.79	193.64	179.75
192.55	188.4	197.75
116.16	89.01	137.48
591.95	242.23	1407.97
649.31	806.0	388.17
1569.72	1767.05	103.86
159.49	201.58	75.3
199.55	220.71	162.5
153.53	151.89	163.77
1175.72	795.03	2054.23
33.01	24.52	43.62
86.21	126.87	29.28
158.74	168.63	89.5
383.29	344.67	412.25
185.08	258.2	139.37
447.64	358.0	498.86
134.42	138.8	125.67
171.55	130.32	240.26
251.61	199.46	268.99
278.67	395.67	161.67
67.6	57.05	95.42
172.0	143.33	208.86
118.61	139.8	90.35
207.88	221.5	194.25
465.0	613.33	353.75
170.0	175.62	163.57
231.0	238.0	224.0
499.48	631.6	279.27
328.5	187.9	562.83
282.29	138.75	473.67
58.34	61.4	54.27
225.0	225.14	224.66
192.81	83.33	265.79
235.0	293.25	188.4
117.64	120.3	111.0
382.8	369.85	408.09
43.14	35.57	50.7
152.54	143.25	156.67
129.0	162.5	106.67
1908.64	1395.52	2763.83
113.6	88.19	128.11
205.83	218.57	176.11
207.63	192.62	237.65
546.5	850.5	242.5
275.62	210.2	384.67
1039.07	1404.4	125.75
282.56	169.67	508.33
169.86	176.78	158.33
984.78	1069.67	815.0
1142.41	85.5	2199.33
143.5	154.67	132.33
141.52	196.2	73.17
178.0	192.71	67.7
479.86	672.33	335.5
139.33	139.58	137.33
114.3	115.0	113.6
333.8	315.86	375.67
1384.0	583.25	2184.75
161.55	87.88	235.22
304.31	287.54	327.38
159.76	160.47	158.88
193.49	187.64	213.4
151.17	176.29	135.18
274.88	393.3	97.25
60.51	60.71	60.15
204.77	375.33	68.32
267.73	362.0	126.32
87.52	98.91	74.34
734.8	1088.44	204.33
561.64	408.33	1021.56
159.44	184.98	137.54
60.31	49.82	70.8
62.0	51.03	78.45
161.6	219.75	103.45
84.13	60.48	115.67
335.61	374.79	268.43
93.34	51.5	126.82
139.77	148.13	127.22
185.38	133.92	236.83
106.39	103.78	116.2
49.95	55.3	24.53
449.63	177.05	1335.5
278.16	420.28	88.67
249.25	165.8	388.33
42.8	39.0	46.6
21.56	13.0	32.98
396.67	461.0	268.0
253.57	220.5	297.67
47.29	51.98	42.6
126.73	204.5	48.97
312.87	354.83	145.0
385.9	391.25	364.5
159.27	162.85	146.51
162.14	236.0	63.67
174.34	215.99	85.85
235.64	277.5	184.49
486.39	831.0	26.9
203.83	148.67	259.0
1730.91	2132.0	661.33
125.06	150.72	76.95
155.1	116.16	213.5
344.11	326.4	366.25
68.13	59.1	86.2
405.89	480.38	316.5
258.49	116.67	343.58
167.45	208.5	143.99
162.81	172.17	154.79
361.64	388.17	329.8
527.98	568.03	439.87
448.83	689.0	208.67
242.11	295.0	215.67
155.56	117.67	231.33
1065.64	1658.25	275.5
194.89	185.41	225.24
100.45	116.09	53.53
333.0	144.25	584.67
157.06	94.0	194.9
918.0	1049.22	524.33
201.88	164.19	262.2
309.29	177.5	485.0
3931.9	4460.9	2344.9
926.75	338.19	1613.42
340.5	331.77	350.98
175.44	124.39	249.68
255.86	277.72	157.5
239.53	180.16	358.26
390.31	415.67	314.25
480.9	549.88	136.0
343.71	462.0	255.0
138.58	146.32	115.33
161.75	160.33	163.17
83.09	97.4	64.0
167.93	168.0	167.88
118.44	117.42	120.75
181.33	172.0	190.67
265.62	279.5	251.75
211.39	132.6	309.88
154.36	175.29	117.75
200.6	164.04	260.0
186.43	170.33	198.5
2234.86	296.75	4819.0
135.1	161.4	91.26
255.48	263.83	200.4
110.97	109.24	114.03
336.38	382.8	259.0
61.13	101.67	20.6
108.83	95.0	122.67
371.58	435.38	244.0
1115.71	1309.25	1018.94
202.37	90.99	388.0
378.99	235.98	557.75
98.1	92.97	102.2
255.36	316.0	182.6
1360.82	1825.12	122.67
382.38	327.34	614.78
140.71	129.55	174.18
113.22	113.0	113.5
116.95	142.12	75.02
421.83	301.33	542.33
345.82	369.86	303.75
30.66	37.38	1.53
621.0	148.25	1251.33
229.68	55.93	360.0
144.5	133.7	227.33
199.22	190.8	209.75
260.85	82.0	439.7
135.42	132.13	142.0
367.56	472.33	288.98
100.21	110.49	56.49
131.8	130.21	133.82
108.15	124.68	66.83
45.22	42.62	52.99
181.68	107.62	354.5
109.21	119.42	99.0
68.01	81.8	40.44
346.31	378.23	208.0
108.18	86.56	158.63
81.47	50.95	96.72
795.11	1268.6	203.25
143.17	135.0	151.33
82.72	98.56	62.92
210.36	229.05	126.25
3809.23	3806.6	3818.0
627.54	600.21	937.33
225.22	226.6	219.11
18292.62	215.97	24318.17
202.33	184.2	225.0
207.53	215.96	148.5
43.4	37.67	52.0
238.55	208.72	278.33
248.23	223.85	362.0
508.14	622.5	355.67
968.03	473.23	1648.38
345.0	487.07	139.78
218.86	240.44	161.33
80.56	51.97	120.58
356.11	456.5	155.33
232.46	165.75	250.25
376.22	408.0	336.5
45.38	49.22	40.26
450.64	535.12	225.33
613.67	403.33	1034.33
60.24	69.85	26.63
575.28	521.85	664.33
393.5	262.0	788.0
321.18	526.5	134.53
483.12	362.2	684.67
218.61	347.38	75.53
73.78	80.05	48.7
456.93	477.0	425.39
94.31	27.4	144.5
227.93	306.58	114.33
263.75	236.25	291.25
222.1	237.64	149.61
245.8	247.4	244.2
528.15	762.54	200.0
160.68	151.42	191.26
142.47	139.45	148.0
174.54	222.7	110.33
703.08	1731.93	85.76
262.75	196.66	378.41
405.85	314.43	512.5
354.64	333.92	377.08
562.75	621.88	444.5
117.74	121.97	113.5
221.5	258.33	184.67
105.64	88.63	139.67
153.78	168.25	144.13
269.42	262.88	282.5
72.9	66.53	92.0
50.24	46.47	70.33
192.83	231.61	87.57
39.97	51.18	28.76
354.33	358.25	351.2
249.67	172.0	327.33
150.62	133.95	170.47
127.0	126.6	127.5
200.67	242.6	148.25
247.71	196.06	296.63
953.29	1027.75	854.0
950.6	1262.33	483.0
334.86	426.25	213.0
281.68	298.64	243.5
62.69	54.07	72.75
775.33	523.67	1278.67
295.11	120.33	426.19
2444.72	2932.66	102.6
165.99	142.08	237.72
240.92	87.38	326.22
325.5	298.0	371.33
453.2	424.67	496.0
322.0	339.78	268.67
328.18	375.88	164.64
1630.82	336.17	2601.81
217.98	214.3	229.0
153.12	142.2	171.33
645.33	785.33	505.33
228.04	226.25	232.5
129.56	121.0	155.25
375.13	367.0	385.3
134.14	180.32	87.97
375.5	330.33	511.0
42.38	38.07	45.62
178.75	230.71	57.5
115.56	112.69	118.87
138.17	137.83	141.33
190.84	125.6	408.33
228.85	220.24	277.67
243.0	240.25	251.25
208.17	148.33	268.0
355.56	254.5	524.0
559.02	709.47	57.52
65.86	51.27	72.11
682.45	703.12	627.33
258.48	259.1	256.4
101.81	96.85	108.0
281.07	342.05	136.22
202.12	208.17	187.6
974.0	531.17	1859.67
163.61	169.11	146.0
345.23	434.0	183.82
196.99	216.5	183.98
393.83	200.67	587.0
1052.29	350.67	1578.5
109.99	125.93	75.83
68.51	59.89	84.78
339.5	258.21	420.79
253.21	308.78	153.18
436.38	415.0	472.0
110.98	119.8	82.74
366.15	382.38	340.2
175.75	194.92	140.14
364.02	478.29	164.06
77.36	84.61	61.05
72.54	73.86	69.22
138.96	96.33	224.24
138.12	103.0	196.67
213.96	211.67	214.82
312.0	281.33	335.0
10139.83	183.52	26733.67
1871.15	1970.43	1242.33
124.99	135.4	107.14
271.6	279.86	229.38
67.47	83.4	40.93
230.38	235.3	214.0
144.49	148.36	136.75
169.0	125.66	212.33
514.71	449.25	602.0
242.27	279.29	177.5
185.95	225.29	75.8
343.9	282.0	385.17
90.21	59.57	151.5
194.12	171.75	216.5
94.27	77.25	121.92
84.93	88.6	81.67
133.83	134.0	133.5
173.15	112.64	415.2
42.44	51.94	26.6
384.17	214.67	553.67
252.67	241.67	263.67
121.97	148.98	116.35
229.78	340.1	150.97
353.69	522.27	227.25
1300.25	2260.73	99.65
189.66	187.76	194.6
46.4	51.11	21.3
43.93	50.92	25.27
94.5	89.07	104.0
122.11	133.83	98.66
192.08	211.46	158.85
386.11	258.67	449.83
96.16	82.0	106.27
224.13	233.48	179.41
141.05	116.36	198.66
170.91	179.0	164.17
200.51	161.0	230.14
107.07	70.87	134.22
452.46	323.38	659.0
75.91	72.97	82.4
79.22	60.25	102.41
342.4	391.14	228.67
383.95	353.29	461.87
305.25	273.75	368.25
143.06	138.28	159.0
313.33	256.0	359.2
1478.86	3122.33	246.25
118.8	140.42	86.38
758.07	303.82	1666.58
146.09	181.94	98.28
286.07	275.56	317.6
137.25	34.49	240.0
92.0	95.33	90.0
152.11	222.5	58.27
295.14	314.0	270.0
348.26	395.36	292.19
229.26	242.75	180.38
152.81	159.05	142.4
241.48	296.47	104.0
547.67	810.5	337.4
248.22	249.27	246.38
142.81	124.95	193.84
91.46	89.79	115.3
264.18	258.62	279.0
35.68	53.77	17.6
238.5	252.71	205.33
1708.21	1955.18	1399.5
204.15	233.41	110.52
51.2	58.49	36.62
88.91	82.71	106.24
141.62	69.23	214.0
113.42	81.0	139.36
41.98	39.54	47.66
203.7	212.31	169.25
1327.24	1766.62	448.48
250.67	195.33	292.18
198.75	195.33	200.8
722.78	606.78	780.78
1044.38	1212.4	484.33
812.08	1209.0	256.4
131.02	92.37	208.33
106.32	82.0	130.63
173.2	188.14	138.33
114.25	100.75	127.75
223.2	201.6	244.8
178.64	154.09	223.65
179.55	153.71	224.75
227.63	212.38	265.75
78.03	68.75	91.95
666.33	753.43	361.5
215.69	226.62	168.33
255.6	219.85	304.75
170.25	196.1	144.4
347.5	411.0	284.0
5357.61	5821.54	409.0
310.33	316.75	278.25
210.81	66.3	355.33
1082.0	1075.67	1113.66
195.63	274.26	81.26
336.43	176.0	550.33
164.47	142.49	230.43
321.71	262.75	542.8
165.02	269.56	47.41
155.71	152.26	167.2
64.94	56.88	107.22
92.71	100.39	86.81
24729.08	25645.29	23446.4
703.0	650.25	745.2
192.0	296.33	87.67
618.59	250.44	2091.16
282.28	122.25	549.0
155.89	204.37	98.6
113.39	165.5	9.16
254.4	238.48	282.25
131.73	138.49	106.97
126.35	109.25	143.45
97.48	97.69	97.0
313.54	375.44	127.83
364.9	361.79	369.29
281.6	216.15	390.67
164.7	179.72	144.67
216.0	269.4	162.6
116.14	125.0	109.5
58.67	70.22	45.67
308.75	290.4	339.33
536.12	528.5	554.4
200.85	204.44	192.75
2959.72	3596.81	729.89
639.43	249.25	1159.67
144.83	156.09	107.3
143.0	149.33	136.67
23.63	28.78	19.0
100.8	85.77	128.99
288.4	267.94	370.25
578.75	405.6	867.33
592.59	492.4	726.17
143.54	172.57	85.47
404.49	473.52	360.11
305.8	197.27	414.33
273.14	180.14	403.34
394.66	390.38	407.5
44.86	49.44	35.71
126.61	129.78	118.7
133.51	144.47	115.96
158.67	140.67	176.67
110.5	106.97	120.33
155.85	126.26	193.33
2194.17	211.67	4176.67
173.68	89.48	314.0
31.86	16.27	52.63
315.72	375.57	202.0
133.18	53.57	239.33
180.55	224.13	122.43
234.71	262.0	214.25
1543.42	1361.4	1673.43
90.71	98.84	78.52
123.21	98.16	181.67
142.94	299.0	25.9
190.94	165.74	323.25
82.06	119.0	45.11
218.17	234.27	148.44
166.5	135.6	218.0
627.82	760.0	517.67
236.93	266.18	90.67
218.91	318.5	99.4
216.17	199.91	229.92
111.7	123.08	71.88
247.38	248.06	244.5
328.2	339.0	306.6
120.17	99.78	137.17
142.44	137.87	163.0
360.67	384.5	313.0
3711.86	4418.65	1591.5
111.05	122.99	79.2
280.36	229.0	370.25
164.79	158.2	174.67
195.62	143.4	282.67
122.13	125.26	116.19
173.7	190.25	151.63
156.11	234.2	52.0
125.61	153.62	88.27
90.11	141.2	22.0
130.33	136.67	117.67
128.87	85.47	215.67
175.05	169.83	205.5
282.08	301.89	222.67
229.4	321.54	125.74
614.4	845.81	190.15
346.67	331.33	362.0
219.57	223.5	214.33
337.34	365.7	290.08
105.38	136.27	71.05
632.43	585.64	752.0
272.52	274.43	270.38
157.33	211.3	118.35
201.99	213.64	139.83
245.11	290.0	155.33
121.94	89.71	147.0
279.93	312.2	239.6
2737.5	621.63	8027.17
355.86	402.21	263.14
217.12	238.6	181.33
142.25	189.0	95.5
199.44	184.24	252.67
619.69	703.83	199.0
511.33	553.44	385.0
921.11	865.5	1032.33
228.5	259.0	198.0
32.05	14.83	49.26
60.65	75.31	35.32
280.89	229.82	351.12
70.32	79.0	57.3
220.25	233.25	207.25
402.08	370.33	433.83
127.43	125.67	128.75
118.38	102.0	128.2
57.33	60.67	54.0
127.71	123.46	138.0
234.89	270.75	67.53
135.27	121.45	169.8
440.89	525.72	67.67
439.34	308.97	797.88
395.52	558.44	69.67
101.31	57.5	159.73
183.98	181.12	187.5
294.0	254.33	333.67
140.18	135.86	147.75
351.88	386.1	180.75
1322.0	1398.15	1124.0
52.31	12.4	105.53
306.1	320.92	261.67
535.92	786.15	385.79
320.86	416.0	194.0
263.05	88.68	553.67
145.58	161.0	114.73
396.1	810.5	64.58
668.77	632.6	789.33
1514.13	2204.98	231.11
1124.46	278.98	1969.95
20.91	12.6	32.0
202.86	238.72	123.18
308.35	286.45	379.5
54.41	52.32	68.33
210.53	229.71	193.75
136.32	154.67	108.8
60.84	68.03	46.47
171.25	218.5	124.0
61.3	41.67	90.75
76.21	82.72	44.63
219.0	139.6	351.33
440.59	469.44	319.4
182.17	201.62	143.25
187.41	215.46	129.42
642.0	235.0	1049.0
281.5	324.0	253.17
1122.81	1458.77	518.08
1172.83	1168.95	1178.0
67.02	77.28	22.6
317.85	201.66	434.05
196.33	133.5	322.0
118.44	122.6	111.5
131.67	170.67	102.42
151.93	159.05	128.2
174.78	180.43	168.0
128.26	95.84	185.0
327.3	314.57	357.0
859.75	864.83	854.67
671.12	143.4	1550.67
148.0	147.67	148.33
227.05	121.04	403.74
245.77	302.83	112.63
586.88	673.8	442.0
173.42	329.2	69.57
273.56	277.8	268.25
116.48	87.33	145.63
1102.19	118.0	1594.28
172.26	182.5	146.65
326.14	123.33	478.25
267.7	340.0	219.5
97.71	115.32	72.27
119.94	135.08	107.32
213.61	200.63	288.25
165.62	125.98	207.07
5887.77	3550.04	10271.0
245.78	379.25	112.3
44.13	31.2	52.75
228.01	271.02	152.75
160.5	175.67	145.33
57.35	67.3	33.81
184.38	222.67	146.08
236.91	229.7	278.82
254.25	261.93	236.7
60.36	48.32	72.4
172.03	133.14	288.67
2936.02	2900.14	3071.23
304.1	224.91	779.25
398.38	423.44	367.54
167.94	130.5	197.89
144.88	144.82	145.0
144.74	142.62	147.4
195.16	193.68	197.75
147.99	61.67	212.72
163.6	168.97	155.0
541.82	564.5	481.33
178.69	132.43	207.15
287.83	545.33	30.33
167.04	152.56	210.5
158.14	149.79	227.67
104.79	107.67	99.02
26.32	18.77	33.88
304.37	437.25	171.49
274.85	301.36	239.5
7730.64	4365.67	10254.38
107.9	140.83	74.96
102.8	57.67	178.0
251.3	268.6	176.33
119.31	147.19	49.62
234.97	224.61	238.08
165.14	93.0	219.25
275.0	346.5	179.67
85.57	175.3	18.27
142.98	160.5	61.2
59.41	53.53	79.0
104.19	109.25	100.51
510.03	395.9	809.62
218.12	254.4	157.67
646.94	591.97	792.21
154.33	71.28	253.98
1331.9	825.57	2513.33
165.29	146.0	191.0
276.67	295.18	227.33
202.0	123.25	307.0
467.67	596.0	339.33
121.64	128.11	110.0
210.96	196.8	301.6
482.25	225.0	636.6
122.76	125.89	112.33
73.16	67.03	81.86
121.86	38.9	157.41
1461.67	2268.0	655.33
450.29	214.25	765.0
73.81	67.36	90.99
177.05	202.08	126.98
285.22	368.8	180.75
153.33	152.67	154.67
158.5	155.33	161.67
400.09	466.38	223.33
197.5	217.5	177.5
278.0	250.8	323.33
331.35	308.69	467.29
151.14	79.33	205.0
103.76	54.79	201.7
572.08	678.74	287.67
67.35	75.1	59.6
241.82	144.7	387.5
564.71	583.25	540.0
231.88	208.14	248.5
4.54	4.39	5.08
541.12	392.0	630.6
11.51	15.79	1.53
230.21	234.48	213.14
924.66	661.89	1279.41
334.67	137.0	532.33
88.73	145.5	31.97
272.7	212.35	393.4
952.42	1202.75	618.66
242.82	276.0	154.33
362.6	389.64	300.4
97.68	31.55	207.89
345.8	343.43	351.33
45.32	55.09	22.54
102.75	106.89	90.33
314.75	209.08	341.17
287.31	268.07	317.68
216.23	211.33	238.25
684.0	770.0	512.0
230.11	248.71	198.5
61.97	58.73	66.3
140.64	85.71	204.71
89.77	82.32	104.67
443.67	372.83	585.33
183.44	189.17	172.0
102.32	97.62	135.22
138.33	130.33	140.33
120.78	122.35	115.56
1190.88	1163.5	1236.5
214.46	199.1	265.67
87.06	131.67	42.46
472.69	71.83	873.55
185.35	192.92	139.9
355.76	397.46	220.25
172.25	160.29	189.0
115.42	84.4	141.28
289.82	313.57	248.25
370.0	358.67	381.33
149.65	148.79	155.0
525.75	487.45	621.5
1075.67	1356.89	232.0
117.99	57.11	178.87
156.3	118.6	194.0
138.44	142.33	130.67
211.15	191.06	291.5
302.57	310.33	296.75
1.09	1.0	1.18
58.13	39.03	92.52
230.6	155.79	296.06
235.71	148.65	351.8
81.84	122.18	14.6
154.88	129.89	254.83
204.85	160.58	245.72
340.0	428.57	216.0
274.79	260.32	296.5
169.43	110.5	248.0
51.77	38.23	82.24
1572.0	1478.15	1816.0
127.17	128.0	126.7
293.75	320.31	258.33
133.59	112.33	144.21
197.7	169.71	263.0
262.25	220.78	386.66
791.48	880.2	702.76
163.96	213.47	108.94
197.31	158.95	245.25
118.99	109.7	129.32
332.45	201.18	519.97
289.38	251.9	351.83
212.85	242.25	95.23
220.42	219.15	230.25
195.75	222.0	152.0
381.78	446.2	301.25
227.17	156.0	253.86
123.01	205.75	12.7
107.26	110.18	98.5
252.94	248.84	257.81
221.0	253.33	172.5
594.22	775.0	368.25
165.83	169.77	154.0
128.23	89.53	166.93
882.28	913.6	830.09
2387.5	2396.2	2378.8
421.78	424.6	418.25
1901.0	1987.33	1814.67
81.2	71.0	104.15
580.44	836.38	287.94
306.13	353.46	116.8
142.0	185.33	98.67
111.97	85.6	138.33
223.17	261.67	184.67
66.09	75.75	30.67
161.46	173.17	135.11
142.6	138.45	163.33
91.85	42.0	141.7
288.79	270.77	487.0
202.8	206.67	200.22
54.61	106.76	19.84
1196.73	1308.0	1063.2
228.46	209.6	292.9
106.8	87.27	121.45
127.87	113.07	147.37
134.5	161.73	118.16
203.32	224.0	182.64
133.83	199.75	45.93
207.25	197.19	301.91
2232.36	2617.0	2067.51
436.18	513.25	230.67
791.68	1237.67	409.41
1589.69	1677.8	1534.62
1136.78	1312.31	908.6
119.53	111.0	127.0
171.43	223.48	67.33
133.85	110.5	165.0
110.86	87.0	142.67
824.59	1188.75	387.6
282.57	79.9	485.25
187.62	200.25	175.0
173.83	158.67	189.0
144.14	107.91	237.29
77.78	74.1	102.33
164.6	171.83	150.14
467.43	537.75	373.67
182.89	170.13	212.67
54.75	10.33	99.17
150.84	106.32	208.08
186.37	316.1	99.88
133.5	151.0	116.0
238.64	266.81	182.3
223.67	274.33	173.0
174.85	121.27	324.88
104.0	75.33	125.5
199.71	137.33	246.5
554.07	381.86	1649.98
2164.78	2366.14	218.33
37.99	29.32	46.65
174.83	165.34	201.2
67.58	64.35	90.17
779.45	427.0	980.86
349.15	325.6	378.6
282.33	198.75	349.2
370.0	526.5	182.2
390.3	145.06	733.63
88.65	136.67	40.63
1052.97	1647.03	508.42
173.86	160.6	190.42
149.88	178.8	101.67
130.44	78.26	200.0
127.02	169.2	42.67
278.82	341.1	189.86
172.79	178.44	155.83
178.33	155.86	223.25
70.41	67.33	71.57
320.08	417.25	125.75
231.12	236.69	221.39
114.34	127.46	61.87
16924.9	19131.5	13615.0
189.24	105.39	336.0
212.44	217.67	202.0
400.19	454.45	237.4
302.01	358.42	208.0
427.42	324.78	735.33
110.8	83.26	138.33
459.46	509.33	384.65
231.82	242.54	197.0
150.58	167.48	126.18
129.1	135.5	122.7
154.63	224.33	84.93
174.99	206.5	111.97
291.27	436.83	116.6
130.07	82.03	172.1
3879.25	3327.69	6269.33
454.79	109.28	2614.25
249.95	247.6	264.62
1111.36	690.33	1226.18
134.32	135.56	132.6
173.68	178.25	163.6
2944.0	4329.0	1559.0
286.98	366.83	127.27
89.5	105.0	74.0
697.64	353.67	826.62
355.94	371.92	286.67
229.25	231.13	227.0
243.73	299.29	178.92
607.06	577.12	631.0
53.02	49.79	63.79
185.04	177.59	244.67
804.6	2370.5	235.18
84.64	63.97	100.15
265.86	209.0	341.67
168.08	172.78	154.0
209.92	221.13	196.83
159.49	180.57	96.25
120.78	112.26	140.66
3930.62	218.53	19707.0
106.7	111.98	80.3
386.94	346.25	437.81
226.71	193.5	271.0
358.83	361.33	356.33
961.54	1270.99	136.33
187.67	213.8	169.0
254.71	289.44	207.57
305.84	308.84	302.58
125.62	126.5	125.03
137.12	164.8	91.0
160.5	211.86	40.67
145.36	131.67	153.58
294.43	287.91	318.33
222.92	224.71	214.78
224.53	220.45	235.75
168.0	154.5	204.0
76.44	55.14	97.75
188.32	175.65	220.0
286.73	145.14	410.61
121.6	79.16	192.33
271.6	156.75	348.17
297.0	256.6	364.33
207.8	83.6	332.0
52.09	45.91	68.57
133.38	142.76	105.27
1678.54	2314.34	195.0
103.32	140.98	65.65
189.32	280.75	116.18
563.5	560.4	568.67
82.69	47.58	188.0
203.55	170.18	316.15
135.84	117.22	160.67
73.98	79.0	69.96
150.93	149.8	158.5
1589.62	2080.2	772.0
175.06	147.4	202.71
113.17	104.0	122.33
241.3	197.93	284.67
294.55	101.33	391.16
54.29	41.21	77.2
504.67	544.67	464.67
151.91	183.54	88.63
293.68	230.11	442.0
478.39	496.93	432.06
134.13	145.43	115.09
140.53	143.88	133.41
151.65	129.83	182.2
179.15	101.92	275.68
2264.71	2114.38	2393.57
76.9	78.92	74.38
927.62	317.33	1110.7
64.81	58.18	74.75
152.74	160.38	91.6
228.0	171.0	313.5
231.52	260.67	219.02
77.19	80.42	67.5
1379.45	1593.67	1122.4
75.67	85.5	65.85
295.0	362.0	77.25
75.72	77.88	68.53
122.0	122.85	120.0
623.94	922.0	445.1
440.59	427.07	464.25
136.47	195.29	50.21
271.4	282.8	260.0
282.08	204.97	326.14
369.71	456.67	304.5
81.63	93.45	65.87
101.27	67.19	143.86
82.38	75.17	92.01
190.27	166.0	219.4
469.5	548.33	390.67
311.62	277.5	422.5
49.74	44.69	110.26
39.04	37.94	42.77
113.23	85.16	133.28
222.87	339.55	124.14
31.13	32.23	28.92
418.57	518.67	343.5
2192.12	1266.75	3117.5
234.63	218.83	253.58
456.55	428.43	505.75
5824.62	6324.0	4160.0
1621.52	1844.91	1130.06
101.68	104.98	81.93
281.53	318.75	132.67
541.43	475.75	629.0
66.13	59.67	72.59
110.68	222.75	60.87
506.91	495.35	522.33
421.9	539.41	69.38
479.99	573.38	324.33
85.22	58.58	115.67
121.56	91.47	161.67
69.43	80.94	37.79
350.4	408.71	214.33
64.41	62.68	66.14
860.7	672.52	1174.33
184.37	209.47	92.33
370.59	386.06	265.4
366.1	329.71	451.0
460.0	452.21	484.67
46.2	62.5	36.42
304.33	269.17	374.67
379.24	338.0	420.48
119.7	80.73	158.67
473.33	524.0	372.0
1211.6	533.71	2793.33
100.93	78.11	128.64
76.23	60.01	146.5
463.45	309.21	727.86
231.75	280.0	183.5
228.5	240.95	201.1
552.71	555.75	548.67
515.75	785.0	246.5
686.5	609.6	814.67
1430.22	1692.79	117.4
210.5	195.0	226.0
67.6	37.8	117.26
216.9	269.67	137.75
286.28	218.0	328.96
70.31	65.22	77.95
763.71	834.64	503.67
125.53	119.81	169.33
151.43	147.62	156.5
181.78	188.5	175.06
131.06	126.45	141.83
62.81	60.67	65.67
92.7	95.89	85.69
273.36	289.75	202.33
429.04	321.81	563.09
462.2	799.4	40.7
491.75	507.4	465.67
229.04	217.59	238.58
63.83	62.58	65.39
76.74	103.9	22.43
238.73	286.0	183.58
1619.45	1351.75	1772.43
163.44	184.25	142.62
349.31	593.83	139.71
447.23	92.17	539.86
225.18	245.0	190.5
356.67	295.67	417.67
98.49	90.63	125.2
658.0	439.75	949.0
403.57	329.25	502.67
96.29	82.88	107.47
108.82	110.77	101.35
83.78	95.2	49.53
196.5	180.33	212.67
189.6	275.75	132.17
1623.33	2465.85	179.0
169.17	105.0	233.33
1335.43	1139.75	1596.33
117.79	135.51	59.56
2795.73	3187.45	1718.5
245.48	283.66	176.76
75.75	76.98	74.53
99.1	120.93	48.87
508.27	643.0	263.31
650.67	730.0	492.0
152.0	175.0	134.75
248.76	261.37	220.38
77.33	75.71	80.67
365.62	198.2	644.67
85.81	94.76	44.0
193.91	171.41	235.16
242.55	240.81	244.29
72.47	71.55	74.48
260.36	222.57	326.5
161.38	245.2	109.0
282.0	302.75	254.33
71.86	67.33	74.58
136.17	173.42	61.67
882.43	1073.75	212.78
156.57	76.5	263.33
152.99	163.58	135.33
181.8	194.65	164.67
266.75	293.0	223.0
69.0	81.8	60.86
221.06	232.5	181.86
86.27	101.99	54.84
182.13	214.79	116.8
342.94	518.0	148.42
122.47	111.29	142.6
93.34	88.7	107.63
296.0	272.5	327.33
196.86	261.33	148.5
167.34	61.32	195.24
314.91	362.29	232.0
87.99	91.25	83.63
57.5	53.41	71.13
423.0	474.56	268.33
254.54	278.67	236.45
527.12	628.83	222.0
148.36	162.46	125.8
194.0	189.67	198.33
182.96	181.68	185.77
246.78	299.2	181.25
1185.0	1216.0	1143.67
163.14	111.64	369.16
140.4	171.52	109.28
162.38	143.0	174.0
123.5	115.0	132.0
27.66	23.95	32.6
93.82	119.5	68.15
192.28	205.57	169.23
149.44	155.91	106.33
85.49	95.95	58.27
771.22	1401.43	281.06
182.12	175.4	193.33
48.97	48.98	48.93
436.02	335.89	611.25
496.18	507.0	467.33
217.92	232.56	174.0
177.46	188.92	155.69
318.21	310.44	325.2
393.6	457.82	278.0
1588.14	2626.25	204.0
186.94	131.39	409.15
246.52	188.09	378.0
634.22	1031.5	316.4
265.18	205.5	424.33
1513.35	751.8	2782.6
190.13	248.65	140.39
56.85	52.14	62.75
65.68	42.56	88.8
307.65	275.15	416.0
63.87	57.6	79.27
400.39	416.08	369.0
41.99	54.5	25.3
125.42	104.14	155.2
235.09	279.06	180.12
134.97	217.33	52.6
599.92	786.0	302.2
1050.67	1167.33	934.0
230.83	226.43	237.0
185.23	210.3	101.67
230.58	267.48	95.27
51.12	4.9	97.33
173.07	103.54	224.06
66.01	66.06	65.82
168.31	155.81	203.75
116.6	45.93	187.27
159.01	134.23	351.0
215.5	268.4	186.11
218.67	289.67	147.67
342.29	435.0	272.75
1193.29	1195.67	1191.5
176.14	143.3	206.46
299.92	289.94	343.8
273.15	250.7	288.11
210.83	356.0	127.87
1199.88	1777.2	237.67
575.23	938.7	211.75
173.51	105.83	214.12
202.1	162.29	295.0
204.19	166.0	242.38
184.16	172.5	190.83
564.9	89.47	2347.76
1123.25	177.2	3251.88
251.53	189.06	339.0
62.7	82.28	30.08
939.0	324.33	1400.0
776.24	748.91	867.33
162.51	168.2	158.25
211.55	214.64	208.85
166.29	152.5	184.67
353.07	253.1	553.0
115.0	70.33	159.67
183.71	211.62	161.37
145.09	167.62	122.56
301.47	296.36	325.33
227.45	302.08	115.5
790.0	901.67	678.33
198.87	112.14	372.33
303.16	387.84	184.6
438.52	500.57	321.33
683.16	694.87	528.0
219.88	200.2	252.67
61.85	29.53	94.17
184.27	197.86	160.5
168.0	186.88	130.25
330.08	303.5	372.6
102.65	107.93	94.44
92.53	39.67	124.25
178.1	201.22	147.27
330.91	432.86	152.5
282.47	251.67	290.17
138.31	75.27	169.83
80.47	78.3	81.78
3112.2	3972.97	243.0
126.57	108.45	153.75
48.38	21.23	68.75
293.56	334.23	239.33
339.29	314.94	371.13
1087.51	1402.25	143.3
405.83	415.33	402.47
261.86	254.92	298.25
114.22	107.0	145.48
91.77	90.17	98.97
182.3	218.33	128.25
168.82	147.48	259.5
522.92	635.5	466.62
225.52	128.75	467.47
127.0	80.28	164.38
63.31	68.04	56.8
119.72	144.45	70.27
106.0	171.25	19.0
199.26	223.01	151.75
132.82	127.43	142.25
215.75	278.0	171.29
96.5	108.33	84.67
50.5	30.5	70.51
65.75	98.0	46.4
258.88	249.6	274.33
215.64	186.28	352.63
100.9	79.5	115.17
121.54	125.27	118.75
141.4	113.68	180.2
671.01	1225.33	255.28
98.9	107.14	79.67
53.09	119.22	3.5
538.0	331.17	951.67
1609.79	2078.0	1024.54
101.24	95.43	118.67
413.86	208.75	687.33
122.44	149.1	51.33
370.5	343.21	418.25
57.54	50.74	66.6
178.5	155.2	217.33
626.98	436.32	1008.3
255.0	228.6	288.0
67.69	70.9	59.13
413.35	455.99	299.67
293.52	341.81	76.22
164.62	187.78	95.14
216.31	89.0	318.16
235.12	292.82	148.57
136.17	81.89	268.0
239.81	161.67	344.0
408.38	500.5	316.25
1386.66	918.66	3414.67
224.08	293.22	113.45
1454.75	147.75	2108.25
127.56	96.29	177.59
65.51	54.31	87.9
4348.38	8636.5	60.27
206.26	216.95	134.45
530.1	782.98	214.0
155.56	178.67	138.22
15.83	39.9	6.8
77.55	54.67	123.33
203.09	201.24	208.33
218.55	198.86	253.0
226.31	142.75	254.17
187.77	214.33	134.63
165.67	156.0	175.33
69.55	76.97	54.71
218.49	254.2	158.97
498.0	370.0	562.0
856.95	932.33	668.5
52882.2	69432.95	471.5
217.44	172.27	296.48
35.61	52.77	22.74
205.07	294.33	182.75
288.53	278.38	297.56
312.18	246.8	366.67
183.71	191.0	164.27
125.69	151.55	73.96
139.2	124.84	184.67
354.48	169.82	567.54
293.95	293.14	295.75
110.82	138.22	49.16
335.83	314.78	398.99
196.17	225.58	137.33
182.67	248.0	117.33
217.43	170.43	577.83
311.36	286.6	373.25
279.25	291.8	258.33
480.88	502.62	386.67
268.86	295.0	234.0
42.84	11.47	84.67
330.88	412.33	208.7
160.8	165.51	150.44
187.08	183.5	188.88
170.07	81.0	214.6
81.13	68.16	102.76
102.87	101.6	105.0
691.46	488.58	916.89
323.67	343.0	285.0
214.36	100.78	403.67
193.83	217.35	156.2
108.57	122.1	93.11
97.64	87.86	110.67
133.88	120.26	152.96
149.54	143.75	157.27
588.17	704.6	505.0
225.78	203.18	237.62
110.8	70.27	222.25
218.98	279.3	158.67
175.01	175.26	174.54
328.95	282.01	498.44
284.88	292.0	251.67
3444.16	4464.15	180.2
404.53	410.42	381.0
478.73	246.0	886.0
128.85	100.03	210.5
151.26	158.34	104.0
161.65	131.92	245.44
258.73	301.29	184.25
194.8	144.4	262.0
155.86	140.83	223.5
62.17	79.5	50.62
72.13	77.57	61.25
281.11	428.93	170.25
1490.71	1353.0	1674.33
182.44	230.65	124.59
185.62	153.8	238.67
216.55	265.77	130.41
161.46	169.15	119.21
336.01	98.85	620.6
503.09	627.86	284.75
179.77	303.0	118.15
1081.12	1712.0	29.67
395.3	668.0	122.6
242.43	303.82	119.67
89.84	80.76	147.33
191.31	207.6	137.0
702.92	748.8	550.0
55.63	49.27	62.0
476.0	453.12	537.0
162.08	133.78	182.29
138.37	95.0	170.9
1947.3	3124.0	182.25
317.64	189.32	420.3
882.67	92.0	1673.33
195.1	232.4	157.8
327.38	338.92	305.75
379.29	575.5	117.67
178.67	129.33	228.0
145.54	153.83	128.97
88.12	80.08	96.17
544.41	563.85	481.25
606.38	267.5	945.25
275.79	270.96	288.67
495.13	633.99	294.54
224.96	460.0	48.69
328.19	364.17	208.24
244.89	332.67	69.33
218.36	140.5	276.75
169.56	182.31	154.27
163.7	161.1	166.94
159.87	82.21	237.52
316.62	325.5	302.4
261.0	156.33	365.67
237.11	155.69	345.67
677.86	875.0	530.0
1455.65	596.53	2314.78
224.27	149.88	283.78
216.74	184.86	280.5
160.86	179.46	123.67
281.33	294.33	268.33
260.25	307.4	181.67
433.21	486.72	237.0
292.57	257.67	318.75
362.48	399.0	258.14
160.32	185.1	110.75
1130.45	1096.0	1190.75
409.51	444.62	326.55
146.21	191.62	85.67
909.44	383.6	1566.75
158.46	125.6	179.0
185.48	134.48	278.97
242.27	264.29	223.0
101.89	81.98	125.44
259.57	341.67	198.0
332.44	211.33	393.0
82.95	67.22	94.75
221.18	266.86	141.25
162.67	220.8	90.0
164.93	174.84	118.67
474.66	279.2	539.81
495.05	148.68	706.72
355.04	369.39	329.2
66.52	87.03	46.0
210.64	223.75	175.67
204.16	101.33	307.0
193.85	251.21	136.5
302.27	286.86	317.67
64.27	31.0	97.54
391.0	419.0	368.6
91.43	84.36	102.43
252.26	364.7	102.33
146.29	268.57	72.92
82.26	101.47	56.63
264.44	188.5	416.33
151.21	120.98	211.67
214.78	231.0	187.75
174.27	163.3	201.7
69.47	71.59	62.4
2861.75	3973.6	1008.67
766.13	554.44	977.83
40.97	31.83	47.83
392.5	355.0	411.25
201.82	226.22	153.0
397.23	417.44	351.75
75.17	74.74	76.81
312.04	270.37	470.4
2522.9	2390.86	2787.0
402.22	425.83	355.0
338.63	347.07	258.5
1151.5	591.0	2085.67
131.27	146.0	106.72
70.62	42.0	87.8
284.56	296.7	264.33
120.63	160.95	82.82
345.73	338.71	358.0
216.88	242.0	175.0
147.44	180.0	121.4
265.53	263.11	269.17
281.13	250.2	343.0
218.0	248.43	164.75
859.21	941.4	653.75
272.05	164.14	391.94
151.99	143.74	176.75
339.06	495.17	245.39
114.99	110.63	118.25
269.11	162.0	322.67
154.42	297.99	46.74
125.2	163.6	77.2
372.82	504.25	297.71
55.26	47.26	73.93
591.13	688.73	322.75
222.06	215.5	226.0
122.57	100.33	139.25
156.28	175.22	80.5
103.11	88.2	113.05
441.0	288.0	555.75
193.62	124.39	332.07
469.25	597.56	84.33
63.92	102.5	49.59
331.29	305.5	365.67
157.0	128.75	194.67
139.68	140.02	137.75
260.67	142.13	349.58
120.64	140.33	97.0
233.36	171.88	397.33
454.0	489.43	404.4
226.8	74.97	644.35
555.71	689.0	378.0
254.12	246.4	267.0
228.58	220.26	270.17
291.69	272.7	355.0
134.35	185.75	82.95
577.35	598.65	381.4
294.88	150.0	439.75
162.25	167.44	151.53
514.36	538.67	441.45
185.64	103.86	294.67
466.0	360.0	519.0
199.11	217.83	161.67
3101.91	1565.88	7198.0
277.56	243.5	345.67
331.86	375.25	274.0
192.7	193.69	189.25
1788.29	1049.06	2997.95
401.09	588.67	25.93
58.84	68.95	50.76
128.29	155.29	69.8
356.0	361.5	345.0
447.47	967.32	31.59
1231.53	1492.5	100.63
166.61	165.67	168.5
113.79	184.16	55.15
233.35	200.98	261.09
615.83	1321.0	380.78
154.69	152.16	161.0
267.8	304.91	165.75
62.71	75.26	51.94
265.23	289.67	210.25
222.86	101.25	385.0
265.88	236.8	314.33
87.6	110.25	64.95
160.8	163.0	159.7
117.14	124.3	99.25
5759.71	8322.0	2343.33
252.76	269.52	236.0
12.07	15.3	9.65
205.17	178.33	232.0
176.17	224.0	128.33
217.14	206.67	234.27
143.0	136.44	157.75
2053.08	1069.17	3037.0
329.75	76.0	583.5
3379.55	5076.14	410.5
80.03	71.92	85.83
366.12	183.5	548.75
124.27	126.97	120.67
149.22	116.74	225.0
380.73	218.83	575.0
226.82	159.97	293.66
159.64	90.66	221.72
122.97	121.5	127.7
229.1	337.5	120.7
415.57	423.85	399.0
229.27	288.0	147.05
301.86	109.33	446.25
508.07	431.7	660.8
258.53	148.57	386.82
131.25	66.99	175.43
782.85	928.3	298.0
42.97	51.75	31.27
204.77	122.82	368.67
368.73	487.86	160.25
279.77	286.96	224.67
2193.0	1412.33	2661.4
67.69	69.67	64.72
204.27	198.89	238.33
304.31	332.07	184.0
149.48	150.59	146.7
469.98	382.11	675.0
6787.14	11858.0	26.0
61.01	74.59	20.3
226.38	196.0	256.75
125.67	126.6	121.67
505.18	338.67	705.0
142.53	151.39	121.83
300.19	413.75	262.33
372.77	151.71	888.57
627.06	73.67	928.91
63.53	57.64	69.42
618.22	449.8	828.75
186.71	91.08	377.97
193.67	316.0	95.8
62.47	21.13	93.47
70.8	111.36	33.37
130.83	122.6	137.0
133.27	115.75	181.45
416.12	433.4	387.33
110.5	99.33	121.67
720.46	723.8	709.33
1949.69	2426.84	654.57
314.64	276.67	360.2
153.24	73.33	238.85
181.8	219.75	156.5
61.66	43.8	93.8
232.5	185.89	372.33
314.26	316.74	304.33
78.15	62.72	109.0
4640.33	4340.17	5240.67
294.67	308.83	266.33
391.22	385.5	402.67
328.19	336.51	192.33
150.44	195.96	82.14
109.35	142.2	76.5
166.15	149.42	238.67
83.57	110.33	63.5
405.38	442.08	295.25
492.88	551.0	463.82
94.93	163.3	26.57
234.12	309.33	98.74
145.14	95.02	228.67
113.62	71.04	149.1
232.69	209.69	347.67
167.57	197.25	128.0
366.99	343.99	428.33
269606.36	11401.5	613879.5
317.9	367.14	203.0
4984.17	4418.86	5775.6
129.3	155.33	103.27
377.25	329.75	424.75
219.56	205.4	237.25
317.33	352.0	305.78
99.97	87.52	113.94
282.11	284.35	275.71
98.91	58.13	109.1
331.43	316.9	367.75
140.13	156.4	107.6
186.4	255.25	117.55
196.08	146.0	231.86
269.54	281.08	254.71
343.89	258.33	515.0
161.0	172.33	152.5
383.43	368.0	432.8
1216.82	1454.2	920.1
170.0	163.33	180.0
425.57	631.4	219.75
237.0	302.0	204.5
133.82	140.25	127.4
4353.21	4239.0	4777.43
287.75	411.0	213.8
258.96	274.75	243.17
56.78	66.29	49.65
5299.29	1017.6	9580.98
1333.2	607.3	2681.29
362.6	417.14	235.33
54.07	53.48	54.87
169.5	124.2	245.0
82.87	82.35	83.48
48.38	48.13	49.26
9006.58	27.83	17985.33
3090.42	3079.86	3105.2
114.55	52.92	217.27
114.68	80.69	155.47
462.62	637.88	112.1
136.14	156.21	123.36
384.68	199.92	463.86
253.6	284.0	204.21
603.08	790.62	103.0
251.45	318.88	71.67
141.99	153.0	132.28
137.49	171.29	58.63
95.97	107.17	67.95
226.51	230.87	191.67
324.89	363.27	235.33
58.89	69.98	10.87
1312.25	190.4	3182.0
154.32	173.0	139.38
260.06	328.25	169.13
241.27	239.0	243.17
53.89	94.38	3.27
1264.26	1716.29	209.53
138.46	141.48	126.4
383.3	530.76	198.97
325.25	300.6	345.78
114.27	104.2	124.33
200.52	53.92	347.12
262.46	266.66	252.4
84.57	128.2	68.21
109.19	135.84	66.56
572.29	637.82	332.0
134.02	130.53	141.0
494.11	436.35	621.2
2639.39	2202.22	3164.0
326.57	282.67	359.5
1105.01	1222.1	1007.43
372.16	577.0	256.94
105.95	116.97	81.14
351.07	364.96	277.0
185.47	215.39	58.3
178.01	180.38	173.25
128.36	137.0	105.33
128.64	155.97	73.99
133.57	159.0	99.66
314.33	314.0	314.5
92.36	69.78	130.0
301.25	258.5	344.0
86.0	81.01	109.7
118.67	77.33	160.0
129.88	138.08	121.67
72.81	76.3	70.2
92.43	82.33	145.5
153.17	137.7	163.48
508.71	556.25	445.33
630.23	754.5	431.4
276.88	156.54	557.67
187.87	187.75	187.98
72.0	58.5	87.0
240.09	274.21	190.23
184.5	164.67	244.0
2603.64	5141.75	1153.29
173.78	140.33	190.5
608.32	113.35	1386.14
105.46	110.03	93.47
142.59	106.13	227.67
185.93	213.82	109.25
221.47	213.68	239.67
1151.17	141.0	2161.33
211.53	236.33	112.33
300.07	246.62	371.33
563.18	385.86	873.5
247.14	217.0	287.33
288.32	278.44	315.78
101.06	105.52	85.47
158.41	159.57	154.62
28.86	7.6	57.2
461.47	72.38	807.32
256.98	72.93	335.86
84.36	84.33	84.38
379.8	383.5	377.33
320.45	225.64	541.67
1405.76	238.4	2573.12
104.32	113.74	87.36
243.41	296.1	111.7
193.0	197.33	188.67
195.75	241.92	126.5
202.83	224.78	137.0
111.0	111.23	109.91
131.62	107.61	161.62
195.74	224.28	144.38
208.67	155.33	262.0
358.42	477.0	121.25
231.88	267.8	172.0
59.32	82.46	7.25
265.83	182.95	376.33
24514.73	34791.97	534.5
209.8	223.47	176.98
597.92	686.0	421.75
111.92	94.57	129.27
261.36	185.1	375.75
117.45	131.0	81.33
221.28	206.6	257.98
308.99	496.5	58.97
318.58	315.17	322.0
108.96	99.45	127.99
230.83	219.33	242.33
327.11	355.25	256.75
207.43	223.62	130.5
686.29	1120.25	107.67
199.57	114.3	284.83
276.3	327.14	157.67
118.69	123.22	108.5
811.89	916.07	291.0
64.57	76.18	47.69
79.57	77.97	83.3
192.99	195.35	182.56
3934.38	2476.7	8793.33
120.16	116.2	137.0
61.94	41.93	76.95
72.94	71.21	76.97
381.29	400.5	355.67
130.88	115.75	146.0
180.23	187.74	165.21
296.32	373.34	134.57
106.57	118.67	97.5
90.85	94.57	82.5
241.19	230.7	258.67
79.37	57.03	92.78
75.94	46.17	120.6
419.6	390.83	462.75
510.12	386.25	634.0
166.23	143.39	289.58
265.57	134.75	440.0
127.1	63.67	154.29
247.83	154.0	341.67
242.5	267.18	152.0
43.78	23.6	59.92
173.65	177.8	170.69
1003.83	418.67	1589.0
137.46	173.61	98.31
202.22	249.67	107.33
176.63	145.37	252.54
437.7	317.0	558.4
469.0	193.5	799.6
1554.35	1969.16	171.63
256.17	147.25	289.68
278.0	225.25	348.33
212.71	192.33	228.0
418.12	448.0	363.33
156.78	155.6	158.25
260.76	294.18	199.5
377.17	444.4	351.31
744.64	248.72	2563.0
122.64	143.75	108.57
84.35	65.0	91.61
205.75	192.6	227.67
148.8	124.7	237.17
253.72	213.4	269.23
84.65	82.93	88.67
269.5	223.2	346.67
307.63	375.96	253.54
280.88	196.0	365.75
222.75	224.41	218.33
189.1	131.33	275.75
365.62	334.2	418.0
110.44	78.97	183.87
63.48	66.43	61.44
147.32	142.48	152.17
206.18	257.4	182.9
304.3	363.37	176.32
352.18	416.23	259.67
277.74	302.23	183.29
255.38	261.0	249.75
131.93	124.18	160.33
601.0	607.92	591.0
579.71	686.0	438.0
124.09	131.34	112.0
28.5	32.1	24.9
189.6	247.75	96.55
301.44	283.69	376.9
1533.15	872.23	2760.57
231.75	348.17	161.9
1257.88	349.82	3074.0
100.61	121.0	66.63
46.73	31.33	65.2
135.18	120.34	152.5
212.06	222.35	174.33
53.98	44.85	78.33
146.19	154.18	114.96
295.67	299.67	287.67
659.49	421.36	873.8
134.66	104.74	299.25
944.36	1190.17	452.73
345.11	278.0	395.45
87.67	108.71	45.6
247.86	215.24	275.46
60.29	63.52	36.6
87.78	106.68	46.85
111.3	127.27	95.33
340.29	304.0	388.67
130.33	132.0	128.67
191.68	161.53	322.33
99.17	76.18	118.33
203.07	137.42	367.2
67.42	75.26	45.85
136.53	145.42	129.69
257.37	243.19	328.25
268.0	242.36	338.5
883.99	145.78	1345.38
220.89	230.01	202.66
607.71	584.25	613.24
124.24	99.13	224.67
134.07	230.0	62.12
89.76	113.83	57.67
493.92	517.0	378.5
117.3	82.93	151.67
337543.27	204799.8	411289.64
1909.38	1175.25	2643.5
47.11	66.5	18.02
55.9	39.7	77.5
376.75	170.6	524.0
377.5	370.0	385.0
216.33	194.33	238.33
124.26	140.41	86.58
154.04	177.19	101.95
138.59	134.18	143.0
75.97	83.97	63.98
409.1	498.98	337.2
590.33	217.67	963.0
262.6	126.5	353.33
98.79	106.47	70.64
168.39	191.43	87.75
213.29	219.6	192.27
179.49	143.34	242.75
313.52	388.62	215.9
218.93	233.19	203.78
219.88	91.53	316.13
215.56	197.5	251.67
54.44	66.99	29.34
86.68	90.1	83.25
64.87	65.6	64.43
991.77	341.57	1750.33
455.18	556.5	185.0
191.7	182.0	199.79
367.44	262.25	451.6
171.88	116.33	234.37
294.05	230.97	420.2
173.12	172.75	173.5
181.6	188.5	171.25
194.5	216.28	164.0
359.89	189.75	496.0
88.53	102.01	50.34
53.98	52.4	55.3
50.33	60.32	33.67
98.84	49.22	165.0
160.77	155.72	164.8
125.19	113.38	148.8
189.16	374.36	96.56
126.57	100.0	162.0
623.08	654.72	570.33
434.39	417.13	500.19
110.76	132.82	74.0
348.43	351.7	340.25
140.99	144.99	124.0
322.39	380.26	163.22
149.58	157.25	111.27
299.42	331.46	139.25
114.51	108.53	119.0
217.72	171.9	416.27
85.71	64.67	101.5
133.57	147.33	123.25
45.38	47.7	42.29
124.34	105.63	211.67
273.42	560.36	82.13
168.47	78.63	300.58
266.04	155.18	561.67
314.54	227.5	355.99
225.25	243.81	204.74
326.1	328.14	321.33
619.62	881.5	357.75
395.82	321.25	594.67
356.92	401.5	285.6
235.25	249.62	173.0
477.67	344.65	686.7
270.64	264.81	288.14
7996.2	133.0	18480.46
174.11	142.27	198.0
43.64	43.37	43.99
268.33	324.64	108.82
37.0	45.4	26.5
70.44	133.0	23.53
1385.0	393.25	2178.4
201.96	209.95	192.2
1499.9	2389.67	165.25
229.92	212.61	287.63
197.0	195.18	202.17
165.0	108.33	278.33
621.54	591.33	689.5
219.11	226.28	181.5
159.98	223.98	31.97
168.16	148.45	201.0
143.17	157.33	129.0
133.62	111.8	170.0
320.33	126.0	514.67
681.62	552.5	810.75
89.73	75.82	117.56
67.97	90.2	38.33
341.67	408.33	275.0
242.91	250.14	230.25
91.88	54.83	128.93
251.82	399.67	103.97
120.33	96.44	192.0
119.74	117.25	123.9
449.52	450.62	448.2
158.18	156.87	164.5
91.39	86.43	95.11
488.2	699.2	186.77
203.25	157.6	279.33
117.1	117.75	116.45
396.3	446.15	331.5
171.1	129.2	213.0
64.26	64.25	64.3
111.6	117.89	98.56
56.72	26.14	94.95
234.62	227.0	239.2
113.6	88.58	213.67
83.39	89.17	72.36
290.33	328.17	139.0
377.2	407.0	362.3
452.94	387.19	650.2
161.84	186.35	120.99
58.94	64.67	56.08
267.33	337.0	197.67
296.86	198.33	370.75
164.71	192.75	127.33
111.08	97.6	156.0
291.6	390.13	124.09
691.36	1170.4	292.17
253.75	212.34	429.75
98.54	133.87	16.1
76.2	109.4	43.0
152.99	175.05	105.72
594.33	629.33	559.33
37.75	42.37	31.28
186.01	171.51	193.81
827.57	960.91	338.67
190.35	343.45	102.86
207.5	131.67	283.33
500.05	444.67	573.89
91.11	76.75	102.6
215.63	193.15	285.11
856.0	889.5	789.0
256.07	381.15	148.86
115.59	72.53	141.42
147.0	172.0	122.0
65.8	53.11	88.0
168.85	156.15	180.64
117.83	115.54	119.44
286.14	228.25	363.33
265.2	329.8	136.0
71.73	66.13	81.98
749.68	1028.1	123.25
113.36	128.58	85.96
512.0	597.12	285.0
106.35	101.0	110.8
202.56	228.0	179.08
613.55	794.5	131.0
650.11	748.92	304.25
177.7	138.9	226.2
215.67	217.67	213.67
157.89	113.75	187.31
406.86	445.68	333.1
345.76	71.3	482.99
97.48	74.27	110.74
357.57	391.22	256.63
60.52	60.4	60.71
328.36	327.2	329.33
366.14	345.33	374.47
83.92	90.61	76.12
234.83	362.33	107.33
46.32	48.69	21.0
4013.86	3592.33	4345.07
278.83	228.33	329.33
705.99	660.91	916.33
3817.43	6781.33	1594.5
285.25	204.25	366.25
318.91	293.18	383.25
746.12	613.53	1110.75
85.67	41.76	173.5
132.45	137.72	111.33
188.67	129.75	235.8
329.17	233.0	425.33
93.28	97.81	82.41
577.84	819.92	335.75
230.95	264.73	140.85
382.29	356.08	498.78
101.64	107.86	89.2
307.43	285.26	341.17
353.86	418.33	305.5
153.66	164.33	132.33
164.71	206.19	94.2
530.66	542.54	495.0
115.98	73.23	206.22
344.45	428.0	219.12
562.6	116.5	1231.75
2133.17	1838.54	3311.67
295.1	342.57	184.33
147.0	157.6	138.17
137.9	139.57	134.0
1095.06	953.92	1706.67
60.36	30.0	100.83
130.25	136.41	101.0
132.41	124.42	175.0
142.67	144.0	141.33
128.53	55.89	201.17
183.38	151.5	234.4
542.36	735.02	174.54
7072.57	8198.37	92.56
130.79	127.42	137.54
226.09	101.65	392.0
88.06	80.88	97.63
105.86	77.0	144.33
1083.17	2007.33	159.0
366.4	252.8	480.0
313.23	337.86	268.88
319.53	607.56	67.51
254.29	245.14	263.43
577.82	792.27	184.67
155.2	175.16	130.25
98.78	75.63	126.56
143.4	163.62	131.84
203.33	215.13	190.74
600.93	371.0	830.87
310.62	247.8	415.33
211.57	197.5	230.33
165.66	223.0	119.8
137.75	162.67	79.58
71.05	70.14	71.96
339.18	262.0	545.0
156.89	196.72	130.33
157.31	185.47	122.12
44.97	51.2	38.74
3780.85	2943.25	5121.0
97.94	82.35	118.73
488.73	541.61	136.2
442.38	366.62	563.6
71.2	91.52	10.25
199.45	237.73	119.07
8816.42	11357.88	3733.5
123.33	142.09	54.53
121.65	61.8	171.53
56.11	50.35	83.47
2426.5	525.25	3694.0
118.25	114.21	128.78
597.36	893.5	242.0
443.22	212.24	812.8
126.36	123.23	141.5
1037.93	1162.36	885.84
277.47	316.83	210.0
134.66	175.0	94.33
85.63	72.94	107.82
254.77	328.48	153.89
235.94	297.87	186.4
282.09	278.27	298.67
148.38	158.25	138.5
49.41	18.9	79.92
5103.4	11611.67	222.2
297.33	113.0	481.67
62.01	57.09	69.04
232.25	270.55	148.0
277.25	199.22	511.33
1160.0	200.0	2312.0
184.9	191.14	170.33
119.13	181.67	72.22
60.6	46.3	74.9
103.82	105.8	101.35
261.78	253.07	305.33
588.9	599.29	564.67
352.3	416.86	201.67
171.57	187.75	150.0
234.13	174.0	264.2
182.07	122.78	271.0
964.68	1180.24	318.0
251.45	247.6	272.0
238.35	216.89	285.06
257.23	220.35	331.0
158.97	87.33	230.6
146.91	149.82	132.4
46.04	59.2	36.17
428.93	373.4	567.75
375.31	563.8	159.89
279.56	238.4	331.0
158.96	167.04	153.24
206.68	212.77	193.5
2362.47	2132.57	2496.58
193.47	186.29	199.75
142.86	156.5	124.67
57.0	62.55	36.67
627.14	415.95	693.84
440.17	785.0	95.33
164.42	113.64	306.6
64.04	86.8	26.11
369.44	211.48	591.43
98.04	98.35	97.63
246.81	217.52	272.2
188.27	204.64	143.25
176.42	173.98	184.43
350.21	363.76	329.27
266.73	210.85	378.5
166.84	193.22	131.67
231.37	565.29	108.34
219.93	215.82	235.0
191.54	181.5	207.6
283.67	317.17	216.67
468.17	469.86	465.8
423.67	495.0	352.33
298.21	480.78	70.0
319.89	29.62	610.16
38.0	38.8	37.2
240.3	199.0	258.0
215.0	211.17	220.75
133.54	102.45	175.0
82.74	102.33	68.05
131.86	177.14	86.58
269.71	261.36	300.33
80.77	72.27	89.27
170.26	248.6	91.92
1493.78	1663.68	686.75
315.14	277.25	365.67
188.56	211.07	153.53
196.45	203.0	191.0
680.27	760.5	634.43
1594.23	2272.79	101.4
150.07	181.97	111.8
120.73	110.75	147.33
857.54	1905.93	71.25
138.14	120.78	169.4
124.29	128.25	119.0
162.75	142.94	202.38
181.12	152.5	209.75
306.4	268.29	395.33
101.98	124.99	87.82
109.57	86.0	127.25
103.94	111.98	90.53
364.25	608.67	318.42
119.96	146.1	93.83
170.53	165.17	177.67
783.21	1193.9	64.5
208.43	201.33	211.98
211.06	210.52	213.06
114.47	123.14	91.33
182.31	205.5	172.0
267.91	270.43	263.5
99.47	69.91	161.88
134.17	134.67	133.41
352.5	220.25	484.75
138.11	140.51	131.5
114.02	119.9	106.19
156.45	67.2	210.0
238.57	323.75	204.5
389.86	58.67	638.25
989.43	1478.7	342.9
89.6	50.6	113.0
143.46	127.11	181.6
157.86	161.5	153.0
200.48	244.81	82.27
191.0	166.89	305.5
317.49	265.9	371.64
182.22	244.0	151.33
296.89	534.33	178.17
174.72	160.0	183.14
522.19	531.16	502.17
1243.56	123.47	2737.0
958.83	456.33	1461.33
179.85	236.67	111.68
343.14	243.75	475.67
848.31	1050.69	291.75
105.43	89.66	117.25
274.0	225.0	310.75
49.93	64.22	8.51
128.67	126.0	134.0
162.95	166.67	156.13
216.67	254.71	140.57
134.92	81.03	260.67
311.89	387.83	160.0
149.68	162.69	123.64
158.21	170.36	137.97
69.74	48.41	91.08
381.32	396.54	335.63
115.72	127.33	92.5
49.88	53.81	45.29
630.72	701.08	258.86
150.72	152.61	145.67
555.29	1008.25	374.1
1051.56	421.33	2312.0
181.18	196.88	163.24
138.1	90.76	217.0
96.67	115.2	73.5
333.67	310.6	362.5
3768.11	480.5	6398.2
229.5	196.6	262.4
246.02	268.14	207.31
211.94	170.3	281.33
218.68	208.85	258.0
149.08	142.5	155.66
203.66	222.5	184.81
121.59	79.99	178.32
168.86	205.5	120.0
298.21	267.0	360.62
162.0	198.59	129.48
152.57	130.52	189.33
239.57	182.6	271.22
263.97	310.5	237.39
183.5	108.67	258.33
203.15	275.76	94.22
239.91	180.75	273.71
269.54	328.39	151.84
111.62	99.82	131.3
3149.33	2958.0	3340.67
1131.95	1465.07	21.53
1672.2	2181.29	484.33
77.62	82.59	46.57
154.98	81.96	241.27
188.14	203.68	136.33
63.84	38.23	75.47
196.07	239.42	103.19
60.67	57.75	63.0
274.33	242.0	339.0
1489.72	1907.6	1071.83
423.12	441.8	392.0
206.57	129.75	309.0
2973.5	3598.75	2556.67
220.35	151.26	281.32
325.0	419.75	135.5
101.79	114.32	91.06
192.21	161.83	215.0
147.0	172.0	122.0
255.31	233.85	348.33
223.22	297.25	164.0
98.69	85.6	108.5
188.98	179.3	198.67
264.69	253.0	280.27
324.0	103.25	500.6
350.0	497.75	153.0
472.5	373.33	571.67
153.07	62.13	221.28
339.03	281.98	595.75
22.55	22.36	23.33
184.5	195.0	178.2
78.43	124.0	48.06
119.63	109.18	133.99
280.54	429.0	206.32
1081.74	1025.86	1417.0
86.23	92.11	73.0
186.44	157.67	282.33
313.98	342.49	247.47
278.82	244.12	371.33
103.05	150.86	15.38
382.29	361.35	416.31
189.0	194.75	181.33
118.18	180.6	66.17
1156.17	737.23	2413.0
3159.28	4472.86	94.27
104.87	126.0	83.75
248.25	278.67	157.0
228.49	206.89	267.38
465.17	127.36	1366.0
255.25	222.14	281.0
166.0	167.67	163.86
72.84	52.63	88.0
370.1	300.75	416.33
208.73	128.14	396.78
116.29	108.75	126.33
400.72	446.59	297.5
493.83	140.65	635.1
159.43	148.22	184.66
93.26	53.72	172.33
162.21	199.88	124.54
62.75	95.33	30.17
292.52	252.11	416.47
463.88	376.4	609.67
126.5	144.82	115.51
557.0	610.75	485.33
233.08	315.05	80.85
132.52	161.81	85.65
254.06	295.91	188.29
274.83	237.67	312.0
674.0	988.0	412.33
8249.72	10854.0	4994.38
3734.06	5603.2	2332.21
510.33	859.0	161.67
310.7	229.76	406.36
96.41	85.41	118.4
988.39	1016.47	935.74
236.81	156.62	317.0
395.7	534.2	257.2
207.6	228.57	158.67
90.05	89.4	90.7
177.5	206.58	158.11
349.71	589.0	170.25
189.64	164.67	219.6
1044.57	844.6	1155.67
259.12	279.75	197.25
123.89	224.67	48.3
187.17	182.2	212.0
466.91	379.23	664.2
173.82	144.63	203.0
362.78	404.33	279.67
659.9	487.24	1293.0
213.18	253.11	120.0
136.23	158.67	100.97
118.76	91.12	146.4
82.17	81.0	83.33
209.33	190.66	228.0
188.48	82.12	335.76
225.12	281.0	132.0
147.6	55.38	186.03
345.33	387.25	261.5
262.28	288.53	206.5
94.62	84.41	112.47
511.41	514.0	499.33
113.95	107.76	124.27
173.53	132.86	209.12
567.29	414.0	682.25
254.16	256.46	238.71
231.93	159.5	352.65
279.58	295.29	252.45
317.86	395.5	214.33
89.0	113.75	56.0
109.1	111.58	101.68
101.04	99.48	103.37
273.56	342.67	135.33
292.31	306.79	259.47
218.47	205.04	235.25
1685.56	1362.5	1879.4
183.71	174.81	197.05
209.09	200.2	241.67
251.18	371.2	151.17
194.9	133.17	270.33
116.41	75.54	167.5
334.82	139.44	595.33
401.57	185.0	564.0
264.62	197.42	443.83
338.25	426.2	191.67
83.19	75.22	89.16
150.01	151.78	145.4
120.15	119.24	125.33
238.83	325.48	169.52
118.1	140.24	57.23
194.54	213.89	151.0
679.25	171.58	2202.25
302.71	354.11	210.2
773.98	1361.33	69.16
178.77	82.0	227.15
238.43	239.5	237.0
802.38	1066.29	597.11
155.64	145.29	173.75
213.95	232.19	141.0
270.06	158.43	356.88
704.04	737.88	621.86
1163.83	254.33	2073.33
52.96	55.58	50.5
256.18	738.25	95.49
519.53	492.4	573.8
250.15	250.89	248.78
97.24	73.49	137.6
574.87	620.55	270.33
72.82	147.8	10.34
162.14	223.33	116.25
511.0	504.0	532.0
161.6	201.57	68.33
124.54	142.8	101.72
121.0	118.75	124.0
138.6	146.1	129.22
54.02	66.98	45.05
287.8	308.0	267.6
449.87	508.62	293.2
171.44	200.4	113.5
809.08	1004.77	75.25
190.9	159.11	216.91
470.0	512.33	438.25
82.02	95.27	68.77
77.53	50.23	98.0
172.67	205.33	93.37
64.99	59.05	74.9
62.34	60.6	63.65
305.0	288.43	328.2
96.85	142.56	78.56
132.83	99.27	158.0
138.27	137.5	139.2
343.24	427.9	258.58
247.0	225.33	260.0
24.21	37.62	14.15
242.83	229.33	256.33
87.85	89.16	83.25
774.5	1034.43	410.6
366.99	386.63	312.0
114.18	101.61	148.75
212.17	237.3	178.67
111.13	116.17	101.05
202.34	235.93	145.23
248.14	167.67	308.5
133.66	130.8	137.25
185.79	288.83	31.22
228.0	214.67	234.67
50.97	33.33	68.6
179.17	147.67	210.67
163.42	238.33	142.99
69.76	73.88	60.5
188.79	151.56	387.33
65.25	72.32	53.47
1142.0	1867.75	174.33
272.79	225.23	397.62
167.89	147.97	202.75
432.56	376.73	488.39
292.73	263.19	361.67
177.26	195.88	116.75
211.51	214.57	203.33
441.8	381.0	502.6
24.17	28.29	9.08
145.68	204.33	116.35
320.2	314.92	342.62
313.83	174.67	453.0
152.96	126.08	213.45
171.18	185.5	154.0
194.81	219.65	166.65
157.79	179.43	121.73
239.0	304.5	173.5
988.63	1019.38	865.67
146.48	149.62	143.33
171.22	98.33	462.77
83.31	57.39	143.8
161.12	141.0	181.25
72.36	91.6	40.3
186.44	164.6	196.36
187.3	191.93	173.4
3783.71	287.5	8445.33
237.82	270.83	198.2
332.43	343.25	318.0
4146.17	2801.67	5490.67
231.26	306.95	130.33
1517.86	1795.5	1147.67
2892.44	5070.6	169.75
113.66	113.64	113.69
97.0	78.67	110.75
161.89	218.94	47.79
129.18	91.31	161.23
349.25	310.2	414.33
277.07	186.22	317.44
83.55	84.64	80.27
347.25	243.8	519.67
787.0	903.38	554.25
146.13	167.97	117.0
169.5	159.25	190.0
347.93	388.48	145.17
177.68	85.48	331.33
73.99	58.73	94.33
146.81	26.18	307.67
33.54	59.7	20.47
390.05	474.45	170.6
38.65	56.43	29.76
177.58	119.46	253.86
183.99	177.09	201.25
214.89	303.0	144.4
180.67	119.67	241.67
266.18	130.0	447.75
169.46	164.27	177.25
247.14	241.67	251.25
2177.5	58.97	4296.04
476.25	786.25	166.25
155.16	143.81	204.33
293.68	280.4	315.8
126.56	54.31	253.0
134.47	164.44	93.25
236.14	230.88	238.78
302.52	200.5	540.58
298.18	282.0	341.33
233.14	241.62	220.89
170.0	166.43	178.33
544.11	272.0	748.2
213.83	165.67	262.0
132.18	138.06	124.33
1380.91	1655.26	228.66
282.0	263.62	311.4
8393.64	1077.95	23512.73
93.75	56.76	104.03
324.64	292.0	366.18
137.31	149.2	122.45
131.56	142.0	108.6
204.4	312.4	69.4
105.9	114.3	91.9
208.41	241.97	183.25
321.5	308.67	334.33
252.62	246.67	270.47
205.18	170.68	313.0
169.44	143.33	221.67
108.5	105.0	112.0
138.35	134.35	144.76
213.86	163.78	304.0
95.48	115.44	42.27
170.71	133.83	281.33
41.3	38.25	45.88
385.42	38.3	1156.8
141.73	173.4	99.5
313.59	297.17	355.56
61.51	65.96	48.6
83.75	80.6	89.0
425.5	650.0	201.0
577.06	587.31	550.4
111.86	42.5	204.33
275.68	381.72	216.78
151.14	157.54	138.33
33.55	27.19	37.36
21.02	13.53	25.52
243.12	280.85	163.89
262.32	182.11	374.6
268.14	285.5	245.0
141.87	48.24	188.68
219.47	45.58	451.33
307.15	335.92	281.76
277.36	256.88	332.0
59.36	58.46	60.86
188.86	178.75	202.33
319.36	627.75	10.97
384.32	389.5	375.25
534.38	658.67	459.8
156.1	199.71	54.33
133.75	72.04	207.8
247.74	339.25	181.18
97.31	110.97	70.0
72.0	65.83	84.33
76.1	76.4	75.72
286.7	282.91	291.44
88.47	63.33	122.0
241.73	231.4	250.33
275.0	346.5	179.67
185.62	190.6	177.33
555.06	602.75	491.48
211.0	208.0	221.5
391.11	415.13	207.0
333.25	440.8	154.0
209.44	116.0	326.25
331.07	288.33	363.12
307.77	148.71	493.33
400.31	391.87	407.9
275.38	227.4	347.35
261.74	97.22	426.25
201.2	237.33	147.0
218.29	273.5	144.67
69.24	52.68	89.95
383.21	537.38	229.04
334.0	326.4	343.5
208.82	265.13	130.0
3706.94	3062.5	4351.38
257.34	217.87	375.75
397.44	400.47	391.0
123.95	57.95	218.24
1093.03	1189.15	260.0
87.44	65.26	124.4
113.09	71.0	155.19
307.55	173.14	542.75
306.25	289.33	357.0
142.57	205.16	38.27
81.98	89.59	62.95
907.62	344.37	1430.64
618.63	926.83	207.7
305.4	255.83	379.75
148.95	157.06	127.33
71.6	49.87	93.33
45.87	73.0	13.32
216.88	232.75	201.0
235.05	190.77	319.92
69.12	48.59	110.2
78.31	83.33	73.3
163.71	174.5	149.33
208.29	171.33	236.0
229.76	274.31	60.48
178.14	197.75	152.0
265.18	270.25	251.67
1667.38	1659.75	1679.6
125.35	95.35	235.33
264.02	107.37	420.67
400.73	543.0	282.17
622.7	387.0	779.83
365.5	574.75	156.25
141.29	123.0	155.0
161.65	152.07	172.18
51.66	53.0	50.65
172.18	221.33	113.2
240.14	294.83	167.22
108.74	99.71	124.53
185.0	143.33	226.67
205.48	304.31	144.29
552.2	544.4	560.0
324.57	273.75	392.33
208.41	239.73	89.4
983.67	1418.45	176.21
72.52	90.67	27.15
239.87	237.9	245.75
164.35	161.2	165.79
174.56	139.2	218.75
384.08	417.71	302.43
257.33	186.18	306.25
172.0	200.5	134.0
13436.92	26838.33	35.5
329.62	296.93	427.7
346.58	500.5	269.62
330.04	321.8	385.0
365.17	249.0	481.33
1060.47	1546.5	574.45
226.73	161.0	250.64
187.38	200.8	165.0
286.12	294.5	276.05
296.88	273.0	311.2
288.24	354.34	232.57
126.71	108.44	147.25
121.4	102.8	134.69
55.1	51.83	60.56
358.67	289.0	414.4
259.85	259.04	265.5
208.22	237.17	150.33
194.18	187.39	221.33
118.13	157.82	42.71
349.62	334.67	387.0
157.26	159.32	148.2
198.4	235.33	143.0
472.15	605.33	338.97
607.06	310.99	1258.4
255.67	265.08	199.17
175.9	209.25	142.54
84.66	57.51	119.56
60.49	67.25	51.47
46.85	58.17	25.63
150.88	201.67	120.4
284.07	276.25	302.32
96.97	128.44	44.53
2556.29	3341.67	1967.25
445.38	353.2	599.0
139.85	139.11	142.57
157.94	240.95	47.27
93.53	140.75	46.3
366.75	361.0	376.33
368.35	284.59	843.0
78.32	79.4	75.7
287.57	286.33	288.5
157.85	47.56	268.13
107.87	106.67	108.47
1124.75	762.5	1487.0
325.45	394.14	205.25
225.88	219.75	232.0
38.35	41.37	29.29
15245.76	17420.48	7996.67
214.34	173.85	268.33
232.68	328.13	73.6
232.27	225.14	235.6
2475.5	2299.0	2652.0
136.29	129.0	141.75
117.98	83.2	141.17
287.44	153.8	454.5
626.25	334.8	1112.0
166.89	194.4	132.5
286.72	287.08	286.0
203.28	163.18	266.29
152.1	140.38	173.86
103.51	95.3	126.89
117.45	115.24	121.0
353.0	353.0	353.0
28.44	44.33	16.52
259.68	295.91	179.98
7141.29	7481.44	6120.84
69.38	65.0	76.67
187.74	180.45	202.31
98.79	103.63	96.71
92.92	59.94	195.19
152.61	99.0	195.5
151.41	126.03	169.54
7407.03	10350.26	2199.77
130.78	173.83	79.12
115.37	94.85	142.73
70.47	56.38	93.97
169.18	213.67	115.8
85.25	104.26	53.57
220.62	338.33	150.0
320.62	378.0	263.25
27.42	22.52	33.94
138.04	124.16	143.38
658.75	839.71	405.4
98.32	90.69	124.27
61.79	42.2	76.49
147.81	175.3	102.0
150.33	161.6	136.25
215.87	202.32	252.0
81.45	81.3	81.6
473.55	608.76	118.62
138.18	97.4	178.95
293.58	303.43	283.73
488.53	529.32	290.43
1142.52	1526.28	375.0
167.14	136.75	207.67
133.07	128.66	138.81
108.96	73.4	180.09
261.79	242.0	272.78
407.66	399.99	430.67
679.07	625.33	719.38
466.45	137.05	823.31
124.37	40.89	207.84
191.83	238.43	98.62
283.93	310.49	239.67
50.48	53.64	40.2
230.36	237.12	212.33
637.56	754.6	491.25
100.47	87.14	117.12
200.62	182.6	230.67
218.7	191.57	313.67
54.5	37.2	67.47
230.59	249.88	184.3
57.59	78.93	36.25
241.69	261.58	211.85
179.98	65.63	265.75
178.03	200.96	71.0
50.24	39.54	82.33
237.08	200.38	310.5
1446.44	2298.0	382.0
246.42	312.61	91.97
296.75	331.0	262.5
61.69	43.3	77.79
225.14	278.25	154.33
157.9	192.5	134.83
51.05	54.89	41.45
90.97	93.25	88.69
107.33	120.67	94.0
343.2	340.64	346.45
74.22	77.11	70.75
267.0	210.0	381.0
273.5	324.4	188.67
49.37	40.16	52.65
135.33	113.6	162.5
131.18	179.6	50.47
262.14	321.14	158.88
365.93	482.41	16.5
79.18	89.4	55.33
188.72	185.36	197.67
552.41	111.8	1081.15
1340.5	1614.17	930.0
1261.88	92.0	3211.67
85.89	45.29	180.63
388.5	321.33	455.67
104.55	105.27	101.5
351.47	372.78	319.5
260.57	258.43	267.7
135.54	159.62	71.33
169.93	160.05	245.67
164.03	140.0	176.05
27.46	15.86	46.8
173.72	226.67	110.18
126.57	127.5	125.33
50.1	36.93	63.27
155.8	63.04	473.83
206.26	152.7	253.12
259.89	267.71	246.2
213.67	195.9	235.88
314.97	231.54	390.81
124.14	121.89	128.2
299.84	304.56	290.4
181.1	158.0	204.2
357.46	390.71	318.67
74.94	109.04	40.85
169.0	117.0	238.33
936.87	1160.33	43.0
209.48	274.69	116.33
208.4	220.62	194.43
441.76	258.0	552.01
354.99	101.38	777.67
209.42	168.25	232.94
153.94	179.69	144.93
290.0	348.67	246.0
365.46	342.5	442.0
234.27	189.23	293.15
119.81	125.7	78.6
332.06	313.67	365.18
120.38	86.98	153.78
138.43	151.25	121.33
162.23	173.08	136.18
63.68	56.95	72.66
210.99	288.0	133.98
98.79	98.27	100.0
1939.33	1475.83	2286.95
304.81	345.8	236.5
5615.37	8375.57	94.97
231.03	181.0	297.73
194.05	187.18	204.92
163.71	142.0	180.0
1229.53	818.5	1503.56
101.79	101.34	103.58
166.78	164.08	198.5
165.99	225.33	121.49
163.33	177.67	149.0
36.5	3.67	69.33
142.59	157.53	101.5
57.15	46.1	68.2
489.03	404.66	1389.0
66.54	65.05	70.52
215.09	281.18	142.05
821.12	1114.8	331.67
21.56	17.14	27.09
257.13	123.3	357.5
1015.86	1483.5	392.33
143.09	178.45	95.93
146.0	174.0	108.67
419.28	525.98	227.2
1467.83	3140.93	213.0
277.81	243.82	318.6
253.1	196.38	324.0
310.67	308.11	318.33
707.29	881.2	127.6
223.83	255.33	192.33
185.35	143.72	261.67
12.72	9.7	15.75
224.78	187.75	254.4
120.12	137.55	11.24
243.32	170.67	367.86
538.0	582.0	479.33
206.25	215.43	160.33
234.12	280.89	125.0
192.79	132.33	301.6
247.91	280.0	236.59
223.83	206.67	241.0
165.0	206.8	95.33
151.33	186.14	73.0
125.32	149.11	101.53
168.38	149.0	187.75
3682.5	5095.0	2270.0
249.68	354.83	201.15
469.62	503.4	413.33
12.33	12.04	12.76
233.09	403.5	91.08
3817.71	1873.13	7058.67
202.35	223.02	146.23
350.12	201.0	499.25
2080.44	260.43	3900.44
835.03	1211.78	156.88
154.4	197.13	140.16
165.57	170.53	146.95
382.17	538.0	226.33
265.33	252.7	281.12
77.22	72.32	103.64
56.48	41.58	74.36
778.69	175.81	1080.12
457.83	512.5	403.17
347.11	382.33	276.67
180.57	199.75	155.0
885.57	628.25	1228.67
169.9	121.32	234.67
405.85	385.35	494.67
273.32	332.17	214.47
261.14	389.0	165.25
64.99	17.15	136.75
135.15	178.58	37.45
223.18	185.0	280.45
46.83	48.89	41.33
346.0	288.67	380.4
202.75	172.0	233.5
180.98	171.81	197.36
353.6	263.67	488.5
171.25	165.33	174.8
6253.57	3079.75	10485.33
139.8	166.75	121.83
82.35	82.0	83.75
56.97	39.78	91.33
591.71	694.04	100.54
597.41	719.34	262.12
92.71	95.21	86.86
289.5	378.0	201.0
3315.14	1417.38	5845.5
267.32	227.05	368.0
280.64	239.62	335.33
615.71	570.25	676.33
2901.0	2543.0	3259.0
124.88	124.0	126.33
354.0	287.5	531.33
990.71	340.43	1641.0
50.82	80.83	5.8
270.75	282.04	124.0
32.89	37.76	23.15
337.14	156.0	578.67
288.59	296.5	261.88
1044.89	1176.55	913.22
73.45	61.0	83.83
159.47	168.95	86.0
1857.88	355.0	2759.6
284.23	589.6	29.75
309.83	261.67	358.0
3382.7	3169.88	4234.0
230.14	234.66	223.68
184.0	167.67	200.33
282.5	264.0	294.83
4147.08	5355.25	764.2
210.15	161.86	294.66
91.63	75.6	99.65
1581.0	486.75	3040.0
220.81	253.5	116.2
78.86	71.73	124.0
211.98	246.29	131.93
281.84	604.6	88.18
102.62	115.8	76.25
246.0	260.33	235.25
121.02	103.86	135.32
2729.14	3022.71	1731.0
272.9	265.62	277.75
168.33	152.0	184.67
275.62	143.5	407.75
122.91	159.5	37.53
153.98	216.4	101.97
477.57	601.75	312.0
157.14	171.67	146.25
188.44	173.14	206.8
165.33	200.33	130.33
220.24	147.45	353.67
122.19	119.0	128.57
305.88	312.4	295.0
1113.67	382.67	3306.67
340.56	343.67	334.33
312.55	337.12	247.0
890.11	315.75	1349.6
298.0	420.33	175.67
337.4	367.77	195.67
108.95	97.04	144.67
2034.7	474.5	4375.0
283.3	340.0	226.6
362.71	280.5	472.33
532.0	645.43	333.5
138.66	133.99	142.75
2017.5	3447.33	587.67
75.93	56.4	103.27
389.25	283.6	565.33
162.47	244.43	19.04
196.28	199.75	191.67
1170.33	192.83	3125.33
423.0	383.62	580.5
192.92	374.67	138.4
285.62	314.8	237.0
231.49	219.87	248.07
625.2	427.57	971.06
258.49	307.87	192.66
158.0	153.25	164.33
226.5	225.0	228.0
149.07	162.71	113.83
2321.43	1774.4	3689.0
599.4	894.4	304.4
260.18	230.07	295.3
482.76	486.0	480.16
146.72	175.0	138.64
238.16	324.36	166.33
258.15	329.33	97.97
224.53	217.67	252.0
101.11	72.76	140.8
281.38	259.0	294.8
714.73	809.81	503.44
187.12	170.6	214.67
345.18	645.6	44.76
832.41	176.75	1881.46
267.3	176.0	328.17
479.55	584.8	391.83
118.94	120.0	118.42
103.17	76.79	115.26
238.63	306.84	79.48
269.3	344.05	60.0
370.8	430.2	311.4
938.12	1909.0	355.6
154.35	99.43	308.12
216.6	283.0	150.2
17.93	26.54	5.02
383.18	307.33	474.2
144.73	267.49	44.29
108.69	140.98	54.87
243.4	236.71	259.0
92.26	92.86	89.42
220.0	254.25	197.16
45.51	81.27	24.05
668.97	145.67	1061.45
88.29	81.9	98.93
474.86	333.0	581.25
49.97	59.79	7.4
1185.33	103.25	2051.0
122.8	127.64	117.95
1556.55	1992.73	1120.36
389.1	484.83	245.5
251.38	343.48	136.25
221.82	105.63	338.0
452.0	432.12	558.0
369.64	492.38	42.33
203.38	180.7	279.0
2040.97	2728.69	1009.4
205.9	157.0	261.79
265.77	65.87	465.67
167.88	172.2	160.67
929.5	850.73	1218.33
45.26	76.0	14.53
237.82	269.0	154.67
331.75	269.2	436.0
77.55	62.42	98.35
186.89	215.31	148.98
142.36	151.78	126.67
188.84	175.44	238.0
2806.5	3532.53	1354.45
45.78	38.19	57.94
706.14	525.56	1031.2
155.03	165.5	136.7
1074.43	895.36	1253.5
151.93	222.8	112.56
53.03	30.4	71.14
107.6	108.85	104.67
153.78	165.0	131.33
219.38	195.33	273.5
944.54	330.5	1217.44
370.5	282.33	458.67
258.19	316.0	177.25
199.25	213.8	175.0
30.53	33.27	28.48
137.05	125.43	164.17
376.42	452.75	281.0
299.97	182.93	417.0
93.33	94.67	92.0
353.33	368.67	338.0
268.97	259.93	278.0
105.6	93.25	155.0
195.43	212.33	182.75
52.44	61.72	42.13
225.31	229.38	221.25
242.11	212.5	281.6
242.18	222.0	268.13
1308.03	1567.19	854.5
101.43	97.45	117.33
388.5	414.14	328.67
235.77	321.0	136.33
781.33	572.33	1199.33
396.43	364.0	420.75
242.11	241.21	251.08
12065.61	10896.99	16389.5
46.93	45.16	48.69
89.57	75.12	128.1
591.17	983.33	199.0
534.65	626.53	381.5
116.33	88.0	144.67
89.7	79.4	99.99
232.95	225.0	242.5
478.8	464.44	490.55
209.5	257.0	162.0
75.56	69.26	128.0
187.31	178.92	194.41
238.47	231.26	249.62
109.5	106.9	111.87
397.67	391.0	407.0
1404.0	1919.4	759.75
115.72	106.2	125.25
218.98	229.25	191.6
234.07	157.96	297.5
145.42	138.6	171.0
133.5	164.2	82.33
1158.24	1558.56	858.0
189.09	154.39	264.28
137.73	144.57	125.75
149.85	128.25	171.45
242.43	268.25	208.0
186.8	191.0	170.0
289.78	313.4	260.25
2470.26	3454.06	10.75
211.36	267.93	126.5
255.51	317.08	50.27
176.0	90.0	262.0
167.72	117.46	192.85
946.75	1592.37	172.0
358.11	316.0	393.21
1138.59	336.24	2582.8
87.18	98.18	40.98
1182.62	876.33	1871.75
228.83	424.34	86.64
364.28	858.0	89.99
175.24	170.89	182.2
262.52	376.12	132.69
174.0	194.5	157.6
264.94	311.11	238.0
299.0	355.25	130.25
84.89	51.05	158.22
150.75	175.57	116.0
1798.11	413.8	3459.28
109.57	125.1	73.33
41.18	51.14	28.92
122.68	131.91	88.86
231.85	292.36	131.0
936.17	683.33	1189.0
176.68	76.2	277.16
174.67	197.33	152.0
403.07	380.0	429.43
78.02	94.55	51.58
288.3	350.86	142.33
375.57	253.75	538.0
272.06	312.0	176.2
166.31	191.39	81.04
1143.84	1235.62	1077.09
271.22	392.8	119.25
84.84	92.5	77.17
267.23	341.41	137.4
158.85	175.93	118.99
112.89	80.69	155.83
637.68	390.58	1354.26
413.18	473.67	340.6
464.18	245.8	646.16
786.33	666.33	906.33
395.14	358.0	441.56
540.09	908.0	253.94
380.78	405.17	332.0
331.43	319.57	343.29
188.25	198.83	172.38
251.15	306.21	180.36
118.67	148.67	103.67
181.51	147.99	302.2
292.0	277.25	311.67
41.73	51.4	22.39
166.15	172.8	144.0
346.33	243.3	552.4
247.27	226.0	293.37
253.11	248.0	259.5
216.0	243.25	188.75
150.73	148.79	158.23
108.24	128.73	77.5
85.88	102.36	41.93
380.83	393.0	368.67
349.57	400.53	222.17
389.67	294.0	581.0
223.63	166.35	372.56
105.74	128.0	89.05
75.42	62.98	89.93
52.81	28.34	167.0
337.2	317.37	371.45
155.1	170.54	130.0
132.11	117.98	155.67
125.99	114.58	145.0
893.25	1736.0	291.29
180.37	165.89	199.0
1737.82	2655.19	514.67
124.18	110.77	173.33
1874.61	3611.55	282.42
201.22	190.6	214.5
130.59	150.53	91.72
570.25	649.2	438.66
129.52	78.81	218.25
161.38	111.75	211.0
235.25	223.0	265.0
584.75	482.4	755.33
330.62	379.09	224.0
178.84	285.98	36.0
200.91	40.14	290.22
714.68	991.99	90.75
182.04	174.24	194.09
361.88	444.0	225.0
44.44	54.59	28.49
1490.43	425.5	2910.33
208.07	221.81	197.38
300.5	282.5	327.5
523.37	594.75	237.87
145.38	140.5	150.25
487.4	505.88	462.78
189.67	201.0	178.33
160.33	197.67	123.0
95.8	91.4	101.67
222.67	332.0	113.33
86.35	62.41	142.2
148.4	153.0	130.0
670.69	820.4	171.67
262.0	228.0	304.5
50.12	30.66	67.42
369.91	133.36	517.75
197.09	190.25	201.0
273.89	106.11	357.78
182.75	241.33	147.6
245.12	121.07	307.14
411.42	470.67	309.36
109.6	118.3	83.5
243.98	240.29	247.67
60.75	54.3	67.2
115.47	139.0	50.75
260.21	267.45	242.12
925.88	968.77	831.5
254.11	212.0	275.17
191.28	131.83	237.52
90.02	57.17	147.5
630.5	530.67	780.25
24.25	21.01	35.05
164.21	146.55	227.29
87.08	87.75	86.25
135.18	109.97	194.0
324.23	249.36	449.0
157.5	157.4	157.6
511.71	641.0	339.33
529.02	640.44	278.32
221.33	187.11	324.0
2294.68	1018.46	3343.0
347.23	312.49	386.93
277.12	315.59	233.85
67.4	100.38	26.18
209.6	262.0	157.2
797.54	841.67	764.45
202.39	262.54	142.25
167.21	195.5	144.58
642.96	211.21	2369.94
287.38	258.4	335.67
131.05	111.77	155.84
188.65	210.88	125.67
201.09	235.15	156.8
163.6	161.67	170.67
118.64	121.66	116.91
472.83	483.33	462.33
161.88	280.0	67.38
149.05	74.82	235.65
242.75	149.0	399.0
376.39	390.05	359.31
310.71	393.92	136.75
190.46	161.0	288.67
186.99	205.58	155.11
384.63	414.62	274.67
408.19	527.7	333.49
30.28	45.42	7.58
44.71	37.16	49.42
297.22	294.87	309.0
409.0	549.67	303.5
160.33	192.0	128.67
532.45	553.04	492.85
292.68	115.0	444.99
504.29	547.33	472.0
337.14	248.0	456.0
120.44	182.71	58.16
385.3	418.0	352.6
183.68	142.99	235.99
194.81	185.67	215.71
206.64	147.67	228.75
106.35	94.95	117.75
1959.58	628.3	3956.5
86.51	72.12	105.0
341.15	298.43	400.96
401.41	452.55	307.67
193.41	329.53	57.29
179.67	151.4	215.0
245.55	226.0	265.11
91.37	98.01	76.45
216.1	173.57	315.33
209.19	224.9	166.0
368.95	426.62	215.17
234.06	361.55	163.95
217.26	235.49	168.67
537.48	486.38	701.0
55.77	40.93	70.6
351.64	421.25	258.83
45.45	39.39	67.67
266.2	297.33	219.5
284.55	329.17	231.0
658.5	771.33	590.8
130.68	124.22	137.99
527.3	547.68	453.18
252.69	141.25	401.27
678.58	781.71	437.93
521.67	685.0	195.0
668.91	109.36	923.25
497.04	733.73	125.11
62.72	56.48	68.97
370.4	343.6	424.0
242.44	205.0	261.17
299.27	292.67	309.17
89.85	66.84	101.36
403.1	465.86	256.67
282.14	244.0	333.0
137.75	183.0	97.53
541.88	689.56	453.27
2195.59	1513.58	3832.4
156.3	97.52	253.11
120.06	188.8	95.79
99.98	109.17	88.75
67.36	68.06	65.27
357.3	315.17	420.5
139.36	150.81	73.5
112.38	131.2	81.0
317.59	325.17	262.0
58.89	80.26	49.18
90.43	73.98	111.0
132.78	97.23	163.24
379.89	369.74	405.25
68.99	82.25	51.32
50.59	31.8	81.9
380.64	407.36	321.28
297.67	290.67	304.67
1665.43	2049.85	50.86
216.44	166.25	256.6
380.57	444.44	265.6
133.37	215.6	51.12
18.22	19.52	16.92
214.21	205.7	225.56
185.14	184.67	185.5
311.0	349.0	280.6
77.24	80.5	71.36
224.17	251.33	197.0
197.68	198.8	196.56
239.15	221.62	250.83
298.82	42.97	554.67
270.89	273.04	265.89
185.38	141.4	258.67
371.92	431.64	302.24
294.83	247.0	342.67
321.29	153.25	545.33
243.7	346.75	140.65
408.94	406.33	411.88
167.07	195.72	71.57
191.77	203.69	159.0
138.75	121.16	156.33
184.84	242.76	97.97
130.83	101.25	170.27
435.91	620.33	214.6
241.12	244.6	235.33
659.07	1073.76	140.7
865.48	818.83	974.33
114.13	155.93	72.33
242.7	71.22	471.33
94.56	127.63	74.72
214.66	156.61	316.25
216.43	283.25	127.33
174.55	182.4	151.0
29.15	26.59	31.19
1325.25	1980.2	233.67
138.72	140.22	137.22
63.79	52.63	71.51
212.47	213.05	211.2
285.5	217.75	353.25
114.42	167.67	61.17
91.69	102.43	66.63
292.9	318.19	208.6
285.5	97.25	411.0
851.06	925.0	758.62
69.62	73.84	58.66
36.04	35.43	36.95
281.62	420.4	194.88
186.29	140.67	220.5
346.0	427.43	203.5
283.56	232.0	348.0
583.33	418.0	748.67
227.04	206.91	274.0
666.7	690.17	631.5
266.56	267.2	265.75
332.25	288.6	405.0
208.79	181.83	276.17
373.35	341.96	425.67
128.05	85.72	158.29
362.33	340.67	384.0
455.38	348.67	695.5
5273.58	5324.15	5164.0
342.89	573.0	189.48
191.56	127.75	242.6
136.28	145.37	109.0
642.76	808.93	393.5
129.54	154.67	79.3
250.28	229.43	292.0
167.73	141.65	219.9
93.93	99.52	86.95
410.0	378.75	441.25
639.4	831.82	230.5
169.97	223.67	116.27
5437.33	10279.33	595.33
105.96	100.1	117.67
680.88	751.0	564.0
1760.41	495.12	3784.86
109.78	90.4	134.0
302.42	353.0	204.43
119.94	76.07	324.67
31.33	26.93	36.18
760.57	969.64	252.86
12.75	6.0	16.6
166.81	206.3	152.0
166.54	123.82	230.62
97.19	89.61	107.3
158.5	90.97	216.39
191.62	153.25	230.0
3050.38	3080.0	3037.69
313.5	411.33	215.67
228.82	199.67	263.8
311.33	211.0	411.67
172.92	197.6	138.08
69.45	32.78	100.0
154.97	128.93	181.0
99.11	84.95	118.0
291.22	309.0	217.57
64.38	61.83	72.0
576.9	695.5	260.63
139.26	167.57	89.72
173.42	151.97	190.58
254.56	303.25	215.6
45.21	58.98	26.87
80.08	95.91	48.41
448.06	587.82	140.6
317.39	320.11	302.0
115.1	92.33	145.47
61.09	63.34	46.83
90.22	92.4	86.6
155.53	221.8	45.07
163.76	160.59	166.66
139.12	125.4	162.0
228.56	240.23	178.0
240.66	158.53	432.3
96.53	95.6	97.46
144.64	150.33	141.8
211.79	305.67	70.97
355.33	404.0	306.67
140.5	232.0	49.0
2394.41	239.1	5268.17
119.67	95.67	143.67
1047.38	327.05	2385.14
146.72	180.92	78.33
202.38	148.99	287.8
141.5	77.2	248.67
120.99	108.97	137.0
281.68	287.78	276.2
291.11	276.98	314.67
723.3	152.5	1579.5
547.71	630.0	245.97
108.22	124.6	53.6
278.21	250.0	299.38
61.52	74.98	43.26
90.3	86.71	98.66
195.66	291.75	67.53
81.51	76.28	98.97
137.47	115.27	159.67
273.04	260.0	304.0
116.88	132.75	101.0
205.71	223.9	179.71
41.17	37.55	45.7
276.54	157.94	608.6
100.42	103.42	97.42
315.79	198.38	472.33
175.57	49.12	386.33
288.82	395.33	253.31
186.8	135.75	205.36
506.38	283.8	877.33
93.26	105.27	88.11
1720.3	1328.94	2268.2
307.33	456.8	120.5
85.28	82.33	91.76
272.85	293.8	246.67
141.18	204.75	98.8
400.92	427.87	353.23
398.17	345.0	451.33
882.09	1301.6	357.7
56.51	59.96	51.69
67.77	206.25	30.84
121.29	141.67	106.0
113.49	123.6	91.59
404.2	418.67	382.5
209.12	225.25	193.0
153.36	145.29	188.33
175.0	180.5	164.0
187.47	167.14	268.78
508.41	432.75	609.3
226.5	61.67	391.33
182.26	182.38	182.0
546.0	557.8	526.33
249.68	153.97	393.25
153.83	141.38	178.72
248.49	297.5	187.22
44.51	19.4	88.45
63.36	64.15	61.25
119.41	100.33	176.65
322.43	312.0	336.33
98.15	58.63	137.67
142.06	93.62	197.41
358.62	368.1	342.83
81.35	41.11	188.67
151.76	176.84	9.67
233.67	132.33	335.0
83.81	130.34	50.57
121.7	110.33	138.75
287.11	331.5	198.33
19.66	27.51	10.24
155.6	152.2	163.25
374.56	462.0	265.25
283.1	303.24	197.5
254.9	244.79	274.0
324.75	163.5	701.0
324.41	344.56	301.75
257.08	255.67	260.25
321.68	420.36	148.99
221.21	213.6	272.0
83.43	93.0	70.67
264.37	191.66	308.0
132.5	181.6	50.67
4.86	2.56	6.4
120.87	174.98	54.73
963.0	1271.0	552.33
149.61	95.0	182.38
45.83	52.94	33.99
412.82	499.86	260.5
331.82	389.58	168.17
157.46	162.94	148.78
194.2	210.83	169.25
127.18	141.76	108.95
173.16	173.2	173.13
146.73	59.5	343.0
491.04	552.71	264.93
158.22	74.0	326.67
86.82	35.45	157.45
91.24	60.67	132.0
49.99	54.73	45.25
199.61	273.98	125.25
194.23	350.75	124.67
424.22	427.08	415.67
262.43	278.5	241.0
142.84	125.67	155.72
169.11	196.43	148.62
198.33	232.6	155.5
124.54	141.33	90.97
125.08	130.97	111.33
130.1	112.45	147.75
363.72	295.18	569.36
2878.12	2218.0	3978.33
327.64	323.6	331.0
335.08	370.22	256.0
72.26	77.47	41.0
369.55	290.83	464.0
165.08	194.53	100.3
124.42	116.78	147.33
281.32	286.07	274.2
263.67	398.0	129.33
216.0	222.4	208.0
128.44	77.71	331.33
171.46	192.22	154.48
204.17	226.52	142.7
68.38	61.32	91.93
374.56	304.6	462.0
262.5	283.6	227.33
339.0	369.56	247.33
426.69	481.55	298.67
331.8	291.71	425.33
5718.37	8503.3	148.5
480.66	151.7	1007.0
232.17	276.0	188.33
183.71	89.67	254.25
234.4	330.29	138.5
264.4	144.71	543.67
725.52	758.59	502.25
338.62	382.0	208.5
181.75	188.0	171.33
727.99	914.86	429.0
1336.01	1541.99	718.07
262.0	280.71	218.33
168.29	149.69	186.88
163.9	208.12	119.67
140.45	119.99	195.0
265.54	246.06	314.25
557.09	85.19	1117.46
282.22	300.6	259.25
193.63	233.24	140.83
387.41	368.67	397.64
84.09	85.95	79.25
49105.6	70064.57	201.33
195.89	186.82	211.0
203.97	212.54	144.0
562.9	505.05	678.6
271.43	211.25	351.67
516.29	532.19	462.62
65.47	32.96	119.67
231.18	211.77	315.29
2691.38	4043.38	663.38
90.42	81.29	108.67
501.0	310.0	819.33
355.31	390.83	248.75
286.37	195.13	377.6
190.48	222.05	83.16
123.81	66.31	215.8
904.16	958.38	615.0
112.12	130.67	101.0
154.5	202.0	107.0
150.31	86.7	229.81
251.0	217.91	372.33
123.62	87.5	159.75
316.64	159.8	447.33
251.57	213.44	320.2
203.85	192.0	220.44
543.56	374.16	814.6
421.73	610.2	264.67
353.11	365.0	344.19
164.5	178.0	151.0
227.56	152.7	285.15
113.27	116.5	108.42
105.27	82.25	135.97
157.51	172.22	142.8
247.0	263.5	214.0
147.77	170.81	94.0
459.86	481.67	443.5
58.02	37.2	78.83
198.38	243.59	62.77
214.45	230.57	186.25
232.83	189.75	319.0
178.64	179.0	178.0
291.12	300.6	275.33
203.5	225.67	137.0
245.75	167.17	324.33
124.91	222.0	27.82
234.2	181.42	445.33
129.53	176.47	66.93
386.99	296.33	454.98
290.55	252.14	357.75
198.15	236.63	159.67
4497.57	7593.75	369.33
378.56	218.4	578.75
276.2	295.76	230.55
116.41	117.32	110.67
366.51	364.19	378.7
216.86	305.67	150.25
122.39	153.92	98.75
337.79	353.57	287.83
154.55	68.97	268.66
219.42	212.76	227.75
307.15	340.92	278.21
2894.33	2854.67	2934.0
139.44	144.75	135.2
424.12	362.75	485.5
331.11	338.85	305.98
145.9	109.14	231.67
56.44	48.4	66.49
189.2	198.92	177.05
288.04	281.84	311.6
100.1	126.47	73.72
167.17	157.33	177.0
165.05	237.32	56.65
474.0	542.0	372.0
161.7	154.39	172.34
162.4	128.0	196.8
177.33	206.67	148.0
297.75	319.45	207.0
191.27	200.8	181.74
160.41	142.54	178.28
222.0	209.4	237.75
1182.62	289.75	2075.5
108.35	113.66	95.96
754.05	732.44	811.67
1890.8	80.78	4304.17
307.57	420.0	157.66
561.67	675.0	448.33
165.32	234.76	87.2
115.33	104.5	121.52
36.13	32.17	50.66
134.0	167.38	45.0
298.12	363.6	189.0
231.51	193.34	486.0
150.35	238.5	99.97
108.6	40.27	176.93
196.44	252.75	151.4
279.64	328.49	214.5
140.7	169.53	54.2
962.82	1169.62	135.6
162.41	189.08	75.75
148.17	152.55	131.73
93.49	90.48	95.75
553.62	695.8	316.67
2478.81	3257.5	142.75
141.39	150.38	132.4
252.62	349.0	194.8
217.76	209.92	236.6
112.62	80.6	187.33
16.86	19.18	13.78
276.67	332.0	221.33
2060.53	1657.87	2463.2
272.93	250.57	295.29
245.33	235.33	255.33
381.68	443.81	216.0
469.82	489.47	302.75
748.0	888.67	642.5
159.55	157.5	165.0
124.4	90.95	169.0
316.06	444.83	238.8
391.12	409.95	349.7
479.28	509.79	393.86
106.97	118.24	90.59
40.51	6.64	87.92
1174.62	1252.4	1045.0
108.17	88.0	128.33
265.27	145.66	345.0
211.74	249.92	154.48
329.15	307.2	402.33
358.5	321.83	413.5
297.82	317.0	278.63
191.1	230.8	111.7
320.89	571.75	120.2
316.67	220.05	896.4
301.83	235.33	368.33
1188.95	1623.15	382.57
163.0	111.67	214.33
366.68	368.55	362.56
230.41	239.55	213.67
198.1	214.33	165.63
212.83	235.56	144.67
408.0	492.0	324.0
151.17	126.36	175.98
180.32	187.38	171.5
223.0	203.0	253.0
219.47	251.33	187.6
564.46	607.3	421.67
207.21	283.2	112.22
776.59	139.99	2262.0
295.98	476.33	175.74
313.02	91.23	645.69
166.57	164.67	168.0
87.86	86.51	90.99
253.84	297.03	37.93
273.8	372.33	126.0
146.4	174.67	118.13
143.62	158.6	118.67
228.29	212.0	240.5
61.61	4.11	104.73
66.98	75.0	58.96
297.97	314.88	255.7
712.23	190.85	1755.0
734.91	865.0	547.0
268.0	274.67	258.0
242.62	252.88	205.0
324.27	299.56	379.88
275.19	295.07	166.92
173.21	177.2	170.71
276.33	124.0	428.67
611.46	568.02	698.33
104.53	124.0	80.19
265.23	275.83	256.14
83.5	81.0	86.0
491.8	434.43	625.67
74.55	90.67	55.96
97.33	109.33	85.33
58.62	69.12	37.63
275.04	343.15	104.75
115.45	73.97	139.14
43.63	37.21	55.39
153.7	132.3	169.75
198.45	183.98	214.37
206.0	258.0	194.86
2111.88	1259.0	2623.6
328.62	233.87	439.17
322.67	397.67	247.67
325.15	297.67	347.13
320.6	352.67	272.5
672.16	687.32	638.06
356.63	346.86	382.67
210.58	192.76	218.0
13.03	12.02	19.73
162.29	172.0	155.0
180.96	217.96	125.44
187.73	188.65	184.88
2114.35	1509.38	2652.11
183.47	275.0	91.93
139.35	120.83	161.56
307.5	249.0	405.0
162.83	164.33	161.33
273.79	251.62	303.33
394.62	525.33	316.2
196.49	117.35	302.0
139.16	156.63	118.2
191.35	217.8	164.9
68.09	70.57	60.0
162.0	169.33	154.67
82.48	87.3	77.67
121.94	133.27	100.9
264.3	251.44	305.02
275.91	229.28	332.89
140.42	121.56	182.88
372.64	420.7	252.5
202.54	83.31	441.0
138.83	159.76	96.96
314.95	291.92	364.83
86.43	98.98	52.98
40.79	32.14	45.6
90.78	121.33	77.69
302.3	232.0	372.6
102.45	103.76	101.8
76.06	61.99	162.83
5253.38	5386.6	5031.33
163.43	162.0	165.33
49.68	33.13	66.23
207.0	301.67	112.33
70.56	79.3	64.0
331.67	284.0	379.33
212.0	205.0	233.0
73.53	82.95	60.97
302.42	240.21	414.4
171.0	168.8	173.75
187.06	214.75	159.38
94.58	102.09	73.94
313.5	344.33	282.67
3990.78	346.0	5205.7
1072.17	942.67	1201.67
266.05	376.6	155.5
77.55	61.7	90.24
527.78	519.02	552.3
113.81	50.56	158.09
206.44	217.47	173.36
119.97	141.67	103.7
313.5	153.0	409.8
365.97	431.47	241.5
1303.05	2563.5	42.6
249.94	236.93	310.67
136.4	115.6	178.0
180.03	194.39	136.93
93.0	106.0	85.57
422.43	686.17	224.62
200.7	174.6	235.5
284.86	342.36	123.85
163.5	202.33	124.67
347.71	362.5	328.0
337.32	336.94	338.0
522.17	620.67	423.67
919.14	740.5	1157.33
123.61	103.15	148.16
89.44	38.37	212.0
194.9	214.84	161.67
155.7	91.63	390.63
58.05	63.59	52.5
346.71	368.0	318.33
550.71	628.25	447.33
74.1	78.6	69.6
15.7	16.6	14.5
157.97	141.27	174.67
110.1	107.4	112.8
216.0	256.5	175.5
146.6	155.85	131.8
120.29	140.33	111.7
121.37	125.08	108.0
182.13	180.89	184.38
311.67	317.25	307.2
223.13	205.97	236.0
155.09	188.96	87.35
409.58	231.0	945.33
174.64	133.43	246.75
300.8	348.17	229.75
337.68	358.77	183.0
399.57	299.25	533.33
118.38	143.0	93.75
159.37	130.0	188.75
538.08	605.4	496.0
285.04	285.31	284.67
510.47	1712.33	210.0
104.49	108.14	97.92
185.23	151.87	285.33
150.23	153.85	147.82
477.0	408.0	528.75
150.81	166.15	84.32
191.82	222.44	130.57
99.81	88.21	108.83
127.02	134.76	123.5
4399.0	894.4	10240.0
164.69	123.2	233.83
69.27	59.99	106.39
124.37	105.16	157.97
2861.76	4005.97	191.93
116.73	158.5	83.32
188.57	233.25	129.0
296.38	303.0	285.33
76.43	70.69	93.67
321.39	236.73	454.43
110.28	135.5	76.66
161.03	133.77	199.2
89.12	71.6	118.33
399.71	137.75	749.0
259.0	306.07	141.33
108.93	107.68	110.9
120.56	187.67	70.22
74.34	116.7	17.87
152.62	74.0	283.67
185.86	217.32	122.93
154.26	116.59	184.4
84.51	67.92	106.63
482.49	915.93	49.05
319.15	310.63	327.67
164.7	167.57	158.0
79.86	87.5	69.67
316.57	220.67	388.5
198.26	224.07	162.13
178.21	119.8	210.67
97.4	99.0	95.27
1184.77	183.11	2854.2
91.02	120.2	42.39
203.08	242.11	125.0
212.99	128.41	361.0
116.92	123.92	102.93
536.59	428.5	691.0
1125.04	1195.86	948.0
286.81	298.09	253.0
58.34	49.13	65.24
175.29	188.67	165.25
288.44	271.62	305.25
167.95	107.06	266.31
240.73	208.0	306.2
82.26	115.3	57.48
145.44	127.36	173.86
151.03	159.38	128.77
41.97	41.6	42.78
1235.78	1677.67	352.0
683.88	903.75	464.0
103.03	51.55	205.98
144.33	175.0	113.67
128.85	131.05	119.33
180.56	142.8	227.75
88.54	101.77	57.67
120.31	145.71	90.66
32.29	29.09	37.63
992.6	1108.8	644.0
411.5	405.1	427.5
582.38	423.5	741.25
440.18	503.62	271.0
147.56	169.33	131.22
292.09	338.6	245.58
98.5	138.08	24.98
2927.04	2473.26	3683.33
258.73	326.67	217.96
193.9	234.29	99.67
245.62	242.6	250.67
994.86	131.5	2146.0
264.82	260.61	273.25
135.04	144.83	89.33
129.48	129.64	129.2
348.18	169.96	570.95
169.07	159.78	178.36
177.84	180.93	171.67
84.59	68.76	110.99
316.38	344.9	221.33
398.86	350.0	464.0
1112.45	1791.41	178.88
115.86	127.99	105.09
384.93	410.44	339.0
207.0	298.67	115.33
445.75	578.8	224.0
235.57	264.67	213.75
214.84	188.17	305.52
273.25	337.25	209.25
143.0	162.29	53.0
173.09	76.96	293.25
871.88	991.6	672.33
122.25	140.0	73.45
467.64	530.0	322.15
110.29	71.36	158.95
562.0	735.33	388.67
1420.83	1489.0	1352.67
196.23	201.21	181.3
15.94	19.0	6.73
11.46	14.4	6.33
143.42	145.01	138.63
67.85	85.64	8.53
268.22	146.6	376.33
160.33	275.0	45.67
84.63	90.67	78.59
278.5	295.67	261.33
77.29	71.4	84.64
317.45	315.54	327.67
522.75	321.75	623.25
171.62	180.0	163.25
238.53	251.6	212.4
69.91	82.03	39.6
313.2	318.04	279.33
73.49	61.5	95.74
120.29	121.08	117.67
200.22	214.95	185.5
109.44	118.88	100.0
523.5	330.4	845.33
71.54	74.51	60.67
308.22	377.71	151.88
216.72	147.1	236.06
696.48	70.97	1322.0
1414.0	1660.75	1085.0
290.38	305.75	275.0
369.33	170.0	568.67
271.3	387.0	155.6
308.75	278.6	359.0
206.87	196.07	216.92
161.44	119.75	194.8
184.31	183.19	187.31
375.67	421.0	319.0
718.5	866.86	510.8
170.38	126.0	197.0
103.1	102.29	105.0
290.11	292.33	289.0
100.15	141.85	50.1
8049.32	22.24	16076.4
187.36	279.6	110.5
83.76	93.0	76.36
419.98	358.91	481.05
342.86	441.0	212.0
128.56	111.98	244.6
153.12	201.25	105.0
27.32	5.25	37.13
240.0	130.25	386.33
169.83	179.89	147.2
212.26	233.16	191.37
346.21	263.61	490.75
97.84	150.97	58.0
148.48	196.0	100.97
373.0	594.67	151.33
418.63	500.07	302.29
43.61	44.9	39.74
105.23	131.98	11.6
452.96	511.92	335.04
401.43	508.33	332.71
60.43	36.58	90.25
228.0	216.92	261.25
108.36	122.0	94.72
173.46	91.42	255.5
91.27	103.8	81.88
101.29	126.25	68.0
145.6	125.36	161.8
106.86	119.0	100.78
54.73	43.63	65.83
172.03	234.18	96.06
269.7	217.71	391.0
142.94	130.14	160.86
141.88	109.8	195.33
143.8	182.4	83.14
101.02	79.79	143.5
219.57	247.75	182.0
151.69	109.27	183.5
113.9	130.12	49.0
139.49	154.06	76.33
176.71	230.61	131.79
166.78	158.25	173.6
81.92	60.17	103.67
1426.1	1799.38	959.5
211.55	182.2	260.47
433.25	448.25	403.25
194.25	210.8	166.67
185.77	229.65	76.08
103.06	94.25	135.33
323.14	270.75	393.0
437.44	323.5	528.6
144.45	168.4	120.5
510.88	600.6	361.33
447.88	346.77	567.36
301.64	340.5	204.5
400.19	433.44	245.0
305.73	391.99	133.2
158.82	116.69	271.17
151.58	133.8	178.25
163.8	172.5	150.75
200.02	176.03	248.0
292.24	325.18	200.0
454.91	495.18	318.0
155.52	86.33	217.78
138.09	144.7	132.21
130.18	141.58	102.8
255.88	266.2	238.67
359.29	511.33	245.25
138.33	162.0	114.67
324.36	266.71	425.25
407.67	476.25	270.5
179.7	179.19	180.86
161.64	159.0	163.83
86.32	88.67	83.97
95.45	125.71	60.13
349.53	321.89	626.0
143.93	135.4	165.25
141.85	118.56	180.67
317.41	302.27	359.8
113.65	126.2	103.03
2840.86	5452.67	882.0
126.2	131.33	120.05
105.81	109.16	92.4
49.02	56.18	41.86
57.97	60.01	52.53
411.75	468.17	355.33
201.14	160.75	255.0
252.25	204.8	331.33
5750.27	147.33	7851.38
84.87	109.43	17.32
35.76	23.53	41.88
623.56	1801.67	34.51
41.38	46.43	27.9
206.98	215.63	198.33
387.24	219.78	1615.33
111.87	98.0	120.19
187.68	223.4	73.36
252.91	268.11	218.7
48.27	34.59	68.8
41.24	20.38	76.0
115.82	150.17	74.6
253.71	258.0	250.5
644.29	895.33	456.0
75.49	80.81	57.43
44.65	26.46	77.98
331.25	282.86	399.0
238.0	105.75	370.25
47.42	42.53	52.3
283.3	324.17	234.26
196.99	196.22	198.0
143.34	71.6	239.0
93.22	117.11	65.33
76.67	66.75	96.5
120.17	160.0	93.61
84.3	110.63	68.51
240.81	192.27	378.33
395.14	497.83	318.12
71.0	77.8	52.87
91.33	118.67	63.99
141.9	155.12	115.45
324.0	313.0	337.75
222.08	219.52	241.67
1537.12	365.96	5050.6
85.86	101.7	67.38
848.85	1702.11	185.21
333.92	334.0	333.8
874.77	362.0	1473.0
291.42	451.14	105.08
197.77	196.21	200.5
378.22	375.17	384.33
137.44	122.98	185.67
99.01	106.95	88.75
680.24	909.64	259.67
154.34	211.28	83.17
92.47	97.84	36.96
210.73	227.57	181.25
139.16	36.13	262.8
3743.58	165.83	12091.67
477.03	343.88	876.5
182.5	212.4	132.67
164.76	119.97	254.33
158.0	174.75	144.6
124.47	181.07	48.99
98.06	104.1	88.0
153.89	144.0	166.25
5608.26	8028.75	2380.93
103.68	121.33	99.61
423.0	368.67	463.75
79.6	34.44	124.76
258.75	314.96	146.33
83.52	75.78	94.57
807.12	208.75	1405.5
203.12	286.86	138.0
1623.88	2079.49	257.06
109.2	96.18	130.9
106.25	116.25	92.93
369.57	476.2	262.95
492.0	502.6	484.43
46.24	34.56	55.97
2008.4	1629.72	2481.75
164.71	152.67	173.75
490.43	499.5	478.33
415.27	454.62	310.33
133.67	131.32	138.16
316.04	389.68	82.83
394.7	413.34	276.67
358.17	358.67	357.67
88.46	79.24	109.97
7419.72	5780.12	8731.4
1043.6	213.0	1874.2
45.64	77.33	13.95
270.76	269.85	273.8
71.02	78.5	48.59
273.83	116.22	683.6
278.84	325.02	168.0
99.88	108.57	91.2
334.85	312.14	361.33
169.0	191.75	146.25
3361.03	4725.05	178.33
361.15	477.07	90.67
324.2	425.25	134.71
150.16	168.16	110.56
35.25	25.24	52.75
240.57	225.0	261.33
182.96	362.67	75.13
89.69	175.38	40.73
153.22	177.4	123.0
106.35	42.03	170.67
313.71	495.0	177.75
129.04	125.47	132.1
333.27	345.12	301.67
80.38	137.08	23.67
177.39	170.35	196.75
197.22	122.83	346.0
458.67	510.47	208.32
346.02	377.45	259.56
78.14	88.81	51.47
333.22	38.96	745.18
131.5	157.51	96.83
425.29	311.0	577.67
184.27	128.68	253.75
284.0	186.0	357.5
187.25	189.2	184.0
309.29	283.3	353.86
44.98	45.78	42.6
394.82	605.0	184.63
318.86	436.25	162.33
183.0	74.33	248.2
188.45	160.2	212.0
305.0	366.6	202.33
203.62	212.8	188.33
216.5	211.4	225.0
231.1	244.55	190.75
128.16	140.99	115.33
545.95	67.12	1344.0
194.74	176.97	205.4
127.85	126.33	129.0
137.3	143.3	125.3
1294.88	2091.76	409.47
267.88	318.4	183.67
294.05	292.46	302.0
129.73	64.0	151.64
127.43	121.0	136.0
173.53	81.55	265.5
465.55	497.0	439.33
379.07	405.54	343.78
318.66	536.5	144.38
71.82	60.76	105.0
204.1	244.6	153.47
131.33	122.25	143.81
154.62	100.4	245.0
1791.71	2250.55	109.33
1075.4	42.75	1763.83
475.71	588.38	378.06
206.93	181.8	238.33
44.64	37.77	48.76
91.28	95.11	79.8
212.33	246.92	122.4
137.09	241.12	88.13
178.2	151.18	277.25
92.96	122.8	63.12
93.69	137.83	55.86
112.9	125.4	95.4
119.87	102.5	137.25
272.32	289.51	152.0
41.22	42.19	38.9
39.51	11.57	76.78
2390.86	2493.0	2314.25
810.24	1726.67	122.92
356.76	357.94	354.0
184.8	145.5	211.0
1711.0	1913.0	1441.67
219.56	252.61	172.98
203.89	240.33	89.36
376.25	473.21	36.91
130.33	122.67	138.0
170.0	152.0	183.5
91.8	106.7	71.93
1507.22	4228.75	297.64
103.96	106.19	99.5
183.66	157.63	196.67
346.53	337.82	370.5
177.41	167.33	184.96
344.88	610.36	13.02
254.57	265.91	213.0
306.25	374.5	238.0
3664.29	2413.0	5332.67
9643.67	5776.75	25111.33
171.85	222.92	141.2
5185.5	5964.88	2068.0
240.18	273.83	199.8
293.38	298.4	285.0
215.13	142.07	434.33
387.29	391.0	382.33
205.05	178.66	257.83
142.93	206.67	79.19
129.68	113.16	153.72
195.81	218.38	163.56
92.93	60.93	124.93
75.53	73.75	76.72
197.14	188.25	209.0
78.4	103.0	53.8
735.09	797.71	625.5
178.86	91.6	280.67
627.3	785.46	216.1
276.72	268.27	314.75
206.54	212.9	185.33
173.6	280.7	112.4
146.43	113.72	211.85
386.7	312.86	559.0
556.0	704.67	407.33
70.56	43.62	140.6
283.25	256.11	364.67
84.26	127.82	18.9
252.56	382.0	90.75
638.13	867.78	224.76
120.73	68.52	186.0
148.8	139.14	161.67
90.25	91.42	86.45
112.22	122.67	91.33
217.3	58.34	416.0
133.42	85.33	169.49
531.08	615.33	446.83
147.5	171.33	123.67
172.55	184.86	151.0
388.55	447.5	231.33
306.9	300.2	313.6
188.2	179.5	201.25
122.16	61.25	162.77
77.12	39.75	93.14
77.17	16.77	238.23
235.8	220.33	259.0
95.81	94.38	97.5
294.74	272.88	309.32
172.07	197.2	158.11
363.76	173.36	601.75
429.58	415.75	439.64
360.85	234.83	468.86
51.07	56.85	37.58
348.8	414.33	250.5
217.49	175.54	271.43
257.83	148.93	511.93
438.43	478.0	408.75
598.92	677.84	317.04
48.42	28.97	67.87
188.74	148.25	208.99
196.71	199.25	184.0
658.73	619.0	764.67
376.43	328.6	451.6
52.85	41.58	61.86
189.94	218.66	142.95
301.29	155.75	495.33
167.32	143.0	186.78
169.28	78.3	249.76
233.14	178.75	305.67
132.24	183.0	94.16
106.0	119.17	79.67
325.13	335.81	255.75
309.47	296.6	325.56
544.86	266.0	754.0
464.4	309.7	670.67
119.5	158.67	80.33
58.33	89.95	26.72
265.75	305.0	226.5
553.52	239.29	1182.0
294.03	306.57	277.3
323.57	283.23	357.85
605.75	608.5	603.0
123.96	46.23	201.7
304.57	312.33	298.75
382.05	328.58	465.22
336.23	363.31	255.0
264.26	271.48	239.88
170.26	191.23	128.34
218.13	520.15	45.54
1071.17	1246.5	930.9
113.11	146.75	86.2
4775.18	5398.6	4329.87
197.23	318.6	75.87
129.88	76.8	218.33
292.77	403.0	237.66
510.48	784.17	99.95
156.44	126.0	194.5
25.24	28.91	18.8
385.79	445.0	279.2
396.52	341.88	578.67
150.98	200.17	77.2
346.14	323.0	377.0
111.22	113.2	107.93
266.27	177.79	354.75
84.18	75.3	94.53
524.9	411.77	694.58
168.95	164.99	195.33
113.34	133.22	60.33
2836.96	2400.28	3819.5
258.14	221.64	294.64
222.02	257.2	121.5
468.0	323.83	684.25
51.33	54.19	42.28
242.21	291.57	143.48
97.59	178.67	75.48
209.72	219.98	189.2
199.61	195.39	213.67
192.68	198.64	176.0
654.72	807.49	247.33
308.75	349.38	132.67
311.43	342.0	288.5
217.69	239.57	166.63
307.76	348.44	226.41
124.38	169.92	78.83
139.75	137.27	145.2
59.39	69.08	39.99
47.19	46.0	49.4
219.71	188.75	261.0
61.51	79.03	26.47
256.07	300.78	186.96
332.91	421.75	214.47
297.92	283.5	321.0
264.62	149.43	495.0
429.67	541.33	318.0
118.1	167.79	5.16
172.62	56.3	250.17
218.72	171.95	296.67
171.64	180.06	163.22
129.38	97.33	148.6
173.5	146.0	190.0
385.9	393.5	368.17
197.75	174.71	253.71
247.34	229.89	311.33
1416.8	305.85	1884.57
381.68	303.24	617.0
161.73	97.03	248.0
277.0	342.0	212.0
85.39	85.67	85.12
300.15	122.64	655.17
152.05	210.58	64.25
185.89	188.17	181.33
179.11	156.75	197.0
339.35	319.1	393.33
345.16	309.72	380.6
236.25	281.78	177.71
78.23	59.4	103.33
49.18	54.45	44.96
116.45	111.99	128.33
351.25	91.0	611.5
258.31	262.3	251.67
79.92	79.11	83.67
310.86	227.5	422.0
39.24	17.04	76.25
82.6	68.72	101.1
53.85	64.56	29.75
189.5	258.0	121.0
132.19	149.27	92.33
86.01	107.83	61.46
136.92	128.12	154.5
423.14	284.75	607.67
43.0	41.74	45.93
382.57	336.0	444.67
201.71	219.72	153.67
124.62	122.63	126.6
184.0	195.88	168.17
209.88	218.6	195.33
96.62	85.75	107.5
102.47	115.92	48.68
21.33	19.83	22.83
66.71	50.3	77.65
12075.5	285.4	31725.67
179.86	237.0	137.0
114.12	138.37	57.53
162.13	180.22	138.0
181.56	174.54	195.6
75.44	94.96	36.4
33.26	35.03	27.97
350.38	363.6	328.33
149.29	136.28	188.33
157.23	171.31	115.0
288.29	281.19	338.0
316.5	387.0	152.0
1434.86	1138.0	1657.5
119.43	94.33	138.25
196.24	293.67	123.17
87.83	83.8	104.76
87.63	84.18	94.53
105.28	90.21	129.4
337.07	309.73	437.33
189.57	238.0	125.0
349.33	94.0	604.67
396.18	365.0	422.17
166.05	59.57	414.5
152.67	141.7	162.64
72.04	94.16	33.32
640.0	689.0	542.0
485.82	193.8	729.17
295.17	328.33	262.0
396.67	534.67	258.67
23.8	23.2	24.28
213.83	149.67	278.0
345.42	263.09	551.25
253.07	321.93	122.23
242.66	226.7	269.27
91.85	57.15	230.67
181.05	182.92	178.25
27.83	10.8	67.57
216.78	142.33	248.69
308.65	186.66	723.4
169.41	223.5	97.3
339.06	365.18	283.56
220.3	47.63	349.8
358.29	400.75	301.67
82.75	41.12	138.27
103.27	98.75	121.33
51.23	52.25	49.87
297.27	182.38	603.67
1094.58	983.9	1232.92
177.53	179.69	172.83
162.58	187.61	81.25
802.12	903.26	586.37
315.6	349.64	222.0
261.64	133.3	518.33
269.15	151.76	523.5
98.11	68.36	115.11
203.29	144.59	320.67
35.41	41.19	21.93
287.0	332.11	255.77
1944.11	2122.33	1587.67
179.83	201.0	158.67
187.4	175.33	213.27
200.2	192.65	215.3
67.87	52.33	81.19
8827.81	10963.8	5267.83
117.47	167.15	99.73
125.53	81.41	202.75
58.26	59.26	56.89
159.34	159.57	159.22
89.11	99.67	49.48
211.29	228.75	188.0
662.62	1010.81	175.16
147.13	129.76	178.4
26.81	16.5	37.12
164.54	173.7	152.33
172.67	155.16	190.18
219.55	228.25	214.57
214.2	236.65	182.14
152.63	171.37	77.68
352.43	345.24	378.14
316.83	343.67	182.67
214.44	154.2	289.75
262.25	379.45	105.99
284.98	359.98	234.98
265.43	271.25	257.67
198.5	213.86	170.33
690.69	1099.25	282.12
212.1	206.0	216.17
258.0	326.2	172.75
237.67	225.2	253.25
200.19	235.15	156.5
220.88	220.77	221.33
56.95	61.85	49.24
680.17	796.9	330.0
4766.87	5278.64	3359.5
76.82	80.31	63.72
289.38	270.5	308.25
271.61	217.25	315.1
257.89	265.75	251.6
206.11	209.59	196.54
241.86	239.75	244.67
194.92	158.75	252.8
91.25	67.0	105.8
56.42	35.95	66.66
1109.72	1695.28	589.22
79.32	80.83	77.2
184.69	250.44	79.5
315.09	234.95	379.2
102.66	105.87	98.18
94.09	149.0	61.14
145.71	181.67	118.75
326.36	338.26	290.66
162.94	169.0	152.83
164.08	152.45	171.83
82.09	83.01	78.88
138.14	159.21	86.63
290.38	332.0	221.0
982.86	741.33	1164.0
208.78	145.8	319.0
3116.47	3579.75	2611.08
378.17	400.36	365.33
218.56	245.17	165.33
555.64	613.25	402.0
309.7	455.0	247.43
222.93	227.42	209.47
97.15	87.93	118.67
150.4	198.05	55.12
626.51	343.6	803.33
298.0	324.5	282.86
65.85	56.41	87.87
2013.29	1456.75	2755.33
747.73	856.5	617.2
190.76	139.62	276.0
364.62	421.49	269.83
162.0	159.6	165.0
81.07	136.93	25.2
507.52	238.09	747.01
138.5	108.67	168.33
121.45	171.8	71.1
75.97	81.47	70.47
352.36	24.75	539.57
107.5	117.67	97.33
131.38	166.67	92.88
206.2	224.51	165.0
520.17	312.0	728.33
81.46	81.97	81.15
764.22	695.5	978.0
212.33	165.5	229.36
272.27	236.6	316.86
63.01	32.26	99.92
582.6	342.31	1123.25
462.55	426.2	498.9
392.44	760.5	98.0
125.75	125.6	126.0
281.83	195.0	368.67
297.37	341.05	105.2
241.32	276.49	128.8
278.95	84.27	473.63
40.37	41.43	37.47
286.34	325.75	254.82
293.38	296.4	288.33
202.94	292.62	100.45
421.14	413.83	465.0
2132.0	381.5	3299.0
270.59	249.7	288.0
244.22	256.11	211.5
62.11	72.97	47.63
168.45	163.36	177.38
344.14	264.75	450.0
73.62	77.96	68.2
61.83	93.27	38.25
231.67	156.67	306.67
157.56	168.83	135.0
196.37	202.08	184.93
251.93	357.43	159.62
242.5	307.0	178.0
370.92	311.33	505.0
121.1	82.98	168.75
216.14	192.12	297.8
109.87	38.35	145.62
176.97	237.0	101.94
89.57	101.67	80.5
190.67	169.0	234.0
244.14	466.33	77.5
259.78	251.36	268.2
1013.52	786.62	1694.25
805.47	217.31	2717.0
66.47	53.57	77.75
2139.76	355.33	3478.07
114.57	59.01	355.33
166.38	194.0	122.2
301.3	318.14	262.0
61.33	73.96	40.29
329.86	198.25	461.48
148.78	100.67	172.83
707.47	1314.87	100.07
110.9	112.57	105.33
98.78	83.0	118.5
190.56	210.5	174.6
187.83	215.66	160.0
292.3	145.27	463.83
211.0	148.33	258.0
244.92	257.22	208.0
76.97	58.63	95.3
132.06	168.83	67.72
115.38	130.2	90.67
355.35	382.29	247.6
410.64	407.89	418.9
586.0	658.14	459.75
43.45	36.95	47.35
235.29	205.25	275.33
372.0	345.33	398.67
119.17	135.0	103.33
475.38	571.2	445.44
312.11	333.83	268.67
254.62	184.4	371.67
187.43	180.14	225.34
272.48	283.0	239.17
169.34	98.8	286.89
351.85	215.54	548.76
6863.86	7805.79	4980.0
366.85	403.68	268.63
121.44	118.44	124.61
353.69	326.25	381.12
291.4	243.5	363.25
201.08	179.43	266.0
54.67	63.44	43.94
156.0	174.0	145.2
375.0	281.8	530.33
137.09	69.9	184.12
25.46	29.44	6.55
54.11	42.6	61.02
416.81	441.66	384.86
173.71	111.25	257.0
203.45	122.52	338.33
270.5	255.5	290.5
78.63	78.98	78.39
166.1	51.98	356.3
360.38	262.25	458.5
209.09	294.4	138.0
323.19	403.69	242.69
145.29	156.25	130.67
142.2	133.16	155.75
228.49	240.1	178.74
131.67	84.62	225.75
337.57	312.25	371.33
240.36	192.25	368.67
163.57	213.6	80.19
228.75	149.75	386.75
332.26	347.73	280.67
1073.33	1529.0	503.75
49.12	50.6	46.67
92.73	148.63	36.83
90.22	97.15	77.76
68.71	87.75	43.33
135.86	101.81	173.0
43.46	49.08	32.2
9742.14	425.33	16729.75
235.0	273.17	177.75
237.5	293.67	181.33
113.33	54.73	142.62
187.27	204.78	126.0
200.13	125.5	249.89
79.34	92.27	56.7
195.78	209.56	182.0
92.19	48.62	108.03
140.85	174.0	96.66
88.6	70.53	120.22
100.3	88.57	112.03
5461.93	6781.5	2822.8
72.97	67.79	85.4
180.58	267.43	50.3
59.88	49.87	67.4
539.4	667.96	256.58
43.72	94.75	13.1
33.97	33.69	34.46
162.78	171.86	114.33
96.65	94.24	106.3
366.51	620.59	112.43
519.04	567.79	470.29
213.97	213.32	214.83
3270.62	4609.19	593.5
389.94	326.0	490.43
136.54	130.75	144.27
329.07	332.89	322.2
167.22	91.97	215.1
126.55	146.25	106.85
172.67	144.0	201.33
391.83	365.0	418.67
124.47	141.11	66.2
110.04	86.99	202.25
83.17	65.47	106.78
186.62	134.75	238.5
153.08	178.43	117.6
225.3	346.14	84.31
690.56	926.48	159.75
225.49	239.21	189.8
176.67	190.0	163.33
110.53	114.42	85.93
147.44	124.83	192.67
83.43	68.93	97.93
87.45	79.14	102.0
4633.86	10214.0	448.75
83.3	83.06	83.68
184.88	146.0	223.75
123.74	134.77	75.97
275.0	140.5	364.67
298.64	191.89	451.14
295.46	298.7	284.67
337.64	320.44	368.6
404.32	168.82	728.12
155.29	123.05	295.0
119.83	83.33	156.33
294.19	590.75	124.73
103.6	127.1	40.93
147.91	141.78	168.33
603.7	603.0	604.4
235.22	86.04	384.4
478.78	587.8	369.76
129.97	151.11	92.97
270.68	249.14	318.08
137.95	110.92	168.83
356.95	350.0	377.8
646.62	632.6	670.0
265.6	325.75	205.45
796.88	857.67	718.71
185.51	248.22	162.0
195.14	227.25	152.33
396.41	458.69	230.33
92.59	75.06	102.61
154.3	228.67	79.93
359.56	388.38	234.67
489.42	478.04	500.8
271.0	63.0	427.0
984.29	1686.33	457.75
238.94	393.5	32.87
252.89	260.83	237.0
183.3	224.67	146.07
264.1	244.94	286.0
312.86	292.25	340.33
870.39	1187.27	131.0
113.67	82.0	145.33
199.36	145.78	293.12
112.04	90.84	150.2
218.88	203.2	245.0
229.15	189.62	292.4
253.0	217.67	288.33
389.32	224.48	1048.67
120.31	135.24	57.6
315.25	305.4	331.67
282.54	222.63	312.5
47.77	59.89	15.46
891.86	1391.5	225.67
208.27	196.98	216.74
1699.33	287.33	3111.33
370.0	315.67	424.33
110.36	91.64	169.21
163.0	201.0	125.0
235.53	283.8	155.07
48.96	34.87	65.88
142.09	87.1	210.84
192.06	176.87	226.25
232.62	238.75	226.5
180.12	191.6	161.0
58.08	44.39	75.2
235.62	245.8	218.67
248.44	326.33	225.08
92.97	69.0	110.95
262.8	185.09	476.5
232.11	190.0	302.3
114.56	107.83	128.0
569.92	697.6	144.33
197.5	48.07	297.12
644.27	308.25	812.27
1014.75	1153.33	599.0
58.84	43.56	84.3
183.14	86.0	312.67
405.29	432.75	368.67
116.13	140.67	83.42
441.5	177.67	599.8
119.99	114.24	127.72
676.3	520.25	780.33
155.21	200.43	76.08
707.6	138.35	2073.8
117.25	113.75	120.75
94.47	79.04	116.51
132.63	79.3	185.97
147.18	88.23	229.72
114.97	111.6	118.33
24.26	21.25	33.3
904.57	330.5	1670.0
305.49	216.5	407.2
208.5	160.67	237.2
216.29	185.9	272.0
236.69	238.03	234.0
299.67	220.4	398.75
174.22	137.5	203.6
45.88	99.37	13.78
282.5	353.5	211.5
8992.57	957.67	15018.75
56.0	80.67	37.5
400.67	455.36	250.25
264.33	71.33	457.33
435.23	329.0	488.35
5530.81	5025.65	6137.0
105.55	94.47	118.84
181.5	200.67	162.33
3713.0	7318.33	107.67
24.21	12.19	88.33
109.48	114.95	104.0
167.06	169.18	154.33
371.2	370.0	373.0
125.72	110.97	131.25
251.83	271.0	194.33
173.45	159.8	184.83
78.27	76.22	81.0
305.33	400.33	210.33
39.4	48.0	32.52
376.79	416.93	264.4
180.13	88.33	271.93
449.35	311.62	596.27
303.14	324.58	253.11
63.25	58.43	71.7
416.56	393.75	434.8
146.54	151.01	139.38
123.14	132.12	111.17
347.8	512.5	238.0
133.47	177.67	89.27
168.85	254.75	82.95
281.98	454.48	109.48
198.88	67.33	277.8
331.5	304.33	358.67
239.5	270.0	188.67
271.9	235.0	327.25
161.86	173.38	131.17
180.33	189.05	163.42
106.65	98.4	125.9
327.75	105.57	638.8
456.31	1006.58	43.6
343.9	394.83	292.97
441.0	447.17	428.67
224.5	201.0	248.0
178.29	202.78	153.8
286.76	279.31	292.81
59.37	46.67	68.9
354.54	384.67	286.75
141.42	152.0	100.41
109.76	137.07	68.79
962.83	1012.56	838.5
177.89	158.13	190.46
137.98	132.6	141.82
207.98	247.0	155.96
255.0	303.5	241.14
444.33	385.0	503.67
407.88	336.5	479.25
271.5	305.0	215.67
587.29	707.25	427.33
120.4	119.71	122.0
443.15	404.79	532.67
239.14	265.33	219.5
89.68	38.5	118.93
221.35	232.53	158.0
5075.67	5449.75	4327.5
60.83	9.48	150.7
405.0	374.67	435.33
169.29	232.88	105.71
284.44	336.33	180.67
288.46	374.75	150.4
915.22	156.0	1522.6
100.25	75.33	118.94
167.5	136.75	179.8
1395.49	1714.57	650.97
148.1	158.83	132.0
156.0	112.66	182.0
282.65	387.66	98.88
441.0	177.67	704.33
138.85	173.8	109.72
228.21	249.96	210.08
141.5	152.38	119.75
226.82	308.67	191.74
290.9	314.0	253.36
90.25	68.4	108.45
121.68	127.94	88.33
16.89	19.8	13.98
261.36	251.29	279.0
173.46	163.51	229.89
3134.69	3600.89	2202.28
227.41	248.11	190.16
230.17	212.73	247.6
54.12	62.6	40.0
230.05	187.0	256.95
351.1	361.67	335.25
251.88	259.5	239.17
25.35	25.76	23.96
322.58	357.19	261.06
472.1	130.22	813.98
167.42	173.98	161.79
377.77	436.3	238.75
73.91	39.12	120.3
213.5	151.67	275.33
418.64	398.62	465.36
476.43	272.12	1498.0
227.75	128.33	287.4
206.14	204.65	207.63
206.33	251.67	115.66
1165.37	1293.0	612.33
9258.55	7776.0	10105.71
169.86	168.0	172.33
165.39	266.0	84.91
152.97	47.45	293.67
41.87	65.5	10.36
404.0	533.75	300.2
103.46	76.73	123.5
368.4	377.29	347.67
188.11	194.6	155.67
11543.98	16763.48	2309.48
340.24	164.7	691.33
51.61	43.15	62.89
62.92	21.89	103.95
304.0	328.0	289.6
371.0	551.67	262.6
10149.25	12541.0	7757.5
64.54	79.9	38.93
112.75	109.0	116.5
366.22	221.83	655.0
287.86	350.53	240.86
69.34	71.64	66.27
784.76	1141.75	546.76
192.97	205.96	171.33
230.87	321.83	94.43
233.01	202.44	285.43
219.17	154.67	283.67
79.83	83.05	74.17
381.08	402.2	367.88
256.75	245.06	332.75
136.94	109.4	173.67
222.12	235.78	208.45
374.5	422.2	295.0
109.62	123.96	80.93
224.0	271.0	177.0
118.5	106.33	130.67
170.67	207.4	124.75
238.55	294.0	206.86
156.29	170.39	134.61
423.58	409.12	452.5
385.83	516.0	255.66
2308.33	3538.0	1078.67
455.29	488.86	321.0
234.56	246.5	210.67
103.45	162.5	69.7
200.78	218.5	165.33
138.16	98.98	185.18
286.1	203.5	410.0
73.42	76.47	70.38
79.31	98.33	60.3
435.75	450.0	412.0
378.67	435.93	121.0
121.45	127.12	106.33
370.17	198.33	542.0
191.89	274.97	92.2
222.75	261.33	199.6
401.09	767.3	185.68
185.38	175.39	195.38
71.26	73.25	68.6
148.81	155.05	136.33
373.67	315.0	432.33
232.92	232.72	236.0
38.8	29.15	47.16
414.83	344.0	485.67
203.31	196.97	207.0
9217616.0	12674050.25	458.0
96.3	111.0	81.6
88.85	73.36	114.67
114.58	66.35	178.89
1028.48	1213.94	778.82
156.7	242.0	107.96
96.06	92.9	101.33
95.04	61.94	152.95
167.88	193.63	86.33
211.47	223.61	195.86
249.44	270.17	208.0
217.25	265.5	193.12
309.69	281.27	331.0
1242.2	2242.73	241.67
57.63	66.83	52.11
87.21	33.6	119.38
4418.86	7502.88	306.83
187.4	217.08	152.33
306.89	352.5	215.67
573.6	271.8	875.4
276.0	478.67	124.0
223.43	145.25	327.67
125.48	157.83	76.95
399.75	436.8	338.0
182.92	192.2	152.0
111.81	42.19	142.76
145.99	162.3	136.2
231.91	322.68	26.17
176.29	179.76	168.5
79.23	81.42	76.32
192.44	203.0	171.33
168.44	186.0	146.5
139.03	222.8	34.32
296.35	305.39	271.5
98.36	51.47	133.54
60.5	94.53	26.47
34.82	39.16	32.85
134.0	169.88	93.0
320.11	257.67	445.0
595.17	473.33	717.0
77.52	96.8	38.96
431.3	13.93	848.67
196.0	183.83	220.33
346.0	194.67	497.33
234.45	375.6	133.63
157.4	142.58	212.97
49.96	27.51	100.47
241.64	280.62	137.67
36.03	35.14	37.09
449.31	454.8	440.17
208.56	214.8	200.75
150.38	169.4	118.67
260.45	308.71	176.0
289.85	241.21	403.33
238.01	284.89	120.83
184.79	105.38	290.67
185.12	149.0	221.25
207.45	264.75	115.76
180.83	177.71	194.1
790.83	842.42	687.67
94.76	88.46	105.27
803.0	524.8	1150.75
181.2	210.12	133.0
95.98	101.63	87.5
175.25	198.5	151.99
376.06	384.33	359.5
54.29	33.6	62.05
226.42	230.52	197.67
161.1	243.33	119.98
177.36	29.3	325.42
303.25	299.88	310.0
154.21	26.39	186.16
373.33	471.38	177.25
185.88	167.67	196.8
516.31	586.32	148.75
489.89	614.29	272.2
675.86	716.0	622.33
128.71	128.0	129.67
105.7	113.25	95.63
922.83	970.0	875.67
271.89	178.2	389.0
398.12	290.67	462.6
352.0	284.4	408.33
229.11	341.0	79.93
128.36	159.55	100.63
330.87	443.25	202.43
373.5	280.0	410.9
184.64	292.8	4.37
2066.8	4379.33	332.4
236.79	155.65	358.5
570.15	638.5	342.33
1066.76	1275.83	300.2
279.29	259.62	343.25
428.05	378.97	550.75
183.4	154.0	222.6
187.53	174.87	225.5
181.66	172.64	305.0
619.8	521.57	849.0
390.12	505.0	198.67
99.22	21.44	177.0
334.05	357.45	115.67
533.7	543.0	481.0
846.53	1081.32	470.87
328.55	272.36	459.67
340.07	304.08	592.0
88.08	96.3	51.09
120.09	135.66	110.74
329.64	417.75	259.15
263.93	146.85	366.38
416.0	475.5	336.67
522.38	695.0	234.67
826.32	914.56	708.67
243.0	198.0	333.0
279.15	137.3	752.0
309.89	381.98	237.8
170.55	183.16	145.33
275.28	273.11	276.91
567.5	461.29	815.33
344.0	384.0	317.33
359.25	462.75	229.88
601.33	1654.0	250.44
627.17	652.5	505.6
237.17	237.22	236.67
189.0	195.8	183.33
2009.78	630.25	3113.4
209.31	176.7	263.65
206.0	217.0	191.33
209.63	222.9	171.47
129.44	123.0	142.33
707.75	853.0	465.67
5.67	5.7	5.66
395.91	375.01	445.06
228.52	217.51	267.86
240.54	262.92	188.33
413.53	526.35	225.5
464.9	467.0	464.0
99.05	83.63	129.89
295.12	333.6	231.0
353.38	476.0	149.0
346.55	450.33	222.0
150.09	223.75	91.16
179.71	142.73	315.33
223.38	170.33	255.2
352.95	394.6	248.82
33.3	24.93	41.67
120.19	123.24	101.93
380.68	384.83	373.57
116.88	120.5	111.45
548.61	462.46	610.14
248.16	313.0	211.11
437.33	332.0	542.67
806.76	679.59	1230.67
54.1	67.06	23.87
116.46	126.53	110.71
1766.29	2916.43	156.1
721.26	533.0	844.04
190.4	207.33	165.0
271.12	203.41	451.67
101.62	80.72	234.0
200.06	233.14	34.62
244.71	378.33	144.5
184.33	174.0	194.67
260.54	273.1	218.67
413.22	567.8	196.8
155.82	126.49	169.62
2464.65	3435.75	134.0
332.92	172.4	447.57
134.86	181.0	88.72
415.25	363.83	505.25
311.51	289.9	340.33
440.73	324.86	643.5
291.53	405.21	132.38
184.86	226.25	129.66
98.17	96.2	99.07
424.12	782.0	66.23
285.28	283.2	287.36
296.45	309.17	281.2
94.11	148.25	21.93
167.5	240.67	94.33
301.82	333.87	256.96
173.83	80.33	267.33
327.1	328.25	326.33
178.73	265.0	146.38
5945.02	120.81	9273.14
75.99	92.22	63.0
83.89	142.0	32.24
201.48	211.05	194.95
271.67	277.2	260.6
432.29	343.25	551.0
255.5	306.09	144.2
26.4	38.88	20.16
328.0	120.67	452.4
406.83	372.0	441.67
131.15	47.33	214.97
5724.93	297.45	8050.99
494.7	495.9	493.5
236.72	231.96	263.67
249.75	179.67	291.8
76.46	63.33	84.34
161.37	173.52	131.0
524.2	569.25	494.17
152.67	215.33	131.78
365.91	334.33	403.8
573.56	902.0	135.63
497.5	424.0	571.0
234.82	217.56	263.6
153.59	155.0	149.36
217.88	118.2	384.0
2056.41	1521.82	2709.81
239.33	230.33	248.33
127.79	137.41	98.93
229.64	221.96	256.5
212.86	143.8	333.73
108.12	96.8	123.98
129.88	49.15	291.33
284.26	280.95	288.67
185.0	170.25	204.67
166.86	242.0	138.69
84.87	86.12	78.6
91.67	52.0	131.33
1290.17	1393.43	1145.6
220.0	108.67	286.8
280.36	292.0	251.25
111.7	67.12	171.13
263.2	40.47	441.38
57.74	42.62	88.0
196.64	174.89	235.8
174.68	178.36	144.0
149.64	146.92	154.29
52.72	22.73	62.71
125.2	130.18	122.08
89.12	77.34	107.96
173.71	203.67	151.25
35.78	30.36	40.36
547.33	591.86	485.0
107.23	75.83	159.56
3085.75	5315.28	219.21
50.51	55.33	38.45
125.38	106.53	238.5
159.88	151.24	205.97
286.69	291.31	266.67
167.99	185.7	126.67
151.62	147.26	175.2
333.67	387.83	225.33
229.24	319.5	157.04
285.66	162.66	695.67
124.99	167.83	39.3
203.39	236.0	134.1
109.62	198.3	20.93
103.8	80.0	127.6
187.42	172.0	198.43
80.52	61.98	92.11
146.66	184.0	62.65
639.6	728.02	506.96
28.65	32.7	23.26
401.0	334.0	453.11
305.89	271.0	349.5
92.08	103.0	84.8
52.6	32.72	63.96
350.28	18.6	681.97
124.15	101.08	158.75
324.2	373.5	250.25
39.54	36.87	48.42
2261.12	2736.2	1469.33
522.17	880.5	163.85
139.99	164.35	103.45
1105.18	2679.0	205.86
746.11	486.5	953.8
151.67	138.25	162.4
140.1	127.67	145.43
87.57	132.27	35.43
321.44	308.0	332.2
444.15	518.7	195.67
357.5	367.67	347.33
168.22	158.8	215.33
86.6	81.73	91.78
1131.35	1278.36	739.33
236.29	285.5	170.67
303.78	395.8	188.75
256.28	288.14	111.45
166.44	167.54	165.75
94.34	179.93	42.98
284.14	374.33	216.5
181.08	201.32	156.8
376.01	473.2	123.3
115.08	139.79	75.56
132.26	148.82	115.71
206.26	69.62	320.13
621.85	765.68	334.18
586.88	475.25	698.5
126.67	118.0	135.33
95.65	145.97	45.33
1443.8	465.98	5681.0
161.71	161.67	161.75
104.68	113.6	97.99
248.93	125.0	341.88
291.47	411.33	171.6
42.2	18.63	89.33
630.33	869.88	151.25
319.88	303.0	336.75
188.09	194.14	177.5
157.33	141.8	176.75
156.02	98.83	205.04
323.4	185.71	441.43
295.29	421.25	127.33
112.72	87.71	142.74
332.69	310.6	354.78
262.88	275.6	241.67
511.29	519.0	501.0
153.69	123.96	183.43
459.22	576.84	106.33
71.13	98.72	25.16
55.13	39.13	115.12
223.08	218.63	225.23
155.62	159.33	153.4
102.88	87.0	118.75
253.21	269.67	193.98
198.65	185.35	245.19
52.49	54.96	48.96
338.04	364.19	155.0
404.83	126.67	613.45
84.96	91.18	64.75
281.29	289.49	271.65
142.57	126.0	164.67
242.38	262.8	208.33
75.96	85.63	73.88
242.36	211.0	254.9
434.25	360.0	558.0
136.97	53.23	248.63
173.05	180.5	167.64
91.51	66.3	113.57
1207.83	1148.0	1267.67
230.65	288.64	95.33
353.84	422.38	311.0
136.01	58.51	291.0
323.38	269.86	365.0
423.54	454.88	373.4
133.39	96.57	161.0
99.51	54.14	131.91
108.88	126.97	66.67
72.98	74.97	71.0
14.38	13.63	15.7
424.82	436.85	385.75
219.46	112.35	397.98
159.57	158.0	161.67
210.38	199.4	228.67
300.14	233.33	350.25
187.5	108.67	221.29
266.14	329.25	182.0
274.0	283.0	266.8
104.5	105.0	104.0
189.67	136.45	269.5
330.71	333.67	328.5
100.24	113.1	65.52
369.44	361.91	383.0
190.49	275.4	77.27
404.33	383.33	425.33
162.98	171.43	136.09
275.5	311.33	239.67
56.87	62.98	52.29
199.99	233.38	113.18
129.11	137.15	107.66
220.0	234.33	205.67
266.88	230.2	328.0
27.63	32.74	22.52
285.18	291.88	267.33
35.17	39.92	25.66
108.33	112.74	103.17
910.22	865.14	1009.4
150.99	138.4	157.98
215.22	298.6	111.0
219.18	206.75	252.33
331.62	337.75	325.5
180.45	206.43	135.0
403.08	376.7	535.0
582.44	921.6	158.5
321.67	181.33	462.0
1642.79	2557.5	977.55
211.5	143.09	462.33
531.78	696.0	203.33
879.75	850.75	908.75
142.09	132.07	157.12
223.17	301.33	145.0
158.14	181.33	140.75
195.09	190.75	197.98
306.87	243.12	379.71
164.16	182.72	114.67
164.25	130.2	221.0
139.11	139.78	138.0
77.17	71.67	82.67
279.92	244.11	387.33
773.89	1612.66	102.88
167.35	221.41	90.11
2378.29	3980.5	242.0
357.29	481.92	108.03
647.77	740.88	498.8
604.15	86.63	1121.67
152.1	65.33	238.87
70.79	93.98	42.96
266.62	304.01	232.34
266.43	260.53	272.33
170.5	95.93	207.78
404.6	263.89	615.67
473.83	305.67	642.0
191.86	112.75	223.5
198.77	368.33	113.98
138.0	117.92	190.2
285.33	241.67	329.0
766.49	442.48	1090.5
134.91	323.67	21.65
126.25	113.67	133.8
164.0	153.25	178.33
265.9	291.35	204.8
173.17	139.83	206.5
304.1	287.71	342.33
371.4	384.29	341.33
168.22	149.43	187.0
525.15	98.99	1270.94
119.73	170.97	56.44
127.16	142.71	65.0
94.34	118.5	65.36
369.82	109.91	704.0
125.32	163.43	71.96
354.96	314.94	448.33
137.43	136.5	138.67
670.93	808.0	328.25
122.72	125.84	113.97
653.67	972.64	361.29
222.25	180.8	291.33
264.0	381.0	147.0
173.47	184.04	118.0
241.05	145.7	320.5
311.2	316.2	306.2
256.0	375.33	184.4
878.25	1018.5	457.5
54.5	47.77	62.58
425.09	457.6	379.94
420.33	604.33	236.33
2151.71	2844.0	1228.67
134.8	122.27	147.33
352.82	422.73	224.67
160.92	163.19	151.4
475.09	379.2	555.0
102.92	129.37	64.7
112.43	75.93	148.93
369.43	528.0	158.0
154.6	132.86	205.33
103.41	143.75	63.06
122.11	140.7	97.33
4583.54	3907.46	6273.75
309.45	380.83	223.8
40.18	37.55	45.43
4886.27	6012.25	1883.67
267.98	204.54	371.06
140.23	141.89	136.5
110.47	68.93	135.4
123.61	217.5	56.56
375.33	178.67	572.0
188.25	196.0	175.33
113.83	113.0	114.67
245.44	414.91	19.48
404.5	455.75	353.25
139.16	203.06	53.96
115.7	120.33	107.2
205.6	109.62	315.29
128.73	99.78	138.37
113.02	73.66	185.19
59.57	46.36	86.0
388.49	245.99	673.5
195.42	168.17	295.33
1469.39	1845.88	402.67
224.16	117.07	360.45
388.67	595.67	181.67
179.7	191.1	137.92
122.79	103.56	225.33
330.59	377.5	205.5
63.59	72.31	40.33
160.0	152.0	168.0
289.84	599.0	69.01
124.5	120.23	139.43
63.46	65.96	54.27
157.89	180.14	118.95
1517.04	2722.2	10.59
286.39	298.42	274.36
395.41	389.89	411.97
133.98	174.0	93.97
277.25	160.4	472.0
731.5	551.33	911.67
430.36	396.0	471.6
205.41	140.91	323.67
97.03	125.51	11.6
353.2	465.33	185.0
207.25	264.67	172.8
272.8	242.6	303.0
43.76	74.33	20.82
154.64	182.75	132.77
64.99	69.83	59.18
271.36	253.0	304.4
280.14	365.25	166.67
248.07	274.7	181.5
74.25	68.36	80.14
73.04	59.81	108.33
181.97	183.34	162.33
156.26	154.8	157.72
292.17	385.0	199.33
124.37	113.97	165.95
445.32	588.98	265.75
180.07	173.87	188.33
623.31	684.69	357.33
539.88	207.0	1094.67
604.31	1021.36	83.0
178.88	165.0	202.0
365.11	345.33	375.0
288.67	187.28	373.17
185.25	153.08	233.5
196.0	107.33	262.5
251.98	312.3	191.67
283.0	299.33	217.67
16.5	17.77	13.97
507.04	853.58	229.8
103.3	110.47	96.13
404.0	338.67	469.33
70.16	10.64	144.55
642.78	659.83	608.67
106.3	75.28	131.12
227.71	189.04	311.5
800.89	1285.87	241.31
218.71	189.85	265.62
137.76	145.33	120.72
106.69	125.67	87.71
1279.21	1412.75	1101.17
327.13	201.83	374.11
114.37	57.19	155.21
91.38	99.4	78.0
1956.29	915.67	2736.75
481.74	189.25	774.23
66.28	94.53	32.38
463.67	501.43	410.8
89.67	94.75	86.29
236.23	257.0	215.47
90.47	152.33	28.6
143.82	91.56	248.33
122.91	73.35	189.0
136.33	149.02	43.27
45.09	35.95	51.94
55.77	79.0	38.34
92.4	75.43	132.0
409.5	430.14	361.33
99.36	90.18	105.91
307.84	174.0	408.23
101.36	63.75	138.97
153.09	111.4	222.57
279.62	331.0	228.25
180.44	148.2	220.75
230.83	63.09	608.25
206.71	213.75	197.33
128.55	92.29	382.3
205.79	228.0	153.97
359.21	271.21	409.49
93.47	89.76	105.53
4424.13	7210.08	1423.87
917.9	271.33	1887.75
662.89	1228.5	210.4
263.19	303.77	232.75
1383.55	2086.17	540.4
170.65	142.3	199.0
2160.34	1728.67	2278.07
734.69	710.0	755.86
209.67	144.0	275.33
429.3	301.27	557.33
303.8	395.0	264.71
139.84	137.39	145.97
155.64	161.33	153.5
218.99	178.84	306.0
406.81	351.0	529.6
279.22	88.6	517.5
104.75	119.92	49.17
113.16	136.11	67.27
69.97	70.6	69.33
458.19	313.75	506.33
41.25	52.29	9.68
274.24	236.62	346.07
224.7	224.0	225.75
165.32	229.0	101.65
279.17	255.67	302.67
158.83	85.43	261.6
144.93	162.2	127.67
132.47	47.3	200.6
362.75	335.5	390.0
137.0	150.9	102.25
151.6	165.57	119.0
215.94	199.69	258.2
368.2	492.15	138.0
144.09	111.48	193.0
72.1	89.8	31.89
462.82	585.12	136.67
62.24	53.87	78.97
937.06	277.53	2421.0
154.28	229.3	79.27
204.82	175.75	274.6
69.42	98.34	21.23
76.24	107.4	13.93
280.02	245.04	341.25
203.45	200.3	211.83
191.31	191.99	189.8
150.86	119.67	174.25
58.13	92.0	32.72
155.0	159.71	146.75
816.33	273.0	1013.91
149.43	88.0	195.5
70.97	70.91	71.12
397.64	144.93	524.0
118.91	113.6	124.22
1687.7	670.87	4738.2
1370.38	390.14	2514.0
217.82	200.5	227.71
118.16	146.2	80.77
440.11	314.14	575.77
183.71	208.0	165.5
141.83	111.33	172.33
142.49	179.75	67.97
238.38	176.2	342.0
379.64	248.86	608.5
93.66	102.45	81.93
3208.79	3709.0	2958.69
119.71	145.46	59.6
327.91	363.86	265.0
177.27	133.71	253.5
135.39	163.67	92.97
806.54	656.55	916.53
229.12	501.33	65.8
103.96	120.79	32.47
429.31	475.33	325.75
210.75	125.0	262.2
226.58	255.0	206.29
348.8	328.0	369.6
8615.6	13694.5	997.25
210.71	147.75	294.67
138.75	143.69	117.33
215.12	171.75	258.5
168.43	170.86	166.0
104.39	128.8	73.88
424.14	414.36	460.0
295.29	222.0	350.25
101.69	124.65	78.72
215.47	124.11	343.38
2786.11	429.75	5927.93
586.88	361.26	812.5
238.62	330.64	23.89
60.69	81.0	33.63
361.56	150.1	714.0
56.19	49.09	110.6
1560.92	2244.38	649.65
184.14	226.0	128.33
298.57	303.84	292.07
166.86	366.0	47.38
393.88	369.67	408.4
138.07	158.33	122.88
350.67	348.33	351.83
169.77	199.82	109.66
136.67	92.0	181.33
29.8	28.26	33.48
315.65	500.67	130.63
87.59	115.56	31.66
139.38	154.68	103.67
88.56	117.71	53.58
199.59	160.57	290.63
525.14	748.25	227.67
415.33	532.0	298.67
166.25	188.4	129.33
216.5	209.6	228.0
126.66	123.32	136.67
138.15	148.71	108.58
74.48	90.89	44.94
41.3	41.86	39.63
201.03	202.7	197.7
4622.01	9781.21	1635.11
157.24	152.89	166.73
255.17	365.0	145.33
110.13	96.27	124.0
105.81	102.5	107.14
47.83	40.77	54.88
221.79	248.63	186.01
194.13	277.0	131.97
427.71	467.5	374.67
330.27	348.33	318.22
574.11	101.75	952.0
1614.23	2734.97	119.9
95.38	47.91	114.37
111.25	109.87	114.0
6368.17	8246.0	108.73
413.83	395.67	432.0
6225.54	173.7	14294.67
209.56	209.25	209.74
281.59	276.29	299.58
559.48	653.69	344.14
227.0	289.71	172.12
293.73	229.5	422.2
427.5	533.33	321.67
105.67	124.67	86.67
53.04	8.94	141.25
165.5	196.0	135.0
357.33	213.25	472.6
135.43	179.67	91.2
252.83	187.45	340.0
187.53	74.6	272.23
335.36	347.88	302.0
473.31	590.42	122.0
39.4	42.6	37.0
157.84	143.0	168.97
220.38	277.75	163.0
48.08	47.98	48.26
106.09	62.85	181.75
819.35	981.2	657.5
226.04	270.52	137.08
238.14	224.98	282.0
189.67	158.67	220.67
471.0	346.6	678.33
119.51	174.5	82.84
150.43	169.75	124.67
111.35	122.78	85.21
163.97	199.75	116.27
127.07	66.0	172.88
311.41	246.32	376.49
276.74	110.87	401.15
124.34	193.68	38.35
150.24	181.61	35.23
167.53	163.65	174.0
253.33	229.0	270.71
244.6	248.92	204.33
132.01	247.2	79.65
134.44	75.97	204.6
264.67	332.0	197.33
190.8	89.3	292.3
397.15	316.42	639.33
176.13	142.86	199.42
182.9	195.43	153.67
147.39	137.31	160.35
136.14	162.0	101.67
165.5	224.67	106.33
141.15	155.53	114.61
4800.22	2114.0	10172.67
206.55	351.33	152.25
220.8	199.0	242.6
63.81	43.73	98.95
218.46	246.17	176.9
197.08	197.07	197.08
110.9	93.77	148.6
413.88	519.33	350.6
218.64	227.58	168.0
227.86	239.75	212.0
303.67	334.78	210.33
115.67	46.33	185.0
175.76	157.75	199.78
57873.55	1701.69	192686.01
55.95	62.59	50.97
244.81	277.5	201.23
201.23	179.44	250.25
90.53	95.87	84.41
167.67	177.5	148.0
209.67	254.8	177.43
298.07	313.64	241.0
168.81	146.11	222.75
306.86	282.33	325.25
141.67	135.14	150.8
83.33	101.33	65.32
350.57	366.0	339.0
131.23	85.65	192.0
69.19	87.74	39.52
2040.57	2721.64	814.64
100.11	118.69	62.95
234.6	218.14	273.0
202.99	219.93	112.66
116.5	165.67	79.62
474.9	380.17	617.0
130.48	118.26	151.58
89.5	47.8	159.0
159.48	37.92	192.64
154.44	122.6	194.25
197.37	172.4	239.0
379.9	361.48	395.81
364.47	330.31	615.0
153.35	110.67	178.96
406.64	308.86	577.75
430.86	500.5	338.0
548.12	1017.93	78.3
285.29	374.6	195.98
743.79	619.18	915.12
143.03	102.97	174.19
144.22	80.83	271.0
351.14	522.75	122.33
128.48	209.3	47.67
220.59	154.15	320.25
123.6	104.76	155.0
508.35	568.07	396.38
126.33	159.33	93.33
115.38	110.44	123.3
214.85	262.8	134.93
44.72	51.56	14.64
73.59	76.38	68.93
192.11	194.17	188.0
303.56	599.6	56.86
351.71	303.5	416.0
1487.84	1951.67	1024.0
187.74	100.36	362.5
299.97	233.62	366.33
99.6	100.8	97.6
132.26	107.7	165.0
209.94	219.23	187.29
175.67	215.0	136.33
518.82	554.57	456.25
202.47	285.0	180.47
273.8	155.2	392.4
90.93	80.83	111.12
577.75	917.14	181.8
935.77	1108.7	359.33
91.62	93.67	90.4
380.93	382.55	375.0
344.87	449.11	188.5
208.34	205.8	211.65
414.64	410.95	441.67
150.75	168.0	133.5
186.7	301.5	14.5
379.21	594.67	271.48
272.7	254.17	300.5
200.43	205.5	193.67
1168.33	395.0	1787.0
197.46	217.76	167.0
332.46	462.33	293.5
435.71	400.75	482.33
314.64	154.17	507.2
259.75	270.8	241.33
104.09	85.85	122.33
143.98	191.5	72.7
289.79	289.41	290.67
288.0	108.5	527.33
96.14	105.25	84.0
225.12	307.0	143.25
300.67	172.0	429.33
136.72	119.88	150.2
116.25	114.0	118.5
165.78	188.5	135.48
166.69	321.67	50.45
168.31	135.8	208.95
156.5	104.0	209.0
68.13	68.62	63.0
446.57	358.0	513.0
163.03	203.2	55.93
117.67	105.43	163.11
468.97	58.93	715.0
297.17	479.33	115.0
284.67	224.0	406.0
173.08	270.83	26.45
380.97	380.55	381.67
471.16	674.27	186.8
1933.78	66.67	2867.33
519.67	778.67	260.67
57.18	25.5	152.23
219.57	236.09	159.0
182.86	188.75	175.0
86.69	82.19	91.2
91.16	107.25	81.97
371.99	423.5	303.3
162.34	196.29	117.08
216.14	229.25	198.67
522.82	500.0	559.69
80.69	92.41	66.25
117.13	98.93	135.33
273.17	258.33	288.0
653.19	638.33	697.75
328.0	356.64	261.17
527.75	257.8	977.67
250.06	484.67	74.1
261.27	61.97	410.75
727.11	495.8	1016.25
108.81	128.0	89.62
380.71	517.33	278.25
149.38	142.23	163.67
477.56	268.26	948.5
267.0	82.0	421.17
161.16	51.03	243.75
1288.9	496.29	3138.33
211.17	238.0	184.33
323.67	281.33	408.33
336.62	311.7	419.67
331.67	295.0	405.0
115.73	88.15	137.8
113.82	117.91	98.5
162.2	194.03	137.43
232.21	221.56	251.4
113.92	106.5	121.33
271.83	371.2	116.56
158.02	166.93	147.83
1281.75	1084.33	1479.17
967.51	947.02	998.25
888.06	200.09	3410.63
166.24	182.17	127.54
280.15	411.33	148.97
140.0	230.33	49.67
185.69	190.25	177.33
292.8	266.0	355.33
1015.88	486.6	1898.0
175.67	158.33	193.0
108.86	75.97	128.6
130.64	127.28	136.5
477.5	512.37	216.0
657.5	777.33	298.0
159.96	101.74	276.4
527.78	418.36	768.5
247.38	207.12	311.78
172.8	192.75	150.0
668.43	1026.15	96.08
201.31	150.81	403.27
410.69	149.97	695.11
92.24	97.6	87.77
10927.78	15226.8	5554.0
429.17	418.44	461.33
313.92	401.33	226.5
167.5	141.0	194.0
2550.67	3332.33	1769.0
195.29	168.81	243.83
168.56	123.55	220.0
442.59	364.78	520.4
692.29	663.0	731.33
409.43	579.58	69.13
142.98	116.63	182.5
112.13	165.0	59.27
629.88	608.33	642.8
109.86	117.67	104.65
10.22	13.71	0.89
199.63	246.67	77.32
675.33	569.0	781.67
16.93	15.46	21.83
182.93	181.63	185.1
320.5	215.33	455.71
106.43	132.33	80.53
69.8	73.4	65.0
266.71	220.0	328.99
390.38	502.62	278.12
413.77	751.2	76.33
51.59	66.29	38.36
228.2	244.92	200.33
147.9	160.36	140.98
110.22	122.2	98.25
328.25	318.25	338.25
198.38	228.27	132.6
188.62	157.83	215.0
215.57	225.33	208.25
618.56	601.25	632.4
447.2	459.86	417.66
147.0	119.0	197.4
494.5	456.4	558.0
62.02	78.48	36.4
391.0	445.0	358.6
119.19	94.78	168.0
178.57	220.22	103.6
163.6	175.0	152.21
786.12	1142.6	192.0
324.5	351.25	311.12
213.17	218.56	197.0
143.1	52.2	234.0
453.25	439.64	485.0
142.94	85.74	190.62
78.0	41.33	114.67
189.67	208.33	171.0
491.7	600.72	91.99
128.0	134.0	120.5
477.0	586.0	331.67
123.57	173.0	57.67
87.54	87.67	87.3
165.3	224.4	82.56
455.25	172.86	850.6
1014.15	446.18	4232.67
856.75	1101.0	124.0
175.49	173.4	177.06
106.5	139.76	95.41
1231.24	106.93	2355.55
1069.49	1111.09	771.33
273.95	217.64	405.33
167.37	40.16	294.58
212.35	253.81	87.97
121.99	132.14	111.83
481.62	327.75	635.5
234.84	218.32	245.85
410.34	638.94	181.73
57.61	69.29	45.93
63.05	44.46	103.94
214.06	120.35	364.0
219.24	243.19	156.96
9.92	10.11	9.6
272.18	355.0	127.25
277.22	144.23	463.4
67.02	55.4	75.73
256.17	206.86	397.07
166.07	105.4	267.2
338.5	322.0	355.0
196.5	208.0	185.0
304.57	345.67	273.75
37.27	32.05	47.69
276.23	170.75	381.7
191.11	208.5	177.2
182.38	194.7	161.83
201.06	205.64	186.4
265.62	275.75	255.5
207.44	376.0	72.6
215.0	212.0	218.0
134.9	118.0	142.14
125.28	119.09	142.31
584.42	289.45	908.9
198.46	170.94	253.5
213.36	185.39	250.67
330.22	459.27	29.1
190.04	247.42	132.66
62384.29	63816.33	61310.25
297.3	204.93	389.67
300.32	308.02	284.91
285.55	307.38	227.33
137.6	77.3	218.0
249.6	252.38	244.67
528.0	537.91	513.13
183.21	243.99	31.25
261.84	308.98	199.0
189.67	210.33	169.0
395.83	445.48	110.34
142.62	131.5	153.75
263.11	497.0	29.22
202.25	174.8	248.0
1873.89	593.6	3474.25
433.29	548.5	279.67
124.45	119.67	126.5
142.75	146.34	136.45
120.0	111.0	132.0
135.16	144.1	111.33
277.92	238.5	317.33
195.56	212.5	161.67
381.27	146.33	616.2
169.33	196.8	135.0
40.14	43.09	29.33
160.0	154.0	172.0
357.78	418.25	309.4
298.77	234.34	406.17
124.54	99.7	157.67
452.67	460.6	442.75
104.44	120.75	91.4
316.47	428.32	92.78
20.77	23.55	16.13
381.4	423.29	283.67
163.91	177.08	141.97
281.44	350.23	98.0
272.81	205.5	407.43
202.36	139.72	265.0
384.7	180.6	588.8
1518.34	2170.33	214.38
283.45	257.82	319.75
281.08	203.6	336.43
126.46	153.54	63.26
177.61	123.38	268.0
212.17	18.49	728.67
395.33	512.0	278.67
194.68	183.58	231.67
80.1	95.79	36.95
304.73	316.06	244.33
252.79	326.83	141.72
75.66	75.2	76.32
132.5	176.33	113.71
273.62	227.0	320.25
214.05	201.56	251.55
202.43	206.0	197.67
694.95	394.17	815.27
332.52	297.5	355.87
176.92	185.0	168.83
240.61	265.77	175.2
280.99	371.1	152.26
278.04	130.45	366.6
101.59	60.57	183.65
359.67	264.67	454.67
1526.17	2124.27	529.33
225.12	312.83	172.5
196.12	150.23	242.0
358.62	415.67	334.18
267.67	117.33	418.0
76.58	79.39	62.57
377.46	351.89	479.75
1552.88	1831.52	159.67
305.99	288.06	329.3
358.46	538.01	71.19
757.83	767.42	738.67
98.53	117.53	73.2
31.33	15.47	104.28
147.7	58.07	237.33
190.83	187.33	194.33
43.94	47.57	40.32
175.64	136.09	274.5
280.5	228.6	309.33
129.11	119.67	140.45
141.67	104.62	215.75
79.35	98.86	45.22
488.68	88.69	1288.67
44.16	35.83	49.16
179.53	181.19	174.0
262.75	264.28	258.67
305.25	315.75	300.0
172.44	196.46	127.84
318.43	330.04	296.17
205.28	205.61	204.98
403.62	421.67	392.8
139.14	181.7	100.45
117.09	130.88	101.77
102.39	102.82	101.75
146.1	193.8	86.47
195.65	220.83	94.92
261.91	288.67	235.15
189.0	125.67	252.33
536.55	651.12	374.25
1372.61	2268.75	177.75
71.86	105.4	4.77
64.88	88.46	47.2
237.97	278.36	150.47
1054.87	62.58	2047.16
465.29	384.25	573.33
107.68	68.74	169.98
1843.0	1177.83	3173.33
779.26	340.87	2423.25
125.99	115.2	136.78
56.02	40.87	81.27
140.99	181.43	85.4
93.57	77.5	115.0
68.87	87.33	31.93
711.75	639.0	763.71
231.05	218.68	252.69
352.31	437.86	252.5
240.22	202.75	270.2
82.83	18.33	147.33
185.36	188.5	183.0
251.46	245.06	272.25
405.0	434.67	375.33
203.47	156.56	246.77
87.51	131.08	43.93
155.34	173.0	125.92
810.2	332.25	1356.43
139.26	69.75	231.93
1451.58	1721.4	1258.86
153.38	159.92	125.0
239.11	353.2	96.5
130.15	201.75	98.33
198.0	141.25	235.83
38.96	39.34	37.56
1252.95	2786.25	230.75
120.0	94.0	172.0
56.65	60.0	52.19
254.25	214.0	278.4
61.51	74.45	44.27
167.29	165.25	170.0
192.5	185.0	200.0
129.42	95.0	138.03
41.16	46.76	35.57
365.86	371.25	358.67
177.07	157.98	234.33
61.26	67.68	57.4
118.41	105.18	131.64
465.17	310.67	542.42
420.92	491.29	322.4
277.83	467.67	88.0
988.12	729.0	1247.25
176.3	155.6	197.0
284.4	261.88	310.14
393.86	301.0	463.5
478.0	575.71	392.5
835.0	459.0	1211.0
348.22	412.14	273.63
113.29	65.0	177.67
98.91	83.17	117.8
114.1	123.83	99.5
475.84	685.33	56.87
187.72	219.13	154.06
151.63	138.98	171.5
142.68	139.45	151.56
267.43	278.74	239.16
289.83	395.33	184.33
602.23	628.7	514.0
106.78	81.17	158.0
131.59	143.8	107.18
100.76	111.89	59.93
203.93	165.88	254.67
173.46	180.91	166.0
117.33	86.75	141.8
294.71	146.33	406.0
154.87	111.57	192.75
265.64	178.0	300.7
176.48	272.3	80.67
58.34	59.76	55.99
446.45	496.22	287.2
85.15	84.53	85.94
361.0	364.0	358.0
79.13	39.71	127.31
1311.06	514.33	1789.1
129.9	156.49	84.68
386.52	441.44	276.67
232.83	216.67	249.0
136.57	125.75	151.0
129.22	138.69	118.17
1210.44	85.83	3459.67
95.4	88.97	101.83
548.55	531.67	571.75
86.59	78.97	94.2
309.83	403.7	184.67
291.88	311.67	277.04
235.83	279.0	192.67
395.76	281.33	567.4
169.36	160.0	171.91
149.25	122.0	194.67
332.62	257.4	379.62
73.49	52.15	101.93
207.27	215.43	193.0
404.1	405.83	401.5
306.5	544.67	68.33
190.08	358.33	21.83
123.54	120.75	129.11
54.74	60.64	46.86
112.5	148.67	76.33
151.11	139.6	165.5
496.5	567.25	425.75
327.44	138.35	831.67
124.27	128.33	119.8
107.27	123.1	86.17
184.83	146.71	238.2
104.43	150.33	70.0
122.63	170.67	74.6
649.53	730.6	609.0
534.89	642.0	320.67
151.0	107.33	183.75
614.85	187.0	770.44
199.67	210.0	168.67
212.38	154.6	308.67
96.71	123.5	61.0
269.11	274.6	262.25
229.25	188.33	253.8
97.62	141.0	71.59
564.99	639.48	465.67
156.97	216.33	121.35
600.3	802.63	60.77
209.82	218.0	205.14
585.46	565.2	653.0
632.29	408.0	800.5
193.06	240.6	125.14
110.31	110.74	109.86
265.3	231.14	345.0
35.25	33.74	39.74
253.78	251.5	258.33
918.37	645.15	1347.71
108.98	112.57	101.8
233.7	224.57	255.0
466.88	185.4	936.0
152.73	84.07	207.65
92.71	68.0	125.67
67.57	110.35	18.69
522.21	987.5	173.24
174.29	148.75	208.33
571.46	210.41	1835.12
91.26	178.0	4.53
158.86	206.25	111.47
315.67	336.71	286.2
119.7	59.63	164.75
650.37	785.6	515.14
263.4	182.2	344.6
277.67	398.0	157.33
98.4	108.22	78.75
223.34	139.33	254.84
306.89	303.0	311.38
109.76	114.15	100.97
182.14	262.0	122.25
155.1	145.25	161.67
241.0	178.67	303.33
105.89	65.57	141.16
202.12	37.95	325.25
47.98	39.22	59.67
56.28	42.6	97.33
276.24	320.9	201.82
197.14	150.67	232.0
186.82	131.0	253.8
205.12	220.8	179.0
632.97	922.45	247.0
413.46	357.82	636.0
97.85	22.2	173.5
214.67	205.33	224.0
73.89	70.85	78.76
894.29	756.25	1078.33
337.75	538.0	217.6
528.73	382.33	583.62
246.56	193.67	273.0
3030.24	4943.0	1436.27
391.67	490.0	195.0
101.12	48.57	153.67
99.78	104.35	90.65
517.17	576.0	340.67
215.73	160.23	260.82
112.5	59.0	166.0
187.33	184.75	189.4
70.74	120.45	4.47
635.41	858.33	468.23
581.7	334.2	829.2
57.27	60.2	56.29
108.97	103.76	121.13
351.5	317.09	405.57
230.64	166.83	278.5
190.78	214.01	82.33
140.84	92.47	205.33
457.2	572.85	187.33
169.0	176.33	166.56
162.48	141.97	183.0
189.25	171.72	222.12
190.88	166.25	215.5
301.48	313.57	292.08
103.65	100.63	106.67
361.29	320.75	415.33
410.83	143.0	678.67
339.16	445.27	140.21
97.51	86.72	111.0
156.87	172.67	125.27
222.39	164.65	337.88
179.78	194.83	144.67
185.09	183.17	187.97
68.86	28.93	88.83
357.0	339.64	375.69
105.08	121.53	63.95
157.78	192.33	140.5
6239.12	645.75	11832.5
198.92	199.0	198.88
170.91	198.5	152.52
310.85	334.46	251.83
1241.94	1672.91	380.0
313.38	305.9	338.33
193.52	174.98	215.15
134.45	155.17	109.6
1042.1	1128.29	841.0
2121.0	282.57	5338.25
34.02	60.76	10.61
1333.9	262.67	2940.75
55.62	80.1	43.39
1115.49	1854.89	228.2
197.29	157.67	227.0
231.62	240.8	227.03
235.0	222.75	251.33
271.08	277.38	258.5
397.86	251.67	507.5
291.5	418.0	165.0
368.76	418.6	306.45
216.27	220.33	199.0
205.11	249.0	161.23
319.0	335.08	292.88
100.66	137.53	73.0
377.29	407.25	337.33
39.3	25.62	52.98
39.18	49.26	29.1
171.71	192.75	143.67
330.0	341.67	295.0
229.45	199.67	251.79
221.3	277.0	165.6
211.84	213.79	205.5
124.0	144.25	97.0
1087.89	715.98	1645.75
140.92	80.12	262.5
218.09	252.83	176.4
258.95	291.19	155.8
466.43	559.5	342.33
240.0	245.5	234.5
233.65	216.68	265.69
425.54	391.57	465.17
2162.36	2711.71	1173.52
265.88	237.25	294.5
256.29	199.17	393.4
144.83	133.0	156.67
48.28	37.61	58.95
207.08	159.48	222.11
157.82	175.66	108.24
103.33	100.33	106.33
44.31	67.12	6.3
361.23	149.57	608.17
202.15	164.88	227.0
489.86	658.0	363.75
55.66	92.54	6.49
244.75	218.33	260.6
76.52	75.87	77.17
145131.43	253824.25	207.67
322.27	311.25	351.67
175.62	164.7	181.86
52.97	45.71	63.54
75.86	73.98	81.12
213.62	227.6	190.33
96.43	105.0	90.0
120.46	96.11	134.67
174.06	150.82	225.18
259.5	183.5	310.17
182.38	215.38	141.12
39.58	37.21	44.33
239.9	251.0	228.8
139.67	138.33	141.0
341.83	448.67	235.0
125.35	181.57	46.64
52.18	31.96	92.6
99.51	79.67	134.25
124.11	89.0	141.67
199.82	165.3	234.33
162.5	168.8	152.0
1994.23	877.9	3482.67
200.33	183.25	234.5
251.1	341.33	212.42
409.33	258.33	560.33
598.14	496.33	674.5
127.68	139.83	109.45
257.67	122.24	325.39
97.87	110.5	69.44
555.56	1025.12	86.0
315.57	401.5	201.0
253.13	158.36	320.83
177.0	198.25	155.75
295.33	135.0	455.67
266.17	271.38	245.33
144.58	194.16	70.2
49.39	77.78	11.53
178.14	203.5	144.33
153.88	256.71	98.51
245.89	227.8	268.5
126.92	129.7	117.67
135.54	155.45	115.62
131.0	95.6	190.0
840.56	958.5	604.67
1133.2	1164.64	1046.74
268.71	257.5	283.67
334.67	279.33	390.0
76.64	37.11	135.94
99.75	103.18	88.33
210.15	216.4	205.68
367.33	326.67	408.0
119.67	95.33	134.28
420.57	255.0	544.75
320.29	436.5	165.33
206.27	156.82	260.2
137.07	148.9	124.16
124.99	99.83	162.72
236.14	145.0	304.5
256.0	261.28	229.6
173.99	176.4	172.98
227.09	265.86	159.25
97.25	110.0	93.43
127.88	159.17	65.3
494.23	784.82	131.0
159.95	161.04	158.41
519.22	478.17	601.33
405.89	373.67	470.33
209.56	198.5	231.67
385.0	411.11	366.92
512.45	746.92	277.98
231.45	75.97	386.93
72.67	72.91	72.3
493.58	74.83	912.33
252.59	219.29	408.0
163.43	99.2	227.67
344.82	391.25	221.0
20.07	24.6	15.53
207.42	214.66	175.38
304.5	241.67	367.33
143.44	129.6	160.75
100.67	66.98	151.2
293.33	298.33	288.33
275.83	216.33	335.33
146.12	123.32	197.4
126.88	169.0	93.18
95.19	100.59	74.95
1407.95	866.58	1813.97
218.33	222.0	214.67
151.73	167.92	103.18
352.91	238.0	396.0
223.67	260.33	187.0
350.23	401.67	311.66
190.75	204.2	168.33
199.19	139.55	288.66
162.33	158.0	166.67
47.28	27.48	63.12
247.19	202.0	314.98
294.53	360.52	168.55
181.43	214.91	150.75
135.0	116.25	153.75
162.25	137.9	202.83
131.4	153.25	116.83
114.31	111.56	125.33
163.38	124.33	215.44
458.63	144.24	1297.0
224.06	253.1	180.5
84.86	100.35	49.11
6620.0	6779.75	6407.0
304.6	199.75	374.5
290.11	274.0	311.6
317.41	231.6	651.11
138.48	132.12	153.0
1680.27	1696.98	1619.0
64.33	74.45	50.83
146.29	179.75	101.67
344.39	378.5	310.28
109.71	113.92	105.5
411.12	364.57	447.33
63.82	80.4	38.95
204.18	227.69	165.0
234.69	187.43	344.97
97.79	62.09	240.6
264.01	87.35	617.33
81.18	96.41	53.76
125.49	133.18	112.67
278.47	499.42	168.0
139.83	95.0	184.67
53.33	65.87	31.39
1585.16	1278.26	2096.67
107.83	80.48	184.4
75.4	105.67	52.7
626.68	748.7	504.67
59.2	47.31	79.0
191.06	128.96	253.16
173.07	287.98	58.17
811.15	1054.5	421.8
70.98	75.53	55.3
691.54	874.92	554.0
264.26	310.52	194.88
344.74	335.83	383.33
245.9	260.67	239.57
184.57	208.36	144.93
303.43	284.0	318.0
189.52	135.85	248.37
79.73	21.15	138.3
124.6	135.9	110.47
1085.07	1725.12	231.67
178.54	221.84	130.44
382.08	296.5	483.22
236.33	278.33	194.33
273.98	198.3	349.67
249.86	271.57	230.86
549.67	764.33	335.0
1389.35	884.33	1822.21
79.68	78.67	81.28
203.79	214.12	190.0
196.89	153.33	218.67
4150.11	3630.33	4410.0
142.69	143.07	142.0
254.0	258.67	244.67
246.9	289.36	195.0
252.2	158.89	469.92
109.29	156.17	69.11
295.39	416.89	82.75
223.5	380.5	133.79
352.46	266.33	426.29
317.78	345.71	287.69
189.12	181.6	201.67
57.14	58.62	55.3
578.0	529.25	643.0
162.83	366.4	46.5
449.64	404.0	475.71
480.82	559.2	448.17
118.0	134.3	63.67
315.09	379.29	202.75
313.61	358.23	296.88
140.17	199.67	80.67
339.69	383.83	301.86
295.12	335.4	228.0
422.51	735.22	199.14
402.93	433.25	391.91
155.6	143.83	164.42
318.33	271.33	365.33
150.67	223.67	77.67
371.2	387.8	350.45
1933.31	2649.19	92.46
4714.0	7356.0	1191.33
392.3	397.29	380.67
151.42	160.63	142.2
703.44	141.01	1453.33
167.05	147.36	213.0
141.82	122.87	198.67
111.96	78.38	167.93
264.98	305.29	194.45
121.3	50.27	192.33
592.1	656.64	309.74
69.51	70.75	67.87
227.18	326.67	152.56
143.3	168.2	118.4
100.33	108.24	78.19
79.37	83.01	69.67
167.17	207.33	127.0
72.56	61.97	112.56
155.33	132.41	247.0
74.81	66.62	83.0
93.33	100.11	52.65
49.42	61.42	37.42
212.56	358.67	102.97
51.94	51.08	54.23
3160.65	643.4	5677.9
169.83	170.95	167.88
273.6	247.71	334.0
208.07	69.65	392.63
381.66	443.15	258.67
317.54	198.61	555.4
3897.81	5308.45	794.4
241.08	197.13	329.0
570.78	586.58	502.33
267.11	189.33	318.96
257.26	152.27	336.0
469.56	319.0	657.75
215.03	226.0	204.05
313.17	418.5	172.73
345.5	336.2	354.8
118.93	109.25	127.53
1038.16	1192.62	317.33
501.5	476.0	544.0
207.22	288.0	174.91
423.86	29.97	719.28
116.45	217.21	30.08
337.99	112.78	713.33
267.22	334.83	132.0
236.31	331.67	168.2
216.33	245.0	159.0
157.24	146.0	164.73
72.36	94.75	42.5
61.32	58.0	64.63
203.27	210.5	184.0
295.67	182.33	409.0
584.1	837.0	331.2
205.49	245.6	138.63
332.03	346.44	274.42
255.6	209.0	275.57
203.92	213.7	171.33
205.05	239.85	128.48
219.68	236.8	205.42
216.72	100.95	332.5
106.31	100.29	113.33
185.25	171.67	193.4
204.93	244.33	175.38
136.57	125.09	155.22
210.33	274.0	146.67
149.75	129.2	179.1
200.31	168.33	216.3
129.59	165.85	93.33
278.28	355.58	123.67
205.38	174.5	246.56
283.9	284.2	283.6
239.27	257.0	224.5
2113.07	2041.64	2309.5
142.86	93.33	180.0
150.48	225.0	75.97
237.72	419.67	146.74
168.31	186.93	149.68
270.14	246.25	289.25
222.54	219.65	228.33
168737.83	2237.67	335238.0
265.29	257.2	287.78
204.45	199.5	206.64
155.07	174.19	109.2
92.98	114.06	33.25
297.56	358.67	175.33
206.12	171.25	241.0
1412.86	2389.75	110.33
305.6	303.82	310.5
123.55	93.33	143.69
235.05	122.0	302.88
263.14	295.0	220.67
131.13	157.6	98.05
125.05	134.95	103.83
124.69	49.6	181.0
608.75	653.67	474.0
392.0	305.0	418.1
157.85	120.9	222.5
160.08	74.79	221.0
1398.42	829.67	1967.17
195.0	175.43	214.57
131.92	132.91	129.2
773.41	253.0	1516.86
300.11	357.4	228.5
313.38	282.4	365.0
241.35	92.96	365.0
127.89	98.0	187.67
143.88	147.8	137.33
1092.5	222.4	2542.67
154.11	130.17	191.71
172.29	155.15	218.0
185.0	122.0	248.0
383.27	257.3	509.23
10172.54	18385.43	590.83
255.54	240.63	263.0
437.04	440.42	423.5
215.12	203.92	245.0
181.2	143.0	219.4
354.78	304.95	516.75
147.17	145.67	148.67
273.86	227.6	293.69
317.91	267.71	405.75
191.14	158.25	235.0
263.41	131.33	395.49
291.36	292.86	288.75
122.52	96.5	148.54
137.41	150.84	126.66
96.84	111.2	72.9
859.5	861.38	857.62
381.6	343.0	471.67
146.22	170.2	116.25
571.71	1174.33	119.75
225.82	310.8	119.6
86.27	95.63	76.9
149.16	160.91	111.0
1753.71	367.5	3602.0
709.94	851.12	145.25
276.48	230.28	373.5
152.67	154.67	150.67
242.78	245.75	240.4
140.04	144.56	137.16
337.14	350.0	314.0
1601.83	151.67	3052.0
260.48	337.71	167.8
962.29	1156.25	703.67
334.64	423.33	228.2
178.66	176.37	186.0
144.45	152.32	131.33
203.44	235.6	163.25
476.5	566.14	267.33
552.67	780.86	286.45
83.72	79.14	89.45
279.88	217.8	341.95
423.12	735.67	235.6
224.11	190.0	292.33
165.79	187.21	135.8
498.35	797.61	232.33
154.38	169.8	128.67
134.78	185.0	84.57
278.36	322.0	220.17
216.38	193.4	254.67
55.61	54.19	58.45
399.18	168.33	676.2
919.18	948.5	841.0
86.95	91.31	66.25
129.62	136.64	120.58
9742.36	8844.97	10440.33
158.19	151.91	172.0
252.9	256.63	243.2
109.14	108.33	109.75
238.22	132.7	343.75
292.51	262.65	402.0
119.28	179.67	58.9
2295.32	656.89	6118.33
1069.25	820.85	1362.82
631.42	653.57	600.4
107.22	90.19	124.25
72.55	65.17	76.98
351.84	389.43	246.6
225.24	116.66	364.86
313.11	276.3	392.0
387.0	252.67	521.33
96.71	98.67	95.25
110.03	99.61	158.67
186.21	176.13	200.32
312.75	531.67	181.4
413.68	157.11	1012.33
378.17	493.9	161.18
68.55	82.83	48.56
38.76	32.83	49.15
330.35	356.6	286.6
34.74	45.2	25.59
561.83	238.67	885.0
163.06	156.37	180.33
46.68	53.56	34.65
214.15	103.63	324.67
665.67	502.53	1285.6
242.4	247.0	236.42
141.84	148.26	129.0
146.78	123.78	169.78
333.12	313.5	352.75
249.6	201.5	281.67
174.07	167.7	190.0
347.37	334.36	353.87
258.38	225.75	291.0
143.78	182.0	80.07
139.97	77.93	186.5
2795.02	1626.25	3963.79
307.71	420.5	157.33
122.91	156.72	111.64
240.57	145.08	367.89
203.0	208.0	198.0
335.22	412.07	230.44
127.0	94.75	170.0
349.67	419.67	279.67
305.97	419.95	163.5
22922.39	2248.8	43595.98
151.79	93.39	210.19
121.19	123.97	118.0
479.62	1046.91	125.06
331.56	247.48	553.23
104.15	140.67	67.63
99.9	73.69	145.78
293.64	171.0	508.25
84.21	74.32	104.0
247.2	215.89	362.0
784.17	671.69	917.09
354.78	108.75	551.6
260.57	85.25	494.33
165.68	200.72	107.27
358.5	466.0	208.0
108.09	144.75	71.42
281.99	635.67	105.15
600.29	397.0	871.33
248.47	294.09	164.83
163.71	165.33	162.5
247.0	252.5	238.2
278.12	330.42	225.83
1059.16	217.41	2742.67
121.97	43.33	200.6
246.33	322.33	170.33
433.84	751.08	243.49
112.4	121.08	86.33
318.17	231.0	405.33
208.26	122.58	279.67
200.47	242.0	158.93
2288.43	520.25	4646.0
267.23	341.25	148.8
1662.0	2726.0	598.0
159.13	164.98	76.0
287.17	342.33	232.0
321.33	384.33	195.33
67.36	39.12	105.0
123.66	148.4	105.99
100.23	77.81	128.25
136.2	168.5	93.13
149.24	135.07	177.58
116.62	103.4	138.67
204.29	183.44	266.82
154.97	127.5	209.92
162.51	14.22	310.8
434.33	104.67	764.0
147.51	112.2	204.0
894.79	1216.94	143.08
154.0	130.67	177.33
140.88	132.4	155.0
486.09	458.2	509.33
218.88	269.07	174.59
168.72	200.3	89.76
168.77	201.8	127.47
191.47	175.5	207.45
151.5	203.67	99.33
292.98	319.0	251.36
5563.6	13399.5	339.67
117.42	92.57	187.0
134.33	149.14	82.52
247.17	295.33	199.0
208.0	199.0	235.0
506.32	290.41	965.12
63.54	67.33	60.7
80.2	150.02	10.38
24.8	34.64	16.61
41.0	50.03	22.94
536.75	746.0	432.12
172.16	171.72	173.0
143.42	114.43	186.9
488.5	437.22	580.8
84.82	89.63	80.0
109.56	129.83	93.34
21.09	21.12	21.07
126.66	115.66	145.0
142.33	230.33	120.33
284.85	237.14	340.5
205.33	236.6	166.25
86.86	61.0	99.8
4828.08	7428.0	1188.2
436.32	441.33	434.64
219.43	254.67	193.0
408.85	450.2	271.0
72.81	67.83	80.78
201.3	284.29	128.69
555.44	640.45	470.43
201.38	272.22	148.25
311.0	208.6	481.67
200.71	275.0	180.45
87.4	62.84	118.97
196.24	135.27	226.73
281.62	183.31	707.67
18514.6	11464.33	21536.14
176.78	241.0	125.4
3200.4	7143.67	242.95
15963.86	16859.33	15292.25
164.62	117.33	225.41
179.45	85.91	273.0
602.85	713.62	425.6
318.57	240.0	377.5
184.47	126.6	242.33
182.67	167.33	198.0
229.17	327.0	131.33
356.5	333.22	398.4
251.29	128.47	333.17
126.33	150.33	102.33
160.25	208.33	131.4
586.75	405.4	889.0
337.41	333.83	340.1
270.67	243.67	297.67
225.86	198.0	253.71
182.5	131.0	234.0
755.67	669.83	927.33
184.81	88.62	264.97
194.1	230.2	158.0
192.3	195.83	187.0
363.74	514.6	112.3
314.58	254.22	415.18
75.57	44.82	114.0
51.47	58.07	42.11
388.67	518.33	259.0
106.33	103.47	114.93
265.52	238.07	325.0
530.2	357.0	604.43
195.83	225.83	165.83
454.33	779.33	129.33
336.02	259.04	441.88
918.71	983.16	737.09
142.32	162.38	115.58
85.27	81.6	88.94
127.63	103.33	151.93
243.23	211.53	285.5
23.94	15.12	38.63
199.63	285.48	123.32
650.19	610.27	680.12
243.49	237.45	261.6
2954.07	3552.38	2156.33
82.88	93.07	59.95
132.73	163.8	80.96
148.98	209.0	88.97
243.38	204.6	308.0
205.81	65.63	265.89
244.74	81.2	375.58
36.97	42.92	26.26
1386.99	2091.2	506.73
156.69	160.75	151.27
320.73	363.2	285.33
202.49	148.86	244.21
972.0	368.67	1575.33
206.67	205.4	208.25
332.67	350.67	314.67
348.83	268.67	429.0
3703.18	7372.5	33.85
129.83	189.0	70.67
207.5	199.78	232.86
182.83	196.33	169.33
9961.4	8696.95	11647.33
166.31	164.68	173.25
221.0	167.33	247.83
302.7	164.72	578.67
149.44	151.67	148.33
83.0	73.5	97.25
79.11	56.64	119.56
297.6	475.2	120.0
331.5	314.67	348.33
159.17	160.67	156.17
1777.39	2523.58	285.0
112.66	119.2	104.5
103.37	88.0	112.59
708.62	1402.0	292.6
269.54	138.71	422.17
291.1	317.98	237.33
271.33	234.33	308.33
459.02	647.92	261.12
148.34	155.33	144.14
131.54	91.5	149.33
149.5	138.67	160.33
232.66	193.02	285.52
130.06	202.88	57.24
191.67	157.81	231.17
321.4	335.67	315.29
113.79	111.48	117.11
824.09	1216.19	432.0
254.57	309.0	182.0
47.26	30.6	63.93
193.0	269.0	155.0
192.56	235.8	156.52
231.33	220.29	246.78
244.69	253.33	236.05
173.8	135.0	212.6
241.33	190.0	305.5
89.84	104.95	79.77
337.33	320.4	358.5
164.33	171.11	144.0
791.17	1391.33	191.0
7559.25	13358.5	1760.0
223.49	120.18	395.67
123.2	155.36	83.0
140.92	169.12	84.5
380.33	389.59	357.86
533.38	703.89	149.75
1336.75	1682.4	760.67
96.51	55.2	127.5
173.83	227.12	156.07
555.09	629.57	424.75
226.5	272.38	172.27
257.82	319.17	224.36
46.0	53.83	35.56
266.22	215.0	368.67
108.17	72.67	143.67
127.03	114.6	164.33
237.13	87.97	436.0
141.85	114.76	187.0
54.09	79.9	28.27
392.1	242.98	578.5
392.98	392.0	393.95
545.19	487.43	679.97
387.43	328.0	466.67
351.45	279.67	437.6
71.49	55.74	99.84
1216.0	1754.4	318.67
460.23	688.0	4.68
41.14	38.77	50.6
191.75	161.0	284.0
342.08	348.33	328.0
312.67	303.0	332.0
141.37	195.3	76.66
283.69	221.78	345.6
416.51	294.76	562.6
188.52	226.0	113.57
407.71	514.67	327.5
485.5	258.4	588.73
123.88	181.67	66.1
539.92	711.6	417.29
123.84	176.62	18.3
78.88	71.0	84.13
119.69	93.45	154.67
824.56	1613.08	148.69
209.0	193.33	232.5
264.16	175.73	385.75
434.48	291.0	506.22
73.25	13.93	108.84
182.8	272.8	156.33
204.06	215.45	181.29
290.88	273.67	301.2
344.72	314.85	422.4
2819.5	4288.0	1351.0
389.99	553.12	128.98
67.77	92.0	59.69
727.92	583.19	780.55
153.88	128.25	179.5
1508.46	1985.08	237.46
195.67	240.67	150.67
343.0	152.75	495.2
1669.49	1646.0	1687.1
435.71	472.75	386.33
364.65	305.89	408.72
217.94	189.53	274.75
259.71	306.0	198.0
122.27	147.47	88.67
89.95	40.94	138.96
240.54	342.74	123.74
176.0	193.25	158.75
41324.43	62232.07	16932.18
238.31	270.35	122.93
237.94	245.76	215.44
1694.37	2557.56	399.58
752.86	445.5	1162.67
169.28	191.24	125.36
36.49	22.97	63.53
172.88	185.87	107.93
137.08	158.0	125.13
708.28	762.19	425.25
250.71	253.89	242.75
151.57	185.0	107.0
1365.41	53.57	2021.33
344.5	366.2	308.33
207.76	212.92	191.0
157.12	196.6	91.33
802.91	989.64	382.75
155.1	132.0	178.2
273.62	55.6	491.63
139.0	153.0	115.67
153.23	185.0	125.99
93.84	94.92	92.75
156.61	111.49	192.7
123.97	168.95	64.0
284.62	309.54	257.2
802.72	1000.8	258.0
173.23	179.24	154.83
222.6	268.25	192.17
29.06	33.89	22.62
157.54	147.8	190.0
173.68	176.75	170.61
87.79	50.5	115.75
397.57	397.33	397.75
23.3	24.98	21.96
398.33	407.0	392.14
281.33	225.6	351.0
240.17	291.07	206.24
266.43	195.6	320.92
944.0	1143.6	611.33
42.32	58.06	16.1
208.85	193.55	237.29
94.02	136.99	25.26
235.77	361.43	89.17
240.69	348.5	96.93
405.0	481.0	303.67
90.33	124.6	38.92
228.5	285.25	171.75
155.6	163.86	136.33
231.0	298.4	146.75
156.0	178.17	111.67
276.36	297.62	219.67
519.95	104.36	779.69
321.79	317.09	328.25
80.56	95.7	68.45
76.3	70.48	87.93
921.31	1629.83	496.2
264.5	246.33	282.67
19.65	24.7	14.6
333.85	395.62	235.0
618.13	574.67	661.6
239.22	253.27	197.08
174.03	211.18	114.58
1504.67	233.0	2776.33
143.07	155.17	130.97
78.91	88.14	62.75
421.0	523.0	285.0
687.33	32.0	1506.5
204.28	70.3	338.25
250.99	209.56	347.67
271.97	239.0	326.93
176.56	187.33	155.0
395.67	382.0	409.33
1267.68	53.63	3088.75
1386.66	221.85	4415.18
61.28	90.32	12.87
232.33	183.67	281.0
204.06	176.18	227.95
373.12	379.25	367.0
97.25	96.4	98.68
130.44	79.3	215.67
233.78	335.0	145.21
241.38	298.0	147.0
1482.29	3286.0	129.5
113.12	124.71	86.07
212.0	219.5	197.0
1358.14	1732.5	859.0
264.7	307.57	164.67
140.44	140.67	140.33
135.46	126.15	141.66
286.91	323.75	188.67
829.78	391.67	1706.0
334.46	136.83	503.86
293.86	275.45	361.33
1549.97	3065.0	34.93
253.26	210.92	295.6
283.67	254.67	341.67
210.23	191.0	218.78
110.0	101.67	116.25
56.62	69.0	51.98
424.0	253.36	901.8
161.33	107.84	300.4
1055.41	113.27	1459.19
219.05	262.0	143.88
95.52	100.07	87.33
116.17	92.2	164.1
882.14	1127.33	698.25
142.99	163.72	115.33
343.81	341.44	358.0
1116.4	711.2	1521.6
185.12	144.0	226.25
409.36	286.65	619.71
1760.43	2249.33	1393.75
5920.8	120.76	9980.82
225.82	260.36	162.5
229.67	211.0	248.33
4727.12	1909.67	6417.6
428.78	273.8	622.5
295.81	548.8	42.83
85.03	111.13	24.12
34.79	29.99	39.59
558.0	597.2	492.67
268.17	431.6	151.43
141.69	184.2	109.81
47.65	70.75	16.85
150.17	160.5	129.5
131.87	114.6	149.13
249.0	198.0	287.25
233.57	258.75	200.0
182.4	188.2	170.8
37.83	31.73	68.32
322.85	386.67	268.14
89.98	91.6	87.95
298.31	320.52	290.23
378.28	425.21	214.0
160.6	151.57	181.67
1524.44	1872.0	1263.78
432.12	546.6	241.33
199.93	170.72	280.25
204.25	142.25	266.25
366.22	401.5	295.67
136.2	141.8	125.0
210.0	197.67	222.33
267.35	204.56	372.0
204.42	224.0	145.67
65.83	60.0	71.67
191.98	203.91	150.25
285.41	58.63	455.5
92.79	92.53	93.12
295.78	247.5	315.09
125.7	158.5	81.97
269.74	15.4	439.3
22423.18	29098.81	171.1
891.0	1207.5	469.0
4.93	5.97	3.89
169.14	229.6	118.75
210.27	203.38	218.14
202.5	184.4	220.6
377.91	271.17	858.23
247.79	88.98	684.5
67.69	76.83	60.83
321.14	308.25	338.33
195.36	309.25	81.47
174.2	140.4	208.0
132.91	107.88	208.0
252.78	226.0	274.2
102.63	46.6	158.67
165.18	133.0	192.0
676.75	977.0	496.6
1686.88	2064.0	1390.57
197.74	181.18	225.9
32.81	50.56	9.13
175.78	203.18	75.31
103.62	73.57	133.67
213.43	190.0	231.0
65.11	75.8	51.75
83.86	57.33	103.75
145.43	223.25	83.18
576.09	878.56	198.0
220.89	264.5	162.73
232.23	220.0	246.5
142.86	170.54	78.27
186.56	185.7	188.0
95.12	83.93	106.3
165.35	152.1	177.28
160.76	128.97	224.33
332.54	454.26	241.25
249.7	217.33	263.57
87.99	119.5	56.47
122.83	188.95	56.72
307.57	341.75	262.0
12.98	17.52	2.37
125.71	102.7	158.57
245.86	284.33	130.43
442.73	247.17	833.87
141.09	148.67	137.3
55.2	9.4	101.0
101.59	100.95	102.1
142.83	87.08	328.67
348.65	73.09	1175.33
161.0	222.0	79.67
110.56	136.5	73.51
329.27	344.03	245.67
152.44	170.74	103.63
304.58	318.33	290.83
212.22	282.25	156.2
396.92	483.11	138.33
377.38	629.0	125.75
75.8	69.62	105.17
82.13	97.67	66.6
127.98	166.33	89.63
145.43	115.71	181.09
263.32	361.67	164.98
286.83	365.07	104.27
488.1	739.0	111.75
46.77	30.6	62.93
63.56	65.79	49.65
955.0	491.5	1573.0
181.65	241.12	62.7
193.6	185.4	202.54
579.97	258.0	821.45
153.27	144.9	170.0
220.67	406.0	174.34
73.11	95.2	43.66
1470.58	79.2	2464.43
83.96	86.55	77.69
81.97	75.27	88.67
176.64	240.17	49.6
158.07	125.67	173.03
176.03	175.3	178.8
253.0	291.5	214.5
161.25	155.69	185.33
126.99	140.14	115.6
120.33	134.67	106.0
470.14	328.5	659.0
372.17	408.14	321.8
130.88	128.33	132.4
83.45	71.26	110.88
185.67	233.0	138.33
228.48	251.67	205.3
868.97	814.84	995.27
398.61	448.2	379.54
224.39	235.86	211.5
194.06	155.0	207.08
269.68	183.11	442.81
367.5	382.0	353.0
510.45	509.09	512.11
350.57	356.25	343.0
138.67	138.0	139.16
747.08	1087.15	339.0
1143.1	1444.86	439.0
490.67	536.0	400.0
726.91	942.89	338.16
125.32	116.67	133.97
508.36	539.86	453.25
555.37	693.2	245.25
208.59	229.06	170.57
634.25	602.09	705.0
72.04	61.1	88.45
43.94	37.45	56.93
727.7	854.92	564.14
170.6	193.25	155.5
170.29	201.5	128.67
132.33	140.67	124.0
578.92	581.67	572.75
258.15	221.25	274.56
31.62	39.67	23.57
772.83	1556.0	185.45
159.34	158.8	160.25
132.12	109.8	169.33
50.79	59.16	44.77
210.16	326.2	16.77
913.0	705.75	1189.33
104.85	93.22	121.66
51.96	45.27	58.66
146.3	128.27	164.33
249.67	293.0	195.5
177.39	107.67	270.33
131.27	144.0	114.3
116.95	136.66	70.95
234.6	315.0	186.36
210.29	182.75	247.0
93.47	85.7	101.25
333.86	322.5	349.0
233.6	164.14	395.67
160.26	163.95	157.22
215.17	138.33	292.0
1170.79	1928.62	160.33
96.03	104.74	82.1
211.7	222.86	185.67
268.54	62.08	578.24
104.5	119.33	89.67
291.33	188.33	394.33
216.91	191.83	246.17
264.45	321.16	183.43
196.0	148.0	224.8
468.5	463.67	473.33
367.75	404.65	158.67
102.94	103.19	102.52
1033.98	1343.65	858.5
252.62	284.83	233.3
100.97	102.33	96.22
545.58	483.33	732.33
73.76	44.71	110.08
366.88	304.0	404.6
158.63	214.88	83.63
313.58	343.5	253.75
164.75	169.5	152.08
83.6	97.25	69.95
168.99	99.47	261.67
68.23	43.65	101.0
149.6	125.75	155.96
112.83	165.25	42.93
122.94	115.5	135.33
337.5	548.67	210.8
229.7	215.29	263.33
163.61	150.09	190.63
788.5	955.0	677.5
176.6	154.33	210.0
305.67	262.0	349.33
279.5	423.49	203.26
215.43	185.0	238.25
655.07	677.75	624.83
156.41	189.33	131.72
65.07	62.72	76.83
3307.22	1909.83	6102.0
135.48	181.11	71.6
56.8	37.61	104.78
63.61	76.92	29.0
255.83	315.33	211.2
229.9	234.02	221.67
100.5	145.0	70.83
375.38	293.49	506.4
144.05	114.3	193.63
168.66	162.05	197.33
843.01	719.27	1008.0
151.35	143.05	174.17
205.69	217.0	187.6
520.75	452.67	561.6
112.75	61.8	155.22
811.03	1871.0	182.9
250.37	223.99	272.69
178.11	222.0	143.0
272.71	294.6	263.58
77.49	79.51	73.2
266.9	119.78	389.5
143.0	156.6	120.33
601.11	682.5	438.33
256.55	222.8	303.8
282.46	244.64	317.76
151.0	175.0	136.6
236.77	154.0	402.3
576.81	903.17	141.67
120.11	128.25	113.59
574.67	630.2	505.25
101.6	96.04	122.0
444.18	517.27	310.17
231.58	291.86	147.2
130.1	182.47	77.73
187.57	220.0	163.25
7126.25	10400.6	1669.0
177.94	166.87	186.25
163.7	169.54	156.4
1927.0	2521.33	1481.25
99.87	116.99	82.75
1542.86	740.75	2612.33
323.11	322.48	323.65
131.14	149.0	107.33
205.59	117.46	258.47
434.88	325.5	544.25
59.57	88.78	5.33
102.24	205.97	40.0
217.35	231.88	178.63
431.75	488.5	375.0
4696.8	2395.57	10066.33
28.42	25.93	33.9
223.85	252.78	166.0
294.0	281.33	309.2
174.54	169.36	182.69
152.72	153.36	151.67
417.38	398.4	449.0
247.56	244.17	254.33
206.71	152.0	247.75
80.66	71.72	105.25
180.04	201.44	128.67
69.77	47.24	83.63
90.09	105.0	81.57
210.5	315.67	105.33
107.7	145.2	70.2
110.25	128.09	71.0
89.69	48.72	110.18
175.33	262.0	88.67
236.35	211.81	242.01
115.44	105.0	120.66
90.59	93.28	88.57
35.67	40.01	25.91
120.7	132.25	105.3
393.91	194.2	536.56
238.67	125.67	295.17
425.6	501.0	312.5
126.33	83.8	200.75
148.94	164.03	103.67
72.36	92.87	60.06
219.75	216.0	222.0
43.8	60.12	32.92
377.5	584.67	170.33
141.3	131.72	146.69
83.83	97.9	69.75
85.93	80.08	93.25
274.14	228.33	308.5
187.29	88.65	266.2
188.12	216.8	140.33
210.07	158.93	235.63
132.78	94.6	180.5
131.61	202.17	96.33
197.29	200.84	191.71
602.12	705.67	540.0
143.42	130.6	149.83
316.74	408.5	194.38
199.89	164.67	226.3
47.71	55.53	38.33
62.73	70.01	46.17
219.14	269.88	117.67
328.56	387.5	281.4
133.92	115.5	152.33
132.53	182.0	107.79
295.65	235.34	416.27
156.6	126.75	176.5
64.91	98.96	30.87
226.33	113.33	264.0
206.9	185.71	256.33
216.38	215.0	217.2
220.57	154.5	308.67
279.77	357.0	125.3
176.27	278.5	125.15
128.43	86.86	170.0
102.98	112.83	98.06
193.76	119.61	310.29
99.98	69.56	138.0
255.73	272.83	243.76
261.29	412.98	109.6
111.5	86.4	153.33
347.74	403.97	122.83
265.06	360.32	204.45
520.01	759.15	41.74
345.5	320.5	370.5
254.4	232.14	306.33
77.42	21.63	189.0
70.37	71.22	68.38
173.64	127.54	239.5
243.0	309.75	154.0
1517.13	126.27	2908.0
197.74	525.73	57.17
356.69	459.62	168.0
991.83	1000.67	983.0
116.97	117.19	115.66
1334.12	1925.4	348.67
128.74	170.75	72.73
269.86	398.0	99.0
275.53	252.03	314.14
356.89	172.33	449.17
130.24	187.0	50.78
303.51	309.96	295.44
251.67	287.83	167.3
251.11	254.4	244.53
45.93	52.53	39.33
210.07	167.88	258.29
124.15	150.23	54.63
315.9	271.44	382.6
776.67	88.77	1980.5
197.51	227.94	55.53
1293.64	1108.93	1386.0
319.22	224.2	438.0
89.27	109.0	74.47
262.12	268.0	256.25
175.25	164.71	200.86
334.83	274.33	395.33
90.47	102.2	78.75
117.3	121.0	113.6
197.56	227.44	107.9
112.39	143.43	76.92
78.89	80.32	72.7
1866.08	837.59	4363.86
159.97	192.01	88.78
329.62	198.75	460.49
54.12	37.0	71.25
198.96	214.06	177.57
174.83	228.33	121.33
102.73	108.26	90.97
963.49	1131.84	626.81
1280.97	1765.34	381.43
320.89	359.2	273.0
111.61	110.62	113.23
826.0	783.5	868.5
1354.14	1490.25	1172.67
169.85	207.36	107.33
159.04	99.32	183.63
226.79	151.18	340.2
150.97	102.27	187.5
5842.29	6100.0	5649.0
117.88	96.95	159.72
520.92	621.67	420.17
223.51	260.5	198.85
218.85	221.9	216.64
132.18	220.0	73.63
87.57	66.75	115.33
110.27	39.67	180.87
397.86	412.67	386.75
65.75	61.8	71.96
228.0	214.0	260.67
244.45	187.35	335.8
83.99	82.02	86.51
166.26	221.2	93.0
305.23	254.81	362.86
5630.17	6305.33	4955.0
588.88	202.42	1748.25
171.64	171.75	171.33
283.99	212.78	373.0
186.17	238.33	134.0
340.68	130.88	424.6
278.56	159.5	437.3
230.17	142.75	317.59
116.2	105.18	143.75
1112.15	599.89	1795.17
21019.55	31495.67	67.33
351.32	348.0	354.63
59.43	64.98	52.76
250.8	378.8	37.47
399.11	227.27	528.0
242.0	112.33	371.67
180.7	182.4	179.26
192.46	131.75	273.4
312.65	368.43	215.03
396.29	469.0	299.33
291.57	319.0	255.0
146.43	128.75	170.0
643.67	270.33	1017.0
266.27	207.0	345.3
225.7	247.86	174.0
319.14	459.5	132.0
120.47	28.23	166.59
176.27	175.62	178.0
172.35	169.21	179.67
234.28	230.11	244.0
143.26	165.67	126.45
282.45	321.63	141.4
230.81	215.77	255.25
172.5	206.33	138.67
110.99	98.98	144.0
198.82	212.11	158.93
222.86	246.33	205.25
472.57	291.0	714.67
235.86	140.0	363.67
1135.97	1189.38	1061.2
192.0	186.62	206.33
95.2	95.63	92.67
547.86	798.67	479.45
132.14	137.5	125.0
107.08	106.66	110.17
66.42	36.02	150.0
139.13	154.78	115.67
959.71	1226.44	159.5
179.19	126.45	284.67
131.13	111.47	157.33
302.12	366.0	195.67
75.47	48.93	102.0
455.44	508.83	348.67
262.25	54.33	387.0
237.8	260.0	223.0
241.43	301.67	196.25
51.49	60.39	42.6
137.33	145.4	127.25
174.32	107.97	240.67
224.22	192.75	249.4
236.83	115.67	358.0
199.22	210.67	142.0
283.71	367.5	172.0
258.96	308.45	159.97
393.0	518.2	267.8
67.27	106.25	36.08
161.14	224.67	113.5
249.0	297.2	208.83
167.88	89.5	272.4
48.9	33.35	74.82
286.44	297.5	268.0
346.38	335.11	371.75
175.97	128.4	255.27
673.0	880.78	205.5
98.11	120.08	80.54
333.12	515.75	150.5
369.38	595.0	234.0
215.95	191.93	276.0
347.14	272.67	403.0
95.43	73.73	111.7
17039.98	21908.2	7912.06
361.99	101.23	883.5
81.31	29.69	122.6
255.36	158.22	352.5
282.89	142.75	395.0
199.13	143.6	254.67
185.06	427.67	39.5
253.43	264.25	239.0
264.05	278.82	247.8
116.67	66.99	298.83
180.71	217.75	131.33
263.04	364.25	128.08
158.78	108.33	184.0
117.62	106.43	123.72
77.4	68.12	89.0
101.66	86.52	131.93
56.36	94.97	4.88
159.29	132.55	170.18
205.0	197.0	218.33
254.22	145.4	390.25
176.56	74.5	278.62
131.08	146.21	93.25
282.8	257.75	299.5
160.45	147.4	171.33
72.88	23.98	134.0
420.71	393.67	441.0
303.67	282.33	325.0
177.77	173.62	193.0
88.03	77.63	101.89
290.69	346.7	104.0
93.0	69.8	131.67
986.67	1047.91	851.94
120.02	114.75	130.03
1571.85	1360.0	1819.01
563.07	193.58	827.0
272.69	591.33	33.7
262.76	213.16	316.16
232.44	246.0	221.6
234.17	255.0	213.33
2643.92	196.65	5091.18
526.86	256.33	729.75
199.67	287.33	112.0
94.83	78.53	149.17
589.68	574.31	607.6
381.53	335.41	566.0
1098.21	204.6	2885.44
267.55	284.8	253.17
385.27	297.33	418.25
422.0	334.67	509.33
609.33	1123.5	198.0
715.43	835.67	625.25
96.75	111.0	73.0
249.5	294.8	174.0
213.71	124.33	280.75
337.0	373.67	300.33
156.14	174.5	131.67
202.35	214.43	193.9
236.12	183.75	288.5
759.88	867.0	581.33
23.35	33.6	6.27
101.99	99.49	108.67
211.52	185.38	248.12
365.56	594.4	79.5
177.27	151.22	212.0
135.92	138.62	130.5
43.18	41.96	47.51
1162.14	155.33	1917.25
131.95	116.62	160.07
2220.15	2324.67	2115.63
111.83	182.0	41.67
113.33	140.43	65.9
234.4	279.0	174.93
225.07	203.57	300.32
68.82	31.67	105.97
308.77	281.85	344.67
238.5	309.0	168.0
433.38	458.25	408.5
284.57	339.57	261.92
295.07	260.45	392.0
118.08	74.67	161.49
223.06	207.78	241.4
243.71	266.92	188.0
233.27	259.5	201.8
376.81	453.29	340.32
21194.38	24631.5	15465.83
548.67	402.33	695.0
500.51	86.88	665.96
143.42	168.26	68.93
568.21	562.7	576.87
247.67	326.6	191.29
532.0	565.25	487.67
133.18	126.14	145.5
425.75	321.75	529.75
135.14	120.88	152.97
190.99	203.41	161.2
325.56	175.29	475.83
274.5	56.0	638.67
160.31	197.77	104.12
277.86	431.0	73.67
364.12	460.2	204.0
588.38	614.6	544.67
24725.16	1279.08	48171.25
306.71	438.5	131.0
858.0	1326.67	576.8
288.67	307.57	267.88
130.71	151.25	103.33
1813.06	3146.35	35.33
1002.51	1537.0	468.02
170.59	141.11	190.25
210.68	230.43	200.8
124.61	128.22	121.0
18.4	17.12	20.96
295.27	301.83	287.4
649.85	557.2	804.27
36.3	34.93	37.68
101.86	83.5	126.33
51.76	65.19	46.0
251.15	300.3	202.0
134.66	101.33	167.99
466.14	434.76	572.8
354.29	442.43	266.14
216.89	128.75	334.42
278.64	232.4	304.33
206.71	203.89	214.76
2102.25	4462.0	686.4
239.38	239.0	240.0
496.45	476.6	513.0
722.33	496.67	948.0
134.54	101.0	168.08
546.93	527.67	581.6
75.89	46.12	125.5
471.73	555.43	11.42
21.26	24.43	18.88
94.4	72.64	137.92
206.77	166.98	256.5
229.1	250.84	153.0
106.24	17.1	225.1
183.92	178.43	191.6
305.36	281.25	369.67
39.35	39.7	38.4
161.5	209.5	113.5
381.17	390.0	372.33
62.73	21.17	93.9
608.78	538.71	819.0
112.25	142.21	72.3
188.77	121.15	324.0
193.5	220.0	149.33
131.33	146.83	100.33
450.74	662.0	98.63
251.14	183.25	341.67
194.42	171.99	234.8
373.21	335.4	383.42
115.69	125.5	99.33
239.19	137.1	409.33
317.35	314.2	323.25
53.85	25.6	70.8
140.74	111.8	153.14
364.0	733.4	86.95
189.93	367.2	48.12
156.53	156.5	156.56
436.17	550.33	322.0
525.85	632.8	169.33
180.8	215.37	111.67
595.18	569.17	626.4
163.65	145.0	182.29
49.18	19.88	98.0
202.15	416.5	106.89
148.23	145.55	152.06
3638.0	2168.5	4813.6
172.72	175.33	171.41
152.2	153.4	149.0
375.1	366.4	385.98
120.91	210.67	53.6
352.89	157.1	875.0
68.83	67.32	72.22
574.07	665.91	237.33
292.58	272.0	302.88
279.12	224.8	369.67
85.63	66.15	111.6
148.29	106.2	204.42
185.87	179.98	215.33
415.64	473.71	314.0
72.99	130.0	53.99
165.16	261.25	69.06
295.74	513.62	77.85
310.0	280.85	361.0
90.56	101.83	68.0
314.38	313.0	316.6
238.33	234.33	242.33
423.7	596.0	165.25
317.92	350.75	252.25
129.4	205.33	72.45
80.46	82.96	77.96
125.5	67.06	257.0
207.33	154.67	260.0
199.13	149.4	267.5
504.25	219.9	662.22
223.57	206.59	263.88
165.3	156.14	186.67
95.96	103.45	85.97
65.64	70.8	55.33
214.5	288.5	115.83
220.68	214.58	228.0
244.32	230.11	256.75
5526.75	4624.5	6429.0
61.38	57.56	69.0
295.17	315.33	275.0
90.43	85.67	95.2
406.83	430.87	286.67
810.09	206.0	1293.36
80.88	66.0	95.76
983.98	2009.16	414.43
52.87	58.33	50.13
112.06	102.8	125.95
263.38	309.33	235.8
192.66	147.77	327.33
117.22	105.0	123.33
27.35	31.09	22.58
199.5	242.75	170.67
113.85	128.0	90.27
176.38	269.6	83.17
249.86	363.25	98.67
81.74	99.57	40.13
274.64	244.5	355.0
476.27	427.01	597.18
286.64	327.17	238.0
57.0	66.4	51.12
3312.12	7482.67	809.8
136.56	127.72	148.33
153.62	129.0	178.25
142.62	115.87	156.0
309.24	265.62	352.86
234.29	107.75	403.0
598.38	761.0	327.33
91.07	90.95	91.19
104.5	120.75	88.25
52.46	39.45	78.49
256.14	334.67	197.25
155.94	176.9	126.0
138.3	135.57	144.67
53.73	83.26	12.4
301.83	232.15	487.66
434.88	381.67	466.8
146.99	119.86	219.33
519.36	565.98	441.67
158.89	161.08	154.17
6959.11	8737.33	3402.67
137.19	126.41	166.85
1067.64	588.75	1706.17
58.62	58.63	58.6
235.0	237.43	223.67
363.41	290.51	418.08
160.55	240.55	13.88
127.5	122.2	136.33
144.75	178.31	69.25
102.83	162.36	79.02
271.37	253.72	406.67
54.52	48.9	61.76
161.42	206.62	40.87
118.6	72.32	176.45
112.63	79.65	152.2
422.75	383.9	694.67
27.06	21.23	30.56
92.13	102.97	77.67
240.21	164.17	392.3
136.83	111.67	162.0
170.0	160.33	174.14
96.27	131.27	78.77
318.13	165.34	375.43
84.35	97.67	60.38
33.75	23.8	56.97
162.2	170.4	148.53
104.67	128.95	72.29
218.93	219.38	215.6
124.34	94.55	148.18
160.58	170.67	150.5
187.52	210.2	149.72
340.12	309.67	358.4
61.11	65.09	53.13
344.61	170.78	634.33
5.6	4.48	7.0
319.78	325.33	308.67
83.74	67.26	153.8
126.54	114.45	142.67
650.0	309.0	991.0
142.54	125.32	177.0
497.67	766.33	229.0
294.28	455.14	69.08
406.56	396.33	427.0
8651.17	6453.0	10849.33
213.83	87.96	528.5
255.82	306.2	213.83
201.84	211.2	194.36
167.83	98.33	237.33
90.13	108.47	65.66
151.62	172.25	96.6
8132.0	8279.22	7690.33
69.67	90.33	49.0
364.8	366.0	362.0
2699.53	3261.67	1735.86
159.66	186.98	98.2
141.88	274.32	47.29
1720.55	1944.68	1197.58
134.57	150.75	113.0
223.36	230.6	217.33
259.33	244.33	274.33
342.12	511.67	240.4
266.69	339.88	149.6
251.86	273.73	203.76
162.4	172.57	138.67
293.72	292.85	297.5
258.25	258.86	252.33
314.0	379.75	248.25
96.3	186.33	56.29
230.82	267.5	133.0
91.6	105.95	74.38
91.24	89.22	93.93
241.95	165.43	548.0
109.19	126.2	80.83
240.66	267.83	223.36
79.88	32.19	115.65
157.0	162.87	145.25
203.74	192.97	225.3
113.42	123.65	82.75
342.46	370.43	309.83
283.5	316.75	250.25
112.83	122.0	103.67
157.83	172.38	144.73
242.39	251.82	228.25
116.76	144.33	102.98
294.45	140.75	382.29
102.64	117.17	73.6
136.67	74.67	198.67
215.17	206.58	221.62
165.27	176.14	146.25
144.5	158.0	122.0
299.67	252.29	366.0
92.1	64.63	112.7
119.29	97.33	172.0
790.71	569.0	1086.33
335.0	336.0	334.0
167.25	156.4	185.33
103.32	113.19	78.63
77.76	76.57	81.47
992.25	1748.5	236.0
616.43	810.27	392.77
98.98	43.79	209.37
217.3	298.25	163.33
139.75	144.4	132.0
66.72	73.2	55.93
70.71	93.2	52.72
177.26	201.68	124.69
321.15	381.6	200.25
464.09	389.51	645.21
367.15	325.0	388.23
332.99	292.15	414.67
117.61	149.71	77.5
158.96	145.94	185.0
535.43	111.0	853.75
359.0	274.0	444.0
314.57	365.62	246.5
298.44	330.42	202.5
464.29	355.75	609.0
153.88	163.5	144.25
18.01	24.82	8.93
131.9	28.77	193.78
478.33	547.67	409.0
134.42	140.5	124.7
53.38	54.45	51.78
139.1	59.72	244.93
138.86	133.75	145.67
475.29	632.5	265.67
335.54	412.53	150.76
81.87	80.83	83.93
106.06	133.86	43.5
106.32	165.63	47.0
314.86	457.67	29.26
296.92	227.71	377.67
236.95	112.23	361.67
168.33	146.26	190.4
5256.81	5098.3	5521.0
283.68	265.0	316.38
1452.76	183.3	2214.44
381.09	329.5	484.27
229.16	234.22	213.97
129.46	63.5	235.0
753.89	1139.01	79.91
200.51	186.6	223.27
75.92	105.5	36.49
90.83	103.0	78.67
334.5	334.0	335.0
272.33	239.5	338.0
258.17	304.27	173.65
162.69	155.0	174.22
537.5	542.67	522.0
154.15	134.76	212.33
329.05	331.12	318.0
804.2	1120.79	65.47
232.29	187.43	277.14
481.86	454.25	518.67
202.98	265.6	174.52
256.67	301.67	211.67
161.52	232.92	103.1
1462.7	1368.83	1603.5
314.17	297.0	321.81
240.89	295.75	135.75
66.23	79.49	52.97
53.66	85.09	15.94
135.49	126.0	151.3
171.33	74.0	268.67
271.98	401.0	142.97
148.98	185.67	112.3
47.03	42.16	69.78
419.5	388.83	465.5
2283.43	1936.26	3220.78
677.27	86.56	1267.97
102.45	68.31	165.85
303.75	301.0	312.0
144.4	115.22	211.1
308.58	351.71	248.2
143.29	174.0	120.25
381.67	398.67	347.67
355.03	397.87	183.67
161.17	229.15	93.19
108.8	142.6	75.0
124.12	121.2	129.0
356.24	325.43	395.45
43.09	32.0	49.43
537.41	185.97	1064.58
117.92	106.89	154.67
168.41	224.22	94.0
402.25	469.0	291.0
75.07	79.96	66.93
363.83	452.0	240.4
53.25	44.92	61.58
287.31	245.0	300.0
118.83	149.0	88.67
359.5	416.2	265.0
1060.0	966.0	1248.0
133.43	89.0	192.67
242.54	175.27	293.0
146.35	163.15	126.2
162.0	132.15	291.33
819.32	359.44	1228.11
105.57	120.25	85.99
135.8	113.5	145.71
858.09	1186.59	146.33
122.96	174.75	28.01
100.64	66.93	134.35
100.42	64.8	171.67
909.33	685.0	1133.67
155.0	178.75	131.25
33.9	42.65	22.23
101.0	88.4	122.0
207.1	73.17	408.0
99.98	111.67	88.3
196.02	248.25	181.1
201.83	180.67	223.0
153.67	196.0	111.33
145.5	112.0	165.6
407.0	765.33	192.0
1672.0	57.0	3287.0
120.11	98.32	132.22
167.38	99.97	207.82
471.6	608.18	228.78
171.57	138.0	196.75
1532.71	94.67	2611.25
77.51	52.69	97.36
123.38	105.16	141.6
214.62	248.67	194.2
187.35	198.66	167.0
223.86	210.0	234.25
131.21	96.38	160.23
448.64	560.6	355.33
187.63	209.88	172.8
81.22	83.05	76.33
279.29	450.67	150.75
204.43	196.5	209.71
266.74	161.3	345.81
255.84	258.9	246.67
759.4	255.75	3277.67
856.73	920.71	744.75
282.0	218.67	309.14
72.49	81.97	63.0
232.56	223.0	240.2
150.13	112.7	225.0
524.5	754.67	294.33
114.27	158.33	70.2
390.41	459.17	321.66
152.15	136.96	167.33
63.91	58.6	67.9
191.75	179.4	212.33
185.97	181.6	189.25
130.71	204.33	75.5
103.42	122.75	64.75
153.0	128.75	185.33
101.33	137.49	65.17
167.23	134.31	266.0
414.1	489.94	376.19
123.14	97.0	142.75
383.67	549.33	218.0
678.78	549.67	743.33
231.5	239.2	218.67
88.14	71.81	131.67
256.88	262.2	248.0
48.81	55.23	33.82
148.0	66.5	202.33
171.33	124.33	218.33
214.56	304.98	94.0
47.99	63.56	22.03
445.67	260.67	630.67
859.89	959.8	735.0
47.46	113.0	8.14
101.09	87.38	137.67
283.29	340.0	141.5
185.88	135.67	236.1
251.14	323.5	154.67
280.33	488.33	72.33
583.0	442.67	723.33
233.98	277.0	158.7
176.3	106.0	206.43
275.75	306.56	142.2
219.45	256.29	155.0
4106.8	4690.33	3606.63
251.63	244.37	290.33
152.45	150.22	153.04
240.55	319.12	150.75
79.0	62.33	95.67
295.05	226.75	377.0
164.5	223.4	66.33
310.94	429.75	132.72
149.2	78.25	220.15
184.8	231.33	164.86
75.76	72.73	85.27
167.97	174.46	161.07
231.0	229.0	233.0
205.57	182.1	218.09
93.89	97.67	92.0
503.36	374.56	1083.0
94.98	105.32	79.47
893.46	1509.25	189.7
324.5	326.67	321.71
135.76	168.27	103.25
175.86	239.5	91.0
26.52	49.67	11.08
205.33	229.0	181.67
4260.97	4612.18	3968.29
212.62	250.0	150.33
112.73	109.34	122.08
566.5	841.0	401.8
176.65	211.3	155.86
158.26	165.7	148.33
43.5	48.13	31.16
134.6	94.96	200.67
42.91	18.37	55.18
251.12	285.2	194.33
233.5	188.56	334.62
258.33	248.87	282.0
412.65	375.34	696.2
119.42	90.4	184.72
103.46	112.42	94.14
557.92	528.8	655.0
54.17	49.72	61.21
159.3	195.33	123.27
244.69	242.21	272.0
123.19	132.43	89.33
407.55	428.5	351.67
1437.67	1693.0	1182.33
754.75	1312.26	197.24
1497.0	2870.75	123.25
223.58	223.43	224.0
124.43	105.75	139.38
345.38	305.47	453.71
146.88	149.02	139.6
84.72	95.96	66.0
76.35	92.0	57.56
205.5	189.33	221.67
79.69	90.95	64.67
239.11	196.5	324.33
188.22	101.9	274.53
33.47	41.74	8.67
244.71	265.23	206.25
1392.57	612.67	1977.5
5258.35	5227.42	5304.75
124.02	129.82	87.33
103.17	90.95	127.63
144.36	91.18	233.0
281.07	290.12	262.98
106.35	38.76	219.0
423.33	394.67	452.0
57.55	26.77	88.33
215.14	275.0	170.25
239.78	327.0	196.17
257.88	108.0	507.67
305.29	355.0	268.0
191.85	240.5	159.42
2634.59	2857.32	2300.5
192.33	188.0	201.0
143.36	143.87	141.0
279.42	494.3	136.16
101.3	51.93	150.67
221.52	404.31	12.62
246.67	255.0	238.33
147.15	223.32	94.42
249.8	435.0	64.6
283.89	368.0	115.67
239.27	287.13	133.98
283.43	301.67	269.75
224.15	299.0	136.83
80.75	68.45	87.79
89.04	105.06	57.0
94.65	30.43	158.87
125.86	174.98	43.99
289.12	278.0	295.8
126.91	113.76	148.83
101.5	126.61	41.87
115.54	81.32	184.0
173.71	162.0	182.5
190.23	199.18	179.05
177.44	173.83	184.67
160.58	140.34	201.06
427.4	335.5	488.67
449.0	560.75	359.6
500.0	522.0	456.0
94.38	99.99	73.34
738.45	1560.33	190.53
586.43	541.25	646.67
370.14	416.75	308.0
2747.39	5983.92	320.0
88.69	99.06	70.55
65.46	76.3	61.64
3767.92	5169.33	965.08
78.0	94.6	57.24
483.69	676.51	146.25
99.24	91.33	103.98
205.28	128.54	256.44
53.41	67.58	29.78
67.53	76.28	52.93
238.61	238.99	238.16
146.83	167.33	140.0
62.13	98.93	25.33
196.88	138.25	255.5
731.75	19.93	945.29
196.57	46.4	446.87
334.71	297.5	384.33
3448.66	3236.42	3680.19
315.4	343.17	273.75
123.8	110.91	147.0
11.52	7.18	14.01
177.93	146.4	256.75
1341.31	741.27	2661.4
7.78	7.26	8.47
313.31	267.44	350.0
209.29	186.0	240.33
141.48	98.63	184.33
181.14	233.75	111.0
180.89	229.4	120.25
128.19	138.9	110.33
55.87	66.5	45.23
221.85	243.45	152.74
208.45	201.71	220.25
352.52	447.65	162.25
964.5	255.22	3092.33
142.88	130.2	158.72
496.1	443.57	618.67
607.75	378.0	745.6
49.85	34.0	77.6
504.45	780.79	20.88
308.0	308.35	306.0
283.15	72.33	346.4
661.3	644.75	793.67
180.86	83.67	253.75
1685.65	2783.0	39.62
697.4	732.92	631.43
539.83	411.0	668.67
110.65	131.0	90.3
1579.49	2458.78	114.0
189.58	208.0	152.74
94.57	108.67	84.0
84.65	99.63	69.67
66.54	73.13	55.0
89.89	88.2	92.0
186.29	183.64	198.67
260.08	280.8	242.82
936.14	1098.75	719.33
67.26	20.93	136.75
32.84	28.76	39.63
157.0	214.0	99.99
1136.97	2080.0	193.93
250.67	234.62	282.75
502.43	478.25	534.67
198.09	220.93	186.67
98.4	85.57	116.36
83.98	59.7	103.4
2276.92	2320.8	2249.5
6766.12	8964.5	4567.75
109.97	138.33	88.7
188.33	271.67	105.0
234.4	219.51	272.68
545.7	798.5	377.17
350.76	323.8	377.72
398.46	326.0	514.4
132.38	112.0	152.75
2776.11	2592.73	3399.6
77.85	91.3	59.91
158.19	167.97	154.0
4176.38	6387.33	2849.8
210.05	192.9	231.5
137.46	124.85	162.67
69.31	72.96	64.75
242.69	145.33	315.7
241.17	293.67	151.19
359.6	240.25	439.17
303.71	365.0	257.75
50.59	42.18	88.47
54.93	81.95	18.9
153.77	139.0	168.55
305.75	373.0	193.67
160.0	158.75	161.67
232.53	151.57	289.2
140.58	101.23	163.07
796.81	634.67	958.96
96.83	131.0	62.67
63.32	71.25	59.35
151.32	70.13	273.09
31.39	20.08	61.57
229.86	186.75	287.33
219.7	291.33	165.97
187.01	223.47	132.34
206.0	246.44	115.0
91.75	61.0	116.35
198.73	195.17	214.75
517.71	554.0	469.33
919.4	203.43	2590.0
329.29	333.63	318.15
115.41	80.43	150.4
190.44	144.25	227.4
70.63	68.6	72.67
5580.29	8430.8	829.43
100.59	97.47	104.33
263.29	179.25	375.33
192.2	253.33	155.52
344.04	346.82	340.33
522.77	556.86	463.12
75.97	43.96	91.97
155.54	79.27	212.75
111.22	87.33	123.17
269.16	214.88	309.88
218.57	238.75	191.67
412.12	241.33	514.6
234.6	204.33	280.0
342.44	360.4	320.0
273.14	184.25	391.67
163.62	145.0	182.25
183.5	125.33	241.67
167.47	147.27	187.67
435.0	305.0	507.22
224.78	171.33	331.67
92.98	144.67	41.3
540.31	812.57	222.67
272.56	295.0	227.67
42.55	24.44	57.63
78.17	80.45	73.14
58.37	78.42	31.63
208.92	201.67	230.67
312.79	189.36	765.33
2151.12	1371.25	2931.0
110.64	93.0	123.88
286.29	327.67	255.25
223.0	231.0	215.0
675.6	85.27	1265.93
208.08	174.57	255.0
110.97	102.05	118.11
242.88	268.5	217.25
59.61	80.57	43.31
339.88	345.0	334.75
316.7	334.25	290.38
529.62	244.0	615.3
422.31	378.33	521.25
1314.56	1646.0	1049.4
264.32	213.2	321.11
90.9	75.19	126.25
1235.4	1733.5	666.14
145.37	127.2	175.67
202.0	307.75	96.25
392.3	453.5	300.5
441.99	337.19	791.33
221.5	288.0	155.0
102.33	54.0	150.67
335.1	273.0	361.71
372.46	474.07	118.45
179.5	20.82	443.97
300.99	363.16	226.38
173.88	188.2	150.0
175.53	248.6	120.72
364.67	594.67	134.67
547.5	557.25	534.5
200.88	278.5	173.49
158.29	86.85	214.42
41.22	34.33	46.0
122.0	116.67	126.0
132.0	113.71	153.33
94.88	96.23	93.53
494.38	474.6	506.75
326.86	352.0	308.0
75.22	81.17	72.24
86.17	103.09	64.43
126.86	145.75	101.67
185.29	241.67	143.0
54.04	46.61	63.96
113.12	125.67	107.74
63.22	59.63	72.97
341.0	330.08	384.67
247.0	228.75	271.33
101.58	117.13	65.3
688.22	593.53	830.25
81.45	114.4	60.65
226.0	132.75	350.33
100.22	79.33	142.0
99.79	94.62	134.27
252.83	278.67	227.0
314.2	155.73	472.67
37.63	43.6	25.7
91.43	79.75	107.0
244.56	299.8	175.5
60.1	63.61	53.95
125.87	155.09	84.96
146.58	158.32	140.37
278.45	323.79	127.33
194.1	56.62	365.95
171.1	136.83	222.5
801.43	912.33	718.25
272.71	246.0	308.33
509.55	566.33	441.4
22.08	17.29	38.07
233.04	303.75	162.32
576.29	663.4	527.89
235.2	144.0	326.4
275.75	189.0	362.5
77.46	95.4	35.6
227.31	293.33	95.27
78.07	77.66	79.44
359.25	354.11	374.67
231.29	233.64	211.67
389.99	490.25	256.3
142.88	200.1	85.67
178.64	109.11	256.85
186.5	197.75	175.25
396.9	377.33	405.29
183.05	147.74	229.51
3515.5	5417.0	2374.6
352.44	310.11	380.67
878.67	562.67	1194.67
170.29	178.57	112.33
275.3	310.0	194.33
120.08	117.44	128.0
1108.31	184.22	1636.36
178.84	177.0	183.0
62.73	66.95	60.62
67.81	75.5	64.93
102.21	100.75	104.17
635.0	458.67	740.8
293.72	337.36	238.18
49.38	47.69	53.33
197.12	203.5	190.75
140.75	155.67	131.8
155.93	156.77	152.3
38.58	33.57	43.59
42.83	12.3	65.73
225.25	305.0	145.5
391.83	512.0	271.67
208.33	152.0	264.67
384.29	127.25	727.0
136.83	174.67	98.99
237.27	306.6	179.5
273.25	247.75	298.75
230.54	207.5	307.33
336.9	343.29	322.0
199.9	207.8	192.0
129.13	116.0	142.27
132.61	141.36	102.88
158.57	100.5	236.0
68.85	93.6	57.86
484.0	881.67	185.75
260.14	332.75	163.33
188.26	191.38	173.67
84.07	104.98	49.23
418.38	542.2	212.0
113.57	118.16	110.29
65.81	90.99	40.63
215.97	151.38	268.82
257.77	143.47	543.53
230.43	142.25	348.0
79.84	97.22	56.67
251.05	260.53	215.5
243.32	252.83	224.3
56.09	34.97	68.76
175.97	177.46	172.0
551.0	386.86	626.23
121.88	135.67	101.2
108.33	125.33	91.33
97.6	115.33	90.0
237.0	207.5	256.67
21.75	14.84	33.27
172.17	58.0	286.33
364.8	308.1	516.0
133.88	129.21	150.25
302.36	293.89	321.0
428.43	434.33	424.0
304.43	346.25	248.67
164.28	159.47	188.33
96.25	94.02	98.16
154.16	147.0	161.33
121.28	151.3	91.27
112.66	136.96	92.42
668.41	748.31	455.33
543.9	460.67	579.57
221.33	218.0	224.67
553.81	618.22	471.0
148.41	171.63	131.0
47.64	59.88	35.4
527.63	340.86	854.48
122.7	138.4	106.99
84.73	66.1	122.0
885.53	835.33	960.83
210.5	230.33	190.67
332.44	409.33	178.67
314.38	343.0	297.2
270.21	250.32	310.0
53.14	96.35	17.14
251.82	273.25	232.78
157.57	149.14	172.32
1579.87	1118.4	2156.7
131.75	113.99	144.43
200.57	200.67	200.5
248.66	287.73	217.4
1514.62	448.6	3291.33
412.29	768.0	145.5
33.96	22.97	41.28
74.64	98.6	44.7
680.76	873.0	440.45
418.27	415.0	424.8
194.29	179.67	205.25
105.97	77.95	143.33
225.78	222.83	231.67
32.31	31.09	33.53
333.77	311.67	352.71
263.95	270.12	231.0
170.46	202.8	150.25
67.56	56.22	101.59
311.75	267.4	385.67
2590.06	3937.1	345.0
74.33	76.7	68.0
323.64	363.6	290.33
141.77	138.64	148.05
140.61	160.75	100.33
196.0	208.33	183.67
28.97	39.67	14.69
195.79	208.33	189.52
86.3	94.71	66.67
182.0	182.0	182.0
47.57	30.2	64.93
42.78	41.4	45.53
317.62	337.4	284.67
263.33	252.0	274.67
390.63	391.19	390.35
136.38	147.67	129.6
343.56	303.0	373.98
1005.62	864.77	1616.0
392.62	175.0	755.33
47.7	54.93	38.06
65.25	65.93	64.57
128.8	79.2	178.4
255.15	102.3	408.0
491.5	408.2	630.33
144.14	143.25	145.33
54.85	45.01	67.37
195.48	164.55	215.36
747.09	672.0	837.2
908.62	768.75	1048.5
5410.09	6214.62	3264.67
1392.08	1594.5	1290.88
137.74	141.18	130.18
10.17	11.1	9.23
68.78	61.13	80.25
202.53	171.25	210.87
390.04	478.07	269.0
120.7	117.75	122.67
233.25	291.33	198.4
418.34	393.64	500.67
177.17	185.67	168.67
237.83	245.29	227.4
192.18	128.25	228.71
89.03	61.66	111.83
239.64	253.0	223.6
194.33	229.6	169.13
141.64	140.75	144.0
114.0	49.0	162.75
95.63	105.88	80.25
52.7	97.3	8.1
101.97	77.33	126.6
95.24	102.03	88.45
69.57	58.18	107.53
516.94	612.25	421.62
747.83	1111.4	323.67
113.45	111.76	115.14
62.16	9.66	114.67
133.0	93.83	159.11
129.01	152.36	86.98
62.78	63.75	59.87
154.05	153.74	154.9
546.83	695.67	398.0
66.82	55.97	77.67
157.29	120.0	207.0
67.67	59.6	78.98
140.35	110.45	245.0
605.05	855.75	354.35
126.37	117.56	135.18
50.78	20.87	73.22
530.25	541.0	498.0
352.75	438.0	267.5
1510.14	957.6	2200.82
93.71	92.0	95.0
949.09	1016.22	725.33
211.95	252.3	77.43
75.7	61.1	114.63
42.54	57.0	31.7
85.63	114.49	35.12
82.17	93.5	73.1
267.17	150.67	383.67
826.55	156.0	1385.33
279.42	327.6	225.89
193.11	153.0	225.2
50.94	65.42	31.63
195.0	209.0	181.0
255.37	303.73	170.75
439.0	256.43	758.5
40.2	28.32	59.99
167.79	154.45	175.8
20.06	9.6	30.52
258.0	359.75	190.17
1813.0	3202.0	424.0
54.11	44.33	61.45
174.25	136.78	236.7
246.14	239.5	255.0
135.71	121.33	146.5
203.06	208.47	189.22
167.14	88.43	298.33
198.29	133.5	284.67
115.48	163.62	67.33
1443.24	2989.33	283.68
163.29	195.0	121.0
211.77	176.1	330.67
127.98	121.32	151.27
429.29	498.25	337.33
173.5	128.6	248.33
185.44	210.8	153.75
351.21	257.62	476.0
81.89	131.4	32.38
397.13	630.5	85.97
428.29	621.25	171.0
185.67	154.33	217.0
270.75	391.0	150.5
71.82	12.3	131.33
95.57	137.27	53.87
524.43	192.0	773.75
67.77	66.63	69.1
208.73	230.29	115.3
118.91	130.67	111.85
57.74	66.2	52.1
109.33	143.67	75.0
216.83	199.33	261.56
206.83	164.25	292.0
210.97	232.0	189.93
310.0	308.67	311.33
461.3	474.5	452.5
202.57	265.75	118.33
136.34	131.71	148.67
500.33	511.67	489.0
112.17	153.33	71.0
134.52	93.06	160.91
422.9	445.67	413.14
76.03	89.64	44.27
385.06	653.88	116.25
5.03	5.3	4.74
182.09	200.96	158.5
267.71	297.38	228.17
78.09	49.27	106.92
75.23	60.2	82.74
1497.75	2352.14	301.6
115.82	125.8	110.82
122.71	122.52	123.03
1852.89	2580.17	398.33
293.5	272.0	306.4
583.83	799.0	368.67
162.83	135.33	190.33
153.17	104.33	202.0
216.57	175.0	247.75
197.8	140.93	254.67
86.93	141.93	31.93
128.87	173.62	110.02
244.64	225.55	268.5
3749.61	106.12	11036.6
80.27	66.0	99.3
308.0	396.5	190.0
118.34	187.33	49.34
211.99	204.67	219.32
186.33	263.0	109.67
313.13	244.0	382.27
160.56	180.67	145.47
112.18	117.97	108.32
161.83	332.67	115.24
351.95	311.17	528.67
181.5	164.67	198.33
206.86	188.67	220.5
631.67	505.0	695.0
298.67	263.8	342.25
215.1	192.43	268.0
40.43	21.67	49.82
294.28	287.0	298.65
47.38	77.66	24.68
128.9	49.0	268.72
245.8	96.94	394.67
228.43	181.67	251.82
219.22	432.67	91.16
336.69	362.17	302.72
155.25	168.5	142.0
163.5	198.33	128.67
66.24	52.6	88.97
281.65	279.42	288.33
297.68	325.2	263.29
96.45	123.42	22.27
297.74	272.11	361.83
180.89	200.25	161.54
1550.5	847.17	2253.83
297.0	279.4	326.33
309.5	201.0	418.0
83.24	90.95	62.67
298.5	244.67	352.33
86.97	77.33	94.2
85.19	73.7	111.99
126.97	39.96	272.0
489.29	175.86	802.71
341.4	321.67	371.0
418.67	535.33	302.0
100.08	100.11	100.0
295.0	349.29	168.33
393.73	438.75	273.67
150.87	120.42	185.66
189.75	201.6	170.0
132.15	162.0	102.3
626.5	259.0	994.0
336.08	281.26	464.0
228.23	262.2	115.0
349.26	222.7	518.0
470.0	327.67	612.33
366.99	404.65	338.75
157.67	72.93	221.22
116.56	108.47	127.33
6059.57	4439.67	7274.5
76.88	36.51	105.71
100.08	116.33	89.25
2078.33	3904.67	252.0
226.17	273.0	104.4
426.32	542.72	232.33
121.8	159.0	97.0
337.4	343.62	330.29
294.08	183.17	405.0
138.83	113.57	174.2
167.0	102.0	232.0
255.83	183.0	328.67
208.14	245.5	158.33
1125.0	94.67	1897.75
615.0	621.33	608.67
507.14	562.0	466.0
161.89	110.11	213.67
48.9	11.64	93.61
132.54	115.33	147.29
166.33	172.0	160.67
169.04	202.22	147.71
276.23	307.88	225.6
84.62	82.95	86.3
432.1	352.6	511.6
251.43	366.0	165.5
104.65	125.15	63.66
99.21	114.21	57.95
179.17	128.0	230.33
291.42	289.33	292.47
196.5	212.2	180.8
560.1	651.42	484.0
134.98	145.33	124.63
320.33	330.82	278.33
163.92	154.67	168.54
193.33	188.33	198.33
248.0	228.0	274.67
242.32	263.14	188.2
879.67	1421.33	338.0
1017.83	518.67	1184.22
2264.6	321.8	4207.4
360.4	363.5	358.33
196.22	191.68	205.3
114.98	140.0	89.97
1938.0	1908.0	1968.0
188.5	192.0	185.0
406.97	554.52	170.9
471.89	538.33	405.45
264.46	397.0	109.83
198.04	198.03	198.04
347.12	387.48	135.25
211.86	105.47	318.25
311.14	254.16	396.62
999.86	243.25	2008.67
202.89	152.17	289.1
178.15	201.97	154.33
262.09	178.5	309.86
304.5	254.33	354.67
149.26	130.33	163.45
112.99	166.0	70.58
146.39	97.78	195.0
81.27	46.06	139.96
241.56	278.4	195.5
201.36	118.95	324.98
342.67	278.6	422.75
94.22	69.9	115.3
196.07	245.5	156.52
201.75	209.2	189.33
119.89	115.98	143.33
231.85	262.0	183.6
291.5	259.4	314.43
670.54	842.0	619.1
193.97	201.56	182.59
301.42	385.33	217.5
590.5	232.0	949.0
329.31	233.49	597.6
285.42	228.67	342.17
351.33	370.67	332.0
111.69	111.23	112.2
244.2	302.47	127.67
54.63	55.2	54.2
219.25	154.0	258.4
720.72	1042.05	206.6
377.23	294.29	474.0
198.06	175.0	234.95
528.83	366.33	691.33
11.14	9.84	12.78
178.66	187.43	145.75
192.21	27.64	397.91
204.32	191.52	268.33
374.0	361.2	395.33
105.19	121.19	81.2
102.66	128.97	71.1
242.67	326.0	159.33
2064.29	722.75	3853.0
255.06	203.9	340.33
174.38	215.6	105.67
144.27	143.0	144.75
423.17	308.67	537.67
137.38	126.59	146.9
170.34	139.19	315.67
127.75	175.33	99.2
2809.17	3112.67	2505.67
213.24	177.97	248.5
176.03	189.42	141.22
174.18	168.48	188.45
281.02	296.04	266.0
225.44	201.4	255.5
199.6	162.33	215.57
160.08	163.51	153.8
89.24	97.8	69.27
130.63	122.3	133.75
217.31	244.4	205.0
124.47	189.27	59.67
801.75	1176.6	177.0
152.5	115.75	189.25
6879.33	10279.5	79.0
426.43	528.25	290.67
109.62	178.27	40.97
240.67	297.33	212.33
194.12	59.2	419.0
340.36	330.0	346.11
84.5	126.41	35.59
181.2	229.0	152.52
366.1	368.43	360.67
122.15	150.97	93.33
233.5	261.83	176.83
265.56	287.83	235.87
149.78	126.0	156.12
298.47	241.71	355.23
97.58	28.17	167.0
161.83	176.93	150.5
365.36	422.4	317.83
125.27	135.33	117.72
139.75	156.84	91.9
139.0	157.5	114.33
171.08	160.3	240.1
47.26	37.45	60.33
189.01	199.64	178.37
140.67	149.5	135.15
37.7	34.4	39.35
161.54	217.99	62.75
174.88	199.75	150.0
307.24	338.09	250.67
171.93	187.0	146.82
160.18	182.5	147.43
147.35	122.4	188.93
97.22	93.0	105.67
274.57	145.33	371.5
120.05	118.13	124.53
75.7	82.75	70.66
160.93	234.15	124.33
309.43	202.75	451.67
1180.43	102.6	2258.26
137.32	107.57	178.96
109.06	167.28	60.55
337.83	321.67	354.0
262.9	565.0	90.27
231.94	319.98	55.87
131.07	29.45	189.14
121.33	146.33	96.33
164.09	112.6	228.45
78.7	114.25	31.3
220.87	328.2	86.7
207.86	198.0	215.25
143.13	160.29	130.25
74.75	73.65	76.59
166.58	223.5	52.73
260.25	258.5	262.0
228.0	154.67	301.33
135.37	165.36	97.21
199.4	261.7	116.33
55260.59	423.57	88162.8
271.3	283.25	263.33
236.01	411.0	161.01
381.5	309.5	453.5
262.2	231.52	378.8
472.64	423.0	532.2
144.22	129.0	174.67
268.57	186.0	378.67
243.33	244.17	241.67
203.76	313.33	121.58
233.56	341.0	147.6
280.88	403.0	158.75
392.06	502.84	214.8
250.53	181.95	326.73
63.26	71.0	53.98
76.84	35.47	107.88
300.84	321.18	266.93
40.09	54.52	16.03
422.0	266.33	538.75
157.33	190.0	124.67
204.68	284.0	125.36
547.17	828.33	266.0
151.92	174.56	133.8
172.63	288.33	56.93
193.71	198.1	174.67
428.81	533.11	307.13
418.67	557.44	210.5
104.33	86.67	122.0
1067.0	1345.67	858.0
1.94	3.08	1.03
77.27	79.12	72.33
187.96	180.4	192.17
317.98	228.33	371.76
89.52	107.43	68.63
168.01	144.73	191.29
228.23	253.75	187.4
78.28	63.55	93.0
127.83	126.6	128.86
91.76	87.63	99.0
120.01	128.51	104.7
141.82	132.3	151.33
197.11	211.5	168.33
158.11	173.45	137.67
411.4	644.17	62.25
90.5	165.33	45.6
546.58	1252.33	311.33
854.5	1100.8	444.0
1583.61	2958.75	208.47
240.24	262.37	201.5
379.3	416.89	341.71
781.56	1220.4	233.0
158.22	154.67	165.33
267.92	392.83	143.02
528.41	877.96	108.96
306.5	427.67	185.33
322.14	165.25	531.33
723.93	693.0	741.61
177.0	164.33	186.5
297.88	148.0	342.85
379.22	366.0	395.75
407.8	480.71	237.67
130.6	177.31	6.07
674.36	949.25	517.29
72.45	76.19	66.63
968.55	1519.93	279.32
422.4	526.5	266.25
115.94	107.54	125.75
143516.75	89120.5	252309.25
204.32	196.97	233.75
588.67	843.67	333.67
357.0	345.0	389.0
239.73	345.98	133.47
74.36	115.97	49.4
173.7	158.33	177.54
363.26	423.89	324.29
77.12	100.58	63.05
1611.25	1924.4	1089.33
203.2	245.14	105.33
127.22	118.33	145.0
124.25	111.8	145.0
235.67	241.33	230.0
2998.64	3172.5	2592.97
423.64	439.36	308.33
217.22	180.4	278.6
293.99	276.48	311.5
153.44	119.72	168.51
57.9	74.65	35.57
6.76	2.8	10.72
276.14	263.25	293.33
91.1	66.56	132.0
89.82	86.63	91.41
154.4	114.0	189.75
219.33	265.75	196.12
214.61	177.54	251.69
197.05	174.2	242.75
1093.33	886.33	1507.33
252.17	335.33	169.0
79.59	17.71	141.46
351.43	376.75	317.67
66.62	113.3	19.93
417.39	503.69	302.33
111.0	95.0	127.0
183.0	141.6	252.0
120.92	111.62	137.2
173.5	237.0	110.0
169.83	225.8	99.88
249.29	253.25	244.0
106.08	117.3	97.44
364.33	400.33	292.33
131.19	124.29	160.5
66.33	78.0	54.67
78.26	58.1	93.94
935.5	1951.0	210.14
634.0	846.0	422.0
189.67	162.0	217.33
274.91	69.42	398.2
342.18	545.87	138.5
208.36	288.0	162.86
106.31	37.97	174.66
165.28	180.36	150.2
131.33	145.0	117.67
234.73	205.15	282.8
169.42	197.0	130.8
134.2	113.32	175.97
418.5	377.17	480.5
156.78	171.0	145.4
60.89	33.62	93.61
107.0	102.75	112.67
241.43	231.27	259.2
273.42	310.0	163.67
260.8	221.93	299.67
343.49	384.4	329.85
133.86	184.0	96.25
402.22	615.6	135.5
51.84	55.75	48.72
338.25	370.0	285.33
77.71	164.6	25.58
486.23	940.2	202.5
12.54	17.4	8.9
243.25	233.14	260.94
402.23	327.83	505.23
690.4	773.0	497.67
98.67	98.67	98.67
179.94	187.91	158.67
200.25	209.25	194.25
255.25	84.33	357.8
184.12	122.4	209.83
531.79	460.14	698.97
141.69	148.22	127.0
332.0	313.25	350.75
350.76	342.78	360.74
177.26	182.0	173.7
84.07	83.0	85.5
32.57	49.5	22.41
286.82	324.33	258.69
291.1	288.8	292.54
72.52	65.25	80.83
215.87	209.76	235.72
335.54	124.17	516.71
1716.8	1923.0	1544.96
145.55	111.71	204.75
251.22	256.2	245.0
112.89	156.8	68.98
163.74	165.0	163.52
655.5	387.0	924.0
209.46	213.67	196.83
190.88	230.56	151.2
332.67	355.64	252.25
128.0	148.0	113.0
586.44	661.73	420.8
352.99	335.73	382.57
163.66	145.99	172.5
78.19	77.32	79.5
521.0	471.23	613.43
135.68	124.8	146.56
238.58	258.04	170.5
188.94	198.79	168.14
401.53	412.29	380.0
348.0	370.5	330.0
194.38	186.0	202.75
92.0	90.68	93.31
47.53	41.15	94.3
213.86	210.75	218.0
174.74	169.67	178.0
69.33	84.67	54.0
193.4	186.42	216.67
286.4	243.75	307.73
127.67	87.67	167.67
82.04	89.97	76.09
165.04	192.62	127.12
470.29	632.67	348.5
156.14	154.0	159.0
196.58	237.67	155.5
118.87	60.93	205.78
108.12	81.7	111.42
125.69	142.88	108.5
146.57	131.33	151.14
277.5	341.2	171.33
471.67	438.67	504.67
136.86	126.0	145.0
273.33	169.43	481.14
801.72	714.89	888.56
341.8	451.51	49.25
888.27	1159.4	662.33
249.41	342.5	125.3
427.72	156.93	698.5
95.81	129.0	51.57
204.8	143.67	265.93
158.36	96.93	204.43
140.63	137.11	144.6
562.71	525.0	591.0
250.1	281.29	177.33
105.16	136.68	69.14
1306.38	1971.2	198.33
385.44	522.2	157.5
84.69	111.57	71.25
378.1	389.32	347.25
70.0	103.0	37.0
156.76	113.3	185.73
154.22	201.63	97.32
125.0	176.6	88.14
1014.3	172.25	1575.67
103.84	117.31	78.59
391.14	328.33	438.25
240.0	285.33	194.67
595.62	900.37	138.5
288.29	331.65	93.2
37.03	25.44	48.62
164.82	185.97	130.99
168.54	121.32	203.95
9.0	8.62	9.97
216.5	251.0	182.0
1444.08	2100.62	131.0
322.99	205.12	480.15
287.2	58.1	592.67
809.33	634.14	962.62
515.33	386.67	579.67
1124.6	1826.31	189.0
145.43	146.25	144.33
520.32	1101.71	55.2
110.31	115.45	88.0
1599.89	450.83	3898.0
40.62	36.9	44.33
92.46	100.75	48.95
505.71	650.8	143.0
177.8	25.4	381.0
224.12	214.6	240.0
167.89	184.54	137.92
192.0	188.33	195.67
57.5	78.67	36.33
164.25	146.33	175.0
679.84	599.35	850.88
189.31	175.68	194.53
317.5	342.5	230.0
1463.86	1042.07	2307.43
217.57	208.5	229.67
264.4	334.75	170.6
51.14	58.09	44.2
4347.73	3114.67	4876.19
417.86	569.5	215.67
53.17	43.84	74.14
213.71	249.66	186.75
188.41	133.22	262.0
43.78	56.56	18.23
91.11	103.0	75.27
214.29	243.5	175.33
197.74	229.4	144.97
341.87	608.33	75.41
288.88	377.6	141.0
341.12	400.75	281.5
257.71	213.0	317.33
64.31	81.23	55.85
89.98	105.74	74.22
150.17	184.67	115.67
370.07	424.67	315.47
75.65	85.28	59.89
1414.74	191.8	3045.33
163.15	154.57	180.32
84.79	106.14	49.2
248.85	247.07	251.96
152.83	147.33	158.33
241.83	362.67	121.0
418.39	195.88	596.4
69.79	111.3	62.87
138.5	135.0	142.0
181.79	161.21	216.1
405.0	626.57	94.8
1038.64	303.2	1651.5
197.17	165.67	228.67
55.63	80.99	30.27
340.5	397.33	283.67
332.29	537.67	178.25
683.29	451.25	992.67
255.45	338.41	131.0
532.14	823.25	143.99
89.11	123.64	37.3
258.8	299.0	198.5
164.55	195.16	133.93
221.21	261.13	101.45
95.3	81.29	128.0
100.9	143.67	82.57
139.62	176.44	102.8
225.17	222.67	227.67
610.38	884.33	446.0
131.83	145.12	105.25
273.68	304.58	220.71
64.64	64.68	64.53
213.39	275.67	166.68
1089.32	114.45	1869.22
178.75	197.22	123.33
89.79	104.37	50.9
368.23	370.0	366.71
345.67	355.8	320.33
127.14	157.0	104.75
2169.91	5090.24	501.14
129.48	129.1	131.97
38.65	18.93	84.67
189.35	146.47	213.86
208.53	163.38	248.67
297.64	257.71	367.5
348.0	495.25	282.56
187.06	148.88	282.5
108.54	87.57	136.5
413.06	492.2	314.12
269.44	291.0	258.67
145.83	140.9	178.67
376.14	384.0	370.25
247.88	370.18	95.0
198.12	225.41	116.25
211.5	182.0	241.0
99.86	121.39	78.33
82.21	97.5	74.57
73.76	68.54	82.9
36.49	41.74	27.73
172.85	176.66	148.67
201.57	120.12	246.82
157.35	193.57	93.97
183.54	205.44	158.0
748.89	871.8	595.25
7647.33	8750.2	6176.83
921.85	1205.6	751.6
409.38	380.2	458.0
108.1	164.67	74.16
408.42	394.62	418.45
406.88	436.0	377.75
255.0	381.0	129.0
251.54	132.45	410.33
94.17	116.31	27.77
289.29	301.0	273.67
151.86	220.25	97.14
120.46	127.57	106.25
174.0	145.67	230.67
110.81	62.4	159.22
219.68	184.42	248.54
347.38	371.53	287.0
228.09	376.0	143.57
335.41	179.56	491.25
414.83	284.0	545.67
905.21	1819.5	219.5
176.0	164.0	188.0
105.5	95.66	115.33
163.31	83.07	223.5
1017.65	943.3	1092.0
71.6	66.5	78.4
289.71	363.5	191.33
222.43	164.67	265.75
265.23	79.65	512.67
274.29	348.5	175.33
429.55	313.25	739.67
246.0	237.0	273.0
222.46	311.65	103.53
264.38	244.2	298.0
269.84	249.31	379.33
502.71	988.33	138.5
206.56	234.43	178.69
2096.33	3165.0	1027.67
44.29	51.08	37.5
25.03	25.42	24.45
193.23	187.44	206.25
141.94	72.52	194.0
480.24	595.16	135.5
775.44	592.1	1545.51
96.32	86.67	105.97
215.12	188.6	259.33
177.88	258.0	129.8
287.79	308.19	247.0
833.18	81.8	1114.95
267.67	201.62	426.2
227.98	208.2	239.29
183.22	217.75	148.7
255.69	168.65	386.25
42.83	69.25	16.4
55.69	49.57	64.88
1364.97	1900.04	677.04
155.5	69.8	298.33
440.1	451.5	430.77
235.99	286.25	168.97
81.05	98.8	63.29
169.31	173.38	166.6
174.06	141.35	239.48
208.76	233.73	158.8
463.14	178.75	576.9
116.54	44.2	213.0
92.89	105.2	80.58
264.44	46.07	428.23
236.97	291.97	181.97
821.45	863.88	708.33
158.11	175.89	138.11
123.75	175.0	93.0
326.43	283.0	384.33
307.17	407.0	207.33
1653.71	144.0	3666.67
270.0	336.33	220.25
86.34	14.28	182.43
277.66	269.99	289.17
136.88	248.0	25.75
151.43	158.75	141.67
126.95	150.19	59.55
283.92	232.6	342.57
224.61	173.5	288.5
167.0	162.0	172.0
108.92	113.67	104.17
198.61	232.0	159.65
143.84	127.32	164.5
290.11	357.33	256.5
203.3	129.43	375.67
383.83	286.67	481.0
757.77	405.0	1322.2
142.28	162.91	87.24
255.29	475.0	90.5
117.31	61.76	186.75
8741.45	5913.38	10626.83
209.17	273.43	159.19
66.54	54.94	83.29
171.38	180.0	162.75
329.79	388.71	256.13
338.7	228.2	449.2
137.35	110.33	153.56
265.67	292.2	232.5
103.54	102.25	109.99
163.5	122.4	232.0
2682.33	5032.67	332.0
404.53	503.0	207.6
258.0	458.33	57.67
79.0	49.5	118.33
310.66	418.9	175.37
262.27	249.5	279.3
431.0	373.5	469.33
238.65	719.67	153.76
209.9	228.2	191.6
368.75	523.67	213.83
44.43	64.95	30.75
351.88	366.75	337.0
443.58	136.44	789.1
191.1	260.87	101.4
173.57	162.75	188.0
141.12	186.0	114.2
185.3	94.6	276.0
163.45	180.72	149.06
1341.73	1552.33	1089.0
259.78	167.5	333.6
538.62	843.25	234.0
581.33	751.0	411.67
82.2	98.46	55.1
404.3	396.5	409.5
302.43	352.8	242.0
462.44	345.33	521.0
3226.7	6245.33	208.07
184.14	245.75	102.0
375.78	421.17	285.0
151.71	161.32	135.7
87.86	73.58	111.66
118.0	119.0	116.67
215.4	204.0	220.29
146.43	143.75	150.0
400.08	401.17	397.33
618.99	352.55	885.42
371.4	397.43	310.67
131.23	62.82	216.75
17.8	6.6	28.99
189.88	186.6	195.33
68.51	53.38	87.42
142.49	131.18	151.92
619.25	534.6	760.33
294.82	275.71	328.25
142.84	153.07	116.25
471.62	883.67	224.4
333.0	265.0	367.0
87.56	99.1	68.33
458.26	70.67	603.61
95.0	80.67	105.75
89.89	90.77	89.22
305.0	232.33	392.2
242.42	144.17	340.67
120.79	88.84	161.45
281.12	251.33	299.0
1188.15	1225.09	1077.33
199.51	179.67	212.73
128.36	175.6	102.11
256.4	226.58	301.12
185.31	210.22	165.38
33.67	65.93	9.47
202.83	201.22	207.67
124.5	110.33	138.67
153.63	169.99	110.0
163.62	110.3	227.6
251.77	236.67	285.75
140.75	122.33	151.8
173.98	231.44	109.32
973.0	1338.67	607.33
218.73	160.57	269.62
110.21	91.75	134.83
161.43	71.67	228.75
176.94	187.81	148.7
67.41	51.73	88.33
204.37	201.33	207.4
71.81	84.67	58.96
2217.79	1079.0	2976.99
310.62	399.0	163.33
137.5	134.0	139.6
423.08	531.88	249.0
425.65	457.54	322.0
88.93	99.6	78.26
141.43	161.56	115.54
320.0	606.33	197.29
381.37	171.22	906.75
85.43	110.25	52.33
356.43	182.25	588.67
176.25	150.0	220.0
721.67	851.67	591.67
24.79	38.74	1.53
59.12	58.96	59.6
297.44	281.28	364.43
167.68	321.33	14.03
155.72	170.78	130.63
217.78	152.67	348.0
377.8	323.4	432.2
222.76	113.97	309.78
262.03	295.53	144.75
292.5	224.0	361.0
74.21	55.24	85.05
984.86	1084.6	735.5
143.36	95.18	223.67
222.64	212.88	232.41
310.71	352.75	254.67
166.19	187.56	144.82
182.64	235.57	90.0
152.14	95.5	227.67
603.29	816.25	319.33
157.0	134.67	201.67
240.77	228.0	269.5
331.03	349.38	276.0
263.38	172.6	302.29
262.0	241.0	304.0
1151.62	160.97	1576.18
49.03	49.3	48.83
37.24	43.27	32.73
4431.44	1477.83	10338.67
466.29	268.67	614.5
124.94	135.08	77.6
127.08	160.25	93.9
3872.67	2812.67	4932.67
102.36	85.8	129.97
179.47	146.14	268.33
193.21	174.6	203.56
206.76	269.5	144.03
153.19	147.58	158.8
310.38	268.0	352.75
2790.75	1713.5	3868.0
261.35	205.25	275.38
337.25	224.4	525.33
2552.06	5677.81	207.75
265.81	219.08	300.85
640.29	504.0	822.0
177.46	179.72	169.2
154.29	90.5	239.33
166.0	152.8	188.0
383.38	318.0	422.6
793.8	530.75	1846.0
239.36	163.17	296.5
138.63	81.97	195.29
209.37	351.5	95.66
142.86	222.0	83.5
48.28	68.93	27.63
114.5	176.33	52.66
393.24	414.5	371.98
321.5	308.0	329.6
117.5	109.2	131.33
21.05	23.48	18.62
522.75	495.5	550.0
35.47	34.19	36.74
172.48	128.13	239.0
82.94	91.67	76.39
586.69	767.43	375.83
177.56	174.7	182.33
400.14	423.5	369.0
1393.62	742.6	2478.67
936.0	1250.0	622.0
164.62	199.58	150.06
289.0	142.0	406.6
256.5	282.0	231.0
117.56	107.2	130.5
407.23	372.0	422.89
411.7	442.43	340.0
5289.67	5280.67	5298.67
3218.12	4635.0	1801.25
322.71	370.74	242.67
797.09	694.0	934.53
299.4	184.67	348.57
153.4	131.15	171.2
349.62	258.33	404.4
171.38	190.33	160.0
94.58	99.5	83.5
198.1	203.43	185.67
63.23	81.72	38.57
154.13	128.63	173.25
198.36	108.97	265.41
232.07	320.8	187.7
1969.8	419.33	2634.29
165.75	141.88	227.13
117.84	81.37	170.53
216.67	181.5	244.8
262.92	56.67	469.17
112.1	101.0	120.43
144.63	154.95	131.36
1310.5	546.5	2074.5
16944.07	17809.55	15790.1
413.44	504.33	368.0
1546.14	151.8	2320.78
11.12	14.17	1.36
170.24	79.25	291.56
99.93	7.9	222.63
47.6	26.37	68.83
433.73	613.0	276.88
434.87	367.64	462.26
203.33	339.25	94.6
64.18	96.71	23.52
359.9	415.82	280.67
412.97	115.6	710.33
307.77	309.29	306.0
372.38	400.45	310.6
520.1	560.29	426.33
278.09	231.25	304.86
6850.34	6089.47	7421.0
185.81	160.33	201.09
153.08	283.67	55.15
349.8	342.86	366.0
713.93	959.62	419.1
86.8	76.54	104.75
205.14	185.5	231.33
1359.89	228.6	2774.0
325.5	145.33	505.67
110.62	138.33	82.9
275.67	344.6	189.5
226.46	207.89	268.25
182.1	72.57	264.25
109.9	93.48	122.22
203.57	247.67	170.5
166.23	96.17	206.25
413.88	414.4	413.64
168.68	120.65	312.75
2754.1	1691.53	3816.67
151.02	176.75	125.29
220.83	224.53	215.74
936.74	1005.78	867.7
146.81	95.87	197.75
178.06	96.47	308.6
164.53	274.5	104.55
294.36	178.0	338.0
244.12	372.67	167.0
231.03	158.6	282.76
326.5	443.4	131.67
69.52	71.1	68.46
176.29	175.78	176.8
684.88	776.0	533.0
246.78	216.0	285.25
187.77	274.0	138.49
171.17	169.06	181.0
470.34	512.91	321.35
202.57	252.48	102.73
181.67	179.0	184.33
339.36	367.29	290.5
628.44	1083.5	264.4
134.78	148.0	124.2
254.71	313.25	176.67
279.43	247.56	315.86
190.0	230.33	149.67
237.86	246.75	226.0
293.84	350.65	251.24
863.22	81.33	1254.17
3521.0	2586.33	4081.8
142.5	142.57	142.33
150.11	121.6	185.75
106.2	94.83	123.25
146.2	151.36	143.31
215.93	216.28	214.67
322.09	442.33	277.0
363.5	393.67	333.33
200.24	159.22	241.25
129.08	146.19	70.92
154.09	159.14	145.25
1116.5	133.67	2099.33
176.22	199.21	95.75
1300.0	2185.67	414.33
202.4	183.67	210.43
38.33	20.36	83.25
383.38	261.2	587.0
127.66	279.12	80.33
274.67	340.2	192.75
175.27	167.72	185.33
264.61	267.75	262.1
134.47	119.85	178.35
244.87	187.86	294.75
170.57	113.98	241.3
146.21	125.52	170.34
187.05	239.67	151.98
98.45	91.5	104.41
473.71	575.75	337.67
426.14	417.5	432.62
93.21	96.62	86.4
315.4	301.0	325.0
378.71	208.75	605.33
153.0	150.85	157.3
91.11	84.75	99.6
303.91	307.28	295.5
106.35	80.83	117.28
370.05	68.43	671.67
695.86	956.75	348.0
156.5	154.67	157.29
205.11	242.5	155.27
152.19	140.4	163.98
174.57	138.32	235.0
383.57	350.33	408.5
166.75	148.67	177.6
56.21	46.51	62.03
143.33	168.8	132.72
380.29	318.25	463.0
1188.8	1855.67	727.13
179.49	245.7	25.0
174.12	215.75	132.5
55.17	55.05	55.42
313.58	333.8	299.14
32.87	32.77	32.94
226.43	293.57	69.77
74.11	45.0	132.33
405.86	587.89	102.48
92.72	116.98	19.93
148.85	158.88	132.8
93.81	109.8	77.82
176.0	104.18	247.81
277.64	276.78	278.12
96.62	86.68	102.83
99.27	122.4	84.55
145.83	91.45	170.0
160.86	72.79	337.0
184.59	43.38	431.7
149.14	9.74	335.0
105.66	72.85	138.47
898.92	1157.0	124.67
91.96	34.53	116.57
252.5	156.6	412.33
1785.27	2787.42	1322.74
208.5	230.67	132.11
2006.55	2417.67	1513.2
83.5	56.78	163.67
229.38	192.67	251.4
164.2	179.2	149.2
224.56	176.6	284.5
49.73	89.75	17.72
59.83	36.67	106.17
152.42	155.47	146.33
840.27	104.67	1155.54
712.5	897.8	403.67
220.1	169.33	296.25
384.67	449.67	319.67
1088.19	2343.83	146.45
219.0	263.5	159.67
378.71	586.0	102.33
231.87	251.8	206.95
204.56	268.0	172.83
97.71	91.74	123.6
144.86	144.75	145.0
304.0	267.0	328.67
222.19	274.29	51.03
108.49	84.22	132.75
298.62	128.53	383.67
249.17	187.0	311.33
222.27	518.67	148.17
218.07	352.25	128.62
158.76	129.5	199.0
345.22	141.11	549.33
307.91	347.56	236.56
181.43	236.67	126.2
396.14	320.25	497.33
140.78	188.5	69.19
186.33	202.0	170.67
141.88	192.5	91.25
174.13	72.25	232.36
153.22	151.0	157.67
231.22	193.67	306.33
456.43	474.0	443.25
116.79	101.78	131.8
170.22	168.83	173.0
91.76	107.98	80.41
8.44	9.4	7.17
118.03	103.48	142.97
233.94	249.5	209.05
389.51	396.4	380.33
240.42	107.58	306.83
105.71	105.33	106.0
157.37	210.71	126.25
52.6	86.55	7.33
118.17	157.0	79.33
408.11	464.4	337.75
159.27	147.14	180.5
170.45	206.0	134.9
490.5	694.33	286.67
173.69	269.5	77.88
131.6	98.39	198.0
185.68	178.7	215.92
19.8	13.42	30.43
242.69	258.56	205.67
5484.25	3238.33	6831.8
152.64	44.68	282.2
183.19	168.28	267.67
816.22	1101.5	245.67
167.33	265.67	118.17
220.62	160.67	280.58
429.73	509.86	269.48
387.33	337.0	437.67
193.43	204.67	176.56
173.5	77.33	269.67
170.5	169.0	172.0
277.62	205.33	321.0
342.0	315.0	375.75
126.99	110.58	154.33
291.29	383.5	168.33
103.98	105.67	102.3
130.78	107.0	178.33
556.31	1098.5	315.33
123.14	152.5	84.0
252.84	212.63	283.0
542.58	578.8	519.94
171.0	204.67	137.33
139.12	152.96	121.82
79.37	104.2	38.0
368.7	445.0	266.97
63.12	82.0	48.96
221.55	182.83	268.0
197.68	139.69	275.0
723.27	223.17	1366.26
122.62	210.75	34.5
207.0	239.2	174.8
446.5	569.62	323.38
328.09	328.17	328.0
400.83	510.4	322.57
116.84	183.97	27.33
244.5	165.0	292.2
404.57	359.0	438.75
1466.25	331.0	3358.33
853.86	871.67	840.5
121.45	53.54	212.0
249.56	377.5	147.2
1515.62	1918.2	173.67
120.69	173.0	81.46
143.9	149.6	138.2
215.57	295.25	109.33
82.73	134.3	44.05
276.7	272.83	282.5
784.72	1243.2	211.62
175.19	161.8	186.34
283.78	182.2	410.75
170.57	105.5	257.33
151.23	142.6	155.55
5710.87	148.0	16836.6
294.12	327.6	238.33
145.87	133.51	167.5
240.67	246.29	232.8
321.4	303.25	333.5
479.33	469.0	489.67
256.33	232.33	304.33
120.1	125.81	103.0
234.86	296.75	172.97
1322.76	3356.67	305.8
354.48	700.2	181.62
114.54	84.38	152.25
430.0	565.67	158.67
1721.6	291.17	3867.25
263.62	278.67	254.6
187.5	191.86	177.33
128.99	119.0	141.47
107.44	171.75	43.12
336.28	537.21	185.58
247.44	271.31	142.4
449.57	237.33	608.75
121.0	107.6	134.4
285.49	119.83	451.14
155.0	98.0	212.0
249.5	289.29	193.8
272.0	334.75	188.33
188.97	82.27	295.67
124.41	89.72	170.67
232.65	280.7	164.0
47.5	59.2	38.73
139.92	169.0	74.47
97.72	114.2	70.27
117.4	141.2	85.67
507.62	248.6	669.5
104.53	101.37	113.67
281.98	320.7	196.8
42.49	48.93	28.7
460.37	633.75	402.58
128.92	141.17	116.67
1032.22	869.5	1162.4
23.11	12.53	38.98
176.44	182.09	164.0
167.67	174.03	152.23
184.45	202.86	152.25
77.42	128.0	26.83
101.09	141.22	74.33
82.26	71.97	106.27
338.19	381.33	319.7
557.31	629.69	468.23
153.99	233.33	94.47
96.37	97.75	92.25
619.48	571.95	653.43
206.98	192.2	218.8
172.71	122.22	304.0
215.54	232.62	188.2
56.81	83.72	29.9
192.14	300.25	48.0
326.08	280.67	341.22
337.73	328.92	355.37
129.26	37.85	220.67
314.42	337.67	302.79
252.73	212.14	323.75
136.4	112.82	215.0
262.42	353.67	171.17
69.33	60.4	80.5
67.75	67.95	67.54
122.82	86.5	143.57
148.36	96.25	287.33
118.12	97.6	152.33
62.79	55.33	67.27
58.47	60.86	53.01
451.67	580.2	359.86
91.93	153.0	55.29
298.75	153.33	386.0
255.94	269.83	224.7
95.56	126.4	70.9
330.0	264.5	417.33
1287.0	1656.12	548.75
69.82	57.24	82.4
3982.25	7517.2	1457.29
102.26	113.62	83.33
130.76	151.3	89.67
156.96	369.89	65.7
45.06	32.29	67.4
96.7	102.93	90.47
834.92	246.28	1816.0
148.53	154.13	137.33
211.0	81.67	297.22
143.45	153.5	133.4
624.0	118.33	876.83
389.9	500.67	342.43
149.11	189.33	129.0
252.71	150.0	389.67
245.55	255.75	218.33
530.77	338.21	1301.0
240.0	134.33	319.25
498.97	628.67	369.27
144.0	116.33	171.67
161.46	247.85	59.38
204.39	213.82	190.25
203.97	124.6	303.18
142.99	125.32	178.33
273.65	194.33	293.48
168.0	79.33	206.0
325.01	194.26	642.57
297.01	283.9	315.75
179.14	267.67	112.75
38.44	77.67	14.9
233.71	170.5	318.0
149.4	165.86	111.0
548.5	184.6	1155.0
314.2	305.25	320.17
407.79	397.43	418.14
211.33	229.8	188.25
97.48	93.67	98.82
238.33	288.33	188.33
293.3	283.27	303.33
212.89	219.8	204.25
98.13	59.45	201.27
203.14	196.67	208.0
533.42	701.33	365.5
334.0	295.0	392.5
174.14	175.0	173.5
108.59	89.94	158.33
196.86	163.5	241.33
167.09	134.33	179.38
148.56	100.07	184.93
247.4	290.3	161.6
116.88	119.6	114.17
178.96	163.36	194.56
54.39	30.72	93.86
345.29	311.25	390.67
2111.14	225.5	4625.33
268.73	276.6	262.17
133.48	170.0	96.96
246.92	217.0	272.57
383.43	318.0	470.67
192.86	189.0	195.75
2962.75	156.4	7640.0
620.0	961.25	165.0
127.31	121.66	134.83
316.44	246.74	432.6
150.07	195.0	60.2
127.57	127.0	128.33
134.22	143.0	116.67
3470.33	5832.33	1108.33
186.4	93.69	232.75
315.29	498.48	193.17
180.75	149.33	199.6
252.92	150.71	372.15
57.35	31.99	72.56
103.55	112.75	79.0
265.89	325.86	160.95
80.5	115.7	52.34
260.21	230.5	283.98
6.21	2.67	9.75
265.0	405.17	96.8
265.52	248.34	293.64
177.15	145.11	228.4
214.0	188.33	239.67
272.71	183.0	340.0
321.47	77.6	565.33
66.48	64.95	69.03
292.43	228.25	378.0
155.98	141.43	176.36
145.56	86.46	204.67
292.6	285.67	296.07
115.92	226.33	5.5
134.1	211.6	56.6
207.72	108.3	245.0
475.24	642.06	162.44
1059.57	166.0	2251.0
127.88	127.15	129.33
1720.27	3595.0	158.0
162.11	137.22	195.3
56.79	61.98	50.56
371.51	398.67	351.15
86.9	91.56	82.23
284.12	246.0	347.67
291.1	173.8	408.4
477.33	308.0	646.67
147.45	149.5	142.0
178.91	162.6	187.07
117.3	95.08	154.33
259.83	198.67	321.0
340.95	377.92	279.33
550.4	636.0	493.33
689.19	336.01	1092.81
100.6	69.6	131.6
292.0	228.33	339.75
329.14	161.11	469.17
2841.86	2699.0	3032.33
141.0	149.33	132.67
2648.32	5814.12	839.29
68.07	73.47	62.67
61.24	74.4	39.3
546.86	479.33	597.5
161.81	22.9	393.33
228.0	245.0	211.0
101.29	111.0	88.33
228.84	243.66	173.25
136.98	162.95	115.33
481.81	69.38	894.25
134.0	140.0	128.0
168.2	264.67	71.73
83.25	59.44	115.0
3934.77	5060.5	182.33
110.67	115.0	108.08
42.25	50.08	31.29
58.49	79.42	31.59
563.95	340.25	663.38
184.22	124.32	227.79
94.44	75.33	104.0
162.35	164.25	159.5
403.82	416.19	339.45
225.36	233.33	215.8
162.55	231.93	79.28
185.66	170.48	216.0
361.53	470.0	336.5
154.39	147.1	163.5
66.7	51.03	82.38
2626.99	3207.23	112.6
315.93	391.49	190.0
168.97	196.86	76.0
1622.26	993.12	2071.64
2745.21	3057.0	1602.0
194.71	234.5	141.67
1662.29	2283.84	212.0
51.22	46.19	53.11
227.33	164.0	290.67
385.78	387.75	384.2
154.3	190.0	132.88
120.67	110.81	129.12
3594.57	114.5	8234.67
1904.86	205.5	3321.0
183.62	180.6	188.67
357.09	354.5	358.82
287.43	319.0	263.75
906.65	879.87	987.0
253.38	178.67	298.2
382.36	524.6	145.3
308.39	298.18	331.71
132.69	160.5	86.33
699.67	840.83	417.33
254.33	163.8	344.87
311.45	359.64	270.68
22.11	12.69	47.23
215.33	254.2	187.57
954.56	346.4	1714.75
330.9	265.25	351.1
349.0	313.0	394.0
389.89	586.25	232.8
291.89	210.5	357.0
320.14	202.75	414.05
373.5	374.67	372.33
4970.57	5274.8	4801.56
81.38	42.94	113.42
78.96	40.8	124.76
391.12	487.2	231.0
2503.49	69.88	3894.13
463.43	366.0	593.33
78.78	56.84	111.7
159.88	156.83	161.54
219.45	213.67	222.92
163.68	173.59	133.97
244.33	295.0	193.67
86.2	73.5	105.25
376.46	257.8	772.0
100.75	77.0	140.33
644.82	439.33	798.94
226.0	247.0	198.0
107.0	98.0	122.0
112.56	119.83	98.0
190.83	242.67	139.0
146.11	166.0	119.6
130.97	91.7	183.33
899.83	1501.0	298.67
277.25	164.33	345.0
264.95	247.62	276.5
167.88	42.4	377.0
192.86	262.0	141.0
76.33	65.84	93.12
154.67	120.75	181.8
693.18	2006.0	200.88
180.01	197.6	168.28
81.05	181.17	38.14
132.72	143.95	121.5
286.47	211.57	352.0
242.57	305.5	158.67
276.22	244.6	315.75
325.92	225.5	412.0
229.33	238.17	211.67
392.11	477.0	324.2
175.44	171.2	180.75
229.42	363.0	162.63
330.14	298.67	353.75
301.08	313.33	273.5
94.03	47.3	140.75
551.17	599.5	454.5
242.12	368.25	116.0
1217.94	1470.0	1091.92
17.32	1.5	33.15
166.8	47.88	285.73
437.3	475.86	375.6
325.89	43.67	467.0
168.12	210.0	98.33
405.56	387.73	433.57
180.89	175.5	191.67
75.34	51.21	109.83
49.0	60.99	37.0
557.52	401.67	642.52
301.75	320.0	271.33
125.24	82.4	245.18
393.7	562.33	267.23
151.68	201.86	63.87
242.71	166.33	300.0
292.22	252.0	312.33
154.78	123.02	206.38
43.07	37.8	48.35
176.86	94.97	258.75
778.94	911.5	381.25
25.5	7.46	48.05
199.86	241.33	168.75
90.37	75.6	101.45
69.57	75.75	42.76
747.25	1018.5	476.0
149.4	145.57	154.76
148.45	183.65	92.54
88.35	37.86	189.33
98.89	105.11	88.0
809.0	1356.67	261.33
483.12	418.25	548.0
95.14	203.12	46.06
229.64	227.12	231.21
974.37	1821.96	126.78
583.89	774.67	202.33
443.25	414.0	492.0
101.08	2.93	264.67
286.1	285.14	288.33
440.38	427.67	465.81
327.95	445.83	186.5
42.0	34.67	47.5
162.25	172.6	145.0
365.43	433.25	275.0
242.29	370.67	146.0
528.73	670.97	102.0
496.82	410.88	726.0
220.78	69.33	372.23
86.81	73.74	116.2
83.33	91.0	75.67
211.43	112.0	344.0
78.66	54.15	111.33
286.0	212.67	330.0
265.33	214.0	316.67
159.17	219.0	99.33
192.57	218.0	158.67
324.29	261.75	407.67
486.0	577.67	394.33
484.92	473.32	504.27
236.83	253.33	220.33
1919.53	1959.33	1904.6
62.29	25.35	117.7
648.47	928.25	275.43
247.89	288.67	227.5
385.0	525.42	272.67
270.0	142.4	397.6
297.83	227.33	368.33
256.38	342.5	127.2
202.7	100.97	279.0
281.26	352.62	81.46
193.67	220.6	160.0
140.61	58.0	181.92
411.62	705.25	118.0
372.57	283.47	491.36
165.98	213.5	94.7
134.75	109.67	149.8
177.33	135.33	219.33
138.0	117.4	158.6
176.29	180.86	168.67
485.48	631.69	156.5
85.68	87.67	84.69
48.23	70.93	34.62
239.91	105.1	401.68
530.59	812.34	61.0
538.64	617.76	222.17
156.0	202.67	109.33
100.67	82.11	108.63
343.17	520.67	165.67
213.43	255.5	157.33
198.62	250.89	81.0
116.94	142.96	64.9
768.25	273.57	1153.0
1446.16	124.17	2239.36
381.17	528.0	234.33
170.07	194.62	137.33
43.62	62.83	29.21
128.71	107.9	170.33
143.67	178.67	108.67
1326.82	2264.67	388.97
163.93	164.57	163.29
155.5	154.0	156.4
184.79	175.62	197.0
516.9	673.8	360.0
439.32	693.0	185.64
529.86	282.75	859.33
73.67	67.67	81.67
63.03	64.6	61.45
675.33	607.86	769.8
287.57	311.67	269.5
56.41	42.34	74.0
213.7	192.8	234.6
179.06	199.5	166.8
277.38	231.44	380.75
388.18	464.67	359.5
160.14	222.0	113.75
235.54	121.3	292.67
133.6	137.83	127.25
13.92	16.01	10.43
156.0	165.5	146.5
188.97	184.67	192.2
216.52	287.38	115.29
235.0	255.0	220.0
128.93	132.39	121.32
215.56	203.5	225.2
1402.85	99.3	2184.98
143.89	114.56	183.0
125.54	83.27	157.25
226.5	162.5	290.5
174.5	111.75	258.17
189.83	179.67	200.0
191.12	265.33	146.6
93.49	65.9	121.08
508.4	666.83	270.75
185.22	234.95	145.43
339.25	320.2	371.0
146.43	194.0	110.75
216.71	208.06	244.4
292.11	297.36	273.75
276.83	371.9	158.0
134.67	91.33	178.0
150.03	97.4	202.67
151.56	155.4	146.75
428.0	352.75	528.33
211.81	174.86	237.68
242.93	208.35	306.33
169.38	225.82	84.72
448.72	422.58	501.0
183.04	36.67	670.93
175.14	211.75	126.33
50.37	60.53	40.2
105.33	105.33	105.33
227.71	265.0	159.33
433.0	305.83	687.33
280.85	257.36	321.98
314.25	257.33	348.4
93.94	89.2	100.26
360.86	592.23	175.76
229.75	415.0	118.6
82.1	78.88	84.25
68.77	55.88	78.44
239.21	353.2	125.22
280.5	356.2	154.33
198.12	220.2	161.33
299.6	367.67	248.56
261.43	259.7	263.17
355.61	452.4	194.3
449.11	734.39	68.73
133.28	93.33	205.2
44.02	35.2	47.8
39.46	41.93	37.08
360.67	329.67	407.17
124.7	137.67	119.14
598.0	605.0	588.67
83.89	51.3	144.43
208.68	98.81	501.67
619.71	732.0	470.0
201.47	151.6	251.33
97.31	98.25	96.23
35.45	44.69	12.33
306.78	291.33	314.5
292.09	302.43	274.0
285.97	570.33	1.6
409.2	345.4	473.0
337.67	331.0	341.0
222.06	305.71	163.5
601.56	492.2	783.83
164.96	158.66	176.3
55.57	48.5	57.14
57.13	56.9	57.32
62.14	78.0	40.99
250.89	243.62	266.67
241.86	292.67	203.75
247.35	232.78	276.51
189.61	214.43	102.75
94.97	102.8	81.93
198.6	220.8	176.4
7.88	7.97	7.76
208.37	194.67	216.6
189.14	199.91	121.84
93.13	100.33	89.53
384.34	543.6	118.92
164.17	221.33	107.0
112.57	108.75	117.67
149.89	128.0	177.25
98.75	55.78	141.72
59.18	48.48	67.74
4603.55	7451.28	47.2
48.09	50.53	43.2
415.17	372.33	458.0
1388.35	2153.75	112.67
189.83	161.33	218.33
102.61	87.78	127.33
87.28	88.63	85.93
118.33	119.0	116.43
134.0	156.0	112.0
325.03	19.1	554.48
262.06	194.78	329.33
124.0	131.0	112.33
200.2	119.71	441.67
38.72	31.56	45.87
279.67	175.33	384.0
149.02	104.86	237.33
620.8	1449.5	319.45
213.33	169.6	244.57
514.0	573.5	454.5
139.18	89.26	180.78
213.67	227.83	196.68
4731.82	1512.67	6341.4
111.0	88.75	140.67
465.16	793.6	218.82
379.86	498.75	221.33
166.5	151.0	192.33
91.0	113.25	76.17
142.37	212.67	36.93
59.59	57.67	62.48
78.37	99.95	46.0
86.16	127.12	17.9
167.08	180.56	136.75
222.25	211.45	276.23
431.83	158.33	705.33
103.66	119.97	90.6
22.2	32.17	7.25
138.74	79.3	174.4
158.67	70.78	290.5
313.94	318.97	311.43
268.25	314.8	233.33
145.97	209.33	82.61
225.56	308.17	101.65
211.5	50.67	372.33
127.73	132.34	116.97
340.47	276.89	518.5
223.76	258.0	194.41
185.69	193.1	173.33
198.75	172.5	225.0
59.96	67.19	43.09
212.67	221.0	187.67
42.68	44.27	41.5
397.22	498.67	346.5
241.83	113.33	370.33
253.74	216.19	283.78
291.2	263.25	309.83
172.23	134.09	286.67
182.29	157.6	196.0
117.31	152.0	91.29
353.83	320.33	387.33
150.64	127.41	177.45
119.43	148.67	97.5
323.62	245.4	454.0
415.57	535.93	295.2
266.67	198.0	335.33
352.0	351.33	352.67
414.33	738.93	170.88
95.33	113.0	77.67
213.82	245.14	159.0
238.17	130.7	426.25
342.2	378.0	288.5
229.62	300.4	111.67
329.23	409.0	295.04
790.97	95.33	980.69
589.26	539.6	638.92
108.77	131.77	72.64
74.13	27.27	121.0
236.13	265.85	77.66
246.0	227.8	268.75
210.97	61.6	360.33
84.3	102.67	69.27
990.56	335.67	1318.0
208.69	88.95	368.33
44.55	42.22	49.97
158.15	209.5	114.14
85.63	101.54	56.08
75.53	83.32	58.0
678.3	286.57	1592.33
216.55	176.0	248.09
246.41	164.72	355.33
450.4	275.83	712.25
209.83	245.0	174.67
154.62	136.0	196.5
782.98	1317.84	158.98
302.43	215.0	368.0
73.08	80.12	59.0
424.5	520.33	328.67
169.16	235.5	116.1
77.64	78.86	71.57
313.33	152.0	474.67
198.89	179.8	222.75
1223.11	287.2	2471.0
306.85	320.47	266.0
208.67	173.33	244.0
322.0	396.8	197.33
402.0	341.33	462.67
141.68	94.19	205.0
86.27	120.3	60.75
248.67	329.0	168.33
277.0	313.0	229.0
106.07	156.75	38.49
106.62	100.0	110.6
460.17	343.62	693.25
10401.39	15339.12	6451.2
189.69	189.49	190.63
461.67	654.33	269.0
220.0	204.5	232.4
413.1	787.33	38.87
146.85	95.75	176.05
241.35	227.86	268.33
144.28	122.33	163.08
278.21	324.18	220.75
137.0	167.8	98.5
143.77	151.78	127.75
240.67	275.67	205.67
188.38	233.5	143.25
231.97	216.83	247.1
124.9	130.0	121.5
293.41	648.33	27.23
227.33	185.0	269.67
158.13	125.22	202.0
117.83	223.67	54.32
165.87	206.41	91.55
7694.49	141.18	20283.33
295.82	211.25	521.33
79.63	92.62	44.97
107.43	106.0	108.5
231.14	104.54	378.83
1625.5	156.0	3095.0
113.1	93.5	129.44
194.12	193.0	195.25
634.88	575.5	694.25
289.97	100.93	479.0
267.0	251.67	282.33
144.85	160.1	125.26
163.33	218.0	108.67
717.92	387.71	1103.16
302.3	138.07	795.0
95.17	127.0	63.33
2492.0	4262.33	721.67
139.1	134.14	150.67
112.25	172.67	76.0
313.99	271.58	384.67
181.88	233.6	130.16
242.78	286.5	195.69
449.15	530.6	177.67
259.57	331.67	205.5
171.23	87.0	221.76
65.35	66.03	64.67
356.14	231.75	522.0
156.0	210.33	111.55
101.03	79.6	117.1
265.5	313.67	236.6
173.0	197.0	155.0
56.65	87.69	25.6
1243.87	202.67	1764.47
310.95	345.38	291.29
190.2	213.43	136.0
2926.04	5221.4	56.85
302.33	408.67	249.17
968.11	135.27	1592.75
198.38	215.25	181.5
115.49	134.53	94.33
683.33	148.6	1351.75
157.49	133.99	228.0
139.76	161.22	103.99
199.61	233.6	142.97
119.42	93.17	145.67
59.44	41.92	76.96
235.55	222.37	250.93
162.5	191.83	133.17
190.12	103.17	219.11
128.08	122.8	136.0
181.83	238.67	125.0
234.14	179.5	307.0
39.12	25.28	50.66
259.26	120.77	397.75
62.67	43.41	73.91
153.71	183.25	114.33
170.22	135.99	187.33
127.1	209.75	60.98
101.49	125.0	87.38
1660.22	211.0	3471.75
185.11	188.75	182.2
36.97	36.42	37.38
354.0	304.67	391.0
145.08	141.9	155.67
108.19	115.69	99.62
191.56	250.0	155.03
1663.57	526.5	3179.67
125.56	130.74	122.6
445.07	488.5	336.5
689.86	1669.67	199.95
227.74	240.72	188.8
153.07	104.32	234.33
267.91	116.33	324.75
155.38	202.05	77.6
395.24	524.0	169.9
496.83	571.67	422.0
89.86	85.19	98.55
235.75	260.67	220.8
547.0	384.0	818.67
37.66	20.5	60.53
410.85	56.37	765.33
345.17	256.0	434.33
37.6	38.34	36.63
111.83	91.33	132.33
323.3	211.27	435.33
107.32	77.63	137.0
42.53	28.4	63.73
350.25	435.75	264.75
101.13	107.85	91.04
168.06	150.19	221.67
135.97	116.38	155.56
170.62	195.27	145.97
46.74	59.72	36.36
5.0	4.0	5.75
109.47	224.25	40.6
112.0	118.33	105.67
191.63	154.43	211.66
334.0	76.33	444.43
206.14	161.33	286.8
124.06	125.93	121.57
729.33	890.75	600.2
136.51	195.6	106.96
85.42	87.9	77.67
279.28	232.15	335.84
451.69	675.33	228.04
196.38	147.33	225.8
142.33	125.8	163.0
788.08	1062.05	389.59
119.12	144.3	93.93
831.78	741.8	944.25
1091.73	126.66	1381.25
69.24	75.74	56.23
951.92	213.33	1690.5
91.54	130.67	62.2
294.06	305.94	286.93
92.65	97.64	83.93
295.62	782.33	87.03
107.0	120.75	79.5
109.84	31.93	187.75
71.5	69.4	75.0
193.67	179.0	214.2
353.11	462.0	262.38
63.09	66.3	56.67
95.37	94.06	100.25
92.84	78.92	110.25
106.29	98.97	111.16
53.66	45.2	68.88
37.33	33.86	39.06
320.67	382.0	259.33
158.12	164.63	138.6
433.86	722.5	49.0
59.9	105.7	14.1
297.56	336.0	266.8
37.68	40.69	30.67
56.58	67.19	42.43
97.24	35.57	143.5
162.08	272.75	88.3
78.34	44.1	124.0
196.65	188.22	206.12
87.3	91.33	83.27
256.86	204.0	286.23
283.62	421.5	145.75
62.99	68.12	59.57
167.91	161.25	185.67
56.26	54.48	58.63
219.0	259.33	178.67
800.83	1420.0	181.67
287.89	473.5	139.4
110.97	112.67	109.7
295.16	214.17	332.54
150.0	146.33	157.33
147.44	199.5	43.33
375.71	428.25	305.67
199.24	134.7	306.8
1164.97	1025.96	1396.67
130.7	180.0	97.83
137.89	143.22	129.0
86.18	40.92	142.75
211.52	185.62	230.35
242.05	226.21	273.71
404.11	338.75	456.4
222.2	250.07	210.26
231.67	214.33	249.0
526.29	945.33	107.25
211.0	156.0	266.0
660.57	171.33	794.0
360.83	448.17	186.16
71.52	67.45	73.85
458.67	439.0	481.14
924.23	160.1	2452.5
792.86	855.0	710.0
356.31	423.25	267.07
2332.16	94.22	3824.12
366.83	400.06	300.38
139.92	173.5	125.0
1000.49	140.47	1860.5
48.01	50.81	41.47
94.37	61.87	136.61
61.91	59.08	71.33
271.25	673.6	70.08
213.69	123.33	291.14
202.0	109.5	248.25
100.16	111.44	70.08
154.6	201.0	134.71
215.29	243.25	178.0
616.38	590.25	642.5
133.43	153.6	113.27
94.87	41.2	137.8
1342.92	2275.5	410.33
66.04	75.33	53.67
112.02	109.13	121.67
120.29	112.33	126.25
557.52	364.0	702.66
72.56	55.23	95.67
1357.22	3485.33	293.17
152.44	161.5	145.2
344.83	251.33	438.33
151.67	98.3	226.38
54.98	28.95	81.0
448.22	590.92	305.53
270.86	309.25	219.67
554.17	710.67	397.67
200.22	268.67	159.16
419.67	454.67	384.67
2295.58	660.82	3930.33
292.42	279.49	307.69
167.7	393.6	97.1
27.15	21.09	37.23
208.35	235.75	180.95
996.66	62.84	1385.75
181.75	78.4	255.57
214.57	313.32	50.0
177.57	187.0	165.0
237.26	221.55	251.0
197.67	194.0	201.33
990.9	495.68	1371.85
57.77	84.68	3.93
54.75	49.5	60.0
147.38	114.36	170.5
168.88	204.5	133.25
1002.33	592.33	1412.33
115.3	65.65	145.09
530.02	784.0	377.64
357.71	510.33	243.25
240.2	259.67	231.86
371.0	297.0	445.0
772.66	2689.12	133.84
67.83	43.33	92.33
380.4	354.4	406.4
161.25	180.75	141.75
206.07	146.17	251.0
160.11	206.94	75.8
236.51	231.75	240.31
81.4	68.7	88.66
238.54	238.69	238.33
243.25	245.4	239.67
265.17	375.33	155.0
319.79	427.48	104.42
207.69	243.11	128.0
105.76	106.94	103.0
128.0	166.0	90.0
29.27	27.49	34.6
129.14	115.48	146.22
32.38	19.78	44.14
26.6	32.98	11.69
233.24	271.58	190.64
584.0	639.67	528.33
302.83	280.67	325.0
318.64	283.6	347.83
158.83	174.41	137.0
228.0	237.83	208.33
416.5	268.54	597.33
39.61	43.8	31.23
12241.19	447.1	31898.0
537.13	816.4	257.86
67.2	72.33	63.35
159.11	204.25	98.93
217.01	244.6	200.46
115.25	119.4	108.33
94.47	66.72	114.29
308.84	183.97	475.33
127.04	163.31	104.72
261.17	224.0	298.33
57.1	62.6	51.6
174.72	170.45	179.0
114.69	136.5	85.6
58.13	44.93	114.25
283.37	50.53	458.0
458.25	642.75	273.75
910.12	838.64	1070.95
210.27	289.0	105.3
2450.0	2783.33	1783.33
91.78	64.29	137.6
242.38	146.8	401.67
359.33	412.0	333.0
156.76	131.21	244.78
196.07	82.16	277.43
4633.71	7686.67	2344.0
173.96	125.13	259.43
47.09	34.42	59.75
172.83	267.0	78.67
64.62	65.54	63.08
424.78	435.17	404.0
423.0	538.14	221.5
265.82	350.0	195.67
461.31	330.33	500.6
95.67	103.0	88.33
66.47	75.97	56.97
218.75	236.2	160.6
266.29	265.67	266.75
637.14	746.0	492.0
139.19	160.9	103.0
239.64	267.12	184.67
175.89	143.72	197.33
240.14	154.0	355.0
2588.29	1756.0	3212.5
69.88	50.83	82.58
1231.17	879.0	1583.33
395.88	318.6	524.67
239.32	264.58	207.75
147.29	174.5	111.0
3.82	1.1	6.54
193.38	158.6	251.33
10.56	7.76	11.81
202.22	351.33	127.67
321.62	233.56	376.66
84.96	100.87	73.03
133.17	102.0	164.33
163.7	146.6	180.8
297.33	387.75	252.12
219.08	260.88	135.5
278.61	163.25	370.9
233.59	258.47	217.0
127.73	94.25	261.67
48.4	46.67	51.0
159.29	108.25	227.33
255.25	323.0	187.5
273.15	263.98	277.22
85.33	78.67	92.0
53.51	28.47	137.0
373.26	282.2	412.29
262.1	349.33	209.76
362.86	390.75	325.67
225.5	342.4	108.6
167.08	248.8	116.0
2527.1	4026.5	278.0
294.83	308.15	260.2
129.0	131.75	126.25
52.27	64.58	31.75
443.6	255.67	584.55
104.71	135.67	93.1
193.2	166.52	237.67
129.1	156.32	83.75
270.65	244.22	312.95
152.83	126.95	187.33
421.83	252.33	591.33
716.55	882.75	273.33
144.36	102.67	194.4
100.24	111.49	62.0
168.72	128.47	208.97
346.25	285.33	382.8
295.89	191.0	379.8
235.0	190.0	295.0
256.07	289.92	120.67
126.89	59.18	194.6
120.77	176.83	27.33
138.18	151.97	110.6
299.45	242.28	399.5
66.23	66.47	65.5
256.02	350.27	91.08
93.79	63.98	163.33
281.83	258.33	305.33
79.83	71.5	109.0
694.03	290.5	1007.89
4222.67	6429.33	2016.0
167.14	211.67	133.75
171.77	143.4	195.42
206.71	220.5	188.33
139.89	150.41	94.33
724.12	337.0	1369.33
40.64	37.04	43.52
1677.61	765.83	2133.5
135.57	116.36	198.0
60.59	56.67	64.03
149.77	94.71	214.0
124.04	102.38	158.7
224.98	196.25	247.96
499.71	438.33	545.75
430.2	478.43	317.67
60.07	36.46	88.4
147.67	138.75	157.86
235.82	279.8	199.17
304.36	193.41	370.93
193.73	223.83	175.67
45.01	47.83	41.27
1800.5	421.0	3180.0
309.05	348.5	287.53
155.0	154.33	155.4
124.58	106.63	151.5
95.62	84.9	108.13
320.57	290.5	360.67
1777.0	519.75	3453.33
103.63	85.5	112.7
470.21	445.43	495.0
251.0	226.25	284.0
299.6	280.8	327.8
191.67	125.0	258.33
223.42	108.17	338.67
529.5	419.22	671.29
479.0	598.2	330.0
1735.67	2852.33	619.0
314.57	429.0	228.75
608.83	809.33	408.33
412.91	524.0	371.25
49.06	57.75	31.67
189.57	188.67	190.25
379.73	427.17	348.11
165.69	171.07	151.33
171.04	225.12	49.35
180.75	130.81	239.0
259.25	193.4	369.0
171.6	214.22	128.97
56.6	49.85	65.6
481.14	386.25	607.67
6037.29	20188.5	376.8
86.93	76.67	89.35
181.71	199.08	118.0
46.09	58.93	36.46
132.8	121.6	144.0
152.28	232.55	115.8
77.03	61.97	88.33
205.56	166.8	252.08
54.65	12.3	97.0
111.2	185.75	36.65
153.27	127.08	179.46
223.69	225.7	221.0
320.44	98.22	542.67
339.33	403.0	275.67
631.78	423.0	798.8
252.78	178.83	400.67
443.41	702.5	97.97
361.23	284.6	383.76
143.57	154.0	130.52
293.39	186.44	436.0
313.83	355.0	272.67
457.43	1001.58	22.12
205.33	163.6	257.5
246.52	318.0	115.48
769.0	971.5	634.0
67.5	82.2	61.99
118.83	214.4	23.25
291.14	90.5	558.67
41.23	41.16	41.32
111.43	99.0	120.75
501.0	498.14	507.67
192.0	168.67	215.33
127.88	119.5	136.25
257.67	150.75	400.23
18.76	19.81	17.45
89.03	172.23	61.3
372.88	136.67	514.6
554.29	171.33	841.5
315.14	294.75	342.33
160.65	127.97	193.33
350.88	598.25	103.5
272.4	259.75	323.0
115.82	114.0	116.85
410.57	482.0	357.0
212.78	225.89	199.67
135.29	154.5	109.67
74.97	141.17	52.91
136.44	111.25	150.84
108.9	122.86	76.33
245.17	311.0	179.33
173.39	137.93	297.5
353.18	140.67	565.7
714.12	318.67	951.4
243.58	304.95	145.4
230.14	270.67	199.75
223.58	289.57	69.6
403.5	427.0	380.0
153.72	160.06	152.31
313.45	204.77	422.12
111.11	104.5	124.33
183.81	226.0	152.17
293.0	281.17	310.75
169.4	139.38	189.42
104.1	120.0	80.25
197.79	180.0	215.58
411.17	357.67	464.67
132.28	108.65	143.01
144.17	133.33	155.0
62.33	50.52	82.0
230.48	222.3	261.88
199.5	194.8	204.2
66.72	50.95	82.5
208.29	204.67	211.0
692.25	507.0	877.5
133.1	163.33	87.75
168.05	283.8	85.37
1133.1	956.64	1486.0
159.35	218.33	88.56
3782.42	4539.83	3025.0
194.12	228.2	137.33
107.0	79.0	135.0
291.12	316.0	266.25
208.67	140.17	238.03
542.7	342.17	843.5
171.33	158.0	184.67
187.38	88.2	253.5
73.47	101.7	45.25
171.75	190.67	160.4
571.86	505.5	660.33
48.31	17.32	87.05
117.56	121.4	111.17
106.4	64.14	205.0
102.44	138.97	80.52
105.56	107.38	104.05
216.25	192.28	254.6
101.91	65.0	138.82
309.5	244.0	375.0
232.75	250.33	226.89
151.97	106.7	212.33
136.92	55.52	218.33
137.62	23.6	251.63
173.22	145.04	257.75
394.17	581.67	206.67
130.4	108.08	169.45
552.25	144.33	960.17
489.83	405.0	574.67
52.59	27.08	84.47
168.71	145.25	199.99
918.55	688.0	1110.67
106.87	83.73	130.0
509.29	577.5	418.33
547.67	444.0	651.33
644.75	1055.33	398.4
501.14	666.44	368.9
146.6	129.2	164.0
170.54	70.95	303.33
426.32	555.3	361.83
108.29	122.98	100.13
257.6	285.0	216.5
129.75	145.81	97.63
72.04	56.5	82.4
367.57	274.0	437.75
91.67	101.0	82.33
49.47	33.15	62.54
658.5	454.0	863.0
53.83	86.67	20.99
78.75	79.75	78.3
1621.83	3039.67	204.0
158.0	87.5	200.3
128.78	150.0	86.33
176.71	174.0	189.33
180.86	171.25	193.67
154.28	164.14	141.95
94.91	74.9	121.6
272.0	195.33	348.67
66.59	26.88	86.45
210.8	76.0	268.57
308.8	261.33	356.27
377.38	240.4	605.67
92.22	104.25	86.21
182.0	115.0	249.0
187.33	190.67	184.0
179.81	147.18	240.43
1718.77	2844.65	29.95
220.44	200.0	236.8
101.0	124.0	78.0
989.58	1571.76	407.4
817.73	366.25	1075.71
96.88	139.6	25.67
306.33	284.67	328.0
164.0	146.2	186.25
152.59	250.7	96.53
48.82	44.17	51.32
374.85	488.75	260.95
1559.75	482.67	2206.0
480.33	378.33	582.33
288.47	483.0	171.76
257.83	202.67	313.0
170.12	133.8	230.67
323.41	263.33	383.49
45.83	52.0	37.6
140.27	204.87	116.05
7.37	3.42	12.65
231.5	152.4	261.92
612.44	516.0	689.6
153.73	224.4	118.4
182.12	185.67	180.0
124.44	131.4	115.75
389.27	420.62	353.43
240.29	295.0	199.25
341.43	285.0	383.75
110.8	103.24	120.25
292.4	379.52	179.15
13.69	2.05	25.32
210.92	236.14	175.6
133.83	175.67	92.0
117.28	88.25	146.31
134.88	129.49	149.51
98.39	101.69	93.21
76.24	59.68	98.33
154.86	81.33	210.0
92.82	115.5	79.86
423.56	278.75	539.4
3240.43	5261.25	546.0
304.67	174.67	434.67
298.71	433.75	118.67
122.04	152.15	91.92
2453.51	66.1	3885.96
388.83	437.67	340.0
177.88	230.0	125.75
188.75	169.2	222.97
53.61	25.47	102.85
597.5	467.0	728.0
167.43	180.33	157.75
223.63	134.27	313.0
187.57	285.0	114.5
47.3	83.0	11.6
42.22	35.1	49.35
243.82	265.17	211.81
296.85	203.36	452.67
207.7	195.97	223.33
205.16	176.67	217.37
726.82	625.1	853.98
207.55	76.17	338.93
235.96	178.93	350.0
183.86	181.0	187.67
120.78	117.08	126.06
66.77	51.12	80.18
218.57	165.33	258.5
3.4	5.12	2.54
345.57	466.25	184.67
47.83	36.7	58.96
112.71	115.33	110.75
108.23	130.83	96.93
269.36	125.25	461.5
268.84	260.16	283.71
146.89	142.0	153.0
2185.74	2679.27	1507.12
288.0	208.25	394.33
134.36	137.75	130.97
138.92	146.14	129.3
23.22	22.62	23.82
30.2	36.28	25.13
757.91	633.75	828.86
278.0	262.4	297.5
283.82	375.6	207.34
210.18	159.86	298.25
56.08	58.54	51.99
142.63	151.88	124.15
155.29	170.5	135.0
312.38	235.33	358.6
796.5	934.8	658.2
318.33	292.0	344.67
94.45	44.23	144.67
145.4	99.05	182.48
259.25	107.0	350.6
412.99	111.97	638.75
235.18	238.24	222.92
135.25	148.0	114.0
275.68	348.57	148.12
118.48	143.1	93.87
157.56	141.75	170.2
24.75	50.19	12.03
149.22	168.0	134.2
24.83	14.57	47.92
65.53	78.5	46.07
368.64	376.83	352.27
545.88	321.73	695.32
262.71	371.67	181.0
127.4	177.0	90.2
229.31	226.95	232.25
230.33	207.5	248.6
142.5	117.67	167.33
327.0	414.6	181.0
172.7	168.28	178.0
212.0	216.6	206.25
230.45	81.57	379.33
116.85	187.67	74.36
425.9	178.32	708.86
326.33	213.65	354.5
277.05	216.33	349.9
539.17	489.0	589.33
149.13	193.88	14.89
195.11	247.75	171.72
405.0	430.5	371.0
256.12	112.5	399.75
464.4	289.17	1165.33
1015.08	3067.0	135.69
398.78	806.4	242.0
135.17	115.0	155.33
178.11	130.83	272.66
303.02	346.0	260.04
471.33	276.67	666.0
144.92	168.0	128.43
330.5	335.38	326.27
146.81	100.47	180.51
139.27	138.9	140.5
286.87	438.67	185.67
142.97	180.33	114.95
180.0	121.33	238.67
338.0	428.0	248.0
160.56	172.8	145.25
71.05	54.48	84.3
392.57	452.33	347.75
129.25	82.0	192.24
69.21	58.67	75.54
57.2	75.71	24.8
254.62	201.28	414.67
202.48	42.4	239.42
24.35	42.93	5.77
212.25	220.6	198.33
251.73	323.86	125.5
165.57	158.67	170.75
229.61	216.98	284.33
140.58	181.17	100.0
122.09	65.4	178.78
311.1	168.33	372.29
122.84	98.07	141.41
90.14	98.66	83.75
132.3	142.34	116.41
351.25	475.75	295.92
225.57	84.99	331.0
161.95	138.87	175.8
331.8	260.57	498.0
209.8	83.8	285.4
163.06	169.34	148.92
2487.35	1550.25	3893.0
167.12	148.75	185.5
289.57	383.0	165.0
199.38	193.8	208.67
76.25	87.33	65.17
96.07	202.66	32.12
105.03	92.5	111.3
78.33	111.67	45.0
206.15	172.33	218.08
232.2	265.25	210.17
98.74	76.12	144.0
230.63	110.8	290.54
306.0	170.4	475.5
127.15	51.57	159.54
291.69	558.01	25.37
114.7	157.2	72.2
98.87	111.5	73.6
229.08	234.1	212.33
540.83	555.0	526.65
251.0	227.67	265.0
160.38	132.0	207.67
64.26	73.58	49.36
447.29	886.4	172.85
223.21	272.73	183.6
364.15	196.1	437.68
207.55	159.33	231.66
475.67	413.0	538.33
2265.84	3832.0	1012.92
647.14	560.0	788.75
393.2	253.83	602.25
169.74	166.18	171.36
5406.34	4920.21	5919.47
234.0	241.6	226.4
189.52	210.96	122.53
915.38	762.0	961.4
108.61	65.63	137.26
170.25	107.75	232.75
84.29	91.25	75.0
237.62	254.09	221.15
205.88	226.4	171.67
51.67	62.45	40.9
52.96	23.54	104.45
167.6	295.0	72.05
255.92	319.67	201.29
259.62	236.4	298.33
207.47	189.45	214.68
70.99	84.63	60.75
652.38	741.2	504.33
118.52	59.28	159.53
206.8	193.0	216.0
154.54	144.44	168.0
62.81	101.63	33.7
113.43	107.0	116.65
180.29	221.67	149.25
157.86	138.33	172.5
96.0	48.99	158.67
13.66	22.34	2.8
122.56	101.3	138.5
100.1	103.0	94.87
2807.94	2881.83	2767.64
68.11	162.19	44.59
151.92	155.67	148.17
261.22	319.33	130.47
141.13	144.68	132.25
87.51	56.32	126.5
154.57	124.5	194.67
462.88	648.25	277.5
176.5	202.0	151.0
365.58	371.92	336.0
134.83	159.0	110.67
79.94	97.67	44.5
467.33	404.0	530.67
264.0	424.33	103.67
78.55	95.33	61.77
107.44	79.05	126.37
121.5	198.67	44.33
4230.88	3794.75	4667.0
186.0	155.33	209.0
42.0	45.85	34.3
174.38	234.0	156.5
100.55	81.24	110.21
168.64	179.09	126.83
331.47	279.56	452.6
396.59	391.6	398.67
401.78	513.25	312.6
84.14	61.1	97.31
433.62	447.25	420.0
2496.65	261.33	4731.97
221.45	281.33	131.62
181.18	175.88	186.49
182.5	242.0	123.0
74.71	97.99	57.24
223.38	141.0	272.8
322.17	267.27	358.78
5.2	5.6	4.8
214.69	249.67	206.62
125.2	113.17	143.25
833.0	373.25	1200.8
155.78	112.63	181.68
225.89	213.3	241.62
115.62	78.33	138.0
323.43	364.55	298.75
375.09	240.0	487.67
193.96	194.8	191.25
11406.5	22264.67	548.33
85.19	70.01	134.5
278.25	209.6	392.67
120.27	128.97	108.66
815.12	1096.8	345.67
738.7	278.58	1363.14
221.21	218.5	222.29
167.9	194.41	130.78
105.9	121.0	95.83
161.62	191.0	132.25
75.4	74.95	76.0
122.65	177.33	67.97
114.18	131.65	87.98
112.89	110.25	114.21
601.24	132.3	882.6
243.33	264.0	202.0
94.15	99.73	90.8
165.52	150.72	180.32
293.5	195.33	391.67
215.32	232.3	198.33
203.48	262.0	183.98
188.22	191.33	182.0
312.6	218.8	406.4
213.59	318.33	168.7
189.3	244.66	106.25
115.86	133.5	92.33
140.93	64.0	171.7
135.18	222.08	70.0
265.09	259.0	268.57
117.82	56.39	179.25
597.17	719.0	475.33
507.86	350.33	626.0
433.0	474.62	407.38
290.69	326.0	234.2
233.5	258.33	208.67
110.32	135.0	85.63
103.48	55.63	151.33
151.0	188.33	123.0
145.83	110.13	205.33
188.61	212.48	111.0
163.45	196.25	141.58
504.45	557.14	412.25
165.85	241.29	107.18
76.62	80.0	73.25
287.35	316.67	279.35
147.66	267.67	57.65
242.81	140.96	344.67
174.83	184.67	165.0
601.69	525.33	658.95
205.57	238.75	161.33
907.02	1332.97	268.11
256.46	230.0	273.0
86.0	97.0	78.67
214.87	228.89	208.5
220.62	100.33	292.8
930.0	885.0	952.5
443.59	843.67	203.54
280.18	236.42	313.0
167.54	176.44	147.5
264.67	99.0	430.33
79.0	61.93	87.53
442.0	453.33	430.67
155.24	105.75	167.61
74.35	107.7	41.0
248.5	405.33	91.67
170.17	179.0	161.33
28.13	28.82	27.44
213.67	218.33	209.0
187.22	173.5	198.2
179.33	154.33	204.33
192.06	221.6	162.52
545.12	542.0	547.0
197.7	172.5	235.5
121.64	157.25	93.16
114.05	85.61	170.93
37.85	15.82	103.96
145.5	189.0	102.0
126.26	134.69	106.6
87.66	106.58	68.75
209.35	239.89	154.38
188.09	176.2	198.0
103.73	80.4	119.28
286.86	321.48	252.25
78.78	122.83	43.54
183.75	306.5	61.0
116.56	120.25	113.6
182.37	206.0	158.75
578.5	401.67	684.6
45.59	69.67	31.15
61.23	48.94	81.7
308.41	237.75	348.79
105.77	76.47	127.75
242.52	296.51	134.54
176.5	157.67	195.33
94.31	99.63	88.99
81.92	69.08	103.33
282.48	330.3	234.67
172.62	187.2	148.33
523.81	1046.95	291.31
267.62	151.33	337.4
129.83	131.67	128.0
181.34	150.76	232.3
50.67	35.13	66.2
172.97	97.6	248.33
99.86	104.25	94.0
119.97	55.93	184.0
105.61	129.51	72.16
195.0	236.25	153.75
346.44	583.0	157.2
368.25	558.0	178.5
220.38	237.56	168.83
421.25	250.8	705.33
139.82	106.27	163.3
331.17	585.22	190.03
111.64	102.99	120.29
153.4	152.98	154.67
235.67	254.0	217.33
186.1	256.36	69.0
146.37	240.99	89.6
151.71	122.75	190.33
254.56	295.0	234.33
167.42	398.67	51.8
179.25	157.33	192.4
214.67	101.0	271.5
226.5	204.33	248.67
578.33	833.0	323.67
368.0	346.25	397.0
235.33	272.33	198.33
184.19	218.45	108.8
29.08	25.46	32.7
179.71	245.33	130.5
333.58	222.62	555.5
94.0	103.12	81.83
157.89	96.25	185.29
342.83	349.67	336.0
61.31	46.86	67.5
440.03	52.06	763.33
98.49	74.58	138.33
106.31	71.38	129.6
206.49	194.14	259.99
368.2	110.85	711.33
316.93	348.22	270.0
269.98	71.63	468.33
341.18	531.62	123.53
269.0	243.2	312.0
274.71	232.0	331.67
140.93	154.0	127.87
259.56	225.75	286.6
413.37	404.27	434.38
219.17	140.0	298.33
63.37	10.07	116.67
143.4	128.67	165.5
364.45	418.11	243.7
196.52	238.87	154.17
235.58	227.86	246.4
109.74	113.75	107.96
96.66	123.19	36.98
181.4	128.97	233.83
169.67	130.67	208.67
311.38	283.4	358.0
251.61	265.33	237.89
161.54	91.93	213.75
66.18	43.97	118.0
618.91	835.14	240.5
106.68	129.13	73.0
161.88	131.75	178.62
1136.58	1279.56	969.78
815.25	1376.33	254.17
122.35	119.2	127.6
290.33	375.67	205.0
170.81	58.38	395.67
114.97	177.67	52.27
274.58	412.78	136.38
115.56	82.5	142.0
206.0	281.33	149.5
424.64	336.62	542.0
331.15	352.5	309.8
135.29	142.0	130.25
236.29	135.5	308.29
475.0	668.8	152.0
102.2	77.67	116.92
225.5	214.73	265.0
268.83	155.67	382.0
260.75	245.0	270.2
205.45	205.5	205.33
164.82	137.0	213.5
280.63	323.62	194.67
951.67	177.67	1725.67
174.21	95.17	233.5
395.33	402.0	388.67
48.63	68.0	29.27
111.32	113.33	110.32
277.64	96.83	413.25
294.81	132.17	392.4
149.65	281.93	17.37
192.17	220.0	157.38
150.72	122.96	197.0
363.56	273.97	632.33
88.84	97.25	85.48
166.16	166.22	166.1
410.5	227.75	593.25
216.66	245.27	204.4
237.33	36.75	397.8
174.16	142.85	246.19
445.33	484.8	417.14
302.64	108.1	497.18
370.12	464.67	313.4
167.47	235.33	99.6
159.94	200.82	147.68
142.37	183.0	88.2
155.91	205.92	89.23
350.29	362.0	334.67
318.78	358.83	238.67
328.62	342.0	284.0
106.44	95.33	128.66
262.25	320.25	204.25
1052.66	2536.43	187.13
339.0	200.67	422.0
141.67	303.27	44.72
469.33	376.0	544.0
710.0	695.36	727.07
72.53	61.8	94.0
476.33	407.33	545.33
187.5	227.75	147.25
305.56	351.0	276.64
400.0	308.0	492.0
269.91	311.29	197.5
274.37	133.2	415.53
126.77	126.47	127.16
392.83	422.67	363.0
244.33	301.25	198.8
467.55	445.83	493.6
229.55	180.59	303.0
231.86	301.67	179.5
1011.29	212.67	1610.26
41.83	26.87	49.31
847.29	858.5	832.33
201.14	201.0	201.33
246.0	218.33	273.67
353.14	328.75	385.67
193.87	134.0	253.75
445.5	377.5	479.5
146.58	120.97	191.4
139.29	120.25	164.67
272.66	596.27	78.5
101.81	160.33	43.28
135.44	131.67	136.86
209.19	220.8	194.67
320.38	650.33	122.4
201.29	213.25	185.33
328.72	724.0	159.31
48.94	53.7	42.6
438.17	402.0	474.33
158.36	152.0	162.0
75.25	64.24	84.43
99.0	142.0	66.75
169.58	195.97	143.19
257.1	215.6	298.6
225.0	171.67	278.33
85.14	44.33	115.75
383.43	791.67	77.25
63.84	80.47	41.67
105.14	49.33	147.0
360.83	398.67	323.0
116.83	165.67	80.2
262.57	202.36	305.57
314.64	337.4	302.0
163.68	95.9	231.47
236.05	200.5	244.94
69.83	99.0	40.67
102.0	94.0	110.0
113.09	131.17	76.93
40.94	40.62	41.6
265.5	27.33	503.67
287.0	108.25	525.33
276.2	262.2	290.2
278.33	294.0	262.67
719.93	1291.43	148.43
1086.36	2265.75	412.43
257.33	269.33	245.33
184.44	142.33	268.67
446.88	602.2	188.0
120.24	135.2	95.3
151.93	128.36	222.66
765.5	708.33	808.38
637.49	986.85	224.62
1310.6	1195.67	1359.86
35.79	60.82	10.77
2549.64	3027.75	2276.43
159.67	166.4	151.25
705.29	450.5	1045.0
129.31	217.67	40.95
123.83	60.93	171.0
176.59	19.23	271.0
39.19	41.21	35.96
193.17	108.67	277.67
383.18	504.52	231.5
578.67	669.0	398.0
264.88	206.0	323.75
110.82	148.0	73.63
97.35	73.97	120.72
79.52	98.67	69.95
266.0	354.67	199.5
568.0	557.67	578.33
85.66	108.25	67.58
970.0	865.67	1048.25
291.21	228.18	370.0
51.17	32.6	65.1
259.98	329.86	96.93
324.62	268.4	418.33
189.8	313.0	137.0
127.57	124.67	132.8
103.25	92.25	132.6
103.75	86.33	114.2
174.01	205.18	151.75
1332.36	278.78	3088.33
202.49	164.0	231.36
15.38	12.6	18.17
93.87	98.32	87.2
42.83	65.93	36.53
630.0	1213.33	46.67
89.41	121.67	65.21
1486.67	213.48	3608.67
157.1	132.56	198.0
231.33	111.0	351.67
53.31	35.65	70.97
179.51	138.78	213.45
741.0	455.0	969.8
383.92	740.0	161.38
214.59	308.78	57.6
136.98	208.0	65.97
228.67	181.83	256.78
311.12	196.0	426.25
102.85	168.33	63.56
29.27	33.33	25.2
93.25	48.8	167.33
478.5	202.0	644.4
151.75	132.0	184.67
184.89	184.6	185.25
411.49	476.53	377.26
181.03	78.5	351.9
315.84	182.93	419.22
369.5	455.0	284.0
313.12	289.21	404.0
75.57	95.67	45.43
153.69	158.09	145.62
327.09	351.43	308.85
260.47	143.67	330.55
487.37	744.67	294.4
85.36	115.71	42.86
102.28	60.53	127.32
174.5	128.67	220.33
1239.14	3461.33	128.05
609.93	603.52	616.33
297.29	250.0	332.75
74.7	100.51	41.51
175.88	127.62	218.78
352.0	397.33	318.0
229.67	104.33	355.0
112.66	107.6	116.45
341.0	148.67	533.33
401.29	284.67	488.75
387.0	516.8	322.1
253.46	252.09	256.55
68.69	42.52	111.53
707.0	162.33	979.33
81.67	78.67	84.67
157.14	131.75	191.0
441.21	576.0	387.3
83.73	122.87	44.6
61.4	60.33	62.06
226.57	203.2	246.04
138.13	134.0	142.27
9.28	9.5	9.0
451.33	323.33	579.33
241.83	121.33	362.33
154.1	231.53	96.03
307.22	316.75	299.6
258.99	345.0	233.19
244.17	193.0	295.33
131.01	105.35	156.67
152.89	152.0	153.31
155.64	225.67	120.63
97.69	76.88	118.5
67.67	130.9	41.32
264.83	268.33	261.33
42.32	70.33	14.3
189.83	215.33	164.33
124.99	138.33	116.98
167.72	320.3	15.13
144.08	41.93	171.94
242.35	54.6	355.0
226.22	235.75	218.6
279.89	179.25	360.4
291.45	184.5	398.4
171.5	186.6	156.4
99.64	86.87	109.22
478.22	586.5	261.67
136.16	70.57	175.52
163.69	75.97	187.62
184.18	168.75	193.0
269.18	200.67	351.4
154.48	194.33	114.63
194.37	214.42	149.25
127.5	133.1	120.5
208.11	180.47	235.75
117.14	112.67	120.5
602.67	568.33	637.0
162.0	151.33	172.67
116.03	167.17	54.68
475.6	497.0	466.43
99.73	55.82	129.0
154.05	55.9	252.2
81.75	65.8	108.33
290.1	395.0	227.16
162.38	229.67	122.0
223.3	185.0	239.71
167.3	250.48	95.99
389.36	342.0	473.56
609.0	795.0	497.4
223.75	187.25	260.25
238.88	388.67	149.0
290.78	302.47	250.71
128.29	129.33	127.25
357.83	390.67	325.0
48.31	32.89	84.29
329.98	202.5	431.96
358.62	222.0	440.6
216.76	237.0	176.29
99.18	100.17	98.19
281.8	257.8	305.8
191.49	230.18	127.0
229.83	308.0	151.67
233.67	321.83	57.33
323.73	601.0	46.45
347.29	304.5	404.33
377.57	117.0	725.0
331.67	338.4	323.25
19.12	17.23	21.0
143.45	150.8	131.2
155.48	68.63	242.33
237.0	102.0	372.0
159.43	225.0	110.25
2462.81	2698.0	2355.91
2918.43	5026.5	107.67
28.92	28.2	29.36
172.75	155.66	189.85
165.78	235.0	96.57
122.91	42.76	171.0
115.63	130.67	100.6
370.81	444.5	248.0
106.3	113.6	99.0
275.33	295.0	255.67
322.0	229.0	415.0
231.28	207.52	244.48
193.49	171.75	204.36
329.91	189.43	395.47
1565.4	2362.0	1087.44
391.0	351.33	405.88
866.06	446.34	1038.88
73.66	62.33	85.0
224.97	162.5	287.44
224.79	265.6	194.19
404.15	468.9	188.33
1536.67	175.37	2557.65
185.71	209.22	176.3
288.64	294.5	285.29
235.16	221.38	238.6
367.96	92.5	643.43
257.67	335.33	231.78
375.14	431.0	300.67
497.0	776.67	217.33
100.7	128.67	72.73
191.0	156.17	260.67
209.0	160.5	257.5
275.0	191.33	358.67
294.25	340.25	248.25
136.93	68.83	177.78
144.26	175.95	102.0
429.61	119.18	556.08
134.48	108.8	173.0
170.86	214.67	138.0
266.29	280.67	255.5
1161.26	95.93	1960.25
204.94	204.35	205.73
116.67	76.96	209.33
235.75	253.5	218.0
339.11	350.0	325.5
657.5	518.0	797.0
298.4	261.67	325.94
213.0	207.0	221.0
401.5	295.0	508.0
139.65	181.67	97.63
138.27	59.17	197.6
201.75	228.67	185.6
157.79	277.0	38.58
297.0	283.33	310.67
111.66	141.0	88.2
189.25	202.5	183.95
784.71	332.67	1123.75
236.17	255.0	217.33
39.25	25.2	62.67
268.53	293.78	240.12
135.42	141.63	123.0
1226.83	1316.67	1137.0
54.35	52.23	54.98
48.99	10.37	77.96
409.17	430.33	388.0
82.42	64.5	100.33
251.33	392.33	110.33
396.25	329.0	463.5
113.32	100.0	126.63
242.17	299.0	185.33
131.14	133.25	128.33
105.13	154.88	65.34
511.17	114.67	907.67
359.35	274.65	461.0
66.31	53.99	83.55
56.52	11.2	82.41
168.25	184.67	158.4
106.29	100.25	114.33
689.5	708.0	658.67
399.83	335.33	464.33
263.57	63.0	414.0
215.4	200.25	235.6
191.16	181.85	198.6
43.68	35.74	47.65
155.86	184.0	134.75
130.0	181.5	61.33
566.0	407.5	645.25
3992.92	4157.33	3852.0
212.57	217.67	208.75
95.62	98.6	92.63
137.45	174.27	130.55
112.06	100.0	119.3
128.75	148.62	95.63
89.06	141.72	46.92
15.54	24.0	10.46
4.67	4.83	4.52
154.25	188.33	133.8
146.34	121.84	179.0
147.29	132.67	158.25
123.06	117.35	130.67
372.71	300.0	469.67
408.56	218.0	653.57
187.08	278.85	118.25
166.92	174.19	147.3
294.06	256.67	310.08
253.7	208.0	273.29
86.61	73.35	99.88
413.83	335.67	492.0
284.67	182.25	366.6
123.15	165.83	71.93
257.0	238.33	268.2
496.25	458.83	518.7
92.7	96.2	89.2
41.78	61.12	27.27
101.44	52.33	126.0
529.42	664.88	258.5
597.94	795.0	440.3
241.93	220.67	257.88
233.95	193.67	251.21
35.57	55.35	21.07
396.17	578.67	213.67
251.63	436.38	20.68
214.6	210.2	219.0
64.97	69.97	61.23
185.57	138.41	311.33
86.17	117.3	62.82
131.0	109.2	167.33
168.36	170.0	167.12
400.17	349.33	451.0
384.35	340.47	453.83
168.31	160.45	174.6
84.33	76.67	91.99
579.89	681.0	512.48
259.29	251.48	271.0
163.93	95.87	232.0
75.0	123.39	10.47
161.0	270.75	98.28
236.74	189.0	271.45
238.15	221.0	255.3
34.63	41.72	15.73
1393.2	1072.0	1607.33
277.43	438.0	157.0
87.98	52.63	103.13
238.45	246.0	232.17
150.98	167.33	134.63
289.0	339.0	239.0
87.74	120.1	55.38
559.14	597.67	530.25
105.25	122.8	76.0
369.88	364.67	370.59
217.22	228.75	208.0
272.5	170.33	374.67
299.11	288.75	307.4
275.88	305.88	249.22
352.33	381.67	337.67
206.91	323.33	163.25
143.68	88.41	179.21
77.29	73.0	83.0
724.14	864.0	537.67
25.14	59.33	4.63
212.08	163.5	260.67
157.29	186.0	135.75
200.8	128.33	237.03
527.92	374.4	623.88
124.5	161.33	87.67
434.0	403.0	452.6
294.17	178.33	410.0
147.0	167.67	137.46
355.61	377.3	342.6
147.15	61.0	233.3
187.59	65.93	248.42
129.32	185.0	73.63
77.05	95.91	39.35
309.0	285.33	332.67
829.87	591.47	1306.67
359.0	416.67	315.75
227.57	219.67	233.5
281.7	296.0	260.25
107.05	190.3	23.8
209.5	158.0	261.0
468.56	480.17	445.33
680.5	102.1	873.3
244.2	238.5	248.0
343.0	231.33	454.67
393.54	336.83	442.14
169.69	359.0	75.03
180.61	134.47	226.75
450.86	469.0	437.25
223.23	214.67	230.57
78.8	95.63	66.17
1797.17	1141.33	2453.0
281.53	372.0	224.99
237.66	429.33	141.83
183.5	108.33	258.67
186.87	144.0	208.3
626.5	1323.0	208.6
268.71	298.75	228.67
369.71	344.67	388.5
181.29	130.5	249.0
11.16	11.79	10.53
99.14	116.29	41.96
350.71	165.0	490.0
345.33	518.33	172.33
172.83	150.67	195.0
1138.62	236.0	1680.2
428.67	432.33	425.0
203.04	59.18	298.95
405.0	521.0	312.2
17.53	17.03	17.9
142.67	182.67	102.67
227.13	284.67	183.97
252.14	253.67	251.0
6.93	8.58	6.17
230.35	203.5	254.22
353.86	272.67	414.75
156.5	191.67	121.33
301.98	228.57	448.8
1064.67	2015.33	114.0
294.99	362.75	204.63
2392.39	1838.0	2725.02
457.2	319.33	664.0
73.07	107.56	51.51
350.33	343.75	355.6
503.75	311.0	619.4
726.86	765.0	698.25
111.22	138.0	97.83
144.83	141.33	148.33
670.39	212.3	1013.95
1189.22	353.83	2860.0
147.58	118.58	182.38
372.57	317.43	427.71
325.67	328.3	323.04
51.07	44.63	57.5
187.59	115.92	273.6
1417.97	1511.33	1361.96
109.0	126.5	85.67
1173.58	2238.0	109.15
147.12	155.0	134.0
1650.3	3001.93	298.67
2330.14	2558.67	2158.75
63.9	47.7	72.0
360.22	613.0	158.0
150.1	49.25	217.33
237.08	283.0	191.16
332.89	252.0	373.33
449.83	478.33	421.33
349.0	329.25	368.75
2207.5	2958.33	1456.67
557.56	288.25	665.29
40.6	49.57	31.63
150.83	166.33	135.33
110.33	121.33	99.33
194.1	239.5	163.83
278.43	281.25	274.67
195.0	122.0	268.0
280.43	295.25	260.67
785.86	811.75	751.33
389.83	404.0	375.67
1312.75	2430.5	195.0
196.92	266.0	147.57
178.83	213.0	144.67
145.06	191.67	131.08
302.1	421.67	250.86
84.13	68.33	95.97
145.4	153.38	138.31
265.0	330.67	215.75
219.64	222.33	218.62
138.6	194.0	101.67
262.5	201.25	323.75
325.27	254.83	372.22
176.67	215.33	138.0
160.13	208.03	112.23
14.43	1.46	37.14
160.5	122.99	198.0
701.86	1246.0	293.75
188.85	140.6	217.8
174.54	111.68	205.97
139.19	224.45	75.24
389.33	346.0	432.67
120.92	41.33	168.68
206.44	99.0	229.46
487.33	550.33	235.33
151.08	146.29	157.8
154.72	139.2	167.65
182.12	204.66	165.22
499.44	329.75	635.2
186.71	169.33	190.72
80.01	146.75	26.62
377.47	371.19	400.5
169.17	273.67	64.67
291.86	368.0	234.75
155.0	186.0	124.0
510.13	745.0	275.27
179.88	186.33	176.0
91.16	79.13	124.85
220.58	227.5	217.12
1452.33	1222.33	1682.33
225.0	201.67	248.33
973.62	407.6	1185.88
197.0	128.33	248.5
3561.17	3824.0	3331.19
64.45	111.33	36.32
207.6	293.7	121.5
360.0	477.0	266.4
264.37	219.3	286.9
235.67	210.67	260.67
35.94	32.23	37.33
279.57	217.25	304.5
181.98	150.8	220.95
142.84	91.67	181.22
311.0	374.4	231.75
148.81	83.26	258.07
501.9	619.5	325.5
1036.0	286.0	2036.0
178.0	210.33	145.66
121.04	122.6	114.27
11.14	10.27	11.66
447.0	438.25	458.67
370.09	397.62	296.67
408.81	508.9	308.73
82.01	87.23	66.33
228.61	166.08	312.0
269.93	256.0	273.42
539.91	212.0	727.29
62.76	59.23	67.47
213.75	224.2	207.22
1345.92	1374.6	1326.8
329.31	342.0	321.38
389.38	257.33	468.6
597.83	337.67	858.0
84.72	77.6	86.86
123.39	114.67	129.93
270.87	184.33	322.8
93.36	32.57	138.95
33.93	14.53	48.47
148.15	138.89	160.88
267.33	264.33	270.33
229.72	222.08	245.0
167.35	173.97	165.7
5.61	9.83	2.44
111.02	44.72	150.8
162.92	162.0	163.2
124.58	86.41	178.0
56.71	69.4	46.56
1327.71	1597.5	968.0
258.1	201.14	391.0
136.33	174.0	98.67
79.99	107.43	63.52
156.93	146.4	162.78
138.97	166.64	76.7
507.95	614.0	401.91
152.25	130.16	174.33
227.38	150.77	304.0
146.83	99.0	194.67
150.83	195.0	139.78
116.83	133.0	104.7
65.18	46.3	84.07
190.47	224.27	156.67
20.66	23.63	18.43
380.33	387.67	373.0
296.36	132.29	460.43
243.29	317.67	187.5
172.88	361.67	116.24
251.75	288.33	229.8
62.23	45.27	74.95
336.33	404.6	251.0
413.8	241.33	487.71
120.82	119.2	121.41
73.77	101.99	59.66
34.87	48.18	25.37
243.81	146.93	316.48
304.0	393.67	250.2
121.24	169.5	97.11
148.83	273.0	124.0
